,CRN,ARRIVAL_TM,DISPATCH_TM,COUNTY,MUNICIPALITY,DEC_LAT,DEC_LONG,BICYCLE_DEATH_COUNT,BICYCLE_SUSP_SERIOUS_INJ_COUNT,BUS_COUNT,HEAVY_TRUCK_COUNT,SMALL_TRUCK_COUNT,SUV_COUNT,COLLISION_TYPE,CRASH_MONTH,CRASH_YEAR,DAY_OF_WEEK,HOUR_OF_DAY,ILLUMINATION,LOCATION_TYPE,ROAD_CONDITION,URBAN_RURAL,INTERSECT_TYPE,WEATHER1,WEATHER2,TCD_TYPE,TCD_FUNC_CD,AGGRESSIVE_DRIVING,ALCOHOL_RELATED,ANGLE_CRASH,CELL_PHONE,COMM_VEHICLE,DISTRACTED,DRINKING_DRIVER,DRUGGED_DRIVER,FATIGUE_ASLEEP,IMPAIRED_DRIVER,NHTSA_AGG_DRIVING,RUNNING_RED_LT,RUNNING_STOP_SIGN,SPEEDING_RELATED,TAILGATING,MATURE_DRIVER,YOUNG_DRIVER
0,2002011869,1524.0,1502.0,66,66404,40.1107,-77.0356,0,0,0,0,0,0,4,1,2002,6,15.0,1.0,0,1.0,1,0,3,  ,0,0.0,0,0,1,0,0,0,0,0,0,0,0,0,0,0,0,0,1
1,2002017753,1250.0,1247.0,19,19222,41.0106,-76.4159,0,0,0,0,0,0,4,3,2002,7,12.0,1.0,0,1.0,1,0,3,  ,0,0.0,0,0,1,0,0,0,0,0,0,0,0,0,0,0,0,0,0
2,2002017756,943.0,940.0,28,28401,39.9349,-77.6543,0,0,0,0,0,0,9,3,2002,2,9.0,1.0,0,1.0,1,1,3,  ,3,3.0,0,0,0,0,0,0,0,0,0,0,0,0,0,0,0,0,0
3,2002020124,1230.0,1230.0,2,2119,40.3526,-80.1687,0,0,0,0,0,0,4,3,2002,7,12.0,1.0,0,1.0,1,0,3,  ,0,0.0,0,0,1,0,0,0,0,0,0,0,0,0,0,0,0,0,0
4,2002022409,1845.0,1843.0,25,25302,,,0,0,0,0,0,0,2,2,2002,3,18.0,3.0,0,1.0,3,1,3,  ,2,3.0,0,0,0,0,0,0,0,0,0,0,0,0,0,0,0,0,0
5,2002024461,1905.0,1903.0,67,67301,,,0,0,0,0,0,0,2,2,2002,7,19.0,3.0,0,1.0,3,1,3,  ,2,3.0,1,0,0,0,0,0,0,0,0,0,0,0,0,0,0,0,0
6,2002030562,1546.0,1544.0,40,40401,41.2084,-75.9039,0,0,0,0,1,0,4,4,2002,5,15.0,1.0,0,1.0,3,2,3,  ,0,0.0,0,0,1,0,0,0,0,0,0,0,0,0,0,0,0,0,0
7,2002034523,1518.0,1514.0,28,28406,39.7518,-77.5705,0,0,0,0,0,0,4,3,2002,6,15.0,1.0,0,1.0,2,1,3,  ,2,3.0,0,0,1,0,0,0,0,0,0,0,0,0,0,0,0,1,0
8,2002042210,2113.0,2111.0,40,40304,,,0,0,0,0,0,0,4,4,2002,7,21.0,3.0,0,9.0,3,1,7,  ,2,3.0,0,1,1,0,0,0,0,0,0,0,0,0,0,0,0,0,0
9,2002043007,1406.0,1402.0,48,48409,40.6734,-75.4828,0,0,0,0,0,0,4,5,2002,7,14.0,1.0,0,1.0,3,2,3,  ,3,3.0,0,0,1,0,0,0,0,0,0,0,0,0,0,0,0,0,1
10,2002043896,1745.0,1740.0,36,36407,40.1512,-76.6067,0,0,0,0,1,0,4,4,2002,2,17.0,1.0,0,1.0,2,1,3,  ,3,3.0,0,0,1,0,0,0,0,0,0,0,0,0,0,0,0,0,0
11,2002046097,2030.0,2015.0,7,7301,,,0,0,0,0,0,0,5,4,2002,3,18.0,4.0,0,1.0,3,0,3,  ,0,0.0,0,0,0,0,0,0,0,0,0,0,0,0,0,0,0,0,0
12,2002047757,2113.0,2109.0,67,67301,39.954,-75.1767,0,0,0,0,0,0,4,1,2002,2,21.0,3.0,0,9.0,3,1,7,  ,2,2.0,0,0,1,0,0,0,0,0,0,0,0,0,0,0,0,0,0
13,2002047787,2013.0,2011.0,67,67301,39.9754,-75.1901,1,0,0,0,0,0,8,3,2002,5,20.0,3.0,0,1.0,3,1,3,  ,2,3.0,0,0,0,0,0,0,0,0,0,0,0,0,0,0,0,0,0
14,2002048606,1125.0,1122.0,60,60301,41.3977,-79.8304,0,0,0,0,0,0,5,1,2002,5,11.0,1.0,0,1.0,2,0,3,  ,0,0.0,0,0,0,0,0,0,0,0,0,0,0,0,0,0,0,0,0
15,2002049376,2203.0,2200.0,21,21103,40.2298,-76.9713,0,0,0,0,0,0,4,5,2002,5,22.0,3.0,0,1.0,3,2,3,  ,0,0.0,0,0,1,0,0,0,0,0,0,0,0,0,0,0,0,0,0
16,2002049479,2033.0,2033.0,67,67301,40.0419,-75.1059,0,0,0,0,0,0,4,1,2002,5,20.0,3.0,0,1.0,3,1,3,  ,3,3.0,0,0,1,0,0,0,0,0,0,0,0,0,0,0,0,0,0
17,2002049540,2001.0,1958.0,28,28401,,,0,0,0,0,0,0,4,6,2002,7,19.0,1.0,0,1.0,1,2,3,  ,0,0.0,0,0,1,0,0,0,0,0,0,0,0,0,0,0,0,0,1
18,2002049572,2306.0,2304.0,22,22301,,,0,0,0,0,0,0,4,6,2002,1,23.0,3.0,0,1.0,3,1,3,  ,0,0.0,0,1,1,0,0,0,0,0,0,0,0,0,0,0,0,0,0
19,2002049587,1319.0,1318.0,21,21402,,,0,0,0,0,0,0,1,6,2002,7,13.0,1.0,0,1.0,2,0,3,  ,0,0.0,0,0,0,0,0,1,0,0,0,0,0,0,0,0,0,0,0
20,2002049722,1636.0,1631.0,6,6404,40.2681,-75.8196,0,0,0,0,0,0,6,1,2002,3,16.0,1.0,0,1.0,3,2,3,  ,3,3.0,1,0,0,0,0,0,0,0,0,0,0,0,0,0,0,0,0
21,2002049879,1630.0,1628.0,40,40408,,,0,0,0,0,0,0,4,6,2002,7,16.0,1.0,0,1.0,3,0,3,  ,2,3.0,0,0,1,0,0,0,0,0,0,0,0,0,0,0,0,0,0
22,2002050078,1957.0,1955.0,45,45402,41.0048,-75.1831,0,0,0,0,0,0,4,5,2002,4,19.0,1.0,0,1.0,2,1,3,  ,3,3.0,0,0,1,0,0,0,0,0,0,0,0,0,0,0,0,0,0
23,2002050411,1439.0,1437.0,2,2478,40.4429,-79.8768,0,0,0,0,0,0,4,1,2002,2,14.0,1.0,0,1.0,3,1,3,  ,3,3.0,0,0,1,0,0,0,0,0,0,0,0,0,0,0,0,0,0
24,2002050447,1735.0,1729.0,67,67301,39.9979,-75.1043,0,0,0,0,0,0,4,2,2002,1,17.0,3.0,0,1.0,3,1,3,  ,2,3.0,0,0,1,0,0,0,0,0,0,0,0,0,0,0,0,0,0
25,2002050562,1516.0,1501.0,58,58206,,,0,0,0,0,0,0,1,4,2002,5,14.0,1.0,0,1.0,1,0,3,  ,0,0.0,0,0,0,0,0,0,0,0,0,0,0,0,0,0,0,0,1
26,2002050660,1950.0,1450.0,67,67301,40.0316,-75.0633,0,0,0,0,0,0,6,1,2002,4,19.0,3.0,0,9.0,3,5,7,  ,2,3.0,0,0,0,0,0,0,0,0,0,0,0,0,0,0,0,0,0
27,2002050689,1740.0,1730.0,67,67301,39.9708,-75.1541,0,0,0,0,0,0,4,1,2002,4,14.0,1.0,0,1.0,3,1,3,  ,2,3.0,0,0,1,0,0,0,0,0,0,0,0,0,0,0,0,1,0
28,2002050772,1551.0,1548.0,22,22301,,,0,0,0,0,1,0,4,6,2002,6,15.0,1.0,0,1.0,3,2,3,  ,0,0.0,0,0,1,0,0,0,0,0,0,0,0,0,0,0,0,0,0
29,2002050875,902.0,859.0,67,67301,39.9526,-75.1782,0,0,0,0,0,0,4,1,2002,4,8.0,1.0,7,1.0,3,0,3,  ,1,3.0,0,0,1,0,0,0,0,0,0,0,0,0,0,0,0,0,0
30,2002050991,917.0,913.0,67,67301,40.0011,-75.0972,0,0,0,0,1,0,8,1,2002,6,9.0,1.0,0,9.0,3,2,7,  ,3,3.0,1,0,0,0,0,0,0,0,0,0,0,0,0,0,0,0,0
31,2002051227,1345.0,1344.0,2,2108,,,0,0,0,0,0,0,5,2,2002,7,13.0,1.0,0,1.0,3,0,3,  ,0,0.0,0,0,0,0,0,0,0,0,0,0,0,0,0,0,0,0,0
32,2002051239,1644.0,1637.0,48,48301,40.6342,-75.348,0,0,0,0,0,0,1,2,2002,3,16.0,1.0,0,1.0,3,0,3,  ,0,0.0,0,0,0,0,0,0,0,0,0,0,0,0,0,0,0,0,0
33,2002051790,629.0,627.0,48,48301,40.6224,-75.382,0,0,0,0,0,0,2,2,2002,3,6.0,5.0,0,1.0,3,1,3,  ,2,3.0,0,0,0,0,0,1,0,0,0,0,0,0,0,0,0,1,0
34,2002051955,917.0,915.0,52,52402,41.7669,-78.0205,0,0,0,0,1,0,4,6,2002,4,9.0,1.0,0,1.0,1,1,3,  ,3,3.0,0,0,1,0,0,0,0,0,0,0,0,0,0,0,0,0,0
35,2002052207,845.0,845.0,67,67301,40.0159,-75.1538,0,0,0,0,0,0,4,1,2002,4,18.0,3.0,7,1.0,3,1,3,  ,9,9.0,0,0,1,0,0,0,0,0,0,0,0,0,0,0,0,0,0
36,2002052597,1329.0,1325.0,25,25302,,,0,0,0,0,0,0,4,2,2002,5,13.0,1.0,0,1.0,3,1,3,  ,2,3.0,1,0,1,0,0,0,0,0,0,0,0,0,0,0,0,0,0
37,2002052620,1602.0,1559.0,22,22202,40.2588,-76.6367,0,0,0,0,0,0,5,1,2002,2,15.0,1.0,0,1.0,3,0,3,  ,0,0.0,0,0,0,0,0,0,0,0,0,0,0,0,0,0,0,1,0
38,2002052861,1713.0,1711.0,35,35302,,,0,0,0,0,1,0,4,3,2002,5,17.0,1.0,0,1.0,3,1,3,  ,2,3.0,0,0,1,0,0,0,0,0,0,0,0,0,0,0,0,0,0
39,2002053050,1929.0,1926.0,2,2301,,,0,0,0,0,0,0,4,5,2002,1,18.0,1.0,0,1.0,3,1,3,  ,0,0.0,0,0,1,0,0,0,0,0,0,0,0,0,0,0,0,0,1
40,2002053175,1810.0,1807.0,25,25302,,,0,0,0,0,0,0,4,2,2002,6,18.0,4.0,0,1.0,3,1,3,  ,3,3.0,1,0,1,0,0,0,0,0,0,0,0,0,0,0,0,0,0
41,2002053209,1716.0,1713.0,36,36410,40.1619,-76.3928,0,0,0,0,0,0,4,1,2002,3,17.0,1.0,0,1.0,2,0,3,  ,2,3.0,0,0,1,0,0,0,0,0,0,0,0,0,0,0,0,0,0
42,2002053511,2202.0,2159.0,39,39301,,,0,0,0,0,0,0,5,1,2002,4,21.0,3.0,0,9.0,3,0,7,  ,0,0.0,0,0,0,0,0,0,0,0,0,0,0,0,0,0,0,0,1
43,2002053523,1939.0,1939.0,39,39301,40.6161,-75.4609,0,0,0,0,0,0,5,1,2002,3,15.0,1.0,0,1.0,3,0,3,  ,0,0.0,0,0,0,0,0,0,0,0,0,0,0,0,0,0,0,0,0
44,2002053590,1758.0,1758.0,21,21208,40.2238,-77.1825,0,0,0,0,0,0,4,1,2002,6,17.0,2.0,0,1.0,1,3,3,  ,0,0.0,1,0,1,0,0,0,0,0,0,0,0,0,0,0,0,0,0
45,2002053710,1551.0,1552.0,25,25210,42.1561,-79.9931,0,0,0,0,0,0,4,4,2002,6,15.0,1.0,0,1.0,1,1,3,  ,2,3.0,0,0,1,0,0,0,0,0,0,0,0,0,0,0,0,1,0
46,2002053810,1611.0,1611.0,2,2108,40.5872,-79.9994,0,1,0,0,0,0,4,2,2002,7,16.0,1.0,0,1.0,3,5,98,  ,0,0.0,1,0,1,0,0,0,0,0,0,0,0,0,0,0,0,0,0
47,2002053885,2010.0,2004.0,67,67301,39.9564,-75.2086,0,0,0,0,0,0,1,1,2002,5,19.0,3.0,0,1.0,3,0,99,  ,2,9.0,0,0,0,0,0,0,0,0,0,0,0,0,0,0,0,0,0
48,2002053895,1306.0,1306.0,67,67301,40.0274,-75.2265,0,0,0,0,0,0,4,2,2002,5,13.0,1.0,1,1.0,3,2,3,  ,0,0.0,1,0,1,0,0,0,0,0,0,0,0,0,0,0,0,0,0
49,2002053918,1632.0,1632.0,67,67301,40.0869,-74.972,0,0,0,0,0,0,6,2,2002,7,16.0,1.0,0,1.0,3,1,3,  ,2,3.0,0,0,0,0,0,1,0,0,0,0,0,0,0,0,0,0,0
50,2002053972,1643.0,1641.0,67,67301,40.1268,-75.0142,0,1,0,0,0,0,4,1,2002,4,16.0,4.0,0,9.0,3,2,7,05,0,0.0,0,0,1,0,0,0,0,0,0,0,0,0,0,0,0,0,0
51,2002054038,1845.0,1845.0,67,67301,39.9893,-75.1155,0,0,0,0,1,0,3,1,2002,7,18.0,4.0,0,6.0,3,1,3,  ,0,0.0,1,0,0,0,0,0,0,0,0,0,0,0,1,0,0,0,0
52,2002054052,1243.0,1232.0,67,67301,40.0091,-75.1499,0,0,0,0,0,0,4,1,2002,7,12.0,1.0,0,1.0,3,2,3,  ,0,0.0,0,0,1,0,0,0,0,0,0,0,0,0,0,0,0,0,0
53,2002054156,1118.0,1116.0,67,67301,40.0217,-75.1127,0,0,0,0,0,0,7,2,2002,2,9.0,1.0,7,1.0,3,10,3,  ,0,0.0,0,0,0,0,0,1,0,0,0,0,0,0,0,0,0,0,0
54,2002054257,1704.0,1701.0,20,20301,41.6393,-80.1522,0,0,0,0,0,0,4,1,2002,6,17.0,1.0,0,9.0,2,1,3,  ,3,3.0,0,0,1,0,0,0,0,0,0,0,0,0,0,0,0,0,0
55,2002054549,1811.0,1806.0,67,67301,40.078,-75.0862,0,0,0,0,0,0,4,1,2002,2,17.0,3.0,0,1.0,3,2,3,  ,3,3.0,0,0,1,0,0,0,0,0,0,0,0,0,0,0,0,1,0
56,2002055193,1419.0,1415.0,40,40211,41.1139,-75.852,0,0,0,0,0,0,4,2,2002,3,14.0,1.0,0,1.0,1,0,3,  ,0,0.0,0,0,1,0,0,0,0,0,0,0,0,0,0,0,0,0,0
57,2002055254,2320.0,2315.0,35,35302,41.4076,-75.6632,0,0,0,0,0,0,1,2,2002,6,6.0,3.0,0,1.0,3,0,3,  ,0,0.0,1,0,0,0,0,0,0,0,0,0,0,0,0,0,0,0,0
58,2002055429,1251.0,1249.0,15,15403,40.0,-75.7186,0,0,0,0,0,0,5,2,2002,2,12.0,1.0,0,9.0,3,2,10,  ,0,0.0,0,0,0,0,0,0,0,0,0,0,0,0,0,0,0,0,0
59,2002055601,1738.0,1736.0,41,41402,41.2424,-76.7231,0,0,0,0,0,0,8,2,2002,2,17.0,1.0,0,1.0,1,0,3,  ,3,3.0,0,0,0,0,0,0,0,0,0,0,0,0,0,0,0,0,0
60,2002055766,1124.0,1121.0,67,67301,39.9514,-75.1553,0,0,1,0,0,0,5,2,2002,5,11.0,1.0,0,1.0,3,0,3,  ,0,0.0,0,0,0,0,1,0,0,0,0,0,0,0,0,0,0,0,0
61,2002055889,652.0,648.0,28,28401,,,0,0,0,0,0,0,6,1,2002,5,6.0,5.0,0,9.0,1,2,3,  ,3,3.0,1,0,0,0,0,0,0,0,0,0,0,0,0,0,0,1,0
62,2002056048,1747.0,1744.0,46,46104,40.0088,-75.293,0,0,0,0,0,0,4,2,2002,6,17.0,3.0,0,9.0,3,2,3,  ,2,3.0,0,0,1,0,0,0,0,0,0,0,0,0,0,0,0,0,0
63,2002056053,1427.0,1425.0,17,17301,41.129,-78.7628,0,0,0,0,0,0,4,1,2002,5,14.0,1.0,0,1.0,2,0,3,  ,0,0.0,0,0,1,0,0,0,0,0,0,0,0,0,0,0,0,0,1
64,2002056074,1446.0,1433.0,2,2301,40.4281,-79.9709,0,0,0,0,0,0,1,3,2002,7,14.0,1.0,0,1.0,3,1,3,  ,2,3.0,0,0,0,0,0,0,0,0,0,0,0,0,0,0,0,0,0
65,2002056299,1727.0,1727.0,67,67301,,,0,0,0,0,0,0,4,1,2002,2,17.0,1.0,0,1.0,3,0,3,  ,0,0.0,0,0,1,0,0,0,0,0,0,0,0,0,0,0,0,0,0
66,2002056410,1321.0,1320.0,40,40401,41.2167,-75.9019,0,0,0,0,0,0,4,6,2002,6,12.0,1.0,0,1.0,3,1,3,  ,0,0.0,0,0,1,0,0,0,0,0,0,0,0,0,0,0,0,0,0
67,2002056429,1510.0,1507.0,23,23101,39.864,-75.4042,0,0,0,0,0,0,6,5,2002,5,15.0,1.0,0,1.0,3,2,3,  ,0,0.0,1,0,0,0,0,0,0,0,0,0,0,0,0,0,0,0,1
68,2002056459,1725.0,725.0,67,67301,39.926,-75.163,0,0,0,0,0,0,4,5,2002,5,17.0,1.0,0,1.0,3,2,3,  ,3,3.0,0,0,1,0,0,0,0,0,0,0,0,0,0,0,0,0,0
69,2002056567,1813.0,1812.0,8,8412,41.7654,-76.4444,0,0,0,0,0,0,4,2,2002,3,18.0,3.0,0,9.0,1,1,7,  ,3,3.0,0,0,1,0,0,0,0,0,0,0,0,0,0,0,0,0,0
70,2002056585,1639.0,1637.0,40,40304,41.2486,-75.8648,0,0,0,0,0,0,4,2,2002,4,16.0,1.0,0,1.0,3,2,3,  ,3,9.0,0,0,1,0,0,0,0,0,0,0,0,0,0,0,0,0,0
71,2002056587,1726.0,1723.0,40,40304,,,0,0,0,0,0,0,4,2,2002,1,17.0,1.0,0,1.0,3,2,3,  ,0,0.0,0,0,1,0,0,0,0,0,0,0,0,0,0,0,0,0,0
72,2002056596,256.0,254.0,40,40304,41.2481,-75.884,0,1,0,0,0,0,1,2,2002,7,2.0,3.0,3,1.0,3,0,3,  ,0,0.0,1,1,0,0,0,0,0,0,0,0,0,0,0,0,0,0,0
73,2002056670,2016.0,2016.0,64,64303,40.3278,-79.6169,0,0,0,0,0,0,5,3,2002,7,20.0,3.0,0,1.0,3,2,3,  ,3,9.0,0,0,0,0,0,0,0,0,0,0,0,0,0,0,0,0,0
74,2002056785,1735.0,1730.0,2,2301,40.4576,-79.9343,0,0,0,0,0,0,2,2,2002,5,17.0,1.0,0,9.0,3,3,7,  ,0,0.0,1,0,0,1,0,1,0,0,0,0,0,0,0,0,0,0,0
75,2002057002,1621.0,1621.0,46,46413,40.1119,-75.3371,0,0,0,0,0,0,8,3,2002,2,16.0,4.0,0,1.0,3,2,9,  ,2,3.0,0,0,0,0,0,0,0,0,0,0,0,0,0,0,0,0,0
76,2002057054,2141.0,2141.0,67,67301,39.9303,-75.1769,0,0,0,0,0,0,5,5,2002,6,21.0,3.0,0,1.0,3,0,3,  ,0,0.0,0,0,0,0,0,0,0,0,0,0,0,0,0,0,0,1,0
77,2002057212,1310.0,1250.0,23,23209,39.9484,-75.5071,0,0,0,0,0,0,4,4,2002,7,12.0,1.0,0,1.0,1,0,3,  ,0,0.0,0,0,1,0,0,0,0,0,0,0,0,0,0,0,0,0,0
78,2002057313,2239.0,2239.0,36,36301,40.0386,-76.3013,0,0,0,0,0,0,1,3,2002,7,22.0,3.0,0,9.0,3,0,3,  ,0,0.0,0,1,0,0,0,0,1,1,0,1,0,0,0,0,0,0,1
79,2002057934,1712.0,1710.0,48,48409,40.6906,-75.4973,0,1,0,0,0,0,4,5,2002,7,17.0,1.0,0,1.0,3,2,3,  ,0,0.0,0,0,1,0,0,0,0,0,0,0,0,0,0,0,0,0,0
80,2002058015,1510.0,1510.0,35,35302,41.4063,-75.6632,0,0,0,0,0,0,8,3,2002,4,15.0,1.0,7,9.0,3,0,7,  ,0,0.0,0,0,0,0,0,0,0,0,0,0,0,0,0,0,0,0,0
81,2002058376,1255.0,1251.0,64,64424,,,0,0,0,0,0,0,4,2,2002,7,12.0,1.0,0,1.0,2,2,3,  ,0,0.0,0,0,1,0,0,0,0,0,0,0,0,0,0,0,0,0,0
82,2002059576,858.0,854.0,22,22301,40.2621,-76.8733,0,0,0,0,0,0,4,7,2002,3,8.0,1.0,0,9.0,3,0,3,  ,0,0.0,0,0,1,0,0,0,0,0,0,0,0,0,0,0,0,0,0
83,2002060471,1320.0,1310.0,46,46102,40.1041,-75.1644,0,0,0,0,0,0,4,7,2002,7,13.0,1.0,0,1.0,3,1,3,  ,2,3.0,1,0,1,0,0,0,0,0,0,0,0,0,0,0,0,0,0
84,2002060785,1709.0,1705.0,22,22301,40.2615,-76.8861,0,0,0,0,0,0,4,7,2002,6,17.0,1.0,0,1.0,3,0,3,  ,0,0.0,0,0,1,0,0,0,0,0,0,0,0,0,0,0,0,0,0
85,2002061046,1438.0,1431.0,21,21208,40.2265,-77.2168,0,1,0,0,0,0,4,6,2002,3,14.0,1.0,0,1.0,1,2,3,  ,3,3.0,0,0,1,0,0,0,0,0,0,0,0,0,0,0,0,0,0
86,2002061073,1403.0,1358.0,67,67301,40.0521,-75.0678,0,0,0,0,0,0,4,5,2002,7,13.0,1.0,0,1.0,3,1,3,  ,2,3.0,0,1,1,0,0,0,1,0,0,1,0,0,0,0,0,0,0
87,2002061085,1430.0,1430.0,36,36238,40.1257,-76.2074,0,0,0,0,1,0,4,7,2002,6,9.0,1.0,0,1.0,3,0,3,  ,0,0.0,0,0,1,0,0,0,0,0,0,0,0,0,0,0,0,0,0
88,2002061138,1650.0,1650.0,36,36101,40.0858,-76.3069,0,0,0,0,0,0,2,3,2002,4,16.0,1.0,0,1.0,3,2,3,  ,3,3.0,0,0,0,0,0,0,0,0,0,0,0,0,0,0,0,0,0
89,2002061389,2019.0,2014.0,22,22301,,,0,0,0,0,0,0,4,7,2002,7,20.0,1.0,0,1.0,3,1,3,  ,3,3.0,0,0,1,0,0,0,0,0,0,0,0,0,0,0,0,0,0
90,2002061399,1558.0,1555.0,21,21401,40.24,-76.9139,0,0,0,0,0,0,4,7,2002,4,15.0,1.0,0,1.0,3,2,3,  ,0,0.0,0,0,1,0,0,0,0,0,0,0,0,0,0,0,0,1,0
91,2002061510,1622.0,1616.0,67,67301,40.0121,-75.1622,1,0,0,0,0,0,4,4,2002,7,16.0,1.0,0,1.0,3,0,3,  ,0,0.0,0,0,1,0,0,0,0,0,0,0,0,0,0,0,0,0,1
92,2002061595,1956.0,1947.0,40,40214,,,0,0,0,0,0,0,4,4,2002,4,17.0,1.0,0,1.0,1,1,3,  ,3,3.0,0,0,1,0,0,0,0,0,0,0,0,0,0,0,0,0,1
93,2002061841,742.0,740.0,15,15225,39.7813,-75.7649,0,0,0,0,0,0,4,8,2002,4,7.0,1.0,0,1.0,1,2,3,  ,3,3.0,0,0,1,0,0,0,0,0,0,0,0,0,0,0,0,0,0
94,2002061938,1425.0,1358.0,29,29203,39.8372,-78.2217,0,0,0,0,0,0,2,5,2002,2,12.0,1.0,0,1.0,1,0,3,  ,0,0.0,0,1,0,0,0,0,1,0,0,1,0,0,0,0,0,0,1
95,2002061985,1513.0,1507.0,36,36238,40.1147,-76.2117,0,0,0,0,0,0,4,8,2002,7,15.0,1.0,0,1.0,3,0,3,  ,0,0.0,0,0,1,0,0,0,0,0,0,0,0,0,0,0,0,0,0
96,2002062135,2004.0,2004.0,28,28401,,,0,0,0,0,0,0,4,8,2002,7,19.0,3.0,0,9.0,1,1,3,  ,0,0.0,0,0,1,0,0,0,0,0,0,0,0,0,0,0,0,0,0
97,2002062147,1625.0,1622.0,21,21402,40.2086,-77.1955,0,0,0,0,0,0,4,8,2002,5,16.0,1.0,0,1.0,2,1,3,  ,3,3.0,0,0,1,0,0,1,0,0,0,0,0,0,0,0,0,0,0
98,2002062157,1330.0,1325.0,21,21401,,,0,0,0,0,0,0,5,8,2002,3,13.0,1.0,0,1.0,3,0,3,  ,0,0.0,0,0,0,0,0,1,0,0,0,0,0,0,0,0,0,0,0
99,2002062285,2345.0,2249.0,49,49217,40.8836,-76.7878,0,0,0,0,0,0,4,5,2002,4,19.0,1.0,0,1.0,1,2,3,  ,0,0.0,0,0,1,0,0,0,0,0,0,0,0,0,0,0,0,0,0
100,2002062950,1809.0,1803.0,64,64209,40.3025,-79.5169,0,0,0,0,0,0,4,2,2002,6,18.0,4.0,0,1.0,3,0,3,  ,0,0.0,0,0,1,0,0,0,0,0,0,0,0,0,0,0,0,1,0
101,2002063124,11.0,9.0,67,67301,39.954,-75.1893,1,0,0,0,0,0,5,2,2002,3,0.0,3.0,0,1.0,3,0,3,  ,0,0.0,0,0,0,0,0,0,0,0,0,0,0,0,0,0,0,0,0
102,2002063306,1335.0,1335.0,14,14204,40.7846,-77.8295,0,0,0,0,0,0,4,6,2002,4,13.0,1.0,0,1.0,3,1,3,  ,2,3.0,0,0,1,0,0,0,0,0,0,0,0,0,0,0,0,0,1
103,2002063386,2110.0,2108.0,35,35402,41.4797,-75.5888,0,0,0,0,0,0,4,6,2002,6,21.0,3.0,0,1.0,3,1,3,  ,0,0.0,1,0,1,0,0,1,0,0,0,0,0,0,0,0,0,0,1
104,2002063414,1830.0,1825.0,67,67301,39.9334,-75.1913,0,0,0,0,0,0,4,7,2002,1,18.0,1.0,0,1.0,3,0,3,  ,0,0.0,0,0,1,1,0,1,0,0,0,0,0,0,0,0,0,0,0
105,2002063451,1736.0,1728.0,22,22202,40.233,-76.7138,0,0,0,0,0,0,6,7,2002,7,17.0,1.0,0,1.0,3,2,3,  ,3,3.0,0,1,0,0,0,0,0,0,0,0,0,0,0,0,0,0,1
106,2002063465,1631.0,1627.0,67,67301,39.9223,-75.1534,0,0,0,0,0,0,4,7,2002,6,16.0,1.0,0,1.0,3,1,3,  ,2,3.0,0,0,1,0,0,0,0,0,0,0,0,0,0,0,0,0,1
107,2002063546,1612.0,1606.0,48,48210,40.554,-75.3365,0,0,0,0,0,0,5,7,2002,5,16.0,1.0,0,1.0,1,0,3,  ,0,0.0,0,0,0,0,0,0,0,0,0,0,0,0,0,0,0,0,0
108,2002063734,1308.0,1302.0,25,25210,,,0,0,0,0,0,0,2,6,2002,5,13.0,1.0,0,1.0,1,2,3,  ,3,2.0,0,0,0,0,0,0,0,0,0,0,0,0,0,0,0,0,0
109,2002063738,1710.0,1704.0,60,60206,41.3715,-79.677,0,0,0,0,1,0,2,6,2002,3,17.0,1.0,0,9.0,1,2,3,  ,3,3.0,0,0,0,0,0,0,0,0,0,0,0,0,0,0,0,0,0
110,2002064216,731.0,729.0,6,6418,40.3044,-75.9659,0,0,0,0,0,0,4,9,2002,5,7.0,1.0,0,1.0,3,1,3,  ,2,3.0,1,0,1,0,0,0,0,0,0,0,0,0,0,0,0,0,1
111,2002064464,2047.0,2040.0,22,22301,40.2835,-76.8926,0,0,0,0,0,0,4,9,2002,5,20.0,3.0,0,1.0,3,1,3,  ,0,0.0,0,0,1,0,0,0,0,0,0,0,0,0,0,0,0,0,0
112,2002064471,1729.0,1729.0,21,21402,,,0,0,0,0,0,0,4,9,2002,7,17.0,1.0,0,1.0,2,0,3,  ,0,0.0,0,0,1,0,0,0,0,0,0,0,0,0,0,0,0,0,0
113,2002064865,1714.0,1712.0,7,7301,,,0,0,0,0,1,0,4,8,2002,3,17.0,1.0,0,9.0,3,1,3,  ,3,3.0,0,0,1,0,0,0,0,0,0,0,0,0,0,0,0,0,0
114,2002065209,2152.0,2150.0,25,25302,,,0,0,0,0,0,0,4,9,2002,3,21.0,3.0,0,1.0,3,1,3,  ,3,3.0,0,0,1,0,0,0,0,0,0,0,0,0,0,0,0,0,0
115,2002065210,1528.0,1517.0,25,25302,,,0,0,0,0,1,0,4,9,2002,3,15.0,1.0,0,1.0,3,2,3,  ,0,0.0,0,0,1,0,0,0,0,0,0,0,0,0,0,0,0,0,0
116,2002065361,2120.0,2115.0,36,36407,40.1547,-76.6081,0,1,0,0,0,0,2,8,2002,5,21.0,2.0,0,1.0,2,0,3,  ,0,0.0,0,1,0,0,0,0,0,0,0,0,0,0,0,0,0,0,1
117,2002065393,1525.0,1515.0,67,67301,40.0988,-74.9844,0,0,0,0,0,0,4,8,2002,2,14.0,1.0,0,1.0,3,0,3,  ,0,0.0,0,0,1,0,0,0,0,0,0,0,0,0,0,0,0,0,0
118,2002065480,1910.0,1903.0,21,21402,40.2054,-77.1885,0,0,0,0,0,0,9,9,2002,3,19.0,6.0,99,1.0,2,10,3,  ,0,0.0,0,0,0,0,0,0,0,0,0,0,0,0,0,0,0,0,0