,CRN,ARRIVAL_TM,DISPATCH_TM,COUNTY,MUNICIPALITY,DEC_LAT,DEC_LONG,BICYCLE_DEATH_COUNT,BICYCLE_SUSP_SERIOUS_INJ_COUNT,BUS_COUNT,HEAVY_TRUCK_COUNT,SMALL_TRUCK_COUNT,SUV_COUNT,COLLISION_TYPE,CRASH_MONTH,CRASH_YEAR,DAY_OF_WEEK,HOUR_OF_DAY,ILLUMINATION,LOCATION_TYPE,ROAD_CONDITION,URBAN_RURAL,INTERSECT_TYPE,WEATHER1,WEATHER2,TCD_TYPE,TCD_FUNC_CD,AGGRESSIVE_DRIVING,ALCOHOL_RELATED,ANGLE_CRASH,CELL_PHONE,COMM_VEHICLE,DISTRACTED,DRINKING_DRIVER,DRUGGED_DRIVER,FATIGUE_ASLEEP,IMPAIRED_DRIVER,NHTSA_AGG_DRIVING,RUNNING_RED_LT,RUNNING_STOP_SIGN,SPEEDING_RELATED,TAILGATING,MATURE_DRIVER,YOUNG_DRIVER
239,2002212337,9999.0,9999.0,39,39209,,,0,0,0,0,1,0,4,4,2002,7,13.0,1.0,0,1.0,1,2,3,  ,3,3.0,1,0,1,0,0,0,0,0,0,0,0,0,0,0,0,0,0
240,2002212377,9999.0,9999.0,46,46110,40.1483,-75.1259,0,0,0,0,0,0,4,4,2002,7,21.0,3.0,0,1.0,3,1,3,  ,3,3.0,1,0,1,0,0,0,0,0,0,0,0,0,0,0,0,0,0
241,2002212379,9999.0,9999.0,2,2219,,,0,0,0,0,0,0,1,4,2002,3,20.0,2.0,0,1.0,3,0,3,  ,0,0.0,0,0,0,0,0,0,0,0,0,0,0,0,0,0,0,0,0
242,2002212418,9999.0,9999.0,36,36223,39.9843,-76.366,0,0,0,0,0,0,1,4,2002,7,13.0,1.0,0,1.0,1,0,3,  ,0,0.0,0,0,0,0,0,0,0,0,0,0,0,0,0,0,0,0,0
243,2002212481,9999.0,9999.0,6,6301,40.3415,-75.9277,0,0,0,0,0,0,4,4,2002,4,7.0,1.0,0,1.0,3,1,3,  ,3,3.0,0,0,1,0,0,0,0,0,0,0,0,0,0,0,0,0,0
244,2002212603,9999.0,9999.0,2,2473,,,0,0,0,0,0,0,4,3,2002,7,16.0,1.0,0,1.0,3,1,3,  ,0,0.0,0,0,1,0,0,0,0,0,0,0,0,0,0,0,0,0,0
245,2002212627,9999.0,9999.0,38,38301,,,0,0,0,0,0,0,4,3,2002,1,20.0,3.0,0,1.0,2,1,3,  ,3,3.0,0,0,1,0,0,0,0,0,0,0,0,0,0,0,0,0,0
246,2002212714,9999.0,9999.0,66,66301,,,0,0,0,0,0,0,4,4,2002,5,17.0,1.0,0,1.0,3,0,3,  ,0,0.0,0,0,1,0,0,0,0,0,0,0,0,0,0,0,0,0,0
247,2002212837,9999.0,9999.0,23,23108,39.9169,-75.3334,0,0,0,0,0,0,4,4,2002,5,17.0,1.0,0,1.0,3,1,3,  ,2,3.0,0,0,1,0,0,0,0,0,0,0,0,0,0,0,0,0,1
248,2002212935,9999.0,9999.0,39,39406,40.6053,-75.3906,0,0,0,0,0,0,4,4,2002,3,14.0,1.0,0,1.0,3,1,3,  ,0,0.0,0,0,1,0,0,0,0,0,0,0,0,0,0,0,0,0,1
249,2002212936,9999.0,9999.0,48,48101,40.6681,-75.3325,0,0,0,0,0,0,4,4,2002,4,8.0,1.0,0,1.0,3,1,3,  ,3,3.0,0,0,1,0,0,0,0,0,0,0,0,0,0,0,0,1,0
250,2002212974,9999.0,9999.0,39,39209,40.5479,-75.6059,0,0,0,0,0,0,4,4,2002,2,17.0,1.0,0,1.0,1,1,3,  ,2,3.0,0,0,1,0,0,0,0,0,0,0,0,0,0,0,0,0,0
251,2002213026,9999.0,9999.0,46,46408,40.1677,-75.1035,0,0,0,0,0,0,4,4,2002,4,17.0,1.0,0,1.0,3,2,3,  ,3,3.0,0,0,1,0,0,0,0,0,0,0,0,0,0,0,0,0,0
252,2002213102,9999.0,9999.0,6,6414,40.2841,-75.9837,0,0,0,1,0,0,4,4,2002,6,14.0,1.0,0,1.0,3,1,3,  ,3,3.0,0,0,1,0,0,0,0,0,0,0,0,0,0,0,0,0,0
253,2002213151,9999.0,9999.0,64,64305,,,0,0,0,0,1,0,4,4,2002,1,14.0,1.0,0,1.0,3,1,3,  ,3,3.0,1,0,1,0,0,0,0,0,0,0,0,0,0,0,0,0,0
254,2002213237,9999.0,9999.0,46,46416,,,0,0,0,0,0,0,4,5,2002,7,18.0,1.0,0,1.0,2,1,3,  ,0,0.0,0,0,1,0,0,0,0,0,0,0,0,0,0,0,0,0,0
255,2002213473,9999.0,9999.0,46,46224,40.0917,-75.26,0,0,0,0,0,0,4,4,2002,6,19.0,1.0,0,9.0,3,2,3,  ,3,3.0,0,0,1,0,0,0,0,0,0,0,0,0,0,0,0,0,0
256,2002213645,9999.0,9999.0,15,15214,,,0,0,0,0,0,0,4,5,2002,5,8.0,1.0,7,1.0,3,0,3,  ,0,0.0,1,0,1,0,0,0,0,0,0,0,0,0,0,0,0,0,0
257,2002213664,9999.0,9999.0,66,66301,39.9583,-76.7255,0,0,0,0,1,0,4,5,2002,3,16.0,1.0,0,1.0,3,1,3,  ,2,3.0,0,0,1,0,0,0,0,0,0,0,0,0,0,0,0,0,0
258,2002213964,9999.0,9999.0,66,66301,39.9554,-76.7349,0,0,0,0,0,0,4,5,2002,5,13.0,1.0,0,9.0,3,1,3,  ,2,3.0,0,0,1,0,0,0,0,0,0,0,0,0,0,0,0,0,0
259,2002214772,9999.0,9999.0,39,39103,40.6164,-75.5241,0,0,0,0,0,0,4,3,2002,7,14.0,1.0,0,1.0,1,2,3,  ,3,3.0,0,0,1,0,0,0,0,0,0,0,0,0,0,0,0,1,0
260,2002214884,9999.0,9999.0,6,6237,,,0,0,0,0,0,0,4,5,2002,6,20.0,4.0,0,1.0,3,0,3,  ,0,0.0,0,0,1,0,0,0,0,0,0,0,0,0,0,0,0,0,0
261,2002215012,9999.0,9999.0,64,64433,40.2103,-79.7799,0,0,0,0,0,0,4,5,2002,2,19.0,1.0,0,1.0,3,2,3,  ,3,3.0,0,0,1,0,0,0,0,0,0,0,0,0,0,0,0,0,0
262,2002215042,9999.0,9999.0,15,15214,40.0273,-75.5537,0,0,0,0,0,0,4,5,2002,5,18.0,1.0,7,1.0,3,0,3,  ,0,0.0,1,0,1,0,0,0,0,0,0,0,0,0,0,0,0,0,0
263,2002215078,9999.0,9999.0,15,15301,,,0,1,0,0,0,0,4,5,2002,4,11.0,1.0,7,1.0,3,0,3,  ,0,0.0,1,0,1,0,0,0,0,0,0,0,0,0,0,0,0,1,0
264,2002215234,9999.0,9999.0,9,9101,,,0,0,0,0,0,0,4,6,2002,6,17.0,1.0,0,1.0,3,0,3,  ,0,0.0,0,0,1,0,0,0,0,0,0,0,0,0,0,0,0,0,0
265,2002215240,9999.0,9999.0,9,9101,,,0,0,0,0,0,0,5,6,2002,7,19.0,1.0,0,1.0,3,0,3,  ,0,0.0,0,0,0,0,0,0,0,0,0,0,0,0,0,0,0,0,0
266,2002215264,9999.0,9999.0,48,48302,,,0,0,0,0,0,0,4,6,2002,3,18.0,1.0,0,1.0,3,1,3,  ,3,3.0,0,0,1,0,0,0,0,0,0,0,0,0,0,0,0,0,0
267,2002215298,9999.0,9999.0,34,34403,40.5297,-77.3951,0,0,0,0,0,0,4,6,2002,1,14.0,1.0,7,1.0,1,2,3,  ,3,3.0,0,1,1,0,0,0,1,0,0,1,0,0,0,0,0,0,0
268,2002215405,9999.0,9999.0,15,15256,40.0484,-75.4982,0,0,0,0,0,0,4,5,2002,1,11.0,1.0,0,1.0,1,2,3,  ,3,3.0,1,0,1,0,0,0,0,0,0,0,0,0,0,0,0,0,0
269,2002215417,9999.0,9999.0,13,13406,40.8331,-75.717,0,1,0,0,0,0,4,5,2002,4,15.0,1.0,0,1.0,2,1,3,  ,3,3.0,0,0,1,0,0,0,0,0,0,0,0,0,0,0,0,0,0
270,2002215445,9999.0,9999.0,11,11301,,,0,0,0,0,0,0,4,5,2002,5,16.0,1.0,7,1.0,3,0,3,  ,0,0.0,0,0,1,0,0,0,0,0,0,0,0,0,0,0,0,0,0
271,2002215560,9999.0,9999.0,1,1218,39.9818,-77.0331,0,0,0,0,0,1,4,6,2002,6,15.0,1.0,0,1.0,1,1,3,  ,3,3.0,0,0,1,0,0,0,0,0,0,0,0,0,0,0,0,0,0
272,2002215613,9999.0,9999.0,46,46201,40.3272,-75.6226,0,0,0,0,0,0,4,5,2002,3,18.0,1.0,2,1.0,1,1,3,  ,2,3.0,1,0,1,0,0,0,0,0,0,0,0,0,0,0,0,0,0
273,2002215636,9999.0,9999.0,45,45402,41.0,-75.1803,0,0,0,0,0,0,4,5,2002,6,12.0,1.0,0,1.0,2,2,3,  ,3,3.0,0,0,1,0,0,0,0,0,0,0,0,0,0,0,0,0,0
274,2002215645,9999.0,9999.0,35,35411,41.3376,-75.5281,0,0,0,0,0,0,4,5,2002,6,16.0,1.0,0,9.0,1,0,7,  ,0,0.0,0,0,1,0,0,0,0,0,0,0,0,0,0,0,0,1,0
275,2002215726,9999.0,9999.0,46,46411,,,0,0,0,0,0,0,4,5,2002,3,17.0,1.0,0,1.0,3,2,3,  ,3,3.0,0,0,1,0,0,0,0,0,0,0,0,0,0,0,0,1,0
276,2002215734,9999.0,9999.0,46,46203,40.3032,-75.3548,0,0,0,0,0,0,1,5,2002,7,10.0,1.0,0,1.0,1,2,3,  ,3,3.0,1,0,0,0,0,0,0,0,0,0,0,0,0,0,1,1,0
277,2002215819,9999.0,9999.0,39,39204,40.4981,-75.4331,0,0,0,0,0,0,4,5,2002,5,6.0,1.0,0,1.0,1,2,3,  ,3,3.0,0,0,1,0,0,0,0,0,0,0,0,0,0,0,0,0,0
278,2002215867,9999.0,9999.0,20,20302,41.6289,-79.6734,0,0,0,0,0,0,4,5,2002,4,15.0,1.0,0,1.0,2,2,3,  ,0,0.0,0,0,1,0,0,0,0,0,0,0,0,0,0,0,0,1,0
279,2002215884,9999.0,9999.0,6,6102,,,0,0,0,0,0,1,4,6,2002,3,16.0,1.0,0,9.0,3,1,7,  ,3,3.0,0,0,1,0,0,0,0,0,0,0,0,0,0,0,0,0,0
280,2002216037,9999.0,9999.0,46,46109,40.1494,-75.1814,0,0,0,0,1,0,4,6,2002,2,9.0,1.0,0,1.0,3,2,3,  ,3,3.0,1,0,1,0,0,0,0,0,0,0,0,0,0,0,0,0,0
281,2002216061,9999.0,9999.0,2,2202,,,0,0,0,0,0,0,1,6,2002,4,15.0,1.0,0,1.0,1,0,3,  ,0,0.0,0,0,0,0,0,0,0,0,0,0,0,0,0,0,0,0,0
282,2002216087,9999.0,9999.0,10,10101,,,0,0,0,0,0,0,4,6,2002,4,16.0,1.0,7,1.0,2,0,3,  ,0,0.0,0,0,1,0,0,0,0,0,0,0,0,0,0,0,0,0,0
283,2002216093,9999.0,9999.0,11,11301,40.2995,-78.9118,0,0,0,0,0,1,4,6,2002,5,10.0,1.0,7,9.0,3,0,7,  ,0,0.0,1,0,1,0,0,0,0,0,0,0,0,0,0,0,0,0,0
284,2002216144,9999.0,9999.0,66,66413,39.8153,-76.9761,0,0,0,0,1,0,4,4,2002,4,8.0,1.0,0,1.0,2,1,3,  ,2,3.0,0,0,1,0,0,0,0,0,0,0,0,0,0,0,0,0,0
285,2002216264,9999.0,9999.0,46,46416,40.2461,-75.6188,0,0,0,0,0,0,4,5,2002,4,17.0,1.0,0,1.0,2,1,3,  ,3,3.0,0,0,1,0,0,0,0,0,0,0,0,0,0,0,0,0,0
286,2002216303,9999.0,9999.0,46,46413,,,0,0,0,0,0,0,6,5,2002,7,16.0,1.0,0,1.0,3,0,3,  ,0,0.0,0,0,0,0,0,0,0,0,0,0,0,0,0,0,0,0,0
287,2002216317,9999.0,9999.0,4,4423,,,0,0,0,0,0,0,4,6,2002,5,20.0,4.0,0,1.0,3,1,3,  ,3,3.0,0,0,1,0,0,0,0,0,0,0,0,0,0,0,0,0,1
288,2002216342,9999.0,9999.0,23,23427,39.9347,-75.2574,0,0,0,0,0,0,4,5,2002,3,17.0,1.0,0,1.0,3,2,3,  ,3,3.0,0,0,1,0,0,0,0,0,0,0,0,0,0,0,0,0,0
289,2002216369,9999.0,9999.0,46,46105,40.154,-75.052,0,0,0,0,0,1,4,6,2002,3,15.0,1.0,0,1.0,3,1,3,  ,3,3.0,1,0,1,0,0,0,0,0,0,0,0,0,0,0,0,0,0
290,2002216392,9999.0,9999.0,26,26301,,,0,0,0,0,0,0,4,5,2002,3,17.0,1.0,7,1.0,2,0,3,  ,0,0.0,0,0,1,0,0,0,0,0,0,0,0,0,0,0,0,0,0
291,2002216487,9999.0,9999.0,36,36223,,,0,0,0,0,0,0,4,6,2002,3,16.0,1.0,0,1.0,1,1,3,  ,3,3.0,0,0,1,0,0,0,0,0,0,0,0,0,0,0,0,0,0
292,2002216566,9999.0,9999.0,66,66301,39.9804,-76.7446,0,0,0,0,0,0,4,5,2002,6,17.0,1.0,0,1.0,3,2,3,  ,3,3.0,1,0,1,0,0,0,0,0,0,0,0,0,0,0,0,0,1
293,2002216594,9999.0,9999.0,66,66412,40.0041,-76.6056,0,0,0,0,1,0,4,5,2002,4,19.0,1.0,0,1.0,3,1,3,  ,3,3.0,0,0,1,0,0,0,0,0,0,0,0,0,0,0,0,1,0
294,2002216605,9999.0,9999.0,48,48302,,,0,0,0,0,0,0,4,6,2002,3,16.0,1.0,0,1.0,3,1,3,  ,3,3.0,0,0,1,0,0,0,0,0,0,0,0,0,0,0,0,0,0
295,2002216663,9999.0,9999.0,44,44403,40.5995,-77.5666,0,1,0,0,0,0,4,5,2002,4,18.0,1.0,0,1.0,2,1,3,  ,3,3.0,0,0,1,0,0,0,0,0,0,0,0,0,0,0,0,0,0
296,2002216675,9999.0,9999.0,23,23301,,,0,1,0,0,0,0,4,6,2002,5,14.0,1.0,7,1.0,3,0,3,  ,0,0.0,0,0,1,0,0,0,0,0,0,0,0,0,0,0,0,0,0
297,2002216764,9999.0,9999.0,43,43404,,,0,0,0,0,0,0,2,6,2002,5,11.0,1.0,0,1.0,2,0,3,  ,0,0.0,0,0,0,0,0,0,0,0,0,0,0,0,0,0,0,0,0
298,2002216850,9999.0,9999.0,15,15411,40.1298,-75.5248,0,0,0,0,0,0,4,5,2002,6,15.0,1.0,0,1.0,3,1,3,  ,3,3.0,0,0,1,0,0,0,0,0,0,0,0,0,0,0,0,0,0
299,2002216920,9999.0,9999.0,23,23301,,,0,1,0,0,0,0,4,6,2002,2,14.0,1.0,0,1.0,3,1,3,  ,2,3.0,0,0,1,0,0,0,0,0,0,0,0,0,0,0,0,0,0
300,2002216966,9999.0,9999.0,46,46110,40.1653,-75.1107,0,0,0,0,0,0,4,6,2002,2,12.0,1.0,0,1.0,3,2,3,  ,3,3.0,0,0,1,0,0,0,0,0,0,0,0,0,0,0,0,0,0
301,2002217120,9999.0,9999.0,37,37301,41.0086,-80.3417,0,0,0,0,0,0,4,5,2002,1,11.0,1.0,0,1.0,2,2,3,  ,3,3.0,0,0,1,0,0,0,0,0,0,0,0,0,0,0,0,1,0
302,2002217194,9999.0,9999.0,38,38301,40.3492,-76.4204,0,0,0,0,0,1,4,5,2002,5,10.0,1.0,0,1.0,2,2,3,  ,0,0.0,0,0,1,0,0,0,0,0,0,0,0,0,0,0,0,0,0
303,2002217221,9999.0,9999.0,35,35404,,,0,0,0,0,0,0,4,5,2002,3,19.0,1.0,7,1.0,3,0,3,  ,0,0.0,1,0,1,0,0,0,0,0,0,0,0,0,0,0,0,1,0
304,2002217244,9999.0,9999.0,19,19222,41.0399,-76.4239,0,0,0,0,1,0,1,6,2002,5,13.0,1.0,0,1.0,1,0,3,  ,0,0.0,0,0,0,0,0,0,0,0,0,0,0,0,0,0,0,1,0
305,2002217297,9999.0,9999.0,6,6214,,,0,0,0,0,1,0,4,6,2002,4,19.0,1.0,0,1.0,3,2,3,  ,3,3.0,0,0,1,0,0,0,0,0,0,0,0,0,0,0,0,0,0
306,2002217378,9999.0,9999.0,9,9101,40.0941,-74.9062,0,0,0,0,0,0,4,6,2002,4,17.0,1.0,7,9.0,3,2,7,  ,2,3.0,0,0,1,0,0,0,0,0,0,0,0,0,0,0,0,0,0
307,2002217442,9999.0,9999.0,23,23208,39.9866,-75.3988,0,0,0,0,0,0,4,6,2002,6,13.0,1.0,7,1.0,3,0,3,  ,0,0.0,1,0,1,0,0,0,0,0,0,0,0,0,0,0,0,0,0
308,2002217473,9999.0,9999.0,9,9202,40.1152,-74.9579,0,0,0,0,0,1,4,6,2002,2,11.0,1.0,7,1.0,3,2,3,  ,2,3.0,0,0,1,0,0,0,0,0,0,0,0,0,0,0,0,0,0
309,2002217482,9999.0,9999.0,9,9215,,,0,0,0,0,0,0,4,6,2002,3,19.0,1.0,7,9.0,1,0,3,  ,0,0.0,1,0,1,0,0,0,0,0,0,0,0,0,0,0,0,0,1
310,2002217514,9999.0,9999.0,2,2219,40.288,-80.0111,0,0,0,0,0,0,1,6,2002,6,13.0,1.0,0,1.0,3,2,3,  ,3,3.0,0,0,0,0,0,0,0,0,0,0,0,0,0,0,0,1,0
311,2002217530,9999.0,9999.0,23,23301,39.8356,-75.385,0,0,0,0,1,0,4,6,2002,5,16.0,1.0,0,1.0,3,1,3,  ,0,0.0,0,0,1,0,0,0,0,0,0,0,0,0,0,0,0,0,0
312,2002217565,9999.0,9999.0,64,64306,40.5856,-79.7103,0,0,0,0,0,0,1,6,2002,6,13.0,1.0,0,1.0,3,0,3,  ,0,0.0,1,0,0,0,0,0,0,0,0,0,0,0,0,0,0,0,0
313,2002217629,9999.0,9999.0,48,48212,,,0,1,0,0,0,0,1,6,2002,6,14.0,1.0,0,1.0,3,0,3,  ,0,0.0,0,0,0,0,0,0,0,0,0,0,0,0,0,0,0,0,0
314,2002217647,9999.0,9999.0,23,23411,39.9054,-75.2914,0,0,0,0,0,0,4,6,2002,2,14.0,1.0,7,1.0,3,0,3,  ,0,0.0,0,0,1,0,0,0,0,0,0,0,0,0,0,0,0,1,0
315,2002217649,9999.0,9999.0,23,23411,39.9061,-75.2899,0,0,0,0,0,0,4,6,2002,7,19.0,1.0,0,9.0,3,1,3,  ,2,3.0,1,0,1,0,0,0,0,0,0,0,0,0,0,0,0,0,0
316,2002217654,9999.0,9999.0,9,9414,,,0,0,0,0,0,0,5,6,2002,1,10.0,1.0,0,1.0,2,0,3,  ,0,0.0,0,0,0,0,0,0,0,0,0,0,0,0,0,0,0,0,0
317,2002217660,9999.0,9999.0,60,60302,41.4283,-79.711,0,0,0,0,1,0,4,6,2002,2,19.0,1.0,0,1.0,2,1,3,  ,2,3.0,0,1,1,0,0,0,1,0,0,1,0,0,0,0,0,0,0
318,2002217722,9999.0,9999.0,66,66212,,,0,0,0,0,0,0,4,7,2002,5,17.0,1.0,7,1.0,1,0,3,  ,0,0.0,1,0,1,0,0,0,0,0,0,0,0,0,0,0,0,0,0
319,2002217767,9999.0,9999.0,46,46202,40.1367,-75.3304,0,0,0,0,0,0,4,6,2002,3,16.0,1.0,0,1.0,3,2,3,  ,3,3.0,0,0,1,0,0,0,0,0,0,0,0,0,0,0,0,0,0
320,2002217819,9999.0,9999.0,46,46101,,,0,0,0,0,0,0,4,7,2002,2,20.0,2.0,0,1.0,3,2,3,  ,3,3.0,0,0,1,0,0,0,0,0,0,0,0,0,0,0,0,0,0
321,2002217890,9999.0,9999.0,40,40414,,,0,0,0,0,0,0,1,6,2002,6,20.0,4.0,7,1.0,3,0,3,  ,0,0.0,1,0,0,0,0,0,0,0,0,0,0,0,0,0,0,0,0
322,2002217977,9999.0,9999.0,11,11301,40.3223,-78.9185,0,0,0,0,0,0,4,7,2002,4,8.0,1.0,0,1.0,3,2,3,  ,3,3.0,0,0,1,0,0,0,0,0,0,0,0,0,0,0,0,0,0
323,2002217982,9999.0,9999.0,11,11301,40.3078,-78.9169,0,0,0,0,0,0,4,7,2002,2,12.0,1.0,0,1.0,3,2,3,  ,2,3.0,0,0,1,0,0,0,0,0,0,0,0,0,0,0,0,1,0
324,2002217988,9999.0,9999.0,48,48302,,,0,1,0,0,0,0,1,6,2002,4,11.0,1.0,0,1.0,3,0,3,  ,0,0.0,0,0,0,0,0,0,0,0,0,0,0,0,0,0,0,0,0
325,2002218026,9999.0,9999.0,35,35407,,,0,0,0,0,0,0,4,5,2002,1,18.0,1.0,0,1.0,3,0,3,  ,0,0.0,0,0,1,0,0,0,0,0,0,0,0,0,0,0,0,1,0
326,2002218071,9999.0,9999.0,6,6301,40.3444,-75.9397,0,0,0,0,0,0,5,6,2002,7,17.0,1.0,0,1.0,3,0,3,  ,0,0.0,0,0,0,0,0,0,0,0,0,0,0,0,0,0,0,0,0
327,2002218102,9999.0,9999.0,24,24401,,,0,0,0,0,1,0,4,7,2002,2,16.0,1.0,0,1.0,1,1,3,  ,3,3.0,0,0,1,0,0,0,0,0,0,0,0,0,0,0,0,0,0
328,2002218137,9999.0,9999.0,39,39103,40.5745,-75.5342,0,0,0,0,0,0,4,7,2002,5,8.0,1.0,0,1.0,1,1,3,  ,2,3.0,1,0,1,0,0,0,0,0,0,0,0,0,0,0,0,0,0
329,2002218165,9999.0,9999.0,23,23102,39.8978,-75.2693,0,0,0,0,0,0,4,6,2002,7,16.0,1.0,0,1.0,3,2,3,  ,3,3.0,1,0,1,0,0,0,0,0,0,0,0,0,0,0,0,0,0
330,2002218217,9999.0,9999.0,2,2409,,,0,1,0,0,0,0,4,6,2002,6,21.0,4.0,0,1.0,3,9,3,  ,6,3.0,0,0,1,0,0,0,0,0,0,0,0,0,0,0,0,0,0
331,2002218320,9999.0,9999.0,23,23111,39.9547,-75.2569,0,0,0,0,0,0,4,6,2002,1,18.0,1.0,0,1.0,3,2,3,  ,0,0.0,0,0,1,0,0,0,0,0,0,0,0,0,0,0,0,0,0
332,2002218463,9999.0,9999.0,66,66301,39.965,-76.7153,0,0,0,0,0,0,4,6,2002,6,16.0,1.0,0,1.0,3,1,3,  ,3,3.0,1,0,1,0,0,0,0,0,0,0,0,0,0,0,0,0,0
333,2002218464,9999.0,9999.0,66,66301,39.9627,-76.7189,0,0,0,0,1,0,4,6,2002,6,10.0,1.0,0,1.0,3,2,3,  ,0,0.0,1,0,1,0,0,0,0,0,0,0,0,0,0,0,0,0,0
334,2002218472,9999.0,9999.0,66,66301,39.9589,-76.7339,0,0,0,0,0,1,4,6,2002,4,16.0,1.0,0,1.0,3,1,3,  ,2,3.0,0,0,1,0,0,0,0,0,0,0,0,0,0,0,0,0,0
335,2002218478,9999.0,9999.0,66,66301,39.9622,-76.7231,0,0,0,0,0,0,4,6,2002,2,0.0,3.0,0,1.0,3,1,3,  ,2,3.0,0,0,1,0,0,0,0,0,0,0,0,0,0,0,0,0,0
336,2002218505,9999.0,9999.0,66,66413,39.8003,-76.983,0,0,0,0,1,0,5,6,2002,5,19.0,1.0,0,9.0,2,0,7,  ,0,0.0,0,0,0,0,0,0,0,0,0,0,0,0,0,0,0,0,0
337,2002218517,9999.0,9999.0,41,41301,41.2456,-77.0111,0,0,0,0,0,1,1,7,2002,2,17.0,1.0,0,1.0,3,0,3,  ,0,0.0,0,0,0,0,0,0,0,0,0,0,0,0,0,0,0,0,0
338,2002218518,9999.0,9999.0,41,41301,,,0,0,0,0,1,0,4,7,2002,5,10.0,1.0,7,1.0,3,2,3,  ,3,3.0,0,0,1,0,0,0,0,0,0,0,0,0,0,0,0,0,0
339,2002218543,9999.0,9999.0,15,15301,39.9865,-75.8193,0,0,0,0,0,0,4,6,2002,5,12.0,1.0,0,1.0,3,2,3,  ,3,3.0,0,0,1,0,0,0,0,0,0,0,0,0,0,0,0,1,0
340,2002218566,9999.0,9999.0,39,39103,40.5745,-75.5342,0,0,0,0,0,0,4,7,2002,5,8.0,1.0,0,1.0,1,1,3,  ,2,3.0,1,0,1,0,0,0,0,0,0,0,0,0,0,0,0,0,0
341,2002218569,9999.0,9999.0,48,48302,40.6827,-75.2105,0,0,0,0,0,1,1,6,2002,1,15.0,1.0,0,1.0,3,2,3,  ,2,3.0,1,0,0,0,0,0,0,0,0,0,0,0,0,0,0,0,0
342,2002218687,9999.0,9999.0,9,9218,40.1761,-74.9843,0,0,0,0,0,0,5,7,2002,3,10.0,1.0,0,1.0,3,0,3,  ,0,0.0,1,0,0,0,0,0,0,0,0,0,0,0,0,0,1,0,0
343,2002218696,9999.0,9999.0,10,10301,40.8598,-79.8952,0,0,0,0,0,0,4,7,2002,6,16.0,1.0,0,1.0,2,1,3,  ,2,3.0,0,1,1,0,0,0,1,0,0,1,0,0,0,0,0,1,0
344,2002218784,9999.0,9999.0,66,66301,39.9668,-76.7341,0,0,0,0,0,0,4,7,2002,3,18.0,1.0,0,1.0,3,5,3,  ,3,3.0,1,0,1,0,0,0,0,0,0,0,0,0,1,0,0,0,0
345,2002218799,9999.0,9999.0,66,66301,39.9631,-76.719,0,0,0,0,0,0,4,7,2002,4,20.0,1.0,0,1.0,3,2,3,  ,3,3.0,0,0,1,0,0,0,0,0,0,0,0,0,0,0,0,0,0
346,2002218852,9999.0,9999.0,66,66208,40.209,-76.9044,0,0,0,0,0,0,4,8,2002,7,14.0,1.0,0,1.0,1,0,3,  ,0,0.0,0,0,1,0,0,0,0,0,0,0,0,0,0,0,0,0,0
347,2002218853,9999.0,9999.0,11,11301,40.3569,-78.9433,0,0,0,0,0,0,4,8,2002,6,21.0,3.0,0,1.0,3,2,3,  ,3,3.0,0,0,1,0,0,0,0,0,0,0,0,0,0,0,0,0,0
348,2002218866,9999.0,9999.0,23,23411,39.9017,-75.2865,0,1,0,0,0,0,4,7,2002,7,20.0,3.0,0,1.0,3,2,3,  ,2,3.0,0,0,1,0,0,0,0,0,0,0,0,0,0,0,0,0,0
349,2002218882,9999.0,9999.0,60,60302,,,0,0,0,0,0,0,4,8,2002,2,11.0,1.0,7,1.0,2,0,3,  ,0,0.0,1,0,1,0,0,0,0,0,0,0,0,0,0,0,0,0,0
350,2002218957,9999.0,9999.0,15,15214,,,0,0,0,0,0,0,4,8,2002,6,18.0,1.0,7,1.0,3,0,3,  ,0,0.0,0,0,1,0,0,0,0,0,0,0,0,0,0,0,0,0,0
351,2002218972,9999.0,9999.0,28,28403,39.8282,-77.9057,0,0,0,0,0,0,7,8,2002,7,19.0,1.0,0,1.0,1,1,3,  ,3,3.0,0,0,0,0,0,0,0,0,0,0,0,0,0,0,0,1,0
352,2002219004,9999.0,9999.0,63,63403,,,0,0,0,0,0,0,1,6,2002,3,19.0,4.0,0,1.0,2,0,3,  ,0,0.0,0,0,0,0,0,0,0,0,0,0,0,0,0,0,0,0,0
353,2002219081,9999.0,9999.0,66,66220,40.0884,-76.7168,0,0,0,0,0,0,4,7,2002,7,18.0,1.0,0,1.0,1,1,3,  ,3,3.0,0,0,1,0,0,0,0,0,0,0,0,0,0,0,0,1,0
354,2002219087,9999.0,9999.0,6,6232,40.4993,-75.8008,0,0,0,0,0,0,1,6,2002,6,18.0,1.0,0,1.0,1,0,3,  ,0,0.0,1,0,0,0,0,0,0,0,0,0,0,0,0,1,0,0,0
355,2002219098,9999.0,9999.0,35,35408,,,0,0,0,0,0,0,4,7,2002,2,16.0,1.0,0,1.0,3,0,3,  ,0,0.0,0,0,1,0,0,0,0,0,0,0,0,0,0,0,0,0,0
356,2002219124,9999.0,9999.0,20,20408,41.6544,-80.4242,0,1,0,0,0,0,4,7,2002,5,15.0,1.0,0,1.0,1,0,3,  ,0,0.0,0,0,1,0,0,0,0,0,0,0,0,0,0,0,0,1,0
357,2002219161,9999.0,9999.0,66,66301,,,0,0,0,0,0,0,4,6,2002,2,19.0,4.0,0,1.0,3,2,3,  ,3,3.0,0,0,1,0,0,0,0,0,0,0,0,0,0,0,0,0,1
358,2002219200,9999.0,9999.0,66,66301,,,0,0,0,0,1,0,4,6,2002,7,20.0,4.0,0,1.0,3,0,3,  ,0,0.0,0,0,1,0,0,0,0,0,0,0,0,0,0,0,0,0,0