,CRN,ARRIVAL_TM,DISPATCH_TM,COUNTY,MUNICIPALITY,DEC_LAT,DEC_LONG,BICYCLE_DEATH_COUNT,BICYCLE_SUSP_SERIOUS_INJ_COUNT,BUS_COUNT,HEAVY_TRUCK_COUNT,SMALL_TRUCK_COUNT,SUV_COUNT,COLLISION_TYPE,CRASH_MONTH,CRASH_YEAR,DAY_OF_WEEK,HOUR_OF_DAY,ILLUMINATION,LOCATION_TYPE,ROAD_CONDITION,URBAN_RURAL,INTERSECT_TYPE,WEATHER1,WEATHER2,TCD_TYPE,TCD_FUNC_CD,AGGRESSIVE_DRIVING,ALCOHOL_RELATED,ANGLE_CRASH,CELL_PHONE,COMM_VEHICLE,DISTRACTED,DRINKING_DRIVER,DRUGGED_DRIVER,FATIGUE_ASLEEP,IMPAIRED_DRIVER,NHTSA_AGG_DRIVING,RUNNING_RED_LT,RUNNING_STOP_SIGN,SPEEDING_RELATED,TAILGATING,MATURE_DRIVER,YOUNG_DRIVER
359,2002219286,9999.0,9999.0,60,60302,41.4342,-79.7078,0,0,0,0,0,0,4,8,2002,2,21.0,3.0,0,1.0,2,2,3,  ,3,3.0,0,0,1,0,0,0,0,0,0,0,0,0,0,0,0,0,0
360,2002219309,9999.0,9999.0,4,4302,40.6131,-80.2639,0,0,0,0,0,0,4,7,2002,4,17.0,1.0,0,1.0,3,2,3,  ,0,0.0,0,0,1,0,0,0,0,0,0,0,0,0,0,0,0,0,0
361,2002219383,9999.0,9999.0,46,46224,40.0749,-75.2913,0,0,0,0,0,0,4,7,2002,3,20.0,3.0,0,1.0,3,1,3,  ,3,3.0,0,0,1,0,0,0,0,0,0,0,0,0,0,0,0,0,0
362,2002219403,9999.0,9999.0,6,6102,,,0,0,0,0,0,0,5,10,2002,5,12.0,1.0,0,1.0,3,0,3,  ,0,0.0,0,0,0,0,0,0,0,0,0,0,0,0,0,0,0,0,0
363,2002219427,9999.0,9999.0,66,66413,39.7971,-76.9795,0,0,0,0,0,0,4,9,2002,1,11.0,1.0,0,9.0,2,0,3,  ,0,0.0,1,0,1,0,0,0,0,0,0,0,0,0,0,0,0,1,0
364,2002219491,9999.0,9999.0,38,38301,40.3477,-76.4222,0,0,0,0,0,0,4,7,2002,1,20.0,4.0,0,1.0,2,1,3,  ,0,0.0,0,0,1,0,0,0,0,0,0,0,0,0,0,0,0,0,0
365,2002219508,9999.0,9999.0,23,23427,39.9262,-75.2474,0,0,0,0,0,1,4,7,2002,7,17.0,1.0,0,1.0,3,1,3,  ,3,3.0,0,0,1,0,0,0,0,0,0,0,0,0,0,0,0,0,0
366,2002219623,9999.0,9999.0,6,6214,,,0,1,0,0,0,0,4,6,2002,6,16.0,1.0,0,1.0,3,2,3,  ,3,3.0,0,0,1,0,0,0,0,0,0,0,0,0,0,0,0,0,0
367,2002219652,9999.0,9999.0,23,23423,39.9067,-75.2775,0,0,0,0,0,0,4,7,2002,6,17.0,1.0,0,1.0,3,2,3,  ,2,3.0,0,0,1,0,0,0,0,0,0,0,0,0,0,0,0,0,0
368,2002219682,9999.0,9999.0,46,46419,40.1831,-75.5433,0,0,0,0,0,0,4,8,2002,5,16.0,1.0,7,1.0,3,0,3,  ,0,0.0,0,0,1,0,0,0,0,0,0,0,0,0,0,0,0,1,0
369,2002219816,9999.0,9999.0,10,10301,,,0,0,0,0,0,0,4,8,2002,2,18.0,1.0,0,1.0,2,1,3,  ,3,3.0,0,0,1,0,0,0,0,0,0,0,0,0,0,0,0,0,0
370,2002219823,9999.0,9999.0,46,46108,40.1077,-75.2136,0,0,0,0,0,0,4,8,2002,3,19.0,1.0,0,1.0,3,1,3,  ,2,3.0,1,0,1,0,0,0,0,0,0,0,0,0,0,0,0,0,0
371,2002219865,9999.0,9999.0,19,19501,,,0,0,0,0,0,0,4,8,2002,1,14.0,1.0,0,9.0,2,2,7,  ,3,3.0,0,0,1,0,0,0,0,0,0,0,0,0,0,0,0,0,0
372,2002220009,9999.0,9999.0,46,46408,40.1746,-75.1003,0,1,0,0,0,0,4,8,2002,2,17.0,1.0,0,1.0,3,0,3,  ,0,0.0,0,0,1,0,0,0,0,0,0,0,0,0,0,0,0,0,0
373,2002220014,9999.0,9999.0,46,46408,40.179,-75.1057,0,0,0,0,0,1,4,6,2002,4,8.0,1.0,7,1.0,3,0,3,  ,0,0.0,1,0,1,0,0,0,0,0,0,0,0,0,0,0,0,0,0
374,2002220043,9999.0,9999.0,4,4423,,,0,0,0,0,0,0,1,8,2002,1,18.0,1.0,0,1.0,3,0,3,  ,0,0.0,0,0,0,0,0,0,0,0,0,0,0,0,0,0,0,1,0
375,2002220076,9999.0,9999.0,9,9215,,,0,0,0,0,0,0,5,8,2002,4,7.0,1.0,0,1.0,1,0,3,  ,0,0.0,1,0,0,0,0,0,0,0,0,0,0,0,0,0,0,1,0
376,2002220103,9999.0,9999.0,38,38301,,,0,0,0,0,0,0,4,8,2002,7,14.0,1.0,0,1.0,2,1,3,  ,3,3.0,1,1,1,0,0,0,1,0,0,1,0,0,0,0,0,0,0
377,2002220125,9999.0,9999.0,19,19222,,,0,0,0,0,1,0,4,8,2002,4,19.0,4.0,0,1.0,1,2,3,  ,3,3.0,0,0,1,0,0,0,0,0,0,0,0,0,0,0,0,0,0
378,2002220135,9999.0,9999.0,23,23412,39.9441,-75.2764,0,0,0,0,1,0,4,6,2002,4,13.0,1.0,0,1.0,3,2,3,  ,3,3.0,0,0,1,0,0,0,0,0,0,0,0,0,0,0,0,0,0
379,2002220222,9999.0,9999.0,2,2407,40.3165,-80.0319,0,0,0,0,1,0,1,8,2002,2,13.0,1.0,0,1.0,3,1,3,  ,3,3.0,0,0,0,0,0,0,0,0,0,0,0,0,0,0,0,0,0
380,2002220256,9999.0,9999.0,66,66301,39.9691,-76.7311,0,0,0,0,0,0,4,8,2002,5,3.0,3.0,0,1.0,3,1,3,  ,2,3.0,1,0,1,0,0,0,0,0,0,0,0,0,0,0,0,0,0
381,2002220319,9999.0,9999.0,38,38301,,,0,0,0,0,0,0,4,8,2002,4,15.0,1.0,0,1.0,2,1,3,  ,3,3.0,0,0,1,0,0,0,0,0,0,0,0,0,0,0,0,0,0
382,2002220447,9999.0,9999.0,23,23105,39.8992,-75.3729,0,0,0,0,1,0,4,8,2002,2,13.0,1.0,0,1.0,3,1,3,  ,2,3.0,0,0,1,0,0,0,0,0,0,0,0,0,0,0,0,0,1
383,2002220502,9999.0,9999.0,41,41301,41.2432,-76.9985,0,0,0,0,1,0,1,8,2002,5,16.0,1.0,0,1.0,3,1,3,  ,3,3.0,0,0,0,0,0,0,0,0,0,0,0,0,0,0,0,0,0
384,2002220504,9999.0,9999.0,41,41301,41.2453,-77.0046,0,0,0,0,0,0,1,7,2002,3,14.0,1.0,0,1.0,3,0,3,  ,0,0.0,0,0,0,0,0,0,0,0,0,0,0,0,0,0,0,0,0
385,2002220518,9999.0,9999.0,66,66431,39.9161,-76.5741,0,0,0,0,1,0,4,8,2002,5,17.0,1.0,0,1.0,1,0,3,  ,0,0.0,0,0,1,0,0,0,0,0,0,0,0,0,0,0,0,0,0
386,2002220545,9999.0,9999.0,6,6301,,,0,0,0,0,0,1,4,8,2002,6,10.0,1.0,0,1.0,3,1,3,  ,3,3.0,0,0,1,0,0,0,0,0,0,0,0,0,0,0,0,0,0
387,2002220613,9999.0,9999.0,2,2473,40.3444,-79.962,0,0,0,0,0,0,4,7,2002,1,12.0,1.0,0,1.0,3,1,3,  ,3,3.0,1,0,1,0,0,0,0,0,0,0,0,0,0,0,0,0,0
388,2002220864,9999.0,9999.0,15,15228,40.2398,-75.6516,0,1,0,0,0,0,4,7,2002,1,19.0,4.0,0,1.0,1,2,3,  ,3,3.0,0,0,1,0,0,0,0,0,0,0,0,0,0,0,0,0,0
389,2002220884,9999.0,9999.0,4,4101,40.6868,-80.3242,0,0,0,0,0,0,4,7,2002,5,10.0,1.0,0,1.0,3,2,3,  ,3,3.0,1,0,1,0,0,0,0,0,0,0,0,0,0,0,0,0,0
390,2002220889,9999.0,9999.0,53,53428,40.7994,-75.9562,0,0,0,0,0,0,9,7,2002,7,22.0,3.0,0,1.0,1,0,3,  ,0,0.0,0,0,0,0,0,0,0,0,0,0,0,0,0,0,0,0,0
391,2002220904,9999.0,9999.0,46,46110,40.1674,-75.1257,0,0,0,0,0,0,4,7,2002,3,14.0,1.0,7,1.0,3,0,3,  ,0,0.0,0,0,1,0,0,0,0,0,0,0,0,0,0,0,0,0,0
392,2002220915,9999.0,9999.0,10,10301,40.8651,-79.9073,0,0,0,0,0,0,1,7,2002,4,15.0,1.0,0,1.0,2,1,3,  ,3,3.0,0,0,0,0,0,0,0,0,0,0,0,0,0,0,0,0,0
393,2002220934,9999.0,9999.0,23,23108,39.939,-75.3474,0,0,0,0,0,0,4,8,2002,6,15.0,1.0,0,1.0,3,1,3,  ,2,3.0,1,0,1,0,0,0,0,0,0,0,0,1,0,0,0,0,0
394,2002221007,9999.0,9999.0,39,39209,,,0,0,0,0,0,0,1,7,2002,2,14.0,1.0,0,1.0,1,0,3,  ,0,0.0,0,0,0,0,0,0,0,0,0,0,0,0,0,0,0,1,0
395,2002221097,9999.0,9999.0,46,46110,40.1509,-75.1275,0,0,0,0,0,0,4,6,2002,6,10.0,1.0,0,1.0,3,2,3,  ,3,3.0,0,0,1,0,0,0,0,0,0,0,0,0,0,0,0,0,0
396,2002221125,9999.0,9999.0,6,6416,40.3525,-76.1387,0,0,0,0,1,0,4,8,2002,2,9.0,1.0,0,1.0,1,2,3,  ,3,3.0,0,0,1,0,0,0,0,0,0,0,0,0,0,0,0,0,0
397,2002221156,9999.0,9999.0,66,66301,39.9691,-76.7372,0,0,0,0,0,0,4,7,2002,1,18.0,1.0,0,1.0,3,1,3,  ,3,3.0,1,0,1,0,0,0,0,0,0,0,0,0,0,1,0,0,0
398,2002221159,9999.0,9999.0,66,66301,,,0,0,0,0,0,0,4,7,2002,2,11.0,1.0,0,1.0,3,2,3,  ,9,9.0,0,0,1,0,0,0,0,0,0,0,0,0,0,0,0,1,0
399,2002221164,9999.0,9999.0,66,66301,39.9549,-76.7417,0,0,0,0,0,0,4,7,2002,4,19.0,1.0,0,1.0,3,1,3,  ,2,3.0,0,0,1,0,0,0,0,0,0,0,0,0,0,0,0,0,0
400,2002221169,9999.0,9999.0,66,66301,,,0,0,0,0,0,0,4,7,2002,2,17.0,1.0,0,1.0,3,0,3,  ,0,0.0,0,0,1,0,0,0,0,0,0,0,0,0,0,0,0,0,0
401,2002221212,9999.0,9999.0,48,48302,40.6941,-75.2114,0,0,0,0,0,0,4,7,2002,2,6.0,1.0,2,1.0,3,1,3,  ,2,3.0,0,0,1,0,0,0,0,0,0,0,0,0,0,0,0,0,0
402,2002221228,9999.0,9999.0,46,46411,40.2416,-75.2837,0,0,0,0,0,0,4,7,2002,2,8.0,1.0,0,1.0,3,0,3,  ,0,0.0,0,0,1,0,0,0,0,0,0,0,0,0,0,0,0,0,0
403,2002221232,9999.0,9999.0,46,46411,40.2443,-75.2928,0,0,0,0,0,0,4,7,2002,5,21.0,3.0,0,1.0,3,1,3,  ,3,3.0,0,0,1,0,0,0,0,0,0,0,0,0,0,0,0,0,0
404,2002221403,9999.0,9999.0,46,46110,40.1561,-75.1416,0,0,0,0,0,0,5,8,2002,7,15.0,1.0,0,1.0,3,0,3,  ,0,0.0,1,0,0,0,0,0,0,0,0,0,0,0,0,0,0,1,0
405,2002221461,9999.0,9999.0,37,37301,40.9803,-80.3419,0,0,0,0,0,0,4,8,2002,4,18.0,1.0,0,1.0,2,2,3,  ,3,3.0,0,0,1,0,0,0,0,0,0,0,0,0,0,0,0,0,0
406,2002221471,9999.0,9999.0,23,23105,39.9045,-75.3754,0,1,0,0,0,0,4,8,2002,3,10.0,1.0,7,1.0,3,0,3,  ,0,0.0,1,0,1,0,0,0,0,0,0,0,0,0,0,0,0,0,0
407,2002221617,9999.0,9999.0,66,66301,,,0,0,0,0,0,0,2,8,2002,7,22.0,3.0,0,1.0,3,0,3,  ,0,0.0,0,0,0,0,0,0,0,0,0,0,0,0,0,0,0,0,0
408,2002221635,9999.0,9999.0,38,38301,,,0,0,0,0,0,0,4,9,2002,3,16.0,1.0,0,1.0,2,1,3,  ,3,3.0,1,0,1,0,0,0,0,0,0,0,1,0,0,0,0,0,0
409,2002221658,9999.0,9999.0,23,23407,39.9175,-75.2544,0,0,0,0,0,0,4,9,2002,1,14.0,1.0,0,1.0,3,1,3,  ,2,3.0,1,0,1,0,0,0,0,0,0,0,0,1,0,0,0,0,1
410,2002221671,9999.0,9999.0,26,26301,,,0,0,0,0,0,0,4,8,2002,4,17.0,1.0,0,1.0,2,1,3,  ,3,3.0,0,0,1,0,0,0,0,0,0,0,0,0,0,0,0,1,0
411,2002221698,9999.0,9999.0,66,66301,39.9574,-76.7207,0,0,0,0,0,0,2,8,2002,2,8.0,1.0,0,1.0,3,2,3,  ,3,3.0,0,0,0,0,0,0,0,0,0,0,0,0,0,0,0,0,0
412,2002221839,9999.0,9999.0,39,39406,40.6009,-75.3975,0,0,0,0,0,0,4,8,2002,2,10.0,1.0,0,1.0,3,2,3,  ,3,3.0,0,0,1,0,0,0,0,0,0,0,0,0,0,0,0,0,0
413,2002221889,9999.0,9999.0,40,40414,,,0,0,0,0,0,0,1,8,2002,7,23.0,3.0,0,1.0,3,0,3,  ,0,0.0,0,0,0,0,0,0,0,0,0,0,0,0,0,0,0,0,0
414,2002221969,9999.0,9999.0,43,43303,,,0,0,0,0,0,0,4,8,2002,4,13.0,1.0,0,1.0,3,0,3,  ,0,0.0,0,0,1,0,0,0,0,0,0,0,0,0,0,0,0,0,0
415,2002221987,9999.0,9999.0,9,9215,,,0,0,0,0,1,0,4,8,2002,1,9.0,1.0,7,1.0,1,0,3,  ,0,0.0,0,0,1,0,0,0,0,0,0,0,0,0,0,0,0,1,0
416,2002222221,9999.0,9999.0,39,39103,40.5745,-75.5342,0,0,0,0,0,0,4,7,2002,5,8.0,5.0,0,1.0,1,1,3,  ,2,3.0,1,0,1,0,0,0,0,0,0,0,0,0,0,0,0,0,0
417,2002222224,9999.0,9999.0,31,31407,,,0,0,0,0,0,0,4,7,2002,5,15.0,1.0,0,1.0,2,1,3,  ,2,3.0,0,0,1,0,0,0,0,0,0,0,0,0,0,0,0,0,0
418,2002222295,9999.0,9999.0,11,11301,,,0,0,0,0,0,0,4,8,2002,2,14.0,1.0,7,1.0,3,0,3,  ,0,0.0,0,0,1,0,0,0,0,0,0,0,0,0,0,0,0,1,0
419,2002222322,9999.0,9999.0,35,35414,,,0,0,0,0,0,0,1,8,2002,1,18.0,1.0,0,1.0,3,0,3,  ,0,0.0,0,0,0,0,0,0,0,0,0,0,0,0,0,0,0,1,0
420,2002222328,9999.0,9999.0,49,49301,40.7924,-76.5494,0,0,0,0,0,0,4,8,2002,4,19.0,1.0,0,9.0,2,1,7,  ,3,3.0,0,0,1,0,0,0,0,0,0,0,0,0,0,0,0,0,0
421,2002222387,9999.0,9999.0,4,4430,40.6562,-80.4762,0,1,0,0,0,0,4,8,2002,7,15.0,1.0,0,1.0,1,2,3,  ,0,0.0,0,0,1,0,0,0,0,0,0,0,0,0,0,0,0,1,0
422,2002222458,9999.0,9999.0,6,6301,40.3414,-75.917,0,0,0,0,0,0,4,8,2002,2,18.0,1.0,0,1.0,3,1,3,  ,3,3.0,0,0,1,0,0,0,0,0,0,0,0,0,0,0,0,0,0
423,2002222480,9999.0,9999.0,48,48302,40.689,-75.2234,0,0,0,0,1,0,4,8,2002,2,20.0,2.0,0,1.0,3,1,3,  ,3,3.0,0,0,1,0,0,0,0,0,0,0,0,0,0,0,0,0,0
424,2002222486,9999.0,9999.0,48,48302,,,0,0,0,0,0,1,4,8,2002,4,21.0,3.0,0,1.0,3,1,3,  ,9,9.0,0,0,1,0,0,0,0,0,0,0,0,0,0,0,0,0,0
425,2002222544,9999.0,9999.0,9,9216,,,0,0,0,0,0,0,5,7,2002,6,22.0,3.0,0,1.0,3,0,3,  ,0,0.0,0,1,0,0,0,0,0,0,0,0,0,0,0,0,0,0,0
426,2002222567,9999.0,9999.0,66,66413,,,0,0,0,0,0,0,5,7,2002,3,18.0,1.0,0,1.0,2,0,3,  ,0,0.0,1,0,0,0,0,0,0,0,0,0,0,0,0,0,0,1,0
427,2002222657,9999.0,9999.0,45,45404,40.9863,-75.1905,0,0,0,0,0,0,4,7,2002,3,13.0,1.0,0,1.0,2,1,3,  ,2,3.0,0,0,1,0,0,0,0,0,0,0,0,0,0,0,0,0,1
428,2002222718,9999.0,9999.0,60,60302,41.4464,-79.6966,0,0,0,0,0,0,4,7,2002,7,13.0,1.0,0,1.0,2,2,3,  ,0,0.0,0,0,1,0,0,0,0,0,0,0,0,0,0,0,0,0,0
429,2002222736,9999.0,9999.0,23,23110,39.8533,-75.4422,0,0,0,0,0,0,4,7,2002,7,17.0,1.0,0,1.0,3,2,3,  ,3,3.0,0,0,1,0,0,0,0,0,0,0,0,0,0,0,0,0,0
430,2002222801,9999.0,9999.0,38,38301,,,0,0,0,0,1,0,4,7,2002,1,19.0,1.0,0,1.0,2,2,3,  ,3,3.0,0,0,1,0,0,0,0,0,0,0,0,0,0,0,0,0,0
431,2002222906,9999.0,9999.0,66,66301,,,0,0,0,0,0,0,4,8,2002,6,17.0,1.0,0,1.0,3,0,3,  ,0,0.0,0,0,1,0,0,0,0,0,0,0,0,0,0,0,0,0,0
432,2002222930,9999.0,9999.0,23,23407,,,0,0,0,0,0,0,3,7,2002,6,13.0,1.0,0,1.0,3,0,3,  ,0,0.0,0,0,0,0,0,0,0,0,0,0,0,0,0,0,0,0,0
433,2002223156,9999.0,9999.0,4,4302,40.6066,-80.2866,0,0,0,0,0,0,4,6,2002,3,15.0,1.0,0,1.0,3,2,3,  ,3,3.0,0,0,1,0,0,0,0,0,0,0,0,0,0,0,0,1,0
434,2002223340,9999.0,9999.0,38,38301,,,0,0,0,0,0,0,4,6,2002,4,17.0,1.0,0,1.0,2,1,3,  ,0,0.0,0,0,1,0,0,0,0,0,0,0,0,0,0,0,0,0,0
435,2002223341,9999.0,9999.0,38,38301,,,0,0,0,0,0,0,6,6,2002,4,17.0,1.0,0,1.0,2,1,3,  ,0,0.0,0,0,0,0,0,0,0,0,0,0,0,0,0,0,0,0,0
436,2002223421,9999.0,9999.0,38,38301,40.3385,-76.4253,0,0,0,0,0,0,4,6,2002,2,20.0,1.0,0,1.0,2,1,3,  ,0,0.0,0,0,1,0,0,0,0,0,0,0,0,0,0,0,0,0,0
437,2002223561,9999.0,9999.0,23,23110,39.83,-75.4385,0,0,0,0,0,0,4,7,2002,4,12.0,1.0,0,1.0,3,2,3,  ,3,3.0,0,0,1,0,0,0,0,0,0,0,0,0,0,0,0,0,0
438,2002223568,9999.0,9999.0,44,44202,,,0,0,0,0,0,0,1,7,2002,2,8.0,1.0,0,1.0,1,0,3,  ,0,0.0,0,0,0,0,0,0,0,0,0,0,0,0,0,0,0,1,0
439,2002223734,9999.0,9999.0,6,6301,40.332,-75.9183,0,0,0,0,1,0,4,7,2002,5,99.0,4.0,0,1.0,3,1,3,  ,1,3.0,1,0,1,0,0,0,0,0,0,0,0,0,0,0,0,0,0
440,2002223744,9999.0,9999.0,41,41301,41.2454,-77.0158,0,0,0,0,0,0,4,7,2002,1,18.0,1.0,0,1.0,3,1,3,  ,3,3.0,0,0,1,0,0,0,0,0,0,0,0,0,0,0,0,0,0
441,2002223818,9999.0,9999.0,35,35415,,,0,0,0,0,0,0,1,5,2002,3,19.0,1.0,0,1.0,3,0,3,  ,0,0.0,0,0,0,0,0,0,0,0,0,0,0,0,0,0,0,1,0
442,2002223832,9999.0,9999.0,15,15301,,,0,0,0,0,0,0,4,7,2002,4,20.0,1.0,0,1.0,3,1,3,  ,3,3.0,0,0,1,0,0,0,0,0,0,0,0,0,0,0,0,0,0
443,2002223833,9999.0,9999.0,15,15301,39.9802,-75.8197,0,0,0,0,1,0,4,7,2002,5,16.0,1.0,0,1.0,3,1,3,  ,9,9.0,0,0,1,0,0,0,0,0,0,0,0,0,0,0,0,0,0
444,2002223856,9999.0,9999.0,2,2219,40.2937,-79.9958,0,0,0,0,1,0,1,7,2002,3,15.0,1.0,0,1.0,3,1,3,  ,3,3.0,0,0,0,0,0,0,0,0,0,0,0,0,0,0,0,0,0
445,2002223904,9999.0,9999.0,53,53422,40.697,-76.1665,0,1,0,0,0,0,4,7,2002,5,15.0,1.0,0,1.0,2,1,3,  ,3,3.0,0,0,1,0,0,0,0,0,0,0,0,0,0,0,0,0,0
446,2002223957,9999.0,9999.0,23,23301,,,0,0,0,0,0,0,4,7,2002,1,18.0,1.0,0,1.0,3,0,3,  ,0,0.0,0,0,1,0,0,0,0,0,0,0,0,0,0,0,0,0,0
447,2002224897,9999.0,9999.0,15,15201,39.8892,-75.6102,0,0,0,0,0,0,4,8,2002,4,18.0,1.0,0,1.0,1,2,3,  ,3,3.0,1,0,1,0,0,0,0,0,0,0,0,0,0,0,0,0,0
448,2002225015,9999.0,9999.0,11,11411,40.4869,-78.7217,0,0,0,0,1,0,4,7,2002,2,20.0,4.0,0,1.0,1,1,3,  ,3,3.0,0,0,1,0,0,0,0,0,0,0,0,0,0,0,0,0,0
449,2002225143,9999.0,9999.0,9,9415,40.4414,-75.339,0,0,0,0,0,0,4,7,2002,4,22.0,3.0,0,1.0,2,2,3,  ,2,3.0,1,0,1,0,0,0,0,0,0,0,0,0,0,0,0,0,0
450,2002225180,9999.0,9999.0,46,46402,,,0,0,0,0,1,0,4,8,2002,4,8.0,1.0,7,1.0,3,0,3,  ,0,0.0,1,0,1,0,0,0,0,0,0,0,0,0,0,0,0,0,0
451,2002225249,9999.0,9999.0,41,41301,,,0,0,0,0,0,0,1,9,2002,7,23.0,3.0,0,1.0,3,0,3,  ,0,0.0,0,0,0,0,0,0,0,0,0,0,0,0,0,0,0,0,0
452,2002225316,9999.0,9999.0,6,6429,,,0,0,0,0,1,0,4,8,2002,3,16.0,1.0,7,1.0,3,0,3,  ,0,0.0,0,0,1,0,0,0,0,0,0,0,0,0,0,0,0,0,0
453,2002225438,9999.0,9999.0,23,23112,,,0,1,0,0,0,1,4,8,2002,5,13.0,1.0,7,1.0,3,0,3,  ,0,0.0,0,0,1,0,0,0,0,0,0,0,0,0,0,0,0,0,0
454,2002225474,9999.0,9999.0,2,2106,40.6126,-79.7234,0,0,0,0,0,0,1,9,2002,1,13.0,1.0,0,1.0,3,1,3,  ,3,3.0,0,0,0,0,0,0,0,0,0,0,0,0,0,0,0,0,0
455,2002225487,9999.0,9999.0,53,53411,,,0,0,0,0,0,0,4,7,2002,3,20.0,4.0,0,1.0,2,1,3,  ,0,0.0,0,0,1,0,0,0,0,0,0,0,0,0,0,0,0,0,0
456,2002225518,9999.0,9999.0,23,23301,,,0,0,0,0,0,0,4,9,2002,1,15.0,1.0,0,9.0,3,1,7,  ,0,0.0,0,0,1,0,0,0,0,0,0,0,0,0,0,0,0,0,0
457,2002225535,9999.0,9999.0,23,23301,39.8639,-75.3686,0,0,0,0,0,0,4,9,2002,2,17.0,1.0,0,1.0,3,1,3,  ,2,3.0,0,0,1,0,0,0,0,0,0,0,0,0,0,0,0,0,0
458,2002225647,9999.0,9999.0,9,9401,,,0,0,0,0,0,0,4,9,2002,1,14.0,1.0,0,9.0,3,1,7,  ,0,0.0,0,0,1,0,0,0,0,0,0,0,0,0,0,0,0,0,0
459,2002225675,9999.0,9999.0,1,1203,39.8263,-77.0427,0,0,0,0,0,0,4,9,2002,5,10.0,1.0,0,1.0,1,2,3,  ,3,3.0,1,0,1,0,0,0,0,0,0,0,0,0,0,0,0,1,0
460,2002225684,9999.0,9999.0,36,36223,40.0224,-76.3616,0,0,0,0,0,0,4,9,2002,5,17.0,1.0,0,1.0,1,1,3,  ,2,3.0,1,0,1,0,0,0,0,0,0,0,0,0,0,0,0,0,0
461,2002225736,9999.0,9999.0,46,46211,40.2543,-75.2173,0,1,0,0,1,0,4,8,2002,6,19.0,1.0,0,1.0,1,1,3,  ,3,3.0,0,0,1,0,0,0,0,0,0,0,0,0,0,0,0,0,0
462,2002225760,9999.0,9999.0,23,23102,,,0,0,0,0,0,0,4,9,2002,5,19.0,1.0,7,1.0,3,0,3,  ,0,0.0,0,0,1,0,0,0,0,0,0,0,0,0,0,0,0,0,0
463,2002225827,9999.0,9999.0,46,46408,,,0,1,0,0,0,0,4,9,2002,6,16.0,1.0,7,1.0,3,0,3,  ,0,0.0,0,0,1,0,0,0,0,0,0,0,0,0,0,0,0,1,0
464,2002225828,9999.0,9999.0,64,64305,,,0,0,0,0,0,0,1,9,2002,3,18.0,1.0,7,1.0,3,0,3,  ,0,0.0,0,0,0,0,0,0,0,0,0,0,0,0,0,0,0,0,0
465,2002226038,9999.0,9999.0,2,2220,,,0,1,0,0,0,0,1,8,2002,3,6.0,5.0,0,1.0,1,0,3,  ,0,0.0,0,0,0,0,0,0,0,0,0,0,0,0,0,0,0,0,1
466,2002226058,9999.0,9999.0,6,6301,,,0,0,0,0,0,0,4,9,2002,6,13.0,1.0,0,9.0,3,1,7,  ,2,3.0,1,0,1,0,0,0,0,0,0,0,0,0,0,1,0,0,0
467,2002226079,9999.0,9999.0,9,9414,,,0,0,0,0,0,1,4,9,2002,2,18.0,1.0,0,1.0,2,2,3,  ,0,0.0,0,0,1,0,0,0,0,0,0,0,0,0,0,0,0,0,0
468,2002226156,9999.0,9999.0,23,23414,39.9284,-75.3867,0,0,0,0,0,1,5,9,2002,3,17.0,1.0,0,1.0,3,0,3,  ,0,0.0,1,0,0,0,0,0,0,0,0,0,0,0,0,0,0,0,0
469,2002226160,9999.0,9999.0,39,39407,40.518,-75.5607,0,0,0,0,0,0,4,9,2002,2,9.0,1.0,0,1.0,3,2,3,  ,2,3.0,1,0,1,0,0,0,0,0,0,0,0,0,0,0,0,0,0
470,2002226185,9999.0,9999.0,9,9409,,,0,0,0,0,1,0,1,10,2002,4,17.0,1.0,0,1.0,3,0,3,  ,0,0.0,0,0,0,0,0,0,0,0,0,0,0,0,0,0,0,0,0
471,2002226254,9999.0,9999.0,46,46109,40.1286,-75.167,0,0,0,0,0,0,4,9,2002,4,17.0,1.0,0,1.0,3,0,3,  ,0,0.0,0,0,1,0,0,0,0,0,0,0,0,0,0,0,0,0,0
472,2002226327,9999.0,9999.0,40,40414,,,0,0,0,0,0,0,1,9,2002,3,16.0,1.0,0,1.0,3,0,3,  ,0,0.0,0,0,0,0,0,0,0,0,0,0,0,0,0,0,0,1,0
473,2002226365,9999.0,9999.0,41,41409,41.2326,-76.9861,0,0,0,0,0,0,1,9,2002,3,16.0,1.0,0,1.0,3,2,3,  ,3,3.0,0,0,0,0,0,0,0,0,0,0,0,0,0,0,0,0,0
474,2002226371,9999.0,9999.0,15,15213,40.1688,-75.6047,0,0,0,0,1,0,5,7,2002,4,10.0,1.0,0,1.0,1,0,3,  ,0,0.0,0,0,0,0,0,0,0,0,0,0,0,0,0,0,0,0,0
475,2002226388,9999.0,9999.0,10,10301,40.8615,-79.9042,0,0,0,0,0,0,4,8,2002,6,11.0,1.0,7,1.0,2,2,3,  ,2,3.0,0,0,1,0,0,0,0,0,0,0,0,0,0,0,0,1,0
476,2002226418,9999.0,9999.0,41,41301,41.2399,-77.0611,0,0,0,0,0,0,2,9,2002,6,15.0,1.0,0,1.0,3,1,3,  ,3,3.0,0,0,0,0,0,0,0,0,0,0,0,0,0,0,0,0,0
477,2002226419,9999.0,9999.0,41,41301,41.2308,-77.0274,0,0,0,0,0,0,1,9,2002,6,10.0,1.0,2,1.0,3,1,3,  ,1,3.0,0,0,0,0,0,0,0,0,0,0,0,0,0,0,0,0,1
478,2002226476,9999.0,9999.0,66,66231,39.9383,-76.768,0,0,0,0,0,0,5,9,2002,4,6.0,2.0,0,1.0,1,0,3,  ,0,0.0,1,0,0,0,0,0,0,0,0,0,0,0,0,1,0,0,0