,CRN,ARRIVAL_TM,DISPATCH_TM,COUNTY,MUNICIPALITY,DEC_LAT,DEC_LONG,BICYCLE_DEATH_COUNT,BICYCLE_SUSP_SERIOUS_INJ_COUNT,BUS_COUNT,HEAVY_TRUCK_COUNT,SMALL_TRUCK_COUNT,SUV_COUNT,COLLISION_TYPE,CRASH_MONTH,CRASH_YEAR,DAY_OF_WEEK,HOUR_OF_DAY,ILLUMINATION,LOCATION_TYPE,ROAD_CONDITION,URBAN_RURAL,INTERSECT_TYPE,WEATHER1,WEATHER2,TCD_TYPE,TCD_FUNC_CD,AGGRESSIVE_DRIVING,ALCOHOL_RELATED,ANGLE_CRASH,CELL_PHONE,COMM_VEHICLE,DISTRACTED,DRINKING_DRIVER,DRUGGED_DRIVER,FATIGUE_ASLEEP,IMPAIRED_DRIVER,NHTSA_AGG_DRIVING,RUNNING_RED_LT,RUNNING_STOP_SIGN,SPEEDING_RELATED,TAILGATING,MATURE_DRIVER,YOUNG_DRIVER
479,2002226517,9999.0,9999.0,36,36202,40.2185,-76.0174,0,0,0,0,0,0,1,10,2002,6,21.0,2.0,0,1.0,1,0,3,  ,0,0.0,0,1,0,0,0,1,1,0,0,1,0,0,0,0,0,0,0
480,2002226550,9999.0,9999.0,2,2304,40.3372,-79.836,0,0,0,0,0,0,4,9,2002,1,10.0,1.0,0,1.0,3,1,3,  ,3,3.0,0,0,1,0,0,0,0,0,0,0,0,0,0,0,0,0,0
481,2002226562,9999.0,9999.0,46,46211,,,0,0,0,0,0,0,4,9,2002,5,7.0,1.0,7,1.0,1,0,5,  ,0,0.0,1,0,1,0,0,0,0,0,0,0,0,0,0,0,0,0,0
482,2002226590,9999.0,9999.0,10,10101,40.8589,-79.9539,0,0,0,0,0,0,4,9,2002,2,19.0,4.0,0,1.0,2,1,3,  ,2,3.0,1,0,1,0,0,0,0,0,0,0,0,0,0,0,0,1,0
483,2002226634,9999.0,9999.0,6,6427,,,0,0,0,0,0,0,4,9,2002,5,17.0,1.0,0,1.0,3,1,3,  ,3,3.0,0,0,1,0,0,0,0,0,0,0,0,0,0,0,0,0,0
484,2002226684,9999.0,9999.0,4,4302,,,0,0,0,0,0,0,4,9,2002,2,15.0,1.0,0,1.0,3,0,3,  ,0,0.0,0,0,1,0,0,0,0,0,0,0,0,0,0,0,0,0,0
485,2002226760,9999.0,9999.0,40,40301,,,0,0,0,0,0,0,4,5,2002,5,15.0,1.0,0,1.0,2,1,3,  ,3,3.0,0,0,1,0,0,0,0,0,0,0,0,0,0,0,0,0,0
486,2002226761,9999.0,9999.0,40,40301,,,0,0,0,0,0,0,1,5,2002,7,19.0,1.0,0,9.0,2,0,3,  ,0,0.0,0,0,0,0,0,0,0,0,0,0,0,0,0,0,0,1,0
487,2002226803,9999.0,9999.0,6,6410,40.512,-75.7732,0,0,0,0,0,0,4,9,2002,4,20.0,3.0,0,1.0,1,1,3,  ,3,3.0,0,0,1,0,0,0,0,0,0,0,0,0,0,0,0,0,0
488,2002226840,9999.0,9999.0,62,62419,40.2505,-80.2094,0,0,0,0,0,0,4,9,2002,6,17.0,1.0,0,1.0,3,2,3,  ,0,0.0,0,0,1,0,0,0,0,0,0,0,0,0,0,0,0,0,0
489,2002226903,9999.0,9999.0,66,66301,39.9554,-76.7403,0,0,0,0,0,0,1,9,2002,3,0.0,3.0,0,1.0,3,2,3,  ,3,3.0,1,0,0,0,0,0,0,0,0,0,0,0,0,0,1,0,0
490,2002226914,9999.0,9999.0,66,66301,,,0,0,0,0,0,0,4,9,2002,2,16.0,1.0,0,1.0,3,0,3,  ,0,0.0,0,0,1,0,0,0,0,0,0,0,0,0,0,0,0,0,0
491,2002226916,9999.0,9999.0,66,66301,,,0,0,0,0,0,0,5,9,2002,2,17.0,1.0,0,1.0,3,0,3,  ,0,0.0,1,0,0,0,0,0,0,0,0,0,0,0,0,0,0,0,0
492,2002226922,9999.0,9999.0,66,66301,39.9584,-76.746,0,0,0,0,1,0,4,9,2002,7,21.0,3.0,0,1.0,3,1,3,  ,2,3.0,0,0,1,0,0,0,0,0,0,0,0,0,0,0,0,0,0
493,2002226945,9999.0,9999.0,41,41301,,,0,0,0,0,0,0,4,9,2002,1,18.0,4.0,7,9.0,3,0,3,  ,0,0.0,0,0,1,0,0,0,0,0,0,0,0,0,0,0,0,0,1
494,2002226950,9999.0,9999.0,11,11201,,,0,0,0,0,0,0,1,9,2002,1,17.0,1.0,7,1.0,1,0,3,  ,0,0.0,0,0,0,0,0,0,0,0,0,0,0,0,0,0,0,0,0
495,2002227022,9999.0,9999.0,66,66233,39.9005,-76.5764,0,0,0,0,0,0,5,9,2002,3,7.0,1.0,0,1.0,1,0,3,  ,0,0.0,1,0,0,0,0,0,0,0,0,0,0,0,0,0,0,0,0
496,2002227207,9999.0,9999.0,2,2118,40.5324,-79.965,0,0,0,0,0,0,4,9,2002,5,15.0,1.0,0,1.0,3,1,3,  ,3,3.0,0,0,1,0,0,0,0,0,0,0,0,0,0,0,0,0,0
497,2002227227,9999.0,9999.0,9,9227,40.2387,-75.123,0,0,0,0,1,0,4,8,2002,2,20.0,3.0,0,1.0,3,2,3,  ,1,3.0,0,0,1,0,0,0,0,0,0,0,0,0,0,0,0,0,0
498,2002227237,9999.0,9999.0,4,4201,40.7089,-80.3217,0,0,0,0,0,0,4,7,2002,4,8.0,1.0,0,1.0,3,2,3,  ,0,0.0,1,0,1,0,0,0,0,0,0,0,0,0,0,0,0,1,0
499,2002227272,9999.0,9999.0,39,39402,40.6531,-75.4707,0,0,0,0,1,0,4,8,2002,5,18.0,1.0,0,1.0,3,1,3,  ,3,3.0,0,0,1,0,0,0,0,0,0,0,0,0,0,0,0,0,0
500,2002227297,9999.0,9999.0,2,2473,40.3908,-79.8823,0,0,0,0,0,0,4,8,2002,3,12.0,1.0,0,1.0,3,2,3,  ,3,3.0,0,0,1,0,0,0,0,0,0,0,0,0,0,0,0,0,0
501,2002227323,9999.0,9999.0,38,38301,40.3347,-76.4266,0,0,0,0,0,0,4,9,2002,2,20.0,3.0,0,1.0,2,1,3,  ,3,3.0,0,0,1,0,0,0,0,0,0,0,0,0,0,0,0,0,0
502,2002227326,9999.0,9999.0,46,46408,,,0,0,0,0,0,0,4,9,2002,3,18.0,4.0,0,1.0,3,0,3,  ,0,0.0,0,0,1,0,0,0,0,0,0,0,0,0,0,0,0,0,1
503,2002227393,9999.0,9999.0,9,9202,40.1482,-74.9661,0,0,0,0,0,0,4,9,2002,6,18.0,1.0,0,1.0,3,3,3,  ,3,3.0,0,0,1,0,0,0,0,0,0,0,0,0,0,0,0,0,0
504,2002227507,9999.0,9999.0,66,66301,39.9609,-76.7224,0,0,0,0,0,0,4,8,2002,5,13.0,1.0,0,1.0,3,5,3,  ,2,3.0,0,0,1,0,0,0,0,0,0,0,0,0,0,0,0,0,0
505,2002227590,9999.0,9999.0,9,9401,40.1021,-74.8634,0,0,0,0,1,0,4,9,2002,4,19.0,3.0,0,1.0,3,1,3,  ,2,3.0,0,0,1,0,0,0,0,0,0,0,0,0,0,0,0,0,1
506,2002227802,9999.0,9999.0,66,66301,,,0,0,0,0,1,0,4,9,2002,1,17.0,1.0,0,1.0,3,1,3,  ,3,3.0,0,0,1,0,0,0,0,0,0,0,0,0,0,0,0,0,0
507,2002227837,9999.0,9999.0,66,66413,,,0,0,0,0,0,0,4,9,2002,5,17.0,1.0,0,1.0,2,1,3,  ,0,0.0,0,0,1,0,0,0,0,0,0,0,0,0,0,0,0,0,0
508,2002227862,9999.0,9999.0,9,9225,40.175,-75.0436,0,0,0,0,1,0,4,10,2002,3,18.0,1.0,7,1.0,3,0,3,  ,0,0.0,1,1,1,0,0,0,1,0,0,1,0,0,0,0,0,0,0
509,2002227867,9999.0,9999.0,66,66301,39.9611,-76.727,0,0,0,0,1,0,4,9,2002,3,14.0,1.0,0,1.0,3,2,3,  ,3,3.0,0,0,1,0,0,0,0,0,0,0,0,0,0,0,0,0,0
510,2002228022,9999.0,9999.0,46,46105,40.1182,-75.0681,0,0,0,0,0,0,4,6,2002,4,8.0,1.0,0,1.0,3,2,3,  ,2,3.0,0,0,1,0,0,0,0,0,0,0,0,0,0,0,0,0,0
511,2002228104,9999.0,9999.0,11,11205,,,0,0,0,0,0,0,4,10,2002,5,21.0,2.0,0,1.0,1,0,3,  ,0,0.0,0,0,1,0,0,0,0,0,0,0,0,0,0,0,0,0,0
512,2002228132,9999.0,9999.0,23,23110,39.8336,-75.4261,0,0,0,0,0,0,4,7,2002,1,20.0,1.0,0,1.0,3,1,3,  ,3,3.0,0,0,1,0,0,0,0,0,0,0,0,0,0,0,0,0,0
513,2002228227,9999.0,9999.0,46,46103,40.2618,-75.2973,0,0,0,0,0,0,4,9,2002,7,14.0,1.0,7,1.0,3,0,3,  ,0,0.0,0,0,1,0,0,0,0,0,0,0,0,0,0,0,0,0,0
514,2002228292,9999.0,9999.0,2,2302,40.2926,-79.8833,0,0,0,0,0,0,4,9,2002,7,15.0,1.0,0,1.0,3,1,3,  ,2,3.0,0,0,1,0,0,0,0,0,0,0,0,0,0,0,0,0,0
515,2002228309,9999.0,9999.0,38,38301,,,0,0,0,0,0,0,6,10,2002,3,7.0,1.0,0,1.0,2,0,3,  ,0,0.0,1,0,0,0,0,0,0,0,0,0,0,0,0,0,0,0,0
516,2002228406,9999.0,9999.0,38,38301,40.3428,-76.3972,0,0,0,0,0,0,4,10,2002,3,20.0,3.0,0,1.0,2,1,3,  ,2,3.0,0,0,1,0,0,0,0,0,0,0,0,0,0,0,0,0,0
517,2002228507,9999.0,9999.0,9,9101,40.1516,-74.8591,0,0,0,0,0,0,4,10,2002,7,18.0,1.0,7,1.0,3,0,3,  ,0,0.0,0,0,1,0,0,0,0,0,0,0,0,0,0,0,0,0,1
518,2002228509,9999.0,9999.0,9,9101,,,0,0,0,0,0,1,4,10,2002,4,16.0,1.0,0,1.0,3,0,3,  ,0,0.0,0,0,1,0,0,0,0,0,0,0,0,0,0,0,0,0,0
519,2002228583,9999.0,9999.0,2,2477,,,0,0,0,0,1,0,4,10,2002,7,16.0,1.0,0,9.0,3,2,3,  ,3,3.0,0,0,1,0,0,0,0,0,0,0,0,0,0,0,0,0,0
520,2002228593,9999.0,9999.0,2,2440,,,0,0,0,0,0,0,4,9,2002,5,18.0,1.0,7,1.0,3,0,3,  ,0,0.0,0,1,1,0,0,0,1,0,0,1,0,0,0,0,0,0,0
521,2002228852,9999.0,9999.0,9,9219,40.4211,-75.0686,0,0,0,0,0,0,4,10,2002,7,10.0,1.0,7,9.0,1,0,3,  ,0,0.0,0,0,1,0,0,0,0,0,0,0,0,0,0,0,0,0,0
522,2002228884,9999.0,9999.0,9,9415,,,0,0,0,0,0,0,5,8,2002,3,14.0,1.0,0,1.0,2,0,3,  ,0,0.0,0,0,0,0,0,0,0,0,0,0,0,0,0,0,0,1,0
523,2002228949,9999.0,9999.0,1,1217,,,0,0,0,0,0,0,1,10,2002,6,10.0,1.0,0,1.0,1,0,3,  ,0,0.0,1,0,0,0,0,0,0,0,0,0,0,0,0,0,1,0,1
524,2002229020,9999.0,9999.0,9,9213,40.1621,-74.8752,0,0,0,0,0,0,4,9,2002,4,17.0,1.0,0,1.0,3,2,3,  ,3,3.0,0,0,1,0,0,0,0,0,0,0,0,0,0,0,0,0,0
525,2002229058,9999.0,9999.0,6,6301,40.3192,-75.9446,0,0,0,0,0,0,4,10,2002,4,20.0,3.0,0,1.0,3,1,3,  ,3,3.0,1,0,1,0,0,0,0,0,0,0,0,0,0,0,0,0,0
526,2002229180,9999.0,9999.0,35,35407,,,0,0,0,0,0,0,4,7,2002,3,19.0,4.0,0,1.0,3,2,3,  ,0,0.0,0,0,1,0,0,0,0,0,0,0,0,0,0,0,0,0,0
527,2002229228,9999.0,9999.0,45,45402,41.003,-75.1833,0,0,0,0,0,0,4,9,2002,6,16.0,1.0,0,1.0,2,2,3,  ,3,3.0,0,0,1,0,0,0,0,0,0,0,0,0,0,0,0,0,0
528,2002229266,9999.0,9999.0,48,48302,,,0,0,0,0,0,0,4,10,2002,2,18.0,4.0,0,1.0,3,1,3,  ,3,3.0,0,0,1,0,0,0,0,0,0,0,0,0,0,0,0,0,0
529,2002229429,9999.0,9999.0,46,46110,40.1599,-75.1119,0,0,0,0,0,0,4,9,2002,1,19.0,3.0,0,9.0,3,1,7,  ,2,3.0,0,0,1,0,0,0,0,0,0,0,0,0,0,0,0,0,0
530,2002229457,9999.0,9999.0,66,66436,40.1077,-76.7135,0,0,0,0,0,0,4,9,2002,7,12.0,1.0,0,1.0,1,2,3,  ,3,3.0,0,0,1,0,0,0,0,0,0,0,0,0,0,0,0,0,0
531,2002229477,9999.0,9999.0,46,46401,,,0,0,0,0,0,1,4,10,2002,5,15.0,1.0,7,1.0,3,0,3,  ,0,0.0,1,0,1,0,0,0,0,0,0,0,0,0,0,0,0,0,0
532,2002229554,9999.0,9999.0,6,6301,,,0,0,1,0,0,0,4,7,2002,6,15.0,1.0,0,1.0,3,0,3,  ,0,0.0,0,0,1,0,1,0,0,0,0,0,0,0,0,0,0,0,0
533,2002229560,9999.0,9999.0,23,23111,39.9293,-75.3107,0,0,0,0,1,0,1,5,2002,4,6.0,1.0,0,1.0,3,0,3,  ,0,0.0,0,0,0,0,0,0,0,0,0,0,0,0,0,0,0,0,0
534,2002229628,9999.0,9999.0,23,23109,39.8666,-75.2803,0,1,0,0,0,0,4,6,2002,1,16.0,1.0,0,1.0,3,0,3,  ,0,0.0,0,0,1,0,0,0,0,0,0,0,0,0,0,0,0,0,0
535,2002229731,9999.0,9999.0,21,21404,40.2126,-77.0077,0,0,0,0,1,0,4,10,2002,7,17.0,1.0,7,1.0,3,0,3,  ,0,0.0,0,0,1,0,0,0,0,0,0,0,0,0,0,0,0,0,0
536,2002229795,9999.0,9999.0,2,2464,40.6071,-79.7513,0,0,0,0,0,0,4,6,2002,3,13.0,1.0,0,1.0,3,1,3,  ,3,3.0,0,0,1,0,0,0,0,0,0,0,0,0,0,0,0,0,1
537,2002229871,9999.0,9999.0,66,66101,39.967,-76.6999,0,0,0,0,0,0,4,9,2002,6,6.0,5.0,0,9.0,1,2,7,  ,0,0.0,0,0,1,0,0,0,0,0,0,0,0,0,0,0,0,0,0
538,2002229922,9999.0,9999.0,35,35219,41.5104,-75.6715,0,0,0,0,0,0,1,9,2002,2,14.0,1.0,0,1.0,1,2,3,  ,3,3.0,0,0,0,0,0,0,0,0,0,0,0,0,0,0,0,0,0
539,2002229984,9999.0,9999.0,23,23111,,,0,0,0,0,0,0,1,5,2002,5,15.0,1.0,0,1.0,3,0,3,  ,0,0.0,0,0,0,0,0,0,0,0,0,0,0,0,0,0,0,0,0
540,2002230036,9999.0,9999.0,39,39402,,,0,0,0,0,0,0,4,8,2002,3,17.0,1.0,0,1.0,3,1,3,  ,3,3.0,0,0,1,0,0,0,0,0,0,0,0,0,0,0,0,0,1
541,2002230067,9999.0,9999.0,53,53415,40.6923,-76.2585,0,1,0,0,0,0,1,7,2002,4,14.0,1.0,0,1.0,1,0,3,  ,0,0.0,0,0,0,0,0,0,0,0,0,0,0,0,0,0,0,0,0
542,2002230213,9999.0,9999.0,9,9218,40.1976,-74.9844,0,0,0,0,0,0,4,6,2002,3,16.0,1.0,0,1.0,3,2,3,  ,3,3.0,1,0,1,0,0,0,0,0,0,0,0,0,0,1,0,0,0
543,2002230277,9999.0,9999.0,6,6301,40.3368,-75.92,0,0,0,0,0,1,4,7,2002,3,23.0,3.0,0,1.0,3,1,3,  ,2,3.0,0,0,1,0,0,0,0,0,0,0,0,0,0,0,0,0,0
544,2002230287,9999.0,9999.0,19,19402,41.0533,-76.2366,0,0,0,0,0,0,4,6,2002,1,17.0,1.0,7,1.0,2,0,3,  ,0,0.0,0,0,1,0,0,0,0,0,0,0,0,0,0,0,0,0,0
545,2002230314,9999.0,9999.0,9,9221,40.3592,-74.9774,0,0,0,0,0,1,4,7,2002,4,18.0,1.0,0,1.0,1,1,3,  ,2,3.0,0,0,1,0,0,0,0,0,1,0,0,0,0,0,0,0,0
546,2002230321,9999.0,9999.0,15,15233,40.1243,-75.5355,0,0,0,0,0,0,5,8,2002,3,18.0,1.0,0,1.0,3,0,3,  ,0,0.0,0,0,0,0,0,0,0,0,0,0,0,0,0,0,0,1,0
547,2002230323,9999.0,9999.0,23,23111,39.9513,-75.2664,0,0,0,0,1,0,4,7,2002,4,10.0,1.0,7,1.0,3,2,3,  ,9,9.0,1,0,1,0,0,0,0,0,0,0,0,0,0,0,0,0,0
548,2002230326,9999.0,9999.0,23,23111,39.9517,-75.2588,0,0,0,0,0,0,4,7,2002,4,16.0,1.0,7,1.0,3,10,3,  ,3,3.0,0,0,1,0,0,0,0,0,0,0,0,0,0,0,0,0,1
549,2002230328,9999.0,9999.0,23,23111,39.9631,-75.2713,0,0,0,0,0,0,4,7,2002,3,16.0,1.0,0,1.0,3,2,3,  ,3,3.0,0,0,1,0,0,1,0,0,0,0,0,0,0,0,0,0,0
550,2002230335,9999.0,9999.0,23,23111,,,0,1,0,0,0,1,2,7,2002,6,15.0,1.0,0,1.0,3,0,3,  ,0,0.0,0,0,0,0,0,0,0,0,0,0,0,0,0,0,0,0,0
551,2002230433,9999.0,9999.0,6,6301,,,0,0,0,0,0,0,4,7,2002,2,14.0,1.0,0,1.0,3,1,3,  ,3,3.0,0,0,1,0,0,0,0,0,0,0,0,0,0,0,0,0,0
552,2002230471,9999.0,9999.0,6,6301,40.3336,-75.9221,0,0,0,0,0,0,4,8,2002,5,16.0,1.0,0,1.0,3,1,3,  ,2,3.0,0,0,1,0,0,0,0,0,0,0,0,0,0,0,0,0,0
553,2002230499,9999.0,9999.0,6,6301,40.3462,-75.9398,0,0,0,0,1,0,4,7,2002,4,20.0,1.0,0,1.0,3,1,3,  ,3,3.0,0,0,1,0,0,0,0,0,0,0,0,0,0,0,0,0,0
554,2002230505,9999.0,9999.0,6,6301,40.3319,-75.9134,0,0,0,0,0,0,4,7,2002,2,14.0,1.0,0,1.0,3,2,3,  ,0,0.0,0,0,1,0,0,0,0,0,0,0,0,0,0,0,0,0,0
555,2002230506,9999.0,9999.0,6,6301,,,0,0,0,0,0,0,4,7,2002,1,18.0,1.0,0,1.0,3,0,3,  ,0,0.0,0,0,1,0,0,0,0,0,0,0,0,0,0,0,0,0,0
556,2002230535,9999.0,9999.0,6,6301,,,0,0,0,0,0,0,4,7,2002,6,10.0,1.0,0,1.0,3,2,3,  ,3,3.0,0,0,1,0,0,0,0,0,0,0,0,0,0,0,0,0,0
557,2002230544,9999.0,9999.0,6,6301,40.3285,-75.9005,0,0,0,0,0,0,4,7,2002,7,20.0,4.0,0,1.0,3,1,3,  ,2,3.0,0,0,1,0,0,0,0,0,0,0,0,0,0,0,0,0,0
558,2002230546,9999.0,9999.0,6,6301,,,0,0,0,0,0,0,4,7,2002,5,19.0,1.0,7,1.0,3,0,3,  ,0,0.0,0,0,1,0,0,0,0,0,0,0,0,0,0,0,0,0,0
559,2002230553,9999.0,9999.0,41,41301,41.239,-77.0581,0,0,0,0,0,0,1,8,2002,6,15.0,1.0,0,1.0,3,1,3,  ,3,3.0,0,0,0,0,0,0,0,0,0,0,0,0,0,0,0,1,0
560,2002230647,9999.0,9999.0,6,6301,40.3564,-75.9273,0,0,0,0,0,0,4,9,2002,4,19.0,1.0,0,1.0,3,2,3,  ,3,3.0,0,0,1,0,0,0,0,0,0,0,0,0,0,0,0,0,0
561,2002230726,9999.0,9999.0,23,23111,39.9515,-75.2659,0,0,0,0,1,0,1,8,2002,1,19.0,1.0,0,1.0,3,0,3,  ,0,0.0,0,0,0,0,0,0,0,0,0,0,0,0,0,0,0,0,1
562,2002230764,9999.0,9999.0,6,6301,40.3243,-75.9336,0,0,0,0,0,1,4,9,2002,1,14.0,1.0,2,1.0,3,1,3,  ,2,3.0,0,0,1,0,0,0,0,0,0,0,0,0,0,0,0,0,0
563,2002230770,9999.0,9999.0,6,6301,40.3445,-75.9296,0,0,0,0,0,0,4,9,2002,5,14.0,1.0,0,1.0,3,1,3,  ,2,3.0,1,0,1,0,0,0,0,0,0,0,0,0,0,0,0,0,0
564,2002230920,9999.0,9999.0,41,41301,,,0,0,0,0,0,0,1,5,2002,6,13.0,1.0,0,1.0,3,0,3,  ,0,0.0,0,0,0,0,0,0,0,0,0,0,0,0,0,0,0,0,0
565,2002230930,9999.0,9999.0,55,55422,,,0,0,0,0,0,0,4,5,2002,5,17.0,1.0,0,1.0,3,1,3,  ,0,0.0,0,0,1,0,0,0,0,0,0,0,0,0,0,0,0,0,0
566,2002230974,9999.0,9999.0,6,6301,,,0,0,0,0,0,0,4,5,2002,6,18.0,1.0,0,9.0,3,1,7,  ,0,0.0,0,0,1,0,0,0,0,0,0,0,0,0,0,0,0,0,0
567,2002230994,9999.0,9999.0,6,6301,40.3488,-75.9168,0,0,0,0,0,0,4,6,2002,1,20.0,1.0,0,1.0,3,1,3,  ,3,3.0,1,0,1,0,0,0,0,0,0,0,0,0,1,0,0,0,0
568,2002231011,9999.0,9999.0,6,6301,40.3462,-75.9275,0,0,0,0,0,0,5,5,2002,7,10.0,1.0,0,1.0,3,0,3,  ,0,0.0,0,0,0,0,0,0,0,0,0,0,0,0,0,0,0,0,0
569,2002231061,9999.0,9999.0,23,23111,39.9492,-75.3158,0,0,0,0,0,0,4,4,2002,6,18.0,4.0,0,1.0,3,0,3,  ,0,0.0,0,0,1,0,0,0,0,0,0,0,0,0,0,0,0,0,0
570,2002231077,9999.0,9999.0,23,23111,39.9532,-75.3138,0,0,0,0,0,0,4,4,2002,4,17.0,1.0,0,1.0,3,1,3,  ,3,3.0,0,0,1,0,0,0,0,0,0,0,0,0,0,0,0,1,0
571,2002231098,9999.0,9999.0,23,23111,,,0,0,0,0,0,0,4,4,2002,7,18.0,4.0,0,9.0,3,1,7,  ,9,9.0,1,0,1,0,0,0,0,0,0,0,0,0,0,0,0,0,0
572,2002231114,9999.0,9999.0,2,2474,40.5137,-80.0271,0,0,0,0,0,0,1,5,2002,7,17.0,1.0,0,1.0,3,1,3,  ,3,3.0,0,0,0,0,0,0,0,0,0,0,0,0,0,0,0,0,0
573,2002231138,9999.0,9999.0,46,46411,40.2288,-75.2624,0,1,0,0,0,0,4,1,2002,3,14.0,1.0,0,1.0,3,0,3,  ,0,0.0,0,0,1,0,0,0,0,0,0,0,0,0,0,0,0,0,0
574,2002231197,9999.0,9999.0,21,21404,,,0,0,0,0,0,0,4,2,2002,6,16.0,1.0,0,1.0,3,2,3,  ,3,3.0,0,0,1,0,0,0,0,0,0,0,0,0,0,0,0,0,0
575,2002231494,9999.0,9999.0,23,23109,,,0,0,0,0,0,0,4,3,2002,3,20.0,3.0,0,9.0,3,1,7,  ,3,3.0,0,0,1,0,0,0,0,0,0,0,0,0,0,0,0,0,0
576,2002231522,9999.0,9999.0,41,41301,,,0,0,0,0,0,0,4,3,2002,7,18.0,3.0,0,9.0,3,0,7,  ,0,0.0,0,0,1,0,0,0,0,0,0,0,0,0,0,0,0,0,0
577,2002231526,9999.0,9999.0,41,41301,41.2299,-77.047,0,0,0,0,0,0,1,3,2002,1,13.0,1.0,0,9.0,3,1,7,  ,3,3.0,0,0,0,0,0,0,0,0,0,0,0,0,0,0,0,0,0
578,2002231586,9999.0,9999.0,21,21404,40.2085,-77.0063,0,0,0,0,0,0,4,4,2002,5,15.0,1.0,0,1.0,3,1,3,  ,3,3.0,0,0,1,0,0,0,0,0,0,0,0,0,0,0,0,0,0
579,2002231623,9999.0,9999.0,6,6301,40.3335,-75.9182,0,0,0,0,0,0,4,4,2002,1,16.0,1.0,0,1.0,3,1,3,  ,2,3.0,0,0,1,0,0,0,0,0,0,0,0,0,0,0,0,0,1
580,2002231747,9999.0,9999.0,6,6301,,,0,0,0,0,0,0,1,4,2002,6,15.0,1.0,0,1.0,3,0,3,  ,0,0.0,0,0,0,0,0,0,0,0,0,0,0,0,0,0,0,0,1
581,2002231768,9999.0,9999.0,41,41301,,,0,0,0,0,0,0,1,4,2002,5,16.0,1.0,0,1.0,3,0,3,  ,0,0.0,0,0,0,0,0,0,0,0,0,0,0,0,0,0,0,0,0
582,2002231873,9999.0,9999.0,6,6301,,,0,0,0,0,0,0,1,4,2002,4,18.0,1.0,0,1.0,3,1,3,  ,0,0.0,0,0,0,0,0,0,0,0,0,0,0,0,0,0,0,0,0
583,2002231956,9999.0,9999.0,6,6301,,,0,0,0,0,0,1,4,6,2002,1,20.0,1.0,7,1.0,3,0,3,  ,0,0.0,0,0,1,0,0,0,0,0,0,0,0,0,0,0,0,0,0
584,2002232099,9999.0,9999.0,23,23111,39.9532,-75.2612,0,0,0,0,0,1,4,3,2002,6,10.0,1.0,0,1.0,3,1,3,  ,2,3.0,1,0,1,0,0,0,0,0,0,0,0,0,0,0,0,0,0
585,2002232287,9999.0,9999.0,39,39103,40.6123,-75.527,0,0,0,0,0,0,4,10,2002,6,21.0,3.0,0,9.0,1,1,7,  ,3,3.0,1,0,1,0,0,0,0,0,0,0,0,0,0,0,0,1,0
586,2002232411,9999.0,9999.0,9,9408,40.1613,-74.9126,0,1,0,0,1,0,4,10,2002,2,21.0,3.0,0,1.0,3,2,3,  ,3,3.0,1,1,1,0,0,0,1,0,0,1,0,0,0,0,0,0,0
587,2002232520,9999.0,9999.0,46,46411,,,0,0,0,0,0,0,4,10,2002,5,15.0,1.0,7,1.0,3,0,3,  ,0,0.0,0,0,1,0,0,0,0,0,0,0,0,0,0,0,0,0,0
588,2002233466,9999.0,9999.0,46,46110,40.156,-75.1218,0,0,0,0,0,0,4,10,2002,3,3.0,3.0,0,1.0,3,1,3,  ,2,3.0,0,0,1,0,0,0,0,0,0,0,0,0,0,0,0,0,0
589,2002233520,9999.0,9999.0,23,23110,39.833,-75.4415,0,0,0,0,1,0,4,11,2002,5,17.0,1.0,0,1.0,3,2,3,  ,9,9.0,1,0,1,0,0,0,0,0,0,0,0,0,0,0,0,0,0
590,2002234013,9999.0,9999.0,2,2409,40.6076,-79.7446,0,0,0,0,0,0,4,11,2002,2,16.0,1.0,0,1.0,3,2,3,  ,3,3.0,0,0,1,0,0,0,0,0,0,0,0,0,0,0,0,0,0
591,2002234081,9999.0,9999.0,36,36214,40.0529,-76.3604,0,0,0,0,0,0,4,11,2002,6,14.0,1.0,7,1.0,3,0,3,  ,0,0.0,1,0,1,0,0,0,0,0,0,0,0,0,0,0,0,1,0
592,2002234248,9999.0,9999.0,9,9202,40.1029,-74.9405,0,0,0,0,0,0,5,11,2002,1,18.0,3.0,0,9.0,3,0,7,  ,0,0.0,0,0,0,0,0,0,0,0,0,0,0,0,0,0,0,1,0
593,2002234252,9999.0,9999.0,66,66301,,,0,0,0,0,1,0,3,11,2002,6,23.0,3.0,0,1.0,3,0,3,  ,0,0.0,0,0,0,0,0,0,0,0,0,0,0,0,0,0,0,0,0
594,2002234314,9999.0,9999.0,43,43301,,,0,0,0,0,0,0,4,9,2002,7,18.0,1.0,0,1.0,3,1,3,  ,0,0.0,0,0,1,0,0,0,0,0,0,0,0,0,0,0,0,1,0
595,2002234375,9999.0,9999.0,2,2433,,,0,0,0,0,0,0,4,9,2002,4,17.0,1.0,0,1.0,3,2,3,  ,0,0.0,0,0,1,0,0,0,0,0,0,0,0,0,0,0,0,0,0
596,2002234401,9999.0,9999.0,66,66301,39.9612,-76.7092,0,0,0,0,0,0,4,11,2002,5,18.0,3.0,0,1.0,3,2,3,  ,3,3.0,0,0,1,0,0,0,0,0,0,0,0,0,0,0,0,0,0
597,2002234771,9999.0,9999.0,39,39209,40.5796,-75.5955,0,0,0,0,0,0,4,10,2002,6,18.0,1.0,0,1.0,1,2,3,  ,3,3.0,1,0,1,0,0,0,0,0,0,0,0,0,0,0,0,0,0
598,2002235047,9999.0,9999.0,9,9213,40.1771,-74.8838,0,0,0,0,1,0,4,10,2002,6,5.0,3.0,7,9.0,3,0,7,  ,0,0.0,1,0,1,0,0,0,0,0,0,0,0,0,0,0,0,0,0
599,2002235144,9999.0,9999.0,46,46409,40.2796,-75.2996,0,0,0,0,0,0,4,9,2002,2,19.0,3.0,0,1.0,3,1,3,  ,2,3.0,0,0,1,0,0,0,0,0,0,0,0,0,0,0,0,1,0