,CRN,ARRIVAL_TM,DISPATCH_TM,COUNTY,MUNICIPALITY,DEC_LAT,DEC_LONG,BICYCLE_DEATH_COUNT,BICYCLE_SUSP_SERIOUS_INJ_COUNT,BUS_COUNT,HEAVY_TRUCK_COUNT,SMALL_TRUCK_COUNT,SUV_COUNT,COLLISION_TYPE,CRASH_MONTH,CRASH_YEAR,DAY_OF_WEEK,HOUR_OF_DAY,ILLUMINATION,LOCATION_TYPE,ROAD_CONDITION,URBAN_RURAL,INTERSECT_TYPE,WEATHER1,WEATHER2,TCD_TYPE,TCD_FUNC_CD,AGGRESSIVE_DRIVING,ALCOHOL_RELATED,ANGLE_CRASH,CELL_PHONE,COMM_VEHICLE,DISTRACTED,DRINKING_DRIVER,DRUGGED_DRIVER,FATIGUE_ASLEEP,IMPAIRED_DRIVER,NHTSA_AGG_DRIVING,RUNNING_RED_LT,RUNNING_STOP_SIGN,SPEEDING_RELATED,TAILGATING,MATURE_DRIVER,YOUNG_DRIVER
600,2002235153,9999.0,9999.0,2,2412,40.64,-80.089,0,0,0,0,0,0,1,10,2002,3,16.0,1.0,0,1.0,3,0,3,  ,0,0.0,0,0,0,0,0,0,0,0,0,0,0,0,0,0,0,0,0
601,2002235413,9999.0,9999.0,64,64305,,,0,0,0,0,0,0,1,10,2002,1,19.0,3.0,0,1.0,3,0,3,  ,0,0.0,0,0,0,0,0,0,0,0,0,0,0,0,0,0,0,0,0
602,2002235473,9999.0,9999.0,9,9202,40.1172,-74.9405,0,0,0,0,1,0,4,11,2002,4,5.0,3.0,0,9.0,3,1,3,  ,2,3.0,0,0,1,0,0,0,0,0,0,0,0,0,0,0,0,0,0
603,2002235626,9999.0,9999.0,2,2464,40.5989,-79.7622,0,0,0,0,0,0,4,3,2002,7,14.0,1.0,0,1.0,3,1,7,  ,0,0.0,0,0,1,0,0,0,0,0,0,0,0,0,0,0,0,0,0
604,2002235811,9999.0,9999.0,62,62227,40.1819,-80.2324,0,0,0,0,0,0,4,10,2002,3,1.0,3.0,0,1.0,3,2,3,  ,2,3.0,0,1,1,0,0,0,0,0,0,0,0,0,0,0,0,1,0
605,2002235822,9999.0,9999.0,23,23111,39.9306,-75.3085,0,0,0,0,0,0,4,10,2002,3,17.0,1.0,0,1.0,3,1,3,  ,2,3.0,1,0,1,0,0,0,0,0,0,0,0,1,0,0,0,0,0
606,2002235950,9999.0,9999.0,49,49301,,,0,0,0,0,0,0,4,11,2002,3,18.0,3.0,0,9.0,2,1,7,  ,3,3.0,0,0,1,0,0,0,0,0,0,0,0,0,0,0,0,0,0
607,2002236019,9999.0,9999.0,66,66301,,,0,0,0,0,0,0,5,10,2002,3,13.0,1.0,0,1.0,3,0,3,  ,0,0.0,0,0,0,0,0,0,0,0,0,0,0,0,0,0,0,0,0
608,2002236155,9999.0,9999.0,46,46101,40.1043,-75.1308,0,0,0,0,0,0,4,10,2002,1,10.0,1.0,0,1.0,3,2,3,  ,0,0.0,1,0,1,0,0,0,0,0,0,0,0,0,1,0,0,1,0
609,2002236311,9999.0,9999.0,9,9101,40.132,-74.8706,0,0,0,0,0,0,4,10,2002,2,23.0,3.0,7,1.0,3,0,3,  ,0,0.0,0,1,1,0,0,0,0,0,0,0,0,0,0,0,0,0,0
610,2002236537,9999.0,9999.0,46,46222,40.1681,-75.4975,0,0,0,0,0,0,4,11,2002,1,9.0,1.0,7,1.0,3,0,3,  ,0,0.0,1,0,1,0,0,0,0,0,0,0,0,0,0,0,0,1,0
611,2002236569,9999.0,9999.0,6,6102,,,0,0,0,0,1,0,4,10,2002,3,16.0,1.0,7,1.0,3,0,3,  ,0,0.0,1,0,1,0,0,0,0,0,0,0,0,0,0,0,0,0,0
612,2002236647,9999.0,9999.0,31,31411,,,0,0,0,0,0,0,4,11,2002,6,19.0,3.0,0,1.0,1,0,3,  ,0,0.0,0,0,1,0,0,0,0,0,0,0,0,0,0,0,0,0,0
613,2002236688,9999.0,9999.0,6,6429,40.3374,-75.9681,0,0,0,0,0,0,4,11,2002,1,17.0,3.0,2,9.0,3,2,7,  ,2,3.0,0,0,1,0,0,0,0,0,0,0,0,0,0,0,0,0,0
614,2002236744,9999.0,9999.0,9,9225,40.1733,-75.0442,0,0,0,0,0,0,5,11,2002,4,15.0,1.0,0,1.0,3,0,3,  ,0,0.0,0,0,0,0,0,0,0,0,0,0,0,0,0,0,0,0,0
615,2002236953,9999.0,9999.0,2,2403,,,0,0,0,0,0,1,4,11,2002,2,16.0,4.0,7,1.0,3,0,3,  ,0,0.0,1,0,1,0,0,0,0,0,0,0,0,0,0,0,0,0,0
616,2002237236,9999.0,9999.0,37,37301,41.0055,-80.3433,0,0,0,0,0,0,1,11,2002,6,22.0,3.0,0,1.0,2,1,3,  ,3,3.0,0,0,0,0,0,0,0,0,0,0,0,0,0,0,0,0,0
617,2002237443,9999.0,9999.0,15,15256,40.0267,-75.5033,0,1,0,0,0,1,2,12,2002,4,18.0,2.0,0,1.0,1,0,3,  ,0,0.0,0,0,0,0,0,0,0,0,0,0,0,0,0,0,0,0,0
618,2002237610,9999.0,9999.0,25,25301,41.9204,-79.6404,0,0,0,0,0,1,4,10,2002,3,16.0,1.0,0,9.0,2,1,7,  ,2,3.0,1,0,1,0,0,0,0,0,0,0,0,0,0,0,0,0,0
619,2002238012,9999.0,9999.0,23,23107,39.8951,-75.317,0,0,0,0,0,0,4,7,2002,4,11.0,1.0,0,1.0,3,1,3,  ,3,3.0,1,0,1,0,0,0,0,0,0,0,0,0,1,0,0,0,0
620,2002238076,9999.0,9999.0,23,23107,39.8774,-75.3445,0,0,0,0,0,0,4,7,2002,2,21.0,3.0,7,1.0,3,0,3,  ,0,0.0,1,0,1,0,0,0,0,0,0,0,0,0,0,0,0,0,1
621,2002238171,9999.0,9999.0,28,28403,39.8283,-77.9004,0,0,0,0,0,0,4,11,2002,4,19.0,3.0,0,1.0,1,1,3,  ,0,0.0,0,0,1,0,0,0,0,0,0,0,0,0,0,0,0,0,0
622,2002238182,9999.0,9999.0,6,6301,40.3337,-75.9269,0,0,0,0,1,0,4,11,2002,1,17.0,3.0,0,1.0,3,1,3,  ,3,3.0,0,0,1,0,0,0,0,0,0,0,0,0,0,0,0,0,0
623,2002238773,9999.0,9999.0,23,23107,39.8884,-75.3279,0,0,0,0,0,0,1,11,2002,5,17.0,3.0,7,9.0,3,0,7,  ,0,0.0,1,0,0,0,0,0,0,0,0,0,0,0,0,1,0,0,0
624,2002238817,9999.0,9999.0,40,40301,,,0,0,0,0,0,0,4,8,2002,2,18.0,1.0,0,9.0,2,1,3,  ,0,0.0,0,0,1,0,0,0,0,0,0,0,0,0,0,0,0,0,0
625,2002238819,9999.0,9999.0,40,40301,,,0,0,0,0,0,0,4,8,2002,4,11.0,1.0,0,1.0,2,1,3,  ,3,3.0,0,0,1,0,0,0,0,0,0,0,0,0,0,0,0,0,0
626,2002238914,9999.0,9999.0,46,46408,40.1833,-75.0917,0,0,0,0,0,0,4,12,2002,4,6.0,3.0,0,9.0,3,1,7,  ,3,3.0,0,0,1,0,0,0,0,0,0,0,0,0,0,0,0,0,0
627,2002238998,9999.0,9999.0,40,40301,,,0,0,0,0,0,0,4,8,2002,2,17.0,1.0,0,1.0,2,1,3,  ,3,3.0,0,0,1,0,0,0,0,0,0,0,0,0,0,0,0,0,1
628,2002238999,9999.0,9999.0,40,40301,,,0,0,0,0,0,0,4,8,2002,7,12.0,1.0,0,1.0,2,1,3,  ,3,3.0,0,0,1,0,0,0,0,0,0,0,0,0,0,0,0,0,0
629,2002239182,9999.0,9999.0,23,23107,,,0,0,0,0,0,0,4,8,2002,6,11.0,1.0,0,1.0,3,0,3,  ,0,0.0,0,0,1,0,0,0,0,0,0,0,0,0,0,0,0,1,0
630,2002239527,9999.0,9999.0,23,23107,,,0,0,0,0,0,0,4,9,2002,1,16.0,1.0,7,1.0,3,0,3,  ,0,0.0,0,0,1,0,0,0,0,0,0,0,0,0,0,0,0,1,0
631,2002239580,9999.0,9999.0,10,10101,,,0,0,0,0,0,0,1,12,2002,6,17.0,3.0,0,9.0,2,0,7,  ,0,0.0,0,0,0,0,0,0,0,0,0,0,0,0,0,0,0,0,1
632,2002239799,9999.0,9999.0,6,6214,40.2858,-75.8267,0,1,0,0,0,0,4,11,2002,6,16.0,1.0,0,9.0,3,2,3,  ,3,3.0,1,0,1,0,0,0,0,0,0,0,0,0,0,1,0,0,1
633,2002239998,9999.0,9999.0,66,66301,39.9583,-76.7255,0,0,0,0,0,1,4,12,2002,2,16.0,1.0,0,1.0,3,1,3,  ,2,3.0,0,0,1,0,0,0,0,0,0,0,0,0,0,0,0,0,0
634,2002240055,9999.0,9999.0,6,6301,,,0,0,0,0,0,0,1,12,2002,5,23.0,3.0,0,9.0,3,0,7,  ,0,0.0,1,0,0,0,0,0,0,0,0,0,0,0,0,1,0,0,0
635,2002240078,9999.0,9999.0,15,15215,40.0303,-75.466,0,0,0,0,0,0,4,12,2002,4,9.0,1.0,0,1.0,3,2,3,  ,3,3.0,1,0,1,0,0,0,0,0,0,0,0,0,0,0,0,1,0
636,2002240649,9999.0,9999.0,23,23107,39.8985,-75.3082,0,0,0,0,0,0,4,12,2002,2,15.0,4.0,0,1.0,3,1,3,  ,2,3.0,0,0,1,0,0,0,0,0,0,0,0,0,0,0,0,0,0
637,2002240665,9999.0,9999.0,46,46424,40.0687,-75.3113,0,0,0,0,0,0,4,12,2002,1,13.0,1.0,0,1.0,3,1,3,  ,2,3.0,0,0,1,0,0,0,0,0,0,0,0,0,0,0,0,0,0
638,2002241308,9999.0,9999.0,23,23412,39.9418,-75.2713,0,0,0,0,0,0,4,8,2002,3,13.0,1.0,0,1.0,3,2,3,  ,3,3.0,0,0,1,0,0,0,0,0,0,0,0,0,0,0,0,0,0
639,2002243374,9999.0,9999.0,23,23111,39.9519,-75.2824,0,0,0,0,0,1,4,12,2002,3,15.0,1.0,0,1.0,3,2,3,  ,2,3.0,0,0,1,0,0,0,0,0,0,0,0,0,0,0,0,0,0
640,2002243570,9999.0,9999.0,23,23111,,,0,0,0,0,0,1,6,10,2002,5,18.0,3.0,0,9.0,3,0,7,  ,0,0.0,0,0,0,0,0,0,0,0,0,0,0,0,0,0,0,0,0
641,2002243669,9999.0,9999.0,46,46208,40.1309,-75.4015,0,0,0,0,0,1,5,9,2002,6,17.0,1.0,0,1.0,3,1,3,  ,2,3.0,1,0,0,0,0,0,0,0,0,0,0,0,0,0,0,0,0
642,2002243689,9999.0,9999.0,46,46411,40.2416,-75.2837,0,0,0,0,0,0,4,7,2002,3,13.0,1.0,0,1.0,3,1,3,  ,2,3.0,1,0,1,0,0,0,0,0,0,0,0,0,0,0,0,0,1
643,2002243722,9999.0,9999.0,6,6301,40.3517,-75.9128,0,0,0,0,0,0,4,8,2002,1,18.0,1.0,0,1.0,3,1,3,  ,3,3.0,0,0,1,0,0,0,0,0,0,0,0,0,0,0,0,0,0
644,2002243886,9999.0,9999.0,2,2440,,,0,0,0,0,1,0,1,10,2002,4,13.0,1.0,0,9.0,3,1,7,  ,3,3.0,1,0,0,0,0,0,0,0,0,0,0,0,0,0,0,0,0
645,2002243905,9999.0,9999.0,62,62302,40.1807,-80.2625,0,0,0,0,1,0,4,10,2002,3,18.0,1.0,2,1.0,3,2,3,  ,3,3.0,1,0,1,0,0,0,0,0,0,0,0,0,0,0,0,0,0
646,2002243915,9999.0,9999.0,62,62302,40.1751,-80.2502,0,0,0,0,0,0,4,8,2002,3,22.0,3.0,0,1.0,3,1,3,  ,3,3.0,0,0,1,0,0,0,0,0,0,0,0,0,0,0,0,0,0
647,2002243951,9999.0,9999.0,46,46208,40.119,-75.4258,0,0,0,0,0,0,5,12,2002,7,9.0,1.0,0,1.0,3,2,3,  ,3,3.0,1,0,0,0,0,0,0,0,0,0,0,0,0,0,0,0,0
648,2002244666,9999.0,9999.0,15,15214,40.0366,-75.5645,0,0,0,0,0,0,4,12,2002,7,13.0,1.0,7,1.0,3,0,3,  ,0,0.0,0,0,1,0,0,0,0,0,0,0,0,0,0,0,0,0,0
649,2002244833,9999.0,9999.0,46,46224,40.1016,-75.2791,0,0,0,0,0,0,4,12,2002,7,10.0,1.0,0,1.0,3,1,9,  ,2,3.0,1,0,1,0,0,0,0,0,0,0,0,0,0,0,0,1,0
650,2002244972,9999.0,9999.0,9,9211,40.263,-74.9084,0,0,0,0,0,0,5,12,2002,2,15.0,1.0,0,1.0,3,0,3,  ,0,0.0,1,0,0,0,0,0,0,0,0,0,0,0,0,0,0,0,0
651,2002244983,9999.0,9999.0,6,6301,40.3413,-75.9199,0,0,0,0,0,0,9,12,2002,4,4.0,3.0,0,2.0,3,0,3,  ,0,0.0,0,0,0,0,0,0,0,0,0,0,0,0,0,0,0,0,0
652,2002245076,9999.0,9999.0,40,40301,,,0,0,0,0,0,0,1,9,2002,4,19.0,4.0,0,1.0,2,0,3,  ,0,0.0,0,0,0,0,0,0,0,0,0,0,0,0,0,0,0,0,0
653,2002245116,9999.0,9999.0,37,37403,,,0,0,0,0,1,0,4,6,2002,7,9.0,1.0,0,1.0,3,1,3,  ,0,0.0,0,0,1,0,0,0,0,0,0,0,0,0,0,0,0,1,0
654,2002245229,9999.0,9999.0,9,9213,,,0,0,0,0,0,0,4,11,2002,6,17.0,3.0,7,9.0,3,0,7,  ,0,0.0,0,0,1,0,0,0,0,0,0,0,0,0,0,0,0,0,0
655,2002245253,9999.0,9999.0,9,9227,40.2452,-75.1359,0,0,0,0,0,0,4,12,2002,7,21.0,3.0,0,1.0,3,1,3,  ,2,3.0,0,0,1,0,0,0,0,0,0,0,0,0,0,0,0,0,1
656,2002299993,9999.0,9999.0,23,23111,39.9472,-75.2981,0,0,0,0,0,1,4,11,2002,6,17.0,3.0,0,9.0,3,1,3,  ,3,3.0,0,0,1,0,0,0,0,0,0,0,0,0,0,0,0,0,0
657,2003000034,1810.0,9999.0,2,2440,40.2658,-79.9059,1,1,0,0,0,0,1,11,2002,6,18.0,2.0,0,1.0,3,0,3,  ,0,0.0,0,0,0,0,0,0,0,0,0,0,0,0,0,0,0,0,0
658,2003000047,2036.0,9999.0,22,22208,40.3001,-76.818,1,0,0,0,1,0,4,9,2002,1,20.0,2.0,0,1.0,3,0,3,  ,0,0.0,0,1,1,0,0,0,0,0,0,0,0,0,0,0,0,0,1
659,2003000148,700.0,657.0,40,40304,41.2461,-75.8697,1,0,0,0,1,0,4,11,2002,6,6.0,3.0,0,9.0,3,1,3,  ,2,3.0,1,0,1,0,0,0,0,0,0,0,0,0,0,1,0,0,0
660,2003000174,1807.0,1745.0,21,21203,40.114,-77.5017,1,0,0,0,1,0,1,10,2002,4,17.0,1.0,0,9.0,1,0,98,  ,0,0.0,0,0,0,0,0,0,0,0,0,0,0,0,0,0,0,0,1
661,2003000253,1332.0,1330.0,67,67301,,,0,0,0,0,0,0,4,3,2002,5,13.0,1.0,0,1.0,3,0,3,  ,0,0.0,0,0,1,0,0,0,0,0,0,0,0,0,0,0,0,0,1
662,2003000574,1458.0,1454.0,41,41406,,,0,0,0,0,0,0,4,8,2002,4,14.0,1.0,0,1.0,1,2,3,  ,3,3.0,0,0,1,0,0,0,0,0,0,0,0,0,0,0,0,0,0
663,2003000673,1811.0,1908.0,67,67301,39.9244,-75.1696,0,0,0,0,0,0,4,1,2002,5,18.0,3.0,0,1.0,3,2,3,  ,0,0.0,0,0,1,0,0,1,0,0,0,0,0,0,0,0,0,0,0
664,2003000747,1901.0,1901.0,46,46413,40.1189,-75.3468,0,0,0,0,0,0,4,11,2002,2,19.0,3.0,0,1.0,3,1,3,  ,2,3.0,0,0,1,0,0,1,0,0,0,0,0,0,0,0,0,0,0
665,2003001086,1107.0,1105.0,2,2301,40.4549,-79.9114,0,0,0,0,0,0,4,3,2002,7,11.0,1.0,0,1.0,3,2,3,  ,0,0.0,0,0,1,0,0,0,0,0,0,0,0,0,0,0,0,1,0
666,2003001143,2005.0,2005.0,39,39102,40.6273,-75.4836,0,0,0,0,0,0,9,2,2002,6,20.0,3.0,2,1.0,3,2,3,  ,2,3.0,0,0,0,0,0,0,0,0,0,0,0,0,0,0,0,0,0
667,2003001284,1707.0,1706.0,8,8410,41.9987,-76.5486,0,0,0,0,1,0,4,3,2002,4,12.0,1.0,0,1.0,2,1,3,  ,2,3.0,0,0,1,0,0,0,0,0,0,0,0,0,0,0,0,0,1
668,2003001360,1055.0,1051.0,2,2301,,,0,0,0,0,0,0,4,3,2002,3,10.0,1.0,0,9.0,3,0,7,  ,0,0.0,1,0,1,0,0,0,0,0,0,0,0,0,0,0,0,0,0
669,2003001910,2344.0,2342.0,67,67301,,,0,0,0,0,0,0,4,3,2002,5,23.0,3.0,0,1.0,3,10,3,  ,0,0.0,0,1,1,0,0,0,0,0,0,0,0,0,0,0,0,0,0
670,2003002118,1942.0,1913.0,67,67301,40.1309,-75.0152,0,0,0,0,0,0,8,2,2002,4,19.0,3.0,0,1.0,3,2,3,  ,3,3.0,1,0,0,0,0,0,0,0,0,0,1,0,1,1,0,0,0
671,2003002294,1914.0,1912.0,14,14410,40.7901,-77.8541,0,0,0,0,0,0,4,9,2002,1,19.0,4.0,0,1.0,3,1,3,  ,3,3.0,1,0,1,0,0,0,0,0,0,0,0,0,0,0,0,0,0
672,2003004858,939.0,938.0,1,1409,39.8045,-77.018,1,0,0,0,0,0,4,4,2002,3,9.0,1.0,7,1.0,2,0,3,  ,0,0.0,0,0,1,0,0,0,0,0,0,0,0,0,0,0,0,1,0
673,2003005088,1246.0,1245.0,67,67301,40.0086,-75.0984,1,0,0,0,0,0,6,8,2002,2,12.0,1.0,0,9.0,3,1,3,  ,2,3.0,0,0,0,0,0,0,0,0,0,0,0,0,0,0,0,0,0
674,2003005199,1721.0,1719.0,39,39301,40.6014,-75.5105,0,0,0,0,0,0,4,3,2002,7,17.0,1.0,0,1.0,3,2,3,  ,0,0.0,0,0,1,0,0,0,0,0,0,0,0,0,0,0,0,0,1
675,2003006066,2144.0,2126.0,51,51202,41.2492,-74.9197,0,1,0,0,0,0,4,2,2002,7,21.0,2.0,0,1.0,1,0,3,  ,0,0.0,0,0,1,0,0,0,0,0,0,0,0,0,0,0,0,0,0
676,2003006128,1733.0,1727.0,23,23106,40.0434,-75.388,0,0,0,0,0,0,4,4,2002,7,16.0,1.0,0,9.0,3,2,3,  ,3,3.0,1,0,1,0,0,0,0,0,0,0,1,0,1,0,0,0,0
677,2003006272,940.0,940.0,2,2301,40.4715,-79.9263,0,0,0,0,0,0,4,4,2002,4,9.0,1.0,0,1.0,3,1,3,  ,2,3.0,1,0,1,0,0,0,0,0,0,0,1,1,0,0,0,1,0
678,2003006372,1810.0,1802.0,35,35302,41.4452,-75.6585,0,0,0,0,0,0,4,4,2002,2,18.0,1.0,0,1.0,3,1,3,  ,0,0.0,0,0,1,0,0,0,0,0,0,0,0,0,0,0,0,0,0
679,2003006644,1622.0,1619.0,40,40304,,,0,0,0,0,0,0,4,4,2002,5,16.0,1.0,0,1.0,3,1,3,  ,3,3.0,0,0,1,0,0,0,0,0,0,0,0,0,0,0,0,0,1
680,2003006836,704.0,703.0,2,2113,40.4898,-79.8505,1,0,0,0,0,0,1,6,2002,6,7.0,5.0,0,1.0,3,0,3,  ,0,0.0,0,0,0,0,0,1,0,0,0,0,0,0,0,0,0,0,0
681,2003006860,2122.0,2118.0,67,67301,39.9634,-75.1694,0,0,0,0,0,0,4,4,2002,3,21.0,3.0,0,1.0,3,1,3,  ,2,3.0,0,0,1,0,0,0,0,0,0,0,0,0,0,0,0,0,0
682,2003006969,150.0,150.0,67,67301,39.9697,-75.1416,1,0,0,0,0,0,4,8,2002,1,1.0,2.0,0,1.0,3,1,3,  ,2,3.0,0,0,1,0,0,0,0,0,0,0,0,0,0,0,0,0,1
683,2003007139,44.0,33.0,64,64209,40.3203,-79.5598,1,0,0,0,0,0,1,12,2002,1,0.0,2.0,0,1.0,3,0,3,  ,0,0.0,0,0,0,0,0,0,0,0,0,0,0,0,0,0,0,0,1
684,2003007704,1907.0,1903.0,2,2301,,,0,0,0,0,0,0,8,9,2002,3,19.0,1.0,0,1.0,3,1,3,  ,0,0.0,0,0,0,0,0,0,0,0,0,0,0,0,0,0,0,1,0
685,2003008015,1629.0,1626.0,14,14410,40.8046,-77.8612,0,0,0,0,1,0,4,9,2002,2,16.0,1.0,0,1.0,3,0,3,  ,0,0.0,0,0,1,0,0,0,0,0,0,0,0,0,0,0,0,0,0
686,2003008298,1815.0,1812.0,67,67301,39.9813,-75.1647,0,0,0,0,0,0,4,4,2002,3,18.0,1.0,0,1.0,3,0,3,  ,0,0.0,0,0,1,0,0,0,0,0,0,0,0,0,0,0,0,0,0
687,2003008400,1715.0,1712.0,46,46220,40.1007,-75.4204,1,0,0,0,1,0,4,7,2002,4,17.0,1.0,0,1.0,3,1,3,  ,3,3.0,0,0,1,0,0,0,0,0,0,0,0,0,0,0,0,0,0
688,2003008458,1020.0,9999.0,9,9101,40.1268,-74.8825,1,0,0,1,0,0,4,7,2002,7,10.0,1.0,7,1.0,3,0,3,  ,1,3.0,1,1,1,0,1,0,0,0,0,0,0,0,0,0,0,0,0
689,2003008471,0.0,1438.0,67,67301,,,0,0,0,0,0,0,8,4,2002,7,13.0,1.0,0,1.0,3,1,3,  ,9,9.0,0,0,0,0,0,0,0,0,0,0,0,0,0,0,0,0,0
690,2003009318,1611.0,1610.0,25,25302,,,0,0,0,0,0,0,4,3,2002,3,16.0,1.0,0,1.0,3,10,3,  ,3,3.0,0,0,1,0,0,0,0,0,0,0,0,0,0,0,0,0,0
691,2003009725,1632.0,1624.0,67,67301,,,0,0,0,0,0,0,4,3,2002,1,15.0,1.0,0,9.0,3,0,7,  ,0,0.0,0,0,1,0,0,0,0,0,0,0,0,0,0,0,0,0,0
692,2003009739,1540.0,1531.0,67,67301,40.0097,-75.0927,0,0,0,0,0,0,4,4,2002,2,14.0,1.0,0,1.0,3,2,3,  ,0,0.0,1,0,1,0,0,0,0,0,0,0,0,0,1,0,0,0,0
693,2003009918,1748.0,1747.0,67,67301,40.0254,-75.2214,0,0,0,0,0,0,8,3,2002,7,17.0,1.0,0,1.0,3,10,3,  ,0,0.0,0,0,0,0,0,1,0,0,0,0,0,0,0,0,0,0,0
694,2003009920,1752.0,1731.0,67,67301,39.9863,-75.1318,0,0,0,0,0,0,5,3,2002,7,5.0,1.0,99,1.0,3,10,3,  ,9,9.0,0,0,0,0,0,0,0,0,0,0,0,0,0,0,0,0,0
695,2003009936,1101.0,1059.0,67,67301,39.9501,-75.164,0,0,1,0,0,0,5,3,2002,4,10.0,1.0,0,1.0,3,1,3,  ,2,3.0,0,0,0,0,1,0,0,0,0,0,0,0,0,0,0,0,0
696,2003010265,2000.0,2000.0,67,67301,39.9747,-75.1275,0,0,0,0,0,0,4,2,2002,5,16.0,1.0,0,1.0,3,2,3,  ,3,3.0,0,0,1,0,0,0,0,0,0,0,0,0,0,0,0,0,0
697,2003010307,1649.0,1647.0,46,46413,40.1161,-75.3483,0,0,0,0,0,0,4,4,2002,1,16.0,1.0,0,1.0,3,0,3,  ,0,0.0,1,0,1,0,0,0,0,0,0,0,0,0,0,0,0,0,0
698,2003010676,1947.0,1945.0,67,67301,,,0,0,0,0,0,0,6,3,2002,7,19.0,1.0,0,1.0,3,1,3,  ,3,9.0,0,0,0,0,0,0,0,0,0,0,0,0,0,0,0,0,0
699,2003010689,1145.0,1140.0,67,67301,39.9447,-75.1653,0,0,0,0,0,1,4,2,2002,4,11.0,1.0,0,98.0,3,1,99,  ,2,3.0,1,0,1,0,0,0,0,0,0,0,0,0,0,0,0,0,0
700,2003010766,1315.0,1312.0,67,67301,,,0,0,0,0,0,0,5,3,2002,4,13.0,1.0,0,9.0,3,0,7,  ,0,0.0,0,0,0,0,0,0,0,0,0,0,0,0,0,0,0,0,0
701,2003010802,1849.0,1848.0,67,67301,,,0,0,0,0,0,0,1,3,2002,5,18.0,3.0,0,1.0,3,0,3,  ,0,0.0,1,0,0,0,0,0,0,0,0,0,0,0,0,0,0,0,0
702,2003010844,825.0,820.0,67,67301,,,0,0,0,0,0,0,4,3,2002,6,8.0,1.0,0,1.0,3,0,3,  ,0,0.0,0,0,1,0,0,0,0,0,0,0,0,0,0,0,0,0,0
703,2003010929,1240.0,1232.0,35,35302,41.3968,-75.6657,0,0,0,0,0,0,4,5,2002,3,11.0,1.0,0,1.0,3,1,3,  ,0,0.0,0,0,1,0,0,0,0,0,0,0,0,0,0,0,0,0,0
704,2003010931,1724.0,1723.0,64,64407,40.597,-79.5633,0,0,0,0,0,0,6,5,2002,6,17.0,1.0,0,1.0,2,2,3,  ,3,3.0,0,0,0,0,0,0,0,0,0,0,0,0,0,0,0,0,0
705,2003011327,1627.0,1626.0,25,25302,,,0,0,0,0,0,0,4,6,2002,1,16.0,1.0,0,1.0,3,0,3,  ,0,0.0,0,0,1,0,0,0,0,0,0,0,0,0,0,0,0,0,0
706,2003011348,856.0,854.0,22,22101,40.3285,-76.8655,0,0,0,0,0,0,4,5,2002,7,8.0,1.0,0,1.0,3,2,3,  ,0,0.0,1,1,1,0,0,0,0,0,0,0,0,0,0,0,0,1,0
707,2003011369,1725.0,1910.0,67,67301,,,0,0,0,0,0,0,5,5,2002,7,17.0,1.0,0,1.0,3,0,3,  ,0,0.0,0,1,0,0,0,0,0,0,0,0,0,0,0,0,0,0,0
708,2003011394,805.0,758.0,67,67301,,,0,0,0,0,0,0,8,4,2002,2,7.0,1.0,0,1.0,3,1,3,  ,0,0.0,0,0,0,0,0,0,0,0,0,0,0,0,0,0,0,0,0
709,2003011399,1530.0,1530.0,67,67301,,,0,0,0,0,0,0,5,4,2002,2,15.0,1.0,0,1.0,3,0,3,  ,0,0.0,0,0,0,0,1,0,0,0,0,0,0,0,0,0,0,0,0
710,2003011575,1637.0,1635.0,48,48407,40.5905,-75.3411,0,1,0,0,0,0,4,3,2002,7,16.0,1.0,0,1.0,3,1,3,  ,3,3.0,0,0,1,0,0,0,0,0,0,0,0,0,0,0,0,0,1
711,2003011944,1935.0,1933.0,67,67301,,,0,0,0,0,0,0,8,4,2002,1,19.0,3.0,0,1.0,3,2,3,  ,2,3.0,0,0,0,0,0,0,0,0,0,0,0,0,0,0,0,0,0
712,2003011988,422.0,420.0,67,67301,39.9478,-75.2278,0,0,0,0,0,0,7,4,2002,1,4.0,3.0,0,1.0,3,0,3,  ,0,0.0,0,1,0,0,0,0,1,0,0,1,0,0,0,0,0,0,0
713,2003012165,1649.0,1647.0,64,64412,,,0,0,0,0,0,0,4,4,2002,4,16.0,1.0,0,1.0,2,1,3,  ,0,0.0,0,0,1,0,0,0,0,0,0,0,0,0,0,0,0,0,1
714,2003012210,1521.0,1521.0,9,9202,40.1504,-74.9121,0,0,0,0,0,0,4,4,2002,4,15.0,1.0,0,9.0,3,0,7,  ,3,3.0,0,0,1,0,0,0,0,0,0,0,0,0,0,0,0,0,0
715,2003012265,1514.0,1508.0,46,46104,40.0254,-75.3204,0,0,0,0,0,0,4,4,2002,3,15.0,1.0,7,1.0,3,0,3,  ,0,0.0,1,0,1,0,0,0,0,0,0,0,0,0,0,1,0,1,0
716,2003012276,1758.0,1755.0,53,53301,,,0,0,0,0,0,0,5,4,2002,6,17.0,1.0,0,1.0,2,0,3,  ,0,0.0,1,0,0,0,0,0,0,0,1,0,0,0,0,0,0,0,0
717,2003012354,1927.0,1926.0,64,64303,,,0,0,0,0,0,0,4,4,2002,4,19.0,1.0,0,2.0,3,2,7,  ,0,0.0,0,0,1,0,0,0,0,0,0,0,0,0,0,0,0,0,0
718,2003012367,1846.0,1838.0,6,6103,40.3082,-75.9566,0,0,0,0,0,0,4,4,2002,2,18.0,1.0,0,1.0,1,2,3,  ,2,3.0,0,0,1,0,0,0,0,0,0,0,0,0,0,0,0,0,0