,CRN,ARRIVAL_TM,DISPATCH_TM,COUNTY,MUNICIPALITY,DEC_LAT,DEC_LONG,BICYCLE_DEATH_COUNT,BICYCLE_SUSP_SERIOUS_INJ_COUNT,BUS_COUNT,HEAVY_TRUCK_COUNT,SMALL_TRUCK_COUNT,SUV_COUNT,COLLISION_TYPE,CRASH_MONTH,CRASH_YEAR,DAY_OF_WEEK,HOUR_OF_DAY,ILLUMINATION,LOCATION_TYPE,ROAD_CONDITION,URBAN_RURAL,INTERSECT_TYPE,WEATHER1,WEATHER2,TCD_TYPE,TCD_FUNC_CD,AGGRESSIVE_DRIVING,ALCOHOL_RELATED,ANGLE_CRASH,CELL_PHONE,COMM_VEHICLE,DISTRACTED,DRINKING_DRIVER,DRUGGED_DRIVER,FATIGUE_ASLEEP,IMPAIRED_DRIVER,NHTSA_AGG_DRIVING,RUNNING_RED_LT,RUNNING_STOP_SIGN,SPEEDING_RELATED,TAILGATING,MATURE_DRIVER,YOUNG_DRIVER
719,2003012484,1903.0,1859.0,2,2466,40.5171,-79.7266,0,1,0,0,0,0,4,4,2002,6,18.0,1.0,0,1.0,3,1,3,  ,3,3.0,1,0,1,0,0,0,0,0,0,0,1,0,1,0,0,0,0
720,2003013074,721.0,719.0,9,9226,40.1995,-75.0872,0,0,0,0,1,0,4,10,2002,2,7.0,1.0,0,1.0,3,2,3,  ,2,3.0,1,0,1,0,0,0,0,0,0,0,0,0,0,0,0,0,0
721,2003013815,1811.0,1805.0,35,35302,41.4306,-75.665,0,0,0,0,1,0,8,6,2002,3,18.0,1.0,0,1.0,3,0,3,  ,0,0.0,0,0,0,0,0,0,0,0,0,0,0,0,0,0,0,0,0
722,2003014143,1720.0,1703.0,67,67301,39.9987,-75.1095,0,0,0,0,0,0,5,6,2002,3,16.0,1.0,0,1.0,3,0,3,  ,0,0.0,0,0,0,0,0,0,0,0,0,0,0,0,0,0,0,0,0
723,2003014447,905.0,902.0,14,14410,40.7955,-77.8528,0,0,0,0,0,0,4,9,2002,6,9.0,1.0,0,1.0,3,1,3,  ,0,0.0,1,0,1,0,0,0,0,0,0,0,0,0,0,0,0,0,1
724,2003014578,1707.0,1702.0,25,25210,42.1455,-80.0043,0,0,0,0,0,0,4,5,2002,2,17.0,1.0,0,1.0,1,0,3,  ,0,0.0,0,0,1,0,0,0,0,0,0,0,0,0,0,0,0,0,0
725,2003014586,1654.0,1647.0,25,25207,41.9753,-80.3854,0,0,0,0,0,0,4,5,2002,1,16.0,1.0,0,1.0,1,0,3,  ,0,0.0,0,0,1,0,0,0,0,0,0,0,0,0,0,0,0,0,0
726,2003014846,1859.0,1859.0,18,18401,41.1849,-77.3144,0,0,0,0,0,0,4,5,2002,7,18.0,1.0,0,1.0,1,1,3,  ,3,3.0,0,0,1,0,0,0,0,0,0,0,0,0,0,0,0,1,0
727,2003014865,1548.0,1547.0,14,14406,40.8969,-78.2195,0,0,0,0,0,0,4,5,2002,6,15.0,1.0,0,1.0,1,1,3,  ,3,2.0,0,0,1,0,0,0,0,0,0,0,0,0,0,0,0,0,0
728,2003015161,1808.0,1806.0,46,46104,40.0012,-75.2759,0,0,0,0,0,0,8,6,2002,1,18.0,1.0,0,1.0,3,0,3,  ,0,0.0,0,0,0,0,0,0,0,0,0,0,0,0,0,0,0,0,0
729,2003015247,1556.0,1553.0,67,67301,39.9613,-75.1753,0,0,0,0,1,0,4,5,2002,5,15.0,1.0,0,1.0,3,1,3,  ,2,3.0,0,0,1,0,0,0,0,0,0,0,0,0,0,0,0,0,0
730,2003015760,1645.0,1641.0,67,67301,39.991,-75.1121,0,0,0,0,0,0,4,6,2002,2,16.0,1.0,0,1.0,3,1,99,  ,3,3.0,0,0,1,0,0,0,0,0,0,0,0,0,0,0,0,0,0
731,2003015798,1715.0,1710.0,40,40214,40.9918,-75.9832,0,0,0,0,0,0,4,3,2002,5,16.0,1.0,0,1.0,1,2,3,  ,2,3.0,0,0,1,0,0,0,0,0,0,0,0,0,0,0,0,0,0
732,2003015881,1935.0,1933.0,35,35302,41.4424,-75.645,0,0,0,0,0,0,4,6,2002,6,19.0,1.0,0,1.0,3,1,3,  ,0,0.0,0,0,1,0,0,0,0,0,0,0,0,0,0,0,0,0,0
733,2003016034,1731.0,1730.0,25,25302,,,0,0,0,0,0,0,4,5,2002,1,17.0,1.0,0,1.0,3,1,3,  ,3,2.0,0,0,1,0,0,0,0,0,0,0,0,0,0,0,0,0,0
734,2003016036,2049.0,2047.0,25,25302,42.1302,-80.0396,0,0,0,0,0,0,4,5,2002,1,20.0,4.0,0,1.0,3,2,3,  ,2,3.0,0,0,1,0,0,0,0,0,0,0,0,0,0,0,0,1,0
735,2003016098,2019.0,2009.0,22,22202,40.285,-76.6295,0,0,0,0,1,0,4,5,2002,4,20.0,1.0,7,1.0,3,0,3,  ,0,0.0,0,0,1,0,0,0,0,0,0,0,0,0,0,0,0,0,0
736,2003016117,1931.0,1926.0,9,9208,40.1833,-74.8521,0,0,0,0,1,0,2,6,2002,2,19.0,1.0,0,1.0,3,2,3,  ,3,3.0,0,0,0,0,0,0,0,1,0,1,0,0,0,0,0,0,0
737,2003016141,1741.0,1739.0,14,14410,40.7982,-77.8664,0,0,0,0,0,0,1,4,2002,5,17.0,1.0,0,1.0,3,2,3,  ,3,3.0,0,0,0,0,0,0,0,0,0,0,0,0,0,0,0,0,1
738,2003016290,1220.0,125.0,35,35302,,,0,0,0,0,0,0,4,6,2002,3,12.0,1.0,0,1.0,3,0,3,  ,0,0.0,0,0,1,0,0,0,0,0,0,0,0,0,0,0,0,0,0
739,2003016338,1600.0,1557.0,26,26415,,,0,0,0,0,0,0,4,6,2002,3,15.0,1.0,0,1.0,1,0,3,  ,0,0.0,0,0,1,0,0,0,0,0,0,0,0,0,0,0,0,0,0
740,2003016397,1836.0,1833.0,67,67301,,,0,0,0,0,0,0,4,4,2002,6,19.0,1.0,0,9.0,3,1,10,  ,2,3.0,0,0,1,0,0,0,0,0,0,0,0,0,0,0,0,0,0
741,2003016404,1914.0,1910.0,67,67301,,,0,0,0,0,0,0,4,5,2002,5,19.0,1.0,0,1.0,3,0,3,  ,0,0.0,0,0,1,0,0,0,0,0,0,0,0,0,0,0,0,0,0
742,2003016418,2022.0,2017.0,67,67301,,,0,1,0,0,1,0,4,5,2002,4,20.0,4.0,0,1.0,3,1,3,  ,0,0.0,0,0,1,0,0,0,0,0,0,0,0,0,0,0,0,0,0
743,2003016438,2003.0,2029.0,67,67301,,,0,0,0,0,0,0,4,6,2002,2,19.0,4.0,7,1.0,3,0,3,  ,0,0.0,0,0,1,0,0,0,0,0,0,0,0,0,0,0,0,1,0
744,2003016441,1912.0,1909.0,67,67301,,,0,0,0,0,0,0,1,4,2002,1,2.0,3.0,0,1.0,3,0,3,  ,0,0.0,0,0,0,0,0,0,0,0,0,0,0,0,0,0,0,0,0
745,2003016450,9999.0,1548.0,67,67301,40.0065,-75.1882,0,0,0,0,0,0,8,5,2002,6,15.0,1.0,0,1.0,3,2,3,  ,2,3.0,0,0,0,0,0,0,0,0,0,0,0,0,0,0,0,0,0
746,2003016583,1323.0,1320.0,15,15203,39.9597,-75.6301,0,0,0,0,0,0,4,6,2002,1,13.0,1.0,0,1.0,1,1,3,  ,3,2.0,1,0,1,0,0,0,0,0,0,0,0,0,0,0,0,0,0
747,2003016754,1816.0,1810.0,36,36411,40.0569,-76.5703,0,0,0,0,0,0,4,5,2002,1,18.0,1.0,0,1.0,1,1,3,  ,3,2.0,0,0,1,0,0,0,0,0,0,0,0,0,0,0,0,0,1
748,2003016785,1614.0,1614.0,46,46413,40.1192,-75.3388,0,0,0,0,0,0,4,4,2002,2,16.0,1.0,0,1.0,3,1,3,  ,3,3.0,0,0,1,0,0,0,0,0,0,0,0,0,0,0,0,0,0
749,2003016872,1505.0,1502.0,67,67301,40.0179,-75.1087,0,0,0,0,0,0,4,5,2002,4,14.0,1.0,7,1.0,3,0,3,  ,0,0.0,0,0,1,0,0,0,0,0,0,0,0,0,0,0,0,0,0
750,2003016875,1930.0,1922.0,67,67301,39.9847,-75.1074,0,0,0,0,1,0,4,5,2002,4,19.0,1.0,0,1.0,3,2,3,  ,3,3.0,0,0,1,0,0,0,0,0,0,0,0,0,0,0,0,0,0
751,2003016895,1420.0,1410.0,67,67301,,,0,0,0,0,0,0,4,5,2002,4,14.0,1.0,0,1.0,3,1,3,  ,3,3.0,0,0,1,0,0,0,0,0,0,0,0,0,0,0,0,0,0
752,2003016920,1705.0,1705.0,67,67301,,,0,0,0,0,0,0,4,6,2002,1,17.0,1.0,0,1.0,3,2,3,  ,2,3.0,1,0,1,0,0,0,0,0,0,0,0,0,0,1,0,0,0
753,2003016924,9999.0,9999.0,67,67301,,,0,0,0,0,0,0,1,6,2002,2,20.0,8.0,0,1.0,3,0,3,  ,0,0.0,0,0,0,0,0,0,0,0,0,0,0,0,0,0,0,0,0
754,2003016938,2035.0,2032.0,67,67301,,,0,0,0,0,0,0,8,6,2002,6,20.0,3.0,0,1.0,3,2,7,  ,0,0.0,0,0,0,0,0,0,0,0,0,0,0,0,0,0,0,0,0
755,2003016969,655.0,650.0,67,67301,39.9577,-75.1624,0,0,0,0,0,0,2,5,2002,4,6.0,1.0,0,1.0,3,1,3,  ,2,3.0,0,0,0,0,0,0,0,0,0,0,0,0,0,0,0,0,0
756,2003016992,1705.0,1653.0,67,67301,40.0222,-75.2183,0,0,0,0,0,0,4,6,2002,1,16.0,1.0,0,9.0,3,2,7,  ,2,3.0,0,0,1,0,0,0,0,0,0,0,0,0,0,0,0,1,0
757,2003017104,1748.0,1744.0,14,14410,40.7911,-77.8651,0,0,0,0,0,0,4,6,2002,3,17.0,1.0,0,1.0,3,0,3,  ,0,0.0,0,0,1,0,0,0,0,0,0,0,0,0,0,0,0,0,0
758,2003017281,1739.0,1738.0,39,39408,,,0,0,0,0,0,0,2,5,2002,4,17.0,1.0,0,1.0,1,2,3,  ,3,3.0,0,0,0,0,0,0,0,0,0,0,0,0,0,0,0,0,0
759,2003017510,1941.0,1939.0,7,7301,40.5132,-78.4091,0,0,0,0,0,0,4,6,2002,2,19.0,1.0,0,1.0,3,1,3,  ,2,3.0,0,0,1,0,0,0,0,0,0,0,0,0,0,0,0,0,0
760,2003017563,1647.0,1644.0,9,9202,40.0758,-74.9704,0,0,0,0,0,0,2,4,2002,4,16.0,1.0,0,1.0,3,2,3,  ,9,9.0,0,0,0,0,0,0,0,0,0,0,0,0,0,0,0,0,0
761,2003017696,1644.0,1644.0,39,39301,40.6213,-75.4279,0,0,0,0,0,0,5,3,2002,3,16.0,1.0,0,1.0,3,1,3,  ,0,0.0,0,0,0,0,0,0,0,0,0,0,0,0,0,0,0,0,0
762,2003017708,2154.0,9999.0,39,39301,40.6178,-75.4609,0,0,0,0,0,0,1,3,2002,1,21.0,3.0,0,1.0,3,1,3,  ,2,3.0,1,0,0,0,0,0,0,0,0,0,0,0,0,0,0,0,0
763,2003017796,2040.0,2040.0,15,15225,39.8301,-75.7565,0,0,0,0,0,0,5,6,2002,7,20.0,4.0,0,1.0,1,0,3,  ,0,0.0,0,0,0,0,0,1,0,0,0,0,0,0,0,0,0,0,1
764,2003017956,1127.0,1125.0,46,46104,,,0,0,0,0,0,0,5,4,2002,2,11.0,1.0,0,9.0,3,0,7,  ,0,0.0,0,0,0,0,0,0,0,0,0,0,0,0,0,0,0,1,0
765,2003018008,1546.0,1540.0,15,15203,39.9197,-75.6403,0,0,0,0,1,0,8,4,2002,5,15.0,1.0,7,1.0,1,0,3,  ,0,0.0,1,0,0,0,0,0,0,0,0,0,0,0,0,0,0,0,0
766,2003018016,2009.0,2009.0,15,15414,39.9601,-75.6048,0,0,0,0,0,0,8,4,2002,7,20.0,1.0,0,1.0,3,0,3,  ,2,2.0,0,0,0,0,0,1,0,0,0,0,0,0,0,0,0,0,0
767,2003018309,1726.0,1721.0,25,25216,42.069,-80.0393,0,0,0,0,0,0,4,5,2002,4,17.0,1.0,0,1.0,1,0,3,  ,0,0.0,0,0,1,0,0,0,0,0,0,0,0,0,0,0,0,0,0
768,2003019083,933.0,932.0,2,2301,40.4556,-79.943,0,0,0,0,0,0,4,6,2002,2,9.0,1.0,0,1.0,3,2,3,  ,0,0.0,1,0,1,0,0,0,0,0,0,0,1,0,0,0,0,0,0
769,2003019311,1805.0,1800.0,6,6230,40.5136,-75.9673,0,0,0,0,0,0,2,3,2002,6,17.0,1.0,0,1.0,1,0,3,  ,0,0.0,1,0,0,0,0,0,0,0,0,0,1,0,0,0,0,0,1
770,2003019366,1746.0,1742.0,22,22102,40.2323,-76.8186,0,0,0,0,0,0,4,5,2002,6,17.0,1.0,0,1.0,3,0,3,  ,0,0.0,0,0,1,0,0,0,0,0,0,0,0,0,0,0,0,0,1
771,2003019533,1041.0,1040.0,46,46102,40.0923,-75.1388,0,0,0,0,0,0,4,4,2002,2,10.0,1.0,0,9.0,3,5,7,  ,2,3.0,1,0,1,0,0,0,0,0,0,0,0,0,0,0,0,1,0
772,2003019575,1548.0,1545.0,35,35302,41.4002,-75.6861,0,0,0,0,0,0,6,6,2002,2,15.0,1.0,0,1.0,3,0,3,  ,0,0.0,0,0,0,0,0,0,0,0,0,0,0,0,0,0,0,0,0
773,2003019608,1544.0,1544.0,46,46102,40.0818,-75.1611,0,0,0,0,0,0,4,6,2002,3,18.0,1.0,0,1.0,3,1,3,  ,2,3.0,1,0,1,0,0,0,0,0,0,0,0,0,0,0,0,0,0
774,2003019627,1404.0,1400.0,35,35302,,,0,0,0,0,0,0,4,4,2002,1,13.0,1.0,0,1.0,3,0,3,  ,0,0.0,0,0,1,0,0,0,0,0,0,0,0,0,0,0,0,0,0
775,2003019748,1152.0,1150.0,2,2108,40.5943,-80.0084,0,0,0,0,0,0,5,6,2002,7,11.0,1.0,0,1.0,3,0,3,  ,0,0.0,1,0,0,0,0,0,0,0,0,0,0,0,0,0,0,0,0
776,2003019764,1728.0,1720.0,2,2301,,,0,0,0,0,0,0,4,6,2002,2,17.0,1.0,0,1.0,3,1,3,  ,0,0.0,0,0,1,0,0,0,0,0,0,0,0,0,0,0,0,0,0
777,2003019782,9999.0,2145.0,25,25302,,,0,0,0,0,0,0,4,6,2002,6,21.0,3.0,0,1.0,3,0,3,  ,0,0.0,0,1,1,0,0,0,1,0,0,1,0,0,0,0,0,0,0
778,2003019787,1515.0,1510.0,25,25302,,,0,0,0,0,1,0,3,6,2002,3,22.0,3.0,0,1.0,3,1,3,  ,3,3.0,0,0,0,0,0,0,0,0,0,0,0,0,0,0,0,0,0
779,2003019847,555.0,555.0,67,67301,,,0,0,0,0,0,0,5,6,2002,2,1.0,3.0,0,1.0,3,0,99,  ,0,0.0,0,0,0,0,0,0,0,0,0,0,0,0,0,0,0,0,0
780,2003019870,1443.0,1440.0,67,67301,,,0,0,0,0,0,0,4,6,2002,2,14.0,1.0,0,1.0,3,1,3,  ,2,3.0,1,0,1,0,0,0,0,0,0,0,0,0,0,0,0,0,0
781,2003019930,358.0,355.0,67,67301,39.9379,-75.1537,0,0,0,1,0,0,1,6,2002,1,3.0,3.0,0,1.0,3,1,3,  ,3,3.0,1,0,0,0,1,0,0,0,0,0,0,0,0,0,0,0,0
782,2003019931,1735.0,1730.0,67,67301,,,0,0,0,0,0,0,8,6,2002,4,17.0,1.0,0,9.0,3,1,7,  ,3,3.0,0,0,0,0,0,0,0,0,0,0,0,0,0,0,0,0,0
783,2003020095,1154.0,1134.0,43,43208,41.4485,-80.4205,0,1,0,0,0,0,1,7,2002,7,11.0,1.0,0,1.0,1,0,3,  ,0,0.0,0,0,0,0,0,1,0,0,0,0,0,0,0,0,0,0,0
784,2003020291,1209.0,1209.0,67,67301,39.9533,-75.1711,0,0,0,0,0,0,5,6,2002,5,11.0,1.0,0,98.0,3,0,3,  ,0,0.0,0,0,0,0,0,0,0,0,0,0,0,0,0,0,0,0,0
785,2003020349,2104.0,2055.0,67,67301,40.0234,-75.12,0,0,0,0,0,0,8,6,2002,1,20.0,3.0,0,1.0,3,5,3,  ,3,3.0,0,0,0,0,0,0,0,0,0,0,0,0,0,0,0,0,0
786,2003020402,1826.0,1818.0,14,14201,,,0,0,0,0,1,0,4,5,2002,6,18.0,1.0,7,1.0,1,2,3,  ,3,3.0,0,0,1,0,0,0,0,0,0,0,0,0,0,0,0,0,0
787,2003020434,1653.0,1653.0,36,36416,39.8943,-76.1506,0,0,0,0,0,0,4,5,2002,5,16.0,1.0,0,1.0,1,0,3,  ,0,0.0,0,0,1,0,0,0,0,0,0,0,0,0,0,0,0,0,1
788,2003020802,2309.0,2300.0,31,31221,40.4855,-78.0216,0,0,0,0,0,0,1,5,2002,3,21.0,3.0,0,1.0,1,1,3,  ,3,3.0,0,0,0,0,0,0,0,0,0,0,0,0,0,0,0,0,0
789,2003021107,1020.0,1020.0,67,67301,39.9556,-75.2023,0,0,0,0,1,0,1,5,2002,3,10.0,1.0,0,1.0,3,1,3,  ,2,3.0,0,0,0,0,0,0,0,0,0,0,0,0,0,0,0,0,0
790,2003021110,1739.0,1726.0,67,67301,39.9984,-75.164,0,0,0,0,0,0,4,5,2002,4,17.0,1.0,0,1.0,3,1,3,  ,3,3.0,0,0,1,0,0,0,0,0,0,0,0,0,0,0,0,0,0
791,2003021126,1645.0,1643.0,64,64301,,,0,0,0,0,0,0,2,6,2002,6,16.0,1.0,0,1.0,3,0,3,  ,0,0.0,0,0,0,0,0,0,0,0,0,0,0,0,0,0,0,0,0
792,2003021135,805.0,801.0,46,46413,40.1134,-75.3414,0,0,0,0,0,0,4,6,2002,6,8.0,1.0,0,9.0,3,1,7,  ,3,3.0,0,0,1,0,0,0,0,0,0,0,0,0,0,0,0,0,0
793,2003021145,1447.0,1443.0,54,54404,,,0,0,0,0,0,0,5,6,2002,2,14.0,1.0,0,1.0,2,2,3,  ,0,0.0,0,0,0,0,0,1,0,0,0,0,0,0,0,0,0,1,0
794,2003021184,1845.0,1841.0,40,40304,41.2409,-75.909,0,0,0,0,0,0,4,6,2002,7,18.0,1.0,0,1.0,3,0,3,  ,0,0.0,0,0,1,0,0,0,0,0,0,0,0,0,0,0,0,0,0
795,2003021205,2028.0,2027.0,39,39301,,,0,0,0,0,0,0,4,5,2002,3,20.0,4.0,0,2.0,3,10,3,  ,0,0.0,0,0,1,0,0,1,0,0,0,0,0,0,0,0,0,0,0
796,2003021229,1532.0,1530.0,39,39301,,,0,0,0,0,0,0,2,6,2002,1,15.0,1.0,0,1.0,3,1,3,  ,3,3.0,0,0,0,0,0,0,0,0,0,0,0,0,0,0,0,0,0
797,2003021235,1900.0,1855.0,39,39301,40.5865,-75.4583,0,0,0,0,0,0,4,6,2002,7,18.0,1.0,0,1.0,3,1,3,  ,0,0.0,0,0,1,0,0,0,0,0,0,0,0,0,0,0,0,0,0
798,2003021249,1845.0,1843.0,39,39301,40.6071,-75.4656,0,1,0,0,0,0,2,5,2002,4,18.0,1.0,0,1.0,3,10,3,  ,0,0.0,0,0,0,0,0,0,0,0,0,0,0,0,0,0,0,0,0
799,2003021258,1634.0,1628.0,39,39301,40.6135,-75.477,0,0,0,0,0,0,4,6,2002,2,16.0,1.0,0,1.0,3,1,3,  ,2,3.0,1,0,1,0,0,0,0,0,0,0,0,0,0,0,0,0,0
800,2003021272,1516.0,1514.0,39,39301,40.6107,-75.4895,0,1,0,0,0,0,4,5,2002,5,15.0,1.0,0,1.0,3,5,3,  ,2,3.0,1,0,1,0,0,0,0,0,0,0,0,1,0,0,0,0,0
801,2003021274,1709.0,1700.0,39,39301,40.5873,-75.4719,0,0,0,0,0,0,4,5,2002,3,16.0,1.0,0,1.0,3,1,3,  ,0,0.0,0,0,1,0,0,0,0,0,0,0,0,0,0,0,0,0,0
802,2003021422,1129.0,1126.0,36,36215,40.0402,-76.2393,0,0,0,0,0,0,4,6,2002,6,11.0,1.0,0,9.0,1,1,7,  ,2,3.0,1,0,1,0,0,0,0,0,0,0,0,0,0,0,0,0,1
803,2003021451,1915.0,1911.0,2,2113,40.4614,-79.862,0,0,0,0,0,0,4,5,2002,3,19.0,1.0,0,1.0,3,2,3,  ,3,3.0,0,0,1,0,0,0,0,0,0,0,0,0,0,0,0,0,0
804,2003021767,2254.0,2240.0,7,7301,,,0,0,0,0,0,0,5,6,2002,6,22.0,3.0,0,9.0,3,0,7,  ,0,0.0,0,0,0,0,0,0,0,0,0,0,0,0,0,0,0,0,0
805,2003022328,1323.0,1321.0,67,67301,40.0083,-75.1012,0,0,0,0,0,0,8,6,2002,5,12.0,1.0,7,1.0,3,0,3,  ,0,0.0,1,0,0,0,0,0,0,0,0,0,0,0,0,1,0,0,0
806,2003022330,1750.0,1745.0,2,2108,,,0,0,0,0,0,0,4,6,2002,4,17.0,1.0,0,1.0,3,2,3,  ,8,3.0,1,0,1,0,0,0,0,0,0,0,0,0,0,0,0,0,0
807,2003022381,944.0,942.0,22,22202,40.2687,-76.6707,0,0,0,0,1,0,4,6,2002,7,9.0,1.0,0,1.0,3,1,3,  ,2,3.0,1,0,1,0,0,0,0,0,0,0,0,0,0,0,0,0,0
808,2003022407,1824.0,1819.0,67,67301,39.9351,-75.1847,0,0,0,0,0,0,1,6,2002,5,18.0,1.0,0,9.0,3,2,7,  ,0,0.0,0,0,0,0,0,0,0,0,0,0,0,0,0,0,0,0,0
809,2003022408,1836.0,1831.0,67,67301,,,0,0,0,0,0,0,4,6,2002,5,17.0,1.0,0,1.0,3,2,3,  ,3,3.0,0,0,1,1,0,1,0,0,0,0,0,0,0,0,0,0,0
810,2003022446,1210.0,1205.0,67,67301,,,0,0,0,0,0,0,8,6,2002,6,12.0,1.0,0,1.0,3,1,3,  ,2,3.0,1,1,0,0,0,0,0,0,0,0,0,0,0,0,0,0,0
811,2003022491,1705.0,1700.0,67,67301,,,0,0,0,0,0,0,8,6,2002,6,16.0,1.0,0,1.0,3,0,3,  ,3,3.0,0,0,0,0,0,0,0,0,0,0,0,0,0,0,0,0,0
812,2003022508,927.0,925.0,67,67301,39.94,-75.1662,0,0,0,0,0,0,4,6,2002,6,9.0,1.0,0,1.0,3,2,3,  ,2,3.0,0,0,1,0,0,1,0,0,0,0,0,0,0,0,0,1,0
813,2003022511,2351.0,2350.0,67,67301,39.9588,-75.1376,0,0,0,0,1,0,2,6,2002,5,23.0,6.0,0,9.0,3,2,7,  ,0,0.0,0,0,0,0,0,0,0,0,0,0,0,0,0,0,0,0,0
814,2003022526,1930.0,1918.0,67,67301,40.0478,-75.0071,0,0,0,0,0,0,4,6,2002,5,19.0,1.0,0,1.0,3,0,3,  ,0,0.0,0,0,1,0,0,0,0,0,0,0,0,0,0,0,0,0,0
815,2003022575,1543.0,1541.0,25,25213,42.0825,-80.1848,0,0,0,0,0,0,4,6,2002,7,15.0,1.0,0,1.0,3,0,3,  ,0,0.0,0,1,1,0,0,0,1,0,0,1,0,0,0,0,0,0,0
816,2003022617,1614.0,1612.0,39,39301,40.6064,-75.4737,0,0,0,0,0,0,5,6,2002,7,16.0,1.0,0,1.0,3,0,3,  ,0,0.0,0,0,0,0,0,0,0,0,0,0,0,0,0,0,0,0,0
817,2003022664,2217.0,2212.0,64,64102,40.372,-79.6624,0,0,0,0,0,0,6,6,2002,5,22.0,2.0,0,9.0,3,2,3,  ,3,3.0,0,0,0,0,0,0,0,0,0,0,0,0,0,0,0,0,0
818,2003022692,951.0,949.0,39,39405,40.5439,-75.4857,0,0,0,0,0,0,4,6,2002,5,9.0,1.0,0,1.0,3,0,3,  ,0,0.0,0,0,1,0,0,0,0,0,0,0,0,0,0,0,0,1,0
819,2003022699,733.0,732.0,46,46104,,,0,0,0,0,0,0,2,6,2002,7,7.0,1.0,0,1.0,3,0,3,  ,0,0.0,0,0,0,0,0,0,0,0,0,0,0,0,0,0,0,0,0
820,2003022799,2037.0,2025.0,35,35302,,,0,0,0,0,0,0,8,7,2002,6,20.0,1.0,0,1.0,3,2,3,  ,3,3.0,0,0,0,0,0,0,0,0,0,0,0,0,0,0,0,0,0
821,2003022862,1937.0,1933.0,2,2301,,,0,0,0,0,0,0,8,7,2002,4,19.0,1.0,0,1.0,3,1,3,  ,3,3.0,0,0,0,0,0,1,0,0,0,0,0,0,0,0,0,0,0
822,2003022881,1352.0,1350.0,46,46104,40.007,-75.2993,0,0,0,0,0,0,4,7,2002,1,13.0,1.0,0,1.0,3,0,3,  ,0,0.0,0,0,1,0,0,0,0,0,0,0,0,0,0,0,0,0,0
823,2003022891,2017.0,2014.0,67,67301,40.0055,-75.106,0,0,0,0,0,0,8,6,2002,5,20.0,4.0,7,1.0,3,0,3,  ,0,0.0,0,0,0,0,0,0,0,0,0,0,0,0,0,0,0,0,0
824,2003022900,1820.0,1820.0,67,67301,,,0,0,0,0,0,0,8,6,2002,4,18.0,1.0,0,1.0,3,8,3,  ,0,0.0,0,0,0,0,0,0,0,0,0,0,0,0,0,0,0,0,0
825,2003022919,1349.0,1347.0,67,67301,,,0,0,0,0,0,0,6,6,2002,1,13.0,1.0,0,1.0,3,0,3,  ,2,3.0,0,0,0,0,0,0,0,0,0,0,0,0,0,0,0,0,0
826,2003022931,0.0,731.0,67,67301,39.9841,-75.1161,0,0,0,0,0,0,8,2,2002,4,7.0,1.0,0,1.0,3,1,3,  ,3,3.0,0,0,0,0,0,0,0,0,0,0,0,0,0,0,0,0,0
827,2003022939,105.0,1918.0,67,67301,40.0696,-75.1687,0,0,0,0,0,0,5,6,2002,6,19.0,1.0,0,1.0,3,0,3,  ,0,0.0,0,0,0,0,0,0,0,0,0,0,0,0,0,0,0,0,1
828,2003023096,1736.0,1735.0,35,35302,41.4018,-75.6623,0,0,0,0,0,0,4,7,2002,6,17.0,1.0,0,1.0,3,3,3,  ,3,3.0,0,0,1,0,0,0,0,0,0,0,0,0,0,0,0,1,0
829,2003023120,1649.0,1643.0,39,39301,,,0,0,0,0,0,0,8,7,2002,2,16.0,1.0,0,1.0,3,1,3,  ,3,3.0,0,0,0,0,0,0,0,0,0,0,0,0,0,0,0,0,0
830,2003023168,1916.0,1909.0,36,36209,40.128,-76.0755,0,1,0,0,0,0,4,7,2002,4,19.0,1.0,0,1.0,1,2,3,  ,0,0.0,0,0,1,0,0,0,0,0,0,0,0,0,0,0,0,0,0
831,2003023304,900.0,900.0,25,25302,,,0,0,1,0,0,0,4,7,2002,2,9.0,1.0,0,1.0,3,1,3,  ,3,3.0,0,0,1,0,0,0,0,0,0,0,0,0,0,0,0,0,0
832,2003023317,1619.0,1613.0,9,9208,40.1956,-74.8152,0,0,0,0,0,0,5,6,2002,5,16.0,1.0,0,1.0,3,0,3,  ,0,0.0,0,1,0,0,0,0,1,1,0,1,0,0,0,0,0,0,0
833,2003023322,1719.0,1713.0,46,46106,40.2318,-75.6251,0,0,0,0,0,0,5,6,2002,7,17.0,1.0,0,1.0,2,0,3,  ,0,0.0,0,0,0,0,0,0,0,0,0,0,0,0,0,0,0,1,0
834,2003023332,659.0,652.0,67,67301,40.0092,-75.069,0,0,0,0,0,0,6,6,2002,4,6.0,1.0,0,1.0,3,1,3,  ,2,3.0,0,0,0,0,0,0,0,0,0,0,0,0,0,0,0,0,0
835,2003023340,1654.0,1652.0,67,67301,39.9202,-75.2393,0,0,0,0,0,0,8,6,2002,5,16.0,1.0,0,1.0,3,0,3,  ,0,0.0,0,0,0,0,0,0,0,0,0,0,0,0,0,0,0,0,0
836,2003023352,1840.0,1833.0,67,67301,39.9258,-75.181,0,0,0,0,0,0,8,6,2002,4,18.0,4.0,0,9.0,3,2,7,  ,2,3.0,1,0,0,0,0,0,0,0,0,0,0,0,0,0,0,0,0
837,2003023353,1340.0,1335.0,67,67301,,,0,0,0,0,0,0,8,6,2002,5,12.0,1.0,0,1.0,3,10,3,  ,2,3.0,1,0,0,0,0,0,0,0,0,0,0,1,0,0,0,0,0
838,2003023601,1421.0,1411.0,2,2419,40.4384,-79.8626,0,0,0,0,0,0,5,5,2002,6,14.0,1.0,0,1.0,3,0,3,  ,0,0.0,1,0,0,0,0,0,0,0,0,0,0,0,0,0,0,1,0