,CRN,ARRIVAL_TM,DISPATCH_TM,COUNTY,MUNICIPALITY,DEC_LAT,DEC_LONG,BICYCLE_DEATH_COUNT,BICYCLE_SUSP_SERIOUS_INJ_COUNT,BUS_COUNT,HEAVY_TRUCK_COUNT,SMALL_TRUCK_COUNT,SUV_COUNT,COLLISION_TYPE,CRASH_MONTH,CRASH_YEAR,DAY_OF_WEEK,HOUR_OF_DAY,ILLUMINATION,LOCATION_TYPE,ROAD_CONDITION,URBAN_RURAL,INTERSECT_TYPE,WEATHER1,WEATHER2,TCD_TYPE,TCD_FUNC_CD,AGGRESSIVE_DRIVING,ALCOHOL_RELATED,ANGLE_CRASH,CELL_PHONE,COMM_VEHICLE,DISTRACTED,DRINKING_DRIVER,DRUGGED_DRIVER,FATIGUE_ASLEEP,IMPAIRED_DRIVER,NHTSA_AGG_DRIVING,RUNNING_RED_LT,RUNNING_STOP_SIGN,SPEEDING_RELATED,TAILGATING,MATURE_DRIVER,YOUNG_DRIVER
839,2003023755,1537.0,1535.0,67,67301,39.9662,-75.1936,0,0,0,0,0,0,1,6,2002,4,15.0,1.0,0,1.0,3,0,3,  ,0,0.0,0,0,0,0,0,1,0,0,0,0,0,0,0,0,0,0,0
840,2003023762,1850.0,1844.0,67,67301,,,0,0,0,0,1,0,4,6,2002,6,18.0,1.0,0,1.0,3,2,3,  ,2,3.0,0,1,1,0,0,0,1,0,0,1,0,0,0,0,0,0,0
841,2003023773,1900.0,1825.0,2,2301,40.423,-79.9276,0,0,0,0,0,0,0,6,2002,6,17.0,1.0,0,1.0,3,1,3,  ,2,3.0,1,0,0,0,0,0,0,0,0,0,0,0,0,0,0,1,0
842,2003023868,1204.0,1147.0,58,58203,41.737,-77.2693,0,0,0,0,0,0,1,6,2002,7,10.0,1.0,0,1.0,1,0,3,  ,0,0.0,0,0,0,0,0,0,0,0,0,0,0,0,0,0,0,1,0
843,2003023971,1149.0,1101.0,23,23202,39.8721,-75.5903,0,0,0,0,0,0,4,5,2002,1,11.0,1.0,0,1.0,1,2,3,  ,0,0.0,1,0,1,0,0,0,0,0,0,0,0,0,0,0,0,0,0
844,2003024206,1306.0,1300.0,15,15231,39.9178,-75.6776,0,0,0,0,0,0,4,4,2002,7,12.0,1.0,0,1.0,1,0,3,  ,0,0.0,1,1,1,0,0,0,1,0,0,1,0,0,0,1,0,0,0
845,2003024461,1533.0,1512.0,62,62204,40.1727,-80.3141,0,0,0,0,1,0,2,5,2002,7,15.0,1.0,0,1.0,3,0,3,  ,0,0.0,0,0,0,0,0,0,0,0,0,0,0,0,0,0,0,0,0
846,2003024579,1829.0,1826.0,41,41241,41.2505,-76.7465,0,0,0,0,0,0,4,6,2002,2,18.0,1.0,0,1.0,1,0,3,  ,0,0.0,0,0,1,0,0,0,0,0,0,0,0,0,0,0,0,0,0
847,2003024589,2327.0,2308.0,40,40231,41.6192,-76.1628,0,1,0,0,0,0,1,5,2002,5,23.0,2.0,0,1.0,1,0,3,  ,0,0.0,1,1,0,0,0,0,1,0,0,1,0,0,0,1,0,0,0
848,2003024604,1536.0,1505.0,40,40202,40.9413,-76.1153,0,0,0,0,0,0,4,6,2002,7,15.0,1.0,0,1.0,1,0,3,  ,0,0.0,0,0,1,0,0,1,0,0,0,0,0,0,0,0,0,0,0
849,2003024665,1746.0,1741.0,14,14410,40.7826,-77.8595,0,0,0,0,0,0,6,7,2002,4,17.0,1.0,0,1.0,3,0,3,  ,0,0.0,1,0,0,0,0,0,0,0,0,0,0,0,0,0,0,0,0
850,2003024679,2258.0,2254.0,25,25302,,,0,0,0,0,0,0,4,7,2002,6,22.0,3.0,0,1.0,3,3,3,  ,3,3.0,1,0,1,0,0,0,0,0,0,0,0,0,0,0,0,0,0
851,2003024682,2329.0,2322.0,25,25302,,,0,0,0,0,1,0,2,7,2002,6,23.0,3.0,0,1.0,3,1,3,  ,3,3.0,1,0,0,0,0,0,0,0,0,0,0,0,0,0,0,0,0
852,2003024708,1412.0,1411.0,46,46413,40.1244,-75.3411,0,0,0,0,0,0,4,7,2002,5,14.0,1.0,0,1.0,3,2,3,  ,3,3.0,0,0,1,0,0,0,0,0,0,0,0,0,0,0,0,0,0
853,2003024733,1545.0,1530.0,67,67301,,,0,0,0,0,0,0,6,6,2002,1,17.0,1.0,0,1.0,3,0,3,  ,0,0.0,0,0,0,0,0,1,0,0,0,0,0,0,0,0,0,0,0
854,2003024734,1320.0,1315.0,67,67301,40.0215,-75.0518,0,0,0,0,0,0,8,6,2002,7,13.0,1.0,0,1.0,3,1,3,  ,2,3.0,0,0,0,0,0,0,0,0,0,0,0,0,0,0,0,0,0
855,2003024745,1925.0,1920.0,67,67301,,,0,0,0,0,1,0,5,6,2002,7,19.0,1.0,0,1.0,3,1,3,  ,3,3.0,0,0,0,0,0,0,0,0,0,0,0,0,0,0,0,0,0
856,2003024754,728.0,726.0,67,67301,,,0,0,0,0,0,0,5,6,2002,2,7.0,1.0,0,1.0,3,0,3,  ,0,0.0,0,0,0,0,0,0,0,0,0,0,0,0,0,0,0,0,0
857,2003024755,1813.0,1810.0,67,67301,39.9227,-75.1565,0,0,0,0,0,0,5,6,2002,7,18.0,1.0,0,1.0,3,1,3,  ,2,3.0,0,0,0,0,0,0,0,0,0,0,0,0,0,0,0,0,1
858,2003024761,1800.0,1800.0,67,67301,39.8945,-75.2466,0,0,0,0,0,0,9,6,2002,1,10.0,1.0,0,1.0,3,1,3,  ,0,0.0,0,0,0,0,0,0,0,0,0,0,0,0,0,0,0,1,0
859,2003024835,1225.0,1219.0,67,67301,,,0,0,0,0,0,0,2,7,2002,5,12.0,1.0,0,1.0,3,0,3,  ,0,0.0,0,0,0,0,0,0,0,0,0,0,0,0,0,0,0,0,0
860,2003024841,2046.0,2044.0,67,67301,39.9939,-75.1467,0,0,0,0,0,0,4,6,2002,1,19.0,4.0,0,1.0,3,2,3,05,0,0.0,1,0,1,0,0,0,0,0,0,0,0,0,0,0,0,0,0
861,2003024842,1520.0,1512.0,67,67301,40.0151,-75.1359,0,0,0,0,0,0,8,6,2002,2,15.0,1.0,0,1.0,3,2,3,  ,0,0.0,1,0,0,0,0,0,0,0,0,0,0,0,0,0,0,0,0
862,2003024851,1801.0,1749.0,67,67301,,,0,0,0,0,0,0,8,6,2002,7,17.0,1.0,0,1.0,3,1,3,  ,3,3.0,0,0,0,1,0,1,0,0,0,0,0,0,0,0,0,0,0
863,2003024871,1710.0,1719.0,67,67301,,,0,0,0,0,0,0,4,7,2002,5,17.0,1.0,7,1.0,3,0,3,  ,0,0.0,0,0,1,0,0,0,0,0,0,0,0,0,0,0,0,0,0
864,2003024879,945.0,940.0,67,67301,,,0,0,0,0,1,0,5,7,2002,4,9.0,1.0,0,1.0,3,0,3,  ,0,0.0,0,0,0,0,0,0,0,0,0,0,0,0,0,0,0,0,0
865,2003024886,1117.0,1111.0,67,67301,40.0074,-75.0781,0,0,0,0,0,0,4,2,2002,7,11.0,1.0,0,1.0,3,1,3,  ,2,3.0,0,0,1,0,0,0,0,0,0,0,0,0,0,0,0,0,0
866,2003024887,1632.0,1625.0,67,67301,,,0,0,0,0,0,0,4,7,2002,4,16.0,1.0,0,1.0,3,1,3,  ,3,3.0,0,0,1,0,0,0,0,0,0,0,0,0,0,0,0,0,0
867,2003024928,1235.0,1225.0,67,67301,39.9792,-75.1291,0,0,0,0,0,0,4,6,2002,4,12.0,1.0,0,1.0,3,1,3,  ,3,2.0,0,0,1,0,0,0,0,0,0,0,0,0,0,0,0,0,0
868,2003024931,1740.0,1735.0,67,67301,,,0,0,0,0,0,0,4,6,2002,6,17.0,1.0,7,1.0,3,0,3,  ,0,0.0,0,0,1,0,0,0,0,0,0,0,0,0,0,0,0,0,0
869,2003025014,1843.0,1642.0,22,22406,40.2108,-76.7949,0,0,0,0,0,0,4,7,2002,1,16.0,1.0,0,1.0,3,2,3,  ,2,3.0,1,0,1,0,0,0,0,0,0,0,0,0,0,0,0,0,0
870,2003025021,1936.0,1933.0,36,36405,,,0,0,0,0,0,0,4,7,2002,2,19.0,1.0,0,1.0,1,1,3,  ,0,0.0,0,1,1,0,0,0,1,0,0,1,0,0,0,0,0,0,0
871,2003025059,1822.0,1818.0,22,22202,,,0,0,0,0,0,0,6,6,2002,3,18.0,2.0,7,1.0,3,2,7,  ,3,3.0,0,0,0,0,0,0,0,0,0,0,0,0,0,0,0,0,0
872,2003025065,941.0,938.0,22,22412,40.2773,-76.8514,0,1,0,0,0,0,4,4,2002,7,9.0,1.0,0,1.0,3,2,3,  ,0,0.0,0,0,1,0,0,0,0,0,0,0,0,0,0,0,0,0,0
873,2003025080,1147.0,1143.0,38,38210,40.3087,-76.5934,0,0,0,0,0,0,5,7,2002,3,11.0,1.0,7,1.0,1,0,3,  ,2,3.0,0,0,0,0,0,0,0,0,0,0,0,0,0,0,0,0,0
874,2003025191,1941.0,1940.0,67,67301,,,0,0,0,0,0,0,4,6,2002,4,19.0,1.0,0,1.0,3,0,3,  ,0,0.0,0,0,1,0,0,0,0,0,0,0,0,0,0,0,0,0,0
875,2003025224,1605.0,1559.0,67,67301,,,0,0,0,0,0,0,2,6,2002,1,15.0,1.0,7,1.0,3,0,3,  ,0,0.0,0,0,0,0,0,0,0,0,0,0,0,0,0,0,0,0,0
876,2003025225,1705.0,1705.0,67,67301,39.9539,-75.1595,0,0,0,0,0,0,5,7,2002,4,17.0,1.0,0,1.0,3,2,3,  ,2,9.0,1,0,0,0,0,0,0,0,0,0,0,0,0,0,0,0,0
877,2003025243,1950.0,1943.0,67,67301,40.0117,-75.0714,0,0,0,0,0,0,4,6,2002,5,19.0,1.0,0,1.0,3,1,3,  ,0,0.0,0,0,1,0,0,0,0,0,0,0,0,0,0,0,0,0,0
878,2003025268,1850.0,1844.0,67,67301,39.9908,-75.1307,0,0,0,0,0,0,5,7,2002,7,18.0,1.0,0,1.0,3,0,3,  ,2,3.0,0,0,0,0,0,0,0,0,0,0,0,0,0,0,0,0,0
879,2003025272,2121.0,2117.0,67,67301,39.9303,-75.1863,0,0,0,0,0,0,5,6,2002,1,21.0,3.0,0,1.0,3,1,3,  ,0,0.0,0,0,0,0,0,0,0,0,0,0,0,0,0,0,0,0,0
880,2003025277,724.0,724.0,67,67301,39.9777,-75.2264,0,0,0,0,0,0,6,7,2002,2,7.0,1.0,0,1.0,3,2,3,  ,0,0.0,1,0,0,0,0,0,0,0,0,0,0,0,0,0,0,0,0
881,2003025352,1406.0,1359.0,2,2301,,,0,0,0,0,0,0,4,7,2002,1,13.0,1.0,0,1.0,3,2,3,  ,0,0.0,0,0,1,0,0,0,0,0,0,0,0,0,0,0,0,0,0
882,2003025354,2242.0,2238.0,2,2301,40.4337,-79.923,0,0,0,0,0,0,4,7,2002,4,22.0,6.0,0,1.0,3,1,3,  ,2,3.0,1,0,1,0,0,0,0,0,0,0,0,0,0,0,0,0,0
883,2003025412,1703.0,1659.0,67,67301,,,0,0,0,0,0,0,5,7,2002,5,16.0,1.0,0,1.0,3,1,3,  ,2,3.0,0,0,0,0,0,1,0,0,0,0,0,0,0,0,0,0,1
884,2003025427,654.0,648.0,25,25302,,,0,0,0,0,0,0,1,7,2002,4,6.0,1.0,0,1.0,3,0,3,  ,0,0.0,0,0,0,0,0,0,0,0,0,0,0,0,0,0,0,0,0
885,2003025459,1102.0,1058.0,32,32408,,,0,0,0,0,1,0,4,7,2002,2,10.0,1.0,0,1.0,2,1,3,  ,0,0.0,0,0,1,0,0,0,0,0,0,0,0,0,0,0,0,0,0
886,2003025482,2149.0,2130.0,67,67301,40.0672,-75.163,0,0,0,0,0,0,4,7,2002,2,20.0,4.0,0,1.0,3,1,3,  ,3,3.0,0,0,1,0,0,0,0,0,0,0,0,0,0,0,0,0,0
887,2003025500,325.0,320.0,67,67301,,,0,0,0,0,0,0,8,6,2002,1,15.0,1.0,0,1.0,3,10,3,  ,3,3.0,0,0,0,0,0,0,0,0,0,0,0,0,0,0,0,0,0
888,2003025509,402.0,359.0,67,67301,39.9915,-75.1483,0,0,0,0,0,0,5,7,2002,2,3.0,3.0,0,1.0,3,1,3,  ,2,3.0,0,1,0,0,0,0,0,0,0,0,0,0,0,0,0,0,0
889,2003025551,1620.0,1615.0,67,67301,39.9558,-75.2257,0,0,0,0,0,0,8,7,2002,2,16.0,1.0,1,1.0,3,1,3,  ,2,3.0,0,0,0,0,0,0,0,0,0,0,0,0,0,0,0,0,0
890,2003025552,219.0,217.0,67,67301,39.9695,-75.2126,0,0,0,0,1,0,4,7,2002,3,2.0,3.0,0,1.0,3,1,3,  ,2,3.0,1,0,1,0,0,0,0,0,0,0,0,0,0,0,0,0,0
891,2003025592,2045.0,2039.0,67,67301,39.9958,-75.111,0,0,0,0,0,0,4,7,2002,3,20.0,4.0,0,1.0,3,3,3,  ,3,3.0,0,0,1,0,0,0,0,0,0,0,0,0,0,0,0,1,0
892,2003025604,2115.0,2110.0,67,67301,,,0,0,0,0,0,0,1,7,2002,3,21.0,3.0,0,1.0,3,0,3,  ,0,0.0,0,0,0,0,0,0,0,0,0,0,0,0,0,0,0,0,0
893,2003025609,1337.0,1332.0,67,67301,,,0,0,0,0,0,0,2,7,2002,7,13.0,1.0,0,1.0,3,2,3,  ,3,3.0,1,0,0,0,0,0,0,0,0,0,0,0,0,0,0,0,0
894,2003025621,1811.0,1810.0,67,67301,,,0,0,0,0,0,0,4,7,2002,5,17.0,4.0,0,1.0,3,2,3,  ,3,3.0,0,0,1,0,0,0,0,0,0,0,0,0,0,0,0,0,0
895,2003025628,1255.0,1250.0,67,67301,39.9426,-75.1646,0,0,0,0,1,0,4,7,2002,2,12.0,1.0,0,98.0,3,0,99,  ,0,0.0,0,0,1,0,0,0,0,0,0,0,0,0,0,0,0,0,0
896,2003025659,1548.0,1548.0,35,35302,,,0,0,0,0,0,0,4,8,2002,5,15.0,1.0,0,1.0,3,2,3,  ,0,0.0,0,0,1,0,0,0,0,0,0,0,0,0,0,0,0,0,0
897,2003025707,2217.0,2216.0,40,40304,41.2402,-75.8855,0,0,0,0,0,0,4,7,2002,1,22.0,3.0,0,1.0,3,1,3,  ,2,3.0,0,1,1,0,0,0,0,0,0,0,0,0,0,0,0,0,0
898,2003025720,1240.0,1235.0,35,35302,41.4258,-75.6529,0,0,0,0,0,0,8,7,2002,6,12.0,1.0,0,1.0,3,0,3,  ,0,0.0,0,0,0,0,0,0,0,0,0,0,0,0,0,0,0,0,1
899,2003025738,1804.0,1757.0,2,2301,40.4667,-79.91,0,0,0,0,0,0,4,7,2002,4,17.0,1.0,0,1.0,3,2,3,  ,0,0.0,0,0,1,0,0,0,0,0,0,0,0,0,0,0,0,0,0
900,2003025814,1112.0,1109.0,14,14410,40.8019,-77.8636,0,0,0,0,1,0,4,7,2002,5,11.0,1.0,0,1.0,3,0,3,  ,0,0.0,0,0,1,0,0,0,0,0,0,0,0,0,0,0,0,0,1
901,2003025900,1726.0,1717.0,2,2301,,,0,0,0,0,0,0,4,7,2002,3,17.0,1.0,0,1.0,3,2,3,  ,0,0.0,0,0,1,0,0,0,0,0,0,0,0,0,0,0,0,0,0
902,2003025902,1911.0,1858.0,2,2301,40.4213,-79.9948,0,0,0,0,0,0,4,7,2002,4,18.0,1.0,0,1.0,3,1,3,  ,3,3.0,0,0,1,0,0,0,0,0,0,0,0,0,0,0,0,0,1
903,2003025944,1940.0,1935.0,67,67301,,,0,1,0,0,0,0,8,6,2002,5,19.0,1.0,0,1.0,3,1,3,  ,2,3.0,1,0,0,0,0,0,0,0,0,0,0,1,0,0,0,0,0
904,2003025989,2221.0,2220.0,67,67301,,,0,0,0,0,0,0,4,7,2002,1,22.0,3.0,0,1.0,3,1,3,  ,2,3.0,0,0,1,0,0,1,0,0,0,0,0,0,0,0,0,0,0
905,2003026024,1545.0,1539.0,67,67301,39.9655,-75.2394,0,0,0,0,0,0,8,7,2002,4,15.0,1.0,0,1.0,3,2,3,  ,0,0.0,0,0,0,0,0,0,0,0,0,0,0,0,0,0,0,0,0
906,2003026036,1806.0,1802.0,67,67301,39.9815,-75.1294,0,0,0,0,0,0,4,7,2002,5,18.0,1.0,0,98.0,3,0,99,  ,0,0.0,0,0,1,0,0,0,0,0,0,0,0,0,0,0,0,0,0
907,2003026041,1046.0,1044.0,67,67301,,,0,0,0,0,0,0,4,6,2002,1,10.0,1.0,0,1.0,3,1,3,  ,0,0.0,0,0,1,0,0,0,0,0,0,0,0,0,0,0,0,0,0
908,2003026046,1740.0,1735.0,67,67301,,,0,0,0,0,0,0,6,7,2002,7,17.0,1.0,0,1.0,3,1,3,  ,3,3.0,0,0,0,0,0,1,0,0,0,0,0,0,0,0,0,1,0
909,2003026075,1434.0,1433.0,67,67301,40.094,-75.0309,0,0,0,0,0,0,4,7,2002,3,14.0,1.0,0,1.0,3,3,3,  ,2,3.0,0,0,1,0,0,0,0,0,0,0,0,0,0,0,0,0,0
910,2003026090,1107.0,1100.0,67,67301,39.9532,-75.195,0,0,0,0,0,0,5,7,2002,6,10.0,1.0,0,1.0,3,0,3,  ,2,3.0,1,0,0,0,0,0,0,0,0,0,0,0,0,0,0,0,0
911,2003026092,2100.0,2053.0,67,67301,40.0389,-75.0748,0,0,0,0,0,0,4,7,2002,1,20.0,3.0,0,1.0,3,2,3,  ,3,3.0,0,0,1,0,0,0,0,0,0,0,0,0,0,0,0,0,0
912,2003026143,1847.0,1844.0,2,2301,,,0,0,0,0,0,0,4,7,2002,1,18.0,1.0,0,1.0,3,0,3,  ,0,0.0,0,0,1,0,0,0,0,0,0,0,0,0,0,0,0,0,0
913,2003026403,805.0,802.0,2,2301,40.444,-79.926,0,0,0,0,1,0,4,7,2002,2,7.0,1.0,0,1.0,3,1,3,  ,2,3.0,1,0,1,0,0,0,0,0,0,0,0,1,0,0,0,0,0
914,2003026992,1020.0,1016.0,39,39301,40.6094,-75.474,0,0,0,0,0,0,4,6,2002,3,99.0,1.0,0,1.0,3,1,3,  ,0,0.0,0,1,1,0,0,0,0,0,0,0,0,0,0,0,0,0,0
915,2003027333,1851.0,1830.0,40,40231,41.192,-76.1467,0,0,0,0,0,0,4,6,2002,5,18.0,1.0,0,1.0,1,0,3,  ,0,0.0,0,0,1,1,0,1,0,0,0,0,0,0,0,0,0,0,0
916,2003027576,751.0,749.0,2,2303,40.3588,-79.8488,0,0,0,0,0,0,4,6,2002,3,7.0,1.0,3,1.0,3,6,3,  ,3,9.0,0,0,1,0,0,0,0,0,0,0,0,0,0,0,0,0,0
917,2003027595,1853.0,1249.0,67,67301,,,0,0,0,0,0,0,4,7,2002,2,18.0,1.0,0,1.0,3,2,3,  ,3,9.0,0,0,1,0,0,0,0,0,0,0,0,0,0,0,0,0,0
918,2003027651,1959.0,1959.0,46,46412,40.0048,-75.2634,0,0,0,0,0,0,8,6,2002,6,18.0,4.0,0,1.0,3,0,3,  ,0,0.0,1,0,0,0,0,0,0,0,0,0,0,0,0,0,0,0,0
919,2003027656,2005.0,2003.0,40,40304,,,0,0,0,0,0,0,8,6,2002,6,20.0,1.0,0,1.0,3,1,3,  ,2,3.0,1,0,0,0,0,0,0,0,0,0,1,1,0,1,0,0,1
920,2003027663,2004.0,1957.0,7,7301,40.5395,-78.3804,0,1,0,0,0,0,4,7,2002,4,19.0,1.0,0,1.0,3,2,3,  ,2,3.0,1,0,1,0,0,0,0,0,0,0,0,0,0,0,0,0,0
921,2003027767,2100.0,2049.0,2,2301,40.4133,-79.9889,0,0,0,0,0,0,4,7,2002,7,20.0,1.0,0,1.0,3,0,3,  ,0,0.0,0,0,1,0,0,0,0,0,0,0,0,0,0,0,0,0,0
922,2003028070,2354.0,2352.0,67,67301,,,0,0,0,0,0,0,4,5,2002,3,23.0,3.0,0,1.0,3,1,3,  ,3,3.0,0,0,1,0,0,0,0,0,0,0,0,0,0,0,0,0,0
923,2003028140,240.0,236.0,67,67301,,,0,0,0,0,0,0,6,6,2002,7,2.0,6.0,0,1.0,3,2,3,  ,0,0.0,1,0,0,0,0,1,0,0,0,0,0,0,1,0,0,0,0
924,2003028147,1812.0,1808.0,67,67301,,,0,0,0,0,0,0,4,6,2002,6,18.0,1.0,0,1.0,3,2,3,  ,0,0.0,0,0,1,0,0,0,0,0,0,0,0,0,0,0,0,0,0
925,2003028247,1953.0,1919.0,13,13210,40.9254,-75.8671,0,0,0,0,0,0,5,5,2002,6,18.0,1.0,0,1.0,1,0,3,  ,0,0.0,0,0,0,0,0,0,0,0,0,0,0,0,0,0,0,0,0
926,2003028445,1910.0,1903.0,67,67301,,,0,0,0,0,0,0,4,7,2002,4,18.0,1.0,0,1.0,3,0,3,  ,3,3.0,0,0,1,0,0,0,0,0,0,0,0,0,0,0,0,1,0
927,2003028578,2115.0,2111.0,25,25302,,,0,0,0,0,0,0,4,6,2002,2,14.0,1.0,0,1.0,3,10,3,  ,3,3.0,0,0,1,0,0,0,0,0,0,0,0,0,0,0,0,0,0
928,2003028643,1003.0,1000.0,67,67301,40.048,-75.2292,0,0,0,0,0,0,1,6,2002,5,9.0,1.0,0,1.0,3,2,3,  ,3,2.0,0,0,0,0,0,0,0,0,0,0,0,0,0,0,0,0,0
929,2003028681,2043.0,200.0,7,7301,,,0,0,0,0,0,0,2,6,2002,3,20.0,1.0,0,1.0,3,0,3,  ,0,0.0,0,0,0,0,0,0,0,0,0,0,0,0,0,0,0,0,0
930,2003028697,1157.0,1155.0,39,39301,,,0,0,0,0,0,0,4,7,2002,4,11.0,1.0,0,1.0,3,0,3,  ,0,0.0,0,0,1,0,0,0,0,0,0,0,0,0,0,0,0,1,0
931,2003028777,2029.0,2014.0,20,20223,41.7914,-80.2719,0,1,0,0,0,0,4,5,2002,1,20.0,1.0,0,1.0,1,1,3,  ,0,0.0,0,1,1,0,0,0,1,0,0,1,0,0,0,0,0,0,0
932,2003029066,1734.0,1732.0,46,46104,40.0012,-75.2762,0,0,0,0,0,0,4,6,2002,1,17.0,1.0,0,1.0,3,1,3,  ,2,3.0,0,0,1,0,0,1,0,0,0,0,0,0,0,0,0,0,0
933,2003029643,1629.0,1627.0,67,67301,39.9856,-75.135,0,0,0,0,0,0,8,7,2002,7,16.0,1.0,0,1.0,3,0,3,  ,0,0.0,0,0,0,0,0,0,0,0,0,0,0,0,0,0,0,0,0
934,2003029647,1524.0,1522.0,67,67301,,,0,0,0,0,0,0,4,7,2002,6,15.0,1.0,0,1.0,3,1,3,  ,3,2.0,0,0,1,0,0,0,0,0,0,0,0,0,0,0,0,0,0
935,2003030069,1915.0,1909.0,41,41219,41.2672,-77.0205,0,0,0,0,1,0,4,6,2002,3,19.0,1.0,0,1.0,1,2,3,  ,0,0.0,1,0,1,0,0,0,0,0,0,0,0,0,0,0,0,0,0
936,2003030104,1740.0,1732.0,67,67301,39.9579,-75.208,0,0,0,0,0,0,8,7,2002,1,17.0,1.0,0,1.0,3,1,3,  ,0,0.0,0,0,0,0,0,0,0,0,0,0,0,0,0,0,0,0,0
937,2003030109,2032.0,2026.0,61,61301,41.8337,-79.124,0,0,0,0,0,0,4,8,2002,3,20.0,4.0,0,1.0,2,2,3,  ,3,3.0,0,0,1,0,0,0,0,0,0,0,0,0,0,0,0,0,0
938,2003030246,1857.0,1857.0,67,67301,39.9555,-75.2137,0,1,0,0,0,0,4,7,2002,3,18.0,1.0,0,1.0,3,0,3,  ,2,3.0,0,0,1,0,0,0,0,0,0,0,0,0,0,0,0,0,0
939,2003030249,839.0,837.0,67,67301,,,0,0,0,0,0,0,8,7,2002,4,8.0,2.0,0,1.0,3,0,3,  ,0,0.0,0,0,0,0,0,0,0,0,0,0,0,0,0,0,0,0,0
940,2003030262,1042.0,1030.0,67,67301,,,0,0,0,0,0,0,5,7,2002,6,10.0,1.0,0,98.0,3,2,3,  ,2,3.0,0,0,0,0,0,0,0,0,0,0,0,0,0,0,0,0,0
941,2003030276,2148.0,2145.0,67,67301,39.9254,-75.1775,0,0,0,0,0,0,4,7,2002,3,21.0,3.0,0,1.0,3,1,3,  ,1,3.0,1,0,1,0,0,0,0,0,0,0,1,0,0,1,0,0,0
942,2003030321,2101.0,2058.0,23,23103,39.9865,-75.309,0,0,0,0,0,0,3,1,2002,4,17.0,6.0,0,1.0,3,0,3,  ,0,0.0,0,0,0,0,0,0,0,0,0,0,0,0,0,0,0,0,0
943,2003030324,1443.0,1443.0,23,23103,39.9821,-75.3055,0,0,0,0,0,0,4,3,2002,4,14.0,1.0,7,9.0,3,0,3,  ,0,0.0,1,0,1,0,0,0,0,0,0,0,0,0,0,0,0,1,0
944,2003030409,1605.0,1601.0,40,40304,41.2317,-75.8985,0,0,0,0,0,0,4,7,2002,4,16.0,1.0,0,1.0,3,1,3,  ,3,3.0,0,0,1,0,0,0,0,0,0,0,0,0,0,0,0,0,0
945,2003030494,1054.0,1051.0,25,25411,42.2101,-79.8277,0,0,0,0,0,0,4,7,2002,4,10.0,1.0,0,1.0,1,1,3,  ,1,9.0,0,0,1,0,0,0,0,0,0,0,0,0,0,0,0,1,0
946,2003030501,1716.0,1716.0,2,2301,,,0,0,0,0,0,0,4,8,2002,5,17.0,1.0,0,1.0,3,2,3,  ,3,3.0,0,0,1,0,0,0,0,0,0,0,0,0,0,0,0,0,0
947,2003030538,2001.0,1939.0,54,54201,40.8169,-77.2053,0,1,0,0,0,0,6,6,2002,4,19.0,1.0,0,1.0,1,2,3,  ,0,0.0,1,0,0,0,0,0,0,0,0,0,0,0,0,0,0,0,0
948,2003030635,1908.0,1851.0,64,64217,,,0,0,0,0,1,0,4,7,2002,4,18.0,1.0,7,1.0,1,0,3,  ,0,0.0,0,0,1,0,0,0,0,0,0,0,0,0,0,0,0,0,0
949,2003030682,1350.0,1348.0,64,64303,40.3303,-79.6052,0,0,0,0,0,0,5,7,2002,1,13.0,1.0,0,1.0,3,2,3,  ,3,3.0,0,0,0,0,0,0,0,0,0,0,0,0,0,0,0,1,0
950,2003030751,1754.0,1752.0,46,46104,40.0347,-75.2912,0,0,0,0,0,0,4,7,2002,4,17.0,1.0,0,1.0,3,1,3,  ,3,3.0,0,0,1,0,0,0,0,0,0,0,0,0,0,0,0,0,0
951,2003030752,900.0,852.0,46,46104,40.0483,-75.3105,0,0,0,0,0,0,4,7,2002,6,8.0,1.0,0,1.0,3,0,3,  ,0,0.0,0,0,1,0,0,0,0,0,0,0,0,0,0,0,0,0,0
952,2003030757,1857.0,1755.0,9,9226,40.1797,-75.0531,0,0,0,0,1,0,4,7,2002,3,17.0,1.0,0,1.0,3,0,3,  ,0,0.0,0,0,1,0,0,0,0,0,0,0,0,0,0,0,0,0,0
953,2003030851,1749.0,1748.0,67,67301,40.0076,-75.1273,0,0,0,0,0,0,8,7,2002,7,17.0,1.0,0,1.0,3,1,3,  ,2,3.0,0,0,0,0,0,0,0,0,0,0,0,0,0,0,0,0,0
954,2003030852,1731.0,1730.0,67,67301,,,0,0,0,0,0,0,5,7,2002,1,17.0,1.0,0,1.0,3,1,3,  ,2,3.0,0,0,0,0,0,0,0,0,0,0,0,0,0,0,0,0,0
955,2003030853,1853.0,1848.0,67,67301,39.9626,-75.2468,0,0,0,0,0,0,8,7,2002,2,17.0,1.0,0,1.0,3,1,3,  ,2,3.0,0,0,0,0,0,0,0,0,0,0,0,0,0,1,0,0,0
956,2003030860,1624.0,1616.0,67,67301,,,0,0,0,0,0,0,8,7,2002,2,16.0,1.0,7,1.0,3,0,3,  ,0,0.0,1,0,0,0,0,0,0,0,0,0,0,0,0,0,0,0,0
957,2003030868,2220.0,2215.0,67,67301,39.9493,-75.1642,0,0,0,0,0,0,8,7,2002,2,22.0,3.0,0,1.0,3,1,3,  ,2,3.0,0,0,0,0,0,0,0,0,0,0,0,0,0,0,0,0,0
958,2003030870,1031.0,1026.0,67,67301,,,0,0,0,0,0,0,1,7,2002,6,10.0,1.0,0,1.0,3,0,3,  ,0,0.0,0,0,0,0,0,0,0,0,0,0,0,0,0,0,0,0,0