,CRN,ARRIVAL_TM,DISPATCH_TM,COUNTY,MUNICIPALITY,DEC_LAT,DEC_LONG,BICYCLE_DEATH_COUNT,BICYCLE_SUSP_SERIOUS_INJ_COUNT,BUS_COUNT,HEAVY_TRUCK_COUNT,SMALL_TRUCK_COUNT,SUV_COUNT,COLLISION_TYPE,CRASH_MONTH,CRASH_YEAR,DAY_OF_WEEK,HOUR_OF_DAY,ILLUMINATION,LOCATION_TYPE,ROAD_CONDITION,URBAN_RURAL,INTERSECT_TYPE,WEATHER1,WEATHER2,TCD_TYPE,TCD_FUNC_CD,AGGRESSIVE_DRIVING,ALCOHOL_RELATED,ANGLE_CRASH,CELL_PHONE,COMM_VEHICLE,DISTRACTED,DRINKING_DRIVER,DRUGGED_DRIVER,FATIGUE_ASLEEP,IMPAIRED_DRIVER,NHTSA_AGG_DRIVING,RUNNING_RED_LT,RUNNING_STOP_SIGN,SPEEDING_RELATED,TAILGATING,MATURE_DRIVER,YOUNG_DRIVER
959,2003030871,1745.0,1742.0,67,67301,40.0369,-75.0762,0,0,0,0,0,0,6,7,2002,4,17.0,1.0,0,1.0,3,0,3,  ,0,0.0,0,0,0,0,0,0,0,0,0,0,0,0,0,0,0,0,0
960,2003030881,1415.0,1415.0,67,67301,,,0,0,0,0,0,0,4,7,2002,2,14.0,1.0,0,1.0,3,0,3,  ,0,0.0,0,0,1,0,0,0,0,0,0,0,0,0,0,0,0,1,0
961,2003030895,1135.0,1127.0,67,67301,39.9542,-75.2227,0,0,0,0,0,0,4,7,2002,6,11.0,1.0,0,1.0,3,0,3,  ,0,0.0,0,0,1,0,0,0,0,0,0,0,0,0,0,0,0,0,0
962,2003030922,2039.0,2032.0,67,67301,,,0,0,0,0,0,0,8,7,2002,6,20.0,3.0,0,9.0,3,1,7,  ,2,3.0,0,0,0,0,0,0,0,0,0,0,0,0,0,0,0,0,0
963,2003031027,1750.0,1743.0,25,25302,42.1291,-80.0425,0,0,0,0,0,0,1,7,2002,1,15.0,1.0,0,1.0,3,1,3,  ,3,3.0,0,0,0,0,0,0,0,0,0,0,0,0,0,0,0,0,0
964,2003031076,1433.0,1431.0,46,46101,40.1403,-75.1309,0,0,0,0,0,0,4,7,2002,4,14.0,1.0,0,1.0,3,2,3,  ,0,0.0,0,0,1,0,0,0,0,0,0,0,0,0,0,0,0,0,0
965,2003031496,2100.0,2058.0,25,25302,,,0,0,0,0,0,0,4,7,2002,7,20.0,3.0,0,1.0,3,1,3,  ,3,3.0,0,0,1,0,0,0,0,0,0,0,0,0,0,0,0,0,0
966,2003031497,2042.0,2040.0,25,25302,,,0,0,0,0,0,0,4,7,2002,3,20.0,1.0,0,1.0,3,0,3,  ,0,0.0,0,0,1,0,0,0,0,0,0,0,0,0,0,0,0,0,0
967,2003031673,1515.0,1509.0,40,40205,41.1389,-76.1387,0,1,0,0,0,0,4,6,2002,7,15.0,1.0,0,1.0,1,1,3,  ,3,3.0,0,0,1,0,0,0,0,0,0,0,0,0,0,0,0,0,0
968,2003031791,1647.0,1645.0,67,67301,39.9682,-75.1569,0,0,0,0,0,0,8,7,2002,3,16.0,1.0,0,1.0,3,0,3,  ,0,0.0,0,0,0,0,0,0,0,0,0,0,0,0,0,0,0,0,0
969,2003031794,400.0,351.0,49,49101,40.7959,-76.5667,0,0,0,0,0,0,6,6,2002,6,22.0,2.0,0,1.0,1,0,3,  ,0,0.0,0,1,0,0,0,0,0,0,0,0,0,0,0,0,0,0,0
970,2003031864,842.0,834.0,44,44203,40.6376,-77.6627,0,0,0,0,0,0,5,7,2002,5,8.0,1.0,0,1.0,1,0,3,  ,0,0.0,0,0,0,0,0,1,0,0,0,0,0,0,0,0,0,0,1
971,2003031951,1643.0,1632.0,25,25214,42.1941,-79.8961,0,0,0,0,0,0,4,7,2002,2,16.0,1.0,0,1.0,1,0,3,  ,0,0.0,0,0,1,0,0,0,0,0,0,0,0,0,0,0,0,0,0
972,2003032018,1008.0,949.0,45,45206,40.9979,-75.3587,0,0,0,0,0,0,5,6,2002,1,9.0,1.0,0,1.0,1,0,3,  ,0,0.0,0,0,0,0,0,0,0,0,0,0,0,0,0,0,0,1,0
973,2003032471,1225.0,1225.0,48,48213,40.7673,-75.2725,0,0,0,0,0,0,5,6,2002,4,12.0,1.0,0,1.0,2,0,3,  ,0,0.0,0,0,0,0,0,0,0,0,0,0,0,0,0,0,0,0,0
974,2003032854,1157.0,1155.0,36,36408,40.1702,-76.201,0,0,0,0,0,0,4,6,2002,1,11.0,1.0,0,1.0,2,0,3,  ,0,0.0,0,0,1,0,0,0,0,0,0,0,0,0,0,0,0,0,0
975,2003032861,0.0,1145.0,21,21407,,,0,0,0,0,0,0,9,8,2002,5,11.0,1.0,2,1.0,3,3,3,  ,4,3.0,1,0,0,0,0,0,0,0,0,0,0,0,0,0,0,0,0
976,2003032880,926.0,923.0,67,67301,39.9139,-75.1501,0,0,0,0,1,0,8,7,2002,7,9.0,1.0,0,1.0,3,0,3,  ,0,0.0,0,0,0,0,0,0,0,0,0,0,0,0,0,0,0,0,0
977,2003032884,1702.0,1652.0,67,67301,,,0,0,0,0,0,0,5,7,2002,3,16.0,1.0,0,1.0,3,0,3,  ,0,0.0,1,0,0,0,0,0,0,0,0,0,0,0,0,0,0,0,0
978,2003032889,2200.0,2143.0,67,67301,,,0,0,0,0,0,0,8,7,2002,3,21.0,3.0,0,9.0,3,1,98,  ,3,3.0,0,0,0,0,0,0,0,0,0,0,0,0,0,0,0,0,0
979,2003032902,1914.0,1855.0,67,67301,,,0,0,0,0,0,0,4,7,2002,3,18.0,1.0,0,1.0,3,2,3,  ,3,3.0,0,0,1,0,0,0,0,0,0,0,0,0,0,0,0,0,0
980,2003032937,1712.0,1712.0,67,67301,,,0,0,0,0,0,0,8,7,2002,2,17.0,1.0,0,1.0,3,1,3,  ,3,3.0,0,0,0,0,0,1,0,0,0,0,0,0,0,0,0,0,0
981,2003032940,1430.0,1430.0,67,67301,39.9158,-75.1749,0,0,0,0,0,0,4,7,2002,2,14.0,1.0,0,1.0,3,1,3,  ,2,3.0,0,0,1,0,0,0,0,0,0,0,0,0,0,0,0,0,0
982,2003032974,957.0,955.0,67,67301,39.9691,-75.1338,0,0,0,0,0,0,4,7,2002,5,9.0,1.0,0,1.0,3,10,3,  ,0,0.0,0,0,1,0,0,0,0,0,0,0,0,0,0,0,0,0,0
983,2003032975,1625.0,1625.0,67,67301,,,0,0,0,0,0,0,8,7,2002,4,16.0,1.0,0,1.0,3,1,3,  ,3,3.0,0,0,0,0,0,0,0,0,0,0,0,0,0,0,0,0,0
984,2003032977,2225.0,2225.0,67,67301,40.0037,-75.1332,0,0,0,0,0,0,4,7,2002,2,22.0,3.0,0,1.0,3,1,3,  ,3,3.0,0,0,1,0,0,0,0,0,0,0,0,0,0,0,0,0,0
985,2003032983,1910.0,1908.0,39,39301,,,0,0,0,0,0,0,4,7,2002,2,19.0,1.0,0,1.0,3,0,3,  ,0,0.0,0,0,1,0,0,0,0,0,0,0,0,0,0,0,0,0,0
986,2003033002,1641.0,1641.0,39,39301,40.6118,-75.4764,0,0,0,0,1,0,4,7,2002,2,16.0,1.0,0,1.0,3,0,3,05,0,0.0,0,0,1,0,0,1,0,0,0,0,0,0,0,0,0,0,1
987,2003033025,1914.0,1905.0,30,30203,39.8806,-79.9231,0,1,0,0,0,0,4,8,2002,6,19.0,1.0,0,1.0,1,3,3,  ,0,0.0,0,0,1,0,0,0,0,0,0,0,0,0,0,0,0,0,1
988,2003033031,1740.0,1730.0,39,39301,40.6126,-75.4803,0,0,0,0,0,0,4,8,2002,3,17.0,1.0,0,1.0,3,1,3,  ,0,0.0,0,0,1,0,0,0,0,0,0,0,0,0,0,0,0,1,0
989,2003033095,1631.0,1630.0,39,39301,40.624,-75.4492,0,0,0,0,1,0,4,8,2002,2,16.0,1.0,0,1.0,3,1,3,  ,0,0.0,1,0,1,0,0,0,0,0,0,0,0,0,0,0,0,0,0
990,2003033181,1048.0,1040.0,3,3416,,,0,0,0,0,1,0,4,7,2002,6,9.0,1.0,0,1.0,2,0,3,  ,0,0.0,0,0,1,0,0,0,0,0,0,0,0,0,0,0,0,1,0
991,2003033355,2229.0,2226.0,62,62228,40.2291,-79.9728,0,1,0,0,0,0,1,7,2002,1,22.0,2.0,0,1.0,3,0,3,  ,0,0.0,1,0,0,0,0,0,0,0,0,0,1,0,0,1,0,0,0
992,2003033402,1657.0,1656.0,67,67301,39.9589,-75.2414,0,0,0,0,0,0,8,7,2002,2,16.0,2.0,0,1.0,3,1,3,  ,2,3.0,0,0,0,0,0,0,0,0,0,0,0,0,0,0,0,0,0
993,2003033404,2040.0,2034.0,67,67301,,,0,0,0,0,0,0,4,7,2002,2,20.0,1.0,0,1.0,3,1,3,  ,3,3.0,0,0,1,0,0,0,0,0,0,0,0,0,0,0,0,0,0
994,2003033405,840.0,831.0,67,67301,40.0457,-75.1433,0,0,0,0,0,0,8,7,2002,2,8.0,1.0,0,1.0,3,2,3,  ,3,3.0,1,0,0,0,0,0,0,0,0,0,0,0,0,0,0,0,0
995,2003033434,1840.0,1840.0,67,67301,,,0,0,0,0,0,0,1,7,2002,5,18.0,1.0,0,2.0,3,0,3,  ,2,3.0,0,0,0,0,0,0,0,0,0,0,0,0,0,0,0,0,0
996,2003033464,27.0,24.0,67,67301,39.9582,-75.2355,0,0,0,0,0,0,4,7,2002,6,0.0,3.0,0,1.0,3,10,3,  ,0,0.0,0,0,1,0,0,0,0,0,0,0,0,0,0,0,0,0,1
997,2003033491,2158.0,2155.0,61,61301,41.8439,-79.1444,0,1,0,0,0,0,4,8,2002,6,21.0,6.0,0,1.0,2,0,3,  ,0,0.0,0,1,1,0,0,0,0,0,0,0,0,0,0,0,0,0,0
998,2003033540,1718.0,1716.0,67,67301,,,0,0,0,0,0,0,8,7,2002,7,17.0,1.0,0,1.0,3,2,3,  ,3,3.0,0,0,0,0,0,0,0,0,0,0,0,0,0,0,0,0,0
999,2003033563,900.0,857.0,67,67301,39.9863,-75.1318,0,0,1,0,0,0,8,7,2002,5,7.0,1.0,99,1.0,3,5,98,  ,2,3.0,0,0,0,0,1,0,0,0,0,0,0,0,0,0,0,0,0
1000,2003033614,1430.0,1425.0,67,67301,40.0109,-75.1645,0,0,1,0,0,0,8,7,2002,3,14.0,1.0,0,1.0,3,10,3,  ,0,0.0,0,0,0,0,1,0,0,0,0,0,0,0,0,0,0,0,0
1001,2003033709,1630.0,1621.0,28,28215,39.7327,-77.5243,0,0,0,0,1,0,4,8,2002,3,16.0,1.0,0,1.0,2,0,3,  ,0,0.0,0,0,1,0,0,0,0,0,0,0,0,0,0,0,0,0,0
1002,2003033742,906.0,900.0,67,67301,,,0,0,0,0,0,0,8,7,2002,6,23.0,3.0,0,1.0,3,0,3,  ,2,3.0,0,0,0,0,0,0,0,0,0,0,0,0,0,0,0,0,1
1003,2003033783,1012.0,956.0,67,67301,,,0,0,0,0,0,0,4,7,2002,2,9.0,1.0,0,98.0,3,1,99,  ,0,0.0,1,0,1,0,0,0,0,0,0,0,0,0,0,0,0,0,0
1004,2003033787,135.0,130.0,67,67301,39.9704,-75.1465,0,1,0,0,0,0,6,8,2002,7,1.0,2.0,0,1.0,3,1,3,  ,0,0.0,0,0,0,0,0,0,0,0,0,0,0,0,0,0,0,0,1
1005,2003033793,1915.0,1911.0,67,67301,,,0,0,0,0,0,0,4,7,2002,3,19.0,1.0,0,1.0,3,1,3,  ,3,3.0,0,0,1,0,0,0,0,0,0,0,0,0,0,0,0,0,0
1006,2003033855,1150.0,1147.0,39,39301,40.5742,-75.4624,0,0,0,0,0,0,4,7,2002,4,11.0,1.0,0,1.0,3,2,3,  ,0,0.0,0,0,1,0,0,0,0,0,0,0,0,0,0,0,0,0,0
1007,2003033856,1505.0,1502.0,39,39301,40.611,-75.4808,0,0,0,0,0,0,8,7,2002,5,15.0,1.0,0,1.0,3,1,3,  ,0,0.0,0,0,0,0,0,0,0,0,0,0,0,0,0,0,0,1,0
1008,2003033924,1115.0,1114.0,25,25302,,,0,0,0,0,1,0,4,8,2002,4,11.0,1.0,0,1.0,3,1,3,  ,2,3.0,0,0,1,0,0,0,0,0,0,0,0,0,0,0,0,0,0
1009,2003033967,22.0,22.0,15,15411,40.1253,-75.5418,0,0,0,0,0,0,4,8,2002,6,22.0,3.0,0,1.0,3,0,3,  ,0,0.0,1,0,1,0,0,0,0,0,0,0,0,0,0,0,0,0,0
1010,2003033998,1220.0,1205.0,67,67301,,,0,0,1,0,0,0,5,7,2002,6,12.0,1.0,0,1.0,3,0,3,  ,2,3.0,0,0,0,0,1,0,0,0,0,0,0,0,0,0,0,0,0
1011,2003033999,1010.0,1000.0,67,67301,,,0,0,1,0,0,0,5,7,2002,4,9.0,1.0,0,1.0,3,0,3,  ,0,0.0,0,0,0,0,1,0,0,0,0,0,0,0,0,0,0,0,0
1012,2003034143,1750.0,1745.0,48,48301,,,0,0,0,0,0,0,4,8,2002,5,17.0,1.0,0,1.0,3,1,3,  ,0,0.0,0,0,1,0,0,0,0,0,0,0,0,0,0,0,0,0,0
1013,2003034231,1610.0,1610.0,67,67301,,,0,0,0,0,1,0,4,8,2002,5,12.0,1.0,0,1.0,3,1,3,  ,2,9.0,1,0,1,0,0,0,0,0,0,0,0,0,0,0,0,0,0
1014,2003034241,218.0,211.0,67,67301,39.8838,-75.2233,0,0,0,0,1,0,2,8,2002,6,2.0,3.0,0,1.0,3,2,3,  ,0,0.0,0,0,0,0,0,0,0,0,0,0,0,0,0,0,0,0,0
1015,2003034246,1951.0,1950.0,67,67301,39.9947,-75.1355,0,0,0,0,0,0,2,8,2002,4,19.0,1.0,0,1.0,3,1,3,  ,3,3.0,0,0,0,0,0,0,0,0,0,0,0,0,0,0,0,0,0
1016,2003034277,1819.0,1816.0,22,22101,40.2837,-76.83,0,0,0,0,0,0,1,8,2002,2,18.0,1.0,0,1.0,3,0,3,  ,0,0.0,0,0,0,0,0,0,0,0,0,0,0,0,0,0,0,0,0
1017,2003034279,2036.0,2036.0,22,22101,40.2854,-76.8424,0,0,0,0,0,0,6,8,2002,5,20.0,3.0,7,1.0,3,10,3,  ,0,0.0,0,0,0,0,0,0,0,0,0,0,0,0,0,0,0,0,0
1018,2003034301,1640.0,1635.0,67,67301,40.0217,-75.1127,0,0,0,0,0,0,5,8,2002,2,10.0,1.0,0,1.0,3,1,3,  ,2,3.0,0,0,0,0,0,0,0,0,0,0,0,0,0,0,0,0,1
1019,2003034304,1358.0,1354.0,67,67301,39.9758,-75.1793,0,0,0,0,0,0,4,8,2002,7,13.0,1.0,0,1.0,3,0,3,  ,0,0.0,0,0,1,0,0,0,0,0,0,0,0,0,0,0,0,0,0
1020,2003034324,1215.0,1209.0,67,67301,40.0208,-75.1268,0,0,0,0,0,0,2,8,2002,7,12.0,1.0,0,1.0,3,0,3,  ,0,0.0,1,0,0,0,0,0,0,0,0,0,0,0,0,1,0,0,0
1021,2003034383,1744.0,1744.0,64,64302,40.2965,-79.5432,0,0,0,0,0,0,1,8,2002,1,17.0,1.0,0,1.0,3,1,3,  ,2,3.0,0,0,0,0,0,0,0,0,0,0,0,0,0,0,0,0,0
1022,2003034402,2048.0,2046.0,46,46102,40.0793,-75.1598,0,0,0,0,0,0,8,8,2002,3,20.0,3.0,0,1.0,3,1,3,  ,2,3.0,1,0,0,0,0,0,0,0,0,0,0,0,0,0,0,0,0
1023,2003034407,1130.0,1127.0,36,36218,,,0,0,0,0,0,0,1,8,2002,1,11.0,1.0,0,1.0,1,10,3,  ,0,0.0,0,0,0,0,0,0,0,0,0,0,0,0,0,0,0,0,0
1024,2003034516,837.0,837.0,46,46101,40.1031,-75.1553,0,0,0,0,0,0,4,8,2002,4,8.0,1.0,0,1.0,3,0,3,  ,0,0.0,0,0,1,0,0,0,0,0,0,0,0,0,0,0,0,0,0
1025,2003034531,1435.0,1433.0,35,35302,41.4068,-75.6813,0,0,0,0,0,0,4,8,2002,4,14.0,1.0,0,1.0,3,2,3,  ,0,0.0,0,0,1,0,0,0,0,0,0,0,0,0,0,0,0,0,0
1026,2003034557,1443.0,1433.0,36,36234,40.0863,-76.2007,0,1,0,0,1,0,5,8,2002,6,14.0,1.0,0,1.0,1,0,3,  ,0,0.0,0,0,0,0,0,0,0,0,0,0,0,0,0,0,0,0,0
1027,2003034612,1833.0,1830.0,14,14206,40.7642,-77.8702,0,0,0,0,0,0,1,8,2002,7,18.0,1.0,0,1.0,1,2,3,  ,0,0.0,1,0,0,0,0,0,0,0,0,0,0,0,0,1,0,0,0
1028,2003034620,126.0,117.0,67,67301,39.9554,-75.2329,0,0,0,0,0,0,4,8,2002,7,1.0,6.0,0,1.0,3,1,3,  ,0,0.0,0,0,1,0,0,0,0,0,0,0,0,0,0,0,0,0,0
1029,2003034621,1415.0,1330.0,67,67301,,,0,0,0,0,0,0,5,8,2002,1,13.0,1.0,0,1.0,3,0,3,  ,3,3.0,0,0,0,0,0,0,0,0,0,0,0,0,0,0,0,0,0
1030,2003034625,744.0,743.0,67,67301,39.9549,-75.1963,0,0,0,0,0,0,5,8,2002,4,7.0,1.0,0,1.0,3,0,3,  ,0,0.0,1,0,0,0,0,0,0,0,0,0,0,0,0,0,0,0,0
1031,2003034632,1920.0,1915.0,67,67301,39.9932,-75.1635,0,0,0,0,0,0,4,8,2002,3,19.0,1.0,0,1.0,3,2,3,  ,0,0.0,0,0,1,0,0,0,0,0,0,0,0,0,0,0,0,1,0
1032,2003034642,1947.0,1945.0,67,67301,40.0042,-75.173,0,0,0,0,0,0,1,8,2002,2,19.0,2.0,0,1.0,3,0,3,  ,0,0.0,0,0,0,0,0,0,0,0,0,0,0,0,0,0,0,0,0
1033,2003034647,2012.0,2008.0,67,67301,,,0,0,0,0,0,0,4,8,2002,2,19.0,2.0,0,9.0,3,0,7,  ,0,0.0,0,0,1,0,0,0,0,0,0,0,0,0,0,0,0,1,0
1034,2003034655,1415.0,1409.0,67,67301,,,0,0,0,0,0,0,8,8,2002,1,13.0,1.0,0,1.0,3,0,3,  ,0,0.0,0,0,0,0,0,0,0,0,0,0,0,0,0,0,0,0,0
1035,2003034662,2027.0,2025.0,67,67301,,,0,0,0,0,0,0,2,8,2002,1,20.0,1.0,0,1.0,3,1,3,  ,2,9.0,1,0,0,0,0,0,0,0,0,0,0,0,0,0,0,0,0
1036,2003034685,1335.0,1333.0,67,67301,,,0,0,0,0,0,0,2,8,2002,6,13.0,1.0,0,1.0,3,1,3,  ,0,0.0,0,0,0,0,0,0,0,0,0,0,0,0,0,0,0,0,0
1037,2003034686,1845.0,1842.0,67,67301,40.0509,-75.1028,0,0,0,0,0,0,2,8,2002,1,18.0,1.0,0,1.0,3,2,3,  ,3,3.0,1,0,0,0,0,0,0,0,0,0,0,0,0,0,0,0,0
1038,2003034688,1645.0,1638.0,67,67301,39.9651,-75.1607,0,0,0,0,0,0,4,8,2002,2,16.0,1.0,0,1.0,3,1,3,  ,2,3.0,0,0,1,0,0,0,0,0,0,0,0,0,0,0,0,0,0
1039,2003034689,1540.0,1530.0,67,67301,39.9378,-75.2339,0,0,0,0,0,0,2,8,2002,6,23.0,3.0,0,1.0,3,2,3,  ,3,3.0,0,0,0,0,0,0,0,0,0,0,0,0,0,0,0,0,1
1040,2003034971,1125.0,1124.0,67,67301,39.9538,-75.1874,0,0,0,0,0,0,4,8,2002,5,11.0,1.0,0,1.0,3,0,3,  ,0,0.0,0,0,1,0,0,0,0,0,0,0,0,0,0,0,0,0,0
1041,2003034972,1132.0,1130.0,67,67301,39.9531,-75.1947,0,0,0,0,1,0,4,8,2002,3,11.0,1.0,0,1.0,3,2,3,  ,2,3.0,1,0,1,0,0,0,0,0,0,0,0,0,0,0,0,0,0
1042,2003034976,1954.0,1951.0,25,25302,,,0,0,0,0,0,0,8,8,2002,2,19.0,1.0,0,1.0,3,1,3,  ,3,3.0,0,0,0,0,0,0,0,0,0,0,0,0,0,0,0,0,0
1043,2003035024,1810.0,1803.0,10,10212,40.6813,-80.1435,0,1,0,0,0,0,1,7,2002,4,18.0,1.0,0,1.0,3,0,3,  ,0,0.0,0,0,0,0,0,0,0,0,0,0,0,0,0,0,0,0,0
1044,2003035071,1511.0,1520.0,46,46413,40.1184,-75.3454,0,0,0,0,0,0,5,8,2002,5,15.0,1.0,0,1.0,3,0,3,  ,0,0.0,1,0,0,0,0,0,0,0,0,0,0,0,0,0,0,0,0
1045,2003035129,1627.0,1623.0,67,67301,40.0004,-75.0673,0,0,0,0,0,0,4,8,2002,7,16.0,1.0,0,1.0,3,2,3,  ,2,3.0,0,0,1,0,0,0,0,0,0,0,0,0,0,0,0,0,0
1046,2003035132,2156.0,2154.0,67,67301,,,0,0,0,0,0,0,4,4,2002,1,21.0,3.0,0,1.0,3,0,3,  ,0,0.0,0,0,1,0,0,1,0,0,0,0,0,0,0,0,0,0,0
1047,2003035150,2052.0,2050.0,67,67301,,,0,0,0,0,0,0,2,8,2002,1,20.0,1.0,0,1.0,3,1,3,  ,3,3.0,0,0,0,0,0,0,0,0,0,0,0,0,0,0,0,0,0
1048,2003035156,1359.0,1355.0,67,67301,,,0,0,0,0,0,0,2,8,2002,1,13.0,1.0,0,1.0,3,1,3,  ,0,0.0,0,0,0,0,0,0,0,0,0,0,0,0,0,0,0,0,0
1049,2003035159,1837.0,1835.0,67,67301,39.9335,-75.1918,0,0,0,0,0,0,4,8,2002,7,18.0,1.0,0,1.0,3,2,3,  ,0,0.0,1,0,1,0,0,0,0,0,0,0,0,0,0,0,0,0,0
1050,2003035179,1530.0,1528.0,67,67301,39.9577,-75.1624,0,0,0,0,0,0,2,8,2002,2,15.0,1.0,0,1.0,3,2,99,  ,2,3.0,1,0,0,0,0,0,0,0,0,0,0,0,0,0,0,0,0
1051,2003035191,1345.0,1339.0,67,67301,,,0,0,0,0,0,0,8,8,2002,4,13.0,1.0,0,1.0,3,0,3,  ,0,0.0,0,0,0,1,0,1,0,0,0,0,0,0,0,0,0,0,1
1052,2003035201,1200.0,1200.0,67,67301,40.0,-75.1531,0,0,0,0,0,0,2,8,2002,4,12.0,1.0,0,1.0,3,1,3,  ,3,3.0,0,0,0,0,0,1,0,0,0,0,0,0,0,0,0,0,0
1053,2003035210,1620.0,1612.0,67,67301,,,0,0,0,0,0,0,5,8,2002,4,17.0,1.0,0,1.0,3,1,99,  ,2,3.0,0,0,0,0,0,0,0,0,0,0,0,0,0,0,0,0,0
1054,2003035214,916.0,913.0,67,67301,40.0367,-75.0486,0,0,0,0,0,0,4,8,2002,6,9.0,1.0,0,1.0,3,1,3,  ,0,0.0,0,0,1,0,0,0,0,0,0,0,0,0,0,0,0,0,0
1055,2003035226,1720.0,1713.0,67,67301,,,0,0,0,0,0,0,2,8,2002,1,17.0,1.0,0,1.0,3,2,3,  ,0,0.0,0,0,0,0,0,0,0,0,0,0,0,0,0,0,0,0,0
1056,2003035254,1952.0,1948.0,67,67301,,,0,0,0,0,0,0,4,8,2002,7,19.0,4.0,0,1.0,3,0,3,  ,0,0.0,0,0,1,0,0,1,0,0,0,0,0,0,0,0,0,0,1
1057,2003035262,1655.0,1654.0,67,67301,39.9674,-75.1786,0,0,0,0,0,0,2,8,2002,5,16.0,1.0,0,9.0,3,1,3,  ,2,3.0,0,0,0,0,0,0,0,0,0,0,0,0,0,0,0,0,0
1058,2003035273,1225.0,1221.0,15,15203,39.9257,-75.65,0,0,0,0,0,0,4,4,2002,4,12.0,1.0,0,1.0,1,5,3,  ,3,2.0,0,0,1,0,0,0,0,0,0,0,0,0,0,0,0,0,0
1059,2003035281,1520.0,1516.0,64,64301,40.5804,-79.7598,0,0,0,0,0,0,4,8,2002,2,15.0,1.0,0,1.0,3,10,3,  ,3,3.0,0,0,1,0,0,0,0,0,0,0,0,0,0,0,0,1,0
1060,2003035304,818.0,815.0,39,39302,40.6252,-75.3882,0,0,0,0,0,0,5,8,2002,4,8.0,1.0,0,1.0,3,0,3,  ,0,0.0,0,0,0,0,0,0,0,0,0,0,0,0,0,0,0,1,0
1061,2003035328,1720.0,1720.0,67,67301,,,0,0,0,0,0,0,8,8,2002,5,17.0,1.0,0,1.0,3,10,3,  ,0,0.0,0,0,0,0,0,0,0,0,0,0,0,0,0,0,0,0,0
1062,2003035331,851.0,845.0,67,67301,40.0058,-75.0964,0,0,0,0,0,0,4,8,2002,7,8.0,1.0,7,1.0,3,1,3,  ,0,0.0,0,0,1,0,0,0,0,0,0,0,0,0,0,0,0,0,0
1063,2003035339,1853.0,1846.0,67,67301,39.9915,-75.1361,0,0,0,0,0,0,2,8,2002,2,18.0,1.0,0,1.0,3,1,3,  ,2,3.0,0,0,0,0,0,0,0,0,0,0,0,0,0,0,0,0,0
1064,2003035345,2149.0,2148.0,67,67301,39.9879,-75.144,0,0,0,0,0,0,4,8,2002,4,21.0,3.0,0,1.0,3,1,3,  ,3,3.0,0,0,1,0,0,1,0,0,0,0,0,0,0,0,0,0,0
1065,2003035362,1827.0,1827.0,67,67301,,,0,0,0,0,1,0,8,7,2002,4,18.0,1.0,0,1.0,3,1,3,  ,2,2.0,0,0,0,0,0,1,0,0,0,0,0,0,0,0,0,0,1
1066,2003035366,2058.0,2055.0,67,67301,39.9286,-75.173,0,0,0,0,0,0,8,8,2002,7,20.0,3.0,0,1.0,3,0,3,  ,3,3.0,0,0,0,0,0,0,0,0,0,0,0,0,0,0,0,0,0
1067,2003035370,1830.0,1810.0,67,67301,,,0,0,0,0,0,0,1,8,2002,3,18.0,1.0,0,1.0,3,0,3,  ,0,0.0,1,0,0,0,0,0,0,0,0,0,0,0,0,0,0,0,0
1068,2003035401,1333.0,1331.0,67,67301,,,0,0,0,0,0,0,4,8,2002,5,13.0,1.0,0,1.0,3,1,3,  ,3,3.0,1,0,1,0,0,0,0,0,0,0,0,0,0,0,0,0,0
1069,2003035480,205.0,205.0,67,67301,39.9938,-75.1283,0,0,0,0,0,0,8,8,2002,1,2.0,2.0,0,1.0,3,1,3,  ,0,0.0,0,0,0,0,0,1,0,0,0,0,0,0,0,0,0,0,1
1070,2003035494,1615.0,1600.0,67,67301,40.0124,-75.0912,0,0,0,0,0,0,1,8,2002,6,14.0,1.0,0,1.0,3,0,3,  ,3,3.0,1,0,0,0,0,0,0,0,0,0,0,0,0,1,0,0,0
1071,2003035500,1959.0,1953.0,7,7301,,,0,0,0,0,0,0,4,8,2002,3,19.0,1.0,0,1.0,3,1,3,  ,0,0.0,0,0,1,0,0,1,0,0,0,0,0,0,0,0,0,0,1
1072,2003035598,1800.0,1757.0,2,2301,40.4681,-79.9181,0,0,0,0,0,0,4,8,2002,5,17.0,1.0,0,1.0,3,1,3,  ,3,3.0,0,0,1,0,0,0,0,0,0,0,0,0,0,0,0,0,0
1073,2003035695,1300.0,1259.0,42,42301,,,0,0,0,0,0,0,8,8,2002,7,12.0,1.0,0,1.0,2,2,3,  ,0,0.0,0,0,0,0,0,0,0,0,0,0,0,0,0,0,0,0,0
1074,2003035698,2107.0,2106.0,46,46104,40.0115,-75.2425,0,0,0,0,0,0,4,8,2002,3,21.0,3.0,0,1.0,3,1,3,  ,2,3.0,0,0,1,0,0,0,0,0,0,0,0,0,0,0,0,0,0
1075,2003035736,1710.0,1656.0,2,2301,40.4381,-80.0494,0,0,0,0,0,0,5,8,2002,5,16.0,1.0,0,1.0,3,2,3,  ,0,0.0,1,0,0,0,0,0,0,0,0,0,0,0,0,1,0,0,0
1076,2003035742,2132.0,2129.0,43,43302,41.2333,-80.4993,0,0,0,0,0,0,4,8,2002,7,21.0,3.0,0,1.0,3,10,3,  ,2,3.0,0,0,1,0,0,0,0,0,0,0,0,0,0,0,0,0,0
1077,2003036092,1647.0,1639.0,53,53408,40.7916,-76.2823,0,0,0,0,0,0,6,7,2002,7,16.0,1.0,0,1.0,1,1,3,  ,3,2.0,0,0,0,0,0,0,0,0,0,0,0,0,0,0,0,0,0
1078,2003036319,1739.0,1735.0,40,40102,41.1715,-76.0791,0,1,0,0,1,0,4,8,2002,4,,1.0,0,1.0,1,0,3,  ,0,0.0,0,0,1,0,0,0,0,0,0,0,0,0,0,0,0,0,0