,CRN,ARRIVAL_TM,DISPATCH_TM,COUNTY,MUNICIPALITY,DEC_LAT,DEC_LONG,BICYCLE_DEATH_COUNT,BICYCLE_SUSP_SERIOUS_INJ_COUNT,BUS_COUNT,HEAVY_TRUCK_COUNT,SMALL_TRUCK_COUNT,SUV_COUNT,COLLISION_TYPE,CRASH_MONTH,CRASH_YEAR,DAY_OF_WEEK,HOUR_OF_DAY,ILLUMINATION,LOCATION_TYPE,ROAD_CONDITION,URBAN_RURAL,INTERSECT_TYPE,WEATHER1,WEATHER2,TCD_TYPE,TCD_FUNC_CD,AGGRESSIVE_DRIVING,ALCOHOL_RELATED,ANGLE_CRASH,CELL_PHONE,COMM_VEHICLE,DISTRACTED,DRINKING_DRIVER,DRUGGED_DRIVER,FATIGUE_ASLEEP,IMPAIRED_DRIVER,NHTSA_AGG_DRIVING,RUNNING_RED_LT,RUNNING_STOP_SIGN,SPEEDING_RELATED,TAILGATING,MATURE_DRIVER,YOUNG_DRIVER
1079,2003036624,952.0,946.0,14,14406,,,0,0,0,0,0,0,5,7,2002,5,9.0,1.0,0,1.0,1,2,3,  ,3,3.0,0,0,0,0,0,0,0,0,0,0,0,0,0,0,0,0,0
1080,2003036695,1435.0,1428.0,35,35302,41.4285,-75.6654,0,0,0,0,0,0,4,8,2002,4,14.0,1.0,0,9.0,3,2,3,  ,2,2.0,0,0,1,0,0,0,0,0,0,0,0,0,0,0,0,0,0
1081,2003036732,1735.0,1726.0,36,36301,40.0352,-76.2871,0,0,0,0,0,0,4,7,2002,4,17.0,1.0,0,1.0,3,2,3,  ,3,3.0,0,0,1,0,0,0,0,0,0,0,0,0,0,0,0,0,0
1082,2003036757,1638.0,1635.0,48,48215,40.7509,-75.2897,0,0,0,0,1,0,4,7,2002,4,16.0,1.0,0,1.0,1,0,3,  ,0,0.0,0,0,1,0,0,1,0,0,0,0,0,0,0,0,0,0,0
1083,2003036861,2027.0,2017.0,25,25208,,,0,0,0,0,0,0,4,7,2002,5,20.0,1.0,0,1.0,1,0,3,  ,0,0.0,0,0,1,0,0,0,0,0,0,0,0,0,0,0,0,0,0
1084,2003036933,1858.0,1851.0,46,46104,40.0013,-75.2345,0,0,0,0,0,0,4,8,2002,7,18.0,1.0,0,1.0,3,2,3,  ,0,0.0,0,0,1,0,0,0,0,0,0,0,0,0,0,0,0,0,0
1085,2003036935,1000.0,959.0,46,46104,40.0223,-75.2308,0,1,0,0,0,0,4,8,2002,7,9.0,1.0,0,1.0,3,0,3,  ,0,0.0,1,0,1,0,0,0,0,0,0,0,0,0,0,0,0,1,0
1086,2003036940,1656.0,1654.0,46,46104,,,0,0,0,0,0,0,4,8,2002,5,16.0,1.0,0,1.0,3,0,3,  ,3,3.0,0,0,1,0,0,0,0,0,0,0,0,0,0,0,0,0,0
1087,2003036957,1912.0,1906.0,2,2301,,,0,0,0,0,0,0,4,8,2002,5,19.0,1.0,0,1.0,3,1,3,  ,0,0.0,0,0,1,0,0,0,0,0,0,0,0,0,0,0,0,1,0
1088,2003036976,1939.0,1936.0,28,28406,,,0,0,0,0,0,0,4,7,2002,7,19.0,1.0,0,1.0,2,1,3,  ,3,3.0,0,0,1,0,0,0,0,0,0,0,0,0,0,0,0,1,0
1089,2003036989,1626.0,1622.0,39,39101,40.5973,-75.4095,0,1,0,0,0,0,4,8,2002,5,16.0,1.0,7,1.0,1,0,3,  ,0,0.0,0,0,1,0,0,0,0,0,0,0,0,0,0,0,0,1,0
1090,2003037013,1159.0,1152.0,2,2113,40.4814,-79.7975,0,0,0,0,0,0,4,9,2002,2,11.0,1.0,0,9.0,3,0,3,  ,0,0.0,1,0,1,0,0,0,0,0,0,0,0,0,0,1,0,0,0
1091,2003037316,1515.0,1432.0,28,28213,40.0518,-77.5508,0,0,0,0,0,0,5,7,2002,1,14.0,1.0,0,1.0,1,2,3,  ,0,0.0,1,0,0,0,0,0,0,0,0,0,0,0,0,0,0,0,0
1092,2003037411,750.0,744.0,39,39212,40.6919,-75.6094,0,0,0,0,0,0,4,8,2002,6,99.0,1.0,0,1.0,1,1,3,  ,3,3.0,0,1,1,0,0,1,1,0,0,1,0,0,0,0,0,0,0
1093,2003037901,803.0,748.0,25,25203,41.8906,-80.4289,0,0,0,1,0,0,4,7,2002,4,7.0,1.0,0,1.0,1,1,3,  ,3,9.0,0,0,1,0,1,0,0,0,0,0,0,0,0,0,0,0,0
1094,2003038030,901.0,856.0,23,23207,39.8789,-75.3981,0,0,0,0,0,0,5,8,2002,6,8.0,1.0,0,1.0,3,2,3,  ,3,3.0,0,0,0,0,0,0,0,0,0,0,0,0,0,0,0,0,0
1095,2003038109,1406.0,1347.0,20,20223,41.8006,-80.3689,0,0,0,0,0,0,5,7,2002,4,13.0,1.0,0,1.0,1,0,3,  ,0,0.0,0,0,0,0,0,1,0,0,0,0,0,0,0,0,0,0,0
1096,2003038269,1854.0,1845.0,40,40214,,,0,1,0,0,0,0,4,8,2002,7,18.0,1.0,0,1.0,1,0,3,  ,0,0.0,0,0,1,0,0,0,0,0,0,0,0,0,0,0,0,0,0
1097,2003038683,1446.0,1442.0,67,67301,40.0564,-75.0751,0,0,0,0,0,0,4,8,2002,3,10.0,1.0,0,1.0,3,1,3,  ,2,3.0,0,0,1,0,0,0,0,0,0,0,0,0,0,0,0,0,0
1098,2003038684,2104.0,2100.0,67,67301,,,0,0,0,0,0,0,2,8,2002,1,21.0,3.0,0,1.0,3,1,3,  ,0,0.0,0,0,0,0,0,0,0,0,0,0,0,0,0,0,0,1,0
1099,2003038691,1130.0,1115.0,67,67301,40.0096,-75.1803,0,0,0,0,0,0,1,8,2002,6,10.0,1.0,0,1.0,3,2,3,  ,2,3.0,1,0,0,0,0,0,0,0,0,0,0,0,0,0,0,0,0
1100,2003038698,1725.0,1720.0,67,67301,,,0,0,0,0,0,0,4,7,2002,3,17.0,1.0,0,1.0,3,0,3,  ,0,0.0,0,0,1,0,0,0,0,0,0,0,0,0,0,0,0,0,0
1101,2003038723,1609.0,1606.0,67,67301,40.0224,-75.0741,0,0,0,0,0,0,6,8,2002,7,16.0,1.0,0,1.0,3,0,3,  ,0,0.0,0,0,0,0,0,0,0,0,0,0,0,0,0,0,0,0,0
1102,2003038727,1855.0,1843.0,67,67301,39.9255,-75.1694,0,0,0,0,0,0,4,7,2002,4,18.0,1.0,0,1.0,3,0,3,  ,0,0.0,0,0,1,0,0,0,0,0,0,0,0,0,0,0,0,0,0
1103,2003038729,2312.0,2310.0,67,67301,,,0,0,0,0,0,0,5,8,2002,2,23.0,3.0,0,1.0,3,1,3,  ,2,3.0,1,0,0,0,0,0,0,0,0,0,0,0,0,0,0,0,0
1104,2003038731,2245.0,2245.0,67,67301,,,0,0,0,0,0,0,4,8,2002,5,22.0,3.0,0,1.0,3,2,3,  ,0,0.0,0,0,1,1,0,1,0,0,0,0,0,0,0,0,0,0,0
1105,2003038736,1320.0,1315.0,67,67301,39.9674,-75.1786,0,0,0,0,0,0,2,8,2002,2,13.0,1.0,0,1.0,3,1,3,  ,2,3.0,0,0,0,0,0,0,0,0,0,0,0,0,0,0,0,0,0
1106,2003038740,1718.0,1712.0,67,67301,39.947,-75.1648,0,0,0,0,1,0,5,8,2002,3,17.0,1.0,0,1.0,3,1,3,  ,2,3.0,0,0,0,0,0,0,0,0,0,0,0,0,0,0,0,0,0
1107,2003038741,1105.0,1052.0,67,67301,,,0,0,0,0,0,0,4,8,2002,3,10.0,1.0,0,1.0,3,2,3,  ,3,3.0,0,0,1,0,0,0,0,0,0,0,0,0,0,0,0,0,0
1108,2003038756,254.0,251.0,67,67301,39.9677,-75.2097,0,0,0,0,0,0,5,8,2002,2,2.0,3.0,0,1.0,3,3,3,  ,2,3.0,0,0,0,1,0,1,0,0,0,0,0,0,0,0,0,0,0
1109,2003038759,2010.0,2006.0,67,67301,,,0,0,0,0,0,0,8,7,2002,4,20.0,3.0,0,1.0,3,2,3,  ,3,3.0,0,0,0,0,0,0,0,0,0,0,0,0,0,0,0,0,0
1110,2003038760,1608.0,1604.0,67,67301,39.9603,-75.1969,0,0,0,0,0,0,8,7,2002,4,16.0,1.0,0,1.0,3,2,3,  ,2,3.0,0,0,0,0,0,0,0,0,0,0,0,0,0,0,0,0,0
1111,2003038765,1435.0,1430.0,67,67301,39.9897,-75.104,0,0,0,0,0,0,4,8,2002,6,18.0,1.0,0,98.0,3,1,99,  ,2,9.0,0,0,1,0,0,0,0,0,0,0,0,0,0,0,0,0,0
1112,2003038767,1755.0,1741.0,67,67301,39.9985,-75.1414,0,0,0,0,0,0,8,8,2002,1,18.0,1.0,0,1.0,3,0,3,  ,2,3.0,0,0,0,0,0,0,0,0,0,0,0,0,0,0,0,1,0
1113,2003038776,1950.0,1947.0,67,67301,40.0271,-75.065,0,0,0,0,0,0,6,7,2002,1,19.0,4.0,0,1.0,3,1,3,  ,0,0.0,0,0,0,0,0,0,0,0,0,0,0,0,0,0,0,0,0
1114,2003038801,1551.0,1515.0,67,67301,,,0,0,0,0,0,0,2,8,2002,5,15.0,1.0,0,1.0,3,0,3,  ,3,3.0,0,0,0,0,0,0,0,0,0,0,0,0,0,0,0,1,0
1115,2003038804,1515.0,1510.0,67,67301,40.0273,-75.1472,0,0,0,0,0,0,5,7,2002,4,13.0,1.0,99,1.0,3,0,3,  ,0,0.0,0,0,0,0,0,0,0,0,0,0,0,0,0,0,0,0,0
1116,2003038814,1458.0,1455.0,67,67301,,,0,0,0,0,0,0,2,8,2002,5,14.0,1.0,0,1.0,3,0,3,  ,0,0.0,0,0,0,0,0,0,0,0,0,0,0,0,0,0,0,0,0
1117,2003038839,1928.0,1925.0,67,67301,40.0161,-75.0701,0,0,0,0,0,0,2,8,2002,2,19.0,1.0,0,1.0,3,0,3,  ,0,0.0,0,0,0,0,0,0,0,0,0,0,0,0,0,0,0,0,1
1118,2003038840,1820.0,1810.0,67,67301,40.0254,-75.0429,0,0,0,0,0,0,4,7,2002,4,18.0,1.0,0,1.0,3,2,3,  ,3,2.0,0,0,1,0,0,0,0,0,0,0,0,0,0,0,0,0,0
1119,2003038845,1914.0,1911.0,67,67301,40.0116,-75.0722,0,1,0,0,0,0,2,8,2002,5,19.0,1.0,0,1.0,3,1,3,  ,3,3.0,0,0,0,0,0,0,0,0,0,0,0,0,0,0,0,0,0
1120,2003038867,1803.0,1802.0,67,67301,,,0,0,0,0,0,0,2,8,2002,3,18.0,1.0,0,1.0,3,1,3,  ,3,3.0,0,0,0,0,0,0,0,0,0,0,0,0,0,0,0,0,0
1121,2003038952,1547.0,1543.0,2,2301,40.4621,-80.0308,0,0,0,0,0,0,4,8,2002,6,15.0,1.0,2,1.0,3,0,3,  ,4,3.0,0,0,1,0,0,0,0,0,0,0,0,0,0,0,0,0,0
1122,2003039066,1801.0,1800.0,3,3401,,,0,0,0,0,0,0,4,9,2002,7,18.0,1.0,0,1.0,2,1,3,  ,0,0.0,0,1,1,0,0,0,1,0,0,1,0,0,0,0,0,1,0
1123,2003039081,1806.0,1754.0,45,45206,41.0173,-75.3377,0,1,0,0,0,0,4,8,2002,6,17.0,1.0,0,1.0,1,0,3,  ,0,0.0,0,0,1,0,0,0,0,0,0,0,0,0,0,0,0,0,1
1124,2003039119,1619.0,1617.0,38,38209,40.3533,-76.4071,0,0,0,0,0,0,4,8,2002,4,16.0,1.0,0,1.0,1,3,3,  ,0,0.0,0,0,1,0,0,0,0,0,0,0,0,0,0,0,0,0,1
1125,2003039173,1041.0,1012.0,54,54206,,,0,0,0,0,0,0,2,7,2002,7,10.0,1.0,0,1.0,1,0,3,  ,0,0.0,1,0,0,0,0,0,0,0,0,0,0,0,0,1,0,0,0
1126,2003039376,1837.0,1819.0,35,35207,41.6058,-75.4735,0,0,0,0,0,0,4,7,2002,5,18.0,1.0,0,1.0,1,0,3,  ,0,0.0,0,0,1,0,0,0,0,0,0,0,0,0,0,0,0,0,0
1127,2003039422,1013.0,1008.0,63,63222,,,0,1,0,0,0,0,2,8,2002,1,10.0,1.0,0,1.0,1,2,3,  ,0,0.0,1,0,0,0,0,0,0,0,0,0,0,0,0,0,0,1,0
1128,2003039526,1725.0,1715.0,2,2301,40.4442,-79.9178,0,0,0,0,0,0,0,8,2002,7,17.0,1.0,0,1.0,3,1,3,  ,2,3.0,1,0,0,0,0,0,0,0,0,0,0,0,0,0,0,1,0
1129,2003039683,1223.0,1158.0,32,32403,,,0,0,0,0,0,0,4,8,2002,3,11.0,1.0,0,1.0,1,2,3,  ,3,3.0,0,0,1,0,0,0,0,0,0,0,0,0,0,0,0,1,0
1130,2003039754,1432.0,1430.0,4,4411,40.6538,-80.2032,0,0,0,0,0,0,1,7,2002,7,14.0,1.0,0,1.0,3,0,3,  ,0,0.0,0,0,0,0,0,1,0,0,0,0,0,0,0,0,0,0,0
1131,2003039990,1327.0,1324.0,64,64302,40.3028,-79.5427,0,0,0,0,0,0,4,8,2002,3,13.0,1.0,0,1.0,3,0,3,  ,0,0.0,0,0,1,0,0,0,0,0,0,0,0,0,0,0,0,0,0
1132,2003040017,1431.0,1427.0,7,7210,40.4736,-78.4057,0,0,0,0,0,0,4,8,2002,3,14.0,1.0,7,1.0,1,1,3,  ,2,3.0,0,0,1,0,0,0,0,0,0,0,0,0,0,0,0,0,0
1133,2003040157,1459.0,1457.0,43,43403,41.4047,-80.3902,0,0,0,0,0,0,4,8,2002,4,14.0,1.0,0,1.0,2,1,3,  ,0,0.0,0,0,1,0,0,0,0,0,0,0,0,0,0,0,0,0,0
1134,2003040179,1625.0,1620.0,67,67301,40.0272,-75.1512,0,1,0,0,0,0,8,5,2002,1,16.0,1.0,0,1.0,3,1,3,  ,2,3.0,0,0,0,0,0,0,0,0,0,0,0,0,0,0,0,0,0
1135,2003040247,1050.0,1040.0,67,67301,,,0,0,0,0,0,0,1,6,2002,6,10.0,1.0,0,9.0,3,0,7,  ,0,0.0,0,0,0,0,0,0,0,0,0,0,0,0,0,0,0,0,0
1136,2003040273,1930.0,1925.0,67,67301,40.0285,-75.185,0,0,0,0,0,0,1,7,2002,3,19.0,1.0,0,1.0,3,0,3,  ,0,0.0,0,0,0,0,0,0,0,0,0,0,0,0,0,0,0,0,0
1137,2003040274,2212.0,2200.0,67,67301,39.9553,-75.1871,0,0,0,0,0,0,8,8,2002,6,22.0,3.0,0,1.0,3,2,3,  ,2,3.0,0,0,0,0,0,0,0,0,0,0,0,0,0,0,0,0,0
1138,2003040550,1800.0,1800.0,67,67301,39.9926,-75.1305,0,0,0,0,0,0,4,9,2002,3,17.0,1.0,0,1.0,3,0,3,  ,0,0.0,1,0,1,0,0,0,0,0,0,0,0,0,0,0,0,0,0
1139,2003040556,1230.0,1224.0,67,67301,,,0,0,0,0,0,0,4,7,2002,2,12.0,1.0,7,1.0,3,1,3,  ,0,0.0,0,0,1,0,0,0,0,0,0,0,0,0,0,0,0,1,0
1140,2003040557,1224.0,1222.0,67,67301,39.9675,-75.1614,0,0,0,0,0,0,2,9,2002,7,12.0,1.0,7,1.0,3,0,3,  ,0,0.0,0,0,0,0,0,0,0,0,0,0,0,0,0,0,0,0,0
1141,2003040559,1232.0,1225.0,67,67301,,,0,0,0,0,0,0,6,9,2002,4,12.0,1.0,0,1.0,3,1,3,  ,3,3.0,0,0,0,0,0,0,0,0,0,0,0,0,0,0,0,0,0
1142,2003040617,119.0,119.0,67,67301,,,0,0,1,0,0,0,4,8,2002,4,1.0,3.0,0,1.0,3,2,3,  ,0,0.0,0,0,1,0,1,0,0,0,0,0,0,0,0,0,0,0,0
1143,2003040622,1803.0,1732.0,67,67301,,,0,0,0,0,0,0,4,8,2002,3,5.0,3.0,0,1.0,3,1,3,  ,2,9.0,0,0,1,0,0,0,0,0,0,0,0,0,0,0,0,0,0
1144,2003040655,1420.0,1403.0,67,67301,40.0673,-75.0283,0,0,0,0,0,0,4,8,2002,5,13.0,1.0,0,1.0,3,3,3,  ,2,3.0,1,0,1,0,0,0,0,0,0,0,0,0,0,0,0,0,0
1145,2003040729,1605.0,1605.0,46,46102,,,0,0,0,0,0,0,4,9,2002,4,16.0,1.0,7,1.0,3,2,3,  ,0,0.0,0,0,1,0,0,0,0,0,0,0,0,0,0,0,0,0,1
1146,2003040765,1200.0,1158.0,3,3409,40.8102,-79.5157,0,0,0,0,0,0,4,8,2002,7,11.0,1.0,0,1.0,2,1,3,  ,3,3.0,0,0,1,0,0,0,0,0,0,0,0,0,0,0,0,0,1
1147,2003040923,1718.0,1706.0,2,2301,40.4623,-79.9511,0,0,0,0,0,0,4,8,2002,6,17.0,1.0,0,1.0,3,1,3,  ,0,0.0,0,0,1,0,0,0,0,0,0,0,0,0,0,0,0,0,0
1148,2003040973,1317.0,1259.0,1,1202,39.9186,-77.2971,0,0,0,0,1,0,4,8,2002,2,12.0,1.0,0,1.0,1,1,3,  ,3,3.0,0,0,1,0,0,0,0,0,0,0,0,0,0,0,0,0,0
1149,2003041033,1017.0,1013.0,46,46219,40.4022,-75.4932,0,0,0,0,0,0,4,6,2002,6,10.0,1.0,0,1.0,1,0,3,  ,0,0.0,1,0,1,0,0,0,0,0,0,0,0,0,0,0,0,0,0
1150,2003041067,1805.0,1752.0,36,36301,40.0274,-76.3213,0,0,0,0,0,0,4,8,2002,4,17.0,1.0,0,1.0,3,1,3,  ,3,3.0,1,0,1,0,0,0,0,0,0,0,0,0,0,0,0,0,0
1151,2003041515,2056.0,2050.0,67,67301,,,0,0,0,0,0,0,5,9,2002,4,20.0,4.0,0,1.0,3,0,3,  ,0,0.0,0,0,0,0,0,0,0,0,0,0,0,0,0,0,0,0,0
1152,2003041529,1643.0,1640.0,67,67301,40.0366,-75.1372,0,0,0,0,0,0,4,8,2002,4,16.0,3.0,0,1.0,3,2,99,  ,3,3.0,1,0,1,0,0,0,0,0,0,0,0,0,1,0,0,0,0
1153,2003041536,0.0,2351.0,67,67301,40.005,-75.1426,0,0,0,0,0,0,2,7,2002,4,23.0,8.0,0,1.0,3,0,3,  ,3,3.0,1,0,0,0,0,0,0,0,0,0,0,0,0,1,0,0,0
1154,2003041540,1930.0,1924.0,67,67301,40.0259,-75.0432,0,0,0,0,0,0,5,8,2002,2,18.0,1.0,0,1.0,3,1,3,  ,2,3.0,1,0,0,0,0,0,0,0,0,0,0,0,0,0,0,0,0
1155,2003041548,2345.0,2345.0,67,67301,,,0,0,0,0,0,0,2,8,2002,5,23.0,3.0,0,9.0,3,1,7,  ,3,3.0,0,0,0,0,0,0,0,0,0,0,0,0,0,0,0,0,0
1156,2003041549,1930.0,1925.0,67,67301,39.9534,-75.1547,0,0,0,0,0,0,6,8,2002,5,19.0,1.0,0,1.0,3,2,3,  ,0,0.0,0,0,0,0,0,0,0,0,0,0,0,0,0,0,0,1,0
1157,2003041560,1224.0,1222.0,23,23103,39.983,-75.3208,0,0,0,0,0,0,4,7,2002,2,12.0,1.0,0,1.0,3,0,3,  ,0,0.0,0,0,1,0,0,0,0,0,0,0,0,0,0,0,0,1,0
1158,2003041574,1300.0,1255.0,2,2301,40.4371,-79.9983,0,0,0,0,0,0,4,6,2002,1,12.0,1.0,0,1.0,3,1,3,  ,2,3.0,0,0,1,0,0,1,0,0,0,0,0,0,0,0,0,0,0
1159,2003041650,1202.0,1151.0,2,2301,,,0,0,0,0,0,0,4,4,2002,4,11.0,1.0,0,1.0,3,0,3,  ,0,0.0,1,0,1,0,0,0,0,0,0,0,0,0,0,0,0,1,0
1160,2003041733,1411.0,1407.0,2,2301,40.4107,-80.0389,0,0,0,0,1,0,4,6,2002,5,14.0,1.0,0,1.0,3,0,3,  ,0,0.0,0,0,1,0,0,0,0,0,0,0,0,0,0,0,0,0,0
1161,2003041735,1300.0,1248.0,2,2301,,,0,0,0,0,0,0,0,8,2002,2,12.0,1.0,0,1.0,3,2,3,  ,3,3.0,0,0,0,0,0,0,0,0,0,0,0,0,0,0,0,0,0
1162,2003041788,805.0,755.0,2,2301,40.3958,-80.0331,0,0,0,0,0,0,5,6,2002,4,7.0,1.0,0,1.0,3,2,3,  ,2,3.0,0,0,0,0,0,0,0,0,0,0,0,0,0,0,0,0,0
1163,2003041840,1725.0,1718.0,67,67301,39.9223,-75.1534,0,0,0,0,0,0,4,6,2002,6,17.0,1.0,0,1.0,3,1,3,  ,2,2.0,0,0,1,0,0,0,0,0,0,0,0,0,0,0,0,0,0
1164,2003041842,1107.0,1102.0,67,67301,,,0,0,0,0,0,0,5,6,2002,2,10.0,1.0,0,1.0,3,1,3,  ,3,3.0,0,0,0,0,0,0,0,0,0,0,0,0,0,0,0,0,0
1165,2003042139,2029.0,2026.0,48,48301,40.6279,-75.3704,0,0,0,0,0,0,1,9,2002,6,20.0,3.0,0,1.0,3,0,3,  ,0,0.0,0,0,0,0,0,0,0,0,0,0,0,0,0,0,0,0,0
1166,2003042150,1608.0,1557.0,48,48301,40.6257,-75.3753,0,0,0,0,0,0,1,7,2002,3,15.0,1.0,0,1.0,3,0,3,  ,0,0.0,0,0,0,0,0,1,0,0,0,0,0,0,0,0,0,0,0
1167,2003042173,515.0,515.0,67,67301,40.0443,-75.0541,0,0,1,0,0,0,8,8,2002,5,5.0,5.0,0,9.0,3,1,7,  ,2,9.0,0,0,0,0,1,0,0,0,0,0,0,0,0,0,0,0,0
1168,2003042195,1128.0,1128.0,67,67301,39.9503,-75.1474,0,0,0,0,0,0,8,7,2002,4,11.0,1.0,0,1.0,3,0,3,  ,0,0.0,0,0,0,0,0,0,0,0,0,0,0,0,0,0,0,0,0
1169,2003042196,1045.0,1041.0,67,67301,,,0,0,0,0,0,0,4,8,2002,7,10.0,1.0,0,9.0,3,1,7,  ,3,3.0,1,0,1,0,0,0,0,0,0,0,0,0,1,0,0,0,0
1170,2003042201,2212.0,2209.0,67,67301,,,0,0,1,0,0,0,5,8,2002,3,21.0,3.0,0,1.0,3,2,3,  ,3,3.0,0,0,0,0,1,0,0,0,0,0,0,0,0,0,0,0,0
1171,2003042240,1439.0,1437.0,67,67301,,,0,0,0,0,0,0,5,9,2002,5,14.0,1.0,0,1.0,3,0,3,  ,2,3.0,0,0,0,0,0,0,0,0,0,0,0,0,0,0,0,0,0
1172,2003042243,2027.0,2024.0,67,67301,,,0,0,0,0,0,0,8,7,2002,7,20.0,4.0,0,1.0,3,0,3,  ,0,0.0,0,0,0,0,0,0,0,0,0,0,0,0,0,0,0,0,0
1173,2003042244,1700.0,1658.0,67,67301,40.0072,-75.0987,0,0,0,0,1,0,8,8,2002,4,16.0,1.0,0,1.0,3,0,3,  ,2,3.0,0,0,0,0,0,0,0,0,0,0,0,0,0,0,0,0,0
1174,2003042250,1341.0,1339.0,67,67301,39.9216,-75.1482,0,0,0,0,0,0,4,8,2002,4,13.0,1.0,0,1.0,3,1,3,  ,2,3.0,0,0,1,0,0,0,0,0,0,0,0,0,0,0,0,0,0
1175,2003042299,2141.0,2139.0,35,35302,41.41,-75.6637,0,0,0,0,0,0,4,9,2002,7,21.0,3.0,0,1.0,3,1,3,  ,2,3.0,1,0,1,0,0,0,0,0,0,0,0,1,0,0,0,0,0
1176,2003042338,2140.0,2138.0,46,46104,39.9775,-75.2752,0,0,0,0,0,0,4,9,2002,3,21.0,3.0,0,1.0,3,2,3,  ,0,0.0,1,0,1,0,0,0,0,0,0,0,0,0,0,0,0,0,0
1177,2003042440,1612.0,1555.0,53,53408,40.7915,-76.2847,0,0,0,0,0,0,4,9,2002,7,15.0,1.0,0,1.0,1,2,3,  ,0,0.0,0,0,1,0,0,0,0,0,0,0,0,0,0,0,0,0,0
1178,2003042802,1524.0,1519.0,67,67301,,,0,0,0,0,0,0,8,8,2002,3,15.0,1.0,0,1.0,3,10,3,  ,3,3.0,0,0,0,0,0,0,0,0,0,0,0,0,0,0,0,0,0
1179,2003042830,10.0,10.0,67,67301,39.9643,-75.1761,0,0,0,0,0,0,4,9,2002,1,0.0,3.0,0,1.0,3,5,3,  ,2,3.0,1,1,1,0,0,0,1,0,0,1,0,0,0,0,0,0,0
1180,2003042855,2100.0,2055.0,67,67301,39.998,-75.1254,0,0,0,0,0,0,4,8,2002,5,20.0,3.0,0,1.0,3,1,3,  ,2,3.0,0,0,1,0,0,0,0,0,0,0,0,0,0,0,0,0,1
1181,2003042871,1506.0,1503.0,67,67301,39.9638,-75.1729,0,0,0,0,0,0,2,8,2002,6,14.0,1.0,0,1.0,3,1,3,  ,2,3.0,1,0,0,0,0,0,0,0,0,0,0,0,0,0,0,0,0
1182,2003042897,2130.0,2127.0,67,67301,,,0,0,0,0,0,0,8,8,2002,7,21.0,3.0,0,1.0,3,1,3,  ,0,0.0,0,0,0,0,0,0,0,0,0,0,0,0,0,0,0,0,0
1183,2003042920,2110.0,2055.0,38,38209,,,0,0,0,0,0,0,4,8,2002,3,19.0,1.0,0,9.0,1,0,3,  ,0,0.0,0,0,1,0,0,0,0,0,0,0,0,0,0,0,0,0,0
1184,2003043045,2148.0,2134.0,25,25207,42.0287,-80.3339,0,0,0,0,0,0,0,7,2002,5,21.0,2.0,0,1.0,1,0,3,  ,0,0.0,0,0,0,0,0,0,0,0,0,0,0,0,0,0,0,0,1
1185,2003043099,1907.0,1853.0,15,15221,39.7689,-75.7648,0,0,0,0,0,0,5,6,2002,5,18.0,1.0,0,1.0,1,3,3,  ,0,0.0,1,0,0,0,0,0,0,0,0,0,0,0,0,0,0,0,0
1186,2003043302,635.0,633.0,67,67301,,,0,0,0,0,0,0,8,8,2002,7,6.0,1.0,0,1.0,3,1,3,  ,3,3.0,1,0,0,0,0,0,0,0,0,0,0,0,0,1,0,0,0
1187,2003043453,1645.0,1635.0,67,67301,,,0,0,0,0,0,0,4,8,2002,3,14.0,1.0,0,1.0,3,2,3,  ,2,3.0,0,0,1,0,0,0,0,0,0,0,0,0,0,0,0,0,0
1188,2003043490,603.0,558.0,67,67301,40.011,-75.1817,0,0,0,0,0,0,4,9,2002,3,5.0,1.0,0,1.0,3,0,3,  ,0,0.0,1,0,1,0,0,0,0,0,0,0,0,0,0,0,0,0,0
1189,2003043499,1242.0,1237.0,67,67301,40.0296,-75.2258,0,0,0,0,0,0,4,8,2002,6,12.0,1.0,0,1.0,3,1,3,  ,3,3.0,0,0,1,0,0,0,0,0,0,0,0,0,0,0,0,0,0
1190,2003043517,1810.0,1805.0,67,67301,40.0235,-75.08,0,0,0,0,0,0,8,8,2002,5,18.0,1.0,0,1.0,3,2,3,  ,2,3.0,0,0,0,0,0,0,0,0,0,0,0,0,0,0,0,0,0
1191,2003043543,1455.0,1442.0,67,67301,,,0,0,0,0,0,0,8,8,2002,7,14.0,1.0,0,1.0,3,1,3,  ,3,3.0,0,0,0,0,0,0,0,0,0,0,0,0,0,0,0,0,0
1192,2003043589,1309.0,1307.0,67,67301,,,0,0,0,0,0,0,2,8,2002,5,13.0,1.0,0,1.0,3,1,3,  ,3,3.0,0,0,0,0,0,0,0,0,0,0,0,0,0,0,0,0,0
1193,2003043601,1541.0,1539.0,67,67301,,,0,0,0,0,0,0,6,8,2002,7,15.0,1.0,0,1.0,3,0,3,  ,0,0.0,0,0,0,0,0,0,0,0,0,0,0,0,0,0,0,0,0
1194,2003043750,1522.0,1440.0,26,26202,40.1243,-79.4509,0,0,0,0,0,0,2,8,2002,6,14.0,1.0,0,1.0,1,0,3,  ,0,0.0,0,0,0,0,0,0,0,0,0,0,0,0,0,0,0,0,0
1195,2003043997,1915.0,1901.0,36,36406,40.1,-76.3547,0,0,0,0,1,0,4,8,2002,3,19.0,1.0,0,1.0,3,0,3,  ,0,0.0,0,0,1,0,0,0,0,0,0,0,0,0,0,0,0,0,0
1196,2003044061,1755.0,1753.0,22,22409,40.2013,-76.7243,0,0,0,0,0,0,4,9,2002,5,17.0,1.0,0,1.0,3,1,3,  ,2,3.0,0,0,1,0,0,0,0,0,0,0,0,0,0,0,0,0,0
1197,2003044080,1032.0,1029.0,67,67301,39.9244,-75.1696,0,0,0,0,0,0,5,8,2002,7,10.0,1.0,0,1.0,3,1,3,  ,2,3.0,1,0,0,0,0,0,0,0,0,0,0,0,0,0,0,0,0