,CRN,ARRIVAL_TM,DISPATCH_TM,COUNTY,MUNICIPALITY,DEC_LAT,DEC_LONG,BICYCLE_DEATH_COUNT,BICYCLE_SUSP_SERIOUS_INJ_COUNT,BUS_COUNT,HEAVY_TRUCK_COUNT,SMALL_TRUCK_COUNT,SUV_COUNT,COLLISION_TYPE,CRASH_MONTH,CRASH_YEAR,DAY_OF_WEEK,HOUR_OF_DAY,ILLUMINATION,LOCATION_TYPE,ROAD_CONDITION,URBAN_RURAL,INTERSECT_TYPE,WEATHER1,WEATHER2,TCD_TYPE,TCD_FUNC_CD,AGGRESSIVE_DRIVING,ALCOHOL_RELATED,ANGLE_CRASH,CELL_PHONE,COMM_VEHICLE,DISTRACTED,DRINKING_DRIVER,DRUGGED_DRIVER,FATIGUE_ASLEEP,IMPAIRED_DRIVER,NHTSA_AGG_DRIVING,RUNNING_RED_LT,RUNNING_STOP_SIGN,SPEEDING_RELATED,TAILGATING,MATURE_DRIVER,YOUNG_DRIVER
1198,2003044093,1650.0,1650.0,67,67301,39.966,-75.245,0,0,0,0,0,0,6,8,2002,3,13.0,1.0,0,1.0,3,0,99,  ,0,0.0,0,0,0,0,0,0,0,0,0,0,0,0,0,0,0,0,0
1199,2003044179,2100.0,2100.0,67,67301,,,0,0,0,0,0,0,2,8,2002,4,21.0,3.0,0,1.0,3,0,3,  ,0,0.0,1,0,0,0,0,0,0,0,0,0,0,0,0,0,0,0,0
1200,2003044279,1051.0,1047.0,39,39301,,,0,0,0,0,0,0,4,9,2002,7,10.0,1.0,0,1.0,3,1,3,  ,2,3.0,1,0,1,0,0,0,0,0,0,0,0,0,0,0,0,0,1
1201,2003044300,1621.0,1617.0,2,2301,40.4645,-79.9301,0,0,0,0,1,0,1,9,2002,5,15.0,1.0,0,1.0,3,1,3,  ,3,3.0,1,0,0,0,0,0,0,0,0,0,0,0,1,0,0,0,0
1202,2003044317,1156.0,1154.0,39,39301,40.6038,-75.4805,0,0,0,0,0,0,4,9,2002,7,11.0,1.0,0,1.0,3,1,3,  ,3,9.0,0,0,1,0,0,0,0,0,0,0,0,0,0,0,0,1,0
1203,2003044336,1604.0,1603.0,39,39301,40.6126,-75.4682,0,0,0,0,0,0,4,8,2002,2,16.0,1.0,0,1.0,3,1,3,  ,3,3.0,0,0,1,0,0,0,0,0,0,0,0,0,0,0,0,0,0
1204,2003044337,2314.0,2313.0,39,39301,40.6062,-75.492,0,0,0,0,0,0,4,8,2002,6,23.0,3.0,0,1.0,3,0,3,  ,0,0.0,0,0,1,0,0,0,0,0,0,0,0,0,0,0,0,0,0
1205,2003044342,1828.0,1827.0,39,39301,,,0,2,0,0,0,0,5,8,2002,4,18.0,1.0,0,1.0,3,0,3,  ,0,0.0,0,0,0,0,0,0,0,0,0,0,0,0,0,0,0,1,0
1206,2003044702,1839.0,1839.0,8,8409,41.9808,-76.5169,0,0,0,0,0,0,4,8,2002,3,18.0,1.0,0,1.0,2,1,3,  ,3,3.0,0,0,1,0,0,0,0,0,0,0,0,0,0,0,0,0,0
1207,2003044901,1219.0,1216.0,25,25210,42.15,-79.9937,0,0,0,0,1,0,4,8,2002,7,12.0,1.0,0,1.0,1,0,3,  ,0,0.0,0,0,1,0,0,0,0,0,0,0,0,0,0,0,0,0,0
1208,2003044973,1337.0,1334.0,46,46104,40.0124,-75.2582,0,0,0,0,0,0,4,9,2002,1,13.0,1.0,0,1.0,3,0,3,  ,3,3.0,0,0,1,0,0,0,0,0,0,0,0,0,0,0,0,0,0
1209,2003045017,1658.0,1649.0,6,6103,40.2936,-75.9883,0,0,0,0,0,0,6,8,2002,7,16.0,1.0,0,1.0,1,0,3,  ,0,0.0,0,0,0,0,0,0,0,0,0,0,0,0,0,0,0,0,0
1210,2003045025,1927.0,1924.0,15,15411,40.1288,-75.5268,0,0,0,0,0,0,4,9,2002,7,19.0,3.0,0,1.0,3,0,3,  ,0,0.0,0,0,1,0,0,0,0,0,0,0,0,0,0,0,0,0,1
1211,2003045030,1704.0,1700.0,36,36404,,,0,0,0,0,0,0,4,8,2002,1,16.0,1.0,0,1.0,3,1,3,  ,3,3.0,0,0,1,0,0,1,0,0,0,0,0,0,0,0,0,0,0
1212,2003045191,1517.0,1501.0,37,37204,41.023,-80.5176,0,0,0,0,0,0,4,8,2002,1,15.0,1.0,0,1.0,1,0,3,  ,0,0.0,0,0,1,0,0,0,0,0,0,0,0,0,0,0,0,0,0
1213,2003045297,1918.0,1911.0,64,64209,40.3028,-79.4915,0,0,0,0,0,0,4,8,2002,3,18.0,1.0,7,1.0,3,0,3,  ,0,0.0,1,0,1,0,0,0,0,0,0,0,0,0,0,0,0,0,1
1214,2003045746,1917.0,1855.0,45,45202,40.9135,-75.4317,0,0,0,0,0,0,1,8,2002,6,18.0,1.0,0,1.0,1,0,3,  ,0,0.0,0,0,0,0,0,0,0,0,0,0,0,0,0,0,0,0,1
1215,2003045767,1701.0,1648.0,14,14202,,,0,0,0,0,1,0,6,8,2002,4,16.0,1.0,0,1.0,1,0,3,  ,0,0.0,0,0,0,1,0,1,0,0,0,0,0,0,0,0,0,1,0
1216,2003046059,2015.0,2009.0,67,67301,,,0,0,0,0,0,0,8,8,2002,2,20.0,3.0,0,1.0,3,1,3,  ,0,0.0,0,0,0,0,0,1,0,0,0,0,0,0,0,1,0,0,0
1217,2003046094,1740.0,1735.0,67,67301,39.9387,-75.2184,0,0,0,0,0,0,2,8,2002,4,17.0,1.0,0,1.0,3,0,3,  ,0,0.0,0,0,0,0,0,0,0,0,0,0,0,0,0,0,0,1,0
1218,2003046103,1548.0,1548.0,67,67301,,,0,0,0,0,0,0,2,8,2002,3,15.0,1.0,0,1.0,3,1,3,  ,2,3.0,1,0,0,0,0,0,0,0,0,0,0,0,0,0,0,0,0
1219,2003046104,953.0,953.0,67,67301,,,0,0,0,0,0,0,2,8,2002,4,9.0,1.0,0,1.0,3,2,3,  ,2,9.0,0,0,0,0,0,0,0,0,0,0,0,0,0,0,0,0,0
1220,2003046191,757.0,754.0,36,36408,,,0,0,0,0,0,0,4,7,2002,2,7.0,1.0,0,1.0,2,8,3,  ,3,3.0,0,1,1,0,0,0,0,0,0,0,0,0,0,0,0,0,0
1221,2003046194,1800.0,1757.0,36,36408,40.1711,-76.1969,0,0,0,0,0,0,5,8,2002,1,17.0,1.0,0,1.0,2,0,3,  ,0,0.0,0,0,0,0,0,0,0,0,0,0,0,0,0,0,0,0,0
1222,2003046195,1955.0,1953.0,36,36408,40.182,-76.1711,0,0,0,0,1,0,4,8,2002,7,19.0,4.0,0,9.0,2,0,3,  ,0,0.0,0,0,1,0,0,0,0,0,0,0,0,0,0,0,0,0,0
1223,2003046209,1955.0,1954.0,46,46413,40.1189,-75.3468,0,0,0,0,0,0,4,9,2002,3,19.0,3.0,0,1.0,3,1,3,  ,2,3.0,0,0,1,0,0,0,0,0,0,0,0,0,0,0,0,0,0
1224,2003046226,1311.0,1310.0,67,67301,39.9964,-75.1135,0,0,0,0,0,0,4,8,2002,1,13.0,1.0,0,1.0,3,1,3,  ,2,3.0,1,0,1,0,0,0,0,0,0,0,0,0,0,0,0,1,0
1225,2003046263,2203.0,2128.0,7,7301,40.5475,-78.3739,0,0,0,0,0,0,4,9,2002,5,16.0,1.0,0,98.0,3,1,3,  ,3,3.0,1,0,1,0,0,0,0,0,0,0,0,0,0,0,0,0,0
1226,2003046758,20.0,2357.0,67,67301,40.0314,-75.056,0,0,0,0,0,0,8,7,2002,6,22.0,2.0,0,9.0,3,1,3,  ,3,3.0,1,0,0,0,0,0,0,0,0,0,0,0,0,0,0,0,0
1227,2003046814,1111.0,1110.0,67,67301,39.9591,-75.1703,0,0,0,1,0,0,8,5,2002,3,11.0,1.0,0,1.0,3,1,3,  ,2,3.0,0,0,0,0,1,1,0,0,0,0,0,0,0,0,0,0,0
1228,2003046856,1105.0,1101.0,40,40304,,,0,0,0,0,0,0,1,8,2002,7,11.0,1.0,0,1.0,3,10,3,  ,0,0.0,0,0,0,0,0,0,0,0,0,0,0,0,0,0,0,0,1
1229,2003047287,1137.0,1126.0,66,66205,39.9544,-76.8873,0,0,0,1,0,0,0,5,2002,3,11.0,1.0,0,1.0,1,0,3,  ,0,0.0,0,0,0,0,1,0,0,0,0,0,0,0,0,0,0,0,0
1230,2003047398,1747.0,1745.0,15,15403,39.9992,-75.7239,0,0,0,0,0,0,5,9,2002,5,17.0,1.0,0,1.0,3,0,3,  ,0,0.0,0,0,0,0,0,0,0,0,0,0,0,0,0,0,0,0,0
1231,2003047528,1447.0,1443.0,39,39302,,,0,0,0,0,0,0,4,9,2002,2,14.0,1.0,0,1.0,3,1,3,  ,3,3.0,0,0,1,0,0,0,0,0,0,0,0,0,0,0,0,0,0
1232,2003047542,1840.0,1840.0,22,22202,40.2557,-76.6439,0,0,0,0,0,0,6,9,2002,1,18.0,1.0,0,1.0,3,0,3,  ,0,0.0,0,0,0,0,0,0,0,0,0,0,0,0,0,0,0,0,0
1233,2003047558,1640.0,1636.0,46,46413,40.122,-75.3459,0,0,0,0,0,0,4,4,2002,5,16.0,1.0,0,1.0,3,0,3,  ,0,0.0,0,0,1,0,0,0,0,0,0,0,0,0,0,0,0,0,0
1234,2003047607,939.0,930.0,2,2108,,,0,0,0,0,0,0,6,9,2002,1,9.0,1.0,0,1.0,3,0,3,  ,3,3.0,0,0,0,0,0,0,0,0,0,0,0,0,0,0,0,0,0
1235,2003047615,9999.0,1451.0,67,67301,,,0,1,0,0,0,0,8,9,2002,4,14.0,1.0,0,1.0,3,0,3,  ,0,0.0,0,0,0,0,0,0,0,0,0,0,0,0,0,0,0,0,0
1236,2003047675,1717.0,1715.0,67,67301,40.0319,-75.0389,0,0,0,0,1,0,4,9,2002,2,17.0,1.0,7,1.0,3,0,3,  ,0,0.0,0,1,1,0,0,0,1,1,0,1,0,0,0,0,0,0,0
1237,2003047689,2041.0,2041.0,67,67301,,,0,0,0,0,0,0,4,9,2002,4,20.0,3.0,0,1.0,3,2,3,  ,0,0.0,0,0,1,0,0,0,0,0,0,0,0,0,0,0,0,0,0
1238,2003047704,1619.0,1614.0,67,67301,39.947,-75.1647,0,0,0,0,0,0,6,9,2002,5,16.0,1.0,0,1.0,3,0,3,  ,0,0.0,0,0,0,0,0,0,0,0,0,0,0,0,0,0,0,0,0
1239,2003047724,1310.0,1300.0,67,67301,39.9506,-75.1618,0,0,0,0,1,0,1,9,2002,3,13.0,1.0,0,1.0,3,0,3,  ,0,0.0,0,0,0,0,0,1,0,0,0,0,0,0,0,0,0,0,0
1240,2003047728,1720.0,1720.0,67,67301,39.9164,-75.1575,0,0,0,0,0,0,4,9,2002,1,17.0,1.0,0,1.0,3,1,3,  ,3,3.0,0,0,1,0,0,0,0,0,0,0,0,0,0,0,0,0,0
1241,2003047740,1120.0,1112.0,67,67301,39.9447,-75.1652,0,0,0,0,0,0,4,9,2002,3,11.0,1.0,0,1.0,3,1,3,  ,2,3.0,0,0,1,0,0,0,0,0,0,0,0,0,0,0,0,0,0
1242,2003047759,1443.0,1441.0,64,64301,40.5816,-79.7646,0,0,0,0,0,0,4,9,2002,5,14.0,1.0,0,9.0,3,1,7,  ,3,3.0,0,0,1,0,0,0,0,0,0,0,0,0,0,0,0,0,0
1243,2003047793,1535.0,1528.0,67,67301,,,0,0,0,0,0,0,4,9,2002,2,15.0,1.0,0,1.0,3,1,3,  ,2,3.0,0,0,1,0,0,0,0,0,0,0,0,0,0,0,0,0,0
1244,2003047796,1019.0,1018.0,67,67301,39.9772,-75.1239,0,0,0,0,0,0,2,9,2002,4,12.0,1.0,0,1.0,3,1,3,  ,3,3.0,0,0,0,0,0,0,0,0,0,0,0,0,0,0,0,0,0
1245,2003047808,704.0,700.0,67,67301,,,0,0,0,0,0,0,4,5,2002,4,6.0,1.0,0,1.0,3,2,3,  ,3,3.0,1,0,1,0,0,0,0,0,0,0,0,0,0,0,0,0,0
1246,2003047926,1837.0,1832.0,67,67301,,,0,0,0,0,0,0,6,9,2002,2,18.0,1.0,0,1.0,3,0,3,  ,0,0.0,1,0,0,0,0,0,0,0,0,0,0,0,0,0,0,0,0
1247,2003047927,1645.0,1635.0,67,67301,39.9641,-75.1745,0,0,0,0,0,0,2,9,2002,2,16.0,1.0,0,1.0,3,1,3,  ,2,3.0,0,0,0,0,0,0,0,0,0,0,0,0,0,0,0,0,0
1248,2003047976,1602.0,1601.0,66,66422,39.9798,-76.7338,0,0,0,0,0,0,4,9,2002,7,16.0,1.0,0,1.0,3,2,3,  ,0,0.0,0,0,1,0,0,0,0,0,0,0,0,0,0,0,0,0,0
1249,2003048085,2246.0,2241.0,7,7301,,,0,0,1,0,0,0,4,9,2002,1,22.0,2.0,0,1.0,3,1,3,  ,3,2.0,0,0,1,0,1,0,0,0,0,0,0,0,0,0,0,0,0
1250,2003049206,1720.0,1719.0,2,2444,40.4691,-80.0627,0,0,0,0,0,0,4,9,2002,1,17.0,4.0,0,2.0,3,1,98,  ,3,3.0,0,0,1,0,0,0,0,0,0,0,0,0,0,0,0,0,1
1251,2003049301,1534.0,1530.0,35,35302,41.4303,-75.6524,0,0,0,0,0,0,8,9,2002,5,15.0,1.0,7,1.0,3,0,7,  ,0,0.0,0,0,0,0,0,0,0,0,0,0,0,0,0,0,0,0,0
1252,2003049638,1828.0,1822.0,46,46113,40.3295,-75.4537,0,0,0,0,0,0,5,9,2002,4,18.0,1.0,0,1.0,3,0,3,  ,0,0.0,0,0,0,0,0,0,0,0,0,0,0,0,0,0,0,0,0
1253,2003050142,1703.0,1659.0,67,67301,39.924,-75.2261,0,0,0,0,0,0,4,8,2002,7,16.0,1.0,0,1.0,3,2,3,  ,0,0.0,0,0,1,0,0,0,0,0,0,0,0,0,0,0,0,0,0
1254,2003050149,2000.0,1945.0,67,67301,40.0392,-75.0203,0,0,0,0,0,0,4,9,2002,7,19.0,3.0,0,1.0,3,3,3,  ,0,0.0,0,0,1,0,0,0,0,0,0,0,0,0,0,0,0,0,0
1255,2003050168,1105.0,1100.0,67,67301,40.0179,-75.0863,0,0,0,0,0,0,8,9,2002,3,10.0,1.0,0,1.0,3,1,3,  ,3,3.0,0,0,0,0,0,0,0,0,0,0,0,0,0,0,0,0,0
1256,2003050169,1840.0,1833.0,67,67301,40.0288,-75.0634,0,0,0,0,0,0,4,9,2002,5,18.0,1.0,0,1.0,3,0,3,  ,0,0.0,0,0,1,0,0,0,0,0,0,0,0,0,0,0,0,1,0
1257,2003050170,1845.0,1843.0,67,67301,39.9958,-75.1692,0,0,0,0,0,0,2,9,2002,4,18.0,1.0,0,1.0,3,0,3,  ,2,9.0,0,0,0,0,0,0,0,0,0,0,0,0,0,0,0,0,0
1258,2003050176,1905.0,1900.0,67,67301,40.0296,-75.1239,0,0,0,0,0,0,2,9,2002,6,18.0,1.0,0,1.0,3,0,3,  ,0,0.0,0,0,0,0,0,1,0,0,0,0,0,0,0,0,0,0,0
1259,2003050214,2210.0,2205.0,67,67301,40.0171,-75.0847,0,0,0,0,0,0,4,9,2002,3,22.0,3.0,0,1.0,3,1,3,  ,2,3.0,0,1,1,0,0,0,0,0,0,0,0,0,0,0,0,0,0
1260,2003050225,1418.0,1410.0,67,67301,39.9528,-75.1921,0,0,0,0,0,0,8,9,2002,6,14.0,1.0,0,1.0,3,0,3,  ,2,3.0,0,0,0,0,0,0,0,0,0,0,0,0,0,0,0,0,0
1261,2003050242,1927.0,1924.0,67,67301,39.9219,-75.1544,0,0,0,0,0,0,5,9,2002,4,19.0,1.0,0,1.0,3,0,3,  ,0,0.0,0,0,0,0,0,0,0,0,0,0,0,0,0,0,0,0,0
1262,2003050343,1746.0,1743.0,67,67301,,,0,0,0,0,1,0,2,9,2002,2,17.0,1.0,0,1.0,3,1,3,  ,3,3.0,0,0,0,0,0,0,0,0,0,0,0,0,0,0,0,0,0
1263,2003050346,1146.0,1138.0,67,67301,,,0,0,0,0,1,0,4,9,2002,7,11.0,1.0,0,1.0,3,1,3,  ,3,3.0,1,1,1,0,0,0,1,0,0,1,0,0,0,0,0,0,0
1264,2003050361,1213.0,411.0,67,67301,,,0,0,0,0,0,0,4,9,2002,6,12.0,1.0,0,1.0,3,3,3,  ,0,0.0,0,0,1,0,0,0,0,0,0,0,0,0,0,0,0,1,0
1265,2003050610,2215.0,2215.0,46,46106,40.244,-75.5766,0,0,0,0,0,0,6,9,2002,1,22.0,3.0,0,1.0,2,0,3,  ,0,0.0,0,1,0,0,0,0,0,0,0,0,0,0,0,0,0,0,0
1266,2003050751,1442.0,1425.0,15,15230,39.8441,-75.6309,0,0,0,0,0,0,4,8,2002,5,14.0,1.0,0,1.0,1,1,3,  ,0,0.0,0,0,1,0,0,0,0,0,0,0,0,0,0,0,0,0,0
1267,2003051936,1642.0,1622.0,10,10215,40.7599,-80.0469,0,0,0,0,0,0,4,8,2002,4,16.0,1.0,0,1.0,1,2,3,  ,0,0.0,0,0,1,0,0,0,0,0,0,0,0,0,0,0,0,1,0
1268,2003051977,2330.0,2305.0,41,41219,41.2503,-76.9817,0,0,0,0,0,0,4,9,2002,1,23.0,3.0,0,1.0,1,0,3,  ,0,0.0,0,1,1,0,0,0,0,0,0,0,0,0,0,0,0,0,0
1269,2003052058,420.0,412.0,67,67301,39.9293,-75.1686,0,0,0,0,0,0,4,9,2002,5,16.0,1.0,0,1.0,3,5,3,  ,2,3.0,1,0,1,0,0,0,0,0,0,0,0,0,0,0,0,0,0
1270,2003052510,1505.0,1455.0,67,67301,,,0,0,0,0,0,0,4,7,2002,3,14.0,1.0,0,1.0,3,1,3,  ,3,3.0,0,0,1,0,0,0,0,0,0,0,0,0,0,0,0,0,0
1271,2003052611,1210.0,1208.0,22,22409,40.2058,-76.7345,0,0,0,0,0,0,4,8,2002,6,12.0,1.0,0,1.0,3,1,3,  ,3,3.0,0,0,1,0,0,1,0,0,0,0,0,0,0,0,0,0,1
1272,2003053354,920.0,920.0,67,67301,39.964,-75.1848,0,0,0,0,0,0,1,2,2002,7,7.0,1.0,0,1.0,3,0,3,  ,0,0.0,1,0,0,0,0,0,0,0,0,0,0,0,0,0,0,0,0
1273,2003053359,1820.0,1815.0,67,67301,,,0,0,0,0,0,0,8,12,2002,6,18.0,3.0,0,7.0,3,1,10,  ,3,3.0,0,0,0,0,0,0,0,0,0,0,0,0,0,0,0,0,0
1274,2003054037,958.0,954.0,67,67301,,,0,0,0,0,0,0,5,12,2002,1,9.0,1.0,0,1.0,3,0,3,  ,0,0.0,0,0,0,0,0,0,0,0,0,0,0,0,0,0,0,0,0
1275,2003054917,1745.0,1740.0,46,46413,40.1238,-75.3344,0,0,0,0,0,0,9,9,2002,3,17.0,1.0,7,1.0,3,10,3,  ,0,0.0,0,0,0,0,0,0,0,0,0,0,0,0,0,0,0,0,0
1276,2003055091,1845.0,1845.0,42,42301,41.9649,-78.6271,0,0,0,0,0,0,8,9,2002,7,18.0,1.0,0,1.0,2,0,3,  ,0,0.0,0,1,0,0,0,0,1,0,0,1,0,0,0,0,0,0,1
1277,2003056425,738.0,737.0,67,67301,39.9498,-75.2015,0,0,0,0,0,0,5,9,2002,6,7.0,1.0,0,1.0,3,2,3,  ,2,3.0,0,0,0,0,0,0,0,0,0,0,0,0,0,0,0,0,0
1278,2003056439,2052.0,2049.0,67,67301,40.0195,-75.0557,0,0,0,0,0,0,2,9,2002,7,20.0,3.0,0,1.0,3,1,3,  ,0,0.0,1,0,0,0,0,0,0,0,0,0,0,0,0,0,0,0,0
1279,2003056446,1605.0,1600.0,67,67301,,,0,0,0,0,0,0,2,9,2002,6,12.0,1.0,0,1.0,3,0,3,  ,0,0.0,0,0,0,0,0,0,0,0,0,0,0,0,0,0,0,0,0
1280,2003056466,928.0,925.0,67,67301,,,0,0,0,0,0,0,2,10,2002,6,9.0,1.0,0,1.0,3,1,3,  ,3,3.0,0,0,0,0,0,0,0,0,0,0,0,0,0,0,0,0,0
1281,2003056490,0.0,1738.0,67,67301,,,0,0,0,0,0,0,4,9,2002,7,17.0,1.0,0,1.0,3,1,3,  ,3,3.0,0,0,1,0,0,0,0,0,0,0,0,0,0,0,0,0,0
1282,2003056499,1332.0,1322.0,67,67301,,,0,0,0,0,0,0,2,9,2002,3,13.0,1.0,0,1.0,3,1,3,  ,3,3.0,0,0,0,0,0,0,0,0,0,0,0,0,0,0,0,0,0
1283,2003056500,2145.0,2140.0,67,67301,,,0,0,0,0,0,0,5,9,2002,3,21.0,3.0,0,1.0,3,0,3,  ,0,0.0,0,0,0,0,0,0,0,0,0,0,0,0,0,0,0,0,0
1284,2003056502,1630.0,1627.0,67,67301,,,0,0,0,0,0,0,2,9,2002,3,16.0,1.0,0,1.0,3,0,3,  ,2,2.0,0,0,0,0,0,0,0,0,0,0,0,0,0,0,0,0,0
1285,2003056503,1742.0,1742.0,23,23111,39.9487,-75.2547,0,0,0,0,0,0,8,9,2002,6,17.0,1.0,0,1.0,3,2,3,  ,2,3.0,0,0,0,0,0,0,0,0,0,0,0,0,0,0,0,0,0
1286,2003056518,2138.0,2133.0,67,67301,39.9762,-75.2513,0,0,0,0,0,0,8,9,2002,6,21.0,3.0,0,1.0,3,2,3,  ,0,0.0,0,0,0,0,0,0,0,0,0,0,0,0,0,0,0,0,0
1287,2003056543,2248.0,2245.0,1,1409,39.8059,-77.009,0,0,0,0,0,0,4,9,2002,7,22.0,3.0,0,9.0,2,1,7,  ,3,3.0,0,0,1,0,0,0,0,0,0,0,0,0,0,0,0,0,0
1288,2003056655,1731.0,1726.0,67,67301,40.0429,-75.0239,0,0,0,0,0,0,2,9,2002,2,17.0,1.0,0,1.0,3,1,3,  ,2,3.0,1,0,0,0,0,0,0,0,0,0,0,0,0,0,0,0,0
1289,2003056659,1730.0,1725.0,67,67301,40.0624,-75.0311,0,0,0,0,0,0,4,9,2002,2,17.0,1.0,0,1.0,3,1,3,  ,0,0.0,0,0,1,0,0,0,0,0,0,0,0,0,0,0,0,0,0
1290,2003056683,1621.0,1620.0,2,2301,,,0,0,0,0,0,0,1,10,2002,6,16.0,1.0,0,1.0,3,1,3,  ,2,3.0,0,0,0,0,0,1,0,0,0,0,0,0,0,0,0,0,0
1291,2003056698,1402.0,1400.0,67,67301,40.0434,-75.1028,0,0,0,0,0,0,2,9,2002,6,13.0,1.0,0,1.0,3,0,3,  ,0,0.0,0,0,0,0,0,0,0,0,0,0,0,0,0,0,0,0,0
1292,2003056709,2035.0,2030.0,67,67301,39.9942,-75.132,0,0,0,0,0,0,2,9,2002,7,20.0,3.0,0,1.0,3,0,3,  ,0,0.0,0,0,0,0,0,0,0,0,0,0,0,0,0,0,0,0,0
1293,2003056725,730.0,724.0,67,67301,,,0,0,0,0,0,1,2,9,2002,6,7.0,1.0,0,1.0,3,1,3,  ,3,3.0,0,0,0,0,0,0,0,0,0,0,0,0,0,0,0,1,0
1294,2003056729,1650.0,1645.0,67,67301,39.9513,-75.1551,0,0,0,0,0,0,5,9,2002,7,16.0,1.0,0,1.0,3,1,3,  ,0,0.0,1,0,0,0,0,0,0,0,0,0,0,0,0,0,0,0,0
1295,2003056784,749.0,747.0,39,39302,,,0,0,0,0,0,0,4,10,2002,2,7.0,1.0,0,1.0,3,1,3,  ,0,0.0,0,0,1,0,0,0,0,0,0,0,0,0,0,0,0,1,0
1296,2003056836,20.0,11.0,67,67301,40.041,-75.0482,0,0,0,0,0,0,5,9,2002,5,0.0,3.0,0,1.0,3,0,3,  ,0,0.0,0,0,0,0,0,0,0,0,0,0,0,0,0,0,0,0,0
1297,2003056841,1830.0,1828.0,67,67301,40.0368,-75.0388,0,0,0,0,1,0,2,9,2002,5,18.0,4.0,0,1.0,3,0,3,  ,0,0.0,0,0,0,0,0,0,0,0,0,0,0,0,0,0,0,0,0
1298,2003056863,2106.0,2058.0,67,67301,,,0,0,0,0,0,0,2,9,2002,5,20.0,3.0,0,9.0,3,2,7,  ,3,3.0,0,0,0,0,0,0,0,0,0,0,0,0,0,0,0,0,0
1299,2003056874,638.0,633.0,67,67301,40.0706,-75.1847,0,0,0,0,0,0,4,9,2002,5,6.0,5.0,0,1.0,3,1,99,  ,2,3.0,0,0,1,0,0,0,0,0,0,0,0,0,0,0,0,0,0
1300,2003056889,1739.0,1737.0,67,67301,,,0,0,0,0,0,0,4,9,2002,2,17.0,1.0,0,1.0,3,1,3,  ,0,0.0,0,0,1,0,0,0,0,0,0,0,0,0,0,0,0,0,0
1301,2003056890,2105.0,2101.0,67,67301,39.9732,-75.1591,0,0,0,0,1,0,4,9,2002,2,21.0,3.0,0,1.0,3,1,3,  ,2,3.0,1,0,1,0,0,0,0,0,0,0,0,1,0,0,0,0,0
1302,2003056934,2235.0,2230.0,67,67301,,,0,0,0,0,0,0,2,9,2002,5,7.0,1.0,0,1.0,3,0,3,  ,2,3.0,1,0,0,0,0,0,0,0,0,0,1,0,0,0,0,0,0
1303,2003056955,2105.0,2058.0,67,67301,39.9799,-75.1577,0,0,0,0,0,0,1,9,2002,3,20.0,2.0,0,1.0,3,0,3,  ,0,0.0,0,1,0,0,0,0,1,1,0,1,0,0,0,0,0,0,0
1304,2003057011,1531.0,1527.0,25,25213,42.106,-80.1422,0,0,0,0,0,0,4,9,2002,3,15.0,1.0,0,1.0,3,0,3,  ,0,0.0,0,0,1,0,0,0,0,0,0,0,0,0,0,0,0,0,0
1305,2003057238,1756.0,1747.0,64,64435,,,0,0,0,0,1,0,4,6,2002,5,17.0,1.0,0,1.0,3,1,3,  ,0,0.0,0,0,1,0,0,0,0,0,0,0,0,0,0,0,0,0,0
1306,2003057561,1500.0,1445.0,67,67301,40.0925,-75.0395,0,0,0,0,0,0,5,9,2002,6,14.0,1.0,0,1.0,3,0,3,  ,0,0.0,1,0,0,0,0,0,0,0,0,0,0,0,0,0,0,0,0
1307,2003057576,1551.0,1545.0,67,67301,39.9498,-75.1408,0,0,0,0,0,0,2,9,2002,2,15.0,1.0,0,1.0,3,2,3,  ,2,3.0,0,0,0,0,0,0,0,0,0,0,0,0,0,0,0,0,0
1308,2003057584,1920.0,1920.0,67,67301,,,0,0,0,0,0,0,4,8,2002,2,18.0,1.0,0,1.0,3,2,3,  ,2,3.0,0,0,1,0,0,0,0,0,0,0,0,0,0,0,0,0,0
1309,2003057627,827.0,827.0,67,67301,40.0223,-75.162,0,0,0,0,0,0,2,9,2002,2,8.0,1.0,0,1.0,3,1,3,  ,2,3.0,0,0,0,0,0,0,0,0,0,0,0,0,0,0,0,0,0
1310,2003057638,1812.0,1810.0,67,67301,40.1176,-75.04,0,0,0,0,0,0,5,9,2002,2,18.0,1.0,0,1.0,3,2,3,  ,0,0.0,0,0,0,0,0,0,0,0,0,0,0,0,0,0,0,0,0
1311,2003057651,2155.0,2152.0,67,67301,,,0,0,0,0,0,0,4,9,2002,7,21.0,3.0,0,1.0,3,0,3,  ,3,3.0,0,0,1,0,0,0,0,0,0,0,0,0,0,0,0,0,0
1312,2003057657,1220.0,1217.0,67,67301,,,0,0,0,0,1,0,1,9,2002,2,12.0,1.0,6,1.0,3,0,3,  ,2,3.0,1,0,0,0,1,0,0,0,0,0,0,0,0,0,0,0,0
1313,2003057663,1740.0,1734.0,67,67301,40.0,-75.1422,0,0,0,0,0,0,6,9,2002,4,17.0,1.0,0,1.0,3,1,3,  ,2,3.0,0,0,0,0,0,0,0,0,0,0,0,0,0,0,0,0,0
1314,2003057664,1750.0,1746.0,67,67301,,,0,0,0,0,0,0,4,9,2002,4,15.0,1.0,0,1.0,3,2,3,  ,3,3.0,0,0,1,0,0,0,0,0,0,0,0,0,0,0,0,0,0
1315,2003057679,1900.0,1900.0,67,67301,39.9511,-75.1538,0,0,0,0,0,0,1,9,2002,7,16.0,1.0,0,1.0,3,0,3,  ,0,0.0,1,0,0,0,0,0,0,0,0,0,0,0,0,0,0,0,0