,CRN,ARRIVAL_TM,DISPATCH_TM,COUNTY,MUNICIPALITY,DEC_LAT,DEC_LONG,BICYCLE_DEATH_COUNT,BICYCLE_SUSP_SERIOUS_INJ_COUNT,BUS_COUNT,HEAVY_TRUCK_COUNT,SMALL_TRUCK_COUNT,SUV_COUNT,COLLISION_TYPE,CRASH_MONTH,CRASH_YEAR,DAY_OF_WEEK,HOUR_OF_DAY,ILLUMINATION,LOCATION_TYPE,ROAD_CONDITION,URBAN_RURAL,INTERSECT_TYPE,WEATHER1,WEATHER2,TCD_TYPE,TCD_FUNC_CD,AGGRESSIVE_DRIVING,ALCOHOL_RELATED,ANGLE_CRASH,CELL_PHONE,COMM_VEHICLE,DISTRACTED,DRINKING_DRIVER,DRUGGED_DRIVER,FATIGUE_ASLEEP,IMPAIRED_DRIVER,NHTSA_AGG_DRIVING,RUNNING_RED_LT,RUNNING_STOP_SIGN,SPEEDING_RELATED,TAILGATING,MATURE_DRIVER,YOUNG_DRIVER
1316,2003057680,1541.0,1540.0,67,67301,39.9781,-75.1107,0,0,0,0,0,0,2,9,2002,3,15.0,1.0,0,1.0,3,2,3,  ,3,3.0,0,0,0,0,0,0,0,0,0,0,0,0,0,0,0,0,1
1317,2003057689,900.0,858.0,67,67301,39.9535,-75.1854,0,0,0,0,0,0,4,9,2002,2,8.0,1.0,0,1.0,3,0,3,  ,0,0.0,0,0,1,0,0,0,0,0,0,0,0,0,0,0,0,0,0
1318,2003057703,1116.0,1111.0,49,49302,,,0,0,0,0,0,0,2,10,2002,1,11.0,1.0,0,9.0,2,10,3,  ,0,0.0,0,0,0,0,0,0,0,0,0,0,0,0,0,0,0,0,0
1319,2003057723,1705.0,1700.0,67,67301,39.953,-75.1685,0,0,0,0,0,0,5,9,2002,3,16.0,1.0,0,1.0,3,1,3,  ,2,3.0,0,0,0,1,0,1,0,0,0,0,0,0,0,0,0,0,0
1320,2003057729,1247.0,1242.0,67,67301,39.9629,-75.1784,0,0,0,0,0,0,5,9,2002,7,12.0,1.0,2,1.0,3,7,3,  ,0,0.0,0,0,0,0,0,0,0,0,0,0,0,0,0,0,0,0,0
1321,2003058003,1826.0,1826.0,38,38102,40.3384,-76.4395,0,0,0,0,1,0,6,10,2002,1,18.0,1.0,0,1.0,2,0,3,  ,0,0.0,0,0,0,0,0,0,0,0,0,0,0,0,0,0,0,0,0
1322,2003058041,1503.0,1503.0,32,32408,40.623,-79.1584,0,0,0,0,0,0,4,9,2002,5,14.0,1.0,0,1.0,2,1,3,  ,3,3.0,0,0,1,0,0,0,0,0,0,0,0,0,0,0,0,0,0
1323,2003058215,1935.0,1927.0,67,67301,40.0752,-75.1696,0,0,1,0,0,0,4,9,2002,2,18.0,1.0,0,1.0,3,0,3,  ,0,0.0,0,0,1,0,1,0,0,0,0,0,0,0,0,0,0,0,0
1324,2003058271,2243.0,2243.0,67,67301,39.9605,-75.137,0,0,0,0,0,0,2,9,2002,6,22.0,3.0,0,1.0,3,1,3,  ,2,3.0,0,0,0,0,0,0,0,0,0,0,0,0,0,0,0,0,0
1325,2003058291,756.0,752.0,22,22202,40.2457,-76.7065,0,0,0,0,0,0,4,10,2002,7,6.0,2.0,0,1.0,3,2,3,  ,0,0.0,1,0,1,0,0,0,0,0,0,0,0,0,0,0,0,0,0
1326,2003058325,1655.0,1654.0,2,2301,40.438,-79.9277,0,0,0,0,0,0,4,10,2002,7,16.0,1.0,0,1.0,3,1,3,  ,2,3.0,0,0,1,0,0,0,0,0,0,0,0,0,0,0,0,0,1
1327,2003058647,1439.0,1433.0,14,14410,40.8,-77.8604,0,0,0,0,0,0,8,10,2002,6,14.0,1.0,0,1.0,3,0,3,  ,0,0.0,0,0,0,0,0,1,0,0,0,0,0,0,0,0,0,0,0
1328,2003060715,1930.0,1927.0,67,67301,,,0,0,0,0,0,0,4,10,2002,5,19.0,4.0,0,1.0,3,1,3,  ,3,3.0,0,0,1,0,0,0,0,0,0,0,0,0,0,0,0,0,0
1329,2003061116,1221.0,1220.0,67,67301,,,0,0,0,0,0,0,4,10,2002,5,17.0,1.0,0,1.0,3,2,3,  ,3,3.0,0,0,1,0,0,0,0,0,0,0,0,0,0,0,0,0,0
1330,2003061123,2107.0,2102.0,67,67301,39.9624,-75.2448,0,0,0,0,0,0,2,10,2002,3,21.0,3.0,0,1.0,3,1,3,  ,2,3.0,0,0,0,0,0,0,0,0,0,0,0,0,0,0,0,0,0
1331,2003061532,1633.0,1633.0,67,67301,,,0,0,0,0,0,0,2,9,2002,1,16.0,1.0,0,1.0,3,0,3,  ,0,0.0,0,1,0,0,0,0,1,0,0,1,0,0,0,0,0,0,0
1332,2003061929,2025.0,2020.0,67,67301,,,0,0,0,0,0,0,2,9,2002,1,20.0,3.0,0,1.0,3,1,3,  ,2,3.0,0,0,0,0,0,0,0,0,0,0,0,0,0,0,0,0,0
1333,2003061946,919.0,915.0,67,67301,,,0,0,0,0,0,0,4,10,2002,1,9.0,1.0,0,1.0,3,2,3,  ,3,3.0,0,0,1,0,0,0,0,0,0,0,0,0,0,0,0,1,0
1334,2003061953,1659.0,1650.0,67,67301,39.9508,-75.1638,0,0,0,0,0,0,0,10,2002,1,16.0,1.0,0,1.0,3,0,3,  ,0,0.0,0,0,0,0,0,0,0,0,0,0,0,0,0,0,0,0,0
1335,2003062059,709.0,705.0,67,67301,40.0269,-75.2094,0,0,1,0,0,0,5,9,2002,5,7.0,1.0,0,1.0,3,0,3,  ,0,0.0,1,0,0,0,1,0,0,0,0,0,0,0,0,0,0,0,0
1336,2003063940,1404.0,1402.0,23,23103,,,0,0,0,0,0,0,4,7,2002,3,14.0,1.0,0,1.0,3,0,3,  ,0,0.0,0,0,1,0,0,0,0,0,0,0,0,0,0,0,0,0,1
1337,2003063952,34.0,38.0,2,2301,40.4528,-79.9367,0,0,0,0,0,0,4,10,2002,6,0.0,6.0,0,1.0,3,1,3,  ,2,3.0,0,0,1,0,0,0,0,0,0,0,0,0,0,0,0,0,0
1338,2003063989,1640.0,1632.0,39,39301,40.6118,-75.4762,0,0,0,0,0,0,4,10,2002,2,16.0,1.0,0,1.0,3,2,3,  ,2,2.0,0,0,1,0,0,0,0,0,0,0,0,0,0,0,0,0,0
1339,2003064059,2108.0,2107.0,23,23103,39.9726,-75.3176,0,0,0,0,0,0,4,5,2002,3,21.0,3.0,7,1.0,3,0,3,  ,0,0.0,0,0,1,0,0,1,0,0,0,0,0,0,0,0,0,0,1
1340,2003064355,933.0,928.0,2,2301,,,0,0,0,0,0,0,8,10,2002,5,9.0,1.0,0,1.0,3,2,3,  ,3,3.0,0,0,0,0,0,0,0,0,0,0,0,0,0,0,0,0,0
1341,2003064446,1818.0,1817.0,23,23103,,,0,0,0,0,0,0,4,7,2002,5,18.0,1.0,0,1.0,3,1,3,  ,2,3.0,0,0,1,0,0,0,0,0,0,0,0,0,0,0,0,0,0
1342,2003064668,1750.0,1749.0,23,23103,39.9761,-75.3029,0,0,0,0,0,0,4,4,2002,2,17.0,1.0,0,9.0,3,1,3,  ,2,3.0,0,0,1,0,0,0,0,0,0,0,0,0,0,0,0,0,0
1343,2003065093,1650.0,1636.0,39,39207,40.6561,-75.5882,0,0,0,0,0,0,4,10,2002,5,16.0,1.0,0,1.0,1,0,3,  ,0,0.0,0,0,1,0,0,0,0,0,0,0,0,0,0,0,0,0,0
1344,2003065975,535.0,532.0,49,49302,,,0,0,0,0,0,0,4,9,2002,3,5.0,3.0,0,1.0,2,1,3,  ,3,3.0,0,0,1,0,0,0,0,0,0,0,0,0,0,0,0,0,0
1345,2003066048,1700.0,1700.0,67,67301,,,0,0,0,0,0,0,8,10,2002,2,16.0,1.0,0,1.0,3,0,3,  ,2,3.0,0,0,0,0,0,0,0,0,0,0,0,0,0,0,0,0,0
1346,2003066053,1245.0,1203.0,67,67301,,,0,0,0,0,0,0,4,10,2002,2,12.0,1.0,0,9.0,3,1,3,  ,3,3.0,0,0,1,0,0,0,0,0,0,0,0,0,0,0,0,0,0
1347,2003066103,1605.0,1604.0,23,23103,39.9725,-75.3198,0,0,0,0,0,0,4,10,2002,4,16.0,1.0,0,9.0,3,0,7,  ,0,0.0,0,0,1,0,0,0,0,0,0,0,0,0,0,0,0,0,0
1348,2003066145,1812.0,1809.0,67,67301,39.9311,-75.1543,0,0,0,0,0,0,1,10,2002,2,18.0,1.0,0,1.0,3,0,3,  ,0,0.0,0,0,0,0,0,0,0,0,0,0,0,0,0,0,0,0,0
1349,2003066369,849.0,849.0,40,40304,,,0,0,0,0,0,0,5,11,2002,6,8.0,1.0,0,1.0,3,0,3,  ,0,0.0,0,0,0,0,0,1,0,0,0,0,0,0,0,0,0,0,0
1350,2003066769,1900.0,1845.0,39,39103,40.591,-75.5518,0,1,0,0,0,0,2,10,2002,6,18.0,3.0,0,1.0,1,6,3,  ,0,0.0,0,0,0,0,0,0,0,0,0,0,0,0,0,0,0,0,0
1351,2003066922,1400.0,1355.0,36,36301,40.041,-76.3074,0,0,0,0,0,0,6,8,2002,6,13.0,1.0,0,1.0,3,1,3,  ,3,3.0,0,0,0,0,0,0,0,0,0,0,0,0,0,0,0,0,0
1352,2003067215,1959.0,1957.0,36,36301,40.04,-76.3016,0,0,0,0,0,0,4,6,2002,4,19.0,4.0,0,1.0,3,1,3,  ,2,3.0,0,0,1,0,0,0,0,0,0,0,0,0,0,0,0,0,0
1353,2003067696,1645.0,1638.0,67,67301,,,0,0,0,0,0,0,8,10,2002,1,16.0,1.0,0,1.0,3,1,3,  ,3,3.0,0,0,0,0,0,0,0,0,0,0,0,0,0,0,0,1,0
1354,2003067704,1805.0,1803.0,67,67301,40.0158,-75.1174,0,0,0,0,0,0,4,10,2002,1,17.0,1.0,0,1.0,3,3,3,  ,0,0.0,0,0,1,0,0,0,0,0,0,0,0,0,0,0,0,0,0
1355,2003067750,9999.0,1227.0,14,14410,40.789,-77.8571,0,0,0,0,0,0,4,9,2002,1,1.0,2.0,0,1.0,3,1,3,  ,3,2.0,1,1,1,0,0,0,1,0,0,1,0,0,0,0,0,0,0
1356,2003068394,830.0,818.0,67,67301,39.9386,-75.2217,0,0,1,0,0,0,2,10,2002,7,8.0,1.0,0,1.0,3,1,3,  ,2,3.0,0,0,0,0,1,0,0,0,0,0,0,0,0,0,0,0,0
1357,2003068431,1920.0,1916.0,67,67301,,,0,0,0,0,0,0,8,10,2002,5,19.0,1.0,0,9.0,3,0,7,  ,2,3.0,0,0,0,0,0,0,0,0,0,0,0,0,0,0,0,0,0
1358,2003068625,1108.0,1105.0,14,14410,40.7935,-77.8681,0,1,0,0,0,0,4,10,2002,3,11.0,1.0,0,1.0,3,0,3,  ,2,3.0,0,0,1,0,0,0,0,0,0,0,0,0,0,0,0,0,0
1359,2003068670,1840.0,1840.0,55,55403,,,0,0,0,0,0,0,9,5,2002,4,18.0,1.0,0,1.0,1,0,3,  ,0,0.0,0,0,0,0,0,0,0,0,0,0,0,0,0,0,0,0,0
1360,2003068750,820.0,815.0,67,67301,,,0,0,0,0,0,0,4,4,2002,3,8.0,1.0,0,1.0,3,1,3,  ,0,0.0,0,0,1,0,0,0,0,0,0,0,0,0,0,0,0,0,0
1361,2003068751,1317.0,1316.0,67,67301,39.9819,-75.1813,0,0,0,0,1,0,2,4,2002,7,13.0,1.0,0,1.0,3,0,3,  ,0,0.0,0,0,0,0,0,0,0,0,0,0,0,0,0,0,0,0,0
1362,2003068800,116.0,116.0,67,67301,39.9408,-75.1661,0,0,0,0,0,0,4,10,2002,3,1.0,3.0,0,1.0,3,10,3,  ,2,3.0,0,0,1,0,0,0,0,0,0,0,0,0,0,0,0,0,0
1363,2003068801,902.0,902.0,67,67301,39.9547,-75.1495,0,0,0,0,0,0,4,10,2002,4,9.0,1.0,0,9.0,3,2,7,  ,2,3.0,0,0,1,0,0,0,0,0,0,0,0,0,0,0,0,0,0
1364,2003068813,1727.0,1725.0,67,67301,40.004,-75.2148,0,0,0,0,0,0,8,4,2002,7,17.0,1.0,0,1.0,3,0,3,  ,2,3.0,0,0,0,0,0,0,0,0,0,0,0,0,0,0,0,0,0
1365,2003068817,1432.0,1430.0,67,67301,39.9614,-75.1482,0,0,0,0,0,0,8,4,2002,6,14.0,1.0,0,9.0,3,2,7,  ,2,3.0,0,0,0,0,0,0,0,0,0,0,0,0,0,0,0,0,0
1366,2003068859,1730.0,1729.0,67,67301,,,0,0,0,0,0,0,4,4,2002,2,17.0,1.0,0,1.0,3,0,3,  ,0,0.0,0,0,1,0,0,0,0,0,0,0,0,0,0,1,0,0,0
1367,2003068860,105.0,100.0,67,67301,39.9816,-75.1209,0,0,0,0,0,0,6,4,2002,7,20.0,3.0,0,1.0,3,0,3,  ,0,0.0,0,0,0,0,0,0,0,0,0,0,0,0,0,0,0,0,0
1368,2003068918,1601.0,1359.0,36,36408,,,0,0,0,0,0,0,4,4,2002,7,13.0,1.0,0,1.0,2,1,3,  ,0,0.0,0,0,1,0,0,0,0,0,0,0,0,0,0,0,0,0,0
1369,2003068986,1250.0,1240.0,67,67301,,,0,1,0,0,0,0,4,4,2002,6,23.0,3.0,0,98.0,3,1,99,  ,0,0.0,1,0,1,0,0,0,0,0,0,0,0,0,0,0,0,0,0
1370,2003068991,1605.0,1603.0,67,67301,40.0428,-75.1438,0,0,0,0,0,0,4,4,2002,6,16.0,1.0,0,9.0,3,0,7,  ,0,0.0,0,0,1,0,0,0,0,0,0,0,0,0,0,0,0,0,0
1371,2003069001,1055.0,1050.0,67,67301,39.9275,-75.1691,0,0,0,0,0,0,5,10,2002,5,10.0,1.0,0,1.0,3,0,3,  ,0,0.0,0,0,0,0,0,0,0,0,0,0,0,0,0,0,0,0,0
1372,2003069029,1117.0,1113.0,67,67301,39.9502,-75.1586,0,0,0,1,0,0,4,4,2002,3,11.0,1.0,0,1.0,3,1,3,  ,0,0.0,0,0,1,0,1,1,0,0,0,0,0,0,0,0,0,0,0
1373,2003069042,1335.0,1329.0,67,67301,,,0,0,0,0,0,0,1,4,2002,1,13.0,1.0,0,98.0,3,1,99,  ,3,3.0,0,0,0,0,0,1,0,0,0,0,0,0,0,0,0,0,0
1374,2003069087,909.0,904.0,14,14410,40.7872,-77.8504,0,0,0,0,0,0,4,9,2002,5,9.0,1.0,0,1.0,3,1,3,  ,2,3.0,0,0,1,0,0,0,0,0,0,0,0,0,0,0,0,0,0
1375,2003070049,2121.0,2121.0,26,26202,40.0897,-79.5591,0,0,0,0,0,0,4,2,2002,2,21.0,2.0,0,1.0,1,1,3,  ,2,3.0,0,0,1,0,0,0,0,0,0,0,0,0,0,0,0,0,0
1376,2003070114,1654.0,1647.0,17,17223,41.0063,-78.4538,0,0,0,0,1,0,5,10,2002,2,16.0,1.0,0,1.0,1,2,3,  ,9,9.0,0,0,0,0,0,0,0,0,0,0,0,0,0,0,0,0,1
1377,2003070404,1350.0,1356.0,67,67301,,,0,0,0,0,0,0,4,10,2002,3,13.0,1.0,0,1.0,3,0,3,  ,0,0.0,0,0,1,0,0,0,0,0,0,0,0,0,0,0,0,0,0
1378,2003070405,1125.0,1115.0,67,67301,,,0,0,0,0,0,0,4,10,2002,4,17.0,1.0,0,1.0,3,1,3,  ,3,3.0,1,0,1,0,0,1,0,0,0,0,0,0,1,0,0,0,0
1379,2003070555,1819.0,1818.0,67,67301,39.9638,-75.2199,0,0,0,0,0,0,4,4,2002,2,18.0,1.0,0,1.0,3,0,3,  ,0,0.0,0,0,1,0,0,0,0,0,0,0,0,0,0,0,0,1,0
1380,2003071640,656.0,655.0,46,46413,40.1191,-75.354,0,0,0,0,1,0,4,4,2002,2,6.0,1.0,0,1.0,3,1,3,  ,2,3.0,1,0,1,0,0,0,0,0,0,0,0,0,0,0,0,0,0
1381,2003071688,1635.0,1628.0,67,67301,39.9573,-75.1696,0,0,0,0,0,0,5,4,2002,6,16.0,1.0,0,1.0,3,0,3,  ,2,3.0,0,0,0,0,0,0,0,0,0,0,0,0,0,0,0,0,0
1382,2003071746,2057.0,2055.0,48,48301,,,0,0,0,0,0,0,6,5,2002,7,20.0,3.0,0,1.0,3,1,3,  ,0,0.0,0,0,0,0,0,0,0,0,0,0,0,0,0,0,0,0,0
1383,2003071748,1634.0,1626.0,48,48301,40.6296,-75.3703,0,0,0,0,0,0,2,5,2002,5,16.0,1.0,0,9.0,3,2,7,  ,3,3.0,1,0,0,0,0,0,0,0,0,0,0,0,0,0,0,0,0
1384,2003071777,1717.0,1715.0,67,67301,39.9761,-75.1261,0,0,0,0,0,0,8,4,2002,6,18.0,1.0,0,1.0,3,2,3,  ,3,3.0,0,0,0,0,0,0,0,0,0,0,0,0,0,0,0,0,1
1385,2003071779,2130.0,2109.0,67,67301,,,0,0,0,0,0,0,8,4,2002,6,21.0,3.0,0,1.0,3,1,3,  ,0,0.0,0,1,0,0,0,1,1,0,0,1,0,0,0,0,0,0,0
1386,2003071789,2132.0,2126.0,67,67301,,,0,0,0,0,0,0,6,4,2002,2,21.0,3.0,0,1.0,3,1,7,  ,0,0.0,0,0,0,0,0,0,0,0,0,0,0,0,0,0,0,0,0
1387,2003071825,0.0,2349.0,2,2301,40.4345,-79.9898,0,0,0,0,0,0,1,5,2002,6,99.0,3.0,4,1.0,3,0,3,  ,2,3.0,0,1,0,0,0,0,1,0,0,1,0,0,0,0,0,0,0
1388,2003071868,1112.0,1108.0,46,46113,,,0,0,0,0,0,0,4,5,2002,6,11.0,1.0,0,1.0,3,0,3,  ,0,0.0,0,0,1,0,0,0,0,0,0,0,0,0,0,0,0,1,0
1389,2003071875,1231.0,1231.0,67,67301,,,0,0,0,0,0,0,4,4,2002,1,12.0,1.0,0,1.0,3,1,7,05,3,3.0,1,0,1,0,0,0,0,0,0,0,0,0,1,0,0,0,0
1390,2003073040,1834.0,1832.0,64,64303,40.3274,-79.6203,0,0,0,0,0,0,4,5,2002,1,99.0,1.0,0,1.0,3,2,3,  ,0,0.0,0,0,1,0,0,0,0,0,0,0,0,0,0,0,0,0,0
1391,2003073106,1457.0,1429.0,55,55214,39.9392,-79.258,0,0,0,0,1,0,0,3,2002,4,14.0,1.0,0,1.0,1,2,3,  ,3,3.0,1,0,0,0,0,0,0,0,0,0,0,0,0,0,0,0,0
1392,2003073163,2022.0,2020.0,49,49407,40.8882,-76.7935,0,0,0,0,0,0,4,4,2002,4,20.0,1.0,0,1.0,1,1,3,  ,3,3.0,0,0,1,0,0,0,0,0,0,0,0,0,0,0,0,0,0
1393,2003073757,2101.0,2100.0,67,67301,39.9556,-75.2146,0,0,0,0,0,0,4,8,2002,4,21.0,3.0,0,1.0,3,1,3,  ,2,3.0,0,0,1,0,0,0,0,0,0,0,0,0,0,0,0,0,0
1394,2003073881,1900.0,1850.0,67,67301,40.0464,-75.0695,0,0,0,0,0,0,8,6,2002,1,18.0,1.0,0,1.0,3,1,3,  ,0,0.0,0,0,0,0,0,0,0,0,0,0,0,0,0,0,0,0,0
1395,2003074481,1705.0,1645.0,40,40427,,,0,0,0,0,0,0,4,10,2002,7,16.0,1.0,0,1.0,3,1,3,  ,0,0.0,0,0,1,0,0,0,0,0,0,0,0,0,0,0,0,0,0
1396,2003078781,1542.0,1538.0,12,12402,,,0,0,0,0,1,0,5,10,2002,3,15.0,1.0,0,1.0,1,1,3,  ,0,0.0,0,0,0,0,0,0,0,0,0,0,0,0,0,0,0,0,0
1397,2003091125,1115.0,1111.0,67,67301,40.0631,-75.0516,0,0,0,0,0,0,2,9,2002,3,11.0,1.0,0,1.0,3,2,3,  ,0,0.0,0,0,0,0,0,0,0,0,0,0,0,0,0,0,0,0,0
1398,2003092591,1909.0,1909.0,67,67301,40.0237,-75.1646,0,0,0,0,0,0,4,4,2002,2,19.0,4.0,0,1.0,3,0,3,  ,0,0.0,0,0,1,0,0,0,0,0,0,0,0,0,0,0,0,0,0
1399,2003093886,1930.0,1905.0,40,40201,41.1807,-75.7202,0,0,0,0,0,0,4,4,2002,4,19.0,1.0,0,1.0,1,0,3,  ,0,0.0,0,0,1,0,0,0,0,0,1,0,0,0,0,0,0,0,0
1400,2004005488,1847.0,1835.0,67,67301,40.0167,-75.0704,0,0,0,0,0,0,2,10,2002,6,18.0,4.0,0,1.0,3,0,3,  ,0,0.0,0,0,0,0,0,0,0,0,0,0,0,0,0,0,0,0,0
1401,2004005521,1726.0,1724.0,67,67301,,,0,0,0,0,0,0,5,9,2002,1,17.0,1.0,0,1.0,3,0,3,  ,0,0.0,0,0,0,0,0,0,0,0,0,0,0,0,0,0,0,0,0
1402,2004006577,1418.0,1413.0,67,67301,39.9274,-75.1734,0,0,0,0,0,0,2,9,2002,6,14.0,1.0,0,9.0,3,2,3,  ,3,3.0,0,0,0,0,0,0,0,0,0,0,0,0,0,0,0,0,0
1403,2004006736,818.0,813.0,67,67301,39.9546,-75.1648,0,0,0,0,0,0,5,10,2002,6,8.0,1.0,0,1.0,3,0,3,  ,0,0.0,1,0,0,0,0,0,0,0,0,0,0,0,0,0,0,0,0
1404,2004006740,1225.0,1218.0,67,67301,40.0002,-75.1178,0,0,0,0,0,0,8,8,2002,2,12.0,1.0,0,1.0,3,2,3,  ,3,3.0,1,0,0,0,0,0,0,0,0,0,0,0,1,0,0,0,0
1405,2004031217,1905.0,1902.0,67,67301,,,0,0,0,0,0,0,2,6,2002,4,18.0,1.0,0,9.0,3,0,3,  ,0,0.0,0,0,0,0,0,0,0,0,0,0,0,0,0,0,0,0,0
1406,2004044634,1445.0,1435.0,67,67301,,,0,0,0,0,0,0,2,6,2002,5,14.0,1.0,0,9.0,3,2,7,  ,3,3.0,1,0,0,0,0,0,0,0,0,0,1,0,0,0,0,0,0
1407,2004091258,1906.0,1904.0,67,67301,,,0,0,0,0,0,0,2,4,2002,1,19.0,1.0,0,9.0,3,3,7,05,0,0.0,0,0,0,0,0,0,0,0,0,0,0,0,0,0,0,0,0
1408,2004091707,1600.0,1600.0,67,67301,39.9246,-75.2331,0,0,0,0,0,0,8,4,2002,6,16.0,1.0,0,1.0,3,1,3,  ,1,2.0,0,0,0,0,0,0,0,0,0,0,0,0,0,0,0,1,0
1409,2005021293,1344.0,1340.0,67,67301,,,0,0,0,0,0,0,1,4,2002,7,13.0,1.0,0,1.0,3,0,3,  ,0,0.0,0,0,0,0,0,0,0,0,0,0,0,0,0,0,0,0,0
1410,2005021326,925.0,919.0,67,67301,39.9803,-75.2141,0,0,0,0,0,0,6,4,2002,2,21.0,1.0,0,1.0,3,1,3,  ,2,3.0,0,0,0,0,0,0,0,0,0,0,0,0,0,0,0,0,0
1411,2005075807,1910.0,1909.0,15,15247,39.9596,-75.5863,0,0,0,0,0,0,5,5,2002,4,19.0,4.0,0,1.0,3,1,3,  ,2,3.0,0,0,0,0,0,0,0,0,0,0,0,0,0,0,0,0,1
1412,2005080330,1413.0,1400.0,67,67301,39.964,-75.1611,0,0,0,0,1,0,4,5,2002,4,14.0,1.0,0,1.0,3,1,3,  ,0,0.0,0,0,1,0,0,0,0,0,0,0,0,0,0,0,0,0,0
1413,2005080341,1656.0,1644.0,67,67301,39.9788,-75.2331,0,0,0,0,0,0,2,5,2002,6,16.0,1.0,0,1.0,3,1,3,  ,3,3.0,0,0,0,0,0,0,0,0,0,0,0,0,0,0,0,0,0
1414,2005080364,1824.0,1821.0,67,67301,39.9911,-75.132,0,0,0,0,0,0,5,4,2002,2,18.0,1.0,0,1.0,3,1,3,05,2,3.0,0,0,0,0,0,0,0,0,0,0,0,0,0,0,0,0,0
1415,2005099455,1445.0,1422.0,67,67301,,,0,0,0,0,0,0,2,5,2002,5,14.0,1.0,0,1.0,3,1,3,  ,3,3.0,0,0,0,0,0,0,0,0,0,0,0,0,0,0,0,0,0
1416,2005100938,2015.0,2007.0,67,67301,40.0335,-75.0432,0,0,0,0,0,0,4,4,2002,3,17.0,1.0,7,9.0,3,0,99,  ,0,0.0,0,0,1,0,0,0,0,0,0,0,0,0,0,0,0,0,0
1417,2005109985,1701.0,1720.0,67,67301,39.9411,-75.1456,0,0,0,0,0,0,2,4,2002,3,17.0,1.0,0,9.0,3,0,7,  ,0,0.0,0,0,0,0,0,0,0,0,0,0,0,0,0,0,0,0,0
1418,2005110017,1611.0,1609.0,39,39301,,,0,0,0,0,0,0,4,3,2002,5,16.0,1.0,0,1.0,3,2,3,  ,3,3.0,0,0,1,0,0,1,0,0,0,0,0,0,0,0,0,0,0
1419,2005110837,1057.0,1049.0,2,2302,,,0,0,0,0,0,0,4,5,2002,3,10.0,1.0,0,1.0,3,1,3,  ,2,3.0,0,0,1,0,0,0,0,0,0,0,0,0,0,0,0,0,0
1420,2005110846,1657.0,1633.0,35,35302,41.3922,-75.6676,0,0,0,0,0,0,8,5,2002,3,16.0,1.0,0,1.0,3,1,3,  ,0,0.0,0,0,0,0,0,0,0,0,0,0,0,0,0,0,0,0,0
1421,2005110882,1817.0,1814.0,39,39301,,,0,0,0,0,0,0,4,4,2002,4,18.0,1.0,0,1.0,3,1,3,  ,3,3.0,1,0,1,0,0,0,0,0,0,0,0,0,0,0,0,0,1
1422,2005111015,2333.0,2332.0,25,25302,42.1287,-80.038,0,0,0,0,0,0,1,5,2002,5,23.0,3.0,0,1.0,3,0,3,  ,0,0.0,0,1,0,0,0,0,1,0,0,1,0,0,0,0,0,0,0
1423,2005111154,1134.0,1132.0,8,8402,41.9561,-76.518,0,0,0,0,1,0,4,5,2002,7,11.0,1.0,0,1.0,2,3,3,  ,3,9.0,1,0,1,0,0,0,0,0,0,0,0,0,0,0,0,0,0
1424,2005111180,1610.0,1602.0,9,9208,40.1865,-74.8109,0,0,0,0,1,0,6,5,2002,4,16.0,1.0,0,1.0,3,0,3,  ,0,0.0,0,0,0,0,0,1,0,0,0,0,0,0,0,0,0,1,0
1425,2005111205,1152.0,1150.0,7,7301,40.5056,-78.4023,0,0,0,0,0,0,4,5,2002,1,11.0,1.0,0,1.0,3,1,3,  ,3,3.0,0,0,1,0,0,0,0,0,0,0,0,0,0,0,0,0,0
1426,2005111214,1237.0,1233.0,2,2301,40.4574,-79.8963,0,0,0,0,0,0,4,5,2002,7,12.0,1.0,0,9.0,3,1,3,  ,2,3.0,0,0,1,0,0,0,0,0,0,0,0,0,0,0,0,0,0
1427,2005111313,1605.0,1603.0,39,39301,,,0,0,0,0,0,0,8,4,2002,3,16.0,1.0,0,1.0,3,1,3,  ,0,0.0,0,1,0,0,0,0,0,0,0,0,0,0,0,0,0,0,0
1428,2005111603,2031.0,2027.0,67,67301,40.0196,-75.2107,0,0,0,0,0,0,2,5,2002,7,20.0,3.0,0,1.0,3,5,3,  ,0,0.0,1,0,0,0,0,0,0,0,0,0,0,0,0,0,0,0,0
1429,2005111710,1946.0,1946.0,28,28205,,,0,0,0,0,0,0,4,2,2002,2,19.0,6.0,7,1.0,2,0,3,  ,3,3.0,0,0,1,0,0,0,0,0,0,0,0,0,0,0,0,0,1
1430,2005111723,1528.0,1515.0,10,10215,40.7285,-80.0248,0,0,0,0,0,0,2,4,2002,6,15.0,1.0,0,1.0,1,0,3,  ,0,0.0,0,0,0,0,0,0,0,0,0,0,0,0,0,0,0,0,0
1431,2005111942,2022.0,2019.0,2,2301,40.4151,-79.993,0,0,0,0,0,0,4,5,2002,4,20.0,1.0,0,1.0,3,1,3,  ,3,3.0,0,0,1,0,0,0,0,0,0,0,0,0,0,0,0,0,0
1432,2005112125,1639.0,9999.0,23,23106,40.0394,-75.3657,0,0,0,0,0,0,4,5,2002,7,16.0,1.0,0,1.0,3,1,3,  ,2,2.0,1,0,1,0,0,0,0,0,0,0,0,0,0,0,0,0,0
1433,2005112134,2145.0,2121.0,67,67301,39.9379,-75.1667,0,0,0,0,0,0,2,5,2002,7,21.0,3.0,0,1.0,3,1,3,  ,2,3.0,1,0,0,0,0,0,0,0,0,0,0,0,0,0,0,0,1
1434,2005112190,30.0,25.0,67,67301,,,0,0,0,0,0,0,1,5,2002,7,0.0,3.0,0,1.0,3,1,3,  ,2,3.0,0,0,0,0,0,0,0,0,0,0,0,0,0,0,0,0,0