,CRN,ARRIVAL_TM,DISPATCH_TM,COUNTY,MUNICIPALITY,DEC_LAT,DEC_LONG,BICYCLE_DEATH_COUNT,BICYCLE_SUSP_SERIOUS_INJ_COUNT,BUS_COUNT,HEAVY_TRUCK_COUNT,SMALL_TRUCK_COUNT,SUV_COUNT,COLLISION_TYPE,CRASH_MONTH,CRASH_YEAR,DAY_OF_WEEK,HOUR_OF_DAY,ILLUMINATION,LOCATION_TYPE,ROAD_CONDITION,URBAN_RURAL,INTERSECT_TYPE,WEATHER1,WEATHER2,TCD_TYPE,TCD_FUNC_CD,AGGRESSIVE_DRIVING,ALCOHOL_RELATED,ANGLE_CRASH,CELL_PHONE,COMM_VEHICLE,DISTRACTED,DRINKING_DRIVER,DRUGGED_DRIVER,FATIGUE_ASLEEP,IMPAIRED_DRIVER,NHTSA_AGG_DRIVING,RUNNING_RED_LT,RUNNING_STOP_SIGN,SPEEDING_RELATED,TAILGATING,MATURE_DRIVER,YOUNG_DRIVER
1435,2005112197,1647.0,1645.0,67,67301,39.9283,-75.1711,0,0,0,0,0,0,4,5,2002,1,16.0,1.0,0,1.0,3,1,3,  ,0,0.0,0,0,1,0,0,0,0,0,0,0,0,0,0,0,0,0,0
1436,2005112296,2355.0,2351.0,61,61301,,,0,0,0,0,0,0,4,6,2002,7,23.0,3.0,0,1.0,2,0,3,  ,0,0.0,1,0,1,0,0,0,0,0,0,0,0,0,0,0,0,0,0
1437,2005112608,1631.0,1618.0,15,15221,39.7415,-75.8044,0,0,0,0,0,0,4,4,2002,3,16.0,1.0,0,1.0,1,1,3,  ,3,3.0,0,0,1,0,0,0,0,0,0,0,0,0,0,0,0,0,0
1438,2005112755,1613.0,1611.0,67,67301,,,0,0,0,0,0,0,2,5,2002,5,16.0,1.0,0,1.0,3,2,3,  ,3,3.0,0,0,0,0,0,0,0,0,0,0,0,0,0,0,0,0,0
1439,2005112791,1912.0,1845.0,59,59209,40.909,-77.0908,0,0,0,0,0,0,6,4,2002,5,18.0,1.0,0,1.0,1,1,3,  ,3,2.0,0,0,0,0,0,1,0,0,0,0,0,0,0,0,0,0,0
1440,2005112921,1744.0,1735.0,53,53236,,,0,0,0,0,0,0,4,4,2002,6,17.0,1.0,0,1.0,1,2,3,  ,0,0.0,0,0,1,0,0,0,0,0,0,0,0,0,0,0,0,0,0
1441,2005113202,1623.0,1620.0,67,67301,,,0,0,0,0,0,0,4,5,2002,7,16.0,1.0,0,1.0,3,1,3,  ,3,3.0,1,0,1,0,0,0,0,0,0,0,0,0,0,0,0,0,0
1442,2005113532,1610.0,1608.0,25,25302,,,0,0,0,0,0,0,4,6,2002,3,16.0,1.0,0,1.0,3,1,3,  ,3,3.0,1,0,1,0,0,0,0,0,0,0,0,0,1,0,0,1,0
1443,2005113556,1540.0,1536.0,15,15203,39.9662,-75.6325,0,0,0,0,0,0,1,5,2002,4,15.0,1.0,0,1.0,1,1,3,  ,0,0.0,1,0,0,0,0,0,0,0,0,0,0,0,0,0,0,0,0
1444,2005113739,1520.0,1520.0,46,46113,40.2042,-75.2602,0,0,0,0,0,0,4,5,2002,6,14.0,1.0,0,1.0,3,1,3,  ,3,3.0,0,0,1,0,0,0,0,0,0,0,0,0,0,0,0,0,0
1445,2005113777,1513.0,1511.0,9,9206,,,0,0,0,0,1,0,4,5,2002,1,15.0,1.0,0,1.0,1,2,3,  ,2,3.0,0,0,1,0,0,0,0,0,0,0,0,0,0,0,0,0,0
1446,2005113826,1410.0,1408.0,67,67301,40.043,-75.0238,0,0,0,0,0,0,4,5,2002,2,14.0,1.0,0,1.0,3,0,3,  ,0,0.0,0,0,1,0,0,1,0,0,0,0,0,0,0,0,0,1,0
1447,2005113951,1820.0,1820.0,46,46413,,,0,0,0,0,0,0,5,5,2002,5,18.0,1.0,0,1.0,3,0,3,  ,0,0.0,0,0,0,0,0,0,0,0,0,0,0,0,0,0,0,0,0
1448,2005113990,1647.0,1647.0,40,40304,,,0,0,0,0,1,0,1,5,2002,6,16.0,1.0,0,1.0,3,0,3,  ,0,0.0,0,0,0,0,0,0,0,0,0,0,0,0,0,0,0,0,0
1449,2005114161,2302.0,2302.0,67,67301,,,0,0,0,0,0,0,2,5,2002,4,23.0,2.0,0,1.0,3,1,3,  ,2,3.0,0,0,0,0,0,0,0,0,0,0,0,0,0,0,0,0,0
1450,2005114211,913.0,857.0,67,67301,39.9564,-75.1685,0,0,0,0,0,0,8,5,2002,4,8.0,1.0,0,1.0,3,5,3,  ,2,3.0,0,0,0,0,0,0,0,0,0,0,0,0,0,0,0,0,0
1451,2005114491,1650.0,1650.0,67,67301,40.0339,-75.0799,0,0,0,0,0,0,4,5,2002,6,16.0,1.0,7,1.0,3,0,3,  ,0,0.0,0,0,1,0,0,0,0,0,0,0,0,0,0,0,0,0,0
1452,2005115672,2008.0,1946.0,7,7403,,,0,0,0,0,0,0,5,4,2002,3,19.0,2.0,0,1.0,3,0,3,  ,0,0.0,0,0,0,0,0,0,0,0,0,0,0,0,0,0,0,0,0
1453,2005116350,1550.0,1544.0,67,67301,40.0647,-74.9823,0,0,0,0,0,0,2,5,2002,4,15.0,1.0,0,1.0,3,2,3,  ,3,3.0,0,0,0,0,0,0,0,0,0,0,0,0,0,0,0,0,0
1454,2005116381,1701.0,700.0,67,67301,39.9666,-75.1604,0,0,0,0,0,0,5,6,2002,7,19.0,3.0,0,1.0,3,1,3,  ,0,0.0,0,0,0,0,0,0,0,0,0,0,0,0,0,0,0,0,0
1455,2005116396,1138.0,1135.0,14,14410,40.7901,-77.8541,0,0,0,0,0,0,0,5,2002,6,11.0,1.0,0,1.0,3,0,3,  ,0,0.0,0,0,0,0,0,1,0,0,0,0,0,0,0,0,0,0,0
1456,2005116549,1513.0,1504.0,40,40428,40.9617,-75.9948,0,0,0,0,1,0,4,5,2002,1,15.0,1.0,0,1.0,2,2,3,  ,3,3.0,0,0,1,0,0,0,0,0,0,0,0,0,0,0,0,0,0
1457,2005116692,1831.0,1830.0,25,25302,42.1316,-80.0589,0,0,0,0,0,0,4,6,2002,7,18.0,1.0,0,1.0,3,1,3,  ,0,0.0,0,1,1,0,0,0,0,0,0,0,0,0,0,0,0,0,0
1458,2005116723,2046.0,2041.0,67,67301,40.0199,-75.0729,0,0,0,0,0,0,2,5,2002,4,20.0,1.0,0,1.0,3,0,3,  ,0,0.0,0,0,0,0,0,0,0,0,0,0,0,0,0,0,0,0,0
1459,2005117154,1828.0,1818.0,32,32408,40.6218,-79.172,0,0,0,0,0,0,4,10,2002,3,18.0,4.0,0,1.0,2,2,3,  ,0,0.0,0,0,1,0,0,0,0,0,0,0,0,0,0,0,0,0,0
1460,2005117511,2212.0,2210.0,61,61301,41.8446,-79.1349,0,0,0,0,0,0,4,10,2002,2,22.0,3.0,0,1.0,2,1,3,  ,3,3.0,0,0,1,0,0,0,0,0,0,0,0,0,0,0,0,0,0
1461,2005117550,1955.0,1953.0,67,67301,39.9606,-75.1414,0,0,0,0,0,0,4,10,2002,6,19.0,3.0,0,9.0,3,2,7,  ,2,3.0,1,0,1,0,0,0,0,0,0,0,0,0,0,0,0,0,0
1462,2005117793,1630.0,1630.0,67,67301,40.0158,-75.1174,0,0,0,0,0,0,8,10,2002,3,16.0,1.0,0,1.0,3,3,3,  ,0,0.0,0,0,0,0,0,0,0,0,0,0,0,0,0,0,0,0,0
1463,2005118159,1811.0,1809.0,2,2301,40.4258,-79.9398,0,0,0,0,1,0,2,11,2002,5,18.0,3.0,0,1.0,3,2,3,  ,0,0.0,0,0,0,0,0,0,0,0,0,0,0,0,0,0,0,0,0
1464,2005118604,1402.0,1400.0,67,67301,39.9458,-75.1556,0,0,0,0,0,0,5,11,2002,2,14.0,1.0,0,1.0,3,2,3,  ,0,0.0,0,0,0,0,0,0,0,0,0,0,0,0,0,0,0,0,0
1465,2005118686,1426.0,1426.0,67,67301,39.9545,-75.1984,0,0,0,0,0,0,4,11,2002,7,14.0,1.0,0,1.0,3,1,3,  ,2,3.0,0,0,1,0,0,1,0,0,0,0,0,0,0,0,0,0,0
1466,2005118701,1708.0,1705.0,67,67301,39.951,-75.1654,0,0,0,0,0,0,2,11,2002,7,17.0,3.0,0,1.0,3,1,3,  ,2,3.0,0,0,0,0,0,1,0,0,0,0,0,0,0,0,0,0,1
1467,2005118704,1748.0,1748.0,67,67301,39.9499,-75.169,0,0,0,0,0,0,1,11,2002,2,17.0,3.0,0,1.0,3,5,3,  ,2,3.0,1,0,0,0,0,0,0,0,0,0,0,0,0,0,0,0,0
1468,2005118731,852.0,846.0,67,67301,39.9602,-75.1372,0,0,0,0,0,0,5,4,2002,7,8.0,1.0,0,1.0,3,1,3,  ,2,3.0,0,0,0,0,0,0,0,0,0,0,0,0,0,0,0,0,0
1469,2005118829,1756.0,1750.0,67,67301,,,0,0,0,0,0,0,1,11,2002,6,17.0,3.0,0,1.0,3,1,3,  ,3,3.0,1,0,0,0,0,0,0,0,0,0,1,0,0,1,0,0,0
1470,2005119129,1908.0,1907.0,67,67301,,,0,0,0,0,0,0,5,11,2002,5,19.0,3.0,0,1.0,3,0,3,  ,0,0.0,0,0,0,0,0,0,0,0,0,0,0,0,0,0,0,0,0
1471,2005119669,1725.0,1723.0,46,46102,40.098,-75.1544,0,0,0,0,0,0,4,12,2002,7,17.0,3.0,0,1.0,3,1,3,  ,3,3.0,0,0,1,0,0,0,0,0,0,0,0,0,0,0,0,0,0
1472,2005119757,1334.0,1313.0,1,1405,,,0,0,0,0,0,0,4,11,2002,7,13.0,1.0,0,1.0,1,2,3,  ,0,0.0,0,0,1,0,0,0,0,0,0,0,0,0,0,0,0,0,0
1473,2005120091,1717.0,1713.0,67,67301,39.9504,-75.1601,0,0,0,0,0,0,2,2,2002,4,17.0,3.0,0,1.0,3,1,3,  ,2,3.0,0,0,0,0,0,0,0,0,0,0,0,0,0,0,0,0,0
1474,2005120471,1728.0,1725.0,14,14410,40.7965,-77.8685,0,0,0,0,0,0,4,11,2002,3,17.0,3.0,0,7.0,3,3,7,  ,3,3.0,0,0,1,0,0,0,0,0,0,0,0,0,0,0,0,1,0
1475,2005120906,946.0,946.0,15,15414,39.9624,-75.5985,0,0,0,0,0,0,4,11,2002,6,9.0,1.0,0,1.0,3,1,3,  ,2,3.0,0,0,1,0,0,0,0,0,0,0,0,0,0,0,0,0,0
1476,2005121094,1959.0,1959.0,67,67301,,,0,0,0,0,0,0,2,11,2002,3,19.0,3.0,0,1.0,3,1,3,  ,3,3.0,0,0,0,0,0,0,0,0,0,0,0,0,0,0,0,0,0
1477,2005121294,2012.0,2010.0,67,67301,39.9503,-75.1917,0,0,1,0,0,0,4,11,2002,2,20.0,3.0,0,1.0,3,1,3,  ,2,3.0,0,0,1,0,0,0,0,0,0,0,0,0,0,0,0,0,0
1478,2005121326,0.0,1819.0,23,23107,39.9007,-75.3341,0,0,0,0,0,0,6,8,2002,4,18.0,1.0,0,9.0,3,0,7,  ,0,0.0,0,0,0,0,0,0,0,0,0,0,0,0,0,0,0,0,0
1479,2005122324,1725.0,1714.0,15,15412,39.9638,-75.8193,0,0,0,0,0,0,4,8,2002,7,17.0,1.0,0,1.0,3,1,3,  ,3,3.0,0,0,1,0,0,1,0,0,0,0,0,0,0,0,0,0,0
1480,2005122326,1213.0,1212.0,25,25411,42.2077,-79.8374,0,1,0,0,0,0,2,11,2002,6,12.0,1.0,0,1.0,1,2,3,  ,0,0.0,0,0,0,0,0,0,0,0,0,0,0,0,0,0,0,0,0
1481,2005122375,1707.0,1656.0,7,7402,,,0,0,0,0,0,0,4,9,2002,7,16.0,1.0,0,1.0,3,1,3,  ,3,3.0,0,0,1,0,0,0,0,0,0,0,0,0,0,0,0,0,0
1482,2005122505,1640.0,1636.0,67,67301,,,0,0,0,0,0,0,8,10,2002,2,14.0,1.0,0,1.0,3,0,3,  ,0,0.0,0,0,0,0,0,0,0,0,0,0,0,0,0,0,0,0,0
1483,2005122645,1938.0,1935.0,67,67301,39.9582,-75.1699,0,0,0,0,0,0,4,1,2002,6,19.0,3.0,0,9.0,3,5,7,  ,2,3.0,0,0,1,0,0,0,0,0,0,0,0,0,0,0,0,0,1
1484,2005122681,2135.0,2134.0,67,67301,39.9985,-75.1293,0,0,0,0,0,0,2,9,2002,1,21.0,3.0,0,1.0,3,1,3,  ,2,3.0,0,1,0,0,0,0,0,0,0,0,0,0,0,0,0,0,0
1485,2005122687,833.0,830.0,67,67301,,,0,0,0,0,0,0,8,10,2002,6,8.0,1.0,0,1.0,3,2,3,  ,3,3.0,1,0,0,0,0,0,0,0,0,0,0,0,0,0,0,0,0
1486,2005122695,2024.0,2012.0,67,67301,,,0,0,0,0,0,0,4,10,2002,6,20.0,3.0,0,1.0,3,1,3,  ,3,3.0,0,0,1,0,0,0,0,0,0,0,0,0,0,0,0,0,0
1487,2005122886,2118.0,2117.0,67,67301,39.963,-75.1662,0,1,0,0,0,0,4,9,2002,6,21.0,3.0,0,1.0,3,0,3,  ,0,0.0,0,0,1,0,0,0,0,0,0,0,0,0,0,0,0,0,0
1488,2005122888,1215.0,1209.0,67,67301,40.0208,-75.1268,0,0,0,0,0,0,4,2,2002,1,12.0,1.0,0,1.0,3,0,3,  ,0,0.0,0,0,1,0,0,0,0,0,0,0,0,0,0,0,0,0,0
1489,2005122908,2154.0,2148.0,67,67301,,,0,0,0,0,0,0,8,10,2002,3,21.0,3.0,0,1.0,3,0,3,  ,2,3.0,0,0,0,0,0,0,0,0,0,0,0,0,0,0,0,0,0
1490,2005122915,2005.0,2000.0,67,67301,40.1235,-75.0154,0,0,0,0,1,0,8,10,2002,6,20.0,3.0,0,9.0,3,1,7,  ,2,3.0,1,0,0,0,0,0,0,0,0,0,0,0,0,0,0,0,0
1491,2005122977,2325.0,2315.0,36,36101,,,0,0,0,0,0,0,4,7,2002,3,19.0,1.0,0,1.0,3,0,3,  ,0,0.0,0,0,1,0,0,0,0,0,0,0,0,0,0,0,0,0,0
1492,2005122995,2058.0,2052.0,67,67301,39.9615,-75.1971,0,0,0,0,0,0,2,10,2002,7,20.0,3.0,0,1.0,3,1,3,  ,3,3.0,0,1,0,0,0,0,1,1,0,1,0,0,0,0,0,0,0
1493,2005123055,2052.0,2049.0,46,46413,40.1239,-75.3416,0,0,0,0,0,0,8,11,2002,7,20.0,3.0,0,1.0,3,1,3,  ,0,0.0,0,0,0,0,0,0,0,0,0,0,0,0,0,0,0,0,0
1494,2005123290,916.0,912.0,67,67301,,,0,0,0,0,0,0,8,11,2002,6,9.0,1.0,0,1.0,3,1,3,  ,3,3.0,0,0,0,0,0,1,0,0,0,0,0,0,0,0,0,1,0
1495,2005123511,1937.0,1936.0,36,36413,40.1108,-76.5081,0,0,0,0,0,0,5,12,2002,3,19.0,3.0,0,1.0,2,2,3,  ,0,0.0,0,0,0,0,0,0,0,0,0,0,0,0,0,0,0,0,0
1496,2005123586,1324.0,1320.0,14,14410,,,0,0,0,0,0,0,5,9,2002,2,13.0,1.0,0,1.0,3,0,3,  ,0,0.0,0,0,0,0,0,1,0,0,0,0,0,0,0,0,0,1,0
1497,2005125052,654.0,654.0,9,9226,40.2026,-75.0925,0,0,0,0,0,0,5,11,2002,4,6.0,1.0,0,9.0,3,0,7,  ,0,0.0,1,0,0,0,0,0,0,0,0,0,0,0,0,0,0,0,0
1498,2005126895,1720.0,1659.0,67,67301,39.9503,-75.1474,0,0,0,0,0,0,6,10,2002,7,23.0,3.0,0,8.0,3,0,3,  ,0,0.0,1,0,0,0,0,0,0,0,0,0,0,0,0,0,0,0,0
1499,2005126936,1630.0,1625.0,67,67301,40.0566,-75.0132,0,0,0,0,0,0,4,10,2002,3,16.0,1.0,0,1.0,3,1,3,  ,3,3.0,1,0,1,0,0,0,0,0,0,0,0,0,0,0,0,0,1
1500,2005127150,2250.0,2246.0,67,67301,,,0,0,0,0,0,0,1,10,2002,2,22.0,3.0,0,1.0,3,1,3,  ,2,3.0,1,1,0,0,0,0,1,0,0,1,1,1,0,1,0,0,0
1501,2005127212,2110.0,2105.0,67,67301,40.0511,-75.0942,0,0,0,0,0,0,4,10,2002,7,20.0,1.0,0,1.0,3,1,3,  ,0,0.0,0,0,1,0,0,0,0,0,0,0,0,0,0,0,0,0,0
1502,2005163113,1252.0,1248.0,67,67301,,,0,0,0,0,0,0,4,12,2002,3,12.0,1.0,0,1.0,3,1,3,  ,3,3.0,0,0,1,0,0,0,0,0,0,0,0,0,0,0,0,0,0
1503,2005163228,1733.0,1727.0,67,67301,39.9495,-75.2093,0,0,0,0,0,0,8,11,2002,6,17.0,3.0,0,9.0,3,1,7,  ,2,3.0,0,0,0,0,0,0,0,0,0,0,0,0,0,0,0,0,0
1504,2005163391,1840.0,1830.0,25,25302,,,0,0,0,0,1,0,4,11,2002,3,17.0,3.0,0,6.0,3,0,10,  ,0,0.0,1,0,1,0,0,0,0,0,0,0,0,0,0,0,0,0,0
1505,2005163603,1809.0,1809.0,46,46102,40.1068,-75.1644,0,0,0,0,0,0,4,11,2002,6,18.0,3.0,0,1.0,3,2,3,  ,3,3.0,0,0,1,0,0,1,0,0,0,0,0,0,0,0,0,0,1
1506,2005163635,1950.0,1948.0,64,64101,40.3433,-79.7441,0,0,0,0,1,0,4,9,2002,7,99.0,4.0,7,1.0,3,2,3,  ,0,0.0,0,0,1,0,0,0,0,0,0,0,0,0,0,1,0,0,0
1507,2005163896,1906.0,1759.0,39,39104,40.5411,-75.5522,0,0,0,0,0,0,5,12,2002,3,17.0,2.0,0,1.0,3,0,3,  ,0,0.0,0,0,0,0,0,0,0,0,0,0,0,0,0,0,0,0,0
1508,2005163938,1956.0,1950.0,18,18403,41.1259,-77.4699,0,0,0,0,1,0,4,11,2002,6,19.0,3.0,0,1.0,1,1,3,  ,0,0.0,1,0,1,0,0,0,0,0,0,0,0,0,0,0,0,0,0
1509,2005163954,1320.0,1310.0,23,23207,39.8986,-75.4717,0,0,0,0,0,0,5,9,2002,1,13.0,1.0,0,1.0,3,0,3,  ,0,0.0,0,0,0,0,0,0,0,0,0,0,0,0,0,0,0,0,1
1510,2005164683,1615.0,1609.0,15,15220,39.8263,-75.6663,0,0,0,0,0,0,2,11,2002,5,16.0,1.0,0,1.0,1,0,3,  ,0,0.0,1,0,0,0,0,0,0,0,0,0,0,0,0,0,0,0,0
1511,2005164834,1546.0,1527.0,36,36221,40.0388,-76.0951,0,0,0,0,0,0,4,11,2002,2,15.0,1.0,0,1.0,1,2,3,  ,3,3.0,1,0,1,0,0,0,0,0,0,0,0,0,0,0,0,0,0
1512,2005164950,1551.0,1548.0,14,14410,40.7924,-77.8585,0,0,0,0,0,0,4,10,2002,2,15.0,1.0,0,1.0,3,1,3,  ,3,3.0,1,0,1,0,0,0,0,0,0,0,0,0,0,0,0,0,0
1513,2005164963,815.0,815.0,67,67301,,,0,1,0,0,0,0,4,11,2002,4,8.0,1.0,0,1.0,3,1,3,  ,2,3.0,1,0,1,0,0,0,0,0,0,0,0,0,0,0,0,0,0
1514,2005165417,2005.0,1959.0,67,67301,40.0544,-75.0717,0,0,0,0,0,0,4,11,2002,7,19.0,3.0,0,9.0,3,1,7,  ,0,0.0,0,0,1,0,0,1,0,0,0,0,0,0,0,0,0,0,0
1515,2005165465,1626.0,1621.0,14,14410,,,0,0,0,0,0,0,4,8,2002,2,16.0,1.0,0,1.0,3,0,3,  ,0,0.0,1,0,1,0,0,0,0,0,0,0,0,0,0,0,0,1,0
1516,2005165566,1745.0,1742.0,67,67301,40.0721,-75.033,0,0,0,0,0,0,4,11,2002,1,17.0,3.0,0,9.0,3,2,7,  ,0,0.0,0,0,1,0,0,1,0,0,0,0,0,0,0,0,0,0,0
1517,2005165826,1335.0,1330.0,2,2301,40.4659,-79.9228,0,0,0,0,0,0,9,11,2002,1,13.0,1.0,0,1.0,3,1,3,  ,0,0.0,0,0,0,0,0,0,0,0,0,0,0,0,0,0,0,0,0
1518,2005165980,1253.0,1235.0,21,21219,40.2038,-77.3088,0,1,0,0,0,0,4,12,2002,6,12.0,1.0,0,1.0,1,0,3,  ,0,0.0,0,0,1,0,0,0,0,0,0,0,0,0,0,0,0,0,0
1519,2005166842,1123.0,1123.0,67,67301,39.9967,-75.1155,0,0,0,0,0,0,6,11,2002,3,11.0,1.0,0,1.0,3,2,3,  ,2,3.0,0,0,0,0,0,0,0,0,0,0,0,0,0,0,0,0,0
1520,2005168145,1919.0,1916.0,58,58401,,,0,0,0,0,1,0,8,12,2002,3,19.0,3.0,0,1.0,1,0,3,  ,0,0.0,0,0,0,0,0,0,0,0,0,0,0,0,0,0,0,0,0
1521,2005169556,2346.0,2345.0,67,67301,39.9887,-75.1622,0,1,0,0,0,0,4,11,2002,6,23.0,3.0,0,9.0,3,1,7,  ,2,3.0,0,0,1,0,0,0,0,0,0,0,0,0,0,0,0,0,0
1522,2005169826,1803.0,1750.0,37,37401,,,0,0,0,0,1,0,4,10,2002,6,17.0,1.0,0,1.0,1,0,3,  ,0,0.0,0,0,1,0,0,0,0,0,0,0,0,0,0,0,0,0,0
1523,2005171277,1655.0,1650.0,67,67301,39.991,-75.1799,0,0,0,0,0,0,6,11,2002,1,16.0,1.0,0,1.0,3,1,3,  ,2,3.0,0,0,0,0,0,0,0,0,0,0,0,0,0,0,0,0,0
1524,2005171618,1028.0,1025.0,67,67301,,,0,0,0,0,0,0,1,11,2002,6,9.0,1.0,0,9.0,3,0,7,  ,0,0.0,1,0,0,0,0,0,0,0,0,0,0,0,0,1,0,0,0
1525,2005172767,1227.0,1225.0,22,22101,40.3255,-76.8642,0,0,0,0,0,0,2,11,2002,2,12.0,1.0,0,9.0,3,2,3,  ,0,0.0,0,0,0,0,0,0,0,0,0,0,0,0,0,0,0,0,0
1526,2005176185,1026.0,1024.0,36,36408,40.1873,-76.1845,0,0,0,0,0,0,4,11,2002,4,10.0,1.0,0,1.0,2,1,3,  ,2,3.0,1,0,1,0,0,0,0,0,0,0,0,0,0,0,0,1,0
1527,2005176343,1339.0,1331.0,36,36207,40.0719,-76.6324,0,0,0,0,0,0,5,11,2002,5,13.0,1.0,0,1.0,1,0,3,  ,0,0.0,0,0,0,0,0,0,0,0,0,0,0,0,0,0,0,0,1
1528,2005177180,2257.0,2253.0,67,67301,40.0643,-75.169,0,0,0,0,0,0,4,11,2002,7,22.0,3.0,0,1.0,3,1,7,  ,3,3.0,1,0,1,0,0,0,0,0,0,0,0,0,1,0,0,0,0
1529,2005177540,1650.0,1645.0,67,67301,39.9308,-75.171,0,0,0,0,0,0,5,11,2002,7,14.0,1.0,0,1.0,3,1,3,  ,0,0.0,1,0,0,0,0,0,0,0,0,0,0,0,0,0,0,0,0
1530,2005177554,1538.0,1535.0,67,67301,39.952,-75.1734,0,0,0,0,0,0,1,11,2002,2,15.0,1.0,0,1.0,3,1,3,  ,2,3.0,1,0,0,0,0,0,0,0,0,0,0,0,0,0,0,0,0
1531,2005177629,1200.0,1150.0,67,67301,,,0,0,0,0,0,0,8,11,2002,5,11.0,1.0,0,2.0,3,1,3,  ,2,9.0,0,0,0,0,0,1,0,0,0,0,0,0,0,0,0,0,0
1532,2005177669,1225.0,1223.0,67,67301,,,0,0,0,0,0,0,4,12,2002,5,12.0,1.0,0,1.0,3,1,3,  ,2,3.0,1,0,1,0,0,0,0,0,0,0,0,1,0,0,0,0,0
1533,2005178105,2128.0,2123.0,43,43231,41.2826,-80.1005,0,0,0,0,0,0,1,8,2002,5,21.0,2.0,0,1.0,1,0,3,  ,0,0.0,0,0,0,0,0,0,0,0,0,0,0,0,0,0,0,0,1
1534,2005178110,2359.0,2352.0,43,43226,41.1417,-80.178,0,0,0,0,0,0,5,8,2002,7,23.0,2.0,0,1.0,1,1,3,  ,1,3.0,0,1,0,0,0,0,1,0,0,1,0,0,0,0,0,0,0
1535,2005178132,1906.0,1821.0,17,17409,40.8226,-78.3518,0,0,0,0,1,0,4,11,2002,7,17.0,3.0,0,1.0,1,1,3,  ,2,3.0,0,0,1,0,0,0,0,0,0,0,0,0,0,0,0,0,0
1536,2005178519,2139.0,2134.0,28,28406,,,0,0,0,0,0,0,4,11,2002,4,21.0,3.0,0,1.0,2,2,3,  ,3,2.0,0,0,1,0,0,0,0,0,0,0,0,0,0,0,0,1,0
1537,2005178802,1255.0,1252.0,67,67301,40.1007,-75.0153,0,0,0,0,1,0,8,12,2002,6,12.0,1.0,0,1.0,3,0,3,  ,0,0.0,0,0,0,0,0,0,0,0,0,0,0,0,0,0,0,0,0
1538,2005179471,1705.0,1700.0,67,67301,,,0,1,0,0,0,1,4,11,2002,7,16.0,1.0,0,1.0,3,0,3,  ,0,0.0,1,0,1,0,0,0,0,0,0,0,0,0,0,0,0,0,0
1539,2005180343,1426.0,1426.0,67,67301,39.9545,-75.1984,0,0,0,0,0,0,4,11,2002,7,14.0,1.0,0,1.0,3,1,3,  ,2,3.0,0,0,1,0,0,0,0,0,0,0,0,0,0,0,0,0,0
1540,2005182995,1722.0,1715.0,67,67301,39.9358,-75.2199,0,0,0,0,0,0,6,12,2002,1,17.0,3.0,0,1.0,3,2,3,  ,0,0.0,0,0,0,0,0,0,0,0,0,0,0,0,0,0,0,0,0
1541,2005183580,1936.0,1930.0,67,67301,,,0,0,0,0,0,0,6,11,2002,7,19.0,3.0,0,9.0,3,2,7,  ,3,3.0,0,0,0,1,0,1,0,0,0,0,0,0,0,0,0,0,0
1542,2005187910,1820.0,1816.0,67,67301,40.0117,-75.163,0,0,0,0,0,0,4,12,2002,3,18.0,3.0,0,1.0,3,0,3,  ,0,0.0,0,1,1,0,0,1,0,0,0,0,0,0,0,0,0,1,0
1543,2005190301,2341.0,2340.0,67,67301,39.9246,-75.1711,0,0,0,0,0,0,5,11,2002,7,23.0,3.0,0,1.0,3,0,3,  ,0,0.0,0,0,0,0,0,0,0,0,0,0,0,0,0,0,0,0,0
1544,2005191156,1949.0,1947.0,67,67301,40.0159,-75.187,0,0,0,0,0,0,4,11,2002,7,19.0,3.0,0,9.0,3,1,7,  ,2,3.0,0,0,1,0,0,0,0,0,0,0,0,0,0,0,0,0,0
1545,2005195419,2040.0,2038.0,2,2301,40.4253,-79.9239,0,0,0,0,0,0,4,10,2002,4,20.0,2.0,0,9.0,3,1,7,  ,0,0.0,0,0,1,0,0,0,0,0,0,0,0,0,0,0,0,0,0
1546,2005195500,1546.0,1544.0,46,46209,,,0,0,0,0,0,0,4,2,2002,4,15.0,1.0,0,1.0,1,0,3,  ,0,0.0,1,1,1,0,0,0,1,0,0,1,0,0,0,1,0,0,0
1547,2005196747,818.0,816.0,46,46207,40.1848,-75.2256,0,0,0,0,0,0,4,9,2002,4,8.0,1.0,0,1.0,3,0,3,  ,0,0.0,0,0,1,0,0,0,0,0,0,0,0,0,0,0,0,0,0
1548,2006056724,1316.0,1315.0,67,67301,,,0,0,0,0,0,0,6,6,2002,6,13.0,1.0,0,9.0,3,1,3,  ,3,3.0,0,0,0,0,0,0,0,0,0,0,0,0,0,0,0,0,0
1549,2006063132,640.0,632.0,36,36301,40.0387,-76.2986,0,0,0,0,0,0,8,6,2002,6,6.0,1.0,0,1.0,3,0,3,  ,0,0.0,0,1,0,0,0,0,0,0,0,0,0,0,0,0,0,0,0
1550,2006064825,1738.0,1737.0,48,48301,,,0,0,0,0,0,0,4,6,2002,1,17.0,1.0,0,1.0,3,0,3,  ,0,0.0,1,0,1,0,0,0,0,0,0,0,0,0,0,1,0,0,0
1551,2006065092,1204.0,1200.0,36,36301,,,0,0,0,0,0,0,4,6,2002,5,12.0,1.0,7,1.0,3,0,3,  ,0,0.0,0,0,1,0,0,0,0,0,0,0,0,0,0,0,0,0,0
1552,2006065098,1638.0,1635.0,40,40304,,,0,0,0,0,0,0,4,6,2002,7,16.0,1.0,0,9.0,3,2,7,  ,3,3.0,0,0,1,0,0,0,0,0,0,0,0,0,0,0,0,1,0