,CRN,ARRIVAL_TM,DISPATCH_TM,COUNTY,MUNICIPALITY,DEC_LAT,DEC_LONG,BICYCLE_DEATH_COUNT,BICYCLE_SUSP_SERIOUS_INJ_COUNT,BUS_COUNT,HEAVY_TRUCK_COUNT,SMALL_TRUCK_COUNT,SUV_COUNT,COLLISION_TYPE,CRASH_MONTH,CRASH_YEAR,DAY_OF_WEEK,HOUR_OF_DAY,ILLUMINATION,LOCATION_TYPE,ROAD_CONDITION,URBAN_RURAL,INTERSECT_TYPE,WEATHER1,WEATHER2,TCD_TYPE,TCD_FUNC_CD,AGGRESSIVE_DRIVING,ALCOHOL_RELATED,ANGLE_CRASH,CELL_PHONE,COMM_VEHICLE,DISTRACTED,DRINKING_DRIVER,DRUGGED_DRIVER,FATIGUE_ASLEEP,IMPAIRED_DRIVER,NHTSA_AGG_DRIVING,RUNNING_RED_LT,RUNNING_STOP_SIGN,SPEEDING_RELATED,TAILGATING,MATURE_DRIVER,YOUNG_DRIVER
1553,2006067342,1245.0,1240.0,36,36301,40.042,-76.2977,0,0,0,0,0,0,4,6,2002,2,12.0,1.0,0,1.0,3,1,3,  ,2,3.0,0,0,1,0,0,0,0,0,0,0,0,0,0,0,0,0,0
1554,2006068922,,,46,46110,,,0,0,0,0,0,0,5,5,2002,7,9.0,1.0,0,1.0,3,0,99,  ,0,0.0,0,0,0,0,0,1,0,0,0,0,0,0,0,0,0,0,0
1555,2006068951,,,67,67301,,,0,1,0,0,1,0,4,12,2002,6,9.0,1.0,0,1.0,3,1,7,  ,3,9.0,0,0,1,0,0,0,0,0,0,0,0,0,0,0,0,0,0
1556,2006069134,,,67,67301,39.9556,-75.2023,0,0,0,0,1,0,4,7,2002,3,13.0,1.0,0,1.0,3,2,3,  ,0,0.0,0,0,1,0,0,0,0,0,0,0,0,0,0,0,0,0,0
1557,2006069322,0.0,0.0,46,46107,,,0,0,0,0,0,0,4,5,2002,2,22.0,6.0,0,1.0,3,0,3,  ,0,0.0,0,0,1,0,0,1,0,0,0,0,0,0,0,0,0,0,0
1558,2006069542,,,62,62302,40.1817,-80.2409,0,0,0,0,0,0,4,11,2002,7,16.0,1.0,0,1.0,3,1,3,  ,0,0.0,0,0,1,0,0,0,0,0,0,0,0,0,0,0,0,0,0
1559,2006071770,,,44,44205,,,0,0,0,0,0,0,4,6,2002,3,11.0,1.0,0,1.0,1,0,3,  ,0,0.0,0,0,1,0,0,0,0,0,0,0,0,0,0,0,0,1,0
1560,2006071774,,,25,25218,,,0,0,0,0,0,0,1,8,2002,1,10.0,1.0,0,1.0,1,0,3,  ,0,0.0,0,0,0,0,0,0,0,0,0,0,0,0,0,0,0,0,0
1561,2006071788,,,36,36214,40.0895,-76.3804,0,0,0,0,0,0,8,9,2002,5,5.0,1.0,2,1.0,3,3,3,  ,0,0.0,0,0,0,0,0,1,0,0,0,0,0,0,0,0,0,0,0
1562,2006071795,,,67,67301,39.9996,-75.1025,0,0,0,0,0,0,4,6,2002,7,16.0,1.0,0,1.0,3,2,3,  ,2,3.0,0,0,1,0,0,0,0,0,0,0,0,0,0,0,0,0,0
1563,2006071973,,,2,2301,,,0,0,0,0,0,0,4,8,2002,5,20.0,1.0,0,1.0,3,0,3,  ,0,0.0,0,0,1,0,0,0,0,0,0,0,0,0,0,0,0,0,0
1564,2006072039,,,64,64305,40.5688,-79.7612,0,0,0,0,0,0,4,8,2002,2,19.0,6.0,0,9.0,3,1,7,  ,3,3.0,0,0,1,0,0,0,0,0,0,0,0,0,0,0,0,0,0
1565,2006072046,,,40,40429,41.334,-75.8058,0,0,0,0,0,0,8,10,2002,2,10.0,1.0,0,1.0,3,3,3,  ,3,3.0,1,0,0,0,0,0,0,0,0,0,0,0,0,0,0,1,0
1566,2006072203,,,67,67301,,,0,0,0,0,0,0,1,9,2002,4,12.0,1.0,0,1.0,3,1,3,  ,0,0.0,0,0,0,0,0,0,0,0,0,0,0,0,0,0,0,0,0
1567,2006085030,9999.0,1330.0,13,13406,40.8314,-75.7109,0,0,0,0,0,0,4,7,2002,6,13.0,1.0,7,1.0,2,0,3,  ,0,0.0,1,0,1,0,0,0,0,0,0,0,0,0,0,0,0,0,0
1568,2006087127,1728.0,1620.0,6,6102,,,0,0,0,0,1,0,8,10,2002,3,16.0,4.0,0,1.0,3,0,3,  ,0,0.0,0,0,0,0,0,0,0,0,0,0,0,0,0,0,0,0,0
1569,2006101030,1608.0,9999.0,35,35214,41.4668,-75.7456,0,0,0,0,1,0,4,5,2002,4,16.0,1.0,0,1.0,1,0,3,  ,0,0.0,0,0,1,0,0,0,0,0,0,0,0,0,0,0,0,0,0
1570,2008079204,1526.0,1521.0,37,37301,40.9969,-80.3548,0,0,0,0,0,0,4,4,2002,1,15.0,1.0,0,1.0,2,0,3,  ,0,0.0,0,0,1,0,0,0,0,0,0,0,0,0,0,0,0,0,0
1571,2008087472,1945.0,1935.0,39,39301,40.6155,-75.4795,0,0,0,0,0,0,4,6,2002,3,19.0,1.0,0,1.0,3,1,3,  ,0,0.0,0,0,1,0,0,0,0,0,0,0,0,0,0,0,0,1,0
1572,2003009285,1040.0,1036.0,67,67301,39.9591,-75.1703,0,0,0,0,0,0,4,1,2003,7,10.0,1.0,0,1.0,3,1,3,  ,2,3.0,0,0,1,0,0,0,0,0,0,0,0,0,0,0,0,0,1
1573,2003011248,1824.0,1820.0,21,21101,,,0,0,0,0,0,0,4,4,2003,7,18.0,1.0,0,1.0,3,0,3,  ,3,3.0,1,0,1,0,0,0,0,0,0,0,0,0,0,0,0,0,0
1574,2003011263,2136.0,2132.0,22,22301,,,0,0,0,0,0,0,8,4,2003,6,21.0,3.0,7,9.0,3,0,7,  ,0,0.0,0,0,0,0,0,0,0,0,0,0,0,0,0,0,0,0,0
1575,2003012514,1645.0,1635.0,53,53236,40.8075,-76.2371,0,0,0,0,0,0,4,4,2003,7,16.0,1.0,0,1.0,1,2,3,  ,0,0.0,0,0,1,0,0,1,0,0,0,0,0,0,0,0,0,1,0
1576,2003013155,1720.0,1720.0,22,22301,40.2615,-76.858,0,0,0,0,0,0,4,4,2003,2,17.0,1.0,0,1.0,3,5,3,  ,2,3.0,0,0,1,0,0,1,0,0,0,0,0,0,0,0,0,0,0
1577,2003013161,2125.0,2118.0,22,22301,40.2816,-76.8864,0,0,0,0,0,0,5,4,2003,3,21.0,3.0,3,1.0,3,0,3,  ,0,0.0,0,0,0,0,0,0,0,0,0,0,0,0,0,0,0,0,0
1578,2003013909,2143.0,2139.0,22,22301,40.2433,-76.8582,0,0,0,0,0,0,4,5,2003,1,21.0,3.0,0,1.0,3,2,3,  ,3,3.0,0,0,1,0,0,0,0,0,0,0,0,0,0,0,0,0,1
1579,2003016221,1903.0,1900.0,46,46106,40.2476,-75.6001,0,0,0,0,0,0,4,3,2003,3,19.0,2.0,0,1.0,2,2,3,  ,3,3.0,0,0,1,0,0,0,0,0,0,0,0,0,0,0,0,0,1
1580,2003019714,740.0,735.0,21,21401,40.2455,-76.9215,0,0,0,0,0,0,4,5,2003,3,7.0,1.0,0,1.0,3,2,3,  ,3,3.0,0,0,1,0,0,0,0,0,0,0,0,0,0,0,0,0,0
1581,2003024634,745.0,740.0,21,21101,40.2943,-76.9377,0,0,0,0,0,0,4,5,2003,3,7.0,1.0,0,1.0,3,1,3,  ,3,3.0,0,0,1,0,0,0,0,0,0,0,0,0,0,0,0,0,0
1582,2003026175,1911.0,9999.0,59,59402,,,0,0,0,0,0,0,4,6,2003,1,19.0,1.0,0,1.0,2,2,3,  ,3,3.0,0,0,1,0,0,0,0,0,0,0,0,0,0,0,0,0,1
1583,2003026987,1759.0,1754.0,35,35302,41.4358,-75.6459,0,0,0,0,0,0,4,4,2003,2,17.0,1.0,0,9.0,3,1,3,  ,0,0.0,0,0,1,0,0,0,0,0,0,0,0,0,0,0,0,0,1
1584,2003027545,823.0,820.0,52,52402,41.7745,-78.0184,0,0,0,0,0,0,1,6,2003,4,8.0,1.0,7,9.0,1,0,3,  ,0,0.0,0,0,0,0,0,0,0,0,0,0,0,0,0,0,0,0,0
1585,2003033525,1355.0,1352.0,36,36202,40.1978,-76.0315,0,1,0,0,0,0,2,6,2003,1,13.0,1.0,0,1.0,1,2,3,  ,8,3.0,1,0,0,0,0,0,0,0,0,0,0,0,1,0,0,0,1
1586,2003034111,1919.0,1908.0,54,54208,40.8268,-76.8441,1,0,0,0,0,0,4,3,2003,6,19.0,8.0,0,9.0,1,1,7,  ,2,3.0,0,0,1,0,0,0,0,0,0,0,0,0,0,0,0,0,0
1587,2003034115,1559.0,1549.0,36,36225,40.1752,-76.5945,0,0,0,0,0,0,1,6,2003,5,14.0,1.0,0,1.0,2,0,3,  ,0,0.0,1,0,0,0,0,0,0,0,0,0,0,0,0,1,0,0,1
1588,2003034861,2031.0,2030.0,22,22301,40.2808,-76.8981,0,0,0,0,0,0,5,6,2003,4,20.0,1.0,0,1.0,3,0,3,  ,0,0.0,0,0,0,0,0,0,0,0,0,0,0,0,0,0,0,0,1
1589,2003036514,1946.0,1928.0,28,28204,39.8776,-77.6998,1,0,0,0,0,0,1,1,2003,5,19.0,2.0,0,7.0,1,0,10,  ,0,0.0,0,1,0,0,0,0,1,0,0,1,0,0,0,0,0,0,0
1590,2003037795,1706.0,1702.0,23,23106,40.0129,-75.3867,0,0,0,0,0,0,4,4,2003,1,17.0,1.0,0,1.0,3,2,3,  ,3,3.0,0,0,1,0,0,0,0,0,0,0,0,0,0,0,0,0,0
1591,2003038375,1230.0,1135.0,46,46102,40.0994,-75.15,0,1,0,0,1,0,4,6,2003,1,11.0,1.0,0,1.0,3,1,3,  ,2,3.0,0,0,1,0,0,0,0,0,0,0,0,0,0,0,0,0,0
1592,2003038520,2045.0,2045.0,43,43302,,,0,0,0,0,1,0,4,5,2003,3,20.0,1.0,0,1.0,3,2,3,  ,3,3.0,0,0,1,0,0,0,0,0,0,0,0,0,0,0,0,0,0
1593,2003039984,1112.0,1109.0,28,28401,,,0,0,0,0,0,0,4,6,2003,2,11.0,1.0,0,1.0,1,1,3,  ,3,3.0,0,0,1,0,0,0,0,0,0,0,0,0,0,0,0,0,0
1594,2003040726,2053.0,2051.0,2,2446,,,0,0,0,0,0,0,4,4,2003,3,20.0,3.0,0,1.0,3,0,3,  ,0,0.0,0,0,1,0,0,0,0,0,0,0,0,0,0,0,0,0,0
1595,2003040941,1532.0,1516.0,40,40215,41.0502,-76.1078,0,0,0,0,0,0,4,4,2003,7,15.0,1.0,0,1.0,1,0,3,  ,0,0.0,1,0,1,0,0,0,0,0,0,0,0,0,0,1,0,0,1
1596,2003041907,1925.0,1920.0,67,67301,40.082,-75.1754,0,1,0,0,0,0,4,4,2003,4,9.0,1.0,0,1.0,3,2,3,  ,0,0.0,0,0,1,0,0,0,0,0,0,0,0,0,0,0,0,0,1
1597,2003042024,1445.0,1434.0,2,2113,40.4623,-79.8582,0,0,0,0,0,0,4,3,2003,7,14.0,1.0,0,9.0,3,2,3,  ,3,3.0,0,0,1,0,0,0,0,0,0,0,0,0,0,0,0,0,0
1598,2003042066,1813.0,1745.0,41,41235,41.2142,-77.2437,0,0,0,0,0,0,1,4,2003,7,17.0,1.0,0,1.0,1,0,3,  ,0,0.0,0,0,0,0,0,0,0,0,0,0,0,0,0,0,0,0,1
1599,2003042104,1752.0,1747.0,49,49101,40.7887,-76.5458,0,0,0,0,0,0,4,5,2003,7,17.0,1.0,0,1.0,1,1,3,  ,3,3.0,0,0,1,0,0,0,0,0,0,0,0,0,0,0,0,0,1
1600,2003043832,1330.0,1326.0,2,2301,40.4439,-79.9388,0,0,1,0,0,0,5,7,2003,7,13.0,1.0,0,1.0,3,2,3,  ,2,3.0,0,0,0,0,1,0,0,0,0,0,0,0,0,0,0,0,0
1601,2003043870,929.0,929.0,21,21103,40.2199,-76.9855,0,1,0,0,0,0,1,6,2003,5,9.0,1.0,0,1.0,3,0,3,  ,0,0.0,0,0,0,0,0,0,0,0,0,0,0,0,0,0,0,0,0
1602,2003043886,1630.0,1621.0,22,22301,40.2654,-76.8575,0,0,0,0,0,0,4,7,2003,4,16.0,1.0,0,1.0,3,1,3,  ,0,0.0,0,0,1,0,0,0,0,0,0,0,0,0,0,0,0,0,0
1603,2003046266,2117.0,2113.0,2,2301,40.4676,-79.9336,0,0,0,0,0,0,4,5,2003,7,21.0,3.0,0,1.0,3,1,3,  ,3,3.0,0,0,1,0,0,0,0,0,0,0,0,0,0,0,0,0,0
1604,2003047242,2004.0,2000.0,21,21101,,,0,0,0,0,0,0,4,7,2003,6,20.0,1.0,0,1.0,3,1,3,  ,0,0.0,0,0,1,0,0,0,0,0,0,0,0,0,0,0,0,0,1
1605,2003047959,2207.0,2145.0,25,25219,,,0,0,0,0,0,0,1,5,2003,3,21.0,2.0,0,1.0,2,0,3,  ,0,0.0,0,0,0,0,0,0,0,0,0,0,0,0,0,0,0,0,0
1606,2003050385,1505.0,1459.0,21,21103,40.2411,-76.9865,0,0,0,0,1,0,5,7,2003,1,14.0,1.0,0,1.0,3,0,3,  ,0,0.0,0,1,0,0,0,0,0,0,0,0,0,0,0,0,0,1,0
1607,2003050394,1621.0,1616.0,21,21103,40.2228,-76.9782,0,0,0,0,0,0,4,7,2003,3,16.0,1.0,0,1.0,3,0,3,  ,0,0.0,0,0,1,0,0,0,0,0,0,0,0,0,0,0,0,0,1
1608,2003050408,1723.0,1722.0,22,22301,,,0,0,0,0,0,0,4,7,2003,5,7.0,1.0,0,1.0,3,1,3,  ,2,3.0,0,0,1,0,0,0,0,0,0,0,0,0,0,0,0,0,0
1609,2003050480,2149.0,2149.0,19,19501,41.0064,-76.4599,1,0,0,0,0,0,5,5,2003,5,99.0,3.0,0,1.0,2,0,3,  ,0,0.0,0,0,0,0,0,0,0,0,0,0,0,0,0,0,0,0,0
1610,2003052374,1430.0,1428.0,67,67301,40.0047,-75.177,0,0,0,0,0,0,4,5,2003,1,14.0,1.0,0,1.0,3,0,3,  ,0,0.0,0,0,1,0,0,0,0,0,0,0,0,0,0,0,0,0,1
1611,2003052389,1649.0,1629.0,26,26215,40.1074,-79.7705,0,0,0,0,0,0,4,5,2003,7,16.0,1.0,0,1.0,1,0,3,  ,0,0.0,0,0,1,0,0,0,0,0,0,0,0,0,0,0,0,0,1
1612,2003052418,1323.0,1319.0,48,48301,,,0,0,0,0,0,0,2,6,2003,4,13.0,1.0,0,1.0,3,0,3,  ,0,0.0,0,0,0,0,0,0,0,0,0,0,0,0,0,0,0,0,0
1613,2003052527,1151.0,1148.0,40,40302,,,0,0,0,0,0,0,4,7,2003,5,11.0,1.0,0,1.0,3,2,3,  ,3,9.0,0,0,1,0,0,0,0,0,0,0,0,0,0,0,0,0,0
1614,2003052544,1535.0,1528.0,1,1204,39.7699,-77.2689,0,1,0,0,0,0,1,7,2003,1,15.0,1.0,0,1.0,1,0,3,  ,0,0.0,0,0,0,0,0,0,0,0,0,0,0,0,0,0,0,0,0
1615,2003052564,1554.0,1548.0,22,22301,40.2675,-76.8438,0,0,0,0,0,0,4,7,2003,4,12.0,1.0,7,9.0,3,2,7,  ,0,0.0,0,0,1,0,0,0,0,0,0,0,0,0,0,0,0,0,0
1616,2003053388,1011.0,1010.0,40,40304,,,0,0,0,0,1,0,9,6,2003,5,10.0,1.0,7,9.0,3,0,7,  ,0,0.0,0,0,0,0,0,0,0,0,0,0,0,0,0,0,0,0,0
1617,2003053543,2031.0,2029.0,25,25302,,,0,0,0,0,0,0,0,6,2003,1,20.0,1.0,0,1.0,3,0,3,  ,0,0.0,1,0,0,0,0,0,0,0,0,0,0,0,0,0,0,0,0
1618,2003053791,2110.0,2108.0,2,2301,,,0,0,0,0,0,0,4,7,2003,4,21.0,3.0,0,1.0,3,1,3,  ,3,3.0,0,0,1,0,0,0,0,0,0,0,0,0,0,0,0,0,0
1619,2003053883,1819.0,1818.0,25,25302,,,0,0,0,0,1,0,4,6,2003,6,18.0,1.0,0,1.0,3,1,3,  ,3,3.0,1,0,1,0,0,0,0,0,0,0,0,0,0,0,0,0,0
1620,2003053948,1406.0,1406.0,39,39301,40.5886,-75.4794,0,0,0,0,0,0,4,5,2003,3,14.0,1.0,0,1.0,3,1,3,  ,2,3.0,0,0,1,0,0,0,0,0,0,0,0,0,0,0,0,0,0
1621,2003054059,922.0,910.0,67,67301,,,0,0,0,0,0,0,4,1,2003,2,9.0,1.0,0,9.0,3,1,10,  ,2,3.0,0,0,1,0,0,0,0,0,0,0,0,0,0,0,0,0,0
1622,2003054398,1523.0,1521.0,46,46104,40.0037,-75.2828,0,0,0,0,0,0,4,6,2003,3,15.0,1.0,0,1.0,3,0,3,  ,0,0.0,0,0,1,0,0,0,0,0,0,0,0,0,0,0,0,0,0
1623,2003054834,1634.0,1626.0,31,31221,40.4669,-77.9982,1,0,0,0,0,0,4,5,2003,6,16.0,1.0,7,1.0,1,0,3,  ,0,0.0,0,0,1,0,0,0,0,0,0,0,0,0,0,0,0,0,0
1624,2003055037,1558.0,1553.0,2,2301,,,0,1,0,0,0,0,4,2,2003,7,15.0,1.0,0,9.0,3,1,7,  ,2,3.0,0,1,1,0,0,0,0,0,0,0,0,0,0,0,0,0,0
1625,2003055273,1720.0,1710.0,67,67301,39.9532,-75.1613,0,0,0,0,0,0,1,1,2003,5,17.0,2.0,0,9.0,3,0,7,  ,0,0.0,1,0,0,0,0,0,0,0,0,0,0,0,0,1,0,0,0
1626,2003055286,1452.0,1445.0,67,67301,,,0,0,0,0,0,0,5,1,2003,1,11.0,1.0,0,1.0,3,0,3,  ,0,0.0,0,0,0,0,0,0,0,0,0,0,0,0,0,0,0,0,0
1627,2003055289,1518.0,1518.0,67,67301,40.0844,-75.0354,0,0,0,0,0,0,4,1,2003,5,15.0,1.0,0,1.0,3,2,3,  ,3,9.0,0,0,1,0,0,0,0,0,0,0,0,0,0,0,0,0,0
1628,2003055470,2334.0,2300.0,17,17202,40.8648,-78.7143,0,0,0,0,0,0,6,6,2003,3,21.0,4.0,0,1.0,1,0,3,  ,0,0.0,0,0,0,0,0,0,0,0,0,0,0,0,0,0,0,0,0
1629,2003056070,1856.0,1851.0,30,30205,,,0,0,0,0,0,0,4,5,2003,1,18.0,1.0,0,1.0,1,1,3,  ,3,3.0,0,0,1,0,0,0,0,0,0,0,0,0,0,0,0,0,0
1630,2003056748,2035.0,2029.0,2,2203,40.4527,-80.2375,0,1,0,0,0,0,4,8,2003,4,20.0,3.0,0,1.0,3,2,3,  ,8,3.0,0,0,1,0,0,0,0,0,0,0,0,0,0,0,0,0,0
1631,2003061514,1744.0,1702.0,5,5407,40.1131,-78.6395,0,0,0,0,0,0,4,6,2003,6,16.0,1.0,7,1.0,1,0,3,  ,3,3.0,0,0,1,0,0,0,0,0,0,0,0,0,0,0,0,0,0
1632,2003061720,1818.0,1815.0,46,46204,,,0,1,0,0,0,0,4,2,2003,2,18.0,2.0,0,1.0,3,2,3,  ,3,3.0,0,0,1,0,0,0,0,0,0,0,0,0,0,0,0,0,0
1633,2003061988,1017.0,1015.0,22,22409,40.2097,-76.7359,0,0,0,0,0,0,4,8,2003,6,10.0,1.0,7,1.0,3,0,3,  ,3,3.0,0,0,1,0,0,0,0,0,0,0,0,0,0,0,0,1,0
1634,2003062324,715.0,700.0,67,67301,39.9925,-75.1439,0,0,0,0,0,0,4,1,2003,4,6.0,5.0,0,1.0,3,1,3,  ,2,3.0,0,0,1,0,0,0,0,0,0,0,0,0,0,0,0,0,0
1635,2003063382,730.0,730.0,67,67301,39.9498,-75.1678,0,0,0,0,0,0,5,1,2003,4,7.0,1.0,0,1.0,3,0,3,  ,0,0.0,0,0,0,0,0,0,0,0,0,0,0,0,0,0,0,0,0
1636,2003065448,1542.0,1538.0,67,67301,,,0,0,0,0,0,0,4,6,2003,1,15.0,1.0,0,1.0,3,1,3,  ,2,9.0,1,0,1,0,0,0,0,0,0,0,0,1,0,0,0,0,1
1637,2003065782,2030.0,2027.0,36,36238,40.1204,-76.2213,0,0,0,0,0,0,2,8,2003,3,18.0,1.0,0,1.0,3,0,3,  ,0,0.0,0,0,0,0,0,0,0,0,0,0,0,0,0,0,0,0,0
1638,2003065841,1615.0,1613.0,21,21401,40.2382,-76.9353,0,0,0,0,0,0,4,8,2003,5,16.0,1.0,7,1.0,3,2,3,  ,9,9.0,1,0,1,0,0,0,0,0,0,0,1,0,0,0,0,0,0
1639,2003066258,751.0,732.0,53,53220,40.6949,-76.2327,0,0,0,0,0,0,4,6,2003,2,7.0,1.0,0,1.0,1,1,3,  ,3,3.0,0,0,1,0,0,0,0,0,0,0,0,0,0,0,0,0,0
1640,2003067743,1802.0,1800.0,14,14410,,,0,0,0,0,0,0,2,1,2003,2,18.0,3.0,0,1.0,3,1,3,  ,3,3.0,0,0,0,0,0,0,0,0,0,0,0,0,0,0,0,0,0
1641,2003067913,2143.0,2139.0,67,67301,39.9575,-75.1625,0,0,0,0,0,0,5,1,2003,6,21.0,2.0,0,1.0,3,0,3,  ,0,0.0,0,0,0,0,0,0,0,0,0,0,0,0,0,0,0,0,0
1642,2003067917,1944.0,1939.0,67,67301,,,0,0,0,0,0,0,4,1,2003,7,19.0,3.0,0,1.0,3,10,3,  ,2,9.0,1,0,1,0,0,0,0,0,0,0,0,0,0,0,0,0,0
1643,2003068566,1511.0,1510.0,58,58406,,,0,0,0,0,0,0,9,9,2003,6,15.0,1.0,0,1.0,1,0,3,  ,0,0.0,0,0,0,0,0,0,0,0,0,0,0,0,0,0,0,0,0
1644,2003070424,1542.0,1540.0,59,59403,40.9176,-77.0477,0,0,0,0,0,0,9,8,2003,3,15.0,1.0,0,9.0,1,1,7,  ,2,3.0,0,0,0,0,0,0,0,0,0,0,0,0,0,0,0,0,0
1645,2003071003,1440.0,1434.0,36,36301,40.0296,-76.3052,0,0,0,0,0,0,2,4,2003,6,14.0,1.0,0,1.0,3,2,3,  ,0,0.0,0,0,0,0,0,0,0,0,0,0,0,0,0,0,0,0,0
1646,2003071404,1515.0,1512.0,35,35302,41.4305,-75.665,0,0,0,0,0,0,4,7,2003,3,15.0,1.0,0,1.0,3,2,3,  ,3,3.0,0,0,1,0,0,0,0,0,0,0,0,0,0,0,0,0,1
1647,2003071987,1913.0,1903.0,39,39301,40.6268,-75.4833,0,0,0,0,0,0,4,6,2003,5,18.0,1.0,7,1.0,3,0,3,  ,0,0.0,0,0,1,0,0,0,0,0,0,0,0,0,0,0,0,0,1
1648,2003073499,914.0,900.0,2,2301,,,0,0,0,1,0,0,5,8,2003,5,8.0,1.0,0,1.0,3,1,3,  ,2,3.0,0,0,0,0,1,0,0,0,0,0,0,0,0,0,0,0,0
1649,2003073549,1633.0,1623.0,9,9404,40.3718,-75.2029,0,0,0,0,0,0,4,6,2003,2,16.0,1.0,0,1.0,1,0,3,  ,0,0.0,0,0,1,0,0,0,0,0,0,0,0,0,0,0,0,0,1
1650,2003073733,2037.0,2034.0,67,67301,39.9578,-75.1472,1,0,0,0,0,0,4,6,2003,6,20.0,4.0,4,1.0,3,1,3,  ,2,3.0,0,0,1,0,0,0,0,0,0,0,0,0,0,0,0,0,0
1651,2003074219,939.0,932.0,36,36213,40.1488,-76.0299,0,1,0,0,0,0,5,9,2003,7,9.0,1.0,0,1.0,1,0,3,  ,0,0.0,0,0,0,0,0,1,0,0,0,0,0,0,0,0,0,1,0
1652,2003074234,1659.0,1653.0,20,20301,,,0,0,0,0,0,0,4,9,2003,3,16.0,1.0,0,1.0,2,1,3,  ,3,3.0,0,0,1,0,0,1,0,0,0,0,0,0,0,0,0,0,1
1653,2003075019,1229.0,1224.0,2,2113,40.4543,-79.8376,0,0,0,0,0,0,4,8,2003,5,12.0,1.0,0,1.0,3,2,3,  ,3,3.0,0,0,1,0,0,0,0,0,0,0,0,0,0,0,0,1,0
1654,2003075141,1950.0,1945.0,67,67301,39.9274,-75.1836,0,0,0,0,0,0,4,6,2003,1,19.0,1.0,0,1.0,3,1,3,  ,3,3.0,0,0,1,0,0,0,0,0,0,0,0,0,0,0,0,0,0
1655,2003075174,1930.0,1926.0,67,67301,,,0,0,0,0,0,0,4,7,2003,7,19.0,1.0,0,1.0,3,1,3,  ,2,9.0,0,0,1,0,0,0,0,0,0,0,0,0,0,0,0,0,1
1656,2003075184,2125.0,2120.0,67,67301,40.0409,-75.1202,0,0,0,0,0,0,2,7,2003,5,21.0,3.0,0,1.0,3,2,3,  ,0,0.0,0,0,0,0,0,0,0,0,0,0,0,0,0,0,0,0,1
1657,2003075219,2140.0,2138.0,67,67301,39.9286,-75.1833,0,0,0,0,1,0,4,7,2003,3,21.0,3.0,0,1.0,3,2,3,  ,3,3.0,0,0,1,0,0,0,0,0,0,0,0,0,0,0,0,0,0
1658,2003075261,1844.0,1944.0,67,67301,,,0,0,1,0,0,0,4,8,2003,1,18.0,1.0,0,1.0,3,0,3,  ,0,0.0,0,0,1,0,1,0,0,0,0,0,0,0,0,0,0,0,0
1659,2003075265,1320.0,1315.0,67,67301,39.9433,-75.2324,0,0,0,1,0,0,4,7,2003,4,13.0,1.0,0,1.0,3,1,3,  ,2,3.0,0,0,1,0,0,0,0,0,0,0,0,0,0,0,0,0,0
1660,2003075456,1133.0,1127.0,40,40424,,,0,0,0,0,0,0,2,1,2003,7,11.0,1.0,0,1.0,1,0,3,  ,0,0.0,1,0,0,0,0,0,0,0,0,0,0,0,0,1,0,0,0
1661,2003075669,1826.0,1817.0,14,14410,40.795,-77.8516,0,0,0,0,0,0,6,1,2003,5,18.0,2.0,0,1.0,3,1,3,  ,3,3.0,1,0,0,0,0,0,0,0,0,0,0,0,0,0,0,0,1
1662,2003077325,1654.0,1652.0,67,67301,39.9417,-75.1573,0,0,0,0,0,0,4,1,2003,7,16.0,1.0,0,1.0,3,1,3,  ,3,3.0,0,0,1,0,0,1,0,0,0,0,0,0,0,0,0,1,0
1663,2003077346,1055.0,1050.0,67,67301,39.9839,-75.1378,0,0,0,0,0,0,4,1,2003,5,18.0,3.0,0,98.0,3,1,98,  ,0,0.0,0,0,1,0,0,0,0,0,0,0,0,0,0,0,0,0,0
1664,2003077514,1755.0,1751.0,67,67301,,,0,0,0,0,0,0,5,1,2003,5,17.0,3.0,0,6.0,3,0,10,  ,0,0.0,0,0,0,0,0,0,0,0,0,0,0,0,0,0,0,0,0
1665,2003077579,1943.0,1933.0,67,67301,39.9454,-75.164,0,0,0,0,0,0,6,1,2003,6,19.0,3.0,0,9.0,3,2,3,  ,0,0.0,0,0,0,0,0,0,0,0,0,0,0,0,0,0,0,0,0
1666,2003077583,1445.0,1445.0,67,67301,,,0,0,0,0,0,0,5,3,2003,3,14.0,1.0,0,1.0,3,0,3,  ,3,3.0,0,0,0,0,0,0,0,0,0,0,0,0,0,0,0,0,0
1667,2003077629,1621.0,1617.0,67,67301,,,0,0,0,0,0,0,4,3,2003,6,16.0,1.0,0,1.0,3,10,3,  ,2,3.0,0,0,1,0,0,0,0,0,0,0,0,0,0,0,0,0,0
1668,2003078163,1540.0,1535.0,67,67301,,,0,0,0,0,0,0,4,1,2003,7,15.0,1.0,0,1.0,3,1,3,  ,3,3.0,1,0,1,0,0,0,0,0,0,0,0,0,1,0,0,0,0
1669,2003078241,2120.0,2114.0,39,39102,40.6244,-75.4821,0,0,0,0,0,0,2,9,2003,2,21.0,3.0,0,9.0,3,1,7,  ,0,0.0,0,0,0,0,0,0,0,0,0,0,0,0,0,0,0,0,0
1670,2003078484,1648.0,1642.0,2,2301,40.454,-79.9519,0,0,0,0,0,0,4,3,2003,7,16.0,1.0,0,1.0,3,1,3,  ,2,3.0,1,0,1,0,0,0,0,0,0,0,0,0,0,0,0,0,0
1671,2003078690,1710.0,1708.0,21,21402,40.2021,-77.1961,0,0,0,0,0,0,4,10,2003,6,17.0,1.0,0,1.0,2,1,3,  ,2,3.0,0,0,1,0,0,1,0,0,0,0,0,0,0,0,0,0,0
1672,2003078711,21.0,21.0,22,22301,,,0,0,0,0,0,0,2,9,2003,3,0.0,3.0,0,9.0,3,1,7,  ,2,3.0,1,0,0,0,0,0,0,0,0,0,0,1,0,0,0,0,0