,CRN,ARRIVAL_TM,DISPATCH_TM,COUNTY,MUNICIPALITY,DEC_LAT,DEC_LONG,BICYCLE_DEATH_COUNT,BICYCLE_SUSP_SERIOUS_INJ_COUNT,BUS_COUNT,HEAVY_TRUCK_COUNT,SMALL_TRUCK_COUNT,SUV_COUNT,COLLISION_TYPE,CRASH_MONTH,CRASH_YEAR,DAY_OF_WEEK,HOUR_OF_DAY,ILLUMINATION,LOCATION_TYPE,ROAD_CONDITION,URBAN_RURAL,INTERSECT_TYPE,WEATHER1,WEATHER2,TCD_TYPE,TCD_FUNC_CD,AGGRESSIVE_DRIVING,ALCOHOL_RELATED,ANGLE_CRASH,CELL_PHONE,COMM_VEHICLE,DISTRACTED,DRINKING_DRIVER,DRUGGED_DRIVER,FATIGUE_ASLEEP,IMPAIRED_DRIVER,NHTSA_AGG_DRIVING,RUNNING_RED_LT,RUNNING_STOP_SIGN,SPEEDING_RELATED,TAILGATING,MATURE_DRIVER,YOUNG_DRIVER
1673,2003079642,1742.0,1739.0,39,39301,,,0,0,0,0,0,0,4,8,2003,6,17.0,1.0,0,1.0,3,1,3,  ,2,3.0,0,0,1,0,0,0,0,0,0,0,0,0,0,0,0,0,0
1674,2003079890,813.0,812.0,48,48301,40.6287,-75.3667,0,0,0,0,0,0,4,3,2003,5,8.0,1.0,0,1.0,3,1,3,  ,3,3.0,0,0,1,0,0,0,0,0,0,0,0,0,0,0,0,0,0
1675,2003079946,1923.0,1901.0,40,40214,40.942,-76.027,0,0,0,0,0,0,1,2,2003,7,18.0,2.0,0,1.0,1,0,3,  ,0,0.0,0,0,0,0,0,0,0,0,0,0,0,0,0,0,0,0,1
1676,2003079954,1839.0,1836.0,40,40206,41.3168,-75.9392,0,1,0,0,0,0,2,8,2003,2,18.0,1.0,0,1.0,1,3,3,  ,0,0.0,0,0,0,0,0,0,0,0,0,0,0,0,0,0,0,0,0
1677,2003080072,1806.0,1803.0,22,22301,40.2615,-76.858,0,0,0,0,0,0,4,10,2003,3,18.0,1.0,0,1.0,3,1,3,  ,2,3.0,0,0,1,0,0,0,0,0,0,0,0,0,0,0,0,0,0
1678,2003080088,1654.0,1650.0,21,21409,,,0,0,0,0,0,0,4,10,2003,2,16.0,1.0,7,1.0,2,0,3,  ,0,0.0,0,0,1,0,0,0,0,0,0,0,0,0,0,0,0,0,0
1679,2003080182,1907.0,1905.0,46,46413,40.1294,-75.3322,0,0,0,0,1,0,4,3,2003,3,19.0,3.0,0,1.0,3,1,3,  ,3,3.0,0,0,1,0,0,0,0,0,0,0,0,0,0,0,0,0,0
1680,2003080198,800.0,751.0,67,67301,40.0406,-75.1698,0,0,0,0,0,0,4,2,2003,2,7.0,1.0,0,1.0,3,5,3,  ,2,3.0,1,0,1,0,0,0,0,0,0,0,0,0,0,0,0,0,0
1681,2003080209,1259.0,1259.0,67,67301,,,0,0,0,0,0,0,4,2,2003,5,12.0,1.0,0,1.0,3,2,3,  ,0,0.0,0,0,1,0,0,0,0,0,0,0,0,0,0,0,0,0,0
1682,2003080230,1833.0,1831.0,21,21211,,,0,0,0,0,1,0,9,10,2003,2,18.0,1.0,0,1.0,1,2,3,  ,3,3.0,1,0,0,0,0,0,0,0,0,0,0,0,0,0,0,0,0
1683,2003081313,1550.0,1550.0,67,67301,,,0,0,0,0,0,0,6,1,2003,7,15.0,1.0,0,1.0,3,1,3,  ,3,3.0,0,0,0,0,0,0,0,0,0,0,0,0,0,0,0,0,0
1684,2003081752,1904.0,1859.0,25,25213,42.0997,-80.1656,0,0,0,0,0,0,4,3,2003,6,18.0,2.0,0,1.0,3,2,3,  ,3,3.0,1,0,1,0,0,0,0,0,0,0,0,0,0,0,0,0,0
1685,2003082016,1915.0,1910.0,67,67301,,,0,0,0,0,0,0,8,2,2003,5,19.0,1.0,0,1.0,3,1,3,  ,3,9.0,0,0,0,0,0,0,0,0,0,0,0,0,0,0,0,0,1
1686,2003082154,2010.0,2000.0,67,67301,39.9833,-75.1258,0,0,0,0,0,0,4,3,2003,1,19.0,3.0,0,1.0,3,10,3,  ,3,9.0,1,0,1,0,0,0,0,0,0,0,0,0,1,0,0,0,0
1687,2003082222,1734.0,1730.0,40,40304,41.2295,-75.8917,0,0,0,0,0,0,4,4,2003,1,17.0,1.0,0,1.0,3,2,3,  ,0,0.0,0,0,1,0,0,0,0,0,0,0,0,0,0,0,0,0,1
1688,2003082406,158.0,157.0,2,2301,40.4286,-79.9776,0,0,0,0,0,0,8,4,2003,1,1.0,3.0,0,1.0,3,1,3,  ,2,2.0,0,0,0,0,0,0,0,0,0,0,0,0,0,0,0,0,0
1689,2003082418,0.0,150.0,67,67301,40.0252,-75.0643,0,0,0,0,0,0,4,3,2003,7,15.0,1.0,0,1.0,3,1,3,  ,9,9.0,0,0,1,0,0,0,0,0,0,0,0,0,0,0,0,0,0
1690,2003082515,1950.0,1950.0,67,67301,,,0,0,0,0,1,0,4,3,2003,2,19.0,3.0,0,1.0,3,0,3,  ,0,0.0,0,0,1,0,0,0,0,0,0,0,0,0,0,0,0,0,0
1691,2003082571,1027.0,1018.0,67,67301,40.0169,-75.1495,0,0,0,0,1,0,4,3,2003,2,11.0,1.0,0,1.0,3,1,3,  ,2,3.0,1,1,1,0,0,0,1,1,0,1,0,0,0,0,0,0,0
1692,2003082611,1818.0,1814.0,67,67301,40.0746,-75.1708,0,0,0,0,0,0,8,3,2003,3,18.0,4.0,7,1.0,3,0,3,  ,0,0.0,0,0,0,0,0,0,0,0,0,0,0,0,0,0,0,0,0
1693,2003082660,917.0,915.0,67,67301,,,0,0,0,0,0,0,4,3,2003,1,11.0,1.0,0,1.0,3,1,3,  ,2,3.0,0,0,1,0,0,0,0,0,0,0,0,0,0,0,0,0,0
1694,2003082675,1715.0,1708.0,67,67301,40.0026,-75.0997,0,0,0,0,0,0,4,3,2003,1,16.0,1.0,99,1.0,3,1,3,  ,2,9.0,0,0,1,0,0,0,0,0,0,0,0,0,0,0,0,1,0
1695,2003082831,2018.0,206.0,23,23103,40.0054,-75.2997,0,0,0,0,0,0,4,3,2003,6,20.0,3.0,0,1.0,3,1,3,  ,2,3.0,0,0,1,0,0,0,0,0,0,0,0,0,0,0,0,1,0
1696,2003083076,1325.0,1322.0,67,67301,39.9598,-75.1638,0,0,0,0,0,0,4,3,2003,2,13.0,1.0,7,1.0,3,0,3,  ,3,9.0,0,0,1,0,0,0,0,0,0,0,0,0,0,0,0,0,0
1697,2003083080,1853.0,1848.0,67,67301,,,0,0,0,0,0,0,4,3,2003,7,18.0,3.0,7,1.0,3,0,3,  ,0,0.0,0,0,1,0,0,0,0,0,0,0,0,0,0,0,0,0,0
1698,2003083102,807.0,806.0,67,67301,,,0,0,0,0,0,0,4,3,2003,3,7.0,1.0,0,1.0,3,1,3,  ,3,3.0,0,0,1,0,0,0,0,0,0,0,0,0,0,0,0,0,0
1699,2003083822,1102.0,1102.0,21,21409,40.056,-77.5113,0,0,0,0,0,0,5,10,2003,7,11.0,1.0,0,1.0,2,0,3,  ,0,0.0,0,0,0,0,0,0,0,0,0,0,0,0,0,0,0,0,0
1700,2003083899,1358.0,1355.0,18,18301,41.1364,-77.4282,0,0,0,0,0,0,4,8,2003,2,13.0,1.0,0,1.0,2,0,3,  ,0,0.0,0,0,1,0,0,0,0,0,0,0,0,0,0,0,0,0,1
1701,2003083956,2054.0,2052.0,25,25302,,,0,0,0,0,0,0,4,4,2003,7,20.0,6.0,0,1.0,3,1,3,  ,2,3.0,1,0,1,0,0,0,0,0,0,0,0,1,0,0,0,0,0
1702,2003083958,1715.0,1708.0,25,25302,,,0,0,0,0,0,0,4,4,2003,5,17.0,1.0,0,1.0,3,1,3,  ,3,3.0,0,0,1,0,0,0,0,0,0,0,0,0,0,0,0,0,0
1703,2003083998,1615.0,1610.0,67,67301,39.9914,-75.1831,0,0,0,0,0,0,5,3,2003,3,16.0,1.0,0,1.0,3,1,3,  ,2,3.0,1,0,0,0,0,0,0,0,0,0,0,0,0,0,0,0,0
1704,2003084024,1621.0,1619.0,35,35302,,,0,0,0,0,0,0,4,3,2003,6,16.0,1.0,0,1.0,3,0,3,  ,0,0.0,0,0,1,0,0,0,0,0,0,0,0,0,0,0,0,0,0
1705,2003084216,1515.0,1513.0,67,67301,39.9246,-75.2331,0,0,0,0,0,0,4,3,2003,1,15.0,1.0,0,1.0,3,1,3,  ,2,9.0,0,0,1,0,0,0,0,0,0,0,0,0,0,0,0,0,0
1706,2003084221,1540.0,1530.0,67,67301,39.9876,-75.1664,0,0,0,0,0,0,4,3,2003,5,15.0,1.0,0,1.0,3,2,3,  ,3,9.0,0,0,1,0,0,0,0,0,0,0,0,0,0,0,0,0,0
1707,2003084481,1408.0,1404.0,7,7301,,,0,0,0,0,0,0,4,4,2003,5,14.0,1.0,0,1.0,3,1,3,  ,3,3.0,0,0,1,0,0,1,0,0,0,0,0,0,0,0,0,0,0
1708,2003085299,1552.0,1552.0,14,14410,,,0,0,0,0,0,0,5,4,2003,4,14.0,1.0,0,1.0,3,0,3,  ,0,0.0,0,0,0,0,0,0,0,1,0,1,0,0,0,0,0,0,0
1709,2003085402,1741.0,1737.0,17,17404,,,0,0,0,0,0,0,2,3,2003,2,17.0,1.0,0,1.0,2,1,3,  ,3,3.0,0,0,0,0,0,0,0,0,0,0,0,0,0,0,0,0,0
1710,2003085555,1105.0,1101.0,2,2466,40.4818,-79.7535,0,0,0,0,0,0,4,3,2003,3,10.0,1.0,0,1.0,3,0,3,  ,0,0.0,0,0,1,0,0,0,0,0,0,0,0,0,0,0,0,1,0
1711,2003085792,1645.0,1640.0,25,25302,42.1317,-80.0331,0,0,0,0,0,0,5,3,2003,2,16.0,1.0,0,9.0,3,0,3,  ,0,0.0,0,0,0,0,0,0,0,0,0,0,0,0,0,0,0,0,0
1712,2003085812,1440.0,1425.0,25,25302,42.1186,-80.0945,0,0,0,0,0,0,4,3,2003,1,14.0,1.0,0,1.0,3,1,3,  ,2,3.0,0,0,1,0,0,0,0,0,0,0,0,0,0,0,0,0,0
1713,2003085992,1636.0,1610.0,2,2301,40.413,-80.0258,0,0,0,0,0,0,4,3,2003,4,16.0,1.0,0,1.0,3,1,3,  ,2,3.0,0,0,1,0,0,0,0,0,0,0,0,0,0,0,0,0,0
1714,2003086457,1651.0,1642.0,46,46413,40.1232,-75.3337,0,0,0,0,0,0,4,4,2003,2,15.0,1.0,0,1.0,3,1,3,  ,2,9.0,0,0,1,0,0,0,0,0,0,0,0,0,0,0,0,0,0
1715,2003086734,1916.0,1913.0,14,14206,40.7493,-77.8963,0,0,0,0,1,0,4,4,2003,5,19.0,1.0,0,1.0,1,2,3,  ,3,3.0,1,0,1,0,0,0,0,0,0,0,0,0,0,0,0,0,0
1716,2003087386,1718.0,1715.0,2,2301,40.444,-79.9502,0,0,0,0,0,0,5,4,2003,4,17.0,1.0,0,1.0,3,2,3,  ,0,0.0,1,0,0,0,0,0,0,0,0,0,0,0,0,0,0,0,0
1717,2003087410,23.0,21.0,25,25213,42.1032,-80.1555,0,0,0,0,0,0,4,4,2003,3,0.0,3.0,0,1.0,3,0,3,  ,0,0.0,1,0,1,0,0,0,0,0,0,0,0,0,0,0,0,0,0
1718,2003087649,1707.0,1706.0,2,2301,,,0,0,0,0,0,0,4,4,2003,2,17.0,1.0,0,1.0,3,1,3,  ,3,3.0,0,0,1,0,0,0,0,0,0,0,0,0,0,0,0,0,0
1719,2003087897,1241.0,1237.0,2,2301,40.469,-79.9591,0,0,0,0,0,0,4,4,2003,5,12.0,1.0,0,9.0,3,1,7,  ,0,0.0,0,0,1,0,0,0,0,0,0,0,0,0,0,0,0,0,0
1720,2003088152,1645.0,1636.0,57,57408,41.8328,-75.8842,0,0,0,0,1,0,1,3,2003,2,16.0,1.0,0,1.0,1,0,3,  ,0,0.0,0,0,0,0,0,0,0,0,0,0,0,0,0,0,0,0,0
1721,2003088507,2102.0,2058.0,2,2301,,,0,0,0,0,0,0,1,4,2003,6,20.0,3.0,0,1.0,3,2,3,  ,2,3.0,0,0,0,0,0,0,0,0,0,0,0,0,0,0,0,0,0
1722,2003088922,1346.0,1336.0,1,1407,39.8338,-77.2211,0,0,0,0,0,0,5,4,2003,1,13.0,1.0,0,1.0,2,0,3,  ,0,0.0,0,0,0,0,0,0,0,0,0,0,0,0,0,0,0,0,0
1723,2003088983,1452.0,1450.0,25,25302,,,0,0,0,0,0,0,4,4,2003,3,14.0,1.0,0,1.0,3,0,3,  ,0,0.0,0,0,1,0,0,0,0,0,0,0,0,0,0,0,0,0,0
1724,2003089252,1405.0,1359.0,7,7301,,,0,0,0,0,0,0,4,4,2003,4,13.0,1.0,0,1.0,3,1,3,  ,0,0.0,0,0,1,0,0,0,0,0,0,0,0,0,0,0,0,0,0
1725,2003089297,2055.0,2055.0,25,25302,,,0,0,0,0,1,0,4,4,2003,6,20.0,3.0,0,1.0,3,1,3,  ,2,3.0,1,0,1,0,0,0,0,0,0,0,0,0,0,1,0,0,0
1726,2003089317,1339.0,1335.0,14,14204,40.7861,-77.8006,0,0,0,0,0,0,4,8,2003,6,11.0,1.0,0,1.0,3,1,3,  ,3,3.0,0,0,1,0,0,1,0,0,0,0,0,0,0,0,0,0,0
1727,2003089380,1527.0,1522.0,7,7301,40.5023,-78.4053,0,0,0,0,1,0,4,7,2003,7,15.0,1.0,0,1.0,3,1,3,  ,0,0.0,0,0,1,0,0,0,0,0,0,0,0,0,0,0,0,0,0
1728,2003089470,914.0,913.0,23,23406,,,0,0,0,0,0,0,8,3,2003,7,9.0,1.0,0,1.0,3,2,3,  ,3,9.0,0,0,0,0,0,0,0,0,0,0,0,0,0,0,0,0,0
1729,2003089642,1917.0,1914.0,46,46113,,,0,0,0,0,0,0,4,4,2003,3,19.0,4.0,7,1.0,3,0,3,  ,3,3.0,1,0,1,0,0,0,0,0,0,0,0,0,0,0,0,0,0
1730,2003089728,1333.0,1331.0,36,36408,40.2002,-76.2056,0,1,0,0,0,0,4,7,2003,2,13.0,1.0,0,1.0,2,0,3,  ,0,0.0,0,0,1,0,0,0,0,0,0,0,0,0,0,0,0,0,0
1731,2003089770,1710.0,1705.0,25,25302,42.1023,-80.1289,0,0,0,0,0,0,4,9,2003,2,16.0,1.0,0,9.0,3,2,7,  ,3,3.0,0,0,1,0,0,0,0,0,0,0,0,0,0,0,0,0,0
1732,2003089812,1925.0,1911.0,67,67301,39.9274,-75.1574,0,0,0,0,1,0,5,8,2003,2,18.0,1.0,0,1.0,3,0,3,  ,0,0.0,0,0,0,0,0,0,0,0,0,0,0,0,0,0,0,0,0
1733,2003089818,1501.0,1454.0,67,67301,,,0,1,0,1,0,0,1,7,2003,4,14.0,1.0,0,1.0,3,2,3,  ,2,3.0,0,0,0,0,1,0,0,0,0,0,0,0,0,0,0,0,0
1734,2003089825,1250.0,1250.0,67,67301,,,0,0,0,1,0,0,4,8,2003,3,12.0,1.0,0,1.0,3,10,3,  ,2,3.0,0,0,1,0,0,0,0,0,0,0,0,0,0,0,0,0,0
1735,2003089917,1212.0,1206.0,36,36240,,,0,0,0,0,0,0,4,8,2003,7,12.0,1.0,0,1.0,1,0,3,  ,0,0.0,0,0,1,0,0,0,0,0,0,0,0,0,0,0,0,0,1
1736,2003090093,129.0,122.0,25,25302,,,0,0,0,0,0,0,4,9,2003,1,1.0,3.0,0,1.0,3,1,3,  ,3,3.0,0,0,1,0,0,0,0,0,0,0,0,0,0,0,0,0,0
1737,2003090127,1330.0,1314.0,67,67301,40.0073,-75.1363,0,0,0,0,0,0,6,7,2003,3,12.0,1.0,0,1.0,3,0,3,  ,0,0.0,0,0,0,0,0,0,0,0,0,0,0,0,0,0,0,0,0
1738,2003090188,1308.0,1301.0,67,67301,40.0442,-75.1298,0,0,0,0,0,0,4,8,2003,4,12.0,1.0,0,1.0,3,2,3,  ,0,0.0,0,0,1,0,0,0,0,0,0,0,0,0,0,0,0,0,0
1739,2003090191,1711.0,1708.0,67,67301,40.0915,-74.9656,0,0,0,0,0,0,4,8,2003,1,17.0,1.0,0,1.0,3,2,3,  ,2,3.0,0,0,1,0,0,0,0,0,0,0,0,0,0,0,0,0,0
1740,2003090237,1909.0,1851.0,67,67301,,,0,0,0,0,0,0,4,9,2003,6,18.0,3.0,0,1.0,3,10,3,  ,0,0.0,0,0,1,0,0,0,0,0,0,0,0,0,0,1,0,0,0
1741,2003090262,2310.0,2310.0,67,67301,39.9438,-75.1509,0,0,0,0,0,0,5,7,2003,6,23.0,3.0,0,1.0,3,0,3,  ,0,0.0,1,0,0,0,0,0,0,0,0,0,0,0,0,0,0,0,0
1742,2003090272,1430.0,1429.0,67,67301,,,0,0,0,0,0,0,4,8,2003,4,14.0,1.0,0,1.0,3,1,3,  ,2,3.0,1,0,1,0,0,0,0,0,0,0,0,0,0,0,0,0,0
1743,2003090279,1743.0,1743.0,67,67301,,,0,0,1,0,0,0,4,8,2003,1,17.0,1.0,0,1.0,3,0,3,  ,0,0.0,0,0,1,0,1,0,0,0,0,0,0,0,0,0,0,0,0
1744,2003090466,1345.0,1336.0,67,67301,40.013,-75.1194,0,0,0,0,0,0,4,5,2003,4,13.0,1.0,0,9.0,3,1,7,  ,2,3.0,0,0,1,0,0,1,0,0,0,0,0,0,0,0,0,0,0
1745,2003090622,1207.0,1205.0,39,39102,,,0,1,0,0,0,0,2,7,2003,3,12.0,1.0,0,1.0,3,0,3,  ,0,0.0,0,0,0,0,0,0,0,0,0,0,0,0,0,0,0,0,0
1746,2003090637,1408.0,1353.0,25,25219,41.921,-80.1246,1,0,0,0,0,0,4,8,2003,2,13.0,1.0,0,1.0,2,1,3,  ,3,3.0,0,0,1,0,0,0,0,0,0,0,0,0,0,0,0,0,0
1747,2003090850,1739.0,1729.0,67,67301,39.9977,-75.1738,0,0,0,0,0,0,2,4,2003,7,17.0,1.0,0,1.0,3,0,3,  ,0,0.0,0,0,0,0,0,0,0,0,0,0,0,0,0,0,0,0,0
1748,2003091048,1028.0,1005.0,21,21219,40.2146,-77.2973,1,0,0,0,1,0,4,7,2003,7,10.0,1.0,0,1.0,1,2,3,  ,3,3.0,0,0,1,0,0,0,0,0,0,0,0,0,0,0,0,0,0
1749,2003091050,1941.0,1939.0,36,36301,40.0433,-76.3002,1,0,0,0,1,0,4,7,2003,6,19.0,1.0,0,1.0,3,1,3,  ,3,3.0,0,0,1,0,0,0,0,0,0,0,0,0,0,0,0,0,0
1750,2003091061,1724.0,1722.0,7,7301,,,1,0,0,0,0,0,4,6,2003,6,17.0,1.0,0,1.0,3,2,3,  ,3,3.0,0,0,1,0,0,0,0,0,0,0,0,0,0,0,0,1,0
1751,2003091092,1100.0,1056.0,25,25302,42.1344,-80.0651,0,0,0,0,0,0,1,5,2003,7,10.0,1.0,0,1.0,3,1,3,  ,2,3.0,0,0,0,0,0,0,0,0,1,0,0,0,0,0,0,1,0
1752,2003091115,1310.0,1304.0,67,67301,39.954,-75.1767,0,0,0,0,0,0,4,3,2003,4,12.0,1.0,0,1.0,3,1,3,  ,2,3.0,0,0,1,0,0,0,0,0,0,0,0,0,0,0,0,0,0
1753,2003091291,1930.0,1930.0,25,25302,,,0,0,0,0,0,0,4,5,2003,5,19.0,1.0,0,1.0,3,0,3,  ,0,0.0,0,0,1,0,0,0,0,0,0,0,0,0,0,0,0,0,0
1754,2003091304,1605.0,1603.0,28,28406,,,0,0,0,0,0,0,4,4,2003,4,16.0,1.0,0,1.0,2,2,3,  ,3,3.0,0,0,1,0,0,0,0,0,0,0,0,0,0,0,0,0,0
1755,2003091325,2243.0,2239.0,2,2301,40.4051,-79.9376,0,1,0,0,0,0,4,6,2003,7,22.0,3.0,0,1.0,3,2,3,  ,0,0.0,0,0,1,0,0,0,0,0,0,0,0,0,0,0,0,0,0
1756,2003091341,1640.0,1636.0,67,67301,,,0,0,0,0,0,0,8,3,2003,6,16.0,2.0,0,1.0,3,1,3,  ,3,3.0,1,0,0,0,0,0,0,0,0,0,0,0,0,0,0,0,0
1757,2003091347,9999.0,1.0,67,67301,39.9514,-75.1686,0,0,0,0,0,1,1,3,2003,2,13.0,1.0,0,1.0,3,1,3,  ,2,3.0,0,0,0,0,0,0,0,0,0,0,0,0,0,0,0,0,0
1758,2003091499,1558.0,1548.0,37,37212,40.9341,-80.2413,1,0,0,0,0,0,2,7,2003,3,15.0,1.0,0,9.0,1,0,3,  ,0,0.0,0,0,0,0,0,0,0,0,0,0,0,0,0,0,0,0,1
1759,2003091579,1300.0,1252.0,25,25302,42.1291,-80.0332,0,0,0,0,1,0,2,5,2003,7,12.0,1.0,0,1.0,3,0,3,  ,0,0.0,0,0,0,0,0,0,0,0,0,0,0,0,0,0,0,0,0
1760,2003091697,2308.0,2305.0,40,40304,,,0,0,0,0,0,0,5,5,2003,4,23.0,3.0,0,9.0,3,0,7,  ,0,0.0,0,0,0,0,0,1,0,0,0,0,0,0,0,0,0,0,0
1761,2003091717,2325.0,2323.0,40,40304,,,0,0,0,0,0,0,8,4,2003,7,23.0,3.0,0,1.0,3,1,3,  ,3,3.0,1,0,0,0,0,0,0,0,0,0,0,0,0,0,0,0,0
1762,2003091930,1719.0,1715.0,67,67301,,,0,0,0,0,1,0,5,4,2003,7,17.0,1.0,0,1.0,3,2,3,  ,3,9.0,0,0,0,0,0,0,0,0,0,0,0,0,0,0,0,0,0
1763,2003091980,1010.0,1001.0,67,67301,,,0,0,0,0,0,0,4,3,2003,4,9.0,1.0,0,1.0,3,1,3,  ,3,3.0,0,0,1,0,0,0,0,0,0,0,0,0,0,0,0,0,0
1764,2003091982,1530.0,1530.0,67,67301,39.9769,-75.1641,0,0,0,0,0,0,5,4,2003,1,99.0,1.0,0,1.0,3,0,3,  ,0,0.0,0,0,0,0,0,0,0,0,0,0,0,0,0,0,0,0,0
1765,2003091989,1835.0,1828.0,67,67301,39.9954,-75.1496,0,0,0,0,0,0,8,4,2003,5,18.0,1.0,0,1.0,3,0,3,  ,0,0.0,0,0,0,0,0,0,0,0,0,0,0,0,0,0,0,0,0
1766,2003092126,1424.0,1424.0,7,7301,,,0,0,0,0,0,0,4,5,2003,1,14.0,1.0,0,1.0,3,0,3,  ,0,0.0,0,0,1,0,0,0,0,0,0,0,0,0,0,0,0,0,1
1767,2003092200,1807.0,1803.0,39,39301,,,0,1,0,0,0,0,2,4,2003,2,18.0,1.0,0,1.0,3,0,3,  ,0,0.0,0,0,0,0,0,0,0,0,0,0,0,0,0,0,0,0,0
1768,2003092317,1510.0,1306.0,67,67301,39.9546,-75.1984,0,0,0,0,0,0,8,4,2003,2,14.0,1.0,0,1.0,3,1,3,  ,2,3.0,1,0,0,0,0,0,0,0,0,0,1,1,0,1,0,1,0
1769,2003092367,1410.0,1402.0,67,67301,39.9257,-75.1803,0,0,0,0,0,0,8,4,2003,2,13.0,1.0,0,1.0,3,1,3,  ,3,9.0,0,0,0,0,0,0,0,0,0,0,0,0,0,0,0,0,0
1770,2003092370,818.0,815.0,67,67301,39.9906,-75.1156,0,0,0,0,1,0,5,4,2003,3,8.0,1.0,0,1.0,3,0,3,  ,0,0.0,0,0,0,0,0,0,0,0,0,0,0,0,0,0,0,0,0
1771,2003092392,1524.0,1519.0,35,35302,41.409,-75.683,0,0,0,0,0,0,4,5,2003,1,99.0,1.0,0,1.0,3,1,3,  ,0,0.0,0,0,1,0,0,0,0,0,0,0,0,0,0,0,0,0,0
1772,2003092403,2200.0,2155.0,2,2301,40.4457,-79.9564,0,0,0,0,0,0,5,5,2003,7,21.0,2.0,0,1.0,3,2,3,  ,2,3.0,0,0,0,0,0,0,0,0,0,0,0,0,0,0,0,0,0
1773,2003092493,1632.0,1630.0,58,58410,41.9188,-77.5417,0,0,0,0,0,0,4,5,2003,6,16.0,1.0,0,1.0,1,0,3,  ,0,0.0,0,0,1,0,0,0,0,0,0,0,0,0,0,0,0,0,0
1774,2003092515,9999.0,9999.0,67,67301,39.9212,-75.1553,0,0,0,0,0,0,1,4,2003,6,99.0,1.0,0,1.0,3,0,3,  ,0,0.0,0,0,0,0,0,0,0,0,0,0,0,0,0,0,0,0,0
1775,2003092520,9999.0,1630.0,67,67301,40.0094,-75.1038,0,0,0,0,0,1,4,4,2003,1,16.0,1.0,0,1.0,3,1,3,  ,0,0.0,1,0,1,0,0,0,0,0,0,0,0,1,0,0,0,0,0
1776,2003092526,1852.0,1848.0,67,67301,39.9523,-75.2421,0,0,0,0,0,0,8,4,2003,3,18.0,1.0,0,1.0,3,2,3,  ,3,3.0,0,0,0,1,0,1,0,0,0,0,0,0,0,0,0,0,0
1777,2003092553,1510.0,1510.0,67,67301,40.0436,-75.0219,0,0,0,0,0,0,4,3,2003,7,15.0,1.0,0,1.0,3,1,3,  ,2,3.0,0,0,1,0,0,0,0,0,0,0,0,0,0,0,0,0,0
1778,2003092560,1925.0,1919.0,67,67301,,,0,0,0,0,0,0,5,4,2003,4,19.0,3.0,0,1.0,3,0,3,  ,0,0.0,0,0,0,0,0,0,0,0,0,0,0,0,0,0,0,0,0
1779,2003092589,1645.0,1636.0,67,67301,39.9239,-75.2412,0,0,0,0,0,0,4,3,2003,6,16.0,1.0,0,9.0,3,2,7,  ,0,0.0,0,0,1,0,0,0,0,0,0,0,0,0,0,0,0,0,0
1780,2003092593,1750.0,1748.0,67,67301,40.0177,-75.1571,0,0,0,0,0,0,6,4,2003,1,17.0,1.0,0,1.0,3,1,3,  ,0,0.0,0,0,0,0,0,0,0,0,0,0,0,0,0,0,0,0,0
1781,2003092600,1810.0,1809.0,67,67301,40.0329,-75.1646,0,0,0,0,0,0,4,4,2003,4,18.0,1.0,0,1.0,3,2,3,  ,3,9.0,0,0,1,0,0,0,0,0,0,0,0,0,0,0,0,0,0
1782,2003092618,1622.0,1620.0,67,67301,,,0,0,1,0,0,0,5,3,2003,2,16.0,1.0,0,1.0,3,0,3,  ,0,0.0,1,0,0,0,1,0,0,0,0,0,0,0,0,0,0,0,0
1783,2003092619,905.0,900.0,67,67301,39.946,-75.1842,0,0,0,0,0,0,1,4,2003,2,8.0,1.0,3,1.0,3,0,3,  ,0,0.0,1,0,0,0,0,0,0,0,0,0,0,0,0,0,0,0,0
1784,2003092657,2015.0,2010.0,67,67301,39.9531,-75.1818,0,0,0,0,0,0,5,3,2003,2,18.0,1.0,0,1.0,3,1,3,  ,9,9.0,0,0,0,0,0,0,0,0,0,0,0,0,0,0,0,0,0
1785,2003092663,1430.0,1425.0,67,67301,39.9353,-75.1767,0,0,0,0,0,0,5,4,2003,4,14.0,1.0,0,1.0,3,0,3,  ,9,9.0,0,0,0,0,0,0,0,0,0,0,0,0,0,0,0,1,0
1786,2003092676,1955.0,1945.0,67,67301,39.9937,-75.1087,0,0,0,0,0,0,6,4,2003,2,19.0,3.0,0,1.0,3,2,3,  ,9,3.0,0,0,0,0,0,0,0,0,0,0,0,0,0,0,0,0,0
1787,2003092758,1936.0,1933.0,2,2301,40.398,-79.9832,0,0,0,0,0,0,8,5,2003,4,19.0,1.0,0,1.0,3,2,3,  ,0,0.0,0,0,0,0,0,0,0,0,0,0,0,0,0,0,0,0,0
1788,2003092825,1635.0,1628.0,67,67301,39.9233,-75.1612,0,0,0,0,0,0,2,4,2003,4,16.0,1.0,0,1.0,3,1,3,  ,2,9.0,1,0,0,0,0,0,0,0,0,0,0,0,0,0,0,0,0
1789,2003092841,2115.0,2106.0,67,67301,40.0152,-75.1472,0,0,0,0,0,0,2,3,2003,6,20.0,3.0,0,9.0,3,10,7,  ,0,0.0,0,0,0,0,0,0,0,0,0,0,0,0,0,0,0,0,0
1790,2003093133,226.0,225.0,67,67301,39.9613,-75.1369,1,0,0,0,0,0,4,9,2003,5,2.0,3.0,0,9.0,3,0,7,  ,0,0.0,0,0,1,0,0,0,0,0,0,0,0,0,0,0,0,0,0
1791,2003093203,1700.0,1655.0,2,2301,,,0,0,0,0,0,0,4,6,2003,4,16.0,1.0,7,1.0,3,0,3,  ,0,0.0,0,0,1,0,0,0,0,0,0,0,0,0,0,0,0,1,0
1792,2003093288,1539.0,1537.0,67,67301,39.9237,-75.1643,0,0,0,0,0,0,6,4,2003,3,15.0,1.0,0,1.0,3,1,3,  ,0,0.0,1,0,0,0,0,0,0,0,0,0,0,0,0,0,0,0,0