,CRN,ARRIVAL_TM,DISPATCH_TM,COUNTY,MUNICIPALITY,DEC_LAT,DEC_LONG,BICYCLE_DEATH_COUNT,BICYCLE_SUSP_SERIOUS_INJ_COUNT,BUS_COUNT,HEAVY_TRUCK_COUNT,SMALL_TRUCK_COUNT,SUV_COUNT,COLLISION_TYPE,CRASH_MONTH,CRASH_YEAR,DAY_OF_WEEK,HOUR_OF_DAY,ILLUMINATION,LOCATION_TYPE,ROAD_CONDITION,URBAN_RURAL,INTERSECT_TYPE,WEATHER1,WEATHER2,TCD_TYPE,TCD_FUNC_CD,AGGRESSIVE_DRIVING,ALCOHOL_RELATED,ANGLE_CRASH,CELL_PHONE,COMM_VEHICLE,DISTRACTED,DRINKING_DRIVER,DRUGGED_DRIVER,FATIGUE_ASLEEP,IMPAIRED_DRIVER,NHTSA_AGG_DRIVING,RUNNING_RED_LT,RUNNING_STOP_SIGN,SPEEDING_RELATED,TAILGATING,MATURE_DRIVER,YOUNG_DRIVER
1793,2003093369,730.0,712.0,62,62202,40.1728,-80.3883,0,0,0,1,0,0,1,4,2003,2,7.0,1.0,0,1.0,1,0,3,  ,0,0.0,0,0,0,0,1,1,0,0,0,0,0,0,0,0,0,0,0
1794,2003093454,1658.0,1657.0,3,3409,,,0,0,0,0,0,0,4,6,2003,7,16.0,1.0,0,1.0,2,1,3,  ,3,3.0,0,0,1,0,0,0,0,0,0,0,0,0,0,0,0,0,0
1795,2003093544,1639.0,1637.0,25,25302,,,0,0,0,0,0,0,4,5,2003,2,16.0,1.0,0,1.0,3,1,3,  ,0,0.0,0,0,1,0,0,0,0,0,0,0,0,0,0,0,0,0,0
1796,2003093620,1109.0,1106.0,9,9220,,,0,0,0,0,1,0,4,5,2003,4,11.0,1.0,0,1.0,1,1,3,  ,2,3.0,1,0,1,0,0,0,0,0,0,0,0,1,0,0,0,0,0
1797,2003093632,1522.0,1520.0,67,67301,39.9898,-75.1255,0,0,0,0,0,0,4,7,2003,6,15.0,1.0,0,1.0,3,1,3,  ,2,3.0,0,0,1,0,0,0,0,0,0,0,0,0,0,0,0,0,0
1798,2003093636,1605.0,1525.0,21,21203,40.1334,-77.5684,1,0,0,0,1,0,4,6,2003,7,15.0,1.0,0,1.0,1,1,3,  ,3,3.0,0,0,1,0,0,0,0,0,0,0,0,0,0,0,0,0,0
1799,2003093716,2046.0,2041.0,39,39301,,,0,0,0,0,0,0,4,4,2003,4,20.0,3.0,0,1.0,3,1,3,  ,2,3.0,0,1,1,0,0,0,1,0,0,1,0,0,0,0,0,0,0
1800,2003094090,2124.0,2123.0,23,23101,39.8647,-75.4175,0,0,0,0,0,0,4,4,2003,5,21.0,3.0,0,1.0,3,2,3,  ,0,0.0,0,0,1,0,0,0,0,0,0,0,0,0,0,0,0,0,0
1801,2003094097,636.0,633.0,36,36238,40.1262,-76.2146,0,0,0,0,0,0,4,10,2003,2,6.0,3.0,0,9.0,3,0,7,  ,0,0.0,0,0,1,0,0,0,0,0,0,0,0,0,0,0,0,0,0
1802,2003094131,1634.0,1628.0,21,21212,,,0,0,0,0,0,0,4,9,2003,4,16.0,1.0,0,1.0,1,0,3,  ,0,0.0,0,0,1,0,0,0,0,0,0,0,0,0,0,0,0,0,0
1803,2003094135,707.0,705.0,21,21401,40.2389,-76.9229,0,0,0,0,0,0,4,10,2003,5,7.0,1.0,0,1.0,3,1,3,  ,0,0.0,0,0,1,0,0,0,0,0,0,0,0,0,0,0,0,0,0
1804,2003094216,1130.0,112.0,67,67301,,,0,0,0,1,0,0,5,7,2003,2,11.0,1.0,0,1.0,3,0,3,  ,0,0.0,0,0,0,0,1,0,0,0,0,0,0,0,0,0,0,0,0
1805,2003094218,1343.0,1337.0,39,39302,40.6235,-75.3835,0,0,0,0,0,0,4,5,2003,6,13.0,1.0,0,1.0,3,0,3,  ,0,0.0,0,0,1,0,0,1,0,0,0,0,0,0,0,0,0,0,0
1806,2003094226,1052.0,1047.0,67,67301,39.9503,-75.1917,0,0,0,0,0,0,4,4,2003,3,10.0,1.0,0,1.0,3,1,3,  ,2,3.0,0,0,1,0,0,0,0,0,0,0,0,0,0,0,0,0,0
1807,2003094250,1738.0,1736.0,46,46413,40.1249,-75.3328,0,0,0,0,0,0,4,5,2003,3,17.0,1.0,0,1.0,3,1,3,  ,3,3.0,0,0,1,0,0,0,0,0,0,0,0,0,0,0,0,0,0
1808,2003094271,2356.0,2354.0,67,67301,,,0,0,0,0,0,0,2,4,2003,1,23.0,3.0,0,1.0,3,1,3,  ,2,3.0,0,0,0,0,0,0,0,0,0,0,0,0,0,0,0,0,0
1809,2003094272,302.0,237.0,67,67301,,,0,0,0,0,0,0,4,4,2003,1,2.0,3.0,0,1.0,3,1,10,  ,2,3.0,0,0,1,0,0,0,0,0,0,0,0,0,0,0,0,0,0
1810,2003094306,2139.0,2137.0,67,67301,,,0,0,0,0,0,0,4,4,2003,1,21.0,3.0,0,1.0,3,1,3,  ,3,9.0,0,0,1,0,0,0,0,0,0,0,0,0,0,0,0,0,0
1811,2003094320,2144.0,2140.0,67,67301,39.9669,-75.1608,0,0,0,0,0,0,4,4,2003,5,21.0,2.0,0,1.0,3,1,3,  ,2,3.0,0,0,1,0,0,0,0,0,0,0,0,0,0,0,0,0,0
1812,2003094471,1845.0,1745.0,67,67301,,,0,0,0,0,0,0,1,4,2003,6,18.0,1.0,0,1.0,3,0,3,  ,2,3.0,0,0,0,0,0,0,0,0,0,0,0,0,0,0,0,0,0
1813,2003094474,1240.0,1249.0,67,67301,40.0542,-75.1605,0,0,0,0,0,0,4,4,2003,7,12.0,1.0,0,1.0,3,2,7,  ,0,0.0,0,0,1,0,0,0,0,0,0,0,0,0,0,0,0,0,0
1814,2003094483,1315.0,1312.0,67,67301,,,0,0,0,0,0,0,5,4,2003,1,13.0,1.0,0,1.0,3,2,3,  ,0,0.0,0,0,0,0,0,0,0,0,0,0,0,0,0,0,0,0,0
1815,2003094568,1458.0,1445.0,67,67301,,,0,0,0,0,0,0,4,4,2003,1,14.0,1.0,0,1.0,3,0,3,  ,0,0.0,0,0,1,0,0,0,0,0,0,0,0,0,0,0,0,0,0
1816,2003094646,2105.0,2103.0,67,67301,40.0286,-75.034,0,0,0,0,0,0,4,4,2003,4,21.0,3.0,0,1.0,3,1,3,  ,2,9.0,0,0,1,0,0,0,0,0,0,0,0,0,0,0,0,0,0
1817,2003094700,1845.0,1842.0,30,30204,39.7615,-79.9854,0,0,0,0,0,0,4,4,2003,5,18.0,1.0,0,1.0,1,2,3,  ,0,0.0,0,0,1,0,0,0,0,0,0,0,0,0,0,0,0,0,0
1818,2003094758,1720.0,1715.0,24,24301,,,0,0,0,0,0,0,1,5,2003,5,17.0,1.0,0,1.0,2,0,3,  ,0,0.0,0,0,0,0,0,0,0,0,0,0,0,0,0,0,0,0,0
1819,2003094833,1705.0,1658.0,25,25302,,,0,1,0,0,1,0,4,5,2003,2,16.0,1.0,0,1.0,3,1,3,  ,3,3.0,0,0,1,0,0,0,0,0,0,0,0,0,0,0,0,0,0
1820,2003094889,809.0,805.0,67,67301,39.9497,-75.1674,0,0,0,0,0,0,5,4,2003,6,9.0,1.0,0,1.0,3,1,3,  ,2,3.0,0,0,0,0,0,0,0,0,0,0,0,0,0,0,0,0,0
1821,2003094896,1640.0,1634.0,67,67301,,,0,0,0,0,0,0,8,4,2003,4,16.0,1.0,0,1.0,3,1,3,  ,2,3.0,0,0,0,0,0,0,0,0,0,0,0,0,0,0,0,0,0
1822,2003094906,1600.0,1600.0,67,67301,,,0,0,0,0,0,0,4,4,2003,2,15.0,1.0,0,1.0,3,0,3,  ,0,0.0,1,0,1,0,0,0,0,0,0,0,0,0,0,1,0,0,0
1823,2003094947,925.0,918.0,67,67301,,,0,0,0,0,0,0,5,10,2003,6,9.0,1.0,0,6.0,3,0,3,05,0,0.0,1,0,0,0,0,0,0,0,0,0,1,0,0,0,0,0,0
1824,2003094966,1426.0,1422.0,67,67301,39.9923,-75.1098,0,0,0,0,1,0,4,10,2003,4,14.0,1.0,0,1.0,3,2,3,  ,0,0.0,0,0,1,0,0,0,0,0,0,0,0,0,0,0,0,0,0
1825,2003094974,1024.0,1023.0,67,67301,39.9909,-75.1016,0,0,0,0,0,0,4,9,2003,7,10.0,1.0,0,1.0,3,1,3,  ,2,9.0,0,0,1,0,0,0,0,0,0,0,0,0,0,0,0,0,0
1826,2003094975,1844.0,1844.0,67,67301,,,0,0,0,0,0,0,4,9,2003,4,99.0,1.0,7,1.0,3,0,3,  ,0,0.0,0,0,1,0,0,0,0,0,0,0,0,0,0,0,0,0,1
1827,2003095387,1210.0,1203.0,67,67301,39.9707,-75.1541,0,0,0,0,0,0,4,4,2003,3,12.0,1.0,0,1.0,3,10,3,  ,2,9.0,0,0,1,0,0,0,0,0,0,0,0,0,0,0,0,0,0
1828,2003095907,1610.0,1608.0,36,36408,40.1989,-76.2038,0,0,0,0,0,0,4,6,2003,3,16.0,1.0,0,9.0,2,0,7,  ,0,0.0,1,0,1,0,0,0,0,0,0,0,0,0,0,0,0,0,0
1829,2003095941,1733.0,1732.0,46,46413,,,0,0,0,0,0,0,4,5,2003,5,17.0,1.0,0,1.0,3,2,3,  ,0,0.0,0,0,1,0,0,0,0,0,0,0,0,0,0,0,0,0,0
1830,2003095981,1854.0,1849.0,40,40304,41.2375,-75.9055,0,0,0,0,0,0,4,4,2003,5,18.0,1.0,0,1.0,3,1,3,  ,3,3.0,0,0,1,0,0,0,0,0,0,0,0,0,0,0,0,1,0
1831,2003096001,1805.0,1803.0,7,7301,40.5197,-78.3896,0,0,0,0,0,0,4,5,2003,7,18.0,1.0,0,1.0,3,1,3,  ,0,0.0,0,0,1,0,0,0,0,0,0,0,0,0,0,0,0,0,0
1832,2003096061,225.0,142.0,26,26220,39.7728,-79.8296,0,0,0,0,0,0,5,5,2003,6,1.0,2.0,0,1.0,1,0,3,  ,0,0.0,0,0,0,0,0,0,0,0,0,0,0,0,0,0,0,0,0
1833,2003096081,1457.0,1445.0,2,2301,,,0,0,0,0,0,0,4,6,2003,6,14.0,1.0,0,1.0,3,0,3,  ,0,0.0,0,0,1,0,0,0,0,0,0,0,0,0,0,0,0,0,1
1834,2003096083,2018.0,2014.0,2,2301,40.4587,-79.908,0,0,0,0,0,0,8,6,2003,1,20.0,3.0,7,9.0,3,0,7,  ,0,0.0,0,0,0,0,0,0,0,0,0,0,0,0,0,0,0,0,0
1835,2003096477,1837.0,1833.0,2,2301,,,0,0,0,0,0,0,4,6,2003,5,18.0,1.0,0,1.0,3,1,3,  ,0,0.0,0,0,1,0,0,0,0,0,0,0,0,0,0,0,0,0,0
1836,2003096500,948.0,942.0,2,2301,40.4549,-79.962,0,0,0,0,1,0,2,4,2003,5,9.0,1.0,0,1.0,3,1,3,  ,3,3.0,1,0,0,0,0,0,0,0,0,0,0,0,0,0,0,0,0
1837,2003096579,1634.0,1631.0,25,25213,42.078,-80.0919,0,0,0,0,1,0,4,5,2003,4,16.0,1.0,0,1.0,3,1,3,  ,2,3.0,0,0,1,0,0,0,0,0,0,0,0,0,0,0,0,0,0
1838,2003096621,1822.0,1810.0,23,23201,39.8471,-75.4824,0,1,0,0,0,0,4,5,2003,2,18.0,1.0,7,9.0,3,0,3,  ,0,0.0,0,0,1,0,0,0,0,0,0,0,0,0,0,0,0,0,0
1839,2003096715,249.0,249.0,67,67301,,,1,0,0,0,0,0,4,4,2003,7,2.0,3.0,0,9.0,3,1,7,  ,2,3.0,1,1,1,0,0,0,1,0,0,1,0,1,0,0,0,0,0
1840,2003096751,1403.0,9999.0,46,46416,40.2486,-75.6648,1,0,0,0,1,0,4,7,2003,5,14.0,1.0,2,1.0,2,0,3,  ,0,0.0,0,0,1,0,0,0,0,0,0,0,0,0,0,0,0,0,0
1841,2003096963,1850.0,1847.0,48,48301,40.6276,-75.3752,0,0,0,0,0,0,5,9,2003,4,18.0,1.0,0,1.0,3,1,3,  ,0,0.0,1,0,0,0,0,0,0,0,0,0,0,0,0,0,0,0,1
1842,2003097001,1312.0,1312.0,46,46413,40.1101,-75.3443,0,0,0,0,0,0,5,9,2003,2,99.0,1.0,3,1.0,3,0,3,  ,0,0.0,0,0,0,0,0,0,0,0,0,0,0,0,0,0,0,0,1
1843,2003097046,1124.0,1056.0,40,40227,,,0,0,0,0,0,0,5,7,2003,5,10.0,1.0,0,1.0,1,0,3,  ,0,0.0,0,0,0,0,0,1,0,0,0,0,0,0,0,0,0,0,1
1844,2003097082,1430.0,1347.0,39,39104,40.5478,-75.554,0,0,0,1,0,0,5,7,2003,6,10.0,1.0,0,1.0,3,0,3,  ,0,0.0,0,0,0,0,1,0,0,0,0,0,0,0,0,0,0,0,0
1845,2003097156,1923.0,1920.0,25,25302,,,1,0,0,0,0,0,4,10,2003,4,19.0,3.0,0,1.0,3,1,3,  ,3,3.0,0,0,1,0,0,0,0,0,0,0,0,0,0,0,0,0,0
1846,2003097196,1543.0,1540.0,47,47401,,,0,0,0,0,0,0,5,11,2003,7,15.0,1.0,0,9.0,2,0,3,  ,0,0.0,0,0,0,0,0,0,0,0,0,0,0,0,0,0,0,0,0
1847,2003097380,1400.0,1323.0,53,53237,40.6971,-75.9199,0,0,0,1,0,0,1,8,2003,7,13.0,1.0,0,1.0,1,1,3,  ,0,0.0,0,0,0,0,1,0,0,0,0,0,0,0,0,0,0,0,0
1848,2003097622,1830.0,1815.0,2,2213,40.53,-80.1887,1,0,0,0,0,0,4,12,2003,4,18.0,2.0,0,1.0,3,0,3,  ,0,0.0,0,1,1,0,0,0,0,0,0,0,0,0,0,0,0,0,1
1849,2003097650,1229.0,1227.0,67,67301,,,1,0,0,0,0,0,2,10,2003,7,0.0,3.0,0,1.0,3,0,3,  ,0,0.0,1,1,0,0,0,0,0,0,0,0,0,0,0,0,0,0,0
1850,2003097884,1604.0,1600.0,17,17406,40.969,-78.5241,0,0,0,0,1,0,4,11,2003,2,16.0,1.0,0,1.0,1,1,3,  ,3,3.0,0,0,1,0,0,0,0,0,0,0,0,0,0,0,0,0,0
1851,2003097892,1933.0,1929.0,36,36225,40.1379,-76.5578,0,0,0,0,0,0,5,12,2003,6,19.0,2.0,0,1.0,2,1,3,  ,3,3.0,0,0,0,0,0,0,0,0,0,0,0,0,0,0,0,0,0
1852,2003200998,9999.0,9999.0,9,9101,40.0865,-74.906,0,1,0,0,0,0,4,4,2003,3,17.0,9.0,0,9.0,3,1,99,  ,3,3.0,0,0,1,0,0,0,0,0,0,0,0,0,0,0,0,0,0
1853,2003201107,9999.0,9999.0,9,9101,40.1677,-74.8451,0,0,0,0,0,0,4,4,2003,4,20.0,3.0,0,1.0,3,2,3,  ,3,3.0,1,0,1,0,0,0,0,0,0,0,0,0,0,1,0,0,1
1854,2003201327,9999.0,9999.0,23,23301,39.8391,-75.3759,0,0,0,0,0,0,4,4,2003,7,20.0,3.0,0,1.0,3,1,3,  ,0,0.0,0,0,1,0,0,0,0,0,0,0,0,0,0,0,0,0,0
1855,2003201519,9999.0,9999.0,23,23111,39.962,-75.2615,0,0,0,0,0,0,4,3,2003,1,20.0,3.0,0,1.0,3,1,3,  ,2,3.0,0,0,1,0,0,0,0,0,0,0,0,0,0,0,0,0,0
1856,2003201742,9999.0,9999.0,46,46416,40.2488,-75.6435,0,0,0,0,0,0,4,5,2003,3,22.0,3.0,0,1.0,2,1,3,  ,3,3.0,0,0,1,0,0,0,0,0,0,0,0,0,0,0,0,0,0
1857,2003201812,9999.0,9999.0,15,15247,,,0,0,0,0,0,0,1,6,2003,2,17.0,1.0,0,1.0,3,0,3,  ,0,0.0,0,0,0,0,0,0,0,0,0,0,0,0,0,0,0,0,1
1858,2003201977,9999.0,9999.0,7,7210,,,0,0,0,0,0,0,4,6,2003,5,11.0,1.0,0,1.0,1,2,3,  ,0,0.0,0,0,1,0,0,0,0,0,0,0,0,0,0,0,0,0,1
1859,2003202043,9999.0,9999.0,62,62405,40.0662,-79.8901,0,0,0,0,0,0,4,6,2003,4,20.0,1.0,0,1.0,3,0,3,  ,0,0.0,0,0,1,0,0,0,0,0,0,0,0,0,0,0,0,0,1
1860,2003202055,9999.0,9999.0,38,38301,,,0,0,0,0,0,0,4,6,2003,2,20.0,1.0,0,1.0,2,1,3,  ,3,3.0,1,0,1,0,0,0,0,0,0,0,0,0,0,0,0,0,1
1861,2003202322,9999.0,9999.0,10,10301,40.8557,-79.8905,0,0,0,0,0,0,4,3,2003,1,16.0,1.0,0,1.0,2,2,3,  ,3,3.0,0,0,1,0,0,0,0,0,0,0,0,0,0,0,0,1,0
1862,2003202696,9999.0,9999.0,23,23110,39.8303,-75.4415,0,0,0,0,1,0,4,3,2003,1,12.0,1.0,0,1.0,3,0,3,  ,0,0.0,0,0,1,0,0,0,0,0,0,0,0,0,0,0,0,0,0
1863,2003203611,9999.0,9999.0,46,46203,40.2999,-75.3703,0,0,0,0,0,1,4,1,2003,5,6.0,5.0,0,1.0,1,2,3,  ,3,3.0,0,0,1,0,0,0,0,0,0,0,0,0,0,0,0,0,0
1864,2003203638,9999.0,9999.0,6,6102,40.4173,-75.9186,0,0,0,0,1,0,5,2,2003,1,18.0,3.0,0,1.0,3,0,3,  ,0,0.0,1,0,0,0,0,0,0,0,0,0,0,0,0,0,0,0,0
1865,2003205077,9999.0,9999.0,9,9213,40.154,-74.8968,0,0,1,0,0,0,4,1,2003,6,14.0,1.0,0,1.0,3,1,3,  ,2,3.0,1,0,1,0,1,0,0,0,0,0,0,0,0,0,0,0,0
1866,2003205084,9999.0,9999.0,46,46203,40.3067,-75.359,0,0,0,0,0,0,4,1,2003,6,16.0,4.0,7,1.0,1,0,3,  ,0,0.0,1,0,1,0,0,0,0,0,0,0,0,0,0,0,0,0,0
1867,2003205719,9999.0,9999.0,66,66301,,,0,0,0,0,0,0,2,3,2003,7,22.0,2.0,0,1.0,3,0,3,  ,0,0.0,0,0,0,0,0,0,0,0,0,0,0,0,0,0,0,0,0
1868,2003205805,9999.0,9999.0,14,14401,,,0,0,0,0,0,0,4,4,2003,3,16.0,1.0,0,1.0,2,0,3,  ,0,0.0,0,0,1,0,0,0,0,0,0,0,0,0,0,0,0,0,0
1869,2003205827,9999.0,9999.0,11,11301,40.3193,-78.9172,0,0,0,0,0,0,4,4,2003,1,15.0,1.0,0,1.0,3,1,3,  ,0,0.0,0,0,1,0,0,0,0,0,0,0,0,0,0,0,0,1,0
1870,2003205831,9999.0,9999.0,11,11301,40.3309,-78.9259,0,0,0,0,0,0,4,4,2003,5,21.0,3.0,0,1.0,3,2,3,  ,2,3.0,0,0,1,0,0,0,0,0,0,0,0,0,0,0,0,0,0
1871,2003205959,9999.0,9999.0,4,4419,40.6638,-80.3788,0,0,0,0,0,0,2,4,2003,3,16.0,1.0,0,1.0,1,0,3,  ,0,0.0,0,0,0,0,0,0,0,0,0,0,0,0,0,0,0,0,1
1872,2003206014,9999.0,9999.0,41,41301,41.2442,-77.0124,0,0,0,0,0,0,4,4,2003,5,14.0,1.0,0,1.0,3,1,3,  ,3,3.0,0,0,1,0,0,0,0,0,0,0,0,0,0,0,0,0,0
1873,2003206132,9999.0,9999.0,38,38301,,,0,0,0,0,0,0,4,4,2003,6,17.0,4.0,0,1.0,2,1,3,  ,0,0.0,0,0,1,0,0,0,0,0,0,0,0,0,0,0,0,0,0
1874,2003206219,9999.0,9999.0,9,9401,40.1017,-74.8641,0,0,0,0,0,0,4,3,2003,2,19.0,3.0,7,1.0,3,0,3,  ,0,0.0,0,0,1,0,0,0,0,0,0,0,0,0,0,0,0,0,0
1875,2003206514,9999.0,9999.0,46,46416,40.2452,-75.6384,0,0,0,0,0,0,5,3,2003,6,8.0,1.0,0,1.0,2,1,3,  ,3,3.0,1,1,0,0,0,0,0,0,0,0,0,0,0,0,0,0,0
1876,2003206515,9999.0,9999.0,46,46416,40.2505,-75.6426,0,0,0,0,0,0,4,3,2003,2,17.0,1.0,0,1.0,2,1,3,  ,3,3.0,0,0,1,0,0,0,0,0,0,0,0,0,0,0,0,0,0
1877,2003206585,9999.0,9999.0,4,4426,40.7046,-80.2812,0,0,0,0,0,0,4,4,2003,6,19.0,3.0,0,9.0,3,1,7,  ,3,3.0,0,0,1,0,0,0,0,0,0,0,0,0,0,0,0,0,0
1878,2003206726,9999.0,9999.0,46,46222,40.2158,-75.4988,0,0,0,0,0,0,4,3,2003,1,9.0,1.0,0,1.0,3,0,3,  ,0,0.0,0,0,1,0,0,0,0,0,0,0,0,0,0,0,0,0,0
1879,2003206782,9999.0,9999.0,46,46110,40.1521,-75.0997,0,0,0,0,0,0,4,3,2003,2,15.0,1.0,7,1.0,3,0,3,  ,0,0.0,0,0,1,0,0,0,0,0,0,0,0,0,0,0,0,0,0
1880,2003206874,9999.0,9999.0,8,8409,,,0,0,0,0,0,0,4,3,2003,6,19.0,3.0,7,1.0,2,0,3,  ,0,0.0,0,0,1,0,0,0,0,0,0,0,0,0,0,0,0,0,1
1881,2003206922,9999.0,9999.0,8,8409,41.9885,-76.5201,0,0,0,0,0,0,4,2,2003,4,13.0,1.0,0,1.0,2,2,3,  ,3,3.0,0,0,1,0,0,0,0,0,0,0,0,0,0,0,0,0,0
1882,2003206947,9999.0,9999.0,6,6237,,,0,0,0,0,0,0,4,4,2003,2,14.0,1.0,7,1.0,3,0,3,  ,0,0.0,0,0,1,0,0,0,0,0,0,0,0,0,0,0,0,0,0
1883,2003206967,9999.0,9999.0,11,11434,40.6652,-78.7842,0,0,0,0,0,0,4,4,2003,2,18.0,1.0,7,1.0,1,2,3,  ,3,3.0,0,0,1,0,0,0,0,0,0,0,0,0,0,0,0,0,0
1884,2003206972,9999.0,9999.0,45,45402,41.0029,-75.1826,0,0,0,0,0,0,2,4,2003,5,19.0,1.0,0,1.0,2,2,3,  ,3,3.0,0,0,0,0,0,0,0,0,0,0,0,0,0,0,0,0,0
1885,2003207025,9999.0,9999.0,53,53421,,,0,0,0,0,0,0,4,4,2003,4,18.0,1.0,0,1.0,1,0,3,  ,0,0.0,0,0,1,0,0,0,0,0,0,0,0,0,0,0,0,0,0
1886,2003207208,9999.0,9999.0,19,19501,41.004,-76.4448,0,0,0,0,0,0,4,3,2003,1,14.0,1.0,0,1.0,2,1,3,  ,3,3.0,0,0,1,0,0,0,0,0,0,0,0,0,0,0,0,0,0
1887,2003207727,9999.0,9999.0,22,22208,40.3222,-76.7894,0,0,0,0,0,0,5,3,2003,3,15.0,1.0,0,1.0,3,1,3,  ,2,3.0,0,0,0,0,0,0,0,0,0,0,0,0,0,0,0,0,0
1888,2003207767,9999.0,9999.0,31,31407,,,0,0,0,0,0,0,4,2,2003,2,19.0,3.0,0,9.0,2,1,3,  ,3,3.0,1,0,1,0,0,0,0,0,0,0,0,0,0,0,0,0,0
1889,2003207878,9999.0,9999.0,43,43301,41.2102,-80.5014,0,0,0,0,0,0,6,3,2003,5,17.0,1.0,0,1.0,3,1,3,  ,3,3.0,1,0,0,0,0,0,0,0,0,0,0,0,0,0,0,1,0
1890,2003208195,9999.0,9999.0,11,11301,,,0,0,0,0,0,0,4,3,2003,5,17.0,1.0,0,1.0,3,2,3,  ,0,0.0,0,0,1,0,0,0,0,0,0,0,0,0,0,0,0,0,0
1891,2003208402,9999.0,9999.0,23,23301,39.8379,-75.4045,0,0,0,0,0,0,4,3,2003,7,12.0,1.0,0,1.0,3,2,3,  ,2,3.0,0,0,1,0,0,0,0,0,0,0,0,0,0,0,0,0,0
1892,2003208403,9999.0,9999.0,23,23301,,,0,0,0,0,0,1,4,3,2003,4,18.0,3.0,0,1.0,3,0,3,  ,0,0.0,0,0,1,0,0,0,0,0,0,0,0,0,0,0,0,0,1
1893,2003208537,9999.0,9999.0,22,22406,40.2104,-76.794,0,0,0,0,0,1,4,3,2003,2,17.0,1.0,0,1.0,3,1,3,  ,2,3.0,1,0,1,0,0,0,0,0,0,0,0,0,0,0,0,0,0
1894,2003208572,9999.0,9999.0,46,46101,40.1271,-75.123,0,0,0,0,0,0,4,3,2003,3,16.0,1.0,0,1.0,3,2,3,  ,0,0.0,0,0,1,0,0,0,0,0,0,0,0,0,0,0,0,0,1
1895,2003208628,9999.0,9999.0,40,40414,41.2669,-75.8916,0,0,0,0,0,0,4,5,2003,7,8.0,1.0,0,1.0,3,0,3,  ,0,0.0,0,0,1,0,0,0,0,0,0,0,0,0,0,0,0,0,0
1896,2003208759,9999.0,9999.0,15,15406,39.8436,-75.7103,0,0,0,0,0,0,4,5,2003,4,16.0,1.0,0,1.0,1,1,3,  ,3,3.0,0,0,1,0,0,0,0,0,0,0,0,0,0,0,0,0,0
1897,2003208766,9999.0,9999.0,2,2401,40.4881,-79.8985,0,0,0,0,0,0,4,5,2003,1,11.0,1.0,0,1.0,3,2,3,  ,0,0.0,1,0,1,0,0,0,0,0,0,0,0,0,0,0,0,1,0
1898,2003208831,9999.0,9999.0,49,49301,,,0,0,0,0,0,0,4,4,2003,4,17.0,1.0,0,1.0,2,2,3,  ,3,3.0,0,0,1,0,0,0,0,0,0,0,0,0,0,0,0,0,1
1899,2003208994,9999.0,9999.0,38,38301,,,0,0,0,0,0,0,5,5,2003,3,18.0,1.0,0,9.0,2,0,7,  ,0,0.0,0,0,0,0,0,0,0,0,0,0,0,0,0,0,0,1,0
1900,2003209032,9999.0,9999.0,46,46101,,,0,0,0,0,0,0,4,5,2003,3,20.0,3.0,7,1.0,3,0,3,  ,0,0.0,1,0,1,0,0,0,0,0,0,0,0,0,0,0,0,0,0
1901,2003209169,9999.0,9999.0,9,9225,40.1668,-75.0299,0,0,0,0,1,0,4,5,2003,5,16.0,1.0,0,1.0,3,2,3,  ,3,3.0,1,0,1,0,0,0,0,0,0,0,0,0,0,0,0,0,0
1902,2003209224,9999.0,9999.0,6,6301,,,0,0,0,0,0,0,4,5,2003,7,13.0,1.0,0,1.0,3,2,3,  ,9,9.0,0,0,1,0,0,0,0,0,0,0,0,0,0,0,0,0,0
1903,2003209247,9999.0,9999.0,23,23208,39.9868,-75.4011,0,1,0,0,0,0,5,3,2003,4,11.0,1.0,0,1.0,3,0,3,  ,0,0.0,0,0,0,0,0,0,0,0,0,0,0,0,0,0,0,0,0
1904,2003209473,9999.0,9999.0,13,13407,,,0,0,0,0,0,0,4,5,2003,6,17.0,1.0,7,1.0,2,0,3,  ,0,0.0,0,0,1,0,0,0,0,0,0,0,0,0,0,0,0,0,0
1905,2003209581,9999.0,9999.0,23,23301,39.8459,-75.3745,0,0,0,0,0,0,4,4,2003,2,16.0,1.0,0,1.0,3,1,3,  ,0,0.0,1,0,1,0,0,0,0,0,0,0,0,0,0,0,0,0,0
1906,2003209646,9999.0,9999.0,4,4215,40.7304,-80.2986,0,0,0,0,0,0,4,4,2003,1,18.0,1.0,0,1.0,3,1,3,  ,3,3.0,0,0,1,0,0,0,0,0,0,0,0,0,0,0,0,0,0
1907,2003209686,9999.0,9999.0,46,46109,40.1499,-75.2301,0,0,0,0,0,0,4,4,2003,1,13.0,1.0,0,1.0,3,1,3,  ,0,0.0,1,0,1,0,0,0,0,0,0,0,0,0,0,0,0,0,1
1908,2003209742,9999.0,9999.0,15,15301,,,0,0,0,0,0,0,4,4,2003,6,17.0,1.0,0,9.0,3,2,3,  ,3,3.0,0,0,1,0,0,0,0,0,0,0,0,0,0,0,0,0,0
1909,2003209764,9999.0,9999.0,64,64305,40.5627,-79.7633,0,0,0,0,0,1,4,4,2003,5,15.0,1.0,0,1.0,3,1,3,  ,3,3.0,0,0,1,0,0,0,0,0,0,0,0,0,0,0,0,0,0
1910,2003209821,9999.0,9999.0,46,46411,,,0,0,0,0,0,0,4,4,2003,2,13.0,1.0,0,1.0,3,0,3,  ,0,0.0,0,0,1,0,0,0,0,0,0,0,0,0,0,0,0,0,0
1911,2003209831,9999.0,9999.0,2,2409,,,0,0,0,0,1,0,4,4,2003,1,20.0,3.0,7,1.0,3,0,3,  ,0,0.0,0,1,1,0,0,0,1,0,0,1,0,0,0,0,0,0,0