,CRN,ARRIVAL_TM,DISPATCH_TM,COUNTY,MUNICIPALITY,DEC_LAT,DEC_LONG,BICYCLE_DEATH_COUNT,BICYCLE_SUSP_SERIOUS_INJ_COUNT,BUS_COUNT,HEAVY_TRUCK_COUNT,SMALL_TRUCK_COUNT,SUV_COUNT,COLLISION_TYPE,CRASH_MONTH,CRASH_YEAR,DAY_OF_WEEK,HOUR_OF_DAY,ILLUMINATION,LOCATION_TYPE,ROAD_CONDITION,URBAN_RURAL,INTERSECT_TYPE,WEATHER1,WEATHER2,TCD_TYPE,TCD_FUNC_CD,AGGRESSIVE_DRIVING,ALCOHOL_RELATED,ANGLE_CRASH,CELL_PHONE,COMM_VEHICLE,DISTRACTED,DRINKING_DRIVER,DRUGGED_DRIVER,FATIGUE_ASLEEP,IMPAIRED_DRIVER,NHTSA_AGG_DRIVING,RUNNING_RED_LT,RUNNING_STOP_SIGN,SPEEDING_RELATED,TAILGATING,MATURE_DRIVER,YOUNG_DRIVER
1912,2003209871,9999.0,9999.0,46,46424,40.0702,-75.3125,0,0,0,0,0,0,4,4,2003,3,20.0,3.0,0,1.0,3,2,3,  ,2,3.0,1,0,1,0,0,0,0,0,0,0,0,0,0,0,0,0,0
1913,2003209893,9999.0,9999.0,66,66216,39.9534,-76.5568,0,0,0,0,0,0,4,4,2003,1,16.0,1.0,0,1.0,1,2,3,  ,3,3.0,0,0,1,0,0,0,0,0,0,0,0,0,0,0,0,1,0
1914,2003209907,9999.0,9999.0,48,48209,,,0,0,0,0,1,0,5,4,2003,3,11.0,1.0,0,9.0,1,0,7,  ,0,0.0,0,0,0,0,0,0,0,0,0,0,0,0,0,0,0,0,0
1915,2003209983,9999.0,9999.0,36,36414,,,0,0,0,0,0,1,4,5,2003,5,8.0,1.0,0,1.0,3,2,3,  ,0,0.0,0,0,1,0,0,0,0,0,0,0,0,0,0,0,0,0,0
1916,2003210109,9999.0,9999.0,46,46225,40.144,-75.2739,0,0,0,0,0,0,5,4,2003,2,16.0,1.0,0,1.0,3,3,3,  ,3,3.0,1,0,0,0,0,0,0,0,0,0,0,0,0,0,0,1,0
1917,2003210145,9999.0,9999.0,48,48101,40.6668,-75.3048,0,1,0,0,0,0,4,5,2003,6,17.0,1.0,0,9.0,3,3,7,  ,3,3.0,1,0,1,0,0,0,0,0,0,0,0,0,0,0,0,1,0
1918,2003210254,9999.0,9999.0,10,10418,,,0,0,0,0,0,0,4,5,2003,4,17.0,1.0,0,1.0,1,1,3,  ,3,3.0,0,0,1,0,0,0,0,0,0,0,0,0,0,0,0,0,0
1919,2003210265,9999.0,9999.0,41,41301,,,0,0,0,0,0,0,4,5,2003,6,19.0,1.0,0,1.0,3,0,3,  ,0,0.0,0,0,1,0,0,0,0,0,0,0,0,0,0,0,0,0,0
1920,2003210300,9999.0,9999.0,66,66220,,,0,0,0,0,0,0,5,5,2003,5,17.0,1.0,0,1.0,1,0,3,  ,0,0.0,0,0,0,0,0,0,0,0,0,0,0,0,0,0,0,0,0
1921,2003210314,9999.0,9999.0,6,6423,40.5002,-75.6999,0,0,0,0,0,0,4,4,2003,7,10.0,1.0,7,1.0,1,0,3,  ,0,0.0,1,0,1,0,0,0,0,0,0,0,0,0,0,0,0,1,0
1922,2003210351,9999.0,9999.0,9,9101,40.1421,-74.8645,0,0,0,0,0,0,4,5,2003,1,16.0,1.0,0,1.0,3,1,3,  ,3,3.0,0,0,1,0,0,0,0,0,0,0,0,0,0,0,0,0,0
1923,2003210454,9999.0,9999.0,46,46416,40.2477,-75.65,0,0,0,0,0,0,4,3,2003,2,99.0,1.0,0,1.0,2,1,3,  ,3,3.0,0,0,1,0,0,0,0,0,0,0,0,0,0,0,0,0,0
1924,2003210736,9999.0,9999.0,6,6301,40.3477,-75.9416,0,0,0,0,0,0,4,5,2003,7,20.0,3.0,0,1.0,3,2,3,  ,3,3.0,0,0,1,0,0,0,0,0,0,0,0,0,0,0,0,0,0
1925,2003210821,9999.0,9999.0,48,48302,40.688,-75.228,0,0,0,0,0,0,4,5,2003,4,18.0,1.0,0,1.0,3,1,3,  ,3,3.0,0,0,1,0,0,0,0,0,0,0,0,0,0,0,0,0,0
1926,2003211099,9999.0,9999.0,23,23111,39.9172,-75.3073,0,0,0,0,1,0,4,6,2003,5,20.0,3.0,0,1.0,3,2,3,  ,3,3.0,1,0,1,0,0,0,0,0,0,0,0,0,0,0,0,0,1
1927,2003211143,9999.0,9999.0,46,46103,40.2834,-75.3311,0,0,0,0,0,0,4,6,2003,6,16.0,1.0,0,1.0,3,99,3,  ,3,3.0,1,0,1,0,0,0,0,0,0,0,0,0,0,0,0,0,0
1928,2003211188,9999.0,9999.0,53,53428,,,0,0,0,0,0,0,5,6,2003,3,15.0,1.0,0,1.0,1,0,3,  ,0,0.0,0,0,0,0,0,0,0,0,0,0,0,0,0,0,0,0,1
1929,2003211307,9999.0,9999.0,9,9229,40.3744,-75.3127,0,1,1,0,0,0,4,3,2003,6,8.0,1.0,0,1.0,1,1,3,  ,3,3.0,0,0,1,0,1,0,0,0,0,0,0,0,0,0,0,1,0
1930,2003211398,9999.0,9999.0,57,57401,41.6514,-75.4674,0,0,0,0,0,1,4,4,2003,7,17.0,1.0,0,1.0,1,1,3,  ,3,3.0,0,0,1,0,0,0,0,0,0,0,0,0,0,0,0,0,0
1931,2003211565,9999.0,9999.0,20,20302,41.6271,-79.6746,0,0,0,0,0,0,4,4,2003,6,12.0,1.0,7,1.0,2,0,3,  ,0,0.0,0,0,1,0,0,0,0,0,0,0,0,0,0,0,0,0,0
1932,2003211790,9999.0,9999.0,66,66301,39.9533,-76.7243,0,0,0,0,0,0,4,4,2003,5,19.0,3.0,0,1.0,3,1,3,  ,3,3.0,0,0,1,0,0,0,0,0,0,0,0,0,0,0,0,0,0
1933,2003211830,9999.0,9999.0,41,41301,41.2455,-77.013,0,0,0,0,0,0,4,5,2003,7,18.0,1.0,0,1.0,3,1,3,  ,3,3.0,1,0,1,0,0,0,0,0,0,0,0,0,0,0,0,0,0
1934,2003211956,9999.0,9999.0,9,9101,40.1523,-74.8582,0,0,0,0,0,0,4,5,2003,3,11.0,1.0,7,1.0,3,0,3,  ,0,0.0,1,0,1,0,0,0,0,0,0,0,0,0,0,0,0,0,0
1935,2003212541,9999.0,9999.0,2,2445,40.4806,-79.9744,0,0,0,0,0,0,4,7,2003,5,17.0,1.0,0,1.0,3,1,3,  ,3,3.0,0,0,1,0,0,0,0,0,0,0,0,0,0,0,0,0,0
1936,2003212619,9999.0,9999.0,46,46411,40.2348,-75.2766,0,0,0,0,0,0,4,6,2003,5,11.0,1.0,0,1.0,3,2,3,  ,3,3.0,0,0,1,0,0,0,0,0,0,0,0,0,0,0,0,1,0
1937,2003212629,822.0,9999.0,6,6232,40.4826,-75.8463,0,0,0,0,0,0,5,7,2003,6,8.0,1.0,0,1.0,1,0,3,  ,0,0.0,0,0,0,0,0,0,0,0,0,0,0,0,0,0,0,1,0
1938,2003212681,9999.0,9999.0,64,64437,,,0,0,0,0,0,1,4,6,2003,5,17.0,1.0,0,1.0,3,2,3,  ,3,3.0,0,0,1,0,0,0,0,0,0,0,0,0,0,0,0,0,0
1939,2003212754,9999.0,9999.0,46,46112,40.2502,-75.6794,0,1,0,0,1,0,4,6,2003,1,18.0,1.0,0,1.0,2,1,3,  ,3,3.0,0,0,1,0,0,0,0,0,0,0,0,0,0,0,0,0,0
1940,2003212833,9999.0,9999.0,9,9415,,,0,0,0,0,1,0,4,6,2003,5,19.0,1.0,0,1.0,2,0,3,  ,0,0.0,0,0,1,0,0,0,0,0,0,0,0,0,0,0,0,0,0
1941,2003212890,9999.0,9999.0,46,46101,40.1173,-75.1203,0,0,0,0,0,0,5,5,2003,7,12.0,1.0,0,1.0,3,1,3,  ,2,3.0,1,0,0,0,0,0,0,0,0,0,0,0,0,0,0,0,0
1942,2003212933,9999.0,9999.0,66,66301,39.9617,-76.7507,0,0,0,0,0,0,4,5,2003,4,13.0,1.0,0,1.0,3,2,3,  ,3,3.0,0,0,1,0,0,0,0,0,0,0,0,0,0,0,0,0,0
1943,2003212964,9999.0,9999.0,36,36223,40.0258,-76.3628,0,0,0,0,0,0,4,7,2003,1,14.0,1.0,7,1.0,1,0,3,  ,0,0.0,0,0,1,0,0,0,0,0,0,0,0,0,0,0,0,0,0
1944,2003212979,9999.0,9999.0,6,6102,,,0,0,0,0,0,0,4,7,2003,3,15.0,1.0,0,1.0,3,2,3,  ,3,3.0,0,0,1,0,0,0,0,0,0,0,0,0,0,0,0,1,0
1945,2003213128,9999.0,9999.0,39,39103,40.5746,-75.5343,0,0,0,0,0,0,4,5,2003,3,12.0,1.0,0,1.0,1,1,3,  ,2,3.0,1,0,1,0,0,0,0,0,0,0,0,0,0,0,0,1,0
1946,2003213241,9999.0,9999.0,66,66301,,,0,0,0,0,0,0,2,4,2003,6,18.0,1.0,0,1.0,3,0,3,  ,0,0.0,0,0,0,0,0,0,0,0,0,0,0,0,0,0,0,0,0
1947,2003213242,9999.0,9999.0,66,66301,39.9528,-76.7484,0,0,0,0,1,0,4,4,2003,7,5.0,3.0,0,9.0,3,1,7,  ,2,3.0,0,0,1,0,0,0,0,0,0,0,0,0,0,0,0,0,0
1948,2003213293,9999.0,9999.0,2,2106,,,0,0,0,0,0,0,4,7,2003,5,14.0,1.0,7,1.0,3,0,3,  ,0,0.0,0,0,1,0,0,0,0,0,0,0,0,0,0,0,0,0,0
1949,2003213312,9999.0,9999.0,46,46416,40.2454,-75.6395,0,0,0,0,0,0,4,6,2003,1,20.0,3.0,0,1.0,2,1,3,  ,3,3.0,0,0,1,0,0,0,0,0,0,0,0,0,0,0,0,0,1
1950,2003213329,9999.0,9999.0,46,46416,40.2471,-75.6455,0,0,0,0,0,0,4,6,2003,6,14.0,1.0,0,1.0,2,1,3,  ,3,3.0,1,0,1,0,0,0,0,0,0,0,1,0,0,0,0,0,0
1951,2003213390,9999.0,9999.0,2,2117,40.3718,-80.0826,0,0,0,0,0,0,4,6,2003,1,9.0,1.0,0,1.0,3,2,3,  ,3,3.0,1,0,1,0,0,0,0,0,0,0,0,0,0,0,0,1,0
1952,2003213458,9999.0,9999.0,64,64305,40.5668,-79.763,0,0,0,0,0,0,4,6,2003,4,19.0,1.0,0,1.0,3,1,3,  ,3,3.0,0,0,1,0,0,0,0,0,0,0,0,0,0,0,0,0,0
1953,2003213523,9999.0,9999.0,2,2304,40.334,-79.8461,0,0,0,0,0,0,4,6,2003,4,17.0,1.0,0,1.0,3,1,3,  ,0,0.0,0,0,1,0,0,0,0,0,0,0,0,0,0,0,0,0,0
1954,2003213611,9999.0,9999.0,15,15410,39.9591,-75.9214,0,0,0,0,1,0,4,6,2003,2,20.0,1.0,0,1.0,1,2,3,  ,3,3.0,0,0,1,0,0,0,0,0,0,0,0,0,0,0,0,0,0
1955,2003213633,9999.0,9999.0,11,11301,40.3128,-78.9075,0,0,0,0,0,0,4,7,2003,2,18.0,1.0,0,1.0,3,1,3,  ,0,0.0,0,0,1,0,0,0,0,0,0,0,0,0,0,0,0,0,0
1956,2003213694,9999.0,9999.0,9,9202,40.095,-74.944,0,0,0,0,0,0,4,6,2003,4,16.0,1.0,7,1.0,3,0,3,  ,0,0.0,0,0,1,0,0,0,0,0,0,0,0,0,0,0,0,0,0
1957,2003213723,9999.0,9999.0,38,38301,,,0,0,0,0,1,0,2,6,2003,5,16.0,1.0,0,1.0,2,0,3,  ,0,0.0,0,0,0,0,0,0,0,0,0,0,0,0,0,0,0,0,0
1958,2003213807,9999.0,9999.0,60,60302,,,0,0,0,0,0,0,4,7,2003,7,14.0,1.0,0,1.0,2,1,3,  ,3,3.0,0,0,1,0,0,0,0,0,0,0,0,0,0,0,0,1,0
1959,2003213852,9999.0,9999.0,2,2303,40.3791,-79.8571,0,0,0,0,0,0,4,6,2003,6,10.0,1.0,0,1.0,3,2,3,  ,3,3.0,0,0,1,0,0,0,0,0,0,0,0,0,0,0,0,0,0
1960,2003213914,9999.0,9999.0,62,62422,40.3694,-80.2337,0,0,0,0,0,0,4,6,2003,7,16.0,1.0,0,1.0,3,1,3,  ,3,3.0,0,0,1,0,0,0,0,0,0,0,0,0,0,0,0,0,0
1961,2003213967,9999.0,9999.0,9,9204,40.2928,-75.0923,0,0,0,0,1,0,5,6,2003,3,6.0,1.0,0,1.0,1,0,3,  ,0,0.0,1,0,0,0,0,0,0,0,0,0,0,0,0,0,1,0,1
1962,2003213984,9999.0,9999.0,9,9202,40.0989,-74.9472,0,0,0,0,0,0,4,6,2003,2,17.0,1.0,7,1.0,3,0,3,  ,0,0.0,1,0,1,0,0,0,0,0,0,0,0,0,0,0,0,0,0
1963,2003214005,9999.0,9999.0,38,38301,,,0,0,0,0,0,1,4,6,2003,1,21.0,3.0,0,1.0,2,1,3,  ,3,3.0,0,0,1,0,0,0,0,0,0,0,0,0,0,0,0,0,1
1964,2003214021,9999.0,9999.0,9,9227,40.2531,-75.136,0,1,0,0,0,0,1,5,2003,5,17.0,1.0,0,1.0,3,0,3,  ,0,0.0,0,0,0,0,0,0,0,0,0,0,0,0,0,0,0,0,0
1965,2003214118,9999.0,9999.0,9,9218,40.2181,-74.9644,0,0,0,0,1,0,4,6,2003,2,14.0,1.0,0,1.0,3,1,3,  ,3,3.0,0,0,1,0,0,0,0,0,0,0,0,0,0,0,0,0,0
1966,2003214242,9999.0,9999.0,26,26301,,,0,0,0,0,0,0,4,5,2003,1,16.0,1.0,0,1.0,2,2,3,  ,3,3.0,0,0,1,0,0,0,0,0,0,0,0,0,0,0,0,0,0
1967,2003214359,9999.0,9999.0,66,66301,39.955,-76.719,0,0,0,0,0,1,4,5,2003,3,16.0,1.0,0,1.0,3,2,3,  ,3,3.0,0,0,1,0,0,0,0,0,0,0,0,0,0,0,0,0,0
1968,2003214376,9999.0,9999.0,2,2304,,,0,0,0,0,0,0,4,6,2003,4,23.0,3.0,7,1.0,3,2,3,  ,0,0.0,0,0,1,0,0,0,0,0,0,0,0,0,0,0,0,0,0
1969,2003214618,9999.0,9999.0,46,46101,40.1016,-75.1526,0,0,0,0,0,0,4,6,2003,1,14.0,1.0,0,1.0,3,1,3,  ,2,3.0,1,0,1,0,0,0,0,0,0,0,0,0,0,0,0,0,0
1970,2003214627,9999.0,9999.0,46,46411,,,0,0,0,0,0,0,4,6,2003,3,14.0,1.0,0,1.0,3,2,3,  ,0,0.0,0,0,1,0,0,0,0,0,0,0,0,0,0,0,0,0,0
1971,2003214629,9999.0,9999.0,46,46411,40.2468,-75.2786,0,0,0,0,0,1,4,6,2003,5,21.0,3.0,0,9.0,3,1,7,  ,2,3.0,0,0,1,0,0,0,0,0,0,0,0,0,0,0,0,0,1
1972,2003214643,9999.0,9999.0,46,46416,,,0,0,0,0,0,0,4,6,2003,5,19.0,4.0,7,9.0,2,0,7,  ,0,0.0,0,0,1,0,0,0,0,0,0,0,0,0,0,0,0,0,0
1973,2003214686,9999.0,9999.0,66,66413,,,0,0,0,0,1,0,4,4,2003,4,16.0,1.0,7,1.0,2,0,3,  ,0,0.0,0,0,1,0,0,0,0,0,0,0,0,0,0,0,0,0,0
1974,2003214718,9999.0,9999.0,38,38301,,,0,0,0,0,0,0,4,6,2003,1,15.0,1.0,0,1.0,2,2,3,  ,3,3.0,0,0,1,0,0,0,0,0,0,0,0,0,0,0,0,0,0
1975,2003214800,9999.0,9999.0,43,43301,41.2119,-80.5015,0,0,0,0,0,0,4,5,2003,6,16.0,1.0,0,1.0,3,1,3,  ,0,0.0,0,0,1,0,0,0,0,0,0,0,0,0,0,0,0,0,0
1976,2003214823,9999.0,9999.0,64,64306,,,0,0,0,0,0,1,4,5,2003,2,15.0,1.0,7,1.0,3,0,3,  ,0,0.0,0,0,1,0,0,0,0,0,0,0,0,0,0,0,0,0,0
1977,2003214847,9999.0,9999.0,66,66413,,,0,0,0,0,0,1,4,4,2003,5,7.0,1.0,0,1.0,2,1,3,  ,0,0.0,1,0,1,0,0,0,0,0,0,0,0,0,0,0,0,0,0
1978,2003214886,9999.0,9999.0,38,38301,,,0,0,0,0,0,0,2,6,2003,4,17.0,1.0,0,1.0,2,1,3,  ,0,0.0,0,0,0,0,0,0,0,0,0,0,0,0,0,0,0,0,0
1979,2003214887,9999.0,9999.0,38,38301,40.3465,-76.4162,0,0,0,0,0,0,4,6,2003,4,15.0,1.0,0,1.0,2,1,3,  ,3,3.0,1,0,1,0,0,0,0,0,0,0,0,0,1,0,0,0,0
1980,2003214957,9999.0,9999.0,11,11301,40.3199,-78.9177,0,0,0,0,0,0,5,6,2003,3,11.0,1.0,0,1.0,3,1,3,  ,3,3.0,0,0,0,0,0,0,0,0,0,0,0,0,0,0,0,1,0
1981,2003214985,9999.0,9999.0,44,44403,,,0,0,0,0,0,0,4,4,2003,1,15.0,1.0,0,1.0,2,0,3,  ,0,0.0,0,0,1,0,0,0,0,0,0,0,0,0,0,0,0,0,0
1982,2003215050,9999.0,9999.0,66,66413,,,0,0,0,0,0,0,4,4,2003,7,14.0,1.0,0,1.0,2,1,3,  ,0,0.0,0,0,1,0,0,1,0,0,0,0,0,0,0,0,0,0,1
1983,2003215175,9999.0,9999.0,53,53411,,,0,0,0,0,0,1,4,6,2003,3,11.0,1.0,0,1.0,2,1,3,  ,3,3.0,0,0,1,0,0,0,0,0,0,0,0,0,0,0,0,0,0
1984,2003215183,9999.0,9999.0,22,22208,,,0,0,0,0,1,0,2,5,2003,7,14.0,1.0,0,1.0,3,0,3,  ,0,0.0,0,0,0,0,0,0,0,0,0,0,0,0,0,0,0,1,0
1985,2003215273,9999.0,9999.0,2,2303,40.3651,-79.8495,0,1,0,0,0,0,4,5,2003,5,17.0,1.0,0,1.0,3,1,3,  ,0,0.0,0,0,1,0,0,1,0,0,0,0,0,0,0,0,0,0,0
1986,2003215440,9999.0,9999.0,46,46416,,,0,0,0,0,0,0,4,5,2003,2,15.0,1.0,0,1.0,2,1,3,  ,3,3.0,0,0,1,0,0,0,0,0,0,0,0,0,0,0,0,0,0
1987,2003215533,9999.0,9999.0,2,2109,,,0,0,0,0,0,0,4,5,2003,2,17.0,1.0,7,1.0,3,0,3,  ,0,0.0,1,0,1,0,0,0,0,0,0,0,0,0,0,0,0,0,0
1988,2003215685,9999.0,9999.0,20,20302,41.623,-79.6733,0,0,0,0,1,0,4,4,2003,3,12.0,1.0,0,1.0,2,2,3,  ,3,3.0,0,0,1,0,0,0,0,0,0,0,0,0,0,0,0,0,0
1989,2003215871,9999.0,9999.0,49,49302,,,0,0,0,0,0,0,4,5,2003,3,16.0,1.0,7,1.0,2,0,3,  ,0,0.0,1,0,1,0,0,0,0,0,0,0,0,0,0,0,0,0,0
1990,2003215877,9999.0,9999.0,66,66216,39.9553,-76.559,0,0,0,0,0,0,4,5,2003,5,16.0,1.0,0,1.0,1,0,3,  ,0,0.0,0,0,1,0,0,0,0,0,0,0,0,0,0,0,0,0,0
1991,2003215906,9999.0,9999.0,66,66212,40.0234,-76.635,0,1,0,0,0,0,4,5,2003,5,18.0,1.0,0,9.0,1,3,99,  ,9,9.0,0,0,1,0,0,0,0,0,0,0,0,0,0,0,0,0,0
1992,2003216008,9999.0,9999.0,11,11301,,,0,0,0,0,0,0,4,5,2003,5,18.0,1.0,7,1.0,3,0,3,  ,0,0.0,0,0,1,0,0,0,0,0,0,0,0,0,0,0,0,0,0
1993,2003216129,9999.0,9999.0,24,24401,,,0,0,0,0,0,1,4,5,2003,5,17.0,1.0,0,1.0,1,0,3,  ,0,0.0,0,0,1,0,0,0,0,0,0,0,0,0,0,0,0,0,0
1994,2003216148,9999.0,9999.0,23,23412,39.9383,-75.287,0,0,0,0,0,0,4,5,2003,6,15.0,1.0,0,9.0,3,2,7,  ,3,3.0,1,0,1,0,0,0,0,0,0,0,0,0,0,0,0,0,1
1995,2003216648,9999.0,9999.0,6,6301,40.3623,-75.9272,0,0,0,0,0,0,4,4,2003,5,22.0,3.0,0,1.0,3,1,3,  ,2,3.0,1,0,1,0,0,0,0,0,0,0,0,0,0,0,0,0,0
1996,2003216771,9999.0,9999.0,23,23111,39.9624,-75.2691,0,0,0,0,0,0,2,3,2003,2,17.0,1.0,0,1.0,3,1,3,  ,3,3.0,0,0,0,0,0,0,0,0,0,0,0,0,0,0,0,0,0
1997,2003216779,9999.0,9999.0,23,23111,39.9617,-75.2589,0,0,1,0,0,0,4,3,2003,3,12.0,1.0,0,1.0,3,2,3,  ,2,3.0,0,0,1,0,1,0,0,0,0,0,0,0,0,0,0,0,0
1998,2003216815,9999.0,9999.0,6,6301,40.364,-75.9271,0,0,0,0,0,0,4,3,2003,2,16.0,1.0,0,1.0,3,1,3,  ,2,3.0,1,0,1,0,0,0,0,0,0,0,0,0,0,0,0,0,0
1999,2003216913,9999.0,9999.0,6,6301,40.3336,-75.9221,0,0,0,0,0,0,4,3,2003,4,17.0,1.0,0,1.0,3,1,3,  ,2,3.0,0,0,1,0,0,0,0,0,0,0,0,0,0,0,0,0,0
2000,2003216928,9999.0,9999.0,6,6301,40.349,-75.9275,0,1,0,0,0,0,4,3,2003,4,18.0,3.0,0,1.0,3,1,3,  ,2,3.0,0,0,1,0,0,0,0,0,0,0,0,0,0,0,0,0,0
2001,2003216995,9999.0,9999.0,9,9401,40.1081,-74.8573,0,0,0,0,0,0,4,7,2003,5,15.0,1.0,0,1.0,3,2,3,  ,0,0.0,0,0,1,0,0,0,0,0,0,0,0,0,0,0,0,0,1
2002,2003217011,9999.0,9999.0,9,9202,40.076,-74.9547,0,0,0,0,0,0,4,7,2003,6,14.0,1.0,0,1.0,3,2,3,  ,3,3.0,0,0,1,0,0,0,0,0,0,0,0,0,0,0,0,0,0
2003,2003217064,9999.0,9999.0,66,66430,39.9512,-76.7646,0,0,0,0,0,0,4,7,2003,2,17.0,1.0,0,1.0,3,1,3,  ,0,0.0,0,0,1,0,0,0,0,0,0,0,0,0,0,0,0,0,0
2004,2003217078,9999.0,9999.0,35,35414,,,0,0,0,0,0,0,4,6,2003,4,19.0,1.0,0,1.0,3,1,3,  ,0,0.0,0,0,1,0,0,0,0,0,0,0,0,0,0,0,0,0,0
2005,2003217113,9999.0,9999.0,6,6417,40.329,-75.8747,0,0,0,0,0,0,4,5,2003,5,9.0,1.0,7,1.0,3,0,3,  ,0,0.0,1,0,1,0,0,0,0,0,0,0,0,0,0,0,0,0,0
2006,2003217208,9999.0,9999.0,46,46203,40.2884,-75.3785,0,0,0,0,0,0,4,6,2003,2,9.0,1.0,0,1.0,1,1,3,  ,3,3.0,0,0,1,0,0,0,0,0,0,0,0,0,0,0,0,1,0
2007,2003217252,9999.0,9999.0,21,21206,40.2321,-77.1426,0,0,0,0,0,0,4,6,2003,6,14.0,1.0,7,1.0,1,0,3,  ,0,0.0,1,0,1,0,0,0,0,0,0,0,0,0,0,0,0,0,0
2008,2003217255,9999.0,9999.0,35,35412,,,0,0,0,0,0,0,2,6,2003,7,12.0,1.0,0,1.0,3,0,3,  ,0,0.0,0,0,0,0,0,0,0,0,0,0,0,0,0,0,0,0,0
2009,2003217373,9999.0,9999.0,43,43303,41.2467,-80.5098,0,0,0,0,0,0,4,6,2003,5,18.0,1.0,0,1.0,3,1,3,  ,3,3.0,0,0,1,0,0,0,0,0,0,0,0,0,0,0,0,0,0
2010,2003217459,9999.0,9999.0,66,66413,39.7984,-76.9757,0,0,0,0,0,0,4,7,2003,4,15.0,1.0,0,9.0,2,1,7,  ,3,3.0,0,0,1,0,0,0,0,0,0,0,0,0,0,0,0,0,0
2011,2003217501,9999.0,9999.0,66,66301,39.9665,-76.7456,0,0,0,0,0,1,4,6,2003,6,17.0,1.0,0,1.0,3,1,3,  ,3,3.0,1,0,1,0,0,0,0,0,0,0,0,0,0,0,0,0,0
2012,2003217555,9999.0,9999.0,9,9216,40.2598,-74.9473,0,0,0,0,0,0,4,6,2003,2,17.0,1.0,0,1.0,3,1,3,  ,3,3.0,1,0,1,0,0,0,0,0,0,0,0,0,0,0,0,0,0
2013,2003217648,9999.0,9999.0,6,6301,40.3417,-75.9355,0,0,0,0,0,0,4,7,2003,3,15.0,1.0,0,9.0,3,1,7,  ,2,3.0,0,0,1,0,0,0,0,0,0,0,0,0,0,0,0,0,0
2014,2003217682,9999.0,9999.0,2,2302,40.2926,-79.8834,0,0,0,0,0,0,4,7,2003,3,21.0,4.0,0,1.0,3,1,3,  ,2,3.0,0,0,1,0,0,0,0,0,0,0,0,0,0,0,0,0,0
2015,2003217731,9999.0,9999.0,2,2427,40.5494,-80.1899,0,0,0,0,0,0,4,7,2003,5,17.0,1.0,0,1.0,3,2,3,  ,3,3.0,0,0,1,0,0,0,0,0,0,0,0,0,0,0,0,0,0
2016,2003217741,9999.0,9999.0,23,23105,39.8905,-75.3794,0,0,0,0,0,0,4,7,2003,2,15.0,1.0,0,1.0,3,0,3,  ,0,0.0,0,0,1,0,0,0,0,0,0,0,0,0,0,0,0,0,1
2017,2003217795,9999.0,9999.0,66,66101,39.959,-76.6975,0,0,0,0,0,0,4,7,2003,1,17.0,1.0,0,1.0,1,1,3,  ,2,3.0,1,0,1,0,0,0,0,0,0,0,0,1,0,0,0,0,0
2018,2003217820,9999.0,9999.0,55,55418,40.0111,-79.0785,0,0,0,0,0,0,4,7,2003,1,21.0,3.0,0,1.0,2,1,3,  ,2,3.0,0,0,1,0,0,0,0,0,0,0,0,0,0,0,0,0,0
2019,2003217839,9999.0,9999.0,46,46101,40.0884,-75.1204,0,0,0,0,0,1,4,7,2003,3,15.0,1.0,0,1.0,3,1,3,  ,3,3.0,0,0,1,0,0,0,0,0,0,0,0,0,0,0,0,0,0
2020,2003217845,9999.0,9999.0,9,9225,40.1644,-75.0259,0,0,0,0,0,0,4,8,2003,7,21.0,3.0,0,1.0,3,1,3,  ,2,3.0,0,0,1,0,0,0,0,0,0,0,0,0,0,0,0,0,0
2021,2003217913,9999.0,9999.0,66,66413,39.8045,-76.9876,0,0,0,0,0,0,4,5,2003,7,8.0,1.0,0,1.0,2,9,99,  ,6,3.0,1,0,1,0,0,0,0,0,0,0,0,0,0,0,0,1,0
2022,2003217998,9999.0,9999.0,23,23407,39.9175,-75.2544,0,0,1,0,0,0,4,4,2003,2,7.0,1.0,0,1.0,3,1,3,  ,9,9.0,1,0,1,0,1,0,0,0,0,0,0,0,0,0,0,0,0
2023,2003218073,9999.0,9999.0,23,23424,39.9014,-75.344,0,0,0,0,0,0,4,4,2003,7,13.0,1.0,0,1.0,3,3,3,  ,3,3.0,0,0,1,0,0,0,0,0,0,0,0,0,0,0,0,0,0
2024,2003218290,9999.0,9999.0,38,38301,40.3348,-76.4249,0,0,0,0,0,0,4,7,2003,1,16.0,1.0,0,1.0,2,1,3,  ,3,3.0,0,0,1,0,0,0,0,0,0,0,0,0,0,0,0,0,0
2025,2003218674,9999.0,9999.0,36,36214,40.0529,-76.36,0,0,0,0,0,1,4,7,2003,5,18.0,1.0,0,1.0,3,1,3,  ,2,3.0,0,0,1,0,0,0,0,0,0,0,0,0,0,0,0,0,0
2026,2003218701,9999.0,9999.0,64,64305,40.5642,-79.7636,0,0,0,0,0,0,4,7,2003,1,17.0,1.0,0,1.0,3,1,3,  ,3,3.0,0,0,1,0,0,0,0,0,0,0,0,0,0,0,0,0,1
2027,2003218709,9999.0,9999.0,23,23111,39.9544,-75.2842,0,0,0,0,0,0,1,7,2003,7,17.0,1.0,0,1.0,3,2,3,  ,0,0.0,0,0,0,0,0,0,0,0,0,0,0,0,0,0,0,0,0
2028,2003218762,9999.0,9999.0,23,23407,,,0,0,0,0,0,0,4,8,2003,2,14.0,1.0,0,9.0,3,2,99,  ,9,9.0,1,0,1,0,0,0,0,0,0,0,0,0,0,0,0,0,0
2029,2003218784,9999.0,9999.0,66,66103,,,0,1,0,0,0,1,4,8,2003,2,16.0,1.0,0,1.0,2,2,3,  ,8,3.0,0,0,1,0,0,0,0,0,0,0,0,0,0,0,0,0,0
2030,2003218797,9999.0,9999.0,66,66301,,,0,0,0,0,0,0,4,7,2003,1,20.0,3.0,7,1.0,3,0,3,  ,0,0.0,0,0,1,0,0,0,0,0,0,0,0,0,0,0,0,0,0