,CRN,ARRIVAL_TM,DISPATCH_TM,COUNTY,MUNICIPALITY,DEC_LAT,DEC_LONG,BICYCLE_DEATH_COUNT,BICYCLE_SUSP_SERIOUS_INJ_COUNT,BUS_COUNT,HEAVY_TRUCK_COUNT,SMALL_TRUCK_COUNT,SUV_COUNT,COLLISION_TYPE,CRASH_MONTH,CRASH_YEAR,DAY_OF_WEEK,HOUR_OF_DAY,ILLUMINATION,LOCATION_TYPE,ROAD_CONDITION,URBAN_RURAL,INTERSECT_TYPE,WEATHER1,WEATHER2,TCD_TYPE,TCD_FUNC_CD,AGGRESSIVE_DRIVING,ALCOHOL_RELATED,ANGLE_CRASH,CELL_PHONE,COMM_VEHICLE,DISTRACTED,DRINKING_DRIVER,DRUGGED_DRIVER,FATIGUE_ASLEEP,IMPAIRED_DRIVER,NHTSA_AGG_DRIVING,RUNNING_RED_LT,RUNNING_STOP_SIGN,SPEEDING_RELATED,TAILGATING,MATURE_DRIVER,YOUNG_DRIVER
2031,2003218824,9999.0,9999.0,36,36227,40.1576,-76.3884,0,0,0,0,0,0,4,8,2003,6,15.0,1.0,7,9.0,1,0,7,  ,0,0.0,0,0,1,0,0,0,0,0,0,0,0,0,0,0,0,0,0
2032,2003218835,9999.0,9999.0,66,66301,39.9557,-76.7445,0,0,0,0,0,0,4,7,2003,1,21.0,3.0,0,9.0,3,1,7,  ,2,3.0,1,0,1,0,0,0,0,0,0,0,0,1,0,0,0,0,0
2033,2003218867,9999.0,9999.0,9,9202,40.1051,-74.9391,0,0,0,0,0,0,4,7,2003,5,22.0,3.0,0,9.0,3,1,3,  ,2,3.0,1,0,1,0,0,0,0,0,0,0,0,0,0,0,0,0,0
2034,2003218886,9999.0,9999.0,26,26224,39.777,-79.5312,0,0,0,0,0,0,4,8,2003,3,16.0,1.0,7,1.0,1,0,3,  ,0,0.0,0,0,1,0,0,0,0,0,0,0,0,0,0,0,0,0,0
2035,2003218922,9999.0,9999.0,38,38301,40.3377,-76.4184,0,0,0,0,0,0,4,7,2003,1,18.0,1.0,0,1.0,2,1,3,  ,3,3.0,0,0,1,0,0,0,0,0,0,0,0,0,0,0,0,0,0
2036,2003218929,9999.0,9999.0,9,9101,40.1728,-74.8439,0,0,0,0,0,0,4,7,2003,7,14.0,1.0,0,1.0,3,2,3,  ,2,3.0,0,0,1,0,0,0,0,0,0,0,0,0,0,0,0,0,0
2037,2003218947,9999.0,9999.0,6,6207,40.1553,-75.8899,0,0,0,0,0,0,2,7,2003,6,17.0,1.0,0,1.0,1,2,3,  ,2,3.0,0,0,0,0,0,0,0,0,0,0,0,0,0,0,0,0,0
2038,2003218954,9999.0,9999.0,9,9101,,,0,0,0,0,0,0,5,7,2003,5,18.0,1.0,0,1.0,3,0,3,  ,0,0.0,0,0,0,0,0,0,0,0,0,0,0,0,0,0,0,0,0
2039,2003218983,9999.0,9999.0,45,45214,41.0658,-75.1965,0,0,0,0,0,1,1,7,2003,1,13.0,1.0,0,1.0,1,0,3,  ,0,0.0,0,0,0,0,0,0,0,0,0,0,0,0,0,0,0,0,0
2040,2003219017,9999.0,9999.0,26,26301,,,0,0,0,0,0,0,4,7,2003,2,19.0,1.0,7,1.0,2,0,3,  ,0,0.0,0,0,1,0,0,0,0,0,0,0,0,0,0,0,0,1,0
2041,2003219070,9999.0,9999.0,64,64427,,,0,0,0,0,0,0,4,7,2003,7,18.0,1.0,0,1.0,3,1,3,  ,0,0.0,0,0,1,0,0,0,0,0,0,0,0,0,0,0,0,1,0
2042,2003219116,9999.0,9999.0,23,23210,39.9465,-75.4061,0,0,0,0,0,0,4,7,2003,6,19.0,1.0,0,1.0,3,2,3,  ,3,3.0,1,0,1,0,0,0,0,0,0,0,0,0,0,0,0,0,0
2043,2003219144,9999.0,9999.0,53,53428,40.794,-75.9678,0,0,0,0,0,0,4,7,2003,4,16.0,1.0,0,1.0,1,9,3,  ,0,0.0,0,0,1,0,0,0,0,0,0,0,0,0,0,0,0,0,0
2044,2003219205,9999.0,9999.0,6,6301,40.3322,-75.9259,0,0,0,0,0,0,5,7,2003,6,22.0,3.0,0,1.0,3,0,3,  ,0,0.0,0,0,0,0,0,0,0,0,0,0,0,0,0,0,0,0,0
2045,2003219254,9999.0,9999.0,64,64302,40.3074,-79.5488,0,0,0,0,0,0,4,7,2003,5,20.0,1.0,0,1.0,3,1,3,  ,3,3.0,0,0,1,0,0,0,0,0,0,0,0,0,0,0,0,0,0
2046,2003219292,9999.0,9999.0,23,23408,39.9427,-75.2626,0,0,0,0,0,0,4,7,2003,6,12.0,1.0,0,1.0,3,1,3,  ,3,3.0,1,0,1,0,0,0,0,0,0,0,0,0,0,0,0,0,0
2047,2003219329,9999.0,9999.0,11,11301,40.2995,-78.9118,0,0,0,0,0,0,1,7,2003,7,19.0,1.0,0,1.0,3,2,3,  ,9,9.0,0,0,0,0,0,0,0,0,0,0,0,0,0,0,0,0,0
2048,2003219337,9999.0,9999.0,39,39406,,,0,0,0,0,0,0,4,7,2003,6,18.0,1.0,0,1.0,3,0,3,  ,0,0.0,0,0,1,0,0,0,0,0,0,0,0,0,0,0,0,0,0
2049,2003219415,9999.0,9999.0,2,2448,40.3856,-79.9031,0,0,0,0,0,0,4,7,2003,4,17.0,1.0,0,1.0,3,2,3,  ,3,3.0,0,0,1,0,0,0,0,0,0,0,0,0,0,0,0,0,1
2050,2003219469,9999.0,9999.0,46,46225,40.1795,-75.2779,0,0,0,0,0,0,4,6,2003,3,19.0,1.0,0,1.0,3,1,3,  ,2,3.0,1,0,1,0,0,0,0,0,0,0,0,0,0,0,0,0,1
2051,2003219522,9999.0,9999.0,46,46211,,,0,0,0,0,1,0,4,7,2003,2,13.0,1.0,0,1.0,1,0,3,  ,0,0.0,0,0,1,0,0,0,0,0,0,0,0,0,0,0,0,0,1
2052,2003219637,9999.0,9999.0,46,46208,,,0,0,1,0,0,0,5,7,2003,1,12.0,1.0,0,1.0,3,0,3,  ,0,0.0,0,0,0,0,1,0,0,0,0,0,0,0,0,0,0,0,0
2053,2003219653,9999.0,9999.0,6,6415,,,0,1,0,0,0,0,1,8,2003,3,10.0,1.0,0,1.0,3,0,3,  ,0,0.0,1,0,0,0,0,0,0,0,0,0,0,0,0,1,0,0,0
2054,2003219695,9999.0,9999.0,46,46207,40.1784,-75.2257,0,0,0,0,0,0,4,5,2003,5,14.0,1.0,7,9.0,3,2,7,  ,3,3.0,0,0,1,0,0,0,0,0,0,0,0,0,0,0,0,0,0
2055,2003219758,9999.0,9999.0,38,38301,,,0,0,0,0,0,0,4,8,2003,6,15.0,1.0,0,9.0,2,1,7,  ,0,0.0,0,0,1,0,0,0,0,0,0,0,0,0,0,0,0,0,0
2056,2003219823,9999.0,9999.0,2,2105,,,0,0,0,0,1,0,4,7,2003,2,17.0,1.0,7,1.0,3,0,3,  ,0,0.0,0,0,1,0,0,0,0,0,0,0,0,0,0,0,0,1,0
2057,2003219855,9999.0,9999.0,9,9213,40.18,-74.8735,0,0,0,0,0,0,4,6,2003,5,13.0,1.0,0,1.0,3,0,3,  ,0,0.0,1,0,1,0,0,0,0,0,0,0,0,0,0,1,0,0,0
2058,2003219863,9999.0,9999.0,9,9219,40.3797,-75.154,0,0,0,0,0,0,1,6,2003,2,15.0,1.0,0,1.0,1,0,3,  ,0,0.0,1,0,0,0,0,0,0,0,0,0,0,0,0,0,0,0,0
2059,2003219886,9999.0,9999.0,9,9213,40.132,-74.888,0,0,0,0,0,0,1,7,2003,4,16.0,1.0,0,1.0,3,2,3,  ,2,3.0,0,0,0,0,0,0,0,0,0,0,0,0,0,0,0,0,0
2060,2003219887,9999.0,9999.0,9,9213,40.1583,-74.9048,0,0,0,0,0,1,1,7,2003,7,21.0,2.0,0,1.0,3,2,3,  ,3,3.0,0,0,0,0,0,0,0,0,0,0,0,0,0,0,0,0,0
2061,2003219910,9999.0,9999.0,4,4302,40.6133,-80.2528,0,0,0,0,0,0,4,7,2003,3,13.0,1.0,0,1.0,3,1,3,  ,3,3.0,1,0,1,0,0,0,0,0,0,0,0,0,0,0,0,0,0
2062,2003220027,9999.0,9999.0,41,41403,41.2029,-77.2561,0,0,0,0,0,0,4,8,2003,2,15.0,1.0,0,1.0,1,1,3,  ,2,3.0,0,1,1,0,0,0,1,0,0,1,0,0,0,0,0,0,0
2063,2003220076,9999.0,9999.0,66,66433,,,0,0,0,0,0,0,4,8,2003,2,18.0,1.0,0,1.0,1,1,3,  ,3,3.0,1,0,1,0,0,0,0,0,0,0,0,0,0,0,0,0,0
2064,2003220156,9999.0,9999.0,2,2108,40.582,-80.0381,0,0,0,0,0,0,4,8,2003,4,13.0,1.0,0,1.0,3,1,3,  ,2,3.0,1,0,1,0,0,0,0,0,0,0,0,0,0,0,0,0,0
2065,2003220296,9999.0,9999.0,42,42202,,,0,0,0,0,0,0,4,8,2003,7,15.0,1.0,0,1.0,1,0,3,  ,0,0.0,0,0,1,0,0,0,0,0,0,0,0,0,0,0,0,1,0
2066,2003220351,9999.0,9999.0,2,2109,40.3763,-80.0433,0,0,0,0,0,0,4,8,2003,3,16.0,1.0,0,1.0,3,1,3,  ,3,3.0,0,0,1,0,0,0,0,0,0,0,0,0,0,0,0,0,0
2067,2003220420,9999.0,9999.0,46,46208,40.1478,-75.3961,0,0,0,0,0,0,4,6,2003,5,14.0,1.0,7,1.0,3,0,3,  ,0,0.0,0,0,1,0,0,0,0,0,0,0,0,0,0,0,0,0,0
2068,2003220424,9999.0,9999.0,23,23111,39.9432,-75.2476,0,1,0,0,0,0,1,7,2003,3,9.0,1.0,0,1.0,3,0,3,  ,0,0.0,0,0,0,0,0,0,0,0,0,0,0,0,0,0,0,0,0
2069,2003220441,9999.0,9999.0,9,9101,40.105,-74.8762,0,0,0,0,0,0,4,7,2003,5,14.0,1.0,0,1.0,3,2,3,  ,3,3.0,1,0,1,0,0,0,0,0,0,0,0,0,0,0,0,0,0
2070,2003220445,9999.0,9999.0,6,6301,40.3352,-75.9201,0,0,0,0,0,0,4,7,2003,4,14.0,1.0,0,1.0,3,1,3,  ,2,3.0,1,0,1,0,0,0,0,0,0,0,0,1,0,0,0,0,0
2071,2003220466,9999.0,9999.0,2,2102,,,0,0,0,0,0,0,2,7,2003,3,13.0,1.0,0,1.0,3,0,3,  ,0,0.0,0,0,0,0,0,0,0,0,0,0,0,0,0,0,0,0,0
2072,2003220487,9999.0,9999.0,6,6301,40.3409,-75.939,0,0,0,0,1,0,4,7,2003,4,21.0,3.0,0,1.0,3,1,3,  ,3,3.0,0,0,1,0,0,0,0,0,0,0,0,0,0,0,0,0,0
2073,2003220491,9999.0,9999.0,6,6301,,,0,0,0,0,1,0,6,7,2003,3,17.0,1.0,0,1.0,3,0,3,  ,0,0.0,0,0,0,0,0,0,0,0,0,0,0,0,0,0,0,0,0
2074,2003220501,9999.0,9999.0,6,6301,40.3385,-75.9307,0,0,0,0,0,0,4,7,2003,7,12.0,1.0,0,1.0,3,1,3,  ,3,3.0,0,0,1,0,0,0,0,0,0,0,0,0,0,0,0,0,0
2075,2003220546,9999.0,9999.0,21,21404,40.2096,-77.0062,0,0,0,0,0,0,4,6,2003,2,16.0,1.0,0,1.0,3,1,3,  ,3,3.0,1,0,1,0,0,0,0,0,0,0,0,0,0,0,0,0,1
2076,2003220553,9999.0,9999.0,23,23111,39.9459,-75.3258,0,1,0,0,0,0,5,6,2003,2,11.0,1.0,0,1.0,3,3,3,  ,2,3.0,1,0,0,0,0,0,0,0,0,0,0,0,0,0,0,1,0
2077,2003220554,9999.0,9999.0,23,23111,39.9547,-75.263,0,0,0,0,0,0,4,6,2003,2,10.0,1.0,0,1.0,3,1,3,  ,3,3.0,0,0,1,0,0,0,0,0,0,0,0,0,0,0,0,0,0
2078,2003220638,9999.0,9999.0,23,23109,39.87,-75.285,0,0,0,0,0,0,4,6,2003,2,14.0,1.0,0,1.0,3,1,3,  ,2,3.0,0,0,1,0,0,0,0,0,0,0,0,0,0,0,0,0,0
2079,2003220643,9999.0,9999.0,41,41301,,,0,0,0,0,1,0,1,6,2003,3,18.0,1.0,0,1.0,3,0,3,  ,0,0.0,0,1,0,0,0,0,1,0,0,1,0,0,0,0,0,0,0
2080,2003220647,9999.0,9999.0,4,4105,40.6327,-80.2301,0,0,0,0,1,0,5,7,2003,2,12.0,1.0,0,1.0,3,0,3,  ,0,0.0,0,0,0,0,0,0,0,0,0,0,0,0,0,0,0,0,0
2081,2003220720,9999.0,9999.0,9,9221,40.3756,-75.0433,0,0,0,0,0,0,4,4,2003,1,14.0,1.0,0,1.0,1,1,3,  ,3,3.0,1,0,1,0,0,0,0,0,0,0,0,0,0,0,0,0,0
2082,2003220759,9999.0,9999.0,62,62406,,,0,0,0,0,0,0,4,3,2003,2,16.0,4.0,7,1.0,3,0,3,  ,0,0.0,0,0,1,0,0,0,0,0,0,0,0,0,0,0,0,0,0
2083,2003220818,9999.0,9999.0,6,6301,,,0,0,0,0,0,0,4,5,2003,4,17.0,1.0,0,1.0,3,1,3,  ,9,9.0,0,0,1,0,0,0,0,0,0,0,0,0,0,0,0,0,0
2084,2003220937,9999.0,9999.0,6,6301,,,0,0,0,0,1,0,4,4,2003,7,20.0,3.0,0,1.0,3,2,3,  ,0,0.0,1,0,1,0,0,0,0,0,0,0,0,0,0,0,0,0,0
2085,2003221170,9999.0,9999.0,9,9221,40.3508,-75.0128,0,0,0,0,0,1,4,8,2003,7,17.0,1.0,0,1.0,1,1,3,  ,2,3.0,1,0,1,0,0,0,0,0,0,0,1,1,0,0,0,0,0
2086,2003221174,9999.0,9999.0,4,4105,40.6327,-80.2301,0,0,0,0,0,0,4,8,2003,6,12.0,1.0,0,1.0,3,2,3,  ,2,3.0,0,0,1,0,0,0,0,0,0,0,0,0,0,0,0,0,0
2087,2003221354,9999.0,9999.0,39,39403,,,0,0,0,0,1,0,4,8,2003,7,9.0,1.0,7,1.0,1,0,3,  ,0,0.0,0,0,1,0,0,0,0,0,0,0,0,0,0,0,0,1,0
2088,2003221411,9999.0,9999.0,36,36214,,,0,0,0,0,0,0,4,7,2003,3,7.0,1.0,7,1.0,3,0,3,  ,0,0.0,1,0,1,0,0,0,0,0,0,0,0,0,0,0,0,0,0
2089,2003221598,9999.0,9999.0,9,9202,40.0706,-74.967,0,0,0,0,0,0,4,8,2003,6,11.0,1.0,0,1.0,3,2,3,  ,3,3.0,1,0,1,0,0,0,0,0,0,0,0,0,0,0,0,0,0
2090,2003221605,9999.0,9999.0,23,23420,39.8715,-75.3237,0,0,0,0,1,0,4,8,2003,3,14.0,1.0,2,1.0,3,1,3,  ,9,9.0,1,0,1,0,0,0,0,0,0,0,0,0,0,0,0,0,0
2091,2003221647,9999.0,9999.0,36,36410,40.1571,-76.3914,0,0,0,0,1,0,4,7,2003,3,18.0,1.0,0,1.0,2,1,3,  ,0,0.0,0,0,1,0,0,0,0,0,0,0,0,0,0,0,0,0,0
2092,2003221739,9999.0,9999.0,9,9101,40.1388,-74.867,0,0,0,0,0,0,4,8,2003,4,20.0,3.0,0,1.0,3,2,3,  ,3,3.0,0,0,1,0,0,0,0,0,0,0,0,0,0,0,0,0,0
2093,2003221743,9999.0,9999.0,9,9101,40.1229,-74.8815,0,0,0,0,0,0,4,8,2003,2,21.0,1.0,0,1.0,3,1,3,  ,2,3.0,0,0,1,0,0,0,0,0,0,0,0,0,0,0,0,0,0
2094,2003221774,9999.0,9999.0,53,53426,40.6246,-76.1686,0,0,0,0,1,0,4,8,2003,4,17.0,1.0,0,1.0,2,1,3,  ,3,3.0,0,0,1,0,0,0,0,0,0,0,0,0,0,0,0,0,0
2095,2003221850,9999.0,9999.0,62,62302,40.1744,-80.25,0,0,0,0,0,1,4,5,2003,6,18.0,1.0,0,1.0,3,1,3,  ,0,0.0,1,0,1,0,0,0,0,0,0,0,0,0,0,0,0,0,1
2096,2003221874,9999.0,9999.0,9,9101,40.1435,-74.8582,0,0,0,0,1,0,2,8,2003,2,16.0,1.0,0,1.0,3,2,3,  ,3,3.0,0,0,0,0,0,0,0,0,0,0,0,0,0,0,0,0,0
2097,2003221885,9999.0,9999.0,66,66101,39.9724,-76.6987,0,0,0,0,0,1,4,8,2003,4,5.0,3.0,0,1.0,1,1,3,  ,3,3.0,0,0,1,0,0,0,0,0,0,0,0,0,0,0,0,0,0
2098,2003221950,9999.0,9999.0,66,66419,40.0647,-76.7074,0,0,0,0,0,1,4,8,2003,3,13.0,1.0,0,1.0,3,1,3,  ,3,3.0,0,0,1,0,0,0,0,0,0,0,0,0,0,0,0,0,0
2099,2003222021,9999.0,9999.0,23,23301,39.8395,-75.3885,0,0,0,0,0,0,4,7,2003,1,18.0,1.0,0,1.0,3,2,3,  ,3,3.0,0,0,1,0,0,0,0,0,0,0,0,0,0,0,0,0,0
2100,2003222024,9999.0,9999.0,23,23301,,,0,0,0,0,0,0,4,7,2003,2,20.0,4.0,0,1.0,3,0,3,  ,0,0.0,0,0,1,0,0,0,0,0,0,0,0,0,0,0,0,0,0
2101,2003222061,9999.0,9999.0,1,1217,,,0,1,0,0,1,0,1,7,2003,6,17.0,1.0,0,1.0,1,0,3,  ,0,0.0,0,1,0,0,0,0,1,0,0,1,0,0,0,0,0,0,0
2102,2003222075,9999.0,9999.0,23,23107,39.886,-75.3318,0,0,0,0,0,0,4,7,2003,4,13.0,1.0,7,1.0,3,0,3,  ,0,0.0,1,0,1,0,0,0,0,0,0,0,0,0,0,0,0,1,0
2103,2003222125,9999.0,9999.0,64,64302,,,0,0,0,0,0,0,4,7,2003,4,15.0,1.0,7,1.0,3,0,3,  ,0,0.0,0,0,1,0,0,0,0,0,0,0,0,0,0,0,0,0,0
2104,2003222139,9999.0,9999.0,46,46411,,,0,0,0,0,0,0,4,7,2003,2,17.0,1.0,0,1.0,3,1,3,  ,3,3.0,0,0,1,0,0,0,0,0,0,0,0,0,0,0,0,0,0
2105,2003222367,9999.0,9999.0,4,4404,,,0,0,0,0,0,1,4,7,2003,2,7.0,1.0,0,1.0,3,2,3,  ,0,0.0,1,0,1,0,0,0,0,0,0,0,0,0,0,0,0,0,0
2106,2003222481,9999.0,9999.0,9,9213,,,0,0,0,0,1,0,4,6,2003,2,15.0,1.0,0,1.0,3,2,3,  ,3,3.0,0,0,1,0,0,0,0,0,0,0,0,0,0,0,0,0,0
2107,2003222527,9999.0,9999.0,26,26302,,,0,0,0,0,0,0,4,6,2003,6,11.0,1.0,7,1.0,2,0,7,  ,0,0.0,0,0,1,0,0,0,0,0,0,0,0,0,0,0,0,0,0
2108,2003222543,9999.0,9999.0,21,21404,40.2143,-77.0134,0,0,0,0,1,0,4,7,2003,3,15.0,1.0,0,1.0,3,1,3,  ,3,3.0,0,0,1,0,0,0,0,0,0,0,0,0,0,0,0,0,0
2109,2003222548,9999.0,9999.0,45,45101,41.0131,-75.2929,0,1,0,0,0,1,4,7,2003,4,16.0,1.0,0,9.0,1,2,7,  ,3,3.0,0,0,1,0,0,0,0,0,0,0,0,0,0,0,0,0,1
2110,2003222560,9999.0,9999.0,62,62422,,,0,0,0,0,0,1,4,7,2003,5,21.0,3.0,0,1.0,3,1,3,  ,3,3.0,0,0,1,0,0,0,0,0,0,0,0,0,0,0,0,0,0
2111,2003222594,9999.0,9999.0,23,23408,39.946,-75.2581,0,0,0,0,0,0,4,7,2003,2,17.0,1.0,0,1.0,3,2,3,  ,9,9.0,0,0,1,0,0,0,0,0,0,0,0,0,0,0,0,0,0
2112,2003222671,9999.0,9999.0,4,4202,,,0,0,0,0,1,0,4,7,2003,3,16.0,1.0,7,1.0,3,0,3,  ,0,0.0,0,0,1,0,0,0,0,0,0,0,0,0,0,0,0,0,0
2113,2003222686,9999.0,9999.0,23,23417,39.8938,-75.3019,0,0,0,0,0,1,4,7,2003,5,13.0,1.0,0,1.0,3,1,3,  ,3,3.0,0,0,1,0,0,0,0,0,0,0,0,0,0,0,0,0,0
2114,2003222712,9999.0,9999.0,46,46112,,,0,0,0,0,1,0,4,7,2003,3,22.0,3.0,0,1.0,2,2,99,  ,9,9.0,0,0,1,0,0,0,0,0,0,0,0,0,0,0,0,0,0
2115,2003222743,9999.0,9999.0,11,11301,40.3142,-78.9102,0,0,0,0,0,0,4,6,2003,4,20.0,1.0,0,1.0,3,5,3,  ,3,3.0,0,0,1,0,0,0,0,0,0,0,0,0,0,0,0,1,0
2116,2003222826,9999.0,9999.0,48,48302,40.6798,-75.2213,0,0,0,0,0,0,4,8,2003,5,15.0,1.0,0,1.0,3,1,3,  ,3,3.0,0,0,1,0,0,0,0,0,0,0,0,0,0,0,0,0,0
2117,2003223073,9999.0,9999.0,9,9409,,,0,0,0,0,0,0,1,6,2003,2,17.0,1.0,0,1.0,3,0,3,  ,0,0.0,0,0,0,0,0,0,0,0,0,0,0,0,0,0,0,0,0
2118,2003223107,9999.0,9999.0,23,23108,39.9353,-75.3308,0,0,0,0,0,1,4,6,2003,7,12.0,1.0,0,1.0,3,2,3,  ,0,0.0,0,0,1,0,0,0,0,0,0,0,0,0,0,0,0,0,0
2119,2003223177,9999.0,9999.0,23,23404,,,0,0,0,0,1,0,4,6,2003,2,18.0,1.0,7,1.0,3,0,3,  ,0,0.0,0,0,1,0,0,0,0,0,0,0,0,0,0,0,0,0,1
2120,2003223217,9999.0,9999.0,15,15256,39.9842,-75.4935,0,0,0,0,0,0,5,6,2003,2,15.0,1.0,0,1.0,1,0,3,  ,0,0.0,0,0,0,0,0,0,0,0,0,0,0,0,0,0,0,0,0
2121,2003223336,9999.0,9999.0,11,11301,40.3477,-78.948,0,0,0,0,0,0,4,8,2003,5,14.0,1.0,0,1.0,3,1,3,  ,3,3.0,0,0,1,0,0,0,0,0,0,0,0,0,0,0,0,0,0
2122,2003223437,9999.0,9999.0,66,66420,39.7348,-76.6917,0,0,0,0,0,0,2,8,2003,5,20.0,4.0,0,1.0,1,2,3,  ,0,0.0,0,0,0,0,0,0,0,0,0,0,0,0,0,0,0,1,0
2123,2003223672,9999.0,9999.0,38,38301,,,0,0,0,0,0,0,4,8,2003,6,15.0,1.0,0,1.0,2,1,3,  ,0,0.0,0,0,1,0,0,0,0,0,0,0,0,0,0,0,0,0,1
2124,2003223684,9999.0,9999.0,6,6410,40.5108,-75.7724,0,0,0,0,0,0,5,8,2003,5,7.0,1.0,0,1.0,1,2,3,  ,3,3.0,0,0,0,0,0,0,0,0,0,0,0,0,0,0,0,0,0
2125,2003223928,9999.0,9999.0,66,66231,39.9616,-76.7886,0,1,0,0,0,0,4,8,2003,7,7.0,1.0,0,1.0,1,2,3,  ,3,3.0,1,0,1,0,0,0,0,0,0,0,0,0,0,0,0,0,1
2126,2003223942,9999.0,9999.0,46,46416,,,0,0,0,0,0,0,4,9,2003,4,18.0,1.0,0,1.0,2,0,3,  ,0,0.0,0,0,1,0,0,0,0,0,0,0,0,0,0,0,0,0,0
2127,2003223974,9999.0,9999.0,38,38301,,,0,0,0,0,0,0,4,9,2003,5,15.0,1.0,0,1.0,2,1,3,  ,2,3.0,1,0,1,0,0,0,0,0,0,0,0,0,0,0,0,1,0
2128,2003223993,9999.0,9999.0,9,9409,40.2081,-74.7754,0,0,0,0,0,0,4,9,2003,2,99.0,1.0,0,1.0,3,2,3,  ,0,0.0,0,0,1,0,0,0,0,0,0,0,0,0,0,0,0,0,0
2129,2003224019,9999.0,9999.0,66,66301,,,0,0,0,0,0,0,4,9,2003,1,15.0,1.0,0,1.0,3,0,3,  ,0,0.0,0,0,1,0,0,0,0,0,0,0,0,0,0,0,0,0,0
2130,2003224029,9999.0,9999.0,66,66301,,,0,0,0,0,0,0,4,9,2003,4,18.0,1.0,0,1.0,3,1,3,  ,3,3.0,0,0,1,0,0,0,0,0,0,0,0,0,0,0,0,0,0
2131,2003224074,9999.0,9999.0,62,62302,40.1872,-80.2671,0,0,0,0,0,1,4,8,2003,3,15.0,1.0,0,1.0,3,1,3,  ,0,0.0,0,0,1,0,0,0,0,0,0,0,0,0,0,0,0,0,0
2132,2003224075,9999.0,9999.0,62,62302,40.1946,-80.2641,0,0,0,0,0,0,2,8,2003,3,18.0,1.0,0,1.0,3,10,3,  ,0,0.0,0,0,0,0,0,0,0,0,0,0,0,0,0,0,0,0,0
2133,2003224085,9999.0,9999.0,63,63403,41.5738,-75.2565,0,0,0,0,0,0,4,9,2003,6,16.0,1.0,0,1.0,2,2,3,  ,3,3.0,0,0,1,0,0,0,0,0,0,0,0,0,0,0,0,0,1
2134,2003224123,9999.0,9999.0,20,20302,,,0,0,0,0,1,0,4,9,2003,3,18.0,1.0,0,1.0,2,1,3,  ,3,3.0,0,0,1,0,0,0,0,0,0,0,0,0,0,0,0,0,1
2135,2003224157,9999.0,9999.0,23,23427,39.9327,-75.2518,0,0,0,0,1,0,4,8,2003,5,18.0,1.0,0,1.0,3,2,3,  ,9,9.0,0,0,1,0,0,0,0,0,0,0,0,0,0,0,0,0,1
2136,2003224195,9999.0,9999.0,21,21104,40.1662,-77.0062,0,0,0,0,0,0,4,9,2003,4,17.0,1.0,0,1.0,3,1,3,  ,4,3.0,0,0,1,0,0,0,0,0,0,0,0,0,0,0,0,0,0
2137,2003224241,9999.0,9999.0,2,2126,,,0,0,0,0,0,0,4,8,2003,6,13.0,1.0,7,1.0,3,0,3,  ,0,0.0,1,0,1,0,0,0,0,0,0,0,0,0,0,0,0,0,0
2138,2003224372,9999.0,9999.0,6,6301,40.3652,-75.9153,0,0,0,0,0,1,4,9,2003,2,16.0,1.0,0,1.0,3,1,3,  ,2,3.0,0,0,1,0,0,0,0,0,0,0,0,0,0,0,0,0,0
2139,2003224414,9999.0,9999.0,9,9101,40.1509,-74.8603,0,0,0,0,0,0,4,9,2003,6,19.0,1.0,7,1.0,3,0,3,  ,0,0.0,1,0,1,0,0,0,0,0,0,0,0,0,0,0,0,0,0
2140,2003224444,9999.0,9999.0,46,46101,40.1331,-75.1449,0,0,0,0,1,0,6,8,2003,6,15.0,1.0,0,1.0,3,2,3,  ,3,3.0,0,0,0,0,0,0,0,0,0,0,0,0,0,0,0,0,0
2141,2003224451,9999.0,9999.0,2,2433,,,0,1,0,0,0,0,4,2,2003,4,13.0,1.0,0,1.0,3,1,3,  ,3,3.0,0,0,1,0,0,0,0,0,0,0,0,0,0,0,0,1,0
2142,2003224527,9999.0,9999.0,64,64412,,,0,0,0,0,0,0,4,9,2003,3,19.0,1.0,0,1.0,2,1,3,  ,3,3.0,1,0,1,0,0,0,0,0,0,0,0,0,0,0,0,1,0
2143,2003224543,9999.0,9999.0,8,8409,41.9817,-76.5119,0,0,0,0,0,0,4,8,2003,6,17.0,1.0,0,1.0,2,1,3,  ,3,3.0,0,0,1,0,0,0,0,0,0,0,0,0,0,0,0,0,0
2144,2003224556,9999.0,9999.0,64,64412,,,0,1,0,0,0,0,4,8,2003,6,14.0,1.0,0,1.0,2,1,3,  ,3,3.0,0,0,1,0,0,0,0,0,0,0,0,0,0,0,0,0,0
2145,2003224592,9999.0,9999.0,23,23111,39.9568,-75.2556,0,0,0,0,0,0,4,8,2003,7,17.0,1.0,0,9.0,3,2,7,  ,2,3.0,0,0,1,0,0,0,0,0,0,0,0,0,0,0,0,0,0
2146,2003224599,9999.0,9999.0,23,23111,39.9412,-75.2558,0,0,0,0,0,0,4,8,2003,2,22.0,3.0,0,1.0,3,2,3,  ,3,3.0,0,0,1,0,0,0,0,0,0,0,0,0,0,0,0,0,0
2147,2003224639,9999.0,9999.0,23,23301,39.8545,-75.3593,0,0,0,0,0,0,4,8,2003,7,10.0,1.0,0,1.0,3,1,3,  ,3,3.0,0,1,1,0,0,0,1,0,0,1,0,0,0,0,0,1,0
2148,2003224661,9999.0,9999.0,23,23112,39.9814,-75.3574,0,0,0,0,0,0,4,8,2003,1,11.0,1.0,7,1.0,3,0,3,  ,0,0.0,1,0,1,0,0,0,0,0,0,0,0,0,0,0,0,0,0
2149,2003224675,9999.0,9999.0,9,9202,,,0,0,0,0,0,0,4,9,2003,6,14.0,1.0,7,1.0,3,0,3,  ,0,0.0,1,0,1,0,0,0,0,0,0,0,0,0,0,0,0,0,0