,CRN,ARRIVAL_TM,DISPATCH_TM,COUNTY,MUNICIPALITY,DEC_LAT,DEC_LONG,BICYCLE_DEATH_COUNT,BICYCLE_SUSP_SERIOUS_INJ_COUNT,BUS_COUNT,HEAVY_TRUCK_COUNT,SMALL_TRUCK_COUNT,SUV_COUNT,COLLISION_TYPE,CRASH_MONTH,CRASH_YEAR,DAY_OF_WEEK,HOUR_OF_DAY,ILLUMINATION,LOCATION_TYPE,ROAD_CONDITION,URBAN_RURAL,INTERSECT_TYPE,WEATHER1,WEATHER2,TCD_TYPE,TCD_FUNC_CD,AGGRESSIVE_DRIVING,ALCOHOL_RELATED,ANGLE_CRASH,CELL_PHONE,COMM_VEHICLE,DISTRACTED,DRINKING_DRIVER,DRUGGED_DRIVER,FATIGUE_ASLEEP,IMPAIRED_DRIVER,NHTSA_AGG_DRIVING,RUNNING_RED_LT,RUNNING_STOP_SIGN,SPEEDING_RELATED,TAILGATING,MATURE_DRIVER,YOUNG_DRIVER
2150,2003224686,9999.0,9999.0,9,9202,40.1216,-74.9622,0,0,0,0,0,0,4,9,2003,4,16.0,1.0,0,9.0,3,2,7,  ,3,3.0,0,0,1,0,0,0,0,0,0,0,0,0,0,0,0,0,0
2151,2003224806,9999.0,9999.0,31,31411,40.387,-77.8829,0,0,0,0,0,0,4,9,2003,7,16.0,1.0,0,1.0,1,1,3,  ,3,3.0,1,0,1,0,0,0,0,0,0,0,0,0,0,0,0,0,1
2152,2003224816,9999.0,9999.0,1,1217,,,0,0,0,0,0,0,4,9,2003,7,12.0,1.0,0,1.0,1,0,3,  ,0,0.0,0,0,1,0,0,0,0,0,0,0,0,0,0,0,0,0,0
2153,2003224877,9999.0,9999.0,9,9415,,,0,0,0,0,0,0,4,8,2003,4,17.0,1.0,0,1.0,2,1,3,  ,3,3.0,0,0,1,0,0,0,0,0,0,0,0,0,0,0,0,0,1
2154,2003224901,9999.0,9999.0,23,23301,,,0,0,0,0,0,0,4,9,2003,3,14.0,1.0,0,1.0,3,1,3,  ,2,3.0,1,0,1,0,0,0,0,0,0,0,0,0,0,0,0,0,0
2155,2003224966,9999.0,9999.0,11,11301,40.3485,-78.9475,0,0,0,0,0,0,4,9,2003,3,12.0,1.0,0,1.0,3,1,3,  ,3,3.0,1,0,1,0,0,0,0,0,0,0,0,0,1,0,0,1,0
2156,2003224969,9999.0,9999.0,10,10301,40.8604,-79.9108,0,1,0,0,1,0,4,8,2003,4,20.0,4.0,0,1.0,2,1,3,  ,2,3.0,0,0,1,0,0,0,0,0,0,0,0,0,0,0,0,0,0
2157,2003224982,9999.0,9999.0,6,6214,,,0,0,0,0,0,0,4,8,2003,1,15.0,1.0,7,1.0,3,0,3,  ,3,3.0,0,0,1,0,0,0,0,0,0,0,0,0,0,0,0,0,0
2158,2003225007,9999.0,9999.0,48,48302,,,0,0,0,0,0,1,4,9,2003,6,17.0,1.0,0,1.0,3,1,3,  ,3,3.0,0,0,1,0,0,0,0,0,0,0,0,0,0,0,0,0,0
2159,2003225118,9999.0,9999.0,66,66301,39.9658,-76.7484,0,0,0,0,0,0,4,8,2003,7,9.0,1.0,0,1.0,3,1,3,  ,3,3.0,0,0,1,0,0,0,0,0,0,0,0,0,0,0,0,0,0
2160,2003225126,9999.0,9999.0,66,66301,,,0,0,0,0,0,0,4,8,2003,1,12.0,1.0,0,1.0,3,0,3,  ,0,0.0,0,0,1,0,0,0,0,0,0,0,0,0,0,0,0,1,0
2161,2003225132,9999.0,9999.0,66,66103,39.7923,-76.9704,0,0,0,0,0,0,4,9,2003,5,16.0,1.0,0,1.0,2,2,3,  ,3,3.0,0,0,1,0,0,0,0,0,0,0,0,0,0,0,0,0,0
2162,2003225222,9999.0,9999.0,38,38301,,,0,0,0,0,0,0,4,8,2003,6,15.0,1.0,0,1.0,2,1,3,  ,2,3.0,0,0,1,0,0,0,0,0,0,0,0,0,0,0,0,0,0
2163,2003225236,9999.0,9999.0,66,66430,,,0,0,0,0,0,0,4,8,2003,1,12.0,1.0,0,1.0,3,1,3,  ,0,0.0,0,0,1,0,0,0,0,0,0,0,0,0,0,0,0,0,0
2164,2003225314,9999.0,9999.0,6,6411,40.3936,-75.9125,0,0,0,0,0,1,4,8,2003,6,11.0,1.0,0,1.0,3,1,3,  ,3,3.0,0,0,1,0,0,0,0,0,0,0,0,0,0,0,0,0,0
2165,2003225329,9999.0,9999.0,13,13407,,,0,0,0,0,0,1,4,9,2003,3,17.0,1.0,0,1.0,2,10,3,  ,0,0.0,0,0,1,0,0,0,0,0,0,0,0,0,0,0,0,0,0
2166,2003225386,9999.0,9999.0,66,66301,39.9687,-76.707,0,0,0,0,0,0,4,8,2003,5,13.0,1.0,0,1.0,3,1,3,  ,3,3.0,0,0,1,0,0,0,0,0,0,0,0,0,0,0,0,0,0
2167,2003225465,9999.0,9999.0,41,41301,41.2435,-77.0433,0,0,0,0,1,0,4,8,2003,6,13.0,1.0,0,1.0,3,1,3,  ,0,0.0,0,0,1,0,0,0,0,0,0,0,0,0,0,0,0,0,0
2168,2003225505,9999.0,9999.0,35,35412,41.368,-75.7378,0,0,0,0,0,0,4,8,2003,3,15.0,1.0,0,1.0,3,0,3,  ,0,0.0,1,0,1,0,0,0,0,0,0,0,0,0,0,0,0,0,0
2169,2003225555,9999.0,9999.0,11,11434,40.6632,-78.7813,0,0,0,0,0,0,4,8,2003,5,16.0,1.0,0,1.0,1,1,3,  ,2,3.0,0,0,1,0,0,0,0,0,0,0,0,0,0,0,0,0,0
2170,2003225578,9999.0,9999.0,36,36227,,,0,1,0,0,0,0,4,7,2003,7,12.0,1.0,0,1.0,1,0,3,  ,0,0.0,0,0,1,0,0,0,0,0,0,0,0,0,0,0,0,0,0
2171,2003225580,9999.0,9999.0,39,39406,40.6022,-75.3963,0,0,0,0,0,0,4,8,2003,6,11.0,1.0,0,1.0,3,1,3,  ,0,0.0,0,0,1,0,0,0,0,0,0,0,0,0,0,0,0,1,0
2172,2003225606,9999.0,9999.0,49,49301,40.7906,-76.552,0,0,0,0,1,0,4,9,2003,6,19.0,1.0,0,1.0,2,1,3,  ,3,3.0,0,0,1,0,0,0,0,0,0,0,0,0,0,0,0,0,0
2173,2003225677,9999.0,9999.0,23,23102,39.9109,-75.2992,0,0,0,0,0,0,4,8,2003,3,20.0,1.0,0,1.0,3,2,3,  ,3,3.0,0,0,1,0,0,0,0,0,0,0,0,0,0,0,0,0,0
2174,2003225772,9999.0,9999.0,44,44403,40.5967,-77.5759,0,0,0,0,0,0,5,8,2003,2,20.0,4.0,0,1.0,2,1,3,  ,2,3.0,0,0,0,0,0,0,0,0,0,0,0,0,0,0,0,0,0
2175,2003225780,9999.0,9999.0,44,44403,40.5895,-77.5661,0,0,0,0,1,0,4,8,2003,3,19.0,1.0,0,1.0,2,1,3,  ,3,3.0,1,0,1,0,0,0,0,0,0,0,0,0,0,0,0,0,0
2176,2003225805,9999.0,9999.0,66,66301,39.9666,-76.7486,0,0,0,0,0,0,4,8,2003,2,20.0,2.0,0,1.0,3,3,3,  ,0,0.0,0,0,1,0,0,0,0,0,0,0,0,0,0,0,0,0,0
2177,2003225814,9999.0,9999.0,6,6427,,,0,0,0,0,0,0,4,8,2003,1,15.0,1.0,7,1.0,3,0,3,  ,0,0.0,0,0,1,0,0,0,0,0,0,0,0,0,0,0,0,0,0
2178,2003225839,9999.0,9999.0,66,66301,39.9611,-76.727,0,0,0,0,0,0,4,7,2003,5,11.0,1.0,0,1.0,3,2,3,  ,3,3.0,0,0,1,0,0,0,0,0,0,0,0,0,0,0,0,0,0
2179,2003225848,9999.0,9999.0,66,66301,,,0,0,0,0,0,0,4,8,2003,3,13.0,1.0,0,1.0,3,1,3,  ,3,3.0,1,0,1,0,0,0,0,0,0,0,0,0,0,0,0,0,0
2180,2003225850,9999.0,9999.0,66,66301,39.9826,-76.7451,0,0,0,0,1,0,4,8,2003,4,14.0,1.0,0,1.0,3,2,3,  ,3,3.0,1,0,1,0,0,0,0,0,0,0,0,0,0,0,0,0,0
2181,2003225854,9999.0,9999.0,66,66301,,,0,0,0,0,0,0,4,8,2003,5,19.0,1.0,0,1.0,3,0,3,  ,0,0.0,0,0,1,0,0,0,0,0,0,0,0,0,0,0,0,0,0
2182,2003225883,9999.0,9999.0,46,46402,40.1058,-75.3468,0,0,0,0,0,0,4,8,2003,4,16.0,1.0,0,1.0,3,1,3,  ,2,3.0,0,0,1,0,0,0,0,0,0,0,0,0,0,0,0,0,0
2183,2003226051,9999.0,9999.0,11,11301,,,0,0,0,0,0,0,4,8,2003,2,20.0,1.0,7,1.0,3,0,3,  ,0,0.0,1,0,1,0,0,0,0,0,0,0,0,0,0,0,0,0,0
2184,2003226130,9999.0,9999.0,9,9213,40.1647,-74.8733,0,0,0,0,0,0,4,8,2003,4,8.0,1.0,0,1.0,3,2,3,  ,3,3.0,1,0,1,0,0,0,0,0,0,0,0,0,0,0,0,0,1
2185,2003226176,9999.0,9999.0,66,66207,40.0459,-76.7239,0,0,0,1,0,0,4,9,2003,6,13.0,1.0,0,1.0,1,2,3,  ,3,3.0,0,0,1,0,0,0,0,0,0,0,0,0,0,0,0,0,0
2186,2003226546,9999.0,9999.0,46,46409,40.2783,-75.2974,0,1,0,1,0,0,4,7,2003,4,14.0,1.0,0,1.0,3,0,3,  ,0,0.0,0,0,1,0,1,0,0,0,0,0,0,0,0,0,0,0,0
2187,2003226612,9999.0,9999.0,66,66101,39.9614,-76.6994,0,0,0,0,0,0,4,9,2003,3,17.0,1.0,0,1.0,1,2,3,  ,3,3.0,0,0,1,0,0,0,0,0,0,0,0,0,0,0,0,1,0
2188,2003226619,9999.0,9999.0,66,66413,,,0,0,0,0,0,0,4,9,2003,4,16.0,1.0,0,1.0,2,1,3,  ,0,0.0,0,0,1,0,0,0,0,0,0,0,0,0,0,0,0,0,1
2189,2003226680,9999.0,9999.0,66,66220,40.1193,-76.7894,0,0,0,0,1,0,4,9,2003,1,11.0,1.0,0,1.0,1,1,3,  ,3,3.0,1,0,1,0,0,0,0,0,0,0,0,0,0,0,0,0,0
2190,2003227022,9999.0,9999.0,38,38301,,,0,0,0,0,0,0,4,9,2003,4,10.0,1.0,0,1.0,2,1,3,  ,2,3.0,0,0,1,0,0,0,0,0,0,0,0,0,0,0,0,0,0
2191,2003227024,9999.0,9999.0,38,38301,,,0,0,0,0,0,0,4,9,2003,7,16.0,1.0,0,1.0,2,1,3,  ,2,3.0,0,0,1,0,0,0,0,0,0,0,0,0,0,0,0,1,0
2192,2003227189,9999.0,9999.0,15,15247,39.9642,-75.5944,0,0,0,0,0,0,4,9,2003,1,17.0,1.0,7,1.0,3,0,3,  ,0,0.0,1,0,1,0,0,0,0,0,0,0,0,0,0,0,0,0,0
2193,2003227349,9999.0,9999.0,41,41301,41.2269,-77.0453,0,0,0,0,0,0,4,7,2003,3,10.0,1.0,0,9.0,3,1,7,  ,2,3.0,0,0,1,0,0,0,0,0,0,0,0,0,0,0,0,0,0
2194,2003227586,9999.0,9999.0,23,23417,39.8881,-75.3003,0,0,0,0,0,0,4,10,2003,6,16.0,1.0,0,1.0,3,2,3,  ,2,3.0,0,0,1,0,0,0,0,0,0,0,0,0,0,0,0,0,0
2195,2003227669,9999.0,9999.0,11,11301,40.3443,-78.9374,0,0,0,0,0,0,4,9,2003,1,14.0,1.0,0,1.0,3,2,3,  ,3,3.0,0,0,1,0,0,0,0,0,0,0,0,0,0,0,0,0,0
2196,2003227673,9999.0,9999.0,49,49302,,,0,0,0,0,0,0,4,7,2003,5,15.0,1.0,0,1.0,2,1,3,  ,3,3.0,0,0,1,0,0,0,0,0,0,0,0,0,0,0,0,0,0
2197,2003227774,9999.0,9999.0,62,62413,,,0,0,0,0,0,0,4,9,2003,1,16.0,1.0,0,1.0,3,1,3,  ,3,3.0,0,0,1,0,0,0,0,0,0,0,0,0,0,0,0,0,0
2198,2003227782,9999.0,9999.0,26,26302,39.8987,-79.7062,0,0,0,0,0,0,4,9,2003,7,16.0,1.0,0,1.0,2,1,3,  ,3,3.0,0,0,1,0,0,0,0,0,0,0,0,0,0,0,0,0,0
2199,2003227812,9999.0,9999.0,35,35414,,,0,0,0,0,0,0,4,9,2003,3,17.0,1.0,0,1.0,3,1,3,  ,0,0.0,0,0,1,0,0,0,0,0,0,0,0,0,0,0,0,0,0
2200,2003227827,9999.0,9999.0,35,35412,,,0,0,0,0,0,0,4,9,2003,4,17.0,1.0,0,1.0,3,2,3,  ,3,3.0,1,0,1,0,0,0,0,0,0,0,0,0,0,0,0,1,0
2201,2003227855,9999.0,9999.0,2,2448,40.3857,-79.9053,0,0,0,0,0,0,4,9,2003,1,17.0,1.0,0,1.0,3,1,3,  ,3,3.0,0,1,1,0,0,0,0,0,0,0,0,0,0,0,0,0,0
2202,2003227899,9999.0,9999.0,9,9212,40.1511,-74.9754,0,0,0,0,0,0,4,9,2003,1,15.0,1.0,0,1.0,3,2,3,  ,2,3.0,1,0,1,0,0,0,0,0,0,0,0,0,0,0,0,0,0
2203,2003227908,9999.0,9999.0,23,23102,39.8975,-75.2714,0,0,0,0,0,0,4,1,2003,5,99.0,3.0,0,1.0,3,2,3,  ,0,0.0,0,0,1,0,0,0,0,0,0,0,0,0,0,0,0,0,0
2204,2003227917,9999.0,9999.0,44,44403,,,0,0,0,0,0,1,4,9,2003,7,19.0,4.0,0,1.0,2,0,3,  ,0,0.0,0,0,1,0,0,0,0,0,0,0,0,0,0,0,0,0,0
2205,2003227984,9999.0,9999.0,48,48101,40.6802,-75.351,0,0,0,0,0,0,4,9,2003,5,11.0,1.0,0,1.0,3,2,3,  ,3,3.0,0,0,1,0,0,0,0,0,0,0,0,0,0,0,0,0,0
2206,2003228027,9999.0,9999.0,9,9202,40.1279,-74.924,0,0,0,0,0,0,1,9,2003,3,10.0,1.0,0,1.0,3,0,3,  ,0,0.0,1,0,0,0,0,0,0,0,0,0,0,0,0,0,1,1,0
2207,2003228029,9999.0,9999.0,9,9202,40.1088,-74.9557,0,0,0,0,0,0,4,9,2003,3,19.0,3.0,7,1.0,3,0,3,  ,0,0.0,1,0,1,0,0,0,0,0,0,0,0,0,0,0,0,0,1
2208,2003228102,9999.0,9999.0,6,6301,,,0,0,0,0,1,0,5,9,2003,6,11.0,1.0,0,1.0,3,0,3,  ,0,0.0,0,0,0,0,0,0,0,0,0,0,0,0,0,0,0,0,0
2209,2003228154,9999.0,9999.0,46,46402,40.1078,-75.3456,0,0,0,0,0,0,4,9,2003,6,17.0,1.0,0,1.0,3,1,3,  ,3,3.0,0,1,1,0,0,0,0,0,0,0,0,0,0,0,0,0,0
2210,2003228178,9999.0,9999.0,39,39402,40.6546,-75.466,0,0,0,0,1,0,4,9,2003,3,16.0,1.0,0,1.0,3,2,3,  ,3,3.0,0,0,1,0,0,0,0,0,0,0,0,0,0,0,0,0,0
2211,2003228191,9999.0,9999.0,23,23111,39.9591,-75.2884,0,0,0,0,0,0,4,8,2003,3,11.0,1.0,0,1.0,3,1,3,  ,9,9.0,0,0,1,0,0,0,0,0,0,0,0,0,0,0,0,0,0
2212,2003228267,9999.0,9999.0,6,6301,40.3292,-75.9251,0,0,0,0,0,0,4,9,2003,7,13.0,1.0,0,1.0,3,1,3,  ,3,3.0,0,0,1,0,0,0,0,0,0,0,0,0,0,0,0,1,0
2213,2003228272,9999.0,9999.0,6,6301,,,0,0,0,0,0,0,4,9,2003,1,16.0,1.0,0,1.0,3,0,3,  ,0,0.0,0,0,1,0,0,0,0,0,0,0,0,0,0,0,0,0,0
2214,2003228340,9999.0,9999.0,23,23107,39.8778,-75.3389,0,0,0,0,0,0,4,8,2003,5,12.0,1.0,0,1.0,3,1,3,  ,3,3.0,0,0,1,0,0,0,0,0,0,0,0,0,0,0,0,0,0
2215,2003228345,9999.0,9999.0,46,46220,40.0784,-75.3547,0,0,0,0,0,0,4,8,2003,1,13.0,1.0,7,1.0,3,0,3,  ,0,0.0,1,0,1,0,0,0,0,0,0,0,0,0,0,0,0,1,0
2216,2003228393,9999.0,9999.0,6,6301,40.3296,-75.9173,0,0,0,0,0,0,4,8,2003,7,9.0,1.0,0,1.0,3,1,3,  ,3,3.0,1,0,1,0,0,0,0,0,0,0,0,0,1,0,0,0,0
2217,2003228398,9999.0,9999.0,6,6301,,,0,0,0,0,0,1,4,8,2003,7,18.0,1.0,0,1.0,3,0,3,  ,0,0.0,1,0,1,0,0,0,0,0,0,0,0,0,0,0,0,0,0
2218,2003228430,9999.0,9999.0,19,19402,41.0637,-76.2438,0,0,0,0,0,0,6,5,2003,5,12.0,1.0,0,1.0,2,1,3,  ,3,3.0,0,0,0,0,0,0,0,0,0,0,0,0,0,0,0,0,0
2219,2003228502,9999.0,9999.0,6,6301,,,0,0,0,0,0,0,4,6,2003,5,13.0,1.0,0,1.0,3,0,3,  ,0,0.0,0,0,1,0,0,0,0,0,0,0,0,0,0,0,0,0,0
2220,2003228504,9999.0,9999.0,6,6301,,,0,0,0,0,1,0,1,6,2003,5,16.0,1.0,0,1.0,3,0,3,  ,0,0.0,1,0,0,0,0,0,0,0,0,0,0,0,0,0,1,0,0
2221,2003228556,9999.0,9999.0,6,6301,40.3414,-75.9199,0,0,0,0,0,0,4,8,2003,5,20.0,3.0,0,1.0,3,1,3,  ,2,3.0,0,0,1,0,0,0,0,0,0,0,0,0,0,0,0,0,0
2222,2003228659,9999.0,9999.0,10,10301,,,0,0,0,0,0,1,4,6,2003,6,15.0,1.0,0,1.0,2,0,3,  ,0,0.0,0,0,1,0,0,0,0,0,0,0,0,0,0,0,0,0,0
2223,2003228794,9999.0,9999.0,23,23111,39.9619,-75.273,0,1,0,0,0,1,4,9,2003,3,7.0,1.0,0,1.0,3,2,3,  ,0,0.0,0,0,1,0,0,0,0,0,0,0,0,0,0,0,0,0,0
2224,2003228820,9999.0,9999.0,6,6301,40.3503,-75.9207,0,0,0,0,1,0,4,10,2003,4,21.0,3.0,0,1.0,3,1,3,  ,3,3.0,1,0,1,0,0,0,0,0,0,0,0,0,0,0,0,0,0
2225,2003228852,9999.0,9999.0,6,6301,40.3548,-75.9185,0,0,0,0,0,0,4,8,2003,1,14.0,1.0,0,1.0,3,1,3,  ,3,3.0,1,0,1,0,0,0,0,0,0,0,0,0,0,0,0,0,0
2226,2003228855,9999.0,9999.0,6,6301,40.3383,-75.92,0,0,0,0,0,0,4,8,2003,5,11.0,1.0,0,1.0,3,1,3,  ,2,3.0,0,0,1,0,0,0,0,0,0,0,0,0,0,0,0,0,0
2227,2003228872,9999.0,9999.0,2,2116,,,0,0,0,0,0,0,2,7,2003,4,17.0,1.0,0,9.0,3,0,3,  ,0,0.0,0,0,0,0,0,0,0,0,0,0,0,0,0,0,0,0,1
2228,2003228882,9999.0,9999.0,19,19402,41.0558,-76.2394,0,0,0,0,0,0,4,7,2003,7,19.0,1.0,0,1.0,2,2,3,  ,3,3.0,0,0,1,0,0,0,0,0,0,0,0,0,0,0,0,0,0
2229,2003228945,9999.0,9999.0,9,9101,40.1565,-74.862,0,1,0,0,1,0,4,9,2003,2,17.0,1.0,0,1.0,3,2,3,  ,3,3.0,0,0,1,0,0,0,0,0,0,0,0,0,0,0,0,0,0
2230,2003228949,9999.0,9999.0,36,36227,40.1568,-76.3815,0,0,0,0,0,0,4,10,2003,5,12.0,1.0,0,1.0,1,1,3,  ,3,3.0,0,0,1,0,0,0,0,0,0,0,0,0,0,0,0,0,0
2231,2003229040,9999.0,9999.0,2,2433,,,0,0,0,0,0,0,4,9,2003,7,13.0,1.0,0,1.0,3,1,3,  ,0,0.0,0,1,1,0,0,0,0,0,0,0,0,0,0,0,0,1,0
2232,2003229079,9999.0,9999.0,40,40301,40.957,-75.9858,0,0,0,0,0,1,4,6,2003,2,16.0,1.0,7,1.0,2,0,3,  ,0,0.0,0,0,1,0,0,0,0,0,0,0,0,0,0,0,0,0,0
2233,2003229111,9999.0,9999.0,46,46406,40.404,-75.5005,0,0,0,0,0,0,4,9,2003,6,19.0,4.0,0,1.0,1,1,3,  ,3,3.0,1,0,1,0,0,0,0,0,0,0,0,0,0,0,0,1,0
2234,2003229174,9999.0,9999.0,26,26301,,,0,0,0,0,0,0,9,9,2003,2,17.0,1.0,0,1.0,2,0,3,  ,0,0.0,0,0,0,0,0,0,0,0,0,0,0,0,0,0,0,0,0
2235,2003229241,9999.0,9999.0,37,37301,40.9737,-80.3746,0,0,0,0,0,0,4,9,2003,6,12.0,1.0,0,9.0,2,1,7,  ,2,3.0,1,0,1,0,0,0,0,0,0,0,0,0,0,0,0,0,0
2236,2003229270,9999.0,9999.0,22,22103,40.2253,-76.7959,0,0,0,0,0,0,4,10,2003,4,5.0,3.0,7,1.0,3,0,3,  ,0,0.0,0,0,1,0,0,0,0,0,0,0,0,0,0,0,0,0,0
2237,2003229315,9999.0,9999.0,9,9415,,,0,0,0,0,0,1,4,9,2003,2,19.0,4.0,0,1.0,2,0,3,  ,0,0.0,0,0,1,0,0,0,0,0,0,0,0,0,0,0,0,0,0
2238,2003229351,9999.0,9999.0,6,6427,40.3376,-75.9459,0,0,0,0,0,0,4,9,2003,4,14.0,1.0,0,1.0,3,2,3,  ,0,0.0,0,0,1,0,0,0,0,0,0,0,0,0,0,0,0,0,0
2239,2003229370,9999.0,9999.0,36,36227,40.1421,-76.4083,0,0,0,0,0,0,4,10,2003,2,15.0,1.0,0,1.0,1,2,3,  ,3,3.0,0,0,1,0,0,0,0,0,0,0,0,0,0,0,0,0,0
2240,2003229375,9999.0,9999.0,23,23402,39.8728,-75.388,0,0,0,0,0,1,4,10,2003,4,99.0,1.0,0,1.0,3,0,3,  ,0,0.0,0,0,1,0,0,0,0,0,0,0,0,0,0,0,0,0,0
2241,2003229433,9999.0,9999.0,9,9409,40.2183,-74.7799,0,0,0,0,1,0,1,10,2003,3,17.0,1.0,0,1.0,3,1,3,  ,9,9.0,0,0,0,0,0,0,0,0,0,0,0,0,0,0,0,0,0
2242,2003229483,9999.0,9999.0,40,40301,40.9517,-75.9786,0,0,0,0,0,0,4,5,2003,6,16.0,1.0,0,1.0,2,0,3,  ,0,0.0,0,0,1,0,0,0,0,0,0,0,0,0,0,0,0,0,0
2243,2003229492,9999.0,9999.0,9,9213,,,0,0,0,0,1,0,1,9,2003,2,14.0,1.0,0,1.0,3,0,3,  ,0,0.0,0,0,0,0,0,0,0,0,0,0,0,0,0,0,0,0,0
2244,2003229530,9999.0,9999.0,9,9213,40.206,-74.9299,0,0,0,0,0,0,4,9,2003,3,17.0,1.0,0,1.0,3,2,3,  ,3,3.0,1,0,1,0,0,0,0,0,0,0,0,0,0,0,0,0,0
2245,2003229539,9999.0,9999.0,9,9101,,,0,0,0,0,0,0,4,10,2003,5,20.0,3.0,7,1.0,3,0,3,  ,0,0.0,1,0,1,0,0,0,0,0,0,0,0,0,0,0,0,0,0
2246,2003229548,9999.0,9999.0,35,35407,41.4216,-75.6285,0,0,0,0,0,0,4,7,2003,5,16.0,1.0,0,1.0,3,1,3,  ,3,3.0,1,0,1,0,0,0,0,0,0,0,0,0,0,0,0,0,0
2247,2003229665,9999.0,9999.0,23,23108,39.9077,-75.3314,0,0,0,0,0,0,5,10,2003,2,17.0,1.0,0,1.0,3,2,3,  ,3,3.0,1,0,0,0,0,0,0,0,0,0,0,0,0,0,0,0,0
2248,2003229798,9999.0,9999.0,26,26301,40.0121,-79.5878,0,0,0,0,0,0,4,9,2003,2,14.0,1.0,0,9.0,2,1,7,  ,3,3.0,0,0,1,0,0,0,0,0,0,0,0,0,0,0,0,0,0
2249,2003229923,9999.0,9999.0,4,4422,40.6943,-80.2813,0,0,0,0,0,1,4,7,2003,2,16.0,1.0,0,1.0,3,1,3,  ,3,3.0,0,0,1,0,0,0,0,0,0,0,0,0,0,0,0,0,1
2250,2003229957,9999.0,9999.0,45,45214,41.0382,-75.2087,0,0,0,0,0,0,4,7,2003,5,12.0,1.0,0,1.0,1,2,3,  ,3,3.0,0,0,1,0,0,0,0,0,0,0,0,0,0,0,0,0,0
2251,2003229961,9999.0,9999.0,15,15101,39.9929,-75.7644,0,0,0,0,0,0,4,10,2003,5,16.0,1.0,7,1.0,3,0,3,  ,0,0.0,0,0,1,0,0,0,0,0,0,0,0,0,0,0,0,0,0
2252,2003230022,9999.0,9999.0,66,66301,,,0,0,0,0,0,0,4,10,2003,7,20.0,3.0,0,1.0,3,0,3,  ,0,0.0,1,0,1,0,0,0,0,0,0,0,0,0,0,1,0,0,1
2253,2003230075,9999.0,9999.0,25,25301,41.927,-79.6414,0,0,0,0,0,0,4,10,2003,5,17.0,1.0,0,1.0,2,1,3,  ,3,3.0,0,0,1,0,0,0,0,0,0,0,0,0,0,0,0,0,0
2254,2003230165,9999.0,9999.0,66,66301,,,0,0,0,0,0,0,4,10,2003,5,17.0,1.0,0,1.0,3,2,3,  ,3,3.0,0,0,1,0,0,0,0,0,0,0,0,0,0,0,0,0,0
2255,2003230169,9999.0,9999.0,66,66301,39.9535,-76.7488,0,0,0,0,0,0,4,10,2003,3,18.0,1.0,0,9.0,3,1,99,  ,3,3.0,0,0,1,0,0,0,0,0,0,0,0,0,0,0,0,0,0
2256,2003230234,9999.0,9999.0,9,9225,,,0,0,0,0,0,0,4,10,2003,6,12.0,1.0,7,1.0,3,0,3,  ,0,0.0,1,0,1,0,0,0,0,0,0,0,0,0,0,0,0,1,0
2257,2003230720,9999.0,9999.0,66,66413,39.8067,-76.9793,0,0,0,0,0,0,4,9,2003,7,11.0,1.0,0,9.0,2,1,3,  ,2,3.0,0,0,1,0,0,0,0,0,0,0,0,0,0,0,0,0,0
2258,2003230898,9999.0,9999.0,23,23107,,,0,0,0,0,0,0,4,10,2003,5,16.0,1.0,0,1.0,3,2,3,  ,3,3.0,0,0,1,0,0,0,0,0,0,0,0,0,0,0,0,0,1
2259,2003230939,9999.0,9999.0,2,2304,40.3526,-79.8399,0,0,0,0,0,0,4,11,2003,3,18.0,1.0,0,1.0,3,0,3,  ,0,0.0,0,0,1,0,0,0,0,0,0,0,0,0,0,0,0,0,0
2260,2003231763,9999.0,9999.0,46,46110,,,0,0,0,0,1,0,4,7,2003,7,20.0,1.0,7,1.0,3,0,3,  ,0,0.0,1,0,1,0,0,0,0,0,0,0,0,0,0,0,0,1,0
2261,2003231803,9999.0,9999.0,66,66301,39.9597,-76.7263,0,0,0,0,0,0,4,10,2003,7,18.0,4.0,0,1.0,3,1,3,  ,2,3.0,0,0,1,0,0,0,0,0,0,0,0,0,0,0,0,0,0
2262,2003231929,9999.0,9999.0,2,2109,40.3746,-80.051,0,0,0,0,0,0,4,10,2003,3,21.0,3.0,0,1.0,3,2,3,  ,0,0.0,0,0,1,0,0,0,0,0,0,0,0,0,0,0,0,0,0
2263,2003231988,9999.0,9999.0,66,66413,,,0,0,0,0,1,0,4,9,2003,6,17.0,1.0,0,1.0,2,2,3,  ,0,0.0,0,0,1,0,0,0,0,0,0,0,0,0,0,0,0,0,0
2264,2003232101,9999.0,9999.0,23,23414,39.914,-75.3797,0,0,0,0,0,0,4,10,2003,3,18.0,4.0,0,1.0,3,2,3,  ,3,3.0,1,0,1,0,0,0,0,0,0,0,0,0,0,0,0,0,1
2265,2003232202,9999.0,9999.0,48,48212,,,0,1,0,0,0,0,4,8,2003,5,15.0,1.0,7,1.0,3,0,3,  ,0,0.0,0,0,1,0,0,0,0,0,0,0,0,0,0,0,0,1,0
2266,2003232249,9999.0,9999.0,46,46224,40.1362,-75.2132,0,0,0,0,0,0,5,8,2003,6,13.0,1.0,0,1.0,3,0,3,  ,0,0.0,1,0,0,0,0,0,0,0,0,0,0,0,0,0,0,0,0
2267,2003232263,9999.0,9999.0,46,46224,40.0913,-75.2595,0,1,0,0,0,0,4,9,2003,4,10.0,1.0,7,1.0,3,0,3,  ,0,0.0,1,0,1,0,0,0,0,0,0,0,0,0,0,0,0,1,0
2268,2003232293,9999.0,9999.0,36,36410,40.1685,-76.3927,0,0,0,0,1,0,4,10,2003,5,21.0,9.0,0,1.0,2,1,3,  ,3,3.0,0,0,1,0,0,0,0,0,0,0,0,0,0,0,0,0,0