,CRN,ARRIVAL_TM,DISPATCH_TM,COUNTY,MUNICIPALITY,DEC_LAT,DEC_LONG,BICYCLE_DEATH_COUNT,BICYCLE_SUSP_SERIOUS_INJ_COUNT,BUS_COUNT,HEAVY_TRUCK_COUNT,SMALL_TRUCK_COUNT,SUV_COUNT,COLLISION_TYPE,CRASH_MONTH,CRASH_YEAR,DAY_OF_WEEK,HOUR_OF_DAY,ILLUMINATION,LOCATION_TYPE,ROAD_CONDITION,URBAN_RURAL,INTERSECT_TYPE,WEATHER1,WEATHER2,TCD_TYPE,TCD_FUNC_CD,AGGRESSIVE_DRIVING,ALCOHOL_RELATED,ANGLE_CRASH,CELL_PHONE,COMM_VEHICLE,DISTRACTED,DRINKING_DRIVER,DRUGGED_DRIVER,FATIGUE_ASLEEP,IMPAIRED_DRIVER,NHTSA_AGG_DRIVING,RUNNING_RED_LT,RUNNING_STOP_SIGN,SPEEDING_RELATED,TAILGATING,MATURE_DRIVER,YOUNG_DRIVER
2269,2003232312,9999.0,9999.0,46,46101,40.1387,-75.135,0,0,0,0,0,0,4,9,2003,3,18.0,1.0,0,9.0,3,1,99,  ,3,3.0,0,0,1,0,0,0,0,0,0,0,0,0,0,0,0,0,0
2270,2003232360,9999.0,9999.0,35,35412,41.3709,-75.7352,0,0,0,0,1,0,4,10,2003,6,19.0,3.0,0,1.0,3,2,3,  ,2,3.0,1,0,1,0,0,0,0,0,0,0,0,0,0,0,0,0,1
2271,2003232425,9999.0,9999.0,46,46421,,,0,0,0,0,1,0,4,10,2003,2,17.0,4.0,0,1.0,3,0,3,  ,0,0.0,0,0,1,0,0,0,0,0,0,0,0,0,0,0,0,0,0
2272,2003232606,9999.0,9999.0,66,66102,39.9378,-76.6864,0,0,0,0,0,0,4,10,2003,3,10.0,1.0,0,1.0,1,1,3,  ,9,9.0,1,0,1,0,0,0,0,0,0,0,0,0,0,0,0,1,0
2273,2003232619,9999.0,9999.0,7,7203,40.4281,-78.4173,0,0,0,0,0,0,4,11,2003,5,8.0,1.0,0,9.0,1,1,3,  ,2,3.0,1,0,1,0,0,0,0,0,0,0,0,0,0,0,0,0,0
2274,2003232688,9999.0,9999.0,46,46111,40.1275,-75.3695,0,0,0,0,0,0,4,10,2003,6,15.0,1.0,0,1.0,3,2,3,  ,3,3.0,0,0,1,0,0,0,0,0,0,0,0,0,0,0,0,1,0
2275,2003232757,9999.0,9999.0,48,48302,40.6773,-75.2224,0,0,0,0,0,0,4,11,2003,3,17.0,3.0,0,1.0,3,1,3,  ,3,3.0,0,0,1,0,0,0,0,0,0,0,0,0,0,0,0,0,0
2276,2003232785,9999.0,9999.0,23,23419,39.8805,-75.3046,0,0,0,0,0,0,4,9,2003,3,20.0,3.0,0,1.0,3,1,3,  ,2,3.0,0,0,1,0,0,0,0,0,0,0,0,0,0,0,0,0,1
2277,2003232863,9999.0,9999.0,2,2304,,,0,1,0,0,1,0,4,10,2003,7,18.0,1.0,0,1.0,3,1,3,  ,3,3.0,0,0,1,0,0,0,0,0,0,0,0,0,0,0,0,1,0
2278,2003233159,9999.0,9999.0,41,41409,41.2274,-76.9871,0,0,0,0,1,0,1,10,2003,6,16.0,9.0,0,9.0,3,1,99,  ,9,9.0,0,0,0,0,0,0,0,0,0,0,0,0,0,0,0,0,0
2279,2003233207,9999.0,9999.0,40,40414,41.2577,-75.8966,0,0,0,0,0,0,4,11,2003,3,16.0,1.0,0,1.0,3,1,3,  ,3,3.0,0,0,1,0,0,0,0,0,0,0,0,0,0,0,0,0,0
2280,2003233262,9999.0,9999.0,40,40301,40.9413,-75.9729,0,0,0,0,1,0,5,9,2003,6,16.0,1.0,0,1.0,2,0,3,  ,0,0.0,0,0,0,0,0,0,0,0,0,0,0,0,0,0,0,0,0
2281,2003233734,9999.0,9999.0,9,9401,40.1024,-74.8628,0,0,0,0,0,1,4,11,2003,6,18.0,3.0,7,1.0,3,0,3,  ,0,0.0,0,0,1,0,0,0,0,0,0,0,0,0,0,0,0,0,0
2282,2003233844,9999.0,9999.0,40,40301,,,0,0,0,0,0,0,4,8,2003,1,16.0,1.0,0,1.0,2,1,3,  ,0,0.0,0,0,1,0,0,0,0,0,0,0,0,0,0,0,0,0,0
2283,2003233903,9999.0,9999.0,40,40301,40.9631,-75.9553,0,0,0,0,0,0,4,7,2003,4,12.0,1.0,0,1.0,2,1,3,  ,0,0.0,0,0,1,0,0,0,0,0,0,0,0,0,0,0,0,0,0
2284,2003233921,9999.0,9999.0,40,40301,,,0,0,0,0,0,0,4,8,2003,6,21.0,3.0,0,1.0,2,1,3,  ,0,0.0,0,0,1,0,0,0,0,0,0,0,0,0,0,0,0,0,0
2285,2003234075,9999.0,9999.0,38,38301,,,0,0,0,0,0,1,4,11,2003,2,18.0,3.0,0,9.0,2,1,7,  ,2,3.0,0,0,1,0,0,0,0,0,0,0,0,0,0,0,0,0,0
2286,2003234216,9999.0,9999.0,23,23427,39.9321,-75.2493,0,0,0,0,0,0,4,11,2003,5,13.0,1.0,0,1.0,3,1,3,  ,2,3.0,0,1,1,0,0,0,0,0,0,0,0,0,0,0,0,0,0
2287,2003235000,9999.0,9999.0,6,6301,,,0,0,0,0,0,0,4,11,2003,4,17.0,4.0,0,9.0,3,1,7,  ,2,3.0,1,0,1,0,0,0,0,0,0,0,0,0,0,0,0,0,0
2288,2003235232,9999.0,9999.0,49,49302,,,0,0,0,0,0,0,1,9,2003,4,16.0,1.0,0,1.0,2,1,3,  ,3,3.0,0,0,0,0,0,0,0,0,0,0,0,0,0,0,0,0,0
2289,2003235252,9999.0,9999.0,46,46404,,,0,0,0,0,0,0,4,9,2003,3,16.0,1.0,0,1.0,3,1,3,  ,9,9.0,1,0,1,0,0,0,0,0,0,0,0,0,0,0,0,0,1
2290,2003235271,9999.0,9999.0,66,66301,39.968,-76.7119,0,0,0,0,0,0,4,9,2003,2,16.0,1.0,0,1.0,3,1,3,  ,2,3.0,0,0,1,0,0,0,0,0,0,0,0,0,0,0,0,0,0
2291,2003235297,9999.0,9999.0,45,45404,,,0,0,0,0,0,0,1,10,2003,6,16.0,1.0,3,1.0,2,0,3,  ,0,0.0,1,0,0,0,0,0,0,0,0,0,0,0,0,0,1,0,0
2292,2003235353,9999.0,9999.0,36,36223,40.038,-76.3439,0,0,0,0,0,0,4,10,2003,5,23.0,3.0,0,1.0,1,1,3,  ,2,3.0,1,0,1,0,0,0,0,0,0,0,0,0,0,0,0,0,0
2293,2003235404,9999.0,9999.0,48,48101,40.6535,-75.3352,0,0,0,0,0,0,4,10,2003,2,8.0,1.0,0,1.0,3,2,3,  ,2,3.0,0,0,1,0,0,0,0,0,0,0,0,0,0,0,0,1,0
2294,2003235408,9999.0,9999.0,66,66413,,,0,0,0,0,1,0,1,10,2003,6,15.0,1.0,0,1.0,2,0,3,  ,0,0.0,0,0,0,0,0,0,0,0,0,0,0,0,0,0,0,0,0
2295,2003235441,9999.0,9999.0,9,9212,40.1517,-75.0021,0,0,0,0,0,0,4,9,2003,6,9.0,1.0,0,1.0,3,2,3,  ,2,3.0,0,0,1,0,0,0,0,0,0,0,0,0,0,0,0,0,0
2296,2003235525,9999.0,9999.0,23,23108,,,0,0,0,0,0,0,4,10,2003,5,16.0,1.0,7,1.0,3,0,3,  ,0,0.0,0,0,1,0,0,0,0,0,0,0,0,0,0,0,0,0,0
2297,2003235614,9999.0,9999.0,66,66433,40.0239,-76.5384,0,0,0,0,0,0,4,10,2003,4,16.0,1.0,0,1.0,1,0,3,  ,0,0.0,0,0,1,0,0,0,0,0,0,0,0,0,0,0,0,0,1
2298,2003235688,9999.0,9999.0,23,23102,39.8975,-75.2714,0,0,0,0,0,0,4,8,2003,4,18.0,1.0,0,1.0,3,2,3,  ,3,3.0,1,1,1,0,0,0,1,0,0,1,0,0,0,0,0,1,0
2299,2003235732,9999.0,9999.0,22,22103,40.2239,-76.7943,0,0,0,0,0,0,4,10,2003,6,17.0,4.0,0,1.0,3,0,3,  ,0,0.0,0,0,1,0,0,0,0,0,0,0,0,0,0,0,0,0,0
2300,2003235738,9999.0,9999.0,2,2403,,,0,0,0,0,0,1,2,9,2003,1,15.0,1.0,0,1.0,3,0,3,  ,0,0.0,0,0,0,0,0,0,0,0,0,0,0,0,0,0,0,0,0
2301,2003235779,9999.0,9999.0,23,23424,39.8985,-75.3439,0,0,0,0,0,1,4,10,2003,5,11.0,1.0,0,1.0,3,1,3,  ,3,3.0,0,0,1,0,0,0,0,0,0,0,0,0,0,0,0,0,0
2302,2003235821,9999.0,9999.0,9,9101,40.1303,-74.8355,0,0,0,0,0,0,4,10,2003,4,8.0,1.0,0,1.0,3,0,3,  ,0,0.0,0,0,1,0,0,0,0,0,0,0,0,0,0,0,0,0,0
2303,2003236599,9999.0,9999.0,48,48302,40.692,-75.217,0,0,0,0,0,0,4,11,2003,7,19.0,3.0,0,1.0,3,1,3,  ,0,0.0,0,0,1,0,0,0,0,0,0,0,0,0,0,0,0,0,0
2304,2003236673,9999.0,9999.0,19,19402,,,0,0,0,0,1,0,4,11,2003,6,15.0,1.0,7,1.0,2,0,3,  ,0,0.0,0,0,1,0,0,0,0,0,0,0,0,0,0,0,0,0,0
2305,2003236701,9999.0,9999.0,23,23111,,,0,0,0,0,0,0,4,11,2003,5,17.0,3.0,0,1.0,3,2,3,  ,3,3.0,0,0,1,0,0,0,0,0,0,0,0,0,0,0,0,0,0
2306,2003236835,9999.0,9999.0,46,46411,40.2416,-75.2837,0,0,0,0,0,0,4,11,2003,3,19.0,3.0,0,9.0,3,1,7,  ,2,3.0,1,0,1,0,0,0,0,0,0,0,0,0,0,0,0,0,0
2307,2003236986,9999.0,9999.0,6,6301,,,0,0,0,0,0,0,5,8,2003,2,19.0,1.0,0,1.0,3,0,3,  ,0,0.0,1,0,0,0,0,0,0,0,0,0,0,0,0,0,0,0,0
2308,2003236994,9999.0,9999.0,46,46208,,,0,0,0,0,0,0,4,7,2003,3,18.0,1.0,7,1.0,3,0,3,  ,0,0.0,0,0,1,0,0,0,0,0,0,0,0,0,0,0,0,0,0
2309,2003237007,9999.0,9999.0,6,6301,,,0,0,0,0,0,0,4,8,2003,7,15.0,1.0,7,1.0,3,0,3,  ,0,0.0,1,0,1,0,0,0,0,0,0,0,0,0,0,0,0,0,0
2310,2003237011,9999.0,9999.0,39,39402,40.6558,-75.4769,0,0,0,0,0,1,4,7,2003,5,13.0,1.0,0,1.0,3,1,3,  ,3,3.0,0,1,1,0,0,0,1,0,0,1,0,0,0,0,0,0,0
2311,2003237178,9999.0,9999.0,15,15233,,,0,0,0,0,0,0,1,9,2003,5,4.0,5.0,0,1.0,3,0,3,  ,0,0.0,0,0,0,0,0,0,0,0,0,0,0,0,0,0,0,0,0
2312,2003237223,9999.0,9999.0,6,6301,,,0,0,0,0,0,0,4,10,2003,2,10.0,1.0,7,1.0,3,0,3,  ,0,0.0,1,0,1,0,0,0,0,0,0,0,0,0,0,0,0,0,1
2313,2003237236,9999.0,9999.0,23,23107,,,0,0,0,0,0,0,4,9,2003,3,18.0,4.0,0,1.0,3,1,3,  ,2,3.0,1,1,1,0,0,0,1,0,0,1,0,0,0,0,0,0,0
2314,2003237279,9999.0,9999.0,23,23111,39.9447,-75.2981,0,0,0,0,0,0,4,10,2003,5,16.0,1.0,0,1.0,3,1,3,  ,0,0.0,1,0,1,0,0,0,0,0,0,0,0,0,0,0,0,0,0
2315,2003237280,9999.0,9999.0,23,23111,39.9621,-75.2621,0,0,0,0,0,0,4,10,2003,1,14.0,1.0,0,1.0,3,1,3,  ,2,3.0,0,0,1,0,0,0,0,0,0,0,0,0,0,0,0,0,0
2316,2003237316,9999.0,9999.0,6,6301,40.3446,-75.9344,0,0,0,0,0,0,4,10,2003,6,19.0,3.0,0,1.0,3,1,3,  ,3,3.0,1,0,1,0,0,0,0,0,0,0,0,0,0,0,0,0,0
2317,2003237318,9999.0,9999.0,6,6301,40.332,-75.9169,0,0,0,0,1,0,6,10,2003,1,16.0,1.0,0,1.0,3,0,3,  ,0,0.0,0,0,0,0,0,0,0,0,0,0,0,0,0,0,0,0,0
2318,2003237320,9999.0,9999.0,6,6301,40.3384,-75.9258,0,0,0,0,0,0,4,11,2003,7,1.0,3.0,0,1.0,3,1,3,  ,2,3.0,1,0,1,0,0,0,0,0,0,0,0,0,0,0,0,0,0
2319,2003237564,9999.0,9999.0,10,10301,40.8598,-79.8952,0,0,0,0,0,0,4,10,2003,4,21.0,3.0,0,1.0,2,2,3,  ,2,3.0,0,0,1,0,0,0,0,0,0,0,0,0,0,0,0,0,0
2320,2003237568,9999.0,9999.0,37,37403,40.8575,-80.2824,0,0,0,0,0,1,4,9,2003,2,16.0,1.0,0,1.0,3,1,3,  ,0,0.0,0,0,1,0,0,0,0,0,0,0,0,0,0,0,0,0,0
2321,2003237880,9999.0,9999.0,23,23423,39.9131,-75.2669,0,0,0,0,0,0,4,12,2003,3,16.0,1.0,0,1.0,3,0,3,  ,0,0.0,0,0,1,0,0,0,0,0,0,0,0,0,0,0,0,0,0
2322,2003238397,9999.0,9999.0,48,48418,,,0,0,0,0,0,0,4,9,2003,5,18.0,1.0,0,1.0,3,2,3,  ,0,0.0,0,0,1,0,0,0,0,0,0,0,0,0,0,0,0,0,0
2323,2003238538,9999.0,9999.0,48,48212,40.6673,-75.2557,0,0,0,0,0,1,4,9,2003,7,13.0,1.0,0,1.0,3,1,3,  ,3,3.0,0,0,1,0,0,0,0,0,0,0,0,0,0,0,0,0,0
2324,2003238652,9999.0,9999.0,4,4103,40.6064,-80.2866,0,1,0,0,0,0,4,11,2003,5,17.0,3.0,7,1.0,3,0,3,  ,0,0.0,0,0,1,0,0,0,0,0,0,0,0,0,0,0,0,0,0
2325,2003238916,9999.0,9999.0,9,9213,,,0,0,0,0,0,0,4,11,2003,4,11.0,1.0,7,1.0,3,0,3,  ,0,0.0,0,0,1,0,0,0,0,0,0,0,0,0,0,0,0,0,0
2326,2003239028,9999.0,9999.0,9,9213,,,0,0,0,0,0,0,4,12,2003,4,15.0,1.0,7,1.0,3,0,3,  ,0,0.0,1,0,1,0,0,0,0,0,0,0,0,0,0,0,0,0,0
2327,2003239274,9999.0,9999.0,2,2413,,,0,0,0,0,0,0,4,9,2003,5,20.0,3.0,7,1.0,3,0,3,  ,0,0.0,0,0,1,0,0,0,0,0,0,0,0,0,0,0,0,0,0
2328,2003239284,9999.0,9999.0,2,2413,40.3705,-79.9752,0,0,0,0,0,0,4,6,2003,3,15.0,1.0,0,1.0,3,2,3,  ,2,3.0,0,0,1,0,0,0,0,0,0,0,0,0,0,0,0,0,1
2329,2003239380,9999.0,9999.0,62,62302,40.174,-80.2568,0,0,0,0,0,0,4,9,2003,1,13.0,1.0,0,1.0,3,2,3,  ,9,9.0,0,0,1,0,0,0,0,0,0,0,0,0,0,0,0,0,0
2330,2003239545,9999.0,9999.0,46,46108,40.1025,-75.2129,0,0,0,0,0,0,4,11,2003,6,17.0,3.0,0,1.0,3,1,3,  ,2,3.0,1,0,1,0,0,0,0,0,0,0,0,0,0,0,0,1,0
2331,2003239546,9999.0,9999.0,23,23301,39.8413,-75.3983,0,0,0,0,0,0,4,11,2003,5,16.0,4.0,0,1.0,3,2,3,  ,9,9.0,1,0,1,0,0,0,0,0,0,0,0,0,0,0,0,0,0
2332,2003239767,9999.0,9999.0,41,41301,41.2396,-77.0226,0,0,0,0,0,0,4,11,2003,6,21.0,3.0,0,9.0,3,0,3,  ,0,0.0,0,0,1,0,0,0,0,0,0,0,0,0,0,0,0,0,0
2333,2003239995,9999.0,9999.0,9,9205,,,0,0,0,0,0,0,1,12,2003,2,6.0,2.0,0,7.0,3,0,3,  ,0,0.0,0,0,0,0,0,0,0,0,0,0,0,0,0,0,0,0,0
2334,2003240186,9999.0,9999.0,10,10301,,,0,0,0,0,0,0,4,11,2003,4,7.0,1.0,0,1.0,2,0,3,  ,0,0.0,0,0,1,0,0,0,0,0,0,0,0,0,0,0,0,0,0
2335,2003240229,9999.0,9999.0,37,37403,40.8673,-80.2703,0,0,0,0,0,0,4,8,2003,6,22.0,3.0,0,9.0,3,2,7,  ,3,3.0,0,1,1,0,0,0,0,0,0,0,0,0,0,0,0,1,0
2336,2003240505,9999.0,9999.0,40,40301,,,0,0,0,0,0,0,4,10,2003,6,16.0,1.0,0,1.0,2,1,3,  ,0,0.0,0,0,1,0,0,0,0,0,0,0,0,0,0,0,0,0,0
2337,2003240594,9999.0,9999.0,9,9213,,,0,0,0,0,0,0,5,11,2003,1,15.0,1.0,0,1.0,3,0,3,  ,0,0.0,0,1,0,0,0,0,1,0,0,1,0,0,0,0,0,0,0
2338,2003240792,9999.0,9999.0,23,23208,40.0041,-75.4047,0,0,0,0,0,0,4,12,2003,7,14.0,1.0,0,1.0,3,2,3,  ,3,3.0,1,0,1,0,0,0,0,0,0,0,0,0,0,0,0,0,1
2339,2003240817,9999.0,9999.0,66,66231,39.9796,-76.8027,0,0,0,0,1,0,4,11,2003,1,15.0,1.0,0,1.0,1,1,3,  ,2,3.0,1,0,1,0,0,0,0,0,0,0,0,0,0,0,0,0,0
2340,2003240823,9999.0,9999.0,66,66231,,,0,0,0,0,0,0,4,11,2003,3,17.0,2.0,0,9.0,1,1,7,  ,3,3.0,0,1,1,0,0,0,0,0,0,0,0,0,0,0,0,0,0
2341,2003241064,9999.0,9999.0,6,6237,40.3145,-76.0331,0,0,0,0,0,0,4,12,2003,7,15.0,1.0,0,1.0,3,2,3,  ,3,3.0,1,0,1,0,0,0,0,0,0,0,0,0,0,0,0,0,0
2342,2003241577,9999.0,9999.0,62,62302,,,0,0,0,0,0,0,1,11,2003,7,18.0,2.0,0,1.0,3,1,3,  ,3,3.0,0,0,0,0,0,0,0,0,0,0,0,0,0,0,0,0,0
2343,2003241837,9999.0,9999.0,9,9409,,,0,0,0,0,0,0,2,12,2003,2,11.0,1.0,7,1.0,3,0,3,  ,0,0.0,0,0,0,0,0,0,0,0,0,0,0,0,0,0,0,0,0
2344,2003242081,9999.0,9999.0,23,23110,,,0,0,0,0,0,0,4,9,2003,5,17.0,1.0,7,1.0,3,0,3,  ,0,0.0,0,0,1,0,0,0,0,0,0,0,0,0,0,0,0,0,0
2345,2003242096,9999.0,9999.0,23,23110,,,0,1,0,0,0,0,4,8,2003,1,14.0,1.0,0,1.0,3,1,3,  ,0,0.0,0,0,1,0,0,0,0,0,0,0,0,0,0,0,0,0,0
2346,2003242653,9999.0,9999.0,23,23107,39.8812,-75.3394,0,1,0,0,0,0,4,12,2003,2,16.0,1.0,0,1.0,3,1,3,  ,3,3.0,0,0,1,0,0,0,0,0,0,0,0,0,0,0,0,0,0
2347,2003243211,9999.0,9999.0,33,33406,40.9412,-78.9727,0,0,0,0,0,0,4,2,2003,2,16.0,1.0,0,1.0,2,2,3,  ,3,3.0,0,0,1,0,0,0,0,0,0,0,0,0,0,0,0,0,1
2348,2003244243,9999.0,9999.0,66,66301,,,0,0,0,0,0,0,4,1,2003,5,16.0,1.0,7,1.0,3,0,3,  ,0,0.0,0,0,1,0,0,0,0,0,0,0,0,0,0,0,0,0,0
2349,2003244244,9999.0,9999.0,66,66301,39.9562,-76.7376,0,0,0,0,0,0,4,1,2003,1,15.0,1.0,0,1.0,3,2,3,  ,3,3.0,1,0,1,0,0,0,0,0,0,0,0,0,0,0,0,0,1
2350,2003245005,9999.0,9999.0,67,67301,39.959,-75.1719,0,0,0,0,0,0,4,2,2003,5,8.0,1.0,0,1.0,3,1,3,  ,9,9.0,1,0,1,0,0,0,0,0,0,0,0,0,0,0,0,0,0
2351,2003245040,9999.0,9999.0,48,48208,,,0,0,0,0,1,0,5,3,2003,4,17.0,1.0,0,1.0,1,0,3,  ,0,0.0,0,0,0,0,0,0,0,0,0,0,0,0,0,0,0,0,0
2352,2003245079,9999.0,9999.0,11,11220,,,0,0,0,0,0,0,5,4,2003,7,13.0,1.0,0,9.0,1,0,99,  ,0,0.0,1,0,0,0,0,0,0,0,0,0,0,0,0,0,0,0,0
2353,2003245109,9999.0,9999.0,20,20404,,,0,0,0,0,0,0,5,4,2003,6,22.0,9.0,0,1.0,1,0,3,  ,0,0.0,0,0,0,0,0,0,0,0,0,0,0,0,0,0,0,0,0
2354,2003245119,9999.0,9999.0,67,67301,,,0,0,0,0,0,0,4,4,2003,3,16.0,1.0,0,1.0,3,1,3,  ,3,3.0,1,0,1,0,0,0,0,0,0,0,0,0,1,0,0,0,0
2355,2003245144,9999.0,9999.0,53,53236,40.8286,-76.2091,0,0,0,0,0,1,4,5,2003,1,19.0,1.0,0,1.0,1,2,3,  ,9,9.0,0,0,1,0,0,0,0,0,0,0,0,0,0,0,0,0,0
2356,2003245194,9999.0,9999.0,67,67301,39.9307,-75.1831,0,0,0,0,0,0,4,6,2003,2,17.0,1.0,0,9.0,3,1,3,  ,9,9.0,0,0,1,0,0,0,0,0,0,0,0,0,0,0,0,0,0
2357,2003245207,9999.0,9999.0,38,38210,,,0,0,0,0,0,0,4,6,2003,3,9.0,1.0,7,1.0,1,0,3,  ,0,0.0,1,0,1,0,0,0,0,0,0,0,0,0,0,0,0,1,0
2358,2003245213,9999.0,9999.0,59,59206,,,0,0,0,0,1,0,5,6,2003,4,6.0,1.0,0,1.0,1,0,3,  ,0,0.0,1,0,0,0,0,0,0,0,0,0,0,0,0,0,1,0,0
2359,2003245274,9999.0,9999.0,62,62229,,,0,0,0,0,0,0,4,7,2003,4,19.0,1.0,0,1.0,1,1,3,  ,9,9.0,0,0,1,0,0,0,0,0,0,0,0,0,0,0,0,0,0
2360,2003245375,9999.0,9999.0,2,2301,40.4442,-79.9278,0,1,0,0,0,0,4,9,2003,3,17.0,1.0,0,1.0,3,1,3,  ,2,3.0,1,0,1,0,0,0,0,0,0,0,0,0,0,0,0,0,0
2361,2003245474,9999.0,9999.0,67,67301,,,0,1,0,0,0,0,5,10,2003,5,15.0,1.0,0,1.0,3,0,3,  ,0,0.0,0,0,0,0,0,0,0,0,0,0,0,0,0,0,0,0,0
2362,2003602515,9999.0,9999.0,40,40301,40.9676,-75.98,0,0,0,0,0,0,4,11,2003,7,13.0,1.0,0,1.0,2,1,3,  ,2,3.0,0,0,1,0,0,0,0,0,0,0,0,0,0,0,0,1,0
2363,2004000426,1208.0,1148.0,57,57218,,,0,0,0,0,0,0,5,7,2003,3,11.0,1.0,0,1.0,1,0,3,  ,0,0.0,0,0,0,0,0,0,0,0,0,0,0,0,0,0,0,0,0
2364,2004000651,724.0,720.0,48,48301,40.6462,-75.3621,0,0,0,0,0,0,4,10,2003,4,7.0,1.0,0,1.0,3,2,3,  ,3,3.0,0,0,1,0,0,0,0,0,0,0,0,0,0,0,0,0,0
2365,2004000903,2150.0,2138.0,41,41219,41.2506,-76.9725,0,0,0,0,0,0,4,8,2003,3,21.0,3.0,0,9.0,1,1,7,  ,2,3.0,0,0,1,0,0,0,0,0,0,0,0,0,0,0,0,0,0
2366,2004001041,1511.0,1508.0,36,36301,,,0,0,0,0,0,0,1,8,2003,2,15.0,1.0,0,1.0,3,0,3,  ,0,0.0,0,0,0,0,0,0,0,0,0,0,0,0,0,0,0,0,0
2367,2004002550,1258.0,1258.0,67,67301,40.0172,-75.0601,1,0,0,1,0,0,5,11,2003,2,13.0,1.0,0,1.0,3,0,3,  ,0,0.0,0,0,0,0,1,0,0,0,0,0,0,0,0,0,0,0,0
2368,2004003906,1745.0,1745.0,40,40407,41.3597,-75.8023,1,0,0,0,0,0,4,7,2003,5,17.0,1.0,7,1.0,3,0,3,  ,0,0.0,0,1,1,0,0,0,1,0,0,1,0,0,0,0,0,0,0
2369,2004003910,2020.0,2020.0,66,66227,39.9733,-76.6896,1,0,0,0,0,0,1,9,2003,1,20.0,3.0,0,1.0,3,1,3,  ,0,0.0,0,0,0,0,0,0,0,0,0,0,0,0,0,0,0,0,0
2370,2004004537,1255.0,1248.0,36,36234,40.0999,-76.2384,0,0,0,1,0,0,5,11,2003,2,12.0,1.0,0,1.0,1,2,3,  ,3,3.0,0,0,0,0,1,0,0,0,0,0,0,0,0,0,0,0,0
2371,2004005258,1422.0,1418.0,14,14410,40.799,-77.8758,0,0,0,1,0,0,5,10,2003,5,14.0,1.0,0,1.0,3,0,3,  ,0,0.0,0,0,0,0,1,0,0,0,0,0,0,0,0,0,0,0,0
2372,2004005269,1836.0,1834.0,2,2108,,,0,0,0,0,0,0,5,6,2003,7,18.0,1.0,0,1.0,3,2,3,  ,0,0.0,1,0,0,0,0,0,0,0,0,0,0,0,0,0,0,0,1
2373,2004005293,1009.0,1003.0,36,36101,40.109,-76.3346,0,0,0,0,0,0,1,6,2003,6,10.0,1.0,0,1.0,3,1,3,  ,2,3.0,0,0,0,0,0,1,0,0,0,0,0,0,0,0,0,0,0
2374,2004005315,945.0,940.0,36,36101,40.0579,-76.3059,0,0,0,0,0,0,4,6,2003,2,9.0,1.0,0,1.0,3,0,3,  ,0,0.0,0,0,1,0,0,0,0,0,0,0,0,0,0,0,0,0,0
2375,2004005318,1838.0,1838.0,67,67301,39.9539,-75.2006,0,0,0,0,0,0,1,5,2003,2,18.0,1.0,0,9.0,3,0,7,  ,0,0.0,0,0,0,0,0,0,0,0,0,0,0,0,0,0,0,0,0
2376,2004005335,1345.0,1343.0,25,25302,,,0,0,0,0,0,0,2,7,2003,1,13.0,1.0,0,1.0,3,0,3,  ,0,0.0,0,0,0,0,0,0,0,0,0,0,0,0,0,0,0,0,0
2377,2004005393,1141.0,1139.0,66,66217,39.9854,-76.7608,0,0,0,0,0,0,4,6,2003,2,11.0,1.0,0,1.0,3,0,3,  ,0,0.0,0,0,1,0,0,0,0,0,0,0,0,0,0,0,0,0,1
2378,2004005456,1405.0,1400.0,46,46413,40.1293,-75.3364,0,0,0,0,0,0,4,6,2003,2,99.0,1.0,0,1.0,3,0,3,  ,0,0.0,0,0,1,0,0,0,0,0,0,0,0,0,0,0,0,0,0
2379,2004005505,2139.0,2137.0,67,67301,,,0,0,0,0,0,0,4,5,2003,7,21.0,3.0,0,1.0,3,2,3,  ,0,0.0,0,0,1,0,0,0,0,0,0,0,0,0,0,0,0,0,0
2380,2004005532,1550.0,1545.0,67,67301,39.9577,-75.1624,0,0,0,0,0,0,4,5,2003,6,15.0,1.0,0,9.0,3,1,7,  ,2,3.0,0,0,1,0,0,0,0,0,0,0,0,0,0,0,0,0,0
2381,2004005533,1220.0,1215.0,67,67301,39.9619,-75.1593,0,0,0,0,0,0,4,5,2003,2,12.0,1.0,0,1.0,3,1,3,  ,2,3.0,0,0,1,0,0,0,0,0,0,0,0,0,0,0,0,0,0
2382,2004005573,1600.0,1551.0,67,67301,40.0218,-75.0471,0,0,0,0,0,0,4,5,2003,1,15.0,1.0,0,1.0,3,1,3,  ,0,0.0,0,0,1,0,0,0,0,0,0,0,0,0,0,0,0,0,0
2383,2004005576,1805.0,1755.0,67,67301,40.0355,-75.036,0,0,0,0,0,0,4,5,2003,3,17.0,1.0,0,1.0,3,0,3,  ,0,0.0,0,0,1,0,0,0,0,0,0,0,0,0,0,0,0,0,0
2384,2004005673,1353.0,1341.0,67,67301,40.0709,-75.0378,0,0,0,0,0,0,4,5,2003,7,13.0,1.0,0,1.0,3,1,3,  ,2,3.0,0,0,1,0,0,0,0,0,0,0,0,0,0,0,0,0,0
2385,2004005872,1738.0,1736.0,23,23111,,,0,0,0,0,0,0,4,6,2003,6,17.0,1.0,0,1.0,3,1,3,  ,3,3.0,0,0,1,0,0,0,0,0,0,0,0,0,0,0,0,0,0
2386,2004005930,1508.0,1507.0,15,15208,39.9641,-75.5481,0,0,0,0,0,0,4,6,2003,1,15.0,1.0,0,1.0,3,2,3,  ,0,0.0,0,0,1,0,0,0,0,0,0,0,0,0,0,0,0,0,1
2387,2004005983,1642.0,1641.0,49,49405,41.0187,-76.8558,0,0,0,0,0,0,4,7,2003,4,16.0,1.0,0,1.0,2,2,3,  ,0,0.0,0,0,1,0,0,0,0,0,0,0,0,0,0,0,0,0,0