,CRN,ARRIVAL_TM,DISPATCH_TM,COUNTY,MUNICIPALITY,DEC_LAT,DEC_LONG,BICYCLE_DEATH_COUNT,BICYCLE_SUSP_SERIOUS_INJ_COUNT,BUS_COUNT,HEAVY_TRUCK_COUNT,SMALL_TRUCK_COUNT,SUV_COUNT,COLLISION_TYPE,CRASH_MONTH,CRASH_YEAR,DAY_OF_WEEK,HOUR_OF_DAY,ILLUMINATION,LOCATION_TYPE,ROAD_CONDITION,URBAN_RURAL,INTERSECT_TYPE,WEATHER1,WEATHER2,TCD_TYPE,TCD_FUNC_CD,AGGRESSIVE_DRIVING,ALCOHOL_RELATED,ANGLE_CRASH,CELL_PHONE,COMM_VEHICLE,DISTRACTED,DRINKING_DRIVER,DRUGGED_DRIVER,FATIGUE_ASLEEP,IMPAIRED_DRIVER,NHTSA_AGG_DRIVING,RUNNING_RED_LT,RUNNING_STOP_SIGN,SPEEDING_RELATED,TAILGATING,MATURE_DRIVER,YOUNG_DRIVER
2388,2004006307,901.0,857.0,43,43204,41.2262,-80.2576,0,0,0,0,0,0,4,5,2003,5,8.0,1.0,0,1.0,1,0,3,  ,0,0.0,0,0,1,0,0,0,0,0,0,0,0,0,0,0,0,0,0
2389,2004006371,752.0,750.0,23,23106,,,0,0,0,0,0,0,4,7,2003,2,7.0,1.0,0,9.0,3,1,7,  ,2,3.0,1,0,1,0,0,0,0,0,0,0,0,0,0,0,0,1,0
2390,2004006398,850.0,847.0,25,25302,,,0,0,0,0,0,0,1,6,2003,3,8.0,1.0,7,1.0,3,0,3,  ,0,0.0,0,0,0,0,0,0,0,0,0,0,0,0,0,0,0,1,0
2391,2004006403,1259.0,1256.0,25,25302,42.1169,-80.0601,0,0,0,0,0,0,5,6,2003,2,12.0,1.0,0,1.0,3,0,3,  ,0,0.0,0,0,0,0,0,0,0,0,0,0,0,0,0,0,0,1,0
2392,2004006718,2355.0,2348.0,14,14206,40.8075,-77.8926,0,0,0,0,0,0,4,6,2003,7,23.0,2.0,0,1.0,1,1,3,  ,2,3.0,0,0,1,0,0,0,0,0,0,0,0,0,0,0,0,0,1
2393,2004006772,2034.0,2033.0,23,23103,,,0,0,0,0,0,0,4,4,2003,3,20.0,3.0,7,1.0,3,0,3,  ,0,0.0,1,0,1,0,0,0,0,0,0,0,0,0,0,0,0,0,0
2394,2004007034,1302.0,1259.0,33,33406,,,0,0,0,0,0,0,4,7,2003,4,12.0,1.0,0,1.0,2,0,3,  ,0,0.0,0,0,1,0,0,0,0,0,0,0,0,0,0,0,0,0,0
2395,2004007052,1507.0,1505.0,60,60301,41.3931,-79.8253,0,0,0,0,0,0,4,7,2003,4,15.0,1.0,0,1.0,2,1,3,  ,3,3.0,0,0,1,0,0,0,0,0,0,0,0,0,0,0,0,0,0
2396,2004007056,1910.0,1905.0,67,67301,39.9251,-75.1754,0,1,0,0,0,0,4,5,2003,2,19.0,1.0,0,1.0,3,1,3,  ,0,0.0,1,0,1,0,0,0,0,0,0,0,0,0,0,1,0,0,0
2397,2004007064,1800.0,1757.0,67,67301,39.9217,-75.2297,0,0,0,0,0,0,4,5,2003,3,17.0,1.0,99,1.0,3,2,3,  ,0,0.0,0,0,1,0,0,0,0,0,0,0,0,0,0,0,0,0,0
2398,2004007079,2136.0,2132.0,67,67301,,,0,0,0,0,0,0,4,5,2003,1,21.0,3.0,0,1.0,3,1,3,  ,3,3.0,0,0,1,0,0,0,0,0,0,0,0,0,0,0,0,0,0
2399,2004007092,2216.0,2215.0,67,67301,39.9666,-75.1604,0,0,0,0,0,0,4,10,2003,7,22.0,3.0,0,1.0,3,1,3,  ,2,3.0,1,0,1,0,0,0,0,0,0,0,0,0,0,0,0,0,1
2400,2004007128,1557.0,1541.0,48,48301,,,0,0,0,0,0,0,2,8,2003,4,15.0,1.0,0,1.0,3,0,3,  ,0,0.0,0,0,0,0,0,0,0,0,0,0,0,0,0,0,0,0,0
2401,2004007306,2254.0,2249.0,67,67301,,,0,0,0,0,0,0,1,5,2003,7,22.0,3.0,0,1.0,3,1,3,  ,2,3.0,0,0,0,0,0,0,0,0,0,0,0,0,0,0,0,0,0
2402,2004007337,1825.0,1825.0,67,67301,,,0,0,0,0,0,0,6,5,2003,1,18.0,1.0,0,1.0,3,0,3,  ,0,0.0,0,0,0,0,0,0,0,0,0,0,0,0,0,0,0,0,0
2403,2004007702,1708.0,1703.0,64,64210,40.2345,-79.2281,0,1,0,0,0,0,4,6,2003,5,17.0,1.0,0,1.0,1,0,3,  ,0,0.0,0,0,1,0,0,0,0,0,0,0,0,0,0,0,0,0,0
2404,2004007930,1117.0,1115.0,53,53301,,,0,0,0,0,0,0,4,6,2003,5,11.0,1.0,0,1.0,2,1,3,  ,3,3.0,0,0,1,0,0,0,0,0,0,0,0,0,0,0,0,0,0
2405,2004007933,1812.0,1812.0,53,53413,40.6867,-76.1791,0,1,0,0,0,0,4,6,2003,7,18.0,1.0,0,1.0,2,0,3,  ,0,0.0,0,0,1,0,0,0,0,0,0,0,0,0,0,0,0,0,0
2406,2004007982,1550.0,1549.0,23,23103,39.9695,-75.3249,0,0,0,0,0,0,4,4,2003,3,15.0,1.0,0,1.0,3,2,3,  ,3,3.0,0,0,1,0,0,0,0,0,0,0,0,0,0,0,0,0,0
2407,2004008388,1319.0,1302.0,19,19404,41.0538,-76.276,0,0,0,0,0,0,4,6,2003,1,13.0,1.0,0,1.0,2,1,3,  ,3,3.0,0,0,1,0,0,0,0,0,0,0,0,0,0,0,0,0,0
2408,2004008513,1730.0,1719.0,28,28210,39.9162,-77.906,0,0,0,0,0,0,4,8,2003,1,17.0,1.0,0,1.0,1,1,3,  ,3,3.0,0,0,1,0,0,0,0,0,0,0,0,0,0,0,0,0,0
2409,2004008537,1832.0,1827.0,28,28205,,,0,0,0,0,0,0,4,4,2003,3,18.0,1.0,0,1.0,2,1,3,  ,0,0.0,1,0,1,0,0,0,0,0,0,0,0,0,0,1,0,0,0
2410,2004008617,2015.0,2009.0,2,2301,,,0,0,0,0,0,0,4,6,2003,6,20.0,1.0,0,1.0,3,5,3,  ,0,0.0,0,0,1,0,0,0,0,0,0,0,0,0,0,0,0,0,0
2411,2004008854,133.0,127.0,2,2301,40.3916,-80.017,0,0,0,0,0,0,4,8,2003,6,1.0,3.0,0,1.0,3,2,3,  ,3,3.0,0,0,1,0,0,0,0,0,0,0,0,0,0,0,0,0,0
2412,2004009044,1827.0,1821.0,23,23207,39.899,-75.4428,0,0,0,0,0,0,5,7,2003,4,18.0,1.0,0,1.0,3,1,3,  ,0,0.0,0,0,0,0,0,0,0,0,0,0,0,0,0,0,0,0,0
2413,2004009162,2002.0,1946.0,28,28205,39.9602,-77.6826,0,1,0,0,0,1,6,5,2003,5,18.0,1.0,0,1.0,2,2,3,  ,3,2.0,0,0,0,0,0,0,0,0,0,0,0,0,0,0,0,0,0
2414,2004009611,751.0,751.0,46,46204,40.1884,-75.1255,0,0,0,0,0,0,1,9,2003,4,7.0,1.0,0,1.0,3,2,3,  ,3,3.0,1,0,0,0,0,0,0,0,0,0,0,0,0,0,0,0,0
2415,2004009748,1428.0,1425.0,9,9226,40.2235,-75.097,0,0,0,0,0,0,4,8,2003,7,14.0,1.0,0,1.0,3,2,3,  ,0,0.0,1,0,1,0,0,0,0,0,0,0,0,0,0,0,0,0,0
2416,2004009874,1840.0,1837.0,41,41230,41.2487,-77.0679,0,0,0,0,0,0,4,8,2003,4,18.0,1.0,0,1.0,1,2,3,  ,3,3.0,0,0,1,0,0,0,0,0,0,0,0,0,0,0,0,0,0
2417,2004009891,1652.0,1650.0,46,46107,40.092,-75.2886,0,1,0,0,0,0,4,5,2003,7,16.0,1.0,0,9.0,3,0,7,  ,0,0.0,0,0,1,0,0,0,0,0,0,0,0,0,0,0,0,0,0
2418,2004010137,1747.0,1744.0,25,25213,42.1034,-80.1556,0,0,0,0,0,0,4,6,2003,3,17.0,1.0,0,1.0,3,2,3,  ,0,0.0,1,0,1,0,0,0,0,0,0,0,0,0,0,0,0,0,0
2419,2004010249,1555.0,1551.0,25,25416,42.1349,-80.009,0,0,0,0,0,0,4,6,2003,7,15.0,1.0,0,1.0,3,5,99,  ,0,0.0,0,0,1,0,0,0,0,0,0,0,0,0,0,0,0,0,0
2420,2004010287,805.0,757.0,54,54208,40.8298,-76.8564,0,0,0,0,0,0,6,5,2003,4,7.0,1.0,0,1.0,1,0,3,  ,0,0.0,0,0,0,0,0,0,0,0,0,0,0,0,0,0,0,0,0
2421,2004010700,1548.0,1545.0,67,67301,39.9422,-75.1543,0,0,0,0,0,0,5,5,2003,7,15.0,1.0,0,1.0,3,0,3,  ,0,0.0,0,0,0,0,0,0,0,0,0,0,0,0,0,0,0,0,0
2422,2004010864,1831.0,1819.0,46,46423,40.1964,-75.4706,0,0,0,0,0,0,4,5,2003,1,18.0,1.0,0,1.0,3,0,3,  ,0,0.0,0,0,1,0,0,0,0,0,0,0,0,0,0,0,0,0,0
2423,2004010879,855.0,853.0,46,46213,,,0,1,0,0,0,0,4,6,2003,6,8.0,1.0,0,1.0,3,2,3,  ,2,3.0,1,0,1,0,0,0,0,0,0,0,0,0,0,0,0,0,0
2424,2004011080,1020.0,1015.0,67,67301,,,0,0,0,0,0,0,4,5,2003,4,10.0,1.0,0,1.0,3,1,3,  ,3,3.0,0,0,1,0,0,0,0,0,0,0,0,0,0,0,0,0,0
2425,2004011389,1720.0,1712.0,2,2301,,,0,0,0,0,0,0,4,9,2003,1,17.0,1.0,0,1.0,3,2,3,  ,3,3.0,0,0,1,0,0,0,0,0,0,0,0,0,0,0,0,0,0
2426,2004011400,830.0,830.0,67,67301,40.0488,-75.053,0,0,0,0,0,0,4,5,2003,5,8.0,1.0,0,1.0,3,1,3,  ,3,9.0,1,0,1,0,0,0,0,0,0,0,0,0,0,1,0,0,0
2427,2004011435,2010.0,1958.0,2,2301,,,0,0,0,0,0,0,4,8,2003,4,19.0,1.0,0,1.0,3,2,3,  ,3,3.0,0,0,1,0,0,0,0,0,0,0,0,0,0,0,0,0,0
2428,2004011535,1343.0,1329.0,22,22201,40.2134,-76.6198,0,0,0,0,0,0,4,6,2003,2,13.0,1.0,0,1.0,1,0,3,  ,0,0.0,0,0,1,0,0,0,0,0,0,0,0,0,0,0,0,0,0
2429,2004011709,1206.0,1205.0,23,23103,39.973,-75.3195,0,0,0,0,0,0,8,5,2003,7,12.0,1.0,0,1.0,3,0,3,  ,0,0.0,0,0,0,0,0,0,0,0,0,0,0,0,0,0,0,0,0
2430,2004011791,920.0,901.0,20,20226,41.6597,-80.3921,0,0,0,0,0,0,4,6,2003,1,9.0,1.0,0,1.0,1,1,3,  ,0,0.0,0,0,1,0,0,0,0,0,0,0,0,0,0,0,0,0,1
2431,2004012037,930.0,926.0,22,22101,40.2781,-76.8267,0,0,0,0,1,0,4,5,2003,3,9.0,1.0,0,1.0,3,2,3,  ,3,3.0,0,0,1,0,0,1,0,0,0,0,0,0,0,0,0,0,0
2432,2004012039,1821.0,1818.0,22,22101,40.3143,-76.8595,0,1,0,0,0,0,4,7,2003,2,18.0,1.0,0,9.0,3,2,7,  ,3,3.0,0,0,1,0,0,0,0,0,0,0,0,0,0,0,0,0,0
2433,2004012072,1543.0,1539.0,28,28215,39.7447,-77.555,0,0,0,0,1,0,4,6,2003,1,15.0,1.0,0,1.0,2,1,3,  ,2,3.0,1,0,1,0,0,0,0,0,0,0,0,0,0,0,0,0,0
2434,2004012610,1201.0,1146.0,67,67301,,,0,0,0,0,1,0,4,11,2003,5,11.0,1.0,0,1.0,3,1,3,  ,3,3.0,0,0,1,0,0,0,0,0,0,0,0,0,0,0,0,0,0
2435,2004012619,1900.0,1858.0,67,67301,39.997,-75.1296,0,0,1,0,0,0,5,10,2003,5,18.0,3.0,0,1.0,3,0,3,  ,0,0.0,0,0,0,0,1,0,0,0,0,0,0,0,0,0,0,0,0
2436,2004012714,1616.0,1611.0,67,67301,40.1186,-74.9934,0,0,0,0,0,0,8,10,2003,5,16.0,1.0,0,1.0,3,0,3,  ,0,0.0,0,0,0,0,0,0,0,0,0,0,0,0,0,0,0,0,0
2437,2004012785,1725.0,1724.0,46,46413,40.1202,-75.3301,0,0,0,0,0,0,4,8,2003,7,17.0,1.0,0,9.0,3,2,7,  ,3,3.0,0,0,1,0,0,0,0,0,0,0,0,0,0,0,0,0,0
2438,2004012830,1845.0,1838.0,46,46413,40.1179,-75.3563,0,0,0,0,0,0,8,9,2003,1,18.0,4.0,0,1.0,3,0,3,  ,0,0.0,0,0,0,0,0,0,0,0,0,0,0,0,0,0,0,0,0
2439,2004012836,2116.0,2115.0,46,46413,40.1158,-75.3493,0,0,0,0,0,0,4,7,2003,5,21.0,3.0,0,1.0,3,1,3,  ,2,3.0,1,0,1,0,0,0,0,0,0,0,0,0,0,1,0,0,0
2440,2004013186,1657.0,1654.0,67,67301,,,0,0,0,0,0,0,4,6,2003,2,16.0,1.0,0,1.0,3,0,3,  ,0,0.0,0,0,1,0,0,0,0,0,0,0,0,0,0,0,0,0,0
2441,2004013199,28.0,21.0,67,67301,,,0,0,0,0,0,0,5,7,2003,6,0.0,3.0,0,1.0,3,0,3,  ,0,0.0,0,0,0,0,0,0,0,0,0,0,0,0,0,0,0,0,0
2442,2004013254,1809.0,1809.0,67,67301,,,0,0,0,0,0,0,8,10,2003,2,18.0,1.0,0,1.0,3,0,3,  ,0,0.0,0,0,0,0,0,0,0,0,0,0,0,0,0,0,0,0,0
2443,2004013261,1648.0,1647.0,67,67301,39.9908,-75.1309,0,0,0,0,0,0,5,10,2003,2,,1.0,0,1.0,3,1,3,  ,2,3.0,0,0,0,0,0,0,0,0,0,0,0,0,0,0,0,0,0
2444,2004013338,2140.0,2131.0,23,23103,39.9719,-75.2877,0,0,0,0,0,0,4,10,2003,6,17.0,1.0,0,1.0,3,0,3,  ,0,0.0,0,0,1,0,0,0,0,0,0,0,0,0,0,0,0,0,0
2445,2004013435,1530.0,1530.0,61,61406,41.8484,-79.3263,0,0,0,0,0,0,4,6,2003,3,15.0,1.0,0,1.0,1,1,3,  ,2,3.0,0,0,1,0,0,0,0,0,0,0,0,0,0,0,0,0,0
2446,2004013501,1709.0,1705.0,48,48215,,,0,0,0,0,0,1,4,10,2003,6,17.0,1.0,0,1.0,1,2,3,  ,3,3.0,0,0,1,0,0,1,0,0,0,0,0,0,0,0,0,0,0
2447,2004014406,1939.0,1936.0,38,38407,,,0,0,0,0,0,0,4,5,2003,2,19.0,1.0,0,1.0,1,0,3,  ,0,0.0,1,0,1,0,0,0,0,0,0,0,0,0,0,0,0,0,0
2448,2004014807,1158.0,1142.0,41,41232,41.2109,-77.2497,0,0,0,0,0,0,0,7,2003,5,11.0,1.0,2,1.0,1,7,3,  ,0,0.0,0,0,0,0,0,0,0,0,0,0,0,0,0,0,0,0,0
2449,2004015165,1329.0,1316.0,15,15248,39.8565,-75.7713,0,1,0,0,0,0,4,6,2003,1,13.0,1.0,0,1.0,1,0,3,  ,0,0.0,1,0,1,0,0,0,0,0,0,0,0,0,0,0,0,0,0
2450,2004015628,750.0,741.0,21,21407,,,0,0,0,0,0,0,1,11,2003,3,7.0,1.0,0,1.0,3,0,3,  ,0,0.0,0,0,0,0,0,1,0,0,0,0,0,0,0,0,0,0,0
2451,2004015691,1705.0,1648.0,67,67301,39.9691,-75.1842,0,0,0,0,0,0,4,5,2003,5,99.0,1.0,0,1.0,3,0,3,  ,2,3.0,0,0,1,0,0,0,0,0,0,0,0,0,0,0,0,0,1
2452,2004015730,845.0,830.0,67,67301,,,0,0,0,0,0,0,4,5,2003,4,8.0,1.0,0,1.0,3,2,3,  ,0,0.0,1,0,1,0,0,0,0,0,0,0,0,0,0,0,0,0,0
2453,2004016393,1719.0,1714.0,67,67301,,,0,0,0,0,0,0,8,5,2003,3,,1.0,0,1.0,3,2,3,  ,2,9.0,0,0,0,0,0,0,0,0,0,0,0,0,0,0,0,0,0
2454,2004016395,1635.0,1635.0,67,67301,,,0,0,0,0,1,0,4,8,2003,5,16.0,1.0,0,1.0,3,2,3,  ,2,3.0,0,0,1,0,0,0,0,0,0,0,0,0,0,0,0,0,0
2455,2004016404,1940.0,1933.0,67,67301,39.9274,-75.1836,0,0,0,0,0,0,4,5,2003,1,99.0,1.0,0,1.0,3,1,3,  ,3,3.0,0,0,1,0,0,0,0,0,0,0,0,0,0,0,0,0,0
2456,2004016405,1310.0,1310.0,67,67301,39.9226,-75.1852,0,0,0,0,0,0,5,5,2003,3,21.0,3.0,0,1.0,3,1,3,  ,0,0.0,0,0,0,0,0,0,0,0,0,0,0,0,0,0,0,0,0
2457,2004016409,902.0,859.0,67,67301,,,0,0,0,0,0,0,2,5,2003,5,8.0,1.0,0,1.0,3,2,3,  ,0,0.0,0,0,0,0,0,0,0,0,0,0,0,0,0,0,0,0,0
2458,2004016478,1521.0,1520.0,40,40304,41.2351,-75.8858,0,0,0,0,0,0,4,7,2003,5,15.0,1.0,0,1.0,3,1,3,  ,2,3.0,0,0,1,0,0,0,0,0,0,0,0,0,0,0,0,0,0
2459,2004016592,1417.0,1306.0,6,6219,,,0,1,0,0,0,0,5,11,2003,4,17.0,2.0,0,1.0,1,0,3,  ,0,0.0,0,0,0,0,0,0,0,0,0,0,0,0,0,0,0,0,0
2460,2004016697,1722.0,1718.0,2,2301,40.4562,-79.8956,0,0,0,0,0,0,4,6,2003,6,17.0,1.0,0,1.0,3,1,3,  ,2,3.0,0,0,1,0,0,0,0,0,0,0,0,0,0,0,0,0,0
2461,2004017292,1915.0,1911.0,67,67301,39.9328,-75.1769,0,0,0,0,0,0,4,5,2003,4,19.0,1.0,0,1.0,3,0,3,  ,0,0.0,0,0,1,0,0,0,0,0,0,0,0,0,0,0,0,0,0
2462,2004017338,1249.0,1247.0,64,64301,40.5772,-79.7573,0,0,0,0,1,0,4,7,2003,6,12.0,1.0,0,1.0,3,1,3,  ,0,0.0,1,0,1,0,0,0,0,0,0,0,0,0,0,0,0,0,0
2463,2004017353,1905.0,1855.0,66,66425,,,0,0,0,0,0,0,6,5,2003,1,18.0,1.0,0,1.0,1,0,3,  ,0,0.0,0,0,0,0,0,0,0,0,0,0,0,0,0,0,0,0,0
2464,2004017918,1948.0,1943.0,10,10212,40.6844,-80.1115,0,0,0,0,0,0,4,10,2003,6,19.0,2.0,0,1.0,3,1,3,  ,2,3.0,0,0,1,0,0,0,0,0,0,0,0,0,0,0,0,1,0
2465,2004017984,1533.0,1530.0,25,25411,42.2171,-79.8306,0,0,0,0,1,0,8,6,2003,2,15.0,1.0,0,1.0,1,2,3,  ,0,0.0,1,0,0,0,0,0,0,0,0,0,0,0,0,0,0,0,1
2466,2004018046,2155.0,2151.0,67,67301,,,0,0,0,0,0,0,4,8,2003,5,21.0,3.0,0,1.0,3,1,3,  ,3,3.0,1,0,1,0,0,0,0,0,0,0,0,0,0,0,0,0,0
2467,2004018116,1919.0,1917.0,67,67301,40.0299,-75.2113,0,0,0,0,1,0,4,9,2003,3,19.0,3.0,0,1.0,3,1,3,  ,2,3.0,0,0,1,0,0,0,0,0,0,0,0,0,0,0,0,0,0
2468,2004018117,801.0,754.0,67,67301,40.0153,-75.2081,0,0,0,0,0,0,4,9,2003,3,7.0,1.0,0,1.0,3,0,3,  ,0,0.0,0,0,1,0,0,0,0,0,0,0,0,0,0,0,0,0,0
2469,2004018332,1405.0,1400.0,67,67301,39.9424,-75.1622,0,0,0,0,0,0,5,5,2003,2,13.0,1.0,0,1.0,3,0,3,  ,3,3.0,0,0,0,0,0,0,0,0,0,0,0,0,0,0,0,0,0
2470,2004018334,2008.0,1956.0,67,67301,40.1025,-75.0385,0,0,0,0,0,0,4,4,2003,2,19.0,3.0,0,1.0,3,2,3,  ,3,3.0,0,0,1,0,0,0,0,0,0,0,0,0,0,0,0,1,0
2471,2004018462,1635.0,1630.0,67,67301,,,0,0,0,0,0,0,4,9,2003,3,16.0,1.0,0,1.0,3,1,3,  ,2,2.0,0,0,1,0,0,0,0,0,0,0,0,0,0,0,0,0,0
2472,2004018655,1850.0,1845.0,67,67301,,,0,0,0,0,0,0,4,4,2003,1,18.0,1.0,0,1.0,3,0,3,  ,0,0.0,0,0,1,0,0,0,0,0,0,0,0,0,0,0,0,0,0
2473,2004018830,1445.0,1442.0,67,67301,40.0205,-75.0537,0,0,0,0,0,0,5,7,2003,1,14.0,1.0,0,1.0,3,1,3,  ,2,3.0,0,0,0,0,0,0,0,0,0,0,0,0,0,0,0,0,0
2474,2004018861,1857.0,1854.0,67,67301,40.0306,-75.0785,0,1,0,0,0,0,4,5,2003,5,18.0,1.0,0,1.0,3,2,3,  ,3,3.0,1,0,1,0,0,0,0,0,0,0,1,0,1,0,0,0,1
2475,2004018890,1128.0,1128.0,67,67301,,,0,0,0,0,0,0,8,7,2003,3,11.0,1.0,0,1.0,3,1,3,  ,2,3.0,0,0,0,0,0,0,0,0,0,0,0,0,0,0,0,0,0
2476,2004018918,15.0,9.0,67,67301,,,0,0,0,0,0,0,8,6,2003,6,23.0,3.0,0,9.0,3,0,7,  ,0,0.0,0,0,0,0,0,0,0,0,0,0,0,0,0,0,0,0,0
2477,2004018961,1923.0,1920.0,67,67301,40.0031,-75.1283,0,0,0,0,0,0,6,6,2003,2,19.0,1.0,99,1.0,3,2,3,  ,2,3.0,0,0,0,0,0,0,0,0,0,0,0,0,0,0,0,0,0
2478,2004019009,1652.0,1650.0,67,67301,39.9492,-75.1644,0,0,0,0,0,0,5,4,2003,4,16.0,1.0,0,1.0,3,0,3,  ,0,0.0,0,0,0,0,0,0,0,0,0,0,0,0,0,0,0,0,0
2479,2004019048,1132.0,1131.0,67,67301,39.9682,-75.2405,0,0,0,0,0,0,4,6,2003,5,11.0,1.0,0,1.0,3,1,3,  ,0,0.0,0,0,1,0,0,0,0,0,0,0,0,0,0,0,0,0,0
2480,2004019075,1430.0,1430.0,53,53301,40.6831,-76.1917,0,0,0,0,0,0,8,7,2003,7,14.0,1.0,0,1.0,2,0,3,  ,0,0.0,0,1,0,0,0,0,0,0,0,0,0,0,0,0,0,0,0
2481,2004019181,1935.0,1800.0,67,67301,40.0367,-75.0369,0,0,0,0,0,0,4,7,2003,3,18.0,1.0,0,1.0,3,0,3,  ,0,0.0,0,0,1,0,0,0,0,0,0,0,0,0,0,0,0,0,0
2482,2004019222,1651.0,1649.0,48,48407,,,0,0,0,0,0,0,4,7,2003,5,16.0,1.0,0,1.0,3,2,3,  ,0,0.0,0,0,1,0,0,0,0,0,0,0,0,0,0,0,0,0,0
2483,2004019249,2123.0,2109.0,2,2301,40.4189,-79.9711,0,0,0,0,0,0,6,7,2003,7,21.0,3.0,0,1.0,3,2,3,  ,3,3.0,0,0,0,0,0,0,0,0,0,0,0,0,0,0,0,0,0
2484,2004019374,1955.0,1945.0,67,67301,,,0,0,0,0,0,0,5,5,2003,7,19.0,4.0,0,9.0,3,0,7,  ,0,0.0,0,0,0,0,0,0,0,0,0,0,0,0,0,0,0,0,0
2485,2004019621,1900.0,1857.0,67,67301,,,0,0,0,0,0,0,4,6,2003,6,18.0,1.0,0,1.0,3,2,3,  ,3,3.0,1,0,1,0,0,0,0,0,0,0,0,0,0,1,0,0,1
2486,2004019678,1758.0,1756.0,67,67301,40.0762,-74.983,0,0,0,0,0,0,5,7,2003,3,17.0,1.0,0,1.0,3,0,3,  ,0,0.0,1,0,0,0,0,0,0,0,0,0,0,0,0,1,0,0,0
2487,2004019710,1907.0,1904.0,2,2301,40.4533,-80.0224,0,0,0,0,0,0,8,7,2003,6,19.0,8.0,0,1.0,3,1,3,  ,3,3.0,1,0,0,0,0,0,0,0,0,0,0,0,0,1,0,0,0
2488,2004019726,1804.0,1755.0,2,2301,,,0,0,0,0,0,0,4,7,2003,2,17.0,1.0,0,1.0,3,2,3,  ,0,0.0,0,0,1,0,0,0,0,0,0,0,0,0,0,0,0,0,0
2489,2004020101,259.0,250.0,67,67301,39.9545,-75.1811,0,0,0,0,0,0,4,8,2003,3,2.0,3.0,0,1.0,3,2,3,  ,2,3.0,0,0,1,0,0,0,0,0,0,0,0,0,0,0,0,0,0
2490,2004020110,1623.0,1607.0,67,67301,,,0,0,0,0,0,0,4,5,2003,2,16.0,1.0,0,98.0,3,1,3,  ,0,0.0,0,0,1,0,0,0,0,0,1,0,0,0,0,0,0,0,0
2491,2004020128,1930.0,1930.0,67,67301,,,0,0,0,0,0,0,5,6,2003,1,17.0,1.0,0,1.0,3,2,3,  ,0,0.0,0,0,0,0,0,0,0,0,0,0,0,0,0,0,0,0,1
2492,2004020145,1341.0,1340.0,39,39301,40.6078,-75.4743,0,0,0,0,0,0,4,6,2003,3,13.0,1.0,0,9.0,3,1,7,  ,2,3.0,0,0,1,0,0,0,0,0,0,0,0,0,0,0,0,0,0
2493,2004020182,2000.0,1945.0,46,46102,40.0675,-75.1466,0,0,0,0,0,0,4,3,2003,2,19.0,3.0,0,1.0,3,1,3,  ,2,3.0,0,0,1,0,0,0,0,0,0,0,0,0,0,0,0,0,0
2494,2004020282,1505.0,1500.0,67,67301,,,0,0,0,0,0,0,4,8,2003,4,99.0,1.0,0,1.0,3,0,3,  ,2,3.0,1,0,1,0,0,0,0,0,0,0,0,0,0,0,0,0,0
2495,2004020370,2126.0,2121.0,67,67301,,,0,0,0,0,0,0,4,7,2003,2,21.0,3.0,0,1.0,3,1,3,  ,0,0.0,0,0,1,0,0,0,0,0,0,0,0,0,0,0,0,0,0
2496,2004020373,1819.0,1815.0,67,67301,,,0,0,0,0,0,0,4,4,2003,7,18.0,1.0,0,1.0,3,0,3,  ,2,3.0,0,0,1,1,0,1,0,0,0,0,0,0,0,0,0,0,0
2497,2004020529,1137.0,1134.0,21,21401,40.2437,-76.923,0,0,0,0,1,0,4,12,2003,3,11.0,1.0,0,1.0,3,1,3,  ,3,3.0,0,0,1,0,0,0,0,0,0,0,0,0,0,0,0,0,0
2498,2004020618,1634.0,1630.0,67,67301,39.9959,-75.1215,0,0,0,0,0,0,8,4,2003,7,16.0,1.0,0,1.0,3,0,3,  ,0,0.0,0,0,0,0,0,0,0,0,0,0,0,0,0,0,0,0,0
2499,2004020783,1840.0,1837.0,23,23106,,,0,0,0,0,0,0,4,10,2003,4,18.0,1.0,0,1.0,3,0,3,  ,0,0.0,0,0,1,0,0,0,0,0,0,0,0,0,0,0,0,0,0
2500,2004020848,1000.0,1000.0,67,67301,,,0,0,0,0,0,0,5,7,2003,5,9.0,1.0,0,1.0,3,0,3,  ,0,0.0,0,0,0,0,0,0,0,0,0,0,0,0,0,0,0,0,0
2501,2004020850,2015.0,2010.0,67,67301,39.9503,-75.1473,0,0,0,0,0,0,4,10,2003,6,20.0,3.0,0,1.0,3,1,3,  ,2,3.0,1,0,1,0,0,0,0,0,0,0,0,1,0,1,0,0,0
2502,2004021217,2025.0,2019.0,67,67301,39.9845,-75.183,0,0,0,0,0,0,8,5,2003,2,20.0,3.0,0,1.0,3,5,3,  ,0,0.0,0,0,0,0,0,0,0,0,0,0,0,0,0,0,0,0,0
2503,2004021218,1013.0,1008.0,67,67301,39.9925,-75.1797,0,0,0,0,0,0,5,5,2003,6,10.0,1.0,0,1.0,3,0,3,  ,2,3.0,0,0,0,0,0,0,0,0,0,0,0,0,0,0,0,0,0
2504,2004021243,1638.0,1636.0,67,67301,39.9858,-75.181,0,0,0,0,0,0,1,4,2003,6,16.0,1.0,0,1.0,3,2,3,  ,0,0.0,0,0,0,0,0,0,0,0,0,0,0,0,0,0,0,0,0
2505,2004021248,1255.0,1247.0,67,67301,,,0,0,0,0,0,0,8,4,2003,1,12.0,1.0,0,1.0,3,1,3,  ,2,3.0,0,0,0,0,0,0,0,0,0,0,0,0,0,0,0,0,0
2506,2004021251,1327.0,1327.0,67,67301,,,0,0,0,0,0,0,4,5,2003,7,13.0,1.0,0,1.0,3,1,3,  ,2,3.0,0,0,1,0,0,0,0,0,0,0,0,0,0,0,0,0,0