,CRN,ARRIVAL_TM,DISPATCH_TM,COUNTY,MUNICIPALITY,DEC_LAT,DEC_LONG,BICYCLE_DEATH_COUNT,BICYCLE_SUSP_SERIOUS_INJ_COUNT,BUS_COUNT,HEAVY_TRUCK_COUNT,SMALL_TRUCK_COUNT,SUV_COUNT,COLLISION_TYPE,CRASH_MONTH,CRASH_YEAR,DAY_OF_WEEK,HOUR_OF_DAY,ILLUMINATION,LOCATION_TYPE,ROAD_CONDITION,URBAN_RURAL,INTERSECT_TYPE,WEATHER1,WEATHER2,TCD_TYPE,TCD_FUNC_CD,AGGRESSIVE_DRIVING,ALCOHOL_RELATED,ANGLE_CRASH,CELL_PHONE,COMM_VEHICLE,DISTRACTED,DRINKING_DRIVER,DRUGGED_DRIVER,FATIGUE_ASLEEP,IMPAIRED_DRIVER,NHTSA_AGG_DRIVING,RUNNING_RED_LT,RUNNING_STOP_SIGN,SPEEDING_RELATED,TAILGATING,MATURE_DRIVER,YOUNG_DRIVER
2507,2004021325,1500.0,1458.0,38,38406,40.3071,-76.595,0,0,0,0,1,0,4,9,2003,2,14.0,1.0,0,1.0,3,1,3,  ,0,0.0,0,0,1,0,0,0,0,0,0,0,0,0,0,0,0,0,0
2508,2004021551,2135.0,2133.0,67,67301,40.0383,-75.1016,0,0,0,0,0,0,4,7,2003,6,21.0,3.0,0,1.0,3,1,3,  ,2,3.0,1,0,1,0,0,0,0,0,0,0,0,0,0,0,0,1,0
2509,2004021730,1152.0,1146.0,67,67301,39.9534,-75.1548,0,0,0,0,0,0,4,8,2003,5,11.0,1.0,0,1.0,3,0,3,  ,0,0.0,0,0,1,0,0,0,0,0,0,0,0,0,0,0,0,0,0
2510,2004021832,1652.0,1653.0,67,67301,,,0,0,0,0,0,0,4,6,2003,6,16.0,1.0,0,9.0,3,2,7,  ,0,0.0,0,0,1,0,0,0,0,0,0,0,0,0,0,0,0,0,1
2511,2004021937,1000.0,955.0,67,67301,39.9255,-75.2319,0,0,0,0,1,0,4,4,2003,6,9.0,1.0,0,9.0,3,1,7,  ,3,2.0,0,0,1,0,0,0,0,0,0,0,0,0,0,0,0,0,0
2512,2004021956,2042.0,2040.0,67,67301,40.0296,-75.1039,0,0,0,0,0,0,4,7,2003,4,20.0,3.0,0,1.0,3,1,3,  ,2,3.0,0,0,1,0,0,0,0,0,0,0,0,0,0,0,0,0,0
2513,2004021972,2135.0,2128.0,67,67301,39.9142,-75.1613,0,0,0,0,0,0,4,5,2003,4,21.0,3.0,0,1.0,3,2,3,  ,0,0.0,0,0,1,0,0,0,0,0,0,0,0,0,0,0,0,0,0
2514,2004021987,2105.0,2103.0,67,67301,40.0286,-75.0339,0,0,0,0,0,0,4,4,2003,4,21.0,3.0,0,1.0,3,1,3,  ,2,3.0,0,0,1,0,0,0,0,0,0,0,0,0,0,0,0,0,0
2515,2004022381,1600.0,1555.0,6,6203,40.3184,-75.7841,0,1,0,0,1,0,8,6,2003,5,15.0,1.0,0,1.0,1,0,3,  ,0,0.0,0,0,0,0,0,0,0,0,0,0,0,0,0,0,0,0,0
2516,2004022400,1808.0,1806.0,25,25302,,,0,0,0,0,0,0,4,2,2003,3,18.0,1.0,0,1.0,3,0,3,  ,0,0.0,1,0,1,0,0,0,0,0,0,0,0,0,0,0,0,0,1
2517,2004022417,1723.0,1720.0,25,25213,42.0808,-80.1261,0,0,0,0,0,0,4,7,2003,3,17.0,1.0,0,1.0,3,2,3,  ,3,3.0,1,0,1,0,0,0,0,0,0,0,0,0,0,1,0,0,0
2518,2004022741,1325.0,1300.0,61,61223,,,0,1,0,0,0,0,0,7,2003,6,12.0,1.0,0,1.0,1,0,3,  ,0,0.0,0,0,0,0,0,0,0,0,0,0,0,0,0,0,0,0,1
2519,2004022831,1745.0,1724.0,36,36101,40.0887,-76.3066,0,0,0,0,0,0,4,11,2003,3,17.0,3.0,0,1.0,3,0,3,  ,0,0.0,0,0,1,0,0,0,0,0,0,0,0,0,0,0,0,1,0
2520,2004023194,1615.0,1613.0,36,36301,40.0517,-76.3102,0,1,0,1,0,0,5,9,2003,4,16.0,1.0,0,1.0,3,1,3,  ,2,3.0,0,0,0,0,1,1,0,0,0,0,0,0,0,0,0,0,0
2521,2004023729,1728.0,1725.0,9,9208,40.1719,-74.8384,0,1,0,0,0,0,4,3,2003,6,17.0,1.0,0,1.0,3,2,3,  ,0,0.0,0,0,1,0,0,0,0,0,0,0,0,0,0,0,0,0,0
2522,2004023745,1655.0,1645.0,67,67301,40.066,-75.0169,0,0,0,0,0,0,4,7,2003,5,16.0,1.0,0,1.0,3,0,3,  ,0,0.0,0,0,1,0,0,0,0,0,0,0,0,0,0,0,0,0,1
2523,2004023772,1800.0,1752.0,67,67301,39.967,-75.2448,0,0,0,0,0,0,4,7,2003,2,,1.0,0,1.0,3,0,3,  ,0,0.0,0,0,1,0,0,0,0,0,0,0,0,0,0,0,0,0,0
2524,2004023800,2134.0,2131.0,67,67301,40.0771,-75.087,0,0,0,0,0,0,4,9,2003,7,21.0,3.0,0,9.0,3,1,3,  ,3,3.0,0,0,1,0,0,0,0,0,0,0,0,0,0,0,0,0,0
2525,2004023811,1500.0,1455.0,67,67301,40.0178,-75.0746,0,1,0,0,0,0,4,8,2003,3,14.0,1.0,0,1.0,3,1,3,  ,3,3.0,0,0,1,0,0,0,0,0,0,0,0,0,0,0,0,0,0
2526,2004023812,935.0,935.0,67,67301,,,0,1,0,0,0,0,4,8,2003,4,9.0,1.0,0,1.0,3,1,3,  ,0,0.0,0,0,1,0,0,0,0,0,0,0,0,0,0,0,0,0,0
2527,2004023834,1428.0,1421.0,67,67301,,,0,0,0,0,0,0,1,8,2003,1,14.0,1.0,0,9.0,3,1,7,  ,3,3.0,0,0,0,0,0,0,0,0,0,0,0,0,0,0,0,1,0
2528,2004023842,1233.0,1230.0,67,67301,,,0,0,0,0,0,0,5,5,2003,6,12.0,1.0,0,9.0,3,0,7,  ,0,0.0,0,0,0,0,0,0,0,0,0,0,0,0,0,0,0,0,0
2529,2004024042,1810.0,1801.0,67,67301,40.0475,-75.1639,0,0,0,0,0,0,8,10,2003,5,17.0,1.0,0,1.0,3,1,3,  ,0,0.0,0,0,0,0,0,0,0,0,0,0,0,0,0,0,0,0,0
2530,2004024058,522.0,517.0,67,67301,40.0321,-75.1024,0,0,0,0,0,0,2,9,2003,2,5.0,3.0,0,1.0,3,2,3,  ,3,3.0,1,0,0,0,0,0,0,0,0,0,0,0,0,0,0,0,0
2531,2004024185,1750.0,1737.0,67,67301,40.0461,-75.2306,0,0,0,0,0,0,4,5,2003,2,15.0,1.0,7,1.0,3,3,99,  ,0,0.0,0,0,1,0,0,0,0,0,0,0,0,0,0,0,0,1,0
2532,2004024195,1704.0,1700.0,67,67301,,,0,0,0,0,0,0,8,5,2003,4,16.0,1.0,0,1.0,3,0,3,  ,0,0.0,0,0,0,0,0,0,0,0,0,0,0,0,0,0,0,0,0
2533,2004024415,1646.0,1644.0,23,23207,,,0,0,0,0,0,0,4,9,2003,3,16.0,1.0,0,1.0,3,2,3,  ,0,0.0,0,0,1,0,0,0,0,0,0,0,0,0,0,0,0,1,0
2534,2004024973,1903.0,1901.0,40,40232,,,0,0,0,0,0,0,4,7,2003,3,19.0,1.0,0,1.0,1,0,3,  ,0,0.0,0,0,1,1,0,1,0,0,0,0,0,0,0,0,0,0,0
2535,2004025106,1902.0,1847.0,15,15245,,,0,1,0,0,0,0,4,8,2003,1,18.0,1.0,0,1.0,1,0,3,  ,0,0.0,0,0,1,0,0,0,0,0,0,0,0,0,0,0,0,1,0
2536,2004025226,1826.0,1823.0,46,46413,40.1228,-75.3402,0,0,0,0,0,0,4,10,2003,2,18.0,4.0,0,1.0,3,1,3,  ,3,3.0,0,0,1,0,0,0,0,0,0,0,0,0,0,0,0,0,0
2537,2004025399,700.0,652.0,61,61301,41.8415,-79.1358,0,0,0,0,0,0,4,9,2003,6,6.0,5.0,0,9.0,2,2,7,  ,3,3.0,1,0,1,0,0,0,0,0,0,0,0,0,0,0,0,1,0
2538,2004025407,1558.0,1555.0,60,60301,41.3979,-79.8314,0,0,0,0,0,0,4,12,2003,2,15.0,1.0,0,9.0,2,1,3,  ,2,3.0,0,0,1,0,0,0,0,0,0,0,0,0,0,0,0,0,0
2539,2004025420,1613.0,1608.0,48,48301,40.6275,-75.3752,0,0,0,0,1,0,4,11,2003,2,16.0,1.0,0,1.0,3,1,3,  ,3,3.0,0,0,1,0,0,0,0,0,0,0,0,0,0,0,0,0,0
2540,2004025610,1624.0,1624.0,36,36215,40.0749,-76.2364,0,0,0,0,0,0,5,11,2003,6,16.0,1.0,0,1.0,1,0,3,  ,0,0.0,0,0,0,0,0,0,0,0,0,0,0,0,0,0,0,0,0
2541,2004025723,1334.0,1315.0,38,38215,40.4195,-76.4985,0,0,1,0,0,0,5,10,2003,5,13.0,1.0,0,1.0,1,0,3,  ,0,0.0,1,0,0,0,1,0,0,0,0,0,0,0,0,0,0,1,0
2542,2004025876,1740.0,1705.0,64,64207,40.3208,-79.1982,0,0,0,0,0,0,6,6,2003,6,16.0,1.0,0,1.0,1,0,3,  ,0,0.0,0,0,0,0,0,0,0,0,0,0,0,0,0,0,0,0,0
2543,2004026175,2005.0,2000.0,67,67301,40.0837,-74.9725,0,0,0,0,0,0,4,7,2003,3,19.0,1.0,0,1.0,3,2,3,  ,3,9.0,0,0,1,0,0,0,0,0,0,0,0,0,0,0,0,0,0
2544,2004026190,9999.0,9999.0,67,67301,,,0,0,0,0,0,0,4,5,2003,2,17.0,4.0,0,1.0,3,1,3,  ,0,0.0,0,0,1,0,0,0,0,0,0,0,0,0,0,0,0,0,0
2545,2004026191,1313.0,1309.0,67,67301,,,0,0,0,1,0,0,5,7,2003,5,17.0,1.0,0,1.0,3,2,99,  ,3,9.0,0,0,0,0,0,0,0,0,0,0,0,0,0,0,0,0,0
2546,2004026192,1728.0,1727.0,67,67301,39.962,-75.2414,0,0,0,0,0,0,4,6,2003,2,17.0,1.0,0,1.0,3,2,3,  ,0,0.0,0,0,1,0,0,0,0,0,0,0,0,0,0,0,0,0,0
2547,2004026196,2250.0,2250.0,48,48301,40.6134,-75.3848,0,0,0,0,0,1,6,8,2003,6,,3.0,0,1.0,3,0,3,  ,0,0.0,0,1,0,0,0,0,0,0,0,0,0,0,0,0,0,0,0
2548,2004026513,1754.0,1745.0,21,21219,,,0,0,0,0,0,0,4,8,2003,1,17.0,1.0,0,1.0,1,2,3,  ,3,3.0,1,0,1,0,0,0,0,0,0,0,0,0,0,0,0,0,1
2549,2004026669,1911.0,1909.0,36,36301,40.0324,-76.3025,0,0,0,0,1,0,6,8,2003,2,19.0,1.0,0,1.0,3,2,3,  ,3,3.0,0,0,0,0,0,0,0,0,0,0,0,0,0,0,0,0,0
2550,2004026670,1310.0,1258.0,36,36301,40.0342,-76.3017,0,0,0,0,0,0,4,8,2003,3,12.0,1.0,0,1.0,3,2,3,  ,0,0.0,0,0,1,0,0,0,0,0,0,0,0,0,0,0,0,0,0
2551,2004026979,1132.0,1129.0,67,67301,,,0,0,0,0,1,0,8,11,2003,4,11.0,1.0,0,1.0,3,2,3,  ,9,9.0,0,0,0,0,0,1,0,0,0,0,0,0,0,0,0,0,0
2552,2004027000,2341.0,2330.0,61,61201,,,0,0,0,0,0,0,2,7,2003,3,22.0,3.0,0,1.0,1,0,3,  ,0,0.0,0,0,0,0,0,0,0,0,0,0,0,0,0,0,0,0,0
2553,2004027053,1742.0,1741.0,67,67301,,,0,0,0,0,0,0,4,10,2003,3,17.0,3.0,0,9.0,3,1,7,  ,3,3.0,0,0,1,0,0,0,0,0,0,0,0,0,0,0,0,0,0
2554,2004027057,800.0,754.0,67,67301,40.0394,-75.0426,0,0,0,0,0,0,4,11,2003,4,7.0,1.0,0,9.0,3,1,3,  ,3,3.0,0,0,1,0,0,0,0,0,0,0,0,0,0,0,0,0,0
2555,2004027060,1727.0,1713.0,67,67301,39.9551,-75.1729,0,0,0,0,0,0,4,12,2003,2,14.0,1.0,0,1.0,3,2,3,  ,2,3.0,1,0,1,0,0,0,0,0,0,0,1,0,0,0,0,0,0
2556,2004027063,1920.0,1915.0,67,67301,40.0275,-75.052,0,0,0,0,0,0,4,11,2003,1,19.0,2.0,0,1.0,3,1,3,  ,3,3.0,0,0,1,0,0,0,0,0,0,0,0,0,0,0,0,0,0
2557,2004027073,1200.0,1200.0,67,67301,40.0143,-75.1781,0,1,0,0,0,0,4,9,2003,3,22.0,3.0,0,1.0,3,1,99,  ,2,9.0,0,0,1,0,0,0,0,0,0,0,0,0,0,0,0,0,0
2558,2004027132,2049.0,2048.0,39,39301,,,0,0,0,0,0,0,4,10,2003,6,20.0,3.0,0,1.0,3,1,3,  ,3,3.0,0,0,1,0,0,0,0,0,0,0,0,0,0,0,0,0,0
2559,2004027446,1629.0,1626.0,36,36301,40.0323,-76.3074,0,0,0,0,0,0,4,8,2003,1,16.0,1.0,0,1.0,3,0,3,  ,0,0.0,0,0,1,0,0,0,0,0,0,0,0,0,0,0,0,0,0
2560,2004027448,1355.0,1353.0,36,36301,40.036,-76.3082,0,0,0,0,0,1,4,8,2003,5,13.0,1.0,0,1.0,3,1,3,  ,3,2.0,0,0,1,0,0,0,0,0,0,0,0,0,0,0,0,0,0
2561,2004027572,1634.0,1631.0,48,48210,40.5695,-75.3504,0,0,0,0,0,0,6,7,2003,7,10.0,1.0,0,1.0,1,1,3,  ,3,3.0,0,0,0,0,0,0,0,0,0,0,0,0,0,0,0,1,0
2562,2004027621,1252.0,1250.0,67,67301,,,0,0,0,0,0,0,6,12,2003,4,12.0,1.0,0,7.0,3,0,10,  ,0,0.0,0,0,0,0,0,0,0,0,0,0,0,0,0,0,0,0,0
2563,2004028585,1728.0,1725.0,46,46102,40.0768,-75.158,0,0,0,0,0,0,2,10,2003,7,17.0,1.0,0,1.0,3,0,3,  ,0,0.0,0,0,0,0,0,0,0,0,0,0,0,0,0,0,0,1,0
2564,2004029196,1910.0,1906.0,62,62204,40.1785,-80.2749,0,1,0,0,1,0,4,8,2003,3,19.0,1.0,0,1.0,3,2,3,  ,0,0.0,0,0,1,0,0,0,0,0,0,0,0,0,0,0,0,0,0
2565,2004029406,1540.0,1517.0,35,35210,,,0,0,0,0,1,0,6,7,2003,2,15.0,1.0,0,1.0,1,0,3,  ,0,0.0,0,0,0,0,0,0,0,0,0,0,0,0,0,0,0,0,0
2566,2004029585,1607.0,1605.0,67,67301,39.9314,-75.1653,0,0,0,0,0,0,4,12,2003,6,15.0,1.0,0,1.0,3,2,3,  ,0,0.0,0,0,1,0,0,0,0,0,0,0,0,0,0,0,0,0,0
2567,2004029628,1820.0,1816.0,67,67301,39.9577,-75.1624,0,0,0,0,0,0,8,12,2003,1,18.0,3.0,0,9.0,3,1,7,  ,2,3.0,0,0,0,0,0,0,0,0,0,0,0,0,0,0,0,0,0
2568,2004029795,1755.0,1752.0,39,39301,,,0,0,0,0,1,0,4,10,2003,4,17.0,4.0,0,1.0,3,1,3,  ,3,2.0,0,0,1,0,0,0,0,0,0,0,0,0,0,0,0,0,0
2569,2004029830,1650.0,1647.0,67,67301,39.9248,-75.173,0,0,0,0,0,0,5,11,2003,6,23.0,6.0,0,1.0,3,1,3,  ,2,2.0,0,0,0,0,0,0,0,0,0,0,0,0,0,0,0,1,0
2570,2004029846,1712.0,1707.0,67,67301,,,0,0,0,0,0,0,4,11,2003,6,17.0,3.0,7,9.0,3,0,7,  ,2,3.0,0,0,1,0,0,0,0,0,0,0,0,0,0,0,0,0,0
2571,2004029963,1938.0,1936.0,61,61301,41.8425,-79.1342,0,0,0,0,1,0,4,8,2003,7,19.0,1.0,0,1.0,2,1,3,  ,3,3.0,0,0,1,0,0,0,0,0,0,0,0,0,0,0,0,0,0
2572,2004030153,1557.0,1553.0,40,40424,41.1537,-76.152,0,0,0,0,0,0,4,9,2003,3,15.0,1.0,0,1.0,1,2,3,  ,3,3.0,0,0,1,0,0,0,0,0,0,0,0,0,0,0,0,0,0
2573,2004030266,1721.0,1718.0,22,22102,40.2585,-76.8038,0,0,0,0,0,0,4,9,2003,3,17.0,1.0,0,1.0,3,0,3,  ,0,0.0,0,0,1,0,0,0,0,0,0,0,0,0,0,0,0,0,1
2574,2004030404,1714.0,1708.0,39,39104,,,0,0,0,0,0,0,4,10,2003,6,17.0,1.0,7,1.0,3,0,3,  ,0,0.0,0,0,1,0,0,1,0,0,0,0,0,0,0,0,0,0,0
2575,2004030797,1552.0,1550.0,25,25302,,,0,0,0,0,0,0,6,11,2003,2,15.0,1.0,0,1.0,3,0,3,  ,0,0.0,0,0,0,0,0,0,0,0,0,0,0,0,0,0,0,0,0
2576,2004030861,1738.0,1736.0,67,67301,40.0139,-75.126,0,0,0,0,0,0,8,5,2003,5,17.0,1.0,0,1.0,3,0,3,  ,0,0.0,0,0,0,0,0,0,0,0,0,0,0,0,0,0,0,0,0
2577,2004030895,1705.0,1657.0,67,67301,39.9664,-75.1793,0,0,1,0,0,0,5,7,2003,3,16.0,1.0,0,1.0,3,0,3,  ,0,0.0,0,0,0,0,1,0,0,0,0,0,0,0,0,0,0,0,0
2578,2004031031,1322.0,1233.0,53,53236,40.8258,-76.2138,0,0,0,0,0,0,5,8,2003,2,12.0,1.0,0,1.0,1,2,3,  ,0,0.0,0,0,0,0,0,0,0,0,0,0,0,0,0,0,0,0,0
2579,2004031240,1605.0,1600.0,67,67301,39.9644,-75.1343,0,0,0,0,1,0,8,6,2003,2,16.0,1.0,0,1.0,3,1,3,  ,2,3.0,1,0,0,0,0,0,0,0,0,0,0,0,0,0,0,0,0
2580,2004031289,1230.0,1212.0,25,25302,,,0,0,0,0,1,0,4,7,2003,2,12.0,1.0,0,1.0,3,1,3,  ,2,3.0,0,0,1,0,0,0,0,0,0,0,0,0,0,0,0,0,0
2581,2004031351,1224.0,1224.0,67,67301,,,0,0,0,0,0,0,5,6,2003,6,23.0,3.0,0,1.0,3,0,3,  ,0,0.0,0,0,0,0,0,0,0,0,0,0,0,0,0,0,0,0,0
2582,2004031392,1630.0,1630.0,67,67301,39.927,-75.2349,0,0,0,0,0,0,1,6,2003,5,16.0,1.0,0,1.0,3,0,3,  ,0,0.0,0,0,0,0,0,0,0,0,0,0,0,0,0,0,0,0,0
2583,2004031417,1847.0,1845.0,67,67301,,,0,0,0,0,0,0,1,6,2003,1,18.0,1.0,0,1.0,3,1,3,  ,0,0.0,0,0,0,0,0,0,0,0,0,0,0,0,0,0,0,0,0
2584,2004031428,1610.0,1605.0,67,67301,,,0,0,0,0,0,0,4,5,2003,5,15.0,1.0,0,1.0,3,1,3,  ,3,3.0,0,0,1,0,0,0,0,0,0,0,0,0,0,0,0,0,0
2585,2004031441,755.0,750.0,67,67301,40.0073,-75.1922,0,0,0,0,0,0,4,6,2003,6,7.0,1.0,0,1.0,3,2,3,  ,2,3.0,0,0,1,0,0,0,0,0,0,0,0,0,0,0,0,0,0
2586,2004031500,1757.0,1741.0,26,26214,,,0,0,0,0,0,0,2,7,2003,3,17.0,1.0,0,1.0,1,1,3,  ,3,3.0,0,0,0,0,0,0,0,0,0,0,0,0,0,0,0,0,0
2587,2004032401,1536.0,1505.0,3,3211,40.7176,-79.4789,0,1,0,0,1,0,4,7,2003,7,14.0,1.0,0,1.0,1,0,3,  ,0,0.0,0,0,1,0,0,0,0,0,0,0,0,0,0,0,0,0,0
2588,2004033251,2223.0,2200.0,5,5413,,,0,0,0,0,0,1,4,10,2003,6,21.0,3.0,0,1.0,1,0,3,  ,0,0.0,0,0,1,0,0,0,0,0,0,0,0,0,0,0,0,0,0
2589,2004033438,830.0,815.0,57,57212,41.9548,-75.7437,0,0,0,0,0,0,3,9,2003,6,15.0,1.0,0,1.0,1,3,3,  ,0,0.0,0,0,0,0,0,0,0,0,0,0,0,0,0,0,0,0,1
2590,2004033697,1422.0,1422.0,46,46413,40.119,-75.3419,0,0,0,0,1,0,4,8,2003,5,14.0,1.0,0,1.0,3,1,3,  ,2,3.0,0,0,1,0,0,0,0,0,0,0,0,0,0,0,0,0,0
2591,2004033788,1905.0,1905.0,67,67301,39.9902,-75.1609,0,0,0,0,0,0,5,5,2003,6,18.0,1.0,0,1.0,3,0,3,  ,3,3.0,1,0,0,0,0,0,0,0,0,0,0,0,0,0,0,0,1
2592,2004033794,910.0,707.0,67,67301,40.1069,-75.0215,0,0,0,0,0,0,4,5,2003,6,8.0,1.0,0,1.0,3,2,3,  ,3,3.0,1,0,1,0,0,0,0,0,0,0,0,0,0,0,0,0,0
2593,2004033797,2005.0,2001.0,67,67301,40.0391,-75.0727,0,0,0,0,1,0,4,6,2003,2,20.0,1.0,0,1.0,3,0,3,  ,0,0.0,0,0,1,0,0,0,0,0,0,0,0,0,0,0,0,0,0
2594,2004033813,1340.0,1333.0,67,67301,39.9919,-75.1147,0,0,0,0,0,0,2,6,2003,1,13.0,1.0,0,1.0,3,0,3,  ,0,0.0,0,0,0,0,0,0,0,0,0,0,0,0,0,0,0,0,0
2595,2004033835,1302.0,2130.0,67,67301,,,0,0,0,0,0,0,6,6,2003,6,21.0,3.0,0,1.0,3,1,3,  ,3,3.0,1,0,0,0,0,0,0,0,0,0,0,0,0,0,0,0,0
2596,2004033851,1631.0,1629.0,67,67301,,,0,0,0,0,0,0,4,6,2003,2,16.0,1.0,0,1.0,3,1,3,  ,3,3.0,0,0,1,0,0,0,0,0,0,0,0,0,0,0,0,0,0
2597,2004033852,2010.0,2008.0,67,67301,39.9626,-75.2203,0,0,0,0,0,0,4,6,2003,6,20.0,8.0,0,1.0,3,1,3,  ,3,3.0,1,0,1,0,0,0,0,0,0,0,0,0,0,0,0,0,0
2598,2004033929,1352.0,1350.0,23,23106,40.0172,-75.324,0,0,0,0,0,0,9,12,2003,3,15.0,1.0,0,1.0,3,2,3,  ,0,0.0,0,0,0,0,0,0,0,0,0,0,0,0,0,0,0,0,0
2599,2004034037,1642.0,1636.0,62,62228,40.2675,-80.0033,0,0,0,0,0,0,4,8,2003,6,16.0,1.0,0,1.0,3,2,3,  ,3,3.0,0,0,1,0,0,0,0,0,0,0,0,0,0,0,0,0,0
2600,2004034176,1508.0,1501.0,64,64102,40.362,-79.6444,0,0,0,0,0,0,4,11,2003,1,15.0,1.0,0,1.0,3,2,3,  ,3,9.0,1,0,1,0,0,0,0,0,0,0,1,0,0,0,0,0,0
2601,2004034491,1225.0,1225.0,36,36413,,,0,0,0,0,0,0,4,12,2003,2,12.0,1.0,0,1.0,2,0,3,  ,0,0.0,0,0,1,0,0,0,0,0,0,0,0,0,0,0,0,0,0
2602,2004034946,1813.0,1812.0,46,46104,40.0071,-75.2924,0,0,0,0,0,0,4,12,2003,6,18.0,3.0,0,1.0,3,0,3,  ,0,0.0,1,0,1,0,0,0,0,0,0,0,0,0,0,0,0,0,0
2603,2004035038,1413.0,1410.0,67,67301,,,0,1,0,1,0,0,5,6,2003,2,14.0,1.0,0,1.0,3,2,3,  ,3,3.0,0,0,0,0,1,0,0,0,0,0,0,0,0,0,0,0,0
2604,2004035040,1810.0,1806.0,67,67301,,,0,0,0,0,0,0,4,5,2003,4,18.0,1.0,0,1.0,3,2,3,  ,0,0.0,0,0,1,0,0,0,0,0,0,0,0,0,0,0,0,0,0
2605,2004035049,1448.0,1445.0,67,67301,,,0,0,0,0,0,0,5,5,2003,3,14.0,1.0,0,1.0,3,0,3,  ,0,0.0,0,0,0,0,0,0,0,0,0,0,0,0,0,0,0,0,0
2606,2004035067,1910.0,1900.0,67,67301,40.0423,-75.0289,0,0,0,0,0,0,4,6,2003,6,18.0,1.0,0,1.0,3,1,3,  ,3,3.0,0,0,1,0,0,0,0,0,0,0,0,0,0,0,0,0,0
2607,2004035157,1620.0,1552.0,35,35220,,,0,0,0,0,0,0,4,5,2003,7,15.0,1.0,7,1.0,1,0,3,  ,0,0.0,0,0,1,0,0,0,0,0,0,0,0,0,0,0,0,0,0
2608,2004035312,1655.0,1636.0,3,3214,,,0,0,0,0,0,0,4,6,2003,2,16.0,1.0,0,1.0,1,1,3,  ,3,3.0,0,0,1,0,0,0,0,0,0,0,0,0,0,0,0,1,0
2609,2004035504,1919.0,1915.0,67,67301,40.0471,-75.0134,0,0,0,0,0,0,4,6,2003,2,19.0,1.0,0,1.0,3,0,3,  ,0,0.0,0,0,1,0,0,0,0,0,0,0,0,0,0,0,0,0,0
2610,2004035530,549.0,548.0,36,36404,40.0312,-76.4846,0,0,0,0,0,0,4,11,2003,2,5.0,2.0,0,1.0,3,2,3,  ,3,3.0,0,0,1,0,0,0,0,0,0,0,0,0,0,0,0,0,0
2611,2004035615,1923.0,1916.0,14,14410,40.7901,-77.8541,0,0,0,0,0,0,4,7,2003,7,19.0,1.0,0,1.0,3,1,3,  ,3,3.0,1,0,1,0,0,0,0,0,0,0,0,0,1,0,0,0,0
2612,2004035713,2009.0,2005.0,36,36301,40.0325,-76.3047,0,0,0,0,0,0,4,6,2003,6,20.0,4.0,0,1.0,3,3,3,  ,3,3.0,0,0,1,0,0,0,0,0,0,0,0,0,0,0,0,0,0
2613,2004035728,1555.0,1550.0,46,46413,40.1094,-75.3337,0,0,0,0,1,0,4,7,2003,3,15.0,1.0,6,1.0,3,0,3,  ,3,3.0,0,0,1,0,0,0,0,0,0,0,0,0,0,0,0,0,0
2614,2004036072,1535.0,1531.0,29,29401,,,0,0,0,0,1,0,4,6,2003,2,15.0,1.0,0,9.0,1,0,3,  ,0,0.0,0,0,1,0,0,0,0,0,0,0,0,0,0,0,0,0,0
2615,2004036790,815.0,755.0,49,49201,,,0,1,0,0,0,0,4,9,2003,6,7.0,1.0,0,1.0,1,0,3,  ,0,0.0,0,0,1,0,0,0,0,0,0,0,0,0,0,0,0,0,1
2616,2004037001,811.0,753.0,21,21211,,,0,0,0,0,0,1,4,8,2003,5,7.0,1.0,0,1.0,1,0,3,  ,0,0.0,0,0,1,0,0,0,0,0,0,0,0,0,0,0,0,0,0
2617,2004037457,1751.0,1753.0,46,46102,40.0614,-75.1288,0,0,0,0,0,0,4,8,2003,1,17.0,1.0,0,1.0,3,2,3,  ,3,3.0,0,0,1,0,0,0,0,0,0,0,0,0,0,0,0,0,1
2618,2004037471,1908.0,1906.0,22,22412,,,0,1,0,0,1,0,4,7,2003,5,19.0,1.0,0,1.0,3,1,3,  ,0,0.0,0,0,1,0,0,0,0,0,0,0,0,0,0,0,0,0,0
2619,2004037530,1852.0,1851.0,25,25302,,,0,0,0,0,0,0,8,8,2003,6,18.0,1.0,0,1.0,3,1,3,  ,3,3.0,0,0,0,0,0,1,0,0,0,0,0,0,0,0,0,0,0
2620,2004037631,2021.0,2012.0,10,10205,40.8994,-79.9092,0,0,0,0,1,0,4,11,2003,6,20.0,2.0,0,1.0,1,3,3,  ,3,3.0,0,0,1,0,0,0,0,0,0,0,0,0,0,0,0,0,1
2621,2004038292,2117.0,2106.0,25,25214,,,0,2,0,0,0,0,9,10,2003,2,21.0,2.0,0,1.0,1,0,3,  ,0,0.0,0,0,0,0,0,0,0,0,0,0,0,0,0,0,0,0,0
2622,2004038400,2226.0,2155.0,25,25210,,,0,0,0,0,1,0,5,7,2003,4,21.0,2.0,0,1.0,1,0,3,  ,0,0.0,0,0,0,0,0,0,0,0,0,0,0,0,0,0,0,0,0
2623,2004038442,1718.0,1218.0,39,39301,40.5963,-75.4593,0,0,0,0,0,0,1,7,2003,1,17.0,1.0,0,1.0,3,1,3,  ,2,3.0,0,0,0,0,0,0,0,0,0,0,0,0,0,0,0,0,0
2624,2004038472,1551.0,1545.0,15,15229,39.8286,-75.8702,0,0,0,0,0,0,4,8,2003,5,15.0,1.0,0,1.0,1,0,3,  ,0,0.0,0,0,1,0,0,0,0,0,0,0,0,0,0,0,0,0,0
2625,2004038993,1122.0,1107.0,36,36232,39.9927,-76.0251,0,0,0,0,0,0,4,8,2003,6,11.0,1.0,0,1.0,1,0,3,  ,0,0.0,0,0,1,0,0,0,0,0,0,0,0,0,0,0,0,0,0