,CRN,ARRIVAL_TM,DISPATCH_TM,COUNTY,MUNICIPALITY,DEC_LAT,DEC_LONG,BICYCLE_DEATH_COUNT,BICYCLE_SUSP_SERIOUS_INJ_COUNT,BUS_COUNT,HEAVY_TRUCK_COUNT,SMALL_TRUCK_COUNT,SUV_COUNT,COLLISION_TYPE,CRASH_MONTH,CRASH_YEAR,DAY_OF_WEEK,HOUR_OF_DAY,ILLUMINATION,LOCATION_TYPE,ROAD_CONDITION,URBAN_RURAL,INTERSECT_TYPE,WEATHER1,WEATHER2,TCD_TYPE,TCD_FUNC_CD,AGGRESSIVE_DRIVING,ALCOHOL_RELATED,ANGLE_CRASH,CELL_PHONE,COMM_VEHICLE,DISTRACTED,DRINKING_DRIVER,DRUGGED_DRIVER,FATIGUE_ASLEEP,IMPAIRED_DRIVER,NHTSA_AGG_DRIVING,RUNNING_RED_LT,RUNNING_STOP_SIGN,SPEEDING_RELATED,TAILGATING,MATURE_DRIVER,YOUNG_DRIVER
2626,2004039138,2135.0,2106.0,55,55221,40.0259,-79.0767,0,0,0,0,0,0,4,8,2003,3,21.0,2.0,0,1.0,1,2,3,  ,2,3.0,0,0,1,0,0,1,0,0,0,0,0,0,0,0,0,0,0
2627,2004039349,550.0,547.0,9,9101,40.1388,-74.867,0,0,0,0,0,0,4,12,2003,4,5.0,3.0,0,9.0,3,2,7,  ,0,0.0,1,0,1,0,0,0,0,0,0,0,0,0,0,0,0,0,0
2628,2004039557,1940.0,1936.0,67,67301,,,0,0,0,0,0,0,4,8,2003,5,19.0,1.0,0,1.0,3,0,3,  ,0,0.0,1,0,1,0,0,0,0,0,0,0,0,0,0,0,0,0,1
2629,2004039765,1610.0,1606.0,48,48301,40.617,-75.3786,0,0,0,0,0,0,4,8,2003,4,15.0,1.0,0,1.0,3,1,3,  ,2,3.0,1,0,1,0,0,0,0,0,0,0,0,0,0,1,0,0,0
2630,2004039774,1625.0,1624.0,61,61301,41.8417,-79.1362,0,0,0,0,1,0,4,9,2003,3,16.0,1.0,0,1.0,2,0,3,  ,0,0.0,1,0,1,0,0,0,0,0,0,0,0,0,0,0,0,0,1
2631,2004040364,1723.0,1720.0,11,11407,,,0,0,0,0,1,0,4,9,2003,1,17.0,1.0,0,1.0,1,1,3,  ,3,3.0,1,0,1,0,0,0,0,0,0,0,0,0,0,1,0,0,0
2632,2004040727,601.0,600.0,38,38201,40.4008,-76.4193,0,0,0,0,0,0,5,8,2003,6,6.0,2.0,0,1.0,1,1,5,  ,0,0.0,0,0,0,0,0,0,0,0,0,0,0,0,0,0,0,0,0
2633,2004041233,1424.0,1422.0,36,36211,40.0627,-76.5425,0,0,0,0,0,0,4,8,2003,6,14.0,1.0,0,9.0,1,0,7,  ,0,0.0,0,0,1,0,0,0,0,0,0,0,0,0,0,0,0,0,0
2634,2004041248,1844.0,1823.0,67,67301,40.018,-75.1574,0,1,0,0,0,0,4,6,2003,7,18.0,1.0,0,1.0,3,2,3,  ,0,0.0,0,0,1,0,0,0,0,0,0,0,0,0,0,0,0,0,0
2635,2004041400,1140.0,1136.0,67,67301,40.0171,-75.0847,0,0,0,0,0,0,4,6,2003,5,11.0,1.0,0,1.0,3,1,3,  ,2,3.0,0,0,1,0,0,0,0,0,0,0,0,0,0,0,0,0,0
2636,2004041523,1603.0,1600.0,41,41403,41.2026,-77.271,0,1,0,0,0,1,4,11,2003,3,15.0,1.0,0,1.0,1,1,3,  ,3,3.0,1,0,1,0,0,0,0,0,0,0,0,0,0,0,0,0,0
2637,2004041816,2130.0,2130.0,48,48301,40.6294,-75.3545,0,0,0,0,0,0,4,7,2003,7,21.0,3.0,0,1.0,3,0,3,  ,0,0.0,0,0,1,0,0,0,0,0,0,0,0,0,0,0,0,0,1
2638,2004041855,1645.0,1640.0,2,2301,40.4829,-80.0365,0,0,0,0,0,0,8,7,2003,6,16.0,1.0,0,1.0,3,1,3,  ,3,9.0,0,0,0,0,0,0,0,0,0,0,0,0,0,0,0,0,0
2639,2004041945,2145.0,2142.0,2,2301,40.4798,-79.9524,0,1,0,0,0,0,2,7,2003,2,21.0,6.0,0,1.0,3,0,3,  ,0,0.0,0,0,0,0,0,0,0,0,0,0,0,0,0,0,0,0,0
2640,2004041966,857.0,840.0,28,28201,39.7867,-77.7138,0,0,0,0,0,0,4,7,2003,5,8.0,1.0,2,1.0,1,7,3,  ,2,3.0,0,0,1,0,0,0,0,0,0,0,0,0,0,0,0,0,0
2641,2004042264,1912.0,1910.0,48,48408,40.7406,-75.3162,0,0,0,0,0,0,8,11,2003,6,19.0,2.0,0,9.0,2,1,7,  ,3,3.0,0,0,0,0,0,0,0,0,0,0,0,0,0,0,0,1,0
2642,2004042379,1838.0,1807.0,10,10230,41.047,-79.8209,0,1,0,0,0,0,5,10,2003,5,15.0,1.0,0,1.0,1,0,3,  ,0,0.0,0,0,0,0,0,0,0,0,0,0,0,0,0,0,0,0,0
2643,2004042545,1819.0,1743.0,17,17224,40.9381,-78.2231,0,0,0,0,0,0,4,4,2003,3,17.0,1.0,7,9.0,1,0,3,  ,0,0.0,0,0,1,0,0,0,0,0,0,0,0,0,0,0,0,0,0
2644,2004042518,202.0,200.0,67,67301,,,0,0,0,0,0,0,4,7,2003,7,1.0,3.0,0,1.0,3,1,3,  ,3,3.0,1,0,1,0,0,0,0,0,0,0,0,0,1,0,0,0,0
2645,2004042544,2026.0,2043.0,67,67301,40.0417,-75.1221,0,0,0,0,0,0,4,7,2003,3,20.0,4.0,0,1.0,3,2,3,  ,2,3.0,0,0,1,0,0,0,0,0,0,0,0,0,0,0,0,0,0
2646,2004042560,1142.0,1137.0,67,67301,,,0,0,0,0,0,0,4,6,2003,2,11.0,1.0,0,1.0,3,1,3,  ,3,3.0,1,0,1,0,0,0,0,0,0,0,0,0,0,0,0,1,0
2647,2004042849,1415.0,1409.0,16,16407,,,0,0,0,0,1,0,4,1,2003,3,14.0,1.0,0,1.0,1,1,3,  ,3,3.0,0,0,1,0,0,0,0,0,0,0,0,0,0,0,0,0,0
2648,2004042975,2130.0,2051.0,39,39104,,,0,0,0,0,0,0,4,6,2003,5,20.0,3.0,0,9.0,3,2,7,  ,3,3.0,0,0,1,0,0,1,0,0,0,0,0,0,0,0,0,0,0
2649,2004043120,2043.0,1905.0,28,28212,,,0,0,0,0,0,0,4,10,2003,5,19.0,2.0,0,1.0,1,0,3,  ,3,3.0,0,0,1,0,0,0,0,0,0,0,0,0,0,0,0,0,0
2650,2004043410,1720.0,1715.0,36,36101,40.0729,-76.2813,0,0,0,0,0,0,0,6,2003,4,17.0,1.0,0,1.0,3,0,3,  ,0,0.0,0,0,0,0,0,0,0,0,0,0,0,0,0,0,0,0,0
2651,2004043442,1940.0,1938.0,67,67301,40.0553,-75.0732,0,0,0,0,0,0,4,6,2003,4,19.0,4.0,0,1.0,3,1,3,  ,2,3.0,1,0,1,0,0,0,0,0,0,0,0,0,0,0,0,0,0
2652,2004043446,1828.0,1825.0,67,67301,,,0,0,0,0,0,0,8,6,2003,3,18.0,1.0,0,9.0,3,2,7,  ,2,3.0,0,0,0,0,0,0,0,0,0,0,0,0,0,0,0,0,0
2653,2004043448,1825.0,1819.0,67,67301,,,0,0,0,0,0,0,4,6,2003,5,12.0,1.0,0,1.0,3,2,3,  ,3,3.0,1,0,1,0,0,0,0,0,0,0,0,0,0,0,0,0,0
2654,2004043456,1700.0,1652.0,67,67301,,,0,0,0,0,0,0,1,6,2003,4,16.0,1.0,0,1.0,3,1,3,  ,2,3.0,0,0,0,0,0,0,0,0,0,0,0,0,0,0,0,0,0
2655,2004043471,1630.0,1628.0,67,67301,39.9616,-75.2039,0,0,0,0,0,0,4,6,2003,7,16.0,1.0,0,1.0,3,0,3,  ,0,0.0,0,0,1,0,0,0,0,0,0,0,0,0,0,0,0,0,0
2656,2004043477,1712.0,1710.0,67,67301,40.1058,-75.0338,0,0,0,0,0,0,4,6,2003,5,17.0,1.0,0,1.0,3,2,3,  ,0,0.0,0,0,1,0,0,0,0,0,0,0,0,0,0,0,0,0,0
2657,2004043490,1715.0,1711.0,67,67301,39.954,-75.1682,0,0,0,0,0,0,4,6,2003,5,17.0,1.0,0,1.0,3,1,3,  ,2,3.0,0,0,1,0,0,0,0,0,0,0,0,0,0,0,0,0,0
2658,2004044125,1929.0,1927.0,39,39302,,,0,0,0,0,0,0,1,8,2003,7,19.0,4.0,0,1.0,3,0,3,  ,0,0.0,0,0,0,0,0,0,0,0,0,0,0,0,0,0,0,0,0
2659,2004044171,1053.0,1053.0,36,36301,40.0368,-76.3083,0,0,0,0,0,0,4,10,2003,7,10.0,1.0,0,1.0,3,1,3,  ,3,3.0,0,0,1,0,0,0,0,0,0,0,0,0,0,0,0,0,0
2660,2004044639,2150.0,2145.0,67,67301,40.0001,-75.125,0,0,0,0,0,0,4,6,2003,4,99.0,3.0,0,1.0,3,2,3,  ,0,0.0,0,0,1,0,0,0,0,0,0,0,0,0,0,0,0,0,0
2661,2004044652,1835.0,1832.0,67,67301,39.971,-75.2505,0,0,0,0,0,0,4,7,2003,7,18.0,1.0,0,9.0,3,0,3,  ,0,0.0,0,0,1,0,0,0,0,0,0,0,0,0,0,0,0,0,0
2662,2004044653,1312.0,1310.0,67,67301,,,0,0,0,0,0,0,4,7,2003,7,13.0,1.0,0,1.0,3,1,3,  ,0,0.0,0,0,1,0,0,0,0,0,0,0,0,0,0,0,0,0,0
2663,2004044658,1416.0,1415.0,67,67301,,,0,0,0,0,0,0,4,6,2003,7,14.0,1.0,7,1.0,3,0,3,  ,0,0.0,1,0,1,0,0,0,0,0,0,0,0,0,0,0,1,0,0
2664,2004044677,1712.0,1701.0,25,25302,,,0,0,0,0,0,0,4,6,2003,6,14.0,1.0,0,1.0,3,0,3,  ,0,0.0,0,0,1,0,0,0,0,0,0,0,0,0,0,0,0,0,0
2665,2004044710,1331.0,1331.0,67,67301,39.9909,-75.1221,0,0,0,0,0,0,4,7,2003,6,13.0,1.0,0,1.0,3,1,3,  ,3,3.0,0,0,1,0,0,0,0,0,0,0,0,0,0,0,0,0,0
2666,2004044716,1727.0,1727.0,67,67301,,,0,0,0,0,0,0,1,6,2003,3,17.0,1.0,0,1.0,3,0,3,  ,0,0.0,0,0,0,0,0,0,0,0,0,0,0,0,0,0,0,0,0
2667,2004044738,2105.0,2103.0,67,67301,,,0,0,0,0,0,0,6,6,2003,2,20.0,3.0,0,1.0,3,0,3,  ,0,0.0,0,0,0,0,0,0,0,0,0,0,0,0,0,0,0,0,0
2668,2004044787,1446.0,1442.0,15,15403,,,0,0,0,0,0,0,4,8,2003,2,14.0,1.0,0,1.0,3,2,3,  ,3,3.0,0,0,1,1,0,1,0,0,0,0,0,0,0,0,0,1,0
2669,2004044793,1744.0,1740.0,2,2301,40.4736,-79.9606,0,1,0,0,0,0,4,7,2003,4,17.0,1.0,0,1.0,3,1,3,  ,0,0.0,0,0,1,0,0,1,0,0,0,0,0,0,0,0,0,0,0
2670,2004044843,2005.0,1953.0,67,67301,39.9302,-75.1858,0,0,0,0,0,0,2,5,2003,5,19.0,4.0,0,1.0,3,1,3,  ,3,3.0,0,0,0,0,0,0,0,0,0,0,0,0,0,0,0,0,0
2671,2004044846,1010.0,1000.0,67,67301,,,0,0,0,0,0,0,5,7,2003,3,9.0,1.0,0,1.0,3,0,3,  ,0,0.0,0,0,0,0,0,0,0,0,0,0,0,0,0,0,0,1,0
2672,2004044923,2342.0,2340.0,67,67301,40.0558,-75.1589,0,0,0,0,0,0,8,7,2003,5,23.0,2.0,0,1.0,3,1,3,  ,0,0.0,1,0,0,0,0,0,0,0,0,0,0,0,0,1,0,0,0
2673,2004044962,1555.0,1553.0,67,67301,40.0334,-75.176,0,0,0,0,0,0,4,7,2003,3,15.0,1.0,0,1.0,3,1,3,  ,3,9.0,0,0,1,0,0,0,0,0,0,0,0,0,0,0,0,1,0
2674,2004045050,1515.0,1514.0,67,67301,40.0473,-75.1677,0,0,0,0,0,0,2,4,2003,4,15.0,1.0,0,1.0,3,2,3,  ,2,3.0,0,0,0,0,0,0,0,0,0,0,0,0,0,0,0,0,0
2675,2004045120,2215.0,2207.0,67,67301,,,0,0,0,0,0,0,5,6,2003,1,22.0,3.0,0,1.0,3,0,3,  ,0,0.0,0,0,0,0,0,0,0,0,0,0,0,0,0,0,0,0,0
2676,2004045135,1556.0,1555.0,67,67301,40.129,-75.0252,0,0,0,0,1,0,1,7,2003,1,15.0,1.0,0,1.0,3,1,3,  ,2,3.0,0,0,0,0,0,0,0,0,0,0,0,0,0,0,0,0,0
2677,2004045139,2100.0,2100.0,67,67301,,,0,0,0,0,0,0,1,7,2003,3,5.0,4.0,0,1.0,3,0,3,  ,2,3.0,0,0,0,0,0,0,0,0,0,0,0,0,0,0,0,0,0
2678,2004045195,1705.0,1655.0,67,67301,40.0298,-75.1755,0,0,0,0,0,0,4,5,2003,7,16.0,1.0,0,9.0,3,0,7,  ,0,0.0,0,0,1,0,0,0,0,0,0,0,0,0,0,0,0,0,0
2679,2004045203,2152.0,2150.0,67,67301,40.0273,-75.0552,0,0,0,0,0,0,4,7,2003,7,21.0,3.0,0,1.0,3,1,98,  ,3,3.0,0,0,1,1,0,1,0,0,0,0,0,0,0,0,0,0,0
2680,2004045235,20.0,15.0,67,67301,40.0528,-75.1529,0,0,0,0,0,0,4,7,2003,2,0.0,3.0,0,9.0,3,1,7,  ,2,3.0,1,0,1,0,0,0,0,0,0,0,1,1,0,1,0,0,0
2681,2004045339,2000.0,1948.0,67,67301,,,0,0,0,0,0,0,4,7,2003,4,19.0,1.0,0,1.0,3,2,3,  ,3,9.0,0,0,1,0,0,0,0,0,0,0,0,0,0,0,0,0,0
2682,2004045433,1951.0,1948.0,46,46209,40.2795,-75.3877,0,1,0,0,0,0,4,7,2003,4,19.0,1.0,0,1.0,1,1,3,  ,2,3.0,1,0,1,0,0,0,0,0,0,0,0,0,0,0,0,0,0
2683,2004045492,1635.0,1633.0,66,66205,40.0008,-76.8281,0,0,0,0,0,0,4,8,2003,1,16.0,1.0,0,1.0,1,0,3,  ,0,0.0,0,0,1,0,0,0,0,0,0,0,0,0,0,0,0,0,0
2684,2004045517,1430.0,1425.0,67,67301,40.0717,-74.9926,0,0,0,0,0,0,6,7,2003,2,14.0,1.0,0,1.0,3,2,3,  ,3,3.0,0,0,0,0,0,0,0,0,0,0,0,0,0,0,0,0,0
2685,2004045524,1825.0,1821.0,67,67301,39.9527,-75.1785,0,0,0,0,0,0,4,7,2003,5,18.0,1.0,0,1.0,3,0,3,  ,0,0.0,0,0,1,0,0,0,0,0,0,0,0,0,0,0,0,0,0
2686,2004045541,1620.0,1618.0,67,67301,40.0063,-75.0898,0,0,0,0,0,0,1,7,2003,5,16.0,1.0,0,1.0,3,0,3,  ,0,0.0,0,0,0,0,0,0,0,0,0,0,0,0,0,0,0,0,0
2687,2004045549,2032.0,2028.0,67,67301,40.0386,-75.1735,0,0,0,0,0,0,6,6,2003,2,20.0,4.0,0,1.0,3,2,3,  ,0,0.0,0,0,0,0,0,0,0,0,0,0,0,0,0,0,0,0,0
2688,2004045880,820.0,818.0,36,36234,40.0793,-76.2337,0,0,0,0,0,0,4,7,2003,7,8.0,1.0,0,1.0,1,0,3,  ,0,0.0,1,0,1,0,0,0,0,0,0,0,0,0,0,0,0,0,0
2689,2004045999,1039.0,1000.0,59,59204,40.9031,-77.2113,0,0,0,0,1,0,4,11,2003,1,9.0,1.0,0,1.0,1,1,3,  ,3,3.0,0,0,1,0,0,0,0,0,0,0,0,0,0,0,0,0,1
2690,2004046172,1223.0,1215.0,45,45207,,,0,0,0,0,0,0,5,6,2003,7,12.0,1.0,0,1.0,1,0,3,  ,0,0.0,0,0,0,0,0,0,0,0,0,0,0,0,0,0,0,0,0
2691,2004046224,1605.0,1548.0,13,13211,,,0,0,0,0,0,0,4,6,2003,2,15.0,1.0,0,1.0,1,1,3,  ,0,0.0,0,0,1,0,0,0,0,0,0,0,0,0,0,0,0,0,0
2692,2004046516,1307.0,1305.0,25,25302,,,0,0,0,0,1,0,4,7,2003,3,13.0,1.0,0,1.0,3,0,3,  ,0,0.0,0,0,1,0,0,0,0,0,0,0,0,0,0,0,0,1,0
2693,2004046535,2246.0,2241.0,25,25302,42.1358,-80.0672,0,0,0,0,0,0,4,8,2003,1,22.0,6.0,0,1.0,3,1,3,  ,2,3.0,0,0,1,0,0,0,0,0,0,0,0,0,0,0,0,0,0
2694,2004046591,1231.0,1228.0,67,67301,39.9632,-75.1771,0,0,0,0,0,0,4,7,2003,1,12.0,1.0,0,1.0,3,1,3,  ,2,3.0,0,0,1,0,0,0,0,0,0,0,0,0,0,0,0,0,0
2695,2004046604,1823.0,1820.0,67,67301,39.9834,-75.2432,0,0,0,0,0,0,6,7,2003,3,18.0,1.0,0,1.0,3,1,3,  ,3,3.0,0,0,0,0,0,0,0,0,0,0,0,0,0,0,0,0,0
2696,2004046624,2005.0,2002.0,67,67301,39.9955,-75.1178,0,0,0,0,1,0,4,7,2003,7,19.0,1.0,0,9.0,3,0,3,  ,0,0.0,0,0,1,0,0,0,0,0,0,0,0,0,0,0,0,0,0
2697,2004046627,1717.0,1717.0,67,67301,,,0,0,0,0,0,0,2,6,2003,2,17.0,1.0,0,1.0,3,1,3,  ,3,3.0,1,0,0,0,0,0,0,0,0,0,0,0,0,0,0,0,0
2698,2004046752,2147.0,2144.0,15,15411,40.1267,-75.5209,0,0,0,0,0,0,4,7,2003,5,21.0,3.0,0,9.0,3,2,7,  ,3,2.0,0,1,1,0,0,0,0,0,0,0,0,0,0,0,0,0,0
2699,2004046787,1656.0,1648.0,15,15411,,,0,0,0,0,0,0,5,8,2003,1,16.0,1.0,0,9.0,3,0,3,  ,0,0.0,1,0,0,0,0,0,0,0,0,0,0,0,0,1,0,0,0
2700,2004046993,1641.0,1603.0,66,66213,,,0,0,0,0,0,0,4,10,2003,3,16.0,1.0,0,1.0,1,0,3,  ,0,0.0,0,0,1,0,0,0,0,0,0,0,0,0,0,0,0,0,1
2701,2004047236,1203.0,1200.0,67,67301,,,0,0,0,0,0,0,5,6,2003,3,11.0,1.0,0,1.0,3,1,3,  ,2,3.0,0,0,0,0,0,1,0,0,0,0,0,0,0,0,0,0,0
2702,2004047245,1958.0,1952.0,67,67301,39.9362,-75.1832,0,0,0,0,0,0,4,7,2003,4,19.0,4.0,0,9.0,3,0,7,  ,0,0.0,0,0,1,0,0,0,0,0,0,0,0,0,0,0,0,0,1
2703,2004047260,1635.0,1630.0,67,67301,39.9982,-75.1013,0,0,0,0,0,0,4,6,2003,5,16.0,1.0,0,1.0,3,1,3,  ,2,3.0,1,0,1,0,0,0,0,0,0,0,0,0,0,0,0,0,0
2704,2004047270,1434.0,1431.0,67,67301,40.0524,-75.1208,0,0,0,0,0,0,4,6,2003,6,14.0,1.0,0,1.0,3,2,3,  ,0,0.0,1,0,1,0,0,0,0,0,0,0,0,0,0,1,0,0,0
2705,2004047282,2026.0,2026.0,67,67301,,,0,1,0,0,0,0,4,7,2003,2,20.0,1.0,0,1.0,3,1,3,  ,3,3.0,0,0,1,0,0,0,0,0,0,0,0,0,0,0,0,0,0
2706,2004047286,1135.0,1125.0,67,67301,39.9501,-75.1706,0,0,0,0,0,0,2,6,2003,6,11.0,1.0,0,1.0,3,2,3,  ,2,3.0,0,0,0,0,0,0,0,0,0,0,0,0,0,0,0,0,0
2707,2004047295,1422.0,1421.0,67,67301,,,0,0,0,0,0,0,4,6,2003,7,14.0,1.0,0,1.0,3,1,3,  ,2,3.0,0,0,1,0,0,0,0,0,0,0,0,0,0,0,0,0,0
2708,2004047319,2125.0,2118.0,67,67301,40.0189,-75.1528,0,0,0,0,0,0,4,7,2003,1,21.0,3.0,0,1.0,3,3,3,  ,0,0.0,0,0,1,0,0,0,0,0,0,0,0,0,0,0,0,0,0
2709,2004047325,1730.0,1221.0,67,67301,,,0,0,0,0,0,0,2,6,2003,4,17.0,1.0,0,1.0,3,0,3,  ,0,0.0,0,0,0,0,0,0,0,0,0,0,0,0,0,0,0,0,0
2710,2004047335,1417.0,1402.0,67,67301,,,0,0,0,0,0,0,4,6,2003,3,14.0,1.0,0,98.0,3,0,3,  ,0,0.0,1,0,1,0,0,1,0,0,0,0,0,0,0,0,0,0,0
2711,2004047352,1917.0,1909.0,67,67301,39.9709,-75.206,0,0,0,0,0,0,4,7,2003,6,19.0,1.0,0,1.0,3,0,3,  ,0,0.0,0,0,1,0,0,0,0,0,0,0,0,0,0,0,0,0,0
2712,2004047380,1320.0,1317.0,67,67301,,,0,0,0,0,0,0,5,7,2003,1,13.0,1.0,0,1.0,3,0,3,  ,0,0.0,0,0,0,0,0,0,0,0,0,0,0,0,0,0,0,0,0
2713,2004047393,157.0,157.0,67,67301,39.9596,-75.197,0,0,0,0,0,0,4,7,2003,1,1.0,3.0,0,1.0,3,1,3,  ,2,3.0,1,0,1,0,0,0,0,0,0,0,0,0,0,0,0,0,0
2714,2004047407,1720.0,1715.0,67,67301,,,0,0,0,0,0,0,4,7,2003,1,17.0,1.0,0,1.0,3,1,3,  ,2,3.0,0,0,1,0,0,1,0,0,0,0,0,0,0,0,0,0,0
2715,2004047415,1330.0,1330.0,67,67301,,,0,0,0,0,0,0,4,7,2003,3,13.0,1.0,0,1.0,3,2,3,  ,3,9.0,0,0,1,0,0,0,0,0,0,0,0,0,0,0,0,0,0
2716,2004047431,1300.0,1255.0,67,67301,40.0485,-75.2353,0,0,0,0,0,0,4,6,2003,7,12.0,1.0,0,1.0,3,1,3,  ,2,3.0,0,0,1,0,0,0,0,0,0,0,0,0,0,0,0,0,0
2717,2004047453,1230.0,9999.0,67,67301,,,0,0,0,0,0,0,4,7,2003,2,17.0,1.0,0,1.0,3,0,3,  ,0,0.0,0,0,1,0,0,0,0,0,0,0,0,0,0,0,0,0,0
2718,2004047694,1152.0,1149.0,32,32223,40.613,-79.18,0,0,0,0,1,0,1,11,2003,7,11.0,1.0,0,1.0,1,0,3,  ,0,0.0,0,0,0,0,0,0,0,0,0,0,0,0,0,0,0,1,0
2719,2004047910,801.0,501.0,20,20301,41.6393,-80.1429,0,0,1,0,0,0,4,7,2003,1,7.0,1.0,0,1.0,2,1,3,  ,2,3.0,0,0,1,0,1,0,0,0,0,0,0,0,0,0,0,0,0
2720,2004048045,1214.0,1214.0,67,67301,,,0,0,0,0,0,0,5,5,2003,2,12.0,1.0,0,1.0,3,2,3,  ,3,3.0,0,0,0,0,0,0,0,0,0,0,0,0,0,0,0,0,0
2721,2004048068,1940.0,1936.0,67,67301,39.9804,-75.1268,0,0,0,0,0,0,4,5,2003,2,19.0,1.0,0,1.0,3,1,3,  ,3,3.0,0,0,1,0,0,0,0,0,0,0,0,0,0,0,0,0,0
2722,2004048071,1807.0,1803.0,67,67301,39.9837,-75.1262,0,0,0,0,0,0,4,5,2003,2,18.0,1.0,0,1.0,3,1,3,  ,3,3.0,1,0,1,0,0,0,0,0,0,0,0,0,1,0,0,0,0
2723,2004048090,2216.0,2213.0,67,67301,40.0667,-75.084,0,0,0,0,0,0,4,5,2003,2,22.0,3.0,0,1.0,3,1,3,  ,2,3.0,0,0,1,0,0,0,0,0,0,0,0,0,0,0,0,0,0
2724,2004048256,1156.0,1150.0,2,2301,40.3918,-80.0168,0,0,0,0,1,0,4,7,2003,2,11.0,1.0,0,1.0,3,1,3,  ,0,0.0,0,0,1,0,0,0,0,0,0,0,0,0,0,0,0,0,0
2725,2004048389,221.0,146.0,60,60218,41.3801,-79.8508,0,1,0,0,0,0,1,12,2003,7,99.0,2.0,0,1.0,1,0,3,  ,0,0.0,0,1,0,0,0,0,0,0,0,0,0,0,0,0,0,0,0
2726,2004048665,1933.0,1930.0,67,67301,39.9878,-75.1806,0,0,0,0,0,0,4,7,2003,6,19.0,1.0,0,1.0,3,1,3,  ,2,3.0,0,0,1,0,0,0,0,0,0,0,0,0,0,0,0,0,0
2727,2004048720,1559.0,1555.0,36,36301,40.0326,-76.3123,0,0,0,0,0,0,4,7,2003,7,15.0,1.0,0,1.0,3,10,3,  ,3,3.0,0,0,1,0,0,0,0,0,0,0,0,0,0,0,0,0,0
2728,2004048750,1850.0,1845.0,67,67301,,,0,0,0,0,0,0,4,7,2003,6,18.0,1.0,0,1.0,3,2,3,  ,3,3.0,0,0,1,0,0,0,0,0,0,0,0,0,0,0,0,0,0
2729,2004048756,1614.0,1610.0,67,67301,,,0,0,0,0,0,0,2,7,2003,6,16.0,1.0,0,1.0,3,0,3,  ,0,0.0,0,0,0,0,0,0,0,0,0,0,0,0,0,0,0,0,0
2730,2004049199,1642.0,1640.0,46,46102,,,0,0,0,0,0,0,4,9,2003,7,16.0,1.0,7,1.0,3,0,3,  ,0,0.0,0,0,1,0,0,0,0,0,0,0,0,0,0,0,0,1,0
2731,2004049214,1410.0,1400.0,25,25302,,,0,0,0,0,0,0,1,8,2003,3,20.0,1.0,0,1.0,3,0,3,  ,3,3.0,0,0,0,0,0,0,0,0,0,0,0,0,0,0,0,0,0
2732,2004049220,1304.0,1301.0,25,25213,42.0989,-80.1541,0,0,0,0,0,0,4,8,2003,5,13.0,1.0,0,1.0,3,0,3,  ,0,0.0,0,0,1,0,0,0,0,0,0,0,0,0,0,0,0,0,0
2733,2004049225,1057.0,1054.0,36,36239,40.0644,-76.4688,0,0,0,0,1,0,5,8,2003,4,10.0,1.0,0,1.0,3,0,3,  ,0,0.0,1,0,0,0,0,0,0,0,0,0,0,0,0,0,0,1,0
2734,2004049287,1459.0,1450.0,36,36215,40.0442,-76.1854,0,0,0,0,0,0,4,8,2003,4,14.0,1.0,0,1.0,1,0,3,  ,0,0.0,0,0,1,0,0,0,0,0,0,0,0,0,0,0,0,0,0
2735,2004049428,2300.0,2256.0,67,67301,,,0,0,0,0,0,0,4,7,2003,4,22.0,3.0,0,1.0,3,1,3,  ,2,3.0,0,0,1,0,0,0,0,0,0,0,0,0,0,0,0,0,0
2736,2004049440,1525.0,1522.0,67,67301,39.9848,-75.1134,0,0,0,0,0,0,6,7,2003,6,15.0,1.0,0,1.0,3,1,3,  ,2,3.0,0,0,0,0,0,0,0,0,0,0,0,0,0,0,0,0,0
2737,2004049449,2155.0,2155.0,67,67301,40.0185,-75.0576,0,0,0,0,0,0,4,7,2003,5,21.0,3.0,0,1.0,3,1,3,  ,2,3.0,0,1,1,0,0,0,0,0,0,0,0,0,0,0,0,0,0
2738,2004049451,1710.0,1705.0,67,67301,39.9645,-75.1825,0,0,0,0,0,0,4,7,2003,4,17.0,1.0,0,1.0,3,2,3,  ,0,0.0,0,0,1,0,0,0,0,0,0,0,0,0,0,0,0,0,0
2739,2004049457,1956.0,1955.0,67,67301,39.9308,-75.1516,0,0,0,0,0,0,1,7,2003,5,19.0,4.0,0,1.0,3,0,3,  ,0,0.0,0,0,0,0,0,0,0,0,0,0,0,0,0,0,0,1,0
2740,2004049815,2043.0,2041.0,67,67301,39.9377,-75.1988,0,0,0,0,0,0,4,8,2003,6,20.0,6.0,0,1.0,3,1,3,  ,0,0.0,0,0,1,0,0,0,0,0,0,0,0,0,0,1,0,0,0
2741,2004049868,2051.0,2050.0,2,2301,,,0,0,0,0,0,0,4,8,2003,2,20.0,3.0,0,1.0,3,2,3,  ,3,9.0,1,0,1,0,0,0,0,0,0,0,0,0,0,0,0,0,0
2742,2004049898,927.0,923.0,2,2480,40.5906,-80.2014,0,0,0,0,0,0,4,9,2003,7,9.0,1.0,0,1.0,3,0,3,  ,0,0.0,1,0,1,0,0,0,0,0,0,0,0,0,0,0,0,0,0
2743,2004049928,2000.0,2000.0,25,25302,42.1316,-80.0592,0,0,0,0,0,0,4,8,2003,7,20.0,3.0,0,1.0,3,1,3,  ,2,3.0,0,0,1,0,0,0,0,0,0,0,0,0,0,0,0,0,0
2744,2004049968,1712.0,1709.0,14,14410,40.8043,-77.8615,0,0,0,0,0,0,4,9,2003,6,17.0,1.0,0,1.0,3,1,3,  ,3,3.0,1,0,1,0,0,0,0,0,0,0,0,0,0,0,0,0,1