,CRN,ARRIVAL_TM,DISPATCH_TM,COUNTY,MUNICIPALITY,DEC_LAT,DEC_LONG,BICYCLE_DEATH_COUNT,BICYCLE_SUSP_SERIOUS_INJ_COUNT,BUS_COUNT,HEAVY_TRUCK_COUNT,SMALL_TRUCK_COUNT,SUV_COUNT,COLLISION_TYPE,CRASH_MONTH,CRASH_YEAR,DAY_OF_WEEK,HOUR_OF_DAY,ILLUMINATION,LOCATION_TYPE,ROAD_CONDITION,URBAN_RURAL,INTERSECT_TYPE,WEATHER1,WEATHER2,TCD_TYPE,TCD_FUNC_CD,AGGRESSIVE_DRIVING,ALCOHOL_RELATED,ANGLE_CRASH,CELL_PHONE,COMM_VEHICLE,DISTRACTED,DRINKING_DRIVER,DRUGGED_DRIVER,FATIGUE_ASLEEP,IMPAIRED_DRIVER,NHTSA_AGG_DRIVING,RUNNING_RED_LT,RUNNING_STOP_SIGN,SPEEDING_RELATED,TAILGATING,MATURE_DRIVER,YOUNG_DRIVER
2745,2004049976,1915.0,1910.0,67,67301,40.0423,-75.1894,0,0,0,0,0,0,4,7,2003,2,13.0,1.0,0,1.0,3,2,3,  ,2,3.0,0,0,1,0,0,0,0,0,0,0,0,0,0,0,0,0,0
2746,2004049978,750.0,750.0,67,67301,,,0,0,0,0,0,0,4,7,2003,6,7.0,1.0,0,1.0,3,1,3,  ,2,3.0,0,0,1,0,0,0,0,0,0,0,0,0,0,0,0,1,0
2747,2004049995,1955.0,1951.0,67,67301,,,0,0,0,0,0,0,8,7,2003,3,19.0,1.0,0,1.0,3,1,3,  ,2,3.0,0,0,0,0,0,0,0,0,0,0,0,0,0,0,0,0,0
2748,2004050003,1811.0,1811.0,67,67301,39.9233,-75.1612,0,0,0,0,0,0,4,7,2003,2,17.0,1.0,0,1.0,3,1,3,  ,2,3.0,0,0,1,0,0,0,0,0,0,0,0,0,0,0,0,0,0
2749,2004050016,1621.0,1626.0,67,67301,39.9602,-75.1372,0,0,0,0,0,0,8,8,2003,6,15.0,1.0,0,1.0,3,2,3,  ,2,3.0,1,0,0,0,0,0,0,0,0,0,0,1,0,0,0,0,0
2750,2004050025,2003.0,2000.0,67,67301,39.9301,-75.1656,0,0,0,0,0,0,4,8,2003,2,20.0,2.0,0,1.0,3,2,3,  ,3,3.0,0,0,1,0,0,0,0,0,0,0,0,0,0,0,0,0,0
2751,2004050042,53.0,51.0,67,67301,39.9284,-75.1522,0,0,0,0,0,0,5,7,2003,7,0.0,3.0,0,1.0,3,0,3,  ,3,3.0,0,0,0,0,0,0,0,0,0,0,0,0,0,0,0,0,0
2752,2004050074,958.0,954.0,38,38210,,,0,1,0,0,0,0,4,8,2003,7,9.0,1.0,0,1.0,1,0,3,  ,0,0.0,0,0,1,0,0,0,0,0,0,0,0,0,0,0,0,0,0
2753,2004050085,541.0,538.0,15,15403,,,0,0,0,0,0,0,8,8,2003,3,5.0,5.0,0,1.0,3,0,5,  ,0,0.0,0,0,0,0,0,0,0,0,0,0,0,0,0,0,0,0,0
2754,2004050128,1835.0,1829.0,2,2301,,,0,0,0,0,0,0,4,8,2003,4,18.0,1.0,0,1.0,3,1,3,  ,0,0.0,0,0,1,0,0,0,0,0,0,0,0,0,0,0,0,0,0
2755,2004050139,2259.0,2252.0,2,2301,40.3922,-80.0132,0,0,0,0,0,0,5,8,2003,1,22.0,6.0,0,1.0,3,1,3,  ,2,3.0,0,0,0,0,0,1,0,0,0,0,0,0,0,0,0,0,0
2756,2004050160,1637.0,1636.0,46,46101,40.1356,-75.124,0,0,0,0,0,0,5,10,2003,7,16.0,1.0,0,1.0,3,1,3,  ,3,3.0,0,0,0,0,0,0,0,1,0,1,0,0,0,0,0,0,0
2757,2004050212,2040.0,2040.0,25,25302,42.1172,-80.0982,0,0,0,0,0,0,4,9,2003,1,20.0,3.0,0,1.0,3,1,3,  ,2,3.0,0,0,1,0,0,0,0,0,0,0,0,0,0,0,0,0,0
2758,2004050225,812.0,810.0,25,25302,42.1358,-80.0671,0,0,0,0,0,0,8,9,2003,4,8.0,1.0,0,1.0,3,1,3,  ,2,3.0,1,0,0,0,0,0,0,0,0,0,0,0,0,0,0,0,0
2759,2004050226,2018.0,2015.0,25,25302,,,0,0,0,0,1,0,4,8,2003,4,20.0,1.0,0,1.0,3,0,3,  ,0,0.0,0,0,1,0,0,0,0,0,0,0,0,0,0,0,0,0,0
2760,2004050246,1247.0,1244.0,25,25302,,,0,0,0,0,0,0,2,10,2003,1,12.0,1.0,0,1.0,3,0,3,  ,0,0.0,0,0,0,0,0,0,0,0,0,0,0,0,0,0,0,0,0
2761,2004050428,1728.0,1718.0,37,37217,41.0993,-80.347,0,0,0,0,0,0,6,8,2003,5,17.0,1.0,0,1.0,1,1,3,  ,3,3.0,0,0,0,0,0,0,0,0,0,0,0,0,0,0,0,1,0
2762,2004050575,1607.0,1555.0,64,64436,40.2193,-79.6021,0,1,0,0,0,0,5,4,2003,1,15.0,1.0,2,1.0,3,7,3,  ,0,0.0,0,0,0,0,0,0,0,0,0,0,0,0,0,0,0,0,0
2763,2004050629,1133.0,1126.0,18,18301,,,0,0,0,0,0,0,4,8,2003,2,11.0,1.0,0,1.0,2,1,3,  ,0,0.0,0,0,1,0,0,0,0,0,0,0,0,0,0,0,0,1,0
2764,2004050638,1629.0,1628.0,23,23101,39.8687,-75.4284,0,0,0,0,0,0,4,8,2003,2,16.0,1.0,0,1.0,3,0,3,  ,0,0.0,0,0,1,0,0,0,0,0,0,0,0,0,0,0,0,0,0
2765,2004050650,1334.0,1310.0,39,39102,,,0,0,0,0,0,0,4,8,2003,6,,1.0,7,1.0,3,0,3,  ,3,3.0,0,0,1,0,0,0,0,0,0,0,0,0,0,0,0,0,1
2766,2004050657,2008.0,2004.0,67,67301,39.9368,-75.2212,0,0,0,0,0,0,4,8,2003,1,20.0,1.0,0,1.0,3,1,3,  ,3,3.0,0,0,1,0,0,0,0,0,0,0,0,0,0,0,0,0,0
2767,2004050658,1937.0,1935.0,67,67301,,,0,0,0,0,0,0,5,8,2003,3,18.0,1.0,0,1.0,3,0,3,  ,0,0.0,0,0,0,0,0,0,0,0,0,0,0,0,0,0,0,0,0
2768,2004050667,1349.0,1312.0,36,36101,,,0,1,0,0,0,0,4,7,2003,1,12.0,1.0,0,1.0,3,1,3,  ,3,3.0,1,0,1,0,0,0,0,0,0,0,0,0,0,0,0,0,0
2769,2004050726,1255.0,1250.0,67,67301,,,0,0,0,0,0,0,5,8,2003,3,12.0,1.0,0,9.0,3,0,7,  ,0,0.0,0,0,0,0,0,0,0,0,0,0,0,0,0,0,0,0,0
2770,2004050742,2130.0,2122.0,67,67301,40.0152,-75.0727,0,0,0,0,0,0,1,8,2003,7,21.0,3.0,0,1.0,3,1,3,  ,0,0.0,1,0,0,0,0,0,0,0,0,0,0,0,0,0,0,0,0
2771,2004050755,1735.0,1732.0,67,67301,,,0,0,0,0,1,0,4,7,2003,2,12.0,1.0,0,1.0,3,2,3,  ,3,3.0,1,0,1,0,0,0,0,0,0,0,0,0,0,1,0,0,0
2772,2004050756,1910.0,1857.0,67,67301,,,0,0,0,0,0,0,4,8,2003,1,18.0,1.0,0,1.0,3,0,3,  ,3,3.0,0,0,1,0,0,1,0,0,0,0,0,0,0,0,0,0,0
2773,2004050764,1530.0,1527.0,67,67301,39.9526,-75.1781,0,0,0,0,0,0,5,7,2003,2,15.0,1.0,0,1.0,3,2,3,  ,2,3.0,0,0,0,0,0,0,0,0,0,0,0,0,0,0,0,0,0
2774,2004050770,1556.0,1550.0,67,67301,,,0,0,0,0,0,0,2,7,2003,7,15.0,1.0,0,1.0,3,1,3,  ,3,3.0,0,0,0,0,0,0,0,0,0,0,0,0,0,0,0,0,0
2775,2004050786,1910.0,1906.0,67,67301,39.9374,-75.1926,0,0,0,0,0,0,8,8,2003,4,19.0,4.0,0,1.0,3,2,3,  ,3,3.0,0,0,0,0,0,0,0,0,0,0,0,0,0,0,0,0,0
2776,2004050790,1752.0,1748.0,67,67301,40.0532,-75.1553,0,0,0,0,0,0,4,7,2003,7,17.0,1.0,0,1.0,3,0,3,  ,0,0.0,0,0,1,0,0,0,0,0,0,0,0,0,0,0,0,0,0
2777,2004050797,1258.0,1254.0,67,67301,,,0,0,0,0,0,0,4,7,2003,5,12.0,1.0,0,9.0,3,1,3,  ,2,3.0,1,0,1,0,0,0,0,0,0,0,0,1,0,0,0,0,0
2778,2004050815,1730.0,1722.0,67,67301,39.9623,-75.1972,0,0,0,0,0,0,1,7,2003,4,17.0,1.0,0,1.0,3,2,3,  ,2,3.0,0,0,0,0,0,1,0,0,0,0,0,0,0,0,0,0,0
2779,2004050843,1915.0,1918.0,67,67301,40.0292,-75.1143,0,0,0,0,0,0,4,7,2003,5,18.0,1.0,0,1.0,3,2,3,  ,3,3.0,0,0,1,0,0,0,0,0,0,0,0,0,0,0,0,0,1
2780,2004050861,1530.0,1525.0,67,67301,,,0,0,0,0,0,0,4,7,2003,7,15.0,1.0,0,1.0,3,1,3,  ,3,9.0,0,0,1,0,0,0,0,0,0,0,0,0,0,0,0,0,0
2781,2004050870,2040.0,2039.0,67,67301,,,0,0,0,0,0,0,6,8,2003,1,20.0,3.0,0,1.0,3,2,3,  ,0,0.0,0,0,0,0,0,0,0,0,0,0,0,0,0,0,0,0,0
2782,2004050871,1116.0,1116.0,67,67301,39.9602,-75.2391,0,0,0,0,0,0,4,7,2003,7,11.0,1.0,0,1.0,3,1,3,  ,2,3.0,1,0,1,0,0,0,0,0,0,0,0,0,0,0,0,0,0
2783,2004050887,2025.0,2020.0,67,67301,,,0,0,0,0,0,0,1,7,2003,2,20.0,3.0,0,1.0,3,0,3,  ,0,0.0,1,0,0,0,0,0,0,0,0,0,0,0,0,0,1,0,0
2784,2004050888,1415.0,1400.0,67,67301,40.0896,-75.057,0,0,0,0,0,0,1,8,2003,1,11.0,1.0,0,1.0,3,1,3,  ,2,3.0,0,0,0,0,0,0,0,0,0,0,0,0,0,0,0,1,0
2785,2004050894,1650.0,1650.0,67,67301,39.9853,-75.1138,0,0,0,0,0,0,4,7,2003,2,16.0,3.0,0,1.0,3,1,3,  ,9,9.0,1,0,1,0,0,0,0,0,0,0,0,0,0,0,0,0,1
2786,2004050896,1451.0,1450.0,67,67301,40.0161,-75.1685,0,0,0,0,0,0,1,8,2003,3,14.0,1.0,0,9.0,3,0,3,  ,0,0.0,1,0,0,0,0,0,0,0,1,0,0,0,0,0,0,0,0
2787,2004050904,1844.0,1844.0,67,67301,,,0,0,0,0,0,0,4,7,2003,2,18.0,1.0,0,1.0,3,0,3,  ,0,0.0,0,0,1,0,0,1,0,0,0,0,0,0,0,0,0,0,0
2788,2004050922,1830.0,1820.0,67,67301,40.0377,-75.1227,0,0,0,0,0,0,4,7,2003,2,18.0,1.0,0,1.0,3,0,3,  ,0,0.0,0,0,1,0,0,0,0,0,0,0,0,0,0,0,0,0,0
2789,2004050936,1553.0,1549.0,67,67301,40.0076,-75.1273,0,0,0,0,0,0,5,7,2003,5,15.0,1.0,0,1.0,3,1,3,  ,0,0.0,0,0,0,0,0,0,0,0,0,0,0,0,0,0,0,0,0
2790,2004051040,9999.0,9999.0,40,40304,,,0,0,0,0,1,0,4,8,2003,2,,1.0,7,1.0,3,0,3,  ,0,0.0,0,0,1,0,0,0,0,0,0,0,0,0,0,0,0,1,0
2791,2004051101,9999.0,9999.0,67,67301,39.9895,-75.1565,0,0,0,0,0,0,6,7,2003,7,18.0,1.0,0,1.0,3,1,3,  ,3,9.0,0,0,0,0,0,0,0,0,0,0,0,0,0,0,0,0,0
2792,2004051209,1305.0,1300.0,25,25302,,,0,0,0,0,1,0,4,8,2003,6,12.0,1.0,0,9.0,3,0,7,  ,0,0.0,0,0,1,0,0,0,0,0,0,0,0,0,0,0,0,0,0
2793,2004051211,1044.0,1041.0,25,25302,42.1116,-80.1269,0,0,0,0,0,0,6,8,2003,3,10.0,1.0,0,9.0,3,2,7,  ,3,3.0,0,0,0,0,0,0,0,0,0,0,0,0,0,0,0,0,0
2794,2004051408,9999.0,9999.0,67,67301,,,0,0,0,0,0,0,5,8,2003,2,18.0,1.0,0,9.0,3,0,7,  ,2,3.0,0,0,0,0,0,0,0,0,0,0,0,0,0,0,0,0,0
2795,2004051419,1712.0,1710.0,67,67301,,,0,0,0,0,1,0,4,4,2003,4,17.0,1.0,0,1.0,3,1,3,  ,3,3.0,0,0,1,0,0,0,0,0,0,0,0,0,0,0,0,0,0
2796,2004051688,1437.0,1414.0,22,22207,40.2274,-76.7173,0,0,0,0,0,0,4,6,2003,7,14.0,1.0,0,1.0,1,0,3,  ,0,0.0,0,0,1,0,0,0,0,0,0,0,0,0,0,0,0,0,1
2797,2004051714,1635.0,631.0,67,67301,,,0,0,0,0,0,0,6,4,2003,2,16.0,1.0,0,1.0,3,0,3,  ,0,0.0,0,0,0,0,0,0,0,0,0,0,0,0,0,0,0,0,0
2798,2004051815,2145.0,2135.0,67,67301,,,0,0,0,0,0,0,5,8,2003,7,21.0,4.0,0,1.0,3,0,3,  ,0,0.0,1,0,0,0,0,0,0,0,0,0,0,0,0,0,0,0,0
2799,2004051832,340.0,328.0,67,67301,,,0,0,0,0,1,0,4,8,2003,4,7.0,1.0,7,98.0,3,0,99,  ,0,0.0,1,0,1,0,0,0,0,0,0,0,0,0,0,0,0,0,0
2800,2004051838,1713.0,1711.0,67,67301,40.0152,-75.0887,0,1,0,0,0,0,5,8,2003,3,17.0,1.0,0,9.0,3,0,3,  ,0,0.0,0,0,0,0,0,1,0,0,0,0,0,0,0,0,0,0,0
2801,2004051845,1525.0,1520.0,67,67301,40.0086,-75.0857,0,0,0,0,0,0,4,7,2003,7,15.0,1.0,0,1.0,3,0,3,  ,0,0.0,0,0,1,0,0,0,0,0,0,0,0,0,0,0,0,0,0
2802,2004051931,2318.0,2309.0,25,25302,42.1283,-80.068,0,0,0,0,0,0,4,9,2003,1,22.0,3.0,0,1.0,3,1,3,  ,2,9.0,0,0,1,0,0,0,0,0,0,0,0,0,0,0,0,0,0
2803,2004051934,2052.0,2050.0,25,25302,,,0,0,0,0,0,0,4,9,2003,4,20.0,3.0,0,1.0,3,1,3,  ,3,3.0,0,0,1,0,0,0,0,0,0,0,0,0,0,0,0,0,0
2804,2004052082,1708.0,1700.0,7,7301,,,0,0,0,0,0,0,4,8,2003,7,17.0,1.0,0,1.0,3,1,3,  ,0,0.0,0,0,1,0,0,0,0,0,0,0,0,0,0,0,0,0,0
2805,2004052220,1909.0,1904.0,7,7301,,,0,0,0,0,0,0,4,8,2003,6,19.0,1.0,0,1.0,3,1,3,  ,3,3.0,1,0,1,0,0,0,0,0,0,0,0,0,1,0,0,0,0
2806,2004052374,1703.0,1700.0,38,38208,40.3172,-76.4233,0,0,0,0,0,0,4,9,2003,2,16.0,1.0,7,1.0,1,0,3,  ,3,3.0,0,0,1,0,0,0,0,0,0,0,0,0,0,0,0,0,0
2807,2004052381,939.0,929.0,2,2301,40.4374,-79.9993,0,0,0,0,0,0,4,8,2003,5,9.0,1.0,0,1.0,3,1,3,  ,2,3.0,0,0,1,0,0,0,0,0,0,0,0,0,0,0,0,0,0
2808,2004052404,1836.0,1834.0,2,2301,,,0,0,0,0,0,0,4,9,2003,2,18.0,1.0,0,1.0,3,1,3,  ,0,0.0,0,0,1,0,0,0,0,0,0,0,0,0,0,0,0,0,1
2809,2004052454,1255.0,1245.0,2,2304,40.4471,-79.8952,0,0,0,0,0,0,6,8,2003,4,12.0,1.0,0,1.0,3,1,3,  ,2,3.0,1,0,0,0,0,0,0,0,0,0,0,0,0,0,0,0,0
2810,2004052562,1043.0,1037.0,67,67301,39.9249,-75.174,0,0,0,0,0,0,2,3,2003,7,10.0,1.0,0,1.0,3,0,3,  ,0,0.0,0,0,0,0,0,0,0,0,0,0,0,0,0,0,0,0,0
2811,2004052720,2044.0,2032.0,25,25210,42.1461,-80.0031,0,0,0,0,0,0,2,5,2003,7,20.0,3.0,7,1.0,1,0,3,  ,0,0.0,0,0,0,0,0,0,0,0,0,0,0,0,0,0,0,0,0
2812,2004052835,1441.0,1436.0,39,39301,40.5836,-75.4765,0,0,0,0,0,0,4,7,2003,1,14.0,1.0,0,1.0,3,2,3,  ,3,3.0,0,0,1,0,0,0,0,0,0,0,0,0,0,0,0,0,0
2813,2004052851,1722.0,1720.0,39,39301,40.6193,-75.4404,0,0,0,0,0,0,2,7,2003,5,17.0,1.0,0,1.0,3,2,3,  ,0,0.0,0,0,0,0,0,0,0,0,0,0,0,0,0,0,0,0,0
2814,2004053044,803.0,800.0,46,46104,40.0183,-75.3047,0,0,0,0,0,0,6,9,2003,3,8.0,1.0,0,1.0,3,1,3,  ,0,0.0,1,0,0,0,0,0,0,0,0,0,0,0,0,0,0,0,0
2815,2004053068,1605.0,1558.0,14,14206,,,0,0,0,0,0,0,4,9,2003,1,15.0,1.0,0,1.0,1,0,3,  ,0,0.0,1,0,1,0,0,0,0,0,0,0,0,0,0,0,0,0,0
2816,2004053295,1557.0,1544.0,36,36101,40.054,-76.3052,0,0,0,0,0,0,4,7,2003,2,15.0,1.0,0,1.0,3,0,3,  ,0,0.0,1,0,1,0,0,0,0,0,0,0,0,0,0,0,0,1,0
2817,2004053482,1505.0,1453.0,25,25302,,,0,0,0,0,0,0,4,6,2003,5,13.0,1.0,0,9.0,3,1,7,  ,3,3.0,1,0,1,0,0,0,0,0,0,0,0,0,0,1,0,0,0
2818,2004053485,1305.0,1254.0,25,25302,,,0,0,0,0,1,0,9,5,2003,6,12.0,1.0,0,1.0,3,0,3,  ,0,0.0,0,0,0,0,0,0,0,0,0,0,0,0,0,0,0,0,0
2819,2004053515,1203.0,1201.0,35,35302,41.4111,-75.683,0,0,0,0,0,0,4,8,2003,4,12.0,1.0,7,9.0,3,0,3,  ,0,0.0,0,0,1,0,0,0,0,0,0,0,0,0,0,0,0,0,1
2820,2004053524,9999.0,9999.0,67,67301,39.9591,-75.172,0,0,0,0,0,0,4,7,2003,5,17.0,1.0,0,1.0,3,10,3,  ,2,3.0,1,0,1,0,0,0,0,0,0,0,0,0,0,0,0,0,0
2821,2004053706,1319.0,1309.0,2,2301,40.4443,-79.9491,0,0,0,0,0,0,4,9,2003,2,13.0,1.0,0,1.0,3,0,3,  ,0,0.0,1,0,1,0,0,0,0,0,0,0,0,0,0,0,0,0,0
2822,2004053722,13.0,9.0,25,25302,,,0,0,0,0,0,0,4,6,2003,7,0.0,6.0,0,1.0,3,1,3,  ,2,3.0,1,0,1,0,0,0,0,0,0,0,0,1,0,1,0,0,0
2823,2004053748,2148.0,2145.0,25,25302,42.1388,-80.0611,0,0,0,0,0,0,4,6,2003,6,21.0,3.0,0,1.0,3,1,3,  ,2,3.0,0,0,1,0,0,0,0,0,0,0,0,0,0,0,0,0,0
2824,2004053793,148.0,148.0,39,39301,,,0,1,0,0,0,0,4,8,2003,3,1.0,3.0,0,9.0,3,1,3,  ,2,3.0,0,0,1,0,0,0,0,0,0,0,0,0,0,0,0,0,0
2825,2004054008,953.0,950.0,36,36101,40.0562,-76.3057,0,0,0,0,0,0,4,6,2003,6,9.0,1.0,0,1.0,3,1,3,  ,2,3.0,1,0,1,0,0,0,0,0,0,0,0,0,0,0,0,0,0
2826,2004054065,1825.0,1821.0,7,7301,,,0,0,0,0,0,0,4,5,2003,6,18.0,1.0,0,1.0,3,0,3,  ,0,0.0,0,0,1,0,0,0,0,0,0,0,0,0,0,0,0,0,0
2827,2004054200,1842.0,1840.0,46,46104,40.0012,-75.2762,0,0,0,0,0,0,4,6,2003,4,18.0,1.0,7,1.0,3,1,3,  ,0,0.0,0,1,1,0,0,0,0,0,0,0,0,0,0,0,0,0,0
2828,2004054309,1828.0,1822.0,44,44203,40.6649,-77.5971,0,0,0,0,0,0,5,5,2003,6,18.0,1.0,0,1.0,1,0,3,  ,0,0.0,0,0,0,0,0,0,0,0,0,0,0,0,0,0,0,0,0
2829,2004054417,1643.0,1639.0,15,15415,39.821,-75.8296,0,0,0,0,0,0,4,4,2003,2,16.0,1.0,0,1.0,1,2,3,  ,0,0.0,0,0,1,0,0,0,0,0,0,0,0,0,0,0,0,0,0
2830,2004054434,1253.0,1248.0,46,46204,40.1895,-75.1245,0,0,0,0,1,0,5,5,2003,5,12.0,1.0,0,1.0,3,0,3,  ,0,0.0,0,0,0,0,0,0,0,0,0,0,0,0,0,0,0,0,0
2831,2004054444,1453.0,1452.0,40,40422,41.2371,-75.9592,0,0,0,0,0,0,5,9,2003,2,14.0,1.0,0,9.0,3,2,7,  ,0,0.0,0,0,0,0,0,0,0,0,0,0,0,0,0,0,0,0,0
2832,2004054497,1625.0,1618.0,49,49101,40.7839,-76.5707,0,0,0,0,0,0,4,5,2003,4,16.0,1.0,0,1.0,1,1,3,  ,3,3.0,0,0,1,0,0,0,0,0,0,0,0,0,0,0,0,0,0
2833,2004054569,1717.0,1657.0,30,30210,39.8037,-80.3573,0,0,0,0,1,0,4,10,2003,7,16.0,1.0,0,1.0,1,0,3,  ,0,0.0,0,0,1,0,0,0,0,0,0,0,0,0,0,0,0,0,0
2834,2004054759,1630.0,1615.0,67,67301,,,0,0,1,0,0,0,8,11,2003,6,15.0,1.0,0,1.0,3,1,3,  ,0,0.0,1,0,0,0,1,0,0,0,0,0,0,0,0,0,0,0,0
2835,2004054836,1802.0,9999.0,55,55210,40.1508,-79.0408,0,1,0,0,0,0,2,11,2003,5,18.0,2.0,0,1.0,1,0,3,  ,0,0.0,0,0,0,0,0,1,0,0,0,0,0,0,0,0,0,0,0
2836,2004054861,1604.0,1526.0,44,44204,,,0,1,0,0,1,0,4,11,2003,2,15.0,1.0,0,1.0,1,1,3,  ,3,3.0,0,0,1,0,0,0,0,0,0,0,0,0,0,0,0,1,0
2837,2004055120,1611.0,1608.0,39,39301,40.6074,-75.4926,0,0,0,0,0,0,4,5,2003,6,,1.0,0,9.0,3,1,7,  ,3,3.0,1,0,1,0,0,0,0,0,0,0,0,0,0,0,0,0,0
2838,2004055152,1531.0,1531.0,35,35302,,,0,0,0,0,0,0,4,6,2003,1,13.0,1.0,0,1.0,3,1,3,  ,3,2.0,1,0,1,0,0,0,0,0,0,0,0,0,1,0,0,0,0
2839,2004055456,929.0,920.0,3,3222,,,0,0,0,0,0,0,4,5,2003,7,9.0,1.0,0,1.0,1,0,3,  ,0,0.0,1,0,1,0,0,0,0,0,0,0,0,0,0,1,0,0,0
2840,2004055820,2015.0,2007.0,15,15220,39.8088,-75.7097,0,1,0,0,0,0,4,5,2003,6,20.0,1.0,0,1.0,1,2,3,  ,3,9.0,1,0,1,0,0,0,0,0,0,0,0,0,0,0,0,1,0
2841,2004055855,1712.0,1708.0,36,36301,40.0416,-76.3181,0,0,0,0,0,0,5,5,2003,5,17.0,1.0,0,1.0,3,0,3,  ,0,0.0,0,0,0,0,0,0,0,0,0,0,0,0,0,0,0,0,0
2842,2004055935,0.0,1819.0,49,49101,40.7822,-76.5691,0,0,0,0,0,0,4,5,2003,5,17.0,1.0,0,1.0,1,1,3,  ,0,0.0,0,0,1,0,0,0,0,0,0,0,0,0,0,0,0,0,0
2843,2004055999,1647.0,1647.0,46,46104,40.0099,-75.2952,0,0,0,0,0,0,4,6,2003,2,16.0,1.0,0,9.0,3,2,3,  ,2,3.0,0,0,1,0,0,0,0,0,0,0,0,0,0,0,0,0,0
2844,2004056154,2355.0,2350.0,67,67301,40.0107,-75.0785,0,0,0,0,0,0,8,10,2003,6,23.0,3.0,0,1.0,3,2,3,  ,3,9.0,0,0,0,0,0,0,0,0,0,0,0,0,0,0,0,0,0
2845,2004056151,1720.0,1720.0,46,46113,40.2167,-75.2925,0,0,0,1,0,0,0,10,2003,5,17.0,1.0,0,1.0,3,0,3,  ,2,3.0,0,0,0,0,1,0,0,0,0,0,0,0,0,0,0,0,0
2846,2004056169,830.0,822.0,67,67301,,,0,0,0,0,0,0,4,10,2003,3,8.0,1.0,0,1.0,3,0,3,  ,3,9.0,0,0,1,0,0,1,0,0,0,0,0,0,0,0,0,0,0
2847,2004056248,1430.0,1430.0,36,36406,40.099,-76.3537,0,0,0,0,0,0,4,9,2003,6,15.0,1.0,0,9.0,3,0,7,  ,0,0.0,1,0,1,0,0,0,0,0,0,0,0,0,0,0,0,0,0
2848,2004056322,1451.0,1450.0,46,46104,,,0,0,0,0,0,0,4,10,2003,7,14.0,1.0,0,1.0,3,0,3,  ,0,0.0,1,0,1,0,0,0,0,0,0,0,0,0,0,0,0,0,0
2849,2004056338,1510.0,1507.0,2,2113,40.4672,-79.8362,0,1,0,0,1,0,4,8,2003,1,15.0,1.0,0,8.0,3,2,7,  ,3,3.0,1,0,1,0,0,1,0,0,0,0,0,0,0,0,0,0,0
2850,2004056380,1708.0,1706.0,39,39301,,,0,0,0,0,0,0,4,9,2003,6,17.0,1.0,0,1.0,3,1,3,  ,2,2.0,0,0,1,0,0,0,0,0,0,0,0,0,0,0,0,0,1
2851,2004056496,1324.0,1316.0,21,21208,40.2327,-77.1796,0,0,0,0,0,0,4,6,2003,4,12.0,1.0,0,1.0,1,0,3,  ,0,0.0,0,0,1,0,0,0,0,0,0,0,0,0,0,0,0,0,0
2852,2004056540,1943.0,1940.0,39,39301,,,0,0,0,0,0,0,4,5,2003,6,19.0,1.0,0,1.0,3,1,3,  ,0,0.0,0,0,1,0,0,0,0,0,0,0,0,0,0,0,0,1,0
2853,2004056619,752.0,736.0,10,10205,40.9399,-79.9587,0,0,0,0,0,0,4,5,2003,6,7.0,1.0,0,1.0,1,1,3,  ,3,3.0,1,0,1,0,0,0,0,0,0,0,0,0,1,0,0,0,1
2854,2004056701,939.0,933.0,39,39301,40.5945,-75.4998,0,0,0,0,0,0,4,5,2003,5,9.0,1.0,7,1.0,3,0,3,  ,0,0.0,1,0,1,0,0,0,0,0,0,0,0,0,0,0,0,0,0
2855,2004056931,1300.0,1250.0,67,67301,39.9244,-75.1696,0,0,0,0,0,0,1,8,2003,6,12.0,1.0,0,1.0,3,1,3,  ,2,3.0,0,0,0,0,0,0,0,0,0,0,0,0,0,0,0,0,0
2856,2004056941,1854.0,1848.0,67,67301,40.0077,-75.1014,0,0,0,0,0,0,4,6,2003,2,8.0,1.0,7,1.0,3,0,3,  ,0,0.0,0,0,1,0,0,0,0,0,0,0,0,0,0,0,0,0,1
2857,2004056974,1520.0,1517.0,67,67301,39.9783,-75.1557,0,0,0,0,0,0,4,7,2003,5,15.0,1.0,0,1.0,3,1,3,  ,3,9.0,0,0,1,0,0,0,0,0,0,0,0,0,0,0,0,0,0
2858,2004056984,1608.0,1602.0,67,67301,39.9507,-75.1501,0,0,0,0,0,0,5,6,2003,3,16.0,1.0,0,1.0,3,0,3,  ,0,0.0,0,0,0,0,0,0,0,0,0,0,0,0,0,0,0,0,0
2859,2004056995,1720.0,1711.0,67,67301,40.0381,-75.1226,0,0,0,0,0,0,4,8,2003,4,17.0,1.0,0,1.0,3,0,3,  ,0,0.0,0,0,1,0,0,0,0,0,0,0,0,0,0,0,0,0,0
2860,2004056997,2105.0,2101.0,67,67301,39.9954,-75.1789,0,0,0,0,0,0,4,7,2003,2,20.0,3.0,0,1.0,3,1,3,  ,2,3.0,0,0,1,0,0,0,0,0,0,0,0,0,0,0,0,0,0
2861,2004057011,1845.0,1843.0,67,67301,40.0005,-75.1687,0,0,0,0,0,0,2,7,2003,1,18.0,1.0,0,1.0,3,1,3,  ,3,3.0,0,0,0,0,0,0,0,0,0,0,0,0,0,0,0,0,0
2862,2004057029,9999.0,9999.0,67,67301,,,0,0,0,0,0,0,4,6,2003,3,1.0,3.0,0,1.0,3,1,3,  ,2,3.0,0,0,1,0,0,0,0,0,0,0,0,0,0,0,0,0,0
2863,2004057031,1624.0,1607.0,67,67301,39.9985,-75.1535,0,0,0,0,0,0,4,7,2003,3,16.0,1.0,0,1.0,3,1,3,  ,2,3.0,0,0,1,0,0,0,0,0,0,0,0,0,0,0,0,0,0
2864,2004057037,1735.0,1732.0,67,67301,39.9925,-75.1233,0,0,0,0,0,0,8,9,2003,7,17.0,1.0,0,1.0,3,0,3,  ,0,0.0,0,0,0,0,0,0,0,0,0,0,0,0,0,0,0,0,0