,CRN,ARRIVAL_TM,DISPATCH_TM,COUNTY,MUNICIPALITY,DEC_LAT,DEC_LONG,BICYCLE_DEATH_COUNT,BICYCLE_SUSP_SERIOUS_INJ_COUNT,BUS_COUNT,HEAVY_TRUCK_COUNT,SMALL_TRUCK_COUNT,SUV_COUNT,COLLISION_TYPE,CRASH_MONTH,CRASH_YEAR,DAY_OF_WEEK,HOUR_OF_DAY,ILLUMINATION,LOCATION_TYPE,ROAD_CONDITION,URBAN_RURAL,INTERSECT_TYPE,WEATHER1,WEATHER2,TCD_TYPE,TCD_FUNC_CD,AGGRESSIVE_DRIVING,ALCOHOL_RELATED,ANGLE_CRASH,CELL_PHONE,COMM_VEHICLE,DISTRACTED,DRINKING_DRIVER,DRUGGED_DRIVER,FATIGUE_ASLEEP,IMPAIRED_DRIVER,NHTSA_AGG_DRIVING,RUNNING_RED_LT,RUNNING_STOP_SIGN,SPEEDING_RELATED,TAILGATING,MATURE_DRIVER,YOUNG_DRIVER
2865,2004057068,1630.0,1630.0,67,67301,,,0,0,0,0,0,0,4,8,2003,5,16.0,1.0,0,1.0,3,1,3,  ,3,9.0,0,0,1,0,0,0,0,0,0,0,0,0,0,0,0,0,0
2866,2004057160,2040.0,2028.0,67,67301,39.9591,-75.2036,0,0,0,0,0,0,4,12,2003,5,19.0,1.0,0,1.0,3,1,3,  ,0,0.0,1,0,1,0,0,0,0,0,0,0,1,0,0,1,0,0,0
2867,2004057653,1747.0,1725.0,35,35216,,,0,1,0,0,1,0,4,5,2003,3,17.0,1.0,7,1.0,1,0,3,  ,0,0.0,0,0,1,0,0,0,0,0,0,0,0,0,0,0,0,0,0
2868,2004057731,1940.0,1936.0,46,46204,40.189,-75.1719,0,0,0,0,0,0,8,6,2003,2,19.0,1.0,0,1.0,3,1,3,  ,3,3.0,0,0,0,0,0,0,0,0,0,0,0,0,0,0,0,0,0
2869,2004057862,1605.0,1559.0,2,2301,40.4287,-79.9897,0,0,0,0,0,0,2,6,2003,4,15.0,1.0,0,1.0,3,1,3,  ,0,0.0,1,0,0,0,0,0,0,0,0,0,0,0,0,0,0,0,0
2870,2004057930,1821.0,1819.0,25,25302,,,0,0,0,0,0,0,2,7,2003,5,18.0,1.0,0,1.0,3,0,3,  ,0,0.0,0,0,0,0,0,0,0,0,0,0,0,0,0,0,0,0,0
2871,2004057949,2043.0,2041.0,25,25302,,,0,0,0,0,0,0,4,7,2003,1,20.0,1.0,0,1.0,3,1,3,  ,3,3.0,1,0,1,0,0,0,0,0,0,0,0,0,1,0,0,0,1
2872,2004058110,1450.0,1448.0,67,67301,,,0,0,0,0,0,0,1,12,2003,5,14.0,1.0,0,1.0,3,0,3,  ,2,3.0,0,0,0,0,0,0,0,0,0,0,0,0,0,0,0,0,0
2873,2004058186,1516.0,1514.0,25,25213,42.0864,-80.142,0,0,0,0,0,0,4,7,2003,5,15.0,1.0,0,1.0,3,1,3,  ,3,3.0,1,0,1,0,0,0,0,0,0,0,0,0,0,0,0,0,0
2874,2004058427,1950.0,1941.0,60,60301,41.395,-79.8279,0,0,0,0,0,1,4,9,2003,2,18.0,1.0,0,1.0,2,2,3,  ,0,0.0,0,0,1,0,0,0,0,0,0,0,0,0,0,0,0,0,0
2875,2004058886,1945.0,1944.0,67,67301,,,0,0,0,0,0,0,4,8,2003,1,19.0,1.0,7,1.0,3,0,3,  ,0,0.0,0,0,1,0,0,0,0,0,0,0,0,0,0,0,0,0,0
2876,2004058957,1527.0,1527.0,23,23106,40.0421,-75.3918,0,0,0,0,0,0,4,9,2003,3,15.0,1.0,0,1.0,3,0,3,  ,0,0.0,0,0,1,0,0,0,0,0,0,0,0,0,0,0,0,0,0
2877,2004059193,1530.0,1525.0,67,67301,,,0,0,0,0,0,0,4,8,2003,4,15.0,1.0,0,1.0,3,0,3,  ,0,0.0,0,0,1,0,0,0,0,0,0,0,0,0,0,0,0,0,0
2878,2004059203,1947.0,1945.0,67,67301,,,0,0,0,0,0,0,4,8,2003,1,17.0,1.0,0,1.0,3,0,3,  ,0,0.0,0,0,1,0,0,0,0,0,0,0,0,0,0,0,0,0,0
2879,2004059209,1715.0,1712.0,67,67301,39.9239,-75.1659,0,0,0,0,0,0,4,7,2003,4,17.0,1.0,0,1.0,3,1,3,  ,0,0.0,0,0,1,0,0,0,0,0,0,0,0,0,0,0,0,0,0
2880,2004059232,1905.0,1903.0,67,67301,40.0089,-75.0991,0,0,0,0,0,0,4,8,2003,2,18.0,1.0,0,1.0,3,0,3,  ,0,0.0,0,0,1,0,0,0,0,0,0,0,0,0,0,0,0,0,0
2881,2004059383,1429.0,1406.0,30,30212,39.801,-79.9137,0,0,0,0,0,0,4,6,2003,1,14.0,1.0,0,1.0,1,2,3,  ,3,3.0,0,0,1,0,0,0,0,0,0,0,0,0,0,0,0,1,0
2882,2004059422,1745.0,1738.0,67,67301,,,0,0,0,0,0,0,4,8,2003,4,17.0,1.0,0,1.0,3,1,3,  ,3,3.0,1,0,1,0,0,0,0,0,0,0,0,0,0,0,0,1,0
2883,2004059423,1859.0,1851.0,67,67301,39.9822,-75.1144,0,0,0,0,0,0,4,8,2003,4,,1.0,0,1.0,3,10,3,  ,0,0.0,0,0,1,0,0,0,0,0,0,0,0,0,0,0,0,0,1
2884,2004059428,1820.0,1813.0,67,67301,,,0,0,0,0,0,0,4,8,2003,4,,1.0,0,1.0,3,0,3,  ,2,3.0,0,0,1,0,0,0,0,0,0,0,0,0,0,0,0,0,0
2885,2004059429,1829.0,1819.0,67,67301,39.9177,-75.1572,0,0,0,0,0,0,4,8,2003,6,18.0,1.0,0,1.0,3,2,3,  ,3,2.0,0,0,1,0,0,0,0,0,0,0,0,0,0,0,0,0,0
2886,2004059431,1705.0,1700.0,67,67301,39.9464,-75.1599,0,0,0,0,0,0,5,8,2003,5,,1.0,0,1.0,3,0,3,  ,0,0.0,0,1,0,0,0,0,0,0,0,0,0,0,0,0,0,0,0
2887,2004059458,2105.0,2108.0,67,67301,39.9887,-75.1135,0,0,0,0,0,0,4,8,2003,1,21.0,3.0,0,1.0,3,10,3,  ,0,0.0,0,0,1,0,0,0,0,0,0,0,0,0,0,0,0,0,0
2888,2004059459,1525.0,1520.0,67,67301,40.0086,-75.0857,0,0,0,0,0,0,4,7,2003,7,15.0,1.0,0,1.0,3,0,3,  ,0,0.0,0,0,1,0,0,0,0,0,0,0,0,0,0,0,0,0,0
2889,2004059460,1859.0,1856.0,67,67301,,,0,0,0,0,0,0,4,8,2003,1,17.0,1.0,0,1.0,3,1,3,  ,2,3.0,0,0,1,0,0,0,0,0,0,0,0,0,0,0,0,0,0
2890,2004060020,1800.0,1757.0,67,67301,,,0,0,0,0,0,0,4,4,2003,4,,1.0,0,1.0,3,1,3,  ,2,3.0,0,0,1,0,0,1,0,0,0,0,0,0,0,0,0,0,0
2891,2004060026,2318.0,2310.0,67,67301,,,0,0,0,0,0,0,4,9,2003,7,23.0,3.0,0,1.0,3,1,3,  ,2,3.0,0,0,1,0,0,0,0,0,0,0,0,0,0,0,0,0,0
2892,2004060035,1219.0,1217.0,67,67301,,,0,0,0,0,0,0,4,8,2003,6,12.0,1.0,0,1.0,3,1,3,  ,2,3.0,0,0,1,0,0,0,0,0,0,0,0,0,0,0,0,0,0
2893,2004060042,2000.0,1956.0,67,67301,39.9258,-75.181,0,0,0,0,0,0,4,6,2003,6,19.0,1.0,0,1.0,3,1,3,  ,2,3.0,0,0,1,0,0,0,0,0,0,0,0,0,0,0,0,0,0
2894,2004060064,1657.0,652.0,67,67301,39.968,-75.2382,0,0,0,0,0,0,8,8,2003,6,16.0,1.0,0,1.0,3,1,3,  ,0,0.0,0,0,0,0,0,0,0,0,0,0,0,0,0,0,0,0,0
2895,2004060065,9.0,2.0,67,67301,39.9219,-75.1606,0,0,0,0,0,0,4,6,2003,1,18.0,1.0,0,1.0,3,2,3,  ,3,3.0,1,0,1,0,0,0,0,0,0,0,0,0,0,0,0,0,0
2896,2004060092,100.0,100.0,67,67301,,,0,0,0,0,0,0,4,3,2003,1,1.0,3.0,0,1.0,3,1,3,  ,2,9.0,0,0,1,0,0,0,0,0,0,0,0,0,0,0,0,0,0
2897,2004060101,2114.0,2112.0,67,67301,39.9937,-75.1087,0,0,0,0,0,0,4,8,2003,3,20.0,3.0,0,1.0,3,1,3,  ,0,0.0,0,0,1,0,0,0,0,0,0,0,0,0,0,0,0,0,1
2898,2004060152,1509.0,1501.0,67,67301,,,0,0,0,0,1,0,4,8,2003,3,15.0,1.0,0,1.0,3,1,3,  ,3,3.0,0,0,1,0,0,0,0,0,0,0,0,0,0,0,0,0,0
2899,2004060156,2235.0,2205.0,67,67301,39.9473,-75.2338,0,0,0,0,0,0,4,8,2003,7,22.0,3.0,0,1.0,3,2,3,  ,2,3.0,0,1,1,0,0,0,1,0,0,1,0,0,0,0,0,0,0
2900,2004060158,1440.0,1430.0,67,67301,,,0,0,0,0,0,0,4,8,2003,2,14.0,1.0,7,1.0,3,0,3,  ,0,0.0,0,0,1,0,0,0,0,0,0,0,0,0,0,0,0,0,0
2901,2004060199,1826.0,1821.0,67,67301,,,0,0,0,0,0,0,2,8,2003,4,18.0,1.0,0,1.0,3,1,3,  ,3,3.0,0,0,0,0,0,0,0,0,0,0,0,0,0,0,0,0,0
2902,2004060224,1529.0,1527.0,67,67301,39.9751,-75.195,0,0,0,0,0,0,4,8,2003,6,15.0,1.0,0,1.0,3,1,3,  ,2,3.0,0,0,1,0,0,0,0,0,0,0,0,0,0,0,0,0,0
2903,2004060632,854.0,850.0,67,67301,39.9498,-75.191,0,0,0,0,0,0,5,9,2003,4,8.0,8.0,0,9.0,3,0,7,  ,0,0.0,0,0,0,0,0,0,0,0,0,0,0,0,0,0,0,0,0
2904,2004060635,2257.0,2255.0,67,67301,39.9513,-75.1993,0,0,0,0,0,0,4,8,2003,3,22.0,3.0,0,1.0,3,1,3,  ,2,3.0,1,0,1,0,0,0,0,0,0,0,0,0,0,0,0,0,0
2905,2004060639,525.0,525.0,67,67301,39.9536,-75.2078,0,0,0,0,0,0,9,9,2003,1,2.0,3.0,0,1.0,3,2,3,  ,0,0.0,0,0,0,0,0,0,0,0,0,0,0,0,0,0,0,0,0
2906,2004060660,1648.0,1647.0,21,21407,40.2235,-76.8624,0,0,0,0,1,0,4,9,2003,4,16.0,1.0,0,9.0,3,1,98,  ,3,3.0,0,0,1,0,0,0,0,0,0,0,0,0,0,0,0,0,0
2907,2004060709,710.0,707.0,67,67301,39.9538,-75.1752,0,0,0,0,0,0,4,9,2003,6,9.0,1.0,7,1.0,3,0,3,  ,0,0.0,0,0,1,0,0,0,0,0,0,0,0,0,0,0,0,0,0
2908,2004060746,1848.0,1642.0,67,67301,,,0,0,0,0,0,0,4,9,2003,2,18.0,1.0,0,1.0,3,0,3,  ,0,0.0,0,0,1,0,0,0,0,0,0,0,0,0,0,0,0,0,0
2909,2004060751,342.0,334.0,67,67301,39.9863,-75.1318,0,0,0,0,0,0,4,8,2003,1,3.0,3.0,0,1.0,3,5,3,  ,2,3.0,0,0,1,0,0,0,0,0,0,0,0,0,0,0,0,0,0
2910,2004060766,1730.0,1730.0,67,67301,,,0,0,0,0,0,0,4,8,2003,4,17.0,1.0,0,1.0,3,0,3,  ,0,0.0,0,0,1,0,0,0,0,0,0,0,0,0,0,0,0,0,0
2911,2004060770,1840.0,1237.0,67,67301,39.9788,-75.1462,0,0,0,0,0,0,4,8,2003,1,18.0,1.0,0,1.0,3,2,3,  ,0,0.0,0,0,1,0,0,0,0,0,0,0,0,0,0,0,0,0,0
2912,2004060788,1225.0,1220.0,67,67301,39.993,-75.2176,0,0,0,0,0,0,4,9,2003,1,12.0,1.0,0,1.0,3,1,3,  ,2,3.0,0,1,1,0,0,0,0,0,0,0,0,0,0,0,0,0,0
2913,2004060892,1507.0,1457.0,36,36240,39.9751,-76.2749,0,0,0,0,0,0,4,7,2003,2,14.0,1.0,0,1.0,1,2,3,  ,0,0.0,0,0,1,0,0,0,0,0,0,0,0,0,0,0,0,0,0
2914,2004060964,1611.0,1613.0,67,67301,39.9854,-75.1817,0,0,0,0,0,0,4,8,2003,3,16.0,4.0,0,1.0,3,0,7,  ,0,0.0,0,0,1,0,0,0,0,0,0,0,0,0,0,0,0,0,0
2915,2004060970,1746.0,1738.0,67,67301,39.9777,-75.2134,0,0,0,0,0,0,4,8,2003,1,17.0,1.0,0,1.0,3,1,3,  ,0,0.0,0,0,1,0,0,0,0,0,0,0,0,0,0,0,0,0,0
2916,2004060977,1917.0,1957.0,67,67301,,,0,0,0,0,0,0,1,9,2003,2,17.0,1.0,0,1.0,3,1,3,  ,0,0.0,0,0,0,0,0,0,0,0,0,0,0,0,0,0,0,0,0
2917,2004060979,1436.0,1429.0,67,67301,40.012,-75.2033,0,0,0,0,0,0,5,8,2003,4,14.0,1.0,2,1.0,3,3,3,  ,0,0.0,0,0,0,0,0,0,0,0,0,0,0,0,0,0,0,0,0
2918,2004060991,1215.0,1200.0,67,67301,,,0,0,0,0,0,0,8,9,2003,7,11.0,1.0,0,1.0,3,2,3,  ,0,0.0,0,0,0,0,0,0,0,0,0,0,0,0,0,0,0,0,0
2919,2004060992,1427.0,1423.0,67,67301,,,0,0,0,0,0,0,4,9,2003,2,14.0,1.0,0,1.0,3,1,3,  ,3,9.0,0,0,1,0,0,0,0,0,0,0,0,0,0,0,0,1,0
2920,2004060994,1218.0,1214.0,67,67301,39.9485,-75.1863,0,0,0,0,0,0,4,10,2003,4,12.0,1.0,0,1.0,3,1,3,  ,2,3.0,1,0,1,0,0,0,0,0,0,0,0,0,0,0,0,0,0
2921,2004060997,1050.0,1040.0,67,67301,39.9329,-75.1678,0,0,0,0,0,0,4,9,2003,3,10.0,1.0,0,1.0,3,1,3,  ,2,3.0,0,0,1,0,0,0,0,0,0,0,0,0,0,0,0,0,0
2922,2004061016,1900.0,1900.0,67,67301,39.9898,-75.1211,0,0,0,0,0,0,4,8,2003,3,16.0,1.0,0,1.0,3,2,3,  ,3,3.0,0,0,1,0,0,0,0,0,0,0,0,0,0,0,0,0,0
2923,2004061057,1918.0,1918.0,36,36404,,,0,0,0,0,0,0,4,7,2003,3,19.0,1.0,0,1.0,3,0,3,  ,0,0.0,0,0,1,0,0,0,0,0,0,0,0,0,0,0,0,0,0
2924,2004061145,703.0,659.0,36,36407,40.1603,-76.5865,0,0,0,0,0,0,4,10,2003,5,6.0,5.0,0,1.0,2,2,3,  ,3,3.0,0,0,1,0,0,0,0,0,0,0,0,0,0,0,0,0,0
2925,2004061154,1723.0,1718.0,25,25302,,,0,0,0,0,1,0,4,10,2003,2,17.0,1.0,0,1.0,3,1,3,  ,3,3.0,0,0,1,0,0,0,0,0,0,0,0,0,0,0,0,0,0
2926,2004061170,1510.0,1505.0,67,67301,,,0,0,0,0,0,0,4,8,2003,3,15.0,1.0,0,1.0,3,1,3,  ,0,0.0,0,0,1,0,0,0,0,0,0,0,0,0,0,0,0,0,0
2927,2004061208,2044.0,2044.0,39,39301,40.6023,-75.4831,0,1,0,0,0,0,4,5,2003,4,20.0,3.0,0,1.0,3,1,3,  ,2,3.0,0,0,1,0,0,0,0,0,0,0,0,0,0,0,0,1,0
2928,2004061270,1722.0,1719.0,40,40304,41.2693,-75.8384,0,1,0,0,1,0,4,9,2003,2,17.0,1.0,0,1.0,3,1,3,  ,3,3.0,1,0,1,0,0,0,0,0,0,0,0,0,1,0,0,0,0
2929,2004061330,2245.0,2240.0,67,67301,40.0071,-75.0808,0,0,0,0,0,0,5,9,2003,3,15.0,1.0,0,9.0,3,0,99,  ,0,0.0,0,0,0,0,0,1,0,0,0,0,0,0,0,0,0,0,0
2930,2004061359,1920.0,1914.0,67,67301,39.9974,-75.1876,0,0,0,0,0,0,3,8,2003,1,19.0,1.0,0,1.0,3,0,3,  ,0,0.0,0,0,0,0,0,0,0,0,0,0,0,0,0,0,0,0,0
2931,2004061363,1155.0,454.0,67,67301,39.9618,-75.1579,0,0,0,0,0,0,0,8,2003,4,11.0,1.0,0,1.0,3,0,3,  ,0,0.0,0,0,0,0,0,0,0,0,0,0,0,0,0,0,0,0,0
2932,2004061366,1243.0,1240.0,67,67301,39.9435,-75.1644,0,1,0,0,0,0,4,9,2003,1,12.0,1.0,0,1.0,3,2,3,  ,3,3.0,1,0,1,0,0,0,0,0,0,0,0,0,1,0,0,0,0
2933,2004061369,2020.0,2017.0,67,67301,,,0,0,0,0,0,0,4,8,2003,2,20.0,3.0,0,1.0,3,2,3,  ,0,0.0,1,0,1,0,0,0,0,0,0,0,0,0,0,1,0,0,0
2934,2004061383,1453.0,1452.0,67,67301,,,0,0,0,0,0,0,4,8,2003,1,14.0,1.0,0,1.0,3,1,3,  ,2,3.0,1,0,1,0,0,0,0,0,0,0,0,0,0,0,0,0,0
2935,2004061413,2140.0,2130.0,67,67301,,,0,0,0,0,0,0,1,9,2003,3,21.0,3.0,0,1.0,3,1,3,  ,2,3.0,1,0,0,0,0,0,0,0,0,0,0,0,0,0,0,0,0
2936,2004061421,2313.0,2310.0,67,67301,,,0,0,0,0,0,0,1,9,2003,3,23.0,3.0,0,1.0,3,10,3,  ,3,3.0,1,1,0,0,0,0,0,0,0,0,0,0,0,0,0,1,0
2937,2004061427,1638.0,1633.0,67,67301,,,0,0,0,0,0,0,2,9,2003,2,16.0,1.0,0,1.0,3,1,3,  ,0,0.0,0,0,0,0,0,0,0,0,0,0,0,0,0,0,0,0,0
2938,2004061429,923.0,923.0,67,67301,39.9857,-75.2475,0,0,0,0,1,0,4,9,2003,7,9.0,1.0,0,1.0,3,1,3,  ,2,3.0,0,0,1,0,0,1,0,0,0,0,0,0,0,0,0,0,0
2939,2004061452,9999.0,854.0,67,67301,39.9879,-75.1558,0,0,0,0,1,0,6,9,2003,4,6.0,4.0,0,9.0,3,1,7,  ,0,0.0,1,0,0,0,0,0,0,0,0,0,0,0,0,0,0,0,0
2940,2004061456,2041.0,2027.0,67,67301,40.0611,-75.0335,0,0,0,0,0,0,2,8,2003,1,20.0,3.0,0,1.0,3,0,3,  ,0,0.0,0,1,0,0,0,0,1,0,0,1,0,0,0,0,0,0,0
2941,2004061457,1539.0,1533.0,67,67301,40.027,-75.1685,0,0,0,0,0,0,4,9,2003,6,15.0,1.0,0,1.0,3,10,3,  ,0,0.0,0,0,1,0,0,0,0,0,0,0,0,0,0,0,0,0,0
2942,2004061458,1725.0,1725.0,67,67301,40.0413,-75.1758,0,0,0,0,0,0,2,8,2003,4,17.0,1.0,0,1.0,3,1,3,  ,3,3.0,1,0,0,0,0,0,0,0,0,0,0,0,0,0,0,0,0
2943,2004061467,1755.0,1755.0,67,67301,40.0292,-75.1468,0,0,0,0,0,0,2,9,2003,6,17.0,1.0,0,1.0,3,0,3,  ,0,0.0,0,0,0,0,0,0,0,0,0,0,0,0,0,0,0,0,0
2944,2004061470,1750.0,1745.0,67,67301,,,0,0,0,0,0,0,4,9,2003,6,17.0,1.0,0,1.0,3,0,3,  ,0,0.0,0,0,1,0,0,0,0,0,0,0,0,0,0,0,0,0,0
2945,2004061481,845.0,828.0,67,67301,40.0238,-75.1336,0,0,0,0,0,0,4,8,2003,4,8.0,4.0,0,1.0,3,1,3,  ,2,3.0,0,0,1,0,0,0,0,0,0,0,0,0,0,0,0,1,0
2946,2004061483,2055.0,2055.0,67,67301,40.0454,-75.1266,0,0,0,0,0,0,4,8,2003,6,17.0,1.0,0,1.0,3,1,3,  ,3,3.0,0,0,1,0,0,0,0,0,0,0,0,0,0,0,0,0,0
2947,2004061484,1500.0,1454.0,67,67301,,,0,0,0,0,0,0,4,9,2003,3,14.0,1.0,0,1.0,3,2,3,  ,3,3.0,0,0,1,0,0,0,0,0,0,0,0,0,0,0,0,0,0
2948,2004061493,1530.0,1525.0,67,67301,,,0,0,0,0,0,0,4,9,2003,2,15.0,1.0,0,1.0,3,1,3,  ,3,3.0,0,0,1,0,0,0,0,0,0,0,0,0,0,0,0,0,0
2949,2004061495,1559.0,1557.0,67,67301,,,0,0,0,0,0,0,4,9,2003,5,15.0,1.0,0,9.0,3,10,7,  ,2,3.0,0,0,1,0,0,0,0,0,0,0,0,0,0,0,0,0,0
2950,2004061514,2003.0,2000.0,67,67301,40.0082,-75.1428,0,0,0,0,0,0,4,9,2003,2,19.0,3.0,0,1.0,3,1,3,  ,2,3.0,0,0,1,0,0,0,0,0,0,0,0,0,0,0,0,0,0
2951,2004061521,2038.0,2030.0,67,67301,,,0,0,0,0,0,0,4,9,2003,7,20.0,3.0,0,1.0,3,1,3,  ,3,3.0,0,0,1,0,0,0,0,0,0,0,0,0,0,0,0,0,0
2952,2004061525,2111.0,2104.0,67,67301,40.0369,-75.1211,0,0,0,0,0,0,4,8,2003,3,21.0,3.0,7,1.0,3,2,3,  ,2,3.0,0,0,1,0,0,0,0,0,0,0,0,0,0,0,0,0,0
2953,2004061543,1342.0,1332.0,67,67301,,,0,0,0,0,0,0,4,9,2003,5,13.0,1.0,0,9.0,3,2,7,  ,3,3.0,0,0,1,0,0,0,0,0,0,0,0,0,0,0,0,0,0
2954,2004061554,1315.0,1309.0,67,67301,,,0,0,0,0,0,0,4,9,2003,2,13.0,1.0,0,9.0,3,2,98,  ,2,3.0,0,0,1,0,0,0,0,0,0,0,0,0,0,0,0,0,0
2955,2004061556,1140.0,1139.0,67,67301,,,0,0,0,0,0,0,4,9,2003,6,11.0,1.0,0,1.0,3,0,3,  ,3,3.0,0,0,1,0,0,0,0,0,0,0,0,0,0,0,0,0,0
2956,2004061558,5.0,2.0,67,67301,39.9344,-75.1796,0,0,0,0,0,0,4,9,2003,1,0.0,3.0,0,1.0,3,10,3,  ,2,3.0,0,1,1,0,0,0,1,0,0,1,0,0,0,0,0,0,0
2957,2004061563,2335.0,2325.0,67,67301,,,0,0,0,0,0,0,8,4,2003,1,23.0,8.0,0,1.0,3,1,3,  ,3,3.0,0,0,0,0,0,0,0,0,0,0,0,0,0,0,0,0,0
2958,2004061578,1308.0,1304.0,67,67301,39.9544,-75.1922,0,0,0,0,0,0,5,9,2003,4,13.0,1.0,0,1.0,3,0,3,  ,0,0.0,0,0,0,0,0,0,0,0,0,0,0,0,0,0,0,0,0
2959,2004061581,1933.0,1929.0,67,67301,,,0,0,0,0,1,0,5,10,2003,6,17.0,3.0,0,1.0,3,0,3,  ,0,0.0,0,0,0,0,0,0,0,0,0,0,0,0,0,0,0,0,0
2960,2004061585,2125.0,2115.0,67,67301,39.9814,-75.2233,0,0,0,0,0,0,8,9,2003,7,21.0,3.0,0,1.0,3,2,3,  ,0,0.0,0,0,0,0,0,0,0,0,0,0,0,0,0,0,0,0,0
2961,2004061591,1830.0,1830.0,67,67301,39.9256,-75.1792,0,0,0,0,0,0,4,9,2003,1,18.0,1.0,0,1.0,3,1,3,  ,2,3.0,0,0,1,0,0,0,0,0,0,0,0,0,0,0,0,0,0
2962,2004061606,1720.0,1717.0,67,67301,39.9557,-75.1662,0,0,0,0,0,0,4,9,2003,3,,1.0,0,1.0,3,1,3,  ,0,0.0,0,0,1,0,0,0,0,0,0,0,0,0,0,0,0,0,0
2963,2004061621,544.0,539.0,67,67301,,,0,0,0,0,0,0,6,9,2003,1,0.0,3.0,0,1.0,3,1,3,  ,3,3.0,0,0,0,0,0,0,0,0,0,0,0,0,0,0,0,0,0
2964,2004061624,1202.0,1200.0,67,67301,,,0,0,0,0,0,0,6,9,2003,6,11.0,1.0,0,1.0,3,1,3,  ,0,0.0,0,0,0,0,0,0,0,0,0,0,0,0,0,0,0,0,0
2965,2004061641,1110.0,1105.0,67,67301,40.0944,-75.065,0,0,0,0,0,0,4,9,2003,7,11.0,1.0,0,1.0,3,0,3,  ,0,0.0,0,0,1,0,0,0,0,0,0,0,0,0,0,0,0,0,0
2966,2004061651,1803.0,1758.0,67,67301,,,0,0,0,0,0,0,5,9,2003,4,17.0,1.0,0,1.0,3,0,3,  ,3,3.0,0,0,0,0,0,0,0,0,0,0,0,0,0,0,0,0,0
2967,2004061669,1816.0,1815.0,67,67301,39.9903,-75.1168,0,0,0,0,0,0,8,9,2003,7,17.0,1.0,0,1.0,3,0,3,  ,0,0.0,0,0,0,0,0,0,0,0,0,0,0,0,0,0,0,0,0
2968,2004061677,2213.0,2209.0,67,67301,39.9159,-75.1645,0,0,0,0,0,0,4,10,2003,4,22.0,3.0,0,1.0,3,1,3,  ,2,3.0,1,0,1,0,0,0,0,0,0,0,0,0,0,0,0,0,0
2969,2004061709,1027.0,1026.0,23,23103,40.0036,-75.3104,0,0,0,0,0,0,5,7,2003,4,10.0,1.0,0,1.0,3,0,3,  ,0,0.0,1,0,0,0,0,0,0,0,0,0,0,0,0,0,0,1,0
2970,2004061717,1614.0,1613.0,23,23103,39.9734,-75.3222,0,0,0,0,0,0,4,8,2003,7,16.0,1.0,0,1.0,3,1,3,  ,2,3.0,0,0,1,0,0,0,0,0,0,0,0,0,0,0,0,0,0
2971,2004061729,1627.0,1622.0,23,23103,39.9817,-75.285,0,0,0,0,0,0,4,8,2003,6,16.0,1.0,0,1.0,3,2,3,  ,3,3.0,0,0,1,0,0,0,0,0,0,0,0,0,0,0,0,0,0
2972,2004061816,1556.0,1553.0,67,67301,40.0512,-75.0661,0,0,0,0,0,0,4,8,2003,6,15.0,1.0,0,1.0,3,1,3,  ,2,3.0,0,0,1,0,0,0,0,0,0,0,0,0,0,0,0,0,1
2973,2004061823,1730.0,1724.0,67,67301,40.0276,-75.1679,0,0,0,0,0,0,6,9,2003,3,17.0,1.0,0,1.0,3,0,3,  ,0,0.0,0,0,0,0,0,0,0,0,0,0,0,0,0,0,0,0,0
2974,2004061839,2005.0,1959.0,67,67301,,,0,0,0,0,0,0,4,8,2003,2,19.0,4.0,0,1.0,3,1,3,  ,2,3.0,0,0,1,0,0,1,0,0,0,0,0,0,0,0,0,0,0
2975,2004061862,1012.0,1007.0,67,67301,,,0,0,0,0,0,0,5,9,2003,5,10.0,1.0,0,1.0,3,1,3,  ,2,3.0,0,0,0,0,0,0,0,0,0,0,0,0,0,0,0,0,0
2976,2004061863,2200.0,2157.0,67,67301,39.9592,-75.1724,0,0,0,0,0,0,4,9,2003,5,21.0,3.0,0,1.0,3,1,3,  ,2,3.0,0,0,1,0,0,0,0,0,0,0,0,0,0,0,0,0,0
2977,2004061870,1700.0,1656.0,67,67301,,,0,0,0,0,0,0,1,9,2003,4,16.0,1.0,0,1.0,3,0,3,  ,0,0.0,0,0,0,0,0,1,0,0,0,0,0,0,0,0,0,0,0
2978,2004061879,2152.0,2148.0,67,67301,,,0,0,0,0,0,0,5,8,2003,7,21.0,3.0,0,1.0,3,2,3,  ,0,0.0,0,0,0,0,0,0,0,0,0,0,0,0,0,0,0,0,0
2979,2004061886,2109.0,2059.0,67,67301,,,0,0,0,0,0,0,4,9,2003,7,20.0,3.0,0,1.0,3,2,7,  ,3,3.0,0,0,1,0,0,0,0,0,0,0,0,0,0,0,0,0,0
2980,2004061906,2054.0,2052.0,67,67301,,,0,0,0,0,0,0,4,8,2003,5,20.0,3.0,0,1.0,3,1,3,  ,3,9.0,0,0,1,0,0,0,0,0,0,0,0,0,0,0,0,0,0
2981,2004061915,1425.0,1420.0,67,67301,40.0332,-75.1707,0,0,0,0,0,0,5,8,2003,7,13.0,1.0,0,1.0,3,0,3,  ,0,0.0,0,0,0,0,0,0,0,0,0,0,0,0,0,0,0,0,0
2982,2004061925,1825.0,1819.0,67,67301,,,0,0,0,0,0,0,4,8,2003,1,18.0,1.0,0,1.0,3,1,3,  ,2,3.0,0,0,1,0,0,0,0,0,0,0,0,0,0,0,0,0,0
2983,2004061928,1005.0,1003.0,67,67301,40.0072,-75.1419,0,0,0,0,0,0,4,9,2003,4,10.0,1.0,0,1.0,3,10,3,  ,3,3.0,0,0,1,0,0,0,0,0,0,0,0,0,0,0,0,1,0