,CRN,ARRIVAL_TM,DISPATCH_TM,COUNTY,MUNICIPALITY,DEC_LAT,DEC_LONG,BICYCLE_DEATH_COUNT,BICYCLE_SUSP_SERIOUS_INJ_COUNT,BUS_COUNT,HEAVY_TRUCK_COUNT,SMALL_TRUCK_COUNT,SUV_COUNT,COLLISION_TYPE,CRASH_MONTH,CRASH_YEAR,DAY_OF_WEEK,HOUR_OF_DAY,ILLUMINATION,LOCATION_TYPE,ROAD_CONDITION,URBAN_RURAL,INTERSECT_TYPE,WEATHER1,WEATHER2,TCD_TYPE,TCD_FUNC_CD,AGGRESSIVE_DRIVING,ALCOHOL_RELATED,ANGLE_CRASH,CELL_PHONE,COMM_VEHICLE,DISTRACTED,DRINKING_DRIVER,DRUGGED_DRIVER,FATIGUE_ASLEEP,IMPAIRED_DRIVER,NHTSA_AGG_DRIVING,RUNNING_RED_LT,RUNNING_STOP_SIGN,SPEEDING_RELATED,TAILGATING,MATURE_DRIVER,YOUNG_DRIVER
2984,2004061932,915.0,908.0,67,67301,39.9949,-75.0947,0,0,0,0,0,0,4,9,2003,6,21.0,3.0,0,1.0,3,0,3,  ,0,0.0,0,0,1,0,0,0,0,0,0,0,0,0,0,0,0,0,0
2985,2004061972,1900.0,1855.0,67,67301,,,0,0,0,0,0,0,4,8,2003,7,18.0,1.0,0,1.0,3,0,3,  ,0,0.0,0,0,1,0,0,0,0,0,0,0,0,0,0,0,0,0,0
2986,2004061981,1825.0,1823.0,67,67301,,,0,0,0,0,0,0,4,8,2003,7,18.0,1.0,0,1.0,3,2,3,  ,0,0.0,0,0,1,0,0,0,0,0,0,0,0,0,0,0,0,0,1
2987,2004061988,1809.0,1802.0,67,67301,,,0,0,0,0,0,0,4,8,2003,2,18.0,1.0,0,1.0,3,2,3,  ,0,0.0,1,0,1,0,0,0,0,0,0,0,0,0,0,0,0,0,0
2988,2004062020,1854.0,1848.0,67,67301,,,0,0,0,0,0,0,6,8,2003,1,18.0,1.0,0,1.0,3,2,3,  ,3,3.0,0,0,0,0,0,0,0,0,0,0,0,0,0,0,0,0,0
2989,2004062022,1917.0,1907.0,67,67301,,,0,0,0,0,0,0,4,9,2003,6,19.0,3.0,0,9.0,3,1,3,  ,3,3.0,0,0,1,0,0,0,0,0,0,0,0,0,0,0,0,0,0
2990,2004062033,2330.0,2330.0,67,67301,,,0,0,0,0,0,0,2,9,2003,2,15.0,1.0,0,1.0,3,0,3,  ,0,0.0,0,0,0,0,0,0,0,0,0,0,0,0,0,0,0,0,0
2991,2004062039,1624.0,1624.0,67,67301,40.039,-75.15,0,0,0,0,0,0,4,9,2003,3,15.0,1.0,0,1.0,3,1,3,  ,2,2.0,0,0,1,0,0,0,0,0,0,0,0,0,0,0,0,0,0
2992,2004062054,1157.0,1149.0,67,67301,39.944,-75.2453,0,0,0,0,1,0,4,8,2003,5,11.0,1.0,0,1.0,3,2,3,  ,0,0.0,0,0,1,0,0,1,0,0,0,0,0,0,0,0,0,0,0
2993,2004062057,1710.0,1705.0,67,67301,39.957,-75.2133,0,0,0,0,0,0,4,8,2003,6,20.0,3.0,0,1.0,3,1,3,  ,2,3.0,1,0,1,0,0,0,0,0,0,0,0,1,0,0,0,0,0
2994,2004062065,1437.0,1436.0,67,67301,40.001,-75.1237,0,0,0,1,0,0,1,8,2003,5,14.0,1.0,0,1.0,3,1,3,  ,0,0.0,0,0,0,0,0,0,0,0,0,0,0,0,0,0,0,0,0
2995,2004062066,1320.0,1320.0,67,67301,,,0,0,0,0,0,0,4,8,2003,5,17.0,1.0,0,1.0,3,2,3,  ,3,3.0,0,0,1,0,0,0,0,0,0,0,0,0,0,0,0,0,0
2996,2004062068,2235.0,2229.0,67,67301,39.9947,-75.1306,0,0,0,0,0,0,2,8,2003,7,22.0,3.0,0,1.0,3,2,3,  ,0,0.0,0,0,0,0,0,0,0,0,0,0,0,0,0,0,0,0,0
2997,2004062084,930.0,930.0,67,67301,,,0,1,0,0,0,0,4,8,2003,6,9.0,1.0,0,1.0,3,0,3,  ,0,0.0,1,0,1,0,0,0,0,0,0,0,0,0,0,0,0,0,0
2998,2004062356,1508.0,1504.0,67,67301,39.9148,-75.155,0,0,0,0,0,0,1,9,2003,4,15.0,1.0,0,1.0,3,1,3,  ,2,3.0,0,0,0,0,0,0,0,0,0,0,0,0,0,0,0,0,0
2999,2004062360,1850.0,1847.0,67,67301,39.9927,-75.1204,0,0,0,0,0,0,4,9,2003,1,18.0,4.0,0,1.0,3,0,3,  ,0,0.0,0,0,1,0,0,0,0,0,0,0,0,0,0,0,0,0,0
3000,2004062382,1124.0,1124.0,36,36408,40.1712,-76.1749,0,0,0,0,0,0,4,9,2003,3,16.0,1.0,0,1.0,2,0,3,  ,0,0.0,1,0,1,0,0,0,0,0,0,0,0,0,0,1,0,0,0
3001,2004062393,753.0,749.0,67,67301,40.0132,-75.0704,0,0,0,0,0,0,4,9,2003,5,7.0,1.0,0,1.0,3,1,3,  ,2,3.0,0,0,1,0,0,0,0,0,0,0,0,0,0,0,0,0,0
3002,2004062543,9999.0,120.0,67,67301,,,0,0,0,0,0,0,3,8,2003,7,23.0,3.0,0,1.0,3,0,3,  ,0,0.0,0,0,0,0,0,0,0,0,0,0,0,0,0,0,0,0,0
3003,2004062553,9999.0,1619.0,64,64424,40.106,-79.5917,0,0,0,0,0,0,4,10,2003,5,16.0,1.0,0,1.0,2,1,3,  ,3,3.0,0,0,1,0,0,1,0,0,0,0,0,0,0,0,0,0,0
3004,2004062560,9999.0,1806.0,25,25302,,,0,0,0,0,0,0,4,9,2003,4,18.0,1.0,0,1.0,3,2,3,  ,3,3.0,0,0,1,0,0,0,0,0,0,0,0,0,0,0,0,0,1
3005,2004062561,1817.0,1816.0,25,25302,,,0,0,0,0,0,0,4,10,2003,7,18.0,4.0,0,1.0,3,10,3,  ,2,3.0,0,0,1,0,0,0,0,0,0,0,0,0,0,0,0,0,0
3006,2004062570,2108.0,2106.0,67,67301,,,0,0,0,0,0,0,2,8,2003,5,20.0,3.0,0,1.0,3,1,3,  ,2,3.0,1,0,0,0,0,0,0,0,0,0,0,0,0,1,0,0,0
3007,2004062613,1843.0,1839.0,67,67301,,,0,0,0,0,0,0,4,8,2003,1,18.0,1.0,0,1.0,3,0,3,  ,0,0.0,0,0,1,0,0,0,0,0,0,0,0,0,0,0,0,0,1
3008,2004062632,0.0,1457.0,67,67301,40.0749,-74.9905,0,0,0,0,1,0,2,9,2003,4,16.0,1.0,0,1.0,3,0,3,  ,0,0.0,0,0,0,0,0,0,0,0,0,0,0,0,0,0,0,1,0
3009,2004062652,1250.0,1240.0,67,67301,40.0272,-75.1144,0,0,0,0,0,0,6,8,2003,4,12.0,1.0,0,1.0,3,2,3,  ,0,0.0,1,0,0,0,0,0,0,0,0,0,1,0,0,1,0,0,0
3010,2004062744,222.0,221.0,14,14206,40.802,-77.8812,0,0,0,0,0,0,4,11,2003,1,2.0,3.0,0,1.0,1,1,3,  ,1,3.0,1,0,1,0,0,0,0,0,0,0,0,0,0,0,0,0,0
3011,2004062783,1544.0,1540.0,67,67301,39.9519,-75.1598,0,0,0,0,0,0,5,9,2003,3,15.0,1.0,0,1.0,3,1,3,  ,2,3.0,0,0,0,0,0,0,0,0,0,0,0,0,0,0,0,1,0
3012,2004062803,1707.0,1700.0,67,67301,,,0,0,0,0,0,0,8,10,2003,5,17.0,1.0,0,1.0,3,1,3,  ,0,0.0,0,0,0,0,0,1,0,0,0,0,0,0,0,0,0,0,0
3013,2004062835,1057.0,1053.0,40,40304,41.2589,-75.8449,0,0,0,0,0,0,4,6,2003,7,10.0,1.0,0,1.0,3,1,3,  ,3,3.0,0,0,1,0,0,1,0,0,0,0,0,0,0,0,0,0,0
3014,2004062877,1845.0,1845.0,17,17404,,,0,0,0,0,0,0,4,10,2003,5,18.0,1.0,0,1.0,2,10,3,  ,3,3.0,1,0,1,0,0,0,0,0,0,0,0,0,0,0,0,1,0
3015,2004062918,1538.0,1538.0,36,36240,39.9893,-76.2395,0,0,0,0,1,0,4,10,2003,6,15.0,1.0,0,1.0,1,0,3,  ,0,0.0,0,0,1,0,0,0,0,0,0,0,0,0,0,0,0,0,0
3016,2004063009,815.0,813.0,67,67301,39.9246,-75.1712,0,0,0,0,0,0,4,6,2003,6,8.0,1.0,0,1.0,3,1,3,  ,2,3.0,1,0,1,0,0,0,0,0,0,0,1,1,0,1,0,0,0
3017,2004063043,1522.0,1522.0,28,28406,,,0,0,0,0,0,0,4,9,2003,6,15.0,1.0,0,1.0,2,2,3,  ,3,2.0,0,0,1,0,0,1,0,0,0,0,0,0,0,0,0,0,0
3018,2004063050,1631.0,1623.0,62,62205,40.1946,-79.9309,0,0,0,0,1,0,6,7,2003,3,16.0,1.0,0,1.0,3,0,3,  ,0,0.0,0,0,0,0,0,0,0,0,0,0,0,0,0,0,0,0,0
3019,2004063090,1104.0,1056.0,2,2301,40.4509,-79.9431,0,0,0,0,0,0,4,10,2003,6,10.0,1.0,0,1.0,3,1,3,  ,2,3.0,0,0,1,0,0,0,0,0,0,0,0,0,0,0,0,0,0
3020,2004063220,1312.0,1305.0,67,67301,40.0578,-75.1622,0,0,0,0,1,0,4,9,2003,4,12.0,1.0,0,1.0,3,0,3,  ,0,0.0,1,0,1,0,0,0,0,0,0,0,0,0,0,0,0,1,0
3021,2004063342,1819.0,1806.0,14,14201,,,0,0,0,0,0,0,5,9,2003,6,18.0,1.0,0,1.0,1,0,3,  ,0,0.0,0,0,0,0,0,0,0,0,0,0,0,0,0,0,0,0,0
3022,2004063355,1430.0,1425.0,67,67301,39.9379,-75.1667,0,0,0,0,0,0,4,9,2003,4,14.0,1.0,0,1.0,3,1,3,  ,2,3.0,1,0,1,0,0,0,0,0,0,0,0,0,0,0,0,0,0
3023,2004063378,118.0,114.0,67,67301,,,0,0,0,0,0,0,6,9,2003,2,,3.0,0,1.0,3,10,3,  ,3,3.0,0,0,0,0,0,0,0,0,0,0,0,0,0,0,0,0,0
3024,2004063381,1930.0,1929.0,67,67301,,,0,0,0,0,0,0,4,9,2003,3,19.0,3.0,0,1.0,3,1,3,  ,3,3.0,0,0,1,0,0,0,0,0,0,0,0,0,0,0,0,0,0
3025,2004063385,1054.0,1047.0,67,67301,,,0,0,0,0,0,0,4,9,2003,5,10.0,1.0,3,1.0,3,1,3,  ,2,3.0,1,0,1,0,0,0,0,0,0,0,0,0,0,0,0,0,0
3026,2004063388,1940.0,1935.0,67,67301,40.021,-75.0559,0,0,0,0,0,0,4,9,2003,7,19.0,3.0,0,1.0,3,1,3,  ,3,9.0,0,0,1,0,0,0,0,0,0,0,0,0,0,0,0,0,0
3027,2004063396,235.0,231.0,67,67301,39.9545,-75.1811,0,0,0,0,0,0,4,9,2003,7,2.0,3.0,0,1.0,3,1,3,  ,2,3.0,0,0,1,0,0,0,0,0,0,0,0,0,0,0,0,0,0
3028,2004063415,2125.0,2125.0,67,67301,40.0435,-75.1035,0,0,0,0,0,0,4,10,2003,6,21.0,3.0,0,1.0,3,2,3,  ,3,3.0,0,0,1,0,0,0,0,0,0,0,0,0,0,0,0,0,0
3029,2004063451,1642.0,1639.0,2,2113,40.4805,-79.8225,0,0,0,0,0,0,4,8,2003,3,16.0,1.0,0,1.0,3,0,3,  ,0,0.0,0,0,1,0,0,0,0,0,0,0,0,0,0,0,0,0,0
3030,2004063479,1427.0,1424.0,32,32408,40.6165,-79.1644,0,0,0,0,0,0,4,10,2003,6,14.0,1.0,7,1.0,2,0,3,  ,0,0.0,0,0,1,0,0,0,0,0,0,0,0,0,0,0,0,0,0
3031,2004063555,1745.0,1739.0,67,67301,39.9249,-75.1836,0,0,0,0,0,0,2,9,2003,5,17.0,1.0,0,9.0,3,2,7,  ,0,0.0,0,0,0,0,0,1,0,0,0,0,0,0,0,0,0,0,0
3032,2004063584,1654.0,1645.0,67,67301,39.9339,-75.185,0,0,0,0,0,0,6,9,2003,7,10.0,1.0,0,9.0,3,1,7,  ,0,0.0,0,0,0,0,0,0,0,0,0,0,0,0,0,0,0,0,1
3033,2004063585,1431.0,1429.0,67,67301,39.9894,-75.1556,0,0,0,0,0,0,4,9,2003,4,14.0,1.0,0,1.0,3,0,3,  ,0,0.0,0,0,1,0,0,0,0,0,0,0,0,0,0,0,0,0,0
3034,2004063588,1130.0,1100.0,67,67301,,,0,0,0,0,0,0,8,9,2003,7,11.0,1.0,0,1.0,3,0,3,  ,0,0.0,0,0,0,0,0,0,0,0,0,0,0,0,0,0,0,0,0
3035,2004063592,126.0,122.0,67,67301,,,0,1,0,0,0,0,5,8,2003,5,1.0,3.0,0,1.0,3,0,3,  ,2,3.0,0,1,0,0,0,0,1,0,0,1,0,0,0,0,0,0,0
3036,2004063596,1615.0,1610.0,67,67301,40.0076,-75.1386,0,0,0,0,0,0,6,9,2003,4,16.0,1.0,0,1.0,3,1,3,  ,2,3.0,0,0,0,0,0,0,0,0,0,0,0,0,0,0,0,0,0
3037,2004063679,1205.0,1159.0,67,67301,40.0199,-75.0956,0,0,0,0,0,0,4,5,2003,6,11.0,1.0,0,9.0,3,2,7,  ,3,3.0,0,0,1,0,0,0,0,0,0,0,0,0,0,0,0,0,0
3038,2004063731,1757.0,1755.0,67,67301,,,0,0,0,0,0,0,2,5,2003,5,17.0,4.0,0,1.0,3,1,3,  ,0,0.0,0,0,0,0,0,0,0,0,0,0,0,0,0,0,0,0,0
3039,2004063809,1627.0,1625.0,2,2301,,,0,0,0,0,0,0,4,10,2003,4,16.0,1.0,0,1.0,3,2,3,  ,0,0.0,0,0,1,0,0,0,0,0,0,0,0,0,0,1,0,0,0
3040,2004063914,2115.0,2111.0,67,67301,40.0031,-75.1276,0,0,0,0,0,0,1,9,2003,6,21.0,3.0,0,1.0,3,0,3,  ,0,0.0,0,0,0,0,0,0,0,0,0,0,0,0,0,0,0,0,1
3041,2004063982,1908.0,1907.0,14,14410,40.7928,-77.8595,0,0,0,0,0,0,5,9,2003,7,19.0,3.0,0,9.0,3,0,7,  ,0,0.0,0,0,0,0,0,0,0,0,0,0,0,0,0,0,0,0,0
3042,2004064028,852.0,852.0,2,2301,,,0,0,0,0,0,0,4,10,2003,4,8.0,1.0,0,1.0,3,1,3,  ,2,3.0,1,0,1,0,0,0,0,0,0,0,0,0,0,0,0,0,0
3043,2004064078,1928.0,1922.0,18,18301,41.1314,-77.4515,0,0,0,0,0,0,4,7,2003,4,19.0,1.0,0,1.0,2,1,3,  ,3,3.0,0,0,1,0,0,0,0,0,0,0,0,0,0,0,0,0,0
3044,2004064158,1652.0,1611.0,34,34206,,,0,0,0,0,0,0,4,8,2003,4,16.0,1.0,0,1.0,1,2,3,  ,0,0.0,0,0,1,0,0,0,0,0,0,0,0,0,0,0,0,0,0
3045,2004064246,1728.0,1726.0,67,67301,,,0,0,0,0,0,0,8,9,2003,4,17.0,1.0,0,1.0,3,10,3,  ,2,3.0,0,0,0,0,0,1,0,0,0,0,0,0,0,0,0,0,0
3046,2004064261,1730.0,1720.0,67,67301,39.9293,-75.1686,0,0,0,0,0,0,6,9,2003,7,17.0,2.0,0,1.0,3,1,7,  ,2,3.0,0,0,0,0,0,0,0,0,0,0,0,0,0,0,0,0,0
3047,2004064358,2107.0,2107.0,67,67301,39.9989,-75.1322,0,0,0,0,0,0,2,9,2003,6,21.0,3.0,0,1.0,3,1,3,  ,3,3.0,0,0,0,0,0,0,0,0,0,0,0,0,0,0,0,0,1
3048,2004064360,1630.0,1622.0,67,67301,39.9494,-75.165,0,0,0,0,0,0,1,9,2003,3,16.0,1.0,0,1.0,3,0,3,  ,0,0.0,0,0,0,0,0,0,0,0,0,0,0,0,0,0,0,0,0
3049,2004064370,301.0,300.0,67,67301,,,0,0,0,0,0,0,4,10,2003,1,2.0,3.0,0,1.0,3,1,3,  ,2,3.0,0,0,1,0,0,0,0,0,0,0,0,0,0,0,0,0,0
3050,2004064432,747.0,747.0,67,67301,39.9505,-75.1929,0,0,0,0,0,0,1,10,2003,3,7.0,1.0,0,1.0,3,0,3,  ,0,0.0,1,0,0,0,0,0,0,0,0,0,0,0,0,0,0,1,0
3051,2004064433,838.0,336.0,67,67301,,,0,0,0,0,0,0,6,10,2003,7,8.0,1.0,0,1.0,3,1,3,  ,2,3.0,0,0,0,0,0,0,0,0,0,0,0,0,0,0,0,0,1
3052,2004064483,2115.0,2114.0,46,46413,40.1245,-75.3487,0,0,0,0,0,0,6,6,2003,1,21.0,2.0,0,1.0,3,1,3,  ,3,3.0,0,0,0,0,0,0,0,0,0,0,0,0,0,0,0,0,0
3053,2004064494,1500.0,1455.0,67,67301,39.924,-75.1477,0,0,0,0,0,0,8,10,2003,7,14.0,1.0,0,1.0,3,5,3,  ,3,3.0,0,0,0,0,0,0,0,0,0,0,0,0,0,0,0,0,0
3054,2004064532,1541.0,1539.0,67,67301,39.9751,-75.1263,0,0,0,0,0,0,4,10,2003,5,99.0,1.0,0,98.0,3,0,3,  ,0,0.0,0,0,1,0,0,0,0,0,0,0,0,0,0,0,0,0,0
3055,2004064545,1632.0,1632.0,67,67301,,,0,0,0,0,0,0,4,7,2003,3,16.0,1.0,0,1.0,3,1,3,  ,3,3.0,0,0,1,0,0,1,0,0,0,0,0,0,0,0,0,0,0
3056,2004064604,1801.0,1755.0,7,7301,40.5251,-78.4045,0,0,0,0,0,0,4,9,2003,4,17.0,1.0,0,1.0,3,2,3,  ,0,0.0,0,0,1,0,0,0,0,0,0,0,0,0,0,0,0,0,0
3057,2004064725,1841.0,1840.0,36,36408,,,0,0,0,0,0,0,4,9,2003,1,18.0,1.0,0,1.0,2,1,3,  ,0,0.0,0,0,1,0,0,0,0,0,0,0,0,0,0,0,0,0,0
3058,2004064754,1640.0,1629.0,67,67301,39.9799,-75.1784,0,0,0,0,0,0,4,10,2003,6,16.0,1.0,0,1.0,3,2,3,  ,3,9.0,1,0,1,0,0,0,0,0,0,0,0,0,1,0,0,0,0
3059,2004064773,1755.0,1751.0,67,67301,39.9887,-75.1622,0,0,0,0,0,0,4,10,2003,3,17.0,1.0,0,1.0,3,1,3,  ,2,3.0,0,0,1,0,0,0,0,0,0,0,0,0,0,0,0,0,0
3060,2004064781,855.0,848.0,67,67301,40.0177,-75.0649,0,0,0,0,0,0,4,10,2003,6,8.0,1.0,0,1.0,3,1,3,  ,2,3.0,0,0,1,0,0,0,0,0,0,0,0,0,0,0,0,1,0
3061,2004064901,1614.0,1611.0,2,2301,40.4493,-79.9398,0,0,0,0,0,0,4,9,2003,3,16.0,1.0,0,1.0,3,2,3,  ,0,0.0,1,0,1,0,0,0,0,0,0,0,0,0,0,0,0,0,0
3062,2004064905,1940.0,1922.0,36,36301,40.0432,-76.3182,0,0,0,0,0,0,4,6,2003,1,19.0,1.0,0,1.0,3,2,3,  ,0,0.0,0,0,1,0,0,0,0,0,0,0,0,0,0,0,0,0,0
3063,2004064928,1705.0,1703.0,36,36239,40.0256,-76.5288,0,0,0,0,0,0,2,9,2003,4,17.0,1.0,0,1.0,3,2,3,  ,0,0.0,1,0,0,0,0,0,0,0,0,0,0,0,0,0,0,0,0
3064,2004064940,18.0,1842.0,67,67301,,,0,0,0,0,0,0,4,10,2003,5,6.0,4.0,0,1.0,3,1,3,  ,3,3.0,0,0,1,0,0,0,0,0,0,0,0,0,0,0,0,1,0
3065,2004064943,1617.0,1615.0,38,38101,,,0,0,0,0,0,0,4,9,2003,5,16.0,1.0,7,1.0,2,0,3,  ,0,0.0,0,0,1,0,0,0,0,0,0,0,0,0,0,0,0,0,0
3066,2004064965,24.0,2333.0,39,39301,40.6144,-75.4774,0,0,0,0,0,0,4,8,2003,6,23.0,3.0,0,1.0,3,1,3,  ,3,3.0,0,0,1,0,0,0,0,0,0,0,0,0,0,0,0,0,1
3067,2004065029,1230.0,1225.0,67,67301,,,0,0,0,0,0,0,4,7,2003,6,18.0,1.0,0,1.0,3,1,3,  ,2,3.0,0,0,1,0,0,0,0,0,0,0,0,0,0,0,0,0,0
3068,2004065049,1450.0,1445.0,67,67301,40.0098,-75.1669,0,0,0,0,0,0,4,10,2003,6,14.0,1.0,0,1.0,3,1,3,  ,2,3.0,0,1,1,0,0,0,1,0,0,1,0,0,0,0,0,1,0
3069,2004065054,1826.0,1822.0,67,67301,40.0818,-75.0304,0,0,0,0,0,0,4,10,2003,5,18.0,1.0,7,1.0,3,2,3,  ,0,0.0,0,0,1,0,0,0,0,0,0,0,0,0,0,0,0,0,0
3070,2004065078,1045.0,1040.0,67,67301,39.9814,-75.1789,0,0,0,0,0,0,5,8,2003,5,10.0,1.0,0,1.0,3,0,3,  ,0,0.0,0,0,0,0,0,0,0,0,0,0,0,0,0,0,0,0,0
3071,2004065090,1753.0,1753.0,67,67301,40.0367,-75.1738,0,0,0,0,0,0,4,8,2003,1,17.0,1.0,0,1.0,3,1,3,  ,3,9.0,0,0,1,0,0,0,0,0,0,0,0,0,0,0,0,0,0
3072,2004065095,1017.0,1015.0,67,67301,39.963,-75.2242,0,0,0,0,0,0,8,8,2003,5,10.0,1.0,0,1.0,3,1,3,  ,2,3.0,0,0,0,0,0,1,0,0,0,0,0,0,0,0,0,0,0
3073,2004065106,852.0,850.0,67,67301,40.0446,-75.2177,0,0,0,0,0,0,4,10,2003,2,8.0,1.0,0,1.0,3,10,3,  ,3,3.0,1,0,1,0,0,0,0,0,0,0,0,0,0,0,0,0,0
3074,2004065124,1714.0,1710.0,67,67301,39.9142,-75.1795,0,0,0,0,0,0,4,10,2003,2,17.0,1.0,0,1.0,3,1,3,  ,2,3.0,0,0,1,0,0,0,0,0,0,0,0,0,0,0,0,0,0
3075,2004065129,1640.0,1630.0,67,67301,39.964,-75.161,0,0,0,0,0,0,8,10,2003,5,16.0,1.0,0,1.0,3,2,3,  ,0,0.0,0,0,0,0,0,0,0,0,0,0,0,0,0,0,0,0,0
3076,2004065148,1941.0,1930.0,67,67301,,,0,0,0,0,0,0,4,10,2003,1,19.0,3.0,0,98.0,3,1,99,  ,2,3.0,0,0,1,0,0,0,0,0,0,0,0,0,0,0,0,0,0
3077,2004065149,1849.0,1842.0,67,67301,,,0,0,0,0,0,0,4,10,2003,3,18.0,3.0,0,1.0,3,1,3,  ,2,3.0,0,0,1,0,0,1,0,0,0,0,0,0,0,0,0,0,0
3078,2004065187,1505.0,1500.0,67,67301,40.0543,-75.0715,0,0,0,0,0,0,4,10,2003,4,14.0,1.0,0,1.0,3,0,3,  ,2,9.0,0,0,1,0,0,0,0,0,0,0,0,0,0,0,0,0,0
3079,2004065225,1410.0,1406.0,67,67301,,,0,0,0,0,0,0,4,10,2003,2,14.0,1.0,0,1.0,3,1,3,  ,2,3.0,0,0,1,0,0,0,0,0,0,0,0,0,0,0,0,0,0
3080,2004065226,1710.0,1700.0,67,67301,40.0394,-75.1541,0,0,0,0,0,0,4,10,2003,4,17.0,1.0,0,1.0,3,0,3,  ,0,0.0,0,0,1,0,0,1,0,0,0,0,0,0,0,0,0,0,1
3081,2004065346,1455.0,1454.0,32,32408,40.623,-79.1547,0,0,0,0,0,0,4,10,2003,6,14.0,1.0,0,1.0,2,1,3,  ,3,3.0,1,0,1,0,0,0,0,0,0,0,0,0,1,0,0,0,0
3082,2004065413,1550.0,1530.0,67,67301,40.0294,-75.1047,0,0,0,0,0,0,4,10,2003,5,15.0,1.0,7,1.0,3,0,3,  ,3,3.0,0,0,1,0,0,1,0,0,0,0,0,0,0,0,0,0,0
3083,2004065422,2245.0,2241.0,67,67301,,,0,0,0,0,0,0,4,10,2003,4,22.0,3.0,0,1.0,3,0,3,  ,0,0.0,0,0,1,0,0,0,0,0,0,0,0,0,0,0,0,0,0
3084,2004065438,1601.0,1559.0,67,67301,39.9691,-75.1632,0,0,0,0,0,0,4,10,2003,4,15.0,1.0,0,1.0,3,1,3,  ,2,9.0,0,1,1,0,0,0,0,0,0,0,0,0,0,0,0,0,0
3085,2004065459,1545.0,1537.0,67,67301,40.0266,-75.042,0,0,0,0,0,0,4,10,2003,3,15.0,1.0,0,1.0,3,1,3,  ,0,0.0,1,0,1,0,0,0,0,0,0,0,0,0,0,0,0,0,0
3086,2004065464,1135.0,1128.0,67,67301,40.009,-75.1365,0,0,0,0,0,0,5,7,2003,7,11.0,1.0,0,1.0,3,1,3,  ,3,3.0,0,0,0,0,0,0,0,0,0,0,0,0,0,0,0,0,1
3087,2004065499,1959.0,1953.0,67,67301,40.4783,-75.1913,0,0,0,0,0,0,5,10,2003,6,19.0,6.0,2,1.0,3,1,3,  ,2,9.0,0,0,0,0,0,0,0,0,0,0,0,0,0,0,0,0,1
3088,2004065543,1358.0,1355.0,67,67301,,,0,0,0,0,0,0,8,8,2003,3,13.0,1.0,0,1.0,3,0,3,  ,0,0.0,0,0,0,0,0,0,0,0,0,0,0,0,0,0,0,0,0
3089,2004065608,1220.0,1219.0,48,48409,,,0,0,0,0,1,0,4,7,2003,3,12.0,1.0,0,1.0,3,1,3,  ,3,3.0,0,0,1,0,0,0,0,0,0,0,0,0,0,0,0,0,0
3090,2004065659,1630.0,1621.0,67,67301,,,0,1,0,0,0,0,4,8,2003,1,13.0,1.0,0,98.0,3,1,99,  ,3,9.0,0,0,1,0,0,0,0,0,0,0,0,0,0,0,0,0,0
3091,2004065660,1622.0,1619.0,67,67301,,,0,0,0,0,0,0,4,9,2003,4,16.0,1.0,0,1.0,3,0,3,  ,2,3.0,0,0,1,0,0,0,0,0,0,0,0,0,0,0,0,0,0
3092,2004065681,1128.0,1126.0,46,46412,40.0058,-75.2601,0,0,0,0,0,0,4,7,2003,1,11.0,1.0,0,1.0,3,1,3,  ,2,3.0,0,0,1,0,0,0,0,0,0,0,0,0,0,0,0,0,0
3093,2004065764,1850.0,1846.0,2,2301,40.4688,-79.8961,0,1,0,0,0,0,4,7,2003,3,18.0,1.0,0,1.0,3,1,3,  ,2,3.0,0,0,1,0,0,0,0,0,0,0,0,0,0,0,0,0,0
3094,2004065766,1440.0,1438.0,64,64301,40.5736,-79.7683,0,0,0,0,0,0,4,7,2003,1,10.0,1.0,0,1.0,3,1,3,  ,3,3.0,0,0,1,0,0,0,0,0,0,0,0,0,0,0,0,1,0
3095,2004065787,1502.0,1502.0,43,43302,,,0,0,0,0,1,0,4,9,2003,1,14.0,1.0,0,1.0,3,0,3,  ,0,0.0,1,0,1,0,0,0,0,0,0,0,0,0,0,0,0,1,0
3096,2004065807,1123.0,1120.0,2,2301,,,0,0,0,0,0,0,6,10,2003,6,11.0,1.0,0,1.0,3,1,3,  ,0,0.0,0,0,0,0,0,0,0,1,1,1,0,0,0,0,0,0,0
3097,2004065815,1911.0,1910.0,67,67301,39.9579,-75.2422,0,0,0,0,0,0,4,7,2003,1,19.0,1.0,0,1.0,3,0,3,  ,0,0.0,0,0,1,0,0,1,0,0,0,0,0,0,0,0,0,0,0
3098,2004065872,1727.0,1722.0,2,2301,,,0,0,0,0,0,0,4,9,2003,2,17.0,1.0,0,1.0,3,2,7,  ,3,9.0,0,0,1,0,0,0,0,0,0,0,0,0,0,0,0,0,0
3099,2004065888,2103.0,2045.0,2,2301,,,0,0,0,0,0,0,4,7,2003,2,20.0,1.0,0,1.0,3,2,3,  ,3,3.0,0,0,1,0,0,0,0,0,0,0,0,0,0,0,0,0,0
3100,2004065897,838.0,823.0,2,2301,40.4414,-80.0405,0,0,0,0,0,0,1,9,2003,4,8.0,1.0,0,1.0,3,2,3,  ,0,0.0,0,0,0,0,0,1,0,0,0,0,0,0,0,0,0,0,0
3101,2004066070,1659.0,1654.0,48,48207,40.769,-75.5738,0,0,0,0,0,0,4,7,2003,3,16.0,1.0,0,1.0,1,0,3,  ,0,0.0,0,0,1,0,0,0,0,0,0,0,0,0,0,0,0,0,0
3102,2004066121,1653.0,1640.0,67,67301,39.9962,-75.1718,0,0,0,0,0,0,4,9,2003,6,16.0,1.0,0,1.0,3,2,3,  ,3,3.0,0,0,1,0,0,0,0,0,0,0,0,0,0,0,0,0,0
3103,2004066263,9999.0,1815.0,25,25213,,,0,0,0,0,0,0,4,11,2003,5,18.0,2.0,0,1.0,3,0,3,  ,0,0.0,0,0,1,0,0,0,0,0,0,0,0,0,0,0,0,0,0