,CRN,ARRIVAL_TM,DISPATCH_TM,COUNTY,MUNICIPALITY,DEC_LAT,DEC_LONG,BICYCLE_DEATH_COUNT,BICYCLE_SUSP_SERIOUS_INJ_COUNT,BUS_COUNT,HEAVY_TRUCK_COUNT,SMALL_TRUCK_COUNT,SUV_COUNT,COLLISION_TYPE,CRASH_MONTH,CRASH_YEAR,DAY_OF_WEEK,HOUR_OF_DAY,ILLUMINATION,LOCATION_TYPE,ROAD_CONDITION,URBAN_RURAL,INTERSECT_TYPE,WEATHER1,WEATHER2,TCD_TYPE,TCD_FUNC_CD,AGGRESSIVE_DRIVING,ALCOHOL_RELATED,ANGLE_CRASH,CELL_PHONE,COMM_VEHICLE,DISTRACTED,DRINKING_DRIVER,DRUGGED_DRIVER,FATIGUE_ASLEEP,IMPAIRED_DRIVER,NHTSA_AGG_DRIVING,RUNNING_RED_LT,RUNNING_STOP_SIGN,SPEEDING_RELATED,TAILGATING,MATURE_DRIVER,YOUNG_DRIVER
3104,2004066274,1953.0,1949.0,67,67301,39.994,-75.1303,0,0,0,0,0,0,4,9,2003,3,19.0,3.0,0,1.0,3,10,3,  ,2,3.0,0,0,1,0,0,0,0,0,0,0,0,0,0,0,0,0,0
3105,2004066277,2049.0,2049.0,67,67301,40.0238,-75.0488,0,0,0,0,0,0,4,8,2003,4,20.0,3.0,0,1.0,3,1,3,  ,0,0.0,0,0,1,0,0,0,0,0,0,0,0,0,0,0,0,0,1
3106,2004066502,917.0,915.0,67,67301,39.9558,-75.2034,0,0,0,0,0,0,5,10,2003,2,9.0,1.0,0,9.0,3,0,7,  ,0,0.0,1,0,0,0,0,0,0,0,0,0,0,0,0,0,1,0,0
3107,2004066528,1528.0,1522.0,46,46106,40.2362,-75.5926,0,0,0,0,0,0,6,11,2003,3,15.0,1.0,0,1.0,2,2,3,  ,0,0.0,0,0,0,0,0,0,0,0,0,0,0,0,0,0,0,0,0
3108,2004066830,1730.0,1728.0,67,67301,,,0,0,0,0,0,0,4,10,2003,6,17.0,1.0,0,1.0,3,1,3,  ,3,3.0,1,0,1,0,0,0,0,0,0,0,0,0,0,0,0,0,0
3109,2004066862,1456.0,1448.0,67,67301,,,0,0,0,0,0,0,4,11,2003,7,14.0,1.0,0,1.0,3,1,3,  ,3,3.0,0,0,1,0,0,0,0,0,0,0,0,0,0,0,0,0,0
3110,2004066863,1910.0,1905.0,67,67301,39.9237,-75.1742,0,0,0,0,0,0,4,11,2003,5,18.0,3.0,0,1.0,3,2,99,  ,0,0.0,1,0,1,0,0,0,0,0,0,0,0,0,0,0,0,0,0
3111,2004066896,1623.0,1616.0,67,67301,,,0,0,0,0,0,0,5,11,2003,3,16.0,1.0,0,1.0,3,1,3,  ,0,0.0,0,0,0,0,0,0,0,0,0,0,0,0,0,0,0,0,0
3112,2004066913,2159.0,2157.0,67,67301,,,0,0,0,0,0,0,4,10,2003,5,21.0,1.0,0,1.0,3,1,3,  ,2,3.0,0,0,1,0,0,0,0,0,0,0,0,0,0,0,0,0,0
3113,2004066961,1450.0,1450.0,46,46104,,,0,0,0,0,0,0,5,9,2003,2,14.0,1.0,0,1.0,3,0,3,  ,0,0.0,1,0,0,0,0,0,0,0,0,0,0,0,0,0,0,0,0
3114,2004067020,916.0,914.0,67,67301,,,0,0,0,0,0,0,4,11,2003,4,9.0,1.0,7,9.0,3,5,3,  ,2,3.0,0,0,1,0,0,0,0,0,0,0,0,0,0,0,0,0,0
3115,2004067039,1118.0,1116.0,67,67301,39.9533,-75.1838,0,0,0,0,0,0,4,11,2003,6,11.0,1.0,0,1.0,3,1,3,  ,2,3.0,0,0,1,0,0,0,0,0,0,0,0,0,0,0,0,0,0
3116,2004067126,546.0,545.0,67,67301,39.9627,-75.1447,0,0,0,0,0,0,1,11,2003,1,4.0,3.0,0,1.0,3,0,3,  ,0,0.0,0,1,0,0,0,0,0,0,0,0,0,0,0,0,0,0,0
3117,2004067414,1535.0,1530.0,67,67301,40.0223,-75.2184,0,0,0,0,0,0,8,11,2003,7,13.0,1.0,0,1.0,3,0,3,  ,0,0.0,0,0,0,0,0,0,0,0,0,0,0,0,0,0,0,0,0
3118,2004067474,850.0,848.0,67,67301,40.0222,-75.0904,0,0,0,0,0,0,8,11,2003,2,8.0,1.0,0,1.0,3,1,3,  ,3,3.0,0,0,0,0,0,0,0,0,0,0,0,0,0,0,0,0,0
3119,2004067552,1913.0,1906.0,67,67301,40.0358,-75.1254,0,0,0,0,0,0,6,10,2003,6,19.0,2.0,0,1.0,3,1,3,  ,3,3.0,0,0,0,0,0,0,0,0,0,0,0,0,0,0,0,0,0
3120,2004067557,2147.0,2145.0,67,67301,40.0296,-75.1388,0,0,0,0,0,0,4,10,2003,3,21.0,6.0,0,1.0,3,1,3,  ,0,0.0,0,0,1,0,0,0,0,0,0,0,0,0,0,0,0,0,0
3121,2004067728,1750.0,1746.0,67,67301,39.963,-75.1666,0,0,0,0,0,0,5,11,2003,2,16.0,1.0,0,1.0,3,0,3,  ,2,9.0,0,0,0,0,0,0,0,0,0,0,0,0,0,0,0,0,0
3122,2004067733,1640.0,1631.0,67,67301,,,0,0,0,0,0,0,4,11,2003,5,14.0,1.0,0,9.0,3,0,7,  ,3,3.0,0,0,1,0,0,0,0,0,0,0,0,0,0,0,0,0,0
3123,2004067752,1724.0,1723.0,67,67301,40.0533,-75.092,0,0,0,0,0,0,4,11,2003,2,17.0,3.0,0,1.0,3,1,3,  ,3,3.0,0,0,1,0,0,0,0,0,0,0,0,0,0,0,0,0,0
3124,2004067754,748.0,743.0,67,67301,,,0,0,0,0,0,0,4,10,2003,6,7.0,1.0,0,9.0,3,2,3,  ,3,9.0,0,0,1,0,0,0,0,0,0,0,0,0,0,0,0,0,0
3125,2004067850,2215.0,2210.0,67,67301,,,0,0,0,0,0,0,6,11,2003,4,22.0,3.0,0,9.0,3,1,7,  ,0,0.0,0,0,0,0,0,0,0,0,0,0,0,0,0,0,0,0,0
3126,2004067960,742.0,739.0,22,22301,,,0,0,0,0,0,0,2,12,2003,2,7.0,1.0,0,1.0,3,0,3,  ,0,0.0,0,0,0,0,0,0,0,0,0,0,0,0,0,0,0,0,0
3127,2004068020,1507.0,1458.0,2,2301,,,0,0,0,0,0,0,4,12,2003,2,14.0,1.0,0,1.0,3,2,3,  ,2,3.0,0,0,1,0,0,0,0,0,0,0,0,0,0,0,0,0,0
3128,2004068077,1535.0,1521.0,67,67301,,,0,0,0,0,0,0,4,11,2003,2,15.0,1.0,0,1.0,3,0,3,  ,0,0.0,0,0,1,0,0,0,0,0,0,0,0,0,0,0,0,0,0
3129,2004068215,1708.0,1704.0,67,67301,40.0403,-75.2305,0,0,0,0,0,0,4,11,2003,6,17.0,3.0,0,1.0,3,1,3,  ,0,0.0,0,0,1,0,0,0,0,0,0,0,0,0,0,0,0,0,0
3130,2004068216,1945.0,1940.0,67,67301,39.992,-75.1216,0,0,0,0,1,0,2,11,2003,4,18.0,3.0,0,9.0,3,1,7,  ,2,3.0,0,0,0,0,0,0,0,0,0,0,0,0,0,0,0,0,0
3131,2004068292,1839.0,1837.0,67,67301,39.9301,-75.1555,0,0,0,0,0,0,2,11,2003,4,18.0,3.0,0,9.0,3,2,7,  ,0,0.0,1,0,0,0,0,0,0,0,0,0,0,0,0,1,0,0,0
3132,2004068340,1655.0,1645.0,67,67301,39.9973,-75.0895,0,0,0,0,0,0,4,11,2003,7,16.0,1.0,0,1.0,3,1,3,  ,2,9.0,1,0,1,0,0,0,0,0,0,0,0,0,0,0,0,0,0
3133,2004068390,145.0,143.0,67,67301,39.9637,-75.2196,0,0,0,0,0,0,8,11,2003,5,1.0,3.0,0,98.0,3,1,3,  ,2,3.0,0,0,0,0,0,0,0,0,0,0,0,0,0,0,0,0,0
3134,2004068587,1655.0,1647.0,67,67301,40.0323,-75.051,0,0,0,0,0,0,4,11,2003,1,16.0,1.0,0,1.0,3,1,3,  ,0,0.0,0,0,1,0,0,0,0,0,0,0,0,0,0,0,0,0,0
3135,2004068601,1547.0,1541.0,67,67301,,,0,0,0,0,0,0,4,10,2003,5,15.0,1.0,0,1.0,3,5,3,  ,3,3.0,1,0,1,0,0,0,0,0,0,0,0,0,0,0,0,1,0
3136,2004068743,1734.0,1726.0,67,67301,39.9572,-75.142,0,0,0,0,0,0,4,11,2003,3,17.0,3.0,2,1.0,3,2,3,  ,0,0.0,0,0,1,0,0,0,0,0,0,0,0,0,0,0,0,0,0
3137,2004068748,1704.0,1659.0,67,67301,39.9604,-75.1886,0,0,0,0,0,0,5,12,2003,5,16.0,3.0,0,1.0,3,0,3,  ,0,0.0,1,0,0,0,0,0,0,0,0,0,0,0,0,0,0,0,0
3138,2004068868,603.0,601.0,2,2301,40.4792,-79.9552,0,0,0,0,0,0,4,9,2003,5,6.0,3.0,0,1.0,3,1,3,  ,2,3.0,1,0,1,0,0,0,0,0,0,0,0,0,0,0,0,0,0
3139,2004068992,1018.0,1014.0,67,67301,40.0348,-75.1176,0,0,0,0,0,0,5,12,2003,7,19.0,2.0,0,7.0,3,0,10,  ,0,0.0,1,0,0,0,0,0,0,0,0,0,0,0,0,0,0,0,0
3140,2004069016,1042.0,1640.0,67,67301,40.0123,-75.0691,0,0,0,0,1,0,4,11,2003,7,10.0,1.0,0,1.0,3,2,3,  ,2,3.0,0,0,1,0,0,0,0,0,0,0,0,0,0,0,0,0,0
3141,2004069043,2010.0,2005.0,67,67301,40.0486,-75.1617,0,0,0,0,0,0,8,11,2003,2,16.0,1.0,0,1.0,3,2,3,  ,0,0.0,1,0,0,0,0,0,0,0,0,0,1,0,0,1,0,0,0
3142,2004069046,526.0,525.0,67,67301,,,0,0,0,0,0,0,4,11,2003,3,17.0,3.0,0,1.0,3,2,3,  ,2,3.0,0,0,1,0,0,1,0,0,0,0,0,0,0,0,0,0,0
3143,2004069090,2032.0,2030.0,67,67301,40.0388,-75.1239,0,0,0,0,0,0,4,11,2003,7,20.0,3.0,0,1.0,3,1,3,  ,3,9.0,0,0,1,0,0,0,0,0,0,0,0,0,0,0,0,0,0
3144,2004069124,1005.0,955.0,67,67301,39.951,-75.1777,0,0,0,0,0,0,1,9,2003,3,22.0,3.0,0,1.0,3,0,3,  ,0,0.0,0,0,0,0,0,0,0,0,0,0,0,0,0,0,0,0,0
3145,2004069174,1228.0,1227.0,67,67301,39.9761,-75.2244,0,0,0,0,0,0,5,12,2003,3,12.0,1.0,0,6.0,3,1,7,  ,0,0.0,0,0,0,0,0,0,0,0,0,0,0,0,0,0,0,0,0
3146,2004069317,720.0,720.0,39,39301,40.6079,-75.4796,0,0,0,0,0,0,4,10,2003,6,17.0,1.0,0,98.0,3,1,3,  ,3,3.0,1,0,1,0,0,0,0,0,0,0,0,0,0,0,0,0,0
3147,2004069349,2233.0,2233.0,67,67301,40.023,-75.1481,0,1,0,0,1,0,4,11,2003,3,22.0,3.0,0,1.0,3,0,3,  ,0,0.0,1,1,1,0,0,0,0,0,0,0,0,0,0,1,0,0,0
3148,2004069606,1614.0,1605.0,67,67301,,,0,0,0,0,0,0,4,11,2003,4,19.0,3.0,0,98.0,3,1,99,  ,0,0.0,0,0,1,0,0,0,0,0,0,0,0,0,0,0,0,0,0
3149,2004069740,1958.0,1954.0,67,67301,,,0,0,0,0,0,0,8,12,2003,2,19.0,3.0,0,1.0,3,1,3,  ,3,9.0,0,0,0,0,0,0,0,0,0,0,0,0,0,0,0,1,0
3150,2004069791,1900.0,1856.0,67,67301,,,0,0,0,0,0,0,2,11,2003,1,18.0,3.0,0,1.0,3,1,3,  ,3,9.0,1,0,0,0,0,0,0,0,0,0,0,0,1,0,0,1,0
3151,2004069897,9999.0,9999.0,36,36408,40.1755,-76.1779,0,0,0,0,0,0,4,11,2003,5,6.0,3.0,0,1.0,2,1,3,  ,3,3.0,1,0,1,0,0,0,0,0,0,0,0,0,0,0,0,0,0
3152,2004069994,1725.0,1723.0,67,67301,39.9493,-75.2121,0,0,0,0,0,0,6,12,2003,2,17.0,3.0,0,1.0,3,3,3,  ,3,3.0,1,0,0,0,0,0,0,0,0,0,0,0,0,0,0,0,0
3153,2004070002,952.0,947.0,67,67301,40.0638,-75.1729,0,0,0,0,0,0,4,12,2003,3,9.0,1.0,0,1.0,3,1,3,  ,3,3.0,0,0,1,0,0,1,0,0,0,0,0,0,0,0,0,0,0
3154,2004070201,1516.0,1512.0,67,67301,,,0,0,0,0,0,0,5,11,2003,2,14.0,1.0,0,1.0,3,0,3,  ,0,0.0,1,0,0,0,0,0,0,0,0,0,0,0,0,0,0,0,0
3155,2004070309,1409.0,1407.0,67,67301,40.0276,-75.1099,0,0,0,0,0,0,5,11,2003,3,13.0,1.0,0,1.0,3,1,3,  ,2,3.0,0,0,0,0,0,1,0,0,0,0,0,0,0,0,0,0,0
3156,2004070379,2052.0,2050.0,67,67301,39.9624,-75.1615,0,0,0,0,0,0,4,11,2003,5,20.0,3.0,0,1.0,3,1,3,  ,2,3.0,0,0,1,0,0,0,0,0,0,0,0,0,0,0,0,0,0
3157,2004070505,1546.0,1544.0,49,49405,41.0162,-76.8429,0,0,0,0,0,0,2,12,2003,3,15.0,1.0,0,1.0,2,2,3,  ,3,3.0,0,0,0,0,0,0,0,0,0,0,0,0,0,0,0,1,0
3158,2004070583,1300.0,1257.0,46,46209,40.2867,-75.3972,0,0,0,0,0,0,5,8,2003,3,12.0,1.0,0,1.0,1,0,3,  ,0,0.0,0,0,0,0,0,0,0,0,0,0,0,0,0,0,0,0,0
3159,2004070671,758.0,755.0,67,67301,39.9034,-75.1584,0,1,1,0,0,0,4,11,2003,7,7.0,1.0,0,1.0,3,2,3,  ,2,3.0,0,0,1,0,0,0,0,0,0,0,0,0,0,0,0,0,0
3160,2004070742,1650.0,1647.0,25,25302,,,0,0,0,0,0,0,4,8,2003,6,16.0,1.0,0,1.0,3,0,3,  ,0,0.0,1,0,1,0,0,0,0,0,0,0,0,0,0,1,0,0,0
3161,2004070916,22.0,19.0,67,67301,40.0323,-75.0456,0,0,0,0,0,0,1,11,2003,2,23.0,3.0,0,1.0,3,1,3,  ,2,3.0,0,0,0,0,0,0,0,0,0,0,0,0,0,0,0,0,0
3162,2004072220,2022.0,2020.0,67,67301,39.9252,-75.1711,0,0,0,0,0,0,4,4,2003,4,20.0,3.0,0,1.0,3,1,3,  ,2,3.0,0,0,1,0,0,0,0,0,0,0,0,0,0,0,0,0,0
3163,2004073036,734.0,715.0,36,36202,,,0,0,0,0,1,0,2,12,2003,4,5.0,2.0,0,9.0,1,0,7,  ,0,0.0,0,0,0,0,0,0,0,0,0,0,0,0,0,0,0,0,0
3164,2004074300,1318.0,1316.0,67,67301,39.9973,-75.0895,0,0,0,1,0,0,4,9,2003,3,13.0,1.0,0,1.0,3,1,3,  ,2,3.0,1,0,1,0,0,0,0,0,0,0,0,0,0,0,0,0,0
3165,2004074457,1140.0,1131.0,67,67301,39.9541,-75.1897,0,0,0,0,0,0,4,10,2003,5,11.0,1.0,0,1.0,3,1,3,  ,2,3.0,0,0,1,0,0,0,0,0,0,0,0,0,0,0,0,0,0
3166,2004075083,1842.0,1840.0,67,67301,39.9967,-75.1155,0,0,0,0,0,0,4,10,2003,5,18.0,1.0,0,1.0,3,1,3,  ,2,3.0,0,0,1,0,0,0,0,0,0,0,0,0,0,0,0,0,0
3167,2004075583,2205.0,2150.0,39,39104,40.5145,-75.589,0,0,0,0,0,0,1,12,2003,1,21.0,2.0,0,6.0,3,0,7,  ,0,0.0,0,0,0,0,0,0,0,0,0,0,0,0,0,0,0,0,0
3168,2004075725,1433.0,1415.0,21,21214,40.0831,-77.4124,0,0,0,0,0,0,4,12,2003,1,14.0,1.0,0,1.0,1,2,3,  ,3,3.0,1,0,1,0,0,0,0,0,0,0,0,0,0,0,0,0,1
3169,2004075856,2102.0,2053.0,49,49221,40.9725,-76.877,0,0,0,0,0,0,4,11,2003,1,20.0,3.0,0,9.0,1,0,7,  ,0,0.0,0,0,1,0,0,0,0,0,0,0,0,0,0,0,0,0,1
3170,2004075958,1343.0,1334.0,66,66227,,,0,0,0,0,0,0,1,9,2003,6,13.0,1.0,0,1.0,3,0,3,  ,0,0.0,1,1,0,0,0,0,1,0,0,1,0,0,0,1,0,0,0
3171,2004076560,2240.0,2145.0,66,66403,39.7246,-76.3313,0,0,0,0,1,0,2,12,2003,6,21.0,2.0,0,1.0,1,0,3,  ,0,0.0,0,1,0,0,0,0,0,0,0,0,0,0,0,0,0,0,0
3172,2004078654,1534.0,1330.0,23,23111,39.9575,-75.269,0,0,0,0,0,1,4,8,2003,1,15.0,1.0,0,1.0,3,2,99,  ,2,9.0,1,0,1,0,0,0,0,0,0,0,0,1,0,0,0,0,0
3173,2004078855,645.0,610.0,38,38204,40.296,-76.294,0,0,0,0,0,0,4,4,2003,4,6.0,5.0,0,1.0,1,2,3,  ,0,0.0,0,0,1,0,0,0,0,0,0,0,0,0,0,0,0,1,0
3174,2004078860,1145.0,1135.0,6,6219,40.5142,-75.6477,0,0,0,0,0,0,5,4,2003,1,11.0,1.0,0,1.0,1,0,3,  ,0,0.0,1,0,0,0,0,0,0,0,0,0,0,0,0,0,0,0,0
3175,2004079094,1655.0,1625.0,62,62221,40.2153,-80.0181,0,0,0,0,0,0,1,8,2003,2,16.0,1.0,0,1.0,1,0,3,  ,0,0.0,1,0,0,0,0,0,0,0,0,0,0,0,0,1,0,0,0
3176,2004079123,2025.0,1958.0,36,36230,40.1115,-76.4555,0,0,0,0,0,0,4,10,2003,2,19.0,2.0,0,1.0,1,0,3,  ,0,0.0,1,1,1,0,0,0,0,0,0,0,0,0,0,0,0,0,0
3177,2005023995,1432.0,1429.0,46,46204,40.182,-75.1394,0,0,0,0,0,0,4,12,2003,5,14.0,1.0,0,1.0,3,1,3,  ,3,3.0,0,0,1,0,0,0,0,0,0,0,0,0,0,0,0,1,0
3178,2006079698,1913.0,9999.0,41,41301,,,0,0,0,0,0,0,5,9,2003,3,19.0,2.0,0,1.0,3,0,3,  ,0,0.0,0,0,0,0,0,0,0,0,0,0,0,0,0,0,0,0,0
3179,2007054213,1309.0,,2,2109,40.3815,-80.0442,0,0,0,0,0,0,4,5,2003,4,13.0,1.0,0,1.0,3,1,3,  ,2,3.0,1,0,1,0,0,0,0,0,0,0,0,0,0,0,0,0,0
3180,2004002372,2146.0,2136.0,6,6232,40.4972,-75.8043,0,0,0,0,0,0,5,2,2004,4,21.0,2.0,0,1.0,1,0,3,  ,0,0.0,0,0,0,0,0,0,0,0,0,0,0,0,0,0,0,0,1
3181,2004002825,2020.0,2018.0,26,26301,,,0,0,0,0,0,0,9,2,2004,4,20.0,3.0,0,1.0,2,1,3,  ,3,3.0,0,0,0,0,0,0,0,0,0,0,0,0,0,0,0,1,0
3182,2004003072,1622.0,1619.0,46,46102,40.0701,-75.0984,0,0,0,0,0,0,4,2,2004,5,16.0,1.0,7,1.0,3,0,3,  ,0,0.0,0,0,1,0,0,0,0,0,0,0,0,0,0,0,0,0,0
3183,2004004057,1815.0,1811.0,36,36418,40.1586,-76.0544,0,0,0,0,1,0,4,3,2004,2,18.0,1.0,0,1.0,1,2,3,  ,0,0.0,0,0,1,0,0,0,0,0,0,0,0,0,0,0,0,0,0
3184,2004004291,1426.0,1422.0,9,9227,40.2597,-75.1974,0,0,0,0,1,0,0,3,2004,1,14.0,1.0,0,1.0,3,0,3,  ,0,0.0,0,0,0,0,0,0,0,0,0,0,0,0,0,0,0,0,0
3185,2004004620,728.0,724.0,21,21101,40.2919,-76.9352,0,0,0,0,0,0,4,4,2004,5,7.0,1.0,0,1.0,3,0,3,  ,0,0.0,0,0,1,0,0,0,0,0,0,0,0,0,0,0,0,0,0
3186,2004004781,1253.0,1251.0,59,59402,,,0,1,0,0,0,0,4,4,2004,7,12.0,1.0,0,1.0,2,0,3,  ,0,0.0,0,0,1,0,0,0,0,0,0,0,0,0,0,0,0,0,0
3187,2004004800,1530.0,1520.0,47,47401,40.96,-76.6161,0,0,0,0,0,0,4,4,2004,4,15.0,1.0,0,1.0,2,1,3,  ,3,3.0,0,0,1,0,0,0,0,0,0,0,0,0,0,0,0,0,0
3188,2004004844,711.0,708.0,2,2118,40.5325,-79.968,0,0,0,0,0,0,2,4,2004,3,99.0,1.0,0,1.0,3,1,3,  ,3,3.0,1,0,0,0,0,0,0,0,0,0,0,0,0,0,0,0,0
3189,2004004909,1311.0,1305.0,2,2448,40.3856,-79.9062,0,0,0,0,0,0,4,4,2004,7,13.0,1.0,0,1.0,3,1,3,  ,3,3.0,0,0,1,0,0,0,0,0,0,0,0,0,0,0,0,0,0
3190,2004005158,2127.0,2121.0,36,36238,40.1378,-76.2214,0,0,0,0,0,0,4,4,2004,7,21.0,2.0,0,1.0,3,0,3,  ,0,0.0,0,0,1,0,0,0,0,0,0,0,0,0,0,0,0,0,0
3191,2004005180,1644.0,1641.0,48,48409,40.697,-75.4991,0,0,0,0,0,0,2,4,2004,3,16.0,1.0,0,9.0,3,1,7,  ,3,3.0,0,0,0,0,0,0,0,0,0,0,0,0,0,0,0,0,0
3192,2004009727,1711.0,1708.0,36,36225,,,0,0,0,0,0,0,4,4,2004,6,17.0,1.0,0,9.0,2,1,7,  ,3,3.0,0,0,1,0,0,0,0,0,0,0,0,0,0,0,0,0,0
3193,2004010171,1508.0,1508.0,38,38208,40.3392,-76.4635,0,0,0,0,0,0,4,4,2004,6,15.0,1.0,0,1.0,1,0,3,  ,0,0.0,1,0,1,0,0,0,0,0,0,0,0,0,0,0,0,0,0
3194,2004012672,1630.0,1622.0,67,67301,40.0687,-75.1568,0,0,0,0,0,0,4,3,2004,2,16.0,1.0,0,1.0,3,1,3,  ,2,3.0,0,0,1,0,0,0,0,0,0,0,0,0,0,0,0,0,0
3195,2004012812,1945.0,1938.0,46,46113,40.2389,-75.3048,0,0,0,0,1,0,1,1,2004,3,18.0,2.0,0,2.0,3,0,3,  ,0,0.0,0,0,0,0,0,0,0,0,0,0,0,0,0,0,0,0,0
3196,2004012824,915.0,911.0,67,67301,,,0,1,1,0,0,0,5,1,2004,4,9.0,1.0,3,2.0,3,0,3,  ,0,0.0,0,0,0,0,1,0,0,0,0,0,0,0,0,0,0,0,0
3197,2004013195,1858.0,1853.0,67,67301,39.9301,-75.2192,0,0,0,0,0,0,4,2,2004,4,18.0,3.0,0,1.0,3,1,3,  ,2,3.0,0,0,1,0,0,0,0,0,0,0,0,0,0,0,0,0,0
3198,2004013253,1335.0,1322.0,67,67301,,,0,0,0,0,0,0,2,3,2004,6,12.0,1.0,0,1.0,3,0,3,  ,0,0.0,0,0,0,0,0,0,0,0,0,0,0,0,0,0,0,0,0
3199,2004014736,1445.0,1445.0,36,36301,40.0424,-76.2938,0,0,0,0,0,1,4,2,2004,5,14.0,1.0,0,1.0,3,1,3,  ,3,3.0,1,0,1,0,0,0,0,0,0,0,0,0,0,0,0,0,0
3200,2004015441,1552.0,1549.0,31,31407,,,0,0,0,0,0,0,4,5,2004,3,15.0,1.0,0,1.0,2,2,3,  ,3,3.0,0,0,1,0,0,0,0,0,0,0,0,0,0,0,0,0,1
3201,2004015593,1750.0,1747.0,38,38208,,,0,0,0,0,0,1,4,5,2004,3,17.0,1.0,0,1.0,1,1,3,  ,3,3.0,0,0,1,0,0,0,0,0,0,0,0,0,0,0,0,0,0
3202,2004016240,1031.0,1026.0,19,19222,41.0074,-76.4087,0,0,0,0,0,0,4,5,2004,2,10.0,1.0,0,1.0,1,2,3,  ,3,3.0,0,0,1,0,0,0,0,0,0,0,0,0,0,0,0,0,0
3203,2004016283,1518.0,1511.0,2,2301,40.4087,-80.0246,0,0,0,0,0,0,4,4,2004,5,15.0,1.0,0,9.0,3,1,3,  ,0,0.0,0,0,1,0,0,1,0,0,0,0,0,0,0,0,0,0,1
3204,2004016326,1830.0,1830.0,15,15415,39.823,-75.8274,0,0,0,0,0,0,4,3,2004,5,18.0,4.0,7,1.0,1,2,3,  ,2,3.0,1,0,1,0,0,0,0,0,0,0,0,1,0,0,0,0,0
3205,2004016725,1944.0,1938.0,20,20301,41.6371,-80.1389,0,0,0,0,1,0,4,5,2004,4,19.0,1.0,0,1.0,2,2,3,  ,3,3.0,0,0,1,0,0,0,0,0,0,0,0,0,0,0,0,0,0
3206,2004016780,1919.0,1919.0,2,2448,40.4091,-79.903,0,1,0,1,0,0,9,5,2004,5,19.0,1.0,0,1.0,3,1,3,  ,2,3.0,0,0,0,0,1,0,0,0,0,0,0,0,0,0,0,0,0
3207,2004017406,1641.0,1638.0,18,18301,41.1329,-77.4464,0,0,0,0,0,1,4,5,2004,2,16.0,1.0,0,1.0,2,0,3,  ,0,0.0,1,0,1,0,0,0,0,0,0,0,0,0,0,0,0,0,0
3208,2004017474,2058.0,2058.0,67,67301,40.0709,-75.0494,0,0,0,0,0,0,4,4,2004,5,20.0,3.0,0,1.0,3,1,3,  ,2,3.0,0,0,1,0,0,0,0,0,0,0,0,0,0,0,0,0,0
3209,2004017610,1412.0,1401.0,6,6213,,,0,0,0,0,1,0,4,2,2004,1,14.0,1.0,0,1.0,1,1,3,  ,3,3.0,0,0,1,0,0,0,0,0,0,0,0,0,0,0,0,0,0
3210,2004017687,1503.0,1500.0,38,38209,40.3599,-76.3996,0,0,0,0,0,0,4,5,2004,3,14.0,1.0,0,1.0,1,0,3,  ,0,0.0,0,0,1,0,0,0,0,0,0,0,0,0,0,0,0,1,0
3211,2004017785,1357.0,1356.0,13,13406,40.8352,-75.7148,0,1,0,0,0,0,4,4,2004,7,13.0,1.0,0,1.0,2,2,3,  ,0,0.0,0,0,1,0,0,0,0,0,0,0,0,0,0,0,0,0,0
3212,2004017850,1808.0,1806.0,39,39102,40.622,-75.481,0,0,0,0,0,0,4,4,2004,4,18.0,1.0,0,9.0,3,1,7,  ,2,3.0,0,0,1,0,0,0,0,0,0,0,0,0,0,0,0,0,1
3213,2004018142,1125.0,1125.0,67,67301,,,0,0,0,1,0,0,5,3,2004,4,11.0,1.0,0,1.0,3,0,3,  ,3,3.0,1,0,0,0,1,0,0,0,0,0,0,0,0,0,0,0,0
3214,2004018199,1643.0,1643.0,67,67301,40.025,-75.045,0,0,0,1,0,0,4,3,2004,2,16.0,1.0,0,1.0,3,0,3,  ,0,0.0,0,0,1,0,0,0,0,0,0,0,0,0,0,0,0,0,0
3215,2004018747,1606.0,1601.0,25,25213,42.0911,-80.1691,0,0,0,0,0,0,4,4,2004,4,16.0,1.0,0,2.0,3,0,3,  ,0,0.0,0,0,1,0,0,0,0,0,0,0,0,0,0,0,0,1,0
3216,2004019159,1544.0,1539.0,38,38208,40.3228,-76.4207,0,0,0,0,0,0,4,5,2004,2,15.0,1.0,0,1.0,1,2,3,  ,3,3.0,1,0,1,0,0,0,0,0,0,0,0,0,0,0,0,1,0
3217,2004019276,2345.0,2338.0,2,2301,40.4187,-79.9481,1,0,0,0,0,0,4,1,2004,3,23.0,3.0,0,9.0,3,0,10,  ,0,0.0,0,1,1,0,0,0,1,0,0,1,0,0,0,0,0,0,0
3218,2004019456,1623.0,1620.0,26,26301,,,0,0,0,0,0,0,4,6,2004,3,16.0,1.0,0,1.0,2,1,3,  ,0,0.0,0,0,1,0,0,0,0,0,0,0,0,0,0,0,0,0,0
3219,2004019459,1801.0,1755.0,36,36402,,,0,0,0,0,0,0,4,6,2004,3,17.0,1.0,7,1.0,2,2,3,  ,0,0.0,0,0,1,0,0,0,0,0,0,0,0,0,0,0,0,0,0
3220,2004019564,907.0,906.0,20,20301,41.6361,-80.1496,0,0,0,0,0,0,8,5,2004,2,9.0,1.0,0,9.0,2,0,7,  ,0,0.0,0,0,0,0,0,0,0,0,0,0,0,0,0,0,0,0,0