,CRN,ARRIVAL_TM,DISPATCH_TM,COUNTY,MUNICIPALITY,DEC_LAT,DEC_LONG,BICYCLE_DEATH_COUNT,BICYCLE_SUSP_SERIOUS_INJ_COUNT,BUS_COUNT,HEAVY_TRUCK_COUNT,SMALL_TRUCK_COUNT,SUV_COUNT,COLLISION_TYPE,CRASH_MONTH,CRASH_YEAR,DAY_OF_WEEK,HOUR_OF_DAY,ILLUMINATION,LOCATION_TYPE,ROAD_CONDITION,URBAN_RURAL,INTERSECT_TYPE,WEATHER1,WEATHER2,TCD_TYPE,TCD_FUNC_CD,AGGRESSIVE_DRIVING,ALCOHOL_RELATED,ANGLE_CRASH,CELL_PHONE,COMM_VEHICLE,DISTRACTED,DRINKING_DRIVER,DRUGGED_DRIVER,FATIGUE_ASLEEP,IMPAIRED_DRIVER,NHTSA_AGG_DRIVING,RUNNING_RED_LT,RUNNING_STOP_SIGN,SPEEDING_RELATED,TAILGATING,MATURE_DRIVER,YOUNG_DRIVER
3221,2004019600,1541.0,1538.0,40,40401,41.2084,-75.9038,0,1,0,0,0,0,4,5,2004,5,15.0,1.0,0,1.0,3,0,3,  ,0,0.0,0,0,1,0,0,0,0,0,0,0,0,0,0,0,0,0,1
3222,2004019973,1848.0,1847.0,40,40302,41.2003,-76.0043,0,0,0,0,0,0,4,6,2004,3,18.0,1.0,0,1.0,3,1,3,  ,3,3.0,0,0,1,0,0,0,0,0,0,0,0,0,0,0,0,0,1
3223,2004020466,1702.0,1702.0,22,22414,40.2387,-76.8418,0,0,0,0,0,0,2,3,2004,2,17.0,1.0,0,1.0,3,1,3,  ,0,0.0,0,0,0,0,0,0,0,0,0,0,0,0,0,0,0,1,0
3224,2004021166,1346.0,1344.0,21,21402,40.204,-77.1912,0,0,0,0,0,0,4,4,2004,1,13.0,1.0,0,1.0,2,1,3,  ,0,0.0,0,0,1,0,0,0,0,0,0,0,0,0,0,0,0,0,0
3225,2004021668,1930.0,1930.0,59,59403,,,0,0,0,0,0,0,4,5,2004,2,19.0,1.0,0,1.0,1,2,3,  ,3,3.0,0,0,1,0,0,0,0,0,0,0,0,0,0,0,0,0,0
3226,2004021682,1107.0,1056.0,54,54207,40.7992,-76.9644,0,1,0,0,0,0,4,6,2004,5,10.0,1.0,0,1.0,1,2,3,  ,3,3.0,0,0,1,0,0,0,0,0,0,0,0,0,0,0,0,0,1
3227,2004021793,1829.0,1829.0,66,66212,,,0,0,0,0,0,0,6,6,2004,1,18.0,1.0,0,1.0,1,1,3,  ,0,0.0,0,0,0,0,0,0,0,0,0,0,0,0,0,0,0,0,0
3228,2004021795,1753.0,1750.0,6,6405,,,0,0,0,0,0,0,4,6,2004,6,17.0,1.0,0,1.0,1,1,3,  ,0,0.0,0,0,1,0,0,0,0,0,0,0,0,0,0,0,0,0,0
3229,2004023504,2142.0,2129.0,22,22301,,,0,0,0,0,0,0,4,5,2004,7,21.0,3.0,0,1.0,3,0,3,  ,3,3.0,0,0,1,0,0,0,0,0,0,0,0,0,0,0,0,0,0
3230,2004023516,1726.0,1723.0,22,22301,,,0,0,0,0,0,0,8,5,2004,1,17.0,1.0,0,1.0,3,1,3,  ,3,3.0,0,0,0,0,0,0,0,0,0,0,0,0,0,0,0,0,0
3231,2004024093,1200.0,1154.0,6,6232,40.4643,-75.7757,0,0,0,0,0,0,8,6,2004,2,11.0,1.0,0,1.0,1,1,3,  ,3,3.0,0,0,0,0,0,0,0,0,0,0,0,0,0,0,0,0,1
3232,2004025995,1625.0,1620.0,36,36415,40.1028,-76.0775,0,0,0,0,0,0,4,6,2004,7,16.0,1.0,0,1.0,1,1,3,  ,3,3.0,0,0,1,0,0,0,0,0,0,0,0,0,0,0,0,1,0
3233,2004027097,1800.0,1755.0,67,67301,,,0,0,0,0,1,0,4,3,2004,1,17.0,1.0,7,1.0,3,0,3,  ,0,0.0,0,0,1,0,0,0,0,0,0,0,0,0,0,0,0,0,0
3234,2004027494,1706.0,1705.0,10,10301,40.854,-79.887,0,0,0,0,0,0,4,5,2004,2,17.0,1.0,0,1.0,2,1,3,  ,0,0.0,0,0,1,0,0,0,0,0,0,0,0,0,0,0,0,1,0
3235,2004027606,2243.0,2243.0,67,67301,39.9181,-75.1608,0,0,0,0,0,0,4,3,2004,4,22.0,3.0,0,9.0,3,1,3,  ,3,3.0,0,0,1,0,0,0,0,0,0,0,0,0,0,0,0,0,1
3236,2004029433,1532.0,1530.0,67,67301,,,0,0,1,0,0,0,6,4,2004,7,15.0,1.0,0,1.0,3,1,3,  ,0,0.0,0,1,0,0,1,0,0,0,0,0,0,0,0,0,0,0,0
3237,2004029780,1825.0,1822.0,67,67301,40.0182,-75.1487,0,0,0,0,0,0,5,3,2004,4,18.0,3.0,0,1.0,3,0,3,  ,0,0.0,0,0,0,0,0,0,0,0,0,0,0,0,0,0,0,0,0
3238,2004031139,1652.0,1651.0,32,32402,40.4318,-79.2647,0,0,0,1,0,0,4,5,2004,5,16.0,1.0,0,1.0,1,1,3,  ,0,0.0,0,0,1,0,1,0,0,0,0,0,0,0,0,0,0,0,0
3239,2004031156,1950.0,1950.0,30,30406,39.8948,-80.1831,0,0,0,0,0,0,4,5,2004,5,19.0,1.0,0,1.0,1,1,3,  ,3,3.0,0,0,1,0,0,0,0,0,0,0,0,0,0,0,0,0,0
3240,2004035136,318.0,315.0,66,66212,39.9949,-76.6328,0,0,0,0,0,0,0,6,2004,5,3.0,3.0,0,1.0,1,2,3,  ,3,3.0,0,0,0,0,0,1,0,0,0,0,0,0,0,0,0,0,0
3241,2004039411,2030.0,2000.0,67,67301,39.986,-75.1144,0,0,0,0,0,0,4,3,2004,2,17.0,4.0,0,1.0,3,1,3,  ,0,0.0,0,0,1,0,0,0,0,0,0,0,0,0,0,0,0,0,0
3242,2004039496,1255.0,1250.0,67,67301,39.9141,-75.2418,0,0,0,0,0,0,2,3,2004,7,12.0,1.0,0,1.0,3,0,3,  ,0,0.0,0,0,0,0,0,0,0,0,0,0,0,0,0,0,0,0,0
3243,2004044550,1206.0,1204.0,22,22301,40.273,-76.8465,0,0,0,0,0,0,4,6,2004,3,12.0,1.0,0,1.0,3,1,3,  ,3,3.0,0,0,1,0,0,0,0,0,0,0,0,0,0,0,0,1,0
3244,2004047464,1523.0,1521.0,67,67301,,,0,0,0,0,0,0,4,1,2004,6,15.0,1.0,0,1.0,3,0,3,  ,0,0.0,0,0,1,0,0,0,0,0,0,0,0,0,0,0,0,0,0
3245,2004047773,1712.0,1702.0,15,15220,,,0,0,0,0,0,0,4,3,2004,2,17.0,1.0,0,1.0,1,0,3,  ,0,0.0,0,0,1,0,0,0,0,0,0,0,0,0,0,0,0,0,1
3246,2004051520,834.0,820.0,46,46226,40.178,-75.3084,0,1,0,0,1,0,4,3,2004,2,8.0,1.0,0,1.0,1,1,3,  ,2,3.0,0,0,1,0,0,0,0,0,0,0,0,0,0,0,0,0,0
3247,2004051543,1755.0,1733.0,67,67301,40.0009,-75.1054,0,0,0,0,0,0,5,3,2004,4,16.0,1.0,0,1.0,3,2,3,  ,0,0.0,0,0,0,0,0,0,0,0,0,0,0,0,0,0,0,0,0
3248,2004053925,1513.0,1504.0,39,39102,40.6323,-75.4858,0,0,0,0,0,0,2,7,2004,2,15.0,1.0,0,9.0,3,3,7,  ,0,0.0,0,0,0,0,0,0,0,0,0,0,0,0,0,0,0,0,0
3249,2004055934,2035.0,2028.0,40,40232,41.1194,-75.9486,0,0,0,0,0,0,4,7,2004,5,20.0,1.0,0,1.0,1,0,3,  ,0,0.0,0,0,1,0,0,0,0,0,0,0,0,0,0,0,0,0,0
3250,2004056471,1905.0,1900.0,66,66413,39.8113,-76.9845,0,0,0,0,0,0,4,7,2004,3,19.0,1.0,0,1.0,2,1,3,  ,3,3.0,0,0,1,0,0,0,0,0,0,0,0,0,0,0,0,0,0
3251,2004056641,1233.0,1200.0,66,66224,39.7325,-76.41,0,0,0,0,0,0,4,5,2004,2,12.0,1.0,0,1.0,1,2,3,  ,3,3.0,0,0,1,0,0,0,0,0,0,0,0,0,0,0,0,0,0
3252,2004056820,1740.0,1730.0,67,67301,39.9558,-75.2217,0,0,0,0,0,0,4,4,2004,3,17.0,1.0,0,1.0,3,1,3,  ,3,3.0,0,0,1,0,0,0,0,0,0,0,0,0,0,0,0,0,0
3253,2004056827,650.0,645.0,67,67301,40.0545,-75.028,0,0,0,0,0,0,4,3,2004,2,6.0,3.0,0,1.0,3,1,3,  ,2,3.0,0,0,1,0,0,0,0,0,0,0,0,0,0,0,0,1,0
3254,2004057015,721.0,718.0,67,67301,40.0089,-75.1939,0,0,0,1,0,0,1,4,2004,4,18.0,1.0,0,9.0,3,2,7,  ,0,0.0,0,0,0,0,0,1,0,0,0,0,0,0,0,0,0,0,0
3255,2004057303,2007.0,2004.0,2,2219,40.2833,-79.9871,0,0,0,0,0,0,2,7,2004,2,20.0,2.0,0,1.0,3,0,7,  ,0,0.0,0,0,0,0,0,1,0,0,0,0,0,0,0,0,0,0,1
3256,2004057322,1711.0,1710.0,36,36413,40.1126,-76.5149,0,0,0,0,1,0,4,7,2004,3,17.0,1.0,0,1.0,2,0,3,  ,0,0.0,0,0,1,0,0,0,0,0,0,0,0,0,0,0,0,0,0
3257,2004057323,1400.0,1359.0,36,36413,40.1645,-76.6418,0,0,0,0,0,0,5,7,2004,7,13.0,1.0,0,1.0,2,0,3,  ,0,0.0,0,0,0,0,0,0,0,0,0,0,0,0,0,0,0,0,0
3258,2004057357,2015.0,2015.0,36,36301,40.0431,-76.3197,0,0,0,0,1,0,4,5,2004,6,21.0,3.0,0,1.0,3,1,3,  ,2,3.0,0,0,1,0,0,0,0,0,0,0,0,0,0,0,0,0,0
3259,2004058080,1655.0,1649.0,67,67301,,,0,0,0,0,0,0,5,6,2004,2,16.0,1.0,0,1.0,3,1,3,  ,3,9.0,0,0,0,0,0,1,0,0,0,0,0,0,0,0,0,0,0
3260,2004058135,1433.0,1431.0,67,67301,,,0,0,0,1,0,0,4,5,2004,1,14.0,1.0,0,1.0,3,1,3,  ,0,0.0,0,0,1,0,1,0,0,0,0,0,0,0,0,0,0,0,0
3261,2004059171,2108.0,9999.0,9,9204,40.2832,-75.0331,1,0,0,0,0,0,1,5,2004,7,21.0,2.0,0,1.0,1,0,3,  ,0,0.0,0,0,0,0,0,0,0,0,0,0,0,0,0,0,0,1,0
3262,2004059347,1744.0,1742.0,22,22301,40.2602,-76.8653,0,0,0,0,0,0,8,7,2004,5,17.0,1.0,0,9.0,3,1,7,  ,0,0.0,0,0,0,0,0,0,0,0,0,0,0,0,0,0,0,0,0
3263,2004060000,2214.0,2213.0,9,9227,40.2511,-75.1331,0,0,0,0,0,1,8,7,2004,2,22.0,3.0,0,1.0,3,0,3,  ,0,0.0,0,0,0,0,0,0,0,0,0,0,0,0,0,0,0,0,0
3264,2004062135,1838.0,1835.0,46,46101,40.1328,-75.131,0,0,0,0,0,0,4,7,2004,6,18.0,1.0,0,1.0,3,1,3,  ,3,2.0,0,0,1,0,0,0,0,0,1,0,0,0,0,0,0,0,0
3265,2004062432,1522.0,1513.0,36,36220,40.0379,-76.2745,0,0,1,0,0,0,5,6,2004,3,15.0,1.0,0,1.0,3,2,3,  ,0,0.0,0,0,0,0,1,0,0,0,0,0,0,0,0,0,0,0,0
3266,2004062693,1202.0,1158.0,40,40302,,,0,0,0,0,0,1,4,8,2004,2,11.0,1.0,0,1.0,3,0,3,  ,0,0.0,0,0,1,0,0,0,0,0,0,0,0,0,0,0,0,1,0
3267,2004062865,1707.0,1705.0,2,2440,,,0,0,0,0,0,0,2,8,2004,3,17.0,1.0,0,1.0,3,0,3,  ,0,0.0,0,0,0,0,0,0,0,0,0,0,0,0,0,0,0,0,0
3268,2004066312,1820.0,1817.0,39,39102,40.6253,-75.4826,0,0,0,0,0,0,4,7,2004,2,18.0,1.0,0,1.0,3,2,3,  ,3,3.0,0,0,1,0,0,0,0,0,0,0,0,0,0,0,0,0,0
3269,2004066358,654.0,651.0,9,9219,40.3682,-75.1676,0,0,0,0,0,0,4,7,2004,5,6.0,1.0,0,1.0,1,0,3,  ,0,0.0,1,0,1,0,0,0,0,0,0,0,0,0,0,1,0,0,0
3270,2004066411,1712.0,1657.0,35,35407,41.4185,-75.6439,0,0,0,0,0,0,4,8,2004,2,16.0,1.0,0,1.0,3,1,3,  ,2,3.0,0,0,1,0,0,1,0,0,0,0,0,0,0,0,0,0,0
3271,2004066521,1650.0,1650.0,38,38210,40.3161,-76.578,0,0,0,0,0,0,4,8,2004,6,16.0,1.0,0,1.0,1,2,3,  ,3,3.0,1,0,1,0,0,0,0,0,0,0,0,0,0,0,0,0,0
3272,2004070551,2235.0,2230.0,67,67301,,,1,0,0,0,0,0,4,6,2004,3,22.0,3.0,0,1.0,3,1,3,  ,2,3.0,1,0,1,0,0,0,0,0,0,0,1,1,0,1,0,0,0
3273,2004070842,1645.0,1634.0,67,67301,,,0,0,1,0,0,0,4,5,2004,5,16.0,1.0,0,1.0,3,1,3,  ,0,0.0,0,0,1,0,1,0,0,0,0,0,0,0,0,0,0,0,0
3274,2004071262,2207.0,2207.0,67,67301,40.0279,-75.0596,0,0,0,0,0,0,4,7,2004,2,21.0,6.0,0,1.0,3,0,3,  ,0,0.0,0,0,1,0,0,0,0,0,0,0,0,0,0,0,0,0,1
3275,2004071792,2017.0,2014.0,67,67301,39.9481,-75.1646,0,0,0,0,0,0,4,5,2004,1,20.0,3.0,0,1.0,3,0,3,  ,0,0.0,0,0,1,0,0,0,0,0,0,0,0,0,0,0,0,0,0
3276,2004073473,2020.0,2020.0,67,67301,40.0843,-75.0331,0,0,0,0,0,0,4,3,2004,5,14.0,1.0,0,1.0,3,0,3,  ,0,0.0,0,0,1,0,0,0,0,0,0,0,0,0,0,0,0,1,0
3277,2004074146,2052.0,2050.0,64,64412,40.3126,-79.3816,0,0,0,0,0,0,4,8,2004,6,20.0,3.0,0,1.0,2,1,3,  ,0,0.0,0,0,1,0,0,0,0,0,0,0,0,0,0,0,0,0,0
3278,2004074208,2023.0,2020.0,25,25302,,,0,0,0,0,0,0,4,5,2004,6,20.0,1.0,0,1.0,3,2,3,  ,3,3.0,1,0,1,0,0,0,0,0,0,0,0,0,1,0,0,0,0
3279,2004074589,1236.0,1232.0,28,28401,,,0,0,0,0,0,0,1,8,2004,4,12.0,1.0,0,1.0,1,0,3,  ,0,0.0,0,0,0,0,0,0,0,0,0,0,0,0,0,0,0,1,0
3280,2004075489,2031.0,2030.0,6,6410,40.523,-75.7718,0,0,0,0,0,1,4,8,2004,2,20.0,3.0,0,1.0,1,1,3,  ,0,0.0,0,0,1,0,0,0,0,0,0,0,0,0,0,0,0,0,0
3281,2004075536,809.0,806.0,22,22301,,,0,0,0,0,0,0,4,8,2004,6,8.0,1.0,0,1.0,3,1,3,  ,2,3.0,0,0,1,0,0,0,0,0,0,0,0,0,0,0,0,0,1
3282,2004075662,1655.0,1653.0,67,67301,39.9267,-75.1878,0,0,1,0,0,0,1,7,2004,6,16.0,1.0,0,1.0,3,1,3,  ,2,3.0,0,0,0,0,1,0,0,0,0,0,0,0,0,0,0,0,0
3283,2004075675,1446.0,1445.0,67,67301,39.9593,-75.162,0,0,1,0,0,0,5,7,2004,3,14.0,1.0,0,1.0,3,0,3,  ,0,0.0,0,0,0,0,1,0,0,0,0,0,0,0,0,0,0,0,0
3284,2004075933,1819.0,1811.0,11,11434,,,0,0,0,0,0,0,3,8,2004,2,18.0,1.0,0,1.0,1,0,3,  ,0,0.0,0,0,0,0,0,0,0,0,0,0,0,0,0,0,0,0,1
3285,2004075964,1728.0,1726.0,13,13410,,,0,0,0,0,0,0,4,8,2004,1,17.0,1.0,0,1.0,1,1,3,  ,0,0.0,0,0,1,0,0,0,0,0,0,0,0,0,0,0,0,0,0
3286,2004076127,1611.0,1605.0,22,22202,40.2294,-76.7233,0,0,0,0,1,0,2,8,2004,1,16.0,1.0,0,1.0,3,1,3,  ,3,3.0,0,0,0,0,0,0,0,0,0,0,0,0,0,0,0,0,0
3287,2004076353,1001.0,1000.0,48,48409,,,0,0,0,0,0,0,4,8,2004,6,10.0,1.0,0,1.0,3,2,3,  ,3,3.0,0,0,1,0,0,0,0,0,0,0,0,0,0,0,0,0,0
3288,2004076775,1912.0,1909.0,2,2219,,,0,0,0,0,0,0,6,9,2004,4,19.0,1.0,0,1.0,3,0,3,  ,0,0.0,0,0,0,0,0,0,0,0,0,0,0,0,0,0,0,0,0
3289,2004076781,1253.0,1250.0,39,39405,40.5325,-75.5061,0,0,0,0,0,0,1,9,2004,4,,1.0,0,1.0,3,0,3,  ,0,0.0,1,0,0,0,0,0,0,0,0,0,0,0,0,0,0,1,0
3290,2004076806,1409.0,1405.0,36,36238,40.14,-76.21,0,0,0,0,0,0,2,8,2004,3,14.0,1.0,0,1.0,3,0,3,  ,0,0.0,0,0,0,0,0,0,0,0,0,0,0,0,0,0,0,0,0
3291,2004077855,1220.0,1217.0,6,6404,,,0,0,0,0,0,1,5,9,2004,1,12.0,1.0,0,1.0,3,0,3,  ,0,0.0,0,1,0,0,0,0,0,0,0,0,0,0,0,0,0,0,0
3292,2004077884,2104.0,2056.0,1,1410,39.8636,-77.0557,0,0,0,0,0,1,4,9,2004,1,20.0,3.0,0,1.0,1,12,3,  ,1,3.0,1,0,1,0,0,0,0,0,0,0,0,0,0,0,0,0,0
3293,2004077906,2110.0,2107.0,21,21402,,,0,0,0,0,0,0,4,8,2004,2,21.0,2.0,0,1.0,2,1,3,  ,0,0.0,0,0,1,0,0,0,0,0,0,0,0,0,0,0,0,0,1
3294,2004078074,1725.0,1722.0,67,67301,40.0598,-75.162,0,0,0,0,0,0,8,6,2004,3,17.0,1.0,0,1.0,3,0,3,  ,0,0.0,0,0,0,0,0,1,0,0,0,0,0,0,0,0,0,0,0
3295,2004078102,1012.0,1007.0,2,2446,40.4507,-79.7848,0,0,0,0,0,1,4,9,2004,2,10.0,1.0,0,1.0,3,0,3,  ,0,0.0,0,0,1,0,0,1,0,0,0,0,0,0,0,0,0,0,0
3296,2004078124,2034.0,9999.0,46,46411,,,1,0,0,0,0,0,4,4,2004,4,20.0,3.0,0,1.0,3,2,3,  ,0,0.0,0,0,1,0,0,0,0,0,0,0,0,0,0,0,0,0,0
3297,2004079189,1712.0,1710.0,46,46224,40.0881,-75.2547,0,0,0,0,0,0,8,9,2004,6,17.0,1.0,0,1.0,3,0,3,  ,0,0.0,1,0,0,0,0,0,0,0,0,0,0,0,0,0,0,1,0
3298,2004079291,1741.0,1741.0,38,38212,40.343,-76.3969,0,0,0,0,0,0,4,9,2004,6,17.0,1.0,0,1.0,1,0,3,  ,0,0.0,0,0,1,0,0,0,0,0,0,0,0,0,0,0,0,0,0
3299,2004079301,1421.0,1419.0,26,26301,,,0,0,0,0,1,0,4,9,2004,6,14.0,1.0,0,1.0,2,0,3,  ,0,0.0,0,0,1,0,0,0,0,0,0,0,0,0,0,0,0,0,0
3300,2004079586,1810.0,1805.0,67,67301,39.9515,-75.1567,0,0,1,0,0,0,5,7,2004,5,18.0,1.0,0,1.0,3,1,3,  ,0,0.0,0,0,0,0,1,0,0,0,0,0,0,0,0,0,0,0,0
3301,2004079648,1509.0,1506.0,10,10101,40.8781,-79.9375,0,1,0,0,0,0,4,4,2004,7,15.0,1.0,0,1.0,2,0,3,  ,0,0.0,0,0,1,0,0,0,0,0,0,0,0,0,0,0,0,0,1
3302,2004080460,845.0,836.0,67,67301,,,0,0,0,0,0,0,4,3,2004,6,,1.0,0,1.0,3,1,3,  ,3,3.0,0,0,1,0,0,0,0,0,0,0,0,0,0,0,0,0,0
3303,2004080509,1710.0,1705.0,67,67301,39.9497,-75.1674,0,0,0,0,0,0,8,2,2004,7,16.0,1.0,0,2.0,3,1,3,  ,2,3.0,0,0,0,0,0,0,0,0,0,0,0,0,0,0,0,0,0
3304,2004080511,1525.0,1521.0,67,67301,39.9674,-75.1786,0,0,0,0,0,0,6,2,2004,2,15.0,1.0,0,1.0,3,1,3,  ,2,3.0,0,0,0,0,0,1,0,0,0,0,0,0,0,0,0,0,0
3305,2004080514,1406.0,1405.0,67,67301,40.0871,-75.0408,0,0,0,0,0,0,2,3,2004,1,14.0,1.0,0,1.0,3,3,3,  ,0,0.0,0,0,0,0,0,0,0,0,0,0,0,0,0,0,0,0,1
3306,2004080518,2145.0,2129.0,67,67301,,,0,0,0,0,0,0,5,3,2004,3,23.0,3.0,0,1.0,3,0,99,  ,3,3.0,0,0,0,0,0,0,0,0,0,0,0,0,0,0,0,0,0
3307,2004080556,655.0,650.0,67,67301,39.9518,-75.1654,0,0,0,0,0,0,4,2,2004,7,6.0,3.0,0,1.0,3,0,3,  ,0,0.0,0,0,1,0,0,0,0,0,0,0,0,0,0,0,0,0,0
3308,2004080735,1035.0,1010.0,67,67301,39.9515,-75.1567,0,0,0,0,0,0,4,3,2004,4,10.0,1.0,0,1.0,3,1,3,  ,2,3.0,0,0,1,0,0,0,0,0,0,0,0,0,0,0,0,0,0
3309,2004080747,1547.0,1540.0,67,67301,39.9946,-75.1923,0,0,0,0,0,0,8,2,2004,1,15.0,1.0,7,1.0,3,0,3,  ,0,0.0,0,0,0,0,0,0,0,0,0,0,0,0,0,0,0,0,1
3310,2004080841,915.0,912.0,67,67301,,,0,0,0,0,0,0,6,1,2004,3,8.0,1.0,0,2.0,3,1,3,  ,2,3.0,0,0,0,0,0,0,0,0,0,0,0,0,0,0,0,0,0
3311,2004080898,1435.0,1430.0,67,67301,40.0733,-75.0536,0,0,0,0,0,0,4,3,2004,7,15.0,1.0,0,1.0,3,0,3,  ,0,0.0,0,0,1,0,0,1,0,0,0,0,0,0,0,0,0,0,0
3312,2004081121,1625.0,1620.0,67,67301,,,0,0,0,0,0,0,4,2,2004,7,14.0,1.0,0,1.0,3,1,3,  ,0,0.0,0,0,1,0,0,0,0,0,0,0,0,0,0,0,0,1,0
3313,2004081264,1517.0,1517.0,67,67301,40.1208,-74.9966,0,0,0,0,0,0,4,4,2004,6,15.0,1.0,0,1.0,3,2,3,  ,2,3.0,0,0,1,0,0,0,0,0,0,0,0,0,0,0,0,0,1
3314,2004081448,937.0,933.0,67,67301,,,0,0,0,0,0,0,4,3,2004,2,9.0,1.0,0,1.0,3,1,3,  ,3,3.0,0,0,1,0,0,0,0,0,0,0,0,0,0,0,0,1,0
3315,2004081481,1343.0,1340.0,67,67301,39.9909,-75.1149,0,0,0,0,0,0,4,4,2004,5,13.0,1.0,0,9.0,3,2,7,  ,2,3.0,0,0,1,0,0,0,0,0,0,0,0,0,0,0,0,0,0
3316,2004081514,2040.0,1040.0,67,67301,39.9509,-75.152,0,0,0,0,0,0,4,4,2004,4,20.0,3.0,0,9.0,3,1,7,  ,2,3.0,0,0,1,0,0,0,0,0,0,0,0,0,0,0,0,0,0
3317,2004081518,110.0,9999.0,67,67301,,,0,0,0,0,0,0,5,4,2004,7,0.0,3.0,0,1.0,3,1,3,  ,3,9.0,0,0,0,0,0,0,0,0,0,0,0,0,0,0,0,0,0
3318,2004081553,1316.0,1316.0,67,67301,39.9855,-75.2024,0,0,0,0,0,0,4,3,2004,2,13.0,1.0,7,1.0,3,0,3,  ,0,0.0,1,0,1,0,0,0,0,0,0,0,0,0,0,0,0,0,0
3319,2004081569,1701.0,1700.0,67,67301,40.1095,-75.0244,0,0,0,0,0,0,4,3,2004,1,17.0,1.0,7,1.0,3,0,3,  ,0,0.0,0,0,1,0,0,0,0,0,0,0,0,0,0,0,0,1,0
3320,2004081589,1559.0,1541.0,67,67301,,,0,0,0,0,0,0,4,4,2004,1,15.0,1.0,0,9.0,3,2,7,  ,0,0.0,0,0,1,0,0,0,0,0,0,0,0,0,0,0,0,0,0
3321,2004081684,1815.0,1815.0,67,67301,39.9744,-75.1759,0,0,0,0,0,0,4,2,2004,7,18.0,3.0,0,1.0,3,2,3,  ,0,0.0,0,0,1,0,0,0,0,0,0,0,0,0,0,0,0,0,0
3322,2004081704,1947.0,1945.0,67,67301,39.9866,-75.0944,0,0,0,0,0,0,5,4,2004,6,19.0,4.0,0,1.0,3,1,3,  ,2,3.0,0,0,0,0,0,0,0,0,0,0,0,0,0,0,0,0,0
3323,2004082207,1213.0,1211.0,67,67301,39.9519,-75.1598,0,0,0,0,0,0,4,1,2004,2,12.0,1.0,0,9.0,3,0,7,  ,2,3.0,1,0,1,0,0,0,0,0,0,0,0,0,0,0,0,0,0
3324,2004082228,1445.0,1441.0,67,67301,39.9599,-75.2249,0,0,0,0,0,0,4,3,2004,1,14.0,1.0,0,1.0,3,1,3,  ,2,3.0,0,0,1,0,0,0,0,0,0,0,0,0,0,0,0,0,0
3325,2004082263,231.0,229.0,67,67301,40.0026,-75.1244,0,0,0,0,0,0,8,3,2004,2,2.0,3.0,0,1.0,3,1,3,  ,2,2.0,0,0,0,0,0,0,0,0,0,0,0,0,0,0,0,0,0
3326,2004082270,1851.0,1841.0,36,36224,,,1,0,0,0,0,0,2,7,2004,5,18.0,1.0,0,1.0,1,0,3,  ,0,0.0,0,0,0,0,0,0,0,0,0,0,0,0,0,0,0,0,1
3327,2004082398,2130.0,2121.0,67,67301,40.0214,-75.1486,0,0,0,0,0,0,4,3,2004,6,21.0,3.0,0,1.0,3,1,3,  ,2,2.0,0,0,1,0,0,0,0,0,0,0,0,0,0,0,0,0,0
3328,2004082435,1055.0,1054.0,67,67301,39.9533,-75.1838,0,0,0,0,1,0,4,3,2004,3,10.0,1.0,0,1.0,3,1,3,  ,2,3.0,0,0,1,0,0,0,0,0,0,0,0,0,0,0,0,0,0
3329,2004082475,750.0,746.0,67,67301,40.0649,-75.195,0,0,0,0,1,0,4,3,2004,4,19.0,3.0,0,1.0,3,2,3,  ,3,3.0,1,0,1,0,0,0,0,0,0,0,0,0,0,0,0,0,0
3330,2004082559,1305.0,1302.0,7,7407,,,0,0,0,0,0,0,8,9,2004,1,13.0,1.0,0,1.0,2,1,3,  ,3,3.0,0,0,0,0,0,0,0,0,0,0,0,0,0,0,0,0,0
3331,2004082632,1927.0,1922.0,22,22301,40.2579,-76.8563,0,0,0,0,0,0,2,9,2004,4,9.0,1.0,0,1.0,3,2,3,  ,0,0.0,0,0,0,0,0,0,0,0,0,0,0,0,0,0,0,0,0
3332,2004082757,935.0,935.0,67,67301,39.9519,-75.1598,0,0,0,0,0,0,2,1,2004,5,9.0,1.0,0,1.0,3,0,3,  ,2,3.0,0,0,0,0,0,0,0,0,0,0,0,0,0,0,0,0,0
3333,2004082886,1411.0,1401.0,67,67301,,,0,0,0,0,0,0,5,6,2004,5,13.0,1.0,0,1.0,3,0,3,  ,0,0.0,0,0,0,0,0,0,0,0,0,0,0,0,0,0,0,1,0
3334,2004082938,635.0,9999.0,23,23108,39.915,-75.3403,1,0,0,0,0,0,4,8,2004,4,6.0,1.0,7,1.0,3,0,3,  ,0,0.0,1,0,1,0,0,0,0,0,0,0,0,0,0,1,0,0,0
3335,2004082984,1210.0,1208.0,28,28401,,,0,0,0,0,0,0,4,10,2004,7,12.0,1.0,0,1.0,1,1,3,  ,0,0.0,0,0,1,0,0,0,0,0,0,0,0,0,0,0,0,0,0
3336,2004082990,1708.0,1705.0,39,39102,40.6242,-75.4729,0,0,0,0,0,0,4,9,2004,7,17.0,1.0,0,1.0,3,1,98,  ,3,3.0,0,0,1,0,0,0,0,0,0,0,0,0,0,0,0,0,0
3337,2004083039,1015.0,1009.0,2,2118,40.5368,-79.9714,0,0,0,0,0,0,4,10,2004,7,10.0,1.0,0,1.0,3,2,3,  ,0,0.0,0,0,1,0,0,0,0,0,0,0,0,0,0,0,0,0,0
3338,2004083067,1705.0,1659.0,40,40206,41.3389,-75.9393,0,0,0,0,0,0,4,10,2004,2,16.0,1.0,0,1.0,1,2,3,  ,0,0.0,1,0,1,0,0,0,0,0,0,0,0,0,0,0,0,0,0
3339,2004083101,1929.0,1924.0,67,67301,,,0,0,0,0,0,0,2,6,2004,3,0.0,6.0,0,1.0,3,2,3,  ,0,0.0,0,0,0,0,0,0,0,0,0,0,0,0,0,0,0,1,0