,CRN,ARRIVAL_TM,DISPATCH_TM,COUNTY,MUNICIPALITY,DEC_LAT,DEC_LONG,BICYCLE_DEATH_COUNT,BICYCLE_SUSP_SERIOUS_INJ_COUNT,BUS_COUNT,HEAVY_TRUCK_COUNT,SMALL_TRUCK_COUNT,SUV_COUNT,COLLISION_TYPE,CRASH_MONTH,CRASH_YEAR,DAY_OF_WEEK,HOUR_OF_DAY,ILLUMINATION,LOCATION_TYPE,ROAD_CONDITION,URBAN_RURAL,INTERSECT_TYPE,WEATHER1,WEATHER2,TCD_TYPE,TCD_FUNC_CD,AGGRESSIVE_DRIVING,ALCOHOL_RELATED,ANGLE_CRASH,CELL_PHONE,COMM_VEHICLE,DISTRACTED,DRINKING_DRIVER,DRUGGED_DRIVER,FATIGUE_ASLEEP,IMPAIRED_DRIVER,NHTSA_AGG_DRIVING,RUNNING_RED_LT,RUNNING_STOP_SIGN,SPEEDING_RELATED,TAILGATING,MATURE_DRIVER,YOUNG_DRIVER
3340,2004083097,1500.0,1445.0,67,67301,,,0,0,0,0,0,0,8,6,2004,6,14.0,1.0,0,1.0,3,1,3,  ,3,9.0,0,0,0,0,0,1,0,0,0,0,0,0,0,0,0,0,0
3341,2004083110,55.0,54.0,67,67301,,,0,0,0,0,0,0,8,6,2004,6,0.0,2.0,0,1.0,3,1,3,  ,2,3.0,0,0,0,0,0,0,0,0,0,0,0,0,0,0,0,0,0
3342,2004083116,1555.0,1552.0,67,67301,40.0138,-75.1694,0,1,0,0,0,0,4,5,2004,4,15.0,1.0,7,1.0,3,0,3,  ,0,0.0,0,0,1,0,0,0,0,0,0,0,0,0,0,0,0,0,0
3343,2004083117,1650.0,1645.0,67,67301,39.9515,-75.1567,0,0,0,0,0,0,8,5,2004,4,16.0,1.0,0,1.0,3,1,3,  ,2,3.0,1,0,0,0,0,0,0,0,0,0,0,0,0,0,0,0,0
3344,2004083178,1840.0,1806.0,67,67301,,,0,0,0,0,0,0,1,5,2004,3,18.0,6.0,0,1.0,3,1,3,  ,3,3.0,0,0,0,0,0,0,0,0,0,0,0,0,0,0,0,0,0
3345,2004083372,1150.0,1150.0,67,67301,39.9973,-75.1055,0,0,0,0,0,0,1,6,2004,6,16.0,1.0,0,1.0,3,0,99,  ,0,0.0,0,0,0,0,0,0,0,0,0,0,0,0,0,0,0,0,0
3346,2004083379,1020.0,1015.0,67,67301,39.9251,-75.1754,0,0,0,0,1,0,4,6,2004,4,10.0,1.0,0,1.0,3,1,3,  ,2,3.0,1,0,1,0,0,1,0,0,0,0,1,1,0,1,0,0,0
3347,2004083390,1026.0,1025.0,67,67301,39.9505,-75.1488,0,0,0,0,0,0,4,5,2004,3,10.0,1.0,0,1.0,3,0,3,  ,0,0.0,1,0,1,0,0,0,0,0,0,0,1,0,0,0,0,0,0
3348,2004083578,1611.0,1609.0,67,67301,40.033,-75.0933,0,0,0,0,0,0,6,6,2004,5,16.0,1.0,0,1.0,3,0,3,  ,0,0.0,0,0,0,0,0,0,0,0,0,0,0,0,0,0,0,0,0
3349,2004083599,3.0,2.0,67,67301,,,0,0,0,0,0,0,4,5,2004,3,0.0,3.0,0,1.0,3,1,3,  ,2,3.0,0,0,1,0,0,0,0,0,0,0,0,0,0,0,0,0,0
3350,2004083615,1816.0,1812.0,67,67301,,,0,0,0,0,0,0,4,5,2004,1,18.0,1.0,0,1.0,3,1,3,  ,3,3.0,0,0,1,0,0,0,0,0,0,0,0,0,0,0,0,0,0
3351,2004083999,1507.0,1503.0,22,22301,,,0,0,0,0,0,0,4,10,2004,6,14.0,1.0,0,1.0,3,1,3,  ,2,3.0,0,0,1,0,0,0,0,0,0,0,0,0,0,0,0,0,0
3352,2004084009,1547.0,1537.0,22,22301,40.263,-76.8685,0,0,0,0,0,0,4,10,2004,5,15.0,1.0,0,1.0,3,2,3,  ,3,3.0,0,0,1,0,0,0,0,0,0,0,0,0,0,0,0,0,0
3353,2004084116,1500.0,1454.0,67,67301,40.0316,-75.179,0,0,0,0,0,0,5,6,2004,6,14.0,1.0,0,1.0,3,0,3,  ,0,0.0,0,0,0,0,0,0,0,0,0,0,0,0,0,0,0,0,1
3354,2004084177,30.0,27.0,67,67301,39.9246,-75.1712,0,0,0,0,0,0,4,6,2004,3,0.0,3.0,0,1.0,3,10,3,  ,2,3.0,0,0,1,0,0,0,0,0,0,0,0,0,0,0,0,0,0
3355,2004084271,1601.0,1559.0,46,46204,40.179,-75.1295,0,0,0,0,0,0,4,7,2004,7,15.0,1.0,0,1.0,3,2,3,  ,3,3.0,0,0,1,0,0,0,0,0,0,0,0,0,0,0,0,0,0
3356,2004084306,1433.0,1428.0,67,67301,,,1,0,0,1,0,0,4,7,2004,3,14.0,1.0,0,1.0,3,0,3,  ,3,9.0,0,0,1,0,1,0,0,0,0,0,0,0,0,0,0,0,0
3357,2004084627,644.0,635.0,59,59202,40.9486,-76.9549,1,0,0,0,0,0,4,8,2004,5,6.0,5.0,0,1.0,1,1,3,  ,3,3.0,0,0,1,0,0,0,0,0,0,0,0,0,0,0,0,0,0
3358,2004084645,1705.0,1705.0,67,67301,,,0,0,0,0,0,0,4,4,2004,4,17.0,1.0,0,1.0,3,1,3,  ,2,3.0,1,0,1,0,0,0,0,0,0,0,0,1,0,0,0,0,0
3359,2004084670,1342.0,1338.0,67,67301,,,0,0,0,0,0,0,1,8,2004,5,13.0,1.0,0,1.0,3,2,3,  ,3,2.0,0,0,0,0,0,0,0,0,0,0,0,0,0,0,0,0,0
3360,2004084751,525.0,512.0,67,67301,40.0606,-75.0823,0,0,0,0,0,0,4,8,2004,3,5.0,1.0,0,1.0,3,1,3,  ,2,9.0,0,0,1,0,0,0,0,0,0,0,0,0,0,0,0,0,1
3361,2004084764,1820.0,1817.0,46,46416,40.2537,-75.6596,0,0,0,0,0,0,4,9,2004,7,18.0,1.0,0,1.0,2,1,3,  ,2,3.0,0,0,1,0,0,0,0,0,0,0,0,0,0,0,0,0,1
3362,2004084814,2137.0,2111.0,5,5215,39.7455,-78.7552,0,1,0,0,0,0,4,8,2004,1,21.0,3.0,7,1.0,1,2,3,  ,0,0.0,0,0,1,0,0,0,0,1,0,1,0,0,0,0,0,0,1
3363,2004084836,2113.0,2105.0,36,36301,40.0324,-76.3075,0,0,0,0,0,0,4,7,2004,5,21.0,2.0,0,1.0,3,0,3,  ,0,0.0,0,0,1,0,0,0,0,0,0,0,0,0,0,0,0,0,0
3364,2004084868,2111.0,2111.0,9,9415,,,0,0,0,0,0,0,1,10,2004,3,21.0,3.0,0,1.0,2,0,3,  ,0,0.0,1,0,0,0,0,0,0,0,0,0,0,0,0,0,0,0,0
3365,2004084952,1223.0,1215.0,44,44403,40.6062,-77.5699,0,0,0,0,1,0,2,10,2004,4,12.0,1.0,0,1.0,2,2,3,  ,0,0.0,1,0,0,0,0,0,0,0,0,0,0,0,0,0,0,0,0
3366,2004084998,1749.0,1746.0,67,67301,39.9484,-75.1445,0,0,0,0,0,0,3,8,2004,1,17.0,1.0,0,1.0,3,0,3,  ,2,3.0,0,0,0,0,0,0,0,0,0,0,0,0,0,0,0,0,1
3367,2004085049,810.0,807.0,21,21206,40.2326,-77.1417,0,0,0,0,0,0,4,10,2004,5,8.0,1.0,0,1.0,1,0,3,  ,0,0.0,1,0,1,0,0,0,0,0,0,0,0,0,0,0,0,0,0
3368,2004085209,1920.0,1912.0,67,67301,39.9479,-75.1979,0,0,0,0,0,0,4,3,2004,5,19.0,3.0,7,1.0,3,0,3,  ,0,0.0,0,0,1,0,0,0,0,0,0,0,0,0,0,0,0,0,0
3369,2004085210,1819.0,1819.0,67,67301,,,0,0,0,0,0,0,1,3,2004,3,18.0,3.0,0,1.0,3,0,3,  ,0,0.0,0,0,0,0,0,0,0,0,0,0,0,0,0,0,0,0,0
3370,2004085285,1550.0,1545.0,67,67301,,,0,0,0,0,0,0,2,3,2004,4,15.0,1.0,0,1.0,3,2,3,  ,0,0.0,0,0,0,0,0,0,0,0,0,0,0,0,0,0,0,0,0
3371,2004085535,2313.0,2313.0,67,67301,,,0,0,0,0,0,0,5,2,2004,5,22.0,3.0,0,1.0,3,1,3,  ,2,3.0,1,0,0,0,0,0,0,0,0,0,0,0,0,0,0,0,0
3372,2004085577,1843.0,1840.0,67,67301,39.9622,-75.2435,0,0,0,0,0,0,4,3,2004,6,18.0,3.0,0,1.0,3,1,3,  ,0,0.0,0,0,1,0,0,0,0,0,0,0,0,0,0,0,0,0,0
3373,2004085578,1104.0,1100.0,67,67301,,,0,0,0,0,0,0,5,2,2004,7,10.0,1.0,0,1.0,3,0,3,  ,0,0.0,0,0,0,0,0,0,0,0,0,0,0,0,0,0,0,0,0
3374,2004085630,1520.0,1520.0,67,67301,40.0331,-75.1459,0,0,0,0,0,0,5,3,2004,6,18.0,1.0,0,1.0,3,0,3,  ,0,0.0,0,0,0,0,0,0,0,0,0,0,0,0,0,0,0,0,0
3375,2004085665,1332.0,335.0,67,67301,40.0421,-75.1441,0,0,0,0,0,0,8,2,2004,7,13.0,1.0,0,1.0,3,0,3,  ,0,0.0,0,0,0,0,0,0,0,0,0,0,0,0,0,0,0,0,0
3376,2004085742,1500.0,1500.0,67,67301,39.9997,-75.1382,0,0,0,0,0,0,1,2,2004,5,15.0,1.0,0,1.0,3,0,3,  ,0,0.0,0,0,0,0,0,0,0,0,0,0,0,0,0,0,0,0,0
3377,2004085830,1546.0,1544.0,67,67301,40.0239,-75.1314,0,0,0,0,0,0,4,3,2004,7,15.0,1.0,0,1.0,3,1,3,  ,2,3.0,0,0,1,0,0,0,0,0,0,0,0,0,0,0,0,0,0
3378,2004086060,1745.0,1737.0,67,67301,39.9223,-75.1534,0,0,0,0,0,0,2,3,2004,2,17.0,1.0,0,1.0,3,1,3,  ,2,3.0,0,0,0,0,0,0,0,0,0,0,0,0,0,0,0,0,0
3379,2004086215,1716.0,1709.0,67,67301,39.9562,-75.1491,0,0,1,0,0,0,5,7,2004,6,17.0,1.0,2,1.0,3,6,3,  ,2,3.0,0,0,0,0,1,0,0,0,0,0,0,0,0,0,0,0,0
3380,2004086324,1941.0,1926.0,67,67301,40.0313,-75.2205,0,0,1,0,0,0,5,8,2004,3,19.0,1.0,0,1.0,3,0,3,  ,0,0.0,0,0,0,0,1,0,0,0,0,0,0,0,0,0,0,0,0
3381,2004086406,23.0,23.0,67,67301,39.9765,-75.1197,0,0,0,0,0,0,6,1,2004,4,0.0,3.0,0,1.0,3,1,3,  ,2,3.0,0,0,0,0,0,0,0,0,0,0,0,0,0,0,0,1,0
3382,2004086409,1925.0,1920.0,67,67301,39.9689,-75.1344,0,0,0,0,0,0,4,2,2004,6,19.0,3.0,0,1.0,3,1,3,  ,2,3.0,1,0,1,0,0,0,0,0,0,0,0,0,0,0,0,0,0
3383,2004086465,1235.0,1230.0,67,67301,39.9379,-75.1668,0,0,0,0,1,0,4,2,2004,1,99.0,1.0,0,1.0,3,5,3,  ,2,3.0,0,0,1,0,0,0,0,0,0,0,0,0,0,0,0,0,0
3384,2004086490,1827.0,1825.0,67,67301,40.0154,-75.138,0,0,0,0,1,0,4,2,2004,4,14.0,1.0,0,1.0,3,1,3,  ,3,9.0,0,0,1,0,0,0,0,0,0,0,0,0,0,0,0,0,0
3385,2004086536,955.0,950.0,67,67301,,,0,0,0,0,0,0,4,1,2004,6,9.0,1.0,0,1.0,3,1,3,  ,2,3.0,0,0,1,0,0,0,0,0,0,0,0,0,0,0,0,0,0
3386,2004086557,1900.0,1858.0,67,67301,39.9896,-75.1572,0,0,0,0,0,0,4,1,2004,2,18.0,3.0,0,9.0,3,1,7,  ,2,3.0,1,0,1,0,0,0,0,0,0,0,0,0,0,0,0,0,0
3387,2004086728,1239.0,1238.0,67,67301,39.9541,-75.2023,0,0,0,0,0,0,5,1,2004,3,12.0,1.0,0,9.0,3,0,3,  ,0,0.0,0,0,0,0,0,0,0,0,0,0,0,0,0,0,0,0,0
3388,2004086729,2010.0,2007.0,67,67301,,,0,0,0,0,0,0,5,3,2004,4,20.0,3.0,0,1.0,3,0,3,  ,0,0.0,0,0,0,0,0,0,0,0,0,0,0,0,0,0,0,0,0
3389,2004086734,1600.0,1559.0,26,26415,,,0,1,0,0,0,0,6,4,2004,4,15.0,1.0,0,1.0,1,1,3,  ,0,0.0,0,0,0,0,0,0,0,0,0,0,0,0,0,0,0,0,0
3390,2004086905,1605.0,1601.0,67,67301,39.9926,-75.1567,0,0,0,0,0,0,4,1,2004,2,15.0,1.0,7,9.0,3,0,7,  ,0,0.0,0,0,1,0,0,0,0,0,0,0,0,0,0,0,0,0,0
3391,2004086909,1820.0,1812.0,67,67301,,,0,0,0,0,0,0,4,1,2004,6,18.0,1.0,0,1.0,3,1,3,  ,0,0.0,0,0,1,0,0,0,0,0,0,0,0,0,0,0,0,0,0
3392,2004086955,1300.0,1258.0,67,67301,39.9627,-75.2046,0,0,0,0,0,0,4,1,2004,4,12.0,1.0,0,1.0,3,1,3,  ,0,0.0,0,0,1,0,0,0,0,0,0,0,0,0,0,0,0,0,0
3393,2004086992,1828.0,1826.0,67,67301,,,0,0,0,0,0,0,1,3,2004,7,18.0,4.0,0,1.0,3,0,3,  ,0,0.0,0,0,0,1,0,1,0,0,0,0,0,0,0,0,0,0,1
3394,2004087029,1856.0,1848.0,67,67301,,,0,0,0,0,0,0,2,2,2004,2,18.0,3.0,0,1.0,3,1,3,  ,3,9.0,1,0,0,0,0,0,0,0,0,0,0,0,0,0,0,0,0
3395,2004087127,1803.0,1800.0,67,67301,39.9275,-75.1841,0,0,0,0,0,0,6,2,2004,6,17.0,3.0,0,1.0,3,2,3,  ,3,3.0,1,0,0,0,0,0,0,0,0,0,0,0,1,0,0,0,0
3396,2004087149,1644.0,1643.0,67,67301,39.9382,-75.1824,0,0,0,0,0,0,4,3,2004,6,16.0,1.0,0,1.0,3,2,3,  ,0,0.0,0,0,1,0,0,0,0,0,0,0,0,0,0,0,0,0,0
3397,2004087182,1925.0,1923.0,67,67301,39.9958,-75.1472,0,0,0,0,0,0,1,1,2004,4,14.0,1.0,0,1.0,3,0,3,  ,0,0.0,0,0,0,0,0,0,0,0,0,0,0,0,0,0,0,0,0
3398,2004087263,1708.0,1655.0,67,67301,,,0,0,1,0,0,0,5,8,2004,3,16.0,1.0,0,1.0,3,0,3,  ,2,3.0,0,0,0,0,1,0,0,0,0,0,0,0,0,0,0,0,0
3399,2004087273,1424.0,1440.0,21,21407,40.2256,-76.8628,0,0,0,0,0,0,6,4,2004,2,14.0,1.0,0,9.0,3,1,7,  ,3,3.0,0,0,0,0,0,0,0,0,0,0,0,0,0,0,0,0,0
3400,2004087412,1520.0,1515.0,67,67301,,,0,0,0,0,0,0,4,3,2004,2,15.0,1.0,0,1.0,3,1,3,  ,3,3.0,0,0,1,0,0,0,0,0,0,0,0,0,0,0,0,0,0
3401,2004087512,610.0,607.0,67,67301,40.016,-75.073,0,0,0,0,0,0,4,3,2004,2,6.0,1.0,0,1.0,3,0,3,  ,0,0.0,0,0,1,0,0,0,0,0,0,0,0,0,0,0,0,0,0
3402,2004087583,1128.0,1124.0,67,67301,,,0,0,0,0,1,0,4,2,2004,4,11.0,1.0,0,2.0,3,1,3,  ,2,3.0,0,0,1,0,0,0,0,0,0,0,0,0,0,0,0,0,0
3403,2004087590,0.0,1305.0,67,67301,39.9853,-75.2588,0,0,0,0,0,0,1,1,2004,2,10.0,1.0,0,2.0,3,0,3,  ,0,0.0,0,0,0,0,0,0,0,0,0,0,0,0,0,0,0,1,0
3404,2004087592,1838.0,1835.0,67,67301,,,0,0,0,0,0,0,4,1,2004,1,18.0,3.0,0,9.0,3,1,7,  ,0,0.0,0,0,1,0,0,0,0,0,1,0,0,0,0,0,0,0,0
3405,2004087631,1005.0,958.0,15,15101,,,0,0,0,0,0,0,6,11,2004,7,9.0,1.0,0,1.0,3,0,3,  ,0,0.0,1,0,0,0,0,0,0,0,0,0,0,0,0,0,0,0,0
3406,2004087649,1855.0,1852.0,67,67301,,,0,0,0,0,0,0,4,5,2004,3,18.0,1.0,0,1.0,3,0,3,  ,0,0.0,0,0,1,0,0,0,0,0,0,0,0,0,0,0,0,0,1
3407,2004087682,1111.0,1108.0,67,67301,39.9555,-75.2136,0,0,0,0,0,0,4,4,2004,2,10.0,1.0,0,1.0,3,1,3,  ,2,3.0,1,0,1,0,0,0,0,0,0,0,0,0,0,0,0,0,0
3408,2004087757,1105.0,1050.0,16,16402,41.214,-79.384,0,0,0,0,0,0,4,11,2004,4,10.0,1.0,0,1.0,2,1,3,  ,2,3.0,0,0,1,0,0,0,0,0,0,0,0,0,0,0,0,0,0
3409,2004087767,1649.0,1640.0,38,38213,40.2384,-76.5382,0,0,0,0,0,0,5,11,2004,1,16.0,1.0,0,1.0,1,0,3,  ,0,0.0,0,0,0,0,0,0,0,0,0,0,0,0,0,0,0,0,0
3410,2004087780,1358.0,1351.0,2,2440,40.2572,-79.9198,0,0,0,0,1,0,4,11,2004,7,13.0,1.0,0,1.0,3,2,3,  ,3,3.0,0,0,1,0,0,0,0,0,0,0,0,0,0,0,0,0,0
3411,2004087809,40.0,34.0,22,22101,,,0,0,0,0,0,0,1,11,2004,6,0.0,3.0,0,9.0,3,0,3,  ,0,0.0,0,0,0,0,0,0,0,0,0,0,0,0,0,0,0,0,0
3412,2004087890,1805.0,1802.0,67,67301,39.9538,-75.2002,0,0,0,0,0,0,5,4,2004,3,17.0,1.0,0,1.0,3,2,3,  ,2,3.0,0,0,0,0,0,0,0,0,0,0,0,0,0,0,0,0,0
3413,2004087965,1214.0,2305.0,67,67301,40.0035,-75.1269,0,0,0,0,0,0,2,4,2004,2,20.0,3.0,0,1.0,3,0,3,  ,0,0.0,1,0,0,0,0,0,0,0,0,0,0,0,0,0,0,0,0
3414,2004088077,1525.0,1523.0,67,67301,39.9727,-75.2073,0,0,0,0,0,0,1,4,2004,1,15.0,1.0,0,1.0,3,0,3,  ,0,0.0,0,0,0,0,0,0,0,0,0,0,0,0,0,0,0,0,0
3415,2004088181,2040.0,2020.0,67,67301,39.9828,-75.229,0,0,0,0,0,0,4,5,2004,6,20.0,4.0,0,1.0,3,0,3,  ,0,0.0,0,0,1,0,0,0,0,0,0,0,0,0,0,0,0,0,0
3416,2004088200,1737.0,1735.0,67,67301,,,0,0,0,0,0,0,4,4,2004,1,17.0,1.0,0,9.0,3,0,3,  ,0,0.0,0,0,1,0,0,0,0,0,0,0,0,0,0,0,0,0,0
3417,2004088223,9999.0,1845.0,67,67301,39.9607,-75.1752,0,0,0,0,0,0,5,5,2004,5,18.0,1.0,0,1.0,3,0,3,  ,0,0.0,0,0,0,0,0,0,0,0,0,0,0,0,0,0,0,0,0
3418,2004088252,2158.0,2150.0,67,67301,39.9843,-75.1276,0,0,0,0,0,0,2,5,2004,7,21.0,3.0,0,1.0,3,1,3,  ,3,1.0,0,0,0,0,0,0,0,0,0,0,0,0,0,0,0,0,0
3419,2004088260,2255.0,2249.0,67,67301,40.0277,-75.11,0,0,0,0,0,0,4,5,2004,4,22.0,3.0,0,1.0,3,1,3,  ,9,9.0,0,0,1,0,0,0,0,0,0,0,0,0,0,0,0,0,0
3420,2004088279,2100.0,2019.0,67,67301,39.9865,-75.1561,0,0,0,0,0,0,4,4,2004,2,20.0,1.0,0,1.0,3,0,3,  ,0,0.0,1,1,1,0,0,0,0,0,0,0,0,0,0,0,0,0,0
3421,2004088308,2001.0,1958.0,67,67301,,,0,0,0,0,0,0,8,5,2004,3,19.0,1.0,0,1.0,3,0,3,  ,0,0.0,0,0,0,0,0,0,0,0,0,0,0,0,0,0,0,0,1
3422,2004088362,1855.0,1816.0,67,67301,,,0,0,0,0,0,0,2,4,2004,1,18.0,1.0,0,1.0,3,1,3,  ,0,0.0,0,0,0,0,0,0,0,0,0,0,0,0,0,0,0,0,0
3423,2004088364,1315.0,1312.0,39,39301,40.586,-75.4598,0,0,0,0,0,0,4,4,2004,7,13.0,1.0,0,1.0,3,1,3,  ,2,3.0,0,0,1,0,0,0,0,0,0,0,0,0,0,0,0,0,0
3424,2004088386,1200.0,1153.0,67,67301,40.0154,-75.2083,0,0,0,0,0,0,2,4,2004,7,11.0,1.0,0,9.0,3,3,3,  ,2,3.0,0,0,0,0,0,0,0,0,0,0,0,0,0,0,0,0,0
3425,2004088408,538.0,536.0,2,2302,,,0,0,0,0,0,0,4,11,2004,6,5.0,3.0,0,1.0,3,2,3,  ,0,0.0,0,0,1,0,0,0,0,0,0,0,0,0,0,0,0,0,0
3426,2004088511,1730.0,1728.0,67,67301,39.9879,-75.1034,0,0,0,0,0,1,4,5,2004,5,17.0,1.0,0,1.0,3,0,3,  ,0,0.0,0,0,1,0,0,0,0,0,0,0,0,0,0,0,0,0,0
3427,2004088519,1853.0,1850.0,67,67301,40.1251,-75.0179,0,0,0,0,0,0,5,5,2004,1,18.0,4.0,0,1.0,3,0,3,  ,0,0.0,0,0,0,0,0,0,0,0,0,0,0,0,0,0,0,0,0
3428,2004088575,1759.0,1757.0,67,67301,,,0,0,0,0,0,0,2,5,2004,5,17.0,1.0,0,1.0,3,0,3,  ,0,0.0,0,0,0,0,0,0,0,0,0,0,0,0,0,0,0,0,0
3429,2004088632,842.0,840.0,67,67301,,,0,0,0,0,0,0,1,5,2004,7,8.0,1.0,0,1.0,3,0,3,  ,0,0.0,0,0,0,0,0,0,0,0,0,0,0,0,0,0,0,0,0
3430,2004088640,1952.0,1946.0,67,67301,40.0489,-75.1613,0,0,0,0,0,0,2,5,2004,6,19.0,1.0,0,1.0,3,2,3,  ,0,0.0,0,0,0,0,0,0,0,0,0,0,0,0,0,0,0,0,0
3431,2004088687,914.0,906.0,67,67301,39.9644,-75.1343,0,0,0,0,0,0,4,5,2004,3,7.0,1.0,0,1.0,3,1,3,  ,2,3.0,1,0,1,0,0,0,0,0,0,0,0,0,0,0,0,1,0
3432,2004088827,1139.0,1136.0,67,67301,39.9498,-75.2058,0,0,0,0,0,0,4,5,2004,3,11.0,1.0,0,1.0,3,1,3,  ,2,3.0,0,0,1,0,0,0,0,0,0,0,0,0,0,0,0,0,0
3433,2004088881,910.0,908.0,67,67301,,,0,0,0,0,0,0,1,4,2004,4,9.0,1.0,0,1.0,3,0,3,  ,0,0.0,1,0,0,0,0,0,0,0,0,0,0,0,0,0,0,0,0
3434,2004088911,1710.0,1702.0,67,67301,,,0,0,0,0,0,0,4,5,2004,5,17.0,1.0,0,1.0,3,1,3,  ,3,3.0,1,0,1,0,0,0,0,0,0,0,0,0,0,0,0,0,0
3435,2004088974,1815.0,1806.0,67,67301,,,0,0,0,0,1,0,8,5,2004,1,18.0,1.0,0,1.0,3,2,3,  ,3,3.0,0,0,0,0,0,0,0,0,0,0,0,0,0,0,0,0,0
3436,2004089102,2024.0,2015.0,67,67301,39.9872,-75.1844,0,0,0,0,0,0,4,5,2004,7,20.0,4.0,0,1.0,3,0,3,  ,0,0.0,0,1,1,0,0,0,1,1,0,1,0,0,0,0,0,0,0
3437,2004089107,2007.0,2007.0,67,67301,40.0135,-75.0981,0,0,0,0,1,0,8,5,2004,7,20.0,1.0,0,1.0,3,0,3,  ,0,0.0,1,1,0,0,0,0,1,0,0,1,0,0,0,1,0,0,0
3438,2004089121,1120.0,1118.0,67,67301,,,0,0,0,0,0,0,1,5,2004,6,11.0,1.0,0,1.0,3,0,10,  ,2,3.0,0,0,0,0,0,1,0,0,0,0,0,0,0,0,0,0,0
3439,2004089126,2300.0,2052.0,67,67301,40.0024,-75.1716,0,0,0,0,0,0,2,5,2004,7,20.0,3.0,0,1.0,3,1,3,  ,0,0.0,0,0,0,0,0,0,0,0,0,0,0,0,0,0,0,0,0
3440,2004089187,1956.0,1954.0,21,21407,40.2276,-76.8639,0,0,0,0,0,0,2,7,2004,7,19.0,1.0,0,1.0,3,0,3,  ,0,0.0,0,0,0,0,0,0,0,0,0,0,0,0,0,0,0,0,0
3441,2004089201,830.0,805.0,67,67301,39.9468,-75.1636,0,0,0,0,1,0,2,5,2004,5,8.0,1.0,0,1.0,3,2,3,  ,3,3.0,0,0,0,0,0,0,0,0,0,0,0,0,0,0,0,0,0
3442,2004089204,1415.0,1405.0,67,67301,,,0,0,0,0,0,0,8,6,2004,7,14.0,1.0,0,1.0,3,1,3,  ,3,3.0,1,0,0,0,0,0,0,0,0,0,0,0,0,0,0,0,0
3443,2004089225,2020.0,2017.0,67,67301,40.0262,-75.091,0,0,0,0,0,0,4,3,2004,3,20.0,4.0,0,1.0,3,0,3,  ,0,0.0,0,0,1,0,0,0,0,0,0,0,0,0,0,0,0,0,0
3444,2004089275,1359.0,1350.0,67,67301,39.9918,-75.1186,0,0,0,0,0,0,4,5,2004,1,13.0,1.0,0,1.0,3,2,3,  ,3,9.0,1,0,1,0,0,0,0,0,0,0,0,0,0,0,0,0,0
3445,2004089279,1527.0,1523.0,67,67301,39.9927,-75.1078,0,1,0,0,0,0,6,5,2004,1,,1.0,0,1.0,3,2,3,  ,0,0.0,0,0,0,0,0,0,0,0,0,0,0,0,0,0,0,0,0
3446,2004089289,1302.0,1301.0,67,67301,39.9693,-75.1846,0,0,0,0,0,0,8,5,2004,1,13.0,1.0,0,1.0,3,1,3,  ,2,3.0,0,0,0,0,0,0,0,0,0,0,0,0,0,0,0,0,0
3447,2004089298,1155.0,1150.0,67,67301,40.0578,-75.1662,0,0,0,0,0,0,5,5,2004,7,11.0,1.0,0,1.0,3,0,3,  ,0,0.0,0,0,0,0,0,0,0,0,0,0,0,0,0,0,0,0,0
3448,2004089306,9999.0,9999.0,67,67301,39.9717,-75.1611,0,0,0,0,0,0,2,6,2004,6,19.0,1.0,0,1.0,3,1,3,  ,2,3.0,0,0,0,0,0,1,0,0,0,0,0,0,0,0,0,0,0
3449,2004089313,2146.0,2146.0,67,67301,,,0,0,0,0,0,0,2,5,2004,5,21.0,4.0,0,1.0,3,0,3,  ,0,0.0,1,1,0,0,0,0,0,0,0,0,0,0,0,0,0,0,0
3450,2004089342,2055.0,2051.0,67,67301,40.0487,-75.0546,0,0,0,0,0,0,4,5,2004,1,20.0,3.0,0,1.0,3,1,3,  ,3,9.0,0,0,1,0,0,0,0,0,0,0,0,0,0,0,0,0,0
3451,2004089350,2000.0,2000.0,67,67301,40.0092,-75.1511,0,0,0,0,0,0,6,6,2004,5,20.0,4.0,0,1.0,3,1,3,  ,0,0.0,0,0,0,0,0,0,0,0,0,0,0,0,0,0,0,0,0
3452,2004089351,1905.0,1905.0,67,67301,40.027,-75.1685,0,0,0,0,0,0,8,5,2004,6,19.0,1.0,0,1.0,3,2,3,  ,0,0.0,0,0,0,0,0,0,0,0,0,0,0,0,0,0,0,0,0
3453,2004089357,1740.0,1721.0,67,67301,,,0,0,0,0,0,0,4,6,2004,4,17.0,1.0,0,1.0,3,1,3,  ,3,3.0,0,0,1,0,0,0,0,0,0,0,0,0,0,0,0,0,0
3454,2004089381,1820.0,1815.0,67,67301,40.0509,-75.0689,0,0,0,0,0,0,2,5,2004,3,18.0,1.0,0,1.0,3,1,3,  ,3,2.0,0,0,0,0,0,0,0,0,0,0,0,0,0,0,0,0,0
3455,2004089450,1917.0,1911.0,67,67301,,,0,0,0,0,1,0,4,5,2004,1,19.0,4.0,0,1.0,3,1,3,  ,3,3.0,0,0,1,0,0,0,0,0,0,0,0,0,0,0,0,0,0
3456,2004089451,653.0,645.0,67,67301,39.9929,-75.1461,0,0,0,0,0,0,4,5,2004,3,6.0,1.0,0,1.0,3,1,3,  ,2,3.0,0,0,1,0,0,0,0,0,0,0,0,0,0,0,0,0,0
3457,2004089455,2059.0,2054.0,67,67301,40.0117,-75.0965,0,0,0,0,0,0,1,5,2004,2,20.0,4.0,0,1.0,3,2,3,  ,0,0.0,0,0,0,0,0,0,0,0,0,0,0,0,0,0,0,0,0
3458,2004089456,1616.0,1608.0,67,67301,,,0,0,0,0,0,0,4,5,2004,5,16.0,1.0,0,1.0,3,1,3,  ,1,3.0,0,0,1,0,0,0,0,0,0,0,0,0,0,0,0,1,0