,CRN,ARRIVAL_TM,DISPATCH_TM,COUNTY,MUNICIPALITY,DEC_LAT,DEC_LONG,BICYCLE_DEATH_COUNT,BICYCLE_SUSP_SERIOUS_INJ_COUNT,BUS_COUNT,HEAVY_TRUCK_COUNT,SMALL_TRUCK_COUNT,SUV_COUNT,COLLISION_TYPE,CRASH_MONTH,CRASH_YEAR,DAY_OF_WEEK,HOUR_OF_DAY,ILLUMINATION,LOCATION_TYPE,ROAD_CONDITION,URBAN_RURAL,INTERSECT_TYPE,WEATHER1,WEATHER2,TCD_TYPE,TCD_FUNC_CD,AGGRESSIVE_DRIVING,ALCOHOL_RELATED,ANGLE_CRASH,CELL_PHONE,COMM_VEHICLE,DISTRACTED,DRINKING_DRIVER,DRUGGED_DRIVER,FATIGUE_ASLEEP,IMPAIRED_DRIVER,NHTSA_AGG_DRIVING,RUNNING_RED_LT,RUNNING_STOP_SIGN,SPEEDING_RELATED,TAILGATING,MATURE_DRIVER,YOUNG_DRIVER
3459,2004089468,2010.0,2000.0,67,67301,40.0446,-75.0547,0,0,0,0,0,0,4,5,2004,3,20.0,4.0,0,1.0,3,1,3,  ,2,3.0,0,0,1,0,0,0,0,0,0,0,0,0,0,0,0,0,0
3460,2004089496,1737.0,1734.0,67,67301,40.0392,-75.0888,0,0,0,0,0,0,4,6,2004,6,17.0,1.0,7,1.0,3,0,3,  ,0,0.0,0,0,1,0,0,0,0,0,0,0,0,0,0,0,0,0,0
3461,2004089503,942.0,940.0,67,67301,39.9233,-75.1612,0,0,0,0,0,0,4,5,2004,2,9.0,1.0,0,1.0,3,1,3,  ,2,3.0,0,0,1,0,0,0,0,0,0,0,0,0,0,0,0,1,0
3462,2004089506,1926.0,1924.0,67,67301,39.9233,-75.1612,0,0,0,0,0,0,4,5,2004,3,,1.0,0,1.0,3,1,3,  ,2,3.0,0,0,1,0,0,0,0,0,0,0,0,0,0,0,0,0,0
3463,2004089515,2015.0,2015.0,67,67301,39.9815,-75.1174,0,0,0,0,0,0,2,5,2004,3,20.0,3.0,1,1.0,3,0,3,  ,0,0.0,0,0,0,0,0,0,0,0,0,0,0,0,0,0,0,0,0
3464,2004089520,1930.0,1929.0,67,67301,40.0214,-75.0794,0,0,0,0,0,0,4,6,2004,6,19.0,4.0,0,1.0,3,1,3,  ,0,0.0,0,0,1,0,0,0,0,0,0,0,0,0,0,0,0,0,0
3465,2004089528,1250.0,1242.0,67,67301,40.019,-75.0934,0,0,0,0,0,0,4,6,2004,6,17.0,1.0,0,1.0,3,1,7,  ,3,3.0,0,0,1,0,0,0,0,0,1,0,0,0,0,0,0,1,0
3466,2004089540,1730.0,1725.0,67,67301,40.0347,-75.141,0,0,0,0,0,0,4,5,2004,6,17.0,1.0,0,1.0,3,1,3,  ,3,3.0,0,0,1,0,0,0,0,0,0,0,0,0,0,0,0,0,0
3467,2004089557,1833.0,1830.0,67,67301,,,0,0,0,0,0,0,4,5,2004,5,18.0,1.0,0,1.0,3,1,3,  ,3,9.0,0,0,1,0,0,0,0,0,0,0,0,0,0,0,0,0,0
3468,2004089560,1706.0,1700.0,67,67301,,,0,0,1,0,0,0,5,5,2004,4,17.0,1.0,0,1.0,3,0,3,  ,0,0.0,0,0,0,0,1,0,0,0,0,0,0,0,0,0,0,0,0
3469,2004089561,1155.0,1155.0,67,67301,39.9546,-75.1648,0,0,0,0,0,0,8,5,2004,4,11.0,1.0,0,1.0,3,1,3,  ,2,3.0,0,0,0,0,0,0,0,0,0,0,0,0,0,0,0,0,0
3470,2004089583,1620.0,1615.0,67,67301,39.9646,-75.1779,0,0,0,0,0,0,4,5,2004,4,16.0,1.0,0,1.0,3,0,3,  ,0,0.0,0,0,1,0,0,0,0,0,0,0,0,0,0,0,0,0,0
3471,2004089593,2055.0,2051.0,67,67301,,,0,0,0,0,0,0,1,6,2004,2,20.0,3.0,0,1.0,3,2,3,  ,3,3.0,0,0,0,0,0,0,0,0,0,0,0,0,0,0,0,0,0
3472,2004089606,2135.0,2130.0,67,67301,40.0191,-75.1179,0,0,0,0,0,0,2,5,2004,2,21.0,3.0,0,1.0,3,2,3,  ,0,0.0,0,0,0,0,0,0,0,0,0,0,0,0,0,0,0,0,0
3473,2004089622,957.0,945.0,67,67301,39.9773,-75.1349,0,0,0,0,0,0,4,5,2004,3,,1.0,0,1.0,3,2,3,  ,0,0.0,1,0,1,0,0,0,0,0,0,0,0,0,0,1,0,0,0
3474,2004089625,1540.0,1538.0,67,67301,39.9903,-75.127,0,0,0,0,0,0,4,6,2004,5,15.0,1.0,0,1.0,3,1,3,  ,2,3.0,0,0,1,0,0,0,0,0,0,0,0,0,0,0,0,0,1
3475,2004089638,735.0,735.0,67,67301,,,0,0,0,0,0,0,4,6,2004,4,7.0,1.0,0,1.0,3,1,3,  ,3,3.0,0,0,1,0,0,0,0,0,0,0,0,0,0,0,0,0,0
3476,2004089652,1648.0,1648.0,67,67301,40.0445,-75.1019,0,0,0,0,0,0,8,6,2004,4,16.0,1.0,0,1.0,3,0,3,  ,0,0.0,0,0,0,0,0,0,0,0,0,0,0,0,0,0,0,0,0
3477,2004089668,1645.0,1639.0,67,67301,40.0627,-75.1858,0,1,0,0,0,0,4,5,2004,3,16.0,1.0,0,1.0,3,2,3,  ,3,3.0,0,0,1,0,0,0,0,0,0,0,0,0,0,0,0,0,0
3478,2004089707,1840.0,1837.0,67,67301,40.0097,-75.151,0,0,0,0,0,0,4,6,2004,5,18.0,1.0,0,1.0,3,2,3,  ,3,3.0,0,0,1,0,0,0,0,0,0,0,0,0,0,0,0,0,0
3479,2004089742,40.0,37.0,67,67301,40.0607,-75.028,0,0,0,0,0,0,8,5,2004,1,0.0,8.0,0,1.0,3,2,3,  ,2,3.0,0,0,0,0,0,0,0,0,0,0,0,0,0,0,0,0,0
3480,2004089747,1245.0,1241.0,67,67301,39.9504,-75.2196,0,0,0,0,0,0,2,5,2004,7,12.0,1.0,0,1.0,3,0,3,  ,0,0.0,0,0,0,0,0,0,0,0,0,0,0,0,0,0,0,0,0
3481,2004089765,1753.0,1751.0,67,67301,40.0361,-75.1277,0,0,0,0,0,0,4,6,2004,3,17.0,1.0,0,1.0,3,1,3,  ,2,3.0,0,0,1,0,0,0,0,0,0,0,0,0,0,0,0,0,0
3482,2004089792,1314.0,1316.0,67,67301,39.9695,-75.1257,0,0,0,0,0,0,1,6,2004,1,13.0,1.0,0,1.0,3,0,3,  ,3,3.0,0,0,0,0,0,0,0,0,0,0,0,0,0,0,0,0,0
3483,2004089820,1605.0,1600.0,67,67301,,,0,0,0,0,1,0,4,6,2004,7,14.0,1.0,0,1.0,3,2,3,  ,2,9.0,0,0,1,0,0,0,0,0,0,0,0,0,0,0,0,0,0
3484,2004089852,1853.0,1848.0,67,67301,,,0,1,0,0,0,0,5,5,2004,1,18.0,1.0,0,1.0,3,0,3,  ,0,0.0,0,0,0,0,0,0,0,0,0,0,0,0,0,0,0,0,0
3485,2004089866,1350.0,1350.0,67,67301,39.9523,-75.1754,0,0,0,0,0,0,1,6,2004,5,13.0,1.0,0,1.0,3,0,3,  ,2,3.0,0,0,0,0,0,0,0,0,0,0,0,0,0,0,0,0,0
3486,2004089872,838.0,835.0,67,67301,39.9506,-75.1617,0,0,0,0,0,0,6,5,2004,4,8.0,1.0,0,1.0,3,1,3,  ,2,3.0,0,0,0,0,0,1,0,0,0,0,0,0,0,0,0,0,0
3487,2004089882,1633.0,1603.0,67,67301,,,0,0,0,0,0,0,1,6,2004,4,16.0,1.0,0,1.0,3,0,3,  ,0,0.0,0,0,0,0,0,0,0,0,0,0,0,0,0,0,0,0,0
3488,2004089887,1816.0,1812.0,67,67301,,,0,0,0,0,0,0,5,6,2004,1,18.0,1.0,0,1.0,3,0,3,  ,0,0.0,0,0,0,0,0,0,0,0,0,0,0,0,0,0,0,0,0
3489,2004090019,2226.0,2225.0,15,15403,40.0059,-75.6984,0,0,0,0,0,0,2,7,2004,7,22.0,3.0,0,1.0,3,1,3,  ,3,3.0,0,0,0,0,0,0,0,0,0,0,0,0,0,0,0,0,0
3490,2004090036,1600.0,1556.0,67,67301,,,0,0,0,0,0,0,1,6,2004,4,15.0,1.0,0,1.0,3,2,3,  ,0,0.0,0,0,0,0,0,0,0,0,0,0,0,0,0,0,0,0,0
3491,2004090072,1910.0,1906.0,67,67301,40.0283,-75.1201,0,0,0,0,0,0,5,5,2004,1,18.0,1.0,0,1.0,3,1,3,  ,2,3.0,0,0,0,0,0,0,0,0,0,0,0,0,0,0,0,0,0
3492,2004090079,1411.0,1407.0,67,67301,39.9854,-75.1614,0,0,0,0,0,0,1,5,2004,2,20.0,3.0,0,1.0,3,1,3,  ,2,9.0,1,0,0,0,0,0,0,0,0,0,0,0,0,0,0,0,0
3493,2004090080,2010.0,2008.0,67,67301,,,0,0,0,0,0,0,4,6,2004,1,20.0,1.0,0,1.0,3,0,3,  ,0,0.0,0,0,1,0,0,0,0,0,0,0,0,0,0,0,0,0,1
3494,2004090087,2123.0,2118.0,67,67301,39.9237,-75.1844,0,0,0,0,0,0,4,6,2004,5,21.0,3.0,0,1.0,3,2,3,  ,3,3.0,1,0,1,0,0,0,0,0,0,0,1,0,1,0,0,0,0
3495,2004090113,909.0,900.0,67,67301,40.0299,-75.2113,0,0,0,0,0,0,1,6,2004,5,9.0,1.0,0,1.0,3,1,3,  ,0,0.0,0,0,0,0,0,0,0,0,0,0,0,0,0,0,0,0,0
3496,2004090117,1735.0,1724.0,67,67301,39.9627,-75.1777,0,0,0,0,0,0,8,5,2004,1,17.0,1.0,0,1.0,3,5,3,  ,0,0.0,0,0,0,0,0,0,0,0,0,0,0,0,0,0,0,0,0
3497,2004090121,2355.0,2235.0,67,67301,39.9922,-75.0994,0,0,0,0,0,0,5,6,2004,3,23.0,3.0,0,1.0,3,1,3,  ,2,3.0,0,0,0,0,0,0,0,0,0,0,0,0,0,0,0,0,0
3498,2004090124,1620.0,1613.0,67,67301,,,0,0,0,0,0,0,5,6,2004,2,16.0,1.0,0,1.0,3,0,3,  ,0,0.0,0,0,0,0,0,1,0,0,0,0,0,0,0,0,0,0,0
3499,2004090130,2034.0,2028.0,67,67301,,,0,0,0,0,0,0,5,5,2004,3,20.0,4.0,0,1.0,3,0,3,  ,0,0.0,1,0,0,0,0,0,0,0,0,0,0,0,0,0,0,0,0
3500,2004090172,9999.0,9999.0,67,67301,40.0497,-75.1587,0,0,0,0,0,0,4,5,2004,2,99.0,2.0,0,1.0,3,2,7,  ,3,9.0,0,0,1,0,0,0,0,0,0,0,0,0,0,0,0,0,1
3501,2004090201,1530.0,1526.0,67,67301,,,0,0,0,0,0,0,8,7,2004,1,15.0,1.0,0,1.0,3,0,3,  ,0,0.0,0,0,0,0,0,0,0,0,0,0,0,0,0,0,0,0,0
3502,2004090204,1705.0,1658.0,67,67301,39.9498,-75.1676,0,0,0,0,0,0,5,6,2004,7,12.0,1.0,0,1.0,3,0,3,  ,0,0.0,0,0,0,0,0,0,0,0,0,0,0,0,0,0,0,0,0
3503,2004090223,1326.0,1323.0,67,67301,,,0,0,0,0,0,0,2,6,2004,6,13.0,1.0,0,1.0,3,2,3,  ,2,3.0,0,0,0,0,0,0,0,0,0,0,0,0,0,0,0,0,0
3504,2004090230,9999.0,9999.0,67,67301,,,0,0,0,0,0,0,4,5,2004,5,99.0,1.0,0,1.0,3,0,3,  ,0,0.0,0,0,1,0,0,0,0,0,0,0,0,0,0,0,0,0,0
3505,2004090285,1854.0,1848.0,67,67301,40.0032,-75.067,0,0,0,0,0,0,4,6,2004,7,18.0,1.0,0,1.0,3,2,3,  ,0,0.0,0,0,1,0,0,0,0,0,0,0,0,0,0,0,0,0,0
3506,2004090457,1311.0,1310.0,36,36227,40.14,-76.3866,0,0,0,0,0,0,4,11,2004,5,13.0,1.0,0,1.0,1,0,3,  ,0,0.0,1,0,1,0,0,0,0,0,0,0,0,0,0,0,0,1,0
3507,2004090497,2210.0,2208.0,67,67301,39.9505,-75.1914,0,0,0,0,0,0,5,6,2004,6,22.0,2.0,0,1.0,3,0,3,  ,0,0.0,0,0,0,0,0,0,0,0,0,0,0,0,0,0,0,0,0
3508,2004090502,1325.0,1321.0,67,67301,,,0,0,0,0,0,0,5,6,2004,5,13.0,1.0,0,1.0,3,0,3,  ,0,0.0,0,0,0,0,0,0,0,0,0,0,0,0,0,0,0,0,0
3509,2004090517,1528.0,1524.0,67,67301,39.9278,-75.237,0,0,0,0,0,0,1,6,2004,7,15.0,1.0,0,1.0,3,1,3,  ,2,3.0,0,0,0,0,0,1,0,0,0,0,0,0,0,0,0,1,0
3510,2004090544,1726.0,1725.0,67,67301,39.9523,-75.1752,0,0,0,0,0,0,1,5,2004,3,17.0,1.0,0,1.0,3,0,3,  ,0,0.0,0,0,0,0,0,0,0,0,0,0,0,0,0,0,0,0,0
3511,2004090553,1528.0,1523.0,67,67301,,,0,0,0,0,1,0,6,6,2004,5,15.0,1.0,0,1.0,3,10,3,  ,3,9.0,0,0,0,0,0,0,0,0,0,0,0,0,0,0,0,0,0
3512,2004090558,1322.0,1320.0,67,67301,39.9344,-75.1796,0,0,0,0,0,0,1,6,2004,5,13.0,1.0,0,1.0,3,2,3,  ,3,3.0,0,0,0,0,0,0,0,0,0,0,0,0,0,0,0,0,0
3513,2004090567,2132.0,2132.0,67,67301,39.9368,-75.1551,0,0,0,0,1,0,4,5,2004,7,1.0,3.0,0,1.0,3,1,3,  ,3,9.0,0,0,1,0,0,0,0,0,0,0,0,0,0,0,0,0,0
3514,2004090578,1640.0,1636.0,67,67301,39.9667,-75.2408,0,0,0,0,0,0,4,5,2004,2,16.0,1.0,0,1.0,3,2,3,  ,0,0.0,0,0,1,0,0,0,0,0,0,0,0,0,0,0,0,1,0
3515,2004090600,1018.0,1000.0,67,67301,,,0,1,0,0,0,0,5,7,2004,6,9.0,1.0,0,1.0,3,0,3,  ,0,0.0,0,0,0,0,0,0,0,0,0,0,0,0,0,0,0,0,0
3516,2004090606,1818.0,1812.0,67,67301,,,0,0,0,0,0,0,2,5,2004,7,18.0,1.0,7,1.0,3,0,3,  ,3,3.0,0,0,0,0,0,0,0,0,0,0,0,0,0,0,0,0,0
3517,2004090615,2047.0,2040.0,67,67301,,,0,0,0,0,0,0,4,5,2004,2,20.0,1.0,0,1.0,3,0,3,  ,0,0.0,0,0,1,0,0,0,0,0,0,0,0,0,0,0,0,0,0
3518,2004090616,2030.0,2030.0,67,67301,,,0,0,0,0,0,0,4,5,2004,7,20.0,4.0,0,1.0,3,1,3,  ,3,9.0,0,0,1,0,0,0,0,0,0,0,0,0,0,0,0,0,0
3519,2004090625,2243.0,2239.0,67,67301,39.9379,-75.1667,0,0,0,0,0,0,4,6,2004,2,22.0,3.0,0,1.0,3,1,3,  ,2,9.0,0,1,1,0,0,0,0,0,0,0,0,0,0,0,0,1,0
3520,2004090635,1230.0,1221.0,67,67301,39.9305,-75.1684,0,0,0,0,0,0,4,5,2004,5,11.0,1.0,0,1.0,3,1,3,  ,2,3.0,0,0,1,0,0,0,0,0,0,0,0,0,0,0,0,0,0
3521,2004090638,1645.0,1640.0,67,67301,,,0,0,0,0,0,0,4,5,2004,5,16.0,1.0,0,1.0,3,0,3,  ,0,0.0,0,0,1,0,0,0,0,0,0,0,0,0,0,0,0,0,0
3522,2004090676,1530.0,1520.0,67,67301,39.9248,-75.2398,0,0,0,0,1,0,4,6,2004,4,10.0,1.0,0,1.0,3,0,3,  ,3,3.0,0,0,1,0,0,0,0,0,0,0,0,0,0,0,0,0,0
3523,2004090678,1920.0,1917.0,67,67301,39.9839,-75.1058,0,0,0,0,0,0,4,5,2004,2,19.0,1.0,0,1.0,3,1,3,  ,3,3.0,0,0,1,0,0,0,0,0,0,0,0,0,0,0,0,0,1
3524,2004090734,1530.0,1530.0,67,67301,39.9634,-75.1612,0,0,0,0,0,0,4,4,2004,5,8.0,1.0,0,1.0,3,1,3,  ,0,0.0,0,0,1,0,0,0,0,0,0,0,0,0,0,0,0,0,0
3525,2004090748,2250.0,2245.0,67,67301,40.0368,-75.0405,0,0,0,0,0,0,2,6,2004,7,22.0,3.0,0,1.0,3,5,3,  ,2,3.0,1,0,0,0,0,0,0,0,0,0,0,0,0,0,0,1,0
3526,2004090763,1344.0,1341.0,67,67301,,,0,0,0,0,0,0,1,5,2004,7,13.0,1.0,0,1.0,3,0,3,  ,0,0.0,0,0,0,0,0,0,0,0,0,0,0,0,0,0,0,0,0
3527,2004090766,1807.0,1805.0,67,67301,39.9969,-75.1169,0,0,0,0,0,0,4,5,2004,2,17.0,1.0,0,1.0,3,2,3,  ,1,3.0,0,0,1,0,0,0,0,0,0,0,0,0,0,0,0,0,0
3528,2004090767,1927.0,1924.0,67,67301,,,0,0,0,0,0,0,6,5,2004,6,19.0,1.0,0,1.0,3,1,3,  ,2,3.0,0,0,0,0,0,0,0,0,0,0,0,0,0,0,0,0,0
3529,2004091078,1721.0,1719.0,22,22301,40.2693,-76.8717,0,0,0,0,0,0,4,11,2004,4,17.0,3.0,0,9.0,3,1,7,  ,2,3.0,0,0,1,0,0,0,0,0,0,0,0,0,0,0,0,0,0
3530,2004091116,1712.0,1709.0,67,67301,39.9332,-75.1701,0,0,0,0,0,0,4,7,2004,4,17.0,1.0,0,9.0,3,1,7,  ,0,0.0,0,0,1,0,0,0,0,0,0,0,0,0,0,0,0,0,0
3531,2004091121,2022.0,2020.0,67,67301,39.9273,-75.1831,0,1,0,0,0,0,4,6,2004,7,20.0,4.0,0,1.0,3,1,3,  ,0,0.0,0,0,1,0,0,0,0,0,0,0,0,0,0,0,0,0,1
3532,2004091131,1305.0,1300.0,67,67301,39.9901,-75.1365,0,0,0,0,0,0,4,6,2004,5,8.0,1.0,0,1.0,3,0,3,  ,0,0.0,0,0,1,0,0,0,0,0,0,0,0,0,0,0,0,0,0
3533,2004091375,2152.0,2143.0,39,39102,,,0,0,0,0,0,0,5,10,2004,7,21.0,2.0,7,1.0,3,0,3,  ,0,0.0,0,0,0,0,0,0,0,0,0,0,0,0,0,0,0,0,0
3534,2004091514,1715.0,1713.0,20,20301,,,0,0,0,0,0,0,4,12,2004,2,17.0,3.0,0,9.0,2,1,7,  ,2,3.0,0,0,1,0,0,0,0,0,0,0,0,0,0,0,0,0,0
3535,2004091539,1537.0,1536.0,6,6410,40.519,-75.7762,0,0,0,0,0,0,4,12,2004,3,15.0,1.0,0,9.0,1,1,7,  ,2,3.0,0,0,1,0,0,0,0,0,0,0,0,0,0,0,0,0,1
3536,2004091589,1603.0,1602.0,41,41409,41.2317,-76.9935,0,0,0,0,0,0,4,12,2004,5,16.0,1.0,0,1.0,3,1,98,  ,2,3.0,0,0,1,0,0,0,0,0,0,0,0,0,0,0,0,0,0
3537,2004091622,648.0,640.0,21,21404,40.219,-77.0142,0,0,0,0,0,0,6,12,2004,6,6.0,3.0,0,9.0,3,1,7,  ,3,3.0,0,0,0,0,0,0,0,0,0,0,0,0,0,0,0,0,0
3538,2004091902,1519.0,1517.0,25,25302,,,0,1,0,0,0,0,2,1,2004,2,15.0,1.0,0,2.0,3,1,3,  ,2,3.0,0,0,0,0,0,0,0,0,0,0,0,0,0,0,0,0,0
3539,2004092201,1448.0,1448.0,9,9101,40.0904,-74.9057,0,0,0,0,0,0,4,1,2004,6,14.0,1.0,0,1.0,3,2,3,  ,0,0.0,1,1,1,0,0,0,0,0,0,0,0,0,0,0,0,1,0
3540,2004092509,9999.0,9999.0,23,23301,39.8399,-75.3888,0,0,0,0,0,0,4,4,2004,5,8.0,1.0,0,1.0,3,1,3,  ,2,9.0,0,0,1,0,0,0,0,0,0,0,0,0,0,0,0,1,0
3541,2004092849,1727.0,1922.0,9,9210,40.3125,-75.2504,0,0,0,0,0,0,1,1,2004,6,17.0,2.0,0,2.0,3,0,3,  ,0,0.0,1,0,0,0,0,0,0,0,0,0,0,0,0,0,1,1,0
3542,2004093274,2214.0,2212.0,38,38406,40.3098,-76.5978,0,0,0,0,0,1,4,4,2004,5,22.0,3.0,0,1.0,3,1,3,  ,3,3.0,0,0,1,0,0,1,0,0,0,0,0,0,0,0,0,1,0
3543,2004093454,1351.0,1221.0,8,8222,,,0,0,0,0,0,0,1,4,2004,5,13.0,1.0,0,1.0,1,0,3,  ,0,0.0,0,0,0,0,0,0,0,0,0,0,0,0,0,0,0,0,0
3544,2004093709,655.0,656.0,14,14410,40.7927,-77.8639,0,0,0,0,0,0,1,3,2004,3,6.0,1.0,0,1.0,3,1,3,  ,2,3.0,1,1,0,0,0,0,1,1,0,1,0,0,0,1,0,0,0
3545,2004093912,1908.0,1906.0,6,6237,,,0,0,0,0,0,0,4,6,2004,1,19.0,1.0,0,1.0,3,0,3,  ,0,0.0,0,0,1,0,0,0,0,0,0,0,0,0,0,0,0,0,0
3546,2004093989,1039.0,1030.0,58,58408,41.912,-77.1333,0,1,0,0,0,1,5,4,2004,5,10.0,1.0,0,1.0,1,0,3,  ,0,0.0,0,0,0,0,0,0,0,0,0,0,0,0,0,0,0,0,0
3547,2004094169,1318.0,1312.0,20,20301,41.6377,-80.1538,0,0,0,0,0,0,4,1,2004,5,12.0,1.0,0,1.0,2,1,3,  ,3,3.0,0,0,1,0,0,0,0,0,0,0,0,0,0,0,0,0,0
3548,2004094189,1627.0,1623.0,40,40304,41.2416,-75.896,0,0,0,0,0,0,4,4,2004,7,16.0,1.0,0,1.0,3,0,3,  ,0,0.0,0,0,1,0,0,0,0,0,0,0,0,0,0,0,0,0,0
3549,2004094193,344.0,339.0,40,40304,41.2378,-75.9134,0,0,0,0,0,0,2,4,2004,7,3.0,3.0,0,1.0,3,2,3,  ,2,3.0,0,0,0,0,0,0,0,0,0,0,0,0,0,0,0,0,0
3550,2004094234,1834.0,1832.0,62,62301,40.2014,-79.9333,0,0,0,0,0,0,4,6,2004,6,18.0,1.0,0,1.0,3,0,3,  ,0,0.0,0,0,1,0,0,0,0,0,0,0,0,0,0,0,0,0,0
3551,2004094660,1532.0,1527.0,25,25302,42.1344,-80.0651,0,0,0,0,0,1,4,6,2004,5,15.0,1.0,0,1.0,3,1,3,  ,2,3.0,0,0,1,0,0,0,0,0,0,0,0,0,0,0,0,0,0
3552,2004094767,2013.0,2012.0,17,17404,,,0,0,0,0,0,1,4,7,2004,4,20.0,1.0,0,1.0,2,2,3,  ,0,0.0,0,0,1,0,0,0,0,0,0,0,0,0,0,0,0,0,0
3553,2004094883,2230.0,2225.0,2,2301,40.4775,-80.0,0,0,0,0,0,0,8,7,2004,4,22.0,3.0,0,1.0,3,0,3,  ,0,0.0,0,0,0,0,0,0,0,0,0,0,0,0,0,0,0,0,0
3554,2004094959,1850.0,1850.0,46,46101,,,0,0,0,0,0,0,4,7,2004,7,18.0,1.0,7,1.0,3,0,3,  ,0,0.0,1,0,1,0,0,0,0,0,0,0,0,0,0,0,0,0,0
3555,2004095169,1530.0,1527.0,14,14202,40.9803,-77.8486,0,0,0,0,1,0,4,6,2004,4,15.0,1.0,0,1.0,1,0,3,  ,0,0.0,0,0,1,0,0,0,0,0,0,0,0,0,0,0,0,0,0
3556,2004095280,1058.0,1052.0,9,9101,40.1391,-74.8747,0,0,0,0,1,0,4,7,2004,5,10.0,1.0,0,1.0,3,1,3,  ,2,3.0,1,0,1,0,0,0,0,0,0,0,0,0,0,0,0,1,0
3557,2004095377,1510.0,1510.0,23,23210,39.9234,-75.3828,0,0,0,0,1,0,8,2,2004,7,15.0,1.0,0,1.0,3,2,3,  ,3,2.0,0,0,0,0,0,0,0,0,0,0,0,0,0,0,0,0,0
3558,2004095425,1640.0,1633.0,41,41406,41.2101,-76.7865,0,0,0,0,1,0,4,6,2004,7,16.0,1.0,0,1.0,1,1,3,  ,3,3.0,0,0,1,0,0,1,0,0,0,0,0,0,0,0,0,1,0
3559,2004095453,1928.0,1909.0,65,65212,41.5394,-76.1866,0,0,0,0,1,0,4,5,2004,6,19.0,1.0,0,1.0,1,0,3,  ,0,0.0,0,0,1,0,0,0,0,0,0,0,0,0,0,0,0,0,0
3560,2004095531,1712.0,1645.0,67,67301,40.0229,-75.1632,0,0,0,0,0,0,2,6,2004,1,16.0,1.0,0,1.0,3,1,3,  ,0,0.0,0,0,0,0,0,0,0,0,0,0,0,0,0,0,0,0,0
3561,2004095536,1654.0,1648.0,67,67301,39.9909,-75.1016,0,0,0,0,0,0,2,6,2004,4,16.0,1.0,0,1.0,3,1,3,  ,2,3.0,0,0,0,0,0,0,0,0,0,0,0,0,0,0,0,0,0
3562,2004095610,1438.0,1435.0,23,23106,40.0292,-75.3328,0,0,0,0,0,0,4,7,2004,6,14.0,1.0,0,1.0,3,2,3,  ,0,0.0,1,0,1,0,0,0,0,0,0,0,0,0,0,0,0,0,0
3563,2004095812,1743.0,1656.0,31,31418,40.195,-77.9829,0,0,0,0,0,0,4,6,2004,4,16.0,1.0,0,1.0,1,1,3,  ,2,3.0,0,0,1,0,0,0,0,0,0,0,0,0,0,0,0,0,0
3564,2004095901,1618.0,1612.0,48,48301,40.6268,-75.3744,0,0,0,0,1,0,4,7,2004,2,16.0,1.0,0,1.0,3,1,3,  ,0,0.0,0,0,1,0,0,0,0,0,0,0,0,0,0,0,0,0,0
3565,2004095906,1800.0,1759.0,61,61301,41.8413,-79.1328,0,0,0,0,0,0,4,2,2004,5,17.0,1.0,0,1.0,2,1,3,  ,3,3.0,0,0,1,0,0,0,0,0,0,0,0,0,0,0,0,0,0
3566,2004095979,1606.0,1600.0,36,36211,40.0655,-76.6121,0,1,0,0,0,1,4,6,2004,6,15.0,1.0,0,1.0,1,2,3,  ,3,3.0,1,0,1,0,0,0,0,0,0,0,0,0,0,0,0,0,1
3567,2004096027,1436.0,1433.0,15,15411,40.1235,-75.5126,0,0,0,0,1,0,4,6,2004,2,14.0,1.0,0,1.0,3,5,3,  ,2,3.0,1,0,1,0,0,0,0,0,0,0,0,0,0,0,0,0,0
3568,2004096073,1816.0,1815.0,15,15301,39.9803,-75.8303,0,0,0,0,0,0,6,3,2004,4,18.0,3.0,0,1.0,3,2,3,  ,0,0.0,0,0,0,0,0,0,0,0,0,0,0,0,0,0,0,0,0
3569,2004096091,2006.0,2006.0,38,38301,40.3387,-76.4236,0,0,0,0,0,0,4,2,2004,1,20.0,3.0,0,1.0,2,1,3,  ,3,3.0,0,0,1,0,0,1,0,0,0,0,0,0,0,0,0,0,0
3570,2004096399,1329.0,1320.0,11,11412,,,0,1,0,0,0,0,4,6,2004,7,13.0,1.0,0,1.0,1,2,3,  ,3,9.0,0,0,1,0,0,0,0,0,0,0,0,0,0,0,0,0,0
3571,2004096501,1625.0,1623.0,67,67301,39.9919,-75.1361,0,0,0,0,0,0,4,6,2004,2,16.0,1.0,0,1.0,3,0,3,  ,0,0.0,0,0,1,0,0,0,0,0,0,0,0,0,0,0,0,0,0
3572,2004096504,605.0,600.0,67,67301,40.0175,-75.1504,0,0,0,0,0,0,2,7,2004,5,5.0,1.0,0,1.0,3,1,3,  ,2,3.0,1,0,0,0,0,0,0,0,0,0,0,1,0,0,0,0,0
3573,2004096621,1811.0,1731.0,43,43208,,,0,1,0,0,0,0,4,4,2004,4,17.0,1.0,0,1.0,1,2,3,  ,3,3.0,0,0,1,0,0,0,0,0,0,0,0,0,0,0,0,0,0
3574,2004096739,1810.0,1759.0,67,67301,39.9547,-75.2267,0,0,0,0,0,0,1,6,2004,1,17.0,1.0,0,1.0,3,0,3,  ,0,0.0,1,1,0,0,0,0,0,0,0,0,0,0,0,0,1,0,0
3575,2004097096,1623.0,1614.0,25,25302,42.1283,-80.0447,0,0,0,1,0,0,4,7,2004,4,16.0,1.0,0,1.0,3,3,3,  ,4,3.0,0,0,1,0,1,0,0,0,0,0,0,0,0,0,0,0,0
3576,2004097108,1124.0,1118.0,46,46106,40.2594,-75.5851,0,0,0,0,0,0,4,7,2004,1,11.0,1.0,0,1.0,2,2,3,  ,3,3.0,0,0,1,0,0,0,0,0,0,0,0,0,0,0,0,1,0