,CRN,ARRIVAL_TM,DISPATCH_TM,COUNTY,MUNICIPALITY,DEC_LAT,DEC_LONG,BICYCLE_DEATH_COUNT,BICYCLE_SUSP_SERIOUS_INJ_COUNT,BUS_COUNT,HEAVY_TRUCK_COUNT,SMALL_TRUCK_COUNT,SUV_COUNT,COLLISION_TYPE,CRASH_MONTH,CRASH_YEAR,DAY_OF_WEEK,HOUR_OF_DAY,ILLUMINATION,LOCATION_TYPE,ROAD_CONDITION,URBAN_RURAL,INTERSECT_TYPE,WEATHER1,WEATHER2,TCD_TYPE,TCD_FUNC_CD,AGGRESSIVE_DRIVING,ALCOHOL_RELATED,ANGLE_CRASH,CELL_PHONE,COMM_VEHICLE,DISTRACTED,DRINKING_DRIVER,DRUGGED_DRIVER,FATIGUE_ASLEEP,IMPAIRED_DRIVER,NHTSA_AGG_DRIVING,RUNNING_RED_LT,RUNNING_STOP_SIGN,SPEEDING_RELATED,TAILGATING,MATURE_DRIVER,YOUNG_DRIVER
3577,2004097122,1715.0,1703.0,67,67301,,,0,0,0,0,0,0,2,7,2004,4,16.0,1.0,0,1.0,3,1,3,  ,2,3.0,0,0,0,0,0,0,0,0,0,0,0,0,0,0,0,0,1
3578,2004097124,1610.0,1600.0,67,67301,,,0,0,0,0,0,0,5,7,2004,6,15.0,1.0,0,1.0,3,0,3,  ,0,0.0,0,0,0,0,0,0,0,0,0,0,0,0,0,0,0,0,0
3579,2004097147,1548.0,1546.0,9,9202,40.1002,-74.9423,0,0,0,0,0,0,4,7,2004,5,15.0,1.0,0,1.0,3,0,3,  ,0,0.0,0,0,1,0,0,0,0,0,0,0,0,0,0,0,0,0,0
3580,2004097151,955.0,953.0,9,9202,40.1176,-74.9308,0,0,0,0,0,0,4,7,2004,3,9.0,1.0,0,1.0,3,0,3,  ,0,0.0,0,0,1,0,0,0,0,0,0,0,0,0,0,0,0,0,0
3581,2004097267,1756.0,1746.0,15,15226,,,0,0,0,0,0,0,4,6,2004,6,99.0,1.0,0,1.0,1,0,3,  ,0,0.0,0,0,1,0,0,0,0,0,0,0,0,0,0,0,0,0,0
3582,2004097284,602.0,550.0,44,44210,40.3942,-77.8805,1,0,0,0,0,0,1,7,2004,4,22.0,2.0,0,9.0,1,0,7,05,0,0.0,0,1,0,0,0,1,1,0,0,1,0,0,0,0,0,0,0
3583,2004097331,1559.0,1546.0,25,25214,42.2335,-79.7802,0,0,0,0,0,0,4,6,2004,1,15.0,1.0,0,1.0,1,0,3,  ,0,0.0,0,0,1,0,0,0,0,0,0,0,0,0,0,0,0,0,0
3584,2004097353,1600.0,1600.0,64,64412,,,0,0,0,0,0,1,6,7,2004,4,15.0,1.0,0,1.0,2,0,3,  ,0,0.0,0,0,0,0,0,0,0,0,0,0,0,0,0,0,0,0,0
3585,2004097543,1826.0,1809.0,25,25302,42.1219,-80.1058,0,0,0,0,0,0,4,5,2004,7,18.0,1.0,0,9.0,3,1,3,  ,3,3.0,0,0,1,0,0,0,0,0,0,0,0,0,0,0,0,0,0
3586,2004097858,1400.0,1359.0,15,15225,39.8326,-75.7577,0,0,0,0,0,0,4,4,2004,6,13.0,1.0,0,1.0,1,1,99,  ,2,3.0,0,0,1,0,0,1,0,0,0,0,0,0,0,0,0,0,1
3587,2004098319,1720.0,1718.0,55,55422,,,0,0,0,0,1,0,4,5,2004,2,17.0,1.0,0,1.0,3,1,3,  ,3,3.0,0,0,1,0,0,0,0,0,0,0,0,0,0,0,0,1,0
3588,2004098353,1621.0,1618.0,11,11222,,,0,0,0,0,0,0,4,6,2004,4,16.0,1.0,0,9.0,3,0,7,  ,3,3.0,0,0,1,0,0,0,0,0,0,0,0,0,0,0,0,0,0
3589,2004098660,1954.0,1942.0,25,25208,42.0918,-79.9513,0,0,0,0,1,0,6,4,2004,7,19.0,1.0,0,1.0,1,0,3,  ,0,0.0,0,0,0,0,0,0,0,0,0,0,0,0,0,0,0,0,0
3590,2004099430,1920.0,1916.0,38,38301,,,0,0,0,0,0,0,4,5,2004,5,19.0,1.0,0,1.0,2,0,3,  ,0,0.0,0,0,1,0,0,0,0,0,0,0,0,0,0,0,0,0,0
3591,2004099508,1430.0,1403.0,11,11423,,,0,0,0,0,1,0,4,3,2004,1,14.0,1.0,0,1.0,1,1,3,  ,0,0.0,0,0,1,0,0,0,0,0,0,0,0,0,0,0,0,1,0
3592,2004099649,1140.0,1140.0,36,36301,40.0356,-76.3052,0,0,0,0,0,0,4,4,2004,3,11.0,1.0,0,9.0,3,0,3,  ,0,0.0,0,0,1,0,0,0,0,0,0,0,0,0,0,0,0,0,0
3593,2004099690,1924.0,1922.0,53,53301,40.6878,-76.1933,0,0,0,0,0,0,4,4,2004,3,19.0,1.0,0,1.0,2,1,3,  ,3,2.0,0,0,1,0,0,0,0,0,0,0,0,0,0,0,0,0,0
3594,2004099755,2217.0,2212.0,7,7301,40.4971,-78.4162,0,0,0,0,0,0,4,6,2004,2,22.0,6.0,0,9.0,3,1,7,  ,3,3.0,1,0,1,0,0,0,0,0,0,0,0,0,0,0,0,0,0
3595,2004099880,2035.0,2033.0,25,25301,41.9253,-79.6466,0,0,0,0,0,0,4,6,2004,3,20.0,1.0,0,1.0,2,1,3,  ,3,3.0,0,0,1,0,0,0,0,0,0,0,0,0,0,0,0,1,0
3596,2004100012,1801.0,1800.0,46,46204,40.1883,-75.1326,0,0,0,0,0,0,4,5,2004,7,18.0,1.0,0,1.0,3,1,3,  ,3,3.0,0,0,1,0,0,0,0,0,0,0,0,0,0,0,0,0,0
3597,2004100040,110.0,105.0,9,9101,40.0962,-74.8766,0,0,0,0,0,0,1,4,2004,5,23.0,3.0,0,9.0,3,3,3,  ,0,0.0,0,0,0,0,0,0,0,0,0,0,0,0,0,0,0,0,0
3598,2004100122,1930.0,1926.0,41,41406,,,0,0,0,0,0,0,4,6,2004,2,19.0,1.0,0,1.0,1,0,3,  ,3,3.0,0,0,1,0,0,0,0,0,0,0,0,0,0,0,0,0,1
3599,2004100240,1912.0,1911.0,46,46408,,,0,0,0,0,0,0,4,3,2004,2,19.0,3.0,0,1.0,3,2,3,  ,3,3.0,0,1,1,0,0,0,0,0,0,0,0,0,0,0,0,0,0
3600,2004100247,730.0,715.0,36,36408,,,0,0,0,0,0,0,4,5,2004,5,7.0,1.0,0,1.0,2,2,3,  ,3,3.0,0,0,1,0,0,0,0,0,0,0,0,0,0,0,0,0,0
3601,2004100372,615.0,610.0,21,21103,40.2379,-76.9808,0,0,0,0,0,0,4,12,2004,7,6.0,2.0,0,1.0,3,1,3,  ,3,3.0,0,0,1,0,0,0,0,0,0,0,0,0,0,0,0,0,0
3602,2004100381,1451.0,1449.0,25,25302,,,0,0,0,0,0,0,4,5,2004,6,14.0,1.0,0,1.0,3,2,3,  ,3,3.0,0,0,1,0,0,0,0,0,0,0,0,0,0,0,0,1,0
3603,2004100384,1756.0,1754.0,25,25302,,,0,0,0,0,0,0,4,5,2004,4,17.0,1.0,0,1.0,3,0,3,  ,0,0.0,0,0,1,0,0,0,0,0,0,0,0,0,0,0,0,0,0
3604,2004100496,1751.0,1747.0,9,9205,40.303,-75.0947,0,0,0,0,0,0,4,5,2004,7,17.0,1.0,0,1.0,3,2,3,  ,3,3.0,0,0,1,0,0,0,0,0,0,0,0,0,0,0,0,0,0
3605,2004100720,1212.0,1205.0,36,36101,40.1022,-76.3054,0,0,0,0,0,0,4,6,2004,6,12.0,1.0,7,1.0,3,0,3,  ,0,0.0,0,0,1,0,0,0,0,0,0,0,0,0,0,0,0,0,0
3606,2004100815,927.0,923.0,23,23106,40.0035,-75.3688,0,1,0,0,0,0,4,4,2004,7,9.0,1.0,0,1.0,3,2,3,  ,0,0.0,0,0,1,0,0,0,0,0,0,0,0,0,0,0,0,1,0
3607,2004101003,854.0,854.0,36,36239,40.032,-76.4688,0,0,0,0,0,0,4,4,2004,7,8.0,1.0,0,1.0,3,2,3,  ,3,3.0,1,0,1,0,0,0,0,0,0,0,0,0,0,0,0,0,0
3608,2004101107,1601.0,1547.0,32,32208,,,0,0,0,0,0,0,4,4,2004,7,15.0,1.0,0,1.0,1,0,3,  ,0,0.0,0,0,1,0,0,0,0,0,0,0,0,0,0,0,0,1,0
3609,2004101197,2306.0,2300.0,14,14410,40.7968,-77.8557,0,0,0,0,0,1,2,5,2004,2,20.0,4.0,0,1.0,3,1,3,  ,2,3.0,1,0,0,0,0,0,0,0,0,0,0,0,0,0,0,0,0
3610,2004101217,1524.0,1521.0,18,18301,41.1368,-77.4424,0,0,0,0,0,0,4,4,2004,5,15.0,1.0,0,1.0,2,1,3,  ,2,3.0,0,0,1,0,0,0,0,0,0,0,0,0,0,0,0,0,0
3611,2004101358,1238.0,1238.0,36,36408,40.1874,-76.1845,0,0,0,0,0,0,1,6,2004,7,12.0,1.0,7,1.0,2,0,3,  ,2,3.0,0,0,0,0,0,1,0,0,0,0,0,0,0,0,0,0,0
3612,2004101452,1633.0,1631.0,2,2108,,,0,0,0,0,0,0,4,5,2004,2,16.0,1.0,0,1.0,3,1,3,  ,8,3.0,0,0,1,0,0,0,0,0,0,0,0,0,0,0,0,0,0
3613,2004101503,200.0,150.0,2,2301,40.4288,-79.9864,0,0,0,0,0,0,4,6,2004,6,23.0,3.0,0,1.0,3,1,3,  ,2,3.0,0,0,1,0,0,1,0,0,0,0,0,0,0,0,0,0,0
3614,2004101519,1235.0,1224.0,25,25302,42.1235,-80.0812,0,0,0,0,0,0,4,6,2004,4,12.0,1.0,0,1.0,3,1,3,  ,2,3.0,0,0,1,0,0,0,0,0,0,0,0,0,0,0,0,0,1
3615,2004101521,910.0,900.0,25,25302,,,0,0,0,0,0,0,4,7,2004,5,9.0,1.0,0,1.0,3,1,3,  ,3,2.0,0,0,1,0,0,0,0,0,0,0,0,0,0,0,0,1,0
3616,2004101522,1503.0,1455.0,2,2301,,,0,0,0,0,1,0,4,6,2004,4,14.0,1.0,0,1.0,3,2,3,  ,3,3.0,1,0,1,0,0,0,0,0,0,0,0,0,1,0,0,0,0
3617,2004101929,1630.0,1617.0,9,9101,40.1595,-74.8491,0,0,0,0,0,0,4,6,2004,4,15.0,1.0,0,1.0,3,2,3,  ,3,3.0,1,0,1,0,0,0,0,0,1,0,0,0,0,0,0,0,0
3618,2004102006,943.0,943.0,2,2113,40.4633,-79.8657,0,0,0,0,1,0,4,3,2004,7,,1.0,0,1.0,3,2,3,  ,0,0.0,1,0,1,0,0,0,0,0,0,0,0,0,0,0,0,0,0
3619,2004102138,1009.0,1009.0,23,23106,40.0125,-75.3747,0,0,0,0,0,1,4,3,2004,1,10.0,1.0,7,1.0,3,0,3,  ,0,0.0,0,0,1,0,0,0,0,0,0,0,0,0,0,0,0,0,0
3620,2004102318,742.0,739.0,2,2219,,,0,0,0,0,0,0,8,5,2004,7,7.0,1.0,0,1.0,3,1,3,  ,2,3.0,1,0,0,0,0,0,0,0,0,0,0,0,0,0,0,0,1
3621,2004102320,1256.0,1254.0,64,64301,40.5763,-79.7631,0,0,0,0,0,0,4,6,2004,2,12.0,1.0,0,1.0,3,1,3,  ,3,9.0,0,0,1,0,0,0,0,0,0,0,0,0,0,0,0,0,0
3622,2004102401,1810.0,1804.0,28,28215,,,0,1,0,0,0,1,4,7,2004,6,18.0,1.0,0,1.0,2,0,3,  ,0,0.0,0,0,1,0,0,0,0,0,0,0,0,0,0,0,0,0,0
3623,2004102424,1612.0,1610.0,15,15411,40.1313,-75.5187,0,0,0,0,0,0,4,6,2004,6,16.0,1.0,0,1.0,3,1,3,  ,0,0.0,0,0,1,0,0,0,0,0,0,0,0,0,0,0,0,1,0
3624,2004102432,1745.0,1745.0,42,42301,41.956,-78.6474,0,0,0,0,0,0,4,6,2004,4,17.0,1.0,0,1.0,2,2,3,  ,0,0.0,0,0,1,0,0,0,0,0,0,0,0,0,0,0,0,0,1
3625,2004102450,1810.0,1808.0,36,36404,,,0,0,0,0,0,0,2,5,2004,2,,1.0,0,1.0,3,2,3,  ,0,0.0,0,0,0,0,0,0,0,0,0,0,0,0,0,0,0,0,0
3626,2004102455,1451.0,1450.0,36,36404,,,0,0,0,0,1,0,6,6,2004,3,14.0,1.0,0,1.0,3,1,3,  ,0,0.0,0,0,0,0,0,0,0,0,0,0,0,0,0,0,0,0,0
3627,2004102465,1652.0,1652.0,15,15228,40.2408,-75.6564,0,0,0,0,0,0,9,4,2004,5,16.0,1.0,0,1.0,1,0,3,  ,0,0.0,0,0,0,0,0,0,0,0,0,0,0,0,0,0,0,0,0
3628,2004102476,1850.0,1849.0,38,38301,40.3442,-76.4294,0,0,0,0,1,0,4,4,2004,4,18.0,1.0,0,1.0,2,2,3,  ,3,3.0,0,0,1,0,0,1,0,0,0,0,0,0,0,0,0,0,0
3629,2004102624,652.0,649.0,7,7201,40.4578,-78.3948,0,0,0,0,0,0,2,6,2004,3,6.0,5.0,0,1.0,1,2,98,  ,2,3.0,0,0,0,0,0,0,0,0,0,0,0,0,0,0,0,0,0
3630,2004102704,1526.0,1520.0,43,43404,41.1581,-80.091,0,0,0,0,0,1,4,3,2004,3,15.0,1.0,0,1.0,2,2,3,  ,3,3.0,0,0,1,0,0,0,0,0,0,0,0,0,0,0,0,0,0
3631,2004102824,1749.0,1748.0,46,46104,40.0245,-75.3246,0,0,0,0,0,0,4,3,2004,6,17.0,1.0,0,1.0,3,2,3,  ,0,0.0,1,0,1,0,0,0,0,0,0,0,0,0,0,0,0,0,0
3632,2004102911,1958.0,1956.0,3,3410,40.6289,-79.6003,0,0,0,0,0,1,2,5,2004,2,19.0,4.0,0,1.0,1,1,3,  ,3,3.0,0,0,0,0,0,0,0,0,0,0,0,0,0,0,0,0,0
3633,2004102929,1905.0,1900.0,8,8412,41.7653,-76.4456,0,0,0,0,0,0,4,6,2004,3,18.0,1.0,0,1.0,1,1,3,  ,3,3.0,0,0,1,0,0,0,0,0,0,0,0,0,0,0,0,0,0
3634,2004103096,1146.0,1145.0,38,38405,40.374,-76.3065,0,0,0,0,0,0,4,6,2004,2,11.0,1.0,0,1.0,1,1,3,  ,0,0.0,0,0,1,0,0,0,0,0,0,0,0,0,0,0,0,0,1
3635,2004103155,1824.0,1821.0,2,2301,40.4688,-79.892,0,0,0,0,0,1,4,6,2004,3,18.0,1.0,0,1.0,3,1,3,  ,3,3.0,0,0,1,0,0,0,0,0,0,0,0,0,0,0,0,0,0
3636,2004103174,9999.0,9999.0,25,25302,42.1227,-80.1036,0,0,0,0,0,0,4,6,2004,3,17.0,1.0,0,1.0,3,2,3,  ,4,3.0,0,0,1,0,0,0,0,0,0,0,0,0,0,0,0,1,0
3637,2004200517,9999.0,9999.0,6,6301,,,0,0,0,0,0,0,4,3,2004,3,19.0,3.0,0,1.0,3,1,3,  ,2,3.0,0,0,1,0,0,0,0,0,0,0,0,0,0,0,0,0,0
3638,2004200654,9999.0,9999.0,2,2416,,,0,0,0,0,0,0,4,4,2004,3,15.0,1.0,0,1.0,3,2,3,  ,0,0.0,0,0,1,0,0,0,0,0,0,0,0,0,0,0,0,0,1
3639,2004200679,9999.0,9999.0,39,39211,,,0,0,0,0,0,0,4,4,2004,1,17.0,1.0,7,1.0,1,0,3,  ,0,0.0,0,0,1,0,0,0,0,0,0,0,0,0,0,0,0,0,1
3640,2004201413,9999.0,9999.0,9,9401,,,0,0,0,0,0,0,4,2,2004,2,5.0,3.0,7,1.0,3,2,3,  ,3,3.0,1,0,1,0,0,0,0,0,0,0,0,0,0,0,0,0,0
3641,2004202478,9999.0,9999.0,1,1217,39.8575,-77.047,0,0,0,0,1,0,4,3,2004,1,15.0,1.0,0,1.0,1,1,3,  ,3,3.0,0,0,1,0,0,0,0,0,0,0,0,0,0,0,0,0,0
3642,2004202854,9999.0,9999.0,19,19501,41.0007,-76.4567,0,0,0,0,0,0,1,4,2004,7,14.0,1.0,0,1.0,2,1,3,  ,9,9.0,0,0,0,0,0,0,0,0,0,0,0,0,0,0,0,0,0
3643,2004203051,9999.0,9999.0,66,66402,,,0,0,0,0,1,0,4,3,2004,6,19.0,3.0,0,1.0,3,0,3,  ,0,0.0,0,0,1,0,0,0,0,0,0,0,0,0,0,0,0,0,0
3644,2004203087,9999.0,9999.0,45,45402,,,0,0,0,0,0,0,2,1,2004,7,16.0,1.0,0,1.0,2,1,3,  ,2,3.0,0,0,0,0,0,0,0,0,0,0,0,0,0,0,0,0,0
3645,2004203318,9999.0,9999.0,66,66103,39.775,-76.9578,0,0,0,0,0,0,4,1,2004,7,16.0,1.0,7,1.0,2,0,3,  ,0,0.0,1,0,1,0,0,0,0,0,0,0,0,0,0,0,0,0,0
3646,2004203979,9999.0,9999.0,41,41301,,,0,0,0,0,0,1,2,5,2004,4,11.0,1.0,0,1.0,3,0,3,  ,0,0.0,0,0,0,0,0,0,0,0,0,0,0,0,0,0,0,0,0
3647,2004204013,9999.0,9999.0,66,66102,39.9325,-76.7098,0,0,0,0,0,0,4,4,2004,5,9.0,1.0,0,1.0,1,2,3,  ,3,3.0,1,0,1,0,0,0,0,0,0,0,0,0,0,0,0,0,1
3648,2004204056,9999.0,9999.0,36,36410,40.1583,-76.3934,0,0,0,0,0,0,4,4,2004,6,16.0,1.0,0,1.0,2,1,3,  ,3,3.0,0,0,1,0,0,0,0,0,0,0,0,0,0,0,0,1,0
3649,2004204135,9999.0,9999.0,23,23414,39.9165,-75.3914,0,0,0,0,0,0,4,5,2004,2,17.0,1.0,0,1.0,3,1,3,  ,3,3.0,0,0,1,0,0,0,0,0,0,0,0,0,0,0,0,0,0
3650,2004204143,9999.0,9999.0,15,15215,40.0355,-75.4711,0,0,0,0,0,0,4,4,2004,7,10.0,1.0,0,1.0,3,1,3,  ,2,3.0,0,0,1,0,0,0,0,0,0,0,0,0,0,0,0,0,0
3651,2004204179,9999.0,9999.0,48,48302,40.6899,-75.2203,0,0,0,0,0,0,4,5,2004,1,20.0,3.0,0,1.0,3,1,3,  ,3,3.0,0,0,1,0,0,0,0,0,0,0,0,0,0,0,0,0,0
3652,2004204307,9999.0,9999.0,6,6301,40.3383,-75.919,0,0,0,0,0,0,4,5,2004,4,20.0,1.0,0,1.0,3,1,3,  ,3,3.0,0,0,1,0,0,0,0,0,0,0,0,0,0,0,0,0,0
3653,2004204350,9999.0,9999.0,6,6204,,,0,0,0,0,0,0,4,4,2004,6,15.0,1.0,0,1.0,1,2,3,  ,3,3.0,0,0,1,0,0,0,0,0,0,0,0,0,0,0,0,0,0
3654,2004204361,9999.0,9999.0,46,46419,40.191,-75.5321,0,0,0,0,0,1,4,5,2004,3,17.0,1.0,0,1.0,3,1,3,  ,2,3.0,0,0,1,0,0,0,0,0,0,0,0,0,0,0,0,0,0
3655,2004204526,9999.0,9999.0,66,66413,39.7983,-76.981,0,0,0,0,0,1,4,4,2004,6,12.0,1.0,0,1.0,2,1,3,  ,2,3.0,0,0,1,0,0,0,0,0,0,0,0,0,0,0,0,0,0
3656,2004204956,9999.0,9999.0,2,2441,,,0,0,0,0,1,0,4,3,2004,1,12.0,1.0,0,1.0,3,2,3,  ,3,3.0,1,0,1,0,0,0,0,0,0,0,0,0,0,0,0,0,0
3657,2004205267,9999.0,9999.0,66,66424,39.9015,-76.5979,0,0,0,0,0,1,4,3,2004,3,17.0,1.0,0,1.0,3,0,3,  ,0,0.0,0,0,1,0,0,0,0,0,0,0,0,0,0,0,0,0,0
3658,2004205384,9999.0,9999.0,6,6301,40.3459,-75.9188,0,0,0,0,0,0,4,5,2004,3,19.0,1.0,0,1.0,3,1,3,  ,2,3.0,0,0,1,0,0,0,0,0,0,0,0,0,0,0,0,0,0
3659,2004205386,9999.0,9999.0,6,6301,,,0,1,0,0,0,0,4,5,2004,1,16.0,1.0,0,1.0,3,0,3,  ,0,0.0,0,0,1,0,0,0,0,0,0,0,0,0,0,0,0,0,0
3660,2004205445,9999.0,9999.0,46,46411,40.2485,-75.2769,0,0,0,0,0,0,5,4,2004,7,19.0,1.0,0,1.0,3,2,3,  ,3,3.0,0,0,0,0,0,0,0,0,0,0,0,0,0,0,0,0,0
3661,2004205498,9999.0,9999.0,6,6301,40.3337,-75.9269,0,0,0,0,0,0,4,5,2004,2,19.0,1.0,0,9.0,3,1,7,  ,3,3.0,0,0,1,0,0,0,0,0,0,0,0,0,0,0,0,0,1
3662,2004205571,9999.0,9999.0,6,6301,,,0,0,0,0,0,0,4,4,2004,2,15.0,1.0,0,1.0,3,1,3,  ,2,3.0,0,0,1,0,0,0,0,0,0,0,0,0,0,0,0,0,0
3663,2004205880,9999.0,9999.0,6,6301,40.3432,-75.939,0,0,0,0,0,0,4,2,2004,6,19.0,3.0,0,1.0,3,2,3,  ,0,0.0,0,0,1,0,0,0,0,0,0,0,0,0,0,0,0,0,0
3664,2004206088,9999.0,9999.0,6,6301,,,0,0,0,0,0,0,4,3,2004,7,15.0,1.0,0,1.0,3,1,3,  ,2,3.0,0,0,1,0,0,0,0,0,0,0,0,0,0,0,0,0,0
3665,2004206124,9999.0,9999.0,46,46406,40.4071,-75.5031,0,0,0,0,0,0,4,2,2004,2,16.0,1.0,0,1.0,1,0,3,  ,0,0.0,0,0,1,0,0,0,0,0,0,0,0,0,0,0,0,0,0
3666,2004206193,9999.0,9999.0,66,66402,39.9046,-76.6517,0,0,0,0,0,0,4,5,2004,1,19.0,1.0,0,1.0,3,1,3,  ,3,3.0,0,0,1,0,0,0,0,0,0,0,0,0,0,0,0,0,1
3667,2004206358,9999.0,9999.0,35,35412,41.3775,-75.7312,0,0,0,0,0,0,4,5,2004,3,18.0,1.0,0,1.0,3,2,3,  ,3,3.0,0,0,1,0,0,0,0,0,0,0,0,0,0,0,0,0,1
3668,2004206469,9999.0,9999.0,41,41301,41.2474,-76.9961,0,0,0,0,0,0,1,5,2004,3,0.0,3.0,0,1.0,3,1,3,  ,2,3.0,0,0,0,0,0,0,0,0,0,0,0,0,0,0,0,0,0
3669,2004206478,9999.0,9999.0,66,66231,39.9328,-76.8079,0,0,0,0,1,0,4,4,2004,4,16.0,1.0,0,1.0,1,1,3,  ,2,3.0,1,0,1,0,0,0,0,0,0,0,0,0,0,0,0,0,0
3670,2004206480,9999.0,9999.0,21,21404,40.209,-77.0226,0,0,0,0,0,0,4,5,2004,1,11.0,1.0,0,1.0,3,1,3,  ,2,3.0,0,0,1,0,0,0,0,0,0,0,0,0,0,0,0,1,0
3671,2004206503,9999.0,9999.0,2,2303,,,0,0,0,0,0,0,4,5,2004,3,19.0,1.0,7,1.0,3,0,3,  ,0,0.0,0,0,1,0,0,0,0,0,0,0,0,0,0,0,0,0,0
3672,2004206653,9999.0,9999.0,2,2106,40.6388,-79.7157,0,0,0,0,0,0,4,5,2004,7,20.0,4.0,0,1.0,3,2,3,  ,3,3.0,0,0,1,0,0,0,0,0,0,0,0,0,0,0,0,0,0
3673,2004206762,9999.0,9999.0,46,46225,40.1697,-75.2875,0,0,0,0,0,0,4,4,2004,3,16.0,1.0,7,1.0,3,0,3,  ,0,0.0,1,0,1,0,0,0,0,0,0,0,0,0,0,0,0,0,0
3674,2004206823,9999.0,9999.0,19,19501,,,0,0,0,0,0,0,1,5,2004,3,14.0,1.0,0,1.0,2,1,3,  ,3,3.0,0,0,0,0,0,0,0,0,0,0,0,0,0,0,0,0,0
3675,2004206886,9999.0,9999.0,11,11301,,,0,0,0,0,0,0,4,4,2004,3,15.0,1.0,0,1.0,3,1,3,  ,0,0.0,0,0,1,0,0,0,0,0,0,0,0,0,0,0,0,0,0
3676,2004207059,9999.0,9999.0,48,48302,40.6792,-75.2125,0,0,0,0,0,0,4,3,2004,3,16.0,1.0,0,9.0,3,1,7,  ,3,3.0,0,0,1,0,0,0,0,0,0,0,0,0,0,0,0,0,0
3677,2004207248,9999.0,9999.0,63,63403,41.5614,-75.2455,0,0,0,0,0,0,4,4,2004,6,6.0,1.0,7,9.0,2,0,7,  ,0,0.0,0,0,1,0,0,0,0,0,0,0,0,0,0,0,0,0,1
3678,2004207335,9999.0,9999.0,44,44401,,,0,0,0,0,0,0,4,3,2004,1,15.0,1.0,0,1.0,2,1,3,  ,3,3.0,0,0,1,0,0,0,0,0,0,0,0,0,0,0,0,0,0
3679,2004207399,9999.0,9999.0,39,39103,40.6138,-75.5334,0,0,0,0,0,0,4,4,2004,6,15.0,1.0,0,9.0,1,1,7,  ,2,3.0,1,0,1,0,0,0,0,0,0,0,0,0,0,0,0,1,0
3680,2004207482,9999.0,9999.0,23,23208,39.9867,-75.399,0,0,0,0,0,0,4,4,2004,3,18.0,1.0,0,1.0,3,2,3,  ,2,3.0,0,0,1,0,0,0,0,0,0,0,0,0,0,0,0,0,0
3681,2004208003,9999.0,9999.0,19,19402,,,0,0,0,0,0,0,4,6,2004,4,18.0,1.0,0,1.0,2,1,3,  ,3,3.0,1,0,1,0,0,0,0,0,0,0,0,0,0,0,0,0,0
3682,2004208075,9999.0,9999.0,46,46225,40.1672,-75.29,0,0,0,0,0,0,4,6,2004,5,13.0,1.0,7,1.0,3,0,3,  ,0,0.0,0,0,1,0,0,0,0,0,0,0,0,0,0,0,0,0,0
3683,2004208187,9999.0,9999.0,39,39211,40.5314,-75.3856,0,0,0,0,0,0,4,7,2004,4,8.0,1.0,0,1.0,1,0,3,  ,0,0.0,0,0,1,0,0,0,0,0,0,0,0,0,0,0,0,0,1
3684,2004208293,9999.0,9999.0,23,23411,,,0,0,0,0,0,0,4,7,2004,6,15.0,1.0,0,9.0,3,0,7,  ,0,0.0,0,0,1,0,0,0,0,0,0,0,0,0,0,0,0,0,1
3685,2004208360,9999.0,9999.0,41,41409,41.2309,-76.9943,0,0,0,0,0,0,4,7,2004,6,20.0,4.0,0,9.0,3,1,3,  ,0,0.0,0,0,1,0,0,0,0,0,0,0,0,0,0,0,0,0,1
3686,2004208393,9999.0,9999.0,6,6301,40.3335,-75.9192,0,0,0,0,0,0,4,6,2004,5,15.0,1.0,0,1.0,3,1,3,  ,0,0.0,0,0,1,0,0,0,0,0,0,0,0,0,0,0,0,0,0
3687,2004208400,9999.0,9999.0,41,41301,,,0,0,0,0,0,1,4,6,2004,5,15.0,1.0,0,1.0,3,0,3,  ,0,0.0,0,0,1,0,0,0,0,0,0,0,0,0,0,0,0,0,0
3688,2004208404,9999.0,9999.0,41,41301,,,0,0,0,0,0,0,4,6,2004,2,17.0,1.0,0,1.0,3,1,3,  ,9,9.0,0,0,1,0,0,0,0,0,0,0,0,0,0,0,0,0,0
3689,2004208420,9999.0,9999.0,15,15233,40.1201,-75.5021,0,0,0,0,1,0,5,6,2004,5,11.0,1.0,0,1.0,3,0,3,  ,0,0.0,0,0,0,0,0,0,0,0,0,0,0,0,0,0,0,1,0
3690,2004208431,9999.0,9999.0,6,6301,40.3336,-75.923,0,0,0,0,0,0,4,6,2004,2,16.0,1.0,0,1.0,3,2,3,  ,3,3.0,0,0,1,0,0,0,0,0,0,0,0,0,0,0,0,0,0
3691,2004208455,9999.0,9999.0,6,6301,40.3293,-75.93,0,0,0,0,0,0,4,5,2004,7,17.0,1.0,0,1.0,3,1,3,  ,2,3.0,0,0,1,0,0,0,0,0,0,0,0,0,0,0,0,0,0
3692,2004208458,9999.0,9999.0,6,6301,,,0,0,0,0,0,0,6,5,2004,1,17.0,1.0,0,1.0,3,0,3,  ,0,0.0,0,0,0,0,0,0,0,0,0,0,0,0,0,0,0,0,0
3693,2004208460,9999.0,9999.0,6,6301,40.3493,-75.9319,0,0,0,0,0,0,5,5,2004,1,13.0,1.0,0,1.0,3,0,3,  ,0,0.0,0,0,0,0,0,0,0,0,0,0,0,0,0,0,0,1,0
3694,2004208532,9999.0,9999.0,41,41301,41.2405,-77.0171,0,0,0,0,0,0,1,8,2004,4,13.0,1.0,0,1.0,3,2,3,  ,3,3.0,0,0,0,0,0,0,0,0,0,0,0,0,0,0,0,0,0
3695,2004208545,9999.0,9999.0,6,6301,,,0,0,0,0,0,1,4,7,2004,7,20.0,3.0,0,1.0,3,2,3,  ,3,3.0,0,0,1,0,0,0,0,0,0,0,0,0,0,0,0,0,0
3696,2004208581,9999.0,9999.0,6,6301,40.3307,-75.927,0,0,0,0,0,0,4,7,2004,4,16.0,1.0,0,1.0,3,1,3,  ,9,9.0,0,0,1,0,0,0,0,0,0,0,0,0,0,0,0,0,0