,CRN,ARRIVAL_TM,DISPATCH_TM,COUNTY,MUNICIPALITY,DEC_LAT,DEC_LONG,BICYCLE_DEATH_COUNT,BICYCLE_SUSP_SERIOUS_INJ_COUNT,BUS_COUNT,HEAVY_TRUCK_COUNT,SMALL_TRUCK_COUNT,SUV_COUNT,COLLISION_TYPE,CRASH_MONTH,CRASH_YEAR,DAY_OF_WEEK,HOUR_OF_DAY,ILLUMINATION,LOCATION_TYPE,ROAD_CONDITION,URBAN_RURAL,INTERSECT_TYPE,WEATHER1,WEATHER2,TCD_TYPE,TCD_FUNC_CD,AGGRESSIVE_DRIVING,ALCOHOL_RELATED,ANGLE_CRASH,CELL_PHONE,COMM_VEHICLE,DISTRACTED,DRINKING_DRIVER,DRUGGED_DRIVER,FATIGUE_ASLEEP,IMPAIRED_DRIVER,NHTSA_AGG_DRIVING,RUNNING_RED_LT,RUNNING_STOP_SIGN,SPEEDING_RELATED,TAILGATING,MATURE_DRIVER,YOUNG_DRIVER
3697,2004208584,9999.0,9999.0,6,6301,40.332,-75.9164,0,1,0,0,0,0,1,7,2004,2,17.0,1.0,0,1.0,3,1,3,  ,2,3.0,0,0,0,0,0,0,0,0,0,0,0,0,0,0,0,0,1
3698,2004208712,9999.0,9999.0,6,6301,40.3163,-75.9392,0,0,0,0,0,1,4,7,2004,4,21.0,3.0,0,9.0,3,2,3,  ,3,3.0,0,0,1,0,0,0,0,0,0,0,0,0,0,0,0,0,0
3699,2004208747,9999.0,9999.0,23,23107,,,0,0,0,0,0,0,4,5,2004,7,14.0,1.0,7,1.0,3,0,3,  ,0,0.0,0,0,1,0,0,0,0,0,0,0,0,0,0,0,0,0,0
3700,2004208832,9999.0,9999.0,6,6301,,,0,0,0,0,0,0,5,6,2004,4,16.0,1.0,0,1.0,3,0,3,  ,0,0.0,0,0,0,0,0,0,0,0,0,0,0,0,0,0,0,0,0
3701,2004208842,9999.0,9999.0,6,6301,40.352,-75.9451,0,0,0,0,0,0,5,6,2004,1,19.0,1.0,0,1.0,3,0,3,  ,0,0.0,0,0,0,0,0,0,0,0,0,0,0,0,0,0,0,0,0
3702,2004208845,9999.0,9999.0,6,6301,,,0,0,0,0,0,0,4,6,2004,7,11.0,1.0,0,1.0,3,1,3,  ,0,0.0,0,0,1,0,0,0,0,0,0,0,0,0,0,0,0,0,0
3703,2004208846,9999.0,9999.0,6,6301,40.3243,-75.9335,0,0,0,0,0,0,4,6,2004,2,15.0,1.0,2,1.0,3,1,3,  ,2,3.0,0,0,1,0,0,0,0,0,0,0,0,0,0,0,0,0,0
3704,2004208863,9999.0,9999.0,15,15233,40.0942,-75.4916,0,0,0,0,0,0,4,6,2004,2,11.0,1.0,7,1.0,3,0,3,  ,0,0.0,0,0,1,0,0,0,0,0,0,0,0,0,0,0,0,0,0
3705,2004208870,9999.0,9999.0,41,41301,41.2405,-77.0423,0,0,0,0,1,0,4,6,2004,7,19.0,1.0,0,1.0,3,1,3,  ,3,3.0,0,0,1,0,0,0,0,0,0,0,0,0,0,0,0,0,1
3706,2004208966,9999.0,9999.0,41,41301,,,0,0,0,0,0,0,4,8,2004,4,15.0,1.0,0,1.0,3,1,3,  ,3,3.0,0,0,1,0,0,0,0,0,0,0,0,0,0,0,0,0,0
3707,2004208969,9999.0,9999.0,41,41301,,,0,0,0,0,1,0,1,8,2004,4,19.0,1.0,0,1.0,3,0,3,  ,0,0.0,0,0,0,0,0,0,0,0,0,0,0,0,0,0,0,0,0
3708,2004208986,9999.0,9999.0,41,41301,41.2373,-77.0633,0,0,0,0,1,0,1,7,2004,2,16.0,1.0,0,1.0,3,1,3,  ,3,3.0,0,0,0,0,0,0,0,0,0,0,0,0,0,0,0,0,0
3709,2004209062,9999.0,9999.0,41,41301,41.2293,-77.0487,0,0,0,0,0,0,1,7,2004,1,21.0,3.0,0,1.0,3,2,3,  ,0,0.0,0,0,0,0,0,0,0,0,0,0,0,0,0,0,0,1,0
3710,2004209065,9999.0,9999.0,41,41301,,,0,0,0,0,0,0,4,7,2004,1,19.0,3.0,0,9.0,3,0,3,  ,0,0.0,1,0,1,0,0,0,0,0,0,0,0,0,0,0,0,0,0
3711,2004209066,9999.0,9999.0,41,41301,41.2404,-77.0341,0,0,0,0,0,0,4,7,2004,1,16.0,1.0,0,1.0,3,1,3,  ,3,3.0,0,0,1,0,0,0,0,0,0,0,0,0,0,0,0,0,0
3712,2004209390,9999.0,9999.0,23,23411,39.9006,-75.3019,0,0,0,0,1,0,4,5,2004,6,16.0,1.0,0,1.0,3,1,3,  ,2,3.0,0,0,1,0,0,0,0,0,0,0,0,0,0,0,0,0,0
3713,2004209394,9999.0,9999.0,23,23411,,,0,0,0,0,0,0,4,5,2004,7,14.0,1.0,0,1.0,3,0,3,  ,0,0.0,0,0,1,0,0,0,0,0,0,0,0,0,0,0,0,0,0
3714,2004209428,9999.0,9999.0,20,20302,,,0,0,0,0,0,0,4,6,2004,1,16.0,1.0,0,1.0,2,1,3,  ,0,0.0,0,0,1,0,0,0,0,0,0,0,0,0,0,0,0,1,0
3715,2004209468,9999.0,9999.0,6,6424,,,0,0,0,0,0,1,4,5,2004,4,19.0,1.0,0,1.0,3,2,3,  ,0,0.0,0,0,1,0,0,0,0,0,0,0,0,0,0,0,0,0,0
3716,2004209598,9999.0,9999.0,19,19501,,,0,0,0,0,0,0,4,6,2004,5,8.0,1.0,0,1.0,2,1,3,  ,3,3.0,0,0,1,0,0,0,0,0,0,0,0,0,0,0,0,1,0
3717,2004209618,9999.0,9999.0,11,11301,40.3508,-78.9491,0,0,0,0,0,0,4,6,2004,3,16.0,1.0,0,1.0,3,1,3,  ,3,3.0,0,0,1,0,0,0,0,0,0,0,0,0,0,0,0,0,0
3718,2004209699,9999.0,9999.0,2,2422,,,0,0,0,0,0,0,1,6,2004,5,21.0,3.0,0,9.0,3,0,99,  ,0,0.0,0,0,0,0,0,0,0,0,0,0,0,0,0,0,0,0,0
3719,2004209752,9999.0,9999.0,45,45404,,,0,0,0,0,0,0,4,6,2004,4,10.0,1.0,0,1.0,2,3,3,  ,3,3.0,1,0,1,0,0,0,0,0,0,0,0,0,1,0,0,1,0
3720,2004209800,9999.0,9999.0,9,9213,,,0,0,0,0,0,0,1,5,2004,3,18.0,1.0,0,1.0,3,0,3,  ,0,0.0,0,0,0,0,0,0,0,0,0,0,0,0,0,0,0,0,0
3721,2004209895,9999.0,9999.0,36,36410,40.1648,-76.3936,0,0,0,0,0,0,4,7,2004,3,17.0,1.0,0,1.0,2,1,3,  ,3,3.0,0,0,1,0,0,0,0,0,0,0,0,0,0,0,0,1,0
3722,2004209906,9999.0,9999.0,66,66103,39.7984,-76.9709,0,0,0,0,0,0,4,7,2004,5,18.0,1.0,0,1.0,2,2,3,  ,3,3.0,1,0,1,0,0,0,0,0,0,0,0,0,0,0,0,1,0
3723,2004209966,9999.0,9999.0,2,2407,,,0,0,0,0,0,0,4,5,2004,7,14.0,1.0,0,1.0,3,2,3,  ,3,3.0,0,0,1,0,0,0,0,0,0,0,0,0,0,0,0,0,1
3724,2004209995,9999.0,9999.0,66,66102,39.9368,-76.681,0,0,0,0,0,0,4,7,2004,5,10.0,1.0,0,1.0,1,2,3,  ,3,3.0,1,0,1,0,0,0,0,0,0,0,0,0,0,0,0,0,1
3725,2004210080,9999.0,9999.0,23,23102,39.8985,-75.266,0,0,0,0,0,0,4,5,2004,4,17.0,1.0,0,1.0,3,1,3,  ,2,3.0,0,0,1,0,0,0,0,0,0,0,0,0,0,0,0,1,0
3726,2004210134,9999.0,9999.0,60,60302,41.4283,-79.7117,0,0,0,0,1,0,4,6,2004,4,18.0,1.0,0,1.0,2,0,3,  ,0,0.0,1,0,1,0,0,0,0,0,0,0,0,0,0,0,0,1,0
3727,2004210156,9999.0,9999.0,66,66413,,,0,0,0,0,0,0,4,7,2004,1,20.0,4.0,0,1.0,2,1,3,  ,0,0.0,0,0,1,0,0,0,0,0,0,0,0,0,0,0,0,0,0
3728,2004210180,9999.0,9999.0,2,2414,40.3586,-80.1094,0,0,0,0,0,1,4,7,2004,2,12.0,1.0,0,9.0,3,2,7,  ,3,3.0,0,0,1,0,0,0,0,0,0,0,0,0,0,0,0,0,0
3729,2004210232,9999.0,9999.0,66,66413,39.7995,-76.9766,0,0,0,0,0,0,4,6,2004,4,20.0,4.0,0,9.0,2,2,7,  ,3,3.0,0,0,1,0,0,0,0,0,0,0,0,0,0,0,0,0,0
3730,2004210270,9999.0,9999.0,26,26302,,,0,0,0,0,0,0,4,6,2004,4,13.0,1.0,0,1.0,2,1,3,  ,0,0.0,0,0,1,0,0,0,0,0,0,0,0,0,0,0,0,0,0
3731,2004210321,9999.0,9999.0,44,44403,,,0,0,0,0,0,0,4,5,2004,1,13.0,1.0,0,1.0,2,1,3,  ,3,3.0,0,0,1,0,0,0,0,0,0,0,0,0,0,0,0,0,0
3732,2004210357,9999.0,9999.0,19,19222,41.0074,-76.4087,0,0,0,0,0,0,1,5,2004,2,10.0,1.0,0,1.0,1,1,3,  ,3,3.0,0,0,0,0,0,0,0,0,0,0,0,0,0,0,0,0,0
3733,2004210380,9999.0,9999.0,60,60302,,,0,0,0,0,0,0,4,7,2004,3,12.0,1.0,0,1.0,2,1,3,  ,0,0.0,0,0,1,0,0,0,0,0,0,0,0,0,0,0,0,0,0
3734,2004210392,9999.0,9999.0,46,46216,40.255,-75.3291,0,0,0,0,1,0,5,6,2004,2,9.0,1.0,0,1.0,1,0,3,  ,0,0.0,0,0,0,0,0,0,0,0,0,0,0,0,0,0,0,0,0
3735,2004210488,9999.0,9999.0,53,53421,40.5486,-76.3846,0,1,0,0,0,0,4,7,2004,6,12.0,1.0,0,1.0,1,1,3,  ,3,3.0,1,0,1,0,0,0,0,0,0,0,0,0,0,1,0,1,0
3736,2004210512,9999.0,9999.0,66,66101,39.9593,-76.7,0,0,0,0,0,0,4,7,2004,6,14.0,1.0,0,1.0,1,2,3,  ,3,3.0,0,0,1,0,0,0,0,0,0,0,0,0,0,0,0,0,0
3737,2004210547,9999.0,9999.0,39,39103,,,0,0,0,0,0,0,4,6,2004,6,17.0,1.0,0,1.0,1,2,3,  ,3,3.0,0,0,1,0,0,0,0,0,0,0,0,0,0,0,0,0,0
3738,2004210584,9999.0,9999.0,46,46225,,,0,0,0,0,0,0,4,5,2004,1,12.0,1.0,7,1.0,3,0,3,  ,0,0.0,0,0,1,0,0,0,0,0,0,0,0,0,0,0,0,0,0
3739,2004210587,9999.0,9999.0,46,46225,40.1412,-75.2914,0,0,0,0,0,0,4,5,2004,3,17.0,1.0,0,1.0,3,2,3,  ,3,3.0,0,0,1,0,0,0,0,0,0,0,0,0,0,0,0,1,0
3740,2004210660,9999.0,9999.0,46,46404,40.1852,-75.4507,0,0,0,0,0,0,4,7,2004,3,5.0,5.0,0,1.0,3,2,3,  ,1,3.0,1,0,1,0,0,0,0,0,0,0,0,0,0,0,0,0,0
3741,2004210672,9999.0,9999.0,64,64305,,,0,0,0,0,0,0,4,7,2004,1,13.0,1.0,0,1.0,3,1,3,  ,0,0.0,0,0,1,0,0,0,0,0,0,0,0,0,0,0,0,0,0
3742,2004210714,9999.0,9999.0,37,37403,40.8652,-80.2871,0,0,0,0,1,0,4,7,2004,5,16.0,1.0,0,1.0,3,0,3,  ,0,0.0,0,0,1,0,0,0,0,0,0,0,0,0,0,0,0,0,0
3743,2004210732,9999.0,9999.0,2,2409,,,0,0,0,0,0,0,4,7,2004,3,18.0,1.0,7,1.0,3,1,3,  ,0,0.0,0,0,1,0,0,0,0,0,0,0,0,0,0,0,0,0,0
3744,2004210846,9999.0,9999.0,48,48302,40.68,-75.2244,0,0,0,0,0,0,4,8,2004,3,20.0,1.0,0,1.0,3,2,3,  ,0,0.0,0,0,1,0,0,0,0,0,0,0,0,0,0,0,0,0,0
3745,2004210874,9999.0,9999.0,45,45402,,,0,0,0,0,0,0,4,8,2004,5,20.0,3.0,0,1.0,2,2,3,  ,3,3.0,0,0,1,0,0,0,0,0,0,0,0,0,0,0,0,0,0
3746,2004210923,9999.0,9999.0,22,22407,40.2639,-76.7118,0,0,0,0,0,0,4,7,2004,5,11.0,1.0,0,1.0,3,1,3,  ,3,3.0,0,0,1,0,0,0,0,0,0,0,0,0,0,0,0,0,0
3747,2004211104,9999.0,9999.0,9,9213,40.2033,-74.9297,0,0,0,0,0,0,4,6,2004,4,15.0,1.0,0,1.0,3,2,3,  ,3,3.0,1,0,1,0,0,0,0,0,0,0,0,0,0,0,0,0,0
3748,2004211141,9999.0,9999.0,9,9213,,,0,0,0,0,0,0,4,6,2004,2,12.0,1.0,0,1.0,3,0,3,  ,0,0.0,0,0,1,0,0,0,0,0,0,0,0,0,0,0,0,0,0
3749,2004211163,9999.0,9999.0,23,23102,,,0,0,0,0,0,0,5,7,2004,3,17.0,1.0,0,1.0,3,0,3,  ,0,0.0,0,0,0,0,0,0,0,0,0,0,0,0,0,0,0,1,0
3750,2004211165,9999.0,9999.0,6,6101,,,0,0,0,0,0,0,5,7,2004,5,15.0,1.0,0,1.0,1,0,3,  ,0,0.0,0,0,0,0,0,0,0,0,0,0,0,0,0,0,0,0,0
3751,2004211191,9999.0,9999.0,22,22103,40.1979,-76.7358,0,0,0,0,0,0,4,7,2004,3,14.0,1.0,0,1.0,3,2,3,  ,2,3.0,0,0,1,0,0,0,0,0,0,0,0,0,0,0,0,0,0
3752,2004211200,9999.0,9999.0,60,60302,,,0,0,0,0,0,0,4,7,2004,4,15.0,1.0,0,1.0,2,1,3,  ,0,0.0,0,0,1,0,0,0,0,0,0,0,0,0,0,0,0,1,0
3753,2004211205,9999.0,9999.0,66,66101,39.9432,-76.7354,0,0,0,0,0,0,4,7,2004,5,11.0,1.0,0,1.0,1,2,3,  ,3,3.0,1,0,1,0,0,0,0,0,0,0,0,0,0,0,0,0,0
3754,2004211330,9999.0,9999.0,46,46225,40.1347,-75.2832,0,0,0,0,0,0,4,6,2004,7,14.0,1.0,0,9.0,3,2,7,  ,2,3.0,1,0,1,0,0,0,0,0,0,0,0,0,0,0,0,1,0
3755,2004211426,9999.0,9999.0,46,46225,40.1635,-75.2843,0,0,0,0,0,0,5,7,2004,4,13.0,1.0,0,1.0,3,1,3,  ,2,3.0,0,0,0,0,0,0,0,0,0,0,0,0,0,0,0,0,1
3756,2004211478,9999.0,9999.0,2,2407,40.3396,-80.0477,0,0,0,0,0,0,4,8,2004,6,16.0,1.0,0,1.0,3,2,3,  ,3,3.0,0,0,1,0,0,0,0,0,0,0,0,0,0,0,0,0,0
3757,2004211527,9999.0,9999.0,66,66207,40.0415,-76.7248,0,1,0,0,1,0,4,8,2004,2,15.0,1.0,0,1.0,1,2,3,  ,2,3.0,0,0,1,0,0,0,0,0,0,0,0,0,0,0,0,1,0
3758,2004211600,9999.0,9999.0,2,2473,40.3946,-79.8795,0,0,0,0,0,0,4,8,2004,3,19.0,1.0,0,1.0,3,1,3,  ,3,3.0,0,0,1,0,0,0,0,0,0,0,0,0,0,0,0,0,0
3759,2004211645,9999.0,9999.0,66,66101,,,0,0,0,0,0,0,4,7,2004,5,13.0,1.0,0,1.0,1,0,3,  ,0,0.0,0,0,1,0,0,0,0,0,0,0,0,0,0,0,0,0,0
3760,2004211671,9999.0,9999.0,66,66231,39.9281,-76.774,0,1,0,0,0,0,4,7,2004,3,14.0,1.0,0,1.0,1,0,3,  ,0,0.0,0,0,1,0,0,0,0,0,0,0,0,0,0,0,0,0,0
3761,2004211796,9999.0,9999.0,11,11301,40.3185,-78.9158,0,0,0,0,0,0,4,7,2004,5,17.0,1.0,0,1.0,3,1,3,  ,3,3.0,0,0,1,0,0,0,0,0,0,0,0,0,0,0,0,0,0
3762,2004211826,9999.0,9999.0,66,66414,39.8869,-76.7108,0,0,0,0,0,0,4,8,2004,1,19.0,1.0,0,1.0,3,2,3,  ,0,0.0,0,0,1,0,0,0,0,0,0,0,0,0,0,0,0,0,0
3763,2004212030,9999.0,9999.0,11,11301,40.3258,-78.9238,0,0,0,1,0,0,4,8,2004,4,15.0,1.0,0,1.0,3,1,3,  ,0,0.0,0,0,1,0,0,1,0,0,0,0,0,0,0,0,0,0,0
3764,2004212329,9999.0,9999.0,41,41301,,,0,0,0,0,0,0,1,8,2004,1,20.0,3.0,0,1.0,3,0,3,  ,0,0.0,0,0,0,0,0,0,0,0,0,0,0,0,0,0,0,0,0
3765,2004212362,9999.0,9999.0,46,46411,40.246,-75.2976,0,0,0,0,0,0,5,7,2004,6,14.0,1.0,0,9.0,3,0,3,  ,0,0.0,0,0,0,0,0,0,0,0,0,0,0,0,0,0,0,0,0
3766,2004212424,9999.0,9999.0,19,19402,41.0579,-76.2289,0,1,0,0,0,0,1,8,2004,2,16.0,1.0,0,1.0,2,0,3,  ,0,0.0,0,0,0,0,0,0,0,0,0,0,0,0,0,0,0,0,0
3767,2004212431,9999.0,9999.0,19,19402,41.0573,-76.2625,0,1,0,0,0,0,1,8,2004,6,15.0,1.0,0,1.0,2,0,3,  ,0,0.0,0,0,0,0,0,0,0,0,0,0,0,0,0,0,0,0,0
3768,2004212513,9999.0,9999.0,41,41301,,,0,0,0,0,0,0,1,8,2004,6,18.0,1.0,0,1.0,3,0,3,  ,0,0.0,0,0,0,0,0,0,0,0,0,0,0,0,0,0,0,0,0
3769,2004212530,9999.0,9999.0,6,6301,40.351,-75.9274,0,0,0,0,0,1,4,8,2004,3,16.0,1.0,0,1.0,3,0,3,  ,0,0.0,0,0,1,0,0,0,0,0,0,0,0,0,0,0,0,0,0
3770,2004212535,9999.0,9999.0,6,6301,40.3637,-75.927,0,0,0,0,0,0,5,8,2004,1,14.0,1.0,0,1.0,3,0,3,  ,0,0.0,0,1,0,0,0,0,0,0,0,0,0,0,0,0,0,1,0
3771,2004212540,9999.0,9999.0,6,6301,40.3368,-75.92,0,0,0,0,0,0,4,8,2004,7,16.0,1.0,0,1.0,3,1,3,  ,2,3.0,0,1,1,0,0,0,0,0,0,0,0,0,0,0,0,0,0
3772,2004212659,9999.0,9999.0,66,66233,39.8918,-76.587,0,0,0,0,0,0,5,9,2004,5,18.0,1.0,0,1.0,1,2,3,  ,3,3.0,1,0,0,0,0,0,0,0,0,0,0,0,0,0,0,0,1
3773,2004212749,9999.0,9999.0,64,64305,40.5704,-79.759,0,0,0,0,0,0,4,8,2004,2,21.0,3.0,0,9.0,3,1,99,  ,3,3.0,0,0,1,0,0,0,0,0,0,0,0,0,0,0,0,0,0
3774,2004212815,9999.0,9999.0,37,37403,,,0,0,0,0,0,0,4,6,2004,3,18.0,1.0,0,1.0,3,2,3,  ,3,3.0,0,0,1,0,0,0,0,0,0,0,0,0,0,0,0,0,0
3775,2004212816,9999.0,9999.0,48,48302,,,0,0,0,0,0,1,2,9,2004,2,15.0,1.0,0,1.0,3,0,3,  ,0,0.0,0,0,0,0,0,0,0,0,0,0,0,0,0,0,0,0,0
3776,2004212823,9999.0,9999.0,48,48302,40.6942,-75.2284,0,0,0,0,0,1,4,8,2004,2,14.0,1.0,0,1.0,3,1,3,  ,2,3.0,0,0,1,0,0,0,0,0,0,0,0,0,0,0,0,0,0
3777,2004212972,9999.0,9999.0,9,9213,,,0,0,0,0,0,0,4,7,2004,3,10.0,1.0,7,9.0,3,0,99,  ,0,0.0,1,0,1,0,0,0,0,0,0,0,0,0,0,0,0,0,0
3778,2004212987,9999.0,9999.0,66,66413,,,0,0,0,0,0,0,5,8,2004,3,14.0,1.0,0,1.0,2,0,3,  ,0,0.0,0,0,0,0,0,0,0,0,0,0,0,0,0,0,0,1,0
3779,2004212991,9999.0,9999.0,66,66413,,,0,0,0,0,0,0,5,9,2004,4,15.0,1.0,0,1.0,2,0,3,  ,0,0.0,1,0,0,0,0,0,0,0,0,0,0,0,0,0,0,0,1
3780,2004212993,9999.0,9999.0,66,66413,39.7991,-76.9799,0,0,0,0,0,0,4,9,2004,3,21.0,3.0,0,1.0,2,1,3,  ,3,3.0,1,0,1,0,0,0,0,0,0,0,0,0,0,0,0,0,1
3781,2004213030,9999.0,9999.0,46,46105,,,0,0,0,0,0,0,1,8,2004,4,14.0,1.0,0,1.0,3,0,3,  ,0,0.0,1,0,0,0,0,1,0,0,0,0,0,0,0,0,1,1,0
3782,2004213115,9999.0,9999.0,48,48101,40.6598,-75.2815,0,0,0,0,0,0,4,9,2004,5,15.0,1.0,0,1.0,3,1,3,  ,3,3.0,0,0,1,0,0,0,0,0,0,0,0,0,0,0,0,0,0
3783,2004213256,9999.0,9999.0,39,39103,40.6168,-75.5184,0,0,0,0,0,0,4,9,2004,6,18.0,1.0,0,1.0,1,2,3,  ,3,3.0,1,0,1,0,0,0,0,0,0,0,0,0,0,0,0,0,0
3784,2004213278,9999.0,9999.0,36,36410,40.16,-76.391,0,0,0,0,0,0,4,8,2004,2,20.0,1.0,0,1.0,2,1,3,  ,2,3.0,0,0,1,0,0,0,0,0,0,0,0,0,0,0,0,0,0
3785,2004213299,9999.0,9999.0,9,9418,,,0,0,0,0,0,0,4,8,2004,2,16.0,1.0,0,1.0,2,2,3,  ,0,0.0,0,0,1,0,0,0,0,0,0,0,0,0,0,0,0,0,0
3786,2004213352,9999.0,9999.0,38,38216,40.2538,-76.467,0,0,0,0,0,0,1,7,2004,7,11.0,1.0,0,1.0,1,0,3,  ,0,0.0,1,0,0,0,0,0,0,0,0,0,0,0,0,0,1,1,0
3787,2004213418,9999.0,9999.0,38,38402,40.2853,-76.4698,0,0,0,0,0,0,4,9,2004,3,16.0,1.0,0,1.0,1,1,3,  ,2,3.0,1,0,1,0,0,0,0,0,0,0,0,0,0,0,0,1,0
3788,2004213609,9999.0,9999.0,66,66103,39.7835,-76.9635,0,0,0,0,0,0,4,10,2004,3,7.0,5.0,7,9.0,2,2,7,  ,3,3.0,0,0,1,0,0,0,0,0,0,0,0,0,0,0,0,0,0
3789,2004213683,9999.0,9999.0,46,46222,,,0,0,0,0,0,0,4,10,2004,6,17.0,1.0,0,1.0,3,1,3,  ,3,3.0,1,0,1,0,0,0,0,0,0,0,0,0,0,0,0,0,0
3790,2004213688,9999.0,9999.0,11,11301,40.3329,-78.9038,0,0,0,0,0,0,4,10,2004,5,16.0,1.0,0,1.0,3,1,3,  ,1,3.0,0,0,1,0,0,0,0,0,0,0,0,0,0,0,0,0,0
3791,2004213700,9999.0,9999.0,9,9213,40.1569,-74.8781,0,1,0,0,1,0,4,7,2004,7,9.0,1.0,0,1.0,3,2,3,  ,0,0.0,0,0,1,0,0,0,0,0,0,0,0,0,0,0,0,0,0
3792,2004213794,9999.0,9999.0,46,46225,40.1424,-75.25,0,0,0,0,0,0,5,8,2004,3,21.0,2.0,0,1.0,3,0,3,  ,0,0.0,0,0,0,0,0,0,0,0,0,0,0,0,0,0,0,0,0
3793,2004213855,9999.0,9999.0,64,64305,,,0,0,0,0,0,0,1,9,2004,1,17.0,1.0,0,1.0,3,0,3,  ,0,0.0,0,0,0,0,0,0,0,0,0,0,0,0,0,0,0,0,0
3794,2004213923,9999.0,9999.0,66,66413,39.8021,-76.9851,0,0,0,0,0,0,4,9,2004,6,14.0,1.0,7,1.0,2,1,3,  ,3,3.0,0,0,1,0,0,0,0,0,0,0,0,0,0,0,0,0,0
3795,2004213986,9999.0,9999.0,66,66413,,,0,0,0,0,0,0,4,9,2004,4,15.0,1.0,7,1.0,2,0,3,  ,4,3.0,0,0,1,0,0,0,0,0,0,0,0,0,0,0,0,0,1
3796,2004213988,9999.0,9999.0,66,66413,,,0,0,0,0,0,0,4,9,2004,5,16.0,1.0,0,1.0,2,1,3,  ,0,0.0,0,0,1,0,0,0,0,0,0,0,0,0,0,0,0,1,0
3797,2004213998,9999.0,9999.0,23,23420,39.8716,-75.3307,0,0,0,0,0,0,4,6,2004,1,18.0,1.0,0,1.0,3,2,3,  ,2,3.0,0,0,1,0,0,0,0,0,0,0,0,0,0,0,0,0,1
3798,2004214012,9999.0,9999.0,2,2303,,,0,0,0,0,0,0,5,9,2004,5,20.0,3.0,0,1.0,3,0,3,  ,0,0.0,0,0,0,0,0,0,0,0,0,0,0,0,0,0,0,0,0
3799,2004214015,9999.0,9999.0,2,2303,40.3698,-79.8536,0,0,0,0,0,0,4,9,2004,2,18.0,1.0,0,1.0,3,1,3,  ,0,0.0,0,0,1,0,0,0,0,0,0,0,0,0,0,0,0,1,0
3800,2004214044,9999.0,9999.0,23,23420,,,0,0,0,0,0,0,4,9,2004,5,18.0,1.0,0,1.0,3,0,3,  ,0,0.0,0,0,1,0,0,0,0,0,0,0,0,0,0,0,0,0,1
3801,2004214086,9999.0,9999.0,66,66103,,,0,0,0,0,0,1,4,9,2004,5,16.0,1.0,0,1.0,2,0,3,  ,0,0.0,0,0,1,0,0,0,0,0,0,0,0,0,0,0,0,0,0
3802,2004214205,9999.0,9999.0,46,46111,40.14,-75.3867,0,0,0,0,0,0,4,9,2004,4,17.0,1.0,7,9.0,3,0,3,  ,0,0.0,0,0,1,0,0,0,0,0,0,0,0,0,0,0,0,0,0
3803,2004214233,9999.0,9999.0,23,23402,39.8706,-75.3847,0,0,0,0,0,0,4,10,2004,7,14.0,1.0,7,1.0,3,0,3,  ,0,0.0,1,0,1,0,0,0,0,0,0,0,0,0,0,0,0,0,0
3804,2004214235,9999.0,9999.0,1,1203,39.811,-77.0144,0,0,0,0,0,0,4,10,2004,7,6.0,5.0,0,1.0,1,2,3,  ,3,3.0,0,0,1,0,0,0,0,0,0,0,0,0,0,0,0,0,0
3805,2004214308,9999.0,9999.0,46,46103,,,0,0,0,0,0,0,5,8,2004,7,18.0,1.0,0,1.0,3,0,3,  ,0,0.0,0,0,0,0,0,0,0,0,0,0,0,0,0,0,0,0,1
3806,2004214442,9999.0,9999.0,2,2445,,,0,0,0,0,0,0,4,6,2004,7,18.0,1.0,7,1.0,3,0,3,  ,0,0.0,0,0,1,0,0,0,0,0,0,0,0,0,0,0,0,0,0
3807,2004214484,9999.0,9999.0,40,40301,,,0,0,0,0,0,0,4,6,2004,7,15.0,1.0,0,1.0,2,1,3,  ,9,9.0,0,0,1,0,0,0,0,0,0,0,0,0,0,0,0,0,0
3808,2004214579,9999.0,9999.0,9,9213,40.1682,-74.8771,0,1,0,0,0,0,4,10,2004,5,20.0,2.0,7,1.0,3,0,3,  ,0,0.0,0,0,1,0,0,0,0,0,0,0,0,0,0,0,0,0,0
3809,2004214584,9999.0,9999.0,9,9213,40.154,-74.8968,0,0,0,0,0,0,4,10,2004,2,8.0,1.0,0,1.0,3,1,3,  ,2,3.0,1,0,1,0,0,0,0,0,0,0,0,0,0,0,0,0,0
3810,2004214880,9999.0,9999.0,37,37403,,,0,0,0,0,0,0,4,9,2004,3,19.0,1.0,7,1.0,3,0,3,  ,0,0.0,0,0,1,0,0,0,0,0,0,0,0,0,0,0,0,0,0
3811,2004214882,9999.0,9999.0,66,66431,39.9161,-76.5742,0,0,0,0,1,0,4,9,2004,1,18.0,1.0,0,1.0,1,0,3,  ,0,0.0,0,0,1,0,0,0,0,0,0,0,0,0,0,0,0,0,0
3812,2004215069,9999.0,9999.0,2,2422,40.3917,-80.0366,0,0,0,0,0,0,4,10,2004,5,17.0,1.0,0,9.0,3,2,7,  ,3,3.0,0,0,1,0,0,0,0,0,0,0,0,0,0,0,0,0,0
3813,2004215125,9999.0,9999.0,2,2416,40.3687,-80.0203,0,1,0,0,0,0,4,10,2004,4,13.0,1.0,0,1.0,3,5,3,  ,0,0.0,0,0,1,0,0,0,0,0,0,0,0,0,0,0,0,1,0
3814,2004215367,9999.0,9999.0,6,6301,,,0,0,0,0,0,0,4,9,2004,3,16.0,1.0,0,1.0,3,1,3,  ,3,3.0,0,0,1,0,0,0,0,0,0,0,0,0,0,0,0,0,0
3815,2004215376,9999.0,9999.0,23,23109,,,0,1,0,0,0,0,4,8,2004,1,18.0,1.0,7,1.0,3,0,3,  ,0,0.0,1,0,1,0,0,0,0,0,0,0,0,0,0,0,0,0,0
3816,2004215380,9999.0,9999.0,41,41409,,,0,0,0,0,1,0,1,9,2004,5,16.0,1.0,7,1.0,3,0,3,  ,0,0.0,0,0,0,0,0,0,0,0,0,0,0,0,0,0,0,0,0