,CRN,ARRIVAL_TM,DISPATCH_TM,COUNTY,MUNICIPALITY,DEC_LAT,DEC_LONG,BICYCLE_DEATH_COUNT,BICYCLE_SUSP_SERIOUS_INJ_COUNT,BUS_COUNT,HEAVY_TRUCK_COUNT,SMALL_TRUCK_COUNT,SUV_COUNT,COLLISION_TYPE,CRASH_MONTH,CRASH_YEAR,DAY_OF_WEEK,HOUR_OF_DAY,ILLUMINATION,LOCATION_TYPE,ROAD_CONDITION,URBAN_RURAL,INTERSECT_TYPE,WEATHER1,WEATHER2,TCD_TYPE,TCD_FUNC_CD,AGGRESSIVE_DRIVING,ALCOHOL_RELATED,ANGLE_CRASH,CELL_PHONE,COMM_VEHICLE,DISTRACTED,DRINKING_DRIVER,DRUGGED_DRIVER,FATIGUE_ASLEEP,IMPAIRED_DRIVER,NHTSA_AGG_DRIVING,RUNNING_RED_LT,RUNNING_STOP_SIGN,SPEEDING_RELATED,TAILGATING,MATURE_DRIVER,YOUNG_DRIVER
3817,2004215382,9999.0,9999.0,6,6301,,,0,0,0,0,0,0,4,9,2004,1,17.0,1.0,0,1.0,3,1,3,  ,2,3.0,0,0,1,0,0,0,0,0,0,0,0,0,0,0,0,0,1
3818,2004215385,9999.0,9999.0,6,6301,40.3458,-75.912,0,0,0,0,0,0,4,9,2004,5,16.0,1.0,0,1.0,3,1,3,  ,2,3.0,1,0,1,0,0,0,0,0,0,0,0,1,0,0,0,0,1
3819,2004215415,9999.0,9999.0,6,6301,40.3352,-75.9201,0,0,0,0,0,0,4,11,2004,2,19.0,3.0,0,1.0,3,1,3,  ,2,3.0,0,0,1,0,0,0,0,0,0,0,0,0,0,0,0,0,0
3820,2004215489,9999.0,9999.0,46,46216,40.2418,-75.3025,0,0,0,0,1,0,4,10,2004,4,16.0,1.0,7,1.0,1,0,3,  ,0,0.0,0,0,1,0,0,0,0,0,0,0,0,0,0,0,0,0,0
3821,2004215566,9999.0,9999.0,6,6301,40.3384,-75.921,0,1,0,0,0,0,4,10,2004,7,20.0,3.0,0,9.0,3,1,7,  ,3,3.0,0,0,1,0,0,0,0,0,0,0,0,0,0,0,0,0,0
3822,2004215809,9999.0,9999.0,23,23423,39.9039,-75.2701,0,0,0,0,0,0,4,11,2004,1,16.0,4.0,0,1.0,3,1,3,  ,9,9.0,0,0,1,0,0,0,0,0,0,0,0,0,0,0,0,0,0
3823,2004215975,9999.0,9999.0,9,9401,,,0,0,0,0,0,0,1,10,2004,4,11.0,1.0,0,1.0,3,0,3,  ,0,0.0,0,0,0,0,0,0,0,0,0,0,0,0,0,0,0,0,0
3824,2004216008,9999.0,9999.0,40,40301,40.9506,-75.9722,0,0,0,0,0,0,4,6,2004,1,18.0,1.0,0,1.0,2,1,3,  ,0,0.0,0,0,1,0,0,0,0,0,0,0,0,0,0,0,0,0,0
3825,2004216016,9999.0,9999.0,40,40301,,,0,0,0,0,0,0,4,5,2004,6,18.0,1.0,0,1.0,2,1,3,  ,0,0.0,0,0,1,0,0,0,0,0,0,0,0,0,0,0,0,0,0
3826,2004216018,9999.0,9999.0,40,40301,,,0,0,0,0,0,0,4,6,2004,2,17.0,1.0,0,1.0,2,1,3,  ,0,0.0,0,0,1,0,0,0,0,0,0,0,0,0,0,0,0,0,0
3827,2004216023,9999.0,9999.0,9,9403,,,0,0,0,0,0,0,4,11,2004,4,7.0,1.0,7,1.0,3,2,3,  ,3,3.0,0,0,1,0,0,0,0,0,0,0,0,0,0,0,0,0,0
3828,2004216052,9999.0,9999.0,9,9401,40.1018,-74.8639,0,0,0,1,0,0,4,11,2004,6,18.0,3.0,7,1.0,3,0,3,  ,0,0.0,0,0,1,0,0,0,0,0,0,0,0,0,0,0,0,0,0
3829,2004216088,9999.0,9999.0,40,40301,,,0,0,0,0,0,1,4,4,2004,1,16.0,1.0,0,1.0,2,1,3,  ,0,0.0,0,0,1,0,0,0,0,0,0,0,0,0,0,0,0,0,0
3830,2004216114,9999.0,9999.0,40,40301,,,0,0,0,0,0,0,4,7,2004,3,17.0,1.0,0,1.0,2,1,3,  ,3,3.0,0,0,1,0,0,0,0,0,0,0,0,0,0,0,0,0,1
3831,2004216116,9999.0,9999.0,40,40301,40.9477,-75.972,0,0,0,0,0,0,4,6,2004,1,11.0,1.0,7,1.0,2,0,3,  ,0,0.0,0,0,1,0,0,0,0,0,0,0,0,0,0,0,0,0,0
3832,2004216119,9999.0,9999.0,40,40301,40.9553,-75.9707,0,0,0,0,0,0,4,8,2004,2,19.0,1.0,0,1.0,2,1,3,  ,0,0.0,0,0,1,0,0,0,0,0,0,0,0,0,0,0,0,0,0
3833,2004216120,9999.0,9999.0,40,40301,,,0,0,0,0,0,0,4,8,2004,2,17.0,1.0,0,1.0,2,1,3,  ,0,0.0,0,0,1,0,0,0,0,0,0,0,0,0,0,0,0,0,0
3834,2004216179,9999.0,9999.0,23,23417,39.886,-75.3021,0,0,0,0,0,0,4,11,2004,4,22.0,3.0,7,9.0,3,0,7,  ,0,0.0,0,0,1,0,0,0,0,0,0,0,0,0,0,0,0,0,0
3835,2004216324,9999.0,9999.0,48,48418,40.693,-75.2378,0,0,0,0,0,0,4,8,2004,4,16.0,1.0,0,1.0,3,0,3,  ,0,0.0,0,0,1,0,0,0,0,0,0,0,0,0,0,0,0,0,0
3836,2004216332,9999.0,9999.0,48,48418,,,0,0,0,0,0,0,4,6,2004,1,20.0,1.0,0,1.0,3,2,3,  ,0,0.0,0,0,1,0,0,0,0,0,0,0,0,0,0,0,0,0,0
3837,2004216558,9999.0,9999.0,46,46111,40.1317,-75.3696,0,0,0,0,1,0,4,11,2004,3,5.0,3.0,0,1.0,3,1,3,  ,2,3.0,0,0,1,0,0,0,0,0,0,0,0,0,0,0,0,0,0
3838,2004216947,9999.0,9999.0,9,9401,,,0,0,0,0,0,1,1,11,2004,2,13.0,1.0,0,1.0,3,0,3,  ,0,0.0,0,0,0,0,0,0,0,0,0,0,0,0,0,0,0,0,0
3839,2004217018,9999.0,9999.0,36,36410,40.1628,-76.3968,0,0,0,0,0,0,4,10,2004,4,17.0,1.0,0,1.0,2,1,3,  ,2,3.0,0,0,1,0,0,0,0,0,0,0,0,0,0,0,0,0,0
3840,2004217041,9999.0,9999.0,2,2445,40.478,-79.9716,0,0,0,0,0,0,4,8,2004,7,12.0,1.0,0,1.0,3,1,3,  ,3,3.0,0,0,1,0,0,0,0,0,0,0,0,0,0,0,0,0,0
3841,2004217062,9999.0,9999.0,64,64103,40.167,-79.7968,0,0,0,0,1,0,4,8,2004,1,18.0,1.0,0,1.0,1,1,3,  ,3,3.0,0,0,1,0,0,0,0,0,0,0,0,0,0,0,0,0,1
3842,2004217091,9999.0,9999.0,48,48101,,,0,0,0,0,0,0,4,9,2004,5,18.0,4.0,0,1.0,3,1,3,  ,3,3.0,0,0,1,0,0,0,0,0,0,0,0,0,0,0,0,0,0
3843,2004217582,9999.0,9999.0,66,66413,,,0,0,0,0,0,0,4,12,2004,5,14.0,1.0,7,2.0,2,0,3,  ,0,0.0,0,0,1,0,0,0,0,0,0,0,0,0,0,0,0,0,0
3844,2004217887,9999.0,9999.0,15,15213,40.1649,-75.6523,0,1,0,0,0,0,4,12,2004,7,12.0,1.0,0,1.0,1,1,3,  ,3,3.0,0,0,1,0,0,0,0,0,0,0,0,0,0,0,0,0,0
3845,2004217908,9999.0,9999.0,40,40414,41.2571,-75.8927,0,0,0,0,0,0,4,3,2004,6,17.0,1.0,0,1.0,3,1,3,  ,2,3.0,0,0,1,0,0,0,0,0,0,0,0,0,0,0,0,0,0
3846,2004218065,9999.0,9999.0,40,40414,41.2648,-75.9057,0,0,0,0,0,1,4,6,2004,1,13.0,1.0,7,1.0,3,0,3,  ,0,0.0,0,0,1,0,0,0,0,0,0,0,0,0,0,0,0,0,0
3847,2004218073,9999.0,9999.0,40,40414,41.2559,-75.8915,0,0,0,0,0,0,4,6,2004,2,19.0,1.0,0,1.0,3,1,3,  ,2,3.0,1,0,1,0,0,0,0,0,0,0,0,0,0,0,0,0,0
3848,2004218235,9999.0,9999.0,46,46208,40.1489,-75.3968,0,0,0,0,0,0,1,8,2004,3,17.0,1.0,0,1.0,3,2,3,  ,0,0.0,0,0,0,0,0,0,0,0,0,0,0,0,0,0,0,0,0
3849,2004218327,9999.0,9999.0,46,46208,40.1423,-75.3899,0,0,0,0,0,0,4,9,2004,5,16.0,1.0,7,1.0,3,0,3,  ,2,3.0,0,0,1,0,0,0,0,0,0,0,0,0,0,0,0,0,0
3850,2004218679,9999.0,9999.0,41,41409,,,0,0,0,0,0,1,4,9,2004,5,15.0,1.0,0,1.0,3,1,3,  ,0,0.0,0,0,1,0,0,0,0,0,0,0,0,0,0,0,0,0,1
3851,2004219005,9999.0,9999.0,46,46111,40.1369,-75.3784,0,1,0,0,0,1,4,12,2004,5,19.0,3.0,0,9.0,3,2,7,  ,3,3.0,1,0,1,0,0,0,0,0,0,0,0,0,0,0,0,0,0
3852,2004219010,9999.0,9999.0,46,46105,40.1253,-75.0372,0,1,0,0,0,0,4,12,2004,2,22.0,3.0,0,1.0,3,0,3,  ,0,0.0,0,0,1,0,0,0,0,0,0,0,0,0,0,0,0,0,0
3853,2004219312,9999.0,9999.0,4,4403,40.6414,-80.2322,0,1,0,0,0,0,2,6,2004,1,21.0,3.0,0,1.0,3,0,3,  ,0,0.0,0,0,0,0,0,0,0,0,0,0,0,0,0,0,0,0,1
3854,2004219613,9999.0,9999.0,66,66301,,,0,0,0,0,0,0,4,2,2004,6,22.0,2.0,0,1.0,3,0,3,  ,0,0.0,0,0,1,0,0,0,0,0,0,0,0,0,0,0,0,0,0
3855,2004219653,9999.0,9999.0,46,46104,,,0,0,0,0,0,0,4,3,2004,3,13.0,1.0,0,1.0,3,0,3,  ,0,0.0,1,0,1,0,0,0,0,0,0,0,0,0,0,0,0,0,0
3856,2004219666,9999.0,9999.0,25,25416,42.1403,-80.0151,0,0,0,0,1,0,4,3,2004,4,15.0,1.0,0,1.0,3,2,3,  ,0,0.0,1,0,1,0,0,0,0,0,0,0,0,0,0,0,0,0,0
3857,2004219699,9999.0,9999.0,67,67301,,,0,1,0,0,0,0,4,3,2004,2,22.0,3.0,0,1.0,3,0,3,  ,0,0.0,0,0,1,0,0,0,0,0,0,0,0,0,0,0,0,0,0
3858,2004219825,9999.0,9999.0,67,67301,,,0,0,0,0,0,0,6,6,2004,2,20.0,3.0,0,9.0,3,2,7,  ,0,0.0,1,0,0,0,0,0,0,0,0,0,0,0,0,0,0,0,0
3859,2004219864,9999.0,9999.0,39,39104,40.5476,-75.5522,0,0,0,0,0,0,4,7,2004,5,15.0,1.0,0,1.0,3,0,3,  ,0,0.0,0,0,1,0,0,0,0,0,0,0,0,0,0,0,0,1,0
3860,2004219868,9999.0,9999.0,39,39104,40.5478,-75.5522,0,0,0,0,0,0,4,7,2004,5,16.0,1.0,0,1.0,3,0,3,  ,0,0.0,0,0,1,0,0,0,0,0,0,0,0,0,0,0,0,0,0
3861,2004219892,9999.0,9999.0,67,67301,,,0,0,0,0,0,0,5,7,2004,4,7.0,1.0,0,1.0,3,0,3,  ,0,0.0,0,0,0,0,0,0,0,0,0,0,0,0,0,0,0,0,0
3862,2004219917,9999.0,9999.0,67,67301,,,0,0,0,0,0,0,1,7,2004,5,16.0,1.0,0,1.0,3,0,3,  ,0,0.0,0,0,0,0,0,0,0,0,0,0,0,0,0,0,0,0,0
3863,2004219928,9999.0,9999.0,67,67301,40.013,-75.1194,0,0,0,0,0,0,4,7,2004,1,21.0,3.0,0,1.0,3,1,3,  ,2,3.0,1,0,1,0,0,0,0,0,0,0,0,0,0,0,0,0,0
3864,2004219996,9999.0,9999.0,67,67301,39.948,-75.1537,0,0,0,0,0,0,1,9,2004,6,0.0,3.0,0,1.0,3,0,3,  ,0,0.0,0,0,0,0,0,0,0,0,0,0,0,0,0,0,0,0,0
3865,2004220016,9999.0,9999.0,37,37205,41.0556,-80.3577,0,0,0,0,0,0,4,9,2004,7,18.0,1.0,0,1.0,1,0,3,  ,0,0.0,0,0,1,0,0,0,0,0,0,0,0,0,0,0,0,1,0
3866,2004220032,9999.0,9999.0,2,2301,40.4287,-79.9791,0,0,0,0,0,0,4,9,2004,6,1.0,3.0,0,1.0,3,1,3,  ,2,3.0,1,0,1,0,0,0,0,0,0,0,0,0,0,0,0,0,0
3867,2004220135,9999.0,9999.0,2,2301,,,0,0,0,0,0,0,4,11,2004,5,17.0,1.0,0,1.0,3,99,3,  ,9,9.0,0,0,1,0,0,0,0,0,0,0,0,0,0,0,0,0,0
3868,2004220173,9999.0,9999.0,67,67301,,,0,0,0,0,0,0,4,12,2004,7,22.0,3.0,0,1.0,3,1,3,  ,2,3.0,1,0,1,0,0,0,0,0,0,0,0,1,0,0,0,0,0
3869,2004604331,9999.0,9999.0,40,40301,,,0,0,0,0,0,0,1,9,2004,7,17.0,9.0,0,1.0,2,2,3,  ,3,3.0,0,0,0,0,0,0,0,0,0,0,0,0,0,0,0,1,0
3870,2004604469,9999.0,9999.0,40,40301,,,0,0,0,0,0,0,4,8,2004,6,16.0,1.0,0,1.0,2,1,3,  ,3,3.0,0,0,1,0,0,0,0,0,0,0,0,0,0,0,0,0,0
3871,2005000564,1723.0,1700.0,48,48301,40.6276,-75.3782,0,0,0,0,0,0,7,6,2004,7,17.0,1.0,0,9.0,3,1,7,  ,3,3.0,0,0,0,0,0,0,0,0,0,0,0,0,0,0,0,0,0
3872,2005000986,1558.0,1555.0,38,38209,40.3533,-76.4071,0,0,0,0,1,0,4,5,2004,2,15.0,1.0,0,1.0,1,0,3,  ,0,0.0,0,0,1,0,0,0,0,0,0,0,0,0,0,0,0,0,0
3873,2005001298,1800.0,1800.0,46,46202,40.1432,-75.3255,0,0,0,0,0,0,5,3,2004,5,15.0,1.0,7,1.0,3,0,3,  ,0,0.0,1,0,0,0,0,0,0,0,0,0,0,0,0,0,0,0,0
3874,2005001376,1428.0,1425.0,5,5401,,,0,0,0,0,0,0,4,4,2004,1,14.0,1.0,0,1.0,1,2,3,  ,3,9.0,0,0,1,0,0,0,0,0,0,0,0,0,0,0,0,1,0
3875,2005001541,1558.0,1552.0,38,38301,40.3428,-76.3972,0,0,0,0,0,0,2,6,2004,6,15.0,1.0,0,9.0,2,0,7,05,0,0.0,0,0,0,0,0,0,0,0,0,0,0,0,0,0,0,0,0
3876,2005001590,1835.0,1835.0,36,36301,40.0304,-76.2911,0,0,0,0,0,0,4,5,2004,3,18.0,1.0,0,1.0,3,2,3,  ,3,3.0,0,0,1,0,0,0,0,0,0,0,0,0,0,0,0,0,0
3877,2005001638,919.0,915.0,25,25213,,,0,0,0,0,0,1,4,6,2004,6,8.0,1.0,0,1.0,3,1,3,  ,3,3.0,1,0,1,0,0,1,0,0,0,0,0,0,0,0,0,0,0
3878,2005001643,1417.0,1414.0,46,46107,40.0851,-75.2953,0,0,0,0,0,0,4,3,2004,1,14.0,1.0,0,1.0,3,2,3,  ,3,3.0,1,0,1,0,0,0,0,0,0,0,0,0,0,0,0,0,1
3879,2005001703,849.0,849.0,46,46104,39.9833,-75.2781,0,0,0,0,0,0,5,6,2004,2,8.0,1.0,0,1.0,3,0,3,  ,0,0.0,1,0,0,0,0,0,0,0,0,0,0,0,0,0,0,0,0
3880,2005001708,522.0,519.0,39,39301,40.6139,-75.4688,0,0,0,0,1,0,8,2,2004,5,5.0,3.0,0,1.0,3,2,3,  ,0,0.0,0,0,0,0,0,0,0,0,0,0,0,0,0,0,0,0,0
3881,2005001724,1411.0,1410.0,39,39301,40.5944,-75.4847,0,0,0,0,0,0,4,2,2004,1,14.0,1.0,0,1.0,3,1,3,  ,0,0.0,0,0,1,0,0,0,0,0,0,0,0,0,0,0,0,0,0
3882,2005001984,1421.0,1419.0,64,64306,40.5881,-79.7448,0,0,0,0,0,0,4,6,2004,6,14.0,1.0,7,1.0,3,0,3,  ,0,0.0,0,0,1,0,0,0,0,0,0,0,0,0,0,0,0,1,0
3883,2005002142,1331.0,1331.0,67,67301,39.9482,-75.2212,0,0,0,0,0,0,5,7,2004,1,13.0,1.0,0,1.0,3,1,3,  ,2,3.0,0,0,0,0,0,0,0,0,0,0,0,0,0,0,0,0,0
3884,2005002144,1754.0,1750.0,67,67301,39.9583,-75.1673,0,0,0,0,0,0,4,6,2004,3,17.0,1.0,0,1.0,3,1,3,  ,2,3.0,0,0,1,0,0,0,0,0,0,0,0,0,0,0,0,0,0
3885,2005002205,1700.0,1658.0,22,22202,40.2722,-76.6593,0,0,0,0,0,1,4,4,2004,5,16.0,1.0,0,1.0,3,1,3,  ,2,3.0,0,0,1,0,0,0,0,0,0,0,0,0,0,0,0,0,0
3886,2005002286,1102.0,1059.0,15,15301,,,0,0,0,0,0,0,4,4,2004,7,10.0,1.0,0,1.0,3,1,3,  ,3,3.0,0,0,1,0,0,0,0,0,0,0,0,0,0,0,0,0,0
3887,2005002269,1838.0,1837.0,39,39302,,,0,0,0,0,0,0,4,4,2004,5,18.0,4.0,0,1.0,3,1,3,  ,0,0.0,0,0,1,0,0,0,0,0,0,0,0,0,0,0,0,0,0
3888,2005002271,1902.0,1901.0,48,48301,40.6112,-75.3797,0,0,0,0,1,0,4,4,2004,4,19.0,1.0,0,1.0,3,2,3,  ,0,0.0,0,0,1,0,0,0,0,0,0,0,0,0,0,0,0,0,0
3889,2005002322,1836.0,1834.0,25,25302,,,0,0,0,0,1,0,4,4,2004,6,18.0,1.0,0,1.0,3,1,3,  ,3,3.0,0,0,1,0,0,0,0,0,0,0,0,0,0,0,0,0,0
3890,2005002558,1945.0,1937.0,67,67301,,,0,0,0,0,0,0,4,7,2004,3,19.0,1.0,0,1.0,3,0,3,  ,0,0.0,0,1,1,0,0,0,0,0,0,0,0,0,0,0,0,0,0
3891,2005002582,1939.0,1932.0,67,67301,,,0,0,0,0,1,0,8,6,2004,7,19.0,1.0,0,1.0,3,0,3,  ,7,9.0,0,0,0,0,0,0,0,1,0,1,0,0,0,0,0,0,0
3892,2005002594,1248.0,1245.0,67,67301,39.9958,-75.1915,0,0,0,0,0,0,5,6,2004,1,12.0,1.0,0,1.0,3,0,3,  ,0,0.0,1,0,0,0,0,0,0,0,0,0,0,0,0,0,0,1,0
3893,2005002599,1632.0,1629.0,23,23210,39.9235,-75.4071,0,0,0,0,0,1,5,8,2004,3,16.0,1.0,0,1.0,3,0,3,  ,0,0.0,0,0,0,0,0,0,0,0,0,0,0,0,0,0,0,0,1
3894,2005002909,1623.0,1620.0,66,66428,39.7561,-76.5989,0,0,0,0,0,0,6,10,2004,2,16.0,1.0,0,1.0,1,2,3,  ,3,3.0,0,0,0,0,0,0,0,0,0,0,0,0,0,0,0,0,0
3895,2005003179,1442.0,1442.0,14,14410,,,0,0,1,0,0,0,5,10,2004,5,14.0,1.0,0,9.0,3,0,3,  ,0,0.0,1,0,0,0,1,0,0,0,0,0,1,0,0,0,0,0,0
3896,2005003489,1450.0,1450.0,6,6408,40.5501,-75.9765,0,0,0,0,0,0,8,10,2004,6,14.0,1.0,0,1.0,1,10,3,  ,0,0.0,0,0,0,0,0,0,0,0,0,0,0,0,0,0,0,0,1
3897,2005003530,1903.0,1858.0,67,67301,,,0,0,0,0,0,0,8,6,2004,4,18.0,1.0,0,9.0,3,0,3,  ,0,0.0,0,0,0,0,0,0,0,0,0,0,0,0,0,0,0,0,0
3898,2005003822,1708.0,1655.0,66,66415,39.8176,-76.8407,0,0,0,1,0,0,4,8,2004,2,16.0,1.0,0,1.0,1,2,3,  ,3,3.0,0,0,1,0,1,0,0,0,0,0,0,0,0,0,0,0,0
3899,2005003872,1152.0,1447.0,66,66204,40.0163,-76.8008,0,0,0,0,0,0,2,11,2004,1,14.0,1.0,0,1.0,1,2,3,  ,3,3.0,0,0,0,0,0,0,0,0,0,0,0,0,0,0,0,0,0
3900,2005004373,1528.0,1528.0,62,62302,40.1727,-80.2536,0,0,0,0,0,1,2,5,2004,2,15.0,1.0,0,1.0,3,2,3,  ,0,0.0,0,0,0,0,0,0,0,0,0,0,0,0,0,0,0,0,0
3901,2005004412,1335.0,1330.0,67,67301,40.029,-75.1228,0,0,0,0,0,0,8,10,2004,4,13.0,1.0,0,1.0,3,0,3,  ,0,0.0,0,0,0,0,0,0,0,0,0,0,0,0,0,0,0,0,0
3902,2005004433,1640.0,1638.0,43,43407,41.2285,-80.2368,0,0,0,0,0,0,4,6,2004,4,16.0,1.0,0,1.0,1,1,3,  ,0,0.0,0,0,1,0,0,0,0,0,0,0,0,0,0,0,0,1,0
3903,2005004435,851.0,849.0,46,46416,40.2442,-75.6389,0,0,0,0,0,0,4,6,2004,3,8.0,1.0,0,1.0,2,1,3,  ,2,3.0,0,0,1,0,0,0,0,0,0,0,0,0,0,0,0,0,1
3904,2005004437,1343.0,1343.0,46,46416,40.2454,-75.6395,0,0,0,0,0,0,4,7,2004,7,13.0,1.0,0,1.0,2,1,3,  ,3,3.0,0,0,1,0,0,0,0,0,0,0,0,0,0,0,0,1,0
3905,2005004578,1348.0,1346.0,25,25302,,,0,0,0,0,0,0,4,6,2004,5,13.0,1.0,0,1.0,3,1,3,  ,2,3.0,0,0,1,0,0,0,0,0,0,0,0,0,0,0,0,0,0
3906,2005004579,1652.0,1648.0,25,25302,,,0,0,0,0,0,0,4,4,2004,5,16.0,1.0,0,1.0,3,1,3,  ,3,3.0,0,0,1,0,0,0,0,0,0,0,0,0,0,0,0,0,0
3907,2005004583,952.0,950.0,2,2108,40.5895,-80.0191,0,0,0,0,0,1,5,6,2004,1,9.0,1.0,0,1.0,3,0,3,  ,0,0.0,0,0,0,0,0,0,0,0,0,0,0,0,0,0,0,0,1
3908,2005004627,1535.0,1531.0,67,67301,39.968,-75.2382,0,1,0,0,1,0,4,6,2004,7,15.0,1.0,0,1.0,3,2,3,  ,1,9.0,0,0,1,0,0,0,0,0,0,0,0,0,0,0,0,0,0
3909,2005004683,1849.0,1845.0,39,39301,40.6183,-75.474,0,0,0,0,0,0,4,5,2004,5,18.0,1.0,0,1.0,3,2,3,  ,3,3.0,0,0,1,0,0,0,0,0,0,0,0,0,0,0,0,1,0
3910,2005005236,1705.0,1702.0,14,14410,40.8013,-77.8746,0,0,0,0,0,1,5,4,2004,6,17.0,1.0,0,1.0,3,0,3,  ,0,0.0,0,0,0,0,0,0,0,0,0,0,0,0,0,0,0,0,0
3911,2005005615,1455.0,1448.0,9,9205,40.2733,-75.1574,0,0,0,0,0,0,5,6,2004,5,14.0,1.0,0,1.0,3,0,3,  ,0,0.0,1,0,0,0,0,0,0,0,0,0,0,0,0,0,0,0,0
3912,2005005692,1755.0,1753.0,2,2301,40.4686,-79.9623,0,0,0,0,0,0,8,5,2004,5,17.0,1.0,0,1.0,3,1,3,  ,0,0.0,1,0,0,0,0,0,0,0,0,0,0,0,0,0,0,0,0
3913,2005006085,1045.0,1040.0,67,67301,40.0418,-75.0883,0,0,0,0,0,0,4,6,2004,7,,1.0,0,1.0,3,0,3,  ,0,0.0,0,0,1,0,0,0,0,0,0,0,0,0,0,0,0,0,0
3914,2005006106,1425.0,1410.0,67,67301,,,0,0,0,0,0,0,4,6,2004,4,14.0,1.0,0,1.0,3,1,3,  ,2,3.0,0,0,1,0,0,0,0,0,0,0,0,0,0,0,0,0,0
3915,2005006187,1500.0,1412.0,23,23207,,,0,0,0,0,1,0,2,4,2004,7,14.0,1.0,0,1.0,3,0,3,  ,0,0.0,1,0,0,0,0,0,0,0,0,0,0,0,0,0,0,0,1
3916,2005006444,955.0,947.0,22,22101,40.3283,-76.8688,0,0,0,0,0,0,0,5,2004,3,9.0,1.0,0,1.0,3,0,3,  ,0,0.0,0,0,0,0,0,0,0,0,0,0,0,0,0,0,0,1,0
3917,2005006470,715.0,713.0,15,15239,,,0,0,0,0,0,0,4,3,2004,4,7.0,1.0,0,9.0,1,0,10,  ,0,0.0,0,0,1,0,0,0,0,0,0,0,0,0,0,0,0,0,0
3918,2005006715,1959.0,1954.0,36,36301,40.0332,-76.3054,0,0,0,0,0,0,4,5,2004,7,19.0,1.0,0,1.0,3,0,3,  ,3,3.0,0,0,1,0,0,1,0,0,0,0,0,0,0,0,0,1,0
3919,2005006808,2214.0,2212.0,23,23301,39.8396,-75.3854,0,0,0,0,0,0,1,5,2004,3,22.0,3.0,0,1.0,3,2,3,  ,0,0.0,0,0,0,0,0,0,0,0,0,0,0,0,0,0,0,0,0
3920,2005006865,1559.0,1557.0,25,25213,42.0964,-80.1433,0,0,0,0,0,0,4,7,2004,6,15.0,1.0,0,1.0,3,2,3,  ,3,3.0,0,0,1,0,0,0,0,0,0,0,0,0,0,0,0,0,0
3921,2005006880,1614.0,1611.0,46,46104,40.0012,-75.2762,0,0,0,0,0,0,4,4,2004,4,16.0,1.0,0,1.0,3,1,3,  ,2,3.0,0,0,1,0,0,0,0,0,0,0,0,0,0,0,0,1,0
3922,2005006927,1613.0,1613.0,28,28402,39.7902,-77.7276,0,0,0,0,0,0,4,6,2004,2,16.0,1.0,0,1.0,1,1,3,  ,0,0.0,0,0,1,0,0,0,0,0,0,0,0,0,0,0,0,1,0
3923,2005006948,1948.0,1945.0,7,7301,40.5072,-78.4009,0,0,0,0,0,1,4,5,2004,2,19.0,1.0,0,1.0,3,1,3,  ,0,0.0,0,0,1,0,0,0,0,0,0,0,0,0,0,0,0,0,0
3924,2005007108,2331.0,2325.0,49,49302,,,0,0,0,0,0,1,4,4,2004,4,23.0,3.0,0,1.0,2,0,3,  ,0,0.0,0,0,1,0,0,0,0,0,0,0,0,0,0,0,0,0,0
3925,2005007139,1010.0,1003.0,67,67301,,,0,0,0,0,0,0,4,6,2004,6,21.0,3.0,0,9.0,3,2,3,  ,0,0.0,0,0,1,0,0,0,0,0,0,0,0,0,0,0,0,0,0
3926,2005007146,1015.0,1010.0,67,67301,40.0207,-75.0679,0,0,0,0,0,0,4,6,2004,2,10.0,1.0,0,1.0,3,1,3,  ,3,3.0,0,0,1,1,0,1,0,0,0,0,0,0,0,0,0,0,0
3927,2005007147,1630.0,1615.0,67,67301,,,0,0,0,0,0,0,2,6,2004,5,16.0,1.0,0,1.0,3,1,3,  ,0,0.0,0,0,0,0,0,0,0,0,0,0,0,0,0,0,0,1,0
3928,2005007148,1730.0,1723.0,67,67301,39.9683,-75.2293,0,0,0,0,0,0,2,6,2004,4,17.0,1.0,0,1.0,3,0,3,  ,0,0.0,0,0,0,0,0,0,0,0,0,0,0,0,0,0,0,0,1
3929,2005007149,1155.0,1153.0,67,67301,39.9621,-75.2289,0,0,0,0,0,0,4,6,2004,4,,3.0,0,1.0,3,1,3,  ,0,0.0,0,0,1,0,0,0,0,0,0,0,0,0,0,0,0,0,0
3930,2005007214,1708.0,1704.0,25,25302,,,0,0,0,0,0,0,4,5,2004,5,1.0,3.0,0,1.0,3,0,3,  ,0,0.0,0,0,1,0,0,0,0,0,0,0,0,0,0,0,0,0,0
3931,2005007295,2145.0,2145.0,25,25302,42.1062,-80.0981,0,0,0,0,0,0,4,6,2004,1,21.0,3.0,0,1.0,3,0,3,  ,0,0.0,0,0,1,0,0,0,0,0,0,0,0,0,0,0,0,0,0
3932,2005008411,1859.0,1856.0,38,38301,,,0,1,0,0,0,0,4,6,2004,1,18.0,1.0,0,1.0,2,1,3,  ,3,3.0,0,0,1,0,0,0,0,0,0,0,0,0,0,0,0,0,0
3933,2005008606,2045.0,2043.0,25,25302,42.1124,-80.0722,0,0,0,0,1,0,4,3,2004,6,20.0,3.0,0,1.0,3,1,3,  ,2,3.0,0,0,1,0,0,0,0,0,0,0,0,0,0,0,0,0,0
3934,2005008742,1608.0,1608.0,62,62302,40.1678,-80.2447,0,0,0,0,0,0,4,6,2004,3,,1.0,0,1.0,3,1,3,  ,2,3.0,0,0,1,0,0,0,0,0,0,0,0,0,0,0,0,0,0