,CRN,ARRIVAL_TM,DISPATCH_TM,COUNTY,MUNICIPALITY,DEC_LAT,DEC_LONG,BICYCLE_DEATH_COUNT,BICYCLE_SUSP_SERIOUS_INJ_COUNT,BUS_COUNT,HEAVY_TRUCK_COUNT,SMALL_TRUCK_COUNT,SUV_COUNT,COLLISION_TYPE,CRASH_MONTH,CRASH_YEAR,DAY_OF_WEEK,HOUR_OF_DAY,ILLUMINATION,LOCATION_TYPE,ROAD_CONDITION,URBAN_RURAL,INTERSECT_TYPE,WEATHER1,WEATHER2,TCD_TYPE,TCD_FUNC_CD,AGGRESSIVE_DRIVING,ALCOHOL_RELATED,ANGLE_CRASH,CELL_PHONE,COMM_VEHICLE,DISTRACTED,DRINKING_DRIVER,DRUGGED_DRIVER,FATIGUE_ASLEEP,IMPAIRED_DRIVER,NHTSA_AGG_DRIVING,RUNNING_RED_LT,RUNNING_STOP_SIGN,SPEEDING_RELATED,TAILGATING,MATURE_DRIVER,YOUNG_DRIVER
3935,2005008779,1356.0,1354.0,7,7301,40.4997,-78.4147,0,0,0,0,0,0,4,7,2004,5,13.0,1.0,0,1.0,3,1,3,  ,0,0.0,0,0,1,0,0,0,0,0,0,0,0,0,0,0,0,0,0
3936,2005008823,1312.0,1312.0,14,14216,40.8097,-77.9102,0,0,0,0,0,0,4,8,2004,7,13.0,1.0,0,1.0,1,2,3,  ,2,3.0,0,0,1,0,0,0,0,0,0,0,0,0,0,0,0,0,0
3937,2005008882,1838.0,1837.0,46,46416,,,0,0,0,0,0,0,4,3,2004,2,18.0,3.0,0,1.0,2,1,3,  ,3,3.0,0,0,1,0,0,0,0,0,0,0,0,0,0,0,0,0,0
3938,2005008957,1303.0,1300.0,2,2304,,,0,0,0,0,0,0,4,6,2004,4,13.0,1.0,0,1.0,3,2,3,  ,0,0.0,0,0,1,0,0,0,0,0,0,0,0,0,0,0,0,0,0
3939,2005008963,1705.0,1657.0,32,32408,40.6183,-79.1534,0,0,0,0,0,0,4,8,2004,7,14.0,1.0,0,1.0,2,2,3,  ,3,3.0,1,0,1,0,0,0,0,0,0,0,0,0,1,0,0,0,0
3940,2005009134,1807.0,1804.0,2,2108,,,0,0,0,0,0,0,4,8,2004,5,18.0,1.0,0,1.0,3,0,3,  ,3,3.0,0,0,1,0,0,0,0,0,0,0,0,0,0,0,0,0,0
3941,2005009208,847.0,846.0,23,23424,39.9077,-75.3466,0,0,0,0,0,0,4,6,2004,4,8.0,1.0,0,1.0,3,2,3,  ,0,0.0,0,0,1,0,0,0,0,0,0,0,0,0,0,0,0,0,0
3942,2005009270,1456.0,1454.0,6,6214,40.3176,-75.8734,0,0,0,0,1,0,2,9,2004,4,14.0,1.0,0,1.0,3,1,3,05,0,0.0,0,0,0,0,0,1,0,0,0,0,0,0,0,0,0,0,1
3943,2005009453,1215.0,1209.0,2,2301,,,0,0,0,0,0,0,2,8,2004,3,12.0,1.0,0,1.0,3,1,3,  ,2,3.0,0,0,0,0,0,0,0,0,0,0,0,0,0,0,0,0,0
3944,2005009464,2131.0,2127.0,2,2301,40.3949,-80.0216,0,0,0,0,0,0,4,8,2004,3,21.0,3.0,0,1.0,3,2,3,  ,2,3.0,0,0,1,0,0,0,0,0,0,0,0,0,0,0,0,0,0
3945,2005009844,1337.0,1335.0,23,23111,39.9555,-75.2518,0,0,0,0,0,0,4,7,2004,5,13.0,1.0,0,1.0,3,2,3,  ,2,3.0,0,0,1,0,0,0,0,0,0,0,0,0,0,0,0,1,0
3946,2005009851,1657.0,1655.0,23,23111,39.9635,-75.268,0,0,0,0,0,0,4,7,2004,3,16.0,1.0,0,1.0,3,1,3,  ,3,9.0,0,0,1,0,0,0,0,0,0,0,0,0,0,0,0,0,0
3947,2005009875,933.0,932.0,23,23111,39.9667,-75.2712,0,0,0,0,0,0,4,7,2004,3,9.0,1.0,0,9.0,3,2,7,  ,3,3.0,0,0,1,0,0,0,0,0,0,0,0,0,0,0,0,0,0
3948,2005010148,1437.0,1432.0,6,6203,40.3234,-75.7722,0,0,0,0,0,1,4,8,2004,4,14.0,1.0,0,1.0,1,1,3,  ,0,0.0,0,0,1,0,0,0,0,0,0,0,0,0,0,0,0,0,0
3949,2005010257,2021.0,2020.0,25,25302,42.1201,-80.0514,0,0,0,0,0,0,4,8,2004,2,20.0,1.0,0,1.0,3,1,3,  ,2,3.0,0,0,1,0,0,0,0,0,0,0,0,0,0,0,0,0,0
3950,2005010367,1320.0,1318.0,46,46104,40.0054,-75.243,0,0,0,0,0,0,1,6,2004,2,13.0,1.0,0,1.0,3,3,3,  ,0,0.0,0,0,0,0,0,0,0,0,0,0,0,0,0,0,0,0,0
3951,2005010372,859.0,857.0,46,46412,40.0015,-75.2638,0,0,0,0,0,0,5,7,2004,6,8.0,1.0,0,1.0,3,2,3,  ,0,0.0,1,0,0,0,0,0,0,0,0,0,0,0,0,0,0,1,0
3952,2005010400,2156.0,2153.0,46,46416,40.2442,-75.6281,0,0,0,0,0,0,6,7,2004,2,21.0,3.0,0,1.0,2,1,3,  ,2,3.0,0,0,0,0,0,0,0,0,0,0,0,0,0,0,0,0,0
3953,2005010461,1550.0,1536.0,66,66410,,,0,0,0,0,0,0,4,7,2004,7,14.0,1.0,0,1.0,1,2,3,  ,3,3.0,0,0,1,0,0,0,0,0,0,0,0,0,0,0,0,0,0
3954,2005010505,1225.0,1223.0,36,36215,40.0374,-76.2653,0,0,0,0,0,0,4,8,2004,2,12.0,1.0,0,1.0,1,0,3,  ,0,0.0,0,0,1,0,0,0,0,0,0,0,0,0,0,0,0,0,0
3955,2005010524,1753.0,1753.0,25,25302,42.115,-80.0651,0,0,0,0,0,0,2,8,2004,7,17.0,1.0,0,1.0,3,0,3,  ,0,0.0,0,0,0,0,0,0,0,0,0,0,0,0,0,0,0,0,0
3956,2005010576,1124.0,1121.0,46,46201,,,0,0,0,0,1,0,4,7,2004,7,11.0,1.0,99,1.0,1,2,3,  ,3,3.0,0,0,1,0,0,0,0,0,0,0,0,0,0,0,0,0,0
3957,2005010749,1614.0,1609.0,2,2301,40.4541,-79.9632,0,0,0,0,0,0,4,8,2004,1,16.0,1.0,0,1.0,3,2,3,  ,0,0.0,1,0,1,0,0,0,0,0,0,0,0,0,0,1,0,0,0
3958,2005010946,1635.0,1630.0,67,67301,40.0089,-75.194,0,0,0,0,0,0,4,6,2004,7,16.0,1.0,0,1.0,3,1,3,  ,2,3.0,0,0,1,0,0,0,0,0,0,0,0,0,0,0,0,0,0
3959,2005010950,2115.0,2115.0,67,67301,40.0295,-75.1862,0,0,0,0,0,0,8,6,2004,4,21.0,3.0,0,1.0,3,1,3,  ,2,3.0,1,0,0,0,0,0,0,0,0,0,0,0,0,0,0,0,0
3960,2005010962,610.0,610.0,67,67301,40.0097,-75.1547,0,0,1,0,0,0,5,6,2004,7,6.0,1.0,0,1.0,3,0,3,  ,0,0.0,0,0,0,0,1,0,0,0,0,0,0,0,0,0,0,0,0
3961,2005010966,1521.0,1519.0,67,67301,,,0,0,0,0,0,0,4,6,2004,6,14.0,1.0,7,1.0,3,10,3,  ,0,0.0,0,0,1,0,0,0,0,0,0,0,0,0,0,0,0,0,0
3962,2005011160,1532.0,1526.0,15,15229,,,0,1,0,0,0,0,4,4,2004,7,15.0,1.0,0,1.0,1,0,3,  ,0,0.0,0,0,1,0,0,0,0,0,0,0,0,0,0,0,0,0,0
3963,2005011175,1903.0,1854.0,64,64209,,,0,0,0,0,0,0,5,4,2004,3,17.0,1.0,0,1.0,3,0,3,  ,0,0.0,1,0,0,0,0,0,0,0,0,0,0,0,0,0,0,0,0
3964,2005011321,1124.0,1113.0,6,6243,40.3778,-75.61,0,0,0,0,0,0,5,3,2004,7,11.0,1.0,0,1.0,1,2,3,  ,0,0.0,1,0,0,0,0,0,0,0,0,0,0,0,0,0,0,1,0
3965,2005011644,1500.0,1450.0,15,15246,39.8927,-75.9201,0,0,0,0,0,0,4,4,2004,7,14.0,1.0,0,1.0,1,1,3,  ,2,3.0,0,0,1,0,0,0,0,0,0,0,0,0,0,0,0,1,0
3966,2005011692,934.0,933.0,67,67301,39.9842,-75.099,0,0,0,0,0,0,2,6,2004,2,9.0,1.0,0,1.0,3,1,3,  ,3,3.0,1,0,0,0,0,0,0,0,0,0,0,0,0,0,0,0,0
3967,2005011693,1515.0,1505.0,67,67301,40.0079,-75.1377,0,0,0,0,0,1,5,6,2004,2,14.0,1.0,0,1.0,3,0,3,  ,0,0.0,0,0,0,0,0,0,0,0,0,0,0,0,0,0,0,0,1
3968,2005011696,1730.0,1730.0,67,67301,40.0022,-75.1336,0,0,0,0,0,0,8,6,2004,1,11.0,1.0,99,9.0,3,2,7,  ,3,9.0,0,0,0,0,0,0,0,0,0,0,0,0,0,0,0,0,0
3969,2005011706,1800.0,1800.0,67,67301,,,0,0,0,0,0,0,9,4,2004,7,99.0,1.0,0,1.0,3,0,3,  ,3,9.0,0,0,0,0,0,0,0,0,0,0,0,0,0,0,0,0,0
3970,2005011742,0.0,1730.0,3,3406,,,0,0,0,0,0,1,4,7,2004,4,16.0,1.0,0,1.0,2,1,3,  ,0,0.0,0,0,1,0,0,0,0,0,0,0,0,0,0,0,0,0,0
3971,2005011749,2110.0,2100.0,67,67301,39.9658,-75.2462,0,0,0,0,0,0,5,6,2004,3,20.0,3.0,0,9.0,3,0,7,  ,0,0.0,0,0,0,0,0,0,0,0,0,0,0,0,0,0,0,0,0
3972,2005011756,140.0,134.0,67,67301,39.9964,-75.1135,0,0,0,0,0,0,8,7,2004,2,1.0,3.0,0,1.0,3,1,3,  ,2,3.0,0,0,0,0,0,0,0,0,0,0,0,0,0,0,0,0,0
3973,2005011831,2159.0,2159.0,67,67301,40.0235,-75.0765,0,0,0,0,0,0,8,7,2004,7,,3.0,7,1.0,3,0,3,  ,3,9.0,0,0,0,0,0,0,0,0,0,0,0,0,0,0,0,0,0
3974,2005011877,2240.0,2235.0,25,25302,,,0,0,0,0,0,0,4,8,2004,1,22.0,2.0,0,1.0,3,1,3,  ,0,0.0,0,0,1,0,0,1,0,0,0,0,0,0,0,0,0,1,0
3975,2005011889,2040.0,2036.0,67,67301,,,0,0,0,0,1,0,8,7,2004,2,20.0,4.0,0,1.0,3,0,3,  ,0,0.0,0,0,0,0,0,0,0,0,0,0,0,0,0,0,0,0,0
3976,2005011895,1316.0,1307.0,9,9223,40.5009,-75.0726,0,0,0,0,0,0,2,7,2004,1,13.0,1.0,0,1.0,1,2,3,  ,3,3.0,0,0,0,0,0,0,0,0,0,0,0,0,0,0,0,0,0
3977,2005012245,1902.0,1805.0,57,57220,41.9801,-75.8132,0,0,0,0,0,0,5,4,2004,4,17.0,1.0,0,1.0,1,0,3,  ,0,0.0,0,0,0,0,0,0,0,0,0,0,0,0,0,0,0,0,0
3978,2005012459,1519.0,1515.0,11,11201,40.3331,-78.7542,0,1,0,0,0,0,1,6,2004,6,15.0,1.0,0,1.0,1,0,3,  ,0,0.0,0,0,0,0,0,0,0,0,0,0,0,0,0,0,0,0,0
3979,2005012479,1027.0,1026.0,23,23111,39.961,-75.2886,0,0,0,0,0,0,4,6,2004,2,10.0,1.0,0,1.0,3,1,3,  ,2,3.0,0,0,1,0,0,0,0,0,0,0,0,0,0,0,0,1,0
3980,2005012795,1852.0,1850.0,38,38301,40.3395,-76.4219,0,0,0,0,0,1,6,3,2004,2,18.0,1.0,0,1.0,2,2,3,  ,0,0.0,0,0,0,0,0,0,0,0,0,0,0,0,0,0,0,0,0
3981,2005012812,1723.0,1651.0,54,54203,40.8475,-77.0871,0,0,0,0,0,1,4,5,2004,3,16.0,1.0,0,1.0,1,2,3,  ,3,3.0,1,0,1,0,0,0,0,0,0,0,0,0,0,0,0,0,0
3982,2005013093,1717.0,1712.0,64,64219,40.5703,-79.5756,0,0,0,0,0,0,5,7,2004,2,17.0,1.0,0,9.0,1,0,7,  ,0,0.0,0,0,0,0,0,0,0,0,0,0,0,0,0,0,0,1,0
3983,2005013546,954.0,952.0,39,39405,40.5344,-75.4934,0,0,0,0,0,0,4,7,2004,7,9.0,1.0,0,1.0,3,1,3,  ,3,3.0,1,0,1,0,0,0,0,0,0,0,0,0,0,0,0,0,0
3984,2005013554,1208.0,1203.0,48,48301,40.64,-75.3605,0,0,0,0,1,0,4,4,2004,2,12.0,1.0,0,1.0,3,1,3,  ,0,0.0,0,0,1,0,0,0,0,0,0,0,0,0,0,0,0,0,0
3985,2005013575,1634.0,1632.0,17,17301,41.1183,-78.7626,0,0,0,0,0,0,2,7,2004,4,16.0,1.0,0,1.0,2,2,3,  ,3,9.0,0,0,0,0,0,0,0,0,0,0,0,0,0,0,0,0,1
3986,2005013648,1555.0,1555.0,2,2301,,,0,1,0,0,0,0,2,8,2004,6,15.0,1.0,0,1.0,3,1,3,  ,3,3.0,0,0,0,0,0,0,0,0,0,0,0,0,0,0,0,0,0
3987,2005013656,1342.0,1335.0,2,2301,,,0,0,0,0,0,1,4,6,2004,5,13.0,1.0,0,1.0,3,1,3,  ,2,3.0,0,0,1,0,0,0,0,0,0,0,0,0,0,0,0,0,0
3988,2005013683,2024.0,2014.0,2,2301,40.4582,-80.0708,0,0,0,0,0,0,4,8,2004,4,20.0,4.0,0,1.0,3,1,3,  ,3,3.0,0,0,1,0,0,0,0,0,0,0,0,0,0,0,0,0,0
3989,2005013862,2048.0,2046.0,9,9101,40.1326,-74.83,0,0,0,0,0,0,4,7,2004,1,20.0,3.0,99,9.0,3,2,7,  ,3,9.0,1,0,1,0,0,0,0,0,0,0,0,0,0,0,0,0,0
3990,2005013869,1418.0,1413.0,9,9210,,,0,0,0,0,0,0,4,5,2004,7,14.0,1.0,0,1.0,3,0,3,  ,0,0.0,0,0,1,0,0,0,0,0,0,0,0,0,0,0,0,0,0
3991,2005013886,934.0,933.0,46,46422,,,0,0,0,0,1,0,4,8,2004,2,9.0,1.0,0,1.0,3,2,3,  ,3,3.0,0,0,1,0,0,1,0,0,0,0,0,0,0,0,0,0,0
3992,2005013922,1249.0,1243.0,2,2113,,,0,0,0,0,0,0,4,7,2004,4,12.0,1.0,0,1.0,3,2,3,  ,3,3.0,0,0,1,0,0,0,0,0,0,0,0,0,0,0,0,0,0
3993,2005014169,1329.0,1325.0,2,2437,40.3944,-80.0884,0,0,0,0,0,0,4,6,2004,2,13.0,1.0,0,1.0,3,0,3,  ,0,0.0,0,0,1,0,0,0,0,0,0,0,0,0,0,0,0,1,0
3994,2005014314,1548.0,1545.0,38,38301,,,0,0,0,0,0,0,4,6,2004,1,15.0,1.0,0,1.0,2,1,3,  ,3,3.0,0,0,1,0,0,0,0,0,0,0,0,0,0,0,0,1,0
3995,2005014333,1855.0,1843.0,6,6241,40.5132,-76.1053,0,0,0,0,0,0,4,6,2004,3,18.0,1.0,0,1.0,1,0,3,  ,0,0.0,0,0,1,0,0,0,0,0,0,0,0,0,0,0,0,0,0
3996,2005014458,1826.0,1823.0,37,37301,,,0,0,0,0,0,1,4,6,2004,7,18.0,1.0,0,1.0,2,0,3,  ,0,0.0,0,0,1,0,0,0,0,0,0,0,0,0,0,0,0,0,0
3997,2005014469,1327.0,1312.0,25,25213,42.1024,-80.0267,0,0,0,0,0,0,2,7,2004,7,13.0,1.0,0,1.0,3,0,3,  ,0,0.0,0,0,0,0,0,0,0,0,0,0,0,0,0,0,0,0,0
3998,2005014471,1758.0,1758.0,67,67301,40.0695,-75.0598,0,0,0,0,0,0,4,6,2004,2,17.0,1.0,0,1.0,3,2,3,  ,3,9.0,0,0,1,0,0,0,0,0,0,0,0,0,0,0,0,0,0
3999,2005014631,1733.0,1725.0,39,39301,,,0,0,0,0,0,0,8,5,2004,5,17.0,1.0,0,1.0,3,1,3,  ,0,0.0,0,0,0,0,0,0,0,0,0,0,0,0,0,0,0,0,0
4000,2005014666,1535.0,1531.0,66,66301,39.9694,-76.7504,0,0,0,0,0,0,4,5,2004,1,15.0,1.0,0,1.0,3,2,3,  ,3,3.0,0,0,1,0,0,0,0,0,0,0,0,0,0,0,0,0,0
4001,2005014679,1644.0,1640.0,66,66301,,,0,0,0,0,0,0,4,6,2004,6,16.0,1.0,0,1.0,3,2,3,  ,0,0.0,0,0,1,0,0,0,0,0,0,0,0,0,0,0,0,0,1
4002,2005014681,2001.0,1959.0,66,66301,39.9731,-76.7506,0,0,0,0,0,0,6,7,2004,6,19.0,1.0,0,9.0,3,2,3,  ,3,3.0,0,0,0,0,0,0,0,0,0,0,0,0,0,0,0,0,0
4003,2005014723,1423.0,1420.0,64,64431,,,0,1,0,0,0,0,4,4,2004,7,14.0,1.0,0,1.0,2,1,3,  ,0,0.0,0,0,1,0,0,0,0,0,0,0,0,0,0,0,0,0,1
4004,2005014764,1440.0,1435.0,67,67301,39.9475,-75.1495,0,0,0,0,0,0,4,6,2004,4,14.0,1.0,0,1.0,3,2,3,  ,2,3.0,0,0,1,0,0,1,0,0,0,0,0,0,0,0,0,0,0
4005,2005014855,2105.0,2059.0,48,48207,40.7927,-75.5432,0,0,0,0,0,0,4,7,2004,7,20.0,6.0,0,1.0,1,0,3,  ,0,0.0,0,0,1,0,0,0,0,0,0,0,0,0,0,0,0,1,0
4006,2005014911,1521.0,1519.0,39,39301,,,0,0,0,0,0,0,4,5,2004,4,15.0,1.0,0,1.0,3,0,3,  ,0,0.0,0,0,1,0,0,0,0,0,0,0,0,0,0,0,0,0,0
4007,2005014949,1828.0,1826.0,36,36301,40.0434,-76.3167,0,0,0,0,0,0,5,7,2004,3,18.0,1.0,0,1.0,3,0,3,  ,0,0.0,0,0,0,0,0,0,0,0,0,0,0,0,0,0,0,0,0
4008,2005014953,1255.0,1250.0,36,36301,40.0457,-76.3093,0,0,0,0,0,0,4,7,2004,2,12.0,1.0,0,1.0,3,0,3,  ,0,0.0,0,0,1,0,0,0,0,0,0,0,0,0,0,0,0,0,0
4009,2005014964,1342.0,1335.0,35,35302,,,0,0,0,0,0,0,4,7,2004,5,13.0,1.0,0,1.0,3,0,3,  ,0,0.0,0,0,1,0,0,0,0,0,0,0,0,0,0,0,0,0,0
4010,2005014972,1504.0,1500.0,7,7407,40.6773,-78.2464,0,0,0,0,0,0,4,6,2004,4,14.0,1.0,0,1.0,2,1,3,  ,0,0.0,0,0,1,0,0,0,0,0,0,0,0,0,0,0,0,0,1
4011,2005014975,1500.0,9999.0,64,64424,,,0,0,0,0,0,0,4,7,2004,5,14.0,1.0,0,1.0,2,1,99,  ,3,3.0,0,0,1,0,0,0,0,0,0,0,0,0,0,0,0,0,0
4012,2005014998,1713.0,1712.0,3,3401,,,0,0,0,0,1,0,6,5,2004,4,17.0,1.0,0,1.0,2,1,3,  ,0,0.0,0,0,0,0,0,0,0,0,0,0,0,0,0,0,0,0,0
4013,2005015113,1725.0,1723.0,62,62424,40.2071,-79.956,0,0,0,0,0,0,4,7,2004,2,17.0,1.0,0,1.0,3,2,3,  ,3,3.0,0,0,1,0,0,0,0,0,0,0,0,0,0,0,0,0,0
4014,2005015115,1254.0,1252.0,62,62301,40.2005,-79.9309,0,0,0,0,0,0,4,7,2004,7,12.0,1.0,0,9.0,3,2,7,  ,0,0.0,0,0,1,0,0,0,0,0,0,0,0,0,0,0,0,0,0
4015,2005015285,849.0,849.0,66,66217,39.9828,-76.7346,0,0,0,0,0,0,4,7,2004,6,8.0,1.0,7,9.0,3,0,3,  ,0,0.0,0,0,1,0,0,0,0,0,0,0,0,0,0,0,0,0,0
4016,2005015413,1505.0,1501.0,2,2108,40.5744,-79.9912,0,0,0,0,1,0,4,6,2004,7,15.0,1.0,0,1.0,3,0,3,  ,0,0.0,0,0,1,0,0,0,0,0,0,0,0,0,0,0,0,0,0
4017,2005016000,1706.0,1641.0,26,26207,,,0,0,0,0,0,0,4,6,2004,4,16.0,1.0,0,1.0,1,0,3,  ,0,0.0,0,0,1,0,0,0,0,0,0,0,0,0,0,0,0,0,0
4018,2005016076,1943.0,1941.0,23,23111,39.9492,-75.3089,0,0,0,0,0,0,2,4,2004,5,19.0,4.0,7,1.0,3,0,3,  ,0,0.0,0,0,0,0,0,0,0,0,0,0,0,0,0,0,0,0,0
4019,2005016181,1405.0,1335.0,6,6238,,,0,0,0,0,1,0,4,6,2004,3,13.0,1.0,0,1.0,1,0,3,  ,0,0.0,0,0,1,0,0,0,0,0,0,0,0,0,0,0,0,0,0
4020,2005016580,1443.0,1440.0,38,38301,40.3467,-76.4298,0,0,0,0,0,1,4,8,2004,6,14.0,1.0,0,9.0,2,1,3,  ,0,0.0,1,0,1,0,0,0,0,0,0,0,0,0,0,0,0,0,0
4021,2005016693,1443.0,1434.0,19,19404,,,0,0,0,0,0,0,4,6,2004,6,14.0,1.0,0,1.0,2,0,3,  ,0,0.0,0,0,1,0,0,0,0,0,0,0,0,0,0,0,0,0,0
4022,2005016764,1544.0,1531.0,40,40428,40.959,-75.9954,0,0,0,0,0,0,4,6,2004,6,15.0,1.0,0,1.0,2,0,3,  ,0,0.0,0,0,1,0,0,0,0,0,0,0,0,0,0,0,0,0,0
4023,2005016927,1655.0,1653.0,23,23111,,,0,0,0,0,0,0,2,4,2004,7,16.0,1.0,0,1.0,3,2,3,  ,3,9.0,0,0,0,0,0,0,0,0,0,0,0,0,0,0,0,1,0
4024,2005017300,2022.0,2022.0,15,15245,40.0214,-75.9408,0,0,0,0,0,0,5,5,2004,3,20.0,4.0,0,1.0,1,0,3,  ,0,0.0,0,0,0,0,0,0,0,0,0,0,0,0,0,0,0,0,0
4025,2005017501,714.0,712.0,36,36301,40.042,-76.2977,0,0,0,0,0,0,4,7,2004,4,7.0,1.0,0,9.0,3,1,3,  ,2,3.0,0,0,1,0,0,0,0,0,0,0,0,0,0,0,0,0,0
4026,2005017514,1910.0,1904.0,35,35302,,,0,0,0,0,0,0,5,4,2004,1,19.0,1.0,0,1.0,3,1,3,  ,0,0.0,0,0,0,0,0,0,0,0,0,0,0,0,0,0,0,0,0
4027,2005017780,9999.0,9999.0,25,25302,,,0,0,0,0,1,0,4,7,2004,5,19.0,1.0,0,1.0,3,1,3,  ,3,3.0,1,0,1,0,0,0,0,0,0,0,0,0,0,0,0,0,0
4028,2005017799,2239.0,2215.0,10,10212,,,0,0,0,0,0,0,4,12,2004,7,21.0,3.0,7,1.0,3,0,3,  ,0,0.0,0,1,1,0,0,0,0,0,0,0,0,0,0,0,0,0,0
4029,2005017966,1554.0,1547.0,2,2301,,,0,0,0,0,0,0,4,6,2004,6,15.0,1.0,0,1.0,3,1,3,  ,3,9.0,0,0,1,0,0,0,0,0,0,0,0,0,0,0,0,0,1
4030,2005018104,1658.0,1648.0,22,22219,40.3349,-76.7305,0,0,0,0,0,0,8,8,2004,5,16.0,1.0,0,1.0,1,1,3,  ,3,3.0,0,0,0,0,0,0,0,0,0,0,0,0,0,0,0,0,0
4031,2005018157,949.0,921.0,28,28211,39.7893,-77.5752,0,1,0,0,0,0,4,8,2004,5,9.0,1.0,0,9.0,1,2,7,  ,3,3.0,0,0,1,0,0,1,0,0,0,0,0,0,0,0,0,0,0
4032,2005018353,1520.0,1500.0,36,36233,39.9925,-76.1881,0,0,0,0,0,0,4,8,2004,1,14.0,1.0,0,1.0,1,2,3,  ,3,3.0,0,0,1,0,0,0,0,0,0,0,0,0,0,0,0,0,0
4033,2005018388,936.0,800.0,38,38205,40.3428,-76.2857,0,0,0,0,0,0,1,8,2004,5,8.0,1.0,0,1.0,1,0,3,  ,0,0.0,0,0,0,0,0,1,0,0,0,0,0,0,0,0,0,0,0
4034,2005018498,1053.0,1051.0,22,22412,40.2785,-76.8496,0,0,0,0,0,0,2,6,2004,6,10.0,1.0,0,1.0,3,1,3,  ,0,0.0,0,0,0,0,0,0,0,0,0,0,0,0,0,0,0,0,0
4035,2005018620,1628.0,1600.0,15,15202,40.1142,-75.5474,0,0,0,0,0,0,4,8,2004,3,15.0,1.0,0,1.0,1,2,3,  ,3,3.0,1,0,1,0,0,0,0,0,0,0,0,0,0,0,0,0,0
4036,2005018764,1646.0,1646.0,67,67301,,,0,0,0,0,0,0,4,6,2004,3,16.0,1.0,0,1.0,3,0,3,  ,0,0.0,0,0,1,0,0,0,0,0,0,0,0,0,0,0,0,0,0
4037,2005018853,1257.0,1255.0,39,39301,40.605,-75.473,0,0,0,0,0,0,4,6,2004,4,12.0,1.0,0,1.0,3,1,3,  ,2,3.0,0,0,1,0,0,0,0,0,0,0,0,0,0,0,0,0,0
4038,2005019115,34.0,34.0,39,39301,40.6116,-75.4761,0,0,0,0,0,0,4,6,2004,7,0.0,3.0,0,1.0,3,0,3,  ,0,0.0,0,0,1,0,0,0,0,0,0,0,0,0,0,0,0,0,0
4039,2005019117,1323.0,1319.0,39,39301,40.6246,-75.4371,0,0,0,0,0,0,4,6,2004,2,13.0,1.0,0,1.0,3,2,3,  ,3,3.0,0,0,1,0,0,1,0,0,0,0,0,0,0,0,0,0,0
4040,2005019138,1907.0,1905.0,39,39301,40.6097,-75.4872,0,0,0,0,0,0,4,7,2004,2,19.0,1.0,0,1.0,3,2,3,  ,0,0.0,0,0,1,0,0,0,0,0,0,0,0,0,0,0,0,0,0
4041,2005019177,1737.0,1736.0,39,39301,40.6137,-75.4693,0,0,0,0,0,0,4,7,2004,7,17.0,1.0,0,1.0,3,1,3,  ,0,0.0,1,1,1,0,0,0,1,0,0,1,0,0,0,0,0,0,0
4042,2005019240,1709.0,1708.0,39,39301,40.6079,-75.474,0,0,0,0,0,0,4,8,2004,3,17.0,1.0,0,1.0,3,0,3,  ,0,0.0,0,0,1,0,0,0,0,0,0,0,0,0,0,0,0,0,0
4043,2005019267,1842.0,1838.0,39,39301,40.6114,-75.4792,0,0,0,0,0,0,4,7,2004,5,18.0,1.0,0,1.0,3,1,3,  ,0,0.0,0,0,1,0,0,0,0,0,0,0,0,0,0,0,0,0,0
4044,2005019448,1130.0,1052.0,38,38203,,,0,0,0,0,0,0,4,7,2004,5,10.0,1.0,0,1.0,1,0,3,  ,0,0.0,0,0,1,0,0,0,0,0,0,0,0,0,0,0,0,1,0
4045,2005019510,1205.0,1202.0,25,25302,42.1309,-80.0862,0,0,0,0,0,0,4,8,2004,4,11.0,1.0,0,1.0,3,0,3,  ,0,0.0,0,0,1,0,0,0,0,0,0,0,0,0,0,0,0,0,0
4046,2005019511,1848.0,1845.0,25,25302,,,0,0,0,0,0,0,4,9,2004,4,18.0,1.0,0,1.0,3,1,3,  ,3,3.0,1,0,1,0,0,0,0,0,0,0,0,0,1,0,0,0,0
4047,2005019518,1037.0,1036.0,25,25302,42.1114,-80.0749,0,0,0,0,0,0,8,6,2004,4,10.0,1.0,0,1.0,3,1,3,  ,2,3.0,1,0,0,0,0,1,0,0,0,0,0,0,0,0,0,0,0
4048,2005019533,1940.0,1937.0,25,25302,42.1298,-80.0808,0,0,0,0,0,0,4,8,2004,2,19.0,1.0,0,1.0,3,1,3,  ,3,3.0,0,0,1,0,0,0,0,0,0,0,0,0,0,0,0,0,0
4049,2005019551,1725.0,1723.0,67,67301,39.9777,-75.1191,0,0,0,0,0,0,4,10,2004,3,17.0,1.0,0,1.0,3,5,3,  ,2,3.0,0,0,1,0,0,0,0,0,0,0,0,0,0,0,0,0,0
4050,2005019562,2317.0,2317.0,67,67301,,,0,0,0,0,0,0,4,10,2004,6,23.0,6.0,0,1.0,3,2,3,  ,2,3.0,0,0,1,0,0,0,0,0,0,0,0,0,0,0,0,0,0
4051,2005019785,1827.0,1827.0,39,39301,40.5925,-75.441,0,0,0,0,0,0,6,5,2004,1,10.0,1.0,7,1.0,3,0,3,  ,0,0.0,0,0,0,0,0,0,0,0,0,0,0,0,0,0,0,0,0
4052,2005019790,1426.0,1426.0,39,39301,40.6008,-75.4942,0,0,0,0,0,0,4,7,2004,2,8.0,1.0,0,9.0,3,1,7,  ,2,3.0,1,0,1,0,0,0,0,0,0,0,0,1,0,0,0,0,0
4053,2005019919,2012.0,2006.0,2,2301,,,0,1,0,0,0,0,2,1,2004,3,20.0,3.0,0,1.0,3,2,3,  ,3,3.0,0,0,0,0,0,0,0,0,0,0,0,0,0,0,0,0,0