,CRN,ARRIVAL_TM,DISPATCH_TM,COUNTY,MUNICIPALITY,DEC_LAT,DEC_LONG,BICYCLE_DEATH_COUNT,BICYCLE_SUSP_SERIOUS_INJ_COUNT,BUS_COUNT,HEAVY_TRUCK_COUNT,SMALL_TRUCK_COUNT,SUV_COUNT,COLLISION_TYPE,CRASH_MONTH,CRASH_YEAR,DAY_OF_WEEK,HOUR_OF_DAY,ILLUMINATION,LOCATION_TYPE,ROAD_CONDITION,URBAN_RURAL,INTERSECT_TYPE,WEATHER1,WEATHER2,TCD_TYPE,TCD_FUNC_CD,AGGRESSIVE_DRIVING,ALCOHOL_RELATED,ANGLE_CRASH,CELL_PHONE,COMM_VEHICLE,DISTRACTED,DRINKING_DRIVER,DRUGGED_DRIVER,FATIGUE_ASLEEP,IMPAIRED_DRIVER,NHTSA_AGG_DRIVING,RUNNING_RED_LT,RUNNING_STOP_SIGN,SPEEDING_RELATED,TAILGATING,MATURE_DRIVER,YOUNG_DRIVER
4054,2005020006,1722.0,1720.0,66,66228,39.8738,-76.681,0,0,0,0,1,0,5,8,2004,4,17.0,1.0,0,1.0,3,0,3,  ,0,0.0,1,0,0,0,0,0,0,0,0,0,0,0,0,0,0,1,0
4055,2005020357,9999.0,9999.0,67,67301,39.9902,-75.162,0,0,0,0,0,0,4,7,2004,7,15.0,1.0,0,1.0,3,1,3,  ,2,3.0,0,0,1,0,0,0,0,0,0,0,0,0,0,0,0,0,0
4056,2005020358,1055.0,1050.0,67,67301,,,0,0,1,0,0,0,4,10,2004,4,10.0,1.0,0,1.0,3,1,3,  ,0,0.0,0,0,1,0,1,0,0,0,0,0,0,0,0,0,0,0,0
4057,2005020377,1839.0,1838.0,23,23111,39.955,-75.2993,0,0,0,0,0,0,2,11,2004,3,18.0,3.0,0,1.0,3,1,3,  ,2,3.0,0,0,0,0,0,0,0,0,0,0,0,0,0,0,0,0,0
4058,2005020607,1429.0,1356.0,22,22204,,,0,0,0,0,0,0,5,8,2004,1,13.0,1.0,7,1.0,1,0,3,  ,0,0.0,1,0,0,0,0,0,0,0,0,0,0,0,0,0,0,0,0
4059,2005020754,800.0,759.0,25,25213,42.0967,-80.1538,0,0,0,0,0,0,4,9,2004,6,7.0,1.0,0,1.0,3,1,3,  ,3,3.0,0,0,1,0,0,0,0,0,0,0,0,0,0,0,0,0,0
4060,2005020837,1954.0,1944.0,39,39301,40.6033,-75.4865,0,0,0,0,0,1,4,8,2004,1,19.0,4.0,0,1.0,3,2,3,  ,0,0.0,0,0,1,0,0,0,0,0,0,0,0,0,0,0,0,0,0
4061,2005021036,2207.0,2204.0,39,39301,40.6053,-75.472,0,0,0,0,0,0,5,6,2004,3,22.0,3.0,0,1.0,3,1,3,  ,0,0.0,0,1,0,0,0,0,1,0,0,1,0,0,0,0,0,0,0
4062,2005021052,2052.0,2048.0,39,39301,40.623,-75.4258,0,0,0,0,0,0,8,8,2004,5,20.0,3.0,0,9.0,3,2,7,  ,0,0.0,0,0,0,0,0,0,0,0,0,0,0,0,0,0,0,0,0
4063,2005021119,1457.0,1434.0,33,33220,41.2428,-79.01,0,0,0,0,0,0,8,8,2004,2,14.0,1.0,0,1.0,1,0,3,  ,0,0.0,0,0,0,0,0,0,0,0,0,0,0,0,0,0,0,0,0
4064,2005021485,953.0,950.0,9,9208,40.1527,-74.8257,0,0,0,0,0,0,4,7,2004,4,9.0,1.0,0,1.0,3,0,3,  ,0,0.0,0,0,1,0,0,0,0,0,0,0,0,0,0,0,0,0,0
4065,2005021499,1740.0,1735.0,2,2301,40.4357,-79.9629,0,0,0,0,0,0,4,11,2004,7,17.0,3.0,0,1.0,3,2,3,  ,3,3.0,0,0,1,0,0,0,0,0,0,0,0,0,0,0,0,0,0
4066,2005021868,1837.0,1835.0,36,36101,40.0633,-76.3067,0,0,0,0,0,0,4,10,2004,2,18.0,3.0,0,1.0,3,0,3,  ,0,0.0,0,0,1,0,0,0,0,0,0,0,0,0,0,0,0,0,0
4067,2005022188,1203.0,1201.0,23,23103,39.9744,-75.3019,0,0,0,0,0,0,4,4,2004,2,12.0,1.0,0,9.0,3,0,7,  ,0,0.0,0,0,1,0,0,0,0,0,0,0,0,0,0,0,0,1,0
4068,2005022330,408.0,333.0,16,16403,40.9865,-79.6171,0,1,0,0,0,0,4,7,2004,1,3.0,3.0,0,1.0,1,0,3,  ,0,0.0,0,1,1,0,0,0,0,0,0,0,0,0,0,0,0,0,0
4069,2005022339,1607.0,1557.0,40,40205,41.1293,-76.0972,0,0,0,0,0,0,5,8,2004,2,15.0,1.0,0,1.0,1,0,3,  ,0,0.0,0,0,0,0,0,0,0,0,0,0,0,0,0,0,0,0,0
4070,2005022770,1954.0,1949.0,14,14410,40.7981,-77.8556,0,0,0,0,0,0,4,10,2004,2,18.0,1.0,0,1.0,3,0,3,  ,0,0.0,1,0,1,0,0,0,0,0,0,0,0,0,0,0,0,0,0
4071,2005022883,1946.0,1940.0,6,6301,40.3503,-75.9177,0,0,0,0,1,0,8,11,2004,7,19.0,3.0,0,1.0,3,1,3,  ,2,3.0,0,0,0,0,0,0,0,0,0,0,0,0,0,0,0,0,0
4072,2005023037,1600.0,1557.0,46,46416,,,0,0,0,0,1,0,4,11,2004,1,15.0,1.0,0,1.0,2,0,3,  ,0,0.0,0,0,1,0,0,0,0,0,0,0,0,0,0,0,0,0,0
4073,2005023302,1115.0,1112.0,6,6301,,,0,0,0,0,0,0,4,11,2004,5,11.0,1.0,0,9.0,3,0,3,  ,0,0.0,1,0,1,0,0,0,0,0,0,0,0,0,0,0,0,0,0
4074,2005023460,957.0,953.0,39,39301,40.6401,-75.3998,0,0,0,0,0,0,4,11,2004,7,9.0,1.0,7,1.0,3,0,3,  ,3,3.0,0,1,1,0,0,0,0,0,0,0,0,0,0,0,0,0,0
4075,2005023596,1719.0,1716.0,46,46413,40.1193,-75.3387,0,0,0,0,0,0,4,11,2004,7,17.0,3.0,0,1.0,3,0,3,  ,0,0.0,0,0,1,0,0,0,0,0,0,0,0,0,0,0,0,0,0
4076,2005023720,1030.0,1030.0,26,26224,39.8069,-79.5654,0,0,0,0,0,0,4,8,2004,7,10.0,1.0,0,1.0,1,0,3,  ,0,0.0,1,0,1,0,0,0,0,0,0,0,0,0,0,0,0,1,0
4077,2005023768,1407.0,1337.0,55,55409,40.1482,-78.9142,0,0,0,0,1,0,2,8,2004,6,13.0,1.0,0,1.0,1,0,3,  ,0,0.0,0,0,0,0,0,1,0,0,0,0,0,0,0,0,0,0,0
4078,2005023893,1539.0,1537.0,25,25302,42.1156,-80.1202,0,0,0,0,1,0,4,6,2004,7,15.0,1.0,0,9.0,3,2,3,  ,3,3.0,0,0,1,0,0,0,0,0,0,0,0,0,0,0,0,0,0
4079,2005024204,2115.0,9999.0,67,67301,40.0047,-75.1827,0,0,0,0,0,0,8,7,2004,2,20.0,2.0,0,1.0,3,0,3,  ,0,0.0,0,0,0,0,0,0,0,0,0,0,0,0,0,0,0,0,0
4080,2005024507,1650.0,1640.0,36,36301,40.04,-76.2873,0,0,0,0,0,0,4,11,2004,4,16.0,1.0,0,1.0,3,2,3,  ,3,2.0,0,0,1,0,0,0,0,0,0,0,0,0,0,0,0,0,1
4081,2005024593,1900.0,1857.0,39,39301,40.6241,-75.4451,0,0,0,0,0,0,8,5,2004,4,18.0,1.0,0,1.0,3,0,3,  ,0,0.0,0,0,0,0,0,0,0,0,0,0,0,0,0,0,0,0,0
4082,2005024669,1952.0,1947.0,67,67301,,,0,0,0,0,0,0,5,7,2004,6,19.0,1.0,0,1.0,3,0,3,  ,0,0.0,0,0,0,0,0,0,0,0,0,0,0,0,0,0,0,0,0
4083,2005024671,1931.0,918.0,37,37301,,,0,0,0,0,0,0,2,10,2004,1,7.0,3.0,0,9.0,2,0,7,  ,0,0.0,0,0,0,0,0,0,0,0,0,0,0,0,0,0,0,0,0
4084,2005024678,933.0,929.0,9,9226,40.2173,-75.1313,0,0,0,0,0,0,2,10,2004,6,9.0,1.0,0,9.0,3,2,7,  ,0,0.0,0,0,0,0,0,0,0,0,0,0,0,0,0,0,0,1,0
4085,2005024897,2006.0,2004.0,67,67301,40.0337,-75.0305,0,0,0,0,0,0,5,7,2004,6,20.0,1.0,0,1.0,3,2,3,  ,0,0.0,0,0,0,0,0,0,0,0,0,0,0,0,0,0,0,0,1
4086,2005024914,943.0,929.0,15,15217,,,0,0,0,0,0,0,4,7,2004,6,9.0,1.0,0,1.0,1,2,3,  ,0,0.0,0,0,1,0,0,0,0,0,0,0,0,0,0,0,0,0,0
4087,2005025099,2140.0,2130.0,67,67301,,,0,0,0,0,0,0,8,7,2004,6,21.0,3.0,0,1.0,3,0,3,  ,0,0.0,0,0,0,0,0,0,0,0,0,0,0,0,0,0,0,0,0
4088,2005025162,1622.0,1621.0,17,17301,41.1205,-78.7594,0,0,0,0,0,1,2,8,2004,4,16.0,1.0,0,1.0,2,0,3,  ,0,0.0,0,0,0,0,0,0,0,0,0,0,0,0,0,0,0,0,0
4089,2005025598,935.0,928.0,67,67301,40.0381,-75.0343,0,0,0,1,0,0,4,9,2004,6,9.0,1.0,0,1.0,3,2,3,  ,3,9.0,0,0,1,0,0,0,0,0,0,0,0,0,0,0,0,0,0
4090,2005025603,1748.0,1744.0,67,67301,,,0,0,0,0,0,0,8,9,2004,6,,1.0,0,1.0,3,1,3,  ,0,0.0,0,0,0,0,0,1,0,0,0,0,0,0,0,0,0,0,0
4091,2005026199,1926.0,1926.0,67,67301,39.9172,-75.2374,0,0,0,0,0,1,1,10,2004,3,99.0,3.0,0,9.0,3,1,7,  ,2,3.0,0,0,0,0,0,0,0,0,0,0,0,0,0,0,0,0,0
4092,2005026248,1643.0,1640.0,28,28402,,,0,0,0,0,1,0,5,7,2004,2,16.0,1.0,0,1.0,1,2,3,  ,0,0.0,0,0,0,0,0,0,0,0,0,0,0,0,0,0,0,0,0
4093,2005026266,2344.0,2344.0,43,43302,,,0,0,0,0,0,0,2,8,2004,7,23.0,3.0,0,9.0,3,2,7,  ,3,3.0,1,1,0,0,0,0,0,0,0,0,0,0,0,0,0,0,0
4094,2005026284,2213.0,2222.0,18,18301,,,0,0,0,0,0,0,4,9,2004,2,18.0,1.0,0,1.0,2,1,3,  ,3,3.0,0,0,1,0,0,0,0,0,0,0,0,0,0,0,0,0,0
4095,2005026301,1555.0,1553.0,37,37205,41.0565,-80.3579,0,0,0,0,0,0,5,9,2004,4,15.0,1.0,0,1.0,1,0,3,  ,0,0.0,0,0,0,0,0,0,0,0,0,0,0,0,0,0,0,1,0
4096,2005026390,1306.0,1306.0,46,46101,40.129,-75.1191,0,0,0,0,0,0,4,8,2004,1,13.0,1.0,0,1.0,3,0,3,  ,0,0.0,1,0,1,0,0,0,0,0,0,0,0,0,0,0,0,0,0
4097,2005026407,2012.0,2009.0,36,36214,40.0819,-76.351,0,0,0,0,0,0,4,9,2004,6,20.0,3.0,2,9.0,3,1,7,  ,2,3.0,1,0,1,0,0,0,0,0,0,0,0,0,0,0,0,0,1
4098,2005026426,845.0,844.0,67,67301,39.9508,-75.1504,0,0,0,0,0,0,4,7,2004,5,8.0,1.0,0,1.0,3,1,3,  ,2,3.0,1,0,1,0,0,0,0,0,0,0,0,0,0,0,0,0,0
4099,2005026439,1459.0,1459.0,67,67301,40.0057,-75.099,0,0,0,0,0,0,8,9,2004,7,,1.0,0,1.0,3,1,3,  ,2,3.0,0,0,0,0,0,0,0,0,0,0,0,0,0,0,0,0,0
4100,2005026444,148.0,147.0,46,46410,40.0943,-75.1238,0,0,0,0,0,0,4,8,2004,7,1.0,3.0,0,1.0,3,1,3,  ,0,0.0,0,0,1,0,0,0,0,0,0,0,0,0,0,0,0,0,0
4101,2005026447,1211.0,1209.0,9,9208,,,0,0,0,0,0,0,4,7,2004,3,12.0,1.0,7,1.0,3,0,3,  ,0,0.0,0,0,1,0,0,0,0,0,0,0,0,0,0,0,0,0,0
4102,2005026534,1108.0,1105.0,6,6237,,,0,0,0,0,0,0,4,8,2004,2,11.0,1.0,0,1.0,3,0,3,  ,0,0.0,0,0,1,0,0,0,0,0,0,0,0,0,0,0,0,0,0
4103,2005026724,955.0,950.0,35,35302,41.4106,-75.6584,0,0,0,0,0,0,4,8,2004,5,9.0,1.0,0,9.0,3,1,7,  ,2,3.0,0,0,1,0,0,0,0,0,0,0,0,0,0,0,0,0,0
4104,2005027026,1740.0,1735.0,36,36404,,,0,0,0,0,0,0,4,6,2004,2,17.0,1.0,0,1.0,3,0,3,  ,0,0.0,0,0,1,0,0,0,0,0,0,0,0,0,0,0,0,0,0
4105,2005027032,1859.0,1858.0,38,38301,40.3449,-76.4261,0,0,0,0,0,1,4,7,2004,7,18.0,1.0,0,1.0,2,1,3,  ,0,0.0,0,0,1,0,0,0,0,0,0,0,0,0,0,0,0,0,0
4106,2005027036,1737.0,1735.0,38,38301,40.346,-76.4114,0,0,0,0,0,0,6,7,2004,3,17.0,1.0,0,1.0,2,2,3,  ,8,2.0,0,0,0,0,0,0,0,0,0,0,0,0,0,0,0,0,0
4107,2005027138,2120.0,2110.0,46,46413,40.1163,-75.3369,0,0,0,0,0,0,4,7,2004,5,21.0,3.0,0,1.0,3,2,3,  ,3,3.0,0,0,1,0,0,0,0,0,0,0,0,0,0,0,0,0,0
4108,2005027182,1921.0,1914.0,66,66223,39.9362,-76.9241,0,0,0,1,0,0,1,8,2004,3,19.0,1.0,0,1.0,1,0,3,  ,0,0.0,0,0,0,0,1,1,0,0,0,0,0,0,0,0,0,0,0
4109,2005027664,1614.0,1614.0,39,39301,,,0,0,0,0,0,0,4,11,2004,3,16.0,1.0,0,1.0,3,1,3,  ,2,3.0,0,1,1,0,0,0,0,0,0,0,0,0,0,0,0,0,0
4110,2005027671,1554.0,1551.0,39,39301,,,0,0,0,0,0,0,4,8,2004,4,15.0,1.0,0,1.0,3,2,3,  ,3,3.0,1,0,1,0,0,0,0,0,0,0,0,0,0,0,0,1,0
4111,2005027676,2017.0,2012.0,36,36301,40.0289,-76.2977,0,0,0,0,0,0,4,6,2004,5,20.0,1.0,0,1.0,3,1,3,  ,3,3.0,0,0,1,0,0,0,0,0,0,0,0,0,0,0,0,0,0
4112,2005027684,1626.0,1620.0,46,46413,40.1206,-75.3498,0,0,0,0,0,0,2,7,2004,6,16.0,1.0,0,1.0,3,1,3,  ,2,3.0,0,0,0,0,0,0,0,0,0,0,0,0,0,0,0,0,0
4113,2005027724,2000.0,1940.0,2,2301,40.4677,-79.9164,0,0,0,0,0,0,4,8,2004,4,19.0,1.0,0,1.0,3,1,3,  ,3,3.0,0,0,1,0,0,0,0,0,0,0,0,0,0,0,0,0,0
4114,2005027725,1732.0,1727.0,2,2301,40.4652,-79.9512,0,0,0,0,0,0,4,8,2004,5,17.0,1.0,0,9.0,3,5,7,  ,3,3.0,0,0,1,0,0,0,0,0,0,0,0,0,0,0,0,0,0
4115,2005027731,2205.0,2156.0,67,67301,39.9583,-75.1673,0,0,0,0,0,0,1,9,2004,1,21.0,3.0,0,1.0,3,2,3,  ,2,3.0,0,0,0,0,0,0,0,0,0,0,0,0,0,0,0,0,0
4116,2005027978,1527.0,1500.0,55,55212,40.1211,-79.1432,0,0,0,0,1,0,5,6,2004,2,14.0,1.0,1,1.0,1,0,3,  ,0,0.0,0,0,0,0,0,0,0,0,0,0,0,0,0,0,0,0,0
4117,2005028225,1835.0,1820.0,2,2301,40.3885,-80.0208,0,0,0,0,1,0,4,8,2004,2,18.0,1.0,0,1.0,3,1,3,  ,3,3.0,0,0,1,0,0,0,0,0,0,0,0,0,0,0,0,0,0
4118,2005028370,1715.0,1714.0,46,46413,40.1271,-75.3402,0,0,0,0,0,0,4,8,2004,1,17.0,1.0,0,1.0,3,2,3,  ,3,3.0,0,0,1,0,0,0,0,0,0,0,0,0,0,0,0,0,1
4119,2005028380,1637.0,1636.0,36,36101,40.0962,-76.305,0,0,0,0,0,0,4,7,2004,5,16.0,1.0,0,1.0,3,0,3,  ,0,0.0,0,0,1,0,0,1,0,0,0,0,0,0,0,0,0,0,0
4120,2005028402,1644.0,1644.0,2,2113,,,0,0,0,0,0,0,6,8,2004,5,16.0,1.0,0,1.0,3,2,3,  ,3,3.0,0,0,0,0,0,0,0,0,0,0,0,0,0,0,0,0,0
4121,2005028532,1940.0,1935.0,39,39402,40.6478,-75.4613,0,0,0,0,0,0,4,8,2004,1,19.0,1.0,0,1.0,3,0,3,  ,0,0.0,0,0,1,0,0,0,0,0,0,0,0,0,0,0,0,0,0
4122,2005028695,1704.0,1644.0,54,54208,,,0,0,0,0,0,0,4,7,2004,7,13.0,1.0,0,1.0,1,0,3,  ,0,0.0,1,0,1,0,0,0,0,0,0,0,0,0,0,0,0,0,0
4123,2005028722,1010.0,700.0,32,32223,,,0,0,0,0,0,0,9,7,2004,5,19.0,1.0,0,1.0,1,0,3,  ,0,0.0,0,0,0,0,0,1,0,0,0,0,0,0,0,0,0,0,0
4124,2005028760,1302.0,1240.0,13,13212,,,0,0,0,0,0,0,5,6,2004,5,12.0,1.0,0,1.0,1,0,3,  ,0,0.0,0,0,0,0,0,0,0,0,0,0,0,0,0,0,0,0,1
4125,2005028817,1320.0,1318.0,37,37301,40.9973,-80.345,0,0,0,0,0,0,4,8,2004,6,13.0,1.0,0,1.0,2,1,3,  ,2,3.0,0,0,1,0,0,0,0,0,0,0,0,0,0,0,0,0,0
4126,2005028836,1935.0,1930.0,67,67301,39.9373,-75.1705,0,0,0,0,0,0,1,7,2004,6,19.0,1.0,0,1.0,3,0,3,  ,0,0.0,1,0,0,0,0,0,0,0,0,0,0,0,0,0,0,0,0
4127,2005028855,1722.0,1718.0,67,67301,39.9281,-75.2219,0,0,0,0,0,0,4,7,2004,3,17.0,1.0,0,9.0,3,2,7,  ,0,0.0,0,0,1,0,0,0,0,0,0,0,0,0,0,0,0,0,0
4128,2005028916,1419.0,1415.0,22,22208,40.3336,-76.8428,0,1,0,0,0,0,4,8,2004,6,14.0,1.0,0,1.0,3,0,3,  ,0,0.0,1,0,1,0,0,0,0,0,0,0,0,0,0,0,0,1,0
4129,2005028919,901.0,859.0,46,46104,40.0083,-75.2978,0,0,0,0,0,0,4,8,2004,6,8.0,1.0,99,1.0,3,0,3,  ,0,0.0,0,0,1,0,0,0,0,0,0,0,0,0,0,0,0,0,0
4130,2005028988,1641.0,1635.0,39,39301,40.6026,-75.4816,0,0,0,0,0,0,4,4,2004,4,16.0,1.0,0,1.0,3,0,3,  ,0,0.0,0,0,1,0,0,0,0,0,0,0,0,0,0,0,0,0,0
4131,2005029108,1840.0,1835.0,6,6102,40.3737,-75.9232,0,0,0,0,0,0,4,8,2004,1,18.0,1.0,0,1.0,3,1,3,  ,3,3.0,0,0,1,0,0,0,0,0,0,0,0,0,0,0,0,0,0
4132,2005029216,1935.0,1932.0,40,40425,41.1967,-75.9311,0,0,0,0,0,0,4,5,2004,7,19.0,1.0,0,1.0,3,1,3,  ,0,0.0,0,0,1,0,0,0,0,0,0,0,0,0,0,0,0,0,0
4133,2005029220,1454.0,1449.0,46,46413,40.1228,-75.3409,0,0,0,0,0,0,4,7,2004,1,14.0,1.0,0,1.0,3,1,3,  ,0,0.0,1,0,1,0,0,0,0,0,0,0,0,0,0,0,0,0,0
4134,2005029339,1641.0,1637.0,67,67301,40.0616,-75.2356,0,0,0,0,0,0,6,7,2004,2,16.0,1.0,0,1.0,3,0,3,  ,0,0.0,0,0,0,0,0,0,0,0,0,0,0,0,0,0,0,0,0
4135,2005029342,1340.0,1335.0,67,67301,39.9922,-75.1403,0,0,0,0,0,0,4,9,2004,5,,1.0,0,9.0,3,0,7,  ,0,0.0,0,0,1,0,0,0,0,0,0,0,0,0,0,0,0,0,0
4136,2005029366,1936.0,1932.0,67,67301,39.9181,-75.1603,0,0,0,0,0,0,4,7,2004,4,19.0,1.0,0,1.0,3,1,3,  ,0,0.0,0,0,1,0,0,0,0,0,0,0,0,0,0,0,0,0,0
4137,2005029488,1516.0,1514.0,39,39301,40.6057,-75.4765,0,0,0,0,0,0,4,4,2004,5,15.0,1.0,0,1.0,3,1,3,  ,3,3.0,0,0,1,0,0,0,0,0,0,0,0,0,0,0,0,0,0
4138,2005029490,1646.0,1645.0,67,67301,,,0,0,0,0,0,0,8,9,2004,5,15.0,1.0,0,1.0,3,1,3,  ,3,3.0,1,0,0,0,0,0,0,0,0,0,1,0,0,0,0,0,0
4139,2005029789,1105.0,1101.0,2,2113,40.4865,-79.8373,0,0,0,0,0,0,4,12,2004,4,11.0,1.0,0,1.0,3,1,3,  ,2,3.0,0,0,1,0,0,0,0,0,0,0,0,0,0,0,0,1,0
4140,2005030065,1640.0,1629.0,7,7301,,,0,0,0,0,0,0,4,4,2004,2,16.0,1.0,0,1.0,3,1,3,  ,0,0.0,0,0,1,0,0,0,0,0,0,0,0,0,0,0,0,0,0
4141,2005030090,1852.0,1850.0,67,67301,40.0179,-75.1493,0,0,0,0,0,0,4,6,2004,3,18.0,1.0,0,1.0,3,1,3,  ,2,3.0,0,0,1,0,0,0,0,0,0,0,0,0,0,0,0,0,0
4142,2005030112,1859.0,1853.0,67,67301,,,0,0,0,0,0,0,2,9,2004,1,18.0,1.0,0,1.0,3,2,3,  ,3,3.0,1,0,0,0,0,0,0,0,0,0,0,0,0,1,0,0,0
4143,2005030131,1510.0,1501.0,67,67301,40.0728,-75.1676,0,0,0,0,0,0,1,10,2004,1,13.0,1.0,0,1.0,3,0,3,  ,3,3.0,0,0,0,0,0,0,0,0,0,0,0,0,0,0,0,0,0
4144,2005030136,1248.0,1245.0,67,67301,39.9668,-75.1879,0,0,0,0,0,0,2,10,2004,3,12.0,1.0,0,9.0,3,7,7,  ,2,3.0,0,0,0,0,0,0,0,0,0,0,0,0,0,0,0,0,0
4145,2005030144,835.0,828.0,67,67301,,,0,0,0,0,0,0,2,10,2004,4,8.0,1.0,0,9.0,3,10,7,05,3,3.0,0,0,0,0,0,0,0,0,0,0,0,0,0,0,0,0,0
4146,2005030206,1618.0,1616.0,39,39301,40.607,-75.4924,0,0,0,0,0,0,4,4,2004,3,16.0,1.0,0,9.0,3,1,7,  ,0,0.0,1,0,1,0,0,0,0,0,0,0,0,0,0,0,0,0,0
4147,2005030239,1705.0,1702.0,67,67301,39.9508,-75.1955,0,0,0,0,0,0,5,10,2004,3,17.0,1.0,0,1.0,3,0,3,  ,0,0.0,0,0,0,0,0,0,0,0,0,0,0,0,0,0,0,0,0
4148,2005030308,1226.0,1223.0,19,19203,,,0,0,0,0,0,0,6,7,2004,3,12.0,1.0,0,1.0,1,0,3,  ,0,0.0,0,0,0,0,0,0,0,0,0,0,0,0,0,1,0,0,0
4149,2005030374,900.0,856.0,67,67301,,,0,0,0,0,0,0,2,10,2004,7,8.0,3.0,0,1.0,3,1,3,  ,2,3.0,0,0,0,0,0,0,0,0,0,0,0,0,0,0,0,0,1
4150,2005030409,1551.0,1550.0,9,9101,,,0,0,0,0,0,0,5,9,2004,5,15.0,1.0,0,1.0,3,0,3,  ,0,0.0,0,0,0,0,0,0,0,0,0,0,0,0,0,0,0,0,0
4151,2005030420,1642.0,1639.0,30,30406,,,0,0,0,0,0,1,4,4,2004,1,16.0,1.0,0,1.0,1,1,3,  ,0,0.0,0,0,1,0,0,0,0,0,0,0,0,0,0,0,0,0,0
4152,2005030842,1514.0,1514.0,48,48206,,,0,0,0,0,0,0,4,11,2004,2,15.0,1.0,0,1.0,3,1,3,  ,7,3.0,0,0,1,0,0,0,0,0,0,0,0,0,0,0,0,1,0
4153,2005030846,1705.0,1703.0,40,40211,41.1573,-75.8902,0,0,0,0,0,0,4,10,2004,7,16.0,1.0,0,1.0,1,0,3,  ,0,0.0,0,0,1,0,0,0,0,0,0,0,0,0,0,0,0,0,0
4154,2005030874,1612.0,1610.0,66,66205,39.982,-76.8147,0,0,0,0,0,0,6,6,2004,3,16.0,1.0,0,1.0,1,1,3,  ,2,3.0,0,0,0,0,0,1,0,0,0,0,0,0,0,0,0,0,0
4155,2005031029,1743.0,1705.0,6,6219,40.5079,-75.6675,0,0,0,0,0,0,4,10,2004,2,17.0,1.0,0,1.0,1,2,3,  ,3,3.0,1,0,1,0,0,0,0,0,0,0,0,0,0,0,0,0,0
4156,2005031167,757.0,754.0,67,67301,40.0413,-75.158,0,0,0,0,0,0,8,10,2004,6,7.0,1.0,0,1.0,3,2,3,  ,3,3.0,0,0,0,0,0,0,0,0,0,0,0,0,0,0,0,0,0
4157,2005031259,1955.0,1947.0,67,67301,,,0,0,0,0,0,0,4,10,2004,1,19.0,4.0,0,1.0,3,1,3,  ,3,3.0,0,0,1,0,0,0,0,0,0,0,0,0,0,0,0,0,0
4158,2005031388,1615.0,1600.0,2,2301,40.4409,-80.0348,0,0,0,0,0,0,4,7,2004,6,15.0,1.0,0,1.0,3,1,3,  ,2,3.0,0,0,1,0,0,0,0,0,0,0,0,0,0,0,0,0,0
4159,2005031414,9999.0,1655.0,46,46102,40.0675,-75.1345,0,1,0,0,0,0,2,6,2004,2,16.0,1.0,0,1.0,3,0,3,  ,0,0.0,0,0,0,0,0,0,0,0,0,0,0,0,0,0,0,0,0
4160,2005031419,837.0,836.0,46,46102,40.0919,-75.1622,0,0,0,0,0,0,4,5,2004,7,8.0,1.0,0,1.0,3,3,3,  ,0,0.0,1,0,1,0,0,0,0,0,0,0,0,0,0,0,0,0,0
4161,2005031602,1623.0,1615.0,9,9101,40.0838,-74.9057,0,0,0,0,0,0,4,9,2004,1,,1.0,0,1.0,3,1,3,  ,3,3.0,1,0,1,0,0,0,0,0,0,0,0,0,1,0,0,0,1
4162,2005031618,1635.0,1634.0,9,9225,40.1716,-75.0387,0,0,0,0,0,0,8,7,2004,4,16.0,1.0,0,1.0,3,1,3,  ,2,3.0,0,0,0,0,0,0,0,0,0,0,0,0,0,0,0,0,0
4163,2005031745,2030.0,2030.0,67,67301,40.0309,-75.1065,0,0,0,0,0,0,8,7,2004,4,20.0,3.0,0,9.0,3,2,7,  ,3,3.0,0,0,0,0,0,1,0,0,0,0,0,0,0,0,0,0,0
4164,2005031751,1235.0,1227.0,67,67301,40.0262,-75.1692,0,0,0,0,0,0,4,7,2004,7,12.0,1.0,0,1.0,3,1,3,  ,2,3.0,0,0,1,0,0,0,0,0,0,0,0,0,0,0,0,0,0
4165,2005031759,1230.0,1220.0,67,67301,40.0769,-75.0852,0,0,0,0,0,0,6,6,2004,3,12.0,1.0,0,1.0,3,0,3,  ,0,0.0,0,0,0,0,0,0,0,0,0,0,0,0,0,0,0,0,0
4166,2005031774,146.0,141.0,67,67301,39.9649,-75.2246,0,0,0,0,0,0,8,7,2004,7,1.0,3.0,0,9.0,3,1,3,  ,2,3.0,0,0,0,0,0,0,0,0,0,0,0,0,0,0,0,0,0
4167,2005032161,1802.0,1759.0,36,36239,40.0446,-76.432,0,1,0,0,1,0,4,7,2004,2,17.0,1.0,7,1.0,3,0,3,  ,0,0.0,0,0,1,0,0,0,0,0,0,0,0,0,0,0,0,1,0
4168,2005032376,439.0,2040.0,67,67301,39.9958,-75.1309,0,0,0,0,0,0,2,4,2004,6,20.0,3.0,0,1.0,3,10,3,  ,0,0.0,0,1,0,0,0,0,0,0,0,0,0,0,0,0,0,0,0
4169,2005032377,1601.0,1658.0,67,67301,,,0,0,0,0,1,0,8,7,2004,2,16.0,1.0,0,1.0,3,1,3,  ,0,0.0,0,0,0,0,0,0,0,0,0,0,0,0,0,0,0,0,0
4170,2005032387,810.0,805.0,67,67301,39.9946,-75.1531,0,0,0,0,0,0,2,6,2004,7,20.0,1.0,0,1.0,3,0,3,  ,0,0.0,0,0,0,0,0,0,0,0,0,0,0,0,0,0,0,0,0
4171,2005032404,848.0,843.0,67,67301,39.9508,-75.1505,0,0,0,0,0,0,5,7,2004,5,8.0,1.0,0,1.0,3,0,3,  ,0,0.0,0,0,0,0,0,0,0,0,0,0,0,0,0,0,0,0,0
4172,2005032481,1233.0,1225.0,46,46104,,,0,0,0,0,0,0,4,3,2004,3,12.0,1.0,99,1.0,3,0,3,  ,0,0.0,0,1,1,0,0,0,0,0,0,0,0,0,0,0,0,0,0