,CRN,ARRIVAL_TM,DISPATCH_TM,COUNTY,MUNICIPALITY,DEC_LAT,DEC_LONG,BICYCLE_DEATH_COUNT,BICYCLE_SUSP_SERIOUS_INJ_COUNT,BUS_COUNT,HEAVY_TRUCK_COUNT,SMALL_TRUCK_COUNT,SUV_COUNT,COLLISION_TYPE,CRASH_MONTH,CRASH_YEAR,DAY_OF_WEEK,HOUR_OF_DAY,ILLUMINATION,LOCATION_TYPE,ROAD_CONDITION,URBAN_RURAL,INTERSECT_TYPE,WEATHER1,WEATHER2,TCD_TYPE,TCD_FUNC_CD,AGGRESSIVE_DRIVING,ALCOHOL_RELATED,ANGLE_CRASH,CELL_PHONE,COMM_VEHICLE,DISTRACTED,DRINKING_DRIVER,DRUGGED_DRIVER,FATIGUE_ASLEEP,IMPAIRED_DRIVER,NHTSA_AGG_DRIVING,RUNNING_RED_LT,RUNNING_STOP_SIGN,SPEEDING_RELATED,TAILGATING,MATURE_DRIVER,YOUNG_DRIVER
4173,2005032503,2155.0,2155.0,39,39301,40.6113,-75.4728,0,0,0,0,0,0,4,4,2004,6,21.0,3.0,0,1.0,3,1,3,  ,3,3.0,0,0,1,0,0,0,0,0,0,0,0,0,0,0,0,0,1
4174,2005032510,1901.0,1859.0,66,66301,39.9616,-76.7228,0,0,0,0,0,0,5,5,2004,2,18.0,1.0,0,1.0,3,1,3,  ,3,3.0,1,0,0,0,0,0,0,0,0,0,1,0,1,0,0,0,0
4175,2005032547,1712.0,1710.0,67,67301,39.9191,-75.1581,0,0,0,0,0,0,8,7,2004,7,17.0,1.0,0,9.0,3,0,3,  ,0,0.0,0,0,0,0,0,0,0,0,0,0,0,0,0,0,0,0,0
4176,2005032599,9999.0,9999.0,10,10301,40.8633,-79.9051,0,0,0,0,0,0,4,7,2004,4,13.0,1.0,0,1.0,2,2,3,  ,3,3.0,0,0,1,0,0,0,0,0,0,0,0,0,0,0,0,0,0
4177,2005032628,628.0,620.0,61,61301,41.8315,-79.1249,0,0,0,0,0,0,4,7,2004,5,6.0,1.0,0,1.0,2,3,3,  ,3,3.0,1,0,1,0,0,0,0,0,0,0,0,0,1,0,0,0,0
4178,2005032637,1955.0,1952.0,48,48407,40.593,-75.3401,0,0,0,0,0,0,4,7,2004,7,19.0,1.0,0,1.0,3,0,3,  ,0,0.0,0,0,1,0,0,0,0,0,0,0,0,0,0,0,0,0,1
4179,2005032680,1951.0,1950.0,4,4301,,,0,0,0,0,0,0,4,6,2004,6,19.0,1.0,0,1.0,3,2,3,  ,3,3.0,0,0,1,0,0,0,0,0,0,0,0,0,0,0,0,0,0
4180,2005032694,2230.0,2230.0,35,35302,,,0,0,0,0,0,0,8,6,2004,4,22.0,3.0,0,1.0,3,1,3,  ,3,3.0,0,0,0,0,0,0,0,0,0,0,0,0,0,0,0,0,0
4181,2005032712,2038.0,2033.0,46,46413,40.1285,-75.3371,0,0,0,0,0,0,4,6,2004,1,20.0,1.0,0,1.0,3,1,3,  ,0,0.0,0,0,1,0,0,0,0,0,0,0,0,0,0,0,0,0,0
4182,2005032722,1805.0,1800.0,62,62231,40.0505,-79.9326,0,0,0,0,0,0,6,7,2004,2,18.0,1.0,0,1.0,1,0,3,  ,0,0.0,0,0,0,0,0,0,0,0,0,0,0,0,0,0,0,0,0
4183,2005032760,1530.0,1526.0,67,67301,40.006,-75.0919,0,0,0,0,0,0,8,7,2004,1,15.0,1.0,0,1.0,3,1,3,  ,2,3.0,0,0,0,0,0,0,0,0,0,0,0,0,0,0,0,0,0
4184,2005032766,1221.0,1220.0,67,67301,,,0,0,0,0,0,0,1,9,2004,4,12.0,1.0,0,1.0,3,0,3,  ,0,0.0,0,0,0,0,0,0,0,0,0,0,0,0,0,0,0,0,0
4185,2005032770,1626.0,1622.0,67,67301,,,0,0,0,0,0,0,4,7,2004,3,16.0,1.0,0,1.0,3,1,3,  ,3,9.0,0,0,1,0,0,0,0,0,0,0,0,0,0,0,0,0,0
4186,2005032775,1529.0,1525.0,67,67301,40.0579,-75.1812,0,0,0,0,0,0,4,7,2004,6,15.0,1.0,0,1.0,3,2,3,  ,3,3.0,0,0,1,0,0,0,0,0,0,0,0,0,0,0,0,0,0
4187,2005032836,1940.0,1940.0,24,24402,41.4294,-78.7217,0,0,0,0,0,0,4,5,2004,5,19.0,1.0,0,1.0,2,1,3,  ,3,3.0,0,0,1,0,0,0,0,0,0,0,0,0,0,0,0,1,0
4188,2005032853,1000.0,955.0,67,67301,,,0,0,0,0,0,0,8,7,2004,1,9.0,1.0,0,1.0,3,0,3,  ,0,0.0,1,0,0,0,0,0,0,0,0,0,0,0,0,0,0,0,0
4189,2005032876,2046.0,2044.0,67,67301,,,0,0,0,0,1,0,4,9,2004,7,20.0,2.0,0,1.0,3,1,3,  ,3,3.0,0,0,1,0,0,0,0,0,0,0,0,0,0,0,0,0,0
4190,2005032879,1700.0,1657.0,67,67301,,,0,0,0,0,0,0,8,7,2004,5,,1.0,0,1.0,3,0,3,  ,0,0.0,0,0,0,0,0,0,0,0,0,0,0,0,0,0,0,0,0
4191,2005032881,1915.0,1910.0,67,67301,40.0451,-75.1582,0,0,0,0,0,1,2,10,2004,1,19.0,3.0,0,1.0,3,1,3,  ,2,3.0,0,0,0,0,0,0,0,0,0,0,0,0,0,0,0,0,0
4192,2005032950,1740.0,1735.0,67,67301,,,0,1,0,0,0,0,4,9,2004,6,17.0,1.0,0,1.0,3,2,3,  ,0,0.0,0,0,1,0,0,0,0,0,0,0,0,0,0,0,0,0,0
4193,2005033062,1719.0,1718.0,39,39405,40.5345,-75.4894,0,0,0,0,0,0,2,7,2004,4,17.0,1.0,0,9.0,3,1,7,  ,0,0.0,1,0,0,0,0,0,0,0,0,0,1,0,0,0,0,0,1
4194,2005033347,1911.0,1855.0,36,36221,40.0368,-76.1034,0,0,0,0,0,1,4,5,2004,2,18.0,1.0,0,1.0,1,2,3,  ,0,0.0,0,0,1,0,0,0,0,0,0,0,0,0,0,0,0,0,0
4195,2005033409,2026.0,2022.0,9,9101,,,0,0,0,0,0,0,2,7,2004,2,20.0,1.0,0,1.0,3,0,3,  ,2,3.0,0,0,0,0,0,0,0,0,0,0,0,0,0,0,0,0,0
4196,2005033439,1355.0,1352.0,46,46413,40.1181,-75.3358,0,0,0,0,0,0,4,1,2004,6,13.0,1.0,0,1.0,3,1,3,  ,3,3.0,0,0,1,0,0,0,0,0,0,0,0,0,0,0,0,0,0
4197,2005033600,1326.0,1325.0,67,67301,,,0,0,0,0,0,0,4,9,2004,7,13.0,1.0,0,9.0,3,1,7,  ,3,3.0,0,0,1,0,0,0,0,0,0,0,0,0,0,0,0,0,0
4198,2005033601,1502.0,1500.0,67,67301,,,0,0,0,0,0,0,6,9,2004,6,14.0,1.0,0,1.0,3,1,3,  ,2,3.0,0,1,0,0,0,0,0,0,0,0,0,0,0,0,0,0,0
4199,2005033641,1757.0,1757.0,23,23111,39.9351,-75.2911,0,0,0,0,1,0,4,10,2004,1,17.0,3.0,0,1.0,3,2,3,  ,0,0.0,1,0,1,0,0,0,0,0,0,0,0,0,0,0,0,0,0
4200,2005033648,940.0,940.0,46,46206,40.2774,-75.4817,0,0,0,0,0,0,1,10,2004,3,6.0,2.0,0,1.0,1,0,99,  ,0,0.0,0,0,0,0,0,0,0,0,0,0,0,0,0,0,0,0,0
4201,2005033855,1708.0,1659.0,48,48301,,,0,0,0,0,0,0,4,7,2004,6,16.0,1.0,0,1.0,3,0,3,  ,0,0.0,0,0,1,0,0,0,0,0,0,0,0,0,0,0,0,0,0
4202,2005033947,1335.0,1334.0,22,22412,40.275,-76.8549,0,0,0,0,1,0,5,5,2004,2,13.0,1.0,0,1.0,3,3,3,  ,3,3.0,0,0,0,0,0,0,0,0,0,0,0,0,0,0,0,1,0
4203,2005034030,2009.0,2007.0,38,38301,40.3475,-76.4208,0,0,0,0,0,0,4,7,2004,5,20.0,1.0,1,1.0,2,1,3,  ,0,0.0,0,0,1,0,0,0,0,0,0,0,0,0,0,0,0,0,0
4204,2005034290,1554.0,1552.0,37,37301,40.9823,-80.3454,0,0,0,0,0,0,2,9,2004,4,15.0,1.0,0,1.0,2,1,3,  ,3,3.0,0,0,0,0,0,0,0,0,0,0,0,0,0,0,0,0,0
4205,2005034478,1654.0,1649.0,66,66301,39.9562,-76.7428,0,0,0,0,0,1,5,6,2004,3,16.0,1.0,0,9.0,3,0,7,  ,0,0.0,1,0,0,0,0,0,0,0,0,0,0,0,0,0,0,0,0
4206,2005034479,1932.0,1929.0,66,66301,39.96,-76.7445,0,0,0,0,0,0,4,6,2004,3,19.0,1.0,0,9.0,3,1,3,  ,3,3.0,0,0,1,0,0,0,0,0,0,0,0,0,0,0,0,0,0
4207,2005034811,1147.0,1141.0,36,36214,40.038,-76.3514,0,0,0,0,0,0,4,7,2004,4,11.0,1.0,0,1.0,3,2,3,  ,3,3.0,0,0,1,0,0,0,0,0,0,0,0,0,0,0,0,0,0
4208,2005034877,822.0,822.0,39,39301,40.5948,-75.4926,0,0,0,0,0,0,4,10,2004,6,8.0,1.0,0,1.0,3,1,3,  ,3,3.0,0,0,1,0,0,0,0,0,0,0,0,0,0,0,0,0,0
4209,2005035114,1938.0,1736.0,66,66227,39.9721,-76.6599,0,0,0,0,0,1,4,4,2004,5,17.0,1.0,0,1.0,3,0,3,  ,0,0.0,0,0,1,0,0,0,0,0,0,0,0,0,0,0,0,0,0
4210,2005035198,1140.0,1121.0,28,28213,40.0498,-77.6259,0,1,0,0,0,0,5,9,2004,7,11.0,1.0,0,1.0,1,0,3,  ,0,0.0,0,0,0,0,0,1,0,0,0,0,0,0,0,0,0,0,0
4211,2005035637,1655.0,1654.0,46,46101,40.1403,-75.1309,0,0,0,0,0,0,2,5,2004,5,16.0,1.0,0,1.0,3,2,3,  ,3,3.0,0,0,0,0,0,0,0,0,0,0,0,0,0,0,0,0,0
4212,2005035712,1554.0,1533.0,31,31212,40.4519,-78.0269,0,1,0,0,0,0,4,9,2004,1,15.0,1.0,7,1.0,1,0,3,  ,0,0.0,0,0,1,0,0,0,0,0,0,0,0,0,0,0,0,0,0
4213,2005035826,138.0,137.0,67,67301,,,0,0,0,0,0,0,2,9,2004,6,0.0,3.0,0,1.0,3,1,3,  ,2,3.0,0,0,0,0,0,0,0,0,0,0,0,0,0,0,0,0,1
4214,2005035916,2129.0,2128.0,39,39104,40.5501,-75.5854,0,1,0,0,0,0,4,8,2004,5,21.0,2.0,0,1.0,3,0,3,  ,0,0.0,1,0,1,0,0,0,0,0,0,0,0,0,0,1,0,0,0
4215,2005036148,1805.0,1801.0,7,7301,,,0,0,0,0,0,1,4,8,2004,7,18.0,1.0,0,1.0,3,1,3,  ,3,3.0,0,0,1,0,0,0,0,0,0,0,0,0,0,0,0,0,0
4216,2005036151,1733.0,1725.0,7,7301,,,0,0,0,0,0,0,4,8,2004,3,17.0,1.0,0,1.0,3,1,3,  ,3,3.0,0,0,1,0,0,0,0,0,0,0,0,0,0,0,0,0,0
4217,2005036190,811.0,810.0,67,67301,39.9383,-75.1701,0,0,0,0,0,0,6,10,2004,4,7.0,1.0,0,1.0,3,0,3,  ,0,0.0,0,0,0,0,0,0,0,0,0,0,0,0,0,0,0,0,1
4218,2005036227,1715.0,1709.0,67,67301,40.0679,-75.063,0,0,0,0,0,0,4,10,2004,6,17.0,1.0,0,1.0,3,0,3,  ,0,0.0,0,0,1,0,0,0,0,0,0,0,0,0,0,0,0,0,0
4219,2005036303,1957.0,1950.0,46,46416,40.2473,-75.6391,0,0,0,0,0,0,5,10,2004,1,19.0,3.0,0,1.0,2,1,3,  ,3,3.0,0,0,0,0,0,1,0,0,0,0,0,0,0,0,0,0,1
4220,2005036367,1820.0,1820.0,39,39301,40.6062,-75.4968,0,0,0,0,0,0,4,1,2004,6,13.0,1.0,0,1.0,3,1,3,  ,3,3.0,1,0,1,0,0,1,0,0,0,0,0,0,0,0,0,0,0
4221,2005036415,1626.0,9999.0,66,66301,39.9591,-76.7283,0,0,0,0,0,0,2,10,2004,5,16.0,1.0,0,1.0,3,1,3,  ,2,3.0,0,0,0,0,0,1,0,0,0,0,0,0,0,0,0,0,0
4222,2005036426,1458.0,1456.0,66,66301,39.9574,-76.7207,0,0,0,0,0,0,1,10,2004,4,14.0,1.0,0,1.0,3,1,3,  ,3,3.0,0,0,0,0,0,0,0,0,0,0,0,0,0,0,0,0,0
4223,2005036432,1915.0,1912.0,66,66301,39.9577,-76.7431,0,0,0,0,0,1,4,10,2004,3,19.0,3.0,0,1.0,3,1,3,  ,2,3.0,0,0,1,0,0,0,0,0,0,0,0,0,0,0,0,0,0
4224,2005036440,1937.0,1936.0,40,40304,41.2422,-75.8781,0,0,0,0,0,1,4,10,2004,3,19.0,3.0,0,1.0,3,1,3,  ,2,3.0,0,0,1,0,0,0,0,0,0,0,0,0,0,0,0,0,0
4225,2005036456,859.0,857.0,46,46104,40.0234,-75.3263,0,0,0,0,0,1,4,10,2004,5,8.0,1.0,0,1.0,3,1,3,  ,3,3.0,1,0,1,0,0,0,0,0,0,0,0,0,0,0,0,0,0
4226,2005036642,1623.0,1620.0,66,66220,40.155,-76.7902,0,0,0,0,0,0,4,10,2004,1,16.0,1.0,0,1.0,1,2,3,  ,3,9.0,0,0,1,0,0,0,0,0,0,0,0,0,0,0,0,0,0
4227,2005036755,1610.0,1608.0,46,46413,40.1141,-75.3383,0,0,0,0,0,0,8,10,2004,2,16.0,1.0,99,1.0,3,1,3,  ,2,2.0,0,0,0,0,0,0,0,0,0,0,0,0,0,0,0,0,0
4228,2005036758,1658.0,1655.0,46,46413,40.1229,-75.3613,0,0,0,0,0,0,4,10,2004,2,16.0,1.0,99,1.0,3,2,3,  ,0,0.0,0,0,1,0,0,0,0,0,0,0,0,0,0,0,0,1,0
4229,2005036848,825.0,820.0,67,67301,39.9877,-75.2161,0,0,0,0,0,0,4,10,2004,4,8.0,1.0,0,1.0,3,2,3,  ,2,3.0,0,0,1,0,0,0,0,0,0,0,0,0,0,0,0,0,0
4230,2005036980,2003.0,1953.0,67,67301,39.9833,-75.1258,0,0,0,0,0,0,8,10,2004,6,19.0,3.0,0,1.0,3,1,3,  ,2,3.0,0,0,0,0,0,0,0,0,0,0,0,0,0,0,0,0,0
4231,2005037069,1046.0,1043.0,9,9409,40.2127,-74.7912,0,0,0,0,0,0,5,7,2004,5,10.0,1.0,0,1.0,3,2,3,  ,0,0.0,0,0,0,0,0,0,0,0,0,0,0,0,0,0,0,0,0
4232,2005037086,1512.0,1511.0,23,23111,39.9532,-75.3138,0,0,0,0,1,0,4,10,2004,6,15.0,1.0,0,1.0,3,1,3,  ,3,9.0,0,0,1,0,0,0,0,0,0,0,0,0,0,0,0,0,0
4233,2005037163,1400.0,1348.0,67,67301,39.9548,-75.1576,0,0,0,0,0,0,5,10,2004,4,13.0,1.0,0,1.0,3,0,3,  ,0,0.0,0,0,0,0,0,0,0,0,0,0,0,0,0,0,0,0,0
4234,2005037186,1541.0,1537.0,39,39301,40.598,-75.4869,0,0,0,0,0,1,4,10,2004,4,15.0,1.0,0,1.0,3,1,3,  ,0,0.0,0,0,1,0,0,0,0,0,0,0,0,0,0,0,0,0,1
4235,2005037585,1018.0,1018.0,9,9225,40.1714,-75.0447,0,0,0,0,0,0,4,11,2004,7,10.0,1.0,0,1.0,3,0,3,  ,0,0.0,0,0,1,0,0,0,0,0,0,0,0,0,0,0,0,0,0
4236,2005037610,1831.0,1830.0,23,23407,,,0,0,0,0,0,0,4,5,2004,6,18.0,1.0,0,1.0,3,1,3,  ,3,9.0,0,0,1,0,0,0,0,0,0,0,0,0,0,0,0,0,0
4237,2005037684,955.0,950.0,67,67301,,,0,0,0,0,0,0,8,10,2004,5,9.0,1.0,0,1.0,3,1,3,  ,3,3.0,0,0,0,0,0,0,0,0,0,0,0,0,0,0,0,0,0
4238,2005037686,1900.0,1855.0,67,67301,39.9273,-75.1448,0,0,0,0,0,0,2,10,2004,6,,3.0,0,1.0,3,1,3,  ,2,3.0,0,0,0,0,0,0,0,0,0,0,0,0,0,0,0,0,0
4239,2005037696,1250.0,1247.0,22,22202,40.275,-76.6337,0,0,0,0,0,0,2,11,2004,5,12.0,1.0,0,9.0,3,1,7,  ,3,3.0,1,0,0,0,0,0,0,0,0,0,0,0,0,0,0,0,0
4240,2005037714,1504.0,1503.0,11,11223,40.3226,-78.6968,0,0,0,0,0,0,5,10,2004,1,15.0,1.0,0,1.0,1,2,3,  ,3,3.0,0,0,0,0,0,0,0,0,0,0,0,0,0,0,0,0,0
4241,2005037807,1712.0,1642.0,7,7204,40.4861,-78.2087,0,0,0,0,0,0,5,9,2004,7,16.0,1.0,0,1.0,1,0,3,  ,0,0.0,0,0,0,0,0,0,0,0,0,0,0,0,0,0,0,0,0
4242,2005037887,1419.0,1414.0,15,15215,40.0355,-75.4711,0,0,0,0,0,0,4,10,2004,1,14.0,1.0,0,1.0,3,1,3,  ,2,3.0,1,0,1,0,0,0,0,0,0,0,0,0,0,0,0,0,1
4243,2005037939,1430.0,1430.0,36,36407,40.1424,-76.5947,0,0,0,0,0,0,1,2,2004,2,13.0,1.0,99,1.0,2,0,3,  ,0,0.0,0,0,0,0,0,1,0,0,0,0,0,0,0,0,0,0,0
4244,2005038051,1125.0,1105.0,40,40225,41.2218,-76.0165,0,0,0,0,0,0,4,7,2004,1,11.0,1.0,0,1.0,1,0,3,  ,0,0.0,0,0,1,0,0,0,0,0,0,0,0,0,0,0,0,0,0
4245,2005038141,1834.0,1832.0,37,37301,41.0086,-80.3405,0,0,0,0,0,0,4,5,2004,6,18.0,1.0,0,1.0,2,1,3,  ,2,3.0,0,0,1,0,0,0,0,0,0,0,0,0,0,0,0,1,0
4246,2005038182,815.0,812.0,67,67301,39.9217,-75.1703,0,0,0,0,0,0,5,10,2004,7,8.0,1.0,0,1.0,3,0,3,  ,0,0.0,0,0,0,0,0,0,0,0,0,0,0,0,0,0,0,0,0
4247,2005038266,1928.0,1927.0,46,46416,,,0,0,0,0,0,0,8,5,2004,4,19.0,1.0,0,1.0,2,2,3,  ,3,3.0,0,0,0,0,0,0,0,0,0,0,0,0,0,0,0,0,0
4248,2005038395,1636.0,1636.0,36,36214,40.0507,-76.3617,0,0,0,0,0,0,4,4,2004,3,16.0,1.0,0,1.0,3,2,3,  ,0,0.0,0,0,1,0,0,0,0,0,0,0,0,0,0,0,0,0,0
4249,2005038459,9999.0,9999.0,67,67301,39.9686,-75.2436,0,0,0,0,0,0,4,10,2004,6,99.0,4.0,0,1.0,3,0,3,  ,0,0.0,0,0,1,0,0,0,0,0,0,0,0,0,0,0,0,0,0
4250,2005038460,1810.0,1805.0,67,67301,39.9815,-75.1173,0,0,0,0,0,0,2,10,2004,4,17.0,1.0,1,1.0,3,0,3,  ,0,0.0,0,0,0,0,0,0,0,0,0,0,0,0,0,0,0,0,0
4251,2005038487,1614.0,1613.0,2,2304,,,0,0,0,0,0,0,4,5,2004,5,16.0,1.0,0,1.0,3,1,3,  ,3,3.0,0,0,1,0,0,0,0,0,0,0,0,0,0,0,0,0,1
4252,2005038490,2054.0,2052.0,2,2304,40.3389,-79.8453,0,0,0,0,0,0,4,5,2004,4,20.0,3.0,0,1.0,3,1,3,  ,3,3.0,0,0,1,0,0,0,0,0,0,0,0,0,0,0,0,0,0
4253,2005038536,559.0,557.0,49,49411,,,0,0,0,0,1,0,4,5,2004,4,5.0,5.0,0,9.0,1,1,7,  ,3,3.0,0,0,1,0,0,0,0,0,0,0,0,0,0,0,0,0,0
4254,2005038594,1827.0,1823.0,66,66216,39.9354,-76.5217,0,0,0,0,0,0,2,5,2004,3,8.0,1.0,0,1.0,1,0,3,  ,0,0.0,0,0,0,0,0,0,0,0,0,0,0,0,0,0,0,0,0
4255,2005038689,926.0,918.0,39,39301,40.6241,-75.4433,0,0,0,0,0,0,4,10,2004,6,8.0,1.0,0,1.0,3,1,3,  ,0,0.0,1,0,1,0,0,0,0,0,0,0,0,0,0,0,0,0,0
4256,2005038690,630.0,630.0,39,39301,,,0,0,0,0,0,0,5,9,2004,3,,1.0,0,1.0,3,1,3,  ,0,0.0,1,0,0,0,0,0,0,0,0,0,0,0,0,0,0,0,0
4257,2005038718,1530.0,1507.0,35,35302,41.443,-75.6629,0,1,0,0,0,0,4,4,2004,3,14.0,1.0,0,1.0,3,0,3,  ,0,0.0,0,1,1,0,0,0,1,0,0,1,0,0,0,0,0,0,1
4258,2005038741,1219.0,1217.0,2,2426,40.4337,-79.8921,0,0,0,0,0,0,4,10,2004,7,12.0,1.0,0,1.0,3,1,3,  ,3,3.0,0,0,1,0,0,1,0,0,0,0,0,0,0,0,0,0,0
4259,2005038755,1915.0,1913.0,3,3409,40.8233,-79.5235,0,0,0,0,0,0,4,5,2004,7,19.0,1.0,0,1.0,2,1,3,  ,3,3.0,0,0,1,0,0,0,0,0,0,0,0,0,0,0,0,0,0
4260,2005038993,1155.0,1150.0,67,67301,39.9709,-75.1557,0,0,0,0,0,0,4,9,2004,2,11.0,1.0,0,1.0,3,1,3,  ,2,3.0,0,0,1,0,0,0,0,0,0,0,0,0,0,0,0,0,1
4261,2005039010,1605.0,1545.0,9,9202,40.0988,-74.9509,0,0,0,0,1,0,2,5,2004,7,15.0,1.0,7,1.0,3,0,3,  ,0,0.0,0,0,0,0,0,1,0,0,0,0,0,0,0,0,0,0,0
4262,2005039018,1825.0,1821.0,9,9202,40.1128,-74.9078,0,0,0,0,0,0,4,5,2004,7,18.0,1.0,0,1.0,3,2,3,  ,3,9.0,0,0,1,0,0,0,0,0,0,0,0,0,0,0,0,0,0
4263,2005039141,905.0,846.0,2,2301,40.4414,-80.0039,0,0,0,0,0,0,4,4,2004,3,8.0,1.0,0,9.0,3,1,7,  ,2,3.0,0,0,1,0,0,0,0,0,0,0,0,0,0,0,0,0,0
4264,2005039768,341.0,340.0,46,46416,40.2487,-75.6604,0,1,0,0,0,0,4,4,2004,7,3.0,2.0,0,9.0,2,0,3,  ,0,0.0,1,1,1,0,0,0,1,0,0,1,0,0,0,0,0,0,0
4265,2005039773,1813.0,1810.0,46,46416,40.2546,-75.6462,0,0,0,0,0,0,8,4,2004,7,18.0,1.0,0,1.0,2,0,3,  ,0,0.0,0,0,0,0,0,0,0,0,0,0,0,0,0,0,0,0,0
4266,2005039827,1832.0,1831.0,66,66301,39.9591,-76.7283,0,0,0,0,0,0,4,4,2004,6,18.0,1.0,0,1.0,3,1,3,  ,2,3.0,0,0,1,0,0,0,0,0,0,0,0,0,0,0,0,0,0
4267,2005039857,1910.0,1903.0,15,15241,40.0889,-75.7724,0,1,0,0,0,0,4,4,2004,5,19.0,1.0,0,1.0,1,1,3,  ,3,3.0,0,0,1,0,0,0,0,0,0,0,0,0,0,0,0,0,0
4268,2005039974,719.0,717.0,9,9216,40.2627,-74.9697,0,0,0,0,0,0,4,4,2004,2,7.0,1.0,0,1.0,3,2,3,  ,0,0.0,1,0,1,0,0,0,0,0,0,0,0,0,0,0,0,0,0
4269,2005040037,1903.0,1842.0,55,55204,39.9572,-78.9272,0,0,0,0,0,0,5,9,2004,4,18.0,1.0,0,1.0,1,0,3,  ,0,0.0,1,0,0,0,0,0,0,0,0,0,0,0,0,0,0,1,0
4270,2005040051,1816.0,1804.0,46,46223,40.2905,-75.4268,0,0,0,0,0,0,4,9,2004,3,18.0,1.0,0,1.0,1,1,3,  ,3,3.0,1,0,1,0,0,0,0,0,0,0,0,0,0,0,0,0,0
4271,2005040209,1804.0,1802.0,2,2463,40.4255,-79.8904,0,0,0,0,0,0,4,4,2004,2,18.0,1.0,0,1.0,3,2,3,  ,0,0.0,0,0,1,0,0,0,0,0,0,0,0,0,0,0,0,0,0
4272,2005040239,1756.0,1736.0,2,2301,,,0,0,0,0,1,0,4,11,2004,4,17.0,3.0,0,9.0,3,2,7,  ,2,3.0,1,0,1,0,0,0,0,0,0,0,0,1,0,0,0,0,0
4273,2005040439,1721.0,1720.0,64,64301,,,0,0,0,0,1,0,8,4,2004,6,17.0,1.0,0,1.0,3,1,3,  ,3,3.0,0,0,0,0,0,0,0,0,0,0,0,0,0,0,0,0,0
4274,2005040489,1527.0,1527.0,17,17301,41.1188,-78.7607,0,0,0,0,0,0,4,6,2004,6,15.0,1.0,0,1.0,2,1,3,  ,3,3.0,0,0,1,0,0,0,0,0,0,0,0,0,0,0,0,0,0
4275,2005040927,1507.0,1503.0,67,67301,,,0,0,0,0,0,0,2,10,2004,7,15.0,1.0,0,1.0,3,0,3,  ,0,0.0,0,0,0,0,0,0,0,0,0,0,0,0,0,0,0,0,0
4276,2005040943,1832.0,1831.0,39,39402,,,0,0,0,0,0,0,4,8,2004,2,18.0,1.0,0,1.0,3,2,3,  ,0,0.0,0,0,1,0,0,0,0,0,0,0,0,0,0,0,0,0,0
4277,2005040967,2122.0,2116.0,23,23111,,,0,0,0,0,0,0,4,5,2004,6,21.0,3.0,0,1.0,3,1,3,  ,3,3.0,1,0,1,0,0,0,0,0,0,0,0,0,0,0,0,0,1
4278,2005041047,2309.0,2251.0,6,6212,40.253,-75.714,0,0,0,0,0,0,5,2,2004,5,21.0,2.0,0,1.0,1,0,3,  ,0,0.0,0,0,0,0,0,0,0,0,0,0,0,0,0,0,0,0,0
4279,2005041371,1915.0,1913.0,25,25302,,,0,0,0,0,0,0,4,6,2004,2,19.0,1.0,0,1.0,3,1,3,  ,2,3.0,0,0,1,0,0,0,0,0,0,0,0,0,0,0,0,0,0
4280,2005041412,1932.0,1916.0,32,32223,40.589,-79.1822,0,0,0,0,0,1,4,9,2004,1,19.0,1.0,0,1.0,1,1,3,  ,2,3.0,0,1,1,0,0,0,1,0,0,1,0,0,0,0,0,0,0
4281,2005041897,928.0,921.0,49,49302,40.8571,-76.7987,0,0,0,0,0,0,4,6,2004,2,9.0,1.0,0,1.0,2,1,3,  ,3,3.0,0,0,1,0,0,0,0,0,0,0,0,0,0,0,0,0,0
4282,2005041922,1820.0,1755.0,22,22201,,,0,0,0,0,1,0,7,9,2004,7,17.0,1.0,0,1.0,1,0,3,  ,0,0.0,1,0,0,0,0,0,0,0,0,0,0,0,0,0,0,0,1
4283,2005042105,1049.0,1049.0,48,48301,40.6467,-75.3618,0,0,0,0,0,0,4,9,2004,5,12.0,1.0,0,1.0,3,2,3,  ,2,3.0,0,0,1,0,0,1,0,0,0,0,0,0,0,0,0,0,0
4284,2005042325,1402.0,1359.0,35,35302,41.4088,-75.6586,0,1,0,0,0,0,4,5,2004,5,13.0,1.0,0,1.0,3,1,3,  ,2,3.0,0,0,1,0,0,0,0,0,0,0,0,0,0,0,0,0,0
4285,2005042330,1627.0,1627.0,2,2301,40.4329,-79.9365,0,0,0,0,0,0,5,11,2004,1,16.0,1.0,0,1.0,3,1,3,  ,2,3.0,1,0,0,0,0,0,0,0,0,0,0,0,0,0,0,1,0
4286,2005042552,1020.0,1012.0,67,67301,,,0,0,0,0,0,0,2,9,2004,6,10.0,1.0,0,1.0,3,2,3,  ,0,0.0,0,0,0,0,0,0,0,0,0,0,0,0,0,0,0,0,0
4287,2005043000,1634.0,1618.0,18,18403,41.1246,-77.4736,0,0,0,0,0,0,2,10,2004,4,16.0,1.0,0,1.0,1,2,3,  ,0,0.0,0,0,0,0,0,0,0,0,0,0,0,0,0,0,0,0,0
4288,2005043162,1522.0,1520.0,23,23101,39.8624,-75.4382,0,0,0,0,0,0,4,3,2004,5,15.0,1.0,0,1.0,3,2,3,  ,3,2.0,0,0,1,0,0,0,0,0,0,0,0,0,0,0,0,1,0
4289,2005043253,1530.0,1501.0,67,67301,39.9322,-75.1719,0,0,0,0,0,0,5,7,2004,1,14.0,1.0,0,1.0,3,1,3,  ,0,0.0,0,0,0,0,0,0,0,0,0,0,0,0,0,0,0,0,0