,CRN,ARRIVAL_TM,DISPATCH_TM,COUNTY,MUNICIPALITY,DEC_LAT,DEC_LONG,BICYCLE_DEATH_COUNT,BICYCLE_SUSP_SERIOUS_INJ_COUNT,BUS_COUNT,HEAVY_TRUCK_COUNT,SMALL_TRUCK_COUNT,SUV_COUNT,COLLISION_TYPE,CRASH_MONTH,CRASH_YEAR,DAY_OF_WEEK,HOUR_OF_DAY,ILLUMINATION,LOCATION_TYPE,ROAD_CONDITION,URBAN_RURAL,INTERSECT_TYPE,WEATHER1,WEATHER2,TCD_TYPE,TCD_FUNC_CD,AGGRESSIVE_DRIVING,ALCOHOL_RELATED,ANGLE_CRASH,CELL_PHONE,COMM_VEHICLE,DISTRACTED,DRINKING_DRIVER,DRUGGED_DRIVER,FATIGUE_ASLEEP,IMPAIRED_DRIVER,NHTSA_AGG_DRIVING,RUNNING_RED_LT,RUNNING_STOP_SIGN,SPEEDING_RELATED,TAILGATING,MATURE_DRIVER,YOUNG_DRIVER
4290,2005043263,840.0,838.0,67,67301,,,0,0,0,0,0,0,8,7,2004,5,8.0,1.0,0,1.0,3,0,3,  ,0,0.0,0,0,0,0,0,0,0,0,0,0,0,0,0,0,0,0,0
4291,2005043297,2150.0,2148.0,23,23111,39.953,-75.2625,0,0,0,0,0,0,4,5,2004,4,21.0,2.0,0,1.0,3,2,3,  ,0,0.0,0,0,1,0,0,1,0,0,0,0,0,0,0,0,0,0,1
4292,2005043378,1534.0,1502.0,38,38205,,,0,1,0,0,0,0,1,8,2004,2,15.0,1.0,0,1.0,1,0,3,  ,0,0.0,0,0,0,0,0,0,0,0,0,0,0,0,0,0,0,0,0
4293,2005043467,2115.0,2113.0,24,24301,41.4118,-78.5442,0,0,0,0,0,0,4,8,2004,1,21.0,3.0,0,1.0,2,1,3,  ,3,3.0,0,0,1,0,0,0,0,0,0,0,0,0,0,0,0,0,0
4294,2005043581,2101.0,2039.0,36,36413,,,0,0,0,0,0,0,4,10,2004,7,20.0,3.0,0,1.0,2,1,3,  ,3,3.0,0,0,1,0,0,0,0,0,0,0,0,0,0,0,0,0,0
4295,2005043884,1320.0,1320.0,67,67301,39.9902,-75.1259,0,0,0,0,0,0,5,6,2004,3,13.0,1.0,0,1.0,3,1,3,  ,3,3.0,0,0,0,0,0,0,0,0,0,0,0,0,0,0,0,0,0
4296,2005043926,1812.0,1809.0,67,67301,40.0255,-75.1224,0,0,0,0,0,0,8,7,2004,6,18.0,1.0,0,1.0,3,0,3,  ,0,0.0,0,0,0,0,0,0,0,0,0,0,0,0,0,0,0,0,0
4297,2005043931,1437.0,1430.0,67,67301,39.9947,-75.1475,0,0,0,0,0,0,6,7,2004,3,14.0,1.0,0,1.0,3,1,3,  ,2,3.0,0,0,0,0,0,0,0,0,0,0,0,0,0,0,0,0,0
4298,2005043945,1813.0,1810.0,46,46104,40.0043,-75.2946,0,0,0,0,0,0,4,7,2004,5,18.0,1.0,0,1.0,3,0,3,  ,0,0.0,0,0,1,0,0,0,0,0,0,0,0,0,0,0,0,0,0
4299,2005043949,1253.0,1250.0,67,67301,,,0,0,0,0,0,0,4,9,2004,1,12.0,1.0,0,1.0,3,0,3,  ,0,0.0,0,0,1,0,0,0,0,0,0,0,0,0,0,0,0,0,0
4300,2005044119,1821.0,1820.0,66,66301,,,0,0,0,0,0,0,4,8,2004,7,18.0,1.0,0,1.0,3,1,3,  ,3,3.0,0,0,1,0,0,0,0,0,0,0,0,0,0,0,0,0,0
4301,2005044184,433.0,428.0,67,67301,,,0,0,0,0,0,0,2,7,2004,1,4.0,3.0,0,1.0,3,1,3,  ,2,9.0,0,1,0,0,0,0,0,0,0,0,0,0,0,0,0,0,0
4302,2005044593,1200.0,1156.0,67,67301,39.9388,-75.1748,0,0,0,0,0,0,8,10,2004,4,10.0,1.0,0,1.0,3,0,3,  ,0,0.0,0,0,0,0,0,0,0,0,0,0,0,0,0,0,0,0,0
4303,2005044800,1605.0,1554.0,25,25302,,,0,0,0,0,0,0,4,6,2004,2,15.0,1.0,0,1.0,3,1,3,  ,2,9.0,0,0,1,0,0,0,0,0,0,0,0,0,0,0,0,0,0
4304,2005045161,1710.0,1707.0,2,2301,40.4716,-79.9246,0,0,0,0,0,0,4,4,2004,3,17.0,1.0,0,9.0,3,1,7,  ,0,0.0,0,0,1,0,0,0,0,0,0,0,0,0,0,0,0,0,0
4305,2005045227,1501.0,1455.0,25,25408,42.0128,-80.3364,0,0,0,0,1,0,6,5,2004,6,14.0,1.0,0,1.0,1,0,3,  ,0,0.0,0,0,0,0,0,0,0,0,0,0,0,0,0,0,0,0,0
4306,2005045408,1715.0,1710.0,23,23101,39.8626,-75.4131,0,0,0,0,0,0,4,7,2004,3,17.0,1.0,0,1.0,3,1,3,  ,3,3.0,1,0,1,0,0,0,0,0,0,0,0,0,0,0,0,0,0
4307,2005045520,1553.0,1452.0,30,30202,39.8372,-80.2511,0,0,0,0,0,0,4,6,2004,4,14.0,1.0,0,9.0,1,0,7,  ,0,0.0,0,0,1,0,0,0,0,0,0,0,0,0,0,0,0,0,0
4308,2005045924,632.0,628.0,36,36215,40.0566,-76.215,0,0,0,0,0,0,2,1,2004,5,6.0,3.0,0,1.0,1,1,3,  ,2,3.0,1,0,0,0,0,0,0,0,0,0,0,0,0,0,0,0,1
4309,2005046213,1600.0,1558.0,36,36301,,,0,0,0,0,0,1,4,1,2004,2,15.0,1.0,0,1.0,3,1,3,  ,0,0.0,0,0,1,0,0,0,0,0,0,0,0,0,0,0,0,0,0
4310,2005046265,1815.0,1800.0,67,67301,39.998,-75.1254,0,0,0,0,0,0,8,7,2004,7,18.0,1.0,0,1.0,3,1,3,  ,3,3.0,0,0,0,0,0,0,0,0,0,0,0,0,0,0,0,0,0
4311,2005046770,1300.0,1245.0,67,67301,40.0169,-75.0579,0,0,0,0,0,0,2,9,2004,5,12.0,1.0,0,1.0,3,0,3,  ,0,0.0,0,0,0,0,0,0,0,0,0,0,0,0,0,0,0,0,0
4312,2005046840,1403.0,1356.0,35,35302,41.3776,-75.6931,0,0,0,0,0,0,4,6,2004,5,13.0,1.0,0,1.0,3,0,3,  ,0,0.0,1,0,1,0,0,0,0,0,0,0,0,0,0,0,0,1,0
4313,2005046843,1427.0,1424.0,35,35302,41.405,-75.686,0,0,0,0,0,0,4,5,2004,3,14.0,1.0,0,1.0,3,2,3,  ,0,0.0,0,0,1,0,0,0,0,0,0,0,0,0,0,0,0,0,0
4314,2005047290,1904.0,1901.0,46,46109,40.1517,-75.1345,0,0,0,0,0,0,4,10,2004,7,19.0,3.0,0,1.0,3,2,3,  ,2,3.0,0,0,1,0,0,0,0,0,0,0,0,0,0,0,0,1,0
4315,2005047554,238.0,235.0,23,23102,39.9089,-75.3017,0,0,0,0,0,0,2,10,2004,5,2.0,3.0,0,1.0,3,2,3,  ,3,3.0,0,1,0,0,0,0,0,0,0,0,0,0,0,0,0,0,0
4316,2005047658,1901.0,1859.0,67,67301,39.9674,-75.2177,0,0,0,0,0,0,2,8,2004,5,18.0,1.0,0,1.0,3,2,3,  ,0,0.0,0,0,0,0,0,0,0,0,0,0,0,0,0,0,0,1,0
4317,2005048099,1351.0,1343.0,11,11222,,,0,0,0,0,0,1,4,9,2004,4,13.0,1.0,0,1.0,3,0,3,  ,0,0.0,0,0,1,0,0,0,0,0,0,0,0,0,0,0,0,0,0
4318,2005048338,2145.0,2141.0,36,36301,40.0375,-76.3219,0,0,0,0,0,1,4,10,2004,4,21.0,3.0,0,1.0,3,1,99,  ,3,3.0,0,0,1,0,0,0,0,0,0,0,0,0,0,0,0,0,0
4319,2005048425,2007.0,2006.0,43,43404,41.1566,-80.0879,0,0,0,0,0,0,4,10,2004,4,20.0,3.0,0,1.0,2,0,3,  ,0,0.0,0,0,1,0,0,0,0,0,0,0,0,0,0,0,0,1,0
4320,2005048830,837.0,837.0,39,39301,,,0,0,0,0,0,0,4,9,2004,5,8.0,1.0,0,1.0,3,0,3,  ,0,0.0,0,0,1,0,0,0,0,0,0,0,0,0,0,0,0,0,0
4321,2005048944,1700.0,1700.0,67,67301,40.0275,-75.0626,0,0,0,0,0,0,2,8,2004,6,17.0,1.0,0,1.0,3,3,3,  ,0,0.0,0,0,0,0,0,0,0,0,0,0,0,0,0,0,0,0,0
4322,2005049362,1550.0,1545.0,2,2207,40.5645,-79.9285,0,0,0,0,1,0,5,3,2004,4,15.0,1.0,0,1.0,3,0,3,  ,0,0.0,0,0,0,0,0,0,0,0,0,0,0,0,0,0,0,0,0
4323,2005049695,1520.0,1505.0,53,53218,40.6462,-76.1958,0,0,0,0,0,0,4,10,2004,1,14.0,1.0,0,1.0,1,1,3,  ,0,0.0,1,0,1,0,0,0,0,0,0,0,0,0,0,0,0,0,0
4324,2005050023,1755.0,1732.0,67,67301,40.1007,-74.9676,0,0,0,0,0,0,8,9,2004,2,17.0,1.0,0,1.0,3,0,3,  ,0,0.0,0,0,0,0,0,0,0,0,0,0,0,0,0,0,0,0,0
4325,2005050576,840.0,830.0,2,2301,,,0,0,0,0,0,0,4,7,2004,4,8.0,1.0,0,1.0,3,1,3,  ,3,3.0,1,0,1,0,0,0,0,0,0,0,0,0,1,0,0,0,0
4326,2005050735,2124.0,2117.0,7,7403,40.429,-78.3929,0,0,0,0,0,0,4,7,2004,5,1.0,3.0,0,1.0,3,1,3,  ,0,0.0,0,0,1,0,0,0,0,0,0,0,0,0,0,0,0,0,0
4327,2005050859,1129.0,1128.0,36,36101,40.0736,-76.3199,0,0,0,0,0,0,4,3,2004,7,11.0,1.0,0,1.0,3,0,3,  ,0,0.0,1,0,1,0,0,0,0,0,0,0,0,0,0,0,0,0,0
4328,2005050866,1810.0,1805.0,36,36101,40.0969,-76.3051,0,0,0,0,0,0,5,3,2004,2,18.0,4.0,0,1.0,3,2,3,  ,3,3.0,1,0,0,0,0,0,0,0,0,0,0,0,0,0,0,0,0
4329,2005050891,1203.0,1201.0,46,46402,40.1082,-75.3452,0,1,0,0,1,0,8,4,2004,5,11.0,1.0,0,1.0,3,2,3,  ,2,3.0,0,0,0,0,0,0,0,0,0,0,0,0,0,0,0,0,1
4330,2005051072,1835.0,1835.0,23,23111,39.956,-75.273,0,0,0,0,0,0,4,10,2004,5,18.0,3.0,0,1.0,3,1,3,  ,2,3.0,0,0,1,0,0,0,0,0,0,0,0,0,0,0,0,0,0
4331,2005051284,1646.0,1621.0,1,1207,39.7256,-77.1188,0,0,0,0,0,0,4,8,2004,7,16.0,1.0,0,1.0,1,1,3,  ,3,3.0,1,0,1,0,0,0,0,0,0,0,0,0,0,0,0,0,0
4332,2005051372,1728.0,1725.0,48,48301,40.6076,-75.3659,0,0,0,0,0,0,4,7,2004,1,16.0,1.0,0,1.0,3,2,3,  ,0,0.0,0,0,1,0,0,0,0,0,0,0,0,0,0,0,0,0,0
4333,2005051574,1714.0,1710.0,38,38301,,,0,0,0,0,1,0,4,4,2004,4,17.0,1.0,0,1.0,2,1,3,  ,0,0.0,0,0,1,0,0,0,0,0,0,0,0,0,0,0,0,1,0
4334,2005051637,1315.0,1259.0,54,54208,,,0,0,0,0,0,0,4,7,2004,2,12.0,1.0,0,1.0,1,1,3,  ,3,2.0,0,0,1,0,0,0,0,0,0,0,0,0,0,0,0,0,0
4335,2005051641,1415.0,1400.0,54,54403,40.7876,-77.0437,0,0,0,0,0,0,4,7,2004,7,13.0,1.0,0,1.0,1,2,3,  ,0,0.0,0,0,1,0,0,0,0,0,0,0,0,0,0,0,0,0,0
4336,2005052008,1655.0,1650.0,66,66301,,,0,0,0,0,0,0,1,10,2004,6,16.0,1.0,0,1.0,3,2,3,  ,0,0.0,0,0,0,0,0,0,0,0,0,0,0,0,0,0,0,0,0
4337,2005052114,1632.0,1630.0,2,2304,40.3388,-79.8474,0,0,0,0,0,0,4,4,2004,6,16.0,1.0,0,1.0,3,1,3,  ,0,0.0,0,0,1,0,0,0,0,0,0,0,0,0,0,0,0,0,0
4338,2005052154,1620.0,1615.0,36,36228,,,0,0,0,0,0,0,5,4,2004,4,16.0,1.0,0,1.0,1,0,3,  ,0,0.0,0,0,0,0,0,0,0,0,0,0,0,0,0,0,0,0,0
4339,2005052270,1725.0,1720.0,35,35302,41.4183,-75.6798,0,0,0,0,0,0,4,5,2004,4,17.0,1.0,0,1.0,3,1,3,  ,3,3.0,0,0,1,0,0,0,0,0,0,0,0,0,0,0,0,1,0
4340,2005052271,2050.0,2046.0,35,35302,,,0,0,0,0,0,0,4,5,2004,6,20.0,3.0,0,9.0,3,1,7,  ,3,3.0,0,0,1,0,0,0,0,0,0,0,0,0,0,0,0,1,0
4341,2005052337,48.0,46.0,67,67301,40.0234,-75.0767,0,0,0,0,0,0,4,9,2004,1,0.0,3.0,0,1.0,3,0,3,  ,0,0.0,0,0,1,0,0,0,0,0,0,0,0,0,0,0,0,0,0
4342,2005052478,1130.0,1114.0,2,2301,40.4859,-79.9265,0,0,0,0,0,1,4,9,2004,1,10.0,1.0,0,1.0,3,2,3,  ,3,9.0,1,0,1,0,0,0,0,0,0,0,0,0,0,0,0,0,0
4343,2005052514,923.0,920.0,9,9205,40.3178,-75.1376,0,1,0,0,0,1,4,9,2004,6,9.0,1.0,0,1.0,3,2,3,  ,2,3.0,0,0,1,0,0,0,0,0,0,0,0,0,0,0,0,0,0
4344,2005052562,2010.0,1944.0,18,18219,41.154,-77.3556,0,0,0,0,0,0,4,3,2004,6,17.0,4.0,0,1.0,1,0,3,  ,0,0.0,0,0,1,0,0,0,0,0,0,0,0,0,0,0,0,0,0
4345,2005052906,1535.0,1520.0,9,9211,40.2084,-74.8226,0,0,0,0,0,0,4,10,2004,4,15.0,1.0,0,1.0,3,1,3,  ,2,3.0,1,0,1,0,0,0,0,0,0,0,0,0,0,0,0,1,0
4346,2005053066,1803.0,1801.0,2,2301,40.4681,-80.0268,0,0,0,0,0,0,4,7,2004,3,17.0,1.0,0,1.0,3,1,3,  ,3,3.0,0,0,1,0,0,0,0,0,0,0,0,0,0,0,0,0,0
4347,2005053241,1245.0,1235.0,67,67301,40.0216,-75.0546,0,0,0,0,0,0,1,8,2004,5,12.0,1.0,0,1.0,3,1,3,  ,2,3.0,0,0,0,0,0,1,0,0,0,0,0,0,0,0,0,0,0
4348,2005053254,505.0,1500.0,67,67301,39.9579,-75.208,0,1,0,0,0,0,2,8,2004,3,14.0,1.0,0,1.0,3,1,3,  ,2,9.0,0,0,0,0,0,0,0,0,0,0,0,0,0,0,0,0,0
4349,2005053255,1455.0,1446.0,67,67301,,,0,1,0,0,0,0,2,10,2004,4,,1.0,0,1.0,3,1,3,  ,3,3.0,0,0,0,0,0,0,0,0,0,0,0,0,0,0,0,0,0
4350,2005053257,1915.0,1910.0,67,67301,39.9275,-75.1942,0,0,0,0,0,0,5,8,2004,2,19.0,1.0,0,1.0,3,1,3,  ,3,3.0,0,0,0,0,0,0,0,0,0,0,0,0,0,0,0,0,0
4351,2005053265,925.0,922.0,67,67301,,,0,0,0,0,0,0,4,8,2004,4,9.0,1.0,0,1.0,3,1,3,  ,3,3.0,0,0,1,0,0,0,0,0,0,0,0,0,0,0,0,0,0
4352,2005053277,1835.0,1835.0,67,67301,39.9751,-75.1947,0,0,1,0,0,0,5,8,2004,6,18.0,4.0,0,1.0,3,0,3,  ,0,0.0,0,0,0,0,1,0,0,0,0,0,0,0,0,0,0,0,0
4353,2005053637,1655.0,1631.0,15,15239,40.0548,-75.6414,0,0,0,0,0,0,5,9,2004,5,7.0,1.0,0,1.0,1,1,3,  ,2,3.0,0,0,0,0,0,0,0,0,0,0,0,0,0,0,0,0,0
4354,2005053673,1628.0,1624.0,38,38301,40.3377,-76.4279,0,0,0,0,1,0,4,5,2004,3,16.0,1.0,0,1.0,2,0,3,  ,0,0.0,0,0,1,0,0,0,0,0,0,0,0,0,0,0,0,0,0
4355,2005053723,37.0,15.0,20,20230,,,0,0,0,0,0,1,4,2,2004,1,0.0,2.0,0,7.0,1,0,3,  ,0,0.0,0,0,1,0,0,0,0,0,0,0,0,0,0,0,0,0,1
4356,2005053983,1507.0,1507.0,25,25213,42.0796,-80.1632,0,0,0,0,0,0,4,8,2004,4,15.0,1.0,0,1.0,3,0,3,  ,0,0.0,0,0,1,0,0,0,0,0,0,0,0,0,0,0,0,0,0
4357,2005053991,1733.0,1733.0,67,67301,,,0,0,0,0,0,0,8,10,2004,2,17.0,1.0,0,1.0,3,0,3,  ,0,0.0,0,0,0,0,0,0,0,0,0,0,0,0,0,0,0,0,0
4358,2005054007,1415.0,1413.0,67,67301,40.0897,-75.0334,0,0,0,0,0,0,8,7,2004,5,14.0,1.0,0,1.0,3,0,3,  ,0,0.0,0,0,0,0,0,0,0,0,0,0,0,0,0,0,0,0,0
4359,2005054033,1649.0,1645.0,67,67301,,,0,0,0,0,0,0,2,8,2004,3,16.0,1.0,0,1.0,3,0,3,  ,0,0.0,0,0,0,0,0,0,0,0,0,0,0,0,0,0,0,0,0
4360,2005054066,1437.0,1435.0,10,10301,40.8623,-79.8944,0,0,0,0,1,0,4,9,2004,6,14.0,1.0,0,1.0,2,1,3,  ,0,0.0,0,0,1,0,0,0,0,0,0,0,0,0,0,0,0,0,0
4361,2005054178,900.0,854.0,67,67301,,,0,0,0,0,0,0,5,10,2004,2,8.0,1.0,0,1.0,3,0,3,  ,2,3.0,0,0,0,0,0,0,0,0,0,0,0,0,0,0,0,0,0
4362,2005054182,1650.0,1640.0,67,67301,39.9564,-75.2087,0,0,0,0,0,0,5,8,2004,3,16.0,1.0,0,1.0,3,0,3,  ,0,0.0,0,0,0,0,0,0,0,0,0,0,0,0,0,0,0,0,0
4363,2005054187,2310.0,2308.0,67,67301,39.9868,-75.1122,0,0,0,0,0,0,1,8,2004,1,23.0,3.0,0,1.0,3,0,3,  ,0,0.0,0,0,0,0,0,0,0,0,0,0,0,0,0,0,0,0,0
4364,2005054223,1515.0,1512.0,10,10301,40.8605,-79.9021,0,0,0,0,0,0,8,8,2004,2,15.0,1.0,0,1.0,2,0,3,  ,0,0.0,0,0,0,0,0,1,0,0,0,0,0,0,0,0,0,0,0
4365,2005054376,1032.0,1027.0,6,6409,40.3093,-75.9543,0,0,0,0,0,0,8,8,2004,2,10.0,1.0,0,1.0,3,1,3,  ,2,3.0,0,0,0,0,0,0,0,0,0,0,0,0,0,0,0,0,0
4366,2005054409,1416.0,1416.0,36,36204,40.2036,-76.2113,0,0,0,0,0,0,7,6,2004,5,14.0,1.0,0,1.0,1,0,3,  ,0,0.0,0,0,0,0,0,0,0,0,0,0,0,0,0,0,0,0,1
4367,2005054447,2055.0,2055.0,66,66227,39.9773,-76.6607,0,0,0,0,0,1,4,8,2004,1,20.0,2.0,0,1.0,3,1,3,  ,2,3.0,0,0,1,0,0,0,0,0,0,0,0,0,0,0,0,0,1
4368,2005054483,2045.0,2045.0,67,67301,39.9722,-75.2449,0,0,0,0,0,0,4,8,2004,3,20.0,3.0,0,1.0,3,1,3,  ,2,3.0,0,0,1,0,0,0,0,0,0,0,0,0,0,0,0,0,0
4369,2005054484,1155.0,1153.0,67,67301,39.9614,-75.2369,0,0,0,0,0,0,8,7,2004,1,11.0,1.0,0,1.0,3,1,3,  ,2,3.0,0,0,0,0,0,0,0,0,0,0,0,0,0,0,0,0,0
4370,2005054491,1545.0,1530.0,67,67301,40.0337,-75.0295,0,0,0,0,0,0,4,8,2004,2,,1.0,0,1.0,3,0,3,  ,0,0.0,0,0,1,0,0,0,0,0,0,0,0,0,0,0,0,0,0
4371,2005054492,1734.0,1726.0,67,67301,40.0089,-75.0859,0,0,0,0,0,0,4,8,2004,3,17.0,1.0,0,9.0,3,1,7,  ,3,3.0,0,0,1,0,0,0,0,0,0,0,0,0,0,0,0,0,0
4372,2005054503,2104.0,2056.0,67,67301,40.0388,-75.1631,0,0,0,0,1,0,2,7,2004,7,20.0,3.0,0,1.0,3,2,3,  ,0,0.0,0,0,0,0,0,0,0,0,0,0,0,0,0,0,0,0,0
4373,2005054512,1945.0,1941.0,67,67301,40.0676,-75.1485,0,0,0,0,0,0,6,8,2004,3,19.0,1.0,0,1.0,3,2,3,  ,0,0.0,0,0,0,0,0,0,0,0,0,0,0,0,0,0,0,0,0
4374,2005054513,2235.0,2230.0,67,67301,39.9621,-75.2289,0,0,0,0,0,0,8,8,2004,5,22.0,3.0,0,1.0,3,1,3,  ,0,0.0,0,0,0,0,0,0,0,0,0,0,0,0,0,0,0,0,0
4375,2005054578,1142.0,1140.0,2,2447,40.409,-79.9902,0,0,0,0,0,0,4,9,2004,7,11.0,1.0,99,1.0,3,1,3,  ,0,0.0,0,0,1,0,0,0,0,0,0,0,0,0,0,0,0,0,0
4376,2005054660,1508.0,1505.0,67,67301,,,0,0,0,0,0,0,8,8,2004,4,15.0,1.0,0,1.0,3,1,3,  ,3,3.0,0,0,0,0,0,0,0,0,0,0,0,0,0,0,0,1,0
4377,2005054687,1450.0,1448.0,9,9202,40.0906,-74.9405,0,0,0,0,0,1,4,9,2004,4,14.0,1.0,0,1.0,3,2,3,  ,3,3.0,0,0,1,0,0,0,0,0,0,0,0,0,0,0,0,0,0
4378,2005054799,1546.0,1543.0,25,25302,42.1017,-80.0779,0,0,0,0,0,0,4,6,2004,3,15.0,1.0,0,1.0,3,1,3,  ,3,3.0,0,0,1,0,0,0,0,0,0,0,0,0,0,0,0,0,0
4379,2005054909,1856.0,1846.0,2,2301,40.4368,-79.976,0,0,0,0,0,0,2,6,2004,3,18.0,1.0,0,1.0,3,1,3,  ,3,3.0,0,0,0,0,0,0,0,0,0,0,0,0,0,0,0,0,0
4380,2005054911,2049.0,2047.0,2,2301,40.4497,-79.968,0,0,0,0,0,0,4,6,2004,3,20.0,4.0,0,1.0,3,1,3,  ,3,3.0,0,0,1,0,0,0,0,0,0,0,0,0,0,0,0,0,0
4381,2005055057,1812.0,1810.0,9,9409,,,0,0,0,0,0,0,8,6,2004,5,18.0,1.0,0,1.0,3,1,3,  ,0,0.0,0,0,0,0,0,0,0,0,0,0,0,0,0,0,0,0,0
4382,2005055079,1609.0,1609.0,36,36406,39.8749,-76.222,0,0,0,0,0,0,4,9,2004,3,16.0,1.0,0,1.0,3,0,3,  ,0,0.0,0,0,1,0,0,0,0,0,0,0,0,0,0,0,0,0,0
4383,2005055168,1315.0,1310.0,67,67301,,,0,0,0,0,0,0,4,8,2004,2,13.0,1.0,0,1.0,3,1,3,  ,3,3.0,1,0,1,0,0,0,0,0,0,0,0,0,1,0,0,0,0
4384,2005055175,1810.0,1807.0,67,67301,,,0,0,0,0,0,0,1,8,2004,2,18.0,1.0,0,1.0,3,1,3,  ,2,3.0,0,0,0,0,0,0,0,0,0,0,0,0,0,0,0,0,0
4385,2005055322,1635.0,1617.0,48,48301,40.6328,-75.3495,0,0,0,0,0,0,4,9,2004,3,16.0,1.0,0,1.0,3,0,3,  ,0,0.0,0,0,1,0,0,0,0,0,0,0,0,0,0,0,0,0,0
4386,2005055352,1505.0,1442.0,65,65402,41.6458,-76.1611,0,0,0,0,0,0,4,7,2004,5,14.0,1.0,0,1.0,1,1,3,  ,3,3.0,0,0,1,0,0,1,0,0,0,0,0,0,0,0,0,0,0
4387,2005055530,1425.0,1420.0,67,67301,40.0016,-75.1286,0,0,0,0,0,0,2,8,2004,2,14.0,1.0,0,1.0,3,1,3,  ,0,0.0,0,0,0,0,0,0,0,0,0,0,0,0,0,0,0,0,0
4388,2005055531,1508.0,1458.0,67,67301,,,0,0,0,0,0,0,4,8,2004,3,14.0,1.0,0,1.0,3,1,3,  ,2,3.0,0,0,1,0,0,0,0,0,0,0,0,0,0,0,0,0,0
4389,2005055542,2215.0,2158.0,67,67301,40.022,-75.1153,0,0,0,0,0,0,2,8,2004,7,20.0,4.0,0,1.0,3,2,3,  ,0,0.0,0,0,0,0,0,0,0,0,0,0,0,0,0,0,0,0,0
4390,2005055543,1553.0,1548.0,67,67301,40.0204,-75.1147,0,0,0,0,0,0,8,7,2004,1,15.0,1.0,0,1.0,3,2,3,  ,0,0.0,0,0,0,0,0,0,0,0,0,0,0,0,0,0,0,0,0
4391,2005055577,1917.0,1911.0,67,67301,40.08,-74.991,0,0,0,0,0,0,8,7,2004,4,19.0,1.0,0,1.0,3,2,3,  ,0,0.0,0,0,0,0,0,0,0,0,0,0,0,0,0,0,0,0,0
4392,2005055595,1904.0,1901.0,25,25301,41.9252,-79.6414,0,0,0,0,0,0,4,8,2004,3,19.0,1.0,0,1.0,2,1,3,  ,2,3.0,1,0,1,0,0,0,0,0,0,0,0,0,0,0,0,0,0
4393,2005055616,1611.0,1608.0,46,46416,40.2466,-75.6378,0,0,0,0,0,0,4,9,2004,1,16.0,1.0,99,1.0,2,1,3,  ,0,0.0,0,0,1,0,0,0,0,0,0,0,0,0,0,0,0,0,0
4394,2005055664,1840.0,1845.0,67,67301,,,0,0,0,0,1,0,5,1,2004,5,18.0,1.0,0,1.0,3,1,3,  ,3,9.0,1,0,0,0,0,0,0,0,0,0,1,0,0,0,1,0,0
4395,2005055755,1710.0,1708.0,6,6429,40.3366,-75.9561,0,0,0,0,0,1,4,8,2004,4,17.0,1.0,0,1.0,3,1,3,  ,2,3.0,0,0,1,0,0,0,0,0,0,0,0,0,0,0,0,0,0
4396,2005056000,1852.0,1849.0,67,67301,,,0,0,0,0,0,0,6,8,2004,2,18.0,1.0,0,1.0,3,0,3,  ,0,0.0,0,0,0,0,0,0,0,0,0,0,0,0,0,0,0,0,0
4397,2005056003,1950.0,1947.0,67,67301,39.9791,-75.1231,0,0,0,0,0,0,4,8,2004,5,19.0,1.0,0,1.0,3,1,3,  ,0,0.0,0,0,1,0,0,0,0,0,0,0,0,0,0,0,0,0,0
4398,2005056004,1309.0,305.0,67,67301,,,0,0,0,0,0,0,5,8,2004,3,12.0,1.0,0,1.0,3,0,3,  ,0,0.0,0,0,0,0,0,0,0,0,0,0,0,0,0,0,0,0,0
4399,2005056008,1438.0,1435.0,67,67301,,,0,0,0,0,0,0,2,8,2004,3,,1.0,0,1.0,3,0,3,  ,3,3.0,0,0,0,0,0,0,0,0,0,0,0,0,0,0,0,0,0
4400,2005056209,1637.0,1633.0,17,17223,41.0185,-78.4306,0,1,0,0,0,0,8,9,2004,2,16.0,1.0,0,1.0,1,1,3,  ,3,3.0,0,0,0,0,0,0,0,0,0,0,0,0,0,0,0,0,0
4401,2005056525,2022.0,2020.0,67,67301,,,0,0,0,0,0,0,8,8,2004,2,20.0,4.0,0,1.0,3,0,3,  ,0,0.0,0,0,0,0,0,0,0,0,0,0,0,0,0,0,0,0,0
4402,2005056527,2059.0,2055.0,67,67301,39.9903,-75.1867,0,0,0,0,0,0,4,8,2004,1,,4.0,0,1.0,3,2,3,  ,2,3.0,0,0,1,0,0,0,0,0,0,0,0,0,0,0,0,0,0
4403,2005056531,1609.0,1607.0,67,67301,39.9364,-75.165,0,0,0,0,0,0,4,9,2004,7,16.0,1.0,0,1.0,3,0,3,  ,2,3.0,0,0,1,0,0,0,0,0,0,0,0,0,0,0,0,0,0
4404,2005056533,1719.0,1714.0,67,67301,,,0,0,0,0,0,0,2,9,2004,4,16.0,1.0,0,9.0,3,0,7,  ,0,0.0,0,0,0,0,0,0,0,0,0,0,0,0,0,0,0,0,0
4405,2005056575,1445.0,1443.0,23,23111,39.9498,-75.2546,0,0,0,0,0,0,4,8,2004,7,14.0,1.0,0,9.0,3,2,7,  ,3,9.0,0,0,1,0,0,0,0,0,0,0,0,0,0,0,0,0,1
4406,2005056579,1648.0,1647.0,23,23111,39.939,-75.2944,0,0,0,0,0,1,4,8,2004,5,16.0,1.0,0,1.0,3,2,3,  ,0,0.0,0,0,1,0,0,0,0,0,0,0,0,0,0,0,0,0,0
4407,2005056782,1554.0,1549.0,53,53301,,,0,0,0,0,0,0,4,8,2004,5,15.0,1.0,0,1.0,2,2,3,  ,3,3.0,0,0,1,0,0,0,0,0,0,0,0,0,0,0,0,0,0