,CRN,ARRIVAL_TM,DISPATCH_TM,COUNTY,MUNICIPALITY,DEC_LAT,DEC_LONG,BICYCLE_DEATH_COUNT,BICYCLE_SUSP_SERIOUS_INJ_COUNT,BUS_COUNT,HEAVY_TRUCK_COUNT,SMALL_TRUCK_COUNT,SUV_COUNT,COLLISION_TYPE,CRASH_MONTH,CRASH_YEAR,DAY_OF_WEEK,HOUR_OF_DAY,ILLUMINATION,LOCATION_TYPE,ROAD_CONDITION,URBAN_RURAL,INTERSECT_TYPE,WEATHER1,WEATHER2,TCD_TYPE,TCD_FUNC_CD,AGGRESSIVE_DRIVING,ALCOHOL_RELATED,ANGLE_CRASH,CELL_PHONE,COMM_VEHICLE,DISTRACTED,DRINKING_DRIVER,DRUGGED_DRIVER,FATIGUE_ASLEEP,IMPAIRED_DRIVER,NHTSA_AGG_DRIVING,RUNNING_RED_LT,RUNNING_STOP_SIGN,SPEEDING_RELATED,TAILGATING,MATURE_DRIVER,YOUNG_DRIVER
4408,2005056811,1655.0,1652.0,67,67301,39.9968,-75.1522,0,0,0,0,0,0,8,8,2004,1,16.0,1.0,0,1.0,3,0,3,  ,0,0.0,0,0,0,0,0,0,0,0,0,0,0,0,0,0,0,0,0
4409,2005056815,1515.0,1455.0,67,67301,,,0,0,0,0,0,0,4,9,2004,5,14.0,1.0,0,1.0,3,1,3,  ,3,3.0,0,0,1,0,0,0,0,0,0,0,0,0,0,0,0,0,0
4410,2005056822,528.0,522.0,67,67301,39.9921,-75.0993,0,0,0,0,0,0,4,8,2004,3,,1.0,0,9.0,3,1,7,  ,2,3.0,0,0,1,0,0,0,0,0,0,0,0,0,0,0,0,0,0
4411,2005056829,1455.0,1445.0,67,67301,,,0,0,0,0,0,0,4,8,2004,3,14.0,1.0,0,1.0,3,1,3,  ,3,3.0,0,0,1,0,0,0,0,0,0,0,0,0,0,0,0,0,0
4412,2005056832,1420.0,1417.0,67,67301,39.94,-75.1663,0,0,0,0,0,0,4,9,2004,7,14.0,1.0,0,1.0,3,1,3,  ,2,3.0,0,0,1,0,0,0,0,0,0,0,0,0,0,0,0,0,0
4413,2005056843,1452.0,1450.0,67,67301,,,0,0,0,0,0,0,5,8,2004,5,14.0,1.0,0,1.0,3,0,3,  ,0,0.0,0,0,0,0,0,0,0,0,0,0,0,0,0,0,0,0,0
4414,2005056882,1322.0,1318.0,20,20301,41.6635,-80.162,0,0,0,0,1,0,2,8,2004,3,12.0,1.0,0,1.0,2,0,3,  ,0,0.0,0,0,0,0,0,0,0,0,0,0,0,0,0,0,0,0,0
4415,2005056885,1121.0,1119.0,14,14410,,,0,0,0,0,0,0,4,5,2004,7,11.0,1.0,0,1.0,3,2,3,  ,3,3.0,0,0,1,0,0,0,0,0,0,0,0,0,0,0,0,0,0
4416,2005056963,1618.0,1616.0,46,46101,40.1127,-75.1517,0,0,0,0,0,0,5,8,2004,4,16.0,1.0,0,1.0,3,2,3,  ,3,3.0,0,0,0,0,0,0,0,0,0,0,0,0,0,0,0,0,1
4417,2005056970,1314.0,1310.0,31,31407,,,0,0,0,0,0,0,4,9,2004,5,13.0,1.0,0,1.0,2,2,3,  ,3,3.0,0,0,1,0,0,0,0,0,0,0,0,0,0,0,0,0,1
4418,2005057021,1758.0,1751.0,6,6204,40.4262,-76.0216,0,0,0,0,0,0,4,9,2004,1,17.0,1.0,0,1.0,1,0,3,  ,0,0.0,1,0,1,0,0,0,0,0,0,0,0,0,0,0,0,0,0
4419,2005057097,1950.0,1946.0,35,35302,41.3955,-75.6551,0,0,0,0,0,0,4,9,2004,4,,4.0,0,1.0,3,0,3,  ,0,0.0,0,0,1,0,0,0,0,0,0,0,0,0,0,0,0,0,0
4420,2005057098,1747.0,1744.0,35,35302,41.4314,-75.663,0,0,0,0,0,0,4,9,2004,5,17.0,1.0,0,1.0,3,0,3,  ,0,0.0,0,0,1,0,0,0,0,0,0,0,0,0,0,0,0,0,0
4421,2005057149,1840.0,1835.0,40,40102,41.1749,-76.0651,0,0,0,0,1,0,4,9,2004,7,18.0,1.0,0,1.0,1,0,3,  ,0,0.0,0,0,1,0,0,0,0,0,0,0,0,0,0,0,0,0,0
4422,2005057181,712.0,643.0,66,66217,,,0,0,0,0,1,0,4,8,2004,3,6.0,5.0,0,1.0,3,1,3,  ,0,0.0,0,0,1,0,0,0,0,0,0,0,0,0,0,0,0,0,0
4423,2005057240,815.0,1811.0,67,67301,40.0712,-75.1795,0,0,0,0,0,0,1,9,2004,7,18.0,1.0,0,1.0,3,0,3,  ,0,0.0,0,0,0,0,0,0,0,0,0,0,0,0,0,0,0,0,0
4424,2005057243,1650.0,1641.0,67,67301,40.0667,-75.178,0,0,0,0,0,0,4,8,2004,6,15.0,1.0,0,9.0,3,1,3,  ,0,0.0,0,0,1,0,0,0,0,0,0,0,0,0,0,0,0,1,0
4425,2005057250,1230.0,1225.0,67,67301,39.9858,-75.2157,0,0,0,0,0,0,6,9,2004,2,12.0,1.0,0,1.0,3,1,3,  ,2,3.0,0,0,0,0,0,0,0,0,0,0,0,0,0,0,0,0,0
4426,2005057311,1223.0,1221.0,25,25302,,,0,0,0,0,0,0,8,8,2004,1,12.0,1.0,0,1.0,3,1,3,  ,2,3.0,1,0,0,0,0,0,0,0,0,0,0,1,0,0,0,0,0
4427,2005057333,9999.0,1015.0,67,67301,40.1029,-74.9767,0,0,0,0,0,0,1,9,2004,5,7.0,1.0,0,1.0,3,0,3,  ,0,0.0,0,0,0,0,0,0,0,0,0,0,0,0,0,0,0,0,0
4428,2005057348,1720.0,1715.0,67,67301,,,0,0,0,0,0,1,8,8,2004,7,22.0,6.0,0,1.0,3,1,99,  ,0,0.0,0,0,0,0,0,0,0,0,0,0,0,0,0,0,0,0,0
4429,2005057355,345.0,333.0,67,67301,40.0743,-75.0465,0,0,0,0,0,0,6,9,2004,4,3.0,3.0,0,9.0,3,1,7,  ,2,3.0,0,0,0,0,0,0,0,0,0,0,0,0,0,0,0,0,0
4430,2005057360,2020.0,2020.0,67,67301,39.9874,-75.1398,0,0,0,0,0,0,8,8,2004,2,20.0,3.0,0,1.0,3,1,3,  ,3,3.0,1,0,0,0,0,0,0,0,0,0,0,0,0,0,0,0,0
4431,2005057368,1443.0,1438.0,67,67301,39.9756,-75.1562,0,0,0,0,0,0,4,8,2004,7,14.0,1.0,0,1.0,3,0,3,  ,0,0.0,0,0,1,0,0,0,0,0,0,0,0,0,0,0,0,0,0
4432,2005057369,1542.0,1540.0,67,67301,39.9203,-75.1609,0,0,0,0,0,0,4,9,2004,5,15.0,1.0,0,1.0,3,1,3,  ,3,3.0,0,0,1,0,0,0,0,0,0,0,0,0,0,0,0,0,0
4433,2005057380,2008.0,1959.0,67,67301,39.9809,-75.1196,0,0,0,0,0,0,8,8,2004,6,19.0,1.0,0,1.0,3,1,3,  ,0,0.0,0,0,0,0,0,0,0,0,0,0,0,0,0,0,0,0,0
4434,2005057382,805.0,800.0,67,67301,39.9727,-75.1342,0,0,0,0,0,0,5,9,2004,6,7.0,1.0,0,1.0,3,0,3,  ,0,0.0,0,0,0,0,0,0,0,0,0,0,0,0,0,0,0,1,0
4435,2005057388,1349.0,1349.0,67,67301,39.9806,-75.1724,0,0,0,0,0,0,1,8,2004,5,13.0,1.0,0,1.0,3,5,3,  ,2,3.0,0,1,0,0,0,0,0,0,0,0,0,0,0,0,0,0,0
4436,2005057626,1917.0,1915.0,40,40304,41.2384,-75.8984,0,0,0,0,1,0,4,5,2004,2,19.0,4.0,0,1.0,3,1,3,  ,0,0.0,0,0,1,0,0,0,0,0,0,0,0,0,0,0,0,1,0
4437,2005057695,1723.0,1716.0,25,25302,,,0,0,0,0,0,0,8,8,2004,2,17.0,1.0,0,1.0,3,1,3,  ,3,3.0,1,0,0,0,0,0,0,0,0,0,0,0,0,0,0,0,0
4438,2005057701,1924.0,1922.0,46,46106,40.2501,-75.5921,0,1,0,0,1,0,8,5,2004,4,19.0,1.0,0,1.0,2,2,3,  ,0,0.0,0,0,0,0,0,0,0,0,0,0,0,0,0,0,0,1,0
4439,2005057789,9999.0,1759.0,9,9208,40.1794,-74.8252,0,0,0,0,0,0,4,7,2004,4,17.0,1.0,0,9.0,3,2,7,  ,0,0.0,0,0,1,0,0,0,0,0,0,0,0,0,0,0,0,0,1
4440,2005057817,1620.0,1620.0,9,9208,40.175,-74.8304,0,0,0,0,1,0,4,7,2004,3,16.0,1.0,0,1.0,3,2,3,  ,3,3.0,0,0,1,0,0,0,0,0,0,0,0,0,0,0,0,0,0
4441,2005057883,1039.0,1034.0,62,62407,40.01,-79.9508,0,0,0,0,0,0,4,8,2004,2,10.0,1.0,0,1.0,1,2,3,  ,0,0.0,0,0,1,0,0,0,0,0,0,0,0,0,0,0,0,1,0
4442,2005058005,916.0,858.0,2,2301,40.4803,-79.9516,0,0,0,0,0,0,6,8,2004,2,8.0,1.0,0,1.0,3,1,3,  ,0,0.0,0,0,0,0,0,0,0,0,0,0,0,0,0,0,0,0,0
4443,2005058019,1828.0,1826.0,2,2301,,,0,0,0,0,0,0,4,8,2004,6,18.0,1.0,0,1.0,3,1,3,  ,3,3.0,0,0,1,0,0,0,0,0,0,0,0,0,0,0,0,0,0
4444,2005058049,1741.0,1737.0,2,2301,40.4524,-79.8875,0,0,0,0,1,0,4,9,2004,2,17.0,1.0,0,1.0,3,1,3,  ,3,3.0,1,1,1,0,0,0,1,0,0,1,0,0,1,0,0,0,0
4445,2005058106,1256.0,1245.0,21,21207,,,0,1,0,0,0,0,8,7,2004,5,12.0,1.0,0,1.0,1,0,3,  ,0,0.0,0,0,0,0,0,0,0,0,0,0,0,0,0,0,0,1,0
4446,2005058274,540.0,539.0,13,13406,40.834,-75.7095,0,0,0,0,0,0,4,8,2004,2,5.0,3.0,0,1.0,2,2,5,  ,3,3.0,0,0,1,0,0,0,0,0,0,0,0,0,0,0,0,0,0
4447,2005058291,2116.0,2113.0,2,2113,40.4751,-79.8221,0,0,0,0,0,0,4,8,2004,3,19.0,1.0,0,1.0,3,2,3,  ,3,9.0,0,0,1,0,0,0,0,0,0,0,0,0,0,0,0,0,0
4448,2005058375,2124.0,2119.0,67,67301,40.0427,-75.073,0,0,0,0,0,0,1,8,2004,3,19.0,1.0,0,1.0,3,1,3,  ,3,3.0,1,0,0,0,0,0,0,0,0,0,0,0,0,0,0,0,0
4449,2005058379,1216.0,1213.0,67,67301,40.0585,-75.0788,0,0,0,0,0,0,4,7,2004,7,12.0,1.0,0,1.0,3,1,3,  ,3,3.0,0,0,1,0,0,0,0,0,0,0,0,0,0,0,0,0,0
4450,2005058381,1835.0,1830.0,67,67301,40.0435,-75.079,0,0,0,0,0,0,2,9,2004,3,18.0,1.0,0,1.0,3,2,3,  ,3,3.0,0,0,0,0,0,0,0,0,0,0,0,0,0,0,0,0,0
4451,2005058387,1749.0,1747.0,67,67301,39.9968,-75.1034,0,0,0,0,0,0,2,9,2004,5,17.0,1.0,0,1.0,3,1,3,  ,2,3.0,1,0,0,0,0,1,0,0,0,0,0,0,0,0,0,0,0
4452,2005058392,2305.0,2300.0,67,67301,39.9939,-75.1147,0,0,0,0,0,0,4,9,2004,3,20.0,3.0,0,1.0,3,1,3,  ,3,3.0,0,0,1,0,0,0,0,0,0,0,0,0,0,0,0,0,0
4453,2005058413,1933.0,1925.0,67,67301,,,0,0,0,0,0,0,2,9,2004,4,,3.0,0,9.0,3,1,7,  ,3,3.0,0,0,0,0,0,0,0,0,0,0,0,0,0,0,0,0,0
4454,2005058421,1414.0,1412.0,67,67301,,,0,0,0,0,1,0,5,9,2004,4,14.0,1.0,0,9.0,3,0,7,  ,0,0.0,0,0,0,0,0,0,0,0,0,0,0,0,0,0,0,0,0
4455,2005058433,1230.0,1229.0,67,67301,,,0,0,0,0,0,0,4,8,2004,4,12.0,1.0,0,1.0,3,1,3,  ,0,0.0,0,0,1,0,0,0,0,0,0,0,0,0,0,0,0,0,0
4456,2005058487,1724.0,1721.0,23,23111,39.9556,-75.2613,0,0,0,0,0,0,8,9,2004,3,17.0,1.0,0,1.0,3,3,3,  ,3,3.0,0,0,0,0,0,0,0,0,0,0,0,0,0,0,0,0,0
4457,2005058800,1934.0,1934.0,42,42301,41.9575,-78.6531,0,1,0,0,0,1,4,7,2004,3,19.0,1.0,0,1.0,2,0,98,  ,0,0.0,0,0,1,0,0,0,0,0,0,0,0,0,0,0,0,0,0
4458,2005058851,1822.0,1820.0,38,38301,,,0,0,0,0,0,1,5,8,2004,3,18.0,1.0,0,1.0,2,1,3,  ,3,3.0,0,0,0,0,0,0,0,0,0,0,0,0,0,0,0,0,0
4459,2005058895,2132.0,2116.0,36,36230,40.2164,-76.4328,0,0,0,0,0,0,4,1,2004,1,21.0,2.0,0,1.0,1,2,3,  ,3,3.0,0,1,1,0,0,0,0,0,0,0,0,0,0,0,0,1,0
4460,2005058989,1815.0,1811.0,36,36301,40.035,-76.3088,0,0,0,0,0,0,4,9,2004,4,18.0,1.0,0,1.0,3,3,3,  ,0,0.0,0,0,1,0,0,0,0,0,0,0,0,0,0,0,0,0,1
4461,2005059015,1749.0,1748.0,53,53301,,,0,0,0,0,0,0,4,3,2004,2,17.0,1.0,0,1.0,2,2,3,  ,3,3.0,0,0,1,0,0,0,0,0,0,0,0,0,0,0,0,0,1
4462,2005059089,1900.0,1856.0,67,67301,,,0,0,0,0,0,0,4,7,2004,3,18.0,1.0,0,1.0,3,0,3,  ,0,0.0,0,0,1,0,0,0,0,0,0,0,0,0,0,0,0,1,0
4463,2005059106,1640.0,1639.0,67,67301,39.9331,-75.1887,0,0,0,0,0,0,4,9,2004,1,16.0,1.0,0,1.0,3,1,3,  ,0,0.0,0,0,1,0,0,0,0,0,0,0,0,0,0,0,0,0,0
4464,2005059130,1905.0,1854.0,67,67301,,,0,0,0,0,0,0,4,9,2004,4,18.0,1.0,0,1.0,3,0,3,  ,0,0.0,0,0,1,0,0,0,0,0,0,0,0,0,0,0,0,0,0
4465,2005059208,1254.0,1251.0,25,25301,,,0,0,0,0,0,1,2,8,2004,7,12.0,1.0,7,1.0,2,0,3,  ,0,0.0,0,0,0,0,0,0,0,0,0,0,0,0,0,0,0,0,0
4466,2005059214,1704.0,1701.0,41,41230,41.256,-77.057,0,0,0,0,0,1,4,9,2004,7,17.0,1.0,0,1.0,1,0,3,  ,0,0.0,0,0,1,0,0,0,0,0,0,0,0,0,0,0,0,0,0
4467,2005059281,2101.0,2100.0,2,2401,40.49,-79.9054,0,0,0,0,0,0,4,8,2004,1,21.0,3.0,0,1.0,3,1,3,  ,0,0.0,0,0,1,0,0,0,0,0,0,0,0,0,0,0,0,0,0
4468,2005059366,1903.0,1903.0,40,40304,41.2555,-75.8654,0,0,0,0,0,0,4,8,2004,3,18.0,1.0,0,1.0,3,0,3,  ,0,0.0,0,0,1,0,0,0,0,0,0,0,0,0,0,0,0,0,0
4469,2005059369,1824.0,1822.0,40,40304,,,0,0,0,0,0,0,2,8,2004,3,18.0,1.0,0,1.0,3,0,3,  ,0,0.0,0,0,0,0,0,0,0,0,0,0,0,0,0,0,0,0,0
4470,2005059370,1125.0,1118.0,40,40304,41.2287,-75.8922,0,0,0,0,0,1,9,8,2004,3,11.0,1.0,0,1.0,3,0,3,  ,0,0.0,0,0,0,0,0,0,0,0,0,0,0,0,0,0,0,0,0
4471,2005059447,2046.0,2043.0,15,15228,40.2413,-75.652,0,0,0,0,0,0,2,7,2004,6,20.0,2.0,0,1.0,1,0,3,  ,0,0.0,1,0,0,0,0,0,0,0,0,0,0,0,0,0,0,0,0
4472,2005059501,1354.0,1347.0,6,6237,40.2608,-76.0349,0,1,0,0,1,0,4,9,2004,1,13.0,1.0,0,1.0,3,0,3,  ,0,0.0,0,0,1,0,0,0,0,0,0,0,0,0,0,0,0,0,0
4473,2005059616,1804.0,1802.0,2,2420,40.5153,-80.1673,0,0,0,0,0,1,4,8,2004,4,18.0,1.0,0,1.0,3,1,3,  ,3,3.0,0,0,1,0,0,0,0,0,0,0,0,0,0,0,0,0,0
4474,2005059681,1500.0,1443.0,35,35302,,,0,0,0,0,0,0,4,5,2004,5,14.0,1.0,0,1.0,3,0,3,  ,0,0.0,0,0,1,0,0,0,0,0,0,0,0,0,0,0,0,0,0
4475,2005059739,1219.0,1216.0,9,9402,40.2891,-75.2203,0,0,0,0,0,0,2,9,2004,2,12.0,1.0,0,1.0,3,2,3,  ,0,0.0,0,0,0,0,0,0,0,1,0,1,0,0,0,0,0,1,0
4476,2005059780,1800.0,1756.0,67,67301,40.0136,-75.0685,0,0,0,0,0,0,8,9,2004,3,17.0,1.0,0,1.0,3,1,3,  ,2,2.0,0,0,0,0,0,0,0,0,0,0,0,0,0,0,0,0,0
4477,2005059810,1255.0,1255.0,67,67301,39.973,-75.2374,0,0,0,0,0,0,2,9,2004,5,12.0,1.0,0,9.0,3,1,3,  ,0,0.0,0,0,0,0,0,1,0,0,0,0,0,0,0,0,0,0,0
4478,2005059946,1923.0,1919.0,67,67301,39.9807,-75.1227,0,0,0,0,0,0,8,9,2004,2,,1.0,0,1.0,3,1,3,  ,3,3.0,0,0,0,0,0,0,0,0,0,0,0,0,0,0,0,0,0
4479,2005059958,1948.0,1943.0,67,67301,40.0264,-75.2258,0,0,0,0,0,0,8,7,2004,4,19.0,1.0,0,9.0,3,2,7,  ,0,0.0,0,0,0,0,0,0,0,0,0,0,0,0,0,0,0,1,0
4480,2005059969,2152.0,2150.0,67,67301,39.9926,-75.1439,0,0,0,0,0,0,1,7,2004,7,21.0,3.0,0,1.0,3,0,3,  ,0,0.0,0,0,0,0,0,0,0,0,0,0,0,0,0,0,0,0,0
4481,2005059976,2025.0,2020.0,67,67301,,,0,0,0,0,0,0,2,9,2004,1,20.0,3.0,0,1.0,3,1,3,  ,3,3.0,0,0,0,0,0,0,0,0,0,0,0,0,0,0,0,0,0
4482,2005059977,1956.0,1948.0,67,67301,,,0,0,0,0,0,0,4,9,2004,3,19.0,3.0,0,1.0,3,1,3,  ,3,3.0,0,0,1,0,0,0,0,0,0,0,0,0,0,0,0,0,0
4483,2005059979,2045.0,2040.0,67,67301,,,0,0,0,0,0,0,4,9,2004,4,20.0,3.0,0,1.0,3,1,3,  ,3,3.0,1,0,1,0,0,0,0,0,0,0,0,0,1,0,0,0,0
4484,2005059992,1225.0,1221.0,67,67301,39.9181,-75.171,0,0,0,0,0,0,2,8,2004,4,12.0,1.0,0,1.0,3,1,3,  ,2,3.0,0,0,0,0,0,0,0,0,0,0,0,0,0,0,0,0,1
4485,2005059997,1750.0,1745.0,67,67301,,,0,0,0,0,0,0,5,9,2004,7,17.0,1.0,0,1.0,3,0,3,  ,0,0.0,0,0,0,0,0,0,0,0,0,0,0,0,0,0,0,0,0
4486,2005060018,940.0,932.0,67,67301,,,0,0,0,0,0,0,8,7,2004,3,9.0,1.0,0,1.0,3,1,3,  ,2,3.0,0,0,0,0,0,0,0,0,0,0,0,0,0,0,0,0,0
4487,2005060074,1505.0,1504.0,9,9202,40.1086,-74.9367,0,0,0,0,0,0,4,9,2004,3,15.0,1.0,0,1.0,3,1,3,  ,2,3.0,0,0,1,0,0,0,0,0,0,0,0,0,0,0,0,0,0
4488,2005060288,1646.0,1646.0,46,46102,40.0609,-75.0932,0,0,0,0,0,0,8,8,2004,2,16.0,1.0,0,1.0,3,0,3,  ,0,0.0,0,0,0,0,0,0,0,0,0,0,0,0,0,0,0,0,0
4489,2005060333,1943.0,1937.0,23,23209,39.9195,-75.4914,0,0,0,0,1,1,4,6,2004,2,19.0,1.0,0,1.0,1,2,3,  ,0,0.0,1,0,1,0,0,0,0,0,0,0,0,0,0,0,0,0,1
4490,2005060765,100.0,47.0,67,67301,,,0,0,0,0,0,0,5,7,2004,5,0.0,3.0,0,1.0,3,1,3,  ,3,9.0,0,0,0,0,0,0,0,0,0,0,0,0,0,0,0,0,0
4491,2005060954,1829.0,1808.0,14,14405,,,0,0,0,0,0,0,4,7,2004,6,18.0,1.0,0,1.0,1,1,3,  ,3,3.0,1,0,1,0,0,0,0,0,0,0,0,0,1,0,0,0,1
4492,2005061106,1503.0,1456.0,50,50211,40.4997,-77.1465,0,0,0,0,1,0,4,7,2004,4,14.0,1.0,0,1.0,1,1,3,  ,0,0.0,0,0,1,0,0,0,0,0,0,0,0,0,0,0,0,0,0
4493,2005061147,1534.0,1530.0,38,38301,,,0,0,0,0,1,0,5,9,2004,4,15.0,1.0,0,9.0,2,0,7,  ,0,0.0,1,0,0,0,0,0,0,0,0,0,0,0,0,0,0,1,0
4494,2005061255,1129.0,1123.0,28,28201,,,0,0,0,0,0,0,4,6,2004,5,11.0,1.0,0,1.0,1,0,3,  ,0,0.0,0,0,1,0,0,1,0,0,0,0,0,0,0,0,0,0,1
4495,2005061444,2155.0,2136.0,67,67301,40.1096,-75.0309,0,0,0,0,0,0,2,7,2004,4,19.0,1.0,0,9.0,3,0,7,05,0,0.0,0,0,0,0,0,0,0,0,0,0,0,0,0,0,0,0,0
4496,2005061601,2205.0,2200.0,67,67301,39.9515,-75.1567,0,0,0,0,0,0,4,7,2004,3,22.0,3.0,0,9.0,3,1,7,  ,2,3.0,0,0,1,0,0,0,0,0,0,0,0,0,0,0,0,0,0
4497,2005061607,2215.0,2205.0,67,67301,39.959,-75.229,0,0,0,0,0,0,4,8,2004,2,21.0,3.0,0,1.0,3,1,3,  ,2,3.0,0,0,1,0,0,0,0,0,0,0,0,0,0,0,0,0,0
4498,2005061616,1538.0,1535.0,35,35414,,,0,0,0,0,0,0,4,8,2004,7,15.0,1.0,0,1.0,3,1,3,  ,0,0.0,0,0,1,0,0,0,0,0,0,0,0,0,0,0,0,0,0
4499,2005061646,1117.0,1116.0,8,8402,41.9632,-76.5292,0,0,0,0,0,0,4,8,2004,4,11.0,1.0,0,1.0,2,2,3,  ,0,0.0,0,0,1,0,0,0,0,0,0,0,0,0,0,0,0,0,0
4500,2005061712,1610.0,1557.0,35,35302,,,0,0,0,0,0,0,4,9,2004,7,15.0,1.0,0,1.0,3,1,3,  ,3,3.0,0,0,1,0,0,0,0,0,0,0,0,0,0,0,0,1,0
4501,2005061883,1635.0,1633.0,66,66101,,,0,0,0,0,0,0,4,8,2004,3,16.0,1.0,0,1.0,1,2,3,  ,3,3.0,0,0,1,0,0,0,0,0,0,0,0,0,0,0,0,0,0
4502,2005061895,1250.0,1249.0,67,67301,40.0257,-75.0554,0,0,0,0,1,0,4,7,2004,7,12.0,1.0,99,1.0,3,1,3,  ,2,3.0,0,0,1,0,0,0,0,0,0,0,0,0,0,0,0,0,0
4503,2005061909,115.0,108.0,67,67301,39.9794,-75.2253,0,0,0,0,0,0,1,7,2004,4,21.0,3.0,0,1.0,3,1,3,  ,0,0.0,1,0,0,0,0,0,0,0,0,0,0,0,0,1,0,0,0
4504,2005062022,9999.0,9999.0,25,25302,42.1342,-80.0722,0,0,0,0,0,0,8,9,2004,7,12.0,1.0,0,1.0,3,1,3,  ,3,3.0,0,0,0,0,0,0,0,0,0,0,0,0,0,0,0,0,0
4505,2005062085,1450.0,1442.0,67,67301,39.9241,-75.1675,0,0,0,0,0,0,8,7,2004,2,14.0,1.0,0,1.0,3,1,3,  ,2,3.0,0,0,0,0,0,0,0,0,0,0,0,0,0,0,0,0,0
4506,2005062311,924.0,921.0,46,46102,40.0632,-75.1359,0,0,0,0,0,0,4,9,2004,2,9.0,1.0,0,1.0,3,2,3,  ,2,3.0,0,0,1,0,0,1,0,0,0,0,0,0,0,0,0,0,0
4507,2005062424,1917.0,1915.0,9,9225,40.1716,-75.0387,0,1,0,0,0,0,4,10,2004,7,19.0,3.0,0,1.0,3,1,3,  ,0,0.0,0,0,1,0,0,0,0,0,0,0,0,0,0,0,0,0,0
4508,2005062579,1828.0,1823.0,67,67301,40.0051,-75.1804,0,0,0,0,0,0,4,8,2004,2,18.0,1.0,0,1.0,3,0,3,  ,0,0.0,0,0,1,0,0,0,0,0,0,0,0,0,0,0,0,0,0
4509,2005062582,1757.0,1752.0,67,67301,39.9917,-75.1128,0,0,0,0,0,0,4,9,2004,4,17.0,1.0,0,1.0,3,2,3,  ,0,0.0,0,0,1,0,0,0,0,0,0,0,0,0,0,0,0,0,0
4510,2005062583,1445.0,1420.0,67,67301,40.0054,-75.1093,0,0,0,0,0,0,2,9,2004,4,14.0,1.0,0,1.0,3,0,3,  ,0,0.0,1,0,0,0,0,0,0,0,0,0,0,0,0,0,0,1,0
4511,2005062596,9999.0,9999.0,67,67301,,,0,0,0,0,0,0,4,8,2004,3,,1.0,0,1.0,3,1,3,  ,0,0.0,0,0,1,0,0,0,0,0,0,0,0,0,0,0,0,0,0
4512,2005062598,1645.0,1642.0,67,67301,40.0223,-75.162,0,0,0,0,0,0,4,8,2004,5,16.0,1.0,0,1.0,3,1,3,  ,2,3.0,0,0,1,0,0,0,0,0,0,0,0,0,0,0,0,0,0
4513,2005062599,1812.0,1807.0,67,67301,,,0,0,0,0,0,0,2,8,2004,5,18.0,1.0,0,1.0,3,0,3,  ,0,0.0,0,0,0,0,0,0,0,0,0,0,0,0,0,0,0,0,0
4514,2005062625,1301.0,1300.0,67,67301,39.9328,-75.1669,0,0,0,0,0,0,2,7,2004,2,12.0,1.0,0,9.0,3,1,7,  ,3,9.0,0,0,0,0,0,0,0,0,0,0,0,0,0,0,0,0,0
4515,2005062635,1346.0,1343.0,67,67301,39.9282,-75.18,0,0,0,0,0,0,6,8,2004,3,13.0,1.0,0,1.0,3,2,3,  ,3,3.0,0,0,0,0,0,0,0,0,0,0,0,0,0,0,0,0,0
4516,2005062637,1632.0,1622.0,67,67301,39.9268,-75.179,0,0,0,0,0,0,6,9,2004,5,16.0,1.0,0,1.0,3,0,3,  ,3,3.0,0,0,0,0,0,0,0,0,0,0,0,0,0,0,0,0,0
4517,2005062655,2100.0,2054.0,67,67301,,,0,0,0,0,0,0,2,9,2004,6,20.0,3.0,0,1.0,3,1,3,  ,2,3.0,0,1,0,0,0,0,0,0,0,0,0,0,0,0,0,0,1
4518,2005062656,1349.0,1337.0,67,67301,,,0,0,0,0,1,0,6,8,2004,6,13.0,1.0,0,1.0,3,1,3,  ,0,0.0,0,0,0,0,0,0,0,0,0,0,0,0,0,0,0,0,0
4519,2005062657,1423.0,1417.0,67,67301,39.9574,-75.1979,0,0,0,0,0,0,4,8,2004,2,14.0,1.0,0,1.0,3,1,3,  ,3,3.0,0,0,1,0,0,0,0,0,0,0,0,0,0,0,0,0,0
4520,2005062658,100.0,100.0,67,67301,39.953,-75.1988,0,0,0,0,0,0,4,8,2004,7,0.0,3.0,0,1.0,3,1,3,  ,2,3.0,1,0,1,0,0,0,0,0,0,0,0,1,0,0,0,0,0
4521,2005062679,740.0,735.0,22,22102,40.259,-76.7977,0,0,0,0,0,0,4,10,2004,2,7.0,5.0,0,1.0,3,2,3,  ,3,3.0,0,0,1,0,0,0,0,0,0,0,0,0,0,0,0,0,0
4522,2005062730,1721.0,1721.0,23,23111,39.9487,-75.2601,0,0,0,0,0,0,5,9,2004,5,17.0,1.0,0,1.0,3,2,3,  ,3,9.0,0,0,0,0,0,0,0,0,0,0,0,0,0,0,0,0,0
4523,2005062733,1838.0,1836.0,23,23111,39.9581,-75.287,0,0,0,0,0,0,5,9,2004,3,18.0,4.0,0,1.0,3,0,3,  ,0,0.0,0,0,0,0,0,0,0,0,0,0,0,0,0,0,0,1,0
4524,2005062822,1823.0,1819.0,22,22102,40.2558,-76.842,0,0,0,0,0,0,2,10,2004,3,18.0,1.0,0,1.0,3,2,3,  ,2,3.0,1,0,0,0,0,0,0,0,0,0,0,0,0,0,0,0,0
4525,2005062841,1019.0,1017.0,22,22101,40.3254,-76.8961,0,0,0,0,0,0,1,10,2004,1,10.0,1.0,0,1.0,3,1,3,  ,0,0.0,0,0,0,0,0,0,0,0,0,0,0,0,0,0,0,0,0
4526,2005062867,1305.0,1301.0,15,15239,40.0697,-75.6569,0,0,0,0,0,0,4,7,2004,6,12.0,1.0,7,1.0,1,0,3,  ,0,0.0,0,0,1,0,0,0,0,0,0,0,0,0,0,0,0,1,0