,CRN,ARRIVAL_TM,DISPATCH_TM,COUNTY,MUNICIPALITY,DEC_LAT,DEC_LONG,BICYCLE_DEATH_COUNT,BICYCLE_SUSP_SERIOUS_INJ_COUNT,BUS_COUNT,HEAVY_TRUCK_COUNT,SMALL_TRUCK_COUNT,SUV_COUNT,COLLISION_TYPE,CRASH_MONTH,CRASH_YEAR,DAY_OF_WEEK,HOUR_OF_DAY,ILLUMINATION,LOCATION_TYPE,ROAD_CONDITION,URBAN_RURAL,INTERSECT_TYPE,WEATHER1,WEATHER2,TCD_TYPE,TCD_FUNC_CD,AGGRESSIVE_DRIVING,ALCOHOL_RELATED,ANGLE_CRASH,CELL_PHONE,COMM_VEHICLE,DISTRACTED,DRINKING_DRIVER,DRUGGED_DRIVER,FATIGUE_ASLEEP,IMPAIRED_DRIVER,NHTSA_AGG_DRIVING,RUNNING_RED_LT,RUNNING_STOP_SIGN,SPEEDING_RELATED,TAILGATING,MATURE_DRIVER,YOUNG_DRIVER
4527,2005062880,2053.0,2051.0,15,15415,39.823,-75.8274,0,0,0,0,0,0,4,9,2004,6,20.0,3.0,0,1.0,1,1,3,  ,2,3.0,0,0,1,0,0,0,0,0,0,0,0,0,0,0,0,0,0
4528,2005062914,922.0,922.0,38,38301,,,0,0,0,0,0,0,2,9,2004,6,9.0,1.0,0,1.0,2,1,3,  ,0,0.0,0,0,0,0,0,0,0,0,0,0,0,0,0,0,0,0,1
4529,2005062925,2051.0,2031.0,38,38301,,,0,0,0,0,0,0,1,10,2004,1,19.0,2.0,0,1.0,2,0,3,  ,0,0.0,0,0,0,0,0,0,0,0,0,0,0,0,0,0,0,0,0
4530,2005062927,1735.0,1730.0,38,38301,,,0,0,0,0,0,0,4,9,2004,2,17.0,1.0,0,1.0,2,0,3,  ,0,0.0,0,0,1,0,0,0,0,0,0,0,0,0,0,0,0,0,0
4531,2005062998,2140.0,2136.0,53,53218,40.6695,-76.1856,0,1,0,0,1,0,1,8,2004,2,21.0,2.0,0,1.0,1,0,3,  ,0,0.0,0,1,0,0,0,0,0,0,0,0,0,0,0,0,0,1,0
4532,2005063021,2114.0,2111.0,53,53301,,,0,1,0,0,0,0,4,9,2004,6,21.0,3.0,0,9.0,2,1,7,  ,3,3.0,0,0,1,0,0,0,0,0,0,0,0,0,0,0,0,0,0
4533,2005063059,1703.0,1700.0,67,67301,40.0854,-75.0374,0,0,0,0,0,0,1,8,2004,2,17.0,1.0,0,1.0,3,1,3,  ,2,3.0,0,0,0,0,0,0,0,0,0,0,0,0,0,0,0,0,0
4534,2005063075,1133.0,1130.0,67,67301,,,0,0,0,0,1,0,4,8,2004,4,11.0,1.0,0,1.0,3,0,3,  ,0,0.0,0,0,1,0,0,0,0,0,0,0,0,0,0,0,0,0,0
4535,2005063076,1233.0,1230.0,67,67301,39.998,-75.1254,0,0,0,0,0,0,4,8,2004,5,12.0,1.0,0,1.0,3,1,3,  ,2,3.0,0,0,1,0,0,0,0,0,0,0,0,0,0,0,0,0,0
4536,2005063080,2105.0,2055.0,67,67301,,,0,0,0,0,0,0,2,8,2004,7,20.0,3.0,0,1.0,3,2,3,  ,0,0.0,0,0,0,0,0,0,0,0,0,0,0,0,0,0,0,0,0
4537,2005063082,1502.0,1500.0,67,67301,40.094,-75.0309,0,0,0,0,0,0,4,8,2004,4,14.0,1.0,0,1.0,3,3,3,  ,4,3.0,0,0,1,0,0,0,0,0,0,0,0,0,0,0,0,0,0
4538,2005063087,1741.0,1735.0,67,67301,,,0,0,0,0,0,0,8,9,2004,6,17.0,1.0,0,1.0,3,2,3,  ,3,3.0,0,0,0,0,0,0,0,0,0,0,0,0,0,0,0,0,0
4539,2005063089,936.0,932.0,67,67301,39.9689,-75.1599,0,0,0,0,0,0,4,9,2004,6,9.0,1.0,0,1.0,3,1,3,  ,2,3.0,0,0,1,0,0,0,0,0,0,0,0,0,0,0,0,0,1
4540,2005063091,1648.0,1643.0,67,67301,,,0,0,0,0,0,0,8,9,2004,6,16.0,1.0,0,1.0,3,1,3,  ,3,3.0,0,0,0,0,0,0,0,0,0,0,0,0,0,0,0,0,0
4541,2005063121,1555.0,1546.0,67,67301,39.9341,-75.1772,0,0,0,0,0,0,4,8,2004,6,,1.0,0,1.0,3,0,3,  ,0,0.0,0,0,1,0,0,0,0,0,0,0,0,0,0,0,0,0,0
4542,2005063144,1714.0,1712.0,67,67301,,,0,0,0,0,0,0,1,9,2004,7,17.0,1.0,0,1.0,3,1,3,  ,0,0.0,0,0,0,0,0,0,0,0,0,0,0,0,0,0,0,0,0
4543,2005063150,815.0,812.0,67,67301,40.0527,-75.0757,0,0,0,0,0,0,8,8,2004,7,8.0,1.0,0,1.0,3,0,3,  ,0,0.0,0,0,0,0,0,0,0,0,0,0,0,0,0,0,0,0,1
4544,2005063156,2110.0,2058.0,67,67301,,,0,0,0,0,0,0,4,7,2004,6,19.0,2.0,0,1.0,3,1,3,  ,0,0.0,0,0,1,0,0,0,0,0,0,0,0,0,0,0,0,0,0
4545,2005063258,2054.0,2052.0,46,46416,40.2537,-75.6596,0,0,0,0,0,0,4,8,2004,3,20.0,3.0,0,1.0,2,1,3,  ,2,3.0,0,0,1,0,0,0,0,0,0,0,0,0,0,0,0,0,0
4546,2005063352,1520.0,1511.0,66,66301,39.9629,-76.7344,0,0,0,0,0,0,2,9,2004,3,15.0,1.0,0,1.0,3,0,3,  ,0,0.0,0,0,0,0,0,0,0,0,0,0,0,0,0,0,0,0,1
4547,2005063389,1545.0,1541.0,40,40304,41.2398,-75.8893,0,0,0,0,0,0,4,9,2004,4,15.0,1.0,0,9.0,3,5,7,  ,2,3.0,0,0,1,0,0,0,0,0,0,0,0,0,0,0,0,0,0
4548,2005063448,1450.0,1445.0,46,46101,,,0,0,0,0,0,0,4,9,2004,5,14.0,1.0,0,1.0,3,2,3,  ,0,0.0,0,0,1,0,0,0,0,0,0,0,0,0,0,0,0,0,0
4549,2005063481,1918.0,1915.0,67,67301,,,0,0,0,0,0,0,2,8,2004,3,19.0,1.0,0,1.0,3,0,3,  ,3,3.0,1,0,0,0,0,0,0,0,0,0,0,0,0,0,0,0,0
4550,2005063484,1505.0,1504.0,67,67301,39.9537,-75.1575,0,0,0,0,0,0,5,8,2004,4,15.0,1.0,0,1.0,3,0,3,  ,0,0.0,0,0,0,0,0,0,0,0,0,0,0,0,0,0,0,0,0
4551,2005063493,1510.0,1507.0,67,67301,39.9522,-75.2069,0,0,0,0,0,1,4,4,2004,4,15.0,1.0,0,1.0,3,1,3,  ,0,0.0,0,0,1,0,0,0,0,0,0,0,0,0,0,0,0,0,1
4552,2005063497,2140.0,2138.0,67,67301,,,0,0,0,0,0,0,4,8,2004,6,21.0,3.0,0,1.0,3,1,3,  ,3,3.0,0,0,1,0,0,0,0,0,0,0,0,0,0,0,0,0,0
4553,2005063502,1903.0,1859.0,67,67301,,,0,0,0,0,0,0,4,9,2004,7,18.0,4.0,0,1.0,3,2,3,  ,3,3.0,0,0,1,0,0,0,0,0,0,0,0,0,0,0,0,0,0
4554,2005063504,2030.0,2020.0,67,67301,39.9522,-75.2265,0,0,0,0,0,0,2,8,2004,3,20.0,3.0,0,1.0,3,0,3,  ,0,0.0,0,0,0,0,0,0,0,0,0,0,0,0,0,0,0,0,0
4555,2005063512,1900.0,1853.0,67,67301,39.9497,-75.1674,0,0,0,0,0,0,5,7,2004,5,99.0,1.0,0,1.0,3,2,3,  ,2,3.0,0,0,0,0,0,0,0,0,0,0,0,0,0,0,0,0,0
4556,2005063514,856.0,851.0,67,67301,,,0,0,0,0,0,0,5,8,2004,2,8.0,1.0,0,1.0,3,0,3,  ,3,3.0,1,0,0,0,0,0,0,0,0,0,0,0,0,0,0,0,0
4557,2005063520,1345.0,1344.0,67,67301,40.0121,-75.0993,0,0,0,0,0,0,4,8,2004,2,13.0,1.0,0,1.0,3,0,3,  ,0,0.0,0,0,1,0,0,0,0,0,0,0,0,0,0,0,0,0,0
4558,2005063556,2018.0,2016.0,32,32408,40.623,-79.1584,0,0,0,0,0,0,4,9,2004,4,20.0,3.0,0,1.0,2,1,3,  ,3,3.0,1,0,1,0,0,0,0,0,0,0,0,0,0,0,0,1,0
4559,2005063585,1616.0,1614.0,8,8409,41.9752,-76.5247,0,0,0,0,0,0,4,8,2004,3,16.0,1.0,0,1.0,2,0,3,  ,0,0.0,0,0,1,0,0,1,0,0,0,0,0,0,0,0,0,0,0
4560,2005063790,855.0,847.0,36,36218,40.1651,-76.158,0,1,0,0,1,0,1,9,2004,6,8.0,1.0,0,1.0,1,0,3,  ,0,0.0,0,0,0,0,0,0,0,0,0,0,0,0,0,0,0,0,0
4561,2005063823,1502.0,1500.0,67,67301,40.094,-75.0309,0,0,0,0,0,0,4,8,2004,4,14.0,1.0,0,1.0,3,3,3,  ,4,3.0,0,0,1,0,0,0,0,0,0,0,0,0,0,0,0,0,0
4562,2005063836,1555.0,550.0,67,67301,40.0182,-75.0919,0,0,0,0,0,0,2,8,2004,1,15.0,1.0,0,1.0,3,2,3,  ,0,0.0,0,0,0,0,0,0,0,0,0,0,0,0,0,0,0,0,0
4563,2005063853,1540.0,1530.0,67,67301,,,0,0,0,0,0,0,1,8,2004,2,15.0,1.0,0,1.0,3,1,3,  ,2,3.0,0,0,0,0,0,0,0,0,0,0,0,0,0,0,0,0,0
4564,2005063868,1649.0,1640.0,67,67301,40.0676,-75.1794,0,0,0,0,0,0,8,8,2004,3,16.0,1.0,0,1.0,3,0,3,  ,0,0.0,1,0,0,0,0,0,0,0,0,0,0,0,0,0,0,0,0
4565,2005063873,1134.0,1134.0,67,67301,40.0339,-75.1597,0,0,0,0,0,0,4,8,2004,3,11.0,1.0,0,1.0,3,0,3,  ,0,0.0,0,0,1,0,0,0,0,0,0,0,0,0,0,0,0,0,0
4566,2005063895,2057.0,2051.0,67,67301,40.0464,-75.1621,0,0,0,0,0,0,2,9,2004,5,20.0,3.0,0,1.0,3,1,3,  ,3,3.0,0,0,0,0,0,0,0,0,0,0,0,0,0,0,0,0,0
4567,2005063911,717.0,717.0,67,67301,,,0,0,0,0,1,0,4,8,2004,4,7.0,1.0,0,1.0,3,1,3,  ,3,3.0,0,0,1,0,0,0,0,0,0,0,0,0,0,0,0,0,0
4568,2005064065,1828.0,1828.0,67,67301,39.9814,-75.1276,0,0,0,0,0,0,5,8,2004,3,18.0,1.0,0,1.0,3,1,3,  ,2,3.0,0,0,0,0,0,0,0,0,0,0,0,0,0,0,0,0,0
4569,2005064070,1917.0,1913.0,67,67301,39.9853,-75.1341,0,0,0,0,0,0,8,8,2004,6,19.0,1.0,0,1.0,3,0,3,  ,0,0.0,0,0,0,0,0,0,0,0,0,0,0,0,0,0,0,0,0
4570,2005064085,1850.0,1845.0,67,67301,,,0,0,0,0,0,0,4,8,2004,6,18.0,1.0,0,1.0,3,2,3,  ,0,0.0,0,0,1,0,0,0,0,0,0,0,0,0,0,0,0,0,0
4571,2005064105,1610.0,1605.0,67,67301,,,0,0,0,0,0,1,4,8,2004,7,16.0,1.0,0,9.0,3,1,7,  ,2,3.0,0,0,1,0,0,0,0,0,0,0,0,0,0,0,0,0,0
4572,2005064112,1148.0,1145.0,67,67301,39.9514,-75.1683,0,0,0,0,0,0,1,8,2004,2,11.0,1.0,0,1.0,3,0,3,  ,2,3.0,1,0,0,0,0,0,0,0,0,0,0,0,0,0,0,0,0
4573,2005064116,1723.0,17.0,67,67301,40.0504,-75.1512,0,0,0,0,0,0,4,8,2004,1,17.0,1.0,0,1.0,3,0,3,  ,0,0.0,1,0,1,0,0,0,0,0,0,0,0,0,0,1,0,0,0
4574,2005064120,1446.0,1441.0,67,67301,,,0,0,0,0,0,0,4,8,2004,6,,1.0,0,1.0,3,1,3,  ,2,3.0,0,0,1,0,0,0,0,0,0,0,0,0,0,0,0,0,0
4575,2005064123,1945.0,1945.0,67,67301,,,0,0,0,0,0,0,4,9,2004,1,19.0,4.0,0,1.0,3,1,3,  ,3,3.0,0,0,1,0,0,0,0,0,0,0,0,0,0,0,0,0,0
4576,2005064133,135.0,131.0,67,67301,,,0,0,0,0,0,0,2,9,2004,6,1.0,3.0,0,1.0,3,1,3,  ,2,3.0,0,0,0,0,0,0,0,0,0,0,0,0,0,0,0,0,0
4577,2005064138,1750.0,1748.0,67,67301,39.9541,-75.1778,0,0,0,0,0,1,4,8,2004,4,17.0,1.0,0,1.0,3,1,3,  ,2,3.0,1,0,1,0,0,0,0,0,0,0,0,0,0,0,0,0,0
4578,2005064161,1830.0,1825.0,9,9202,40.0682,-74.9727,0,0,0,0,1,0,4,9,2004,7,18.0,1.0,0,1.0,3,0,3,  ,0,0.0,0,0,1,0,0,0,0,0,0,0,0,0,0,0,0,0,0
4579,2005065223,1505.0,1500.0,67,67301,39.9526,-75.19,0,0,0,0,1,0,4,12,2004,5,14.0,1.0,0,9.0,3,2,7,  ,2,3.0,0,0,1,0,0,0,0,0,0,0,0,0,0,0,0,0,0
4580,2005065788,253.0,253.0,67,67301,39.9371,-75.1821,0,0,0,0,0,0,5,8,2004,4,2.0,6.0,0,1.0,3,0,3,  ,0,0.0,0,0,0,0,0,0,0,0,0,0,0,0,0,0,0,0,0
4581,2005065797,9999.0,9999.0,67,67301,39.9895,-75.1681,0,0,0,0,0,0,5,9,2004,6,99.0,2.0,0,1.0,3,0,3,  ,0,0.0,0,0,0,0,0,0,0,0,0,0,0,0,0,0,0,0,0
4582,2005066085,1328.0,1327.0,46,46108,,,0,0,0,0,0,0,8,10,2004,3,13.0,1.0,0,1.0,3,2,3,  ,3,3.0,1,0,0,0,0,0,0,0,0,0,1,0,1,0,0,1,0
4583,2005066142,2005.0,2000.0,67,67301,40.0251,-75.1788,0,0,0,0,0,0,8,7,2004,5,19.0,1.0,0,1.0,3,2,3,  ,3,3.0,0,0,0,0,0,0,0,0,0,0,0,0,0,0,0,0,0
4584,2005066158,705.0,700.0,67,67301,40.0186,-75.0573,0,0,0,0,0,0,4,8,2004,6,6.0,1.0,0,1.0,3,0,3,  ,0,0.0,0,0,1,0,0,0,0,0,0,0,0,0,0,0,0,0,0
4585,2005066159,1710.0,1705.0,67,67301,40.0082,-75.0921,0,0,0,0,0,0,5,9,2004,5,16.0,1.0,0,9.0,3,0,3,  ,0,0.0,0,0,0,0,0,0,0,0,0,0,0,0,0,0,0,0,0
4586,2005066179,225.0,200.0,67,67301,39.9909,-75.1314,0,0,0,0,0,0,4,8,2004,7,22.0,3.0,0,9.0,3,1,7,  ,3,3.0,0,0,1,0,0,0,0,0,0,0,0,0,0,0,0,0,0
4587,2005066490,1045.0,1040.0,67,67301,,,0,0,0,0,0,0,4,8,2004,5,22.0,3.0,0,1.0,3,1,3,  ,3,3.0,1,0,1,0,0,0,0,0,0,0,0,0,0,0,0,0,1
4588,2005066573,2054.0,2053.0,67,67301,,,0,0,0,0,0,0,2,9,2004,6,,3.0,0,1.0,3,2,3,  ,3,3.0,0,0,0,0,0,0,0,0,0,0,0,0,0,0,0,0,0
4589,2005066856,559.0,556.0,66,66301,39.9679,-76.7087,0,0,0,0,0,0,4,9,2004,3,5.0,3.0,0,1.0,3,1,3,  ,3,3.0,0,0,1,0,0,0,0,0,0,0,0,0,0,0,0,0,0
4590,2005066988,1527.0,1527.0,67,67301,,,0,0,0,0,0,0,4,8,2004,4,15.0,1.0,0,1.0,3,1,3,  ,3,3.0,0,0,1,0,0,0,0,0,0,0,0,0,0,0,0,0,0
4591,2005066991,1436.0,1436.0,67,67301,39.9556,-75.2023,0,0,0,0,0,0,2,8,2004,6,14.0,1.0,0,1.0,3,1,3,  ,2,3.0,0,0,0,0,0,0,0,0,0,0,0,0,0,0,0,1,0
4592,2005066992,1757.0,1755.0,67,67301,40.0009,-75.1054,0,0,0,0,1,0,4,8,2004,4,17.0,1.0,0,9.0,3,1,7,  ,0,0.0,0,1,1,0,0,0,1,0,0,1,0,0,0,0,0,0,0
4593,2005067236,1542.0,1521.0,40,40411,41.0165,-75.8963,0,0,0,0,0,0,4,7,2004,2,15.0,1.0,0,1.0,1,1,3,  ,3,3.0,0,0,1,0,0,0,0,0,0,0,0,0,0,0,0,0,0
4594,2005067433,1002.0,958.0,66,66227,39.9768,-76.6901,0,0,0,0,1,0,4,9,2004,2,,1.0,0,1.0,3,1,3,  ,3,3.0,0,0,1,0,0,0,0,0,0,0,0,0,0,0,0,0,0
4595,2005067434,804.0,758.0,66,66227,39.988,-76.6624,0,0,0,0,0,0,5,9,2004,4,7.0,1.0,0,1.0,3,0,3,  ,0,0.0,1,0,0,0,0,0,0,0,0,0,0,0,0,0,0,0,1
4596,2005067488,1748.0,1747.0,67,67301,,,0,0,0,0,0,0,4,8,2004,1,17.0,1.0,0,1.0,3,1,3,  ,3,3.0,1,0,1,0,0,0,0,0,0,0,0,0,0,0,0,0,0
4597,2005067584,2116.0,2113.0,67,67301,40.0385,-75.0518,1,0,0,0,0,0,4,8,2004,1,21.0,3.0,0,1.0,3,1,3,  ,1,3.0,0,1,1,0,0,0,1,0,0,1,0,0,0,0,0,0,0
4598,2005067612,1730.0,1720.0,67,67301,39.9229,-75.1581,0,0,0,0,0,0,8,8,2004,2,17.0,1.0,0,1.0,3,1,3,  ,2,3.0,0,0,0,0,0,0,0,0,0,0,0,0,0,0,0,0,0
4599,2005067618,1839.0,1834.0,67,67301,40.0474,-75.1573,0,0,0,0,0,0,2,9,2004,3,18.0,1.0,0,1.0,3,1,3,  ,0,0.0,0,0,0,0,0,0,0,0,0,0,0,0,0,0,0,0,0
4600,2005067750,2320.0,2315.0,67,67301,39.9966,-75.1036,0,0,0,0,0,0,4,8,2004,2,23.0,3.0,0,1.0,3,0,3,  ,0,0.0,0,0,1,0,0,0,0,0,0,0,0,0,0,0,0,0,0
4601,2005067752,1833.0,1832.0,67,67301,,,0,0,0,0,0,0,5,8,2004,4,18.0,1.0,0,1.0,3,0,3,  ,0,0.0,0,0,0,0,0,0,0,0,0,0,0,0,0,0,0,0,0
4602,2005067784,2017.0,2014.0,67,67301,40.0832,-75.0331,0,0,0,0,0,0,8,8,2004,5,20.0,4.0,0,1.0,3,0,3,  ,0,0.0,0,0,0,0,0,0,0,0,0,0,0,0,0,0,0,0,0
4603,2005067842,606.0,602.0,67,67301,39.9619,-75.1593,0,0,0,0,0,1,4,9,2004,4,5.0,5.0,0,1.0,3,1,3,  ,2,3.0,0,0,1,0,0,1,0,0,0,0,0,0,0,0,0,0,0
4604,2005067843,912.0,912.0,67,67301,,,0,0,0,0,0,0,5,6,2004,3,8.0,1.0,0,1.0,3,0,3,  ,2,3.0,0,0,0,0,0,0,0,0,0,0,0,0,0,0,0,0,0
4605,2005067893,1720.0,1718.0,35,35302,41.4232,-75.6762,0,0,0,0,0,0,4,9,2004,1,19.0,1.0,0,1.0,3,0,3,  ,0,0.0,0,0,1,0,0,0,0,0,0,0,0,0,0,0,0,0,0
4606,2005067962,1745.0,1734.0,67,67301,,,0,0,0,0,0,0,4,8,2004,3,17.0,1.0,0,1.0,3,2,3,  ,3,3.0,0,0,1,0,0,0,0,0,0,0,0,0,0,0,0,0,0
4607,2005067997,1555.0,1550.0,67,67301,39.9944,-75.1302,0,0,0,0,0,0,5,8,2004,7,15.0,1.0,0,1.0,3,1,3,  ,3,9.0,0,0,0,0,0,0,0,0,0,0,0,0,0,0,0,0,0
4608,2005068012,2138.0,2137.0,67,67301,39.9077,-75.1898,1,0,0,0,0,0,4,8,2004,2,21.0,3.0,0,1.0,3,0,3,  ,0,0.0,0,1,1,0,0,0,1,0,0,1,0,0,0,0,0,0,0
4609,2005068098,2140.0,2134.0,2,2301,,,0,0,0,0,0,0,5,7,2004,1,21.0,3.0,0,1.0,3,0,3,  ,0,0.0,0,0,0,0,0,0,0,0,0,0,0,0,0,0,0,0,0
4610,2005068324,1805.0,1802.0,2,2301,40.4559,-80.0078,0,0,0,0,0,0,4,6,2004,4,18.0,1.0,0,1.0,3,1,3,  ,0,0.0,0,0,1,0,0,0,0,0,0,0,0,0,0,0,0,0,0
4611,2005068343,729.0,725.0,2,2301,,,0,0,0,0,0,0,4,11,2004,2,7.0,1.0,0,1.0,3,1,3,  ,3,3.0,0,0,1,0,0,0,0,0,0,0,0,0,0,0,0,0,0
4612,2005068638,2117.0,2116.0,67,67301,39.9969,-75.1167,0,0,0,0,0,0,4,7,2004,7,21.0,3.0,0,1.0,3,0,3,  ,0,0.0,0,0,1,0,0,0,0,0,0,0,0,0,0,0,0,0,0
4613,2005068648,1228.0,1227.0,67,67301,40.0057,-75.099,0,0,0,0,0,0,8,7,2004,7,12.0,1.0,0,1.0,3,1,3,  ,2,3.0,0,0,0,0,0,0,0,0,0,0,0,0,0,0,0,0,0
4614,2005068677,2142.0,2139.0,67,67301,39.9346,-75.1995,0,0,0,0,0,0,2,7,2004,6,21.0,3.0,0,9.0,3,1,3,  ,0,0.0,0,0,0,0,0,1,0,0,0,0,0,0,0,0,0,0,0
4615,2005068954,1439.0,1435.0,15,15201,39.907,-75.5682,0,1,0,0,0,0,4,10,2004,7,14.0,1.0,0,1.0,1,1,3,  ,2,3.0,0,0,1,0,0,0,0,0,0,0,0,0,0,0,0,0,1
4616,2005069223,2030.0,2030.0,67,67301,,,0,0,0,0,0,0,8,7,2004,7,20.0,1.0,0,1.0,3,2,3,  ,0,0.0,0,0,0,0,0,0,0,0,0,0,0,0,0,0,0,0,0
4617,2005069229,1723.0,1720.0,67,67301,40.0072,-75.1234,0,0,0,0,0,0,4,8,2004,2,17.0,1.0,0,1.0,3,1,3,  ,0,0.0,0,0,1,0,0,0,0,0,0,0,0,0,0,0,0,1,0
4618,2005069231,1915.0,1913.0,67,67301,39.9513,-75.1991,0,0,0,0,0,0,8,7,2004,6,19.0,1.0,0,9.0,3,1,7,  ,2,3.0,1,0,0,0,0,0,0,0,0,0,0,1,0,0,0,0,1
4619,2005069239,2021.0,2020.0,67,67301,,,0,0,0,0,0,0,2,7,2004,7,20.0,1.0,99,1.0,3,1,3,  ,2,3.0,0,0,0,0,0,0,0,0,0,0,0,0,0,0,0,0,0
4620,2005069240,1735.0,1731.0,67,67301,,,0,0,0,0,0,1,8,7,2004,5,17.0,1.0,0,1.0,3,2,3,  ,3,9.0,0,0,0,0,0,0,0,0,0,0,0,0,0,0,0,0,0
4621,2005069242,2013.0,2001.0,67,67301,39.9317,-75.168,0,0,0,0,0,0,4,7,2004,2,20.0,3.0,0,1.0,3,1,3,  ,2,9.0,0,0,1,0,0,0,0,0,0,0,0,0,0,0,0,0,0
4622,2005069245,1645.0,1645.0,67,67301,,,0,0,0,0,0,0,2,7,2004,4,16.0,1.0,0,1.0,3,1,3,  ,2,3.0,0,0,0,0,0,0,0,0,0,0,0,0,0,0,0,0,0
4623,2005069255,1856.0,1854.0,67,67301,39.9135,-75.2404,0,0,0,0,0,0,4,7,2004,5,18.0,1.0,0,1.0,3,2,3,  ,3,3.0,1,0,1,0,0,0,0,0,0,0,0,0,0,0,0,0,0
4624,2005069268,1753.0,1748.0,67,67301,40.0743,-75.0465,0,0,0,0,0,0,8,7,2004,7,17.0,1.0,0,1.0,3,2,3,  ,2,3.0,0,0,0,0,0,0,0,0,0,0,0,0,0,0,0,1,0
4625,2005069273,1130.0,1122.0,67,67301,40.0039,-75.1241,0,0,0,0,0,0,8,7,2004,7,11.0,1.0,99,1.0,3,0,3,  ,0,0.0,0,0,0,0,0,0,0,0,0,0,0,0,0,0,0,0,0
4626,2005069274,1930.0,1919.0,67,67301,,,0,0,0,0,0,0,8,7,2004,2,19.0,1.0,0,1.0,3,0,3,  ,0,0.0,0,0,0,0,0,0,0,0,0,0,0,0,0,0,0,0,0
4627,2005069307,1350.0,1347.0,67,67301,40.0615,-75.0556,0,0,0,0,0,0,2,10,2004,7,13.0,1.0,0,9.0,3,0,98,  ,0,0.0,1,0,0,0,0,0,0,0,0,0,1,0,0,0,0,0,0
4628,2005069384,1710.0,1708.0,25,25301,41.9217,-79.6451,0,0,0,0,1,0,4,9,2004,2,17.0,1.0,0,1.0,2,0,3,  ,0,0.0,0,0,1,0,0,0,0,0,0,0,0,0,0,0,0,0,0
4629,2005069533,1415.0,1710.0,40,40304,41.2375,-75.9193,0,0,0,0,0,0,4,12,2004,1,13.0,1.0,0,1.0,3,0,3,  ,0,0.0,0,0,1,0,0,0,0,0,0,0,0,0,0,0,0,0,0
4630,2005069623,55.0,50.0,67,67301,39.9617,-75.1577,0,0,0,0,0,1,1,7,2004,1,0.0,3.0,0,1.0,3,1,3,  ,0,0.0,0,0,0,0,0,0,0,0,0,0,0,0,0,0,0,0,0
4631,2005069625,930.0,925.0,67,67301,39.9623,-75.1613,0,0,0,0,0,0,4,7,2004,1,9.0,1.0,0,9.0,3,1,7,  ,0,0.0,0,0,1,0,0,0,0,0,0,0,0,0,0,0,0,0,0
4632,2005069642,1342.0,1341.0,67,67301,40.0106,-75.1125,0,0,0,0,0,0,6,7,2004,5,13.0,1.0,0,1.0,3,0,3,  ,0,0.0,0,0,0,0,0,0,0,0,0,0,0,0,0,0,0,0,0
4633,2005069824,1632.0,1631.0,35,35302,41.4039,-75.6536,0,0,0,0,0,0,4,9,2004,2,16.0,1.0,0,1.0,3,2,3,  ,0,0.0,0,0,1,0,0,0,0,0,0,0,0,0,0,0,0,0,0
4634,2005070052,1907.0,1903.0,46,46110,40.1527,-75.1134,0,0,0,0,0,0,8,9,2004,4,19.0,3.0,0,1.0,3,1,3,  ,0,0.0,1,0,0,0,0,0,0,0,0,0,0,0,0,0,0,0,0
4635,2005070203,1355.0,1350.0,67,67301,40.033,-75.0459,0,0,0,0,0,1,8,7,2004,4,13.0,1.0,0,1.0,3,0,99,  ,0,0.0,0,0,0,0,0,0,0,0,0,0,0,0,0,0,0,0,0
4636,2005070229,2305.0,2300.0,67,67301,40.0468,-75.186,0,0,0,0,0,0,4,7,2004,6,22.0,3.0,0,9.0,3,1,7,  ,3,9.0,0,0,1,0,0,0,0,0,0,0,0,0,0,0,0,0,0
4637,2005070245,1437.0,1437.0,67,67301,40.0392,-75.1721,0,0,0,0,0,0,8,7,2004,2,14.0,1.0,0,1.0,3,2,3,  ,0,0.0,0,0,0,0,0,0,0,0,0,0,0,0,0,0,0,0,0
4638,2005070383,1834.0,1832.0,67,67301,39.9775,-75.1358,0,0,0,0,0,0,4,7,2004,6,18.0,1.0,0,1.0,3,0,3,  ,0,0.0,0,0,1,0,0,0,0,0,0,0,0,0,0,0,0,0,0
4639,2005070428,309.0,307.0,67,67301,,,0,0,0,0,0,0,8,7,2004,1,3.0,3.0,0,1.0,3,2,3,  ,0,0.0,0,0,0,0,0,0,0,0,0,0,0,0,0,0,0,0,0
4640,2005070443,1909.0,1905.0,67,67301,,,0,0,0,0,0,0,8,7,2004,5,19.0,1.0,0,1.0,3,0,3,  ,2,9.0,0,0,0,0,0,0,0,0,0,0,0,0,0,0,0,0,0
4641,2005070444,1645.0,1637.0,67,67301,40.0452,-75.1574,0,0,0,0,0,0,8,10,2004,3,16.0,1.0,0,1.0,3,1,3,  ,3,3.0,0,0,0,0,0,0,0,0,0,0,0,0,0,0,0,0,0
4642,2005070446,0.0,9999.0,67,67301,,,0,0,0,0,0,1,4,7,2004,6,21.0,3.0,0,1.0,3,1,9,  ,3,9.0,0,0,1,0,0,0,0,0,0,0,0,0,0,0,0,0,0
4643,2005070449,1920.0,1918.0,67,67301,39.9289,-75.1659,0,0,0,0,0,0,4,7,2004,3,19.0,1.0,0,1.0,3,2,3,  ,0,0.0,0,0,1,0,0,0,0,0,0,0,0,0,0,0,0,0,1
4644,2005070455,1311.0,1309.0,67,67301,39.9745,-75.1587,0,0,0,0,1,0,5,7,2004,6,13.0,1.0,0,1.0,3,1,3,  ,2,9.0,0,0,0,0,0,0,0,0,0,0,0,0,0,0,0,0,0
4645,2005070456,1746.0,1745.0,67,67301,,,0,0,0,0,0,0,4,7,2004,7,17.0,1.0,0,1.0,3,0,3,  ,0,0.0,0,0,1,0,0,0,0,0,0,0,0,0,0,0,0,0,0