,CRN,ARRIVAL_TM,DISPATCH_TM,COUNTY,MUNICIPALITY,DEC_LAT,DEC_LONG,BICYCLE_DEATH_COUNT,BICYCLE_SUSP_SERIOUS_INJ_COUNT,BUS_COUNT,HEAVY_TRUCK_COUNT,SMALL_TRUCK_COUNT,SUV_COUNT,COLLISION_TYPE,CRASH_MONTH,CRASH_YEAR,DAY_OF_WEEK,HOUR_OF_DAY,ILLUMINATION,LOCATION_TYPE,ROAD_CONDITION,URBAN_RURAL,INTERSECT_TYPE,WEATHER1,WEATHER2,TCD_TYPE,TCD_FUNC_CD,AGGRESSIVE_DRIVING,ALCOHOL_RELATED,ANGLE_CRASH,CELL_PHONE,COMM_VEHICLE,DISTRACTED,DRINKING_DRIVER,DRUGGED_DRIVER,FATIGUE_ASLEEP,IMPAIRED_DRIVER,NHTSA_AGG_DRIVING,RUNNING_RED_LT,RUNNING_STOP_SIGN,SPEEDING_RELATED,TAILGATING,MATURE_DRIVER,YOUNG_DRIVER
4646,2005070627,2014.0,2011.0,46,46416,40.2492,-75.6468,0,0,0,0,0,0,4,10,2004,1,18.0,4.0,0,1.0,2,1,3,  ,2,3.0,0,0,1,0,0,0,0,0,0,0,0,0,0,0,0,0,0
4647,2005070678,1619.0,1615.0,10,10301,40.8605,-79.9016,0,0,0,0,0,1,5,11,2004,6,15.0,1.0,0,1.0,2,0,3,  ,0,0.0,0,0,0,0,0,0,0,0,0,0,0,0,0,0,0,0,0
4648,2005070696,1536.0,1533.0,45,45210,40.9659,-75.5112,0,0,0,0,0,0,1,9,2004,7,15.0,1.0,0,1.0,1,0,3,  ,0,0.0,0,0,0,0,0,0,0,0,0,0,0,0,0,0,0,0,0
4649,2005073284,1341.0,1334.0,67,67301,39.9378,-75.1869,0,0,0,0,0,0,1,8,2004,6,13.0,1.0,0,1.0,3,0,3,  ,0,0.0,0,0,0,0,0,0,0,0,0,0,0,0,0,0,0,0,0
4650,2005073759,1439.0,1413.0,36,36230,40.1112,-76.4596,0,0,0,0,1,0,5,12,2004,1,13.0,1.0,0,1.0,1,0,3,  ,0,0.0,0,1,0,0,0,0,0,0,0,0,0,0,0,0,0,0,0
4651,2005073927,833.0,804.0,6,6234,40.4642,-75.7636,0,0,0,0,0,0,6,9,2004,6,8.0,1.0,0,1.0,1,0,3,  ,0,0.0,1,0,0,0,0,1,0,0,0,0,0,0,0,1,0,0,0
4652,2005073989,1225.0,1220.0,67,67301,39.9496,-75.1539,0,0,0,0,0,0,1,8,2004,3,12.0,1.0,0,1.0,3,1,3,  ,2,3.0,0,0,0,0,0,1,0,0,0,0,0,0,0,0,0,0,0
4653,2005073994,911.0,906.0,67,67301,39.9546,-75.173,0,0,0,0,0,0,2,8,2004,5,9.0,1.0,0,1.0,3,1,3,  ,2,2.0,0,0,0,0,0,0,0,0,0,0,0,0,0,0,0,1,0
4654,2005073995,1615.0,1610.0,67,67301,,,0,0,0,0,0,0,5,8,2004,3,8.0,1.0,0,1.0,3,0,3,  ,0,0.0,0,0,0,0,0,0,0,0,0,0,0,0,0,0,0,0,0
4655,2005073999,1240.0,1235.0,67,67301,39.9624,-75.1615,0,0,0,0,0,0,6,8,2004,7,12.0,1.0,0,1.0,3,1,3,  ,0,0.0,1,0,0,0,0,0,0,0,0,0,0,0,0,0,0,0,0
4656,2005074599,1410.0,1405.0,67,67301,40.0169,-75.1495,0,0,0,0,0,0,8,9,2004,1,14.0,1.0,0,1.0,3,2,3,  ,0,0.0,0,0,0,0,0,0,0,0,0,0,0,0,0,0,0,0,0
4657,2005074606,1105.0,1104.0,9,9202,40.1207,-74.9615,0,0,0,0,0,0,2,1,2004,1,11.0,1.0,0,1.0,3,1,3,  ,2,3.0,0,0,0,0,0,0,0,0,0,0,0,0,0,0,0,0,0
4658,2005074713,909.0,900.0,10,10410,41.1368,-80.0085,0,0,0,0,1,0,6,8,2004,3,8.0,1.0,0,1.0,1,1,3,  ,3,9.0,1,0,0,0,0,0,0,0,0,0,0,0,0,0,0,0,0
4659,2005074908,2010.0,2008.0,41,41219,41.2507,-76.9727,0,0,0,0,0,0,4,8,2004,6,20.0,3.0,0,1.0,1,1,3,  ,4,3.0,0,0,1,0,0,0,0,0,0,0,0,0,0,0,0,0,0
4660,2005075027,1713.0,1712.0,25,25213,42.0713,-80.0932,0,0,0,0,0,0,4,10,2004,7,17.0,8.0,0,9.0,3,2,7,  ,2,3.0,0,0,1,0,0,0,0,0,0,0,0,0,0,0,0,1,0
4661,2005075064,1725.0,1720.0,67,67301,,,0,0,0,0,0,0,4,9,2004,3,17.0,1.0,0,1.0,3,1,3,  ,0,0.0,0,0,1,0,0,0,0,0,0,0,0,0,0,0,0,0,0
4662,2005075075,1319.0,1317.0,22,22208,40.3068,-76.8052,0,0,0,0,0,0,4,9,2004,7,13.0,1.0,0,1.0,3,1,3,  ,2,3.0,0,0,1,0,0,0,0,0,0,0,0,0,0,0,0,0,0
4663,2005075129,1337.0,1335.0,46,46110,40.1656,-75.0876,0,0,0,0,0,0,4,7,2004,4,13.0,1.0,0,1.0,3,0,3,  ,0,0.0,0,0,1,0,0,0,0,0,0,0,0,0,0,0,0,0,0
4664,2005075279,1925.0,1923.0,32,32408,40.6281,-79.1456,0,0,0,0,1,0,4,10,2004,3,19.0,3.0,0,1.0,2,0,3,  ,0,0.0,1,0,1,0,0,0,0,0,0,0,0,0,0,0,0,0,0
4665,2005075286,1445.0,1443.0,64,64303,,,0,0,0,0,1,0,8,10,2004,2,14.0,1.0,0,1.0,3,1,3,  ,3,3.0,0,0,0,0,0,0,0,0,0,0,0,0,0,0,0,0,0
4666,2005075518,835.0,833.0,46,46110,40.1445,-75.116,0,0,0,0,0,1,4,9,2004,2,8.0,1.0,0,1.0,3,2,3,  ,2,3.0,0,0,1,0,0,0,0,0,0,0,0,0,0,0,0,0,0
4667,2005075710,2053.0,2053.0,25,25302,42.1052,-80.0919,0,0,0,0,0,0,4,10,2004,5,20.0,3.0,0,1.0,3,1,3,  ,3,3.0,0,0,1,0,0,1,0,0,0,0,0,0,0,0,0,0,0
4668,2005075881,1204.0,1203.0,23,23426,,,0,0,0,0,0,0,6,8,2004,1,12.0,1.0,0,1.0,3,1,3,  ,0,0.0,0,0,0,0,0,0,0,0,0,0,0,0,0,0,0,1,0
4669,2005076112,1749.0,1749.0,67,67301,39.954,-75.1767,0,0,0,0,0,0,1,8,2004,7,16.0,1.0,0,1.0,3,1,3,  ,2,9.0,1,0,0,0,0,0,0,0,0,0,1,0,0,0,1,0,0
4670,2005076141,1740.0,1732.0,67,67301,,,0,0,0,0,0,0,8,1,2004,7,17.0,3.0,0,1.0,3,1,3,  ,0,0.0,0,0,0,0,0,0,0,0,0,0,0,0,0,0,0,1,0
4671,2005076293,1607.0,1543.0,54,54215,40.6788,-77.0816,0,0,0,0,1,0,4,8,2004,1,15.0,1.0,0,1.0,1,0,3,  ,0,0.0,0,0,1,0,0,0,0,0,0,0,0,0,0,0,0,0,0
4672,2005076776,556.0,555.0,15,15236,40.0421,-75.4763,0,0,0,0,0,0,4,10,2004,5,5.0,3.0,0,1.0,1,1,3,  ,2,1.0,0,0,1,0,0,0,0,0,0,0,0,0,0,0,0,0,0
4673,2005077283,1740.0,1721.0,59,59206,,,0,1,0,0,1,0,1,10,2004,1,17.0,4.0,0,1.0,1,0,3,  ,0,0.0,0,1,0,0,0,0,1,0,0,1,0,0,0,0,0,0,0
4674,2005077593,1826.0,1824.0,9,9208,40.162,-74.8268,0,0,0,0,0,0,4,9,2004,3,18.0,4.0,0,1.0,3,2,3,  ,0,0.0,0,0,1,0,0,0,0,0,0,0,0,0,0,0,0,0,1
4675,2005077744,1933.0,1930.0,67,67301,,,0,0,0,0,0,0,4,9,2004,4,19.0,1.0,0,1.0,3,1,3,  ,3,3.0,0,0,1,0,0,0,0,0,0,0,0,0,0,0,0,0,0
4676,2005077957,1730.0,1720.0,67,67301,40.0133,-75.0974,0,0,0,0,0,0,4,8,2004,2,14.0,1.0,0,1.0,3,1,3,  ,0,0.0,0,0,1,0,0,0,0,0,0,0,0,0,0,0,0,0,0
4677,2005077972,323.0,322.0,67,67301,39.9574,-75.1603,0,0,0,0,0,0,4,10,2004,7,,3.0,0,9.0,3,1,7,  ,2,3.0,0,0,1,0,0,0,0,0,0,0,0,0,0,0,0,0,1
4678,2005078253,2335.0,2333.0,67,67301,,,0,0,0,0,0,0,2,10,2004,6,23.0,3.0,0,1.0,3,0,3,  ,2,2.0,0,0,0,0,0,0,0,0,0,0,0,0,0,0,0,0,0
4679,2005078255,1715.0,1710.0,67,67301,39.9589,-75.2414,0,0,0,0,0,1,8,10,2004,2,17.0,1.0,0,1.0,3,5,3,  ,0,0.0,0,0,0,0,0,0,0,0,0,0,0,0,0,0,0,0,0
4680,2005078288,1453.0,1452.0,32,32408,40.6229,-79.1521,0,0,0,0,0,0,4,12,2004,3,14.0,1.0,0,9.0,2,1,3,  ,0,0.0,1,0,1,0,0,0,0,0,0,0,0,0,0,0,0,0,0
4681,2005078694,1639.0,1637.0,66,66227,39.984,-76.6483,0,0,0,0,0,0,4,11,2004,2,16.0,1.0,0,1.0,3,0,3,  ,0,0.0,0,0,1,0,0,0,0,0,0,0,0,0,0,0,0,1,0
4682,2005078717,9999.0,2020.0,67,67301,40.0649,-75.1492,0,0,0,0,0,1,2,8,2004,3,20.0,2.0,0,1.0,3,0,3,  ,0,0.0,0,0,0,0,0,0,0,0,0,0,0,0,0,0,0,0,0
4683,2005078915,2232.0,2230.0,2,2461,,,0,0,0,0,0,0,4,5,2004,7,22.0,3.0,0,1.0,3,1,3,  ,3,3.0,0,0,1,0,0,0,0,0,0,0,0,0,0,0,0,0,0
4684,2005079517,1700.0,1654.0,67,67301,39.9907,-75.129,0,0,0,0,0,0,1,8,2004,2,16.0,1.0,0,1.0,3,2,3,  ,2,3.0,0,0,0,0,0,0,0,0,0,0,0,0,0,0,0,0,0
4685,2005079553,1602.0,1544.0,67,67301,40.0065,-75.1882,0,0,0,0,0,0,4,8,2004,6,15.0,1.0,0,1.0,3,2,3,  ,0,0.0,0,0,1,0,0,0,0,0,0,0,0,0,0,0,0,0,0
4686,2005079785,404.0,359.0,67,67301,,,0,0,0,0,2,1,2,11,2004,7,3.0,3.0,0,1.0,3,0,3,  ,3,3.0,0,0,0,0,0,1,0,0,0,0,0,0,0,0,0,0,0
4687,2005079788,2344.0,2340.0,67,67301,39.9546,-75.2064,0,0,0,0,0,0,4,9,2004,7,23.0,3.0,0,1.0,3,1,3,  ,2,3.0,0,0,1,0,0,1,0,0,0,0,0,0,0,0,0,0,0
4688,2005080296,1913.0,913.0,67,67301,39.9745,-75.1588,0,0,0,0,0,0,4,8,2004,2,19.0,1.0,0,1.0,3,10,3,  ,2,3.0,1,0,1,0,0,0,0,0,0,0,0,0,0,0,0,0,1
4689,2005080553,2131.0,2130.0,67,67301,40.0322,-75.0918,0,0,0,0,0,0,6,11,2004,6,21.0,3.0,0,9.0,3,1,7,  ,3,3.0,0,0,0,1,0,1,0,0,0,0,0,0,0,0,0,0,0
4690,2005080644,2205.0,2159.0,36,36301,40.0436,-76.3137,0,0,0,0,1,0,4,6,2004,7,21.0,3.0,0,1.0,3,1,3,  ,2,3.0,0,0,1,0,0,0,0,0,0,0,0,0,0,0,0,0,0
4691,2005080668,1402.0,1358.0,67,67301,,,0,0,0,0,0,0,4,12,2004,4,13.0,1.0,0,1.0,3,1,3,  ,2,3.0,0,0,1,0,0,0,0,0,0,0,0,0,0,0,0,0,0
4692,2005080689,1509.0,1508.0,43,43404,41.1591,-80.0807,0,0,0,0,1,0,4,9,2004,4,15.0,1.0,0,9.0,2,2,7,  ,3,3.0,0,0,1,0,0,0,0,0,0,0,0,0,0,0,0,0,0
4693,2005080707,9999.0,9999.0,67,67301,39.9509,-75.152,0,0,0,0,0,1,2,12,2004,3,,1.0,0,9.0,3,1,7,  ,2,3.0,0,0,0,0,0,0,0,0,0,0,0,0,0,0,0,0,0
4694,2005080803,1148.0,1146.0,66,66227,39.9799,-76.658,0,0,0,0,0,0,1,5,2004,1,11.0,1.0,0,1.0,3,0,3,  ,0,0.0,0,0,0,0,0,0,0,0,0,0,0,0,0,0,0,0,0
4695,2005080826,1805.0,1758.0,67,67301,39.9647,-75.2368,0,0,0,0,0,0,2,8,2004,3,17.0,1.0,0,1.0,3,2,3,  ,3,3.0,0,0,0,0,0,0,0,0,0,0,0,0,0,0,0,0,1
4696,2005080838,2011.0,2010.0,2,2433,,,0,0,0,0,0,0,2,5,2004,1,20.0,1.0,0,1.0,3,1,3,  ,3,3.0,0,0,0,0,0,0,0,0,0,0,0,0,0,0,0,0,1
4697,2005080891,3.0,1.0,67,67301,,,0,0,0,0,0,0,2,12,2004,7,0.0,3.0,0,1.0,3,2,3,  ,3,9.0,0,1,0,0,0,0,0,0,0,0,0,0,0,0,0,0,0
4698,2005081059,1705.0,1655.0,67,67301,40.0243,-75.1304,0,0,0,0,0,0,8,11,2004,4,16.0,4.0,99,1.0,3,5,3,  ,0,0.0,0,0,0,0,0,0,0,0,0,0,0,0,0,0,0,0,0
4699,2005081082,1646.0,1645.0,39,39405,40.5352,-75.5044,0,1,0,0,0,0,4,12,2004,3,16.0,4.0,0,1.0,3,2,3,  ,0,0.0,1,0,1,0,0,0,0,0,0,0,0,0,0,0,0,1,0
4700,2005081563,1920.0,1918.0,67,67301,40.055,-75.0848,0,0,0,0,0,0,2,11,2004,6,19.0,3.0,0,1.0,3,1,3,  ,3,3.0,1,0,0,0,0,0,0,0,0,0,0,0,0,0,0,0,0
4701,2005081599,3.0,2357.0,67,67301,,,0,0,0,0,0,0,8,11,2004,7,23.0,3.0,0,9.0,3,2,7,  ,3,3.0,0,0,0,0,0,0,0,0,0,0,0,0,0,0,0,0,0
4702,2005081798,1639.0,1638.0,48,48301,40.6111,-75.3707,0,1,0,0,0,1,4,5,2004,1,16.0,1.0,0,1.0,3,1,3,  ,3,3.0,0,0,1,0,0,0,0,0,0,0,0,0,0,0,0,0,0
4703,2005082041,1205.0,1200.0,67,67301,,,0,0,1,0,0,0,5,10,2004,2,11.0,1.0,0,1.0,3,0,3,  ,0,0.0,0,0,0,0,1,1,0,0,0,0,0,0,0,0,0,0,0
4704,2005082085,1710.0,1655.0,67,67301,40.1294,-75.0242,0,0,0,0,0,1,2,10,2004,5,16.0,1.0,0,1.0,3,0,3,  ,0,0.0,1,0,0,0,0,0,0,0,0,0,0,0,0,0,0,0,0
4705,2005082121,1722.0,1718.0,67,67301,40.0824,-75.176,0,0,0,0,0,0,2,10,2004,7,17.0,1.0,0,1.0,3,1,3,  ,3,3.0,0,0,0,0,0,0,0,0,0,0,0,0,0,0,0,0,0
4706,2005082123,1625.0,1610.0,67,67301,40.0599,-75.0184,0,0,0,0,0,0,5,11,2004,2,16.0,1.0,0,1.0,3,1,3,  ,2,3.0,0,0,0,0,0,0,0,0,0,0,0,0,0,0,0,0,0
4707,2005082126,1945.0,1938.0,67,67301,40.0869,-74.972,0,0,0,0,0,0,8,11,2004,3,19.0,3.0,0,1.0,3,1,3,  ,2,3.0,0,0,0,0,0,0,0,0,0,0,0,0,0,0,0,0,0
4708,2005082168,1604.0,1600.0,67,67301,,,0,0,0,0,0,0,2,11,2004,4,16.0,1.0,0,1.0,3,0,3,  ,0,0.0,0,0,0,0,0,0,0,0,0,0,0,0,0,0,0,0,0
4709,2005082435,1934.0,1930.0,67,67301,,,0,0,0,0,0,0,2,11,2004,4,19.0,3.0,0,1.0,3,1,3,  ,2,3.0,1,0,0,0,0,0,0,0,0,0,0,0,0,0,0,0,0
4710,2005082443,1748.0,1744.0,67,67301,,,0,1,0,0,0,1,4,8,2004,4,17.0,1.0,0,1.0,3,1,3,  ,2,3.0,0,0,1,0,0,0,0,0,0,0,0,0,0,0,0,0,0
4711,2005082451,1712.0,1708.0,67,67301,,,0,0,0,0,0,0,4,10,2004,1,,1.0,0,1.0,3,1,3,  ,2,3.0,0,0,1,0,0,0,0,0,0,0,0,0,0,0,0,0,0
4712,2005083098,1822.0,1819.0,67,67301,39.9699,-75.2392,0,0,0,0,0,0,4,11,2004,1,18.0,3.0,0,1.0,3,1,3,  ,0,0.0,0,0,1,0,0,0,0,0,0,0,0,0,0,0,0,0,0
4713,2005083288,1825.0,1820.0,67,67301,39.9865,-75.2051,0,0,0,0,0,0,8,11,2004,3,18.0,3.0,0,1.0,3,1,3,  ,2,3.0,1,0,0,0,0,0,0,0,0,0,0,0,0,0,0,0,0
4714,2005083296,2258.0,253.0,67,67301,39.9715,-75.242,0,0,0,0,0,0,4,9,2004,4,22.0,3.0,0,9.0,3,0,3,  ,3,3.0,0,0,1,0,0,0,0,0,0,0,0,0,0,0,0,0,1
4715,2005083360,1658.0,1648.0,67,67301,39.9927,-75.1452,0,0,0,0,0,0,8,10,2004,5,16.0,1.0,0,1.0,3,0,3,  ,0,0.0,1,0,0,0,0,0,0,0,0,0,0,0,0,0,0,0,0
4716,2005083390,1900.0,1854.0,67,67301,,,0,0,0,0,0,0,4,12,2004,6,18.0,3.0,0,1.0,3,1,3,  ,0,0.0,0,0,1,0,0,0,0,0,0,0,0,0,0,0,0,0,0
4717,2005083412,1050.0,1046.0,67,67301,40.0399,-75.1204,0,0,0,0,0,1,4,11,2004,1,10.0,1.0,0,1.0,3,1,3,  ,2,3.0,0,0,1,0,0,0,0,0,0,0,0,0,0,0,0,0,0
4718,2005083777,2040.0,2034.0,48,48217,,,0,0,0,0,0,0,8,9,2004,4,20.0,2.0,0,1.0,1,2,3,  ,3,3.0,0,0,0,0,0,1,0,0,0,0,0,0,0,0,0,0,1
4719,2005083875,9999.0,1710.0,67,67301,40.0363,-75.0643,0,0,0,0,0,0,8,11,2004,4,17.0,1.0,0,1.0,3,1,3,  ,2,3.0,0,0,0,0,0,0,0,0,0,0,0,0,0,0,0,0,0
4720,2005083894,740.0,732.0,67,67301,39.9947,-75.1693,0,0,0,0,0,0,8,11,2004,3,7.0,1.0,0,1.0,3,0,3,  ,0,0.0,0,0,0,0,0,0,0,0,0,0,0,0,0,0,0,0,0
4721,2005083901,1519.0,1515.0,67,67301,39.9379,-75.1537,0,0,0,0,0,0,2,11,2004,7,15.0,1.0,0,1.0,3,1,3,  ,3,3.0,0,0,0,0,0,0,0,0,0,0,0,0,0,0,0,0,0
4722,2005083905,1122.0,1120.0,67,67301,,,0,0,0,0,0,0,8,11,2004,4,11.0,1.0,0,9.0,3,1,7,  ,2,3.0,0,0,0,0,0,0,0,0,0,0,0,0,0,0,0,0,0
4723,2005083915,1800.0,800.0,67,67301,,,0,0,0,0,0,1,8,10,2004,4,17.0,3.0,0,1.0,3,1,3,  ,3,3.0,0,0,0,1,0,1,0,0,0,0,0,0,0,0,0,0,1
4724,2005083965,1645.0,1642.0,6,6241,,,0,0,0,0,0,1,4,11,2004,5,16.0,1.0,0,1.0,1,1,3,  ,3,3.0,0,0,1,0,0,0,0,0,0,0,0,0,0,0,0,0,0
4725,2005084362,1919.0,1918.0,14,14410,,,0,0,0,0,0,0,4,10,2004,3,19.0,3.0,0,9.0,3,1,7,  ,3,3.0,0,0,1,0,0,0,0,0,0,0,0,0,0,0,0,0,0
4726,2005084570,900.0,900.0,67,67301,,,0,0,0,0,0,0,5,11,2004,5,8.0,1.0,0,1.0,3,1,3,  ,2,3.0,1,0,0,1,0,1,0,0,0,0,0,0,0,0,0,0,0
4727,2005084672,1900.0,1825.0,25,25212,,,0,0,0,0,0,0,4,11,2004,7,18.0,2.0,0,1.0,1,2,3,  ,0,0.0,0,0,1,0,0,0,0,0,0,0,0,0,0,0,0,0,0
4728,2005085103,2222.0,2217.0,67,67301,,,0,0,0,0,0,0,2,10,2004,3,15.0,1.0,0,1.0,3,0,3,  ,0,0.0,0,0,0,0,0,0,0,0,0,0,0,0,0,0,0,0,0
4729,2005085104,9999.0,9999.0,67,67301,39.9642,-75.1798,0,0,0,0,0,0,8,11,2004,6,,2.0,0,1.0,3,8,3,  ,0,0.0,0,0,0,0,0,0,0,0,0,0,0,0,0,0,0,1,0
4730,2005085318,1625.0,1616.0,67,67301,40.0235,-75.1334,0,1,0,0,1,0,8,10,2004,5,16.0,1.0,0,1.0,3,1,3,  ,2,3.0,0,0,0,0,0,0,0,0,0,0,0,0,0,0,0,0,0
4731,2005085322,1212.0,1211.0,67,67301,40.0377,-75.0425,0,0,0,0,0,0,2,11,2004,6,12.0,1.0,0,1.0,3,1,3,  ,2,3.0,0,0,0,0,0,0,0,0,0,0,0,0,0,0,0,1,0
4732,2005085328,1350.0,1345.0,67,67301,39.9668,-75.1788,0,0,0,0,0,0,4,10,2004,4,13.0,1.0,0,1.0,3,1,3,  ,2,3.0,0,0,1,0,0,0,0,0,0,0,0,0,0,0,0,0,0
4733,2005085336,1815.0,1805.0,67,67301,40.0412,-75.1707,0,1,0,0,0,0,2,9,2004,3,17.0,1.0,0,9.0,3,2,7,  ,0,0.0,0,0,0,0,0,0,0,0,0,0,0,0,0,0,0,0,0
4734,2005085342,1727.0,1725.0,67,67301,39.9511,-75.1782,0,0,0,0,0,0,4,10,2004,4,17.0,1.0,0,1.0,3,0,3,  ,0,0.0,0,0,1,0,0,0,0,0,0,0,0,0,0,0,0,0,0
4735,2005085349,1604.0,1558.0,67,67301,39.9613,-75.175,0,0,0,0,0,0,4,11,2004,3,15.0,1.0,0,1.0,3,5,3,  ,2,3.0,0,0,1,0,0,0,0,0,0,0,0,0,0,0,0,1,0
4736,2005085804,1547.0,1545.0,67,67301,40.0579,-75.0779,0,0,0,0,0,0,4,12,2004,3,15.0,1.0,0,1.0,3,2,3,  ,3,3.0,1,0,1,0,0,0,0,0,0,0,0,0,0,0,0,0,0
4737,2005085849,1154.0,1149.0,67,67301,,,0,0,0,0,0,0,8,12,2004,6,11.0,1.0,0,9.0,3,1,7,  ,3,3.0,0,0,0,0,0,0,0,0,0,0,0,0,0,0,0,0,0
4738,2005086293,1218.0,1216.0,67,67301,39.9263,-75.2245,0,0,0,0,0,0,2,12,2004,5,12.0,1.0,0,1.0,3,0,3,  ,0,0.0,0,0,0,0,0,0,0,0,0,0,0,0,0,0,0,0,0
4739,2005086750,1720.0,1706.0,67,67301,39.9568,-75.2239,0,0,0,0,0,1,4,12,2004,1,16.0,3.0,0,9.0,3,0,7,  ,0,0.0,0,0,1,0,0,0,0,0,0,0,0,0,0,0,0,0,0
4740,2005086769,813.0,810.0,64,64101,40.3198,-79.69,0,0,0,0,0,0,4,11,2004,7,8.0,1.0,7,1.0,3,0,3,  ,0,0.0,0,0,1,0,0,0,0,0,0,0,0,0,0,0,0,0,0
4741,2005087214,1656.0,1653.0,46,46110,40.1714,-75.0959,0,0,0,0,0,0,4,9,2004,4,16.0,1.0,0,1.0,3,0,3,  ,0,0.0,0,0,1,0,0,0,0,0,0,0,0,0,0,0,0,0,0
4742,2005087226,1702.0,1658.0,53,53406,40.7848,-76.2267,0,0,0,0,1,0,4,11,2004,1,16.0,1.0,0,1.0,2,1,3,  ,3,3.0,0,0,1,0,0,0,0,0,0,0,0,0,0,0,0,0,1
4743,2005087377,2206.0,2158.0,2,2301,,,0,0,0,0,0,0,5,12,2004,6,21.0,3.0,0,9.0,3,1,7,  ,0,0.0,0,1,0,0,0,0,0,0,0,0,0,0,0,0,0,0,0
4744,2005087434,1255.0,1254.0,67,67301,39.9536,-75.1731,0,0,0,0,0,0,5,12,2004,3,12.0,1.0,0,1.0,3,0,3,  ,0,0.0,0,0,0,0,0,0,0,0,0,0,0,0,0,0,0,0,0
4745,2005087639,1605.0,1558.0,67,67301,,,0,0,0,0,0,0,2,12,2004,5,15.0,1.0,0,1.0,3,1,3,  ,2,9.0,0,0,0,0,0,1,0,0,0,0,0,0,0,0,0,1,0
4746,2005088220,1635.0,1631.0,67,67301,39.9519,-75.1598,0,1,1,0,0,0,5,11,2004,2,16.0,1.0,0,1.0,3,1,3,  ,2,3.0,0,1,0,0,1,0,0,0,0,0,0,0,0,0,0,0,0
4747,2005088262,1657.0,1655.0,33,33406,40.943,-78.9695,0,0,0,0,0,1,4,10,2004,1,16.0,1.0,0,1.0,2,1,3,  ,3,3.0,0,0,1,0,0,0,0,0,0,0,0,0,0,0,0,0,0
4748,2005089704,1915.0,1911.0,46,46108,40.082,-75.1892,0,0,0,0,0,0,4,10,2004,6,19.0,1.0,7,1.0,3,0,3,  ,0,0.0,1,0,1,0,0,0,0,0,0,0,0,0,0,0,0,0,0
4749,2005089932,1821.0,1817.0,66,66217,40.0191,-76.7732,0,1,0,0,0,0,2,9,2004,7,18.0,1.0,0,1.0,3,0,3,  ,0,0.0,0,0,0,0,0,0,0,0,0,0,0,0,0,0,0,0,0
4750,2005089984,132.0,130.0,67,67301,,,0,0,0,0,0,0,2,8,2004,1,13.0,1.0,0,1.0,3,0,3,  ,0,0.0,0,0,0,0,0,0,0,0,0,0,0,0,0,0,0,0,0
4751,2005090129,1535.0,1530.0,67,67301,,,0,0,0,0,0,0,6,8,2004,1,15.0,1.0,0,1.0,3,0,3,  ,0,0.0,0,0,0,0,0,0,0,0,0,0,0,0,0,0,0,0,0
4752,2005090564,1930.0,1927.0,36,36101,40.06,-76.2973,0,0,0,0,0,0,4,9,2004,2,19.0,4.0,0,1.0,3,0,3,  ,0,0.0,0,0,1,0,0,0,0,0,0,0,0,0,0,0,0,1,0
4753,2005091151,1157.0,1157.0,28,28204,39.8981,-77.5552,0,0,0,0,0,0,1,12,2004,1,11.0,1.0,0,1.0,1,0,3,  ,0,0.0,0,0,0,0,0,0,0,0,0,0,0,0,0,0,0,1,0
4754,2005091774,1454.0,1449.0,67,67301,,,0,0,0,0,0,0,8,11,2004,2,14.0,1.0,0,1.0,3,0,3,  ,0,0.0,0,0,0,0,0,0,0,0,0,0,0,0,0,0,0,0,0
4755,2005092206,1905.0,1900.0,67,67301,39.9372,-75.1615,0,0,0,0,1,0,4,11,2004,1,18.0,3.0,0,1.0,3,0,3,  ,0,0.0,0,0,1,0,0,0,0,0,0,0,0,0,0,0,0,0,0
4756,2005092227,1015.0,1009.0,67,67301,,,0,0,0,0,0,0,2,12,2004,5,10.0,1.0,0,1.0,3,1,3,  ,3,9.0,0,0,0,0,0,0,0,0,0,0,0,0,0,0,0,0,0
4757,2005092232,1740.0,1737.0,67,67301,39.9751,-75.195,0,0,0,0,0,1,4,11,2004,5,17.0,3.0,0,1.0,3,1,3,  ,2,3.0,1,0,1,0,0,0,0,0,0,0,0,0,0,0,0,0,0
4758,2005092547,1334.0,1328.0,25,25213,,,0,0,0,0,0,0,4,9,2004,5,13.0,1.0,0,1.0,3,0,3,  ,0,0.0,0,0,1,0,0,0,0,0,0,0,0,0,0,0,0,1,0
4759,2005092911,1436.0,1436.0,67,67301,,,0,0,0,0,0,0,8,12,2004,6,14.0,1.0,0,9.0,3,0,7,  ,0,0.0,0,0,0,0,0,0,0,0,0,0,0,0,0,0,0,0,0
4760,2005092976,1550.0,1548.0,53,53428,40.7946,-75.972,0,0,0,0,0,0,8,12,2004,2,15.0,1.0,0,1.0,1,2,3,  ,0,0.0,0,0,0,0,0,0,0,0,0,0,0,0,0,0,0,0,0
4761,2005093323,2010.0,2007.0,36,36301,,,0,0,0,0,0,0,4,9,2004,4,20.0,3.0,0,1.0,3,2,3,  ,3,3.0,0,0,1,0,0,0,0,0,0,0,0,0,0,0,0,1,0
4762,2005093324,1819.0,1815.0,36,36301,40.0339,-76.2986,0,0,0,0,0,0,4,8,2004,5,18.0,1.0,0,1.0,3,2,3,  ,0,0.0,0,0,1,0,0,0,0,0,0,0,0,0,0,0,0,0,0
4763,2005093371,1547.0,1547.0,46,46110,40.1578,-75.1085,0,0,0,0,0,0,4,8,2004,2,8.0,1.0,0,1.0,3,2,3,  ,0,0.0,1,0,1,0,0,0,0,0,0,0,0,0,0,0,0,0,0