,CRN,ARRIVAL_TM,DISPATCH_TM,COUNTY,MUNICIPALITY,DEC_LAT,DEC_LONG,BICYCLE_DEATH_COUNT,BICYCLE_SUSP_SERIOUS_INJ_COUNT,BUS_COUNT,HEAVY_TRUCK_COUNT,SMALL_TRUCK_COUNT,SUV_COUNT,COLLISION_TYPE,CRASH_MONTH,CRASH_YEAR,DAY_OF_WEEK,HOUR_OF_DAY,ILLUMINATION,LOCATION_TYPE,ROAD_CONDITION,URBAN_RURAL,INTERSECT_TYPE,WEATHER1,WEATHER2,TCD_TYPE,TCD_FUNC_CD,AGGRESSIVE_DRIVING,ALCOHOL_RELATED,ANGLE_CRASH,CELL_PHONE,COMM_VEHICLE,DISTRACTED,DRINKING_DRIVER,DRUGGED_DRIVER,FATIGUE_ASLEEP,IMPAIRED_DRIVER,NHTSA_AGG_DRIVING,RUNNING_RED_LT,RUNNING_STOP_SIGN,SPEEDING_RELATED,TAILGATING,MATURE_DRIVER,YOUNG_DRIVER
4764,2005093384,1834.0,1832.0,49,49302,,,0,0,0,0,0,0,4,8,2004,6,18.0,1.0,0,1.0,2,2,3,  ,3,3.0,0,0,1,0,0,0,0,0,0,0,0,0,0,0,0,1,0
4765,2005093386,1246.0,1243.0,6,6301,40.335,-75.9399,0,0,0,0,0,0,4,3,2004,4,12.0,1.0,2,1.0,3,6,3,  ,3,3.0,0,0,1,0,0,0,0,0,0,0,0,0,0,0,0,0,0
4766,2005093416,2039.0,2020.0,38,38209,40.3393,-76.4528,0,0,0,0,0,0,4,10,2004,7,20.0,3.0,0,9.0,1,0,3,  ,0,0.0,0,0,1,0,0,0,0,0,0,0,0,0,0,0,0,0,0
4767,2005093739,1630.0,9999.0,67,67301,39.9743,-75.1817,0,0,0,0,1,0,5,10,2004,6,16.0,1.0,0,1.0,3,0,3,  ,0,0.0,0,0,0,0,0,0,0,0,0,0,0,0,0,0,0,0,0
4768,2005094375,1957.0,1937.0,67,67301,40.0236,-75.2202,0,0,1,0,0,0,2,11,2004,3,19.0,3.0,0,1.0,3,10,3,  ,3,3.0,0,0,0,0,1,0,0,0,0,0,0,0,0,0,0,0,0
4769,2005094409,2310.0,9999.0,10,10422,40.7857,-80.1463,1,0,0,0,0,0,1,9,2004,6,23.0,3.0,0,1.0,1,0,3,  ,0,0.0,0,1,0,0,0,0,0,0,0,0,0,0,0,0,0,0,0
4770,2005094505,700.0,650.0,41,41403,41.2029,-77.2753,0,0,0,0,0,0,6,12,2004,5,6.0,5.0,0,1.0,1,1,3,  ,2,3.0,1,0,0,0,0,1,0,0,0,0,0,1,0,0,0,0,0
4771,2005094560,1758.0,1749.0,2,2301,,,0,0,0,0,0,0,3,2,2004,6,8.0,8.0,0,2.0,3,2,99,  ,2,9.0,0,0,0,0,0,0,0,0,0,0,0,0,0,0,0,0,0
4772,2005094616,1600.0,1555.0,46,46102,40.0676,-75.1467,0,0,0,0,0,1,4,12,2004,4,15.0,1.0,0,1.0,3,1,3,  ,0,0.0,0,0,1,0,0,0,0,0,0,0,0,0,0,0,0,0,0
4773,2005094929,1815.0,1815.0,67,67301,40.0555,-75.0687,0,0,0,0,0,0,8,11,2004,6,15.0,1.0,0,1.0,3,1,3,  ,0,0.0,0,0,0,0,0,0,0,0,0,0,0,0,0,0,0,0,0
4774,2005094937,1927.0,1925.0,67,67301,39.9943,-75.1814,0,0,0,0,0,0,4,8,2004,2,19.0,1.0,0,1.0,3,1,3,  ,3,3.0,0,0,1,0,0,0,0,0,0,0,0,0,0,0,0,0,0
4775,2005094942,1720.0,1715.0,67,67301,39.9728,-75.2163,0,0,0,0,0,0,4,6,2004,4,,1.0,0,1.0,3,1,3,  ,2,9.0,0,0,1,0,0,0,0,0,0,0,0,0,0,0,0,0,0
4776,2005095119,1014.0,1013.0,48,48301,,,0,0,0,0,0,0,4,5,2004,3,10.0,1.0,0,1.0,3,5,3,  ,3,3.0,1,0,1,0,0,0,0,0,0,0,0,0,0,0,0,0,0
4777,2005095397,1709.0,1707.0,67,67301,39.9447,-75.1585,0,0,0,0,0,0,2,11,2004,4,17.0,3.0,0,1.0,3,0,3,  ,0,0.0,1,0,0,0,0,0,0,0,0,0,0,0,0,0,0,0,0
4778,2005095406,1535.0,1530.0,67,67301,,,0,0,0,0,0,0,4,11,2004,7,15.0,1.0,0,1.0,3,0,3,  ,0,0.0,0,0,1,0,0,0,0,0,0,0,0,0,0,0,0,0,0
4779,2005095425,2055.0,2026.0,67,67301,,,0,0,0,0,0,1,8,10,2004,1,17.0,1.0,0,1.0,3,0,3,  ,0,0.0,0,0,0,0,0,0,0,0,0,0,0,0,0,0,0,0,0
4780,2005095431,1132.0,1132.0,15,15407,40.0392,-75.5135,0,0,0,0,0,1,4,4,2004,4,18.0,3.0,0,1.0,3,2,3,  ,0,0.0,1,0,1,0,0,0,0,0,0,0,0,0,0,0,0,0,0
4781,2005095474,1529.0,1522.0,9,9226,40.2023,-75.1156,0,0,0,0,0,0,4,8,2004,6,15.0,1.0,0,1.0,3,1,3,  ,3,3.0,1,0,1,0,0,0,0,0,0,0,0,0,0,0,0,1,0
4782,2005095617,1634.0,1633.0,40,40422,41.243,-75.9416,0,0,0,0,0,1,4,2,2004,6,16.0,1.0,0,1.0,3,2,3,  ,0,0.0,0,1,1,0,0,0,1,0,0,1,0,0,0,0,0,0,0
4783,2005096159,1423.0,1421.0,67,67301,39.954,-75.1767,0,0,0,0,0,0,4,11,2004,2,14.0,1.0,0,1.0,3,1,3,  ,2,3.0,0,0,1,0,0,0,0,0,0,0,0,0,0,0,0,0,0
4784,2005096412,1112.0,9999.0,44,44202,40.4788,-77.7244,1,0,0,0,0,0,1,7,2004,4,10.0,1.0,0,1.0,1,0,3,  ,0,0.0,0,0,0,0,0,0,0,0,0,0,0,0,0,0,0,0,0
4785,2005096488,1737.0,1703.0,17,17219,41.2014,-78.5843,0,0,0,0,0,0,6,10,2004,2,17.0,1.0,0,1.0,1,0,3,  ,0,0.0,0,0,0,0,0,0,0,0,0,0,0,0,0,0,0,0,1
4786,2005096878,1230.0,1220.0,25,25207,,,0,0,0,0,0,0,2,5,2004,7,12.0,1.0,0,1.0,1,0,3,  ,0,0.0,0,0,0,0,0,0,0,0,0,0,0,0,0,0,0,0,0
4787,2005097072,1741.0,1730.0,2,2301,40.4404,-79.9649,0,0,0,0,0,0,4,4,2004,3,17.0,1.0,0,1.0,3,2,3,  ,3,3.0,0,0,1,0,0,0,0,0,0,0,0,0,0,0,0,0,0
4788,2005097136,804.0,802.0,36,36301,40.051,-76.3081,0,0,0,0,0,0,5,8,2004,2,8.0,1.0,0,1.0,3,1,3,  ,0,0.0,0,0,0,0,0,0,0,0,0,0,0,0,0,0,0,0,0
4789,2005097316,1225.0,1150.0,53,53227,,,0,1,0,0,0,0,5,8,2004,2,11.0,1.0,0,1.0,1,1,3,  ,0,0.0,0,0,0,0,0,0,0,0,0,0,0,0,0,0,0,0,0
4790,2005097384,1718.0,1705.0,37,37204,41.0289,-80.4421,0,0,0,0,0,0,4,7,2004,3,17.0,1.0,0,1.0,1,1,3,  ,3,3.0,1,0,1,0,0,0,0,0,0,0,0,0,0,0,0,0,1
4791,2005097400,2318.0,2316.0,48,48301,40.622,-75.3602,0,0,0,0,0,0,4,1,2004,5,23.0,3.0,0,1.0,3,2,99,  ,2,3.0,1,0,1,0,0,0,0,0,0,0,0,1,0,0,0,1,0
4792,2005097418,842.0,840.0,48,48301,40.6243,-75.3744,0,0,0,0,0,0,4,6,2004,5,8.0,1.0,0,1.0,3,2,3,  ,0,0.0,0,0,1,0,0,0,0,0,0,0,0,0,0,0,0,0,0
4793,2005097707,1824.0,1822.0,62,62302,40.1681,-80.2424,0,0,0,0,0,0,2,11,2004,3,,3.0,0,9.0,3,0,7,  ,0,0.0,0,0,0,0,0,0,0,0,0,0,0,0,0,0,0,0,0
4794,2005097736,9999.0,1545.0,4,4414,,,0,0,0,0,0,0,6,7,2004,4,15.0,1.0,0,1.0,3,0,3,  ,0,0.0,0,0,0,0,0,0,0,0,0,0,0,0,0,0,0,0,1
4795,2005097768,1737.0,1734.0,67,67301,40.1168,-75.0271,0,0,0,0,0,0,4,6,2004,7,17.0,1.0,0,1.0,3,0,3,  ,0,0.0,1,0,1,0,0,0,0,0,0,0,0,0,0,0,0,1,0
4796,2005097808,1741.0,1735.0,67,67301,,,0,0,0,0,0,0,8,9,2004,6,17.0,1.0,0,1.0,3,2,3,  ,3,3.0,0,0,0,0,0,0,0,0,0,0,0,0,0,0,0,0,0
4797,2005098124,1818.0,1816.0,66,66301,39.9665,-76.7298,0,1,0,0,0,0,2,9,2004,4,18.0,1.0,0,1.0,3,1,3,  ,2,3.0,0,1,0,0,0,0,0,0,0,0,0,0,0,0,0,0,1
4798,2005098141,1649.0,1647.0,66,66301,39.9606,-76.7204,0,0,0,0,0,0,2,7,2004,7,16.0,1.0,0,1.0,3,1,3,  ,3,3.0,1,0,0,0,0,0,0,0,0,0,0,0,0,1,0,0,1
4799,2005098204,1549.0,1547.0,3,3406,40.7635,-79.5371,0,0,0,0,1,0,4,2,2004,4,15.0,1.0,0,1.0,2,0,3,  ,0,0.0,0,0,1,0,0,0,0,0,0,0,0,0,0,0,0,0,0
4800,2005098292,1320.0,1318.0,9,9101,40.0926,-74.9068,0,0,0,0,0,0,4,5,2004,1,13.0,1.0,0,1.0,3,1,3,  ,3,3.0,1,0,1,0,0,0,0,0,0,0,0,0,0,0,0,0,0
4801,2005098614,1835.0,1830.0,67,67301,39.9804,-75.2394,0,0,0,0,0,0,4,12,2004,4,18.0,3.0,0,1.0,3,1,3,  ,2,3.0,1,0,1,0,0,0,0,0,0,0,0,0,0,0,0,0,0
4802,2005098718,1229.0,1227.0,40,40422,41.2426,-75.9409,0,0,0,0,0,0,6,9,2004,1,12.0,1.0,0,1.0,3,3,3,  ,2,3.0,0,0,0,0,0,0,0,0,0,0,0,0,0,0,0,1,0
4803,2005098917,1445.0,1410.0,58,58203,41.8697,-77.522,0,1,0,0,1,0,4,8,2004,6,14.0,1.0,0,1.0,1,0,3,  ,0,0.0,0,0,1,0,0,0,0,0,0,0,0,0,0,0,0,0,0
4804,2005099096,1253.0,1250.0,67,67301,39.9321,-75.146,0,0,0,0,0,0,4,11,2004,1,12.0,1.0,0,9.0,3,2,7,  ,3,3.0,1,0,1,0,0,0,0,0,0,0,0,0,0,0,0,1,0
4805,2005099129,1337.0,1325.0,53,53222,40.6112,-76.4723,0,0,0,0,0,0,5,7,2004,1,13.0,1.0,0,1.0,1,0,3,  ,0,0.0,1,0,0,0,0,0,0,0,0,0,1,0,0,1,0,0,0
4806,2005099406,1810.0,1809.0,2,2219,,,0,0,0,0,0,0,4,10,2004,2,18.0,1.0,0,1.0,3,1,3,  ,2,3.0,1,0,1,0,0,0,0,0,0,0,0,0,0,0,0,0,0
4807,2005099407,2251.0,2249.0,67,67301,39.9496,-75.1999,0,0,0,0,0,0,6,12,2004,2,22.0,3.0,0,1.0,3,2,3,  ,2,3.0,0,0,0,0,0,0,0,0,0,0,0,0,0,0,0,0,0
4808,2005099426,1608.0,1601.0,21,21407,40.2294,-76.889,0,0,0,0,0,0,2,11,2004,2,15.0,1.0,0,1.0,3,5,3,  ,2,3.0,1,0,0,0,0,0,0,0,0,0,0,0,0,0,0,0,1
4809,2005099427,1000.0,724.0,21,21407,,,0,0,0,0,0,0,1,10,2004,4,7.0,1.0,0,1.0,3,0,3,  ,0,0.0,1,0,0,0,0,0,0,0,0,0,0,0,0,0,0,0,1
4810,2005099459,37.0,37.0,67,67301,,,0,0,0,0,0,0,2,9,2004,3,0.0,3.0,0,1.0,3,1,3,  ,2,3.0,0,0,0,0,0,0,0,0,0,0,0,0,0,0,0,0,0
4811,2005099615,9999.0,2115.0,67,67301,,,0,0,0,0,0,0,5,8,2004,2,18.0,1.0,0,1.0,3,0,3,  ,0,0.0,0,0,0,0,0,0,0,0,0,0,0,0,0,0,0,0,0
4812,2005099640,2330.0,2326.0,67,67301,39.9652,-75.1405,0,0,0,0,0,0,4,4,2004,3,23.0,3.0,0,1.0,3,2,3,  ,0,0.0,0,0,1,0,0,0,0,0,0,0,0,0,0,0,0,0,0
4813,2005099646,1534.0,1532.0,67,67301,39.9951,-75.179,0,0,0,0,0,0,4,8,2004,1,99.0,1.0,0,1.0,3,0,3,  ,0,0.0,0,0,1,0,0,0,0,0,0,0,0,0,0,0,0,0,0
4814,2005099647,1132.0,1130.0,67,67301,,,0,0,0,0,0,0,2,8,2004,6,11.0,1.0,0,1.0,3,1,3,  ,3,3.0,0,0,0,0,0,0,0,0,0,0,0,0,0,0,0,1,0
4815,2005099653,1625.0,1621.0,67,67301,,,0,0,0,0,0,0,4,8,2004,5,16.0,1.0,0,1.0,3,0,3,  ,0,0.0,0,0,1,0,0,0,0,0,0,0,0,0,0,0,0,0,0
4816,2005099669,1857.0,1849.0,67,67301,40.0456,-75.01,0,0,0,0,0,0,4,8,2004,3,18.0,1.0,0,1.0,3,0,3,  ,0,0.0,0,0,1,0,0,0,0,0,0,0,0,0,0,0,0,0,0
4817,2005100488,2100.0,2056.0,39,39301,40.6162,-75.4602,0,0,0,0,0,1,4,8,2004,1,20.0,3.0,0,1.0,3,1,3,  ,2,3.0,1,0,1,0,0,0,0,0,0,0,0,1,0,0,0,0,0
4818,2005100756,1804.0,1749.0,67,67301,,,0,0,0,0,0,0,8,7,2004,7,17.0,1.0,0,1.0,3,1,3,  ,9,9.0,0,0,0,0,0,0,0,0,0,0,0,0,0,0,0,0,0
4819,2005101072,1817.0,1815.0,67,67301,,,0,0,0,0,0,0,1,11,2004,3,18.0,3.0,0,1.0,3,2,3,  ,0,0.0,0,0,0,0,0,0,0,0,0,0,0,0,0,0,0,0,0
4820,2005101242,1947.0,1945.0,67,67301,39.9616,-75.1518,0,0,0,0,0,0,4,10,2004,2,19.0,3.0,0,1.0,3,10,3,  ,2,3.0,0,0,1,0,0,0,0,0,0,0,0,0,0,0,0,0,0
4821,2005101617,1533.0,1530.0,39,39302,,,0,1,0,0,0,0,4,12,2004,4,15.0,1.0,0,1.0,3,1,3,  ,0,0.0,0,0,1,0,0,0,0,0,0,0,0,0,0,0,0,0,0
4822,2005101787,1014.0,1005.0,67,67301,39.9548,-75.1664,0,0,0,0,0,0,2,12,2004,6,10.0,1.0,0,9.0,3,2,7,  ,2,3.0,0,0,0,0,0,0,0,0,0,0,0,0,0,0,0,0,0
4823,2005102445,1215.0,1210.0,36,36203,,,0,0,0,0,0,0,8,3,2004,2,12.0,1.0,0,1.0,1,0,3,  ,0,0.0,0,0,0,0,0,0,0,0,0,0,0,0,0,0,0,0,0
4824,2005102748,233.0,233.0,67,67301,39.9879,-75.1558,0,1,0,0,0,0,8,10,2004,7,2.0,3.0,0,9.0,3,1,3,  ,2,3.0,0,0,0,0,0,0,0,0,0,0,0,0,0,0,0,0,0
4825,2005102761,1320.0,1314.0,67,67301,39.9379,-75.1537,0,0,0,0,1,0,1,7,2004,4,12.0,1.0,0,1.0,3,3,3,  ,3,3.0,0,0,0,0,0,0,0,0,0,0,0,0,0,0,0,0,0
4826,2005102802,1711.0,1711.0,23,23111,,,0,0,0,0,0,0,4,5,2004,5,17.0,1.0,7,1.0,3,0,3,  ,0,0.0,0,0,1,0,0,0,0,0,0,0,0,0,0,0,0,0,0
4827,2005103048,100.0,100.0,67,67301,39.9246,-75.224,0,0,0,0,0,0,4,7,2004,2,23.0,3.0,0,1.0,3,2,7,  ,3,3.0,0,0,1,0,0,0,0,0,0,0,0,0,0,0,0,0,0
4828,2005103583,2001.0,1959.0,66,66301,,,0,0,0,0,0,0,4,12,2004,4,19.0,3.0,0,1.0,3,1,3,  ,2,3.0,0,0,1,0,0,0,0,0,0,0,0,0,0,0,0,0,0
4829,2005104081,2125.0,2050.0,26,26222,40.0893,-79.5912,0,0,0,0,0,0,4,10,2004,6,18.0,1.0,0,1.0,1,2,3,  ,3,3.0,0,0,1,0,0,0,0,0,0,0,0,0,0,0,0,0,0
4830,2005104275,2207.0,9999.0,46,46105,40.1246,-75.0384,1,0,0,0,0,0,6,12,2004,2,22.0,3.0,0,1.0,3,0,3,  ,0,0.0,1,0,0,0,0,0,0,0,0,0,0,0,0,1,0,0,0
4831,2005104607,1305.0,1300.0,25,25302,,,0,0,0,0,0,0,4,6,2004,6,13.0,1.0,0,1.0,3,1,3,  ,2,3.0,0,0,1,0,0,0,0,0,0,0,0,0,0,0,0,0,0
4832,2005104664,1435.0,1430.0,67,67301,40.0406,-75.1515,0,0,0,0,0,0,8,7,2004,4,14.0,1.0,0,1.0,3,1,3,  ,2,3.0,0,0,0,0,0,0,0,0,0,0,0,0,0,0,0,0,0
4833,2005104669,1217.0,1217.0,67,67301,39.9701,-75.144,0,0,0,0,0,0,8,7,2004,3,24.0,3.0,0,1.0,3,1,3,  ,2,3.0,0,0,0,0,0,0,0,0,0,0,0,0,0,0,0,0,0
4834,2005104887,1707.0,1703.0,36,36412,40.0122,-76.3424,0,0,0,0,0,0,4,4,2004,2,17.0,1.0,7,1.0,3,0,3,  ,0,0.0,0,0,1,0,0,0,0,0,0,0,0,0,0,0,0,0,0
4835,2005105499,812.0,754.0,10,10301,40.8611,-79.8914,0,0,0,0,0,0,8,12,2004,5,7.0,1.0,0,1.0,2,0,3,  ,0,0.0,0,0,0,0,0,0,0,0,0,0,0,0,0,0,0,0,0
4836,2005105639,2154.0,2152.0,46,46101,40.1258,-75.1172,0,0,0,0,0,0,4,8,2004,1,21.0,3.0,7,1.0,3,1,3,  ,3,3.0,0,0,1,0,0,0,0,0,0,0,0,0,0,0,0,0,0
4837,2005115754,2144.0,2141.0,67,67301,39.9244,-75.1696,0,0,0,0,0,0,5,7,2004,5,21.0,3.0,0,1.0,3,1,3,  ,2,2.0,1,0,0,0,0,0,0,0,0,0,0,0,0,1,0,0,0
4838,2005116036,2235.0,2234.0,23,23111,,,0,0,0,0,0,1,1,3,2004,7,22.0,3.0,0,1.0,3,0,3,  ,8,3.0,1,1,0,0,0,0,1,0,0,1,1,0,0,0,0,0,0
4839,2005116063,1516.0,1515.0,32,32402,,,0,0,0,0,1,0,8,1,2004,2,15.0,1.0,0,9.0,1,2,10,  ,1,1.0,0,0,0,0,0,0,0,0,0,0,0,0,0,0,0,0,0
4840,2005402218,1417.0,1417.0,23,23103,39.9774,-75.3187,0,0,0,1,0,0,4,9,2004,3,14.0,1.0,0,1.0,3,1,3,  ,3,3.0,1,0,1,0,0,0,0,0,0,0,0,0,0,0,0,0,0
4841,2005402473,1528.0,1528.0,23,23103,39.9706,-75.3051,0,0,0,0,0,1,4,9,2004,4,15.0,1.0,7,1.0,3,0,3,  ,0,0.0,0,0,1,0,0,0,0,0,0,0,0,0,0,0,0,0,0
4842,2005402525,1505.0,1505.0,23,23103,39.9782,-75.3186,0,0,0,0,0,0,4,12,2004,4,15.0,1.0,0,1.0,3,1,3,  ,3,3.0,1,0,1,0,0,0,0,0,0,0,0,0,0,0,0,0,0
4843,2005404145,1707.0,1707.0,23,23103,39.9882,-75.3109,0,0,0,0,0,0,4,7,2004,6,17.0,1.0,0,1.0,3,1,3,  ,2,3.0,0,0,1,0,0,0,0,0,0,0,0,0,0,0,0,0,0
4844,2005404189,1351.0,1350.0,23,23103,39.9885,-75.3114,0,0,0,0,0,0,4,7,2004,5,13.0,1.0,0,1.0,3,0,3,  ,0,0.0,1,0,1,0,0,0,0,0,0,0,0,0,0,1,0,0,0
4845,2005405882,233.0,233.0,67,67301,39.9879,-75.1558,0,1,0,0,0,0,4,10,2004,7,2.0,3.0,0,9.0,3,1,7,  ,2,3.0,0,1,1,0,0,0,1,0,0,1,0,0,0,0,0,0,0
4846,2006032148,1426.0,1425.0,23,23103,39.9702,-75.2983,0,0,0,0,0,0,4,8,2004,7,14.0,1.0,0,9.0,3,1,7,  ,0,0.0,0,0,1,0,0,0,0,0,0,0,0,0,0,0,0,0,1
4847,2006084981,2114.0,9999.0,64,64103,40.1831,-79.8448,0,0,0,0,1,0,8,10,2004,2,21.0,2.0,0,1.0,1,0,3,  ,0,0.0,0,1,0,0,0,0,1,0,0,1,0,0,0,0,0,0,0
4848,2006085021,1300.0,9999.0,41,41409,41.2315,-76.9988,0,0,0,0,0,0,4,8,2004,5,99.0,1.0,0,1.0,3,2,3,  ,0,0.0,0,0,1,0,0,0,0,0,0,0,0,0,0,0,0,0,0
4849,2006087789,2015.0,9999.0,2,2445,40.476,-79.9696,0,1,0,0,0,0,1,10,2004,6,20.0,3.0,0,1.0,3,0,3,  ,0,0.0,0,0,0,0,0,0,0,0,0,0,0,0,0,0,0,0,0
4850,2009002074,1040.0,1036.0,67,67301,,,0,0,0,0,0,0,5,11,2004,4,10.0,1.0,0,1.0,3,1,3,  ,3,3.0,0,0,0,0,0,0,0,0,0,0,0,0,0,0,0,0,0
4851,2005005269,440.0,439.0,26,26301,40.0086,-79.5998,0,0,0,0,0,0,4,1,2005,6,4.0,3.0,0,9.0,2,0,7,  ,0,0.0,0,1,1,0,0,0,0,0,0,0,0,0,0,0,0,0,1
4852,2005005396,1027.0,1024.0,38,38212,,,0,0,0,0,0,0,4,1,2005,1,10.0,1.0,0,1.0,1,2,3,  ,3,3.0,0,0,1,0,0,0,0,0,0,0,0,0,0,0,0,0,0
4853,2005039103,1022.0,1018.0,19,19219,41.0861,-76.4087,0,0,0,0,0,0,5,2,2005,6,10.0,1.0,0,1.0,1,0,3,  ,0,0.0,0,0,0,0,0,0,0,0,0,0,0,0,0,0,0,1,0
4854,2005039271,2031.0,2025.0,2,2301,40.4715,-79.9263,0,0,0,0,0,0,4,1,2005,7,20.0,3.0,0,1.0,3,1,3,  ,2,3.0,0,0,1,0,0,0,0,0,0,0,0,0,0,0,0,0,0
4855,2005046839,1528.0,1522.0,25,25302,,,0,0,0,0,0,0,4,1,2005,5,15.0,1.0,0,9.0,3,1,10,  ,2,3.0,0,0,1,0,0,0,0,0,0,0,0,0,0,0,0,0,0
4856,2005064510,1800.0,1800.0,2,2301,,,0,0,0,0,0,0,4,2,2005,4,17.0,3.0,0,1.0,3,1,3,  ,2,3.0,0,0,1,0,0,0,0,0,0,0,0,0,0,0,0,0,0
4857,2005064964,1140.0,1138.0,46,46102,40.0923,-75.1388,0,0,0,0,0,0,4,1,2005,2,11.0,1.0,0,1.0,3,1,3,  ,2,3.0,0,0,1,0,0,0,0,0,0,0,0,0,0,0,0,1,0
4858,2005065545,1950.0,1942.0,67,67301,39.9647,-75.2362,0,1,0,0,0,0,4,1,2005,7,99.0,3.0,0,1.0,3,0,3,  ,0,0.0,0,0,1,0,0,0,0,0,0,0,0,0,0,0,0,0,0
4859,2005065630,1646.0,1644.0,67,67301,,,0,0,0,0,0,0,5,1,2005,7,16.0,1.0,0,1.0,3,0,3,  ,0,0.0,0,0,0,0,0,0,0,0,0,0,0,0,0,0,0,0,0
4860,2005065939,1636.0,1628.0,2,2301,,,0,0,0,0,1,0,4,1,2005,2,16.0,1.0,0,1.0,3,1,3,  ,0,0.0,0,0,1,0,0,0,0,0,0,0,0,0,0,0,0,0,0
4861,2005066040,940.0,937.0,9,9101,40.1514,-74.8266,0,0,0,0,0,0,4,1,2005,1,9.0,1.0,0,1.0,3,2,3,  ,0,0.0,0,0,1,0,0,1,0,0,0,0,0,0,0,0,0,0,0
4862,2005066147,654.0,653.0,67,67301,40.0106,-75.1674,0,0,0,0,0,0,4,1,2005,5,6.0,5.0,0,9.0,3,2,5,  ,0,0.0,0,0,1,0,0,0,0,0,0,0,0,0,0,0,0,0,0
4863,2005066360,1219.0,1215.0,15,15201,39.9153,-75.6295,0,0,0,0,0,0,4,1,2005,6,12.0,1.0,0,1.0,1,2,3,  ,3,3.0,1,0,1,0,0,0,0,0,0,0,0,0,0,0,0,1,0
4864,2005066478,1839.0,1836.0,37,37301,,,0,0,0,0,0,0,4,1,2005,6,18.0,3.0,0,1.0,2,1,3,  ,3,3.0,0,0,1,0,0,0,0,0,0,0,0,0,0,0,0,0,0
4865,2005066703,1403.0,1402.0,40,40304,,,0,0,0,0,0,0,5,1,2005,7,14.0,1.0,0,1.0,3,0,3,  ,0,0.0,1,0,0,0,0,0,0,0,0,0,0,0,0,0,0,1,0
4866,2005068758,1054.0,1014.0,36,36230,40.0842,-76.4862,0,0,0,0,0,0,2,1,2005,3,10.0,1.0,0,9.0,1,0,3,  ,0,0.0,1,0,0,0,0,0,0,0,0,0,0,0,0,1,0,0,0
4867,2005071568,1839.0,1834.0,9,9210,40.3145,-75.3039,0,0,0,0,0,0,5,2,2005,5,18.0,2.0,0,1.0,3,0,3,  ,0,0.0,0,0,0,0,0,0,0,0,0,0,0,0,0,0,0,0,0
4868,2005072356,653.0,649.0,36,36301,40.048,-76.3055,0,0,0,0,0,0,4,2,2005,3,6.0,3.0,0,1.0,3,1,3,  ,2,3.0,0,0,1,0,0,0,0,0,0,0,0,0,0,0,0,0,0
4869,2005081001,738.0,735.0,21,21101,,,0,0,0,0,0,0,4,3,2005,2,7.0,1.0,0,1.0,3,0,3,  ,0,0.0,0,0,1,0,0,0,0,0,0,0,0,0,0,0,0,0,0
4870,2005088081,732.0,724.0,40,40304,41.2399,-75.9029,0,0,0,0,1,0,4,2,2005,6,7.0,1.0,0,6.0,3,2,10,  ,3,3.0,0,0,1,0,1,0,0,0,0,0,0,0,0,0,0,0,0
4871,2005091261,800.0,756.0,25,25302,42.1172,-80.0982,0,0,0,0,0,0,4,1,2005,2,7.0,1.0,0,9.0,3,1,5,  ,2,3.0,1,0,1,0,0,0,0,0,0,0,0,0,0,0,0,0,0
4872,2005091428,1711.0,1708.0,6,6301,,,0,0,0,0,1,0,4,3,2005,1,17.0,1.0,0,1.0,3,1,3,  ,3,3.0,0,0,1,0,0,0,0,0,0,0,0,0,0,0,0,0,0
4873,2005091853,1429.0,1428.0,2,2301,40.4367,-80.0009,0,0,0,0,0,0,4,2,2005,2,14.0,1.0,0,1.0,3,1,3,  ,2,3.0,0,0,1,0,0,0,0,0,0,0,0,0,0,0,0,0,0
4874,2005098283,1205.0,1205.0,67,67301,39.9975,-75.1116,0,0,0,0,0,0,4,1,2005,6,12.0,1.0,0,1.0,3,2,3,  ,0,0.0,0,0,1,0,0,0,0,0,0,0,0,0,0,0,0,1,0
4875,2005099311,1702.0,1700.0,67,67301,39.9509,-75.152,0,0,0,0,0,0,2,1,2005,7,16.0,3.0,0,1.0,3,1,3,  ,2,3.0,0,0,0,0,0,0,0,0,0,0,0,0,0,0,0,0,0
4876,2005100522,1117.0,1117.0,36,36301,40.0422,-76.3021,0,0,0,0,0,0,5,2,2005,3,11.0,1.0,0,1.0,3,0,3,  ,0,0.0,0,0,0,0,0,0,0,0,0,0,0,0,0,0,0,0,0
4877,2005100722,1336.0,1324.0,67,67301,,,0,0,0,0,0,0,5,2,2005,1,13.0,1.0,0,1.0,3,0,3,  ,0,0.0,0,0,0,0,0,0,0,0,0,0,0,0,0,0,0,0,0
4878,2005100801,1334.0,1323.0,6,6405,,,0,0,0,0,0,0,4,4,2005,2,13.0,1.0,0,1.0,1,1,3,  ,3,3.0,1,0,1,0,0,0,0,0,0,0,0,0,0,0,0,1,0
4879,2005100954,1211.0,1207.0,9,9205,40.2756,-75.1594,0,0,0,0,0,1,4,3,2005,6,12.0,1.0,0,1.0,3,2,3,  ,3,3.0,1,1,1,0,0,0,0,0,0,0,0,0,0,0,0,0,0
4880,2005101280,1237.0,1237.0,67,67301,,,0,0,0,0,0,0,8,2,2005,4,12.0,1.0,0,1.0,3,0,3,  ,0,0.0,0,0,0,0,0,0,0,0,0,0,0,0,0,0,0,0,1
4881,2005101633,1642.0,1640.0,39,39301,40.6244,-75.4347,0,0,0,0,0,0,4,3,2005,7,16.0,1.0,0,1.0,3,2,3,  ,0,0.0,1,0,1,0,0,0,0,0,0,0,0,0,0,0,0,0,1
4882,2005101667,1105.0,1100.0,67,67301,39.9858,-75.2471,0,0,0,0,0,0,8,1,2005,7,11.0,1.0,0,1.0,3,0,3,  ,0,0.0,0,0,0,0,0,0,0,0,0,0,0,0,0,0,0,0,0