,CRN,ARRIVAL_TM,DISPATCH_TM,COUNTY,MUNICIPALITY,DEC_LAT,DEC_LONG,BICYCLE_DEATH_COUNT,BICYCLE_SUSP_SERIOUS_INJ_COUNT,BUS_COUNT,HEAVY_TRUCK_COUNT,SMALL_TRUCK_COUNT,SUV_COUNT,COLLISION_TYPE,CRASH_MONTH,CRASH_YEAR,DAY_OF_WEEK,HOUR_OF_DAY,ILLUMINATION,LOCATION_TYPE,ROAD_CONDITION,URBAN_RURAL,INTERSECT_TYPE,WEATHER1,WEATHER2,TCD_TYPE,TCD_FUNC_CD,AGGRESSIVE_DRIVING,ALCOHOL_RELATED,ANGLE_CRASH,CELL_PHONE,COMM_VEHICLE,DISTRACTED,DRINKING_DRIVER,DRUGGED_DRIVER,FATIGUE_ASLEEP,IMPAIRED_DRIVER,NHTSA_AGG_DRIVING,RUNNING_RED_LT,RUNNING_STOP_SIGN,SPEEDING_RELATED,TAILGATING,MATURE_DRIVER,YOUNG_DRIVER
4883,2005102113,1230.0,1220.0,67,67301,,,0,0,0,0,0,0,5,2,2005,5,99.0,1.0,0,1.0,3,1,3,  ,2,9.0,1,0,0,0,0,0,0,0,0,0,0,0,0,0,0,0,0
4884,2005102265,1528.0,1527.0,38,38301,,,0,0,0,0,0,1,4,3,2005,6,15.0,1.0,0,9.0,2,0,3,  ,0,0.0,0,0,1,0,0,0,0,0,0,0,0,0,0,0,0,0,0
4885,2005103712,850.0,845.0,67,67301,39.9612,-75.2349,0,0,0,0,0,0,4,1,2005,5,8.0,1.0,0,2.0,3,1,3,  ,2,9.0,0,0,1,0,0,0,0,0,0,0,0,0,0,0,0,0,0
4886,2005104267,2045.0,2039.0,39,39301,40.6124,-75.4744,0,0,0,0,0,0,4,3,2005,1,20.0,3.0,0,1.0,3,1,3,  ,2,3.0,0,0,1,0,0,0,0,0,0,0,0,0,0,0,0,0,1
4887,2005104350,1636.0,1633.0,35,35302,,,0,0,0,0,0,0,4,2,2005,2,16.0,1.0,0,1.0,3,3,3,  ,0,0.0,0,0,1,0,0,0,0,0,0,0,0,0,0,0,0,0,0
4888,2005105037,1225.0,1217.0,67,67301,39.9644,-75.1764,0,0,0,1,0,0,6,2,2005,5,12.0,1.0,0,1.0,3,1,3,  ,2,3.0,0,0,0,0,1,0,0,0,0,0,0,0,0,0,0,0,0
4889,2005105068,952.0,948.0,47,47401,,,0,0,0,0,0,0,4,4,2005,1,9.0,1.0,0,1.0,2,2,3,  ,0,0.0,0,0,1,0,0,0,0,0,0,0,0,0,0,0,0,0,0
4890,2005105073,1911.0,1910.0,2,2415,,,0,1,0,0,0,1,4,4,2005,7,19.0,1.0,0,1.0,3,0,3,  ,0,0.0,1,0,1,0,0,0,0,0,0,0,0,0,0,0,0,0,0
4891,2005105107,801.0,759.0,2,2219,40.3154,-80.0061,0,0,0,0,0,1,4,4,2005,2,7.0,1.0,0,1.0,3,1,3,  ,2,3.0,1,0,1,0,0,0,0,0,0,0,0,0,0,0,0,0,0
4892,2005105197,1949.0,1940.0,62,62204,40.1618,-80.2844,0,0,0,0,0,0,6,2,2005,6,19.0,3.0,0,9.0,3,2,10,  ,0,0.0,1,0,0,0,0,0,0,0,0,0,0,0,0,0,0,0,0
4893,2005105225,1521.0,1519.0,23,23301,39.8554,-75.3536,0,0,0,0,0,0,5,3,2005,7,15.0,1.0,0,1.0,3,0,3,  ,0,0.0,0,0,0,0,0,0,0,0,0,0,0,0,0,0,0,0,1
4894,2005105308,2220.0,2218.0,23,23111,39.9229,-75.2967,0,0,0,0,0,0,2,2,2005,4,22.0,3.0,0,9.0,3,1,3,  ,0,0.0,0,1,0,0,0,0,0,0,0,0,0,0,0,0,0,0,1
4895,2005105497,130.0,127.0,67,67301,,,0,0,0,0,0,0,4,2,2005,7,1.0,3.0,0,1.0,3,1,3,  ,2,3.0,0,0,1,0,0,0,0,0,0,0,0,0,0,0,0,0,0
4896,2005105909,1350.0,1345.0,67,67301,,,0,0,0,0,0,0,8,1,2005,7,13.0,1.0,0,2.0,3,0,99,  ,2,3.0,0,0,0,0,0,0,0,0,0,0,0,0,0,0,0,1,0
4897,2005106424,1841.0,1841.0,48,48409,,,0,0,0,0,1,0,4,4,2005,6,18.0,1.0,0,1.0,3,2,3,  ,0,0.0,0,0,1,0,0,0,0,0,0,0,0,0,0,0,0,0,0
4898,2005107308,1606.0,1605.0,14,14410,40.8059,-77.8646,0,0,0,0,0,0,6,2,2005,2,15.0,1.0,0,1.0,3,1,3,  ,2,3.0,1,0,0,0,0,0,0,0,0,0,0,0,0,0,0,0,0
4899,2005109072,1751.0,1749.0,46,46102,40.0697,-75.1428,0,0,0,0,0,1,4,4,2005,2,17.0,1.0,0,1.0,3,2,3,  ,3,3.0,0,0,1,0,0,0,0,0,0,0,0,0,0,0,0,0,0
4900,2005109208,1900.0,1852.0,2,2301,,,0,0,0,0,0,0,6,3,2005,4,18.0,3.0,0,9.0,3,0,7,  ,0,0.0,0,0,0,0,0,1,0,0,0,0,0,0,0,0,0,0,0
4901,2005109399,2147.0,2137.0,14,14410,40.7927,-77.8639,0,0,0,0,0,0,4,3,2005,2,21.0,3.0,0,1.0,3,1,3,  ,2,3.0,0,0,1,0,0,0,0,0,0,0,0,0,0,0,0,0,0
4902,2005109709,1117.0,1114.0,39,39301,40.6134,-75.4705,0,0,0,0,0,0,4,3,2005,3,11.0,1.0,0,1.0,3,2,3,  ,0,0.0,0,0,1,0,0,0,0,0,0,0,0,0,0,0,0,0,0
4903,2005109893,1031.0,1027.0,46,46109,40.1351,-75.1491,0,0,0,0,0,0,8,3,2005,1,10.0,1.0,0,1.0,3,0,3,  ,0,0.0,0,0,0,0,0,0,0,0,0,0,0,0,0,0,0,0,0
4904,2005109897,2116.0,2112.0,46,46109,40.1673,-75.1716,0,0,0,0,0,1,2,3,2005,6,21.0,3.0,0,1.0,3,1,3,  ,3,3.0,0,0,0,0,0,0,0,0,0,0,0,0,0,0,0,0,1
4905,2005110146,1841.0,1838.0,41,41301,,,0,0,0,0,0,0,4,3,2005,2,18.0,3.0,0,9.0,3,0,7,  ,0,0.0,0,0,1,0,0,0,0,0,0,0,0,0,0,0,0,0,0
4906,2005110173,1715.0,1712.0,35,35406,,,0,0,0,0,1,0,4,4,2005,3,17.0,1.0,7,1.0,3,0,3,  ,2,3.0,0,0,1,0,0,0,0,0,0,0,0,0,0,0,0,0,1
4907,2005110330,1517.0,1514.0,59,59402,,,0,0,0,0,0,1,1,4,2005,2,15.0,1.0,0,1.0,2,1,3,  ,3,3.0,1,0,0,0,0,0,0,0,0,0,0,0,0,0,0,0,0
4908,2005110633,1620.0,1618.0,46,46204,40.1882,-75.1328,0,0,0,0,0,0,4,4,2005,2,16.0,1.0,7,1.0,3,0,3,  ,0,0.0,0,0,1,0,0,0,0,0,0,0,0,0,0,0,0,0,0
4909,2005110704,1240.0,1240.0,64,64302,40.2958,-79.5423,0,0,0,0,0,0,4,3,2005,1,12.0,1.0,0,1.0,3,2,3,  ,3,3.0,1,0,1,0,0,0,0,0,0,0,0,0,0,0,0,1,0
4910,2005112021,1709.0,1706.0,15,15206,,,0,1,0,0,0,1,2,4,2005,3,17.0,1.0,0,1.0,1,10,3,  ,0,0.0,0,0,0,0,0,0,0,0,0,0,0,0,0,0,0,0,0
4911,2005112025,1411.0,1406.0,43,43303,41.2056,-80.467,0,0,0,0,1,0,1,5,2005,1,14.0,1.0,0,1.0,3,0,3,  ,0,0.0,0,0,0,0,0,0,0,0,0,0,0,0,0,0,0,1,0
4912,2005113439,1755.0,1752.0,14,14206,40.7207,-77.92,0,0,0,1,0,0,5,5,2005,4,17.0,1.0,0,1.0,1,0,3,  ,0,0.0,1,0,0,0,1,0,0,0,0,0,0,0,0,0,0,0,0
4913,2005115494,1902.0,1900.0,22,22409,40.1945,-76.7359,0,0,0,0,0,0,4,5,2005,5,19.0,1.0,0,1.0,3,1,3,  ,0,0.0,0,0,1,0,0,0,0,0,0,0,0,0,0,0,0,0,0
4914,2005115776,1900.0,1900.0,39,39102,,,0,0,0,0,0,0,8,5,2005,2,20.0,3.0,0,9.0,3,1,3,  ,3,3.0,0,0,0,0,0,0,0,0,0,0,0,0,0,0,0,0,0
4915,2005116509,1104.0,1102.0,28,28401,39.932,-77.6635,0,0,0,0,0,0,4,5,2005,6,11.0,1.0,0,1.0,1,1,3,  ,0,0.0,0,1,1,0,0,0,0,0,0,0,0,0,0,0,0,0,0
4916,2005116666,1208.0,1205.0,22,22414,,,0,0,0,0,0,0,4,5,2005,6,12.0,1.0,0,1.0,3,1,3,  ,3,3.0,0,0,1,0,0,0,0,0,0,0,0,0,0,0,0,0,0
4917,2005117583,1816.0,1815.0,2,2435,40.423,-80.0449,0,0,0,0,0,0,4,5,2005,3,18.0,1.0,0,1.0,3,2,3,  ,0,0.0,0,0,1,0,0,0,0,0,0,0,0,0,0,0,0,0,0
4918,2005118285,1645.0,1639.0,21,21208,40.2225,-77.1858,0,0,0,0,0,0,4,5,2005,4,16.0,1.0,0,1.0,1,2,3,  ,3,3.0,0,0,1,0,0,0,0,0,0,0,0,0,0,0,0,0,0
4919,2005118287,1557.0,1555.0,41,41230,41.2557,-77.0571,0,0,0,0,0,0,4,5,2005,6,15.0,1.0,0,1.0,1,1,3,  ,0,0.0,0,0,1,0,0,0,0,0,0,0,0,0,0,0,0,0,0
4920,2005118322,1423.0,1421.0,40,40302,,,0,0,0,0,0,0,4,5,2005,1,14.0,1.0,0,9.0,3,0,7,  ,0,0.0,0,0,1,0,0,0,0,0,0,0,0,0,0,0,0,0,0
4921,2005118764,1928.0,1925.0,21,21409,40.0527,-77.5104,0,0,0,0,0,1,4,6,2005,4,19.0,1.0,0,1.0,2,2,3,  ,3,3.0,0,0,1,0,0,0,0,0,0,0,0,0,0,0,0,0,0
4922,2005118977,1628.0,1626.0,38,38213,40.2779,-76.5783,0,0,0,0,0,0,4,6,2005,4,16.0,1.0,0,1.0,1,0,3,  ,0,0.0,1,0,1,0,0,0,0,0,0,0,0,0,0,1,0,0,1
4923,2005119420,1520.0,1515.0,21,21103,,,0,0,0,0,0,0,4,6,2005,1,15.0,1.0,0,1.0,3,1,3,  ,3,3.0,0,0,1,0,0,0,0,0,0,0,0,0,0,0,0,0,0
4924,2005119480,1440.0,1438.0,40,40426,41.2863,-75.8868,0,0,0,0,0,0,4,6,2005,4,14.0,1.0,0,1.0,3,1,3,  ,3,3.0,0,0,1,0,0,0,0,0,0,0,0,0,0,0,0,0,0
4925,2005120050,2008.0,2007.0,2,2301,40.4541,-79.9063,0,0,0,0,0,0,4,5,2005,4,20.0,1.0,0,1.0,3,1,3,  ,3,3.0,0,1,1,0,0,0,1,0,0,1,0,0,0,0,0,0,0
4926,2005120323,1929.0,1851.0,64,64414,,,0,0,0,0,0,0,4,4,2005,5,18.0,1.0,0,1.0,3,1,3,  ,0,0.0,0,0,1,0,0,0,0,0,0,0,0,0,0,0,0,0,1
4927,2005120330,2004.0,2001.0,6,6424,40.3285,-76.073,0,0,0,0,0,0,4,5,2005,4,20.0,1.0,0,1.0,3,0,3,  ,0,0.0,1,0,1,0,0,0,0,0,0,0,0,0,0,0,0,0,1
4928,2005120363,1429.0,1428.0,28,28401,39.9231,-77.6649,0,0,0,0,1,0,4,6,2005,4,14.0,1.0,0,1.0,1,2,3,  ,3,3.0,1,0,1,0,0,0,0,0,0,0,0,0,0,0,0,0,0
4929,2005120638,2101.0,2100.0,14,14206,,,0,0,0,0,0,0,5,6,2005,4,20.0,1.0,0,1.0,1,0,3,  ,0,0.0,0,0,0,0,0,0,0,0,0,0,0,0,0,0,0,0,0
4930,2005121193,1857.0,1848.0,15,15220,,,0,0,0,0,0,1,4,4,2005,4,18.0,1.0,0,1.0,1,1,3,  ,3,3.0,1,0,1,0,0,0,0,0,0,0,0,0,0,0,0,0,1
4931,2005121217,1924.0,1929.0,15,15301,,,0,0,0,0,0,0,4,6,2005,5,19.0,1.0,0,1.0,3,1,3,  ,0,0.0,0,0,1,0,0,0,0,0,0,0,0,0,0,0,0,0,0
4932,2005121239,1459.0,1456.0,2,2118,40.5324,-79.965,0,1,0,0,0,0,4,6,2005,3,99.0,1.0,0,1.0,3,1,3,  ,0,0.0,0,0,1,0,0,0,0,0,0,0,0,0,0,0,0,1,0
4933,2005121922,847.0,845.0,9,9219,40.3528,-75.1345,0,0,0,0,0,0,4,6,2005,7,8.0,1.0,0,1.0,1,2,3,  ,0,0.0,0,0,1,0,0,0,0,0,0,0,0,0,0,0,0,0,0
4934,2005121947,1340.0,1337.0,9,9219,40.3418,-75.1199,0,0,0,0,0,1,5,6,2005,1,13.0,1.0,0,1.0,1,0,3,  ,0,0.0,1,0,0,0,0,0,0,0,0,0,0,0,0,0,0,0,0
4935,2005122295,1615.0,1612.0,47,47401,,,0,0,0,0,0,0,8,6,2005,5,16.0,1.0,0,1.0,2,1,3,  ,3,3.0,0,0,0,0,0,0,0,0,0,0,0,0,0,0,0,0,0
4936,2005122377,1158.0,1155.0,16,16402,41.212,-79.3806,0,0,0,0,0,0,4,6,2005,3,11.0,1.0,0,1.0,2,1,3,  ,3,3.0,0,0,1,0,0,0,0,0,0,0,0,0,0,0,0,0,0
4937,2005122807,1416.0,1412.0,48,48409,40.6872,-75.4745,0,0,0,0,0,0,1,6,2005,2,13.0,1.0,0,1.0,3,0,3,  ,0,0.0,0,0,0,0,0,0,0,0,0,0,0,0,0,0,0,0,0
4938,2005123139,714.0,708.0,36,36209,40.116,-76.1094,0,0,0,0,0,0,5,6,2005,1,7.0,1.0,0,1.0,1,2,3,  ,0,0.0,0,0,0,0,0,0,0,0,0,0,0,0,0,0,0,0,0
4939,2005124206,1812.0,1810.0,43,43302,41.2309,-80.5037,0,0,0,0,1,0,4,3,2005,2,18.0,4.0,0,1.0,3,0,3,  ,2,3.0,0,0,1,0,0,0,0,0,0,0,0,0,0,0,0,0,0
4940,2005124208,1655.0,1650.0,67,67301,39.9966,-75.1589,0,0,0,0,0,0,4,3,2005,7,99.0,1.0,0,1.0,3,2,3,  ,0,0.0,1,0,1,0,0,0,0,0,0,0,0,0,0,0,0,0,1
4941,2005124262,810.0,808.0,9,9101,40.0871,-74.9041,0,0,0,0,0,0,4,4,2005,2,8.0,1.0,0,1.0,3,1,3,  ,2,3.0,1,0,1,0,0,0,0,0,0,0,0,1,0,0,0,0,0
4942,2005124466,1649.0,1646.0,46,46104,40.0098,-75.2375,0,0,0,0,0,0,4,4,2005,4,16.0,1.0,0,1.0,3,2,3,  ,0,0.0,0,0,1,0,0,0,0,0,0,0,0,0,0,0,0,0,0
4943,2005124522,1810.0,1810.0,33,33406,40.9433,-78.9912,0,0,0,0,0,1,5,4,2005,2,15.0,1.0,0,1.0,2,2,3,  ,3,3.0,0,0,0,0,0,0,0,0,0,0,0,0,0,0,0,0,0
4944,2005124778,758.0,756.0,39,39301,40.6011,-75.4754,0,0,0,0,0,0,4,4,2005,2,7.0,1.0,0,1.0,3,1,3,  ,2,3.0,0,0,1,0,0,0,0,0,0,0,0,0,0,0,0,0,0
4945,2005124891,48.0,44.0,67,67301,39.9972,-75.1316,0,0,0,0,0,0,4,4,2005,6,18.0,1.0,0,1.0,3,10,7,  ,3,3.0,0,0,1,0,0,0,0,0,0,0,0,0,0,0,0,0,0
4946,2005125136,1746.0,1741.0,2,2301,40.4531,-79.936,0,0,0,0,0,0,4,4,2005,2,17.0,1.0,0,1.0,3,2,3,  ,0,0.0,1,0,1,0,0,0,0,0,0,0,0,0,0,0,0,0,0
4947,2005125184,1910.0,1905.0,12,12402,41.5117,-78.2356,0,0,0,0,0,0,4,5,2005,4,19.0,1.0,0,1.0,1,1,3,  ,0,0.0,1,0,1,0,0,0,0,0,0,0,0,0,0,0,0,0,1
4948,2005125860,1001.0,1001.0,67,67301,39.9511,-75.1981,0,0,0,0,1,0,5,2,2005,4,10.0,1.0,0,1.0,3,0,3,  ,0,0.0,0,0,0,0,0,0,0,0,0,0,0,0,0,0,0,0,0
4949,2005125924,1959.0,1956.0,9,9101,40.1337,-74.8309,0,0,0,0,0,0,4,4,2005,4,19.0,3.0,0,1.0,3,2,3,  ,0,0.0,0,0,1,0,0,1,0,0,0,0,0,0,0,0,0,0,1
4950,2005125926,1637.0,1635.0,9,9101,40.1405,-74.8755,0,0,0,0,0,0,4,4,2005,6,16.0,1.0,0,1.0,3,0,3,  ,0,0.0,0,0,1,0,0,0,0,0,0,0,0,0,0,0,0,1,0
4951,2005126232,1845.0,1845.0,46,46416,40.2453,-75.6476,0,0,0,0,0,0,4,4,2005,6,18.0,1.0,0,1.0,2,1,3,  ,2,3.0,0,0,1,0,0,0,0,0,0,0,0,0,0,0,0,1,0
4952,2005126235,1537.0,1528.0,46,46416,40.2482,-75.6624,0,0,0,0,0,1,4,4,2005,2,15.0,1.0,2,1.0,2,7,3,  ,4,3.0,0,0,1,0,0,1,0,0,0,0,0,0,0,0,0,0,0
4953,2005126492,1839.0,1836.0,6,6301,,,0,1,0,0,0,0,4,4,2005,5,18.0,1.0,0,1.0,3,0,3,  ,0,0.0,0,0,1,0,0,0,0,0,0,0,0,0,0,0,0,0,0
4954,2005126493,2122.0,2121.0,6,6301,40.3459,-75.9198,0,0,0,0,0,1,4,4,2005,3,21.0,3.0,0,1.0,3,1,3,  ,2,3.0,0,0,1,0,0,0,0,0,0,0,0,0,0,0,0,0,0
4955,2005126724,1405.0,1355.0,59,59202,40.9541,-76.9092,0,0,0,0,0,0,4,6,2005,3,13.0,1.0,0,1.0,1,0,3,  ,0,0.0,0,1,1,0,0,1,0,0,0,0,0,0,0,0,0,0,0
4956,2005126776,1507.0,1503.0,62,62301,40.2031,-79.9278,0,0,0,0,0,0,4,4,2005,7,15.0,1.0,0,1.0,3,1,3,  ,0,0.0,0,0,1,0,0,0,0,0,0,0,0,0,0,0,0,0,1
4957,2005126796,1614.0,1611.0,67,67301,39.9983,-75.1274,0,0,0,0,0,0,4,2,2005,4,15.0,1.0,0,1.0,3,1,3,  ,2,3.0,0,0,1,0,0,0,0,0,0,0,0,0,0,0,0,0,0
4958,2005126995,1118.0,1116.0,2,2403,,,0,0,0,0,0,1,4,6,2005,3,11.0,1.0,7,1.0,3,10,3,  ,0,0.0,0,0,1,0,0,1,0,0,0,0,0,0,0,0,0,0,0
4959,2005127006,1336.0,1333.0,28,28401,39.9284,-77.6622,0,0,0,0,0,0,4,6,2005,5,13.0,1.0,0,1.0,1,1,3,  ,3,3.0,0,0,1,0,0,0,0,0,0,0,0,0,0,0,0,1,0
4960,2005127066,1906.0,1903.0,48,48409,,,0,0,0,0,0,0,4,6,2005,5,19.0,1.0,0,1.0,3,1,3,  ,3,3.0,0,0,1,0,0,0,0,0,0,0,0,0,0,0,0,0,0
4961,2005127329,1216.0,1213.0,6,6232,40.4696,-75.8011,0,0,0,0,1,0,5,6,2005,3,12.0,1.0,0,1.0,1,1,3,  ,0,0.0,0,0,0,0,0,1,0,0,1,0,0,0,0,0,0,0,0
4962,2005127418,1541.0,1530.0,22,22202,40.2302,-76.7225,0,0,0,0,1,0,4,6,2005,2,15.0,1.0,0,1.0,3,1,3,  ,3,3.0,0,0,1,0,0,0,0,0,0,0,0,0,0,0,0,0,0
4963,2005127443,1906.0,1905.0,21,21402,40.1971,-77.1897,0,0,0,1,0,0,5,6,2005,6,19.0,1.0,0,1.0,2,0,3,  ,0,0.0,0,0,0,0,1,0,0,0,0,0,0,0,0,0,0,0,0
4964,2005128021,1244.0,1237.0,2,2301,40.3962,-79.9848,0,0,0,0,0,0,2,6,2005,7,12.0,1.0,0,1.0,3,2,3,  ,3,3.0,0,0,0,0,0,1,0,0,0,0,0,0,0,0,0,0,1
4965,2005128171,1652.0,1649.0,59,59202,,,0,0,0,0,0,0,4,6,2005,5,16.0,1.0,0,1.0,1,1,3,  ,3,3.0,1,1,1,0,0,0,1,1,0,1,0,0,0,1,0,0,0
4966,2005128314,1950.0,1930.0,46,46201,40.3277,-75.6251,0,0,0,0,0,0,4,6,2005,4,18.0,1.0,0,1.0,1,0,3,  ,0,0.0,0,0,1,0,0,0,0,0,0,0,0,0,0,0,0,0,0
4967,2005128523,331.0,326.0,9,9101,40.0913,-74.8898,0,0,0,0,0,0,1,4,2005,2,3.0,3.0,0,1.0,3,1,3,  ,0,0.0,0,1,0,0,0,0,0,0,0,0,0,0,0,0,0,0,0
4968,2005128525,1637.0,1635.0,9,9101,,,0,0,1,0,0,0,4,4,2005,3,16.0,1.0,0,1.0,3,2,3,  ,0,0.0,0,0,1,0,1,0,0,0,0,0,0,0,0,0,0,0,0
4969,2005129440,1249.0,1244.0,39,39301,,,0,0,0,0,0,0,4,5,2005,2,12.0,1.0,0,1.0,3,1,3,  ,2,3.0,1,0,1,0,0,0,0,0,0,0,0,1,0,0,0,0,0
4970,2005129477,1710.0,1707.0,46,46104,40.0197,-75.3078,0,0,0,0,0,0,5,5,2005,5,16.0,1.0,0,1.0,3,0,3,  ,0,0.0,1,0,0,0,0,0,0,0,0,0,0,0,0,0,0,0,0
4971,2005129587,2121.0,2120.0,67,67301,39.9982,-75.1013,0,0,0,0,0,0,4,4,2005,7,21.0,3.0,0,9.0,3,1,7,  ,2,3.0,0,0,1,0,0,0,0,0,0,0,0,0,0,0,0,0,0
4972,2005129706,2004.0,1956.0,24,24209,41.382,-78.7728,0,0,0,0,1,0,5,4,2005,2,19.0,4.0,0,1.0,1,0,3,  ,0,0.0,1,0,0,0,0,0,0,0,0,0,0,0,0,1,0,0,0
4973,2005129934,1551.0,1549.0,48,48402,40.7262,-75.3949,0,0,0,0,0,0,4,5,2005,6,15.0,1.0,0,1.0,1,2,3,  ,3,3.0,0,0,1,0,0,0,0,0,0,0,0,0,0,0,0,0,0
4974,2005129942,2059.0,2055.0,9,9216,40.2342,-74.9408,0,0,0,0,0,0,4,4,2005,1,16.0,1.0,0,1.0,3,1,3,  ,0,0.0,0,0,1,0,0,0,0,0,0,0,0,0,0,0,0,0,1
4975,2005129962,743.0,741.0,46,46413,40.1133,-75.336,0,0,0,0,0,0,4,4,2005,5,7.0,1.0,0,1.0,3,1,3,  ,2,3.0,0,0,1,0,0,0,0,0,0,0,0,0,0,0,0,0,0
4976,2005129979,2305.0,2303.0,36,36218,40.1919,-76.1764,0,0,0,0,0,0,1,4,2005,7,23.0,3.0,0,9.0,1,1,7,  ,2,3.0,0,0,0,0,0,0,0,0,0,0,0,0,0,0,0,0,0
4977,2005130104,1627.0,1623.0,67,67301,40.0474,-75.1428,0,0,0,0,0,0,4,5,2005,1,16.0,1.0,0,1.0,3,0,3,  ,0,0.0,0,0,1,0,0,0,0,0,0,0,0,0,0,0,0,0,0
4978,2005130119,1725.0,1722.0,9,9202,40.1373,-74.9817,0,0,0,0,0,0,4,4,2005,5,17.0,1.0,7,1.0,3,0,3,  ,0,0.0,0,0,1,0,0,0,0,0,0,0,0,0,0,0,0,0,0
4979,2005130153,1026.0,1021.0,62,62222,40.2854,-80.1119,0,0,0,0,0,1,8,4,2005,5,10.0,1.0,0,1.0,3,0,3,  ,8,3.0,0,0,0,0,0,0,0,0,0,0,0,0,0,0,0,0,0
4980,2005130162,1739.0,1737.0,9,9202,40.0836,-74.9364,0,0,0,0,0,0,4,5,2005,7,17.0,1.0,0,1.0,3,2,3,  ,3,3.0,0,0,1,0,0,1,0,0,0,0,0,0,0,0,0,0,1
4981,2005130240,2002.0,1957.0,2,2301,40.4167,-79.9887,0,0,0,0,0,0,4,6,2005,7,19.0,1.0,0,1.0,3,1,3,  ,3,3.0,0,0,1,0,0,0,0,0,0,0,0,0,0,0,0,0,0
4982,2005130383,1519.0,1516.0,23,23418,39.8672,-75.3774,0,1,0,0,0,0,4,4,2005,2,15.0,1.0,0,1.0,3,0,3,  ,0,0.0,0,0,1,0,0,0,0,0,0,0,0,0,0,0,0,0,0
4983,2005130457,1915.0,1906.0,67,67301,39.9892,-75.1543,0,0,0,0,0,0,4,4,2005,7,19.0,1.0,99,9.0,3,2,7,  ,3,9.0,0,0,1,0,0,0,0,0,0,0,0,0,0,0,0,0,0
4984,2005130463,1720.0,1721.0,67,67301,39.9687,-75.2112,0,0,0,0,0,0,4,5,2005,1,17.0,1.0,0,1.0,3,0,3,  ,0,0.0,0,0,1,0,0,1,0,0,0,0,0,0,0,0,0,0,0
4985,2005130636,846.0,844.0,67,67301,,,0,0,0,0,0,1,4,5,2005,4,8.0,1.0,0,1.0,3,1,3,  ,3,3.0,0,0,1,0,0,0,0,0,0,0,0,0,0,0,0,0,0
4986,2005130662,736.0,733.0,43,43404,41.1664,-80.1053,0,0,0,0,0,0,4,5,2005,6,7.0,1.0,0,1.0,2,1,3,  ,2,3.0,1,0,1,0,0,0,0,0,0,0,0,0,0,0,0,1,0
4987,2005130670,1907.0,1903.0,67,67301,40.0347,-75.1411,0,0,0,0,0,0,1,4,2005,6,19.0,3.0,0,1.0,3,0,3,  ,0,0.0,1,0,0,0,0,0,0,0,0,0,0,0,0,0,1,0,1
4988,2005130728,1400.0,1357.0,67,67301,,,0,0,0,0,0,0,4,5,2005,4,13.0,1.0,0,1.0,3,5,3,  ,0,0.0,0,0,1,0,0,0,0,0,0,0,0,0,0,0,0,0,0
4989,2005130738,1740.0,1735.0,67,67301,,,0,0,0,0,0,0,4,5,2005,3,17.0,1.0,0,1.0,3,2,3,  ,3,9.0,0,0,1,0,0,0,0,0,0,0,0,0,0,0,0,0,0
4990,2005130758,2055.0,2054.0,10,10301,40.8609,-79.8893,0,0,0,0,0,0,4,5,2005,1,20.0,3.0,0,1.0,2,2,3,  ,0,0.0,0,0,1,0,0,0,0,0,0,0,0,0,0,0,0,0,1
4991,2005131143,1839.0,1839.0,39,39301,40.6159,-75.4745,0,0,0,0,0,0,4,5,2005,3,18.0,1.0,0,1.0,3,1,3,  ,0,0.0,0,0,1,0,0,0,0,0,0,0,0,0,0,0,0,0,1
4992,2005131241,733.0,731.0,11,11432,40.3154,-78.9607,0,0,0,0,0,0,4,4,2005,3,7.0,1.0,0,1.0,3,2,3,  ,3,3.0,0,0,1,0,0,0,0,0,0,0,0,0,0,0,0,0,0
4993,2005131252,1551.0,1548.0,46,46416,40.2446,-75.6423,0,0,0,0,0,1,4,5,2005,3,15.0,1.0,0,1.0,2,1,3,  ,2,3.0,1,0,1,0,0,1,0,0,0,0,0,1,0,0,0,0,0
4994,2005131403,1001.0,929.0,44,44210,,,0,1,0,0,1,0,4,5,2005,1,9.0,1.0,0,1.0,1,2,3,  ,3,3.0,0,0,1,0,0,0,0,0,0,0,0,0,0,0,0,0,0
4995,2005131516,1852.0,1849.0,39,39302,40.6185,-75.3891,0,0,0,0,1,0,4,5,2005,3,18.0,1.0,0,1.0,3,1,3,  ,0,0.0,0,0,1,0,0,0,0,0,0,0,0,0,0,0,0,0,0
4996,2005131542,1835.0,1831.0,40,40302,,,0,0,0,0,0,0,4,6,2005,3,18.0,1.0,0,1.0,3,0,3,  ,0,0.0,0,0,1,0,0,1,0,0,0,0,0,0,0,0,0,0,0
4997,2005131544,458.0,453.0,48,48301,40.6113,-75.3663,0,0,0,0,0,0,4,5,2005,2,4.0,3.0,0,1.0,3,1,3,  ,3,3.0,0,0,1,0,0,0,0,0,0,0,0,0,0,0,0,0,0
4998,2005131630,2039.0,2023.0,43,43402,41.3245,-80.2568,0,0,0,0,1,0,5,5,2005,5,19.0,1.0,0,1.0,1,0,3,  ,0,0.0,0,0,0,0,0,0,0,0,0,0,0,0,0,0,0,0,0
4999,2005132494,856.0,854.0,67,67301,,,0,0,0,0,1,0,6,4,2005,3,8.0,1.0,0,1.0,3,0,3,  ,0,0.0,0,0,0,0,0,0,0,0,0,0,0,0,0,0,0,0,0
5000,2005132621,1325.0,1321.0,67,67301,40.0149,-75.0802,0,0,0,0,0,0,4,5,2005,7,13.0,1.0,0,1.0,3,1,3,  ,3,3.0,0,0,1,0,0,0,0,0,0,0,0,0,0,0,0,0,0