,CRN,ARRIVAL_TM,DISPATCH_TM,COUNTY,MUNICIPALITY,DEC_LAT,DEC_LONG,BICYCLE_DEATH_COUNT,BICYCLE_SUSP_SERIOUS_INJ_COUNT,BUS_COUNT,HEAVY_TRUCK_COUNT,SMALL_TRUCK_COUNT,SUV_COUNT,COLLISION_TYPE,CRASH_MONTH,CRASH_YEAR,DAY_OF_WEEK,HOUR_OF_DAY,ILLUMINATION,LOCATION_TYPE,ROAD_CONDITION,URBAN_RURAL,INTERSECT_TYPE,WEATHER1,WEATHER2,TCD_TYPE,TCD_FUNC_CD,AGGRESSIVE_DRIVING,ALCOHOL_RELATED,ANGLE_CRASH,CELL_PHONE,COMM_VEHICLE,DISTRACTED,DRINKING_DRIVER,DRUGGED_DRIVER,FATIGUE_ASLEEP,IMPAIRED_DRIVER,NHTSA_AGG_DRIVING,RUNNING_RED_LT,RUNNING_STOP_SIGN,SPEEDING_RELATED,TAILGATING,MATURE_DRIVER,YOUNG_DRIVER
5001,2005132639,2017.0,2012.0,40,40304,41.2574,-75.8581,0,0,0,0,0,0,4,6,2005,5,20.0,1.0,0,9.0,3,2,3,  ,3,9.0,0,0,1,0,0,0,0,0,0,0,0,0,0,0,0,0,0
5002,2005132642,1715.0,1709.0,66,66101,39.9591,-76.6983,0,0,0,0,0,0,4,5,2005,3,17.0,1.0,0,1.0,1,0,3,  ,0,0.0,0,0,1,0,0,0,0,0,0,0,0,0,0,0,0,0,0
5003,2005132709,2141.0,2140.0,21,21103,40.2259,-76.9699,0,0,0,0,0,0,4,7,2005,5,21.0,3.0,0,9.0,3,2,7,  ,2,3.0,0,0,1,0,0,0,0,0,0,0,0,0,0,0,0,0,1
5004,2005132774,1910.0,1900.0,66,66205,39.9984,-76.8261,0,0,0,0,0,0,1,4,2005,7,18.0,1.0,0,1.0,1,2,3,  ,3,3.0,0,0,0,0,0,1,0,0,0,0,0,0,0,0,0,0,0
5005,2005133474,1532.0,1526.0,62,62204,40.1638,-80.2754,0,0,0,0,0,0,4,4,2005,2,15.0,1.0,0,1.0,3,0,3,  ,0,0.0,0,0,1,0,0,0,0,0,0,0,0,0,0,0,0,1,0
5006,2005133630,1925.0,1924.0,48,48301,,,0,0,0,0,0,0,1,4,2005,2,19.0,1.0,0,9.0,3,0,3,  ,0,0.0,0,0,0,0,0,0,0,0,0,0,0,0,0,0,0,0,0
5007,2005133803,1808.0,1805.0,64,64302,40.3028,-79.5426,0,0,0,0,0,0,4,4,2005,6,18.0,1.0,7,1.0,3,10,3,  ,0,0.0,0,0,1,0,0,0,0,0,0,0,0,0,0,0,0,0,0
5008,2005133814,1215.0,1212.0,64,64302,40.3034,-79.5379,0,0,0,0,0,0,1,4,2005,6,12.0,1.0,0,1.0,3,1,3,  ,2,3.0,0,0,0,0,0,0,0,0,0,0,0,0,0,0,0,1,0
5009,2005133839,1150.0,1149.0,9,9202,,,0,0,0,0,0,1,4,6,2005,2,11.0,1.0,7,1.0,3,0,3,  ,0,0.0,0,0,1,0,0,0,0,0,0,0,0,0,0,0,0,1,0
5010,2005133905,1806.0,1802.0,2,2403,40.3908,-79.9702,0,0,0,0,0,1,4,7,2005,5,18.0,1.0,0,1.0,3,1,3,  ,0,0.0,0,0,1,0,0,0,0,0,0,0,0,0,0,0,0,0,0
5011,2005133909,2013.0,2011.0,40,40102,41.1728,-76.0372,0,1,0,0,0,1,5,7,2005,4,20.0,1.0,0,1.0,1,0,3,  ,0,0.0,0,0,0,0,0,0,0,0,0,0,0,0,0,0,0,0,0
5012,2005133956,1815.0,1812.0,66,66212,40.0019,-76.6167,0,0,0,0,0,0,6,7,2005,1,18.0,1.0,0,1.0,1,1,3,  ,2,3.0,1,0,0,0,0,0,0,0,0,0,0,0,0,0,0,0,1
5013,2005133981,1747.0,1747.0,22,22101,,,0,0,0,0,0,0,2,6,2005,6,17.0,1.0,0,1.0,3,0,3,  ,0,0.0,1,0,0,0,0,0,0,0,0,0,0,0,0,0,0,0,0
5014,2005134026,2006.0,2004.0,25,25302,,,0,0,0,0,0,0,4,5,2005,2,17.0,1.0,0,1.0,3,0,3,  ,0,0.0,0,0,1,0,0,0,0,0,0,0,0,0,0,0,0,0,0
5015,2005134089,1751.0,1751.0,2,2301,,,0,0,0,0,0,0,6,5,2005,6,17.0,1.0,0,1.0,3,2,3,  ,0,0.0,0,0,0,0,0,0,0,0,0,0,0,0,0,0,0,0,0
5016,2005134128,1513.0,1508.0,2,2301,40.4535,-80.0508,0,0,0,0,0,0,4,4,2005,6,15.0,1.0,0,1.0,3,2,3,  ,3,3.0,0,0,1,0,0,0,0,0,0,0,0,0,0,0,0,0,0
5017,2005134240,1729.0,1708.0,22,22216,40.5335,-76.9635,0,0,0,0,0,0,4,5,2005,3,17.0,1.0,0,1.0,1,1,3,  ,0,0.0,0,0,1,0,0,0,0,0,0,0,0,0,0,0,0,0,0
5018,2005134256,1834.0,1802.0,26,26416,40.0333,-79.662,0,0,0,0,0,0,4,4,2005,7,18.0,4.0,0,9.0,1,0,7,  ,0,0.0,0,0,1,0,0,0,0,0,0,0,0,0,0,0,0,0,0
5019,2005134315,1650.0,1647.0,23,23202,39.8725,-75.5445,0,0,0,0,0,0,4,5,2005,6,16.0,1.0,0,1.0,1,1,3,  ,0,0.0,0,0,1,0,0,0,0,0,0,0,0,0,0,0,0,0,0
5020,2005134342,1741.0,1735.0,22,22208,40.3348,-76.7912,0,0,0,0,0,0,4,5,2005,5,17.0,1.0,0,1.0,3,2,3,  ,3,3.0,0,0,1,0,0,0,0,0,0,0,0,0,0,0,0,0,0
5021,2005134380,1451.0,1440.0,39,39301,40.6007,-75.5168,0,0,0,0,0,0,5,5,2005,4,14.0,1.0,0,1.0,3,1,3,  ,2,3.0,1,0,0,0,0,0,0,0,0,0,0,0,0,0,0,1,0
5022,2005134406,1700.0,1656.0,2,2113,40.5026,-79.8408,0,0,0,0,0,0,4,5,2005,6,16.0,1.0,0,1.0,3,2,3,  ,0,0.0,0,0,1,0,0,0,0,0,0,0,0,0,0,0,0,0,0
5023,2005134458,1940.0,1940.0,67,67301,39.9885,-75.1064,0,0,0,0,0,0,8,4,2005,4,19.0,3.0,0,1.0,3,1,3,  ,2,3.0,0,0,0,0,0,0,0,0,0,0,0,0,0,0,0,1,0
5024,2005134494,50.0,9999.0,67,67301,40.0353,-75.0252,0,0,0,0,0,0,4,4,2005,3,0.0,3.0,0,1.0,3,1,3,  ,2,3.0,0,0,1,0,0,0,0,0,0,0,0,0,0,0,0,0,0
5025,2005134512,1236.0,1235.0,67,67301,39.9169,-75.1713,0,0,0,0,0,0,5,5,2005,2,12.0,1.0,0,1.0,3,0,3,  ,0,0.0,0,0,0,0,0,0,0,0,0,0,0,0,0,0,0,0,0
5026,2005134515,1443.0,1438.0,67,67301,,,0,0,0,0,0,0,4,5,2005,3,14.0,1.0,99,1.0,3,0,3,  ,0,0.0,0,0,1,0,0,0,0,0,0,0,0,0,0,0,0,0,0
5027,2005134517,2037.0,2035.0,67,67301,39.9415,-75.1638,0,0,0,0,0,0,9,5,2005,3,20.0,3.0,0,1.0,3,1,3,  ,3,3.0,0,0,0,0,0,0,0,0,0,0,0,0,0,0,0,0,0
5028,2005134557,1644.0,1640.0,48,48416,40.7596,-75.5943,0,0,0,0,0,0,2,4,2005,2,16.0,1.0,0,1.0,1,0,3,  ,0,0.0,1,0,0,0,0,0,0,0,0,0,0,0,0,0,0,0,0
5029,2005134559,1630.0,1624.0,39,39402,40.6476,-75.4675,0,0,0,0,0,0,4,5,2005,6,16.0,1.0,0,1.0,3,0,3,  ,0,0.0,0,0,1,0,0,0,0,0,0,0,0,0,0,0,0,0,0
5030,2005134757,2017.0,1957.0,38,38301,40.341,-76.4294,0,0,0,0,0,0,2,6,2005,5,19.0,1.0,0,1.0,2,0,3,  ,0,0.0,0,0,0,0,0,0,0,0,0,0,0,0,0,0,0,0,0
5031,2005134761,2038.0,2035.0,38,38301,40.3448,-76.4207,0,0,0,0,0,0,4,5,2005,4,20.0,3.0,0,1.0,2,1,3,  ,0,0.0,0,0,1,0,0,0,0,0,0,0,0,0,0,0,0,0,1
5032,2005134777,1716.0,1705.0,37,37210,,,0,0,0,0,0,0,4,5,2005,6,17.0,1.0,0,1.0,1,0,3,  ,0,0.0,0,0,1,0,0,0,0,0,0,0,0,0,0,0,0,0,0
5033,2005134843,1820.0,1807.0,7,7301,,,0,0,0,0,0,0,4,5,2005,5,18.0,1.0,0,1.0,3,1,3,  ,3,3.0,0,0,1,0,0,0,0,0,0,0,0,0,0,0,0,0,0
5034,2005134854,1606.0,1600.0,7,7301,40.4998,-78.4061,0,0,0,0,0,0,4,5,2005,3,15.0,1.0,0,1.0,3,1,3,  ,3,3.0,1,0,1,0,0,0,0,0,0,0,0,0,0,0,0,0,0
5035,2005134904,1653.0,1653.0,37,37301,40.9967,-80.355,0,0,0,0,1,0,4,6,2005,3,16.0,1.0,0,1.0,2,2,3,  ,3,3.0,0,0,1,0,0,0,0,0,0,0,0,0,0,0,0,1,0
5036,2005134925,854.0,854.0,25,25213,,,0,0,0,0,0,0,4,5,2005,1,8.0,1.0,0,1.0,3,0,3,  ,0,0.0,1,0,1,0,0,0,0,0,0,0,0,0,0,0,0,0,0
5037,2005134944,2209.0,2148.0,67,67301,39.9352,-75.2264,0,0,0,0,0,0,4,5,2005,1,21.0,1.0,0,1.0,3,1,3,  ,3,3.0,0,0,1,0,0,0,0,0,0,0,0,0,0,0,0,0,0
5038,2005134999,1830.0,1825.0,67,67301,39.9194,-75.2282,0,0,0,0,0,0,4,4,2005,3,18.0,1.0,0,1.0,3,2,3,  ,3,3.0,0,0,1,0,0,1,0,0,0,0,0,0,0,0,0,0,0
5039,2005135094,1609.0,1609.0,67,67301,40.0171,-75.1512,0,0,0,0,0,0,2,4,2005,3,16.0,1.0,0,1.0,3,1,3,  ,2,3.0,0,0,0,0,0,0,0,0,0,0,0,0,0,0,0,0,0
5040,2005135097,1920.0,1900.0,67,67301,40.0469,-75.1616,0,0,0,0,0,0,4,5,2005,1,99.0,1.0,0,1.0,3,2,3,  ,3,3.0,0,0,1,0,0,1,0,0,0,0,0,0,0,0,0,0,0
5041,2005135138,1627.0,1620.0,67,67301,39.9538,-75.1751,0,0,0,0,0,0,6,4,2005,5,16.0,1.0,0,1.0,3,1,3,  ,2,3.0,0,0,0,0,0,1,0,0,0,0,0,0,0,0,0,0,0
5042,2005135216,1801.0,1800.0,67,67301,39.9714,-75.1594,0,0,0,0,0,0,5,4,2005,4,12.0,1.0,0,1.0,3,1,3,  ,2,9.0,0,0,0,0,0,0,0,0,0,0,0,0,0,0,0,0,0
5043,2005135225,2159.0,2154.0,67,67301,,,0,0,0,0,0,1,1,4,2005,4,21.0,3.0,0,1.0,3,0,3,  ,0,0.0,1,0,0,0,0,0,0,0,0,0,0,0,0,0,0,0,0
5044,2005135348,1759.0,1758.0,67,67301,,,0,0,0,0,0,0,4,5,2005,3,17.0,1.0,0,1.0,3,1,3,  ,2,3.0,0,0,1,0,0,0,0,0,0,0,0,0,0,0,0,0,1
5045,2005135364,1811.0,1807.0,67,67301,,,0,0,0,0,0,0,4,4,2005,6,18.0,1.0,0,1.0,3,1,3,  ,2,3.0,0,0,1,0,0,0,0,0,0,0,0,0,0,0,0,0,0
5046,2005135512,1708.0,1705.0,46,46215,40.2136,-75.4087,0,0,0,0,1,0,4,4,2005,5,17.0,1.0,0,1.0,1,2,3,  ,0,0.0,1,0,1,0,0,0,0,0,0,0,0,0,0,0,0,0,0
5047,2005135590,1556.0,1553.0,48,48407,,,0,0,0,0,0,0,4,3,2005,5,15.0,1.0,0,1.0,3,1,3,  ,3,3.0,0,0,1,0,0,0,0,0,0,0,0,0,0,0,0,0,0
5048,2005135644,1555.0,1553.0,9,9101,40.131,-74.8361,0,0,0,0,0,0,1,6,2005,3,15.0,1.0,0,2.0,3,0,3,  ,0,0.0,1,0,0,0,0,0,0,0,0,0,0,0,0,0,0,0,0
5049,2005135683,1840.0,1828.0,35,35302,41.4104,-75.6644,0,0,0,0,0,0,4,4,2005,5,17.0,1.0,99,1.0,3,1,3,  ,0,0.0,1,0,1,0,0,0,0,0,0,0,0,0,0,0,0,0,0
5050,2005135944,1910.0,1905.0,25,25302,42.1218,-80.0581,0,0,0,0,1,0,4,5,2005,7,19.0,1.0,0,1.0,3,1,3,  ,3,9.0,0,0,1,0,0,0,0,0,0,0,0,0,0,0,0,0,0
5051,2005135950,1447.0,1439.0,39,39301,,,0,0,0,0,0,0,4,6,2005,1,14.0,1.0,0,1.0,3,0,3,  ,0,0.0,0,0,1,0,0,0,0,0,0,0,0,0,0,0,0,0,0
5052,2005135970,1200.0,1155.0,39,39301,40.5905,-75.4557,0,0,0,0,0,0,4,5,2005,1,11.0,1.0,0,1.0,3,1,3,  ,3,3.0,0,0,1,0,0,0,0,0,0,0,0,0,0,0,0,0,0
5053,2005136013,1615.0,1613.0,39,39301,,,0,0,0,0,0,0,4,5,2005,1,16.0,1.0,0,1.0,3,1,3,  ,3,3.0,0,0,1,0,0,0,0,0,0,0,0,0,0,0,0,0,0
5054,2005136032,2041.0,2037.0,39,39301,,,0,0,0,0,0,0,1,5,2005,3,20.0,4.0,0,1.0,3,0,3,  ,0,0.0,0,0,0,0,0,0,0,0,0,0,0,0,0,0,0,0,0
5055,2005136117,1438.0,1430.0,66,66301,39.9548,-76.7394,0,0,0,0,0,0,4,4,2005,7,14.0,1.0,0,1.0,3,1,3,  ,3,3.0,0,0,1,0,0,0,0,0,0,0,0,0,0,0,0,0,0
5056,2005136204,1339.0,1338.0,25,25302,,,0,0,0,0,0,0,4,5,2005,1,13.0,1.0,99,1.0,3,1,3,  ,3,9.0,0,0,1,0,0,0,0,0,0,0,0,0,0,0,0,0,0
5057,2005136285,2001.0,1958.0,46,46416,40.2476,-75.6415,0,0,0,0,0,0,4,5,2005,2,19.0,4.0,0,1.0,2,1,3,  ,0,0.0,0,0,1,0,0,0,0,0,0,0,0,0,0,0,0,0,0
5058,2005136318,1302.0,1300.0,67,67301,39.9607,-75.142,0,0,0,0,0,0,8,4,2005,4,12.0,1.0,0,1.0,3,0,3,  ,0,0.0,0,0,0,0,0,0,0,0,0,0,0,0,0,0,0,0,0
5059,2005136343,1225.0,1220.0,67,67301,39.9953,-75.1172,0,0,0,0,0,0,6,5,2005,6,12.0,1.0,0,9.0,3,2,7,  ,0,0.0,0,0,0,0,0,0,0,0,0,0,0,0,0,0,0,0,0
5060,2005136485,1718.0,1718.0,49,49411,,,0,0,0,0,0,0,4,5,2005,1,17.0,1.0,0,1.0,1,1,3,  ,3,3.0,0,0,1,0,0,0,0,0,0,0,0,0,0,0,0,0,0
5061,2005136621,1607.0,1607.0,6,6301,40.3559,-75.9083,0,1,0,0,0,1,2,4,2005,6,16.0,1.0,0,1.0,3,1,3,  ,3,3.0,0,0,0,0,0,0,0,0,0,0,0,0,0,0,0,0,0
5062,2005136766,822.0,822.0,39,39301,40.5817,-75.4609,0,0,0,0,0,0,1,5,2005,5,7.0,1.0,0,1.0,3,0,3,  ,0,0.0,0,0,0,0,0,0,0,0,0,0,0,0,0,0,0,0,0
5063,2005136863,1231.0,1231.0,46,46408,40.1825,-75.0972,0,0,0,0,0,0,5,4,2005,6,99.0,1.0,0,1.0,3,2,3,  ,3,3.0,0,0,0,0,0,0,0,0,0,0,0,0,0,0,0,1,0
5064,2005136872,1625.0,1620.0,36,36408,40.2001,-76.1643,0,0,0,0,0,0,5,6,2005,4,16.0,1.0,0,1.0,2,0,3,  ,2,3.0,0,0,0,0,0,0,0,0,0,0,0,0,0,0,0,0,0
5065,2005136891,2241.0,2227.0,36,36408,40.1761,-76.1741,0,1,0,0,0,0,0,5,2005,5,22.0,3.0,0,1.0,2,2,3,  ,2,3.0,0,1,0,0,0,0,0,0,0,0,0,0,0,0,0,0,0
5066,2005136952,1256.0,1256.0,67,67301,,,0,0,0,0,0,0,8,5,2005,1,12.0,1.0,0,1.0,3,0,3,  ,0,0.0,0,0,0,0,0,0,0,0,0,0,0,0,0,0,0,0,0
5067,2005137010,1841.0,1839.0,46,46414,40.2089,-75.2769,0,0,0,0,0,0,4,4,2005,7,18.0,1.0,0,1.0,3,1,3,  ,3,2.0,0,0,1,0,0,0,0,0,0,0,0,0,0,0,0,1,0
5068,2005137046,1743.0,1743.0,64,64302,,,0,0,0,0,0,0,4,5,2005,3,17.0,1.0,0,9.0,3,1,7,  ,3,3.0,0,0,1,0,0,0,0,0,0,0,0,0,0,0,0,0,0
5069,2005137051,1947.0,1945.0,2,2301,40.4532,-79.8911,0,0,0,0,0,0,4,4,2005,3,19.0,1.0,0,1.0,3,1,3,  ,2,2.0,0,0,1,0,0,0,0,0,1,0,0,0,0,0,0,0,0
5070,2005137070,1803.0,1758.0,2,2108,,,0,1,0,0,0,0,0,5,2005,4,17.0,1.0,0,1.0,3,0,3,  ,0,0.0,0,0,0,0,0,0,0,0,0,0,0,0,0,0,0,0,0
5071,2005137084,1754.0,1744.0,67,67301,39.9918,-75.1954,0,0,0,0,0,0,4,4,2005,3,17.0,1.0,7,1.0,3,0,3,  ,0,0.0,0,0,1,0,0,0,0,0,0,0,0,0,0,0,0,0,0
5072,2005137131,2112.0,2110.0,67,67301,39.9254,-75.1445,0,0,0,0,0,0,2,4,2005,4,21.0,3.0,0,1.0,3,0,99,  ,3,3.0,0,0,0,0,0,1,0,0,0,0,0,0,0,0,0,0,0
5073,2005137135,1908.0,1906.0,67,67301,39.9498,-75.1759,0,0,0,0,0,0,5,5,2005,7,19.0,1.0,0,1.0,3,0,3,  ,2,3.0,0,0,0,0,0,0,0,0,0,0,0,0,0,0,0,0,0
5074,2005137145,909.0,905.0,67,67301,,,0,0,0,0,0,0,4,4,2005,5,9.0,1.0,0,9.0,3,1,3,  ,3,3.0,0,0,1,0,0,0,0,0,0,0,0,0,0,0,0,0,0
5075,2005137241,1140.0,1131.0,62,62222,40.3033,-80.0971,0,0,0,0,0,1,5,5,2005,1,11.0,1.0,0,1.0,3,0,3,  ,0,0.0,1,0,0,0,0,0,0,0,0,0,0,0,0,0,0,1,0
5076,2005137281,1347.0,1345.0,2,2112,40.5001,-79.9244,0,0,0,0,0,0,4,5,2005,2,13.0,1.0,0,1.0,3,0,3,  ,0,0.0,0,0,1,0,0,0,0,0,0,0,0,0,0,0,0,0,0
5077,2005137370,2023.0,2020.0,2,2301,40.4434,-80.04,0,0,0,0,0,0,4,6,2005,5,20.0,1.0,0,1.0,3,2,3,  ,3,3.0,0,0,1,0,0,0,0,0,0,0,0,0,0,0,0,0,0
5078,2005137388,1722.0,1709.0,2,2301,40.455,-79.8904,0,0,0,0,1,0,4,6,2005,4,17.0,1.0,0,1.0,3,1,3,  ,2,9.0,0,0,1,0,0,0,0,0,0,0,0,0,0,0,0,0,0
5079,2005137389,1624.0,1622.0,2,2301,40.461,-79.9295,0,0,0,0,0,0,6,6,2005,5,16.0,1.0,0,9.0,3,2,98,  ,3,3.0,0,0,0,0,0,0,0,0,0,0,0,0,0,0,0,0,0
5080,2005137454,930.0,922.0,2,2301,40.4654,-79.9567,0,0,0,0,0,0,4,5,2005,5,9.0,1.0,0,1.0,3,1,3,  ,3,3.0,1,0,1,0,0,0,0,0,0,0,0,0,0,0,0,0,0
5081,2005137458,746.0,745.0,2,2301,,,0,0,0,0,0,0,5,6,2005,6,7.0,1.0,0,1.0,3,2,3,  ,2,3.0,0,0,0,0,0,0,0,0,0,0,0,0,0,0,0,0,0
5082,2005137491,1100.0,1058.0,15,15236,40.0556,-75.4527,0,0,0,0,0,0,4,5,2005,7,10.0,1.0,0,1.0,1,0,3,  ,0,0.0,1,0,1,0,0,0,0,0,0,0,0,0,0,0,0,0,1
5083,2005137547,2148.0,2125.0,28,28205,39.9277,-77.7337,0,0,0,0,1,0,4,5,2005,6,21.0,2.0,0,1.0,2,0,3,  ,0,0.0,0,1,1,0,0,0,0,0,0,0,0,0,0,0,0,1,0
5084,2005137744,1556.0,1550.0,11,11422,,,0,0,0,0,0,0,4,6,2005,5,15.0,1.0,7,1.0,1,10,3,  ,0,0.0,0,0,1,0,0,0,0,0,0,0,0,0,0,0,0,0,0
5085,2005137762,1023.0,1023.0,23,23111,39.9234,-75.2998,0,1,0,0,0,0,4,5,2005,4,10.0,1.0,0,1.0,3,2,3,  ,2,3.0,0,0,1,0,0,0,0,0,0,0,0,0,0,0,0,0,1
5086,2005137763,1752.0,1750.0,23,23111,39.9495,-75.2558,0,0,0,0,0,0,4,5,2005,2,17.0,1.0,0,1.0,3,0,3,  ,0,0.0,0,0,1,0,0,0,0,0,0,0,0,0,0,0,0,0,0
5087,2005137764,2005.0,2005.0,23,23111,39.9472,-75.2981,0,0,0,0,0,0,4,5,2005,7,20.0,1.0,0,1.0,3,1,3,  ,3,3.0,0,0,1,0,0,0,0,0,0,0,0,0,0,0,0,0,0
5088,2005137767,2008.0,2008.0,23,23111,39.9259,-75.2793,0,0,0,0,0,0,4,5,2005,6,20.0,4.0,0,1.0,3,2,3,  ,0,0.0,0,0,1,0,0,0,0,0,0,0,0,0,0,0,0,0,0
5089,2005137854,1926.0,1923.0,22,22102,40.2301,-76.8216,0,0,0,0,0,0,4,5,2005,5,19.0,1.0,0,1.0,3,2,3,  ,0,0.0,0,0,1,0,0,0,0,0,0,0,0,0,0,0,0,1,0
5090,2005138007,2221.0,2218.0,25,25213,42.077,-80.1999,0,0,0,0,0,0,5,5,2005,6,22.0,2.0,0,9.0,3,0,7,  ,0,0.0,1,0,0,0,0,0,0,0,0,0,0,0,0,0,0,0,0
5091,2005138099,1858.0,1826.0,1,1212,39.9934,-77.0851,0,0,0,0,1,0,4,5,2005,3,16.0,1.0,0,1.0,1,0,3,  ,0,0.0,0,0,1,0,0,0,0,0,0,0,0,0,0,0,0,0,0
5092,2005138185,2158.0,2147.0,22,22208,40.297,-76.8286,0,0,0,0,0,0,2,5,2005,5,21.0,2.0,0,1.0,3,1,3,  ,0,0.0,0,0,0,0,0,0,0,0,0,0,0,0,0,0,0,0,0
5093,2005138222,1359.0,1357.0,37,37205,41.065,-80.36,0,0,0,0,0,0,4,5,2005,5,13.0,1.0,0,1.0,1,1,3,  ,2,3.0,1,0,1,0,0,0,0,0,0,0,0,0,0,0,0,1,0
5094,2005138278,1317.0,1315.0,40,40304,,,0,0,0,0,1,0,5,5,2005,3,13.0,1.0,0,1.0,3,0,3,  ,0,0.0,0,0,0,0,0,0,0,0,0,0,0,0,0,0,0,0,0
5095,2005138348,1303.0,1257.0,46,46217,40.3242,-75.4823,0,0,0,0,0,0,5,5,2005,1,12.0,1.0,0,1.0,1,0,3,  ,0,0.0,1,0,0,0,0,0,0,0,0,0,0,0,0,0,0,1,0
5096,2005138359,101.0,2348.0,21,21213,,,0,0,0,0,1,0,1,3,2005,4,23.0,2.0,0,1.0,1,0,3,  ,0,0.0,1,0,0,0,0,0,0,0,0,0,0,0,0,0,1,0,0
5097,2005138405,1330.0,1325.0,6,6301,,,0,0,0,0,0,1,4,5,2005,2,13.0,1.0,0,1.0,3,2,3,  ,0,0.0,1,0,1,0,0,0,0,0,0,0,1,0,0,1,0,0,0
5098,2005138424,1157.0,1152.0,6,6415,,,0,0,0,0,0,0,5,5,2005,7,11.0,1.0,0,1.0,3,0,3,  ,0,0.0,0,0,0,0,0,1,0,0,0,0,0,0,0,0,0,1,0
5099,2005138442,1719.0,1710.0,9,9101,40.1392,-74.8774,0,0,0,0,0,0,4,5,2005,7,17.0,1.0,0,9.0,3,2,7,  ,3,3.0,1,0,1,0,0,0,0,0,0,0,1,0,1,0,0,0,0
5100,2005138470,1632.0,1631.0,23,23111,39.9504,-75.2576,0,0,0,0,0,0,2,5,2005,2,16.0,1.0,0,1.0,3,0,3,  ,0,0.0,0,0,0,0,0,0,0,0,0,0,0,0,0,0,0,0,0
5101,2005138782,1635.0,1630.0,6,6411,40.3906,-75.9095,0,0,1,0,0,0,8,6,2005,4,16.0,1.0,0,1.0,3,1,3,  ,0,0.0,0,0,0,0,1,0,0,0,0,0,0,0,0,0,0,0,0
5102,2005138806,1039.0,1033.0,66,66301,39.9608,-76.7172,0,0,0,0,0,0,1,3,2005,4,10.0,1.0,0,1.0,3,3,3,  ,0,0.0,1,0,0,0,0,0,0,0,0,0,0,0,0,0,0,1,0
5103,2005138807,1548.0,1546.0,66,66301,,,0,0,0,0,0,1,4,3,2005,4,15.0,1.0,7,1.0,3,0,3,  ,0,0.0,1,0,1,0,0,0,0,0,0,0,0,0,0,0,0,0,0
5104,2005138956,1515.0,1513.0,13,13407,,,0,0,0,0,0,0,4,5,2005,1,15.0,1.0,0,1.0,2,1,3,  ,0,0.0,0,0,1,0,0,0,0,0,0,0,0,0,0,0,0,0,0
5105,2005139052,1739.0,1737.0,4,4409,40.6989,-80.2734,0,0,0,0,0,0,4,5,2005,2,17.0,1.0,0,1.0,1,3,3,  ,0,0.0,0,0,1,0,0,0,0,0,0,0,0,0,0,0,0,0,0
5106,2005139068,841.0,839.0,46,46104,40.0251,-75.2292,0,0,0,0,0,0,6,6,2005,1,8.0,1.0,8,1.0,3,7,3,  ,2,3.0,1,0,0,0,0,0,0,0,0,0,0,1,0,0,0,0,0
5107,2005139098,1746.0,1741.0,67,67301,39.9675,-75.202,0,0,0,0,0,0,6,5,2005,1,17.0,1.0,0,1.0,3,1,3,  ,3,9.0,0,0,0,0,0,0,0,0,0,0,0,0,0,0,0,0,0
5108,2005139122,1700.0,1651.0,67,67301,,,0,0,0,0,0,0,4,4,2005,3,16.0,1.0,0,1.0,3,1,3,  ,3,9.0,0,0,1,0,0,0,0,0,0,0,0,0,0,0,0,0,0
5109,2005139131,1715.0,1710.0,67,67301,40.0375,-75.1584,0,0,0,0,0,0,5,4,2005,4,17.0,1.0,0,1.0,3,2,3,  ,3,3.0,0,0,0,0,0,1,0,0,0,0,0,0,0,0,0,0,0
5110,2005139143,1850.0,1842.0,21,21219,,,0,0,0,0,0,1,4,4,2005,3,18.0,1.0,0,1.0,1,0,3,  ,0,0.0,1,0,1,0,0,0,0,0,0,0,0,0,0,1,0,0,0
5111,2005139200,1646.0,1643.0,46,46104,40.0006,-75.2892,0,0,0,0,0,0,4,6,2005,6,16.0,1.0,7,1.0,3,0,3,  ,0,0.0,0,0,1,0,0,0,0,0,0,0,0,0,0,0,0,1,0
5112,2005139226,325.0,315.0,25,25302,,,0,0,0,0,0,0,4,5,2005,7,3.0,3.0,8,1.0,3,1,3,  ,3,9.0,0,1,1,0,0,0,0,0,0,0,0,0,0,0,0,0,0
5113,2005139495,1950.0,1947.0,6,6301,,,0,0,0,0,0,0,4,5,2005,7,19.0,1.0,0,1.0,3,1,3,  ,2,3.0,0,0,1,0,0,0,0,0,0,0,0,0,0,0,0,0,0
5114,2005139561,1722.0,1707.0,55,55404,,,0,0,0,0,0,1,4,5,2005,4,17.0,1.0,0,1.0,1,0,3,  ,0,0.0,0,0,1,0,0,1,0,0,0,0,0,0,0,0,0,0,0
5115,2005139595,1426.0,1425.0,39,39301,40.6045,-75.4447,0,0,0,0,0,0,2,6,2005,4,14.0,1.0,0,1.0,3,1,3,  ,0,0.0,0,0,0,0,0,0,0,0,0,0,0,0,0,0,0,0,0
5116,2005139657,2249.0,2247.0,35,35302,41.4152,-75.6625,0,0,0,0,0,0,8,6,2005,3,22.0,2.0,0,1.0,3,2,3,  ,0,0.0,1,0,0,0,0,0,0,0,0,0,0,0,0,0,0,0,1
5117,2005139658,1820.0,1820.0,35,35302,,,0,0,0,0,0,0,4,6,2005,1,18.0,1.0,0,1.0,3,1,3,  ,2,3.0,0,1,1,0,0,0,0,0,0,0,0,0,0,0,0,0,0
5118,2005139690,1627.0,1625.0,14,14401,40.9117,-77.7796,0,0,0,0,0,0,4,4,2005,2,16.0,1.0,0,1.0,2,1,3,  ,2,3.0,0,0,1,0,0,0,0,0,0,0,0,0,0,0,0,0,0