,CRN,ARRIVAL_TM,DISPATCH_TM,COUNTY,MUNICIPALITY,DEC_LAT,DEC_LONG,BICYCLE_DEATH_COUNT,BICYCLE_SUSP_SERIOUS_INJ_COUNT,BUS_COUNT,HEAVY_TRUCK_COUNT,SMALL_TRUCK_COUNT,SUV_COUNT,COLLISION_TYPE,CRASH_MONTH,CRASH_YEAR,DAY_OF_WEEK,HOUR_OF_DAY,ILLUMINATION,LOCATION_TYPE,ROAD_CONDITION,URBAN_RURAL,INTERSECT_TYPE,WEATHER1,WEATHER2,TCD_TYPE,TCD_FUNC_CD,AGGRESSIVE_DRIVING,ALCOHOL_RELATED,ANGLE_CRASH,CELL_PHONE,COMM_VEHICLE,DISTRACTED,DRINKING_DRIVER,DRUGGED_DRIVER,FATIGUE_ASLEEP,IMPAIRED_DRIVER,NHTSA_AGG_DRIVING,RUNNING_RED_LT,RUNNING_STOP_SIGN,SPEEDING_RELATED,TAILGATING,MATURE_DRIVER,YOUNG_DRIVER
5119,2005139731,2300.0,2300.0,67,67301,40.0238,-75.1546,0,0,0,0,0,0,4,5,2005,5,99.0,3.0,0,1.0,3,1,3,  ,3,3.0,1,0,1,0,0,0,0,0,0,0,1,0,0,0,0,0,0
5120,2005139823,1240.0,1235.0,67,67301,39.9773,-75.1984,0,0,0,0,0,0,4,4,2005,5,12.0,1.0,99,1.0,3,0,3,  ,3,2.0,0,0,1,0,0,0,0,0,0,0,0,0,0,0,0,0,0
5121,2005139835,1417.0,1415.0,67,67301,,,0,0,0,0,0,1,8,5,2005,5,14.0,1.0,0,1.0,3,1,3,  ,3,9.0,0,0,0,0,0,0,0,0,0,0,0,0,0,0,0,0,0
5122,2005139839,1520.0,1517.0,67,67301,39.9613,-75.175,0,0,0,0,0,0,2,5,2005,7,14.0,1.0,0,1.0,3,1,3,  ,0,0.0,0,0,0,0,0,1,0,0,0,0,0,0,0,0,0,0,0
5123,2005139848,755.0,753.0,67,67301,39.9797,-75.1656,0,0,0,0,0,0,4,5,2005,4,7.0,1.0,0,1.0,3,0,3,  ,0,0.0,0,0,1,0,0,1,0,0,0,0,0,0,0,0,0,0,0
5124,2005139897,1129.0,1126.0,36,36223,40.0217,-76.3599,0,0,0,0,0,1,2,6,2005,5,10.0,1.0,0,1.0,1,0,3,  ,0,0.0,0,0,0,0,0,0,0,0,0,0,0,0,0,0,0,0,1
5125,2005139899,1103.0,1058.0,9,9211,40.2463,-74.8702,0,0,0,0,0,0,4,6,2005,3,10.0,1.0,0,1.0,3,2,3,  ,3,3.0,1,0,1,0,0,0,0,0,0,0,0,0,1,0,0,1,0
5126,2005140270,1820.0,1819.0,23,23210,39.9364,-75.3921,0,0,0,0,0,0,8,3,2005,3,18.0,1.0,0,1.0,3,6,3,  ,0,0.0,1,0,0,0,0,0,0,0,0,0,0,0,0,0,0,1,0
5127,2005140513,1615.0,1615.0,67,67301,,,0,0,0,0,0,0,4,4,2005,3,16.0,1.0,0,1.0,3,1,3,  ,3,3.0,0,0,1,0,0,1,0,0,0,0,0,0,0,0,0,0,0
5128,2005140687,1901.0,1851.0,66,66208,,,0,0,0,0,0,0,4,4,2005,2,18.0,1.0,0,1.0,1,2,3,  ,0,0.0,0,0,1,0,0,0,0,0,0,0,0,0,0,0,0,0,0
5129,2005140714,1947.0,1944.0,42,42405,41.8163,-78.2815,0,0,0,0,0,0,6,5,2005,4,19.0,1.0,0,1.0,1,1,3,  ,4,3.0,0,0,0,0,0,0,0,0,0,0,0,0,0,0,0,0,0
5130,2005141116,1731.0,1730.0,25,25404,41.8896,-80.1276,0,0,0,0,0,0,4,3,2005,4,17.0,1.0,0,1.0,2,2,3,  ,3,9.0,0,0,1,0,0,0,0,0,0,0,0,0,0,0,0,1,0
5131,2005141187,703.0,700.0,9,9226,40.1972,-75.115,1,0,0,0,0,0,4,2,2005,5,6.0,1.0,0,1.0,3,2,3,  ,3,9.0,0,0,1,0,0,0,0,0,0,0,0,0,0,0,0,0,0
5132,2005141231,1545.0,1538.0,41,41301,41.2456,-77.012,0,0,0,0,0,0,6,4,2005,5,15.0,1.0,0,1.0,3,1,3,  ,3,3.0,0,0,0,0,0,0,0,0,0,0,0,0,0,0,0,0,0
5133,2005141377,1545.0,1530.0,29,29201,39.9306,-78.0248,0,1,0,0,0,0,4,4,2005,3,15.0,1.0,7,1.0,1,0,3,  ,0,0.0,1,0,1,0,0,0,0,0,0,0,0,0,0,0,0,0,0
5134,2005141450,1358.0,1355.0,6,6301,40.3359,-75.9511,0,0,0,0,0,0,4,5,2005,4,13.0,1.0,0,1.0,3,10,3,  ,0,0.0,0,0,1,0,0,0,0,0,0,0,0,0,0,0,0,0,1
5135,2005141476,1649.0,1646.0,6,6301,40.3449,-75.9149,0,0,0,0,0,0,4,5,2005,5,16.0,1.0,0,1.0,3,0,3,  ,0,0.0,0,0,1,0,0,0,0,0,0,0,0,0,0,0,0,0,0
5136,2005141478,1704.0,1701.0,6,6301,,,0,0,0,0,0,0,4,5,2005,1,17.0,1.0,0,1.0,3,0,3,  ,0,0.0,1,0,1,0,0,0,0,0,0,0,0,0,0,1,0,0,0
5137,2005141576,939.0,935.0,38,38212,40.3315,-76.4138,0,0,0,0,0,0,4,7,2005,3,9.0,1.0,0,1.0,1,1,3,  ,3,3.0,0,0,1,0,0,0,0,0,0,0,0,0,0,0,0,0,0
5138,2005141629,1442.0,1433.0,13,13408,,,0,1,0,0,1,0,4,4,2005,2,14.0,1.0,0,1.0,1,2,3,  ,3,3.0,0,0,1,0,0,0,0,0,0,0,0,0,0,0,0,0,0
5139,2005141632,1649.0,1618.0,5,5402,40.1675,-78.2153,0,0,0,0,0,0,4,4,2005,2,16.0,1.0,0,1.0,1,2,3,  ,3,3.0,0,0,1,0,0,0,0,0,0,0,0,0,0,0,0,0,0
5140,2005141958,1915.0,1913.0,39,39301,40.6162,-75.4735,0,0,0,0,0,0,4,6,2005,5,19.0,1.0,0,1.0,3,1,3,  ,0,0.0,0,0,1,0,0,0,0,0,0,0,0,0,0,0,0,0,0
5141,2005142047,9999.0,1703.0,46,46101,40.127,-75.1186,0,0,0,0,0,0,4,5,2005,3,17.0,1.0,7,1.0,3,0,3,  ,0,0.0,0,0,1,0,0,0,0,0,0,0,0,0,0,0,0,0,0
5142,2005142125,1403.0,1358.0,25,25302,,,0,0,0,0,0,0,4,4,2005,5,13.0,1.0,0,1.0,3,1,3,  ,3,9.0,1,0,1,0,0,0,0,0,0,0,0,0,0,0,0,0,1
5143,2005142146,1710.0,1707.0,11,11432,,,0,0,0,0,0,0,1,5,2005,7,17.0,1.0,0,1.0,3,1,3,  ,0,0.0,0,0,0,0,0,0,0,0,0,0,0,0,0,0,0,0,0
5144,2005142242,1354.0,1352.0,67,67301,,,0,0,0,0,0,0,4,3,2005,7,13.0,1.0,0,1.0,3,1,3,  ,2,3.0,0,0,1,0,0,0,0,0,0,0,0,0,0,0,0,0,1
5145,2005142328,1303.0,1301.0,2,2301,40.4621,-80.0183,0,0,0,0,0,0,4,6,2005,3,12.0,1.0,0,1.0,3,1,3,  ,3,3.0,0,0,1,0,0,0,0,0,0,0,0,0,0,0,0,0,0
5146,2005142560,1431.0,1428.0,48,48410,40.6604,-75.4715,0,1,0,0,1,0,4,4,2005,1,14.0,1.0,0,1.0,3,2,3,  ,3,3.0,0,0,1,0,0,0,0,0,0,0,0,0,0,0,0,0,0
5147,2005142644,1835.0,1830.0,67,67301,,,0,0,0,0,0,0,4,3,2005,3,18.0,3.0,0,1.0,3,1,3,  ,3,3.0,0,0,1,0,0,0,0,0,0,0,0,0,0,0,0,1,0
5148,2005142820,1244.0,1241.0,9,9214,40.4175,-75.4142,0,0,0,0,0,0,4,5,2005,3,12.0,1.0,0,1.0,1,2,3,  ,0,0.0,0,0,1,0,0,0,0,0,0,0,0,0,0,0,0,0,0
5149,2005142943,1425.0,1415.0,67,67301,,,0,0,1,0,0,0,1,3,2005,4,14.0,1.0,0,1.0,3,0,3,  ,0,0.0,0,0,0,0,1,0,0,0,0,0,0,0,0,0,0,0,0
5150,2005143060,1851.0,1850.0,46,46401,40.1611,-75.2229,0,0,0,0,0,0,4,5,2005,3,18.0,1.0,0,1.0,3,1,3,  ,3,1.0,1,0,1,0,0,0,0,0,0,0,0,0,1,0,0,0,0
5151,2005143078,1505.0,1459.0,66,66101,39.9768,-76.7161,0,0,0,0,0,0,4,5,2005,7,14.0,1.0,0,1.0,1,1,3,  ,0,0.0,0,0,1,0,0,0,0,0,0,0,0,0,0,0,0,0,0
5152,2005143425,1842.0,1834.0,9,9218,40.2387,-75.0304,0,0,0,0,1,0,1,4,2005,5,18.0,1.0,0,1.0,3,2,3,  ,3,3.0,0,0,0,0,0,0,0,0,0,0,0,0,0,0,0,0,1
5153,2005143816,708.0,700.0,2,2301,40.438,-79.9167,0,0,0,0,0,0,4,4,2005,3,7.0,1.0,0,1.0,3,0,3,  ,0,0.0,0,0,1,0,0,0,0,0,0,0,0,0,0,0,0,0,0
5154,2005143915,1855.0,1852.0,67,67301,,,0,0,0,0,0,0,5,4,2005,2,18.0,1.0,3,1.0,3,0,3,  ,0,0.0,0,0,0,0,0,0,0,0,0,0,0,0,0,0,0,0,0
5155,2005143955,1550.0,1547.0,38,38301,,,0,0,0,0,0,0,4,4,2005,7,15.0,1.0,0,1.0,2,0,3,  ,0,0.0,0,0,1,0,0,0,0,0,0,0,0,0,0,0,0,0,0
5156,2005144064,1542.0,1542.0,6,6301,40.3345,-75.9338,0,0,0,0,0,0,4,4,2005,4,15.0,1.0,0,1.0,3,2,3,  ,3,3.0,1,0,1,0,0,0,0,0,0,0,0,0,0,0,0,0,0
5157,2005144470,1755.0,1731.0,10,10405,,,0,0,0,0,0,0,8,5,2005,4,17.0,1.0,0,1.0,2,0,3,  ,0,0.0,0,0,0,0,0,0,0,0,0,0,0,0,0,0,0,0,0
5158,2005144640,1340.0,1327.0,66,66228,39.8711,-76.7425,0,0,0,0,1,0,4,4,2005,1,13.0,1.0,0,9.0,3,0,3,  ,0,0.0,0,0,1,0,0,0,0,0,0,0,0,0,0,0,0,0,0
5159,2005144666,2053.0,2023.0,39,39207,,,0,0,0,0,0,0,4,3,2005,3,16.0,1.0,0,1.0,1,0,3,  ,0,0.0,0,0,1,0,0,0,0,0,0,0,0,0,0,0,0,0,0
5160,2005144783,1855.0,1850.0,39,39301,40.6025,-75.492,0,0,0,0,1,0,4,5,2005,6,18.0,1.0,0,1.0,3,2,3,  ,0,0.0,0,0,1,0,0,0,0,0,0,0,0,0,0,0,0,0,0
5161,2005144846,1901.0,1856.0,39,39301,40.6161,-75.4428,0,0,0,0,0,1,2,5,2005,2,18.0,1.0,0,1.0,3,1,3,  ,3,3.0,0,0,0,0,0,0,0,0,0,0,0,0,0,0,0,0,0
5162,2005144929,2031.0,2031.0,2,2219,40.3306,-79.9875,0,0,0,0,0,1,7,5,2005,7,20.0,3.0,0,1.0,3,5,3,  ,2,3.0,0,0,0,0,0,1,0,0,0,0,0,0,0,0,0,1,0
5163,2005145036,1730.0,1729.0,66,66205,39.981,-76.8343,0,0,0,0,0,0,4,6,2005,4,17.0,1.0,0,1.0,1,2,3,  ,0,0.0,0,0,1,0,0,0,0,0,0,0,0,0,0,0,0,0,0
5164,2005145294,2101.0,2059.0,2,2447,40.4126,-79.9878,0,0,0,0,1,0,4,4,2005,4,20.0,3.0,0,1.0,3,1,3,  ,2,3.0,0,0,1,0,0,0,0,0,0,0,0,0,0,0,0,0,0
5165,2005145492,2215.0,2159.0,23,23207,39.9178,-75.4352,0,0,0,0,1,0,4,5,2005,6,13.0,1.0,0,1.0,3,2,3,  ,3,3.0,1,0,1,0,0,0,0,0,0,0,0,0,0,0,0,0,0
5166,2005145615,1300.0,1255.0,67,67301,40.0146,-75.1591,0,0,0,0,0,0,4,5,2005,1,12.0,1.0,0,1.0,3,2,3,  ,3,9.0,0,0,1,0,0,0,0,0,0,0,0,0,0,0,0,0,0
5167,2005145660,1728.0,1721.0,67,67301,,,0,0,0,0,0,0,4,3,2005,7,17.0,1.0,0,1.0,3,10,3,  ,3,3.0,1,0,1,0,0,0,0,0,0,0,0,0,0,0,0,0,0
5168,2005145670,841.0,839.0,67,67301,39.9353,-75.1546,0,0,0,0,0,0,1,5,2005,5,8.0,1.0,0,1.0,3,0,3,  ,0,0.0,0,0,0,0,0,0,0,0,0,0,0,0,0,0,0,0,0
5169,2005145889,1720.0,1726.0,67,67301,39.9444,-75.172,0,0,0,0,0,0,5,5,2005,4,17.0,1.0,0,9.0,3,0,3,  ,2,3.0,0,0,0,0,0,0,0,0,0,0,0,0,0,0,0,0,0
5170,2005145891,1557.0,1555.0,67,67301,39.9308,-75.1903,0,0,0,0,0,0,1,4,2005,6,15.0,1.0,0,9.0,3,0,99,  ,3,3.0,0,0,0,0,0,0,0,0,0,0,0,0,0,0,0,0,0
5171,2005145977,1641.0,1639.0,67,67301,39.9785,-75.1286,0,0,0,0,0,0,2,5,2005,2,16.0,1.0,0,1.0,3,0,3,  ,0,0.0,0,0,0,0,0,0,0,0,0,0,0,0,0,0,0,0,0
5172,2005146010,1045.0,1034.0,1,1217,39.8327,-77.0483,0,0,0,1,0,0,2,7,2005,5,10.0,1.0,0,1.0,1,0,3,  ,0,0.0,0,0,0,0,1,0,0,0,0,0,0,0,0,0,0,0,0
5173,2005146076,1534.0,1524.0,67,67301,39.9572,-75.1587,0,0,0,0,0,0,5,4,2005,5,14.0,1.0,0,1.0,3,1,3,  ,2,3.0,0,0,0,0,0,0,0,0,0,0,0,0,0,0,0,0,0
5174,2005146089,610.0,610.0,67,67301,39.9966,-75.0739,0,0,0,0,0,0,4,3,2005,3,19.0,3.0,7,1.0,3,0,3,  ,0,0.0,0,0,1,0,0,0,0,0,0,0,0,0,0,0,0,0,0
5175,2005146184,750.0,745.0,67,67301,39.969,-75.2465,0,0,0,0,1,0,4,4,2005,5,19.0,1.0,0,1.0,3,1,3,  ,0,0.0,0,0,1,0,0,0,0,0,0,0,0,0,0,0,0,0,0
5176,2005146244,1950.0,9999.0,67,67301,39.9538,-75.2093,0,0,0,0,0,0,2,3,2005,1,19.0,3.0,0,9.0,3,0,3,  ,0,0.0,0,0,0,0,0,0,0,0,0,0,0,0,0,0,0,0,1
5177,2005146382,1725.0,1715.0,67,67301,,,0,0,0,0,0,0,1,4,2005,5,17.0,1.0,0,1.0,3,2,3,  ,2,3.0,0,0,0,0,0,0,0,0,0,0,0,0,0,0,0,0,0
5178,2005146564,1607.0,1559.0,61,61204,41.8898,-79.1461,0,0,0,0,0,0,2,5,2005,4,15.0,1.0,99,9.0,1,0,3,  ,0,0.0,0,1,0,0,0,0,1,0,0,1,0,0,0,0,0,0,0
5179,2005146606,2130.0,2135.0,67,67301,39.947,-75.2362,0,0,0,0,0,0,4,3,2005,7,21.0,3.0,0,1.0,3,0,3,  ,0,0.0,1,0,1,0,0,0,0,0,0,0,0,0,0,0,0,1,0
5180,2005146907,1652.0,1649.0,67,67301,40.0417,-75.0537,0,1,0,0,0,0,4,4,2005,3,99.0,1.0,0,1.0,3,0,3,  ,0,0.0,0,1,1,0,0,0,0,0,0,0,0,0,0,0,0,1,0
5181,2005146908,1121.0,1121.0,67,67301,40.0368,-75.0644,0,0,0,0,1,0,4,3,2005,7,11.0,1.0,0,1.0,3,1,3,  ,2,3.0,0,0,1,0,0,0,0,0,0,0,0,0,0,0,0,0,0
5182,2005146967,1539.0,1527.0,67,67301,40.0368,-75.1719,0,0,0,0,0,0,4,4,2005,2,15.0,1.0,0,1.0,3,2,3,  ,0,0.0,1,0,1,0,0,0,0,0,0,0,0,0,0,0,0,1,0
5183,2005147072,1930.0,1930.0,67,67301,39.9621,-75.1577,0,0,0,0,0,0,4,5,2005,2,14.0,1.0,99,1.0,3,0,3,  ,0,0.0,0,0,1,0,0,0,0,0,0,0,0,0,0,0,0,0,0
5184,2005147087,2000.0,2000.0,67,67301,40.0473,-75.1677,0,0,0,0,0,1,4,2,2005,2,19.0,3.0,0,7.0,3,1,10,  ,2,3.0,0,0,1,0,0,0,0,0,0,0,0,0,0,0,0,0,0
5185,2005147113,1245.0,1239.0,67,67301,,,0,0,0,0,0,0,4,4,2005,5,12.0,1.0,0,1.0,3,3,3,  ,2,3.0,0,0,1,0,0,0,0,0,0,0,0,0,0,0,0,1,0
5186,2005147305,1433.0,1431.0,51,51402,,,0,0,0,0,1,0,8,5,2005,1,14.0,1.0,0,1.0,1,0,3,  ,0,0.0,0,0,0,0,0,0,0,0,0,0,0,0,0,0,0,0,0
5187,2005147471,1936.0,1935.0,46,46104,,,0,0,0,0,0,0,5,4,2005,5,19.0,1.0,0,1.0,3,0,3,  ,0,0.0,0,0,0,0,0,0,0,0,0,0,0,0,0,0,0,0,0
5188,2005147749,915.0,907.0,2,2301,40.436,-79.9229,0,0,0,0,0,0,4,6,2005,7,9.0,1.0,0,1.0,3,1,3,  ,2,3.0,0,0,1,0,0,0,0,0,0,0,0,0,0,0,0,0,0
5189,2005147896,1545.0,1533.0,36,36101,40.0524,-76.3074,0,0,0,0,0,0,4,5,2005,6,15.0,1.0,0,1.0,3,0,3,  ,0,0.0,0,0,1,0,0,1,0,0,0,0,0,0,0,0,0,0,1
5190,2005147973,1635.0,1630.0,67,67301,,,0,0,0,0,0,0,1,5,2005,7,12.0,1.0,0,1.0,3,1,3,  ,2,3.0,0,0,0,0,0,0,0,0,0,0,0,0,0,0,0,0,0
5191,2005147985,1750.0,1747.0,67,67301,,,0,0,0,0,0,0,5,5,2005,3,17.0,1.0,0,1.0,3,0,3,  ,0,0.0,0,0,0,0,0,0,0,0,0,0,0,0,0,0,0,0,0
5192,2005147993,2144.0,2139.0,67,67301,39.9625,-75.2163,0,0,0,0,0,0,6,5,2005,6,21.0,3.0,0,1.0,3,1,3,  ,2,3.0,0,0,0,0,0,0,0,0,0,0,0,0,0,0,0,0,1
5193,2005148122,1900.0,1855.0,67,67301,40.0708,-75.0466,0,0,0,0,0,1,4,5,2005,3,18.0,1.0,99,1.0,3,0,3,  ,0,0.0,0,0,1,0,0,0,0,0,0,0,0,0,0,0,0,0,0
5194,2005148131,1805.0,1800.0,67,67301,40.0802,-75.052,0,0,0,0,0,0,1,5,2005,3,18.0,1.0,0,1.0,3,0,3,  ,0,0.0,0,1,0,0,0,0,1,0,0,1,0,0,0,0,0,0,0
5195,2005148139,1720.0,1720.0,67,67301,,,0,0,0,0,0,1,6,5,2005,6,17.0,1.0,0,1.0,3,0,3,  ,0,0.0,0,1,0,0,0,0,0,0,0,0,0,0,0,0,0,0,0
5196,2005148161,1345.0,1342.0,67,67301,40.0379,-75.0647,0,0,0,0,0,0,4,5,2005,1,13.0,1.0,0,1.0,3,2,3,  ,3,3.0,1,0,1,0,0,0,0,0,0,0,0,0,0,0,0,0,0
5197,2005148179,9999.0,1355.0,67,67301,40.054,-75.0745,0,0,0,0,0,0,4,6,2005,5,13.0,1.0,0,1.0,3,1,3,  ,0,0.0,0,0,1,0,0,0,0,0,0,0,0,0,0,0,0,0,0
5198,2005148194,1827.0,1824.0,67,67301,39.9657,-75.2247,0,0,0,0,0,0,4,5,2005,2,18.0,1.0,0,1.0,3,2,3,  ,0,0.0,0,0,1,0,0,0,0,0,0,0,0,0,0,0,0,1,0
5199,2005148248,1107.0,1105.0,67,67301,39.9687,-75.2113,0,0,0,0,0,0,4,5,2005,6,18.0,1.0,0,1.0,3,5,99,  ,2,9.0,0,0,1,0,0,0,0,0,0,0,0,0,0,0,0,0,0
5200,2005148252,1135.0,1135.0,67,67301,39.9522,-75.207,0,0,0,0,0,0,5,5,2005,5,21.0,3.0,0,1.0,3,0,3,  ,2,3.0,0,0,0,0,0,0,0,0,0,0,0,0,0,0,0,0,0
5201,2005148307,2143.0,2137.0,7,7301,,,0,0,0,0,0,0,6,6,2005,6,21.0,3.0,0,1.0,3,1,3,  ,3,3.0,1,0,0,0,0,0,0,0,0,0,0,0,1,0,0,0,0
5202,2005148352,1230.0,1224.0,36,36301,40.0309,-76.3155,0,0,0,0,0,0,8,5,2005,1,12.0,1.0,0,1.0,3,0,3,  ,0,0.0,0,0,0,0,0,0,0,0,0,0,0,0,0,0,0,0,0
5203,2005148353,1947.0,1943.0,36,36301,40.0505,-76.305,0,0,0,0,0,0,4,5,2005,5,19.0,1.0,0,1.0,3,0,3,  ,0,0.0,0,0,1,0,0,0,0,0,0,0,0,0,0,0,0,0,0
5204,2005148504,2105.0,2103.0,21,21215,,,0,0,0,0,1,0,4,5,2005,5,21.0,2.0,0,1.0,1,1,3,  ,3,1.0,1,0,1,0,0,0,0,0,0,0,0,0,0,1,0,1,0
5205,2005148543,2242.0,2240.0,39,39301,40.6164,-75.473,0,0,0,0,0,0,4,6,2005,6,22.0,2.0,0,1.0,3,1,3,  ,0,0.0,0,0,1,0,0,0,0,0,0,0,0,0,0,0,0,0,0
5206,2005148546,1907.0,1906.0,39,39301,40.595,-75.4665,0,0,0,0,0,0,2,6,2005,6,19.0,1.0,0,1.0,3,3,3,  ,0,0.0,0,0,0,0,0,0,0,0,0,0,0,0,0,0,0,0,1
5207,2005148557,1451.0,1449.0,39,39301,,,0,0,0,0,0,0,5,6,2005,7,14.0,1.0,0,1.0,3,0,3,  ,2,3.0,0,0,0,0,0,0,0,0,0,0,0,0,0,0,0,1,0
5208,2005148610,1737.0,1736.0,66,66301,39.9708,-76.7108,0,0,0,0,0,0,4,5,2005,5,17.0,1.0,0,1.0,3,1,3,  ,2,3.0,0,0,1,0,0,0,0,0,0,0,0,0,0,0,0,0,0
5209,2005148616,1312.0,1310.0,66,66301,39.9609,-76.7246,0,0,0,0,0,0,2,5,2005,6,13.0,1.0,0,1.0,3,0,3,  ,0,0.0,0,0,0,0,0,0,0,0,0,0,0,0,0,0,0,0,0
5210,2005148683,1312.0,1357.0,67,67301,,,0,0,0,0,0,0,4,5,2005,6,13.0,1.0,0,1.0,3,0,3,  ,0,0.0,0,0,1,0,0,0,0,0,0,0,0,0,0,0,0,0,0
5211,2005148694,1720.0,1720.0,67,67301,,,0,0,0,0,0,0,4,6,2005,5,17.0,1.0,0,1.0,3,1,3,  ,0,0.0,0,0,1,0,0,0,0,0,0,0,0,0,0,0,0,0,0
5212,2005148701,2153.0,2150.0,67,67301,40.0,-75.1003,0,0,0,0,0,0,4,5,2005,1,19.0,1.0,0,1.0,3,1,3,  ,3,3.0,0,0,1,0,0,0,0,0,0,0,0,0,0,0,0,0,0
5213,2005148799,1933.0,1929.0,6,6301,,,0,0,0,0,0,1,8,6,2005,3,19.0,1.0,0,1.0,3,2,3,  ,2,2.0,0,0,0,0,0,0,0,0,0,0,0,0,0,0,0,0,0
5214,2005149047,722.0,720.0,67,67301,39.9643,-75.1762,0,0,0,0,0,0,1,5,2005,3,7.0,1.0,0,1.0,3,10,3,  ,0,0.0,0,0,0,0,0,0,0,0,0,0,0,0,0,0,0,1,0
5215,2005149085,2049.0,2047.0,41,41301,41.2457,-77.0097,0,0,0,0,0,0,4,6,2005,7,20.0,4.0,0,1.0,3,1,3,  ,3,3.0,0,0,1,0,0,1,0,0,0,0,0,0,0,0,0,0,0
5216,2005149346,1457.0,1452.0,22,22208,,,0,0,0,0,0,0,4,6,2005,4,14.0,1.0,0,1.0,3,2,3,  ,3,3.0,0,0,1,0,0,0,0,0,0,0,0,0,0,0,0,0,0
5217,2005149407,1500.0,1453.0,67,67301,40.0564,-75.0291,0,0,0,0,0,0,4,6,2005,1,14.0,1.0,0,1.0,3,5,3,  ,2,3.0,0,0,1,0,0,0,0,0,0,0,0,0,0,0,0,1,0
5218,2005149433,1835.0,1830.0,67,67301,39.9205,-75.1793,0,0,0,0,0,0,4,6,2005,1,18.0,1.0,0,1.0,3,2,3,  ,0,0.0,0,0,1,0,0,1,0,0,0,0,0,0,0,0,0,0,0
5219,2005149442,822.0,820.0,67,67301,39.9256,-75.1791,0,0,0,0,0,0,4,6,2005,4,8.0,1.0,0,1.0,3,1,3,  ,2,3.0,0,0,1,0,0,0,0,0,0,0,0,0,0,0,0,0,0
5220,2005149450,1854.0,1850.0,67,67301,39.913,-75.1825,0,0,0,0,0,0,5,6,2005,4,18.0,1.0,99,1.0,3,1,3,  ,2,3.0,0,0,0,0,0,0,0,0,0,0,0,0,0,0,0,0,0
5221,2005149455,1932.0,1922.0,67,67301,,,0,0,0,0,0,0,4,5,2005,5,19.0,1.0,0,1.0,3,2,3,  ,2,3.0,0,0,1,0,0,0,0,0,0,0,0,0,0,0,0,0,0
5222,2005149654,1631.0,1627.0,38,38301,40.3406,-76.4248,0,0,0,0,0,0,4,6,2005,4,16.0,1.0,0,1.0,2,0,3,  ,3,3.0,1,0,1,0,0,0,0,0,0,0,0,0,0,0,0,0,0
5223,2005149723,1642.0,1640.0,25,25213,,,0,0,0,0,0,1,4,6,2005,3,16.0,1.0,0,1.0,3,0,3,  ,0,0.0,0,0,1,0,0,0,0,0,0,0,0,0,0,0,0,0,0
5224,2005149724,1746.0,1746.0,25,25213,42.0899,-80.1389,0,0,0,0,0,0,4,6,2005,5,17.0,1.0,0,1.0,3,2,3,  ,3,3.0,1,0,1,0,0,0,0,0,0,0,0,0,0,0,0,1,0
5225,2005149726,1548.0,1542.0,25,25213,,,0,0,0,0,1,0,4,6,2005,4,15.0,1.0,99,1.0,3,1,3,  ,3,3.0,1,0,1,0,0,0,0,0,0,0,0,0,0,0,0,1,0
5226,2005149749,1942.0,1942.0,67,67301,,,0,0,0,0,0,0,4,6,2005,5,19.0,2.0,0,1.0,3,0,3,  ,0,0.0,0,0,1,0,0,0,0,0,0,0,0,0,0,0,0,0,0
5227,2005149763,1616.0,1616.0,67,67301,,,0,0,0,0,0,0,4,6,2005,4,16.0,1.0,0,1.0,3,0,3,  ,0,0.0,0,0,1,0,0,0,0,0,0,0,0,0,0,0,0,0,0
5228,2005149794,1437.0,1434.0,67,67301,40.1004,-75.013,0,1,0,0,0,0,4,4,2005,5,14.0,1.0,99,1.0,3,1,3,  ,0,0.0,0,0,1,0,0,0,0,0,0,0,0,0,0,0,0,1,0
5229,2005149826,1048.0,1040.0,67,67301,39.9923,-75.1422,0,0,0,0,0,0,4,4,2005,2,99.0,1.0,0,1.0,3,1,3,  ,2,3.0,0,0,1,0,0,0,0,0,0,0,0,0,0,0,0,0,0
5230,2005149861,1405.0,1400.0,67,67301,40.0264,-75.0496,0,0,0,0,0,1,8,5,2005,3,99.0,1.0,0,1.0,3,0,3,  ,0,0.0,0,0,0,0,0,0,0,0,0,0,0,0,0,0,0,0,0
5231,2005149884,845.0,840.0,67,67301,39.9562,-75.1941,0,0,0,0,0,0,4,6,2005,3,8.0,1.0,0,1.0,3,1,3,  ,2,3.0,0,0,1,0,0,0,0,0,0,0,0,0,0,0,0,0,0
5232,2005149891,809.0,802.0,67,67301,40.0717,-75.154,0,0,0,0,0,0,4,6,2005,7,8.0,1.0,0,1.0,3,1,3,  ,2,3.0,0,0,1,0,0,0,0,0,0,0,0,0,0,0,0,0,0
5233,2005149937,1007.0,1005.0,14,14210,40.7743,-77.8114,0,0,0,0,1,0,0,6,2005,3,9.0,1.0,0,1.0,1,0,3,  ,0,0.0,0,0,0,0,0,0,0,0,0,0,0,0,0,0,0,0,1
5234,2005149990,2219.0,2215.0,67,67301,40.0239,-75.1105,0,0,0,0,0,0,1,6,2005,7,99.0,3.0,0,1.0,3,2,3,  ,0,0.0,0,0,0,0,0,0,0,0,0,0,0,0,0,0,0,0,1
5235,2005150014,1951.0,1951.0,67,67301,40.0394,-75.1288,0,0,0,0,0,0,4,5,2005,1,19.0,4.0,0,1.0,3,1,3,  ,3,3.0,0,0,1,0,0,0,0,0,0,0,0,0,0,0,0,0,0
5236,2005150048,1226.0,1224.0,67,67301,39.9991,-75.1696,0,0,0,0,0,0,4,6,2005,3,12.0,1.0,0,1.0,3,2,3,  ,3,3.0,1,0,1,0,0,0,0,0,0,0,0,0,0,0,0,0,0
5237,2005150128,2258.0,2250.0,67,67301,,,0,0,0,0,0,0,5,6,2005,6,22.0,3.0,0,1.0,3,0,3,  ,0,0.0,0,0,0,0,0,0,0,0,0,0,0,0,0,0,0,0,0