,CRN,ARRIVAL_TM,DISPATCH_TM,COUNTY,MUNICIPALITY,DEC_LAT,DEC_LONG,BICYCLE_DEATH_COUNT,BICYCLE_SUSP_SERIOUS_INJ_COUNT,BUS_COUNT,HEAVY_TRUCK_COUNT,SMALL_TRUCK_COUNT,SUV_COUNT,COLLISION_TYPE,CRASH_MONTH,CRASH_YEAR,DAY_OF_WEEK,HOUR_OF_DAY,ILLUMINATION,LOCATION_TYPE,ROAD_CONDITION,URBAN_RURAL,INTERSECT_TYPE,WEATHER1,WEATHER2,TCD_TYPE,TCD_FUNC_CD,AGGRESSIVE_DRIVING,ALCOHOL_RELATED,ANGLE_CRASH,CELL_PHONE,COMM_VEHICLE,DISTRACTED,DRINKING_DRIVER,DRUGGED_DRIVER,FATIGUE_ASLEEP,IMPAIRED_DRIVER,NHTSA_AGG_DRIVING,RUNNING_RED_LT,RUNNING_STOP_SIGN,SPEEDING_RELATED,TAILGATING,MATURE_DRIVER,YOUNG_DRIVER
5238,2005150182,9999.0,9999.0,48,48401,40.8676,-75.2102,0,0,0,0,0,0,4,6,2005,6,99.0,1.0,0,1.0,2,1,3,  ,0,0.0,0,0,1,0,0,0,0,0,0,0,0,0,0,0,0,0,0
5239,2005150203,2024.0,1633.0,36,36301,,,0,0,0,0,0,0,4,6,2005,4,16.0,1.0,0,1.0,3,0,3,  ,0,0.0,0,0,1,0,0,0,0,0,0,0,0,0,0,0,0,0,0
5240,2005150350,2118.0,2114.0,6,6301,40.3383,-75.919,1,0,0,0,0,0,4,6,2005,7,21.0,3.0,0,1.0,3,1,3,  ,3,3.0,0,0,1,0,0,0,0,0,0,0,0,0,0,0,0,0,0
5241,2005150441,1154.0,1118.0,5,5203,40.1414,-78.2214,0,0,0,0,1,0,2,6,2005,4,99.0,1.0,0,1.0,1,0,3,  ,0,0.0,0,0,0,0,0,0,0,0,0,0,0,0,0,0,0,1,0
5242,2005150552,9999.0,114.0,25,25302,42.1168,-80.0604,0,0,0,0,0,0,4,6,2005,7,1.0,3.0,0,1.0,3,1,3,  ,2,3.0,0,0,1,0,0,0,0,0,0,0,0,0,0,0,0,0,0
5243,2005150604,1658.0,1648.0,66,66301,,,0,0,0,0,0,0,4,6,2005,3,16.0,1.0,0,1.0,3,1,3,  ,3,3.0,0,0,1,0,0,0,0,0,0,0,0,0,0,0,0,0,1
5244,2005150605,2045.0,2043.0,66,66301,39.961,-76.7379,0,0,0,0,0,1,4,6,2005,7,20.0,1.0,0,1.0,3,1,3,  ,2,3.0,0,0,1,0,0,0,0,0,0,0,0,0,0,0,0,0,0
5245,2005150620,1521.0,1519.0,66,66301,39.9661,-76.7251,0,0,0,0,0,0,5,6,2005,7,15.0,1.0,0,1.0,3,1,3,  ,0,0.0,0,1,0,0,0,0,0,0,0,0,0,0,0,0,0,0,0
5246,2005150623,2252.0,2248.0,66,66301,39.9579,-76.7215,0,0,0,0,0,0,4,6,2005,4,22.0,3.0,0,1.0,3,1,3,  ,3,3.0,0,0,1,0,0,0,0,0,0,0,0,0,0,0,0,0,1
5247,2005150637,1550.0,1544.0,46,46104,,,0,0,0,0,0,0,4,6,2005,3,15.0,1.0,0,1.0,3,2,3,  ,0,0.0,1,0,1,0,0,0,0,0,0,0,0,0,0,0,0,1,0
5248,2005150749,2048.0,2045.0,67,67301,40.0564,-74.9848,0,0,0,0,1,0,4,6,2005,4,20.0,3.0,0,1.0,3,1,3,  ,3,9.0,0,0,1,0,0,0,0,0,0,0,0,0,0,0,0,0,0
5249,2005150754,1915.0,1910.0,67,67301,40.006,-75.0933,0,0,0,0,0,0,4,6,2005,1,19.0,1.0,0,1.0,3,1,99,  ,2,9.0,0,0,1,0,0,0,0,0,0,0,0,0,0,0,0,0,0
5250,2005150793,2010.0,2004.0,62,62206,40.2836,-80.2099,0,0,0,0,0,1,4,6,2005,2,99.0,1.0,0,1.0,1,1,3,  ,3,3.0,1,0,1,0,0,0,0,0,0,0,0,0,0,0,0,0,0
5251,2005150991,1351.0,1336.0,66,66206,39.8015,-76.5974,0,0,0,0,0,0,4,6,2005,3,13.0,1.0,0,1.0,1,2,3,  ,3,3.0,1,0,1,0,0,0,0,0,0,0,0,0,0,0,0,0,0
5252,2005151038,1153.0,1151.0,48,48301,,,0,0,0,0,0,0,4,6,2005,4,11.0,1.0,0,1.0,3,0,3,  ,0,0.0,0,0,1,0,0,0,0,0,0,0,0,0,0,0,0,0,0
5253,2005151053,1615.0,1610.0,36,36301,40.0354,-76.2913,0,0,0,0,0,0,4,6,2005,6,16.0,1.0,0,1.0,3,1,3,  ,3,3.0,0,0,1,0,0,0,0,0,0,0,0,0,0,0,0,0,0
5254,2005151169,1544.0,1544.0,67,67301,,,0,0,0,0,0,0,4,6,2005,5,15.0,1.0,0,1.0,3,1,3,  ,3,3.0,0,0,1,0,0,0,0,0,0,0,0,0,0,0,0,0,0
5255,2005151171,1830.0,825.0,67,67301,39.9453,-75.2418,0,0,0,0,0,0,4,6,2005,1,18.0,1.0,0,1.0,3,1,3,  ,2,3.0,0,0,1,0,0,0,0,0,0,0,0,0,0,0,0,0,0
5256,2005151291,754.0,750.0,67,67301,40.0295,-75.2037,0,0,0,0,0,0,5,6,2005,5,7.0,1.0,0,1.0,3,0,3,  ,0,0.0,0,0,0,1,0,1,0,0,0,0,0,0,0,0,0,0,0
5257,2005151306,1413.0,1411.0,67,67301,39.9948,-75.1736,0,0,0,0,0,0,8,5,2005,2,14.0,1.0,0,1.0,3,0,3,  ,0,0.0,0,0,0,0,0,0,0,0,0,0,0,0,0,0,0,0,0
5258,2005151327,9999.0,1736.0,67,67301,,,0,0,0,0,0,0,4,6,2005,1,17.0,1.0,0,1.0,3,1,3,  ,2,3.0,0,0,1,0,0,0,0,0,0,0,0,0,0,0,0,0,0
5259,2005151351,1725.0,1720.0,67,67301,40.0433,-75.1221,0,0,0,0,0,1,8,3,2005,7,17.0,1.0,0,1.0,3,0,3,  ,0,0.0,0,1,0,0,0,0,1,0,0,1,0,0,0,0,0,0,0
5260,2005151361,1136.0,1134.0,67,67301,,,0,0,0,0,0,0,4,6,2005,6,11.0,1.0,0,9.0,3,1,7,  ,0,0.0,0,0,1,0,0,0,0,0,0,0,0,0,0,0,0,0,0
5261,2005151371,1055.0,1050.0,67,67301,39.9692,-75.171,0,0,0,0,0,1,4,6,2005,3,10.0,1.0,0,1.0,3,1,3,  ,3,3.0,0,0,1,0,0,0,0,0,0,0,0,0,0,0,0,0,0
5262,2005151399,1733.0,1730.0,9,9202,,,0,0,0,0,0,0,4,6,2005,2,17.0,1.0,0,1.0,3,0,3,  ,0,0.0,0,0,1,0,0,0,0,0,0,0,0,0,0,0,0,0,0
5263,2005151606,1441.0,1439.0,66,66301,39.9466,-76.7205,0,0,0,0,0,0,2,3,2005,2,14.0,1.0,0,1.0,3,1,3,  ,2,9.0,0,0,0,0,0,0,0,0,0,0,0,0,0,0,0,0,0
5264,2005151612,1422.0,1420.0,46,46104,40.0031,-75.2954,0,0,0,0,0,0,4,5,2005,1,14.0,1.0,0,1.0,3,1,3,  ,0,0.0,1,0,1,0,0,0,0,0,0,0,0,0,0,0,0,1,0
5265,2005151635,1147.0,1145.0,2,2456,,,0,0,0,0,0,0,8,5,2005,1,11.0,1.0,0,1.0,3,1,98,  ,2,3.0,0,0,0,0,0,0,0,0,0,0,0,0,0,0,0,0,0
5266,2005151721,2105.0,2055.0,6,6301,,,0,0,0,0,0,0,4,4,2005,1,18.0,1.0,0,1.0,3,0,99,  ,0,0.0,0,0,1,0,0,0,0,0,0,0,0,0,0,0,0,0,0
5267,2005151835,1113.0,1057.0,15,15231,39.9258,-75.6635,0,0,0,0,1,0,5,5,2005,7,10.0,1.0,0,1.0,1,0,3,  ,0,0.0,1,0,0,0,0,0,0,0,0,0,0,0,0,0,0,1,0
5268,2005151933,2028.0,2026.0,67,67301,40.0224,-75.0427,0,0,0,0,0,0,4,6,2005,5,20.0,1.0,0,1.0,3,2,3,  ,3,2.0,0,0,1,0,0,0,0,0,0,0,0,0,0,0,0,0,0
5269,2005151998,1655.0,1651.0,66,66212,40.0258,-76.5299,0,0,0,0,0,0,4,7,2005,1,16.0,1.0,0,1.0,1,1,3,  ,0,0.0,1,0,1,0,0,0,0,0,0,0,0,0,0,0,0,0,0
5270,2005152117,2051.0,2033.0,38,38301,40.3361,-76.4306,0,0,0,0,0,0,4,6,2005,6,20.0,1.0,0,1.0,2,1,3,  ,2,3.0,0,0,1,0,0,0,0,0,0,0,0,0,0,0,0,0,0
5271,2005152155,1318.0,1315.0,16,16402,41.2131,-79.3815,0,0,0,0,0,0,4,7,2005,6,13.0,1.0,0,1.0,2,0,3,  ,0,0.0,1,0,1,0,0,0,0,0,0,0,0,0,0,0,0,1,0
5272,2005152205,2120.0,2118.0,10,10301,,,0,0,0,0,0,0,4,7,2005,3,21.0,3.0,0,1.0,2,1,3,  ,3,3.0,1,0,1,0,0,0,0,0,0,0,0,0,1,0,0,0,0
5273,2005152267,2218.0,2218.0,6,6232,40.499,-75.8014,0,0,0,0,0,0,1,7,2005,3,22.0,2.0,0,1.0,1,2,3,  ,3,3.0,0,0,0,0,0,0,0,0,0,0,0,0,0,0,0,0,0
5274,2005152301,1811.0,1808.0,9,9228,40.2354,-75.0909,0,0,0,0,1,0,4,7,2005,3,18.0,1.0,0,1.0,1,0,3,  ,0,0.0,1,0,1,0,0,0,0,0,0,0,0,0,0,0,0,0,1
5275,2005152350,1620.0,1615.0,21,21401,40.2405,-76.9265,0,0,0,0,0,0,4,7,2005,3,16.0,1.0,0,1.0,3,1,3,  ,3,3.0,0,0,1,0,0,0,0,0,0,0,0,0,0,0,0,0,1
5276,2005152443,2204.0,2202.0,39,39301,40.611,-75.4631,0,0,0,0,0,0,4,7,2005,3,22.0,3.0,0,1.0,3,1,3,  ,3,3.0,0,0,1,0,0,0,0,0,0,0,0,0,0,0,0,0,0
5277,2005152592,204.0,202.0,39,39301,,,0,0,0,0,0,0,4,6,2005,7,2.0,3.0,0,1.0,3,1,3,  ,2,3.0,0,0,1,0,0,0,0,0,0,0,0,0,0,0,0,0,0
5278,2005152621,2120.0,2118.0,15,15403,40.0057,-75.7112,0,1,0,0,1,0,4,6,2005,4,21.0,3.0,0,1.0,3,2,3,  ,3,3.0,1,0,1,0,0,0,0,0,0,0,0,0,1,0,0,0,0
5279,2005152670,2153.0,2148.0,37,37301,,,0,0,0,0,0,0,5,6,2005,5,21.0,4.0,0,1.0,2,0,3,  ,0,0.0,0,0,0,0,0,0,0,0,0,0,0,0,0,0,0,0,0
5280,2005152676,136.0,134.0,25,25213,42.1035,-80.1536,0,0,0,0,0,0,2,6,2005,1,1.0,3.0,0,1.0,3,0,3,  ,0,0.0,0,1,0,0,0,0,0,0,0,0,0,0,0,0,0,0,0
5281,2005152679,1642.0,1628.0,36,36230,40.1098,-76.4802,0,0,0,0,0,0,1,6,2005,3,16.0,1.0,0,1.0,1,0,3,  ,0,0.0,1,0,0,0,0,0,0,0,0,0,0,0,0,0,0,1,0
5282,2005152829,2056.0,2054.0,25,25302,,,0,0,0,0,0,1,4,6,2005,7,20.0,4.0,0,1.0,3,1,3,  ,3,3.0,0,0,1,0,0,0,0,0,0,0,0,0,0,0,0,0,0
5283,2005153199,1536.0,1520.0,49,49207,40.765,-76.7418,0,0,0,0,1,0,4,5,2005,5,15.0,1.0,0,1.0,1,0,3,  ,0,0.0,0,0,1,0,0,0,0,0,0,0,0,0,0,0,0,0,0
5284,2005153428,1434.0,1429.0,26,26301,,,0,0,0,0,0,0,4,7,2005,5,14.0,1.0,0,1.0,2,2,3,  ,0,0.0,0,0,1,0,0,0,0,0,0,0,0,0,0,0,0,0,0
5285,2005153464,1205.0,1200.0,38,38406,40.308,-76.5962,0,0,0,0,0,0,4,7,2005,6,11.0,1.0,0,1.0,3,1,3,  ,0,0.0,0,0,1,0,0,0,0,0,0,0,0,0,0,0,0,0,0
5286,2005153558,20.0,13.0,67,67301,,,0,0,0,0,0,0,1,4,2005,7,0.0,3.0,0,1.0,3,0,3,  ,0,0.0,0,0,0,0,0,0,0,0,0,0,0,0,0,0,0,0,0
5287,2005153617,1740.0,1739.0,28,28402,39.7884,-77.7264,0,0,0,0,0,0,4,6,2005,5,17.0,1.0,0,9.0,1,1,7,  ,3,3.0,0,0,1,0,0,0,0,0,0,0,0,0,0,0,0,0,1
5288,2005153743,1219.0,1211.0,53,53421,40.5585,-76.3769,0,0,0,0,0,0,4,5,2005,2,12.0,1.0,0,1.0,1,0,3,  ,0,0.0,1,0,1,0,0,0,0,0,0,0,0,0,0,0,0,0,0
5289,2005153778,1845.0,1844.0,6,6301,40.3533,-75.91,0,0,0,0,0,0,4,6,2005,5,18.0,1.0,0,1.0,3,0,3,  ,0,0.0,0,0,1,0,0,0,0,0,0,0,0,0,0,0,0,0,1
5290,2005153924,2145.0,2144.0,39,39301,,,0,0,0,0,0,0,4,7,2005,2,21.0,6.0,0,1.0,3,2,3,  ,3,3.0,0,0,1,0,0,0,0,0,0,0,0,0,0,0,0,0,0
5291,2005153936,1448.0,1442.0,9,9220,40.4365,-75.3311,0,0,0,0,0,0,4,6,2005,7,14.0,1.0,0,1.0,1,2,3,  ,3,3.0,0,0,1,0,0,0,0,0,0,0,0,0,0,0,0,0,0
5292,2005153951,658.0,651.0,36,36215,40.0393,-76.1931,0,0,0,0,0,0,4,7,2005,3,6.0,1.0,0,1.0,1,0,3,  ,0,0.0,1,0,1,0,0,0,0,0,0,0,0,0,0,0,0,0,0
5293,2005154054,1746.0,1709.0,6,6208,40.4614,-75.9985,0,0,0,0,0,0,1,6,2005,5,16.0,1.0,0,1.0,1,0,3,  ,0,0.0,0,0,0,0,0,0,0,0,0,0,0,0,0,0,0,0,1
5294,2005154334,2327.0,2325.0,39,39301,,,0,0,0,0,0,0,4,7,2005,7,13.0,1.0,0,1.0,3,1,3,  ,2,3.0,0,0,1,0,0,0,0,0,0,0,0,0,0,0,0,0,0
5295,2005154357,253.0,240.0,38,38301,,,0,0,0,0,1,0,5,7,2005,5,21.0,3.0,0,9.0,2,0,7,  ,0,0.0,1,0,0,0,0,0,0,0,0,0,1,0,0,1,0,0,0
5296,2005154414,1832.0,1830.0,52,52406,41.9665,-78.1878,0,0,0,0,0,0,2,7,2005,6,18.0,1.0,0,1.0,1,2,3,  ,0,0.0,0,0,0,0,0,0,0,0,0,0,0,0,0,0,0,0,0
5297,2005154475,941.0,939.0,25,25213,42.0993,-80.0606,0,0,0,0,0,0,4,7,2005,3,9.0,1.0,0,1.0,3,1,3,  ,2,3.0,0,0,1,0,0,0,0,0,0,0,0,0,0,0,0,0,0
5298,2005154528,1555.0,1540.0,40,40424,,,0,0,0,0,0,0,4,6,2005,5,15.0,1.0,0,1.0,1,0,3,  ,0,0.0,0,0,1,0,0,0,0,0,0,0,0,0,0,0,0,1,0
5299,2005154609,1828.0,1828.0,25,25302,42.1237,-80.0639,0,0,0,0,0,0,4,6,2005,3,18.0,1.0,7,1.0,3,0,3,  ,0,0.0,0,0,1,0,0,0,0,0,0,0,0,0,0,0,0,0,0
5300,2005154639,1656.0,1653.0,49,49411,41.0809,-76.8579,0,0,0,0,1,0,4,7,2005,7,16.0,1.0,0,9.0,1,1,7,  ,0,0.0,0,0,1,0,0,0,0,0,0,0,0,0,0,0,0,0,1
5301,2005154884,1411.0,1410.0,2,2301,40.4873,-79.8955,0,0,0,0,0,1,4,7,2005,3,14.0,1.0,0,1.0,3,2,3,  ,2,3.0,0,0,1,0,0,0,0,0,0,0,0,0,0,0,0,0,0
5302,2005154973,1133.0,1133.0,46,46104,40.0118,-75.2947,0,0,0,0,0,0,4,7,2005,1,11.0,1.0,0,1.0,3,1,3,  ,2,3.0,0,0,1,0,0,0,0,0,0,0,0,0,0,0,0,0,0
5303,2005155148,1829.0,1825.0,66,66301,,,0,0,0,0,0,0,2,6,2005,3,18.0,1.0,0,1.0,3,2,3,  ,3,3.0,0,0,0,0,0,0,0,0,0,0,0,0,0,0,0,0,0
5304,2005155153,1515.0,1510.0,66,66301,,,0,0,0,0,0,0,6,6,2005,4,15.0,1.0,7,1.0,3,0,3,  ,0,0.0,0,0,0,0,0,0,0,0,0,0,0,0,0,0,0,0,1
5305,2005155290,1834.0,1831.0,64,64424,,,0,0,0,0,0,0,4,7,2005,1,18.0,1.0,0,1.0,2,1,3,  ,0,0.0,0,0,1,0,0,0,0,0,0,0,0,0,0,0,0,1,0
5306,2005155333,1403.0,1359.0,15,15236,40.0775,-75.4338,0,0,0,0,0,0,4,6,2005,1,13.0,1.0,0,1.0,1,1,3,  ,3,3.0,0,0,1,0,0,0,0,0,0,0,0,0,0,0,0,0,0
5307,2005155358,1039.0,1035.0,9,9202,40.0706,-74.967,0,0,0,0,0,0,4,7,2005,2,10.0,1.0,0,1.0,3,2,3,  ,0,0.0,1,0,1,0,0,0,0,0,0,0,0,0,0,0,0,1,0
5308,2005155367,2128.0,2126.0,38,38301,40.3466,-76.424,0,0,0,0,1,0,4,7,2005,3,21.0,3.0,0,1.0,2,1,3,  ,3,3.0,0,0,1,0,0,0,0,0,0,0,0,0,0,0,0,0,0
5309,2005155380,2258.0,2256.0,9,9415,40.4436,-75.3559,0,0,0,0,0,1,8,8,2005,2,22.0,3.0,0,1.0,2,0,3,  ,0,0.0,0,0,0,0,0,0,0,0,0,0,0,0,0,0,0,0,0
5310,2005155474,1558.0,1550.0,32,32224,40.562,-79.2965,1,0,0,0,0,0,4,6,2005,4,15.0,1.0,0,1.0,1,0,3,  ,0,0.0,0,0,1,0,0,0,0,0,0,0,0,0,0,0,0,0,0
5311,2005155520,913.0,911.0,13,13406,,,0,0,0,0,1,0,2,7,2005,4,9.0,1.0,0,1.0,2,2,3,  ,0,0.0,0,0,0,0,0,0,0,0,0,0,0,0,0,0,0,1,0
5312,2005155554,1624.0,1614.0,25,25302,,,0,0,0,0,1,0,4,7,2005,4,16.0,1.0,99,1.0,3,1,3,  ,3,3.0,0,0,1,0,0,0,0,0,0,0,0,0,0,0,0,0,0
5313,2005155556,1122.0,1112.0,28,28215,39.7798,-77.5645,0,0,0,0,0,0,4,7,2005,2,10.0,1.0,0,1.0,2,0,3,  ,0,0.0,0,0,1,0,0,0,0,0,0,0,0,0,0,0,0,1,0
5314,2005155564,1604.0,1601.0,25,25302,42.1034,-80.0968,0,0,0,0,0,0,4,7,2005,3,15.0,1.0,99,1.0,3,1,3,  ,2,3.0,0,0,1,0,0,0,0,0,0,0,0,0,0,0,0,1,0
5315,2005155580,1806.0,1806.0,25,25302,,,0,0,0,0,0,0,4,7,2005,3,18.0,1.0,99,1.0,3,2,3,  ,0,0.0,0,0,1,0,0,0,0,0,0,0,0,0,0,0,0,0,0
5316,2005155855,2139.0,2139.0,2,2108,40.582,-80.0381,0,1,0,0,1,0,4,6,2005,1,21.0,2.0,0,1.0,3,1,3,  ,2,3.0,0,0,1,0,0,0,0,0,0,0,0,0,0,0,0,0,0
5317,2005155885,1824.0,1822.0,23,23111,39.9509,-75.2834,0,0,0,0,0,0,4,6,2005,4,18.0,1.0,0,1.0,3,2,3,  ,3,3.0,0,0,1,0,0,0,0,0,0,0,0,0,0,0,0,0,0
5318,2005155896,706.0,706.0,23,23111,,,0,0,0,0,0,0,4,6,2005,2,7.0,1.0,0,1.0,3,1,3,  ,2,3.0,0,0,1,0,0,0,0,0,0,0,0,0,0,0,0,0,0
5319,2005155899,1753.0,1748.0,23,23111,39.9637,-75.2628,0,0,0,0,0,0,2,6,2005,5,17.0,1.0,0,1.0,3,0,3,  ,0,0.0,0,0,0,0,0,0,0,0,0,0,0,0,0,0,0,0,0
5320,2005155960,1830.0,1829.0,23,23111,39.9572,-75.2635,0,0,0,0,0,0,4,6,2005,1,18.0,1.0,0,1.0,3,0,3,  ,2,3.0,0,0,1,0,0,0,0,0,0,0,0,0,0,0,0,0,1
5321,2005155999,1818.0,1817.0,6,6301,40.3382,-75.9141,0,1,0,0,0,0,4,7,2005,2,18.0,1.0,0,1.0,3,1,3,  ,3,3.0,0,0,1,0,0,0,0,0,0,0,0,0,0,0,0,1,0
5322,2005156022,1805.0,1801.0,2,2109,40.3703,-80.069,0,0,0,0,0,0,4,7,2005,5,18.0,1.0,0,1.0,3,2,3,  ,0,0.0,0,0,1,0,0,0,0,0,0,0,0,0,0,0,0,0,0
5323,2005156025,1853.0,1848.0,10,10101,40.8774,-79.8939,0,0,0,0,0,0,4,6,2005,5,18.0,1.0,0,1.0,2,0,3,  ,0,0.0,0,0,1,0,0,0,0,0,0,0,0,0,0,0,0,1,0
5324,2005156157,429.0,417.0,6,6301,40.3503,-75.9274,0,0,0,0,0,0,8,7,2005,7,3.0,3.0,0,1.0,3,0,3,  ,0,0.0,0,0,0,0,0,0,0,0,0,0,0,0,0,0,0,0,0
5325,2005156205,21.0,15.0,6,6301,40.3534,-75.9196,0,0,0,0,0,1,4,7,2005,6,0.0,3.0,0,1.0,3,1,3,  ,3,3.0,0,0,1,0,0,0,0,0,0,0,0,0,0,0,0,0,0
5326,2005156244,1401.0,1355.0,11,11216,40.4303,-78.8472,0,0,0,0,0,0,4,8,2005,7,13.0,1.0,0,1.0,1,2,3,  ,3,3.0,0,0,1,0,0,0,0,0,0,0,0,0,0,0,0,0,0
5327,2005156516,837.0,832.0,2,2207,40.5898,-79.9514,1,0,0,0,0,0,4,8,2005,4,8.0,1.0,0,1.0,3,2,3,  ,3,3.0,1,0,1,0,0,0,0,0,0,0,0,0,0,0,0,0,0
5328,2005156564,1758.0,1756.0,9,9205,40.3302,-75.1621,0,0,0,0,0,0,4,8,2005,4,99.0,1.0,0,1.0,3,2,3,  ,3,3.0,0,0,1,0,0,0,0,0,0,0,0,0,0,0,0,0,0
5329,2005156717,1919.0,1846.0,54,54204,,,1,0,0,0,0,0,4,6,2005,5,18.0,1.0,7,1.0,1,0,3,  ,0,0.0,0,0,1,0,0,0,0,0,0,0,0,0,0,0,0,0,0
5330,2005156732,1009.0,948.0,10,10232,,,1,0,0,0,0,0,2,6,2005,7,9.0,1.0,0,9.0,1,0,3,  ,0,0.0,0,0,0,0,0,0,0,0,0,0,0,0,0,0,0,0,0
5331,2005156736,1408.0,1406.0,15,15301,39.9861,-75.7992,0,1,0,0,0,0,4,8,2005,5,14.0,1.0,0,1.0,3,1,3,  ,3,3.0,0,0,1,0,0,0,0,0,0,0,0,0,0,0,0,0,0
5332,2005156796,1756.0,1752.0,22,22208,40.311,-76.7721,0,0,0,0,0,0,4,7,2005,5,17.0,1.0,0,1.0,3,1,3,  ,3,3.0,1,0,1,0,0,0,0,0,0,0,0,0,0,0,0,0,0
5333,2005156928,1705.0,1701.0,66,66205,,,0,0,0,0,0,0,4,7,2005,1,17.0,1.0,7,1.0,1,0,3,  ,0,0.0,0,0,1,0,0,0,0,0,0,0,0,0,0,0,0,0,1
5334,2005157012,748.0,746.0,32,32408,40.6206,-79.1495,0,0,0,0,0,1,1,6,2005,5,7.0,1.0,0,1.0,2,2,3,  ,0,0.0,1,0,0,0,0,0,0,0,0,0,0,0,0,0,0,0,0
5335,2005157138,1919.0,1918.0,23,23301,39.8612,-75.3512,0,0,0,0,0,0,4,7,2005,4,19.0,1.0,0,1.0,3,2,3,  ,0,0.0,0,0,1,0,0,0,0,0,0,0,0,0,0,0,0,0,0
5336,2005157153,1817.0,1811.0,41,41301,41.2387,-77.0483,0,0,0,0,0,0,4,7,2005,4,18.0,1.0,2,1.0,3,2,3,  ,3,3.0,1,0,1,0,0,0,0,0,0,0,0,0,0,0,0,0,0
5337,2005157190,1845.0,1840.0,21,21208,40.232,-77.1797,0,0,0,0,0,0,4,8,2005,6,18.0,1.0,0,1.0,1,2,3,  ,3,3.0,1,0,1,0,0,0,0,0,0,0,0,0,0,0,0,0,0
5338,2005157231,1936.0,1925.0,22,22208,40.3055,-76.8146,0,0,0,0,1,0,4,7,2005,6,19.0,1.0,0,1.0,3,0,3,  ,0,0.0,0,0,1,0,0,0,0,0,0,0,0,0,0,0,0,0,0
5339,2005157249,1209.0,1204.0,23,23111,39.9296,-75.3107,0,0,0,0,0,0,4,6,2005,4,12.0,1.0,7,1.0,3,0,3,  ,0,0.0,0,0,1,0,0,1,0,0,0,0,0,0,0,0,0,0,0
5340,2005157291,2238.0,2234.0,40,40304,41.2384,-75.8984,0,0,0,0,0,1,8,7,2005,4,22.0,3.0,0,1.0,3,1,3,  ,3,3.0,0,0,0,0,0,0,0,0,0,0,0,0,0,0,0,0,0
5341,2005157297,1549.0,1545.0,48,48301,40.6289,-75.3519,0,0,0,0,0,1,4,7,2005,3,15.0,1.0,0,1.0,3,0,3,  ,0,0.0,0,0,1,0,0,0,0,0,0,0,0,0,0,0,0,0,0
5342,2005157383,1516.0,1514.0,20,20301,41.6346,-80.149,0,0,0,0,0,0,4,8,2005,5,15.0,1.0,0,1.0,2,1,3,  ,2,3.0,0,0,1,0,0,1,0,0,0,0,0,0,0,0,0,0,1
5343,2005157500,1833.0,1814.0,52,52203,41.9139,-77.7544,0,1,0,0,0,0,7,6,2005,1,18.0,1.0,0,1.0,1,0,3,  ,0,0.0,0,1,0,0,0,0,1,0,0,1,0,0,0,0,0,0,0
5344,2005157578,1255.0,1250.0,21,21103,40.2375,-76.9638,0,0,0,0,0,0,4,8,2005,2,12.0,1.0,0,1.0,3,2,3,  ,3,3.0,0,0,1,0,0,0,0,0,0,0,0,0,0,0,0,0,0
5345,2005157652,1854.0,1851.0,2,2113,,,0,0,0,0,0,0,0,7,2005,1,18.0,1.0,0,1.0,3,2,3,  ,3,3.0,0,0,0,0,0,0,0,0,0,0,0,0,0,0,0,0,0
5346,2005157737,1506.0,1500.0,46,46215,40.2279,-75.405,0,0,0,0,0,0,4,6,2005,6,14.0,1.0,0,1.0,1,0,3,  ,0,0.0,0,0,1,0,0,0,0,0,0,0,0,0,0,0,0,0,0
5347,2005157748,2014.0,2012.0,64,64215,,,0,0,0,0,0,0,4,6,2005,3,20.0,1.0,0,1.0,1,1,3,  ,0,0.0,0,0,1,0,0,0,0,0,0,0,0,0,0,0,0,0,0
5348,2005157812,1834.0,1828.0,36,36215,40.0357,-76.2557,0,0,0,0,0,0,6,7,2005,5,18.0,1.0,0,1.0,1,2,3,  ,3,3.0,0,0,0,0,0,0,0,0,0,0,0,0,0,0,0,0,0
5349,2005157876,1317.0,1312.0,7,7301,40.5205,-78.3796,0,0,0,0,0,0,4,7,2005,5,13.0,1.0,0,1.0,3,1,3,  ,3,3.0,0,0,1,0,0,0,0,0,0,0,0,0,0,0,0,0,0
5350,2005157984,1456.0,1451.0,2,2301,40.4199,-79.9871,0,0,0,0,0,0,4,7,2005,1,14.0,1.0,0,1.0,3,0,3,  ,0,0.0,0,0,1,0,0,0,0,0,0,0,0,0,0,0,0,1,0
5351,2005158357,1355.0,1348.0,38,38301,,,0,0,0,0,0,0,4,7,2005,4,13.0,1.0,0,1.0,2,0,3,  ,0,0.0,0,0,1,0,0,0,0,0,0,0,0,0,0,0,0,0,0
5352,2005158359,1347.0,1345.0,9,9202,40.089,-74.927,0,0,0,0,0,0,4,7,2005,6,13.0,1.0,0,1.0,3,2,3,  ,3,3.0,0,0,1,0,0,0,0,0,0,0,0,0,0,0,0,0,0
5353,2005158362,1836.0,1834.0,9,9415,40.4422,-75.3462,0,0,0,0,0,0,4,8,2005,3,18.0,1.0,0,1.0,2,1,3,  ,0,0.0,0,0,1,0,0,0,0,0,0,0,0,0,0,0,0,1,0
5354,2005158673,1602.0,1601.0,43,43403,41.4114,-80.3849,0,0,0,0,0,0,4,5,2005,6,16.0,1.0,0,1.0,2,2,3,  ,0,0.0,0,0,1,0,0,0,0,0,0,0,0,0,0,0,0,0,0
5355,2005158682,810.0,800.0,36,36239,40.0639,-76.4759,0,0,0,0,0,0,4,7,2005,5,8.0,1.0,0,1.0,3,2,3,  ,0,0.0,1,0,1,0,0,0,0,0,0,0,0,0,0,0,0,1,0