,CRN,ARRIVAL_TM,DISPATCH_TM,COUNTY,MUNICIPALITY,DEC_LAT,DEC_LONG,BICYCLE_DEATH_COUNT,BICYCLE_SUSP_SERIOUS_INJ_COUNT,BUS_COUNT,HEAVY_TRUCK_COUNT,SMALL_TRUCK_COUNT,SUV_COUNT,COLLISION_TYPE,CRASH_MONTH,CRASH_YEAR,DAY_OF_WEEK,HOUR_OF_DAY,ILLUMINATION,LOCATION_TYPE,ROAD_CONDITION,URBAN_RURAL,INTERSECT_TYPE,WEATHER1,WEATHER2,TCD_TYPE,TCD_FUNC_CD,AGGRESSIVE_DRIVING,ALCOHOL_RELATED,ANGLE_CRASH,CELL_PHONE,COMM_VEHICLE,DISTRACTED,DRINKING_DRIVER,DRUGGED_DRIVER,FATIGUE_ASLEEP,IMPAIRED_DRIVER,NHTSA_AGG_DRIVING,RUNNING_RED_LT,RUNNING_STOP_SIGN,SPEEDING_RELATED,TAILGATING,MATURE_DRIVER,YOUNG_DRIVER
5356,2005158910,1427.0,1423.0,38,38301,,,0,0,0,0,0,0,4,7,2005,7,14.0,1.0,0,1.0,2,2,3,  ,3,3.0,0,0,1,0,0,0,0,0,0,0,0,0,0,0,0,0,0
5357,2005158943,1416.0,1414.0,46,46101,40.1066,-75.1239,0,0,0,0,0,0,5,7,2005,6,14.0,1.0,2,1.0,3,0,3,  ,2,3.0,0,0,0,0,0,0,0,0,0,0,0,0,0,0,0,0,0
5358,2005159032,9999.0,1553.0,41,41301,41.2483,-77.0072,0,0,0,0,0,1,4,7,2005,4,15.0,1.0,0,1.0,3,5,3,  ,3,2.0,0,0,1,0,0,0,0,0,0,0,0,0,0,0,0,0,0
5359,2005159073,1006.0,1006.0,6,6301,40.3385,-75.9278,0,0,0,0,0,0,4,7,2005,6,9.0,1.0,0,1.0,3,1,3,  ,2,3.0,0,0,1,0,0,0,0,0,0,0,0,0,0,0,0,0,0
5360,2005159129,1716.0,1713.0,41,41301,,,0,0,0,0,0,0,4,7,2005,2,17.0,1.0,0,1.0,3,1,3,  ,3,3.0,0,0,1,0,0,0,0,0,0,0,0,0,0,0,0,0,0
5361,2005159170,1357.0,1349.0,6,6301,,,0,0,0,0,0,0,2,7,2005,6,13.0,1.0,0,1.0,3,1,3,  ,2,3.0,0,0,0,1,0,1,0,0,0,0,0,0,0,0,0,0,0
5362,2005159213,1609.0,1607.0,39,39301,,,0,0,0,0,0,0,4,7,2005,4,16.0,1.0,7,1.0,3,0,3,  ,0,0.0,0,0,1,0,0,0,0,0,0,0,0,0,0,0,0,0,0
5363,2005159262,2045.0,2042.0,21,21103,40.2295,-76.9713,0,0,0,0,0,1,4,8,2005,4,20.0,3.0,0,1.0,3,1,3,  ,2,3.0,0,0,1,0,0,0,0,0,0,0,0,0,0,0,0,0,0
5364,2005159580,2138.0,2135.0,23,23101,39.864,-75.4166,0,0,0,0,0,0,4,7,2005,2,21.0,3.0,0,1.0,3,1,3,  ,2,3.0,0,0,1,0,0,0,0,0,0,0,0,0,0,0,0,0,0
5365,2005159587,1132.0,1128.0,7,7202,40.6348,-78.3016,0,0,0,0,0,0,2,6,2005,7,11.0,1.0,0,9.0,1,0,3,  ,0,0.0,0,0,0,0,0,0,0,0,0,0,0,0,0,0,0,0,0
5366,2005159591,1959.0,1950.0,43,43203,41.3517,-80.3472,0,0,0,0,0,0,5,6,2005,2,19.0,1.0,0,1.0,1,0,3,  ,0,0.0,0,0,0,0,0,0,0,0,0,0,0,0,0,0,0,0,0
5367,2005159765,959.0,958.0,10,10301,40.8529,-79.8917,0,0,0,0,0,0,6,8,2005,7,9.0,1.0,0,1.0,2,0,3,  ,0,0.0,0,0,0,0,0,0,0,0,0,0,0,0,0,0,0,0,0
5368,2005159931,1652.0,1650.0,35,35407,41.4255,-75.6399,0,0,0,0,0,0,4,8,2005,2,16.0,1.0,0,1.0,3,1,3,  ,3,3.0,1,0,1,0,0,0,0,0,0,0,0,0,1,0,0,1,0
5369,2005159982,1635.0,1620.0,14,14201,40.8906,-77.8541,0,0,0,0,0,0,5,7,2005,7,16.0,1.0,0,1.0,1,0,3,  ,0,0.0,1,0,0,0,0,0,0,0,0,0,0,0,0,0,0,0,0
5370,2005160011,1148.0,1142.0,67,67301,,,0,0,0,0,1,0,4,6,2005,2,11.0,1.0,0,1.0,3,5,3,  ,3,9.0,0,0,1,0,0,0,0,0,0,0,0,0,0,0,0,0,0
5371,2005160026,1235.0,1234.0,67,67301,,,0,0,0,0,0,0,4,6,2005,1,12.0,1.0,0,1.0,3,1,3,  ,2,3.0,0,0,1,0,0,0,0,0,0,0,0,0,0,0,0,0,0
5372,2005160030,9999.0,9999.0,67,67301,39.9729,-75.1703,0,0,0,0,0,0,4,7,2005,2,99.0,3.0,0,1.0,3,1,3,  ,2,9.0,0,0,1,0,0,0,0,0,0,0,0,0,0,0,0,0,0
5373,2005160192,1850.0,1847.0,39,39301,40.6103,-75.4671,0,0,0,0,0,0,2,7,2005,4,18.0,1.0,0,9.0,3,2,3,  ,0,0.0,0,0,0,1,0,1,0,0,0,0,0,0,0,0,0,0,0
5374,2005160327,1442.0,1438.0,26,26301,,,0,0,0,0,0,0,4,8,2005,2,14.0,1.0,0,1.0,2,2,3,  ,3,3.0,0,0,1,0,0,0,0,0,0,0,0,0,0,0,0,0,0
5375,2005160403,1807.0,1804.0,67,67301,40.0344,-75.0581,0,0,0,0,0,0,5,6,2005,6,18.0,1.0,0,1.0,3,0,3,  ,0,0.0,0,0,0,0,0,0,0,0,0,0,0,0,0,0,0,0,0
5376,2005160407,2312.0,2304.0,67,67301,40.0659,-75.1593,0,1,0,0,0,0,4,7,2005,7,22.0,3.0,0,1.0,3,1,3,  ,2,2.0,0,0,1,0,0,0,0,0,0,0,0,0,0,0,0,0,0
5377,2005160408,2300.0,2300.0,67,67301,40.0479,-75.1606,0,0,0,0,1,0,4,7,2005,1,20.0,3.0,0,1.0,3,1,3,  ,3,1.0,1,0,1,0,0,0,0,0,0,0,0,0,0,0,0,0,0
5378,2005160565,1535.0,1534.0,46,46413,40.117,-75.3365,0,0,0,0,0,0,4,7,2005,7,15.0,1.0,0,1.0,3,1,3,  ,3,3.0,0,0,1,0,0,0,0,0,0,0,0,0,0,0,0,0,0
5379,2005160587,1632.0,1626.0,39,39301,40.6038,-75.4805,0,0,0,0,1,0,4,7,2005,4,16.0,1.0,0,1.0,3,1,3,  ,3,3.0,0,0,1,0,0,0,0,0,0,0,0,0,0,0,0,0,0
5380,2005160725,902.0,900.0,67,67301,,,0,0,0,0,0,0,4,6,2005,4,8.0,1.0,0,1.0,3,2,3,  ,3,9.0,0,0,1,0,0,0,0,0,0,0,0,0,0,0,0,0,0
5381,2005160728,1750.0,1742.0,67,67301,,,0,0,0,0,1,0,4,6,2005,7,99.0,1.0,0,1.0,3,1,3,  ,3,3.0,0,0,1,0,0,0,0,0,0,0,0,0,0,0,0,0,0
5382,2005160769,1247.0,1245.0,67,67301,,,0,0,0,0,0,0,8,7,2005,1,12.0,1.0,0,1.0,3,1,3,  ,2,3.0,1,0,0,0,0,0,0,0,0,0,0,0,0,0,0,0,0
5383,2005161047,1910.0,1900.0,67,67301,39.992,-75.1216,0,0,0,0,0,0,8,7,2005,1,99.0,1.0,0,1.0,3,2,3,  ,0,0.0,0,0,0,0,0,0,0,0,0,0,0,0,0,0,0,0,0
5384,2005161145,1934.0,1922.0,15,15218,39.9338,-75.9116,0,0,0,0,0,0,5,7,2005,4,19.0,1.0,0,1.0,1,0,3,  ,0,0.0,0,0,0,0,0,0,0,0,0,0,0,0,0,0,0,0,0
5385,2005161181,729.0,726.0,2,2219,40.3305,-79.9876,0,0,0,0,0,0,1,7,2005,4,7.0,1.0,0,1.0,3,5,3,  ,0,0.0,1,0,0,0,0,0,0,0,0,0,0,0,0,0,0,0,0
5386,2005161199,1425.0,1421.0,67,67301,40.0124,-75.0877,0,0,0,0,0,0,5,6,2005,4,14.0,1.0,0,1.0,3,1,3,  ,2,2.0,0,0,0,0,0,0,0,0,0,0,0,0,0,0,0,0,0
5387,2005161202,2005.0,1959.0,67,67301,40.0127,-75.0726,0,0,0,0,0,1,4,7,2005,5,99.0,1.0,0,1.0,3,1,3,  ,3,9.0,0,0,1,0,0,0,0,0,0,0,0,0,0,0,0,0,0
5388,2005161253,1522.0,1532.0,67,67301,39.9876,-75.1418,0,0,0,0,1,0,4,6,2005,1,15.0,1.0,0,1.0,3,1,3,  ,0,0.0,0,0,1,0,0,0,0,0,0,0,0,0,0,0,0,0,0
5389,2005161273,1200.0,1200.0,67,67301,39.9541,-75.1777,0,0,0,0,0,0,5,7,2005,6,11.0,1.0,0,1.0,3,0,3,  ,0,0.0,1,0,0,0,0,0,0,0,0,0,0,0,0,0,0,0,0
5390,2005161278,1545.0,1543.0,67,67301,,,0,0,0,0,0,0,4,7,2005,3,15.0,1.0,7,1.0,3,0,3,  ,0,0.0,0,0,1,0,0,0,0,0,0,0,0,0,0,0,0,0,0
5391,2005161384,2005.0,1952.0,39,39102,40.6271,-75.4813,0,0,0,0,1,0,4,7,2005,7,19.0,1.0,2,1.0,3,7,3,  ,2,3.0,1,0,1,0,0,0,0,0,0,0,0,0,0,0,0,0,0
5392,2005161405,1807.0,1803.0,67,67301,39.9348,-75.1476,0,0,0,0,0,0,1,7,2005,2,4.0,3.0,0,1.0,3,0,3,  ,0,0.0,0,0,0,0,0,0,0,0,0,0,0,0,0,0,0,0,0
5393,2005161443,1316.0,1315.0,4,4426,40.7076,-80.2834,0,0,0,0,0,0,4,7,2005,5,13.0,1.0,0,1.0,3,1,3,  ,3,3.0,1,0,1,0,0,0,0,0,0,0,0,0,0,0,0,0,1
5394,2005161450,2105.0,2100.0,67,67301,,,0,0,0,0,0,0,4,6,2005,4,20.0,3.0,0,1.0,3,1,3,  ,2,9.0,0,0,1,0,0,0,0,0,0,0,0,0,0,0,0,0,0
5395,2005161452,1315.0,1255.0,67,67301,39.9358,-75.1771,0,0,0,1,0,0,7,7,2005,2,12.0,1.0,0,1.0,3,0,3,  ,0,0.0,0,0,0,0,0,0,0,0,0,0,0,0,0,0,0,0,0
5396,2005161457,1910.0,1903.0,67,67301,39.9355,-75.1879,0,0,0,0,0,0,4,7,2005,7,99.0,1.0,0,1.0,3,0,3,  ,0,0.0,0,0,1,0,0,0,0,0,0,0,0,0,0,0,0,0,0
5397,2005161458,719.0,716.0,67,67301,,,0,0,0,0,0,0,8,7,2005,6,7.0,1.0,0,9.0,3,5,7,  ,2,3.0,0,0,0,0,0,1,0,0,0,0,0,0,0,0,0,0,0
5398,2005161465,1522.0,1514.0,36,36217,,,0,0,0,0,0,0,4,6,2005,5,15.0,1.0,0,1.0,1,0,3,  ,0,0.0,0,0,1,0,0,0,0,0,0,0,0,0,0,0,0,0,0
5399,2005161471,1618.0,1615.0,67,67301,39.9817,-75.1244,0,0,0,0,0,0,4,7,2005,3,16.0,1.0,0,1.0,3,1,3,  ,3,9.0,0,0,1,0,0,0,0,0,0,0,0,0,0,0,0,0,0
5400,2005161474,1738.0,1733.0,67,67301,40.0254,-75.1624,0,0,0,0,0,0,4,7,2005,4,17.0,1.0,0,1.0,3,2,3,  ,3,3.0,0,0,1,0,0,0,0,0,0,0,0,0,0,0,0,0,0
5401,2005161534,2105.0,2105.0,67,67301,40.0072,-75.1234,0,0,0,0,0,0,4,6,2005,5,21.0,3.0,0,1.0,3,1,3,  ,2,3.0,0,1,1,0,0,0,1,0,0,1,0,0,0,0,0,0,1
5402,2005161536,2004.0,2000.0,67,67301,40.0204,-75.1347,0,0,0,0,0,1,2,7,2005,2,20.0,1.0,0,1.0,3,2,3,  ,3,9.0,0,0,0,0,0,0,0,0,0,0,0,0,0,0,0,0,0
5403,2005161546,1101.0,1100.0,48,48301,,,0,0,0,0,0,0,5,7,2005,5,10.0,1.0,0,1.0,3,0,3,  ,0,0.0,0,0,0,0,0,0,0,0,0,0,0,0,0,0,0,1,0
5404,2005161741,1125.0,1121.0,67,67301,39.9975,-75.1694,0,0,0,0,0,0,4,6,2005,4,21.0,3.0,0,9.0,3,1,7,  ,3,3.0,0,0,1,0,0,0,0,0,0,0,0,0,0,0,0,0,0
5405,2005161750,1840.0,1839.0,67,67301,39.9272,-75.1819,0,0,0,0,0,0,4,6,2005,6,18.0,1.0,0,1.0,3,2,3,  ,8,3.0,0,0,1,0,0,0,0,0,0,0,0,0,0,0,0,0,0
5406,2005161784,1401.0,1358.0,38,38406,40.3133,-76.5838,0,0,0,0,0,0,4,7,2005,6,13.0,1.0,0,1.0,3,0,3,  ,0,0.0,0,0,1,0,0,1,0,0,0,0,0,0,0,0,0,0,0
5407,2005161805,9999.0,9999.0,67,67301,,,0,0,0,0,0,0,1,6,2005,1,3.0,3.0,0,1.0,3,0,3,  ,0,0.0,0,0,0,0,0,0,0,0,0,0,0,0,0,0,0,0,0
5408,2005161842,111.0,1107.0,67,67301,39.9946,-75.0788,0,0,0,0,0,0,4,6,2005,4,6.0,1.0,8,1.0,3,0,3,  ,0,0.0,1,0,1,0,0,0,0,0,0,0,0,0,0,1,0,0,0
5409,2005161902,2231.0,2230.0,67,67301,,,0,0,0,0,0,0,4,6,2005,1,22.0,3.0,0,1.0,3,1,3,  ,3,3.0,0,0,1,0,0,0,0,0,0,0,0,0,0,0,0,0,0
5410,2005161961,1404.0,1259.0,67,67301,40.0477,-75.06,0,0,0,0,0,0,8,6,2005,6,12.0,1.0,0,1.0,3,1,3,  ,2,3.0,1,0,0,0,0,0,0,0,0,0,0,0,0,0,0,0,0
5411,2005161979,1420.0,1416.0,67,67301,39.9772,-75.2655,0,0,0,0,0,0,4,6,2005,6,14.0,1.0,0,1.0,3,2,3,  ,2,2.0,1,0,1,0,0,0,0,0,0,0,0,1,0,0,0,0,0
5412,2005162019,1306.0,1306.0,67,67301,,,0,0,0,0,0,0,4,7,2005,7,13.0,1.0,0,1.0,3,1,3,  ,0,0.0,0,0,1,0,0,0,0,0,0,0,0,0,0,0,0,0,0
5413,2005162027,1310.0,1310.0,36,36211,40.0581,-76.5678,0,0,0,0,0,1,2,7,2005,7,13.0,1.0,0,1.0,1,1,3,  ,0,0.0,1,0,0,0,0,0,0,0,0,0,0,0,0,0,0,1,0
5414,2005162186,1307.0,1305.0,25,25302,42.108,-80.0761,0,0,0,0,0,0,4,7,2005,1,15.0,1.0,0,1.0,3,1,3,  ,2,3.0,0,0,1,0,0,0,0,0,0,0,0,0,0,0,0,1,0
5415,2005162211,1859.0,1858.0,67,67301,40.0088,-75.0997,0,0,0,0,0,0,4,6,2005,7,99.0,1.0,0,1.0,3,1,3,  ,3,9.0,0,0,1,0,0,0,0,0,0,0,0,0,0,0,0,1,0
5416,2005162292,1257.0,1249.0,39,39104,40.5509,-75.588,0,0,0,0,0,0,4,7,2005,3,12.0,1.0,7,9.0,3,0,7,  ,0,0.0,1,0,1,0,0,0,0,0,0,0,0,0,0,0,0,1,0
5417,2005162301,1107.0,1106.0,48,48301,40.6308,-75.3751,0,0,0,0,0,0,4,7,2005,1,11.0,1.0,0,1.0,3,1,3,  ,2,3.0,0,0,1,0,0,0,0,0,0,0,0,0,0,0,0,0,0
5418,2005162310,724.0,723.0,36,36218,40.1641,-76.1542,0,0,0,0,1,0,5,6,2005,2,7.0,1.0,7,1.0,1,0,3,  ,2,3.0,1,0,0,0,0,0,0,0,0,0,0,0,0,0,0,0,0
5419,2005162321,1600.0,1557.0,67,67301,40.0074,-75.0781,0,0,0,0,0,0,4,6,2005,3,15.0,1.0,0,1.0,3,1,3,  ,2,3.0,0,0,1,0,0,0,0,0,0,0,0,0,0,0,0,0,0
5420,2005162356,1516.0,1455.0,34,34208,40.6419,-77.2699,0,0,0,0,0,0,2,7,2005,6,14.0,1.0,0,1.0,1,0,3,  ,0,0.0,0,0,0,0,0,0,0,0,0,0,0,0,0,0,0,1,0
5421,2005162403,1608.0,1602.0,67,67301,40.0252,-75.2229,0,0,0,0,0,0,4,6,2005,6,15.0,1.0,0,1.0,3,0,3,  ,0,0.0,0,0,1,0,0,0,0,0,0,0,0,0,0,0,0,0,0
5422,2005162406,810.0,805.0,67,67301,,,0,0,0,0,0,0,8,6,2005,1,8.0,1.0,0,1.0,3,3,3,  ,0,0.0,0,0,0,0,0,0,0,0,0,0,0,0,0,0,0,0,1
5423,2005162423,1657.0,1654.0,67,67301,39.9876,-75.1295,0,0,0,0,0,0,8,6,2005,2,16.0,1.0,0,1.0,3,0,3,  ,0,0.0,0,0,0,0,0,0,0,0,0,0,0,0,0,0,0,0,0
5424,2005162429,518.0,516.0,67,67301,,,0,0,0,0,0,0,4,6,2005,6,5.0,5.0,0,1.0,3,2,3,  ,0,0.0,0,0,1,0,0,0,0,0,0,0,0,0,0,0,0,0,0
5425,2005162454,1355.0,1354.0,2,2456,40.4081,-79.8772,0,0,0,0,0,0,8,7,2005,6,13.0,1.0,0,1.0,3,1,3,  ,2,3.0,1,0,0,0,0,0,0,0,0,0,1,1,0,0,0,0,0
5426,2005162473,1445.0,1437.0,10,10301,40.8672,-79.8943,0,0,1,0,0,0,4,8,2005,4,14.0,1.0,0,1.0,2,1,3,  ,3,3.0,0,0,1,0,1,0,0,0,0,0,0,0,0,0,0,0,0
5427,2005162477,1322.0,1322.0,10,10301,40.8619,-79.9052,0,0,0,0,0,0,4,8,2005,4,12.0,1.0,0,1.0,2,2,3,  ,3,3.0,0,0,1,0,0,0,0,0,0,0,0,0,0,0,0,0,0
5428,2005162495,500.0,500.0,36,36227,40.1264,-76.3791,0,0,0,0,1,0,4,8,2005,4,4.0,2.0,0,1.0,1,3,5,  ,3,3.0,1,0,1,0,0,0,0,0,0,0,0,0,0,0,0,0,0
5429,2005164624,2313.0,2313.0,36,36404,,,0,0,0,0,0,1,4,8,2005,7,23.0,3.0,0,1.0,3,1,3,  ,3,3.0,0,1,1,0,0,1,0,0,0,0,0,0,0,0,0,0,1
5430,2005164856,2020.0,2020.0,1,1408,,,0,0,0,0,1,0,4,8,2005,7,20.0,3.0,0,9.0,1,1,7,  ,3,3.0,0,0,1,0,0,0,0,0,0,0,0,0,0,0,0,0,0
5431,2005165142,1546.0,1542.0,38,38406,40.3142,-76.5886,0,0,0,0,1,0,1,8,2005,6,15.0,1.0,0,1.0,3,0,3,  ,3,3.0,0,0,0,0,0,0,0,0,0,0,0,0,0,0,0,0,0
5432,2005166962,1620.0,1609.0,50,50201,40.5055,-77.0429,0,0,0,0,0,0,4,6,2005,4,16.0,1.0,0,1.0,1,2,99,  ,0,0.0,0,0,1,0,0,0,0,0,0,0,0,0,0,0,0,0,0
5433,2005166986,1833.0,1828.0,2,2301,40.4754,-79.9583,0,0,0,0,0,1,4,8,2005,4,18.0,1.0,0,1.0,3,2,3,  ,0,0.0,0,0,1,0,0,0,0,0,0,0,0,0,0,0,0,0,0
5434,2005166989,2232.0,2232.0,16,16204,41.2033,-79.3515,0,0,0,0,0,0,4,7,2005,6,22.0,2.0,0,1.0,1,0,3,  ,0,0.0,0,0,1,0,0,1,0,0,0,0,0,0,0,0,0,0,0
5435,2005166990,1752.0,1725.0,42,42203,41.9798,-78.2944,0,0,0,0,0,0,1,7,2005,7,17.0,1.0,0,1.0,1,0,3,  ,0,0.0,0,0,0,0,0,0,0,0,0,0,0,0,0,0,0,0,0
5436,2005167097,1225.0,1220.0,23,23204,39.8755,-75.5008,0,0,0,0,0,0,4,7,2005,4,12.0,1.0,0,1.0,3,1,3,  ,3,3.0,0,0,1,0,0,0,0,0,0,0,0,0,0,0,0,1,0
5437,2005167201,1932.0,1928.0,7,7301,40.5403,-78.3797,0,0,0,0,0,0,4,8,2005,2,19.0,1.0,0,1.0,3,1,3,  ,0,0.0,0,0,1,0,0,0,0,0,0,0,0,0,0,0,0,0,0
5438,2005167202,1140.0,1140.0,7,7301,,,0,0,0,0,0,0,4,7,2005,7,11.0,1.0,0,1.0,3,1,3,  ,7,3.0,1,0,1,0,0,0,0,0,0,0,0,0,0,0,0,1,0
5439,2005167204,1758.0,1756.0,14,14410,40.8009,-77.8594,0,0,1,0,0,0,4,8,2005,5,17.0,1.0,0,1.0,3,0,3,  ,0,0.0,0,0,1,0,1,0,0,0,0,0,0,0,0,0,0,0,0
5440,2005167271,1703.0,1659.0,25,25301,41.9204,-79.6404,0,0,0,0,0,1,1,7,2005,4,16.0,1.0,0,1.0,2,1,3,  ,2,3.0,0,0,0,0,0,0,0,0,0,0,0,0,0,0,0,0,0
5441,2005167317,2128.0,2128.0,40,40304,41.2533,-75.8663,0,0,0,0,1,0,4,7,2005,3,21.0,3.0,0,1.0,3,1,3,  ,3,3.0,0,0,1,0,0,0,0,0,0,0,0,0,0,0,0,0,0
5442,2005167318,118.0,113.0,40,40304,41.2482,-75.884,0,0,0,0,0,0,4,8,2005,4,1.0,3.0,0,1.0,3,1,3,  ,2,3.0,1,0,1,0,0,0,0,0,0,0,0,0,0,0,0,0,1
5443,2005167333,1434.0,1428.0,66,66101,,,0,0,0,0,0,0,6,8,2005,4,14.0,1.0,0,1.0,1,0,3,  ,0,0.0,0,0,0,0,0,0,0,0,0,0,0,0,0,0,0,0,1
5444,2005167388,1920.0,1912.0,5,5208,,,0,0,0,0,0,0,2,7,2005,5,19.0,1.0,0,1.0,1,0,3,  ,0,0.0,0,0,0,0,0,1,0,0,0,0,0,0,0,0,0,0,0
5445,2005167503,2020.0,2018.0,6,6301,,,0,0,0,0,0,0,2,8,2005,5,20.0,1.0,0,1.0,3,1,3,  ,3,3.0,0,0,0,0,0,0,0,0,0,0,0,0,0,0,0,0,0
5446,2005167660,1335.0,1329.0,25,25302,42.124,-80.043,0,0,0,0,0,0,4,7,2005,1,13.0,1.0,0,1.0,3,0,3,  ,2,3.0,0,0,1,0,0,0,0,0,0,0,0,0,0,0,0,0,0
5447,2005167661,1635.0,1633.0,25,25302,42.1344,-80.0651,0,0,0,0,0,0,8,7,2005,2,16.0,1.0,0,1.0,3,1,3,  ,2,3.0,0,0,0,0,0,0,0,0,0,0,0,0,0,0,0,1,0
5448,2005167670,1952.0,1942.0,25,25302,42.0956,-80.0844,0,0,0,0,0,0,4,8,2005,3,19.0,1.0,0,1.0,3,0,3,  ,0,0.0,1,0,1,0,0,0,0,0,0,0,0,0,0,0,0,0,1
5449,2005167705,1900.0,1851.0,46,46104,40.0251,-75.2292,0,0,0,0,0,0,4,7,2005,6,18.0,1.0,2,1.0,3,1,3,  ,2,3.0,0,1,1,0,0,0,1,0,0,1,0,0,0,0,0,0,0
5450,2005167718,1656.0,1652.0,66,66301,39.9658,-76.7249,0,1,0,0,0,0,4,7,2005,6,16.0,1.0,0,1.0,3,1,3,  ,3,3.0,0,0,1,0,0,0,0,0,0,0,0,0,0,0,0,0,0
5451,2005167755,1750.0,1747.0,9,9407,40.1748,-74.9282,0,0,0,0,0,1,8,7,2005,3,17.0,1.0,0,1.0,3,0,3,  ,0,0.0,0,0,0,0,0,0,0,0,0,0,0,0,0,0,0,1,0
5452,2005167788,1230.0,1229.0,9,9226,40.1865,-75.0556,0,0,0,0,0,0,4,6,2005,4,12.0,1.0,0,1.0,3,0,3,  ,0,0.0,1,0,1,0,0,0,0,0,0,0,0,0,0,0,0,1,0
5453,2005167868,2056.0,2039.0,17,17212,40.8771,-78.252,0,1,0,0,0,1,4,7,2005,3,20.0,1.0,7,1.0,1,0,3,  ,0,0.0,0,0,1,0,0,0,0,0,0,0,0,0,0,0,0,0,1
5454,2005167943,2050.0,2049.0,7,7301,,,0,0,0,0,0,0,4,8,2005,1,99.0,3.0,0,1.0,3,0,3,  ,0,0.0,0,0,1,0,0,0,0,0,0,0,0,0,0,0,0,1,0
5455,2005167989,1609.0,1606.0,46,46413,40.1202,-75.3389,0,0,0,0,0,0,4,7,2005,7,16.0,1.0,0,1.0,3,2,3,  ,0,0.0,0,0,1,0,0,0,0,0,0,0,0,0,0,0,0,0,0
5456,2005168046,1702.0,1700.0,46,46109,40.1594,-75.215,0,0,0,0,0,0,4,7,2005,1,17.0,1.0,0,1.0,3,1,3,  ,2,3.0,0,0,1,0,0,0,0,0,0,0,0,0,0,0,0,1,0
5457,2005168078,1358.0,1351.0,41,41301,,,0,0,0,0,1,0,4,7,2005,4,13.0,1.0,0,1.0,3,2,3,  ,0,0.0,0,0,1,0,0,0,0,0,0,0,0,0,0,0,0,0,0
5458,2005168089,1241.0,1240.0,46,46107,40.0978,-75.2956,0,0,0,0,0,0,7,7,2005,5,12.0,1.0,0,1.0,3,0,3,  ,0,0.0,1,0,0,0,0,0,0,0,0,0,0,0,0,0,0,0,0
5459,2005168096,855.0,853.0,62,62222,40.2771,-80.1363,0,1,0,0,0,0,4,7,2005,5,8.0,1.0,0,1.0,3,2,3,  ,3,3.0,1,0,1,0,0,0,0,0,0,0,0,0,0,0,0,0,0
5460,2005168550,1345.0,1341.0,39,39102,40.6171,-75.4901,0,0,0,0,0,0,4,8,2005,2,13.0,1.0,0,1.0,3,1,3,  ,3,3.0,0,0,1,0,0,0,0,0,0,0,0,0,0,0,0,1,0
5461,2005169185,1002.0,1001.0,23,23112,39.9823,-75.3649,0,0,0,0,0,0,4,7,2005,3,10.0,1.0,0,1.0,3,1,3,  ,2,3.0,0,0,1,0,0,0,0,0,0,0,0,0,0,0,0,1,0
5462,2005169212,1846.0,1840.0,14,14407,40.8011,-78.0523,0,0,0,0,0,0,4,7,2005,4,18.0,1.0,0,1.0,1,0,3,  ,0,0.0,1,0,1,0,0,0,0,0,0,0,0,0,0,0,0,0,1
5463,2005169297,1527.0,1452.0,32,32410,40.7697,-79.0508,0,0,0,0,0,0,4,7,2005,4,14.0,1.0,0,1.0,1,0,3,  ,0,0.0,0,0,1,0,0,0,0,0,0,0,0,0,0,0,0,0,0
5464,2005170164,1639.0,1639.0,9,9212,40.154,-74.9726,0,0,0,0,1,0,1,7,2005,2,16.0,1.0,0,1.0,3,0,3,  ,0,0.0,1,0,0,0,0,1,0,0,0,0,0,0,0,0,0,0,0
5465,2005170454,1211.0,1154.0,66,66202,39.8154,-76.47,0,1,0,0,0,0,4,7,2005,7,11.0,1.0,7,1.0,1,0,3,  ,0,0.0,0,0,1,0,0,0,0,0,0,0,0,0,0,0,0,0,0
5466,2005170525,1320.0,1313.0,6,6301,,,0,0,0,0,0,0,4,8,2005,6,13.0,1.0,0,1.0,3,1,3,  ,3,2.0,0,0,1,0,0,0,0,0,0,0,0,0,0,0,0,0,0
5467,2005170586,1215.0,1130.0,39,39407,40.5157,-75.5556,0,1,0,0,1,0,4,6,2005,4,11.0,1.0,0,1.0,3,1,3,  ,3,2.0,0,0,1,0,0,0,0,0,0,0,0,0,0,0,0,0,0
5468,2005170630,1744.0,1740.0,40,40426,41.3055,-75.8698,0,0,0,0,0,0,2,9,2005,5,17.0,1.0,0,1.0,3,0,3,  ,0,0.0,0,0,0,0,0,0,0,0,0,0,0,0,0,0,0,1,0
5469,2005170964,1611.0,1609.0,38,38208,,,0,0,0,0,0,0,4,8,2005,3,16.0,1.0,0,1.0,1,0,3,  ,0,0.0,0,0,1,0,0,0,0,0,0,0,0,0,0,0,0,0,0
5470,2005171178,1644.0,1641.0,6,6404,,,0,0,0,0,0,1,6,8,2005,2,16.0,1.0,7,1.0,3,1,3,  ,0,0.0,0,0,0,0,0,0,0,0,0,0,0,0,0,0,0,0,0
5471,2005172387,1353.0,1353.0,7,7402,,,0,0,0,0,0,0,2,7,2005,5,13.0,1.0,0,1.0,3,0,3,  ,0,0.0,0,0,0,0,0,0,0,0,0,0,0,0,0,0,0,0,0
5472,2005172403,9999.0,1205.0,40,40304,41.2493,-75.8756,0,0,0,0,0,0,4,8,2005,6,7.0,1.0,0,1.0,3,0,3,  ,0,0.0,0,0,1,0,0,0,0,0,0,0,0,0,0,0,0,0,0
5473,2005172494,1345.0,1341.0,39,39301,40.6207,-75.4527,0,0,0,0,0,0,4,8,2005,6,13.0,1.0,0,1.0,3,1,3,  ,2,3.0,1,0,1,0,0,0,0,0,0,0,0,0,0,0,0,0,0