,CRN,ARRIVAL_TM,DISPATCH_TM,COUNTY,MUNICIPALITY,DEC_LAT,DEC_LONG,BICYCLE_DEATH_COUNT,BICYCLE_SUSP_SERIOUS_INJ_COUNT,BUS_COUNT,HEAVY_TRUCK_COUNT,SMALL_TRUCK_COUNT,SUV_COUNT,COLLISION_TYPE,CRASH_MONTH,CRASH_YEAR,DAY_OF_WEEK,HOUR_OF_DAY,ILLUMINATION,LOCATION_TYPE,ROAD_CONDITION,URBAN_RURAL,INTERSECT_TYPE,WEATHER1,WEATHER2,TCD_TYPE,TCD_FUNC_CD,AGGRESSIVE_DRIVING,ALCOHOL_RELATED,ANGLE_CRASH,CELL_PHONE,COMM_VEHICLE,DISTRACTED,DRINKING_DRIVER,DRUGGED_DRIVER,FATIGUE_ASLEEP,IMPAIRED_DRIVER,NHTSA_AGG_DRIVING,RUNNING_RED_LT,RUNNING_STOP_SIGN,SPEEDING_RELATED,TAILGATING,MATURE_DRIVER,YOUNG_DRIVER
5474,2005172520,1236.0,1236.0,46,46225,40.1622,-75.2822,0,0,0,0,0,0,5,7,2005,7,12.0,1.0,0,1.0,3,2,3,  ,2,3.0,1,0,0,0,0,0,0,0,0,0,0,0,0,0,0,0,0
5475,2005172574,1755.0,1755.0,35,35302,,,0,0,0,0,0,0,4,7,2005,2,17.0,1.0,0,1.0,3,0,3,  ,0,0.0,0,0,1,0,0,0,0,0,0,0,0,0,0,0,0,0,0
5476,2005172691,1818.0,1814.0,9,9202,40.0934,-74.9153,0,0,0,0,1,0,4,8,2005,6,18.0,1.0,0,1.0,3,2,3,  ,3,3.0,0,0,1,0,0,0,0,0,0,0,0,0,0,0,0,0,0
5477,2005172849,1822.0,1820.0,15,15411,40.1222,-75.5139,0,0,0,0,0,0,4,7,2005,5,18.0,1.0,0,1.0,3,0,3,  ,0,0.0,0,0,1,0,0,1,0,0,0,0,0,0,0,0,0,1,0
5478,2005172858,1654.0,1651.0,7,7301,,,0,0,0,0,0,1,4,7,2005,5,16.0,1.0,0,1.0,3,1,3,  ,3,3.0,0,0,1,0,0,0,0,0,0,0,0,0,0,0,0,0,1
5479,2005172930,1607.0,1605.0,46,46202,40.141,-75.3132,0,0,0,0,0,1,4,8,2005,5,16.0,1.0,0,1.0,3,0,3,  ,0,0.0,0,0,1,0,0,1,0,0,0,0,0,0,0,0,0,0,0
5480,2005172959,2003.0,2000.0,7,7301,,,0,0,0,0,0,0,4,8,2005,4,20.0,1.0,0,1.0,3,1,3,  ,3,3.0,0,0,1,0,0,0,0,0,0,0,0,0,0,0,0,0,0
5481,2005173021,1555.0,1549.0,67,67301,40.0394,-75.1101,1,0,0,0,0,0,4,7,2005,5,15.0,1.0,1,1.0,3,0,3,  ,0,0.0,0,0,1,0,0,0,0,0,0,0,0,0,0,0,0,0,0
5482,2005173123,1525.0,1517.0,66,66433,40.0239,-76.5384,0,1,0,0,0,0,4,9,2005,5,15.0,1.0,0,1.0,1,0,3,  ,0,0.0,0,1,1,0,0,0,1,0,0,1,0,0,0,0,0,1,0
5483,2005173294,1604.0,1601.0,46,46110,,,0,0,0,0,0,0,4,4,2005,1,16.0,1.0,0,1.0,3,0,3,  ,0,0.0,0,1,1,0,0,0,1,0,0,1,0,0,0,0,0,1,0
5484,2005173323,1325.0,1321.0,36,36301,40.0368,-76.3083,0,0,0,0,0,0,4,7,2005,7,13.0,1.0,0,1.0,3,1,3,  ,3,3.0,0,0,1,0,0,0,0,0,0,0,0,0,0,0,0,0,0
5485,2005173402,1833.0,1833.0,23,23111,,,0,0,0,0,0,0,4,7,2005,7,18.0,1.0,0,1.0,3,2,3,  ,3,3.0,0,0,1,0,0,0,0,0,0,0,0,0,0,0,0,1,0
5486,2005173455,1715.0,1700.0,62,62424,40.2047,-79.9296,0,0,0,0,0,0,4,7,2005,4,16.0,1.0,1,1.0,3,2,3,  ,3,3.0,0,0,1,0,0,0,0,0,0,0,0,0,0,0,0,0,0
5487,2005173673,1824.0,1824.0,6,6409,,,0,0,0,0,1,0,4,8,2005,2,18.0,1.0,7,1.0,3,0,3,  ,3,3.0,0,0,1,0,0,0,0,0,0,0,0,0,0,0,0,0,0
5488,2005173783,1335.0,1327.0,2,2301,40.4235,-80.0096,0,0,0,0,0,0,4,8,2005,3,13.0,1.0,0,1.0,3,2,3,  ,3,3.0,0,0,1,0,0,0,0,0,0,0,0,0,0,0,0,0,0
5489,2005173938,1036.0,1032.0,36,36210,40.2083,-76.127,0,0,0,0,1,0,5,8,2005,1,10.0,1.0,0,1.0,1,2,3,  ,0,0.0,1,0,0,0,0,0,0,0,0,0,0,0,0,0,0,0,0
5490,2005173976,1527.0,1525.0,37,37301,,,0,0,0,0,0,0,4,8,2005,7,15.0,1.0,0,1.0,2,1,3,  ,2,3.0,0,0,1,0,0,0,0,0,0,0,0,0,0,0,0,0,0
5491,2005173981,1541.0,1539.0,25,25213,42.1014,-80.163,0,0,0,0,0,0,4,8,2005,4,15.0,1.0,0,1.0,3,1,3,  ,3,3.0,1,0,1,0,0,0,0,0,0,0,0,0,0,0,0,0,0
5492,2005173985,1616.0,1611.0,25,25213,42.0674,-80.0895,0,0,0,0,0,0,4,8,2005,6,16.0,1.0,0,1.0,3,2,3,  ,0,0.0,0,0,1,0,0,0,0,0,0,0,0,0,0,0,0,0,0
5493,2005173988,1251.0,1246.0,25,25213,42.0732,-80.1829,0,0,0,0,0,0,5,8,2005,4,12.0,1.0,0,1.0,3,2,3,  ,2,3.0,0,0,0,0,0,0,0,0,0,0,0,0,0,0,0,0,0
5494,2005174003,1943.0,1942.0,46,46104,39.9901,-75.2759,0,0,0,0,0,0,5,8,2005,3,19.0,4.0,0,1.0,3,2,3,  ,0,0.0,0,0,0,0,0,0,0,0,0,0,0,0,0,0,0,0,0
5495,2005174319,1615.0,1612.0,25,25302,,,0,0,0,0,0,0,5,8,2005,6,16.0,1.0,0,1.0,3,0,99,  ,0,0.0,0,0,0,0,0,0,0,0,0,0,0,0,0,0,0,0,0
5496,2005174458,2214.0,2210.0,41,41301,41.2425,-77.0021,0,0,0,0,0,0,4,8,2005,3,22.0,3.0,0,1.0,3,1,3,  ,2,3.0,0,0,1,0,0,0,0,0,0,0,0,0,0,0,0,0,1
5497,2005174528,1548.0,1547.0,6,6222,40.442,-75.8818,0,1,0,0,1,0,4,9,2005,6,15.0,1.0,0,1.0,1,2,3,  ,3,3.0,0,0,1,0,0,0,0,0,0,0,0,0,0,0,0,0,0
5498,2005174549,1340.0,1335.0,22,22301,40.2785,-76.8693,0,0,0,0,0,0,4,9,2005,4,13.0,1.0,0,1.0,3,1,3,  ,2,3.0,0,0,1,0,0,0,0,0,0,0,0,0,0,0,0,0,0
5499,2005174633,1540.0,1538.0,25,25302,,,0,0,0,0,0,0,4,8,2005,1,15.0,1.0,0,1.0,3,2,3,  ,3,3.0,0,0,1,0,0,0,0,0,0,0,0,0,0,0,0,0,0
5500,2005174634,941.0,932.0,39,39301,,,0,0,0,0,0,0,4,8,2005,4,9.0,1.0,0,1.0,3,2,3,  ,0,0.0,0,0,1,0,0,0,0,0,0,0,0,0,0,0,0,0,0
5501,2005174668,1820.0,1816.0,36,36223,40.0388,-76.3581,0,0,0,0,0,0,4,8,2005,5,18.0,1.0,0,1.0,1,0,3,  ,0,0.0,1,0,1,0,0,0,0,0,0,0,0,0,0,0,0,0,0
5502,2005174669,1805.0,1803.0,38,38301,,,0,0,0,0,0,0,4,7,2005,6,18.0,1.0,0,1.0,2,2,3,  ,0,0.0,0,0,1,0,0,0,0,0,0,0,0,0,0,0,0,0,0
5503,2005174709,1842.0,1842.0,39,39402,40.6546,-75.4752,0,0,0,0,0,1,4,8,2005,2,18.0,1.0,0,1.0,3,1,3,  ,3,3.0,0,0,1,0,0,0,0,0,0,0,0,0,0,0,0,0,0
5504,2005174814,1329.0,1328.0,48,48209,40.6922,-75.3389,0,0,0,0,0,1,4,8,2005,4,13.0,1.0,0,1.0,1,0,3,  ,0,0.0,0,0,1,0,0,0,0,0,0,0,0,0,0,0,0,0,0
5505,2005174919,1755.0,1755.0,4,4421,,,0,0,0,0,0,0,2,8,2005,1,17.0,1.0,0,1.0,3,0,3,  ,0,0.0,0,0,0,0,0,0,0,0,0,0,0,0,0,0,0,0,0
5506,2005174956,1215.0,1214.0,39,39301,40.6078,-75.4869,0,0,0,0,0,0,4,8,2005,4,12.0,1.0,0,1.0,3,1,3,  ,0,0.0,0,0,1,0,0,0,0,0,0,0,0,0,0,0,0,0,0
5507,2005174969,1324.0,1323.0,7,7401,40.6026,-78.3375,0,0,0,0,0,0,6,8,2005,2,13.0,1.0,0,1.0,1,1,3,  ,0,0.0,0,0,0,0,0,0,0,0,0,0,0,0,0,0,0,0,0
5508,2005175030,13.0,8.0,25,25302,42.1235,-80.0812,0,0,0,0,0,0,4,8,2005,7,0.0,3.0,0,1.0,3,1,3,  ,2,3.0,0,0,1,0,0,0,0,0,0,0,0,0,0,0,0,0,0
5509,2005175121,1153.0,1151.0,23,23418,,,0,0,0,0,0,0,4,8,2005,5,11.0,1.0,0,1.0,3,0,3,  ,0,0.0,0,0,1,0,0,0,0,0,0,0,0,0,0,0,0,0,0
5510,2005175273,1330.0,1256.0,20,20223,41.798,-80.3367,0,0,0,0,0,1,1,7,2005,7,12.0,1.0,0,1.0,1,0,3,  ,0,0.0,0,0,0,0,0,0,0,0,0,0,0,0,0,0,0,0,0
5511,2005175387,1320.0,1310.0,25,25302,,,0,0,0,0,0,0,4,8,2005,6,13.0,1.0,0,1.0,3,2,3,  ,0,0.0,0,0,1,0,0,0,0,0,0,0,0,0,0,0,0,0,0
5512,2005175461,1919.0,1913.0,7,7301,,,0,0,0,0,0,1,4,8,2005,5,19.0,1.0,0,1.0,3,0,3,  ,0,0.0,0,0,1,0,0,0,0,0,0,0,0,0,0,0,0,0,0
5513,2005175740,1530.0,1526.0,22,22202,40.2599,-76.6529,0,0,0,0,0,0,4,9,2005,2,15.0,1.0,0,1.0,3,0,3,  ,0,0.0,0,0,1,0,0,0,0,0,0,0,0,0,0,0,0,0,0
5514,2005175743,1855.0,1850.0,2,2209,40.5531,-79.8913,0,0,0,0,0,0,0,9,2005,2,18.0,1.0,0,1.0,3,1,3,  ,3,3.0,1,0,0,0,0,0,0,0,0,0,0,0,1,0,0,0,0
5515,2005177211,1713.0,1659.0,60,60218,41.3847,-79.8494,1,0,0,0,0,0,4,6,2005,4,16.0,1.0,7,1.0,1,0,3,  ,0,0.0,0,0,1,0,0,0,0,0,0,0,0,0,0,0,0,0,1
5516,2005177219,1703.0,1659.0,46,46102,40.0848,-75.1584,0,0,0,0,0,0,5,6,2005,6,16.0,1.0,0,1.0,3,0,3,  ,0,0.0,0,0,0,0,0,1,0,0,0,0,0,0,0,0,0,0,1
5517,2005177321,1850.0,1842.0,53,53411,,,0,0,0,0,0,1,4,9,2005,4,18.0,4.0,0,1.0,2,1,3,  ,3,3.0,0,0,1,0,0,0,0,0,0,0,0,0,0,0,0,0,0
5518,2005177390,612.0,610.0,25,25213,42.0738,-80.1438,1,0,1,0,0,0,4,8,2005,2,6.0,5.0,7,1.0,3,0,3,  ,0,0.0,1,0,1,0,1,0,0,0,0,0,0,0,0,0,0,0,0
5519,2005177399,232.0,216.0,32,32206,40.4553,-79.2097,1,0,0,0,0,0,7,7,2005,6,2.0,2.0,0,1.0,1,3,3,  ,0,0.0,1,1,0,0,0,0,0,0,0,0,0,0,0,1,0,0,0
5520,2005180565,1811.0,1810.0,42,42402,41.6624,-78.811,0,0,0,0,1,0,4,8,2005,4,18.0,1.0,0,1.0,1,0,3,  ,0,0.0,0,0,1,0,0,0,0,0,0,0,0,0,0,0,0,0,0
5521,2005180630,1437.0,1435.0,10,10301,,,0,1,0,0,0,1,4,7,2005,7,14.0,1.0,0,1.0,2,2,3,  ,0,0.0,0,0,1,0,0,0,0,0,0,0,0,0,0,0,0,1,0
5522,2005180695,1037.0,1028.0,6,6301,,,0,0,0,0,1,0,5,8,2005,6,10.0,1.0,1,1.0,3,0,3,  ,0,0.0,0,0,0,0,0,0,0,0,0,0,0,0,0,0,0,0,0
5523,2005180800,1044.0,1040.0,35,35302,41.4108,-75.665,0,0,0,0,0,0,4,8,2005,4,10.0,1.0,0,1.0,3,1,3,  ,2,3.0,0,0,1,0,0,0,0,0,0,0,0,0,0,0,0,0,0
5524,2005180803,1309.0,1307.0,25,25207,41.9905,-80.355,0,1,0,0,0,0,1,7,2005,5,13.0,1.0,0,1.0,1,0,3,  ,0,0.0,1,0,0,0,0,0,0,0,0,0,0,0,0,0,0,0,0
5525,2005180828,1521.0,1521.0,48,48301,40.6063,-75.3877,0,0,0,0,0,0,4,8,2005,2,15.0,1.0,0,1.0,3,1,3,  ,0,0.0,0,0,1,0,0,0,0,0,0,0,0,0,0,0,0,0,1
5526,2005180878,1651.0,1649.0,38,38301,40.3336,-76.4213,0,0,0,0,0,0,4,8,2005,3,16.0,1.0,0,1.0,2,1,3,  ,0,0.0,0,0,1,0,0,0,0,0,0,0,0,0,0,0,0,1,0
5527,2005181040,1454.0,1454.0,9,9101,,,0,0,0,0,0,1,1,8,2005,1,14.0,1.0,0,1.0,3,0,3,  ,0,0.0,0,0,0,0,0,0,0,0,0,0,0,0,0,0,0,0,0
5528,2005181073,2038.0,2034.0,9,9202,40.1051,-74.9508,0,0,0,0,0,0,4,8,2005,5,20.0,3.0,7,1.0,3,0,3,  ,0,0.0,0,0,1,0,0,0,0,0,0,0,0,0,0,0,0,0,0
5529,2005181085,2029.0,1811.0,41,41409,41.2247,-77.0186,0,0,0,0,0,0,4,9,2005,3,17.0,1.0,0,1.0,3,1,3,  ,3,3.0,0,0,1,0,0,0,0,0,0,0,0,0,0,0,0,0,0
5530,2005181344,1444.0,1441.0,2,2301,40.4554,-80.0297,0,0,0,0,0,0,4,8,2005,6,14.0,1.0,0,1.0,3,2,98,  ,9,9.0,0,0,1,0,0,0,0,0,0,0,0,0,0,0,0,0,0
5531,2005181523,1856.0,1854.0,62,62302,40.1874,-80.2688,0,0,0,0,0,0,4,6,2005,7,18.0,1.0,0,1.0,3,1,3,  ,0,0.0,0,0,1,0,0,0,0,0,0,0,0,0,0,0,0,0,0
5532,2005181648,1100.0,1059.0,46,46424,40.0687,-75.3113,0,0,0,0,0,1,4,7,2005,7,10.0,1.0,0,1.0,3,2,3,  ,2,2.0,0,0,1,0,0,0,0,0,0,0,0,0,0,0,0,0,0
5533,2005181842,949.0,945.0,2,2123,40.3329,-80.0636,0,0,0,0,0,0,4,9,2005,1,9.0,1.0,0,1.0,3,2,3,  ,3,3.0,0,0,1,0,0,0,0,0,0,0,0,0,0,0,0,0,0
5534,2005181846,807.0,804.0,2,2117,40.4128,-80.0791,0,0,0,0,0,0,4,9,2005,5,8.0,1.0,0,1.0,3,3,3,  ,3,3.0,0,0,1,0,0,0,0,0,0,0,0,0,0,0,0,0,1
5535,2005182015,803.0,758.0,9,9216,40.2364,-74.9215,0,0,0,0,0,0,4,8,2005,4,7.0,3.0,0,1.0,3,2,3,  ,3,2.0,0,0,1,0,0,0,0,0,0,0,0,0,0,0,0,0,0
5536,2005182760,1730.0,1729.0,20,20301,,,0,0,0,0,0,0,4,9,2005,2,17.0,1.0,0,9.0,2,0,3,  ,0,0.0,0,0,1,0,0,0,0,0,0,0,0,0,0,0,0,0,0
5537,2005183160,2228.0,2224.0,36,36214,40.0583,-76.4025,0,0,0,0,0,1,4,8,2005,3,22.0,2.0,0,9.0,3,0,3,  ,0,0.0,1,0,1,0,0,0,0,0,0,0,0,0,0,0,0,0,0
5538,2005183318,1714.0,1712.0,46,46101,,,0,0,0,0,0,0,4,9,2005,4,17.0,1.0,7,1.0,3,0,3,  ,0,0.0,0,0,1,0,0,0,0,0,0,0,0,0,0,0,0,0,0
5539,2005183759,1748.0,1744.0,2,2301,,,0,0,0,0,0,0,4,9,2005,1,17.0,1.0,0,1.0,3,2,3,  ,3,3.0,0,0,1,0,0,1,0,0,0,0,0,0,0,0,0,0,0
5540,2005183778,1721.0,1716.0,2,2301,40.4481,-79.9717,0,0,1,0,0,0,6,9,2005,4,17.0,1.0,0,1.0,3,1,3,  ,3,3.0,0,0,0,0,1,0,0,0,0,0,0,0,0,0,0,0,0
5541,2005183940,1255.0,1220.0,58,58215,41.9856,-76.936,0,1,0,0,0,0,4,8,2005,5,12.0,1.0,0,1.0,1,1,3,  ,3,3.0,0,0,1,0,0,0,0,0,0,0,0,0,0,0,0,0,0
5542,2005183956,48.0,47.0,67,67301,40.0177,-75.1571,0,0,0,0,0,0,4,7,2005,1,0.0,3.0,0,1.0,3,2,3,  ,0,0.0,0,0,1,0,0,0,0,0,0,0,0,0,0,0,0,0,0
5543,2005184088,1837.0,1836.0,39,39301,40.5962,-75.4831,0,0,0,0,0,0,4,8,2005,7,18.0,1.0,0,1.0,3,1,3,  ,0,0.0,0,0,1,0,0,0,0,0,0,0,0,0,0,0,0,0,0
5544,2005184112,9999.0,2237.0,46,46101,40.0971,-75.1134,0,1,0,0,0,0,4,8,2005,4,22.0,3.0,0,1.0,3,1,3,  ,0,0.0,0,0,1,0,0,0,0,0,0,0,0,0,0,0,0,0,0
5545,2005184181,1636.0,1636.0,9,9212,40.1527,-75.0058,0,0,0,0,0,1,4,8,2005,4,16.0,1.0,0,1.0,3,2,3,  ,3,3.0,1,0,1,0,0,0,0,0,0,0,0,0,0,0,0,0,0
5546,2005184294,1718.0,1715.0,48,48205,40.7262,-75.2382,0,0,0,0,0,0,4,9,2005,4,17.0,1.0,0,1.0,1,0,3,  ,0,0.0,0,0,1,0,0,0,0,0,0,0,0,0,0,0,0,0,0
5547,2005184401,1721.0,1718.0,6,6426,40.4413,-75.968,0,0,0,0,0,1,4,9,2005,3,17.0,1.0,0,1.0,3,2,3,  ,3,3.0,0,0,1,0,0,1,0,0,0,0,0,0,0,0,0,0,0
5548,2005184407,1603.0,1601.0,2,2301,40.438,-79.9161,0,0,0,0,0,0,2,9,2005,4,16.0,1.0,0,1.0,3,2,3,  ,0,0.0,1,0,0,0,0,0,0,0,0,0,0,0,0,0,0,0,0
5549,2005184589,1356.0,1351.0,7,7301,,,0,0,0,0,1,0,4,8,2005,1,13.0,1.0,0,1.0,3,1,3,  ,3,3.0,0,0,1,0,0,0,0,0,0,0,0,0,0,0,0,0,0
5550,2005184603,1345.0,1338.0,67,67301,,,0,0,0,0,0,0,4,7,2005,6,13.0,1.0,0,9.0,3,1,7,  ,3,3.0,1,0,1,0,0,0,0,0,0,0,0,0,0,0,0,0,0
5551,2005184607,1248.0,1245.0,67,67301,,,0,0,0,0,0,0,4,6,2005,7,12.0,1.0,0,1.0,3,1,3,  ,3,3.0,0,0,1,0,0,0,0,0,0,0,0,0,0,0,0,0,0
5552,2005184620,1422.0,1415.0,67,67301,39.9576,-75.2053,0,0,0,0,0,1,5,7,2005,6,14.0,1.0,0,1.0,3,0,3,  ,0,0.0,0,0,0,0,0,0,0,0,0,0,0,0,0,0,0,0,0
5553,2005184637,546.0,546.0,67,67301,39.9638,-75.208,0,0,0,0,0,0,4,7,2005,1,5.0,1.0,0,1.0,3,0,3,  ,0,0.0,0,0,1,0,0,0,0,0,0,0,0,0,0,0,0,0,0
5554,2005184640,1930.0,1910.0,67,67301,40.0395,-75.0458,0,0,0,0,0,0,4,6,2005,3,18.0,4.0,0,1.0,3,1,3,  ,2,3.0,0,0,1,0,0,0,0,0,0,0,0,0,0,0,0,1,0
5555,2005184669,2032.0,2032.0,36,36301,40.0502,-76.3049,0,0,0,0,0,0,4,8,2005,3,20.0,4.0,0,1.0,3,1,3,  ,3,3.0,0,0,1,0,0,0,0,0,0,0,0,0,0,0,0,0,0
5556,2005184692,1859.0,1855.0,2,2117,40.3909,-80.0593,0,0,0,0,0,0,4,9,2005,4,18.0,4.0,0,1.0,3,2,3,  ,2,3.0,1,0,1,0,0,0,0,0,0,0,0,0,0,0,0,1,0
5557,2005184705,1447.0,1430.0,5,5403,,,0,0,0,0,0,0,4,8,2005,5,14.0,1.0,0,1.0,1,1,3,  ,3,3.0,0,0,1,0,0,0,0,0,0,0,0,0,0,0,0,0,0
5558,2005184723,1150.0,1138.0,45,45204,,,0,0,0,0,0,1,6,8,2005,5,11.0,1.0,0,9.0,1,0,3,  ,0,0.0,0,0,0,0,0,0,0,0,0,0,0,0,0,0,0,0,0
5559,2005184728,958.0,953.0,15,15209,39.877,-75.6936,0,0,0,0,0,0,5,7,2005,1,9.0,1.0,0,9.0,1,2,3,  ,0,0.0,1,0,0,0,0,0,0,0,0,0,0,0,0,1,0,0,0
5560,2005184820,1909.0,1908.0,6,6301,40.3417,-75.9355,0,0,0,0,0,0,4,9,2005,4,19.0,1.0,0,1.0,3,1,3,  ,2,3.0,0,0,1,0,0,0,0,0,0,0,0,0,0,0,0,0,0
5561,2005184837,425.0,425.0,14,14206,,,0,0,0,0,0,0,4,9,2005,7,21.0,3.0,0,1.0,1,0,3,  ,0,0.0,0,0,1,0,0,0,0,0,0,0,0,0,0,0,0,0,0
5562,2005184866,1755.0,1740.0,1,1219,39.84,-77.209,0,0,0,0,0,0,6,8,2005,3,17.0,1.0,0,1.0,2,0,3,  ,0,0.0,0,0,0,0,0,1,0,0,0,0,0,0,0,0,0,0,0
5563,2005184981,1747.0,1745.0,39,39301,40.61,-75.481,0,0,0,0,0,0,4,8,2005,3,17.0,1.0,0,1.0,3,1,3,  ,0,0.0,0,0,1,0,0,0,0,0,0,0,0,0,0,0,0,0,0
5564,2005184995,1333.0,1333.0,39,39301,40.6139,-75.469,0,0,0,0,0,0,5,8,2005,7,13.0,1.0,0,1.0,3,0,3,  ,0,0.0,0,0,0,0,0,0,0,0,0,0,0,0,0,0,0,0,0
5565,2005185022,1748.0,1747.0,7,7407,40.6747,-78.2365,0,0,0,0,0,0,4,8,2005,5,17.0,1.0,0,1.0,2,1,3,  ,0,0.0,0,0,1,0,0,0,0,0,0,0,0,0,0,0,0,0,1
5566,2005185028,831.0,829.0,67,67301,39.9492,-75.2121,0,0,0,0,0,0,6,7,2005,3,8.0,1.0,0,1.0,3,3,3,  ,0,0.0,1,0,0,0,0,0,0,0,0,0,0,0,0,0,0,0,0
5567,2005185247,1629.0,1629.0,64,64302,,,0,0,0,0,0,0,4,8,2005,3,16.0,1.0,0,1.0,3,0,3,  ,0,0.0,0,0,1,0,0,0,0,0,0,0,0,0,0,0,0,0,0
5568,2005185250,150.0,149.0,7,7207,40.2918,-78.4552,0,1,0,0,0,0,4,9,2005,6,1.0,3.0,0,1.0,1,1,3,  ,2,3.0,0,0,1,0,0,0,0,0,0,0,0,0,0,0,0,0,0
5569,2005185334,1432.0,1412.0,25,25219,41.8809,-80.164,0,0,0,0,0,0,1,7,2005,7,14.0,1.0,0,1.0,2,0,3,  ,0,0.0,0,0,0,0,0,0,0,0,0,0,0,0,0,0,0,0,1
5570,2005185388,1734.0,1732.0,36,36238,40.0915,-76.163,0,0,0,0,0,0,0,9,2005,7,17.0,1.0,0,1.0,3,0,3,  ,0,0.0,0,0,0,0,0,0,0,0,0,0,0,0,0,0,0,0,0
5571,2005185586,1817.0,1815.0,22,22301,,,0,0,0,0,0,0,4,9,2005,4,18.0,1.0,0,1.0,3,2,3,  ,0,0.0,0,0,1,0,0,0,0,0,0,0,0,0,0,0,0,0,0
5572,2005185668,1856.0,1854.0,28,28406,,,0,0,0,0,0,0,4,9,2005,6,18.0,1.0,0,1.0,2,1,3,  ,0,0.0,0,0,1,0,0,0,0,0,0,0,0,0,0,0,0,0,0
5573,2005185732,1645.0,1630.0,67,67301,,,0,0,0,0,0,0,4,7,2005,6,16.0,1.0,0,9.0,3,1,7,  ,3,9.0,0,0,1,0,0,0,0,0,0,0,0,0,0,0,0,0,0
5574,2005185733,1648.0,1647.0,67,67301,40.0139,-75.126,0,0,0,0,0,0,4,8,2005,3,16.0,1.0,0,1.0,3,1,3,  ,0,0.0,0,0,1,0,0,0,0,0,0,0,0,0,0,0,0,0,1
5575,2005185753,2055.0,2052.0,67,67301,39.9742,-75.1333,0,0,0,0,0,1,2,6,2005,2,20.0,3.0,0,1.0,3,0,3,  ,0,0.0,0,0,0,0,0,0,0,0,0,0,0,0,0,0,0,0,1
5576,2005185758,1533.0,1527.0,67,67301,40.0406,-75.1698,0,0,0,1,0,0,4,8,2005,4,15.0,1.0,0,1.0,3,1,3,  ,2,3.0,0,0,1,0,0,0,0,0,0,0,0,0,0,0,0,0,0
5577,2005185774,2148.0,2140.0,67,67301,40.0419,-75.075,0,0,0,0,0,0,4,8,2005,7,21.0,2.0,0,1.0,3,1,3,  ,2,3.0,0,0,1,0,0,0,0,0,0,0,0,0,0,0,0,0,1
5578,2005185792,2016.0,2005.0,67,67301,40.0246,-75.1232,0,0,0,0,1,0,4,8,2005,5,20.0,4.0,0,1.0,3,1,3,  ,2,9.0,0,0,1,0,0,0,0,0,0,0,0,0,0,0,0,0,0
5579,2005185799,1750.0,1750.0,67,67301,,,0,0,0,0,0,0,4,8,2005,2,17.0,1.0,0,9.0,3,2,7,  ,3,3.0,0,0,1,0,0,0,0,0,0,0,0,0,0,0,0,0,0
5580,2005185800,1811.0,1808.0,48,48301,40.6255,-75.3704,0,0,0,0,0,0,4,9,2005,4,16.0,1.0,0,1.0,3,1,3,  ,3,3.0,0,0,1,0,0,0,0,0,0,0,0,0,0,0,0,0,0
5581,2005185859,2043.0,2035.0,53,53212,40.636,-76.4146,0,0,0,0,0,0,8,8,2005,1,20.0,2.0,0,1.0,1,0,3,  ,0,0.0,0,0,0,0,0,0,0,0,0,0,0,0,0,0,0,0,1
5582,2005186027,1545.0,1540.0,64,64102,40.3698,-79.642,0,0,0,0,0,0,4,8,2005,6,15.0,1.0,0,1.0,3,2,3,  ,3,3.0,1,0,1,0,0,0,0,0,0,0,0,0,0,0,0,0,1
5583,2005186036,908.0,850.0,46,46416,,,0,0,0,0,0,0,2,8,2005,2,10.0,1.0,0,1.0,2,0,3,  ,0,0.0,0,0,0,0,0,0,0,0,0,0,0,0,0,0,0,1,0
5584,2005186082,1936.0,1913.0,17,17229,41.0778,-78.6803,0,0,0,0,0,0,5,8,2005,3,19.0,1.0,0,1.0,1,0,3,  ,0,0.0,0,0,0,0,0,0,0,0,0,0,0,0,0,0,0,0,0
5585,2005186124,1714.0,1710.0,48,48301,,,0,0,0,0,0,0,4,9,2005,6,17.0,1.0,0,1.0,3,0,3,  ,0,0.0,0,0,1,0,0,0,0,0,0,0,0,0,0,0,0,0,0
5586,2005186181,1941.0,1939.0,67,67301,,,0,0,0,0,0,0,2,8,2005,6,19.0,1.0,0,1.0,3,1,3,  ,3,3.0,0,0,0,0,0,0,0,0,0,0,0,0,0,0,0,0,0
5587,2005186208,1940.0,1933.0,35,35302,41.4009,-75.6654,0,0,0,0,0,0,4,8,2005,4,19.0,1.0,0,9.0,3,1,7,  ,3,3.0,0,0,1,0,0,0,0,0,0,0,0,0,0,0,0,0,0
5588,2005186386,1354.0,1350.0,38,38301,40.3502,-76.4321,0,0,0,0,0,0,4,8,2005,4,13.0,1.0,0,1.0,2,0,3,  ,0,0.0,0,0,1,0,0,0,0,0,0,0,0,0,0,0,0,0,0
5589,2005186398,2035.0,2030.0,7,7301,,,0,0,0,0,1,0,4,8,2005,6,20.0,4.0,0,1.0,3,1,3,  ,0,0.0,0,0,1,0,0,0,0,0,0,0,0,0,0,0,0,0,0
5590,2005186490,1248.0,1246.0,15,15228,40.2217,-75.6713,0,0,0,0,0,0,4,8,2005,5,12.0,1.0,0,1.0,1,0,3,  ,0,0.0,0,0,1,0,0,0,0,0,0,0,0,0,0,0,0,1,0
5591,2005186590,1344.0,1341.0,23,23111,39.9678,-75.2958,0,0,0,0,0,0,4,8,2005,2,19.0,4.0,0,1.0,3,1,3,  ,2,3.0,0,0,1,0,0,0,0,0,0,0,0,0,0,0,0,0,0
5592,2005186610,1638.0,1634.0,23,23111,39.9628,-75.2514,0,0,0,0,0,0,5,8,2005,6,16.0,1.0,0,1.0,3,0,3,  ,0,0.0,0,0,0,0,0,0,0,0,0,0,0,0,0,0,0,0,0