,CRN,ARRIVAL_TM,DISPATCH_TM,COUNTY,MUNICIPALITY,DEC_LAT,DEC_LONG,BICYCLE_DEATH_COUNT,BICYCLE_SUSP_SERIOUS_INJ_COUNT,BUS_COUNT,HEAVY_TRUCK_COUNT,SMALL_TRUCK_COUNT,SUV_COUNT,COLLISION_TYPE,CRASH_MONTH,CRASH_YEAR,DAY_OF_WEEK,HOUR_OF_DAY,ILLUMINATION,LOCATION_TYPE,ROAD_CONDITION,URBAN_RURAL,INTERSECT_TYPE,WEATHER1,WEATHER2,TCD_TYPE,TCD_FUNC_CD,AGGRESSIVE_DRIVING,ALCOHOL_RELATED,ANGLE_CRASH,CELL_PHONE,COMM_VEHICLE,DISTRACTED,DRINKING_DRIVER,DRUGGED_DRIVER,FATIGUE_ASLEEP,IMPAIRED_DRIVER,NHTSA_AGG_DRIVING,RUNNING_RED_LT,RUNNING_STOP_SIGN,SPEEDING_RELATED,TAILGATING,MATURE_DRIVER,YOUNG_DRIVER
5593,2005186660,2311.0,2309.0,25,25302,,,0,0,0,0,0,0,4,8,2005,7,23.0,6.0,0,1.0,3,1,3,  ,3,3.0,0,0,1,0,0,0,0,0,0,0,0,0,0,0,0,0,0
5594,2005186681,2144.0,2142.0,25,25302,,,0,0,0,0,0,0,4,9,2005,6,21.0,3.0,0,1.0,3,1,3,  ,3,3.0,1,0,1,0,0,0,0,0,0,0,0,0,1,0,0,0,0
5595,2005186683,1721.0,1721.0,25,25302,42.1114,-80.1269,0,0,0,0,0,0,4,9,2005,6,17.0,1.0,0,1.0,3,2,3,  ,3,3.0,0,0,1,0,0,0,0,0,0,0,0,0,0,0,0,0,1
5596,2005186694,2225.0,2221.0,9,9220,40.444,-75.3612,0,0,0,0,0,0,4,8,2005,6,22.0,3.0,0,1.0,1,5,3,  ,2,3.0,0,0,1,0,0,0,0,0,0,0,0,0,0,0,0,0,0
5597,2005186697,1402.0,1353.0,9,9220,40.4274,-75.3577,0,0,0,0,0,0,4,8,2005,5,13.0,1.0,0,1.0,1,2,3,  ,3,3.0,1,0,1,0,0,0,0,0,0,0,1,0,0,0,0,0,0
5598,2005186854,2308.0,2305.0,36,36301,40.0345,-76.3079,0,0,0,0,0,0,4,8,2005,6,23.0,3.0,0,1.0,3,1,3,  ,3,3.0,0,0,1,0,0,0,0,0,0,0,0,0,0,0,0,0,0
5599,2005186855,1724.0,1719.0,35,35302,41.4284,-75.6603,0,0,0,0,0,0,5,8,2005,6,17.0,1.0,1,1.0,3,2,3,  ,0,0.0,0,0,0,0,0,0,0,0,0,0,0,0,0,0,0,0,0
5600,2005186864,1712.0,1709.0,2,2112,40.4931,-79.9115,0,0,0,0,0,0,4,8,2005,2,17.0,1.0,2,1.0,3,2,3,  ,0,0.0,1,0,1,0,0,0,0,0,0,0,0,0,0,0,0,0,0
5601,2005186953,1630.0,1630.0,38,38301,40.3397,-76.4272,0,0,0,0,0,0,4,8,2005,1,16.0,1.0,0,1.0,2,1,3,  ,3,3.0,0,0,1,0,0,0,0,0,0,0,0,0,0,0,0,0,1
5602,2005186978,1906.0,1905.0,2,2447,40.412,-79.9843,0,0,0,0,0,0,4,9,2005,5,19.0,1.0,0,1.0,3,1,3,  ,3,3.0,0,0,1,0,0,0,0,0,0,0,0,0,0,0,0,0,0
5603,2005187023,1445.0,1440.0,2,2301,40.4382,-80.0056,0,0,0,0,1,0,0,9,2005,2,14.0,1.0,0,1.0,3,0,3,  ,0,0.0,0,0,0,0,0,0,0,0,0,0,0,0,0,0,0,0,0
5604,2005187120,1754.0,1750.0,39,39301,,,0,0,0,0,0,0,4,8,2005,6,17.0,1.0,0,1.0,3,0,3,  ,0,0.0,0,0,1,0,0,0,0,0,0,0,0,0,0,0,0,0,0
5605,2005187122,1328.0,9999.0,41,41301,41.24,-77.0034,0,0,0,0,0,0,4,8,2005,4,99.0,1.0,0,8.0,3,1,3,  ,0,0.0,0,0,1,0,0,0,0,0,0,0,0,0,0,0,0,0,0
5606,2005187151,1123.0,1118.0,35,35302,41.4013,-75.6854,0,0,0,0,0,0,4,8,2005,2,11.0,1.0,0,1.0,3,1,3,  ,3,3.0,1,0,1,0,0,0,0,0,0,0,0,0,0,0,0,1,0
5607,2005187159,1139.0,1135.0,67,67301,39.9731,-75.1484,0,0,0,0,0,0,4,6,2005,2,11.0,1.0,0,1.0,3,2,3,  ,3,9.0,0,0,1,0,0,0,0,0,0,0,0,0,0,0,0,0,0
5608,2005187232,1518.0,1517.0,9,9101,40.1289,-74.866,0,0,0,0,1,0,4,8,2005,2,15.0,1.0,0,1.0,3,2,3,  ,0,0.0,0,0,1,0,0,0,0,0,0,0,0,0,0,0,0,0,0
5609,2005187304,1605.0,1602.0,38,38301,40.3445,-76.4278,0,0,0,0,0,0,4,8,2005,4,16.0,1.0,0,1.0,2,1,3,  ,0,0.0,0,0,1,0,0,0,0,0,0,0,0,0,0,0,0,0,0
5610,2005187311,1714.0,1713.0,30,30406,39.8938,-80.1885,0,0,0,0,0,1,4,8,2005,5,17.0,1.0,0,1.0,1,1,3,  ,0,0.0,0,0,1,0,0,0,0,0,0,0,0,0,0,0,0,0,0
5611,2005187319,1520.0,1515.0,67,67301,39.9308,-75.1706,0,0,0,0,0,0,4,7,2005,2,15.0,1.0,0,1.0,3,1,3,  ,0,0.0,0,0,1,0,0,0,0,0,0,0,0,0,0,0,0,0,1
5612,2005187331,1140.0,1139.0,23,23112,39.9775,-75.3622,0,0,0,0,1,0,4,8,2005,4,99.0,1.0,0,1.0,3,2,3,  ,3,3.0,0,0,1,0,0,0,0,0,0,0,0,0,0,0,0,0,0
5613,2005187408,1718.0,1712.0,15,15243,39.9544,-75.7494,0,0,0,0,0,0,4,8,2005,4,17.0,1.0,0,1.0,1,0,3,  ,0,0.0,0,0,1,0,0,0,0,0,0,0,0,0,0,0,0,0,0
5614,2005187438,2141.0,2137.0,39,39301,40.6091,-75.4863,0,0,0,0,0,1,4,8,2005,1,21.0,3.0,0,1.0,3,1,3,  ,2,3.0,1,0,1,0,0,1,0,0,0,0,0,0,0,0,0,0,0
5615,2005187444,1640.0,1640.0,64,64306,,,0,0,0,0,1,0,2,7,2005,1,10.0,1.0,0,1.0,3,0,3,  ,0,0.0,0,0,0,0,0,0,0,0,0,0,0,0,0,0,0,0,0
5616,2005187462,1847.0,1845.0,67,67301,39.9881,-75.254,0,0,0,0,0,0,4,8,2005,3,18.0,4.0,0,9.0,3,1,7,  ,2,3.0,0,0,1,0,0,0,0,0,0,0,0,0,0,0,0,0,0
5617,2005187473,1838.0,1832.0,40,40304,41.2398,-75.8928,0,0,0,0,0,1,4,8,2005,4,18.0,1.0,1,1.0,3,1,3,  ,2,3.0,0,0,1,0,0,0,0,0,0,0,0,0,0,0,0,0,0
5618,2005187528,1640.0,1630.0,49,49411,,,0,0,0,0,0,0,4,8,2005,4,16.0,1.0,0,9.0,1,1,7,  ,3,3.0,0,0,1,0,0,0,0,0,0,0,0,0,0,0,0,0,0
5619,2005187547,1631.0,16.0,64,64417,40.395,-79.42,0,0,0,0,1,0,4,8,2005,7,16.0,1.0,0,1.0,1,1,3,  ,3,3.0,0,0,1,0,0,0,0,0,0,0,0,0,0,0,0,0,0
5620,2005187555,1810.0,1806.0,46,46421,40.3067,-75.3245,0,1,0,0,0,0,2,8,2005,4,18.0,1.0,0,1.0,3,2,3,  ,3,3.0,1,0,0,0,0,0,0,0,0,0,0,0,0,0,0,0,0
5621,2005187664,1701.0,1659.0,4,4202,40.6298,-80.3159,0,0,0,0,0,0,4,10,2005,4,16.0,1.0,0,1.0,3,2,3,  ,0,0.0,0,0,1,0,0,0,0,0,0,0,0,0,0,0,0,0,0
5622,2005187712,1158.0,1148.0,57,57401,41.6427,-75.4667,0,0,0,0,0,0,4,8,2005,4,11.0,1.0,0,1.0,1,0,3,  ,0,0.0,0,0,1,0,0,0,0,0,0,0,0,0,0,0,0,0,0
5623,2005187714,1718.0,1710.0,38,38201,40.4432,-76.4294,0,0,0,0,0,0,2,8,2005,4,17.0,1.0,0,1.0,1,0,3,  ,0,0.0,0,0,0,0,0,0,0,0,0,0,0,0,0,0,0,0,1
5624,2005188019,1237.0,1234.0,2,2301,,,0,0,0,0,0,0,4,9,2005,2,13.0,1.0,0,9.0,3,1,3,  ,3,3.0,0,0,1,0,0,0,0,0,0,0,0,0,0,0,0,0,0
5625,2005188179,1620.0,1610.0,67,67301,40.0659,-74.987,0,0,0,0,0,0,4,7,2005,6,13.0,1.0,0,1.0,3,2,3,  ,3,9.0,0,0,1,0,0,0,0,0,0,0,0,0,0,0,0,0,0
5626,2005188185,1009.0,1008.0,67,67301,39.9367,-75.1669,0,0,0,0,0,0,4,8,2005,4,10.0,1.0,0,1.0,3,1,3,  ,2,3.0,0,0,1,0,0,0,0,0,0,0,0,0,0,0,0,0,0
5627,2005188186,1453.0,1449.0,67,67301,39.9351,-75.1539,0,0,0,0,0,0,8,7,2005,5,14.0,1.0,0,1.0,3,0,3,  ,2,3.0,0,0,0,0,0,0,0,0,0,0,0,0,0,0,0,0,0
5628,2005188187,1858.0,1858.0,67,67301,39.9342,-75.1582,0,0,0,0,0,0,2,8,2005,3,18.0,1.0,0,1.0,3,3,3,  ,0,0.0,0,0,0,0,0,0,0,0,0,0,0,0,0,0,0,0,0
5629,2005188188,1652.0,1650.0,67,67301,39.9273,-75.1448,0,0,0,0,0,0,6,8,2005,4,16.0,1.0,0,1.0,3,1,3,  ,2,3.0,0,0,0,0,0,0,0,0,0,0,0,0,0,0,0,0,0
5630,2005188197,1644.0,1640.0,67,67301,,,0,0,0,0,0,0,4,7,2005,5,16.0,1.0,0,1.0,3,1,3,  ,2,3.0,0,0,1,0,0,0,0,0,0,0,0,0,0,0,0,0,0
5631,2005188226,1115.0,1110.0,42,42301,41.9749,-78.6312,0,0,0,0,0,0,4,8,2005,7,11.0,1.0,0,1.0,2,0,3,  ,0,0.0,0,0,1,0,0,0,0,0,0,0,0,0,0,0,0,0,0
5632,2005188264,9999.0,1712.0,25,25213,42.0904,-80.1318,0,0,0,0,0,0,4,8,2005,3,17.0,1.0,0,1.0,3,0,3,  ,0,0.0,0,0,1,0,0,0,0,0,0,0,0,0,0,0,0,0,1
5633,2005188270,1915.0,1910.0,67,67301,,,0,0,0,0,0,0,5,7,2005,1,19.0,1.0,0,9.0,3,1,7,  ,3,3.0,1,0,0,0,0,0,0,0,0,0,0,0,0,0,0,0,0
5634,2005188275,804.0,803.0,67,67301,,,0,0,0,0,0,0,6,8,2005,4,8.0,1.0,0,98.0,3,1,3,  ,3,3.0,0,0,0,0,0,0,0,0,0,0,0,0,0,0,0,0,0
5635,2005188285,1555.0,1553.0,67,67301,,,0,1,0,0,0,0,1,8,2005,6,15.0,1.0,0,1.0,3,1,3,  ,0,0.0,0,0,0,0,0,0,0,0,0,0,0,0,0,0,0,0,0
5636,2005188301,2206.0,2204.0,67,67301,40.0169,-75.1495,0,0,0,0,0,0,4,7,2005,1,21.0,3.0,0,1.0,3,1,3,  ,0,0.0,0,0,1,0,0,0,0,0,0,0,0,0,0,0,0,1,0
5637,2005188343,1830.0,1820.0,67,67301,39.9371,-75.2207,0,1,0,0,0,0,4,7,2005,7,18.0,1.0,0,9.0,3,1,7,  ,0,0.0,0,0,1,0,0,0,0,0,0,0,0,0,0,0,0,1,0
5638,2005188346,9999.0,2012.0,67,67301,40.0002,-75.1422,0,0,0,0,0,0,4,8,2005,7,99.0,3.0,0,1.0,3,2,3,  ,2,3.0,0,0,1,0,0,0,0,0,0,0,0,0,0,0,0,0,1
5639,2005188367,1230.0,1229.0,67,67301,40.0558,-75.1589,0,1,0,0,0,0,2,6,2005,3,12.0,1.0,0,1.0,3,1,3,  ,2,3.0,0,0,0,0,0,0,0,0,0,0,0,0,0,0,0,1,0
5640,2005188414,1835.0,1830.0,67,67301,39.9542,-75.1907,0,0,0,0,0,0,6,5,2005,3,18.0,1.0,0,1.0,3,0,98,  ,0,0.0,0,0,0,0,0,0,0,0,0,0,0,0,0,0,0,0,0
5641,2005188424,1600.0,9999.0,67,67301,40.0449,-75.1701,0,0,0,0,0,0,4,8,2005,5,15.0,1.0,0,1.0,3,2,3,  ,0,0.0,0,0,1,0,0,0,0,0,0,0,0,0,0,0,0,0,0
5642,2005188425,1618.0,1613.0,67,67301,,,0,0,0,0,0,0,4,7,2005,5,14.0,1.0,0,1.0,3,1,3,  ,2,9.0,0,0,1,0,0,0,0,0,0,0,0,0,0,0,0,0,0
5643,2005188430,1905.0,1900.0,67,67301,40.0774,-75.1755,0,0,0,0,0,0,4,8,2005,2,19.0,1.0,0,1.0,3,1,3,  ,2,3.0,0,0,1,0,0,0,0,0,0,0,0,0,0,0,0,0,0
5644,2005188431,1245.0,1243.0,67,67301,40.0446,-75.1582,0,0,0,0,0,0,8,8,2005,3,12.0,1.0,0,9.0,3,0,7,  ,0,0.0,0,0,0,0,0,0,0,0,0,0,0,0,0,0,0,0,0
5645,2005188439,920.0,917.0,67,67301,39.9968,-75.1538,0,0,0,0,0,0,5,7,2005,5,8.0,1.0,0,1.0,3,1,3,  ,2,3.0,1,0,0,0,0,0,0,0,0,0,0,0,0,0,0,0,0
5646,2005188452,904.0,900.0,67,67301,39.9503,-75.1917,0,0,0,0,0,0,5,8,2005,4,8.0,1.0,0,1.0,3,2,3,  ,0,0.0,0,0,0,0,0,0,0,0,0,0,0,0,0,0,0,0,0
5647,2005188458,1100.0,1100.0,67,67301,39.9569,-75.1814,0,0,0,0,0,1,5,6,2005,2,11.0,1.0,0,1.0,3,0,3,  ,7,3.0,0,0,0,0,0,0,0,0,0,0,0,0,0,0,0,0,0
5648,2005188504,1856.0,653.0,67,67301,,,0,0,0,0,0,0,4,8,2005,4,6.0,1.0,0,1.0,3,2,3,  ,0,0.0,0,0,1,0,0,0,0,0,0,0,0,0,0,0,0,0,0
5649,2005188507,1944.0,1944.0,67,67301,40.0328,-75.2144,0,0,0,0,0,0,8,8,2005,7,19.0,3.0,0,9.0,3,2,3,  ,2,3.0,1,0,0,0,0,0,0,0,0,0,0,0,0,0,0,1,0
5650,2005188513,2335.0,2334.0,67,67301,39.9666,-75.2249,0,0,0,0,0,0,4,7,2005,2,23.0,3.0,0,1.0,3,1,3,  ,2,3.0,1,0,1,0,0,0,0,0,0,0,0,0,0,0,0,0,0
5651,2005188579,1920.0,1917.0,21,21213,40.1994,-77.1628,0,0,0,0,0,0,5,8,2005,2,19.0,1.0,1,1.0,1,0,3,  ,0,0.0,0,0,0,0,0,1,0,0,0,0,0,0,0,0,0,0,1
5652,2005188628,640.0,624.0,28,28206,40.0603,-77.7092,0,0,0,0,0,0,1,6,2005,7,6.0,5.0,0,1.0,1,0,3,  ,0,0.0,0,1,0,0,0,0,1,0,0,1,0,0,0,0,0,0,0
5653,2005188659,2010.0,2005.0,67,67301,40.0339,-75.1164,0,0,0,0,0,0,4,7,2005,3,19.0,4.0,0,1.0,3,0,3,  ,0,0.0,0,0,1,0,0,0,0,0,0,0,0,0,0,0,0,0,0
5654,2005188697,1617.0,1540.0,5,5411,,,0,0,0,0,1,0,2,8,2005,5,15.0,1.0,0,1.0,1,1,3,  ,3,3.0,0,0,0,0,0,0,0,0,0,0,0,0,0,0,0,0,0
5655,2005188777,1549.0,1545.0,39,39301,,,0,0,0,0,0,0,8,9,2005,2,15.0,1.0,0,1.0,3,0,3,  ,0,0.0,0,0,0,0,0,0,0,0,0,0,0,0,0,0,0,0,0
5656,2005188863,1258.0,1252.0,67,67301,39.9556,-75.2023,0,0,0,0,0,0,4,7,2005,2,12.0,1.0,0,1.0,3,1,3,  ,2,3.0,0,0,1,0,0,0,0,0,0,0,0,0,0,0,0,1,0
5657,2005188864,932.0,929.0,67,67301,39.9513,-75.1991,0,0,0,0,0,0,5,7,2005,6,9.0,1.0,0,1.0,3,1,3,  ,2,3.0,0,0,0,0,0,0,0,0,0,0,0,0,0,0,0,0,0
5658,2005188873,1920.0,1913.0,67,67301,39.9566,-75.198,0,0,0,0,0,0,4,7,2005,4,19.0,1.0,0,1.0,3,1,3,  ,2,2.0,0,0,1,0,0,0,0,0,0,0,0,0,0,0,0,0,0
5659,2005188879,1725.0,1715.0,67,67301,39.9909,-75.1016,0,0,0,0,0,0,5,8,2005,4,17.0,1.0,0,1.0,3,1,3,  ,2,3.0,1,0,0,0,0,0,0,0,0,0,0,0,0,0,0,0,0
5660,2005188889,2159.0,2159.0,67,67301,39.9954,-75.1055,0,0,0,0,0,0,5,8,2005,4,21.0,3.0,0,1.0,3,1,3,  ,2,3.0,0,0,0,0,0,0,0,0,0,0,0,0,0,0,0,0,1
5661,2005188891,2045.0,2040.0,67,67301,40.0173,-75.097,0,0,0,0,0,0,8,8,2005,2,20.0,3.0,0,1.0,3,0,3,  ,0,0.0,0,0,0,0,0,0,0,0,0,0,0,0,0,0,0,0,0
5662,2005188934,1250.0,1234.0,25,25213,42.0592,-80.1872,0,0,0,0,1,0,5,8,2005,2,12.0,1.0,0,1.0,3,0,3,  ,0,0.0,1,0,0,0,0,0,0,0,0,0,0,0,0,0,0,0,0
5663,2005189078,2137.0,2132.0,67,67301,,,0,0,0,0,0,1,4,8,2005,2,20.0,3.0,0,1.0,3,1,3,  ,3,9.0,1,0,1,0,0,0,0,0,0,0,0,0,0,0,1,0,0
5664,2005189148,1105.0,1100.0,67,67301,39.962,-75.1416,0,0,0,0,0,0,2,6,2005,6,11.0,1.0,0,1.0,3,0,3,  ,0,0.0,0,0,0,0,0,0,0,0,0,0,0,0,0,0,0,0,0
5665,2005189177,2021.0,2020.0,67,67301,,,0,0,0,0,0,0,4,7,2005,6,16.0,1.0,0,1.0,3,0,3,  ,0,0.0,0,0,1,0,0,0,0,0,0,0,0,0,0,0,0,1,0
5666,2005189179,1958.0,1953.0,67,67301,,,0,0,0,0,0,0,4,7,2005,1,19.0,1.0,0,1.0,3,1,3,  ,3,9.0,0,0,1,0,0,1,0,0,0,0,0,0,0,0,0,0,0
5667,2005189180,1332.0,1325.0,67,67301,39.9305,-75.1683,0,0,0,0,0,0,6,7,2005,2,13.0,1.0,0,1.0,3,2,3,  ,0,0.0,0,0,0,0,0,0,0,0,0,0,0,0,0,0,0,0,0
5668,2005189189,1932.0,1931.0,67,67301,,,0,0,0,0,0,0,4,8,2005,4,19.0,1.0,0,1.0,3,0,3,  ,0,0.0,0,0,1,0,0,1,0,1,0,1,0,0,0,0,0,0,0
5669,2005189195,1410.0,1410.0,67,67301,,,0,0,0,0,0,0,2,8,2005,7,14.0,1.0,0,1.0,3,0,3,  ,0,0.0,0,0,0,0,0,1,0,0,0,0,0,0,0,0,0,1,0
5670,2005189202,2040.0,2040.0,67,67301,40.0283,-75.12,0,0,0,0,0,0,8,8,2005,4,20.0,3.0,0,1.0,3,2,3,  ,0,0.0,0,0,0,0,0,0,0,0,0,0,0,0,0,1,0,0,0
5671,2005189290,1658.0,1658.0,22,22301,,,0,0,0,0,0,0,4,10,2005,4,15.0,1.0,0,1.0,3,1,3,  ,3,3.0,0,0,1,0,0,0,0,0,0,0,0,0,0,0,0,1,0
5672,2005189346,1512.0,1510.0,23,23424,39.8943,-75.3411,0,0,0,0,0,1,4,9,2005,5,15.0,1.0,0,1.0,3,1,3,  ,3,3.0,1,0,1,0,0,0,0,0,0,0,0,0,0,0,0,0,0
5673,2005189502,2128.0,2123.0,67,67301,40.0409,-75.1039,0,0,0,0,0,0,2,8,2005,6,21.0,3.0,0,1.0,3,1,3,  ,3,9.0,0,0,0,0,0,0,0,0,0,0,0,0,0,0,0,0,0
5674,2005189518,1950.0,1949.0,67,67301,,,0,0,0,0,0,0,8,8,2005,2,19.0,1.0,0,1.0,3,1,3,  ,3,3.0,1,0,0,0,0,0,0,0,0,0,0,0,0,0,0,0,0
5675,2005189520,1405.0,1400.0,67,67301,,,0,0,0,0,0,0,8,8,2005,3,13.0,1.0,0,9.0,3,1,99,  ,2,3.0,0,0,0,0,0,0,0,0,0,0,0,0,0,0,0,0,0
5676,2005189550,1443.0,1441.0,67,67301,40.1169,-75.0339,0,1,0,0,0,0,4,8,2005,1,14.0,1.0,0,1.0,3,0,7,  ,0,0.0,0,0,1,0,0,0,0,0,0,0,0,0,0,0,0,0,0
5677,2005189578,1840.0,1830.0,67,67301,39.921,-75.2289,0,0,0,0,0,0,1,8,2005,7,18.0,1.0,0,1.0,3,1,3,  ,2,3.0,0,0,0,0,0,0,0,0,0,0,0,0,0,0,0,0,0
5678,2005189584,2130.0,2127.0,67,67301,,,0,0,0,0,0,0,5,8,2005,2,20.0,3.0,0,1.0,3,0,3,  ,0,0.0,0,0,0,0,0,0,0,0,0,0,0,0,0,0,0,0,0
5679,2005189592,2328.0,2327.0,67,67301,40.0143,-75.1582,0,0,0,0,0,0,2,8,2005,3,23.0,3.0,0,1.0,3,0,3,  ,0,0.0,0,0,0,0,0,0,0,0,0,0,0,0,0,0,0,0,1
5680,2005189596,745.0,730.0,67,67301,40.0148,-75.0855,0,0,0,0,0,0,4,8,2005,2,7.0,1.0,0,9.0,3,1,98,  ,2,3.0,0,0,1,0,0,0,0,0,0,0,0,0,0,0,0,1,0
5681,2005189642,802.0,800.0,67,67301,39.9751,-75.188,0,0,0,0,0,0,4,8,2005,6,7.0,1.0,0,1.0,3,1,3,  ,2,9.0,0,0,1,0,0,0,0,0,0,0,0,0,0,0,0,0,0
5682,2005189660,1522.0,1520.0,67,67301,,,0,0,0,0,0,0,4,8,2005,3,15.0,1.0,0,1.0,3,3,3,  ,0,0.0,0,0,1,0,0,0,0,0,0,0,0,0,0,0,0,0,0
5683,2005189709,1745.0,1743.0,6,6301,,,0,0,0,0,0,0,4,9,2005,7,17.0,1.0,0,1.0,3,2,3,  ,0,0.0,0,0,1,0,0,0,0,0,0,0,0,0,0,0,0,0,0
5684,2005189754,950.0,942.0,67,67301,,,0,0,0,0,1,0,4,8,2005,5,9.0,1.0,0,1.0,3,1,3,  ,0,0.0,0,0,1,0,0,0,0,0,1,0,0,0,0,0,0,0,0
5685,2005189755,1800.0,1555.0,67,67301,39.9507,-75.1627,0,0,0,0,0,0,6,8,2005,5,15.0,1.0,0,1.0,3,1,3,  ,2,9.0,0,0,0,0,0,0,0,0,0,0,0,0,0,0,0,0,0
5686,2005189816,1708.0,1657.0,67,67301,39.954,-75.1767,0,0,0,0,0,0,4,8,2005,2,16.0,1.0,0,9.0,3,2,3,  ,2,3.0,0,0,1,0,0,0,0,0,0,0,0,0,0,0,0,0,0
5687,2005189832,2309.0,2307.0,67,67301,,,0,0,0,0,0,0,4,8,2005,6,23.0,3.0,0,1.0,3,1,3,  ,3,3.0,0,1,1,0,0,0,0,0,0,0,0,0,0,0,0,0,0
5688,2005190011,1700.0,1651.0,67,67301,,,0,0,0,0,0,0,4,8,2005,6,16.0,1.0,0,1.0,3,0,3,  ,0,0.0,0,0,1,0,0,0,0,0,0,0,0,0,0,0,0,0,0
5689,2005190086,2000.0,1959.0,67,67301,39.9672,-75.1678,0,0,0,0,0,0,4,8,2005,6,21.0,4.0,0,1.0,3,0,3,  ,0,0.0,0,0,1,0,0,0,0,0,0,0,0,0,0,0,0,0,0
5690,2005190112,1607.0,1603.0,21,21208,40.2036,-77.2197,0,0,0,0,1,0,4,10,2005,4,16.0,1.0,0,9.0,1,2,3,  ,3,2.0,1,0,1,0,0,0,0,0,0,0,0,0,0,0,0,0,0
5691,2005190410,1920.0,1915.0,67,67301,39.9573,-75.2033,0,0,0,0,0,0,4,8,2005,5,19.0,4.0,0,1.0,3,2,3,  ,0,0.0,0,0,1,0,0,0,0,0,0,0,0,0,0,0,0,0,0
5692,2005190619,1804.0,1804.0,67,67301,40.0129,-75.0718,0,0,0,0,0,0,6,7,2005,5,18.0,1.0,0,1.0,3,2,3,  ,0,0.0,0,0,0,0,0,0,0,0,0,0,0,0,0,0,0,0,0
5693,2005190683,2132.0,2129.0,67,67301,39.9732,-75.2121,0,0,0,0,0,0,8,8,2005,4,21.0,3.0,0,1.0,3,1,3,  ,2,3.0,0,0,0,0,0,0,0,0,0,0,0,0,0,0,0,0,0
5694,2005190690,1704.0,1701.0,67,67301,40.0395,-75.1726,0,0,0,0,0,0,2,8,2005,1,16.0,1.0,0,1.0,3,1,3,  ,3,9.0,0,0,0,0,0,0,0,0,0,0,0,0,0,0,0,0,0
5695,2005190714,1710.0,1705.0,67,67301,,,0,0,0,0,0,0,5,7,2005,2,14.0,1.0,0,1.0,3,0,3,  ,0,0.0,0,0,0,0,0,0,0,0,0,0,0,0,0,0,0,0,0
5696,2005190720,1707.0,1706.0,67,67301,,,0,0,0,0,0,0,4,7,2005,5,17.0,1.0,0,1.0,3,2,3,  ,3,9.0,0,0,1,0,0,0,0,0,0,0,0,0,0,0,0,0,0
5697,2005190733,1510.0,1505.0,67,67301,40.0438,-75.0989,0,0,0,0,0,0,4,8,2005,5,14.0,1.0,0,1.0,3,1,3,  ,0,0.0,0,0,1,0,0,0,0,0,0,0,0,0,0,0,0,0,0
5698,2005190818,1847.0,1847.0,36,36301,40.0308,-76.2958,0,0,0,0,0,0,4,9,2005,5,18.0,1.0,0,1.0,3,0,3,  ,0,0.0,0,0,1,0,0,1,0,0,0,0,0,0,0,0,0,0,0
5699,2005190828,904.0,900.0,67,67301,40.0145,-75.0858,0,0,0,0,0,1,4,8,2005,6,8.0,1.0,0,1.0,3,2,3,  ,3,9.0,0,0,1,0,0,0,0,0,0,0,0,0,0,0,0,0,0
5700,2005190835,418.0,415.0,67,67301,39.9666,-75.2249,0,0,0,0,0,0,4,7,2005,2,4.0,3.0,0,1.0,3,1,3,  ,0,0.0,0,0,1,0,0,0,0,0,0,0,0,0,0,0,0,0,0
5701,2005190854,1639.0,1637.0,67,67301,40.0677,-75.167,0,0,0,0,0,0,4,6,2005,4,16.0,1.0,0,1.0,3,1,3,  ,3,3.0,0,0,1,0,0,0,0,0,0,0,0,0,0,0,0,0,0
5702,2005191047,1245.0,1229.0,64,64209,40.3078,-79.5686,0,1,0,0,0,0,7,8,2005,4,12.0,1.0,0,1.0,3,0,3,  ,0,0.0,0,0,0,0,0,0,0,1,0,1,0,0,0,0,0,0,0
5703,2005191308,800.0,735.0,36,36101,40.057,-76.3058,0,0,0,0,0,0,4,8,2005,5,5.0,3.0,0,1.0,3,0,3,  ,0,0.0,0,0,1,0,0,0,0,0,0,0,0,0,0,0,0,0,1
5704,2005191347,1212.0,1206.0,67,67301,39.9259,-75.1816,0,0,0,0,0,0,4,8,2005,2,12.0,1.0,0,1.0,3,1,3,  ,0,0.0,0,0,1,0,0,0,0,0,0,0,0,0,0,0,0,0,0
5705,2005191351,1950.0,1946.0,67,67301,,,0,0,0,0,0,1,6,8,2005,4,19.0,1.0,0,1.0,3,1,3,  ,2,3.0,0,0,0,0,0,0,0,0,0,0,0,0,0,0,0,0,0
5706,2005191459,1713.0,1712.0,67,67301,,,0,0,0,0,0,0,8,7,2005,4,17.0,1.0,0,1.0,3,0,3,  ,0,0.0,0,0,0,0,0,0,0,0,0,0,0,0,0,0,0,0,0
5707,2005191492,1759.0,1756.0,67,67301,,,0,0,0,0,0,0,4,8,2005,3,17.0,1.0,0,1.0,3,1,3,  ,2,3.0,0,0,1,0,0,0,0,0,0,0,0,0,0,0,0,0,0
5708,2005191494,10.0,5.0,67,67301,,,0,0,0,0,0,0,2,8,2005,1,0.0,2.0,0,1.0,3,0,3,  ,0,0.0,0,1,0,0,0,0,1,1,0,1,0,0,0,0,0,0,0
5709,2005191540,1822.0,1815.0,67,67301,,,0,0,0,0,0,0,4,7,2005,7,18.0,1.0,0,1.0,3,0,3,  ,0,0.0,0,0,1,0,0,0,0,0,0,0,0,0,0,0,0,0,0
5710,2005191564,2240.0,2239.0,67,67301,,,0,0,0,0,0,0,5,8,2005,4,22.0,3.0,0,1.0,3,0,3,  ,2,3.0,0,0,0,0,0,0,0,0,0,0,0,0,0,0,0,0,0