,CRN,ARRIVAL_TM,DISPATCH_TM,COUNTY,MUNICIPALITY,DEC_LAT,DEC_LONG,BICYCLE_DEATH_COUNT,BICYCLE_SUSP_SERIOUS_INJ_COUNT,BUS_COUNT,HEAVY_TRUCK_COUNT,SMALL_TRUCK_COUNT,SUV_COUNT,COLLISION_TYPE,CRASH_MONTH,CRASH_YEAR,DAY_OF_WEEK,HOUR_OF_DAY,ILLUMINATION,LOCATION_TYPE,ROAD_CONDITION,URBAN_RURAL,INTERSECT_TYPE,WEATHER1,WEATHER2,TCD_TYPE,TCD_FUNC_CD,AGGRESSIVE_DRIVING,ALCOHOL_RELATED,ANGLE_CRASH,CELL_PHONE,COMM_VEHICLE,DISTRACTED,DRINKING_DRIVER,DRUGGED_DRIVER,FATIGUE_ASLEEP,IMPAIRED_DRIVER,NHTSA_AGG_DRIVING,RUNNING_RED_LT,RUNNING_STOP_SIGN,SPEEDING_RELATED,TAILGATING,MATURE_DRIVER,YOUNG_DRIVER
5711,2005191583,1223.0,1217.0,67,67301,,,0,0,0,0,0,0,4,8,2005,6,12.0,1.0,0,1.0,3,2,3,  ,3,3.0,0,0,1,0,0,0,0,0,0,0,0,0,0,0,0,0,0
5712,2005191598,1832.0,1828.0,67,67301,40.0596,-75.1829,0,0,0,0,0,0,4,7,2005,2,18.0,1.0,0,1.0,3,0,3,  ,0,0.0,0,0,1,0,0,0,0,0,0,0,0,0,0,0,0,0,0
5713,2005191630,2028.0,2028.0,67,67301,40.0459,-75.1822,0,0,0,0,0,0,4,7,2005,4,20.0,3.0,0,9.0,3,1,7,  ,2,3.0,0,0,1,0,0,0,0,0,0,0,0,0,0,0,0,0,0
5714,2005191631,1840.0,1835.0,67,67301,40.113,-75.0231,0,0,0,0,0,0,4,8,2005,3,18.0,1.0,0,1.0,3,1,3,  ,2,3.0,1,0,1,0,0,0,0,0,0,0,0,0,0,0,0,0,0
5715,2005191652,1705.0,1704.0,67,67301,39.9576,-75.1917,0,0,0,0,0,0,4,8,2005,5,17.0,1.0,0,9.0,3,2,7,  ,0,0.0,0,0,1,0,0,0,0,0,0,0,0,0,0,0,0,0,0
5716,2005191674,830.0,830.0,67,67301,40.0356,-75.1239,0,0,0,0,0,0,2,7,2005,6,8.0,1.0,0,1.0,3,1,3,  ,2,3.0,1,0,0,0,0,0,0,0,0,0,0,0,0,0,0,0,0
5717,2005191696,1745.0,1743.0,2,2461,,,0,0,0,0,0,1,4,9,2005,2,17.0,1.0,0,1.0,3,1,3,  ,0,0.0,0,0,1,0,0,0,0,0,0,0,0,0,0,0,0,0,0
5718,2005192003,1752.0,1746.0,6,6411,,,0,0,0,0,0,0,4,9,2005,2,17.0,1.0,0,1.0,3,0,3,  ,0,0.0,0,0,1,0,0,0,0,0,0,0,0,0,0,0,0,0,0
5719,2005192022,1605.0,1601.0,64,64102,40.3709,-79.6663,0,0,0,0,0,0,2,8,2005,4,16.0,1.0,0,1.0,3,0,3,  ,0,0.0,0,0,0,0,0,0,0,0,0,0,0,0,0,0,0,0,0
5720,2005192069,1918.0,1915.0,67,67301,39.9977,-75.1136,0,0,0,0,0,0,4,7,2005,6,18.0,1.0,0,9.0,3,2,3,  ,3,9.0,0,0,1,0,0,0,0,0,0,0,0,0,0,0,0,0,0
5721,2005192202,1733.0,1727.0,39,39302,40.6219,-75.3917,0,0,0,0,1,0,4,9,2005,1,17.0,1.0,0,1.0,3,2,3,  ,0,0.0,0,0,1,0,0,0,0,0,0,0,0,0,0,0,0,0,0
5722,2005192246,2010.0,2007.0,67,67301,40.0412,-75.1707,0,0,0,0,0,0,2,7,2005,1,20.0,1.0,0,1.0,3,2,3,  ,3,3.0,0,0,0,0,0,0,0,0,0,0,0,0,0,0,0,0,0
5723,2005192255,1958.0,1910.0,44,44204,,,0,0,0,0,0,0,2,8,2005,2,19.0,1.0,0,1.0,1,0,3,  ,0,0.0,0,0,0,0,0,0,0,0,0,0,0,0,0,0,0,0,0
5724,2005192311,1710.0,1700.0,67,67301,,,0,0,0,0,0,0,5,8,2005,4,16.0,1.0,0,1.0,3,0,3,  ,2,3.0,0,0,0,0,0,1,0,0,0,0,0,0,0,0,0,0,0
5725,2005192272,1704.0,1611.0,59,59204,40.8711,-77.1835,0,0,0,0,0,0,8,8,2005,4,16.0,1.0,0,1.0,1,2,3,  ,3,3.0,0,0,0,0,0,0,0,0,0,0,0,0,0,0,0,0,0
5726,2005192317,1525.0,1524.0,67,67301,40.0416,-75.2255,0,0,0,0,1,0,4,8,2005,6,15.0,1.0,0,1.0,3,2,3,  ,3,9.0,0,0,1,0,0,0,0,0,0,0,0,0,0,0,0,0,0
5727,2005192323,1029.0,1014.0,67,67301,39.9764,-75.1228,0,0,0,0,0,0,4,8,2005,7,10.0,1.0,0,1.0,3,10,3,  ,3,3.0,0,0,1,0,0,0,0,0,0,0,0,0,0,0,0,0,0
5728,2005192348,1452.0,1450.0,67,67301,,,0,0,0,0,0,0,6,8,2005,2,14.0,1.0,0,1.0,3,1,3,  ,0,0.0,0,0,0,0,0,0,0,0,0,0,0,0,0,0,0,0,0
5729,2005192349,1550.0,1547.0,67,67301,39.9484,-75.1663,0,0,0,0,0,0,4,8,2005,4,15.0,1.0,0,1.0,3,0,3,  ,0,0.0,0,0,1,0,0,0,0,0,0,0,0,0,0,0,0,0,0
5730,2005192389,931.0,929.0,36,36408,40.1773,-76.1724,0,0,0,0,0,0,4,9,2005,2,9.0,1.0,0,1.0,2,2,3,  ,3,3.0,0,0,1,0,0,0,0,0,0,0,0,0,0,0,0,0,0
5731,2005192404,1631.0,1629.0,9,9202,40.1036,-74.9379,0,0,0,0,0,0,4,9,2005,7,16.0,1.0,7,1.0,3,0,3,  ,0,0.0,0,0,1,0,0,0,0,0,0,0,0,0,0,0,0,0,0
5732,2005192446,1308.0,1304.0,40,40302,41.2054,-76.0038,0,0,0,0,0,0,7,8,2005,2,13.0,1.0,0,1.0,3,2,3,  ,3,3.0,0,0,0,0,0,0,0,0,0,0,0,0,0,0,0,0,0
5733,2005192447,1646.0,1643.0,40,40302,,,0,0,0,0,0,0,4,10,2005,3,16.0,1.0,0,1.0,3,1,3,  ,0,0.0,0,0,1,0,0,0,0,0,0,0,0,0,0,0,0,0,0
5734,2005192455,1652.0,1648.0,2,2207,40.5906,-79.9481,0,0,0,0,0,0,5,8,2005,7,16.0,1.0,0,1.0,3,0,3,  ,0,0.0,0,0,0,0,0,0,0,0,0,0,0,0,0,0,0,0,0
5735,2005192465,922.0,914.0,2,2207,40.5816,-79.9218,0,0,0,0,0,0,4,10,2005,4,9.0,1.0,0,1.0,3,1,3,  ,3,3.0,0,0,1,0,0,0,0,0,0,0,0,0,0,0,0,0,0
5736,2005192541,1319.0,1318.0,67,67301,,,0,0,0,0,0,0,2,8,2005,5,13.0,1.0,0,1.0,3,1,3,  ,0,0.0,0,0,0,0,0,1,0,0,0,0,0,0,0,0,0,0,0
5737,2005192546,443.0,1440.0,67,67301,39.9787,-75.1303,0,0,0,0,0,0,4,8,2005,2,14.0,1.0,0,1.0,3,0,3,  ,0,0.0,0,0,1,0,0,0,0,0,0,0,0,0,0,0,0,0,0
5738,2005192548,1823.0,1820.0,67,67301,40.0127,-75.0726,0,0,0,0,0,0,4,8,2005,7,99.0,1.0,0,1.0,3,1,3,  ,3,3.0,0,0,1,0,0,0,0,0,0,0,0,0,0,0,0,0,0
5739,2005192586,1332.0,1332.0,67,67301,39.9899,-75.1035,0,0,0,0,0,0,6,8,2005,5,13.0,1.0,0,1.0,3,0,3,  ,0,0.0,0,0,0,0,0,0,0,0,0,0,0,0,0,0,0,0,0
5740,2005192598,1322.0,1320.0,48,48301,40.6275,-75.3723,0,0,0,0,0,0,4,9,2005,1,13.0,1.0,0,1.0,3,0,3,  ,0,0.0,0,0,1,0,0,0,0,0,0,0,0,0,0,0,0,0,0
5741,2005192604,915.0,910.0,67,67301,39.993,-75.2176,0,0,0,0,0,0,4,8,2005,5,9.0,1.0,0,1.0,3,1,3,  ,2,2.0,0,0,1,0,0,0,0,0,0,0,0,0,0,0,0,1,0
5742,2005192613,1535.0,1530.0,67,67301,,,0,0,0,0,0,0,4,8,2005,4,14.0,1.0,0,1.0,3,1,3,  ,3,3.0,0,0,1,0,0,0,0,0,0,0,0,0,0,0,0,0,0
5743,2005192616,830.0,828.0,35,35302,41.3862,-75.6695,0,0,1,0,0,0,4,9,2005,6,8.0,1.0,0,1.0,3,1,3,  ,0,0.0,0,0,1,0,1,0,0,0,0,0,0,0,0,0,0,0,0
5744,2005192843,815.0,812.0,23,23301,39.8579,-75.3634,0,0,0,0,0,1,4,9,2005,5,8.0,1.0,0,1.0,3,2,3,  ,0,0.0,0,0,1,0,0,0,0,0,0,0,0,0,0,0,0,0,0
5745,2005192847,1226.0,1226.0,23,23301,39.8432,-75.3824,0,0,0,0,0,0,8,8,2005,5,12.0,1.0,0,1.0,3,1,3,  ,2,3.0,0,0,0,0,0,0,0,0,0,0,0,0,0,0,0,0,0
5746,2005192918,2100.0,2100.0,15,15403,,,0,0,0,0,0,0,4,9,2005,5,20.0,3.0,0,1.0,3,1,3,  ,2,3.0,1,0,1,0,0,1,0,0,0,0,0,0,0,0,0,0,0
5747,2005192925,1955.0,1958.0,15,15411,40.1339,-75.5162,0,0,1,0,0,0,8,9,2005,4,19.0,3.0,0,1.0,3,1,3,  ,2,3.0,0,0,0,0,1,0,0,0,0,0,0,0,0,0,0,0,0
5748,2005193001,1553.0,1547.0,7,7301,40.5212,-78.3896,0,0,0,0,0,0,4,9,2005,3,15.0,1.0,0,1.0,3,1,3,  ,3,3.0,0,0,1,0,0,0,0,0,0,0,0,0,0,0,0,1,0
5749,2005193093,1239.0,1229.0,14,14410,40.7898,-77.8652,0,0,0,0,0,0,4,9,2005,4,12.0,1.0,0,1.0,3,1,3,  ,3,3.0,1,0,1,0,0,0,0,0,0,0,0,0,1,0,0,0,0
5750,2005193112,1841.0,1834.0,46,46104,40.0615,-75.3404,0,0,0,0,0,0,4,9,2005,6,18.0,1.0,0,1.0,3,0,3,  ,0,0.0,0,0,1,0,0,0,0,0,0,0,0,0,0,0,0,0,1
5751,2005193136,1522.0,1515.0,66,66101,39.9728,-76.6954,0,0,0,0,0,0,4,9,2005,2,15.0,1.0,0,1.0,1,1,3,  ,2,3.0,1,0,1,0,0,0,0,0,0,0,0,0,0,0,0,1,0
5752,2005193178,1911.0,1910.0,36,36301,40.0346,-76.3083,0,0,0,0,0,0,2,9,2005,2,19.0,1.0,0,1.0,3,0,3,  ,0,0.0,0,0,0,0,0,0,0,0,0,0,0,0,0,0,0,0,1
5753,2005193184,1512.0,1511.0,36,36301,40.0351,-76.2984,0,0,0,0,0,0,4,9,2005,2,15.0,1.0,0,1.0,3,1,3,  ,3,3.0,0,0,1,0,0,0,0,0,0,0,0,0,0,0,0,0,0
5754,2005193361,846.0,840.0,66,66422,,,0,0,0,0,0,0,4,9,2005,7,8.0,1.0,0,1.0,3,1,3,  ,3,3.0,0,0,1,0,0,0,0,0,0,0,0,0,0,0,0,0,0
5755,2005193370,1746.0,1744.0,36,36413,40.1108,-76.508,0,0,0,0,0,0,4,9,2005,4,17.0,1.0,0,1.0,2,2,3,  ,3,3.0,0,0,1,0,0,0,0,0,0,0,0,0,0,0,0,0,0
5756,2005193432,1450.0,1426.0,1,1207,39.7328,-77.1138,0,0,0,0,0,0,6,7,2005,1,14.0,1.0,0,1.0,1,1,3,  ,3,3.0,1,0,0,0,0,0,0,0,0,0,0,0,1,0,0,1,0
5757,2005193589,1957.0,1952.0,39,39301,40.6047,-75.4914,0,0,0,0,0,0,4,9,2005,2,19.0,3.0,0,9.0,3,1,7,  ,2,3.0,0,0,1,0,0,0,0,0,0,0,0,0,0,0,0,0,0
5758,2005193627,1400.0,1355.0,25,25302,42.1413,-80.0587,0,0,0,0,0,0,2,8,2005,7,23.0,6.0,0,98.0,3,0,99,  ,0,0.0,0,0,0,0,0,0,0,0,0,0,0,0,0,0,0,0,0
5759,2005193628,1542.0,1537.0,25,25302,,,0,0,0,0,0,0,4,9,2005,4,14.0,1.0,0,1.0,3,1,3,  ,0,0.0,1,0,1,0,0,0,0,0,0,0,0,0,0,0,0,0,0
5760,2005193678,1201.0,1158.0,66,66301,,,0,0,0,0,0,0,5,8,2005,2,11.0,1.0,0,1.0,3,0,3,  ,0,0.0,0,0,0,0,0,0,0,0,0,0,0,0,0,0,0,0,0
5761,2005193699,1901.0,1857.0,66,66301,39.9658,-76.7484,0,0,0,0,0,0,6,9,2005,7,18.0,1.0,0,1.0,3,1,3,  ,3,3.0,0,0,0,0,0,0,0,0,0,0,0,0,0,0,0,0,0
5762,2005193775,1529.0,1527.0,9,9407,40.1788,-74.9211,0,0,0,0,0,0,4,9,2005,4,15.0,1.0,0,1.0,3,0,3,  ,0,0.0,0,0,1,0,0,0,0,0,0,0,0,0,0,0,0,0,0
5763,2005193835,1920.0,1918.0,53,53428,40.7972,-75.9715,0,1,0,0,1,0,4,7,2005,5,19.0,1.0,0,1.0,1,2,3,  ,2,3.0,0,0,1,0,0,1,0,0,0,0,0,0,0,0,0,0,0
5764,2005193875,1610.0,1606.0,61,61211,,,0,0,0,0,0,0,6,8,2005,2,16.0,1.0,0,1.0,1,2,3,  ,3,3.0,0,0,0,0,0,0,0,0,0,0,0,0,0,0,0,0,0
5765,2005193907,1816.0,1800.0,30,30215,39.7322,-80.0663,0,0,0,0,0,0,4,8,2005,6,17.0,1.0,0,1.0,1,1,3,  ,3,3.0,0,0,1,0,0,0,0,0,0,0,0,0,0,0,0,0,0
5766,2005194019,2105.0,2104.0,48,48301,40.6289,-75.3545,0,1,0,0,0,0,4,5,2005,6,21.0,3.0,0,1.0,3,0,3,  ,0,0.0,0,0,1,0,0,0,0,0,0,0,0,0,0,0,0,0,0
5767,2005194028,641.0,638.0,7,7301,,,0,0,0,0,0,0,2,9,2005,6,6.0,1.0,0,1.0,3,1,3,  ,3,3.0,0,0,0,0,0,0,0,0,0,0,0,0,0,0,0,0,0
5768,2005194033,1919.0,1914.0,7,7301,,,0,0,0,0,0,0,4,9,2005,1,19.0,1.0,0,1.0,3,1,3,  ,0,0.0,0,0,1,0,0,0,0,0,0,0,0,0,0,0,0,0,0
5769,2005194043,1334.0,1330.0,46,46413,40.111,-75.3374,0,0,0,0,1,0,4,8,2005,1,13.0,1.0,7,1.0,3,0,3,  ,0,0.0,0,0,1,0,0,0,0,0,0,0,0,0,0,0,0,0,0
5770,2005194057,909.0,907.0,46,46413,40.1201,-75.349,0,0,0,0,0,0,4,9,2005,5,9.0,1.0,0,1.0,3,1,3,  ,0,0.0,0,1,1,0,0,0,0,0,0,0,0,0,0,0,0,0,0
5771,2005194064,1748.0,1746.0,46,46413,40.1201,-75.349,0,0,0,0,0,0,2,8,2005,3,17.0,1.0,0,1.0,3,1,3,  ,0,0.0,0,1,0,0,0,0,0,0,0,0,0,0,0,0,0,0,0
5772,2005194100,1547.0,1546.0,36,36409,,,0,0,0,0,0,1,4,9,2005,3,15.0,1.0,0,1.0,3,2,3,  ,3,3.0,1,0,1,0,0,0,0,0,0,0,0,1,0,0,0,0,0
5773,2005194222,2227.0,2225.0,14,14410,40.804,-77.8517,0,0,0,0,0,0,4,9,2005,4,22.0,3.0,0,1.0,3,0,3,  ,0,0.0,0,0,1,0,0,0,0,0,0,0,0,0,0,0,0,0,0
5774,2005194247,1547.0,1546.0,25,25411,42.2156,-79.8347,0,0,0,0,0,0,8,9,2005,2,15.0,1.0,0,1.0,1,0,3,  ,0,0.0,0,0,0,0,0,0,0,0,0,0,0,0,0,0,0,0,0
5775,2005194269,2025.0,2025.0,35,35302,41.4402,-75.6481,0,0,0,0,0,0,4,9,2005,4,17.0,4.0,0,1.0,3,0,3,  ,0,0.0,0,0,1,0,0,0,0,0,0,0,0,0,0,0,0,0,0
5776,2005194430,802.0,800.0,46,46413,,,0,0,0,0,0,0,4,8,2005,7,99.0,1.0,0,9.0,3,1,7,  ,2,9.0,1,0,1,0,0,0,0,0,0,0,0,0,0,0,0,0,0
5777,2005194445,1606.0,1606.0,35,35302,,,0,0,0,0,0,0,4,9,2005,1,16.0,1.0,0,1.0,3,2,3,  ,0,0.0,0,0,1,0,0,0,0,0,0,0,0,0,0,0,0,0,0
5778,2005194508,704.0,1701.0,2,2301,40.4668,-79.9449,0,0,0,0,0,1,4,8,2005,7,16.0,1.0,0,1.0,3,1,3,  ,3,3.0,0,0,1,0,0,0,0,0,0,0,0,0,0,0,0,0,0
5779,2005194520,1923.0,1922.0,2,2301,,,0,0,0,0,0,0,4,9,2005,4,19.0,3.0,0,1.0,3,2,3,  ,2,3.0,0,0,1,0,0,0,0,0,0,0,0,0,0,0,0,0,0
5780,2005194524,1911.0,1907.0,2,2301,40.4732,-79.9585,0,0,0,0,0,0,4,9,2005,5,19.0,3.0,0,1.0,3,1,3,  ,2,3.0,0,0,1,0,0,0,0,0,0,0,0,0,0,0,0,0,0
5781,2005194744,1604.0,1559.0,6,6237,40.3144,-76.008,0,0,0,0,0,0,4,9,2005,5,15.0,1.0,0,1.0,3,0,3,  ,0,0.0,0,0,1,0,0,0,0,0,0,0,0,0,0,0,0,0,0
5782,2005194754,1633.0,1631.0,9,9101,40.0963,-74.8734,0,0,0,0,0,1,4,9,2005,3,16.0,1.0,0,1.0,3,1,3,  ,2,3.0,0,0,1,0,0,0,0,0,0,0,0,0,0,0,0,0,0
5783,2005194820,1223.0,1219.0,39,39301,40.6036,-75.4723,0,0,0,0,0,0,4,9,2005,6,12.0,1.0,0,1.0,3,2,3,  ,2,3.0,0,0,1,0,0,0,0,0,0,0,0,0,0,0,0,0,0
5784,2005194860,1847.0,1845.0,39,39406,40.6049,-75.3909,0,0,0,0,0,1,4,9,2005,6,18.0,1.0,0,1.0,3,0,3,  ,0,0.0,0,0,1,0,0,0,0,0,0,0,0,0,0,0,0,0,0
5785,2005194866,1655.0,1650.0,3,3406,40.7615,-79.5405,0,0,0,0,0,1,1,9,2005,6,16.0,1.0,0,1.0,2,0,3,  ,0,0.0,0,0,0,0,0,0,0,0,0,0,0,0,0,0,0,0,0
5786,2005194987,1702.0,1700.0,6,6415,40.3264,-75.8889,0,0,0,0,0,0,4,9,2005,4,16.0,1.0,0,1.0,3,2,3,  ,0,0.0,1,0,1,0,0,0,0,0,0,0,0,0,0,1,0,0,0
5787,2005194989,1636.0,1633.0,39,39301,,,0,0,0,0,0,0,4,9,2005,4,16.0,1.0,0,1.0,3,1,3,  ,2,3.0,0,0,1,0,0,0,0,0,0,0,0,0,0,0,0,0,0
5788,2005194996,1747.0,1743.0,23,23106,40.0446,-75.4064,0,0,0,0,0,0,4,9,2005,3,17.0,1.0,0,1.0,3,0,3,  ,3,3.0,1,0,1,0,0,0,0,0,0,0,0,0,0,0,0,0,1
5789,2005194998,9999.0,9999.0,23,23106,40.0262,-75.3427,0,0,0,0,0,0,4,9,2005,4,99.0,1.0,0,1.0,3,1,3,  ,0,0.0,1,0,1,0,0,0,0,0,0,0,0,0,0,0,0,1,0
5790,2005195000,224.0,223.0,23,23106,40.0235,-75.333,0,0,0,0,0,0,6,9,2005,1,2.0,3.0,0,1.0,3,2,3,  ,0,0.0,0,0,0,0,0,0,0,0,0,0,0,0,0,0,0,0,0
5791,2005195096,1205.0,1157.0,67,67301,40.0125,-75.0733,0,0,0,0,1,0,4,7,2005,2,11.0,1.0,0,1.0,3,1,3,  ,2,3.0,0,0,1,0,0,0,0,0,0,0,0,0,0,0,0,0,1
5792,2005195191,1903.0,1853.0,7,7205,,,1,0,0,0,1,0,4,7,2005,4,18.0,1.0,0,1.0,1,1,3,  ,3,3.0,0,0,1,0,0,0,0,0,0,0,0,0,0,0,0,0,0
5793,2005195338,1649.0,1646.0,21,21401,40.2353,-76.9334,0,0,0,0,0,0,1,10,2005,6,16.0,1.0,0,1.0,3,1,3,  ,2,3.0,0,0,0,0,0,0,0,0,0,0,0,0,0,0,0,1,0
5794,2005195349,2018.0,2014.0,40,40408,41.2573,-75.9028,0,0,0,0,0,0,4,10,2005,4,20.0,3.0,0,9.0,3,2,3,  ,2,3.0,1,0,1,0,0,0,0,0,0,0,0,1,0,0,0,1,0
5795,2005195529,1537.0,1536.0,6,6301,40.3335,-75.9182,0,0,0,0,0,0,4,9,2005,5,15.0,1.0,0,1.0,3,1,3,  ,2,3.0,0,0,1,0,0,0,0,0,0,0,0,0,0,0,0,0,0
5796,2005195642,1317.0,1300.0,58,58218,41.8725,-77.3215,1,0,0,0,1,0,2,7,2005,1,12.0,1.0,0,1.0,1,0,3,  ,0,0.0,0,0,0,0,0,0,0,0,0,0,0,0,0,0,0,0,0
5797,2005195683,2331.0,2329.0,2,2301,,,0,0,0,0,0,0,4,10,2005,3,23.0,3.0,0,1.0,3,1,3,  ,0,0.0,1,0,1,0,0,0,0,0,0,0,0,0,0,0,0,0,0
5798,2005195784,1729.0,1719.0,39,39302,,,0,0,0,0,0,0,5,9,2005,1,17.0,1.0,0,1.0,3,2,3,  ,0,0.0,1,0,0,0,0,0,0,0,0,0,1,0,1,0,0,0,1
5799,2005195822,2016.0,2005.0,15,15231,39.9095,-75.6306,0,0,0,0,0,0,1,8,2005,5,20.0,1.0,0,1.0,1,0,3,  ,0,0.0,1,0,0,0,0,0,0,0,0,0,0,0,0,0,0,0,0
5800,2005195896,1524.0,1515.0,25,25301,41.9248,-79.6343,0,0,0,0,0,0,6,9,2005,5,15.0,1.0,0,1.0,2,0,3,  ,0,0.0,1,0,0,0,0,0,0,0,0,0,0,0,0,0,0,0,0
5801,2005195998,1410.0,1408.0,36,36412,40.0123,-76.3533,0,0,0,0,0,0,4,9,2005,4,14.0,1.0,0,1.0,3,1,3,  ,2,3.0,1,0,1,0,0,0,0,0,0,0,0,0,0,0,0,0,1
5802,2005196022,2226.0,2225.0,59,59403,40.9217,-77.0391,0,0,0,0,0,0,4,10,2005,4,22.0,3.0,0,1.0,1,0,3,  ,3,3.0,1,0,1,0,0,0,0,0,0,0,0,0,0,0,0,0,0
5803,2005196117,1635.0,1635.0,22,22202,40.2817,-76.6715,0,0,0,0,0,1,9,10,2005,5,16.0,1.0,0,1.0,3,0,3,  ,0,0.0,0,0,0,0,0,0,0,0,0,0,0,0,0,0,0,0,0
5804,2005196337,1708.0,1708.0,24,24301,41.4168,-78.539,0,0,0,0,0,0,5,9,2005,2,17.0,1.0,0,1.0,2,2,3,  ,0,0.0,0,0,0,0,0,0,0,0,0,0,0,0,0,0,0,0,0
5805,2005196377,1757.0,1755.0,39,39408,40.7525,-75.6085,0,0,0,0,0,0,8,9,2005,4,17.0,1.0,0,1.0,1,0,3,  ,0,0.0,0,0,0,0,0,0,0,0,0,0,0,0,0,0,0,0,1
5806,2005196558,1936.0,1922.0,6,6208,40.493,-76.0286,1,0,0,0,1,0,4,7,2005,7,19.0,1.0,0,1.0,1,0,3,  ,0,0.0,1,1,1,0,0,0,1,0,0,1,0,0,0,1,0,0,0
5807,2005196708,1258.0,1240.0,43,43212,41.1622,-80.3802,1,0,0,1,0,0,4,7,2005,5,12.0,1.0,0,1.0,1,1,3,  ,3,3.0,0,0,1,0,1,0,0,0,0,0,0,0,0,0,0,0,0
5808,2005196799,1539.0,1534.0,22,22208,40.2804,-76.7868,0,0,0,0,0,0,5,10,2005,4,15.0,1.0,0,1.0,3,0,3,  ,0,0.0,0,0,0,0,0,1,0,0,0,0,0,0,0,0,0,1,0
5809,2005196892,636.0,634.0,22,22103,40.2024,-76.7715,0,0,0,0,0,0,4,10,2005,5,6.0,3.0,0,1.0,3,1,3,  ,2,3.0,1,0,1,0,0,0,0,0,0,0,0,0,0,0,0,0,0
5810,2005196943,1905.0,1900.0,2,2301,,,0,0,0,0,0,0,4,9,2005,5,19.0,1.0,0,1.0,3,2,3,  ,0,0.0,0,0,1,0,0,0,0,0,0,0,0,0,0,0,0,0,0
5811,2005197101,1755.0,1714.0,66,66202,39.8656,-76.5486,0,0,0,0,0,0,4,9,2005,2,17.0,1.0,0,1.0,1,1,3,  ,3,2.0,0,0,1,0,0,0,0,0,0,0,0,0,0,0,0,0,0
5812,2005197442,1627.0,1553.0,66,66429,,,0,0,0,0,0,0,4,9,2005,5,15.0,1.0,7,1.0,1,0,3,  ,0,0.0,0,0,1,0,0,0,0,0,0,0,0,0,0,0,0,0,0
5813,2005197479,724.0,721.0,59,59205,40.9933,-76.9445,0,0,0,0,0,0,4,9,2005,7,7.0,1.0,0,1.0,1,2,3,  ,0,0.0,1,0,1,0,0,0,0,0,0,0,0,0,0,0,0,1,0
5814,2005197482,2323.0,2256.0,49,49221,40.9662,-76.858,0,0,0,0,0,0,4,9,2005,5,21.0,2.0,0,1.0,1,0,3,  ,0,0.0,1,0,1,0,0,0,0,0,0,0,0,0,0,0,0,0,0
5815,2005197930,1120.0,1059.0,23,23301,39.8351,-75.394,0,0,0,0,0,0,4,9,2005,5,10.0,1.0,0,1.0,3,1,3,  ,2,3.0,0,0,1,0,0,0,0,0,0,0,0,0,0,0,0,1,0
5816,2005198204,1241.0,1220.0,57,57212,41.9691,-75.7513,0,0,0,0,0,0,5,8,2005,2,12.0,1.0,0,1.0,1,0,3,  ,0,0.0,0,0,0,0,0,0,0,0,0,0,0,0,0,0,0,0,0
5817,2005198216,2051.0,2049.0,48,48301,,,0,0,0,0,0,0,4,9,2005,2,20.0,3.0,0,1.0,3,2,3,  ,0,0.0,1,0,1,0,0,0,0,0,0,0,0,0,0,0,0,0,0
5818,2005198277,1631.0,1630.0,38,38209,40.3484,-76.3863,0,0,0,0,0,0,4,10,2005,3,14.0,1.0,0,1.0,1,1,3,  ,2,3.0,1,0,1,0,0,0,0,0,0,0,0,0,0,0,0,0,1
5819,2005198411,1448.0,1446.0,2,2113,40.4773,-79.799,0,0,0,0,0,1,4,9,2005,6,14.0,1.0,0,1.0,3,0,3,  ,0,0.0,1,0,1,0,0,0,0,0,0,0,0,0,0,0,0,1,0
5820,2005198475,1745.0,1742.0,25,25213,,,0,0,0,0,0,0,4,9,2005,5,17.0,1.0,0,1.0,3,1,3,  ,3,3.0,1,0,1,0,0,0,0,0,0,0,0,0,0,0,0,1,0
5821,2005198490,9999.0,9999.0,14,14410,40.788,-77.87,0,0,0,0,0,0,4,10,2005,3,8.0,1.0,0,1.0,3,1,3,  ,3,3.0,0,0,1,0,0,0,0,0,0,0,0,0,0,0,0,0,1
5822,2005198606,2224.0,2224.0,23,23111,39.961,-75.2886,0,0,0,0,0,1,4,9,2005,6,22.0,3.0,0,1.0,3,2,3,  ,2,3.0,1,0,1,0,0,0,0,0,0,0,0,0,0,0,0,0,0
5823,2005198739,1827.0,1823.0,9,9212,40.1586,-74.9915,0,0,0,0,0,0,4,9,2005,6,18.0,1.0,0,1.0,3,2,3,  ,3,3.0,0,0,1,0,0,0,0,0,0,0,0,0,0,0,0,0,0
5824,2005198848,1558.0,1554.0,28,28215,39.7592,-77.5161,0,0,0,0,0,1,4,10,2005,1,15.0,1.0,0,1.0,2,0,3,  ,0,0.0,0,0,1,0,0,0,0,0,0,0,0,0,0,0,0,0,0
5825,2005198853,934.0,934.0,38,38301,,,0,0,0,1,0,0,4,9,2005,5,16.0,1.0,0,1.0,2,1,3,  ,0,0.0,1,0,1,0,1,0,0,0,0,0,0,0,0,0,0,0,0
5826,2005198866,1610.0,1609.0,9,9218,,,0,0,0,0,0,0,4,9,2005,5,16.0,1.0,0,1.0,3,1,3,  ,2,3.0,1,0,1,0,0,0,0,0,0,0,0,0,0,0,0,0,0
5827,2005198876,1603.0,1603.0,6,6410,,,0,0,0,0,0,0,2,11,2005,4,16.0,1.0,0,1.0,1,0,3,  ,0,0.0,0,0,0,0,0,0,0,0,0,0,0,0,0,0,0,0,0
5828,2005198922,1837.0,1837.0,22,22412,,,0,0,0,0,0,1,4,8,2005,7,18.0,4.0,0,1.0,3,1,3,  ,0,0.0,0,0,1,0,0,0,0,0,0,0,0,0,0,0,0,0,0