,CRN,ARRIVAL_TM,DISPATCH_TM,COUNTY,MUNICIPALITY,DEC_LAT,DEC_LONG,BICYCLE_DEATH_COUNT,BICYCLE_SUSP_SERIOUS_INJ_COUNT,BUS_COUNT,HEAVY_TRUCK_COUNT,SMALL_TRUCK_COUNT,SUV_COUNT,COLLISION_TYPE,CRASH_MONTH,CRASH_YEAR,DAY_OF_WEEK,HOUR_OF_DAY,ILLUMINATION,LOCATION_TYPE,ROAD_CONDITION,URBAN_RURAL,INTERSECT_TYPE,WEATHER1,WEATHER2,TCD_TYPE,TCD_FUNC_CD,AGGRESSIVE_DRIVING,ALCOHOL_RELATED,ANGLE_CRASH,CELL_PHONE,COMM_VEHICLE,DISTRACTED,DRINKING_DRIVER,DRUGGED_DRIVER,FATIGUE_ASLEEP,IMPAIRED_DRIVER,NHTSA_AGG_DRIVING,RUNNING_RED_LT,RUNNING_STOP_SIGN,SPEEDING_RELATED,TAILGATING,MATURE_DRIVER,YOUNG_DRIVER
5829,2005198993,818.0,750.0,7,7301,40.5174,-78.3929,0,0,0,0,0,1,4,10,2005,2,7.0,1.0,0,1.0,3,1,3,  ,2,3.0,1,0,1,0,0,0,0,0,0,0,0,0,0,0,0,0,0
5830,2005199180,2053.0,2047.0,60,60301,41.3928,-79.8266,0,0,0,0,0,0,8,11,2005,2,18.0,3.0,0,1.0,2,1,3,  ,3,3.0,1,0,0,0,0,0,0,0,0,0,0,0,0,0,0,0,0
5831,2005199203,1250.0,1248.0,14,14206,40.8056,-77.888,0,0,1,0,0,0,5,11,2005,3,12.0,1.0,0,1.0,1,1,3,  ,2,3.0,0,0,0,0,1,0,0,0,0,0,0,0,0,0,0,0,0
5832,2005199545,1410.0,1409.0,46,46110,40.1416,-75.1121,0,0,0,0,0,0,4,7,2005,5,14.0,1.0,0,1.0,3,1,3,  ,2,3.0,0,0,1,0,0,0,0,0,0,0,0,0,0,0,0,0,1
5833,2005199755,1304.0,1304.0,46,46101,40.1214,-75.1332,0,0,0,0,0,0,4,10,2005,3,13.0,1.0,0,1.0,3,0,3,  ,0,0.0,0,0,1,0,0,0,0,0,0,0,0,0,0,0,0,0,0
5834,2005199864,1614.0,1610.0,66,66217,40.0049,-76.7638,0,0,0,0,0,0,1,10,2005,5,16.0,1.0,0,9.0,3,1,7,  ,2,3.0,0,0,0,0,0,0,0,0,0,0,0,0,0,0,0,1,0
5835,2005200089,9999.0,9999.0,45,45404,40.9863,-75.1905,0,0,0,0,0,0,4,1,2005,7,21.0,3.0,0,1.0,2,0,3,  ,0,0.0,0,0,1,0,0,0,0,0,0,0,0,0,0,0,0,0,0
5836,2005201905,9999.0,9999.0,66,66413,39.8027,-76.9857,0,0,0,0,0,1,4,3,2005,3,7.0,1.0,0,9.0,2,1,7,  ,2,3.0,0,0,1,0,0,0,0,0,0,0,0,0,0,0,0,0,0
5837,2005202584,9999.0,9999.0,9,9401,40.1088,-74.8443,0,0,0,0,0,0,4,4,2005,4,7.0,1.0,0,1.0,3,1,3,  ,3,3.0,0,0,1,0,0,0,0,0,0,0,0,0,0,0,0,0,1
5838,2005202635,9999.0,9999.0,19,19501,40.9931,-76.4534,0,0,0,0,0,0,4,3,2005,3,7.0,1.0,0,1.0,2,1,3,  ,3,3.0,1,0,1,0,0,0,0,0,0,0,0,0,0,0,0,0,0
5839,2005202866,9999.0,9999.0,46,46105,40.1219,-75.0517,0,0,0,0,0,0,4,3,2005,3,8.0,1.0,7,1.0,3,0,3,  ,0,0.0,1,0,1,0,0,0,0,0,0,0,0,0,0,0,0,0,0
5840,2005203058,9999.0,9999.0,23,23412,39.9432,-75.2665,0,0,0,0,0,0,4,4,2005,6,16.0,1.0,0,1.0,3,1,3,  ,3,3.0,0,0,1,0,0,0,0,0,0,0,0,0,0,0,0,0,0
5841,2005203069,9999.0,9999.0,2,2422,40.4016,-80.0377,0,0,0,0,0,0,4,4,2005,2,13.0,1.0,0,1.0,3,2,3,  ,3,3.0,0,0,1,0,0,0,0,0,0,0,0,0,0,0,0,0,0
5842,2005203426,9999.0,9999.0,64,64305,,,0,0,0,1,0,0,4,3,2005,5,17.0,1.0,7,1.0,3,0,3,  ,0,0.0,0,0,1,0,0,0,0,0,0,0,0,0,0,0,0,0,0
5843,2005203449,9999.0,9999.0,23,23102,39.9096,-75.2977,0,0,0,0,0,0,4,4,2005,3,17.0,1.0,0,1.0,3,2,3,  ,3,3.0,0,0,1,0,0,0,0,0,0,0,0,0,0,0,0,0,1
5844,2005203538,9999.0,9999.0,40,40414,,,0,0,0,0,0,0,4,4,2005,6,19.0,1.0,0,1.0,3,1,3,  ,3,3.0,0,0,1,0,0,0,0,0,0,0,0,0,0,0,0,0,0
5845,2005203549,9999.0,9999.0,39,39103,40.6157,-75.5413,0,0,0,0,0,0,4,4,2005,2,18.0,1.0,0,1.0,1,2,3,  ,3,3.0,0,0,1,0,0,0,0,0,0,0,0,0,0,0,0,1,0
5846,2005203560,9999.0,9999.0,19,19501,,,0,0,0,0,0,0,1,4,2005,1,20.0,3.0,0,1.0,2,0,3,  ,0,0.0,0,0,0,0,0,0,0,0,0,0,0,0,0,0,0,0,0
5847,2005203646,9999.0,9999.0,9,9414,,,0,0,0,0,0,0,1,3,2005,5,7.0,1.0,0,1.0,2,0,3,  ,0,0.0,0,0,0,0,0,0,0,0,0,0,0,0,0,0,0,0,0
5848,2005203742,9999.0,9999.0,64,64304,,,0,0,0,0,1,0,4,5,2005,1,16.0,1.0,0,1.0,3,2,3,  ,0,0.0,0,0,1,0,0,0,0,0,0,0,0,0,0,0,0,0,0
5849,2005203760,9999.0,9999.0,23,23104,39.8244,-75.4206,0,0,0,0,0,1,4,4,2005,2,17.0,1.0,0,1.0,3,1,3,  ,2,3.0,0,0,1,0,0,0,0,0,0,0,0,0,0,0,0,0,0
5850,2005203921,9999.0,9999.0,4,4203,,,0,0,0,0,0,1,4,4,2005,4,13.0,1.0,7,1.0,1,0,3,  ,0,0.0,1,0,1,0,0,0,0,0,0,0,0,0,0,0,0,0,0
5851,2005203982,9999.0,9999.0,2,2425,,,0,0,0,0,0,0,4,4,2005,3,19.0,1.0,0,1.0,3,0,3,  ,0,0.0,0,0,1,0,0,0,0,0,0,0,0,0,0,0,0,0,0
5852,2005204109,9999.0,9999.0,9,9213,40.1342,-74.8847,0,0,0,0,0,0,1,4,2005,1,23.0,3.0,0,1.0,3,1,3,  ,3,3.0,0,0,0,0,0,0,0,0,0,0,0,0,0,0,0,0,0
5853,2005204240,9999.0,9999.0,23,23423,39.9135,-75.2626,0,0,0,0,0,0,4,5,2005,2,18.0,1.0,0,1.0,3,2,3,  ,3,3.0,0,0,1,0,0,0,0,0,0,0,0,0,0,0,0,0,1
5854,2005204326,9999.0,9999.0,48,48302,40.6785,-75.2196,0,0,0,0,0,0,4,4,2005,3,19.0,1.0,0,1.0,3,1,3,  ,3,3.0,0,0,1,0,0,0,0,0,0,0,0,0,0,0,0,0,0
5855,2005204479,9999.0,9999.0,23,23404,39.9273,-75.3028,0,0,0,0,0,0,4,6,2005,1,19.0,1.0,0,1.0,3,1,3,  ,2,3.0,0,0,1,0,0,0,0,0,0,0,0,0,0,0,0,0,0
5856,2005204512,9999.0,9999.0,9,9401,40.1058,-74.8436,0,0,0,0,0,0,4,5,2005,4,12.0,1.0,0,1.0,3,2,3,  ,0,0.0,1,0,1,0,0,0,0,0,0,0,0,0,0,0,0,0,1
5857,2005204611,9999.0,9999.0,46,46212,40.3279,-75.5579,0,0,0,0,0,0,4,6,2005,7,13.0,1.0,0,9.0,1,1,7,  ,3,3.0,0,0,1,0,0,0,0,0,0,0,0,0,0,0,0,0,1
5858,2005204759,9999.0,9999.0,60,60302,41.435,-79.7016,0,0,0,0,0,0,4,5,2005,7,20.0,1.0,0,1.0,2,1,3,  ,3,3.0,0,0,1,0,0,0,0,0,0,0,0,0,0,0,0,0,0
5859,2005204929,9999.0,9999.0,9,9414,40.3665,-75.2957,0,0,0,0,0,1,4,6,2005,5,16.0,1.0,0,1.0,2,1,3,  ,3,3.0,0,0,1,0,0,0,0,0,0,0,0,0,0,0,0,0,0
5860,2005204959,9999.0,9999.0,23,23104,39.8264,-75.4254,0,0,0,0,0,0,1,5,2005,7,16.0,1.0,0,9.0,3,1,7,  ,2,3.0,1,0,0,0,0,0,0,0,0,0,0,0,0,0,1,0,0
5861,2005204999,9999.0,9999.0,40,40414,41.2522,-75.888,0,0,0,0,1,0,4,5,2005,3,19.0,1.0,0,1.0,3,2,3,  ,3,3.0,0,0,1,0,0,0,0,0,0,0,0,0,0,0,0,0,0
5862,2005205006,9999.0,9999.0,23,23408,39.9431,-75.2606,0,0,1,0,0,0,4,6,2005,7,11.0,1.0,0,1.0,3,1,3,  ,9,9.0,0,0,1,0,1,0,0,0,0,0,0,0,0,0,0,0,0
5863,2005205083,9999.0,9999.0,2,2303,40.3653,-79.849,0,0,0,0,0,0,4,5,2005,7,13.0,1.0,0,1.0,3,1,3,  ,0,0.0,0,0,1,0,0,0,0,0,0,0,0,0,0,0,0,0,0
5864,2005205090,9999.0,9999.0,20,20302,41.6308,-79.6705,0,0,0,0,0,1,4,6,2005,4,19.0,1.0,0,1.0,2,2,3,  ,3,3.0,0,0,1,0,0,0,0,0,0,0,0,0,0,0,0,0,0
5865,2005205126,9999.0,9999.0,19,19501,41.0007,-76.4622,0,0,0,0,0,0,1,6,2005,6,11.0,1.0,0,9.0,2,1,7,  ,3,3.0,0,0,0,0,0,0,0,0,0,0,0,0,0,0,0,0,1
5866,2005205188,9999.0,9999.0,45,45402,41.0003,-75.1796,0,0,0,0,0,0,4,5,2005,6,17.0,1.0,0,1.0,2,2,3,  ,3,3.0,0,0,1,0,0,0,0,0,0,0,0,0,0,0,0,0,0
5867,2005205217,9999.0,9999.0,36,36410,,,0,0,0,0,0,0,4,5,2005,4,14.0,1.0,7,1.0,2,0,3,  ,0,0.0,0,0,1,0,0,0,0,0,0,0,0,0,0,0,0,0,0
5868,2005205230,9999.0,9999.0,46,46103,40.2588,-75.2655,0,0,0,0,0,0,4,3,2005,6,16.0,1.0,7,1.0,3,0,3,  ,0,0.0,1,0,1,0,0,0,0,0,0,0,0,0,0,0,0,0,0
5869,2005205347,9999.0,9999.0,40,40414,41.2704,-75.8877,0,0,0,0,0,0,4,5,2005,6,12.0,1.0,0,1.0,3,1,3,  ,2,3.0,0,0,1,0,0,0,0,0,0,0,0,0,0,0,0,0,0
5870,2005205414,9999.0,9999.0,45,45404,,,0,0,0,0,0,0,4,7,2005,7,16.0,1.0,0,9.0,2,1,3,  ,2,3.0,0,0,1,0,0,0,0,0,0,0,0,0,0,0,0,0,1
5871,2005205585,9999.0,9999.0,11,11301,40.2964,-78.91,0,0,0,0,0,0,4,6,2005,3,13.0,1.0,0,1.0,3,1,3,  ,3,3.0,0,0,1,0,0,0,0,0,0,0,0,0,0,0,0,0,0
5872,2005205612,9999.0,9999.0,45,45214,40.9982,-75.1967,0,0,0,0,0,0,4,6,2005,5,17.0,1.0,0,1.0,1,1,3,  ,3,3.0,0,0,1,0,0,0,0,0,0,0,0,0,0,0,0,1,0
5873,2005205652,9999.0,9999.0,23,23107,39.8963,-75.3337,0,0,0,0,0,0,4,1,2005,2,13.0,1.0,0,1.0,3,2,3,  ,2,3.0,0,0,1,0,0,0,0,0,0,0,0,0,0,0,0,0,0
5874,2005205772,9999.0,9999.0,23,23420,39.8858,-75.3198,0,0,0,0,1,0,4,4,2005,7,15.0,1.0,0,9.0,3,2,7,  ,3,3.0,0,0,1,0,0,0,0,0,0,0,0,0,0,0,0,0,0
5875,2005205792,9999.0,9999.0,38,38216,40.2484,-76.4692,0,0,0,0,0,0,4,6,2005,1,12.0,1.0,0,1.0,1,2,3,  ,3,3.0,1,0,1,0,0,0,0,0,0,0,0,0,0,0,0,0,0
5876,2005205802,9999.0,9999.0,2,2303,,,0,0,0,0,0,0,4,6,2005,4,17.0,1.0,0,1.0,3,1,3,  ,3,3.0,0,0,1,0,0,0,0,0,0,0,0,0,0,0,0,0,0
5877,2005205850,9999.0,9999.0,48,48302,40.6794,-75.2102,0,0,0,0,0,0,4,7,2005,5,12.0,1.0,0,1.0,3,1,3,  ,2,3.0,1,0,1,0,0,0,0,0,0,0,0,0,0,0,0,0,0
5878,2005205858,9999.0,9999.0,46,46111,40.135,-75.3752,0,0,0,0,0,0,4,6,2005,4,6.0,1.0,0,1.0,3,2,3,  ,0,0.0,1,0,1,0,0,0,0,0,0,0,0,0,0,0,0,1,0
5879,2005205869,9999.0,9999.0,40,40414,41.2717,-75.8863,0,0,0,0,0,1,4,5,2005,3,11.0,1.0,0,1.0,3,1,3,  ,2,3.0,0,0,1,0,0,0,0,0,0,0,0,0,0,0,0,0,0
5880,2005205929,9999.0,9999.0,45,45214,41.0378,-75.2092,0,0,0,0,0,0,6,5,2005,7,21.0,2.0,0,1.0,1,0,3,  ,0,0.0,0,0,0,0,0,0,0,0,0,0,0,0,0,0,0,0,0
5881,2005205981,9999.0,9999.0,45,45402,40.992,-75.1763,0,0,0,0,0,0,4,6,2005,2,21.0,2.0,0,9.0,2,1,3,  ,2,3.0,0,0,1,0,0,0,0,0,0,0,0,0,0,0,0,0,0
5882,2005205994,9999.0,9999.0,66,66413,39.7959,-76.9886,0,0,0,0,0,0,4,6,2005,4,19.0,1.0,0,1.0,2,1,3,  ,2,3.0,0,0,1,0,0,0,0,0,0,0,0,0,0,0,0,0,0
5883,2005206117,9999.0,9999.0,2,2427,,,0,0,0,0,0,0,5,6,2005,1,14.0,1.0,0,1.0,3,0,3,  ,0,0.0,0,0,0,0,0,0,0,0,0,0,0,0,0,0,0,0,0
5884,2005206172,9999.0,9999.0,38,38402,,,0,0,0,0,0,0,5,6,2005,4,19.0,1.0,0,1.0,1,0,3,  ,0,0.0,0,1,0,0,0,0,1,0,0,1,0,0,0,0,0,0,0
5885,2005206184,9999.0,9999.0,23,23208,39.9869,-75.4006,0,0,0,0,0,0,4,7,2005,4,13.0,1.0,7,1.0,3,0,3,  ,0,0.0,0,0,1,0,0,0,0,0,0,0,0,0,0,0,0,0,0
5886,2005206212,9999.0,9999.0,39,39211,40.5352,-75.3802,0,0,0,0,0,0,4,7,2005,5,9.0,1.0,0,1.0,1,1,3,  ,3,3.0,0,0,1,0,0,0,0,0,0,0,0,0,0,0,0,0,0
5887,2005206269,9999.0,9999.0,46,46411,,,0,0,0,0,0,0,4,5,2005,2,18.0,1.0,0,1.0,3,0,3,  ,0,0.0,0,0,1,0,0,0,0,0,0,0,0,0,0,0,0,0,0
5888,2005206284,9999.0,9999.0,23,23110,39.8289,-75.4333,0,0,0,0,0,1,4,4,2005,5,19.0,1.0,2,1.0,3,1,3,  ,0,0.0,0,0,1,0,0,0,0,0,0,0,0,0,0,0,0,0,0
5889,2005206303,9999.0,9999.0,23,23427,39.9306,-75.2482,0,0,0,0,0,0,4,8,2005,3,14.0,1.0,0,1.0,3,1,3,  ,3,3.0,1,0,1,0,0,0,0,0,0,0,0,0,0,0,0,0,0
5890,2005206464,9999.0,9999.0,19,19402,41.0498,-76.2517,0,0,0,0,0,0,4,2,2005,2,10.0,1.0,0,1.0,2,1,3,  ,3,3.0,0,0,1,0,0,0,0,0,0,0,0,0,0,0,0,1,0
5891,2005206541,9999.0,9999.0,23,23109,39.8751,-75.2586,0,0,1,0,0,0,1,1,2005,7,11.0,1.0,0,1.0,3,0,3,  ,0,0.0,1,0,0,0,1,0,0,0,0,0,0,0,0,0,1,0,0
5892,2005206624,9999.0,9999.0,46,46216,,,0,0,0,0,1,0,4,5,2005,5,16.0,1.0,0,1.0,1,2,3,  ,3,3.0,1,0,1,0,0,0,0,0,0,0,0,0,0,0,0,0,0
5893,2005206634,9999.0,9999.0,46,46411,,,0,0,0,0,1,0,4,6,2005,4,16.0,1.0,0,1.0,3,2,3,  ,3,3.0,0,0,1,0,0,0,0,0,0,0,0,0,0,0,0,0,0
5894,2005206698,9999.0,9999.0,19,19402,41.0509,-76.2523,0,0,0,0,0,0,4,6,2005,5,15.0,1.0,7,9.0,2,1,7,  ,0,0.0,0,0,1,0,0,0,0,0,0,0,0,0,0,0,0,0,0
5895,2005206974,9999.0,9999.0,46,46411,40.2445,-75.2808,0,0,0,0,0,0,4,6,2005,4,23.0,3.0,0,1.0,3,1,3,  ,3,3.0,0,0,1,0,0,0,0,0,0,0,0,0,0,0,0,0,0
5896,2005207027,9999.0,9999.0,46,46411,,,0,0,0,0,0,0,4,4,2005,3,16.0,1.0,0,1.0,3,1,3,  ,3,3.0,1,0,1,0,0,0,0,0,0,0,0,0,0,0,0,0,0
5897,2005207329,9999.0,9999.0,46,46222,40.1561,-75.4638,0,0,0,0,0,0,4,6,2005,1,23.0,3.0,0,1.0,3,1,3,  ,3,3.0,0,0,1,0,0,0,0,0,0,0,0,0,0,0,0,0,0
5898,2005207339,9999.0,9999.0,48,48302,40.6903,-75.2282,0,0,0,0,0,0,4,7,2005,2,22.0,3.0,0,1.0,3,1,3,  ,2,3.0,0,0,1,0,0,0,0,0,0,0,0,0,0,0,0,0,0
5899,2005207466,9999.0,9999.0,63,63403,41.5761,-75.2576,0,0,0,0,0,0,4,7,2005,3,15.0,1.0,0,1.0,2,1,3,  ,2,3.0,0,0,1,0,0,0,0,0,0,0,0,0,0,0,0,0,0
5900,2005207474,9999.0,9999.0,39,39103,,,0,0,0,0,0,1,4,7,2005,6,12.0,1.0,0,1.0,1,2,3,  ,3,3.0,1,0,1,0,0,0,0,0,0,0,0,0,0,0,0,0,0
5901,2005207527,9999.0,9999.0,45,45214,41.025,-75.1931,0,0,0,0,1,0,1,7,2005,2,6.0,5.0,0,1.0,1,0,3,  ,0,0.0,0,0,0,0,0,0,0,0,0,0,0,0,0,0,0,0,0
5902,2005207631,9999.0,9999.0,1,1203,,,0,0,0,0,0,0,4,7,2005,7,15.0,1.0,0,1.0,1,0,3,  ,0,0.0,0,0,1,0,0,0,0,0,0,0,0,0,0,0,0,0,0
5903,2005207718,9999.0,9999.0,9,9401,,,0,0,0,0,0,0,5,8,2005,2,9.0,1.0,0,1.0,3,0,3,  ,0,0.0,0,0,0,0,0,0,0,0,0,0,0,0,0,0,0,0,0
5904,2005207754,9999.0,9999.0,46,46222,40.1803,-75.5136,0,0,0,0,0,0,4,7,2005,1,14.0,1.0,0,9.0,3,2,99,  ,3,3.0,0,0,1,0,0,0,0,0,0,0,0,0,0,0,0,0,1
5905,2005207818,9999.0,9999.0,39,39103,,,0,0,0,0,0,0,4,7,2005,7,19.0,1.0,7,1.0,1,0,3,  ,0,0.0,1,0,1,0,0,0,0,0,0,0,0,0,0,0,0,1,0
5906,2005208062,9999.0,9999.0,48,48302,40.6865,-75.2289,0,1,0,0,0,0,4,8,2005,6,16.0,1.0,0,1.0,3,1,3,  ,3,3.0,0,0,1,0,0,0,0,0,0,0,0,0,0,0,0,0,0
5907,2005208114,9999.0,9999.0,66,66231,39.9525,-76.771,0,0,0,0,0,0,4,8,2005,2,17.0,1.0,0,1.0,1,1,3,  ,3,3.0,0,0,1,0,0,0,0,0,0,0,0,0,0,0,0,0,1
5908,2005208261,9999.0,9999.0,48,48302,40.6902,-75.2301,0,0,0,0,0,0,4,9,2005,5,15.0,1.0,0,1.0,3,1,3,  ,3,3.0,1,0,1,0,0,0,0,0,0,0,0,0,0,0,0,0,0
5909,2005208264,9999.0,9999.0,48,48302,40.6867,-75.2251,0,0,0,0,0,0,4,8,2005,3,22.0,3.0,0,1.0,3,1,3,  ,3,3.0,0,0,1,0,0,0,0,0,0,0,0,0,0,0,0,0,1
5910,2005208514,9999.0,9999.0,2,2106,,,0,0,0,0,0,0,4,8,2005,7,13.0,1.0,0,1.0,3,0,3,  ,0,0.0,0,0,1,0,0,0,0,0,0,0,0,0,0,0,0,1,0
5911,2005208675,9999.0,9999.0,40,40414,41.2754,-75.8904,0,0,0,0,1,0,4,8,2005,3,21.0,3.0,0,1.0,3,1,3,  ,3,3.0,0,0,1,0,0,0,0,0,0,0,0,0,0,0,0,0,0
5912,2005208744,9999.0,9999.0,60,60302,41.4283,-79.7109,0,0,0,0,0,0,4,7,2005,5,13.0,1.0,0,1.0,2,1,3,  ,9,9.0,0,0,1,0,0,0,0,0,0,0,0,0,0,0,0,1,0
5913,2005208803,9999.0,9999.0,45,45214,40.9762,-75.2424,0,0,0,0,0,0,4,7,2005,3,5.0,5.0,0,1.0,1,1,3,  ,2,3.0,0,0,1,0,0,0,0,0,0,0,0,0,0,0,0,0,0
5914,2005208806,9999.0,9999.0,40,40410,41.2845,-75.8738,0,0,0,0,0,0,4,8,2005,6,11.0,1.0,7,9.0,3,1,7,  ,3,3.0,1,0,1,0,0,0,0,0,0,0,0,0,0,0,0,1,0
5915,2005208838,9999.0,9999.0,23,23108,39.9164,-75.3333,0,0,0,0,0,0,1,8,2005,5,15.0,1.0,7,1.0,3,0,3,  ,0,0.0,1,0,0,0,0,0,0,0,0,0,0,0,0,0,0,0,0
5916,2005208958,9999.0,9999.0,23,23412,39.9452,-75.267,0,0,1,0,0,0,4,8,2005,2,15.0,1.0,0,1.0,3,2,3,  ,9,9.0,0,0,1,0,1,0,0,0,0,0,0,0,0,0,0,0,0
5917,2005209103,9999.0,9999.0,23,23108,39.9289,-75.3401,0,0,0,0,0,0,4,9,2005,4,7.0,1.0,0,1.0,3,1,3,  ,3,3.0,0,0,1,0,0,0,0,0,0,0,0,0,0,0,0,0,0
5918,2005209131,9999.0,9999.0,48,48302,,,0,0,0,0,0,0,4,9,2005,5,18.0,1.0,0,1.0,3,1,3,  ,0,0.0,0,0,1,0,0,0,0,0,0,0,0,0,0,0,0,0,0
5919,2005209247,9999.0,9999.0,39,39103,,,0,0,0,0,0,0,6,9,2005,4,16.0,1.0,0,1.0,1,0,3,  ,0,0.0,0,0,0,0,0,0,0,0,0,0,0,0,0,0,0,0,1
5920,2005209264,9999.0,9999.0,66,66231,39.951,-76.7492,0,0,0,0,0,0,4,8,2005,4,19.0,1.0,0,1.0,1,1,3,  ,3,3.0,0,0,1,0,0,0,0,0,0,0,0,0,0,0,0,0,0
5921,2005209288,9999.0,9999.0,45,45216,,,0,0,0,0,0,0,4,9,2005,2,18.0,1.0,0,1.0,1,0,3,  ,0,0.0,0,0,1,0,0,0,0,0,0,0,0,0,0,0,0,0,0
5922,2005209295,9999.0,9999.0,11,11301,,,0,0,0,0,0,0,4,9,2005,5,17.0,1.0,7,1.0,3,0,3,  ,0,0.0,1,0,1,0,0,0,0,0,0,0,0,0,0,0,0,0,0
5923,2005209326,9999.0,9999.0,9,9204,40.3251,-75.1242,0,0,0,0,1,0,1,9,2005,5,15.0,1.0,0,1.0,1,0,3,  ,0,0.0,0,0,0,0,0,0,0,0,0,0,0,0,0,0,0,0,0
5924,2005209418,9999.0,9999.0,46,46105,40.1275,-75.039,0,0,0,0,0,0,4,8,2005,6,5.0,5.0,7,1.0,3,0,3,  ,0,0.0,1,0,1,0,0,0,0,0,0,0,1,0,0,0,0,0,0
5925,2005209479,9999.0,9999.0,20,20302,41.6283,-79.6792,0,0,0,0,1,0,4,10,2005,4,10.0,1.0,0,1.0,2,1,3,  ,3,3.0,0,0,1,0,0,0,0,0,0,0,0,0,0,0,0,1,0
5926,2005209490,9999.0,9999.0,9,9401,40.0994,-74.8618,0,0,0,0,0,0,4,9,2005,3,16.0,1.0,0,1.0,3,2,3,  ,2,3.0,0,0,1,0,0,0,0,0,0,0,0,0,0,0,0,0,0
5927,2005209650,9999.0,9999.0,9,9213,40.1506,-74.8689,0,0,0,0,0,0,5,8,2005,4,16.0,1.0,0,1.0,3,2,3,  ,3,3.0,0,0,0,0,0,0,0,0,0,0,0,0,0,0,0,1,0
5928,2005209994,9999.0,9999.0,23,23402,39.8738,-75.3909,0,0,0,0,1,0,4,10,2005,1,14.0,1.0,0,1.0,3,2,3,  ,3,3.0,1,0,1,0,0,0,0,0,0,0,0,0,0,0,0,0,0
5929,2005210037,9999.0,9999.0,23,23412,39.9475,-75.2684,0,0,0,0,0,1,4,10,2005,5,18.0,3.0,0,9.0,3,1,7,  ,3,3.0,1,0,1,0,0,0,0,0,0,0,0,0,0,1,0,0,0
5930,2005210052,9999.0,9999.0,23,23110,,,0,0,0,0,0,0,4,7,2005,4,21.0,2.0,0,9.0,3,0,7,  ,0,0.0,0,0,1,0,0,0,0,0,0,0,0,0,0,0,0,0,0
5931,2005210065,9999.0,9999.0,23,23110,39.8289,-75.4334,0,0,0,0,0,0,4,7,2005,3,19.0,1.0,2,1.0,3,2,3,  ,3,3.0,0,0,1,0,0,0,0,0,0,0,0,0,0,0,0,0,1
5932,2005210108,9999.0,9999.0,9,9401,,,0,0,0,0,1,0,4,10,2005,3,13.0,1.0,0,1.0,3,2,3,  ,0,0.0,0,0,1,0,0,0,0,0,0,0,0,0,0,0,0,0,0
5933,2005210124,9999.0,9999.0,45,45404,40.9816,-75.189,0,0,0,0,0,0,5,7,2005,6,22.0,3.0,0,1.0,2,0,3,  ,0,0.0,0,1,0,0,0,0,1,0,0,1,0,0,0,0,0,0,0
5934,2005210167,9999.0,9999.0,6,6224,,,0,0,0,0,0,0,4,9,2005,4,19.0,3.0,7,1.0,1,0,3,  ,0,0.0,0,0,1,0,0,0,0,0,0,0,0,0,0,0,0,0,0
5935,2005210171,9999.0,9999.0,39,39209,,,0,0,0,0,0,0,4,9,2005,2,18.0,4.0,7,1.0,1,0,3,  ,0,0.0,1,0,1,0,0,0,0,0,0,0,0,0,0,0,0,1,0
5936,2005210261,9999.0,9999.0,66,66413,,,0,0,0,0,0,0,4,8,2005,6,19.0,1.0,0,1.0,2,2,3,  ,0,0.0,0,0,1,0,0,0,0,0,0,0,0,0,0,0,0,0,0
5937,2005210299,9999.0,9999.0,23,23108,39.9249,-75.3402,0,0,0,0,0,0,4,10,2005,7,19.0,3.0,0,9.0,3,1,7,  ,2,3.0,0,0,1,0,0,0,0,0,0,0,0,0,0,0,0,0,0
5938,2005210346,9999.0,9999.0,23,23110,39.8251,-75.4211,0,0,0,0,0,0,4,8,2005,1,19.0,1.0,7,1.0,3,0,3,  ,0,0.0,0,0,1,0,0,0,0,0,0,0,0,0,0,0,0,0,0
5939,2005210347,9999.0,9999.0,23,23110,39.8289,-75.4335,0,0,0,0,0,0,1,8,2005,1,12.0,1.0,7,1.0,3,0,3,  ,0,0.0,0,0,0,0,0,0,0,0,0,0,0,0,0,0,0,0,0
5940,2005210545,9999.0,9999.0,46,46411,,,0,0,0,0,0,0,4,10,2005,3,11.0,1.0,0,9.0,3,1,7,  ,0,0.0,0,0,1,0,0,0,0,0,0,0,0,0,0,0,0,1,0
5941,2005210677,9999.0,9999.0,23,23107,39.8705,-75.3548,0,1,0,0,0,1,4,7,2005,7,9.0,1.0,7,1.0,3,0,3,  ,0,0.0,0,0,1,0,0,0,0,0,0,0,0,0,0,0,0,0,0
5942,2005210922,9999.0,9999.0,46,46411,,,0,0,0,0,0,0,4,11,2005,5,17.0,4.0,7,1.0,3,0,3,  ,0,0.0,0,0,1,0,0,0,0,0,0,0,0,0,0,0,0,0,0
5943,2005210953,9999.0,9999.0,40,40414,41.2618,-75.8972,0,1,0,0,0,0,4,10,2005,5,15.0,1.0,0,1.0,3,1,3,  ,2,3.0,0,0,1,0,0,0,0,0,0,0,0,0,0,0,0,0,1
5944,2005211145,9999.0,9999.0,66,66413,39.8013,-76.9786,0,0,0,1,0,0,4,8,2005,4,7.0,1.0,0,1.0,2,1,3,  ,3,3.0,0,0,1,0,0,0,0,0,0,0,0,0,0,0,0,0,0
5945,2005211159,9999.0,9999.0,47,47206,40.9646,-76.6035,0,0,0,0,0,0,4,10,2005,2,17.0,1.0,0,1.0,1,2,3,  ,3,3.0,0,0,1,0,0,0,0,0,0,0,0,0,0,0,0,0,0
5946,2005211200,9999.0,9999.0,40,40301,,,0,0,0,0,0,0,4,6,2005,4,18.0,1.0,7,1.0,2,0,3,  ,0,0.0,0,0,1,0,0,0,0,0,0,0,0,0,0,0,0,0,0