,CRN,ARRIVAL_TM,DISPATCH_TM,COUNTY,MUNICIPALITY,DEC_LAT,DEC_LONG,BICYCLE_DEATH_COUNT,BICYCLE_SUSP_SERIOUS_INJ_COUNT,BUS_COUNT,HEAVY_TRUCK_COUNT,SMALL_TRUCK_COUNT,SUV_COUNT,COLLISION_TYPE,CRASH_MONTH,CRASH_YEAR,DAY_OF_WEEK,HOUR_OF_DAY,ILLUMINATION,LOCATION_TYPE,ROAD_CONDITION,URBAN_RURAL,INTERSECT_TYPE,WEATHER1,WEATHER2,TCD_TYPE,TCD_FUNC_CD,AGGRESSIVE_DRIVING,ALCOHOL_RELATED,ANGLE_CRASH,CELL_PHONE,COMM_VEHICLE,DISTRACTED,DRINKING_DRIVER,DRUGGED_DRIVER,FATIGUE_ASLEEP,IMPAIRED_DRIVER,NHTSA_AGG_DRIVING,RUNNING_RED_LT,RUNNING_STOP_SIGN,SPEEDING_RELATED,TAILGATING,MATURE_DRIVER,YOUNG_DRIVER
5947,2005211232,9999.0,9999.0,6,6224,,,0,0,0,0,0,1,4,10,2005,4,8.0,1.0,0,1.0,1,1,3,  ,2,3.0,1,0,1,0,0,0,0,0,0,0,0,0,0,0,0,0,0
5948,2005211271,9999.0,9999.0,6,6224,,,0,0,0,0,0,0,4,10,2005,6,11.0,1.0,7,9.0,1,0,7,  ,0,0.0,1,0,1,0,0,0,0,0,0,0,0,0,0,0,0,0,1
5949,2005211334,9999.0,9999.0,40,40301,,,0,0,0,0,0,0,4,8,2005,1,15.0,1.0,0,1.0,2,1,3,  ,3,3.0,0,0,1,0,0,0,0,0,0,0,0,0,0,0,0,0,0
5950,2005211517,9999.0,9999.0,66,66413,39.8056,-76.9799,0,0,0,0,0,0,4,10,2005,4,15.0,1.0,0,1.0,2,0,3,  ,0,0.0,0,0,1,0,0,0,0,0,0,0,0,0,0,0,0,0,0
5951,2005211550,9999.0,9999.0,66,66231,,,0,0,0,0,0,0,5,10,2005,3,18.0,1.0,0,9.0,1,0,7,  ,0,0.0,0,0,0,0,0,0,0,0,0,0,0,0,0,0,0,0,0
5952,2005211555,9999.0,9999.0,66,66231,,,0,0,0,0,0,0,4,10,2005,1,12.0,1.0,7,1.0,1,0,3,  ,0,0.0,1,0,1,0,0,0,0,0,0,0,0,0,0,0,0,0,0
5953,2005211809,9999.0,9999.0,66,66413,39.7994,-76.9821,0,0,1,0,0,0,4,11,2005,2,8.0,1.0,0,1.0,2,1,3,  ,3,3.0,0,0,1,0,1,0,0,0,0,0,0,0,0,0,0,0,0
5954,2005211829,9999.0,9999.0,46,46105,40.1182,-75.0681,0,0,0,0,0,0,4,10,2005,1,12.0,1.0,7,1.0,3,0,3,  ,0,0.0,0,0,1,0,0,0,0,0,0,0,0,0,0,0,0,0,0
5955,2005211916,9999.0,9999.0,60,60302,41.4234,-79.7013,0,0,0,0,0,0,5,11,2005,6,19.0,1.0,0,1.0,2,0,3,  ,0,0.0,0,0,0,0,0,0,0,0,0,0,0,0,0,0,0,1,0
5956,2005212028,9999.0,9999.0,23,23419,39.8825,-75.306,0,0,0,0,0,0,4,9,2005,5,10.0,1.0,0,9.0,3,1,7,  ,3,3.0,1,0,1,0,0,0,0,0,0,0,0,0,0,0,0,0,0
5957,2005212049,9999.0,9999.0,23,23419,39.8844,-75.3036,0,0,0,0,0,1,4,8,2005,5,21.0,3.0,0,1.0,3,1,3,  ,2,3.0,0,0,1,0,0,0,0,0,0,0,0,0,0,0,0,0,0
5958,2005212795,9999.0,9999.0,9,9401,40.1006,-74.8525,0,0,0,0,0,0,4,12,2005,6,19.0,3.0,0,1.0,3,1,3,  ,2,3.0,0,0,1,0,0,0,0,0,0,0,0,0,0,0,0,1,0
5959,2005212797,9999.0,9999.0,40,40410,41.2819,-75.8762,0,0,0,0,0,0,3,12,2005,6,14.0,1.0,0,1.0,3,0,3,  ,0,0.0,0,0,0,0,0,0,0,0,0,0,0,0,0,0,0,0,1
5960,2005212839,9999.0,9999.0,66,66413,39.7969,-76.983,0,0,0,0,1,0,4,12,2005,4,16.0,4.0,0,1.0,2,1,3,  ,3,3.0,1,0,1,0,0,0,0,0,0,0,0,0,0,0,0,0,0
5961,2005213046,9999.0,9999.0,45,45101,,,0,1,0,0,0,1,1,12,2005,4,7.0,1.0,0,1.0,1,0,3,  ,0,0.0,1,0,0,0,0,0,0,0,0,0,0,0,0,0,1,1,0
5962,2005213161,9999.0,9999.0,64,64428,,,0,0,0,0,0,0,4,7,2005,1,20.0,1.0,0,1.0,3,1,3,  ,3,3.0,0,0,1,0,0,0,0,0,0,0,0,0,0,0,0,0,1
5963,2005213225,9999.0,9999.0,40,40414,,,0,0,0,0,0,0,4,11,2005,4,19.0,3.0,7,1.0,3,2,3,  ,0,0.0,0,0,1,0,0,0,0,0,0,0,0,0,0,0,0,0,0
5964,2005213628,9999.0,9999.0,23,23107,,,0,0,0,0,0,1,4,9,2005,5,18.0,1.0,7,1.0,3,0,3,  ,0,0.0,0,0,1,0,0,0,0,0,0,0,0,0,0,0,0,0,1
5965,2005213698,9999.0,9999.0,23,23411,,,0,0,0,0,0,0,4,12,2005,3,16.0,1.0,0,1.0,3,0,3,  ,0,0.0,0,0,1,0,0,0,0,0,0,0,0,0,0,0,0,0,0
5966,2005213762,9999.0,9999.0,23,23110,39.8353,-75.442,0,0,0,0,0,0,4,9,2005,3,9.0,1.0,0,1.0,3,1,3,  ,2,3.0,0,0,1,0,0,0,0,0,0,0,0,0,0,0,0,0,0
5967,2005213763,9999.0,9999.0,23,23110,39.8353,-75.442,0,0,0,0,0,0,4,9,2005,3,15.0,1.0,0,1.0,3,1,99,  ,2,3.0,0,0,1,0,0,0,0,0,0,0,0,0,0,0,0,0,0
5968,2005214241,9999.0,9999.0,23,23427,39.9382,-75.2577,0,0,0,0,0,0,4,6,2005,2,14.0,1.0,0,1.0,3,2,3,  ,3,3.0,0,0,1,0,0,0,0,0,0,0,0,0,0,0,0,0,1
5969,2005400029,1502.0,1454.0,36,36213,40.162,-76.0141,0,0,0,0,0,0,1,11,2005,4,14.0,1.0,0,9.0,1,2,3,  ,3,3.0,1,0,0,0,0,0,0,0,0,0,0,0,0,0,1,0,1
5970,2005400155,1851.0,1851.0,23,23407,,,0,0,0,0,0,0,4,9,2005,3,18.0,1.0,0,1.0,3,2,3,  ,3,3.0,0,0,1,0,0,0,0,0,0,0,0,0,0,0,0,0,0
5971,2005400343,2155.0,2153.0,14,14206,40.802,-77.8812,0,0,0,0,0,0,4,11,2005,6,21.0,3.0,0,1.0,1,1,3,  ,2,3.0,0,0,1,0,0,0,0,0,0,0,0,0,0,0,0,0,0
5972,2005400446,2303.0,2300.0,21,21402,40.2019,-77.1939,0,0,0,0,0,0,4,11,2005,6,23.0,3.0,0,1.0,2,1,3,  ,2,3.0,0,0,1,0,0,0,0,0,0,0,0,0,0,0,0,0,0
5973,2005400473,1732.0,1728.0,21,21101,40.2569,-76.921,0,0,0,0,1,0,6,11,2005,5,17.0,3.0,0,1.0,3,2,3,  ,3,3.0,1,0,0,0,0,0,0,0,0,0,0,0,0,0,0,0,0
5974,2005400559,1615.0,1525.0,46,46219,,,0,0,0,0,0,0,5,9,2005,3,19.0,4.0,0,1.0,1,0,3,  ,0,0.0,1,0,0,0,0,0,0,0,0,0,0,0,0,0,0,0,0
5975,2005400596,2002.0,1947.0,67,67301,,,0,0,0,0,0,0,4,9,2005,6,7.0,1.0,0,1.0,3,1,3,  ,3,9.0,0,0,1,0,0,0,0,0,0,0,0,0,0,0,0,0,0
5976,2005400896,1847.0,1845.0,36,36301,,,0,0,0,0,0,0,4,8,2005,2,18.0,4.0,0,1.0,3,1,3,  ,3,3.0,0,0,1,0,0,0,0,0,0,0,0,0,0,0,0,0,1
5977,2005400935,2324.0,2323.0,25,25302,,,0,0,0,0,0,0,5,10,2005,4,23.0,3.0,0,1.0,3,0,3,  ,0,0.0,0,0,0,0,0,0,0,0,0,0,0,0,0,0,0,0,0
5978,2005400979,2155.0,2155.0,46,46419,40.1865,-75.5376,0,0,0,0,0,0,2,10,2005,5,21.0,3.0,0,1.0,3,1,3,  ,2,3.0,0,0,0,0,0,0,0,0,0,0,0,0,0,0,0,0,0
5979,2005401101,1700.0,1657.0,2,2301,40.4484,-80.0037,0,0,0,0,1,0,4,10,2005,1,16.0,1.0,0,1.0,3,1,3,  ,0,0.0,0,0,1,0,0,0,0,0,0,0,0,0,0,0,0,0,0
5980,2005401174,1810.0,1756.0,28,28201,,,0,1,0,0,0,0,5,9,2005,7,17.0,1.0,0,1.0,1,0,3,  ,0,0.0,0,0,0,0,0,0,0,0,0,0,0,0,0,0,0,0,1
5981,2005401294,946.0,946.0,25,25213,42.1034,-80.1478,0,0,0,0,0,0,4,10,2005,7,9.0,1.0,0,1.0,3,0,3,  ,0,0.0,0,0,1,0,0,0,0,0,0,0,0,0,0,0,0,0,0
5982,2005401312,1745.0,1743.0,17,17406,40.9744,-78.5206,0,0,0,0,1,0,4,10,2005,7,17.0,1.0,0,1.0,1,1,3,  ,2,3.0,0,0,1,0,0,1,0,0,0,0,0,0,0,0,0,0,0
5983,2005401314,1239.0,1236.0,14,14410,40.7928,-77.8594,0,0,0,0,0,0,5,7,2005,5,12.0,1.0,0,1.0,3,0,3,  ,0,0.0,0,0,0,0,0,0,0,0,0,0,0,0,0,0,0,0,0
5984,2005401335,2200.0,2152.0,46,46102,40.0653,-75.1175,0,0,0,0,0,0,1,8,2005,5,21.0,2.0,0,1.0,3,0,3,  ,0,0.0,0,1,0,0,0,0,0,0,0,0,0,0,0,0,0,1,0
5985,2005401366,1529.0,1515.0,39,39207,40.6544,-75.5998,0,1,0,0,0,1,4,9,2005,5,15.0,1.0,0,1.0,1,2,3,  ,2,3.0,0,0,1,0,0,0,0,0,0,0,0,0,0,0,0,1,0
5986,2005401423,635.0,630.0,6,6301,,,0,0,0,0,0,0,4,10,2005,5,6.0,5.0,0,1.0,3,2,3,  ,3,3.0,0,0,1,0,0,0,0,0,0,0,0,0,0,0,0,0,0
5987,2005401499,1450.0,1448.0,7,7407,40.6718,-78.2378,0,0,0,0,0,0,4,8,2005,7,14.0,1.0,0,9.0,2,1,7,  ,2,3.0,0,0,1,0,0,0,0,0,0,0,0,0,0,0,0,0,0
5988,2005401567,906.0,904.0,11,11432,40.3154,-78.9628,0,0,0,0,0,0,4,10,2005,1,9.0,1.0,0,1.0,3,2,3,  ,3,3.0,1,0,1,0,0,0,0,0,0,0,0,0,0,0,0,0,0
5989,2005402372,1343.0,1333.0,21,21207,40.1818,-77.1026,0,0,0,0,0,0,4,8,2005,2,13.0,1.0,0,1.0,1,1,3,  ,0,0.0,0,0,1,0,0,0,0,0,0,0,0,0,0,0,0,0,0
5990,2005402421,1817.0,1808.0,14,14410,40.7875,-77.8572,0,0,0,0,0,0,2,9,2005,2,17.0,1.0,0,1.0,3,1,3,  ,0,0.0,1,0,0,0,0,0,0,0,0,0,0,0,0,0,0,0,1
5991,2005402448,1130.0,1127.0,43,43302,41.2372,-80.517,0,0,0,0,0,0,8,10,2005,7,11.0,1.0,0,1.0,3,0,3,  ,0,0.0,0,0,0,0,0,0,0,0,0,0,0,0,0,0,0,0,0
5992,2005402449,1242.0,1238.0,41,41301,41.24,-77.0034,0,0,0,0,0,0,4,10,2005,3,12.0,1.0,0,1.0,3,2,3,  ,0,0.0,0,0,1,0,0,0,0,0,0,0,0,0,0,0,0,0,0
5993,2005402508,1945.0,1946.0,23,23103,39.9706,-75.3059,0,0,0,0,0,0,4,6,2005,4,19.0,1.0,7,1.0,3,2,3,  ,0,0.0,0,0,1,0,0,0,0,0,0,0,0,0,0,0,0,0,0
5994,2005402567,1638.0,1623.0,36,36301,40.042,-76.2973,0,0,0,0,0,0,5,10,2005,3,16.0,1.0,0,9.0,3,0,3,  ,0,0.0,0,0,0,0,0,0,0,0,0,0,0,0,0,0,0,0,0
5995,2005402739,1509.0,1455.0,46,46223,40.2805,-75.4358,0,0,0,0,0,0,4,9,2005,1,14.0,1.0,0,1.0,1,1,3,  ,3,3.0,0,0,1,0,0,0,0,0,0,0,0,0,0,0,0,0,0
5996,2005402802,1809.0,1802.0,1,1202,39.9297,-77.2596,0,0,0,0,1,0,4,9,2005,4,18.0,1.0,0,1.0,1,2,3,  ,0,0.0,1,0,1,0,0,0,0,0,0,0,0,0,0,0,0,0,0
5997,2005403088,2100.0,2059.0,66,66301,39.9585,-76.751,0,0,0,0,0,1,4,10,2005,4,20.0,3.0,0,1.0,3,1,3,  ,2,3.0,1,0,1,0,0,0,0,0,0,0,0,0,0,0,0,0,0
5998,2005403094,1445.0,1439.0,66,66301,39.9566,-76.7379,0,0,0,0,0,0,4,10,2005,4,14.0,1.0,0,9.0,3,0,7,  ,0,0.0,0,0,1,0,0,0,0,0,0,0,0,0,0,0,0,0,0
5999,2005403149,1210.0,1208.0,64,64303,,,0,0,0,0,0,0,4,10,2005,7,12.0,1.0,0,1.0,3,1,3,  ,0,0.0,0,0,1,0,0,0,0,0,0,0,0,0,0,0,0,0,0
6000,2005403213,1427.0,1424.0,40,40103,41.2907,-75.828,0,1,0,0,0,0,2,8,2005,7,14.0,1.0,0,1.0,3,0,3,  ,0,0.0,0,0,0,0,0,0,0,0,0,0,0,0,0,0,0,0,0
6001,2005403296,1923.0,1921.0,36,36301,40.0301,-76.3223,0,0,0,0,0,0,2,9,2005,4,19.0,3.0,0,1.0,3,1,3,  ,2,3.0,0,1,0,0,0,0,0,0,0,0,0,0,0,0,0,0,1
6002,2005403492,1810.0,1805.0,36,36408,40.1694,-76.1983,0,0,0,0,0,0,4,9,2005,3,18.0,1.0,0,1.0,2,0,3,  ,0,0.0,0,0,1,0,0,0,0,0,0,0,0,0,0,0,0,0,0
6003,2005403727,2106.0,2104.0,66,66301,39.9818,-76.745,0,0,0,0,0,0,4,10,2005,2,21.0,3.0,0,1.0,3,1,3,  ,2,3.0,0,0,1,0,0,0,0,0,0,0,0,0,0,0,0,0,1
6004,2005403756,123.0,120.0,2,2433,40.3274,-79.8902,0,0,0,0,1,0,2,10,2005,7,1.0,2.0,0,1.0,3,0,3,  ,0,0.0,0,1,0,0,0,0,1,0,0,1,0,0,0,0,0,0,0
6005,2005403790,2017.0,2015.0,21,21407,,,0,0,0,0,0,0,4,9,2005,1,20.0,3.0,0,1.0,3,1,3,  ,0,0.0,0,0,1,0,0,1,0,0,0,0,0,0,0,0,0,0,0
6006,2005403817,1440.0,1339.0,2,2427,40.5518,-80.1924,0,0,0,0,0,0,4,6,2005,5,13.0,1.0,0,1.0,3,2,3,  ,3,3.0,0,0,1,0,0,0,0,0,0,0,0,0,0,0,0,0,0
6007,2005404001,1630.0,1625.0,67,67301,,,0,0,0,0,0,0,4,2,2005,6,9.0,1.0,0,1.0,3,1,3,  ,2,9.0,0,0,1,0,0,0,0,0,0,0,0,0,0,0,0,0,0
6008,2005404097,150.0,145.0,67,67301,39.9931,-75.1844,0,0,1,0,0,0,5,9,2005,3,1.0,3.0,0,1.0,3,0,3,  ,2,3.0,0,0,0,0,1,0,0,0,0,0,0,0,0,0,0,0,0
6009,2005404108,1658.0,1658.0,67,67301,39.9269,-75.1798,0,0,0,0,0,0,4,9,2005,7,16.0,1.0,99,1.0,3,0,3,  ,0,0.0,0,0,1,0,0,0,0,0,0,0,0,0,0,0,0,0,0
6010,2005404398,1455.0,1453.0,67,67301,39.931,-75.2324,0,0,0,0,0,0,5,9,2005,5,14.0,1.0,0,1.0,3,2,3,  ,2,3.0,0,0,0,0,0,1,0,0,0,0,0,0,0,0,0,0,0
6011,2005404405,1854.0,1851.0,67,67301,,,0,0,0,0,0,0,4,9,2005,6,18.0,1.0,0,1.0,3,1,3,  ,3,3.0,0,0,1,0,0,0,0,0,0,0,0,0,0,0,0,0,0
6012,2005404406,1012.0,1009.0,67,67301,,,0,0,0,0,0,0,4,10,2005,4,22.0,3.0,0,1.0,3,1,3,  ,3,9.0,0,0,1,0,0,0,0,0,0,0,0,0,0,0,0,0,0
6013,2005404407,2235.0,2233.0,67,67301,39.9632,-75.1419,0,0,0,0,0,0,4,9,2005,7,22.0,3.0,0,1.0,3,1,3,  ,0,0.0,0,0,1,0,0,0,0,0,0,0,0,0,0,0,0,0,0
6014,2005404417,1642.0,1637.0,67,67301,,,0,0,0,0,0,1,4,9,2005,7,16.0,1.0,0,1.0,3,0,3,  ,0,0.0,0,0,1,0,0,0,0,0,0,0,0,0,0,0,0,0,0
6015,2005404418,1445.0,1436.0,67,67301,39.9436,-75.1655,0,0,0,0,0,0,5,10,2005,3,14.0,1.0,0,1.0,3,0,3,  ,0,0.0,0,0,0,0,0,0,0,0,0,0,0,0,0,0,0,0,0
6016,2005404419,1220.0,1215.0,67,67301,,,0,0,0,0,0,1,2,10,2005,7,11.0,1.0,0,9.0,3,2,7,  ,0,0.0,0,0,0,0,0,0,0,0,0,0,0,0,0,0,0,0,0
6017,2005404421,1935.0,1928.0,67,67301,39.9321,-75.2181,0,0,0,0,0,0,4,10,2005,2,14.0,1.0,0,1.0,3,0,99,  ,3,9.0,0,0,1,0,0,0,0,0,0,0,0,0,0,0,0,0,1
6018,2005404440,1522.0,1522.0,67,67301,,,0,0,0,0,0,0,4,10,2005,7,15.0,1.0,0,1.0,3,2,3,  ,2,9.0,0,0,1,0,0,0,0,0,0,0,0,0,0,0,0,0,0
6019,2005404443,1600.0,1600.0,67,67301,,,0,0,0,0,0,0,4,9,2005,3,15.0,1.0,0,1.0,3,1,3,  ,3,9.0,1,0,1,0,0,0,0,0,0,0,0,0,0,1,0,0,1
6020,2005404475,1831.0,1831.0,67,67301,,,0,0,0,0,0,0,4,9,2005,2,18.0,1.0,0,1.0,3,0,3,  ,0,0.0,1,0,1,0,0,0,0,0,0,0,0,0,0,0,0,0,0
6021,2005404559,727.0,727.0,67,67301,39.9927,-75.1326,0,0,0,0,0,1,2,10,2005,4,7.0,1.0,0,1.0,3,1,3,  ,3,3.0,0,0,0,0,0,0,0,0,0,0,0,0,0,0,0,0,0
6022,2005404617,2101.0,2058.0,67,67301,40.0228,-75.1483,0,0,0,0,0,0,4,10,2005,3,20.0,3.0,0,1.0,3,1,3,  ,2,3.0,1,0,1,0,0,0,0,0,0,0,0,0,0,0,0,0,0
6023,2005404619,1600.0,1545.0,67,67301,39.9947,-75.1482,0,0,0,0,0,0,4,9,2005,6,15.0,1.0,0,1.0,3,1,3,  ,3,9.0,0,0,1,0,0,0,0,0,0,0,0,0,0,0,0,0,0
6024,2005404634,2124.0,2120.0,67,67301,,,0,0,0,0,0,0,4,9,2005,6,21.0,3.0,0,1.0,3,1,3,  ,3,9.0,0,0,1,0,0,0,0,0,0,0,0,0,0,0,0,0,0
6025,2005404642,28.0,21.0,67,67301,,,0,0,0,0,0,0,4,9,2005,1,23.0,3.0,7,1.0,3,0,3,  ,0,0.0,0,0,1,0,0,0,0,0,0,0,0,0,0,0,0,0,0
6026,2005404644,9999.0,9999.0,67,67301,39.9227,-75.2222,0,0,0,0,0,0,4,9,2005,3,99.0,1.0,0,1.0,3,2,3,  ,3,9.0,0,0,1,0,0,0,0,0,0,0,0,0,0,0,0,0,0
6027,2005404688,1443.0,1440.0,40,40304,41.2289,-75.8953,0,0,0,0,0,0,4,10,2005,1,19.0,1.0,0,1.0,3,1,3,  ,3,3.0,0,0,1,0,0,0,0,0,0,0,0,0,0,0,0,0,0
6028,2005404773,1203.0,1203.0,23,23103,39.9848,-75.3075,0,0,0,0,0,0,4,7,2005,2,12.0,1.0,0,1.0,3,2,3,  ,3,3.0,0,0,1,0,0,0,0,0,0,0,0,0,0,0,0,0,0
6029,2005404786,1023.0,1022.0,67,67301,39.953,-75.1988,0,0,0,1,0,0,2,10,2005,4,10.0,1.0,0,1.0,3,1,3,  ,2,3.0,1,0,0,0,0,0,0,0,0,0,0,0,0,0,0,0,0
6030,2005404825,1511.0,1508.0,36,36301,40.0476,-76.3086,0,0,0,0,0,0,4,9,2005,6,15.0,1.0,0,9.0,3,1,3,  ,3,3.0,0,0,1,0,0,0,0,0,0,0,0,0,0,0,0,0,0
6031,2005404987,1958.0,1951.0,6,6237,40.3271,-75.9941,0,1,0,0,0,1,4,10,2005,2,19.0,3.0,0,1.0,3,1,3,  ,2,3.0,0,0,1,0,0,0,0,0,0,0,0,0,0,0,0,0,0
6032,2005404991,659.0,653.0,48,48209,40.6986,-75.2893,0,0,0,0,0,0,4,10,2005,3,6.0,6.0,2,9.0,1,2,7,  ,3,3.0,1,0,1,0,0,0,0,0,0,0,0,0,0,0,0,0,0
6033,2005405132,1453.0,1446.0,23,23207,39.9108,-75.4398,0,0,0,0,0,1,4,9,2005,7,14.0,1.0,0,1.0,3,0,3,  ,0,0.0,0,0,1,0,0,0,0,0,0,0,0,0,0,0,0,0,0
6034,2005405256,900.0,900.0,25,25302,,,0,0,0,0,0,0,4,10,2005,6,9.0,1.0,0,1.0,3,0,3,  ,0,0.0,0,0,1,0,0,0,0,0,0,0,0,0,0,0,0,0,0
6035,2005405322,1959.0,1954.0,39,39301,,,0,0,0,0,1,0,4,10,2005,2,19.0,3.0,0,1.0,3,1,3,  ,2,3.0,0,0,1,0,0,1,0,0,0,0,0,0,0,0,0,0,0
6036,2005405385,626.0,624.0,40,40304,41.2449,-75.89,0,0,0,0,0,0,8,10,2005,3,6.0,2.0,0,9.0,3,0,7,  ,0,0.0,1,0,0,0,0,0,0,0,0,0,0,0,0,1,0,0,0
6037,2005405464,1602.0,1555.0,67,67301,39.9581,-75.2097,0,0,0,0,0,0,5,9,2005,3,15.0,1.0,0,1.0,3,0,3,  ,0,0.0,1,0,0,0,0,0,0,0,0,0,0,0,0,0,0,0,0
6038,2005405499,1228.0,1228.0,23,23301,39.855,-75.3608,0,0,0,0,0,0,4,10,2005,5,12.0,1.0,0,1.0,3,2,3,  ,2,9.0,1,0,1,0,0,0,0,0,0,0,0,0,0,0,0,0,0
6039,2005405748,842.0,839.0,46,46413,40.1186,-75.3508,0,0,0,0,0,0,4,10,2005,7,8.0,1.0,3,9.0,3,1,7,  ,2,3.0,0,0,1,0,0,0,0,0,0,0,0,0,0,0,0,0,0
6040,2005405881,1112.0,1107.0,67,67301,,,0,0,0,0,0,0,4,9,2005,5,11.0,1.0,0,1.0,3,1,3,  ,2,3.0,0,0,1,0,0,0,0,0,0,0,0,0,0,0,0,0,0
6041,2005405906,131.0,131.0,67,67301,39.9192,-75.1596,0,0,0,0,0,0,4,7,2005,4,1.0,3.0,0,9.0,3,1,7,  ,0,0.0,1,0,1,0,0,0,0,0,0,0,0,0,0,1,0,0,1
6042,2005405931,1715.0,1708.0,67,67301,39.9624,-75.1611,0,0,0,0,0,0,5,9,2005,3,17.0,1.0,0,1.0,3,0,3,  ,0,0.0,0,0,0,0,0,0,0,0,0,0,0,0,0,0,0,0,0
6043,2005405957,1452.0,1450.0,23,23103,39.9875,-75.3079,0,0,0,0,0,0,4,9,2005,5,14.0,1.0,0,1.0,3,2,3,  ,3,9.0,1,0,1,0,0,1,0,0,0,0,0,0,0,0,0,1,0
6044,2005405971,858.0,858.0,67,67301,39.9498,-75.2071,0,0,0,0,0,0,8,10,2005,6,8.0,1.0,0,1.0,3,1,3,  ,2,3.0,1,0,0,0,0,0,0,0,0,0,0,0,0,0,0,1,0
6045,2005406190,27.0,25.0,67,67301,39.954,-75.1767,0,0,0,0,0,0,4,6,2005,5,0.0,3.0,0,1.0,3,1,99,  ,2,3.0,0,0,1,0,0,0,0,0,0,0,0,0,0,0,0,0,0
6046,2005406241,1740.0,1730.0,67,67301,39.9426,-75.2215,0,0,0,0,0,0,5,10,2005,2,17.0,1.0,0,1.0,3,0,3,  ,0,0.0,0,0,0,0,0,0,0,0,0,0,0,0,0,0,0,0,0
6047,2005406258,2147.0,145.0,67,67301,40.0277,-75.1481,0,0,0,0,0,0,4,9,2005,7,21.0,3.0,0,1.0,3,1,3,  ,3,9.0,0,0,1,0,0,0,0,0,0,0,0,0,0,0,0,0,0
6048,2005406264,1722.0,1720.0,23,23103,39.9701,-75.3023,0,0,0,0,0,0,6,10,2005,5,17.0,1.0,0,1.0,3,2,3,  ,2,3.0,0,0,0,0,0,0,0,0,0,0,0,0,0,0,0,0,1
6049,2005406309,747.0,746.0,46,46225,40.167,-75.2903,0,1,0,0,0,0,4,9,2005,4,7.0,1.0,0,1.0,3,1,3,  ,2,3.0,0,0,1,0,0,0,0,0,0,0,0,0,0,0,0,0,1
6050,2005406310,803.0,803.0,46,46416,40.2473,-75.6593,0,0,0,0,0,0,5,10,2005,2,8.0,1.0,0,1.0,2,2,3,  ,2,3.0,0,1,0,0,0,0,0,0,0,0,0,0,0,0,0,0,0
6051,2005406335,531.0,530.0,67,67301,,,0,0,0,0,0,0,4,9,2005,5,5.0,3.0,0,1.0,3,1,3,  ,3,3.0,1,0,1,0,0,0,0,0,0,0,0,0,0,0,0,0,1
6052,2005406395,1753.0,1631.0,33,33409,,,0,0,0,1,0,0,4,9,2005,6,15.0,1.0,0,1.0,1,1,3,  ,3,3.0,0,0,1,0,0,0,0,0,0,0,0,0,0,0,0,0,0
6053,2005406490,1800.0,1800.0,67,67301,,,0,0,0,0,0,0,5,9,2005,1,10.0,1.0,0,1.0,3,1,3,  ,0,0.0,0,0,0,0,0,0,0,0,0,0,0,0,0,0,0,0,0
6054,2005406511,1740.0,1735.0,67,67301,40.0541,-75.0544,0,0,0,0,0,0,4,9,2005,4,17.0,1.0,0,1.0,3,2,3,  ,0,0.0,0,0,1,0,0,0,0,0,0,0,0,0,0,0,0,1,0
6055,2005406519,818.0,815.0,67,67301,40.026,-75.2089,0,0,0,0,0,0,5,9,2005,4,8.0,1.0,0,1.0,3,0,3,  ,0,0.0,0,0,0,0,0,0,0,0,0,0,0,0,0,0,0,0,0
6056,2005406524,2148.0,2143.0,67,67301,,,0,0,0,0,0,0,4,9,2005,5,21.0,3.0,0,1.0,3,1,3,  ,3,9.0,0,0,1,0,0,0,0,0,0,0,0,0,0,0,0,0,0
6057,2005406527,1743.0,1740.0,67,67301,39.9914,-75.1831,0,0,0,0,0,0,4,10,2005,7,17.0,1.0,0,1.0,3,1,3,  ,2,3.0,0,0,1,0,0,0,0,0,0,0,0,0,0,0,0,0,0
6058,2005406531,239.0,236.0,67,67301,39.9231,-75.17,0,0,0,0,0,0,4,9,2005,3,2.0,3.0,0,1.0,3,1,3,  ,2,3.0,0,0,1,0,0,0,0,0,0,0,0,0,0,0,0,0,0
6059,2005406536,2307.0,2303.0,67,67301,,,0,0,0,0,0,0,2,9,2005,6,23.0,3.0,0,1.0,3,1,3,  ,2,3.0,0,0,0,0,0,0,0,0,0,0,0,0,0,0,0,0,0
6060,2005406542,1228.0,1223.0,67,67301,39.9333,-75.1434,0,0,0,0,0,0,4,9,2005,2,12.0,1.0,0,1.0,3,1,3,  ,2,9.0,0,0,1,0,0,0,0,0,0,0,0,0,0,0,0,0,0
6061,2005406549,1709.0,1708.0,67,67301,39.9758,-75.1686,0,0,0,0,0,0,4,10,2005,7,17.0,1.0,0,1.0,3,2,3,  ,2,3.0,0,0,1,0,0,0,0,0,0,0,0,0,0,0,0,0,0
6062,2005406559,1505.0,1500.0,67,67301,,,0,0,0,0,0,0,4,9,2005,1,15.0,1.0,0,1.0,3,2,3,  ,3,3.0,0,0,1,0,0,0,0,0,0,0,0,0,0,0,0,0,0
6063,2005406568,1841.0,1840.0,67,67301,,,0,0,0,0,0,0,2,9,2005,3,18.0,1.0,0,1.0,3,1,3,  ,2,3.0,0,0,0,0,0,0,0,0,0,0,0,0,0,0,0,0,0
6064,2005406681,1847.0,1835.0,25,25207,,,0,0,0,0,1,0,4,9,2005,3,18.0,1.0,0,1.0,1,0,3,  ,0,0.0,0,0,1,0,0,0,0,0,0,0,0,0,0,0,0,0,0
6065,2005406715,1725.0,1722.0,67,67301,39.9379,-75.1668,0,0,0,0,0,1,4,9,2005,2,17.0,1.0,0,1.0,3,1,3,  ,2,3.0,0,0,1,0,0,0,0,0,0,0,0,0,0,0,0,0,0