,CRN,ARRIVAL_TM,DISPATCH_TM,COUNTY,MUNICIPALITY,DEC_LAT,DEC_LONG,BICYCLE_DEATH_COUNT,BICYCLE_SUSP_SERIOUS_INJ_COUNT,BUS_COUNT,HEAVY_TRUCK_COUNT,SMALL_TRUCK_COUNT,SUV_COUNT,COLLISION_TYPE,CRASH_MONTH,CRASH_YEAR,DAY_OF_WEEK,HOUR_OF_DAY,ILLUMINATION,LOCATION_TYPE,ROAD_CONDITION,URBAN_RURAL,INTERSECT_TYPE,WEATHER1,WEATHER2,TCD_TYPE,TCD_FUNC_CD,AGGRESSIVE_DRIVING,ALCOHOL_RELATED,ANGLE_CRASH,CELL_PHONE,COMM_VEHICLE,DISTRACTED,DRINKING_DRIVER,DRUGGED_DRIVER,FATIGUE_ASLEEP,IMPAIRED_DRIVER,NHTSA_AGG_DRIVING,RUNNING_RED_LT,RUNNING_STOP_SIGN,SPEEDING_RELATED,TAILGATING,MATURE_DRIVER,YOUNG_DRIVER
6066,2005406717,2324.0,2242.0,67,67301,39.9461,-75.1768,0,0,0,0,0,0,5,9,2005,5,22.0,3.0,0,1.0,3,0,3,  ,0,0.0,0,0,0,0,0,0,0,0,0,0,0,0,0,0,0,0,0
6067,2005406718,1036.0,1033.0,67,67301,39.9518,-75.1713,0,0,0,0,1,0,5,9,2005,5,9.0,1.0,0,1.0,3,0,3,  ,2,3.0,0,0,0,0,0,0,0,0,0,0,0,0,0,0,0,0,0
6068,2005406769,1612.0,1606.0,67,67301,40.0166,-75.1472,0,0,0,0,0,0,4,9,2005,2,16.0,1.0,0,1.0,3,1,3,  ,1,3.0,0,0,1,0,0,0,0,0,0,0,0,0,0,0,0,0,0
6069,2005406771,1718.0,1715.0,67,67301,39.9356,-75.1785,0,0,0,0,0,0,4,8,2005,4,16.0,1.0,0,1.0,3,1,3,  ,2,3.0,0,1,1,0,0,0,0,0,0,0,0,0,0,0,0,0,0
6070,2005406851,2040.0,2040.0,67,67301,,,0,0,0,0,0,0,4,9,2005,6,20.0,3.0,0,1.0,3,1,3,  ,2,9.0,1,0,1,0,0,0,0,0,0,0,0,0,0,0,0,0,1
6071,2005406864,1650.0,1648.0,67,67301,40.0156,-75.1175,0,0,0,0,0,0,2,9,2005,1,14.0,1.0,0,1.0,3,0,3,  ,0,0.0,1,0,0,0,0,0,0,0,0,0,0,0,0,0,0,0,0
6072,2005406902,2155.0,2150.0,67,67301,,,0,0,0,0,0,0,6,8,2005,4,21.0,3.0,7,1.0,3,0,3,  ,2,3.0,0,0,0,0,0,0,0,0,0,0,0,0,0,0,0,0,0
6073,2005406910,1739.0,1739.0,67,67301,40.0475,-75.1428,0,0,0,0,0,0,4,9,2005,6,99.0,1.0,0,1.0,3,1,3,  ,2,0.0,0,0,1,0,0,0,0,0,0,0,0,0,0,0,0,0,0
6074,2005406919,2100.0,2049.0,67,67301,39.998,-75.1324,0,1,0,0,0,0,1,8,2005,3,20.0,3.0,0,1.0,3,1,3,  ,3,9.0,0,0,0,0,0,0,0,0,0,0,0,0,0,0,0,0,1
6075,2005406946,1121.0,1130.0,67,67301,39.9607,-75.2247,0,0,0,0,1,0,4,9,2005,6,23.0,3.0,0,1.0,3,2,3,  ,0,0.0,1,0,1,0,0,0,0,0,0,0,0,0,0,0,0,0,0
6076,2005406998,2152.0,2148.0,67,67301,,,0,0,0,0,0,0,4,9,2005,7,21.0,3.0,0,1.0,3,1,3,  ,3,3.0,0,0,1,0,0,0,0,0,0,0,0,0,0,0,0,0,0
6077,2005407001,1726.0,1721.0,67,67301,39.9746,-75.1992,0,0,0,0,0,0,4,9,2005,3,17.0,1.0,2,1.0,3,7,3,  ,2,9.0,0,0,1,0,0,0,0,0,0,0,0,0,0,0,0,0,0
6078,2005407015,1803.0,1802.0,67,67301,40.0476,-75.0751,0,0,0,0,0,0,4,9,2005,6,17.0,1.0,0,1.0,3,0,3,  ,0,0.0,0,0,1,0,0,0,0,0,0,0,0,0,0,0,0,0,0
6079,2005407024,9999.0,1019.0,67,67301,,,0,0,0,0,0,0,5,9,2005,1,20.0,3.0,0,1.0,3,0,3,  ,9,9.0,0,0,0,0,0,0,0,0,0,0,0,0,0,0,0,0,0
6080,2005407027,1410.0,1405.0,67,67301,,,0,0,1,0,0,0,2,9,2005,3,14.0,1.0,0,1.0,3,1,3,  ,2,3.0,0,0,0,0,1,0,0,0,0,0,0,0,0,0,0,0,0
6081,2005407029,1455.0,1450.0,67,67301,40.0027,-75.125,0,0,0,0,0,0,2,9,2005,7,14.0,1.0,0,1.0,3,1,3,  ,3,9.0,0,0,0,0,0,0,0,0,0,0,0,0,0,0,0,0,1
6082,2005407043,2032.0,2028.0,67,67301,,,0,0,0,0,0,1,4,9,2005,2,20.0,3.0,0,1.0,3,1,3,  ,2,2.0,1,0,1,0,0,0,0,0,0,0,0,0,0,0,0,0,0
6083,2005407100,653.0,1650.0,67,67301,40.034,-75.0744,0,0,0,0,0,0,4,9,2005,6,16.0,1.0,0,1.0,3,1,3,  ,2,3.0,0,0,1,0,0,0,0,0,0,0,0,0,0,0,0,0,0
6084,2005407119,1108.0,1059.0,67,67301,40.0009,-75.0744,0,0,0,0,0,0,4,10,2005,7,10.0,1.0,0,1.0,3,1,3,  ,0,0.0,0,0,1,0,0,0,0,0,0,0,0,0,0,0,0,0,0
6085,2005407120,1321.0,1317.0,67,67301,40.0155,-75.0633,0,0,0,0,0,0,4,10,2005,1,13.0,1.0,0,1.0,3,1,3,  ,2,3.0,1,0,1,0,0,0,0,0,0,0,0,0,0,0,0,0,0
6086,2005407131,918.0,918.0,67,67301,39.9538,-75.2002,0,0,0,0,0,0,4,9,2005,4,9.0,1.0,0,1.0,3,1,3,  ,2,9.0,0,0,1,0,0,0,0,0,0,0,0,0,0,0,0,0,0
6087,2005407132,1605.0,1604.0,67,67301,39.9549,-75.2087,0,0,0,0,0,0,5,9,2005,6,16.0,1.0,0,1.0,3,1,3,  ,2,3.0,0,0,0,0,0,0,0,0,0,0,0,0,0,0,0,0,0
6088,2005407184,1821.0,1756.0,45,45210,40.9025,-75.5017,0,0,0,0,0,0,5,10,2005,1,17.0,1.0,0,1.0,1,0,3,  ,0,0.0,0,1,0,0,0,0,1,0,0,1,0,0,0,0,0,0,0
6089,2005407662,2211.0,2210.0,67,67301,39.9602,-75.2269,0,0,0,0,0,0,4,9,2005,3,22.0,3.0,0,1.0,3,1,3,  ,2,3.0,0,0,1,0,0,0,0,0,0,0,0,0,0,0,0,0,0
6090,2005407668,2138.0,2137.0,67,67301,39.9519,-75.1602,0,0,0,0,0,0,1,9,2005,6,21.0,3.0,0,1.0,3,0,3,  ,0,0.0,0,0,0,0,0,0,0,0,0,0,0,0,0,0,0,0,0
6091,2005407669,1130.0,1125.0,67,67301,39.9689,-75.1599,0,0,0,0,0,0,4,10,2005,5,11.0,1.0,0,1.0,3,1,3,  ,2,3.0,1,0,1,0,0,0,0,0,0,0,0,0,0,0,0,1,0
6092,2005407680,1330.0,1328.0,67,67301,39.989,-75.1068,0,0,0,0,0,1,6,9,2005,3,99.0,1.0,0,1.0,3,1,3,  ,3,3.0,1,0,0,0,0,0,0,0,0,0,0,0,0,0,0,0,0
6093,2005407690,235.0,228.0,67,67301,39.9967,-75.1132,0,0,0,0,0,0,4,10,2005,7,14.0,1.0,0,1.0,3,0,3,  ,0,0.0,0,0,1,0,0,0,0,0,0,0,0,0,0,0,0,1,0
6094,2005407692,721.0,715.0,9,9226,40.1937,-75.077,0,0,0,0,0,0,5,10,2005,3,7.0,3.0,0,9.0,3,1,7,  ,2,3.0,0,0,0,0,0,0,0,0,0,0,0,0,0,0,0,0,0
6095,2005407778,1955.0,1939.0,17,17216,41.0192,-78.232,0,1,0,0,0,0,1,10,2005,7,19.0,2.0,0,1.0,1,0,3,  ,0,0.0,0,0,0,0,0,0,0,0,0,0,0,0,0,0,0,0,0
6096,2005407793,2221.0,2021.0,6,6301,,,0,0,0,0,0,0,4,11,2005,3,19.0,3.0,0,1.0,3,1,3,  ,2,3.0,0,0,1,0,0,0,0,0,0,0,0,0,0,0,0,0,0
6097,2005407834,1804.0,1755.0,39,39302,40.6243,-75.4206,0,1,0,0,0,0,4,10,2005,2,17.0,4.0,0,1.0,3,1,3,  ,3,3.0,1,0,1,0,0,0,0,0,0,0,0,0,0,0,0,0,1
6098,2005407845,1918.0,1915.0,67,67301,,,0,0,0,0,0,0,4,9,2005,7,19.0,3.0,0,1.0,3,0,3,  ,0,0.0,0,0,1,0,0,0,0,0,0,0,0,0,0,0,0,0,1
6099,2005407857,1748.0,1746.0,67,67301,39.9663,-75.2372,0,0,0,0,0,0,4,8,2005,4,17.0,1.0,0,1.0,3,2,3,  ,3,9.0,0,0,1,0,0,0,0,0,0,0,0,0,0,0,0,0,0
6100,2005407872,1544.0,1539.0,67,67301,40.012,-75.1365,0,0,0,0,0,0,4,9,2005,2,15.0,1.0,0,1.0,3,1,3,  ,0,0.0,0,0,1,0,0,0,0,0,0,0,0,0,0,0,0,0,0
6101,2005407952,752.0,747.0,67,67301,40.0221,-75.209,0,0,0,0,0,0,4,10,2005,4,7.0,1.0,0,1.0,3,0,3,  ,0,0.0,0,0,1,0,0,0,0,0,0,0,0,0,0,0,0,0,0
6102,2005408011,805.0,800.0,67,67301,39.9883,-75.1282,0,0,0,0,0,0,5,9,2005,6,7.0,1.0,0,1.0,3,0,3,  ,0,0.0,0,0,0,0,0,0,0,0,0,0,0,0,0,0,0,0,0
6103,2005408038,1147.0,1145.0,67,67301,,,0,0,0,0,0,0,4,9,2005,5,11.0,1.0,0,9.0,3,0,3,  ,0,0.0,1,0,1,0,0,0,0,0,0,0,0,0,0,0,0,0,0
6104,2005408048,926.0,925.0,67,67301,39.9643,-75.1763,0,0,0,0,0,0,4,10,2005,5,9.0,1.0,0,1.0,3,3,3,  ,2,3.0,1,0,1,0,0,0,0,0,0,0,0,0,0,0,0,0,0
6105,2005408049,617.0,616.0,67,67301,,,0,0,0,0,0,0,6,10,2005,6,6.0,3.0,0,1.0,3,0,3,  ,0,0.0,0,0,0,0,0,0,0,0,0,0,0,0,0,0,0,0,0
6106,2005408053,1750.0,1749.0,67,67301,,,0,0,0,0,0,0,4,10,2005,1,17.0,1.0,0,1.0,3,1,3,  ,3,3.0,0,0,1,0,0,0,0,0,0,0,0,0,0,0,0,0,0
6107,2005408054,1933.0,1932.0,67,67301,39.9613,-75.175,0,0,0,0,0,0,6,9,2005,6,19.0,1.0,0,1.0,3,1,3,  ,2,3.0,0,0,0,0,0,0,0,0,0,0,0,0,0,0,0,0,0
6108,2005408071,1920.0,1915.0,67,67301,,,0,0,0,0,0,0,1,9,2005,7,19.0,3.0,0,1.0,3,0,3,  ,0,0.0,0,1,0,0,0,0,0,0,0,0,0,0,0,0,0,0,0
6109,2005408094,1710.0,1700.0,23,23106,40.004,-75.362,0,0,0,1,0,0,5,10,2005,4,17.0,1.0,0,1.0,3,0,3,  ,0,0.0,1,0,0,0,0,0,0,0,0,0,0,0,0,0,0,0,0
6110,2005408103,1112.0,1055.0,53,53221,,,0,0,0,0,0,0,2,8,2005,2,10.0,1.0,0,1.0,1,0,3,  ,0,0.0,0,0,0,0,0,0,0,0,0,0,0,0,0,0,0,0,1
6111,2005408189,1118.0,1113.0,67,67301,,,0,0,0,0,0,0,5,10,2005,7,11.0,1.0,0,1.0,3,1,3,  ,3,9.0,0,0,0,0,0,0,0,0,0,0,0,0,0,0,0,0,0
6112,2005408243,1700.0,1651.0,67,67301,40.0173,-75.0627,0,0,0,0,0,0,4,10,2005,2,16.0,1.0,0,1.0,3,0,3,  ,0,0.0,0,0,1,0,0,0,0,0,0,0,0,0,0,0,0,0,0
6113,2005408279,1254.0,1243.0,48,48208,40.7701,-75.1785,0,0,0,0,0,0,4,10,2005,2,12.0,1.0,0,1.0,1,0,3,  ,6,1.0,0,0,1,0,0,0,0,0,0,0,0,0,0,0,0,0,0
6114,2005408284,1520.0,1500.0,67,67301,39.9559,-75.2265,0,0,0,0,0,0,4,8,2005,3,15.0,1.0,0,1.0,3,0,3,  ,0,0.0,0,0,1,0,0,0,0,0,0,0,0,0,0,0,0,0,0
6115,2005408316,1610.0,1610.0,67,67301,39.9985,-75.1535,0,0,0,0,0,0,4,8,2005,3,16.0,1.0,0,1.0,3,1,3,  ,3,3.0,0,0,1,0,0,0,0,0,0,0,0,0,0,0,0,0,0
6116,2005408322,1617.0,1605.0,67,67301,39.9535,-75.1733,0,0,0,0,0,0,1,9,2005,6,15.0,1.0,0,1.0,3,0,3,  ,2,3.0,0,0,0,0,0,0,0,0,0,0,0,0,0,0,0,0,0
6117,2005408438,1218.0,1213.0,13,13409,,,0,0,0,0,0,0,4,11,2005,1,12.0,1.0,7,1.0,1,0,3,  ,0,0.0,0,0,1,0,0,0,0,0,0,0,0,0,0,0,0,1,0
6118,2005408625,1723.0,1721.0,22,22301,40.2917,-76.8932,0,0,0,0,0,0,4,11,2005,6,17.0,3.0,0,1.0,3,0,3,  ,0,0.0,0,1,1,0,0,0,0,0,0,0,0,0,0,0,0,0,0
6119,2005408704,2100.0,2055.0,67,67301,,,0,0,0,0,0,0,4,9,2005,2,99.0,3.0,0,9.0,3,1,3,  ,3,9.0,0,0,1,0,0,0,0,0,0,0,0,0,0,0,0,0,0
6120,2005408888,716.0,713.0,48,48408,40.7438,-75.3077,0,0,0,0,0,0,4,11,2005,6,7.0,1.0,0,1.0,2,1,3,  ,3,3.0,0,0,1,0,0,0,0,0,0,0,0,0,0,0,0,0,1
6121,2005409143,1918.0,1916.0,62,62302,40.174,-80.2616,0,0,0,0,0,0,4,8,2005,1,19.0,1.0,0,1.0,3,1,3,  ,3,3.0,0,0,1,0,0,0,0,0,0,0,0,0,0,0,0,1,0
6122,2005409295,1851.0,1843.0,46,46219,40.391,-75.5044,0,0,0,0,0,0,4,9,2005,6,18.0,4.0,0,1.0,1,0,3,  ,0,0.0,0,0,1,0,0,0,0,0,0,0,0,0,0,0,0,0,0
6123,2005409496,1552.0,1547.0,9,9218,40.203,-74.9831,0,0,0,0,0,0,4,11,2005,3,15.0,1.0,0,1.0,3,1,3,  ,3,3.0,0,0,1,0,0,1,0,0,0,0,0,0,0,0,0,0,0
6124,2005409501,1459.0,1426.0,26,26211,39.929,-79.899,0,0,0,0,0,0,2,10,2005,7,14.0,1.0,0,9.0,1,2,7,  ,0,0.0,0,0,0,0,0,0,0,0,0,0,0,0,0,0,0,0,0
6125,2005409541,1630.0,1628.0,10,10301,40.8604,-79.9073,0,0,0,0,0,1,4,11,2005,2,16.0,1.0,0,1.0,2,0,3,  ,0,0.0,0,0,1,0,0,0,0,0,0,0,0,0,0,0,0,0,0
6126,2005409572,1408.0,1407.0,36,36301,40.0414,-76.3203,0,0,0,0,0,0,4,11,2005,3,99.0,1.0,0,1.0,3,1,7,  ,2,3.0,0,0,1,0,0,0,0,0,0,0,0,0,0,0,0,0,0
6127,2005409782,1555.0,1547.0,36,36301,40.044,-76.3242,0,0,0,0,0,1,4,10,2005,2,15.0,1.0,0,1.0,3,1,3,  ,2,2.0,1,0,1,0,0,0,0,0,0,0,0,1,0,0,0,0,0
6128,2005409804,1729.0,1657.0,31,31221,40.4719,-78.041,0,0,0,0,0,0,4,10,2005,5,16.0,1.0,0,1.0,1,2,3,  ,3,3.0,1,0,1,0,0,0,0,0,0,0,0,1,0,0,0,0,0
6129,2005410134,1750.0,1745.0,67,67301,,,0,0,0,0,0,0,4,9,2005,2,17.0,1.0,0,1.0,3,2,3,  ,2,2.0,0,0,1,0,0,0,0,0,0,0,0,0,0,0,0,0,0
6130,2005410273,2210.0,2130.0,27,27401,41.4958,-79.4565,1,0,0,0,0,0,4,9,2005,6,19.0,1.0,0,1.0,1,1,3,  ,3,3.0,0,0,1,0,0,0,0,0,0,0,0,0,0,0,0,0,0
6131,2005410284,1830.0,1811.0,53,53430,40.6274,-76.388,0,0,0,0,1,0,4,10,2005,5,18.0,1.0,0,1.0,1,2,3,  ,0,0.0,0,0,1,0,0,0,0,0,0,0,0,0,0,0,0,0,0
6132,2005410303,1521.0,1519.0,61,61301,,,0,0,0,0,0,0,4,10,2005,3,15.0,1.0,0,1.0,2,1,3,  ,3,3.0,0,0,1,0,0,0,0,0,0,0,0,0,0,0,0,0,0
6133,2005410377,1209.0,1207.0,46,46102,40.0663,-75.1258,0,0,0,0,0,0,8,8,2005,4,12.0,1.0,0,1.0,3,1,3,  ,3,3.0,0,0,0,0,0,0,0,0,0,0,0,0,0,0,0,0,0
6134,2005410452,915.0,906.0,67,67301,40.0362,-75.0258,0,0,0,0,0,0,5,7,2005,1,9.0,1.0,0,1.0,3,0,3,  ,0,0.0,0,0,0,0,0,0,0,0,0,0,0,0,0,0,0,0,0
6135,2005410458,650.0,645.0,67,67301,40.0288,-75.2231,0,0,0,0,0,1,4,9,2005,5,6.0,1.0,0,1.0,3,2,3,  ,3,9.0,0,0,1,0,0,0,0,0,0,0,0,0,0,0,0,0,0
6136,2005410477,1548.0,1546.0,23,23111,,,0,0,0,0,0,0,4,10,2005,2,15.0,1.0,7,1.0,3,0,3,  ,0,0.0,0,0,1,0,0,0,0,0,0,0,0,0,0,0,0,0,0
6137,2005410591,1922.0,1919.0,67,67301,40.0685,-75.058,0,0,0,0,0,0,4,9,2005,3,19.0,4.0,0,1.0,3,1,3,  ,3,9.0,0,0,1,0,0,0,0,0,0,0,0,0,0,0,0,0,0
6138,2005410594,1150.0,1145.0,67,67301,40.0023,-75.1331,0,0,0,0,0,0,5,9,2005,5,11.0,1.0,0,1.0,3,0,3,  ,0,0.0,0,0,0,0,0,1,0,0,0,0,0,0,0,0,0,0,0
6139,2005410604,1038.0,1035.0,67,67301,40.1157,-75.0338,0,0,0,0,0,0,5,9,2005,7,10.0,1.0,0,1.0,3,0,3,  ,0,0.0,0,0,0,0,0,0,0,0,0,0,0,0,0,0,0,0,0
6140,2005410733,1815.0,1807.0,67,67301,40.1293,-75.0214,0,0,0,0,0,0,2,9,2005,4,18.0,1.0,0,1.0,3,2,3,  ,0,0.0,0,0,0,0,0,0,0,0,0,0,0,0,0,0,0,0,0
6141,2005410976,1752.0,1743.0,15,15246,39.8924,-75.9204,0,0,0,0,0,0,2,10,2005,4,17.0,1.0,0,1.0,1,0,3,  ,0,0.0,0,0,0,0,0,0,0,0,0,0,0,0,0,0,0,0,0
6142,2005411222,9999.0,9999.0,39,39301,40.592,-75.4692,0,0,0,0,0,0,4,11,2005,3,7.0,1.0,0,1.0,3,1,3,  ,2,9.0,1,0,1,0,0,0,0,0,0,0,0,0,0,0,0,0,0
6143,2005411288,1216.0,1213.0,46,46101,40.1139,-75.1006,0,0,0,0,0,0,1,11,2005,4,12.0,1.0,0,1.0,3,0,3,  ,0,0.0,1,0,0,0,0,1,0,0,0,0,0,0,0,0,1,0,0
6144,2005411351,1630.0,1617.0,67,67301,40.0071,-75.094,0,0,0,0,0,0,4,8,2005,3,16.0,1.0,0,9.0,3,1,7,  ,2,3.0,1,0,1,0,0,0,0,0,0,0,0,0,0,0,0,0,0
6145,2005411590,2014.0,2012.0,2,2301,40.4444,-79.9418,0,0,0,0,0,0,8,11,2005,1,20.0,3.0,0,9.0,3,0,3,  ,0,0.0,0,0,0,0,0,0,0,0,0,0,0,0,0,0,0,0,0
6146,2005411665,1729.0,1721.0,40,40304,41.2282,-75.8908,0,0,0,0,0,0,4,11,2005,3,17.0,1.0,0,1.0,3,2,3,  ,3,3.0,0,0,1,0,0,0,0,0,0,0,0,0,0,0,0,0,0
6147,2005411715,1815.0,1811.0,38,38301,,,0,0,0,0,0,0,4,10,2005,2,18.0,1.0,0,1.0,2,0,3,  ,0,0.0,0,0,1,0,0,0,0,0,0,0,0,0,0,0,0,0,0
6148,2005412105,1359.0,1357.0,25,25213,42.0485,-80.1691,0,0,0,0,1,0,4,11,2005,3,13.0,1.0,0,1.0,3,2,3,  ,0,0.0,0,0,1,0,0,0,0,0,0,0,0,0,0,0,0,0,0
6149,2005412108,1706.0,1704.0,46,46104,,,0,0,0,0,0,0,4,9,2005,2,17.0,1.0,0,1.0,3,0,3,  ,0,0.0,0,0,1,0,0,0,0,0,0,0,0,0,0,0,0,0,0
6150,2005412131,1826.0,1826.0,14,14410,40.7873,-77.8592,0,0,0,0,0,0,4,9,2005,5,18.0,1.0,0,1.0,3,1,3,  ,3,3.0,1,0,1,0,0,0,0,0,0,0,0,0,0,0,0,0,1
6151,2005412145,9999.0,922.0,14,14410,,,0,0,0,0,0,0,4,9,2005,6,9.0,1.0,0,1.0,3,1,3,  ,2,3.0,1,0,1,0,0,0,0,0,0,0,0,0,0,0,0,1,0
6152,2005412190,1424.0,1421.0,67,67301,,,0,0,0,0,0,0,1,9,2005,3,14.0,1.0,0,1.0,3,1,3,  ,2,9.0,0,0,0,0,0,0,0,0,0,0,0,0,0,0,0,0,0
6153,2005412381,2039.0,2039.0,25,25302,42.1126,-80.0719,0,0,0,0,0,0,1,11,2005,5,20.0,3.0,0,7.0,3,0,10,  ,0,0.0,0,0,0,0,0,0,0,0,0,0,0,0,0,0,0,0,0
6154,2005412405,1458.0,1456.0,39,39301,,,0,0,0,0,0,0,4,11,2005,7,14.0,1.0,0,1.0,3,0,3,  ,0,0.0,0,0,1,0,0,0,0,0,0,0,0,0,0,0,0,0,0
6155,2005412437,2337.0,2332.0,9,9220,40.4131,-75.3418,0,0,0,0,0,0,0,10,2005,1,23.0,2.0,0,9.0,1,0,7,  ,0,0.0,0,0,0,0,0,0,0,0,0,0,0,0,0,0,0,0,0
6156,2005412456,1545.0,1538.0,66,66301,39.9769,-76.7439,0,0,0,0,0,0,4,10,2005,6,15.0,1.0,0,9.0,3,2,7,  ,0,0.0,0,0,1,0,0,0,0,0,0,0,0,0,0,0,0,0,0
6157,2005412724,2120.0,2117.0,38,38301,40.3349,-76.4231,0,0,0,0,0,0,4,11,2005,7,21.0,3.0,0,1.0,2,1,3,  ,2,3.0,0,0,1,0,0,0,0,0,0,0,0,0,0,0,0,0,0
6158,2005412782,1057.0,1055.0,9,9202,40.0959,-74.9451,0,0,0,0,0,0,4,11,2005,2,10.0,1.0,7,1.0,3,0,3,  ,0,0.0,1,0,1,0,0,0,0,0,0,0,0,0,0,0,0,1,0
6159,2005413022,1915.0,1906.0,25,25302,,,0,0,0,0,0,0,4,11,2005,4,16.0,1.0,0,9.0,3,0,7,  ,0,0.0,0,0,1,0,0,0,0,0,0,0,0,0,0,0,0,0,0
6160,2005413185,1424.0,1422.0,46,46210,40.3279,-75.4514,0,0,0,0,0,0,2,11,2005,1,14.0,1.0,0,1.0,1,3,3,  ,3,3.0,1,0,0,0,0,0,0,0,0,0,0,0,0,0,0,1,0
6161,2005413430,9999.0,1812.0,67,67301,39.968,-75.2337,0,0,0,0,0,0,4,10,2005,4,99.0,1.0,0,1.0,3,1,3,  ,2,9.0,0,0,1,0,0,0,0,0,0,0,0,0,0,0,0,0,1
6162,2005413431,1811.0,1809.0,67,67301,39.9305,-75.1684,0,0,0,0,0,0,4,10,2005,4,18.0,1.0,0,1.0,3,1,3,  ,2,3.0,1,0,1,0,0,0,0,0,0,0,0,1,0,0,0,0,1
6163,2005413453,2019.0,1954.0,31,31219,40.582,-78.0835,0,0,0,0,0,0,5,10,2005,1,19.0,2.0,0,1.0,1,0,3,  ,0,0.0,1,0,0,0,0,0,0,0,0,0,0,0,0,0,0,0,0
6164,2005413593,105.0,100.0,67,67301,39.9807,-75.1227,0,0,0,0,0,0,8,10,2005,7,99.0,3.0,0,9.0,3,1,7,  ,0,0.0,0,0,0,0,0,0,0,0,0,0,0,0,0,0,0,0,0
6165,2005413728,1813.0,1811.0,6,6301,40.3448,-75.9413,0,1,0,0,0,0,4,11,2005,7,18.0,2.0,0,1.0,3,0,3,  ,0,0.0,1,1,1,0,0,0,1,0,0,1,1,0,0,1,0,0,0
6166,2005414390,1954.0,1953.0,46,46413,40.1234,-75.3369,0,0,0,0,0,0,4,11,2005,6,17.0,3.0,0,1.0,3,1,3,  ,3,3.0,0,0,1,0,0,0,0,0,0,0,0,0,0,0,0,0,0
6167,2005414451,435.0,431.0,67,67301,,,0,0,0,0,0,0,4,9,2005,7,4.0,3.0,0,9.0,3,1,7,  ,3,9.0,0,1,1,0,0,0,0,0,0,0,0,0,0,0,0,0,0
6168,2005414670,1515.0,1515.0,67,67301,40.0486,-75.1742,0,0,0,0,0,0,4,9,2005,2,99.0,1.0,0,1.0,3,2,3,  ,0,0.0,0,0,1,0,0,0,0,0,0,0,0,0,0,0,0,0,0
6169,2005414695,1150.0,1145.0,67,67301,39.9426,-75.1642,0,0,0,0,0,0,4,10,2005,4,11.0,1.0,0,1.0,3,2,3,  ,3,9.0,0,0,1,0,0,0,0,0,0,0,0,0,0,0,0,0,0
6170,2005414705,2025.0,2022.0,67,67301,,,0,0,0,0,0,0,4,10,2005,5,20.0,3.0,0,1.0,3,0,3,  ,0,0.0,0,0,1,0,0,0,0,0,0,0,0,0,0,0,0,0,0
6171,2005414857,1635.0,1630.0,67,67301,39.9739,-75.1783,0,0,0,0,0,0,4,10,2005,3,16.0,1.0,0,9.0,3,2,7,  ,3,9.0,0,0,1,0,0,0,0,0,0,0,0,0,0,0,0,0,0
6172,2005414869,1649.0,1648.0,67,67301,39.9587,-75.2394,0,0,0,0,0,0,4,10,2005,1,16.0,1.0,0,1.0,3,1,3,  ,2,3.0,0,0,1,0,0,0,0,0,0,0,0,0,0,0,0,0,0
6173,2005414876,1628.0,1611.0,67,67301,39.958,-75.2094,0,0,0,0,0,0,4,10,2005,4,7.0,3.0,0,1.0,3,5,3,  ,2,3.0,0,0,1,0,0,0,0,0,0,0,0,0,0,0,0,0,0
6174,2005414877,2255.0,2250.0,67,67301,,,0,0,0,0,0,0,4,9,2005,5,22.0,3.0,0,1.0,3,1,3,  ,2,3.0,0,0,1,0,0,0,0,0,0,0,0,0,0,0,0,0,0
6175,2005414883,2035.0,2027.0,67,67301,39.95,-75.2022,0,0,0,0,0,0,5,10,2005,3,19.0,3.0,0,1.0,3,0,3,  ,0,0.0,0,0,0,0,0,0,0,0,0,0,0,0,0,0,0,0,0
6176,2005414970,1349.0,1347.0,40,40304,41.2555,-75.871,0,0,0,0,0,0,4,11,2005,1,13.0,1.0,0,1.0,3,1,3,  ,2,3.0,0,0,1,0,0,0,0,0,0,0,0,0,0,0,0,0,1
6177,2005415339,630.0,623.0,67,67301,40.0416,-75.0643,0,0,0,0,0,0,2,10,2005,5,6.0,3.0,0,9.0,3,1,7,  ,2,3.0,0,0,0,0,0,0,0,0,0,0,0,0,0,0,0,0,0
6178,2005415343,805.0,800.0,67,67301,40.0411,-75.0649,0,0,0,0,0,0,4,10,2005,3,7.0,1.0,0,9.0,3,1,7,  ,3,9.0,0,0,1,0,0,0,0,0,0,0,0,0,0,0,0,0,0
6179,2005415984,1729.0,1727.0,33,33403,41.152,-79.0809,0,0,0,0,1,0,4,11,2005,5,17.0,2.0,0,1.0,1,2,3,  ,3,3.0,0,0,1,0,0,0,0,0,0,0,0,0,0,0,0,0,0
6180,2005416000,1908.0,1908.0,67,67301,,,0,0,0,0,0,0,4,10,2005,4,99.0,3.0,0,1.0,3,1,3,  ,3,9.0,0,0,1,0,0,0,0,0,0,0,0,0,0,0,0,0,0
6181,2005416211,1255.0,1235.0,67,67301,39.9493,-75.1642,0,0,0,0,1,0,8,10,2005,1,18.0,4.0,0,1.0,3,1,3,  ,2,3.0,1,0,0,0,0,0,0,0,0,0,0,0,0,0,0,0,1
6182,2005416213,1723.0,1719.0,67,67301,39.9644,-75.1661,0,0,0,0,0,0,5,10,2005,4,8.0,1.0,0,1.0,3,0,3,  ,0,0.0,1,0,0,0,0,0,0,0,0,0,0,0,0,0,0,0,0