,CRN,ARRIVAL_TM,DISPATCH_TM,COUNTY,MUNICIPALITY,DEC_LAT,DEC_LONG,BICYCLE_DEATH_COUNT,BICYCLE_SUSP_SERIOUS_INJ_COUNT,BUS_COUNT,HEAVY_TRUCK_COUNT,SMALL_TRUCK_COUNT,SUV_COUNT,COLLISION_TYPE,CRASH_MONTH,CRASH_YEAR,DAY_OF_WEEK,HOUR_OF_DAY,ILLUMINATION,LOCATION_TYPE,ROAD_CONDITION,URBAN_RURAL,INTERSECT_TYPE,WEATHER1,WEATHER2,TCD_TYPE,TCD_FUNC_CD,AGGRESSIVE_DRIVING,ALCOHOL_RELATED,ANGLE_CRASH,CELL_PHONE,COMM_VEHICLE,DISTRACTED,DRINKING_DRIVER,DRUGGED_DRIVER,FATIGUE_ASLEEP,IMPAIRED_DRIVER,NHTSA_AGG_DRIVING,RUNNING_RED_LT,RUNNING_STOP_SIGN,SPEEDING_RELATED,TAILGATING,MATURE_DRIVER,YOUNG_DRIVER
6183,2005416218,1621.0,1615.0,67,67301,39.9879,-75.1326,0,0,0,0,0,0,8,10,2005,3,16.0,1.0,0,1.0,3,1,3,  ,3,2.0,0,0,0,0,0,0,0,0,0,0,0,0,0,0,0,0,0
6184,2005416219,1525.0,1515.0,67,67301,39.9748,-75.15,0,0,1,0,0,0,4,10,2005,4,15.0,1.0,0,9.0,3,1,7,  ,3,9.0,0,0,1,0,1,0,0,0,0,0,0,0,0,0,0,0,0
6185,2005416254,540.0,540.0,67,67301,,,0,0,0,0,0,0,8,9,2005,1,5.0,3.0,0,1.0,3,2,3,  ,3,9.0,0,1,0,0,0,0,0,0,0,0,0,0,0,0,0,0,0
6186,2005416302,1236.0,1236.0,67,67301,39.9553,-75.1995,0,0,0,0,0,0,5,10,2005,2,12.0,1.0,0,1.0,3,0,3,  ,0,0.0,0,0,0,0,0,0,0,0,0,0,0,0,0,0,0,0,0
6187,2005416311,1847.0,1845.0,2,2214,40.448,-80.2447,0,0,0,0,0,0,4,11,2005,2,18.0,2.0,0,1.0,3,2,3,  ,0,0.0,0,0,1,0,0,0,0,0,0,0,0,0,0,0,0,0,0
6188,2005416344,1454.0,1452.0,46,46107,40.3174,-75.3216,0,0,0,0,0,0,4,11,2005,6,14.0,1.0,7,1.0,3,0,3,  ,0,0.0,1,0,1,0,0,0,0,0,0,0,0,0,0,0,0,0,0
6189,2005416557,1555.0,1545.0,67,67301,39.9333,-75.1902,0,0,0,0,0,0,6,10,2005,2,15.0,1.0,0,1.0,3,1,3,  ,3,3.0,1,0,0,0,0,0,0,0,0,0,0,0,0,1,0,0,0
6190,2005416885,1615.0,1609.0,40,40219,,,0,0,0,0,1,0,5,9,2005,5,16.0,1.0,0,1.0,1,0,3,  ,0,0.0,0,0,0,0,0,0,0,0,0,0,0,0,0,0,0,0,0
6191,2005417932,1412.0,1408.0,14,14410,,,0,0,0,0,0,1,4,11,2005,5,14.0,1.0,0,1.0,3,0,3,  ,0,0.0,1,0,1,0,0,0,0,0,0,0,0,0,0,0,0,0,0
6192,2005418055,1737.0,1737.0,23,23111,39.9614,-75.3101,0,0,0,0,0,0,4,11,2005,4,17.0,3.0,7,1.0,3,0,3,  ,3,3.0,0,0,1,0,0,0,0,0,0,0,0,0,0,0,0,0,0
6193,2005418352,1856.0,1851.0,38,38301,,,0,1,0,0,0,0,4,11,2005,7,18.0,3.0,0,1.0,2,1,3,  ,2,3.0,1,1,1,0,0,0,1,1,0,1,0,0,0,0,0,0,0
6194,2005418426,1721.0,1718.0,9,9202,40.1068,-74.9515,0,0,0,0,0,0,4,11,2005,1,17.0,3.0,0,1.0,3,0,3,  ,0,0.0,1,1,1,0,0,0,0,0,0,0,0,0,0,0,0,0,0
6195,2005418493,2000.0,1955.0,46,46104,40.0103,-75.2959,0,0,0,0,0,0,4,11,2005,6,19.0,3.0,0,1.0,3,2,3,  ,0,0.0,1,0,1,0,0,0,0,0,0,0,0,0,0,0,0,0,0
6196,2005418504,1736.0,9999.0,46,46104,,,0,0,0,0,0,0,4,11,2005,4,17.0,3.0,0,1.0,3,2,3,  ,0,0.0,1,0,1,0,0,0,0,0,0,0,0,0,0,0,0,0,0
6197,2005418901,1447.0,1444.0,17,17301,41.119,-78.7627,0,0,0,0,1,0,4,12,2005,4,14.0,1.0,0,9.0,2,0,3,  ,0,0.0,0,0,1,0,0,0,0,0,0,0,0,0,0,0,0,0,0
6198,2005419131,1631.0,1629.0,39,39301,40.6078,-75.4743,0,0,0,0,0,0,4,11,2005,2,16.0,1.0,0,1.0,3,1,3,  ,0,0.0,1,0,1,0,0,0,0,0,0,0,0,0,0,0,0,0,0
6199,2005419235,1743.0,1722.0,32,32222,40.4494,-79.0707,1,0,0,0,1,0,4,10,2005,2,17.0,1.0,0,1.0,1,0,3,  ,0,0.0,0,0,1,0,0,0,0,0,0,0,0,0,0,0,0,0,0
6200,2005419307,2144.0,2144.0,46,46102,40.0819,-75.1717,0,0,0,0,0,0,4,11,2005,4,21.0,3.0,0,1.0,3,1,3,  ,2,3.0,0,0,1,0,0,0,0,0,0,0,0,0,0,0,0,0,0
6201,2005419500,1914.0,1907.0,46,46103,40.2642,-75.3182,0,0,0,0,0,0,2,11,2005,5,19.0,1.0,7,1.0,3,0,3,  ,0,0.0,0,0,0,0,0,0,0,0,0,0,0,0,0,0,0,0,1
6202,2005419761,1542.0,1515.0,23,23204,39.8495,-75.538,0,0,0,0,0,0,4,10,2005,4,15.0,1.0,0,1.0,3,1,3,  ,2,3.0,0,0,1,0,0,0,0,0,0,0,0,0,0,0,0,0,0
6203,2005419953,1757.0,1738.0,14,14201,,,0,1,0,0,0,1,1,11,2005,2,17.0,4.0,0,1.0,1,0,3,  ,0,0.0,0,0,0,0,0,0,0,0,0,0,0,0,0,0,0,0,0
6204,2005421570,1900.0,1825.0,63,63218,41.4127,-75.3361,0,0,0,0,0,1,5,8,2005,5,18.0,1.0,0,1.0,1,0,3,  ,0,0.0,1,0,0,0,0,0,0,0,0,0,0,0,0,0,0,0,0
6205,2005422034,1655.0,1654.0,46,46419,40.1865,-75.5376,0,0,0,0,0,0,2,11,2005,2,16.0,3.0,0,1.0,3,1,3,  ,2,3.0,0,0,0,0,0,0,0,0,0,0,0,0,0,0,0,0,0
6206,2005422106,737.0,732.0,39,39301,40.6207,-75.4527,0,0,0,0,0,0,4,12,2005,6,7.0,1.0,0,1.0,3,1,3,  ,2,3.0,1,0,1,0,0,0,0,0,0,0,0,0,0,0,0,0,0
6207,2005422216,1744.0,1743.0,36,36408,40.1772,-76.1753,0,0,0,0,0,0,4,12,2005,5,17.0,3.0,0,1.0,2,2,3,  ,2,3.0,0,0,1,0,0,0,0,0,0,0,0,0,0,0,0,0,1
6208,2006000319,1725.0,1720.0,1,1217,39.8577,-77.0488,0,1,0,0,0,0,4,12,2005,2,17.0,2.0,0,1.0,1,0,3,  ,0,0.0,0,0,1,0,0,0,0,0,0,0,0,0,0,0,0,0,0
6209,2006001216,855.0,800.0,16,16204,41.1882,-79.2716,0,0,0,0,0,0,5,11,2005,6,15.0,1.0,0,1.0,1,0,3,  ,0,0.0,1,0,0,0,0,0,0,0,0,0,0,0,0,0,0,0,0
6210,2006001256,1100.0,1056.0,22,22102,40.253,-76.8336,0,0,0,0,0,0,4,11,2005,4,10.0,1.0,0,9.0,3,2,7,  ,0,0.0,0,0,1,0,0,0,0,0,0,0,0,0,0,0,0,0,0
6211,2006001303,2209.0,2207.0,36,36220,40.0386,-76.3358,0,1,0,0,0,0,4,11,2005,3,22.0,3.0,0,9.0,3,1,7,  ,2,3.0,0,0,1,0,0,0,0,0,0,0,0,0,0,0,0,0,0
6212,2006001503,1700.0,1651.0,14,14406,40.8993,-78.2242,0,0,0,0,0,1,4,11,2005,1,16.0,1.0,0,1.0,1,1,3,  ,3,2.0,0,0,1,0,0,0,0,0,0,0,0,0,0,0,0,1,0
6213,2006001721,1347.0,1346.0,46,46416,40.2434,-75.6181,0,0,0,0,0,0,4,11,2005,7,13.0,1.0,7,1.0,2,0,3,  ,0,0.0,0,0,1,0,0,0,0,0,0,0,0,0,0,0,0,0,1
6214,2006002125,1830.0,1819.0,39,39102,40.6351,-75.4951,0,0,0,0,0,0,4,12,2005,5,18.0,6.0,0,9.0,3,2,7,  ,0,0.0,0,0,1,0,0,0,0,0,0,0,0,0,0,0,0,0,0
6215,2006002790,1845.0,1842.0,6,6301,40.3458,-75.9139,0,0,0,0,0,0,4,12,2005,7,12.0,1.0,0,2.0,3,1,3,  ,2,3.0,0,0,1,0,0,0,0,0,0,0,0,0,0,0,0,0,0
6216,2006002937,1227.0,1223.0,66,66301,39.9646,-76.7288,0,0,0,0,0,0,6,11,2005,4,12.0,1.0,0,1.0,3,1,3,  ,3,3.0,0,1,0,0,0,0,0,0,0,0,0,0,0,0,0,0,0
6217,2006003137,1742.0,1738.0,14,14401,40.9107,-77.7775,0,0,0,0,1,0,4,12,2005,7,17.0,3.0,0,9.0,2,1,3,  ,2,3.0,0,0,1,0,0,0,0,0,0,0,0,0,0,0,0,0,0
6218,2006003521,1921.0,1920.0,25,25301,41.9188,-79.6398,0,0,0,0,0,1,4,12,2005,1,19.0,2.0,0,9.0,2,1,3,  ,3,3.0,0,0,1,0,0,0,0,0,0,0,0,0,0,0,0,1,0
6219,2006003679,2255.0,2250.0,67,67301,,,0,0,0,0,0,0,4,9,2005,5,22.0,3.0,0,1.0,3,1,3,  ,2,3.0,1,0,1,0,0,0,0,0,0,0,0,0,0,0,0,0,0
6220,2006004101,1858.0,1851.0,2,2112,,,0,0,0,0,0,0,5,12,2005,6,18.0,3.0,0,1.0,3,2,3,  ,3,3.0,0,0,0,0,0,0,0,0,0,0,0,0,0,0,0,0,0
6221,2006004871,1759.0,1750.0,49,49222,40.782,-76.6735,0,0,0,0,0,1,4,11,2005,4,17.0,2.0,0,1.0,1,0,3,  ,3,3.0,0,1,1,0,0,0,1,0,0,1,0,0,0,0,0,0,0
6222,2006005006,1451.0,1440.0,48,48301,40.6319,-75.3686,0,0,0,0,0,0,4,12,2005,5,14.0,1.0,0,1.0,3,1,3,  ,3,3.0,1,0,1,0,0,0,0,0,0,0,0,0,0,0,0,0,0
6223,2006008586,1951.0,1950.0,67,67301,39.9401,-75.1847,0,0,0,0,0,0,2,11,2005,2,19.0,3.0,0,1.0,3,0,3,  ,0,0.0,0,0,0,0,0,0,0,0,0,0,0,0,0,0,0,1,0
6224,2006008588,1641.0,1637.0,67,67301,,,0,0,0,0,0,0,4,10,2005,2,16.0,1.0,0,1.0,3,0,3,  ,0,0.0,0,0,1,0,0,0,0,0,0,0,0,0,0,0,0,0,0
6225,2006008665,1435.0,1430.0,67,67301,39.9857,-75.2475,0,0,0,0,0,0,1,10,2005,2,14.0,1.0,0,9.0,3,1,7,  ,2,9.0,0,0,0,0,0,0,0,0,0,0,0,0,0,0,0,0,0
6226,2006008683,1600.0,1557.0,67,67301,40.0,-75.1239,0,1,0,0,0,0,4,11,2005,5,15.0,1.0,0,1.0,3,2,3,  ,3,3.0,0,0,1,0,0,0,0,0,0,0,0,0,0,0,0,0,0
6227,2006008685,1605.0,1600.0,67,67301,,,0,0,0,0,0,0,5,11,2005,5,16.0,1.0,0,1.0,3,0,3,  ,0,0.0,0,0,0,0,0,0,0,0,0,0,0,0,0,0,0,0,0
6228,2006008701,950.0,944.0,67,67301,39.9554,-75.1882,0,0,0,0,0,1,2,10,2005,2,9.0,1.0,0,1.0,3,2,3,  ,2,3.0,0,0,0,0,0,0,0,0,0,0,0,0,0,0,0,0,0
6229,2006008709,2112.0,2108.0,67,67301,40.0519,-75.0271,0,0,0,0,0,0,2,11,2005,4,21.0,3.0,0,1.0,3,2,3,  ,2,3.0,0,0,0,0,0,0,0,0,0,0,0,0,0,0,0,0,1
6230,2006008737,2322.0,2318.0,67,67301,40.0514,-75.1634,0,0,0,0,0,0,8,11,2005,4,23.0,3.0,0,9.0,3,1,7,  ,2,3.0,0,0,0,0,0,0,0,0,0,0,0,0,0,0,0,0,0
6231,2006008740,1802.0,1800.0,67,67301,,,0,0,0,0,0,0,4,10,2005,7,17.0,1.0,0,1.0,3,0,3,  ,0,0.0,1,0,1,0,0,0,0,0,0,0,0,0,0,0,0,0,0
6232,2006008746,1934.0,1930.0,67,67301,39.9528,-75.1921,0,0,1,0,0,0,5,12,2005,5,19.0,3.0,0,1.0,3,1,3,  ,2,3.0,0,0,0,0,1,0,0,0,0,0,0,0,0,0,0,0,0
6233,2006008748,1550.0,1549.0,67,67301,39.9508,-75.1955,0,0,0,0,0,0,5,11,2005,1,15.0,1.0,0,1.0,3,0,3,  ,0,0.0,1,0,0,0,0,0,0,0,0,0,0,0,0,0,0,0,0
6234,2006008783,1407.0,1406.0,46,46401,,,0,0,0,0,0,0,4,11,2005,7,14.0,1.0,0,1.0,3,0,3,  ,0,0.0,0,0,1,0,0,0,0,0,0,0,0,0,0,0,0,1,0
6235,2006008788,809.0,809.0,67,67301,,,0,0,0,0,0,0,5,11,2005,2,8.0,1.0,0,1.0,3,0,3,  ,0,0.0,0,0,0,0,0,0,0,0,0,0,0,0,0,0,0,0,0
6236,2006009319,1633.0,1630.0,67,67301,39.9554,-75.1882,0,0,1,0,0,0,5,10,2005,1,14.0,1.0,0,1.0,3,2,3,  ,2,3.0,0,0,0,0,1,0,0,0,0,0,0,0,0,0,0,0,0
6237,2006009321,1800.0,1800.0,67,67301,,,0,0,0,0,0,0,4,11,2005,7,18.0,3.0,0,1.0,3,1,3,  ,3,9.0,0,0,1,0,0,0,0,0,0,0,0,0,0,0,0,1,0
6238,2006009322,9999.0,223.0,67,67301,,,0,0,0,0,0,0,5,11,2005,7,2.0,3.0,0,1.0,3,0,3,  ,2,3.0,0,0,0,0,0,0,0,0,0,0,0,0,0,0,0,0,0
6239,2006009348,1715.0,1708.0,67,67301,39.9538,-75.1751,0,0,1,0,0,0,8,12,2005,1,17.0,4.0,0,1.0,3,1,3,  ,2,3.0,0,0,0,0,1,0,0,0,0,0,0,0,0,0,0,0,0
6240,2006010065,1433.0,1430.0,67,67301,39.9653,-75.2246,0,1,0,0,0,0,5,11,2005,7,14.0,1.0,0,1.0,3,0,3,  ,0,0.0,0,0,0,0,0,0,0,0,0,0,0,0,0,0,0,1,0
6241,2006010075,1302.0,1300.0,67,67301,,,0,0,0,0,0,0,4,11,2005,6,22.0,6.0,0,98.0,3,1,99,  ,2,9.0,0,0,1,0,0,0,0,0,0,0,0,0,0,0,0,0,0
6242,2006010163,730.0,726.0,67,67301,39.9496,-75.1535,0,0,0,1,0,0,5,11,2005,3,7.0,1.0,0,1.0,3,0,3,  ,0,0.0,0,0,0,0,1,0,0,0,0,0,0,0,0,0,0,0,0
6243,2006010201,2050.0,2045.0,67,67301,,,0,0,0,0,0,0,4,11,2005,3,20.0,3.0,0,1.0,3,0,3,  ,0,0.0,0,0,1,0,0,0,0,0,0,0,0,0,0,0,0,0,0
6244,2006010208,945.0,942.0,67,67301,39.9724,-75.1663,0,0,0,0,0,0,5,11,2005,3,9.0,1.0,0,1.0,3,2,3,  ,0,0.0,0,0,0,0,0,1,0,0,0,0,0,0,0,0,0,0,0
6245,2006010329,1814.0,1807.0,21,21207,40.1995,-77.056,0,0,0,0,0,0,6,11,2005,2,17.0,4.0,0,1.0,1,0,3,  ,0,0.0,0,0,0,0,0,0,0,0,0,0,0,0,0,0,0,1,0
6246,2006010549,1935.0,1929.0,35,35302,41.3958,-75.6711,0,0,0,0,0,0,4,12,2005,5,19.0,3.0,0,9.0,3,1,7,  ,2,3.0,0,0,1,0,0,0,0,0,0,0,0,0,0,0,0,0,0
6247,2006010802,1606.0,1605.0,67,67301,,,0,0,0,0,0,0,4,11,2005,4,0.0,3.0,0,1.0,3,0,3,  ,0,0.0,0,0,1,0,0,0,0,0,0,0,0,0,0,0,0,0,0
6248,2006010829,1510.0,1508.0,67,67301,,,0,0,0,0,0,0,8,11,2005,2,15.0,1.0,0,1.0,3,1,3,  ,3,3.0,1,0,0,0,0,0,0,0,0,0,0,0,0,0,0,0,0
6249,2006010946,1515.0,1515.0,67,67301,,,0,0,0,0,0,0,6,11,2005,6,0.0,3.0,0,1.0,3,1,3,  ,2,9.0,0,0,0,0,0,0,0,0,0,0,0,0,0,0,0,0,0
6250,2006010960,2000.0,1954.0,67,67301,40.0589,-75.0475,0,0,0,0,0,0,4,11,2005,4,19.0,3.0,0,1.0,3,1,3,  ,3,3.0,0,0,1,0,0,0,0,0,0,0,0,0,0,0,0,1,0
6251,2006011014,1823.0,1809.0,36,36202,40.1864,-76.0594,0,1,0,0,1,0,2,12,2005,6,18.0,2.0,0,1.0,1,0,3,  ,0,0.0,0,0,0,0,0,0,0,0,0,0,0,0,0,0,0,0,1
6252,2006011215,1925.0,1912.0,67,67301,,,0,0,0,0,0,1,8,11,2005,5,19.0,3.0,0,1.0,3,1,3,  ,2,3.0,0,0,0,0,0,0,0,0,0,0,0,0,0,0,0,0,0
6253,2006011216,1445.0,1432.0,67,67301,39.9333,-75.2292,0,0,0,0,0,0,4,11,2005,7,14.0,1.0,0,1.0,3,10,3,  ,0,0.0,0,0,1,0,0,0,0,0,0,0,0,0,0,0,0,1,0
6254,2006011274,1810.0,1805.0,67,67301,39.9792,-75.1577,0,0,0,0,0,0,4,11,2005,2,18.0,3.0,0,1.0,3,0,3,  ,0,0.0,0,0,1,0,0,0,0,0,0,0,0,0,0,0,0,0,0
6255,2006011327,1949.0,1948.0,67,67301,,,0,0,0,0,0,0,4,11,2005,4,16.0,1.0,0,1.0,3,1,99,  ,2,3.0,0,0,1,0,0,0,0,0,0,0,0,0,0,0,0,0,0
6256,2006011332,2145.0,9999.0,67,67301,39.9585,-75.1936,0,0,0,0,0,0,4,11,2005,4,20.0,3.0,0,9.0,3,5,7,  ,2,3.0,0,0,1,0,0,0,0,0,0,0,0,0,0,0,0,0,0
6257,2006011345,800.0,758.0,67,67301,40.0085,-75.0838,0,0,0,0,1,0,4,11,2005,4,7.0,1.0,0,1.0,3,1,3,  ,0,0.0,1,0,1,0,0,0,0,0,0,0,0,0,0,0,0,0,0
6258,2006011894,1904.0,1904.0,67,67301,,,0,0,0,0,0,0,1,11,2005,7,18.0,3.0,0,1.0,3,1,3,  ,3,9.0,0,0,0,0,0,1,0,0,0,0,0,0,0,0,0,1,0
6259,2006011945,1940.0,1934.0,67,67301,39.9584,-75.1701,0,0,0,0,0,0,4,11,2005,2,19.0,3.0,0,9.0,3,5,7,  ,2,3.0,0,0,1,0,0,0,0,0,0,0,0,0,0,0,0,0,0
6260,2006012400,840.0,835.0,67,67301,40.0071,-75.094,0,0,0,0,0,1,4,11,2005,6,8.0,1.0,0,1.0,3,1,3,  ,2,3.0,0,0,1,0,0,0,0,0,0,0,0,0,0,0,0,0,0
6261,2006012564,1722.0,1720.0,67,67301,,,0,0,0,0,0,0,4,11,2005,6,99.0,3.0,0,1.0,3,1,3,  ,0,0.0,0,1,1,0,0,0,0,0,0,0,0,0,0,0,0,0,0
6262,2006012571,1805.0,1800.0,67,67301,39.9779,-75.2061,0,0,0,0,0,0,6,11,2005,3,18.0,3.0,0,9.0,3,2,3,  ,3,3.0,1,0,0,0,0,0,0,0,0,0,0,0,0,0,0,0,0
6263,2006012663,1148.0,1148.0,67,67301,39.9615,-75.1517,0,0,0,0,0,0,6,11,2005,6,11.0,1.0,0,1.0,3,1,3,  ,0,0.0,0,0,0,0,0,0,0,0,0,0,0,0,0,0,0,0,0
6264,2006012664,1205.0,1157.0,67,67301,39.9075,-75.1513,0,0,0,0,0,0,5,11,2005,2,20.0,3.0,0,98.0,3,0,99,  ,0,0.0,0,0,0,0,0,0,0,0,0,0,0,0,0,0,0,0,0
6265,2006012683,1852.0,1852.0,67,67301,39.9833,-75.1458,0,0,0,0,0,1,1,10,2005,6,99.0,3.0,0,1.0,3,1,3,  ,3,3.0,1,0,0,0,0,0,0,0,0,0,1,0,0,1,0,0,0
6266,2006012751,935.0,930.0,67,67301,,,0,0,0,0,0,0,5,11,2005,5,9.0,1.0,0,1.0,3,1,3,  ,2,3.0,0,0,0,0,0,0,0,0,0,0,0,0,0,0,0,0,0
6267,2006012882,1725.0,1717.0,67,67301,39.9531,-75.1947,0,0,0,0,0,0,2,11,2005,6,17.0,3.0,0,1.0,3,1,3,  ,2,3.0,1,0,0,0,0,0,0,0,0,0,0,0,0,0,0,0,0
6268,2006013170,1840.0,1830.0,67,67301,40.0653,-75.0835,0,0,0,0,0,0,4,12,2005,3,18.0,2.0,0,1.0,3,3,98,  ,0,0.0,0,1,1,0,0,0,0,0,0,0,0,0,0,0,0,0,1
6269,2006013190,1315.0,1313.0,67,67301,39.9709,-75.1596,0,0,0,0,0,0,5,11,2005,5,99.0,1.0,0,1.0,3,0,3,  ,0,0.0,0,0,0,0,0,0,0,0,0,0,0,0,0,0,0,0,0
6270,2006013211,1838.0,1830.0,67,67301,39.9547,-75.1495,0,0,0,0,0,0,1,11,2005,3,14.0,1.0,0,1.0,3,0,3,  ,0,0.0,0,0,0,0,0,0,0,0,0,0,0,0,0,0,0,0,0
6271,2006013287,2008.0,2008.0,67,67301,,,0,0,0,0,0,0,4,12,2005,5,20.0,3.0,0,1.0,3,1,3,  ,3,9.0,0,0,1,0,0,0,0,0,0,0,0,0,0,0,0,0,0
6272,2006013379,1856.0,1852.0,67,67301,39.9551,-75.1855,0,0,0,0,0,0,4,11,2005,5,18.0,3.0,0,1.0,3,0,3,  ,0,0.0,1,0,1,0,0,0,0,0,0,0,0,0,0,0,0,0,0
6273,2006013430,635.0,630.0,67,67301,39.9616,-75.1545,0,0,0,0,0,0,6,11,2005,3,6.0,1.0,0,9.0,3,1,7,  ,3,3.0,0,0,0,0,0,0,0,0,0,0,0,0,0,0,0,0,0
6274,2006013540,2130.0,2125.0,67,67301,40.0,-75.1531,0,0,0,0,0,0,4,11,2005,5,99.0,3.0,0,1.0,3,1,3,  ,3,3.0,1,0,1,0,0,0,0,0,0,0,0,0,0,0,0,0,1
6275,2006013564,1022.0,1017.0,67,67301,,,0,0,0,0,0,0,4,11,2005,4,10.0,1.0,0,1.0,3,1,3,  ,3,9.0,0,0,1,0,0,0,0,0,0,0,0,0,0,0,0,0,0
6276,2006013592,1750.0,1749.0,67,67301,,,0,0,0,0,0,1,4,11,2005,7,17.0,3.0,0,1.0,3,0,3,  ,0,0.0,0,0,1,0,0,1,0,0,0,0,0,0,0,0,0,0,0
6277,2006013597,2048.0,2045.0,67,67301,39.9876,-75.1295,0,0,0,0,0,0,5,11,2005,3,20.0,3.0,0,1.0,3,0,3,  ,0,0.0,0,0,0,0,0,0,0,0,0,0,0,0,0,0,0,1,0
6278,2006013797,1257.0,1255.0,67,67301,,,0,0,0,0,0,0,4,12,2005,4,12.0,1.0,0,1.0,3,1,3,  ,3,3.0,1,0,1,0,0,0,0,0,0,0,0,0,0,0,0,0,0
6279,2006014904,2201.0,2159.0,67,67301,40.1123,-75.0254,0,0,0,0,0,0,4,12,2005,1,21.0,2.0,0,9.0,3,2,7,  ,0,0.0,1,0,1,0,0,0,0,0,0,0,0,0,0,1,0,0,0
6280,2006015179,2150.0,2148.0,67,67301,,,0,0,0,0,0,0,2,12,2005,3,21.0,3.0,0,1.0,3,1,3,  ,2,3.0,1,0,0,0,0,0,0,0,0,0,0,0,0,0,0,0,0
6281,2006015314,2200.0,2159.0,67,67301,39.9511,-75.1536,0,1,0,0,0,0,4,12,2005,6,21.0,3.0,0,1.0,3,1,3,  ,2,3.0,0,0,1,0,0,0,0,0,0,0,0,0,0,0,0,0,0
6282,2006015316,36.0,26.0,67,67301,39.9539,-75.1595,0,0,0,0,0,0,2,12,2005,5,0.0,3.0,0,1.0,3,1,3,  ,0,0.0,0,0,0,0,0,0,0,0,0,0,0,0,0,0,0,0,0
6283,2006015734,2234.0,2233.0,67,67301,,,0,0,0,0,0,0,4,12,2005,4,22.0,3.0,0,1.0,3,1,3,  ,0,0.0,0,0,1,0,0,0,0,0,0,0,0,0,0,0,0,0,0
6284,2006015907,1034.0,1024.0,67,67301,,,0,0,0,0,0,0,5,12,2005,7,10.0,1.0,0,1.0,3,1,3,  ,2,3.0,0,0,0,0,0,0,0,0,0,0,0,0,0,0,0,0,1
6285,2006016229,1135.0,1130.0,67,67301,,,0,0,0,0,0,0,1,12,2005,1,11.0,1.0,0,1.0,3,0,3,  ,0,0.0,0,0,0,0,0,0,0,0,0,0,0,0,0,0,0,0,0
6286,2006018497,1338.0,1336.0,36,36301,40.0377,-76.3078,0,0,0,0,0,0,4,12,2005,7,13.0,1.0,0,9.0,3,1,7,  ,2,3.0,0,0,1,0,0,0,0,0,0,0,0,0,0,0,0,0,0
6287,2006023877,1753.0,1730.0,36,36230,40.1108,-76.4657,0,0,0,0,0,1,4,12,2005,4,17.0,2.0,0,1.0,1,0,3,  ,0,0.0,1,0,1,0,0,0,0,0,0,0,1,0,0,0,0,1,0
6288,2006028777,9999.0,9999.0,67,67301,39.9738,-75.1368,1,0,0,0,0,0,4,9,2005,5,2.0,3.0,0,1.0,3,0,3,  ,0,0.0,0,1,1,0,0,0,0,0,0,0,0,0,0,0,0,0,0
6289,2006029803,,,67,67301,40.0457,-75.0315,0,0,0,0,0,0,4,9,2005,6,16.0,1.0,0,1.0,3,1,99,  ,9,9.0,0,0,1,0,0,0,0,0,0,0,0,0,0,0,0,0,0
6290,2006029825,701.0,653.0,17,17206,41.012,-78.2927,1,0,0,1,0,0,5,12,2005,2,6.0,2.0,0,7.0,1,0,3,  ,0,0.0,1,0,0,0,1,0,0,0,0,0,0,0,0,0,0,0,0
6291,2006029854,,,57,57219,,,0,0,0,0,0,0,5,7,2005,7,12.0,1.0,0,1.0,1,0,3,  ,0,0.0,0,0,0,0,0,0,0,0,0,0,0,0,0,0,0,0,0
6292,2006030092,,,39,39104,,,0,0,0,0,0,0,4,5,2005,2,18.0,1.0,0,1.0,3,1,3,  ,3,3.0,0,0,1,0,0,0,0,0,0,0,0,0,0,0,0,0,0
6293,2006030112,,,67,67301,39.9525,-75.1653,0,0,0,0,0,0,1,9,2005,2,12.0,1.0,0,1.0,3,2,3,  ,9,9.0,1,0,0,0,0,0,0,0,0,0,0,0,0,1,1,0,0
6294,2006030815,,,59,59210,41.0331,-76.8848,0,0,0,0,1,0,4,8,2005,3,15.0,1.0,0,1.0,2,2,3,  ,9,9.0,0,0,1,0,0,0,0,0,0,0,0,0,0,0,0,0,0
6295,2006080103,1755.0,1742.0,67,67301,40.0231,-75.0794,0,0,0,0,0,0,4,6,2005,4,17.0,1.0,0,1.0,3,0,3,  ,0,0.0,0,0,1,0,0,0,0,0,0,0,0,0,0,0,0,0,0
6296,2009079182,941.0,940.0,67,67301,39.9603,-75.1737,0,0,0,0,0,0,5,7,2005,4,9.0,1.0,0,1.0,3,1,3,  ,2,3.0,1,0,0,0,0,0,0,0,0,0,0,0,0,0,0,0,0
6297,2012029959,1652.0,1648.0,2,2207,40.5911,-79.948,0,0,0,0,0,0,5,8,2005,7,16.0,1.0,0,1.0,3,0,3,  ,0,0.0,0,0,0,0,0,0,0,0,0,0,0,0,0,0,0,0,0
6298,2006002420,1654.0,1649.0,36,36202,40.1737,-76.0083,0,0,0,0,0,0,4,1,2006,2,16.0,1.0,0,1.0,1,0,3,  ,0,0.0,0,0,1,0,0,0,0,0,0,0,0,0,0,0,0,0,0
6299,2006004748,655.0,653.0,66,66101,39.9588,-76.6948,0,1,0,0,0,0,4,1,2006,4,6.0,5.0,0,1.0,1,0,3,  ,0,0.0,0,0,1,0,0,0,0,0,0,0,0,0,0,0,0,0,0
6300,2006004777,2342.0,2340.0,2,2402,,,0,0,0,0,0,0,4,1,2006,3,23.0,3.0,0,9.0,3,1,7,  ,2,3.0,0,0,1,0,0,0,0,0,0,0,0,0,0,0,0,0,1