,CRN,ARRIVAL_TM,DISPATCH_TM,COUNTY,MUNICIPALITY,DEC_LAT,DEC_LONG,BICYCLE_DEATH_COUNT,BICYCLE_SUSP_SERIOUS_INJ_COUNT,BUS_COUNT,HEAVY_TRUCK_COUNT,SMALL_TRUCK_COUNT,SUV_COUNT,COLLISION_TYPE,CRASH_MONTH,CRASH_YEAR,DAY_OF_WEEK,HOUR_OF_DAY,ILLUMINATION,LOCATION_TYPE,ROAD_CONDITION,URBAN_RURAL,INTERSECT_TYPE,WEATHER1,WEATHER2,TCD_TYPE,TCD_FUNC_CD,AGGRESSIVE_DRIVING,ALCOHOL_RELATED,ANGLE_CRASH,CELL_PHONE,COMM_VEHICLE,DISTRACTED,DRINKING_DRIVER,DRUGGED_DRIVER,FATIGUE_ASLEEP,IMPAIRED_DRIVER,NHTSA_AGG_DRIVING,RUNNING_RED_LT,RUNNING_STOP_SIGN,SPEEDING_RELATED,TAILGATING,MATURE_DRIVER,YOUNG_DRIVER
6301,2006005675,1520.0,1515.0,21,21404,,,0,0,0,0,0,0,1,1,2006,6,15.0,1.0,0,1.0,3,0,3,  ,0,0.0,0,0,0,0,0,1,0,0,0,0,0,0,0,0,0,0,0
6302,2006014864,2031.0,2020.0,36,36301,40.0392,-76.3015,0,0,0,0,0,0,4,1,2006,6,20.0,3.0,0,1.0,3,2,3,  ,3,3.0,0,0,1,0,0,0,0,0,0,0,0,0,0,0,0,0,0
6303,2006015029,1538.0,1528.0,48,48206,40.6676,-75.3849,0,0,0,0,0,0,4,1,2006,7,15.0,1.0,0,9.0,3,1,3,  ,2,2.0,0,0,1,0,0,0,0,0,0,0,0,0,0,0,0,0,0
6304,2006015457,706.0,700.0,36,36213,40.1477,-76.0312,0,0,0,0,0,0,4,2,2006,5,7.0,5.0,0,1.0,1,0,3,  ,0,0.0,1,0,1,0,0,0,0,0,0,0,1,0,0,0,0,0,1
6305,2006015513,1224.0,1218.0,2,2301,40.4388,-79.9973,0,0,0,0,0,0,4,1,2006,4,12.0,1.0,0,1.0,3,1,3,  ,2,3.0,0,0,1,0,0,0,0,0,0,0,0,0,0,0,0,0,0
6306,2006015866,1800.0,1754.0,6,6301,40.3286,-75.93,0,0,0,0,1,0,4,1,2006,4,15.0,1.0,0,1.0,3,2,3,  ,3,3.0,1,0,1,0,0,0,0,0,0,0,0,0,0,0,0,0,0
6307,2006016074,1243.0,1235.0,36,36214,40.0486,-76.3561,0,0,0,0,0,0,1,1,2006,2,12.0,1.0,0,1.0,3,0,3,  ,0,0.0,0,0,0,0,0,0,0,0,0,0,0,0,0,0,0,0,0
6308,2006016303,1814.0,1806.0,40,40304,,,0,0,0,0,0,1,4,1,2006,3,18.0,3.0,0,1.0,3,0,3,  ,0,0.0,0,0,1,0,0,0,0,0,0,0,0,0,0,0,0,0,0
6309,2006017140,813.0,807.0,2,2301,40.4273,-79.968,0,0,0,0,0,0,4,1,2006,7,8.0,1.0,0,1.0,3,0,3,  ,0,0.0,0,0,1,0,0,0,0,0,0,0,0,0,0,0,0,0,0
6310,2006017469,1143.0,1138.0,2,2301,40.4557,-79.9973,0,0,0,0,1,0,4,1,2006,6,11.0,1.0,0,1.0,3,2,3,  ,3,3.0,1,0,1,0,0,0,0,0,0,0,0,0,0,0,0,0,0
6311,2006018144,2053.0,2039.0,2,2301,40.4645,-79.8996,0,0,0,0,0,0,6,1,2006,4,18.0,3.0,0,9.0,3,2,7,  ,0,0.0,0,0,0,0,0,0,0,0,0,0,0,0,0,0,0,0,0
6312,2006018381,1410.0,1410.0,67,67301,,,0,0,0,0,1,0,4,1,2006,3,14.0,1.0,0,1.0,3,1,3,  ,2,3.0,0,0,1,0,0,0,0,0,0,0,0,0,0,0,0,0,0
6313,2006018430,2335.0,2335.0,67,67301,,,0,0,0,0,0,0,8,1,2006,7,23.0,3.0,0,1.0,3,1,3,  ,3,3.0,1,0,0,0,0,0,0,0,0,0,0,0,0,0,0,0,0
6314,2006018582,2112.0,2112.0,36,36413,40.1092,-76.4987,0,0,0,0,0,0,4,1,2006,3,21.0,3.0,0,9.0,2,1,7,  ,2,3.0,0,0,1,0,0,0,0,0,0,0,0,0,0,0,0,0,0
6315,2006018811,1457.0,1456.0,46,46416,40.2539,-75.6397,0,0,0,0,0,0,4,1,2006,2,14.0,1.0,0,9.0,2,0,7,  ,0,0.0,0,0,1,0,0,1,0,0,0,0,0,0,0,0,0,0,1
6316,2006019029,1629.0,1627.0,67,67301,40.0386,-75.2403,0,0,0,0,1,0,4,1,2006,4,16.0,1.0,0,1.0,3,0,3,  ,0,0.0,1,0,1,0,0,0,0,0,0,0,0,0,0,0,0,0,0
6317,2006019110,1402.0,1359.0,46,46413,40.1181,-75.3395,0,0,0,0,0,0,4,1,2006,2,13.0,1.0,0,1.0,3,1,3,  ,3,3.0,0,0,1,0,0,0,0,0,0,0,0,0,0,0,0,0,1
6318,2006019114,1439.0,1436.0,46,46413,40.1312,-75.3344,0,0,0,0,0,0,4,1,2006,3,14.0,1.0,0,9.0,3,2,3,  ,0,0.0,1,0,1,0,0,0,0,0,0,0,0,0,0,0,0,0,0
6319,2006019273,2113.0,2110.0,39,39101,,,0,0,0,0,0,0,5,1,2006,6,21.0,2.0,0,1.0,1,0,3,  ,0,0.0,0,0,0,0,0,0,0,0,0,0,0,0,0,0,0,1,0
6320,2006019470,1547.0,1545.0,67,67301,39.9434,-75.2108,0,1,0,0,0,0,4,1,2006,4,15.0,1.0,0,1.0,3,0,3,  ,0,0.0,0,0,1,0,0,0,0,0,0,0,0,0,0,0,0,0,0
6321,2006019494,858.0,848.0,2,2301,40.444,-79.926,0,0,0,0,0,0,5,1,2006,3,8.0,1.0,0,1.0,3,1,3,  ,2,3.0,0,0,0,0,0,0,0,0,0,0,0,0,0,0,0,0,0
6322,2006019566,1251.0,1245.0,36,36211,40.0609,-76.568,0,0,0,0,0,0,4,1,2006,7,12.0,1.0,0,1.0,1,1,3,  ,2,3.0,0,0,1,0,0,0,0,0,0,0,0,0,0,0,0,0,0
6323,2006020416,2310.0,2309.0,67,67301,,,0,0,0,0,0,1,4,1,2006,3,23.0,3.0,0,9.0,3,0,7,  ,2,3.0,1,0,1,0,0,0,0,0,0,0,0,0,0,1,0,0,0
6324,2006020767,1850.0,1844.0,2,2432,,,0,0,0,0,0,0,1,2,2006,6,18.0,2.0,0,1.0,3,2,3,  ,0,0.0,0,1,0,0,0,1,1,0,0,1,0,0,0,0,0,0,0
6325,2006021351,824.0,824.0,67,67301,39.9597,-75.1958,0,0,0,0,0,1,4,1,2006,2,8.0,1.0,0,1.0,3,1,3,  ,2,3.0,1,0,1,0,0,0,0,0,0,0,0,0,0,0,0,0,1
6326,2006021927,1810.0,1809.0,9,9101,40.1448,-74.8389,0,0,0,0,0,1,4,2,2006,7,18.0,3.0,0,9.0,3,2,7,  ,0,0.0,0,0,1,0,0,0,0,0,0,0,0,0,0,0,0,0,0
6327,2006022708,2325.0,2321.0,67,67301,39.9649,-75.1594,0,0,0,0,0,0,4,1,2006,2,23.0,3.0,0,1.0,3,1,3,  ,3,3.0,0,0,1,0,0,0,0,0,0,0,0,0,0,0,0,0,0
6328,2006022744,1747.0,1740.0,36,36238,40.1319,-76.1462,0,0,0,0,0,1,5,2,2006,3,17.0,1.0,0,1.0,3,0,3,  ,0,0.0,0,0,0,0,0,0,0,0,0,0,0,0,0,0,0,0,0
6329,2006022790,957.0,955.0,67,67301,,,0,0,0,0,0,0,3,1,2006,5,9.0,1.0,0,1.0,3,0,3,  ,0,0.0,0,0,0,0,0,0,0,0,0,0,0,0,0,0,0,0,0
6330,2006022851,722.0,719.0,36,36238,40.1415,-76.2088,0,0,0,0,0,0,4,2,2006,6,7.0,1.0,0,1.0,3,0,3,  ,0,0.0,0,0,1,0,0,0,0,0,0,0,0,0,0,0,0,0,0
6331,2006023136,1645.0,1643.0,62,62301,40.1952,-79.9146,1,0,0,1,0,0,4,2,2006,4,16.0,1.0,0,1.0,3,1,3,  ,3,3.0,0,0,1,0,1,0,0,0,0,0,0,0,0,0,0,0,0
6332,2006023535,1553.0,1549.0,18,18301,,,0,0,0,0,0,0,4,3,2006,3,15.0,1.0,0,1.0,2,1,3,  ,3,3.0,0,0,1,0,0,0,0,0,0,0,0,0,0,0,0,0,0
6333,2006023918,1657.0,1648.0,46,46416,,,0,0,0,0,0,1,4,2,2006,5,16.0,1.0,0,1.0,2,1,3,  ,3,3.0,0,0,1,0,0,0,0,0,0,0,0,0,0,0,0,0,0
6334,2006024062,1253.0,1242.0,21,21219,,,0,0,0,0,0,0,0,1,2006,6,12.0,1.0,0,2.0,1,0,3,  ,0,0.0,1,0,0,0,0,0,0,0,0,0,0,0,0,0,0,0,0
6335,2006024087,1646.0,1644.0,66,66413,,,0,0,0,0,0,0,4,2,2006,3,16.0,1.0,0,1.0,2,1,3,  ,3,3.0,1,0,1,0,0,0,0,0,0,0,0,0,0,0,0,0,0
6336,2006024510,1045.0,1030.0,66,66217,39.9823,-76.7345,0,0,0,0,0,0,4,2,2006,4,10.0,1.0,0,1.0,3,1,3,  ,3,3.0,0,0,1,0,0,0,0,0,0,0,0,0,0,0,0,0,0
6337,2006025083,1610.0,1607.0,46,46211,40.2429,-75.2628,0,0,0,0,0,0,5,2,2006,3,16.0,1.0,0,1.0,1,0,3,  ,0,0.0,1,0,0,0,0,0,0,0,0,0,0,0,0,0,0,0,0
6338,2006025821,635.0,633.0,15,15236,40.0554,-75.502,0,0,0,0,0,0,5,2,2006,2,6.0,5.0,0,1.0,1,1,3,  ,2,3.0,0,0,0,0,0,0,0,0,0,0,0,0,0,0,0,0,0
6339,2006025945,1550.0,1544.0,38,38301,40.3482,-76.4213,0,0,0,0,0,0,4,2,2006,6,15.0,1.0,0,1.0,2,2,3,  ,3,3.0,0,0,1,0,0,0,0,0,0,0,0,0,0,0,0,0,1
6340,2006026031,1540.0,1530.0,35,35302,,,0,0,0,0,0,0,4,1,2006,6,15.0,1.0,0,1.0,3,1,3,  ,3,3.0,0,0,1,0,0,0,0,0,0,0,0,0,0,0,0,0,0
6341,2006026145,2042.0,2041.0,14,14410,40.7947,-77.8557,0,0,0,0,0,0,4,1,2006,5,20.0,3.0,0,1.0,3,1,3,  ,3,3.0,1,0,1,0,0,0,0,0,0,0,0,0,1,0,0,0,1
6342,2006026206,1646.0,1644.0,66,66413,39.8051,-76.9803,0,0,0,0,0,0,4,2,2006,3,16.0,1.0,0,1.0,2,1,3,  ,3,3.0,1,0,1,0,0,0,0,0,0,0,0,0,0,0,0,0,0
6343,2006026286,1900.0,1854.0,17,17228,41.0893,-78.8039,1,0,0,0,0,0,6,2,2006,5,18.0,2.0,0,9.0,1,0,7,  ,0,0.0,0,0,0,0,0,0,0,0,0,0,0,0,0,0,0,0,0
6344,2006026353,1715.0,1701.0,2,2301,40.3836,-79.9773,0,0,0,0,0,0,4,2,2006,7,17.0,1.0,0,1.0,3,2,3,  ,0,0.0,0,0,1,0,0,0,0,0,0,0,0,0,0,0,0,0,0
6345,2006026482,1533.0,1532.0,25,25302,,,0,0,0,0,0,0,4,1,2006,6,15.0,1.0,0,1.0,3,1,3,  ,3,3.0,0,0,1,0,0,0,0,0,0,0,0,0,0,0,0,1,0
6346,2006026875,1616.0,1613.0,39,39301,40.614,-75.4626,0,0,0,0,1,0,8,2,2006,2,16.0,1.0,0,1.0,3,1,3,  ,3,3.0,0,0,0,0,0,0,0,0,0,0,0,0,0,0,0,0,0
6347,2006027745,1657.0,1655.0,41,41301,41.2387,-77.0595,0,0,0,0,0,0,6,2,2006,2,16.0,1.0,0,1.0,3,1,3,  ,3,3.0,0,0,0,0,0,0,0,0,0,0,0,0,0,0,0,0,1
6348,2006027909,1711.0,1708.0,36,36301,40.0397,-76.2972,0,0,0,0,0,1,4,2,2006,3,17.0,1.0,7,1.0,3,0,3,  ,0,0.0,0,0,1,0,0,0,0,0,0,0,0,0,0,0,0,0,0
6349,2006028304,2152.0,2146.0,35,35302,41.4167,-75.6941,0,0,0,0,0,1,1,2,2006,1,21.0,3.0,0,1.0,3,2,3,  ,3,3.0,0,0,0,0,0,0,0,0,0,0,0,0,0,0,0,0,0
6350,2006028468,1504.0,1459.0,18,18301,41.1319,-77.4536,0,0,0,0,0,0,4,3,2006,3,14.0,1.0,0,1.0,2,1,3,  ,0,0.0,0,0,1,0,0,0,0,0,0,0,0,0,0,0,0,0,0
6351,2006028783,2040.0,2038.0,46,46421,,,0,1,0,0,0,0,2,2,2006,3,20.0,3.0,0,1.0,3,2,3,  ,3,3.0,0,0,0,0,0,0,0,0,0,0,0,0,0,0,0,0,0
6352,2006028912,1450.0,1450.0,66,66413,39.8022,-76.9851,0,0,0,0,0,0,4,3,2006,2,15.0,1.0,0,1.0,2,0,3,  ,0,0.0,0,0,1,0,0,0,0,0,0,0,0,0,0,0,0,0,0
6353,2006029353,1847.0,1845.0,40,40416,41.2529,-75.9317,0,0,0,0,1,0,8,3,2006,2,18.0,2.0,0,1.0,3,0,3,  ,0,0.0,0,1,0,0,0,0,1,0,0,1,0,0,0,0,0,0,0
6354,2006029470,1116.0,1116.0,9,9415,40.4437,-75.3583,0,1,0,0,0,1,4,3,2006,2,11.0,1.0,0,1.0,2,1,3,  ,2,3.0,0,0,1,0,0,1,0,0,0,0,0,0,0,0,0,0,0
6355,2006029676,9999.0,1500.0,9,9220,,,0,0,0,0,1,0,4,2,2006,3,15.0,1.0,7,1.0,1,0,3,  ,0,0.0,0,0,1,0,0,0,0,0,0,0,0,0,0,0,0,0,1
6356,2006030368,1644.0,1642.0,37,37301,40.996,-80.3347,0,1,0,0,0,1,4,2,2006,4,16.0,1.0,0,1.0,2,0,3,  ,0,0.0,0,0,1,0,0,0,0,0,0,0,0,0,0,0,0,0,1
6357,2006030472,2025.0,2023.0,6,6301,,,0,0,0,0,0,0,4,3,2006,1,20.0,1.0,0,1.0,3,1,3,  ,2,3.0,0,0,1,0,0,0,0,0,0,0,0,0,0,0,0,0,0
6358,2006030473,1710.0,1710.0,6,6301,40.3336,-75.914,0,0,0,0,0,0,4,3,2006,2,16.0,1.0,0,1.0,3,2,3,  ,3,3.0,0,0,1,0,0,0,0,0,0,0,0,0,0,0,0,0,0
6359,2006030785,1253.0,1243.0,32,32223,40.6103,-79.1887,0,0,0,0,0,0,4,1,2006,7,12.0,1.0,0,1.0,1,0,3,  ,0,0.0,0,0,1,0,0,0,0,0,0,0,0,0,0,0,0,1,0
6360,2006031164,1450.0,1450.0,66,66413,39.8031,-76.9862,0,0,0,0,0,0,4,3,2006,2,15.0,1.0,0,1.0,2,0,3,  ,0,0.0,0,0,1,0,0,0,0,0,0,0,0,0,0,0,0,0,0
6361,2006031169,1450.0,1450.0,66,66413,39.802,-76.9849,0,0,0,0,0,0,4,3,2006,2,15.0,1.0,0,1.0,2,0,3,  ,0,0.0,0,0,1,0,0,0,0,0,0,0,0,0,0,0,0,0,0
6362,2006031512,1336.0,1336.0,61,61301,41.8509,-79.1397,0,0,0,0,0,0,4,3,2006,1,13.0,1.0,0,1.0,2,0,3,  ,0,0.0,0,0,1,0,0,0,0,0,0,0,0,0,0,0,0,0,0
6363,2006031516,1845.0,1837.0,2,2301,40.4405,-79.9356,0,0,0,0,0,0,4,3,2006,5,18.0,3.0,0,1.0,3,2,3,  ,0,0.0,1,0,1,0,0,0,0,0,0,0,0,0,0,0,0,0,0
6364,2006031677,1659.0,1651.0,36,36239,40.0888,-76.4208,0,0,0,0,0,1,4,3,2006,3,16.0,1.0,0,1.0,3,1,3,  ,3,3.0,0,0,1,0,0,0,0,0,0,0,0,0,0,0,0,0,0
6365,2006031909,1920.0,1920.0,14,14410,,,0,0,0,0,0,0,4,3,2006,3,11.0,1.0,1,1.0,3,2,3,  ,3,3.0,0,0,1,0,0,0,0,0,0,0,0,0,0,0,0,0,0
6366,2006032184,644.0,641.0,46,46204,40.2161,-75.1924,0,0,0,0,0,0,6,3,2006,4,6.0,5.0,0,1.0,3,2,3,  ,3,3.0,0,0,0,0,0,0,0,0,0,0,0,0,0,0,0,0,0
6367,2006032324,1358.0,1345.0,45,45202,40.922,-75.4016,0,0,0,0,0,0,4,2,2006,1,13.0,1.0,0,1.0,1,0,3,  ,0,0.0,0,0,1,0,0,0,0,0,0,0,0,0,0,0,0,0,0
6368,2006032696,1257.0,1254.0,65,65216,41.5501,-75.9672,0,0,0,0,0,0,4,4,2006,1,12.0,1.0,0,1.0,1,3,3,  ,0,0.0,0,0,1,0,0,0,0,0,0,0,0,0,0,0,0,0,0
6369,2006032786,1621.0,1616.0,2,2301,,,0,0,0,0,0,0,4,3,2006,1,16.0,1.0,0,1.0,3,1,3,  ,3,3.0,0,0,1,0,0,0,0,0,0,0,0,0,0,0,0,0,0
6370,2006032791,1500.0,1455.0,2,2301,,,0,0,0,0,0,0,4,3,2006,5,14.0,1.0,0,1.0,3,0,3,  ,0,0.0,1,0,1,0,0,0,0,0,0,0,0,0,0,0,0,0,0
6371,2006033028,9999.0,9999.0,67,67301,,,0,0,0,0,0,0,6,1,2006,7,99.0,3.0,0,1.0,3,1,3,  ,2,3.0,0,0,0,0,0,0,0,0,0,0,0,0,0,0,0,0,0
6372,2006033042,1625.0,1605.0,67,67301,39.9909,-75.1016,0,0,0,0,0,0,4,2,2006,7,15.0,1.0,0,1.0,3,1,3,  ,2,3.0,0,0,1,0,0,0,0,0,0,0,0,0,0,0,0,0,0
6373,2006033145,1626.0,1601.0,38,38209,,,0,0,0,0,0,0,4,2,2006,6,16.0,1.0,0,1.0,1,0,10,  ,0,0.0,0,0,1,0,0,0,0,0,0,0,0,0,0,0,0,0,0
6374,2006033213,1305.0,1255.0,25,25302,,,0,0,0,0,0,0,4,3,2006,7,12.0,1.0,0,1.0,3,2,3,  ,3,3.0,0,0,1,0,0,0,0,0,0,0,0,0,0,0,0,1,0
6375,2006033284,1753.0,1750.0,67,67301,39.9303,-75.1668,0,0,0,0,0,1,5,2,2006,2,17.0,4.0,0,1.0,3,2,3,  ,3,3.0,0,0,0,0,0,0,0,0,0,0,0,0,0,0,0,0,0
6376,2006033306,1646.0,1641.0,67,67301,39.9335,-75.1918,0,0,0,0,0,0,4,1,2006,1,16.0,1.0,0,9.0,3,1,7,  ,3,9.0,0,0,1,0,0,0,0,0,0,0,0,0,0,0,0,0,0
6377,2006033307,1430.0,1424.0,67,67301,,,0,0,0,0,0,0,4,2,2006,5,14.0,1.0,0,1.0,3,2,3,  ,3,9.0,0,0,1,0,0,0,0,0,0,0,0,0,0,0,0,0,0
6378,2006033561,1531.0,1523.0,2,2301,40.4229,-80.0245,0,0,0,0,0,0,2,3,2006,3,15.0,1.0,0,1.0,3,2,3,  ,0,0.0,0,0,0,0,0,0,0,0,0,0,0,0,0,0,0,0,0
6379,2006033819,1714.0,1712.0,23,23103,39.9703,-75.3032,0,1,0,0,0,0,4,3,2006,5,17.0,1.0,0,1.0,3,0,3,  ,0,0.0,0,0,1,0,0,0,0,0,0,0,0,0,0,0,0,0,0
6380,2006034171,2226.0,2226.0,66,66205,39.981,-76.8345,0,0,0,0,0,1,5,3,2006,6,22.0,3.0,0,1.0,1,0,3,  ,0,0.0,0,0,0,0,0,0,0,0,0,0,0,0,0,0,0,0,0
6381,2006035134,2134.0,2131.0,46,46413,40.1229,-75.3426,0,0,0,0,0,0,4,3,2006,3,21.0,3.0,0,1.0,3,1,3,  ,2,3.0,0,0,1,0,0,0,0,0,0,0,0,0,0,0,0,0,1
6382,2006035591,2210.0,2205.0,67,67301,39.9805,-75.1061,0,0,0,0,0,0,5,1,2006,2,21.0,3.0,0,9.0,3,1,7,  ,2,3.0,0,0,0,0,0,0,0,0,0,0,0,0,0,0,0,0,0
6383,2006035641,1940.0,1936.0,67,67301,39.9507,-75.1504,0,0,0,0,0,0,4,2,2006,7,19.0,3.0,0,1.0,3,1,3,  ,2,3.0,0,0,1,0,0,0,0,0,0,0,0,0,0,0,0,0,1
6384,2006035667,559.0,558.0,67,67301,39.9623,-75.1613,0,0,0,0,0,0,6,2,2006,4,5.0,5.0,0,1.0,3,1,3,  ,2,3.0,0,0,0,0,0,0,0,0,0,0,0,0,0,0,0,0,0
6385,2006035671,1806.0,1757.0,14,14204,40.7888,-77.7995,1,0,0,0,0,0,1,3,2006,4,17.0,1.0,0,1.0,3,0,3,  ,0,0.0,0,0,0,0,0,1,0,0,0,0,0,0,0,0,0,0,0
6386,2006035702,1308.0,1306.0,67,67301,,,0,0,0,0,0,0,4,2,2006,7,13.0,1.0,0,1.0,3,1,3,  ,2,3.0,0,0,1,0,0,0,0,0,0,0,0,0,0,0,0,0,0
6387,2006035783,1300.0,1252.0,67,67301,39.9927,-75.1203,0,0,0,0,0,0,1,1,2006,1,12.0,1.0,0,9.0,3,1,7,  ,2,3.0,0,0,0,0,0,0,0,0,0,0,0,0,0,0,0,0,0
6388,2006035950,830.0,808.0,67,67301,40.0022,-75.1576,0,0,0,0,0,0,1,1,2006,6,21.0,3.0,0,1.0,3,1,3,  ,0,0.0,0,0,0,0,0,0,0,0,0,0,0,0,0,0,0,0,0
6389,2006035966,635.0,630.0,67,67301,,,0,0,0,0,0,1,4,1,2006,6,6.0,5.0,0,1.0,3,1,3,  ,2,3.0,0,0,1,0,0,0,0,0,0,0,0,0,0,0,0,0,0
6390,2006036158,1127.0,1121.0,17,17206,40.9985,-78.3718,0,0,0,0,0,0,1,2,2006,4,11.0,1.0,0,1.0,1,0,3,  ,0,0.0,0,0,0,0,0,0,0,0,0,0,0,0,0,0,0,0,0
6391,2006036617,1225.0,1220.0,67,67301,40.0423,-75.0256,0,0,0,0,0,0,5,2,2006,5,12.0,1.0,0,1.0,3,1,3,  ,2,3.0,0,0,0,0,0,0,0,0,0,0,0,0,0,0,0,0,0
6392,2006036632,1730.0,1709.0,67,67301,,,0,0,0,0,0,0,5,1,2006,3,15.0,1.0,0,1.0,3,1,3,  ,0,0.0,0,0,0,0,0,0,0,0,0,0,0,0,0,0,0,0,0
6393,2006036646,2129.0,2121.0,67,67301,,,0,0,0,0,0,0,4,2,2006,4,21.0,3.0,0,1.0,3,2,3,  ,0,0.0,0,0,1,0,0,0,0,0,0,0,0,0,0,0,0,0,0
6394,2006036647,1817.0,1814.0,67,67301,40.0372,-75.1663,0,0,0,0,0,0,4,2,2006,5,16.0,3.0,0,1.0,3,0,3,  ,0,0.0,0,0,1,0,0,0,0,0,0,0,0,0,0,0,0,0,0
6395,2006036657,1635.0,1635.0,67,67301,40.0649,-75.1533,0,0,0,0,0,0,4,3,2006,7,16.0,1.0,7,1.0,3,0,3,  ,0,0.0,0,0,1,0,0,0,0,0,0,0,0,0,0,0,0,0,0
6396,2006037222,1540.0,1535.0,67,67301,39.9508,-75.1638,0,0,0,0,0,0,4,2,2006,4,15.0,1.0,0,1.0,3,1,3,  ,2,3.0,0,0,1,0,0,0,0,0,0,0,0,0,0,0,0,0,0
6397,2006037680,1433.0,1430.0,67,67301,39.9625,-75.1957,0,0,0,0,0,0,4,1,2006,2,14.0,1.0,0,1.0,3,2,3,  ,3,9.0,1,0,1,0,0,0,0,0,0,0,0,0,1,0,0,0,0
6398,2006037685,220.0,214.0,22,22102,40.2666,-76.757,0,1,0,0,0,0,1,3,2006,4,2.0,3.0,0,1.0,3,0,3,  ,0,0.0,0,1,0,0,0,0,0,0,0,0,0,0,0,0,0,0,0
6399,2006037734,1916.0,1840.0,67,67301,39.9599,-75.2249,0,0,0,0,0,0,4,3,2006,3,18.0,3.0,0,1.0,3,1,3,  ,2,9.0,0,0,1,0,0,0,0,0,0,0,0,0,0,0,0,0,0
6400,2006037790,1536.0,9999.0,67,67301,40.0444,-75.1435,0,0,0,0,0,1,4,2,2006,6,15.0,1.0,0,1.0,3,1,3,  ,0,0.0,0,0,1,0,0,0,0,0,0,0,0,0,0,0,0,0,0
6401,2006037809,908.0,904.0,67,67301,39.9538,-75.1666,0,0,0,0,0,0,1,3,2006,3,99.0,1.0,0,1.0,3,2,3,  ,2,3.0,0,0,0,0,0,0,0,0,0,0,0,0,0,0,0,1,0
6402,2006037816,1755.0,1751.0,67,67301,,,0,0,0,0,0,0,5,3,2006,6,15.0,1.0,0,1.0,3,0,99,  ,0,0.0,0,0,0,0,0,0,0,0,0,0,0,0,0,0,0,0,0
6403,2006037908,1911.0,1910.0,46,46416,40.2471,-75.6455,0,0,0,0,1,0,4,2,2006,4,19.0,3.0,0,1.0,2,1,3,  ,3,3.0,0,1,1,0,0,0,1,0,0,1,0,0,0,0,0,0,0
6404,2006038056,1645.0,1641.0,39,39301,40.617,-75.4759,0,1,0,0,0,0,4,3,2006,6,16.0,1.0,0,1.0,3,2,3,  ,3,3.0,0,0,1,0,0,0,0,0,0,0,0,0,0,0,0,0,0
6405,2006038180,1035.0,1028.0,36,36223,39.9985,-76.4339,0,0,0,0,0,1,5,3,2006,7,10.0,1.0,0,1.0,1,0,3,  ,0,0.0,0,0,0,0,0,0,0,0,0,0,0,0,0,0,0,1,0
6406,2006038289,1630.0,1630.0,15,15403,40.0056,-75.703,0,0,0,0,0,0,4,4,2006,2,16.0,1.0,0,9.0,3,2,3,  ,3,3.0,0,0,1,1,0,1,0,0,0,0,0,0,0,0,0,0,0
6407,2006038490,1521.0,1513.0,6,6228,,,0,0,0,0,0,0,0,4,2006,7,15.0,1.0,0,1.0,1,0,3,  ,0,0.0,0,0,0,0,0,0,0,0,0,0,0,0,0,0,0,0,1
6408,2006038553,1707.0,1707.0,53,53301,40.6869,-76.1965,0,0,0,0,0,0,4,4,2006,3,17.0,1.0,0,1.0,2,1,3,  ,3,3.0,0,0,1,0,0,0,0,0,0,0,0,0,0,0,0,0,0
6409,2006038650,1321.0,1321.0,21,21402,40.1999,-77.1893,0,0,0,0,0,0,4,4,2006,6,13.0,1.0,0,9.0,2,1,7,  ,2,3.0,0,0,1,0,0,0,0,0,0,0,0,0,0,0,0,1,0
6410,2006038703,1501.0,1500.0,2,2219,40.3154,-80.0061,0,0,0,0,0,0,4,4,2006,2,15.0,1.0,0,1.0,3,1,3,  ,2,3.0,0,0,1,0,0,0,0,0,0,0,0,0,0,0,0,0,1
6411,2006038952,1342.0,1339.0,2,2301,,,0,0,0,0,1,0,4,3,2006,6,13.0,1.0,0,9.0,3,2,7,  ,3,3.0,0,1,1,0,0,0,0,0,0,0,0,0,0,0,0,0,0
6412,2006038981,1515.0,1509.0,39,39301,40.5998,-75.4716,0,0,0,0,0,0,4,3,2006,4,15.0,1.0,0,1.0,3,2,3,  ,3,3.0,0,0,1,0,0,0,0,0,0,0,0,0,0,0,0,0,0
6413,2006039180,9999.0,1802.0,41,41301,41.2554,-76.9828,0,0,0,0,0,1,4,3,2006,3,18.0,1.0,0,1.0,3,2,3,  ,0,0.0,0,0,1,0,0,0,0,0,0,0,0,0,0,0,0,0,0
6414,2006039191,2000.0,1958.0,41,41301,,,0,0,0,0,0,0,4,3,2006,5,19.0,3.0,0,1.0,3,1,3,  ,3,3.0,0,0,1,0,0,0,0,0,0,0,0,0,0,0,0,0,0
6415,2006039193,1745.0,9999.0,48,48401,40.8673,-75.2062,0,0,0,0,1,0,4,3,2006,5,17.0,1.0,0,1.0,2,1,3,  ,3,3.0,1,1,1,0,0,0,1,0,0,1,0,0,0,0,0,0,0
6416,2006039513,1721.0,1716.0,6,6301,40.3528,-75.9128,0,0,0,0,0,0,4,3,2006,4,17.0,1.0,0,1.0,3,0,3,  ,0,0.0,0,0,1,0,0,0,0,0,0,0,0,0,0,0,0,0,0
6417,2006039957,1013.0,1010.0,9,9101,,,0,0,0,0,0,0,5,3,2006,6,8.0,1.0,0,1.0,3,2,3,  ,3,2.0,1,0,0,0,0,0,0,0,0,0,0,0,1,0,0,0,0
6418,2006040934,1441.0,1437.0,25,25302,42.1035,-80.0633,0,1,0,0,1,0,4,3,2006,6,14.0,1.0,0,9.0,3,1,3,  ,3,3.0,0,1,1,0,0,0,0,0,0,0,0,0,0,0,0,0,0