,CRN,ARRIVAL_TM,DISPATCH_TM,COUNTY,MUNICIPALITY,DEC_LAT,DEC_LONG,BICYCLE_DEATH_COUNT,BICYCLE_SUSP_SERIOUS_INJ_COUNT,BUS_COUNT,HEAVY_TRUCK_COUNT,SMALL_TRUCK_COUNT,SUV_COUNT,COLLISION_TYPE,CRASH_MONTH,CRASH_YEAR,DAY_OF_WEEK,HOUR_OF_DAY,ILLUMINATION,LOCATION_TYPE,ROAD_CONDITION,URBAN_RURAL,INTERSECT_TYPE,WEATHER1,WEATHER2,TCD_TYPE,TCD_FUNC_CD,AGGRESSIVE_DRIVING,ALCOHOL_RELATED,ANGLE_CRASH,CELL_PHONE,COMM_VEHICLE,DISTRACTED,DRINKING_DRIVER,DRUGGED_DRIVER,FATIGUE_ASLEEP,IMPAIRED_DRIVER,NHTSA_AGG_DRIVING,RUNNING_RED_LT,RUNNING_STOP_SIGN,SPEEDING_RELATED,TAILGATING,MATURE_DRIVER,YOUNG_DRIVER
6419,2006041149,31.0,30.0,36,36101,40.0996,-76.3053,1,0,0,0,0,0,7,2,2006,2,0.0,3.0,0,1.0,3,0,3,  ,0,0.0,1,1,0,0,0,0,1,0,0,1,1,0,0,0,0,0,0
6420,2006041235,1405.0,1400.0,2,2219,,,0,0,0,0,0,0,4,4,2006,7,18.0,1.0,7,1.0,3,2,3,  ,0,0.0,0,0,1,0,0,0,0,0,0,0,0,0,0,0,0,0,1
6421,2006041423,1633.0,1633.0,66,66208,40.2165,-76.8607,0,0,0,1,0,0,8,4,2006,5,16.0,1.0,0,1.0,1,0,3,  ,0,0.0,0,0,0,0,0,0,0,0,0,0,0,0,0,0,0,0,1
6422,2006041712,1837.0,1831.0,36,36101,40.0538,-76.2869,0,0,0,0,0,0,6,2,2006,3,18.0,3.0,0,1.0,3,0,3,  ,0,0.0,0,0,0,0,0,0,0,0,0,0,0,0,0,0,0,1,0
6423,2006041882,1652.0,1646.0,6,6301,,,0,0,0,0,0,0,4,4,2006,7,16.0,1.0,0,1.0,3,0,3,  ,0,0.0,0,0,1,0,0,0,0,0,0,0,0,0,0,0,0,0,0
6424,2006041992,2205.0,2200.0,66,66301,39.9586,-76.7403,0,0,0,0,0,0,4,3,2006,4,20.0,3.0,0,1.0,3,1,3,  ,2,3.0,0,0,1,0,0,0,0,0,0,0,0,0,0,0,0,0,0
6425,2006042792,1925.0,1920.0,40,40408,41.0572,-76.2285,0,0,0,0,0,0,4,4,2006,4,19.0,1.0,0,1.0,3,0,3,  ,2,3.0,0,0,1,0,0,0,0,0,0,0,0,0,0,0,0,1,0
6426,2006043017,730.0,727.0,28,28401,39.9374,-77.6602,0,0,0,0,0,1,4,4,2006,4,7.0,1.0,0,1.0,1,1,3,  ,0,0.0,0,0,1,0,0,0,0,0,0,0,0,0,0,0,0,0,0
6427,2006043787,1725.0,1720.0,2,2415,40.4055,-80.0971,0,0,0,0,0,0,4,5,2006,6,17.0,1.0,0,1.0,3,0,3,  ,0,0.0,0,0,1,0,0,0,0,0,0,0,0,0,0,0,0,0,0
6428,2006043788,1724.0,1716.0,14,14206,40.8053,-77.8875,0,0,0,0,0,0,4,5,2006,6,17.0,1.0,0,1.0,1,0,3,  ,0,0.0,1,0,1,0,0,0,0,0,0,0,1,0,0,0,0,0,1
6429,2006043984,1749.0,1744.0,6,6301,40.3292,-75.9193,0,0,0,0,0,0,8,4,2006,6,16.0,1.0,0,1.0,3,1,3,  ,3,3.0,1,0,0,0,0,0,0,0,0,0,0,0,1,0,0,0,0
6430,2006043990,1241.0,1239.0,23,23111,39.9666,-75.2945,0,0,0,0,0,0,4,3,2006,7,12.0,1.0,0,1.0,3,2,3,  ,3,9.0,0,0,1,0,0,0,0,0,0,0,0,0,0,0,0,1,0
6431,2006044487,1904.0,1902.0,21,21402,,,0,0,0,0,0,0,4,5,2006,2,19.0,1.0,0,1.0,2,0,3,  ,0,0.0,0,0,1,0,0,1,0,0,0,0,0,0,0,0,0,1,0
6432,2006044762,1707.0,1705.0,21,21404,40.2148,-77.0026,0,0,0,1,0,0,5,5,2006,2,17.0,1.0,0,1.0,3,0,3,  ,0,0.0,0,0,0,0,1,0,0,0,0,0,0,0,0,0,0,0,0
6433,2006044763,1630.0,1630.0,54,54401,40.7548,-77.1653,0,1,0,0,0,0,4,4,2006,7,11.0,1.0,0,1.0,1,0,3,  ,0,0.0,0,0,1,0,0,0,0,0,0,0,0,0,0,0,0,0,0
6434,2006044924,1940.0,1939.0,3,3216,40.6068,-79.5588,0,0,0,0,0,1,4,4,2006,6,19.0,1.0,0,1.0,1,1,3,  ,3,3.0,0,0,1,0,0,0,0,0,0,0,0,0,0,0,0,0,0
6435,2006045263,1028.0,1027.0,46,46104,40.0235,-75.2305,0,0,0,0,0,0,4,5,2006,7,10.0,1.0,0,1.0,3,0,3,  ,0,0.0,0,0,1,0,0,0,0,0,0,0,0,0,0,0,0,0,0
6436,2006045264,815.0,812.0,46,46105,40.1224,-75.0443,0,0,0,0,0,0,4,5,2006,3,8.0,1.0,7,1.0,3,0,3,  ,0,0.0,0,0,1,0,0,0,0,0,0,0,0,0,0,0,0,0,0
6437,2006045753,1827.0,1818.0,36,36223,,,0,0,0,0,0,1,6,4,2006,4,18.0,1.0,0,1.0,1,0,3,  ,0,0.0,1,0,0,0,0,0,0,0,0,0,0,0,0,0,0,0,0
6438,2006045765,1819.0,1818.0,39,39301,40.6046,-75.4972,0,0,0,0,0,0,4,4,2006,4,18.0,1.0,0,1.0,3,1,3,  ,3,3.0,0,0,1,0,0,0,0,0,0,0,0,0,0,0,0,1,0
6439,2006045819,1700.0,1658.0,35,35302,,,0,0,0,0,0,1,4,4,2006,1,16.0,1.0,0,1.0,3,1,3,  ,3,3.0,0,0,1,0,0,0,0,0,0,0,0,0,0,0,0,0,0
6440,2006045997,1455.0,1451.0,15,15247,39.9446,-75.5923,0,0,0,0,0,1,4,5,2006,6,14.0,1.0,0,1.0,3,2,3,  ,3,3.0,0,0,1,0,0,0,0,0,0,0,0,0,0,0,0,0,0
6441,2006046049,1501.0,1458.0,38,38101,40.3337,-76.495,0,0,0,0,0,0,4,4,2006,3,14.0,1.0,0,1.0,2,0,3,  ,3,3.0,1,0,1,0,0,0,0,0,0,0,0,0,0,0,0,0,0
6442,2006046082,1833.0,1828.0,2,2301,,,0,0,0,0,0,0,4,4,2006,3,18.0,1.0,0,1.0,3,2,3,  ,0,0.0,0,0,1,0,0,1,0,0,0,0,0,0,0,0,0,1,0
6443,2006046084,1329.0,1327.0,43,43302,41.2296,-80.5007,0,0,0,0,0,0,4,4,2006,6,13.0,1.0,0,1.0,3,2,3,  ,0,0.0,0,0,1,0,0,0,0,0,0,0,0,0,0,0,0,0,0
6444,2006046142,1537.0,1532.0,39,39301,40.5911,-75.4469,0,0,0,0,1,0,4,4,2006,1,15.0,1.0,0,1.0,3,1,3,  ,3,3.0,0,0,1,0,0,0,0,0,0,0,0,0,0,0,0,0,0
6445,2006046194,1611.0,1558.0,22,22216,40.5756,-76.9444,0,0,0,0,0,1,4,3,2006,4,15.0,1.0,0,1.0,1,0,3,  ,0,0.0,0,0,1,0,0,0,0,0,0,0,0,0,0,0,0,0,0
6446,2006046423,1638.0,1635.0,39,39301,40.5943,-75.4583,0,0,0,0,0,0,4,4,2006,2,16.0,1.0,0,1.0,3,1,3,  ,3,3.0,0,0,1,0,0,0,0,0,0,0,0,0,0,0,0,0,0
6447,2006046481,1641.0,1640.0,6,6215,40.5855,-75.8006,0,0,0,0,0,0,4,3,2006,3,16.0,1.0,0,1.0,1,0,3,  ,0,0.0,0,0,1,0,0,0,0,0,0,0,0,0,0,0,0,1,0
6448,2006046753,1648.0,1640.0,2,2301,40.4487,-80.0023,0,0,0,0,0,0,4,4,2006,3,16.0,1.0,0,9.0,3,1,7,  ,2,3.0,0,0,1,0,0,0,0,0,0,0,0,0,0,0,0,0,0
6449,2006046760,1718.0,1714.0,2,2301,40.4259,-79.9538,0,0,0,0,0,0,4,4,2006,4,17.0,1.0,0,1.0,3,2,3,  ,0,0.0,0,0,1,0,0,0,0,0,0,0,0,0,0,0,0,0,0
6450,2006046910,1732.0,1732.0,48,48301,40.608,-75.3862,0,0,0,0,0,1,6,4,2006,7,17.0,1.0,0,1.0,3,0,3,  ,0,0.0,0,0,0,0,0,0,0,0,0,0,0,0,0,0,0,0,0
6451,2006046917,1516.0,1516.0,48,48301,40.6103,-75.3772,0,0,0,0,0,0,4,4,2006,5,15.0,1.0,0,1.0,3,1,3,  ,3,3.0,0,0,1,0,0,0,0,0,0,0,0,0,0,0,0,0,0
6452,2006046942,1248.0,1244.0,36,36301,,,0,0,0,0,0,0,2,4,2006,7,12.0,1.0,0,1.0,3,0,3,  ,0,0.0,0,0,0,0,0,1,0,0,0,0,0,0,0,0,0,0,0
6453,2006046949,1701.0,1701.0,48,48206,40.6599,-75.397,0,0,0,0,0,0,8,4,2006,3,17.0,1.0,0,1.0,3,1,3,  ,2,3.0,0,0,0,0,0,0,0,0,0,0,0,0,0,0,0,0,0
6454,2006046959,1917.0,1915.0,6,6301,,,0,0,0,0,0,0,4,4,2006,5,19.0,1.0,0,1.0,3,0,3,  ,0,0.0,0,0,1,0,0,0,0,0,0,0,0,0,0,0,0,0,0
6455,2006047000,1727.0,1724.0,66,66301,39.964,-76.7129,0,0,0,0,0,0,4,4,2006,4,17.0,1.0,0,1.0,3,2,3,  ,3,3.0,0,0,1,0,0,0,0,0,0,0,0,0,0,0,0,0,0
6456,2006047022,1927.0,1927.0,40,40304,41.2398,-75.8928,0,0,0,0,0,0,4,4,2006,3,19.0,4.0,0,9.0,3,1,7,  ,2,3.0,1,0,1,0,0,0,0,0,0,0,0,0,0,0,0,0,0
6457,2006047053,1754.0,1748.0,36,36234,40.09,-76.1666,0,0,0,0,0,0,4,4,2006,7,17.0,1.0,0,1.0,1,0,3,  ,0,0.0,0,0,1,0,0,1,0,0,0,0,0,0,0,0,0,0,0
6458,2006047105,1458.0,1458.0,46,46424,,,0,0,0,0,0,0,1,4,2006,2,14.0,1.0,0,1.0,3,1,3,  ,3,3.0,0,0,0,0,0,0,0,0,0,0,0,0,0,0,0,0,0
6459,2006047121,1557.0,1556.0,6,6102,40.3857,-75.9308,0,0,0,0,0,0,4,4,2006,2,15.0,1.0,0,1.0,3,2,3,  ,3,3.0,0,0,1,0,0,0,0,0,0,0,0,0,0,0,0,0,0
6460,2006047173,922.0,919.0,9,9208,40.1639,-74.8269,0,0,0,0,0,0,6,4,2006,6,9.0,1.0,0,9.0,3,2,3,  ,0,0.0,0,0,0,0,0,0,0,0,0,0,0,0,0,0,0,0,0
6461,2006047235,1625.0,1623.0,64,64302,40.3095,-79.5388,0,0,0,0,0,0,4,4,2006,5,16.0,1.0,0,1.0,3,2,3,  ,0,0.0,0,0,1,0,0,0,0,0,0,0,0,0,0,0,0,0,0
6462,2006047329,1750.0,1747.0,40,40304,41.2364,-75.911,0,0,0,0,0,0,4,4,2006,3,17.0,1.0,0,9.0,3,1,7,  ,3,3.0,1,0,1,0,0,0,0,0,0,0,0,0,1,0,0,0,0
6463,2006047339,1904.0,1859.0,39,39302,40.6229,-75.4163,0,0,0,0,0,0,4,4,2006,1,18.0,1.0,0,1.0,3,0,3,  ,0,0.0,0,0,1,0,0,0,0,0,0,0,0,0,0,0,0,0,0
6464,2006047354,1359.0,1357.0,36,36214,40.0967,-76.4248,0,0,0,0,0,1,4,4,2006,7,13.0,1.0,0,1.0,3,0,3,  ,0,0.0,0,0,1,0,0,0,0,0,0,0,0,0,0,0,0,0,0
6465,2006047628,1122.0,1119.0,21,21402,40.2046,-77.1863,0,0,0,0,0,0,4,5,2006,1,11.0,1.0,0,1.0,2,0,3,  ,0,0.0,0,0,1,0,0,0,0,0,0,0,0,0,0,0,0,0,0
6466,2006047646,1325.0,1322.0,37,37301,41.0107,-80.3376,0,0,0,0,0,0,4,4,2006,5,13.0,1.0,0,1.0,2,1,3,  ,3,3.0,0,0,1,0,0,0,0,0,0,0,0,0,0,0,0,0,1
6467,2006047666,1851.0,1849.0,48,48419,40.85,-75.2915,0,0,0,0,0,1,4,4,2006,5,18.0,1.0,7,1.0,1,2,3,  ,2,3.0,0,0,1,0,0,1,0,0,0,0,0,0,0,0,0,0,0
6468,2006047695,1948.0,1942.0,46,46204,40.1805,-75.1334,0,0,0,0,0,0,4,5,2006,2,19.0,4.0,0,9.0,3,1,7,  ,2,3.0,0,1,1,0,0,0,0,0,0,0,0,0,0,0,0,0,1
6469,2006047838,1103.0,1059.0,9,9221,40.3611,-74.9713,0,0,0,0,0,0,4,5,2006,4,10.0,1.0,0,1.0,1,0,3,  ,0,0.0,0,0,1,0,0,0,0,0,0,0,0,0,0,0,0,0,0
6470,2006047849,1704.0,1658.0,66,66101,39.9727,-76.6968,0,0,0,0,0,1,4,5,2006,6,16.0,1.0,0,1.0,1,1,3,  ,3,3.0,1,0,1,0,0,0,0,0,0,0,0,0,0,0,0,0,0
6471,2006047930,803.0,754.0,62,62405,,,0,0,0,0,0,1,1,5,2006,3,7.0,1.0,0,1.0,3,0,3,  ,0,0.0,0,0,0,0,0,0,0,0,0,0,0,0,0,0,0,0,1
6472,2006048384,1720.0,1718.0,26,26301,40.018,-79.5873,0,0,0,0,0,0,4,5,2006,3,17.0,1.0,0,1.0,2,1,3,  ,3,3.0,0,0,1,0,0,0,0,0,0,0,0,0,0,0,0,0,0
6473,2006048421,1907.0,1904.0,9,9227,40.2779,-75.1767,0,0,0,0,1,0,4,5,2006,3,19.0,1.0,0,1.0,3,2,3,  ,3,3.0,1,0,1,0,0,0,0,0,0,0,0,0,0,0,0,0,0
6474,2006048433,1434.0,1431.0,28,28401,,,0,0,0,0,1,0,4,5,2006,3,14.0,1.0,0,1.0,1,1,3,  ,2,3.0,1,0,1,0,0,0,0,0,0,0,0,0,0,0,0,0,0
6475,2006048532,0.0,2138.0,9,9215,40.2792,-75.2145,0,0,0,0,0,0,7,4,2006,3,21.0,3.0,0,1.0,1,0,3,  ,0,0.0,0,0,0,0,0,0,0,0,0,0,0,0,0,0,0,0,0
6476,2006048690,1924.0,1918.0,46,46413,40.1148,-75.3378,0,0,0,0,0,0,4,4,2006,1,17.0,1.0,0,1.0,3,2,3,  ,3,2.0,0,0,1,0,0,1,0,0,0,0,0,0,0,0,0,0,0
6477,2006048707,2059.0,2058.0,39,39301,,,0,0,0,0,1,0,4,5,2006,6,18.0,1.0,0,1.0,3,0,3,  ,0,0.0,0,0,1,0,0,0,0,0,0,0,0,0,0,0,0,0,0
6478,2006048719,1731.0,1731.0,39,39301,40.6048,-75.4926,0,0,0,0,1,0,4,5,2006,2,17.0,1.0,0,1.0,3,1,3,  ,0,0.0,0,0,1,0,0,0,0,0,0,0,0,0,0,0,0,0,0
6479,2006048951,1518.0,1514.0,46,46108,40.0799,-75.1855,0,0,0,0,0,0,4,5,2006,7,15.0,1.0,0,1.0,3,2,3,  ,3,3.0,0,0,1,0,0,0,0,0,0,0,0,0,0,0,0,0,0
6480,2006049249,1830.0,1830.0,48,48407,40.5792,-75.3408,0,0,0,0,0,0,4,5,2006,2,18.0,1.0,0,1.0,3,1,3,  ,2,3.0,0,0,1,0,0,0,0,0,0,0,0,0,0,0,0,0,0
6481,2006049323,1922.0,1919.0,23,23111,,,0,0,0,0,0,0,4,4,2006,5,19.0,1.0,0,1.0,3,1,3,  ,3,9.0,1,0,1,0,0,0,0,0,0,0,0,0,0,0,0,0,0
6482,2006049845,956.0,954.0,2,2301,40.4698,-79.9271,0,0,0,0,0,0,8,5,2006,1,9.0,1.0,0,1.0,3,1,3,  ,3,3.0,0,0,0,0,0,0,0,0,0,0,0,0,0,0,0,0,0
6483,2006049968,2110.0,2110.0,64,64204,40.3379,-79.3728,0,0,0,0,0,0,4,3,2006,6,20.0,3.0,0,1.0,1,0,7,  ,0,0.0,0,0,1,0,0,0,0,0,0,0,0,0,0,0,0,0,0
6484,2006050113,1615.0,1610.0,46,46413,40.118,-75.358,0,0,0,0,0,0,4,4,2006,7,16.0,1.0,1,1.0,3,1,3,  ,0,0.0,0,0,1,0,0,0,0,0,0,0,0,0,0,0,0,0,0
6485,2006050123,2048.0,2046.0,46,46413,40.1117,-75.3436,0,0,0,0,0,0,2,4,2006,7,20.0,3.0,0,1.0,3,2,3,  ,3,3.0,1,0,0,0,0,0,0,0,0,0,0,0,0,0,0,0,0
6486,2006050141,1831.0,1829.0,39,39301,40.6103,-75.4787,0,0,0,0,0,0,4,5,2006,6,18.0,1.0,0,1.0,3,0,3,  ,0,0.0,0,0,1,0,0,0,0,0,0,0,0,0,0,0,0,0,0
6487,2006050153,1811.0,1809.0,39,39301,40.6098,-75.4809,0,0,0,0,0,0,5,5,2006,4,18.0,1.0,0,1.0,3,0,3,  ,0,0.0,0,0,0,0,0,0,0,0,0,0,0,0,0,0,0,0,0
6488,2006050183,1611.0,1609.0,48,48402,40.7316,-75.3981,0,0,0,0,0,0,4,4,2006,5,16.0,1.0,0,1.0,1,2,3,  ,0,0.0,0,0,1,0,0,0,0,0,0,0,0,0,0,0,0,0,1
6489,2006050281,1455.0,1450.0,36,36204,40.2185,-76.2553,0,0,0,0,1,0,4,4,2006,3,14.0,1.0,0,1.0,1,2,3,  ,3,3.0,1,0,1,0,0,0,0,0,0,0,0,0,0,0,0,0,0
6490,2006050514,1410.0,1410.0,33,33406,40.9451,-78.9648,0,0,0,0,0,1,4,4,2006,6,14.0,1.0,0,1.0,2,1,3,  ,3,3.0,0,0,1,0,0,0,0,0,0,0,0,0,0,0,0,0,0
6491,2006050715,2046.0,2045.0,25,25302,42.1144,-80.0669,0,0,0,0,0,0,5,5,2006,6,20.0,2.0,0,1.0,3,0,3,  ,0,0.0,0,0,0,0,0,0,0,0,0,0,0,0,0,0,0,0,0
6492,2006050727,1629.0,1627.0,15,15236,40.051,-75.4183,0,0,0,0,0,0,4,4,2006,5,16.0,1.0,0,1.0,1,3,3,  ,0,0.0,1,0,1,0,0,0,0,0,0,0,0,0,0,0,0,0,1
6493,2006050819,1500.0,1444.0,64,64217,,,0,0,0,0,0,0,8,4,2006,1,14.0,1.0,0,1.0,1,0,3,  ,0,0.0,0,0,0,0,0,0,0,0,0,0,0,0,0,0,0,0,1
6494,2006050882,1610.0,1608.0,2,2207,40.6095,-79.921,0,0,0,0,0,1,4,5,2006,7,16.0,1.0,0,1.0,3,2,3,  ,3,3.0,1,0,1,0,0,0,0,0,0,0,0,0,1,0,0,0,0
6495,2006051002,1654.0,1654.0,48,48409,,,0,0,0,0,0,1,4,5,2006,7,16.0,1.0,0,1.0,3,2,3,  ,3,3.0,0,0,1,0,0,0,0,0,0,0,0,0,0,0,0,0,0
6496,2006051076,1515.0,1514.0,46,46413,,,0,0,0,0,0,0,8,4,2006,7,15.0,1.0,0,1.0,3,2,3,  ,0,0.0,0,0,0,0,0,0,0,0,0,0,0,0,0,0,0,0,1
6497,2006051154,1630.0,1618.0,2,2416,,,0,0,0,0,0,1,4,5,2006,3,16.0,1.0,6,1.0,3,9,3,  ,5,3.0,0,0,1,0,0,1,0,0,0,0,0,0,0,0,0,0,0
6498,2006051362,1714.0,1713.0,46,46413,40.1204,-75.355,0,0,0,0,0,1,6,5,2006,7,17.0,1.0,0,1.0,3,2,3,  ,2,3.0,1,0,0,0,0,0,0,0,0,0,0,1,0,0,0,0,0
6499,2006051383,1921.0,1833.0,54,54211,,,0,0,0,0,0,0,8,4,2006,2,18.0,1.0,0,1.0,1,1,3,  ,3,3.0,1,0,0,0,0,0,0,0,0,0,0,0,0,1,0,0,0
6500,2006051457,1930.0,1909.0,50,50208,40.6185,-76.9546,0,0,0,0,1,0,4,4,2006,2,19.0,1.0,0,1.0,1,0,3,  ,0,0.0,0,0,1,0,0,0,0,0,0,0,0,0,0,0,0,0,0
6501,2006051564,1806.0,1757.0,39,39302,40.6219,-75.3917,0,0,0,0,0,0,4,5,2006,3,17.0,1.0,0,1.0,3,2,3,  ,0,0.0,0,0,1,0,0,1,0,0,0,0,0,0,0,0,0,0,0
6502,2006051565,2023.0,2021.0,48,48301,40.6321,-75.3739,0,0,0,0,0,0,4,5,2006,6,20.0,3.0,0,1.0,3,1,3,  ,0,0.0,0,0,1,0,0,0,0,0,0,0,0,0,0,0,0,0,0
6503,2006051784,1620.0,1617.0,15,15219,40.0756,-75.8402,0,0,0,0,0,0,4,4,2006,5,16.0,1.0,0,9.0,1,2,3,  ,0,0.0,1,0,1,0,0,0,0,0,0,0,0,0,0,0,0,0,0
6504,2006051859,2119.0,2059.0,6,6301,40.3295,-75.9152,0,0,0,0,0,0,5,5,2006,4,19.0,1.0,0,1.0,3,0,3,  ,0,0.0,0,0,0,0,0,0,0,0,0,0,0,0,0,0,0,0,0
6505,2006052012,1747.0,1738.0,66,66229,,,0,1,0,0,0,0,5,4,2006,3,99.0,1.0,0,1.0,1,0,3,  ,0,0.0,0,0,0,0,0,0,0,0,0,0,0,0,0,0,0,0,1
6506,2006052126,1942.0,1937.0,25,25302,42.1326,-80.0631,0,0,0,0,0,0,4,5,2006,7,19.0,1.0,0,1.0,3,1,3,  ,2,9.0,0,0,1,0,0,0,0,0,0,0,0,0,0,0,0,0,0
6507,2006052186,2104.0,2102.0,46,46416,40.249,-75.653,0,1,0,0,0,0,8,4,2006,7,21.0,3.0,0,1.0,2,0,3,  ,0,0.0,0,0,0,0,0,1,0,0,0,0,0,0,0,0,0,0,0
6508,2006052191,1654.0,1653.0,46,46416,40.2453,-75.6476,0,0,0,0,0,0,4,4,2006,6,16.0,1.0,0,1.0,2,1,3,  ,2,3.0,0,0,1,0,0,0,0,0,0,0,0,0,0,0,0,0,1
6509,2006052195,1838.0,1832.0,9,9101,40.167,-74.8456,0,0,0,0,0,0,2,5,2006,5,18.0,1.0,0,9.0,3,1,3,  ,2,3.0,0,0,0,0,0,0,0,0,0,0,0,0,0,0,0,0,0
6510,2006052293,1606.0,1606.0,48,48301,,,0,1,0,0,0,0,4,5,2006,5,16.0,1.0,0,1.0,3,3,3,  ,0,0.0,0,0,1,0,0,0,0,0,0,0,0,0,0,0,0,0,1
6511,2006052294,1136.0,1134.0,39,39302,40.6231,-75.4118,0,0,0,0,1,0,4,5,2006,6,11.0,1.0,0,1.0,3,0,3,  ,0,0.0,0,0,1,0,0,0,0,0,0,0,0,0,0,0,0,0,0
6512,2006052429,1212.0,1209.0,46,46205,,,0,0,0,0,0,0,4,4,2006,7,12.0,1.0,7,1.0,1,0,3,  ,0,0.0,0,0,1,0,0,0,0,0,0,0,0,0,0,0,0,0,0
6513,2006052722,1711.0,1710.0,2,2453,,,0,0,0,0,0,0,4,5,2006,2,17.0,1.0,0,1.0,3,1,3,  ,3,3.0,0,0,1,0,0,1,0,0,0,0,0,0,0,0,0,0,0
6514,2006052747,1238.0,1236.0,44,44201,,,0,0,0,0,1,0,3,4,2006,7,99.0,1.0,0,1.0,1,0,3,  ,0,0.0,0,0,0,0,0,0,0,0,0,0,0,0,0,0,0,0,0
6515,2006052790,1741.0,1736.0,15,15239,40.0474,-75.6806,0,0,0,0,0,0,6,5,2006,5,17.0,1.0,0,1.0,1,2,3,  ,0,0.0,0,0,0,0,0,0,0,0,0,0,0,0,0,0,0,0,1
6516,2006053213,1628.0,1622.0,39,39302,40.6578,-75.4183,0,0,0,0,0,0,4,5,2006,1,16.0,1.0,0,1.0,3,1,3,  ,2,3.0,0,0,1,0,0,0,0,0,0,0,0,0,0,0,0,0,0
6517,2006053216,1308.0,1256.0,33,33217,41.072,-79.1203,0,0,0,0,1,0,4,4,2006,6,12.0,1.0,0,1.0,1,2,3,  ,3,3.0,1,0,1,0,0,0,0,0,0,0,0,0,1,0,0,0,1
6518,2006053447,1309.0,9999.0,46,46104,40.0252,-75.2291,0,0,0,0,0,0,5,4,2006,1,13.0,1.0,3,1.0,3,0,3,  ,0,0.0,0,0,0,0,0,0,0,0,0,0,0,0,0,0,0,0,0
6519,2006053482,1726.0,1721.0,22,22102,40.2298,-76.8184,0,0,0,0,0,0,4,5,2006,4,17.0,1.0,0,1.0,3,1,3,  ,0,0.0,0,0,1,0,0,1,0,0,0,0,0,0,0,0,0,0,1
6520,2006053556,1505.0,1502.0,40,40304,41.2368,-75.9149,0,0,0,0,0,0,4,5,2006,7,15.0,1.0,0,1.0,3,2,3,  ,0,0.0,0,0,1,0,0,0,0,0,0,0,0,0,0,0,0,0,1
6521,2006053679,2140.0,2135.0,2,2301,40.4575,-80.0445,0,0,0,0,0,0,2,5,2006,2,20.0,4.0,0,1.0,3,0,3,  ,0,0.0,0,0,0,0,0,0,0,0,0,0,0,0,0,0,0,0,0
6522,2006053699,750.0,745.0,67,67301,,,0,0,0,0,0,0,4,4,2006,4,7.0,1.0,0,1.0,3,2,3,  ,3,3.0,0,0,1,0,0,0,0,0,0,0,0,0,0,0,0,0,0
6523,2006053717,1849.0,1730.0,67,67301,39.9709,-75.1222,0,0,0,0,0,0,1,4,2006,7,17.0,1.0,0,1.0,3,0,3,  ,0,0.0,0,0,0,0,0,0,0,0,0,0,0,0,0,0,0,0,0
6524,2006053727,1219.0,1219.0,36,36301,,,0,0,0,0,1,0,4,4,2006,4,12.0,1.0,0,1.0,3,0,3,  ,0,0.0,0,0,1,0,0,0,0,0,0,0,0,0,0,0,0,0,0
6525,2006053734,1552.0,1552.0,7,7301,,,0,0,0,0,0,0,4,5,2006,3,15.0,1.0,0,1.0,3,1,3,  ,0,0.0,0,0,1,0,0,0,0,0,0,0,0,0,0,0,0,0,0
6526,2006053803,1705.0,1658.0,67,67301,40.0443,-75.0541,0,0,0,0,0,0,4,4,2006,1,16.0,1.0,0,1.0,3,1,3,  ,2,3.0,0,0,1,0,0,0,0,0,0,0,0,0,0,0,0,0,0
6527,2006054036,1220.0,1220.0,67,67301,39.9945,-75.1152,0,0,0,0,0,0,8,3,2006,6,12.0,1.0,0,1.0,3,1,3,  ,3,9.0,0,0,0,0,0,0,0,0,0,0,0,0,0,0,0,0,0
6528,2006054042,851.0,844.0,67,67301,,,0,0,0,0,0,0,4,4,2006,3,8.0,1.0,0,1.0,3,2,3,  ,3,3.0,0,0,1,0,0,0,0,0,0,0,0,0,0,0,0,0,0
6529,2006054104,1202.0,1155.0,67,67301,39.9246,-75.1743,0,0,0,0,0,0,5,4,2006,3,11.0,1.0,0,1.0,3,0,3,  ,0,0.0,0,0,0,0,0,0,0,0,0,0,0,0,0,0,0,0,0
6530,2006054165,1822.0,1816.0,67,67301,39.9575,-75.2173,0,0,0,0,0,0,2,4,2006,2,18.0,1.0,0,1.0,3,1,3,  ,2,3.0,0,0,0,0,0,0,0,0,0,0,0,0,0,0,0,0,0
6531,2006054168,2030.0,2015.0,67,67301,,,0,0,0,0,0,0,2,4,2006,4,18.0,4.0,0,1.0,3,2,3,  ,0,0.0,0,0,0,0,0,0,0,0,0,0,0,0,0,0,0,0,0
6532,2006054178,2131.0,2129.0,6,6301,40.346,-75.9276,0,0,0,0,0,0,4,5,2006,7,21.0,6.0,0,9.0,3,1,7,  ,3,3.0,0,0,1,0,0,0,0,0,0,0,0,0,0,0,0,1,0
6533,2006054245,1758.0,1755.0,67,67301,,,0,0,0,0,0,0,4,3,2006,5,15.0,1.0,0,1.0,3,0,3,  ,0,0.0,0,0,1,0,0,0,0,0,0,0,0,0,0,0,0,0,0
6534,2006054317,906.0,902.0,36,36240,39.9895,-76.2314,0,0,0,0,0,0,5,5,2006,2,8.0,1.0,0,9.0,1,0,7,  ,0,0.0,0,0,0,0,0,0,0,0,0,0,0,0,0,0,0,0,0
6535,2006054337,1458.0,1458.0,10,10301,40.8556,-79.8905,0,0,0,0,1,0,4,6,2006,5,14.0,1.0,0,1.0,2,1,3,  ,2,1.0,0,0,1,0,0,0,0,0,0,0,0,0,0,0,0,0,0
6536,2006054466,1228.0,1226.0,53,53236,40.8086,-76.2338,0,1,0,1,0,0,4,6,2006,2,12.0,1.0,0,1.0,1,2,3,  ,3,3.0,0,0,1,0,1,0,0,0,0,0,0,0,0,0,0,0,0