,CRN,ARRIVAL_TM,DISPATCH_TM,COUNTY,MUNICIPALITY,DEC_LAT,DEC_LONG,BICYCLE_DEATH_COUNT,BICYCLE_SUSP_SERIOUS_INJ_COUNT,BUS_COUNT,HEAVY_TRUCK_COUNT,SMALL_TRUCK_COUNT,SUV_COUNT,COLLISION_TYPE,CRASH_MONTH,CRASH_YEAR,DAY_OF_WEEK,HOUR_OF_DAY,ILLUMINATION,LOCATION_TYPE,ROAD_CONDITION,URBAN_RURAL,INTERSECT_TYPE,WEATHER1,WEATHER2,TCD_TYPE,TCD_FUNC_CD,AGGRESSIVE_DRIVING,ALCOHOL_RELATED,ANGLE_CRASH,CELL_PHONE,COMM_VEHICLE,DISTRACTED,DRINKING_DRIVER,DRUGGED_DRIVER,FATIGUE_ASLEEP,IMPAIRED_DRIVER,NHTSA_AGG_DRIVING,RUNNING_RED_LT,RUNNING_STOP_SIGN,SPEEDING_RELATED,TAILGATING,MATURE_DRIVER,YOUNG_DRIVER
6537,2006054540,2146.0,2137.0,67,67301,39.955,-75.1841,0,0,0,0,0,0,4,4,2006,1,21.0,3.0,0,1.0,3,0,3,  ,0,0.0,0,0,1,0,0,0,0,0,0,0,0,0,0,0,0,1,0
6538,2006054541,2233.0,2224.0,67,67301,,,0,0,0,0,0,0,4,3,2006,5,99.0,6.0,0,1.0,3,1,3,  ,3,3.0,0,0,1,0,0,0,0,0,0,0,0,0,0,0,0,0,0
6539,2006054573,1320.0,1315.0,67,67301,39.9542,-75.1781,0,0,0,0,0,0,5,4,2006,3,13.0,1.0,0,1.0,3,0,3,  ,0,0.0,0,0,0,0,0,0,0,0,0,0,0,0,0,0,0,0,0
6540,2006054587,1250.0,1249.0,67,67301,,,0,0,0,0,0,0,4,3,2006,6,12.0,1.0,0,1.0,3,1,3,  ,2,3.0,0,0,1,0,0,0,0,0,0,0,0,0,0,0,0,0,0
6541,2006054594,1839.0,1832.0,10,10301,40.8604,-79.9108,0,0,0,0,0,0,2,6,2006,2,18.0,1.0,0,1.0,2,1,3,  ,2,3.0,0,0,0,0,0,0,0,0,0,0,0,0,0,0,0,0,0
6542,2006054608,139.0,137.0,67,67301,39.94,-75.1662,0,0,0,0,0,0,4,4,2006,1,1.0,3.0,0,1.0,3,1,3,  ,2,3.0,0,0,1,0,0,0,0,0,0,0,0,0,0,0,0,0,0
6543,2006054644,854.0,852.0,67,67301,,,0,0,0,0,0,0,4,4,2006,6,8.0,1.0,0,1.0,3,1,3,  ,0,0.0,0,0,1,0,0,0,0,0,0,0,0,0,0,0,0,0,0
6544,2006054645,1530.0,1522.0,67,67301,40.0608,-75.0681,0,0,0,0,0,0,4,4,2006,4,15.0,1.0,0,1.0,3,1,3,  ,2,3.0,0,0,1,0,0,0,0,0,0,0,0,0,0,0,0,1,0
6545,2006054664,746.0,745.0,67,67301,40.0192,-75.1437,0,0,0,0,0,0,4,4,2006,6,7.0,1.0,0,1.0,3,5,3,  ,2,3.0,0,0,1,0,0,0,0,0,0,0,0,0,0,0,0,0,0
6546,2006054706,1330.0,1325.0,67,67301,40.0676,-75.1747,0,0,0,0,0,1,8,4,2006,5,10.0,1.0,0,1.0,3,1,3,  ,3,3.0,0,0,0,0,0,0,0,0,0,0,0,0,0,0,0,0,0
6547,2006054708,2131.0,2130.0,67,67301,39.9684,-75.1602,0,0,0,0,0,0,4,4,2006,6,21.0,3.0,0,1.0,3,0,3,  ,0,0.0,0,0,1,0,0,0,0,0,0,0,0,0,0,0,0,0,0
6548,2006054718,1825.0,1819.0,46,46225,40.144,-75.2739,0,0,0,0,0,0,4,4,2006,4,18.0,1.0,0,1.0,3,3,3,  ,3,3.0,1,0,1,0,0,0,0,0,0,0,0,0,0,0,0,1,0
6549,2006054734,2107.0,2107.0,67,67301,39.983,-75.1014,0,0,0,0,0,0,4,3,2006,6,21.0,3.0,0,1.0,3,1,3,  ,2,3.0,0,0,1,0,0,0,0,0,0,0,0,0,0,0,0,0,0
6550,2006054995,2200.0,2159.0,67,67301,39.9926,-75.1438,0,0,0,0,0,1,2,2,2006,6,99.0,3.0,0,1.0,3,1,3,  ,3,3.0,0,0,0,0,0,0,0,0,0,0,0,0,0,0,0,0,0
6551,2006055051,1810.0,1801.0,7,7301,,,0,0,0,0,0,0,4,5,2006,2,18.0,1.0,0,1.0,3,1,3,  ,0,0.0,0,0,1,0,0,0,0,0,0,0,0,0,0,0,0,0,0
6552,2006055082,1036.0,1032.0,67,67301,,,0,0,0,0,0,0,4,4,2006,3,8.0,1.0,0,1.0,3,0,3,  ,0,0.0,0,0,1,0,0,0,0,0,0,0,0,0,0,0,0,0,0
6553,2006055146,216.0,209.0,67,67301,,,0,0,0,0,0,0,2,3,2006,6,99.0,2.0,0,1.0,3,0,3,  ,2,3.0,0,0,0,0,0,0,0,0,1,0,0,0,0,0,0,0,0
6554,2006055166,1650.0,1632.0,67,67301,39.9842,-75.099,0,0,0,0,0,0,4,4,2006,5,15.0,1.0,0,1.0,3,1,3,  ,3,3.0,1,0,1,0,0,0,0,0,0,0,0,0,1,0,0,0,0
6555,2006055167,9999.0,9999.0,67,67301,,,0,0,0,0,0,0,4,4,2006,6,19.0,1.0,0,9.0,3,1,3,  ,3,3.0,0,0,1,0,0,0,0,0,0,0,0,0,0,0,0,0,0
6556,2006055198,235.0,210.0,67,67301,,,0,0,0,0,0,0,5,4,2006,1,2.0,3.0,0,1.0,3,1,3,  ,2,9.0,0,0,0,0,0,0,0,0,0,0,0,0,0,0,0,0,0
6557,2006055342,1550.0,1545.0,67,67301,40.0205,-75.0509,0,0,0,0,0,0,5,3,2006,6,15.0,1.0,0,1.0,3,1,3,  ,3,3.0,0,0,0,0,0,0,0,0,0,0,0,0,0,0,0,0,0
6558,2006055371,1738.0,1730.0,67,67301,,,0,0,0,0,0,0,2,3,2006,2,17.0,1.0,7,1.0,3,0,3,  ,0,0.0,0,0,0,0,0,0,0,0,0,0,0,0,0,0,0,0,0
6559,2006055446,1758.0,1700.0,67,67301,,,0,0,0,0,0,0,4,4,2006,5,16.0,1.0,0,1.0,3,2,3,  ,3,3.0,0,0,1,0,0,0,0,0,0,0,0,0,0,0,0,0,0
6560,2006055455,130.0,125.0,67,67301,,,0,0,0,0,0,0,4,5,2006,3,1.0,3.0,0,1.0,3,1,3,  ,2,3.0,0,1,1,0,0,0,0,0,0,0,0,0,0,0,0,0,0
6561,2006055532,1840.0,1836.0,67,67301,40.0391,-75.1099,0,0,0,0,0,0,4,5,2006,3,18.0,1.0,0,1.0,3,0,3,  ,0,0.0,0,0,1,0,0,0,0,0,0,0,0,0,0,0,0,0,0
6562,2006055598,1750.0,1742.0,67,67301,40.0296,-75.1039,0,0,0,0,0,0,4,4,2006,1,17.0,1.0,0,1.0,3,1,3,  ,2,3.0,0,0,1,0,0,0,0,0,0,0,0,0,0,0,0,0,0
6563,2006055670,1204.0,1201.0,67,67301,39.9274,-75.145,0,0,0,0,1,0,1,2,2006,7,11.0,1.0,0,1.0,3,0,3,  ,0,0.0,1,0,0,0,0,0,0,0,0,0,0,0,0,0,0,0,0
6564,2006055706,1748.0,1746.0,67,67301,40.0204,-75.0554,0,0,0,0,0,0,4,4,2006,2,99.0,1.0,0,1.0,3,2,3,  ,0,0.0,0,0,1,0,0,0,0,0,0,0,0,0,0,0,0,0,0
6565,2006055707,2009.0,2003.0,67,67301,40.0126,-75.0915,0,0,0,0,0,0,4,4,2006,2,20.0,4.0,0,1.0,3,1,3,  ,3,9.0,1,0,1,0,0,0,0,0,0,0,0,0,0,0,0,0,0
6566,2006055808,1958.0,1955.0,67,67301,39.9925,-75.1174,0,0,0,0,0,0,2,3,2006,5,19.0,3.0,0,1.0,3,1,3,  ,0,0.0,0,0,0,0,0,0,0,0,0,0,0,0,0,0,0,0,0
6567,2006055816,1910.0,1905.0,67,67301,39.9912,-75.1115,0,0,0,0,0,0,6,4,2006,5,19.0,1.0,0,1.0,3,1,3,  ,3,9.0,0,0,0,0,0,1,0,0,0,0,0,0,0,0,0,0,0
6568,2006055820,1325.0,1324.0,67,67301,39.9741,-75.2424,0,0,0,0,0,0,4,4,2006,5,13.0,1.0,0,1.0,3,1,3,  ,0,0.0,0,0,1,0,0,0,0,0,0,0,0,0,0,0,0,0,0
6569,2006055876,2058.0,2054.0,67,67301,40.024,-75.0649,0,0,0,0,0,0,4,4,2006,2,20.0,3.0,0,1.0,3,0,3,  ,0,0.0,0,0,1,0,0,0,0,0,0,0,0,0,0,0,0,0,0
6570,2006055925,1745.0,1745.0,67,67301,40.0381,-75.1237,0,0,0,0,0,0,4,3,2006,2,17.0,1.0,0,1.0,3,0,3,  ,0,0.0,0,0,1,0,0,0,0,0,0,0,0,0,0,0,0,0,0
6571,2006055938,1530.0,1530.0,67,67301,,,0,0,0,0,0,0,2,3,2006,7,15.0,1.0,0,1.0,3,0,3,  ,0,0.0,0,0,0,0,0,0,0,0,0,0,0,0,0,0,0,0,0
6572,2006056026,1545.0,1531.0,67,67301,,,0,0,0,0,0,0,9,4,2006,5,15.0,1.0,0,1.0,3,0,3,  ,0,0.0,0,0,0,0,0,0,0,0,0,0,0,0,0,0,0,0,0
6573,2006056068,1110.0,1105.0,67,67301,,,0,0,0,0,0,0,1,3,2006,6,10.0,1.0,0,1.0,3,0,3,  ,0,0.0,0,0,0,0,0,0,0,0,0,0,0,0,0,0,0,0,0
6574,2006056114,2055.0,2048.0,67,67301,39.9631,-75.1662,0,0,0,0,0,0,5,4,2006,2,20.0,1.0,0,1.0,3,2,3,  ,0,0.0,1,0,0,0,0,0,0,0,0,0,0,0,0,0,1,0,0
6575,2006056115,825.0,819.0,67,67301,40.0172,-75.1511,0,0,0,0,0,0,4,4,2006,5,7.0,1.0,0,1.0,3,0,3,  ,2,3.0,0,0,1,0,0,0,0,0,0,0,0,0,0,0,0,0,0
6576,2006056133,25.0,24.0,67,67301,40.0307,-75.0548,0,0,0,0,0,1,8,3,2006,7,0.0,3.0,0,1.0,3,1,3,  ,2,3.0,0,0,0,0,0,0,0,0,0,0,0,0,0,0,0,0,0
6577,2006056239,910.0,858.0,67,67301,39.9551,-75.2108,0,0,0,0,0,0,4,3,2006,5,8.0,1.0,0,1.0,3,2,3,  ,3,3.0,0,0,1,0,0,0,0,0,0,0,0,0,0,0,0,0,0
6578,2006056240,831.0,824.0,67,67301,39.9545,-75.1931,0,0,0,0,0,0,4,4,2006,6,8.0,1.0,0,1.0,3,0,3,  ,2,2.0,0,0,1,0,0,0,0,0,0,0,0,0,0,0,0,0,0
6579,2006056243,1232.0,1206.0,67,67301,39.9492,-75.1508,0,0,0,0,0,0,1,3,2006,4,12.0,1.0,0,1.0,3,1,3,  ,2,3.0,0,0,0,0,0,0,0,0,0,0,0,0,0,0,0,0,0
6580,2006056313,737.0,735.0,67,67301,40.0328,-75.0621,0,0,0,0,0,0,2,5,2006,2,7.0,1.0,0,1.0,3,1,3,  ,3,3.0,0,0,0,0,0,0,0,0,0,0,0,0,0,0,0,0,0
6581,2006056323,1850.0,1842.0,67,67301,40.0143,-75.0709,0,0,0,0,1,0,4,3,2006,7,18.0,3.0,0,9.0,3,1,7,  ,2,3.0,0,0,1,0,0,0,0,0,0,0,0,0,0,0,0,0,0
6582,2006056401,1656.0,1653.0,67,67301,39.9573,-75.1523,0,1,0,0,0,0,4,3,2006,2,16.0,1.0,0,1.0,3,1,3,  ,2,3.0,1,0,1,0,0,0,0,0,0,0,0,1,0,0,0,0,0
6583,2006056469,743.0,738.0,67,67301,39.9566,-75.1655,0,0,0,0,0,0,5,3,2006,2,7.0,1.0,1,1.0,3,0,3,  ,0,0.0,1,0,0,0,0,0,0,0,0,0,0,0,0,0,0,0,0
6584,2006056538,1721.0,1720.0,10,10212,40.6983,-80.1184,0,0,0,0,0,0,4,5,2006,2,17.0,1.0,0,1.0,3,2,3,  ,3,3.0,0,0,1,0,0,0,0,0,0,0,0,0,0,0,0,0,0
6585,2006056544,805.0,800.0,23,23101,39.8614,-75.4146,0,0,0,0,0,0,4,5,2006,2,7.0,1.0,0,1.0,3,1,3,  ,3,3.0,0,0,1,0,0,0,0,0,0,0,0,0,0,0,0,0,0
6586,2006056578,1735.0,1731.0,35,35302,,,0,0,0,0,0,0,4,5,2006,1,17.0,1.0,0,1.0,3,2,3,  ,3,3.0,0,0,1,0,0,0,0,0,0,0,0,0,0,0,0,0,0
6587,2006056757,1312.0,1310.0,6,6220,40.3374,-75.882,0,0,0,0,0,1,4,6,2006,7,13.0,1.0,0,1.0,3,2,3,  ,2,3.0,0,0,1,0,0,0,0,0,0,0,0,0,0,0,0,1,0
6588,2006056900,838.0,832.0,21,21212,40.2071,-77.0302,0,0,0,0,0,0,8,6,2006,6,7.0,1.0,0,1.0,1,1,3,  ,0,0.0,1,0,0,0,0,0,0,0,0,0,0,0,0,0,0,0,0
6589,2006056954,1455.0,1449.0,36,36404,,,0,0,0,0,0,0,5,6,2006,2,14.0,1.0,0,1.0,3,2,3,  ,0,0.0,0,0,0,0,0,1,0,0,0,0,0,0,0,0,0,0,0
6590,2006056977,1709.0,1707.0,2,2419,40.4341,-79.8489,0,0,0,0,0,0,6,6,2006,5,17.0,1.0,0,9.0,3,2,7,  ,0,0.0,0,0,0,0,0,0,0,0,0,0,0,0,0,0,0,0,0
6591,2006056991,2101.0,2053.0,2,2301,,,0,0,0,0,0,1,4,5,2006,1,20.0,3.0,0,1.0,3,2,3,  ,0,0.0,0,0,1,0,0,0,0,0,0,0,0,0,0,0,0,0,0
6592,2006056995,1908.0,1907.0,53,53415,40.6903,-76.258,0,0,0,0,0,0,4,5,2006,4,19.0,1.0,6,1.0,1,8,3,  ,2,3.0,0,0,1,0,0,0,0,0,0,0,0,0,0,0,0,1,0
6593,2006057039,1704.0,1702.0,39,39402,40.6524,-75.4684,0,0,0,0,0,0,4,5,2006,4,17.0,1.0,7,1.0,3,0,3,  ,0,0.0,0,0,1,0,0,0,0,0,0,0,0,0,0,0,0,0,0
6594,2006057101,2020.0,2019.0,64,64301,,,0,0,0,0,0,0,4,5,2006,4,20.0,1.0,0,1.0,3,1,3,  ,3,9.0,0,0,1,0,0,0,0,0,0,0,0,0,0,0,0,0,0
6595,2006057326,2052.0,2046.0,34,34213,40.5372,-77.353,0,0,0,0,1,0,4,5,2006,2,20.0,2.0,0,1.0,1,0,3,  ,0,0.0,0,0,1,0,0,0,0,0,0,0,0,0,0,0,0,0,0
6596,2006057383,2048.0,2043.0,2,2301,40.4718,-79.9269,0,0,0,0,0,0,5,5,2006,1,20.0,4.0,0,1.0,3,1,3,  ,3,2.0,0,0,0,0,0,0,0,0,0,0,0,0,0,0,0,0,0
6597,2006057449,1619.0,1618.0,2,2301,,,0,0,0,0,0,0,4,5,2006,7,16.0,1.0,0,1.0,3,1,3,  ,3,3.0,0,0,1,0,0,0,0,0,0,0,0,0,0,0,0,0,0
6598,2006057696,1358.0,1319.0,8,8213,,,0,0,0,0,0,0,5,4,2006,2,13.0,1.0,0,1.0,1,0,3,  ,0,0.0,0,0,0,0,0,0,0,0,0,0,0,0,0,0,0,0,0
6599,2006057721,1525.0,1522.0,36,36407,,,0,0,0,0,0,0,4,5,2006,3,15.0,1.0,7,1.0,2,0,3,  ,0,0.0,0,0,1,0,0,0,0,0,0,0,0,0,0,0,0,0,0
6600,2006057868,1252.0,1248.0,22,22301,,,0,0,0,0,0,0,4,6,2006,2,12.0,1.0,0,1.0,3,0,3,  ,0,0.0,0,0,1,0,0,0,0,0,0,0,0,0,0,0,0,0,0
6601,2006057869,2140.0,2140.0,22,22301,40.2695,-76.8718,0,0,0,0,0,0,4,6,2006,3,21.0,3.0,0,1.0,3,1,3,  ,2,3.0,0,1,1,0,0,0,0,0,0,0,0,0,0,0,0,0,0
6602,2006057877,1815.0,1811.0,21,21402,,,0,0,0,0,0,0,4,6,2006,3,18.0,1.0,0,1.0,2,0,3,  ,0,0.0,0,1,1,0,0,0,0,0,0,0,0,0,0,0,0,0,0
6603,2006057980,2016.0,2013.0,2,2301,,,0,0,0,0,0,0,6,5,2006,4,20.0,1.0,0,1.0,3,1,3,  ,3,2.0,0,0,0,0,0,1,0,0,0,0,0,0,0,0,0,0,0
6604,2006058137,1942.0,1939.0,39,39104,40.5303,-75.5985,0,0,0,0,0,0,4,4,2006,5,19.0,1.0,0,1.0,3,0,3,  ,0,0.0,0,0,1,0,0,0,0,0,0,0,0,0,0,0,0,0,1
6605,2006058564,1334.0,1334.0,40,40304,41.2343,-75.9025,0,0,0,0,0,0,4,5,2006,1,13.0,1.0,0,1.0,3,1,3,  ,2,3.0,0,0,1,0,0,1,0,0,0,0,0,0,0,0,0,0,0
6606,2006058567,1619.0,1619.0,40,40304,,,0,0,0,0,0,0,8,5,2006,6,16.0,1.0,0,1.0,3,0,3,  ,0,0.0,0,0,0,0,0,0,0,0,0,0,0,0,0,0,0,0,1
6607,2006058647,1715.0,1656.0,64,64209,40.3009,-79.493,0,0,0,0,0,0,4,5,2006,6,16.0,1.0,0,1.0,3,0,3,  ,0,0.0,0,0,1,0,0,0,0,0,0,0,0,0,0,0,0,0,0
6608,2006058761,1833.0,1829.0,36,36238,40.1001,-76.1907,0,0,0,0,0,1,1,5,2006,4,18.0,1.0,0,1.0,3,0,3,  ,0,0.0,0,0,0,0,0,0,0,0,0,0,0,0,0,0,0,0,0
6609,2006058778,1714.0,1710.0,38,38209,40.3681,-76.4233,0,0,0,0,0,0,5,6,2006,3,17.0,1.0,0,1.0,1,0,3,  ,0,0.0,0,0,0,0,0,0,0,0,0,0,0,0,0,0,0,0,0
6610,2006058879,1705.0,1702.0,40,40304,41.2383,-75.9007,0,0,0,0,0,0,4,5,2006,7,17.0,1.0,0,1.0,3,0,3,  ,0,0.0,0,0,1,0,0,0,0,0,0,0,0,0,0,0,0,0,1
6611,2006059077,1449.0,1449.0,6,6222,,,0,0,0,0,0,0,5,6,2006,7,14.0,1.0,0,1.0,1,0,3,  ,0,0.0,0,0,0,0,0,0,0,0,0,0,0,0,0,0,0,1,0
6612,2006059085,1115.0,1115.0,2,2112,40.4886,-79.8777,0,0,0,0,0,0,4,5,2006,7,9.0,1.0,0,1.0,3,0,3,  ,9,9.0,0,0,1,0,0,0,0,0,0,0,0,0,0,0,0,0,0
6613,2006059147,1845.0,1836.0,2,2301,,,0,0,0,0,0,0,4,5,2006,4,18.0,1.0,0,1.0,3,1,3,  ,2,3.0,0,0,1,0,0,0,0,0,0,0,0,0,0,0,0,0,0
6614,2006059225,2050.0,2045.0,39,39301,,,0,0,0,0,0,0,4,5,2006,2,20.0,3.0,0,1.0,3,1,3,  ,3,3.0,0,0,1,0,0,0,0,0,0,0,0,0,0,0,0,0,0
6615,2006059241,1731.0,1728.0,39,39301,40.6034,-75.4907,0,0,0,0,0,0,4,5,2006,7,17.0,1.0,0,1.0,3,1,3,  ,0,0.0,0,0,1,0,0,0,0,0,0,0,0,0,0,0,0,0,0
6616,2006059375,648.0,645.0,36,36301,40.0325,-76.3047,0,0,0,0,0,0,4,5,2006,4,6.0,1.0,0,1.0,3,3,3,  ,0,0.0,0,0,1,0,0,0,0,0,0,0,0,0,0,0,0,0,0
6617,2006059454,1915.0,1914.0,37,37301,41.0087,-80.3362,0,0,0,0,0,1,4,6,2006,1,19.0,1.0,0,1.0,2,0,3,  ,0,0.0,0,0,1,0,0,0,0,0,0,0,0,0,0,0,0,0,1
6618,2006059477,1655.0,1651.0,41,41219,,,0,0,0,0,0,0,4,4,2006,1,16.0,1.0,0,1.0,1,0,3,  ,0,0.0,0,0,1,0,0,0,0,0,0,0,0,0,0,0,0,0,0
6619,2006059513,1530.0,1529.0,46,46401,40.1537,-75.2239,0,0,0,0,0,1,8,5,2006,2,15.0,1.0,0,1.0,3,1,3,  ,2,2.0,0,0,0,0,0,0,0,0,0,0,0,0,0,0,0,0,0
6620,2006059552,2103.0,2102.0,48,48301,40.6103,-75.3822,0,0,0,0,0,1,4,5,2006,6,21.0,3.0,0,9.0,3,2,7,  ,0,0.0,1,1,1,0,0,0,0,0,0,0,0,0,0,0,0,0,1
6621,2006059633,1628.0,1619.0,36,36406,40.1001,-76.3571,0,1,0,0,0,1,4,5,2006,7,16.0,1.0,0,1.0,3,2,3,  ,0,0.0,0,0,1,0,0,0,0,0,0,0,0,0,0,0,0,0,0
6622,2006060441,1026.0,1014.0,64,64210,40.2766,-79.3083,0,0,0,0,0,0,5,6,2006,1,8.0,1.0,0,1.0,1,0,3,  ,0,0.0,0,0,0,0,0,1,0,0,0,0,0,0,0,0,0,0,0
6623,2006060468,1203.0,1200.0,26,26301,,,0,0,0,0,0,0,4,6,2006,5,11.0,1.0,0,1.0,2,2,3,  ,3,3.0,0,0,1,0,0,0,0,0,0,0,0,0,0,0,0,0,0
6624,2006060542,755.0,748.0,22,22219,,,0,0,0,0,0,1,2,4,2006,5,7.0,1.0,0,1.0,1,0,3,  ,0,0.0,1,0,0,0,0,0,0,0,0,0,0,0,0,0,1,0,0
6625,2006060632,1909.0,1907.0,46,46101,40.1224,-75.1356,0,0,0,0,0,0,4,5,2006,3,19.0,1.0,0,1.0,3,1,3,  ,2,3.0,0,0,1,0,0,0,0,0,0,0,0,0,0,0,0,0,0
6626,2006060773,2140.0,2140.0,36,36214,40.0752,-76.4081,0,0,0,0,0,0,4,5,2006,5,17.0,1.0,0,1.0,3,2,3,  ,0,0.0,1,0,1,0,0,0,0,0,0,0,0,0,0,0,0,0,0
6627,2006061124,1533.0,1518.0,5,5401,,,0,0,0,0,0,0,4,5,2006,3,15.0,1.0,7,1.0,1,0,3,  ,0,0.0,0,0,1,0,0,0,0,0,0,0,0,0,0,0,0,0,1
6628,2006061154,1821.0,1756.0,38,38205,40.3889,-76.3304,0,0,0,0,0,0,1,4,2006,5,17.0,1.0,0,1.0,1,2,3,  ,3,3.0,0,0,0,0,0,0,0,0,0,0,0,0,0,0,0,0,0
6629,2006061229,921.0,919.0,39,39301,,,0,0,0,1,0,0,5,5,2006,3,9.0,1.0,0,1.0,3,5,3,  ,0,0.0,0,0,0,0,0,0,0,0,0,0,0,0,0,0,0,0,0
6630,2006061278,1910.0,1910.0,51,51402,41.3262,-74.8071,0,0,0,0,0,0,4,6,2006,5,19.0,1.0,0,1.0,1,1,3,  ,3,3.0,0,0,1,0,0,0,0,0,0,0,0,0,0,0,0,0,0
6631,2006061479,1740.0,1735.0,21,21404,40.2127,-77.0015,0,0,0,0,0,0,5,6,2006,6,17.0,1.0,0,1.0,3,2,3,  ,0,0.0,0,0,0,0,0,0,0,0,0,0,0,0,0,0,0,1,0
6632,2006061814,1830.0,1825.0,10,10212,40.6782,-80.0996,0,0,0,0,0,0,1,6,2006,2,18.0,1.0,2,1.0,3,3,3,  ,2,3.0,0,0,0,0,0,0,0,0,0,0,0,0,0,0,0,0,0
6633,2006061834,1642.0,1636.0,51,51211,41.3402,-74.7682,0,1,0,0,0,0,4,6,2006,4,16.0,1.0,0,1.0,1,2,3,  ,0,0.0,1,0,1,0,0,0,0,0,0,0,0,0,0,1,0,0,1
6634,2006061863,1651.0,1649.0,39,39405,40.5219,-75.5081,0,0,0,0,1,0,4,6,2006,4,16.0,1.0,0,1.0,3,2,3,  ,0,0.0,0,0,1,0,0,0,0,0,0,0,0,0,0,0,0,0,0
6635,2006061990,1655.0,1653.0,46,46104,40.0148,-75.3048,0,0,0,0,0,0,5,4,2006,7,16.0,1.0,0,1.0,3,0,3,  ,0,0.0,1,0,0,0,0,0,0,0,0,0,0,0,0,0,0,0,0
6636,2006061992,1555.0,9999.0,46,46104,40.0047,-75.2423,0,0,0,0,0,0,4,5,2006,3,15.0,1.0,0,1.0,3,2,3,  ,3,3.0,0,0,1,0,0,0,0,0,0,0,0,0,0,0,0,0,0
6637,2006062013,1615.0,1611.0,38,38208,,,0,0,0,0,0,0,1,6,2006,6,16.0,1.0,0,1.0,1,0,3,  ,2,3.0,0,0,0,0,0,1,0,0,0,0,0,0,0,0,0,0,1
6638,2006062044,1724.0,1717.0,2,2301,40.418,-80.0052,0,0,0,0,0,1,4,6,2006,5,17.0,1.0,0,1.0,3,2,3,  ,0,0.0,0,0,1,0,0,0,0,0,0,0,0,0,0,0,0,0,0
6639,2006062052,2040.0,2038.0,2,2301,,,0,1,0,0,0,0,4,5,2006,3,20.0,1.0,0,1.0,3,1,3,  ,0,0.0,0,0,1,0,0,0,0,0,0,0,0,0,0,0,0,0,0
6640,2006062113,1555.0,1550.0,67,67301,,,0,0,0,0,0,0,4,5,2006,4,15.0,1.0,0,1.0,3,2,3,  ,3,9.0,0,0,1,0,0,0,0,0,0,0,0,0,0,0,0,0,0
6641,2006062135,2026.0,2024.0,23,23111,39.9563,-75.2717,0,1,0,0,0,0,4,5,2006,2,20.0,3.0,0,1.0,3,2,3,  ,2,3.0,0,0,1,0,0,0,0,0,0,0,0,0,0,0,0,0,0
6642,2006062166,2335.0,2145.0,7,7301,,,0,0,0,0,0,0,5,5,2006,1,21.0,4.0,0,1.0,3,0,3,  ,0,0.0,0,0,0,0,0,0,0,0,0,0,0,0,0,0,0,0,0
6643,2006062189,1543.0,1538.0,25,25213,42.1034,-80.1555,0,0,0,0,0,0,4,5,2006,1,15.0,1.0,0,1.0,3,0,3,  ,0,0.0,1,0,1,0,0,0,0,0,0,0,0,0,0,0,0,0,0
6644,2006062197,1830.0,1824.0,67,67301,,,0,0,0,0,0,0,5,5,2006,6,17.0,1.0,0,1.0,3,0,3,  ,0,0.0,0,0,0,0,0,0,0,0,0,0,0,0,0,0,0,0,0
6645,2006062201,1412.0,1407.0,67,67301,,,0,0,0,0,0,0,4,5,2006,1,14.0,1.0,0,1.0,3,1,3,  ,0,0.0,0,0,1,0,0,0,0,0,0,0,0,0,0,0,0,0,1
6646,2006062230,9999.0,9999.0,67,67301,40.0042,-75.1729,0,0,0,0,0,0,8,5,2006,1,99.0,1.0,0,1.0,3,1,3,  ,0,0.0,0,0,0,0,0,0,0,0,0,0,0,0,0,0,0,0,0
6647,2006062333,1717.0,1712.0,6,6236,40.331,-76.1104,0,1,0,0,0,0,4,6,2006,3,17.0,1.0,0,1.0,1,0,3,  ,0,0.0,0,0,1,0,0,0,0,0,0,0,0,0,0,0,0,0,0
6648,2006062401,2040.0,2035.0,67,67301,40.0798,-74.9883,0,0,0,0,0,0,2,5,2006,6,20.0,3.0,0,1.0,3,0,3,  ,0,0.0,0,0,0,0,0,0,0,0,0,0,0,0,0,0,0,0,0
6649,2006062432,1608.0,1606.0,67,67301,39.9735,-75.2322,0,0,0,0,0,0,4,5,2006,5,99.0,1.0,0,1.0,3,0,3,  ,0,0.0,0,0,1,0,0,0,0,0,0,0,0,0,0,0,0,0,0
6650,2006062464,2001.0,1955.0,67,67301,,,0,0,0,0,0,0,8,5,2006,2,99.0,4.0,0,1.0,3,0,3,  ,0,0.0,0,0,0,0,0,0,0,0,0,0,0,0,0,0,0,0,0
6651,2006062483,9999.0,1700.0,67,67301,40.044,-75.0316,0,0,0,0,0,0,8,5,2006,7,16.0,1.0,0,1.0,3,10,3,  ,0,0.0,0,0,0,0,0,1,0,0,0,0,0,0,0,0,0,0,0
6652,2006062514,1853.0,1850.0,67,67301,39.9527,-75.1787,0,0,0,0,0,0,4,5,2006,6,18.0,1.0,0,1.0,3,0,3,  ,0,0.0,1,0,1,0,0,0,0,0,0,0,0,0,0,0,0,0,0
6653,2006062541,2204.0,2203.0,66,66301,39.9645,-76.7265,0,0,0,0,0,0,4,5,2006,4,22.0,3.0,0,1.0,3,1,3,  ,2,3.0,0,0,1,0,0,0,0,0,0,0,0,0,0,0,0,0,0
6654,2006062595,1320.0,1309.0,2,2301,40.458,-79.904,0,0,0,0,0,0,5,6,2006,2,13.0,1.0,0,1.0,3,3,3,  ,0,0.0,0,0,0,0,0,0,0,0,0,0,0,0,0,0,0,0,0
6655,2006062607,1808.0,1806.0,46,46416,40.2433,-75.6186,0,0,0,0,0,1,4,5,2006,6,18.0,1.0,0,9.0,2,0,3,  ,0,0.0,0,0,1,0,0,0,0,0,0,0,0,0,0,0,0,0,0