,CRN,ARRIVAL_TM,DISPATCH_TM,COUNTY,MUNICIPALITY,DEC_LAT,DEC_LONG,BICYCLE_DEATH_COUNT,BICYCLE_SUSP_SERIOUS_INJ_COUNT,BUS_COUNT,HEAVY_TRUCK_COUNT,SMALL_TRUCK_COUNT,SUV_COUNT,COLLISION_TYPE,CRASH_MONTH,CRASH_YEAR,DAY_OF_WEEK,HOUR_OF_DAY,ILLUMINATION,LOCATION_TYPE,ROAD_CONDITION,URBAN_RURAL,INTERSECT_TYPE,WEATHER1,WEATHER2,TCD_TYPE,TCD_FUNC_CD,AGGRESSIVE_DRIVING,ALCOHOL_RELATED,ANGLE_CRASH,CELL_PHONE,COMM_VEHICLE,DISTRACTED,DRINKING_DRIVER,DRUGGED_DRIVER,FATIGUE_ASLEEP,IMPAIRED_DRIVER,NHTSA_AGG_DRIVING,RUNNING_RED_LT,RUNNING_STOP_SIGN,SPEEDING_RELATED,TAILGATING,MATURE_DRIVER,YOUNG_DRIVER
6656,2006062716,954.0,948.0,67,67301,39.9455,-75.165,0,0,0,0,0,1,5,5,2006,2,9.0,1.0,0,1.0,3,0,3,  ,0,0.0,0,0,0,0,0,0,0,0,0,0,0,0,0,0,0,1,0
6657,2006062723,1537.0,1532.0,67,67301,,,0,0,0,0,0,0,4,5,2006,6,15.0,1.0,0,1.0,3,1,3,  ,2,9.0,0,0,1,0,0,1,0,0,0,0,0,0,0,0,0,0,0
6658,2006062786,1220.0,1218.0,41,41301,41.2393,-77.0341,0,0,0,0,0,0,4,6,2006,4,12.0,1.0,0,1.0,3,2,3,  ,3,3.0,0,0,1,0,0,0,0,0,0,0,0,0,0,0,0,0,0
6659,2006062802,2030.0,2024.0,37,37205,41.0432,-80.3194,0,0,0,0,0,0,8,6,2006,1,15.0,1.0,0,1.0,1,0,3,  ,0,0.0,1,0,0,0,0,0,0,0,0,0,0,0,0,0,1,0,0
6660,2006062929,1545.0,1541.0,62,62207,40.2143,-80.2422,0,0,0,0,0,0,1,5,2006,6,15.0,1.0,0,1.0,1,0,3,  ,0,0.0,0,0,0,0,0,0,0,0,0,0,0,0,0,0,0,0,0
6661,2006063233,2112.0,2100.0,67,67301,39.9758,-75.1584,0,0,0,0,0,0,4,5,2006,3,17.0,1.0,0,1.0,3,1,3,  ,2,9.0,0,0,1,0,0,0,0,0,0,0,0,0,0,0,0,0,0
6662,2006063459,2325.0,2323.0,25,25302,,,0,0,0,0,0,0,4,6,2006,4,99.0,3.0,0,1.0,3,1,3,  ,3,3.0,0,0,1,0,0,0,0,0,0,0,0,0,0,0,0,0,0
6663,2006063554,1935.0,1928.0,7,7301,40.5209,-78.3779,0,0,0,0,0,0,4,6,2006,4,19.0,1.0,0,1.0,3,1,3,  ,0,0.0,0,0,1,0,0,0,0,0,0,0,0,0,0,0,0,0,1
6664,2006063595,1830.0,1808.0,61,61213,41.6799,-79.4106,0,1,0,0,0,1,4,5,2006,2,18.0,1.0,0,1.0,1,0,3,  ,0,0.0,0,0,1,0,0,0,0,0,0,0,0,0,0,0,0,0,0
6665,2006063914,1949.0,1924.0,55,55403,,,0,0,0,0,0,0,4,5,2006,7,19.0,1.0,0,1.0,1,1,3,  ,3,3.0,0,0,1,0,0,0,0,0,0,0,0,0,0,0,0,0,0
6666,2006063979,1555.0,1547.0,46,46423,40.1946,-75.4661,0,0,0,0,0,0,4,5,2006,7,15.0,1.0,0,1.0,3,1,3,  ,0,0.0,1,0,1,0,0,0,0,0,0,0,0,0,0,0,0,0,0
6667,2006064025,1605.0,1600.0,46,46204,,,0,0,0,0,0,0,4,5,2006,4,16.0,1.0,0,1.0,3,2,3,  ,3,3.0,0,0,1,0,0,0,0,0,0,0,0,0,0,0,0,0,0
6668,2006064037,1902.0,1857.0,46,46225,40.1581,-75.2292,0,0,0,0,1,0,4,5,2006,3,18.0,1.0,0,1.0,3,2,3,  ,3,3.0,0,0,1,0,0,1,0,0,0,0,0,0,0,0,0,0,0
6669,2006064061,748.0,748.0,46,46207,40.1643,-75.2326,0,0,0,0,0,0,1,6,2006,2,8.0,1.0,0,1.0,3,2,3,  ,3,3.0,0,0,0,0,0,0,0,0,0,0,0,0,0,0,0,0,0
6670,2006064133,1523.0,1514.0,66,66227,39.9644,-76.6652,0,0,0,0,0,0,4,5,2006,6,15.0,1.0,0,1.0,3,1,3,  ,3,3.0,0,0,1,0,0,0,0,0,0,0,0,0,0,0,0,0,0
6671,2006064852,1921.0,1913.0,46,46104,40.0224,-75.3255,0,0,0,0,0,0,4,6,2006,5,19.0,1.0,0,1.0,3,5,3,  ,2,3.0,0,0,1,0,0,0,0,0,0,0,0,0,0,0,0,0,1
6672,2006064930,1726.0,1721.0,25,25416,42.1398,-80.0162,0,1,0,0,0,0,4,5,2006,4,17.0,1.0,0,1.0,3,0,3,  ,0,0.0,0,0,1,0,0,0,0,0,0,0,0,0,0,0,0,0,0
6673,2006065003,50.0,42.0,67,67301,39.9588,-75.2063,0,0,0,0,0,1,4,5,2006,7,0.0,3.0,0,1.0,3,1,3,  ,2,3.0,0,0,1,0,0,0,0,0,0,0,0,0,0,0,0,1,0
6674,2006065019,1905.0,1852.0,67,67301,,,0,0,0,0,0,0,5,5,2006,5,17.0,1.0,0,1.0,3,2,3,  ,3,3.0,0,0,0,0,0,0,0,0,0,0,0,0,0,0,0,0,0
6675,2006065057,1612.0,1611.0,36,36408,40.1763,-76.1859,0,0,0,0,0,0,0,6,2006,5,16.0,1.0,0,1.0,2,1,3,  ,3,3.0,0,1,0,0,0,0,1,0,0,1,0,0,0,0,0,0,1
6676,2006065064,1855.0,1850.0,67,67301,39.998,-75.1212,0,0,0,0,0,0,4,5,2006,3,18.0,1.0,0,1.0,3,2,3,  ,9,9.0,0,0,1,0,0,0,0,0,0,0,0,0,0,0,0,0,1
6677,2006065238,2241.0,1400.0,9,9213,,,0,0,0,0,1,0,4,6,2006,2,22.0,3.0,0,1.0,3,0,3,  ,0,0.0,0,0,1,0,0,0,0,0,0,0,0,0,0,0,0,1,0
6678,2006065346,945.0,941.0,22,22412,40.2736,-76.8467,0,0,0,0,0,0,4,6,2006,4,9.0,1.0,0,1.0,3,1,99,  ,3,3.0,0,0,1,0,0,0,0,0,0,0,0,0,0,0,0,0,0
6679,2006065386,1205.0,1202.0,67,67301,40.1026,-75.0289,0,0,0,0,0,1,6,5,2006,6,11.0,1.0,0,9.0,3,1,7,  ,2,3.0,0,0,0,0,0,0,0,0,0,0,0,0,0,0,0,0,0
6680,2006065413,2059.0,2056.0,67,67301,39.9609,-75.2117,0,0,0,0,0,0,8,5,2006,7,20.0,3.0,0,1.0,3,0,3,  ,0,0.0,0,0,0,0,0,0,0,0,0,0,0,0,0,0,0,0,0
6681,2006065414,2040.0,2040.0,67,67301,,,0,0,0,0,0,0,2,5,2006,6,20.0,3.0,0,1.0,3,1,3,  ,3,3.0,0,0,0,0,0,0,0,0,0,0,0,0,0,0,0,0,1
6682,2006065421,1920.0,1919.0,67,67301,,,0,0,0,0,0,0,4,6,2006,5,99.0,1.0,0,1.0,3,0,3,  ,0,0.0,0,0,1,0,0,0,0,0,0,0,0,0,0,0,0,0,0
6683,2006065423,1340.0,1340.0,67,67301,40.0579,-75.0541,0,0,0,0,0,0,4,5,2006,3,13.0,1.0,0,1.0,3,1,3,  ,3,3.0,0,0,1,0,0,0,0,0,0,0,0,0,0,0,0,0,0
6684,2006065436,1330.0,1325.0,67,67301,,,0,0,0,0,1,0,4,5,2006,6,13.0,1.0,7,1.0,3,0,3,  ,0,0.0,0,0,1,0,0,0,0,0,0,0,0,0,0,0,0,0,0
6685,2006065462,48.0,46.0,67,67301,40.0591,-75.1721,0,0,0,0,0,0,8,5,2006,7,20.0,4.0,0,1.0,3,1,3,  ,3,3.0,0,0,0,0,0,0,0,0,0,0,0,0,0,0,0,0,0
6686,2006065484,1408.0,1408.0,2,2304,40.3474,-79.8487,0,0,0,0,0,0,4,6,2006,3,14.0,1.0,0,1.0,3,1,3,  ,0,0.0,0,0,1,0,0,0,0,0,0,0,0,0,0,0,0,0,0
6687,2006065487,1840.0,1838.0,46,46108,40.089,-75.2168,0,0,0,0,0,1,5,6,2006,3,18.0,1.0,0,1.0,3,2,3,  ,0,0.0,0,0,0,0,0,0,0,0,0,0,0,0,0,0,0,0,0
6688,2006065509,1005.0,1000.0,67,67301,40.1244,-75.015,0,0,0,0,0,0,4,5,2006,6,9.0,1.0,0,1.0,3,2,3,  ,3,3.0,0,0,1,0,0,0,0,0,0,0,0,0,0,0,0,0,0
6689,2006065521,725.0,720.0,67,67301,39.9256,-75.1693,0,0,0,0,0,0,5,6,2006,6,7.0,1.0,0,1.0,3,3,3,  ,2,3.0,0,0,0,0,0,0,0,0,0,0,0,0,0,0,0,0,0
6690,2006065515,1915.0,1913.0,67,67301,40.0722,-75.161,0,0,0,0,0,0,4,5,2006,3,16.0,1.0,0,1.0,3,2,3,  ,3,9.0,0,0,1,0,0,0,0,0,0,0,0,0,0,0,0,0,0
6691,2006065523,1130.0,1127.0,67,67301,39.9677,-75.2097,0,0,0,0,0,0,1,5,2006,5,11.0,1.0,0,9.0,3,2,7,  ,0,0.0,0,0,0,0,0,0,0,0,0,0,0,0,0,0,0,0,0
6692,2006065524,1600.0,1557.0,67,67301,39.9666,-75.2209,0,0,0,0,0,0,2,5,2006,6,99.0,1.0,0,1.0,3,0,3,  ,0,0.0,0,0,0,0,0,0,0,0,0,0,0,0,0,0,0,0,0
6693,2006065532,1303.0,1300.0,67,67301,39.9618,-75.1582,0,0,0,0,0,0,4,5,2006,4,12.0,1.0,0,1.0,3,0,3,  ,1,3.0,0,0,1,0,0,0,0,0,0,0,0,0,0,0,0,0,0
6694,2006065576,1740.0,1732.0,67,67301,39.9994,-75.2089,0,0,0,0,0,1,5,5,2006,4,17.0,1.0,7,1.0,3,0,3,  ,2,3.0,0,0,0,0,0,0,0,0,0,0,0,0,0,0,0,0,0
6695,2006065598,1906.0,1903.0,67,67301,40.0484,-75.1048,0,0,0,0,0,0,4,5,2006,2,19.0,1.0,0,1.0,3,0,3,  ,0,0.0,0,0,1,0,0,0,0,0,0,0,0,0,0,0,0,0,0
6696,2006065618,2115.0,2105.0,67,67301,39.9231,-75.2291,0,0,0,0,0,1,4,5,2006,5,21.0,3.0,0,1.0,3,1,3,  ,2,3.0,0,0,1,0,0,0,0,0,0,0,0,0,0,0,0,0,0
6697,2006065639,2025.0,2023.0,61,61301,,,0,0,0,0,0,0,4,5,2006,1,21.0,1.0,0,1.0,2,2,3,  ,0,0.0,1,0,1,0,0,0,0,0,0,0,0,0,0,1,0,0,0
6698,2006065647,1245.0,1243.0,67,67301,,,0,0,0,0,0,0,4,5,2006,7,12.0,1.0,0,1.0,3,1,3,  ,2,3.0,0,0,1,0,0,0,0,0,0,0,0,0,0,0,0,0,0
6699,2006065670,2009.0,2007.0,39,39301,40.6107,-75.482,0,0,0,0,0,0,4,6,2006,1,20.0,1.0,0,9.0,3,1,3,  ,0,0.0,0,0,1,0,0,0,0,0,0,0,0,0,0,0,0,0,0
6700,2006065676,1427.0,1425.0,39,39301,40.6127,-75.4483,0,0,0,0,0,0,4,6,2006,1,14.0,1.0,0,1.0,3,2,3,  ,0,0.0,0,0,1,0,0,0,0,0,0,0,0,0,0,0,0,1,0
6701,2006065689,816.0,812.0,39,39301,,,0,0,0,0,0,0,4,6,2006,5,8.0,1.0,0,1.0,3,0,3,  ,0,0.0,0,0,1,0,0,0,0,0,0,0,0,0,0,0,0,0,0
6702,2006065743,1025.0,1022.0,67,67301,39.9554,-75.2,0,0,0,0,0,0,1,5,2006,4,10.0,1.0,0,1.0,3,1,3,  ,2,3.0,1,0,0,0,0,0,0,0,0,0,0,0,0,0,1,0,0
6703,2006065819,1950.0,1947.0,67,67301,39.9227,-75.1582,0,0,0,0,0,0,3,5,2006,7,18.0,4.0,0,9.0,3,0,7,  ,2,9.0,0,0,0,0,0,0,0,0,0,0,0,0,0,0,0,0,0
6704,2006065881,2123.0,2116.0,66,66220,40.1277,-76.7753,0,0,0,0,0,1,8,6,2006,6,21.0,2.0,0,1.0,1,2,3,  ,3,3.0,0,0,0,0,0,0,0,0,0,0,0,0,0,0,0,0,0
6705,2006065909,2101.0,2056.0,38,38301,40.3435,-76.3958,0,0,0,0,1,0,4,6,2006,5,20.0,3.0,0,1.0,2,1,3,  ,2,3.0,0,0,1,0,0,0,0,0,0,0,0,0,0,0,0,0,0
6706,2006065994,1901.0,1815.0,67,67301,39.9979,-75.1043,0,0,0,0,0,0,4,5,2006,4,18.0,1.0,0,1.0,3,0,3,  ,0,0.0,0,0,1,0,0,0,0,0,0,0,0,0,0,0,0,1,0
6707,2006065995,2035.0,2028.0,67,67301,39.9969,-75.1469,0,0,0,0,0,0,4,5,2006,1,99.0,3.0,0,1.0,3,2,3,  ,3,3.0,0,0,1,0,0,0,0,0,0,0,0,0,0,0,0,0,0
6708,2006066012,2345.0,2340.0,67,67301,40.0175,-75.0855,0,0,0,0,0,0,4,6,2006,6,23.0,3.0,0,9.0,3,1,7,  ,3,9.0,0,0,1,0,0,0,0,0,0,0,0,0,0,0,0,1,0
6709,2006066183,1850.0,1845.0,67,67301,40.1123,-75.0254,0,0,0,0,0,0,4,5,2006,4,18.0,1.0,0,1.0,3,2,3,  ,0,0.0,0,0,1,0,0,0,0,0,0,0,0,0,0,0,0,0,0
6710,2006066189,1917.0,1916.0,67,67301,39.9566,-75.198,0,0,0,0,0,1,2,5,2006,2,19.0,1.0,0,9.0,3,1,7,  ,2,3.0,0,0,0,0,0,0,0,0,0,0,0,0,0,0,0,0,0
6711,2006066211,1408.0,1403.0,39,39301,40.6111,-75.4624,0,0,0,0,0,0,1,5,2006,4,13.0,1.0,0,1.0,3,1,3,  ,2,3.0,1,0,0,0,0,0,0,0,0,0,0,0,0,1,0,0,0
6712,2006066212,2009.0,2008.0,39,39301,,,0,0,0,0,0,0,4,6,2006,5,20.0,1.0,0,1.0,3,1,3,  ,2,3.0,1,0,1,0,0,1,0,0,0,0,0,0,0,0,0,0,0
6713,2006066224,828.0,804.0,46,46101,40.1123,-75.1505,0,0,0,0,0,1,4,6,2006,5,8.0,1.0,0,1.0,3,1,3,  ,3,3.0,1,0,1,0,0,0,0,0,0,0,1,0,0,0,0,0,0
6714,2006066247,2143.0,2140.0,2,2301,,,0,0,0,0,0,1,6,6,2006,1,21.0,3.0,7,1.0,3,0,3,  ,0,0.0,0,0,0,0,0,0,0,0,0,0,0,0,0,0,0,0,0
6715,2006066249,1411.0,410.0,2,2301,40.4566,-80.0168,0,0,0,0,0,0,4,6,2006,2,14.0,1.0,0,1.0,3,1,3,  ,2,3.0,0,0,1,0,0,0,0,0,0,0,0,0,0,0,0,0,0
6716,2006066269,1748.0,1744.0,15,15220,39.8593,-75.6457,0,0,0,0,1,0,4,5,2006,4,17.0,1.0,0,1.0,1,1,3,  ,3,3.0,1,0,1,0,0,0,0,0,0,0,0,0,0,0,0,0,0
6717,2006066370,1652.0,1649.0,25,25213,42.0859,-80.0709,0,0,0,0,0,1,4,6,2006,3,16.0,1.0,0,1.0,3,2,3,  ,3,3.0,0,0,1,0,0,0,0,0,0,0,0,0,0,0,0,0,1
6718,2006066396,1912.0,1902.0,39,39302,,,0,0,0,0,0,0,5,6,2006,2,18.0,1.0,0,1.0,3,0,3,  ,0,0.0,0,0,0,0,0,0,0,0,0,0,0,0,0,0,0,0,0
6719,2006066688,1214.0,1010.0,66,66301,39.9665,-76.7298,0,0,0,0,1,0,4,6,2006,4,12.0,1.0,0,1.0,3,1,3,  ,2,9.0,0,0,1,0,0,0,0,0,0,0,0,0,0,0,0,1,0
6720,2006066689,1628.0,1625.0,66,66301,39.9697,-76.7459,0,0,0,0,0,0,1,6,2006,3,16.0,1.0,0,1.0,3,0,3,  ,0,0.0,0,0,0,0,0,0,0,0,0,0,0,0,0,0,0,0,0
6721,2006066695,1658.0,1655.0,66,66301,39.9524,-76.7248,0,0,0,0,0,0,4,6,2006,3,16.0,1.0,0,1.0,3,1,3,  ,3,9.0,0,0,1,0,0,0,0,0,0,0,0,0,0,0,0,0,0
6722,2006066731,805.0,758.0,2,2301,40.4724,-79.9591,0,0,0,0,0,0,4,6,2006,3,7.0,1.0,0,1.0,3,1,3,  ,0,0.0,1,0,1,0,0,0,0,0,0,0,0,0,0,0,0,0,0
6723,2006066741,712.0,709.0,46,46416,40.2587,-75.6417,0,0,0,0,0,0,4,5,2006,4,7.0,1.0,0,1.0,2,1,3,  ,3,3.0,0,0,1,0,0,0,0,0,0,0,0,0,0,0,0,0,0
6724,2006066742,2043.0,2043.0,46,46416,40.2476,-75.6454,0,0,0,0,0,0,4,6,2006,6,20.0,3.0,0,9.0,2,1,7,  ,0,0.0,0,0,1,0,0,0,0,0,0,0,0,0,0,0,0,0,0
6725,2006066790,1758.0,1752.0,36,36301,40.0437,-76.3126,0,0,0,0,0,0,4,5,2006,5,17.0,1.0,0,1.0,3,1,3,  ,3,3.0,0,0,1,0,0,0,0,0,0,0,0,0,0,0,0,0,0
6726,2006066793,50.0,43.0,36,36301,40.0534,-76.2874,0,0,0,0,0,0,1,5,2006,4,0.0,3.0,0,1.0,3,1,3,  ,3,3.0,0,0,0,0,0,0,0,0,0,0,0,0,0,0,0,0,0
6727,2006066859,1306.0,1257.0,23,23202,39.872,-75.5903,0,0,0,0,0,0,4,5,2006,5,12.0,1.0,0,1.0,1,0,3,  ,0,0.0,0,0,1,0,0,0,0,0,0,0,0,0,0,0,0,0,0
6728,2006067049,1802.0,1756.0,25,25213,42.0983,-80.1677,0,0,0,0,1,0,4,6,2006,4,17.0,1.0,0,1.0,3,2,3,  ,3,3.0,1,0,1,0,0,0,0,0,0,0,0,0,0,0,0,0,0
6729,2006067247,1557.0,1554.0,46,46209,40.2718,-75.3962,1,0,0,0,0,0,4,6,2006,6,15.0,1.0,0,1.0,1,0,3,  ,0,0.0,1,0,1,0,0,0,0,0,0,0,0,0,0,1,0,0,0
6730,2006067276,1947.0,1945.0,48,48418,,,0,0,0,0,0,0,4,6,2006,6,19.0,1.0,0,9.0,3,2,7,  ,3,3.0,0,0,1,0,0,0,0,0,0,0,0,0,0,0,0,0,0
6731,2006067286,1930.0,1922.0,2,2212,40.6243,-80.1407,0,0,0,0,1,0,5,6,2006,6,19.0,1.0,0,1.0,3,0,3,  ,0,0.0,1,0,0,0,0,0,0,0,0,0,0,0,0,0,0,0,0
6732,2006067672,1910.0,1908.0,46,46412,40.0069,-75.2606,0,0,0,0,0,0,4,4,2006,7,19.0,3.0,0,1.0,3,1,3,  ,3,3.0,0,0,1,0,0,1,0,0,0,0,0,0,0,0,0,0,0
6733,2006067722,2107.0,2102.0,36,36301,40.0387,-76.2927,0,0,0,0,0,0,1,6,2006,7,21.0,3.0,0,1.0,3,0,3,  ,0,0.0,0,0,0,0,0,0,0,0,0,0,0,0,0,0,0,0,1
6734,2006067830,2011.0,1856.0,36,36230,40.1768,-76.3917,0,0,0,0,0,0,4,5,2006,4,18.0,1.0,0,1.0,1,3,3,  ,3,3.0,1,0,1,0,0,0,0,0,0,0,0,0,0,0,0,0,0
6735,2006067876,2044.0,2043.0,6,6301,40.3261,-75.9252,0,0,0,0,0,0,4,6,2006,3,20.0,3.0,0,1.0,3,1,3,  ,0,0.0,0,0,1,0,0,0,0,0,0,0,0,0,0,0,0,0,0
6736,2006067887,2033.0,2031.0,6,6301,40.3444,-75.9179,0,0,0,0,0,1,8,6,2006,7,20.0,4.0,0,1.0,3,1,3,  ,3,2.0,0,1,0,0,0,0,0,0,0,0,0,0,0,0,0,0,0
6737,2006067890,1508.0,1510.0,67,67301,,,0,0,0,0,0,0,5,5,2006,3,15.0,1.0,0,1.0,3,1,3,  ,3,3.0,0,0,0,0,0,0,0,0,0,0,0,0,0,0,0,0,0
6738,2006067994,1729.0,1727.0,46,46413,40.1135,-75.3322,0,0,0,0,0,0,4,6,2006,7,17.0,1.0,0,1.0,3,1,3,  ,3,2.0,0,0,1,0,0,0,0,0,0,0,0,0,0,0,0,0,0
6739,2006068130,1845.0,1840.0,21,21102,40.2028,-76.9266,0,0,0,0,0,0,2,7,2006,3,18.0,1.0,0,1.0,3,2,3,  ,0,0.0,0,1,0,0,0,0,1,0,0,1,0,0,0,0,0,0,0
6740,2006068247,1751.0,1746.0,2,2219,40.2857,-80.0109,0,0,0,0,0,0,2,6,2006,7,17.0,1.0,0,1.0,3,10,3,  ,0,0.0,0,0,0,0,0,0,0,0,0,0,0,0,0,0,0,0,0
6741,2006068353,1942.0,1936.0,9,9227,40.2255,-75.1325,0,0,0,0,0,0,4,7,2006,1,9.0,1.0,0,1.0,3,1,3,  ,2,3.0,0,0,1,0,0,1,0,0,0,0,0,0,0,0,0,0,0
6742,2006068431,1750.0,1747.0,48,48211,40.7635,-75.4191,0,1,0,0,0,1,4,6,2006,4,17.0,1.0,0,1.0,1,2,3,  ,3,3.0,0,0,1,0,0,0,0,0,0,0,0,0,0,0,0,0,0
6743,2006068550,1251.0,1238.0,15,15220,,,0,0,0,0,0,0,4,5,2006,7,12.0,1.0,0,1.0,1,0,3,  ,0,0.0,0,0,1,0,0,0,0,0,0,0,0,0,0,0,0,0,0
6744,2006068623,1535.0,1530.0,35,35302,,,0,0,0,0,0,0,4,6,2006,6,15.0,1.0,0,1.0,3,0,3,  ,0,0.0,0,0,1,0,0,0,0,0,0,0,0,0,0,0,0,1,0
6745,2006068625,2003.0,1958.0,35,35302,41.3883,-75.6773,0,0,0,0,0,0,4,6,2006,5,19.0,1.0,0,9.0,3,1,3,  ,2,2.0,0,0,1,0,0,0,0,0,1,0,0,0,0,0,0,0,0
6746,2006068659,2240.0,2238.0,9,9101,40.1501,-74.8579,0,0,0,0,0,0,2,6,2006,5,22.0,6.0,0,1.0,3,0,3,  ,0,0.0,0,0,0,0,0,0,0,0,0,0,0,0,0,0,0,0,0
6747,2006068723,1904.0,1903.0,2,2453,,,0,0,0,0,0,0,4,5,2006,5,19.0,1.0,0,1.0,3,1,3,  ,0,0.0,0,0,1,0,0,0,0,0,0,0,0,0,0,0,0,1,0
6748,2006068724,1601.0,1558.0,2,2439,,,0,0,0,0,0,0,2,6,2006,2,15.0,1.0,0,1.0,3,1,3,  ,0,0.0,0,0,0,0,0,0,0,0,0,0,0,0,0,0,0,0,0
6749,2006068757,1829.0,1826.0,62,62222,40.2691,-80.1008,0,0,0,0,0,0,4,6,2006,5,18.0,1.0,0,1.0,3,2,3,  ,3,3.0,0,0,1,0,0,0,0,0,0,0,0,0,0,0,0,0,0
6750,2006068821,2228.0,2137.0,62,62214,40.2805,-80.4869,0,0,0,0,0,0,4,5,2006,4,16.0,1.0,0,1.0,1,2,3,  ,3,3.0,0,0,1,0,0,0,0,0,0,0,0,0,0,0,0,1,0
6751,2006068862,1517.0,1515.0,2,2207,40.5923,-79.9599,0,0,0,0,0,0,2,7,2006,7,15.0,1.0,0,1.0,3,2,3,  ,3,3.0,1,0,0,0,0,0,0,0,0,0,0,0,1,0,0,0,0
6752,2006068899,2005.0,2003.0,21,21404,40.2105,-77.0066,0,1,0,1,0,0,4,7,2006,5,20.0,1.0,0,1.0,3,1,3,  ,3,3.0,0,0,1,0,1,0,0,0,0,0,0,0,0,0,0,0,0
6753,2006069145,1811.0,1810.0,9,9227,40.2286,-75.1399,0,0,0,0,1,0,4,6,2006,3,18.0,1.0,0,1.0,3,2,3,  ,3,3.0,0,0,1,0,0,0,0,0,0,0,0,0,0,0,0,0,0
6754,2006069219,1102.0,1057.0,9,9215,40.2719,-75.222,0,0,0,0,0,0,4,7,2006,1,10.0,1.0,0,1.0,1,2,3,  ,3,3.0,0,0,1,0,0,1,0,0,0,0,0,0,0,0,0,0,0
6755,2006069246,1355.0,1355.0,36,36404,40.0297,-76.4992,0,0,0,0,0,0,5,6,2006,5,13.0,1.0,0,1.0,3,0,3,  ,0,0.0,0,0,0,0,0,1,0,0,0,0,0,0,0,0,0,0,0
6756,2006069385,1630.0,1627.0,10,10301,40.8682,-79.9079,0,0,0,0,0,0,4,7,2006,4,16.0,1.0,0,9.0,2,2,7,  ,3,3.0,0,0,1,0,0,0,0,0,0,0,0,0,0,0,0,1,0
6757,2006069433,1856.0,9999.0,46,46104,40.0031,-75.2954,0,0,0,0,0,0,8,7,2006,6,18.0,1.0,0,1.0,3,1,3,  ,3,3.0,0,0,0,0,0,0,0,0,0,0,0,0,0,0,0,0,0
6758,2006069469,1747.0,1742.0,44,44403,,,0,0,0,0,1,0,4,6,2006,6,17.0,1.0,0,1.0,2,1,3,  ,0,0.0,0,0,1,0,0,0,0,0,0,0,0,0,0,0,0,0,0
6759,2006069636,1159.0,1155.0,2,2301,40.4532,-79.9927,0,0,0,0,0,0,4,6,2006,4,11.0,1.0,0,1.0,3,1,3,  ,2,3.0,1,0,1,0,0,0,0,0,0,0,0,0,0,0,0,1,0
6760,2006069692,1818.0,1812.0,22,22102,40.2298,-76.8184,0,0,0,0,0,0,4,6,2006,2,18.0,1.0,0,1.0,3,1,3,  ,0,0.0,0,0,1,0,0,0,0,0,0,0,0,0,0,0,0,0,0
6761,2006069757,1856.0,1853.0,7,7301,40.5392,-78.3885,0,0,0,0,1,0,4,6,2006,7,18.0,1.0,0,1.0,3,1,3,  ,3,3.0,0,0,1,0,0,0,0,0,0,0,0,0,0,0,0,0,0
6762,2006069759,1744.0,1730.0,7,7301,,,0,0,0,0,0,0,4,6,2006,2,16.0,1.0,0,9.0,3,1,3,  ,0,0.0,0,0,1,0,0,0,0,0,0,0,0,0,0,0,0,0,0
6763,2006069760,1720.0,1716.0,7,7301,40.5177,-78.3914,0,0,0,0,0,0,2,6,2006,5,17.0,1.0,0,1.0,3,1,3,  ,3,3.0,1,0,0,0,0,0,0,0,0,0,0,0,0,0,0,0,0
6764,2006069789,1934.0,1929.0,36,36301,40.0261,-76.3104,0,0,0,0,0,0,4,6,2006,7,19.0,1.0,0,1.0,3,2,3,  ,3,3.0,0,0,1,0,0,0,0,0,0,0,0,0,0,0,0,0,0
6765,2006069790,1645.0,1641.0,36,36301,40.0369,-76.3083,0,0,0,0,0,0,2,6,2006,6,16.0,1.0,0,1.0,3,0,3,  ,0,0.0,0,0,0,0,0,0,0,0,0,0,0,0,0,0,0,0,0
6766,2006069867,1656.0,1652.0,6,6301,40.3185,-75.9258,0,0,0,0,0,0,8,6,2006,6,16.0,1.0,0,1.0,3,1,3,  ,3,9.0,0,0,0,0,0,0,0,0,0,0,0,0,0,0,0,0,0
6767,2006069889,1903.0,1838.0,20,20235,41.7008,-80.1151,0,0,0,0,0,0,5,6,2006,1,18.0,1.0,0,1.0,1,0,3,  ,0,0.0,0,0,0,0,0,0,0,0,0,0,0,0,0,0,0,0,0
6768,2006070141,2115.0,2113.0,40,40304,41.2382,-75.8955,0,0,0,0,0,0,2,6,2006,4,21.0,3.0,0,1.0,3,0,3,  ,0,0.0,0,0,0,0,0,0,0,0,0,0,0,0,0,0,0,0,0
6769,2006070147,800.0,754.0,36,36414,40.0392,-76.4285,0,0,0,0,0,0,4,6,2006,3,7.0,1.0,0,1.0,3,2,3,  ,2,3.0,1,0,1,0,0,0,0,0,0,0,0,0,0,0,0,0,0
6770,2006070574,642.0,642.0,25,25302,42.0966,-80.0819,0,0,0,0,0,0,4,6,2006,4,6.0,1.0,8,1.0,3,1,3,  ,2,3.0,0,0,1,0,0,0,0,0,0,0,0,0,0,0,0,0,0
6771,2006070601,1328.0,1323.0,36,36223,40.0384,-76.3551,0,0,0,0,0,0,4,5,2006,3,13.0,1.0,0,1.0,1,2,3,  ,3,3.0,1,0,1,0,0,0,0,0,0,0,0,0,0,0,0,1,0
6772,2006070689,1457.0,1450.0,39,39301,40.6173,-75.4729,0,0,0,0,0,0,4,6,2006,7,99.0,1.0,0,9.0,3,2,7,  ,0,0.0,0,0,1,0,0,0,0,0,0,0,0,0,0,0,0,0,0