,CRN,ARRIVAL_TM,DISPATCH_TM,COUNTY,MUNICIPALITY,DEC_LAT,DEC_LONG,BICYCLE_DEATH_COUNT,BICYCLE_SUSP_SERIOUS_INJ_COUNT,BUS_COUNT,HEAVY_TRUCK_COUNT,SMALL_TRUCK_COUNT,SUV_COUNT,COLLISION_TYPE,CRASH_MONTH,CRASH_YEAR,DAY_OF_WEEK,HOUR_OF_DAY,ILLUMINATION,LOCATION_TYPE,ROAD_CONDITION,URBAN_RURAL,INTERSECT_TYPE,WEATHER1,WEATHER2,TCD_TYPE,TCD_FUNC_CD,AGGRESSIVE_DRIVING,ALCOHOL_RELATED,ANGLE_CRASH,CELL_PHONE,COMM_VEHICLE,DISTRACTED,DRINKING_DRIVER,DRUGGED_DRIVER,FATIGUE_ASLEEP,IMPAIRED_DRIVER,NHTSA_AGG_DRIVING,RUNNING_RED_LT,RUNNING_STOP_SIGN,SPEEDING_RELATED,TAILGATING,MATURE_DRIVER,YOUNG_DRIVER
6773,2006070805,1143.0,1138.0,36,36301,40.0345,-76.3121,0,0,0,0,0,1,4,6,2006,5,11.0,1.0,0,1.0,3,1,3,  ,3,3.0,0,0,1,0,0,0,0,0,0,0,0,0,0,0,0,0,0
6774,2006070924,846.0,843.0,23,23207,39.9115,-75.4423,0,0,0,0,0,0,8,5,2006,1,8.0,1.0,0,1.0,3,0,3,  ,0,0.0,0,0,0,0,0,1,0,0,0,0,0,0,0,0,0,0,0
6775,2006070951,1233.0,1223.0,39,39213,40.5782,-75.7079,0,0,0,0,0,0,4,5,2006,1,12.0,1.0,0,1.0,1,1,3,  ,3,3.0,0,0,1,0,0,0,0,0,0,0,0,0,0,0,0,0,0
6776,2006071140,2023.0,2021.0,39,39301,40.594,-75.4693,0,0,0,0,0,0,4,6,2006,5,20.0,1.0,0,98.0,3,2,3,  ,0,0.0,0,0,1,0,0,0,0,0,0,0,0,0,0,0,0,1,0
6777,2006071166,1311.0,1311.0,46,46416,,,0,0,0,0,0,0,4,6,2006,5,13.0,1.0,0,1.0,2,1,3,  ,3,3.0,1,0,1,0,0,0,0,0,0,0,1,0,0,0,0,0,0
6778,2006071183,2025.0,2022.0,39,39101,40.5928,-75.4277,0,0,0,0,0,0,1,6,2006,3,20.0,1.0,0,1.0,1,2,3,  ,0,0.0,0,1,0,0,0,1,1,0,0,1,0,0,0,0,0,0,0
6779,2006071192,1934.0,1931.0,46,46416,40.2485,-75.6332,0,0,0,0,1,0,2,6,2006,5,19.0,1.0,0,1.0,2,0,3,  ,0,0.0,0,0,0,0,0,0,0,0,0,0,0,0,0,0,0,0,0
6780,2006071200,1027.0,0.0,33,33406,40.9423,-78.9833,0,0,0,0,0,0,4,6,2006,4,10.0,1.0,0,1.0,2,2,3,  ,3,3.0,0,0,1,0,0,0,0,0,0,0,0,0,0,0,0,0,0
6781,2006071284,1749.0,1746.0,23,23207,39.9028,-75.439,0,0,0,0,0,0,1,5,2006,7,17.0,1.0,0,1.0,3,0,3,  ,0,0.0,1,0,0,0,0,0,0,0,0,0,0,0,0,1,0,0,1
6782,2006071338,1945.0,1940.0,9,9202,40.1295,-74.9067,0,0,0,0,0,0,5,6,2006,3,19.0,1.0,0,1.0,3,0,3,  ,0,0.0,0,0,0,0,0,0,0,0,0,0,0,0,0,0,0,0,0
6783,2006071626,1322.0,1320.0,20,20301,41.6334,-80.1494,0,1,0,0,0,0,4,7,2006,6,13.0,1.0,0,1.0,2,1,3,  ,2,3.0,0,0,1,0,0,0,0,0,0,0,0,0,0,0,0,1,0
6784,2006071651,1336.0,1336.0,25,25302,,,0,0,0,0,0,1,4,7,2006,5,13.0,1.0,0,1.0,3,1,3,  ,2,3.0,0,0,1,0,0,0,0,0,0,0,0,0,0,0,0,0,0
6785,2006071859,1345.0,1344.0,21,21401,40.2371,-76.9097,0,0,0,0,0,0,4,6,2006,5,13.0,1.0,0,1.0,3,1,3,  ,2,3.0,0,0,1,0,0,0,0,0,0,0,0,0,0,0,0,1,0
6786,2006071873,1253.0,1245.0,2,2301,,,0,0,0,0,0,0,2,7,2006,1,12.0,1.0,0,1.0,3,0,3,  ,0,0.0,0,0,0,0,0,0,0,0,0,0,0,0,0,0,0,0,0
6787,2006071882,1555.0,1522.0,22,22217,40.5462,-76.8367,0,0,0,0,0,0,1,6,2006,5,15.0,1.0,0,1.0,1,0,3,  ,0,0.0,0,0,0,0,0,0,0,0,0,0,0,0,0,0,0,0,0
6788,2006072377,1505.0,1500.0,22,22208,40.3189,-76.8078,0,0,0,0,0,0,4,7,2006,2,15.0,1.0,0,1.0,3,1,3,  ,3,3.0,1,0,1,0,0,0,0,0,0,0,0,0,0,0,0,0,0
6789,2006072431,1912.0,1904.0,2,2301,40.4058,-80.0276,0,0,0,0,0,1,4,7,2006,6,19.0,1.0,0,1.0,3,1,3,  ,0,0.0,0,0,1,0,0,0,0,0,0,0,0,0,0,0,0,0,0
6790,2006072633,830.0,828.0,9,9421,40.1388,-74.82,0,0,0,0,1,0,4,7,2006,3,8.0,1.0,7,1.0,3,2,3,  ,2,3.0,1,0,1,0,0,0,0,0,0,0,0,0,0,1,0,0,0
6791,2006072645,1338.0,1330.0,48,48301,,,0,0,0,0,0,0,4,6,2006,1,13.0,1.0,0,1.0,3,0,3,  ,0,0.0,0,0,1,0,0,0,0,0,0,0,0,0,0,0,0,0,0
6792,2006072660,2106.0,2101.0,15,15228,40.209,-75.6602,0,0,0,0,0,1,5,6,2006,3,19.0,4.0,0,1.0,1,1,3,  ,2,3.0,1,0,0,0,0,0,0,0,0,0,0,0,0,0,0,0,0
6793,2006072792,713.0,656.0,41,41219,41.2775,-77.0519,0,0,0,0,1,0,1,6,2006,4,6.0,1.0,0,1.0,1,0,3,  ,0,0.0,0,0,0,0,0,0,0,0,0,0,0,0,0,0,0,0,0
6794,2006072987,1342.0,1338.0,64,64216,40.1546,-79.7416,0,0,0,0,0,0,4,6,2006,4,13.0,1.0,0,1.0,1,0,3,  ,0,0.0,0,0,1,0,0,0,0,0,0,0,0,0,0,0,0,0,0
6795,2006073046,1856.0,1856.0,15,15236,40.0632,-75.4898,0,0,0,0,0,0,4,6,2006,4,18.0,1.0,0,1.0,1,2,3,  ,3,3.0,1,0,1,0,0,1,0,0,0,0,0,0,0,0,0,0,0
6796,2006073079,1114.0,1108.0,2,2301,40.4562,-79.8956,0,1,0,0,0,0,4,6,2006,5,11.0,1.0,0,1.0,3,1,3,  ,2,1.0,0,0,1,0,0,0,0,0,0,0,0,0,0,0,0,0,0
6797,2006073199,1753.0,1752.0,2,2451,40.5142,-79.8436,0,0,0,0,0,0,4,5,2006,3,17.0,1.0,0,1.0,3,0,3,  ,0,0.0,1,1,1,0,0,0,1,0,0,1,0,1,0,0,0,0,0
6798,2006073229,1728.0,1724.0,53,53225,,,0,0,0,0,0,0,8,7,2006,2,17.0,1.0,0,9.0,1,0,3,  ,0,0.0,0,0,0,0,0,0,0,0,0,0,0,0,0,0,0,0,0
6799,2006073275,1400.0,1357.0,36,36210,40.2331,-76.0783,0,0,0,0,0,0,4,7,2006,1,13.0,1.0,0,1.0,1,1,3,  ,2,3.0,0,0,1,0,0,0,0,0,0,0,0,0,0,0,0,0,0
6800,2006073403,1834.0,1833.0,28,28215,39.7447,-77.555,0,0,0,0,1,0,4,6,2006,3,10.0,1.0,0,1.0,2,1,3,  ,2,3.0,0,0,1,0,0,0,0,0,0,0,0,0,0,0,0,0,0
6801,2006073427,1904.0,1859.0,66,66227,39.9699,-76.6687,0,0,0,0,1,0,4,6,2006,2,18.0,1.0,0,1.0,3,1,3,  ,3,3.0,1,0,1,0,0,0,0,0,0,0,0,0,0,0,0,0,0
6802,2006073610,1250.0,1245.0,6,6237,40.3303,-75.9921,0,0,0,0,0,0,4,5,2006,1,12.0,1.0,0,1.0,3,1,3,  ,3,3.0,0,0,1,0,0,0,0,0,0,0,0,0,0,0,0,0,0
6803,2006073753,2204.0,2144.0,26,26203,40.0144,-79.569,0,0,0,0,0,0,4,6,2006,6,21.0,2.0,0,1.0,1,0,3,  ,0,0.0,0,0,1,0,0,0,0,0,0,0,0,0,0,0,0,0,1
6804,2006073826,903.0,900.0,46,46104,40.0233,-75.2305,0,0,0,0,0,0,5,7,2006,3,9.0,1.0,0,1.0,3,0,3,  ,0,0.0,1,0,0,0,0,0,0,0,0,0,0,0,0,0,0,0,0
6805,2006073843,1830.0,1827.0,66,66102,,,0,1,0,0,0,1,1,7,2006,7,18.0,1.0,0,1.0,1,0,3,  ,0,0.0,1,0,0,0,0,0,0,0,0,0,0,0,0,1,0,0,0
6806,2006073907,1836.0,1830.0,46,46224,40.135,-75.2135,0,0,0,0,0,0,4,5,2006,4,18.0,1.0,7,1.0,3,0,3,  ,0,0.0,0,0,1,0,0,0,0,0,0,0,0,0,0,0,0,0,0
6807,2006074000,1615.0,1611.0,2,2466,,,0,0,0,0,0,0,4,7,2006,7,16.0,1.0,0,1.0,3,2,3,  ,0,0.0,0,0,1,0,0,1,0,0,0,0,0,0,0,0,0,0,0
6808,2006074075,1857.0,1855.0,62,62301,40.2009,-79.9296,0,0,0,0,0,0,4,7,2006,5,18.0,1.0,0,1.0,3,1,3,  ,0,0.0,0,0,1,0,0,0,0,0,0,0,0,0,0,0,0,0,0
6809,2006074471,1634.0,1632.0,2,2404,40.4963,-80.0569,0,0,0,0,0,0,6,7,2006,5,16.0,1.0,0,1.0,3,2,3,  ,0,0.0,0,0,0,1,1,1,0,0,0,0,0,0,0,0,0,0,0
6810,2006074593,925.0,923.0,36,36301,40.0381,-76.3057,0,0,0,0,1,0,5,5,2006,5,9.0,1.0,0,1.0,3,0,3,  ,0,0.0,0,0,0,0,0,0,0,0,0,0,0,0,0,0,0,0,0
6811,2006074641,2037.0,2033.0,6,6301,,,0,0,0,0,0,0,4,7,2006,3,20.0,4.0,0,1.0,3,0,3,  ,0,0.0,0,0,1,0,0,1,0,0,0,0,0,0,0,0,0,0,0
6812,2006074660,1245.0,1242.0,6,6301,40.3182,-75.9277,0,0,0,0,0,0,4,7,2006,6,12.0,1.0,0,1.0,3,1,3,  ,3,3.0,0,0,1,0,0,1,0,0,0,0,0,0,0,0,0,0,0
6813,2006074661,30.0,28.0,6,6301,,,0,0,0,0,0,0,8,7,2006,1,0.0,3.0,0,1.0,3,1,3,  ,2,3.0,0,0,0,0,0,0,0,0,0,0,0,0,0,0,0,0,0
6814,2006074736,1930.0,1911.0,2,2301,40.4589,-79.891,0,0,0,0,0,0,4,7,2006,4,19.0,1.0,0,1.0,3,1,3,  ,0,0.0,0,0,1,0,0,0,0,0,0,0,0,0,0,0,0,0,0
6815,2006074803,1934.0,1931.0,2,2301,,,0,0,0,0,0,0,2,7,2006,2,19.0,1.0,0,1.0,3,0,3,  ,0,0.0,0,0,0,0,0,0,0,0,0,0,0,0,0,0,0,0,0
6816,2006074849,2020.0,2015.0,41,41301,41.2521,-77.0067,0,0,0,0,1,0,4,7,2006,7,20.0,1.0,0,1.0,3,1,3,  ,3,3.0,0,0,1,0,0,0,0,0,0,0,0,0,0,0,0,0,0
6817,2006074870,2016.0,2014.0,23,23210,39.9364,-75.3921,0,0,0,0,0,0,4,6,2006,5,20.0,4.0,2,9.0,3,1,7,  ,0,0.0,1,0,1,0,0,0,0,0,0,0,0,0,0,0,0,0,1
6818,2006074961,1954.0,1952.0,40,40104,,,0,0,0,0,0,0,4,6,2006,7,19.0,1.0,0,1.0,3,0,3,  ,0,0.0,0,0,1,0,0,0,0,0,0,0,0,0,0,0,0,0,0
6819,2006074973,2014.0,2012.0,9,9210,40.3171,-75.3087,0,0,0,0,0,0,2,7,2006,6,20.0,4.0,7,1.0,3,0,3,  ,4,3.0,0,0,0,0,0,0,0,0,0,0,0,0,0,0,0,0,0
6820,2006075094,758.0,755.0,46,46104,40.0055,-75.2355,0,0,0,0,1,0,4,7,2006,5,7.0,1.0,0,9.0,3,2,7,  ,3,9.0,1,0,1,0,0,0,0,0,0,0,1,0,0,0,0,0,0
6821,2006075136,1238.0,1238.0,61,61301,41.8438,-79.1453,0,0,0,0,0,0,6,7,2006,3,12.0,1.0,0,1.0,2,5,3,  ,2,3.0,0,0,0,0,0,0,0,0,0,0,0,0,0,0,0,0,0
6822,2006075154,1603.0,1559.0,2,2214,40.4547,-80.2337,0,0,0,0,0,0,4,7,2006,1,15.0,1.0,0,1.0,3,5,3,  ,3,2.0,1,0,1,0,0,0,0,0,0,0,0,0,0,0,0,0,0
6823,2006075159,1439.0,1434.0,38,38301,,,0,0,0,0,0,0,4,6,2006,4,14.0,1.0,0,1.0,2,2,3,  ,0,0.0,0,0,1,0,0,1,0,0,0,0,0,0,0,0,0,0,0
6824,2006075267,1214.0,1213.0,15,15301,,,0,0,0,0,0,0,4,7,2006,2,12.0,1.0,0,1.0,3,1,3,  ,0,0.0,0,0,1,0,0,0,0,0,0,0,0,0,0,0,0,0,1
6825,2006075387,1524.0,1522.0,21,21402,40.2048,-77.191,0,0,0,0,0,0,4,7,2006,2,15.0,1.0,0,1.0,2,1,3,  ,3,3.0,1,0,1,0,0,0,0,0,0,0,0,0,0,0,0,1,0
6826,2006075389,1732.0,1729.0,21,21402,40.1999,-77.1893,0,0,0,0,0,0,4,7,2006,4,17.0,1.0,0,1.0,2,1,3,  ,2,3.0,0,0,1,0,0,0,0,0,0,0,0,0,0,0,0,0,0
6827,2006075509,1344.0,1329.0,22,22216,40.557,-76.9683,0,0,0,0,0,0,4,6,2006,1,13.0,1.0,0,1.0,1,0,3,  ,0,0.0,0,0,1,0,0,0,0,0,0,0,0,0,0,0,0,0,0
6828,2006075548,1717.0,1700.0,9,9203,40.5608,-75.1167,0,0,0,0,0,0,2,6,2006,1,16.0,1.0,0,1.0,1,0,3,  ,0,0.0,0,0,0,0,0,0,0,0,0,0,0,0,0,0,0,0,0
6829,2006075851,1559.0,1549.0,46,46213,40.2192,-75.467,0,0,0,0,0,0,4,6,2006,3,15.0,1.0,0,1.0,3,2,3,  ,3,3.0,0,0,1,0,0,0,0,0,0,0,0,0,0,0,0,0,0
6830,2006075946,1702.0,1646.0,59,59201,40.9382,-76.9888,0,0,0,0,0,0,4,5,2006,6,16.0,1.0,0,1.0,1,0,3,  ,0,0.0,0,0,1,0,0,0,0,0,0,0,0,0,0,0,0,0,0
6831,2006075976,2310.0,2308.0,46,46413,40.1133,-75.336,0,0,0,0,0,0,4,6,2006,5,99.0,3.0,0,1.0,3,1,3,  ,2,3.0,0,1,1,0,0,0,0,0,0,0,0,0,0,0,0,0,1
6832,2006076005,1734.0,1731.0,46,46409,40.2796,-75.2996,0,0,0,0,0,0,4,6,2006,6,17.0,1.0,0,1.0,3,0,3,  ,0,0.0,0,0,1,0,0,0,0,0,0,0,0,0,0,0,0,0,0
6833,2006076010,1703.0,1702.0,43,43302,41.225,-80.5006,0,0,0,0,0,0,4,7,2006,3,17.0,1.0,0,9.0,3,2,3,  ,3,3.0,0,0,1,0,0,0,0,0,0,0,0,0,0,0,0,0,0
6834,2006076013,1504.0,1503.0,43,43302,41.2329,-80.5067,0,0,0,0,0,0,2,7,2006,5,15.0,1.0,0,1.0,3,1,3,  ,2,3.0,0,0,0,0,0,0,0,0,0,0,0,0,0,0,0,0,0
6835,2006076165,2230.0,2225.0,37,37205,41.0252,-80.3539,0,0,0,0,0,0,4,7,2006,4,22.0,3.0,0,1.0,1,2,3,  ,3,3.0,0,0,1,0,0,0,0,0,0,0,0,0,0,0,0,1,0
6836,2006076172,2317.0,2315.0,38,38301,40.3391,-76.4271,0,0,0,0,0,0,4,6,2006,7,13.0,1.0,0,1.0,2,1,3,  ,0,0.0,0,0,1,0,0,0,0,0,0,0,0,0,0,0,0,0,0
6837,2006076184,1843.0,1838.0,46,46413,40.1167,-75.3457,0,0,0,0,0,0,1,6,2006,2,99.0,1.0,0,1.0,3,0,3,  ,0,0.0,0,0,0,0,0,0,0,0,0,0,0,0,0,0,0,0,0
6838,2006076187,2119.0,2118.0,46,46413,40.1202,-75.3389,0,0,0,0,0,0,4,6,2006,5,21.0,3.0,0,1.0,3,2,3,  ,3,3.0,0,0,1,0,0,0,0,0,0,0,0,0,0,0,0,0,1
6839,2006076440,2131.0,2115.0,17,17225,40.956,-78.6022,0,0,0,0,0,0,4,6,2006,5,21.0,4.0,0,1.0,1,0,3,  ,0,0.0,0,0,1,0,0,0,0,0,0,0,0,0,0,0,0,0,0
6840,2006076913,1310.0,1233.0,20,20219,,,0,0,0,0,0,1,4,6,2006,6,12.0,1.0,0,1.0,1,0,3,  ,0,0.0,0,0,1,0,0,0,0,0,0,0,0,0,0,0,0,0,0
6841,2006077015,1840.0,1833.0,23,23209,39.9461,-75.5035,0,0,0,0,0,0,4,4,2006,5,18.0,1.0,0,1.0,1,3,3,  ,0,0.0,1,1,1,0,0,0,1,0,0,1,0,0,0,0,0,0,0
6842,2006077210,600.0,600.0,2,2444,40.4655,-80.0664,1,0,0,0,1,0,4,7,2006,7,6.0,1.0,0,1.0,3,1,3,  ,2,3.0,0,0,1,0,0,0,0,0,0,0,0,0,0,0,0,0,0
6843,2006077259,1408.0,1406.0,22,22202,40.2659,-76.6452,0,0,0,0,0,0,4,8,2006,5,14.0,1.0,0,1.0,3,2,3,  ,3,3.0,1,0,1,0,0,0,0,0,0,0,0,0,0,0,0,1,0
6844,2006077280,1652.0,1643.0,66,66414,,,0,0,0,0,0,0,4,7,2006,6,16.0,1.0,0,1.0,3,1,3,  ,3,3.0,0,0,1,0,0,0,0,0,0,0,0,0,0,0,0,0,0
6845,2006077321,1445.0,1442.0,36,36415,40.1028,-76.0775,0,0,0,0,1,0,4,8,2006,5,14.0,1.0,0,1.0,1,1,3,  ,3,3.0,0,0,1,0,0,0,0,0,0,0,0,0,0,0,0,0,0
6846,2006077373,1004.0,1004.0,25,25302,,,0,0,0,0,1,0,4,7,2006,3,10.0,1.0,0,1.0,3,1,3,  ,2,3.0,0,0,1,0,0,0,0,0,0,0,0,0,0,0,0,1,0
6847,2006077391,1424.0,1422.0,25,25302,,,0,0,0,0,0,0,4,7,2006,7,14.0,1.0,0,1.0,3,1,3,  ,2,3.0,0,0,1,0,0,0,0,0,0,0,0,0,0,0,0,0,0
6848,2006077392,830.0,824.0,25,25302,42.1261,-80.0435,0,0,0,0,0,0,4,7,2006,2,7.0,1.0,0,1.0,3,1,3,  ,2,9.0,0,0,1,0,0,0,0,0,0,0,0,0,0,0,0,0,0
6849,2006077393,1210.0,1210.0,25,25302,42.1174,-80.0771,0,0,0,0,0,0,4,7,2006,4,12.0,1.0,0,1.0,3,0,3,  ,0,0.0,0,0,1,0,0,0,0,0,0,0,0,0,0,0,0,0,0
6850,2006077423,1423.0,1420.0,2,2301,40.4408,-79.8766,0,0,0,0,1,0,2,7,2006,2,14.0,1.0,0,1.0,3,0,3,  ,0,0.0,0,0,0,0,0,0,0,0,1,0,0,0,0,0,0,1,0
6851,2006077456,1219.0,1212.0,25,25402,41.9105,-80.3428,0,0,0,0,0,0,4,7,2006,2,12.0,1.0,0,1.0,1,1,3,  ,3,3.0,0,0,1,0,0,0,0,0,0,0,0,0,0,0,0,0,0
6852,2006077480,2044.0,2039.0,39,39301,,,0,0,0,0,0,1,4,7,2006,4,20.0,1.0,0,1.0,3,2,3,  ,3,3.0,1,0,1,0,0,0,0,0,0,0,0,0,0,0,0,0,0
6853,2006077482,1605.0,1504.0,39,39301,40.6093,-75.4486,0,0,0,0,0,0,1,7,2006,5,99.0,1.0,0,1.0,3,1,3,  ,2,3.0,0,0,0,0,0,0,0,0,0,0,0,0,0,0,0,0,1
6854,2006077583,1421.0,1420.0,41,41301,41.243,-77.0119,0,0,0,0,0,0,4,7,2006,5,14.0,1.0,0,1.0,3,1,3,  ,0,0.0,0,0,1,0,0,0,0,0,0,0,0,0,0,0,0,1,0
6855,2006077617,1933.0,1921.0,48,48414,40.763,-75.2707,0,0,0,0,0,0,2,6,2006,6,19.0,4.0,0,1.0,1,0,3,  ,0,0.0,0,0,0,0,0,0,0,0,0,0,0,0,0,0,0,0,0
6856,2006077837,1524.0,1430.0,44,44204,,,0,0,0,0,0,1,4,7,2006,1,13.0,1.0,0,1.0,1,0,3,  ,0,0.0,0,0,1,0,0,0,0,0,0,0,0,0,0,0,0,0,1
6857,2006077959,924.0,916.0,36,36239,40.1024,-76.4289,0,0,0,0,1,0,5,7,2006,7,9.0,1.0,0,1.0,3,0,3,  ,0,0.0,0,0,0,0,0,0,0,0,0,0,0,0,0,0,0,0,0
6858,2006077960,1455.0,1452.0,11,11432,40.3204,-78.9471,0,0,0,0,0,0,4,7,2006,1,14.0,1.0,0,1.0,3,3,3,  ,0,0.0,0,0,1,0,0,0,0,0,0,0,0,0,0,0,0,0,0
6859,2006078032,9999.0,9999.0,15,15409,39.7796,-75.9831,0,0,0,0,0,0,5,7,2006,2,99.0,1.0,0,1.0,1,2,3,  ,3,3.0,0,0,0,0,0,0,0,0,0,0,0,0,0,0,0,1,0
6860,2006078113,1914.0,1911.0,25,25302,,,0,0,0,0,0,0,4,7,2006,5,19.0,1.0,0,1.0,3,0,3,  ,0,0.0,0,0,1,0,0,0,0,0,0,0,0,0,0,0,0,0,0
6861,2006078245,845.0,833.0,15,15231,39.908,-75.6376,0,0,0,0,0,0,5,6,2006,4,8.0,1.0,0,1.0,1,2,3,  ,0,0.0,0,0,0,0,0,0,0,0,0,0,0,0,0,0,0,0,0
6862,2006078305,1804.0,1802.0,2,2214,40.3867,-80.2071,0,0,0,0,0,0,4,7,2006,6,16.0,1.0,0,1.0,3,0,3,  ,0,0.0,0,0,1,0,0,0,0,0,0,0,0,0,0,0,0,0,1
6863,2006078361,1644.0,1643.0,43,43404,41.1571,-80.0873,0,0,0,0,0,0,1,7,2006,4,16.0,1.0,0,1.0,2,1,3,  ,2,3.0,0,0,0,0,0,1,0,0,0,0,0,0,0,0,0,0,0
6864,2006078369,1543.0,1540.0,33,33403,,,0,0,0,0,0,1,4,7,2006,3,15.0,1.0,7,1.0,1,0,3,  ,0,0.0,0,0,1,0,0,0,0,0,0,0,0,0,0,0,0,0,0
6865,2006078496,1753.0,1751.0,23,23426,,,0,0,0,0,0,0,4,7,2006,4,99.0,1.0,0,1.0,3,2,3,  ,0,0.0,0,0,1,0,0,0,0,0,0,0,0,0,0,0,0,0,0
6866,2006078520,1802.0,1800.0,21,21407,40.2279,-76.8666,0,0,0,0,1,0,1,7,2006,6,17.0,1.0,0,1.0,3,0,3,  ,0,0.0,0,0,0,0,0,0,0,0,0,0,0,0,0,0,0,0,0
6867,2006078895,1317.0,1313.0,15,15101,39.9931,-75.7637,0,0,0,0,0,0,4,8,2006,2,13.0,1.0,7,1.0,3,0,3,  ,0,0.0,1,0,1,0,0,0,0,0,0,0,0,0,0,0,0,0,0
6868,2006078911,2027.0,2025.0,25,25302,,,0,0,0,0,0,1,4,7,2006,3,20.0,1.0,0,1.0,3,0,99,  ,0,0.0,0,0,1,0,0,0,0,0,0,0,0,0,0,0,0,0,1
6869,2006078941,1932.0,1927.0,39,39301,,,0,0,0,0,0,1,4,7,2006,6,19.0,1.0,0,1.0,3,1,3,  ,3,3.0,0,0,1,0,0,0,0,0,0,0,0,0,0,0,0,0,0
6870,2006079065,1618.0,9999.0,46,46104,39.9903,-75.258,0,0,0,0,0,0,4,7,2006,5,16.0,1.0,0,1.0,3,2,3,  ,2,3.0,1,0,1,0,0,0,0,0,0,0,0,0,0,0,0,0,0
6871,2006079104,1159.0,1153.0,25,25302,,,0,0,0,0,0,0,4,7,2006,2,11.0,1.0,0,1.0,3,0,3,  ,0,0.0,0,0,1,0,0,0,0,0,0,0,0,0,0,0,0,1,0
6872,2006079125,2118.0,2114.0,2,2301,40.42,-79.9989,0,0,0,0,0,0,4,7,2006,2,21.0,3.0,0,1.0,3,1,3,  ,0,0.0,0,0,1,0,0,0,0,0,0,0,0,0,0,0,0,0,0
6873,2006079136,1141.0,1140.0,39,39301,,,0,0,0,0,0,0,4,7,2006,6,11.0,1.0,0,1.0,3,2,3,  ,3,3.0,0,0,1,0,0,0,0,0,0,0,0,0,0,0,0,0,0
6874,2006079179,1250.0,1246.0,67,67301,,,0,0,0,0,0,0,4,6,2006,4,12.0,8.0,0,1.0,3,1,3,  ,3,3.0,0,0,1,1,0,1,0,0,0,0,0,0,0,0,0,0,0
6875,2006079206,1653.0,1652.0,67,67301,39.9631,-75.1899,0,0,0,0,0,0,4,6,2006,3,16.0,1.0,0,1.0,3,1,3,  ,2,3.0,1,0,1,0,0,0,0,0,0,0,0,0,0,0,0,0,0
6876,2006079218,2100.0,2058.0,32,32407,40.5403,-79.1593,0,0,0,0,0,0,2,7,2006,5,20.0,3.0,0,1.0,1,1,3,  ,0,0.0,0,0,0,0,0,0,0,0,0,0,0,0,0,0,0,0,0
6877,2006079237,1956.0,1953.0,36,36301,40.041,-76.2916,0,0,0,0,0,0,4,7,2006,2,19.0,1.0,0,1.0,3,1,3,  ,2,3.0,0,0,1,0,0,0,0,0,0,0,0,0,0,0,0,0,0
6878,2006079293,1731.0,1722.0,67,67301,,,0,0,0,0,0,0,4,5,2006,3,17.0,1.0,0,1.0,3,0,3,  ,0,0.0,0,0,1,0,0,0,0,0,0,0,0,0,0,0,0,0,0
6879,2006079317,727.0,725.0,39,39301,40.5963,-75.4593,0,0,0,0,1,0,4,7,2006,2,7.0,1.0,0,1.0,3,1,3,  ,2,3.0,1,0,1,0,0,0,0,0,0,0,0,0,0,0,0,0,0
6880,2006079369,855.0,9999.0,2,2301,40.4507,-79.9058,0,0,0,0,0,1,4,7,2006,2,8.0,1.0,0,1.0,3,2,3,  ,3,3.0,0,0,1,0,0,0,0,0,0,0,0,0,0,0,0,0,0
6881,2006079467,1940.0,1935.0,67,67301,39.9537,-75.1579,0,0,0,0,0,0,4,6,2006,3,19.0,1.0,0,1.0,3,1,3,  ,2,3.0,1,0,1,0,0,0,0,0,0,0,0,0,0,0,0,0,0
6882,2006079623,1848.0,1848.0,67,67301,,,0,0,0,0,0,0,4,6,2006,2,18.0,1.0,0,9.0,3,1,3,  ,3,3.0,1,0,1,0,0,0,0,0,0,0,0,0,0,1,0,0,0
6883,2006079628,2310.0,2310.0,67,67301,40.0196,-75.0733,0,0,0,0,0,0,4,6,2006,6,23.0,3.0,0,1.0,3,1,3,  ,2,3.0,1,0,1,0,0,0,0,0,0,0,1,1,0,1,0,0,0
6884,2006079714,1630.0,1629.0,22,22202,40.2847,-76.6527,0,0,0,0,0,0,4,8,2006,5,16.0,1.0,0,1.0,3,1,3,  ,3,3.0,0,0,1,0,0,0,0,0,0,0,0,0,0,0,0,0,0
6885,2006079769,2140.0,2132.0,25,25302,,,0,0,0,0,0,0,4,7,2006,2,21.0,3.0,0,1.0,3,1,3,  ,3,3.0,0,0,1,0,0,0,0,0,0,0,0,0,0,0,0,0,0
6886,2006079775,1410.0,1408.0,46,46421,40.3048,-75.3271,0,0,0,0,0,0,4,6,2006,6,14.0,1.0,0,1.0,3,1,3,  ,3,3.0,0,0,1,0,0,0,0,0,0,0,0,0,0,0,0,0,0
6887,2006079821,1650.0,1647.0,67,67301,39.9265,-75.1764,0,0,0,0,0,0,6,7,2006,6,16.0,1.0,0,1.0,3,2,3,  ,0,0.0,0,0,0,0,0,0,0,0,0,0,0,0,0,0,0,0,0
6888,2006079861,1122.0,1117.0,67,67301,39.9492,-75.1631,0,0,0,0,0,0,4,6,2006,7,11.0,1.0,0,1.0,3,1,3,  ,2,3.0,0,0,1,0,0,0,0,0,0,0,0,0,0,0,0,0,0
6889,2006079862,1029.0,1024.0,67,67301,,,0,0,0,0,0,0,4,6,2006,6,10.0,1.0,0,1.0,3,1,3,  ,0,0.0,0,0,1,0,0,0,0,0,0,0,0,0,0,0,0,0,0
6890,2006079869,9999.0,9999.0,67,67301,,,0,0,0,0,1,0,4,6,2006,4,99.0,1.0,7,1.0,3,0,3,  ,0,0.0,1,0,1,0,0,0,0,0,0,0,0,0,0,0,0,0,0