,CRN,ARRIVAL_TM,DISPATCH_TM,COUNTY,MUNICIPALITY,DEC_LAT,DEC_LONG,BICYCLE_DEATH_COUNT,BICYCLE_SUSP_SERIOUS_INJ_COUNT,BUS_COUNT,HEAVY_TRUCK_COUNT,SMALL_TRUCK_COUNT,SUV_COUNT,COLLISION_TYPE,CRASH_MONTH,CRASH_YEAR,DAY_OF_WEEK,HOUR_OF_DAY,ILLUMINATION,LOCATION_TYPE,ROAD_CONDITION,URBAN_RURAL,INTERSECT_TYPE,WEATHER1,WEATHER2,TCD_TYPE,TCD_FUNC_CD,AGGRESSIVE_DRIVING,ALCOHOL_RELATED,ANGLE_CRASH,CELL_PHONE,COMM_VEHICLE,DISTRACTED,DRINKING_DRIVER,DRUGGED_DRIVER,FATIGUE_ASLEEP,IMPAIRED_DRIVER,NHTSA_AGG_DRIVING,RUNNING_RED_LT,RUNNING_STOP_SIGN,SPEEDING_RELATED,TAILGATING,MATURE_DRIVER,YOUNG_DRIVER
6891,2006079872,1615.0,1610.0,67,67301,,,0,0,0,0,0,0,2,6,2006,2,16.0,1.0,0,1.0,3,2,3,  ,3,3.0,0,0,0,0,0,0,0,0,0,0,0,0,0,0,0,0,0
6892,2006079899,1928.0,1924.0,67,67301,39.973,-75.2185,0,0,0,0,0,0,4,7,2006,7,19.0,4.0,0,1.0,3,1,3,  ,2,3.0,0,1,1,0,0,0,0,0,0,0,0,0,0,0,0,0,0
6893,2006079920,1058.0,1053.0,67,67301,40.041,-75.1831,0,0,0,0,0,0,4,6,2006,4,10.0,1.0,0,9.0,3,1,7,  ,2,3.0,0,0,1,0,0,1,0,0,0,0,0,0,0,0,0,1,0
6894,2006079922,1910.0,1903.0,67,67301,40.0412,-75.1707,0,0,0,0,0,0,4,6,2006,2,18.0,1.0,0,9.0,3,1,7,  ,3,9.0,0,0,1,0,0,0,0,0,0,0,0,0,0,0,0,0,0
6895,2006079927,1350.0,1347.0,67,67301,,,0,0,0,0,0,0,4,6,2006,5,13.0,1.0,0,1.0,3,2,3,  ,2,3.0,0,0,1,0,0,1,0,0,0,0,0,0,0,0,0,0,0
6896,2006080075,1600.0,1558.0,67,67301,,,0,0,0,0,0,0,8,6,2006,6,15.0,1.0,0,1.0,3,0,3,  ,0,0.0,0,0,0,0,0,0,0,0,0,0,0,0,0,0,0,0,1
6897,2006080208,1053.0,1053.0,66,66227,39.9767,-76.6675,0,0,1,0,0,0,4,7,2006,2,9.0,1.0,0,1.0,3,2,3,  ,2,3.0,0,0,1,0,1,0,0,0,0,0,0,0,0,0,0,1,0
6898,2006080210,1306.0,1306.0,66,66227,39.9731,-76.6929,0,0,0,0,0,0,2,7,2006,7,13.0,1.0,2,1.0,3,3,3,  ,4,3.0,0,0,0,0,0,0,0,0,0,0,0,0,0,0,0,0,0
6899,2006080260,1415.0,1415.0,67,67301,40.0437,-75.0851,0,0,0,0,0,0,6,7,2006,6,14.0,1.0,0,1.0,3,1,3,  ,2,3.0,0,0,0,0,0,0,0,0,0,0,0,0,0,0,0,0,0
6900,2006080288,810.0,805.0,67,67301,39.9536,-75.1732,0,0,0,0,0,0,4,7,2006,3,8.0,1.0,0,1.0,3,1,3,  ,2,3.0,0,0,1,0,0,0,0,0,0,0,0,0,0,0,0,0,0
6901,2006080342,650.0,645.0,36,36227,40.1737,-76.3384,0,0,0,0,0,0,4,8,2006,5,6.0,1.0,0,1.0,1,1,3,  ,3,3.0,1,0,1,0,0,0,0,0,0,0,0,0,0,0,0,0,0
6902,2006080366,1959.0,1955.0,46,46203,40.2979,-75.3803,0,2,0,0,0,0,4,6,2006,4,19.0,1.0,0,1.0,1,2,3,  ,3,3.0,1,0,1,0,0,0,0,0,0,0,0,0,0,0,0,0,0
6903,2006080417,1524.0,1523.0,35,35415,41.4439,-75.6248,0,0,0,0,0,0,4,8,2006,7,15.0,1.0,0,1.0,3,2,3,  ,3,3.0,0,0,1,0,0,0,0,0,0,0,0,0,0,0,0,0,0
6904,2006080506,1106.0,1055.0,46,46201,40.3265,-75.6205,0,0,0,0,0,0,4,7,2006,2,10.0,1.0,0,1.0,1,2,3,  ,3,3.0,1,0,1,0,0,0,0,0,0,0,0,0,1,0,0,0,0
6905,2006080548,525.0,520.0,67,67301,,,0,0,0,0,0,0,2,6,2006,6,17.0,1.0,0,1.0,3,2,3,  ,0,0.0,1,0,0,0,0,0,0,0,0,0,0,0,0,1,0,0,0
6906,2006080554,840.0,838.0,67,67301,,,0,0,0,1,0,0,4,6,2006,5,8.0,1.0,0,1.0,3,1,3,  ,2,3.0,0,0,1,0,1,0,0,0,0,0,0,0,0,0,0,0,0
6907,2006080557,2016.0,2014.0,48,48401,40.8609,-75.2032,0,0,0,0,0,0,4,7,2006,6,20.0,4.0,0,1.0,2,1,3,  ,3,3.0,0,0,1,0,0,0,0,0,0,0,0,0,0,0,0,0,1
6908,2006080568,1940.0,1940.0,67,67301,39.9808,-75.2357,0,0,0,0,1,0,4,5,2006,4,19.0,1.0,0,1.0,3,2,3,  ,0,0.0,0,0,1,0,0,0,0,0,0,0,0,0,0,0,0,0,0
6909,2006080592,638.0,635.0,67,67301,,,0,0,0,0,0,0,4,7,2006,5,6.0,1.0,0,1.0,3,1,3,  ,3,9.0,0,0,1,0,0,0,0,0,0,0,0,0,0,0,0,0,0
6910,2006080593,1740.0,1730.0,67,67301,39.9667,-75.179,0,0,0,0,0,0,1,7,2006,6,17.0,1.0,0,1.0,3,1,3,  ,2,3.0,1,0,0,0,0,0,0,0,0,0,0,0,0,0,0,0,0
6911,2006080602,1838.0,1834.0,2,2108,40.5822,-80.0629,0,0,0,0,0,0,4,7,2006,3,18.0,1.0,0,1.0,3,1,3,  ,3,3.0,1,0,1,0,0,0,0,0,0,0,0,0,0,0,0,0,0
6912,2006080709,1923.0,1921.0,67,67301,,,0,0,0,0,0,0,4,5,2006,6,17.0,1.0,0,1.0,3,2,3,  ,0,0.0,0,0,1,0,0,0,0,0,0,0,0,0,0,0,0,0,0
6913,2006080710,1833.0,1828.0,67,67301,,,0,0,0,0,0,0,6,7,2006,5,18.0,1.0,0,1.0,3,1,3,  ,3,3.0,0,0,0,0,0,1,0,0,0,0,0,0,0,0,0,0,0
6914,2006080818,1730.0,1730.0,67,67301,,,0,0,0,0,0,0,4,6,2006,7,17.0,1.0,0,1.0,3,1,3,  ,2,3.0,0,0,1,0,0,0,0,0,0,0,0,0,0,0,0,1,0
6915,2006080840,2315.0,2315.0,67,67301,,,0,0,0,0,0,0,6,6,2006,4,23.0,3.0,0,1.0,3,0,3,  ,0,0.0,0,0,0,0,0,0,0,0,0,0,0,0,0,0,0,0,0
6916,2006080843,1508.0,1505.0,67,67301,39.9308,-75.1706,0,0,0,0,0,0,4,7,2006,3,14.0,1.0,0,1.0,3,1,3,  ,0,0.0,0,0,1,0,0,0,0,0,0,0,0,0,0,0,0,0,0
6917,2006080846,857.0,850.0,67,67301,,,0,0,0,0,0,0,4,7,2006,2,99.0,8.0,0,1.0,3,0,99,  ,0,0.0,0,0,1,0,0,0,0,0,0,0,0,0,0,0,0,0,0
6918,2006080872,1644.0,1636.0,67,67301,,,0,0,0,0,0,0,4,7,2006,6,16.0,1.0,7,1.0,3,0,3,  ,0,0.0,0,0,1,0,0,0,0,0,0,0,0,0,0,0,0,0,0
6919,2006080879,9999.0,1024.0,67,67301,40.0073,-75.1922,0,0,0,0,0,0,4,6,2006,3,10.0,1.0,0,1.0,3,2,3,  ,2,3.0,0,0,1,0,0,0,0,0,0,0,0,0,0,0,0,1,0
6920,2006080905,1849.0,1847.0,67,67301,39.9873,-75.1473,0,0,0,0,0,0,4,6,2006,7,18.0,1.0,0,1.0,3,2,3,  ,0,0.0,0,0,1,0,0,0,0,0,0,0,0,0,0,0,0,0,0
6921,2006080920,2052.0,2048.0,67,67301,39.9237,-75.1844,0,0,0,0,0,0,4,7,2006,7,20.0,3.0,0,1.0,3,1,3,  ,3,3.0,0,0,1,0,0,0,0,0,0,0,0,0,0,0,0,0,0
6922,2006080957,2024.0,2023.0,67,67301,40.0128,-75.0781,0,0,0,0,0,0,4,7,2006,6,20.0,1.0,0,1.0,3,1,3,  ,0,0.0,0,0,1,0,0,0,0,0,0,0,0,0,0,0,0,0,0
6923,2006080962,1056.0,1053.0,67,67301,,,0,1,0,0,0,0,2,7,2006,3,10.0,1.0,0,9.0,3,1,7,  ,2,3.0,0,0,0,0,0,0,0,0,0,0,0,0,0,0,0,0,0
6924,2006080965,1743.0,1739.0,67,67301,40.0761,-75.162,0,0,0,0,0,0,4,6,2006,6,17.0,1.0,0,1.0,3,2,3,  ,0,0.0,0,0,1,0,0,0,0,0,0,0,0,0,0,0,0,0,0
6925,2006080975,1030.0,1023.0,67,67301,39.9413,-75.2084,0,0,0,0,0,0,8,6,2006,6,10.0,1.0,0,1.0,3,2,3,  ,4,3.0,0,0,0,0,0,0,0,0,0,0,0,0,0,0,0,0,0
6926,2006080986,916.0,913.0,67,67301,39.9626,-75.2052,0,0,0,0,0,0,1,7,2006,5,9.0,1.0,0,1.0,3,0,3,  ,2,3.0,0,0,0,0,0,0,0,0,0,0,0,0,0,0,0,0,0
6927,2006080991,1816.0,1814.0,67,67301,40.042,-75.0197,0,0,0,0,0,0,8,5,2006,2,18.0,1.0,0,1.0,3,0,3,  ,0,0.0,0,0,0,0,0,0,0,0,0,0,0,0,0,0,0,0,0
6928,2006081002,1900.0,1856.0,67,67301,40.0979,-74.9834,0,0,0,0,0,1,4,6,2006,1,18.0,1.0,0,1.0,3,2,3,  ,0,0.0,0,0,1,0,0,0,0,0,0,0,0,0,0,0,0,0,0
6929,2006081036,320.0,315.0,67,67301,,,0,0,0,0,0,0,4,5,2006,1,3.0,3.0,0,1.0,3,0,3,  ,0,0.0,0,0,1,0,0,0,0,0,0,0,0,0,0,0,0,0,1
6930,2006081043,2000.0,1945.0,67,67301,40.033,-75.1161,0,1,0,0,0,0,4,6,2006,7,19.0,1.0,0,1.0,3,1,3,  ,2,3.0,0,0,1,0,0,0,0,0,0,0,0,0,0,0,0,0,1
6931,2006081068,2011.0,9999.0,67,67301,,,0,0,0,0,0,1,6,6,2006,5,20.0,3.0,0,9.0,3,1,7,  ,2,3.0,0,0,0,0,0,0,0,0,0,0,0,0,0,0,0,0,0
6932,2006081073,1850.0,1845.0,67,67301,39.9344,-75.1796,0,0,0,0,0,0,6,5,2006,1,18.0,1.0,0,1.0,3,1,3,  ,2,3.0,0,0,0,0,0,0,0,0,0,0,0,0,0,0,0,0,0
6933,2006081079,2143.0,2143.0,67,67301,39.9583,-75.2363,0,0,0,0,0,0,4,6,2006,5,21.0,2.0,0,1.0,3,0,3,  ,0,0.0,0,0,1,0,0,0,0,0,0,0,0,0,0,0,0,0,0
6934,2006081083,2052.0,2042.0,67,67301,39.9461,-75.2421,0,0,0,0,0,0,6,6,2006,4,20.0,3.0,0,9.0,3,5,7,  ,2,3.0,0,0,0,0,0,0,0,0,0,0,0,0,0,0,0,0,0
6935,2006081120,730.0,724.0,67,67301,39.9702,-75.1451,0,0,0,0,0,0,4,6,2006,2,6.0,1.0,0,1.0,3,1,3,  ,2,3.0,0,0,1,0,0,0,0,0,0,0,0,0,0,0,0,0,0
6936,2006081132,1025.0,1019.0,67,67301,,,0,0,0,0,0,0,4,7,2006,7,10.0,1.0,0,1.0,3,0,3,  ,0,0.0,0,0,1,0,0,0,0,0,0,0,0,0,0,0,0,0,0
6937,2006081145,1915.0,1913.0,67,67301,,,0,0,0,0,0,0,4,6,2006,2,18.0,1.0,0,1.0,3,1,3,  ,2,3.0,1,0,1,0,0,0,0,0,0,0,0,1,0,0,0,0,0
6938,2006081161,30.0,30.0,67,67301,,,0,0,0,0,0,0,6,6,2006,7,21.0,1.0,0,1.0,3,0,3,  ,0,0.0,0,0,0,0,0,0,0,0,0,0,0,0,0,0,0,0,0
6939,2006081162,1024.0,1022.0,67,67301,39.917,-75.2465,0,0,0,0,0,0,2,5,2006,7,10.0,1.0,0,1.0,3,1,3,  ,2,9.0,0,0,0,0,0,0,0,0,0,0,0,0,0,0,0,0,0
6940,2006081368,1802.0,1800.0,67,67301,39.9636,-75.2349,0,0,0,0,0,0,4,5,2006,6,17.0,1.0,0,1.0,3,1,3,  ,0,0.0,0,0,1,0,0,0,0,0,0,0,0,0,0,0,0,0,0
6941,2006081375,37.0,29.0,67,67301,39.9805,-75.2248,0,0,0,0,1,0,4,7,2006,5,0.0,3.0,0,1.0,3,1,3,  ,2,9.0,0,0,1,0,0,0,0,0,0,0,0,0,0,0,0,0,0
6942,2006081441,1745.0,1740.0,67,67301,40.009,-75.1011,0,0,0,0,0,1,2,6,2006,3,16.0,1.0,0,1.0,3,1,3,  ,0,0.0,0,0,0,0,0,1,0,0,0,0,0,0,0,0,0,0,0
6943,2006081448,1818.0,1808.0,67,67301,,,0,0,0,0,0,0,5,7,2006,1,18.0,1.0,0,1.0,3,0,3,  ,0,0.0,0,0,0,0,0,0,0,0,0,0,0,0,0,0,0,0,0
6944,2006081509,2209.0,2208.0,67,67301,,,0,0,0,0,0,0,4,7,2006,1,22.0,3.0,0,1.0,3,0,3,  ,0,0.0,0,0,1,0,0,0,0,0,0,0,0,0,0,0,0,0,0
6945,2006081598,18.0,15.0,67,67301,,,0,0,0,0,0,0,5,7,2006,4,99.0,3.0,0,1.0,3,1,3,  ,3,3.0,0,0,0,0,0,0,0,0,0,0,0,0,0,0,0,0,0
6946,2006081612,1420.0,1415.0,67,67301,40.0295,-75.0562,0,0,0,0,0,0,4,5,2006,3,14.0,1.0,0,1.0,3,1,3,  ,2,3.0,0,0,1,0,0,0,0,0,0,0,0,0,0,0,0,1,0
6947,2006081635,2330.0,2316.0,67,67301,,,0,0,0,0,0,0,4,5,2006,2,23.0,3.0,0,1.0,3,1,3,  ,2,3.0,0,0,1,0,0,0,0,0,0,0,0,0,0,0,0,0,0
6948,2006081636,1134.0,1131.0,67,67301,,,0,0,0,0,0,0,4,5,2006,3,11.0,1.0,0,1.0,3,0,3,  ,0,0.0,0,0,1,0,0,0,0,0,0,0,0,0,0,0,0,0,0
6949,2006081640,2125.0,2116.0,67,67301,39.9131,-75.2447,0,0,0,0,1,0,8,5,2006,2,20.0,8.0,7,1.0,3,0,3,  ,0,0.0,0,0,0,0,0,0,0,0,0,0,0,0,0,0,0,0,0
6950,2006081643,1800.0,1744.0,67,67301,,,0,0,0,0,0,0,6,6,2006,5,17.0,1.0,0,1.0,3,2,3,  ,3,3.0,0,0,0,0,0,0,0,0,0,0,0,0,0,0,0,0,1
6951,2006081646,2133.0,2120.0,67,67301,39.9383,-75.222,0,0,0,0,0,0,6,7,2006,2,21.0,2.0,0,1.0,3,0,3,  ,0,0.0,0,0,0,0,0,0,0,0,0,0,0,0,0,0,0,0,0
6952,2006081650,1743.0,1737.0,67,67301,40.0079,-75.1914,0,0,0,0,0,0,4,6,2006,3,16.0,1.0,2,1.0,3,2,3,  ,0,0.0,0,0,1,0,0,0,0,0,0,0,0,0,0,0,0,0,1
6953,2006081676,130.0,1111.0,67,67301,39.9837,-75.1767,0,0,0,0,0,0,4,5,2006,1,11.0,1.0,0,1.0,3,2,3,  ,0,0.0,0,0,1,0,0,0,0,0,0,0,0,0,0,0,0,0,0
6954,2006081705,2020.0,2020.0,67,67301,39.9982,-75.1254,0,0,0,0,0,0,4,6,2006,6,20.0,3.0,0,1.0,3,0,3,  ,0,0.0,1,0,1,0,0,0,0,0,0,0,0,0,0,0,0,0,0
6955,2006081713,2122.0,2103.0,67,67301,39.9545,-75.2149,0,0,0,0,0,0,4,7,2006,2,21.0,3.0,0,1.0,3,1,3,  ,0,0.0,0,0,1,0,0,0,0,0,0,0,0,0,0,0,0,0,0
6956,2006081716,1751.0,1751.0,67,67301,40.0385,-75.1689,0,0,0,0,0,0,4,6,2006,2,17.0,1.0,0,1.0,3,1,3,  ,3,3.0,0,0,1,0,0,0,0,0,0,0,0,0,0,0,0,0,0
6957,2006081731,1620.0,1616.0,67,67301,39.9282,-75.18,0,0,0,0,0,0,4,7,2006,4,99.0,1.0,0,1.0,3,2,3,  ,3,3.0,1,0,1,0,0,0,0,0,0,0,0,0,0,0,0,0,0
6958,2006081734,2045.0,9999.0,67,67301,,,0,0,0,0,0,0,4,6,2006,6,99.0,1.0,0,1.0,3,1,3,  ,2,3.0,0,0,1,0,0,0,0,0,0,0,0,0,0,0,0,0,0
6959,2006081928,1940.0,1917.0,67,67301,39.9509,-75.2307,0,0,0,0,0,0,1,7,2006,2,19.0,1.0,0,1.0,3,1,3,  ,2,3.0,0,0,0,0,0,0,0,0,0,0,0,0,0,0,0,0,0
6960,2006082022,1847.0,1844.0,67,67301,40.0077,-75.076,0,0,0,0,0,0,4,7,2006,2,18.0,1.0,0,1.0,3,1,3,  ,2,3.0,0,0,1,0,0,0,0,0,0,0,0,0,0,0,0,0,0
6961,2006082025,1735.0,1730.0,67,67301,39.9733,-75.2348,0,0,0,0,0,1,4,7,2006,7,17.0,1.0,0,9.0,3,1,3,  ,2,9.0,0,0,1,0,0,0,0,0,0,0,0,0,0,0,0,0,0
6962,2006082043,2016.0,2016.0,67,67301,39.9489,-75.2456,0,0,0,0,0,0,4,6,2006,2,20.0,4.0,0,1.0,3,1,3,  ,3,3.0,0,0,1,0,0,0,0,0,0,0,0,0,0,0,0,0,0
6963,2006082077,2055.0,2051.0,67,67301,40.0132,-75.0704,0,0,0,0,0,1,4,4,2006,7,20.0,4.0,0,9.0,3,1,3,  ,2,3.0,1,0,1,0,0,0,0,0,0,0,0,0,0,0,0,0,0
6964,2006082086,2311.0,2307.0,67,67301,40.0227,-75.2084,0,0,0,0,0,0,1,6,2006,7,23.0,3.0,0,1.0,3,2,3,  ,3,3.0,1,0,0,0,0,0,0,0,0,0,0,0,0,0,0,0,0
6965,2006082122,1657.0,1653.0,67,67301,,,0,0,0,0,0,0,8,5,2006,7,14.0,1.0,0,1.0,3,0,3,  ,0,0.0,0,0,0,0,0,0,0,0,0,0,0,0,0,0,0,0,0
6966,2006082141,648.0,648.0,23,23111,39.9648,-75.3024,0,0,0,0,0,0,4,7,2006,1,6.0,1.0,0,1.0,3,2,3,  ,0,0.0,0,0,1,0,0,0,0,0,0,0,0,0,0,0,0,0,0
6967,2006082153,1859.0,1857.0,23,23111,39.9399,-75.2629,0,0,0,0,0,0,4,7,2006,5,18.0,1.0,0,1.0,3,2,3,  ,3,3.0,0,0,1,0,0,0,0,0,0,0,0,0,0,0,0,0,0
6968,2006082282,1933.0,1931.0,41,41301,,,0,0,0,0,0,0,4,7,2006,1,19.0,1.0,0,1.0,3,2,3,  ,3,3.0,0,0,1,0,0,1,0,0,0,0,0,0,0,0,0,0,0
6969,2006082505,1540.0,1536.0,67,67301,39.9587,-75.1621,0,0,0,0,0,0,4,5,2006,5,15.0,1.0,0,1.0,3,2,3,  ,0,0.0,1,0,1,0,0,0,0,0,0,0,0,0,0,0,0,0,0
6970,2006082529,1512.0,1509.0,67,67301,40.0001,-75.1289,0,0,0,0,0,0,2,7,2006,7,15.0,1.0,0,1.0,3,1,3,  ,2,3.0,0,0,0,0,0,0,0,0,0,0,0,0,0,0,0,0,0
6971,2006082544,1045.0,1045.0,67,67301,39.9436,-75.1568,0,0,0,0,0,0,5,6,2006,6,99.0,1.0,0,1.0,3,1,3,  ,2,3.0,0,0,0,0,0,0,0,0,0,0,0,0,0,0,0,0,0
6972,2006082577,1320.0,1315.0,67,67301,40.0263,-75.0778,0,0,0,0,0,0,4,7,2006,1,12.0,1.0,0,1.0,3,2,3,  ,2,3.0,0,0,1,0,0,0,0,0,0,0,0,0,0,0,0,0,0
6973,2006082635,1716.0,1711.0,67,67301,,,0,0,0,0,0,0,6,7,2006,6,16.0,1.0,0,1.0,3,2,3,  ,3,3.0,0,0,0,0,0,0,0,0,0,0,0,0,0,0,0,0,0
6974,2006082641,1545.0,1543.0,67,67301,,,0,0,0,0,0,0,4,6,2006,4,15.0,1.0,0,1.0,3,2,3,  ,3,3.0,0,0,1,0,0,0,0,0,0,0,0,0,0,0,0,0,0
6975,2006082645,1631.0,1627.0,67,67301,39.9629,-75.1646,0,0,0,0,0,0,2,6,2006,4,16.0,1.0,0,1.0,3,1,3,  ,2,3.0,0,0,0,0,0,0,0,0,0,0,0,0,0,0,0,0,0
6976,2006082657,2140.0,2137.0,67,67301,40.0132,-75.0711,0,0,0,0,0,0,5,7,2006,5,20.0,4.0,0,1.0,3,0,3,  ,0,0.0,0,0,0,0,0,0,0,0,0,0,0,0,0,0,0,0,0
6977,2006082686,1400.0,1356.0,36,36240,39.965,-76.254,0,0,0,0,0,0,1,6,2006,3,13.0,1.0,0,1.0,1,0,3,  ,0,0.0,0,0,0,0,0,0,0,0,0,0,0,0,0,0,0,0,1
6978,2006082696,1641.0,1640.0,36,36240,39.9976,-76.2462,0,0,0,0,0,0,2,6,2006,3,16.0,1.0,0,1.0,1,2,3,  ,3,3.0,0,0,0,0,0,1,0,0,0,0,0,0,0,0,0,0,0
6979,2006082849,1720.0,1704.0,8,8238,41.7566,-76.4131,0,0,0,0,0,0,4,6,2006,2,17.0,1.0,0,1.0,1,0,3,  ,0,0.0,0,0,1,0,0,0,0,0,0,0,0,0,0,0,0,0,1
6980,2006083054,1925.0,1918.0,67,67301,,,0,0,0,0,0,0,4,7,2006,6,19.0,1.0,0,1.0,3,0,3,  ,0,0.0,0,0,1,0,0,0,0,0,0,0,0,0,0,0,0,0,0
6981,2006083084,1446.0,1440.0,67,67301,39.9878,-75.1185,0,0,0,0,0,0,4,7,2006,1,14.0,1.0,0,1.0,3,1,3,  ,0,0.0,0,0,1,0,0,0,0,0,0,0,0,0,0,0,0,0,0
6982,2006083300,1557.0,1553.0,14,14410,40.7905,-77.8633,0,0,0,0,1,0,4,6,2006,2,13.0,1.0,0,1.0,3,1,3,  ,3,2.0,1,0,1,0,0,0,0,0,0,0,0,0,1,0,0,0,0
6983,2006083306,1120.0,1120.0,67,67301,,,0,0,0,0,0,0,1,6,2006,4,11.0,1.0,0,9.0,3,1,3,  ,3,3.0,0,0,0,0,0,0,0,0,0,0,0,0,0,0,0,0,0
6984,2006083406,1151.0,1151.0,23,23111,,,0,0,0,0,0,0,4,7,2006,1,11.0,1.0,0,1.0,3,0,3,  ,0,0.0,0,0,1,0,0,0,0,0,0,0,0,0,0,0,0,0,0
6985,2006083569,1340.0,1336.0,64,64302,,,0,0,0,0,1,0,4,7,2006,6,13.0,1.0,0,1.0,3,2,3,  ,0,0.0,0,0,1,0,0,0,0,0,0,0,0,0,0,0,0,0,0
6986,2006083596,1606.0,1605.0,25,25207,42.0052,-80.2986,0,0,0,0,0,0,4,6,2006,6,16.0,1.0,0,1.0,1,2,3,  ,3,2.0,0,0,1,0,0,0,0,0,0,0,0,0,0,0,0,0,0
6987,2006083705,1037.0,1030.0,41,41301,,,0,0,0,0,0,0,4,7,2006,5,10.0,1.0,0,1.0,3,0,3,  ,0,0.0,0,0,1,0,0,0,0,0,0,0,0,0,0,0,0,0,0
6988,2006083908,1326.0,1220.0,67,67301,39.9996,-75.1905,0,0,0,0,0,0,6,6,2006,5,13.0,1.0,0,1.0,3,2,3,  ,0,0.0,0,0,0,0,0,0,0,0,0,0,0,0,0,0,0,0,0
6989,2006083954,1052.0,1051.0,23,23103,39.9736,-75.2875,0,0,0,0,1,0,5,7,2006,4,10.0,1.0,0,1.0,3,0,3,  ,0,0.0,0,0,0,0,0,0,0,0,0,0,0,0,0,0,0,0,0
6990,2006083973,1203.0,1150.0,66,66213,39.7612,-76.5958,0,0,0,0,0,0,4,7,2006,7,11.0,1.0,0,1.0,1,1,3,  ,0,0.0,0,0,1,0,0,0,0,0,0,0,0,0,0,0,0,1,0
6991,2006084042,1809.0,1806.0,9,9225,40.1692,-75.0453,0,0,0,0,0,0,4,8,2006,7,18.0,1.0,7,1.0,3,0,3,  ,2,3.0,1,0,1,0,0,0,0,0,0,0,0,0,0,0,0,0,0
6992,2006084177,1302.0,1255.0,67,67301,,,1,0,0,0,0,0,7,5,2006,7,12.0,1.0,0,1.0,3,0,3,  ,0,0.0,1,0,0,0,0,0,0,0,0,0,0,0,0,0,0,1,0
6993,2006084510,1203.0,1200.0,9,9403,,,0,0,0,0,0,0,2,8,2006,5,12.0,1.0,0,1.0,3,2,3,  ,2,3.0,0,0,0,0,0,0,0,0,0,0,0,0,0,0,0,0,0
6994,2006084644,1319.0,1316.0,32,32408,40.6162,-79.1648,0,0,0,0,0,1,4,8,2006,1,12.0,1.0,0,1.0,2,3,3,  ,3,3.0,1,0,1,0,0,0,0,0,0,0,0,0,0,0,0,0,0
6995,2006084692,2052.0,2044.0,21,21101,40.2959,-76.935,0,0,0,0,0,0,4,8,2006,5,20.0,2.0,0,1.0,3,1,3,  ,3,3.0,0,0,1,0,0,0,0,0,0,0,0,0,0,0,0,0,0
6996,2006084729,1748.0,1740.0,21,21401,40.2438,-76.925,0,0,0,0,0,0,4,8,2006,4,17.0,1.0,0,1.0,3,2,3,  ,0,0.0,0,0,1,0,0,0,0,0,0,0,0,0,0,0,0,0,0
6997,2006084886,2110.0,2100.0,67,67301,,,0,0,0,0,0,0,6,6,2006,5,19.0,1.0,0,1.0,3,1,3,  ,3,3.0,0,0,0,0,0,0,0,0,0,0,0,0,0,0,0,0,0
6998,2006085007,1734.0,1731.0,59,59402,,,0,0,0,0,0,0,4,8,2006,3,17.0,1.0,0,1.0,2,2,3,  ,3,9.0,0,0,1,0,0,0,0,0,0,0,0,0,0,0,0,1,0
6999,2006085075,1543.0,1542.0,35,35407,41.4215,-75.6265,0,1,0,0,0,0,5,8,2006,5,15.0,1.0,0,1.0,3,5,7,  ,0,0.0,0,0,0,0,0,0,0,0,0,0,0,0,0,0,0,0,0
7000,2006085108,2343.0,2340.0,46,46413,,,0,0,0,0,0,0,4,7,2006,7,23.0,3.0,0,9.0,3,0,7,  ,0,0.0,0,0,1,0,0,0,0,0,0,0,0,0,0,0,0,0,0
7001,2006085118,1453.0,1453.0,46,46113,40.2186,-75.297,0,0,0,0,1,0,4,7,2006,5,14.0,1.0,0,1.0,3,2,3,  ,2,3.0,1,0,1,0,0,0,0,0,0,0,0,0,0,0,0,0,1
7002,2006085223,2005.0,2002.0,6,6301,40.3503,-75.9196,0,0,0,0,0,0,4,8,2006,7,20.0,4.0,0,1.0,3,1,3,  ,2,3.0,1,0,1,0,0,0,0,0,0,0,0,0,0,0,0,0,0
7003,2006085274,158.0,158.0,64,64306,40.5904,-79.7365,0,0,0,0,0,0,1,8,2006,5,1.0,3.0,0,1.0,3,0,3,  ,0,0.0,0,0,0,0,0,0,0,0,0,0,0,0,0,0,0,0,0
7004,2006085464,2148.0,2144.0,40,40304,41.2371,-75.8871,0,1,0,0,0,0,4,7,2006,6,21.0,3.0,0,1.0,3,1,3,  ,2,3.0,0,1,1,0,0,0,0,0,0,0,0,0,0,0,0,0,0
7005,2006085487,721.0,719.0,46,46413,40.1119,-75.3436,0,0,0,0,0,0,4,7,2006,5,7.0,1.0,7,9.0,3,0,3,  ,0,0.0,0,0,1,0,0,0,0,0,0,0,0,0,0,0,0,0,0
7006,2006085700,1451.0,1447.0,6,6418,40.3075,-75.9735,0,1,0,0,0,0,5,8,2006,5,14.0,1.0,0,1.0,3,0,3,  ,0,0.0,0,0,0,0,0,0,0,0,0,0,0,0,0,0,0,0,0
7007,2006085782,1837.0,1834.0,66,66424,,,0,0,0,0,1,0,4,8,2006,4,18.0,1.0,0,1.0,3,0,3,  ,0,0.0,0,0,1,0,0,0,0,0,0,0,0,0,0,0,0,1,0
7008,2006085796,1837.0,1835.0,39,39302,40.6374,-75.4002,0,0,0,0,0,0,4,8,2006,5,18.0,1.0,0,1.0,3,0,3,  ,0,0.0,0,0,1,0,0,0,0,0,0,0,0,0,0,0,0,0,0
7009,2006085823,1915.0,1913.0,6,6301,40.3384,-75.9248,0,0,0,0,0,0,2,8,2006,1,19.0,1.0,0,1.0,3,1,3,  ,3,3.0,0,0,0,0,0,0,0,0,0,0,0,0,0,0,0,0,0