,CRN,ARRIVAL_TM,DISPATCH_TM,COUNTY,MUNICIPALITY,DEC_LAT,DEC_LONG,BICYCLE_DEATH_COUNT,BICYCLE_SUSP_SERIOUS_INJ_COUNT,BUS_COUNT,HEAVY_TRUCK_COUNT,SMALL_TRUCK_COUNT,SUV_COUNT,COLLISION_TYPE,CRASH_MONTH,CRASH_YEAR,DAY_OF_WEEK,HOUR_OF_DAY,ILLUMINATION,LOCATION_TYPE,ROAD_CONDITION,URBAN_RURAL,INTERSECT_TYPE,WEATHER1,WEATHER2,TCD_TYPE,TCD_FUNC_CD,AGGRESSIVE_DRIVING,ALCOHOL_RELATED,ANGLE_CRASH,CELL_PHONE,COMM_VEHICLE,DISTRACTED,DRINKING_DRIVER,DRUGGED_DRIVER,FATIGUE_ASLEEP,IMPAIRED_DRIVER,NHTSA_AGG_DRIVING,RUNNING_RED_LT,RUNNING_STOP_SIGN,SPEEDING_RELATED,TAILGATING,MATURE_DRIVER,YOUNG_DRIVER
7010,2006085866,1739.0,1739.0,25,25302,,,0,0,0,0,0,0,4,7,2006,6,17.0,1.0,0,1.0,3,1,3,  ,2,3.0,0,0,1,0,0,0,0,0,0,0,0,0,0,0,0,0,0
7011,2006085901,1508.0,1507.0,46,46413,40.1218,-75.3593,0,0,0,0,0,0,4,7,2006,3,15.0,1.0,0,1.0,3,1,3,  ,2,3.0,0,0,1,0,0,0,0,0,0,0,0,0,0,0,0,0,0
7012,2006085992,1952.0,1950.0,28,28402,,,0,0,0,0,1,0,4,8,2006,2,19.0,4.0,0,98.0,1,1,3,  ,8,3.0,0,0,1,0,0,0,0,0,0,0,0,0,0,0,0,0,0
7013,2006086196,543.0,539.0,46,46101,40.1276,-75.1447,0,0,0,0,0,0,4,8,2006,7,5.0,3.0,0,1.0,3,2,3,  ,0,0.0,0,0,1,0,0,0,0,0,0,0,0,0,0,0,0,0,1
7014,2006086236,2133.0,2132.0,6,6301,40.3386,-75.9356,0,0,0,0,0,0,1,8,2006,4,21.0,3.0,0,1.0,3,10,3,  ,3,9.0,0,0,0,0,0,0,0,0,0,0,0,0,0,0,0,0,1
7015,2006086253,1224.0,1220.0,66,66205,39.9578,-76.844,0,0,0,0,0,0,4,8,2006,4,12.0,1.0,7,1.0,1,0,3,  ,0,0.0,0,0,1,0,0,0,0,0,0,0,0,0,0,0,0,0,0
7016,2006086389,1843.0,1825.0,26,26209,40.0805,-79.8349,0,0,0,0,0,0,4,7,2006,2,18.0,1.0,0,1.0,1,0,3,  ,0,0.0,0,0,1,0,0,1,0,0,0,0,0,0,0,0,0,1,0
7017,2006086393,130.0,49.0,26,26211,40.0113,-79.9,0,0,0,0,0,0,4,7,2006,1,20.0,4.0,0,1.0,1,1,3,  ,3,3.0,0,0,1,0,0,0,0,0,0,0,0,0,0,0,0,0,0
7018,2006086413,750.0,728.0,20,20401,41.6812,-80.041,0,0,0,0,0,0,4,7,2006,5,7.0,1.0,0,1.0,1,1,3,  ,3,3.0,1,0,1,0,0,0,0,0,0,0,0,0,0,0,0,0,0
7019,2006086689,1410.0,1405.0,21,21103,,,0,1,0,0,0,1,4,8,2006,7,14.0,1.0,0,1.0,3,0,3,  ,0,0.0,0,0,1,0,0,0,0,0,0,0,0,0,0,0,0,0,0
7020,2006086697,1110.0,1104.0,15,15301,,,0,0,1,0,0,0,4,8,2006,2,11.0,1.0,0,1.0,3,0,3,  ,0,0.0,1,0,1,0,1,0,0,0,0,0,0,0,0,0,0,0,0
7021,2006086730,2309.0,2211.0,39,39301,40.6157,-75.4787,0,0,0,0,0,0,4,8,2006,1,21.0,3.0,0,1.0,3,2,3,  ,0,0.0,0,0,1,0,0,0,0,0,0,0,0,0,0,0,0,0,0
7022,2006086759,1708.0,1707.0,9,9401,40.1027,-74.8515,0,0,0,0,0,0,4,8,2006,2,17.0,1.0,0,1.0,3,2,3,  ,2,2.0,0,0,1,0,0,0,0,0,0,0,0,0,0,0,0,0,0
7023,2006086771,1235.0,1234.0,48,48301,40.6267,-75.3625,0,0,0,0,0,0,8,8,2006,4,12.0,1.0,0,1.0,3,2,3,  ,3,3.0,0,0,0,0,0,0,0,0,0,0,0,0,0,0,0,0,0
7024,2006086861,1827.0,1808.0,46,46416,40.2578,-75.6457,0,0,0,0,0,0,5,7,2006,7,18.0,1.0,0,1.0,2,3,3,  ,0,0.0,0,0,0,0,0,0,0,0,0,0,0,0,0,0,0,0,0
7025,2006086870,1421.0,1416.0,24,24301,41.4144,-78.549,0,0,0,0,0,0,4,7,2006,7,14.0,1.0,0,9.0,2,2,3,  ,3,3.0,0,0,1,0,0,0,0,0,0,0,0,0,0,0,0,0,0
7026,2006086876,1102.0,1055.0,35,35302,41.405,-75.686,0,0,0,0,0,0,4,7,2006,4,10.0,1.0,0,9.0,3,1,7,  ,0,0.0,0,0,1,0,0,0,0,0,0,0,0,0,0,0,0,1,0
7027,2006087217,354.0,353.0,22,22301,40.2585,-76.8829,0,0,0,0,0,0,4,8,2006,1,3.0,3.0,0,1.0,3,0,3,  ,0,0.0,0,0,1,0,0,0,0,0,0,0,0,0,0,0,0,0,0
7028,2006087264,2156.0,2150.0,39,39301,40.6157,-75.4447,0,0,0,0,0,0,4,8,2006,7,21.0,3.0,0,1.0,3,1,3,  ,2,3.0,1,0,1,0,0,0,0,0,0,0,0,0,0,0,0,0,0
7029,2006087278,1956.0,1953.0,6,6301,40.348,-75.9377,0,0,0,0,0,0,4,8,2006,1,19.0,1.0,0,1.0,3,0,3,  ,0,0.0,0,0,1,0,0,0,0,0,0,0,0,0,0,0,0,0,0
7030,2006087464,2130.0,2127.0,6,6301,40.3336,-75.914,0,0,0,0,0,0,8,8,2006,7,21.0,3.0,0,1.0,3,2,3,  ,2,3.0,0,0,0,0,0,0,0,0,0,0,0,0,0,0,0,1,0
7031,2006087606,1753.0,1746.0,46,46226,40.1964,-75.3494,0,0,0,0,0,0,5,7,2006,4,17.0,1.0,0,1.0,1,0,3,  ,0,0.0,0,0,0,0,0,0,0,0,0,0,0,0,0,0,0,0,0
7032,2006087627,1912.0,1910.0,38,38301,,,0,0,0,0,0,1,4,8,2006,7,19.0,1.0,0,1.0,2,5,3,  ,2,3.0,0,0,1,0,0,0,0,0,0,0,0,0,0,0,0,0,0
7033,2006087807,732.0,732.0,36,36408,40.1873,-76.1845,0,0,0,0,0,0,4,8,2006,2,7.0,1.0,0,9.0,2,1,3,  ,2,3.0,0,0,1,0,0,0,0,0,0,0,0,0,0,0,0,0,0
7034,2006087946,1753.0,1737.0,18,18204,,,0,1,0,0,0,0,4,7,2006,3,17.0,1.0,0,1.0,2,1,3,  ,0,0.0,1,0,1,0,0,0,0,0,0,0,0,0,0,0,0,1,0
7035,2006087953,2222.0,2221.0,2,2301,40.454,-80.0595,0,0,0,0,0,0,4,8,2006,5,22.0,3.0,0,1.0,3,1,3,  ,3,2.0,0,0,1,0,0,0,0,0,0,0,0,0,0,0,0,0,0
7036,2006088122,2356.0,2355.0,64,64102,40.357,-79.6498,0,0,0,0,0,0,4,7,2006,1,20.0,1.0,0,1.0,3,1,3,  ,3,3.0,1,0,1,0,0,0,0,0,0,0,0,0,1,0,0,0,0
7037,2006088143,1150.0,1139.0,9,9220,,,0,0,0,0,0,1,4,7,2006,6,11.0,1.0,0,1.0,1,0,3,  ,0,0.0,0,0,1,0,0,0,0,0,0,0,0,0,0,0,0,0,0
7038,2006088229,1710.0,1706.0,6,6301,40.3475,-75.9265,0,0,0,0,0,0,4,8,2006,2,16.0,1.0,0,1.0,3,1,3,  ,0,0.0,0,0,1,0,0,0,0,0,0,0,0,0,0,0,0,0,0
7039,2006088372,1432.0,1428.0,39,39301,40.6183,-75.474,0,0,0,0,0,0,5,8,2006,6,14.0,1.0,0,1.0,3,2,3,  ,3,3.0,0,0,0,0,0,0,0,0,0,0,0,0,0,0,0,0,0
7040,2006088624,1704.0,1702.0,36,36412,40.0112,-76.3547,0,0,0,0,0,0,5,8,2006,3,17.0,1.0,0,1.0,3,2,3,  ,0,0.0,0,0,0,0,0,0,0,0,0,0,0,0,0,0,0,1,0
7041,2006088778,1121.0,1050.0,10,10203,,,0,0,0,0,0,0,4,7,2006,1,10.0,1.0,0,1.0,1,2,3,  ,3,3.0,0,0,1,0,0,0,0,0,0,0,0,0,0,0,0,1,0
7042,2006088936,2159.0,2138.0,17,17219,41.2303,-78.5505,0,0,0,0,0,0,5,7,2006,4,21.0,2.0,0,1.0,1,0,3,  ,0,0.0,0,0,0,0,0,0,0,0,0,0,0,0,0,0,0,0,0
7043,2006089015,1501.0,1458.0,6,6426,,,0,0,0,0,0,0,4,8,2006,7,14.0,1.0,0,1.0,3,2,3,  ,3,3.0,0,0,1,0,0,0,0,0,0,0,0,0,0,0,0,0,1
7044,2006089018,1636.0,1633.0,40,40302,,,0,0,0,1,0,0,4,8,2006,6,16.0,1.0,0,1.0,3,0,3,  ,0,0.0,0,0,1,0,1,0,0,0,0,0,0,0,0,0,0,0,0
7045,2006089136,1400.0,1357.0,15,15219,,,0,0,0,0,0,0,5,7,2006,2,13.0,1.0,0,1.0,1,0,3,  ,0,0.0,0,0,0,0,0,0,0,0,0,0,0,0,0,0,0,0,0
7046,2006089173,2344.0,2343.0,6,6301,,,0,0,0,0,0,1,8,8,2006,5,23.0,3.0,0,1.0,3,1,3,  ,3,3.0,0,0,0,0,0,1,0,0,0,0,0,0,0,0,0,0,1
7047,2006089247,1837.0,1834.0,35,35406,,,1,0,0,0,0,0,4,8,2006,3,18.0,1.0,0,9.0,3,1,3,  ,0,0.0,0,0,1,0,0,0,0,0,0,0,0,0,0,0,0,0,0
7048,2006089296,1836.0,1819.0,66,66233,,,0,0,0,0,1,0,4,8,2006,3,18.0,1.0,0,1.0,1,3,3,  ,0,0.0,1,0,1,0,0,0,0,0,0,0,0,0,0,0,0,0,0
7049,2006089384,1027.0,1026.0,9,9409,40.209,-74.7721,0,0,0,0,0,1,4,8,2006,6,10.0,1.0,0,1.0,3,2,3,  ,3,3.0,0,0,1,0,0,0,0,0,0,0,0,0,0,0,0,0,0
7050,2006089460,1241.0,1235.0,9,9202,40.1423,-74.9304,0,0,0,0,0,0,2,8,2006,6,12.0,1.0,0,1.0,3,0,3,  ,0,0.0,0,0,0,0,0,0,0,0,0,0,0,0,0,0,0,0,0
7051,2006089563,1626.0,1624.0,48,48409,,,0,0,0,0,0,0,4,8,2006,3,16.0,1.0,0,9.0,3,1,7,  ,3,3.0,0,0,1,0,0,0,0,0,0,0,0,0,0,0,0,0,0
7052,2006089577,1714.0,1705.0,36,36227,40.1714,-76.3299,0,0,0,1,1,0,7,8,2006,4,16.0,1.0,0,1.0,1,2,3,  ,3,3.0,0,0,0,0,1,0,0,0,0,0,0,0,0,0,0,0,0
7053,2006089584,2002.0,1957.0,66,66433,,,0,0,0,0,0,0,4,8,2006,6,19.0,4.0,7,1.0,1,0,3,  ,0,0.0,0,0,1,0,0,0,0,0,0,0,0,0,0,0,0,0,0
7054,2006089588,2154.0,2151.0,38,38101,40.3317,-76.503,0,0,0,0,0,0,2,8,2006,3,21.0,2.0,0,9.0,2,2,7,  ,0,0.0,0,0,0,0,0,0,0,0,0,0,0,0,0,0,0,0,1
7055,2006089726,2013.0,2013.0,43,43302,41.236,-80.5149,0,1,0,0,0,1,4,8,2006,6,20.0,1.0,0,1.0,3,0,3,  ,0,0.0,0,0,1,0,0,0,0,0,0,0,0,0,0,0,0,0,1
7056,2006089736,2128.0,2124.0,38,38301,40.3457,-76.4313,0,0,0,0,0,0,4,8,2006,6,17.0,1.0,0,1.0,2,1,3,  ,0,0.0,0,0,1,0,0,0,0,0,0,0,0,0,0,0,0,0,0
7057,2006089918,2012.0,2011.0,22,22101,40.3268,-76.8771,0,0,0,0,0,0,4,8,2006,5,20.0,1.0,0,1.0,3,2,3,  ,0,0.0,0,0,1,0,0,0,0,0,0,0,0,0,0,0,0,0,0
7058,2006090067,2208.0,2206.0,25,25302,,,0,0,0,0,0,0,4,8,2006,1,22.0,3.0,0,1.0,3,1,3,  ,3,3.0,0,1,1,0,0,0,1,0,0,1,0,0,0,0,0,0,0
7059,2006090094,1625.0,1623.0,46,46413,40.1194,-75.3532,0,0,0,0,0,0,4,8,2006,4,16.0,1.0,0,1.0,3,2,3,  ,3,2.0,0,0,1,0,0,0,0,0,0,0,0,0,0,0,0,0,0
7060,2006090127,1806.0,1800.0,15,15411,,,0,0,0,0,0,0,4,8,2006,4,18.0,1.0,0,1.0,3,0,3,  ,0,0.0,0,0,1,0,0,0,0,0,0,0,0,0,0,0,0,0,0
7061,2006090135,1537.0,1520.0,36,36301,40.0397,-76.3119,0,0,0,0,0,0,4,8,2006,6,15.0,1.0,0,1.0,3,1,3,  ,3,3.0,1,0,1,0,0,0,0,0,0,0,0,0,1,0,0,0,0
7062,2006090190,1356.0,1347.0,6,6301,40.3153,-75.9412,0,0,0,0,0,0,4,8,2006,3,13.0,1.0,0,1.0,3,0,3,  ,0,0.0,0,0,1,0,0,0,0,0,0,0,0,0,0,0,0,0,0
7063,2006090193,923.0,919.0,6,6301,40.3401,-75.9307,0,0,0,0,1,0,4,8,2006,6,9.0,1.0,0,1.0,3,1,3,  ,3,3.0,0,0,1,0,0,0,0,0,0,0,0,0,0,0,0,0,0
7064,2006090244,1642.0,1639.0,35,35302,,,0,0,0,0,0,0,4,7,2006,2,16.0,1.0,0,1.0,3,1,3,  ,3,3.0,0,0,1,0,0,0,0,0,0,0,0,0,0,0,0,0,0
7065,2006090251,1521.0,1516.0,2,2301,40.4474,-79.954,0,0,0,0,0,0,4,8,2006,2,15.0,1.0,0,1.0,3,2,3,  ,3,3.0,0,0,1,0,0,0,0,0,0,0,0,0,0,0,0,0,0
7066,2006090275,2225.0,2222.0,35,35302,41.4435,-75.6445,0,0,0,0,0,0,4,7,2006,7,22.0,3.0,0,1.0,3,2,3,  ,0,0.0,1,0,1,0,0,0,0,0,0,0,0,0,0,0,0,0,0
7067,2006090303,1504.0,1501.0,43,43302,41.2245,-80.4889,0,0,0,0,0,0,4,8,2006,3,14.0,1.0,0,1.0,3,1,3,  ,3,3.0,0,0,1,0,0,0,0,0,0,0,0,0,0,0,0,1,0
7068,2006090332,2018.0,2014.0,38,38301,,,0,0,0,0,0,0,4,8,2006,6,20.0,4.0,0,1.0,2,1,3,  ,3,3.0,0,0,1,0,0,0,0,0,0,0,0,0,0,0,0,0,0
7069,2006090343,1046.0,1042.0,40,40304,41.2357,-75.8708,0,0,0,0,0,0,4,8,2006,5,10.0,1.0,0,1.0,3,1,3,  ,3,3.0,0,0,1,0,0,0,0,0,0,0,0,0,0,0,0,0,0
7070,2006090357,901.0,901.0,14,14410,40.7867,-77.8582,0,0,0,0,0,0,4,8,2006,6,19.0,1.0,0,1.0,3,2,3,  ,3,3.0,0,0,1,0,0,0,0,0,0,0,0,0,0,0,0,0,0
7071,2006090369,1910.0,1906.0,41,41301,41.2325,-77.0533,0,0,0,0,0,0,4,8,2006,5,18.0,1.0,0,1.0,3,0,3,  ,0,0.0,0,0,1,0,0,1,0,0,0,0,0,0,0,0,0,0,0
7072,2006090401,911.0,906.0,35,35302,41.4369,-75.659,0,0,0,0,0,0,4,7,2006,4,9.0,1.0,0,1.0,3,2,99,  ,2,3.0,0,0,1,0,0,0,0,0,0,0,0,0,0,0,0,0,0
7073,2006090523,1449.0,1447.0,7,7408,,,0,0,0,0,0,0,4,8,2006,2,14.0,1.0,0,1.0,1,1,3,  ,3,3.0,0,0,1,0,0,0,0,0,0,0,0,0,0,0,0,0,1
7074,2006090577,2048.0,2042.0,22,22102,40.2632,-76.7877,0,0,0,0,0,0,2,8,2006,2,20.0,2.0,0,1.0,3,2,3,  ,0,0.0,0,0,0,0,0,1,0,0,0,0,0,0,0,0,0,0,0
7075,2006090714,1915.0,1906.0,66,66220,40.1235,-76.736,0,0,0,0,0,0,4,8,2006,5,19.0,1.0,0,1.0,1,2,3,  ,0,0.0,1,0,1,0,0,0,0,0,0,0,0,0,0,0,0,0,0
7076,2006090851,1258.0,1255.0,21,21103,40.2427,-76.9905,0,0,0,0,0,0,4,9,2006,5,12.0,1.0,0,1.0,3,1,3,  ,2,3.0,0,0,1,0,0,0,0,0,0,0,0,0,0,0,0,0,0
7077,2006090894,2022.0,2013.0,9,9221,,,0,0,0,0,0,0,1,9,2006,2,20.0,2.0,0,1.0,1,0,3,  ,0,0.0,0,1,0,0,0,0,1,0,0,1,0,0,0,0,0,0,0
7078,2006090903,738.0,737.0,46,46412,,,0,1,0,0,1,0,4,7,2006,2,7.0,1.0,0,1.0,3,1,3,  ,2,3.0,0,0,1,0,0,0,0,0,0,0,0,0,0,0,0,0,0
7079,2006091070,1516.0,1515.0,46,46104,,,0,0,0,0,0,1,4,8,2006,2,15.0,1.0,0,1.0,3,1,3,  ,3,3.0,0,0,1,0,0,0,0,0,0,0,0,0,0,0,0,0,0
7080,2006091111,800.0,759.0,22,22301,40.2555,-76.8632,0,0,0,0,0,0,4,8,2006,5,7.0,1.0,0,1.0,3,0,3,  ,0,0.0,0,0,1,0,0,0,0,0,0,0,0,0,0,0,0,0,0
7081,2006091450,1306.0,1303.0,25,25210,42.1398,-80.002,0,0,0,0,0,1,4,7,2006,4,13.0,1.0,0,1.0,1,2,3,  ,0,0.0,0,0,1,0,0,0,0,0,0,0,0,0,0,0,0,0,0
7082,2006091492,2134.0,2108.0,55,55210,40.1129,-79.0703,0,0,0,0,0,0,1,8,2006,7,20.0,4.0,0,1.0,1,0,3,  ,0,0.0,1,0,0,0,0,0,0,0,0,0,0,0,0,0,0,0,0
7083,2006091632,1224.0,1145.0,64,64425,40.4159,-79.0184,0,0,0,0,1,0,4,8,2006,3,11.0,1.0,0,1.0,1,2,3,  ,3,3.0,0,0,1,0,0,0,0,0,0,0,0,0,0,0,0,0,0
7084,2006091698,2023.0,2022.0,15,15411,40.1382,-75.513,0,0,0,0,0,0,4,9,2006,2,20.0,2.0,0,1.0,3,1,3,  ,0,0.0,0,0,1,0,0,0,0,0,0,0,0,0,0,0,0,0,0
7085,2006091750,1511.0,1457.0,25,25210,,,0,0,0,0,0,0,5,7,2006,6,22.0,2.0,0,1.0,1,0,3,  ,0,0.0,1,0,0,0,0,0,0,0,0,0,0,0,0,1,0,0,0
7086,2006091803,1725.0,1707.0,28,28213,,,0,0,0,0,1,0,1,8,2006,5,17.0,1.0,0,1.0,1,2,3,  ,0,0.0,0,0,0,0,0,0,0,0,0,0,0,0,0,0,0,1,0
7087,2006091910,1934.0,1916.0,45,45202,40.939,-75.45,0,0,0,0,1,0,4,8,2006,6,19.0,1.0,0,1.0,1,1,3,  ,0,0.0,0,0,1,0,0,0,0,0,0,0,0,0,0,0,0,0,0
7088,2006091970,2025.0,2025.0,45,45205,,,0,0,0,0,0,0,4,8,2006,7,20.0,4.0,0,1.0,1,0,3,  ,0,0.0,0,0,1,0,0,0,0,0,0,0,0,0,0,0,0,0,0
7089,2006092280,1356.0,1342.0,8,8221,41.8503,-76.4891,0,1,0,0,0,0,4,8,2006,5,13.0,1.0,0,1.0,1,0,3,  ,0,0.0,0,0,1,0,0,0,0,0,0,0,0,0,0,0,0,0,0
7090,2006092409,1349.0,1346.0,67,67301,40.0491,-75.0071,0,0,0,0,0,0,4,8,2006,5,13.0,1.0,0,1.0,3,0,3,  ,0,0.0,0,0,1,0,0,0,0,0,0,0,0,0,0,0,0,1,0
7091,2006092494,9999.0,9999.0,67,67301,,,0,0,0,0,0,0,1,8,2006,1,99.0,4.0,0,1.0,3,1,3,  ,2,3.0,0,0,0,0,0,0,0,0,0,0,0,0,0,0,0,0,0
7092,2006092577,557.0,554.0,66,66231,39.9526,-76.7703,0,0,0,0,0,0,5,9,2006,6,5.0,3.0,0,1.0,1,2,3,  ,2,3.0,0,0,0,0,0,0,0,0,0,0,0,0,0,0,0,0,0
7093,2006092585,2158.0,2158.0,67,67301,40.0105,-75.1608,0,0,0,0,0,0,4,8,2006,7,21.0,3.0,0,1.0,3,1,3,  ,3,3.0,0,0,1,0,0,1,0,0,0,0,0,0,0,0,0,0,0
7094,2006092600,2120.0,1914.0,67,67301,40.0253,-75.1279,0,0,0,0,0,0,8,7,2006,1,21.0,3.0,0,1.0,3,2,3,  ,3,9.0,0,0,0,0,0,0,0,0,0,0,0,0,0,0,0,0,0
7095,2006092622,1715.0,1713.0,25,25302,42.1078,-80.0627,0,0,0,0,0,0,5,8,2006,4,17.0,1.0,0,1.0,3,1,3,  ,2,3.0,0,0,0,0,0,0,0,0,0,0,0,0,0,0,0,0,0
7096,2006092649,1830.0,1820.0,2,2301,,,0,0,0,0,0,0,4,9,2006,3,18.0,1.0,0,1.0,3,0,3,  ,0,0.0,0,0,1,0,0,0,0,0,0,0,0,0,0,0,0,0,0
7097,2006092667,1703.0,1658.0,9,9101,40.1041,-74.8756,0,0,0,0,0,0,4,8,2006,5,16.0,1.0,0,1.0,3,2,3,  ,3,3.0,0,0,1,0,0,0,0,0,0,0,0,0,0,0,0,1,0
7098,2006092668,1933.0,1929.0,46,46413,40.1251,-75.3411,0,0,0,0,1,0,4,8,2006,2,19.0,1.0,0,1.0,3,2,3,  ,3,3.0,1,0,1,0,0,0,0,0,0,0,0,0,0,0,0,0,0
7099,2006092690,1715.0,1703.0,39,39301,40.6049,-75.4478,0,0,0,0,0,0,4,8,2006,4,16.0,1.0,0,1.0,3,1,3,  ,0,0.0,0,0,1,0,0,0,0,0,0,0,0,0,0,0,0,0,0
7100,2006092710,2041.0,2036.0,67,67301,39.927,-75.1802,0,0,0,0,0,0,4,8,2006,6,19.0,1.0,0,1.0,3,2,3,  ,0,0.0,0,0,1,0,0,0,0,0,0,0,0,0,0,0,0,0,0
7101,2006092753,1310.0,1307.0,7,7301,,,0,0,0,1,0,0,4,8,2006,4,13.0,1.0,0,1.0,3,1,3,  ,3,3.0,0,0,1,0,0,0,0,0,0,0,0,0,0,0,0,0,0
7102,2006092789,2042.0,2040.0,67,67301,,,0,0,0,0,0,0,8,8,2006,4,99.0,5.0,0,1.0,3,1,3,  ,3,9.0,0,0,0,0,0,0,0,0,0,0,0,0,0,0,0,0,0
7103,2006092790,1408.0,1407.0,67,67301,,,0,1,0,0,0,0,4,8,2006,6,14.0,1.0,0,1.0,3,1,3,  ,3,9.0,0,0,1,0,0,0,0,0,0,0,0,0,0,0,0,0,0
7104,2006092794,1510.0,1505.0,67,67301,39.922,-75.151,0,0,1,0,0,0,4,8,2006,3,15.0,1.0,0,1.0,3,1,3,  ,2,9.0,1,0,1,0,1,0,0,0,0,0,0,0,0,0,0,0,0
7105,2006092847,1955.0,1952.0,6,6301,,,0,0,0,0,0,0,4,8,2006,4,19.0,1.0,0,1.0,3,1,3,  ,3,9.0,0,0,1,0,0,0,0,0,0,0,0,0,0,0,0,0,0
7106,2006092877,1540.0,1535.0,67,67301,40.0482,-75.0931,0,0,0,0,1,0,4,8,2006,5,15.0,1.0,0,1.0,3,0,3,  ,0,0.0,0,1,1,0,0,0,0,0,0,0,0,0,0,0,0,0,0
7107,2006092883,1705.0,1643.0,67,67301,40.018,-75.0543,0,0,0,0,0,1,8,8,2006,6,16.0,1.0,0,1.0,3,2,3,  ,3,9.0,0,0,0,0,0,0,0,0,0,0,0,0,0,0,0,0,0
7108,2006092884,2019.0,1956.0,67,67301,40.0205,-75.0537,0,0,0,0,0,0,4,8,2006,6,20.0,1.0,0,1.0,3,1,3,  ,2,3.0,0,0,1,0,0,0,0,0,0,0,0,0,0,0,0,0,0
7109,2006092889,2306.0,2305.0,67,67301,,,0,0,0,0,0,0,5,7,2006,3,3.0,3.0,0,1.0,3,1,3,  ,0,0.0,0,0,0,0,0,0,0,0,0,0,0,0,0,0,0,0,0
7110,2006092916,1732.0,1730.0,67,67301,40.0553,-75.0732,0,0,0,0,0,0,4,7,2006,2,17.0,1.0,7,1.0,3,0,3,  ,0,0.0,1,0,1,0,0,0,0,0,0,0,0,0,0,0,0,0,0
7111,2006092934,1637.0,1613.0,39,39301,40.6134,-75.4754,0,0,0,0,0,0,4,8,2006,2,16.0,1.0,0,1.0,3,2,3,  ,0,0.0,0,0,1,0,0,0,0,0,0,0,0,0,0,0,0,0,0
7112,2006092939,2009.0,2008.0,39,39301,40.5903,-75.46,0,0,0,0,0,1,2,8,2006,1,20.0,3.0,0,9.0,3,1,7,  ,0,0.0,0,0,0,0,0,0,0,0,0,0,0,0,0,0,0,0,0
7113,2006092958,941.0,937.0,9,9207,40.4084,-75.2599,0,0,0,1,0,0,4,7,2006,4,9.0,1.0,0,1.0,1,0,3,  ,0,0.0,1,0,1,0,1,0,0,0,0,0,0,0,0,0,0,0,0
7114,2006092982,1256.0,1256.0,46,46211,,,0,0,0,0,0,0,4,8,2006,2,12.0,1.0,0,1.0,1,1,3,  ,2,3.0,0,0,1,0,0,0,0,0,0,0,0,0,0,0,0,0,0
7115,2006093012,2052.0,2045.0,2,2301,40.3873,-79.9839,0,0,0,0,0,0,1,8,2006,5,20.0,3.0,0,1.0,3,1,3,  ,2,3.0,0,0,0,0,0,0,0,0,0,0,0,0,0,0,0,0,0
7116,2006093231,2147.0,2141.0,46,46413,40.1226,-75.3453,0,0,0,0,0,0,4,8,2006,1,21.0,3.0,0,9.0,3,2,7,  ,3,9.0,0,0,1,0,0,0,0,0,0,0,0,0,0,0,0,0,0
7117,2006093237,1620.0,1618.0,46,46421,40.3131,-75.327,0,1,0,0,0,0,5,7,2006,1,16.0,1.0,0,1.0,3,0,3,  ,0,0.0,0,0,0,0,0,0,0,0,0,0,0,0,0,0,0,0,0
7118,2006093289,1916.0,1916.0,9,9218,40.2095,-75.0134,0,0,0,0,0,0,4,8,2006,5,19.0,4.0,7,1.0,3,0,3,  ,2,3.0,1,0,1,0,0,0,0,0,0,0,0,0,0,0,0,0,0
7119,2006093309,1756.0,1743.0,48,48301,40.609,-75.3692,0,0,0,0,0,0,4,8,2006,3,17.0,1.0,0,1.0,3,1,3,  ,0,0.0,0,0,1,0,0,0,0,0,0,0,0,0,0,0,0,0,0
7120,2006093312,1616.0,1614.0,48,48301,40.6254,-75.3668,0,0,0,0,0,1,4,8,2006,2,16.0,1.0,0,1.0,3,2,3,  ,0,0.0,0,0,1,0,0,0,0,0,0,0,0,0,0,0,0,0,0
7121,2006093340,1840.0,1837.0,2,2219,40.2906,-80.0264,0,1,0,0,1,0,4,8,2006,4,18.0,1.0,0,1.0,3,0,3,  ,0,0.0,0,0,1,0,0,0,0,0,0,0,0,0,0,0,0,0,0
7122,2006093360,2036.0,2035.0,40,40104,,,0,0,0,0,0,0,2,8,2006,1,20.0,1.0,0,1.0,3,0,3,  ,0,0.0,0,0,0,0,0,0,0,0,0,0,0,0,0,0,0,0,0
7123,2006093372,1956.0,1950.0,6,6103,40.2838,-75.9209,0,0,0,0,0,0,4,8,2006,2,19.0,3.0,0,1.0,1,0,3,  ,0,0.0,0,0,1,0,0,0,0,0,0,0,0,0,0,0,0,0,0
7124,2006093427,1814.0,1807.0,67,67301,40.0216,-75.1652,0,0,0,0,1,0,8,8,2006,6,18.0,1.0,0,1.0,3,0,3,  ,0,0.0,0,0,0,0,0,0,0,0,0,0,0,0,0,0,0,0,0
7125,2006093435,857.0,855.0,67,67301,39.9968,-75.1538,0,0,0,0,0,0,4,7,2006,2,8.0,1.0,0,1.0,3,1,3,  ,2,3.0,0,0,1,0,0,0,0,0,0,0,0,0,0,0,0,0,0
7126,2006093449,2155.0,2150.0,67,67301,,,0,0,0,0,0,0,8,7,2006,2,21.0,3.0,0,1.0,3,1,3,  ,0,0.0,0,0,0,0,0,0,0,0,0,0,0,0,0,0,0,0,0
7127,2006093452,1322.0,1320.0,67,67301,40.0282,-75.0847,0,0,0,0,0,0,2,8,2006,7,12.0,1.0,0,1.0,3,0,3,  ,0,0.0,0,0,0,0,0,0,0,0,0,0,0,0,0,0,0,0,0
7128,2006093499,1912.0,1909.0,25,25302,42.116,-80.0627,0,0,0,0,0,0,4,8,2006,6,19.0,1.0,0,1.0,3,1,3,  ,2,3.0,0,0,1,0,0,0,0,0,0,0,0,0,0,0,0,0,0