,CRN,ARRIVAL_TM,DISPATCH_TM,COUNTY,MUNICIPALITY,DEC_LAT,DEC_LONG,BICYCLE_DEATH_COUNT,BICYCLE_SUSP_SERIOUS_INJ_COUNT,BUS_COUNT,HEAVY_TRUCK_COUNT,SMALL_TRUCK_COUNT,SUV_COUNT,COLLISION_TYPE,CRASH_MONTH,CRASH_YEAR,DAY_OF_WEEK,HOUR_OF_DAY,ILLUMINATION,LOCATION_TYPE,ROAD_CONDITION,URBAN_RURAL,INTERSECT_TYPE,WEATHER1,WEATHER2,TCD_TYPE,TCD_FUNC_CD,AGGRESSIVE_DRIVING,ALCOHOL_RELATED,ANGLE_CRASH,CELL_PHONE,COMM_VEHICLE,DISTRACTED,DRINKING_DRIVER,DRUGGED_DRIVER,FATIGUE_ASLEEP,IMPAIRED_DRIVER,NHTSA_AGG_DRIVING,RUNNING_RED_LT,RUNNING_STOP_SIGN,SPEEDING_RELATED,TAILGATING,MATURE_DRIVER,YOUNG_DRIVER
7129,2006093583,2048.0,2047.0,9,9401,40.1106,-74.8548,0,0,0,0,0,0,5,8,2006,6,20.0,3.0,7,1.0,3,1,3,  ,2,3.0,0,0,0,0,0,0,0,0,0,0,0,0,0,0,0,0,1
7130,2006093603,1845.0,1842.0,23,23301,39.8547,-75.3524,0,0,0,0,0,0,4,8,2006,4,18.0,1.0,0,1.0,3,1,3,  ,0,0.0,0,0,1,0,0,0,0,0,0,0,0,0,0,0,0,0,0
7131,2006093747,1128.0,1125.0,2,2208,40.539,-79.8399,0,0,0,0,0,0,1,9,2006,7,11.0,1.0,0,1.0,3,0,3,  ,0,0.0,1,0,0,0,0,0,0,0,0,0,0,0,0,0,0,1,0
7132,2006093824,1143.0,1141.0,22,22101,40.2903,-76.8341,0,0,0,0,0,0,4,8,2006,5,11.0,1.0,0,1.0,3,5,3,  ,2,3.0,0,0,1,0,0,0,0,0,0,0,0,0,0,0,0,1,0
7133,2006093851,1902.0,1857.0,67,67301,40.0635,-75.0835,0,0,0,0,0,0,5,7,2006,2,18.0,1.0,0,1.0,3,0,3,  ,0,0.0,0,0,0,0,0,0,0,0,0,0,0,0,0,0,0,0,0
7134,2006093862,1140.0,1136.0,67,67301,,,0,0,0,0,0,1,8,8,2006,1,11.0,1.0,0,1.0,3,1,3,  ,2,3.0,0,0,0,0,0,0,0,0,0,0,0,0,0,0,0,0,0
7135,2006093879,817.0,813.0,67,67301,39.9528,-75.1499,0,0,0,0,0,0,4,7,2006,4,99.0,1.0,0,1.0,3,2,3,  ,0,0.0,0,0,1,0,0,0,0,0,0,0,0,0,0,0,0,0,0
7136,2006093888,1630.0,1626.0,67,67301,40.0266,-75.2188,0,1,0,0,0,0,2,7,2006,4,16.0,1.0,0,1.0,3,0,3,  ,0,0.0,0,0,0,0,0,0,0,0,0,0,0,0,0,0,0,0,0
7137,2006093916,1800.0,1757.0,67,67301,,,0,0,0,0,0,0,8,7,2006,1,17.0,1.0,0,1.0,3,1,3,  ,3,3.0,0,0,0,0,0,0,0,0,0,0,0,0,0,0,0,0,1
7138,2006093932,1831.0,1830.0,67,67301,,,0,0,0,0,0,1,4,8,2006,2,99.0,1.0,7,1.0,3,0,3,  ,2,9.0,1,0,1,0,0,0,0,0,0,0,0,0,0,0,0,0,0
7139,2006094005,808.0,807.0,67,67301,39.9378,-75.1667,0,0,0,0,0,1,6,7,2006,2,8.0,1.0,0,1.0,3,0,3,  ,0,0.0,0,0,0,0,0,0,0,0,0,0,0,0,0,0,0,0,0
7140,2006094009,2052.0,2050.0,67,67301,,,0,0,0,0,0,0,4,7,2006,2,99.0,3.0,0,1.0,3,2,3,  ,2,3.0,1,0,1,0,0,0,0,0,0,0,1,1,0,1,0,0,0
7141,2006094083,923.0,923.0,67,67301,39.9251,-75.1466,0,0,0,1,0,0,7,7,2006,6,9.0,1.0,0,1.0,3,2,3,  ,0,0.0,0,0,0,0,1,0,0,0,0,0,0,0,0,0,0,0,0
7142,2006094085,820.0,817.0,67,67301,,,0,0,1,0,0,0,4,7,2006,2,8.0,1.0,0,1.0,3,1,3,  ,2,3.0,0,0,1,0,1,0,0,0,0,0,0,0,0,0,0,0,0
7143,2006094097,1238.0,9999.0,67,67301,,,0,0,0,0,0,0,4,8,2006,6,12.0,1.0,0,1.0,3,2,3,  ,3,9.0,0,0,1,0,0,0,0,0,0,0,0,0,0,0,0,0,0
7144,2006094158,2015.0,2014.0,67,67301,40.0112,-75.2011,0,0,0,0,0,0,4,7,2006,5,20.0,1.0,2,1.0,3,6,3,  ,0,0.0,0,0,1,0,0,1,0,0,0,0,0,0,0,0,0,0,0
7145,2006094184,2040.0,2037.0,67,67301,39.9931,-75.1479,0,0,0,0,0,0,4,7,2006,3,20.0,1.0,0,9.0,3,1,7,  ,2,3.0,0,0,1,0,0,0,0,0,0,0,0,0,0,0,0,0,0
7146,2006094195,1939.0,1939.0,67,67301,,,0,0,0,0,0,0,8,7,2006,4,19.0,1.0,0,1.0,3,0,3,  ,0,0.0,0,0,0,0,0,0,0,0,0,0,0,0,0,0,0,0,0
7147,2006094197,2005.0,2003.0,67,67301,,,0,0,0,0,0,0,4,8,2006,3,20.0,1.0,0,1.0,3,1,3,  ,3,3.0,0,0,1,0,0,0,0,0,0,0,0,0,0,0,0,0,0
7148,2006094241,1925.0,1918.0,67,67301,40.0482,-75.0261,0,0,0,0,0,0,5,7,2006,4,18.0,1.0,0,1.0,3,1,3,  ,0,0.0,1,0,0,0,0,0,0,0,0,0,0,0,0,0,0,1,0
7149,2006094356,1903.0,1901.0,67,67301,40.0422,-75.0637,0,0,0,0,0,0,4,7,2006,1,99.0,1.0,0,1.0,3,1,3,  ,3,3.0,1,0,1,0,0,0,0,0,0,0,0,0,0,0,0,0,1
7150,2006094416,2052.0,2052.0,67,67301,40.0716,-75.0388,0,0,0,0,0,1,1,7,2006,2,20.0,3.0,0,1.0,3,0,3,  ,0,0.0,0,0,0,0,0,0,0,0,0,0,0,0,0,0,0,0,0
7151,2006094443,2222.0,2219.0,67,67301,39.9944,-75.1337,0,0,0,0,0,0,6,7,2006,7,22.0,3.0,0,9.0,3,2,7,  ,3,3.0,1,1,0,0,0,0,0,0,0,0,0,0,0,0,0,0,1
7152,2006094453,1305.0,1300.0,67,67301,,,0,0,0,0,0,0,4,7,2006,7,12.0,1.0,0,1.0,3,1,3,  ,3,3.0,0,0,1,0,0,0,0,0,0,0,0,0,0,0,0,0,0
7153,2006094456,1625.0,1612.0,67,67301,,,0,0,0,0,0,0,4,7,2006,4,16.0,1.0,0,1.0,3,0,3,  ,0,0.0,0,0,1,0,0,0,0,1,0,1,0,0,0,0,0,1,0
7154,2006094461,1405.0,1354.0,67,67301,39.9991,-75.1526,0,0,0,0,1,0,5,7,2006,7,13.0,1.0,0,1.0,3,0,3,  ,0,0.0,0,0,0,0,0,0,0,0,0,0,0,0,0,0,0,0,0
7155,2006094465,2027.0,2022.0,67,67301,,,0,0,0,0,0,0,4,8,2006,7,20.0,4.0,0,1.0,3,1,3,  ,0,0.0,0,0,1,0,0,0,0,0,0,0,0,0,0,0,0,0,0
7156,2006094471,1635.0,1625.0,67,67301,39.9491,-75.213,0,0,0,0,0,0,4,8,2006,5,15.0,1.0,0,1.0,3,1,3,  ,2,3.0,1,0,1,0,0,0,0,0,0,0,0,0,0,0,0,0,1
7157,2006094472,1100.0,1056.0,67,67301,39.9571,-75.2143,0,0,0,0,1,0,5,6,2006,3,10.0,1.0,0,1.0,3,1,3,  ,2,3.0,0,0,0,0,0,0,0,0,0,0,0,0,0,0,0,0,0
7158,2006094481,9999.0,9999.0,67,67301,39.9297,-75.1819,0,0,0,0,0,1,4,7,2006,3,99.0,4.0,0,1.0,3,1,3,  ,2,3.0,0,0,1,0,0,0,0,0,0,0,0,0,0,0,0,0,0
7159,2006094577,1440.0,1438.0,67,67301,39.9896,-75.1169,0,0,0,0,0,0,4,7,2006,2,14.0,1.0,0,1.0,3,2,3,  ,0,0.0,0,0,1,0,0,0,0,0,0,0,0,0,0,0,0,0,0
7160,2006094605,954.0,952.0,67,67301,39.9855,-75.2482,0,0,0,1,0,0,4,8,2006,3,9.0,1.0,0,1.0,3,1,3,  ,2,3.0,1,0,1,0,1,0,0,0,0,0,0,0,0,0,0,0,0
7161,2006094630,2039.0,2029.0,67,67301,40.0631,-75.1496,0,0,0,0,0,0,4,7,2006,7,20.0,1.0,0,1.0,3,2,3,  ,0,0.0,0,0,1,0,0,0,0,0,0,0,0,0,0,0,0,0,0
7162,2006094891,1825.0,1806.0,67,67301,39.9966,-75.1225,0,0,0,0,0,0,4,8,2006,4,99.0,1.0,0,1.0,3,0,3,  ,0,0.0,0,0,1,0,0,0,0,0,0,0,0,0,0,0,0,0,0
7163,2006094992,1406.0,1403.0,67,67301,,,0,0,0,0,0,0,4,7,2006,2,20.0,3.0,0,1.0,3,2,99,  ,3,3.0,0,0,1,0,0,1,0,0,0,0,0,0,0,0,0,0,0
7164,2006094995,2345.0,2343.0,67,67301,,,0,0,0,0,0,0,4,8,2006,3,23.0,3.0,0,1.0,3,1,3,  ,3,3.0,0,0,1,0,0,0,0,0,0,0,0,0,0,0,0,0,0
7165,2006095129,1715.0,1712.0,36,36402,40.1657,-76.2085,0,0,0,0,0,0,1,9,2006,3,17.0,1.0,0,1.0,2,2,3,  ,3,3.0,0,0,0,0,0,0,0,0,0,0,0,0,0,0,0,0,0
7166,2006095221,1732.0,1729.0,67,67301,39.9536,-75.1987,0,0,0,0,0,0,5,8,2006,3,17.0,1.0,0,1.0,3,0,3,  ,0,0.0,0,0,0,0,0,0,0,0,0,0,0,0,0,0,0,0,0
7167,2006095235,2219.0,2219.0,67,67301,,,0,0,0,0,0,0,4,6,2006,4,22.0,3.0,0,1.0,3,1,3,  ,2,9.0,0,0,1,0,0,0,0,0,0,0,0,0,0,0,0,0,0
7168,2006095458,1645.0,1645.0,67,67301,,,0,0,0,0,0,1,4,7,2006,6,16.0,1.0,0,1.0,3,1,3,  ,3,3.0,0,0,1,0,0,0,0,0,0,0,0,0,0,0,0,0,0
7169,2006095465,513.0,455.0,40,40225,,,0,0,0,0,0,1,4,8,2006,5,4.0,3.0,0,1.0,1,2,3,  ,3,3.0,1,0,1,0,0,0,0,0,0,0,0,0,0,0,0,0,0
7170,2006095674,2037.0,2022.0,39,39104,,,0,1,0,0,0,0,5,8,2006,3,20.0,2.0,0,1.0,3,0,3,  ,0,0.0,0,0,0,0,0,0,0,0,0,0,0,0,0,0,0,1,0
7171,2006095853,1544.0,1537.0,10,10101,40.8482,-79.896,0,0,0,0,0,0,6,9,2006,1,15.0,1.0,0,1.0,2,0,3,  ,0,0.0,0,0,0,0,0,0,0,0,0,0,0,0,0,0,0,0,0
7172,2006095881,1812.0,1811.0,40,40302,,,0,0,0,0,0,0,4,9,2006,5,18.0,1.0,0,1.0,3,1,3,  ,0,0.0,1,0,1,0,0,0,0,0,0,0,0,0,0,0,0,0,0
7173,2006095931,1549.0,1540.0,67,67301,,,0,0,0,0,0,0,2,8,2006,3,14.0,1.0,0,1.0,3,1,3,  ,2,3.0,0,0,0,0,0,0,0,0,0,0,0,0,0,0,0,0,0
7174,2006095958,643.0,643.0,38,38301,40.345,-76.4337,0,0,0,0,0,0,4,9,2006,4,6.0,1.0,0,1.0,2,1,3,  ,0,0.0,0,0,1,0,0,0,0,0,0,0,0,0,0,0,0,0,0
7175,2006096191,1149.0,1148.0,3,3409,,,0,0,0,1,0,0,5,7,2006,5,11.0,1.0,0,1.0,2,0,3,  ,0,0.0,0,0,0,0,1,0,0,0,0,0,0,0,0,0,0,0,0
7176,2006096207,1610.0,1606.0,24,24402,41.4285,-78.7333,0,0,0,0,1,0,4,9,2006,5,16.0,1.0,0,1.0,2,0,3,  ,0,0.0,0,0,1,0,0,0,0,0,0,0,0,0,0,0,0,0,0
7177,2006096227,1602.0,1600.0,67,67301,39.9278,-75.1671,0,0,0,0,0,0,2,7,2006,2,15.0,1.0,0,1.0,3,0,3,  ,0,0.0,0,0,0,0,0,0,0,0,0,0,0,0,0,0,0,0,0
7178,2006096280,1716.0,1716.0,46,46101,40.1132,-75.1528,0,0,0,0,0,0,4,8,2006,5,17.0,1.0,0,1.0,3,0,3,  ,0,0.0,0,0,1,0,0,0,0,0,0,0,0,0,0,0,0,0,0
7179,2006096321,1730.0,1725.0,48,48402,40.7247,-75.3903,0,0,0,0,0,0,4,9,2006,5,17.0,1.0,0,1.0,1,0,3,  ,0,0.0,0,0,1,0,0,0,0,0,0,0,0,0,0,0,0,1,0
7180,2006096322,1435.0,1430.0,25,25213,,,0,0,0,0,0,0,4,8,2006,2,14.0,1.0,0,1.0,3,0,3,  ,0,0.0,0,0,1,0,0,0,0,0,0,0,0,0,0,0,0,0,0
7181,2006096349,1525.0,1521.0,28,28402,39.7885,-77.7202,0,0,0,0,0,0,4,9,2006,2,15.0,1.0,0,1.0,1,1,3,  ,8,3.0,1,0,1,0,0,0,0,0,0,0,0,0,0,0,0,0,0
7182,2006096368,1344.0,1341.0,23,23103,39.9892,-75.3125,0,0,0,0,0,0,5,8,2006,3,13.0,1.0,0,1.0,3,0,3,  ,0,0.0,0,0,0,0,0,0,0,0,0,0,0,0,0,0,0,0,0
7183,2006096430,1942.0,1940.0,67,67301,,,0,0,0,0,0,0,8,8,2006,5,14.0,1.0,0,2.0,3,2,5,  ,0,0.0,0,0,0,0,0,0,0,0,0,0,0,0,0,0,0,1,0
7184,2006096465,847.0,841.0,21,21409,40.0495,-77.5186,0,0,0,0,0,0,4,9,2006,5,7.0,1.0,0,1.0,2,1,3,  ,0,0.0,1,0,1,0,0,0,0,0,0,0,0,0,0,0,0,0,0
7185,2006096540,1959.0,1947.0,67,67301,39.9135,-75.2397,0,0,0,0,0,0,4,7,2006,4,19.0,1.0,0,1.0,3,1,3,  ,2,3.0,0,0,1,0,0,0,0,0,0,0,0,0,0,0,0,0,0
7186,2006096542,1557.0,1553.0,9,9409,40.2092,-74.7736,0,0,0,0,0,1,6,9,2006,3,15.0,1.0,99,1.0,3,0,3,  ,0,0.0,0,0,0,0,0,0,0,0,0,0,0,0,0,0,0,0,0
7187,2006096565,1620.0,1623.0,67,67301,,,0,0,0,0,1,0,1,7,2006,7,16.0,1.0,0,9.0,3,1,7,  ,3,3.0,0,0,0,0,0,0,0,0,0,0,0,0,0,0,0,1,0
7188,2006096642,1015.0,1010.0,67,67301,,,0,0,0,0,0,0,5,6,2006,4,10.0,1.0,0,1.0,3,2,3,  ,3,3.0,0,1,0,0,0,0,1,0,0,1,0,0,0,0,0,0,0
7189,2006096645,2241.0,2239.0,67,67301,40.0538,-75.1577,0,0,0,0,0,0,1,7,2006,1,22.0,3.0,0,1.0,3,0,3,  ,0,0.0,0,0,0,0,0,0,0,0,0,0,0,0,0,0,0,0,0
7190,2006096691,1808.0,1807.0,2,2116,40.5484,-80.0183,0,0,0,0,0,0,4,9,2006,6,18.0,4.0,7,1.0,3,0,3,  ,0,0.0,0,0,1,0,0,0,0,0,0,0,0,0,0,0,0,0,1
7191,2006096827,1542.0,1540.0,21,21402,40.2022,-77.1965,0,0,0,0,0,0,4,9,2006,2,15.0,1.0,0,1.0,2,0,3,  ,1,3.0,0,0,1,0,0,0,0,0,0,0,0,0,0,0,0,0,0
7192,2006096851,1935.0,1930.0,67,67301,,,0,0,0,1,0,0,8,8,2006,3,18.0,1.0,3,1.0,3,0,3,  ,0,0.0,1,0,0,0,0,0,0,0,0,0,0,0,0,0,0,0,0
7193,2006096938,849.0,9999.0,46,46104,40.0657,-75.3068,0,0,0,0,0,0,4,9,2006,3,8.0,1.0,0,1.0,3,0,3,  ,0,0.0,1,0,1,0,0,0,0,0,0,0,0,0,0,0,0,0,0
7194,2006097167,1010.0,955.0,57,57207,41.6507,-75.5461,0,0,0,0,0,0,4,8,2006,5,9.0,1.0,0,1.0,1,2,3,  ,0,0.0,1,0,1,0,0,1,0,0,0,0,0,0,0,0,0,0,0
7195,2006097577,1838.0,1836.0,21,21102,40.2287,-76.9223,0,0,0,0,1,0,5,9,2006,2,18.0,1.0,0,1.0,3,0,3,  ,0,0.0,0,0,0,0,0,0,0,0,0,0,0,0,0,0,0,0,0
7196,2006097635,2214.0,2214.0,38,38208,,,0,0,0,0,0,0,4,9,2006,3,18.0,1.0,0,1.0,1,1,3,  ,3,3.0,0,0,1,0,0,0,0,0,0,0,0,0,0,0,0,0,0
7197,2006097766,1043.0,1040.0,39,39301,40.6077,-75.4743,0,0,0,0,0,0,4,9,2006,7,10.0,1.0,0,9.0,3,0,7,  ,0,0.0,0,0,1,0,0,0,0,0,0,0,0,0,0,0,0,0,0
7198,2006097802,1352.0,1351.0,39,39301,40.5992,-75.5113,0,0,0,0,0,1,4,9,2006,7,13.0,1.0,0,1.0,3,2,3,  ,0,0.0,0,0,1,0,0,0,0,0,0,0,0,0,0,0,0,0,0
7199,2006097887,225.0,222.0,39,39302,40.6274,-75.4152,0,0,0,0,0,0,4,9,2006,5,2.0,3.0,0,9.0,3,1,7,  ,2,2.0,0,0,1,0,0,0,0,0,0,0,0,0,0,0,0,0,0
7200,2006097888,1739.0,1732.0,39,39301,,,0,0,0,0,0,0,4,9,2006,4,17.0,1.0,0,1.0,3,2,3,  ,0,0.0,0,0,1,0,0,1,0,0,0,0,0,0,0,0,0,0,0
7201,2006097903,1548.0,1548.0,36,36301,40.0289,-76.2977,0,0,0,0,0,0,4,8,2006,2,15.0,1.0,0,1.0,3,1,3,  ,3,3.0,0,0,1,0,0,0,0,0,0,0,0,0,0,0,0,0,0
7202,2006098033,1812.0,1800.0,6,6102,40.3775,-75.9206,0,0,0,0,0,0,5,9,2006,3,18.0,1.0,0,1.0,3,1,3,  ,3,3.0,0,0,0,0,0,0,0,0,0,0,0,0,0,0,0,0,0
7203,2006098076,1322.0,1318.0,2,2301,40.4505,-79.945,0,0,0,0,0,0,4,9,2006,5,13.0,1.0,0,9.0,3,1,3,  ,3,3.0,1,0,1,0,0,0,0,0,0,0,0,0,1,0,0,0,0
7204,2006098104,1425.0,1421.0,48,48301,,,0,0,0,0,0,0,5,9,2006,1,14.0,1.0,0,1.0,3,0,3,  ,0,0.0,0,0,0,0,0,0,0,0,0,0,0,0,0,0,0,0,0
7205,2006098249,2335.0,2329.0,48,48301,40.6249,-75.3697,0,0,0,0,0,0,4,9,2006,2,23.0,3.0,0,1.0,3,1,3,  ,0,0.0,0,0,1,0,0,0,0,0,0,0,0,0,0,0,0,0,0
7206,2006098259,1727.0,1725.0,48,48301,40.6119,-75.3785,0,0,0,0,0,0,4,9,2006,6,17.0,1.0,7,1.0,3,0,3,  ,0,0.0,0,0,1,0,0,0,0,0,0,0,0,0,0,0,0,0,0
7207,2006098432,9999.0,2146.0,25,25302,42.1062,-80.0339,0,0,0,0,0,0,2,9,2006,5,21.0,2.0,0,1.0,3,1,3,  ,2,3.0,1,0,0,0,0,0,0,0,0,0,0,0,0,0,0,0,0
7208,2006098474,1641.0,1639.0,39,39301,,,0,0,0,0,0,0,5,9,2006,6,16.0,1.0,0,1.0,3,1,3,  ,2,3.0,1,0,0,0,0,0,0,0,0,0,0,0,0,0,0,0,0
7209,2006098527,600.0,604.0,41,41301,,,0,0,0,0,0,1,1,9,2006,4,6.0,3.0,0,1.0,3,0,3,  ,0,0.0,0,0,0,0,0,0,0,0,0,0,0,0,0,0,0,0,0
7210,2006098576,1821.0,1817.0,9,9415,,,0,0,0,0,1,0,4,9,2006,5,18.0,1.0,0,1.0,2,1,3,  ,3,3.0,0,0,1,0,0,0,0,0,0,0,0,0,0,0,0,0,0
7211,2006098990,1040.0,949.0,6,6219,,,0,0,0,0,1,0,4,8,2006,7,9.0,1.0,0,9.0,1,0,7,  ,0,0.0,0,0,1,0,0,0,0,0,0,0,0,0,0,0,0,0,0
7212,2006099076,818.0,814.0,9,9202,,,0,0,0,0,0,0,6,9,2006,4,8.0,1.0,0,9.0,3,2,3,  ,3,3.0,1,0,0,0,0,0,0,0,0,0,0,0,0,0,0,0,0
7213,2006099094,1551.0,1547.0,46,46201,40.325,-75.6187,0,0,0,0,0,0,5,9,2006,3,15.0,1.0,0,1.0,1,0,3,  ,0,0.0,0,0,0,0,0,0,0,0,0,0,0,0,0,0,0,0,0
7214,2006099183,2148.0,2118.0,17,17230,40.9019,-78.3991,0,0,0,0,1,0,5,8,2006,4,19.0,1.0,0,1.0,1,0,3,  ,0,0.0,0,0,0,0,0,0,0,0,0,0,0,0,0,0,0,0,0
7215,2006099190,1809.0,1805.0,36,36235,,,0,0,0,0,0,0,4,9,2006,6,18.0,1.0,0,1.0,1,0,3,  ,0,0.0,0,0,1,0,0,0,0,0,0,0,0,0,0,0,0,0,0
7216,2006099326,1723.0,1715.0,2,2209,40.5631,-79.9051,0,0,0,0,0,0,4,9,2006,4,17.0,1.0,0,1.0,3,2,3,  ,0,0.0,0,0,1,0,0,0,0,0,0,0,0,0,0,0,0,0,0
7217,2006099411,1614.0,1614.0,44,44403,40.6066,-77.5644,0,0,0,0,0,0,1,9,2006,2,16.0,1.0,0,1.0,2,0,3,  ,0,0.0,0,0,0,0,0,0,0,0,0,0,0,0,0,0,0,0,0
7218,2006099433,1759.0,1758.0,49,49301,40.7924,-76.5503,0,1,0,0,0,0,4,9,2006,7,17.0,1.0,0,1.0,2,1,3,  ,0,0.0,0,0,1,0,0,0,0,0,0,0,0,0,0,0,0,0,0
7219,2006099560,1858.0,1857.0,28,28401,,,0,0,0,0,0,0,4,10,2006,2,18.0,4.0,0,1.0,1,1,3,  ,0,0.0,0,0,1,0,0,0,0,0,0,0,0,0,0,0,0,1,0
7220,2006099570,1851.0,1848.0,25,25302,,,0,0,0,0,0,0,4,9,2006,4,16.0,1.0,0,1.0,3,1,3,  ,2,3.0,0,0,1,0,0,0,0,0,0,0,0,0,0,0,0,0,0
7221,2006099572,1655.0,1653.0,25,25302,42.1408,-80.0556,0,0,0,0,0,0,1,9,2006,2,16.0,1.0,0,1.0,3,2,3,  ,0,0.0,0,0,0,0,0,0,0,0,0,0,0,0,0,0,0,0,0
7222,2006099613,655.0,655.0,38,38301,40.3463,-76.428,0,0,0,0,0,0,4,9,2006,4,6.0,1.0,0,9.0,2,1,7,  ,3,3.0,0,0,1,0,0,0,0,0,0,0,0,0,0,0,0,0,0
7223,2006099660,1648.0,1644.0,48,48407,40.5897,-75.3351,0,0,0,0,0,0,4,8,2006,2,16.0,1.0,0,1.0,3,2,3,  ,0,0.0,0,0,1,0,0,0,0,0,0,0,0,0,0,0,0,0,0
7224,2006099742,1405.0,1400.0,2,2302,,,0,0,0,0,0,0,4,9,2006,1,13.0,1.0,0,1.0,3,0,3,  ,0,0.0,0,0,1,0,0,0,0,0,0,0,0,0,0,0,0,1,0
7225,2006099769,1604.0,1559.0,36,36301,40.0399,-76.3177,0,0,0,0,0,0,4,9,2006,3,15.0,1.0,0,9.0,3,1,7,  ,0,0.0,0,0,1,0,0,0,0,0,0,0,0,0,0,0,0,0,0
7226,2006099778,1030.0,1028.0,9,9208,40.1832,-74.8386,0,0,0,0,0,1,4,7,2006,7,10.0,1.0,0,1.0,3,2,3,  ,3,3.0,0,0,1,0,0,0,0,0,0,0,0,0,0,0,0,1,0
7227,2006100071,1653.0,1648.0,18,18301,41.1421,-77.4615,0,0,0,0,0,0,4,10,2006,5,16.0,1.0,0,1.0,2,1,3,  ,2,3.0,0,0,1,0,0,1,0,0,0,0,0,0,0,0,0,0,1
7228,2006100217,1655.0,1633.0,20,20408,41.6562,-80.4199,0,0,0,0,0,0,5,8,2006,4,16.0,1.0,0,1.0,1,1,3,  ,0,0.0,0,0,0,0,0,0,0,0,0,0,0,0,0,0,0,0,0
7229,2006100452,2023.0,2020.0,35,35302,41.4316,-75.6639,0,1,0,0,0,1,4,8,2006,7,20.0,4.0,0,1.0,3,2,3,  ,2,3.0,1,0,1,0,0,0,0,0,0,0,0,0,0,1,0,0,1
7230,2006100606,625.0,610.0,40,40304,41.2674,-75.8332,0,0,0,0,1,0,4,9,2006,6,6.0,3.0,0,9.0,3,1,7,  ,3,3.0,0,0,1,0,0,0,0,0,0,0,0,0,0,0,0,0,0
7231,2006100971,1840.0,1837.0,38,38213,,,0,0,0,0,0,0,4,10,2006,1,18.0,1.0,0,1.0,1,2,3,  ,3,3.0,0,0,1,0,0,0,0,0,0,0,0,0,0,0,0,0,0
7232,2006101093,1649.0,1644.0,22,22208,40.3151,-76.7981,0,0,0,0,0,0,4,9,2006,4,16.0,1.0,0,1.0,3,0,3,  ,0,0.0,0,0,1,0,0,0,0,0,0,0,0,0,0,0,0,0,0
7233,2006101243,1924.0,1922.0,40,40304,41.2339,-75.9064,0,1,0,0,0,0,4,10,2006,7,19.0,2.0,0,1.0,3,1,3,  ,3,3.0,0,0,1,0,0,0,0,0,0,0,0,0,0,0,0,0,0
7234,2006101259,1640.0,1637.0,28,28401,39.9379,-77.6724,0,0,0,0,0,0,4,9,2006,5,16.0,1.0,7,9.0,1,0,7,  ,0,0.0,0,0,1,0,0,0,0,0,0,0,0,0,0,0,0,0,0
7235,2006101395,1800.0,1757.0,10,10301,40.8644,-79.8818,0,0,0,0,0,0,4,10,2006,2,17.0,1.0,0,1.0,2,1,3,  ,0,0.0,0,0,1,0,0,0,0,0,0,0,0,0,0,0,0,0,0
7236,2006101485,1600.0,1558.0,9,9403,40.3095,-75.1316,0,0,0,0,0,0,4,10,2006,2,15.0,1.0,0,1.0,3,1,3,  ,3,3.0,0,0,1,0,0,0,0,0,0,0,0,0,0,0,0,0,0
7237,2006101610,1308.0,1307.0,67,67301,40.0468,-75.0703,1,0,0,0,0,0,2,9,2006,6,13.0,1.0,0,9.0,3,1,7,  ,2,3.0,0,0,0,0,0,0,0,0,0,0,0,0,0,0,0,0,0
7238,2006101673,1646.0,1642.0,2,2209,,,0,0,0,0,1,0,4,10,2006,4,16.0,1.0,0,9.0,3,2,7,  ,0,0.0,0,0,1,0,0,0,0,0,0,0,0,0,0,0,0,0,0
7239,2006101787,2040.0,2033.0,67,67301,,,0,0,0,0,0,0,4,7,2006,1,20.0,3.0,0,1.0,3,0,3,  ,0,0.0,0,0,1,0,0,0,0,0,0,0,0,0,0,0,0,0,0
7240,2006101792,1953.0,1948.0,67,67301,39.9939,-75.1787,0,0,0,0,0,0,4,9,2006,7,19.0,2.0,0,1.0,3,2,3,  ,0,0.0,0,0,1,0,0,0,0,0,0,0,0,0,0,0,0,0,1
7241,2006101794,1355.0,1350.0,67,67301,,,0,0,0,0,0,0,8,9,2006,1,13.0,1.0,0,1.0,3,0,3,  ,0,0.0,0,0,0,0,0,0,0,0,0,0,0,0,0,0,0,0,0
7242,2006101857,1449.0,1444.0,22,22409,40.2058,-76.7345,0,0,0,0,0,0,6,9,2006,2,14.0,1.0,0,1.0,3,1,3,  ,0,0.0,0,0,0,0,0,1,0,0,0,0,0,0,0,0,0,0,1
7243,2006101872,2.0,2.0,6,6301,40.3562,-75.9146,0,0,0,0,0,0,4,9,2006,2,18.0,1.0,0,1.0,3,1,3,  ,0,0.0,0,0,1,0,0,0,0,0,0,0,0,0,0,0,0,0,0
7244,2006101894,927.0,922.0,67,67301,39.9614,-75.199,0,0,0,0,0,0,6,9,2006,5,9.0,1.0,0,1.0,3,1,3,  ,3,3.0,0,0,0,0,0,0,0,0,0,0,0,0,0,0,0,1,0
7245,2006102068,1733.0,1728.0,67,67301,40.0234,-75.2199,0,0,0,0,0,0,8,9,2006,3,17.0,1.0,0,1.0,3,0,3,  ,0,0.0,0,0,0,0,0,0,0,0,0,0,0,0,0,0,0,0,0
7246,2006102073,1152.0,1150.0,67,67301,39.9996,-75.1905,0,1,0,0,0,0,5,9,2006,7,11.0,1.0,0,1.0,3,2,3,  ,2,3.0,1,0,0,0,0,0,0,0,0,0,0,0,0,0,0,1,0
7247,2006102077,110.0,110.0,67,67301,39.9872,-75.1505,0,0,0,0,0,0,4,7,2006,6,1.0,3.0,0,1.0,3,1,3,  ,3,9.0,0,1,1,0,0,0,0,0,0,0,0,0,0,0,0,0,0