,CRN,ARRIVAL_TM,DISPATCH_TM,COUNTY,MUNICIPALITY,DEC_LAT,DEC_LONG,BICYCLE_DEATH_COUNT,BICYCLE_SUSP_SERIOUS_INJ_COUNT,BUS_COUNT,HEAVY_TRUCK_COUNT,SMALL_TRUCK_COUNT,SUV_COUNT,COLLISION_TYPE,CRASH_MONTH,CRASH_YEAR,DAY_OF_WEEK,HOUR_OF_DAY,ILLUMINATION,LOCATION_TYPE,ROAD_CONDITION,URBAN_RURAL,INTERSECT_TYPE,WEATHER1,WEATHER2,TCD_TYPE,TCD_FUNC_CD,AGGRESSIVE_DRIVING,ALCOHOL_RELATED,ANGLE_CRASH,CELL_PHONE,COMM_VEHICLE,DISTRACTED,DRINKING_DRIVER,DRUGGED_DRIVER,FATIGUE_ASLEEP,IMPAIRED_DRIVER,NHTSA_AGG_DRIVING,RUNNING_RED_LT,RUNNING_STOP_SIGN,SPEEDING_RELATED,TAILGATING,MATURE_DRIVER,YOUNG_DRIVER
7248,2006102181,942.0,848.0,67,67301,,,0,0,0,0,0,0,6,9,2006,3,8.0,1.0,0,1.0,3,1,3,  ,2,3.0,0,0,0,0,0,0,0,0,0,0,0,0,0,0,0,0,0
7249,2006102318,1353.0,1347.0,66,66208,,,0,2,0,0,0,0,4,10,2006,7,13.0,1.0,0,1.0,1,2,3,  ,3,3.0,0,0,1,0,0,0,0,0,0,0,0,0,0,0,0,0,0
7250,2006102370,1234.0,1231.0,7,7407,,,0,0,0,0,0,0,4,8,2006,5,12.0,1.0,0,1.0,2,1,3,  ,3,3.0,0,0,1,0,0,0,0,0,0,0,0,0,0,0,0,0,0
7251,2006102372,1120.0,1111.0,67,67301,39.9504,-75.1601,0,0,0,0,0,0,4,8,2006,7,11.0,1.0,1,1.0,3,1,3,  ,2,3.0,0,0,1,0,0,0,0,0,0,0,0,0,0,0,0,0,1
7252,2006102374,228.0,226.0,67,67301,39.9473,-75.1479,0,0,0,0,0,0,4,8,2006,1,2.0,3.0,0,1.0,3,1,3,  ,2,3.0,0,0,1,0,0,0,0,0,0,0,0,0,0,0,0,0,0
7253,2006102423,1643.0,1641.0,67,67301,,,0,0,0,0,0,0,4,8,2006,7,16.0,1.0,0,1.0,3,1,3,  ,3,9.0,0,0,1,0,0,0,0,0,0,0,0,0,0,0,0,0,0
7254,2006102437,1450.0,1448.0,46,46220,40.0872,-75.3308,0,0,0,0,0,0,4,9,2006,1,14.0,1.0,0,1.0,3,0,3,  ,0,0.0,0,0,1,0,0,1,0,0,0,0,0,0,0,0,0,0,0
7255,2006102480,855.0,851.0,67,67301,39.9738,-75.2582,0,0,1,0,0,0,4,8,2006,6,8.0,1.0,0,1.0,3,3,3,  ,0,0.0,0,0,1,0,1,0,0,0,0,0,0,0,0,0,0,0,0
7256,2006102507,2232.0,2230.0,67,67301,,,0,0,0,0,0,0,8,9,2006,5,22.0,3.0,0,1.0,3,1,3,  ,2,3.0,0,0,0,0,0,0,0,0,0,0,0,0,0,0,0,0,0
7257,2006102624,1620.0,1620.0,67,67301,39.9833,-75.1882,0,0,1,0,0,0,4,8,2006,6,16.0,1.0,0,1.0,3,0,3,  ,0,0.0,0,0,1,0,1,0,0,0,0,0,0,0,0,0,0,0,0
7258,2006102660,701.0,656.0,9,9202,40.0934,-74.9153,0,0,0,0,0,0,6,9,2006,2,6.0,1.0,0,1.0,3,2,3,  ,3,3.0,1,0,0,0,0,0,0,0,0,0,0,0,0,0,0,0,0
7259,2006102710,2000.0,1959.0,4,4103,40.5966,-80.274,0,0,0,0,0,0,4,9,2006,4,19.0,3.0,0,9.0,3,2,7,  ,0,0.0,0,0,1,0,0,0,0,0,0,0,0,0,0,0,0,0,0
7260,2006102761,1600.0,1545.0,67,67301,,,0,0,0,0,0,0,2,8,2006,2,15.0,1.0,0,1.0,3,0,3,  ,0,0.0,0,0,0,0,0,1,0,0,0,0,0,0,0,0,0,0,0
7261,2006102796,1414.0,1359.0,67,67301,,,0,0,0,0,0,0,8,8,2006,2,13.0,1.0,0,1.0,3,1,3,  ,2,3.0,0,0,0,0,0,1,0,0,0,0,0,0,0,0,0,1,0
7262,2006102841,1322.0,1319.0,67,67301,40.039,-75.1446,0,0,0,0,0,0,4,9,2006,7,11.0,1.0,0,1.0,3,1,3,  ,2,3.0,0,0,1,0,0,0,0,0,0,0,0,0,0,0,0,1,0
7263,2006102842,1253.0,1248.0,67,67301,,,0,0,0,0,0,0,4,9,2006,7,11.0,1.0,0,1.0,3,0,3,  ,3,3.0,0,0,1,0,0,0,0,0,0,0,0,0,0,0,0,0,0
7264,2006103103,1815.0,1800.0,67,67301,39.9309,-75.1622,0,0,0,0,0,0,4,8,2006,6,18.0,1.0,0,1.0,3,3,3,  ,0,0.0,0,0,1,0,0,0,0,0,0,0,0,0,0,0,0,0,1
7265,2006103104,1210.0,1200.0,67,67301,,,0,0,0,0,0,0,2,5,2006,4,12.0,1.0,0,1.0,3,2,3,  ,3,9.0,0,0,0,0,0,0,0,0,0,0,0,0,0,0,0,0,0
7266,2006103125,1155.0,1145.0,67,67301,40.0612,-75.0483,0,0,0,0,1,0,4,8,2006,3,11.0,1.0,0,1.0,3,1,3,  ,3,3.0,0,0,1,0,0,0,0,0,0,0,0,0,0,0,0,0,0
7267,2006103137,1327.0,1325.0,67,67301,39.9373,-75.1768,0,0,0,0,0,1,4,9,2006,3,13.0,1.0,0,1.0,3,5,3,  ,3,9.0,0,0,1,0,0,0,0,0,0,0,0,0,0,0,0,0,0
7268,2006103142,1420.0,1417.0,67,67301,39.9805,-75.1285,0,0,0,0,0,0,8,8,2006,3,14.0,1.0,0,1.0,3,1,3,  ,2,3.0,0,0,0,0,0,0,0,0,0,0,0,0,0,0,0,0,0
7269,2006103174,1632.0,1630.0,67,67301,39.9263,-75.1843,0,0,0,0,0,0,4,8,2006,2,16.0,1.0,0,1.0,3,2,3,  ,2,3.0,0,0,1,0,0,0,0,0,0,0,0,0,0,0,0,0,0
7270,2006103208,2135.0,2131.0,67,67301,39.9547,-75.195,0,0,0,0,0,1,2,8,2006,3,21.0,3.0,7,1.0,3,0,3,  ,0,0.0,0,0,0,0,0,0,0,0,0,0,0,0,0,0,0,1,0
7271,2006103217,1830.0,1824.0,67,67301,,,0,0,0,0,0,0,4,9,2006,6,18.0,8.0,0,1.0,3,2,3,  ,3,9.0,0,0,1,0,0,0,0,0,0,0,0,0,0,0,0,0,0
7272,2006103239,1740.0,1730.0,67,67301,39.9477,-75.1511,0,0,0,0,0,0,5,8,2006,2,16.0,1.0,0,1.0,3,2,3,  ,2,3.0,0,0,0,0,0,0,0,0,0,0,0,0,0,0,0,0,0
7273,2006103248,2320.0,1118.0,67,67301,39.9797,-75.1658,0,0,0,0,0,0,4,8,2006,5,23.0,3.0,0,1.0,3,1,3,  ,2,9.0,0,0,1,0,0,0,0,0,0,0,0,0,0,0,0,0,0
7274,2006103250,1702.0,1700.0,67,67301,39.9702,-75.1596,0,0,0,0,0,0,4,8,2006,2,16.0,1.0,0,1.0,3,1,3,  ,2,3.0,0,0,1,0,0,0,0,0,0,0,0,0,0,0,0,0,0
7275,2006103262,950.0,950.0,67,67301,40.0398,-75.1445,0,0,0,0,0,0,8,8,2006,4,9.0,1.0,0,1.0,3,1,3,  ,2,3.0,0,0,0,0,0,0,0,0,0,0,0,0,0,0,0,0,0
7276,2006103264,1339.0,1331.0,67,67301,39.9548,-75.1664,0,0,0,0,0,0,4,9,2006,2,13.0,1.0,0,1.0,3,3,3,  ,2,3.0,0,0,1,0,0,0,0,0,0,0,0,0,0,0,0,0,0
7277,2006103374,2031.0,2025.0,67,67301,39.9501,-75.1457,0,0,0,0,0,0,4,9,2006,4,20.0,3.0,0,98.0,3,1,3,  ,2,3.0,0,0,1,0,0,0,0,0,0,0,0,0,0,0,0,0,0
7278,2006103454,1246.0,1240.0,67,67301,40.0368,-75.0116,0,0,0,0,0,1,2,9,2006,2,12.0,1.0,0,1.0,3,0,3,  ,0,0.0,1,0,0,0,0,0,0,0,0,0,0,0,0,0,0,0,0
7279,2006103486,1535.0,1532.0,22,22403,40.549,-76.8117,0,0,0,0,0,0,4,9,2006,2,15.0,1.0,0,1.0,1,0,3,  ,0,0.0,0,0,1,0,0,0,0,0,0,0,0,0,0,0,0,0,1
7280,2006103655,1620.0,1620.0,67,67301,40.0222,-75.0605,0,0,0,0,0,1,4,9,2006,1,16.0,1.0,0,1.0,3,0,3,  ,0,0.0,0,0,1,0,0,0,0,0,0,0,0,0,0,0,0,0,0
7281,2006103666,1140.0,1131.0,67,67301,,,0,0,0,0,0,0,4,8,2006,2,99.0,4.0,0,9.0,3,1,7,  ,2,9.0,0,0,1,0,0,0,0,0,0,0,0,0,0,0,0,0,0
7282,2006103668,1940.0,1940.0,67,67301,,,0,0,0,0,0,0,4,9,2006,4,19.0,1.0,0,1.0,3,1,3,  ,3,3.0,1,0,1,0,0,0,0,0,0,0,0,0,0,0,0,0,0
7283,2006103704,9999.0,2358.0,67,67301,39.9802,-75.1693,0,0,0,0,0,0,4,8,2006,5,23.0,3.0,0,1.0,3,1,3,  ,3,3.0,1,0,1,0,0,0,0,0,0,0,0,0,1,0,0,0,0
7284,2006104248,1413.0,1408.0,67,67301,40.0276,-75.0962,0,0,0,0,0,0,4,8,2006,3,13.0,1.0,0,1.0,3,1,3,  ,3,3.0,0,0,1,0,0,0,0,0,0,0,0,0,0,0,0,1,0
7285,2006104406,1140.0,1130.0,15,15209,39.8756,-75.706,0,0,0,0,0,0,4,9,2006,2,11.0,1.0,0,1.0,1,2,3,  ,0,0.0,0,0,1,0,0,0,0,0,0,0,0,0,0,0,0,0,0
7286,2006104635,1641.0,1636.0,11,11434,,,0,0,0,0,1,0,4,10,2006,5,16.0,1.0,0,1.0,1,1,3,  ,3,3.0,0,0,1,0,0,0,0,0,0,0,0,0,0,0,0,0,0
7287,2006104816,1615.0,1610.0,67,67301,40.0262,-75.0944,0,0,0,0,0,0,4,8,2006,4,15.0,1.0,0,1.0,3,2,3,  ,0,0.0,0,0,1,0,0,0,0,0,0,0,0,0,0,0,0,0,0
7288,2006104912,1329.0,1325.0,67,67301,39.9724,-75.1292,0,0,0,0,0,0,5,9,2006,2,13.0,1.0,0,1.0,3,1,3,  ,3,3.0,0,0,0,0,0,0,0,0,0,0,0,0,0,0,0,0,0
7289,2006104949,1941.0,1937.0,67,67301,,,0,0,0,0,0,0,5,8,2006,2,19.0,4.0,0,1.0,3,1,3,  ,3,2.0,0,0,0,0,0,0,0,0,0,0,0,0,0,0,0,0,0
7290,2006105005,822.0,812.0,46,46217,40.3286,-75.5032,0,0,0,0,0,1,5,8,2006,5,8.0,1.0,0,1.0,1,0,3,  ,0,0.0,1,0,0,0,0,0,0,0,0,0,0,0,0,0,0,0,0
7291,2006105061,2029.0,2024.0,6,6301,40.3383,-75.918,0,0,0,0,0,0,2,10,2006,4,20.0,3.0,0,9.0,3,1,3,  ,2,3.0,0,0,0,0,0,0,0,0,0,0,0,0,0,0,0,0,0
7292,2006105128,1655.0,1653.0,67,67301,,,0,1,0,0,0,0,8,9,2006,7,16.0,1.0,0,9.0,3,0,7,  ,0,0.0,0,0,0,0,0,0,0,0,0,0,0,0,0,0,0,0,0
7293,2006105131,1839.0,1838.0,67,67301,40.0599,-75.163,0,1,0,0,0,0,8,8,2006,4,18.0,1.0,0,1.0,3,2,3,  ,0,0.0,1,0,0,0,0,1,0,0,0,0,0,0,0,1,0,0,0
7294,2006105142,1757.0,1751.0,67,67301,,,0,0,0,0,0,0,4,9,2006,1,17.0,1.0,7,1.0,3,0,3,  ,0,0.0,0,0,1,0,0,0,0,0,0,0,0,0,0,0,0,0,1
7295,2006105161,1645.0,1637.0,67,67301,,,0,1,0,0,0,0,6,8,2006,2,16.0,1.0,7,1.0,3,0,3,  ,0,0.0,0,0,0,0,0,0,0,0,0,0,0,0,0,0,0,0,0
7296,2006105280,1545.0,1545.0,67,67301,39.9966,-75.1271,0,0,0,0,0,0,8,9,2006,2,11.0,1.0,0,1.0,3,2,3,  ,0,0.0,0,0,0,0,0,0,0,0,0,0,0,0,0,0,0,0,0
7297,2006105289,737.0,715.0,61,61301,41.8484,-79.1363,0,0,0,0,0,0,6,9,2006,4,19.0,1.0,0,1.0,2,0,3,  ,0,0.0,0,0,0,0,0,0,0,0,0,0,0,0,0,0,0,0,0
7298,2006105420,1117.0,1114.0,2,2108,40.582,-80.0381,0,0,0,0,1,0,4,10,2006,5,11.0,1.0,0,1.0,3,1,3,  ,2,3.0,0,0,1,0,0,1,0,0,0,0,0,0,0,0,0,0,0
7299,2006105512,2037.0,2037.0,9,9220,,,0,0,0,0,0,0,5,9,2006,2,20.0,2.0,0,1.0,1,0,3,  ,0,0.0,0,0,0,0,0,1,0,0,0,0,0,0,0,0,0,1,0
7300,2006105718,1200.0,1245.0,67,67301,39.954,-75.1767,0,0,0,0,0,0,2,7,2006,5,12.0,1.0,0,1.0,3,1,3,  ,2,3.0,0,0,0,0,0,0,0,0,0,0,0,0,0,0,0,0,0
7301,2006105762,1835.0,1832.0,67,67301,,,0,0,0,0,0,0,4,8,2006,5,18.0,1.0,0,1.0,3,2,3,  ,3,3.0,0,0,1,0,0,0,0,0,0,0,0,0,0,0,0,0,0
7302,2006105776,102.0,58.0,67,67301,39.998,-75.1069,0,0,0,0,0,0,8,8,2006,1,21.0,6.0,0,1.0,3,1,3,  ,3,3.0,0,0,0,0,0,0,0,0,0,0,0,0,0,0,0,0,0
7303,2006105837,2000.0,1958.0,67,67301,39.9301,-75.1852,0,0,0,0,0,0,4,9,2006,3,19.0,3.0,0,9.0,3,1,7,  ,3,3.0,0,0,1,0,0,0,0,0,0,0,0,0,0,0,0,0,1
7304,2006105851,29.0,24.0,67,67301,39.9367,-75.2272,0,0,0,0,0,0,6,8,2006,7,0.0,3.0,0,9.0,3,1,7,  ,2,3.0,0,0,0,0,0,0,0,0,0,0,0,0,0,0,0,0,1
7305,2006105865,2157.0,1400.0,67,67301,39.9483,-75.1694,0,0,0,0,0,0,4,9,2006,6,14.0,1.0,0,1.0,3,1,3,  ,0,0.0,0,0,1,0,0,0,0,0,0,0,0,0,0,0,0,0,0
7306,2006105884,1925.0,1923.0,67,67301,40.0427,-75.073,0,0,0,0,0,0,4,9,2006,6,19.0,3.0,0,1.0,3,2,3,  ,0,0.0,0,0,1,0,0,0,0,0,0,0,0,0,0,0,0,1,0
7307,2006105890,9999.0,9999.0,67,67301,40.0152,-75.1699,0,0,0,0,0,0,4,9,2006,7,99.0,1.0,0,1.0,3,1,3,  ,2,3.0,0,1,1,0,0,0,0,0,0,0,0,0,0,0,0,0,0
7308,2006105922,1421.0,1419.0,57,57409,41.8748,-75.7273,0,0,0,0,0,0,4,7,2006,7,14.0,1.0,0,1.0,1,2,3,  ,3,3.0,1,0,1,0,0,0,0,0,0,0,0,0,0,0,0,1,0
7309,2006106207,1903.0,1851.0,7,7301,40.5377,-78.3885,0,0,0,0,0,0,4,9,2006,7,18.0,1.0,0,9.0,3,1,3,  ,0,0.0,0,0,1,0,0,0,0,0,0,0,0,0,0,0,0,1,0
7310,2006106243,1726.0,1726.0,23,23111,39.9275,-75.2804,0,0,0,0,0,1,4,9,2006,1,17.0,1.0,0,1.0,3,0,3,  ,3,3.0,0,0,1,0,0,0,0,0,0,0,0,0,0,0,0,0,0
7311,2006106244,2123.0,2122.0,23,23111,39.9586,-75.2874,0,0,0,0,0,0,8,9,2006,1,21.0,3.0,7,1.0,3,0,3,  ,0,0.0,0,0,0,0,0,0,0,0,0,0,0,0,0,0,0,0,0
7312,2006106397,1711.0,1709.0,9,9101,40.1537,-74.8524,0,0,0,0,0,0,4,10,2006,5,17.0,1.0,0,1.0,3,2,3,  ,3,3.0,0,0,1,0,0,0,0,0,0,0,0,0,0,0,0,1,0
7313,2006106411,1819.0,1817.0,46,46421,40.3102,-75.3196,0,0,0,0,0,0,4,9,2006,5,18.0,1.0,0,1.0,3,1,3,  ,3,3.0,1,0,1,0,0,0,0,0,0,0,0,0,0,0,0,1,0
7314,2006106424,1619.0,1615.0,2,2301,40.448,-79.9477,0,0,0,0,0,0,4,10,2006,1,16.0,1.0,0,1.0,3,2,3,  ,3,3.0,1,0,1,0,0,0,0,0,0,0,1,0,1,0,0,0,0
7315,2006106440,1717.0,1717.0,23,23111,39.9424,-75.2988,0,0,0,0,0,0,4,9,2006,6,17.0,1.0,0,1.0,3,2,3,  ,0,0.0,0,0,1,0,0,0,0,0,0,0,0,0,0,0,0,0,0
7316,2006106502,1937.0,1929.0,9,9218,40.1711,-74.9871,0,1,0,0,0,0,4,10,2006,7,18.0,1.0,3,1.0,3,3,3,  ,2,3.0,0,0,1,0,0,0,0,0,0,0,0,0,0,0,0,0,0
7317,2006106574,1625.0,1619.0,67,67301,39.9435,-75.2468,0,0,0,0,0,0,4,8,2006,2,16.0,1.0,0,1.0,3,2,3,  ,2,3.0,1,0,1,0,0,0,0,0,0,0,0,0,0,0,0,0,0
7318,2006106582,703.0,658.0,35,35302,41.3924,-75.6657,0,0,0,0,0,0,4,9,2006,2,6.0,1.0,0,1.0,3,1,3,  ,0,0.0,0,0,1,0,0,0,0,0,0,0,0,0,0,0,0,0,0
7319,2006106671,1114.0,1110.0,15,15215,40.0418,-75.415,0,0,0,0,0,0,6,10,2006,1,11.0,1.0,0,1.0,3,1,3,  ,3,3.0,1,0,0,0,0,0,0,0,0,0,0,0,0,0,0,0,0
7320,2006106816,1600.0,1600.0,67,67301,39.9392,-75.1965,0,0,0,0,0,0,4,8,2006,7,10.0,1.0,0,1.0,3,2,3,  ,0,0.0,0,0,1,0,0,0,0,0,0,0,0,0,0,0,0,0,0
7321,2006106970,1930.0,1849.0,58,58221,41.983,-77.3407,1,0,0,0,0,0,4,8,2006,3,18.0,1.0,0,1.0,1,0,3,  ,0,0.0,0,0,1,0,0,0,0,0,0,0,0,0,0,0,0,0,1
7322,2006107040,1510.0,1506.0,7,7301,40.5193,-78.4095,0,0,0,0,0,0,4,9,2006,6,15.0,1.0,0,1.0,3,0,3,  ,0,0.0,0,0,1,0,0,0,0,0,0,0,0,0,0,0,0,0,0
7323,2006107142,1333.0,1330.0,16,16407,41.0015,-79.334,0,0,0,0,1,0,4,9,2006,1,13.0,1.0,0,1.0,1,0,3,  ,0,0.0,1,0,1,0,0,0,0,0,0,0,1,0,1,0,0,0,0
7324,2006107285,1625.0,1623.0,38,38301,40.3443,-76.4207,0,0,0,0,0,0,4,10,2006,4,16.0,1.0,0,1.0,2,0,3,  ,0,0.0,1,0,1,0,0,0,0,0,0,0,1,0,0,1,0,0,1
7325,2006107361,1748.0,1735.0,45,45207,,,0,0,0,0,0,0,2,9,2006,7,17.0,1.0,0,1.0,1,0,3,  ,0,0.0,0,0,0,0,0,0,0,0,0,0,0,0,0,0,0,1,0
7326,2006107555,2119.0,2105.0,1,1212,,,0,1,0,0,0,0,4,8,2006,4,21.0,3.0,0,1.0,1,2,3,  ,3,3.0,0,1,1,0,0,0,1,0,0,1,0,0,0,0,0,0,0
7327,2006107713,1717.0,1716.0,36,36101,40.0941,-76.3119,0,0,0,0,0,0,4,8,2006,6,17.0,1.0,0,1.0,3,1,3,  ,3,3.0,0,0,1,0,0,0,0,0,0,0,0,0,0,0,0,0,0
7328,2006107887,1831.0,1828.0,2,2301,40.4366,-79.9662,0,0,0,0,0,1,6,10,2006,2,18.0,1.0,0,1.0,3,1,3,  ,2,3.0,1,0,0,0,0,0,0,0,0,0,0,0,0,0,0,0,0
7329,2006108014,1901.0,1857.0,14,14410,40.8,-77.8603,0,0,0,0,0,0,4,10,2006,4,99.0,3.0,0,9.0,3,2,7,  ,3,3.0,1,0,1,0,0,0,0,0,0,0,0,0,1,0,0,0,0
7330,2006108678,1647.0,1642.0,41,41219,,,0,0,0,0,0,0,8,9,2006,1,16.0,1.0,0,1.0,1,0,3,  ,0,0.0,1,0,0,0,0,0,0,0,0,0,0,0,0,1,0,0,0
7331,2006108791,2357.0,2345.0,1,1216,39.9096,-77.1529,0,0,0,0,1,0,5,9,2006,7,21.0,2.0,0,1.0,1,0,3,  ,0,0.0,0,0,0,0,0,0,0,0,0,0,0,0,0,0,0,0,0
7332,2006108886,824.0,807.0,46,46420,40.2662,-75.466,0,0,0,0,0,1,5,9,2006,2,8.0,1.0,0,1.0,3,2,3,  ,0,0.0,1,0,0,0,0,0,0,0,0,0,0,0,0,0,0,0,0
7333,2006108968,1843.0,1841.0,2,2304,40.3473,-79.8385,0,0,0,0,0,0,4,10,2006,7,18.0,1.0,0,1.0,3,1,3,  ,3,3.0,0,0,1,0,0,0,0,0,0,0,0,0,0,0,0,0,0
7334,2006108975,1554.0,1553.0,36,36301,40.023,-76.3174,0,0,0,0,0,0,6,8,2006,5,15.0,1.0,0,1.0,3,0,3,  ,0,0.0,0,0,0,0,0,0,0,0,0,0,0,0,0,0,0,1,0
7335,2006108977,1420.0,1420.0,48,48301,40.6308,-75.3751,0,0,0,0,0,0,4,10,2006,2,14.0,1.0,0,1.0,3,1,3,  ,2,3.0,0,0,1,0,0,0,0,0,0,0,0,0,0,0,0,0,0
7336,2006109175,1517.0,1508.0,44,44403,40.5979,-77.5739,0,0,0,0,0,0,4,10,2006,5,15.0,1.0,0,1.0,2,0,3,  ,0,0.0,0,0,1,0,0,0,0,0,0,0,0,0,0,0,0,0,0
7337,2006109203,1407.0,1404.0,21,21104,40.1615,-77.0155,0,0,0,0,0,1,4,10,2006,2,13.0,1.0,0,1.0,3,1,3,  ,3,3.0,1,0,1,0,0,0,0,0,0,0,0,0,0,0,0,0,0
7338,2006109319,825.0,820.0,25,25302,42.1228,-80.0437,0,0,0,0,1,0,4,10,2006,3,8.0,1.0,7,1.0,3,0,3,  ,2,3.0,0,0,1,0,0,0,0,0,0,0,0,0,0,0,0,0,0
7339,2006109490,1158.0,1155.0,6,6301,40.336,-75.9537,0,0,0,0,0,0,4,10,2006,2,11.0,1.0,0,1.0,3,1,3,  ,2,3.0,1,0,1,0,0,1,0,0,0,0,0,0,0,0,0,0,0
7340,2006109561,1545.0,1542.0,35,35302,41.4118,-75.6915,0,0,0,0,0,0,4,9,2006,4,15.0,1.0,0,1.0,3,2,3,  ,3,3.0,0,0,1,0,0,0,0,0,0,0,0,0,0,0,0,0,0
7341,2006109572,929.0,926.0,35,35302,41.3871,-75.6685,0,0,0,0,0,0,2,9,2006,3,9.0,1.0,0,1.0,3,0,3,  ,0,0.0,0,0,0,0,0,0,0,0,0,0,0,0,0,0,0,0,0
7342,2006109580,735.0,730.0,2,2301,40.4617,-79.9658,0,0,0,0,0,0,4,10,2006,6,7.0,5.0,0,1.0,3,0,3,  ,0,0.0,0,0,1,0,0,0,0,0,0,0,0,0,0,0,0,0,0
7343,2006109838,1513.0,1506.0,15,15243,39.9496,-75.6814,0,0,0,0,0,0,5,9,2006,1,15.0,1.0,0,1.0,1,3,3,  ,0,0.0,0,0,0,0,0,0,0,0,0,0,0,0,0,0,0,0,1
7344,2006109853,1552.0,1531.0,14,14219,,,0,0,0,0,0,0,4,10,2006,3,15.0,1.0,0,1.0,1,0,3,  ,0,0.0,0,0,1,0,0,0,0,0,0,0,0,0,0,0,0,0,0
7345,2006109855,2130.0,2157.0,14,14406,,,0,0,0,0,1,0,4,9,2006,2,19.0,1.0,0,1.0,1,1,3,  ,3,3.0,0,0,1,0,0,0,0,0,0,0,0,0,0,0,0,0,0
7346,2006110046,1853.0,1842.0,49,49222,,,0,0,0,0,0,0,4,10,2006,2,18.0,4.0,0,1.0,1,0,3,  ,0,0.0,0,0,1,0,0,0,0,0,0,0,0,0,0,0,0,0,0
7347,2006110200,1943.0,1941.0,46,46416,,,0,0,0,0,1,0,6,9,2006,2,19.0,3.0,0,1.0,2,0,3,  ,3,3.0,0,0,0,0,0,0,0,0,0,0,0,0,0,0,0,0,0
7348,2006110261,1707.0,1704.0,36,36210,40.2125,-76.1248,0,0,0,0,1,0,2,10,2006,4,17.0,1.0,0,1.0,1,0,3,  ,0,0.0,0,0,0,0,0,0,0,0,0,0,0,0,0,0,0,0,0
7349,2006110335,1500.0,1458.0,40,40304,41.2402,-75.8775,0,0,0,0,0,0,4,10,2006,2,14.0,1.0,0,1.0,3,0,3,  ,0,0.0,0,0,1,0,0,0,0,0,0,0,0,0,0,0,0,1,0
7350,2006110387,1115.0,1112.0,66,66301,39.9644,-76.7096,0,0,0,0,0,0,4,7,2006,3,11.0,1.0,0,1.0,3,1,3,  ,3,3.0,0,0,1,0,0,1,0,0,0,0,0,0,0,0,0,0,0
7351,2006110396,1552.0,1550.0,43,43404,41.1141,-80.0568,0,0,0,0,0,1,4,10,2006,1,15.0,1.0,0,1.0,2,0,3,  ,0,0.0,0,0,1,0,0,0,0,0,0,0,0,0,0,0,0,0,0
7352,2006110400,1724.0,1723.0,55,55418,40.0052,-79.0667,0,0,0,0,0,0,4,10,2006,7,17.0,1.0,7,1.0,2,2,3,  ,0,0.0,0,0,1,0,0,0,0,0,0,0,0,0,0,0,0,0,0
7353,2006110646,1345.0,1333.0,6,6301,40.3288,-75.9024,0,0,0,0,0,0,4,10,2006,1,13.0,1.0,0,1.0,3,1,3,  ,3,3.0,0,0,1,0,0,0,0,0,0,0,0,0,0,0,0,0,0
7354,2006110781,1334.0,1316.0,9,9202,40.0877,-74.9506,0,0,0,0,0,0,4,10,2006,6,12.0,1.0,0,1.0,3,1,3,  ,3,9.0,1,0,1,0,0,0,0,0,0,0,0,0,1,0,0,0,0
7355,2006110868,1728.0,1728.0,66,66301,,,0,0,0,0,0,0,4,7,2006,1,17.0,1.0,0,1.0,3,3,3,  ,0,0.0,0,0,1,0,0,0,0,0,0,0,0,0,0,0,0,0,0
7356,2006110951,1318.0,1316.0,9,9202,40.1015,-74.9502,0,0,0,0,1,0,4,10,2006,2,13.0,1.0,0,1.0,3,1,3,  ,3,3.0,0,0,1,0,0,0,0,0,0,0,0,0,0,0,0,0,0
7357,2006111044,1438.0,1418.0,15,15217,39.7469,-75.8119,0,0,0,0,0,0,4,9,2006,5,14.0,1.0,0,1.0,1,0,3,  ,0,0.0,1,0,1,0,0,0,0,0,0,0,0,0,0,0,0,0,0
7358,2006111308,2149.0,2139.0,22,22102,40.2472,-76.8512,0,1,0,0,0,0,5,10,2006,5,21.0,3.0,0,9.0,3,0,7,  ,0,0.0,0,0,0,0,0,0,0,0,0,0,0,0,0,0,0,0,0
7359,2006111337,638.0,636.0,36,36301,,,0,1,1,0,0,0,5,9,2006,6,6.0,3.0,0,9.0,3,0,7,  ,0,0.0,0,0,0,0,1,0,0,0,0,0,0,0,0,0,0,1,0
7360,2006111531,2100.0,2049.0,36,36405,,,0,0,0,0,0,0,4,10,2006,1,19.0,4.0,0,1.0,1,2,3,  ,0,0.0,0,0,1,0,0,0,0,0,0,0,0,0,0,0,0,0,0
7361,2006111596,1035.0,1031.0,38,38301,,,0,0,0,0,0,0,5,10,2006,5,10.0,1.0,0,1.0,2,2,3,  ,0,0.0,0,1,0,0,0,0,0,0,0,0,0,0,0,0,0,0,1
7362,2006111942,1558.0,1555.0,35,35302,41.4175,-75.6781,0,0,0,0,0,0,4,9,2006,6,15.0,1.0,0,1.0,3,1,3,  ,0,0.0,0,0,1,0,0,0,0,0,0,0,0,0,0,0,0,0,1
7363,2006111961,1708.0,1706.0,46,46110,,,0,0,0,0,0,0,3,10,2006,3,17.0,1.0,0,1.0,3,0,3,  ,0,0.0,1,0,0,0,0,0,0,0,0,0,0,0,0,0,0,0,0
7364,2006112222,2345.0,2345.0,36,36238,40.1601,-76.1417,0,0,0,0,0,0,4,11,2006,1,23.0,2.0,0,1.0,3,0,3,  ,0,0.0,1,0,1,0,0,0,0,0,0,0,0,0,0,0,0,0,0