,CRN,ARRIVAL_TM,DISPATCH_TM,COUNTY,MUNICIPALITY,DEC_LAT,DEC_LONG,BICYCLE_DEATH_COUNT,BICYCLE_SUSP_SERIOUS_INJ_COUNT,BUS_COUNT,HEAVY_TRUCK_COUNT,SMALL_TRUCK_COUNT,SUV_COUNT,COLLISION_TYPE,CRASH_MONTH,CRASH_YEAR,DAY_OF_WEEK,HOUR_OF_DAY,ILLUMINATION,LOCATION_TYPE,ROAD_CONDITION,URBAN_RURAL,INTERSECT_TYPE,WEATHER1,WEATHER2,TCD_TYPE,TCD_FUNC_CD,AGGRESSIVE_DRIVING,ALCOHOL_RELATED,ANGLE_CRASH,CELL_PHONE,COMM_VEHICLE,DISTRACTED,DRINKING_DRIVER,DRUGGED_DRIVER,FATIGUE_ASLEEP,IMPAIRED_DRIVER,NHTSA_AGG_DRIVING,RUNNING_RED_LT,RUNNING_STOP_SIGN,SPEEDING_RELATED,TAILGATING,MATURE_DRIVER,YOUNG_DRIVER
7365,2006112507,1829.0,1829.0,46,46412,39.9986,-75.2609,0,0,0,0,0,0,4,10,2006,5,18.0,3.0,0,1.0,3,2,3,  ,0,0.0,1,0,1,0,0,0,0,0,0,0,0,0,0,0,0,0,0
7366,2006112652,1654.0,1633.0,67,67301,40.049,-75.0509,0,0,0,0,0,0,4,5,2006,7,16.0,1.0,0,1.0,3,2,3,  ,3,9.0,0,0,1,0,0,0,0,0,0,0,0,0,0,0,0,0,0
7367,2006112661,222.0,218.0,67,67301,39.9331,-75.1596,0,0,0,0,0,0,1,10,2006,3,2.0,3.0,0,9.0,3,1,3,  ,0,0.0,1,1,0,0,0,0,0,0,0,0,0,0,0,0,1,0,0
7368,2006112687,2132.0,2128.0,67,67301,39.9454,-75.1799,0,0,0,0,0,0,1,9,2006,5,99.0,3.0,0,9.0,3,0,7,  ,0,0.0,0,0,0,0,0,0,0,0,0,0,0,0,0,0,0,0,0
7369,2006112702,1618.0,1613.0,67,67301,39.9888,-75.139,0,0,0,0,0,1,4,10,2006,4,16.0,1.0,0,1.0,3,1,3,  ,0,0.0,0,0,1,0,0,0,0,0,0,0,0,0,0,0,0,0,0
7370,2006112737,1630.0,1630.0,67,67301,39.9881,-75.1417,0,0,0,0,0,0,4,9,2006,2,16.0,1.0,0,1.0,3,0,3,  ,0,0.0,0,0,1,0,0,0,0,0,0,0,0,0,0,0,0,0,1
7371,2006112741,803.0,758.0,67,67301,39.9615,-75.1971,0,0,0,0,0,0,4,9,2006,3,7.0,1.0,0,1.0,3,1,3,  ,3,9.0,0,0,1,0,0,0,0,0,0,0,0,0,0,0,0,0,0
7372,2006112776,1756.0,1755.0,6,6301,40.3532,-75.9157,0,0,0,0,0,0,4,10,2006,4,17.0,4.0,0,1.0,3,1,3,  ,3,3.0,0,0,1,0,0,0,0,0,0,0,0,0,0,0,0,0,0
7373,2006112786,1743.0,1741.0,9,9101,40.1045,-74.8797,0,0,0,0,0,0,4,10,2006,6,17.0,1.0,0,1.0,3,0,3,  ,0,0.0,0,0,1,0,0,1,0,0,0,0,0,0,0,0,0,0,0
7374,2006112796,1558.0,1550.0,67,67301,39.9868,-75.2068,0,0,0,0,0,0,4,9,2006,7,15.0,1.0,0,1.0,3,0,3,  ,0,0.0,0,0,1,0,0,0,0,0,0,0,0,0,0,0,0,0,0
7375,2006112822,1420.0,1405.0,67,67301,39.9985,-75.1535,0,0,0,0,0,0,4,9,2006,1,14.0,1.0,0,1.0,3,1,3,  ,3,2.0,0,0,1,0,0,0,0,0,0,0,0,0,0,0,0,0,0
7376,2006112862,236.0,234.0,67,67301,39.9533,-75.2053,0,0,0,0,0,0,8,10,2006,5,2.0,3.0,0,1.0,3,1,3,  ,3,3.0,0,0,0,0,0,0,0,0,0,0,0,0,0,0,0,0,0
7377,2006112870,1905.0,1855.0,67,67301,40.0702,-75.0704,0,0,0,0,0,0,4,9,2006,7,18.0,1.0,0,1.0,3,1,3,  ,2,3.0,0,0,1,0,0,1,0,0,0,0,0,0,0,0,0,1,0
7378,2006112909,1737.0,1717.0,54,54203,40.86,-77.0546,0,0,0,0,0,0,2,9,2006,2,16.0,1.0,0,1.0,1,0,3,  ,0,0.0,0,0,0,0,0,0,0,0,0,0,0,0,0,0,0,0,1
7379,2006113029,1725.0,1715.0,67,67301,40.0003,-75.2284,0,0,0,0,0,0,4,10,2006,5,17.0,1.0,0,1.0,3,2,3,  ,3,3.0,0,0,1,0,0,0,0,0,0,0,0,0,0,0,0,0,0
7380,2006113057,2105.0,2104.0,2,2301,40.447,-79.949,0,0,0,0,0,1,4,10,2006,6,21.0,3.0,0,9.0,3,1,7,  ,2,3.0,0,0,1,0,0,1,0,0,0,0,0,0,0,0,0,0,0
7381,2006113066,1215.0,1214.0,67,67301,,,0,0,0,0,0,0,5,10,2006,2,12.0,1.0,0,1.0,3,0,3,  ,0,0.0,0,0,0,0,0,0,0,0,0,0,0,0,0,0,0,0,0
7382,2006113079,757.0,752.0,67,67301,39.9274,-75.1604,0,0,0,0,0,1,4,9,2006,6,7.0,1.0,0,9.0,3,1,3,  ,0,0.0,0,0,1,0,0,0,0,0,0,0,0,0,0,0,0,0,0
7383,2006113082,1010.0,1006.0,67,67301,39.954,-75.1767,0,0,0,0,0,0,2,10,2006,3,9.0,1.0,0,9.0,3,1,7,  ,2,3.0,0,0,0,0,0,0,0,0,0,0,0,0,0,0,0,0,0
7384,2006113162,1012.0,1009.0,2,2109,40.3806,-80.0615,0,0,0,0,0,0,4,10,2006,6,7.0,1.0,0,1.0,3,2,3,  ,3,3.0,0,0,1,0,0,0,0,0,0,0,0,0,0,0,0,0,0
7385,2006113225,1928.0,1920.0,67,67301,39.9525,-75.1896,0,0,0,0,0,0,5,10,2006,5,19.0,3.0,0,1.0,3,0,3,  ,0,0.0,0,0,0,0,0,0,0,0,0,0,0,0,0,0,0,0,1
7386,2006113290,1250.0,1245.0,67,67301,39.9554,-75.163,0,0,0,0,0,0,4,9,2006,4,12.0,1.0,0,1.0,3,1,3,  ,2,3.0,1,0,1,0,0,0,0,0,0,0,0,0,0,0,0,0,0
7387,2006113297,1052.0,1047.0,67,67301,39.9434,-75.1674,0,0,0,0,0,0,8,10,2006,3,10.0,1.0,99,98.0,3,0,99,  ,0,0.0,0,0,0,0,0,0,0,0,0,0,0,0,0,0,0,0,0
7388,2006113310,2104.0,2100.0,67,67301,39.9497,-75.2331,0,0,0,0,0,1,8,10,2006,6,20.0,3.0,0,1.0,3,1,3,  ,3,3.0,0,0,0,0,0,0,0,0,0,0,0,0,0,0,0,0,0
7389,2006113352,2023.0,2019.0,67,67301,,,0,0,0,0,0,0,4,9,2006,7,19.0,3.0,0,1.0,3,2,3,  ,2,3.0,0,0,1,0,0,0,0,0,0,0,0,0,0,0,0,0,0
7390,2006113393,1836.0,1831.0,67,67301,40.0136,-75.0802,0,0,0,0,0,0,4,9,2006,2,99.0,1.0,0,1.0,3,1,3,  ,3,3.0,0,0,1,0,0,0,0,0,0,0,0,0,0,0,0,0,0
7391,2006113399,9999.0,1730.0,67,67301,39.9214,-75.1914,0,0,0,0,0,0,4,9,2006,6,5.0,1.0,0,1.0,3,5,3,  ,2,3.0,0,0,1,0,0,0,0,0,0,0,0,0,0,0,0,0,0
7392,2006113408,1925.0,1920.0,67,67301,40.0553,-75.0566,0,0,0,0,0,1,4,10,2006,6,99.0,3.0,0,1.0,3,5,3,  ,3,9.0,0,0,1,0,0,0,0,0,0,0,0,0,0,0,0,0,0
7393,2006113447,1615.0,1613.0,67,67301,39.9526,-75.1566,0,0,0,0,0,0,8,10,2006,5,16.0,1.0,0,1.0,3,0,3,  ,0,0.0,0,0,0,0,0,0,0,0,0,0,0,0,0,0,0,0,1
7394,2006113804,744.0,739.0,21,21401,40.2375,-76.9371,0,0,0,0,0,0,4,11,2006,3,7.0,1.0,0,1.0,3,1,3,  ,2,3.0,0,0,1,0,0,1,0,0,0,0,0,0,0,0,0,0,0
7395,2006113814,1845.0,1843.0,67,67301,,,0,0,0,0,0,0,1,10,2006,7,19.0,2.0,0,1.0,3,3,3,  ,3,9.0,0,0,0,0,0,0,0,0,0,0,0,0,0,0,0,0,0
7396,2006113826,1338.0,1333.0,67,67301,39.995,-75.1267,0,0,0,0,0,0,4,9,2006,1,13.0,1.0,0,1.0,3,2,3,  ,0,0.0,0,0,1,0,0,0,0,0,0,0,0,0,0,0,0,0,0
7397,2006113828,2016.0,2006.0,67,67301,40.0963,-74.959,0,0,0,0,0,0,8,9,2006,2,20.0,3.0,0,1.0,3,0,3,  ,0,0.0,1,0,0,0,0,0,0,0,0,0,0,0,0,0,0,0,0
7398,2006113829,245.0,230.0,67,67301,40.0222,-75.0631,0,0,0,0,0,0,4,9,2006,6,1.0,3.0,7,1.0,3,0,3,  ,0,0.0,1,0,1,0,0,0,0,0,0,0,0,0,0,0,0,0,0
7399,2006113845,1916.0,1915.0,67,67301,40.0316,-75.213,0,0,0,0,0,0,4,10,2006,4,19.0,3.0,0,9.0,3,1,7,  ,0,0.0,0,0,1,0,0,0,0,0,0,0,0,0,0,0,0,0,0
7400,2006113858,1646.0,1628.0,67,67301,39.9571,-75.2358,0,0,0,0,0,1,2,10,2006,3,16.0,1.0,0,1.0,3,1,3,  ,3,3.0,0,0,0,0,0,0,0,0,0,0,0,0,0,0,0,0,0
7401,2006113859,2150.0,2149.0,67,67301,39.9531,-75.1819,0,0,0,0,1,0,6,10,2006,4,21.0,2.0,0,1.0,3,3,3,  ,2,3.0,0,0,0,0,0,0,0,0,0,0,0,0,0,0,0,0,0
7402,2006113969,1346.0,1345.0,14,14410,40.7865,-77.852,0,0,0,0,0,1,4,9,2006,7,13.0,1.0,0,1.0,3,2,3,  ,3,3.0,0,0,1,0,0,0,0,0,0,0,0,0,0,0,0,0,0
7403,2006114113,1839.0,1837.0,67,67301,39.9674,-75.2468,0,0,0,0,0,0,4,10,2006,5,18.0,1.0,0,1.0,3,0,3,  ,0,0.0,0,0,1,0,0,0,0,0,0,0,0,0,0,0,0,0,0
7404,2006114177,738.0,734.0,36,36407,40.1642,-76.5911,0,0,0,0,0,0,4,10,2006,5,7.0,1.0,0,1.0,2,1,3,  ,3,3.0,1,0,1,0,0,0,0,0,0,0,0,0,0,0,0,0,0
7405,2006114223,1650.0,1642.0,36,36211,40.1007,-76.5611,0,0,0,0,1,0,8,11,2006,6,16.0,1.0,0,1.0,1,0,3,  ,0,0.0,0,0,0,0,0,0,0,0,0,0,0,0,0,0,0,0,0
7406,2006114319,1727.0,1725.0,9,9202,40.105,-74.9391,0,0,0,0,0,0,2,10,2006,2,17.0,1.0,0,1.0,3,0,3,  ,0,0.0,1,0,0,0,0,0,0,0,0,0,0,0,0,0,0,0,0
7407,2006114358,2119.0,1835.0,31,31220,40.3716,-77.8726,0,0,0,0,1,0,4,9,2006,4,16.0,1.0,0,1.0,1,2,3,  ,3,3.0,0,0,1,0,0,0,0,0,0,0,0,0,0,0,0,0,0
7408,2006114396,2226.0,2221.0,67,67301,39.9945,-75.1342,1,0,0,0,0,0,2,10,2006,6,22.0,3.0,0,1.0,3,3,3,  ,2,3.0,0,0,0,0,0,0,0,0,0,0,0,0,0,0,0,0,0
7409,2006114595,2145.0,2135.0,67,67301,40.0336,-75.0754,0,0,0,0,0,0,1,10,2006,4,99.0,3.0,0,1.0,3,1,3,  ,0,0.0,0,0,0,0,0,0,0,0,0,0,0,0,0,0,0,0,0
7410,2006114701,1609.0,1600.0,67,67301,40.037,-75.069,0,0,0,0,0,0,5,10,2006,4,13.0,1.0,0,1.0,3,0,3,  ,0,0.0,0,0,0,0,0,0,0,0,0,0,0,0,0,0,0,0,0
7411,2006114747,1846.0,1845.0,67,67301,39.944,-75.1752,0,0,0,0,0,0,6,10,2006,2,18.0,4.0,0,1.0,3,10,3,  ,3,3.0,1,0,0,0,0,0,0,0,0,0,1,0,1,0,0,0,0
7412,2006115116,2235.0,2230.0,67,67301,39.9903,-75.1106,0,0,0,0,0,0,4,8,2006,4,16.0,1.0,0,1.0,3,2,3,  ,0,0.0,0,0,1,0,0,0,0,0,0,0,0,0,0,0,0,0,0
7413,2006115154,2010.0,2006.0,67,67301,40.0061,-75.1879,0,0,0,0,0,0,4,10,2006,4,20.0,3.0,0,1.0,3,2,3,  ,2,3.0,0,0,1,0,0,0,0,0,0,0,0,0,0,0,0,0,0
7414,2006115167,640.0,630.0,67,67301,39.9432,-75.1537,0,0,0,0,0,0,4,10,2006,4,6.0,1.0,0,1.0,3,1,3,  ,2,3.0,0,0,1,0,0,0,0,0,0,0,0,0,0,0,0,0,0
7415,2006115579,1115.0,1110.0,67,67301,40.0314,-75.1071,0,0,0,0,0,0,4,10,2006,2,11.0,1.0,0,1.0,3,2,3,  ,3,9.0,0,0,1,0,0,0,0,0,0,0,0,0,0,0,0,0,0
7416,2006115585,1510.0,1510.0,67,67301,,,0,0,0,0,0,0,5,9,2006,7,99.0,1.0,0,1.0,3,0,3,  ,2,3.0,0,0,0,0,0,0,0,0,0,0,0,0,0,0,0,0,0
7417,2006115619,41.0,39.0,67,67301,39.9439,-75.1672,0,0,0,0,0,0,5,10,2006,1,0.0,3.0,0,1.0,3,2,3,  ,2,3.0,0,0,0,0,0,0,0,0,0,0,0,0,0,0,0,0,0
7418,2006115622,1940.0,1928.0,67,67301,39.9579,-75.1623,0,0,0,0,0,0,4,10,2006,3,19.0,1.0,0,1.0,3,1,3,  ,2,3.0,1,0,1,0,0,0,0,0,0,0,0,0,0,0,0,0,0
7419,2006115628,2249.0,2246.0,67,67301,39.9473,-75.1479,0,0,0,0,0,0,8,10,2006,2,21.0,3.0,0,1.0,3,2,3,  ,2,9.0,0,0,0,0,0,0,0,0,0,0,0,0,0,0,0,0,0
7420,2006115668,1751.0,1750.0,67,67301,39.921,-75.1554,0,0,0,0,0,0,4,10,2006,1,17.0,1.0,0,1.0,3,2,3,  ,3,9.0,0,0,1,0,0,0,0,0,0,0,0,0,0,0,0,0,0
7421,2006115747,1905.0,1855.0,67,67301,40.0522,-75.0901,0,0,0,0,0,0,4,10,2006,1,18.0,3.0,0,1.0,3,1,3,  ,3,3.0,0,0,1,0,0,0,0,0,0,0,0,0,0,0,0,1,0
7422,2006115818,801.0,754.0,46,46416,40.244,-75.6136,0,0,0,0,0,0,4,10,2006,4,7.0,1.0,0,1.0,2,1,3,  ,2,2.0,1,0,1,0,0,0,0,0,0,0,0,1,0,0,0,0,0
7423,2006115822,1835.0,1833.0,46,46416,40.2598,-75.6563,0,1,0,0,0,0,2,10,2006,2,18.0,3.0,0,1.0,2,0,3,  ,0,0.0,0,0,0,0,0,1,0,0,0,0,0,0,0,0,0,0,0
7424,2006115828,9999.0,0.0,67,67301,39.9442,-75.1616,0,0,0,0,0,0,5,9,2006,6,16.0,1.0,0,1.0,3,0,3,  ,0,0.0,0,0,0,0,0,0,0,0,0,0,0,0,0,0,0,0,0
7425,2006115879,837.0,835.0,67,67301,39.9274,-75.174,0,0,0,0,0,0,4,10,2006,2,99.0,1.0,0,1.0,3,1,3,  ,3,3.0,0,0,1,0,0,0,0,0,0,0,0,0,0,0,0,0,0
7426,2006115881,1931.0,1929.0,67,67301,39.9536,-75.1767,0,0,0,0,0,0,4,10,2006,4,19.0,3.0,0,1.0,3,2,3,  ,0,0.0,0,0,1,0,0,0,0,0,0,0,0,0,0,0,0,0,0
7427,2006115915,38.0,35.0,40,40304,41.2396,-75.8803,0,0,0,0,0,0,4,10,2006,1,0.0,3.0,0,9.0,3,1,7,  ,0,0.0,0,0,1,0,0,0,0,0,0,0,0,0,0,0,0,0,0
7428,2006116000,2108.0,2106.0,67,67301,39.9542,-75.2028,0,0,0,0,0,0,5,10,2006,6,21.0,3.0,0,1.0,3,0,3,  ,0,0.0,1,0,0,0,0,0,0,0,0,0,0,0,0,0,0,0,0
7429,2006116032,1635.0,1627.0,67,67301,39.9501,-75.164,0,0,0,0,0,0,5,10,2006,5,16.0,1.0,0,1.0,3,1,3,  ,1,3.0,0,0,0,0,0,0,0,0,0,0,0,0,0,0,0,0,0
7430,2006116042,1748.0,1748.0,67,67301,40.0332,-75.1241,0,0,0,0,0,1,4,10,2006,4,17.0,1.0,0,1.0,3,0,3,  ,0,0.0,0,0,1,0,0,0,0,0,0,0,0,0,0,0,0,0,0
7431,2006116066,1215.0,1215.0,67,67301,40.0486,-75.1449,0,0,0,0,0,0,4,10,2006,1,12.0,1.0,0,1.0,3,1,3,  ,2,3.0,1,0,1,0,0,0,0,0,0,0,0,0,0,0,0,0,0
7432,2006116080,130.0,1258.0,67,67301,40.0159,-75.1497,0,0,0,0,0,0,4,10,2006,1,12.0,1.0,0,1.0,3,2,3,  ,0,0.0,0,0,1,0,0,0,0,0,0,0,0,0,0,0,0,0,0
7433,2006116096,55.0,51.0,67,67301,39.9563,-75.1683,0,0,0,0,0,1,4,10,2006,6,0.0,3.0,0,9.0,3,1,7,  ,2,3.0,0,0,1,0,0,0,0,0,0,0,0,0,0,0,0,0,0
7434,2006116104,1236.0,1236.0,67,67301,39.93,-75.1937,0,0,0,0,1,0,4,10,2006,2,99.0,1.0,0,1.0,3,0,3,  ,0,0.0,0,0,1,0,0,0,0,0,0,0,0,0,0,0,0,0,0
7435,2006116224,1700.0,1700.0,67,67301,39.9357,-75.1672,0,0,0,0,0,0,4,10,2006,2,16.0,1.0,0,1.0,3,1,3,  ,0,0.0,0,0,1,0,0,0,0,0,0,0,0,0,0,0,0,0,0
7436,2006116263,1018.0,1018.0,67,67301,39.9541,-75.1897,0,0,0,0,0,0,4,9,2006,7,7.0,1.0,0,1.0,3,1,3,  ,2,3.0,0,0,1,0,0,0,0,0,0,0,0,0,0,0,0,0,0
7437,2006116342,1137.0,1136.0,46,46209,40.2698,-75.3795,0,0,0,0,0,0,4,11,2006,7,11.0,1.0,0,1.0,1,2,3,  ,3,3.0,0,0,1,0,0,0,0,0,0,0,0,0,0,0,0,0,0
7438,2006116470,2026.0,2026.0,36,36404,40.0291,-76.4991,0,0,0,0,0,1,4,6,2006,1,20.0,1.0,0,1.0,3,0,3,  ,0,0.0,0,0,1,0,0,0,0,0,0,0,0,0,0,0,0,1,0
7439,2006116471,2149.0,2145.0,36,36404,40.032,-76.4933,0,0,0,0,0,0,4,11,2006,4,21.0,3.0,0,1.0,3,1,3,  ,0,0.0,0,1,1,0,0,0,0,0,0,0,0,0,0,0,0,0,0
7440,2006116769,716.0,713.0,23,23111,39.9539,-75.2839,0,0,0,0,0,0,4,10,2006,2,7.0,1.0,0,1.0,3,1,3,  ,2,3.0,0,0,1,0,0,0,0,0,0,0,0,0,0,0,0,0,0
7441,2006117166,2101.0,2013.0,7,7301,40.5069,-78.4082,0,0,0,0,1,0,4,10,2006,2,20.0,3.0,0,1.0,3,1,3,  ,3,3.0,1,0,1,0,0,0,0,0,0,0,1,0,1,0,0,0,0
7442,2006117745,1750.0,1749.0,20,20301,41.6327,-80.158,0,0,0,0,1,0,4,11,2006,4,17.0,2.0,0,1.0,2,1,3,  ,2,3.0,0,0,1,0,0,0,0,0,0,0,0,0,0,0,0,0,0
7443,2006117943,806.0,803.0,6,6415,40.3297,-75.8826,0,1,0,0,0,0,4,11,2006,7,8.0,1.0,0,1.0,3,1,3,  ,0,0.0,0,0,1,0,0,0,0,0,0,0,0,0,0,0,0,0,0
7444,2006118081,1646.0,1603.0,6,6301,40.3297,-75.9212,0,0,0,0,0,0,8,11,2006,2,15.0,1.0,0,1.0,3,1,3,  ,0,0.0,0,0,0,0,0,0,0,0,0,0,0,0,0,0,0,0,0
7445,2006118420,810.0,806.0,23,23106,40.0339,-75.3389,0,0,0,0,0,0,4,10,2006,2,8.0,1.0,7,1.0,3,0,3,  ,0,0.0,1,0,1,0,0,0,0,0,0,0,0,0,0,0,0,0,1
7446,2006118782,1301.0,1243.0,2,2301,40.4849,-79.9085,0,0,0,0,0,0,4,11,2006,4,12.0,1.0,0,1.0,3,0,3,  ,0,0.0,0,0,1,0,0,0,0,0,0,0,0,0,0,0,0,0,0
7447,2006118793,1515.0,1502.0,66,66422,39.9781,-76.7324,0,0,0,0,0,0,4,10,2006,5,15.0,1.0,0,1.0,3,1,3,  ,3,9.0,0,0,1,0,0,0,0,0,0,0,0,0,0,0,0,0,1
7448,2006118807,1158.0,1158.0,23,23414,39.922,-75.3921,0,0,0,0,0,0,4,9,2006,7,11.0,1.0,0,1.0,3,1,3,  ,3,9.0,1,0,1,0,0,0,0,0,0,0,0,0,0,0,0,0,0
7449,2006118894,1825.0,1817.0,39,39301,40.6214,-75.4274,0,0,0,0,0,0,4,11,2006,6,18.0,3.0,0,1.0,3,1,3,  ,2,3.0,0,0,1,0,0,1,0,0,0,0,0,0,0,0,0,0,0
7450,2006119164,1936.0,1936.0,2,2301,40.444,-79.9502,0,0,0,0,0,0,4,11,2006,6,19.0,3.0,0,1.0,3,2,3,  ,0,0.0,1,0,1,0,0,0,0,0,0,0,0,0,0,0,0,0,0
7451,2006119174,1630.0,9999.0,36,36233,39.9704,-76.2009,0,0,0,0,0,0,4,10,2006,1,19.0,1.0,0,1.0,1,2,3,  ,3,3.0,0,0,1,0,0,0,0,0,0,0,0,0,0,0,0,0,0
7452,2006119240,1115.0,1110.0,48,48301,40.6076,-75.3703,0,0,0,0,0,0,4,11,2006,4,11.0,1.0,0,1.0,3,0,3,  ,0,0.0,0,0,1,0,0,1,0,0,0,0,0,0,0,0,0,0,0
7453,2006119297,1724.0,1705.0,26,26214,39.9162,-79.6912,0,0,0,0,0,0,6,10,2006,4,16.0,1.0,0,1.0,1,0,3,  ,0,0.0,0,0,0,0,0,0,0,0,0,0,0,0,0,0,0,0,0
7454,2006119403,746.0,744.0,25,25302,42.0863,-80.0987,0,0,0,0,0,0,4,10,2006,5,7.0,1.0,0,1.0,3,1,3,  ,0,0.0,1,0,1,0,0,0,0,0,0,0,0,0,0,0,0,0,0
7455,2006119633,1720.0,1718.0,9,9210,40.3274,-75.2582,0,0,0,0,0,0,1,11,2006,6,17.0,2.0,0,1.0,3,0,3,  ,0,0.0,0,0,0,0,0,0,0,0,0,0,0,0,0,0,0,0,0
7456,2006119853,1909.0,1908.0,9,9202,40.0998,-74.9426,0,0,0,0,0,0,8,11,2006,7,19.0,2.0,0,1.0,3,2,3,  ,3,3.0,0,0,0,0,0,0,0,0,0,0,0,0,0,0,0,0,0
7457,2006119865,811.0,807.0,23,23106,40.0448,-75.4023,0,0,0,0,0,0,4,11,2006,4,8.0,1.0,0,1.0,3,2,3,  ,3,3.0,0,0,1,0,0,0,0,0,0,0,0,0,0,0,0,1,0
7458,2006119878,2029.0,2028.0,38,38301,40.3449,-76.4168,0,0,0,0,0,0,4,11,2006,4,20.0,3.0,0,9.0,2,1,3,  ,3,3.0,0,0,1,0,0,0,0,0,0,0,0,0,0,0,0,0,0
7459,2006119984,1046.0,1042.0,2,2113,40.499,-79.7936,0,0,0,0,0,0,4,11,2006,3,10.0,1.0,0,1.0,3,1,3,  ,3,3.0,0,0,1,0,0,0,0,0,0,0,0,0,0,0,0,0,0
7460,2006120243,1936.0,1935.0,9,9226,40.198,-75.0844,0,0,0,0,0,0,4,10,2006,2,19.0,3.0,7,1.0,3,0,3,  ,0,0.0,0,0,1,0,0,0,0,0,0,0,0,0,0,0,0,0,0
7461,2006120281,1627.0,1609.0,32,32206,40.472,-79.1969,0,0,0,0,0,0,4,10,2006,2,16.0,1.0,0,1.0,1,1,3,  ,3,3.0,0,0,1,0,0,0,0,0,0,0,0,0,0,0,0,0,1
7462,2006120398,1325.0,1320.0,15,15252,39.9829,-75.9267,0,0,0,0,0,1,4,11,2006,6,13.0,1.0,0,1.0,1,0,3,  ,0,0.0,0,0,1,0,0,0,0,0,0,0,0,0,0,0,0,0,0
7463,2006120464,2143.0,2140.0,23,23101,39.8626,-75.4131,0,0,0,0,0,0,4,9,2006,7,21.0,3.0,0,1.0,3,1,3,  ,3,3.0,0,0,1,0,0,0,0,0,0,0,0,0,0,0,0,0,1
7464,2006121075,1222.0,1220.0,38,38101,40.3301,-76.5113,0,0,0,0,0,0,4,12,2006,7,12.0,1.0,0,1.0,2,1,3,  ,3,3.0,0,0,1,0,0,0,0,0,0,0,0,0,0,0,0,0,0
7465,2006121216,1256.0,1255.0,66,66413,39.7996,-76.9803,0,0,0,0,0,0,4,5,2006,3,12.0,1.0,7,1.0,2,0,3,  ,0,0.0,0,0,1,0,0,0,0,0,0,0,0,0,0,0,0,1,0
7466,2006121461,1704.0,1652.0,59,59201,40.9441,-76.9703,0,1,0,0,0,0,1,10,2006,1,16.0,4.0,0,1.0,1,0,3,  ,0,0.0,0,0,0,0,0,0,0,0,0,0,0,0,0,0,0,1,0
7467,2006121858,1735.0,1733.0,2,2111,40.3831,-79.8276,0,0,0,0,0,0,4,11,2006,3,17.0,2.0,0,1.0,3,1,3,  ,2,3.0,1,0,1,0,0,0,0,0,0,0,1,0,0,0,0,0,0
7468,2006122073,1614.0,1612.0,22,22208,40.2744,-76.8035,0,0,0,0,0,0,2,11,2006,3,16.0,1.0,0,1.0,3,2,3,  ,3,3.0,0,0,0,0,0,0,0,0,0,0,0,0,0,0,0,0,0
7469,2006122097,1218.0,1216.0,66,66413,,,0,0,0,0,1,0,4,6,2006,2,12.0,1.0,0,1.0,2,0,3,  ,0,0.0,0,0,1,0,0,0,0,0,0,0,0,0,0,0,0,0,0
7470,2006122462,1730.0,1730.0,25,25302,42.1124,-80.0722,0,0,0,0,0,0,4,11,2006,7,17.0,3.0,0,1.0,3,1,3,  ,2,3.0,0,0,1,0,0,0,0,0,0,0,0,0,0,0,0,0,0
7471,2006122534,1643.0,1632.0,15,15228,,,0,0,0,0,1,0,1,11,2006,6,15.0,1.0,7,1.0,1,0,3,  ,0,0.0,0,0,0,0,0,0,0,0,0,0,0,0,0,0,0,0,0
7472,2006122560,1530.0,1527.0,67,67301,,,1,0,0,0,0,0,4,9,2006,1,14.0,1.0,0,1.0,3,1,3,  ,2,3.0,1,0,1,0,0,0,0,0,0,0,0,1,0,0,0,0,0
7473,2006122792,1745.0,1740.0,35,35302,,,0,0,0,0,0,0,1,10,2006,4,15.0,1.0,99,1.0,3,0,3,  ,0,0.0,1,0,0,0,0,0,0,0,0,0,0,0,0,1,0,0,0
7474,2006122970,1820.0,1819.0,66,66301,,,0,0,0,0,0,0,4,9,2006,7,18.0,1.0,0,1.0,3,1,3,  ,3,3.0,1,0,1,0,0,0,0,0,0,0,0,0,0,0,0,0,0
7475,2006122988,1156.0,1155.0,66,66301,,,0,0,0,0,0,1,4,8,2006,4,11.0,1.0,0,1.0,3,0,3,  ,0,0.0,0,0,1,0,0,0,0,0,0,0,0,0,0,0,0,0,0
7476,2006123434,1008.0,1006.0,21,21402,40.2046,-77.2079,0,0,0,0,0,0,4,12,2006,6,10.0,1.0,0,1.0,2,1,3,  ,3,3.0,1,0,1,0,0,0,0,0,0,0,0,0,0,0,0,1,0
7477,2006123548,2256.0,2252.0,66,66301,39.9601,-76.7197,0,0,0,0,0,0,4,9,2006,5,22.0,3.0,0,1.0,3,1,3,  ,2,3.0,1,0,1,0,0,0,0,0,0,0,0,0,0,0,0,0,0
7478,2006123596,1554.0,1550.0,66,66301,39.9544,-76.7192,0,0,0,0,0,0,4,9,2006,7,15.0,1.0,0,1.0,3,1,3,  ,3,3.0,1,0,1,0,0,0,0,0,0,0,0,0,1,0,0,0,0
7479,2006123658,1407.0,9999.0,49,49211,40.9467,-76.6777,1,0,0,0,1,0,5,11,2006,6,13.0,1.0,0,1.0,1,0,3,  ,0,0.0,0,0,0,0,0,0,0,0,0,0,0,0,0,0,0,0,1
7480,2006123752,1406.0,1402.0,67,67301,39.924,-75.1477,0,0,0,0,0,0,5,10,2006,1,13.0,1.0,0,1.0,3,1,3,  ,3,9.0,0,0,0,0,0,0,0,0,0,0,0,0,0,0,0,0,0