,CRN,ARRIVAL_TM,DISPATCH_TM,COUNTY,MUNICIPALITY,DEC_LAT,DEC_LONG,BICYCLE_DEATH_COUNT,BICYCLE_SUSP_SERIOUS_INJ_COUNT,BUS_COUNT,HEAVY_TRUCK_COUNT,SMALL_TRUCK_COUNT,SUV_COUNT,COLLISION_TYPE,CRASH_MONTH,CRASH_YEAR,DAY_OF_WEEK,HOUR_OF_DAY,ILLUMINATION,LOCATION_TYPE,ROAD_CONDITION,URBAN_RURAL,INTERSECT_TYPE,WEATHER1,WEATHER2,TCD_TYPE,TCD_FUNC_CD,AGGRESSIVE_DRIVING,ALCOHOL_RELATED,ANGLE_CRASH,CELL_PHONE,COMM_VEHICLE,DISTRACTED,DRINKING_DRIVER,DRUGGED_DRIVER,FATIGUE_ASLEEP,IMPAIRED_DRIVER,NHTSA_AGG_DRIVING,RUNNING_RED_LT,RUNNING_STOP_SIGN,SPEEDING_RELATED,TAILGATING,MATURE_DRIVER,YOUNG_DRIVER
7481,2006123773,219.0,216.0,67,67301,40.0854,-75.0374,0,0,0,0,0,0,6,10,2006,7,2.0,3.0,0,9.0,3,1,7,  ,2,3.0,0,0,0,0,0,0,0,0,0,0,0,0,0,0,0,0,1
7482,2006123783,251.0,248.0,67,67301,40.0703,-75.1554,0,0,0,0,0,0,4,10,2006,1,2.0,3.0,0,1.0,3,1,3,  ,1,3.0,0,1,1,0,0,0,0,0,0,0,0,0,0,0,0,0,0
7483,2006124004,2118.0,2115.0,67,67301,,,0,1,0,0,0,0,4,9,2006,1,20.0,3.0,0,1.0,3,1,3,  ,2,3.0,0,1,1,0,0,0,1,0,0,1,0,0,0,0,0,0,0
7484,2006124046,1733.0,1731.0,46,46413,40.1184,-75.3499,0,0,0,0,0,0,4,11,2006,1,17.0,3.0,0,9.0,3,0,7,  ,8,3.0,0,1,1,0,0,0,1,0,0,1,0,0,0,0,0,0,0
7485,2006124121,1426.0,1422.0,46,46408,40.1741,-75.0985,0,0,0,0,0,0,4,11,2006,2,14.0,1.0,0,1.0,3,1,3,  ,2,3.0,0,0,1,0,0,0,0,0,0,0,0,0,0,0,0,0,0
7486,2006124166,820.0,818.0,67,67301,,,0,0,0,0,0,1,5,10,2006,5,8.0,1.0,0,1.0,3,0,3,  ,8,3.0,0,0,0,0,0,0,0,0,0,0,0,0,0,0,0,0,0
7487,2006124207,2207.0,2205.0,67,67301,40.0099,-75.156,0,0,0,0,0,0,5,10,2006,6,99.0,3.0,0,9.0,3,1,7,  ,2,3.0,0,0,0,0,0,0,0,0,0,0,0,0,0,0,0,0,1
7488,2006124276,652.0,651.0,67,67301,,,0,0,0,0,0,0,5,10,2006,6,6.0,1.0,0,1.0,3,0,3,  ,0,0.0,0,0,0,0,0,0,0,0,0,0,0,0,0,0,0,0,0
7489,2006124316,1708.0,1705.0,44,44403,40.5947,-77.5861,0,1,0,0,0,1,4,11,2006,2,17.0,4.0,0,1.0,2,0,3,  ,0,0.0,0,0,1,0,0,0,0,0,0,0,0,0,0,0,0,0,0
7490,2006124424,725.0,725.0,67,67301,39.9576,-75.206,0,0,0,0,0,0,5,10,2006,2,99.0,1.0,0,1.0,3,1,3,  ,2,9.0,0,0,0,0,0,0,0,0,0,0,0,0,0,0,0,0,0
7491,2006124489,1844.0,1840.0,67,67301,,,0,0,0,0,0,0,4,10,2006,4,18.0,4.0,7,1.0,3,2,3,  ,3,9.0,0,0,1,0,0,0,0,0,0,0,0,0,0,0,0,0,0
7492,2006124602,1600.0,1545.0,67,67301,,,0,0,0,0,0,1,5,10,2006,3,15.0,1.0,0,1.0,3,0,3,  ,2,3.0,0,0,0,0,0,0,0,0,0,0,0,0,0,0,0,0,0
7493,2006124603,1110.0,1103.0,67,67301,39.9434,-75.1553,0,0,0,0,0,0,5,11,2006,7,11.0,1.0,0,1.0,3,1,3,  ,2,3.0,0,0,0,0,0,1,0,0,0,0,0,0,0,0,0,0,1
7494,2006124615,1324.0,1321.0,67,67301,39.9442,-75.1654,0,0,0,0,0,0,5,11,2006,5,13.0,1.0,0,1.0,3,0,3,  ,0,0.0,0,0,0,0,0,0,0,0,0,0,0,0,0,0,0,0,0
7495,2006124739,1655.0,1646.0,67,67301,39.9538,-75.1751,0,0,0,0,0,0,4,10,2006,5,16.0,1.0,0,1.0,3,1,3,  ,2,3.0,0,0,1,0,0,0,0,0,0,0,0,0,0,0,0,0,0
7496,2006124769,50.0,48.0,67,67301,40.0272,-75.171,0,0,0,0,0,0,4,10,2006,7,0.0,3.0,0,1.0,3,1,3,  ,2,9.0,1,0,1,0,0,0,0,0,0,0,0,0,0,1,0,0,0
7497,2006124927,822.0,822.0,67,67301,39.9675,-75.1799,0,0,0,0,0,0,4,10,2006,4,8.0,1.0,0,1.0,3,5,3,  ,2,3.0,0,0,1,0,0,0,0,0,0,0,0,0,0,0,0,0,0
7498,2006125294,1701.0,1657.0,67,67301,39.9587,-75.1623,0,0,0,0,1,0,4,11,2006,6,16.0,1.0,0,1.0,3,1,3,  ,0,0.0,0,0,1,0,0,0,0,0,0,0,0,0,0,0,0,0,0
7499,2006125306,2217.0,2215.0,67,67301,39.9548,-75.2024,0,0,0,0,0,0,3,11,2006,2,22.0,3.0,0,1.0,3,0,3,  ,0,0.0,0,0,0,0,0,0,0,0,0,0,0,0,0,0,0,0,0
7500,2006125459,1756.0,1756.0,67,67301,39.9614,-75.1498,0,0,0,0,0,0,5,11,2006,5,17.0,3.0,0,1.0,3,1,3,  ,2,3.0,0,0,0,0,0,0,0,0,0,0,0,0,0,0,0,0,0
7501,2006125466,1404.0,1404.0,67,67301,40.0205,-75.0537,0,0,0,0,0,0,4,11,2006,4,13.0,1.0,0,1.0,3,1,3,  ,2,3.0,0,0,1,0,0,0,0,0,0,0,0,0,0,0,0,0,0
7502,2006125482,408.0,405.0,67,67301,39.919,-75.2349,0,0,0,0,0,0,4,10,2006,1,3.0,3.0,0,1.0,3,2,3,  ,0,0.0,0,0,1,0,0,0,0,0,0,0,0,0,0,0,0,0,0
7503,2006125746,1753.0,1749.0,67,67301,39.988,-75.126,0,0,0,0,0,0,4,11,2006,4,17.0,3.0,0,1.0,3,1,3,  ,0,0.0,0,0,1,0,0,0,0,0,0,0,0,0,0,0,0,0,0
7504,2006125943,1940.0,1937.0,36,36408,,,0,1,0,0,0,0,4,12,2006,6,19.0,3.0,0,1.0,2,0,3,  ,0,0.0,0,0,1,0,0,0,0,0,0,0,0,0,0,0,0,0,0
7505,2006126050,919.0,916.0,66,66201,40.1338,-77.0402,0,0,0,0,0,0,4,12,2006,2,9.0,1.0,0,1.0,1,1,3,  ,3,3.0,0,0,1,0,0,0,0,0,0,0,0,0,0,0,0,0,0
7506,2006126201,1744.0,1744.0,67,67301,39.9346,-75.1809,0,0,0,0,0,0,4,10,2006,6,17.0,1.0,0,1.0,3,2,3,  ,2,3.0,0,0,1,0,0,0,0,0,0,0,0,0,0,0,0,0,0
7507,2006126238,1023.0,1022.0,67,67301,,,0,1,0,0,0,0,4,9,2006,1,10.0,1.0,0,1.0,3,1,3,  ,3,2.0,0,0,1,0,0,0,0,0,0,0,0,0,0,0,0,0,0
7508,2006126448,1125.0,1120.0,67,67301,39.9503,-75.1917,0,0,0,0,0,0,4,11,2006,3,11.0,1.0,0,1.0,3,1,3,  ,2,3.0,0,0,1,0,0,1,0,0,0,0,0,0,0,0,0,0,0
7509,2006126830,1732.0,1728.0,67,67301,39.9949,-75.1367,0,1,0,0,0,0,4,11,2006,7,17.0,3.0,0,1.0,3,2,3,  ,3,3.0,0,0,1,0,0,1,0,0,0,0,0,0,0,0,0,0,0
7510,2006126834,1421.0,1420.0,67,67301,39.9751,-75.195,0,0,0,0,0,0,5,10,2006,5,14.0,1.0,0,1.0,3,1,3,  ,2,3.0,0,0,0,0,0,0,0,0,0,0,0,0,0,0,0,0,0
7511,2006126868,1641.0,1639.0,67,67301,39.9689,-75.1634,0,0,0,0,0,0,8,9,2006,2,16.0,1.0,0,1.0,3,1,3,  ,3,9.0,1,0,0,0,0,0,0,0,0,0,0,0,0,0,0,0,0
7512,2006126869,9999.0,,67,67301,39.9714,-75.1594,0,0,0,0,0,0,4,11,2006,3,99.0,1.0,0,1.0,3,1,3,  ,2,3.0,0,0,1,0,0,0,0,0,0,0,0,0,0,0,0,0,0
7513,2006126877,2226.0,2225.0,67,67301,39.9724,-75.2174,0,1,0,0,0,0,4,10,2006,4,22.0,3.0,7,1.0,3,3,3,  ,2,3.0,0,0,1,0,0,0,0,0,0,0,0,0,0,0,0,0,0
7514,2006127146,1429.0,1428.0,67,67301,39.9629,-75.1913,0,0,0,0,0,0,4,10,2006,2,14.0,1.0,0,1.0,3,2,3,  ,2,3.0,1,0,1,0,0,0,0,0,0,0,0,0,0,0,0,0,0
7515,2006127403,1630.0,1630.0,23,23103,39.9888,-75.3096,0,0,0,0,0,0,4,10,2006,1,16.0,1.0,0,1.0,3,1,3,  ,2,3.0,0,0,1,0,0,0,0,0,0,0,0,0,0,0,0,0,0
7516,2006127726,1724.0,1712.0,66,66231,39.9223,-76.799,0,0,0,0,1,0,4,12,2006,3,16.0,4.0,0,1.0,1,2,3,  ,3,3.0,1,0,1,0,0,0,0,0,0,0,0,0,0,0,0,0,0
7517,2006127898,1500.0,1457.0,2,2301,40.4504,-79.9868,0,0,0,0,0,0,4,11,2006,3,14.0,1.0,0,1.0,3,2,3,  ,0,0.0,1,0,1,0,0,0,0,0,0,0,0,0,0,0,0,0,0
7518,2006128134,1230.0,1222.0,63,63403,41.5747,-75.2566,0,0,0,0,0,0,4,12,2006,7,12.0,1.0,0,1.0,2,0,3,  ,0,0.0,0,0,1,0,0,0,0,0,0,0,0,0,0,0,0,0,1
7519,2006128520,955.0,952.0,46,46102,40.0988,-75.1553,0,0,0,0,0,0,4,8,2006,3,9.0,1.0,0,1.0,3,1,3,  ,2,3.0,0,0,1,0,0,0,0,0,0,0,0,0,0,0,0,1,0
7520,2006128544,1745.0,1744.0,39,39301,40.6084,-75.4884,0,0,0,0,0,0,4,11,2006,5,17.0,3.0,0,1.0,3,0,3,  ,2,3.0,1,0,1,0,0,0,0,0,0,0,0,0,0,0,0,0,0
7521,2006128676,1325.0,1322.0,25,25301,41.9252,-79.6414,0,0,0,0,0,0,4,11,2006,1,13.0,1.0,0,1.0,2,1,3,  ,2,3.0,0,0,1,0,0,0,0,0,0,0,0,0,0,0,0,0,0
7522,2006128819,1714.0,1709.0,9,9211,40.246,-74.8973,0,0,0,0,0,0,1,12,2006,6,17.0,2.0,0,1.0,3,0,3,  ,0,0.0,0,0,0,0,0,0,0,0,0,0,0,0,0,0,0,1,0
7523,2006128915,1057.0,1030.0,14,14204,40.8077,-77.8199,0,0,0,0,0,1,4,11,2006,6,9.0,1.0,0,1.0,3,2,3,  ,0,0.0,0,0,1,0,0,0,0,0,0,0,0,0,0,0,0,1,0
7524,2006129112,1402.0,1358.0,36,36408,40.1803,-76.195,0,0,0,0,0,0,4,12,2006,3,13.0,1.0,0,1.0,2,1,3,  ,2,3.0,0,0,1,0,0,0,0,0,0,0,0,0,0,0,0,0,0
7525,2006129338,1759.0,1757.0,9,9101,40.1219,-74.8816,0,0,0,0,0,0,1,12,2006,7,99.0,3.0,0,1.0,3,0,3,  ,0,0.0,0,1,0,0,0,0,0,0,0,0,0,0,0,0,0,0,0
7526,2006129344,1315.0,1310.0,36,36101,40.0545,-76.3106,0,0,0,0,0,0,5,8,2006,1,13.0,1.0,0,1.0,3,0,3,  ,2,3.0,0,0,0,0,0,0,0,0,0,0,0,0,0,0,0,0,1
7527,2006129349,1520.0,1517.0,39,39301,40.6151,-75.4643,0,0,0,0,0,0,5,11,2006,5,13.0,1.0,0,1.0,3,0,3,  ,0,0.0,0,0,0,0,0,0,0,0,0,0,0,0,0,0,0,0,0
7528,2006129406,1558.0,1552.0,7,7301,40.4972,-78.4098,0,0,0,0,0,0,4,12,2006,1,15.0,1.0,0,1.0,3,1,3,  ,3,3.0,1,0,1,0,0,0,0,0,0,0,0,0,0,0,0,0,0
7529,2006129661,1749.0,1748.0,46,46102,40.0931,-75.1619,0,0,0,0,0,0,4,9,2006,7,17.0,4.0,0,9.0,3,1,98,  ,2,3.0,0,1,1,0,0,0,0,0,0,0,0,0,0,0,0,0,0
7530,2006130101,1336.0,1336.0,46,46416,40.2457,-75.6507,0,0,0,0,0,0,4,11,2006,7,13.0,1.0,7,1.0,2,0,3,  ,3,3.0,0,0,1,0,0,1,0,0,0,0,0,0,0,0,0,0,0
7531,2006130135,1819.0,1819.0,2,2301,40.444,-79.926,0,0,0,0,0,0,4,12,2006,3,18.0,6.0,0,1.0,3,1,3,  ,2,3.0,0,0,1,0,0,0,0,0,0,0,0,0,0,0,0,0,0
7532,2006130200,734.0,733.0,46,46110,40.1527,-75.1214,0,0,0,0,0,0,4,12,2006,4,7.0,1.0,0,1.0,3,1,3,  ,3,3.0,0,0,1,0,0,0,0,0,0,0,0,0,0,0,0,0,0
7533,2006130392,1139.0,1129.0,2,2301,40.4496,-79.8992,0,0,0,0,0,0,4,12,2006,6,11.0,1.0,0,1.0,3,1,3,  ,3,3.0,1,0,1,0,0,1,0,0,0,0,0,0,0,0,0,0,0
7534,2006130398,1255.0,1251.0,36,36301,40.0314,-76.3065,0,0,0,0,0,0,4,10,2006,7,12.0,1.0,0,1.0,3,1,3,  ,3,3.0,0,0,1,0,0,0,0,0,0,0,0,0,0,0,0,0,0
7535,2006130495,952.0,951.0,9,9101,40.167,-74.8456,0,0,0,0,0,0,4,12,2006,4,9.0,1.0,0,9.0,3,1,7,  ,2,3.0,0,0,1,0,0,0,0,0,0,0,0,0,0,0,0,0,0
7536,2006131127,1856.0,1853.0,41,41301,41.2463,-77.0039,0,0,0,0,0,0,5,12,2006,6,18.0,3.0,0,1.0,3,0,3,  ,0,0.0,0,0,0,0,0,0,0,0,0,0,0,0,0,0,0,0,0
7537,2006131475,1225.0,1206.0,5,5403,40.0112,-78.3732,0,1,0,0,0,1,4,11,2006,7,11.0,1.0,0,1.0,1,1,3,  ,2,3.0,0,0,1,0,0,0,0,0,0,0,0,0,0,0,0,0,0
7538,2006200225,9999.0,9999.0,66,66103,39.7814,-76.9915,0,0,0,0,0,0,5,1,2006,6,16.0,1.0,0,1.0,2,0,3,  ,0,0.0,1,0,0,0,0,0,0,0,0,0,0,0,0,0,0,0,0
7539,2006200594,9999.0,9999.0,2,2124,40.4166,-79.8237,0,0,0,0,0,0,4,1,2006,3,18.0,3.0,0,9.0,3,3,9,  ,0,0.0,0,0,1,0,0,0,0,0,0,0,0,0,0,0,0,0,0
7540,2006200660,9999.0,9999.0,48,48302,40.6875,-75.2088,0,0,1,0,0,0,4,1,2006,6,21.0,3.0,0,1.0,3,1,3,  ,2,3.0,0,0,1,0,1,0,0,0,0,0,0,0,0,0,0,1,0
7541,2006200728,9999.0,9999.0,38,38216,40.253,-76.4675,0,0,0,0,1,0,1,2,2006,5,6.0,3.0,0,1.0,1,3,3,  ,3,3.0,0,0,0,0,0,0,0,0,0,0,0,0,0,0,0,0,0
7542,2006202052,9999.0,9999.0,46,46103,40.28,-75.2616,0,1,0,0,0,0,1,3,2006,5,19.0,3.0,0,1.0,3,0,3,  ,0,0.0,0,0,0,0,0,0,0,0,0,0,0,0,0,0,0,0,0
7543,2006202150,9999.0,9999.0,9,9418,40.3677,-75.3128,0,0,0,0,0,0,4,3,2006,1,13.0,1.0,0,1.0,2,2,3,  ,0,0.0,0,0,1,0,0,0,0,0,0,0,0,0,0,0,0,0,0
7544,2006202181,9999.0,9999.0,48,48302,40.6766,-75.2193,0,0,0,0,0,0,4,3,2006,3,16.0,1.0,0,1.0,3,2,3,  ,0,0.0,0,0,1,0,0,0,0,0,0,0,0,0,0,0,0,0,0
7545,2006202277,9999.0,9999.0,23,23208,39.9892,-75.4027,0,0,0,0,1,0,4,4,2006,7,11.0,1.0,0,1.0,3,1,3,  ,2,3.0,0,0,1,0,0,0,0,0,0,0,0,0,0,0,0,0,0
7546,2006202332,9999.0,9999.0,66,66231,39.9553,-76.7553,0,0,0,0,0,0,4,3,2006,7,15.0,1.0,7,1.0,1,0,3,  ,0,0.0,0,0,1,0,0,0,0,0,0,0,0,0,0,0,0,1,0
7547,2006202592,9999.0,9999.0,23,23427,39.9342,-75.262,0,0,0,0,0,0,4,4,2006,1,11.0,1.0,0,1.0,3,2,3,  ,3,3.0,0,0,1,0,0,0,0,0,0,0,0,0,0,0,0,0,0
7548,2006202809,1545.0,9999.0,6,6227,40.3928,-75.7532,0,0,0,0,0,0,1,5,2006,3,15.0,1.0,0,1.0,1,0,3,  ,0,0.0,0,0,0,0,0,0,0,0,0,0,0,0,0,0,0,0,0
7549,2006203070,9999.0,9999.0,11,11301,40.3144,-78.9152,0,0,0,0,0,0,4,5,2006,4,11.0,1.0,0,1.0,3,1,3,  ,0,0.0,0,0,1,0,0,0,0,0,0,0,0,0,0,0,0,1,0
7550,2006203083,1559.0,9999.0,49,49407,40.8908,-76.7928,0,0,0,0,0,0,4,5,2006,5,15.0,1.0,7,1.0,1,0,3,  ,0,0.0,0,0,1,0,0,0,0,0,0,0,0,0,0,0,0,0,0
7551,2006203094,9999.0,9999.0,46,46111,40.1359,-75.3821,0,0,0,0,0,0,4,4,2006,3,17.0,1.0,0,1.0,3,2,3,  ,3,3.0,1,0,1,0,0,0,0,0,0,0,0,0,0,0,0,0,0
7552,2006203323,9999.0,9999.0,10,10217,40.7829,-80.1345,0,0,0,0,0,0,4,6,2006,5,16.0,1.0,0,1.0,1,2,3,  ,3,3.0,0,0,1,0,0,0,0,0,0,0,0,0,0,0,0,0,0
7553,2006203330,9999.0,9999.0,23,23427,39.9302,-75.2697,0,0,0,0,0,1,4,5,2006,1,19.0,1.0,0,1.0,3,0,3,  ,0,0.0,0,0,1,0,0,0,0,0,0,0,0,0,0,0,0,0,0
7554,2006203406,9999.0,9999.0,11,11301,40.3119,-78.9102,0,0,0,0,0,0,4,5,2006,1,12.0,1.0,0,1.0,3,2,3,  ,9,9.0,0,0,1,0,0,0,0,0,0,0,0,0,0,0,0,0,0
7555,2006203488,9999.0,9999.0,48,48302,40.6883,-75.2209,0,0,0,0,0,0,4,5,2006,5,17.0,1.0,0,1.0,3,1,3,  ,3,3.0,0,0,1,0,0,0,0,0,0,0,0,0,0,0,0,0,0
7556,2006203498,9999.0,9999.0,23,23104,39.829,-75.4201,0,0,0,0,1,0,5,5,2006,3,18.0,1.0,0,1.0,3,0,3,  ,0,0.0,0,0,0,0,0,0,0,0,0,0,0,0,0,0,0,0,0
7557,2006203509,9999.0,9999.0,46,46404,40.1906,-75.4564,0,0,0,0,0,0,4,5,2006,3,18.0,1.0,7,1.0,3,0,3,  ,0,0.0,1,0,1,0,0,0,0,0,0,0,0,0,0,0,0,0,0
7558,2006203642,9999.0,9999.0,45,45214,41.0205,-75.1913,0,0,0,0,0,0,6,5,2006,7,15.0,1.0,0,1.0,1,0,3,  ,0,0.0,0,1,0,0,0,0,0,0,0,0,0,0,0,0,0,0,0
7559,2006203682,9999.0,9999.0,20,20302,41.6271,-79.6752,0,0,0,0,0,0,4,6,2006,2,13.0,1.0,0,1.0,2,1,3,  ,2,3.0,0,0,1,0,0,0,0,0,0,0,0,0,0,0,0,0,0
7560,2006203729,9999.0,9999.0,11,11301,,,0,0,0,0,0,0,4,6,2006,1,12.0,1.0,0,1.0,3,0,3,  ,0,0.0,0,0,1,0,0,0,0,0,0,0,0,0,0,0,0,0,0
7561,2006203778,9999.0,9999.0,39,39103,40.6059,-75.5304,0,0,0,0,0,0,4,6,2006,5,11.0,1.0,0,1.0,1,1,3,  ,2,3.0,0,0,1,0,0,0,0,0,0,0,0,0,0,0,0,0,0
7562,2006203827,9999.0,9999.0,46,46111,40.1237,-75.3628,0,0,0,0,0,0,4,5,2006,4,13.0,1.0,0,1.0,3,0,3,  ,0,0.0,0,0,1,0,0,0,0,0,0,0,0,0,0,0,0,0,0
7563,2006203861,9999.0,9999.0,45,45402,41.0028,-75.1832,0,0,0,0,0,0,4,5,2006,4,17.0,1.0,0,1.0,2,0,3,  ,0,0.0,0,0,1,0,0,0,0,0,0,0,0,0,0,0,0,0,0
7564,2006204020,9999.0,9999.0,23,23411,39.8941,-75.2944,0,0,0,0,0,0,4,6,2006,1,15.0,1.0,0,1.0,3,2,3,  ,3,3.0,0,0,1,0,0,0,0,0,0,0,0,0,0,0,0,0,0
7565,2006204226,9999.0,9999.0,9,9418,,,0,0,0,0,0,0,4,6,2006,4,20.0,1.0,7,1.0,2,0,3,  ,0,0.0,0,0,1,0,0,0,0,0,0,0,0,0,0,0,0,0,0
7566,2006204343,9999.0,9999.0,40,40414,41.2677,-75.8847,0,0,0,0,0,0,4,6,2006,3,12.0,1.0,0,1.0,3,1,3,  ,3,3.0,0,0,1,0,0,0,0,0,0,0,0,0,0,0,0,0,0
7567,2006204360,9999.0,9999.0,23,23104,39.8245,-75.4206,0,1,0,0,0,0,4,6,2006,5,19.0,1.0,0,1.0,3,1,3,  ,2,3.0,0,0,1,0,0,0,0,0,0,0,0,0,0,0,0,1,0
7568,2006204401,9999.0,9999.0,48,48302,40.6782,-75.2226,0,1,0,0,0,0,1,6,2006,6,21.0,3.0,0,1.0,3,1,3,  ,3,3.0,0,0,0,0,0,0,0,0,0,0,0,0,0,0,0,0,0
7569,2006204412,9999.0,9999.0,46,46411,40.2417,-75.2806,0,0,0,0,0,1,4,7,2006,5,10.0,1.0,0,1.0,3,1,3,  ,3,3.0,0,0,1,0,0,0,0,0,0,0,0,0,0,0,0,0,0
7570,2006204445,9999.0,9999.0,11,11301,40.298,-78.9078,0,0,0,0,1,0,4,7,2006,6,15.0,1.0,0,1.0,3,1,99,  ,3,3.0,0,0,1,0,0,0,0,0,0,0,0,0,0,0,0,0,0
7571,2006204542,9999.0,9999.0,45,45402,40.9925,-75.1857,0,0,0,0,0,0,1,6,2006,5,13.0,1.0,0,1.0,2,1,3,  ,2,3.0,0,0,0,0,0,0,0,0,0,0,0,0,0,0,0,0,0
7572,2006204607,9999.0,9999.0,45,45402,40.9932,-75.1858,0,0,0,0,0,0,4,6,2006,5,14.0,1.0,7,1.0,2,0,3,  ,0,0.0,0,0,1,0,0,0,0,0,0,0,0,0,0,0,0,0,0
7573,2006204674,9999.0,9999.0,23,23419,39.892,-75.3034,0,0,0,0,0,0,4,5,2006,3,20.0,1.0,0,1.0,3,2,3,  ,0,0.0,0,0,1,0,0,0,0,0,0,0,0,0,0,0,0,0,0
7574,2006204675,9999.0,9999.0,45,45404,40.9872,-75.1952,0,0,0,0,0,0,4,6,2006,4,15.0,1.0,0,9.0,2,1,7,  ,3,3.0,0,0,1,0,0,0,0,0,0,0,0,0,0,0,0,1,0
7575,2006204689,9999.0,9999.0,6,6224,40.5122,-75.7414,0,0,0,0,0,0,4,6,2006,2,18.0,4.0,0,1.0,1,1,10,  ,3,3.0,0,0,1,0,0,0,0,0,0,0,0,0,0,0,0,0,1
7576,2006204836,9999.0,9999.0,2,2303,40.3793,-79.8535,0,0,0,0,0,0,5,7,2006,7,12.0,1.0,0,1.0,3,0,3,  ,0,0.0,0,0,0,0,0,0,0,0,0,0,0,0,0,0,0,0,0
7577,2006204873,9999.0,9999.0,62,62406,40.2585,-80.196,0,0,0,0,0,0,4,7,2006,7,12.0,1.0,7,1.0,3,0,3,  ,0,0.0,0,0,1,0,0,0,0,0,0,0,0,0,0,0,0,1,0
7578,2006204896,9999.0,9999.0,48,48302,40.6808,-75.2159,0,0,0,0,0,0,4,7,2006,6,12.0,1.0,0,1.0,3,2,3,  ,3,3.0,0,0,1,0,0,0,0,0,0,0,0,0,0,0,0,0,0
7579,2006205005,9999.0,9999.0,46,46103,40.2981,-75.3097,0,0,0,0,0,0,4,7,2006,5,17.0,1.0,7,1.0,3,0,3,  ,0,0.0,1,0,1,0,0,0,0,0,0,0,0,0,0,0,0,0,0
7580,2006205021,9999.0,9999.0,60,60302,41.4265,-79.7188,0,0,0,0,0,0,4,7,2006,1,14.0,1.0,0,1.0,2,0,3,  ,0,0.0,0,0,1,0,0,0,0,0,0,0,0,0,0,0,0,1,0
7581,2006205022,9999.0,9999.0,60,60302,41.4287,-79.7083,0,0,0,0,0,0,4,7,2006,2,16.0,1.0,0,1.0,2,1,3,  ,2,3.0,0,0,1,0,0,0,0,0,0,0,0,0,0,0,0,0,0
7582,2006205029,9999.0,9999.0,2,2106,40.6409,-79.7124,0,0,0,0,0,0,4,7,2006,3,16.0,1.0,0,1.0,3,1,3,  ,3,3.0,0,0,1,0,0,0,0,0,0,0,0,0,0,0,0,0,1
7583,2006205109,9999.0,9999.0,4,4423,40.7371,-80.3086,0,0,0,0,0,0,0,8,2006,5,17.0,1.0,0,1.0,3,0,3,  ,0,0.0,0,0,0,0,0,0,0,0,0,0,0,0,0,0,0,0,0
7584,2006205205,9999.0,9999.0,35,35402,41.4844,-75.6141,0,0,0,0,0,0,7,8,2006,4,17.0,1.0,2,1.0,3,2,3,  ,3,3.0,1,0,0,0,0,0,0,0,0,0,0,0,0,0,0,0,0
7585,2006205221,9999.0,9999.0,62,62209,40.1051,-80.5087,0,0,0,0,1,0,4,8,2006,4,16.0,1.0,0,1.0,1,2,3,  ,3,3.0,0,0,1,0,0,0,0,0,0,0,0,0,0,0,0,0,0
7586,2006205228,9999.0,9999.0,20,20302,41.6264,-79.6698,0,0,0,0,0,0,4,8,2006,5,18.0,1.0,7,1.0,2,0,3,  ,0,0.0,0,0,1,0,0,0,0,0,0,0,0,0,0,0,0,0,0
7587,2006205230,9999.0,9999.0,49,49405,41.0203,-76.8532,0,1,0,1,0,0,4,8,2006,6,11.0,1.0,0,1.0,2,1,99,  ,0,0.0,0,0,1,0,1,0,0,0,0,0,0,0,0,0,0,0,0
7588,2006205308,9999.0,9999.0,45,45404,40.9876,-75.1895,0,0,0,0,1,0,4,6,2006,6,11.0,1.0,0,1.0,2,2,3,  ,0,0.0,0,0,1,0,0,0,0,0,0,0,0,0,0,0,0,0,0
7589,2006205537,9999.0,9999.0,23,23110,39.8289,-75.4334,0,0,0,0,0,0,4,6,2006,3,18.0,1.0,2,1.0,3,1,3,  ,3,3.0,0,0,1,0,0,0,0,0,0,0,0,0,0,0,0,0,0
7590,2006205553,9999.0,9999.0,48,48302,40.6793,-75.2213,0,0,0,0,0,0,4,8,2006,7,12.0,1.0,0,1.0,3,1,3,  ,3,3.0,0,0,1,0,0,0,0,0,0,0,0,0,0,0,0,0,0
7591,2006205577,9999.0,9999.0,23,23108,39.9211,-75.3226,0,0,0,0,0,0,4,8,2006,3,16.0,1.0,0,1.0,3,2,3,  ,3,3.0,0,0,1,0,0,1,0,0,0,0,0,0,0,0,0,0,0
7592,2006205582,9999.0,9999.0,11,11301,40.3119,-78.9102,0,0,0,0,0,1,4,8,2006,5,17.0,1.0,0,1.0,3,2,3,  ,0,0.0,0,0,1,0,0,0,0,0,0,0,0,0,0,0,0,0,0
7593,2006205610,9999.0,9999.0,19,19402,41.0503,-76.2438,0,1,0,0,0,0,4,8,2006,5,20.0,3.0,0,1.0,2,1,3,  ,0,0.0,0,0,1,0,0,0,0,0,0,0,0,0,0,0,0,0,0
7594,2006205673,9999.0,9999.0,2,2473,40.3652,-79.8703,0,0,0,0,0,0,4,8,2006,3,15.0,1.0,7,1.0,3,0,3,  ,0,0.0,0,0,1,0,0,0,0,0,0,0,0,0,0,0,0,0,0
7595,2006205819,9999.0,9999.0,23,23110,39.8289,-75.4333,0,0,0,0,0,0,4,8,2006,5,18.0,1.0,2,1.0,3,1,3,  ,0,0.0,0,0,1,0,0,0,0,0,0,0,0,0,0,0,0,0,0