,CRN,ARRIVAL_TM,DISPATCH_TM,COUNTY,MUNICIPALITY,DEC_LAT,DEC_LONG,BICYCLE_DEATH_COUNT,BICYCLE_SUSP_SERIOUS_INJ_COUNT,BUS_COUNT,HEAVY_TRUCK_COUNT,SMALL_TRUCK_COUNT,SUV_COUNT,COLLISION_TYPE,CRASH_MONTH,CRASH_YEAR,DAY_OF_WEEK,HOUR_OF_DAY,ILLUMINATION,LOCATION_TYPE,ROAD_CONDITION,URBAN_RURAL,INTERSECT_TYPE,WEATHER1,WEATHER2,TCD_TYPE,TCD_FUNC_CD,AGGRESSIVE_DRIVING,ALCOHOL_RELATED,ANGLE_CRASH,CELL_PHONE,COMM_VEHICLE,DISTRACTED,DRINKING_DRIVER,DRUGGED_DRIVER,FATIGUE_ASLEEP,IMPAIRED_DRIVER,NHTSA_AGG_DRIVING,RUNNING_RED_LT,RUNNING_STOP_SIGN,SPEEDING_RELATED,TAILGATING,MATURE_DRIVER,YOUNG_DRIVER
7596,2006205827,9999.0,9999.0,23,23110,39.8292,-75.4379,0,0,0,0,1,0,1,8,2006,4,7.0,1.0,0,1.0,3,1,3,  ,3,3.0,0,0,0,0,0,0,0,0,0,0,0,0,0,0,0,0,0
7597,2006205838,9999.0,9999.0,2,2429,40.5121,-80.1039,0,0,0,0,0,0,4,9,2006,6,20.0,2.0,0,1.0,3,2,3,  ,2,3.0,0,0,1,0,0,0,0,0,0,0,0,0,0,0,0,0,0
7598,2006206188,9999.0,9999.0,39,39209,40.5794,-75.577,0,0,0,0,0,0,1,7,2006,6,14.0,1.0,0,9.0,1,2,7,  ,3,3.0,1,0,0,0,0,0,0,0,0,0,0,0,0,0,1,0,0
7599,2006206282,9999.0,9999.0,39,39103,40.6169,-75.5179,0,0,0,0,0,0,4,9,2006,5,15.0,1.0,0,9.0,1,0,7,  ,0,0.0,0,0,1,0,0,0,0,0,0,0,0,0,0,0,0,0,0
7600,2006206317,9999.0,9999.0,4,4216,40.6164,-80.3992,0,0,0,0,0,0,4,10,2006,1,16.0,1.0,7,1.0,1,2,3,  ,3,3.0,0,0,1,0,0,0,0,0,0,0,0,0,0,0,0,0,0
7601,2006206323,9999.0,9999.0,46,46216,40.2255,-75.3184,0,1,0,0,0,0,1,10,2006,5,18.0,4.0,0,1.0,1,0,3,  ,0,0.0,0,0,0,0,0,0,0,0,0,0,0,0,0,0,0,0,0
7602,2006206476,9999.0,9999.0,60,60302,41.4241,-79.6953,0,0,0,0,0,0,4,10,2006,2,17.0,1.0,0,1.0,2,1,3,  ,3,3.0,0,0,1,0,0,0,0,0,0,0,0,0,0,0,0,0,0
7603,2006206920,9999.0,9999.0,36,36410,40.1577,-76.3993,0,0,0,0,0,0,4,10,2006,5,17.0,1.0,0,1.0,2,1,3,  ,3,3.0,0,0,1,0,0,0,0,0,0,0,0,0,0,0,0,0,0
7604,2006206941,9999.0,9999.0,49,49302,40.8559,-76.7982,0,0,0,0,1,0,4,10,2006,1,20.0,3.0,0,9.0,2,1,3,  ,3,3.0,1,1,1,0,0,0,1,0,0,1,0,0,1,0,0,0,0
7605,2006207100,9999.0,9999.0,19,19402,41.0522,-76.2525,0,0,0,0,0,0,4,9,2006,3,17.0,1.0,0,1.0,2,1,3,  ,3,3.0,1,0,1,0,0,0,0,0,0,0,0,0,0,0,0,0,0
7606,2006207183,9999.0,9999.0,46,46208,40.1277,-75.4324,0,0,0,0,0,0,4,10,2006,3,18.0,4.0,0,1.0,3,2,3,  ,3,3.0,0,0,1,0,0,0,0,0,0,0,0,0,0,0,0,0,0
7607,2006207222,9999.0,9999.0,40,40301,40.9648,-75.9696,0,0,0,0,0,0,4,3,2006,5,17.0,1.0,0,1.0,2,1,3,  ,0,0.0,0,0,1,0,0,0,0,0,0,0,0,0,0,0,0,0,0
7608,2006207696,9999.0,9999.0,2,2409,40.6069,-79.7407,0,0,0,0,0,0,4,11,2006,1,22.0,3.0,0,1.0,3,1,3,  ,0,0.0,1,0,1,0,0,0,0,0,0,0,0,0,0,0,0,0,0
7609,2006207736,9999.0,9999.0,23,23109,39.8667,-75.2964,0,0,0,0,0,0,4,11,2006,4,17.0,3.0,0,9.0,3,2,7,  ,0,0.0,1,1,1,0,0,0,1,0,0,1,0,0,0,0,0,1,0
7610,2006207974,9999.0,9999.0,23,23401,39.919,-75.288,0,0,0,0,0,0,4,12,2006,2,19.0,3.0,0,1.0,3,1,3,  ,3,3.0,0,0,1,0,0,0,0,0,0,0,0,0,0,0,0,0,0
7611,2006208126,9999.0,9999.0,23,23107,39.8958,-75.3152,0,0,0,0,0,1,4,7,2006,1,13.0,1.0,0,1.0,3,1,3,  ,2,3.0,0,0,1,0,0,0,0,0,0,0,0,0,0,0,0,0,0
7612,2006208288,9999.0,9999.0,23,23110,39.8277,-75.4507,0,0,0,0,0,0,1,9,2006,5,20.0,3.0,0,9.0,3,0,7,  ,0,0.0,0,0,0,0,0,0,0,0,0,0,0,0,0,0,0,0,0
7613,2006208291,9999.0,9999.0,23,23110,39.8467,-75.4387,0,0,0,0,0,0,4,9,2006,6,17.0,1.0,7,1.0,3,0,3,  ,0,0.0,0,0,1,0,0,0,0,0,0,0,0,0,0,0,0,0,1
7614,2006208561,9999.0,9999.0,23,23401,39.9172,-75.2918,0,0,0,0,0,0,4,12,2006,6,14.0,1.0,0,9.0,3,1,7,  ,3,3.0,0,0,1,0,0,0,0,0,0,0,0,0,0,0,0,0,0
7615,2006208615,9999.0,9999.0,11,11301,40.3034,-78.9153,0,0,0,0,0,0,4,12,2006,7,14.0,1.0,0,1.0,3,2,3,  ,3,3.0,0,0,1,0,0,0,0,0,0,0,0,0,0,0,0,1,0
7616,2006208784,9999.0,9999.0,2,2473,40.3648,-79.8592,0,0,0,0,0,0,4,12,2006,3,13.0,1.0,0,1.0,3,2,3,  ,3,3.0,0,0,1,0,0,0,0,0,0,0,0,0,0,0,0,1,0
7617,2006208856,9999.0,9999.0,40,40414,41.2627,-75.9036,0,0,0,0,0,0,4,12,2006,2,17.0,3.0,0,1.0,3,2,3,  ,3,3.0,0,0,1,0,0,0,0,0,0,0,0,0,0,0,0,0,0
7618,2006209042,9999.0,9999.0,23,23109,39.8653,-75.3008,0,0,0,0,0,0,4,12,2006,1,18.0,2.0,0,1.0,3,2,3,  ,9,9.0,1,0,1,0,0,0,0,0,0,0,0,0,0,0,0,0,0
7619,2006209124,9999.0,9999.0,39,39103,40.6209,-75.5061,0,0,0,0,0,0,5,12,2006,4,16.0,4.0,0,1.0,1,1,3,  ,3,3.0,1,0,0,0,0,0,0,0,0,0,0,0,0,0,0,0,0
7620,2006209134,9999.0,9999.0,23,23411,,,0,0,0,0,0,1,4,11,2006,4,18.0,3.0,7,9.0,3,0,7,  ,0,0.0,1,0,1,0,0,0,0,0,0,0,0,0,0,0,0,0,1
7621,2006209198,9999.0,9999.0,23,23417,39.8844,-75.3036,0,0,0,0,0,0,4,8,2006,3,16.0,1.0,0,9.0,3,1,7,  ,2,3.0,0,0,1,0,0,0,0,0,0,0,0,0,0,0,0,0,0
7622,2006209362,9999.0,9999.0,40,40301,,,0,0,0,0,0,1,4,9,2006,4,19.0,3.0,0,9.0,2,1,3,  ,3,3.0,0,0,1,0,0,0,0,0,0,0,0,0,0,0,0,0,0
7623,2006209490,9999.0,9999.0,23,23414,39.9175,-75.3876,0,0,0,0,0,0,4,7,2006,2,14.0,1.0,0,1.0,3,0,3,  ,0,0.0,0,0,1,0,0,0,0,0,0,0,0,0,0,0,0,0,0
7624,2007000594,9999.0,9999.0,39,39301,40.617,-75.4418,0,0,0,0,0,0,9,12,2006,3,0.0,3.0,0,1.0,3,1,3,  ,2,3.0,0,0,0,0,0,0,0,0,0,0,0,0,0,0,0,0,0
7625,2007000696,1225.0,1219.0,2,2301,40.4759,-79.9938,0,0,0,0,0,0,8,12,2006,1,12.0,1.0,0,1.0,3,0,3,  ,0,0.0,0,0,0,0,0,0,0,0,0,0,0,0,0,0,0,0,0
7626,2007000820,1610.0,1608.0,66,66301,39.9662,-76.7381,0,0,0,0,0,0,2,10,2006,5,16.0,1.0,0,1.0,3,2,3,  ,0,0.0,0,0,0,0,0,0,0,0,0,0,0,0,0,0,0,0,1
7627,2007000825,1555.0,1552.0,66,66301,39.9612,-76.7385,0,0,0,0,0,0,4,10,2006,6,15.0,1.0,7,9.0,3,0,7,  ,0,0.0,0,0,1,0,0,0,0,0,0,0,0,0,0,0,0,0,0
7628,2007001527,2141.0,2141.0,48,48418,40.6884,-75.2449,0,0,0,0,0,0,6,12,2006,3,21.0,3.0,0,1.0,3,1,3,  ,3,3.0,0,0,0,0,0,0,0,0,0,0,0,0,0,0,0,0,1
7629,2007001849,1746.0,1741.0,25,25302,42.1189,-80.0799,0,0,0,0,0,1,8,12,2006,4,17.0,3.0,7,1.0,3,0,3,  ,0,0.0,0,0,0,0,0,0,0,0,0,0,0,0,0,0,0,0,0
7630,2007001874,1625.0,1623.0,2,2301,40.4373,-80.0005,0,1,0,0,1,0,4,12,2006,5,16.0,1.0,0,1.0,3,0,3,  ,0,0.0,0,0,1,0,0,0,0,0,0,0,0,0,0,0,0,0,0
7631,2007001930,2011.0,2007.0,36,36101,40.0593,-76.3124,0,0,0,0,0,0,4,9,2006,5,20.0,3.0,0,1.0,3,2,3,  ,3,3.0,1,0,1,0,0,0,0,0,0,0,0,0,0,0,0,1,0
7632,2007002031,1332.0,1330.0,39,39301,40.5918,-75.4836,0,0,0,0,0,0,8,12,2006,7,13.0,1.0,0,1.0,3,0,3,  ,0,0.0,1,0,0,0,0,0,0,0,0,0,0,0,0,0,0,1,0
7633,2007002180,2210.0,2210.0,46,46220,40.0768,-75.3586,0,0,0,0,0,0,4,12,2006,5,22.0,3.0,0,1.0,3,2,3,  ,2,3.0,0,0,1,0,0,0,0,0,0,0,0,0,0,0,0,0,0
7634,2007002204,1614.0,1605.0,36,36101,40.1156,-76.3215,0,0,0,0,0,0,4,9,2006,7,16.0,1.0,0,1.0,3,2,3,  ,3,3.0,1,0,1,0,0,0,0,0,0,0,0,0,0,0,0,0,0
7635,2007002423,1649.0,1634.0,2,2301,40.449,-79.9346,0,0,0,0,0,0,9,12,2006,3,16.0,1.0,0,1.0,3,1,3,  ,0,0.0,0,0,0,0,0,0,0,0,0,0,0,0,0,0,0,0,1
7636,2007002470,1637.0,1633.0,66,66301,39.9621,-76.7366,0,0,0,0,0,1,4,11,2006,1,16.0,1.0,0,1.0,3,0,3,  ,0,0.0,0,0,1,0,0,0,0,0,0,0,0,0,0,0,0,0,0
7637,2007002894,1732.0,1729.0,66,66301,39.9581,-76.721,0,0,0,1,0,0,4,10,2006,7,17.0,1.0,0,9.0,3,1,7,  ,2,3.0,0,0,1,0,0,0,0,0,0,0,0,0,0,0,0,0,0
7638,2007003518,1551.0,1551.0,39,39301,40.6075,-75.4671,0,0,0,0,0,1,4,12,2006,2,15.0,1.0,0,1.0,3,2,3,  ,0,0.0,0,0,1,0,0,0,0,0,0,0,0,0,0,0,0,0,0
7639,2007004297,2207.0,2205.0,9,9101,40.1017,-74.8846,0,0,0,0,0,0,4,12,2006,4,99.0,3.0,0,1.0,3,1,3,  ,3,3.0,0,0,1,0,0,0,0,0,0,0,0,0,0,0,0,0,0
7640,2007004368,1306.0,1303.0,64,64303,,,0,0,0,0,0,0,4,12,2006,5,13.0,1.0,0,1.0,3,1,3,  ,0,0.0,0,0,1,0,0,0,0,0,0,0,0,0,0,0,0,1,0
7641,2007004850,2058.0,2055.0,46,46413,40.1178,-75.3438,0,0,0,0,0,0,4,12,2006,2,20.0,3.0,0,1.0,3,1,3,  ,3,3.0,0,0,1,0,0,0,0,0,0,0,0,0,0,0,0,0,0
7642,2007005101,2201.0,2159.0,6,6301,40.3316,-75.902,0,0,0,0,0,0,4,12,2006,7,21.0,2.0,0,1.0,3,1,3,  ,0,0.0,0,0,1,0,0,0,0,0,0,0,0,0,0,0,0,0,0
7643,2007005204,1810.0,1804.0,53,53403,40.8199,-75.9075,0,1,0,0,0,0,4,7,2006,4,18.0,4.0,0,1.0,1,2,3,  ,3,3.0,0,0,1,0,0,0,0,0,0,0,0,0,0,0,0,0,0
7644,2007005208,1514.0,1513.0,11,11432,40.3158,-78.9535,0,0,0,0,0,0,4,12,2006,6,15.0,1.0,0,1.0,3,0,3,  ,0,0.0,1,0,1,0,0,0,0,0,0,0,0,0,0,0,0,1,0
7645,2007006817,1340.0,1330.0,67,67301,39.972,-75.1496,0,0,0,0,0,0,8,12,2006,1,99.0,1.0,0,1.0,3,1,3,  ,0,0.0,0,0,0,0,0,0,0,0,0,0,0,0,0,0,0,0,0
7646,2007006844,838.0,836.0,48,48407,40.5918,-75.34,0,0,0,0,1,0,4,12,2006,6,8.0,1.0,0,1.0,3,2,3,  ,0,0.0,0,0,1,0,0,0,0,0,0,0,0,0,0,0,0,0,0
7647,2007006862,1710.0,1700.0,67,67301,39.9719,-75.1258,0,0,0,0,0,0,2,11,2006,3,13.0,1.0,0,1.0,3,0,3,  ,0,0.0,0,0,0,0,0,0,0,0,0,0,0,0,0,0,0,0,0
7648,2007006870,2047.0,2040.0,67,67301,39.9947,-75.2342,0,0,0,0,0,0,6,11,2006,3,20.0,3.0,0,1.0,3,0,3,  ,0,0.0,0,0,0,0,0,0,0,0,0,0,0,0,0,0,0,0,0
7649,2007007125,907.0,903.0,67,67301,40.0122,-75.2053,0,0,1,0,0,0,5,9,2006,5,8.0,1.0,2,1.0,3,2,3,  ,0,0.0,1,0,0,0,1,0,0,0,0,0,0,0,0,0,0,0,0
7650,2007007149,1005.0,1000.0,67,67301,39.9553,-75.1747,0,0,0,0,0,0,4,11,2006,7,99.0,1.0,0,1.0,3,2,3,  ,0,0.0,0,0,1,0,0,0,0,0,0,0,0,0,0,0,0,1,0
7651,2007007417,1859.0,1854.0,67,67301,39.9955,-75.1789,0,0,0,0,0,1,4,8,2006,4,18.0,1.0,0,1.0,3,1,3,  ,0,0.0,0,0,1,0,0,0,0,0,0,0,0,0,0,0,0,0,0
7652,2007007667,2229.0,2229.0,67,67301,,,0,0,0,0,0,1,6,11,2006,6,13.0,1.0,0,1.0,3,0,3,  ,0,0.0,0,0,0,0,0,0,0,0,0,0,0,0,0,0,0,0,0
7653,2007007745,933.0,931.0,67,67301,39.9516,-75.1702,0,0,0,0,0,0,4,11,2006,5,9.0,1.0,0,1.0,3,1,3,  ,2,3.0,0,0,1,0,0,0,0,0,0,0,0,0,0,0,0,0,0
7654,2007007977,755.0,751.0,67,67301,39.9592,-75.1755,0,0,0,0,0,0,4,11,2006,7,7.0,1.0,0,1.0,3,1,3,  ,2,3.0,1,0,1,0,0,0,0,0,0,0,0,0,0,0,0,0,0
7655,2007008467,1230.0,1230.0,67,67301,40.0319,-75.1315,0,0,0,0,0,0,2,11,2006,3,12.0,1.0,0,1.0,3,1,3,  ,2,3.0,0,0,0,0,0,0,0,0,0,0,0,0,0,0,0,0,0
7656,2007008505,1701.0,1700.0,67,67301,39.9535,-75.2067,0,0,0,0,0,0,4,11,2006,5,16.0,3.0,0,9.0,3,1,7,  ,0,0.0,0,0,1,0,0,0,0,0,0,0,0,0,0,0,0,0,0
7657,2007008894,2206.0,2203.0,25,25302,42.1235,-80.0812,0,0,0,0,0,0,4,12,2006,1,22.0,3.0,0,9.0,3,1,7,  ,2,3.0,0,0,1,0,0,0,0,0,0,0,0,0,0,0,0,0,0
7658,2007009184,1433.0,1430.0,67,67301,40.0464,-75.2177,0,0,0,0,0,0,4,11,2006,7,14.0,1.0,0,1.0,3,1,3,  ,2,3.0,1,0,1,0,0,0,0,0,0,0,0,1,0,0,0,0,0
7659,2007009208,1005.0,1000.0,67,67301,39.914,-75.1795,0,0,0,0,0,0,8,12,2006,7,10.0,1.0,0,1.0,3,1,3,  ,2,3.0,0,0,0,0,0,0,0,0,0,0,0,0,0,0,0,0,0
7660,2007009212,1353.0,1348.0,67,67301,39.9729,-75.159,0,0,0,0,0,0,5,12,2006,7,13.0,1.0,0,1.0,3,0,3,  ,2,9.0,0,0,0,0,0,0,0,0,0,0,0,0,0,0,0,0,0
7661,2007009335,1621.0,1619.0,64,64411,40.328,-79.7122,0,0,0,0,0,0,0,12,2006,6,99.0,4.0,7,9.0,3,0,7,  ,0,0.0,0,1,0,0,0,0,0,0,0,0,0,0,0,0,0,1,0
7662,2007009526,1659.0,1658.0,48,48301,40.6305,-75.3713,0,0,0,0,0,0,4,8,2006,2,16.0,1.0,0,1.0,3,2,3,  ,0,0.0,0,0,1,0,0,0,0,1,0,1,0,0,0,0,0,0,1
7663,2007009836,1033.0,1031.0,67,67301,39.95,-75.163,0,0,0,0,0,0,4,12,2006,3,99.0,1.0,0,1.0,3,1,3,  ,2,3.0,0,0,1,0,0,0,0,0,0,0,0,0,0,0,0,0,0
7664,2007009880,1725.0,1725.0,21,21407,40.2298,-76.8762,0,0,0,0,0,0,4,12,2006,3,7.0,1.0,0,1.0,3,1,3,  ,3,3.0,1,0,1,0,0,0,0,0,0,0,0,0,0,0,0,0,0
7665,2007010239,903.0,859.0,67,67301,39.9536,-75.1768,0,0,0,0,0,0,5,11,2006,6,8.0,1.0,0,1.0,3,2,3,  ,0,0.0,0,0,0,0,0,0,0,0,0,0,0,0,0,0,0,0,0
7666,2007010547,9999.0,,67,67301,39.9517,-75.1832,0,0,0,0,0,0,5,12,2006,2,15.0,1.0,0,1.0,3,3,3,  ,2,3.0,0,0,0,0,0,0,0,0,0,0,0,0,0,0,0,0,0
7667,2007010718,1602.0,1601.0,23,23103,39.9572,-75.3214,0,0,0,0,0,0,4,11,2006,4,16.0,1.0,0,1.0,3,0,3,  ,0,0.0,1,0,1,0,0,0,0,0,0,0,0,0,0,0,0,0,0
7668,2007010783,1549.0,1534.0,46,46226,40.1989,-75.3036,0,0,0,0,0,0,1,12,2006,6,15.0,1.0,0,1.0,1,0,3,  ,0,0.0,1,0,0,0,0,0,0,0,0,0,0,0,0,0,0,0,0
7669,2007010946,1755.0,1742.0,67,67301,39.9466,-75.246,0,0,0,0,0,1,4,12,2006,6,17.0,3.0,0,1.0,3,1,3,  ,2,3.0,0,0,1,0,0,1,0,0,0,0,0,0,0,0,0,0,0
7670,2007011314,1738.0,1732.0,35,35302,41.4043,-75.6485,0,0,0,0,0,0,4,12,2006,1,17.0,3.0,0,1.0,3,1,3,  ,3,3.0,0,0,1,0,0,0,0,0,0,0,0,0,0,0,0,0,0
7671,2007012634,1439.0,1420.0,15,15220,39.838,-75.6911,0,1,0,0,0,0,4,12,2006,3,14.0,1.0,0,1.0,1,1,3,  ,3,3.0,1,0,1,0,0,0,0,0,0,0,1,0,1,0,0,0,0
7672,2007012891,837.0,9999.0,48,48212,40.672,-75.2521,0,0,0,0,0,0,4,11,2006,1,8.0,1.0,0,1.0,3,1,3,  ,3,3.0,1,0,1,0,0,0,0,0,0,0,0,0,0,0,0,0,0
7673,2007013227,1758.0,1750.0,25,25216,42.0525,-80.0847,0,0,0,0,0,0,4,12,2006,5,17.0,2.0,0,1.0,1,0,3,  ,0,0.0,0,0,1,0,0,0,0,0,0,0,0,0,0,0,0,0,0
7674,2007013611,1435.0,1355.0,51,51205,41.4804,-75.0936,0,0,0,0,1,0,5,12,2006,5,13.0,1.0,0,1.0,1,0,3,  ,0,0.0,0,0,0,0,0,0,0,0,0,0,0,0,0,0,0,0,0
7675,2007018855,1712.0,1710.0,57,57404,41.9611,-75.7432,0,0,0,0,0,0,5,11,2006,5,17.0,3.0,0,9.0,1,0,7,  ,0,0.0,0,1,0,0,0,0,0,0,0,0,0,0,0,0,0,0,0
7676,2007019346,1435.0,1426.0,36,36101,40.0668,-76.3044,0,0,0,0,0,0,4,10,2006,7,14.0,1.0,0,1.0,3,1,3,  ,2,3.0,0,0,1,0,0,0,0,0,0,0,0,0,0,0,0,0,0
7677,2007020870,830.0,824.0,67,67301,39.9453,-75.2295,0,0,0,0,0,0,4,12,2006,5,8.0,1.0,0,1.0,3,1,3,  ,2,3.0,1,0,1,0,0,0,0,0,0,0,0,0,0,0,0,0,0
7678,2007021003,2116.0,2113.0,9,9226,40.2119,-75.1088,0,0,0,0,0,0,4,5,2006,6,21.0,3.0,0,1.0,3,2,3,  ,2,3.0,0,0,1,0,0,0,0,0,0,0,0,0,0,0,0,0,0
7679,2007021550,822.0,822.0,67,67301,39.9592,-75.2311,0,0,0,0,0,1,5,12,2006,5,8.0,1.0,0,1.0,3,1,3,  ,2,3.0,0,0,0,0,0,0,0,0,0,0,0,0,0,0,0,0,0
7680,2007022530,2207.0,2157.0,67,67301,39.9546,-75.173,0,0,0,0,0,0,4,12,2006,5,99.0,3.0,0,1.0,3,1,3,  ,2,3.0,0,0,1,0,0,0,0,0,0,0,0,0,0,0,0,0,0
7681,2007022775,1610.0,1556.0,67,67301,39.9256,-75.1473,0,0,0,0,0,1,6,12,2006,7,15.0,1.0,0,1.0,3,2,3,  ,0,0.0,1,0,0,0,0,0,0,0,0,0,0,0,0,0,0,0,0
7682,2007022839,1318.0,1316.0,67,67301,39.9481,-75.1634,0,0,0,0,0,0,4,12,2006,4,13.0,1.0,0,9.0,3,1,7,  ,3,3.0,0,0,1,0,0,0,0,0,0,0,0,0,0,0,0,0,0
7683,2007022848,1535.0,1530.0,67,67301,40.0459,-75.0286,0,0,0,0,0,1,4,12,2006,4,15.0,1.0,0,1.0,3,0,3,  ,0,0.0,0,0,1,0,0,0,0,0,0,0,0,0,0,0,0,0,0
7684,2007023063,1008.0,957.0,67,67301,40.0215,-75.0518,0,0,0,0,1,0,5,12,2006,3,9.0,1.0,0,9.0,3,1,3,  ,0,0.0,0,0,0,0,0,0,0,0,0,0,0,0,0,0,0,0,0
7685,2007023082,1435.0,1427.0,67,67301,39.9115,-75.2395,0,0,0,0,0,0,1,9,2006,1,14.0,1.0,0,1.0,3,2,3,  ,0,0.0,0,0,0,0,0,0,0,0,0,0,0,0,0,0,0,0,0
7686,2007023190,1821.0,1818.0,67,67301,40.0089,-75.1611,0,0,0,0,0,0,4,12,2006,7,18.0,3.0,0,1.0,3,1,3,  ,3,3.0,0,0,1,0,0,0,0,0,0,0,0,0,0,0,0,0,0
7687,2007023246,1431.0,1438.0,67,67301,40.0109,-75.1518,0,0,0,0,1,0,4,12,2006,6,14.0,1.0,0,1.0,3,2,3,  ,3,9.0,0,0,1,0,0,0,0,0,0,0,0,0,0,0,0,0,0
7688,2007023553,1800.0,1752.0,67,67301,39.9607,-75.1651,0,0,0,0,0,1,5,11,2006,3,17.0,3.0,0,1.0,3,0,3,  ,0,0.0,0,0,0,0,0,0,0,0,0,0,0,0,0,0,0,0,0
7689,2007026650,1701.0,1659.0,2,2422,40.3955,-80.0314,0,0,0,0,0,0,9,6,2006,5,16.0,1.0,0,1.0,3,0,3,  ,0,0.0,0,0,0,0,0,0,0,0,0,0,0,0,0,0,0,0,0
7690,2007029569,343.0,343.0,67,67301,39.9623,-75.1613,0,0,0,0,0,0,4,11,2006,1,3.0,3.0,0,1.0,3,1,3,  ,0,0.0,0,0,1,0,0,0,0,0,0,0,0,0,0,0,0,0,0
7691,2007030117,1726.0,1726.0,67,67301,40.0205,-75.1924,0,1,0,0,0,0,4,12,2006,5,17.0,3.0,0,1.0,3,1,3,  ,2,3.0,0,0,1,0,0,0,0,0,0,0,0,0,0,0,0,0,0
7692,2007030305,2213.0,2212.0,67,67301,40.0426,-75.0146,0,0,0,0,0,0,4,12,2006,1,22.0,3.0,0,1.0,3,1,3,  ,3,3.0,1,0,1,0,0,0,0,0,0,0,0,0,1,0,0,0,0
7693,2007030434,2037.0,2035.0,46,46422,40.3236,-75.3269,0,0,0,0,0,1,4,7,2006,3,20.0,4.0,0,1.0,3,1,3,  ,3,3.0,0,0,1,0,0,0,0,0,0,0,0,0,0,0,0,0,0
7694,2007032569,,,67,67301,,,0,0,0,0,0,0,4,7,2006,2,99.0,1.0,0,1.0,3,0,3,  ,0,0.0,1,0,1,0,0,0,0,0,0,0,0,0,0,1,0,0,0
7695,2007032570,,,67,67301,,,0,0,0,0,0,0,4,10,2006,2,99.0,6.0,0,1.0,3,1,3,  ,0,0.0,0,0,1,0,0,0,0,0,0,0,0,0,0,0,0,0,0
7696,2007032586,,,36,36209,,,0,0,0,0,0,0,4,1,2006,4,17.0,1.0,0,1.0,1,3,3,  ,0,0.0,0,0,1,0,0,0,0,0,0,0,0,0,0,0,0,0,0
7697,2007032592,,,67,67301,40.0647,-74.9823,0,0,0,0,0,0,4,9,2006,2,13.0,1.0,0,98.0,3,1,99,  ,2,9.0,0,0,1,0,0,0,0,0,0,0,0,0,0,0,0,0,0
7698,2007032729,,,23,23424,39.8934,-75.3501,0,0,0,0,0,0,4,11,2006,2,8.0,1.0,0,1.0,3,1,3,  ,3,3.0,1,0,1,0,0,0,0,0,0,0,0,0,0,0,0,0,0
7699,2007033382,,,37,37206,40.9844,-80.4366,0,0,0,0,1,0,1,8,2006,1,15.0,1.0,0,1.0,1,0,3,  ,0,0.0,1,0,0,0,0,0,0,0,0,0,0,0,0,0,0,0,0
7700,2007033419,,,67,67301,,,0,0,0,0,0,0,5,9,2006,6,8.0,1.0,99,98.0,3,1,99,  ,0,0.0,0,0,0,0,0,0,0,0,0,0,0,0,0,0,0,0,0
7701,2007033437,,,67,67301,,,0,0,0,0,0,0,6,5,2006,7,11.0,1.0,0,1.0,3,1,3,  ,0,0.0,0,0,0,0,0,0,0,0,0,0,0,0,0,0,0,0,0
7702,2007033479,,,63,63210,41.7175,-75.2335,0,0,0,0,0,0,4,8,2006,1,12.0,1.0,0,1.0,1,1,3,  ,3,3.0,0,0,1,0,0,0,0,0,0,0,0,0,0,0,0,0,0
7703,2007033509,,,23,23424,39.9089,-75.3532,0,0,0,0,0,0,4,11,2006,5,16.0,1.0,0,9.0,3,1,7,  ,3,3.0,1,0,1,0,0,0,0,0,0,0,0,0,0,0,0,0,0
7704,2007033512,,,67,67301,39.9378,-75.2228,0,0,0,0,0,0,2,5,2006,7,15.0,1.0,0,1.0,3,0,3,  ,0,0.0,0,0,0,0,0,0,0,0,0,0,0,0,0,0,0,0,0
7705,2007034439,,,23,23424,39.9089,-75.3532,0,0,0,0,0,0,4,11,2006,5,16.0,1.0,0,9.0,3,1,7,  ,0,0.0,1,0,1,0,0,0,0,0,0,0,0,0,0,0,0,0,0
7706,2007038144,,,2,2445,40.4594,-79.9465,0,0,0,0,0,0,3,11,2006,6,18.0,1.0,0,1.0,3,1,3,  ,3,3.0,1,0,0,0,0,0,0,0,0,0,0,0,1,0,0,0,0
7707,2007038196,,,23,23421,39.8963,-75.3851,0,0,0,0,0,0,4,5,2006,6,11.0,1.0,0,1.0,3,2,3,  ,9,9.0,0,0,1,0,0,0,0,0,0,0,0,0,0,0,0,0,0
7708,2007038550,,,62,62421,,,0,0,0,0,0,0,4,2,2006,5,18.0,4.0,7,1.0,1,0,3,  ,0,0.0,1,0,1,0,0,0,0,0,0,0,0,0,0,0,0,0,0
7709,2007063313,1615.0,1615.0,9,9212,40.1498,-75.0012,0,0,0,0,0,0,4,6,2006,2,16.0,1.0,0,1.0,3,0,3,  ,0,0.0,1,0,1,0,0,0,0,0,0,0,0,0,0,0,0,0,0
7710,2007111142,1645.0,1641.0,9,9212,,,0,0,0,0,0,0,4,6,2006,3,16.0,1.0,7,1.0,3,0,3,  ,0,0.0,0,0,1,0,0,0,0,0,0,0,0,0,0,0,0,0,0
7711,2007116665,1435.0,1430.0,67,67301,39.9551,-75.186,0,0,0,0,0,0,5,10,2006,2,7.0,1.0,0,1.0,3,0,3,  ,0,0.0,0,0,0,0,0,0,0,0,0,0,0,0,0,0,0,0,0