,CRN,ARRIVAL_TM,DISPATCH_TM,COUNTY,MUNICIPALITY,DEC_LAT,DEC_LONG,BICYCLE_DEATH_COUNT,BICYCLE_SUSP_SERIOUS_INJ_COUNT,BUS_COUNT,HEAVY_TRUCK_COUNT,SMALL_TRUCK_COUNT,SUV_COUNT,COLLISION_TYPE,CRASH_MONTH,CRASH_YEAR,DAY_OF_WEEK,HOUR_OF_DAY,ILLUMINATION,LOCATION_TYPE,ROAD_CONDITION,URBAN_RURAL,INTERSECT_TYPE,WEATHER1,WEATHER2,TCD_TYPE,TCD_FUNC_CD,AGGRESSIVE_DRIVING,ALCOHOL_RELATED,ANGLE_CRASH,CELL_PHONE,COMM_VEHICLE,DISTRACTED,DRINKING_DRIVER,DRUGGED_DRIVER,FATIGUE_ASLEEP,IMPAIRED_DRIVER,NHTSA_AGG_DRIVING,RUNNING_RED_LT,RUNNING_STOP_SIGN,SPEEDING_RELATED,TAILGATING,MATURE_DRIVER,YOUNG_DRIVER
7712,2008088091,1923.0,1921.0,67,67301,39.9702,-75.1596,0,0,0,0,0,0,2,6,2006,2,19.0,1.0,0,1.0,3,1,3,  ,2,3.0,0,0,0,0,0,0,0,0,0,0,0,0,0,0,0,1,0
7713,2008095114,1803.0,1801.0,23,23405,39.9138,-75.2659,0,0,0,0,0,0,4,7,2006,4,17.0,1.0,0,1.0,3,0,3,  ,0,0.0,0,0,1,0,0,0,0,0,0,0,0,0,0,0,0,0,0
7714,2008095122,1705.0,1700.0,23,23405,39.9148,-75.2705,0,0,0,0,0,0,4,10,2006,2,16.0,1.0,0,1.0,3,1,3,  ,2,3.0,0,0,1,0,0,0,0,0,0,0,0,0,0,0,0,0,1
7715,2007000162,707.0,702.0,23,23112,39.9474,-75.3495,0,1,0,0,0,0,2,1,2007,3,7.0,5.0,0,1.0,3,0,3,  ,0,0.0,1,0,0,0,0,0,0,0,0,0,0,0,0,0,0,0,0
7716,2007001081,1610.0,1609.0,6,6405,40.3338,-75.6373,0,0,0,0,0,0,4,1,2007,7,16.0,1.0,0,1.0,1,0,3,  ,0,0.0,0,0,1,0,0,1,0,0,0,0,0,0,0,0,0,1,0
7717,2007003673,1442.0,1441.0,46,46204,40.1828,-75.1315,0,0,0,0,0,0,4,1,2007,1,14.0,1.0,0,1.0,3,5,3,  ,2,3.0,0,0,1,0,0,0,0,0,0,0,0,0,0,0,0,0,0
7718,2007003737,2114.0,2112.0,9,9227,40.242,-75.1304,0,0,0,0,0,0,4,1,2007,7,21.0,3.0,0,9.0,3,1,7,  ,3,3.0,0,0,1,0,0,0,0,0,0,0,0,0,0,0,0,0,0
7719,2007004010,1643.0,1641.0,40,40304,41.2435,-75.8861,0,0,0,0,0,0,2,1,2007,4,16.0,1.0,0,1.0,3,0,3,  ,0,0.0,0,0,0,0,0,0,0,0,0,0,0,0,0,0,0,1,0
7720,2007007864,837.0,837.0,2,2301,40.4505,-80.0037,0,0,0,0,1,0,1,1,2007,3,8.0,1.0,0,9.0,3,0,10,  ,0,0.0,0,0,0,0,0,0,0,0,0,0,0,0,0,0,0,0,0
7721,2007009019,1308.0,1308.0,54,54404,40.7992,-76.8611,0,0,0,0,0,0,4,1,2007,7,12.0,1.0,0,9.0,2,0,7,  ,0,0.0,0,0,1,0,0,0,0,0,0,0,0,0,0,0,0,0,0
7722,2007010181,1827.0,1825.0,21,21402,40.2028,-77.1865,0,0,0,0,1,0,4,1,2007,5,18.0,3.0,0,1.0,2,1,3,  ,3,3.0,1,0,1,0,0,0,0,0,0,0,0,0,1,0,0,1,0
7723,2007011262,1612.0,1611.0,23,23108,39.9342,-75.3356,0,0,0,0,0,0,4,1,2007,4,16.0,1.0,0,1.0,3,2,3,  ,0,0.0,0,0,1,0,0,0,0,0,0,0,0,0,0,0,0,1,0
7724,2007011613,1430.0,1430.0,2,2302,40.2947,-79.8806,0,0,0,0,0,1,4,1,2007,1,14.0,1.0,0,9.0,3,2,7,  ,0,0.0,0,0,1,0,0,0,0,0,0,0,0,0,0,0,0,0,0
7725,2007012202,1605.0,1601.0,66,66422,39.9783,-76.7313,0,0,0,0,0,0,4,1,2007,4,16.0,1.0,0,1.0,3,1,3,  ,3,3.0,0,0,1,0,0,0,0,0,0,0,0,0,0,0,0,0,0
7726,2007012325,1521.0,1519.0,38,38301,40.3367,-76.4227,0,0,0,0,0,0,4,1,2007,5,15.0,1.0,0,1.0,2,1,3,  ,3,3.0,1,0,1,0,0,0,0,0,0,0,0,0,0,0,0,0,0
7727,2007013395,1751.0,1750.0,48,48301,40.6222,-75.3733,0,0,0,0,0,0,4,1,2007,4,17.0,3.0,0,1.0,3,1,3,  ,3,3.0,0,0,1,0,0,0,0,0,0,0,0,0,0,0,0,1,0
7728,2007014397,1056.0,1044.0,21,21207,40.1437,-77.0621,0,0,0,0,0,0,4,1,2007,2,10.0,1.0,0,9.0,1,0,3,  ,0,0.0,1,0,1,0,0,0,0,0,0,0,1,0,0,1,0,1,0
7729,2007014904,841.0,836.0,38,38209,40.3729,-76.3672,0,0,0,0,0,0,4,2,2007,6,8.0,1.0,0,1.0,1,1,3,  ,3,3.0,1,0,1,0,0,0,0,0,0,0,0,0,0,0,0,0,0
7730,2007015040,1824.0,1820.0,9,9101,,,0,0,0,0,0,0,4,1,2007,2,18.0,3.0,0,9.0,3,2,3,  ,3,3.0,1,0,1,0,0,0,0,0,0,0,0,0,0,0,0,0,0
7731,2007015112,9999.0,9999.0,39,39301,40.6238,-75.3975,0,0,0,0,0,0,5,1,2007,4,16.0,1.0,0,1.0,3,0,3,  ,0,0.0,0,0,0,0,0,0,0,0,0,0,0,0,0,0,0,0,0
7732,2007015159,723.0,719.0,25,25411,42.2133,-79.8372,0,0,0,0,0,0,4,1,2007,2,7.0,3.0,0,7.0,1,1,10,  ,3,3.0,0,0,1,0,0,0,0,0,0,0,0,0,0,0,0,0,0
7733,2007016358,30.0,25.0,2,2301,40.438,-79.9194,0,0,0,0,0,0,4,1,2007,1,0.0,3.0,0,1.0,3,1,3,  ,2,3.0,0,1,1,0,0,0,0,0,0,0,0,0,0,0,0,0,0
7734,2007017083,646.0,643.0,46,46416,40.244,-75.6136,0,0,0,0,0,0,4,1,2007,2,6.0,3.0,0,9.0,2,1,7,  ,2,3.0,0,0,1,0,0,0,0,0,0,0,0,0,0,0,0,1,0
7735,2007017481,1346.0,1338.0,32,32407,40.5422,-79.1612,0,0,0,0,0,0,4,1,2007,2,13.0,1.0,0,1.0,1,1,3,  ,3,3.0,1,0,1,0,0,0,0,0,0,0,0,0,1,0,0,0,0
7736,2007018012,1719.0,1715.0,43,43302,41.2494,-80.4991,0,0,0,0,0,0,1,1,2007,2,17.0,1.0,0,7.0,3,0,10,  ,0,0.0,0,0,0,0,0,0,0,0,0,0,0,0,0,0,0,0,0
7737,2007020013,1620.0,1620.0,7,7407,40.6711,-78.2413,0,0,0,0,0,0,4,1,2007,2,16.0,1.0,0,1.0,2,1,3,  ,3,3.0,0,0,1,0,0,0,0,0,0,0,0,0,0,0,0,0,0
7738,2007020085,1542.0,1540.0,48,48301,40.6114,-75.386,0,0,0,0,0,0,4,1,2007,6,15.0,1.0,0,1.0,3,1,3,  ,0,0.0,1,0,1,0,0,0,0,0,0,0,0,0,0,0,0,0,0
7739,2007021818,2146.0,2141.0,20,20226,41.6539,-80.2962,0,0,0,0,0,0,2,1,2007,6,21.0,2.0,0,9.0,1,0,7,  ,0,0.0,0,0,0,0,0,0,0,0,0,0,0,0,0,0,0,0,0
7740,2007022164,1835.0,1833.0,67,67301,39.9446,-75.1806,0,0,0,0,0,0,6,1,2007,3,18.0,3.0,0,1.0,3,1,3,  ,3,3.0,1,0,0,0,0,0,0,0,0,0,0,0,0,0,0,0,0
7741,2007022169,1000.0,955.0,67,67301,39.9242,-75.1767,0,0,0,0,0,1,4,1,2007,3,9.0,1.0,0,1.0,3,0,3,  ,0,0.0,0,0,1,0,0,0,0,0,0,0,0,0,0,0,0,0,0
7742,2007022181,1701.0,1658.0,67,67301,39.9398,-75.1989,0,0,0,0,0,1,4,1,2007,6,16.0,4.0,7,1.0,3,0,3,  ,0,0.0,0,0,1,0,0,0,0,0,0,0,0,0,0,0,0,0,0
7743,2007022371,1816.0,1813.0,67,67301,39.949,-75.144,0,0,0,0,0,0,5,1,2007,3,18.0,3.0,0,1.0,3,0,3,  ,0,0.0,0,0,0,0,0,0,0,0,0,0,0,0,0,0,0,0,0
7744,2007022523,944.0,942.0,67,67301,39.9868,-75.1808,0,0,0,0,0,0,4,1,2007,6,9.0,1.0,0,9.0,3,5,7,  ,2,3.0,1,0,1,0,0,0,0,0,0,0,0,0,0,0,0,0,0
7745,2007022694,1950.0,1936.0,67,67301,40.0224,-75.0782,0,0,0,0,0,0,4,1,2007,3,19.0,1.0,0,1.0,3,1,3,  ,2,2.0,0,0,1,0,0,0,0,0,0,0,0,0,0,0,0,0,0
7746,2007022737,1936.0,1932.0,67,67301,40.0529,-74.9963,0,0,0,0,0,0,2,1,2007,7,17.0,3.0,0,1.0,3,1,3,  ,0,0.0,0,0,0,0,0,0,0,0,0,0,0,0,0,0,0,0,0
7747,2007023126,1715.0,1715.0,67,67301,39.9955,-75.1089,0,0,0,0,0,0,4,1,2007,1,16.0,1.0,0,9.0,3,1,3,  ,2,3.0,0,0,1,0,0,0,0,0,0,0,0,0,0,0,0,0,0
7748,2007023488,1958.0,1957.0,22,22301,40.2805,-76.8904,0,0,0,0,0,0,4,2,2007,5,19.0,3.0,0,1.0,3,1,3,  ,2,3.0,0,0,1,0,0,0,0,0,0,0,0,0,0,0,0,0,1
7749,2007023628,1404.0,1400.0,48,48418,40.689,-75.2449,0,0,0,0,0,0,4,1,2007,7,13.0,1.0,0,1.0,3,1,3,  ,2,3.0,1,0,1,0,0,0,0,0,0,0,0,0,0,0,0,0,1
7750,2007024442,2219.0,2217.0,46,46413,40.1254,-75.3305,0,0,0,0,0,0,4,2,2007,7,22.0,3.0,0,1.0,3,1,3,  ,3,3.0,0,0,1,0,0,0,0,0,0,0,0,0,0,0,0,0,0
7751,2007024956,2215.0,2215.0,9,9409,40.2072,-74.7774,0,1,0,0,0,1,4,2,2007,7,22.0,3.0,0,1.0,3,0,3,  ,0,0.0,0,0,1,0,0,0,0,0,0,0,0,0,0,0,0,1,0
7752,2007025128,1954.0,1950.0,48,48301,40.6198,-75.369,0,0,0,0,0,0,4,2,2007,5,19.0,2.0,0,1.0,3,0,3,  ,0,0.0,0,0,1,0,0,0,0,0,0,0,0,0,0,0,0,0,0
7753,2007025596,809.0,758.0,66,66101,39.9483,-76.7355,0,0,0,0,0,0,2,2,2007,6,7.0,1.0,0,1.0,1,0,99,  ,0,0.0,0,0,0,0,0,0,0,0,0,0,0,0,0,0,0,0,1
7754,2007025723,2223.0,2219.0,36,36301,40.0433,-76.317,0,0,0,0,0,0,4,1,2007,2,21.0,3.0,0,9.0,3,1,10,  ,3,3.0,1,0,1,0,0,0,0,0,0,0,0,0,0,0,0,0,0
7755,2007026077,1840.0,1834.0,2,2301,40.4392,-79.9603,0,0,0,0,0,0,4,2,2007,4,18.0,1.0,0,1.0,3,2,3,  ,3,3.0,0,0,1,0,0,0,0,0,0,0,0,0,0,0,0,0,1
7756,2007026693,1631.0,1629.0,6,6301,40.3502,-75.9138,0,0,0,0,0,0,4,2,2007,2,16.0,1.0,0,1.0,3,1,3,  ,2,3.0,0,0,1,0,0,0,0,0,0,0,0,0,0,0,0,0,0
7757,2007027036,625.0,621.0,46,46408,40.1716,-75.1097,0,0,0,0,0,0,4,1,2007,2,6.0,3.0,0,6.0,3,2,10,  ,2,3.0,0,0,1,0,0,0,0,0,0,0,0,0,0,0,0,0,0
7758,2007027531,252.0,250.0,67,67301,39.9797,-75.1294,0,0,0,0,0,0,5,1,2007,2,2.0,3.0,0,9.0,3,0,7,05,0,0.0,0,0,0,0,0,0,0,0,0,0,0,0,0,0,0,0,0
7759,2007027536,2120.0,2115.0,67,67301,40.0075,-75.198,0,0,0,0,0,0,4,1,2007,3,21.0,3.0,0,9.0,3,2,10,  ,3,9.0,1,0,1,0,0,0,0,0,0,0,0,0,0,0,0,0,0
7760,2007027554,1256.0,1255.0,67,67301,39.931,-75.1721,0,0,0,0,0,0,4,1,2007,7,99.0,1.0,0,1.0,3,2,3,  ,3,3.0,1,0,1,0,0,0,0,0,0,0,0,0,0,0,0,0,0
7761,2007027659,1730.0,1727.0,67,67301,39.9577,-75.2142,0,0,0,0,0,0,8,1,2007,2,17.0,3.0,0,1.0,3,0,3,  ,0,0.0,0,0,0,0,0,0,0,0,0,0,0,0,0,0,0,0,0
7762,2007027728,1641.0,1639.0,67,67301,39.9513,-75.1551,0,0,0,0,0,0,4,1,2007,7,15.0,1.0,0,1.0,3,1,3,  ,0,0.0,0,0,1,0,0,0,0,0,0,0,0,0,0,0,0,0,0
7763,2007027770,5.0,5.0,67,67301,39.9914,-75.1351,0,0,0,0,0,0,4,1,2007,7,23.0,3.0,7,1.0,3,0,3,  ,0,0.0,1,0,1,0,0,0,0,0,0,0,0,0,0,0,0,0,0
7764,2007027804,1550.0,1547.0,67,67301,39.9582,-75.2291,0,0,0,0,0,0,4,1,2007,1,15.0,1.0,0,1.0,3,1,3,  ,3,3.0,0,0,1,0,0,0,0,0,0,0,0,0,0,0,0,1,0
7765,2007027830,1830.0,1811.0,67,67301,40.0277,-75.1481,0,0,0,0,0,0,4,1,2007,7,18.0,1.0,0,1.0,3,1,3,  ,3,3.0,0,0,1,0,0,0,0,0,0,0,0,0,0,0,0,0,0
7766,2007027985,1902.0,1857.0,67,67301,40.0474,-75.1557,0,0,0,0,0,0,4,1,2007,3,18.0,3.0,0,1.0,3,1,3,  ,3,3.0,1,0,1,0,0,0,0,0,0,0,0,0,0,0,0,0,0
7767,2007028003,933.0,933.0,67,67301,40.0011,-75.1247,0,1,0,0,0,0,4,1,2007,5,9.0,1.0,0,1.0,3,1,3,  ,0,0.0,0,0,1,0,0,0,0,0,0,0,0,0,0,0,0,0,0
7768,2007028008,1359.0,1357.0,67,67301,40.0016,-75.1528,0,0,0,0,0,0,4,1,2007,4,13.0,1.0,0,1.0,3,1,3,  ,2,3.0,0,0,1,0,0,0,0,0,0,0,0,0,0,0,0,0,0
7769,2007028390,1209.0,1204.0,39,39201,40.6436,-75.4317,0,0,0,0,0,0,1,1,2007,1,12.0,1.0,0,1.0,3,0,3,  ,0,0.0,0,0,0,0,0,1,0,0,0,0,0,0,0,0,0,0,0
7770,2007029179,839.0,835.0,15,15233,40.12,-75.5033,0,0,0,0,0,0,2,3,2007,5,8.0,1.0,0,1.0,3,0,3,  ,0,0.0,0,0,0,0,0,0,0,0,0,0,0,0,0,0,0,0,0
7771,2007030843,1630.0,1630.0,39,39301,40.6108,-75.4834,0,0,0,0,0,0,4,3,2007,3,16.0,1.0,0,1.0,3,1,3,  ,0,0.0,0,0,1,0,0,0,0,0,0,0,0,0,0,0,0,0,0
7772,2007031530,606.0,601.0,66,66227,39.9584,-76.6895,0,0,0,0,1,0,4,2,2007,3,6.0,2.0,0,9.0,3,0,10,  ,3,3.0,0,0,1,0,0,0,0,0,0,0,0,0,0,0,0,0,0
7773,2007032165,1658.0,1654.0,23,23111,39.9448,-75.2963,0,0,0,0,0,0,6,2,2007,5,16.0,1.0,0,1.0,3,1,3,  ,2,3.0,0,0,0,0,0,0,0,0,0,0,0,0,0,0,0,0,0
7774,2007032830,647.0,642.0,38,38209,40.3586,-76.3926,0,0,0,0,0,0,4,3,2007,3,6.0,2.0,0,1.0,1,0,3,  ,0,0.0,1,0,1,0,0,0,0,0,0,0,0,0,0,1,0,0,0
7775,2007033454,1714.0,1708.0,35,35214,41.4808,-75.7677,0,0,0,0,0,0,4,3,2007,3,17.0,1.0,0,1.0,1,1,3,  ,3,3.0,1,0,1,0,0,0,0,0,0,0,0,0,1,0,0,0,0
7776,2007034115,1248.0,1247.0,46,46101,40.1006,-75.149,0,0,0,0,0,0,5,3,2007,7,12.0,1.0,0,1.0,3,1,3,  ,2,3.0,0,0,0,0,0,0,0,0,0,0,0,0,0,0,0,0,0
7777,2007034549,1643.0,1639.0,15,15403,39.9991,-75.724,0,0,0,0,0,0,4,3,2007,4,16.0,1.0,0,1.0,3,1,3,  ,2,3.0,1,0,1,0,0,0,0,0,0,0,0,0,0,0,0,0,1
7778,2007034563,851.0,848.0,46,46104,40.0221,-75.2309,0,0,0,0,0,0,5,3,2007,3,8.0,1.0,0,1.0,3,0,3,  ,2,3.0,1,0,0,0,0,0,0,0,0,0,0,0,0,0,0,0,0
7779,2007034884,1223.0,1214.0,66,66431,39.9142,-76.5887,0,0,0,0,0,0,4,3,2007,3,12.0,1.0,0,2.0,1,2,3,  ,0,0.0,0,0,1,0,0,0,0,0,0,0,0,0,0,0,0,0,0
7780,2007035828,1529.0,1529.0,40,40304,41.2515,-75.8596,0,0,0,0,0,0,4,4,2007,3,15.0,1.0,0,1.0,3,1,3,  ,2,3.0,0,0,1,0,0,0,0,0,0,0,0,0,0,0,0,0,0
7781,2007036963,1754.0,1748.0,66,66205,39.9826,-76.8232,0,0,0,0,0,1,4,3,2007,5,17.0,1.0,0,1.0,1,2,3,  ,3,3.0,1,0,1,0,0,0,0,0,0,0,0,0,1,0,0,0,0
7782,2007037763,1709.0,1705.0,39,39401,40.5105,-75.6032,0,1,0,0,0,0,4,3,2007,5,17.0,1.0,0,1.0,3,3,3,  ,3,3.0,0,0,1,0,0,0,0,0,0,0,0,0,0,0,0,0,0
7783,2007038138,1735.0,1732.0,36,36408,40.1873,-76.1845,0,0,0,0,0,0,9,3,2007,4,17.0,1.0,0,1.0,2,1,3,  ,2,3.0,0,0,0,0,0,0,0,0,0,0,0,0,0,0,0,1,0
7784,2007038563,1625.0,1625.0,6,6239,40.4576,-76.2443,0,1,0,0,0,0,4,3,2007,6,16.0,1.0,0,1.0,1,1,3,  ,3,3.0,0,0,1,0,0,0,0,0,0,0,0,0,0,0,0,0,0
7785,2007039026,1706.0,1704.0,6,6102,40.3851,-75.9534,0,0,0,0,0,0,1,3,2007,2,17.0,1.0,0,1.0,3,0,3,  ,0,0.0,1,0,0,0,0,0,0,0,0,0,0,0,0,0,0,1,0
7786,2007039116,1705.0,1703.0,64,64301,40.5806,-79.7587,0,0,0,0,0,0,4,3,2007,5,17.0,1.0,0,1.0,3,1,3,  ,3,2.0,0,0,1,0,0,0,0,0,0,0,0,0,0,0,0,1,0
7787,2007039117,1839.0,1836.0,64,64301,40.5746,-79.7644,0,0,0,0,0,1,4,3,2007,5,18.0,1.0,0,1.0,3,1,3,  ,0,0.0,0,0,1,0,0,0,0,0,0,0,0,0,0,0,0,0,0
7788,2007039216,1236.0,1234.0,39,39301,40.606,-75.5009,0,0,0,0,0,1,4,3,2007,4,12.0,1.0,0,1.0,3,1,3,  ,0,0.0,0,0,1,0,0,0,0,0,0,0,0,0,0,0,0,0,0
7789,2007041054,706.0,701.0,15,15411,40.1343,-75.5123,0,0,0,0,0,0,5,4,2007,5,7.0,1.0,0,1.0,3,2,3,  ,2,3.0,0,0,0,0,0,0,0,0,0,0,0,0,0,0,0,0,1
7790,2007041183,1554.0,1551.0,9,9224,40.2946,-74.8845,0,0,0,0,0,1,4,4,2007,7,15.0,1.0,0,1.0,1,0,3,  ,0,0.0,0,0,1,0,0,0,0,0,0,0,0,0,0,0,0,0,0
7791,2007041202,1753.0,1750.0,4,4422,40.6884,-80.2737,0,0,0,0,1,0,4,4,2007,1,17.0,1.0,0,1.0,3,1,3,  ,0,0.0,1,0,1,0,0,0,0,0,0,0,0,0,0,0,0,0,0
7792,2007041612,703.0,616.0,2,2407,40.3559,-80.0282,0,0,0,0,0,0,4,4,2007,6,6.0,5.0,0,1.0,3,2,3,  ,2,3.0,1,0,1,0,0,0,0,0,0,0,0,0,0,0,0,0,0
7793,2007043034,2021.0,2016.0,9,9101,40.1279,-74.8354,0,0,0,0,1,0,5,4,2007,2,20.0,2.0,0,1.0,3,0,3,  ,0,0.0,0,0,0,0,0,0,0,0,0,0,0,0,0,0,0,0,0
7794,2007043197,1758.0,1754.0,7,7301,40.5362,-78.3885,0,0,0,0,0,0,4,3,2007,4,17.0,1.0,0,1.0,3,1,3,  ,0,0.0,0,0,1,0,0,0,0,0,0,0,0,0,0,0,0,0,0
7795,2007043767,1105.0,1101.0,39,39213,40.588,-75.6861,0,0,0,0,0,1,4,2,2007,7,11.0,1.0,0,9.0,1,3,3,  ,3,3.0,1,0,1,0,0,0,0,0,0,0,0,0,0,0,0,0,0
7796,2007044547,2243.0,2241.0,46,46413,40.1196,-75.3557,0,0,0,0,1,0,4,3,2007,7,22.0,3.0,0,9.0,3,1,7,  ,2,3.0,0,0,1,0,0,0,0,0,0,0,0,0,0,0,0,0,0
7797,2007044992,1749.0,1749.0,2,2426,40.4334,-79.8875,0,0,0,0,0,0,4,4,2007,3,17.0,1.0,7,1.0,3,0,3,  ,0,0.0,0,0,1,0,0,0,0,0,0,0,0,0,0,0,0,0,0
7798,2007044999,1324.0,1322.0,23,23105,39.8912,-75.3732,0,0,0,0,0,0,6,4,2007,3,13.0,1.0,0,1.0,3,2,3,  ,0,0.0,0,0,0,0,0,0,0,0,0,0,0,0,0,0,0,1,0
7799,2007045062,1735.0,1734.0,64,64431,40.5965,-79.5776,0,0,0,0,0,1,4,5,2007,4,17.0,1.0,0,1.0,2,2,3,  ,0,0.0,0,0,1,1,0,1,0,0,0,0,0,0,0,0,0,0,0
7800,2007045109,1812.0,1806.0,7,7301,40.51,-78.4151,0,0,0,0,0,0,4,4,2007,3,18.0,1.0,0,1.0,3,1,3,  ,3,3.0,0,0,1,0,0,0,0,0,0,0,0,0,0,0,0,0,0
7801,2007045169,1621.0,1617.0,6,6301,40.3261,-75.9267,0,0,0,0,0,0,4,4,2007,3,16.0,1.0,0,1.0,3,1,3,  ,0,0.0,0,0,1,0,0,0,0,0,0,0,0,0,0,0,0,0,0
7802,2007045175,119.0,116.0,67,67301,39.9526,-75.1654,1,0,1,0,0,0,5,3,2007,7,1.0,3.0,0,1.0,3,2,3,  ,2,3.0,0,1,0,0,1,0,0,0,0,0,0,0,0,0,0,0,0
7803,2007045240,1752.0,1757.0,7,7301,40.5118,-78.3955,0,0,0,0,0,0,4,4,2007,3,17.0,1.0,0,1.0,3,0,3,  ,0,0.0,0,0,1,0,0,1,0,0,0,0,0,0,0,0,0,0,0
7804,2007045241,1600.0,1557.0,7,7301,40.497,-78.4057,0,0,0,0,0,0,4,4,2007,3,15.0,1.0,0,1.0,3,3,3,  ,3,3.0,0,0,1,0,0,0,0,0,0,0,0,0,0,0,0,0,1
7805,2007045545,1901.0,1857.0,28,28401,39.928,-77.6601,0,0,0,0,0,0,4,5,2007,3,18.0,1.0,0,1.0,1,0,3,  ,0,0.0,0,0,1,0,0,0,0,0,0,0,0,0,0,0,0,0,0
7806,2007045681,1503.0,1501.0,67,67301,39.9702,-75.1451,0,0,0,0,0,0,5,2,2007,5,15.0,1.0,0,1.0,3,1,3,  ,0,0.0,0,0,0,0,0,0,0,0,0,0,0,0,0,0,0,1,0
7807,2007045741,2213.0,2210.0,67,67301,39.9458,-75.1748,0,0,0,0,0,0,1,3,2007,5,99.0,3.0,0,9.0,3,1,3,  ,2,3.0,0,0,0,0,0,0,0,0,0,0,0,0,0,0,0,0,0
7808,2007046047,1840.0,1835.0,67,67301,39.9943,-75.1577,0,0,0,0,0,0,6,2,2007,7,18.0,3.0,0,9.0,3,1,10,  ,2,3.0,0,0,0,0,0,0,0,0,0,0,0,0,0,0,0,0,0
7809,2007046204,1107.0,1100.0,28,28203,39.9704,-77.5734,0,1,0,0,0,1,1,1,2007,5,10.0,1.0,0,1.0,1,0,3,  ,0,0.0,1,0,0,0,0,0,0,1,0,1,0,0,0,1,0,0,0
7810,2007046309,235.0,230.0,67,67301,39.9513,-75.1551,0,0,0,0,0,0,4,2,2007,3,2.0,3.0,0,1.0,3,1,3,  ,2,3.0,0,0,1,0,0,0,0,0,0,0,0,0,0,0,0,0,0
7811,2007046365,1801.0,1759.0,36,36101,40.061,-76.3061,0,0,0,0,0,0,4,2,2007,5,17.0,3.0,0,1.0,3,0,3,  ,0,0.0,0,0,1,0,0,0,0,0,0,0,0,0,0,0,0,0,0
7812,2007046377,2056.0,2053.0,46,46416,40.2607,-75.6235,0,0,0,0,0,1,4,3,2007,3,20.0,3.0,7,1.0,2,0,3,  ,0,0.0,0,1,1,0,0,0,0,0,0,0,0,0,0,0,0,0,0
7813,2007046454,1658.0,1653.0,67,67301,,,0,0,0,0,0,0,4,3,2007,7,16.0,1.0,0,1.0,3,2,3,  ,0,0.0,0,0,1,0,0,0,0,0,0,0,0,0,0,0,0,0,0
7814,2007046504,946.0,946.0,26,26301,,,0,0,0,0,0,1,4,5,2007,7,9.0,1.0,0,1.0,2,1,3,  ,0,0.0,0,0,1,0,0,0,0,0,0,0,0,0,0,0,0,0,0
7815,2007046544,1309.0,1305.0,6,6415,40.3297,-75.8856,0,0,0,0,0,0,4,5,2007,7,13.0,1.0,0,1.0,3,2,3,  ,3,3.0,0,0,1,0,0,0,0,0,0,0,0,0,0,0,0,0,0
7816,2007046667,843.0,841.0,46,46104,40.0134,-75.2713,0,0,0,0,0,1,4,4,2007,2,8.0,1.0,0,1.0,3,2,3,  ,0,0.0,1,0,1,0,0,0,0,0,0,0,0,0,0,0,0,0,0
7817,2007046689,702.0,659.0,21,21402,40.2072,-77.1966,0,0,0,0,0,0,4,4,2007,2,6.0,1.0,0,1.0,2,2,3,  ,3,3.0,0,0,1,0,0,0,0,0,0,0,0,0,0,0,0,0,0
7818,2007046741,939.0,936.0,25,25302,42.109,-80.0928,0,0,0,0,0,0,8,4,2007,4,9.0,1.0,0,1.0,3,1,3,  ,3,3.0,0,0,0,0,0,0,0,0,0,0,0,0,0,0,0,0,1
7819,2007046789,1450.0,1443.0,39,39301,40.5887,-75.4505,0,0,0,0,0,0,4,4,2007,2,14.0,1.0,0,1.0,3,1,3,  ,3,3.0,0,0,1,0,0,0,0,0,0,0,0,0,0,0,0,1,0
7820,2007046825,1543.0,1539.0,67,67301,39.9309,-75.1564,0,0,0,0,0,0,1,3,2007,2,15.0,1.0,0,9.0,3,0,98,  ,0,0.0,0,0,0,0,0,0,0,0,0,0,0,0,0,0,0,0,0
7821,2007046875,9999.0,,67,67301,39.946,-75.1807,0,0,0,0,0,0,5,1,2007,5,99.0,1.0,0,1.0,3,0,3,  ,0,0.0,0,0,0,0,0,0,0,0,0,0,0,0,0,0,0,0,0
7822,2007046890,1036.0,1034.0,67,67301,39.9428,-75.1739,0,0,0,0,0,0,8,2,2007,2,10.0,1.0,0,2.0,3,1,3,  ,3,3.0,0,0,0,0,0,0,0,0,0,0,0,0,0,0,0,0,0
7823,2007046919,1600.0,1600.0,67,67301,39.9538,-75.1666,0,0,0,0,0,0,8,3,2007,6,16.0,1.0,0,1.0,3,3,3,  ,2,3.0,0,0,0,0,0,0,0,0,0,0,0,0,0,0,0,0,0
7824,2007047001,1120.0,1115.0,67,67301,39.9418,-75.1578,0,0,0,0,1,0,9,2,2007,6,11.0,1.0,0,1.0,3,0,3,  ,0,0.0,0,0,0,0,0,0,0,0,0,0,0,0,0,0,0,0,0
7825,2007047017,2253.0,2253.0,67,67301,39.9409,-75.2269,0,0,0,0,0,0,4,3,2007,2,99.0,3.0,0,1.0,3,1,3,  ,3,3.0,1,0,1,0,0,0,0,0,0,0,0,0,0,0,0,0,0
7826,2007047223,1737.0,1735.0,66,66410,39.7899,-76.7319,0,0,0,0,0,0,4,4,2007,3,15.0,1.0,0,1.0,1,0,3,  ,0,0.0,0,0,1,0,0,0,0,0,0,0,0,0,0,0,0,0,0
7827,2007047238,1603.0,1601.0,39,39301,40.6091,-75.4696,0,0,0,0,0,0,4,4,2007,2,16.0,1.0,0,1.0,3,1,3,  ,3,3.0,0,0,1,0,0,0,0,0,0,0,0,0,0,0,0,0,0