,CRN,ARRIVAL_TM,DISPATCH_TM,COUNTY,MUNICIPALITY,DEC_LAT,DEC_LONG,BICYCLE_DEATH_COUNT,BICYCLE_SUSP_SERIOUS_INJ_COUNT,BUS_COUNT,HEAVY_TRUCK_COUNT,SMALL_TRUCK_COUNT,SUV_COUNT,COLLISION_TYPE,CRASH_MONTH,CRASH_YEAR,DAY_OF_WEEK,HOUR_OF_DAY,ILLUMINATION,LOCATION_TYPE,ROAD_CONDITION,URBAN_RURAL,INTERSECT_TYPE,WEATHER1,WEATHER2,TCD_TYPE,TCD_FUNC_CD,AGGRESSIVE_DRIVING,ALCOHOL_RELATED,ANGLE_CRASH,CELL_PHONE,COMM_VEHICLE,DISTRACTED,DRINKING_DRIVER,DRUGGED_DRIVER,FATIGUE_ASLEEP,IMPAIRED_DRIVER,NHTSA_AGG_DRIVING,RUNNING_RED_LT,RUNNING_STOP_SIGN,SPEEDING_RELATED,TAILGATING,MATURE_DRIVER,YOUNG_DRIVER
7828,2007047657,1737.0,1732.0,67,67301,39.9482,-75.1644,0,1,0,0,0,0,5,3,2007,7,14.0,1.0,0,1.0,3,1,99,  ,2,3.0,1,0,0,0,0,0,0,0,0,0,0,0,0,0,0,0,0
7829,2007047718,1706.0,1705.0,67,67301,39.9642,-75.2152,0,0,0,0,0,1,4,3,2007,4,99.0,1.0,0,1.0,3,2,3,  ,3,3.0,0,0,1,0,0,0,0,0,0,0,0,0,0,0,0,0,0
7830,2007047722,1723.0,1720.0,67,67301,39.9588,-75.2067,0,0,0,0,0,0,4,3,2007,6,17.0,1.0,0,1.0,3,0,3,  ,0,0.0,0,0,1,0,0,0,0,0,0,0,0,0,0,0,0,0,0
7831,2007047758,1458.0,1453.0,67,67301,39.9591,-75.172,0,0,0,0,0,0,4,3,2007,1,14.0,1.0,0,1.0,3,1,3,  ,2,3.0,0,0,1,0,0,0,0,0,0,0,0,0,0,0,0,0,0
7832,2007047811,1552.0,1548.0,67,67301,40.0617,-75.0825,0,0,0,0,0,0,8,3,2007,5,15.0,1.0,0,1.0,3,0,3,  ,0,0.0,0,0,0,0,0,0,0,0,0,0,0,0,0,0,0,0,0
7833,2007047842,1600.0,1600.0,67,67301,39.9992,-75.1474,0,0,0,0,0,0,4,3,2007,5,15.0,1.0,0,1.0,3,5,3,  ,2,9.0,1,0,1,0,0,0,0,0,0,0,0,0,0,0,0,0,0
7834,2007047859,1820.0,1817.0,67,67301,39.9968,-75.0714,0,0,0,0,0,0,4,3,2007,3,18.0,6.0,0,1.0,3,0,99,  ,0,0.0,0,0,1,0,0,0,0,0,0,0,0,0,0,0,0,0,0
7835,2007047879,2110.0,2100.0,67,67301,40.0327,-75.1135,0,0,0,0,0,0,4,3,2007,1,15.0,1.0,0,1.0,3,2,3,  ,3,3.0,1,0,1,1,0,1,0,0,0,0,0,0,0,0,0,0,0
7836,2007047984,1408.0,1404.0,67,67301,40.0306,-75.1465,0,0,0,0,0,0,5,3,2007,1,14.0,1.0,0,1.0,3,0,3,  ,2,3.0,0,0,0,0,0,0,0,0,0,0,0,0,0,0,0,0,0
7837,2007048038,2201.0,2159.0,39,39301,40.6118,-75.4762,0,0,0,0,0,0,4,4,2007,5,21.0,3.0,0,1.0,3,1,3,  ,0,0.0,0,0,1,0,0,0,0,0,0,0,0,0,0,0,0,0,0
7838,2007048245,1322.0,1321.0,7,7301,40.5403,-78.3797,0,0,0,0,0,0,4,3,2007,1,13.0,1.0,0,1.0,3,1,3,  ,0,0.0,1,0,1,0,0,0,0,0,0,0,0,0,0,1,0,0,0
7839,2007048481,1119.0,1118.0,2,2304,40.3502,-79.863,0,0,0,0,0,0,4,4,2007,1,11.0,1.0,0,9.0,3,1,7,  ,3,3.0,0,0,1,0,0,0,0,0,0,0,0,0,0,0,0,1,0
7840,2007048501,739.0,738.0,46,46408,40.1898,-75.1031,0,0,0,0,0,0,4,3,2007,1,7.0,1.0,0,1.0,3,0,3,  ,0,0.0,0,0,1,0,0,0,0,0,0,0,0,0,0,0,0,1,0
7841,2007049240,1751.0,1751.0,66,66103,39.8018,-76.9648,0,0,0,0,0,0,4,5,2007,2,17.0,1.0,0,1.0,2,0,3,  ,0,0.0,0,0,1,0,0,0,0,0,0,0,0,0,0,0,0,0,0
7842,2007049243,2335.0,2332.0,36,36101,40.0656,-76.3471,1,0,0,0,0,0,1,2,2007,1,23.0,3.0,0,1.0,3,0,3,  ,0,0.0,0,1,0,0,0,0,1,0,0,1,0,0,0,0,0,0,0
7843,2007049317,1956.0,1952.0,7,7301,40.5219,-78.3851,0,0,0,0,0,0,4,4,2007,3,19.0,1.0,0,1.0,3,1,3,  ,3,3.0,0,0,1,0,0,0,0,0,0,0,0,0,0,0,0,0,0
7844,2007049576,1609.0,1605.0,48,48301,40.6329,-75.3675,0,0,0,0,0,1,4,4,2007,1,16.0,1.0,0,1.0,3,1,3,  ,3,3.0,0,0,1,0,0,0,0,0,0,0,0,0,0,0,0,0,0
7845,2007049971,1647.0,1642.0,39,39102,40.6897,-75.5067,0,0,0,0,0,1,4,5,2007,3,16.0,1.0,0,1.0,3,0,3,  ,0,0.0,0,0,1,0,0,0,0,0,0,0,0,0,0,0,0,0,0
7846,2007050129,1052.0,1049.0,28,28215,39.7384,-77.5121,0,0,0,0,0,1,5,5,2007,7,10.0,1.0,0,1.0,2,0,3,  ,0,0.0,1,0,0,0,0,0,0,0,0,0,0,0,0,1,0,0,0
7847,2007050173,1620.0,1616.0,15,15301,39.9852,-75.8131,0,0,0,0,0,0,4,4,2007,1,16.0,1.0,6,1.0,3,1,3,  ,0,0.0,0,0,1,0,0,0,0,0,0,0,0,0,0,0,0,0,0
7848,2007050209,2322.0,2320.0,21,21402,40.2036,-77.1962,0,0,0,0,1,0,2,5,2007,6,23.0,3.0,0,1.0,2,1,3,  ,2,3.0,0,1,0,0,0,0,0,0,0,0,0,0,0,0,0,0,0
7849,2007050248,711.0,711.0,9,9101,40.1342,-74.8847,0,0,0,0,0,0,4,4,2007,6,7.0,1.0,0,1.0,3,1,3,  ,2,3.0,0,0,1,0,0,0,0,0,0,0,0,0,0,0,0,0,0
7850,2007050396,1316.0,1311.0,48,48411,40.8642,-75.2615,0,0,0,0,1,0,4,4,2007,1,13.0,1.0,0,1.0,1,1,3,  ,0,0.0,0,0,1,0,0,0,0,0,0,0,0,0,0,0,0,0,0
7851,2007050418,1157.0,1148.0,2,2301,40.428,-79.9349,0,0,0,0,0,0,4,4,2007,1,11.0,1.0,0,98.0,3,0,3,  ,0,0.0,0,0,1,0,0,0,0,0,0,0,0,0,0,0,0,0,0
7852,2007050489,1520.0,1509.0,2,2301,40.4536,-79.896,0,0,0,0,0,0,4,4,2007,6,15.0,1.0,0,1.0,3,1,3,  ,3,3.0,0,0,1,0,0,0,0,0,0,0,0,0,0,0,0,0,0
7853,2007050866,1753.0,1745.0,2,2301,40.4466,-79.9897,0,0,0,0,0,0,5,4,2007,7,17.0,1.0,0,1.0,3,0,3,  ,0,0.0,0,0,0,0,0,0,0,0,0,0,0,0,0,0,0,0,0
7854,2007050875,2059.0,2050.0,2,2301,40.4607,-79.8975,0,0,0,0,0,1,4,4,2007,2,20.0,3.0,0,1.0,3,1,3,  ,3,3.0,1,0,1,0,0,0,0,0,0,0,0,0,1,0,0,0,0
7855,2007050886,1237.0,1233.0,40,40302,41.2027,-76.0029,0,0,0,0,0,0,4,5,2007,7,12.0,1.0,0,1.0,3,2,3,  ,0,0.0,0,0,1,0,0,0,0,0,0,0,0,0,0,0,0,0,0
7856,2007051149,2307.0,2305.0,36,36238,40.141,-76.2107,0,1,0,0,0,0,4,5,2007,1,23.0,2.0,0,1.0,3,0,3,  ,0,0.0,0,1,1,0,0,0,1,0,0,1,0,0,0,0,0,1,0
7857,2007051340,1522.0,1522.0,46,46105,40.1181,-75.0553,0,0,0,0,0,0,4,5,2007,3,15.0,1.0,0,1.0,3,2,3,  ,0,0.0,0,0,1,0,0,0,0,0,0,0,0,0,0,0,0,0,0
7858,2007051376,2227.0,2225.0,40,40304,41.2319,-75.8897,0,0,0,0,0,0,4,5,2007,5,22.0,3.0,0,1.0,3,2,3,  ,0,0.0,0,1,1,0,0,0,0,0,0,0,0,0,0,0,0,0,1
7859,2007051424,1740.0,1739.0,64,64304,40.1522,-79.8833,0,0,0,0,0,0,4,5,2007,5,17.0,1.0,0,1.0,3,2,3,  ,3,3.0,0,0,1,0,0,0,0,0,0,0,0,0,0,0,0,0,0
7860,2007052170,1629.0,1625.0,21,21212,40.2239,-77.021,0,0,0,0,0,0,2,4,2007,6,16.0,1.0,0,1.0,1,2,3,  ,3,3.0,0,0,0,0,0,1,0,0,0,0,0,0,0,0,0,0,0
7861,2007052185,1836.0,1835.0,43,43414,41.2029,-80.4915,0,0,0,0,0,0,8,5,2007,7,18.0,1.0,0,1.0,3,2,3,  ,3,3.0,0,0,0,0,0,0,0,0,0,0,0,0,0,0,0,0,0
7862,2007052197,1455.0,1450.0,2,2466,40.4905,-79.7794,0,0,0,0,1,0,4,5,2007,1,14.0,1.0,0,1.0,3,2,3,  ,0,0.0,0,0,1,0,0,0,0,0,0,0,0,0,0,0,0,0,1
7863,2007052323,1235.0,1230.0,7,7301,40.5185,-78.3907,0,0,0,0,0,0,1,4,2007,6,11.0,1.0,0,1.0,3,1,3,  ,3,3.0,0,0,0,0,0,1,0,0,0,0,0,0,0,0,0,0,0
7864,2007052490,1711.0,1708.0,6,6301,40.3462,-75.9398,0,0,0,0,0,0,4,4,2007,5,17.0,1.0,0,1.0,3,1,3,  ,3,3.0,0,0,1,0,0,0,0,0,0,0,0,0,0,0,0,0,0
7865,2007052492,1502.0,1502.0,6,6301,40.3488,-75.9182,0,0,0,0,0,0,4,4,2007,1,14.0,1.0,0,1.0,3,1,3,  ,3,3.0,0,0,1,0,0,0,0,0,0,0,0,0,0,0,0,0,1
7866,2007052550,1740.0,1735.0,13,13203,40.8291,-75.6989,0,0,0,0,1,0,4,4,2007,2,17.0,1.0,0,1.0,1,1,3,  ,2,3.0,0,0,1,0,0,0,0,0,0,0,0,0,0,0,0,0,0
7867,2007052668,1518.0,1505.0,46,46416,40.2435,-75.6173,0,0,0,0,0,0,4,4,2007,4,15.0,1.0,0,1.0,2,2,3,  ,2,3.0,1,0,1,0,0,0,0,0,0,0,0,0,0,0,0,0,0
7868,2007052710,1707.0,1700.0,18,18405,41.1028,-77.4879,0,0,0,0,0,0,4,4,2007,3,16.0,1.0,0,1.0,2,1,3,  ,0,0.0,0,0,1,0,0,0,0,0,0,0,0,0,0,0,0,0,0
7869,2007052751,1559.0,1556.0,66,66205,39.9904,-76.839,0,0,0,1,0,0,5,4,2007,7,15.0,1.0,0,1.0,1,0,3,  ,0,0.0,0,0,0,0,0,0,0,0,0,0,0,0,0,0,0,0,0
7870,2007052767,1324.0,1320.0,9,9202,40.0724,-74.9638,0,0,0,0,0,0,4,4,2007,3,10.0,1.0,0,1.0,3,2,3,  ,2,9.0,1,0,1,0,0,0,0,0,0,0,0,0,0,0,0,0,0
7871,2007052914,1947.0,1938.0,45,45202,40.9173,-75.419,0,0,0,0,0,0,6,4,2007,6,19.0,4.0,0,1.0,1,0,3,  ,0,0.0,0,0,0,0,0,0,0,0,0,0,0,0,0,0,0,0,1
7872,2007053028,1727.0,1711.0,64,64401,40.3116,-79.6566,0,1,0,0,0,0,4,4,2007,4,17.0,1.0,0,1.0,3,1,3,  ,3,3.0,0,0,1,0,0,0,0,0,0,0,0,0,0,0,0,0,0
7873,2007053104,2150.0,2148.0,64,64209,40.3028,-79.5144,0,0,0,0,0,0,1,3,2007,2,21.0,3.0,0,9.0,3,0,7,  ,0,0.0,1,1,0,0,0,0,1,0,0,1,0,0,0,1,0,0,0
7874,2007053203,1436.0,1436.0,46,46102,40.0663,-75.1259,0,0,0,0,0,1,4,3,2007,3,14.0,1.0,0,1.0,3,2,3,  ,0,0.0,0,0,1,0,0,0,0,0,0,0,0,0,0,0,0,0,0
7875,2007053387,1700.0,1657.0,2,2301,40.4525,-80.0089,0,0,0,0,0,0,4,5,2007,1,16.0,1.0,0,1.0,3,0,3,  ,0,0.0,0,0,1,0,0,0,0,0,0,0,0,0,0,0,0,1,0
7876,2007053573,1406.0,1402.0,9,9202,40.0969,-74.9457,0,0,0,0,0,0,4,4,2007,7,14.0,1.0,7,1.0,3,0,3,  ,0,0.0,0,0,1,0,0,0,0,0,0,0,0,0,0,0,0,1,0
7877,2007053602,1607.0,1605.0,66,66301,39.9705,-76.735,0,0,0,0,0,1,4,4,2007,1,16.0,1.0,0,1.0,3,0,3,  ,0,0.0,0,0,1,0,0,0,0,0,0,0,0,0,0,0,0,0,0
7878,2007053692,1922.0,1914.0,10,10301,40.8647,-79.907,0,0,0,0,0,1,4,5,2007,1,18.0,1.0,0,1.0,2,2,3,  ,3,3.0,0,0,1,0,0,0,0,0,0,0,0,0,0,0,0,0,0
7879,2007053905,1242.0,1214.0,49,49209,40.6562,-76.8993,0,0,0,0,0,0,4,4,2007,6,12.0,1.0,0,1.0,1,1,3,  ,0,0.0,0,0,1,0,0,0,0,0,0,0,0,0,0,0,0,1,0
7880,2007053946,1847.0,1845.0,39,39301,40.6009,-75.4895,0,0,0,0,0,0,8,5,2007,2,18.0,1.0,0,1.0,3,1,3,  ,0,0.0,1,0,0,0,0,0,0,0,0,0,0,0,0,0,0,0,0
7881,2007053947,1743.0,1740.0,39,39301,40.6175,-75.4736,0,0,0,0,0,0,4,5,2007,5,17.0,1.0,0,1.0,3,2,3,  ,0,0.0,0,0,1,0,0,0,0,0,0,0,0,0,0,0,0,0,0
7882,2007054250,1635.0,1634.0,46,46222,40.1392,-75.4554,1,0,0,0,0,0,4,4,2007,3,16.0,1.0,0,1.0,3,2,3,  ,3,3.0,1,0,1,0,0,0,0,0,0,0,0,0,0,0,0,1,0
7883,2007054558,1853.0,1853.0,46,46112,40.2548,-75.681,0,0,0,0,0,0,4,5,2007,2,18.0,1.0,0,1.0,2,0,3,  ,0,0.0,0,0,1,0,0,0,0,0,0,0,0,0,0,0,0,0,0
7884,2007054620,1952.0,1849.0,2,2301,40.4068,-79.9453,0,0,0,0,0,0,4,5,2007,4,18.0,1.0,0,1.0,3,1,3,  ,3,3.0,0,0,1,0,0,0,0,0,0,0,0,0,0,0,0,0,0
7885,2007054622,1744.0,1741.0,2,2301,40.4506,-79.9301,0,0,0,0,0,0,4,5,2007,5,17.0,1.0,0,1.0,3,1,3,  ,0,0.0,1,0,1,0,0,0,0,0,0,0,0,0,0,0,0,0,0
7886,2007054632,1704.0,1654.0,2,2301,40.4164,-79.9972,0,0,0,0,0,0,4,5,2007,1,16.0,1.0,0,1.0,3,2,3,  ,3,3.0,0,0,1,0,0,0,0,0,0,0,0,0,0,0,0,0,0
7887,2007054758,2218.0,2214.0,9,9211,40.2554,-74.8754,0,0,0,0,0,0,4,5,2007,7,16.0,1.0,0,1.0,3,2,3,  ,3,3.0,1,0,1,0,0,0,0,0,0,0,0,0,0,0,0,0,1
7888,2007054815,1809.0,1807.0,14,14410,40.7947,-77.8666,0,0,0,0,0,0,4,5,2007,2,18.0,1.0,0,1.0,3,2,3,  ,3,3.0,1,0,1,0,0,0,0,0,0,0,0,0,0,0,0,0,0
7889,2007055095,1210.0,1205.0,2,2113,40.4649,-79.8533,0,0,0,0,1,0,5,5,2007,1,12.0,1.0,0,1.0,3,2,3,  ,0,0.0,1,0,0,0,0,0,0,0,0,0,0,0,0,0,0,0,0
7890,2007055185,810.0,756.0,1,1404,39.9298,-77.2586,0,0,0,1,0,0,5,3,2007,5,7.0,1.0,0,1.0,1,0,3,  ,0,0.0,0,0,0,0,1,0,0,0,0,0,0,0,0,0,0,0,0
7891,2007055195,1635.0,1626.0,62,62202,40.1619,-80.3795,0,0,0,0,0,0,4,4,2007,6,16.0,1.0,0,1.0,1,0,3,  ,0,0.0,0,0,1,0,0,0,0,0,0,0,0,0,0,0,0,0,0
7892,2007055240,1524.0,1523.0,66,66301,39.9609,-76.7224,0,0,0,0,0,0,5,4,2007,6,15.0,1.0,0,1.0,3,5,3,  ,2,2.0,0,0,0,0,0,0,0,0,0,0,0,0,0,0,0,1,0
7893,2007055243,2037.0,2033.0,36,36239,40.065,-76.4445,0,0,0,0,0,0,4,5,2007,1,20.0,2.0,0,1.0,3,0,3,  ,0,0.0,1,0,1,0,0,0,0,0,0,0,0,0,0,0,0,1,0
7894,2007055439,2053.0,2050.0,2,2301,40.4515,-79.9609,0,0,0,0,0,0,4,5,2007,3,20.0,4.0,0,1.0,3,1,3,  ,3,3.0,0,0,1,0,0,0,0,0,0,0,0,0,0,0,0,0,0
7895,2007055623,1713.0,1706.0,7,7301,40.5139,-78.3935,0,1,0,0,0,0,4,5,2007,2,17.0,1.0,0,1.0,3,1,3,  ,3,3.0,0,0,1,0,0,0,0,0,0,0,0,0,0,0,0,0,0
7896,2007055624,1621.0,1617.0,6,6301,40.3643,-75.924,0,0,0,0,0,1,4,5,2007,6,16.0,1.0,0,1.0,3,2,3,  ,0,0.0,0,0,1,0,0,0,0,0,0,0,0,0,0,0,0,0,0
7897,2007055641,2059.0,2056.0,43,43302,41.2217,-80.5005,0,0,0,0,0,1,5,4,2007,4,20.0,2.0,0,9.0,3,0,7,  ,0,0.0,0,0,0,0,0,0,0,0,0,0,0,0,0,0,0,0,0
7898,2007055795,2044.0,2040.0,43,43404,41.1668,-80.0813,0,0,0,0,0,0,9,5,2007,3,20.0,3.0,0,1.0,2,0,3,  ,0,0.0,0,0,0,0,0,0,0,0,0,0,0,0,0,0,0,1,0
7899,2007055861,2157.0,2155.0,25,25302,42.1163,-80.0841,0,1,0,0,0,0,4,5,2007,2,21.0,3.0,0,1.0,3,1,3,  ,3,3.0,1,0,1,0,0,0,0,0,0,0,0,0,0,1,0,0,1
7900,2007055921,2317.0,2315.0,2,2451,40.526,-79.8427,0,0,0,0,0,0,2,5,2007,5,23.0,3.0,0,1.0,3,2,3,  ,0,0.0,0,0,0,0,0,0,0,0,0,0,0,0,0,0,0,0,0
7901,2007055922,2033.0,2033.0,7,7301,40.5125,-78.4085,1,0,0,0,0,1,4,5,2007,7,20.0,4.0,0,1.0,3,1,3,  ,2,3.0,0,1,1,0,0,0,0,0,0,0,0,0,0,0,0,0,0
7902,2007056119,1057.0,1055.0,23,23112,39.9823,-75.3649,0,0,0,0,1,0,4,5,2007,5,10.0,1.0,0,1.0,3,1,3,  ,2,3.0,1,0,1,0,0,0,0,0,0,0,0,0,0,0,0,0,0
7903,2007056128,1807.0,1803.0,67,67301,40.0014,-75.2261,0,0,0,0,0,0,4,5,2007,2,18.0,1.0,0,1.0,3,0,3,  ,0,0.0,0,0,1,0,0,0,0,0,0,0,0,0,0,0,0,0,0
7904,2007056129,1911.0,1909.0,46,46104,39.9898,-75.2793,0,0,0,0,0,0,6,5,2007,5,19.0,1.0,0,1.0,3,2,3,  ,3,3.0,1,0,0,0,0,0,0,0,0,0,0,0,0,0,0,0,0
7905,2007056200,1449.0,1446.0,5,5401,40.0175,-78.4876,0,0,0,0,0,0,4,5,2007,3,14.0,1.0,2,1.0,1,2,3,  ,0,0.0,0,0,1,0,0,1,0,0,0,0,0,0,0,0,0,0,0
7906,2007056235,1622.0,1545.0,36,36406,40.1052,-76.3461,0,0,0,0,0,1,4,4,2007,2,15.0,1.0,0,1.0,3,2,3,  ,3,3.0,0,0,1,0,0,0,0,0,0,0,0,0,0,0,0,0,0
7907,2007056294,1635.0,1631.0,49,49101,40.7828,-76.5734,0,0,0,0,0,0,4,5,2007,3,16.0,1.0,0,1.0,1,1,3,  ,3,3.0,0,0,1,0,0,0,0,0,0,0,0,0,0,0,0,0,0
7908,2007056378,1355.0,1345.0,67,67301,39.9323,-75.1729,0,0,0,0,1,0,2,4,2007,7,13.0,1.0,0,9.0,3,1,3,  ,3,3.0,1,0,0,0,0,0,0,0,0,0,0,0,0,0,0,0,0
7909,2007056415,1706.0,1659.0,67,67301,39.9676,-75.2355,0,0,0,0,0,0,4,4,2007,3,16.0,1.0,0,1.0,3,2,3,  ,0,0.0,0,0,1,0,0,0,0,0,1,0,0,0,0,0,0,0,0
7910,2007056426,1729.0,1728.0,67,67301,39.9645,-75.1774,0,0,0,0,0,0,4,4,2007,5,17.0,1.0,0,1.0,3,3,3,  ,0,0.0,0,0,1,0,0,0,0,0,0,0,0,0,0,0,0,0,0
7911,2007056437,2210.0,2208.0,67,67301,39.9913,-75.1349,0,0,0,0,0,0,4,4,2007,2,22.0,3.0,0,1.0,3,2,3,  ,2,3.0,0,0,1,0,0,0,0,0,0,0,0,0,0,0,0,0,0
7912,2007056439,1035.0,1030.0,67,67301,39.9808,-75.1385,0,0,0,0,0,1,4,4,2007,2,10.0,1.0,0,9.0,3,1,7,  ,3,3.0,0,0,1,0,0,0,0,0,0,0,0,0,0,0,0,0,0
7913,2007056477,1500.0,1458.0,67,67301,39.9783,-75.2461,0,0,0,0,0,0,4,4,2007,2,14.0,1.0,0,1.0,3,1,3,  ,2,3.0,1,0,1,0,0,0,0,0,0,0,0,0,0,0,0,1,0
7914,2007056508,1914.0,1858.0,67,67301,39.9522,-75.2408,0,0,0,0,0,0,5,4,2007,3,18.0,1.0,0,1.0,3,1,3,  ,2,3.0,0,0,0,0,0,0,0,0,0,0,0,0,0,0,0,0,0
7915,2007056515,625.0,620.0,67,67301,39.9511,-75.2319,0,0,0,0,0,0,4,4,2007,3,6.0,1.0,0,1.0,3,2,3,  ,3,3.0,0,0,1,0,0,0,0,0,0,0,0,0,0,0,0,0,1
7916,2007056553,1637.0,1625.0,67,67301,39.9241,-75.2277,0,0,0,0,0,0,4,4,2007,2,16.0,1.0,0,1.0,3,1,3,  ,2,3.0,1,0,1,0,0,0,0,0,0,0,0,0,0,0,0,0,0
7917,2007056567,1702.0,1700.0,67,67301,40.0246,-75.0832,0,0,0,0,0,0,1,3,2007,4,15.0,1.0,0,1.0,3,1,3,  ,0,0.0,0,0,0,0,0,0,0,0,0,0,0,0,0,0,0,0,0
7918,2007056667,841.0,836.0,67,67301,,,0,0,0,0,0,0,4,3,2007,1,8.0,1.0,0,1.0,3,5,3,  ,2,3.0,0,0,1,0,0,0,0,0,0,0,0,0,0,0,0,1,0
7919,2007056671,1125.0,1118.0,67,67301,39.9473,-75.1788,0,0,0,0,1,0,9,3,2007,5,10.0,1.0,0,1.0,3,0,3,  ,0,0.0,0,0,0,0,0,0,0,0,0,0,0,0,0,0,0,0,0
7920,2007056718,1633.0,1626.0,67,67301,39.9589,-75.214,0,0,0,0,0,0,4,3,2007,5,16.0,1.0,7,1.0,3,0,3,  ,0,0.0,0,0,1,0,0,0,0,0,0,0,0,0,0,0,0,0,0
7921,2007056734,2342.0,2230.0,67,67301,39.9493,-75.1642,0,0,0,0,0,0,5,3,2007,3,22.0,3.0,0,1.0,3,1,3,  ,0,0.0,0,0,0,0,0,0,0,0,0,0,0,0,0,0,0,0,0
7922,2007056735,25.0,22.0,67,67301,39.9564,-75.1644,0,0,0,0,0,0,4,4,2007,3,21.0,3.0,0,1.0,3,0,3,  ,0,0.0,1,0,1,0,0,0,0,0,0,0,0,0,0,0,0,0,0
7923,2007056769,1310.0,1300.0,67,67301,39.9967,-75.1392,0,0,0,0,0,0,8,4,2007,3,13.0,1.0,0,1.0,3,1,3,  ,3,3.0,0,0,0,0,0,0,0,0,0,0,0,0,0,0,0,1,0
7924,2007056830,1909.0,1907.0,37,37301,41.0085,-80.3449,0,0,0,0,0,0,4,5,2007,5,19.0,1.0,0,1.0,2,2,3,  ,3,3.0,0,0,1,0,0,0,0,0,0,0,0,0,0,0,0,0,0
7925,2007056846,2248.0,2234.0,67,67301,40.0661,-75.1621,0,0,0,0,0,0,4,4,2007,1,20.0,3.0,0,1.0,3,0,3,  ,0,0.0,1,0,1,0,0,0,0,0,0,0,0,0,0,1,0,0,0
7926,2007056881,2120.0,2120.0,67,67301,39.9828,-75.1422,0,0,0,0,1,0,5,4,2007,5,14.0,1.0,0,1.0,3,1,3,  ,2,3.0,0,0,0,0,0,0,0,0,0,0,0,0,0,0,0,0,0
7927,2007056891,1358.0,1348.0,67,67301,39.9161,-75.1548,0,0,0,0,0,1,4,3,2007,6,13.0,1.0,0,1.0,3,1,3,  ,3,9.0,0,0,1,0,0,0,0,0,0,0,0,0,0,0,0,0,0
7928,2007057044,18.0,15.0,67,67301,39.9939,-75.1545,0,0,0,0,0,0,1,4,2007,4,0.0,3.0,0,1.0,3,1,3,  ,2,3.0,0,0,0,0,0,0,0,0,0,0,0,0,0,0,0,0,0
7929,2007057049,1657.0,1650.0,67,67301,39.9152,-75.1582,0,0,0,0,0,0,4,3,2007,4,16.0,1.0,0,1.0,3,1,3,  ,2,9.0,0,0,1,0,0,0,0,0,0,0,0,0,0,0,0,0,1
7930,2007057141,1558.0,1558.0,21,21404,40.2133,-77.0018,0,0,0,0,0,0,4,5,2007,5,15.0,1.0,0,1.0,3,1,3,  ,3,3.0,0,0,1,0,0,0,0,0,0,0,0,0,0,0,0,0,1
7931,2007057210,1833.0,1827.0,67,67301,39.9489,-75.1897,0,0,0,0,0,0,4,3,2007,5,18.0,1.0,0,1.0,3,2,3,  ,2,2.0,0,0,1,0,0,0,0,0,0,0,0,0,0,0,0,0,0
7932,2007057221,1715.0,1711.0,67,67301,40.0171,-75.1512,0,0,0,0,0,0,4,3,2007,7,17.0,1.0,0,1.0,3,1,3,  ,9,9.0,0,0,1,0,0,0,0,0,0,0,0,0,0,0,0,0,0
7933,2007057236,1732.0,1727.0,25,25302,42.0956,-80.1177,0,0,0,0,1,0,4,5,2007,3,17.0,1.0,0,1.0,3,1,3,  ,3,3.0,1,0,1,0,0,0,0,0,0,0,0,0,0,0,0,0,0
7934,2007057431,1850.0,1845.0,67,67301,40.0215,-75.0518,0,0,0,0,0,0,4,4,2007,6,99.0,1.0,0,1.0,3,1,3,  ,2,3.0,0,0,1,0,0,0,0,0,0,0,0,0,0,0,0,0,0
7935,2007057439,1424.0,1420.0,2,2469,40.3148,-79.83,0,0,0,0,0,1,5,5,2007,7,14.0,1.0,7,1.0,3,0,3,  ,0,0.0,0,0,0,0,0,0,0,0,0,0,0,0,0,0,0,0,0
7936,2007057461,2000.0,1954.0,2,2301,40.4471,-79.8952,0,0,0,0,0,0,4,5,2007,7,19.0,4.0,0,1.0,3,1,3,  ,2,3.0,0,0,1,0,0,0,0,0,0,0,0,0,0,0,0,0,0
7937,2007057591,1340.0,1305.0,64,64213,40.3732,-79.077,0,0,0,0,0,1,2,4,2007,1,13.0,1.0,0,1.0,1,2,3,  ,3,3.0,1,0,0,0,0,0,0,0,0,0,0,0,0,0,0,0,0
7938,2007057610,1425.0,1421.0,31,31407,40.4935,-78.014,0,1,0,0,0,0,4,5,2007,6,14.0,1.0,0,1.0,2,2,3,  ,3,3.0,0,0,1,0,0,0,0,0,0,0,0,0,0,0,0,1,0
7939,2007057615,1907.0,1907.0,48,48401,40.8657,-75.2045,0,0,0,0,1,0,2,4,2007,1,19.0,1.0,3,9.0,2,0,3,  ,0,0.0,0,0,0,0,0,0,0,0,0,0,0,0,0,0,0,0,0
7940,2007057646,1839.0,1828.0,51,51201,41.3828,-75.1697,0,0,0,0,0,0,5,4,2007,5,18.0,1.0,0,1.0,1,0,3,  ,0,0.0,0,0,0,0,0,0,0,0,0,0,0,0,0,0,0,1,0
7941,2007057668,1752.0,1749.0,49,49222,40.7809,-76.6732,0,0,0,0,1,0,4,4,2007,2,17.0,1.0,0,1.0,1,1,3,  ,3,3.0,0,0,1,0,0,0,0,0,0,0,0,0,0,0,0,0,1
7942,2007057839,1717.0,1703.0,62,62226,40.089,-80.2698,0,0,0,0,1,0,2,4,2007,6,17.0,1.0,0,1.0,1,0,3,  ,0,0.0,0,0,0,0,0,0,0,0,0,0,0,0,0,0,0,0,0