,CRN,ARRIVAL_TM,DISPATCH_TM,COUNTY,MUNICIPALITY,DEC_LAT,DEC_LONG,BICYCLE_DEATH_COUNT,BICYCLE_SUSP_SERIOUS_INJ_COUNT,BUS_COUNT,HEAVY_TRUCK_COUNT,SMALL_TRUCK_COUNT,SUV_COUNT,COLLISION_TYPE,CRASH_MONTH,CRASH_YEAR,DAY_OF_WEEK,HOUR_OF_DAY,ILLUMINATION,LOCATION_TYPE,ROAD_CONDITION,URBAN_RURAL,INTERSECT_TYPE,WEATHER1,WEATHER2,TCD_TYPE,TCD_FUNC_CD,AGGRESSIVE_DRIVING,ALCOHOL_RELATED,ANGLE_CRASH,CELL_PHONE,COMM_VEHICLE,DISTRACTED,DRINKING_DRIVER,DRUGGED_DRIVER,FATIGUE_ASLEEP,IMPAIRED_DRIVER,NHTSA_AGG_DRIVING,RUNNING_RED_LT,RUNNING_STOP_SIGN,SPEEDING_RELATED,TAILGATING,MATURE_DRIVER,YOUNG_DRIVER
7943,2007057864,1857.0,1855.0,25,25302,42.1072,-80.0915,0,0,0,0,0,0,4,5,2007,4,18.0,1.0,7,1.0,3,0,3,  ,0,0.0,0,0,1,0,0,0,0,0,0,0,0,0,0,0,0,0,0
7944,2007058070,1240.0,1238.0,2,2401,40.4895,-79.9036,0,0,0,0,0,0,5,5,2007,1,12.0,1.0,0,1.0,3,2,3,  ,0,0.0,0,0,0,0,0,0,0,0,0,0,0,0,0,0,0,0,0
7945,2007058198,946.0,944.0,66,66205,39.9848,-76.8271,0,0,0,0,0,0,2,4,2007,1,9.0,1.0,0,1.0,1,2,3,  ,3,3.0,1,0,0,0,0,0,0,0,0,0,0,0,0,0,0,0,0
7946,2007058249,1251.0,1250.0,37,37205,41.0349,-80.3555,0,0,1,0,0,0,4,5,2007,6,12.0,1.0,0,1.0,1,2,3,  ,0,0.0,0,0,1,0,1,0,0,0,0,0,0,0,0,0,0,0,0
7947,2007058645,1710.0,1700.0,67,67301,39.9806,-75.2348,0,0,0,0,0,0,8,4,2007,6,16.0,1.0,0,1.0,3,0,3,  ,0,0.0,0,0,0,0,0,0,0,0,0,0,0,0,0,0,0,0,0
7948,2007058695,1909.0,1907.0,48,48409,40.6864,-75.4962,0,0,0,0,0,0,4,5,2007,4,19.0,1.0,0,1.0,3,1,3,  ,3,3.0,0,0,1,0,0,0,0,0,0,0,0,0,0,0,0,0,1
7949,2007058759,2210.0,2205.0,66,66208,40.1915,-76.8576,0,0,0,0,0,1,6,6,2007,7,21.0,2.0,0,1.0,1,2,3,  ,0,0.0,1,0,0,0,0,0,0,0,0,0,0,0,0,0,0,0,0
7950,2007058760,1430.0,1428.0,66,66231,39.977,-76.7566,0,0,0,0,0,0,5,6,2007,2,14.0,1.0,0,1.0,1,0,3,  ,0,0.0,0,0,0,0,0,0,0,0,0,0,0,0,0,0,0,1,0
7951,2007058762,1619.0,1613.0,66,66102,39.9099,-76.71,0,0,0,0,0,0,4,5,2007,4,16.0,1.0,0,1.0,1,2,3,  ,0,0.0,0,0,1,0,0,0,0,0,0,0,0,0,0,0,0,0,0
7952,2007058929,1548.0,1543.0,9,9415,40.4414,-75.3389,0,0,0,0,0,0,2,6,2007,5,15.0,1.0,7,1.0,2,0,3,  ,0,0.0,0,0,0,0,0,0,0,0,0,0,0,0,0,0,0,0,1
7953,2007059251,1949.0,1938.0,11,11207,40.6309,-78.6249,0,0,0,0,0,0,4,4,2007,3,19.0,1.0,0,1.0,1,0,3,  ,0,0.0,0,0,1,0,0,0,0,0,0,0,0,0,0,0,0,0,0
7954,2007059510,1705.0,1701.0,25,25213,42.1007,-80.027,0,0,0,0,0,0,4,5,2007,2,17.0,1.0,0,1.0,3,0,3,  ,0,0.0,0,0,1,0,0,0,0,0,0,0,0,0,0,0,0,0,0
7955,2007059522,1733.0,1730.0,6,6221,40.3431,-76.0375,0,0,0,0,0,0,5,5,2007,4,17.0,1.0,0,1.0,1,0,3,  ,0,0.0,0,0,0,0,0,0,0,0,0,0,0,0,0,0,0,0,0
7956,2007059924,2000.0,1954.0,40,40302,41.1881,-75.9836,0,0,0,0,0,0,4,6,2007,5,19.0,1.0,0,1.0,3,0,3,  ,0,0.0,0,0,1,0,0,0,0,0,0,0,0,0,0,0,0,0,0
7957,2007059962,1340.0,1334.0,9,9224,40.2647,-74.8995,0,0,0,0,0,0,1,5,2007,4,13.0,1.0,0,1.0,1,2,3,  ,0,0.0,1,0,0,0,0,0,0,0,0,0,0,0,0,0,0,0,0
7958,2007060063,750.0,745.0,21,21401,40.2388,-76.91,0,0,0,0,0,0,4,5,2007,6,7.0,1.0,0,1.0,3,0,3,  ,0,0.0,0,0,1,0,0,0,0,0,0,0,0,0,0,0,0,0,0
7959,2007060410,1400.0,1357.0,19,19222,41.0072,-76.4108,0,0,0,0,0,0,4,6,2007,3,13.0,1.0,0,1.0,1,1,3,  ,0,0.0,0,0,1,0,0,0,0,0,0,0,0,0,0,0,0,1,0
7960,2007060424,1250.0,1250.0,40,40304,41.242,-75.8742,0,0,0,0,0,0,4,6,2007,6,12.0,1.0,0,1.0,3,2,3,  ,3,3.0,0,0,1,0,0,0,0,0,0,0,0,0,0,0,0,0,0
7961,2007060444,1826.0,1824.0,23,23112,39.9815,-75.3594,0,0,0,0,0,0,4,5,2007,4,18.0,1.0,0,1.0,3,2,3,  ,0,0.0,1,0,1,0,0,0,0,0,0,0,0,0,0,0,0,1,0
7962,2007060491,1102.0,1101.0,46,46101,40.106,-75.1375,0,0,0,0,0,0,4,5,2007,4,11.0,1.0,0,1.0,3,1,3,  ,3,3.0,0,0,1,0,0,0,0,0,0,0,0,0,0,0,0,0,0
7963,2007060564,1212.0,1211.0,10,10301,40.8634,-79.9038,0,0,0,0,0,0,4,6,2007,4,12.0,1.0,0,1.0,2,2,3,  ,3,3.0,0,0,1,0,0,0,0,0,0,0,0,0,0,0,0,0,0
7964,2007060620,1650.0,1649.0,66,66102,39.9067,-76.671,0,0,0,0,1,0,4,6,2007,5,16.0,1.0,0,1.0,1,0,3,  ,0,0.0,0,0,1,0,0,0,0,0,0,0,0,0,0,0,0,0,0
7965,2007060964,1700.0,1649.0,2,2301,40.4221,-79.9974,0,0,0,0,0,0,1,5,2007,6,16.0,1.0,0,1.0,3,2,3,  ,0,0.0,0,0,0,0,0,0,0,0,0,0,0,0,0,0,0,0,0
7966,2007061023,1048.0,1044.0,10,10101,40.849,-79.8984,0,0,0,0,0,0,4,6,2007,6,10.0,1.0,0,1.0,2,1,3,  ,3,3.0,0,0,1,0,0,0,0,0,0,0,0,0,0,0,0,0,0
7967,2007061156,1615.0,1552.0,36,36301,40.0318,-76.3036,0,0,0,0,0,0,1,5,2007,1,15.0,1.0,0,1.0,3,0,3,  ,0,0.0,0,0,0,0,0,1,0,0,0,0,0,0,0,0,0,0,0
7968,2007061218,1048.0,1030.0,6,6215,40.5861,-75.8567,0,1,0,0,0,0,4,5,2007,7,10.0,1.0,0,1.0,1,2,3,  ,3,3.0,0,0,1,0,0,0,0,0,0,0,0,0,0,0,0,1,0
7969,2007061292,1013.0,1000.0,30,30215,39.7236,-80.0616,0,1,0,0,0,0,4,5,2007,1,9.0,1.0,0,1.0,1,0,3,  ,0,0.0,0,0,1,0,0,0,0,0,0,0,0,0,0,0,0,0,0
7970,2007061305,747.0,745.0,25,25416,42.1434,-80.0143,0,0,0,0,0,0,4,5,2007,3,7.0,1.0,0,1.0,3,2,3,  ,3,3.0,0,0,1,0,0,0,0,0,0,0,0,0,0,0,0,0,1
7971,2007061389,1836.0,1836.0,9,9101,40.1324,-74.871,0,0,0,0,1,0,4,5,2007,7,18.0,1.0,0,1.0,3,2,3,  ,3,3.0,1,0,1,0,0,0,0,0,0,0,0,0,0,0,0,0,0
7972,2007061466,1709.0,1705.0,2,2301,40.4169,-80.0101,0,1,0,0,0,0,6,5,2007,2,17.0,1.0,0,1.0,3,2,3,  ,3,3.0,0,0,0,0,0,0,0,0,0,0,0,0,0,0,0,0,0
7973,2007061474,2041.0,2040.0,46,46416,40.2462,-75.6257,0,0,0,0,0,0,4,5,2007,4,20.0,3.0,0,1.0,2,0,98,  ,0,0.0,0,0,1,0,0,0,0,0,0,0,0,0,0,0,0,0,0
7974,2007061584,1435.0,1432.0,9,9202,40.128,-74.9239,0,0,0,0,0,0,4,5,2007,4,14.0,1.0,0,1.0,3,2,3,  ,2,3.0,0,0,1,0,0,0,0,0,0,0,0,0,0,0,0,0,0
7975,2007061646,1535.0,1531.0,36,36223,40.0397,-76.3643,0,0,0,0,0,1,4,5,2007,6,15.0,1.0,0,1.0,1,1,3,  ,2,3.0,0,0,1,0,0,0,0,0,0,0,0,0,0,0,0,0,1
7976,2007061653,1508.0,1507.0,38,38301,40.3286,-76.4233,0,0,0,0,0,0,5,5,2007,6,15.0,1.0,0,1.0,2,0,3,  ,0,0.0,0,0,0,0,0,0,0,0,0,0,0,0,0,0,0,0,1
7977,2007061706,2253.0,2252.0,23,23103,,,0,0,0,0,0,0,4,5,2007,1,22.0,3.0,7,1.0,3,0,3,  ,0,0.0,1,0,1,0,0,0,0,0,0,0,0,0,0,1,0,0,0
7978,2007062060,1623.0,1554.0,34,34206,40.3705,-77.6921,0,1,0,0,0,0,4,5,2007,1,15.0,1.0,0,1.0,1,0,3,  ,0,0.0,0,0,1,0,0,0,0,0,0,0,0,0,0,0,0,1,0
7979,2007062255,623.0,616.0,25,25302,42.1318,-80.0576,0,0,0,0,0,0,4,5,2007,6,6.0,1.0,0,1.0,3,2,3,  ,3,3.0,0,0,1,0,0,0,0,0,0,0,0,0,0,0,0,0,0
7980,2007062268,1625.0,1624.0,6,6301,40.3321,-75.9236,0,0,0,0,1,0,4,5,2007,4,16.0,1.0,0,1.0,3,0,3,  ,0,0.0,1,0,1,0,0,0,0,0,0,0,0,0,0,0,0,0,0
7981,2007062363,1234.0,1231.0,19,19219,,,1,0,0,0,0,0,4,6,2007,2,12.0,1.0,7,1.0,1,0,3,  ,0,0.0,0,0,1,0,0,0,0,0,0,0,0,0,0,0,0,0,0
7982,2007062386,1840.0,1838.0,9,9212,40.1491,-74.9831,0,0,0,0,0,0,4,5,2007,6,18.0,1.0,0,1.0,3,1,3,  ,3,3.0,0,0,1,0,0,0,0,1,0,1,0,0,0,0,0,0,0
7983,2007062541,1845.0,1836.0,25,25302,42.1209,-80.0631,0,0,0,0,0,0,5,5,2007,5,6.0,5.0,0,1.0,3,1,3,  ,2,3.0,0,0,0,0,0,0,0,0,0,0,0,0,0,0,0,0,0
7984,2007062670,1417.0,1416.0,25,25416,,,0,0,0,0,0,0,4,6,2007,7,14.0,1.0,0,1.0,3,0,3,  ,0,0.0,0,0,1,1,0,1,0,0,0,0,0,0,0,0,0,0,0
7985,2007062685,1605.0,1602.0,36,36301,40.0426,-76.2978,0,0,0,0,0,0,8,5,2007,2,16.0,1.0,0,1.0,3,1,3,  ,3,3.0,1,0,0,0,0,0,0,0,0,0,0,0,1,0,0,0,0
7986,2007062734,1830.0,1830.0,23,23406,39.9147,-75.2497,0,1,0,0,0,0,2,5,2007,5,18.0,1.0,0,1.0,3,2,3,  ,3,3.0,0,0,0,0,0,0,0,0,0,0,0,0,0,0,0,0,0
7987,2007062776,1609.0,1608.0,35,35302,41.3998,-75.6636,0,0,0,0,0,0,4,5,2007,3,16.0,1.0,0,1.0,3,1,3,  ,3,3.0,1,0,1,0,0,0,0,0,0,0,0,0,1,0,0,0,0
7988,2007062805,1954.0,1949.0,6,6301,40.3532,-75.9167,0,0,0,0,0,1,4,5,2007,4,19.0,1.0,0,1.0,3,1,3,  ,3,3.0,0,0,1,0,0,0,0,0,0,0,0,0,0,0,0,0,0
7989,2007062856,1212.0,1210.0,36,36236,40.2527,-76.212,0,0,0,0,0,0,4,6,2007,7,12.0,1.0,0,1.0,1,0,3,  ,0,0.0,1,0,1,0,0,0,0,0,0,0,0,0,0,0,0,0,1
7990,2007062920,1820.0,1818.0,41,41301,41.2421,-77.0318,0,0,0,0,0,0,8,5,2007,5,18.0,1.0,0,1.0,3,1,3,  ,0,0.0,0,0,0,0,0,0,0,0,0,0,0,0,0,0,0,0,0
7991,2007063038,1231.0,1225.0,36,36240,39.9751,-76.2473,0,0,0,0,0,1,4,4,2007,1,12.0,1.0,0,1.0,1,1,3,  ,2,3.0,0,0,1,0,0,0,0,0,0,0,0,0,0,0,0,0,0
7992,2007063119,1605.0,1604.0,35,35302,41.4006,-75.6627,0,0,0,0,0,0,4,5,2007,3,16.0,1.0,0,1.0,3,1,3,  ,3,3.0,0,0,1,0,0,0,0,0,0,0,0,0,0,0,0,0,0
7993,2007063140,1018.0,1014.0,2,2301,,,0,0,0,0,0,0,4,6,2007,6,99.0,1.0,0,1.0,3,2,3,  ,3,3.0,0,0,1,0,0,0,0,0,0,0,0,0,0,0,0,0,0
7994,2007063157,1113.0,1109.0,15,15244,40.0154,-75.8425,0,0,0,0,0,1,8,5,2007,5,11.0,1.0,0,1.0,1,0,3,  ,0,0.0,0,0,0,0,0,0,0,0,0,0,0,0,0,0,0,0,0
7995,2007063188,1942.0,1941.0,62,62222,40.2581,-80.0984,0,0,0,0,0,0,0,5,2007,4,19.0,1.0,0,1.0,3,0,3,  ,8,3.0,1,0,0,0,0,0,0,0,0,0,0,0,0,0,0,1,0
7996,2007063220,1635.0,1633.0,6,6301,40.344,-75.9335,0,0,0,0,0,0,6,5,2007,2,16.0,1.0,0,1.0,3,1,3,  ,3,3.0,0,0,0,0,0,0,0,0,0,0,0,0,0,0,0,0,0
7997,2007063243,2008.0,2006.0,2,2301,40.4688,-79.9178,0,0,0,0,0,0,4,5,2007,4,20.0,1.0,0,9.0,3,1,3,  ,0,0.0,0,0,1,0,0,1,0,0,0,0,0,0,0,0,0,0,0
7998,2007063350,1702.0,1655.0,66,66424,39.9007,-76.6016,0,0,0,0,1,0,4,6,2007,1,16.0,1.0,0,1.0,3,0,3,  ,0,0.0,0,0,1,0,0,0,0,0,0,0,0,0,0,0,0,0,0
7999,2007063540,648.0,646.0,40,40304,41.2394,-75.9048,0,0,0,0,0,0,2,6,2007,5,6.0,1.0,0,1.0,3,2,3,  ,3,3.0,0,0,0,0,0,0,0,0,0,0,0,0,0,0,0,0,0
8000,2007063547,1149.0,1145.0,17,17301,41.1245,-78.7568,0,0,0,0,1,0,4,6,2007,4,11.0,1.0,0,1.0,2,1,3,  ,2,3.0,0,0,1,0,0,0,0,0,0,0,0,0,0,0,0,1,0
8001,2007063567,1130.0,1127.0,2,2216,40.6281,-80.024,0,0,0,0,0,0,4,6,2007,1,11.0,1.0,0,1.0,3,1,3,  ,2,3.0,1,0,1,0,0,0,0,0,0,0,0,0,0,0,0,1,0
8002,2007063708,1658.0,1656.0,2,2301,40.447,-79.949,0,0,0,0,0,0,4,6,2007,7,16.0,6.0,0,1.0,3,1,3,  ,2,3.0,1,0,1,0,0,0,0,0,0,0,0,0,0,0,0,1,0
8003,2007063755,1512.0,1505.0,26,26214,39.9239,-79.7256,0,0,0,0,0,0,5,5,2007,7,15.0,1.0,0,1.0,1,0,3,  ,0,0.0,0,0,0,0,0,0,0,0,0,0,0,0,0,0,0,0,1
8004,2007063824,2110.0,2058.0,41,41232,41.2157,-77.2417,1,0,0,0,0,0,1,5,2007,4,20.0,2.0,0,1.0,1,0,3,  ,0,0.0,0,0,0,0,0,0,0,0,0,0,0,0,0,0,0,1,0
8005,2007064014,2138.0,2135.0,36,36404,40.0371,-76.482,0,0,0,0,0,0,4,5,2007,3,21.0,2.0,0,1.0,3,2,3,  ,0,0.0,0,0,1,0,0,1,0,0,0,0,0,0,0,0,0,0,1
8006,2007064196,1900.0,1859.0,36,36216,39.8945,-76.1146,0,1,0,0,1,0,4,3,2007,7,18.0,4.0,0,1.0,1,1,3,  ,3,3.0,0,0,1,0,0,0,0,0,0,0,0,0,0,0,0,0,0
8007,2007064315,1718.0,1718.0,36,36230,40.111,-76.4615,0,0,0,0,0,0,4,5,2007,3,17.0,1.0,0,1.0,1,2,3,  ,3,3.0,1,0,1,0,0,0,0,0,0,0,0,0,0,0,0,0,0
8008,2007064319,1711.0,1641.0,14,14406,40.8964,-78.2207,0,0,0,0,0,0,4,5,2007,3,16.0,1.0,0,1.0,1,2,3,  ,0,0.0,0,0,1,0,0,1,0,0,0,0,0,0,0,0,0,0,0
8009,2007064595,930.0,918.0,25,25207,41.9924,-80.2717,0,1,0,0,0,0,4,5,2007,1,9.0,1.0,0,1.0,1,0,3,  ,8,3.0,1,0,1,0,0,0,0,0,0,0,0,0,0,1,0,0,0
8010,2007064776,1614.0,1605.0,26,26214,39.9018,-79.7019,0,0,0,0,0,0,4,5,2007,5,15.0,1.0,0,1.0,1,1,3,  ,3,3.0,0,0,1,0,0,0,0,0,0,0,0,0,0,0,0,0,0
8011,2007064884,858.0,857.0,46,46405,40.0715,-75.3046,0,0,0,0,0,0,4,6,2007,7,8.0,1.0,0,1.0,3,0,3,  ,3,3.0,0,0,1,0,0,0,0,0,0,0,0,0,0,0,0,0,0
8012,2007064932,1010.0,1006.0,38,38208,40.3173,-76.4233,0,0,0,0,1,0,4,6,2007,6,10.0,1.0,7,1.0,1,0,3,  ,0,0.0,0,0,1,0,0,0,0,0,0,0,0,0,0,0,0,0,0
8013,2007064968,1724.0,1724.0,21,21404,40.2126,-77.0069,0,0,0,0,0,0,4,6,2007,1,17.0,1.0,0,1.0,3,1,3,  ,3,3.0,0,0,1,0,0,0,0,0,0,0,0,0,0,0,0,0,0
8014,2007065015,1329.0,1327.0,40,40426,41.2947,-75.8716,0,0,0,0,0,0,4,6,2007,1,13.0,1.0,0,1.0,3,1,3,  ,3,3.0,0,1,1,0,0,0,1,0,0,1,0,0,0,0,0,0,0
8015,2007065295,1541.0,1519.0,39,39210,40.4829,-75.5369,0,0,0,0,0,0,5,5,2007,3,15.0,1.0,0,1.0,1,0,3,  ,0,0.0,0,0,0,0,0,0,0,0,0,0,0,0,0,0,0,0,0
8016,2007065367,1639.0,1639.0,6,6301,40.3574,-75.95,0,0,0,0,0,0,4,6,2007,4,16.0,1.0,0,1.0,3,1,3,  ,2,3.0,0,0,1,0,0,1,0,0,0,0,0,0,0,0,0,0,0
8017,2007065492,1822.0,1817.0,17,17301,41.1199,-78.7676,0,0,0,0,0,0,4,6,2007,4,18.0,1.0,0,1.0,2,1,3,  ,0,0.0,0,0,1,0,0,0,0,0,0,0,0,0,0,0,0,0,0
8018,2007065517,838.0,835.0,46,46201,40.3277,-75.6254,0,0,0,0,0,0,4,6,2007,3,8.0,1.0,0,1.0,1,1,3,  ,3,3.0,0,0,1,0,0,0,0,0,0,0,0,0,0,0,0,0,0
8019,2007065596,2212.0,2210.0,22,22208,40.2822,-76.8185,0,0,0,0,0,0,5,6,2007,2,22.0,3.0,0,1.0,3,1,3,  ,3,3.0,1,0,0,0,0,0,0,0,0,0,0,0,0,0,0,0,0
8020,2007065633,1638.0,1636.0,40,40418,41.2891,-75.9006,0,1,0,0,0,0,2,6,2007,4,16.0,1.0,0,1.0,3,0,3,  ,0,0.0,0,1,0,0,0,0,0,0,0,0,0,0,0,0,0,1,0
8021,2007065640,1648.0,1635.0,67,67301,39.9672,-75.1429,0,0,0,0,0,0,4,4,2007,7,16.0,1.0,0,1.0,3,1,3,  ,3,3.0,0,0,1,0,0,0,0,0,0,0,0,0,0,0,0,0,0
8022,2007065715,1725.0,1724.0,46,46405,40.0795,-75.3046,0,0,0,0,0,1,4,6,2007,5,17.0,1.0,0,1.0,3,1,3,  ,3,3.0,0,0,1,0,0,0,0,0,0,0,0,0,0,0,0,0,0
8023,2007065738,1550.0,1544.0,46,46104,40.0209,-75.2756,0,0,0,0,1,0,5,6,2007,5,15.0,1.0,0,1.0,3,3,3,  ,0,0.0,0,0,0,0,0,0,0,0,0,0,0,0,0,0,0,0,0
8024,2007065770,2050.0,2045.0,67,67301,39.9703,-75.2271,0,0,0,0,0,0,4,5,2007,2,20.0,3.0,0,1.0,3,2,3,  ,3,9.0,0,0,1,0,0,0,0,0,0,0,0,0,0,0,0,0,0
8025,2007065784,2250.0,2243.0,67,67301,39.9678,-75.2498,0,0,0,0,0,0,4,5,2007,4,22.0,3.0,0,1.0,3,1,3,  ,0,0.0,0,0,1,0,0,0,0,0,0,0,0,0,0,0,0,0,0
8026,2007065798,1740.0,1735.0,39,39102,40.6444,-75.4823,0,0,0,0,0,1,4,6,2007,3,17.0,1.0,0,1.0,3,3,3,  ,0,0.0,0,0,1,0,0,0,0,0,0,0,0,0,0,0,0,0,0
8027,2007065838,1748.0,1744.0,10,10201,40.6887,-80.0541,0,0,0,0,0,0,2,6,2007,5,17.0,1.0,0,1.0,1,0,3,  ,0,0.0,1,0,0,0,0,0,0,0,0,0,0,0,0,0,0,1,0
8028,2007065956,1237.0,1234.0,32,32408,40.6198,-79.1457,0,0,0,0,0,1,4,6,2007,7,12.0,1.0,0,1.0,2,10,3,  ,3,3.0,0,0,1,0,0,0,0,0,0,0,0,0,0,0,0,0,0
8029,2007065986,1901.0,1853.0,36,36225,40.2024,-76.5259,0,1,0,0,0,0,4,6,2007,5,18.0,1.0,0,1.0,2,0,3,  ,0,0.0,0,0,1,0,0,0,0,0,0,0,0,0,0,0,0,0,0
8030,2007066004,810.0,808.0,2,2301,40.4432,-80.0023,0,0,1,0,0,0,5,7,2007,2,8.0,1.0,0,1.0,3,0,3,  ,0,0.0,0,0,0,0,1,0,0,0,0,0,0,0,0,0,0,0,0
8031,2007066056,1945.0,1942.0,48,48101,40.6674,-75.2735,0,0,0,0,0,0,4,4,2007,7,19.0,1.0,0,1.0,3,1,3,  ,0,0.0,1,0,1,0,0,0,0,0,0,0,0,0,0,0,0,1,0
8032,2007066079,521.0,519.0,64,64412,40.3,-79.3713,0,1,0,1,0,0,4,7,2007,2,5.0,5.0,0,1.0,2,0,3,  ,2,3.0,0,0,1,0,1,0,0,0,0,0,0,0,0,0,0,0,0
8033,2007066170,1731.0,1727.0,39,39301,40.6175,-75.4419,0,0,0,0,0,0,4,5,2007,3,17.0,1.0,0,1.0,3,1,3,  ,3,3.0,0,0,1,0,0,0,0,0,0,0,0,0,0,0,0,0,0
8034,2007066177,1901.0,1859.0,39,39301,40.6075,-75.4753,0,0,0,0,0,0,4,6,2007,3,18.0,1.0,0,9.0,3,1,3,  ,3,3.0,0,0,1,0,0,0,0,0,0,0,0,0,0,0,0,0,1
8035,2007066200,1956.0,1953.0,39,39301,40.6149,-75.4596,0,0,0,0,0,0,4,5,2007,1,19.0,4.0,0,9.0,3,1,7,  ,3,3.0,0,0,1,0,0,0,0,0,0,0,0,0,0,0,0,0,0
8036,2007066208,1808.0,1801.0,67,67301,40.0814,-74.9762,0,0,0,0,0,0,1,5,2007,1,99.0,1.0,0,1.0,3,2,3,  ,2,3.0,0,0,0,0,0,1,0,0,0,0,0,0,0,0,0,0,0
8037,2007066237,2132.0,2127.0,67,67301,39.942,-75.1676,0,0,0,0,0,0,2,5,2007,2,99.0,3.0,0,1.0,3,0,3,  ,3,3.0,0,0,0,0,0,0,0,0,0,0,0,0,0,0,0,0,0
8038,2007066239,9999.0,9999.0,67,67301,39.9327,-75.1761,0,0,0,0,0,1,8,4,2007,2,21.0,3.0,0,1.0,3,1,3,  ,3,9.0,0,0,0,0,0,0,0,0,0,0,0,0,0,0,0,0,0
8039,2007066246,1842.0,1835.0,67,67301,39.9806,-75.1488,0,0,0,0,0,0,4,5,2007,3,99.0,1.0,0,1.0,3,1,3,  ,3,3.0,0,0,1,0,0,0,0,0,0,0,0,0,0,0,0,0,0
8040,2007066260,1845.0,1842.0,67,67301,39.9798,-75.2511,0,0,0,0,0,0,4,4,2007,7,18.0,1.0,7,1.0,3,0,3,  ,0,0.0,0,0,1,0,0,0,0,0,0,0,0,0,0,0,0,0,0
8041,2007066286,1918.0,1914.0,67,67301,39.9351,-75.1925,0,0,0,0,0,0,4,5,2007,3,19.0,1.0,0,1.0,3,0,3,  ,3,3.0,0,0,1,0,0,0,0,0,0,0,0,0,0,0,0,0,0
8042,2007066337,1540.0,1531.0,67,67301,39.9535,-75.2385,0,0,0,0,1,0,4,4,2007,4,15.0,1.0,0,1.0,3,1,3,  ,0,0.0,0,0,1,0,0,0,0,0,0,0,0,0,0,0,0,1,0
8043,2007066339,2200.0,2200.0,67,67301,39.9433,-75.2109,0,0,0,0,0,0,4,5,2007,3,21.0,3.0,0,1.0,3,1,3,  ,2,3.0,0,0,1,0,0,0,0,0,0,0,0,0,0,0,0,0,0
8044,2007066351,1900.0,1856.0,67,67301,39.9766,-75.1529,0,0,0,0,0,0,8,4,2007,3,18.0,1.0,0,1.0,3,1,3,  ,3,3.0,1,0,0,0,0,0,0,0,0,0,0,0,0,0,1,0,0
8045,2007066352,1115.0,1113.0,67,67301,39.9778,-75.151,0,0,0,0,0,0,2,4,2007,2,11.0,1.0,0,1.0,3,1,3,  ,2,3.0,0,0,0,0,0,0,0,0,0,0,0,0,0,0,0,0,1
8046,2007066361,1528.0,1526.0,67,67301,39.9919,-75.1245,0,0,0,0,0,0,8,5,2007,7,15.0,1.0,0,1.0,3,0,3,  ,0,0.0,0,0,0,0,0,0,0,0,0,0,0,0,0,0,0,1,0
8047,2007066422,1324.0,1322.0,67,67301,40.0564,-75.0176,0,0,0,0,0,1,5,5,2007,1,13.0,1.0,0,1.0,3,0,3,  ,0,0.0,0,0,0,0,0,0,0,0,0,0,0,0,0,0,0,0,0
8048,2007066483,2040.0,9999.0,67,67301,39.954,-75.1767,0,0,0,0,0,0,4,5,2007,5,20.0,3.0,0,1.0,3,1,3,  ,2,3.0,0,0,1,0,0,0,0,0,0,0,0,0,0,0,0,0,0
8049,2007066490,1310.0,1305.0,67,67301,39.9185,-75.1862,0,0,0,0,0,0,8,5,2007,4,13.0,1.0,0,1.0,3,0,3,  ,0,0.0,0,0,0,1,0,1,0,0,0,0,0,0,0,0,0,0,0
8050,2007066492,1600.0,1550.0,67,67301,39.9493,-75.1642,0,0,0,0,0,0,4,4,2007,7,14.0,1.0,0,1.0,3,2,3,  ,2,3.0,0,0,1,0,0,0,0,0,0,0,0,0,0,0,0,0,1
8051,2007066499,1936.0,1930.0,67,67301,39.9801,-75.2273,0,0,0,0,0,0,4,5,2007,4,19.0,1.0,0,1.0,3,1,3,  ,3,3.0,0,0,1,0,0,0,0,0,0,0,0,0,0,0,0,0,0
8052,2007066500,1124.0,1118.0,67,67301,39.9328,-75.1576,0,0,0,0,0,0,4,5,2007,2,11.0,1.0,0,1.0,3,1,3,  ,3,3.0,0,0,1,0,0,0,0,0,0,0,0,0,0,0,0,0,0
8053,2007066501,1340.0,1330.0,67,67301,39.9334,-75.1527,0,0,0,0,0,0,5,5,2007,4,12.0,1.0,0,1.0,3,0,3,  ,0,0.0,0,0,0,0,0,0,0,0,0,0,0,0,0,0,0,0,0
8054,2007066515,1857.0,1854.0,67,67301,40.0412,-75.1553,0,0,0,0,0,0,8,5,2007,7,18.0,1.0,0,1.0,3,2,3,  ,0,0.0,0,0,0,0,0,0,0,0,0,0,0,0,0,0,0,0,0
8055,2007066523,1609.0,1554.0,67,67301,39.9503,-75.1917,0,0,0,0,0,0,5,5,2007,7,15.0,1.0,0,1.0,3,1,3,  ,0,0.0,0,0,0,0,0,0,0,0,0,0,0,0,0,0,0,0,0
8056,2007066525,1855.0,1849.0,67,67301,39.9632,-75.1419,0,0,0,0,0,0,6,5,2007,3,99.0,1.0,0,1.0,3,1,3,  ,3,3.0,0,0,0,0,0,0,0,0,0,0,0,0,0,0,0,0,0
8057,2007066527,2237.0,2234.0,67,67301,39.9604,-75.1564,0,1,0,0,0,0,4,5,2007,5,22.0,3.0,0,1.0,3,1,3,  ,2,3.0,0,0,1,0,0,0,0,0,0,0,0,0,0,0,0,0,0