,CRN,ARRIVAL_TM,DISPATCH_TM,COUNTY,MUNICIPALITY,DEC_LAT,DEC_LONG,BICYCLE_DEATH_COUNT,BICYCLE_SUSP_SERIOUS_INJ_COUNT,BUS_COUNT,HEAVY_TRUCK_COUNT,SMALL_TRUCK_COUNT,SUV_COUNT,COLLISION_TYPE,CRASH_MONTH,CRASH_YEAR,DAY_OF_WEEK,HOUR_OF_DAY,ILLUMINATION,LOCATION_TYPE,ROAD_CONDITION,URBAN_RURAL,INTERSECT_TYPE,WEATHER1,WEATHER2,TCD_TYPE,TCD_FUNC_CD,AGGRESSIVE_DRIVING,ALCOHOL_RELATED,ANGLE_CRASH,CELL_PHONE,COMM_VEHICLE,DISTRACTED,DRINKING_DRIVER,DRUGGED_DRIVER,FATIGUE_ASLEEP,IMPAIRED_DRIVER,NHTSA_AGG_DRIVING,RUNNING_RED_LT,RUNNING_STOP_SIGN,SPEEDING_RELATED,TAILGATING,MATURE_DRIVER,YOUNG_DRIVER
8058,2007066546,1706.0,1702.0,67,67301,39.9313,-75.2144,0,0,0,0,0,0,8,5,2007,2,17.0,1.0,0,1.0,3,0,3,  ,3,3.0,0,0,0,0,0,0,0,0,0,0,0,0,0,0,0,0,0
8059,2007066547,2231.0,2230.0,67,67301,39.9455,-75.1717,0,0,0,0,0,0,4,5,2007,4,22.0,3.0,0,1.0,3,1,3,  ,2,3.0,0,0,1,0,0,0,0,0,0,0,0,0,0,0,0,0,0
8060,2007066550,947.0,945.0,67,67301,39.9562,-75.1627,0,0,0,0,0,0,5,5,2007,3,9.0,1.0,0,1.0,3,1,3,  ,0,0.0,0,0,0,0,0,0,0,0,0,0,0,0,0,0,0,0,0
8061,2007066582,1541.0,1540.0,39,39301,40.593,-75.49,0,0,0,0,0,0,4,5,2007,1,15.0,1.0,0,1.0,3,1,3,  ,0,0.0,0,0,1,0,0,0,0,0,0,0,0,0,0,0,0,1,0
8062,2007066602,1710.0,1707.0,2,2301,40.4257,-79.9499,0,0,0,0,0,0,4,6,2007,6,17.0,1.0,0,1.0,3,2,3,  ,3,3.0,1,0,1,0,0,0,0,0,0,0,0,0,0,0,0,0,0
8063,2007066603,2001.0,1956.0,2,2301,40.437,-79.9549,0,0,0,0,0,0,4,6,2007,4,19.0,1.0,0,1.0,3,0,3,  ,8,3.0,0,0,1,0,0,0,0,0,0,0,0,0,0,0,0,0,0
8064,2007066606,4.0,2353.0,2,2301,40.4144,-79.9905,0,0,0,0,0,0,1,6,2007,7,23.0,3.0,0,1.0,3,1,3,  ,3,3.0,0,0,0,0,0,0,0,0,0,0,0,0,0,0,0,0,0
8065,2007066684,827.0,821.0,67,67301,39.9268,-75.1691,0,0,0,0,0,0,5,5,2007,1,8.0,1.0,0,1.0,3,1,3,  ,2,2.0,0,0,0,0,0,0,0,0,0,0,0,0,0,0,0,1,0
8066,2007066729,1957.0,1954.0,38,38301,40.3463,-76.4211,0,0,0,0,0,0,4,6,2007,7,19.0,1.0,0,1.0,2,2,3,  ,0,0.0,0,0,1,0,0,0,0,0,0,0,0,0,0,0,0,0,0
8067,2007066745,2114.0,2110.0,46,46413,40.1189,-75.3468,0,0,0,0,0,1,4,6,2007,4,21.0,3.0,0,1.0,3,1,3,  ,2,3.0,0,0,1,0,0,0,0,0,0,0,0,0,0,0,0,0,0
8068,2007066797,830.0,827.0,67,67301,40.0201,-75.1378,0,0,0,0,0,0,4,4,2007,6,99.0,3.0,0,9.0,3,1,3,  ,3,3.0,0,0,1,0,0,1,0,0,0,0,0,0,0,0,0,0,0
8069,2007066829,1630.0,1624.0,67,67301,40.0352,-75.0342,0,0,0,0,0,0,4,5,2007,7,16.0,1.0,0,1.0,3,1,3,  ,3,3.0,0,0,1,0,0,0,0,0,0,0,0,0,0,0,0,0,0
8070,2007066841,1710.0,1706.0,67,67301,40.0094,-75.0847,0,0,0,0,0,0,4,4,2007,1,17.0,1.0,0,9.0,3,0,7,  ,0,0.0,0,0,1,0,0,0,0,0,0,0,0,0,0,0,0,0,0
8071,2007066851,1803.0,1758.0,67,67301,,,0,0,0,0,0,0,5,5,2007,5,17.0,1.0,0,1.0,3,0,3,  ,0,0.0,0,0,0,0,0,0,0,0,0,0,0,0,0,0,0,0,0
8072,2007066918,1026.0,1021.0,67,67301,39.9902,-75.162,0,0,0,0,0,0,5,5,2007,5,10.0,1.0,0,9.0,3,1,7,  ,2,3.0,0,0,0,0,0,0,0,0,0,0,0,0,0,0,0,0,0
8073,2007066926,1706.0,1703.0,2,2109,40.3747,-80.0796,0,0,0,0,0,0,4,6,2007,6,17.0,1.0,0,1.0,3,0,3,  ,0,0.0,0,0,1,0,0,0,0,0,0,0,0,0,0,0,0,0,0
8074,2007066932,1414.0,1409.0,25,25302,42.1169,-80.1057,0,0,0,0,0,0,4,6,2007,3,14.0,1.0,0,1.0,3,1,3,  ,3,3.0,0,0,1,0,0,0,0,0,0,0,0,0,0,0,0,0,0
8075,2007066934,1447.0,1447.0,25,25302,42.1298,-80.0808,0,0,0,0,0,1,8,6,2007,4,14.0,1.0,0,1.0,3,1,3,  ,3,3.0,0,0,0,0,0,0,0,0,0,0,0,0,0,0,0,0,0
8076,2007066948,1643.0,1641.0,2,2301,40.4586,-79.908,0,0,0,0,0,0,4,6,2007,1,16.0,1.0,0,1.0,3,1,3,  ,2,3.0,0,0,1,0,0,0,0,0,0,0,0,0,0,0,0,0,0
8077,2007067051,1612.0,1609.0,39,39301,40.6118,-75.4599,0,0,0,0,0,0,4,6,2007,5,16.0,1.0,0,1.0,3,1,3,  ,3,3.0,0,0,1,0,0,0,0,0,0,0,0,0,0,0,0,0,0
8078,2007067089,2000.0,1949.0,67,67301,40.0141,-75.2039,0,0,0,0,0,0,8,5,2007,4,19.0,1.0,0,1.0,3,0,3,  ,0,0.0,0,0,0,0,0,0,0,0,0,0,0,0,0,0,0,0,0
8079,2007067093,1251.0,1247.0,67,67301,40.0516,-75.0566,0,0,0,0,0,1,5,5,2007,3,12.0,1.0,0,1.0,3,2,3,  ,0,0.0,0,0,0,1,0,1,0,0,0,0,0,0,0,0,0,0,0
8080,2007067098,1617.0,1611.0,67,67301,39.9224,-75.1542,0,0,0,0,0,0,6,5,2007,4,16.0,1.0,0,1.0,3,0,3,  ,0,0.0,0,0,0,0,0,0,0,0,0,0,0,0,0,0,0,0,0
8081,2007067118,1630.0,9999.0,67,67301,39.913,-75.2403,0,0,0,0,0,0,4,5,2007,1,16.0,1.0,0,1.0,3,1,3,  ,2,3.0,0,0,1,0,0,0,0,0,0,0,0,0,0,0,0,0,0
8082,2007067124,1003.0,1000.0,67,67301,39.9331,-75.1591,0,0,0,0,0,0,8,5,2007,3,9.0,1.0,0,1.0,3,1,3,  ,3,9.0,0,0,0,0,0,0,0,0,0,0,0,0,0,0,0,0,0
8083,2007067128,1847.0,1845.0,4,4407,40.661,-80.2374,0,0,0,0,0,0,4,3,2007,7,18.0,1.0,0,1.0,3,1,3,  ,3,9.0,0,0,1,0,0,0,0,0,0,0,0,0,0,0,0,0,0
8084,2007067163,2018.0,2016.0,23,23111,39.962,-75.2571,0,0,0,0,0,0,4,5,2007,2,20.0,4.0,0,1.0,3,2,3,  ,3,3.0,0,0,1,0,0,0,0,0,0,0,0,0,0,0,0,0,0
8085,2007067179,1127.0,1123.0,67,67301,40.053,-75.1889,0,0,0,0,1,0,4,5,2007,4,11.0,1.0,0,1.0,3,1,3,  ,3,3.0,1,0,1,0,0,0,0,0,0,0,0,0,0,0,0,0,0
8086,2007067185,1004.0,955.0,67,67301,40.0152,-75.2076,0,0,0,0,0,1,4,5,2007,3,9.0,1.0,0,1.0,3,0,3,  ,0,0.0,0,0,1,0,0,0,0,0,0,0,0,0,0,0,0,0,0
8087,2007067191,2047.0,2044.0,67,67301,39.955,-75.2239,0,0,0,0,0,0,8,5,2007,3,20.0,3.0,0,1.0,3,1,3,  ,0,0.0,0,0,0,0,0,0,0,0,0,0,0,0,0,0,0,0,0
8088,2007067227,1730.0,1705.0,67,67301,40.0086,-75.0984,0,0,0,0,0,0,4,5,2007,1,99.0,1.0,0,1.0,3,1,3,  ,2,3.0,0,0,1,0,0,0,0,0,0,0,0,0,0,0,0,0,0
8089,2007067241,1916.0,1914.0,67,67301,39.9492,-75.1631,0,0,1,0,0,0,5,5,2007,1,19.0,1.0,0,1.0,3,1,3,  ,2,3.0,1,0,0,0,1,0,0,0,0,0,0,1,0,0,0,0,0
8090,2007067243,1636.0,1626.0,67,67301,39.9509,-75.1522,0,0,2,0,0,0,5,5,2007,3,16.0,1.0,0,1.0,3,0,3,  ,0,0.0,0,0,0,0,1,0,0,0,0,0,0,0,0,0,0,0,0
8091,2007067256,1655.0,9999.0,67,67301,40.0015,-75.1042,0,0,0,0,1,0,5,5,2007,4,16.0,1.0,0,1.0,3,3,3,  ,2,9.0,0,0,0,0,0,0,0,0,0,0,0,0,0,0,0,0,0
8092,2007067257,1805.0,1755.0,67,67301,39.9944,-75.1214,0,0,0,0,0,0,1,5,2007,2,17.0,1.0,0,1.0,3,1,3,  ,0,0.0,0,0,0,0,0,0,0,0,0,0,0,0,0,0,0,0,0
8093,2007067327,1418.0,9999.0,67,67301,39.9598,-75.1637,0,0,0,0,0,0,4,4,2007,5,14.0,1.0,0,1.0,3,2,3,  ,3,3.0,0,0,1,0,0,0,0,0,0,0,0,0,0,0,0,0,0
8094,2007067330,1243.0,1240.0,67,67301,39.9634,-75.1612,0,0,0,0,1,0,5,4,2007,2,99.0,1.0,0,1.0,3,2,3,  ,2,3.0,0,0,0,0,0,0,0,0,0,0,0,0,0,0,0,0,0
8095,2007067331,1547.0,1545.0,67,67301,39.9696,-75.1638,0,0,0,0,0,1,8,5,2007,7,15.0,1.0,0,1.0,3,2,3,  ,0,0.0,0,0,0,0,0,0,0,0,0,0,0,0,0,0,0,0,0
8096,2007067335,1406.0,1405.0,67,67301,39.9532,-75.17,0,0,1,0,0,0,8,5,2007,4,14.0,1.0,0,1.0,3,1,3,  ,2,3.0,0,0,0,0,1,0,0,0,0,0,0,0,0,0,0,0,0
8097,2007067352,925.0,918.0,67,67301,39.9281,-75.1507,0,0,0,0,0,0,4,5,2007,3,9.0,1.0,0,1.0,3,0,3,  ,2,3.0,0,0,1,0,0,0,0,0,0,0,0,0,0,0,0,1,0
8098,2007067356,1455.0,1440.0,67,67301,39.964,-75.161,0,0,0,0,0,1,4,5,2007,2,14.0,1.0,0,1.0,3,2,3,  ,0,0.0,1,0,1,0,0,0,0,0,0,0,0,0,0,0,0,0,0
8099,2007067408,1105.0,1103.0,39,39301,,,0,0,0,0,0,0,4,6,2007,7,11.0,1.0,0,1.0,3,1,3,  ,0,0.0,0,0,1,0,0,0,0,0,0,0,0,0,0,0,0,0,0
8100,2007067450,1953.0,1953.0,67,67301,39.9549,-75.2087,0,0,0,0,0,0,6,5,2007,5,19.0,1.0,0,1.0,3,1,3,  ,2,9.0,0,0,0,0,0,0,0,0,0,0,0,0,0,0,0,0,0
8101,2007067457,1841.0,1837.0,6,6301,40.3461,-75.9324,0,0,0,0,0,0,4,6,2007,3,18.0,1.0,0,1.0,3,1,3,  ,3,3.0,0,0,1,0,0,0,0,0,0,0,0,0,0,0,0,0,0
8102,2007067510,1636.0,1634.0,7,7407,40.6729,-78.2424,0,0,0,0,0,0,4,5,2007,6,16.0,1.0,0,1.0,2,1,3,  ,3,3.0,0,0,1,0,0,0,0,0,0,0,0,0,0,0,0,0,1
8103,2007067537,1536.0,1534.0,2,2439,40.446,-80.071,0,0,0,0,0,0,4,6,2007,1,15.0,1.0,0,1.0,3,0,3,  ,0,0.0,0,0,1,0,0,0,0,0,0,0,0,0,0,0,0,0,0
8104,2007067540,1740.0,1735.0,39,39301,40.6088,-75.4818,0,0,0,0,0,0,9,6,2007,1,17.0,1.0,0,9.0,3,1,7,  ,3,3.0,0,0,0,0,0,0,0,0,0,0,0,0,0,0,0,0,0
8105,2007067549,1520.0,1504.0,38,38301,40.3245,-76.422,0,0,0,0,0,0,4,5,2007,3,15.0,1.0,0,1.0,2,0,3,  ,8,3.0,0,0,1,0,0,0,0,0,0,0,0,0,0,0,0,0,0
8106,2007067599,1635.0,1630.0,67,67301,39.9502,-75.1915,0,0,0,0,0,0,5,4,2007,7,16.0,1.0,0,1.0,3,0,3,  ,0,0.0,0,0,0,0,0,0,0,0,0,0,0,0,0,0,0,0,0
8107,2007067608,945.0,940.0,36,36214,40.052,-76.3572,0,0,0,0,0,0,4,6,2007,4,9.0,1.0,0,1.0,3,0,3,  ,0,0.0,1,0,1,0,0,0,0,0,0,0,0,0,0,0,0,0,0
8108,2007067611,101.0,55.0,36,36408,40.1776,-76.1759,0,0,0,0,0,0,4,6,2007,1,0.0,3.0,0,1.0,2,2,3,  ,0,0.0,1,1,1,0,0,0,1,0,0,1,0,0,0,0,0,0,0
8109,2007067661,1535.0,1530.0,67,67301,39.9534,-75.1716,0,0,0,0,0,0,5,4,2007,5,14.0,1.0,0,1.0,3,1,3,  ,0,0.0,0,0,0,0,0,1,0,0,0,0,0,0,0,0,0,0,0
8110,2007067720,2130.0,2115.0,67,67301,39.9872,-75.1634,0,0,0,0,0,0,4,5,2007,1,21.0,3.0,0,1.0,3,2,3,  ,0,0.0,0,1,1,0,0,0,0,0,0,0,0,0,0,0,0,0,0
8111,2007067723,1625.0,1622.0,25,25302,42.1269,-80.0671,0,0,0,0,0,0,4,6,2007,7,16.0,1.0,0,1.0,3,1,3,  ,0,0.0,0,0,1,0,0,0,0,0,0,0,0,0,0,0,0,0,0
8112,2007067733,1300.0,1253.0,2,2301,40.4666,-79.9655,0,0,0,0,0,0,4,6,2007,7,99.0,1.0,0,1.0,3,0,3,  ,3,3.0,0,0,1,0,0,0,0,0,0,0,0,0,0,0,0,0,1
8113,2007067835,1550.0,1550.0,36,36301,40.0317,-76.2944,0,0,0,0,0,0,4,5,2007,3,15.0,1.0,0,1.0,3,1,3,  ,3,3.0,0,0,1,0,0,0,0,0,0,0,0,0,0,0,0,0,1
8114,2007067843,1048.0,1044.0,67,67301,39.9858,-75.2157,0,0,0,0,0,0,4,5,2007,7,10.0,1.0,0,1.0,3,1,3,  ,2,3.0,0,0,1,0,0,0,0,0,0,0,0,0,0,0,0,0,0
8115,2007067846,1330.0,1326.0,67,67301,40.0271,-75.1232,0,0,0,0,0,0,4,5,2007,1,13.0,1.0,0,1.0,3,1,3,  ,0,0.0,0,0,1,0,0,0,0,0,0,0,0,0,0,0,0,0,0
8116,2007067861,1330.0,1322.0,67,67301,40.0385,-75.1214,0,1,0,0,0,0,4,5,2007,7,99.0,1.0,0,1.0,3,0,3,  ,0,0.0,0,0,1,0,0,0,0,0,0,0,0,0,0,1,0,0,0
8117,2007067921,2222.0,2220.0,23,23106,40.0272,-75.3296,0,0,0,0,0,0,4,6,2007,6,22.0,3.0,0,1.0,3,1,3,  ,2,3.0,0,0,1,0,0,0,0,0,0,0,0,0,0,0,0,0,0
8118,2007068075,1833.0,1831.0,28,28401,39.9373,-77.6663,0,0,0,0,0,0,4,7,2007,4,17.0,1.0,0,1.0,1,2,3,  ,0,0.0,0,0,1,0,0,0,0,0,0,0,0,0,0,0,0,0,0
8119,2007068079,1620.0,1616.0,2,2213,40.4572,-80.1843,0,0,0,0,0,0,4,6,2007,1,16.0,1.0,0,1.0,3,0,3,  ,8,3.0,0,0,1,0,0,0,0,0,0,0,0,0,0,0,0,1,0
8120,2007068114,1754.0,1748.0,39,39301,40.5771,-75.4557,0,0,0,0,1,0,4,5,2007,3,17.0,1.0,0,1.0,3,1,3,  ,3,3.0,0,0,1,0,0,0,0,0,0,0,0,0,0,0,0,0,0
8121,2007068138,1641.0,1640.0,67,67301,39.9231,-75.1597,0,0,0,0,0,1,5,5,2007,7,16.0,1.0,0,1.0,3,1,3,  ,2,3.0,1,0,0,0,0,1,0,0,0,0,1,1,0,0,0,0,0
8122,2007068403,1215.0,1204.0,6,6301,40.337,-75.9278,0,0,0,0,0,0,4,6,2007,1,22.0,3.0,0,1.0,3,1,99,  ,2,3.0,0,0,1,0,0,0,0,0,0,0,0,0,0,0,0,0,0
8123,2007068519,1220.0,1210.0,46,46216,40.223,-75.3454,0,1,0,0,0,0,4,5,2007,3,12.0,1.0,0,1.0,1,2,3,  ,3,3.0,1,0,1,0,0,0,0,0,0,0,0,0,0,0,0,0,1
8124,2007068865,1435.0,1429.0,39,39102,40.6335,-75.4814,0,0,0,0,0,0,4,7,2007,1,14.0,1.0,0,1.0,3,0,3,  ,2,3.0,0,0,1,0,0,0,0,0,0,0,0,0,0,0,0,1,0
8125,2007069047,2130.0,2126.0,36,36415,40.1008,-76.096,0,0,0,0,1,0,4,7,2007,3,21.0,3.0,0,1.0,1,1,3,  ,2,3.0,1,0,1,0,0,0,0,0,0,0,0,0,0,0,0,0,1
8126,2007069074,1156.0,1146.0,36,36209,40.1565,-76.133,0,0,0,0,1,0,2,7,2007,3,11.0,1.0,0,1.0,1,2,3,  ,3,3.0,1,0,0,0,0,0,0,0,0,0,0,0,0,0,0,0,0
8127,2007069324,1948.0,1946.0,6,6301,40.3321,-75.9202,0,0,0,0,0,0,4,6,2007,6,19.0,1.0,0,1.0,3,1,3,  ,2,3.0,0,0,1,0,0,0,0,0,0,0,0,0,0,0,0,0,1
8128,2007069431,2342.0,2337.0,9,9101,40.1229,-74.9003,0,0,0,0,0,0,4,5,2007,2,23.0,3.0,0,1.0,3,0,3,  ,0,0.0,0,1,1,0,0,0,0,0,0,0,0,0,0,0,0,0,1
8129,2007069592,2211.0,2209.0,46,46104,40.0028,-75.2661,0,0,0,0,0,0,1,7,2007,4,22.0,3.0,0,9.0,3,0,7,  ,0,0.0,0,0,0,0,0,0,0,0,0,0,0,0,0,0,0,1,0
8130,2007069689,1242.0,1236.0,36,36101,40.0761,-76.3087,0,1,0,0,0,0,4,5,2007,4,12.0,1.0,7,1.0,3,2,3,  ,3,3.0,0,0,1,0,0,0,0,0,0,0,0,0,0,0,0,0,1
8131,2007069748,1523.0,1515.0,36,36101,40.0955,-76.2924,0,1,1,0,0,0,1,5,2007,3,15.0,1.0,0,1.0,3,2,3,  ,3,3.0,0,0,0,0,1,0,0,0,0,0,0,0,0,0,0,0,0
8132,2007069800,1706.0,1703.0,9,9208,40.1769,-74.7904,0,0,0,0,0,0,4,5,2007,5,17.0,1.0,0,1.0,3,2,3,  ,0,0.0,1,0,1,0,0,0,0,0,0,0,0,0,0,0,0,0,0
8133,2007069899,2108.0,2107.0,46,46101,40.1138,-75.1535,0,1,0,0,0,0,2,6,2007,3,21.0,3.0,0,1.0,3,0,3,  ,0,0.0,0,0,0,0,0,1,0,0,0,0,0,0,0,0,0,0,0
8134,2007069934,900.0,900.0,14,14410,40.7915,-77.8468,0,0,0,0,0,0,4,6,2007,2,8.0,1.0,0,1.0,3,2,3,  ,3,3.0,0,0,1,0,0,1,0,0,0,0,0,0,0,0,0,0,0
8135,2007069953,758.0,754.0,46,46413,40.1225,-75.343,0,0,0,0,0,0,4,6,2007,7,7.0,1.0,0,1.0,3,1,3,  ,2,3.0,0,1,1,0,0,0,0,0,0,0,0,0,0,0,0,0,0
8136,2007069963,2008.0,2003.0,48,48301,40.6087,-75.3854,0,0,0,0,0,0,4,6,2007,7,20.0,1.0,0,1.0,3,5,3,  ,2,3.0,0,0,1,0,0,0,0,0,0,0,0,0,0,0,0,0,0
8137,2007070113,2333.0,2328.0,25,25210,42.1514,-80.0067,0,1,0,0,0,0,4,6,2007,3,23.0,3.0,0,1.0,1,1,3,  ,2,3.0,0,0,1,0,0,0,0,0,0,0,0,0,0,0,0,0,0
8138,2007070612,1612.0,1610.0,6,6429,40.312,-75.9643,0,0,0,0,1,0,2,6,2007,3,16.0,1.0,0,1.0,3,2,3,  ,3,3.0,0,0,0,0,0,0,0,0,0,0,0,0,0,0,0,0,0
8139,2007070637,921.0,920.0,36,36239,40.065,-76.4445,0,1,0,0,0,0,4,6,2007,6,9.0,1.0,7,1.0,3,2,3,  ,3,3.0,1,0,1,0,0,0,0,0,1,0,0,0,0,0,0,0,0
8140,2007070648,1120.0,1112.0,14,14410,40.7939,-77.8597,0,0,0,0,0,0,4,6,2007,5,10.0,1.0,0,1.0,3,2,3,  ,0,0.0,1,0,1,0,0,0,0,0,0,0,0,0,0,0,0,0,0
8141,2007070820,1448.0,1442.0,36,36101,40.0956,-76.305,0,0,0,0,0,1,4,5,2007,5,14.0,1.0,7,1.0,3,0,3,  ,0,0.0,0,0,1,0,0,0,0,0,0,0,0,0,0,0,0,0,0
8142,2007070837,2130.0,2118.0,54,54405,40.8528,-76.8146,0,0,0,0,0,0,4,5,2007,1,21.0,2.0,0,9.0,1,1,7,  ,2,3.0,0,0,1,0,0,0,0,0,0,0,0,0,0,0,0,0,0
8143,2007070851,1406.0,1400.0,11,11432,40.3207,-78.9284,0,0,0,0,0,0,8,6,2007,4,14.0,1.0,0,1.0,3,2,3,  ,0,0.0,0,0,0,0,0,1,0,0,0,0,0,0,0,0,0,0,0
8144,2007070987,2328.0,2321.0,25,25213,42.0853,-80.0879,0,0,0,0,0,0,4,6,2007,7,23.0,2.0,0,1.0,3,2,3,  ,3,3.0,0,0,1,0,0,0,0,0,0,0,0,0,0,0,0,0,0
8145,2007070991,828.0,828.0,46,46207,40.1731,-75.2242,0,0,0,0,0,0,1,6,2007,3,8.0,1.0,0,1.0,3,0,3,  ,0,0.0,0,0,0,0,0,1,0,0,0,0,0,0,0,0,0,0,0
8146,2007071010,1202.0,1200.0,25,25404,41.8741,-80.1321,0,0,0,0,0,0,4,6,2007,7,11.0,1.0,0,1.0,2,0,3,  ,0,0.0,0,0,1,0,0,0,0,0,0,0,0,0,0,0,0,0,0
8147,2007071031,1911.0,1908.0,36,36301,40.0321,-76.3018,0,0,0,0,0,1,1,6,2007,2,19.0,1.0,0,1.0,3,0,3,  ,0,0.0,0,0,0,0,0,0,0,0,0,0,0,0,0,0,0,0,0
8148,2007071177,2125.0,2107.0,66,66232,39.7703,-76.9511,0,0,0,0,0,0,4,7,2007,3,19.0,1.0,0,1.0,1,2,3,  ,0,0.0,0,0,1,0,0,0,0,0,0,0,0,0,0,0,0,0,0
8149,2007071280,1211.0,1210.0,40,40401,41.2169,-75.8975,0,0,0,0,0,0,4,7,2007,2,12.0,1.0,0,1.0,3,0,3,  ,0,0.0,0,0,1,0,0,0,0,0,0,0,0,0,0,0,0,0,1
8150,2007071348,2059.0,2053.0,67,67301,39.9421,-75.1828,0,0,0,0,0,0,5,3,2007,5,20.0,3.0,0,9.0,3,0,7,  ,0,0.0,0,0,0,0,0,0,0,0,0,0,0,0,0,0,0,0,0
8151,2007071386,1215.0,1210.0,67,67301,39.969,-75.16,0,0,0,0,0,0,4,7,2007,4,12.0,1.0,0,1.0,3,1,3,  ,2,3.0,0,0,1,0,0,0,0,0,0,0,0,0,0,0,0,0,0
8152,2007071575,1138.0,1137.0,41,41301,41.2504,-76.9983,1,0,0,0,0,0,4,6,2007,1,11.0,1.0,0,1.0,3,1,3,  ,3,3.0,0,0,1,0,0,0,0,0,0,0,0,0,0,0,0,0,0
8153,2007071717,1507.0,1502.0,46,46224,40.0747,-75.2913,0,0,0,0,0,0,4,7,2007,5,15.0,1.0,0,1.0,3,1,3,  ,3,3.0,0,0,1,0,0,0,0,0,0,0,0,0,0,0,0,0,0
8154,2007071754,1501.0,1459.0,46,46104,40.0245,-75.3246,0,0,0,0,0,0,5,7,2007,7,14.0,1.0,0,1.0,3,2,3,  ,2,3.0,1,0,0,0,0,0,0,0,0,0,0,0,0,0,0,0,0
8155,2007071845,2113.0,2110.0,23,23101,39.864,-75.4166,0,0,0,0,0,0,4,4,2007,3,21.0,3.0,0,1.0,3,1,3,  ,2,3.0,0,0,1,0,0,0,0,0,0,0,0,0,0,0,0,1,0
8156,2007071856,2252.0,2251.0,11,11411,40.4869,-78.7261,0,0,0,0,1,0,8,6,2007,6,22.0,3.0,0,1.0,1,1,3,  ,0,0.0,0,0,0,0,0,0,0,0,0,0,0,0,0,0,0,0,0
8157,2007071874,2142.0,2141.0,64,64201,40.6172,-79.622,0,0,0,0,0,0,4,5,2007,1,21.0,2.0,0,1.0,1,2,3,  ,0,0.0,0,0,1,0,0,0,0,0,0,0,0,0,0,0,0,1,0
8158,2007072014,2037.0,2034.0,14,14410,40.7785,-77.8676,0,0,0,0,0,0,4,6,2007,1,99.0,1.0,0,1.0,3,0,3,  ,0,0.0,0,0,1,0,0,1,0,0,0,0,0,0,0,0,0,0,0
8159,2007072029,1736.0,1733.0,48,48301,40.6587,-75.3615,0,0,0,0,0,0,4,6,2007,4,17.0,1.0,0,1.0,3,1,3,  ,3,3.0,1,0,1,0,0,0,0,0,0,0,0,0,0,0,0,0,0
8160,2007072070,1713.0,1711.0,23,23111,39.954,-75.2682,0,0,0,0,0,0,4,6,2007,6,17.0,1.0,0,1.0,3,2,3,  ,3,3.0,0,0,1,0,0,0,0,0,0,0,0,0,0,0,0,0,0
8161,2007072116,1144.0,1140.0,35,35302,41.4045,-75.6861,0,0,0,0,0,0,4,6,2007,6,11.0,1.0,0,1.0,3,1,3,  ,3,3.0,0,0,1,0,0,0,0,0,0,0,0,0,0,0,0,0,0
8162,2007072139,1347.0,1342.0,2,2301,40.454,-79.9979,0,0,0,0,0,0,8,6,2007,6,13.0,1.0,0,1.0,3,1,3,  ,2,3.0,0,0,0,0,0,0,0,0,0,0,0,0,0,0,0,0,0
8163,2007072175,1925.0,1924.0,6,6301,40.3606,-75.9131,0,0,0,0,0,0,4,6,2007,7,19.0,1.0,0,1.0,3,0,3,  ,0,0.0,0,0,1,0,0,0,0,0,0,0,0,0,0,0,0,0,0
8164,2007072178,2032.0,2031.0,6,6301,40.3534,-75.9264,0,0,0,0,0,0,4,7,2007,5,20.0,1.0,0,1.0,3,1,3,  ,3,3.0,0,0,1,0,0,0,0,0,0,0,0,0,0,0,0,0,0
8165,2007072187,1731.0,1728.0,36,36301,40.0378,-76.2999,0,0,0,0,0,0,4,5,2007,2,17.0,1.0,0,1.0,3,2,3,  ,0,0.0,0,0,1,0,0,0,0,0,0,0,0,0,0,0,0,0,0
8166,2007072236,2100.0,2100.0,46,46419,40.19,-75.5314,0,0,0,0,0,0,4,6,2007,3,20.0,3.0,0,1.0,3,1,3,  ,0,0.0,0,0,1,0,0,1,0,0,0,0,0,0,0,0,0,0,0
8167,2007072289,754.0,754.0,23,23111,39.9509,-75.2834,0,0,0,0,0,1,4,6,2007,3,7.0,1.0,0,1.0,3,2,3,  ,3,3.0,0,0,1,0,0,0,0,0,0,0,0,0,0,0,0,0,0
8168,2007072292,724.0,724.0,23,23111,39.9609,-75.2804,0,0,0,0,0,0,4,6,2007,4,7.0,1.0,0,1.0,3,1,3,  ,3,3.0,1,0,1,0,0,0,0,0,0,0,1,0,1,1,0,0,0
8169,2007072350,1254.0,1248.0,6,6203,40.2657,-75.737,0,0,0,0,0,1,4,6,2007,2,12.0,1.0,0,1.0,1,2,3,  ,3,9.0,0,0,1,0,0,0,0,0,0,0,0,0,0,0,0,0,1
8170,2007072464,1316.0,1313.0,40,40104,41.2358,-75.8645,0,0,0,0,0,0,4,6,2007,4,13.0,1.0,0,1.0,3,0,3,  ,0,0.0,0,0,1,0,0,0,0,0,0,0,0,0,0,0,0,0,1
8171,2007072595,1445.0,9999.0,40,40217,41.1784,-76.26,0,0,0,0,0,0,5,5,2007,1,14.0,1.0,0,1.0,1,0,3,  ,0,0.0,0,0,0,0,0,0,0,0,0,0,0,0,0,0,0,0,0
8172,2007072610,2310.0,2249.0,41,41219,41.2704,-77.0493,0,1,0,0,0,0,2,5,2007,2,22.0,2.0,0,1.0,1,0,3,  ,0,0.0,0,0,0,0,0,0,0,0,0,0,0,0,0,0,0,0,0