,CRN,ARRIVAL_TM,DISPATCH_TM,COUNTY,MUNICIPALITY,DEC_LAT,DEC_LONG,BICYCLE_DEATH_COUNT,BICYCLE_SUSP_SERIOUS_INJ_COUNT,BUS_COUNT,HEAVY_TRUCK_COUNT,SMALL_TRUCK_COUNT,SUV_COUNT,COLLISION_TYPE,CRASH_MONTH,CRASH_YEAR,DAY_OF_WEEK,HOUR_OF_DAY,ILLUMINATION,LOCATION_TYPE,ROAD_CONDITION,URBAN_RURAL,INTERSECT_TYPE,WEATHER1,WEATHER2,TCD_TYPE,TCD_FUNC_CD,AGGRESSIVE_DRIVING,ALCOHOL_RELATED,ANGLE_CRASH,CELL_PHONE,COMM_VEHICLE,DISTRACTED,DRINKING_DRIVER,DRUGGED_DRIVER,FATIGUE_ASLEEP,IMPAIRED_DRIVER,NHTSA_AGG_DRIVING,RUNNING_RED_LT,RUNNING_STOP_SIGN,SPEEDING_RELATED,TAILGATING,MATURE_DRIVER,YOUNG_DRIVER
8173,2007072612,2310.0,2247.0,41,41219,41.2704,-77.0493,0,1,0,0,1,0,5,5,2007,2,22.0,2.0,0,1.0,1,0,3,  ,0,0.0,0,0,0,0,0,0,0,0,0,0,0,0,0,0,0,0,0
8174,2007072701,2349.0,2336.0,64,64212,40.1776,-79.53,0,0,0,0,0,1,4,6,2007,4,23.0,2.0,0,1.0,1,1,3,  ,3,3.0,0,0,1,0,0,0,0,0,0,0,0,0,0,0,0,0,0
8175,2007072740,1859.0,1850.0,16,16204,,,0,0,0,0,0,0,4,5,2007,4,18.0,1.0,0,1.0,1,2,3,  ,0,0.0,0,0,1,0,0,0,0,0,0,0,0,0,0,0,0,0,0
8176,2007072810,1749.0,1743.0,25,25220,41.9573,-79.9952,0,0,0,0,1,0,1,6,2007,3,17.0,1.0,0,1.0,1,0,3,  ,0,0.0,0,0,0,0,0,0,0,0,0,0,0,0,0,0,0,0,0
8177,2007073102,2103.0,2058.0,25,25302,42.1071,-80.1036,0,0,0,0,0,1,6,7,2007,2,20.0,4.0,0,1.0,3,0,3,  ,0,0.0,0,0,0,0,0,0,0,0,0,0,0,0,0,0,0,0,1
8178,2007073118,1733.0,1730.0,6,6301,40.3429,-75.9161,0,0,0,0,0,0,4,7,2007,4,17.0,1.0,0,1.0,3,2,3,  ,0,0.0,0,0,1,0,0,0,0,0,0,0,0,0,0,0,0,0,0
8179,2007073298,1959.0,1951.0,2,2301,40.3927,-80.0242,0,0,0,0,1,0,4,7,2007,6,19.0,1.0,0,1.0,3,1,3,  ,0,0.0,0,0,1,0,0,0,0,0,0,0,0,0,0,0,0,0,0
8180,2007073305,1644.0,1636.0,7,7301,40.5289,-78.4072,0,0,0,0,0,0,4,7,2007,2,16.0,1.0,0,1.0,3,1,3,  ,3,3.0,0,0,1,0,0,0,0,0,0,0,0,0,0,0,0,0,0
8181,2007073321,1205.0,1203.0,21,21101,40.2842,-76.9306,0,0,0,0,0,0,4,7,2007,6,12.0,1.0,0,1.0,3,2,3,  ,0,0.0,0,0,1,0,0,0,0,0,0,0,0,0,0,0,0,0,0
8182,2007073343,811.0,807.0,9,9101,40.1571,-74.8519,0,0,0,0,0,0,4,7,2007,2,8.0,1.0,0,1.0,3,2,3,  ,3,3.0,0,0,1,0,0,0,0,0,0,0,0,0,0,0,0,1,0
8183,2007073472,1452.0,1445.0,40,40401,,,0,1,0,0,0,0,4,4,2007,1,14.0,1.0,0,1.0,3,2,3,  ,1,3.0,1,0,1,0,0,0,0,0,0,0,0,0,0,0,0,1,0
8184,2007073493,1410.0,1407.0,14,14410,40.7917,-77.8652,0,0,0,0,0,0,4,5,2007,4,11.0,1.0,0,1.0,3,1,3,  ,2,3.0,1,0,1,0,0,0,0,0,0,0,0,0,0,0,0,0,0
8185,2007073497,1350.0,1345.0,9,9210,40.3716,-75.222,0,0,0,0,0,0,4,7,2007,3,13.0,1.0,0,1.0,3,0,3,  ,0,0.0,0,0,1,0,0,0,0,0,0,0,0,0,0,0,0,0,0
8186,2007073499,2033.0,2028.0,2,2301,40.4487,-80.0044,0,0,0,0,0,1,4,7,2007,2,20.0,1.0,0,1.0,3,2,3,  ,0,0.0,1,0,1,0,0,0,0,0,0,0,0,0,0,0,0,0,0
8187,2007073525,1213.0,1210.0,2,2304,40.3395,-79.8422,0,0,0,0,0,0,4,6,2007,5,12.0,1.0,0,1.0,3,1,3,  ,0,0.0,0,0,1,0,0,0,0,0,0,0,0,0,0,0,0,0,1
8188,2007073595,1617.0,1613.0,25,25302,42.123,-80.0439,0,0,0,0,0,1,1,6,2007,7,16.0,1.0,0,1.0,3,1,3,  ,2,3.0,0,1,0,0,0,0,0,0,0,0,0,0,0,0,0,1,0
8189,2007073602,1655.0,1655.0,25,25302,42.116,-80.1051,1,0,0,0,0,1,4,6,2007,5,16.0,1.0,0,1.0,3,1,3,  ,3,3.0,0,0,1,0,0,1,0,0,0,0,0,0,0,0,0,0,0
8190,2007073603,1007.0,1006.0,25,25302,42.1221,-80.0849,0,0,0,0,0,1,4,6,2007,6,10.0,1.0,0,1.0,3,1,3,  ,2,3.0,0,0,1,0,0,0,0,0,0,0,0,0,0,0,0,0,0
8191,2007073607,1419.0,1417.0,25,25302,42.1324,-80.0574,0,0,0,0,0,1,2,6,2007,2,14.0,1.0,0,1.0,3,0,3,  ,0,0.0,0,0,0,0,0,0,0,0,0,0,0,0,0,0,0,0,0
8192,2007073617,1647.0,1645.0,14,14410,40.788,-77.8675,0,0,0,0,1,0,4,6,2007,6,16.0,1.0,0,1.0,3,1,3,  ,3,3.0,0,0,1,0,0,1,0,0,0,0,0,0,0,0,0,0,1
8193,2007073643,852.0,850.0,40,40408,41.2656,-75.9065,0,0,0,0,1,0,4,7,2007,7,8.0,1.0,0,1.0,3,1,3,  ,2,3.0,0,0,1,0,0,0,0,0,0,0,0,0,0,0,0,0,0
8194,2007073658,1453.0,1449.0,40,40304,41.2543,-75.8679,0,0,0,0,0,0,4,7,2007,7,14.0,1.0,0,1.0,3,1,3,  ,3,3.0,1,0,1,0,0,0,0,0,0,0,0,0,0,0,0,0,0
8195,2007073738,1617.0,1612.0,10,10212,40.7048,-80.0753,0,0,0,0,0,1,4,7,2007,4,16.0,1.0,0,1.0,3,1,3,  ,3,3.0,1,0,1,0,0,0,0,0,0,0,0,0,0,0,0,0,0
8196,2007073922,2008.0,1959.0,22,22208,40.3023,-76.8209,0,0,0,0,0,0,4,7,2007,6,19.0,1.0,7,1.0,3,1,3,  ,3,3.0,0,0,1,0,0,0,0,0,0,0,0,0,0,0,0,0,0
8197,2007074008,1516.0,1515.0,9,9202,40.1109,-74.9536,0,0,0,0,0,0,2,6,2007,5,15.0,1.0,0,1.0,3,1,3,  ,2,3.0,0,0,0,0,0,0,0,0,0,0,0,0,0,0,0,1,0
8198,2007074129,1110.0,1109.0,9,9406,40.2057,-75.0726,0,0,0,0,0,0,9,7,2007,7,11.0,1.0,0,1.0,3,2,3,  ,0,0.0,0,0,0,0,0,0,0,0,0,0,0,0,0,0,0,1,0
8199,2007074209,1844.0,1838.0,66,66227,39.9933,-76.6425,0,0,0,0,0,0,4,5,2007,3,18.0,1.0,0,1.0,3,0,3,  ,0,0.0,0,0,1,0,0,0,0,0,0,0,0,0,0,0,0,0,0
8200,2007074210,1329.0,1324.0,6,6301,40.3112,-75.9535,0,0,0,0,0,0,3,7,2007,3,13.0,1.0,0,6.0,3,0,3,  ,0,0.0,1,0,0,0,0,1,0,0,0,0,0,0,0,1,0,0,0
8201,2007074413,1510.0,1508.0,25,25302,42.125,-80.084,0,0,0,0,0,0,4,7,2007,5,15.0,1.0,0,1.0,3,1,3,  ,2,3.0,0,0,1,0,0,0,0,0,0,0,0,0,0,0,0,0,0
8202,2007074447,1158.0,1155.0,36,36407,,,0,0,0,0,0,1,4,7,2007,3,11.0,1.0,0,1.0,2,1,3,  ,0,0.0,0,0,1,0,0,0,0,0,0,0,0,0,0,0,0,0,0
8203,2007074466,834.0,831.0,46,46220,40.0809,-75.3739,0,0,0,0,0,0,4,7,2007,6,99.0,1.0,0,1.0,3,2,3,  ,0,0.0,1,0,1,0,0,0,0,0,0,0,0,0,0,0,0,1,0
8204,2007074492,1231.0,1230.0,64,64302,40.2965,-79.5432,0,0,0,0,0,0,4,7,2007,1,12.0,1.0,0,1.0,3,1,3,  ,2,3.0,0,0,1,0,0,1,0,0,0,0,0,0,0,0,0,0,0
8205,2007074500,1520.0,1515.0,6,6408,40.5582,-75.9835,0,0,0,0,0,0,4,6,2007,2,15.0,1.0,0,1.0,1,0,3,  ,0,0.0,0,0,1,0,0,0,0,0,0,0,0,0,0,0,0,0,0
8206,2007074572,2214.0,2212.0,66,66301,39.9685,-76.7308,0,0,0,0,0,0,5,6,2007,3,22.0,3.0,0,1.0,3,0,3,  ,0,0.0,0,1,0,0,0,0,0,0,0,0,0,0,0,0,0,0,0
8207,2007074680,1956.0,1955.0,23,23301,39.8366,-75.3968,0,0,0,0,0,0,4,6,2007,1,19.0,1.0,0,1.0,3,1,3,  ,0,0.0,0,0,1,0,0,0,0,0,0,0,0,0,0,0,0,0,0
8208,2007074711,1545.0,1543.0,48,48301,40.6586,-75.3547,0,0,0,0,0,0,4,7,2007,1,15.0,1.0,7,1.0,3,0,3,  ,0,0.0,0,0,1,0,0,0,0,0,0,0,0,0,0,0,0,1,0
8209,2007074717,2117.0,2114.0,48,48301,40.6095,-75.3674,0,0,0,0,0,0,1,7,2007,1,21.0,3.0,0,1.0,3,0,3,  ,0,0.0,0,0,0,0,0,0,0,0,0,0,0,0,0,0,0,0,0
8210,2007074917,1944.0,1940.0,24,24301,41.4327,-78.5418,0,0,0,0,0,0,4,6,2007,2,19.0,1.0,0,1.0,2,0,3,  ,0,0.0,0,0,1,0,0,1,0,0,0,0,0,0,0,0,0,0,0
8211,2007074939,1331.0,1331.0,66,66301,39.9525,-76.7145,0,0,0,0,0,0,4,6,2007,5,13.0,1.0,0,1.0,3,1,3,  ,3,3.0,0,0,1,0,0,0,0,0,0,0,0,0,0,0,0,0,0
8212,2007074943,1407.0,1405.0,66,66301,39.9608,-76.7335,0,0,0,0,0,0,2,6,2007,7,14.0,1.0,0,1.0,3,2,3,  ,0,0.0,0,0,0,0,0,0,0,0,0,0,0,0,0,0,0,1,0
8213,2007074974,1227.0,1224.0,66,66301,39.9584,-76.7463,0,0,0,0,0,0,8,6,2007,6,12.0,1.0,0,9.0,3,0,3,  ,2,3.0,0,0,0,0,0,0,0,0,0,0,0,0,0,0,0,0,0
8214,2007074978,1711.0,1706.0,25,25302,42.1175,-80.0235,0,0,0,0,0,1,4,7,2007,6,17.0,1.0,0,1.0,3,0,3,  ,0,0.0,0,0,1,0,0,0,0,0,0,0,0,0,0,0,0,0,0
8215,2007074982,2036.0,2036.0,25,25302,42.1343,-80.0885,0,0,0,0,0,1,4,7,2007,6,20.0,1.0,0,1.0,3,1,3,  ,2,3.0,0,0,1,0,0,0,0,0,0,0,0,0,0,0,0,0,0
8216,2007075008,1502.0,1458.0,36,36301,40.0329,-76.302,0,0,0,0,0,0,4,6,2007,1,14.0,1.0,0,1.0,3,1,3,  ,3,3.0,1,0,1,0,0,0,0,0,0,0,0,0,0,0,0,0,0
8217,2007075111,1800.0,1757.0,46,46406,40.4099,-75.5054,0,0,0,0,0,0,1,6,2007,4,17.0,1.0,0,1.0,1,0,3,  ,0,0.0,1,1,0,0,0,0,1,0,0,1,0,0,0,0,1,0,0
8218,2007075154,1114.0,1113.0,14,14206,40.8036,-77.8954,0,0,0,0,0,0,4,7,2007,2,11.0,1.0,0,1.0,1,0,3,  ,0,0.0,0,0,1,0,0,0,0,0,0,0,0,0,0,0,0,0,0
8219,2007075257,1506.0,1506.0,23,23301,39.8455,-75.3743,0,0,0,0,0,0,4,7,2007,2,15.0,1.0,0,1.0,3,0,3,  ,0,0.0,0,0,1,1,0,1,0,0,0,0,0,0,0,0,0,0,0
8220,2007075261,1346.0,1344.0,48,48301,40.6117,-75.3663,0,0,0,0,0,0,4,7,2007,5,13.0,1.0,0,1.0,3,1,3,  ,3,3.0,0,0,1,0,0,0,0,0,0,0,0,0,0,0,0,0,0
8221,2007075265,121.0,121.0,66,66301,39.9642,-76.7298,0,0,0,0,1,0,4,7,2007,1,1.0,3.0,0,1.0,3,2,3,  ,3,3.0,0,0,1,0,0,0,0,0,0,0,0,0,0,0,0,0,0
8222,2007075429,1008.0,1007.0,36,36409,40.1498,-76.309,0,0,0,0,0,0,4,8,2007,4,10.0,1.0,0,1.0,3,3,3,  ,3,1.0,1,0,1,0,0,0,0,0,0,0,0,0,0,0,0,1,0
8223,2007075497,1541.0,1538.0,66,66102,39.8966,-76.6226,0,0,0,0,0,0,4,7,2007,6,15.0,1.0,0,1.0,1,0,3,  ,0,0.0,1,0,1,0,0,0,0,0,0,0,0,0,0,0,0,0,0
8224,2007075571,1557.0,1555.0,36,36404,40.028,-76.4983,0,0,0,0,0,0,4,8,2007,4,15.0,1.0,0,1.0,3,2,3,  ,3,3.0,0,0,1,0,0,0,0,0,0,0,0,0,0,0,0,0,0
8225,2007075599,2244.0,2234.0,7,7301,40.5347,-78.3885,0,0,0,0,0,0,4,8,2007,4,22.0,3.0,0,1.0,3,1,3,  ,3,3.0,0,1,1,0,0,0,0,0,0,0,0,0,0,0,0,0,0
8226,2007075770,1921.0,1851.0,63,63402,41.4754,-75.1827,0,1,0,0,0,0,2,6,2007,6,18.0,1.0,0,1.0,1,1,3,  ,3,3.0,1,0,0,0,0,0,0,0,0,0,0,0,1,0,0,0,0
8227,2007075802,2003.0,1952.0,53,53208,40.7145,-76.1814,0,0,0,0,0,0,4,6,2007,4,19.0,1.0,0,1.0,1,2,3,  ,3,3.0,0,0,1,0,0,0,0,0,0,0,0,0,0,0,0,0,0
8228,2007075875,1905.0,1900.0,36,36234,40.0852,-76.2141,0,0,0,0,0,0,4,6,2007,5,19.0,1.0,7,1.0,1,0,3,  ,8,3.0,1,0,1,0,0,0,0,0,0,0,1,0,0,0,0,0,0
8229,2007075961,1033.0,1031.0,2,2301,40.4452,-79.9303,0,0,0,0,0,0,4,7,2007,2,10.0,1.0,0,1.0,3,1,3,  ,0,0.0,1,0,1,0,0,0,0,0,0,0,0,0,0,0,0,1,0
8230,2007076116,1500.0,1427.0,58,58408,41.9088,-77.1334,0,1,0,0,1,0,2,5,2007,7,14.0,1.0,0,1.0,1,1,3,  ,0,0.0,1,0,0,0,0,0,0,0,0,0,0,0,0,0,0,0,0
8231,2007076137,1029.0,1024.0,22,22207,40.1706,-76.6507,0,0,0,0,1,0,4,6,2007,7,10.0,1.0,0,1.0,1,0,3,  ,0,0.0,1,0,1,0,0,0,0,0,0,0,0,0,0,0,0,0,0
8232,2007076304,1829.0,1829.0,43,43301,41.2165,-80.5004,0,0,0,0,0,0,4,8,2007,6,18.0,1.0,0,1.0,3,1,3,  ,3,3.0,0,0,1,0,0,1,0,0,0,0,0,0,0,0,0,0,0
8233,2007076310,1735.0,1733.0,15,15411,40.1292,-75.5108,0,0,0,0,0,0,4,8,2007,1,17.0,1.0,0,1.0,3,1,3,  ,0,0.0,1,0,1,0,0,0,0,0,0,0,0,0,0,0,0,0,0
8234,2007076585,1500.0,1449.0,41,41301,41.2419,-77.0029,0,0,0,0,0,1,4,7,2007,6,14.0,1.0,0,1.0,3,1,3,  ,3,3.0,0,0,1,0,0,0,0,0,0,0,0,0,0,0,0,0,0
8235,2007076667,2030.0,2022.0,16,16206,,,0,1,0,0,0,0,4,6,2007,1,20.0,1.0,0,1.0,1,0,3,  ,0,0.0,0,0,1,0,0,0,0,0,0,0,0,0,0,0,0,0,0
8236,2007076785,1241.0,1201.0,6,6240,40.2625,-75.7923,0,1,0,0,0,0,6,6,2007,2,4.0,2.0,0,1.0,1,0,3,  ,0,0.0,0,0,0,0,0,0,0,0,0,0,0,0,0,0,0,0,0
8237,2007076838,1130.0,1120.0,17,17206,40.9957,-78.3479,0,0,0,0,0,0,5,6,2007,3,10.0,1.0,0,1.0,1,0,3,  ,0,0.0,0,0,0,0,0,0,0,0,0,0,0,0,0,0,0,0,0
8238,2007076921,1843.0,1840.0,25,25213,42.0664,-80.0811,0,0,0,0,0,0,5,7,2007,4,18.0,1.0,0,1.0,3,0,3,  ,0,0.0,1,0,0,0,0,0,0,0,0,0,1,0,0,0,0,0,0
8239,2007077113,2153.0,2150.0,2,2301,40.4655,-79.9464,0,0,0,0,0,1,4,7,2007,5,21.0,3.0,0,1.0,3,1,3,  ,2,3.0,0,0,1,0,0,0,0,0,0,0,0,0,0,0,0,0,0
8240,2007077155,1453.0,1451.0,46,46211,40.2267,-75.2192,0,0,0,0,0,0,5,7,2007,1,14.0,1.0,0,1.0,1,0,3,  ,0,0.0,0,0,0,0,0,0,0,0,0,0,0,0,0,0,0,0,0
8241,2007077162,2029.0,2029.0,46,46102,40.071,-75.1457,0,0,0,0,0,0,4,6,2007,7,20.0,4.0,0,1.0,3,0,3,  ,0,0.0,1,0,1,0,0,0,0,0,0,0,0,0,0,1,0,0,0
8242,2007077174,415.0,410.0,61,61301,41.8412,-79.1649,0,0,0,1,0,0,5,7,2007,3,4.0,3.0,0,1.0,2,0,3,  ,0,0.0,0,0,0,0,1,0,0,0,0,0,0,0,0,0,0,0,0
8243,2007077239,1505.0,1503.0,21,21402,,,0,0,0,0,0,0,4,8,2007,1,15.0,1.0,0,1.0,2,0,3,  ,0,0.0,0,0,1,0,0,0,0,0,0,0,0,0,0,0,0,1,0
8244,2007077285,1806.0,1804.0,36,36301,40.0228,-76.3174,0,0,0,0,0,0,4,7,2007,1,18.0,1.0,0,1.0,3,1,3,  ,3,3.0,0,0,1,0,0,0,0,0,0,0,0,0,0,0,0,0,0
8245,2007077320,1424.0,1414.0,25,25409,41.9971,-80.1433,0,0,0,0,0,0,4,6,2007,2,14.0,1.0,0,1.0,1,0,3,  ,0,0.0,0,0,1,0,0,0,0,0,0,0,0,0,0,0,0,1,0
8246,2007077333,1854.0,1842.0,22,22207,40.1927,-76.6917,0,0,0,0,0,0,4,6,2007,4,18.0,1.0,0,1.0,1,2,3,  ,0,0.0,1,0,1,0,0,0,0,0,0,0,0,0,0,0,0,0,0
8247,2007077369,1920.0,1914.0,2,2301,40.451,-79.9001,0,0,0,0,0,0,4,7,2007,5,19.0,1.0,0,1.0,3,1,3,  ,2,3.0,0,0,1,0,0,0,0,0,0,0,0,0,0,0,0,0,0
8248,2007077625,1930.0,1919.0,21,21202,40.1543,-77.2453,0,1,0,0,0,0,7,6,2007,2,19.0,1.0,0,1.0,1,0,3,  ,0,0.0,1,0,0,0,0,0,0,0,0,0,1,0,0,1,0,0,0
8249,2007077688,2227.0,2225.0,13,13406,40.8339,-75.7138,0,0,0,0,0,0,4,6,2007,5,22.0,3.0,0,1.0,2,1,3,  ,1,3.0,0,0,1,0,0,0,0,0,0,0,0,0,0,0,0,1,0
8250,2007077700,1606.0,1535.0,64,64214,40.3541,-79.5219,0,1,0,0,0,1,4,6,2007,5,15.0,1.0,0,1.0,1,1,3,  ,3,3.0,0,0,1,0,0,0,0,0,0,0,0,0,0,0,0,0,0
8251,2007078026,1831.0,1828.0,6,6301,40.34,-75.9253,0,0,0,0,0,0,4,7,2007,3,18.0,1.0,0,1.0,3,0,3,  ,0,0.0,0,0,1,0,0,0,0,0,0,0,0,0,0,0,0,0,0
8252,2007078055,1229.0,1223.0,2,2301,40.4299,-80.0082,0,0,0,0,0,1,6,7,2007,6,12.0,1.0,0,1.0,3,0,3,  ,0,0.0,0,0,0,0,0,0,0,0,0,0,0,0,0,0,0,0,0
8253,2007078095,2347.0,2345.0,48,48409,40.685,-75.4812,0,0,0,0,0,1,5,8,2007,1,19.0,1.0,0,1.0,3,10,3,  ,0,0.0,0,0,0,0,0,0,0,0,0,0,0,0,0,0,0,0,0
8254,2007078135,1235.0,1233.0,46,46104,40.0156,-75.3004,0,0,0,0,1,0,4,8,2007,4,12.0,1.0,0,1.0,3,1,3,  ,2,3.0,0,0,1,0,0,0,0,0,0,0,0,0,0,0,0,0,1
8255,2007078144,2003.0,2000.0,46,46203,40.3086,-75.3339,0,0,0,0,1,0,4,7,2007,5,20.0,1.0,0,1.0,1,2,3,  ,3,3.0,0,0,1,0,0,0,0,0,0,0,0,0,0,0,0,0,0
8256,2007078245,1759.0,1752.0,2,2301,40.4495,-79.9756,0,1,0,0,0,0,4,7,2007,5,17.0,1.0,0,1.0,3,0,3,  ,0,0.0,1,0,1,0,0,0,0,0,0,0,0,0,0,1,0,0,0
8257,2007078360,733.0,731.0,23,23105,39.9113,-75.3755,0,0,0,0,1,0,4,6,2007,3,7.0,1.0,0,1.0,3,0,3,  ,0,0.0,0,0,1,0,0,0,0,0,0,0,0,0,0,0,0,0,0
8258,2007078381,1110.0,1106.0,66,66413,39.817,-76.9912,0,0,0,0,0,0,2,6,2007,2,11.0,1.0,0,1.0,2,1,3,  ,2,3.0,0,0,0,0,0,0,0,0,0,0,0,0,0,0,0,0,0
8259,2007078419,1832.0,1824.0,36,36301,40.0496,-76.3002,0,0,0,0,0,0,4,7,2007,2,18.0,1.0,0,1.0,3,2,3,  ,3,3.0,0,0,1,0,0,0,0,0,0,0,0,0,0,0,0,0,0
8260,2007078478,1657.0,1653.0,46,46107,40.1067,-75.3256,0,0,0,0,0,0,6,5,2007,7,16.0,1.0,0,1.0,3,2,3,  ,3,3.0,0,0,0,0,0,0,0,0,0,0,0,0,0,0,0,0,0
8261,2007078490,32.0,14.0,41,41301,41.2369,-77.0442,0,0,0,0,0,1,4,7,2007,3,23.0,3.0,2,9.0,3,2,7,  ,3,3.0,1,0,1,0,0,0,0,0,0,0,1,0,0,0,0,0,0
8262,2007078507,2031.0,2019.0,6,6205,40.4505,-76.3418,0,0,0,0,0,0,8,7,2007,4,20.0,1.0,0,1.0,1,0,3,  ,0,0.0,0,0,0,0,0,0,0,0,0,0,0,0,0,0,0,0,0
8263,2007078555,1439.0,1435.0,25,25302,42.1095,-80.1244,0,0,0,0,1,0,4,7,2007,3,14.0,1.0,0,1.0,3,1,3,  ,0,0.0,0,0,1,0,0,0,0,0,0,0,0,0,0,0,0,0,0
8264,2007078567,2235.0,2230.0,25,25302,42.1151,-80.065,0,0,0,0,0,0,4,7,2007,7,99.0,3.0,0,1.0,3,1,3,  ,2,3.0,0,0,1,0,0,0,0,0,0,0,0,0,0,0,0,0,0
8265,2007078593,1719.0,1718.0,6,6301,40.3576,-75.9126,0,0,0,0,0,0,4,7,2007,2,17.0,1.0,0,1.0,3,1,3,  ,0,0.0,0,0,1,0,0,0,0,0,0,0,0,0,0,0,0,0,0
8266,2007078613,1105.0,1100.0,6,6207,40.1557,-75.8486,0,0,0,0,0,0,4,6,2007,6,10.0,1.0,0,1.0,1,2,3,  ,3,3.0,0,0,1,0,0,0,0,0,0,0,0,0,0,0,0,0,1
8267,2007079002,1740.0,1740.0,66,66413,39.8012,-76.9866,0,0,0,0,0,0,4,6,2007,5,17.0,1.0,0,1.0,2,1,3,  ,0,0.0,1,0,1,0,0,0,0,0,0,0,0,0,0,1,0,0,0
8268,2007079064,1650.0,1745.0,21,21103,40.2404,-76.9436,0,0,0,0,1,0,4,8,2007,6,16.0,1.0,0,1.0,3,2,3,  ,0,0.0,1,0,1,0,0,0,0,0,0,0,0,0,0,0,0,0,0
8269,2007079108,849.0,845.0,15,15411,40.1289,-75.527,0,0,0,0,0,0,4,8,2007,1,8.0,1.0,7,1.0,3,0,3,  ,0,0.0,0,0,1,0,0,0,0,0,0,0,0,0,0,0,0,0,0
8270,2007079136,1312.0,1309.0,66,66221,39.8911,-76.7868,0,0,0,0,1,0,4,7,2007,4,13.0,1.0,0,1.0,1,0,3,  ,0,0.0,1,0,1,0,0,0,0,0,0,0,0,0,0,0,0,1,0
8271,2007079206,2233.0,2230.0,39,39211,40.5504,-75.4208,0,0,0,0,0,1,4,8,2007,6,22.0,2.0,0,1.0,1,2,3,  ,0,0.0,0,0,1,0,0,0,0,0,0,0,0,0,0,0,0,0,0
8272,2007079605,1725.0,1725.0,2,2301,40.4645,-79.9301,0,0,0,0,0,0,4,7,2007,2,17.0,1.0,0,1.0,3,1,3,  ,0,0.0,0,0,1,0,0,0,0,0,0,0,0,0,0,0,0,0,0
8273,2007079694,1840.0,1838.0,36,36404,40.0376,-76.4913,0,0,0,0,0,0,4,8,2007,2,18.0,1.0,0,1.0,3,1,3,  ,3,3.0,0,0,1,0,0,1,0,0,0,0,0,0,0,0,0,0,1
8274,2007079737,1533.0,1502.0,5,5203,40.1613,-78.2298,1,0,0,0,0,0,4,6,2007,5,14.0,1.0,0,1.0,1,1,3,  ,3,3.0,0,0,1,0,0,0,0,0,0,0,0,0,0,0,0,0,0
8275,2007079798,1823.0,1821.0,39,39211,40.5537,-75.4363,0,1,0,0,0,0,2,8,2007,2,18.0,1.0,0,1.0,1,0,3,  ,0,0.0,0,0,0,0,0,0,0,0,0,0,0,0,0,0,0,0,1
8276,2007079924,1700.0,1651.0,67,67301,40.0713,-75.1545,0,0,0,0,0,0,4,6,2007,6,16.0,1.0,0,1.0,3,2,3,  ,2,3.0,0,0,1,0,0,0,0,0,0,0,0,0,0,0,0,0,0
8277,2007079943,2225.0,2219.0,67,67301,39.9573,-75.1452,0,0,0,0,0,0,4,6,2007,6,22.0,3.0,0,1.0,3,1,3,  ,2,3.0,0,0,1,0,0,0,0,0,0,0,0,0,0,0,0,0,0
8278,2007079965,1256.0,1254.0,67,67301,39.9227,-75.1565,0,0,0,0,1,0,4,6,2007,2,12.0,1.0,0,1.0,3,1,3,  ,2,3.0,0,0,1,0,0,0,0,0,0,0,0,0,0,0,0,0,0
8279,2007079970,1755.0,1747.0,67,67301,40.0523,-75.008,0,0,0,0,0,0,4,6,2007,5,16.0,1.0,0,1.0,3,1,3,  ,3,3.0,1,0,1,1,0,1,0,0,0,0,0,0,0,0,0,0,0
8280,2007080001,1648.0,1645.0,67,67301,39.9561,-75.2064,0,0,0,0,0,0,5,7,2007,5,16.0,1.0,0,1.0,3,1,3,  ,2,3.0,1,0,0,0,0,0,0,0,0,0,0,0,0,0,0,0,0
8281,2007080005,1510.0,1505.0,67,67301,40.012,-75.176,0,0,0,0,0,0,4,6,2007,2,15.0,1.0,0,1.0,3,1,3,  ,2,3.0,0,0,1,0,0,0,0,0,0,0,0,0,0,0,0,1,0
8282,2007080008,2300.0,2052.0,67,67301,39.9509,-75.2166,0,0,0,0,0,0,5,6,2007,4,20.0,1.0,0,1.0,3,0,3,  ,3,3.0,0,0,0,0,0,0,0,0,0,0,0,0,0,0,0,0,0
8283,2007080071,1638.0,1636.0,67,67301,39.9612,-75.1466,0,0,0,0,0,0,4,6,2007,2,16.0,1.0,0,9.0,3,1,7,  ,2,3.0,0,0,1,0,0,0,0,0,0,0,0,0,0,0,0,0,0
8284,2007080084,1905.0,1900.0,67,67301,40.0068,-75.0959,0,0,0,0,0,0,4,6,2007,3,18.0,1.0,0,1.0,3,0,3,  ,0,0.0,0,0,1,0,0,0,0,0,0,0,0,0,0,0,0,0,0
8285,2007080103,935.0,938.0,67,67301,39.951,-75.2058,0,0,0,0,0,0,4,6,2007,2,9.0,1.0,0,9.0,3,1,3,  ,3,3.0,0,0,1,0,0,0,0,0,0,0,0,0,0,0,0,1,0
8286,2007080119,9999.0,,67,67301,39.9898,-75.1177,0,0,0,0,0,0,4,6,2007,3,5.0,1.0,0,1.0,3,1,3,  ,2,2.0,0,0,1,0,0,0,0,0,0,0,0,0,0,0,0,0,0
8287,2007080126,1227.0,1225.0,67,67301,39.9967,-75.1151,0,0,0,0,0,0,5,6,2007,3,12.0,1.0,0,1.0,3,0,3,  ,0,0.0,0,0,0,0,0,0,0,0,0,0,0,0,0,0,0,0,0