,CRN,ARRIVAL_TM,DISPATCH_TM,COUNTY,MUNICIPALITY,DEC_LAT,DEC_LONG,BICYCLE_DEATH_COUNT,BICYCLE_SUSP_SERIOUS_INJ_COUNT,BUS_COUNT,HEAVY_TRUCK_COUNT,SMALL_TRUCK_COUNT,SUV_COUNT,COLLISION_TYPE,CRASH_MONTH,CRASH_YEAR,DAY_OF_WEEK,HOUR_OF_DAY,ILLUMINATION,LOCATION_TYPE,ROAD_CONDITION,URBAN_RURAL,INTERSECT_TYPE,WEATHER1,WEATHER2,TCD_TYPE,TCD_FUNC_CD,AGGRESSIVE_DRIVING,ALCOHOL_RELATED,ANGLE_CRASH,CELL_PHONE,COMM_VEHICLE,DISTRACTED,DRINKING_DRIVER,DRUGGED_DRIVER,FATIGUE_ASLEEP,IMPAIRED_DRIVER,NHTSA_AGG_DRIVING,RUNNING_RED_LT,RUNNING_STOP_SIGN,SPEEDING_RELATED,TAILGATING,MATURE_DRIVER,YOUNG_DRIVER
8288,2007080130,1355.0,1350.0,67,67301,39.9959,-75.1272,0,0,0,0,0,0,4,6,2007,1,13.0,1.0,0,1.0,3,2,3,  ,0,0.0,0,0,1,0,0,0,0,0,0,0,0,0,0,0,0,0,0
8289,2007080157,2221.0,2218.0,67,67301,39.9385,-75.1666,1,0,0,0,0,0,2,5,2007,1,22.0,3.0,0,1.0,3,0,3,  ,0,0.0,0,0,0,0,0,0,0,0,0,0,0,0,0,0,0,0,0
8290,2007080173,1120.0,1113.0,67,67301,40.0164,-75.2105,0,0,0,0,0,1,1,6,2007,7,11.0,1.0,0,1.0,3,2,3,  ,0,0.0,0,0,0,0,0,0,0,0,0,0,0,0,0,0,0,0,0
8291,2007080192,1642.0,1635.0,67,67301,39.933,-75.2253,0,0,0,0,0,0,4,6,2007,3,16.0,1.0,0,1.0,3,0,3,  ,0,0.0,0,0,1,0,0,0,0,0,0,0,0,0,0,0,0,0,0
8292,2007080200,10.0,2.0,67,67301,39.992,-75.14,0,0,0,0,0,1,4,5,2007,1,23.0,3.0,0,1.0,3,0,3,  ,2,3.0,0,0,1,0,0,0,0,0,0,0,0,0,0,0,0,0,0
8293,2007080206,2111.0,2110.0,67,67301,39.9702,-75.2072,0,1,0,0,0,0,4,6,2007,7,21.0,3.0,0,1.0,3,1,3,  ,3,2.0,0,0,1,0,0,0,0,0,0,0,0,0,0,0,0,0,0
8294,2007080213,9999.0,,67,67301,39.9486,-75.1678,0,1,0,0,1,0,4,6,2007,7,15.0,1.0,0,1.0,3,1,3,  ,2,3.0,0,0,1,0,0,0,0,0,0,0,0,0,0,0,0,0,0
8295,2007080225,2223.0,1022.0,67,67301,39.9364,-75.1587,0,0,0,0,1,0,1,6,2007,4,10.0,1.0,0,1.0,3,0,3,  ,0,0.0,0,0,0,0,0,0,0,0,0,0,0,0,0,0,0,0,0
8296,2007080238,1434.0,1430.0,46,46206,40.2928,-75.4817,1,0,0,0,0,0,4,7,2007,4,14.0,1.0,7,9.0,1,2,3,  ,0,0.0,0,0,1,0,0,1,0,0,0,0,0,0,0,0,0,0,0
8297,2007080253,1910.0,1905.0,67,67301,40.0707,-75.1812,0,0,0,0,0,0,8,5,2007,5,16.0,1.0,0,1.0,3,2,3,  ,0,0.0,0,0,0,0,0,0,0,0,0,0,0,0,0,0,0,0,0
8298,2007080276,1804.0,1802.0,67,67301,39.979,-75.1714,0,0,0,0,0,0,5,6,2007,3,18.0,1.0,0,1.0,3,0,3,  ,0,0.0,0,0,0,0,0,0,0,0,0,0,0,0,0,0,0,1,0
8299,2007080294,2137.0,2133.0,38,38301,40.3443,-76.4181,1,0,0,0,0,1,2,6,2007,7,21.0,3.0,0,1.0,2,0,3,  ,5,3.0,1,1,0,0,0,0,1,0,0,1,0,0,0,0,0,0,0
8300,2007080404,1832.0,1830.0,67,67301,40.0647,-74.9821,0,0,0,0,1,0,4,6,2007,2,18.0,1.0,0,1.0,3,0,3,  ,0,0.0,0,0,1,0,0,0,0,0,0,0,0,0,0,0,0,0,0
8301,2007080406,1850.0,1845.0,67,67301,40.0825,-74.9906,0,0,0,0,0,0,4,6,2007,2,18.0,1.0,0,1.0,3,2,3,  ,3,3.0,0,0,1,0,0,0,0,0,0,0,0,0,0,0,0,0,0
8302,2007080414,2340.0,2338.0,67,67301,39.9569,-75.2445,1,0,0,0,0,1,4,5,2007,5,22.0,3.0,0,1.0,3,0,3,  ,0,0.0,0,0,1,0,0,0,0,0,0,0,0,0,0,0,0,0,0
8303,2007080415,1530.0,1530.0,67,67301,39.9542,-75.2313,0,0,0,0,0,0,4,6,2007,4,15.0,1.0,0,9.0,3,2,3,  ,0,0.0,0,0,1,0,0,0,0,0,0,0,0,0,0,0,0,0,0
8304,2007080420,55.0,54.0,67,67301,39.9746,-75.1995,0,0,0,0,0,0,2,6,2007,1,0.0,3.0,0,1.0,3,1,3,  ,2,3.0,0,0,0,0,0,0,0,0,0,0,0,0,0,0,0,0,0
8305,2007080640,1953.0,1950.0,7,7301,40.5265,-78.394,0,0,0,0,0,0,8,8,2007,5,19.0,1.0,0,1.0,3,1,3,  ,0,0.0,1,0,0,0,0,0,0,0,0,0,0,0,0,0,0,0,0
8306,2007080775,1659.0,1647.0,66,66419,40.0629,-76.7075,0,0,0,0,0,0,4,8,2007,4,16.0,1.0,0,1.0,3,1,3,  ,8,2.0,0,0,1,0,0,0,0,0,0,0,0,0,0,0,0,0,0
8307,2007080776,1929.0,1927.0,66,66402,39.9027,-76.6445,0,0,0,0,1,0,4,7,2007,2,19.0,1.0,7,1.0,3,0,3,  ,0,0.0,1,0,1,0,0,0,0,0,0,0,0,0,0,1,0,0,0
8308,2007080783,1657.0,1655.0,22,22301,40.283,-76.8911,0,0,0,0,0,0,4,8,2007,7,16.0,1.0,0,1.0,3,2,3,  ,9,9.0,0,0,1,0,0,0,0,0,0,0,0,0,0,0,0,0,0
8309,2007080785,2015.0,2012.0,22,22301,40.277,-76.8943,0,0,0,0,0,0,4,8,2007,1,20.0,4.0,0,1.0,3,2,3,  ,3,3.0,0,0,1,0,0,0,0,0,0,0,0,0,0,0,0,0,0
8310,2007080818,2059.0,2058.0,67,67301,39.9653,-75.2015,0,0,0,0,0,0,2,5,2007,2,20.0,3.0,0,1.0,3,1,3,  ,3,3.0,0,0,0,0,0,0,0,0,0,0,0,0,0,0,0,0,0
8311,2007080822,1741.0,1735.0,67,67301,39.9456,-75.1733,0,0,0,0,0,0,5,6,2007,4,17.0,1.0,0,1.0,3,0,3,  ,0,0.0,0,0,0,0,0,0,0,0,0,0,0,0,0,0,0,0,0
8312,2007080828,1440.0,1440.0,67,67301,39.9537,-75.1579,0,0,0,0,0,1,4,6,2007,5,14.0,1.0,0,1.0,3,1,3,  ,2,3.0,0,0,1,0,0,0,0,0,0,0,0,0,0,0,0,1,0
8313,2007080849,1950.0,1945.0,67,67301,40.0534,-75.0751,0,1,0,0,1,0,4,5,2007,3,19.0,1.0,0,1.0,3,1,3,  ,2,2.0,0,0,1,0,0,0,0,0,0,0,0,0,0,0,0,0,1
8314,2007080860,2005.0,2000.0,67,67301,39.9877,-75.0924,0,0,0,0,0,0,6,6,2007,2,19.0,1.0,0,1.0,3,0,3,  ,0,0.0,0,0,0,0,0,0,0,0,0,0,0,0,0,0,0,0,0
8315,2007080924,913.0,912.0,67,67301,39.9384,-75.1708,0,0,0,0,0,0,6,5,2007,5,9.0,1.0,0,1.0,3,0,3,  ,0,0.0,0,0,0,0,0,0,0,0,0,0,0,0,0,0,0,0,0
8316,2007080939,1455.0,1450.0,67,67301,39.9697,-75.1317,0,0,0,0,0,0,4,5,2007,4,14.0,1.0,0,1.0,3,1,3,  ,2,3.0,0,0,1,0,0,0,0,0,0,0,0,0,0,0,0,0,0
8317,2007080950,1710.0,1654.0,67,67301,39.9374,-75.1873,0,0,0,0,0,0,4,5,2007,3,16.0,1.0,0,1.0,3,0,3,  ,0,0.0,0,0,1,0,0,0,0,0,0,0,0,0,0,0,0,0,0
8318,2007080959,2024.0,2018.0,67,67301,39.9668,-75.2418,0,0,0,0,0,0,5,6,2007,5,20.0,4.0,0,1.0,3,1,3,  ,2,3.0,0,0,0,0,0,0,0,0,0,0,0,0,0,0,0,0,0
8319,2007081023,855.0,853.0,67,67301,39.9417,-75.1573,0,0,0,0,0,0,4,4,2007,3,8.0,1.0,0,1.0,3,1,3,  ,3,9.0,0,0,1,0,0,0,0,0,0,0,0,0,0,0,0,0,0
8320,2007081035,1115.0,1109.0,67,67301,39.9543,-75.2402,0,0,0,0,0,0,5,6,2007,5,11.0,1.0,0,1.0,3,0,3,  ,0,0.0,0,0,0,0,0,0,0,0,0,0,0,0,0,0,0,0,0
8321,2007081082,2318.0,2316.0,67,67301,40.0388,-75.2233,0,0,0,0,0,0,1,5,2007,1,23.0,3.0,0,1.0,3,2,3,  ,0,0.0,0,1,0,0,0,0,1,0,0,1,0,0,0,0,0,0,0
8322,2007081130,9999.0,,67,67301,39.9823,-75.1502,0,0,0,0,0,0,2,5,2007,5,99.0,1.0,0,1.0,3,0,3,  ,0,0.0,0,0,0,0,0,0,0,0,0,0,0,0,0,0,0,0,0
8323,2007081190,1909.0,1905.0,36,36238,40.1279,-76.2002,0,0,0,0,0,0,2,7,2007,4,19.0,1.0,0,1.0,3,2,3,  ,4,3.0,0,0,0,0,0,0,0,0,0,0,0,0,0,0,0,0,0
8324,2007081378,704.0,656.0,54,54209,40.8066,-76.9395,0,0,0,0,1,0,4,6,2007,5,6.0,1.0,7,1.0,1,1,3,  ,0,0.0,1,0,1,0,0,0,0,0,0,0,0,0,0,0,0,0,0
8325,2007081413,1008.0,1006.0,46,46220,40.1041,-75.4043,0,0,0,0,0,0,4,7,2007,7,10.0,1.0,0,1.0,3,2,3,  ,0,0.0,1,0,1,0,0,0,0,0,0,0,0,0,0,0,0,1,0
8326,2007081422,2035.0,2030.0,67,67301,39.9451,-75.177,0,0,0,0,0,0,5,6,2007,6,20.0,3.0,0,9.0,3,1,7,  ,2,3.0,0,0,0,0,0,0,0,0,0,0,0,0,0,0,0,0,0
8327,2007081481,9999.0,9999.0,67,67301,40.0332,-75.1976,0,0,0,0,1,0,4,5,2007,4,8.0,1.0,0,1.0,3,12,3,  ,4,9.0,0,0,1,0,0,0,0,0,0,0,0,0,0,0,0,0,0
8328,2007081489,2048.0,2045.0,67,67301,40.0389,-75.0833,0,0,0,0,0,0,6,5,2007,6,20.0,3.0,0,1.0,3,1,3,  ,2,3.0,0,0,0,0,0,0,0,0,0,0,0,0,0,0,0,0,0
8329,2007081495,2035.0,2030.0,67,67301,39.9363,-75.1737,0,0,0,0,0,0,4,5,2007,6,20.0,4.0,0,1.0,3,2,3,  ,3,3.0,0,0,1,0,0,0,0,0,0,0,0,0,0,0,0,0,0
8330,2007081499,1315.0,1253.0,67,67301,39.9356,-75.179,0,0,0,0,0,1,4,6,2007,5,12.0,1.0,0,1.0,3,1,3,  ,2,3.0,0,0,1,0,0,0,0,0,0,0,0,0,0,0,0,0,0
8331,2007081500,1850.0,1846.0,46,46220,40.1095,-75.3654,0,0,0,0,0,0,4,6,2007,3,17.0,1.0,0,1.0,3,0,3,  ,0,0.0,0,0,1,0,0,0,0,0,0,0,0,0,0,0,0,0,0
8332,2007081544,1330.0,1320.0,67,67301,40.069,-75.1523,0,0,0,0,0,0,4,6,2007,6,13.0,1.0,0,1.0,3,0,3,  ,0,0.0,0,0,1,0,0,0,0,0,0,0,0,0,0,0,0,0,0
8333,2007081549,1659.0,1658.0,67,67301,40.0394,-75.2237,0,0,0,0,0,0,4,6,2007,4,16.0,1.0,0,1.0,3,0,3,  ,0,0.0,0,0,1,0,0,0,0,0,0,0,0,0,0,0,0,0,0
8334,2007081564,842.0,839.0,67,67301,39.9734,-75.2535,0,0,0,0,0,0,4,5,2007,7,99.0,1.0,0,1.0,3,1,3,  ,3,3.0,0,0,1,0,0,0,0,0,0,0,0,0,0,0,0,0,0
8335,2007081585,1120.0,1118.0,67,67301,39.9752,-75.1532,0,0,0,0,0,0,8,6,2007,1,11.0,1.0,0,1.0,3,1,3,  ,3,3.0,0,0,0,0,0,0,0,0,0,0,0,0,0,0,0,0,0
8336,2007081588,9999.0,9999.0,67,67301,39.9423,-75.2132,0,0,0,0,0,0,4,6,2007,6,21.0,1.0,0,1.0,3,0,3,  ,0,0.0,0,0,1,0,0,0,0,0,0,0,0,0,0,0,0,0,0
8337,2007081591,1703.0,1700.0,67,67301,40.0509,-75.1489,0,0,0,0,0,0,5,6,2007,6,16.0,1.0,0,1.0,3,0,3,  ,0,0.0,0,0,0,0,0,0,0,0,0,0,0,0,0,0,0,1,0
8338,2007081594,1705.0,1655.0,67,67301,39.949,-75.1492,0,0,0,0,0,0,4,6,2007,5,99.0,1.0,0,1.0,3,1,3,  ,8,3.0,0,0,1,0,0,0,0,0,0,0,0,0,0,0,0,0,0
8339,2007081647,9999.0,1356.0,67,67301,39.9182,-75.1828,0,1,0,0,0,0,4,5,2007,6,99.0,1.0,0,1.0,3,2,3,  ,2,9.0,1,0,1,0,0,0,0,0,0,0,0,1,0,0,0,0,0
8340,2007081682,9999.0,9999.0,67,67301,39.9633,-75.1611,0,0,0,0,0,0,8,5,2007,3,99.0,1.0,0,1.0,3,0,3,  ,0,0.0,0,0,0,0,0,0,0,0,0,0,0,0,0,0,0,0,0
8341,2007081684,2235.0,2232.0,67,67301,39.9689,-75.1599,0,1,0,0,0,0,4,6,2007,7,22.0,3.0,0,1.0,3,1,3,  ,2,3.0,1,0,1,0,0,0,0,0,0,0,0,0,0,0,0,0,0
8342,2007081685,940.0,935.0,67,67301,40.0238,-75.1546,0,0,0,0,0,0,4,5,2007,7,9.0,1.0,0,1.0,3,1,3,  ,3,9.0,0,0,1,0,0,0,0,0,0,0,0,0,0,0,0,0,0
8343,2007081694,1840.0,1840.0,67,67301,39.9488,-75.2388,0,0,0,0,0,0,6,5,2007,2,6.0,1.0,0,1.0,3,1,3,  ,0,0.0,0,0,0,0,0,0,0,0,0,0,0,0,0,0,0,0,0
8344,2007081709,1351.0,1350.0,67,67301,39.9498,-75.1679,0,0,0,0,0,0,4,6,2007,5,13.0,1.0,0,1.0,3,0,3,  ,0,0.0,0,0,1,0,0,0,0,0,0,0,0,0,0,0,0,0,0
8345,2007081739,1050.0,1047.0,67,67301,39.9548,-75.1664,0,0,0,0,0,0,5,6,2007,3,10.0,1.0,0,1.0,3,2,3,  ,2,3.0,1,0,0,0,0,0,0,0,0,0,0,1,0,0,0,0,0
8346,2007081840,2205.0,2155.0,67,67301,40.0571,-75.1798,0,1,0,0,0,0,4,6,2007,6,17.0,1.0,0,1.0,3,1,3,  ,3,9.0,0,0,1,0,0,0,0,0,0,0,0,0,0,0,0,0,0
8347,2007081872,1645.0,1641.0,67,67301,39.9933,-75.1632,0,0,0,0,1,0,4,5,2007,6,16.0,1.0,0,1.0,3,1,3,  ,2,3.0,0,0,1,0,0,0,0,0,0,0,0,0,0,0,0,0,0
8348,2007081940,1417.0,1416.0,9,9202,40.0982,-74.9468,0,0,0,0,0,0,4,7,2007,5,14.0,1.0,0,1.0,3,0,3,  ,0,0.0,0,0,1,0,0,0,0,0,0,0,0,0,0,0,0,1,0
8349,2007081944,1610.0,1610.0,9,9202,40.1059,-74.9386,0,0,0,0,1,0,1,7,2007,2,16.0,1.0,0,1.0,3,0,3,  ,0,0.0,0,0,0,0,0,0,0,0,0,0,0,0,0,0,0,0,0
8350,2007082158,1802.0,1753.0,17,17226,,,0,0,0,0,0,0,1,7,2007,1,17.0,1.0,0,1.0,1,0,3,  ,0,0.0,0,0,0,0,0,0,0,0,0,0,0,0,0,0,0,0,0
8351,2007082199,1758.0,1755.0,67,67301,39.9627,-75.1628,0,0,0,0,0,0,8,5,2007,5,17.0,1.0,0,1.0,3,0,3,  ,2,2.0,0,0,0,0,0,0,0,0,0,0,0,0,0,0,0,0,0
8352,2007082200,2319.0,2319.0,67,67301,39.9536,-75.1563,0,0,0,0,0,0,4,5,2007,2,23.0,3.0,0,1.0,3,2,3,  ,2,9.0,0,0,1,0,0,0,0,0,0,0,0,0,0,0,0,0,0
8353,2007082222,2044.0,2042.0,67,67301,39.937,-75.1751,0,0,0,0,0,0,4,6,2007,7,99.0,3.0,0,1.0,3,2,3,  ,3,3.0,0,0,1,0,0,0,0,0,0,0,0,0,0,0,0,0,0
8354,2007082226,1635.0,1630.0,67,67301,39.984,-75.175,0,0,1,0,0,0,4,4,2007,3,16.0,1.0,0,1.0,3,2,3,  ,2,2.0,0,0,1,0,1,0,0,0,0,0,0,0,0,0,0,0,0
8355,2007082251,827.0,824.0,67,67301,39.9454,-75.1532,0,0,0,0,1,0,4,6,2007,6,8.0,1.0,0,1.0,3,0,3,  ,0,0.0,0,0,1,0,0,0,0,0,0,0,0,0,0,0,0,0,0
8356,2007082473,9999.0,9999.0,67,67301,40.0399,-75.077,0,0,0,0,0,0,4,5,2007,5,99.0,3.0,0,1.0,3,1,3,  ,0,0.0,0,0,1,0,0,0,0,0,0,0,0,0,0,0,0,0,0
8357,2007082483,1315.0,1310.0,67,67301,39.9946,-75.1597,0,0,0,0,0,0,4,6,2007,7,13.0,1.0,0,1.0,3,1,3,  ,2,9.0,0,0,1,0,0,0,0,0,0,0,0,0,0,0,0,0,0
8358,2007082507,1553.0,1550.0,67,67301,39.9543,-75.224,0,0,0,0,0,0,2,6,2007,7,15.0,1.0,0,1.0,3,1,3,  ,2,3.0,0,0,0,0,0,0,0,0,0,0,0,0,0,0,0,0,0
8359,2007082515,1905.0,1900.0,67,67301,39.9981,-75.1498,0,0,0,0,0,0,4,6,2007,4,18.0,1.0,0,1.0,3,2,3,  ,3,9.0,0,0,1,0,0,0,0,0,0,0,0,0,0,0,0,0,0
8360,2007082534,9999.0,9999.0,67,67301,,,0,0,0,0,0,0,1,5,2007,2,20.0,3.0,0,1.0,3,0,3,  ,0,0.0,1,0,0,0,0,0,0,0,0,0,0,0,0,0,1,0,0
8361,2007082593,1725.0,1720.0,67,67301,39.9889,-75.1628,0,0,0,0,0,0,4,5,2007,3,17.0,1.0,7,1.0,3,0,3,  ,3,3.0,0,0,1,0,0,0,0,0,0,0,0,0,0,0,0,0,0
8362,2007082659,1905.0,1900.0,39,39301,40.6111,-75.4681,0,0,0,0,0,0,4,7,2007,2,18.0,1.0,0,1.0,3,1,3,  ,0,0.0,0,0,1,0,0,0,0,0,0,0,0,0,0,0,0,0,0
8363,2007082661,1802.0,1801.0,39,39301,40.6144,-75.4796,0,0,0,0,0,0,5,7,2007,1,18.0,1.0,0,1.0,3,0,3,  ,0,0.0,0,0,0,0,0,0,0,0,0,0,0,0,0,0,0,0,0
8364,2007082666,1910.0,1907.0,39,39301,40.6088,-75.4818,0,0,0,0,0,0,4,6,2007,7,19.0,1.0,0,1.0,3,1,3,  ,3,3.0,1,0,1,0,0,0,0,0,0,0,0,0,0,0,0,0,0
8365,2007082672,2159.0,2159.0,39,39301,40.6111,-75.4791,0,0,0,0,0,0,4,7,2007,4,21.0,3.0,0,1.0,3,1,3,  ,3,3.0,0,0,1,0,0,0,0,0,0,0,0,0,0,0,0,0,0
8366,2007082673,1558.0,1554.0,39,39301,40.6146,-75.4605,0,0,0,0,0,1,6,7,2007,3,99.0,1.0,0,1.0,3,1,3,  ,0,0.0,0,0,0,0,0,0,0,0,0,0,0,0,0,0,0,0,0
8367,2007082699,2059.0,2049.0,39,39301,40.6099,-75.4669,0,0,0,0,0,0,4,6,2007,2,20.0,3.0,0,1.0,3,1,3,  ,3,3.0,0,0,1,0,0,0,0,1,0,1,0,0,0,0,0,0,0
8368,2007082713,1842.0,1840.0,39,39301,40.6114,-75.4846,0,0,0,0,0,0,4,7,2007,2,18.0,1.0,0,1.0,3,2,3,  ,0,0.0,0,0,1,0,0,0,0,0,0,0,0,0,0,0,0,0,0
8369,2007082728,1609.0,1602.0,39,39301,40.5898,-75.5223,0,0,0,0,0,0,4,7,2007,4,16.0,1.0,0,1.0,3,2,3,  ,3,3.0,0,0,1,0,0,0,0,0,0,0,0,0,0,0,0,0,0
8370,2007082735,2035.0,2034.0,39,39301,40.6087,-75.4861,0,0,0,0,0,0,4,7,2007,2,20.0,1.0,0,1.0,3,0,3,  ,0,0.0,0,0,1,0,0,0,0,0,0,0,0,0,0,0,0,0,0
8371,2007082774,1454.0,1451.0,39,39301,40.609,-75.4755,0,0,0,0,1,0,8,7,2007,4,14.0,1.0,7,1.0,3,2,3,  ,0,0.0,0,0,0,0,0,0,0,0,0,0,0,0,0,0,0,0,0
8372,2007082820,1248.0,1248.0,39,39301,40.5726,-75.4659,0,0,0,1,0,0,4,7,2007,2,12.0,1.0,0,1.0,3,1,3,  ,3,3.0,0,0,1,0,0,0,0,0,0,0,0,0,0,0,0,0,0
8373,2007082821,1832.0,1823.0,39,39301,40.6148,-75.4526,0,0,0,0,0,0,4,6,2007,7,18.0,1.0,0,1.0,3,2,3,  ,3,3.0,0,0,1,0,0,0,0,0,0,0,0,0,0,0,0,0,0
8374,2007082849,935.0,935.0,36,36301,40.0329,-76.2997,0,0,0,0,0,0,4,7,2007,6,9.0,1.0,0,1.0,3,2,3,  ,3,3.0,0,0,1,0,0,0,0,0,0,0,0,0,0,0,0,0,0
8375,2007082881,1311.0,1309.0,2,2112,40.4931,-79.9118,0,0,0,0,0,0,4,7,2007,3,13.0,1.0,2,1.0,3,6,3,  ,3,3.0,0,0,1,0,0,0,0,0,0,0,0,0,0,0,0,1,0
8376,2007082892,1053.0,1047.0,67,67301,40.0368,-75.1756,0,0,0,0,0,0,4,6,2007,2,10.0,1.0,7,9.0,3,2,7,  ,0,0.0,0,0,1,0,0,0,0,0,0,0,0,0,0,0,0,0,0
8377,2007082896,1901.0,1900.0,46,46401,40.1567,-75.2251,0,0,0,0,0,0,4,4,2007,6,18.0,1.0,0,1.0,3,2,3,  ,3,3.0,0,0,1,0,0,0,0,0,0,0,0,0,0,0,0,0,1
8378,2007082935,2303.0,2302.0,67,67301,39.9556,-75.1728,0,0,0,0,0,0,4,6,2007,3,22.0,3.0,0,9.0,3,1,3,  ,2,3.0,0,0,1,0,0,0,0,0,0,0,0,0,0,0,0,0,0
8379,2007083004,1717.0,1713.0,11,11225,40.3007,-78.987,0,0,0,0,0,0,4,7,2007,1,17.0,1.0,0,1.0,1,0,3,  ,0,0.0,0,0,1,0,0,0,0,0,0,0,0,0,0,0,0,1,0
8380,2007083051,1631.0,1628.0,42,42402,41.6614,-78.8198,0,1,0,0,1,0,4,6,2007,6,16.0,1.0,0,1.0,1,2,3,  ,0,0.0,0,0,1,0,0,0,0,0,0,0,0,0,0,0,0,0,0
8381,2007083080,941.0,940.0,48,48206,40.6779,-75.3745,0,0,0,0,1,0,4,7,2007,1,9.0,1.0,0,9.0,3,0,7,  ,0,0.0,1,0,1,0,0,0,0,0,0,0,0,0,0,0,0,0,0
8382,2007083081,1933.0,1929.0,48,48206,40.6543,-75.3919,0,0,0,0,0,0,4,8,2007,2,19.0,1.0,0,1.0,3,1,3,  ,3,3.0,0,0,1,0,0,0,0,0,0,0,0,0,0,0,0,0,0
8383,2007083121,2226.0,2224.0,46,46106,40.2443,-75.6027,0,0,0,0,0,0,4,7,2007,5,20.0,4.0,7,1.0,2,0,3,  ,3,3.0,1,0,1,0,0,0,0,0,0,0,0,0,0,0,0,0,0
8384,2007083142,1542.0,1537.0,41,41301,41.24,-77.0034,0,0,0,0,0,0,4,8,2007,5,15.0,1.0,0,1.0,3,2,3,  ,0,0.0,0,0,1,0,0,0,0,0,0,0,0,0,0,0,0,0,1
8385,2007083144,1851.0,1849.0,9,9218,40.173,-74.9872,0,0,0,0,0,1,4,7,2007,6,18.0,1.0,0,1.0,3,2,3,  ,3,3.0,1,0,1,0,0,0,0,0,0,0,0,0,0,0,0,0,0
8386,2007083147,1659.0,1658.0,46,46413,40.1186,-75.3507,0,0,0,0,0,1,4,7,2007,3,99.0,1.0,0,1.0,3,1,3,  ,2,3.0,1,0,1,0,0,0,0,0,0,0,0,1,0,0,0,0,1
8387,2007083273,2233.0,2228.0,36,36218,40.1695,-76.1312,1,0,0,0,0,1,1,6,2007,6,22.0,2.0,0,1.0,1,0,3,  ,0,0.0,0,0,0,0,0,0,0,0,0,0,0,0,0,0,0,0,0
8388,2007083358,20.0,13.0,2,2113,40.4762,-79.8484,0,0,0,0,0,0,1,7,2007,5,0.0,6.0,0,1.0,3,0,3,  ,0,0.0,0,1,0,0,0,0,0,0,0,0,0,0,0,0,0,0,0
8389,2007083381,1337.0,1335.0,46,46401,40.1517,-75.2192,0,0,0,0,0,0,4,4,2007,7,13.0,1.0,0,1.0,3,2,3,  ,0,0.0,0,0,1,0,0,0,0,0,0,0,0,0,0,0,0,0,0
8390,2007083443,1323.0,1322.0,60,60301,41.4034,-79.8549,0,0,0,0,0,1,2,8,2007,3,13.0,1.0,0,9.0,2,1,7,  ,2,3.0,1,0,0,0,0,0,0,0,0,0,0,0,0,0,0,0,0
8391,2007083572,803.0,801.0,25,25411,42.2175,-79.829,0,0,0,0,0,0,6,8,2007,2,8.0,1.0,0,1.0,1,1,3,  ,3,3.0,0,0,0,0,0,0,0,0,0,0,0,0,0,0,0,1,0
8392,2007083600,1624.0,1623.0,11,11411,40.4891,-78.7249,0,0,0,0,0,1,4,8,2007,6,16.0,1.0,0,1.0,1,1,3,  ,3,9.0,0,0,1,0,0,0,0,0,0,0,0,0,0,0,0,0,0
8393,2007083743,1833.0,1826.0,4,4103,,,0,0,0,0,0,1,4,7,2007,4,18.0,1.0,0,1.0,3,1,3,  ,0,0.0,0,0,1,0,0,0,0,0,0,0,0,0,0,0,0,0,0
8394,2007083992,1131.0,1130.0,2,2109,40.3816,-80.0589,0,0,0,0,0,0,5,7,2007,1,11.0,1.0,0,1.0,3,2,3,  ,3,3.0,1,0,0,0,0,0,0,0,0,0,0,0,0,0,0,1,0
8395,2007083997,1521.0,1517.0,66,66301,39.9587,-76.7257,0,0,0,0,0,0,6,7,2007,2,15.0,1.0,0,1.0,3,0,3,  ,0,0.0,0,0,0,0,0,0,0,0,0,0,0,0,0,0,0,0,0
8396,2007084056,2059.0,2056.0,6,6301,40.3504,-75.926,0,0,0,0,0,1,4,7,2007,3,20.0,4.0,0,1.0,3,1,3,  ,0,0.0,0,0,1,0,0,0,0,0,0,0,0,0,0,0,0,0,0
8397,2007084087,1404.0,1404.0,6,6237,40.3232,-75.9936,0,0,0,0,1,0,4,8,2007,2,14.0,1.0,0,9.0,3,1,3,  ,2,3.0,0,0,1,0,0,0,0,0,0,0,0,0,0,0,0,0,0
8398,2007084120,1618.0,1612.0,9,9223,40.4862,-75.107,0,0,0,0,1,0,2,8,2007,7,16.0,1.0,0,1.0,1,0,3,  ,0,0.0,0,0,0,0,0,1,0,0,0,0,0,0,0,0,0,0,0
8399,2007084158,2220.0,2210.0,25,25302,42.114,-80.0468,0,0,0,0,0,0,8,8,2007,5,22.0,3.0,0,1.0,3,0,3,  ,0,0.0,1,0,0,0,0,0,0,0,0,0,1,0,0,1,0,0,0
8400,2007084500,1712.0,1712.0,66,66102,39.9172,-76.6306,0,0,0,0,0,0,4,7,2007,1,17.0,1.0,0,1.0,1,0,3,  ,0,0.0,0,0,1,0,0,0,0,0,0,0,0,0,0,0,0,0,0
8401,2007084528,1340.0,1338.0,21,21402,,,0,0,0,0,1,0,4,8,2007,6,13.0,1.0,0,1.0,2,0,3,  ,0,0.0,0,0,1,0,0,0,0,0,0,0,0,0,0,0,0,0,0
8402,2007084554,1730.0,1727.0,15,15236,40.0753,-75.4726,0,0,0,0,0,0,8,8,2007,5,17.0,1.0,0,1.0,1,2,3,  ,0,0.0,0,0,0,0,0,0,0,0,0,0,0,0,0,0,0,0,0