,CRN,ARRIVAL_TM,DISPATCH_TM,COUNTY,MUNICIPALITY,DEC_LAT,DEC_LONG,BICYCLE_DEATH_COUNT,BICYCLE_SUSP_SERIOUS_INJ_COUNT,BUS_COUNT,HEAVY_TRUCK_COUNT,SMALL_TRUCK_COUNT,SUV_COUNT,COLLISION_TYPE,CRASH_MONTH,CRASH_YEAR,DAY_OF_WEEK,HOUR_OF_DAY,ILLUMINATION,LOCATION_TYPE,ROAD_CONDITION,URBAN_RURAL,INTERSECT_TYPE,WEATHER1,WEATHER2,TCD_TYPE,TCD_FUNC_CD,AGGRESSIVE_DRIVING,ALCOHOL_RELATED,ANGLE_CRASH,CELL_PHONE,COMM_VEHICLE,DISTRACTED,DRINKING_DRIVER,DRUGGED_DRIVER,FATIGUE_ASLEEP,IMPAIRED_DRIVER,NHTSA_AGG_DRIVING,RUNNING_RED_LT,RUNNING_STOP_SIGN,SPEEDING_RELATED,TAILGATING,MATURE_DRIVER,YOUNG_DRIVER
8403,2007084608,1950.0,1943.0,67,67301,40.0433,-75.1778,0,0,0,0,0,0,4,5,2007,4,19.0,1.0,0,1.0,3,1,3,  ,3,2.0,0,0,1,0,0,0,0,0,0,0,0,0,0,0,0,0,0
8404,2007084609,1115.0,1115.0,67,67301,39.9946,-75.1128,0,0,0,0,0,0,5,4,2007,4,11.0,1.0,0,1.0,3,0,3,  ,0,0.0,0,0,0,0,0,0,0,0,0,0,0,0,0,0,0,0,0
8405,2007084652,1745.0,1743.0,36,36238,40.144,-76.2082,0,0,0,0,0,0,4,8,2007,2,17.0,1.0,0,1.0,3,2,3,  ,3,3.0,0,0,1,0,0,0,0,0,0,0,0,0,0,0,0,0,1
8406,2007084698,1138.0,1137.0,15,15247,39.9658,-75.5909,0,1,0,0,0,0,4,8,2007,3,11.0,1.0,0,1.0,3,2,3,  ,3,3.0,1,1,1,0,0,0,0,0,0,0,0,0,0,0,0,0,0
8407,2007084713,1551.0,1548.0,66,66413,39.7987,-76.9792,0,0,0,0,1,1,4,8,2007,4,15.0,1.0,0,1.0,2,0,3,  ,0,0.0,0,0,1,0,0,0,0,0,0,0,0,0,0,0,0,1,0
8408,2007084719,1124.0,1120.0,67,67301,39.9505,-75.2351,0,0,1,0,0,0,4,6,2007,7,11.0,1.0,0,1.0,3,1,3,  ,3,9.0,0,0,1,0,1,0,0,0,0,0,0,0,0,0,0,0,0
8409,2007084808,1633.0,1625.0,22,22208,40.3419,-76.8001,0,0,0,0,0,0,4,8,2007,4,16.0,1.0,0,1.0,3,0,3,  ,0,0.0,0,0,1,0,0,0,0,0,0,0,0,0,0,0,0,0,0
8410,2007084918,1819.0,1817.0,36,36415,40.0995,-76.1018,0,0,0,0,0,1,4,8,2007,5,18.0,1.0,0,1.0,1,1,3,  ,3,3.0,0,0,1,0,0,0,0,0,0,0,0,0,0,0,0,0,0
8411,2007084922,756.0,755.0,46,46104,40.0012,-75.2762,0,1,0,0,0,0,1,8,2007,3,7.0,1.0,0,9.0,3,1,7,  ,2,3.0,1,0,0,0,0,0,0,0,0,0,0,0,0,1,0,0,0
8412,2007084959,2039.0,2036.0,7,7301,40.5246,-78.3991,0,0,0,0,0,0,4,8,2007,2,20.0,4.0,0,1.0,3,1,3,  ,3,3.0,0,0,1,0,0,0,0,0,0,0,0,0,0,0,0,0,0
8413,2007084983,2231.0,2231.0,23,23106,40.0297,-75.3414,0,0,0,0,0,0,1,7,2007,3,18.0,1.0,0,1.0,3,0,3,  ,0,0.0,0,0,0,0,0,0,0,0,0,0,0,0,0,0,0,0,0
8414,2007085026,1541.0,1541.0,46,46416,40.2464,-75.6474,0,0,0,0,0,1,6,8,2007,5,15.0,1.0,0,1.0,2,1,3,  ,2,3.0,1,0,0,0,0,0,0,0,0,0,0,1,0,0,0,0,0
8415,2007085079,2147.0,2145.0,18,18301,41.1343,-77.4619,0,0,0,0,0,0,4,8,2007,5,21.0,3.0,0,1.0,2,2,3,  ,0,0.0,0,0,1,0,0,0,0,0,0,0,0,0,0,0,0,0,1
8416,2007085109,1905.0,1900.0,48,48301,40.6372,-75.3663,0,0,0,0,0,0,4,8,2007,2,7.0,1.0,0,1.0,3,0,3,  ,0,0.0,0,0,1,0,0,0,0,0,0,0,0,0,0,0,0,0,0
8417,2007085114,1910.0,1909.0,48,48301,40.6085,-75.3871,0,0,0,0,0,0,4,8,2007,4,19.0,1.0,0,1.0,3,1,3,  ,3,3.0,0,0,1,0,0,0,0,0,0,0,0,0,0,0,0,0,0
8418,2007085136,1756.0,1754.0,36,36223,40.0101,-76.3561,0,0,0,0,0,0,5,8,2007,3,17.0,1.0,0,1.0,1,0,3,  ,0,0.0,0,0,0,0,0,0,0,0,0,0,0,0,0,0,0,0,0
8419,2007085264,1755.0,1748.0,36,36406,40.1057,-76.3499,0,0,0,0,0,0,4,8,2007,2,16.0,1.0,0,1.0,3,0,3,  ,0,0.0,0,0,1,0,0,0,0,0,0,0,0,0,0,0,0,1,0
8420,2007085288,1716.0,1716.0,46,46416,40.2429,-75.6447,0,0,0,0,1,0,4,8,2007,7,17.0,1.0,0,1.0,2,1,3,  ,3,3.0,0,0,1,0,0,0,0,0,0,0,0,0,0,0,0,0,0
8421,2007085293,1135.0,1134.0,43,43302,41.2336,-80.5002,0,0,0,0,0,0,4,8,2007,4,11.0,1.0,0,1.0,3,2,3,  ,0,0.0,0,0,1,0,0,0,0,0,0,0,0,0,0,0,0,0,0
8422,2007085321,1656.0,1651.0,2,2466,40.4626,-79.7756,0,0,0,0,0,0,4,8,2007,6,16.0,1.0,0,1.0,3,0,3,  ,0,0.0,0,0,1,0,0,0,0,0,0,0,0,0,0,0,0,0,0
8423,2007085381,1305.0,1301.0,48,48301,40.8664,-75.2045,0,0,0,0,0,0,4,8,2007,5,13.0,1.0,0,1.0,3,0,3,  ,0,0.0,0,0,1,0,0,0,0,0,0,0,0,0,0,0,0,0,0
8424,2007085402,2104.0,2040.0,10,10301,40.8602,-79.9015,0,0,0,0,0,0,1,8,2007,6,20.0,3.0,0,1.0,2,0,3,  ,0,0.0,0,0,0,0,0,0,0,0,0,0,0,0,0,0,0,0,0
8425,2007085428,1049.0,1038.0,56,56402,41.4122,-76.5837,0,0,0,0,0,0,4,7,2007,7,10.0,1.0,0,1.0,1,0,3,  ,0,0.0,0,0,1,0,0,0,0,0,0,0,0,0,0,0,0,0,0
8426,2007085546,804.0,804.0,2,2301,40.4378,-79.9989,0,0,0,0,0,0,4,8,2007,4,8.0,1.0,1,1.0,3,1,3,  ,3,3.0,0,0,1,0,0,0,0,0,0,0,0,0,0,0,0,0,0
8427,2007085637,1252.0,1250.0,36,36407,40.1469,-76.603,0,0,0,0,0,0,4,8,2007,6,12.0,1.0,0,1.0,2,1,3,  ,3,3.0,1,0,1,0,0,0,0,0,0,0,0,0,0,0,0,0,0
8428,2007086017,1509.0,1450.0,22,22405,40.4684,-76.9328,0,0,0,0,1,0,4,7,2007,1,14.0,1.0,7,1.0,1,0,3,  ,3,3.0,0,0,1,0,0,0,0,0,0,0,0,0,0,0,0,0,0
8429,2007086081,1820.0,1815.0,37,37211,40.9877,-80.3127,0,1,0,0,0,1,4,7,2007,4,99.0,1.0,0,1.0,2,2,3,  ,3,3.0,0,0,1,0,0,0,0,0,0,0,0,0,0,0,0,0,0
8430,2007086093,1402.0,1402.0,6,6429,40.3341,-75.9641,0,0,0,0,0,0,4,1,2007,6,14.0,1.0,0,1.0,3,1,3,  ,8,3.0,0,0,1,0,0,0,0,0,0,0,0,0,0,0,0,0,0
8431,2007086171,1528.0,1523.0,6,6237,40.3331,-76.0084,0,0,0,0,0,0,4,8,2007,3,15.0,1.0,0,1.0,3,0,3,  ,0,0.0,0,0,1,0,0,0,0,0,0,0,0,0,0,0,0,0,0
8432,2007086198,1922.0,1920.0,9,9225,40.1861,-75.0431,0,0,0,0,0,1,4,8,2007,2,19.0,1.0,0,1.0,3,2,3,  ,3,3.0,0,0,1,0,0,0,0,0,0,0,0,0,0,0,0,0,0
8433,2007086279,921.0,916.0,22,22301,,,0,0,0,0,0,0,4,8,2007,3,9.0,1.0,0,1.0,3,0,3,  ,0,0.0,1,0,1,0,0,0,0,0,0,0,0,0,0,0,0,0,0
8434,2007086313,1130.0,1127.0,17,17301,41.1305,-78.7594,0,0,0,0,0,1,4,8,2007,6,11.0,1.0,0,1.0,2,3,3,  ,0,0.0,0,0,1,0,0,0,0,0,0,0,0,0,0,0,0,0,0
8435,2007086405,1610.0,1607.0,39,39301,40.6063,-75.4784,0,0,0,0,0,0,4,8,2007,3,16.0,1.0,0,1.0,3,2,3,  ,0,0.0,0,0,1,0,0,0,0,0,0,0,0,0,0,0,0,0,0
8436,2007086464,1950.0,1926.0,26,26403,40.0479,-79.6582,0,0,0,0,0,0,4,7,2007,5,17.0,1.0,0,1.0,1,0,3,  ,0,0.0,0,0,1,0,0,0,0,0,0,0,0,0,0,0,0,0,1
8437,2007086563,1449.0,1449.0,23,23301,39.8465,-75.3854,0,0,0,0,0,0,2,7,2007,4,14.0,1.0,0,9.0,3,1,3,  ,3,3.0,1,0,0,0,0,0,0,0,0,0,0,0,1,0,0,1,0
8438,2007086572,1642.0,1640.0,23,23301,39.8437,-75.3669,0,0,0,0,0,0,6,7,2007,6,16.0,1.0,0,1.0,3,0,3,  ,0,0.0,1,0,0,0,0,0,0,0,0,0,0,0,0,1,0,0,0
8439,2007086596,2104.0,2102.0,41,41403,41.2033,-77.259,0,0,0,0,0,0,4,8,2007,4,21.0,3.0,0,1.0,1,1,3,  ,3,3.0,0,0,1,0,0,0,0,0,0,0,0,0,0,0,0,1,0
8440,2007086875,128.0,128.0,20,20301,41.6376,-80.1503,0,0,0,0,0,0,5,9,2007,4,1.0,3.0,0,1.0,2,1,3,  ,2,3.0,0,1,0,0,0,0,0,0,0,0,0,0,0,0,0,0,0
8441,2007086883,1322.0,1320.0,2,2428,40.2701,-79.8901,0,0,0,0,0,0,2,8,2007,1,13.0,1.0,0,1.0,3,2,3,  ,8,3.0,0,0,0,0,0,0,0,0,0,0,0,0,0,0,0,1,0
8442,2007086903,1500.0,1454.0,7,7301,40.5134,-78.3788,0,0,0,0,0,0,1,9,2007,1,14.0,1.0,0,1.0,3,0,3,  ,0,0.0,0,0,0,0,0,0,0,0,0,0,0,0,0,0,0,0,0
8443,2007087003,821.0,756.0,12,12205,41.4807,-78.407,0,0,0,1,0,0,1,7,2007,5,7.0,1.0,0,1.0,1,0,3,  ,0,0.0,0,0,0,0,0,0,0,0,0,0,0,0,0,0,0,1,0
8444,2007087111,2006.0,2003.0,36,36415,40.0999,-76.0986,0,0,0,0,0,0,4,9,2007,4,20.0,3.0,0,1.0,1,2,3,  ,3,3.0,0,0,1,0,0,0,0,0,0,0,0,0,0,0,0,0,0
8445,2007087202,1050.0,1039.0,37,37217,41.1223,-80.3157,0,0,0,0,0,0,2,7,2007,1,10.0,1.0,0,1.0,1,1,3,  ,3,2.0,1,0,0,0,0,0,0,0,0,0,0,0,0,0,0,0,0
8446,2007087485,1310.0,1307.0,15,15247,39.9768,-75.6149,0,0,0,0,0,0,2,9,2007,2,13.0,1.0,0,1.0,3,0,3,  ,0,0.0,0,0,0,0,0,0,0,0,0,0,0,0,0,0,0,0,0
8447,2007087494,1528.0,1528.0,46,46104,40.0183,-75.2402,0,0,0,0,0,0,4,8,2007,3,15.0,1.0,0,1.0,3,2,3,  ,2,3.0,0,0,1,0,0,0,0,0,0,0,0,0,0,0,0,0,0
8448,2007087549,1919.0,1916.0,28,28401,39.9417,-77.6489,0,0,0,0,0,0,8,9,2007,5,19.0,1.0,0,1.0,1,0,3,  ,0,0.0,0,0,0,0,0,0,0,0,0,0,0,0,0,0,0,0,0
8449,2007087551,1755.0,1751.0,2,2216,40.6584,-80.0086,0,0,0,0,0,0,4,9,2007,5,17.0,1.0,0,1.0,3,2,3,  ,3,3.0,1,0,1,0,0,0,0,0,0,0,0,0,0,0,0,0,0
8450,2007087752,1637.0,1637.0,64,64302,40.2979,-79.548,0,0,0,0,0,0,4,8,2007,7,16.0,1.0,0,1.0,3,0,3,  ,0,0.0,0,0,1,0,0,0,0,0,0,0,0,0,0,0,0,0,0
8451,2007087758,816.0,613.0,36,36301,40.0299,-76.2948,0,0,0,0,0,0,2,8,2007,2,6.0,1.0,0,1.0,3,1,3,  ,2,3.0,1,0,0,0,0,0,0,0,0,0,0,0,0,0,0,0,0
8452,2007087901,1907.0,1901.0,43,43225,,,0,0,0,0,0,0,5,8,2007,2,19.0,1.0,0,1.0,1,0,3,  ,0,0.0,0,0,0,0,0,1,0,0,0,0,0,0,0,0,0,0,1
8453,2007087904,1703.0,1702.0,46,46410,,,0,0,0,0,0,0,4,8,2007,7,17.0,1.0,0,1.0,3,0,3,  ,0,0.0,0,0,1,0,0,0,0,0,0,0,0,0,0,0,0,0,0
8454,2007087935,1135.0,1133.0,3,3409,40.821,-79.5262,0,0,0,0,0,0,4,8,2007,3,11.0,1.0,0,1.0,2,0,3,  ,0,0.0,0,0,1,0,0,0,0,0,0,0,0,0,0,0,0,0,0
8455,2007088029,542.0,541.0,36,36413,40.1103,-76.4733,0,0,0,0,0,0,4,8,2007,3,5.0,3.0,7,1.0,2,0,3,  ,0,0.0,1,0,1,0,0,0,0,0,0,0,0,0,0,0,0,0,0
8456,2007088269,1023.0,1013.0,21,21207,40.1712,-77.0517,0,0,0,0,0,0,1,8,2007,7,10.0,1.0,0,1.0,1,0,3,  ,0,0.0,0,0,0,0,0,0,0,0,0,0,0,0,0,0,0,0,0
8457,2007088399,2226.0,2220.0,28,28203,39.9582,-77.6432,0,0,0,0,1,0,8,6,2007,7,22.0,3.0,0,1.0,1,0,3,  ,0,0.0,0,0,0,0,0,0,0,0,0,0,0,0,0,0,0,0,0
8458,2007088461,1705.0,1704.0,55,55422,40.2394,-78.8361,0,0,0,0,1,0,4,8,2007,6,17.0,1.0,0,1.0,3,1,3,  ,0,0.0,0,0,1,0,0,1,0,0,0,0,0,0,0,0,0,0,0
8459,2007088633,1025.0,1017.0,25,25210,42.1586,-79.9799,0,0,0,0,1,0,1,7,2007,7,10.0,1.0,0,1.0,1,0,3,  ,3,3.0,0,0,0,0,0,0,0,0,0,0,0,0,0,0,0,0,0
8460,2007088666,9999.0,2253.0,25,25302,42.1051,-80.1308,0,0,0,0,0,0,4,8,2007,6,22.0,3.0,0,1.0,3,1,3,  ,2,3.0,0,0,1,0,0,0,0,0,0,0,0,0,0,0,0,0,0
8461,2007088810,1246.0,1242.0,9,9101,40.1542,-74.8555,0,0,0,0,0,1,4,8,2007,6,12.0,1.0,0,1.0,3,2,3,  ,3,3.0,0,0,1,0,0,0,0,0,0,0,0,0,0,0,0,0,0
8462,2007088833,959.0,954.0,36,36223,40.0368,-76.3455,0,0,0,0,0,0,4,8,2007,2,9.0,1.0,7,1.0,1,0,3,  ,0,0.0,0,0,1,0,0,0,0,0,0,0,0,0,0,0,0,1,0
8463,2007089087,1657.0,1655.0,36,36408,40.1801,-76.1795,0,0,0,0,0,0,4,8,2007,3,16.0,1.0,0,1.0,2,1,3,  ,2,3.0,0,0,1,0,0,0,0,0,0,0,0,0,0,0,0,0,0
8464,2007089194,2113.0,2110.0,15,15411,40.1298,-75.5248,0,0,0,0,0,0,4,9,2007,6,21.0,3.0,0,1.0,3,1,3,  ,0,0.0,0,0,1,0,0,0,0,0,0,0,0,0,0,0,0,0,0
8465,2007089279,1159.0,1146.0,39,39201,40.6394,-75.4608,0,0,0,0,0,0,4,7,2007,3,16.0,1.0,0,1.0,3,2,3,  ,0,0.0,0,0,1,0,0,0,0,0,0,0,0,0,0,0,0,0,0
8466,2007089433,709.0,706.0,22,22103,40.2262,-76.7916,0,0,0,0,0,0,1,9,2007,3,7.0,1.0,0,1.0,3,0,7,  ,0,0.0,0,0,0,0,0,0,0,0,0,0,0,0,0,0,0,0,0
8467,2007089444,1032.0,1028.0,22,22301,40.2734,-76.8677,0,0,0,0,0,0,4,9,2007,3,10.0,1.0,0,1.0,3,1,3,  ,3,3.0,0,0,1,0,0,0,0,0,0,0,0,0,0,0,0,1,0
8468,2007089539,1213.0,1211.0,25,25302,42.1185,-80.0826,0,0,0,0,0,0,4,8,2007,1,12.0,1.0,0,1.0,3,0,3,  ,0,0.0,0,0,1,0,0,0,0,0,0,0,0,0,0,0,0,0,0
8469,2007089543,1634.0,1632.0,6,6301,40.3443,-75.915,0,0,0,0,0,0,4,8,2007,3,16.0,1.0,0,1.0,3,1,3,  ,3,3.0,0,0,1,0,0,0,0,0,0,0,0,0,0,0,0,0,1
8470,2007089556,1601.0,1558.0,6,6236,40.3145,-76.0477,0,0,0,0,0,0,4,8,2007,7,15.0,1.0,0,1.0,1,2,3,  ,3,3.0,1,0,1,0,0,0,0,0,0,0,0,0,1,0,0,1,0
8471,2007089560,1658.0,1652.0,15,15214,40.0327,-75.5869,0,0,0,0,0,0,4,9,2007,2,16.0,1.0,0,1.0,3,1,3,  ,2,3.0,0,0,1,0,0,0,0,0,0,0,0,0,0,0,0,0,0
8472,2007089563,1547.0,1544.0,25,25302,42.1151,-80.065,0,0,0,0,0,0,4,8,2007,5,15.0,1.0,0,1.0,3,1,3,  ,2,3.0,0,0,1,0,0,0,0,0,0,0,0,0,0,0,0,0,0
8473,2007089595,835.0,831.0,39,39104,40.5241,-75.5856,0,0,0,1,0,0,4,8,2007,3,8.0,1.0,0,1.0,3,0,3,  ,0,0.0,1,0,1,0,1,0,0,0,0,0,0,0,0,0,0,0,0
8474,2007089655,2022.0,2021.0,53,53301,40.6953,-76.1903,0,0,0,0,1,0,4,9,2007,2,20.0,3.0,0,1.0,2,3,3,  ,0,0.0,0,0,1,0,0,0,0,0,0,0,0,0,0,0,0,1,0
8475,2007089658,1256.0,1253.0,2,2301,40.4323,-79.9798,0,0,0,0,1,0,5,8,2007,7,12.0,1.0,0,1.0,3,0,3,  ,0,0.0,0,0,0,0,0,0,0,0,0,0,0,0,0,0,0,0,0
8476,2007089710,1506.0,1500.0,35,35302,41.4195,-75.6916,0,0,0,0,0,1,4,7,2007,5,15.0,1.0,0,9.0,3,1,3,  ,3,3.0,0,0,1,0,0,0,0,0,0,0,0,0,0,0,0,0,0
8477,2007089715,1651.0,1651.0,35,35302,41.4252,-75.6664,0,0,0,0,0,1,5,7,2007,5,16.0,1.0,0,1.0,3,3,3,  ,3,3.0,0,0,0,0,0,0,0,0,0,0,0,0,0,0,0,0,0
8478,2007089776,1644.0,1642.0,9,9101,40.132,-74.888,0,1,0,0,0,0,4,8,2007,6,16.0,1.0,0,1.0,3,5,3,  ,2,3.0,0,0,1,0,0,0,0,0,0,0,0,0,0,0,0,0,0
8479,2007089787,1702.0,1700.0,46,46410,40.0999,-75.1258,0,1,0,0,0,1,8,9,2007,3,16.0,1.0,0,1.0,3,1,3,  ,2,3.0,0,0,0,0,0,0,0,0,0,0,0,0,0,0,0,0,0
8480,2007089816,1545.0,1545.0,2,2208,40.5384,-79.8319,0,0,0,0,0,0,4,9,2007,2,15.0,1.0,7,1.0,3,0,3,  ,0,0.0,0,0,1,0,0,0,0,0,0,0,0,0,0,0,0,0,0
8481,2007089863,1011.0,1011.0,21,21404,40.2237,-77.0077,0,0,0,0,0,0,4,9,2007,6,10.0,1.0,0,1.0,3,2,3,  ,3,3.0,1,0,1,0,0,0,0,0,0,0,0,0,0,0,0,1,0
8482,2007089926,1712.0,1711.0,63,63403,41.5721,-75.2556,0,0,0,0,0,0,4,9,2007,1,17.0,1.0,0,1.0,2,2,3,  ,3,3.0,0,0,1,0,0,0,0,0,0,0,0,0,0,0,0,0,0
8483,2007089961,1730.0,1723.0,2,2301,40.4205,-79.9455,0,0,0,0,0,0,4,8,2007,1,17.0,1.0,0,1.0,3,1,3,  ,0,0.0,0,0,1,0,0,0,0,0,0,0,0,0,0,0,0,0,0
8484,2007090034,1738.0,1733.0,23,23111,39.9599,-75.3118,0,0,0,0,0,0,2,8,2007,3,17.0,1.0,0,1.0,3,0,3,  ,0,0.0,0,0,0,0,0,0,0,0,0,0,0,0,0,0,0,0,0
8485,2007090038,1528.0,1518.0,23,23111,39.9411,-75.2561,0,0,0,0,0,0,2,8,2007,3,15.0,1.0,0,1.0,3,1,3,  ,2,3.0,0,0,0,0,0,0,0,0,0,0,0,0,0,0,0,0,1
8486,2007090044,1911.0,1902.0,46,46205,40.2536,-75.5247,0,0,0,0,1,0,4,8,2007,6,19.0,1.0,0,1.0,1,2,3,  ,3,3.0,1,0,1,0,0,0,0,0,0,0,0,0,1,0,0,0,0
8487,2007090052,1715.0,1713.0,2,2301,40.4499,-80.0047,0,0,0,0,0,1,4,8,2007,5,17.0,1.0,0,1.0,3,0,3,  ,0,0.0,0,0,1,0,0,0,0,0,0,0,0,0,0,0,0,0,0
8488,2007090081,1429.0,1426.0,39,39201,40.6584,-75.4456,0,0,0,0,0,1,5,7,2007,2,14.0,1.0,0,1.0,3,1,3,  ,3,3.0,1,0,0,0,0,0,0,0,0,0,0,0,0,0,0,0,0
8489,2007090181,2206.0,2203.0,46,46413,40.1199,-75.3383,0,0,0,0,0,1,4,8,2007,2,22.0,3.0,0,1.0,3,1,3,  ,3,3.0,0,1,1,0,0,0,0,0,0,0,0,0,0,0,0,0,0
8490,2007090185,1619.0,1557.0,46,46413,40.1181,-75.3395,0,0,0,0,0,0,4,8,2007,1,19.0,4.0,0,1.0,3,1,3,  ,3,9.0,0,0,1,0,0,0,0,0,0,0,0,0,0,0,0,0,0
8491,2007090189,1744.0,1741.0,46,46413,40.1225,-75.343,0,0,0,0,0,0,4,8,2007,5,17.0,1.0,0,1.0,3,1,3,  ,2,3.0,0,0,1,0,0,0,0,0,0,0,0,0,0,0,0,0,0
8492,2007090199,1412.0,1407.0,46,46413,40.1183,-75.3495,0,0,0,0,0,1,4,8,2007,6,14.0,1.0,0,1.0,3,1,3,  ,2,2.0,0,0,1,0,0,0,0,0,0,0,0,0,0,0,0,0,0
8493,2007090237,1645.0,1642.0,32,32223,40.6348,-79.1439,0,0,0,0,0,0,4,7,2007,1,16.0,1.0,0,1.0,1,1,3,  ,3,3.0,0,0,1,0,0,0,0,0,0,0,0,0,0,0,0,0,0
8494,2007090296,1236.0,1210.0,10,10223,40.8927,-80.1004,0,0,0,0,0,0,2,7,2007,1,12.0,1.0,0,1.0,1,1,3,  ,3,3.0,0,0,0,0,0,0,0,0,0,0,0,0,0,0,0,0,0
8495,2007090513,1541.0,1536.0,2,2301,40.4278,-79.9695,0,1,0,0,0,0,4,8,2007,6,15.0,1.0,0,1.0,3,1,3,  ,0,0.0,1,0,1,0,0,0,0,0,0,0,0,0,0,0,0,0,0
8496,2007090558,1025.0,1016.0,36,36301,40.0488,-76.3077,0,0,0,0,0,1,4,8,2007,6,10.0,1.0,0,1.0,3,1,3,  ,3,3.0,1,0,1,0,0,0,0,0,0,0,0,0,0,0,0,0,0
8497,2007090606,1758.0,1752.0,10,10101,40.8451,-79.9517,0,0,0,0,0,0,4,9,2007,3,17.0,1.0,0,1.0,2,2,3,  ,0,0.0,1,0,1,0,0,0,0,0,0,0,0,0,0,1,0,0,1
8498,2007090717,1845.0,1845.0,64,64412,40.3056,-79.3746,0,0,0,0,0,0,4,9,2007,5,18.0,1.0,0,1.0,2,1,3,  ,0,0.0,0,0,1,0,0,0,0,0,0,0,0,0,0,0,0,0,0
8499,2007090749,2254.0,2254.0,54,54404,40.8109,-76.8611,0,0,0,0,0,0,6,8,2007,6,21.0,3.0,0,1.0,2,1,3,  ,0,0.0,0,0,0,0,0,0,0,0,0,0,0,0,0,0,0,0,0
8500,2007090834,1158.0,1157.0,6,6414,40.2888,-75.9791,0,0,0,0,0,0,4,8,2007,4,11.0,1.0,0,1.0,3,1,3,  ,3,3.0,0,0,1,0,0,0,0,0,0,0,0,0,0,0,0,0,0
8501,2007091066,1911.0,1910.0,25,25302,42.1201,-80.0514,0,0,0,0,0,0,4,8,2007,7,19.0,1.0,0,1.0,3,1,3,  ,2,3.0,0,0,1,0,0,0,0,0,0,0,0,0,0,0,0,0,1
8502,2007091081,9999.0,1758.0,25,25302,42.1235,-80.0812,0,0,0,0,0,0,4,8,2007,1,15.0,1.0,0,1.0,3,1,3,  ,2,9.0,0,0,1,0,0,0,0,0,0,0,0,0,0,0,0,0,0
8503,2007091215,1308.0,1305.0,36,36404,40.0304,-76.5035,0,0,0,0,0,0,4,9,2007,7,13.0,1.0,0,1.0,3,1,3,  ,0,0.0,0,0,1,0,0,0,0,0,0,0,0,0,0,0,0,1,0
8504,2007091288,1854.0,1852.0,46,46107,40.0917,-75.2889,0,0,0,0,0,0,4,9,2007,6,18.0,1.0,0,1.0,3,2,3,  ,3,3.0,0,0,1,1,0,1,0,0,0,0,0,0,0,0,0,0,0
8505,2007091292,1655.0,1649.0,21,21103,40.2328,-76.9504,0,0,0,0,0,0,2,9,2007,6,16.0,1.0,0,1.0,3,2,3,  ,3,3.0,0,0,0,0,0,0,0,0,0,0,0,0,0,0,0,0,0
8506,2007091303,601.0,559.0,46,46410,40.0943,-75.1238,0,0,0,0,1,0,8,9,2007,4,5.0,3.0,0,1.0,3,1,3,  ,2,3.0,0,0,0,0,0,0,0,0,0,0,0,0,0,0,0,0,0
8507,2007091734,2051.0,2047.0,9,9218,40.2185,-74.997,0,0,0,0,0,1,5,9,2007,3,20.0,3.0,0,1.0,3,0,3,  ,0,0.0,0,1,0,0,0,0,1,1,0,1,0,0,0,0,0,0,0
8508,2007091861,1620.0,1618.0,67,67301,39.9379,-75.1667,0,0,0,0,0,0,4,7,2007,5,16.0,1.0,0,1.0,3,1,3,  ,2,3.0,0,0,1,0,0,0,0,0,0,0,0,0,0,0,0,0,0
8509,2007091912,1918.0,1915.0,67,67301,40.0357,-75.0843,0,0,0,0,0,1,4,7,2007,6,19.0,1.0,0,1.0,3,1,3,  ,3,3.0,0,0,1,0,0,0,0,0,0,0,0,0,0,0,0,0,0
8510,2007091953,1600.0,1556.0,67,67301,39.9541,-75.1897,0,0,0,0,0,0,8,7,2007,7,15.0,1.0,0,1.0,3,1,3,  ,2,3.0,1,0,0,0,0,0,0,0,0,0,0,1,0,0,0,0,0
8511,2007091985,1918.0,1913.0,67,67301,40.0645,-75.0516,0,0,0,0,0,0,5,7,2007,7,19.0,1.0,0,1.0,3,0,3,  ,0,0.0,0,0,0,0,0,0,0,0,0,0,0,0,0,0,0,0,0
8512,2007091986,1129.0,1125.0,67,67301,39.9789,-75.1825,0,1,0,0,0,1,5,7,2007,4,11.0,1.0,0,1.0,3,1,3,  ,0,0.0,0,0,0,0,0,0,0,0,0,0,0,0,0,0,0,0,0
8513,2007092004,1935.0,1917.0,67,67301,40.0448,-75.1024,0,0,0,0,0,0,4,7,2007,1,19.0,1.0,0,1.0,3,1,3,  ,0,0.0,0,0,1,0,0,0,0,0,0,0,0,0,0,0,0,0,0
8514,2007092034,1939.0,1936.0,67,67301,40.0352,-75.1456,0,0,0,0,0,0,4,7,2007,1,19.0,1.0,0,1.0,3,1,3,  ,2,3.0,1,0,1,0,0,0,0,0,0,0,0,0,0,0,0,0,0
8515,2007092050,858.0,853.0,67,67301,40.0245,-75.166,0,0,0,0,0,0,5,7,2007,5,8.0,1.0,0,1.0,3,0,3,  ,0,0.0,0,0,0,0,0,0,0,0,0,0,0,0,0,0,0,0,0
8516,2007092054,2040.0,2030.0,67,67301,39.9764,-75.1228,0,0,0,0,1,0,2,8,2007,3,20.0,3.0,0,1.0,3,0,3,  ,0,0.0,0,0,0,0,0,0,0,0,0,0,0,0,0,0,0,0,0
8517,2007092073,1145.0,1130.0,67,67301,39.9951,-75.1505,0,0,0,0,1,0,4,7,2007,3,11.0,1.0,0,1.0,3,1,3,  ,2,9.0,0,0,1,0,0,0,0,0,0,0,0,0,0,0,0,0,0