,CRN,ARRIVAL_TM,DISPATCH_TM,COUNTY,MUNICIPALITY,DEC_LAT,DEC_LONG,BICYCLE_DEATH_COUNT,BICYCLE_SUSP_SERIOUS_INJ_COUNT,BUS_COUNT,HEAVY_TRUCK_COUNT,SMALL_TRUCK_COUNT,SUV_COUNT,COLLISION_TYPE,CRASH_MONTH,CRASH_YEAR,DAY_OF_WEEK,HOUR_OF_DAY,ILLUMINATION,LOCATION_TYPE,ROAD_CONDITION,URBAN_RURAL,INTERSECT_TYPE,WEATHER1,WEATHER2,TCD_TYPE,TCD_FUNC_CD,AGGRESSIVE_DRIVING,ALCOHOL_RELATED,ANGLE_CRASH,CELL_PHONE,COMM_VEHICLE,DISTRACTED,DRINKING_DRIVER,DRUGGED_DRIVER,FATIGUE_ASLEEP,IMPAIRED_DRIVER,NHTSA_AGG_DRIVING,RUNNING_RED_LT,RUNNING_STOP_SIGN,SPEEDING_RELATED,TAILGATING,MATURE_DRIVER,YOUNG_DRIVER
8518,2007092105,810.0,800.0,64,64305,40.5627,-79.7633,0,0,0,0,0,0,4,9,2007,5,7.0,1.0,0,1.0,3,1,3,  ,3,3.0,0,0,1,0,0,0,0,0,0,0,0,0,0,0,0,1,0
8519,2007092172,2209.0,2208.0,67,67301,39.9218,-75.1498,0,0,0,0,0,0,4,7,2007,1,22.0,3.0,0,1.0,3,1,3,  ,2,3.0,0,0,1,0,0,1,0,0,0,0,0,0,0,0,0,0,0
8520,2007092218,1328.0,1324.0,2,2301,40.4463,-79.9489,0,0,0,0,0,0,5,9,2007,2,13.0,1.0,0,1.0,3,1,3,  ,0,0.0,1,0,0,0,0,0,0,0,0,0,0,0,0,0,0,1,0
8521,2007092302,1839.0,1837.0,67,67301,39.9506,-75.1499,0,0,0,0,0,0,6,7,2007,6,18.0,1.0,0,1.0,3,0,3,  ,0,0.0,0,0,0,0,0,0,0,0,0,0,0,0,0,0,0,0,0
8522,2007092322,405.0,403.0,67,67301,39.9605,-75.137,0,0,0,0,0,0,4,7,2007,7,2.0,3.0,0,1.0,3,2,3,  ,2,3.0,1,0,1,0,0,0,0,0,0,0,1,0,0,0,0,0,0
8523,2007092341,1152.0,1150.0,67,67301,39.9815,-75.2241,0,0,0,0,0,1,1,7,2007,4,99.0,1.0,0,1.0,3,1,3,  ,2,3.0,0,0,0,0,0,0,0,0,0,0,0,0,0,0,0,0,0
8524,2007092618,1830.0,9999.0,67,67301,39.9855,-75.1706,0,0,0,0,0,0,4,7,2007,4,99.0,1.0,0,1.0,3,2,3,  ,0,0.0,0,0,1,0,0,0,0,0,0,0,0,0,0,0,0,0,0
8525,2007092597,1300.0,1250.0,67,67301,40.0333,-75.0377,0,0,0,0,0,1,4,7,2007,2,12.0,1.0,0,1.0,3,1,3,  ,2,3.0,0,0,1,0,0,0,0,0,0,0,0,0,0,0,0,0,0
8526,2007092604,1910.0,1907.0,67,67301,40.0439,-75.0692,0,0,0,0,0,0,4,6,2007,6,19.0,1.0,0,1.0,3,1,3,  ,0,0.0,0,0,1,0,0,1,0,0,0,0,0,0,0,0,0,0,0
8527,2007092606,1205.0,1200.0,67,67301,40.0497,-75.0786,0,0,0,0,0,0,4,7,2007,6,12.0,1.0,0,1.0,3,1,3,  ,2,3.0,0,0,1,0,0,0,0,0,0,0,0,0,0,0,0,0,0
8528,2007092613,1510.0,1500.0,67,67301,39.948,-75.1727,0,0,0,0,0,0,4,7,2007,2,14.0,1.0,0,1.0,3,1,3,  ,2,9.0,0,0,1,0,0,0,0,0,0,0,0,0,0,0,0,0,1
8529,2007092617,2354.0,2354.0,67,67301,39.988,-75.1693,0,0,0,0,0,0,5,7,2007,6,23.0,3.0,0,1.0,3,2,3,  ,0,0.0,0,0,0,0,0,0,0,0,0,0,0,0,0,0,0,0,0
8530,2007092658,1905.0,1903.0,9,9208,40.1704,-74.827,0,0,0,0,0,0,4,7,2007,1,19.0,1.0,0,1.0,3,0,3,  ,0,0.0,0,0,1,0,0,0,0,0,0,0,0,0,0,0,0,0,1
8531,2007092789,1949.0,1948.0,67,67301,39.9747,-75.2676,0,0,0,0,0,0,4,7,2007,6,19.0,1.0,0,1.0,3,2,3,  ,0,0.0,0,0,1,0,0,0,0,0,0,0,0,0,0,0,0,0,0
8532,2007092816,1535.0,1525.0,2,2301,40.4549,-80.0637,0,0,0,0,0,1,4,9,2007,1,15.0,1.0,0,1.0,3,1,3,  ,3,3.0,0,0,1,0,0,0,0,0,0,0,0,0,0,0,0,0,0
8533,2007092917,1725.0,1720.0,67,67301,39.9185,-75.2418,0,0,0,0,0,0,4,7,2007,2,16.0,1.0,0,1.0,3,1,3,  ,2,3.0,0,0,1,0,0,0,0,0,0,0,0,0,0,0,0,0,0
8534,2007092925,2115.0,2114.0,67,67301,39.9318,-75.1884,0,0,0,0,0,0,4,7,2007,3,21.0,2.0,0,1.0,3,0,3,  ,3,3.0,0,0,1,0,0,0,0,0,0,0,0,0,0,0,0,0,0
8535,2007092931,1621.0,1621.0,67,67301,40.0383,-75.0754,0,0,0,0,0,0,4,7,2007,2,16.0,1.0,0,1.0,3,1,3,  ,2,2.0,0,0,1,0,0,0,0,0,0,0,0,0,0,0,0,0,0
8536,2007092932,1530.0,1524.0,67,67301,39.958,-75.1553,0,0,0,0,0,0,4,7,2007,7,14.0,1.0,0,1.0,3,2,3,  ,3,3.0,0,0,1,0,0,0,0,0,0,0,0,0,0,0,0,0,0
8537,2007092940,1420.0,1410.0,67,67301,39.9478,-75.2254,0,0,0,0,0,0,2,7,2007,3,14.0,1.0,0,1.0,3,1,3,  ,2,9.0,0,0,0,0,0,0,0,0,0,0,0,0,0,0,0,0,0
8538,2007092948,813.0,811.0,67,67301,40.0791,-75.0308,0,0,0,0,0,0,4,6,2007,7,8.0,1.0,0,1.0,3,2,3,  ,3,3.0,1,0,1,0,0,0,0,0,0,0,0,0,0,0,0,0,0
8539,2007092961,2041.0,2040.0,67,67301,39.9493,-75.2109,0,0,0,0,0,1,5,7,2007,3,20.0,2.0,0,1.0,3,0,3,  ,0,0.0,0,0,0,0,0,0,0,0,0,0,0,0,0,0,0,0,1
8540,2007092967,1620.0,1617.0,67,67301,40.0155,-75.0633,0,0,0,0,0,0,4,7,2007,3,16.0,1.0,0,1.0,3,1,3,  ,0,0.0,0,0,1,0,0,0,0,0,0,0,0,0,0,0,0,0,0
8541,2007092983,50.0,44.0,40,40304,41.2465,-75.8807,0,0,0,0,0,0,4,9,2007,7,0.0,3.0,0,1.0,3,2,3,  ,2,3.0,0,0,1,0,0,0,0,0,0,0,0,0,0,0,0,0,0
8542,2007093055,1530.0,1527.0,25,25411,42.2178,-79.8279,0,0,0,0,1,0,4,9,2007,6,15.0,1.0,0,1.0,1,2,3,  ,3,3.0,1,0,1,0,0,0,0,0,0,0,0,0,0,0,0,0,0
8543,2007093070,1636.0,1634.0,48,48205,40.7307,-75.2314,0,0,0,0,0,0,2,9,2007,2,16.0,1.0,0,1.0,1,2,3,  ,3,3.0,0,0,0,0,0,0,0,0,0,0,0,0,0,0,0,0,0
8544,2007093124,1642.0,1638.0,28,28215,39.7228,-77.5183,0,0,0,0,0,0,1,9,2007,1,16.0,1.0,0,1.0,2,0,3,  ,0,0.0,0,0,0,0,0,0,0,0,0,0,0,0,0,0,0,0,1
8545,2007093129,1945.0,1941.0,14,14206,40.7842,-77.8748,0,0,0,0,0,0,4,9,2007,5,19.0,3.0,0,1.0,1,1,3,  ,2,3.0,0,1,1,0,0,0,0,0,0,0,0,0,0,0,0,1,0
8546,2007093139,2025.0,2020.0,67,67301,40.0665,-75.0878,0,0,0,0,0,0,4,7,2007,2,20.0,4.0,7,1.0,3,0,3,  ,0,0.0,0,0,1,0,0,0,0,0,0,0,0,0,0,0,0,0,0
8547,2007093166,1658.0,1658.0,67,67301,39.9478,-75.2274,0,0,0,0,0,0,2,7,2007,6,16.0,1.0,0,1.0,3,1,3,  ,2,3.0,0,0,0,0,0,0,0,0,0,0,0,0,0,0,0,0,0
8548,2007093168,10.0,5.0,67,67301,39.9316,-75.1578,0,0,0,0,0,0,8,7,2007,2,23.0,3.0,0,1.0,3,1,3,  ,3,3.0,0,0,0,0,0,0,0,0,0,0,0,0,0,0,0,0,0
8549,2007093172,1904.0,1902.0,67,67301,39.9308,-75.1548,0,0,0,0,0,0,4,7,2007,2,19.0,1.0,0,1.0,3,2,3,  ,3,9.0,0,0,1,0,0,0,0,0,0,0,0,0,0,0,0,0,0
8550,2007093173,1026.0,1026.0,67,67301,39.9544,-75.2333,0,0,0,0,0,0,5,7,2007,3,10.0,1.0,0,1.0,3,0,3,  ,0,0.0,1,0,0,0,0,0,0,0,1,0,0,0,0,0,0,1,0
8551,2007093174,907.0,857.0,67,67301,39.955,-75.184,0,0,0,0,0,0,5,7,2007,3,8.0,1.0,0,1.0,3,1,3,  ,2,3.0,0,0,0,0,0,0,0,0,0,0,0,0,0,0,0,0,0
8552,2007093181,1855.0,1850.0,67,67301,39.9613,-75.1369,1,0,1,0,0,0,4,7,2007,2,18.0,1.0,7,1.0,3,0,3,  ,0,0.0,1,0,1,0,1,0,0,0,0,0,0,0,0,0,0,0,0
8553,2007093196,1902.0,1914.0,67,67301,40.0319,-75.0799,0,0,0,0,0,0,2,7,2007,4,99.0,4.0,0,9.0,3,0,3,  ,0,0.0,0,0,0,0,0,0,0,0,0,0,0,0,0,0,0,0,0
8554,2007093221,1510.0,1459.0,67,67301,40.0209,-75.1134,0,0,0,0,0,0,4,7,2007,7,99.0,1.0,7,1.0,3,0,3,  ,0,0.0,0,0,1,0,0,0,0,0,0,0,0,0,0,0,0,0,0
8555,2007093222,1635.0,1622.0,67,67301,40.0106,-75.1374,0,0,0,0,0,0,4,7,2007,3,16.0,1.0,0,1.0,3,1,3,  ,0,0.0,0,0,1,0,0,0,0,0,0,0,0,0,0,0,0,0,0
8556,2007093234,1410.0,1405.0,67,67301,39.9716,-75.2386,0,0,0,0,0,0,4,7,2007,2,14.0,1.0,0,1.0,3,1,3,  ,3,3.0,0,0,1,0,0,0,0,0,0,0,0,0,0,0,0,0,1
8557,2007093303,1800.0,1757.0,48,48301,40.6113,-75.3663,0,0,0,0,0,0,4,8,2007,5,17.0,1.0,0,1.0,3,1,3,  ,3,3.0,0,0,1,0,0,0,0,0,0,0,0,0,0,0,0,0,0
8558,2007093316,2120.0,2116.0,48,48301,40.6263,-75.3818,0,0,0,0,0,0,4,8,2007,5,21.0,3.0,0,1.0,3,1,3,  ,2,3.0,0,0,1,0,0,0,0,0,0,0,0,0,0,0,0,0,1
8559,2007093355,21.0,15.0,25,25213,42.0684,-80.0926,0,0,0,0,0,0,4,8,2007,3,23.0,3.0,0,9.0,3,2,3,  ,3,3.0,1,0,1,0,0,1,0,0,0,0,0,0,0,0,0,0,0
8560,2007093356,2329.0,2328.0,25,25213,42.0724,-80.1466,0,0,0,0,0,0,4,8,2007,2,23.0,3.0,0,1.0,3,0,3,  ,0,0.0,1,0,1,0,0,0,0,0,0,0,0,0,0,0,0,0,1
8561,2007093375,1947.0,1944.0,67,67301,39.9512,-75.237,0,0,0,0,0,0,4,6,2007,4,19.0,1.0,0,1.0,3,1,3,  ,3,9.0,0,0,1,0,0,0,0,0,0,0,0,0,0,0,0,0,0
8562,2007093378,1709.0,1654.0,67,67301,39.9755,-75.1909,0,0,0,0,0,1,6,7,2007,6,16.0,1.0,0,1.0,3,3,3,  ,4,3.0,0,0,0,0,0,0,0,0,0,0,0,0,0,0,0,0,0
8563,2007093418,1149.0,1147.0,67,67301,39.9292,-75.1872,0,0,0,0,0,0,4,7,2007,2,99.0,1.0,0,1.0,3,1,3,  ,2,3.0,0,0,1,0,0,0,0,0,0,0,0,0,0,0,0,0,0
8564,2007093424,1919.0,1914.0,67,67301,39.9286,-75.2411,0,0,0,0,0,0,4,7,2007,3,19.0,1.0,7,1.0,3,0,3,  ,0,0.0,0,0,1,0,0,0,0,0,0,0,0,0,0,0,0,0,0
8565,2007093430,1810.0,1802.0,67,67301,40.0555,-75.1811,0,0,0,0,0,0,5,7,2007,3,18.0,1.0,0,1.0,3,0,3,  ,0,0.0,0,0,0,0,0,0,0,0,0,0,0,0,0,0,0,0,0
8566,2007093437,1915.0,1912.0,67,67301,40.0543,-75.0716,0,0,0,0,0,0,4,7,2007,2,19.0,1.0,0,1.0,3,1,3,  ,0,0.0,0,0,1,0,0,0,0,0,0,0,0,0,0,0,0,0,0
8567,2007093444,1732.0,1729.0,67,67301,39.9969,-75.0723,0,0,0,0,0,0,4,7,2007,2,17.0,1.0,0,1.0,3,2,3,  ,3,3.0,0,0,1,0,0,0,0,0,0,0,0,0,0,0,0,0,0
8568,2007093459,1810.0,1800.0,67,67301,39.9962,-75.1723,0,0,0,0,0,0,4,7,2007,3,99.0,1.0,0,1.0,3,1,3,  ,2,3.0,0,0,1,0,0,0,0,0,0,0,0,0,0,0,0,0,0
8569,2007093464,2329.0,2327.0,25,25302,42.1221,-80.0849,0,0,0,0,0,0,4,9,2007,6,23.0,3.0,0,1.0,3,1,3,  ,2,3.0,0,0,1,0,0,0,0,0,0,0,0,0,0,0,0,0,1
8570,2007093476,2236.0,2236.0,25,25302,42.13,-80.0903,0,0,0,0,1,0,4,9,2007,7,22.0,3.0,0,9.0,3,1,3,  ,3,3.0,0,0,1,0,0,0,0,0,0,0,0,0,0,0,0,0,0
8571,2007093485,1550.0,1547.0,46,46204,40.2104,-75.1394,0,1,0,0,1,0,4,8,2007,4,15.0,1.0,0,1.0,3,0,3,  ,0,0.0,1,0,1,0,0,0,0,0,0,0,0,0,0,0,0,0,1
8572,2007093509,1337.0,1335.0,36,36204,40.2314,-76.2298,0,0,0,0,0,1,4,9,2007,2,13.0,1.0,0,1.0,1,1,3,  ,3,3.0,1,0,1,0,0,0,0,0,0,0,0,0,1,0,0,0,0
8573,2007093541,1307.0,1304.0,67,67301,39.9379,-75.1667,0,0,0,0,1,0,4,7,2007,7,12.0,1.0,0,1.0,3,1,3,  ,2,3.0,0,0,1,0,0,0,0,0,0,0,0,0,0,0,0,0,0
8574,2007093548,1335.0,1335.0,67,67301,39.9889,-75.1519,0,0,0,0,1,0,4,7,2007,3,13.0,1.0,0,1.0,3,0,3,  ,0,0.0,0,0,1,0,0,0,0,0,0,0,0,0,0,0,0,0,0
8575,2007093553,824.0,816.0,67,67301,40.0012,-75.1991,0,1,0,0,1,0,4,5,2007,7,8.0,1.0,0,1.0,3,10,3,  ,0,0.0,0,0,1,0,0,0,0,0,0,0,0,0,0,0,0,1,0
8576,2007093561,1913.0,1911.0,67,67301,39.9196,-75.2402,0,0,0,0,0,0,8,7,2007,7,99.0,3.0,0,1.0,3,1,3,  ,2,9.0,1,0,0,0,0,0,0,0,0,0,0,1,0,0,0,0,0
8577,2007093581,1905.0,1905.0,67,67301,39.9789,-75.1594,0,0,0,0,0,0,5,7,2007,3,19.0,1.0,0,1.0,3,1,3,  ,2,3.0,0,0,0,0,0,0,0,0,0,0,0,0,0,0,0,0,0
8578,2007093759,1710.0,1706.0,67,67301,39.9756,-75.2401,0,0,0,0,0,0,5,7,2007,4,17.0,1.0,0,9.0,3,0,7,  ,2,2.0,0,0,0,0,0,0,0,0,0,0,0,0,0,0,0,0,0
8579,2007094050,503.0,453.0,1,1207,39.7328,-77.0748,0,1,0,0,0,0,2,7,2007,6,4.0,2.0,0,1.0,1,0,3,  ,0,0.0,0,1,0,0,0,0,0,0,0,0,0,0,0,0,0,1,0
8580,2007094091,1220.0,1205.0,1,1220,39.9492,-77.1462,0,1,0,1,0,0,4,8,2007,6,12.0,1.0,0,1.0,1,1,3,  ,3,3.0,0,0,1,0,1,0,0,0,0,0,0,0,0,0,0,0,0
8581,2007094226,1811.0,1810.0,9,9401,40.1026,-74.8484,0,0,0,0,0,0,4,9,2007,5,18.0,1.0,0,1.0,3,0,3,  ,0,0.0,0,0,1,0,0,0,0,0,0,0,0,0,0,0,0,0,0
8582,2007094248,1755.0,1754.0,19,19402,41.0613,-76.2522,0,0,0,0,0,0,4,7,2007,5,17.0,1.0,0,1.0,2,1,3,  ,3,3.0,0,0,1,0,0,0,0,0,0,0,0,0,0,0,0,0,0
8583,2007094250,1840.0,1834.0,19,19402,41.0699,-76.2446,0,0,0,0,0,0,9,8,2007,4,18.0,1.0,0,1.0,2,1,3,  ,3,3.0,0,0,0,0,0,0,0,0,0,0,0,0,0,0,0,0,0
8584,2007094256,2005.0,1957.0,23,23424,39.8974,-75.3512,0,0,0,0,0,0,4,8,2007,5,19.0,4.0,7,1.0,3,0,3,  ,0,0.0,0,0,1,0,0,0,0,0,0,0,0,0,0,0,0,1,0
8585,2007094265,1809.0,1805.0,46,46203,40.3188,-75.343,0,0,0,0,0,0,4,9,2007,2,18.0,1.0,0,1.0,1,1,3,  ,2,3.0,1,0,1,0,0,0,0,0,0,0,0,1,0,0,0,0,0
8586,2007094283,1750.0,1748.0,66,66413,39.7965,-76.9776,0,0,0,0,0,0,4,9,2007,6,17.0,1.0,0,9.0,2,1,3,  ,0,0.0,0,0,1,0,0,0,0,0,0,0,0,0,0,0,0,0,0
8587,2007094297,1900.0,1755.0,9,9415,40.4387,-75.3249,0,0,0,0,0,0,5,9,2007,3,17.0,1.0,0,1.0,2,0,3,  ,0,0.0,1,0,0,0,0,0,0,0,0,0,0,0,0,0,0,0,0
8588,2007094308,2043.0,2039.0,66,66301,39.9571,-76.7295,0,0,0,0,1,0,8,9,2007,3,20.0,3.0,0,1.0,3,1,3,  ,2,3.0,1,0,0,0,0,0,0,0,0,0,0,0,0,0,0,0,0
8589,2007094393,1737.0,1735.0,67,67301,39.9362,-75.1833,0,0,0,0,0,0,4,7,2007,7,17.0,1.0,0,1.0,3,1,3,  ,0,0.0,0,0,1,0,0,0,0,0,0,0,0,0,0,0,0,0,0
8590,2007094749,1158.0,1158.0,10,10209,40.6796,-79.8573,0,0,0,0,0,0,6,7,2007,4,15.0,1.0,0,98.0,1,0,99,  ,0,0.0,0,0,0,0,0,0,0,0,0,0,0,0,0,0,0,0,0
8591,2007094939,1525.0,1517.0,2,2301,40.4531,-79.9527,0,0,0,0,0,0,4,9,2007,6,15.0,1.0,0,1.0,3,0,3,  ,0,0.0,0,0,1,0,0,0,0,0,0,0,0,0,0,0,0,0,0
8592,2007094958,2008.0,2004.0,67,67301,39.9872,-75.1708,0,0,0,0,0,0,4,7,2007,3,20.0,1.0,0,1.0,3,2,3,  ,0,0.0,0,0,1,0,0,0,0,0,0,0,0,0,0,0,0,0,0
8593,2007094961,1145.0,1141.0,67,67301,39.9157,-75.1565,0,0,0,0,0,0,6,8,2007,5,11.0,1.0,0,1.0,3,1,3,  ,0,0.0,0,0,0,0,0,0,0,0,0,0,0,0,0,0,0,0,0
8594,2007094962,1835.0,1831.0,67,67301,39.984,-75.1456,0,0,0,0,0,0,1,8,2007,6,18.0,1.0,0,1.0,3,0,3,  ,0,0.0,1,0,0,0,0,0,0,0,0,0,0,0,0,0,1,0,0
8595,2007094984,1718.0,1715.0,67,67301,39.9425,-75.1636,0,0,0,0,0,0,5,7,2007,3,17.0,1.0,0,1.0,3,0,3,  ,0,0.0,0,0,0,0,0,0,0,0,0,0,0,0,0,0,0,0,0
8596,2007095041,2259.0,2249.0,67,67301,39.9239,-75.1855,0,0,0,0,0,1,4,8,2007,5,22.0,3.0,0,1.0,3,1,3,  ,3,3.0,0,0,1,0,0,0,0,0,0,0,0,0,0,0,0,0,0
8597,2007095071,1832.0,1831.0,67,67301,40.0172,-75.1391,0,0,0,0,0,0,2,7,2007,4,18.0,1.0,0,1.0,3,1,3,  ,0,0.0,0,0,0,0,0,0,0,0,0,0,0,0,0,0,0,0,1
8598,2007095112,858.0,854.0,67,67301,39.947,-75.1626,0,0,0,0,0,0,5,8,2007,5,8.0,1.0,0,1.0,3,0,3,  ,0,0.0,0,0,0,0,0,0,0,0,0,0,0,0,0,0,0,0,0
8599,2007095113,1832.0,1830.0,67,67301,39.9639,-75.2306,0,0,0,0,0,1,4,7,2007,4,18.0,1.0,0,1.0,3,0,3,  ,0,0.0,0,0,1,0,0,0,0,0,0,0,0,0,0,0,0,0,0
8600,2007095168,1654.0,1651.0,39,39302,40.6163,-75.3904,0,0,0,0,0,0,4,9,2007,4,16.0,1.0,0,1.0,3,0,3,  ,0,0.0,0,0,1,0,0,0,0,0,0,0,0,0,0,0,0,0,0
8601,2007095179,1948.0,1931.0,48,48301,40.6102,-75.3505,0,0,0,0,0,0,4,9,2007,4,19.0,1.0,0,1.0,3,1,3,  ,0,0.0,0,0,1,0,0,0,0,0,0,0,0,0,0,0,0,0,0
8602,2007095188,1930.0,1920.0,66,66220,40.0987,-76.7208,0,0,0,0,0,0,5,8,2007,6,18.0,1.0,0,1.0,1,0,3,  ,0,0.0,0,0,0,0,0,0,0,0,0,0,0,0,0,0,0,0,0
8603,2007095287,1710.0,1709.0,67,67301,39.9203,-75.1539,0,0,0,0,0,0,4,8,2007,6,17.0,1.0,0,1.0,3,1,3,  ,3,2.0,0,0,1,0,0,0,0,0,0,0,0,0,0,0,0,0,0
8604,2007095356,1700.0,1655.0,67,67301,39.9225,-75.185,0,0,0,0,0,0,6,8,2007,3,16.0,1.0,0,1.0,3,0,3,  ,0,0.0,0,0,0,0,0,0,0,0,0,0,0,0,0,0,0,0,0
8605,2007095371,1825.0,1822.0,67,67301,40.0428,-75.1077,0,0,0,0,0,0,1,8,2007,7,99.0,1.0,0,1.0,3,0,3,  ,0,0.0,0,0,0,0,0,0,0,0,0,0,0,0,0,0,0,0,1
8606,2007095468,1825.0,1824.0,6,6429,40.3217,-75.9731,0,0,0,0,0,0,4,9,2007,6,18.0,4.0,0,1.0,3,2,3,  ,3,9.0,1,0,1,0,0,0,0,0,0,0,0,0,0,0,0,1,0
8607,2007095526,2027.0,2020.0,67,67301,39.9922,-75.2457,0,0,0,0,0,0,1,8,2007,2,8.0,3.0,0,9.0,3,1,7,  ,2,3.0,1,0,0,0,0,0,0,0,0,0,0,0,0,0,1,0,0
8608,2007095651,1145.0,1142.0,67,67301,39.9306,-75.1565,0,0,0,0,0,0,5,8,2007,3,11.0,1.0,0,9.0,3,0,7,  ,0,0.0,0,0,0,0,0,0,0,0,0,0,0,0,0,0,0,0,0
8609,2007095663,1925.0,1912.0,49,49410,41.1008,-76.7704,0,0,0,0,0,0,4,8,2007,1,19.0,1.0,0,1.0,1,1,3,  ,3,3.0,0,0,1,0,0,0,0,0,0,0,0,0,0,0,0,0,0
8610,2007095672,123.0,100.0,59,59204,40.8828,-77.1989,0,0,0,0,0,0,4,8,2007,3,22.0,3.0,0,9.0,1,1,7,  ,3,3.0,0,0,1,0,0,1,0,0,0,0,0,0,0,0,0,0,1
8611,2007095795,1641.0,1641.0,67,67301,39.9688,-75.2323,0,0,0,0,0,1,6,8,2007,6,16.0,1.0,0,1.0,3,0,3,  ,0,0.0,0,0,0,0,0,0,0,0,0,0,0,0,0,0,0,0,0
8612,2007095901,1244.0,1236.0,39,39104,40.5423,-75.5873,0,0,0,0,0,0,1,8,2007,6,12.0,1.0,0,1.0,3,2,3,  ,0,0.0,1,0,0,0,0,0,0,0,0,0,0,0,0,0,0,0,0
8613,2007095979,1851.0,1849.0,7,7201,40.4555,-78.4098,0,0,0,0,0,0,5,9,2007,4,17.0,1.0,7,9.0,1,0,3,  ,0,0.0,0,1,0,0,0,0,0,0,0,0,0,0,0,0,0,1,0
8614,2007096069,1431.0,1406.0,32,32206,40.441,-79.2454,0,1,0,0,0,0,4,7,2007,6,14.0,1.0,0,1.0,1,0,3,  ,0,0.0,0,0,1,0,0,0,0,0,0,0,0,0,0,0,0,0,0
8615,2007096155,1455.0,1440.0,32,32204,40.5366,-79.0653,0,0,0,0,1,0,4,8,2007,2,14.0,1.0,0,1.0,1,1,3,  ,3,3.0,0,0,1,0,0,0,0,0,0,0,0,0,0,0,0,0,0
8616,2007096162,1215.0,1158.0,62,62201,40.1562,-80.2154,0,0,0,0,0,1,5,8,2007,7,11.0,1.0,0,1.0,1,0,3,  ,0,0.0,1,0,0,0,0,0,0,0,0,0,0,0,0,0,0,0,0
8617,2007096171,1843.0,1837.0,37,37406,40.9798,-80.3453,0,0,0,0,0,0,4,8,2007,6,18.0,1.0,0,1.0,2,1,3,  ,3,3.0,1,0,1,0,0,0,0,0,0,0,0,0,1,0,0,1,0
8618,2007096313,1859.0,1857.0,67,67301,40.0741,-75.1766,0,0,0,0,0,0,2,7,2007,7,18.0,1.0,0,1.0,3,2,3,  ,3,3.0,0,0,0,0,0,0,0,0,0,0,0,0,0,0,0,0,0
8619,2007096520,1205.0,1156.0,36,36235,40.1462,-76.2792,0,0,0,0,0,0,8,9,2007,7,11.0,1.0,0,1.0,1,0,3,  ,0,0.0,0,0,0,0,0,0,0,0,0,0,0,0,0,0,0,1,0
8620,2007096532,1415.0,1412.0,46,46415,40.3912,-75.4967,0,0,0,0,0,0,1,9,2007,7,14.0,1.0,0,1.0,1,0,3,  ,0,0.0,0,0,0,0,0,0,0,0,0,0,0,0,0,0,0,0,0
8621,2007096534,1632.0,1619.0,2,2116,40.5454,-80.0192,0,0,0,0,0,0,5,9,2007,6,16.0,1.0,0,1.0,3,0,3,  ,0,0.0,1,0,0,0,0,0,0,0,0,0,0,0,0,0,0,0,0
8622,2007096622,125.0,123.0,67,67301,39.9436,-75.1672,0,0,0,0,0,0,4,8,2007,7,99.0,3.0,0,1.0,3,0,3,  ,0,0.0,0,0,1,0,0,0,0,0,0,0,0,0,0,0,0,0,0
8623,2007096722,1345.0,1335.0,67,67301,39.9612,-75.2471,0,0,0,0,0,0,4,1,2007,5,13.0,1.0,0,1.0,3,2,3,  ,2,3.0,0,0,1,0,0,0,0,0,0,0,0,0,0,0,0,0,0
8624,2007096733,1658.0,1658.0,67,67301,39.9418,-75.1658,0,1,1,0,0,0,5,8,2007,6,16.0,1.0,0,1.0,3,0,3,  ,0,0.0,0,0,0,0,1,0,0,0,0,0,0,0,0,0,0,0,0
8625,2007096745,2019.0,2015.0,67,67301,39.9874,-75.1726,0,0,0,0,0,0,1,8,2007,2,20.0,4.0,0,1.0,3,2,3,  ,0,0.0,1,0,0,0,0,0,0,0,0,0,0,0,0,0,1,0,0
8626,2007096753,1740.0,1730.0,67,67301,39.9507,-75.1504,0,0,1,0,0,0,5,7,2007,4,16.0,1.0,0,1.0,3,1,3,  ,2,3.0,0,0,0,0,1,0,0,0,0,0,0,0,0,0,0,0,0
8627,2007096754,1504.0,1503.0,67,67301,,,0,0,0,0,0,0,5,6,2007,6,15.0,1.0,0,1.0,3,0,3,  ,2,3.0,0,0,0,0,0,0,0,0,0,0,0,0,0,0,0,0,0
8628,2007096755,1210.0,1207.0,67,67301,39.9299,-75.1635,0,0,0,0,0,0,4,7,2007,7,99.0,3.0,0,1.0,3,2,3,  ,2,3.0,0,0,1,0,0,0,0,0,0,0,0,0,0,0,0,0,0
8629,2007096811,1806.0,1755.0,20,20226,41.6382,-80.3205,0,0,0,0,0,0,4,8,2007,1,17.0,1.0,0,1.0,1,0,3,  ,0,0.0,0,0,1,0,0,0,0,0,0,0,0,0,0,0,0,0,0
8630,2007096935,1629.0,1629.0,53,53301,40.6874,-76.1979,0,0,0,0,0,0,4,9,2007,3,16.0,1.0,0,1.0,2,1,3,  ,3,3.0,0,0,1,0,0,0,0,0,0,0,0,0,0,0,0,0,0
8631,2007097355,1043.0,1039.0,46,46422,40.3207,-75.3352,0,0,0,0,0,0,4,9,2007,7,10.0,1.0,0,1.0,3,0,3,  ,0,0.0,0,0,1,0,0,0,0,0,0,0,0,0,0,0,0,0,0
8632,2007097475,635.0,630.0,67,67301,39.9255,-75.1883,0,0,0,0,0,0,4,8,2007,7,6.0,1.0,0,1.0,3,0,3,  ,0,0.0,0,0,1,0,0,0,0,0,0,0,0,0,0,0,0,0,0