,CRN,ARRIVAL_TM,DISPATCH_TM,COUNTY,MUNICIPALITY,DEC_LAT,DEC_LONG,BICYCLE_DEATH_COUNT,BICYCLE_SUSP_SERIOUS_INJ_COUNT,BUS_COUNT,HEAVY_TRUCK_COUNT,SMALL_TRUCK_COUNT,SUV_COUNT,COLLISION_TYPE,CRASH_MONTH,CRASH_YEAR,DAY_OF_WEEK,HOUR_OF_DAY,ILLUMINATION,LOCATION_TYPE,ROAD_CONDITION,URBAN_RURAL,INTERSECT_TYPE,WEATHER1,WEATHER2,TCD_TYPE,TCD_FUNC_CD,AGGRESSIVE_DRIVING,ALCOHOL_RELATED,ANGLE_CRASH,CELL_PHONE,COMM_VEHICLE,DISTRACTED,DRINKING_DRIVER,DRUGGED_DRIVER,FATIGUE_ASLEEP,IMPAIRED_DRIVER,NHTSA_AGG_DRIVING,RUNNING_RED_LT,RUNNING_STOP_SIGN,SPEEDING_RELATED,TAILGATING,MATURE_DRIVER,YOUNG_DRIVER
8633,2007097501,1737.0,1735.0,7,7407,40.6746,-78.2365,0,0,0,0,0,0,4,8,2007,1,17.0,1.0,0,1.0,2,1,3,  ,0,0.0,0,0,1,0,0,0,0,0,0,0,0,0,0,0,0,1,0
8634,2007097544,1827.0,1817.0,35,35302,41.4138,-75.6883,0,0,0,0,0,0,4,8,2007,2,18.0,1.0,0,1.0,3,1,3,  ,3,3.0,0,0,1,0,0,0,0,0,0,0,0,0,0,0,0,1,0
8635,2007097551,1657.0,1653.0,61,61301,41.8274,-79.1206,0,0,0,0,1,0,4,8,2007,3,16.0,1.0,7,1.0,2,0,3,  ,0,0.0,1,0,1,0,0,0,0,0,0,0,0,0,0,0,0,0,0
8636,2007097566,824.0,809.0,2,2301,40.4528,-79.9491,0,0,0,0,0,0,4,9,2007,2,8.0,1.0,0,9.0,3,2,7,  ,0,0.0,0,0,1,0,0,0,0,0,0,0,0,0,0,0,0,0,0
8637,2007097568,2300.0,2253.0,2,2301,,,0,0,0,0,1,0,4,9,2007,1,22.0,3.0,0,1.0,3,2,3,  ,3,3.0,0,0,1,0,0,0,0,0,0,0,0,0,0,0,0,0,0
8638,2007097665,1836.0,1836.0,32,32408,40.6164,-79.1646,0,0,0,0,0,0,9,9,2007,1,16.0,1.0,7,1.0,2,0,3,  ,0,0.0,0,0,0,0,0,0,0,0,0,0,0,0,0,0,0,0,0
8639,2007097693,2024.0,9999.0,9,9213,40.1996,-74.8954,0,0,0,0,0,0,4,9,2007,7,20.0,3.0,0,1.0,3,1,3,  ,3,3.0,0,0,1,0,0,0,0,0,0,0,0,0,0,0,0,0,0
8640,2007097747,2117.0,2112.0,2,2301,40.4442,-79.9405,0,1,0,0,0,0,1,9,2007,5,21.0,3.0,0,1.0,3,0,3,  ,0,0.0,0,0,0,0,0,0,0,0,0,0,0,0,0,0,0,1,0
8641,2007097782,1515.0,1512.0,67,67301,39.9725,-75.212,0,0,0,0,0,0,4,7,2007,6,15.0,1.0,0,1.0,3,2,3,  ,3,3.0,0,0,1,0,0,1,0,0,0,0,0,0,0,0,0,0,0
8642,2007097783,1525.0,1520.0,67,67301,39.9421,-75.153,0,0,0,0,0,0,1,6,2007,7,15.0,1.0,0,1.0,3,0,3,  ,0,0.0,1,0,0,0,0,0,0,0,0,0,0,0,0,0,1,0,0
8643,2007097791,1615.0,1600.0,67,67301,40.0721,-75.1928,0,1,0,0,1,0,6,7,2007,6,15.0,1.0,0,1.0,3,1,3,  ,3,2.0,0,0,0,0,0,0,0,0,0,0,0,0,0,0,0,1,0
8644,2007097798,1920.0,1917.0,67,67301,39.9743,-75.1431,0,0,0,0,0,0,4,7,2007,2,19.0,1.0,0,1.0,3,0,3,  ,0,0.0,0,0,1,0,0,0,0,0,0,0,0,0,0,0,0,0,1
8645,2007097803,1120.0,1117.0,67,67301,40.0104,-75.2009,0,0,0,0,0,0,5,8,2007,4,11.0,1.0,0,1.0,3,0,3,  ,0,0.0,0,0,0,1,0,1,0,0,0,0,0,0,0,0,0,0,0
8646,2007097809,1751.0,1748.0,67,67301,39.9331,-75.1695,0,0,0,0,0,0,4,7,2007,6,17.0,1.0,0,1.0,3,1,3,  ,3,3.0,0,0,1,0,0,0,0,0,0,0,0,0,0,0,0,0,0
8647,2007097829,1755.0,1750.0,67,67301,39.9597,-75.2352,0,0,0,0,0,0,8,7,2007,5,17.0,1.0,0,1.0,3,1,3,  ,0,0.0,0,0,0,0,0,0,0,0,0,0,0,0,0,0,0,0,1
8648,2007097840,1647.0,1645.0,67,67301,40.0234,-75.2199,0,0,0,0,0,0,4,7,2007,2,16.0,1.0,0,1.0,3,0,3,  ,0,0.0,1,0,1,0,0,0,0,0,0,0,0,0,0,0,0,0,0
8649,2007097878,1915.0,1900.0,67,67301,40.0044,-75.1699,0,0,0,0,0,0,2,7,2007,2,18.0,1.0,0,1.0,3,0,3,  ,0,0.0,0,0,0,0,0,0,0,0,0,0,0,0,0,0,0,0,0
8650,2007097879,2235.0,2230.0,67,67301,40.0159,-75.1538,0,0,0,0,0,0,4,7,2007,2,99.0,3.0,0,1.0,3,1,3,  ,2,9.0,0,0,1,0,0,0,0,0,0,0,0,0,0,0,0,0,0
8651,2007097895,9999.0,1058.0,67,67301,39.9372,-75.1465,0,0,0,0,1,0,5,7,2007,5,99.0,1.0,0,1.0,3,0,3,  ,0,0.0,0,0,0,0,0,0,0,0,0,0,0,0,0,0,0,0,0
8652,2007097896,1905.0,1902.0,67,67301,39.9468,-75.1415,0,0,0,0,0,0,4,7,2007,5,19.0,1.0,7,1.0,3,0,3,  ,0,0.0,1,0,1,0,0,0,0,0,0,0,0,0,0,0,0,0,0
8653,2007097904,1733.0,1728.0,67,67301,40.0162,-75.0761,0,0,0,0,0,0,4,8,2007,7,17.0,1.0,0,1.0,3,0,3,  ,0,0.0,0,0,1,0,0,1,0,0,0,0,0,0,0,0,0,0,0
8654,2007097910,301.0,259.0,67,67301,39.9682,-75.2191,0,0,0,0,0,0,1,7,2007,4,2.0,3.0,0,1.0,3,0,3,  ,0,0.0,0,0,0,0,0,0,0,0,0,0,0,0,0,0,0,0,0
8655,2007097921,756.0,746.0,67,67301,39.935,-75.1532,0,0,0,0,0,0,2,6,2007,5,7.0,1.0,0,1.0,3,0,3,  ,0,0.0,0,0,0,0,0,0,0,0,0,0,0,0,0,0,0,0,0
8656,2007097922,1016.0,1014.0,67,67301,39.9411,-75.1606,0,0,0,0,0,0,5,7,2007,3,10.0,1.0,0,1.0,3,0,3,  ,0,0.0,0,0,0,0,0,0,0,0,0,0,0,0,0,0,0,0,0
8657,2007097928,1708.0,1705.0,66,66301,39.966,-76.724,0,0,0,0,0,0,7,8,2007,1,17.0,1.0,0,1.0,3,2,3,  ,0,0.0,1,0,0,0,0,1,0,0,0,0,0,0,0,1,0,0,1
8658,2007097945,1544.0,1528.0,66,66301,39.9511,-76.7463,0,0,0,0,0,1,4,8,2007,6,15.0,1.0,0,1.0,3,0,3,  ,0,0.0,0,0,1,0,0,0,0,0,0,0,0,0,0,0,0,0,0
8659,2007097950,2235.0,2229.0,67,67301,39.9521,-75.2056,0,0,0,0,0,0,1,7,2007,7,22.0,3.0,0,1.0,3,1,3,  ,2,3.0,0,0,0,0,0,0,0,0,0,0,0,0,0,0,0,0,0
8660,2007098026,1705.0,1701.0,36,36223,,,0,0,0,0,0,1,4,9,2007,4,17.0,1.0,0,1.0,1,2,3,  ,3,3.0,0,0,1,0,0,1,0,0,0,0,0,0,0,0,0,0,0
8661,2007098032,1700.0,1700.0,38,38301,40.334,-76.4265,0,0,0,0,0,1,4,9,2007,6,17.0,1.0,0,1.0,2,1,3,  ,3,3.0,0,0,1,0,0,0,0,0,0,0,0,0,0,0,0,0,0
8662,2007098034,912.0,912.0,38,38301,40.3404,-76.4222,0,0,0,0,0,0,4,9,2007,4,9.0,1.0,0,1.0,2,0,3,  ,0,0.0,0,0,1,0,0,0,0,0,0,0,0,0,0,0,0,0,0
8663,2007098044,1553.0,1549.0,41,41301,41.2458,-77.0075,0,0,0,0,1,0,4,9,2007,4,15.0,1.0,0,1.0,3,2,3,  ,0,0.0,0,0,1,0,0,0,0,0,0,0,0,0,0,0,0,0,0
8664,2007098090,2205.0,2201.0,67,67301,39.9488,-75.1897,0,0,0,0,0,0,4,8,2007,7,22.0,3.0,0,1.0,3,1,3,  ,2,3.0,0,0,1,0,0,0,0,0,0,0,0,0,0,0,0,0,0
8665,2007098126,9999.0,1648.0,67,67301,39.9344,-75.1692,0,0,0,0,1,0,4,7,2007,3,16.0,1.0,0,1.0,3,1,3,  ,3,3.0,0,0,1,0,0,0,0,0,0,0,0,0,0,0,0,0,0
8666,2007098129,9999.0,9999.0,67,67301,39.964,-75.1975,0,0,0,0,0,0,4,8,2007,4,16.0,1.0,0,1.0,3,1,3,  ,3,9.0,0,0,1,0,0,0,0,0,0,0,0,0,0,0,0,0,0
8667,2007098137,851.0,850.0,67,67301,39.9637,-75.2196,0,0,0,0,0,0,4,7,2007,3,7.0,1.0,0,1.0,3,1,3,  ,2,3.0,0,0,1,0,0,0,0,0,0,0,0,0,0,0,0,0,0
8668,2007098164,2117.0,2057.0,6,6301,40.332,-75.9183,0,0,0,0,0,0,4,9,2007,3,20.0,3.0,0,1.0,3,1,3,  ,2,3.0,0,0,1,0,0,0,0,0,0,0,0,0,0,0,0,0,0
8669,2007098265,2145.0,2138.0,67,67301,39.9694,-75.2129,0,0,0,0,0,0,4,8,2007,1,21.0,3.0,0,9.0,3,1,7,  ,2,3.0,0,0,1,0,0,0,0,0,0,0,0,0,0,0,0,0,0
8670,2007098302,840.0,835.0,67,67301,40.0567,-75.1413,0,0,0,0,0,0,2,7,2007,2,17.0,1.0,0,1.0,3,0,3,  ,0,0.0,0,0,0,0,0,0,0,0,0,0,0,0,0,0,0,0,0
8671,2007098332,1528.0,1522.0,6,6301,40.3522,-75.958,0,0,0,0,0,1,4,9,2007,7,15.0,1.0,0,1.0,3,0,3,  ,0,0.0,0,0,1,0,0,0,0,0,0,0,0,0,0,0,0,0,0
8672,2007098338,1658.0,1654.0,25,25302,42.1375,-80.0417,0,0,0,0,0,0,4,9,2007,3,16.0,1.0,0,1.0,3,1,3,  ,2,3.0,0,0,1,0,0,0,0,0,0,0,0,0,0,0,0,0,0
8673,2007098340,1305.0,1304.0,25,25302,42.1151,-80.065,0,0,0,0,0,1,4,9,2007,5,12.0,1.0,0,1.0,3,1,3,  ,2,3.0,1,0,1,0,0,0,0,0,0,0,0,0,0,0,0,0,0
8674,2007098398,2020.0,2015.0,2,2301,40.4218,-79.9937,0,0,0,0,0,0,4,9,2007,3,20.0,3.0,0,1.0,3,1,3,  ,2,3.0,0,0,1,0,0,0,0,0,0,0,0,0,0,0,0,0,0
8675,2007098483,850.0,845.0,67,67301,39.9848,-75.1322,0,0,0,0,0,0,4,7,2007,3,8.0,1.0,0,1.0,3,1,3,  ,0,0.0,0,0,1,0,0,0,0,0,0,0,0,0,0,0,0,0,0
8676,2007098490,1335.0,1330.0,67,67301,39.9563,-75.2135,0,0,0,0,0,0,4,8,2007,5,13.0,1.0,0,1.0,3,1,3,  ,3,9.0,0,0,1,0,0,0,0,0,0,0,0,0,0,0,0,1,0
8677,2007098492,1259.0,1258.0,67,67301,40.0401,-75.2243,0,0,0,0,0,0,5,7,2007,3,12.0,1.0,0,1.0,3,0,3,  ,0,0.0,0,0,0,0,0,0,0,0,0,0,0,0,0,0,0,0,0
8678,2007098496,1942.0,1940.0,67,67301,40.0133,-75.0656,0,0,0,0,0,0,4,8,2007,1,19.0,1.0,0,1.0,3,2,3,  ,0,0.0,0,0,1,0,0,0,0,0,0,0,0,0,0,0,0,0,0
8679,2007098499,1407.0,1402.0,67,67301,40.0101,-75.0864,0,0,0,0,0,0,4,8,2007,3,0.0,3.0,0,1.0,3,1,3,  ,3,9.0,0,0,1,0,0,0,0,0,0,0,0,0,0,0,0,0,0
8680,2007098504,1859.0,1852.0,67,67301,39.9435,-75.225,0,0,0,0,0,0,4,6,2007,7,99.0,1.0,0,1.0,3,2,3,  ,0,0.0,0,0,1,0,0,0,0,0,0,0,0,0,0,0,0,0,0
8681,2007098522,1955.0,1950.0,38,38301,40.3491,-76.4188,0,0,0,0,0,0,4,9,2007,7,19.0,4.0,0,1.0,2,2,3,  ,0,0.0,0,0,1,0,0,0,0,0,0,0,0,0,0,0,0,0,0
8682,2007098568,239.0,237.0,2,2301,40.4497,-80.0251,0,1,0,0,0,0,4,9,2007,1,2.0,3.0,0,1.0,3,0,3,  ,0,0.0,0,0,1,0,0,0,0,0,0,0,0,0,0,0,0,0,0
8683,2007098607,2135.0,2131.0,67,67301,40.0415,-75.1584,0,0,0,0,0,0,1,8,2007,3,21.0,3.0,0,9.0,3,1,3,  ,2,3.0,0,1,0,0,0,0,0,0,0,0,0,0,0,0,0,0,0
8684,2007098608,1435.0,1431.0,67,67301,40.0276,-75.1101,0,0,0,0,0,0,4,9,2007,7,14.0,1.0,0,1.0,3,1,3,  ,0,0.0,0,0,1,0,0,0,0,0,0,0,0,0,0,0,0,0,0
8685,2007098615,2055.0,2037.0,19,19209,41.1276,-76.5347,0,1,0,0,1,0,4,8,2007,3,20.0,2.0,0,9.0,1,3,7,05,0,0.0,1,0,1,0,0,0,0,0,0,0,0,0,0,1,0,0,0
8686,2007098617,1423.0,1414.0,38,38203,40.4084,-76.5178,0,0,0,0,0,0,4,8,2007,6,14.0,1.0,0,1.0,1,0,3,  ,0,0.0,0,0,1,0,0,0,0,0,0,0,0,0,0,0,0,0,0
8687,2007098650,1533.0,1533.0,22,22409,40.1938,-76.7307,0,1,0,0,0,0,4,9,2007,4,15.0,1.0,7,1.0,3,0,3,  ,0,0.0,0,0,1,0,0,0,0,0,0,0,0,0,0,0,0,0,0
8688,2007098658,1451.0,1444.0,26,26207,39.8564,-79.9034,0,1,0,0,0,0,4,8,2007,2,14.0,1.0,2,1.0,1,6,3,  ,3,3.0,0,0,1,0,0,0,0,0,0,0,0,0,0,0,0,0,0
8689,2007098693,2227.0,2225.0,67,67301,39.9261,-75.1732,0,0,0,0,0,0,4,9,2007,7,22.0,3.0,0,1.0,3,1,3,  ,3,3.0,0,0,1,0,0,0,0,0,0,0,0,0,0,0,0,0,0
8690,2007098729,1214.0,1214.0,67,67301,40.0319,-75.1222,0,0,0,0,0,0,4,7,2007,4,12.0,1.0,0,1.0,3,1,3,  ,2,3.0,0,0,1,0,0,0,0,0,0,0,0,0,0,0,0,0,0
8691,2007098761,1832.0,1830.0,67,67301,39.9951,-75.1203,0,0,0,0,0,0,4,8,2007,4,18.0,1.0,0,1.0,3,0,3,  ,0,0.0,0,0,1,0,0,0,0,0,0,0,0,0,0,0,0,0,0
8692,2007098769,2035.0,2030.0,67,67301,,,0,0,0,0,0,0,4,8,2007,3,99.0,1.0,0,1.0,3,0,3,  ,0,0.0,0,0,1,0,0,0,0,0,0,0,0,0,0,0,0,0,0
8693,2007098810,1352.0,1351.0,9,9101,40.1259,-74.8818,0,0,0,0,0,0,6,9,2007,1,13.0,1.0,0,1.0,3,1,3,  ,2,3.0,0,0,0,0,0,0,0,0,0,0,0,0,0,0,0,0,0
8694,2007098814,1544.0,1539.0,36,36301,40.0308,-76.302,0,0,0,0,0,0,4,9,2007,7,15.0,1.0,0,1.0,3,2,3,  ,0,0.0,0,0,1,0,0,0,0,0,0,0,0,0,0,0,0,0,0
8695,2007098822,1740.0,1733.0,67,67301,39.9695,-75.2254,0,0,0,0,0,0,4,8,2007,4,16.0,1.0,0,1.0,3,0,3,  ,3,3.0,0,0,1,0,0,0,0,0,0,0,0,0,0,0,0,0,0
8696,2007098974,1422.0,1418.0,67,67301,40.0903,-74.984,0,0,0,0,0,0,4,9,2007,2,14.0,1.0,0,1.0,3,0,3,  ,0,0.0,0,0,1,0,0,0,0,0,0,0,0,0,0,0,0,1,0
8697,2007098983,1658.0,1653.0,67,67301,39.9534,-75.1839,0,0,0,0,0,0,5,8,2007,6,9.0,1.0,0,1.0,3,0,3,  ,2,3.0,0,0,0,0,0,0,0,0,0,0,0,0,0,0,0,0,0
8698,2007098987,2140.0,2137.0,67,67301,39.9238,-75.2397,0,0,0,0,0,1,4,8,2007,5,21.0,3.0,0,1.0,3,1,3,  ,3,3.0,0,0,1,0,0,0,0,0,0,0,0,0,0,0,0,0,0
8699,2007099026,702.0,655.0,9,9219,40.3695,-75.1661,0,1,0,0,0,1,4,9,2007,5,6.0,1.0,0,1.0,1,2,3,  ,3,3.0,0,0,1,0,0,0,0,0,0,0,0,0,0,0,0,0,0
8700,2007099066,1810.0,1808.0,67,67301,39.9549,-75.1512,0,0,0,0,0,0,4,9,2007,7,17.0,1.0,0,1.0,3,0,3,  ,0,0.0,0,0,1,0,0,0,0,0,0,0,0,0,0,0,0,0,0
8701,2007099076,18.0,11.0,67,67301,40.0334,-75.1312,0,0,0,0,1,0,4,8,2007,6,0.0,3.0,0,9.0,3,1,7,  ,0,0.0,0,0,1,0,0,0,0,0,0,0,0,0,0,0,0,0,0
8702,2007099124,1601.0,1559.0,67,67301,40.0291,-75.2304,0,0,0,0,0,0,1,9,2007,7,15.0,1.0,0,1.0,3,0,3,  ,0,0.0,1,0,0,0,0,0,0,0,0,0,0,0,0,0,0,0,0
8703,2007099129,1010.0,1005.0,67,67301,40.0104,-75.0793,0,0,0,0,0,0,4,7,2007,1,10.0,1.0,0,1.0,3,1,3,  ,2,3.0,0,0,1,0,0,0,0,0,0,0,0,0,0,0,0,0,0
8704,2007099137,1537.0,1529.0,67,67301,40.0189,-75.0933,0,0,0,0,0,0,4,8,2007,5,15.0,1.0,7,1.0,3,0,3,  ,0,0.0,0,0,1,0,0,0,0,0,0,0,0,0,0,0,0,0,0
8705,2007099142,1225.0,1220.0,67,67301,39.9456,-75.165,0,0,0,0,0,0,4,8,2007,4,99.0,1.0,0,1.0,3,1,3,  ,2,3.0,0,0,1,0,0,0,0,0,0,0,0,0,0,0,0,0,0
8706,2007099143,1847.0,1846.0,67,67301,39.9608,-75.1547,0,0,0,0,1,0,6,9,2007,7,18.0,1.0,0,1.0,3,2,3,  ,3,3.0,0,0,0,0,0,0,0,0,0,0,0,0,0,0,0,0,0
8707,2007099189,1219.0,1218.0,7,7407,40.6711,-78.2413,0,0,0,0,0,1,4,9,2007,4,12.0,1.0,0,1.0,2,1,3,  ,2,3.0,0,0,1,0,0,0,0,0,0,0,0,0,0,0,0,1,0
8708,2007099215,1725.0,1722.0,36,36301,40.0398,-76.3081,0,0,0,0,0,0,4,9,2007,4,17.0,1.0,0,1.0,3,0,3,  ,0,0.0,0,0,1,0,0,0,0,0,0,0,0,0,0,0,0,0,0
8709,2007099336,1448.0,1443.0,67,67301,39.9627,-75.2039,0,0,0,0,0,0,4,9,2007,7,99.0,1.0,0,1.0,3,2,3,  ,3,9.0,0,0,1,0,0,0,0,0,0,0,0,0,0,0,0,1,0
8710,2007099493,1155.0,1151.0,67,67301,39.9646,-75.1416,0,0,0,0,0,0,4,8,2007,7,11.0,1.0,0,1.0,3,2,3,  ,3,3.0,0,0,1,0,0,0,0,0,0,0,0,0,0,0,0,0,0
8711,2007099498,1835.0,1835.0,67,67301,40.0065,-75.0887,0,0,0,0,1,0,4,9,2007,7,18.0,1.0,0,1.0,3,3,3,  ,2,3.0,0,0,1,0,0,0,0,0,0,0,0,0,0,0,0,0,0
8712,2007099605,850.0,820.0,67,67301,39.9558,-75.1915,0,0,0,0,0,0,4,8,2007,4,8.0,1.0,0,1.0,3,1,3,  ,2,3.0,0,0,1,0,0,0,0,0,0,0,0,0,0,0,0,0,0
8713,2007099613,1440.0,1435.0,67,67301,39.9533,-75.1838,0,0,0,0,0,0,5,8,2007,4,14.0,1.0,0,9.0,3,1,98,  ,2,9.0,0,0,0,0,0,0,0,0,0,0,0,0,0,0,0,0,0
8714,2007099635,1943.0,1939.0,67,67301,40.0395,-75.0383,0,0,0,0,0,0,4,8,2007,2,19.0,3.0,0,1.0,3,0,3,  ,0,0.0,0,0,1,0,0,0,0,0,0,0,0,0,0,0,0,0,0
8715,2007099641,1245.0,1240.0,67,67301,40.0465,-75.1729,0,0,0,0,0,0,2,8,2007,6,12.0,1.0,0,1.0,3,2,3,  ,3,2.0,0,0,0,0,0,0,0,0,0,0,0,0,0,0,0,0,0
8716,2007099666,1320.0,1315.0,40,40304,41.2318,-75.9116,0,0,0,0,0,0,4,9,2007,1,13.0,1.0,0,1.0,3,0,3,  ,0,0.0,0,0,1,0,0,0,0,0,0,0,0,0,0,0,0,0,0
8717,2007099765,1715.0,1710.0,1,1204,39.8408,-77.2257,0,0,0,0,0,0,4,10,2007,1,17.0,1.0,0,1.0,1,0,3,  ,0,0.0,1,0,1,0,0,0,0,0,0,0,0,0,0,0,0,1,0
8718,2007099992,1221.0,1219.0,13,13407,40.8014,-75.6089,0,1,0,0,1,0,4,10,2007,7,12.0,1.0,0,1.0,2,0,3,  ,0,0.0,0,0,1,0,0,0,0,0,0,0,0,0,0,0,0,0,0
8719,2007100064,1400.0,1348.0,42,42209,41.861,-78.5966,0,0,0,1,0,1,0,9,2007,7,13.0,1.0,0,1.0,1,0,3,  ,0,0.0,0,0,0,0,1,0,0,0,0,0,0,0,0,0,0,0,0
8720,2007100333,1409.0,1406.0,46,46413,40.1167,-75.3466,0,0,0,0,0,0,4,9,2007,1,14.0,1.0,0,1.0,3,1,3,  ,3,2.0,0,0,1,0,0,0,0,0,0,0,0,0,0,0,0,0,1
8721,2007100349,1614.0,1613.0,41,41403,41.204,-77.2549,0,1,0,0,1,0,4,9,2007,6,16.0,1.0,0,1.0,1,2,3,  ,3,3.0,0,0,1,0,0,0,0,0,0,0,0,0,0,0,0,0,0
8722,2007100357,1821.0,1819.0,9,9412,40.2292,-74.9339,0,0,0,0,0,0,1,9,2007,1,18.0,1.0,7,1.0,3,0,3,  ,0,0.0,0,0,0,0,0,0,0,0,0,0,0,0,0,0,0,0,0
8723,2007100537,1232.0,1230.0,53,53427,40.8213,-76.209,0,0,0,0,0,1,4,9,2007,7,12.0,1.0,0,1.0,1,1,3,  ,0,0.0,0,0,1,0,0,0,0,0,0,0,0,0,0,0,0,1,0
8724,2007100630,743.0,659.0,1,1405,39.9421,-76.9758,0,1,0,0,0,0,5,8,2007,2,6.0,1.0,5,1.0,1,0,3,  ,0,0.0,0,0,0,0,0,0,0,0,0,0,0,0,0,0,0,0,0
8725,2007100700,2227.0,2200.0,1,1209,39.8085,-77.3673,0,0,0,0,0,0,1,8,2007,1,21.0,2.0,0,1.0,1,0,3,  ,0,0.0,0,0,0,0,0,0,0,0,0,0,0,0,0,0,0,0,0
8726,2007100869,1211.0,1208.0,28,28215,39.7369,-77.5776,0,0,0,0,1,0,4,10,2007,4,12.0,1.0,7,1.0,2,0,3,  ,0,0.0,1,0,1,0,0,1,0,0,0,0,0,0,0,0,0,0,0
8727,2007101238,1222.0,1220.0,35,35412,41.3666,-75.7323,0,0,0,0,0,1,4,9,2007,6,12.0,1.0,7,1.0,3,0,3,  ,0,0.0,0,0,1,0,0,0,0,0,0,0,0,0,0,0,0,1,0
8728,2007101244,2053.0,2050.0,9,9101,40.1384,-74.8342,0,0,0,0,0,1,4,9,2007,1,20.0,3.0,7,1.0,3,0,3,  ,0,0.0,0,0,1,0,0,0,0,0,0,0,0,0,0,0,0,0,1
8729,2007101282,103.0,102.0,39,39301,40.5588,-75.4799,0,0,0,0,0,0,9,9,2007,4,1.0,3.0,0,1.0,3,1,3,  ,1,3.0,1,0,0,0,0,0,0,0,0,0,0,0,0,0,0,0,0
8730,2007101349,1847.0,1846.0,39,39301,40.6089,-75.4717,0,0,0,0,0,1,4,9,2007,4,18.0,1.0,0,1.0,3,2,3,  ,0,0.0,0,0,1,0,0,0,0,0,0,0,0,0,0,0,0,0,0
8731,2007101467,1749.0,1741.0,2,2113,40.4455,-79.7982,0,0,0,0,0,0,4,9,2007,6,17.0,1.0,0,1.0,3,0,3,  ,0,0.0,0,0,1,0,0,0,0,0,0,0,0,0,0,0,0,0,0
8732,2007101531,1049.0,1047.0,39,39301,40.5954,-75.4964,0,0,0,0,0,0,4,9,2007,2,10.0,1.0,0,1.0,3,1,3,  ,2,3.0,0,0,1,0,0,0,0,0,0,0,0,0,0,0,0,0,0
8733,2007101587,1839.0,1829.0,36,36406,40.1063,-76.3544,0,0,0,0,0,0,4,9,2007,7,18.0,1.0,0,1.0,3,1,3,  ,2,3.0,1,0,1,0,0,0,0,0,0,0,0,0,0,0,0,0,0
8734,2007101590,1850.0,1845.0,36,36101,40.0613,-76.2984,0,0,0,0,0,0,4,9,2007,2,18.0,1.0,0,1.0,3,1,3,  ,3,3.0,1,0,1,0,0,0,0,0,0,0,0,0,0,0,0,0,0
8735,2007101603,1700.0,1700.0,35,35302,41.401,-75.6873,0,0,0,0,0,1,4,8,2007,3,19.0,1.0,0,1.0,3,1,3,  ,2,3.0,1,0,1,0,0,0,0,0,0,0,0,0,0,0,0,0,1
8736,2007101674,1848.0,1843.0,9,9215,40.2781,-75.2155,0,0,0,0,0,0,4,10,2007,2,18.0,4.0,0,1.0,1,1,3,  ,2,3.0,0,0,1,0,0,0,0,0,0,0,0,0,0,0,0,0,0
8737,2007101732,2103.0,2101.0,9,9101,40.0971,-74.8836,0,0,0,0,0,0,1,9,2007,6,21.0,2.0,0,1.0,3,0,3,  ,0,0.0,1,1,0,0,0,0,1,0,0,1,0,0,0,0,0,0,0
8738,2007101747,916.0,912.0,59,59205,40.9775,-76.9536,0,0,0,0,1,0,4,8,2007,7,9.0,1.0,0,1.0,1,2,3,  ,3,3.0,0,0,1,0,0,0,0,0,0,0,0,0,0,0,0,0,0
8739,2007101926,1902.0,1857.0,32,32223,40.7247,-78.8082,0,0,0,0,0,0,4,9,2007,3,18.0,1.0,0,1.0,1,0,3,  ,3,2.0,0,0,1,0,0,0,0,0,0,0,0,0,0,0,0,0,0
8740,2007102070,1025.0,1015.0,22,22221,40.5797,-76.625,0,0,0,0,1,0,6,8,2007,2,10.0,1.0,0,1.0,1,1,3,  ,3,3.0,0,0,0,0,0,0,0,0,0,0,0,0,0,0,0,1,0
8741,2007102117,1707.0,1704.0,23,23402,39.8745,-75.3891,0,0,0,0,0,0,4,10,2007,1,17.0,1.0,0,1.0,3,2,3,  ,3,3.0,0,0,1,0,0,0,0,0,0,0,0,0,0,0,0,1,0
8742,2007102152,1255.0,1247.0,9,9223,40.4615,-75.1112,0,0,0,0,1,0,5,10,2007,1,12.0,1.0,0,1.0,1,0,3,  ,0,0.0,0,0,0,0,0,0,0,0,0,0,0,0,0,0,0,0,0
8743,2007102168,1105.0,1100.0,38,38406,40.3162,-76.5777,0,0,0,0,0,0,4,10,2007,7,10.0,1.0,0,1.0,3,0,3,  ,0,0.0,0,0,1,0,0,0,0,0,0,0,0,0,0,0,0,0,0
8744,2007102208,1202.0,1200.0,39,39211,40.5364,-75.3945,0,1,0,0,0,0,4,10,2007,5,12.0,1.0,0,9.0,1,1,7,  ,3,3.0,1,0,1,0,0,0,0,0,0,0,0,0,0,0,0,0,0
8745,2007102302,2125.0,2122.0,67,67301,40.0118,-75.142,0,0,0,0,1,0,5,7,2007,7,21.0,3.0,0,1.0,3,0,3,  ,0,0.0,1,0,0,0,0,0,0,0,0,0,0,0,0,0,1,0,0
8746,2007102534,1825.0,1823.0,10,10301,40.8595,-79.9022,0,1,0,0,1,0,2,10,2007,4,18.0,1.0,0,1.0,2,0,3,  ,0,0.0,0,0,0,0,0,0,0,0,0,0,0,0,0,0,0,0,0
8747,2007102611,858.0,853.0,2,2407,40.3198,-80.0475,0,0,0,0,1,0,4,9,2007,4,8.0,1.0,0,1.0,3,0,3,  ,0,0.0,0,0,1,0,0,0,0,0,0,0,0,0,0,0,0,0,0