,CRN,ARRIVAL_TM,DISPATCH_TM,COUNTY,MUNICIPALITY,DEC_LAT,DEC_LONG,BICYCLE_DEATH_COUNT,BICYCLE_SUSP_SERIOUS_INJ_COUNT,BUS_COUNT,HEAVY_TRUCK_COUNT,SMALL_TRUCK_COUNT,SUV_COUNT,COLLISION_TYPE,CRASH_MONTH,CRASH_YEAR,DAY_OF_WEEK,HOUR_OF_DAY,ILLUMINATION,LOCATION_TYPE,ROAD_CONDITION,URBAN_RURAL,INTERSECT_TYPE,WEATHER1,WEATHER2,TCD_TYPE,TCD_FUNC_CD,AGGRESSIVE_DRIVING,ALCOHOL_RELATED,ANGLE_CRASH,CELL_PHONE,COMM_VEHICLE,DISTRACTED,DRINKING_DRIVER,DRUGGED_DRIVER,FATIGUE_ASLEEP,IMPAIRED_DRIVER,NHTSA_AGG_DRIVING,RUNNING_RED_LT,RUNNING_STOP_SIGN,SPEEDING_RELATED,TAILGATING,MATURE_DRIVER,YOUNG_DRIVER
8977,2007117133,2207.0,2207.0,32,32402,40.4372,-79.2652,0,0,0,0,0,1,4,10,2007,5,22.0,3.0,0,1.0,1,2,3,  ,3,3.0,0,0,1,0,0,0,0,0,0,0,0,0,0,0,0,0,0
8978,2007117200,936.0,931.0,67,67301,39.9586,-75.208,0,0,0,0,0,0,6,10,2007,3,9.0,1.0,0,1.0,3,2,3,  ,3,2.0,0,0,0,0,0,0,0,0,0,0,0,0,0,0,0,0,0
8979,2007117231,1235.0,1230.0,67,67301,39.9613,-75.2348,0,0,0,0,1,0,6,10,2007,1,12.0,1.0,1,1.0,3,1,3,  ,2,3.0,0,0,0,0,0,0,0,0,0,0,0,0,0,0,0,0,0
8980,2007117295,812.0,745.0,67,67301,39.9449,-75.2092,0,0,0,0,0,0,5,9,2007,3,7.0,1.0,0,1.0,3,0,3,  ,0,0.0,0,0,0,0,0,0,0,0,0,0,0,0,0,0,0,0,0
8981,2007117298,1715.0,1710.0,67,67301,39.9211,-75.1539,0,0,0,0,0,0,5,10,2007,3,17.0,1.0,0,1.0,3,0,3,  ,0,0.0,1,0,0,0,0,0,0,0,0,0,0,0,0,0,0,0,0
8982,2007117300,357.0,353.0,67,67301,39.9495,-75.2093,0,1,0,0,0,0,4,9,2007,6,3.0,3.0,0,1.0,3,0,3,  ,0,0.0,1,0,1,0,0,0,0,0,0,0,0,0,0,0,0,0,0
8983,2007117302,1640.0,1635.0,67,67301,39.9495,-75.2093,0,0,0,0,0,1,8,10,2007,6,16.0,1.0,0,1.0,3,1,3,  ,2,3.0,1,0,0,0,0,0,0,0,0,0,0,0,0,0,0,0,0
8984,2007117366,2341.0,2338.0,14,14410,40.7947,-77.8559,0,0,0,0,1,0,4,9,2007,5,23.0,2.0,0,1.0,3,0,3,  ,0,0.0,0,1,1,0,0,1,0,0,0,0,0,0,0,0,0,0,0
8985,2007118186,850.0,846.0,36,36415,40.1033,-76.0871,0,0,0,0,0,0,4,12,2007,3,8.0,1.0,0,1.0,1,1,3,  ,2,3.0,1,0,1,0,0,0,0,0,0,0,0,0,0,0,0,0,0
8986,2007118582,1146.0,1145.0,48,48418,40.6829,-75.2456,0,0,0,0,0,0,4,7,2007,6,11.0,1.0,0,1.0,3,1,3,  ,3,3.0,0,0,1,0,0,0,0,0,0,0,0,0,0,0,0,0,0
8987,2007119402,2030.0,2029.0,67,67301,39.9501,-75.2169,0,0,0,0,0,0,8,10,2007,3,20.0,3.0,0,1.0,3,1,3,  ,0,0.0,0,0,0,0,0,0,0,0,0,0,0,0,0,0,0,0,0
8988,2007119500,1716.0,1648.0,64,64214,40.4258,-79.5418,0,0,0,0,0,0,8,10,2007,6,16.0,1.0,0,1.0,1,5,3,  ,3,3.0,0,0,0,0,0,0,0,0,0,0,0,0,0,0,0,0,0
8989,2007120097,35.0,24.0,67,67301,39.9354,-75.1967,0,0,0,0,0,0,8,9,2007,6,0.0,3.0,0,1.0,3,2,3,  ,0,0.0,0,0,0,0,0,0,0,0,0,0,0,0,0,0,0,0,0
8990,2007120130,1622.0,1606.0,9,9229,40.3441,-75.3598,0,1,0,0,0,0,4,10,2007,7,16.0,1.0,0,1.0,1,1,3,  ,0,0.0,1,0,1,0,0,0,0,0,0,0,0,0,0,0,0,0,0
8991,2007120204,1435.0,1430.0,67,67301,39.9301,-75.2192,0,0,1,0,0,0,5,10,2007,1,14.0,1.0,0,1.0,3,1,3,  ,2,3.0,0,0,0,0,1,0,0,0,0,0,0,0,0,0,0,0,0
8992,2007120207,1730.0,1721.0,67,67301,40.0155,-75.2087,0,0,0,0,0,0,4,10,2007,1,17.0,1.0,0,1.0,3,0,3,  ,0,0.0,0,0,1,0,0,0,0,0,0,0,0,0,0,0,0,0,0
8993,2007120208,1003.0,958.0,67,67301,40.0278,-75.2051,0,0,0,0,0,0,4,10,2007,3,9.0,1.0,0,1.0,3,2,3,  ,3,3.0,0,0,1,0,0,0,0,0,0,0,0,0,0,0,0,0,0
8994,2007120219,1625.0,1625.0,67,67301,39.9866,-75.0944,0,0,0,0,0,0,4,10,2007,4,16.0,1.0,0,1.0,3,2,3,  ,0,0.0,0,0,1,0,0,0,0,0,0,0,0,0,0,0,0,0,1
8995,2007120224,2137.0,2133.0,67,67301,40.0144,-75.153,0,0,0,0,0,0,2,9,2007,7,21.0,3.0,0,1.0,3,1,3,  ,3,9.0,0,0,0,0,0,0,0,0,0,0,0,0,0,0,0,0,0
8996,2007120244,856.0,856.0,67,67301,39.9492,-75.2113,0,0,0,0,0,0,4,9,2007,6,8.0,1.0,0,1.0,3,1,3,  ,2,3.0,1,0,1,0,0,0,0,0,0,0,0,0,0,0,0,0,0
8997,2007120255,740.0,735.0,67,67301,39.9264,-75.1758,0,0,0,0,0,0,4,10,2007,3,7.0,1.0,0,1.0,3,1,3,  ,3,9.0,0,0,1,0,0,0,0,0,0,0,0,0,0,0,0,0,0
8998,2007120257,2240.0,2235.0,67,67301,40.0068,-75.1016,0,0,0,0,0,1,4,6,2007,1,20.0,1.0,0,1.0,3,0,3,  ,0,0.0,0,0,1,0,0,0,0,0,0,0,0,0,0,0,0,0,0
8999,2007120293,1050.0,1030.0,67,67301,39.9842,-75.099,0,0,0,0,0,0,4,10,2007,3,10.0,1.0,0,1.0,3,2,3,  ,0,0.0,0,0,1,0,0,0,0,0,0,0,0,0,0,0,0,0,0
9000,2007120534,2048.0,2045.0,67,67301,40.0227,-75.1482,0,0,0,0,0,0,4,9,2007,1,20.0,3.0,0,1.0,3,5,3,  ,2,3.0,0,0,1,0,0,0,0,0,0,0,0,0,0,0,0,0,0
9001,2007120540,1411.0,1408.0,67,67301,39.9508,-75.1757,0,0,0,0,0,0,5,9,2007,6,14.0,1.0,0,1.0,3,1,3,  ,2,3.0,0,0,0,0,0,0,0,0,0,0,0,0,0,0,0,0,0
9002,2007120589,1235.0,1231.0,67,67301,39.9644,-75.2463,0,0,0,0,0,0,4,10,2007,7,12.0,1.0,0,1.0,3,0,3,  ,0,0.0,0,1,1,0,0,0,0,0,0,0,0,0,0,0,0,0,1
9003,2007120606,1342.0,1318.0,67,67301,40.0074,-75.1249,0,0,0,0,0,0,4,9,2007,6,99.0,8.0,0,9.0,3,0,7,  ,0,0.0,0,0,1,0,0,0,0,0,0,0,0,0,0,0,0,0,0
9004,2007120630,1254.0,1254.0,67,67301,39.9527,-75.2106,0,0,0,0,1,0,4,10,2007,5,12.0,1.0,0,1.0,3,1,3,  ,2,3.0,0,0,1,0,1,0,0,0,0,0,0,0,0,0,0,0,0
9005,2007120634,1721.0,1721.0,67,67301,39.9642,-75.2152,0,0,0,0,0,1,4,10,2007,4,17.0,1.0,0,1.0,3,1,3,  ,3,3.0,0,0,1,0,0,0,0,0,0,0,0,0,0,0,0,0,0
9006,2007120638,2020.0,2017.0,67,67301,40.0424,-75.0506,0,0,0,0,0,0,4,8,2007,2,20.0,4.0,0,1.0,3,1,3,  ,2,3.0,0,0,1,0,0,0,0,0,0,0,0,0,0,0,0,0,0
9007,2007120640,2042.0,2038.0,67,67301,39.9424,-75.2191,0,0,0,0,0,0,4,9,2007,1,20.0,3.0,0,1.0,3,1,3,  ,2,3.0,0,0,1,0,0,0,0,0,0,0,0,0,0,0,0,0,0
9008,2007120642,1923.0,1916.0,67,67301,39.9397,-75.2255,0,0,0,0,0,0,4,10,2007,2,19.0,3.0,0,1.0,3,1,3,  ,2,3.0,0,0,1,0,0,0,0,0,0,0,0,0,0,0,0,0,0
9009,2007120644,1945.0,1940.0,67,67301,39.9228,-75.2357,0,0,0,0,0,0,8,10,2007,1,19.0,3.0,0,1.0,3,1,3,  ,2,3.0,0,0,0,0,0,0,0,0,0,0,0,0,0,0,0,0,0
9010,2007120651,1235.0,1226.0,67,67301,39.921,-75.157,0,0,0,0,0,0,2,10,2007,6,12.0,1.0,0,1.0,3,1,3,  ,3,3.0,0,0,0,0,0,0,0,0,0,0,0,0,0,0,0,0,0
9011,2007120655,100.0,57.0,67,67301,39.9458,-75.1742,0,0,0,0,1,0,5,10,2007,7,0.0,3.0,0,1.0,3,0,3,  ,0,0.0,0,0,0,0,0,0,0,0,0,0,0,0,0,0,0,0,0
9012,2007120656,10.0,7.0,67,67301,39.9516,-75.1702,0,0,0,0,0,0,1,10,2007,7,23.0,3.0,0,1.0,3,1,3,  ,2,2.0,0,0,0,0,0,0,0,0,0,0,0,0,0,0,0,0,0
9013,2007120700,1600.0,1554.0,67,67301,39.9996,-75.0689,0,0,0,0,0,0,8,10,2007,6,15.0,1.0,0,9.0,3,0,7,  ,0,0.0,0,0,0,0,0,0,0,0,0,0,0,0,0,0,0,0,0
9014,2007120702,1741.0,1737.0,67,67301,40.0577,-75.1547,0,0,0,0,0,1,6,10,2007,1,17.0,1.0,0,1.0,3,0,3,  ,0,0.0,0,0,0,0,0,0,0,0,0,0,0,0,0,0,0,0,0
9015,2007120704,1555.0,1545.0,67,67301,39.9544,-75.1631,0,0,0,0,0,1,1,10,2007,6,15.0,1.0,0,1.0,3,1,3,  ,2,3.0,0,0,0,0,0,0,0,0,0,0,0,0,0,0,0,0,0
9016,2007120705,1805.0,1805.0,67,67301,39.9487,-75.1589,0,0,0,0,0,0,4,10,2007,6,17.0,1.0,0,1.0,3,10,3,  ,2,2.0,0,0,1,0,0,0,0,0,0,0,0,0,0,0,0,0,0
9017,2007120719,2153.0,2150.0,67,67301,39.935,-75.1427,0,0,0,0,0,0,4,9,2007,6,21.0,1.0,0,1.0,3,1,3,  ,2,3.0,0,0,1,0,0,0,0,0,0,0,0,0,0,0,0,0,0
9018,2007120722,1540.0,1528.0,67,67301,39.9437,-75.1654,0,0,0,0,0,0,8,10,2007,2,15.0,1.0,0,1.0,3,1,3,  ,1,3.0,0,0,0,0,0,0,0,0,0,0,0,0,0,0,0,0,0
9019,2007120729,1625.0,1616.0,67,67301,39.9516,-75.1825,0,0,0,0,0,1,5,10,2007,3,16.0,1.0,3,1.0,3,1,3,  ,2,3.0,0,0,0,0,0,0,0,0,0,0,0,0,0,0,0,0,0
9020,2007120853,1620.0,1620.0,67,67301,39.9379,-75.1668,0,0,0,0,0,1,4,9,2007,6,16.0,1.0,0,1.0,3,5,3,  ,2,3.0,1,0,1,0,0,0,0,0,0,0,0,0,0,0,0,0,0
9021,2007120882,1734.0,1718.0,21,21408,40.1717,-77.3989,0,1,0,0,1,0,8,10,2007,7,17.0,1.0,0,1.0,1,0,3,  ,0,0.0,0,0,0,0,0,0,0,0,0,0,0,0,0,0,0,1,0
9022,2007120908,1947.0,1941.0,24,24203,41.3642,-78.6212,0,0,0,0,0,0,4,10,2007,3,19.0,4.0,0,1.0,1,0,3,  ,0,0.0,0,1,1,0,0,0,1,0,0,1,0,0,0,0,0,0,0
9023,2007120913,1845.0,1837.0,67,67301,39.9374,-75.1484,0,0,1,0,0,0,5,10,2007,3,18.0,1.0,0,1.0,3,0,3,  ,0,0.0,0,0,0,0,1,0,0,0,0,0,0,0,0,0,0,0,0
9024,2007120919,1305.0,1255.0,67,67301,39.9731,-75.1484,0,0,0,0,0,0,8,10,2007,4,12.0,1.0,0,1.0,3,2,3,  ,0,0.0,0,0,0,0,0,0,0,0,0,0,0,0,0,0,0,0,0
9025,2007120932,1648.0,1641.0,22,22221,40.5743,-76.6291,0,1,0,0,0,0,4,10,2007,1,16.0,1.0,7,1.0,1,0,3,  ,0,0.0,0,0,1,0,0,0,0,0,0,0,0,0,0,0,0,0,1
9026,2007120953,1820.0,1816.0,67,67301,39.951,-75.1654,0,0,0,0,0,0,5,10,2007,7,99.0,1.0,0,1.0,3,2,3,  ,2,3.0,0,0,0,0,0,0,0,0,0,0,0,0,0,0,0,0,0
9027,2007121113,1442.0,1442.0,23,23424,39.8985,-75.3439,0,0,0,0,0,0,4,11,2007,2,14.0,1.0,0,9.0,3,1,7,05,3,3.0,0,0,1,0,0,0,0,0,0,0,0,0,0,0,0,1,0
9028,2007121267,1815.0,1809.0,2,2473,40.3858,-79.8801,0,0,0,0,0,0,4,10,2007,5,17.0,1.0,0,1.0,3,5,3,  ,0,0.0,1,0,1,0,0,0,0,0,0,0,0,0,0,0,0,0,0
9029,2007121664,2340.0,2330.0,20,20233,41.6541,-80.1536,0,0,0,0,0,0,1,10,2007,4,23.0,2.0,0,1.0,1,0,3,  ,0,0.0,0,1,0,0,0,0,1,0,0,1,0,0,0,0,0,0,0
9030,2007121685,2156.0,2152.0,46,46207,40.1942,-75.2599,0,0,0,0,0,0,5,11,2007,4,21.0,2.0,0,1.0,3,0,3,  ,0,0.0,0,0,0,0,0,0,0,0,0,0,0,0,0,0,0,0,0
9031,2007121697,1508.0,1508.0,1,1409,39.8018,-77.0223,0,0,0,0,0,0,8,11,2007,5,15.0,1.0,0,1.0,2,0,3,  ,0,0.0,0,0,0,0,0,0,0,0,0,0,0,0,0,0,0,0,0
9032,2007121972,1814.0,1808.0,2,2301,40.4358,-79.9664,0,0,0,0,0,0,2,11,2007,1,18.0,3.0,0,9.0,3,3,7,  ,0,0.0,0,0,0,0,0,0,0,0,0,0,0,0,0,0,0,0,0
9033,2007122158,1013.0,952.0,21,21219,40.1531,-77.4076,0,0,0,0,1,0,4,9,2007,1,9.0,1.0,0,1.0,1,1,3,  ,3,3.0,1,0,1,0,0,0,0,0,0,0,0,0,0,0,0,0,1
9034,2007123271,733.0,715.0,39,39207,,,0,0,1,0,0,0,5,9,2007,6,7.0,1.0,0,1.0,1,0,3,  ,0,0.0,1,0,0,0,1,1,0,0,0,0,0,0,0,0,1,1,0
9035,2007123321,1759.0,1755.0,64,64204,40.3206,-79.3614,0,0,0,0,0,0,4,10,2007,5,17.0,1.0,0,1.0,1,0,3,  ,0,0.0,0,0,1,0,0,0,0,0,0,0,0,0,0,0,0,0,0
9036,2007123734,1543.0,1538.0,25,25302,42.1128,-80.0906,0,0,0,0,0,1,4,11,2007,5,15.0,1.0,0,1.0,3,1,3,  ,3,3.0,0,0,1,0,0,0,0,0,0,0,0,0,0,0,0,1,0
9037,2007123744,1206.0,1206.0,67,67301,40.0042,-75.0994,0,0,0,0,0,0,2,11,2007,2,11.0,1.0,0,1.0,3,1,3,  ,2,2.0,0,0,0,0,0,0,0,0,0,0,0,0,0,0,0,0,0
9038,2007123784,1000.0,951.0,67,67301,39.9966,-75.077,0,0,0,0,0,0,4,11,2007,1,9.0,1.0,0,1.0,3,0,3,  ,0,0.0,0,0,1,0,0,0,0,0,0,0,0,0,0,0,0,0,0
9039,2007123815,1155.0,1150.0,67,67301,40.0157,-75.1498,0,0,0,0,0,0,4,11,2007,3,99.0,1.0,0,1.0,3,0,3,  ,0,0.0,0,0,1,0,0,0,0,0,0,0,0,0,0,0,0,0,0
9040,2007123816,1625.0,1620.0,67,67301,40.116,-75.0292,0,0,0,0,0,0,4,11,2007,4,99.0,1.0,0,1.0,3,1,3,  ,3,3.0,0,0,1,0,0,0,0,0,0,0,0,0,0,0,0,1,0
9041,2007123829,1735.0,1730.0,67,67301,39.9534,-75.1531,0,0,0,0,0,1,5,11,2007,5,99.0,1.0,0,1.0,3,0,3,  ,0,0.0,0,0,0,0,0,0,0,0,0,0,0,0,0,0,0,0,0
9042,2007124030,1021.0,1020.0,8,8409,41.9772,-76.525,0,0,0,0,0,0,4,10,2007,6,10.0,1.0,0,1.0,2,0,3,  ,0,0.0,1,0,1,0,0,0,0,0,0,0,0,0,0,0,0,0,0
9043,2007124092,403.0,402.0,67,67301,39.9679,-75.1983,0,0,0,0,0,0,1,10,2007,6,19.0,4.0,0,9.0,3,1,7,05,3,3.0,0,0,0,0,0,0,0,0,0,0,0,0,0,0,0,0,0
9044,2007124096,1305.0,1300.0,67,67301,39.9967,-75.1633,0,0,0,0,0,1,4,11,2007,6,12.0,1.0,0,1.0,3,0,3,  ,0,0.0,0,0,1,0,0,0,0,0,0,0,0,0,0,0,0,0,0
9045,2007124107,912.0,907.0,67,67301,39.9501,-75.164,0,0,0,0,0,0,4,11,2007,4,9.0,1.0,0,1.0,3,1,3,  ,2,3.0,0,0,1,0,0,0,0,0,0,0,0,0,0,0,0,0,0
9046,2007124134,850.0,845.0,67,67301,39.9626,-75.162,0,0,0,0,0,0,5,10,2007,2,8.0,1.0,7,1.0,3,0,3,  ,0,0.0,1,0,0,0,0,0,0,0,0,0,0,0,0,0,0,0,1
9047,2007124137,2100.0,2051.0,67,67301,39.9603,-75.1737,0,0,0,0,0,1,5,11,2007,4,20.0,1.0,0,1.0,3,1,3,  ,2,3.0,0,0,0,0,0,0,0,0,0,0,0,0,0,0,0,0,0
9048,2007124154,633.0,630.0,67,67301,39.9562,-75.1627,0,0,0,0,0,0,5,11,2007,4,6.0,1.0,0,1.0,3,0,3,  ,0,0.0,0,0,0,0,0,0,0,0,0,0,0,0,0,0,0,0,0
9049,2007124663,9999.0,2300.0,67,67301,39.9511,-75.1787,0,0,0,0,0,0,4,10,2007,4,23.0,3.0,0,1.0,3,0,3,  ,2,3.0,1,0,1,0,0,0,0,0,0,0,0,0,0,0,0,0,0
9050,2007124780,2136.0,2128.0,9,9202,40.1263,-74.9031,0,0,0,0,0,0,4,11,2007,4,21.0,6.0,0,98.0,3,2,5,  ,0,0.0,1,0,1,0,0,0,0,0,0,0,0,0,0,0,0,0,0
9051,2007125116,1304.0,1302.0,67,67301,39.9378,-75.1664,0,0,0,0,0,0,4,10,2007,3,13.0,1.0,0,1.0,3,0,3,  ,0,0.0,0,0,1,0,0,0,0,0,0,0,0,0,0,0,0,1,0
9052,2007125121,1816.0,1815.0,67,67301,39.9557,-75.1662,0,0,0,0,0,0,5,10,2007,3,18.0,3.0,0,1.0,3,0,3,  ,0,0.0,0,0,0,0,0,0,0,0,0,0,0,0,0,0,0,0,0
9053,2007125497,817.0,812.0,36,36204,40.1996,-76.219,0,0,0,0,0,1,4,12,2007,5,8.0,1.0,0,1.0,1,2,3,  ,3,3.0,1,0,1,0,0,0,0,0,0,0,0,0,0,0,0,0,0
9054,2007126026,1136.0,1135.0,2,2405,40.5032,-80.0777,0,0,0,0,0,0,4,12,2007,4,11.0,1.0,0,1.0,3,2,3,  ,3,2.0,0,0,1,0,0,0,0,0,0,0,0,0,0,0,0,0,0
9055,2007126099,2247.0,2246.0,67,67301,39.9346,-75.1809,0,0,0,0,0,0,5,10,2007,7,22.0,3.0,0,1.0,3,1,3,  ,2,3.0,0,1,0,0,0,0,0,0,0,0,0,0,0,0,0,0,0
9056,2007126122,1805.0,1758.0,67,67301,39.9488,-75.196,0,0,0,0,0,0,4,11,2007,2,17.0,3.0,0,1.0,3,2,3,  ,3,9.0,1,0,1,0,0,0,0,0,0,0,0,0,0,0,0,0,0
9057,2007126187,1743.0,1742.0,67,67301,39.9596,-75.197,0,0,0,0,0,0,4,11,2007,6,17.0,1.0,0,1.0,3,1,3,  ,2,3.0,1,0,1,0,0,0,0,0,0,0,0,0,0,0,0,0,0
9058,2007126193,9999.0,1650.0,67,67301,39.9591,-75.172,0,1,0,0,0,0,1,10,2007,1,99.0,1.0,0,1.0,3,2,3,  ,0,0.0,0,0,0,0,0,0,0,0,0,0,0,0,0,0,0,0,0
9059,2007126416,1532.0,1530.0,67,67301,40.0127,-75.1538,0,0,0,0,0,1,4,11,2007,6,15.0,1.0,0,1.0,3,1,3,  ,3,9.0,0,0,1,0,0,0,0,0,0,0,0,0,0,0,0,0,0
9060,2007126445,807.0,803.0,67,67301,39.9327,-75.1813,0,0,0,1,0,0,4,11,2007,6,8.0,1.0,0,1.0,3,2,3,  ,3,9.0,0,0,1,0,1,0,0,0,0,0,0,0,0,0,0,0,0
9061,2007126558,1308.0,1300.0,67,67301,39.9663,-75.1793,0,0,0,0,0,0,4,10,2007,2,13.0,1.0,0,1.0,3,1,3,  ,2,3.0,0,0,1,0,0,0,0,0,0,0,0,0,0,0,0,1,0
9062,2007126663,1127.0,1110.0,20,20409,41.7254,-80.1487,0,0,0,0,0,0,5,11,2007,5,11.0,1.0,0,1.0,1,0,3,  ,0,0.0,0,0,0,0,0,0,0,0,0,0,0,0,0,0,0,0,0
9063,2007127075,956.0,955.0,40,40304,41.2388,-75.9073,0,0,0,0,0,1,5,12,2007,1,9.0,1.0,0,1.0,3,0,3,  ,0,0.0,0,0,0,0,0,0,0,0,0,0,0,0,0,0,0,0,0
9064,2007127599,1600.0,1555.0,67,67301,39.9987,-75.1472,0,0,0,0,0,0,1,10,2007,7,15.0,1.0,0,1.0,3,0,3,  ,0,0.0,0,0,0,0,0,0,0,0,0,0,0,0,0,0,0,0,0
9065,2007127604,1938.0,1920.0,67,67301,39.9736,-75.187,0,0,0,0,0,0,4,10,2007,5,17.0,4.0,0,1.0,3,2,3,  ,3,3.0,1,0,1,0,0,0,0,0,0,0,0,0,0,0,0,0,0
9066,2007127683,1636.0,1635.0,6,6301,40.3461,-75.9295,0,0,0,0,0,0,4,11,2007,3,16.0,1.0,0,1.0,3,1,3,  ,3,3.0,0,0,1,0,0,0,0,0,0,0,0,0,0,0,0,0,0
9067,2007128115,1113.0,1112.0,42,42301,41.9583,-78.6554,0,0,0,0,0,0,4,10,2007,3,11.0,1.0,0,1.0,2,1,3,  ,0,0.0,0,0,1,0,0,0,0,0,0,0,0,0,0,0,0,0,0
9068,2007200234,9999.0,9999.0,46,46216,40.2479,-75.3592,0,0,0,0,0,0,4,1,2007,7,14.0,1.0,0,1.0,1,1,3,  ,2,3.0,1,0,1,0,0,0,0,0,0,0,0,0,0,0,0,1,0
9069,2007200476,9999.0,9999.0,46,46411,40.2352,-75.2901,0,0,0,0,0,0,4,1,2007,7,11.0,1.0,0,1.0,3,1,3,  ,2,3.0,1,0,1,0,0,0,0,0,0,0,0,0,0,0,0,0,0
9070,2007200511,9999.0,9999.0,23,23410,39.8931,-75.2814,0,0,0,0,0,0,4,1,2007,2,17.0,3.0,0,1.0,3,2,3,  ,0,0.0,0,0,1,0,0,0,0,0,0,0,0,0,0,0,0,0,0
9071,2007200577,9999.0,9999.0,6,6224,40.5335,-75.7304,0,0,0,0,0,0,4,1,2007,5,7.0,1.0,0,1.0,1,0,3,  ,0,0.0,0,0,1,0,0,0,0,0,0,0,0,0,0,0,0,0,0
9072,2007200593,9999.0,9999.0,6,6224,40.5329,-75.7841,0,0,0,0,0,0,5,1,2007,1,13.0,1.0,0,1.0,1,0,3,  ,0,0.0,0,0,0,0,0,0,0,0,0,0,0,0,0,0,0,1,0
9073,2007200770,9999.0,9999.0,40,40414,41.2602,-75.8956,0,0,0,0,0,1,4,1,2007,2,17.0,3.0,0,1.0,3,0,3,  ,0,0.0,0,0,1,0,0,0,0,0,0,0,0,0,0,0,0,0,0
9074,2007201459,9999.0,9999.0,11,11301,40.3387,-78.9271,0,0,0,0,0,0,4,3,2007,1,13.0,1.0,0,1.0,3,2,3,  ,0,0.0,0,0,1,0,0,0,0,0,0,0,0,0,0,0,0,0,0
9075,2007201473,9999.0,9999.0,46,46411,40.2476,-75.2894,0,0,0,0,0,0,4,3,2007,4,7.0,1.0,0,1.0,3,1,3,  ,3,3.0,0,0,1,0,0,0,0,0,0,0,0,0,0,0,0,0,0
9076,2007201941,9999.0,9999.0,23,23107,39.8929,-75.3343,0,0,0,0,0,0,4,4,2007,2,20.0,4.0,7,1.0,3,2,3,  ,9,9.0,0,0,1,0,0,0,0,0,0,0,0,0,0,0,0,1,0
9077,2007201946,9999.0,9999.0,23,23107,39.8691,-75.3392,0,0,0,0,0,0,4,3,2007,7,16.0,1.0,0,9.0,3,0,7,  ,9,9.0,0,0,1,0,0,0,0,0,0,0,0,0,0,0,0,0,1
9078,2007202101,9999.0,9999.0,23,23423,,,0,0,0,0,0,0,4,4,2007,2,17.0,1.0,0,1.0,3,2,3,  ,9,9.0,0,0,1,0,0,0,0,0,0,0,0,0,0,0,0,0,0
9079,2007202115,9999.0,9999.0,46,46411,40.2468,-75.2786,0,0,0,0,0,0,4,4,2007,1,17.0,1.0,0,1.0,3,1,3,  ,2,3.0,0,0,1,0,0,0,0,0,0,0,0,0,0,0,0,0,0
9080,2007202126,9999.0,9999.0,40,40410,41.2872,-75.8716,0,0,0,0,0,0,4,3,2007,3,19.0,3.0,0,1.0,3,2,3,  ,2,3.0,0,0,1,0,0,0,0,0,0,0,0,0,0,0,0,0,0
9081,2007202127,9999.0,9999.0,40,40410,41.279,-75.8722,0,0,0,0,0,0,4,4,2007,6,16.0,1.0,0,1.0,3,0,3,  ,0,0.0,0,0,1,0,0,0,0,0,0,0,0,0,0,0,0,0,0
9082,2007202153,9999.0,9999.0,23,23409,39.866,-75.3424,0,0,0,0,0,0,4,5,2007,4,9.0,1.0,7,1.0,3,1,3,  ,2,3.0,1,0,1,0,0,0,0,0,0,0,0,1,0,0,0,1,0
9083,2007202364,9999.0,9999.0,36,36410,40.1594,-76.3969,0,0,0,0,1,0,4,5,2007,6,20.0,1.0,0,1.0,2,2,3,  ,0,0.0,0,0,1,0,0,0,0,0,0,0,0,0,0,0,0,0,0
9084,2007202490,9999.0,9999.0,36,36410,40.1622,-76.3934,0,0,0,0,0,0,4,5,2007,6,18.0,1.0,0,1.0,2,0,3,  ,0,0.0,0,0,1,0,0,0,0,0,0,0,0,0,0,0,0,1,0
9085,2007202566,9999.0,9999.0,19,19402,41.0592,-76.2519,0,0,0,0,1,0,4,5,2007,4,16.0,1.0,0,1.0,2,2,3,  ,0,0.0,0,0,1,0,0,0,0,0,0,0,0,0,0,0,0,0,0
9086,2007202604,9999.0,9999.0,46,46222,40.1757,-75.4612,0,0,0,0,0,0,4,5,2007,5,16.0,1.0,0,1.0,3,1,3,  ,2,3.0,0,0,1,0,0,0,0,0,0,0,0,0,0,0,0,0,0
9087,2007202652,9999.0,9999.0,35,35413,41.4713,-75.6024,0,0,0,0,0,0,1,6,2007,2,20.0,4.0,0,1.0,3,1,3,  ,3,3.0,0,0,0,0,0,0,0,0,0,0,0,0,0,0,0,1,0
9088,2007202733,9999.0,9999.0,60,60302,41.4255,-79.7102,0,0,0,0,1,0,4,5,2007,3,16.0,1.0,0,1.0,2,2,3,  ,9,9.0,0,0,1,0,0,0,0,0,0,0,0,0,0,0,0,0,0
9089,2007202761,9999.0,9999.0,11,11301,40.3226,-78.9157,0,0,0,0,0,0,4,6,2007,5,16.0,1.0,7,1.0,3,0,3,  ,0,0.0,0,0,1,0,0,0,0,0,0,0,0,0,0,0,0,0,0
9090,2007202846,9999.0,9999.0,48,48302,40.6853,-75.2259,0,0,0,0,0,0,1,6,2007,7,22.0,2.0,0,1.0,3,2,3,  ,3,3.0,0,0,0,0,0,0,0,0,0,0,0,0,0,0,0,0,0
9091,2007203021,9999.0,9999.0,23,23109,39.8668,-75.3006,0,0,0,0,1,0,1,5,2007,3,16.0,1.0,0,1.0,3,1,3,  ,2,3.0,0,0,0,0,0,0,0,0,0,0,0,0,0,0,0,0,0