,CRN,ARRIVAL_TM,DISPATCH_TM,COUNTY,MUNICIPALITY,DEC_LAT,DEC_LONG,BICYCLE_DEATH_COUNT,BICYCLE_SUSP_SERIOUS_INJ_COUNT,BUS_COUNT,HEAVY_TRUCK_COUNT,SMALL_TRUCK_COUNT,SUV_COUNT,COLLISION_TYPE,CRASH_MONTH,CRASH_YEAR,DAY_OF_WEEK,HOUR_OF_DAY,ILLUMINATION,LOCATION_TYPE,ROAD_CONDITION,URBAN_RURAL,INTERSECT_TYPE,WEATHER1,WEATHER2,TCD_TYPE,TCD_FUNC_CD,AGGRESSIVE_DRIVING,ALCOHOL_RELATED,ANGLE_CRASH,CELL_PHONE,COMM_VEHICLE,DISTRACTED,DRINKING_DRIVER,DRUGGED_DRIVER,FATIGUE_ASLEEP,IMPAIRED_DRIVER,NHTSA_AGG_DRIVING,RUNNING_RED_LT,RUNNING_STOP_SIGN,SPEEDING_RELATED,TAILGATING,MATURE_DRIVER,YOUNG_DRIVER
9092,2007203080,9999.0,9999.0,23,23107,,,0,0,0,0,0,0,4,7,2007,1,15.0,1.0,0,1.0,3,0,3,  ,0,0.0,0,0,1,0,0,0,0,0,0,0,0,0,0,0,0,0,0
9093,2007203085,9999.0,9999.0,2,2106,40.6155,-79.7388,0,0,0,0,1,0,4,6,2007,6,13.0,1.0,0,1.0,3,1,3,  ,3,3.0,0,0,1,0,0,0,0,0,0,0,0,0,0,0,0,0,0
9094,2007203101,9999.0,9999.0,23,23110,39.8404,-75.4431,0,0,0,0,1,0,4,4,2007,1,16.0,1.0,0,1.0,3,1,3,  ,2,3.0,0,0,1,0,0,0,0,0,0,0,0,0,0,0,0,0,0
9095,2007203105,9999.0,9999.0,23,23110,39.8312,-75.4385,0,0,0,0,0,0,4,5,2007,5,21.0,3.0,0,1.0,3,0,3,  ,0,0.0,0,0,1,0,0,0,0,0,0,0,0,0,0,0,0,0,0
9096,2007203123,9999.0,9999.0,11,11301,40.3543,-78.9461,0,0,0,0,0,0,4,6,2007,3,16.0,1.0,0,1.0,3,1,3,  ,0,0.0,0,0,1,0,0,0,0,0,0,0,0,0,0,0,0,0,0
9097,2007203125,9999.0,9999.0,11,11301,40.2941,-78.9139,0,0,0,0,0,0,4,6,2007,4,15.0,1.0,0,1.0,3,0,3,  ,0,0.0,0,0,1,0,0,0,0,0,0,0,0,0,0,0,0,0,0
9098,2007203168,9999.0,9999.0,48,48302,40.6874,-75.2261,0,0,0,0,0,0,4,6,2007,4,18.0,2.0,0,1.0,3,1,3,  ,3,3.0,0,0,1,0,0,0,0,0,0,0,0,0,0,0,0,0,0
9099,2007203169,9999.0,9999.0,48,48302,40.6946,-75.2094,0,0,0,0,0,0,4,7,2007,2,23.0,3.0,7,1.0,3,0,3,  ,0,0.0,1,0,1,0,0,0,0,0,0,0,0,0,0,0,0,0,1
9100,2007203277,9999.0,9999.0,46,46411,40.2468,-75.2925,0,0,0,0,0,0,4,7,2007,2,18.0,1.0,0,1.0,3,1,3,  ,3,3.0,1,0,1,0,0,0,0,0,0,0,0,0,0,0,0,0,0
9101,2007203287,9999.0,9999.0,20,20302,41.6295,-79.6852,0,0,0,0,0,0,4,7,2007,5,16.0,1.0,0,1.0,2,2,3,  ,3,3.0,1,0,1,0,0,0,0,0,0,0,0,0,0,0,0,0,0
9102,2007203388,9999.0,9999.0,9,9204,40.3444,-75.0754,0,0,0,0,0,0,1,7,2007,7,12.0,1.0,0,1.0,1,0,3,  ,0,0.0,0,0,0,0,0,0,0,0,0,0,0,0,0,0,0,0,0
9103,2007203572,9999.0,9999.0,2,2409,40.6104,-79.7423,0,1,0,0,0,0,4,7,2007,2,15.0,1.0,0,1.0,3,1,3,  ,3,3.0,0,0,1,0,0,0,0,0,0,0,0,0,0,0,0,1,0
9104,2007203635,9999.0,9999.0,11,11301,40.3529,-78.9478,0,0,0,0,0,0,4,7,2007,7,15.0,1.0,0,1.0,3,2,3,  ,0,0.0,0,0,1,0,0,0,0,0,0,0,0,0,0,0,0,0,0
9105,2007203718,9999.0,9999.0,2,2115,40.4521,-80.1339,0,0,0,0,0,0,4,8,2007,2,8.0,1.0,7,1.0,3,2,3,  ,2,3.0,1,0,1,0,0,0,0,0,0,0,0,0,0,0,0,0,0
9106,2007203732,9999.0,9999.0,64,64433,40.2106,-79.7756,0,0,0,0,0,0,4,7,2007,2,19.0,1.0,7,1.0,3,0,3,  ,0,0.0,0,0,1,0,0,0,0,0,0,0,0,0,0,0,0,1,0
9107,2007203792,9999.0,9999.0,23,23417,39.8881,-75.3003,0,0,0,0,0,0,4,8,2007,7,99.0,1.0,0,1.0,3,2,3,  ,2,3.0,0,0,1,0,0,0,0,0,0,0,0,0,0,0,0,1,0
9108,2007203797,9999.0,9999.0,36,36410,40.1628,-76.3968,0,0,0,0,0,0,4,8,2007,6,12.0,1.0,0,1.0,2,1,3,  ,2,3.0,0,0,1,0,0,0,0,0,0,0,0,0,0,0,0,0,1
9109,2007203851,9999.0,9999.0,23,23419,39.8825,-75.306,0,0,0,0,0,0,4,5,2007,6,6.0,5.0,0,1.0,3,1,3,  ,2,3.0,0,0,1,0,0,0,0,0,0,0,0,0,0,0,0,0,1
9110,2007204030,9999.0,9999.0,9,9204,40.343,-75.023,0,0,0,0,0,0,6,8,2007,5,18.0,1.0,0,1.0,1,1,3,  ,3,3.0,0,0,0,0,0,0,0,0,0,0,0,0,0,0,0,0,0
9111,2007204050,9999.0,9999.0,49,49407,40.9032,-76.7946,0,0,0,0,0,0,5,8,2007,3,18.0,1.0,0,1.0,1,0,3,  ,0,0.0,0,0,0,0,0,0,0,0,0,0,0,0,0,0,0,0,0
9112,2007204086,9999.0,9999.0,9,9204,40.3321,-75.0052,0,0,0,0,1,0,4,8,2007,7,11.0,1.0,0,1.0,1,1,3,  ,3,3.0,1,0,1,0,0,0,0,0,0,0,0,0,0,0,0,0,0
9113,2007204192,9999.0,9999.0,23,23109,39.8683,-75.2897,0,0,1,0,0,0,4,8,2007,5,21.0,3.0,7,1.0,3,0,3,  ,2,3.0,0,0,1,0,1,0,0,0,0,0,0,0,0,0,0,0,0
9114,2007204262,9999.0,9999.0,48,48302,40.6906,-75.2221,0,0,0,0,0,0,4,7,2007,4,14.0,1.0,0,1.0,3,0,3,  ,0,0.0,0,0,1,0,0,0,0,0,0,0,0,0,0,0,0,0,1
9115,2007204269,9999.0,9999.0,48,48302,40.6858,-75.224,0,0,0,0,1,0,4,9,2007,7,19.0,1.0,0,1.0,3,0,3,  ,0,0.0,0,0,1,0,0,0,0,0,0,0,0,0,0,0,0,0,0
9116,2007204439,9999.0,9999.0,46,46411,40.2408,-75.2845,0,0,0,0,0,1,4,9,2007,2,18.0,1.0,0,1.0,3,2,3,  ,3,3.0,1,0,1,0,0,0,0,0,0,0,0,0,1,0,0,0,0
9117,2007204668,9999.0,9999.0,23,23110,39.849,-75.4261,0,0,0,0,0,0,4,7,2007,1,18.0,1.0,0,1.0,3,0,3,  ,0,0.0,0,1,1,0,0,0,0,0,0,0,0,0,0,0,0,0,0
9118,2007204727,9999.0,9999.0,48,48302,40.6905,-75.2235,0,0,0,0,0,0,4,9,2007,2,20.0,3.0,0,1.0,3,1,3,  ,3,3.0,1,0,1,0,0,0,0,0,0,0,0,0,0,0,0,0,0
9119,2007205057,9999.0,9999.0,46,46411,40.2485,-75.2908,0,0,0,0,0,1,4,10,2007,4,21.0,3.0,0,1.0,3,1,3,  ,3,3.0,0,1,1,0,0,0,1,0,0,1,0,0,0,0,0,0,0
9120,2007205254,9999.0,9999.0,48,48302,40.6787,-75.2181,0,0,0,0,0,0,2,10,2007,5,16.0,1.0,0,1.0,3,1,3,  ,0,0.0,0,0,0,0,0,0,0,0,0,0,0,0,0,0,0,0,0
9121,2007205323,9999.0,9999.0,40,40301,40.9611,-75.9678,0,0,0,0,1,0,4,8,2007,3,16.0,1.0,0,1.0,2,1,3,  ,2,3.0,0,0,1,0,0,0,0,0,0,0,0,0,0,0,0,0,0
9122,2007205362,9999.0,9999.0,40,40301,40.9506,-75.9722,0,0,0,0,0,0,4,5,2007,1,15.0,1.0,0,1.0,2,1,3,  ,3,3.0,0,0,1,0,0,0,0,0,0,0,0,0,0,0,0,0,0
9123,2007205592,9999.0,9999.0,39,39103,40.5979,-75.5269,0,0,0,0,0,0,4,10,2007,6,19.0,2.0,7,1.0,1,0,3,  ,0,0.0,1,0,1,0,0,0,0,0,0,0,0,0,0,0,0,0,0
9124,2007205690,9999.0,9999.0,23,23107,,,0,0,0,0,0,0,4,7,2007,6,12.0,1.0,7,1.0,3,0,3,  ,0,0.0,0,0,1,0,0,0,0,0,0,0,0,0,0,0,0,0,0
9125,2007205692,9999.0,9999.0,23,23107,39.9085,-75.3107,0,0,0,0,0,0,4,7,2007,1,13.0,1.0,0,1.0,3,2,3,  ,0,0.0,0,0,1,0,0,0,0,0,0,0,0,0,0,0,0,0,0
9126,2007205698,9999.0,9999.0,23,23107,39.9107,-75.3171,0,0,0,0,1,0,1,7,2007,7,12.0,1.0,0,1.0,3,2,3,  ,3,3.0,0,0,0,0,0,0,0,0,0,0,0,0,0,0,0,0,0
9127,2007205832,9999.0,9999.0,23,23411,39.8969,-75.2906,0,0,0,0,0,0,4,11,2007,3,15.0,4.0,0,1.0,3,0,3,  ,0,0.0,0,0,1,0,0,0,0,0,0,0,0,0,0,0,0,0,0
9128,2007206175,9999.0,9999.0,40,40301,40.956,-75.9712,0,0,0,0,0,0,4,9,2007,1,16.0,1.0,0,1.0,2,1,3,  ,3,3.0,1,0,1,0,0,0,0,0,0,0,0,0,0,0,0,0,0
9129,2008000026,1051.0,1051.0,67,67301,40.0408,-75.1789,0,0,0,0,0,0,4,10,2007,2,10.0,1.0,7,1.0,3,0,3,  ,0,0.0,0,0,1,0,0,0,0,0,0,0,0,0,0,0,0,0,0
9130,2008000081,2302.0,2300.0,23,23111,39.9305,-75.3106,0,0,0,0,0,0,4,11,2007,4,20.0,3.0,0,1.0,3,0,3,  ,0,0.0,0,0,1,0,0,0,0,0,0,0,0,0,0,0,0,0,0
9131,2008000397,1444.0,1444.0,53,53301,,,0,0,0,0,0,0,4,12,2007,2,14.0,1.0,7,1.0,2,0,3,  ,0,0.0,0,0,1,0,0,0,0,0,0,0,0,0,0,0,0,0,0
9132,2008000438,1145.0,1140.0,67,67301,39.9658,-75.2339,0,0,0,0,1,0,8,10,2007,3,18.0,1.0,0,1.0,3,1,99,  ,2,9.0,0,0,0,0,0,0,0,0,0,0,0,0,0,0,0,0,0
9133,2008000673,1558.0,1548.0,67,67301,39.9255,-75.1695,0,0,0,0,0,0,1,10,2007,5,15.0,1.0,0,1.0,3,5,3,  ,0,0.0,0,0,0,0,0,0,0,0,0,0,0,0,0,0,0,0,0
9134,2008000702,1810.0,1803.0,25,25302,42.1188,-80.0781,0,0,0,0,0,0,5,11,2007,1,16.0,1.0,0,1.0,3,0,3,  ,0,0.0,0,0,0,0,0,0,0,0,0,0,0,0,0,0,0,0,0
9135,2008001659,1625.0,1620.0,9,9213,40.1792,-74.8789,0,0,0,0,0,0,5,11,2007,1,16.0,1.0,0,1.0,3,3,3,  ,2,3.0,0,0,0,0,0,0,0,0,0,0,0,0,0,0,0,1,0
9136,2008001780,2316.0,2315.0,12,12205,41.5283,-78.2792,0,0,0,0,1,0,5,11,2007,3,23.0,2.0,0,1.0,1,0,5,  ,0,0.0,0,1,0,0,0,0,1,0,0,1,0,0,0,0,0,0,0
9137,2008002516,1435.0,1433.0,26,26409,39.8447,-79.8944,0,0,0,0,1,0,4,8,2007,3,14.0,1.0,0,1.0,1,1,3,  ,3,3.0,0,0,1,0,0,0,0,0,0,0,0,0,0,0,0,0,0
9138,2008002655,1626.0,1621.0,49,49221,40.9858,-76.8708,0,0,0,0,0,0,4,10,2007,1,16.0,1.0,0,1.0,1,0,3,  ,0,0.0,1,0,1,0,0,0,0,0,0,0,0,0,0,0,0,1,0
9139,2008003040,1638.0,1634.0,64,64102,40.3545,-79.6493,0,0,0,0,0,0,4,11,2007,5,16.0,1.0,0,1.0,3,2,3,  ,2,3.0,0,0,1,0,0,0,0,0,0,0,0,0,0,0,0,0,0
9140,2008003913,1435.0,1433.0,67,67301,40.0144,-75.0872,0,0,0,0,1,0,5,10,2007,3,14.0,1.0,0,1.0,3,1,3,  ,3,3.0,0,0,0,0,0,0,0,0,0,0,0,0,0,0,0,0,0
9141,2008004761,635.0,629.0,9,9101,40.1047,-74.892,0,0,0,0,0,0,4,12,2007,2,6.0,3.0,0,9.0,3,2,7,05,0,0.0,0,0,1,0,0,0,0,0,0,0,0,0,0,0,0,0,0
9142,2008005973,1818.0,1818.0,67,67301,39.9804,-75.2247,0,0,0,0,0,0,4,11,2007,3,18.0,3.0,0,1.0,3,1,3,  ,2,3.0,0,0,1,0,0,0,0,0,0,0,0,0,0,0,0,0,0
9143,2008006026,1803.0,1800.0,25,25302,42.1242,-80.077,0,0,0,0,0,0,1,12,2007,3,12.0,1.0,0,7.0,3,0,3,  ,0,0.0,0,0,0,0,0,0,0,0,0,0,0,0,0,0,0,0,0
9144,2008006253,1240.0,1237.0,67,67301,39.9595,-75.162,0,0,0,0,0,0,4,11,2007,4,12.0,1.0,0,1.0,3,1,3,  ,2,3.0,0,0,1,0,0,0,0,0,0,0,0,0,0,0,0,0,0
9145,2008006261,1605.0,1550.0,67,67301,40.003,-75.1276,0,0,0,0,0,0,4,11,2007,7,15.0,1.0,0,1.0,3,1,3,  ,3,9.0,0,0,1,0,0,0,0,0,0,0,0,0,0,0,0,0,0
9146,2008006602,1907.0,1903.0,39,39301,40.6041,-75.4822,0,0,0,0,0,0,4,10,2007,3,19.0,3.0,0,1.0,3,0,3,  ,0,0.0,1,0,1,0,0,0,0,0,0,0,0,0,0,1,0,0,1
9147,2008006613,1717.0,1715.0,67,67301,39.9322,-75.1814,0,0,0,0,0,0,5,11,2007,3,17.0,3.0,0,1.0,3,1,3,  ,0,0.0,0,1,0,0,0,0,0,0,0,0,0,0,0,0,0,0,0
9148,2008006695,224.0,223.0,39,39301,40.607,-75.4771,0,0,0,0,0,0,4,11,2007,7,2.0,3.0,0,1.0,3,1,3,  ,0,0.0,0,1,1,0,0,0,0,0,0,0,0,0,0,0,0,0,0
9149,2008006700,748.0,734.0,39,39301,40.6115,-75.4776,0,0,0,0,0,1,4,11,2007,5,6.0,3.0,0,9.0,3,2,7,05,3,3.0,0,0,1,0,0,0,0,0,0,0,0,0,0,0,0,0,0
9150,2008006864,1717.0,1715.0,23,23101,39.8754,-75.4499,0,0,0,0,0,1,4,11,2007,7,17.0,6.0,0,1.0,3,2,3,  ,3,3.0,0,0,1,0,0,0,0,0,0,0,0,0,0,0,0,0,0
9151,2008007319,1650.0,1648.0,67,67301,39.9492,-75.1631,0,0,0,0,0,0,4,11,2007,6,16.0,1.0,0,1.0,3,1,3,  ,2,3.0,0,0,1,0,0,0,0,0,0,0,0,0,0,0,0,0,0
9152,2008007322,1634.0,1630.0,67,67301,39.9478,-75.1615,0,0,0,0,1,0,5,11,2007,2,16.0,1.0,0,1.0,3,0,3,  ,0,0.0,0,0,0,0,0,0,0,0,0,0,0,0,0,0,0,0,0
9153,2008007332,1831.0,1823.0,67,67301,39.9549,-75.2087,0,0,0,0,0,0,4,11,2007,6,18.0,3.0,0,1.0,3,1,3,  ,2,3.0,1,0,1,0,0,0,0,0,0,0,0,0,0,0,0,0,0
9154,2008008062,2350.0,2342.0,67,67301,39.935,-75.174,0,0,0,0,0,0,4,11,2007,3,23.0,2.0,0,1.0,3,1,3,  ,3,9.0,0,0,1,0,0,0,0,0,0,0,0,0,0,0,0,0,0
9155,2008008070,2213.0,2211.0,67,67301,39.9728,-75.1213,0,1,0,0,0,0,2,11,2007,4,22.0,3.0,0,1.0,3,0,3,  ,0,0.0,0,0,0,0,0,0,0,0,0,0,0,0,0,0,0,0,0
9156,2008008236,1706.0,1702.0,46,46110,40.1402,-75.1152,0,0,0,0,0,0,4,12,2007,6,17.0,3.0,0,9.0,3,2,7,  ,0,0.0,0,0,1,0,0,1,0,0,0,0,0,0,0,0,0,0,0
9157,2008008237,1749.0,1748.0,7,7207,40.3085,-78.4493,0,1,0,0,0,1,4,12,2007,6,17.0,3.0,0,9.0,1,0,3,  ,0,0.0,0,0,1,0,0,0,0,0,0,0,0,0,0,0,0,0,0
9158,2008008289,1819.0,1753.0,20,20214,41.6328,-79.6947,0,0,0,0,1,0,4,11,2007,5,17.0,3.0,0,1.0,1,0,3,  ,2,3.0,0,0,1,0,0,0,0,0,0,0,0,0,0,0,0,0,0
9159,2008008330,1100.0,1045.0,67,67301,40.0299,-75.2027,0,0,0,0,0,0,8,11,2007,6,10.0,1.0,0,1.0,3,0,3,  ,0,0.0,1,0,0,0,0,0,0,0,0,0,0,0,0,0,0,1,0
9160,2008010727,2343.0,2342.0,23,23111,39.9396,-75.2649,0,0,0,0,0,0,1,12,2007,1,22.0,3.0,0,9.0,3,0,7,  ,0,0.0,0,0,0,0,0,0,0,0,0,0,0,0,0,0,0,0,0
9161,2008011957,745.0,745.0,23,23301,39.8467,-75.3636,0,0,0,0,1,0,4,12,2007,4,7.0,1.0,0,1.0,3,1,3,  ,2,3.0,0,0,1,0,0,0,0,0,0,0,0,0,0,0,0,0,0
9162,2008012244,9999.0,1534.0,6,6301,40.3384,-75.9229,0,0,0,0,0,1,4,12,2007,5,15.0,1.0,0,9.0,3,2,3,  ,3,3.0,0,0,1,0,0,0,0,0,0,0,0,0,0,0,0,0,0
9163,2008012735,1245.0,1241.0,2,2301,40.4668,-79.9253,0,0,0,0,1,0,2,12,2007,2,12.0,1.0,0,1.0,3,1,3,  ,2,3.0,0,0,0,0,0,0,0,0,0,0,0,0,0,0,0,0,0
9164,2008012814,1914.0,1913.0,36,36301,40.0382,-76.3235,0,0,0,0,0,0,4,12,2007,1,19.0,3.0,0,1.0,3,1,3,  ,2,3.0,0,0,1,0,0,0,0,0,0,0,0,0,0,0,0,0,0
9165,2008013092,1750.0,1749.0,39,39301,40.6306,-75.4454,0,0,0,0,0,0,8,12,2007,5,17.0,3.0,0,9.0,3,1,3,  ,2,1.0,1,0,0,0,0,0,0,1,0,1,0,0,0,0,0,0,0
9166,2008013838,1523.0,1515.0,38,38403,40.4132,-76.48,0,0,0,0,0,0,4,11,2007,3,15.0,1.0,0,1.0,1,0,3,  ,0,0.0,0,0,1,0,0,0,0,0,0,0,0,0,0,0,0,0,0
9167,2008016088,1046.0,1043.0,67,67301,39.9506,-75.1617,0,0,0,0,0,0,5,12,2007,6,10.0,1.0,0,1.0,3,1,3,  ,2,3.0,0,0,0,0,0,0,0,0,0,0,0,0,0,0,0,0,0
9168,2008016359,1733.0,1733.0,67,67301,39.95,-75.164,0,0,0,0,0,0,5,11,2007,5,17.0,1.0,0,1.0,3,0,3,  ,0,0.0,0,0,0,0,0,0,0,0,0,0,0,0,0,0,0,0,1
9169,2008016464,1122.0,1120.0,67,67301,40.0269,-75.0662,0,0,0,0,0,0,5,12,2007,7,11.0,1.0,0,1.0,3,0,3,  ,0,0.0,0,0,0,0,0,0,0,0,0,0,0,0,0,0,0,0,0
9170,2008016468,2348.0,2345.0,35,35302,41.409,-75.6858,0,0,0,0,0,0,4,11,2007,3,23.0,3.0,0,9.0,3,1,7,  ,3,3.0,0,1,1,0,0,0,0,0,0,0,0,0,0,0,0,0,0
9171,2008016472,1948.0,1945.0,35,35302,41.3994,-75.67,0,0,0,0,0,0,4,11,2007,3,19.0,3.0,0,1.0,3,1,3,  ,3,3.0,0,1,1,0,0,0,0,0,0,0,0,0,0,0,0,0,0
9172,2008016743,1754.0,1745.0,67,67301,39.9447,-75.1651,0,0,0,0,1,0,5,11,2007,6,17.0,1.0,0,1.0,3,0,3,  ,0,0.0,0,0,0,0,1,0,0,0,0,0,0,0,0,0,0,0,0
9173,2008016818,1909.0,1906.0,67,67301,39.985,-75.1707,0,0,0,0,0,0,5,12,2007,5,99.0,3.0,0,9.0,3,1,7,  ,3,3.0,0,1,0,0,0,1,0,0,0,0,0,0,0,0,0,0,0
9174,2008016973,45.0,43.0,67,67301,,,0,0,0,0,0,0,2,7,2007,6,0.0,3.0,0,9.0,3,0,7,  ,2,2.0,0,0,0,0,0,0,0,0,0,0,0,0,0,0,0,0,0
9175,2008017003,1115.0,1114.0,67,67301,39.9527,-75.2106,0,0,0,0,0,0,4,12,2007,5,11.0,1.0,0,9.0,3,1,7,  ,2,3.0,0,0,1,0,0,0,0,0,0,0,0,0,0,0,0,0,0
9176,2008017010,1150.0,1140.0,67,67301,39.9478,-75.2274,0,0,0,0,0,0,4,12,2007,7,11.0,1.0,0,9.0,3,1,3,  ,2,3.0,0,0,1,0,0,0,0,0,0,0,0,0,0,0,0,0,0
9177,2008017436,1513.0,1509.0,9,9211,40.2295,-74.8632,0,0,0,0,0,0,4,12,2007,7,15.0,1.0,0,1.0,3,2,3,  ,0,0.0,1,0,1,0,0,0,0,0,0,0,0,0,0,0,0,0,0
9178,2008017504,247.0,245.0,67,67301,39.9556,-75.1728,0,0,0,0,0,0,8,12,2007,7,2.0,3.0,0,1.0,3,1,3,  ,2,3.0,0,0,0,1,0,1,0,0,0,0,0,0,0,0,0,0,0
9179,2008018076,1414.0,1410.0,67,67301,39.9477,-75.2231,0,0,0,0,0,0,4,8,2007,6,14.0,1.0,0,1.0,3,1,3,  ,3,3.0,0,0,1,0,0,0,0,0,0,0,0,0,0,0,0,0,0
9180,2008019342,1221.0,1221.0,36,36301,40.0413,-76.3042,0,0,0,0,0,1,8,10,2007,6,12.0,1.0,0,9.0,3,1,7,  ,2,3.0,1,0,0,0,0,0,0,0,0,0,0,0,0,0,0,0,0
9181,2008019371,1358.0,1353.0,6,6214,40.3111,-75.8067,0,0,0,0,0,0,5,12,2007,5,13.0,1.0,0,1.0,3,0,3,  ,0,0.0,0,0,0,0,0,0,0,0,0,0,0,0,0,0,0,1,0
9182,2008020346,1530.0,1505.0,26,26206,39.834,-79.7499,0,1,0,0,0,1,1,12,2007,6,15.0,1.0,0,1.0,1,0,3,  ,0,0.0,1,0,0,0,0,0,0,1,0,1,0,0,0,1,0,0,0
9183,2008020424,101.0,59.0,9,9208,40.197,-74.8015,1,0,0,0,0,1,1,3,2007,7,0.0,2.0,0,9.0,3,0,7,  ,0,0.0,0,1,0,0,0,0,1,1,0,1,0,0,0,0,0,0,0
9184,2008020937,1605.0,1553.0,39,39104,40.5227,-75.6249,0,0,0,0,0,1,4,11,2007,6,15.0,1.0,0,1.0,3,0,3,  ,0,0.0,0,0,1,0,0,0,0,0,0,0,0,0,0,0,0,0,0
9185,2008020973,1720.0,1718.0,46,46408,40.1882,-75.1035,0,0,0,0,0,0,4,10,2007,5,17.0,1.0,0,1.0,3,2,3,  ,3,3.0,0,0,1,0,0,0,0,0,0,0,0,0,0,0,0,0,0
9186,2008023696,1844.0,1842.0,67,67301,39.9346,-75.1708,0,0,0,0,0,0,4,12,2007,2,18.0,3.0,0,1.0,3,1,3,  ,3,3.0,0,0,1,0,0,0,0,0,0,0,0,0,0,0,0,0,0
9187,2008023729,1945.0,1937.0,67,67301,39.926,-75.1826,0,0,0,0,0,0,2,8,2007,5,99.0,1.0,0,1.0,3,1,3,  ,2,3.0,0,0,0,0,0,0,0,0,0,0,0,0,0,0,0,0,0
9188,2008023897,1307.0,1300.0,67,67301,40.0827,-75.0378,0,0,0,0,0,0,4,12,2007,5,12.0,1.0,0,9.0,3,0,7,  ,0,0.0,0,0,1,0,0,0,0,0,0,0,0,0,0,0,0,0,0
9189,2008023952,1107.0,1105.0,67,67301,39.9438,-75.2228,0,0,0,0,0,0,4,12,2007,3,11.0,1.0,0,1.0,3,1,3,  ,2,3.0,0,0,1,0,0,0,0,0,0,0,0,0,0,0,0,0,0
9190,2008024059,1755.0,1750.0,67,67301,40.0084,-75.1443,0,0,0,0,0,1,4,12,2007,2,17.0,3.0,0,1.0,3,1,3,  ,0,0.0,0,0,1,0,0,0,0,0,0,0,0,0,0,0,0,0,0
9191,2008024063,1350.0,1350.0,67,67301,39.9304,-75.1674,0,0,0,0,0,1,4,12,2007,2,13.0,1.0,0,1.0,3,1,3,  ,3,3.0,0,0,1,0,0,0,0,0,0,0,0,0,0,0,0,0,1
9192,2008024231,1337.0,1335.0,67,67301,40.0137,-75.1922,0,0,0,0,0,0,2,12,2007,2,13.0,1.0,0,1.0,3,0,3,  ,0,0.0,0,0,0,0,0,0,0,0,0,0,0,0,0,0,0,0,0
9193,2008029024,2103.0,2103.0,37,37403,40.8583,-80.3001,0,0,0,0,0,0,4,7,2007,1,21.0,4.0,0,1.0,3,1,3,  ,0,0.0,0,0,1,0,0,0,0,0,0,0,0,0,0,0,0,0,0
9194,2008029175,1108.0,1106.0,67,67301,39.9372,-75.1615,0,0,0,0,0,0,4,12,2007,2,11.0,1.0,0,1.0,3,1,3,  ,2,3.0,0,1,1,0,0,0,0,0,0,0,0,0,0,0,0,0,0
9195,2008029804,259.0,256.0,35,35302,41.4174,-75.6664,0,0,0,0,0,0,4,12,2007,7,2.0,3.0,0,9.0,3,0,7,  ,0,0.0,0,1,1,0,0,0,0,0,0,0,0,0,0,0,0,0,0
9196,2008032534,,,67,67301,39.9614,-75.1498,0,0,0,0,0,0,4,5,2007,7,15.0,1.0,0,1.0,3,2,3,  ,0,0.0,0,0,1,0,0,0,0,0,0,0,0,0,0,0,0,0,0
9197,2008032975,,,67,67301,39.9211,-75.1703,0,0,0,0,0,0,4,1,2007,3,17.0,1.0,0,1.0,3,0,3,  ,0,0.0,1,0,1,0,0,0,0,0,0,0,0,0,0,0,0,0,0
9198,2008032992,,,40,40104,41.2341,-75.8748,0,0,0,0,0,0,4,1,2007,4,8.0,1.0,7,9.0,3,0,3,  ,0,0.0,0,0,1,0,0,0,0,0,0,0,0,0,0,0,0,0,0
9199,2008033075,,,25,25101,42.1435,-80.0084,0,0,0,0,0,0,2,4,2007,2,6.0,1.0,0,1.0,3,2,3,  ,0,0.0,0,0,0,0,0,0,0,1,0,1,0,0,0,0,0,0,0
9200,2008033802,,,25,25213,42.1003,-80.1646,0,0,0,0,0,0,4,10,2007,7,16.0,1.0,0,1.0,3,1,3,  ,3,3.0,1,0,1,0,0,0,0,0,0,0,0,0,0,0,0,0,0
9201,2008033675,,,8,8204,41.9847,-76.5565,0,0,0,0,1,0,4,11,2007,4,6.0,8.0,0,1.0,1,1,3,  ,0,0.0,1,0,1,0,0,0,0,0,0,0,0,0,0,0,0,0,0
9202,2008033697,,,21,21402,40.1926,-77.2136,0,0,0,0,0,0,4,11,2007,6,16.0,1.0,0,1.0,2,2,3,  ,0,0.0,1,0,1,0,0,0,0,0,0,0,0,0,0,0,0,0,1
9203,2008033703,,,36,36301,40.0441,-76.3089,0,0,0,0,0,0,4,5,2007,5,2.0,2.0,0,1.0,3,2,3,  ,0,0.0,0,0,1,0,0,0,0,0,0,0,0,0,0,0,0,0,0
9204,2008033779,0.0,0.0,67,67301,39.9381,-75.1532,0,0,0,0,0,0,2,12,2007,1,18.0,1.0,0,9.0,3,2,7,  ,0,0.0,1,0,0,0,0,0,0,0,0,0,0,0,0,0,0,0,0
9205,2008033861,,,67,67301,39.9486,-75.146,0,0,0,0,0,0,4,10,2007,7,21.0,3.0,0,1.0,3,1,3,  ,2,3.0,0,0,1,0,0,0,0,0,0,0,0,0,0,0,0,0,0
9206,2008034309,0.0,0.0,67,67301,,,0,0,0,0,0,0,1,8,2007,7,1.0,6.0,0,1.0,3,2,3,  ,0,0.0,0,0,0,0,0,0,0,0,0,0,0,0,0,0,0,0,0