,CRN,ARRIVAL_TM,DISPATCH_TM,COUNTY,MUNICIPALITY,DEC_LAT,DEC_LONG,BICYCLE_DEATH_COUNT,BICYCLE_SUSP_SERIOUS_INJ_COUNT,BUS_COUNT,HEAVY_TRUCK_COUNT,SMALL_TRUCK_COUNT,SUV_COUNT,COLLISION_TYPE,CRASH_MONTH,CRASH_YEAR,DAY_OF_WEEK,HOUR_OF_DAY,ILLUMINATION,LOCATION_TYPE,ROAD_CONDITION,URBAN_RURAL,INTERSECT_TYPE,WEATHER1,WEATHER2,TCD_TYPE,TCD_FUNC_CD,AGGRESSIVE_DRIVING,ALCOHOL_RELATED,ANGLE_CRASH,CELL_PHONE,COMM_VEHICLE,DISTRACTED,DRINKING_DRIVER,DRUGGED_DRIVER,FATIGUE_ASLEEP,IMPAIRED_DRIVER,NHTSA_AGG_DRIVING,RUNNING_RED_LT,RUNNING_STOP_SIGN,SPEEDING_RELATED,TAILGATING,MATURE_DRIVER,YOUNG_DRIVER
9207,2008034331,,,22,22208,40.2987,-76.8144,0,0,0,0,0,0,4,4,2007,7,18.0,1.0,0,1.0,3,1,3,  ,3,3.0,0,0,1,0,0,0,0,0,0,0,0,0,0,0,0,0,0
9208,2008034365,1730.0,1645.0,40,40402,41.3399,-75.7402,0,0,0,0,0,0,4,8,2007,6,16.0,1.0,0,1.0,3,0,3,  ,0,0.0,0,0,1,0,0,0,0,0,0,0,0,0,0,0,0,0,0
9209,2008034369,9999.0,9999.0,67,67301,39.9917,-75.1373,0,1,0,0,0,0,4,11,2007,5,15.0,1.0,0,1.0,3,2,3,  ,0,0.0,0,0,1,0,0,0,0,0,0,0,0,0,0,0,0,0,0
9210,2008034397,,,67,67301,39.9709,-75.1392,0,0,0,0,0,0,4,7,2007,3,16.0,1.0,0,1.0,3,1,3,  ,2,3.0,1,0,1,0,0,0,0,0,0,0,0,0,0,0,0,0,0
9211,2008034442,,,2,2301,40.4288,-79.9816,0,0,0,0,0,0,4,8,2007,6,10.0,1.0,0,1.0,3,0,3,  ,0,0.0,0,0,1,0,0,0,0,0,0,0,0,0,0,0,0,0,0
9212,2008034998,,,15,15220,39.8481,-75.627,0,0,0,0,0,0,4,6,2007,7,99.0,1.0,0,1.0,1,1,3,  ,3,3.0,1,0,1,0,0,0,0,0,0,0,0,0,0,0,0,0,0
9213,2008036484,712.0,658.0,25,25207,42.0112,-80.2995,1,0,0,0,0,1,1,11,2007,6,6.0,5.0,0,1.0,1,0,3,  ,0,0.0,0,1,0,0,0,0,1,0,0,1,0,0,0,0,0,0,0
9214,2008036980,2133.0,2133.0,67,67301,39.9492,-75.2353,0,0,0,0,0,0,4,8,2007,7,21.0,3.0,0,1.0,3,1,3,  ,3,9.0,0,0,1,0,0,0,0,0,0,0,0,0,0,0,0,0,0
9215,2008038035,2330.0,2243.0,25,25215,41.9503,-80.4671,0,0,0,0,0,0,1,11,2007,4,18.0,2.0,0,1.0,1,0,3,  ,0,0.0,0,0,0,0,0,0,0,0,0,0,0,0,0,0,0,0,0
9216,2008042926,2107.0,2057.0,45,45204,40.8804,-75.4798,1,0,0,0,0,0,1,12,2007,2,20.0,2.0,0,1.0,1,0,3,  ,0,0.0,0,0,0,0,0,0,0,0,0,0,0,0,0,0,0,0,0
9217,2008078390,1903.0,1858.0,15,15203,39.9361,-75.6255,0,0,0,0,1,0,4,8,2007,6,18.0,1.0,0,1.0,1,2,3,  ,3,3.0,0,0,1,0,0,0,0,0,0,0,0,0,0,0,0,0,0
9218,2008078392,1054.0,1042.0,15,15414,39.9609,-75.6017,0,0,0,0,0,0,4,8,2007,2,10.0,1.0,0,9.0,3,1,7,  ,2,3.0,1,1,1,0,0,0,1,0,0,1,0,0,0,0,0,0,0
9219,2008079092,1615.0,1545.0,67,67301,40.0168,-75.0668,0,0,0,0,0,0,4,9,2007,2,15.0,1.0,0,1.0,3,1,3,  ,2,3.0,1,0,1,0,0,0,0,0,0,0,0,0,0,0,0,0,0
9220,2008090422,1424.0,1421.0,9,9226,40.2056,-75.0977,0,0,0,0,0,0,4,2,2007,1,14.0,1.0,0,1.0,3,0,3,  ,0,0.0,0,1,1,0,0,0,0,0,0,0,0,0,0,0,0,0,0
9221,2009031518,1628.0,1611.0,67,67301,39.9547,-75.1495,0,0,0,0,0,0,4,9,2007,7,15.0,1.0,0,1.0,3,1,3,  ,2,3.0,0,0,1,0,0,0,0,0,0,0,0,0,0,0,0,0,0
9222,2009035661,1049.0,1049.0,8,8402,41.9569,-76.5183,0,0,0,0,0,0,4,8,2007,6,10.0,1.0,0,1.0,2,0,3,  ,0,0.0,0,0,1,0,0,0,0,0,0,0,0,0,0,0,0,1,0
9223,2009048341,1833.0,1832.0,11,11301,40.3178,-78.9177,0,0,0,0,0,1,4,9,2007,6,18.0,1.0,0,1.0,3,1,3,  ,2,3.0,0,0,1,0,0,0,0,0,0,0,0,0,0,0,0,0,1
9224,2009048467,1433.0,1424.0,11,11301,40.3092,-78.9124,0,0,0,0,0,1,4,9,2007,7,14.0,1.0,0,1.0,3,1,3,  ,2,3.0,0,0,1,0,0,0,0,0,0,0,0,0,0,0,0,0,0
9225,2009061495,1955.0,1952.0,39,39301,40.6153,-75.4779,0,0,0,0,0,0,8,5,2007,7,19.0,1.0,0,1.0,3,1,3,  ,2,3.0,0,0,0,0,0,0,0,0,0,0,0,0,0,0,0,1,0
9226,2010058776,2141.0,2140.0,67,67301,39.9256,-75.1791,0,0,0,0,0,0,4,8,2007,3,21.0,3.0,0,1.0,3,1,3,  ,2,3.0,0,0,1,0,0,0,0,0,0,0,0,0,0,0,0,0,0
9227,2011053448,9999.0,1145.0,67,67301,40.0118,-75.0978,0,0,0,0,0,1,8,6,2007,1,12.0,1.0,0,1.0,3,1,3,  ,2,3.0,0,0,0,0,0,0,0,0,0,0,0,0,0,0,0,0,0
9228,2011120547,1958.0,1958.0,2,2416,40.3694,-80.0305,0,0,0,0,0,0,2,6,2007,4,19.0,1.0,0,1.0,3,2,3,  ,2,3.0,1,0,0,0,0,0,0,0,0,0,0,0,0,0,0,1,0
9229,2012030302,745.0,743.0,23,23107,39.8757,-75.3367,0,0,0,0,0,0,5,10,2007,6,7.0,1.0,3,1.0,3,0,3,  ,3,3.0,0,0,0,0,0,0,0,0,0,0,0,0,0,0,0,0,0
9230,2012030313,1856.0,1848.0,23,23107,39.887,-75.3314,0,0,0,0,0,0,4,10,2007,4,18.0,3.0,0,9.0,3,2,7,  ,3,3.0,0,0,1,0,0,0,0,0,0,0,0,0,0,0,0,0,0
9231,2012030353,1813.0,1810.0,23,23107,39.878,-75.317,0,0,0,0,0,1,4,12,2007,2,18.0,3.0,7,1.0,3,0,3,  ,0,0.0,1,0,1,0,0,0,0,0,0,0,0,0,0,0,0,0,0
9232,2012030658,1207.0,1204.0,15,15101,39.9977,-75.7342,0,0,0,1,0,0,4,5,2007,7,12.0,1.0,0,1.0,3,2,3,  ,3,3.0,0,0,1,0,0,0,0,0,0,0,0,0,0,0,0,0,0
9233,2012034651,2259.0,2256.0,9,9226,40.1832,-75.0587,0,0,0,0,0,0,4,10,2007,1,22.0,3.0,0,1.0,3,1,3,  ,2,3.0,0,1,1,0,0,0,0,0,0,0,0,0,0,0,0,0,0
9234,2008004129,1835.0,1833.0,9,9401,40.1088,-74.8567,0,0,0,0,0,0,4,1,2008,3,18.0,3.0,0,1.0,3,2,3,  ,3,3.0,1,0,1,0,0,0,0,0,0,0,0,0,0,0,0,0,0
9235,2008004715,816.0,813.0,23,23106,40.0215,-75.325,0,0,0,0,0,0,2,1,2008,4,8.0,1.0,0,1.0,3,3,3,  ,0,0.0,1,0,0,0,0,0,0,0,0,0,0,0,0,0,0,0,0
9236,2008009365,1544.0,1544.0,46,46104,40.0091,-75.2842,0,0,0,0,0,0,4,1,2008,3,15.0,1.0,0,1.0,3,0,3,  ,2,3.0,1,0,1,0,0,0,0,0,0,0,0,0,0,0,0,0,0
9237,2008010152,1411.0,1410.0,19,19501,41.0006,-76.4507,0,0,0,0,0,0,4,1,2008,7,14.0,1.0,0,1.0,2,0,3,  ,3,3.0,0,0,1,0,0,0,0,0,0,0,0,0,0,0,0,0,0
9238,2008010671,1620.0,1616.0,2,2301,40.4563,-79.9373,0,0,0,0,0,0,4,1,2008,4,16.0,1.0,0,9.0,3,0,3,  ,0,0.0,1,0,1,0,0,0,0,0,0,0,0,0,0,0,0,0,0
9239,2008014464,1038.0,1035.0,2,2301,40.4384,-80.002,0,0,0,0,0,0,4,1,2008,2,10.0,1.0,0,1.0,3,1,3,  ,2,3.0,0,0,1,0,0,0,0,0,0,0,0,0,0,0,0,0,0
9240,2008015201,1517.0,1515.0,48,48302,40.6911,-75.211,0,0,1,0,0,0,8,1,2008,3,15.0,1.0,0,9.0,3,1,7,  ,2,3.0,0,0,0,0,1,0,0,0,0,0,0,0,0,0,0,0,0
9241,2008015839,1226.0,1215.0,39,39104,40.5441,-75.5725,0,0,0,0,0,1,5,1,2008,5,12.0,1.0,0,1.0,3,0,3,  ,0,0.0,1,0,0,0,0,0,0,0,0,0,0,0,0,0,0,0,0
9242,2008016273,725.0,721.0,46,46107,40.1002,-75.3175,0,0,0,0,0,0,5,2,2008,6,7.0,1.0,0,9.0,3,0,7,  ,0,0.0,0,0,0,0,0,0,0,0,0,0,0,0,0,0,0,1,0
9243,2008017649,608.0,606.0,20,20301,41.6609,-80.1571,0,0,0,0,0,0,1,2,2008,6,6.0,6.0,0,2.0,2,0,9,  ,0,0.0,0,0,0,0,0,0,0,0,0,0,0,0,0,0,0,0,0
9244,2008019443,1311.0,1307.0,66,66424,39.9051,-76.6102,0,0,0,0,0,0,4,1,2008,5,13.0,1.0,0,7.0,3,2,10,  ,3,3.0,1,0,1,0,0,0,0,0,0,0,0,0,0,0,0,0,0
9245,2008022884,1044.0,1042.0,46,46104,40.0188,-75.2639,0,0,0,0,0,0,5,2,2008,7,10.0,1.0,0,1.0,3,3,3,  ,3,3.0,1,0,0,0,0,0,0,0,0,0,0,0,1,0,0,0,0
9246,2008024181,513.0,512.0,23,23107,39.905,-75.321,0,0,0,0,0,0,4,2,2008,6,5.0,3.0,0,1.0,3,1,3,  ,3,3.0,0,0,1,0,0,0,0,0,0,0,0,0,0,0,0,0,0
9247,2008025229,1046.0,1044.0,21,21404,40.2156,-76.9994,0,0,0,0,0,0,4,2,2008,4,10.0,1.0,0,1.0,3,2,3,  ,3,3.0,0,0,1,0,0,0,0,0,0,0,0,0,0,0,0,0,0
9248,2008025808,1520.0,1520.0,39,39301,40.6057,-75.4765,0,0,0,0,0,0,4,1,2008,3,99.0,1.0,0,1.0,3,1,3,  ,3,3.0,0,0,1,0,0,0,0,0,0,0,0,0,0,0,0,0,0
9249,2008025851,1113.0,1111.0,22,22412,40.2806,-76.8471,0,0,0,0,0,0,4,1,2008,6,11.0,1.0,0,1.0,3,5,3,  ,2,3.0,0,0,1,0,0,0,0,0,0,0,0,0,0,0,0,1,0
9250,2008026616,24.0,20.0,67,67301,39.9312,-75.1833,0,0,0,0,0,1,8,1,2008,4,0.0,3.0,0,1.0,3,1,3,  ,3,9.0,0,0,0,0,0,0,0,0,0,0,0,0,0,0,0,0,0
9251,2008026633,1510.0,1505.0,67,67301,39.9896,-75.1337,0,0,0,0,0,0,8,1,2008,6,14.0,1.0,0,1.0,3,1,3,  ,3,3.0,0,0,0,0,0,1,0,0,0,0,0,0,0,0,0,0,0
9252,2008026682,1955.0,1943.0,67,67301,39.9579,-75.1758,0,0,0,0,0,1,4,1,2008,4,15.0,1.0,0,1.0,3,1,3,  ,2,3.0,0,0,1,0,0,0,0,0,0,0,0,0,0,0,0,0,0
9253,2008026905,1702.0,1700.0,55,55418,39.9998,-79.084,0,0,0,0,1,0,4,1,2008,6,17.0,1.0,0,1.0,2,2,98,  ,3,2.0,0,0,1,0,0,0,0,0,0,0,0,0,0,0,0,1,0
9254,2008027121,1204.0,1152.0,36,36406,40.1053,-76.3416,0,0,0,0,0,0,5,1,2008,7,11.0,1.0,0,1.0,3,0,3,  ,0,0.0,1,0,0,0,0,0,0,0,0,0,0,0,0,0,0,1,0
9255,2008027160,1630.0,1626.0,36,36101,40.0952,-76.3049,0,0,0,0,0,0,4,1,2008,5,16.0,1.0,7,1.0,3,0,3,  ,0,0.0,0,0,1,0,0,0,0,0,0,0,0,0,0,0,0,0,0
9256,2008027209,1903.0,1900.0,67,67301,39.9628,-75.1647,0,0,0,0,0,0,4,1,2008,4,99.0,3.0,0,1.0,3,0,3,  ,0,0.0,0,0,1,0,0,0,0,0,0,0,0,0,0,0,0,0,0
9257,2008027222,1851.0,1849.0,67,67301,39.9223,-75.1632,0,0,0,0,0,0,4,1,2008,3,18.0,3.0,0,1.0,3,1,3,  ,3,3.0,0,0,1,0,0,0,0,0,0,0,0,0,0,0,0,1,0
9258,2008027374,2230.0,2158.0,36,36301,40.0411,-76.3063,0,0,0,0,0,0,2,1,2008,1,22.0,3.0,0,9.0,3,1,7,  ,2,3.0,0,0,0,0,0,0,0,0,0,0,0,0,0,0,0,0,0
9259,2008027534,1413.0,1407.0,43,43303,41.2333,-80.4714,0,0,0,0,0,0,4,2,2008,6,14.0,1.0,0,9.0,3,1,3,  ,2,3.0,0,0,1,0,0,1,0,0,0,0,0,0,0,0,0,0,0
9260,2008029143,643.0,639.0,46,46207,40.17,-75.2227,0,0,0,0,0,0,4,1,2008,5,6.0,2.0,0,1.0,3,2,3,  ,3,3.0,1,0,1,0,0,0,0,0,0,0,0,0,0,0,0,0,0
9261,2008029167,1538.0,1533.0,67,67301,39.9585,-75.1439,0,0,0,0,1,0,1,1,2008,6,15.0,1.0,0,1.0,3,2,3,  ,3,3.0,0,0,0,0,0,0,0,0,0,0,0,0,0,0,0,0,0
9262,2008029334,1848.0,1845.0,9,9401,,,0,0,0,0,0,1,4,2,2008,4,18.0,3.0,7,1.0,3,1,3,  ,3,3.0,0,0,1,0,0,0,0,0,0,0,0,0,0,0,0,0,0
9263,2008029458,1900.0,1854.0,39,39212,40.697,-75.6212,0,1,0,0,0,1,8,2,2008,3,18.0,2.0,0,1.0,1,2,3,  ,3,3.0,0,0,0,0,0,0,0,0,0,0,0,0,0,0,0,0,0
9264,2008029593,1309.0,1300.0,2,2301,40.4486,-79.8996,0,0,0,0,0,0,4,2,2008,1,12.0,1.0,0,1.0,3,2,3,  ,0,0.0,1,0,1,0,0,0,0,0,0,0,0,0,0,0,0,1,0
9265,2008030497,1851.0,1848.0,2,2302,40.4441,-79.94,0,0,0,0,0,0,1,2,2008,6,18.0,3.0,0,1.0,3,0,3,  ,0,0.0,1,0,0,0,0,1,0,0,0,0,0,0,0,0,1,0,0
9266,2008030678,1020.0,1020.0,36,36412,40.0004,-76.3553,0,0,0,0,0,0,4,2,2008,4,10.0,1.0,7,1.0,3,0,3,  ,0,0.0,0,0,1,0,0,0,0,0,0,0,0,0,0,0,0,0,0
9267,2008030739,2311.0,2304.0,46,46106,40.2519,-75.6042,0,0,0,0,0,0,5,1,2008,3,18.0,2.0,0,1.0,2,2,3,  ,0,0.0,0,0,0,0,0,0,0,0,0,0,0,0,0,0,0,0,0
9268,2008031774,1725.0,1713.0,66,66301,39.9698,-76.71,0,0,0,0,0,0,2,3,2008,1,17.0,1.0,0,1.0,3,1,3,  ,3,3.0,0,0,0,0,0,0,0,0,0,0,0,0,0,0,0,0,0
9269,2008032360,1715.0,1656.0,40,40223,41.0621,-76.1721,0,0,0,0,0,0,5,2,2008,4,16.0,1.0,0,1.0,1,0,3,  ,0,0.0,0,0,0,0,0,0,0,0,0,0,0,0,0,0,0,0,0
9270,2008033877,1930.0,1925.0,21,21101,40.2875,-76.9457,0,0,0,0,0,0,5,3,2008,4,19.0,2.0,0,1.0,3,0,3,  ,2,3.0,0,0,0,0,0,0,0,0,0,0,0,0,0,0,0,0,0
9271,2008034086,1749.0,1749.0,49,49302,40.8622,-76.7938,0,0,0,0,1,0,4,3,2008,5,15.0,1.0,0,1.0,2,2,3,  ,3,3.0,0,0,1,0,0,0,0,0,0,0,0,0,0,0,0,0,0
9272,2008034880,1949.0,1944.0,39,39102,40.6256,-75.4856,0,0,0,0,1,0,8,3,2008,5,19.0,2.0,0,1.0,3,2,3,  ,2,3.0,0,0,0,0,0,1,0,0,0,0,0,0,0,0,0,0,0
9273,2008035250,1608.0,1555.0,53,53301,40.6861,-76.1967,0,0,0,0,0,0,4,3,2008,2,15.0,1.0,0,1.0,2,2,3,  ,0,0.0,0,0,1,0,0,0,0,0,0,0,0,0,0,0,0,1,0
9274,2008035581,1406.0,1350.0,26,26218,39.8936,-79.7395,0,1,0,0,0,0,4,2,2008,1,13.0,1.0,0,1.0,1,2,3,  ,3,3.0,0,0,1,0,0,0,0,0,0,0,0,0,0,0,0,0,0
9275,2008035766,120.0,115.0,54,54208,40.8213,-76.8497,0,0,0,0,1,0,1,3,2008,5,1.0,3.0,0,1.0,1,0,3,  ,0,0.0,0,0,0,0,0,0,0,0,0,0,0,0,0,0,0,0,0
9276,2008035939,609.0,600.0,38,38203,40.4037,-76.5783,0,0,0,0,1,0,4,2,2008,4,5.0,2.0,0,1.0,1,0,3,  ,0,0.0,0,0,1,0,0,0,0,0,0,0,0,0,0,0,0,0,0
9277,2008037788,716.0,700.0,5,5221,40.1746,-78.4389,0,0,0,0,0,0,5,3,2008,6,6.0,2.0,0,1.0,1,0,3,  ,0,0.0,1,0,0,0,0,0,0,0,0,0,0,0,0,0,0,0,0
9278,2008038251,1414.0,1405.0,36,36220,40.0011,-76.3303,0,0,0,0,0,0,1,1,2008,4,14.0,1.0,0,1.0,3,0,3,  ,0,0.0,0,0,0,0,0,0,0,0,0,0,0,0,0,0,0,0,0
9279,2008038367,1620.0,1614.0,66,66301,39.9519,-76.7303,0,0,0,0,0,0,4,1,2008,3,16.0,1.0,0,1.0,3,2,3,  ,3,3.0,1,0,1,0,0,0,0,0,0,0,0,0,0,0,0,0,0
9280,2008038415,933.0,930.0,2,2118,40.5024,-79.9457,0,0,0,0,1,0,1,3,2008,2,99.0,1.0,0,1.0,3,0,3,  ,0,0.0,0,0,0,0,0,0,0,0,0,0,0,0,0,0,0,1,0
9281,2008039282,1727.0,1726.0,15,15252,39.9698,-75.9752,0,0,0,0,0,1,5,3,2008,7,17.0,1.0,0,1.0,1,0,3,  ,0,0.0,0,0,0,0,0,0,0,0,0,0,0,0,0,0,0,0,0
9282,2008039283,830.0,825.0,15,15403,40.0053,-75.7059,0,0,0,0,0,1,2,3,2008,4,8.0,1.0,0,1.0,3,2,3,  ,2,3.0,0,0,0,0,0,0,0,0,0,0,0,0,0,0,0,0,0
9283,2008039562,1535.0,1533.0,46,46104,40.0126,-75.3005,0,0,0,0,0,0,4,3,2008,6,15.0,1.0,0,1.0,3,2,3,  ,3,3.0,1,0,1,0,0,0,0,0,0,0,0,0,0,0,0,0,0
9284,2008039641,1517.0,1516.0,21,21409,40.0547,-77.513,0,0,0,0,0,0,4,3,2008,6,15.0,1.0,0,1.0,2,1,3,  ,2,3.0,0,0,1,0,0,0,0,0,0,0,0,0,0,0,0,0,0
9285,2008039658,1934.0,1929.0,21,21409,40.0513,-77.5186,0,0,0,0,0,0,4,3,2008,6,19.0,3.0,0,1.0,2,1,3,  ,2,3.0,0,0,1,0,0,0,0,0,0,0,0,0,0,0,0,0,0
9286,2008040039,1305.0,1300.0,67,67301,39.9345,-75.1715,0,0,0,0,0,0,5,2,2008,4,13.0,1.0,0,1.0,3,0,99,  ,0,0.0,1,0,0,0,0,0,0,0,0,0,0,0,0,0,0,0,0
9287,2008040042,1839.0,1837.0,67,67301,39.9442,-75.1772,0,0,0,0,0,0,4,1,2008,3,18.0,3.0,0,9.0,3,1,7,  ,3,3.0,0,0,1,0,0,0,0,0,0,0,0,0,0,0,0,0,0
9288,2008040759,1923.0,1921.0,67,67301,39.9915,-75.1224,0,0,0,0,0,0,4,2,2008,6,19.0,3.0,1,1.0,3,0,3,  ,0,0.0,0,0,1,0,0,0,0,0,0,0,0,0,0,0,0,0,0
9289,2008041109,1500.0,1459.0,46,46416,40.2551,-75.6502,0,0,0,0,0,0,4,2,2008,4,14.0,1.0,0,9.0,2,1,7,  ,3,3.0,0,0,1,0,0,0,0,0,0,0,0,0,0,0,0,0,0
9290,2008041364,1438.0,1431.0,48,48301,40.6057,-75.3837,0,1,0,0,1,0,4,2,2008,2,14.0,1.0,0,1.0,3,1,3,  ,3,3.0,0,0,1,0,0,0,0,0,0,0,0,0,0,0,0,1,0
9291,2008041709,1618.0,1617.0,9,9101,40.1393,-74.8657,0,0,0,0,0,0,4,2,2008,3,16.0,1.0,0,1.0,3,0,3,  ,0,0.0,0,0,1,0,0,0,0,0,0,0,0,0,0,0,0,0,0
9292,2008041998,1754.0,1718.0,36,36202,40.2032,-76.0884,0,1,0,0,0,0,4,3,2008,7,17.0,1.0,0,1.0,1,0,3,  ,0,0.0,0,0,1,0,0,0,0,0,0,0,0,0,0,0,0,0,0
9293,2008042093,9999.0,58.0,67,67301,39.9902,-75.1737,0,0,0,0,0,0,2,2,2008,1,0.0,3.0,0,9.0,3,2,7,  ,2,3.0,0,1,0,0,0,0,0,0,0,0,0,0,0,0,0,0,0
9294,2008042164,15.0,0.0,28,28409,40.0449,-77.5317,0,0,0,0,0,0,1,1,2008,2,20.0,3.0,0,1.0,2,0,3,  ,0,0.0,0,0,0,0,0,0,0,0,0,0,0,0,0,0,0,0,0
9295,2008042184,1549.0,1545.0,67,67301,39.9221,-75.1616,0,0,0,0,0,0,4,2,2008,5,13.0,1.0,0,1.0,3,1,3,  ,3,3.0,0,0,1,1,0,1,0,0,0,0,0,0,0,0,0,0,0
9296,2008042187,1100.0,1053.0,67,67301,40.0434,-75.1991,0,0,0,0,0,0,8,2,2008,6,21.0,3.0,0,1.0,3,1,3,  ,3,3.0,1,0,0,0,0,0,0,0,0,0,0,0,0,0,0,0,0
9297,2008042306,1800.0,1756.0,25,25302,42.0925,-80.0929,0,0,0,0,1,0,1,3,2008,2,17.0,1.0,0,1.0,3,1,3,  ,2,3.0,0,0,0,0,0,0,0,0,0,0,0,0,0,0,0,0,0
9298,2008042900,1651.0,1647.0,46,46216,40.2569,-75.3437,0,0,0,0,0,0,4,3,2008,4,16.0,1.0,0,1.0,1,2,3,  ,3,3.0,1,0,1,0,0,0,0,0,0,0,0,0,1,0,0,0,1
9299,2008042956,1628.0,1626.0,40,40304,41.2397,-75.8895,0,0,0,0,0,0,4,3,2008,5,16.0,1.0,0,1.0,3,0,3,  ,0,0.0,0,0,1,0,0,0,0,0,0,0,0,0,0,0,0,0,0
9300,2008043193,2105.0,2102.0,9,9101,40.1193,-74.8461,0,0,0,0,0,1,4,3,2008,5,21.0,3.0,0,1.0,3,2,3,  ,3,9.0,1,0,1,0,0,0,0,0,0,0,0,0,0,0,0,0,0
9301,2008043333,1940.0,1937.0,24,24402,41.4205,-78.732,0,0,0,0,0,1,4,1,2008,2,19.0,3.0,0,2.0,2,1,98,  ,3,3.0,0,0,1,0,0,0,0,0,0,0,0,0,0,0,0,0,0
9302,2008043872,1641.0,1635.0,66,66219,40.1516,-76.9523,0,0,0,0,0,1,5,3,2008,4,16.0,1.0,0,1.0,1,1,3,  ,3,3.0,1,0,0,0,0,0,0,0,0,0,0,0,0,0,0,0,0
9303,2008043938,516.0,511.0,67,67301,39.971,-75.1557,0,0,0,0,0,0,8,1,2008,2,5.0,3.0,0,1.0,3,1,3,  ,2,3.0,0,0,0,0,0,0,0,0,0,0,0,0,0,0,0,1,0
9304,2008044135,1641.0,1639.0,41,41402,41.2397,-76.7258,0,0,0,0,0,0,5,3,2008,2,16.0,1.0,0,1.0,1,2,3,  ,0,0.0,1,0,0,0,0,0,0,0,0,0,0,0,0,0,0,0,0
9305,2008044234,1324.0,1322.0,64,64420,40.1311,-79.8669,0,0,0,0,0,0,4,3,2008,2,13.0,1.0,0,1.0,3,1,3,  ,0,0.0,0,0,1,0,0,0,0,0,0,0,0,0,0,0,0,0,0
9306,2008044299,1605.0,1555.0,67,67301,39.9613,-75.1753,0,0,0,0,0,1,4,1,2008,2,15.0,1.0,0,1.0,3,1,3,  ,0,0.0,1,0,1,0,0,0,0,0,0,0,0,0,0,0,0,0,0
9307,2008044309,9999.0,,67,67301,39.9601,-75.1661,0,0,0,0,0,0,5,2,2008,6,99.0,1.0,0,9.0,3,0,7,  ,0,0.0,0,0,0,0,0,1,0,0,0,0,0,0,0,0,0,0,0
9308,2008044423,940.0,938.0,67,67301,39.9433,-75.1504,0,0,0,0,0,0,4,1,2008,2,9.0,1.0,0,9.0,3,0,3,  ,0,0.0,0,0,1,0,0,0,0,0,0,0,0,0,0,0,0,0,0
9309,2008044686,341.0,340.0,67,67301,39.9364,-75.1584,0,0,0,0,0,0,4,1,2008,1,99.0,3.0,0,1.0,3,1,3,  ,2,3.0,0,0,1,0,0,0,0,0,0,0,0,0,0,0,0,0,1
9310,2008045231,1748.0,1747.0,48,48409,40.6864,-75.4962,0,0,0,0,0,0,4,3,2008,2,17.0,1.0,0,1.0,3,10,3,  ,0,0.0,0,0,1,0,0,0,0,0,0,0,0,0,0,0,0,0,0
9311,2008045488,1650.0,1640.0,4,4211,,,0,0,0,0,0,1,4,3,2008,5,16.0,1.0,7,1.0,1,0,3,  ,0,0.0,0,0,1,0,0,0,0,0,0,0,0,0,0,0,0,0,0
9312,2008045544,1300.0,1255.0,67,67301,39.9777,-75.2001,0,0,0,0,0,1,4,1,2008,1,12.0,1.0,0,1.0,3,0,3,  ,0,0.0,1,0,1,0,0,0,0,0,0,0,1,0,0,0,0,0,0
9313,2008045615,1828.0,1826.0,9,9101,40.1104,-74.8639,0,0,0,0,0,1,5,3,2008,4,18.0,2.0,0,1.0,3,0,3,  ,0,0.0,0,0,0,0,0,1,0,0,0,0,0,0,0,0,0,0,0
9314,2008045625,1450.0,1450.0,9,9228,40.2473,-75.0762,0,0,0,0,0,1,1,3,2008,1,14.0,1.0,0,1.0,1,0,3,  ,0,0.0,0,0,0,0,0,0,0,0,0,0,0,0,0,0,0,0,0
9315,2008045635,1919.0,1917.0,48,48302,40.6748,-75.2147,0,0,0,0,0,0,4,3,2008,1,19.0,1.0,0,1.0,3,2,3,  ,3,3.0,1,0,1,0,0,0,0,0,0,0,0,0,1,0,0,0,0
9316,2008045908,1732.0,1731.0,66,66102,39.8968,-76.6313,0,0,0,0,0,0,0,3,2008,5,17.0,1.0,0,1.0,1,0,3,  ,0,0.0,0,1,0,0,0,0,0,0,0,0,0,0,0,0,0,0,1
9317,2008046737,1345.0,1313.0,36,36231,39.9756,-75.9939,0,1,0,0,0,0,4,3,2008,2,13.0,1.0,0,1.0,1,1,3,  ,3,3.0,0,0,1,0,0,0,0,0,0,0,0,0,0,0,0,1,0
9318,2008047067,1325.0,1310.0,15,15230,39.8745,-75.637,0,0,0,0,0,1,5,3,2008,7,13.0,1.0,0,1.0,1,0,3,  ,0,0.0,0,0,0,0,0,0,0,0,0,0,0,0,0,0,0,1,0
9319,2008047152,1809.0,1808.0,48,48213,40.7834,-75.2621,0,0,0,0,1,0,4,4,2008,3,18.0,1.0,0,1.0,2,0,3,  ,0,0.0,0,0,1,0,0,0,0,0,0,0,0,0,0,0,0,0,0
9320,2008047422,914.0,913.0,46,46415,40.3951,-75.5002,0,0,0,0,1,0,2,4,2008,4,9.0,1.0,0,1.0,1,1,3,  ,1,3.0,0,0,0,0,0,0,0,0,0,0,0,0,0,0,0,0,0
9321,2008047435,1830.0,1830.0,46,46104,39.9921,-75.2637,0,0,0,0,0,0,5,3,2008,1,18.0,1.0,0,1.0,3,0,3,  ,0,0.0,1,0,0,0,0,0,0,0,0,0,0,0,0,0,0,1,0
9322,2008047577,1820.0,1815.0,35,35201,41.514,-75.701,0,0,0,0,0,0,4,4,2008,4,18.0,1.0,0,1.0,1,2,3,  ,3,3.0,1,0,1,0,0,0,0,0,0,0,0,0,0,0,0,0,0