,CRN,ARRIVAL_TM,DISPATCH_TM,COUNTY,MUNICIPALITY,DEC_LAT,DEC_LONG,BICYCLE_DEATH_COUNT,BICYCLE_SUSP_SERIOUS_INJ_COUNT,BUS_COUNT,HEAVY_TRUCK_COUNT,SMALL_TRUCK_COUNT,SUV_COUNT,COLLISION_TYPE,CRASH_MONTH,CRASH_YEAR,DAY_OF_WEEK,HOUR_OF_DAY,ILLUMINATION,LOCATION_TYPE,ROAD_CONDITION,URBAN_RURAL,INTERSECT_TYPE,WEATHER1,WEATHER2,TCD_TYPE,TCD_FUNC_CD,AGGRESSIVE_DRIVING,ALCOHOL_RELATED,ANGLE_CRASH,CELL_PHONE,COMM_VEHICLE,DISTRACTED,DRINKING_DRIVER,DRUGGED_DRIVER,FATIGUE_ASLEEP,IMPAIRED_DRIVER,NHTSA_AGG_DRIVING,RUNNING_RED_LT,RUNNING_STOP_SIGN,SPEEDING_RELATED,TAILGATING,MATURE_DRIVER,YOUNG_DRIVER
9323,2008047727,1946.0,1945.0,46,46220,40.091,-75.3844,0,0,0,0,0,0,4,3,2008,2,19.0,3.0,0,1.0,3,2,3,  ,2,3.0,1,0,1,0,0,0,0,0,0,0,0,0,0,0,0,0,1
9324,2008047781,1732.0,1729.0,46,46413,40.1211,-75.3202,0,0,0,0,0,0,7,3,2008,3,17.0,1.0,0,1.0,3,0,3,  ,0,0.0,0,0,0,0,0,0,0,0,0,0,0,0,0,0,0,0,0
9325,2008047931,1709.0,1706.0,67,67301,39.9522,-75.2069,0,0,0,0,0,0,4,1,2008,2,17.0,4.0,0,1.0,3,1,3,  ,2,3.0,1,0,1,0,0,0,0,0,0,0,1,0,0,1,0,0,0
9326,2008048216,1810.0,1805.0,2,2301,40.4378,-79.9307,0,0,0,0,0,0,4,3,2008,4,18.0,1.0,0,9.0,3,1,7,  ,3,3.0,0,0,1,0,0,0,0,0,0,0,0,0,0,0,0,0,0
9327,2008048947,1746.0,1744.0,47,47206,40.9653,-76.5961,0,0,0,0,0,0,5,4,2008,5,17.0,1.0,0,1.0,1,2,3,  ,0,0.0,1,0,0,0,0,0,0,0,0,0,0,0,0,0,0,0,0
9328,2008049057,1010.0,958.0,5,5201,40.0252,-78.5191,0,0,0,0,0,0,8,3,2008,7,9.0,1.0,0,1.0,1,2,3,  ,3,3.0,0,0,0,0,0,0,0,0,0,0,0,0,0,0,0,0,0
9329,2008049672,1656.0,1650.0,7,7301,40.5405,-78.3773,0,0,0,0,1,0,4,4,2008,4,16.0,1.0,0,1.0,3,1,3,  ,0,0.0,0,0,1,0,0,0,0,0,0,0,0,0,0,0,0,0,0
9330,2008049713,1013.0,956.0,26,26212,39.9385,-79.7835,0,0,0,0,0,1,4,4,2008,6,9.0,1.0,0,1.0,1,0,3,  ,0,0.0,0,0,1,0,0,0,0,0,0,0,0,0,0,0,0,0,0
9331,2008049836,1555.0,1553.0,6,6410,40.5144,-75.78,0,0,0,0,1,0,6,4,2008,5,15.0,1.0,0,1.0,1,1,3,  ,0,0.0,1,0,0,0,0,1,0,0,0,0,0,0,0,0,0,0,0
9332,2008049924,1407.0,1405.0,11,11434,40.6606,-78.7822,0,0,0,0,0,0,5,4,2008,6,14.0,1.0,0,1.0,1,0,3,  ,0,0.0,0,0,0,0,0,0,0,0,0,0,0,0,0,0,0,1,0
9333,2008050207,1609.0,1600.0,67,67301,39.9357,-75.1892,0,0,0,0,0,0,4,3,2008,7,15.0,1.0,0,1.0,3,1,3,  ,3,3.0,0,1,1,0,0,0,1,0,0,1,0,0,0,0,0,1,0
9334,2008050221,1749.0,1749.0,67,67301,39.9636,-75.2194,0,0,0,0,0,0,4,2,2008,2,17.0,1.0,0,1.0,3,5,3,  ,0,0.0,0,0,1,0,0,0,0,0,0,0,0,0,0,0,0,0,0
9335,2008050267,1810.0,1801.0,67,67301,39.9504,-75.1472,0,0,0,0,0,0,4,2,2008,4,18.0,3.0,0,9.0,3,1,7,  ,2,3.0,1,0,1,0,0,0,0,0,0,0,0,0,0,0,0,0,0
9336,2008050428,1210.0,1202.0,23,23301,39.8399,-75.3888,0,0,0,0,0,0,4,3,2008,3,12.0,1.0,0,1.0,3,1,3,  ,2,3.0,0,0,1,0,0,0,0,0,0,0,0,0,0,0,0,0,0
9337,2008050473,2038.0,2038.0,67,67301,39.9511,-75.1976,0,1,0,0,0,1,5,2,2008,4,20.0,3.0,0,1.0,3,0,3,  ,0,0.0,0,0,0,0,0,0,0,0,0,0,0,0,0,0,0,0,0
9338,2008050551,1605.0,1605.0,14,14401,40.9141,-77.7787,0,0,0,0,0,1,4,3,2008,2,16.0,1.0,0,1.0,2,2,3,  ,3,2.0,0,0,1,0,0,0,0,0,0,0,0,0,0,0,0,0,0
9339,2008050627,1242.0,1240.0,67,67301,39.9752,-75.1885,0,0,0,0,0,0,5,2,2008,2,12.0,1.0,0,1.0,3,0,3,  ,0,0.0,0,0,0,0,0,0,0,0,0,0,0,0,0,0,0,1,0
9340,2008050697,9999.0,1300.0,35,35413,41.4626,-75.6056,0,0,0,0,0,1,4,3,2008,6,13.0,1.0,0,1.0,3,1,3,  ,3,3.0,0,0,1,0,0,0,0,0,0,0,0,0,0,0,0,0,0
9341,2008050748,918.0,915.0,67,67301,40.0216,-75.0443,0,0,0,0,0,0,4,3,2008,2,9.0,1.0,0,1.0,3,1,3,  ,3,3.0,0,0,1,0,0,0,0,0,0,0,0,0,0,0,0,0,0
9342,2008050778,1730.0,1725.0,67,67301,39.9929,-75.1103,0,0,0,0,0,0,4,2,2008,2,16.0,1.0,0,9.0,3,1,7,  ,9,9.0,0,0,1,0,0,0,0,0,0,0,0,0,0,0,0,0,0
9343,2008050787,1650.0,1646.0,67,67301,39.9368,-75.1736,0,0,0,0,0,0,4,3,2008,2,16.0,1.0,0,1.0,3,1,3,  ,3,2.0,0,0,1,0,0,0,0,0,0,0,0,0,0,0,0,0,0
9344,2008050843,749.0,747.0,67,67301,39.9372,-75.1566,0,0,0,0,1,0,8,3,2008,2,7.0,1.0,0,1.0,3,1,3,  ,3,3.0,0,0,0,0,0,0,0,0,0,0,0,0,0,0,0,0,0
9345,2008051104,1925.0,1923.0,66,66301,39.9578,-76.7322,0,0,0,0,0,0,1,4,2008,7,17.0,1.0,3,1.0,3,0,3,  ,0,0.0,0,1,0,0,0,0,0,0,0,0,0,0,0,0,0,0,0
9346,2008051112,1700.0,1655.0,49,49101,40.7821,-76.5706,0,0,0,0,0,1,4,4,2008,7,16.0,1.0,0,1.0,1,1,3,  ,3,3.0,0,0,1,0,0,0,0,0,0,0,0,0,0,0,0,0,1
9347,2008051134,1555.0,1553.0,30,30406,39.8943,-80.187,0,0,0,0,0,0,4,4,2008,6,15.0,1.0,0,9.0,1,1,7,  ,3,3.0,0,0,1,0,0,0,0,0,0,0,0,0,0,0,0,0,0
9348,2008051334,1847.0,1834.0,63,63222,41.5771,-75.2741,0,0,0,0,0,0,4,4,2008,5,18.0,1.0,0,1.0,1,0,3,  ,0,0.0,0,0,1,0,0,0,0,0,0,0,0,0,0,0,0,0,0
9349,2008051413,1910.0,1859.0,67,67301,39.9581,-75.2094,0,0,0,0,0,0,4,3,2008,3,99.0,3.0,0,1.0,3,1,3,  ,2,3.0,0,0,1,0,0,0,0,0,0,0,0,0,0,0,0,0,0
9350,2008051553,1945.0,1940.0,66,66301,39.965,-76.709,0,0,0,0,0,0,4,3,2008,5,19.0,2.0,0,1.0,3,1,3,  ,3,3.0,0,0,1,0,0,0,0,0,0,0,0,0,0,0,0,1,0
9351,2008051566,1743.0,1740.0,67,67301,39.9562,-75.1941,0,0,0,0,0,0,4,3,2008,7,17.0,4.0,0,9.0,3,1,7,  ,2,3.0,0,0,1,0,0,0,0,0,0,0,0,0,0,0,0,0,0
9352,2008051612,1545.0,1530.0,67,67301,39.9566,-75.198,0,0,0,0,0,0,4,3,2008,5,15.0,1.0,0,1.0,3,1,3,  ,2,3.0,0,0,1,0,0,0,0,0,0,0,0,0,0,0,0,0,0
9353,2008051756,1531.0,1530.0,67,67301,39.952,-75.1734,0,0,0,0,0,1,2,3,2008,7,15.0,1.0,0,9.0,3,1,7,  ,2,3.0,0,0,0,0,0,0,0,0,0,0,0,0,0,0,0,0,0
9354,2008052150,1921.0,1910.0,63,63218,41.4039,-75.4035,0,0,0,0,0,1,1,3,2008,6,19.0,2.0,0,9.0,1,0,7,  ,0,0.0,0,0,0,0,0,0,0,0,0,0,0,0,0,0,0,0,0
9355,2008052213,1920.0,1918.0,67,67301,39.9477,-75.1986,0,0,0,0,0,0,4,2,2008,2,19.0,3.0,0,9.0,3,2,7,  ,2,3.0,0,0,1,0,0,0,0,0,0,0,0,0,0,0,0,0,0
9356,2008052235,1842.0,1839.0,32,32408,40.6215,-79.147,0,0,0,0,0,0,4,4,2008,2,18.0,1.0,0,1.0,2,1,3,  ,0,0.0,0,0,1,0,0,0,0,0,0,0,0,0,0,0,0,0,0
9357,2008052250,2139.0,2139.0,64,64303,,,0,0,0,0,1,0,1,4,2008,6,21.0,2.0,0,1.0,3,0,3,  ,0,0.0,0,0,0,0,0,0,0,0,0,0,0,0,0,0,0,0,0
9358,2008052412,1430.0,1427.0,12,12205,41.4965,-78.2747,0,0,0,0,1,0,1,4,2008,6,14.0,1.0,0,1.0,1,0,3,  ,0,0.0,1,0,0,0,0,0,0,0,0,0,0,0,0,0,0,0,0
9359,2008052698,1659.0,1648.0,14,14224,40.9639,-77.6054,0,0,0,0,1,0,8,4,2008,1,16.0,1.0,0,9.0,1,0,7,  ,0,0.0,0,0,0,0,0,0,0,0,0,0,0,0,0,0,0,0,0
9360,2008052887,1802.0,1758.0,54,54209,40.8059,-76.9153,0,0,0,0,0,1,4,4,2008,3,17.0,1.0,0,1.0,1,0,3,  ,0,0.0,0,0,1,0,0,0,0,0,0,0,0,0,0,0,0,0,0
9361,2008053488,1441.0,1437.0,23,23107,39.8903,-75.3247,0,0,0,0,0,0,4,4,2008,1,14.0,1.0,0,1.0,3,1,3,  ,3,3.0,0,0,1,0,0,1,0,0,0,0,0,0,0,0,0,0,0
9362,2008053495,1903.0,1903.0,9,9218,40.217,-75.018,0,0,0,0,0,1,4,4,2008,6,19.0,1.0,0,1.0,3,2,3,  ,0,0.0,1,0,1,0,0,0,0,0,0,0,0,0,0,0,0,0,0
9363,2008053514,1651.0,1651.0,64,64305,40.5656,-79.7638,0,0,0,0,0,0,4,4,2008,6,14.0,1.0,0,1.0,3,1,3,  ,3,3.0,1,0,1,0,0,0,0,0,0,0,0,0,0,0,0,0,0
9364,2008053564,1816.0,1815.0,19,19501,41.0035,-76.4521,0,0,0,0,0,0,5,4,2008,3,18.0,1.0,6,1.0,2,1,3,  ,3,3.0,1,0,0,0,0,0,0,0,0,0,0,0,0,0,0,0,0
9365,2008053567,743.0,742.0,66,66301,39.9541,-76.7159,0,0,0,0,0,0,8,4,2008,2,7.0,1.0,0,9.0,3,1,7,  ,3,3.0,0,0,0,0,0,0,0,0,0,0,0,0,0,0,0,1,0
9366,2008053602,1542.0,1528.0,16,16214,41.2395,-79.4212,0,0,0,0,1,0,4,4,2008,4,15.0,1.0,0,1.0,1,0,3,  ,0,0.0,0,0,1,0,0,0,0,0,0,0,0,0,0,0,0,0,0
9367,2008053686,1715.0,1656.0,22,22301,40.2683,-76.8629,0,0,0,0,1,0,8,4,2008,3,16.0,1.0,0,1.0,3,0,3,  ,0,0.0,0,0,0,0,0,0,0,0,0,0,0,0,0,0,0,0,0
9368,2008053788,1324.0,1322.0,22,22202,40.2733,-76.6597,0,0,0,0,0,1,4,3,2008,7,13.0,1.0,0,1.0,3,2,3,  ,3,3.0,0,0,1,0,0,0,0,0,0,0,0,0,0,0,0,0,0
9369,2008053867,2053.0,2049.0,2,2444,40.4656,-80.0663,0,0,0,0,0,0,6,4,2008,6,20.0,3.0,0,9.0,3,1,7,  ,2,3.0,0,0,0,0,0,0,0,0,0,0,0,0,0,0,0,0,0
9370,2008054070,1122.0,1117.0,67,67301,39.9368,-75.1599,0,0,0,1,0,0,4,2,2008,1,99.0,1.0,0,1.0,3,1,3,  ,2,3.0,0,0,1,0,1,0,0,0,0,0,0,0,0,0,0,0,0
9371,2008054279,2107.0,2104.0,38,38301,40.3577,-76.4578,0,0,0,0,0,1,4,3,2008,7,21.0,3.0,0,1.0,2,1,3,  ,3,3.0,0,0,1,0,0,0,0,0,0,0,0,0,0,0,0,0,0
9372,2008054281,1957.0,1953.0,38,38301,40.3488,-76.4274,0,0,0,0,0,0,4,3,2008,6,19.0,3.0,0,1.0,2,1,3,  ,3,3.0,0,0,1,0,0,0,0,0,0,0,0,0,0,0,0,0,0
9373,2008054338,1905.0,1904.0,48,48301,40.6234,-75.3689,0,0,0,0,0,0,4,4,2008,7,19.0,1.0,0,1.0,3,1,3,  ,3,3.0,0,0,1,0,0,0,0,0,0,0,0,0,0,0,0,0,0
9374,2008054360,1258.0,1218.0,2,2301,,,0,0,0,0,1,0,5,4,2008,5,12.0,1.0,0,1.0,3,0,3,  ,0,0.0,1,0,0,0,0,0,0,0,0,0,0,0,0,0,0,0,0
9375,2008054397,1906.0,1804.0,2,2301,40.4506,-79.9537,0,1,0,0,0,0,2,4,2008,5,18.0,1.0,0,1.0,3,0,3,  ,0,0.0,0,0,0,0,0,1,0,0,0,0,0,0,0,0,0,0,0
9376,2008054401,1758.0,1757.0,46,46413,40.1197,-75.3494,0,0,0,0,0,0,4,4,2008,6,17.0,1.0,0,1.0,3,2,3,  ,0,0.0,0,0,1,0,0,0,0,0,0,0,0,0,0,0,0,0,0
9377,2008054771,1311.0,1308.0,26,26301,40.026,-79.5927,0,0,0,0,0,0,4,4,2008,7,13.0,1.0,0,1.0,2,0,3,  ,0,0.0,0,0,1,0,0,0,0,0,0,0,0,0,0,0,0,0,0
9378,2008054782,1613.0,1608.0,44,44406,40.5856,-77.5784,0,0,0,0,0,1,4,4,2008,4,16.0,1.0,0,1.0,2,2,3,  ,0,0.0,0,0,1,0,0,0,0,0,0,0,0,0,0,0,0,0,0
9379,2008054876,1830.0,1826.0,66,66103,39.7727,-76.9488,0,1,0,0,0,0,4,4,2008,3,18.0,1.0,0,1.0,2,0,3,  ,0,0.0,0,0,1,0,0,0,0,0,0,0,0,0,0,0,0,0,0
9380,2008054979,1725.0,1705.0,53,53235,40.6569,-76.0664,0,0,0,0,0,0,4,4,2008,5,16.0,1.0,0,1.0,1,0,3,  ,0,0.0,0,0,1,0,0,0,0,0,0,0,0,0,0,0,0,0,1
9381,2008055042,1652.0,1648.0,6,6237,40.3232,-75.9936,0,0,0,0,0,1,4,4,2008,5,16.0,1.0,0,1.0,3,1,3,  ,0,0.0,0,0,1,0,0,0,0,0,0,0,0,0,0,0,0,1,0
9382,2008055111,1537.0,1534.0,10,10101,40.8687,-79.9254,0,0,0,0,1,0,4,4,2008,3,15.0,1.0,0,1.0,2,0,3,  ,0,0.0,0,0,1,0,0,0,0,0,0,0,0,0,0,0,0,0,0
9383,2008055488,1956.0,1956.0,10,10301,40.8634,-79.903,0,0,0,0,0,0,4,5,2008,5,19.0,1.0,0,1.0,2,1,3,  ,3,3.0,0,0,1,0,0,0,0,0,0,0,0,0,0,0,0,0,0
9384,2008055802,1903.0,1901.0,21,21404,40.2124,-77.0053,0,0,0,0,0,0,4,5,2008,6,18.0,1.0,0,1.0,3,2,3,  ,3,3.0,1,0,1,0,0,0,0,0,0,0,0,0,0,0,0,0,0
9385,2008055974,1918.0,1913.0,46,46224,40.1056,-75.2692,0,0,0,0,0,0,4,4,2008,3,19.0,1.0,0,1.0,3,2,3,  ,0,0.0,0,0,1,0,0,0,0,0,0,0,0,0,0,0,0,0,1
9386,2008055984,1551.0,1547.0,2,2403,40.3927,-79.9656,0,0,0,0,1,0,4,5,2008,1,15.0,1.0,0,1.0,3,0,3,  ,0,0.0,0,0,1,0,0,0,0,0,0,0,0,0,0,0,0,0,0
9387,2008056055,1834.0,1829.0,22,22301,40.2801,-76.8984,0,0,0,0,0,0,6,4,2008,4,18.0,1.0,0,1.0,3,0,3,  ,0,0.0,0,0,0,0,0,1,0,0,0,0,0,0,0,0,0,0,0
9388,2008056223,2022.0,1956.0,5,5207,40.1039,-78.5483,0,0,0,0,0,0,5,4,2008,1,19.0,4.0,0,1.0,1,0,3,  ,0,0.0,0,0,0,0,0,0,0,0,0,0,0,0,0,0,0,0,0
9389,2008056627,1809.0,1805.0,9,9216,40.2294,-74.9402,0,0,0,0,0,0,8,5,2008,5,18.0,1.0,0,9.0,3,2,7,  ,3,3.0,0,0,0,0,0,0,0,0,0,0,0,0,0,0,0,0,0
9390,2008056675,1401.0,1334.0,37,37203,40.8621,-80.4639,0,0,0,0,0,0,2,4,2008,1,13.0,1.0,0,9.0,1,0,7,  ,0,0.0,1,0,0,0,0,0,0,0,0,0,0,0,0,1,0,0,0
9391,2008057020,1657.0,1652.0,2,2108,40.5957,-80.0099,0,0,0,0,0,1,4,5,2008,4,16.0,1.0,0,1.0,3,0,3,  ,0,0.0,0,0,1,0,0,0,0,0,0,0,0,0,0,0,0,0,0
9392,2008057330,1625.0,1623.0,67,67301,39.9608,-75.1716,0,0,0,0,0,1,5,3,2008,4,16.0,1.0,0,1.0,3,1,3,  ,3,3.0,1,0,0,0,0,0,0,0,0,0,0,0,0,0,0,0,0
9393,2008057331,1220.0,1215.0,67,67301,39.9552,-75.163,0,0,0,0,0,0,1,3,2008,2,12.0,1.0,0,9.0,3,0,7,  ,2,3.0,0,0,0,0,0,0,0,0,0,0,0,0,0,0,0,0,0
9394,2008057337,745.0,735.0,67,67301,39.9478,-75.2261,0,1,0,0,0,0,4,3,2008,6,7.0,1.0,0,1.0,3,1,3,  ,0,0.0,0,0,1,0,0,0,0,0,0,0,0,0,0,0,0,0,0
9395,2008057353,1849.0,1845.0,67,67301,39.9542,-75.1778,0,0,0,0,0,0,4,4,2008,4,18.0,1.0,0,1.0,3,1,3,  ,0,0.0,1,0,1,0,0,0,0,0,0,0,0,0,0,0,0,0,0
9396,2008057374,2058.0,2056.0,14,14410,40.7901,-77.8541,0,0,0,0,0,0,4,4,2008,5,20.0,3.0,0,1.0,3,1,3,  ,3,3.0,0,0,1,0,0,0,0,0,0,0,0,0,0,0,0,0,0
9397,2008057396,1410.0,1404.0,46,46110,40.1634,-75.1111,0,0,0,0,0,0,4,3,2008,2,14.0,1.0,0,1.0,3,1,3,  ,2,3.0,0,0,1,0,0,0,0,0,0,0,0,0,0,0,0,0,0
9398,2008057682,1040.0,1035.0,67,67301,39.9833,-75.1258,0,0,0,0,0,0,4,3,2008,3,10.0,1.0,0,1.0,3,1,3,  ,2,3.0,0,0,1,0,0,0,0,0,0,0,0,0,0,0,0,0,0
9399,2008057686,1725.0,1720.0,67,67301,39.9513,-75.1738,0,0,0,0,0,0,4,3,2008,7,17.0,1.0,0,1.0,3,0,3,  ,0,0.0,1,0,1,0,0,0,0,0,0,0,0,0,0,0,0,1,0
9400,2008057701,1700.0,1650.0,67,67301,40.039,-75.1446,0,0,0,0,0,0,4,4,2008,2,16.0,1.0,0,1.0,3,1,3,  ,2,3.0,1,0,1,0,0,0,0,0,0,0,0,0,0,0,0,0,0
9401,2008057714,1231.0,1229.0,46,46101,40.1167,-75.1157,0,0,0,0,0,0,4,4,2008,7,12.0,1.0,0,1.0,3,0,3,  ,0,0.0,0,0,1,0,0,0,0,0,0,0,0,0,0,0,0,1,0
9402,2008057731,1750.0,1743.0,9,9218,40.2101,-74.9468,0,0,0,0,0,0,4,4,2008,1,17.0,1.0,0,1.0,3,0,3,  ,0,0.0,0,0,1,0,0,0,0,0,0,0,0,0,0,0,0,0,0
9403,2008057761,1809.0,807.0,67,67301,,,0,0,0,0,0,0,4,3,2008,6,99.0,1.0,0,1.0,3,2,3,  ,0,0.0,0,0,1,0,0,0,0,0,0,0,0,0,0,0,0,0,0
9404,2008057822,2032.0,2031.0,39,39301,40.5983,-75.4859,0,0,0,0,0,0,5,4,2008,5,20.0,3.0,0,1.0,3,1,3,  ,3,3.0,1,0,0,0,0,0,0,0,0,0,0,0,0,0,0,0,0
9405,2008057848,1855.0,1852.0,23,23301,39.8651,-75.3688,0,0,0,0,0,0,2,4,2008,7,18.0,1.0,0,1.0,3,0,3,  ,0,0.0,0,0,0,0,0,0,0,0,0,0,0,0,0,0,0,0,0
9406,2008057915,1617.0,1605.0,39,39301,40.616,-75.4611,0,0,0,0,0,1,4,4,2008,2,16.0,1.0,0,1.0,3,1,3,  ,3,3.0,1,0,1,0,0,0,0,0,0,0,0,0,0,0,0,0,0
9407,2008057940,1545.0,1542.0,2,2447,40.4179,-79.9869,0,0,0,0,0,0,4,4,2008,3,15.0,1.0,0,1.0,3,2,3,  ,0,0.0,1,0,1,0,0,0,0,0,0,0,0,0,0,0,0,0,0
9408,2008057964,1655.0,1651.0,9,9226,40.1867,-75.0888,0,0,0,0,0,0,4,4,2008,5,16.0,1.0,0,1.0,3,2,3,  ,0,0.0,0,0,1,0,0,0,0,0,0,0,0,0,0,0,0,0,1
9409,2008058031,2223.0,2221.0,25,25302,42.1175,-80.0526,0,1,0,0,0,0,2,4,2008,6,2.0,3.0,0,1.0,3,1,3,  ,3,3.0,0,0,0,0,0,0,0,0,0,0,0,0,0,0,0,0,1
9410,2008058098,1842.0,1840.0,6,6301,40.3446,-75.9367,0,0,0,0,0,0,4,4,2008,5,18.0,1.0,0,1.0,3,1,3,  ,3,3.0,0,0,1,0,0,0,0,0,0,0,0,0,0,0,0,0,0
9411,2008058163,1624.0,1622.0,61,61301,41.8413,-79.1328,0,0,0,0,0,0,8,4,2008,6,15.0,1.0,0,1.0,2,1,3,  ,3,3.0,0,0,0,0,0,0,0,0,0,0,0,0,0,0,0,0,1
9412,2008058318,1610.0,1600.0,2,2109,40.3625,-80.0324,0,0,0,0,0,0,4,5,2008,7,15.0,1.0,0,1.0,3,0,3,  ,0,0.0,0,0,1,0,0,0,0,0,0,0,0,0,0,0,0,0,0
9413,2008058382,1814.0,1809.0,28,28406,39.7488,-77.5931,0,0,0,0,1,0,4,5,2008,3,18.0,1.0,0,1.0,2,0,3,  ,0,0.0,0,0,1,0,0,0,0,0,0,0,0,0,0,0,0,0,0
9414,2008058527,1705.0,1702.0,2,2301,40.4619,-79.964,0,0,0,0,0,1,5,4,2008,7,12.0,1.0,0,1.0,3,2,3,  ,0,0.0,0,0,0,0,0,0,0,0,0,0,0,0,0,0,0,0,0
9415,2008058550,1758.0,1755.0,48,48301,40.6034,-75.3746,0,1,0,0,0,0,2,4,2008,3,17.0,1.0,0,1.0,3,0,3,  ,0,0.0,0,0,0,0,0,1,0,0,0,0,0,0,0,0,0,0,0
9416,2008058561,1641.0,1638.0,7,7407,40.6655,-78.2456,0,0,0,0,0,0,4,4,2008,3,16.0,1.0,0,1.0,2,2,3,  ,3,3.0,0,0,1,0,0,0,0,0,0,0,0,0,0,0,0,1,0
9417,2008058616,2330.0,2326.0,2,2301,40.4506,-79.95,0,0,0,0,0,0,4,4,2008,2,23.0,3.0,0,1.0,3,0,3,  ,0,0.0,0,1,1,0,0,0,0,0,0,0,0,0,0,0,0,0,0
9418,2008059025,1320.0,1317.0,41,41301,41.2432,-77.0032,0,0,0,0,0,1,4,4,2008,5,13.0,1.0,0,1.0,3,0,3,  ,0,0.0,0,0,1,0,0,0,0,0,0,0,0,0,0,0,0,0,0
9419,2008059029,1441.0,1439.0,39,39302,40.6369,-75.3959,0,0,0,0,0,0,4,4,2008,7,14.0,1.0,0,1.0,3,3,3,  ,2,3.0,0,0,1,0,0,0,0,0,0,0,0,0,0,0,0,0,0
9420,2008059191,912.0,910.0,46,46110,40.1445,-75.116,0,0,0,0,0,0,4,4,2008,2,8.0,1.0,0,9.0,3,0,7,  ,0,0.0,0,0,1,0,0,0,0,0,0,0,0,0,0,0,0,1,0
9421,2008059289,117.0,115.0,67,67301,39.9634,-75.1694,0,0,0,0,0,0,4,3,2008,7,1.0,3.0,0,1.0,3,1,3,  ,2,3.0,0,0,1,0,0,0,0,0,0,0,0,0,0,0,0,0,0
9422,2008059317,1709.0,1705.0,48,48301,40.6024,-75.3774,0,0,0,0,0,0,5,4,2008,5,17.0,1.0,0,1.0,3,0,3,  ,0,0.0,1,0,0,0,0,0,0,0,0,0,1,0,0,0,0,0,1
9423,2008059319,2008.0,2006.0,48,48301,40.6241,-75.3658,0,0,0,0,0,0,4,4,2008,4,20.0,4.0,0,1.0,3,2,3,  ,3,3.0,0,0,1,0,0,0,0,0,0,0,0,0,0,0,0,0,0
9424,2008059345,1828.0,1728.0,36,36301,40.0423,-76.2948,0,0,0,0,0,0,5,4,2008,2,17.0,1.0,0,1.0,3,0,3,  ,0,0.0,0,0,0,0,0,0,0,0,0,0,0,0,0,0,0,0,0
9425,2008059426,1753.0,1751.0,2,2454,40.3409,-79.9602,0,0,0,0,0,1,4,5,2008,3,17.0,1.0,0,1.0,3,2,3,  ,3,3.0,0,0,1,0,0,0,0,0,0,0,0,0,0,0,0,0,0
9426,2008059642,1330.0,1330.0,67,67301,39.9509,-75.2248,0,0,0,0,0,0,4,4,2008,5,13.0,1.0,0,1.0,3,0,3,  ,0,0.0,0,0,1,0,0,0,0,0,0,0,0,0,0,0,0,0,0
9427,2008059655,832.0,830.0,67,67301,40.028,-75.0574,0,0,0,0,0,0,4,3,2008,6,99.0,1.0,0,1.0,3,2,3,  ,2,9.0,0,0,1,0,0,0,0,0,0,0,0,0,0,0,0,0,0
9428,2008059656,1715.0,1710.0,67,67301,40.0167,-75.1582,0,1,0,0,0,0,2,3,2008,4,17.0,1.0,0,1.0,3,2,3,  ,0,0.0,0,1,0,0,0,0,0,0,0,0,0,0,0,0,0,0,0
9429,2008059665,1900.0,1830.0,67,67301,39.9794,-75.1082,0,0,0,0,0,0,5,3,2008,3,18.0,1.0,0,1.0,3,0,3,  ,0,0.0,0,0,0,0,0,0,0,0,0,0,0,0,0,0,0,0,0
9430,2008059711,1735.0,1734.0,2,2115,40.4442,-80.1475,0,0,0,0,1,0,4,5,2008,3,17.0,1.0,0,1.0,3,0,3,  ,0,0.0,1,0,1,0,0,0,0,0,0,0,0,0,0,0,0,0,0
9431,2008059974,1808.0,1802.0,39,39104,40.5148,-75.6062,0,0,0,0,0,0,5,4,2008,7,18.0,1.0,0,1.0,3,0,3,  ,0,0.0,0,0,0,0,0,0,0,0,0,0,0,0,0,0,0,0,0
9432,2008060173,926.0,923.0,67,67301,39.9919,-75.1632,0,0,0,0,0,1,4,3,2008,3,9.0,1.0,0,1.0,3,2,3,  ,3,3.0,0,0,1,0,0,0,0,0,0,0,0,0,0,0,0,0,0
9433,2008060182,922.0,920.0,67,67301,39.949,-75.2132,0,0,0,0,0,0,4,3,2008,4,9.0,1.0,0,9.0,3,0,7,  ,0,0.0,0,0,1,0,0,0,0,0,0,0,0,0,0,0,0,0,1
9434,2008060232,2110.0,2100.0,67,67301,39.9576,-75.2234,0,0,0,0,0,0,1,3,2008,6,20.0,3.0,0,9.0,3,0,7,  ,0,0.0,0,0,0,0,0,0,0,0,0,0,0,0,0,0,0,0,0
9435,2008060246,2020.0,2016.0,67,67301,39.9966,-75.1017,0,0,0,0,0,0,4,4,2008,5,20.0,3.0,0,1.0,3,2,3,  ,3,3.0,0,0,1,0,0,0,0,0,0,0,0,0,0,0,0,0,0
9436,2008060251,1631.0,1627.0,67,67301,39.9529,-75.1548,0,0,0,0,1,0,4,3,2008,2,16.0,1.0,0,1.0,3,2,3,  ,3,1.0,0,0,1,0,0,0,0,0,0,0,0,0,0,0,0,0,0
9437,2008060281,1848.0,1846.0,44,44403,40.5901,-77.5689,0,0,0,0,0,1,4,4,2008,5,18.0,1.0,0,1.0,2,2,3,  ,3,3.0,0,0,1,0,0,0,0,0,0,0,0,0,0,0,0,0,0