,CRN,ARRIVAL_TM,DISPATCH_TM,COUNTY,MUNICIPALITY,DEC_LAT,DEC_LONG,BICYCLE_DEATH_COUNT,BICYCLE_SUSP_SERIOUS_INJ_COUNT,BUS_COUNT,HEAVY_TRUCK_COUNT,SMALL_TRUCK_COUNT,SUV_COUNT,COLLISION_TYPE,CRASH_MONTH,CRASH_YEAR,DAY_OF_WEEK,HOUR_OF_DAY,ILLUMINATION,LOCATION_TYPE,ROAD_CONDITION,URBAN_RURAL,INTERSECT_TYPE,WEATHER1,WEATHER2,TCD_TYPE,TCD_FUNC_CD,AGGRESSIVE_DRIVING,ALCOHOL_RELATED,ANGLE_CRASH,CELL_PHONE,COMM_VEHICLE,DISTRACTED,DRINKING_DRIVER,DRUGGED_DRIVER,FATIGUE_ASLEEP,IMPAIRED_DRIVER,NHTSA_AGG_DRIVING,RUNNING_RED_LT,RUNNING_STOP_SIGN,SPEEDING_RELATED,TAILGATING,MATURE_DRIVER,YOUNG_DRIVER
9668,2008077456,2106.0,2102.0,6,6301,40.3537,-75.9264,0,0,0,0,0,1,4,6,2008,2,20.0,3.0,0,1.0,3,0,3,  ,0,0.0,0,0,1,0,0,0,0,0,0,0,0,0,0,0,0,0,0
9669,2008077466,1805.0,1758.0,6,6301,40.3336,-75.914,0,0,0,0,0,0,2,6,2008,3,17.0,1.0,0,1.0,3,2,3,  ,3,3.0,0,0,0,0,0,0,0,0,0,0,0,0,0,0,0,0,0
9670,2008077479,1843.0,1843.0,25,25302,42.1142,-80.0674,0,0,0,0,0,0,4,6,2008,2,18.0,1.0,0,1.0,3,1,3,  ,0,0.0,0,0,1,0,0,0,0,0,0,0,0,0,0,0,0,0,0
9671,2008077493,745.0,742.0,14,14410,40.7853,-77.8518,0,0,0,0,0,0,4,6,2008,5,7.0,1.0,0,1.0,3,1,3,  ,2,3.0,1,0,1,0,0,0,0,0,0,0,0,0,0,0,0,0,0
9672,2008077559,1723.0,1720.0,46,46416,40.2545,-75.6486,0,0,0,0,0,0,4,6,2008,1,17.0,1.0,0,1.0,2,2,3,  ,3,3.0,0,0,1,0,0,0,0,0,0,0,0,0,0,0,0,0,1
9673,2008077594,1640.0,1629.0,2,2407,40.303,-80.0667,0,0,0,0,0,1,1,7,2008,1,16.0,1.0,0,1.0,3,0,3,  ,0,0.0,0,0,0,0,0,0,0,0,0,0,0,0,0,0,0,0,0
9674,2008077748,1647.0,1644.0,25,25302,42.0913,-80.1214,0,0,0,0,0,0,4,6,2008,3,16.0,1.0,0,1.0,3,2,3,  ,3,3.0,0,0,1,0,0,0,0,0,0,0,0,0,0,0,0,0,0
9675,2008077819,1332.0,1331.0,40,40411,,,0,0,0,0,0,1,4,5,2008,2,13.0,1.0,0,1.0,1,2,3,  ,0,0.0,0,0,1,0,0,0,0,0,0,0,0,0,0,0,0,1,0
9676,2008077840,1810.0,1809.0,43,43302,41.221,-80.4969,0,0,0,0,0,0,4,6,2008,6,18.0,1.0,0,1.0,3,1,3,  ,0,0.0,0,0,1,0,0,0,0,0,0,0,0,0,0,0,0,0,0
9677,2008077844,1204.0,1202.0,46,46225,40.1583,-75.2759,0,0,0,0,0,0,4,5,2008,6,12.0,1.0,0,1.0,3,0,3,  ,0,0.0,1,0,1,0,0,0,0,0,0,0,0,0,0,0,0,0,0
9678,2008077861,1106.0,1057.0,36,36301,40.0321,-76.3161,0,0,0,0,1,0,8,6,2008,3,10.0,1.0,0,1.0,3,1,3,  ,3,3.0,1,1,0,0,0,0,0,0,0,0,0,0,1,0,0,0,0
9679,2008077915,906.0,901.0,2,2301,40.4347,-79.9228,0,0,0,0,0,1,5,6,2008,7,99.0,1.0,0,1.0,3,0,3,  ,0,0.0,0,0,0,0,0,0,0,0,0,0,0,0,0,0,0,0,0
9680,2008077920,1435.0,1431.0,35,35302,41.4352,-75.6521,0,0,0,0,0,0,4,5,2008,4,14.0,1.0,0,1.0,3,2,3,  ,3,2.0,0,0,1,0,0,1,0,0,0,0,0,0,0,0,0,1,0
9681,2008077989,1844.0,1839.0,15,15236,40.0858,-75.4802,0,0,0,0,0,1,4,6,2008,4,18.0,4.0,0,1.0,1,0,3,  ,0,0.0,0,0,1,0,0,0,0,0,0,0,0,0,0,0,0,0,0
9682,2008078139,1342.0,1319.0,15,15213,40.1693,-75.563,0,0,0,0,0,1,4,6,2008,6,13.0,1.0,0,1.0,1,2,3,  ,3,3.0,0,0,1,0,0,0,0,0,0,0,0,0,0,0,0,0,0
9683,2008078178,808.0,807.0,9,9216,40.2311,-74.9101,0,0,0,0,0,0,4,8,2008,5,8.0,1.0,0,1.0,3,1,3,  ,2,3.0,1,0,1,0,0,0,0,0,0,0,0,0,0,0,0,0,0
9684,2008078241,647.0,645.0,7,7301,40.5177,-78.4118,0,0,0,0,0,0,4,7,2008,2,6.0,1.0,0,1.0,3,1,3,  ,3,3.0,0,0,1,0,0,0,0,0,0,0,0,0,0,0,0,0,0
9685,2008078250,1707.0,1703.0,23,23408,39.9355,-75.2746,0,0,0,0,1,0,2,7,2008,5,17.0,1.0,0,1.0,3,0,3,  ,0,0.0,0,0,0,0,0,0,0,0,0,0,0,0,0,0,0,0,0
9686,2008078297,1604.0,1604.0,28,28201,39.8088,-77.7214,0,2,0,0,0,0,8,6,2008,6,16.0,1.0,0,1.0,1,0,3,  ,0,0.0,0,0,0,0,0,1,0,0,0,0,0,0,0,0,0,1,0
9687,2008078365,914.0,914.0,22,22409,40.2058,-76.7345,0,0,0,0,0,0,4,6,2008,2,9.0,1.0,0,1.0,3,1,3,  ,3,3.0,0,0,1,0,0,1,0,0,0,0,0,0,0,0,0,1,0
9688,2008078860,1045.0,1032.0,19,19404,41.0461,-76.2812,0,0,0,0,0,0,4,6,2008,7,10.0,1.0,0,1.0,2,2,3,  ,3,2.0,0,0,1,0,0,0,0,0,0,0,0,0,0,0,0,0,0
9689,2008078872,1540.0,1535.0,46,46102,40.0769,-75.1102,0,0,0,0,1,0,4,5,2008,7,15.0,1.0,0,1.0,3,2,3,  ,2,3.0,0,0,1,0,0,1,0,0,0,0,0,0,0,0,0,0,0
9690,2008078892,2158.0,2155.0,67,67301,39.9535,-75.185,0,1,0,0,0,0,4,5,2008,2,21.0,3.0,0,1.0,3,0,3,  ,2,3.0,0,0,1,0,0,0,0,0,0,0,0,0,0,0,0,0,0
9691,2008078949,1425.0,1419.0,7,7301,40.519,-78.3978,0,0,0,0,0,0,4,6,2008,6,14.0,1.0,0,1.0,3,2,3,  ,2,3.0,0,0,1,0,0,0,0,0,0,0,0,0,0,0,0,0,0
9692,2008078960,1558.0,1558.0,67,67301,,,0,0,0,0,0,0,8,4,2008,7,15.0,1.0,0,1.0,3,3,3,  ,2,3.0,0,0,0,0,0,0,0,0,0,0,0,0,0,0,0,0,0
9693,2008079009,1559.0,1553.0,25,25213,42.077,-80.2001,0,0,0,0,1,0,1,5,2008,6,15.0,1.0,0,1.0,3,0,3,  ,0,0.0,0,0,0,0,0,0,0,0,0,0,0,0,0,1,0,0,0
9694,2008079070,1452.0,1450.0,67,67301,39.8919,-75.2419,0,0,0,0,0,0,4,5,2008,1,14.0,1.0,0,1.0,3,2,3,  ,0,0.0,0,0,1,0,0,0,0,0,0,0,0,0,0,0,0,0,0
9695,2008079096,9999.0,9999.0,67,67301,39.9798,-75.1109,0,0,0,0,0,0,4,5,2008,2,15.0,1.0,0,1.0,3,0,3,  ,0,0.0,0,0,1,0,0,0,0,0,0,0,0,0,0,0,0,0,0
9696,2008079100,1720.0,1714.0,67,67301,39.9455,-75.1804,0,0,0,0,0,0,1,5,2008,4,14.0,1.0,0,1.0,3,0,3,  ,0,0.0,1,0,0,0,0,0,0,0,0,0,0,0,0,0,1,0,0
9697,2008079130,1803.0,1759.0,46,46102,40.0643,-75.1405,0,0,0,0,0,0,4,4,2008,5,17.0,1.0,0,1.0,3,0,3,  ,0,0.0,0,0,1,0,0,0,0,0,0,0,0,0,0,0,0,0,0
9698,2008079173,1149.0,1147.0,67,67301,40.0357,-75.057,0,0,0,0,0,1,5,4,2008,1,11.0,1.0,0,1.0,3,1,3,  ,3,3.0,0,0,0,0,0,0,0,0,0,0,0,0,0,0,0,0,0
9699,2008079184,1447.0,1444.0,67,67301,40.0009,-75.1724,0,0,0,0,0,1,8,5,2008,6,14.0,1.0,0,1.0,3,1,3,  ,3,3.0,0,0,0,0,0,1,0,0,0,0,0,0,0,0,0,0,0
9700,2008079205,1810.0,803.0,67,67301,39.9512,-75.167,0,0,0,0,0,0,4,4,2008,4,17.0,1.0,0,1.0,3,1,3,  ,0,0.0,0,0,1,0,0,0,0,0,0,0,0,0,0,0,0,0,0
9701,2008079208,120.0,113.0,67,67301,39.998,-75.1129,0,0,0,0,0,0,4,5,2008,7,1.0,3.0,0,1.0,3,0,3,  ,0,0.0,0,0,1,0,0,0,0,0,0,0,0,0,0,0,0,0,0
9702,2008079219,1810.0,1801.0,67,67301,39.957,-75.1626,0,0,0,0,0,0,5,5,2008,3,99.0,1.0,0,1.0,3,0,3,  ,0,0.0,0,0,0,0,0,0,0,0,0,0,0,0,0,0,0,0,0
9703,2008079231,905.0,855.0,67,67301,39.956,-75.1606,0,0,0,0,0,0,8,5,2008,3,8.0,1.0,0,9.0,3,1,3,  ,1,3.0,0,0,0,0,0,0,0,0,0,0,0,0,0,0,0,0,0
9704,2008079249,1946.0,1940.0,67,67301,40.1167,-75.0337,0,0,0,0,0,0,6,5,2008,7,19.0,1.0,0,1.0,3,2,3,  ,0,0.0,0,0,0,0,0,1,0,0,0,0,0,0,0,0,0,0,1
9705,2008079325,722.0,720.0,2,2301,40.4688,-79.9622,0,0,0,0,0,0,4,6,2008,2,7.0,1.0,0,1.0,3,1,3,  ,2,3.0,1,0,1,0,0,0,0,0,0,0,0,0,0,0,0,0,0
9706,2008079399,1242.0,1240.0,2,2301,40.3924,-80.0084,0,0,0,0,0,0,8,6,2008,6,12.0,1.0,0,1.0,3,0,3,  ,0,0.0,0,0,0,0,0,0,0,0,0,0,0,0,0,0,0,0,0
9707,2008079423,1550.0,1550.0,66,66205,39.9833,-76.821,0,0,0,0,0,0,4,6,2008,5,15.0,1.0,0,1.0,1,1,3,  ,3,3.0,1,0,1,0,0,0,0,0,0,0,0,0,0,0,0,0,0
9708,2008079538,1442.0,1440.0,25,25302,42.116,-80.0627,0,0,0,0,0,1,4,7,2008,3,14.0,1.0,0,1.0,3,1,3,  ,2,3.0,0,0,1,0,0,0,0,0,0,0,0,0,0,0,0,0,0
9709,2008079605,619.0,618.0,67,67301,39.9802,-75.2693,0,0,0,0,0,0,2,6,2008,6,6.0,5.0,0,1.0,3,1,3,  ,2,3.0,0,0,0,0,0,0,0,0,0,0,0,0,0,0,0,1,0
9710,2008079664,1220.0,1215.0,67,67301,40.0638,-75.0835,0,0,0,0,0,1,4,5,2008,6,12.0,1.0,0,1.0,3,2,3,  ,0,0.0,0,0,1,0,0,0,0,0,0,0,0,0,0,0,0,0,1
9711,2008079682,2003.0,1945.0,67,67301,39.9421,-75.1659,0,0,0,0,0,0,5,5,2008,5,19.0,3.0,0,9.0,3,0,7,  ,0,0.0,0,0,0,0,0,0,0,0,0,0,0,0,0,0,0,0,0
9712,2008079739,1759.0,1756.0,9,9409,40.2059,-74.7994,0,0,0,0,0,0,4,6,2008,4,17.0,1.0,0,1.0,3,0,3,  ,0,0.0,0,0,1,0,0,0,0,0,0,0,0,0,0,0,0,1,0
9713,2008079748,1812.0,1809.0,67,67301,40.0,-75.1283,0,0,0,0,0,0,8,5,2008,7,18.0,1.0,0,1.0,3,2,3,  ,0,0.0,0,0,0,0,0,0,0,0,0,0,0,0,0,0,0,0,0
9714,2008079757,1256.0,1254.0,67,67301,39.956,-75.1606,0,0,0,0,1,0,4,5,2008,2,12.0,1.0,0,1.0,3,2,3,  ,2,3.0,0,0,1,0,0,0,0,0,0,0,0,0,0,0,0,0,0
9715,2008079910,1753.0,1750.0,7,7301,40.5162,-78.3862,0,0,0,0,0,0,5,7,2008,7,17.0,1.0,0,1.0,3,1,3,  ,0,0.0,0,0,0,0,0,0,0,0,0,0,0,0,0,0,0,0,0
9716,2008079938,1108.0,1105.0,36,36408,40.1761,-76.1741,0,0,0,0,0,1,4,7,2008,1,11.0,1.0,0,1.0,2,2,3,  ,2,3.0,0,0,1,0,0,0,0,0,0,0,0,0,0,0,0,0,0
9717,2008080004,1653.0,1647.0,31,31209,40.4878,-77.9932,0,0,0,0,0,0,5,7,2008,4,16.0,1.0,0,1.0,1,0,3,  ,0,0.0,1,0,0,0,0,0,0,0,0,0,0,0,0,0,0,0,0
9718,2008080051,2315.0,2309.0,2,2466,40.4831,-79.7059,0,1,0,0,0,0,2,7,2008,1,23.0,3.0,0,1.0,3,0,3,  ,0,0.0,0,0,0,0,0,0,0,0,0,0,0,0,0,0,0,0,1
9719,2008080061,940.0,930.0,64,64216,40.2052,-79.7531,0,0,0,0,0,1,5,7,2008,7,9.0,1.0,0,1.0,1,0,3,  ,0,0.0,0,0,0,0,0,0,0,0,0,0,0,0,0,0,0,0,0
9720,2008080071,2138.0,2136.0,10,10227,41.0485,-80.042,0,1,0,0,0,0,8,7,2008,3,21.0,2.0,0,1.0,1,0,3,  ,0,0.0,0,0,0,0,0,0,0,0,0,0,0,0,0,0,0,0,0
9721,2008080284,1705.0,1703.0,23,23108,39.9275,-75.3502,0,0,0,0,0,0,4,7,2008,5,17.0,1.0,0,1.0,3,0,3,  ,8,3.0,0,0,1,0,0,0,0,0,0,0,0,0,0,0,0,1,0
9722,2008080286,1721.0,1720.0,60,60302,41.4285,-79.7098,0,1,0,0,0,1,4,7,2008,2,17.0,1.0,0,1.0,2,0,3,  ,0,0.0,0,0,1,0,0,1,0,0,0,0,0,0,0,0,0,0,0
9723,2008080312,802.0,758.0,67,67301,39.9904,-75.1245,0,0,0,0,0,0,4,4,2008,3,7.0,1.0,0,1.0,3,2,3,  ,0,0.0,0,0,1,0,0,0,0,0,0,0,0,0,0,0,0,0,0
9724,2008080521,2123.0,2122.0,48,48302,40.6896,-75.2111,0,0,0,0,0,0,4,7,2008,2,21.0,3.0,0,1.0,3,1,3,  ,2,3.0,0,1,1,0,0,0,0,0,0,0,0,0,0,0,0,0,0
9725,2008080525,1554.0,1552.0,32,32408,40.6236,-79.1457,0,1,0,0,0,0,4,7,2008,2,15.0,1.0,0,1.0,2,1,3,  ,3,3.0,0,0,1,0,0,0,0,0,0,0,0,0,0,0,0,0,0
9726,2008080753,1630.0,1626.0,66,66413,39.7941,-76.9763,0,0,0,0,1,0,5,6,2008,5,16.0,1.0,0,1.0,2,0,3,  ,0,0.0,0,0,0,0,0,0,0,0,0,0,0,0,0,0,0,0,0
9727,2008080763,1745.0,1700.0,62,62228,40.2826,-80.0308,0,0,0,0,0,0,5,7,2008,1,14.0,1.0,0,1.0,3,0,3,  ,0,0.0,0,0,0,0,0,0,0,0,0,0,0,0,0,0,0,0,0
9728,2008080779,2104.0,2100.0,46,46410,40.0943,-75.1238,0,0,0,0,0,0,4,7,2008,4,21.0,3.0,0,1.0,3,1,3,  ,2,3.0,0,0,1,0,0,0,0,0,0,0,0,0,0,0,0,0,0
9729,2008080885,1234.0,1230.0,52,52403,,,0,0,0,0,0,0,4,5,2008,1,12.0,1.0,0,1.0,1,0,3,  ,0,0.0,0,0,1,0,0,0,0,0,0,0,0,0,0,0,0,0,0
9730,2008081006,1736.0,1730.0,67,67301,40.0792,-74.971,0,0,0,0,0,0,4,5,2008,4,15.0,1.0,0,1.0,3,2,3,  ,0,0.0,0,0,1,0,0,0,0,0,0,0,0,0,0,0,0,1,0
9731,2008081008,9999.0,9999.0,67,67301,40.066,-74.9849,0,0,0,0,0,0,4,5,2008,4,99.0,1.0,0,9.0,3,2,3,  ,3,3.0,0,0,1,0,0,0,0,0,0,0,0,0,0,0,0,0,0
9732,2008081019,1831.0,1830.0,23,23301,39.8433,-75.4033,0,0,0,0,0,0,5,6,2008,7,18.0,1.0,0,1.0,3,1,3,  ,0,0.0,0,0,0,0,0,0,0,0,0,0,0,0,0,0,0,0,0
9733,2008081121,1700.0,1656.0,67,67301,40.0025,-75.1472,0,0,0,0,0,0,4,5,2008,5,16.0,1.0,0,1.0,3,3,3,  ,3,3.0,1,0,1,0,0,0,0,0,0,0,0,0,0,0,0,0,0
9734,2008081123,1915.0,1910.0,67,67301,39.9577,-75.1624,0,0,0,0,0,0,4,5,2008,4,19.0,1.0,0,1.0,3,1,3,  ,2,3.0,1,0,1,0,0,0,0,0,0,0,0,0,0,0,0,0,0
9735,2008081125,555.0,550.0,67,67301,39.9969,-75.1127,0,0,0,0,1,0,4,5,2008,4,5.0,1.0,0,1.0,3,2,3,  ,3,3.0,0,0,1,0,0,0,0,0,0,0,0,0,0,0,0,0,0
9736,2008081292,1237.0,1224.0,6,6202,40.3709,-75.892,0,0,0,0,1,0,4,7,2008,1,12.0,1.0,0,1.0,1,0,3,  ,0,0.0,0,0,1,0,0,0,0,0,0,0,0,0,0,0,0,0,0
9737,2008081386,1950.0,1935.0,26,26203,40.0597,-79.6041,0,0,0,0,0,0,4,6,2008,4,19.0,1.0,0,1.0,1,0,3,  ,0,0.0,1,0,1,0,0,0,0,0,0,0,0,0,0,1,0,0,0
9738,2008081432,1815.0,1807.0,36,36101,40.0826,-76.2914,0,0,0,0,0,0,4,6,2008,5,18.0,1.0,0,1.0,3,0,3,  ,0,0.0,1,0,1,0,0,0,0,0,0,0,0,0,0,0,0,0,1
9739,2008081445,1238.0,1233.0,24,24301,41.4358,-78.5606,0,0,0,0,0,0,4,7,2008,3,12.0,1.0,0,1.0,2,1,3,  ,3,3.0,0,0,1,0,0,0,0,0,0,0,0,0,0,0,0,1,0
9740,2008081449,1800.0,1800.0,48,48302,40.6792,-75.1975,0,0,0,0,0,0,1,7,2008,4,17.0,1.0,0,1.0,3,0,3,  ,0,0.0,0,0,0,0,0,0,0,0,0,0,0,0,0,0,0,0,0
9741,2008081477,1724.0,1700.0,67,67301,39.9804,-75.2247,0,0,0,0,0,0,4,5,2008,6,99.0,1.0,0,1.0,3,1,3,  ,2,3.0,0,0,1,0,0,1,0,0,0,0,0,0,0,0,0,0,0
9742,2008081482,2336.0,2333.0,67,67301,40.001,-75.1481,0,0,1,0,0,0,4,5,2008,7,23.0,3.0,0,1.0,3,1,3,  ,0,0.0,0,0,1,0,1,0,0,0,0,0,0,0,0,0,0,0,0
9743,2008081494,2108.0,2106.0,67,67301,39.9538,-75.2002,0,0,0,0,0,0,5,5,2008,4,21.0,3.0,0,1.0,3,2,3,  ,2,2.0,0,0,0,0,0,0,0,0,0,0,0,0,0,0,0,0,0
9744,2008081508,740.0,736.0,67,67301,39.9204,-75.1603,0,0,0,0,0,0,4,5,2008,3,7.0,1.0,0,1.0,3,1,3,  ,3,9.0,0,0,1,0,0,0,0,0,0,0,0,0,0,0,0,0,0
9745,2008081584,1530.0,1530.0,23,23401,39.9202,-75.2916,0,0,0,0,0,0,4,7,2008,3,15.0,1.0,0,1.0,3,2,3,  ,3,3.0,0,0,1,0,0,0,0,0,0,0,0,0,0,0,0,0,0
9746,2008081652,828.0,824.0,6,6428,40.3699,-76.1904,0,0,0,0,0,0,4,7,2008,6,8.0,1.0,7,1.0,1,0,3,  ,0,0.0,0,0,1,0,0,0,0,0,0,0,0,0,0,0,0,0,0
9747,2008081743,2122.0,2122.0,2,2475,40.3979,-79.8848,0,0,0,0,0,0,6,7,2008,7,21.0,3.0,0,1.0,3,2,3,  ,3,9.0,0,1,0,0,0,0,1,0,0,1,0,0,0,0,0,0,0
9748,2008081781,1621.0,1616.0,7,7301,40.5074,-78.3994,0,0,0,0,1,0,2,7,2008,6,16.0,1.0,0,1.0,3,1,3,  ,0,0.0,0,0,0,0,0,0,0,0,0,0,0,0,0,0,0,0,0
9749,2008081807,1345.0,1330.0,25,25205,42.0683,-80.2254,0,0,0,0,0,0,0,7,2008,2,13.0,1.0,0,1.0,1,0,3,  ,0,0.0,1,0,0,0,0,0,0,0,0,0,0,0,0,1,0,0,0
9750,2008081859,1800.0,1743.0,28,28215,39.7208,-77.4716,0,0,0,0,0,0,4,7,2008,1,17.0,1.0,0,1.0,2,0,3,  ,0,0.0,0,0,1,0,0,0,0,0,0,0,0,0,0,0,0,0,0
9751,2008082024,1153.0,1153.0,66,66208,40.2165,-76.8607,0,0,0,0,0,0,4,7,2008,2,11.0,1.0,0,1.0,1,0,3,  ,0,0.0,0,0,1,0,0,0,0,0,0,0,0,0,0,0,0,1,0
9752,2008082058,1446.0,1444.0,23,23103,39.9847,-75.3154,0,0,0,0,0,0,4,7,2008,3,12.0,1.0,7,1.0,3,0,3,  ,0,0.0,1,0,1,0,0,0,0,0,0,0,0,0,0,0,0,1,0
9753,2008082072,1030.0,1025.0,63,63403,41.5702,-75.2517,0,1,0,0,1,0,4,6,2008,7,10.0,1.0,0,1.0,2,2,3,  ,3,3.0,0,0,1,0,0,0,0,0,0,0,0,0,0,0,0,0,1
9754,2008082134,1420.0,1410.0,6,6301,40.3487,-75.9183,0,0,0,0,0,0,8,6,2008,6,13.0,1.0,0,1.0,3,0,3,  ,0,0.0,0,0,0,0,0,0,0,0,0,0,0,0,0,0,0,0,0
9755,2008082200,2200.0,2155.0,67,67301,39.9484,-75.2091,0,0,0,0,0,0,1,5,2008,6,21.0,3.0,0,1.0,3,1,3,  ,3,3.0,0,1,0,0,0,0,0,0,0,0,0,0,0,0,0,0,0
9756,2008082253,1850.0,1845.0,67,67301,39.9722,-75.2479,0,0,0,0,0,0,4,5,2008,4,18.0,1.0,0,1.0,3,1,3,  ,3,3.0,0,0,1,0,0,0,0,0,0,0,0,0,0,0,0,0,0
9757,2008082273,1621.0,1617.0,23,23106,40.0437,-75.3804,0,0,0,0,0,1,4,6,2008,3,16.0,1.0,0,1.0,3,0,3,  ,0,0.0,1,0,1,0,0,0,0,0,0,0,0,0,0,0,0,0,0
9758,2008082297,1642.0,1640.0,2,2112,40.5124,-79.8575,0,0,0,0,0,0,4,6,2008,2,16.0,1.0,0,1.0,3,1,3,  ,3,3.0,0,0,1,0,0,0,0,0,0,0,0,0,0,0,0,0,0
9759,2008082352,1529.0,1522.0,48,48301,40.6234,-75.3634,0,0,0,0,0,0,4,6,2008,2,15.0,1.0,0,1.0,3,2,3,  ,0,0.0,0,0,1,0,0,0,0,0,0,0,0,0,0,0,0,1,0
9760,2008082382,1736.0,1735.0,48,48411,,,0,0,0,0,0,0,4,6,2008,1,17.0,1.0,0,1.0,1,2,3,  ,0,0.0,0,0,1,0,0,0,0,0,0,0,0,0,0,0,0,0,1
9761,2008082386,1600.0,558.0,67,67301,39.9513,-75.1993,0,0,0,0,0,0,5,4,2008,4,15.0,1.0,0,1.0,3,1,3,  ,2,3.0,1,0,0,0,0,0,0,0,0,0,0,0,0,0,0,0,0
9762,2008082401,1240.0,1236.0,41,41403,41.2023,-77.278,0,0,0,0,0,0,5,7,2008,1,12.0,1.0,0,1.0,1,0,3,  ,0,0.0,0,0,0,0,0,0,0,0,0,0,0,0,0,0,0,0,0
9763,2008082406,917.0,915.0,67,67301,39.9505,-75.1926,0,0,0,0,0,1,1,5,2008,5,9.0,1.0,0,1.0,3,2,3,  ,2,3.0,0,0,0,0,0,0,0,0,0,0,0,0,0,0,0,0,0
9764,2008082414,814.0,808.0,67,67301,39.9479,-75.2139,0,0,0,0,0,0,4,5,2008,3,8.0,1.0,0,1.0,3,1,3,  ,2,3.0,0,0,1,0,0,0,0,0,0,0,0,0,0,0,0,0,0
9765,2008082415,848.0,839.0,67,67301,39.9219,-75.1702,0,0,0,0,0,0,6,5,2008,5,8.0,1.0,0,1.0,3,1,3,  ,2,3.0,0,0,0,0,0,1,0,0,0,0,0,0,0,0,0,0,0
9766,2008082459,1551.0,1549.0,67,67301,40.009,-75.1562,0,0,0,0,0,0,2,5,2008,1,15.0,1.0,0,1.0,3,2,3,  ,0,0.0,0,0,0,0,0,0,0,0,0,0,0,0,0,0,0,1,0
9767,2008082480,1639.0,1636.0,67,67301,40.0098,-75.1988,0,0,0,0,0,0,1,4,2008,5,16.0,1.0,0,1.0,3,0,3,  ,0,0.0,1,0,0,0,0,0,0,0,0,0,0,0,0,0,0,0,0
9768,2008082514,1840.0,1839.0,6,6301,40.3369,-75.922,0,0,0,0,0,1,5,6,2008,2,18.0,1.0,0,1.0,3,1,3,  ,2,3.0,0,0,0,0,0,0,0,0,0,0,0,0,0,0,0,0,0
9769,2008082517,1930.0,1925.0,6,6301,40.3564,-75.9273,0,0,0,0,0,0,8,7,2008,6,19.0,1.0,0,9.0,3,2,7,  ,0,0.0,0,0,0,0,0,0,0,0,0,0,0,0,0,0,0,0,0
9770,2008082562,2123.0,2122.0,46,46416,40.2531,-75.6434,0,0,0,0,0,0,2,6,2008,5,21.0,2.0,0,1.0,2,0,3,  ,0,0.0,0,0,0,0,0,0,0,0,0,0,0,0,0,0,0,0,0
9771,2008082610,2220.0,2215.0,67,67301,40.0507,-75.1913,0,0,0,0,0,0,4,5,2008,6,22.0,3.0,0,9.0,3,2,7,  ,0,0.0,0,0,1,0,0,0,0,0,0,0,0,0,0,0,0,1,0
9772,2008082628,904.0,902.0,67,67301,39.9608,-75.1434,0,0,0,0,0,0,4,5,2008,4,8.0,1.0,0,1.0,3,1,3,  ,2,3.0,0,0,1,0,0,0,0,0,0,0,0,0,0,0,0,0,0
9773,2008082674,1820.0,1716.0,67,67301,39.9226,-75.2308,0,0,0,0,0,0,4,5,2008,6,14.0,1.0,0,9.0,3,1,7,  ,3,3.0,0,0,1,0,0,0,0,0,0,0,0,0,0,0,0,0,0
9774,2008082844,912.0,903.0,15,15201,39.9115,-75.6342,0,0,0,0,0,0,2,6,2008,7,9.0,1.0,0,1.0,1,0,3,  ,0,0.0,0,0,0,0,0,0,0,0,0,0,0,0,0,0,0,0,1
9775,2008082851,1750.0,1746.0,36,36301,40.0373,-76.3114,0,0,0,0,0,0,4,7,2008,3,17.0,1.0,0,1.0,3,2,3,  ,0,0.0,0,0,1,0,0,0,0,0,0,0,0,0,0,0,0,0,0
9776,2008082864,9999.0,9999.0,67,67301,,,0,0,0,0,0,0,9,5,2008,5,17.0,1.0,0,1.0,3,1,3,  ,0,0.0,0,0,0,0,0,0,0,0,0,0,0,0,0,0,0,0,0
9777,2008082891,1607.0,1604.0,46,46413,40.1252,-75.3332,0,0,0,0,0,0,4,6,2008,4,16.0,1.0,0,1.0,3,1,3,  ,8,3.0,0,0,1,0,0,0,0,0,0,0,0,0,0,0,0,0,0
9778,2008082928,742.0,742.0,23,23103,39.9855,-75.2955,0,0,0,0,1,0,5,6,2008,3,7.0,1.0,0,1.0,3,1,3,  ,2,3.0,1,0,0,0,0,0,0,0,0,0,0,0,0,0,0,0,0
9779,2008083270,25.0,25.0,67,67301,39.9593,-75.1599,0,0,0,0,0,0,4,5,2008,1,0.0,3.0,0,1.0,3,2,3,  ,2,3.0,0,0,1,0,0,0,0,0,0,0,0,0,0,0,0,0,0
9780,2008083346,1748.0,1745.0,48,48212,40.6878,-75.2534,0,0,0,0,0,0,4,6,2008,1,17.0,1.0,0,1.0,3,1,3,  ,2,3.0,0,0,1,0,0,0,0,0,0,0,0,0,0,0,0,1,0
9781,2008083529,1018.0,1015.0,52,52403,41.733,-77.6421,0,0,0,0,0,0,6,7,2008,7,10.0,1.0,0,1.0,1,3,3,  ,3,3.0,0,0,0,0,0,0,0,0,0,0,0,0,0,0,0,0,0
9782,2008083551,1217.0,1214.0,9,9204,40.2951,-75.0639,0,0,0,0,0,0,4,7,2008,5,12.0,1.0,0,1.0,1,2,3,  ,3,3.0,1,0,1,0,0,0,0,0,0,0,0,0,0,0,0,0,1