,CRN,ARRIVAL_TM,DISPATCH_TM,COUNTY,MUNICIPALITY,DEC_LAT,DEC_LONG,BICYCLE_DEATH_COUNT,BICYCLE_SUSP_SERIOUS_INJ_COUNT,BUS_COUNT,HEAVY_TRUCK_COUNT,SMALL_TRUCK_COUNT,SUV_COUNT,COLLISION_TYPE,CRASH_MONTH,CRASH_YEAR,DAY_OF_WEEK,HOUR_OF_DAY,ILLUMINATION,LOCATION_TYPE,ROAD_CONDITION,URBAN_RURAL,INTERSECT_TYPE,WEATHER1,WEATHER2,TCD_TYPE,TCD_FUNC_CD,AGGRESSIVE_DRIVING,ALCOHOL_RELATED,ANGLE_CRASH,CELL_PHONE,COMM_VEHICLE,DISTRACTED,DRINKING_DRIVER,DRUGGED_DRIVER,FATIGUE_ASLEEP,IMPAIRED_DRIVER,NHTSA_AGG_DRIVING,RUNNING_RED_LT,RUNNING_STOP_SIGN,SPEEDING_RELATED,TAILGATING,MATURE_DRIVER,YOUNG_DRIVER
9783,2008083567,1455.0,1452.0,19,19402,41.0542,-76.238,0,0,0,0,1,0,4,7,2008,3,14.0,1.0,0,1.0,2,1,3,  ,3,3.0,0,0,1,0,0,0,0,0,0,0,0,0,0,0,0,1,0
9784,2008083664,1713.0,1708.0,67,67301,39.963,-75.1787,0,0,0,0,0,0,4,4,2008,4,17.0,1.0,0,1.0,3,0,3,  ,0,0.0,0,0,1,0,0,0,0,0,0,0,0,0,0,0,0,0,0
9785,2008083748,728.0,700.0,41,41403,41.2025,-77.2712,0,1,0,0,0,1,2,7,2008,4,6.0,1.0,0,1.0,1,0,3,  ,0,0.0,0,0,0,0,0,0,0,0,0,0,0,0,0,0,0,0,0
9786,2008083890,1332.0,1328.0,9,9213,40.1404,-74.8758,0,1,0,0,0,0,2,7,2008,5,13.0,1.0,0,1.0,3,0,3,  ,0,0.0,0,0,0,0,0,0,0,0,0,0,0,0,0,0,0,0,0
9787,2008083911,2341.0,2341.0,15,15247,39.9677,-75.5796,1,0,0,0,0,0,4,5,2008,4,23.0,3.0,0,1.0,3,0,3,  ,0,0.0,0,1,1,0,0,0,1,1,0,1,0,0,0,0,0,0,0
9788,2008083933,1936.0,1931.0,64,64103,40.1663,-79.7972,0,0,0,0,0,0,4,7,2008,3,19.0,1.0,0,1.0,1,0,3,  ,0,0.0,0,0,1,0,0,1,0,0,0,0,0,0,0,0,0,0,0
9789,2008083979,8.0,5.0,67,67301,39.9564,-75.2085,1,0,0,0,0,0,4,5,2008,2,0.0,3.0,0,1.0,3,1,3,  ,2,3.0,0,0,1,0,0,0,0,0,0,0,0,0,0,0,0,0,0
9790,2008084000,1423.0,1422.0,36,36101,40.0789,-76.3272,0,0,0,0,0,0,4,6,2008,3,14.0,1.0,0,1.0,3,2,3,  ,3,3.0,0,0,1,0,0,0,0,0,0,0,0,0,0,0,0,0,0
9791,2008084038,1225.0,1223.0,48,48301,40.6231,-75.3604,0,0,1,0,0,0,5,7,2008,5,12.0,1.0,0,1.0,3,2,3,  ,0,0.0,0,0,0,0,1,0,0,0,0,0,0,0,0,0,0,0,0
9792,2008084058,1328.0,1327.0,2,2301,40.4613,-80.0188,0,0,0,0,0,0,4,7,2008,3,13.0,1.0,0,1.0,3,2,3,  ,0,0.0,1,0,1,0,0,0,0,0,0,0,0,0,0,0,0,1,0
9793,2008084072,2116.0,2113.0,22,22202,40.2791,-76.6638,0,1,0,0,0,0,4,7,2008,5,21.0,4.0,0,1.0,3,0,3,  ,0,0.0,0,0,1,0,0,0,0,0,0,0,0,0,0,0,0,0,1
9794,2008084129,1708.0,1705.0,48,48302,40.683,-75.2004,0,0,0,0,0,0,4,7,2008,5,17.0,1.0,0,1.0,3,2,3,  ,3,3.0,0,0,1,0,0,0,0,0,0,0,0,0,0,0,0,0,0
9795,2008084180,1407.0,1339.0,62,62229,40.0203,-80.0914,0,0,0,0,0,1,4,7,2008,2,13.0,1.0,0,1.0,1,2,3,  ,8,3.0,0,0,1,0,0,0,0,0,0,0,0,0,0,0,0,0,0
9796,2008084315,2003.0,1953.0,2,2301,40.4349,-79.9733,0,0,0,0,0,0,1,7,2008,6,19.0,1.0,2,1.0,3,6,3,  ,0,0.0,0,0,0,0,0,0,0,0,0,0,0,0,0,0,0,0,0
9797,2008084363,801.0,759.0,23,23111,39.9515,-75.2659,0,0,0,0,0,0,4,6,2008,7,7.0,1.0,0,1.0,3,2,3,  ,2,3.0,0,0,1,0,0,0,0,0,0,0,0,0,0,0,0,0,0
9798,2008084391,1302.0,1258.0,48,48301,40.6318,-75.3506,0,0,0,0,0,0,1,7,2008,3,12.0,1.0,0,1.0,3,2,3,  ,3,3.0,1,0,0,0,0,0,0,0,0,0,0,0,0,0,0,0,0
9799,2008084441,1519.0,1509.0,62,62222,40.2913,-80.1233,0,0,0,0,0,1,4,7,2008,3,15.0,1.0,0,1.0,3,2,3,  ,3,3.0,0,0,1,0,0,0,0,0,0,0,0,0,0,0,0,0,0
9800,2008084448,100.0,50.0,6,6301,40.3264,-75.9508,0,0,0,0,0,1,4,7,2008,6,13.0,1.0,0,1.0,3,0,3,  ,0,0.0,0,0,1,0,0,0,0,0,0,0,0,0,0,0,0,0,0
9801,2008084452,1605.0,1603.0,6,6301,40.3407,-75.9367,0,0,0,0,0,0,5,7,2008,5,16.0,1.0,0,1.0,3,0,3,  ,0,0.0,0,0,0,0,0,0,0,0,0,0,0,0,0,0,0,0,0
9802,2008084537,723.0,721.0,66,66430,39.9534,-76.7519,0,0,0,0,1,0,4,7,2008,4,7.0,1.0,0,1.0,3,1,3,  ,2,3.0,0,0,1,0,0,0,0,0,0,0,0,0,0,0,0,0,0
9803,2008084569,1612.0,1611.0,46,46413,40.1212,-75.3417,0,0,0,0,0,0,4,7,2008,1,99.0,1.0,0,1.0,3,1,3,  ,3,3.0,0,0,1,0,0,0,0,0,0,0,0,0,0,0,0,0,0
9804,2008084644,1425.0,1420.0,25,25302,42.1166,-80.066,0,0,0,0,0,0,4,7,2008,6,14.0,1.0,7,1.0,3,0,3,  ,0,0.0,0,0,1,0,0,0,0,0,0,0,0,0,0,0,0,0,0
9805,2008084664,1024.0,1024.0,22,22202,40.241,-76.6872,0,0,0,0,0,1,2,7,2008,7,10.0,1.0,0,1.0,3,0,3,  ,0,0.0,0,0,0,0,0,1,0,0,0,0,0,0,0,0,0,0,1
9806,2008084887,1209.0,1209.0,59,59402,40.9662,-76.883,0,1,0,0,0,1,4,7,2008,6,12.0,1.0,0,1.0,2,1,3,  ,0,0.0,0,0,1,0,0,0,0,0,0,0,0,0,0,0,0,1,0
9807,2008085075,2000.0,1859.0,1,1205,39.9153,-77.4672,0,0,0,0,0,1,5,6,2008,5,14.0,1.0,0,1.0,1,0,3,  ,0,0.0,0,0,0,0,0,0,0,0,0,0,0,0,0,0,0,0,0
9808,2008085118,1747.0,1737.0,38,38207,40.3269,-76.5283,0,0,0,0,0,0,4,7,2008,4,17.0,1.0,0,1.0,1,0,3,  ,0,0.0,1,0,1,0,0,0,0,0,0,0,0,0,0,0,0,0,0
9809,2008085246,2115.0,2108.0,49,49215,40.8411,-76.6381,0,1,0,0,0,0,4,7,2008,3,21.0,4.0,0,1.0,1,0,3,  ,0,0.0,0,0,1,0,0,0,0,0,0,0,0,0,0,0,0,0,1
9810,2008085247,1244.0,1215.0,31,31208,40.6863,-78.0358,0,0,0,0,0,1,4,7,2008,1,12.0,1.0,0,1.0,1,0,3,  ,0,0.0,0,0,1,0,0,0,0,0,0,0,0,0,0,0,0,1,0
9811,2008085256,2031.0,2031.0,61,61301,41.8351,-79.1286,0,0,0,0,0,0,4,7,2008,1,20.0,1.0,0,1.0,2,1,3,  ,2,3.0,0,0,1,0,0,0,0,0,0,0,0,0,0,0,0,0,0
9812,2008085442,632.0,628.0,46,46103,40.2587,-75.2651,0,0,0,0,0,0,4,7,2008,4,6.0,1.0,0,1.0,3,0,3,  ,0,0.0,0,0,1,0,0,0,0,0,0,0,0,0,0,0,0,0,0
9813,2008085526,1725.0,1723.0,66,66103,39.7752,-76.9575,0,0,0,0,0,0,4,7,2008,2,17.0,1.0,0,1.0,2,2,3,  ,0,0.0,0,0,1,0,0,0,0,0,0,0,0,0,0,0,0,0,0
9814,2008085675,1123.0,1113.0,21,21207,40.1438,-77.0618,0,0,0,0,0,1,2,7,2008,1,11.0,1.0,0,1.0,1,0,3,  ,0,0.0,0,0,0,0,0,0,0,0,0,0,0,0,0,0,0,1,0
9815,2008085689,1332.0,1315.0,36,36205,39.8358,-76.058,0,0,0,0,1,0,4,7,2008,7,13.0,1.0,0,1.0,1,0,3,  ,0,0.0,0,0,1,0,0,0,0,0,0,0,0,0,0,0,0,1,0
9816,2008085720,2213.0,2200.0,39,39104,40.5661,-75.5534,0,0,0,0,0,0,9,7,2008,5,22.0,3.0,0,1.0,3,0,3,  ,0,0.0,0,0,0,0,0,0,0,0,0,0,0,0,0,0,0,0,0
9817,2008085773,1718.0,1715.0,9,9418,40.3537,-75.3058,0,0,0,0,0,0,5,7,2008,4,17.0,1.0,0,1.0,2,1,3,  ,3,3.0,0,0,0,0,0,0,0,0,0,0,0,0,0,0,0,0,0
9818,2008085806,1202.0,1200.0,23,23103,39.9807,-75.2903,0,0,0,0,0,0,4,7,2008,4,11.0,1.0,0,1.0,3,2,3,  ,3,3.0,0,0,1,0,0,0,0,0,0,0,0,0,0,0,0,0,0
9819,2008085868,1954.0,1950.0,46,46103,40.2759,-75.324,0,0,0,0,1,0,5,7,2008,5,19.0,1.0,0,1.0,3,0,3,  ,0,0.0,1,0,0,0,0,0,0,0,0,0,0,0,0,0,0,0,0
9820,2008085901,809.0,800.0,15,15236,40.0677,-75.4061,0,0,0,0,0,0,4,7,2008,4,7.0,1.0,0,1.0,1,2,3,  ,3,3.0,0,0,1,0,0,0,0,0,0,0,0,0,0,0,0,0,0
9821,2008085911,1456.0,1452.0,32,32402,40.4318,-79.2647,0,1,0,0,1,0,2,7,2008,7,14.0,1.0,0,1.0,1,1,3,  ,3,3.0,0,0,0,0,0,1,0,0,0,0,0,0,0,0,0,0,0
9822,2008086005,1339.0,1339.0,28,28204,39.9252,-77.6173,0,0,0,0,1,0,4,7,2008,5,13.0,1.0,0,1.0,1,2,3,  ,3,3.0,1,0,1,0,0,0,0,0,0,0,0,0,0,0,0,0,0
9823,2008086182,1858.0,1853.0,36,36209,40.1231,-76.1293,0,0,0,0,1,0,4,8,2008,6,18.0,1.0,0,1.0,1,2,3,  ,3,3.0,0,0,1,0,0,0,0,0,0,0,0,0,0,0,0,0,0
9824,2008086187,1521.0,1519.0,2,2301,40.4367,-80.0009,0,0,0,0,1,0,4,7,2008,6,15.0,1.0,0,1.0,3,1,3,  ,2,3.0,1,0,1,0,0,1,0,0,0,0,0,1,0,0,0,0,0
9825,2008086190,359.0,359.0,39,39301,40.5986,-75.4791,0,0,0,0,0,0,4,6,2008,6,21.0,3.0,0,1.0,3,1,3,  ,3,3.0,0,0,1,0,0,0,0,0,0,0,0,0,0,0,0,0,0
9826,2008086205,1641.0,1638.0,38,38301,40.3439,-76.4342,0,0,0,0,0,0,4,7,2008,5,16.0,1.0,0,1.0,2,2,3,  ,0,0.0,1,0,1,0,0,0,0,0,0,0,0,0,0,0,0,0,1
9827,2008086229,1651.0,1649.0,64,64303,,,0,0,0,0,0,0,4,7,2008,2,16.0,1.0,0,1.0,3,1,3,  ,0,0.0,0,0,1,0,0,0,0,0,0,0,0,0,0,0,0,0,0
9828,2008086257,2018.0,2016.0,38,38301,40.3383,-76.4279,0,0,0,0,0,0,4,7,2008,6,20.0,1.0,0,1.0,2,1,3,  ,0,0.0,0,0,1,0,0,0,0,0,0,0,0,0,0,0,0,1,0
9829,2008086258,1720.0,1717.0,38,38301,40.3465,-76.4248,0,0,0,0,0,0,4,7,2008,6,17.0,1.0,0,1.0,2,1,3,  ,0,0.0,1,0,1,0,0,0,0,0,0,0,0,0,0,0,0,0,0
9830,2008086282,1203.0,1200.0,25,25213,42.0777,-80.194,0,0,0,0,0,0,2,7,2008,4,12.0,1.0,0,9.0,3,2,3,  ,3,3.0,0,0,0,0,0,0,0,0,0,0,0,0,0,0,0,0,0
9831,2008086427,1220.0,1217.0,19,19501,41.0017,-76.4394,0,0,0,0,0,0,1,7,2008,7,12.0,1.0,0,1.0,2,0,3,  ,0,0.0,0,0,0,0,0,0,0,0,0,0,0,0,0,0,0,1,0
9832,2008086435,1945.0,1926.0,55,55210,40.1709,-79.1117,0,0,0,0,0,0,4,6,2008,3,19.0,1.0,0,1.0,1,0,3,  ,0,0.0,0,0,1,0,0,0,0,0,0,0,0,0,0,0,0,0,0
9833,2008086519,940.0,938.0,28,28215,39.7412,-77.5419,0,0,0,0,0,0,4,8,2008,7,9.0,1.0,0,1.0,2,0,3,  ,0,0.0,0,0,1,0,0,0,0,0,0,0,0,0,0,0,0,1,0
9834,2008086596,1723.0,1721.0,2,2403,,,0,0,0,0,0,0,4,7,2008,5,17.0,1.0,0,1.0,3,2,3,  ,0,0.0,1,0,1,0,0,0,0,0,0,0,0,0,0,1,0,0,0
9835,2008086625,1153.0,1142.0,7,7301,40.5195,-78.3925,0,0,0,0,0,0,4,7,2008,4,11.0,1.0,0,1.0,3,1,3,  ,3,3.0,0,0,1,0,0,0,0,0,0,0,0,0,0,0,0,0,0
9836,2008086697,2230.0,2215.0,15,15249,40.0934,-75.8142,0,0,0,0,0,0,5,6,2008,4,20.0,4.0,0,9.0,1,0,7,  ,0,0.0,1,0,0,0,0,0,0,0,0,0,0,0,0,0,0,0,0
9837,2008086736,2346.0,2345.0,28,28401,39.936,-77.6681,0,1,0,0,0,1,4,8,2008,6,23.0,6.0,0,1.0,1,1,3,  ,3,3.0,0,0,1,0,0,0,0,0,0,0,0,0,0,0,0,0,0
9838,2008086816,1747.0,1719.0,36,36230,40.1996,-76.4935,0,0,0,0,1,0,4,7,2008,1,17.0,1.0,0,1.0,1,2,3,  ,0,0.0,1,0,1,0,0,0,0,0,0,0,0,0,0,0,0,0,0
9839,2008086850,1214.0,1210.0,21,21402,40.2031,-77.1899,0,0,0,0,0,0,2,8,2008,6,12.0,1.0,0,1.0,2,2,3,  ,0,0.0,0,0,0,0,0,1,0,0,0,0,0,0,0,0,0,0,0
9840,2008086854,2203.0,2148.0,22,22301,40.2552,-76.859,0,0,0,0,0,0,2,7,2008,7,21.0,3.0,0,1.0,3,1,3,  ,2,3.0,0,0,0,0,0,0,0,0,0,0,0,0,0,0,0,0,0
9841,2008086884,1158.0,1155.0,9,9401,40.1014,-74.8629,0,0,0,0,0,0,4,8,2008,2,11.0,1.0,2,1.0,3,2,3,  ,4,3.0,0,0,1,0,0,0,0,0,0,0,0,0,0,0,0,1,0
9842,2008086912,1918.0,1918.0,15,15414,39.9615,-75.6089,0,0,0,0,0,0,4,8,2008,1,19.0,1.0,0,1.0,3,1,3,  ,0,0.0,0,0,1,0,0,0,0,0,0,0,0,0,0,0,0,0,0
9843,2008086917,1620.0,1615.0,22,22208,40.355,-76.8018,0,0,0,0,0,1,4,7,2008,3,16.0,1.0,0,1.0,3,2,3,  ,3,3.0,0,0,1,0,0,0,0,0,0,0,0,0,0,0,0,0,0
9844,2008086984,27.0,10.0,40,40214,40.9821,-75.9806,0,0,0,0,0,0,4,6,2008,5,0.0,3.0,0,1.0,1,2,3,  ,0,0.0,1,1,1,0,0,0,1,0,0,1,0,0,0,0,0,0,1
9845,2008087011,2000.0,1956.0,46,46416,40.2476,-75.6454,0,0,0,0,0,0,4,7,2008,6,19.0,4.0,0,9.0,2,1,7,  ,3,3.0,0,0,1,0,0,0,0,0,0,0,0,0,0,0,0,0,0
9846,2008087042,1102.0,1102.0,23,23109,39.8623,-75.301,0,0,0,0,0,0,2,7,2008,6,11.0,1.0,0,1.0,3,1,3,  ,3,3.0,1,0,0,0,0,0,0,0,0,0,0,0,0,0,0,0,0
9847,2008087179,1738.0,1737.0,36,36301,40.0451,-76.2903,1,0,0,0,0,0,4,8,2008,1,17.0,1.0,0,1.0,3,1,3,  ,3,3.0,0,0,1,0,0,0,0,0,0,0,0,0,0,0,0,0,0
9848,2008087285,1940.0,1940.0,47,47401,40.9614,-76.6141,0,0,0,0,0,0,4,8,2008,2,19.0,1.0,0,1.0,2,0,3,  ,0,0.0,0,0,1,0,0,0,0,0,0,0,0,0,0,0,0,0,0
9849,2008087307,1847.0,1847.0,21,21104,40.163,-76.994,0,0,0,0,0,0,5,8,2008,3,18.0,1.0,0,1.0,3,0,3,  ,0,0.0,1,0,0,0,0,0,0,0,0,0,0,0,0,0,0,0,0
9850,2008087503,1449.0,1448.0,64,64301,40.5796,-79.7656,0,0,0,0,1,0,4,7,2008,4,14.0,1.0,0,1.0,3,1,3,  ,0,0.0,0,0,1,0,0,0,0,0,0,0,0,0,0,0,0,1,0
9851,2008087504,1209.0,1205.0,7,7301,40.5196,-78.397,0,0,0,0,0,0,4,7,2008,3,12.0,1.0,0,1.0,3,1,3,  ,2,3.0,0,0,1,0,0,0,0,0,0,0,0,0,0,0,0,0,0
9852,2008087508,2037.0,2035.0,67,67301,39.9164,-75.1575,0,0,0,0,0,0,2,5,2008,5,20.0,3.0,0,1.0,3,2,3,  ,0,0.0,0,0,0,0,0,0,0,0,0,0,0,0,0,0,0,0,0
9853,2008087522,2235.0,2235.0,23,23106,40.0372,-75.3563,0,0,0,0,0,0,4,7,2008,4,22.0,3.0,0,1.0,3,0,3,  ,0,0.0,0,0,1,0,0,0,0,0,0,0,0,0,0,0,0,0,0
9854,2008087546,1716.0,1715.0,53,53401,40.7837,-76.3339,0,0,0,0,0,0,4,7,2008,7,17.0,1.0,0,1.0,1,0,3,  ,0,0.0,0,0,1,0,0,0,0,0,0,0,0,0,0,0,0,0,0
9855,2008087560,2055.0,2046.0,67,67301,40.0307,-75.171,0,0,0,0,0,0,4,6,2008,2,20.0,4.0,0,1.0,3,1,3,  ,3,3.0,0,0,1,0,0,0,0,0,0,0,0,0,0,0,0,0,0
9856,2008087576,1557.0,1549.0,6,6102,40.3913,-75.9055,0,0,0,0,0,1,4,7,2008,5,15.0,1.0,0,1.0,3,0,3,  ,0,0.0,0,0,1,0,0,0,0,0,0,0,0,0,0,0,0,0,0
9857,2008087594,1900.0,1855.0,67,67301,40.0452,-75.0801,0,0,0,0,0,1,4,5,2008,1,18.0,1.0,7,9.0,3,0,7,  ,0,0.0,0,0,1,0,0,0,0,0,0,0,0,0,0,0,0,0,0
9858,2008087602,2026.0,2025.0,2,2431,40.4268,-79.8608,0,0,0,0,0,0,4,7,2008,3,20.0,4.0,0,9.0,3,1,7,  ,3,1.0,0,0,1,0,0,0,0,0,0,0,0,0,0,0,0,0,0
9859,2008087702,1531.0,1530.0,64,64305,40.5745,-79.7582,0,0,0,1,0,0,5,8,2008,4,15.0,1.0,0,1.0,3,1,3,  ,0,0.0,0,0,0,0,0,0,0,0,0,0,0,0,0,0,0,0,0
9860,2008087827,1959.0,1957.0,46,46204,40.1841,-75.1434,0,0,0,0,0,0,4,7,2008,4,99.0,1.0,0,1.0,3,1,3,  ,3,3.0,1,0,1,0,0,0,0,0,0,0,0,0,1,0,0,0,1
9861,2008087838,1755.0,1750.0,67,67301,39.9403,-75.1728,0,0,0,0,0,0,4,6,2008,2,17.0,1.0,0,1.0,3,1,3,  ,3,9.0,0,0,1,0,0,0,0,0,0,0,0,0,0,0,0,0,0
9862,2008087847,1936.0,1929.0,67,67301,39.9567,-75.2235,0,0,0,0,0,0,8,6,2008,1,19.0,1.0,0,1.0,3,2,3,  ,2,3.0,0,0,0,0,0,0,0,0,0,0,0,0,0,0,0,0,0
9863,2008087857,2007.0,2007.0,25,25411,42.2133,-79.8372,0,0,0,0,0,0,4,8,2008,4,20.0,1.0,0,1.0,1,1,3,  ,0,0.0,0,0,1,0,0,0,0,0,0,0,0,0,0,0,0,1,0
9864,2008087876,1543.0,1538.0,67,67301,40.0765,-74.9883,0,0,0,0,0,0,4,6,2008,4,15.0,1.0,0,1.0,3,2,3,  ,0,0.0,0,0,1,0,0,0,0,0,0,0,0,0,0,0,0,0,0
9865,2008087877,1901.0,1855.0,67,67301,39.9724,-75.2174,0,0,0,0,1,0,6,6,2008,3,18.0,1.0,0,1.0,3,1,3,  ,2,3.0,0,0,0,0,0,0,0,0,0,0,0,0,0,0,0,1,0
9866,2008087879,2350.0,2350.0,67,67301,40.0141,-75.078,0,0,0,0,0,0,4,6,2008,5,23.0,3.0,0,1.0,3,1,3,  ,3,3.0,0,0,1,0,0,1,0,0,0,0,0,0,0,0,0,0,1
9867,2008087896,1934.0,1930.0,6,6301,40.34,-75.915,0,0,0,0,0,1,4,7,2008,7,19.0,1.0,0,1.0,3,0,3,  ,0,0.0,0,0,1,0,0,0,0,0,0,0,0,0,0,0,0,0,0
9868,2008087972,2211.0,2207.0,67,67301,39.9739,-75.2064,0,0,0,0,0,0,1,6,2008,2,22.0,3.0,0,1.0,3,1,3,  ,2,9.0,1,0,0,0,0,0,0,0,0,0,0,0,0,0,1,0,0
9869,2008087978,2123.0,2120.0,25,25302,42.1222,-80.085,0,0,0,0,1,0,8,8,2008,4,21.0,3.0,0,1.0,3,1,3,  ,2,3.0,0,0,0,0,0,0,0,0,0,0,0,0,0,0,0,0,0
9870,2008088048,1020.0,1010.0,61,61204,41.8897,-79.1456,0,0,0,0,0,0,4,7,2008,4,9.0,1.0,0,1.0,1,0,3,  ,3,3.0,0,0,1,0,0,0,0,0,0,0,0,0,0,0,0,0,0
9871,2008088077,855.0,851.0,67,67301,39.9394,-75.161,0,0,0,0,0,0,5,6,2008,5,8.0,1.0,0,1.0,3,1,3,  ,2,3.0,0,0,0,0,0,0,0,0,0,0,0,0,0,0,0,0,0
9872,2008088088,1604.0,1601.0,67,67301,40.0322,-75.1341,0,0,0,0,0,0,4,6,2008,2,16.0,1.0,0,1.0,3,2,3,  ,0,0.0,0,0,1,0,0,0,0,0,0,0,0,0,0,0,0,0,0
9873,2008088137,1808.0,1804.0,25,25302,42.1183,-80.102,0,0,0,0,0,0,4,7,2008,2,18.0,1.0,0,1.0,3,0,3,  ,0,0.0,0,0,1,0,0,0,0,0,0,0,0,0,0,0,0,0,0
9874,2008088154,1253.0,1252.0,6,6429,40.3412,-75.9574,0,0,0,0,0,0,4,6,2008,3,12.0,1.0,7,1.0,3,1,3,  ,2,3.0,0,0,1,0,0,0,0,0,0,0,0,0,0,0,0,0,0
9875,2008088219,1825.0,1820.0,67,67301,39.9939,-75.1545,0,0,0,0,0,0,4,5,2008,7,18.0,1.0,0,1.0,3,1,3,  ,0,0.0,0,0,1,0,0,0,0,0,0,0,0,0,0,0,0,0,0
9876,2008088220,1941.0,1936.0,67,67301,40.0281,-75.1283,0,0,0,0,0,0,5,6,2008,6,19.0,1.0,0,1.0,3,0,3,  ,0,0.0,0,0,0,0,0,0,0,0,0,0,0,0,0,0,0,0,0
9877,2008088263,1215.0,1211.0,67,67301,39.998,-75.1409,0,0,0,0,0,0,8,6,2008,1,12.0,1.0,0,1.0,3,2,3,  ,0,0.0,0,0,0,0,0,0,0,0,0,0,0,0,0,0,0,0,0
9878,2008088274,2118.0,2115.0,67,67301,39.9715,-75.1802,0,0,0,0,0,0,4,6,2008,6,21.0,3.0,0,1.0,3,1,3,  ,3,3.0,0,0,1,0,0,0,0,0,0,0,0,0,0,0,0,0,0
9879,2008088275,1105.0,1055.0,67,67301,39.9573,-75.1696,0,0,0,0,0,0,4,6,2008,7,10.0,1.0,0,1.0,3,1,3,  ,2,2.0,0,0,1,0,0,0,0,0,0,0,0,0,0,0,0,0,0
9880,2008088387,100.0,1239.0,67,67301,40.067,-75.1583,0,0,0,0,0,0,4,6,2008,6,0.0,3.0,0,1.0,3,1,3,  ,2,3.0,1,0,1,0,0,0,0,0,0,0,0,0,0,0,0,0,0
9881,2008088392,1800.0,1713.0,67,67301,40.0299,-75.1533,0,0,0,0,0,0,5,6,2008,6,17.0,1.0,0,1.0,3,5,3,  ,2,3.0,1,0,0,0,0,0,0,0,0,0,0,0,0,0,1,0,0
9882,2008088422,9999.0,9999.0,67,67301,40.0003,-75.1556,0,0,0,0,0,0,4,6,2008,5,99.0,1.0,0,1.0,3,2,3,  ,0,0.0,0,0,1,0,0,0,0,0,0,0,0,0,0,0,0,1,0
9883,2008088481,1858.0,1858.0,35,35302,41.4358,-75.6638,0,1,0,0,0,0,4,6,2008,2,18.0,1.0,0,98.0,3,2,99,  ,3,2.0,0,0,1,0,0,0,0,0,0,0,0,0,0,0,0,0,1
9884,2008088508,1801.0,1801.0,2,2301,40.4558,-80.0501,0,0,0,0,0,0,4,7,2008,1,18.0,1.0,0,1.0,3,1,3,  ,0,0.0,0,0,1,0,0,0,0,0,0,0,0,0,0,0,0,0,0
9885,2008088660,0.0,0.0,67,67301,40.0027,-75.1379,0,1,0,0,0,0,1,6,2008,7,21.0,6.0,0,1.0,3,0,3,  ,0,0.0,0,0,0,0,0,0,0,0,0,0,0,0,0,0,0,0,0
9886,2008088689,1919.0,1917.0,6,6301,40.3335,-75.9182,0,0,0,0,0,1,4,7,2008,5,19.0,1.0,0,1.0,3,1,3,  ,2,3.0,0,0,1,0,0,0,0,0,0,0,0,0,0,0,0,0,0
9887,2008088690,1718.0,1715.0,6,6301,40.3462,-75.9388,0,0,0,0,0,0,5,7,2008,1,17.0,1.0,0,9.0,3,1,7,  ,0,0.0,0,0,0,0,0,0,0,0,0,0,0,0,0,0,0,0,0
9888,2008088693,1901.0,1858.0,9,9101,40.0819,-74.9057,0,0,0,0,0,0,4,7,2008,7,18.0,1.0,0,1.0,3,1,99,  ,3,3.0,0,0,1,0,0,0,0,0,0,0,0,0,0,0,0,0,0
9889,2008088740,1739.0,1727.0,14,14216,40.8282,-77.9663,0,0,0,1,0,0,5,8,2008,4,17.0,1.0,0,1.0,1,0,3,  ,0,0.0,0,0,0,0,1,0,0,0,0,0,0,0,0,0,0,0,0
9890,2008088820,9999.0,9999.0,67,67301,39.9403,-75.2119,0,0,0,0,0,0,4,6,2008,6,99.0,3.0,0,1.0,3,2,3,  ,0,0.0,0,0,1,0,0,0,0,0,0,0,0,0,0,0,0,0,0
9891,2008088827,1724.0,1721.0,6,6301,40.3416,-75.9316,0,0,0,0,0,0,4,7,2008,3,17.0,1.0,0,9.0,3,1,3,  ,2,3.0,0,0,1,0,0,0,0,0,0,0,0,0,0,0,0,0,0
9892,2008088828,1936.0,1933.0,6,6301,40.3592,-75.9184,0,0,0,0,1,0,4,7,2008,4,19.0,1.0,0,1.0,3,1,3,  ,3,3.0,0,0,1,0,0,0,0,0,0,0,0,0,0,0,0,0,0
9893,2008088884,37.0,34.0,48,48301,40.6197,-75.3786,0,0,0,0,0,0,4,7,2008,7,0.0,3.0,0,1.0,3,1,3,  ,0,0.0,1,1,1,0,0,0,0,0,0,0,0,0,0,0,0,1,0
9894,2008088918,1818.0,1817.0,39,39302,40.6231,-75.391,0,0,0,0,0,0,4,7,2008,5,18.0,1.0,0,1.0,3,1,3,  ,0,0.0,0,0,1,0,0,0,0,0,0,0,0,0,0,0,0,0,0
9895,2008089010,2020.0,2019.0,48,48301,40.61,-75.3832,0,0,0,0,0,0,4,7,2008,2,20.0,3.0,0,1.0,3,2,3,  ,0,0.0,0,0,1,0,0,0,0,0,0,0,0,0,0,0,0,0,0
9896,2008089041,1810.0,1800.0,2,2301,,,0,0,0,0,0,0,4,7,2008,2,17.0,1.0,0,1.0,3,0,3,  ,0,0.0,1,0,1,0,0,0,0,0,0,0,0,0,0,0,0,0,0
9897,2008089206,1200.0,1200.0,10,10301,40.8598,-79.8936,0,0,0,0,0,0,4,8,2008,5,18.0,1.0,0,1.0,2,1,3,  ,2,3.0,1,0,1,0,0,0,0,0,0,0,0,1,0,0,0,0,0
9898,2008089207,0.0,,21,21402,,,0,0,0,0,0,0,4,5,2008,4,13.0,1.0,0,98.0,2,1,99,  ,9,9.0,0,0,1,0,0,0,0,0,0,0,0,0,0,0,0,0,0