,CRN,ARRIVAL_TM,DISPATCH_TM,COUNTY,MUNICIPALITY,DEC_LAT,DEC_LONG,BICYCLE_DEATH_COUNT,BICYCLE_SUSP_SERIOUS_INJ_COUNT,BUS_COUNT,HEAVY_TRUCK_COUNT,SMALL_TRUCK_COUNT,SUV_COUNT,COLLISION_TYPE,CRASH_MONTH,CRASH_YEAR,DAY_OF_WEEK,HOUR_OF_DAY,ILLUMINATION,LOCATION_TYPE,ROAD_CONDITION,URBAN_RURAL,INTERSECT_TYPE,WEATHER1,WEATHER2,TCD_TYPE,TCD_FUNC_CD,AGGRESSIVE_DRIVING,ALCOHOL_RELATED,ANGLE_CRASH,CELL_PHONE,COMM_VEHICLE,DISTRACTED,DRINKING_DRIVER,DRUGGED_DRIVER,FATIGUE_ASLEEP,IMPAIRED_DRIVER,NHTSA_AGG_DRIVING,RUNNING_RED_LT,RUNNING_STOP_SIGN,SPEEDING_RELATED,TAILGATING,MATURE_DRIVER,YOUNG_DRIVER
9899,2008089266,1210.0,1206.0,66,66101,39.9632,-76.6996,0,0,0,0,0,1,4,8,2008,4,12.0,1.0,0,1.0,1,2,3,  ,3,3.0,0,0,1,0,0,0,0,0,0,0,0,0,0,0,0,0,0
9900,2008089270,1749.0,1744.0,66,66410,39.7894,-76.7392,0,0,0,0,0,1,4,4,2008,4,17.0,1.0,0,1.0,1,2,3,  ,3,3.0,0,0,1,0,0,0,0,0,0,0,0,0,0,0,0,0,0
9901,2008089280,1208.0,1150.0,32,32403,40.7262,-78.8045,0,0,0,0,1,0,4,7,2008,4,11.0,1.0,0,1.0,1,0,3,  ,0,0.0,0,0,1,0,0,0,0,0,0,0,0,0,0,0,0,0,0
9902,2008089362,2142.0,2138.0,47,47401,40.9641,-76.6148,0,0,0,0,0,0,4,8,2008,2,21.0,3.0,0,1.0,2,5,3,  ,2,3.0,0,0,1,0,0,0,0,0,0,0,0,0,0,0,0,1,0
9903,2008089420,1047.0,1033.0,39,39206,40.6839,-75.7633,0,0,0,0,0,0,4,7,2008,1,10.0,1.0,0,1.0,1,2,3,  ,3,3.0,0,0,1,0,0,0,0,0,0,0,0,0,0,0,0,0,0
9904,2008089558,1656.0,1654.0,6,6420,40.3255,-76.018,0,1,0,0,0,1,4,8,2008,6,16.0,1.0,0,1.0,3,2,3,  ,3,3.0,0,0,1,0,0,0,0,0,0,0,0,0,0,0,0,0,0
9905,2008089758,1921.0,1920.0,22,22301,40.2833,-76.9,0,0,0,0,0,0,4,8,2008,1,19.0,1.0,0,1.0,3,1,3,  ,0,0.0,0,0,1,0,0,0,0,0,0,0,0,0,0,0,0,1,0
9906,2008089765,1418.0,1415.0,2,2208,40.5418,-79.8145,0,0,0,0,0,1,4,8,2008,1,14.0,1.0,0,1.0,3,2,3,  ,0,0.0,0,0,1,0,0,1,0,0,0,0,0,0,0,0,0,0,0
9907,2008089806,720.0,716.0,46,46103,40.2873,-75.3118,0,0,0,0,0,0,4,8,2008,2,7.0,1.0,0,1.0,3,2,3,  ,3,3.0,1,0,1,0,0,0,0,0,0,0,0,0,0,0,0,0,0
9908,2008089905,1533.0,1503.0,50,50220,40.4586,-76.9717,0,1,0,0,0,1,4,7,2008,3,15.0,1.0,0,1.0,1,0,3,  ,0,0.0,0,0,1,0,0,0,0,0,0,0,0,0,0,0,0,0,0
9909,2008090007,1044.0,1038.0,25,25221,41.9549,-79.6415,0,0,0,0,0,0,8,7,2008,4,10.0,1.0,0,1.0,1,0,3,  ,0,0.0,0,0,0,0,0,1,0,0,0,0,0,0,0,0,0,0,0
9910,2008090008,1352.0,1351.0,60,60209,41.5019,-79.8843,0,0,0,0,0,0,1,7,2008,2,12.0,1.0,0,1.0,1,0,3,  ,0,0.0,1,0,0,0,0,0,0,0,0,0,0,0,0,0,0,0,0
9911,2008090132,2019.0,2018.0,48,48302,40.6889,-75.2262,0,0,0,0,0,0,5,7,2008,5,19.0,1.0,0,1.0,3,1,3,  ,3,3.0,0,0,0,0,0,0,0,0,0,0,0,0,0,0,0,0,0
9912,2008090178,1640.0,1635.0,46,46111,40.1284,-75.3711,0,0,0,0,0,0,4,8,2008,1,16.0,1.0,0,1.0,3,2,3,  ,3,3.0,0,0,1,0,0,0,0,0,0,0,0,0,0,0,0,0,0
9913,2008090209,1533.0,1503.0,50,50220,40.4586,-76.9717,0,1,0,0,0,1,4,7,2008,3,15.0,1.0,0,1.0,1,0,3,  ,0,0.0,0,0,1,0,0,0,0,0,0,0,0,0,0,0,0,0,0
9914,2008090274,1335.0,1332.0,38,38406,,,0,0,0,0,0,0,4,8,2008,2,13.0,1.0,0,1.0,3,1,3,  ,0,0.0,0,0,1,0,0,0,0,0,0,0,0,0,0,0,0,0,0
9915,2008090427,1805.0,1801.0,2,2108,40.6079,-80.0161,0,0,0,0,0,0,4,8,2008,6,18.0,1.0,0,1.0,3,10,3,  ,0,0.0,1,0,1,0,0,0,0,0,0,0,0,0,0,0,0,0,1
9916,2008090436,912.0,911.0,2,2215,,,0,0,0,0,0,1,4,8,2008,4,9.0,1.0,0,1.0,3,10,3,  ,0,0.0,1,0,1,0,0,0,0,0,0,0,1,0,0,0,0,0,0
9917,2008090695,1610.0,1609.0,23,23402,39.8645,-75.3941,0,0,0,0,0,1,4,8,2008,3,16.0,1.0,7,1.0,3,0,3,  ,3,3.0,0,0,1,0,0,0,0,0,0,0,0,0,0,0,0,0,0
9918,2008090752,1719.0,1713.0,14,14202,40.9453,-77.7798,0,0,0,0,0,0,5,8,2008,4,17.0,1.0,0,1.0,1,0,3,  ,0,0.0,0,0,0,0,0,0,0,0,0,0,0,0,0,0,0,0,0
9919,2008090841,1513.0,1509.0,15,15236,40.0623,-75.4894,0,0,0,1,0,0,4,7,2008,3,15.0,1.0,0,1.0,1,0,3,  ,0,0.0,1,0,1,0,0,0,0,0,0,0,1,0,0,0,0,0,0
9920,2008090843,1336.0,1332.0,40,40211,41.1638,-75.878,0,0,0,0,0,1,4,7,2008,7,13.0,1.0,0,1.0,1,0,3,  ,0,0.0,0,0,1,0,0,0,0,0,0,0,0,0,0,0,0,0,0
9921,2008090851,1559.0,1553.0,66,66227,39.9731,-76.6929,0,0,0,0,0,0,4,6,2008,2,15.0,1.0,2,1.0,3,7,3,  ,4,3.0,0,0,1,0,0,0,0,0,0,0,0,0,0,0,0,0,0
9922,2008090855,1052.0,1050.0,25,25404,41.8764,-80.1361,0,0,0,0,0,1,4,7,2008,3,10.0,1.0,7,1.0,2,0,3,  ,8,3.0,1,0,1,0,0,0,0,0,0,0,0,0,0,0,0,0,0
9923,2008091049,1317.0,1312.0,42,42301,41.9619,-78.6354,0,0,0,0,0,0,2,7,2008,3,13.0,1.0,0,1.0,2,1,3,  ,3,3.0,0,0,0,0,0,0,0,0,0,0,0,0,0,0,0,0,0
9924,2008091215,733.0,734.0,46,46107,40.1069,-75.3256,0,0,0,0,1,0,4,8,2008,6,7.0,1.0,0,1.0,3,0,3,  ,3,3.0,0,0,1,0,0,0,0,0,0,0,0,0,0,0,0,0,0
9925,2008091412,2025.0,2017.0,26,26218,39.8807,-79.7336,0,0,0,0,0,0,1,8,2008,3,20.0,4.0,0,1.0,1,0,3,  ,0,0.0,0,0,0,0,0,0,0,0,0,0,0,0,0,0,0,0,0
9926,2008091478,1855.0,1841.0,2,2212,40.6607,-80.1256,0,0,0,0,0,0,4,8,2008,6,18.0,1.0,0,2.0,3,2,3,  ,3,3.0,0,0,1,0,0,0,0,0,0,0,0,0,0,0,0,0,0
9927,2008091610,1708.0,1641.0,45,45202,40.9334,-75.4089,0,1,0,0,0,0,8,8,2008,6,16.0,1.0,0,9.0,1,2,3,  ,0,0.0,0,0,0,0,0,1,0,0,0,0,0,0,0,0,0,0,1
9928,2008091733,1435.0,1434.0,22,22301,40.2593,-76.8843,0,0,0,0,0,0,4,8,2008,2,14.0,1.0,0,1.0,3,1,3,  ,0,0.0,0,0,1,0,0,1,0,0,0,0,0,0,0,0,0,0,0
9929,2008091737,2025.0,2021.0,22,22101,40.2835,-76.8573,0,0,0,0,0,0,4,8,2008,1,20.0,4.0,0,1.0,3,1,3,  ,0,0.0,0,0,1,0,0,0,0,0,0,0,0,0,0,0,0,0,0
9930,2008091804,1617.0,1616.0,9,9218,40.2089,-75.0081,0,0,0,0,0,0,4,8,2008,2,16.0,1.0,0,1.0,3,2,3,  ,3,3.0,1,0,1,0,0,0,0,0,0,0,0,0,1,0,0,1,0
9931,2008092004,1606.0,1553.0,21,21213,40.1295,-77.1742,0,0,0,0,0,0,2,8,2008,1,15.0,1.0,0,1.0,1,1,3,  ,3,3.0,1,0,0,0,0,0,0,0,0,0,0,0,0,0,0,1,0
9932,2008092138,1716.0,1715.0,21,21404,40.2109,-77.0068,0,0,0,0,0,0,4,8,2008,3,17.0,1.0,0,1.0,3,0,3,  ,0,0.0,0,0,1,0,0,0,0,0,0,0,0,0,0,0,0,0,0
9933,2008092237,1718.0,1714.0,4,4215,40.7262,-80.293,0,0,0,0,1,0,4,8,2008,2,17.0,1.0,0,1.0,3,2,3,  ,0,0.0,0,0,1,0,0,0,0,0,0,0,0,0,0,0,0,0,0
9934,2008092286,1733.0,1718.0,35,35207,41.5982,-75.4841,0,0,0,0,0,0,4,8,2008,1,17.0,1.0,0,1.0,1,0,3,  ,0,0.0,0,0,1,0,0,0,0,0,0,0,0,0,0,0,0,1,0
9935,2008092321,1204.0,1203.0,61,61301,41.8496,-79.1466,0,0,0,0,1,0,4,8,2008,4,12.0,1.0,0,1.0,2,1,3,  ,2,3.0,0,0,1,0,0,0,0,0,0,0,0,0,0,0,0,0,0
9936,2008092355,918.0,911.0,2,2407,40.3048,-80.0665,0,0,0,0,0,0,4,8,2008,7,9.0,1.0,0,1.0,3,0,3,  ,0,0.0,1,0,1,0,0,0,0,0,0,0,0,0,0,0,0,0,0
9937,2008092365,1237.0,1232.0,46,46104,40.0115,-75.2425,0,0,0,0,0,0,4,8,2008,7,12.0,1.0,0,9.0,3,1,7,  ,2,3.0,1,0,1,0,0,0,0,0,0,0,0,0,0,0,0,0,0
9938,2008092454,1205.0,1205.0,22,22202,40.2682,-76.6741,0,0,0,0,0,0,4,7,2008,5,12.0,1.0,0,1.0,3,1,3,  ,2,3.0,0,0,1,0,0,0,0,0,0,0,0,0,0,0,0,0,1
9939,2008092475,1823.0,1823.0,46,46222,40.1448,-75.4676,0,0,0,0,0,0,6,7,2008,5,18.0,1.0,0,1.0,3,2,3,  ,3,3.0,1,0,0,0,0,0,0,0,0,0,0,0,0,0,0,0,0
9940,2008092496,1356.0,1354.0,38,38301,40.3488,-76.4322,0,0,0,0,0,1,5,7,2008,2,13.0,1.0,0,1.0,2,0,3,  ,0,0.0,0,0,0,0,0,1,0,0,0,0,0,0,0,0,0,1,0
9941,2008092501,1726.0,1723.0,25,25213,42.0822,-80.1206,0,0,0,0,0,1,5,7,2008,2,17.0,1.0,0,1.0,3,0,3,  ,0,0.0,0,0,0,0,0,1,0,0,0,0,0,0,0,0,0,1,0
9942,2008092510,1652.0,1651.0,23,23102,39.895,-75.2735,0,0,0,0,0,0,4,8,2008,2,16.0,1.0,0,1.0,3,0,3,  ,0,0.0,0,0,1,0,0,0,0,0,0,0,0,0,0,0,0,0,0
9943,2008092637,2053.0,2051.0,39,39302,40.6252,-75.3909,0,0,0,0,0,0,4,8,2008,6,20.0,3.0,0,1.0,3,1,3,  ,3,3.0,0,0,1,0,0,0,0,0,0,0,0,0,0,0,0,0,0
9944,2008092644,1510.0,1509.0,46,46101,40.1231,-75.1181,0,0,0,0,0,0,5,8,2008,1,15.0,1.0,0,1.0,3,0,3,  ,0,0.0,0,0,0,0,0,0,0,0,0,0,0,0,0,0,0,0,0
9945,2008092716,1412.0,1408.0,36,36234,40.0843,-76.2239,0,0,0,0,0,0,4,8,2008,3,14.0,1.0,7,1.0,1,1,3,  ,2,3.0,0,0,1,0,0,0,0,0,0,0,0,0,0,0,0,1,0
9946,2008092722,2136.0,2135.0,6,6301,40.3383,-75.9161,0,0,0,0,0,0,4,7,2008,5,21.0,3.0,0,1.0,3,1,3,  ,2,3.0,0,0,1,0,0,0,0,0,0,0,0,0,0,0,0,0,0
9947,2008092732,1915.0,1915.0,25,25302,42.1244,-80.0924,0,0,0,0,0,1,4,7,2008,2,19.0,1.0,0,1.0,3,1,3,  ,2,3.0,0,0,1,0,0,0,0,0,0,0,0,0,0,0,0,0,0
9948,2008092745,801.0,749.0,46,46113,40.2103,-75.321,0,0,0,0,0,0,2,8,2008,3,7.0,1.0,0,1.0,3,0,3,  ,0,0.0,0,0,0,0,0,1,0,0,0,0,0,0,0,0,0,0,0
9949,2008092803,2207.0,2207.0,46,46101,40.1372,-75.1212,0,0,0,0,0,1,4,7,2008,2,22.0,3.0,0,1.0,3,1,3,  ,2,3.0,0,0,1,0,0,0,0,0,0,0,0,0,0,0,0,0,0
9950,2008092805,1902.0,1858.0,46,46101,40.1149,-75.1595,0,0,0,0,0,0,4,7,2008,3,18.0,1.0,0,1.0,3,0,3,  ,0,0.0,0,0,1,0,0,0,0,0,0,0,0,0,0,0,0,0,0
9951,2008092939,1538.0,1535.0,36,36301,40.0651,-76.342,0,0,0,0,1,0,5,8,2008,6,17.0,1.0,7,1.0,3,0,3,  ,0,0.0,0,0,0,0,0,0,0,0,0,0,0,0,0,0,0,0,0
9952,2008092949,1635.0,1633.0,36,36301,40.0368,-76.3011,0,0,0,0,0,0,4,7,2008,5,16.0,1.0,0,1.0,3,0,3,  ,0,0.0,0,0,1,0,0,0,0,0,0,0,0,0,0,0,0,0,0
9953,2008092962,2030.0,2030.0,46,46413,40.1208,-75.3407,0,0,0,0,0,0,4,8,2008,7,20.0,3.0,0,1.0,3,5,3,  ,2,3.0,1,0,1,0,0,0,0,0,0,0,0,0,0,0,0,0,0
9954,2008092964,1625.0,1620.0,46,46413,40.1239,-75.3416,0,0,0,0,0,0,4,8,2008,2,13.0,1.0,0,1.0,3,1,3,  ,0,0.0,0,0,1,0,0,0,0,0,0,0,0,0,0,0,0,0,1
9955,2008093052,1737.0,1736.0,38,38301,40.3472,-76.4115,0,0,0,0,0,0,4,8,2008,3,17.0,1.0,0,1.0,2,2,3,  ,3,3.0,0,0,1,0,0,1,0,0,0,0,0,0,0,0,0,0,1
9956,2008093163,1652.0,1648.0,2,2111,40.3998,-79.8256,0,1,0,0,0,1,5,8,2008,5,16.0,1.0,0,1.0,3,10,3,  ,0,0.0,0,0,0,0,0,1,0,0,0,0,0,0,0,0,0,0,1
9957,2008093165,1720.0,1713.0,36,36237,40.1419,-76.6114,0,0,0,0,1,0,4,8,2008,5,17.0,1.0,0,1.0,1,0,3,  ,0,0.0,0,0,1,0,0,0,0,0,0,0,0,0,0,0,0,0,0
9958,2008093223,1807.0,1804.0,46,46411,40.2573,-75.2838,0,0,0,0,0,0,4,8,2008,3,18.0,1.0,0,1.0,3,0,3,  ,0,0.0,0,0,1,0,0,0,0,0,0,0,0,0,0,0,0,0,0
9959,2008093239,1333.0,1331.0,46,46413,40.1212,-75.3417,0,0,0,0,1,0,2,8,2008,3,13.0,1.0,0,1.0,3,1,3,  ,0,0.0,0,0,0,0,0,0,0,0,0,0,0,0,0,0,0,0,0
9960,2008093255,1532.0,1529.0,66,66301,39.9589,-76.7237,0,0,0,0,0,0,4,8,2008,5,15.0,1.0,0,1.0,3,1,3,  ,2,3.0,0,0,1,0,0,0,0,0,0,0,0,0,0,0,0,0,0
9961,2008093367,1939.0,1931.0,25,25210,42.1564,-79.9933,0,0,0,0,0,1,2,7,2008,3,19.0,1.0,0,1.0,1,0,3,  ,0,0.0,0,0,0,0,0,0,0,0,0,0,0,0,0,0,0,0,0
9962,2008093460,823.0,823.0,35,35415,41.4398,-75.5847,0,1,0,0,0,0,4,8,2008,6,8.0,1.0,2,1.0,3,2,3,  ,0,0.0,1,0,1,0,0,1,0,0,1,0,0,0,0,0,0,0,0
9963,2008093474,1634.0,1629.0,7,7301,40.5153,-78.4144,0,0,0,0,0,0,9,8,2008,4,16.0,1.0,0,1.0,3,0,3,  ,0,0.0,0,0,0,0,0,0,0,0,0,0,0,0,0,0,0,0,0
9964,2008093545,1831.0,1828.0,38,38401,40.3388,-76.473,0,0,0,0,0,0,2,8,2008,7,18.0,1.0,0,1.0,1,2,3,  ,0,0.0,0,0,0,0,0,0,0,0,0,0,0,0,0,0,0,1,0
9965,2008093649,1646.0,1643.0,11,11301,40.3529,-78.9482,0,0,0,0,0,0,4,8,2008,6,16.0,1.0,0,1.0,3,1,3,  ,3,9.0,0,0,1,0,0,0,0,0,0,0,0,0,0,0,0,1,0
9966,2008093931,1752.0,1750.0,21,21402,40.2098,-77.1976,0,0,0,0,0,0,4,8,2008,4,17.0,1.0,0,1.0,2,1,3,  ,1,3.0,0,0,1,0,0,0,0,0,0,0,0,0,0,0,0,1,0
9967,2008094067,1213.0,1157.0,10,10205,40.9015,-79.9121,0,0,0,0,0,0,4,8,2008,1,11.0,1.0,0,1.0,1,0,3,  ,0,0.0,0,0,1,0,0,0,0,0,0,0,0,0,0,0,0,0,0
9968,2008094335,712.0,707.0,23,23427,39.9303,-75.2693,0,0,0,0,0,0,4,4,2008,1,7.0,1.0,0,9.0,3,1,7,  ,1,3.0,0,0,1,0,0,0,0,0,0,0,0,0,0,0,0,0,0
9969,2008094429,1439.0,1437.0,35,35407,41.4208,-75.6284,0,0,0,0,0,0,4,8,2008,3,14.0,1.0,0,1.0,3,1,3,  ,3,3.0,0,0,1,0,0,0,0,0,0,0,0,0,0,0,0,0,0
9970,2008094436,1115.0,1105.0,23,23111,39.9489,-75.2525,0,0,0,0,0,1,6,7,2008,4,11.0,1.0,0,1.0,3,0,3,  ,0,0.0,0,0,0,0,0,0,0,0,0,0,0,0,0,0,0,0,0
9971,2008094443,1507.0,1505.0,39,39302,40.6205,-75.3991,0,0,0,0,0,0,2,8,2008,2,15.0,1.0,0,1.0,3,1,3,  ,3,3.0,1,0,0,0,0,0,0,0,0,0,0,0,0,0,0,0,0
9972,2008094459,1142.0,1138.0,2,2301,,,0,0,0,0,1,0,4,8,2008,1,11.0,1.0,0,1.0,3,1,3,  ,0,0.0,0,0,1,0,0,0,0,0,0,0,0,0,0,0,0,0,0
9973,2008094461,1510.0,1505.0,38,38301,40.341,-76.4301,0,0,0,0,0,0,4,8,2008,4,15.0,1.0,0,1.0,2,0,3,  ,0,0.0,0,0,1,0,0,0,0,0,0,0,0,0,0,0,0,0,1
9974,2008094695,1810.0,1805.0,23,23427,39.9197,-75.248,0,0,0,0,0,1,4,6,2008,7,18.0,1.0,0,1.0,3,0,3,  ,0,0.0,0,0,1,0,0,0,0,0,0,0,0,0,0,0,0,0,0
9975,2008094715,1123.0,1115.0,64,64304,40.1582,-79.8861,0,0,0,0,0,0,2,8,2008,1,11.0,1.0,0,1.0,3,3,3,  ,0,0.0,0,0,0,0,0,0,0,0,0,0,0,0,0,0,0,0,0
9976,2008094782,1827.0,1823.0,66,66301,39.9603,-76.7347,0,0,0,0,0,0,4,8,2008,4,18.0,1.0,0,1.0,3,1,3,  ,2,3.0,1,0,1,0,0,0,0,0,0,0,0,0,0,0,0,0,0
9977,2008094801,1952.0,1950.0,67,67301,39.9295,-75.1703,0,0,0,0,0,0,4,8,2008,2,19.0,4.0,0,1.0,3,2,3,  ,3,3.0,0,0,1,0,0,0,0,0,0,0,0,0,0,0,0,0,0
9978,2008094805,735.0,730.0,67,67301,,,0,0,0,0,0,0,4,6,2008,4,7.0,1.0,7,9.0,3,0,3,  ,0,0.0,0,0,1,0,0,0,0,0,0,0,0,0,0,0,0,0,0
9979,2008094814,1454.0,1450.0,67,67301,39.9432,-75.1537,0,0,0,0,0,0,4,7,2008,3,14.0,1.0,0,1.0,3,2,3,  ,2,9.0,0,0,1,0,0,0,0,0,0,0,0,0,0,0,0,0,0
9980,2008094819,1650.0,1640.0,67,67301,40.003,-75.1639,0,0,0,0,1,0,5,8,2008,2,15.0,1.0,0,1.0,3,0,3,  ,0,0.0,0,0,0,0,0,0,0,0,0,0,0,0,0,0,0,0,0
9981,2008094820,1158.0,1151.0,67,67301,39.936,-75.1689,0,0,0,0,0,0,4,8,2008,5,11.0,1.0,0,1.0,3,1,3,  ,0,0.0,0,0,1,0,0,0,0,0,0,0,0,0,0,0,0,1,0
9982,2008094823,1412.0,1411.0,46,46416,40.2457,-75.6382,0,0,0,0,0,0,2,8,2008,1,14.0,1.0,0,1.0,2,1,3,  ,0,0.0,0,0,0,0,0,0,0,0,0,0,0,0,0,0,0,0,1
9983,2008094831,1530.0,1530.0,67,67301,39.9239,-75.1855,0,0,0,0,0,0,4,7,2008,7,15.0,1.0,0,1.0,3,1,3,  ,0,0.0,0,0,1,0,0,0,0,0,0,0,0,0,0,0,0,0,0
9984,2008094835,1402.0,1356.0,67,67301,39.9549,-75.1446,0,0,0,0,1,0,5,6,2008,3,13.0,1.0,0,1.0,3,0,3,  ,0,0.0,0,0,0,0,0,0,0,0,0,0,0,0,0,0,0,0,0
9985,2008094836,1645.0,1630.0,67,67301,40.0218,-75.2075,0,0,0,0,1,0,6,6,2008,1,16.0,1.0,0,1.0,3,1,3,  ,3,9.0,0,0,0,0,0,0,0,0,0,0,0,0,0,0,0,0,0
9986,2008094840,752.0,751.0,67,67301,39.9626,-75.163,0,0,0,0,0,0,4,6,2008,5,7.0,1.0,0,1.0,3,1,3,  ,2,3.0,0,0,1,0,0,0,0,0,0,0,0,0,0,0,0,0,0
9987,2008094857,606.0,603.0,67,67301,39.9447,-75.1809,0,0,0,0,0,0,4,8,2008,2,6.0,1.0,0,1.0,3,1,3,  ,2,3.0,0,0,1,0,0,0,0,0,0,0,0,0,0,0,0,0,0
9988,2008094860,1220.0,1218.0,67,67301,40.0431,-75.2272,0,0,0,0,0,0,4,6,2008,1,12.0,1.0,0,1.0,3,2,3,  ,0,0.0,0,0,1,0,0,0,0,0,0,0,0,0,0,0,0,0,0
9989,2008095048,852.0,850.0,67,67301,39.9591,-75.1723,0,0,0,0,0,0,4,6,2008,5,8.0,1.0,0,1.0,3,1,3,  ,2,3.0,0,0,1,0,0,0,0,0,0,0,0,0,0,0,0,0,0
9990,2008095049,2008.0,2007.0,23,23301,39.8511,-75.3719,0,0,0,0,0,0,8,8,2008,5,20.0,4.0,0,1.0,3,0,3,  ,0,0.0,0,0,0,0,0,0,0,0,0,0,0,0,0,0,0,0,0
9991,2008095050,1701.0,1657.0,22,22202,40.2778,-76.6612,0,0,0,0,0,0,4,8,2008,4,16.0,1.0,0,1.0,3,1,3,  ,3,3.0,0,0,1,0,0,0,0,0,0,0,0,0,0,0,0,0,0
9992,2008095235,1338.0,1330.0,67,67301,39.9577,-75.1624,0,0,0,0,0,0,4,6,2008,2,13.0,1.0,0,1.0,3,2,3,  ,2,3.0,0,0,1,0,0,0,0,0,0,0,0,0,0,0,0,0,1
9993,2008095237,2139.0,2132.0,67,67301,39.9915,-75.1351,0,0,0,0,0,0,4,7,2008,5,21.0,3.0,0,1.0,3,0,3,  ,0,0.0,1,0,1,0,0,0,0,0,0,0,1,1,0,1,0,0,0
9994,2008095254,2015.0,2009.0,2,2116,40.5525,-79.9984,0,0,0,0,0,0,8,8,2008,5,20.0,3.0,0,9.0,3,1,7,  ,2,3.0,0,0,0,0,0,0,0,0,0,0,0,0,0,0,0,0,0
9995,2008095263,2131.0,2131.0,25,25302,42.1185,-80.0779,0,0,0,0,0,0,4,8,2008,7,21.0,3.0,0,1.0,3,1,3,  ,2,3.0,0,1,1,0,0,0,0,0,0,0,0,0,0,0,0,0,0
9996,2008095278,1047.0,1042.0,67,67301,40.0223,-75.2184,0,0,0,0,0,0,5,8,2008,1,10.0,1.0,0,1.0,3,0,3,  ,0,0.0,0,0,0,0,0,0,0,0,0,0,0,0,0,0,0,0,0
9997,2008095284,1733.0,1730.0,67,67301,39.9488,-75.215,0,0,0,0,0,0,4,6,2008,7,17.0,1.0,0,1.0,3,3,3,  ,2,3.0,0,0,1,0,0,0,0,0,0,0,0,0,0,0,0,0,1
9998,2008095303,1430.0,1425.0,67,67301,39.9513,-75.1672,0,0,0,0,0,0,7,7,2008,3,14.0,1.0,0,1.0,3,0,3,  ,0,0.0,0,0,0,0,0,0,0,0,0,0,0,0,0,0,0,1,0
9999,2008095307,1410.0,1409.0,67,67301,39.9211,-75.1537,0,0,0,0,0,0,2,7,2008,6,4.0,5.0,0,1.0,3,1,3,  ,3,3.0,0,0,0,0,0,0,0,0,0,0,0,0,0,0,0,1,0
10000,2008095347,2050.0,2050.0,67,67301,39.9969,-75.1291,0,0,0,0,1,0,4,6,2008,2,20.0,6.0,0,1.0,3,2,3,  ,3,3.0,0,0,1,1,0,1,0,0,0,0,0,0,0,0,0,0,0
10001,2008095449,2025.0,2019.0,67,67301,39.9737,-75.2123,0,1,0,0,0,0,5,6,2008,6,8.0,1.0,0,1.0,3,0,3,  ,0,0.0,0,0,0,0,0,0,0,0,0,0,0,0,0,0,0,0,0
10002,2008095451,2026.0,2025.0,67,67301,39.9633,-75.1885,0,0,0,0,0,0,4,6,2008,3,20.0,1.0,0,1.0,3,1,3,  ,2,3.0,0,0,1,0,0,0,0,0,0,0,0,0,0,0,0,1,0
10003,2008095456,1635.0,1626.0,67,67301,39.9929,-75.0981,0,0,0,0,1,0,4,7,2008,5,15.0,1.0,7,1.0,3,0,3,  ,0,0.0,1,0,1,0,0,0,0,0,0,0,0,0,0,0,0,0,0
10004,2008095481,1718.0,1718.0,6,6301,40.3122,-75.9239,0,0,0,0,0,0,4,8,2008,3,17.0,1.0,0,1.0,3,0,3,  ,0,0.0,0,0,1,0,0,0,0,0,1,0,0,0,0,0,0,0,0
10005,2008095502,2150.0,2147.0,25,25302,42.1161,-80.0763,0,0,0,0,0,0,4,8,2008,5,21.0,3.0,0,1.0,3,1,3,  ,2,3.0,0,0,1,0,0,0,0,0,0,0,0,0,0,0,0,0,0
10006,2008095503,2340.0,2338.0,25,25302,42.1296,-80.0748,0,0,0,0,0,0,8,8,2008,2,23.0,3.0,0,1.0,3,1,3,  ,2,3.0,0,0,0,0,0,0,0,0,0,0,0,0,0,0,0,0,0
10007,2008095518,1821.0,1818.0,14,14204,40.7848,-77.83,0,0,0,0,0,0,4,8,2008,5,18.0,1.0,0,1.0,3,1,3,  ,2,3.0,1,0,1,0,0,0,0,0,0,0,0,0,0,0,0,0,0
10008,2008095550,1650.0,1646.0,67,67301,39.9255,-75.156,0,0,0,0,0,0,4,6,2008,1,16.0,1.0,0,1.0,3,1,3,  ,3,3.0,1,0,1,0,0,0,0,0,0,0,0,0,0,0,0,0,0
10009,2008095580,1218.0,1208.0,67,67301,40.0546,-75.1479,0,0,0,0,0,0,4,6,2008,3,12.0,1.0,7,1.0,3,0,3,  ,0,0.0,0,0,1,0,0,0,0,0,0,0,0,0,0,0,0,0,0
10010,2008095581,855.0,845.0,67,67301,39.9585,-75.169,0,0,0,0,0,0,5,7,2008,3,8.0,1.0,0,1.0,3,0,3,  ,0,0.0,0,0,0,0,0,0,0,0,0,0,0,0,0,0,0,0,0
10011,2008095583,1630.0,1622.0,67,67301,40.0156,-75.1364,0,0,0,0,0,0,4,6,2008,2,16.0,1.0,0,1.0,3,0,3,  ,0,0.0,0,0,1,0,0,0,0,0,0,0,0,0,0,0,0,0,0
10012,2008095584,1810.0,1800.0,67,67301,39.9948,-75.1155,0,0,0,0,0,1,4,6,2008,1,99.0,1.0,0,1.0,3,1,3,  ,3,3.0,1,0,1,0,0,0,0,0,0,0,0,0,0,0,0,0,0
10013,2008095602,2345.0,2343.0,67,67301,39.9985,-75.1293,0,0,0,0,0,0,4,6,2008,2,23.0,3.0,0,1.0,3,1,3,  ,2,3.0,0,0,1,0,0,1,0,0,0,0,0,0,0,0,0,0,0