,CRN,ARRIVAL_TM,DISPATCH_TM,COUNTY,MUNICIPALITY,DEC_LAT,DEC_LONG,BICYCLE_DEATH_COUNT,BICYCLE_SUSP_SERIOUS_INJ_COUNT,BUS_COUNT,HEAVY_TRUCK_COUNT,SMALL_TRUCK_COUNT,SUV_COUNT,COLLISION_TYPE,CRASH_MONTH,CRASH_YEAR,DAY_OF_WEEK,HOUR_OF_DAY,ILLUMINATION,LOCATION_TYPE,ROAD_CONDITION,URBAN_RURAL,INTERSECT_TYPE,WEATHER1,WEATHER2,TCD_TYPE,TCD_FUNC_CD,AGGRESSIVE_DRIVING,ALCOHOL_RELATED,ANGLE_CRASH,CELL_PHONE,COMM_VEHICLE,DISTRACTED,DRINKING_DRIVER,DRUGGED_DRIVER,FATIGUE_ASLEEP,IMPAIRED_DRIVER,NHTSA_AGG_DRIVING,RUNNING_RED_LT,RUNNING_STOP_SIGN,SPEEDING_RELATED,TAILGATING,MATURE_DRIVER,YOUNG_DRIVER
10014,2008095612,1558.0,1555.0,14,14410,40.7852,-77.8368,0,0,0,1,0,0,4,8,2008,3,15.0,1.0,0,9.0,3,1,3,  ,2,3.0,0,0,1,0,1,0,0,0,0,0,0,0,0,0,0,0,0
10015,2008095648,1556.0,1552.0,2,2301,40.4364,-80.0011,0,0,0,0,0,1,4,8,2008,7,15.0,1.0,2,1.0,3,1,3,  ,2,3.0,1,0,1,0,0,0,0,0,0,0,0,0,0,0,0,0,0
10016,2008095656,1057.0,1057.0,9,9101,40.141,-74.8747,0,0,0,0,0,0,4,8,2008,3,10.0,1.0,0,1.0,3,1,3,  ,2,3.0,0,0,1,0,0,0,0,0,0,0,0,0,0,0,0,0,1
10017,2008095667,1532.0,1532.0,36,36301,40.0413,-76.3042,0,0,0,0,0,0,4,8,2008,2,15.0,1.0,0,1.0,3,1,3,  ,2,3.0,1,0,1,0,0,0,0,0,0,0,0,0,0,0,0,0,0
10018,2008095668,1503.0,1503.0,36,36301,40.0408,-76.309,0,0,0,0,0,0,4,8,2008,3,15.0,1.0,0,1.0,3,1,3,  ,3,3.0,1,0,1,0,0,0,0,0,0,0,0,0,0,0,0,1,0
10019,2008095670,1240.0,1235.0,67,67301,39.937,-75.167,0,0,0,0,0,0,5,7,2008,7,12.0,1.0,0,1.0,3,0,3,  ,0,0.0,0,0,0,0,0,0,0,0,0,0,0,0,0,0,0,0,0
10020,2008095680,1825.0,1823.0,67,67301,40.001,-75.1001,0,0,0,0,0,0,4,7,2008,2,18.0,1.0,0,1.0,3,1,3,  ,2,3.0,0,0,1,0,0,0,0,0,0,0,0,0,0,0,0,0,0
10021,2008095684,1802.0,1800.0,67,67301,40.0201,-75.1378,0,0,0,0,0,1,4,7,2008,4,18.0,4.0,0,9.0,3,1,7,  ,3,3.0,0,0,1,0,0,0,0,0,0,0,0,0,0,0,0,0,0
10022,2008095685,2032.0,2032.0,67,67301,39.996,-75.1339,0,0,0,0,0,0,4,6,2008,7,20.0,3.0,0,9.0,3,1,7,  ,2,3.0,1,0,1,0,0,0,0,0,0,0,0,0,0,0,0,0,0
10023,2008095686,2000.0,2000.0,67,67301,,,0,0,0,0,0,1,8,7,2008,4,20.0,1.0,0,1.0,3,0,3,  ,0,0.0,0,0,0,0,0,0,0,0,0,0,0,0,0,0,0,0,1
10024,2008095697,2214.0,2209.0,67,67301,40.0598,-75.0662,0,0,0,0,0,0,4,6,2008,5,22.0,3.0,0,1.0,3,1,3,  ,3,3.0,1,0,1,0,0,0,0,0,0,0,0,0,0,0,0,0,0
10025,2008095704,2300.0,2255.0,67,67301,40.006,-75.1766,0,0,0,0,0,0,4,6,2008,3,99.0,3.0,0,1.0,3,1,3,  ,2,2.0,1,0,1,0,0,0,0,0,0,0,0,0,0,1,0,0,0
10026,2008095710,1544.0,1542.0,67,67301,40.0345,-75.2345,0,0,0,0,0,0,8,6,2008,3,15.0,1.0,7,1.0,3,0,3,  ,0,0.0,1,0,0,0,0,0,0,0,0,0,0,0,0,0,0,0,0
10027,2008095720,1240.0,1231.0,67,67301,40.0257,-75.1251,0,0,0,0,0,0,6,8,2008,7,99.0,1.0,0,1.0,3,1,3,  ,0,0.0,0,0,0,0,0,0,0,0,0,0,0,0,0,0,0,0,0
10028,2008095721,1916.0,1915.0,67,67301,40.0365,-75.0803,0,0,0,0,0,0,4,6,2008,3,9.0,1.0,0,1.0,3,1,3,  ,2,3.0,0,0,1,0,0,0,0,0,0,0,0,0,0,0,0,0,0
10029,2008095722,1529.0,1524.0,67,67301,39.989,-75.1404,0,0,0,0,0,0,4,8,2008,1,15.0,1.0,0,1.0,3,1,3,  ,3,3.0,0,0,1,0,0,0,0,0,0,0,0,0,0,0,0,0,0
10030,2008095792,1526.0,1505.0,64,64435,40.2354,-79.5825,0,0,0,0,0,0,4,8,2008,1,15.0,1.0,0,1.0,3,0,3,  ,0,0.0,0,0,1,0,0,0,0,0,0,0,0,0,0,0,0,0,1
10031,2008095892,1512.0,1511.0,40,40302,41.201,-75.9928,0,0,0,0,0,0,4,8,2008,2,15.0,1.0,0,1.0,3,1,3,  ,3,3.0,0,0,1,0,0,0,0,0,0,0,0,0,0,0,0,0,0
10032,2008095912,1634.0,1629.0,67,67301,39.9642,-75.2147,0,0,0,0,0,0,4,6,2008,2,16.0,1.0,0,1.0,3,2,3,  ,3,3.0,0,0,1,0,0,0,0,0,0,0,0,0,0,0,0,0,0
10033,2008095913,1835.0,1830.0,67,67301,40.0741,-75.0346,0,0,0,0,0,1,4,8,2008,6,17.0,1.0,0,1.0,3,0,3,  ,0,0.0,0,1,1,0,0,0,0,0,0,0,0,0,0,0,0,0,0
10034,2008095914,2000.0,1957.0,67,67301,39.9736,-75.2098,0,0,0,0,0,0,1,6,2008,1,19.0,1.0,0,1.0,3,2,3,  ,2,3.0,1,0,0,0,0,0,0,0,0,0,0,0,0,0,1,0,0
10035,2008095918,1425.0,1418.0,67,67301,39.9176,-75.1766,0,0,0,0,0,0,4,6,2008,6,14.0,1.0,0,1.0,3,0,3,  ,0,0.0,0,0,1,0,0,0,0,0,0,0,0,0,0,0,0,0,0
10036,2008095919,927.0,923.0,67,67301,39.9265,-75.1574,0,0,0,0,0,0,4,6,2008,4,9.0,1.0,0,1.0,3,1,3,  ,3,3.0,0,0,1,0,0,0,0,0,0,0,0,0,0,0,0,0,0
10037,2008095921,1931.0,1930.0,67,67301,40.0455,-75.1649,0,0,0,0,1,0,4,7,2008,5,19.0,1.0,0,1.0,3,1,3,  ,2,3.0,0,0,1,0,0,0,0,0,0,0,0,0,0,0,0,1,0
10038,2008096032,1500.0,1442.0,6,6215,40.5885,-75.8057,0,1,0,0,1,0,5,8,2008,4,14.0,1.0,0,1.0,1,1,3,  ,0,0.0,0,0,0,0,0,0,0,0,0,0,0,0,0,0,0,0,0
10039,2008096052,1658.0,1647.0,67,67301,39.9373,-75.1622,0,1,0,0,0,0,3,8,2008,5,18.0,1.0,0,1.0,3,0,3,  ,0,0.0,0,0,0,0,0,1,0,0,0,0,0,0,0,0,0,0,0
10040,2008096073,1730.0,1723.0,67,67301,40.0548,-75.1988,0,0,0,0,0,0,4,7,2008,3,17.0,1.0,0,1.0,3,1,3,  ,2,1.0,0,0,1,0,0,0,0,0,0,0,0,0,0,0,0,0,0
10041,2008096081,1607.0,1602.0,67,67301,39.9485,-75.1644,0,0,0,0,0,0,5,7,2008,5,14.0,1.0,0,1.0,3,0,3,  ,0,0.0,1,0,0,0,0,0,0,0,0,0,0,0,0,0,0,0,0
10042,2008096087,1616.0,1606.0,67,67301,39.9841,-75.1395,0,0,0,0,0,0,4,8,2008,6,16.0,1.0,0,1.0,3,1,3,  ,9,9.0,0,0,1,0,0,0,0,0,0,0,0,0,0,0,0,0,0
10043,2008096318,1805.0,1754.0,61,61301,41.8433,-79.15,0,0,0,0,0,1,1,8,2008,1,17.0,1.0,3,1.0,2,0,3,  ,0,0.0,1,0,0,0,0,0,0,0,0,0,0,0,0,0,1,0,0
10044,2008096331,1820.0,1815.0,6,6103,40.3063,-75.9502,0,0,0,0,0,0,4,8,2008,1,18.0,1.0,7,1.0,1,10,3,  ,0,0.0,0,0,1,0,0,0,0,0,0,0,0,0,0,0,0,0,0
10045,2008096358,1744.0,1722.0,61,61203,41.9409,-79.5874,0,1,0,0,1,0,4,8,2008,3,17.0,1.0,0,1.0,1,1,3,  ,3,3.0,0,0,1,0,0,0,0,0,0,0,0,0,0,0,0,0,0
10046,2008096384,840.0,840.0,22,22101,40.3047,-76.85,0,0,0,0,0,0,4,8,2008,4,12.0,1.0,0,1.0,3,1,3,  ,2,3.0,0,0,1,0,0,0,0,0,0,0,0,0,0,0,0,0,0
10047,2008096408,1740.0,1739.0,2,2420,40.5122,-80.1514,0,0,0,0,1,0,4,6,2008,4,17.0,1.0,0,1.0,3,2,3,  ,3,3.0,0,0,1,0,0,0,0,0,0,0,0,0,0,0,0,0,0
10048,2008096417,1527.0,1525.0,38,38101,40.3341,-76.4932,0,1,0,0,0,0,8,8,2008,3,15.0,1.0,0,1.0,2,0,3,  ,0,0.0,0,0,0,0,0,0,0,0,0,0,0,0,0,0,0,0,0
10049,2008096585,959.0,959.0,46,46224,40.1228,-75.2952,0,0,0,0,1,0,4,9,2008,3,9.0,1.0,0,1.0,3,0,3,  ,0,0.0,0,0,1,0,0,0,0,0,0,0,0,0,0,0,0,0,0
10050,2008096681,1819.0,1819.0,23,23103,39.9737,-75.3236,0,0,0,0,0,0,4,8,2008,4,17.0,1.0,0,1.0,3,2,3,  ,3,3.0,0,0,1,0,0,0,0,0,0,0,0,0,0,0,0,0,0
10051,2008096687,1845.0,1842.0,46,46104,40.0145,-75.249,0,0,0,0,0,0,4,8,2008,4,18.0,1.0,0,1.0,3,0,3,  ,0,0.0,0,0,1,0,0,0,0,0,0,0,0,0,0,0,0,0,0
10052,2008096787,828.0,824.0,59,59201,40.9674,-76.9056,0,0,0,0,0,0,4,8,2008,2,8.0,1.0,0,1.0,1,1,3,  ,0,0.0,1,0,1,0,0,0,0,0,0,0,0,0,0,0,0,0,0
10053,2008096983,1635.0,1633.0,9,9213,40.1724,-74.8819,0,0,0,0,1,0,4,8,2008,5,16.0,1.0,0,1.0,3,0,3,  ,3,3.0,0,0,1,0,0,0,0,0,0,0,0,0,0,0,0,0,0
10054,2008097028,1758.0,1752.0,26,26301,40.0162,-79.5879,0,0,0,0,0,0,4,9,2008,4,17.0,1.0,0,1.0,2,1,3,  ,3,3.0,0,0,1,0,0,0,0,0,0,0,0,0,0,0,0,0,0
10055,2008097178,2025.0,2023.0,36,36202,40.1881,-76.0182,1,1,0,0,0,0,2,4,2008,3,20.0,2.0,0,1.0,1,0,3,  ,0,0.0,1,0,0,0,0,0,0,0,0,0,0,0,0,1,0,0,0
10056,2008097196,2318.0,2300.0,40,40428,40.9578,-75.9967,0,0,0,0,0,0,6,8,2008,1,22.0,3.0,0,1.0,2,1,3,  ,3,3.0,1,0,0,0,0,0,0,0,0,0,0,0,0,0,0,0,0
10057,2008097279,1535.0,1530.0,66,66301,39.9713,-76.7318,0,0,0,0,1,0,4,9,2008,5,15.0,1.0,0,1.0,3,1,3,  ,2,3.0,0,0,1,0,0,0,0,0,0,0,0,0,0,0,0,1,0
10058,2008097404,824.0,819.0,67,67301,39.9879,-75.1822,0,0,0,0,0,0,4,7,2008,6,8.0,1.0,0,1.0,3,3,3,  ,2,3.0,0,0,1,0,0,0,0,0,0,0,0,0,0,0,0,0,0
10059,2008097405,1726.0,1725.0,67,67301,39.9893,-75.1548,0,0,0,0,0,0,4,7,2008,5,17.0,1.0,0,1.0,3,2,3,  ,3,3.0,0,0,1,0,0,0,0,0,0,0,0,0,0,0,0,0,0
10060,2008097408,1758.0,1753.0,67,67301,39.9366,-75.1752,0,0,0,0,0,0,4,7,2008,3,17.0,1.0,0,1.0,3,2,3,  ,3,3.0,1,0,1,0,0,0,0,0,0,0,0,0,0,0,0,0,0
10061,2008097409,1916.0,1914.0,67,67301,39.9324,-75.1745,0,0,0,0,0,0,4,7,2008,1,19.0,1.0,0,1.0,3,0,3,  ,0,0.0,0,0,1,0,0,0,0,0,0,0,0,0,0,0,0,0,0
10062,2008097411,911.0,911.0,2,2301,40.4379,-79.9911,0,0,0,0,0,0,4,8,2008,7,9.0,1.0,7,1.0,3,0,3,  ,0,0.0,0,0,1,0,0,0,0,0,0,0,0,0,0,0,0,0,0
10063,2008097431,724.0,724.0,67,67301,40.0221,-75.0579,0,0,0,0,0,0,4,7,2008,5,7.0,1.0,0,1.0,3,2,3,  ,0,0.0,0,0,1,0,0,0,0,0,0,0,0,0,0,0,0,0,0
10064,2008097441,2000.0,1947.0,67,67301,39.9895,-75.2305,0,0,0,0,0,0,4,7,2008,6,19.0,1.0,0,1.0,3,1,3,  ,3,3.0,0,0,1,0,0,1,0,0,0,0,0,0,0,0,0,0,0
10065,2008097444,910.0,903.0,67,67301,39.9535,-75.2385,0,0,0,0,0,0,4,7,2008,2,8.0,1.0,0,9.0,3,1,7,  ,3,3.0,0,0,1,0,0,0,0,0,0,0,0,0,0,0,0,0,0
10066,2008097447,1625.0,1622.0,67,67301,39.9398,-75.1641,0,0,0,0,0,1,4,7,2008,5,16.0,1.0,0,1.0,3,2,3,  ,3,3.0,1,0,1,0,0,0,0,0,0,0,1,0,1,0,0,0,0
10067,2008097454,2100.0,2058.0,67,67301,39.9542,-75.1698,0,0,0,0,0,0,4,7,2008,1,20.0,3.0,0,1.0,3,1,3,  ,2,3.0,0,0,1,0,0,0,0,0,0,0,0,0,0,0,0,0,0
10068,2008097456,1258.0,1256.0,67,67301,39.9777,-75.2264,0,0,0,0,0,0,4,7,2008,2,12.0,1.0,0,1.0,3,2,3,  ,3,3.0,0,0,1,0,0,0,0,0,0,0,0,0,0,0,0,0,0
10069,2008097463,209.0,211.0,67,67301,40.0277,-75.11,0,0,0,0,0,0,4,7,2008,3,2.0,3.0,2,1.0,3,1,3,  ,2,3.0,0,0,1,0,0,0,0,0,0,0,0,0,0,0,0,0,0
10070,2008097472,1138.0,1132.0,35,35302,41.4422,-75.6757,0,0,0,0,0,0,4,7,2008,5,11.0,1.0,0,1.0,3,1,3,  ,2,9.0,0,0,1,0,0,0,0,0,0,0,0,0,0,0,0,0,0
10071,2008097479,830.0,817.0,2,2301,40.4637,-79.9665,0,0,0,0,0,0,4,8,2008,3,8.0,1.0,0,1.0,3,1,3,  ,0,0.0,0,0,1,0,0,0,0,0,0,0,0,0,0,0,0,0,0
10072,2008097484,1210.0,1205.0,67,67301,39.9997,-75.1385,0,0,0,0,0,0,8,7,2008,5,12.0,1.0,0,1.0,3,2,3,  ,2,2.0,0,0,0,0,0,0,0,0,0,0,0,0,0,0,0,0,1
10073,2008097490,20.0,15.0,67,67301,39.9407,-75.1796,0,0,0,0,0,0,4,7,2008,5,0.0,3.0,0,1.0,3,1,3,  ,3,3.0,1,0,1,0,0,0,0,0,0,0,0,0,0,0,0,0,0
10074,2008097644,1536.0,1520.0,61,61401,41.9923,-79.5011,0,0,0,0,0,0,2,8,2008,7,14.0,1.0,0,1.0,1,0,3,  ,0,0.0,0,0,0,0,0,0,0,0,0,0,0,0,0,0,0,0,0
10075,2008097646,1839.0,1827.0,20,20203,41.8147,-79.8335,0,0,0,0,0,0,3,8,2008,1,18.0,1.0,0,1.0,1,0,3,  ,0,0.0,0,0,0,0,0,0,0,0,0,0,0,0,0,0,0,0,0
10076,2008097715,1805.0,1800.0,2,2301,40.4619,-79.964,0,0,0,0,0,0,4,8,2008,3,18.0,1.0,0,1.0,3,2,3,  ,0,0.0,0,0,1,0,0,0,0,0,0,0,0,0,0,0,0,0,0
10077,2008097750,1609.0,1607.0,23,23402,39.8742,-75.3916,0,0,0,0,0,0,4,9,2008,5,16.0,1.0,0,1.0,3,2,3,  ,3,3.0,0,0,1,0,0,0,0,0,0,0,0,0,0,0,0,0,0
10078,2008097762,1733.0,1730.0,23,23427,39.9229,-75.256,0,0,0,0,0,0,5,9,2008,3,17.0,1.0,0,1.0,3,0,3,  ,3,3.0,0,0,0,0,0,0,0,0,0,0,0,0,0,0,0,0,0
10079,2008097814,1320.0,1305.0,15,15202,40.0715,-75.5722,0,0,0,0,1,0,1,8,2008,1,13.0,1.0,0,1.0,1,0,3,  ,0,0.0,0,0,0,1,0,1,0,0,0,0,0,0,0,0,0,0,0
10080,2008097816,1548.0,1530.0,46,46226,40.1785,-75.3707,0,0,0,0,0,0,4,8,2008,4,15.0,1.0,0,1.0,1,2,3,  ,3,3.0,0,0,1,0,0,1,0,0,0,0,0,0,0,0,0,1,0
10081,2008097874,2229.0,2223.0,67,67301,40.0385,-75.1097,0,0,0,0,0,0,4,6,2008,5,22.0,6.0,0,1.0,3,2,3,  ,0,0.0,0,0,1,0,0,0,0,0,0,0,0,0,0,0,0,0,1
10082,2008097878,1412.0,1406.0,67,67301,39.9946,-75.1643,0,0,0,0,0,0,4,6,2008,2,13.0,1.0,0,1.0,3,1,3,  ,3,3.0,0,0,1,0,1,0,0,0,0,0,0,0,0,0,0,0,0
10083,2008097880,1255.0,1255.0,67,67301,39.9857,-75.164,0,0,0,0,0,0,5,7,2008,3,12.0,1.0,0,1.0,3,0,3,  ,0,0.0,1,0,0,0,0,0,0,0,0,0,0,0,0,0,0,0,0
10084,2008097884,2121.0,2119.0,67,67301,39.9458,-75.1748,0,0,0,0,0,0,4,7,2008,6,21.0,3.0,0,1.0,3,1,3,  ,2,3.0,0,0,1,0,0,0,0,0,0,0,0,0,0,0,0,0,0
10085,2008097886,1240.0,1235.0,67,67301,39.9463,-75.1783,0,0,0,0,1,0,4,7,2008,5,12.0,1.0,0,9.0,3,0,3,  ,2,3.0,0,0,1,0,0,0,0,0,0,0,0,0,0,0,0,0,0
10086,2008097887,1429.0,1428.0,67,67301,39.9326,-75.1847,0,0,0,0,0,0,4,6,2008,1,14.0,1.0,0,1.0,3,1,3,  ,3,3.0,0,0,1,0,0,0,0,0,0,0,0,0,0,0,0,0,0
10087,2008097890,1827.0,1817.0,67,67301,40.0438,-75.1444,0,0,0,0,0,0,4,6,2008,6,99.0,1.0,0,1.0,3,2,3,  ,3,3.0,1,0,1,0,0,0,0,0,0,0,0,0,0,0,0,0,0
10088,2008097896,2030.0,2029.0,67,67301,39.9265,-75.186,0,0,0,0,0,0,8,7,2008,7,20.0,3.0,0,1.0,3,1,3,  ,2,3.0,0,0,0,0,0,0,0,0,0,0,0,0,0,0,0,0,0
10089,2008097905,1143.0,1142.0,67,67301,39.9492,-75.2121,0,0,0,0,0,0,4,7,2008,5,11.0,1.0,0,1.0,3,2,3,  ,3,3.0,0,0,1,0,0,0,0,0,0,0,0,0,0,0,0,0,0
10090,2008097909,1413.0,1410.0,67,67301,39.9421,-75.1604,0,0,0,0,0,0,8,7,2008,7,14.0,1.0,0,1.0,3,0,3,  ,0,0.0,0,0,0,0,0,0,0,0,0,0,0,0,0,0,0,0,0
10091,2008097910,1330.0,1330.0,67,67301,39.9592,-75.225,0,0,0,0,0,0,5,6,2008,6,4.0,3.0,0,1.0,3,1,3,  ,3,3.0,1,0,0,0,0,0,0,0,0,0,0,0,0,0,0,0,0
10092,2008097911,2349.0,2349.0,67,67301,39.9531,-75.2142,0,0,0,0,0,0,4,6,2008,5,99.0,6.0,0,1.0,3,1,7,  ,2,3.0,1,0,1,0,0,0,0,0,0,0,0,0,0,0,0,0,0
10093,2008097921,1615.0,1600.0,67,67301,39.9239,-75.1564,0,0,0,0,1,0,4,7,2008,4,15.0,1.0,0,1.0,3,1,3,  ,0,0.0,0,0,1,0,0,0,0,0,0,0,0,0,0,0,0,0,0
10094,2008097925,1237.0,1232.0,67,67301,39.9626,-75.2109,0,0,0,0,0,0,5,7,2008,3,12.0,1.0,0,1.0,3,0,3,  ,2,3.0,0,0,0,0,0,0,0,0,0,0,0,0,0,0,0,1,0
10095,2008097926,1327.0,1325.0,67,67301,39.928,-75.1688,0,0,0,0,0,0,5,7,2008,3,13.0,1.0,0,1.0,3,0,3,  ,0,0.0,0,0,0,0,0,0,0,0,0,0,0,0,0,0,0,0,0
10096,2008097929,1535.0,1530.0,67,67301,39.9679,-75.2375,0,0,0,0,0,0,4,6,2008,2,15.0,1.0,0,1.0,3,2,3,  ,3,3.0,0,0,1,0,0,0,0,0,0,0,0,0,0,0,0,0,0
10097,2008097930,1610.0,1608.0,67,67301,40.0294,-75.2235,0,0,0,0,0,0,4,7,2008,4,16.0,1.0,0,1.0,3,1,3,  ,3,3.0,0,0,1,0,0,0,0,0,0,0,0,0,0,0,0,0,0
10098,2008097937,2005.0,2002.0,49,49402,40.7941,-76.4706,0,0,0,0,1,0,4,8,2008,4,20.0,1.0,0,1.0,1,0,3,  ,0,0.0,0,0,1,0,0,0,0,0,0,0,0,0,0,0,0,0,0
10099,2008097944,1235.0,1225.0,67,67301,40.0437,-75.1559,0,0,0,0,0,0,4,6,2008,5,12.0,1.0,0,1.0,3,1,3,  ,3,3.0,0,0,1,0,0,0,0,0,0,0,0,0,0,0,0,0,0
10100,2008097948,1523.0,1521.0,46,46112,40.2527,-75.6797,0,1,0,0,0,0,4,8,2008,4,15.0,1.0,0,1.0,2,2,3,  ,3,3.0,0,0,1,0,0,0,0,0,0,0,0,0,0,0,0,0,0
10101,2008098007,1953.0,1943.0,67,67301,40.014,-75.0901,0,0,0,0,0,0,4,6,2008,5,19.0,1.0,0,1.0,3,1,3,  ,3,3.0,0,0,1,0,0,0,0,0,0,0,0,0,0,0,0,0,0
10102,2008098011,2130.0,2121.0,67,67301,39.9418,-75.2304,0,0,0,0,0,0,4,6,2008,6,21.0,3.0,0,9.0,3,2,3,  ,0,0.0,0,0,1,0,0,0,0,0,0,0,0,0,0,0,0,0,0
10103,2008098014,1420.0,1415.0,67,67301,39.9541,-75.2025,0,0,0,0,0,0,4,6,2008,4,14.0,1.0,0,1.0,3,2,3,  ,8,3.0,1,0,1,0,0,0,0,0,0,0,0,0,0,0,0,1,0
10104,2008098032,159.0,159.0,67,67301,39.9715,-75.1594,0,0,0,0,1,0,4,7,2008,5,1.0,3.0,0,1.0,3,0,3,  ,2,3.0,0,0,1,0,0,0,0,0,0,0,0,0,0,0,0,1,0
10105,2008098035,2145.0,1840.0,67,67301,39.9811,-75.1762,0,0,0,0,0,0,6,8,2008,6,18.0,1.0,0,1.0,3,2,3,  ,3,3.0,0,0,0,0,0,0,0,0,0,0,0,0,0,0,0,1,0
10106,2008098075,1905.0,1900.0,67,67301,39.9906,-75.1498,0,0,0,0,0,0,4,7,2008,6,19.0,1.0,0,1.0,3,0,3,  ,0,0.0,0,0,1,0,0,0,0,0,0,0,0,0,0,0,0,0,0
10107,2008098091,2052.0,2050.0,67,67301,40.0254,-75.0323,0,0,0,0,0,0,4,6,2008,5,20.0,1.0,0,1.0,3,1,3,  ,3,3.0,0,0,1,0,0,0,0,0,0,0,0,0,0,0,0,0,0
10108,2008098092,1853.0,1850.0,67,67301,40.0395,-75.0553,0,0,0,0,0,0,4,6,2008,5,18.0,1.0,0,1.0,3,0,3,  ,0,0.0,0,0,1,0,0,0,0,0,0,0,0,0,0,0,0,0,0
10109,2008098093,856.0,855.0,67,67301,39.9562,-75.1941,0,0,0,0,1,0,4,8,2008,6,8.0,1.0,0,1.0,3,1,3,  ,2,3.0,0,0,1,0,0,0,0,0,0,0,0,0,0,0,0,0,0
10110,2008098110,1342.0,1324.0,67,67301,40.0216,-75.0792,0,0,0,0,0,0,8,7,2008,2,13.0,1.0,7,9.0,3,0,3,  ,0,0.0,0,0,0,0,0,0,0,0,0,0,0,0,0,0,0,0,0
10111,2008098126,2200.0,2156.0,67,67301,39.9249,-75.2287,0,0,0,0,0,0,4,7,2008,3,21.0,3.0,0,1.0,3,2,3,  ,2,3.0,0,0,1,0,0,0,0,0,0,0,0,0,0,0,0,0,0
10112,2008098133,1832.0,1832.0,67,67301,40.03,-75.1596,0,0,0,0,0,0,4,6,2008,6,18.0,1.0,0,1.0,3,2,3,  ,3,3.0,0,0,1,0,0,0,0,0,0,0,0,0,0,0,0,0,0
10113,2008098135,1753.0,1749.0,67,67301,40.0417,-75.0537,0,0,0,0,0,0,4,6,2008,3,99.0,1.0,0,1.0,3,0,3,  ,0,0.0,1,0,1,0,0,0,0,0,0,0,0,0,0,0,0,0,0
10114,2008098175,2145.0,2137.0,67,67301,39.9484,-75.2092,0,0,0,0,0,0,2,7,2008,7,21.0,3.0,0,1.0,3,0,3,  ,0,0.0,0,0,0,0,0,0,0,0,0,0,0,0,0,0,0,0,0
10115,2008098178,2210.0,2200.0,67,67301,39.9602,-75.2331,0,0,0,0,0,0,4,7,2008,5,21.0,3.0,0,1.0,3,2,3,  ,0,0.0,0,0,1,0,0,0,0,0,0,0,0,0,0,0,0,0,0
10116,2008098184,2349.0,2343.0,67,67301,39.9522,-75.1452,0,0,0,0,0,0,4,7,2008,5,23.0,3.0,0,1.0,3,1,3,  ,2,3.0,0,0,1,0,0,0,0,0,0,0,0,0,0,0,0,0,0
10117,2008098225,1909.0,1906.0,67,67301,40.01,-75.1435,0,0,0,0,0,0,8,6,2008,6,19.0,1.0,0,1.0,3,0,3,  ,0,0.0,0,0,0,0,0,0,0,0,0,0,0,0,0,0,0,0,0
10118,2008098246,1340.0,1335.0,67,67301,40.1065,-75.0336,0,0,0,0,0,0,4,6,2008,1,99.0,1.0,0,1.0,3,0,3,  ,0,0.0,0,0,1,0,0,0,0,0,0,0,0,0,0,0,0,0,0
10119,2008098296,1621.0,1609.0,67,67301,40.0722,-75.0766,0,0,0,0,0,0,4,6,2008,5,16.0,1.0,0,1.0,3,1,3,  ,0,0.0,1,0,1,0,0,0,0,0,0,0,0,0,0,0,0,0,0
10120,2008098336,1605.0,1600.0,36,36301,40.0445,-76.3042,0,0,0,0,0,0,4,7,2008,4,16.0,1.0,0,1.0,3,0,3,  ,0,0.0,0,0,1,0,0,0,0,0,0,0,0,0,0,0,0,0,0
10121,2008098341,1304.0,1259.0,67,67301,39.9844,-75.113,0,0,0,0,0,1,4,7,2008,6,12.0,1.0,0,1.0,3,2,3,  ,3,2.0,1,0,1,0,0,0,0,0,0,0,0,0,0,0,0,0,0
10122,2008098352,1948.0,1948.0,67,67301,39.9958,-75.1324,0,0,0,0,1,0,2,7,2008,7,17.0,1.0,0,1.0,3,2,3,  ,3,9.0,0,0,0,0,0,0,0,0,0,0,0,0,0,0,0,1,0
10123,2008098409,1405.0,1404.0,67,67301,40.0542,-75.0714,0,0,0,0,0,0,4,7,2008,7,14.0,1.0,0,1.0,3,0,3,  ,0,0.0,0,0,1,0,0,1,0,0,0,0,0,0,0,0,0,0,0
10124,2008098418,9999.0,1249.0,67,67301,40.0463,-75.1033,0,0,0,0,0,1,4,6,2008,6,12.0,1.0,0,1.0,3,0,3,  ,0,0.0,0,0,1,0,0,0,0,0,0,0,0,0,0,0,0,0,0
10125,2008098429,845.0,840.0,67,67301,40.0128,-75.1423,0,0,0,0,0,0,4,6,2008,2,8.0,1.0,0,1.0,3,2,3,  ,0,0.0,0,0,1,0,0,0,0,0,0,0,0,0,0,0,0,0,0
10126,2008098434,1253.0,1242.0,67,67301,40.013,-75.1194,0,0,0,0,0,0,4,7,2008,6,12.0,1.0,0,1.0,3,1,3,  ,9,9.0,0,0,1,0,0,1,0,0,0,0,0,0,0,0,0,0,0
10127,2008098487,9999.0,1545.0,67,67301,39.9889,-75.1284,0,0,0,0,0,0,4,6,2008,5,15.0,1.0,0,1.0,3,2,3,  ,0,0.0,0,0,1,0,0,0,0,0,0,0,0,0,0,0,0,0,0