,CRN,ARRIVAL_TM,DISPATCH_TM,COUNTY,MUNICIPALITY,DEC_LAT,DEC_LONG,BICYCLE_DEATH_COUNT,BICYCLE_SUSP_SERIOUS_INJ_COUNT,BUS_COUNT,HEAVY_TRUCK_COUNT,SMALL_TRUCK_COUNT,SUV_COUNT,COLLISION_TYPE,CRASH_MONTH,CRASH_YEAR,DAY_OF_WEEK,HOUR_OF_DAY,ILLUMINATION,LOCATION_TYPE,ROAD_CONDITION,URBAN_RURAL,INTERSECT_TYPE,WEATHER1,WEATHER2,TCD_TYPE,TCD_FUNC_CD,AGGRESSIVE_DRIVING,ALCOHOL_RELATED,ANGLE_CRASH,CELL_PHONE,COMM_VEHICLE,DISTRACTED,DRINKING_DRIVER,DRUGGED_DRIVER,FATIGUE_ASLEEP,IMPAIRED_DRIVER,NHTSA_AGG_DRIVING,RUNNING_RED_LT,RUNNING_STOP_SIGN,SPEEDING_RELATED,TAILGATING,MATURE_DRIVER,YOUNG_DRIVER
10128,2008098586,1414.0,1408.0,46,46213,40.2512,-75.4611,0,0,0,0,0,1,4,8,2008,1,14.0,1.0,0,1.0,3,2,3,  ,2,3.0,0,0,1,0,0,1,0,0,0,0,0,0,0,0,0,0,0
10129,2008098589,1741.0,1733.0,46,46213,40.2352,-75.4592,0,0,0,0,0,0,4,8,2008,5,17.0,1.0,0,1.0,3,2,3,  ,0,0.0,0,0,1,0,0,0,0,0,0,0,0,0,0,0,0,0,1
10130,2008098738,1822.0,1817.0,22,22102,40.264,-76.7781,0,0,0,0,0,0,6,10,2008,5,18.0,1.0,0,1.0,3,1,3,  ,2,3.0,0,0,0,0,0,0,0,0,0,0,0,0,0,0,0,0,0
10131,2008098818,1234.0,1231.0,46,46103,40.2665,-75.2926,0,0,0,0,0,0,4,9,2008,1,12.0,1.0,0,1.0,3,1,3,  ,0,0.0,1,0,1,0,0,0,0,0,0,0,0,0,0,0,0,0,0
10132,2008098857,1905.0,1903.0,2,2304,40.3349,-79.8491,0,0,0,0,0,0,8,9,2008,1,19.0,1.0,0,1.0,3,1,3,  ,0,0.0,0,0,0,0,0,0,0,0,0,0,0,0,0,0,0,0,0
10133,2008098890,2021.0,2016.0,1,1410,39.8662,-77.0569,0,0,0,0,1,0,4,9,2008,5,20.0,3.0,0,1.0,1,2,3,  ,0,0.0,1,0,1,0,0,0,0,0,0,0,0,0,0,0,0,0,0
10134,2008099023,2018.0,2009.0,19,19214,40.9692,-76.3723,0,0,0,0,0,0,1,9,2008,5,20.0,2.0,0,1.0,1,0,3,  ,0,0.0,0,0,0,0,0,0,0,0,0,0,0,0,0,0,0,0,0
10135,2008099059,9999.0,956.0,67,67301,39.9861,-75.1546,0,0,0,0,0,0,5,7,2008,1,99.0,1.0,0,1.0,3,0,3,  ,0,0.0,1,0,0,0,0,0,0,0,0,0,0,0,0,0,0,0,0
10136,2008099060,2118.0,2117.0,67,67301,39.9781,-75.1169,0,0,0,0,0,0,8,6,2008,2,21.0,3.0,0,1.0,3,2,3,  ,0,0.0,0,0,0,0,0,0,0,0,0,0,0,0,0,0,0,0,1
10137,2008099063,949.0,943.0,67,67301,39.9557,-75.2156,0,0,0,0,0,0,4,7,2008,2,9.0,1.0,0,9.0,3,1,7,  ,2,3.0,0,0,1,0,0,0,0,0,0,0,0,0,0,0,0,0,0
10138,2008099076,1629.0,1532.0,49,49411,41.09,-76.8641,0,0,0,0,0,0,4,8,2008,1,15.0,1.0,0,1.0,1,2,3,  ,3,3.0,0,0,1,0,0,0,0,0,0,0,0,0,0,0,0,0,0
10139,2008099254,2030.0,2020.0,67,67301,40.0079,-75.0852,0,0,0,0,0,0,4,6,2008,6,20.0,4.0,0,9.0,3,2,7,  ,3,3.0,0,0,1,0,0,0,0,0,0,0,0,0,0,0,0,0,0
10140,2008099270,1836.0,1821.0,67,67301,39.9169,-75.2287,0,0,0,0,0,0,4,5,2008,5,18.0,1.0,0,1.0,3,2,3,  ,3,3.0,0,0,1,0,0,0,0,0,0,0,0,0,0,0,0,0,1
10141,2008099293,1714.0,1712.0,67,67301,39.9338,-75.1742,0,0,0,0,0,0,4,7,2008,4,16.0,1.0,0,9.0,3,1,7,  ,3,3.0,0,0,1,0,0,0,0,0,0,0,0,0,0,0,0,0,0
10142,2008099301,2115.0,2108.0,67,67301,39.928,-75.1689,0,0,0,0,0,1,4,8,2008,3,21.0,2.0,0,1.0,3,1,3,  ,2,3.0,0,0,1,0,0,0,0,0,0,0,0,0,0,0,0,0,0
10143,2008099312,1736.0,1645.0,61,61301,41.8437,-79.145,0,0,0,0,0,0,4,9,2008,2,16.0,1.0,0,1.0,2,5,3,  ,2,3.0,1,0,1,0,0,0,0,0,0,0,0,0,0,0,0,0,0
10144,2008099478,1800.0,1755.0,67,67301,39.9566,-75.198,0,0,0,0,0,0,4,6,2008,3,17.0,1.0,0,1.0,3,0,3,  ,0,0.0,0,0,1,0,0,0,0,0,0,0,0,0,0,0,0,0,0
10145,2008099592,735.0,735.0,46,46220,40.0947,-75.3629,0,0,0,0,0,1,2,8,2008,3,7.0,1.0,0,1.0,3,1,3,  ,2,3.0,0,0,0,0,0,0,0,0,0,0,0,0,0,0,0,0,0
10146,2008099659,119.0,104.0,46,46219,40.4247,-75.5266,0,0,0,1,0,0,5,9,2008,3,0.0,2.0,0,1.0,1,0,3,  ,0,0.0,0,0,0,0,1,0,0,0,0,0,0,0,0,0,0,0,0
10147,2008099808,1836.0,1828.0,48,48214,40.9049,-75.1942,0,0,0,0,0,0,4,8,2008,7,18.0,1.0,0,1.0,1,2,3,  ,3,3.0,0,0,1,0,0,0,0,0,0,0,0,0,0,0,0,0,1
10148,2008099975,1323.0,1319.0,38,38101,40.3306,-76.5086,0,0,0,0,0,1,4,7,2008,5,13.0,1.0,0,1.0,2,0,3,  ,0,0.0,0,0,1,0,0,0,0,0,0,0,0,0,0,0,0,0,0
10149,2008100034,1757.0,1754.0,46,46107,40.1085,-75.3201,0,0,0,0,0,1,4,9,2008,4,17.0,1.0,0,1.0,3,2,3,  ,3,3.0,0,0,1,0,0,0,0,0,0,0,0,0,0,0,0,0,0
10150,2008100063,2038.0,2036.0,60,60302,41.4251,-79.7101,0,0,0,0,0,0,4,9,2008,1,20.0,3.0,0,1.0,2,1,3,  ,0,0.0,0,0,1,0,0,0,0,0,0,0,0,0,0,0,0,0,0
10151,2008100086,1724.0,1719.0,66,66231,39.952,-76.7699,0,0,0,0,0,0,4,9,2008,4,17.0,1.0,0,1.0,1,1,3,  ,3,3.0,0,0,1,0,0,0,0,0,0,0,0,0,0,0,0,0,0
10152,2008100126,925.0,922.0,66,66218,39.7919,-76.8929,0,0,0,0,1,0,2,9,2008,1,9.0,1.0,0,1.0,1,0,3,  ,0,0.0,0,0,0,0,0,1,0,0,0,0,0,0,0,0,0,0,0
10153,2008100295,2018.0,1951.0,57,57405,41.7059,-75.7649,0,0,0,0,0,0,4,8,2008,5,19.0,1.0,0,1.0,1,1,3,  ,0,0.0,1,0,1,0,0,0,0,0,0,0,0,0,0,0,0,0,0
10154,2008100420,1735.0,1727.0,10,10216,40.9229,-80.0057,0,0,0,0,0,0,1,9,2008,4,17.0,1.0,0,1.0,2,0,3,  ,0,0.0,0,0,0,0,0,0,0,0,0,0,0,0,0,0,0,0,0
10155,2008100492,1710.0,1707.0,39,39301,40.6254,-75.4212,0,0,0,0,0,0,4,8,2008,6,17.0,1.0,0,1.0,3,2,3,  ,0,0.0,0,0,1,0,0,0,0,0,0,0,0,0,0,0,0,1,0
10156,2008100493,2020.0,2018.0,39,39301,40.6038,-75.4832,0,0,0,0,0,1,4,7,2008,4,20.0,1.0,0,1.0,3,2,3,  ,0,0.0,0,0,1,0,0,0,0,0,0,0,0,0,0,0,0,0,0
10157,2008100510,1749.0,1743.0,39,39301,,,0,0,0,0,0,0,5,8,2008,5,17.0,1.0,0,1.0,3,0,3,  ,0,0.0,0,0,0,0,0,0,0,0,0,0,0,0,0,0,0,0,1
10158,2008100523,1140.0,1132.0,39,39301,40.582,-75.4551,0,0,0,0,0,0,8,7,2008,2,11.0,1.0,7,1.0,3,0,3,  ,0,0.0,1,0,0,0,0,0,0,0,0,0,0,0,0,0,0,0,0
10159,2008100531,959.0,940.0,39,39301,40.6039,-75.4703,0,0,0,0,0,0,4,7,2008,4,9.0,1.0,0,1.0,3,0,3,  ,0,0.0,0,0,1,0,0,0,0,0,0,0,0,0,0,0,0,0,0
10160,2008100548,2017.0,2015.0,67,67301,39.9323,-75.1778,0,0,1,0,0,0,6,6,2008,2,20.0,4.0,0,1.0,3,0,3,  ,0,0.0,0,0,0,0,1,0,0,0,0,0,0,0,0,0,0,0,0
10161,2008100571,2000.0,1951.0,67,67301,39.9556,-75.1575,0,0,1,0,0,0,4,8,2008,6,19.0,1.0,0,1.0,3,1,3,  ,2,3.0,0,0,1,0,1,0,0,0,0,0,0,0,0,0,0,0,0
10162,2008100574,130.0,130.0,67,67301,39.952,-75.1614,0,0,0,0,0,0,4,7,2008,3,1.0,3.0,0,1.0,3,1,3,  ,2,3.0,0,1,1,0,0,0,0,0,0,0,0,0,0,0,0,0,0
10163,2008100621,1705.0,1703.0,48,48302,40.7051,-75.2081,0,0,0,0,0,1,4,9,2008,4,17.0,1.0,0,1.0,3,1,3,  ,3,3.0,0,0,1,0,0,0,0,0,0,0,0,0,0,0,0,0,0
10164,2008100660,1524.0,1459.0,32,32217,40.5382,-78.9041,0,1,0,1,0,0,5,9,2008,4,14.0,1.0,0,1.0,1,0,3,  ,0,0.0,0,0,0,0,1,0,0,0,0,0,0,0,0,0,0,0,0
10165,2008100797,2052.0,2020.0,1,1411,40.0056,-77.1109,0,0,0,0,1,0,4,8,2008,2,19.0,2.0,0,1.0,1,1,3,  ,3,3.0,0,0,1,0,0,0,0,0,0,0,0,0,0,0,0,0,1
10166,2008100854,1931.0,1930.0,39,39301,40.5962,-75.4831,0,0,0,0,0,1,4,8,2008,4,19.0,1.0,0,1.0,3,1,3,  ,3,3.0,0,0,1,0,0,0,0,0,0,0,0,0,0,0,0,0,0
10167,2008101012,750.0,747.0,21,21401,40.2483,-76.9275,0,0,0,0,0,0,4,9,2008,4,7.0,1.0,0,1.0,3,1,3,  ,0,0.0,0,0,1,0,0,0,0,0,0,0,0,0,0,0,0,0,0
10168,2008101050,1440.0,1440.0,39,39301,40.5977,-75.488,0,0,0,0,0,0,8,8,2008,3,14.0,1.0,0,1.0,3,1,3,  ,2,3.0,1,0,0,1,0,1,0,0,0,0,0,0,0,0,0,0,0
10169,2008101052,1813.0,1808.0,67,67301,39.9566,-75.198,0,0,1,0,0,0,4,8,2008,6,18.0,1.0,0,1.0,3,1,3,  ,2,3.0,1,0,1,0,1,0,0,0,0,0,0,0,0,0,0,0,0
10170,2008101106,1906.0,1856.0,26,26207,39.8925,-79.837,0,0,0,0,0,0,1,7,2008,1,18.0,1.0,0,1.0,1,0,3,  ,0,0.0,0,0,0,0,0,0,0,0,0,0,0,0,0,0,0,0,0
10171,2008101424,1705.0,1642.0,31,31228,40.7029,-78.1291,0,0,0,0,0,0,4,9,2008,6,16.0,1.0,0,1.0,1,2,3,  ,0,0.0,0,0,1,0,0,0,0,0,0,0,0,0,0,0,0,0,0
10172,2008101432,1703.0,1658.0,6,6218,40.4254,-76.1375,0,0,0,0,0,1,2,8,2008,4,16.0,1.0,0,1.0,1,0,3,  ,0,0.0,0,0,0,0,0,0,0,0,0,0,0,0,0,0,0,0,0
10173,2008101706,1757.0,1755.0,10,10301,40.8636,-79.8887,0,0,0,0,0,0,4,9,2008,1,17.0,1.0,0,1.0,2,1,3,  ,1,3.0,0,0,1,0,0,0,0,0,0,0,0,0,0,0,0,1,0
10174,2008101761,1713.0,1653.0,61,61215,41.9295,-79.1382,0,0,0,0,0,0,1,9,2008,7,16.0,1.0,0,8.0,1,2,7,  ,3,3.0,0,0,0,0,0,0,0,0,0,0,0,0,0,0,0,0,0
10175,2008102190,1710.0,1707.0,23,23207,39.8815,-75.4269,0,0,0,0,1,0,2,8,2008,4,16.0,1.0,3,1.0,3,0,3,  ,0,0.0,0,0,0,0,0,0,0,0,0,0,0,0,0,0,0,0,1
10176,2008102279,1803.0,1743.0,25,25212,42.0085,-80.1787,0,0,0,0,0,1,4,9,2008,3,17.0,1.0,0,1.0,1,0,3,  ,0,0.0,1,0,1,0,0,0,0,0,0,0,0,0,0,0,0,0,0
10177,2008102298,1827.0,1827.0,28,28205,39.9485,-77.6848,0,0,0,0,0,0,8,9,2008,5,18.0,1.0,0,1.0,2,0,3,  ,0,0.0,1,0,0,0,0,0,0,0,0,0,0,0,0,1,0,0,0
10178,2008102310,948.0,948.0,46,46226,40.2032,-75.3111,0,0,0,0,0,0,4,8,2008,1,9.0,1.0,0,1.0,1,2,3,  ,2,3.0,0,0,1,0,0,0,0,0,0,0,0,0,0,0,0,0,0
10179,2008102349,748.0,745.0,15,15214,40.0385,-75.553,0,0,0,0,0,0,4,9,2008,3,99.0,1.0,7,1.0,3,0,3,  ,0,0.0,0,0,1,0,0,0,0,0,0,0,0,0,0,0,0,0,0
10180,2008102421,1453.0,1451.0,11,11301,40.343,-78.9385,0,0,0,0,0,0,4,9,2008,7,14.0,1.0,0,1.0,3,1,3,  ,0,0.0,0,0,1,0,0,0,0,0,0,0,0,0,0,0,0,1,0
10181,2008102451,729.0,729.0,9,9219,40.3545,-75.1329,0,0,0,0,1,0,1,9,2008,1,7.0,1.0,0,1.0,1,0,3,  ,0,0.0,1,0,0,0,0,0,0,0,0,0,0,0,0,0,0,0,0
10182,2008102473,1643.0,1637.0,38,38209,40.3664,-76.4073,0,0,0,0,0,0,4,9,2008,1,16.0,1.0,0,1.0,1,1,3,  ,3,3.0,1,0,1,0,0,0,0,0,0,0,0,0,1,0,0,0,0
10183,2008102482,1915.0,1911.0,40,40304,41.2344,-75.9023,0,0,0,0,0,0,4,9,2008,1,19.0,3.0,0,1.0,3,5,3,  ,2,3.0,0,0,1,0,0,0,0,0,0,0,0,0,0,0,0,0,0
10184,2008102554,905.0,816.0,59,59206,40.9074,-77.1025,0,0,0,0,0,0,4,9,2008,6,8.0,1.0,0,1.0,1,2,3,  ,0,0.0,0,0,1,0,0,0,0,0,0,0,0,0,0,0,0,0,0
10185,2008102740,1848.0,1848.0,9,9210,40.3635,-75.2364,0,0,0,0,0,0,4,9,2008,2,15.0,1.0,0,1.0,3,0,3,  ,0,0.0,0,0,1,0,0,0,0,0,0,0,0,0,0,0,0,0,0
10186,2008102786,1740.0,1702.0,41,41408,41.2785,-77.2248,0,0,0,0,1,0,4,8,2008,6,17.0,1.0,0,1.0,1,0,3,  ,0,0.0,0,0,1,0,0,0,0,0,0,0,0,0,0,0,0,0,1
10187,2008102854,1553.0,1551.0,49,49405,41.0191,-76.8432,0,0,0,0,1,0,4,4,2008,7,15.0,1.0,0,1.0,2,2,3,  ,3,3.0,0,0,1,0,0,0,0,0,0,0,0,0,0,0,0,0,0
10188,2008102857,710.0,700.0,22,22407,40.2654,-76.7059,0,0,0,0,0,1,4,9,2008,6,7.0,1.0,0,1.0,3,1,3,  ,3,3.0,0,0,1,0,0,0,0,0,0,0,0,0,0,0,0,0,0
10189,2008102905,1633.0,1632.0,19,19402,41.0487,-76.2559,0,0,0,0,0,0,4,9,2008,1,16.0,1.0,0,1.0,2,0,3,  ,0,0.0,0,0,1,0,0,0,0,0,0,0,0,0,0,0,0,0,0
10190,2008102940,2026.0,2010.0,18,18217,41.1778,-77.3475,0,0,0,0,1,0,5,6,2008,5,19.0,1.0,0,1.0,1,0,3,  ,0,0.0,1,0,0,0,0,0,0,0,0,0,0,0,0,0,0,0,0
10191,2008103017,655.0,650.0,39,39301,40.6179,-75.4707,0,0,0,0,1,0,2,7,2008,3,6.0,1.0,0,1.0,3,1,3,  ,0,0.0,1,0,0,0,0,0,0,0,0,0,0,0,0,0,0,0,0
10192,2008103078,1527.0,1525.0,36,36301,40.0353,-76.3135,0,0,0,0,0,0,4,8,2008,6,15.0,1.0,0,1.0,3,1,3,  ,3,3.0,0,0,1,0,0,0,0,0,0,0,0,0,0,0,0,0,0
10193,2008103099,1845.0,1840.0,67,67301,39.9672,-75.2448,0,0,0,0,0,0,4,7,2008,4,18.0,1.0,0,98.0,3,1,99,  ,0,0.0,0,0,1,0,0,0,0,0,0,0,0,0,0,0,0,0,0
10194,2008103101,1604.0,1603.0,67,67301,39.9866,-75.1679,0,0,1,0,0,0,5,6,2008,7,15.0,1.0,0,1.0,3,0,3,  ,0,0.0,0,0,0,0,1,0,0,0,0,0,0,0,0,0,0,0,0
10195,2008103210,1042.0,1039.0,39,39301,40.616,-75.4711,0,0,0,0,0,0,4,8,2008,2,10.0,1.0,0,1.0,3,2,3,  ,3,3.0,0,0,1,0,0,0,0,0,0,0,0,0,0,0,0,1,0
10196,2008103213,1820.0,1817.0,39,39301,40.6067,-75.4802,0,0,0,0,0,0,2,8,2008,6,18.0,1.0,0,1.0,3,0,3,  ,0,0.0,1,0,0,0,0,0,0,0,0,0,0,0,0,1,0,0,0
10197,2008103245,2215.0,2213.0,39,39301,40.5917,-75.4533,0,0,0,0,0,0,4,8,2008,2,22.0,3.0,0,1.0,3,1,3,  ,3,3.0,0,0,1,0,0,0,0,0,0,0,0,0,0,0,0,0,0
10198,2008103286,2359.0,2356.0,39,39302,40.6327,-75.4048,0,0,0,0,0,0,4,8,2008,6,23.0,2.0,0,1.0,3,2,3,  ,0,0.0,1,0,1,0,0,0,0,0,0,0,0,0,0,0,0,0,0
10199,2008103306,9999.0,1722.0,6,6233,40.2849,-75.8731,0,0,0,0,0,1,4,8,2008,7,17.0,1.0,0,1.0,1,1,3,  ,2,3.0,0,0,1,0,0,0,0,0,0,0,0,0,0,0,0,0,1
10200,2008103335,1644.0,1640.0,22,22412,40.2761,-76.852,0,0,0,0,0,0,4,8,2008,2,16.0,1.0,0,1.0,3,1,3,  ,3,3.0,0,0,1,0,0,0,0,0,0,0,0,0,0,0,0,0,0
10201,2008103349,953.0,950.0,25,25213,42.1073,-80.1529,0,0,0,0,0,0,4,8,2008,1,9.0,1.0,0,1.0,3,0,3,  ,2,3.0,1,0,1,0,0,0,0,0,0,0,0,0,0,0,0,0,1
10202,2008103368,1224.0,1224.0,46,46102,40.0814,-75.1606,0,0,0,1,0,0,6,7,2008,3,12.0,1.0,0,1.0,3,2,3,  ,3,3.0,0,0,0,0,1,0,0,0,0,0,0,0,0,0,0,0,0
10203,2008103393,9999.0,1512.0,6,6301,40.3394,-75.9369,0,0,0,0,0,0,4,8,2008,6,15.0,1.0,0,1.0,3,0,3,  ,0,0.0,0,0,1,0,0,0,0,0,0,0,0,0,0,0,0,0,0
10204,2008103497,1553.0,1547.0,6,6301,40.3491,-75.9365,0,0,0,0,0,0,4,8,2008,5,15.0,1.0,0,1.0,3,1,3,  ,3,3.0,0,0,1,0,0,0,0,0,0,0,0,0,0,0,0,0,0
10205,2008103501,1619.0,1615.0,25,25302,42.1291,-80.0658,0,0,0,0,0,0,4,8,2008,1,16.0,1.0,0,1.0,3,1,3,  ,2,3.0,0,0,1,0,0,0,0,0,0,0,0,0,0,0,0,0,0
10206,2008103504,1050.0,1050.0,25,25302,42.1064,-80.0623,0,0,0,0,0,1,4,8,2008,5,10.0,1.0,0,1.0,3,1,3,  ,3,3.0,1,0,1,0,0,0,0,0,0,0,0,0,0,0,0,0,0
10207,2008103554,1845.0,1844.0,25,25301,41.9221,-79.641,0,0,0,0,0,1,4,8,2008,7,18.0,1.0,0,1.0,2,1,3,  ,2,3.0,0,0,1,0,0,0,0,0,0,0,0,0,0,0,0,0,0
10208,2008103567,1524.0,1518.0,46,46102,40.0639,-75.0901,0,0,0,0,0,0,4,8,2008,6,15.0,1.0,0,1.0,3,1,3,  ,3,3.0,1,0,1,0,0,0,0,0,0,0,0,0,0,1,0,0,0
10209,2008103605,1110.0,1106.0,46,46416,40.2535,-75.6446,0,0,0,0,0,0,4,8,2008,3,11.0,1.0,0,1.0,2,1,3,  ,3,3.0,0,0,1,0,0,0,0,0,0,0,0,0,0,0,0,0,0
10210,2008103642,1605.0,1602.0,67,67301,39.9243,-75.1789,0,0,0,0,0,1,4,6,2008,3,15.0,1.0,0,1.0,3,0,3,  ,0,0.0,0,0,1,0,0,0,0,0,0,0,0,0,0,0,0,0,0
10211,2008103690,2008.0,2004.0,35,35302,41.4461,-75.6445,0,0,0,0,0,0,4,8,2008,5,20.0,3.0,0,1.0,3,2,3,  ,0,0.0,0,0,1,0,0,0,0,0,0,0,0,0,0,0,0,0,1
10212,2008103707,753.0,753.0,6,6103,40.2963,-75.9783,0,0,0,0,0,0,1,8,2008,2,7.0,1.0,0,1.0,1,0,3,  ,0,0.0,1,0,0,0,0,0,0,0,0,0,0,0,0,1,0,0,0
10213,2008103732,1128.0,1125.0,35,35302,41.405,-75.6775,0,0,0,0,0,0,1,8,2008,3,11.0,1.0,0,1.0,3,0,3,  ,0,0.0,0,0,0,0,0,0,0,0,0,0,0,0,0,0,0,0,0
10214,2008103743,1925.0,1920.0,2,2301,,,0,0,0,0,0,0,4,8,2008,3,19.0,1.0,0,1.0,3,2,3,  ,0,0.0,0,0,1,0,0,0,0,0,0,0,0,0,0,0,0,0,0
10215,2008103762,1701.0,1701.0,48,48301,40.6104,-75.3814,0,0,0,0,0,0,4,8,2008,7,16.0,1.0,0,1.0,3,1,3,  ,2,3.0,1,0,1,0,0,0,0,0,0,0,0,0,0,0,0,1,0
10216,2008103877,1840.0,1838.0,46,46408,40.1735,-75.1169,0,1,0,0,0,1,4,6,2008,1,18.0,1.0,0,1.0,3,2,3,  ,3,3.0,0,0,1,0,0,0,0,0,0,0,0,0,0,0,0,0,1
10217,2008103898,1822.0,1820.0,53,53412,40.9019,-75.9923,0,0,0,0,0,1,4,8,2008,6,18.0,1.0,0,1.0,1,1,3,  ,0,0.0,0,0,1,0,0,0,0,0,0,0,0,0,0,0,0,0,1
10218,2008103905,1019.0,1015.0,36,36301,40.0441,-76.2836,0,0,0,0,1,0,4,6,2008,2,10.0,1.0,0,1.0,3,1,3,  ,3,3.0,1,0,1,0,0,0,0,0,0,0,0,0,1,0,0,1,0
10219,2008103907,1810.0,1805.0,36,36301,40.0334,-76.2937,0,0,0,0,0,0,4,7,2008,3,18.0,1.0,0,1.0,3,1,3,  ,3,3.0,0,0,1,0,0,0,0,0,0,0,0,0,0,0,0,0,0
10220,2008103909,1911.0,1905.0,36,36301,,,0,0,0,0,0,0,4,8,2008,1,19.0,1.0,0,1.0,3,1,3,  ,0,0.0,0,0,1,0,0,0,0,0,0,0,0,0,0,0,0,0,1
10221,2008103936,214.0,208.0,67,67301,40.001,-75.1481,0,0,0,0,0,0,4,7,2008,6,2.0,3.0,0,1.0,3,1,3,  ,2,3.0,1,0,1,0,0,0,0,0,0,0,0,0,0,0,0,0,0
10222,2008103944,220.0,219.0,67,67301,39.9287,-75.1839,0,0,1,0,0,0,4,7,2008,3,2.0,3.0,0,1.0,3,1,3,  ,3,3.0,0,0,1,0,1,0,0,0,0,0,0,0,0,0,0,0,0
10223,2008103987,1710.0,1648.0,2,2301,40.3955,-80.0241,0,0,0,0,0,0,4,8,2008,3,16.0,1.0,0,1.0,3,2,3,  ,0,0.0,0,0,1,0,0,0,0,0,0,0,0,0,0,0,0,0,0
10224,2008104236,2115.0,2113.0,33,33406,40.948,-78.9733,0,1,0,0,1,0,4,8,2008,7,21.0,3.0,0,1.0,2,2,3,  ,0,0.0,0,0,1,0,0,1,0,0,0,0,0,0,0,0,0,0,0
10225,2008104237,1455.0,1449.0,25,25302,42.1321,-80.0345,0,0,0,0,0,0,4,8,2008,1,14.0,1.0,0,1.0,3,2,3,  ,3,3.0,1,0,1,0,0,0,0,0,0,0,0,0,0,0,0,0,1
10226,2008104238,2242.0,2241.0,46,46413,40.1226,-75.3453,0,0,0,0,0,0,4,8,2008,6,22.0,3.0,0,1.0,3,2,3,  ,3,3.0,0,0,1,0,0,0,0,0,0,0,0,0,0,0,0,0,0
10227,2008104426,1525.0,1516.0,64,64437,40.423,-79.5738,0,0,0,0,1,0,1,8,2008,4,15.0,1.0,0,1.0,3,0,3,  ,0,0.0,0,0,0,0,0,1,0,0,0,0,0,0,0,0,0,1,0
10228,2008104434,1633.0,1630.0,25,25301,41.925,-79.6344,0,0,0,0,0,0,4,8,2008,3,16.0,1.0,0,1.0,2,1,3,  ,3,3.0,0,0,1,0,0,1,0,0,0,0,0,0,0,0,0,0,0
10229,2008104578,954.0,951.0,9,9226,40.1993,-75.1186,0,0,0,0,0,0,4,9,2008,4,9.0,1.0,0,1.0,3,1,3,  ,2,3.0,0,0,1,0,0,0,0,0,0,0,0,0,0,0,0,1,0
10230,2008104587,1736.0,1734.0,39,39301,40.6063,-75.4683,0,0,0,0,0,0,4,8,2008,7,17.0,1.0,0,1.0,3,1,3,  ,0,0.0,1,0,1,0,0,0,0,0,0,0,0,0,0,0,0,0,0
10231,2008104588,1245.0,1241.0,46,46416,40.2389,-75.62,0,0,0,0,0,0,4,8,2008,6,12.0,1.0,0,1.0,2,2,3,  ,3,3.0,0,0,1,0,0,0,0,0,0,0,0,0,0,0,0,1,0
10232,2008104634,1652.0,1647.0,18,18301,41.1344,-77.4508,0,0,0,0,0,1,2,9,2008,5,16.0,1.0,0,1.0,2,1,3,  ,3,3.0,0,0,0,0,0,0,0,0,0,0,0,0,0,0,0,0,0
10233,2008104782,1510.0,1504.0,46,46222,40.1841,-75.5228,0,0,1,0,0,0,4,9,2008,5,15.0,1.0,0,1.0,3,2,3,  ,0,0.0,0,0,1,0,1,1,0,0,0,0,0,0,0,0,0,0,0
10234,2008104839,1900.0,1840.0,22,22207,40.178,-76.6618,0,0,0,0,0,0,4,9,2008,5,18.0,1.0,0,1.0,1,1,3,  ,3,3.0,1,0,1,0,0,0,0,0,0,0,0,0,0,0,0,0,0
10235,2008104917,1055.0,1055.0,46,46202,40.1481,-75.33,0,0,0,0,0,0,4,9,2008,2,10.0,1.0,0,1.0,3,2,3,  ,0,0.0,1,0,1,0,0,0,0,0,0,0,0,0,0,0,0,0,0
10236,2008105115,1157.0,1154.0,15,15411,40.1284,-75.5152,0,0,0,0,0,0,4,9,2008,6,11.0,1.0,0,9.0,3,1,7,  ,3,3.0,0,0,1,0,0,0,0,0,0,0,0,0,0,0,0,0,0
10237,2008105288,1853.0,1851.0,20,20302,41.6283,-79.6833,0,0,0,0,0,0,4,8,2008,6,18.0,1.0,0,1.0,2,2,3,  ,3,3.0,0,0,1,0,0,0,0,0,0,0,0,0,0,0,0,0,0
10238,2008105317,1718.0,1651.0,28,28204,39.8543,-77.6787,0,0,0,0,0,0,4,9,2008,5,16.0,1.0,0,1.0,1,0,3,  ,0,0.0,0,0,1,0,0,0,0,0,0,0,0,0,0,0,0,0,0
10239,2008105424,1802.0,1800.0,47,47401,,,0,0,0,0,0,0,4,9,2008,3,17.0,1.0,0,1.0,2,1,3,  ,3,3.0,0,0,1,0,0,0,0,0,0,0,0,0,0,0,0,0,0
10240,2008105513,759.0,754.0,22,22301,40.2608,-76.8539,0,0,0,0,0,0,4,9,2008,2,7.0,1.0,0,1.0,3,0,3,  ,0,0.0,1,0,1,0,0,0,0,0,0,0,0,0,0,0,0,0,0
10241,2008105544,752.0,748.0,25,25302,42.1105,-80.0773,0,1,0,0,0,1,4,9,2008,3,7.0,1.0,0,1.0,3,1,3,  ,2,3.0,1,0,1,0,0,0,0,0,0,0,0,0,0,0,0,0,0