,CRN,ARRIVAL_TM,DISPATCH_TM,COUNTY,MUNICIPALITY,DEC_LAT,DEC_LONG,BICYCLE_DEATH_COUNT,BICYCLE_SUSP_SERIOUS_INJ_COUNT,BUS_COUNT,HEAVY_TRUCK_COUNT,SMALL_TRUCK_COUNT,SUV_COUNT,COLLISION_TYPE,CRASH_MONTH,CRASH_YEAR,DAY_OF_WEEK,HOUR_OF_DAY,ILLUMINATION,LOCATION_TYPE,ROAD_CONDITION,URBAN_RURAL,INTERSECT_TYPE,WEATHER1,WEATHER2,TCD_TYPE,TCD_FUNC_CD,AGGRESSIVE_DRIVING,ALCOHOL_RELATED,ANGLE_CRASH,CELL_PHONE,COMM_VEHICLE,DISTRACTED,DRINKING_DRIVER,DRUGGED_DRIVER,FATIGUE_ASLEEP,IMPAIRED_DRIVER,NHTSA_AGG_DRIVING,RUNNING_RED_LT,RUNNING_STOP_SIGN,SPEEDING_RELATED,TAILGATING,MATURE_DRIVER,YOUNG_DRIVER
10242,2008105597,1922.0,1919.0,66,66207,40.0442,-76.7243,0,0,0,0,0,0,4,9,2008,5,19.0,4.0,0,9.0,1,1,7,  ,2,3.0,1,0,1,0,0,1,0,0,0,0,0,0,0,0,0,0,0
10243,2008105708,1701.0,1650.0,54,54208,40.8274,-76.8434,0,0,0,0,0,0,4,9,2008,4,16.0,1.0,0,1.0,1,0,3,  ,0,0.0,1,0,1,0,0,0,0,0,0,0,0,0,0,0,0,0,0
10244,2008105862,1823.0,1821.0,60,60301,41.3986,-79.8284,0,1,0,0,1,0,4,9,2008,2,18.0,1.0,0,1.0,2,0,3,  ,0,0.0,0,0,1,0,0,0,0,0,0,0,0,0,0,0,0,0,0
10245,2008105916,1740.0,1732.0,40,40214,40.9764,-76.0115,0,0,0,1,0,0,5,9,2008,2,17.0,1.0,0,1.0,1,3,3,  ,0,0.0,0,0,0,0,1,0,0,0,0,0,0,0,0,0,0,0,0
10246,2008105999,1853.0,1847.0,33,33405,41.1432,-78.8001,0,0,0,0,0,1,4,9,2008,7,18.0,1.0,0,1.0,1,1,3,  ,3,3.0,0,0,1,0,0,0,0,0,0,0,0,0,0,0,0,1,0
10247,2008106129,1646.0,1645.0,14,14206,40.8058,-77.8883,0,0,1,0,0,0,4,10,2008,4,16.0,1.0,0,1.0,1,0,3,  ,0,0.0,0,0,1,0,1,0,0,0,0,0,0,0,0,0,0,0,0
10248,2008106416,2009.0,2008.0,46,46419,40.1833,-75.5423,0,0,0,0,1,0,2,10,2008,4,20.0,3.0,0,9.0,3,2,7,  ,0,0.0,0,1,0,0,0,0,1,0,0,1,0,0,0,0,0,0,0
10249,2008106447,1844.0,1810.0,5,5228,40.2405,-78.3573,0,0,0,0,0,1,1,9,2008,2,17.0,1.0,0,1.0,1,0,3,  ,0,0.0,0,0,0,0,0,0,0,0,0,0,0,0,0,0,0,0,0
10250,2008106472,1552.0,1529.0,36,36232,40.0635,-76.0257,0,1,0,0,0,0,0,10,2008,4,15.0,1.0,0,1.0,1,2,3,  ,3,3.0,1,0,0,0,0,0,0,0,0,0,0,0,0,1,0,0,1
10251,2008106604,1239.0,1235.0,25,25302,42.1366,-80.0346,0,0,1,0,0,0,5,9,2008,5,12.0,1.0,0,1.0,3,0,3,  ,0,0.0,0,0,0,0,1,0,0,0,0,0,0,0,0,0,0,0,0
10252,2008106630,1806.0,1805.0,46,46204,40.1923,-75.1295,0,0,0,0,0,0,4,10,2008,5,18.0,1.0,0,1.0,3,1,3,  ,3,3.0,0,0,1,0,0,0,0,0,0,0,0,0,0,0,0,0,0
10253,2008106802,1816.0,1733.0,26,26205,40.0452,-79.6709,0,0,0,0,0,0,1,9,2008,3,17.0,1.0,0,1.0,1,0,3,  ,0,0.0,0,0,0,0,0,0,0,0,0,0,0,0,0,0,0,0,0
10254,2008106928,1645.0,1649.0,23,23111,39.9573,-75.2643,0,0,0,0,0,0,4,8,2008,4,16.0,1.0,0,1.0,3,1,3,  ,3,2.0,0,0,1,0,0,0,0,0,0,0,0,0,0,0,0,0,0
10255,2008106977,1351.0,1350.0,64,64303,40.3243,-79.6203,0,0,0,0,0,0,4,9,2008,7,13.0,1.0,0,9.0,3,2,7,  ,0,0.0,0,0,1,0,0,0,0,0,0,0,0,0,0,0,0,0,0
10256,2008107066,1646.0,1646.0,48,48301,40.6214,-75.3754,0,0,0,0,0,0,4,9,2008,2,16.0,1.0,0,1.0,3,1,3,  ,9,9.0,0,0,1,0,0,0,0,0,0,0,0,0,0,0,0,0,0
10257,2008107077,1246.0,1243.0,46,46225,40.1794,-75.2776,0,0,0,0,1,0,1,8,2008,4,12.0,1.0,0,1.0,3,0,3,  ,0,0.0,0,0,0,0,0,0,0,0,0,0,0,0,0,0,0,0,0
10258,2008107089,9999.0,543.0,22,22412,40.2785,-76.8496,0,0,0,0,0,1,4,9,2008,5,5.0,3.0,0,9.0,3,1,3,  ,2,3.0,0,0,1,0,0,0,0,0,0,0,0,0,0,0,0,1,0
10259,2008107105,1735.0,1733.0,25,25213,42.0674,-80.0895,0,0,0,0,0,0,4,9,2008,2,17.0,1.0,0,1.0,3,2,3,  ,3,3.0,0,0,1,0,0,0,0,0,0,0,0,0,0,0,0,0,0
10260,2008107174,2012.0,2006.0,25,25302,42.0996,-80.107,0,0,0,0,1,0,4,8,2008,3,19.0,1.0,0,1.0,3,2,3,  ,3,3.0,1,0,1,0,0,0,0,0,0,0,0,0,0,0,0,0,0
10261,2008107225,1400.0,1357.0,25,25213,42.1051,-80.1308,0,0,0,0,0,0,4,8,2008,7,13.0,1.0,0,1.0,3,1,3,  ,2,3.0,0,0,1,0,0,0,0,0,0,0,0,0,0,0,0,0,0
10262,2008107268,1759.0,1754.0,23,23111,39.9575,-75.2732,0,0,0,0,0,1,4,7,2008,5,17.0,1.0,0,1.0,3,1,3,  ,0,0.0,0,0,1,0,0,0,0,0,0,0,0,0,0,0,0,0,1
10263,2008107277,2032.0,2031.0,23,23111,39.9506,-75.2548,0,0,0,0,0,0,4,8,2008,2,20.0,3.0,0,1.0,3,2,3,  ,2,2.0,0,0,1,0,0,0,0,0,0,0,0,0,0,0,0,0,0
10264,2008107290,1820.0,1817.0,38,38301,40.3458,-76.4101,0,0,0,0,1,0,4,8,2008,2,18.0,1.0,0,1.0,2,1,3,  ,0,0.0,0,0,1,0,0,0,0,0,0,0,0,0,0,0,0,0,0
10265,2008107335,924.0,922.0,2,2301,40.4377,-79.9131,0,0,0,0,0,0,4,9,2008,2,9.0,1.0,0,1.0,3,2,3,  ,3,3.0,0,0,1,0,0,0,0,0,0,0,0,0,0,0,0,0,0
10266,2008107338,1259.0,1253.0,2,2301,40.4386,-79.9628,0,0,0,0,0,1,1,9,2008,4,12.0,1.0,0,1.0,3,0,3,  ,0,0.0,0,0,0,0,0,0,0,0,0,0,0,0,0,0,0,1,0
10267,2008107392,1956.0,1956.0,36,36413,40.1099,-76.5032,0,0,0,0,1,1,4,9,2008,3,19.0,3.0,0,9.0,2,1,7,  ,2,3.0,1,0,1,0,0,1,0,0,0,0,0,1,0,0,0,0,0
10268,2008107430,2123.0,2120.0,36,36301,40.044,-76.294,0,0,0,0,0,0,4,9,2008,6,21.0,3.0,0,1.0,3,10,3,  ,3,3.0,0,0,1,0,0,0,0,0,0,0,0,0,0,0,0,0,0
10269,2008107537,1745.0,1735.0,25,25213,42.1037,-80.1352,0,0,0,0,0,0,4,8,2008,5,17.0,1.0,0,1.0,3,0,3,  ,0,0.0,0,0,1,0,0,0,0,0,0,0,0,0,0,0,0,0,0
10270,2008107581,2352.0,2350.0,39,39301,40.6003,-75.4729,0,0,0,0,0,0,4,8,2008,6,23.0,3.0,0,9.0,3,1,7,  ,2,3.0,0,0,1,0,0,0,0,0,0,0,0,0,0,0,0,0,0
10271,2008107582,1712.0,1712.0,46,46413,40.3502,-75.4817,0,0,0,0,0,0,4,9,2008,6,17.0,1.0,7,1.0,3,0,3,  ,3,3.0,0,0,1,0,0,0,0,0,0,0,0,0,0,0,0,0,0
10272,2008107584,1838.0,1836.0,23,23111,39.9558,-75.2728,0,0,0,0,0,0,8,8,2008,5,18.0,1.0,0,1.0,3,2,3,  ,2,3.0,1,0,0,0,0,0,0,0,0,0,0,1,0,0,0,0,0
10273,2008107592,1546.0,1544.0,25,25411,42.2123,-79.8361,0,0,0,0,0,0,4,9,2008,7,15.0,1.0,0,1.0,1,0,3,  ,0,0.0,0,0,1,0,0,0,0,0,0,0,0,0,0,0,0,0,0
10274,2008107603,1805.0,1804.0,35,35413,41.4675,-75.6036,0,0,0,0,1,0,4,10,2008,6,18.0,1.0,0,1.0,3,2,3,  ,2,3.0,0,0,1,0,0,0,0,0,0,0,0,0,0,0,0,0,0
10275,2008107697,1442.0,1440.0,36,36408,40.1694,-76.1978,0,0,0,0,1,0,4,9,2008,3,14.0,1.0,0,1.0,2,5,3,  ,2,3.0,0,0,1,0,0,0,0,0,0,0,0,0,0,0,0,0,1
10276,2008107752,1740.0,1736.0,67,67301,39.9871,-75.1626,0,0,0,0,0,0,5,8,2008,7,17.0,1.0,0,1.0,3,1,3,  ,2,9.0,0,0,0,0,0,0,0,0,0,0,0,0,0,0,0,0,0
10277,2008107754,1540.0,1537.0,67,67301,39.9415,-75.1778,0,0,0,0,0,0,4,8,2008,4,15.0,1.0,0,1.0,3,1,3,  ,2,3.0,0,0,1,0,0,0,0,0,0,0,0,0,0,0,0,0,0
10278,2008107757,1740.0,1738.0,36,36301,40.0353,-76.3172,0,0,0,0,0,0,4,9,2008,3,17.0,1.0,0,1.0,3,2,3,  ,3,2.0,0,0,1,0,0,0,0,0,0,0,0,0,0,0,0,0,0
10279,2008107762,1500.0,1500.0,67,67301,39.9503,-75.1917,0,0,0,0,0,0,2,8,2008,6,9.0,1.0,0,1.0,3,1,3,  ,2,9.0,1,0,0,0,0,0,0,0,0,0,0,1,0,0,0,0,0
10280,2008107764,1349.0,1347.0,67,67301,39.9512,-75.2071,0,0,0,0,0,1,4,8,2008,3,13.0,1.0,0,1.0,3,1,3,  ,3,3.0,0,0,1,0,0,0,0,0,0,0,0,0,0,0,0,0,0
10281,2008107905,1724.0,1723.0,67,67301,39.9566,-75.198,0,0,0,0,0,0,4,8,2008,5,17.0,1.0,0,1.0,3,1,3,  ,2,3.0,1,0,1,0,0,0,0,0,0,0,0,0,0,0,0,0,0
10282,2008107934,1345.0,1345.0,67,67301,39.9438,-75.209,0,0,0,0,0,0,1,8,2008,4,13.0,1.0,0,1.0,3,2,3,  ,0,0.0,1,0,0,0,0,0,0,0,0,0,0,0,0,0,0,0,0
10283,2008107936,1858.0,1855.0,67,67301,39.9979,-75.1208,0,0,0,0,0,0,6,8,2008,7,15.0,1.0,0,1.0,3,0,3,  ,0,0.0,0,0,0,0,0,0,0,0,0,0,0,0,0,0,0,0,0
10284,2008107940,1035.0,1030.0,67,67301,39.9351,-75.1636,0,0,0,0,0,0,4,9,2008,6,10.0,1.0,0,1.0,3,1,3,  ,3,3.0,0,0,1,0,0,0,0,0,0,0,0,0,0,0,0,1,0
10285,2008107956,1417.0,1415.0,46,46211,40.2435,-75.2433,0,0,0,0,1,0,4,9,2008,7,14.0,1.0,0,1.0,1,0,3,  ,0,0.0,1,0,1,0,0,0,0,0,0,0,0,0,0,0,0,0,0
10286,2008107959,1905.0,1905.0,6,6429,40.3357,-75.9559,0,0,0,0,0,1,4,7,2008,3,19.0,1.0,0,1.0,3,1,3,  ,2,3.0,1,0,1,0,0,0,0,0,0,0,0,0,0,0,0,0,0
10287,2008107980,1143.0,1139.0,67,67301,39.9221,-75.1518,0,1,0,0,0,1,4,8,2008,1,11.0,1.0,0,9.0,3,0,7,  ,0,0.0,0,0,1,0,0,0,0,0,0,0,0,0,0,0,0,0,0
10288,2008107982,1805.0,1800.0,67,67301,39.9187,-75.1655,0,0,0,0,0,0,4,8,2008,7,17.0,1.0,0,1.0,3,1,3,  ,3,3.0,1,0,1,0,0,0,0,0,0,0,0,0,0,0,0,0,0
10289,2008107984,1202.0,1158.0,67,67301,39.9498,-75.1776,0,0,0,0,0,0,4,7,2008,5,99.0,1.0,0,1.0,3,1,3,  ,2,3.0,1,0,1,0,0,0,0,0,0,0,0,0,0,0,0,0,0
10290,2008107988,1920.0,1915.0,67,67301,39.9856,-75.2396,0,0,0,0,0,0,4,8,2008,6,18.0,1.0,7,1.0,3,0,3,  ,3,3.0,0,0,1,0,0,0,0,0,0,0,0,0,0,0,0,0,0
10291,2008107994,1835.0,1832.0,67,67301,39.9612,-75.1466,0,0,0,0,1,0,4,8,2008,2,18.0,1.0,0,1.0,3,1,3,  ,2,3.0,0,0,1,0,0,0,0,0,0,0,0,0,0,0,0,0,0
10292,2008108002,1550.0,1545.0,67,67301,39.9592,-75.1654,0,0,0,0,0,0,4,8,2008,6,15.0,1.0,0,1.0,3,2,3,  ,3,3.0,1,0,1,0,0,0,0,0,0,0,0,0,0,0,0,0,0
10293,2008108008,2120.0,2118.0,67,67301,40.0596,-75.0878,0,0,0,0,0,0,4,8,2008,4,21.0,6.0,0,1.0,3,1,3,  ,3,9.0,0,0,1,0,0,0,0,0,0,0,0,0,0,0,0,0,1
10294,2008108013,1135.0,1132.0,67,67301,40.0742,-75.0848,0,0,0,0,0,1,4,8,2008,7,11.0,1.0,7,1.0,3,0,3,  ,0,0.0,0,0,1,0,0,0,0,0,0,0,0,0,0,0,0,0,0
10295,2008108022,1713.0,1705.0,14,14410,40.7608,-77.8765,0,0,0,0,0,0,5,9,2008,2,17.0,1.0,0,1.0,3,0,3,  ,0,0.0,0,0,0,0,0,0,0,0,0,0,0,0,0,0,0,0,0
10296,2008108040,744.0,741.0,36,36301,40.0413,-76.3042,0,0,0,0,0,0,4,9,2008,3,7.0,1.0,0,1.0,3,1,3,  ,2,3.0,0,0,1,0,0,0,0,0,0,0,0,0,0,0,0,0,0
10297,2008108508,1306.0,1303.0,23,23110,39.8417,-75.4433,0,0,0,0,0,0,1,7,2008,1,13.0,1.0,0,1.0,3,0,3,  ,0,0.0,0,0,0,0,0,0,0,0,0,0,0,0,0,0,0,0,0
10298,2008108564,1455.0,1450.0,67,67301,39.9498,-75.2148,0,0,0,0,1,0,4,8,2008,5,14.0,1.0,0,1.0,3,2,3,  ,3,3.0,1,0,1,0,0,0,0,0,0,0,0,0,0,0,0,0,0
10299,2008108570,756.0,751.0,67,67301,40.0355,-75.2355,0,0,0,0,0,0,5,8,2008,4,7.0,1.0,0,1.0,3,0,3,  ,0,0.0,1,0,0,0,0,0,0,0,0,0,0,0,0,0,0,0,0
10300,2008108586,2142.0,2140.0,67,67301,39.938,-75.1977,0,0,0,0,1,0,6,9,2008,2,21.0,3.0,0,1.0,3,1,3,  ,3,2.0,1,0,0,0,0,0,0,0,0,0,0,0,0,0,0,0,0
10301,2008108624,1730.0,1725.0,67,67301,40.0315,-75.0901,0,0,0,0,0,0,8,8,2008,7,17.0,1.0,7,1.0,3,0,3,  ,0,0.0,0,0,0,0,0,0,0,0,0,0,0,0,0,0,0,0,0
10302,2008108645,1828.0,1818.0,67,67301,40.0625,-75.1824,0,0,0,0,0,0,4,8,2008,6,17.0,1.0,0,1.0,3,1,3,  ,3,3.0,1,0,1,0,0,1,0,0,0,0,0,0,0,0,0,0,0
10303,2008108649,1800.0,1800.0,67,67301,39.957,-75.1572,0,0,0,0,0,0,4,8,2008,6,18.0,1.0,0,1.0,3,1,3,  ,2,3.0,0,0,1,0,0,0,0,0,0,0,0,0,0,0,0,0,0
10304,2008108655,2305.0,2301.0,67,67301,39.9968,-75.1538,0,0,0,0,0,0,4,8,2008,4,22.0,3.0,0,1.0,3,5,3,  ,0,0.0,1,0,1,0,0,0,0,0,0,0,0,0,0,0,0,0,0
10305,2008108660,2102.0,2100.0,67,67301,39.9511,-75.1784,0,0,0,0,0,0,5,8,2008,4,21.0,3.0,0,1.0,3,1,3,  ,2,3.0,1,0,0,0,0,0,0,0,0,0,0,0,0,0,1,0,1
10306,2008108674,1142.0,1138.0,67,67301,40.0278,-75.0986,0,0,0,0,0,0,4,9,2008,2,11.0,1.0,0,1.0,3,1,3,  ,2,3.0,0,0,1,0,0,0,0,0,0,0,0,0,0,0,0,0,0
10307,2008108679,1117.0,1115.0,67,67301,39.9728,-75.1461,0,0,0,0,0,0,4,9,2008,4,11.0,1.0,0,1.0,3,0,3,  ,2,3.0,0,0,1,0,0,0,0,0,0,0,0,0,0,0,0,0,0
10308,2008108680,1530.0,1525.0,67,67301,39.9728,-75.1461,0,0,0,0,0,0,4,9,2008,5,99.0,1.0,0,1.0,3,1,3,  ,2,2.0,0,0,1,0,0,0,0,0,0,0,0,0,0,0,0,0,0
10309,2008108684,9999.0,1000.0,67,67301,40.01,-75.1567,0,0,0,0,0,0,4,7,2008,6,18.0,1.0,0,1.0,3,0,3,  ,0,0.0,0,0,1,0,0,0,0,0,0,0,0,0,0,0,0,1,0
10310,2008108686,1640.0,1445.0,67,67301,40.0114,-75.2004,0,0,0,0,0,1,2,8,2008,7,14.0,1.0,2,1.0,3,7,3,  ,0,0.0,1,0,0,0,0,0,0,0,0,0,0,0,0,0,0,0,0
10311,2008108764,632.0,632.0,22,22301,40.2579,-76.8563,0,0,0,0,1,0,6,9,2008,2,6.0,5.0,0,1.0,3,2,3,  ,3,3.0,0,0,0,0,0,0,0,0,0,0,0,0,0,0,0,0,0
10312,2008108767,1729.0,1728.0,22,22301,40.2713,-76.8667,0,0,0,0,0,0,4,10,2008,4,17.0,1.0,0,1.0,3,1,3,  ,2,3.0,0,0,1,0,0,0,0,0,0,0,0,0,0,0,0,0,0
10313,2008108791,1604.0,1603.0,25,25302,42.1035,-80.0633,0,0,0,0,0,0,4,9,2008,1,16.0,1.0,0,1.0,3,1,3,  ,3,3.0,0,0,1,0,0,0,0,0,0,0,0,0,0,0,0,1,0
10314,2008108827,1059.0,1058.0,23,23103,39.9692,-75.2975,0,0,0,0,1,0,4,10,2008,4,10.0,1.0,7,1.0,3,0,3,  ,0,0.0,0,0,1,0,0,0,0,0,0,0,0,0,0,0,0,0,1
10315,2008108969,1529.0,1527.0,67,67301,39.9231,-75.163,0,0,0,0,0,0,5,8,2008,7,15.0,1.0,0,1.0,3,0,3,  ,0,0.0,0,0,0,0,0,0,0,0,0,0,0,0,0,0,0,1,0
10316,2008108970,1755.0,1754.0,67,67301,39.9327,-75.1818,0,0,0,0,0,0,5,9,2008,1,17.0,1.0,0,1.0,3,0,3,  ,0,0.0,0,0,0,0,0,0,0,0,0,0,0,0,0,0,0,0,0
10317,2008108971,1045.0,1043.0,67,67301,39.9458,-75.1831,0,0,0,0,0,1,4,9,2008,3,10.0,1.0,0,1.0,3,1,3,  ,2,3.0,0,0,1,0,0,0,0,0,0,0,0,0,0,0,0,0,0
10318,2008109010,605.0,601.0,2,2117,40.3979,-80.0656,0,0,0,0,0,0,4,10,2008,4,5.0,2.0,7,1.0,3,0,3,  ,0,0.0,0,0,1,0,0,0,0,0,0,0,0,0,0,0,0,0,0
10319,2008109148,1622.0,1619.0,22,22102,40.2416,-76.8067,0,1,0,0,0,0,4,9,2008,2,16.0,1.0,0,1.0,3,0,3,  ,0,0.0,0,0,1,0,0,0,0,0,0,0,0,0,0,0,0,0,0
10320,2008109437,1730.0,1720.0,25,25302,42.1227,-80.0556,0,0,0,0,0,0,8,9,2008,2,17.0,1.0,0,1.0,3,0,3,  ,0,0.0,0,0,0,0,0,0,0,0,0,0,0,0,0,0,0,0,0
10321,2008109807,805.0,759.0,2,2301,40.4387,-79.9464,0,0,0,0,0,0,5,9,2008,3,7.0,1.0,0,1.0,3,3,3,  ,0,0.0,0,0,0,0,0,0,0,0,0,0,0,0,0,0,0,0,0
10322,2008109812,1650.0,1649.0,39,39301,40.6165,-75.4725,0,0,0,0,0,0,6,9,2008,4,16.0,1.0,0,1.0,3,1,3,  ,0,0.0,0,0,0,0,0,0,0,0,0,0,0,0,0,0,0,0,0
10323,2008109816,1724.0,1721.0,39,39301,40.6138,-75.4756,0,0,0,0,0,0,4,9,2008,5,17.0,1.0,0,1.0,3,1,3,  ,0,0.0,0,0,1,0,0,0,0,0,0,0,0,0,0,0,0,0,0
10324,2008109919,1858.0,1845.0,6,6205,40.4497,-76.3307,0,0,0,0,1,0,5,9,2008,2,18.0,1.0,0,1.0,1,0,3,  ,0,0.0,0,0,0,0,0,1,0,0,0,0,0,0,0,0,0,0,1
10325,2008110036,1605.0,1558.0,66,66436,40.1082,-76.7134,0,0,0,0,0,0,4,8,2008,3,15.0,1.0,0,1.0,1,0,3,  ,0,0.0,0,0,1,0,0,0,0,0,0,0,0,0,0,0,0,0,0
10326,2008110071,1245.0,1230.0,6,6301,40.3353,-75.9279,0,0,0,0,0,1,4,9,2008,7,20.0,3.0,0,1.0,3,1,3,  ,2,3.0,0,0,1,0,0,0,0,0,0,0,0,0,0,0,0,0,0
10327,2008110151,1316.0,1311.0,6,6102,40.3909,-75.9657,0,0,0,0,0,0,4,9,2008,4,13.0,1.0,0,1.0,3,2,3,  ,3,3.0,1,0,1,0,0,0,0,0,0,0,0,0,1,0,0,0,1
10328,2008110179,921.0,918.0,2,2301,40.4616,-79.9079,0,0,0,0,0,0,2,9,2008,2,9.0,1.0,0,1.0,3,1,3,  ,2,3.0,1,0,0,0,0,0,0,0,0,0,0,1,0,0,0,0,0
10329,2008110227,1419.0,1349.0,36,36301,40.0298,-76.3042,0,0,0,0,0,0,4,6,2008,2,13.0,1.0,0,1.0,3,10,3,  ,3,3.0,1,0,1,0,0,0,0,0,0,0,0,0,0,0,0,0,1
10330,2008110373,1503.0,1502.0,46,46104,40.0055,-75.2359,0,0,0,0,0,0,4,9,2008,2,15.0,1.0,0,1.0,3,2,3,  ,3,3.0,1,0,1,0,0,0,0,0,0,0,0,0,0,0,0,0,0
10331,2008110666,1738.0,1721.0,64,64216,40.2271,-79.7648,0,0,0,0,1,0,5,10,2008,5,17.0,1.0,0,1.0,1,0,3,  ,0,0.0,1,0,0,0,0,0,0,0,0,0,0,0,0,0,0,0,0
10332,2008110826,1302.0,1257.0,2,2117,40.3909,-80.0593,0,0,0,0,0,0,4,10,2008,1,12.0,1.0,7,1.0,3,10,3,  ,0,0.0,0,0,1,0,0,0,0,0,0,0,0,0,0,0,0,0,0
10333,2008110934,2055.0,2053.0,6,6101,40.3235,-75.6534,0,1,0,0,0,0,4,10,2008,2,20.0,3.0,0,1.0,1,2,3,  ,0,0.0,0,0,1,0,0,0,0,0,0,0,0,0,0,0,0,0,0
10334,2008111462,1355.0,1348.0,17,17228,41.1038,-78.742,0,0,0,0,0,1,7,10,2008,1,13.0,1.0,0,1.0,1,0,3,  ,0,0.0,0,0,0,0,0,0,0,0,0,0,0,0,0,0,0,0,0
10335,2008111488,1743.0,1743.0,1,1407,39.8297,-77.2402,0,0,0,0,1,0,2,10,2008,7,17.0,1.0,0,2.0,2,1,3,  ,0,0.0,0,0,0,0,0,0,0,0,0,0,0,0,0,0,0,0,0
10336,2008111645,2130.0,2126.0,39,39102,40.6456,-75.4934,0,0,0,0,0,0,4,10,2008,6,21.0,3.0,0,1.0,3,5,3,  ,0,0.0,0,0,1,0,0,0,0,0,0,0,0,0,0,0,0,0,0
10337,2008111695,1731.0,1653.0,15,15255,39.9389,-75.5814,0,0,0,0,0,0,4,9,2008,4,16.0,1.0,0,1.0,3,0,3,  ,0,0.0,0,0,1,0,0,0,0,0,0,0,0,0,0,0,0,0,0
10338,2008111740,1655.0,1650.0,48,48409,40.692,-75.4953,0,0,0,0,0,0,4,10,2008,5,16.0,1.0,0,1.0,3,0,3,  ,0,0.0,0,0,1,0,0,0,0,0,0,0,0,0,0,0,0,0,0
10339,2008111803,1818.0,1812.0,2,2115,40.4456,-80.1588,0,0,0,0,0,1,4,10,2008,6,18.0,1.0,0,1.0,3,0,3,  ,3,3.0,0,0,1,0,0,1,0,0,0,0,0,0,0,0,0,0,0
10340,2008111807,1140.0,1134.0,2,2407,40.339,-80.0027,0,0,0,0,0,0,1,10,2008,7,11.0,1.0,0,1.0,3,3,3,  ,3,3.0,0,0,0,0,0,0,0,0,0,0,0,0,0,0,0,0,0
10341,2008111972,1302.0,1246.0,16,16216,41.1251,-79.4316,0,0,0,0,0,1,4,9,2008,1,12.0,1.0,0,1.0,1,0,3,  ,0,0.0,0,0,1,0,0,0,0,0,0,0,0,0,0,0,0,0,0
10342,2008112013,1636.0,1634.0,23,23207,39.896,-75.4058,0,0,1,0,0,0,5,10,2008,7,16.0,1.0,0,1.0,3,0,3,  ,0,0.0,0,0,0,0,1,0,0,0,0,0,0,0,0,0,0,0,0
10343,2008112052,1506.0,1502.0,51,51401,41.3679,-74.7048,0,0,0,0,1,0,4,10,2008,5,15.0,1.0,0,1.0,1,1,3,  ,3,3.0,0,0,1,0,0,0,0,0,0,0,0,0,0,0,0,0,0
10344,2008112092,1044.0,1040.0,46,46104,40.0204,-75.3093,0,0,0,0,0,0,4,10,2008,3,10.0,1.0,0,1.0,3,1,3,  ,2,3.0,1,0,1,0,0,0,0,0,0,0,0,0,0,0,0,1,0
10345,2008112335,1905.0,1904.0,2,2304,40.3527,-79.8258,0,0,0,0,0,0,4,9,2008,1,19.0,4.0,0,1.0,3,1,3,  ,0,0.0,0,0,1,0,0,0,0,0,0,0,0,0,0,0,0,0,0
10346,2008112365,726.0,725.0,36,36406,40.1063,-76.3544,0,1,0,0,0,0,2,9,2008,7,7.0,1.0,0,1.0,3,1,3,  ,2,3.0,1,0,0,0,0,0,0,0,0,0,0,0,0,0,0,0,0
10347,2008112412,1237.0,1235.0,23,23101,39.8667,-75.4144,0,0,0,0,0,0,4,8,2008,5,12.0,1.0,0,1.0,3,0,3,  ,0,0.0,0,0,1,0,0,0,0,0,0,0,0,0,0,0,0,0,1
10348,2008112426,2327.0,2325.0,23,23101,39.8642,-75.4133,0,0,0,0,1,0,4,5,2008,1,21.0,3.0,0,1.0,3,0,3,  ,0,0.0,0,0,1,0,0,0,0,0,0,0,0,0,0,0,0,0,0
10349,2008112457,1701.0,1656.0,41,41301,41.2401,-77.0504,0,0,0,0,0,0,4,9,2008,7,16.0,1.0,0,9.0,3,2,7,  ,0,0.0,0,0,1,0,0,0,0,0,0,0,0,0,0,0,0,1,0
10350,2008112574,1543.0,1539.0,36,36214,,,0,0,0,0,0,0,4,9,2008,6,15.0,1.0,7,9.0,3,0,3,  ,3,3.0,0,0,1,0,0,0,0,0,0,0,0,0,0,0,0,0,1
10351,2008112585,1830.0,1829.0,46,46413,40.1189,-75.3468,0,0,0,0,0,1,4,9,2008,4,18.0,1.0,0,1.0,3,1,3,  ,2,3.0,0,0,1,0,0,0,0,0,0,0,0,0,0,0,0,0,0
10352,2008112697,1948.0,1944.0,36,36301,40.0349,-76.2922,0,0,0,0,0,0,4,9,2008,5,19.0,4.0,0,1.0,3,0,3,  ,0,0.0,0,0,1,0,0,0,0,0,0,0,0,0,0,0,0,0,0
10353,2008112791,2145.0,2138.0,2,2301,40.448,-80.0021,0,0,0,0,0,0,1,10,2008,4,21.0,3.0,3,1.0,3,10,3,  ,0,0.0,1,0,0,0,0,0,0,0,0,0,0,0,0,0,0,0,0
10354,2008112835,1108.0,1105.0,38,38301,40.3408,-76.4222,0,1,0,0,0,0,4,9,2008,5,11.0,1.0,0,1.0,2,1,3,  ,2,3.0,0,0,1,0,0,0,0,0,0,0,0,0,0,0,0,0,0
10355,2008113222,1607.0,1601.0,46,46413,40.1246,-75.3459,0,0,0,0,0,0,6,9,2008,3,16.0,1.0,0,1.0,3,2,3,  ,0,0.0,0,0,0,0,0,0,0,0,0,0,0,0,0,0,0,0,0