,CRN,ARRIVAL_TM,DISPATCH_TM,COUNTY,MUNICIPALITY,DEC_LAT,DEC_LONG,BICYCLE_DEATH_COUNT,BICYCLE_SUSP_SERIOUS_INJ_COUNT,BUS_COUNT,HEAVY_TRUCK_COUNT,SMALL_TRUCK_COUNT,SUV_COUNT,COLLISION_TYPE,CRASH_MONTH,CRASH_YEAR,DAY_OF_WEEK,HOUR_OF_DAY,ILLUMINATION,LOCATION_TYPE,ROAD_CONDITION,URBAN_RURAL,INTERSECT_TYPE,WEATHER1,WEATHER2,TCD_TYPE,TCD_FUNC_CD,AGGRESSIVE_DRIVING,ALCOHOL_RELATED,ANGLE_CRASH,CELL_PHONE,COMM_VEHICLE,DISTRACTED,DRINKING_DRIVER,DRUGGED_DRIVER,FATIGUE_ASLEEP,IMPAIRED_DRIVER,NHTSA_AGG_DRIVING,RUNNING_RED_LT,RUNNING_STOP_SIGN,SPEEDING_RELATED,TAILGATING,MATURE_DRIVER,YOUNG_DRIVER
10356,2008113223,1526.0,1526.0,15,15232,39.982,-75.8913,0,0,0,0,0,0,4,9,2008,4,99.0,1.0,0,1.0,1,1,3,  ,2,3.0,0,0,1,0,0,0,0,0,0,0,0,0,0,0,0,1,0
10357,2008113224,1604.0,1559.0,46,46413,40.1211,-75.3367,0,0,0,0,0,0,4,9,2008,5,15.0,1.0,0,1.0,3,1,3,  ,3,3.0,0,0,1,0,0,0,0,0,0,0,0,0,0,0,0,0,0
10358,2008113830,1527.0,1525.0,36,36409,,,0,0,0,0,0,0,4,10,2008,3,15.0,1.0,7,1.0,3,0,3,  ,3,3.0,0,0,1,0,0,0,0,0,0,0,0,0,0,0,0,0,1
10359,2008114057,335.0,330.0,2,2301,40.4588,-79.9645,0,0,0,0,0,0,4,10,2008,1,3.0,3.0,0,1.0,3,0,3,  ,0,0.0,0,1,1,0,0,0,1,0,0,1,0,0,0,0,0,0,0
10360,2008114058,1738.0,1734.0,2,2301,40.4465,-79.9928,0,0,0,0,0,0,5,10,2008,3,17.0,1.0,0,1.0,3,0,3,  ,0,0.0,1,0,0,0,0,0,0,0,0,0,0,0,0,0,0,0,0
10361,2008114059,1738.0,1738.0,2,2301,40.438,-79.9277,0,0,0,0,0,0,4,10,2008,3,17.0,1.0,0,1.0,3,1,3,  ,2,3.0,0,0,1,0,0,0,0,0,0,0,0,0,0,0,0,0,0
10362,2008114264,1421.0,1410.0,14,14204,40.8029,-77.8628,0,0,0,0,0,0,4,10,2008,5,14.0,1.0,0,1.0,3,0,3,  ,0,0.0,1,0,1,0,0,1,0,0,0,0,0,0,0,0,0,0,0
10363,2008114295,328.0,328.0,6,6410,40.519,-75.7762,0,0,0,0,0,0,4,9,2008,1,3.0,3.0,0,9.0,1,1,7,  ,2,3.0,0,1,1,0,0,1,0,0,0,0,0,0,0,0,0,0,0
10364,2008114323,1500.0,1457.0,48,48301,40.6343,-75.3517,0,0,0,0,0,0,6,10,2008,2,14.0,1.0,0,1.0,3,1,3,  ,3,3.0,0,0,0,0,0,0,0,0,0,0,0,0,0,0,0,0,0
10365,2008114351,1747.0,1747.0,6,6101,40.3385,-75.9356,0,0,0,0,0,0,4,10,2008,6,14.0,1.0,0,1.0,1,0,3,  ,0,0.0,0,0,1,0,0,0,0,0,0,0,0,0,0,0,0,0,1
10366,2008114467,1835.0,1833.0,39,39302,40.6209,-75.3903,0,0,0,0,0,0,4,10,2008,1,18.0,1.0,0,1.0,3,1,3,  ,0,0.0,0,0,1,0,0,0,0,0,0,0,0,0,0,0,0,0,0
10367,2008114473,1723.0,1721.0,48,48301,40.641,-75.3713,0,0,0,0,0,0,4,10,2008,3,17.0,1.0,0,1.0,3,1,3,  ,3,3.0,0,0,1,0,0,0,0,0,0,0,0,0,0,0,0,0,0
10368,2008114474,1315.0,1311.0,39,39302,40.6231,-75.3937,0,0,0,0,0,0,2,10,2008,7,13.0,1.0,0,1.0,3,1,3,  ,0,0.0,0,0,0,0,0,0,0,0,0,0,0,0,0,0,0,0,0
10369,2008114475,1350.0,1346.0,48,48301,40.6256,-75.3818,0,0,0,0,0,0,4,10,2008,4,13.0,1.0,0,1.0,3,0,3,  ,0,0.0,1,0,1,0,0,0,0,0,0,0,0,0,0,0,0,0,0
10370,2008114505,9999.0,2345.0,36,36301,40.053,-76.2996,0,0,0,0,0,0,4,10,2008,1,23.0,3.0,0,1.0,3,2,3,  ,3,3.0,0,0,1,0,0,0,0,0,0,0,0,0,0,0,0,0,0
10371,2008114546,2305.0,2300.0,2,2301,40.449,-79.9346,0,0,0,0,0,0,4,10,2008,5,22.0,3.0,0,1.0,3,2,3,  ,0,0.0,1,0,1,0,0,0,0,0,0,0,0,0,0,0,0,0,0
10372,2008114555,848.0,838.0,2,2301,40.4496,-79.9026,0,0,0,0,0,0,5,10,2008,3,8.0,1.0,0,1.0,3,0,3,  ,0,0.0,0,0,0,0,0,0,0,0,0,0,0,0,0,0,0,0,0
10373,2008114571,1848.0,1844.0,2,2301,40.4463,-79.976,0,0,0,0,0,1,4,10,2008,4,18.0,4.0,0,1.0,3,2,3,  ,3,3.0,0,0,1,0,0,0,0,0,0,0,0,0,0,0,0,0,0
10374,2008114636,2033.0,2028.0,38,38301,40.3409,-76.4073,0,0,0,0,0,0,4,10,2008,3,20.0,1.0,0,1.0,2,0,3,  ,0,0.0,0,0,1,0,0,0,0,0,0,0,0,0,0,0,0,0,0
10375,2008114839,1721.0,1719.0,41,41301,41.2431,-77.0328,0,0,0,0,1,0,4,10,2008,2,17.0,1.0,0,1.0,3,1,3,  ,3,3.0,1,0,1,0,0,0,0,0,0,0,0,0,0,0,0,0,0
10376,2008115091,1720.0,1706.0,31,31208,40.6753,-78.1058,0,0,0,0,1,0,5,10,2008,7,15.0,1.0,0,1.0,1,0,3,  ,0,0.0,1,0,0,0,0,0,0,0,0,0,0,0,0,0,0,0,0
10377,2008115227,715.0,655.0,6,6240,40.2463,-75.7744,0,0,0,0,0,0,4,10,2008,3,6.0,2.0,0,1.0,1,0,3,  ,0,0.0,0,0,1,0,0,0,0,0,0,0,0,0,0,0,0,0,0
10378,2008115314,1046.0,1041.0,9,9219,40.3492,-75.1643,0,0,0,0,0,0,4,10,2008,1,10.0,1.0,0,1.0,1,2,3,  ,0,0.0,0,0,1,0,0,0,0,0,0,0,0,0,0,0,0,0,0
10379,2008115585,1844.0,1844.0,7,7301,40.5097,-78.3828,0,0,0,0,0,0,4,10,2008,1,18.0,3.0,0,1.0,3,1,3,  ,3,3.0,0,0,1,0,0,0,0,0,0,0,0,0,0,0,0,0,0
10380,2008115848,1802.0,1802.0,23,23104,39.827,-75.427,0,0,0,0,1,0,4,6,2008,5,18.0,1.0,0,1.0,3,2,3,  ,0,0.0,0,0,1,0,0,0,0,0,0,0,0,0,0,0,0,0,0
10381,2008116083,1915.0,1856.0,58,58227,41.9072,-77.1468,1,0,0,0,0,0,4,9,2008,3,18.0,1.0,0,1.0,1,2,98,  ,0,0.0,1,0,1,0,0,0,0,0,0,0,0,0,0,0,0,1,0
10382,2008116377,1339.0,1333.0,36,36101,40.0906,-76.2803,0,0,0,0,0,0,4,10,2008,7,13.0,1.0,0,1.0,3,1,3,  ,2,3.0,1,0,1,0,0,0,0,0,0,0,0,0,0,0,0,0,0
10383,2008116554,1629.0,1626.0,46,46103,40.268,-75.3026,0,0,0,0,0,0,4,10,2008,4,16.0,1.0,0,9.0,3,0,7,  ,0,0.0,0,0,1,0,0,0,0,0,0,0,0,0,0,0,0,0,0
10384,2008116563,1026.0,1024.0,2,2420,40.5142,-80.1556,0,0,0,0,0,0,4,10,2008,5,10.0,1.0,0,1.0,3,2,3,  ,3,3.0,0,1,1,0,0,0,0,0,0,0,0,0,0,0,0,1,0
10385,2008116668,1749.0,1747.0,46,46104,40.0014,-75.2761,0,0,0,0,0,0,4,10,2008,5,17.0,1.0,0,1.0,3,0,3,  ,0,0.0,0,0,1,0,0,0,0,0,0,0,0,0,0,0,0,0,0
10386,2008116680,2009.0,2005.0,66,66413,39.7973,-76.9852,0,0,0,0,0,0,4,8,2008,5,20.0,4.0,0,1.0,2,1,3,  ,3,3.0,0,0,1,0,0,0,0,0,0,0,0,0,0,0,0,0,1
10387,2008116896,1805.0,1805.0,53,53415,40.6934,-76.2629,0,0,0,0,0,1,4,10,2008,6,18.0,1.0,0,1.0,1,1,3,  ,3,3.0,1,0,1,0,0,0,0,0,0,0,0,0,1,0,0,0,0
10388,2008117042,814.0,811.0,2,2301,40.4471,-79.9888,0,0,0,0,0,1,4,10,2008,4,8.0,1.0,0,1.0,3,0,3,  ,0,0.0,0,0,1,0,0,0,0,0,0,0,0,0,0,0,0,0,0
10389,2008117060,1943.0,1940.0,2,2301,40.4636,-80.0532,0,0,0,0,1,0,4,10,2008,4,19.0,3.0,0,1.0,3,1,3,  ,3,3.0,0,0,1,0,0,0,0,0,0,0,0,0,0,0,0,0,1
10390,2008117103,1848.0,1843.0,36,36408,40.1679,-76.166,0,0,0,0,0,0,4,10,2008,5,18.0,4.0,0,1.0,2,2,3,  ,2,3.0,0,0,1,0,0,0,0,0,0,0,0,0,0,0,0,0,0
10391,2008117121,1657.0,1647.0,6,6102,40.4111,-75.9204,0,0,0,0,0,0,4,10,2008,4,16.0,1.0,0,1.0,3,1,3,  ,2,3.0,0,0,1,0,0,0,0,0,0,0,0,0,0,0,0,0,0
10392,2008117397,1550.0,1546.0,1,1407,39.834,-77.2311,0,0,0,0,0,0,4,9,2008,3,15.0,1.0,0,9.0,2,1,7,  ,2,3.0,0,0,1,0,0,0,0,0,0,0,0,0,0,0,0,0,1
10393,2008117428,2021.0,2021.0,46,46107,40.091,-75.2945,0,0,0,0,0,0,1,10,2008,6,18.0,6.0,0,1.0,3,0,3,  ,0,0.0,0,0,0,0,0,0,0,0,0,0,0,0,0,0,0,0,0
10394,2008117644,2228.0,2228.0,23,23107,39.8779,-75.3447,0,0,0,0,0,0,4,11,2008,7,22.0,3.0,0,1.0,3,1,3,  ,2,3.0,0,0,1,0,0,0,0,0,0,0,0,0,0,0,0,0,0
10395,2008117688,1319.0,1317.0,20,20301,41.6368,-80.1532,0,0,0,0,0,0,4,10,2008,6,13.0,1.0,0,1.0,2,1,3,  ,2,3.0,1,0,1,0,0,0,0,0,0,0,0,0,0,0,0,0,0
10396,2008117960,2216.0,2216.0,21,21402,40.2019,-77.1936,0,0,0,0,0,0,2,10,2008,5,22.0,3.0,0,1.0,2,0,3,  ,0,0.0,0,1,0,0,0,0,1,0,0,1,0,0,0,0,0,0,0
10397,2008118077,1706.0,1655.0,66,66424,39.8984,-76.6013,0,0,0,0,1,0,4,10,2008,2,16.0,1.0,0,1.0,3,1,3,  ,0,0.0,0,0,1,0,0,0,0,0,0,0,0,0,0,0,0,0,0
10398,2008118523,1855.0,1852.0,20,20301,41.6322,-80.1489,0,0,0,0,0,1,4,11,2008,4,18.0,3.0,0,1.0,2,1,3,  ,3,3.0,0,0,1,0,0,0,0,0,0,0,0,0,0,0,0,0,0
10399,2008118525,1618.0,1610.0,7,7210,40.4832,-78.4012,0,0,0,1,0,0,4,11,2008,3,16.0,1.0,0,1.0,1,0,3,  ,0,0.0,0,0,1,0,1,0,0,0,0,0,0,0,0,0,0,0,0
10400,2008118530,9999.0,9999.0,67,67301,39.9489,-75.1605,0,0,0,0,0,0,4,9,2008,2,19.0,3.0,0,1.0,3,1,3,  ,2,3.0,0,0,1,0,0,0,0,0,0,0,0,0,0,0,0,0,0
10401,2008118554,1601.0,1600.0,67,67301,39.9528,-75.1668,0,0,0,0,0,0,4,9,2008,5,15.0,1.0,0,1.0,3,0,3,  ,0,0.0,0,0,1,0,0,0,0,0,0,0,0,0,0,0,0,0,1
10402,2008118560,455.0,455.0,67,67301,39.9673,-75.1367,0,0,0,0,0,0,2,9,2008,2,1.0,3.0,0,1.0,3,1,3,  ,9,9.0,0,0,0,0,0,0,0,0,0,0,0,0,0,0,0,0,0
10403,2008118568,1630.0,1610.0,67,67301,39.8973,-75.252,0,0,1,0,0,0,5,9,2008,5,16.0,1.0,0,1.0,3,0,3,  ,2,3.0,0,0,0,0,1,0,0,0,0,0,0,0,0,0,0,0,0
10404,2008118586,1235.0,1230.0,67,67301,39.9954,-75.1294,0,0,0,0,0,0,4,9,2008,2,18.0,1.0,0,1.0,3,1,3,  ,3,9.0,0,0,1,0,0,0,0,0,0,0,0,0,0,0,0,0,0
10405,2008118875,300.0,255.0,67,67301,39.9371,-75.1583,0,0,0,0,0,0,8,9,2008,1,2.0,3.0,0,1.0,3,1,3,  ,3,3.0,0,1,0,0,0,0,0,0,0,0,0,0,0,0,0,0,0
10406,2008118895,1045.0,1042.0,67,67301,39.9613,-75.175,0,0,0,0,0,0,4,10,2008,2,10.0,1.0,0,1.0,3,1,3,  ,2,3.0,0,0,1,0,0,0,0,0,0,0,0,0,0,0,0,1,0
10407,2008118900,1645.0,1636.0,67,67301,39.9758,-75.2266,0,0,0,0,0,0,4,8,2008,5,17.0,1.0,0,98.0,3,1,99,  ,3,9.0,0,0,1,0,0,0,0,0,0,0,0,0,0,0,0,0,0
10408,2008118925,2017.0,2016.0,67,67301,39.991,-75.1314,0,0,0,0,0,0,4,8,2008,6,19.0,1.0,0,1.0,3,1,3,  ,3,3.0,0,1,1,0,0,0,0,0,0,0,0,0,0,0,0,0,0
10409,2008118947,1255.0,1250.0,67,67301,39.9568,-75.2114,0,0,0,0,0,0,4,8,2008,5,12.0,1.0,0,1.0,3,1,3,  ,2,2.0,0,0,1,0,0,0,0,0,0,0,0,0,0,0,0,0,1
10410,2008118955,1305.0,1300.0,67,67301,39.9301,-75.1464,0,0,0,0,0,0,4,9,2008,4,12.0,1.0,0,1.0,3,2,3,  ,3,3.0,0,0,1,0,0,0,0,0,0,0,0,0,0,0,0,1,0
10411,2008118983,2136.0,2133.0,67,67301,39.9661,-75.2047,0,0,0,0,0,0,4,9,2008,4,21.0,3.0,0,1.0,3,0,3,  ,3,3.0,0,0,1,0,0,0,0,0,0,0,0,0,0,0,0,0,0
10412,2008118985,1748.0,1748.0,10,10301,40.865,-79.8935,0,0,0,0,0,0,4,10,2008,5,17.0,4.0,0,1.0,2,1,3,  ,3,3.0,1,0,1,0,0,0,0,0,0,0,0,0,1,0,0,0,0
10413,2008118995,1421.0,1419.0,67,67301,39.9442,-75.1616,0,0,0,0,0,0,4,9,2008,4,14.0,1.0,0,1.0,3,1,3,  ,2,3.0,0,0,1,0,0,0,0,0,0,0,0,0,0,0,0,0,0
10414,2008118998,1910.0,1903.0,67,67301,39.9379,-75.1802,0,0,0,0,0,0,4,9,2008,3,19.0,1.0,0,1.0,3,1,3,  ,2,1.0,0,0,1,0,0,0,0,0,0,0,0,0,0,0,0,0,0
10415,2008119005,1605.0,1600.0,67,67301,39.9589,-75.1655,0,0,0,0,0,1,5,8,2008,7,15.0,1.0,99,1.0,3,0,3,  ,0,0.0,0,0,0,0,0,0,0,0,0,0,0,0,0,0,0,0,0
10416,2008119012,1815.0,1812.0,67,67301,39.9981,-75.1183,0,0,0,0,0,0,4,9,2008,5,18.0,1.0,0,1.0,3,0,3,  ,0,0.0,0,0,1,0,0,0,0,0,0,0,0,0,0,0,0,0,0
10417,2008119065,1900.0,1856.0,67,67301,40.0906,-74.9778,0,0,0,0,0,0,4,9,2008,3,18.0,1.0,0,1.0,3,1,3,  ,0,0.0,0,0,1,0,0,0,0,0,0,0,0,0,0,0,0,0,0
10418,2008119070,2240.0,2224.0,67,67301,40.0269,-75.0972,0,0,0,0,0,0,4,9,2008,5,22.0,3.0,0,1.0,3,1,3,  ,2,3.0,1,0,1,0,0,0,0,0,0,0,0,1,0,0,0,0,0
10419,2008119080,1440.0,1430.0,67,67301,40.0294,-75.2297,0,0,0,0,0,0,4,8,2008,6,14.0,1.0,0,1.0,3,2,3,  ,2,3.0,0,0,1,0,0,0,0,0,0,0,0,0,0,0,0,0,0
10420,2008119089,1941.0,1938.0,24,24402,41.4221,-78.7294,0,0,0,0,1,0,4,10,2008,1,18.0,4.0,0,1.0,2,1,3,  ,2,3.0,1,0,1,0,0,0,0,0,0,0,0,0,0,0,0,0,0
10421,2008119092,1526.0,1523.0,14,14410,40.7901,-77.8541,0,0,0,0,0,0,4,10,2008,6,15.0,1.0,0,1.0,3,1,3,  ,3,3.0,1,0,1,0,0,0,0,0,0,0,0,0,0,0,0,0,0
10422,2008119102,1635.0,1632.0,67,67301,39.9123,-75.1759,0,0,0,0,0,0,4,9,2008,5,14.0,1.0,0,1.0,3,2,3,  ,3,3.0,1,0,1,0,0,0,0,0,0,0,0,0,1,0,0,0,0
10423,2008119120,831.0,828.0,67,67301,39.9391,-75.19,0,0,0,0,0,1,8,9,2008,2,8.0,1.0,0,1.0,3,2,3,  ,3,1.0,0,0,0,0,0,0,0,0,0,0,0,0,0,0,0,1,0
10424,2008119121,1158.0,1151.0,67,67301,39.9466,-75.1805,0,0,0,0,0,0,4,9,2008,3,11.0,1.0,0,9.0,3,1,3,  ,2,3.0,0,0,1,0,0,0,0,0,0,0,0,0,0,0,0,0,0
10425,2008119122,1656.0,1652.0,67,67301,39.9442,-75.1736,0,0,0,0,0,0,4,9,2008,1,16.0,1.0,0,1.0,3,1,3,  ,0,0.0,0,0,1,0,0,0,0,0,0,0,0,0,0,0,0,0,0
10426,2008119145,1805.0,1803.0,67,67301,39.9491,-75.2129,0,0,0,0,0,0,5,9,2008,1,17.0,1.0,0,1.0,3,0,3,  ,0,0.0,0,0,0,0,0,0,0,0,0,0,0,0,0,0,0,0,0
10427,2008119193,2220.0,2213.0,67,67301,39.9289,-75.1855,0,0,0,0,0,0,4,9,2008,6,22.0,3.0,0,9.0,3,1,7,  ,3,9.0,0,0,1,0,0,0,0,0,0,0,0,0,0,0,0,0,0
10428,2008119214,1220.0,1215.0,67,67301,39.9536,-75.165,0,0,0,0,0,0,4,9,2008,5,12.0,1.0,0,1.0,3,1,3,  ,0,0.0,0,0,1,0,0,1,0,0,0,0,0,0,0,0,0,0,0
10429,2008119225,408.0,402.0,67,67301,40.0625,-75.1565,0,0,0,0,0,0,2,9,2008,1,99.0,1.0,0,1.0,3,0,3,  ,0,0.0,0,0,0,1,0,1,0,0,0,0,0,0,0,0,0,1,0
10430,2008119236,820.0,815.0,67,67301,39.9297,-75.1719,0,0,0,0,0,1,4,9,2008,3,8.0,1.0,0,1.0,3,2,3,  ,3,9.0,0,0,1,0,0,0,0,0,0,0,0,0,0,0,0,0,0
10431,2008119330,0.0,0.0,2,2301,40.4452,-79.9303,0,0,0,0,0,0,4,7,2008,4,7.0,1.0,0,1.0,3,1,3,  ,9,9.0,0,0,1,0,0,0,0,0,0,0,0,0,0,0,0,0,0
10432,2008119367,1320.0,1315.0,67,67301,39.9612,-75.2349,0,0,0,0,0,0,4,9,2008,4,13.0,1.0,0,1.0,3,1,3,  ,2,3.0,0,0,1,0,0,0,0,0,0,0,0,0,0,0,0,0,0
10433,2008119372,1807.0,1802.0,67,67301,39.9742,-75.1458,0,0,0,0,0,0,1,9,2008,3,17.0,4.0,0,1.0,3,1,3,  ,3,3.0,0,0,0,0,0,0,0,0,0,0,0,0,0,0,0,0,0
10434,2008119374,2113.0,2109.0,67,67301,39.9396,-75.1886,0,0,0,0,0,0,8,9,2008,5,21.0,2.0,0,1.0,3,0,3,  ,0,0.0,0,0,0,0,0,0,0,0,0,0,0,0,0,0,0,0,0
10435,2008119388,9999.0,9999.0,67,67301,,,0,0,0,0,0,0,4,8,2008,7,22.0,6.0,0,1.0,3,0,3,  ,0,0.0,0,0,1,0,0,0,0,0,0,0,0,0,0,0,0,0,0
10436,2008119389,0.0,0.0,2,2113,40.4852,-79.8569,0,0,0,0,0,0,1,7,2008,5,21.0,1.0,0,1.0,3,2,3,  ,9,9.0,0,0,0,0,0,0,0,0,0,0,0,0,0,0,0,0,0
10437,2008119404,0.0,0.0,67,67301,39.9479,-75.1462,0,0,0,0,0,0,1,8,2008,6,21.0,6.0,0,1.0,3,0,3,  ,0,0.0,0,0,0,0,0,0,0,0,0,0,0,0,0,0,0,0,0
10438,2008119436,0.0,0.0,2,2301,40.4391,-79.9333,0,0,0,0,0,0,1,8,2008,3,5.0,5.0,0,1.0,3,0,3,  ,0,0.0,0,0,0,0,0,0,0,0,0,0,0,0,0,0,0,0,0
10439,2008119475,1801.0,1801.0,67,67301,40.006,-75.0919,0,1,0,0,0,0,1,9,2008,2,99.0,1.0,0,1.0,3,5,3,  ,2,3.0,0,0,0,0,0,0,0,0,0,0,0,0,0,0,0,0,0
10440,2008119496,9999.0,1915.0,67,67301,39.9309,-75.1749,0,0,0,0,0,0,4,9,2008,7,19.0,3.0,0,1.0,3,2,3,  ,0,0.0,0,0,1,0,0,0,0,0,0,0,0,0,0,0,0,0,1
10441,2008119503,2205.0,2200.0,67,67301,40.0519,-75.153,0,0,0,0,0,0,4,9,2008,3,99.0,3.0,0,1.0,3,0,3,  ,0,0.0,0,0,1,0,0,0,0,0,0,0,0,0,0,0,0,0,0
10442,2008119504,1632.0,1625.0,67,67301,39.9626,-75.1631,0,0,0,0,0,0,8,9,2008,4,14.0,1.0,0,1.0,3,0,3,  ,2,3.0,0,0,0,0,0,0,0,0,0,0,0,0,0,0,0,0,0
10443,2008119520,1806.0,1800.0,36,36218,40.1893,-76.1804,0,0,0,0,0,0,4,11,2008,6,17.0,3.0,0,1.0,1,0,3,  ,0,0.0,1,0,1,0,0,0,0,0,0,0,0,0,0,0,0,0,0
10444,2008119553,1758.0,1750.0,67,67301,39.9526,-75.1781,0,0,0,0,0,0,4,10,2008,5,9.0,1.0,7,1.0,3,0,3,  ,0,0.0,1,0,1,0,0,0,0,0,0,0,0,0,0,0,0,0,0
10445,2008119671,125.0,123.0,67,67301,39.9537,-75.1546,0,0,0,0,0,0,5,9,2008,1,99.0,3.0,0,9.0,3,0,7,  ,0,0.0,0,0,0,0,0,0,0,0,0,0,0,0,0,0,0,0,0
10446,2008119678,1225.0,1221.0,67,67301,39.9819,-75.1349,0,0,0,0,1,0,2,8,2008,5,11.0,1.0,0,1.0,3,1,3,  ,3,9.0,0,0,0,0,0,0,0,0,0,0,0,0,0,0,0,0,0
10447,2008119683,1902.0,1850.0,67,67301,40.0093,-75.0922,0,0,0,0,0,0,6,9,2008,5,17.0,1.0,0,1.0,3,2,3,  ,3,3.0,0,0,0,0,0,0,0,0,0,0,0,0,0,0,0,0,0
10448,2008119754,1831.0,1828.0,67,67301,39.9786,-75.1677,0,0,0,0,0,0,5,10,2008,4,18.0,1.0,0,1.0,3,0,3,  ,0,0.0,0,0,0,0,0,0,0,0,0,0,0,0,0,0,0,0,0
10449,2008119755,715.0,710.0,67,67301,40.0374,-75.0354,0,0,0,0,0,0,4,9,2008,4,7.0,6.0,0,1.0,3,0,3,  ,0,0.0,0,0,1,0,0,0,0,0,0,0,0,0,0,0,0,0,0
10450,2008119762,1320.0,1310.0,67,67301,40.0263,-75.0814,0,0,0,0,0,0,4,9,2008,5,13.0,1.0,0,1.0,3,1,3,  ,3,3.0,0,0,1,0,0,0,0,0,0,0,0,0,0,0,0,0,0
10451,2008119763,1605.0,1605.0,67,67301,40.0191,-75.0496,0,0,0,0,0,1,8,9,2008,1,15.0,1.0,0,1.0,3,0,3,  ,0,0.0,0,0,0,0,0,0,0,0,0,0,0,0,0,0,0,0,0
10452,2008119768,2009.0,2003.0,67,67301,39.9386,-75.2217,0,0,0,0,0,0,4,9,2008,2,19.0,3.0,0,1.0,3,1,3,  ,2,3.0,0,0,1,0,0,0,0,0,0,0,0,0,0,0,0,0,0
10453,2008119771,1656.0,1652.0,67,67301,39.9244,-75.1696,0,0,0,0,1,0,2,9,2008,5,16.0,1.0,0,1.0,3,1,3,  ,2,3.0,0,0,0,0,0,0,0,0,0,0,0,0,0,0,0,0,0
10454,2008119847,2108.0,2106.0,66,66205,39.9867,-76.8556,0,0,0,0,0,0,4,10,2008,4,21.0,2.0,0,1.0,1,0,3,  ,0,0.0,1,0,1,0,0,0,0,0,0,0,0,0,0,0,0,0,1
10455,2008119898,725.0,719.0,21,21102,40.2107,-76.9622,0,0,0,0,0,0,5,11,2008,5,7.0,1.0,0,9.0,3,0,7,  ,0,0.0,0,0,0,0,0,0,0,0,0,0,0,0,0,0,0,0,0
10456,2008120165,1319.0,1309.0,67,67301,39.9874,-75.1522,0,0,0,0,0,0,4,9,2008,7,13.0,1.0,0,9.0,3,0,7,  ,0,0.0,0,0,1,0,0,0,0,0,0,0,0,0,0,0,0,0,0
10457,2008120172,2245.0,2240.0,67,67301,39.9856,-75.1722,0,0,0,0,0,0,4,9,2008,6,20.0,3.0,0,9.0,3,0,7,  ,0,0.0,0,0,1,0,0,0,0,0,0,0,0,0,0,0,0,0,0
10458,2008120179,2101.0,2100.0,67,67301,40.0243,-75.0629,1,0,0,0,0,0,4,7,2008,2,20.0,3.0,0,1.0,3,0,3,  ,0,0.0,0,0,1,0,0,0,0,0,0,0,0,0,0,0,0,0,0
10459,2008120192,1445.0,1440.0,67,67301,39.9281,-75.1695,0,0,0,0,0,0,8,9,2008,5,14.0,1.0,0,1.0,3,1,3,  ,0,0.0,1,0,0,0,0,0,0,0,0,0,0,0,0,0,0,0,0
10460,2008120193,1355.0,1350.0,67,67301,39.9258,-75.1711,0,0,0,0,0,0,5,10,2008,4,13.0,1.0,0,1.0,3,1,3,  ,3,3.0,0,0,0,0,0,0,0,0,0,0,0,0,0,0,0,0,0
10461,2008120199,18.0,18.0,67,67301,39.9493,-75.1642,0,0,0,0,0,0,4,10,2008,6,0.0,3.0,0,1.0,3,1,3,  ,2,3.0,0,0,1,0,0,0,0,0,0,0,0,0,0,0,0,0,0
10462,2008120200,2035.0,2030.0,67,67301,39.9619,-75.1593,0,0,0,0,0,0,4,10,2008,2,20.0,1.0,0,1.0,3,1,3,  ,2,3.0,0,0,1,0,0,0,0,0,0,0,0,0,0,0,0,0,0
10463,2008120206,1815.0,1809.0,67,67301,39.9234,-75.1494,0,0,0,0,0,0,4,10,2008,2,18.0,1.0,0,1.0,3,0,3,  ,0,0.0,0,0,1,0,0,0,0,0,0,0,0,0,0,0,0,0,0
10464,2008120546,847.0,847.0,67,67301,39.9971,-75.2047,0,0,0,0,0,0,4,9,2008,7,8.0,1.0,0,1.0,3,1,3,  ,0,0.0,0,0,1,0,0,0,0,0,0,0,0,0,0,0,0,1,0
10465,2008120619,1515.0,1456.0,67,67301,39.9254,-75.1777,0,0,0,0,0,1,4,10,2008,6,14.0,1.0,0,1.0,3,1,3,  ,2,3.0,1,0,1,0,0,0,0,0,0,0,0,0,0,0,0,0,0
10466,2008120649,1716.0,1713.0,67,67301,40.0151,-75.2074,0,0,0,0,0,0,5,9,2008,1,17.0,1.0,7,1.0,3,0,3,  ,0,0.0,1,0,0,0,0,0,0,0,0,0,0,0,0,0,0,0,0
10467,2008120653,1757.0,1756.0,67,67301,39.9668,-75.2418,0,0,0,0,0,0,4,9,2008,1,15.0,1.0,0,1.0,3,1,3,  ,3,3.0,0,0,1,0,0,0,0,0,0,0,0,0,0,0,0,0,0
10468,2008120656,1521.0,521.0,67,67301,39.9593,-75.1999,0,0,0,0,0,0,4,9,2008,6,15.0,1.0,0,1.0,3,2,3,  ,3,3.0,1,0,1,0,0,0,0,0,0,0,0,0,0,0,0,0,0
10469,2008120664,1834.0,1831.0,11,11403,40.3319,-78.9332,0,1,0,0,1,0,4,10,2008,3,18.0,1.0,0,1.0,3,2,3,  ,0,0.0,0,0,1,0,0,0,0,0,0,0,0,0,0,0,0,0,0