,CRN,ARRIVAL_TM,DISPATCH_TM,COUNTY,MUNICIPALITY,DEC_LAT,DEC_LONG,BICYCLE_DEATH_COUNT,BICYCLE_SUSP_SERIOUS_INJ_COUNT,BUS_COUNT,HEAVY_TRUCK_COUNT,SMALL_TRUCK_COUNT,SUV_COUNT,COLLISION_TYPE,CRASH_MONTH,CRASH_YEAR,DAY_OF_WEEK,HOUR_OF_DAY,ILLUMINATION,LOCATION_TYPE,ROAD_CONDITION,URBAN_RURAL,INTERSECT_TYPE,WEATHER1,WEATHER2,TCD_TYPE,TCD_FUNC_CD,AGGRESSIVE_DRIVING,ALCOHOL_RELATED,ANGLE_CRASH,CELL_PHONE,COMM_VEHICLE,DISTRACTED,DRINKING_DRIVER,DRUGGED_DRIVER,FATIGUE_ASLEEP,IMPAIRED_DRIVER,NHTSA_AGG_DRIVING,RUNNING_RED_LT,RUNNING_STOP_SIGN,SPEEDING_RELATED,TAILGATING,MATURE_DRIVER,YOUNG_DRIVER
10470,2008120695,1625.0,1021.0,67,67301,39.9638,-75.2303,0,0,0,0,0,0,4,9,2008,5,10.0,1.0,0,1.0,3,2,3,  ,3,3.0,1,0,1,0,0,0,0,0,0,0,0,0,0,0,0,1,0
10471,2008120761,1259.0,1257.0,36,36412,40.0029,-76.3554,0,0,0,0,0,0,4,9,2008,1,12.0,1.0,0,9.0,3,1,7,  ,3,3.0,0,0,1,0,0,0,0,0,0,0,0,0,0,0,0,1,0
10472,2008120768,2011.0,2010.0,67,67301,39.9525,-75.2093,0,0,0,0,0,0,4,9,2008,2,20.0,3.0,0,1.0,3,1,3,  ,2,3.0,1,0,1,0,0,0,0,0,0,0,0,1,0,0,0,0,0
10473,2008120773,1644.0,1644.0,33,33402,,,0,0,0,0,0,0,4,10,2008,6,16.0,1.0,0,1.0,1,2,3,  ,0,0.0,0,0,1,0,0,0,0,0,0,0,0,0,0,0,0,0,0
10474,2008120784,820.0,735.0,67,67301,39.9473,-75.2269,0,0,0,0,0,0,4,9,2008,5,7.0,1.0,0,1.0,3,1,3,  ,2,3.0,0,0,1,0,0,0,0,0,0,0,0,0,0,0,0,0,1
10475,2008120855,2005.0,1955.0,25,25302,42.1175,-80.0526,0,0,0,0,0,0,4,10,2008,2,19.0,3.0,0,1.0,3,1,3,  ,3,3.0,0,0,1,0,0,0,0,0,0,0,0,0,0,0,0,0,0
10476,2008120902,1926.0,1920.0,67,67301,39.9556,-75.2146,0,0,0,0,0,0,8,2,2008,6,19.0,4.0,0,1.0,3,1,3,  ,2,3.0,0,0,0,0,0,0,0,0,0,0,0,0,0,0,0,0,0
10477,2008120907,2105.0,2058.0,67,67301,39.9443,-75.155,0,0,0,0,0,0,4,10,2008,5,19.0,3.0,0,1.0,3,1,3,  ,2,3.0,0,0,1,0,0,0,0,0,0,0,0,0,0,0,0,1,0
10478,2008120963,1851.0,1849.0,39,39302,40.6308,-75.3952,0,0,0,0,0,0,4,10,2008,6,18.0,2.0,0,1.0,3,1,3,  ,2,3.0,0,0,1,0,0,0,0,0,0,0,0,0,0,0,0,0,0
10479,2008121116,1225.0,1222.0,67,67301,39.9163,-75.1666,0,1,0,0,0,0,4,10,2008,7,17.0,1.0,0,98.0,3,2,99,  ,9,9.0,0,0,1,1,0,1,0,0,0,0,0,0,0,0,0,0,0
10480,2008121130,250.0,245.0,67,67301,39.9314,-75.1563,0,1,0,0,0,0,4,10,2008,7,2.0,3.0,0,1.0,3,1,3,  ,3,3.0,1,0,1,0,0,0,0,0,0,0,0,0,1,0,0,0,0
10481,2008121294,0.0,0.0,67,67301,39.9981,-75.1261,0,0,0,0,0,0,4,8,2008,4,17.0,1.0,0,1.0,3,2,3,  ,0,0.0,1,0,1,0,0,0,0,0,0,0,0,0,0,0,0,0,0
10482,2008121486,2111.0,2109.0,9,9410,40.3002,-75.1657,0,0,0,0,0,0,1,11,2008,4,21.0,2.0,0,9.0,3,1,7,  ,3,3.0,0,0,0,0,0,0,0,0,0,0,0,0,0,0,0,0,1
10483,2008121517,1108.0,1106.0,15,15414,39.9631,-75.5994,0,0,0,0,1,0,1,10,2008,3,11.0,1.0,0,9.0,3,0,7,  ,0,0.0,1,0,0,0,0,0,0,0,0,0,0,0,0,0,0,0,0
10484,2008121525,1100.0,1056.0,15,15204,40.035,-75.7093,0,0,0,0,0,0,8,11,2008,1,10.0,1.0,0,1.0,1,2,3,  ,3,3.0,1,0,0,0,0,0,0,0,0,0,0,0,0,0,0,0,0
10485,2008121777,1747.0,1720.0,16,16202,41.2326,-79.5211,0,0,0,0,0,0,5,11,2008,4,17.0,4.0,0,1.0,1,0,3,  ,0,0.0,0,0,0,0,0,0,0,0,0,0,0,0,0,0,0,0,0
10486,2008121959,1030.0,1019.0,41,41219,41.2507,-76.9727,0,0,0,0,0,0,4,11,2008,5,10.0,1.0,0,1.0,1,1,3,  ,4,3.0,0,0,1,0,0,0,0,0,0,0,0,0,0,0,0,0,0
10487,2008122025,1925.0,1902.0,31,31206,40.229,-77.9012,0,0,0,0,0,0,2,11,2008,3,18.0,2.0,0,1.0,1,0,3,  ,0,0.0,0,0,0,0,0,0,0,0,0,0,0,0,0,0,0,0,0
10488,2008122189,1754.0,1750.0,15,15211,39.7698,-75.9873,0,0,0,0,0,0,4,11,2008,6,17.0,3.0,0,1.0,1,0,3,  ,0,0.0,0,0,1,0,0,0,0,0,0,0,0,0,0,0,0,0,0
10489,2008122619,1517.0,1516.0,46,46206,40.2833,-75.4812,0,0,0,0,0,0,5,11,2008,7,15.0,1.0,0,1.0,1,3,3,  ,0,0.0,1,0,0,0,0,0,0,0,0,0,0,0,0,0,0,0,0
10490,2008122779,1439.0,1428.0,46,46416,40.2579,-75.646,0,0,0,0,0,0,4,10,2008,4,13.0,1.0,0,1.0,2,1,3,  ,3,3.0,1,0,1,0,0,0,0,0,0,0,0,0,0,0,0,0,0
10491,2008122796,2345.0,2344.0,67,67301,39.9415,-75.1573,0,0,0,0,0,0,4,9,2008,3,23.0,3.0,0,9.0,3,0,7,  ,0,0.0,0,0,1,0,0,0,0,0,0,0,0,0,0,0,0,0,0
10492,2008122797,2044.0,2044.0,67,67301,39.9426,-75.157,0,0,0,0,0,0,8,9,2008,7,20.0,3.0,0,9.0,3,2,7,05,2,3.0,0,0,0,0,0,0,0,0,0,0,0,0,0,0,0,0,0
10493,2008122805,1530.0,1527.0,67,67301,39.9927,-75.1203,0,0,0,0,0,0,4,9,2008,5,99.0,1.0,0,1.0,3,5,3,  ,2,3.0,0,0,1,0,0,0,0,0,0,0,0,0,0,0,0,0,0
10494,2008122830,1607.0,1605.0,48,48301,40.6206,-75.3706,0,0,0,0,0,0,4,10,2008,2,16.0,1.0,0,1.0,3,1,3,  ,3,2.0,1,0,1,0,0,0,0,0,0,0,0,0,0,0,0,0,0
10495,2008122854,157.0,151.0,67,67301,40.0227,-75.1368,1,0,0,0,0,0,4,8,2008,1,1.0,3.0,0,1.0,3,1,3,  ,2,3.0,1,1,1,0,0,0,1,0,0,1,1,0,0,1,0,0,0
10496,2008122855,852.0,849.0,67,67301,39.9561,-75.2058,0,0,1,0,0,0,5,9,2008,4,8.0,1.0,0,1.0,3,0,3,  ,0,0.0,0,0,0,0,1,0,0,0,0,0,0,0,0,0,0,0,0
10497,2008122861,9999.0,9999.0,67,67301,39.9456,-75.165,0,0,1,0,0,0,8,9,2008,2,99.0,1.0,0,1.0,3,1,3,  ,9,9.0,0,0,0,0,1,0,0,0,0,0,0,0,0,0,0,0,0
10498,2008122864,1056.0,1055.0,67,67301,39.9799,-75.1609,0,0,1,0,0,0,5,9,2008,3,10.0,1.0,0,9.0,3,0,7,  ,0,0.0,0,0,0,0,1,0,0,0,0,0,0,0,0,0,0,0,0
10499,2008122939,1100.0,1005.0,21,21402,,,0,0,0,0,0,0,4,11,2008,1,10.0,1.0,0,1.0,2,0,3,  ,8,3.0,1,0,1,0,0,0,0,0,0,0,0,0,0,0,0,1,0
10500,2008122951,1849.0,1840.0,22,22301,40.283,-76.8809,0,0,0,0,0,0,4,11,2008,3,18.0,3.0,0,1.0,3,1,3,  ,0,0.0,0,0,1,0,0,0,0,0,0,0,0,0,0,0,0,0,0
10501,2008122961,1340.0,1330.0,36,36101,40.0858,-76.3069,0,0,0,0,0,0,4,10,2008,1,13.0,1.0,0,1.0,3,1,3,  ,3,3.0,1,0,1,0,0,0,0,0,0,0,0,0,0,0,0,1,0
10502,2008123029,1530.0,1521.0,2,2203,40.4519,-80.2043,0,1,0,0,0,0,4,11,2008,6,15.0,1.0,0,1.0,3,0,3,  ,0,0.0,0,0,1,0,0,0,0,0,0,0,0,0,0,0,0,0,0
10503,2008123427,1923.0,1922.0,66,66101,39.9486,-76.7113,0,0,0,0,0,0,4,10,2008,6,19.0,3.0,0,1.0,1,2,3,  ,0,0.0,1,1,1,0,0,0,1,0,0,1,0,0,0,0,0,1,0
10504,2008123687,956.0,950.0,22,22301,40.2753,-76.8947,0,0,0,0,0,0,4,11,2008,4,9.0,1.0,0,1.0,3,2,3,  ,3,3.0,0,0,1,0,0,0,0,0,0,0,0,0,0,1,0,0,0
10505,2008123707,2052.0,2050.0,6,6420,40.3255,-76.0166,0,0,0,0,0,0,4,11,2008,5,20.0,3.0,0,1.0,3,3,3,  ,2,3.0,0,0,1,0,0,0,0,0,0,0,0,0,0,0,0,0,0
10506,2008123841,1835.0,1818.0,25,25214,42.2297,-79.7905,0,0,0,0,0,0,1,11,2008,3,18.0,2.0,0,9.0,1,0,3,  ,0,0.0,0,1,0,0,0,0,1,0,0,1,0,0,0,0,0,0,0
10507,2008124426,1825.0,1825.0,66,66103,39.7811,-76.953,0,0,0,0,0,0,4,10,2008,5,18.0,4.0,0,1.0,2,1,3,  ,0,0.0,1,0,1,0,0,0,0,0,0,0,0,0,0,0,0,0,1
10508,2008124784,1052.0,1035.0,28,28205,39.9675,-77.6919,0,0,0,0,0,0,4,10,2008,2,16.0,1.0,0,1.0,2,2,99,  ,0,0.0,0,0,1,0,0,0,0,0,0,0,0,0,0,0,0,0,0
10509,2008125042,1652.0,1646.0,21,21409,40.0483,-77.5258,0,0,0,0,0,0,4,11,2008,6,16.0,1.0,0,1.0,2,1,3,  ,0,0.0,0,0,1,0,0,0,0,0,0,0,0,0,0,0,0,0,0
10510,2008126179,1745.0,1742.0,9,9227,40.2277,-75.1359,0,0,0,0,1,0,4,11,2008,6,17.0,2.0,0,1.0,3,0,3,  ,0,0.0,0,0,1,0,0,0,0,0,0,0,0,0,0,0,0,0,0
10511,2008126474,1543.0,1539.0,6,6301,40.3337,-75.9279,0,0,0,0,0,0,2,10,2008,5,15.0,1.0,0,1.0,3,1,3,  ,0,0.0,0,0,0,0,0,0,0,0,0,0,0,0,0,0,0,0,0
10512,2008126549,800.0,734.0,23,23111,39.9672,-75.288,0,0,0,0,1,0,4,10,2008,6,7.0,1.0,0,1.0,3,2,3,  ,3,3.0,0,0,1,0,0,1,0,0,0,0,0,0,0,0,0,0,0
10513,2008126572,2025.0,2025.0,14,14410,40.7901,-77.8541,0,0,0,0,0,0,4,11,2008,2,20.0,3.0,0,1.0,3,1,3,  ,3,3.0,0,0,1,0,0,0,0,0,0,0,0,0,0,0,0,0,0
10514,2008126636,747.0,746.0,36,36301,40.038,-76.3128,0,0,0,0,0,0,4,10,2008,5,7.0,1.0,0,1.0,3,1,3,  ,0,0.0,1,0,1,0,0,0,0,0,0,0,0,0,0,0,0,0,0
10515,2008126654,1814.0,1812.0,61,61301,41.8438,-79.1453,0,0,0,0,0,0,4,11,2008,3,18.0,3.0,0,9.0,2,1,10,  ,3,3.0,0,0,1,0,0,0,0,0,0,0,0,0,0,0,0,1,0
10516,2008126684,1710.0,1703.0,2,2301,40.4469,-79.9548,0,0,0,0,0,1,4,11,2008,6,17.0,1.0,0,1.0,3,1,3,  ,3,3.0,0,0,1,0,0,0,0,0,0,0,0,0,0,0,0,0,0
10517,2008127570,730.0,728.0,23,23402,39.859,-75.3905,0,0,0,0,1,0,4,11,2008,2,7.0,1.0,0,1.0,3,2,3,  ,3,3.0,1,0,1,0,0,0,0,0,0,0,0,0,0,0,0,0,1
10518,2008127671,1630.0,1613.0,6,6229,40.4032,-76.0481,0,0,0,0,0,0,1,11,2008,7,16.0,1.0,0,1.0,1,0,3,  ,0,0.0,0,0,0,0,0,0,0,0,0,0,0,0,0,0,0,0,0
10519,2008127857,1500.0,1458.0,46,46224,40.1315,-75.2323,0,0,0,0,0,0,1,11,2008,7,14.0,1.0,0,1.0,3,2,3,  ,0,0.0,0,0,0,0,0,0,0,0,0,0,0,0,0,0,0,0,0
10520,2008127875,2041.0,2035.0,40,40206,41.3357,-75.9578,0,0,0,0,0,0,5,11,2008,3,20.0,2.0,0,1.0,1,0,3,  ,0,0.0,0,0,0,0,0,0,0,0,0,0,0,0,0,0,0,0,0
10521,2008128251,1348.0,1345.0,66,66101,39.9483,-76.7119,0,0,0,0,0,0,4,11,2008,2,13.0,1.0,0,1.0,1,1,3,  ,2,3.0,0,0,1,0,0,0,0,0,0,0,0,0,0,0,0,1,0
10522,2008128275,1625.0,1622.0,23,23107,39.9066,-75.3257,0,0,0,0,1,0,4,12,2008,2,16.0,1.0,0,1.0,3,1,3,  ,2,3.0,0,0,1,0,0,0,0,0,0,0,0,0,0,0,0,0,0
10523,2008128382,1910.0,1907.0,1,1204,39.8431,-77.224,0,0,0,0,0,0,8,12,2008,2,19.0,6.0,7,1.0,1,0,3,  ,0,0.0,0,0,0,0,0,0,0,0,0,0,0,0,0,0,0,0,0
10524,2008128720,1801.0,1758.0,9,9101,40.154,-74.8556,0,0,0,0,0,1,4,11,2008,4,17.0,3.0,0,1.0,3,0,3,  ,2,3.0,0,0,1,0,0,0,0,0,0,0,0,0,0,0,0,0,0
10525,2008128721,2102.0,2100.0,46,46211,40.2334,-75.2543,0,1,0,0,0,0,4,11,2008,3,21.0,2.0,0,9.0,1,1,7,  ,2,3.0,0,0,1,0,0,0,0,0,0,0,0,0,0,0,0,0,0
10526,2008128934,1625.0,1618.0,2,2301,40.4398,-79.9195,0,0,0,0,0,0,4,11,2008,4,16.0,1.0,0,1.0,3,0,3,  ,0,0.0,1,0,1,0,0,0,0,0,0,0,0,0,0,0,0,0,0
10527,2008128949,1518.0,1515.0,36,36408,,,0,0,0,0,0,0,4,10,2008,1,15.0,1.0,0,1.0,2,2,3,  ,0,0.0,0,0,1,0,0,0,0,0,0,0,0,0,0,0,0,0,0
10528,2008129033,1004.0,1002.0,9,9212,40.1794,-75.0525,0,0,0,0,0,0,2,7,2008,5,10.0,1.0,0,1.0,3,0,3,  ,0,0.0,0,0,0,0,0,0,0,0,0,0,0,0,0,0,0,0,0
10529,2008129037,1434.0,1432.0,9,9212,40.1467,-74.986,0,0,0,0,0,0,2,7,2008,4,14.0,1.0,0,1.0,3,0,3,  ,0,0.0,0,0,0,0,0,0,0,0,0,0,0,0,0,0,0,0,1
10530,2008129040,1528.0,1522.0,9,9212,40.1518,-74.9632,0,0,0,0,0,0,4,7,2008,5,15.0,1.0,0,1.0,3,0,3,  ,0,0.0,0,0,1,0,0,0,0,0,0,0,0,0,0,0,0,0,1
10531,2008129042,2019.0,2018.0,9,9212,40.1586,-74.9914,0,0,0,0,1,0,4,7,2008,5,20.0,4.0,0,1.0,3,2,3,  ,0,0.0,0,0,1,0,0,0,0,0,0,0,0,0,0,0,0,0,0
10532,2008129258,1136.0,1130.0,25,25210,42.1461,-80.0034,0,0,0,0,0,0,4,11,2008,5,10.0,1.0,0,1.0,1,1,3,  ,2,3.0,0,0,1,0,0,0,0,0,0,0,0,0,0,0,0,1,0
10533,2008129470,1112.0,1112.0,14,14410,40.7905,-77.8633,0,0,0,0,0,0,4,11,2008,4,11.0,1.0,0,1.0,3,2,3,  ,0,0.0,0,0,1,0,0,0,0,0,0,0,0,0,0,0,0,0,1
10534,2008129487,1722.0,1720.0,48,48301,40.6102,-75.3846,0,0,0,0,0,0,4,11,2008,7,17.0,3.0,0,9.0,3,1,3,  ,2,3.0,0,0,1,0,0,0,0,0,0,0,0,0,0,0,0,0,0
10535,2008129598,1335.0,1328.0,35,35302,41.4124,-75.6722,0,0,0,0,0,0,4,10,2008,4,13.0,1.0,0,1.0,3,1,3,  ,2,3.0,0,0,1,0,0,0,0,0,0,0,0,0,0,0,0,1,0
10536,2008129614,1254.0,1251.0,46,46205,40.1943,-75.5341,0,0,0,0,0,0,4,11,2008,7,12.0,1.0,0,1.0,1,2,3,  ,3,3.0,0,0,1,0,0,0,0,0,0,0,0,0,0,0,0,0,0
10537,2008129676,1659.0,1654.0,14,14206,40.7427,-77.9085,0,0,0,0,0,1,5,12,2008,4,16.0,1.0,0,1.0,1,2,3,  ,3,3.0,1,0,0,0,0,0,0,0,0,0,0,0,0,0,0,0,0
10538,2008129680,833.0,825.0,36,36301,40.0432,-76.3023,0,0,1,0,0,0,4,11,2008,5,8.0,1.0,0,1.0,3,1,3,  ,2,3.0,1,0,1,0,1,0,0,0,0,0,0,0,0,0,0,0,0
10539,2008129719,1427.0,1427.0,2,2441,40.5778,-80.2203,0,0,0,0,0,1,6,11,2008,7,14.0,1.0,0,9.0,3,1,7,  ,3,3.0,0,0,0,0,0,0,0,0,0,0,0,0,0,0,0,0,0
10540,2008130039,1403.0,1401.0,36,36220,40.0386,-76.3276,0,0,0,0,0,1,4,11,2008,5,13.0,1.0,0,1.0,3,2,3,  ,3,3.0,1,0,1,0,0,0,0,0,0,0,0,0,0,0,0,0,0
10541,2008130184,2345.0,2310.0,5,5210,39.9492,-78.7522,0,0,0,0,0,0,1,7,2008,2,23.0,2.0,0,9.0,1,0,7,05,0,0.0,0,0,0,0,0,0,0,0,0,0,0,0,0,0,0,0,0
10542,2008130517,1122.0,1118.0,14,14410,40.7953,-77.8579,0,0,0,0,0,0,5,11,2008,6,11.0,1.0,0,1.0,3,2,3,  ,0,0.0,0,0,0,0,0,0,0,0,0,0,0,0,0,0,0,0,0
10543,2008130546,1532.0,1515.0,23,23103,39.9678,-75.3166,0,0,0,0,0,0,4,7,2008,1,14.0,1.0,0,1.0,3,2,3,  ,3,3.0,0,0,1,0,0,0,0,0,0,0,0,0,0,0,0,0,0
10544,2008130592,2251.0,2249.0,23,23108,39.9189,-75.3284,0,0,0,0,0,0,1,12,2008,5,22.0,3.0,0,1.0,3,0,3,  ,0,0.0,0,0,0,0,0,0,0,0,0,0,0,0,0,0,0,0,0
10545,2008130751,444.0,428.0,46,46417,40.3845,-75.4879,0,0,0,0,0,1,4,11,2008,4,4.0,3.0,0,1.0,1,2,3,  ,0,0.0,0,0,1,0,0,0,0,0,0,0,0,0,0,0,0,0,0
10546,2008130862,800.0,800.0,46,46104,40.011,-75.2156,0,0,0,0,0,0,4,11,2008,5,7.0,1.0,0,1.0,3,0,3,  ,0,0.0,1,0,1,0,0,0,0,0,0,0,0,0,0,0,0,0,0
10547,2008131625,1722.0,1717.0,2,2301,40.4513,-79.9541,0,0,0,0,0,0,4,12,2008,2,17.0,3.0,0,1.0,3,2,3,  ,0,0.0,1,0,1,0,0,0,0,0,0,0,0,0,0,0,0,0,0
10548,2008132171,1000.0,1000.0,46,46105,40.14,-75.0499,0,0,0,0,0,0,4,11,2008,6,8.0,1.0,0,1.0,3,2,3,  ,3,3.0,0,0,1,0,0,0,0,0,0,0,0,0,0,0,0,1,0
10549,2008132613,1756.0,1755.0,2,2109,40.3868,-80.0452,0,0,0,0,0,0,4,12,2008,4,17.0,3.0,0,9.0,3,1,7,  ,3,3.0,1,0,1,0,0,0,0,0,0,0,0,0,0,0,0,0,0
10550,2008132920,1528.0,1526.0,23,23111,39.952,-75.3129,0,0,0,0,0,0,4,11,2008,5,15.0,1.0,0,9.0,3,1,7,  ,0,0.0,0,0,1,0,0,0,0,0,0,0,0,0,0,0,0,1,0
10551,2008133007,1843.0,1838.0,67,67301,39.962,-75.1928,0,0,0,0,0,0,4,10,2008,2,18.0,3.0,0,9.0,3,2,7,  ,3,3.0,0,0,1,0,0,0,0,0,0,0,0,0,0,0,0,0,0
10552,2008133052,1443.0,1440.0,9,9226,40.1898,-75.07,0,0,0,0,0,1,4,11,2008,5,14.0,1.0,0,1.0,3,2,3,  ,3,3.0,1,0,1,0,0,0,0,0,0,0,0,0,0,0,0,0,0
10553,2008133107,1459.0,1459.0,67,67301,39.951,-75.1974,0,0,0,0,0,0,4,10,2008,6,14.0,1.0,0,1.0,3,0,3,  ,0,0.0,0,0,1,0,0,0,0,0,0,0,0,0,0,0,0,0,0
10554,2008133161,1729.0,1725.0,67,67301,39.9588,-75.1876,0,1,0,0,0,0,4,10,2008,2,17.0,1.0,0,1.0,3,2,3,  ,0,0.0,0,0,1,0,0,0,0,0,0,0,0,0,0,0,0,0,0
10555,2008133257,1717.0,1715.0,46,46416,40.2475,-75.656,0,0,0,0,0,0,4,11,2008,6,17.0,3.0,0,9.0,2,0,3,  ,0,0.0,0,0,1,0,0,0,0,0,0,0,0,0,0,0,0,1,0
10556,2008133306,828.0,825.0,67,67301,39.952,-75.1614,0,0,0,0,0,0,5,11,2008,2,8.0,1.0,0,1.0,3,1,3,  ,2,9.0,0,0,0,0,0,0,0,0,0,0,0,0,0,0,0,0,0
10557,2008133490,1837.0,1830.0,36,36301,40.0331,-76.3059,0,0,0,0,1,0,4,11,2008,3,18.0,3.0,0,1.0,3,1,3,  ,0,0.0,0,0,1,0,0,0,0,0,0,0,0,0,0,0,0,0,0
10558,2008133522,905.0,904.0,67,67301,39.9369,-75.1502,0,1,0,0,0,1,4,10,2008,5,9.0,1.0,0,1.0,3,1,3,  ,3,9.0,0,0,1,0,0,0,0,0,0,0,0,0,0,0,0,0,0
10559,2008133524,1421.0,1420.0,67,67301,39.9431,-75.169,0,0,0,0,1,0,8,10,2008,5,12.0,1.0,0,9.0,3,0,3,  ,3,9.0,0,0,0,0,0,0,0,0,0,0,0,0,0,0,0,0,0
10560,2008133539,138.0,138.0,67,67301,39.9566,-75.198,0,0,0,0,0,0,5,10,2008,2,1.0,3.0,0,1.0,3,0,3,  ,2,3.0,0,0,0,0,0,0,0,0,0,0,0,0,0,0,0,0,0
10561,2008133545,1645.0,1640.0,67,67301,39.9994,-75.1149,0,0,0,0,0,0,8,10,2008,6,15.0,1.0,0,1.0,3,2,3,  ,0,0.0,1,0,0,0,0,0,0,0,0,0,0,0,0,0,1,0,0
10562,2008133562,1035.0,1930.0,67,67301,39.9599,-75.2249,0,0,0,0,1,0,6,10,2008,5,10.0,1.0,0,1.0,3,1,3,  ,2,3.0,0,0,0,0,0,0,0,0,0,0,0,0,0,0,0,0,0
10563,2008133565,1012.0,1008.0,67,67301,39.9492,-75.2121,0,0,0,0,0,0,4,10,2008,6,15.0,1.0,0,1.0,3,1,3,  ,3,3.0,0,0,1,0,0,0,0,0,0,0,0,0,0,0,0,0,0
10564,2008133579,2045.0,2034.0,67,67301,39.9837,-75.1262,0,0,0,0,0,1,5,10,2008,4,20.0,3.0,0,1.0,3,0,3,  ,0,0.0,0,0,0,0,0,0,0,0,0,0,0,0,0,0,0,0,0
10565,2008133580,1820.0,1816.0,67,67301,39.9874,-75.1398,0,0,0,0,0,0,4,11,2008,3,18.0,3.0,0,1.0,3,2,3,  ,0,0.0,0,0,1,0,0,0,0,0,0,0,0,0,0,0,0,0,0
10566,2008133598,1336.0,1335.0,67,67301,39.9358,-75.1521,0,0,0,0,0,0,6,10,2008,4,13.0,1.0,0,1.0,3,0,3,  ,0,0.0,0,0,0,0,0,0,0,0,0,0,0,0,0,0,0,0,0
10567,2008133630,1400.0,1357.0,67,67301,40.0454,-75.1378,0,0,0,0,0,1,2,10,2008,1,13.0,1.0,0,1.0,3,0,3,  ,0,0.0,0,0,0,0,0,0,0,0,0,0,0,0,0,0,0,0,0
10568,2008133705,9999.0,800.0,67,67301,39.9397,-75.156,0,0,0,0,0,0,1,11,2008,5,8.0,3.0,0,1.0,3,0,3,  ,0,0.0,1,0,0,0,0,0,0,0,0,0,0,0,0,0,1,0,0
10569,2008133793,1615.0,1610.0,67,67301,39.9316,-75.1578,0,0,1,0,0,1,5,11,2008,4,16.0,1.0,0,9.0,3,1,7,  ,3,3.0,0,0,0,0,1,0,0,0,0,0,0,0,0,0,0,0,0
10570,2008133977,1503.0,1503.0,67,67301,39.9475,-75.228,0,0,0,0,0,0,5,10,2008,6,14.0,1.0,0,1.0,3,0,3,  ,0,0.0,0,0,0,0,0,0,0,0,0,0,0,0,0,0,0,0,0
10571,2008134005,1706.0,1706.0,67,67301,39.9422,-75.1659,0,1,1,0,0,0,5,10,2008,6,17.0,1.0,0,1.0,3,0,3,  ,0,0.0,0,0,0,0,1,0,0,0,0,0,0,0,0,0,0,0,0
10572,2008134046,154.0,154.0,2,2301,40.4436,-79.9952,0,0,0,1,0,0,1,2,2008,7,1.0,3.0,0,9.0,3,1,3,  ,2,3.0,0,1,0,0,1,0,0,0,0,0,0,0,0,0,0,0,0
10573,2008135273,1608.0,1606.0,23,23424,39.8966,-75.3535,0,1,0,0,1,0,4,9,2008,4,16.0,1.0,0,1.0,3,1,3,  ,3,3.0,0,0,1,0,0,0,0,0,0,0,0,0,0,0,0,1,0
10574,2008135496,729.0,729.0,15,15247,39.9531,-75.5934,0,0,0,0,0,0,4,12,2008,6,7.0,1.0,0,1.0,3,1,3,  ,3,3.0,0,0,1,0,0,0,0,0,0,0,0,0,0,0,0,0,0
10575,2008136150,1405.0,1404.0,17,17223,40.9996,-78.4738,0,1,0,0,0,1,8,11,2008,2,14.0,1.0,0,1.0,1,2,3,  ,0,0.0,1,0,0,0,0,0,0,0,0,0,0,0,0,0,0,0,1
10576,2008136192,1810.0,1803.0,14,14410,40.7922,-77.8645,0,0,0,0,0,0,4,11,2008,1,18.0,2.0,0,9.0,3,0,7,  ,0,0.0,0,0,1,0,0,0,0,0,0,0,0,0,0,0,0,0,0
10577,2008136243,1540.0,1512.0,14,14410,40.7936,-77.8606,0,0,0,0,0,0,5,11,2008,7,15.0,1.0,0,1.0,3,0,3,  ,0,0.0,0,0,0,0,0,0,0,0,0,0,0,0,0,0,0,0,0
10578,2008136303,1540.0,1507.0,2,2301,40.3966,-79.9984,0,0,0,0,0,1,7,12,2008,7,15.0,1.0,0,2.0,3,0,10,  ,0,0.0,0,0,0,0,0,0,0,0,0,0,0,0,0,0,0,0,0
10579,2008137563,1624.0,1620.0,7,7301,40.5048,-78.3965,0,0,0,0,0,0,4,12,2008,7,16.0,1.0,0,1.0,3,1,3,  ,2,3.0,0,0,1,0,0,0,0,0,0,0,0,0,0,0,0,0,0
10580,2008138956,1251.0,1250.0,46,46104,39.9965,-75.2592,0,0,0,0,0,0,4,12,2008,7,12.0,1.0,0,1.0,3,1,3,  ,2,3.0,1,0,1,0,0,0,0,0,0,0,0,0,0,0,0,0,0
10581,2008139157,2031.0,2027.0,25,25302,42.1302,-80.0665,0,0,0,0,0,0,4,12,2008,3,19.0,3.0,0,98.0,3,1,99,  ,3,3.0,1,0,1,0,0,0,0,0,0,0,0,0,1,0,0,0,0
10582,2008139199,2134.0,2120.0,36,36214,40.0554,-76.3983,0,0,0,0,0,0,4,12,2008,4,18.0,3.0,0,9.0,3,2,3,  ,2,9.0,0,0,1,0,0,0,0,0,0,0,0,0,0,0,0,0,0