,CRN,ARRIVAL_TM,DISPATCH_TM,COUNTY,MUNICIPALITY,DEC_LAT,DEC_LONG,BICYCLE_DEATH_COUNT,BICYCLE_SUSP_SERIOUS_INJ_COUNT,BUS_COUNT,HEAVY_TRUCK_COUNT,SMALL_TRUCK_COUNT,SUV_COUNT,COLLISION_TYPE,CRASH_MONTH,CRASH_YEAR,DAY_OF_WEEK,HOUR_OF_DAY,ILLUMINATION,LOCATION_TYPE,ROAD_CONDITION,URBAN_RURAL,INTERSECT_TYPE,WEATHER1,WEATHER2,TCD_TYPE,TCD_FUNC_CD,AGGRESSIVE_DRIVING,ALCOHOL_RELATED,ANGLE_CRASH,CELL_PHONE,COMM_VEHICLE,DISTRACTED,DRINKING_DRIVER,DRUGGED_DRIVER,FATIGUE_ASLEEP,IMPAIRED_DRIVER,NHTSA_AGG_DRIVING,RUNNING_RED_LT,RUNNING_STOP_SIGN,SPEEDING_RELATED,TAILGATING,MATURE_DRIVER,YOUNG_DRIVER
10583,2008139237,1928.0,1928.0,23,23110,39.83,-75.4385,0,0,0,0,0,0,4,8,2008,7,19.0,1.0,0,1.0,3,0,3,  ,0,0.0,0,0,1,0,0,0,0,0,0,0,0,0,0,0,0,0,1
10584,2008139260,2123.0,2107.0,48,48301,40.6104,-75.3826,0,0,0,0,0,0,4,12,2008,4,20.0,3.0,0,9.0,3,1,7,  ,2,3.0,1,0,1,0,0,0,0,0,0,0,0,0,0,0,0,0,0
10585,2008139875,1742.0,1742.0,4,4301,40.756,-80.3127,0,0,0,0,0,0,4,4,2008,4,17.0,1.0,0,1.0,3,0,3,  ,0,0.0,1,0,1,0,0,0,0,0,0,0,0,0,0,1,0,0,0
10586,2008140004,2248.0,2246.0,46,46413,40.1258,-75.3424,0,0,0,0,0,0,2,12,2008,2,22.0,3.0,0,9.0,3,0,7,  ,0,0.0,0,0,0,0,0,0,0,0,0,0,0,0,0,0,0,0,0
10587,2008140071,1928.0,1927.0,23,23401,39.9237,-75.2841,0,0,0,0,0,0,4,12,2008,2,19.0,3.0,0,1.0,3,1,3,  ,0,0.0,1,0,1,0,0,0,0,0,0,0,0,0,0,0,0,0,0
10588,2008140078,543.0,539.0,66,66413,39.8152,-76.9874,0,0,0,0,0,0,4,9,2008,4,5.0,2.0,0,1.0,2,0,3,  ,0,0.0,0,0,1,0,0,0,0,0,0,0,0,0,0,0,0,0,0
10589,2009000533,103.0,50.0,67,67301,39.9932,-75.0815,0,1,0,0,0,0,4,11,2008,7,14.0,1.0,0,1.0,3,1,3,  ,9,9.0,0,0,1,0,0,0,0,0,0,0,0,0,0,0,0,0,0
10590,2009000625,1613.0,1609.0,39,39301,40.6229,-75.4363,0,0,0,0,0,0,4,11,2008,5,16.0,4.0,0,9.0,3,1,7,  ,0,0.0,0,0,1,0,0,0,0,0,0,0,0,0,0,0,0,0,0
10591,2009000812,2112.0,2108.0,6,6301,40.332,-75.9144,0,0,0,0,0,0,4,12,2008,5,20.0,3.0,0,9.0,3,1,7,  ,3,3.0,0,0,1,0,0,0,0,0,0,0,0,0,0,0,0,0,0
10592,2009001003,1757.0,1753.0,67,67301,39.926,-75.1727,0,0,0,0,0,0,4,11,2008,2,17.0,3.0,0,1.0,3,1,3,  ,3,3.0,0,0,1,0,0,0,0,0,0,0,0,0,0,0,0,0,0
10593,2009001021,1013.0,1008.0,67,67301,39.9202,-75.1572,0,0,0,0,1,0,3,11,2008,6,10.0,1.0,0,1.0,3,2,3,  ,3,3.0,0,0,0,0,0,0,0,0,0,0,0,0,0,0,0,0,0
10594,2009001037,2235.0,2227.0,67,67301,39.9361,-75.1929,0,0,0,0,0,0,4,11,2008,5,22.0,3.0,0,1.0,3,2,3,  ,3,9.0,0,0,1,0,0,0,0,0,0,0,0,0,0,0,0,0,0
10595,2009001042,1900.0,1900.0,67,67301,39.9526,-75.2184,0,0,0,0,0,0,5,11,2008,6,6.0,1.0,0,1.0,3,0,3,  ,0,0.0,0,0,0,0,0,0,0,0,0,0,0,0,0,0,0,0,0
10596,2009001181,1729.0,1726.0,9,9101,40.1213,-74.8816,0,0,0,0,0,0,8,12,2008,2,17.0,3.0,0,1.0,3,0,3,  ,0,0.0,0,0,0,0,0,0,0,0,0,0,0,0,0,0,0,0,0
10597,2009002014,657.0,603.0,67,67301,39.9636,-75.171,0,0,0,0,1,0,4,11,2008,6,6.0,5.0,0,9.0,3,1,7,  ,2,3.0,0,0,1,0,0,0,0,0,0,0,0,0,0,0,0,0,0
10598,2009002021,2007.0,2007.0,23,23110,39.83,-75.437,0,0,0,0,0,0,4,9,2008,4,20.0,3.0,7,1.0,3,0,3,  ,0,0.0,0,0,1,0,0,0,0,0,0,0,0,0,0,0,0,0,0
10599,2009002033,1741.0,1741.0,67,67301,39.9531,-75.1819,0,0,0,0,0,0,4,11,2008,1,14.0,1.0,0,1.0,3,1,3,  ,0,0.0,0,0,1,0,0,0,0,0,0,0,0,0,0,0,0,0,0
10600,2009002109,1445.0,1441.0,67,67301,40.1097,-74.9869,0,0,0,0,0,1,4,11,2008,3,14.0,1.0,0,1.0,3,1,3,  ,2,3.0,0,0,1,0,0,0,0,0,0,0,0,0,0,0,0,0,0
10601,2009002124,414.0,409.0,67,67301,39.9717,-75.2119,0,1,0,0,0,0,5,11,2008,2,3.0,3.0,0,1.0,3,0,3,  ,0,0.0,0,0,0,0,0,0,0,0,0,0,0,0,0,0,0,0,0
10602,2009002126,1230.0,1230.0,67,67301,39.9349,-75.1571,0,0,0,0,0,0,4,11,2008,4,19.0,3.0,0,1.0,3,5,3,  ,0,0.0,0,0,1,0,0,0,0,0,0,0,0,0,0,0,0,0,0
10603,2009002144,9999.0,9999.0,67,67301,39.9505,-75.1489,0,0,0,0,0,0,4,10,2008,4,23.0,3.0,0,98.0,3,1,99,  ,2,3.0,0,0,1,0,0,0,0,0,0,0,0,0,0,0,0,0,0
10604,2009002194,1609.0,1607.0,67,67301,39.9957,-75.1805,0,0,0,0,0,0,4,11,2008,7,16.0,1.0,0,9.0,3,1,3,  ,3,3.0,0,0,1,0,0,0,0,0,0,0,0,0,0,0,0,0,0
10605,2009002203,2202.0,2200.0,67,67301,39.9541,-75.1767,0,0,0,0,0,0,5,11,2008,4,21.0,3.0,0,9.0,3,0,3,  ,0,0.0,0,0,0,0,0,0,0,0,0,0,0,0,0,0,0,0,0
10606,2009002218,1238.0,1231.0,67,67301,39.9428,-75.1657,0,0,0,0,0,0,1,11,2008,3,12.0,1.0,0,9.0,3,1,3,  ,0,0.0,0,0,0,0,0,0,0,0,0,0,0,0,0,0,0,0,0
10607,2009002311,1232.0,1228.0,67,67301,39.9303,-75.163,0,0,0,0,0,0,4,11,2008,1,12.0,1.0,0,1.0,3,2,3,  ,3,3.0,0,0,1,0,0,0,0,0,0,0,0,0,0,0,0,0,0
10608,2009002459,1632.0,1631.0,67,67301,39.9497,-75.1924,0,0,0,0,0,0,5,11,2008,6,16.0,1.0,0,1.0,3,3,3,  ,0,0.0,1,0,0,0,0,0,0,0,0,0,0,0,0,0,0,0,0
10609,2009002462,834.0,829.0,67,67301,39.9535,-75.1853,0,0,0,0,0,0,5,11,2008,5,8.0,1.0,0,1.0,3,2,3,  ,2,3.0,0,0,0,0,0,0,0,0,0,0,0,0,0,0,0,0,0
10610,2009002619,1623.0,1622.0,67,67301,39.9786,-75.145,0,0,0,0,0,1,1,10,2008,5,13.0,1.0,0,1.0,3,0,3,  ,0,0.0,1,0,0,0,0,1,0,0,0,0,0,0,0,0,1,0,0
10611,2009002630,1750.0,1746.0,67,67301,40.0617,-75.0825,0,0,0,0,0,0,2,10,2008,2,17.0,1.0,0,1.0,3,0,3,  ,0,0.0,1,0,0,0,0,0,0,0,0,0,0,0,0,1,0,0,0
10612,2009003200,1755.0,1751.0,36,36301,40.0442,-76.3079,0,0,0,0,0,0,4,12,2008,7,17.0,3.0,0,9.0,3,1,10,  ,3,3.0,1,0,1,0,0,0,0,0,0,0,0,0,0,0,0,0,0
10613,2009003527,1752.0,1749.0,67,67301,39.9687,-75.2362,0,0,0,0,0,0,4,11,2008,1,17.0,3.0,0,1.0,3,2,3,  ,3,3.0,0,0,1,0,0,0,0,0,0,0,0,0,0,0,0,0,0
10614,2009004134,729.0,726.0,67,67301,39.9775,-75.1695,0,0,0,0,0,0,5,11,2008,7,7.0,1.0,0,1.0,3,0,3,  ,0,0.0,0,0,0,0,0,0,0,0,0,0,0,0,0,0,0,0,0
10615,2009005723,1332.0,1330.0,22,22103,,,0,0,0,0,0,0,4,7,2008,3,13.0,1.0,0,1.0,3,3,3,  ,3,9.0,1,0,1,0,0,0,0,0,0,0,1,0,0,0,0,0,1
10616,2009005849,1859.0,1857.0,9,9202,40.0927,-74.9423,0,0,0,0,0,0,4,12,2008,4,18.0,3.0,0,9.0,3,0,3,  ,2,3.0,0,0,1,0,0,0,0,0,0,0,0,0,0,0,0,1,0
10617,2009005900,1854.0,1851.0,39,39301,40.607,-75.4659,0,0,0,0,0,0,5,12,2008,5,18.0,3.0,7,9.0,3,0,7,  ,0,0.0,1,0,0,0,0,0,0,0,0,0,0,0,0,0,0,0,0
10618,2009005933,2143.0,2143.0,39,39301,40.6116,-75.4804,0,0,0,0,0,0,4,12,2008,4,21.0,3.0,0,1.0,3,1,3,  ,3,3.0,0,0,1,0,0,0,0,0,0,0,0,0,0,0,0,0,0
10619,2009006066,4.0,2358.0,6,6301,40.3129,-75.9471,0,0,0,0,0,0,1,12,2008,2,23.0,3.0,0,1.0,3,0,3,  ,0,0.0,0,0,0,0,0,0,0,0,0,0,0,0,0,0,0,0,0
10620,2009006088,1719.0,1716.0,46,46421,40.3151,-75.3168,0,0,0,0,0,0,4,11,2008,2,17.0,3.0,0,1.0,3,1,3,  ,3,3.0,0,0,1,0,0,0,0,0,0,0,0,0,0,0,0,0,0
10621,2009007039,1942.0,1939.0,66,66413,39.8164,-76.9727,0,0,0,0,0,1,4,10,2008,4,19.0,2.0,0,1.0,2,1,3,  ,3,3.0,1,0,1,0,0,0,0,0,0,0,0,0,0,0,0,0,0
10622,2009008554,2317.0,2317.0,35,35407,41.4171,-75.6354,0,0,0,0,1,0,4,10,2008,3,21.0,3.0,0,1.0,3,2,3,  ,3,3.0,0,0,1,0,0,0,0,0,0,0,0,0,0,0,0,0,0
10623,2009008883,1706.0,1706.0,49,49301,40.7916,-76.5581,0,0,0,0,0,0,4,4,2008,5,17.0,1.0,0,1.0,2,2,3,  ,0,0.0,0,0,1,0,0,0,0,0,0,0,0,0,0,0,0,1,0
10624,2009009444,1619.0,1616.0,64,64433,40.2163,-79.7642,0,0,0,0,0,1,4,12,2008,5,16.0,1.0,0,1.0,3,1,3,  ,3,3.0,0,1,1,0,0,0,0,0,0,0,0,0,0,0,0,0,0
10625,2009009511,1600.0,1542.0,2,2301,40.4444,-79.9548,0,0,0,0,0,0,6,12,2008,3,15.0,1.0,0,1.0,3,1,3,  ,2,3.0,0,0,0,0,0,1,0,0,0,0,0,0,0,0,0,0,0
10626,2009010067,1656.0,1642.0,22,22102,40.2484,-76.8097,0,0,0,1,0,0,4,12,2008,2,16.0,3.0,7,1.0,3,0,3,  ,0,0.0,1,0,1,0,1,0,0,0,0,0,0,0,0,0,0,0,0
10627,2009011757,1636.0,1632.0,39,39405,40.5358,-75.4872,0,0,0,0,0,0,4,5,2008,1,16.0,1.0,0,1.0,3,2,3,  ,0,0.0,0,0,1,0,0,0,0,0,0,0,0,0,0,0,0,0,0
10628,2009012493,2037.0,2033.0,67,67301,40.0556,-75.1681,0,0,0,0,0,0,5,12,2008,5,19.0,3.0,0,9.0,3,0,7,  ,0,0.0,0,0,0,0,0,0,0,0,0,0,0,0,0,0,0,0,0
10629,2009012494,9999.0,1710.0,67,67301,39.9342,-75.1582,0,0,0,0,0,0,4,12,2008,2,0.0,2.0,0,9.0,3,1,7,  ,3,3.0,0,0,1,0,0,0,0,0,0,0,0,0,0,0,0,0,0
10630,2009012645,1930.0,1926.0,67,67301,39.9528,-75.1921,0,0,0,0,0,0,4,11,2008,1,19.0,3.0,0,9.0,3,1,7,  ,0,0.0,0,0,1,0,0,0,0,0,0,0,0,0,0,0,0,0,0
10631,2009013290,1725.0,1723.0,67,67301,39.9714,-75.1583,0,0,0,0,0,0,4,11,2008,1,17.0,3.0,0,1.0,3,0,3,  ,2,3.0,0,0,1,0,0,0,0,0,0,0,0,0,0,0,0,0,0
10632,2009013304,1516.0,1506.0,67,67301,40.0412,-75.1156,0,0,0,0,0,0,4,11,2008,5,14.0,1.0,0,1.0,3,3,3,  ,2,3.0,0,0,1,0,0,0,0,0,0,0,0,0,0,0,0,0,0
10633,2009013321,1845.0,1840.0,67,67301,40.0424,-75.0827,0,0,0,0,0,0,4,11,2008,4,18.0,3.0,0,1.0,3,1,3,  ,2,3.0,0,0,1,0,0,0,0,0,0,0,0,0,0,0,0,0,1
10634,2009013357,949.0,940.0,67,67301,39.9717,-75.1539,0,0,0,0,0,1,4,12,2008,5,9.0,1.0,0,1.0,3,2,3,  ,3,9.0,0,0,1,0,0,0,0,0,0,0,0,0,0,0,0,0,0
10635,2009013512,2110.0,2105.0,67,67301,39.9325,-75.2303,0,0,0,0,0,0,4,11,2008,6,23.0,6.0,0,1.0,3,1,3,  ,0,0.0,0,0,1,0,0,0,0,0,0,0,0,0,0,0,0,0,0
10636,2009013569,1418.0,1414.0,67,67301,39.9093,-75.173,0,0,0,0,0,0,1,12,2008,6,14.0,1.0,0,1.0,3,2,3,  ,2,1.0,0,0,0,0,0,0,0,0,0,0,0,0,0,0,0,0,1
10637,2009013591,1254.0,1250.0,67,67301,40.113,-75.023,0,0,0,0,0,0,5,11,2008,1,12.0,1.0,0,1.0,3,1,3,  ,2,3.0,0,0,0,0,0,0,0,0,0,0,0,0,0,0,0,0,0
10638,2009013662,9999.0,945.0,67,67301,39.951,-75.152,0,0,0,1,0,0,4,12,2008,5,99.0,8.0,0,9.0,3,1,7,  ,2,3.0,0,0,1,0,1,0,0,0,0,0,0,0,0,0,0,0,0
10639,2009013672,1841.0,1839.0,67,67301,39.9751,-75.1947,0,0,0,0,0,0,6,10,2008,3,18.0,1.0,0,1.0,3,0,3,  ,0,0.0,0,0,0,0,0,0,0,0,0,0,0,0,0,0,0,0,0
10640,2009013704,1007.0,1003.0,67,67301,39.9491,-75.1621,0,0,0,0,0,0,5,12,2008,2,10.0,1.0,0,1.0,3,0,3,  ,0,0.0,0,0,0,0,0,0,0,0,0,0,0,0,0,0,0,0,0
10641,2009013741,1741.0,1741.0,67,67301,40.0098,-75.1669,0,0,0,0,0,0,4,11,2008,2,17.0,3.0,0,1.0,3,1,3,  ,2,3.0,0,0,1,0,0,0,0,0,0,0,0,0,0,0,0,0,0
10642,2009013850,855.0,852.0,67,67301,39.9646,-75.1765,0,0,0,0,0,0,4,11,2008,4,8.0,1.0,7,1.0,3,0,3,  ,0,0.0,1,0,1,0,0,0,0,0,0,0,0,0,0,0,0,1,0
10643,2009013853,1723.0,1720.0,67,67301,39.947,-75.1766,0,0,0,0,0,0,1,12,2008,2,17.0,3.0,0,9.0,3,1,7,  ,2,3.0,0,0,0,0,0,0,0,0,0,0,0,0,0,0,0,0,0
10644,2009015046,1748.0,1746.0,67,67301,39.9585,-75.2334,0,0,0,0,0,0,2,12,2008,2,17.0,3.0,0,9.0,3,0,7,  ,0,0.0,1,0,0,0,0,0,0,0,0,0,0,0,0,0,0,0,0
10645,2009015049,2055.0,2055.0,67,67301,39.9399,-75.1831,0,0,0,0,0,0,2,12,2008,2,20.0,3.0,0,1.0,3,1,3,  ,2,3.0,0,0,0,0,0,1,0,0,0,0,0,0,0,0,0,1,0
10646,2009016616,2250.0,2240.0,23,23110,39.8418,-75.4598,0,0,0,0,0,1,4,10,2008,2,20.0,3.0,0,1.0,3,1,3,  ,3,3.0,0,0,1,0,0,0,0,0,0,0,0,0,0,0,0,0,0
10647,2009017148,1410.0,1408.0,23,23105,39.885,-75.3573,0,0,0,0,0,0,4,12,2008,2,14.0,1.0,0,1.0,3,2,3,  ,0,0.0,0,0,1,0,0,0,0,0,0,0,0,0,0,0,0,1,0
10648,2009018171,2211.0,2209.0,9,9421,40.1382,-74.8211,1,0,0,0,0,1,4,11,2008,6,22.0,3.0,0,1.0,3,1,3,  ,2,3.0,0,1,1,0,0,0,1,0,0,1,0,0,0,0,0,0,0
10649,2009019663,2108.0,2105.0,35,35302,41.431,-75.6645,0,0,0,0,0,0,4,12,2008,4,21.0,3.0,0,1.0,3,0,3,  ,0,0.0,0,0,1,0,0,0,0,0,0,0,0,0,0,0,0,0,0
10650,2009021146,1751.0,1745.0,46,46411,40.2322,-75.268,0,0,0,0,0,1,4,10,2008,5,17.0,1.0,0,1.0,3,0,3,  ,0,0.0,0,0,1,0,0,0,0,0,0,0,0,0,0,0,0,0,0
10651,2009021285,9999.0,9999.0,67,67301,39.9225,-75.2284,0,0,0,0,0,0,4,6,2008,7,99.0,1.0,0,1.0,3,1,3,  ,3,9.0,0,0,1,0,0,0,0,0,0,0,0,0,0,0,0,0,0
10652,2009021312,918.0,917.0,39,39406,40.6071,-75.3908,0,0,0,0,0,0,6,11,2008,4,9.0,1.0,0,1.0,3,1,3,  ,3,3.0,0,0,0,0,0,1,0,0,0,0,0,0,0,0,0,0,0
10653,2009021771,9999.0,1738.0,2,2461,40.4951,-79.9207,0,0,0,0,0,0,4,9,2008,1,17.0,1.0,0,1.0,3,0,3,  ,0,0.0,0,0,1,0,0,0,0,0,0,0,0,0,0,0,0,0,0
10654,2009021786,1100.0,1058.0,23,23102,39.9137,-75.2914,0,0,0,0,0,0,5,8,2008,5,10.0,1.0,0,1.0,3,0,3,  ,0,0.0,0,0,0,0,0,0,0,0,0,0,0,0,0,0,0,1,0
10655,2009021900,1900.0,1900.0,46,46401,40.1563,-75.2183,0,0,0,0,0,0,4,9,2008,2,19.0,1.0,0,1.0,3,0,3,  ,0,0.0,0,0,1,0,0,0,0,0,0,0,0,0,0,0,0,0,0
10656,2009021973,1908.0,1906.0,54,54404,40.8023,-76.86,0,0,0,0,0,1,4,8,2008,7,19.0,1.0,0,1.0,2,1,3,  ,3,3.0,0,0,1,0,0,0,0,0,0,0,0,0,0,0,0,0,1
10657,2009021997,2040.0,2040.0,46,46421,40.311,-75.3237,0,0,0,0,0,0,4,8,2008,1,20.0,4.0,0,1.0,3,2,3,  ,0,0.0,0,0,1,0,0,0,0,0,0,0,0,0,0,0,0,0,0
10658,2009022015,1531.0,9999.0,8,8409,41.9793,-76.5253,0,0,0,0,0,0,4,9,2008,6,15.0,1.0,0,1.0,2,0,3,  ,0,0.0,0,0,1,0,0,0,0,0,0,0,0,0,0,0,0,0,0
10659,2009022219,915.0,852.0,9,9409,40.2111,-74.7945,0,0,0,0,0,1,8,9,2008,2,8.0,1.0,0,1.0,3,2,3,  ,3,3.0,1,0,0,0,0,0,0,0,0,0,0,0,1,0,0,0,1
10660,2009022242,2232.0,2229.0,46,46411,40.2368,-75.2885,0,0,0,0,0,1,6,9,2008,4,22.0,3.0,0,1.0,3,1,3,  ,2,3.0,0,0,0,0,0,0,0,0,0,0,0,0,0,0,0,0,0
10661,2009022327,1442.0,1437.0,9,9101,40.0901,-74.8939,0,0,0,0,0,0,4,12,2008,2,14.0,1.0,0,1.0,3,1,3,  ,3,3.0,1,0,1,0,0,0,0,0,0,0,0,0,0,0,0,0,0
10662,2009022439,1823.0,9999.0,40,40301,40.9504,-75.9695,0,0,0,0,0,1,4,4,2008,5,18.0,1.0,0,1.0,2,0,3,  ,0,0.0,0,0,1,0,0,0,0,0,0,0,0,0,0,0,0,0,0
10663,2009022533,1755.0,1753.0,54,54404,40.8075,-76.8591,0,0,0,0,1,0,4,10,2008,4,17.0,1.0,0,1.0,2,1,3,  ,3,3.0,0,0,1,0,0,0,0,0,0,0,0,0,0,0,0,0,0
10664,2009023405,1543.0,1541.0,8,8409,41.9925,-76.5271,0,0,0,0,0,0,4,6,2008,2,15.0,1.0,0,1.0,2,1,3,  ,3,3.0,1,0,1,0,0,0,0,0,0,0,0,0,0,0,0,1,0
10665,2009024133,703.0,701.0,1,1405,39.941,-76.9765,0,0,1,0,0,0,4,8,2008,4,7.0,1.0,0,1.0,1,1,3,  ,2,3.0,1,0,1,0,1,0,0,0,0,0,0,0,1,0,0,0,0
10666,2009024621,1610.0,1605.0,67,67301,40.0849,-75.0361,0,0,0,0,0,1,4,12,2008,2,16.0,1.0,0,1.0,3,2,3,  ,3,3.0,0,0,1,0,0,0,0,0,0,0,0,0,0,0,0,0,0
10667,2009024628,2235.0,2230.0,67,67301,39.9765,-75.1847,0,0,0,0,0,0,4,12,2008,2,22.0,3.0,0,1.0,3,1,3,  ,3,3.0,1,0,1,0,0,0,0,0,0,0,0,0,1,0,0,0,0
10668,2009024738,1037.0,1036.0,67,67301,39.9343,-75.2248,0,0,0,0,0,0,5,12,2008,6,10.0,1.0,0,9.0,3,0,7,  ,2,3.0,0,0,0,0,0,0,0,0,0,0,0,0,0,0,0,1,0
10669,2009024750,1021.0,1020.0,67,67301,39.9219,-75.1702,0,0,0,0,0,0,5,12,2008,2,10.0,1.0,0,1.0,3,1,3,  ,2,3.0,0,0,0,0,0,0,0,0,0,0,0,0,0,0,0,0,0
10670,2009024798,2040.0,2034.0,67,67301,40.067,-75.1563,0,0,0,0,0,0,8,12,2008,2,20.0,3.0,0,9.0,3,1,7,  ,2,3.0,0,0,0,0,0,0,0,0,0,0,0,0,0,0,0,0,0
10671,2009024815,8.0,2359.0,67,67301,40.0318,-75.1243,0,0,0,0,1,0,2,12,2008,1,23.0,3.0,0,1.0,3,0,3,  ,0,0.0,0,1,0,0,0,0,0,0,0,0,0,0,0,0,0,0,0
10672,2009024816,1357.0,1356.0,67,67301,39.9194,-75.1707,0,0,0,0,0,0,4,12,2008,5,13.0,1.0,0,1.0,3,1,3,  ,2,3.0,0,0,1,0,0,0,0,0,0,0,0,0,0,0,0,0,0
10673,2009025593,9999.0,9999.0,67,67301,40.0432,-75.0523,0,0,0,0,0,0,8,12,2008,7,17.0,3.0,0,1.0,3,1,3,  ,2,3.0,0,0,0,0,0,0,0,0,0,0,0,0,0,0,0,0,0
10674,2009025619,1235.0,1228.0,67,67301,39.9796,-75.2535,0,0,0,0,0,0,4,12,2008,7,12.0,1.0,0,1.0,3,1,3,  ,3,9.0,0,0,1,0,0,0,0,0,0,0,0,0,0,0,0,0,0
10675,2009026928,2308.0,2306.0,67,67301,39.9751,-75.195,0,0,0,0,0,0,4,12,2008,7,23.0,3.0,0,1.0,3,1,98,  ,2,3.0,1,0,1,0,0,1,0,0,0,0,0,0,0,0,0,0,0
10676,2009026958,1142.0,1138.0,67,67301,39.9143,-75.1624,0,0,0,0,0,0,4,6,2008,1,11.0,1.0,0,1.0,3,1,3,  ,3,3.0,1,0,1,0,0,0,0,0,0,0,0,0,0,1,0,0,1
10677,2009026970,836.0,833.0,67,67301,39.9626,-75.163,0,0,0,0,0,0,4,12,2008,5,8.0,1.0,0,1.0,3,1,3,  ,2,3.0,0,0,1,0,0,1,0,0,0,0,0,0,0,0,0,0,0
10678,2009029177,9999.0,9999.0,67,67301,,,0,1,0,0,0,0,5,4,2008,6,8.0,1.0,0,9.0,3,0,3,  ,0,0.0,0,0,0,0,0,0,0,0,0,0,0,0,0,0,0,0,0
10679,2009029206,0.0,0.0,67,67301,40.0094,-75.0786,0,0,0,0,0,0,4,11,2008,1,17.0,4.0,0,1.0,3,1,3,  ,3,3.0,0,0,1,0,0,0,0,0,0,0,0,0,0,0,0,0,0
10680,2009029215,0.0,0.0,46,46107,40.0949,-75.2958,0,0,0,0,0,0,4,12,2008,2,17.0,4.0,0,1.0,3,5,3,  ,2,3.0,1,0,1,0,0,0,0,0,0,0,0,0,0,0,0,0,0
10681,2009029246,0.0,0.0,67,67301,39.9789,-75.1594,0,0,0,0,0,0,4,9,2008,7,12.0,1.0,0,1.0,3,1,3,  ,3,3.0,0,0,1,0,0,0,0,0,0,0,0,0,0,0,0,0,0
10682,2009029260,0.0,0.0,67,67301,39.9981,-75.1261,0,0,0,0,0,0,4,8,2008,4,17.0,1.0,0,1.0,3,1,3,  ,0,0.0,0,0,1,0,0,0,0,0,0,0,0,0,0,0,0,0,0
10683,2009029277,9999.0,9999.0,67,67301,39.9409,-75.2269,0,0,0,0,0,1,4,10,2008,6,21.0,6.0,0,1.0,3,1,3,  ,3,3.0,0,0,1,0,0,0,0,0,0,0,0,0,0,0,0,0,0
10684,2009029538,0.0,0.0,67,67301,39.9492,-75.2121,0,0,0,0,0,0,4,10,2008,6,15.0,1.0,0,1.0,3,3,3,  ,0,0.0,1,0,1,0,0,0,0,0,0,0,0,0,0,0,0,0,0
10685,2009030072,1029.0,1027.0,67,67301,40.0454,-75.1614,0,0,0,0,0,0,4,12,2008,3,10.0,1.0,0,1.0,3,0,3,  ,0,0.0,0,1,1,0,0,0,0,0,0,0,0,0,0,0,0,0,0
10686,2009030226,1421.0,1420.0,21,21410,40.2226,-76.9573,0,0,0,0,0,0,4,6,2008,4,14.0,1.0,0,1.0,3,1,3,  ,8,3.0,1,0,1,0,0,0,0,0,0,0,0,0,0,0,0,0,1
10687,2009030585,205.0,200.0,67,67301,39.9961,-75.1104,0,0,0,0,0,0,1,12,2008,1,1.0,6.0,0,8.0,3,2,99,  ,0,0.0,0,0,0,0,0,0,0,0,0,0,0,0,0,0,0,0,0
10688,2009030602,1231.0,1226.0,67,67301,39.9638,-75.1729,0,0,0,0,0,0,4,11,2008,3,12.0,1.0,0,9.0,3,2,7,  ,3,3.0,0,0,1,0,0,0,0,0,0,0,0,0,0,0,0,0,0
10689,2009031167,1709.0,1709.0,46,46113,40.2161,-75.2926,0,0,0,0,0,0,4,5,2008,5,17.0,1.0,0,1.0,3,0,3,  ,0,0.0,1,0,1,0,0,0,0,0,0,0,0,0,0,0,0,0,0
10690,2009031206,1653.0,1653.0,67,67301,40.0025,-75.1527,0,0,1,0,0,0,8,12,2008,2,16.0,3.0,0,1.0,3,0,3,  ,0,0.0,0,0,0,0,1,0,0,0,0,0,0,0,0,0,0,0,0
10691,2009032607,1937.0,1937.0,67,67301,39.9647,-75.161,0,0,0,0,0,0,5,4,2008,1,99.0,1.0,0,1.0,3,0,3,  ,2,3.0,0,0,0,0,0,0,0,0,0,0,0,0,0,0,0,0,0
10692,2009035930,1325.0,1320.0,9,9212,40.1529,-74.9736,0,0,0,0,0,0,4,10,2008,5,13.0,1.0,0,1.0,3,2,3,  ,0,0.0,0,1,1,0,0,0,0,0,0,0,0,0,0,0,0,0,0
10693,2009036391,1535.0,1535.0,67,67301,40.0406,-75.1787,0,0,0,0,0,0,5,12,2008,3,15.0,1.0,0,1.0,3,2,3,  ,2,9.0,0,0,0,0,0,0,0,0,0,0,0,0,0,0,0,0,0
10694,2009036411,903.0,903.0,67,67301,39.9396,-75.1982,0,1,0,1,0,0,4,12,2008,5,9.0,1.0,0,9.0,3,1,7,  ,2,3.0,0,0,1,0,1,0,0,0,0,0,0,0,0,0,0,0,0
10695,2009037147,0.0,0.0,9,9226,40.2183,-75.0995,0,0,0,0,0,0,4,12,2008,6,12.0,1.0,0,1.0,3,2,3,  ,2,3.0,0,0,1,0,0,0,0,0,0,0,0,0,0,0,0,0,0
10696,2009037187,0.0,0.0,46,46107,40.0957,-75.296,0,0,0,0,0,0,4,12,2008,2,17.0,6.0,0,1.0,3,0,3,  ,0,0.0,0,0,1,0,0,0,0,0,0,0,0,0,0,0,0,0,0