,CRN,ARRIVAL_TM,DISPATCH_TM,COUNTY,MUNICIPALITY,DEC_LAT,DEC_LONG,BICYCLE_DEATH_COUNT,BICYCLE_SUSP_SERIOUS_INJ_COUNT,BUS_COUNT,HEAVY_TRUCK_COUNT,SMALL_TRUCK_COUNT,SUV_COUNT,COLLISION_TYPE,CRASH_MONTH,CRASH_YEAR,DAY_OF_WEEK,HOUR_OF_DAY,ILLUMINATION,LOCATION_TYPE,ROAD_CONDITION,URBAN_RURAL,INTERSECT_TYPE,WEATHER1,WEATHER2,TCD_TYPE,TCD_FUNC_CD,AGGRESSIVE_DRIVING,ALCOHOL_RELATED,ANGLE_CRASH,CELL_PHONE,COMM_VEHICLE,DISTRACTED,DRINKING_DRIVER,DRUGGED_DRIVER,FATIGUE_ASLEEP,IMPAIRED_DRIVER,NHTSA_AGG_DRIVING,RUNNING_RED_LT,RUNNING_STOP_SIGN,SPEEDING_RELATED,TAILGATING,MATURE_DRIVER,YOUNG_DRIVER
10697,2009038109,2016.0,2015.0,23,23426,39.8569,-75.38,0,0,0,0,1,0,4,7,2008,3,20.0,4.0,0,1.0,3,1,3,  ,3,3.0,0,0,1,0,0,0,0,0,0,0,0,0,0,0,0,1,0
10698,2009048902,1640.0,1637.0,67,67301,39.9512,-75.1568,0,0,0,0,0,0,8,4,2008,4,16.0,1.0,0,1.0,3,0,3,  ,0,0.0,1,0,0,0,0,0,0,0,0,0,1,0,0,1,0,0,0
10699,2009053589,9999.0,9999.0,67,67301,40.0159,-75.1538,0,0,0,0,0,0,4,8,2008,5,9.0,1.0,0,1.0,3,1,3,  ,2,3.0,1,0,1,0,0,0,0,0,0,0,0,0,0,0,0,0,0
10700,2009054057,1711.0,1709.0,46,46102,40.0994,-75.15,0,0,0,0,0,0,4,9,2008,2,17.0,1.0,0,1.0,3,1,3,  ,2,3.0,1,0,1,0,0,0,0,0,0,0,0,0,0,0,0,0,0
10701,2009054201,1823.0,1821.0,46,46102,40.0975,-75.1594,0,0,0,0,0,0,4,8,2008,2,18.0,1.0,0,1.0,3,1,3,  ,0,0.0,0,0,1,0,0,0,0,0,0,0,0,0,0,0,0,0,0
10702,2009056405,2338.0,2337.0,67,67301,40.0302,-75.1654,0,0,0,0,0,0,4,8,2008,2,23.0,3.0,0,1.0,3,0,3,  ,2,3.0,0,0,1,0,0,0,0,0,0,0,0,0,0,0,0,0,0
10703,2009061596,1015.0,1012.0,39,39301,40.6162,-75.4602,0,0,0,0,1,0,4,5,2008,4,10.0,1.0,0,1.0,3,1,3,  ,2,3.0,1,0,1,0,0,0,0,0,0,0,0,0,0,0,0,0,0
10704,2009066048,0.0,0.0,67,67301,40.0089,-75.0859,0,0,0,0,0,0,4,1,2008,2,19.0,3.0,0,1.0,3,1,3,  ,3,3.0,0,0,1,0,0,0,0,0,0,0,0,0,0,0,0,0,0
10705,2009066617,0.0,0.0,17,17301,41.1145,-78.7643,0,0,0,0,0,0,4,10,2008,6,5.0,5.0,0,1.0,2,2,3,  ,0,0.0,1,0,1,0,0,0,0,0,0,0,0,0,0,1,0,0,0
10706,2009105713,1820.0,1814.0,67,67301,39.9432,-75.1689,0,0,0,0,0,0,4,10,2008,5,18.0,1.0,0,1.0,3,1,3,  ,3,3.0,0,0,1,0,0,0,0,0,0,0,0,0,0,0,0,0,0
10707,2011095955,2235.0,2230.0,67,67301,40.0188,-75.1394,0,0,0,0,0,1,4,6,2008,7,22.0,3.0,0,1.0,3,1,3,  ,3,9.0,0,0,1,0,0,0,0,0,0,0,0,0,0,0,0,0,0
10708,2009001736,716.0,712.0,36,36215,40.0505,-76.2481,0,0,0,0,0,1,4,1,2009,2,7.0,5.0,0,1.0,1,0,3,  ,0,0.0,1,0,1,0,0,0,0,0,0,0,0,0,0,0,0,0,0
10709,2009002533,1803.0,1802.0,2,2431,40.4222,-79.8548,0,0,0,0,1,0,4,1,2009,3,18.0,3.0,0,9.0,3,1,7,  ,3,3.0,0,0,1,0,0,0,0,0,0,0,0,0,0,0,0,0,0
10710,2009005382,1900.0,1857.0,15,15411,40.1308,-75.5374,0,0,0,0,0,0,4,1,2009,2,18.0,3.0,0,1.0,3,1,3,  ,3,3.0,0,0,1,0,0,0,0,0,0,0,0,0,0,0,0,0,1
10711,2009005589,2327.0,2324.0,2,2213,40.5063,-80.2231,0,0,0,0,0,0,2,1,2009,7,23.0,3.0,0,6.0,3,2,9,  ,2,3.0,0,0,0,0,0,0,0,0,0,0,0,0,0,0,0,0,0
10712,2009006575,1627.0,1627.0,49,49302,40.8673,-76.7885,0,0,0,0,0,1,4,1,2009,7,16.0,1.0,0,9.0,2,1,10,  ,3,3.0,0,0,1,0,0,0,0,0,0,0,0,0,0,0,0,0,0
10713,2009007169,158.0,158.0,40,40304,41.2513,-75.8873,0,0,0,0,0,1,1,1,2009,7,1.0,3.0,3,1.0,3,0,3,  ,0,0.0,0,0,0,0,0,0,0,0,0,0,0,0,0,0,0,0,1
10714,2009009519,830.0,822.0,2,2301,40.4158,-80.013,0,0,0,0,0,1,7,1,2009,5,8.0,1.0,0,9.0,3,3,3,  ,3,3.0,0,1,0,0,0,0,1,0,0,1,0,0,0,0,0,0,0
10715,2009011068,813.0,812.0,59,59402,40.96,-76.8891,0,0,0,0,0,0,4,1,2009,2,8.0,1.0,0,9.0,2,2,98,  ,3,3.0,0,0,1,0,0,0,0,0,0,0,0,0,0,0,0,0,1
10716,2009012285,1436.0,1432.0,39,39301,40.5915,-75.4851,0,0,0,0,0,0,4,1,2009,6,14.0,1.0,0,1.0,3,2,99,  ,3,3.0,0,0,1,0,0,0,0,0,0,0,0,0,0,0,0,0,0
10717,2009013237,632.0,630.0,36,36301,40.0241,-76.316,0,0,0,0,0,0,4,1,2009,4,6.0,3.0,0,1.0,3,1,3,  ,2,3.0,0,0,1,0,0,0,0,0,0,0,0,0,0,0,0,0,0
10718,2009015003,2136.0,2126.0,38,38204,40.297,-76.2937,0,0,0,0,0,0,4,1,2009,7,21.0,3.0,0,1.0,1,1,3,  ,3,3.0,0,0,1,0,0,0,0,0,0,0,0,0,0,0,0,0,0
10719,2009016571,1816.0,1812.0,38,38301,40.3502,-76.4231,0,0,0,0,0,0,4,1,2009,5,18.0,2.0,0,1.0,2,1,3,  ,2,3.0,0,0,1,0,0,0,0,0,0,0,0,0,0,0,0,1,0
10720,2009017085,2056.0,2054.0,9,9202,40.1172,-74.9405,0,0,0,0,1,0,2,1,2009,2,20.0,2.0,0,2.0,3,1,3,  ,2,3.0,1,0,0,0,0,0,0,0,0,0,0,0,0,0,0,0,0
10721,2009017823,1555.0,1555.0,36,36301,40.0333,-76.3026,0,0,0,0,0,0,4,1,2009,5,15.0,1.0,0,1.0,3,1,3,  ,3,3.0,1,0,1,0,0,0,0,0,0,0,0,0,0,0,0,0,0
10722,2009018296,1815.0,1815.0,9,9205,40.3016,-75.1655,0,0,0,0,0,0,4,2,2009,3,17.0,8.0,0,1.0,3,0,3,  ,0,0.0,0,0,1,0,0,0,0,0,0,0,0,0,0,0,0,0,0
10723,2009018529,1948.0,1936.0,36,36215,40.0378,-76.2707,0,0,0,0,0,0,4,2,2009,4,19.0,3.0,7,1.0,1,3,3,  ,2,3.0,1,0,1,0,0,0,0,0,0,0,0,0,0,0,0,0,0
10724,2009018534,28.0,21.0,7,7301,40.5251,-78.4,0,0,0,0,0,1,4,2,2009,1,21.0,3.0,0,1.0,3,1,3,  ,3,3.0,0,0,1,0,0,0,0,0,0,0,0,0,0,0,0,0,0
10725,2009018617,2105.0,2100.0,64,64209,40.305,-79.5877,0,0,0,0,1,0,4,2,2009,2,20.0,2.0,0,1.0,3,2,3,  ,0,0.0,0,0,1,0,0,0,0,0,0,0,0,0,0,0,0,1,0
10726,2009018800,1236.0,1231.0,9,9101,40.1177,-74.8643,0,0,0,0,0,0,4,1,2009,7,12.0,1.0,0,1.0,3,0,3,  ,0,0.0,1,0,1,0,0,0,0,0,0,0,1,0,0,0,0,0,0
10727,2009019156,1214.0,1211.0,46,46101,40.1414,-75.1172,0,0,0,0,0,0,4,1,2009,5,12.0,1.0,0,1.0,3,1,3,  ,2,3.0,0,0,1,0,0,1,0,0,0,0,0,0,0,0,0,0,0
10728,2009019948,2152.0,2150.0,28,28401,39.939,-77.6599,0,0,0,0,0,0,4,2,2009,2,21.0,3.0,0,1.0,1,2,3,  ,3,3.0,0,0,1,0,0,0,0,0,0,0,0,0,0,0,0,0,0
10729,2009020250,1256.0,1253.0,22,22301,40.2823,-76.8972,0,0,0,1,0,0,4,2,2009,4,12.0,1.0,0,1.0,3,1,3,  ,3,3.0,0,0,1,0,0,0,0,0,0,0,0,0,0,0,0,0,1
10730,2009023790,705.0,704.0,9,9226,40.2042,-75.1002,0,0,0,0,0,0,4,2,2009,3,7.0,1.0,0,1.0,3,1,3,  ,2,3.0,1,0,1,0,0,0,0,0,0,0,0,0,0,0,0,0,1
10731,2009024497,1617.0,1613.0,9,9205,40.314,-75.1497,0,0,0,0,0,1,4,2,2009,5,16.0,1.0,0,1.0,3,0,3,  ,0,0.0,0,0,1,0,0,0,0,0,0,0,0,0,0,0,0,0,0
10732,2009025185,1448.0,1442.0,67,67301,39.9208,-75.1618,0,0,0,0,0,1,2,1,2009,2,14.0,1.0,0,1.0,3,1,3,  ,3,2.0,0,0,0,0,0,0,0,0,0,0,0,0,0,0,0,0,0
10733,2009025422,923.0,919.0,67,67301,39.9599,-75.1875,0,0,0,0,0,0,5,1,2009,5,9.0,1.0,0,1.0,3,0,3,  ,0,0.0,0,0,0,0,0,0,0,0,0,0,0,0,0,0,0,0,0
10734,2009025541,1121.0,1119.0,46,46416,40.2437,-75.6351,0,0,0,0,1,0,4,2,2009,5,11.0,1.0,0,1.0,2,2,3,  ,2,3.0,0,0,1,0,0,0,0,0,0,0,0,0,0,0,0,0,0
10735,2009025838,1038.0,1036.0,67,67301,39.9502,-75.2249,0,0,0,0,0,0,4,1,2009,2,10.0,1.0,0,1.0,3,1,3,  ,3,3.0,0,0,1,0,0,0,0,0,0,0,0,0,0,0,0,0,0
10736,2009025993,1517.0,1515.0,46,46220,,,0,0,0,0,0,0,5,2,2009,1,15.0,1.0,0,1.0,3,0,3,  ,0,0.0,1,0,0,0,0,0,0,0,0,0,0,0,0,0,0,0,0
10737,2009026006,1630.0,1630.0,67,67301,39.9935,-75.1264,0,0,0,0,1,0,4,1,2009,4,16.0,1.0,0,1.0,3,1,3,  ,3,3.0,0,0,1,0,0,0,0,0,0,0,0,0,0,0,0,0,0
10738,2009026342,1346.0,1345.0,46,46210,40.3322,-75.4586,0,0,0,0,0,0,2,2,2009,7,13.0,1.0,0,1.0,1,2,3,  ,0,0.0,1,0,0,0,0,0,0,0,0,0,1,0,0,0,0,0,0
10739,2009026658,1047.0,1047.0,21,21402,40.204,-77.1912,0,0,0,0,0,0,4,2,2009,5,10.0,1.0,0,1.0,2,1,3,  ,0,0.0,0,0,1,0,0,0,0,0,0,0,0,0,0,0,0,1,0
10740,2009026677,1035.0,1030.0,67,67301,39.9401,-75.1712,0,0,0,0,0,0,6,1,2009,1,10.0,1.0,0,1.0,3,1,3,  ,0,0.0,0,1,0,0,0,0,0,0,0,0,0,0,0,0,0,0,0
10741,2009026823,1931.0,1928.0,67,67301,40.0437,-75.0713,0,0,0,0,0,0,4,1,2009,3,19.0,3.0,0,1.0,3,0,3,  ,0,0.0,0,0,1,0,0,0,0,0,0,0,0,0,0,0,0,0,0
10742,2009026862,1008.0,1001.0,67,67301,39.9348,-75.1426,0,0,0,0,0,0,1,1,2009,2,10.0,1.0,0,1.0,3,1,3,  ,2,3.0,0,1,0,0,0,0,1,1,0,1,0,0,0,0,0,0,0
10743,2009026890,745.0,743.0,67,67301,39.9535,-75.1852,0,0,0,0,0,0,5,1,2009,2,7.0,1.0,0,9.0,3,0,3,  ,0,0.0,0,0,0,0,0,0,0,0,0,0,0,0,0,0,0,0,0
10744,2009027933,1209.0,1200.0,40,40422,41.2413,-75.9432,0,0,0,0,0,0,4,2,2009,6,12.0,1.0,0,1.0,3,2,3,  ,2,3.0,0,0,1,0,0,0,0,0,0,0,0,0,0,0,0,1,0
10745,2009028193,1840.0,1839.0,25,25213,42.0726,-80.1469,0,0,0,0,0,0,4,2,2009,4,18.0,2.0,0,9.0,3,1,7,  ,2,3.0,0,0,1,0,0,0,0,0,0,0,0,0,0,0,0,0,0
10746,2009028228,1826.0,1822.0,2,2461,,,0,0,0,0,0,1,1,2,2009,2,18.0,2.0,0,1.0,3,0,3,  ,0,0.0,0,0,0,0,0,0,0,0,0,0,0,0,0,0,0,0,0
10747,2009028475,2208.0,2159.0,67,67301,39.9293,-75.1686,0,0,0,0,0,0,4,1,2009,3,21.0,3.0,0,9.0,3,1,7,  ,2,3.0,0,0,1,0,0,0,0,0,0,0,0,0,0,0,0,0,0
10748,2009028573,1351.0,1347.0,46,46202,40.1591,-75.3597,0,0,0,0,0,1,5,3,2009,7,13.0,1.0,0,1.0,3,2,3,  ,0,0.0,0,0,0,0,0,1,0,0,0,0,0,0,0,0,0,0,0
10749,2009029431,1629.0,1627.0,35,35410,41.3519,-75.7188,0,1,0,0,0,0,4,3,2009,3,16.0,1.0,6,1.0,3,1,3,  ,3,3.0,0,0,1,0,0,0,0,0,0,0,0,0,0,0,0,0,0
10750,2009030066,1244.0,1240.0,67,67301,39.9403,-75.1624,0,0,0,0,0,0,4,2,2009,2,99.0,1.0,0,1.0,3,1,3,  ,3,3.0,0,0,1,0,0,0,0,0,0,0,0,0,0,0,0,0,0
10751,2009030070,1242.0,1240.0,67,67301,39.9767,-75.2337,0,0,0,0,0,0,4,1,2009,7,12.0,1.0,0,1.0,3,1,3,  ,2,3.0,0,0,1,0,0,0,0,0,0,0,0,0,0,0,0,0,0
10752,2009030316,1806.0,1803.0,2,2301,40.4488,-79.9875,0,0,0,0,0,0,4,3,2009,1,18.0,1.0,0,1.0,3,1,3,  ,2,3.0,0,0,1,0,0,0,0,0,0,0,0,0,0,0,0,0,0
10753,2009030455,1225.0,1221.0,67,67301,39.9702,-75.1451,0,0,0,0,0,0,4,1,2009,6,12.0,1.0,0,1.0,3,1,3,  ,2,3.0,0,0,1,0,0,0,0,0,0,0,0,0,0,0,0,0,0
10754,2009030548,1532.0,1530.0,48,48301,40.6443,-75.3464,0,0,0,0,0,0,4,2,2009,2,15.0,1.0,0,1.0,3,0,3,  ,0,0.0,0,0,1,0,0,0,0,0,0,0,0,0,0,0,0,0,0
10755,2009031237,1959.0,1959.0,39,39301,40.605,-75.473,0,0,0,0,0,0,4,2,2009,3,19.0,3.0,0,1.0,3,1,3,  ,2,3.0,0,0,1,0,0,0,0,0,0,0,0,0,0,0,0,0,0
10756,2009031649,1557.0,1555.0,10,10301,,,0,1,0,0,0,0,4,3,2009,1,15.0,1.0,0,1.0,2,1,3,  ,0,0.0,0,0,1,0,0,0,0,0,0,0,0,0,0,0,0,0,0
10757,2009031752,1149.0,1148.0,40,40418,41.2845,-75.8932,0,0,0,0,1,0,4,3,2009,7,11.0,1.0,0,1.0,3,2,3,  ,0,0.0,0,0,1,0,0,0,0,0,0,0,0,0,0,0,0,0,0
10758,2009032165,1834.0,1829.0,23,23107,39.8935,-75.3167,0,0,0,1,0,0,4,3,2009,3,18.0,1.0,0,1.0,3,1,3,  ,3,3.0,0,0,1,0,1,0,0,0,0,0,0,0,0,0,0,0,0
10759,2009033077,1756.0,1748.0,15,15205,40.0188,-75.6767,0,0,0,0,0,0,4,3,2009,4,17.0,1.0,0,1.0,3,0,3,  ,0,0.0,1,0,1,0,0,0,0,0,0,0,0,0,0,0,0,0,0
10760,2009033110,852.0,850.0,66,66301,39.9624,-76.736,0,0,0,0,0,0,4,3,2009,6,8.0,1.0,0,1.0,3,0,3,  ,0,0.0,0,0,1,0,0,0,0,0,0,0,0,0,0,0,0,0,0
10761,2009033288,1801.0,1752.0,46,46223,40.2905,-75.4268,0,0,0,0,0,1,4,3,2009,4,17.0,1.0,0,1.0,1,1,3,  ,3,3.0,1,0,1,0,0,0,0,0,0,0,0,0,0,0,0,0,0
10762,2009033341,1727.0,1725.0,9,9218,40.2187,-75.015,0,1,0,0,1,0,7,3,2009,6,17.0,1.0,0,1.0,3,2,3,  ,0,0.0,0,1,0,0,0,0,1,0,0,1,0,0,0,0,0,0,0
10763,2009033406,1747.0,1745.0,64,64302,40.3108,-79.5472,0,0,0,0,0,0,4,3,2009,7,17.0,1.0,0,1.0,3,0,3,  ,0,0.0,0,0,1,0,0,0,0,0,0,0,0,0,0,0,0,0,0
10764,2009033673,1456.0,1451.0,2,2116,40.5093,-80.0286,0,0,0,0,0,0,4,3,2009,4,14.0,1.0,7,1.0,3,0,3,  ,0,0.0,0,0,1,0,0,0,0,0,0,0,0,0,0,0,0,0,0
10765,2009034435,1546.0,1545.0,10,10301,40.8611,-79.8969,0,0,0,0,0,0,4,3,2009,5,15.0,1.0,0,9.0,2,1,7,  ,2,3.0,0,0,1,0,0,0,0,0,0,0,0,0,0,0,0,0,0
10766,2009034659,2345.0,2338.0,6,6301,40.3344,-75.9298,0,0,0,0,0,0,4,3,2009,3,23.0,3.0,0,1.0,3,1,3,  ,3,3.0,0,1,1,0,0,0,0,0,0,0,0,0,0,0,0,0,0
10767,2009034875,1144.0,1141.0,7,7407,40.674,-78.2368,0,0,0,0,0,0,4,2,2009,4,11.0,1.0,0,1.0,2,1,3,  ,3,3.0,0,0,1,0,0,0,0,0,0,0,0,0,0,0,0,0,0
10768,2009035352,2039.0,2032.0,7,7301,40.5218,-78.3878,0,0,0,0,0,0,8,3,2009,1,20.0,3.0,0,9.0,3,0,3,  ,0,0.0,0,0,0,0,0,0,0,0,0,0,0,0,0,0,0,0,1
10769,2009035383,1628.0,1625.0,28,28401,39.93,-77.6661,0,0,0,0,0,0,4,3,2009,6,16.0,1.0,7,1.0,1,0,3,  ,0,0.0,0,1,1,0,0,0,1,0,0,1,0,0,0,0,0,0,0
10770,2009035511,1811.0,1810.0,46,46412,40.0056,-75.2612,0,0,0,0,0,1,4,3,2009,7,18.0,1.0,0,1.0,3,0,3,  ,0,0.0,0,0,1,0,0,0,0,0,0,0,0,0,0,0,0,0,0
10771,2009035561,1626.0,1559.0,36,36202,40.1998,-76.053,0,0,0,0,0,0,1,3,2009,3,15.0,1.0,0,1.0,1,0,3,  ,8,3.0,0,0,0,0,0,0,0,0,0,0,0,0,0,0,0,0,0
10772,2009035730,1844.0,1832.0,66,66102,39.9138,-76.7601,0,0,0,0,0,1,5,2,2009,5,18.0,2.0,0,1.0,1,0,3,  ,0,0.0,0,0,0,0,0,0,0,0,0,0,0,0,0,0,0,0,0
10773,2009035850,1148.0,1145.0,15,15225,39.8086,-75.7512,0,0,0,0,1,0,5,3,2009,7,11.0,1.0,0,1.0,1,0,3,  ,0,0.0,1,0,0,0,0,0,0,0,0,0,0,0,0,0,0,0,0
10774,2009036064,1532.0,1529.0,40,40304,41.2436,-75.8794,0,0,0,0,0,0,4,3,2009,3,15.0,1.0,0,1.0,3,1,3,  ,2,3.0,0,0,1,0,0,0,0,0,0,0,0,0,0,0,0,0,0
10775,2009036532,1135.0,1128.0,2,2301,40.4488,-79.9875,0,0,0,0,0,0,4,4,2009,5,11.0,1.0,0,1.0,3,1,3,  ,2,3.0,0,0,1,0,0,0,0,0,0,0,0,0,0,0,0,0,1
10776,2009036555,1645.0,1641.0,2,2466,40.4772,-79.7597,0,0,0,0,0,1,4,4,2009,5,16.0,1.0,0,1.0,3,0,3,  ,0,0.0,0,0,1,0,0,0,0,0,0,0,0,0,0,0,0,0,0
10777,2009036806,1857.0,1854.0,46,46416,40.2415,-75.6278,0,0,0,0,0,1,1,3,2009,2,18.0,1.0,0,1.0,2,0,3,  ,0,0.0,1,0,0,0,0,0,0,0,0,0,0,0,0,0,0,0,1
10778,2009036826,1625.0,1621.0,14,14410,40.8029,-77.849,0,0,0,0,0,0,5,3,2009,4,16.0,1.0,2,1.0,3,3,3,  ,4,3.0,0,0,0,0,0,0,0,0,0,0,0,0,0,0,0,0,0
10779,2009036960,955.0,947.0,67,67301,39.946,-75.1683,0,0,0,0,0,0,4,2,2009,4,6.0,3.0,0,1.0,3,1,3,  ,2,3.0,0,0,1,0,0,0,0,0,0,0,0,0,0,0,0,0,0
10780,2009037039,1845.0,1841.0,66,66205,39.9817,-76.8733,0,0,0,0,0,1,4,3,2009,3,18.0,1.0,0,1.0,1,0,3,  ,0,0.0,0,0,1,0,0,0,0,0,0,0,0,0,0,0,0,0,0
10781,2009037333,1520.0,1515.0,6,6410,40.516,-75.77,0,0,0,0,0,0,9,3,2009,3,15.0,1.0,7,1.0,1,0,3,  ,3,3.0,1,0,0,0,0,0,0,0,0,0,0,0,0,0,0,0,1
10782,2009037347,1152.0,1152.0,67,67301,39.9379,-75.1667,0,0,0,0,0,0,8,3,2009,4,11.0,1.0,0,9.0,3,1,7,05,2,3.0,0,0,0,0,0,0,0,0,0,0,0,0,0,0,0,0,0
10783,2009037374,800.0,752.0,67,67301,40.0702,-75.0149,0,0,0,0,0,1,4,3,2009,5,7.0,1.0,0,1.0,3,0,3,  ,0,0.0,0,0,1,0,0,0,0,0,0,0,0,0,0,0,0,0,0
10784,2009037412,1605.0,1600.0,67,67301,39.9411,-75.1456,0,0,0,0,0,0,4,2,2009,7,15.0,1.0,0,1.0,3,0,3,  ,0,0.0,0,0,1,0,0,0,0,0,0,0,0,0,0,0,0,0,0
10785,2009037998,1750.0,1716.0,55,55411,39.8159,-79.0311,0,0,0,0,0,0,1,3,2009,2,17.0,1.0,0,1.0,1,1,3,  ,0,0.0,0,0,0,0,0,1,0,0,0,0,0,0,0,0,0,0,0
10786,2009038048,2041.0,2041.0,67,67301,39.9488,-75.2126,0,0,0,0,0,0,4,2,2009,7,20.0,3.0,0,9.0,3,1,10,  ,3,3.0,0,0,1,0,0,0,0,0,0,0,0,0,0,0,0,0,0
10787,2009038729,1602.0,1600.0,13,13410,40.9408,-75.8284,0,0,0,0,0,0,8,4,2009,6,16.0,1.0,0,9.0,1,0,7,  ,0,0.0,0,0,0,0,0,0,0,0,0,0,0,0,0,0,0,0,0
10788,2009038742,2036.0,2031.0,67,67301,39.9909,-75.0912,0,0,0,0,0,0,6,2,2009,6,99.0,3.0,0,1.0,3,1,3,  ,2,3.0,0,0,0,0,0,0,0,0,0,0,0,0,0,0,0,0,0
10789,2009039079,1910.0,1900.0,67,67301,40.0039,-75.1813,0,0,0,0,0,0,8,2,2009,2,15.0,1.0,0,1.0,3,0,3,  ,0,0.0,0,0,0,0,0,0,0,0,0,0,0,0,0,0,0,0,0
10790,2009039279,1553.0,1550.0,67,67301,39.9507,-75.1504,0,0,1,0,0,0,5,2,2009,2,10.0,1.0,0,1.0,3,1,3,  ,2,9.0,1,0,0,0,1,0,0,0,0,0,0,0,0,0,0,0,0
10791,2009039326,1544.0,1534.0,2,2301,40.3893,-79.9936,0,0,0,0,0,0,4,3,2009,3,15.0,1.0,0,1.0,3,1,3,  ,0,0.0,0,0,1,0,0,0,0,0,0,0,0,0,0,0,0,0,0
10792,2009039416,1325.0,1322.0,67,67301,39.9587,-75.1672,0,0,0,0,0,0,4,2,2009,3,13.0,1.0,0,1.0,3,2,3,  ,0,0.0,1,0,1,0,0,0,0,0,0,0,0,0,0,0,0,0,0
10793,2009039419,345.0,342.0,67,67301,39.9697,-75.1256,0,0,0,0,0,0,4,2,2009,7,3.0,3.0,99,1.0,3,2,3,  ,0,0.0,0,0,1,0,0,0,0,0,0,0,0,0,0,0,0,0,0
10794,2009039545,1742.0,1740.0,67,67301,39.9338,-75.1482,0,0,0,0,0,0,8,2,2009,7,17.0,4.0,0,1.0,3,1,3,  ,2,9.0,0,0,0,0,0,0,0,0,0,0,0,0,0,0,0,0,0
10795,2009039568,1653.0,1649.0,46,46106,40.2446,-75.5999,0,0,0,0,0,0,4,3,2009,5,16.0,1.0,0,1.0,2,0,3,  ,3,3.0,1,0,1,0,0,0,0,0,0,0,0,0,0,0,0,0,0
10796,2009039625,909.0,908.0,23,23103,39.9852,-75.3169,0,0,0,0,0,0,4,4,2009,2,9.0,1.0,0,9.0,3,2,7,  ,3,3.0,0,0,1,0,0,0,0,0,0,0,0,0,0,0,0,1,0
10797,2009039634,1924.0,1918.0,6,6237,40.3282,-75.9932,0,0,0,0,0,0,4,4,2009,5,19.0,1.0,0,1.0,3,0,3,  ,0,0.0,0,0,1,0,0,1,0,0,0,0,0,0,0,0,0,0,0
10798,2009039746,1825.0,1823.0,67,67301,39.9674,-75.2175,0,1,0,0,0,0,4,3,2009,2,18.0,1.0,0,1.0,3,0,3,  ,0,0.0,0,0,1,0,0,1,0,0,0,0,0,0,0,0,0,0,0
10799,2009039749,1601.0,1601.0,67,67301,39.9353,-75.1651,0,0,0,0,0,0,4,2,2009,4,15.0,1.0,0,1.0,3,1,3,  ,3,3.0,0,0,1,0,0,0,0,0,0,0,0,0,0,0,0,1,0
10800,2009040016,1118.0,1115.0,21,21402,40.2026,-77.1928,0,0,0,0,0,0,4,4,2009,5,11.0,1.0,0,1.0,2,0,3,  ,0,0.0,0,0,1,0,0,0,0,0,0,0,0,0,0,0,0,0,0
10801,2009040043,1315.0,1311.0,9,9422,40.246,-74.8441,0,1,0,0,0,0,4,4,2009,5,13.0,1.0,0,1.0,3,0,3,  ,0,0.0,0,0,1,0,0,1,0,0,0,0,0,0,0,0,0,0,1
10802,2009040196,1711.0,1709.0,46,46209,40.2508,-75.399,0,0,0,0,0,0,4,4,2009,2,17.0,1.0,0,1.0,1,2,3,  ,3,3.0,0,0,1,0,0,0,0,0,0,0,0,0,0,0,0,0,0
10803,2009040245,2055.0,2054.0,46,46401,40.1569,-75.2176,0,0,0,0,0,0,4,4,2009,2,20.0,3.0,0,9.0,3,1,7,  ,3,2.0,0,0,1,0,0,1,0,0,0,0,0,0,0,0,0,1,0
10804,2009040305,843.0,840.0,67,67301,39.9378,-75.1533,0,0,0,0,0,0,1,2,2009,2,8.0,1.0,0,1.0,3,1,3,  ,3,3.0,0,0,0,0,0,0,0,0,0,0,0,0,0,0,0,0,0
10805,2009040387,1604.0,1601.0,40,40302,41.2044,-75.9949,0,0,0,0,0,0,8,4,2009,7,16.0,1.0,0,1.0,3,1,3,  ,0,0.0,0,0,0,0,0,0,0,0,0,0,0,0,0,0,0,0,1
10806,2009040493,1605.0,1602.0,48,48302,40.68,-75.2082,0,0,0,0,0,1,4,4,2009,4,16.0,1.0,0,1.0,3,2,3,  ,3,3.0,0,0,1,0,0,0,0,0,0,0,0,0,0,0,0,1,0
10807,2009040795,1454.0,1450.0,64,64411,40.3243,-79.6906,0,0,0,0,0,0,4,3,2009,3,14.0,1.0,0,1.0,3,2,3,  ,3,3.0,0,0,1,0,0,0,0,0,0,0,0,0,0,0,0,0,0
10808,2009040852,1308.0,1307.0,14,14410,,,0,0,0,0,0,0,4,4,2009,5,13.0,1.0,0,98.0,3,0,3,  ,0,0.0,0,0,1,0,0,0,0,0,0,0,0,0,0,0,0,0,0
10809,2009040858,2129.0,2122.0,36,36301,40.0334,-76.3004,0,0,0,0,0,0,5,4,2009,5,21.0,3.0,0,1.0,3,2,3,  ,0,0.0,0,0,0,0,0,0,0,0,0,0,0,0,0,0,0,0,0
10810,2009041144,1857.0,1854.0,15,15240,39.9922,-75.8312,0,0,0,0,0,0,8,3,2009,3,18.0,1.0,0,1.0,3,1,3,  ,3,3.0,0,0,0,0,0,0,0,0,0,0,0,0,0,0,0,0,0
10811,2009041758,745.0,743.0,2,2301,40.4808,-79.9547,0,0,0,0,0,0,4,4,2009,3,7.0,1.0,7,1.0,3,0,3,  ,0,0.0,0,0,1,0,0,0,0,0,0,0,0,0,0,0,0,0,0