,CRN,ARRIVAL_TM,DISPATCH_TM,COUNTY,MUNICIPALITY,DEC_LAT,DEC_LONG,BICYCLE_DEATH_COUNT,BICYCLE_SUSP_SERIOUS_INJ_COUNT,BUS_COUNT,HEAVY_TRUCK_COUNT,SMALL_TRUCK_COUNT,SUV_COUNT,COLLISION_TYPE,CRASH_MONTH,CRASH_YEAR,DAY_OF_WEEK,HOUR_OF_DAY,ILLUMINATION,LOCATION_TYPE,ROAD_CONDITION,URBAN_RURAL,INTERSECT_TYPE,WEATHER1,WEATHER2,TCD_TYPE,TCD_FUNC_CD,AGGRESSIVE_DRIVING,ALCOHOL_RELATED,ANGLE_CRASH,CELL_PHONE,COMM_VEHICLE,DISTRACTED,DRINKING_DRIVER,DRUGGED_DRIVER,FATIGUE_ASLEEP,IMPAIRED_DRIVER,NHTSA_AGG_DRIVING,RUNNING_RED_LT,RUNNING_STOP_SIGN,SPEEDING_RELATED,TAILGATING,MATURE_DRIVER,YOUNG_DRIVER
10812,2009041968,1823.0,1808.0,51,51201,41.3501,-75.0493,0,0,0,0,0,1,4,4,2009,1,18.0,1.0,7,1.0,1,0,3,  ,0,0.0,1,0,1,0,0,0,0,0,0,0,0,0,0,0,0,1,0
10813,2009042107,2007.0,2006.0,36,36408,40.1788,-76.1775,0,0,0,0,0,0,4,4,2009,6,20.0,3.0,0,1.0,2,1,3,  ,2,3.0,0,0,1,0,0,0,0,0,0,0,0,0,0,0,0,0,0
10814,2009042157,927.0,923.0,40,40304,41.2479,-75.8663,0,0,0,0,0,0,6,4,2009,5,7.0,1.0,0,1.0,3,0,3,  ,0,0.0,0,0,0,0,0,0,0,0,0,0,0,0,0,0,0,0,0
10815,2009042185,1743.0,1743.0,9,9215,40.2683,-75.2258,0,0,0,0,0,0,4,3,2009,1,17.0,1.0,7,9.0,1,0,3,  ,0,0.0,1,0,1,0,0,0,0,0,0,0,0,0,0,0,0,1,0
10816,2009042206,2142.0,2130.0,10,10223,40.963,-80.1589,0,0,0,0,0,1,5,4,2009,3,21.0,2.0,0,1.0,1,0,3,  ,0,0.0,0,0,0,0,0,0,0,0,0,0,0,0,0,0,0,0,0
10817,2009042396,1607.0,1605.0,46,46109,40.1582,-75.2074,0,0,0,0,0,0,4,3,2009,2,16.0,1.0,0,1.0,3,2,3,  ,0,0.0,0,0,1,0,0,0,0,0,0,0,0,0,0,0,0,1,0
10818,2009042525,1656.0,1656.0,48,48301,40.6053,-75.385,0,0,0,0,0,0,4,4,2009,3,16.0,1.0,0,1.0,3,2,3,  ,3,3.0,1,0,1,0,0,0,0,0,0,0,0,0,0,0,0,0,0
10819,2009042553,1840.0,1836.0,36,36301,40.0366,-76.3027,0,0,0,0,0,1,4,3,2009,7,18.0,1.0,0,1.0,3,0,3,  ,0,0.0,0,0,1,0,0,0,0,0,0,0,0,0,0,0,0,0,0
10820,2009042635,1506.0,1504.0,48,48301,40.6434,-75.3457,0,0,0,0,0,0,4,4,2009,1,15.0,1.0,0,1.0,3,2,3,  ,3,3.0,0,0,1,0,0,0,0,0,0,0,0,0,0,0,0,0,0
10821,2009042642,1633.0,1632.0,48,48301,40.6299,-75.351,0,0,0,0,0,0,4,4,2009,7,16.0,1.0,0,1.0,3,1,3,  ,3,3.0,0,0,1,0,0,0,0,0,0,0,0,0,0,0,0,0,0
10822,2009042824,1718.0,1717.0,59,59402,40.9662,-76.8875,0,0,0,0,0,0,4,4,2009,5,17.0,1.0,0,1.0,2,1,3,  ,0,0.0,0,0,1,0,0,0,0,0,0,0,0,0,0,0,0,0,0
10823,2009042961,1644.0,1640.0,53,53428,40.8022,-75.9699,0,0,0,0,0,1,4,4,2009,6,16.0,1.0,0,1.0,1,0,3,  ,0,0.0,0,0,1,0,0,0,0,0,0,0,0,0,0,0,0,0,0
10824,2009043012,2042.0,2040.0,3,3223,40.7217,-79.6592,0,0,0,0,0,0,2,4,2009,6,20.0,2.0,0,1.0,1,0,3,  ,0,0.0,0,0,0,0,0,0,0,0,0,0,0,0,0,0,0,0,0
10825,2009043077,1804.0,1801.0,23,23111,39.9725,-75.2856,0,0,0,0,0,0,4,4,2009,1,18.0,1.0,0,1.0,3,0,3,  ,2,3.0,0,0,1,0,0,0,0,0,0,0,0,0,0,0,0,0,0
10826,2009043138,2012.0,2005.0,2,2124,40.4165,-79.8238,0,0,0,0,0,0,4,4,2009,7,20.0,4.0,0,1.0,3,2,3,  ,3,3.0,0,0,1,0,0,0,0,0,0,0,0,0,0,0,0,0,0
10827,2009043241,1241.0,1237.0,9,9204,40.3574,-75.0887,0,0,0,0,0,0,4,4,2009,7,12.0,1.0,0,1.0,1,2,3,  ,3,3.0,1,0,1,0,0,0,0,0,0,0,1,0,0,0,0,0,0
10828,2009043379,1706.0,1704.0,40,40304,41.239,-75.8799,0,0,0,0,0,0,4,4,2009,6,17.0,1.0,0,1.0,3,2,3,  ,0,0.0,0,0,1,0,0,0,0,0,0,0,0,0,0,0,0,1,0
10829,2009043439,1307.0,1305.0,59,59403,40.9208,-77.0391,0,1,0,0,1,0,4,4,2009,3,13.0,1.0,0,1.0,1,1,3,  ,0,0.0,0,0,1,0,0,0,0,0,0,0,0,0,0,0,0,0,0
10830,2009043456,1503.0,1458.0,15,15411,40.1282,-75.5347,0,0,0,0,0,1,4,4,2009,3,14.0,1.0,0,1.0,3,1,3,  ,3,3.0,0,0,1,0,0,0,0,0,0,0,0,0,0,0,0,0,0
10831,2009043459,1611.0,1606.0,66,66301,39.9574,-76.7468,0,0,0,0,0,0,8,4,2009,3,16.0,1.0,0,1.0,3,0,3,  ,0,0.0,0,0,0,0,0,0,0,0,0,0,0,0,0,0,0,0,0
10832,2009043483,1337.0,1335.0,21,21404,,,0,0,0,0,0,1,4,4,2009,7,13.0,1.0,0,1.0,3,1,3,  ,3,3.0,0,0,1,0,0,0,0,0,0,0,0,0,0,0,0,1,0
10833,2009043607,1315.0,1311.0,48,48409,40.7003,-75.5039,0,0,0,0,0,0,4,4,2009,1,13.0,1.0,0,1.0,3,0,3,  ,0,0.0,0,0,1,0,0,0,0,0,0,0,0,0,0,0,0,0,0
10834,2009043745,2015.0,2011.0,4,4423,40.7433,-80.3211,0,0,0,0,1,0,8,4,2009,3,20.0,4.0,0,1.0,3,0,3,  ,0,0.0,0,0,0,0,0,0,0,0,0,0,0,0,0,0,0,0,1
10835,2009043980,2146.0,2143.0,10,10301,40.8571,-79.8964,0,0,0,0,0,0,4,4,2009,5,21.0,3.0,7,1.0,2,0,3,  ,0,0.0,0,1,1,0,0,0,0,0,0,0,0,0,0,0,0,0,0
10836,2009044068,1801.0,1757.0,48,48402,40.7261,-75.3847,0,0,0,0,1,0,6,4,2009,1,17.0,1.0,0,1.0,1,1,3,  ,3,3.0,0,0,0,0,0,0,0,0,0,0,0,0,0,0,0,1,0
10837,2009044083,750.0,749.0,67,67301,39.932,-75.1608,0,0,0,0,0,0,8,3,2009,2,7.0,1.0,0,1.0,3,1,3,  ,2,3.0,0,1,0,0,0,0,1,0,0,1,0,0,0,0,0,0,0
10838,2009044183,2355.0,2348.0,67,67301,39.9351,-75.1636,0,0,0,0,0,0,4,3,2009,4,23.0,3.0,0,1.0,3,1,3,  ,0,0.0,0,0,1,0,0,0,0,0,0,0,0,0,0,0,0,1,0
10839,2009044192,739.0,735.0,67,67301,39.9381,-75.1988,0,0,0,0,0,0,2,3,2009,5,7.0,1.0,0,1.0,3,1,3,  ,0,0.0,0,0,0,0,0,0,0,0,0,0,0,0,0,0,0,0,0
10840,2009044210,42.0,35.0,67,67301,40.0153,-75.2081,0,0,0,0,0,1,8,3,2009,5,0.0,3.0,0,1.0,3,3,3,  ,2,3.0,0,0,0,0,0,0,0,0,0,0,0,0,0,0,0,0,0
10841,2009044274,1643.0,1639.0,67,67301,40.0158,-75.1174,0,0,0,0,0,1,1,1,2009,4,99.0,3.0,0,9.0,3,2,7,  ,0,0.0,0,0,0,0,0,0,0,0,0,0,0,0,0,0,0,0,0
10842,2009044298,1825.0,1822.0,67,67301,39.948,-75.178,0,0,0,0,0,0,5,3,2009,7,16.0,1.0,0,1.0,3,2,3,  ,0,0.0,1,0,0,0,0,0,0,0,0,0,0,0,0,0,0,0,0
10843,2009044301,643.0,400.0,67,67301,39.9291,-75.1536,0,0,0,0,0,0,5,3,2009,5,6.0,1.0,0,1.0,3,0,3,  ,3,3.0,0,0,0,0,0,0,0,0,0,0,0,0,0,0,0,0,0
10844,2009044371,1126.0,1120.0,67,67301,39.9395,-75.1698,0,0,0,0,0,0,4,3,2009,6,11.0,1.0,0,1.0,3,1,3,  ,3,3.0,0,0,1,0,0,1,0,0,0,0,0,0,0,0,0,0,0
10845,2009044373,1551.0,1550.0,67,67301,39.9362,-75.1789,0,0,0,0,0,0,4,3,2009,4,15.0,1.0,0,1.0,3,2,3,  ,3,3.0,0,0,1,0,0,0,0,0,0,0,0,0,0,0,0,0,0
10846,2009044387,1552.0,1550.0,67,67301,39.9603,-75.1737,0,0,0,0,0,0,4,3,2009,5,15.0,1.0,0,1.0,3,1,3,  ,2,3.0,1,0,1,0,0,0,0,0,0,0,0,0,0,0,0,0,0
10847,2009044519,720.0,720.0,39,39301,40.6039,-75.4654,0,1,0,0,0,0,4,4,2009,7,7.0,1.0,0,1.0,3,1,3,  ,2,3.0,0,0,1,0,0,0,0,0,0,0,0,0,0,0,0,0,0
10848,2009044521,1945.0,1940.0,67,67301,39.9358,-75.1563,0,0,0,0,0,1,4,3,2009,4,19.0,3.0,0,1.0,3,1,3,  ,2,3.0,0,0,1,0,0,0,0,0,0,0,0,0,0,0,0,0,0
10849,2009044568,2110.0,2105.0,67,67301,39.9979,-75.1043,0,0,0,0,0,1,2,3,2009,7,20.0,3.0,0,1.0,3,1,3,  ,2,3.0,0,0,0,0,0,0,0,0,0,0,0,0,0,0,0,0,0
10850,2009045016,1556.0,1553.0,36,36402,40.1559,-76.2054,0,0,0,0,0,0,4,5,2009,6,15.0,1.0,0,9.0,2,1,7,  ,3,3.0,0,0,1,0,0,0,0,0,0,0,0,0,0,0,0,0,1
10851,2009045022,1711.0,1711.0,36,36409,40.1577,-76.3073,0,0,0,0,0,0,8,4,2009,2,17.0,1.0,0,1.0,3,2,3,  ,3,3.0,0,0,0,0,0,0,0,0,0,0,0,0,0,0,0,0,0
10852,2009045039,1017.0,1015.0,35,35412,41.373,-75.7314,0,0,0,0,0,0,4,5,2009,7,10.0,1.0,0,1.0,3,0,3,  ,0,0.0,0,0,1,0,0,0,0,0,0,0,0,0,0,0,0,0,0
10853,2009045049,2222.0,2220.0,2,2301,40.4883,-79.9374,0,0,0,0,0,0,2,5,2009,6,22.0,3.0,0,9.0,3,2,7,  ,0,0.0,1,0,0,0,0,0,0,0,0,0,0,0,0,0,0,0,0
10854,2009045053,1345.0,1343.0,39,39102,40.6511,-75.48,0,0,0,0,0,0,2,5,2009,7,13.0,1.0,0,1.0,3,2,3,  ,0,0.0,0,0,0,0,0,0,0,0,0,0,0,0,0,0,0,0,0
10855,2009045480,2024.0,2021.0,9,9226,40.222,-75.1266,0,0,0,0,0,0,4,4,2009,7,20.0,2.0,0,1.0,3,1,3,  ,2,3.0,0,1,1,0,0,0,1,1,0,1,0,0,0,0,0,0,0
10856,2009045541,842.0,842.0,23,23103,39.9766,-75.3189,0,0,0,0,0,0,4,4,2009,5,8.0,1.0,0,1.0,3,1,3,  ,0,0.0,1,0,1,0,0,0,0,0,0,0,0,0,0,0,0,0,0
10857,2009045586,1214.0,1203.0,35,35203,41.5543,-75.5273,0,0,0,0,0,1,4,4,2009,1,12.0,1.0,0,1.0,1,2,3,  ,0,0.0,0,0,1,0,0,0,0,0,0,0,0,0,0,0,0,0,0
10858,2009045591,1922.0,1720.0,2,2301,40.4483,-80.0043,0,0,1,0,0,0,4,5,2009,2,17.0,1.0,0,1.0,3,1,3,  ,2,3.0,0,1,1,0,1,0,0,0,0,0,0,0,0,0,0,0,0
10859,2009045687,2039.0,2015.0,55,55416,39.7508,-79.0829,0,0,0,0,1,0,4,5,2009,7,20.0,4.0,0,1.0,1,0,3,  ,0,0.0,0,1,1,0,0,0,1,0,0,1,0,0,0,0,0,0,0
10860,2009046126,758.0,755.0,46,46202,40.1522,-75.3486,0,0,0,0,0,0,4,4,2009,1,7.0,1.0,0,1.0,3,1,3,  ,2,3.0,1,0,1,0,0,0,0,0,0,0,0,0,0,0,0,0,1
10861,2009046225,600.0,555.0,46,46111,40.1309,-75.4015,0,0,0,0,0,0,4,5,2009,7,5.0,5.0,0,9.0,3,1,3,  ,2,3.0,0,0,1,0,0,0,0,0,0,0,0,0,0,0,0,0,0
10862,2009046247,1830.0,1830.0,49,49101,40.783,-76.5692,0,0,0,0,0,0,4,5,2009,7,20.0,3.0,0,1.0,1,2,99,  ,0,0.0,0,0,1,0,0,0,0,0,0,0,0,0,0,0,0,0,0
10863,2009046267,1709.0,1705.0,35,35404,41.4919,-75.7104,0,0,0,0,0,1,4,4,2009,7,17.0,1.0,0,1.0,3,2,3,  ,3,3.0,0,0,1,0,0,0,0,0,0,0,0,0,0,0,0,1,0
10864,2009046295,1209.0,1202.0,64,64209,40.3488,-79.575,1,0,0,0,1,0,4,4,2009,5,11.0,1.0,0,1.0,3,1,3,  ,8,3.0,0,0,1,0,0,0,0,0,0,0,0,0,0,0,0,1,0
10865,2009046449,1626.0,1626.0,66,66231,39.963,-76.768,0,0,0,0,0,1,4,4,2009,4,16.0,1.0,7,1.0,1,0,3,  ,0,0.0,0,0,1,1,0,1,0,0,0,0,0,0,0,0,0,1,0
10866,2009046484,1535.0,1532.0,25,25302,42.1025,-80.0991,0,0,0,0,1,0,4,4,2009,3,15.0,1.0,0,1.0,3,2,3,  ,3,3.0,1,0,1,0,0,0,0,0,0,0,1,0,1,0,0,0,0
10867,2009046624,1645.0,1645.0,23,23427,39.9386,-75.242,0,0,0,0,0,0,2,5,2009,5,16.0,1.0,0,9.0,3,2,7,  ,3,3.0,0,0,0,0,0,0,0,0,0,0,0,0,0,0,0,0,0
10868,2009046876,2155.0,2154.0,46,46411,40.3367,-75.4687,0,0,0,0,0,0,2,4,2009,5,21.0,3.0,0,1.0,3,0,3,  ,0,0.0,0,1,0,0,0,0,0,0,0,0,0,0,0,0,0,0,0
10869,2009047004,2117.0,2116.0,6,6301,40.3451,-75.9198,0,0,0,0,0,0,1,4,2009,5,21.0,3.0,0,1.0,3,0,3,  ,0,0.0,0,0,0,0,0,0,0,0,0,0,0,0,0,0,0,0,1
10870,2009047089,1827.0,1824.0,23,23301,39.8416,-75.3795,0,0,0,0,0,0,4,4,2009,5,18.0,1.0,0,1.0,3,1,3,  ,3,3.0,0,0,1,0,0,0,0,0,0,0,0,0,0,0,0,0,0
10871,2009047139,1503.0,1458.0,35,35302,41.3971,-75.6685,0,0,0,0,0,1,4,3,2009,6,14.0,1.0,0,1.0,3,1,3,  ,0,0.0,0,0,1,0,0,0,0,0,0,0,0,0,0,0,0,0,0
10872,2009047274,1530.0,1524.0,2,2301,40.4269,-79.9495,0,0,0,0,0,1,4,5,2009,6,15.0,1.0,0,1.0,3,1,3,  ,3,3.0,1,0,1,0,0,0,0,0,0,0,0,0,0,0,0,0,0
10873,2009047276,1527.0,1518.0,40,40304,41.2435,-75.8625,0,0,0,0,0,0,5,5,2009,6,15.0,1.0,0,1.0,3,0,3,  ,0,0.0,0,0,0,0,0,0,0,0,0,0,0,0,0,0,0,0,0
10874,2009047279,2010.0,1937.0,41,41409,41.2315,-76.9941,0,0,0,0,0,0,4,5,2009,5,17.0,1.0,0,1.0,3,2,3,  ,0,0.0,0,0,1,0,0,0,0,0,0,0,0,0,0,0,0,0,1
10875,2009047483,1644.0,1639.0,46,46220,40.0633,-75.3929,0,0,0,0,0,0,4,4,2009,5,16.0,1.0,0,1.0,3,0,3,  ,0,0.0,0,0,1,0,0,0,0,0,0,0,0,0,0,0,0,0,0
10876,2009047515,1624.0,1618.0,28,28205,39.9487,-77.7032,0,0,0,0,0,0,4,4,2009,3,16.0,1.0,0,1.0,2,0,3,  ,0,0.0,0,0,1,0,0,1,0,0,0,0,0,0,0,0,0,0,0
10877,2009047593,1712.0,1708.0,9,9207,40.3942,-75.2915,0,0,0,0,1,0,5,5,2009,6,17.0,1.0,0,1.0,1,0,3,  ,0,0.0,1,1,0,0,0,0,1,0,0,1,0,0,0,0,0,0,0
10878,2009047666,1323.0,1321.0,9,9226,40.191,-75.0888,0,1,0,0,0,0,4,5,2009,7,13.0,1.0,0,1.0,3,0,3,  ,2,3.0,0,0,1,0,0,0,0,0,0,0,0,0,0,0,0,0,0
10879,2009048358,1522.0,1520.0,66,66301,39.9647,-76.7103,0,0,0,0,0,0,4,5,2009,3,15.0,1.0,7,1.0,3,0,3,  ,0,0.0,1,0,1,0,0,0,0,0,0,0,0,0,0,0,0,0,1
10880,2009048426,1845.0,1843.0,41,41406,41.2047,-76.787,0,0,0,0,1,0,4,5,2009,5,18.0,1.0,0,1.0,1,0,3,  ,0,0.0,0,0,1,0,0,0,0,0,0,0,0,0,0,0,0,0,0
10881,2009048609,1848.0,1845.0,25,25301,41.9206,-79.6436,0,0,0,0,0,0,4,4,2009,3,18.0,1.0,0,1.0,2,0,3,  ,0,0.0,0,0,1,0,0,0,0,0,0,0,0,0,0,0,0,0,0
10882,2009048633,1745.0,1743.0,67,67301,39.9571,-75.2019,0,0,0,0,0,0,6,3,2009,2,17.0,1.0,0,1.0,3,1,3,  ,2,3.0,0,0,0,0,0,0,0,0,0,0,0,0,0,0,0,0,0
10883,2009048636,655.0,649.0,36,36218,40.1662,-76.1623,0,1,0,0,0,1,5,4,2009,4,6.0,1.0,0,1.0,1,0,3,  ,0,0.0,0,1,0,0,0,1,1,0,0,1,0,0,0,0,0,0,0
10884,2009048650,1811.0,1811.0,6,6429,40.3381,-75.9713,0,0,0,0,0,0,4,4,2009,7,18.0,1.0,0,1.0,3,1,3,  ,2,3.0,1,0,1,0,0,0,0,0,0,0,0,0,0,0,0,1,0
10885,2009048670,1120.0,1119.0,67,67301,39.9607,-75.237,0,0,0,0,0,1,4,4,2009,7,11.0,1.0,0,1.0,3,1,3,  ,3,3.0,1,0,1,0,0,0,0,0,0,0,0,0,0,0,0,0,0
10886,2009048708,2020.0,2010.0,67,67301,39.9466,-75.1535,0,0,0,0,0,0,1,3,2009,1,20.0,2.0,0,9.0,3,0,3,  ,3,3.0,0,0,0,0,0,0,0,0,0,0,0,0,0,0,0,0,0
10887,2009048710,1740.0,1737.0,67,67301,40.0343,-75.0807,0,0,0,0,0,0,4,4,2009,5,17.0,1.0,0,1.0,3,0,3,  ,0,0.0,0,0,1,0,0,0,0,0,0,0,0,0,0,0,0,0,0
10888,2009048741,1229.0,1220.0,36,36301,40.0383,-76.3175,0,0,0,0,0,1,4,4,2009,5,12.0,1.0,0,1.0,3,0,3,  ,0,0.0,0,0,1,0,0,0,0,0,0,0,0,0,0,0,0,0,0
10889,2009048835,635.0,624.0,67,67301,39.9451,-75.1685,0,0,0,0,0,0,4,3,2009,2,6.0,3.0,0,1.0,3,1,3,  ,3,3.0,0,0,1,0,0,0,0,0,0,0,0,0,0,0,0,0,0
10890,2009048856,1645.0,1640.0,67,67301,40.0164,-75.2105,0,0,0,0,0,0,8,4,2009,5,16.0,1.0,0,1.0,3,0,3,  ,2,3.0,1,0,0,0,0,0,0,0,0,0,0,0,0,0,0,0,0
10891,2009048865,1408.0,1407.0,67,67301,39.9669,-75.2299,0,0,0,0,0,0,4,3,2009,7,14.0,1.0,0,1.0,3,1,3,  ,2,3.0,0,0,1,0,0,0,0,0,0,0,0,0,0,0,0,0,0
10892,2009048903,1923.0,1919.0,67,67301,40.0128,-75.1423,0,0,0,0,0,0,2,4,2009,5,19.0,1.0,0,1.0,3,2,3,  ,3,3.0,0,0,0,0,0,0,0,0,0,0,0,0,0,0,0,0,0
10893,2009048979,1130.0,1120.0,2,2444,40.4737,-80.057,0,0,0,0,0,0,4,5,2009,4,11.0,1.0,0,1.0,3,0,3,  ,0,0.0,0,0,1,0,0,0,0,0,0,0,0,0,0,0,0,0,0
10894,2009049102,1630.0,1624.0,7,7301,40.5086,-78.3943,0,0,0,0,0,0,4,5,2009,4,16.0,1.0,0,1.0,3,1,3,  ,3,3.0,0,0,1,0,0,0,0,0,0,0,0,0,0,0,0,0,0
10895,2009049110,1929.0,1928.0,36,36234,40.0858,-76.189,0,0,0,0,0,0,4,5,2009,4,19.0,1.0,0,1.0,1,2,3,  ,3,3.0,1,0,1,0,0,0,0,0,0,0,0,0,0,0,0,0,0
10896,2009049153,1428.0,1423.0,7,7301,40.5243,-78.3927,0,0,0,0,0,0,2,4,2009,6,14.0,1.0,6,1.0,3,1,3,  ,0,0.0,0,0,0,0,0,0,0,0,0,0,0,0,0,0,0,0,0
10897,2009049203,1221.0,1216.0,67,67301,39.9539,-75.1595,0,0,0,0,0,0,4,4,2009,2,12.0,1.0,0,9.0,3,1,3,  ,2,3.0,0,0,1,0,0,0,0,0,0,0,0,0,0,0,0,0,0
10898,2009049229,2251.0,2249.0,67,67301,39.9308,-75.1613,0,0,0,0,0,0,4,4,2009,3,22.0,3.0,0,9.0,3,1,7,  ,3,3.0,0,0,1,0,0,0,0,0,0,0,0,0,0,0,0,0,0
10899,2009049276,1901.0,1858.0,67,67301,40.0763,-75.0754,0,0,0,0,1,0,4,3,2009,1,18.0,1.0,7,1.0,3,0,3,  ,0,0.0,0,0,1,0,0,0,0,0,0,0,0,0,0,0,0,0,0
10900,2009049357,1734.0,1726.0,9,9202,40.1015,-74.9492,0,0,0,0,0,0,4,4,2009,5,17.0,1.0,7,1.0,3,0,3,  ,0,0.0,1,0,1,0,0,0,0,0,0,0,0,0,0,0,0,0,1
10901,2009049446,1751.0,1750.0,48,48301,40.6241,-75.3658,0,0,0,0,0,0,4,4,2009,7,17.0,1.0,0,1.0,3,2,3,  ,3,3.0,0,0,1,0,0,0,0,0,0,0,0,0,0,0,0,0,0
10902,2009049492,922.0,910.0,67,67301,39.9539,-75.1731,0,0,0,0,0,1,4,4,2009,4,9.0,1.0,0,1.0,3,0,3,  ,0,0.0,0,0,1,0,0,0,0,0,0,0,0,0,0,0,0,0,0
10903,2009049500,2021.0,2006.0,67,67301,40.0658,-75.1507,0,0,0,0,0,0,4,4,2009,6,18.0,6.0,7,9.0,3,0,7,  ,0,0.0,0,0,1,0,0,0,0,0,0,0,0,0,0,0,0,0,0
10904,2009049535,1630.0,1630.0,67,67301,39.9667,-75.155,0,0,0,0,0,0,4,4,2009,5,99.0,1.0,0,1.0,3,1,3,  ,3,3.0,0,0,1,0,0,0,0,0,0,0,0,0,0,0,0,0,0
10905,2009049536,615.0,9999.0,67,67301,39.9624,-75.1615,0,0,0,0,0,0,4,3,2009,2,99.0,1.0,0,1.0,3,1,3,  ,2,3.0,0,0,1,0,0,0,0,0,0,0,0,0,0,0,0,0,0
10906,2009049559,910.0,859.0,67,67301,39.9617,-75.1615,0,0,0,0,0,0,4,4,2009,5,8.0,1.0,0,1.0,3,2,3,  ,0,0.0,1,0,1,0,0,0,0,0,0,0,0,0,0,0,0,0,0
10907,2009049561,2204.0,2200.0,67,67301,39.9701,-75.178,0,0,0,0,0,0,4,4,2009,3,17.0,1.0,0,9.0,3,1,99,  ,3,3.0,0,0,1,0,0,1,0,0,0,0,0,0,0,0,0,0,0
10908,2009049563,1733.0,1733.0,67,67301,39.954,-75.1765,0,0,0,0,0,0,1,4,2009,3,17.0,1.0,0,1.0,3,0,3,  ,0,0.0,1,0,0,0,0,0,0,0,0,0,0,0,0,0,1,0,0
10909,2009049585,1150.0,1145.0,67,67301,40.0028,-75.1378,0,0,0,0,1,0,2,4,2009,6,11.0,1.0,0,1.0,3,5,3,  ,2,3.0,0,0,0,0,0,0,0,0,0,0,0,0,0,0,0,0,0
10910,2009049622,1654.0,1651.0,9,9101,40.1253,-74.8535,0,0,0,0,1,0,4,4,2009,1,16.0,1.0,0,1.0,3,0,3,  ,0,0.0,0,0,1,0,0,0,0,0,0,0,0,0,0,0,0,0,0
10911,2009049641,1340.0,1337.0,67,67301,40.0392,-75.1917,0,0,0,0,1,0,2,3,2009,5,13.0,1.0,0,9.0,3,0,7,  ,2,3.0,0,0,0,0,0,0,0,0,0,0,0,0,0,0,0,0,0
10912,2009049731,1611.0,1600.0,2,2301,40.4252,-79.9809,0,1,0,0,1,0,6,5,2009,6,16.0,1.0,0,1.0,3,0,3,  ,0,0.0,0,0,0,0,0,0,0,0,0,0,0,0,0,0,0,1,0
10913,2009049734,910.0,910.0,67,67301,39.9869,-75.1307,0,0,0,0,0,0,4,4,2009,5,9.0,1.0,0,1.0,3,0,3,  ,0,0.0,0,0,1,0,0,0,0,0,0,0,0,0,0,0,0,0,0
10914,2009049767,1454.0,1450.0,67,67301,39.9496,-75.1572,0,0,0,0,0,0,5,3,2009,4,14.0,1.0,0,1.0,3,0,3,  ,2,3.0,0,0,0,0,0,0,0,0,0,0,0,0,0,0,0,0,0
10915,2009049804,1811.0,1808.0,2,2301,40.4635,-79.9415,0,1,0,0,0,1,4,5,2009,6,18.0,1.0,7,1.0,3,0,3,  ,0,0.0,0,0,1,0,0,0,0,0,0,0,0,0,0,0,0,0,0
10916,2009049858,1842.0,1840.0,67,67301,39.9505,-75.1489,0,0,0,0,0,0,4,3,2009,5,5.0,3.0,0,1.0,3,0,99,  ,0,0.0,0,0,1,0,0,0,0,0,0,0,0,0,0,0,0,0,0
10917,2009049883,1824.0,1820.0,67,67301,39.9683,-75.2044,0,0,0,0,0,0,4,4,2009,1,18.0,1.0,0,1.0,3,1,3,  ,3,3.0,0,0,1,0,0,0,0,0,0,0,0,0,0,0,0,0,0
10918,2009049997,905.0,823.0,26,26219,39.9586,-79.3975,0,0,0,1,0,0,5,4,2009,6,8.0,1.0,0,9.0,1,0,7,  ,0,0.0,1,0,0,0,1,0,0,0,0,0,0,0,0,0,0,0,0
10919,2009050082,1246.0,1204.0,5,5228,40.2497,-78.3361,0,1,0,0,0,0,1,4,2009,1,12.0,1.0,7,1.0,1,0,3,  ,0,0.0,0,0,0,0,0,0,0,0,0,0,0,0,0,0,0,1,0
10920,2009050277,905.0,857.0,9,9407,40.1773,-74.9145,0,0,0,0,0,1,4,5,2009,3,8.0,1.0,7,1.0,3,0,3,  ,0,0.0,0,0,1,0,0,0,0,0,0,0,0,0,0,0,0,0,0
10921,2009050387,1158.0,1154.0,2,2113,40.4731,-79.8204,0,0,0,0,0,0,4,5,2009,7,11.0,1.0,0,1.0,3,0,3,  ,0,0.0,1,0,1,0,0,0,0,0,0,0,0,0,0,0,0,1,0
10922,2009050401,1637.0,1632.0,10,10301,40.857,-79.8879,0,0,0,0,0,0,4,5,2009,7,16.0,1.0,0,1.0,2,1,3,  ,0,0.0,0,0,1,0,0,0,0,0,0,0,0,0,0,0,0,0,0
10923,2009050507,1349.0,1346.0,46,46416,40.2497,-75.6714,0,0,0,0,0,0,5,5,2009,7,13.0,1.0,0,1.0,2,2,3,  ,0,0.0,0,1,0,0,0,1,1,0,0,1,0,0,0,0,0,0,0
10924,2009050565,1801.0,1753.0,36,36411,40.0598,-76.5415,0,0,0,0,0,0,6,5,2009,7,17.0,1.0,0,1.0,1,1,3,  ,3,3.0,0,0,0,0,0,0,0,0,0,0,0,0,0,0,0,0,0
10925,2009050821,626.0,621.0,46,46104,40.0347,-75.2912,0,0,0,0,0,0,4,4,2009,5,6.0,5.0,0,1.0,3,1,3,  ,3,3.0,0,0,1,0,0,0,0,0,0,0,0,0,0,0,0,1,0