,CRN,ARRIVAL_TM,DISPATCH_TM,COUNTY,MUNICIPALITY,DEC_LAT,DEC_LONG,BICYCLE_DEATH_COUNT,BICYCLE_SUSP_SERIOUS_INJ_COUNT,BUS_COUNT,HEAVY_TRUCK_COUNT,SMALL_TRUCK_COUNT,SUV_COUNT,COLLISION_TYPE,CRASH_MONTH,CRASH_YEAR,DAY_OF_WEEK,HOUR_OF_DAY,ILLUMINATION,LOCATION_TYPE,ROAD_CONDITION,URBAN_RURAL,INTERSECT_TYPE,WEATHER1,WEATHER2,TCD_TYPE,TCD_FUNC_CD,AGGRESSIVE_DRIVING,ALCOHOL_RELATED,ANGLE_CRASH,CELL_PHONE,COMM_VEHICLE,DISTRACTED,DRINKING_DRIVER,DRUGGED_DRIVER,FATIGUE_ASLEEP,IMPAIRED_DRIVER,NHTSA_AGG_DRIVING,RUNNING_RED_LT,RUNNING_STOP_SIGN,SPEEDING_RELATED,TAILGATING,MATURE_DRIVER,YOUNG_DRIVER
10926,2009050837,1954.0,1953.0,44,44403,,,0,0,0,0,0,1,4,4,2009,2,19.0,1.0,0,1.0,2,2,3,  ,3,3.0,0,0,1,0,0,0,0,0,0,0,0,0,0,0,0,0,0
10927,2009051112,1420.0,1415.0,39,39211,40.562,-75.3892,0,0,0,0,1,0,5,5,2009,6,14.0,1.0,0,9.0,1,0,7,  ,0,0.0,0,0,0,0,0,0,0,0,0,0,0,0,0,0,0,0,0
10928,2009051171,1924.0,1916.0,14,14216,40.8284,-77.8765,0,0,0,0,0,1,4,5,2009,3,19.0,1.0,0,1.0,1,2,3,  ,2,3.0,1,0,1,0,0,0,0,0,0,0,0,0,0,0,0,0,0
10929,2009051266,1759.0,1757.0,2,2301,40.4132,-80.0193,0,0,0,0,0,0,4,5,2009,4,17.0,1.0,0,1.0,3,2,3,  ,3,3.0,0,0,1,0,0,0,0,0,0,0,0,0,0,0,0,0,0
10930,2009051391,1543.0,1537.0,55,55218,40.2248,-78.8154,0,0,0,0,0,0,2,5,2009,4,15.0,1.0,0,1.0,1,0,3,  ,0,0.0,0,0,0,0,0,1,0,0,0,0,0,0,0,0,0,0,0
10931,2009051903,7.0,7.0,2,2301,40.4284,-79.9746,0,0,0,0,0,1,4,5,2009,6,0.0,3.0,0,1.0,3,1,3,  ,2,3.0,0,0,1,0,0,0,0,0,0,0,0,0,0,0,0,0,0
10932,2009051935,1059.0,1051.0,39,39301,40.6136,-75.4699,0,0,0,0,0,0,4,4,2009,7,10.0,1.0,0,1.0,3,1,3,  ,2,3.0,0,0,1,0,0,1,0,0,0,0,0,0,0,0,0,0,0
10933,2009051965,2102.0,2102.0,6,6301,40.3398,-75.917,0,0,0,0,0,0,4,5,2009,7,21.0,6.0,0,1.0,3,1,3,  ,3,3.0,0,0,1,0,0,0,0,0,0,0,0,0,0,0,0,0,0
10934,2009051993,1909.0,1904.0,39,39301,40.5925,-75.5069,0,0,0,0,0,0,4,3,2009,6,19.0,3.0,0,1.0,3,1,3,  ,2,3.0,0,0,1,0,0,0,0,0,0,0,0,0,0,0,0,0,0
10935,2009052126,1950.0,1945.0,35,35302,41.4183,-75.6546,0,0,0,0,0,0,4,4,2009,3,19.0,3.0,0,9.0,3,1,7,  ,2,3.0,0,0,1,0,0,1,0,0,0,0,0,0,0,0,0,0,0
10936,2009052187,2156.0,2155.0,39,39301,40.6095,-75.4681,0,0,0,0,0,0,4,4,2009,7,21.0,3.0,0,1.0,3,1,3,  ,0,0.0,0,0,1,0,0,0,0,0,0,0,0,0,0,0,0,0,0
10937,2009052318,1538.0,1533.0,2,2108,40.5916,-79.9969,0,0,0,0,0,1,5,5,2009,4,15.0,1.0,0,1.0,3,2,3,  ,0,0.0,1,0,0,0,0,0,0,0,0,0,0,0,0,0,0,1,0
10938,2009052461,1712.0,1712.0,9,9226,40.1986,-75.0858,0,0,0,0,1,0,4,5,2009,6,17.0,1.0,0,1.0,3,2,3,  ,3,3.0,1,0,1,0,0,0,0,0,0,0,0,0,0,0,0,0,0
10939,2009052465,1818.0,1817.0,9,9226,40.1841,-75.0878,0,0,0,0,0,0,4,5,2009,6,18.0,1.0,0,1.0,3,1,3,  ,3,3.0,1,0,1,1,0,1,0,0,0,0,0,0,0,0,0,0,0
10940,2009052481,958.0,953.0,38,38213,40.2205,-76.5393,0,0,0,1,0,0,4,5,2009,7,9.0,1.0,0,1.0,1,2,3,  ,0,0.0,0,0,1,0,1,0,0,0,0,0,0,0,0,0,0,0,0
10941,2009052501,1828.0,1827.0,21,21409,40.053,-77.5209,0,0,0,0,0,0,4,5,2009,4,18.0,1.0,0,1.0,2,2,3,  ,0,0.0,0,0,1,0,0,0,0,0,0,0,0,0,0,0,0,0,1
10942,2009052869,1236.0,1229.0,2,2481,40.5579,-80.0756,0,0,0,0,0,0,4,5,2009,7,12.0,1.0,0,1.0,3,2,3,  ,3,3.0,1,0,1,0,0,0,0,0,0,0,0,0,0,0,0,1,0
10943,2009052973,1100.0,1022.0,11,11101,40.3013,-78.8869,0,0,0,0,0,0,4,5,2009,6,10.0,1.0,0,1.0,3,1,3,  ,2,3.0,0,0,1,0,0,0,0,0,0,0,0,0,0,0,0,1,0
10944,2009053004,1742.0,1732.0,2,2301,40.4443,-79.9178,0,0,0,0,0,1,5,5,2009,3,17.0,1.0,0,1.0,3,2,3,  ,3,3.0,1,0,0,0,0,0,0,0,0,0,0,0,0,0,0,0,0
10945,2009053149,2129.0,2127.0,41,41219,41.263,-76.9668,0,0,0,0,0,1,4,5,2009,2,21.0,2.0,0,1.0,1,2,3,  ,0,0.0,0,1,1,0,0,0,0,0,0,0,0,0,0,0,0,0,0
10946,2009053391,2155.0,2151.0,2,2301,40.4381,-79.923,0,0,1,0,0,0,2,5,2009,5,21.0,3.0,0,1.0,3,1,3,  ,2,3.0,0,0,0,0,1,0,0,0,0,0,0,0,0,0,0,0,0
10947,2009053541,1410.0,1406.0,39,39301,40.6096,-75.4746,0,0,0,0,0,1,4,4,2009,7,14.0,1.0,0,1.0,3,2,3,  ,0,0.0,0,0,1,0,0,0,0,0,0,0,0,0,0,0,0,0,0
10948,2009053551,2013.0,2013.0,6,6408,40.5584,-75.9852,0,0,0,0,0,0,4,4,2009,5,20.0,3.0,0,1.0,1,1,3,  ,3,3.0,0,0,1,0,0,0,0,0,0,0,0,0,0,0,0,0,0
10949,2009053668,1245.0,1245.0,22,22203,40.3366,-76.6744,0,0,0,0,0,0,1,5,2009,1,12.0,1.0,0,1.0,1,2,3,  ,0,0.0,0,0,0,0,0,0,0,0,0,0,0,0,0,0,0,0,0
10950,2009053749,1109.0,1106.0,55,55422,40.2375,-78.8255,0,0,0,0,1,0,4,5,2009,4,11.0,1.0,7,1.0,3,0,3,  ,0,0.0,0,0,1,0,0,0,0,0,0,0,0,0,0,0,0,1,0
10951,2009053876,1940.0,1925.0,46,46210,40.3822,-75.4372,0,0,0,0,0,0,5,4,2009,4,19.0,4.0,0,1.0,1,0,3,  ,0,0.0,0,0,0,0,0,0,0,0,0,0,0,0,0,0,0,0,0
10952,2009053893,1812.0,1810.0,40,40101,41.2317,-75.9117,0,0,0,0,0,0,4,5,2009,5,18.0,4.0,0,1.0,3,5,3,  ,3,3.0,1,0,1,0,0,0,0,0,0,0,0,0,0,1,0,0,0
10953,2009054132,1230.0,1230.0,6,6417,40.3276,-75.8808,0,0,0,0,0,0,4,4,2009,1,12.0,1.0,0,1.0,3,0,3,  ,0,0.0,0,0,1,0,0,0,0,0,0,0,0,0,0,0,0,0,0
10954,2009054151,1703.0,1701.0,25,25302,42.1272,-80.056,0,0,0,0,0,1,8,5,2009,2,17.0,1.0,0,1.0,3,0,3,  ,0,0.0,0,0,0,0,0,0,0,0,0,0,0,0,0,0,0,0,0
10955,2009054286,1327.0,1327.0,46,46408,40.1765,-75.1034,0,0,0,0,1,0,6,5,2009,6,13.0,1.0,0,1.0,3,2,3,  ,0,0.0,0,0,0,0,0,0,0,0,0,0,0,0,0,0,0,0,0
10956,2009054295,1714.0,1711.0,36,36301,40.0315,-76.2998,0,0,0,0,0,0,4,5,2009,1,17.0,1.0,0,1.0,3,0,3,  ,0,0.0,0,0,1,0,0,0,0,0,0,0,0,0,0,0,0,0,0
10957,2009054298,1811.0,1805.0,67,67301,39.9221,-75.1554,0,0,0,0,0,0,4,4,2009,5,18.0,1.0,0,1.0,3,0,3,  ,0,0.0,0,0,1,0,0,0,0,0,0,0,0,0,0,0,0,0,0
10958,2009054339,735.0,710.0,67,67301,39.9724,-75.1592,0,0,0,0,0,0,8,5,2009,3,7.0,1.0,0,9.0,3,2,7,  ,3,3.0,0,0,0,0,0,0,0,0,0,0,0,0,0,0,0,0,0
10959,2009054355,1551.0,1548.0,67,67301,39.9287,-75.1737,0,0,0,0,0,0,4,4,2009,2,15.0,1.0,0,1.0,3,1,3,  ,3,3.0,0,0,1,0,0,0,0,0,0,0,0,0,0,0,0,0,0
10960,2009054358,1655.0,1649.0,67,67301,39.9585,-75.1487,0,0,0,0,0,0,4,5,2009,4,16.0,1.0,0,1.0,3,1,3,  ,3,3.0,0,0,1,0,0,0,0,0,0,0,0,0,0,0,0,0,0
10961,2009054374,1706.0,1703.0,46,46109,40.1594,-75.2149,0,0,0,0,0,0,4,5,2009,5,17.0,1.0,7,1.0,3,0,3,  ,0,0.0,1,0,1,0,0,0,0,0,0,0,0,0,0,0,0,1,0
10962,2009054429,1817.0,1814.0,67,67301,39.9379,-75.1667,0,0,0,0,0,1,4,4,2009,5,18.0,1.0,0,1.0,3,1,3,  ,1,3.0,1,0,1,0,0,0,0,0,0,0,0,0,0,0,0,0,0
10963,2009054430,1655.0,1643.0,67,67301,39.9308,-75.1706,0,0,0,0,0,0,4,4,2009,3,16.0,1.0,0,1.0,3,2,3,  ,3,3.0,0,0,1,0,0,0,0,0,0,0,0,0,0,0,0,0,1
10964,2009054433,2346.0,2344.0,67,67301,39.9323,-75.1729,0,0,0,0,0,0,4,4,2009,7,23.0,3.0,0,1.0,3,2,3,  ,3,3.0,1,0,1,0,0,0,0,0,0,0,0,0,1,0,0,0,0
10965,2009054447,2144.0,2140.0,67,67301,40.0105,-75.1418,0,0,0,0,0,1,4,4,2009,1,20.0,6.0,0,1.0,3,0,3,  ,0,0.0,0,0,1,0,0,0,0,0,0,0,0,0,0,0,0,0,0
10966,2009054455,1225.0,1218.0,67,67301,39.9489,-75.1643,0,0,0,0,0,0,5,5,2009,7,12.0,1.0,0,1.0,3,0,3,  ,0,0.0,0,0,0,0,0,0,0,0,0,0,0,0,0,0,0,0,0
10967,2009054514,642.0,638.0,67,67301,39.948,-75.1727,0,0,0,0,0,0,4,4,2009,5,6.0,1.0,0,1.0,3,2,3,  ,1,3.0,1,0,1,0,0,0,0,0,0,0,0,0,1,0,0,0,0
10968,2009054528,1235.0,1230.0,67,67301,39.9927,-75.1451,0,0,0,0,1,0,4,4,2009,4,12.0,1.0,0,9.0,3,2,7,  ,0,0.0,0,0,1,0,0,0,0,0,0,0,0,0,0,0,0,0,0
10969,2009054556,1750.0,1743.0,67,67301,39.9441,-75.1688,0,0,0,0,0,0,5,4,2009,7,9.0,1.0,0,1.0,3,2,3,  ,2,9.0,0,0,0,0,0,1,0,0,0,0,0,0,0,0,0,0,0
10970,2009054558,1615.0,1612.0,67,67301,39.9338,-75.1588,0,0,0,0,0,0,5,4,2009,1,16.0,1.0,0,1.0,3,3,3,  ,0,0.0,0,1,0,0,0,0,0,0,0,0,0,0,0,0,0,0,0
10971,2009054559,1837.0,1837.0,67,67301,39.9369,-75.1502,0,0,0,0,0,0,4,4,2009,3,18.0,1.0,0,1.0,3,1,3,  ,3,3.0,1,0,1,0,0,0,0,0,0,0,0,0,0,0,0,0,0
10972,2009054592,2036.0,2036.0,36,36408,40.1801,-76.1795,0,0,0,0,0,0,4,5,2009,3,20.0,4.0,0,1.0,2,1,3,  ,2,3.0,0,0,1,0,0,0,0,0,0,0,0,0,0,0,0,0,0
10973,2009054746,819.0,815.0,28,28406,39.7539,-77.5829,0,0,0,0,0,0,4,5,2009,6,8.0,1.0,0,1.0,2,1,3,  ,2,3.0,0,0,1,0,0,0,0,0,0,0,0,0,0,0,0,0,0
10974,2009054897,1713.0,1708.0,46,46413,40.1189,-75.3572,0,0,0,0,0,0,4,5,2009,1,17.0,1.0,0,1.0,3,1,3,  ,0,0.0,0,0,1,0,0,0,0,0,0,0,0,0,0,0,0,0,0
10975,2009054910,2106.0,2104.0,67,67301,39.9746,-75.1218,0,0,0,0,0,0,4,4,2009,1,21.0,3.0,0,1.0,3,1,3,  ,2,3.0,0,0,1,0,0,0,0,0,0,0,0,0,0,0,0,0,0
10976,2009055109,1907.0,1907.0,17,17301,41.1217,-78.7674,0,0,0,0,0,0,4,5,2009,6,19.0,1.0,0,1.0,2,1,3,  ,2,3.0,0,0,1,0,0,0,0,0,0,0,0,0,0,0,0,0,0
10977,2009055215,1911.0,1907.0,36,36213,40.1506,-76.0237,0,0,0,0,0,0,4,5,2009,1,19.0,1.0,0,1.0,1,1,3,  ,3,3.0,0,0,1,0,0,0,0,0,0,0,0,0,0,0,0,0,0
10978,2009055342,1653.0,1650.0,18,18405,41.104,-77.4871,0,0,0,0,0,1,8,5,2009,2,16.0,1.0,0,1.0,2,2,3,  ,3,3.0,0,0,0,0,0,0,0,0,0,0,0,0,0,0,0,0,0
10979,2009055556,1719.0,1712.0,9,9219,40.3415,-75.1201,0,0,0,0,0,0,4,5,2009,5,17.0,1.0,7,1.0,1,0,3,  ,0,0.0,0,0,1,0,0,0,0,0,0,0,0,0,0,0,0,0,0
10980,2009055604,1616.0,1614.0,23,23106,40.0529,-75.3494,0,0,0,0,0,1,5,4,2009,5,16.0,6.0,0,1.0,3,1,3,  ,1,3.0,1,0,0,0,0,0,0,0,0,0,0,0,0,0,0,0,0
10981,2009055812,651.0,651.0,6,6418,40.3022,-75.9746,0,0,0,0,0,0,4,5,2009,4,6.0,1.0,0,1.0,3,1,3,  ,2,3.0,0,0,1,0,0,0,0,0,0,0,0,0,0,0,0,0,0
10982,2009055836,2010.0,2001.0,2,2301,40.4367,-80.0009,0,0,0,0,0,0,1,6,2009,2,20.0,1.0,2,1.0,3,1,3,  ,2,3.0,1,0,0,0,0,0,0,0,0,0,0,0,0,0,0,0,0
10983,2009056004,1550.0,1550.0,36,36215,40.0395,-76.2044,0,0,0,0,1,0,4,5,2009,6,15.0,1.0,0,9.0,1,0,7,  ,0,0.0,1,0,1,0,0,0,0,0,0,0,0,0,0,0,0,1,0
10984,2009056106,1725.0,1719.0,7,7301,40.5355,-78.3957,0,0,0,0,0,0,2,5,2009,4,17.0,1.0,0,1.0,3,2,3,  ,0,0.0,0,0,0,0,0,0,0,0,0,0,0,0,0,0,0,0,0
10985,2009056154,1607.0,1605.0,61,61301,41.8399,-79.1404,0,0,0,0,0,1,6,6,2009,3,16.0,1.0,0,1.0,2,2,3,  ,3,3.0,0,0,0,0,0,0,0,0,0,0,0,0,0,0,0,0,0
10986,2009056270,802.0,802.0,23,23204,39.8783,-75.5241,0,0,0,0,0,0,1,5,2009,2,8.0,1.0,0,1.0,3,2,3,  ,3,3.0,0,0,0,0,0,1,0,0,0,0,0,0,0,0,0,0,0
10987,2009056319,1830.0,1825.0,67,67301,39.9395,-75.1461,0,0,0,0,0,0,5,5,2009,6,18.0,1.0,0,1.0,3,2,3,  ,3,9.0,1,0,0,0,0,0,0,0,0,0,0,0,0,0,0,0,0
10988,2009056341,1106.0,1104.0,67,67301,39.9533,-75.1838,0,0,0,0,0,0,4,4,2009,3,11.0,1.0,0,1.0,3,1,3,  ,2,3.0,0,0,1,0,0,0,0,0,0,0,0,0,0,0,0,0,0
10989,2009056358,830.0,825.0,67,67301,39.979,-75.2138,0,0,0,0,1,0,1,5,2009,1,8.0,1.0,0,9.0,3,0,7,  ,0,0.0,0,0,0,0,0,0,0,0,0,0,0,0,0,0,0,0,0
10990,2009056380,1752.0,1749.0,39,39302,40.6338,-75.3921,0,0,0,0,0,0,1,5,2009,4,17.0,1.0,0,1.0,3,0,3,  ,0,0.0,0,0,0,0,0,0,0,0,0,0,0,0,0,0,0,0,0
10991,2009056387,1758.0,1756.0,48,48301,40.6269,-75.3782,0,0,0,0,0,0,4,5,2009,7,17.0,1.0,0,1.0,3,1,3,  ,3,3.0,0,0,1,0,0,0,0,0,0,0,0,0,0,0,0,0,0
10992,2009056411,2117.0,2115.0,67,67301,39.9679,-75.2375,0,0,0,0,0,0,4,4,2009,3,20.0,3.0,0,1.0,3,1,3,  ,3,3.0,0,0,1,0,0,0,0,0,0,0,0,0,0,0,0,1,0
10993,2009056419,2030.0,9999.0,67,67301,39.9834,-75.1191,0,0,0,0,0,0,4,4,2009,4,14.0,1.0,0,1.0,3,1,3,  ,2,3.0,0,0,1,0,0,0,0,0,0,0,0,0,0,0,0,0,0
10994,2009056430,1252.0,1250.0,48,48301,40.6102,-75.3846,0,0,0,0,0,0,4,5,2009,6,12.0,1.0,0,1.0,3,1,3,  ,2,3.0,1,0,1,0,0,0,0,0,0,0,0,0,0,0,0,1,0
10995,2009056513,1825.0,1820.0,67,67301,40.0059,-75.0937,0,0,1,0,0,0,2,5,2009,4,17.0,1.0,0,1.0,3,0,3,  ,0,0.0,0,0,0,0,1,0,0,0,0,0,0,0,0,0,0,0,0
10996,2009056545,1926.0,1926.0,38,38301,40.3485,-76.4115,1,0,0,0,0,0,2,5,2009,6,19.0,1.0,0,1.0,2,2,3,  ,0,0.0,0,0,0,0,0,0,0,0,0,0,0,0,0,0,0,0,0
10997,2009056572,1735.0,1730.0,2,2304,40.3384,-79.8473,0,0,0,0,0,1,4,5,2009,6,17.0,1.0,0,1.0,3,1,3,  ,0,0.0,0,0,1,0,0,0,0,0,0,0,0,0,0,0,0,0,0
10998,2009056576,2028.0,2028.0,67,67301,39.9916,-75.1184,0,0,0,0,0,0,4,4,2009,4,17.0,1.0,0,1.0,3,0,3,  ,0,0.0,0,0,1,0,0,0,0,0,0,0,0,0,0,0,0,0,0
10999,2009056647,1323.0,1303.0,28,28203,39.9683,-77.5878,0,0,0,0,1,0,2,5,2009,7,13.0,1.0,7,1.0,1,0,3,  ,0,0.0,0,0,0,0,0,0,0,0,0,0,0,0,0,0,0,0,0
11000,2009056848,1726.0,1719.0,1,1404,39.9288,-77.2483,0,1,0,0,0,0,4,5,2009,1,17.0,1.0,0,1.0,1,0,3,  ,0,0.0,0,0,1,0,0,0,0,0,0,0,0,0,0,0,0,1,0
11001,2009056876,1625.0,1620.0,35,35217,41.3501,-75.5913,0,1,0,0,0,0,5,6,2009,5,16.0,1.0,0,1.0,1,0,3,  ,0,0.0,0,0,0,0,0,1,0,0,0,0,0,0,0,0,0,0,0
11002,2009056963,1740.0,1736.0,2,2304,40.3517,-79.8319,0,0,0,0,0,0,8,5,2009,6,17.0,1.0,0,1.0,3,2,3,  ,0,0.0,0,0,0,0,0,0,0,0,0,0,0,0,0,0,0,0,0
11003,2009057146,2120.0,2115.0,53,53236,40.8172,-76.2148,1,1,0,0,0,0,2,6,2009,2,21.0,3.0,0,1.0,1,0,3,  ,0,0.0,0,0,0,0,0,0,0,0,0,0,0,0,0,0,0,0,0
11004,2009057259,1145.0,9999.0,67,67301,40.0115,-75.1929,0,0,0,0,0,0,4,5,2009,7,11.0,8.0,0,98.0,3,0,99,  ,0,0.0,0,0,1,0,0,0,0,0,0,0,0,0,0,0,0,0,0
11005,2009057591,1201.0,1158.0,46,46416,40.2455,-75.649,0,0,0,0,1,0,4,5,2009,6,11.0,1.0,0,1.0,2,1,3,  ,2,3.0,0,0,1,0,0,0,0,0,0,0,0,0,0,0,0,1,0
11006,2009057691,1829.0,1827.0,48,48101,40.6528,-75.3358,0,0,0,0,0,0,5,6,2009,5,18.0,1.0,0,1.0,3,0,3,  ,0,0.0,1,0,0,0,0,0,0,0,0,0,0,0,0,0,0,0,0
11007,2009057722,1107.0,1054.0,64,64215,40.2307,-79.7137,0,0,0,0,1,0,1,5,2009,7,10.0,1.0,0,1.0,1,2,3,  ,0,0.0,0,0,0,0,0,0,0,0,0,0,0,0,0,0,0,0,0
11008,2009057737,1850.0,1833.0,10,10207,40.9862,-79.939,0,0,0,0,1,0,4,6,2009,4,18.0,1.0,0,9.0,1,2,7,  ,3,3.0,0,0,1,0,0,0,0,0,0,0,0,0,0,0,0,0,0
11009,2009057823,1904.0,1901.0,9,9227,40.2327,-75.1209,0,0,0,0,0,0,2,6,2009,7,19.0,1.0,0,1.0,3,2,98,  ,0,0.0,0,0,0,0,0,0,0,0,0,0,0,0,0,0,0,0,0
11010,2009057862,1214.0,1210.0,36,36408,40.1817,-76.1728,0,0,1,0,0,0,4,6,2009,6,12.0,1.0,0,9.0,2,1,7,  ,3,2.0,0,0,1,0,1,0,0,0,0,0,0,0,0,0,0,0,0
11011,2009058065,1928.0,1729.0,10,10210,40.9909,-79.7919,0,0,0,0,0,0,4,6,2009,1,15.0,1.0,0,1.0,1,0,3,  ,0,0.0,0,0,1,0,0,0,0,0,0,0,0,0,0,0,0,1,0
11012,2009058175,1705.0,1702.0,35,35413,41.4698,-75.6021,0,0,0,0,0,0,4,6,2009,3,17.0,1.0,0,1.0,3,1,3,  ,3,3.0,0,0,1,0,0,0,0,0,0,0,0,0,0,0,0,1,0
11013,2009058191,2310.0,2305.0,2,2301,40.468,-79.9551,0,0,0,0,0,0,4,6,2009,3,23.0,3.0,0,1.0,3,0,3,  ,0,0.0,0,0,1,0,0,0,0,0,0,0,0,0,0,0,0,0,0
11014,2009058392,1740.0,1728.0,2,2301,40.4511,-79.9825,0,0,0,0,0,0,1,6,2009,4,17.0,1.0,0,1.0,3,1,3,  ,0,0.0,0,0,0,0,0,0,0,0,0,0,0,0,0,0,0,0,0
11015,2009058630,1200.0,1158.0,21,21102,40.2061,-76.9283,0,0,0,0,0,0,4,6,2009,4,11.0,1.0,7,1.0,3,0,3,  ,0,0.0,0,0,1,0,0,1,0,0,0,0,0,0,0,0,0,0,0
11016,2009058730,1459.0,1454.0,36,36218,40.1657,-76.1606,0,0,0,0,0,1,5,5,2009,6,14.0,1.0,0,1.0,1,0,3,  ,0,0.0,0,0,0,0,0,0,0,0,0,0,0,0,0,0,0,1,0
11017,2009058761,1953.0,1946.0,6,6301,40.3292,-75.9085,0,0,0,0,0,0,4,5,2009,6,19.0,1.0,0,1.0,3,1,3,  ,0,0.0,0,0,1,0,0,0,0,0,0,0,0,0,0,0,0,0,0
11018,2009058774,2055.0,2050.0,25,25302,42.1128,-80.0906,0,0,0,0,0,0,4,5,2009,5,20.0,1.0,0,1.0,3,1,3,  ,3,3.0,0,0,1,0,0,0,0,0,0,0,0,0,0,0,0,0,0
11019,2009058782,1320.0,1319.0,6,6102,40.4098,-75.9273,0,0,0,0,0,1,5,5,2009,7,13.0,1.0,0,1.0,3,2,3,  ,0,0.0,1,0,0,0,0,0,0,0,0,0,0,0,0,0,0,0,0
11020,2009058846,1808.0,1805.0,35,35302,41.4366,-75.6464,0,0,0,0,0,0,4,4,2009,5,18.0,1.0,0,1.0,3,1,3,  ,0,0.0,0,0,1,0,0,0,0,0,0,0,0,0,0,0,0,0,0
11021,2009058863,1717.0,1716.0,35,35302,41.4012,-75.6638,0,0,0,0,0,0,4,4,2009,1,17.0,1.0,0,1.0,3,1,3,  ,0,0.0,0,0,1,0,0,0,0,0,0,0,0,0,0,0,0,0,1
11022,2009058891,1640.0,1637.0,67,67301,39.9509,-75.152,0,0,0,0,0,0,4,5,2009,5,16.0,1.0,0,9.0,3,1,7,  ,2,3.0,0,0,1,0,0,0,0,0,0,0,0,0,0,0,0,0,0
11023,2009059002,1803.0,1745.0,66,66409,40.0764,-77.0293,0,1,0,0,0,1,4,5,2009,6,17.0,1.0,0,1.0,1,1,3,  ,3,3.0,0,0,1,0,0,0,0,0,0,0,0,0,0,0,0,0,0
11024,2009059167,745.0,733.0,2,2301,40.4694,-79.9294,0,0,0,0,1,0,1,6,2009,6,7.0,1.0,0,1.0,3,0,3,  ,0,0.0,0,0,0,0,0,1,0,0,0,0,0,0,0,0,0,0,0
11025,2009059306,1204.0,1200.0,67,67301,39.9517,-75.1772,0,0,0,0,0,0,4,4,2009,3,11.0,1.0,0,98.0,3,1,99,  ,2,3.0,0,0,1,0,0,0,0,0,0,0,0,0,0,0,0,0,0
11026,2009059452,1821.0,1821.0,7,7301,40.5248,-78.3936,0,0,0,0,0,0,4,5,2009,1,15.0,1.0,0,1.0,3,1,3,  ,3,3.0,0,0,1,0,0,0,0,0,0,0,0,0,0,0,0,0,0
11027,2009059499,1305.0,1301.0,15,15236,40.0682,-75.4636,0,0,0,0,0,0,1,5,2009,6,13.0,1.0,7,1.0,1,0,3,  ,0,0.0,1,0,0,0,0,0,0,0,0,0,0,0,0,0,0,0,0
11028,2009059747,2116.0,2103.0,2,2301,40.4946,-79.9347,0,0,0,0,0,0,6,5,2009,4,21.0,3.0,0,1.0,3,1,3,  ,3,3.0,0,0,0,0,0,0,0,0,0,0,0,0,0,0,0,0,0
11029,2009059822,1033.0,1031.0,15,15411,40.1343,-75.5123,0,0,0,0,0,1,4,6,2009,7,10.0,1.0,0,1.0,3,2,3,  ,2,3.0,0,0,1,0,0,0,0,0,0,0,0,0,0,0,0,0,0
11030,2009059944,1228.0,1226.0,2,2301,40.4521,-79.931,0,0,0,0,0,0,5,6,2009,1,12.0,1.0,0,1.0,3,1,3,  ,2,3.0,1,0,0,0,0,0,0,0,0,0,0,0,0,0,0,0,0
11031,2009059948,1235.0,1230.0,2,2301,40.4704,-79.9605,0,0,0,0,0,0,4,6,2009,1,12.0,1.0,0,1.0,3,1,3,  ,2,3.0,1,0,1,0,0,0,0,0,0,0,0,0,0,0,0,0,0
11032,2009059983,2103.0,2101.0,4,4426,40.7061,-80.2808,0,1,0,0,0,0,2,6,2009,6,21.0,3.0,0,1.0,3,2,3,  ,3,3.0,0,0,0,0,0,0,0,0,0,0,0,0,0,0,0,0,1
11033,2009060052,1505.0,1458.0,38,38203,40.3892,-76.5276,0,1,0,0,0,0,8,6,2009,2,14.0,1.0,7,1.0,1,0,3,  ,0,0.0,0,0,0,0,0,0,0,0,0,0,0,0,0,0,0,0,1
11034,2009060147,1739.0,1737.0,22,22301,40.2542,-76.8585,0,0,0,0,0,0,4,5,2009,7,17.0,1.0,0,1.0,3,0,3,  ,3,3.0,0,0,1,0,0,0,0,0,0,0,0,0,0,0,0,0,1
11035,2009060152,1525.0,1521.0,36,36227,40.1463,-76.3493,0,1,0,0,0,0,4,6,2009,1,15.0,1.0,7,1.0,1,0,3,  ,0,0.0,0,0,1,0,0,0,0,0,0,0,0,0,0,0,0,0,0
11036,2009060213,2308.0,2308.0,25,25302,42.1166,-80.075,0,0,0,0,0,0,2,5,2009,4,23.0,3.0,0,1.0,3,1,3,  ,2,3.0,0,0,0,0,0,0,0,0,0,0,0,0,0,0,0,0,0
11037,2009060244,1604.0,1556.0,6,6411,40.3887,-75.9169,0,0,0,0,0,0,4,5,2009,5,15.0,1.0,99,1.0,3,1,3,  ,0,0.0,0,0,1,0,0,0,0,0,0,0,0,0,0,0,0,0,0
11038,2009060275,0.0,0.0,2,2301,40.4678,-79.9281,0,0,0,0,0,0,4,5,2009,4,23.0,6.0,0,1.0,3,1,3,  ,2,2.0,1,0,1,0,0,0,0,0,0,0,0,0,0,0,0,0,0
11039,2009060338,1345.0,1344.0,48,48302,40.6832,-75.2168,0,0,0,0,0,0,5,5,2009,1,13.0,1.0,0,1.0,3,0,99,  ,0,0.0,0,0,0,0,0,1,0,0,0,0,0,0,0,0,0,0,0