,CRN,ARRIVAL_TM,DISPATCH_TM,COUNTY,MUNICIPALITY,DEC_LAT,DEC_LONG,BICYCLE_DEATH_COUNT,BICYCLE_SUSP_SERIOUS_INJ_COUNT,BUS_COUNT,HEAVY_TRUCK_COUNT,SMALL_TRUCK_COUNT,SUV_COUNT,COLLISION_TYPE,CRASH_MONTH,CRASH_YEAR,DAY_OF_WEEK,HOUR_OF_DAY,ILLUMINATION,LOCATION_TYPE,ROAD_CONDITION,URBAN_RURAL,INTERSECT_TYPE,WEATHER1,WEATHER2,TCD_TYPE,TCD_FUNC_CD,AGGRESSIVE_DRIVING,ALCOHOL_RELATED,ANGLE_CRASH,CELL_PHONE,COMM_VEHICLE,DISTRACTED,DRINKING_DRIVER,DRUGGED_DRIVER,FATIGUE_ASLEEP,IMPAIRED_DRIVER,NHTSA_AGG_DRIVING,RUNNING_RED_LT,RUNNING_STOP_SIGN,SPEEDING_RELATED,TAILGATING,MATURE_DRIVER,YOUNG_DRIVER
11040,2009060404,1518.0,1516.0,24,24301,41.424,-78.5595,0,0,0,0,1,0,4,6,2009,2,15.0,1.0,0,1.0,2,2,3,  ,0,0.0,0,0,1,0,0,0,0,0,0,0,0,0,0,0,0,0,0
11041,2009060572,1735.0,1730.0,66,66301,39.9726,-76.7082,0,0,0,0,1,0,1,6,2009,2,17.0,1.0,7,1.0,3,0,3,  ,0,0.0,0,0,0,0,0,0,0,0,0,0,0,0,0,0,0,1,0
11042,2009060632,2049.0,2045.0,7,7301,40.5104,-78.4144,0,0,0,0,0,0,4,6,2009,2,20.0,1.0,0,1.0,3,1,3,  ,3,3.0,0,0,1,0,0,0,0,0,0,0,0,0,0,0,0,0,1
11043,2009060721,1734.0,1731.0,61,61301,41.8413,-79.1328,0,0,0,0,0,0,6,6,2009,3,16.0,1.0,0,1.0,2,1,3,  ,3,3.0,1,0,0,0,0,0,0,0,0,0,0,0,0,1,0,0,0
11044,2009060882,1145.0,1145.0,39,39102,40.6377,-75.4753,0,0,0,0,0,1,4,6,2009,7,10.0,1.0,0,1.0,3,0,3,  ,0,0.0,0,0,1,0,0,0,0,0,0,0,0,0,0,0,0,0,0
11045,2009061119,708.0,651.0,46,46214,40.3377,-75.4037,0,0,0,0,0,0,5,5,2009,6,6.0,1.0,0,1.0,1,2,3,  ,0,0.0,0,0,0,0,0,0,0,0,0,0,0,0,0,0,0,0,0
11046,2009061159,1315.0,1311.0,47,47401,40.9587,-76.6159,0,0,0,0,0,0,9,6,2009,4,13.0,1.0,0,9.0,2,1,7,  ,3,3.0,0,0,0,0,0,0,0,0,0,0,0,0,0,0,0,0,0
11047,2009061195,1912.0,1910.0,23,23411,39.8984,-75.291,0,0,0,0,0,0,4,6,2009,6,19.0,4.0,0,1.0,3,0,3,  ,0,0.0,0,0,1,0,0,0,0,0,0,0,0,0,0,0,0,0,0
11048,2009061305,1741.0,1740.0,2,2437,40.3935,-80.0876,0,0,0,0,0,0,8,6,2009,5,17.0,1.0,7,1.0,3,1,3,  ,2,3.0,0,0,0,0,0,0,0,0,0,0,0,0,0,0,0,0,0
11049,2009061306,2126.0,2126.0,2,2113,40.4602,-79.844,0,0,0,0,0,1,4,6,2009,5,21.0,3.0,0,1.0,3,2,3,  ,0,0.0,1,0,1,0,0,0,0,0,0,0,0,0,0,0,0,0,0
11050,2009061351,1259.0,1251.0,61,61201,41.8412,-79.2582,0,0,0,0,0,1,4,5,2009,1,12.0,1.0,0,1.0,1,2,3,  ,3,3.0,1,0,1,0,0,0,0,0,0,0,0,0,0,0,0,1,0
11051,2009061356,952.0,944.0,41,41228,41.2064,-76.7448,0,0,0,0,0,1,1,6,2009,7,9.0,1.0,0,1.0,1,0,3,  ,0,0.0,0,0,0,0,0,0,0,0,0,0,0,0,0,0,0,0,0
11052,2009061397,1211.0,1210.0,46,46420,40.2607,-75.4648,0,0,0,0,0,0,4,6,2009,4,12.0,1.0,0,1.0,3,2,3,  ,2,3.0,0,0,1,0,0,0,0,0,0,0,0,0,0,0,0,0,0
11053,2009061454,1514.0,1511.0,39,39301,40.6063,-75.4683,0,0,0,0,0,1,4,5,2009,1,14.0,1.0,0,1.0,3,1,3,  ,0,0.0,0,0,1,0,0,0,0,0,0,0,0,0,0,0,0,0,0
11054,2009061457,1917.0,1915.0,39,39301,40.6024,-75.4825,0,0,0,0,0,0,5,5,2009,2,19.0,1.0,0,1.0,3,0,3,  ,0,0.0,0,0,0,0,0,0,0,0,0,0,0,0,0,0,0,0,0
11055,2009061518,1719.0,1717.0,49,49411,41.0839,-76.8592,0,1,0,0,0,0,2,6,2009,7,17.0,1.0,0,1.0,1,1,3,  ,3,3.0,0,0,0,0,0,0,0,0,0,0,0,0,0,0,0,0,0
11056,2009061556,1713.0,1711.0,39,39301,40.625,-75.4279,0,0,0,0,0,0,4,5,2009,1,17.0,1.0,0,1.0,3,1,3,  ,0,0.0,0,0,1,0,0,0,0,0,0,0,0,0,0,0,0,0,0
11057,2009061584,1809.0,1808.0,39,39301,40.6131,-75.4747,0,0,0,0,0,1,4,5,2009,4,18.0,1.0,0,1.0,3,0,3,  ,0,0.0,0,0,1,0,0,0,0,0,0,0,0,0,0,0,0,0,0
11058,2009061661,1511.0,1509.0,23,23110,39.8368,-75.4423,0,0,0,0,0,0,4,4,2009,6,15.0,1.0,7,1.0,3,0,3,  ,0,0.0,1,0,1,0,0,0,0,0,0,0,0,0,0,0,0,0,0
11059,2009061757,1330.0,1330.0,9,9218,40.2133,-74.9623,0,0,0,0,1,0,2,6,2009,6,20.0,4.0,0,1.0,3,0,3,  ,0,0.0,0,0,0,0,0,0,0,0,0,0,0,0,0,0,0,0,0
11060,2009061796,1246.0,1246.0,9,9414,40.3727,-75.3023,0,0,0,0,0,0,4,6,2009,5,12.0,1.0,0,9.0,2,2,7,  ,3,3.0,0,0,1,0,0,0,0,0,0,0,0,0,0,0,0,0,0
11061,2009061893,1526.0,1521.0,39,39301,40.5924,-75.492,0,0,0,0,0,0,6,5,2009,1,15.0,1.0,0,1.0,3,1,3,  ,0,0.0,0,0,0,0,0,0,0,0,0,0,0,0,0,0,0,0,0
11062,2009061947,1517.0,1516.0,38,38301,40.3489,-76.4292,0,1,0,0,1,0,5,4,2009,6,15.0,1.0,0,1.0,2,0,3,  ,0,0.0,0,0,0,0,0,1,0,0,0,0,0,0,0,0,0,0,1
11063,2009062122,2102.0,2058.0,2,2301,40.424,-79.9698,0,0,0,0,0,0,8,6,2009,7,19.0,1.0,0,1.0,3,0,3,  ,0,0.0,0,0,0,0,0,1,0,0,0,0,0,0,0,0,0,0,0
11064,2009062189,1340.0,1337.0,7,7301,40.5305,-78.4018,0,0,0,0,0,0,4,6,2009,7,13.0,1.0,0,1.0,3,1,3,  ,3,3.0,0,0,1,0,0,0,0,0,0,0,0,0,0,0,0,0,0
11065,2009062382,1217.0,1215.0,21,21402,40.2001,-77.1917,0,0,0,0,0,0,4,6,2009,2,12.0,1.0,0,1.0,2,1,3,  ,3,3.0,0,0,1,0,0,0,0,0,0,0,0,0,0,0,0,0,0
11066,2009062386,1859.0,1858.0,11,11409,40.3113,-78.9056,0,0,0,0,0,0,4,6,2009,7,18.0,1.0,7,1.0,3,2,3,  ,9,9.0,0,0,1,0,0,0,0,0,0,0,0,0,0,0,0,1,0
11067,2009062406,2145.0,2142.0,2,2102,40.3689,-80.1021,0,0,0,0,0,0,4,6,2009,7,21.0,3.0,0,1.0,3,0,3,  ,0,0.0,1,0,1,0,0,1,0,0,0,0,0,0,0,0,0,0,0
11068,2009062445,1759.0,1757.0,39,39102,40.622,-75.481,0,0,0,0,1,0,4,6,2009,1,17.0,1.0,0,1.0,3,1,3,  ,2,3.0,0,0,1,0,0,0,0,0,0,0,0,0,0,0,0,0,0
11069,2009062772,1522.0,1520.0,61,61301,41.8595,-79.1464,0,0,0,0,1,1,4,6,2009,3,15.0,1.0,0,1.0,2,1,3,  ,3,3.0,0,0,1,0,0,0,0,0,0,0,0,0,0,0,0,1,0
11070,2009062894,1540.0,1534.0,36,36223,40.0357,-76.3514,0,0,0,0,1,0,5,6,2009,3,15.0,1.0,0,1.0,1,0,3,  ,0,0.0,1,0,0,0,0,0,0,0,0,0,0,0,0,0,0,0,0
11071,2009062962,1518.0,1453.0,15,15221,39.7242,-75.7913,0,0,0,0,0,1,4,5,2009,6,14.0,1.0,0,1.0,1,0,3,  ,0,0.0,1,0,1,0,0,0,0,0,0,0,0,0,0,0,0,0,0
11072,2009063013,1451.0,1445.0,65,65216,41.5064,-75.8976,0,0,0,0,0,0,1,6,2009,2,14.0,1.0,0,1.0,1,0,3,  ,0,0.0,0,0,0,0,0,0,0,0,0,0,0,0,0,0,0,0,0
11073,2009063016,806.0,800.0,2,2301,40.4563,-80.0132,0,0,0,0,0,1,4,6,2009,4,8.0,1.0,0,1.0,3,1,3,  ,3,2.0,1,0,1,0,0,0,0,0,0,0,0,0,1,0,0,0,0
11074,2009063039,1028.0,1025.0,41,41301,41.2275,-77.0189,0,0,0,0,0,1,4,6,2009,4,10.0,1.0,7,1.0,3,0,3,  ,0,0.0,0,0,1,0,0,0,0,0,0,0,0,0,0,0,0,0,0
11075,2009063040,1300.0,1256.0,66,66301,39.9554,-76.7349,0,0,0,0,0,1,8,6,2009,4,12.0,1.0,0,1.0,3,1,3,  ,0,0.0,0,0,0,0,0,0,0,0,0,0,0,0,0,0,0,0,0
11076,2009063106,2043.0,2042.0,46,46101,40.1006,-75.149,0,0,0,0,0,0,6,6,2009,6,20.0,1.0,0,1.0,3,1,3,  ,2,3.0,1,1,0,0,0,0,1,0,0,1,0,0,0,0,0,0,0
11077,2009063174,1658.0,1658.0,61,61301,41.8487,-79.1383,0,0,0,0,0,0,4,6,2009,4,16.0,1.0,0,1.0,2,2,3,  ,3,3.0,0,0,1,0,0,0,0,0,0,0,0,0,0,0,0,1,0
11078,2009063184,1106.0,1100.0,40,40304,41.235,-75.8846,0,0,0,0,0,1,4,6,2009,5,11.0,1.0,0,1.0,3,0,3,  ,0,0.0,0,0,1,0,0,0,0,0,0,0,0,0,0,0,0,0,0
11079,2009063340,941.0,936.0,36,36418,40.1556,-76.0564,1,0,0,1,0,0,5,6,2009,4,9.0,1.0,0,1.0,1,0,3,  ,0,0.0,0,0,0,0,1,0,0,0,0,0,0,0,0,0,0,0,0
11080,2009063370,1706.0,1704.0,48,48302,40.686,-75.2298,0,0,0,0,0,1,4,6,2009,6,17.0,1.0,7,1.0,3,0,3,  ,0,0.0,0,0,1,0,0,0,0,0,0,0,0,0,0,0,0,1,0
11081,2009063414,9999.0,9999.0,40,40304,,,0,0,0,0,0,1,4,6,2009,3,19.0,1.0,7,1.0,3,0,3,  ,3,3.0,0,0,1,0,0,0,0,0,0,0,0,0,0,0,0,0,0
11082,2009063532,1557.0,1554.0,9,9226,40.1986,-75.0858,0,0,0,0,0,0,4,6,2009,3,15.0,1.0,0,1.0,3,2,3,  ,3,3.0,0,0,1,0,0,0,0,0,0,0,0,0,0,0,0,0,0
11083,2009063535,718.0,715.0,21,21404,40.2132,-77.0018,0,0,0,0,0,0,4,6,2009,4,7.0,1.0,0,1.0,3,1,3,  ,0,0.0,0,0,1,0,0,0,0,0,0,0,0,0,0,0,0,0,0
11084,2009063568,1738.0,1724.0,2,2301,40.4813,-79.9531,0,0,0,0,0,0,6,6,2009,5,17.0,1.0,0,1.0,3,1,3,  ,0,0.0,0,0,0,0,0,0,0,0,0,0,0,0,0,0,0,0,0
11085,2009063616,1905.0,1902.0,63,63403,41.5702,-75.2517,0,0,0,0,0,0,4,6,2009,3,19.0,1.0,0,1.0,2,2,3,  ,3,3.0,0,0,1,0,0,0,0,0,0,0,0,0,0,0,0,0,0
11086,2009063762,1925.0,1912.0,67,67301,39.954,-75.1767,0,0,0,0,0,0,4,5,2009,5,19.0,1.0,0,1.0,3,1,3,  ,1,3.0,0,0,1,0,0,0,0,0,0,0,0,0,0,0,0,1,0
11087,2009063763,2135.0,2128.0,67,67301,39.9552,-75.2101,0,0,0,0,0,1,8,5,2009,5,20.0,4.0,0,1.0,3,0,3,  ,2,3.0,0,0,0,0,0,0,0,0,0,0,0,0,0,0,0,0,0
11088,2009063785,1755.0,1750.0,67,67301,39.9273,-75.1448,0,0,0,0,0,0,4,5,2009,7,17.0,1.0,0,1.0,3,1,3,  ,2,3.0,0,0,1,0,0,1,0,0,0,0,0,0,0,0,0,0,0
11089,2009063844,1609.0,1606.0,48,48301,40.6124,-75.3628,0,0,0,0,0,1,4,6,2009,5,16.0,1.0,0,1.0,3,1,3,  ,3,3.0,0,0,1,0,0,0,0,0,0,0,0,0,0,0,0,0,0
11090,2009063860,1110.0,1105.0,67,67301,39.9543,-75.1714,0,0,0,0,1,0,1,5,2009,2,11.0,1.0,0,1.0,3,0,3,  ,2,3.0,1,0,0,0,0,0,0,0,0,0,0,0,0,0,1,0,0
11091,2009063884,1622.0,1621.0,67,67301,39.9164,-75.1639,0,0,0,0,0,0,4,5,2009,7,16.0,1.0,0,1.0,3,0,3,  ,0,0.0,0,0,1,0,0,0,0,0,0,0,0,0,0,0,0,0,0
11092,2009063975,1032.0,1030.0,67,67301,40.0439,-75.1878,0,0,0,0,0,1,4,5,2009,4,10.0,1.0,0,1.0,3,0,3,  ,3,3.0,0,0,1,0,0,1,0,0,0,0,0,0,0,0,0,0,0
11093,2009064246,1200.0,1157.0,9,9415,40.4382,-75.3329,0,0,0,0,0,0,4,6,2009,6,11.0,1.0,0,1.0,2,2,3,  ,0,0.0,1,0,1,0,0,0,0,0,0,0,0,0,0,0,0,0,0
11094,2009064513,1626.0,1624.0,46,46224,40.1,-75.2733,0,1,0,0,0,0,4,6,2009,2,16.0,1.0,0,1.0,3,2,3,  ,3,3.0,0,0,1,0,0,1,0,0,0,0,0,0,0,0,0,0,1
11095,2009064547,1904.0,1858.0,46,46104,40.0029,-75.2407,0,0,0,0,0,0,4,6,2009,1,18.0,1.0,0,1.0,3,1,3,  ,3,3.0,0,0,1,0,0,0,0,0,0,0,0,0,0,0,0,0,1
11096,2009064557,1214.0,1210.0,46,46104,40.0022,-75.2652,0,0,0,0,0,0,5,6,2009,2,12.0,1.0,0,1.0,3,0,3,  ,0,0.0,1,0,0,0,0,0,0,0,0,0,0,0,0,0,0,1,0
11097,2009064674,125.0,122.0,67,67301,39.9605,-75.137,0,0,0,0,0,0,4,5,2009,1,1.0,3.0,0,9.0,3,2,3,  ,2,3.0,0,1,1,0,0,0,0,0,0,0,0,0,0,0,0,0,0
11098,2009064815,1624.0,1506.0,53,53429,40.5873,-76.5583,0,0,0,0,0,1,6,6,2009,2,14.0,1.0,0,1.0,1,1,3,  ,3,3.0,0,0,0,0,0,0,0,0,0,0,0,0,0,0,0,0,0
11099,2009064856,1134.0,1133.0,20,20404,41.526,-80.0532,0,0,0,0,1,0,5,6,2009,7,11.0,1.0,0,1.0,1,0,3,  ,7,3.0,1,0,0,0,0,0,0,0,0,0,0,0,0,0,0,0,0
11100,2009064857,2220.0,2215.0,9,9101,40.1406,-74.83,0,0,0,0,0,0,4,6,2009,2,17.0,1.0,0,1.0,3,2,3,  ,3,3.0,0,0,1,0,0,0,0,0,0,0,0,0,0,0,0,0,0
11101,2009064878,1749.0,1747.0,67,67301,39.9449,-75.224,0,0,0,0,0,0,4,5,2009,7,17.0,1.0,0,1.0,3,1,3,  ,2,3.0,0,0,1,0,0,0,0,0,0,0,0,0,0,0,0,0,0
11102,2009064886,1444.0,1442.0,67,67301,39.9591,-75.2036,0,1,0,0,0,0,6,5,2009,4,14.0,1.0,0,1.0,3,1,3,  ,3,3.0,0,0,0,0,0,1,0,0,0,0,0,0,0,0,0,0,0
11103,2009064908,1415.0,1415.0,2,2445,40.4691,-79.9187,0,0,0,0,0,0,5,5,2009,1,14.0,1.0,0,1.0,3,1,3,  ,3,3.0,0,0,0,0,0,0,0,0,0,0,0,0,0,0,0,0,0
11104,2009064964,1420.0,1418.0,67,67301,39.9551,-75.1985,0,0,0,0,0,1,4,5,2009,2,14.0,1.0,7,1.0,3,0,3,  ,0,0.0,1,0,1,0,0,0,0,0,0,0,0,0,0,0,0,0,0
11105,2009065061,1920.0,1920.0,67,67301,40.0283,-75.1409,0,0,0,0,1,0,1,5,2009,5,19.0,1.0,0,1.0,3,0,3,  ,3,3.0,0,0,0,1,0,1,0,0,0,0,0,0,0,0,0,0,0
11106,2009065080,2207.0,2207.0,6,6301,40.3444,-75.9198,0,0,0,0,0,0,4,5,2009,6,22.0,3.0,0,1.0,3,1,3,  ,3,3.0,0,0,1,0,0,0,0,0,0,0,0,0,0,0,0,0,0
11107,2009065115,1738.0,1726.0,36,36101,40.074,-76.2759,0,0,0,0,0,0,2,5,2009,6,17.0,1.0,0,1.0,3,2,3,  ,3,3.0,1,0,0,0,0,0,0,0,0,0,0,0,0,0,0,1,0
11108,2009065143,1138.0,1135.0,67,67301,39.9333,-75.1607,0,0,0,0,0,0,4,5,2009,3,11.0,1.0,0,1.0,3,1,3,  ,3,3.0,0,0,1,0,0,0,0,0,0,0,0,0,0,0,0,0,0
11109,2009065146,1959.0,1956.0,67,67301,39.9175,-75.1561,0,0,0,0,0,0,4,5,2009,5,19.0,1.0,0,1.0,3,1,3,  ,2,3.0,0,0,1,0,0,0,0,0,0,0,0,0,0,0,0,0,0
11110,2009065147,1021.0,1015.0,67,67301,39.9253,-75.1577,0,0,0,0,1,0,4,5,2009,5,10.0,1.0,0,1.0,3,1,3,  ,3,3.0,1,0,1,0,0,1,0,0,0,0,0,0,1,0,0,0,0
11111,2009065164,900.0,855.0,67,67301,39.9627,-75.1777,0,0,0,0,0,1,4,5,2009,7,8.0,1.0,0,1.0,3,0,3,  ,2,3.0,0,0,1,0,0,0,0,0,0,0,0,0,0,0,0,0,0
11112,2009065233,1918.0,1914.0,67,67301,39.9191,-75.158,0,0,0,0,0,0,4,5,2009,2,18.0,1.0,0,1.0,3,1,3,  ,3,9.0,0,0,1,0,0,0,0,0,0,0,0,0,0,0,0,0,0
11113,2009065259,1955.0,1950.0,67,67301,39.957,-75.2255,0,0,0,0,0,0,4,5,2009,3,19.0,1.0,0,1.0,3,1,3,  ,2,3.0,0,0,1,0,0,0,0,0,0,0,0,0,0,0,0,0,0
11114,2009065266,910.0,906.0,67,67301,39.9535,-75.1853,0,0,0,0,0,0,4,5,2009,7,9.0,1.0,0,1.0,3,2,3,  ,2,3.0,0,0,1,0,0,0,0,0,0,0,0,0,0,0,0,0,0
11115,2009065269,1713.0,1708.0,67,67301,39.9558,-75.1915,0,0,0,0,0,0,4,4,2009,1,17.0,1.0,0,9.0,3,1,3,  ,2,3.0,0,0,1,0,0,0,0,0,0,0,0,0,0,0,0,0,1
11116,2009065271,1300.0,1255.0,67,67301,40.0,-75.1531,0,0,0,0,0,0,4,5,2009,4,12.0,1.0,0,1.0,3,1,3,  ,2,3.0,0,0,1,0,0,0,0,0,0,0,0,0,0,0,0,0,0
11117,2009065293,1557.0,1554.0,46,46109,40.159,-75.2144,0,0,0,0,0,0,4,5,2009,4,15.0,1.0,7,1.0,3,0,3,  ,0,0.0,0,0,1,0,0,0,0,0,0,0,0,0,0,0,0,0,0
11118,2009065322,1412.0,1411.0,48,48301,40.6121,-75.3642,0,0,0,0,0,0,4,6,2009,7,14.0,1.0,0,1.0,3,1,3,  ,3,3.0,0,0,1,0,0,0,0,0,0,0,0,0,0,0,0,0,0
11119,2009065401,1917.0,1915.0,67,67301,39.9764,-75.1197,0,0,0,0,0,0,8,5,2009,7,19.0,1.0,0,1.0,3,0,3,  ,0,0.0,0,0,0,0,0,0,0,0,0,0,0,0,0,0,0,0,0
11120,2009065434,1823.0,1832.0,67,67301,40.0196,-75.0733,0,0,0,0,0,0,4,5,2009,2,16.0,1.0,0,1.0,3,1,3,  ,2,3.0,0,0,1,0,0,0,0,0,0,0,0,0,0,0,0,0,1
11121,2009065451,1555.0,1545.0,67,67301,39.947,-75.1766,0,0,0,0,0,0,4,5,2009,3,99.0,1.0,0,1.0,3,1,3,  ,2,3.0,1,0,1,0,0,0,0,0,0,0,0,0,0,0,0,0,0
11122,2009065472,2350.0,2342.0,67,67301,39.9695,-75.1395,0,0,0,0,0,0,1,5,2009,2,23.0,3.0,0,1.0,3,1,3,  ,2,9.0,1,0,0,0,0,0,0,0,0,0,0,0,0,0,1,0,0
11123,2009065475,1638.0,1638.0,67,67301,39.9123,-75.1605,0,0,0,0,0,0,4,5,2009,4,12.0,1.0,0,1.0,3,0,3,  ,0,0.0,0,0,1,0,0,0,0,0,0,0,0,0,0,0,0,0,0
11124,2009065484,1708.0,1705.0,67,67301,40.04,-75.1211,0,0,0,0,0,0,4,5,2009,1,17.0,1.0,0,1.0,3,0,3,  ,0,0.0,0,0,1,0,0,0,0,0,0,0,0,0,0,0,0,0,0
11125,2009065497,1705.0,1700.0,53,53415,40.6923,-76.2585,0,0,0,0,0,1,4,5,2009,7,16.0,1.0,0,1.0,1,1,3,  ,3,3.0,0,0,1,0,0,0,0,0,0,0,0,0,0,0,0,0,0
11126,2009065503,1835.0,1832.0,25,25302,42.0989,-80.0648,0,0,0,0,0,0,4,6,2009,7,18.0,1.0,0,1.0,3,1,3,  ,3,3.0,0,0,1,0,0,0,0,0,0,0,0,0,0,0,0,0,0
11127,2009065544,1711.0,1711.0,11,11301,40.3153,-78.9118,0,0,0,0,0,0,4,6,2009,6,17.0,1.0,0,1.0,3,1,3,  ,0,0.0,0,0,1,0,0,0,0,0,0,0,0,0,0,0,0,0,0
11128,2009065586,935.0,928.0,66,66301,39.9621,-76.7344,0,0,0,0,0,0,4,6,2009,3,9.0,1.0,0,1.0,3,1,3,  ,3,3.0,0,0,1,0,0,0,0,0,0,0,0,0,0,0,0,0,0
11129,2009065587,820.0,808.0,67,67301,39.9541,-75.1778,0,0,0,0,0,0,4,5,2009,6,7.0,1.0,0,1.0,3,1,3,  ,2,3.0,0,0,1,0,0,0,0,0,0,0,0,0,0,0,0,0,0
11130,2009065591,0.0,0.0,67,67301,39.9288,-75.1649,0,0,0,0,0,0,4,4,2009,5,2.0,6.0,0,1.0,3,5,3,  ,9,9.0,0,0,1,0,0,0,0,0,0,0,0,0,0,0,0,0,0
11131,2009065594,0.0,0.0,38,38201,40.4372,-76.4468,0,0,0,0,0,1,4,3,2009,2,17.0,1.0,0,1.0,1,1,3,  ,3,3.0,1,0,1,0,0,0,0,0,0,0,0,0,0,0,0,0,1
11132,2009065598,0.0,0.0,38,38214,40.3811,-76.4547,0,0,0,0,0,0,2,4,2009,2,16.0,1.0,0,1.0,1,2,3,  ,3,3.0,0,0,0,0,0,0,0,0,0,0,0,0,0,0,0,0,0
11133,2009065607,0.0,0.0,67,67301,39.9525,-75.177,0,0,0,0,0,0,5,5,2009,6,9.0,1.0,0,1.0,3,1,3,  ,9,9.0,0,0,0,0,0,0,0,0,0,0,0,0,0,0,0,0,0
11134,2009065680,1200.0,1158.0,36,36101,40.0674,-76.3072,0,0,0,0,0,1,4,6,2009,5,11.0,1.0,0,9.0,3,2,7,  ,3,3.0,1,0,1,0,0,0,0,0,0,0,0,0,0,0,0,0,0
11135,2009065770,1827.0,1817.0,46,46417,40.3762,-75.4825,0,0,0,0,0,0,4,6,2009,2,18.0,1.0,0,1.0,1,1,3,  ,3,3.0,0,0,1,0,0,0,0,0,0,0,0,0,0,0,0,0,0
11136,2009065786,1934.0,1931.0,67,67301,39.9772,-75.1749,0,0,0,0,0,0,4,5,2009,2,19.0,1.0,0,1.0,3,1,3,  ,3,9.0,0,0,1,0,0,0,0,0,0,0,0,0,0,0,0,0,0
11137,2009065804,2021.0,2017.0,64,64101,40.3171,-79.7716,0,0,0,0,0,0,4,3,2009,3,20.0,2.0,0,1.0,3,0,3,  ,0,0.0,0,0,1,0,0,0,0,0,0,0,0,0,0,0,0,0,0
11138,2009066005,0.0,0.0,67,67301,39.929,-75.1617,0,0,0,0,0,0,5,4,2009,7,17.0,4.0,0,1.0,3,0,3,  ,0,0.0,0,0,0,0,0,0,0,0,0,0,0,0,0,0,0,0,0
11139,2009066020,1401.0,1356.0,62,62301,40.2026,-79.9268,0,0,0,0,0,0,4,6,2009,3,13.0,1.0,0,1.0,3,1,3,  ,2,3.0,0,0,1,0,0,0,0,0,0,0,0,0,0,0,0,0,0
11140,2009066042,0.0,0.0,38,38205,40.389,-76.3271,0,1,0,0,0,0,4,6,2009,4,15.0,1.0,0,1.0,1,2,99,  ,0,0.0,0,0,1,0,0,0,0,0,0,0,0,0,0,0,0,0,0
11141,2009066098,1300.0,1255.0,66,66301,,,0,0,0,0,0,0,4,7,2009,4,12.0,1.0,0,1.0,3,2,3,  ,0,0.0,0,0,1,0,0,0,0,0,0,0,0,0,0,0,0,0,0
11142,2009066136,1307.0,1305.0,9,9414,40.3763,-75.2884,0,0,0,0,0,0,4,7,2009,4,13.0,1.0,0,1.0,2,1,3,  ,2,3.0,0,0,1,0,0,0,0,0,0,0,0,0,0,0,0,0,1
11143,2009066174,1535.0,1530.0,66,66418,40.0631,-76.7197,0,0,0,0,0,0,4,6,2009,6,15.0,1.0,0,1.0,3,1,3,  ,3,3.0,0,0,1,0,0,0,0,0,0,0,0,0,0,0,0,0,0
11144,2009066185,638.0,634.0,46,46102,40.0868,-75.165,0,0,0,0,0,1,5,6,2009,3,6.0,1.0,0,1.0,3,3,3,  ,2,3.0,0,0,0,0,0,0,0,0,0,0,0,0,0,0,0,0,0
11145,2009066432,1518.0,1518.0,67,67301,40.0436,-75.1714,0,0,0,0,0,0,4,5,2009,2,15.0,1.0,0,1.0,3,0,3,  ,0,0.0,0,0,1,0,0,0,0,0,0,0,0,0,0,0,0,0,0
11146,2009066462,1325.0,1324.0,39,39301,40.5944,-75.4945,0,0,0,0,0,0,4,6,2009,5,13.0,1.0,7,9.0,3,0,7,  ,0,0.0,1,0,1,0,0,0,0,0,0,0,0,0,0,0,0,0,0
11147,2009066466,1724.0,1722.0,39,39301,40.6033,-75.5073,0,0,0,0,0,0,4,6,2009,5,17.0,1.0,0,9.0,3,1,3,  ,2,3.0,1,0,1,0,0,0,0,0,0,0,0,0,0,0,0,0,0
11148,2009066508,1222.0,1220.0,67,67301,39.9506,-75.1939,0,0,0,0,0,1,4,5,2009,6,12.0,1.0,0,1.0,3,0,3,  ,0,0.0,0,0,1,0,0,0,0,0,0,0,0,0,0,0,0,0,0
11149,2009066562,1820.0,1805.0,6,6301,40.3213,-75.9476,0,0,0,0,0,1,4,6,2009,7,18.0,1.0,0,1.0,3,0,3,  ,0,0.0,0,0,1,0,0,0,0,0,0,0,0,0,0,0,0,0,0
11150,2009066569,2126.0,2122.0,6,6301,40.3363,-75.9298,0,0,0,0,0,1,4,6,2009,4,21.0,3.0,0,9.0,3,1,7,  ,2,3.0,1,0,1,0,0,0,0,0,0,0,1,0,0,0,0,0,0
11151,2009066591,0.0,0.0,9,9414,40.3839,-75.2759,0,0,0,0,1,0,4,4,2009,5,15.0,1.0,0,1.0,2,1,3,  ,2,3.0,1,0,1,0,0,0,0,0,0,0,1,1,0,0,0,0,0
11152,2009066597,0.0,0.0,67,67301,39.9503,-75.1473,0,0,0,0,0,0,4,4,2009,3,16.0,1.0,0,1.0,3,1,3,  ,2,3.0,1,0,1,0,0,0,0,0,0,0,0,0,0,0,0,0,0
11153,2009066647,0.0,0.0,67,67301,39.9591,-75.172,0,1,0,0,0,1,4,4,2009,6,17.0,1.0,0,1.0,3,1,3,  ,2,3.0,1,0,1,0,0,0,0,0,0,0,0,0,0,0,0,0,0
11154,2009066676,1623.0,1619.0,66,66301,39.9677,-76.7165,0,0,0,0,0,0,4,7,2009,5,16.0,1.0,0,1.0,3,1,3,  ,3,3.0,1,0,1,0,0,0,0,0,0,0,0,0,1,0,0,0,0