,CRN,ARRIVAL_TM,DISPATCH_TM,COUNTY,MUNICIPALITY,DEC_LAT,DEC_LONG,BICYCLE_DEATH_COUNT,BICYCLE_SUSP_SERIOUS_INJ_COUNT,BUS_COUNT,HEAVY_TRUCK_COUNT,SMALL_TRUCK_COUNT,SUV_COUNT,COLLISION_TYPE,CRASH_MONTH,CRASH_YEAR,DAY_OF_WEEK,HOUR_OF_DAY,ILLUMINATION,LOCATION_TYPE,ROAD_CONDITION,URBAN_RURAL,INTERSECT_TYPE,WEATHER1,WEATHER2,TCD_TYPE,TCD_FUNC_CD,AGGRESSIVE_DRIVING,ALCOHOL_RELATED,ANGLE_CRASH,CELL_PHONE,COMM_VEHICLE,DISTRACTED,DRINKING_DRIVER,DRUGGED_DRIVER,FATIGUE_ASLEEP,IMPAIRED_DRIVER,NHTSA_AGG_DRIVING,RUNNING_RED_LT,RUNNING_STOP_SIGN,SPEEDING_RELATED,TAILGATING,MATURE_DRIVER,YOUNG_DRIVER
11155,2009066750,1940.0,1933.0,33,33223,40.9288,-78.9679,0,0,0,0,0,0,6,6,2009,7,19.0,1.0,0,1.0,1,0,3,  ,0,0.0,0,0,0,0,0,0,0,0,0,0,0,0,0,0,0,1,0
11156,2009066847,1718.0,1709.0,54,54208,40.8321,-76.8355,0,0,0,0,0,1,4,6,2009,7,17.0,1.0,0,9.0,1,2,3,  ,3,3.0,0,0,1,0,0,0,0,0,0,0,0,0,0,0,0,0,1
11157,2009066893,801.0,800.0,67,67301,39.9878,-75.1806,0,0,0,0,0,0,5,6,2009,4,8.0,1.0,0,1.0,3,1,3,  ,2,3.0,1,0,0,0,0,0,0,0,0,0,0,0,0,0,0,0,0
11158,2009066898,1630.0,1630.0,67,67301,39.9732,-75.159,0,0,0,0,0,0,5,6,2009,3,16.0,1.0,0,1.0,3,1,3,  ,2,3.0,0,0,0,0,0,0,0,0,0,0,0,0,0,0,0,1,0
11159,2009066903,1423.0,1418.0,39,39301,40.5844,-75.5165,0,0,0,0,0,0,8,6,2009,1,14.0,1.0,0,1.0,3,2,3,  ,3,3.0,0,0,0,0,0,0,0,0,0,0,0,0,0,0,0,0,0
11160,2009066922,2117.0,2113.0,67,67301,39.9803,-75.1609,0,0,0,0,0,1,4,6,2009,6,21.0,3.0,0,1.0,3,0,3,  ,0,0.0,0,0,1,0,0,0,0,0,0,0,0,0,0,0,0,0,0
11161,2009066946,1720.0,1715.0,15,15236,40.0795,-75.4752,0,0,0,0,0,0,4,6,2009,6,17.0,1.0,0,1.0,1,2,3,  ,0,0.0,1,0,1,0,0,0,0,0,0,0,0,0,0,0,0,0,0
11162,2009066970,1915.0,1910.0,67,67301,39.9766,-75.2338,0,0,0,0,0,0,4,5,2009,6,19.0,1.0,0,9.0,3,0,7,  ,0,0.0,0,0,1,0,0,0,0,0,0,0,0,0,0,0,0,1,0
11163,2009067000,957.0,955.0,67,67301,39.9528,-75.1921,0,0,0,0,0,0,8,6,2009,2,9.0,1.0,0,1.0,3,0,3,  ,2,3.0,1,0,0,0,0,0,0,0,0,0,0,0,0,0,0,0,0
11164,2009067010,1854.0,1853.0,67,67301,39.9379,-75.1537,0,0,0,0,1,0,4,6,2009,6,18.0,1.0,0,9.0,3,1,7,  ,3,3.0,0,0,1,0,0,0,0,0,0,0,0,0,0,0,0,0,0
11165,2009067033,1645.0,1643.0,6,6429,40.3299,-75.9637,0,0,0,0,0,0,4,5,2009,7,16.0,1.0,0,1.0,3,1,3,  ,3,3.0,0,0,1,0,0,0,0,0,0,0,0,0,0,0,0,0,1
11166,2009067044,904.0,902.0,67,67301,39.9568,-75.1995,0,0,0,0,0,0,4,6,2009,2,9.0,1.0,0,1.0,3,1,3,  ,2,3.0,1,0,1,0,0,0,0,0,0,0,0,0,0,0,0,0,0
11167,2009067094,2005.0,2000.0,67,67301,39.9538,-75.2201,0,0,0,0,0,0,4,6,2009,6,20.0,4.0,0,1.0,3,2,3,  ,2,3.0,0,0,1,0,0,0,0,0,0,0,0,0,0,0,0,0,0
11168,2009067099,826.0,815.0,67,67301,39.9339,-75.1654,0,0,0,0,0,0,5,6,2009,2,8.0,1.0,0,1.0,3,1,3,  ,3,3.0,0,0,0,0,0,0,0,0,0,0,0,0,0,0,0,0,1
11169,2009067103,1758.0,1757.0,67,67301,39.9398,-75.1577,0,0,0,0,0,0,4,5,2009,4,17.0,1.0,0,1.0,3,1,3,  ,3,3.0,0,0,1,0,0,0,0,0,0,0,0,0,0,0,0,0,0
11170,2009067104,1653.0,1652.0,67,67301,39.9336,-75.1542,0,0,0,0,0,0,4,6,2009,2,16.0,1.0,0,1.0,3,1,3,  ,3,9.0,0,0,1,0,0,0,0,0,0,0,0,0,0,0,0,0,0
11171,2009067131,2233.0,2230.0,67,67301,40.0196,-75.0555,0,0,0,0,0,0,4,5,2009,7,22.0,3.0,0,1.0,3,0,3,  ,1,3.0,0,0,1,0,0,0,0,0,0,0,0,0,0,0,0,0,0
11172,2009067296,1615.0,9999.0,67,67301,40.0007,-75.148,0,0,0,1,0,0,4,6,2009,5,15.0,1.0,0,9.0,3,1,7,  ,2,3.0,0,0,1,0,1,0,0,0,0,0,0,0,0,0,0,0,0
11173,2009067317,1006.0,1002.0,46,46413,40.1275,-75.3508,0,0,0,0,0,0,4,6,2009,3,10.0,1.0,0,1.0,3,1,3,  ,0,0.0,0,0,1,0,0,0,0,0,0,0,0,0,0,0,0,0,0
11174,2009067361,1939.0,1937.0,43,43302,41.2384,-80.5008,0,0,0,0,0,0,4,6,2009,1,19.0,1.0,0,1.0,3,1,3,  ,3,3.0,0,0,1,0,0,0,0,0,0,0,0,0,0,0,0,0,0
11175,2009067363,1303.0,1301.0,43,43302,41.2331,-80.4888,0,0,0,0,0,1,4,6,2009,3,13.0,1.0,0,1.0,3,2,3,  ,0,0.0,0,0,1,0,0,0,0,0,0,0,0,0,0,0,0,0,0
11176,2009067373,1809.0,1803.0,48,48301,40.6092,-75.3851,0,0,0,0,0,0,4,6,2009,3,17.0,1.0,7,1.0,3,0,3,  ,0,0.0,1,0,1,0,0,0,0,0,0,0,0,0,0,0,0,0,1
11177,2009067454,1720.0,1712.0,67,67301,40.0368,-75.034,0,0,0,0,0,0,9,6,2009,2,17.0,1.0,0,1.0,3,1,3,  ,3,9.0,0,0,0,0,0,0,0,0,0,0,0,0,0,0,0,0,0
11178,2009067487,1656.0,1651.0,67,67301,39.9872,-75.2296,0,0,0,0,0,0,4,5,2009,7,16.0,1.0,0,1.0,3,1,3,  ,3,3.0,0,0,1,0,0,0,0,0,0,0,0,0,0,0,0,0,0
11179,2009067504,930.0,927.0,67,67301,39.9515,-75.2007,0,0,0,0,0,0,2,4,2009,4,8.0,1.0,0,1.0,3,2,3,  ,2,3.0,1,0,0,0,0,0,0,0,0,0,0,0,0,0,0,0,0
11180,2009067505,1203.0,1151.0,67,67301,40.0691,-75.2024,0,0,0,0,1,0,4,6,2009,4,11.0,1.0,0,1.0,3,1,3,  ,3,3.0,0,0,1,0,0,0,0,0,0,0,0,0,0,0,0,0,1
11181,2009067516,1302.0,1300.0,67,67301,39.9505,-75.1489,0,0,0,0,0,0,4,6,2009,3,12.0,1.0,0,1.0,3,5,3,  ,2,3.0,0,0,1,0,0,0,0,0,0,0,0,0,0,0,0,0,0
11182,2009067526,710.0,655.0,67,67301,39.9743,-75.2264,0,0,0,0,0,0,4,6,2009,1,6.0,1.0,0,1.0,3,1,3,  ,2,3.0,1,0,1,0,0,0,0,0,0,0,0,0,0,0,0,0,0
11183,2009067537,1949.0,1946.0,67,67301,39.9727,-75.228,0,0,0,0,0,0,5,5,2009,1,19.0,1.0,0,1.0,3,0,3,  ,3,3.0,0,0,0,0,0,0,0,0,0,0,0,0,0,0,0,0,0
11184,2009067544,1840.0,1835.0,67,67301,40.02,-75.1522,0,0,0,0,0,0,4,6,2009,3,18.0,1.0,2,1.0,3,1,3,  ,3,3.0,0,0,1,0,0,0,0,0,0,0,0,0,0,0,0,0,0
11185,2009067545,1850.0,1430.0,67,67301,40.0062,-75.1519,0,0,0,0,0,0,5,6,2009,4,16.0,1.0,0,1.0,3,0,3,  ,0,0.0,0,0,0,0,0,0,0,0,0,0,0,0,0,0,0,0,0
11186,2009067553,225.0,224.0,67,67301,39.9426,-75.1489,0,0,0,0,0,0,4,5,2009,1,2.0,3.0,0,1.0,3,1,3,  ,2,3.0,0,0,1,0,0,0,0,0,0,0,0,0,0,0,0,0,0
11187,2009067555,1030.0,1020.0,67,67301,39.9376,-75.1646,0,0,0,0,0,0,5,6,2009,3,10.0,1.0,0,1.0,3,1,3,  ,2,3.0,1,0,0,0,0,0,0,0,0,0,0,0,0,0,0,0,0
11188,2009067556,1359.0,1356.0,67,67301,39.9372,-75.1615,0,0,0,0,0,0,6,6,2009,2,13.0,1.0,0,1.0,3,1,3,  ,2,3.0,0,0,0,0,0,0,0,0,0,0,0,0,0,0,0,0,0
11189,2009067570,1545.0,9999.0,67,67301,40.0301,-75.0352,0,0,1,0,0,0,5,6,2009,4,15.0,1.0,0,98.0,3,1,99,  ,0,0.0,1,0,0,0,1,0,0,0,0,0,0,0,0,0,0,0,0
11190,2009067590,1300.0,1259.0,67,67301,39.9544,-75.1631,0,0,0,0,0,0,2,6,2009,7,12.0,1.0,0,1.0,3,1,3,  ,1,2.0,0,0,0,0,0,0,0,0,0,0,0,0,0,0,0,0,0
11191,2009067591,1915.0,1900.0,67,67301,39.9468,-75.1636,0,0,0,0,0,0,5,6,2009,1,19.0,1.0,0,1.0,3,1,3,  ,3,3.0,0,0,0,0,0,0,0,0,1,0,0,0,0,0,0,0,0
11192,2009067598,1805.0,1800.0,67,67301,39.9803,-75.1332,0,0,0,0,0,0,5,6,2009,3,18.0,1.0,0,1.0,3,0,3,  ,0,0.0,0,0,0,0,0,0,0,0,0,0,0,0,0,0,0,0,0
11193,2009067625,1956.0,1954.0,35,35302,41.4379,-75.657,0,0,0,0,0,0,4,5,2009,1,19.0,1.0,0,1.0,3,0,3,  ,0,0.0,0,0,1,0,0,0,0,0,0,0,0,0,0,0,0,0,0
11194,2009067638,2132.0,2130.0,67,67301,40.0599,-75.1909,0,0,0,0,0,0,4,6,2009,1,21.0,3.0,0,1.0,3,2,3,  ,2,3.0,0,0,1,0,0,0,0,0,0,0,0,0,0,0,0,0,0
11195,2009067660,1554.0,1554.0,36,36301,40.03,-76.294,0,0,0,0,0,0,4,5,2009,1,15.0,1.0,0,1.0,3,2,3,  ,3,3.0,0,0,1,0,0,0,0,0,0,0,0,0,0,0,0,1,0
11196,2009067724,2043.0,2039.0,38,38301,40.3456,-76.4253,0,0,0,0,0,0,4,6,2009,4,20.0,3.0,0,9.0,2,1,7,  ,2,3.0,0,0,1,0,0,0,0,0,0,0,0,0,0,0,0,0,0
11197,2009067746,1726.0,1721.0,23,23111,39.965,-75.2765,0,0,0,0,0,0,4,6,2009,3,17.0,1.0,0,1.0,3,1,3,  ,2,3.0,0,0,1,0,0,0,0,0,0,0,0,0,0,0,0,0,1
11198,2009067827,1329.0,1326.0,9,9220,40.4385,-75.3183,0,0,0,0,0,0,4,7,2009,6,13.0,1.0,7,1.0,1,0,3,  ,0,0.0,1,0,1,0,0,0,0,0,0,0,0,0,0,0,0,0,1
11199,2009067986,1742.0,1741.0,2,2111,40.3883,-79.8331,0,0,0,0,0,0,4,7,2009,7,17.0,1.0,0,1.0,3,2,3,  ,0,0.0,0,0,1,0,0,0,0,0,0,0,0,0,0,0,0,0,1
11200,2009068005,1702.0,1645.0,25,25215,41.9488,-80.503,0,0,0,0,0,0,8,6,2009,3,16.0,1.0,7,1.0,1,0,3,  ,0,0.0,1,0,0,0,0,0,0,0,0,0,0,0,0,0,0,0,0
11201,2009068044,1118.0,1110.0,48,48203,40.7807,-75.3,0,0,0,0,0,0,1,7,2009,7,11.0,1.0,0,1.0,1,2,3,  ,0,0.0,0,0,0,0,0,0,0,0,0,0,0,0,0,0,0,0,0
11202,2009068058,1207.0,1201.0,47,47401,40.9645,-76.6175,0,0,0,0,1,0,4,7,2009,1,12.0,1.0,0,1.0,2,1,3,  ,2,3.0,0,0,1,0,0,0,0,0,0,0,0,0,0,0,0,0,0
11203,2009068064,1223.0,1218.0,46,46416,40.2475,-75.6559,0,0,0,0,0,1,4,7,2009,7,12.0,1.0,0,1.0,2,0,3,  ,0,0.0,0,0,1,0,0,0,0,0,0,0,0,0,0,0,0,0,1
11204,2009068070,1435.0,1430.0,36,36235,40.1745,-76.3087,0,0,0,0,0,0,4,7,2009,1,14.0,1.0,0,1.0,1,2,3,  ,0,0.0,1,0,1,0,0,0,0,0,0,0,0,0,0,0,0,0,0
11205,2009068089,1941.0,1936.0,15,15401,39.945,-75.9721,0,0,0,0,0,0,5,6,2009,2,19.0,1.0,0,1.0,1,0,3,  ,0,0.0,1,0,0,0,0,1,0,0,0,0,0,0,0,0,0,0,1
11206,2009068116,2300.0,2232.0,59,59210,41.0228,-76.8673,0,0,0,0,0,0,1,6,2009,6,22.0,2.0,0,1.0,2,0,3,  ,0,0.0,0,0,0,0,0,0,0,0,0,0,0,0,0,0,0,0,1
11207,2009068171,1653.0,1645.0,20,20222,41.8372,-79.6668,0,0,0,0,0,0,1,6,2009,6,16.0,1.0,0,1.0,1,0,3,  ,0,0.0,0,0,0,0,0,0,0,0,1,0,0,0,0,0,0,0,0
11208,2009068264,1802.0,1800.0,67,67301,40.0394,-75.0535,0,0,0,0,0,0,4,4,2009,6,17.0,1.0,0,1.0,3,2,3,  ,3,3.0,1,0,1,0,0,0,0,0,0,0,0,0,0,0,0,0,0
11209,2009068266,800.0,759.0,67,67301,39.962,-75.2001,0,1,0,0,0,1,5,4,2009,4,7.0,1.0,0,1.0,3,0,3,  ,0,0.0,0,0,0,0,0,0,0,0,0,0,0,0,0,0,0,0,0
11210,2009068277,1124.0,1119.0,23,23111,39.9179,-75.3015,0,0,0,0,0,0,4,7,2009,2,11.0,1.0,7,1.0,3,0,3,  ,0,0.0,1,0,1,0,0,0,0,0,0,0,0,0,0,0,0,0,0
11211,2009068466,1040.0,1040.0,67,67301,39.9866,-75.0944,0,0,0,0,0,1,4,6,2009,5,10.0,1.0,0,9.0,3,1,3,  ,2,3.0,0,0,1,0,0,0,0,0,0,0,0,0,0,0,0,0,0
11212,2009068771,2021.0,2019.0,48,48418,40.6815,-75.2464,0,0,0,0,0,0,4,7,2009,1,20.0,1.0,0,1.0,3,0,3,  ,8,3.0,0,0,1,0,0,0,0,0,0,0,0,0,0,0,0,0,0
11213,2009068846,1911.0,1907.0,66,66301,39.9532,-76.7281,0,0,0,0,0,0,8,7,2009,3,19.0,1.0,0,1.0,3,1,3,  ,3,3.0,1,0,0,0,0,0,0,0,0,0,0,0,1,0,0,0,0
11214,2009068852,2006.0,2006.0,10,10301,40.8599,-79.9004,0,0,0,0,0,0,4,7,2009,2,20.0,1.0,0,1.0,2,1,3,  ,2,3.0,0,0,1,0,0,0,0,0,0,0,0,0,0,0,0,0,1
11215,2009069073,2139.0,2137.0,46,46208,40.1423,-75.3899,0,0,0,0,0,0,4,6,2009,6,21.0,3.0,7,1.0,3,0,3,  ,0,0.0,1,0,1,0,0,0,0,0,0,0,0,0,0,0,0,0,0
11216,2009069089,1428.0,1414.0,62,62423,40.3692,-80.2931,0,1,0,0,0,0,4,7,2009,7,14.0,1.0,7,1.0,1,0,3,  ,0,0.0,0,0,1,0,0,0,0,0,0,0,0,0,0,0,0,1,0
11217,2009069123,1728.0,1719.0,2,2301,40.4378,-79.964,0,0,0,0,0,0,4,7,2009,4,17.0,1.0,0,1.0,3,1,3,  ,2,3.0,0,0,1,0,0,0,0,0,0,0,0,0,0,0,0,0,0
11218,2009069136,2052.0,2026.0,2,2301,40.468,-80.0219,0,0,0,0,1,0,9,7,2009,4,20.0,1.0,0,1.0,3,2,3,  ,3,3.0,0,0,0,0,0,0,0,0,0,0,0,0,0,0,0,0,0
11219,2009069201,1743.0,1656.0,58,58207,41.9565,-77.4194,0,0,0,0,0,0,4,7,2009,3,16.0,1.0,0,1.0,1,1,3,  ,0,0.0,1,0,1,0,0,0,0,0,0,0,0,0,0,0,0,0,0
11220,2009069264,1215.0,1214.0,4,4406,40.7006,-80.2935,0,0,0,0,0,0,4,6,2009,3,12.0,1.0,0,1.0,3,1,3,  ,0,0.0,0,0,1,0,0,0,0,0,0,0,0,0,0,0,0,1,0
11221,2009069320,1754.0,1753.0,6,6301,40.3354,-75.9457,0,0,0,0,1,0,5,6,2009,7,17.0,1.0,0,1.0,3,0,3,  ,0,0.0,0,0,0,0,0,1,0,0,0,0,0,0,0,0,0,0,0
11222,2009069368,1903.0,1903.0,14,14410,40.7863,-77.8735,0,0,0,0,0,0,2,6,2009,6,17.0,1.0,0,1.0,3,0,3,  ,0,0.0,1,0,0,0,0,0,0,0,0,0,0,0,0,0,0,0,0
11223,2009069419,1546.0,1545.0,48,48301,40.6376,-75.3492,0,0,0,0,0,0,4,6,2009,4,15.0,1.0,0,1.0,3,2,3,  ,3,3.0,0,0,1,0,0,1,0,0,0,0,0,0,0,0,0,0,0
11224,2009069434,1703.0,1659.0,2,2473,40.3657,-79.8593,0,0,0,0,0,0,4,6,2009,3,16.0,1.0,0,1.0,3,1,3,  ,3,3.0,0,0,1,0,0,0,0,0,0,0,0,0,0,0,0,0,0
11225,2009069447,832.0,826.0,67,67301,39.9392,-75.1965,0,0,1,0,0,0,6,6,2009,6,99.0,1.0,0,9.0,3,2,7,  ,0,0.0,0,0,0,0,1,0,0,0,0,0,0,0,0,0,0,0,0
11226,2009069561,1904.0,1902.0,38,38209,40.351,-76.4021,0,1,0,0,0,0,2,6,2009,3,19.0,1.0,0,1.0,1,1,3,  ,0,0.0,0,0,0,0,0,0,0,0,0,0,0,0,0,0,0,0,0
11227,2009069566,615.0,609.0,2,2113,40.4852,-79.8569,0,0,0,0,0,0,8,6,2009,3,6.0,5.0,0,9.0,3,2,7,  ,2,3.0,1,0,0,0,0,0,0,0,0,0,0,0,0,0,0,0,0
11228,2009069807,1313.0,1311.0,43,43224,41.1709,-80.5176,0,0,0,0,0,0,4,7,2009,6,13.0,1.0,0,1.0,1,2,3,  ,3,3.0,1,0,1,0,0,0,0,0,0,0,0,0,0,0,0,0,0
11229,2009069809,1331.0,1330.0,19,19222,41.0054,-76.4118,0,0,0,0,1,0,4,7,2009,6,13.0,1.0,0,1.0,1,1,3,  ,3,3.0,0,0,1,0,0,1,0,0,0,0,0,0,0,0,0,0,0
11230,2009069815,1750.0,1748.0,66,66301,39.9586,-76.7219,0,0,0,0,0,0,4,7,2009,5,17.0,1.0,0,1.0,3,1,3,  ,0,0.0,0,0,1,0,0,0,0,0,0,0,0,0,0,0,0,0,0
11231,2009069844,1015.0,1014.0,65,65405,41.5385,-75.9468,0,0,0,0,0,0,4,5,2009,6,10.0,1.0,0,1.0,1,1,3,  ,2,3.0,0,0,1,0,0,0,0,0,0,0,0,0,0,0,0,0,0
11232,2009069957,1945.0,1943.0,49,49411,41.0274,-76.7596,0,0,0,0,0,0,4,7,2009,5,19.0,1.0,0,1.0,1,2,3,  ,0,0.0,0,0,1,0,0,0,0,0,0,0,0,0,0,0,0,0,0
11233,2009070162,1924.0,1922.0,8,8413,41.7775,-76.7942,0,0,0,0,0,0,4,6,2009,2,19.0,1.0,0,1.0,1,0,3,  ,0,0.0,0,0,1,0,0,0,0,0,0,0,0,0,0,0,0,0,0
11234,2009070182,1749.0,1745.0,2,2301,40.4594,-80.0228,0,0,0,0,0,0,4,7,2009,7,17.0,1.0,0,1.0,3,2,3,  ,3,2.0,0,0,1,0,0,0,0,0,0,0,0,0,0,0,0,0,0
11235,2009070302,1857.0,1854.0,36,36101,40.0618,-76.2861,0,1,0,0,0,0,4,7,2009,1,18.0,1.0,0,1.0,3,0,3,  ,0,0.0,0,0,1,0,0,0,0,0,0,0,0,0,0,0,0,0,0
11236,2009070457,1118.0,1117.0,21,21402,40.2008,-77.1818,0,0,0,0,0,0,4,7,2009,3,11.0,1.0,99,1.0,2,0,3,  ,0,0.0,0,0,1,0,0,0,0,0,0,0,0,0,0,0,0,0,0
11237,2009070548,1233.0,1225.0,2,2213,40.4575,-80.1845,0,0,0,0,1,0,4,7,2009,2,12.0,1.0,0,1.0,3,0,3,  ,0,0.0,0,0,1,0,0,0,0,0,0,0,0,0,0,0,0,0,0
11238,2009070568,1639.0,1635.0,19,19402,41.0649,-76.2398,0,0,0,0,0,0,4,7,2009,4,16.0,1.0,0,1.0,2,1,3,  ,3,3.0,0,0,1,0,0,1,0,0,0,0,0,0,0,0,0,0,0
11239,2009070640,857.0,857.0,25,25404,41.8758,-80.1317,0,0,0,0,0,0,4,6,2009,3,8.0,1.0,7,1.0,2,0,3,  ,0,0.0,1,0,1,0,0,0,0,0,0,0,0,0,0,0,0,0,0
11240,2009070650,1734.0,1730.0,11,11301,40.3404,-78.9303,0,0,0,0,0,0,4,7,2009,2,17.0,1.0,0,1.0,3,1,3,  ,3,3.0,0,0,1,0,0,0,0,0,0,0,0,0,0,0,0,0,0
11241,2009070660,1946.0,1940.0,9,9414,40.3733,-75.2836,0,0,0,0,0,0,4,7,2009,2,19.0,1.0,0,1.0,2,0,3,  ,0,0.0,0,0,1,0,0,0,0,0,0,0,0,0,0,0,0,0,0
11242,2009070756,1740.0,1734.0,23,23111,39.9359,-75.2895,0,0,0,0,0,0,4,7,2009,2,17.0,1.0,0,1.0,3,0,3,  ,0,0.0,0,0,1,0,0,0,0,0,0,0,0,0,0,0,0,0,0
11243,2009070763,1607.0,1604.0,49,49210,40.7997,-76.4296,0,1,0,0,0,1,8,6,2009,6,16.0,1.0,0,1.0,1,0,3,  ,0,0.0,0,0,0,0,0,0,0,0,0,0,0,0,0,0,0,0,0
11244,2009070820,1556.0,1552.0,66,66208,40.164,-76.8194,0,0,0,0,0,0,1,7,2009,3,15.0,1.0,0,1.0,1,2,3,  ,0,0.0,0,0,0,0,0,0,0,0,0,0,0,0,0,0,0,0,0
11245,2009070899,2335.0,2330.0,8,8201,41.6212,-76.4075,0,0,0,0,1,0,2,7,2009,1,22.0,2.0,0,1.0,1,0,3,  ,0,0.0,0,0,0,0,0,0,0,0,0,0,0,0,0,0,0,0,0
11246,2009071055,820.0,815.0,25,25302,42.1159,-80.0686,0,1,0,0,0,0,4,7,2009,4,8.0,1.0,0,1.0,3,1,3,  ,3,3.0,0,0,1,0,0,0,0,0,0,0,0,0,0,0,0,0,0
11247,2009071062,901.0,854.0,2,2301,40.4423,-79.9516,0,0,0,0,0,0,4,7,2009,4,8.0,1.0,0,1.0,3,2,3,  ,2,3.0,1,0,1,0,0,0,0,0,0,0,0,0,0,0,0,0,0
11248,2009071070,818.0,818.0,36,36234,40.0714,-76.173,0,0,0,0,0,0,1,6,2009,6,8.0,1.0,0,9.0,1,0,7,  ,0,0.0,0,0,0,0,0,1,0,0,0,0,0,0,0,0,0,0,0
11249,2009071107,1317.0,1258.0,49,49101,40.7907,-76.5425,0,0,0,0,0,0,4,7,2009,3,12.0,1.0,0,1.0,1,1,3,  ,2,3.0,0,0,1,0,0,0,0,0,0,0,0,0,0,0,0,0,0
11250,2009071244,1828.0,1828.0,66,66301,39.9639,-76.7285,0,0,0,0,0,1,4,7,2009,4,18.0,1.0,0,1.0,3,1,3,  ,2,3.0,0,0,1,0,0,0,0,0,0,0,0,0,0,0,0,0,0
11251,2009071245,2034.0,2030.0,66,66301,39.9622,-76.7339,0,0,0,0,0,0,2,7,2009,4,20.0,4.0,7,1.0,3,0,3,  ,0,0.0,0,0,0,0,0,1,0,0,0,0,0,0,0,0,0,1,0
11252,2009071273,1215.0,1210.0,9,9218,40.2221,-74.9681,0,0,0,0,0,0,4,7,2009,3,12.0,1.0,0,1.0,3,0,3,  ,0,0.0,0,0,1,0,0,0,0,0,0,0,0,0,0,0,0,0,0
11253,2009071275,1550.0,1550.0,23,23407,39.9177,-75.2526,0,0,0,0,0,0,4,7,2009,4,15.0,1.0,0,1.0,3,1,3,  ,0,0.0,0,0,1,0,0,0,0,0,0,0,0,0,0,0,0,0,0
11254,2009071332,1015.0,1008.0,9,9201,40.4377,-75.1672,0,0,0,0,0,0,5,7,2009,7,10.0,1.0,0,1.0,1,0,3,  ,3,3.0,0,0,0,0,0,0,0,0,0,0,0,0,0,0,0,0,0
11255,2009071385,1923.0,1918.0,67,67301,39.98,-75.1239,0,0,0,0,0,0,4,6,2009,4,19.0,1.0,0,1.0,3,1,3,  ,3,3.0,0,0,1,0,0,0,0,0,0,0,0,0,0,0,0,0,0
11256,2009071396,1700.0,1655.0,67,67301,40.0416,-75.0643,0,0,0,0,0,0,2,6,2009,2,16.0,1.0,0,1.0,3,1,3,  ,2,3.0,0,0,0,0,0,0,0,0,0,0,0,0,0,0,0,0,0
11257,2009071408,1354.0,1346.0,67,67301,40.0545,-75.0908,0,0,0,0,0,0,4,6,2009,7,13.0,1.0,0,1.0,3,1,3,  ,3,3.0,1,0,1,0,0,0,0,0,0,0,0,0,0,0,0,0,0
11258,2009071435,2137.0,2135.0,67,67301,39.9691,-75.1649,0,0,0,0,0,0,4,6,2009,3,21.0,3.0,0,1.0,3,2,3,  ,3,9.0,1,0,1,0,0,0,0,0,0,0,0,0,0,0,0,0,0
11259,2009071457,1938.0,1934.0,53,53301,40.6841,-76.1954,0,0,0,0,0,0,6,6,2009,4,19.0,1.0,0,1.0,2,1,3,  ,0,0.0,1,0,0,1,0,1,0,0,0,0,0,0,0,0,0,0,0
11260,2009071623,756.0,754.0,67,67301,40.0152,-75.1498,0,0,0,0,0,0,4,6,2009,2,7.0,1.0,0,1.0,3,1,3,  ,2,2.0,1,0,1,0,0,0,0,0,0,0,0,0,0,0,0,0,0
11261,2009071634,1545.0,1530.0,2,2301,40.444,-79.9239,0,0,1,0,0,0,1,7,2009,4,21.0,3.0,0,1.0,3,2,3,  ,0,0.0,1,0,0,0,1,0,0,0,0,0,0,0,0,0,0,0,0
11262,2009071956,1846.0,1844.0,46,46413,40.1227,-75.3546,0,0,0,0,0,0,4,6,2009,3,18.0,1.0,0,1.0,3,1,3,  ,0,0.0,0,0,1,0,0,0,0,0,0,0,0,0,0,0,0,0,0
11263,2009071966,1733.0,1730.0,36,36240,40.0249,-76.2559,0,0,0,0,0,0,9,6,2009,2,17.0,1.0,0,1.0,1,2,3,  ,3,3.0,0,0,0,0,0,0,0,0,0,0,0,0,0,0,0,0,0
11264,2009071990,1146.0,1144.0,36,36413,40.1093,-76.485,0,0,0,0,0,0,1,5,2009,1,11.0,1.0,0,1.0,2,1,3,  ,2,3.0,1,0,0,0,0,0,0,0,0,0,0,0,0,0,0,0,0
11265,2009072009,1543.0,1539.0,46,46204,40.1791,-75.1623,0,0,0,0,1,0,4,6,2009,4,15.0,1.0,7,1.0,3,0,3,  ,0,0.0,0,0,1,0,0,0,0,0,0,0,0,0,0,0,0,0,1
11266,2009072050,942.0,938.0,25,25213,42.0721,-80.1789,0,0,0,0,0,0,4,6,2009,5,9.0,1.0,0,1.0,3,0,3,  ,0,0.0,0,0,1,0,0,0,0,0,0,0,0,0,0,0,0,1,0
11267,2009072057,1840.0,1838.0,23,23301,39.8634,-75.3551,0,0,0,0,0,1,4,7,2009,2,18.0,1.0,0,1.0,3,0,3,  ,0,0.0,0,0,1,0,0,0,0,0,0,0,0,0,0,0,0,0,0
11268,2009072137,1840.0,1835.0,67,67301,40.0166,-75.0584,0,0,0,0,1,0,4,6,2009,2,18.0,1.0,0,1.0,3,1,3,  ,3,3.0,0,0,1,0,0,0,0,0,0,0,0,0,0,0,0,0,0