,CRN,ARRIVAL_TM,DISPATCH_TM,COUNTY,MUNICIPALITY,DEC_LAT,DEC_LONG,BICYCLE_DEATH_COUNT,BICYCLE_SUSP_SERIOUS_INJ_COUNT,BUS_COUNT,HEAVY_TRUCK_COUNT,SMALL_TRUCK_COUNT,SUV_COUNT,COLLISION_TYPE,CRASH_MONTH,CRASH_YEAR,DAY_OF_WEEK,HOUR_OF_DAY,ILLUMINATION,LOCATION_TYPE,ROAD_CONDITION,URBAN_RURAL,INTERSECT_TYPE,WEATHER1,WEATHER2,TCD_TYPE,TCD_FUNC_CD,AGGRESSIVE_DRIVING,ALCOHOL_RELATED,ANGLE_CRASH,CELL_PHONE,COMM_VEHICLE,DISTRACTED,DRINKING_DRIVER,DRUGGED_DRIVER,FATIGUE_ASLEEP,IMPAIRED_DRIVER,NHTSA_AGG_DRIVING,RUNNING_RED_LT,RUNNING_STOP_SIGN,SPEEDING_RELATED,TAILGATING,MATURE_DRIVER,YOUNG_DRIVER
11269,2009072165,1320.0,1315.0,9,9208,40.1894,-74.8391,0,0,0,0,0,0,4,6,2009,3,13.0,1.0,7,1.0,3,0,3,  ,3,3.0,1,0,1,0,0,0,0,0,0,0,0,0,0,0,0,0,1
11270,2009072168,1738.0,1735.0,37,37209,41.1076,-80.4385,0,0,0,0,0,0,2,7,2009,7,17.0,1.0,0,1.0,1,0,3,  ,0,0.0,0,0,0,0,0,0,0,0,0,0,0,0,0,0,0,0,0
11271,2009072239,1012.0,1011.0,2,2404,40.4942,-80.0562,0,0,0,0,0,0,1,7,2009,6,10.0,1.0,0,1.0,3,0,3,  ,0,0.0,0,0,0,0,0,0,0,0,0,0,0,0,0,0,0,0,0
11272,2009072309,2352.0,2341.0,49,49211,40.9152,-76.782,0,0,0,0,0,1,4,7,2009,1,23.0,2.0,0,1.0,1,0,3,  ,0,0.0,0,0,1,0,0,0,0,0,0,0,0,0,0,0,0,0,0
11273,2009072382,1610.0,1605.0,36,36301,40.0273,-76.3037,0,0,0,0,0,0,4,6,2009,6,14.0,1.0,0,1.0,3,2,3,  ,2,2.0,1,0,1,1,0,1,0,0,0,0,0,0,0,0,0,0,0
11274,2009072400,1428.0,1425.0,36,36210,40.2283,-76.0676,0,0,0,0,0,1,4,7,2009,6,14.0,1.0,0,1.0,1,0,3,  ,0,0.0,0,0,1,0,0,0,0,0,0,0,0,0,0,0,0,0,0
11275,2009072473,2135.0,2130.0,21,21202,40.1286,-77.2538,0,1,0,0,0,0,4,7,2009,1,21.0,2.0,0,1.0,1,1,3,  ,3,3.0,0,0,1,0,0,0,0,0,0,0,0,0,0,0,0,0,0
11276,2009072538,1052.0,1047.0,23,23108,39.9401,-75.3244,0,0,0,0,0,0,8,7,2009,7,10.0,1.0,0,1.0,3,2,3,  ,3,3.0,1,0,0,0,0,0,0,0,0,0,0,0,0,0,0,0,0
11277,2009072631,1829.0,1828.0,46,46416,40.2483,-75.6587,0,0,0,0,0,1,4,7,2009,7,18.0,1.0,0,1.0,2,0,3,  ,0,0.0,0,0,1,0,0,0,0,0,0,0,0,0,0,0,0,0,0
11278,2009072674,1310.0,1308.0,28,28403,39.8317,-77.9042,0,0,0,0,0,1,4,7,2009,2,13.0,1.0,0,1.0,1,0,3,  ,0,0.0,0,0,1,0,0,0,0,0,0,0,0,0,0,0,0,0,0
11279,2009072704,1708.0,1652.0,25,25209,42.1028,-79.8632,0,1,0,0,1,0,4,7,2009,5,16.0,1.0,0,1.0,1,0,3,  ,0,0.0,0,0,1,0,0,0,0,0,0,0,0,0,0,0,0,0,0
11280,2009072866,1310.0,1300.0,2,2301,40.4622,-79.9608,0,0,0,0,1,0,4,7,2009,5,13.0,1.0,0,1.0,3,2,3,  ,0,0.0,1,0,1,0,0,0,0,0,0,0,0,0,0,0,0,0,0
11281,2009072889,1100.0,1054.0,19,19407,41.122,-76.5321,0,0,0,0,1,0,4,7,2009,2,10.0,1.0,0,1.0,1,0,3,  ,0,0.0,0,0,1,0,0,0,0,0,0,0,0,0,0,0,0,0,0
11282,2009072920,1517.0,1514.0,23,23108,39.9173,-75.3327,0,0,0,0,0,0,4,7,2009,2,15.0,1.0,7,1.0,3,0,3,  ,0,0.0,0,0,1,0,0,0,0,0,0,0,0,0,0,0,0,1,0
11283,2009073048,826.0,814.0,6,6237,40.341,-75.9839,0,0,0,0,0,0,4,7,2009,5,8.0,1.0,0,1.0,3,2,3,  ,3,3.0,1,0,1,0,0,0,0,0,0,0,0,0,0,0,0,1,0
11284,2009073062,1906.0,1901.0,21,21103,40.2375,-76.964,0,0,0,0,0,1,4,7,2009,6,19.0,1.0,7,1.0,3,0,3,  ,0,0.0,1,0,1,0,0,0,0,0,0,0,0,0,0,0,0,0,0
11285,2009073079,1205.0,1204.0,36,36408,40.1821,-76.171,0,0,0,0,0,0,9,7,2009,2,12.0,1.0,0,1.0,2,10,3,  ,0,0.0,0,0,0,0,0,0,0,0,0,0,0,0,0,0,0,0,0
11286,2009073161,1108.0,1054.0,46,46415,40.393,-75.4937,0,0,0,0,0,1,4,6,2009,3,10.0,1.0,0,1.0,1,1,3,  ,3,3.0,1,0,1,0,0,0,0,0,0,0,0,0,1,0,0,1,0
11287,2009073221,1219.0,1215.0,36,36215,40.0306,-76.2343,0,0,0,0,0,0,4,7,2009,2,12.0,1.0,0,1.0,1,1,3,  ,2,3.0,0,0,1,0,0,0,0,0,0,0,0,0,0,0,0,0,0
11288,2009073304,1445.0,1441.0,48,48408,40.7468,-75.3077,0,0,0,0,0,0,4,7,2009,2,14.0,1.0,0,1.0,2,1,3,  ,3,3.0,0,0,1,0,0,0,0,0,0,0,0,0,0,0,0,0,0
11289,2009073397,1807.0,1805.0,23,23111,39.9354,-75.3088,0,0,0,0,0,0,4,7,2009,3,18.0,1.0,0,1.0,3,5,3,  ,2,3.0,0,0,1,0,0,0,0,0,0,0,0,0,0,0,0,0,0
11290,2009073415,1624.0,1615.0,2,2102,40.3769,-80.0974,0,0,0,0,0,0,2,7,2009,3,16.0,1.0,7,1.0,3,0,3,  ,3,3.0,0,0,0,0,0,0,0,0,0,0,0,0,0,0,0,0,0
11291,2009073421,1551.0,1551.0,59,59403,40.9222,-77.0348,0,0,0,0,1,0,4,7,2009,4,15.0,1.0,0,1.0,1,10,3,  ,0,0.0,0,0,1,0,0,0,0,0,0,0,0,0,0,0,0,0,0
11292,2009073441,1032.0,1026.0,20,20301,41.6401,-80.1466,0,0,0,0,0,1,4,7,2009,4,10.0,1.0,0,1.0,2,0,3,  ,0,0.0,1,0,1,0,0,0,0,0,0,0,0,0,0,0,0,0,0
11293,2009073522,1227.0,1223.0,66,66103,39.7811,-76.9632,0,0,0,0,0,0,4,7,2009,5,12.0,1.0,0,1.0,2,2,3,  ,3,3.0,0,0,1,0,0,0,0,0,0,0,0,0,0,0,0,1,0
11294,2009073639,1839.0,1829.0,46,46223,40.3092,-75.4609,0,0,0,0,0,0,4,6,2009,2,18.0,1.0,0,98.0,1,0,3,  ,3,3.0,0,0,1,0,0,0,0,0,0,0,0,0,0,0,0,0,0
11295,2009073654,1108.0,1106.0,38,38205,40.3771,-76.3125,0,0,0,0,0,1,2,7,2009,3,11.0,1.0,0,1.0,1,1,3,  ,2,3.0,1,0,0,0,0,0,0,0,0,0,0,0,0,0,0,0,0
11296,2009073714,2013.0,2007.0,2,2301,40.4823,-79.9505,0,0,0,0,0,1,4,7,2009,4,20.0,4.0,0,1.0,3,1,3,  ,3,3.0,0,0,1,1,0,1,0,0,0,0,0,0,0,0,0,0,0
11297,2009073929,146.0,146.0,6,6301,40.3437,-75.9393,0,0,0,0,0,0,1,7,2009,6,1.0,3.0,0,9.0,3,0,3,  ,0,0.0,0,1,0,0,0,0,1,0,0,1,0,0,0,0,0,0,0
11298,2009073949,1910.0,1908.0,25,25302,42.1172,-80.0816,0,0,0,0,0,0,4,6,2009,5,19.0,1.0,0,1.0,3,1,3,  ,2,3.0,1,0,1,0,0,0,0,0,0,0,0,1,0,0,0,0,0
11299,2009073959,1839.0,1836.0,37,37301,40.9811,-80.3423,0,0,0,0,0,0,4,7,2009,2,18.0,1.0,0,1.0,2,2,3,  ,3,3.0,0,0,1,0,0,0,0,0,0,0,0,0,0,0,0,0,1
11300,2009073977,1703.0,1605.0,15,15240,39.976,-75.8288,0,1,0,0,0,0,4,7,2009,5,16.0,1.0,0,1.0,3,0,3,  ,0,0.0,0,0,1,0,0,0,0,0,0,0,0,0,0,0,0,0,0
11301,2009073989,1837.0,1832.0,46,46109,40.1791,-75.1836,0,0,0,0,0,0,4,7,2009,4,18.0,1.0,7,1.0,3,0,3,  ,0,0.0,1,0,1,0,0,0,0,0,0,0,0,0,0,0,0,0,0
11302,2009074009,1508.0,1502.0,41,41301,41.2516,-77.0043,0,0,0,0,0,0,4,7,2009,4,15.0,1.0,0,1.0,3,1,3,  ,3,3.0,0,0,1,0,0,0,0,0,0,0,0,0,0,0,0,0,0
11303,2009074126,1552.0,1549.0,46,46208,40.1562,-75.4023,0,0,0,0,0,0,4,6,2009,4,15.0,1.0,0,1.0,3,0,3,  ,0,0.0,0,0,1,0,0,0,0,0,0,0,0,0,0,0,0,0,0
11304,2009074317,120.0,118.0,67,67301,40.0379,-75.0422,0,1,0,0,1,0,1,6,2009,4,22.0,3.0,0,1.0,3,0,3,  ,0,0.0,0,0,0,0,0,0,0,0,0,0,0,0,0,0,0,0,0
11305,2009074337,1629.0,1628.0,39,39301,40.6191,-75.4422,0,1,0,0,0,0,4,6,2009,6,16.0,1.0,0,1.0,3,1,3,  ,3,3.0,0,0,1,0,0,0,0,0,0,0,0,0,0,0,0,0,0
11306,2009074352,1910.0,1906.0,39,39301,40.6037,-75.4837,0,0,0,0,0,0,4,6,2009,4,19.0,1.0,0,1.0,3,1,3,  ,2,3.0,0,0,1,0,0,0,0,0,0,0,0,0,0,0,0,0,0
11307,2009074399,1845.0,1839.0,23,23106,40.0442,-75.3897,0,0,0,0,0,0,5,6,2009,3,18.0,1.0,7,1.0,3,0,3,  ,0,0.0,1,0,0,0,0,0,0,0,0,0,0,0,0,0,0,0,0
11308,2009074405,1828.0,1825.0,35,35414,41.3772,-75.7221,0,0,0,0,0,0,5,7,2009,3,18.0,1.0,0,1.0,3,2,3,  ,0,0.0,0,0,0,0,0,0,0,0,0,0,0,0,0,0,0,0,0
11309,2009074447,2258.0,2255.0,67,67301,40.0261,-75.0593,0,0,0,0,0,0,2,6,2009,7,22.0,4.0,0,1.0,3,0,3,  ,0,0.0,0,0,0,0,0,0,0,0,0,0,0,0,0,0,0,0,0
11310,2009074457,956.0,950.0,67,67301,39.9173,-75.2292,0,0,0,0,0,0,1,6,2009,3,8.0,1.0,0,9.0,3,1,3,  ,0,0.0,1,0,0,0,0,0,0,0,0,0,0,0,0,0,1,0,0
11311,2009074461,759.0,755.0,14,14410,40.7916,-77.8677,0,0,0,0,0,0,4,7,2009,5,7.0,1.0,0,1.0,3,0,3,  ,0,0.0,0,0,1,0,0,0,0,0,0,0,0,0,0,0,0,0,0
11312,2009074475,1931.0,1929.0,9,9101,40.1075,-74.8722,0,1,0,0,0,1,2,7,2009,6,19.0,1.0,0,1.0,3,0,3,  ,0,0.0,0,1,0,0,0,0,1,0,0,1,0,0,0,0,0,0,0
11313,2009074482,544.0,540.0,67,67301,40.0234,-75.2199,0,0,0,0,0,1,5,6,2009,5,5.0,1.0,0,9.0,3,2,7,  ,0,0.0,1,0,0,0,0,0,0,0,0,0,0,0,0,0,0,0,0
11314,2009074489,1417.0,1413.0,67,67301,39.9528,-75.1921,0,0,0,0,0,0,1,6,2009,3,14.0,1.0,0,1.0,3,1,3,  ,2,3.0,0,0,0,1,0,1,0,0,0,0,0,0,0,0,0,0,0
11315,2009074490,900.0,859.0,67,67301,39.9515,-75.1519,0,0,0,0,0,0,5,6,2009,6,8.0,1.0,0,1.0,3,0,3,  ,0,0.0,1,0,0,0,0,0,0,0,0,0,0,0,0,0,0,0,0
11316,2009074538,1945.0,1940.0,67,67301,39.9549,-75.2087,0,0,0,0,0,0,4,6,2009,2,19.0,1.0,0,8.0,3,1,7,  ,2,3.0,0,0,1,0,0,0,0,0,0,0,0,0,0,0,0,0,0
11317,2009074540,9999.0,9999.0,67,67301,39.9159,-75.2333,0,0,0,0,0,0,4,6,2009,2,99.0,1.0,0,1.0,3,1,3,  ,3,3.0,0,0,1,0,0,0,0,0,0,0,0,0,0,0,0,0,0
11318,2009074564,1905.0,1850.0,67,67301,39.9741,-75.2277,0,0,0,0,0,0,4,6,2009,6,18.0,1.0,0,1.0,3,1,3,  ,3,3.0,1,0,1,0,0,0,0,0,0,0,0,0,0,0,0,0,0
11319,2009074566,1619.0,1616.0,67,67301,39.9258,-75.1804,0,0,0,0,0,0,4,6,2009,5,99.0,1.0,0,1.0,3,0,3,  ,2,3.0,0,0,1,0,0,0,0,0,0,0,0,0,0,0,0,0,0
11320,2009074586,9999.0,1450.0,67,67301,39.9379,-75.1532,0,0,1,0,0,0,5,1,2009,2,15.0,1.0,0,1.0,3,0,3,  ,0,0.0,1,0,0,0,1,0,0,0,0,0,0,0,0,0,0,0,0
11321,2009074603,1730.0,1215.0,67,67301,39.988,-75.106,0,0,0,0,0,0,4,6,2009,4,12.0,1.0,0,1.0,3,1,3,  ,2,3.0,1,0,1,0,0,0,0,0,0,0,0,0,0,0,0,0,0
11322,2009074623,1753.0,1749.0,67,67301,39.9648,-75.1903,0,0,0,0,0,0,4,6,2009,6,17.0,1.0,0,1.0,3,1,3,  ,3,9.0,0,0,1,0,0,0,0,0,0,0,0,0,0,0,0,0,1
11323,2009074670,1804.0,1804.0,38,38301,40.3454,-76.4207,0,0,0,0,0,0,4,7,2009,2,18.0,1.0,0,1.0,2,1,3,  ,3,3.0,0,0,1,0,0,0,0,0,0,0,0,0,0,0,0,0,1
11324,2009074712,1301.0,1300.0,2,2109,40.3881,-80.0512,0,0,0,0,0,0,4,7,2009,6,12.0,1.0,0,1.0,3,1,3,  ,3,3.0,0,0,1,0,0,0,0,0,0,0,0,0,0,0,0,0,0
11325,2009074718,1824.0,1814.0,2,2207,,,0,0,0,0,0,0,6,7,2009,6,18.0,1.0,7,1.0,3,0,3,  ,0,0.0,1,0,0,0,0,0,0,0,0,0,0,0,0,0,0,1,0
11326,2009074814,1501.0,1459.0,61,61301,41.847,-79.1536,0,0,0,0,0,0,4,7,2009,6,14.0,1.0,0,1.0,2,1,3,  ,3,3.0,0,0,1,0,0,0,0,0,0,0,0,0,0,0,0,0,0
11327,2009075038,1303.0,1302.0,36,36234,40.0881,-76.1845,0,1,0,0,0,0,4,7,2009,6,13.0,1.0,0,1.0,1,0,3,  ,0,0.0,0,0,1,0,0,1,0,0,0,0,0,0,0,0,0,0,0
11328,2009075054,1728.0,1721.0,15,15244,40.0144,-75.7909,0,0,0,0,0,0,4,7,2009,4,17.0,1.0,0,1.0,1,2,3,  ,3,3.0,0,0,1,0,0,0,0,0,0,0,0,0,0,0,0,0,0
11329,2009075061,2115.0,2107.0,15,15228,40.2409,-75.6503,0,0,0,0,0,0,4,7,2009,6,21.0,1.0,0,1.0,1,2,3,  ,0,0.0,0,0,1,0,0,0,0,0,0,0,0,0,0,0,0,0,0
11330,2009075097,1328.0,1328.0,61,61217,41.8375,-79.1472,0,1,0,1,0,0,4,7,2009,4,13.0,1.0,0,1.0,1,5,3,  ,2,3.0,0,0,1,0,1,0,0,0,0,0,0,0,0,0,0,0,0
11331,2009075260,1325.0,1317.0,7,7301,40.5206,-78.377,0,0,0,0,1,0,4,7,2009,6,13.0,1.0,0,1.0,3,0,3,  ,0,0.0,0,0,1,0,0,0,0,0,0,0,0,0,0,0,0,0,0
11332,2009075298,1841.0,1838.0,25,25302,42.1081,-80.076,0,0,0,0,0,0,6,7,2009,1,18.0,1.0,7,1.0,3,0,3,  ,0,0.0,0,0,0,0,0,0,0,0,0,0,0,0,0,0,0,0,0
11333,2009075331,2118.0,2118.0,15,15301,39.9824,-75.8156,0,0,0,0,0,0,4,7,2009,4,15.0,1.0,0,1.0,3,0,3,  ,0,0.0,0,0,1,0,0,0,0,0,0,0,0,0,0,0,0,0,0
11334,2009075342,1214.0,1213.0,46,46104,40.0257,-75.3105,0,1,0,0,0,0,5,7,2009,4,12.0,1.0,0,1.0,3,0,3,  ,2,3.0,0,0,0,0,0,0,0,0,0,0,0,0,0,0,0,0,0
11335,2009075346,1356.0,1353.0,62,62227,40.1833,-80.2354,0,0,0,0,1,0,2,7,2009,6,13.0,1.0,7,1.0,3,0,3,  ,2,3.0,0,0,0,0,0,0,0,0,0,0,0,0,0,0,0,0,0
11336,2009075366,1645.0,1641.0,37,37214,41.012,-80.3773,0,1,0,0,1,0,4,7,2009,3,16.0,1.0,0,9.0,1,1,7,  ,3,3.0,0,0,1,0,0,0,0,0,0,0,0,0,0,0,0,0,0
11337,2009075408,1604.0,1556.0,25,25302,42.1201,-80.0543,0,0,0,0,0,0,4,6,2009,7,15.0,1.0,0,1.0,3,1,3,  ,3,3.0,0,0,1,0,0,0,0,0,0,0,0,0,0,0,0,0,0
11338,2009075421,915.0,910.0,67,67301,39.9636,-75.1809,0,2,0,0,0,1,4,5,2009,5,9.0,1.0,0,1.0,3,0,3,  ,0,0.0,1,0,1,0,0,0,0,0,0,0,0,0,0,0,0,0,0
11339,2009075425,9999.0,1636.0,41,41301,41.2449,-77.0255,0,0,0,0,0,1,4,7,2009,2,99.0,1.0,0,1.0,3,1,3,  ,3,2.0,0,0,1,0,0,0,0,0,0,0,0,0,0,0,0,0,0
11340,2009075433,1957.0,1954.0,6,6301,40.3399,-75.9219,0,0,0,0,0,0,4,7,2009,5,19.0,1.0,0,1.0,3,0,3,  ,0,0.0,0,0,1,0,0,0,0,0,0,0,0,0,0,0,0,0,0
11341,2009075457,9999.0,920.0,67,67301,40.0009,-75.1014,0,0,0,0,0,0,2,6,2009,7,99.0,1.0,0,1.0,3,0,3,  ,0,0.0,0,0,0,0,0,0,0,0,0,0,0,0,0,0,0,1,0
11342,2009075461,1808.0,1807.0,25,25302,42.1368,-80.0718,0,0,0,0,0,1,4,5,2009,1,18.0,1.0,0,1.0,3,0,3,  ,0,0.0,1,0,1,0,0,0,0,0,0,0,1,0,0,1,0,0,0
11343,2009075468,1911.0,1909.0,2,2301,40.4094,-79.9954,0,0,0,0,0,0,4,7,2009,2,19.0,1.0,0,1.0,3,1,3,  ,0,0.0,0,0,1,0,0,0,0,0,0,0,0,0,0,0,0,0,0
11344,2009075482,1125.0,1125.0,64,64301,40.5798,-79.7623,0,0,0,0,0,0,4,7,2009,2,11.0,1.0,0,1.0,3,1,3,  ,3,3.0,0,0,1,0,0,0,0,0,0,0,0,0,0,0,0,1,0
11345,2009075596,1818.0,1815.0,39,39101,40.5816,-75.4436,0,0,0,0,1,0,2,4,2009,6,18.0,1.0,0,1.0,1,2,3,  ,3,3.0,0,0,0,0,0,0,0,0,0,0,0,0,0,0,0,0,1
11346,2009075654,1800.0,1755.0,15,15403,39.9991,-75.724,0,0,0,0,0,0,5,7,2009,7,17.0,1.0,0,1.0,3,1,3,  ,2,3.0,1,0,0,0,0,0,0,0,0,0,0,0,0,0,0,0,0
11347,2009075668,1742.0,1740.0,46,46224,40.1167,-75.2077,0,0,0,0,0,0,4,7,2009,3,17.0,1.0,0,1.0,3,1,3,  ,2,3.0,0,0,1,0,0,0,0,0,0,0,0,0,0,0,0,0,0
11348,2009075740,1636.0,1635.0,61,61301,41.844,-79.1462,0,0,0,0,0,0,5,7,2009,3,16.0,1.0,0,1.0,2,0,3,  ,0,0.0,1,0,0,0,0,0,0,0,0,0,0,0,0,0,0,0,0
11349,2009075744,1345.0,1258.0,23,23111,39.9561,-75.3217,0,1,0,0,0,0,4,7,2009,3,12.0,1.0,0,1.0,3,0,3,  ,0,0.0,0,0,1,0,0,0,0,0,0,0,0,0,0,0,0,0,1
11350,2009075767,1624.0,1615.0,36,36411,40.0591,-76.5472,0,0,0,0,0,0,4,7,2009,3,16.0,1.0,0,1.0,1,1,3,  ,3,3.0,0,0,1,0,0,0,0,0,0,0,0,0,0,0,0,0,0
11351,2009075816,1222.0,1207.0,36,36202,40.1808,-76.0519,0,0,0,0,0,0,4,7,2009,7,12.0,1.0,0,1.0,1,2,3,  ,0,0.0,1,0,1,0,0,0,0,0,0,0,0,0,0,0,0,1,0
11352,2009075871,1035.0,1032.0,46,46102,40.0824,-75.1613,0,0,0,0,0,0,4,7,2009,4,10.0,1.0,0,1.0,3,1,3,  ,2,3.0,0,0,1,0,0,0,0,0,0,0,0,0,0,0,0,0,0
11353,2009076005,1933.0,1930.0,40,40304,41.2316,-75.9019,0,0,0,0,1,0,4,7,2009,4,19.0,1.0,0,9.0,3,0,3,  ,0,0.0,0,0,1,0,0,0,0,0,0,0,0,0,0,0,0,0,0
11354,2009076152,1709.0,1656.0,25,25213,42.0781,-80.1683,0,0,0,0,0,0,4,7,2009,5,16.0,1.0,0,1.0,3,0,3,  ,0,0.0,0,0,1,0,0,0,0,0,0,0,0,0,0,0,0,0,0
11355,2009076153,1614.0,1609.0,25,25213,42.0982,-80.1497,0,0,0,0,0,0,4,7,2009,5,16.0,1.0,0,1.0,3,2,3,  ,3,3.0,0,0,1,0,0,0,0,0,0,0,0,0,0,0,0,1,0
11356,2009076159,1321.0,1310.0,36,36236,40.2413,-76.1745,0,0,0,0,0,0,4,7,2009,1,13.0,1.0,0,1.0,1,1,3,  ,3,3.0,0,0,1,0,0,0,0,0,0,0,0,0,0,0,0,0,1
11357,2009076177,1014.0,1012.0,38,38406,40.3005,-76.6095,0,0,0,0,0,0,5,7,2009,4,10.0,1.0,0,1.0,3,0,3,  ,0,0.0,1,0,0,0,0,0,0,0,0,0,0,0,0,0,0,0,1
11358,2009076249,1105.0,1102.0,9,9403,40.3188,-75.1307,0,0,0,0,0,0,4,7,2009,3,11.0,1.0,0,1.0,3,2,3,  ,2,3.0,0,0,1,0,0,0,0,0,0,0,0,0,0,0,0,0,0
11359,2009076272,913.0,905.0,39,39103,40.5782,-75.5183,0,0,0,0,0,1,4,3,2009,7,9.0,1.0,0,1.0,1,1,3,  ,3,3.0,0,0,1,0,0,0,0,0,0,0,0,0,0,0,0,0,0
11360,2009076471,1156.0,1151.0,39,39301,40.5891,-75.5089,0,0,0,0,0,0,4,7,2009,5,11.0,1.0,0,1.0,3,1,3,  ,3,3.0,0,0,1,0,0,0,0,0,0,0,0,0,0,0,0,1,0
11361,2009076483,1251.0,1248.0,39,39301,40.6011,-75.4872,0,0,0,0,0,1,4,7,2009,4,12.0,1.0,0,1.0,3,1,3,  ,2,3.0,0,0,1,0,0,0,0,0,0,0,0,0,0,0,0,0,0
11362,2009076510,2004.0,2001.0,39,39301,40.6055,-75.4953,0,0,0,0,0,1,4,7,2009,2,20.0,1.0,0,1.0,3,1,3,  ,0,0.0,0,0,1,0,0,0,0,0,0,0,0,0,0,0,0,0,0
11363,2009076535,2210.0,2204.0,66,66217,40.0108,-76.7901,0,0,0,0,0,1,4,7,2009,5,19.0,1.0,0,1.0,3,1,3,  ,0,0.0,0,0,1,0,0,0,0,0,0,0,0,0,0,0,0,0,0
11364,2009076625,2032.0,2028.0,35,35302,41.4071,-75.6819,0,0,0,0,1,0,4,6,2009,3,20.0,3.0,0,1.0,3,1,3,  ,0,0.0,0,0,1,0,0,0,0,0,0,0,0,0,0,0,0,0,0
11365,2009076669,1202.0,1158.0,38,38301,40.3412,-76.4339,0,0,0,0,0,0,4,7,2009,1,11.0,1.0,0,1.0,2,2,3,  ,0,0.0,0,0,1,0,0,0,0,0,0,0,0,0,0,0,0,0,0
11366,2009076763,2036.0,2034.0,2,2416,40.3682,-80.0221,0,0,0,0,0,0,4,7,2009,2,20.0,1.0,0,1.0,3,0,3,  ,0,0.0,0,0,1,0,0,0,0,0,0,0,0,0,0,0,0,0,1
11367,2009076955,1847.0,1845.0,7,7301,40.5084,-78.4011,0,0,0,0,0,0,4,7,2009,2,18.0,1.0,7,1.0,3,0,3,  ,0,0.0,0,0,1,0,0,0,0,0,0,0,0,0,0,0,0,0,1
11368,2009076977,2057.0,2054.0,9,9202,40.0921,-74.9214,0,1,0,0,1,0,4,7,2009,6,20.0,2.0,0,9.0,3,0,3,  ,0,0.0,0,0,1,0,0,0,0,0,0,0,0,0,0,0,0,1,0
11369,2009077076,1838.0,1833.0,35,35302,41.4466,-75.6603,0,0,0,0,1,0,4,6,2009,6,18.0,1.0,0,1.0,3,0,3,  ,0,0.0,0,0,1,0,0,0,0,0,0,0,0,0,0,0,0,0,0
11370,2009077116,2120.0,2120.0,2,2118,40.5146,-79.9481,0,0,0,0,0,0,4,7,2009,5,19.0,1.0,0,1.0,3,0,3,  ,0,0.0,0,0,1,0,0,1,0,0,0,0,0,0,0,0,0,0,0
11371,2009077177,639.0,634.0,39,39103,40.5795,-75.5225,0,0,0,0,0,0,2,7,2009,1,6.0,1.0,7,1.0,1,0,3,  ,0,0.0,0,0,0,0,0,0,0,0,0,0,0,0,0,0,0,0,0
11372,2009077228,1930.0,1923.0,2,2301,40.4207,-79.9989,0,0,0,0,0,0,4,8,2009,7,19.0,1.0,0,1.0,3,2,3,  ,0,0.0,0,0,1,0,0,0,0,0,0,0,0,0,0,0,0,0,0
11373,2009077230,1909.0,1905.0,40,40220,41.3022,-75.9291,0,0,0,0,0,0,8,7,2009,5,19.0,1.0,0,1.0,3,1,3,  ,2,3.0,1,0,0,0,0,0,0,0,0,0,0,0,0,0,0,0,0
11374,2009077348,1153.0,1152.0,61,61204,41.9062,-79.1509,0,0,0,0,0,1,4,8,2009,7,11.0,1.0,0,1.0,1,0,3,  ,0,0.0,0,0,1,0,0,0,0,0,0,0,0,0,0,0,0,1,0
11375,2009077357,1748.0,1725.0,26,26206,39.8077,-79.7984,0,0,0,0,0,0,4,7,2009,5,17.0,1.0,0,1.0,1,0,3,  ,0,0.0,0,0,1,0,0,0,0,0,0,0,0,0,0,0,0,0,0
11376,2009077398,1639.0,1636.0,36,36213,40.1183,-76.0479,0,0,0,0,0,0,8,7,2009,3,16.0,1.0,0,1.0,1,1,3,  ,4,3.0,0,0,0,0,0,0,0,0,0,0,0,0,0,0,0,0,0
11377,2009077415,1935.0,1928.0,36,36209,40.1415,-76.0992,0,0,0,0,0,0,4,8,2009,1,19.0,1.0,0,1.0,1,0,3,  ,0,0.0,0,0,1,0,0,0,0,0,0,0,0,0,0,0,0,0,0
11378,2009077564,1250.0,1247.0,2,2118,40.5011,-79.9703,0,0,0,0,0,0,4,8,2009,2,99.0,1.0,0,1.0,3,2,3,  ,0,0.0,0,0,1,0,0,0,0,0,0,0,0,0,0,0,0,0,0
11379,2009077751,620.0,613.0,36,36238,40.1067,-76.1537,0,0,0,0,1,0,5,6,2009,3,6.0,1.0,0,1.0,3,0,3,  ,0,0.0,1,0,0,0,0,0,0,0,0,0,0,0,0,0,0,0,0
11380,2009077866,2035.0,2021.0,35,35302,41.3853,-75.6742,0,0,0,0,0,0,1,6,2009,2,19.0,1.0,0,1.0,3,0,3,  ,0,0.0,0,0,0,0,0,0,0,0,0,0,0,0,0,0,0,0,0
11381,2009077877,1402.0,1357.0,2,2301,40.4392,-79.9566,1,0,0,1,0,0,1,8,2009,2,13.0,1.0,0,1.0,3,1,3,  ,3,3.0,0,0,0,0,1,0,0,0,0,0,0,0,0,0,0,0,0
11382,2009077899,1730.0,1725.0,46,46416,40.2576,-75.6365,0,0,0,0,0,0,4,8,2009,2,17.0,1.0,7,1.0,2,0,3,  ,0,0.0,0,0,1,0,0,0,0,0,0,0,0,0,0,0,0,0,0