,CRN,ARRIVAL_TM,DISPATCH_TM,COUNTY,MUNICIPALITY,DEC_LAT,DEC_LONG,BICYCLE_DEATH_COUNT,BICYCLE_SUSP_SERIOUS_INJ_COUNT,BUS_COUNT,HEAVY_TRUCK_COUNT,SMALL_TRUCK_COUNT,SUV_COUNT,COLLISION_TYPE,CRASH_MONTH,CRASH_YEAR,DAY_OF_WEEK,HOUR_OF_DAY,ILLUMINATION,LOCATION_TYPE,ROAD_CONDITION,URBAN_RURAL,INTERSECT_TYPE,WEATHER1,WEATHER2,TCD_TYPE,TCD_FUNC_CD,AGGRESSIVE_DRIVING,ALCOHOL_RELATED,ANGLE_CRASH,CELL_PHONE,COMM_VEHICLE,DISTRACTED,DRINKING_DRIVER,DRUGGED_DRIVER,FATIGUE_ASLEEP,IMPAIRED_DRIVER,NHTSA_AGG_DRIVING,RUNNING_RED_LT,RUNNING_STOP_SIGN,SPEEDING_RELATED,TAILGATING,MATURE_DRIVER,YOUNG_DRIVER
11383,2009077973,2000.0,1958.0,40,40219,41.3091,-75.7988,0,0,0,0,0,0,4,8,2009,1,19.0,4.0,0,1.0,1,0,3,  ,0,0.0,0,0,1,0,0,0,0,0,0,0,0,0,0,0,0,0,1
11384,2009078074,2043.0,2041.0,23,23111,39.9661,-75.294,0,0,0,0,1,0,4,8,2009,3,20.0,3.0,0,1.0,3,2,3,  ,3,3.0,0,0,1,0,0,1,0,0,0,0,0,0,0,0,0,0,0
11385,2009078082,1328.0,1327.0,66,66208,40.2136,-76.8653,0,0,0,0,1,1,4,7,2009,6,13.0,1.0,0,9.0,1,1,7,  ,3,3.0,1,0,1,0,0,0,0,0,0,0,0,0,1,0,0,0,0
11386,2009078124,2129.0,2125.0,66,66414,39.8769,-76.7095,1,0,0,0,0,0,4,5,2009,1,21.0,3.0,0,9.0,3,2,7,  ,3,3.0,0,0,1,0,0,0,0,0,0,0,0,0,0,0,0,1,0
11387,2009078133,1125.0,1121.0,6,6219,40.5049,-75.6826,0,2,0,0,0,0,1,7,2009,1,11.0,1.0,0,1.0,1,1,3,  ,0,0.0,0,0,0,0,0,0,0,0,0,0,0,0,0,0,0,0,0
11388,2009078199,1139.0,1134.0,9,9202,40.0823,-74.9158,0,0,0,0,0,0,4,8,2009,4,11.0,1.0,7,1.0,3,0,3,  ,0,0.0,0,0,1,0,0,0,0,0,0,0,0,0,0,0,0,0,0
11389,2009078213,1337.0,1335.0,40,40302,41.1962,-76.0073,0,0,0,0,0,0,2,8,2009,2,13.0,1.0,0,1.0,3,0,3,  ,0,0.0,0,0,0,0,0,0,0,0,0,0,0,0,0,0,0,0,1
11390,2009078239,2101.0,2053.0,15,15252,39.9393,-75.9822,0,1,0,0,1,0,2,7,2009,5,20.0,4.0,0,1.0,1,0,3,  ,0,0.0,1,0,0,0,0,0,0,0,0,0,1,0,0,1,0,0,0
11391,2009078491,1915.0,1913.0,6,6301,40.319,-75.9518,0,0,0,0,0,0,4,7,2009,3,19.0,1.0,0,1.0,3,1,3,  ,3,3.0,1,0,1,0,0,0,0,0,0,0,0,0,1,0,0,0,1
11392,2009078585,646.0,643.0,2,2301,40.4307,-80.0008,0,0,0,0,0,0,2,8,2009,2,6.0,1.0,0,1.0,3,2,3,  ,0,0.0,0,0,0,0,0,0,0,0,0,0,0,0,0,0,0,0,0
11393,2009078782,1530.0,1530.0,67,67301,39.9727,-75.2174,0,0,0,0,1,0,4,7,2009,2,15.0,1.0,0,1.0,3,1,3,  ,2,3.0,0,0,1,0,0,0,0,0,0,0,0,0,0,0,0,0,0
11394,2009078786,813.0,808.0,36,36220,40.0244,-76.331,0,0,0,0,0,1,4,7,2009,5,8.0,1.0,0,1.0,3,1,3,  ,2,3.0,1,0,1,0,0,0,0,0,0,0,0,0,0,0,0,0,0
11395,2009078798,2021.0,2020.0,67,67301,39.9962,-75.114,0,0,0,0,0,0,2,7,2009,4,19.0,4.0,0,1.0,3,2,3,  ,0,0.0,0,0,0,0,0,0,0,0,0,0,0,0,0,0,0,0,0
11396,2009078817,1245.0,1221.0,67,67301,40.057,-75.0884,0,0,0,0,0,0,5,7,2009,4,17.0,1.0,0,1.0,3,1,3,05,2,3.0,0,0,0,0,0,0,0,0,0,0,0,0,0,0,0,0,0
11397,2009078819,1830.0,1820.0,67,67301,39.9631,-75.2131,0,0,0,0,0,0,5,7,2009,4,18.0,1.0,0,1.0,3,0,3,  ,0,0.0,0,0,0,0,0,0,0,0,0,0,0,0,0,0,0,0,0
11398,2009078830,1607.0,1605.0,67,67301,39.9755,-75.1668,0,1,0,0,0,0,4,6,2009,7,16.0,1.0,0,1.0,3,1,3,  ,2,3.0,0,0,1,0,0,1,0,0,0,0,0,0,0,0,0,0,0
11399,2009078888,1515.0,1515.0,67,67301,40.007,-75.0968,0,0,0,0,0,0,4,7,2009,4,15.0,1.0,0,1.0,3,0,3,  ,0,0.0,0,0,1,0,0,0,0,0,0,0,0,0,0,0,0,0,0
11400,2009078937,1057.0,1042.0,67,67301,39.9546,-75.1813,0,0,0,0,0,0,4,7,2009,4,10.0,1.0,0,1.0,3,1,3,  ,2,3.0,0,0,1,0,0,0,0,0,0,0,0,0,0,0,0,0,1
11401,2009078943,9999.0,9999.0,67,67301,40.0243,-75.0836,0,0,0,0,1,0,4,7,2009,4,14.0,1.0,7,1.0,3,0,3,  ,0,0.0,0,0,1,0,0,0,0,0,0,0,0,0,0,0,0,0,0
11402,2009078954,951.0,947.0,24,24402,41.4215,-78.7311,0,0,0,0,0,0,4,7,2009,3,9.0,1.0,0,1.0,2,1,3,  ,2,3.0,0,0,1,0,0,0,0,0,0,0,0,0,0,0,0,0,0
11403,2009078956,1920.0,1915.0,14,14410,40.789,-77.8571,0,0,0,0,0,0,4,7,2009,6,19.0,1.0,0,1.0,3,1,3,  ,3,3.0,1,0,1,0,0,0,0,0,0,0,0,0,1,0,0,0,0
11404,2009078993,1649.0,1648.0,36,36220,40.0385,-76.3262,0,0,0,0,0,0,5,7,2009,4,16.0,1.0,0,1.0,3,2,3,  ,3,2.0,1,0,0,0,0,0,0,0,0,0,0,0,0,0,0,0,0
11405,2009078998,2335.0,2330.0,67,67301,39.9266,-75.167,0,0,0,0,0,0,4,7,2009,4,23.0,3.0,0,1.0,3,1,3,  ,2,3.0,0,0,1,0,0,0,0,0,0,0,0,0,0,0,0,0,0
11406,2009079010,1617.0,1617.0,67,67301,40.0437,-75.0982,0,0,0,0,0,0,2,7,2009,1,99.0,1.0,0,1.0,3,0,3,  ,0,0.0,0,0,0,0,0,0,0,0,0,0,0,0,0,0,0,0,1
11407,2009079046,155.0,152.0,67,67301,39.9508,-75.2228,0,0,0,0,0,0,4,7,2009,1,1.0,3.0,1,9.0,3,1,7,  ,3,3.0,1,0,1,0,0,0,0,0,0,0,0,0,0,0,0,0,0
11408,2009079050,1735.0,1731.0,36,36239,40.0508,-76.4575,0,0,0,0,0,0,4,7,2009,1,17.0,1.0,0,1.0,3,2,3,  ,3,3.0,1,0,1,0,0,0,0,0,0,0,0,0,0,0,0,0,0
11409,2009079087,2032.0,2028.0,67,67301,40.026,-75.0646,0,0,0,0,0,0,8,7,2009,5,20.0,1.0,0,1.0,3,0,3,  ,0,0.0,0,0,0,0,0,1,0,0,0,0,0,0,0,0,0,0,0
11410,2009079122,1430.0,1423.0,67,67301,39.9561,-75.1726,0,0,0,0,0,0,5,7,2009,7,99.0,1.0,0,1.0,3,0,3,  ,0,0.0,0,0,0,0,0,0,0,0,0,0,0,0,0,0,0,0,0
11411,2009079124,2050.0,2022.0,67,67301,39.9726,-75.1445,0,0,0,0,0,0,8,6,2009,6,99.0,3.0,0,9.0,3,1,7,  ,2,3.0,0,0,0,0,0,0,0,0,0,0,0,0,0,0,0,0,0
11412,2009079149,2135.0,2133.0,67,67301,39.9147,-75.1754,0,0,0,0,1,0,4,7,2009,6,21.0,3.0,0,1.0,3,1,3,  ,3,3.0,1,0,1,0,0,0,0,0,0,0,0,0,1,0,0,0,0
11413,2009079179,2139.0,2137.0,67,67301,39.9369,-75.1502,0,0,0,0,0,0,4,7,2009,6,21.0,3.0,0,1.0,3,1,3,  ,3,3.0,0,0,1,0,0,0,0,0,0,0,0,0,0,0,0,0,0
11414,2009079198,625.0,620.0,67,67301,39.9702,-75.1451,0,0,0,0,0,0,8,7,2009,2,6.0,3.0,0,1.0,3,1,3,  ,2,2.0,0,0,0,0,0,0,0,0,0,0,0,0,0,0,0,0,0
11415,2009079204,1200.0,1145.0,67,67301,39.9298,-75.1534,0,0,0,0,0,0,4,7,2009,1,11.0,1.0,0,1.0,3,1,3,  ,3,3.0,0,0,1,0,0,0,0,0,0,0,0,0,0,0,0,0,0
11416,2009079205,1400.0,1400.0,67,67301,39.9398,-75.1641,0,0,0,0,0,0,4,7,2009,7,14.0,1.0,0,1.0,3,1,3,  ,3,3.0,1,0,1,0,0,0,0,0,0,0,1,0,0,0,0,0,1
11417,2009079207,2040.0,2036.0,67,67301,39.9253,-75.1545,0,0,0,0,0,0,4,7,2009,7,20.0,3.0,0,9.0,3,0,3,  ,0,0.0,0,0,1,0,0,0,0,0,0,0,0,0,0,0,0,1,0
11418,2009079229,9999.0,1216.0,67,67301,39.9238,-75.2369,0,0,0,0,0,0,4,7,2009,2,12.0,1.0,0,1.0,3,1,3,  ,2,3.0,0,0,1,0,0,0,0,0,0,0,0,0,0,0,0,1,0
11419,2009079230,1920.0,1911.0,67,67301,39.9675,-75.2227,0,0,0,0,0,0,4,6,2009,6,99.0,1.0,0,1.0,3,0,3,  ,0,0.0,0,0,1,0,0,0,0,0,0,0,0,0,0,0,0,0,0
11420,2009079239,9999.0,9999.0,67,67301,40.0325,-75.1639,0,0,0,0,0,0,4,7,2009,3,99.0,1.0,0,1.0,3,2,3,  ,3,3.0,0,0,1,0,0,0,0,0,0,0,0,0,0,0,0,0,0
11421,2009079241,1938.0,1935.0,67,67301,40.0117,-75.106,0,0,0,0,0,0,4,7,2009,4,19.0,1.0,0,1.0,3,0,3,  ,0,0.0,0,0,1,0,0,0,0,0,0,0,0,0,0,0,0,0,1
11422,2009079247,1950.0,1949.0,67,67301,39.9874,-75.1002,0,0,0,0,0,0,4,7,2009,5,19.0,1.0,0,1.0,3,0,3,  ,0,0.0,0,0,1,0,0,0,0,0,0,0,0,0,0,0,0,0,0
11423,2009079250,1925.0,1925.0,67,67301,40.0223,-75.1307,0,0,0,0,1,0,3,7,2009,2,19.0,1.0,0,1.0,3,1,3,  ,3,3.0,0,0,0,0,0,0,0,0,0,0,0,0,0,0,0,0,0
11424,2009079260,150.0,9999.0,67,67301,40.0092,-75.1512,0,0,0,0,0,0,1,7,2009,5,1.0,3.0,0,1.0,3,0,3,  ,2,3.0,1,0,0,0,0,0,0,0,0,0,0,0,0,0,1,0,0
11425,2009079277,1824.0,1817.0,67,67301,40.0496,-75.1228,0,0,0,0,0,1,4,7,2009,5,16.0,1.0,0,1.0,3,1,3,  ,2,3.0,0,0,1,0,0,1,0,0,0,0,0,0,0,0,0,0,0
11426,2009079284,1745.0,1745.0,67,67301,39.9271,-75.1524,0,0,0,0,0,0,4,7,2009,2,17.0,1.0,0,1.0,3,1,3,  ,3,3.0,0,0,1,0,0,0,0,0,0,0,0,0,0,0,0,0,0
11427,2009079285,1945.0,1940.0,67,67301,39.9278,-75.1571,0,0,0,0,0,0,4,7,2009,2,19.0,1.0,0,1.0,3,1,3,  ,3,3.0,0,0,1,0,0,0,0,0,0,0,0,0,0,0,0,0,0
11428,2009079292,2155.0,2145.0,67,67301,40.0153,-75.1371,0,0,0,0,0,0,1,7,2009,3,19.0,1.0,0,1.0,3,0,3,  ,0,0.0,0,0,0,0,0,0,0,0,0,0,0,0,0,0,0,0,0
11429,2009079297,1832.0,1832.0,67,67301,39.9683,-75.2044,0,0,0,0,0,0,4,7,2009,4,18.0,1.0,0,1.0,3,1,3,  ,3,3.0,0,0,1,0,0,0,0,0,0,0,0,0,0,0,0,0,0
11430,2009079302,1745.0,1130.0,67,67301,39.9305,-75.1818,0,0,0,0,0,0,1,7,2009,7,99.0,1.0,0,1.0,3,1,3,  ,3,3.0,1,0,0,0,0,0,0,0,0,0,0,0,0,0,0,0,0
11431,2009079304,1805.0,1800.0,67,67301,40.0214,-75.1485,0,0,0,0,0,0,4,6,2009,3,18.0,1.0,0,1.0,3,1,3,  ,2,3.0,0,0,1,0,0,0,0,0,0,0,0,0,0,0,0,0,0
11432,2009079309,9999.0,9999.0,67,67301,40.0065,-75.144,0,0,0,0,1,0,4,6,2009,1,22.0,2.0,0,1.0,3,0,99,  ,0,0.0,0,0,1,0,0,0,0,0,0,0,0,0,0,0,0,0,0
11433,2009079310,205.0,154.0,67,67301,39.9499,-75.169,0,0,0,0,0,0,4,6,2009,4,1.0,3.0,0,1.0,3,2,3,  ,2,3.0,0,0,1,0,0,0,0,0,0,0,0,0,0,0,0,0,0
11434,2009079352,1259.0,1256.0,36,36408,40.1778,-76.1741,0,0,0,0,0,0,4,8,2009,2,12.0,1.0,0,1.0,2,2,3,  ,0,0.0,0,0,1,0,0,0,0,0,0,0,0,0,0,0,0,0,0
11435,2009079401,1611.0,1609.0,40,40304,41.2557,-75.868,0,0,0,0,0,1,4,8,2009,6,16.0,1.0,0,1.0,3,2,3,  ,2,3.0,1,0,1,0,0,0,0,0,0,0,0,0,0,1,0,0,0
11436,2009079514,1736.0,1735.0,67,67301,39.9429,-75.1635,0,0,0,0,0,0,5,7,2009,2,17.0,1.0,0,1.0,3,0,3,  ,2,3.0,0,0,0,0,0,0,0,0,0,0,0,0,0,0,0,0,0
11437,2009079519,1000.0,955.0,67,67301,39.9291,-75.1865,0,0,0,0,0,0,2,7,2009,7,9.0,1.0,0,1.0,3,2,3,  ,3,3.0,1,0,0,0,0,0,0,0,0,0,0,0,0,0,0,0,0
11438,2009079526,1143.0,1142.0,67,67301,39.9419,-75.2255,0,0,0,1,0,0,4,6,2009,6,11.0,1.0,0,98.0,3,1,99,  ,2,9.0,0,0,1,0,1,0,0,0,0,0,0,0,0,0,0,0,0
11439,2009079534,1450.0,1450.0,67,67301,40.0496,-75.0582,0,0,0,0,0,0,4,7,2009,7,14.0,1.0,0,1.0,3,2,3,  ,2,2.0,0,0,1,0,0,0,0,0,0,0,0,0,0,0,0,0,1
11440,2009079538,2157.0,2155.0,67,67301,39.9526,-75.1653,0,0,0,0,0,0,5,6,2009,7,21.0,3.0,0,1.0,3,2,3,  ,2,3.0,0,0,0,0,0,0,0,0,0,0,0,0,0,0,0,0,0
11441,2009079644,1403.0,1402.0,46,46416,40.2495,-75.6706,0,0,0,0,1,0,4,8,2009,6,14.0,1.0,7,1.0,2,0,3,  ,0,0.0,0,0,1,0,0,0,0,0,0,0,0,0,0,0,0,0,1
11442,2009079701,1639.0,1627.0,47,47402,41.0524,-76.6754,0,0,0,0,1,0,4,8,2009,4,16.0,1.0,0,1.0,1,1,3,  ,3,3.0,0,0,1,0,0,0,0,0,0,0,0,0,0,0,0,0,0
11443,2009079712,1606.0,1606.0,51,51210,41.3776,-74.8969,0,0,0,0,0,0,5,7,2009,5,12.0,1.0,7,1.0,1,0,3,  ,0,0.0,1,0,0,0,0,0,0,0,0,0,0,0,0,0,0,0,0
11444,2009079825,1837.0,1834.0,66,66413,,,0,0,0,0,0,1,4,6,2009,6,18.0,1.0,0,9.0,2,1,7,  ,0,0.0,0,0,1,0,0,0,0,0,0,0,0,0,0,0,0,0,0
11445,2009080012,1511.0,1453.0,18,18215,40.9925,-77.4095,0,0,0,0,0,0,4,7,2009,2,14.0,1.0,0,1.0,1,0,3,  ,0,0.0,0,0,1,0,0,0,0,0,0,0,0,0,0,0,0,1,0
11446,2009080081,1647.0,1643.0,67,67301,39.9261,-75.228,0,0,0,0,0,1,4,7,2009,7,15.0,1.0,0,1.0,3,1,3,  ,2,3.0,0,0,1,0,0,0,0,0,0,0,0,0,0,0,0,0,0
11447,2009080084,1706.0,1705.0,67,67301,39.9248,-75.2356,0,0,0,0,0,0,1,7,2009,6,17.0,1.0,0,1.0,3,1,3,  ,2,3.0,1,0,0,0,0,0,0,0,0,0,0,0,0,0,0,0,0
11448,2009080115,1059.0,1054.0,18,18301,41.1253,-77.4488,0,0,0,0,0,0,2,8,2009,2,10.0,1.0,0,1.0,2,3,3,  ,3,3.0,0,0,0,0,0,0,0,0,0,0,0,0,0,0,0,1,0
11449,2009080177,1516.0,1513.0,48,48101,40.646,-75.3404,0,0,0,0,0,0,4,8,2009,6,15.0,1.0,0,1.0,3,1,3,  ,3,3.0,0,0,1,0,0,0,0,0,0,0,0,0,0,0,0,0,0
11450,2009080279,1748.0,1747.0,8,8412,41.7727,-76.4432,0,0,0,0,0,0,2,8,2009,3,17.0,1.0,0,1.0,1,1,3,  ,3,3.0,0,0,0,0,0,0,0,0,0,0,0,0,0,0,0,0,0
11451,2009080433,652.0,648.0,67,67301,39.9227,-75.1565,0,0,0,0,0,0,4,6,2009,2,6.0,1.0,0,1.0,3,1,3,  ,2,3.0,1,0,1,0,0,0,0,0,0,0,0,0,0,0,0,0,0
11452,2009080470,1754.0,1752.0,66,66301,39.9563,-76.7448,0,0,0,0,0,0,4,8,2009,2,17.0,1.0,0,1.0,3,1,3,  ,3,3.0,0,0,1,0,0,0,0,0,0,0,0,0,0,0,0,0,0
11453,2009080483,1057.0,1054.0,28,28406,39.7537,-77.5875,0,0,0,0,0,0,4,8,2009,3,10.0,1.0,0,1.0,2,1,3,  ,3,2.0,0,0,1,0,0,0,0,0,0,0,0,0,0,0,0,1,0
11454,2009080490,1026.0,1016.0,25,25302,42.1156,-80.0859,0,0,0,0,0,0,5,8,2009,3,10.0,1.0,0,1.0,3,0,3,  ,0,0.0,0,0,0,0,0,0,0,0,0,0,0,0,0,0,0,0,0
11455,2009080515,1623.0,1622.0,23,23414,39.9201,-75.385,0,0,0,0,1,0,4,8,2009,2,16.0,1.0,0,1.0,3,1,3,  ,3,3.0,0,0,1,0,0,0,0,0,0,0,0,0,0,0,0,0,0
11456,2009080553,1911.0,1927.0,46,46101,40.0832,-75.1136,0,0,0,0,0,1,4,8,2009,5,19.0,1.0,0,1.0,3,2,3,  ,0,0.0,1,0,1,0,0,0,0,0,0,0,0,0,0,0,0,0,0
11457,2009080670,2052.0,2052.0,66,66227,39.9581,-76.6822,0,1,0,0,0,0,4,8,2009,3,20.0,2.0,7,1.0,3,0,3,  ,0,0.0,0,0,1,0,0,0,0,0,0,0,0,0,0,0,0,0,0
11458,2009080683,1847.0,1829.0,6,6102,40.3779,-75.9257,0,0,0,0,0,0,5,8,2009,4,18.0,1.0,7,1.0,3,0,3,  ,0,0.0,0,0,0,0,0,0,0,0,0,0,0,0,0,0,0,0,1
11459,2009080820,1724.0,1722.0,46,46416,40.2476,-75.6454,0,0,0,0,0,0,4,8,2009,7,17.0,1.0,0,1.0,2,1,3,  ,0,0.0,0,0,1,0,0,1,0,0,0,0,0,0,0,0,0,0,0
11460,2009080875,1448.0,1448.0,23,23103,39.9711,-75.3201,0,0,0,0,0,0,4,8,2009,7,22.0,3.0,0,1.0,3,2,3,  ,0,0.0,1,0,1,0,0,0,0,0,0,0,0,0,0,0,0,1,0
11461,2009080895,1823.0,1819.0,66,66102,39.9057,-76.6449,0,0,0,0,1,0,4,7,2009,7,18.0,1.0,7,1.0,1,2,3,  ,0,0.0,0,0,1,0,0,0,0,0,0,0,0,0,0,0,0,0,1
11462,2009081213,1950.0,1943.0,9,9213,40.1727,-74.8754,0,0,0,0,0,1,4,7,2009,1,19.0,1.0,0,1.0,3,0,3,  ,0,0.0,0,0,1,0,0,0,0,0,0,0,0,0,0,0,0,0,0
11463,2009081440,15.0,14.0,39,39302,40.6451,-75.4055,1,0,0,0,0,0,4,5,2009,5,0.0,3.0,0,1.0,3,0,3,  ,0,0.0,1,1,1,0,0,0,1,0,0,1,1,0,0,1,0,0,0
11464,2009081470,1834.0,1820.0,26,26410,40.0749,-79.8964,0,0,0,0,0,0,6,7,2009,7,18.0,1.0,0,1.0,1,1,3,  ,3,3.0,0,0,0,0,0,0,0,0,0,0,0,0,0,0,0,0,0
11465,2009081501,2141.0,2141.0,25,25302,42.1124,-80.0722,0,0,0,0,0,0,4,7,2009,6,21.0,3.0,0,1.0,3,1,3,  ,2,3.0,1,0,1,0,0,1,0,0,0,0,0,1,0,0,0,0,0
11466,2009081526,1528.0,1525.0,46,46421,40.306,-75.3245,0,0,0,0,0,1,2,7,2009,7,15.0,1.0,0,1.0,3,2,3,  ,0,0.0,0,0,0,0,0,0,0,0,0,0,0,0,0,0,0,0,0
11467,2009081584,937.0,932.0,67,67301,39.9498,-75.1776,0,0,0,0,0,0,6,6,2009,4,9.0,1.0,0,1.0,3,2,3,  ,2,3.0,0,0,0,0,0,0,0,0,0,0,0,0,0,0,0,0,0
11468,2009081596,1535.0,1531.0,43,43302,41.2222,-80.5028,0,0,0,0,0,0,4,7,2009,1,15.0,1.0,0,1.0,3,2,3,  ,3,3.0,1,0,1,0,0,1,0,0,0,0,0,0,1,0,0,0,0
11469,2009081609,8.0,5.0,67,67301,39.9615,-75.1517,0,0,0,0,0,1,4,7,2009,4,0.0,3.0,0,9.0,3,1,7,  ,2,3.0,0,0,1,0,0,0,0,0,0,0,0,0,0,0,0,0,0
11470,2009081630,2208.0,2205.0,67,67301,39.947,-75.1647,0,0,0,0,0,0,5,6,2009,4,22.0,3.0,0,1.0,3,1,3,  ,2,3.0,1,0,0,0,0,0,0,0,0,0,0,0,0,0,0,0,0
11471,2009081667,1346.0,1345.0,67,67301,40.0223,-75.1146,0,0,0,0,0,0,4,7,2009,6,13.0,1.0,0,1.0,3,2,3,  ,0,0.0,0,0,1,0,0,0,0,0,0,0,0,0,0,0,0,0,0
11472,2009081740,1733.0,1731.0,23,23111,39.9548,-75.2697,0,0,0,0,0,0,8,8,2009,3,17.0,1.0,0,1.0,3,1,3,  ,3,3.0,1,0,0,0,0,0,0,0,0,0,0,0,1,0,0,0,0
11473,2009081770,1310.0,1257.0,36,36238,40.0928,-76.1467,0,0,0,0,0,0,4,8,2009,6,12.0,1.0,7,1.0,3,0,3,  ,0,0.0,1,0,1,0,0,0,0,0,0,0,0,0,0,0,0,1,0
11474,2009081899,1828.0,1825.0,53,53428,40.799,-75.9656,0,0,0,0,0,0,4,8,2009,6,18.0,1.0,0,1.0,1,0,3,  ,0,0.0,0,0,1,0,0,0,0,0,0,0,0,0,0,0,0,0,0
11475,2009082016,1457.0,1457.0,2,2301,40.464,-79.9098,0,0,0,0,0,0,4,8,2009,7,14.0,1.0,0,1.0,3,1,3,  ,0,0.0,0,0,1,0,0,0,0,0,0,0,0,0,0,0,0,0,0
11476,2009082209,1912.0,1911.0,2,2302,40.3111,-79.8973,0,0,0,0,1,0,4,8,2009,1,19.0,1.0,0,1.0,3,1,3,  ,3,3.0,0,0,1,0,0,0,0,0,0,0,0,0,0,0,0,0,0
11477,2009082224,654.0,645.0,38,38406,40.301,-76.61,0,0,0,0,0,0,4,8,2009,1,5.0,3.0,0,1.0,3,1,3,  ,2,3.0,1,0,1,0,0,0,0,0,0,0,0,0,0,0,0,0,0
11478,2009082358,1357.0,1351.0,22,22301,40.2828,-76.8916,0,0,0,0,0,0,4,8,2009,4,13.0,1.0,0,1.0,3,1,3,  ,3,3.0,1,0,1,0,0,0,0,0,0,0,0,0,0,0,0,0,0
11479,2009082608,800.0,758.0,9,9202,40.0812,-74.9265,0,0,0,0,0,0,5,8,2009,3,7.0,1.0,0,1.0,3,0,3,  ,0,0.0,0,0,0,0,0,0,0,0,0,0,0,0,0,0,0,0,0
11480,2009082691,1446.0,1444.0,2,2108,40.5672,-80.0156,0,0,0,0,1,0,4,7,2009,2,14.0,1.0,0,1.0,3,0,3,  ,0,0.0,0,0,1,0,0,0,0,0,0,0,0,0,0,0,0,0,0
11481,2009082844,1147.0,1145.0,48,48302,40.6873,-75.2128,0,0,0,0,0,0,1,7,2009,5,11.0,1.0,0,1.0,3,1,3,  ,3,3.0,0,0,0,0,0,0,0,0,0,0,0,0,0,0,0,0,0
11482,2009082845,2016.0,2013.0,48,48302,40.6875,-75.2251,0,0,0,0,0,0,9,7,2009,1,20.0,4.0,0,1.0,3,1,3,  ,3,3.0,0,0,0,0,0,0,0,0,0,0,0,0,0,0,0,1,0
11483,2009082905,1944.0,1944.0,48,48407,40.588,-75.3404,0,0,0,0,0,0,4,8,2009,7,19.0,1.0,0,1.0,3,1,3,  ,3,3.0,0,0,1,0,0,0,0,0,0,0,0,0,0,0,0,0,0
11484,2009082983,150.0,140.0,13,13211,40.9949,-75.5405,0,1,0,0,0,0,6,7,2009,1,21.0,2.0,0,1.0,1,0,3,  ,0,0.0,0,0,0,0,0,0,0,0,0,0,0,0,0,0,0,0,0
11485,2009083003,1430.0,1424.0,25,25302,42.1113,-80.1279,0,0,0,0,0,0,4,8,2009,3,14.0,1.0,0,1.0,3,2,3,  ,3,3.0,1,0,1,0,0,0,0,0,0,0,0,0,0,0,0,0,0
11486,2009083024,1035.0,1030.0,2,2301,40.3998,-79.9891,0,0,0,0,1,0,2,8,2009,3,10.0,1.0,0,1.0,3,2,3,  ,3,3.0,0,0,0,0,0,0,0,0,0,0,0,0,0,0,0,0,0
11487,2009083101,1958.0,1948.0,48,48101,40.6768,-75.3425,0,0,0,0,0,0,4,8,2009,1,19.0,1.0,7,1.0,3,0,3,  ,3,3.0,0,0,1,0,0,0,0,0,0,0,0,0,0,0,0,0,0
11488,2009083103,2303.0,2301.0,48,48302,40.6916,-75.2206,0,0,0,0,0,0,4,8,2009,3,23.0,6.0,0,1.0,3,2,3,  ,0,0.0,0,0,1,0,0,0,0,0,0,0,0,0,0,0,0,0,0
11489,2009083105,1547.0,1526.0,66,66101,39.9483,-76.7119,0,1,0,0,0,0,4,8,2009,3,15.0,1.0,0,1.0,1,1,3,  ,2,3.0,0,0,1,0,0,0,0,0,0,0,0,0,0,0,0,0,0
11490,2009083367,2255.0,2255.0,67,67301,39.9546,-75.226,0,0,0,0,0,0,8,7,2009,5,22.0,3.0,0,1.0,3,1,3,  ,2,3.0,0,0,0,0,0,0,0,0,0,0,0,0,0,0,0,0,1
11491,2009083382,1105.0,1103.0,39,39301,40.6165,-75.4757,0,0,0,0,0,0,4,7,2009,4,11.0,1.0,0,1.0,3,1,3,  ,0,0.0,0,0,1,0,0,0,0,0,0,0,0,0,0,0,0,0,0
11492,2009083419,1919.0,1908.0,7,7301,40.5212,-78.3837,0,0,0,0,0,0,4,8,2009,2,19.0,1.0,0,1.0,3,1,3,  ,0,0.0,0,0,1,0,0,0,0,0,0,0,0,0,0,0,0,0,0
11493,2009083422,1535.0,1533.0,67,67301,39.9544,-75.1628,0,0,0,0,0,0,1,7,2009,5,15.0,1.0,0,1.0,3,0,3,  ,0,0.0,0,0,0,0,0,1,0,0,0,0,0,0,0,0,0,0,0
11494,2009083433,1358.0,1356.0,39,39301,40.6029,-75.4846,0,0,0,0,0,0,2,7,2009,3,13.0,1.0,0,1.0,3,1,3,  ,0,0.0,0,0,0,0,0,0,0,0,0,0,0,0,0,0,0,0,0
11495,2009083444,1257.0,1256.0,39,39301,40.5968,-75.4852,0,0,0,0,0,0,4,7,2009,3,12.0,1.0,0,1.0,3,1,3,  ,3,3.0,0,0,1,0,0,0,0,0,0,0,0,0,0,0,0,0,0
11496,2009083523,1730.0,1727.0,6,6301,40.3532,-75.9137,0,0,0,0,0,0,4,7,2009,5,17.0,1.0,0,1.0,3,1,3,  ,3,3.0,0,0,1,0,0,0,0,0,0,0,0,0,0,0,0,0,0