,CRN,ARRIVAL_TM,DISPATCH_TM,COUNTY,MUNICIPALITY,DEC_LAT,DEC_LONG,BICYCLE_DEATH_COUNT,BICYCLE_SUSP_SERIOUS_INJ_COUNT,BUS_COUNT,HEAVY_TRUCK_COUNT,SMALL_TRUCK_COUNT,SUV_COUNT,COLLISION_TYPE,CRASH_MONTH,CRASH_YEAR,DAY_OF_WEEK,HOUR_OF_DAY,ILLUMINATION,LOCATION_TYPE,ROAD_CONDITION,URBAN_RURAL,INTERSECT_TYPE,WEATHER1,WEATHER2,TCD_TYPE,TCD_FUNC_CD,AGGRESSIVE_DRIVING,ALCOHOL_RELATED,ANGLE_CRASH,CELL_PHONE,COMM_VEHICLE,DISTRACTED,DRINKING_DRIVER,DRUGGED_DRIVER,FATIGUE_ASLEEP,IMPAIRED_DRIVER,NHTSA_AGG_DRIVING,RUNNING_RED_LT,RUNNING_STOP_SIGN,SPEEDING_RELATED,TAILGATING,MATURE_DRIVER,YOUNG_DRIVER
11497,2009083545,2123.0,2118.0,25,25302,42.133,-80.0656,0,0,0,0,0,1,4,8,2009,2,21.0,3.0,0,1.0,3,1,3,  ,0,0.0,0,0,1,0,0,0,0,0,0,0,0,0,0,0,0,0,0
11498,2009083546,1120.0,1118.0,36,36101,40.0576,-76.3105,0,0,0,0,0,0,4,8,2009,6,11.0,1.0,7,1.0,3,0,3,  ,0,0.0,1,0,1,0,0,0,0,0,0,0,0,0,0,0,0,0,1
11499,2009083602,1819.0,1818.0,46,46424,40.0721,-75.3146,0,0,0,0,1,0,6,7,2009,1,18.0,1.0,0,1.0,3,0,3,  ,0,0.0,1,0,0,0,0,0,0,0,0,0,0,0,0,0,0,0,0
11500,2009083637,1720.0,1715.0,67,67301,39.9628,-75.2467,0,0,0,0,0,0,5,7,2009,7,17.0,1.0,0,1.0,3,0,3,  ,0,0.0,0,0,0,0,0,0,0,0,0,0,0,0,0,0,0,0,0
11501,2009083649,2114.0,2107.0,67,67301,40.0014,-75.0816,0,0,0,0,0,0,4,7,2009,3,21.0,3.0,0,1.0,3,2,3,  ,2,3.0,0,0,1,0,0,0,0,0,0,0,0,0,0,0,0,0,0
11502,2009083673,825.0,823.0,48,48301,40.6481,-75.3768,0,0,0,0,0,0,4,8,2009,7,8.0,1.0,0,1.0,3,0,3,  ,0,0.0,1,0,1,0,0,0,0,0,0,0,0,0,0,0,0,1,0
11503,2009083679,1533.0,1532.0,48,48301,40.61,-75.3719,0,0,0,0,0,0,4,7,2009,4,15.0,1.0,0,1.0,3,1,3,  ,3,3.0,0,0,1,0,0,0,0,0,0,0,0,0,0,0,0,0,0
11504,2009083714,1607.0,1602.0,67,67301,40.0512,-75.0661,0,0,0,0,0,0,8,7,2009,3,16.0,1.0,0,1.0,3,1,3,  ,2,3.0,0,0,0,0,0,0,0,0,0,0,0,0,0,0,0,0,0
11505,2009083719,958.0,956.0,67,67301,39.9521,-75.1517,0,0,0,0,0,0,4,7,2009,6,9.0,1.0,0,1.0,3,2,3,  ,3,3.0,0,0,1,0,0,0,0,0,0,0,0,0,0,0,0,1,0
11506,2009083748,1550.0,1545.0,67,67301,40.0285,-75.0579,0,0,0,0,0,0,4,7,2009,3,15.0,1.0,0,9.0,3,1,7,  ,2,3.0,0,0,1,0,0,0,0,0,0,0,0,0,0,0,0,0,0
11507,2009083761,2224.0,2223.0,67,67301,40.0037,-75.1689,0,0,0,0,0,0,4,7,2009,1,22.0,3.0,0,1.0,3,1,3,  ,2,3.0,0,0,1,0,0,0,0,0,0,0,0,0,0,0,0,0,0
11508,2009083771,250.0,249.0,67,67301,39.9666,-75.1604,0,0,0,0,0,1,4,7,2009,2,2.0,3.0,0,1.0,3,1,3,  ,2,3.0,0,1,1,0,0,0,1,0,0,1,0,0,0,0,0,0,0
11509,2009083775,1300.0,1300.0,67,67301,39.9291,-75.1804,0,0,0,0,0,0,4,7,2009,1,9.0,1.0,0,1.0,3,2,3,  ,3,3.0,0,0,1,0,0,0,0,0,0,0,0,0,0,0,0,0,0
11510,2009083780,1600.0,1600.0,67,67301,39.93,-75.1456,0,0,0,0,1,0,5,7,2009,2,16.0,1.0,7,1.0,3,2,3,  ,3,3.0,1,0,0,0,0,0,0,0,0,0,0,0,0,0,0,0,0
11511,2009083797,45.0,40.0,25,25302,42.1217,-80.0694,0,0,0,0,0,0,4,7,2009,6,99.0,3.0,0,1.0,3,1,3,  ,9,9.0,0,0,1,0,0,0,0,0,0,0,0,0,0,0,0,0,0
11512,2009083815,1901.0,1901.0,67,67301,39.9906,-75.1531,0,0,0,0,1,0,4,7,2009,2,18.0,1.0,0,1.0,3,1,3,  ,3,3.0,0,0,1,0,0,0,0,0,0,0,0,0,0,0,0,0,0
11513,2009083831,1429.0,1424.0,41,41301,41.2398,-77.0171,0,0,0,0,0,0,8,8,2009,7,14.0,1.0,0,1.0,3,1,3,  ,2,3.0,1,0,0,0,0,0,0,0,0,0,0,1,0,0,0,1,0
11514,2009083838,905.0,900.0,67,67301,39.9624,-75.1615,0,0,0,0,1,0,5,7,2009,4,9.0,1.0,0,1.0,3,0,3,  ,2,3.0,0,0,0,0,0,0,0,0,0,0,0,0,0,0,0,0,0
11515,2009083856,100.0,54.0,67,67301,39.9388,-75.1747,0,0,0,0,0,0,4,7,2009,2,16.0,1.0,0,1.0,3,1,3,  ,2,9.0,0,0,1,0,0,0,0,0,0,0,0,0,0,0,0,0,0
11516,2009083868,1925.0,1921.0,67,67301,39.9311,-75.1923,0,0,0,0,0,0,1,7,2009,7,19.0,3.0,0,1.0,3,1,3,  ,0,0.0,0,0,0,1,0,1,0,0,0,0,0,0,0,0,0,0,0
11517,2009083870,2110.0,2105.0,67,67301,40.004,-75.1254,0,1,0,0,0,0,4,7,2009,4,19.0,1.0,0,1.0,3,2,3,  ,9,9.0,0,0,1,0,0,0,0,0,0,0,0,0,0,0,0,0,0
11518,2009083935,1240.0,1237.0,46,46113,40.2159,-75.3161,0,0,0,0,0,0,4,8,2009,3,12.0,1.0,0,1.0,3,2,3,  ,0,0.0,0,0,1,0,0,0,0,0,0,0,0,0,0,0,0,0,0
11519,2009084097,1916.0,1913.0,6,6301,40.3473,-75.9158,0,0,0,0,0,0,4,8,2009,2,19.0,1.0,0,1.0,3,1,3,  ,3,3.0,1,0,1,0,0,0,0,0,0,0,0,0,1,0,0,0,0
11520,2009084098,1315.0,1315.0,25,25302,42.1032,-80.1112,0,0,0,0,0,2,4,7,2009,4,13.0,1.0,0,1.0,3,1,3,  ,3,3.0,1,0,1,0,0,0,0,0,0,0,0,0,0,0,0,0,0
11521,2009084104,1809.0,1807.0,67,67301,39.9536,-75.2314,0,0,0,0,0,0,4,7,2009,6,18.0,1.0,0,1.0,3,1,3,  ,3,9.0,0,0,1,0,0,0,0,0,0,0,0,0,0,0,0,0,0
11522,2009084114,1538.0,1536.0,48,48301,40.6244,-75.3815,0,0,0,0,0,0,4,7,2009,7,15.0,1.0,7,1.0,3,0,3,  ,0,0.0,0,0,1,0,0,0,0,0,0,0,0,0,0,0,0,0,0
11523,2009084122,2225.0,2223.0,67,67301,39.9901,-75.1457,0,0,0,0,0,0,2,7,2009,1,22.0,6.0,0,1.0,3,2,3,  ,0,0.0,0,0,0,0,0,0,0,0,0,0,0,0,0,0,0,0,0
11524,2009084277,1632.0,1631.0,20,20234,41.5113,-80.478,0,0,0,0,0,0,2,8,2009,7,16.0,1.0,0,1.0,1,0,3,  ,0,0.0,0,0,0,0,0,0,0,0,0,0,0,0,0,0,0,0,0
11525,2009084329,946.0,945.0,39,39407,40.5133,-75.5507,0,0,0,0,0,0,4,6,2009,4,9.0,1.0,0,1.0,3,1,3,  ,3,3.0,1,0,1,0,0,0,0,0,0,0,0,0,0,0,0,1,0
11526,2009084402,1151.0,1129.0,25,25214,42.2027,-79.8086,0,0,0,0,0,0,4,8,2009,1,11.0,1.0,7,1.0,1,0,3,  ,0,0.0,0,0,1,0,0,0,0,0,0,0,0,0,0,0,0,0,0
11527,2009084522,1310.0,1303.0,67,67301,39.9971,-75.2047,0,0,1,0,0,0,4,7,2009,4,12.0,1.0,0,1.0,3,1,3,  ,3,2.0,1,0,1,0,1,0,0,0,0,0,0,0,0,0,0,0,0
11528,2009084532,1621.0,1620.0,23,23410,39.9047,-75.2799,0,0,0,0,0,0,4,6,2009,2,16.0,1.0,7,1.0,3,0,3,  ,0,0.0,0,0,1,0,0,0,0,0,0,0,0,0,0,0,0,0,0
11529,2009084549,258.0,254.0,22,22102,40.2477,-76.8514,1,0,0,1,0,0,5,8,2009,7,2.0,2.0,0,1.0,3,0,3,  ,0,0.0,0,1,0,0,1,0,0,0,0,0,0,0,0,0,0,0,0
11530,2009084715,1802.0,1736.0,5,5202,40.2907,-78.4167,0,0,0,0,0,0,7,8,2009,5,17.0,1.0,0,1.0,1,0,3,  ,0,0.0,0,0,0,0,0,1,0,0,0,0,0,0,0,0,0,0,0
11531,2009084748,1206.0,1203.0,2,2301,40.4208,-79.9963,0,0,0,0,0,0,4,8,2009,1,12.0,1.0,0,9.0,3,1,7,  ,3,1.0,0,0,1,0,0,0,0,0,0,0,0,0,0,0,0,0,0
11532,2009084979,1310.0,1301.0,22,22301,40.2872,-76.8904,0,0,0,0,0,0,4,8,2009,3,13.0,1.0,0,1.0,3,2,3,  ,3,3.0,1,0,1,0,0,0,0,0,0,0,0,0,1,0,0,0,0
11533,2009085028,1225.0,1213.0,66,66301,39.9582,-76.7363,0,0,0,0,0,0,4,8,2009,2,12.0,1.0,0,1.0,3,1,3,  ,2,3.0,1,0,1,0,0,0,0,0,0,0,0,0,0,0,0,0,0
11534,2009085029,1619.0,1617.0,9,9226,40.1858,-75.0882,0,0,0,0,0,0,4,7,2009,2,16.0,1.0,0,1.0,3,0,3,  ,0,0.0,0,0,1,0,0,0,0,0,0,0,0,0,0,0,0,0,0
11535,2009085118,1435.0,1420.0,25,25207,42.0083,-80.3047,0,0,0,0,1,0,4,7,2009,1,14.0,1.0,0,9.0,1,2,7,  ,0,0.0,0,0,1,0,0,0,0,0,0,0,0,0,0,0,0,1,0
11536,2009085199,1219.0,1218.0,66,66413,39.8097,-76.9746,0,0,0,0,0,1,4,7,2009,1,12.0,1.0,0,1.0,2,1,3,  ,3,3.0,0,0,1,0,0,0,0,0,0,0,0,0,0,0,0,1,0
11537,2009085227,1921.0,1847.0,23,23204,39.8915,-75.521,0,0,0,0,0,0,8,8,2009,1,18.0,1.0,0,1.0,3,2,3,  ,3,3.0,0,0,0,0,0,0,0,0,0,0,0,0,0,0,0,0,0
11538,2009085324,1520.0,1520.0,21,21102,40.227,-76.8966,0,0,0,0,0,0,4,8,2009,3,15.0,1.0,1,1.0,3,0,3,  ,0,0.0,0,0,1,0,0,0,0,0,0,0,0,0,0,0,0,0,0
11539,2009085401,1625.0,1618.0,38,38403,40.4143,-76.4788,0,0,0,0,0,0,2,8,2009,6,16.0,1.0,0,9.0,1,0,3,  ,0,0.0,0,0,0,0,0,0,0,0,0,0,0,0,0,0,0,1,0
11540,2009085417,1726.0,1721.0,9,9218,40.2373,-75.0048,0,0,0,0,0,1,4,8,2009,3,17.0,1.0,0,1.0,3,0,3,  ,0,0.0,0,0,1,0,0,0,0,0,0,0,0,0,0,0,0,0,0
11541,2009085456,1101.0,1059.0,46,46101,40.1038,-75.0946,0,0,0,0,0,0,4,8,2009,3,10.0,1.0,0,1.0,3,1,3,  ,3,3.0,0,0,1,0,0,0,0,0,0,0,0,0,0,0,0,0,0
11542,2009085500,1910.0,1850.0,59,59207,40.8708,-77.0548,0,1,0,0,0,0,2,8,2009,2,18.0,1.0,0,1.0,1,0,3,  ,0,0.0,0,0,0,0,0,0,0,0,0,0,0,0,0,0,0,0,1
11543,2009085510,1741.0,1739.0,22,22403,40.5477,-76.8196,0,0,0,0,0,1,4,8,2009,1,17.0,1.0,0,1.0,1,1,3,  ,0,0.0,0,0,1,0,0,0,0,0,0,0,0,0,0,0,0,0,0
11544,2009085511,1611.0,1605.0,50,50409,40.4805,-77.1317,0,1,0,0,1,0,1,8,2009,4,16.0,1.0,0,1.0,1,0,3,  ,0,0.0,0,0,0,0,0,0,0,0,0,0,0,0,0,0,0,0,0
11545,2009085578,819.0,819.0,23,23111,39.9613,-75.2764,0,0,0,0,0,0,8,8,2009,4,8.0,1.0,0,1.0,3,2,3,  ,2,3.0,0,0,0,0,0,0,0,0,0,0,0,0,0,0,0,0,0
11546,2009085677,754.0,752.0,46,46101,40.1414,-75.1172,0,0,0,0,0,0,4,8,2009,3,7.0,1.0,0,1.0,3,1,3,  ,2,3.0,1,0,1,0,0,0,0,0,0,0,0,0,0,0,0,0,0
11547,2009085780,1747.0,1746.0,46,46410,40.0968,-75.1258,0,0,0,0,0,0,8,8,2009,1,17.0,2.0,0,1.0,3,2,3,  ,3,3.0,0,0,0,0,0,0,0,0,0,0,0,0,0,0,0,0,0
11548,2009085784,1124.0,1124.0,38,38101,40.3296,-76.5139,0,0,0,0,0,0,8,8,2009,2,11.0,1.0,0,1.0,2,1,3,  ,0,0.0,0,0,0,0,0,1,0,0,0,0,0,0,0,0,0,0,0
11549,2009085869,1824.0,1821.0,46,46215,40.2483,-75.4411,0,0,0,0,0,0,4,8,2009,5,18.0,1.0,0,1.0,1,0,3,  ,0,0.0,0,0,1,0,0,0,0,0,0,0,0,0,0,0,0,0,0
11550,2009085870,1344.0,1340.0,46,46223,40.3051,-75.4632,0,0,0,0,0,0,4,8,2009,7,13.0,1.0,0,1.0,1,0,3,  ,3,3.0,0,0,1,0,0,0,0,0,0,0,0,0,0,0,0,0,1
11551,2009085895,1842.0,1842.0,67,67301,39.9409,-75.2269,0,0,0,0,0,0,4,7,2009,3,18.0,1.0,0,1.0,3,1,3,  ,3,3.0,1,0,1,0,0,0,0,0,0,0,0,0,1,0,0,0,0
11552,2009085926,1841.0,1835.0,48,48209,40.7196,-75.3026,0,0,0,0,0,0,5,8,2009,6,8.0,1.0,99,1.0,1,0,3,  ,0,0.0,1,0,0,0,0,0,0,0,0,0,0,0,0,0,0,0,0
11553,2009085937,1700.0,1654.0,67,67301,39.96,-75.2371,0,0,0,0,0,0,4,7,2009,5,16.0,1.0,0,1.0,3,1,3,  ,2,3.0,0,0,1,0,0,0,0,0,0,0,0,0,0,0,0,0,0
11554,2009085981,43.0,36.0,67,67301,39.9594,-75.2453,0,0,0,0,0,0,4,7,2009,2,0.0,3.0,0,1.0,3,1,3,  ,2,3.0,0,0,1,0,0,0,0,0,0,0,0,0,0,0,0,0,1
11555,2009085987,1945.0,1942.0,67,67301,39.9477,-75.1986,0,0,0,0,0,0,4,8,2009,1,19.0,1.0,0,1.0,3,2,3,  ,2,3.0,0,0,1,0,0,0,0,0,0,0,0,0,0,0,0,0,0
11556,2009085988,723.0,721.0,67,67301,39.9531,-75.1819,0,0,1,0,0,0,8,7,2009,4,7.0,1.0,0,1.0,3,1,3,  ,2,3.0,1,0,0,0,1,0,0,0,0,0,0,0,0,0,0,0,0
11557,2009086040,455.0,452.0,67,67301,40.0223,-75.1663,0,0,0,0,0,0,4,8,2009,5,4.0,3.0,0,9.0,3,2,7,  ,3,3.0,0,0,1,0,0,0,0,0,0,0,0,0,0,0,0,0,0
11558,2009086112,1735.0,1734.0,67,67301,40.0423,-75.2261,0,0,0,0,0,0,4,7,2009,6,17.0,1.0,0,1.0,3,2,3,  ,2,3.0,0,0,1,0,0,0,0,0,0,0,0,0,0,0,0,1,0
11559,2009086114,943.0,936.0,67,67301,39.9657,-75.1606,0,0,0,0,0,0,4,7,2009,3,9.0,1.0,0,1.0,3,2,3,  ,8,3.0,0,0,1,0,0,0,0,0,0,0,0,0,0,0,0,1,0
11560,2009086133,1526.0,1009.0,67,67301,40.0001,-75.2116,0,0,0,0,0,0,5,7,2009,3,15.0,1.0,7,1.0,3,0,3,  ,0,0.0,0,0,0,0,0,1,0,0,0,0,0,0,0,0,0,0,0
11561,2009086135,1840.0,1835.0,67,67301,39.9331,-75.1786,0,0,0,0,1,0,4,8,2009,2,16.0,1.0,0,1.0,3,2,3,  ,3,3.0,1,0,1,0,0,0,0,0,0,0,0,0,0,0,0,0,0
11562,2009086141,1725.0,1720.0,67,67301,40.1176,-75.04,0,0,0,0,0,0,4,8,2009,1,17.0,1.0,0,1.0,3,2,3,  ,3,3.0,0,0,1,0,0,0,0,0,0,0,0,0,0,0,0,0,0
11563,2009086150,137.0,133.0,67,67301,40.0254,-75.1752,0,0,0,0,0,1,8,7,2009,3,1.0,3.0,0,1.0,3,1,3,  ,3,3.0,1,0,0,0,0,0,0,0,0,0,0,0,1,0,0,0,0
11564,2009086154,1705.0,1700.0,67,67301,39.9674,-75.162,0,0,0,0,0,1,5,8,2009,3,99.0,1.0,0,1.0,3,0,3,  ,0,0.0,0,0,0,0,0,0,0,0,0,0,0,0,0,0,0,0,0
11565,2009086170,1304.0,1300.0,67,67301,39.9343,-75.1508,0,0,0,0,0,0,4,7,2009,2,12.0,1.0,0,1.0,3,1,3,  ,2,3.0,0,0,1,0,0,0,0,0,0,0,0,0,0,0,0,0,1
11566,2009086171,1407.0,1404.0,67,67301,39.9334,-75.1526,0,0,0,0,0,0,4,7,2009,4,14.0,1.0,0,1.0,3,1,3,  ,3,3.0,0,0,1,0,0,0,0,0,0,0,0,0,0,0,0,0,0
11567,2009086172,9999.0,142.0,67,67301,39.9339,-75.1676,0,0,0,0,0,0,4,7,2009,4,99.0,3.0,0,1.0,3,0,3,  ,0,0.0,0,0,1,0,0,0,0,0,0,0,0,0,0,0,0,0,0
11568,2009086176,1030.0,1030.0,67,67301,40.0101,-75.0892,0,0,0,0,1,0,5,8,2009,3,10.0,1.0,0,1.0,3,0,3,  ,0,0.0,0,0,0,0,0,0,0,0,0,0,0,0,0,0,0,0,0
11569,2009086200,1607.0,1605.0,13,13405,40.8338,-75.8775,0,0,0,0,1,0,4,7,2009,4,16.0,1.0,0,1.0,2,1,3,  ,3,3.0,0,0,1,0,0,0,0,0,0,0,0,0,0,0,0,0,0
11570,2009086223,9999.0,9999.0,67,67301,39.9904,-75.1161,0,0,0,0,0,0,4,7,2009,5,20.0,3.0,0,1.0,3,2,3,  ,2,3.0,0,0,1,0,0,0,0,0,0,0,0,0,0,0,0,0,0
11571,2009086239,1229.0,1224.0,67,67301,39.9531,-75.182,0,0,0,0,1,0,5,7,2009,3,12.0,1.0,0,1.0,3,0,3,  ,0,0.0,0,0,0,0,0,0,0,0,0,0,0,0,0,0,0,0,0
11572,2009086260,1633.0,1633.0,67,67301,40.0323,-75.135,0,0,0,0,0,0,4,7,2009,3,16.0,1.0,0,1.0,3,0,3,  ,0,0.0,0,0,1,0,0,0,0,0,0,0,0,0,0,0,0,0,0
11573,2009086261,1700.0,1653.0,67,67301,40.0308,-75.1443,0,0,0,0,0,0,5,8,2009,2,16.0,1.0,0,1.0,3,2,3,  ,0,0.0,0,0,0,0,0,0,0,0,0,0,0,0,0,0,0,0,0
11574,2009086274,1822.0,1821.0,67,67301,39.9392,-75.1951,0,0,0,0,0,0,8,7,2009,4,15.0,1.0,7,1.0,3,0,3,  ,0,0.0,1,0,0,0,0,0,0,0,0,0,0,0,0,0,0,0,0
11575,2009086481,1608.0,1603.0,67,67301,40.0047,-75.1522,0,0,0,0,0,0,1,7,2009,2,12.0,1.0,0,1.0,3,0,3,  ,0,0.0,1,0,0,0,0,0,0,0,0,0,0,0,0,0,1,0,0
11576,2009086497,9999.0,9999.0,67,67301,40.0464,-75.1545,0,0,0,0,0,0,4,8,2009,1,17.0,3.0,0,1.0,3,0,3,  ,0,0.0,0,0,1,0,0,0,0,0,0,0,0,0,0,0,0,0,0
11577,2009086613,1723.0,1722.0,23,23301,39.8589,-75.3524,0,0,0,0,0,0,4,8,2009,4,17.0,1.0,0,9.0,3,2,7,  ,0,0.0,0,0,1,0,0,0,0,0,0,0,0,0,0,0,0,0,0
11578,2009086625,1010.0,1010.0,6,6420,40.3255,-76.0164,0,0,0,0,0,0,4,8,2009,6,10.0,1.0,7,1.0,3,0,3,  ,0,0.0,0,0,1,0,0,0,0,0,0,0,0,0,0,0,0,0,0
11579,2009086654,1947.0,1945.0,15,15240,39.979,-75.8447,0,0,0,0,0,0,8,7,2009,2,19.0,1.0,0,1.0,3,0,3,  ,0,0.0,1,1,0,0,0,0,1,0,0,1,0,0,0,0,0,0,0
11580,2009086716,858.0,857.0,36,36215,40.0815,-76.2366,0,0,0,0,0,0,4,8,2009,2,8.0,1.0,7,1.0,1,0,3,  ,0,0.0,1,0,1,0,0,0,0,0,0,0,0,0,0,0,0,1,0
11581,2009086718,1633.0,1630.0,36,36214,40.0926,-76.4024,0,0,0,0,0,0,4,8,2009,2,16.0,1.0,0,1.0,3,2,3,  ,3,3.0,1,0,1,0,0,0,0,0,0,0,0,0,0,0,0,0,0
11582,2009086731,1042.0,1035.0,2,2301,40.4881,-80.0414,0,0,0,0,0,0,1,8,2009,6,10.0,1.0,0,1.0,3,0,3,  ,0,0.0,1,0,0,0,0,1,0,0,0,0,1,0,0,1,1,0,0
11583,2009086759,1422.0,1421.0,38,38212,40.3134,-76.3768,0,0,0,0,0,0,1,8,2009,6,14.0,1.0,0,1.0,1,0,3,  ,0,0.0,0,0,0,0,0,0,0,0,0,0,0,0,0,0,0,0,0
11584,2009086794,1118.0,1115.0,9,9204,40.3324,-75.0511,0,0,0,0,0,0,4,8,2009,3,11.0,1.0,0,1.0,1,0,3,  ,0,0.0,1,0,1,0,0,0,0,0,0,0,0,0,0,0,0,0,0
11585,2009086881,2046.0,2040.0,2,2301,40.44,-79.9576,0,0,0,0,0,1,4,8,2009,5,20.0,2.0,0,1.0,3,1,3,  ,3,3.0,0,0,1,0,0,1,0,0,0,0,0,0,0,0,0,0,1
11586,2009086915,1729.0,1728.0,19,19501,41.0021,-76.4588,0,0,0,0,0,0,4,8,2009,5,17.0,1.0,0,1.0,2,1,3,  ,0,0.0,0,0,1,0,0,0,0,0,0,0,0,0,0,0,0,0,0
11587,2009086970,1259.0,1257.0,46,46413,40.1122,-75.4226,0,0,0,0,0,0,4,7,2009,6,12.0,1.0,0,1.0,3,2,3,  ,2,3.0,0,0,1,0,0,0,0,0,0,0,0,0,0,0,0,0,0
11588,2009086973,1259.0,1254.0,23,23110,39.8444,-75.4445,0,0,0,0,0,0,5,6,2009,6,12.0,1.0,0,1.0,3,0,3,  ,0,0.0,0,0,0,0,0,0,0,0,0,0,0,0,0,0,0,0,0
11589,2009087027,1520.0,1509.0,7,7301,40.5332,-78.3912,0,0,0,0,0,0,4,8,2009,5,15.0,1.0,0,1.0,3,1,3,  ,3,3.0,0,0,1,0,0,0,0,0,0,0,0,0,0,0,0,0,0
11590,2009087103,1520.0,1510.0,2,2466,40.5486,-79.7591,0,0,0,0,0,1,2,8,2009,7,15.0,1.0,7,1.0,3,0,3,  ,0,0.0,1,0,0,0,0,0,0,0,0,0,0,0,0,0,0,0,0
11591,2009087172,1452.0,1448.0,9,9218,40.2055,-74.9749,0,0,0,0,0,0,6,8,2009,1,14.0,1.0,0,1.0,3,2,3,  ,3,3.0,0,0,0,0,0,0,0,0,0,0,0,0,0,0,0,0,1
11592,2009087389,1602.0,1548.0,39,39207,40.686,-75.6048,0,0,0,0,0,0,1,8,2009,6,15.0,1.0,0,1.0,1,1,3,  ,3,3.0,1,0,0,0,0,0,0,0,0,0,0,0,0,0,0,0,0
11593,2009087438,1120.0,1115.0,22,22301,40.2625,-76.8792,0,0,0,0,0,0,4,8,2009,6,11.0,1.0,0,1.0,3,1,3,  ,3,3.0,1,0,1,0,0,1,0,0,0,0,0,0,0,0,0,0,0
11594,2009087642,742.0,739.0,6,6232,40.4759,-75.8302,0,0,0,0,0,0,4,8,2009,7,7.0,1.0,0,9.0,1,2,7,  ,0,0.0,0,0,1,0,0,0,0,0,0,0,0,0,0,0,0,0,1
11595,2009087714,2000.0,1945.0,1,1207,39.7422,-77.1171,0,1,0,0,1,0,4,8,2009,3,19.0,4.0,7,1.0,1,0,3,  ,0,0.0,0,0,1,0,0,0,0,0,0,0,0,0,0,0,0,0,0
11596,2009087782,1302.0,1259.0,35,35409,41.5387,-75.5371,0,0,0,0,0,0,1,8,2009,6,12.0,1.0,0,1.0,3,2,3,  ,0,0.0,0,0,0,0,0,0,0,0,0,0,0,0,0,0,0,1,0
11597,2009087800,1625.0,1617.0,6,6426,40.441,-75.9679,0,0,0,0,0,0,9,8,2009,5,16.0,1.0,0,1.0,3,0,3,  ,0,0.0,0,0,0,0,0,0,0,0,0,0,0,0,0,0,0,0,1
11598,2009087804,1210.0,1203.0,9,9210,,,0,0,0,0,0,0,4,8,2009,6,12.0,1.0,7,1.0,3,0,3,  ,0,0.0,0,0,1,0,0,0,0,0,0,0,0,0,0,0,0,0,0
11599,2009087806,1722.0,1712.0,36,36215,40.0306,-76.2343,0,0,0,0,0,1,4,8,2009,2,16.0,1.0,0,1.0,1,1,3,  ,2,3.0,1,0,1,0,0,0,0,0,0,0,0,0,0,0,0,0,0
11600,2009087846,1707.0,1704.0,9,9213,40.1416,-74.8747,0,0,0,0,0,0,4,8,2009,4,17.0,1.0,7,1.0,3,0,3,  ,0,0.0,1,0,1,0,0,0,0,0,0,0,0,0,0,0,0,0,0
11601,2009087891,1313.0,1247.0,25,25214,42.211,-79.8181,0,0,0,0,0,0,4,8,2009,1,11.0,1.0,0,1.0,1,0,3,  ,7,3.0,1,0,1,0,0,0,0,0,0,0,0,0,0,0,0,1,0
11602,2009087900,1707.0,1658.0,18,18401,41.1851,-77.3126,0,0,0,0,1,0,4,8,2009,6,16.0,1.0,7,1.0,1,2,3,  ,3,3.0,1,0,1,0,0,0,0,0,0,0,0,0,0,0,0,1,0
11603,2009087953,1603.0,1600.0,67,67301,39.9345,-75.19,0,0,0,0,0,0,4,7,2009,6,15.0,1.0,0,9.0,3,1,7,  ,3,9.0,1,0,1,0,0,0,0,0,0,0,0,0,0,0,0,0,0
11604,2009087965,1028.0,1026.0,46,46416,40.2442,-75.6281,0,0,0,0,0,0,4,8,2009,5,10.0,1.0,0,1.0,2,1,3,  ,2,3.0,0,0,1,0,0,0,0,0,0,0,0,0,0,0,0,0,0
11605,2009088115,1545.0,1543.0,1,1406,39.7851,-77.3722,0,0,0,0,0,0,4,8,2009,5,15.0,1.0,0,1.0,1,0,3,  ,0,0.0,0,0,1,0,0,0,0,0,0,0,0,0,0,0,0,0,0
11606,2009088427,1434.0,1433.0,9,9415,40.4377,-75.348,0,0,0,0,0,0,8,9,2009,4,14.0,1.0,0,1.0,2,1,3,  ,3,3.0,1,0,0,0,0,0,0,0,0,0,0,0,0,0,0,1,0
11607,2009088480,1045.0,1043.0,36,36101,40.0721,-76.3341,0,0,0,0,0,0,4,9,2009,5,10.0,1.0,7,1.0,3,0,3,  ,2,3.0,0,0,1,0,0,0,0,0,0,0,0,0,0,0,0,0,0
11608,2009088510,1636.0,1636.0,23,23111,39.9414,-75.2547,0,0,0,0,0,0,8,9,2009,5,16.0,1.0,99,1.0,3,0,3,  ,0,0.0,0,0,0,0,0,0,0,0,0,0,0,0,0,0,0,0,0
11609,2009088613,1834.0,1832.0,40,40304,41.2482,-75.884,0,0,0,0,0,1,4,9,2009,5,18.0,1.0,0,1.0,3,1,3,  ,2,3.0,0,0,1,0,0,0,0,0,0,0,0,0,0,0,0,0,0
11610,2009088590,1800.0,1743.0,6,6219,40.4963,-75.7119,1,0,0,0,0,0,1,8,2009,2,17.0,1.0,0,1.0,1,0,3,  ,0,0.0,1,0,0,0,0,0,0,0,0,0,0,0,0,0,0,1,0