,CRN,ARRIVAL_TM,DISPATCH_TM,COUNTY,MUNICIPALITY,DEC_LAT,DEC_LONG,BICYCLE_DEATH_COUNT,BICYCLE_SUSP_SERIOUS_INJ_COUNT,BUS_COUNT,HEAVY_TRUCK_COUNT,SMALL_TRUCK_COUNT,SUV_COUNT,COLLISION_TYPE,CRASH_MONTH,CRASH_YEAR,DAY_OF_WEEK,HOUR_OF_DAY,ILLUMINATION,LOCATION_TYPE,ROAD_CONDITION,URBAN_RURAL,INTERSECT_TYPE,WEATHER1,WEATHER2,TCD_TYPE,TCD_FUNC_CD,AGGRESSIVE_DRIVING,ALCOHOL_RELATED,ANGLE_CRASH,CELL_PHONE,COMM_VEHICLE,DISTRACTED,DRINKING_DRIVER,DRUGGED_DRIVER,FATIGUE_ASLEEP,IMPAIRED_DRIVER,NHTSA_AGG_DRIVING,RUNNING_RED_LT,RUNNING_STOP_SIGN,SPEEDING_RELATED,TAILGATING,MATURE_DRIVER,YOUNG_DRIVER
11611,2009088776,1621.0,1621.0,66,66422,39.977,-76.7301,0,0,0,0,0,1,4,8,2009,5,16.0,1.0,0,1.0,3,1,3,  ,3,3.0,0,0,1,0,0,0,0,0,0,0,0,0,0,0,0,0,1
11612,2009088852,1824.0,1821.0,44,44403,40.6054,-77.5701,0,0,0,0,0,0,4,8,2009,6,18.0,1.0,0,1.0,2,1,3,  ,2,3.0,0,0,1,0,0,0,0,0,0,0,0,0,0,0,0,0,0
11613,2009088913,1655.0,1653.0,39,39302,40.6225,-75.391,0,0,0,0,0,0,4,8,2009,1,16.0,1.0,0,1.0,3,1,3,  ,3,3.0,0,0,1,0,0,0,0,0,0,0,0,0,0,0,0,0,0
11614,2009088928,1800.0,1758.0,48,48301,40.626,-75.3637,0,0,0,0,0,0,4,8,2009,4,17.0,1.0,0,1.0,3,1,3,  ,0,0.0,0,0,1,0,0,0,0,0,0,0,0,0,0,0,0,1,0
11615,2009088938,1803.0,1800.0,48,48301,40.6119,-75.35,0,0,0,0,0,0,5,8,2009,6,18.0,1.0,0,1.0,3,0,3,  ,2,3.0,0,0,0,0,0,0,0,0,0,0,0,0,0,0,0,0,0
11616,2009088966,4.0,1.0,2,2301,40.4599,-79.9711,0,0,0,0,0,0,5,8,2009,6,0.0,3.0,0,1.0,3,0,3,  ,2,3.0,0,0,0,0,0,0,0,0,0,0,0,0,0,0,0,0,0
11617,2009088980,1907.0,1903.0,25,25213,42.1009,-80.1463,0,0,0,0,0,1,4,8,2009,7,19.0,1.0,0,1.0,3,0,3,  ,0,0.0,0,0,1,0,0,0,0,0,0,0,0,0,0,0,0,0,0
11618,2009089031,1752.0,1750.0,36,36101,40.0534,-76.3101,0,0,0,0,0,0,4,8,2009,2,17.0,1.0,0,1.0,3,5,3,  ,4,3.0,1,0,1,0,0,0,0,0,0,0,0,0,0,0,0,0,0
11619,2009089104,1559.0,1556.0,48,48101,40.6742,-75.3316,0,0,0,0,0,0,5,9,2009,3,15.0,1.0,0,1.0,3,0,3,  ,0,0.0,0,0,0,0,0,0,0,0,0,0,0,0,0,0,0,0,0
11620,2009089129,1245.0,1223.0,36,36203,40.1369,-75.994,0,0,0,0,0,0,4,8,2009,7,12.0,1.0,0,1.0,1,2,3,  ,4,3.0,0,0,1,0,0,0,0,0,0,0,0,0,0,0,0,0,0
11621,2009089144,1920.0,1917.0,46,46413,40.1174,-75.3429,0,0,0,0,0,0,4,8,2009,3,19.0,1.0,0,1.0,3,1,3,  ,2,3.0,0,0,1,0,0,0,0,0,0,0,0,0,0,0,0,0,0
11622,2009089201,1605.0,1602.0,9,9229,40.3675,-75.3237,0,0,0,0,0,0,4,9,2009,5,16.0,1.0,0,1.0,1,0,3,  ,8,3.0,1,0,1,0,0,0,0,0,0,0,0,0,0,1,0,0,0
11623,2009089272,432.0,430.0,67,67301,39.9298,-75.1631,0,0,0,0,0,0,4,4,2009,7,4.0,3.0,0,1.0,3,1,3,  ,2,3.0,0,0,1,0,0,0,0,0,0,0,0,0,0,0,0,0,1
11624,2009089299,921.0,921.0,15,15245,40.0062,-75.8371,0,0,0,0,1,0,5,9,2009,7,9.0,1.0,0,1.0,1,0,3,  ,0,0.0,0,0,0,0,0,0,0,0,0,0,0,0,0,0,0,0,0
11625,2009089378,828.0,820.0,9,9205,40.3186,-75.1744,0,0,0,0,0,0,5,9,2009,7,8.0,1.0,0,1.0,3,0,3,  ,0,0.0,0,0,0,0,0,0,0,0,0,0,0,0,0,0,0,1,0
11626,2009089422,1736.0,1735.0,46,46112,40.2462,-75.6859,0,0,0,0,1,0,4,9,2009,3,17.0,1.0,0,1.0,2,1,3,  ,3,3.0,0,0,1,0,0,0,0,0,0,0,0,0,0,0,0,0,0
11627,2009089451,2236.0,2233.0,9,9409,40.2137,-74.789,0,0,0,0,0,0,4,9,2009,4,22.0,3.0,0,1.0,3,2,3,  ,0,0.0,1,0,1,0,0,0,0,0,0,0,0,0,0,0,0,0,0
11628,2009089476,2001.0,1959.0,15,15411,40.1231,-75.513,0,0,0,0,1,0,2,9,2009,3,19.0,4.0,0,1.0,3,2,3,  ,0,0.0,0,0,0,0,0,0,0,0,0,0,0,0,0,0,0,0,0
11629,2009089570,1047.0,1042.0,36,36238,40.1389,-76.2223,0,0,0,0,0,0,4,9,2009,5,10.0,1.0,0,1.0,3,1,3,  ,3,3.0,0,0,1,0,0,0,0,0,0,0,0,0,0,0,0,0,0
11630,2009089583,1726.0,1725.0,2,2449,40.409,-79.8665,0,0,0,0,0,0,4,8,2009,2,17.0,1.0,0,1.0,3,2,3,  ,0,0.0,0,0,1,0,0,0,0,0,0,0,0,0,0,0,0,0,0
11631,2009089618,626.0,618.0,2,2102,40.4115,-80.1162,0,0,0,0,0,0,1,9,2009,5,6.0,5.0,0,1.0,3,0,3,  ,0,0.0,0,0,0,0,0,0,0,0,0,0,0,0,0,0,0,1,0
11632,2009089917,1540.0,1537.0,45,45101,41.0397,-75.3058,0,0,0,0,0,0,4,8,2009,2,15.0,1.0,7,1.0,1,0,3,  ,0,0.0,0,0,1,0,0,0,0,0,0,0,0,0,0,0,0,0,0
11633,2009089952,1824.0,1820.0,48,48301,40.6094,-75.3504,0,0,0,0,0,0,4,9,2009,1,18.0,1.0,0,1.0,3,1,3,  ,0,0.0,0,0,1,0,0,0,0,0,0,0,0,0,0,0,0,0,0
11634,2009089967,1926.0,1926.0,2,2301,40.4283,-79.9719,0,0,0,0,0,1,4,9,2009,3,19.0,1.0,0,1.0,3,0,3,  ,0,0.0,1,0,1,0,0,0,0,0,0,0,0,0,0,0,0,0,0
11635,2009090005,1728.0,1725.0,23,23405,39.9095,-75.2823,0,0,0,0,0,0,4,9,2009,3,17.0,1.0,7,1.0,3,1,3,  ,2,3.0,0,0,1,0,0,0,0,0,0,0,0,0,0,0,0,0,0
11636,2009090129,1521.0,1516.0,38,38214,40.4068,-76.4741,0,0,0,0,1,0,9,8,2009,6,15.0,1.0,0,9.0,1,2,3,  ,3,3.0,0,0,0,0,0,0,0,0,0,0,0,0,0,0,0,0,0
11637,2009090314,2317.0,2300.0,25,25214,42.2108,-79.8485,0,0,0,0,0,0,4,9,2009,6,22.0,2.0,0,1.0,1,2,3,  ,0,0.0,1,0,1,0,0,0,0,0,0,0,0,0,0,0,0,0,1
11638,2009090364,1822.0,1820.0,46,46220,40.096,-75.3699,0,0,0,0,0,0,4,9,2009,4,18.0,1.0,7,1.0,3,0,3,  ,0,0.0,0,0,1,0,0,0,0,0,0,0,0,0,0,0,0,0,0
11639,2009090389,1817.0,1814.0,1,1407,39.8297,-77.2411,0,1,0,0,0,1,4,9,2009,7,18.0,1.0,0,1.0,2,2,3,  ,0,0.0,1,0,1,0,0,0,0,0,0,0,0,0,0,0,0,0,0
11640,2009090511,1954.0,1949.0,6,6301,40.3401,-75.9307,0,0,0,0,0,0,4,8,2009,7,19.0,1.0,0,1.0,3,1,3,  ,3,3.0,0,0,1,0,0,0,0,0,0,0,0,0,0,0,0,0,0
11641,2009090513,1103.0,1102.0,6,6301,40.3401,-75.9287,0,0,0,0,0,1,4,8,2009,6,11.0,1.0,0,1.0,3,1,3,  ,3,3.0,0,0,1,0,0,0,0,0,0,0,0,0,0,0,0,0,0
11642,2009090564,1425.0,1420.0,15,15256,39.9987,-75.4604,0,0,0,0,0,0,4,8,2009,2,14.0,1.0,0,1.0,1,2,3,  ,3,3.0,1,0,1,0,0,0,0,0,0,0,0,0,0,0,0,0,0
11643,2009090609,1628.0,1623.0,35,35414,41.382,-75.7137,0,0,0,0,0,0,4,8,2009,5,16.0,1.0,0,1.0,3,1,3,  ,0,0.0,0,0,1,0,0,0,0,0,0,0,0,0,0,0,0,0,0
11644,2009090624,1943.0,1939.0,48,48301,40.6121,-75.3642,0,0,0,0,0,0,4,8,2009,6,19.0,1.0,0,1.0,3,1,3,  ,3,1.0,0,0,1,0,0,0,0,0,0,0,0,0,0,0,0,0,0
11645,2009090699,1943.0,1940.0,62,62302,40.1696,-80.267,0,0,0,0,0,0,8,7,2009,5,19.0,1.0,0,1.0,3,1,3,  ,0,0.0,1,0,0,0,0,0,0,0,0,0,0,0,0,1,0,0,0
11646,2009090700,1327.0,1321.0,36,36220,40.0389,-76.2798,0,0,0,0,1,0,8,9,2009,4,13.0,1.0,0,1.0,3,2,3,  ,0,0.0,0,0,0,0,0,0,0,0,0,0,0,0,0,0,0,0,0
11647,2009090808,35.0,27.0,6,6301,40.3518,-75.9167,0,0,0,0,0,0,4,8,2009,1,21.0,3.0,0,1.0,3,1,3,  ,0,0.0,0,0,1,0,0,0,0,0,0,0,0,0,0,0,0,0,0
11648,2009090928,1625.0,1623.0,23,23111,39.9509,-75.2679,0,0,0,0,0,1,4,9,2009,2,16.0,1.0,0,1.0,3,1,3,  ,0,0.0,0,0,1,0,0,0,0,0,0,0,0,0,0,0,0,0,0
11649,2009091280,1750.0,1743.0,10,10404,40.8185,-80.0125,0,0,0,0,0,0,1,9,2009,6,17.0,1.0,7,1.0,1,0,3,  ,0,0.0,0,0,0,0,0,0,0,0,0,0,0,0,0,0,0,0,0
11650,2009091407,1000.0,953.0,39,39205,40.6216,-75.6333,0,0,0,0,0,0,5,9,2009,7,9.0,1.0,0,1.0,1,0,3,  ,0,0.0,1,0,0,0,0,0,0,0,0,0,0,0,0,0,0,0,1
11651,2009091451,1024.0,1021.0,64,64306,40.593,-79.7136,0,2,0,0,1,1,2,9,2009,1,10.0,1.0,0,1.0,3,0,3,  ,0,0.0,0,0,0,0,0,0,0,0,0,0,0,0,0,0,0,0,0
11652,2009091770,2059.0,2059.0,46,46101,40.1379,-75.1232,0,1,0,0,0,1,1,9,2009,1,20.0,3.0,0,1.0,3,2,3,  ,3,3.0,0,1,0,0,0,0,1,0,0,1,0,0,0,0,0,0,0
11653,2009091866,1002.0,1000.0,28,28401,39.935,-77.6576,0,0,0,0,0,0,8,8,2009,6,10.0,1.0,0,1.0,1,0,3,  ,0,0.0,0,0,0,0,0,1,0,0,0,0,0,0,0,0,0,0,0
11654,2009091872,756.0,754.0,2,2424,40.3807,-79.8122,0,0,0,0,0,0,4,9,2009,2,7.0,1.0,0,1.0,3,0,3,  ,0,0.0,0,0,1,0,0,0,0,0,0,0,0,0,0,0,0,0,0
11655,2009091882,2021.0,2020.0,40,40103,41.267,-75.8637,1,0,0,0,0,0,4,8,2009,1,20.0,2.0,0,1.0,3,3,3,  ,2,3.0,0,0,1,0,0,0,0,0,0,0,0,0,0,0,0,1,0
11656,2009092205,653.0,647.0,9,9205,40.3019,-75.1507,0,0,0,0,0,0,4,9,2009,3,6.0,1.0,2,1.0,3,1,3,  ,2,3.0,1,0,1,0,0,0,0,0,0,0,0,0,0,0,0,0,0
11657,2009092389,1800.0,1800.0,9,9415,40.4395,-75.3479,0,0,0,0,0,0,5,9,2009,1,18.0,1.0,0,1.0,2,0,3,  ,0,0.0,0,0,0,0,0,0,0,0,0,0,0,0,0,0,0,0,0
11658,2009092416,2036.0,2032.0,15,15414,39.9522,-75.5963,0,0,0,0,0,0,4,8,2009,1,20.0,3.0,0,1.0,3,1,3,  ,2,3.0,0,0,1,0,0,0,0,0,0,0,0,0,0,0,0,0,0
11659,2009092452,2147.0,2139.0,26,26214,39.9318,-79.6516,0,0,0,0,1,0,4,8,2009,5,20.0,2.0,7,1.0,1,0,3,  ,0,0.0,1,0,1,0,0,0,0,0,0,0,0,0,0,0,0,0,0
11660,2009092728,1558.0,1556.0,46,46110,40.1579,-75.1224,0,0,0,0,0,1,4,9,2009,7,15.0,1.0,7,1.0,3,0,3,  ,2,3.0,0,0,1,0,0,0,0,0,0,0,0,0,0,0,0,0,0
11661,2009092789,1744.0,1733.0,2,2301,40.4839,-80.0407,0,0,0,0,0,0,4,9,2009,5,17.0,1.0,0,1.0,3,2,3,  ,0,0.0,0,0,1,0,0,0,0,0,0,0,0,0,0,0,0,0,0
11662,2009092937,312.0,310.0,67,67301,39.9561,-75.2282,0,1,0,0,0,0,5,4,2009,1,3.0,3.0,0,1.0,3,0,3,  ,0,0.0,0,0,0,0,0,0,0,0,0,0,0,0,0,0,0,0,0
11663,2009092957,1630.0,1635.0,67,67301,39.9744,-75.1819,0,0,0,0,0,0,4,8,2009,1,16.0,1.0,0,1.0,3,1,3,  ,2,3.0,0,0,1,0,0,0,0,0,0,0,0,0,0,0,0,0,0
11664,2009092972,2334.0,2332.0,67,67301,40.0261,-75.0968,0,0,0,0,0,0,4,8,2009,7,23.0,3.0,0,1.0,3,5,3,  ,2,3.0,0,0,1,0,0,0,0,0,0,0,0,0,0,0,0,0,0
11665,2009092974,2119.0,2114.0,67,67301,39.9895,-75.1445,0,0,0,0,0,0,4,8,2009,2,21.0,3.0,0,1.0,3,1,3,  ,0,0.0,0,0,1,0,0,0,0,0,0,0,0,0,0,0,0,0,0
11666,2009092984,1920.0,1916.0,67,67301,39.9789,-75.2499,0,0,0,0,0,1,8,8,2009,2,19.0,1.0,7,1.0,3,0,3,  ,0,0.0,0,0,0,0,0,0,0,0,0,0,0,0,0,0,0,0,0
11667,2009092989,2113.0,2112.0,67,67301,39.9684,-75.2415,0,1,0,0,0,0,4,8,2009,1,20.0,3.0,0,1.0,3,1,3,  ,3,3.0,0,0,1,0,0,0,0,0,0,0,0,0,0,0,0,0,0
11668,2009093002,2036.0,2035.0,67,67301,39.951,-75.1601,0,0,0,0,0,0,5,9,2009,4,20.0,3.0,0,1.0,3,0,3,  ,2,3.0,0,0,0,0,0,0,0,0,0,0,0,0,0,0,0,0,0
11669,2009093016,1442.0,1434.0,67,67301,39.967,-75.2469,0,0,0,0,0,0,4,8,2009,1,14.0,1.0,0,1.0,3,0,3,  ,0,0.0,0,0,1,0,0,0,0,0,0,0,0,0,0,0,0,0,0
11670,2009093025,2355.0,2353.0,67,67301,40.0118,-75.1343,0,0,0,0,0,0,4,8,2009,7,21.0,3.0,0,9.0,3,3,7,  ,3,3.0,0,0,1,0,0,0,0,0,0,0,0,0,0,0,0,0,0
11671,2009093052,0.0,0.0,22,22202,40.2413,-76.7092,0,0,0,0,0,0,4,1,2009,6,5.0,6.0,0,1.0,3,2,3,  ,0,0.0,1,0,1,0,0,0,0,0,0,0,0,0,0,0,0,0,0
11672,2009093211,1653.0,1652.0,65,65405,41.5404,-75.9456,0,0,0,0,1,0,4,9,2009,5,16.0,1.0,0,1.0,1,1,3,  ,0,0.0,0,0,1,0,0,0,0,0,0,0,0,0,0,0,0,0,0
11673,2009093342,902.0,900.0,36,36240,39.9945,-76.2836,0,1,0,0,0,1,4,8,2009,2,9.0,1.0,7,1.0,1,2,98,  ,3,3.0,1,0,1,0,0,0,0,0,0,0,0,0,0,0,0,0,0
11674,2009093345,1706.0,1702.0,67,67301,39.9799,-75.1674,0,0,0,0,0,0,4,8,2009,5,16.0,1.0,0,1.0,3,1,3,  ,2,3.0,0,0,1,0,0,0,0,0,0,0,0,0,0,0,0,0,0
11675,2009093384,1919.0,1913.0,6,6301,40.3502,-75.9152,0,0,0,0,0,0,4,9,2009,3,19.0,1.0,0,1.0,3,1,3,  ,0,0.0,0,0,1,0,0,0,0,0,0,0,0,0,0,0,0,0,0
11676,2009093404,1400.0,1341.0,6,6103,40.3061,-75.9777,0,0,0,0,1,0,4,8,2009,7,11.0,1.0,7,1.0,1,0,3,  ,0,0.0,1,0,1,0,0,0,0,0,0,0,0,0,0,0,0,0,0
11677,2009093411,9999.0,9999.0,67,67301,39.9746,-75.2196,0,0,0,0,0,0,8,8,2009,3,15.0,1.0,0,1.0,3,2,3,  ,0,0.0,0,0,0,0,0,0,0,0,0,0,0,0,0,0,0,0,0
11678,2009093424,9999.0,9999.0,67,67301,39.988,-75.1105,0,0,0,0,0,0,4,9,2009,3,12.0,1.0,0,1.0,3,0,3,  ,0,0.0,0,0,1,0,0,0,0,0,0,0,0,0,0,0,0,0,0
11679,2009093440,1312.0,1309.0,24,24301,41.4279,-78.5603,0,0,0,0,1,0,4,8,2009,1,13.0,1.0,0,1.0,2,2,3,  ,3,3.0,0,0,1,0,0,0,0,0,0,0,0,0,0,0,0,0,0
11680,2009093468,1148.0,1138.0,9,9101,40.1559,-74.8386,0,0,0,0,0,0,4,8,2009,1,11.0,1.0,0,1.0,3,0,3,  ,0,0.0,0,0,1,0,0,0,0,0,0,0,0,0,0,0,0,0,1
11681,2009093570,2045.0,2040.0,67,67301,39.938,-75.2159,0,0,0,0,0,0,8,8,2009,7,20.0,3.0,0,1.0,3,2,3,  ,3,3.0,0,0,0,0,0,0,0,0,0,0,0,0,0,0,0,0,0
11682,2009093580,735.0,730.0,67,67301,40.0144,-75.0872,0,0,1,0,0,0,4,8,2009,4,7.0,1.0,0,1.0,3,1,3,  ,3,3.0,0,0,1,0,1,0,0,0,0,0,0,0,0,0,0,0,0
11683,2009093586,1135.0,1128.0,67,67301,40.0316,-75.1428,0,0,0,0,0,1,6,9,2009,5,10.0,1.0,0,1.0,3,0,3,  ,0,0.0,0,0,0,0,0,0,0,0,0,0,0,0,0,0,0,0,0
11684,2009093608,1151.0,1146.0,35,35302,41.4008,-75.6805,0,0,0,1,0,0,4,8,2009,3,11.0,1.0,0,1.0,3,2,3,  ,3,3.0,0,0,1,0,1,0,0,0,0,0,0,0,0,0,0,0,0
11685,2009093614,1618.0,1615.0,41,41301,41.2393,-77.029,0,0,0,0,0,0,4,8,2009,2,16.0,1.0,0,1.0,3,0,3,  ,0,0.0,0,0,1,0,0,0,0,0,0,0,0,0,0,0,0,0,0
11686,2009093626,1640.0,1631.0,67,67301,39.9694,-75.2269,0,0,0,0,1,0,8,8,2009,1,16.0,1.0,0,9.0,3,1,3,  ,3,9.0,0,0,0,0,0,0,0,0,0,0,0,0,0,0,0,0,0
11687,2009093643,1830.0,1830.0,67,67301,39.9927,-75.1326,0,0,0,0,1,0,8,8,2009,7,18.0,3.0,0,9.0,3,1,7,  ,3,3.0,0,0,0,0,0,0,0,0,0,0,0,0,0,0,0,0,0
11688,2009093652,1240.0,1240.0,67,67301,39.9555,-75.1984,0,0,0,0,0,1,5,7,2009,1,14.0,1.0,0,1.0,3,0,3,  ,0,0.0,1,0,0,0,0,0,0,0,0,0,0,0,0,0,0,0,0
11689,2009093678,2150.0,2149.0,2,2304,40.3517,-79.8632,0,0,0,0,0,0,4,8,2009,3,21.0,3.0,0,1.0,3,1,3,  ,2,3.0,0,1,1,0,0,0,0,0,0,0,0,0,0,0,0,0,0
11690,2009093730,1816.0,1814.0,46,46103,40.2535,-75.2954,0,0,0,0,0,0,4,9,2009,6,18.0,1.0,0,1.0,3,0,3,  ,0,0.0,0,0,1,0,0,0,0,0,0,0,0,0,0,0,0,0,0
11691,2009093863,1014.0,1013.0,40,40104,41.2355,-75.8641,0,0,0,0,0,0,2,9,2009,1,10.0,1.0,0,1.0,3,1,3,  ,2,3.0,0,0,0,0,0,0,0,0,0,0,0,0,0,0,0,1,0
11692,2009093908,1535.0,1527.0,9,9224,40.3032,-74.8805,0,0,0,0,0,0,4,9,2009,7,15.0,1.0,0,1.0,1,2,3,  ,0,0.0,1,0,1,0,0,0,0,0,0,0,0,0,0,0,0,0,0
11693,2009094074,1535.0,1526.0,21,21401,40.2377,-76.9087,0,0,0,0,0,0,4,9,2009,5,15.0,1.0,0,1.0,3,0,3,  ,0,0.0,0,0,1,0,0,0,0,0,0,0,0,0,0,0,0,0,0
11694,2009094096,1610.0,1557.0,67,67301,39.9534,-75.1716,0,0,0,0,0,0,4,8,2009,4,99.0,1.0,0,9.0,3,1,3,  ,2,3.0,0,0,1,0,0,0,0,0,0,0,0,0,0,0,0,0,0
11695,2009094121,1307.0,1307.0,2,2301,40.4248,-79.9796,0,0,0,0,0,0,2,9,2009,2,13.0,1.0,0,1.0,3,2,3,  ,3,3.0,0,0,0,0,0,0,0,0,0,0,0,0,0,0,0,0,0
11696,2009094129,710.0,705.0,36,36235,40.1433,-76.2871,0,0,0,0,0,0,4,9,2009,2,7.0,1.0,0,1.0,1,2,3,  ,3,3.0,0,0,1,0,0,0,0,0,0,0,0,0,0,0,0,0,0
11697,2009094141,1222.0,1156.0,62,62422,40.4244,-80.3557,0,0,0,0,0,0,5,9,2009,5,11.0,1.0,0,1.0,3,0,3,  ,0,0.0,1,0,0,0,0,0,0,0,0,0,0,0,0,0,0,0,0
11698,2009094147,1930.0,1930.0,40,40414,41.2691,-75.8891,0,0,0,0,0,0,4,9,2009,6,19.0,4.0,0,1.0,3,2,3,  ,0,0.0,0,0,1,0,0,1,0,0,0,0,0,0,0,0,0,0,0
11699,2009094177,1858.0,1858.0,23,23103,39.9719,-75.3136,0,0,0,0,0,0,4,9,2009,3,18.0,4.0,0,1.0,3,1,3,  ,2,3.0,1,0,1,0,0,0,0,0,0,0,1,0,0,0,0,0,0
11700,2009094259,1403.0,1403.0,67,67301,40.0458,-75.1432,0,0,0,0,0,0,4,9,2009,3,13.0,1.0,0,1.0,3,1,3,  ,3,3.0,1,0,1,0,0,0,0,0,0,0,0,0,0,0,0,1,0
11701,2009094316,1258.0,1249.0,9,9223,40.4904,-75.0948,0,0,0,0,0,0,7,9,2009,1,12.0,1.0,0,1.0,1,0,3,  ,0,0.0,1,0,0,0,0,0,0,0,0,0,0,0,0,1,0,0,0
11702,2009094427,926.0,926.0,32,32223,40.6122,-79.1502,0,0,0,0,1,0,4,9,2009,6,9.0,1.0,7,1.0,1,0,3,  ,0,0.0,1,0,1,0,0,0,0,0,0,0,0,0,0,0,0,1,0
11703,2009094441,1353.0,1350.0,36,36223,40.0224,-76.3616,0,1,0,0,0,0,4,9,2009,2,13.0,1.0,0,1.0,1,1,3,  ,2,3.0,1,0,1,0,0,0,0,0,0,0,0,0,0,0,0,1,0
11704,2009094518,746.0,745.0,38,38406,40.3028,-76.5977,0,0,0,0,0,0,4,9,2009,6,7.0,1.0,0,9.0,3,1,7,  ,3,3.0,0,0,1,0,0,0,0,0,0,0,0,0,0,0,0,0,0
11705,2009094537,1530.0,1530.0,22,22208,40.2923,-76.8184,0,1,0,0,0,0,4,9,2009,1,15.0,1.0,0,1.0,3,2,3,  ,3,3.0,0,0,1,0,0,0,0,0,0,0,0,0,0,0,0,0,0
11706,2009094591,1323.0,1318.0,36,36223,40.0046,-76.3674,0,0,0,0,0,0,4,9,2009,3,13.0,1.0,0,1.0,1,2,3,  ,3,3.0,1,0,1,0,0,0,0,0,0,0,0,0,0,0,0,0,0
11707,2009094607,1339.0,1339.0,41,41403,41.2038,-77.2616,0,0,0,0,1,0,8,9,2009,2,13.0,1.0,0,1.0,1,1,3,  ,3,3.0,0,0,0,0,0,0,0,0,0,0,0,0,0,0,0,0,0
11708,2009094632,555.0,550.0,23,23111,39.9491,-75.2986,0,0,0,0,0,0,5,9,2009,4,5.0,3.0,0,1.0,3,1,3,  ,3,3.0,1,0,0,0,0,0,0,0,0,0,1,0,0,0,0,0,0
11709,2009094788,1555.0,1553.0,15,15403,40.0067,-75.7033,0,0,0,0,0,0,8,9,2009,1,15.0,1.0,0,1.0,3,5,3,  ,2,3.0,0,0,0,0,0,0,0,0,0,0,0,0,0,0,0,0,0
11710,2009094840,1805.0,1800.0,15,15402,39.8276,-75.7848,0,0,0,0,0,1,2,8,2009,1,18.0,1.0,0,1.0,1,1,3,  ,0,0.0,0,1,0,0,0,0,0,0,0,0,0,0,0,0,0,0,0
11711,2009094880,2300.0,2254.0,2,2301,40.4404,-79.9603,0,0,0,0,0,0,4,9,2009,4,22.0,3.0,0,1.0,3,1,3,  ,2,3.0,0,0,1,0,0,0,0,0,0,0,0,0,0,0,0,0,0
11712,2009095042,1223.0,1221.0,6,6410,40.5151,-75.7723,0,0,0,0,0,0,4,9,2009,5,12.0,1.0,0,1.0,1,1,3,  ,3,3.0,1,0,1,0,0,0,0,0,0,0,0,0,0,0,0,1,0
11713,2009095075,1651.0,1648.0,14,14410,40.7975,-77.8449,0,0,0,0,0,1,4,9,2009,5,16.0,1.0,0,1.0,3,0,3,  ,0,0.0,0,0,1,0,0,0,0,0,0,0,0,0,0,0,0,0,0
11714,2009095222,1624.0,1624.0,46,46408,40.1784,-75.1025,0,0,0,0,0,0,4,9,2009,3,16.0,1.0,0,1.0,3,0,3,  ,0,0.0,0,0,1,0,0,0,0,0,0,0,0,0,0,0,0,0,0
11715,2009095356,2059.0,2055.0,25,25302,42.1242,-80.0451,0,0,0,0,0,0,5,8,2009,1,20.0,3.0,0,1.0,3,0,3,  ,0,0.0,0,0,0,0,0,0,0,0,0,0,0,0,0,0,0,0,0
11716,2009095368,2030.0,2029.0,14,14410,40.7895,-77.8529,0,0,0,0,0,0,4,9,2009,3,20.0,3.0,0,1.0,3,1,3,  ,3,3.0,0,0,1,0,0,0,0,0,0,0,0,0,0,0,0,0,0
11717,2009095370,1754.0,1753.0,14,14204,40.8053,-77.8425,0,0,0,0,0,0,4,8,2009,2,17.0,1.0,3,1.0,3,0,3,  ,2,3.0,0,0,1,0,0,0,0,0,0,0,0,0,0,0,0,0,0
11718,2009095395,936.0,931.0,23,23106,40.0617,-75.3669,0,0,0,0,0,0,4,9,2009,4,9.0,1.0,0,1.0,3,1,3,  ,0,0.0,1,0,1,0,0,1,0,0,0,0,0,0,0,0,0,0,0
11719,2009095406,230.0,225.0,67,67301,39.9493,-75.1642,0,0,0,0,0,0,4,8,2009,7,2.0,3.0,0,1.0,3,1,3,  ,2,3.0,0,0,1,0,0,0,0,0,0,0,0,0,0,0,0,0,0
11720,2009095414,1627.0,1626.0,25,25302,42.1163,-80.0811,0,0,0,0,0,0,4,8,2009,1,16.0,1.0,0,1.0,3,2,3,  ,3,3.0,0,0,1,0,0,0,0,0,0,0,0,0,0,0,0,0,0
11721,2009095433,1820.0,1809.0,55,55205,40.2091,-78.9873,0,0,0,0,0,0,4,8,2009,6,18.0,1.0,0,1.0,1,1,3,  ,0,0.0,0,0,1,0,0,0,0,0,0,0,0,0,0,0,0,0,0
11722,2009095476,1856.0,1856.0,46,46416,40.2449,-75.6443,0,0,0,0,0,0,4,9,2009,2,18.0,1.0,0,1.0,2,0,3,  ,0,0.0,1,0,1,0,0,0,0,0,0,0,0,0,0,0,0,0,0
11723,2009095507,1620.0,1618.0,46,46104,39.9935,-75.2654,0,0,0,0,1,0,5,9,2009,1,16.0,1.0,0,1.0,3,0,3,  ,0,0.0,0,0,0,0,0,0,0,0,0,0,0,0,0,0,0,1,0
11724,2009095524,1113.0,1101.0,66,66218,39.7731,-76.8534,0,0,0,0,0,0,5,9,2009,1,11.0,1.0,0,1.0,1,0,3,  ,0,0.0,1,0,0,0,0,0,0,0,0,0,0,0,0,0,0,0,0