,CRN,ARRIVAL_TM,DISPATCH_TM,COUNTY,MUNICIPALITY,DEC_LAT,DEC_LONG,BICYCLE_DEATH_COUNT,BICYCLE_SUSP_SERIOUS_INJ_COUNT,BUS_COUNT,HEAVY_TRUCK_COUNT,SMALL_TRUCK_COUNT,SUV_COUNT,COLLISION_TYPE,CRASH_MONTH,CRASH_YEAR,DAY_OF_WEEK,HOUR_OF_DAY,ILLUMINATION,LOCATION_TYPE,ROAD_CONDITION,URBAN_RURAL,INTERSECT_TYPE,WEATHER1,WEATHER2,TCD_TYPE,TCD_FUNC_CD,AGGRESSIVE_DRIVING,ALCOHOL_RELATED,ANGLE_CRASH,CELL_PHONE,COMM_VEHICLE,DISTRACTED,DRINKING_DRIVER,DRUGGED_DRIVER,FATIGUE_ASLEEP,IMPAIRED_DRIVER,NHTSA_AGG_DRIVING,RUNNING_RED_LT,RUNNING_STOP_SIGN,SPEEDING_RELATED,TAILGATING,MATURE_DRIVER,YOUNG_DRIVER
11725,2009095602,356.0,352.0,2,2301,40.4351,-79.9564,0,0,0,0,0,0,4,9,2009,7,3.0,3.0,0,1.0,3,1,3,  ,2,3.0,0,1,1,0,0,0,0,0,0,0,0,0,0,0,0,0,0
11726,2009095672,1031.0,1031.0,48,48216,40.8479,-75.2023,0,0,0,1,0,0,1,9,2009,6,10.0,1.0,7,1.0,1,0,3,  ,0,0.0,0,0,0,0,1,1,0,0,0,0,0,0,0,0,0,0,0
11727,2009095775,1920.0,1914.0,9,9202,40.0681,-74.9701,0,0,0,0,0,0,4,9,2009,6,19.0,3.0,0,1.0,3,2,3,  ,0,0.0,1,0,1,0,0,0,0,0,0,0,0,0,0,0,0,0,0
11728,2009095977,1906.0,1904.0,39,39101,40.5946,-75.4149,0,0,0,0,0,0,4,9,2009,1,19.0,4.0,7,1.0,1,2,3,  ,0,0.0,0,0,1,0,0,0,0,0,0,0,0,0,0,0,0,0,0
11729,2009096083,1240.0,1230.0,48,48214,40.8955,-75.1398,0,0,0,0,0,0,4,9,2009,7,12.0,1.0,0,1.0,1,1,3,  ,0,0.0,1,0,1,0,0,0,0,0,0,0,0,0,0,0,0,0,0
11730,2009096185,1618.0,1617.0,9,9418,40.3598,-75.311,0,0,0,0,0,1,4,9,2009,2,16.0,1.0,0,9.0,2,1,7,  ,2,3.0,0,0,1,0,0,0,0,0,0,0,0,0,0,0,0,0,0
11731,2009096214,1536.0,1528.0,22,22208,40.3028,-76.8112,0,0,0,0,0,0,4,9,2009,3,15.0,1.0,0,1.0,3,0,3,  ,0,0.0,0,0,1,0,0,0,0,0,0,0,0,0,0,0,0,0,0
11732,2009096408,1131.0,1125.0,46,46215,40.2005,-75.4199,0,0,0,0,1,0,4,9,2009,1,11.0,1.0,0,1.0,1,1,3,  ,3,3.0,0,0,1,0,0,1,0,0,0,0,0,0,0,0,0,1,0
11733,2009096453,1415.0,1413.0,67,67301,39.9608,-75.2247,0,0,0,0,0,0,4,8,2009,3,14.0,1.0,0,1.0,3,2,3,  ,3,9.0,0,0,1,0,0,0,0,0,0,0,0,0,0,0,0,1,0
11734,2009096477,1505.0,1500.0,62,62405,40.0623,-79.8924,0,1,0,0,0,0,4,9,2009,6,15.0,1.0,0,1.0,3,1,3,  ,0,0.0,0,0,1,0,0,0,0,0,0,0,0,0,0,0,0,0,0
11735,2009096535,1756.0,1754.0,7,7403,40.4352,-78.3957,0,0,0,0,0,0,4,9,2009,7,17.0,1.0,0,1.0,3,1,3,  ,3,3.0,1,0,1,0,0,0,0,0,0,0,0,0,0,0,0,1,0
11736,2009096597,1324.0,1320.0,66,66431,39.9144,-76.5871,0,0,0,0,0,0,4,9,2009,1,13.0,1.0,0,1.0,1,2,3,  ,0,0.0,0,0,1,0,0,0,0,0,0,0,0,0,0,0,0,0,0
11737,2009096756,1956.0,1949.0,21,21211,40.0602,-77.4805,1,0,0,0,1,0,4,9,2009,5,19.0,2.0,0,1.0,1,1,3,  ,3,3.0,1,0,1,0,0,0,0,0,0,0,1,0,0,1,0,0,0
11738,2009096824,2216.0,2216.0,7,7301,40.5356,-78.3931,0,0,0,0,0,0,4,9,2009,4,99.0,3.0,0,1.0,3,1,3,  ,9,9.0,0,0,1,0,0,0,0,0,0,0,0,0,0,0,0,0,0
11739,2009096849,1713.0,1711.0,39,39301,40.625,-75.4279,0,0,0,0,1,0,4,5,2009,1,17.0,4.0,0,1.0,3,1,3,  ,0,0.0,0,0,1,0,0,0,0,0,0,0,0,0,0,0,0,0,0
11740,2009096909,1805.0,1803.0,39,39301,40.615,-75.4762,0,0,0,0,0,1,4,8,2009,5,18.0,1.0,0,1.0,3,2,3,  ,0,0.0,0,0,1,0,0,0,0,0,0,0,0,0,0,0,0,0,0
11741,2009096943,1706.0,1701.0,39,39301,40.6123,-75.478,0,0,0,0,0,0,4,8,2009,7,17.0,1.0,0,1.0,3,1,3,  ,0,0.0,0,0,1,0,0,0,0,0,0,0,0,0,0,0,0,0,0
11742,2009097021,1422.0,1420.0,9,9208,40.1629,-74.8154,0,0,0,0,0,0,4,8,2009,7,14.0,1.0,7,1.0,3,0,3,  ,0,0.0,0,0,1,0,0,0,0,0,0,0,0,0,0,0,0,0,1
11743,2009097062,1449.0,1447.0,67,67301,39.9769,-75.265,0,0,0,0,0,0,5,8,2009,7,14.0,1.0,0,1.0,3,0,3,  ,0,0.0,0,0,0,0,0,0,0,0,0,0,0,0,0,0,0,0,0
11744,2009097068,1715.0,1715.0,67,67301,39.9595,-75.2332,0,0,0,0,0,0,4,8,2009,5,12.0,1.0,0,1.0,3,1,3,  ,2,3.0,0,0,1,0,0,0,0,0,0,0,0,0,0,0,0,0,0
11745,2009097089,1715.0,1715.0,25,25213,42.0938,-80.1615,0,0,0,0,0,0,4,8,2009,2,17.0,1.0,7,1.0,3,0,3,  ,0,0.0,1,0,1,0,0,0,0,0,0,0,0,0,0,0,0,0,0
11746,2009097095,1925.0,1919.0,67,67301,40.0015,-75.1158,0,0,0,0,0,0,5,9,2009,7,18.0,1.0,0,1.0,3,0,3,  ,3,3.0,0,0,0,0,0,0,0,0,0,0,0,0,0,0,0,0,0
11747,2009097112,1235.0,1230.0,67,67301,39.9324,-75.1544,0,0,0,0,0,0,4,9,2009,6,1.0,3.0,0,1.0,3,1,3,  ,3,3.0,0,0,1,0,0,0,0,0,0,0,0,0,0,0,0,0,0
11748,2009097115,9999.0,9999.0,67,67301,39.9504,-75.1601,0,0,0,0,0,0,0,8,2009,5,99.0,1.0,0,1.0,3,1,3,  ,2,3.0,1,0,0,0,0,0,0,0,0,0,0,0,0,1,0,0,0
11749,2009097157,1554.0,1552.0,67,67301,39.9451,-75.1685,0,0,0,0,0,0,4,8,2009,2,15.0,1.0,0,1.0,3,1,3,  ,2,3.0,0,0,1,0,0,0,0,0,0,0,0,0,0,0,0,0,0
11750,2009097178,900.0,855.0,67,67301,40.0349,-75.1844,0,0,0,0,0,0,4,8,2009,1,8.0,1.0,0,1.0,3,1,3,  ,2,3.0,0,0,1,0,0,0,0,0,0,0,0,0,0,0,0,1,0
11751,2009097180,2215.0,2207.0,67,67301,39.9725,-75.2062,0,0,0,0,0,0,4,9,2009,2,22.0,3.0,0,1.0,3,1,3,  ,3,3.0,0,0,1,0,0,0,0,0,0,0,0,0,0,0,0,0,0
11752,2009097182,1846.0,1839.0,67,67301,40.0237,-75.04,0,0,0,0,0,0,4,9,2009,3,18.0,1.0,0,1.0,3,1,3,  ,3,3.0,0,0,1,0,0,0,0,0,0,0,0,0,0,0,0,0,1
11753,2009097185,1840.0,1835.0,67,67301,39.9314,-75.1952,0,0,0,0,0,0,2,9,2009,7,18.0,1.0,7,1.0,3,0,3,  ,3,3.0,0,0,0,0,0,0,0,0,0,0,0,0,0,0,0,0,0
11754,2009097189,1745.0,1743.0,67,67301,40.0333,-75.1302,0,0,0,0,1,0,4,9,2009,2,17.0,1.0,0,1.0,3,2,3,  ,3,3.0,0,0,1,0,0,0,0,0,0,0,0,0,0,0,0,0,0
11755,2009097346,1914.0,1908.0,48,48101,40.6787,-75.3291,0,0,0,0,0,1,4,9,2009,3,19.0,3.0,0,1.0,3,2,3,  ,0,0.0,0,0,1,0,0,0,0,0,0,0,0,0,0,0,0,0,0
11756,2009097397,1941.0,1931.0,66,66202,39.8529,-76.4382,0,1,0,0,1,0,5,9,2009,2,19.0,2.0,0,1.0,1,0,3,  ,0,0.0,0,0,0,0,0,0,0,0,0,0,0,0,0,0,0,0,0
11757,2009097418,1358.0,1356.0,39,39301,40.5966,-75.4923,0,0,0,0,0,0,4,8,2009,2,13.0,1.0,0,1.0,3,1,3,  ,2,3.0,0,0,1,0,0,0,0,0,0,0,0,0,0,0,0,0,0
11758,2009097435,1701.0,1701.0,67,67301,39.9888,-75.1202,0,0,0,0,0,0,4,9,2009,1,16.0,1.0,0,1.0,3,1,3,  ,2,3.0,0,0,1,0,0,0,0,0,0,0,0,0,0,0,0,0,0
11759,2009097443,2134.0,2130.0,53,53301,40.691,-76.1985,0,0,0,0,0,0,4,9,2009,7,21.0,3.0,0,1.0,2,2,3,  ,3,3.0,0,0,1,0,0,0,0,0,0,0,0,0,0,0,0,0,0
11760,2009097630,1556.0,1552.0,36,36211,40.0748,-76.5851,0,0,0,0,1,0,4,9,2009,6,15.0,1.0,0,1.0,1,2,3,  ,0,0.0,0,0,1,0,0,0,0,0,0,0,0,0,0,0,0,0,0
11761,2009097641,1217.0,1215.0,20,20301,41.65,-80.1449,0,1,0,0,0,0,4,9,2009,5,12.0,1.0,0,1.0,2,0,3,  ,8,3.0,0,0,1,0,0,0,0,0,0,0,0,0,0,0,0,1,0
11762,2009097711,1521.0,1518.0,22,22208,40.3082,-76.8041,0,0,0,0,0,0,5,9,2009,1,15.0,1.0,0,1.0,3,0,3,  ,0,0.0,0,0,0,0,0,1,0,0,0,0,0,0,0,0,0,1,0
11763,2009097739,2326.0,2326.0,66,66102,39.9353,-76.6501,0,0,0,0,0,1,5,9,2009,3,19.0,1.0,0,1.0,1,1,3,  ,4,3.0,1,0,0,0,0,0,0,0,0,0,0,0,0,0,0,0,0
11764,2009097893,1635.0,1629.0,21,21209,40.11,-77.4178,0,0,0,0,1,0,5,9,2009,6,16.0,1.0,0,1.0,1,0,3,  ,0,0.0,1,0,0,0,0,0,0,0,0,0,0,0,0,0,0,0,0
11765,2009097935,1554.0,1552.0,23,23207,39.9208,-75.4431,0,0,0,0,0,0,4,9,2009,7,15.0,1.0,7,1.0,3,0,3,  ,0,0.0,0,0,1,0,0,0,0,0,0,0,0,0,0,0,0,0,0
11766,2009097943,1825.0,1821.0,9,9214,40.4574,-75.4298,0,0,0,0,0,0,4,9,2009,3,18.0,4.0,0,1.0,1,2,3,  ,0,0.0,1,0,1,0,0,0,0,0,0,0,0,0,0,0,0,0,0
11767,2009098013,1535.0,1530.0,6,6301,40.3476,-75.9314,0,0,0,0,0,0,4,8,2009,3,15.0,1.0,0,1.0,3,1,3,  ,0,0.0,0,1,1,0,0,0,0,0,0,0,0,0,0,0,0,0,0
11768,2009098014,2220.0,2200.0,6,6301,40.3445,-75.9276,0,0,0,0,0,0,4,9,2009,4,17.0,1.0,0,1.0,3,1,3,  ,2,3.0,1,0,1,0,0,0,0,0,0,0,0,1,0,0,0,0,0
11769,2009098060,2052.0,2048.0,14,14410,40.7851,-77.839,0,0,0,0,0,1,4,9,2009,3,20.0,3.0,0,1.0,3,0,3,  ,0,0.0,1,0,1,0,0,0,0,0,0,0,0,0,0,0,0,0,0
11770,2009098172,1700.0,1658.0,2,2304,40.3453,-79.8541,0,0,0,0,0,0,6,9,2009,1,16.0,1.0,0,1.0,3,1,3,  ,0,0.0,0,0,0,0,0,0,0,0,0,0,0,0,0,0,0,0,0
11771,2009098263,1839.0,1834.0,7,7301,40.5249,-78.4065,0,0,0,0,0,0,4,9,2009,4,18.0,4.0,0,1.0,3,2,3,  ,3,3.0,0,0,1,0,0,0,0,0,0,0,0,0,0,0,0,0,0
11772,2009098439,1705.0,1703.0,62,62302,40.1718,-80.2575,0,0,0,0,0,0,8,8,2009,2,17.0,1.0,0,1.0,3,1,3,  ,3,3.0,0,0,0,0,0,0,0,0,0,0,0,0,0,0,0,0,0
11773,2009098546,1228.0,1218.0,23,23205,39.9375,-75.4636,0,0,0,0,0,0,4,9,2009,3,12.0,1.0,0,1.0,3,2,3,  ,0,0.0,1,0,1,0,0,0,0,0,0,0,0,0,0,0,0,1,0
11774,2009098581,1534.0,1530.0,4,4425,40.7363,-80.3275,0,0,0,0,0,0,4,9,2009,3,15.0,1.0,0,1.0,3,1,3,  ,3,3.0,0,0,1,0,0,0,0,0,0,0,0,0,0,0,0,0,0
11775,2009098822,1801.0,1758.0,2,2302,40.289,-79.8795,0,0,0,0,0,1,4,10,2009,1,17.0,1.0,0,1.0,3,1,3,  ,3,3.0,0,0,1,0,0,0,0,0,0,0,0,0,0,0,0,0,0
11776,2009099069,1042.0,1037.0,19,19402,41.0595,-76.2272,0,0,0,0,0,0,4,10,2009,2,10.0,1.0,0,1.0,2,0,3,  ,0,0.0,0,0,1,0,0,0,0,0,0,0,0,0,0,0,0,0,0
11777,2009099506,2016.0,2011.0,2,2301,40.4473,-79.9437,0,0,0,0,0,0,4,10,2009,3,20.0,3.0,7,1.0,3,0,3,  ,0,0.0,1,0,1,0,0,0,0,0,0,0,1,0,0,0,0,0,0
11778,2009099572,1821.0,1802.0,61,61218,41.7051,-79.0213,0,0,0,0,0,0,4,9,2009,5,18.0,1.0,0,1.0,1,1,3,  ,3,3.0,0,0,1,0,0,0,0,0,0,0,0,0,0,0,0,0,0
11779,2009099755,1730.0,1730.0,9,9226,40.1986,-75.0858,0,0,0,0,0,0,4,10,2009,4,17.0,1.0,0,1.0,3,2,3,  ,3,3.0,1,0,1,0,0,0,0,0,0,0,0,0,0,0,0,0,0
11780,2009099990,1126.0,1122.0,67,67301,39.9339,-75.1654,0,0,0,0,0,0,5,9,2009,1,11.0,1.0,0,9.0,3,1,3,  ,0,0.0,0,0,0,0,0,0,0,0,0,0,0,0,0,0,0,0,0
11781,2009099991,834.0,834.0,67,67301,39.9832,-75.1568,0,0,0,0,0,0,4,9,2009,1,8.0,3.0,0,1.0,3,1,3,  ,2,3.0,1,0,1,0,0,0,0,0,0,0,0,0,0,0,0,0,0
11782,2009100062,9999.0,1614.0,67,67301,39.9405,-75.164,0,0,0,0,0,0,4,9,2009,4,9.0,1.0,0,1.0,3,1,3,  ,3,3.0,0,0,1,0,0,0,0,0,0,0,0,0,0,0,0,1,0
11783,2009100118,1634.0,1630.0,35,35302,41.3996,-75.677,0,0,0,0,0,1,4,8,2009,3,16.0,1.0,7,1.0,3,0,3,  ,3,3.0,0,0,1,0,0,0,0,0,0,0,0,0,0,0,0,0,0
11784,2009100144,1652.0,1650.0,35,35302,41.409,-75.6858,0,0,0,0,0,1,4,8,2009,3,16.0,1.0,0,1.0,3,1,3,  ,3,3.0,0,0,1,0,0,0,0,0,0,0,0,0,0,0,0,0,0
11785,2009100182,2105.0,2058.0,67,67301,39.9919,-75.1384,0,0,1,0,0,0,3,9,2009,1,20.0,3.0,0,1.0,3,0,3,  ,0,0.0,0,0,0,0,1,0,0,0,0,0,0,0,0,0,0,0,0
11786,2009100200,1702.0,1659.0,49,49405,,,0,0,0,0,0,1,4,9,2009,6,99.0,1.0,0,1.0,2,0,3,  ,0,0.0,0,0,1,0,0,0,0,0,0,0,0,0,0,0,0,0,0
11787,2009100264,1642.0,1641.0,23,23108,39.9278,-75.3335,0,0,0,0,0,0,4,10,2009,5,16.0,1.0,0,1.0,3,0,3,  ,0,0.0,1,0,1,0,0,0,0,0,0,0,0,0,0,0,0,0,0
11788,2009100281,1250.0,1250.0,23,23208,39.981,-75.3823,0,0,0,0,0,0,4,10,2009,5,12.0,1.0,0,1.0,3,2,3,  ,3,3.0,1,0,1,0,0,0,0,0,0,0,0,0,0,0,0,0,0
11789,2009100369,1720.0,1710.0,67,67301,40.0384,-75.0362,0,0,0,0,0,0,6,9,2009,2,16.0,1.0,0,1.0,3,1,3,  ,2,9.0,0,0,0,0,0,0,0,0,0,0,0,0,0,0,0,0,0
11790,2009100422,1846.0,1846.0,23,23208,39.9853,-75.3933,0,0,0,0,0,0,4,10,2009,5,18.0,3.0,0,1.0,3,2,3,  ,3,3.0,0,0,1,0,0,1,0,0,0,0,0,0,0,0,0,1,0
11791,2009100524,2135.0,2130.0,67,67301,40.026,-75.1821,0,0,0,0,0,0,5,9,2009,3,21.0,3.0,0,1.0,3,0,3,  ,0,0.0,0,0,0,0,0,0,0,0,0,0,0,0,0,0,0,0,1
11792,2009100541,1724.0,1704.0,67,67301,39.9873,-75.1718,0,0,0,0,0,0,4,9,2009,1,17.0,1.0,7,1.0,3,2,3,  ,0,0.0,0,0,1,0,0,0,0,0,0,0,0,0,0,0,0,0,0
11793,2009100545,712.0,712.0,67,67301,39.9552,-75.1983,0,0,0,0,0,1,5,9,2009,5,7.0,1.0,0,1.0,3,1,3,  ,2,3.0,0,0,0,0,0,0,0,0,0,0,0,0,0,0,0,0,0
11794,2009100546,817.0,815.0,67,67301,39.9558,-75.1915,0,0,0,0,0,0,4,9,2009,2,8.0,1.0,0,1.0,3,1,3,  ,2,3.0,1,0,1,0,0,0,0,0,0,0,0,0,0,0,0,0,0
11795,2009100570,1650.0,1646.0,67,67301,39.9913,-75.1585,0,0,0,0,0,0,4,9,2009,4,16.0,1.0,0,9.0,3,1,3,  ,2,2.0,0,0,1,0,0,0,0,0,0,0,0,0,0,0,0,0,0
11796,2009100581,1700.0,1658.0,46,46113,40.2203,-75.272,0,0,0,0,0,0,4,9,2009,6,16.0,1.0,0,9.0,3,2,7,  ,0,0.0,0,0,1,0,0,0,0,0,0,0,0,0,0,0,0,0,0
11797,2009100602,1220.0,1218.0,14,14410,40.7889,-77.8663,0,0,0,0,0,0,4,9,2009,7,12.0,1.0,0,1.0,3,1,3,  ,0,0.0,0,0,1,0,0,0,0,0,0,0,0,0,0,0,0,0,0
11798,2009100613,1401.0,1400.0,67,67301,40.0028,-75.1257,0,0,0,0,0,0,4,9,2009,1,13.0,1.0,0,1.0,3,1,3,  ,3,3.0,1,0,1,0,0,0,0,0,0,0,0,0,1,0,0,0,0
11799,2009100623,23.0,22.0,67,67301,39.9864,-75.1696,0,0,0,0,0,0,4,9,2009,3,0.0,3.0,0,1.0,3,1,3,  ,2,3.0,0,0,1,0,0,0,0,0,0,0,0,0,0,0,0,0,0
11800,2009100693,1540.0,1539.0,67,67301,39.9703,-75.1607,0,0,0,0,0,0,5,9,2009,5,15.0,1.0,0,1.0,3,0,3,  ,0,0.0,0,0,0,0,0,0,0,0,0,0,0,0,0,0,0,0,0
11801,2009100701,750.0,746.0,67,67301,39.9487,-75.1589,0,0,0,0,0,0,4,9,2009,3,7.0,1.0,0,1.0,3,1,3,  ,2,3.0,0,0,1,0,0,0,0,0,0,0,0,0,0,0,0,0,0
11802,2009100723,1347.0,1345.0,67,67301,40.0478,-75.0599,0,0,0,0,0,0,4,9,2009,1,13.0,1.0,7,1.0,3,0,3,  ,3,3.0,0,0,1,0,0,0,0,0,0,0,0,0,0,0,0,0,0
11803,2009100724,1847.0,1843.0,67,67301,40.0475,-75.0595,0,0,0,0,0,0,4,9,2009,1,18.0,1.0,7,1.0,3,0,3,  ,2,3.0,0,0,1,0,0,0,0,0,0,0,0,0,0,0,0,0,0
11804,2009100736,408.0,406.0,67,67301,39.9538,-75.2282,0,0,0,0,0,0,5,9,2009,7,4.0,3.0,0,1.0,3,1,3,  ,2,3.0,0,0,0,0,0,0,0,0,0,0,0,0,0,0,0,0,0
11805,2009100738,1023.0,1021.0,67,67301,40.017,-75.1883,0,0,0,0,0,0,4,9,2009,7,10.0,1.0,0,1.0,3,1,3,  ,0,0.0,0,0,1,0,0,0,0,0,0,0,0,0,0,0,0,0,0
11806,2009100741,1650.0,1645.0,67,67301,40.0613,-75.1685,0,0,0,0,0,0,2,9,2009,4,16.0,1.0,0,9.0,3,0,7,  ,0,0.0,0,0,0,0,0,0,0,0,0,0,0,0,0,0,0,0,0
11807,2009100766,9999.0,9999.0,67,67301,39.966,-75.1672,0,0,0,0,1,0,4,9,2009,2,99.0,1.0,0,1.0,3,1,3,  ,3,3.0,1,0,1,0,0,0,0,0,0,0,0,0,0,0,0,1,0
11808,2009100771,1249.0,1247.0,67,67301,39.9598,-75.1944,0,0,0,0,0,0,4,9,2009,3,99.0,1.0,0,1.0,3,0,3,  ,0,0.0,0,0,1,0,0,0,0,0,0,0,0,0,0,0,0,0,0
11809,2009100776,1912.0,1730.0,67,67301,40.0054,-75.1094,0,0,0,0,0,0,1,9,2009,1,99.0,1.0,0,1.0,3,1,3,  ,2,3.0,1,0,0,0,0,0,0,0,0,0,0,0,0,0,1,0,0
11810,2009100777,1555.0,1553.0,67,67301,39.9863,-75.1435,0,0,0,0,0,0,4,9,2009,7,14.0,1.0,0,1.0,3,1,3,  ,3,3.0,1,0,1,0,0,0,0,0,0,0,0,0,0,0,0,0,0
11811,2009100781,2345.0,2340.0,67,67301,39.9754,-75.1239,0,0,0,0,0,1,6,9,2009,3,22.0,3.0,0,1.0,3,0,3,  ,0,0.0,0,0,0,0,0,0,0,0,0,0,0,0,0,0,0,0,0
11812,2009100795,920.0,920.0,67,67301,40.0109,-75.1645,0,0,0,0,0,0,5,9,2009,4,9.0,1.0,0,1.0,3,3,3,  ,2,3.0,0,0,0,0,0,0,0,0,0,0,0,0,0,0,0,0,0
11813,2009100796,1820.0,1820.0,67,67301,39.9297,-75.2285,0,0,0,0,0,0,5,9,2009,5,18.0,1.0,0,1.0,3,0,3,  ,0,0.0,0,0,0,0,0,0,0,0,0,0,0,0,0,0,0,0,0
11814,2009100799,9999.0,1826.0,67,67301,39.9898,-75.1255,0,0,0,0,0,0,4,9,2009,2,18.0,1.0,0,1.0,3,1,3,  ,2,3.0,0,0,1,0,0,0,0,0,0,0,0,0,0,0,0,0,0
11815,2009100800,1702.0,1700.0,67,67301,39.9816,-75.104,0,0,0,0,0,1,4,9,2009,6,15.0,1.0,0,1.0,3,2,3,  ,2,3.0,0,0,1,0,0,0,0,0,0,0,0,0,0,0,0,0,0
11816,2009100806,825.0,816.0,67,67301,40.035,-75.1456,0,0,0,0,0,0,4,9,2009,2,7.0,1.0,0,1.0,3,0,3,  ,0,0.0,0,0,1,0,0,0,0,0,0,0,0,0,0,0,0,0,0
11817,2009100818,1920.0,1914.0,67,67301,39.9346,-75.1809,0,0,0,0,0,0,4,9,2009,7,19.0,3.0,0,1.0,3,1,3,  ,2,3.0,0,0,1,0,0,0,0,0,0,0,0,0,0,0,0,0,0
11818,2009100826,1338.0,1330.0,36,36301,40.0296,-76.3233,0,0,0,0,0,0,8,9,2009,2,13.0,1.0,7,1.0,3,0,3,  ,0,0.0,0,0,0,0,0,0,0,0,0,0,0,0,0,0,0,0,0
11819,2009101036,1825.0,1821.0,67,67301,40.0574,-75.1768,0,0,0,0,0,0,4,9,2009,3,99.0,1.0,0,1.0,3,1,3,  ,3,3.0,0,0,1,0,0,0,0,0,0,0,0,0,0,0,0,0,1
11820,2009101094,1826.0,1826.0,39,39408,40.7494,-75.6127,0,0,0,0,0,0,4,8,2009,2,18.0,1.0,0,1.0,1,1,3,  ,3,3.0,0,0,1,0,0,0,0,0,0,0,0,0,0,0,0,0,0
11821,2009101171,754.0,753.0,36,36218,40.1639,-76.201,0,1,0,0,1,0,6,10,2009,2,7.0,1.0,0,1.0,1,2,3,  ,3,3.0,1,0,0,0,0,0,0,1,0,1,0,0,0,0,0,1,0
11822,2009101293,1840.0,1838.0,40,40428,40.9578,-76.0005,0,0,0,0,0,1,8,8,2009,2,18.0,1.0,0,1.0,2,1,3,  ,0,0.0,0,0,0,0,0,0,0,0,0,0,0,0,0,0,0,0,0
11823,2009101617,1711.0,1654.0,22,22408,40.5681,-76.7036,0,0,0,0,0,0,4,10,2009,1,16.0,1.0,0,1.0,1,1,3,  ,0,0.0,0,0,1,0,0,0,0,0,0,0,0,0,0,0,0,1,0
11824,2009101648,1808.0,1805.0,22,22301,40.2972,-76.8948,0,0,0,0,0,0,4,9,2009,2,18.0,1.0,0,1.0,3,0,3,  ,0,0.0,0,0,1,0,0,0,0,0,0,0,0,0,0,0,0,0,0
11825,2009101735,556.0,555.0,66,66413,39.8033,-76.9834,0,0,0,0,0,1,4,9,2009,5,5.0,3.0,0,9.0,2,1,3,  ,3,3.0,0,0,1,0,0,0,0,0,0,0,0,0,0,0,0,0,0
11826,2009101789,1719.0,1712.0,66,66220,40.0971,-76.7219,0,0,0,0,0,0,2,10,2009,2,17.0,1.0,7,1.0,1,0,3,  ,0,0.0,0,0,0,0,0,0,0,0,0,0,0,0,0,0,0,0,0
11827,2009102003,1402.0,1357.0,45,45101,41.0078,-75.2853,0,0,0,0,0,1,6,9,2009,4,13.0,1.0,0,1.0,1,2,99,  ,8,3.0,0,0,0,0,0,0,0,0,0,0,0,0,0,0,0,0,0
11828,2009102083,1627.0,1627.0,38,38213,,,0,0,0,0,0,0,4,10,2009,3,16.0,1.0,0,1.0,1,0,3,  ,0,0.0,0,0,1,0,0,0,0,0,0,0,0,0,0,0,0,0,0
11829,2009102357,1326.0,1324.0,46,46411,40.2489,-75.282,0,0,0,0,0,1,4,10,2009,4,13.0,1.0,0,1.0,3,1,3,  ,2,3.0,0,0,1,0,0,0,0,0,0,0,0,0,0,0,0,0,0
11830,2009102744,2057.0,2055.0,36,36301,40.0461,-76.3052,0,0,0,0,0,0,4,9,2009,6,20.0,3.0,0,1.0,3,1,3,  ,2,3.0,1,0,1,0,0,0,0,0,0,0,0,0,0,0,0,0,0
11831,2009102763,1948.0,1943.0,36,36301,40.0457,-76.3092,0,0,0,0,0,0,4,9,2009,1,19.0,4.0,0,1.0,3,5,3,  ,2,3.0,0,0,1,0,0,0,0,0,0,0,0,0,0,0,0,0,0
11832,2009102826,813.0,807.0,46,46416,40.2395,-75.6152,0,0,0,0,0,1,4,10,2009,5,8.0,1.0,0,9.0,2,2,7,  ,3,3.0,0,0,1,0,0,1,0,0,0,0,0,0,0,0,0,0,0
11833,2009103444,1752.0,1744.0,48,48204,40.7191,-75.3934,0,0,0,0,0,1,4,9,2009,3,17.0,1.0,0,1.0,1,2,3,  ,3,3.0,0,0,1,0,0,0,0,0,0,0,0,0,0,0,0,0,0
11834,2009103634,1403.0,1355.0,2,2301,40.4369,-79.9593,0,0,0,0,0,0,6,10,2009,6,13.0,1.0,7,1.0,3,0,3,  ,0,0.0,0,0,0,0,0,0,0,0,0,0,0,0,0,0,0,0,1
11835,2009104345,1723.0,1719.0,46,46104,40.022,-75.231,0,0,0,0,0,1,2,10,2009,3,17.0,1.0,0,1.0,3,2,3,  ,2,9.0,0,0,0,0,0,0,0,0,0,0,0,0,0,0,0,0,0
11836,2009104569,1840.0,1835.0,36,36234,40.0928,-76.1486,0,0,0,0,0,0,9,10,2009,3,18.0,4.0,7,1.0,1,0,3,  ,0,0.0,1,0,0,0,0,0,0,0,0,0,0,0,0,0,0,0,0
11837,2009104995,1557.0,1553.0,9,9201,40.4171,-75.1552,0,0,0,0,1,0,2,10,2009,2,15.0,1.0,0,1.0,1,3,3,  ,0,0.0,1,0,0,0,0,0,0,0,0,0,0,0,0,0,0,0,0
11838,2009105020,1649.0,1644.0,66,66103,39.7897,-76.9897,0,0,0,0,0,0,1,10,2009,3,16.0,1.0,0,1.0,2,0,3,  ,0,0.0,0,0,0,0,0,0,0,0,0,0,0,0,0,0,0,0,0