,CRN,ARRIVAL_TM,DISPATCH_TM,COUNTY,MUNICIPALITY,DEC_LAT,DEC_LONG,BICYCLE_DEATH_COUNT,BICYCLE_SUSP_SERIOUS_INJ_COUNT,BUS_COUNT,HEAVY_TRUCK_COUNT,SMALL_TRUCK_COUNT,SUV_COUNT,COLLISION_TYPE,CRASH_MONTH,CRASH_YEAR,DAY_OF_WEEK,HOUR_OF_DAY,ILLUMINATION,LOCATION_TYPE,ROAD_CONDITION,URBAN_RURAL,INTERSECT_TYPE,WEATHER1,WEATHER2,TCD_TYPE,TCD_FUNC_CD,AGGRESSIVE_DRIVING,ALCOHOL_RELATED,ANGLE_CRASH,CELL_PHONE,COMM_VEHICLE,DISTRACTED,DRINKING_DRIVER,DRUGGED_DRIVER,FATIGUE_ASLEEP,IMPAIRED_DRIVER,NHTSA_AGG_DRIVING,RUNNING_RED_LT,RUNNING_STOP_SIGN,SPEEDING_RELATED,TAILGATING,MATURE_DRIVER,YOUNG_DRIVER
11839,2009105292,1540.0,1527.0,25,25302,42.136,-80.0837,0,0,0,0,0,0,4,10,2009,5,15.0,1.0,0,1.0,3,0,3,  ,0,0.0,1,0,1,0,0,0,0,0,0,0,0,0,0,0,0,0,0
11840,2009105524,1718.0,1716.0,67,67301,39.9343,-75.1591,0,0,0,0,0,0,4,9,2009,4,17.0,1.0,0,1.0,3,0,3,  ,0,0.0,0,0,1,0,0,0,0,0,0,0,0,0,0,0,0,0,0
11841,2009105559,1719.0,1717.0,67,67301,39.9556,-75.2099,0,0,0,0,0,0,4,9,2009,3,17.0,1.0,7,1.0,3,0,3,  ,0,0.0,0,0,1,0,0,0,0,0,0,0,0,0,0,0,0,0,0
11842,2009105570,1840.0,1835.0,67,67301,40.0222,-75.2183,0,0,0,0,0,0,5,9,2009,4,18.0,1.0,0,1.0,3,2,3,  ,0,0.0,0,0,0,0,0,0,0,0,0,0,0,0,0,0,0,0,0
11843,2009105579,44.0,41.0,39,39301,40.6218,-75.4569,0,0,0,0,0,0,4,9,2009,6,20.0,2.0,0,9.0,3,0,7,  ,0,0.0,0,1,1,0,0,0,0,0,0,0,0,0,0,0,0,0,0
11844,2009105641,1759.0,1758.0,67,67301,39.9968,-75.1165,0,0,0,0,0,0,4,9,2009,5,17.0,1.0,0,1.0,3,2,3,  ,3,9.0,0,0,1,0,0,0,0,0,0,0,0,0,0,0,0,0,0
11845,2009105647,1550.0,1548.0,67,67301,39.9729,-75.1703,0,0,0,0,0,0,2,9,2009,5,15.0,1.0,0,9.0,3,1,7,  ,2,3.0,0,0,0,0,0,0,0,0,0,0,0,0,0,0,0,0,1
11846,2009105674,1405.0,1400.0,67,67301,39.932,-75.1513,0,0,0,0,1,0,5,9,2009,2,13.0,1.0,0,1.0,3,1,3,  ,3,3.0,0,0,0,0,0,0,0,0,0,0,0,0,0,0,0,0,0
11847,2009105681,1927.0,1927.0,67,67301,39.9956,-75.1091,0,0,0,0,0,0,5,10,2009,7,20.0,3.0,0,1.0,3,0,3,  ,2,9.0,0,0,0,0,0,0,0,0,0,0,0,0,0,0,0,0,0
11848,2009105697,2225.0,2224.0,48,48212,40.6704,-75.2552,0,0,0,0,0,0,1,9,2009,4,22.0,3.0,0,1.0,3,0,7,  ,0,0.0,0,0,0,0,0,0,0,0,0,0,0,0,0,0,0,0,0
11849,2009105772,1910.0,1908.0,67,67301,40.0083,-75.1945,0,0,0,0,0,0,5,10,2009,5,19.0,3.0,3,1.0,3,10,3,  ,0,0.0,0,0,0,0,0,0,0,0,0,0,0,0,0,0,0,1,0
11850,2009105774,925.0,924.0,67,67301,39.9377,-75.1654,0,0,0,0,0,0,5,9,2009,5,9.0,1.0,0,1.0,3,0,3,  ,0,0.0,0,0,0,0,0,0,0,0,0,0,0,0,0,0,0,0,0
11851,2009105825,2118.0,2113.0,20,20233,41.6558,-80.1188,0,0,0,0,0,0,5,9,2009,6,21.0,2.0,0,1.0,1,0,3,  ,0,0.0,0,0,0,0,0,0,0,0,0,0,0,0,0,0,0,0,0
11852,2009105840,1318.0,1315.0,67,67301,39.9577,-75.1624,0,0,0,0,0,0,4,10,2009,7,13.0,1.0,0,1.0,3,1,3,  ,2,3.0,0,0,1,0,0,0,0,0,0,0,0,0,0,0,0,0,0
11853,2009105861,1535.0,1532.0,67,67301,39.9409,-75.151,0,0,0,0,0,1,2,9,2009,4,15.0,1.0,0,1.0,3,1,3,  ,3,3.0,1,0,0,1,0,1,0,0,0,0,0,0,1,0,0,0,0
11854,2009105865,1716.0,1714.0,67,67301,39.9229,-75.1679,0,0,0,0,0,0,8,9,2009,7,17.0,1.0,0,1.0,3,2,3,  ,2,3.0,0,0,0,0,0,0,0,0,0,0,0,0,0,0,0,1,0
11855,2009105867,1103.0,1059.0,67,67301,39.9977,-75.1232,0,0,0,0,0,0,4,9,2009,7,99.0,1.0,0,1.0,3,1,3,  ,2,1.0,0,0,1,0,0,0,0,0,0,0,0,0,0,0,0,0,0
11856,2009105897,2103.0,2100.0,67,67301,39.9579,-75.1758,0,0,0,0,0,0,4,9,2009,2,20.0,3.0,0,1.0,3,1,3,  ,2,3.0,0,0,1,0,0,0,0,0,0,0,0,0,0,0,0,0,0
11857,2009105929,2038.0,2036.0,67,67301,39.9456,-75.165,0,0,0,0,0,0,8,10,2009,1,20.0,3.0,0,1.0,3,2,3,  ,2,3.0,0,0,0,0,0,0,0,0,0,0,0,0,0,0,0,0,0
11858,2009105947,1600.0,1600.0,67,67301,39.9636,-75.2012,0,0,0,0,0,0,4,9,2009,3,21.0,3.0,0,1.0,3,1,3,  ,3,3.0,0,0,1,0,0,0,0,0,0,0,0,0,0,0,0,0,0
11859,2009105979,1446.0,1445.0,67,67301,39.9389,-75.1579,0,0,0,0,0,0,1,9,2009,2,14.0,1.0,0,1.0,3,0,3,  ,0,0.0,0,0,0,0,0,0,0,0,0,0,0,0,0,0,0,0,0
11860,2009105983,1640.0,1635.0,36,36301,40.0389,-76.3118,0,0,0,0,0,0,4,9,2009,7,16.0,1.0,0,1.0,3,2,3,  ,3,3.0,0,0,1,0,0,0,0,0,0,0,0,0,0,0,0,0,0
11861,2009106017,616.0,609.0,9,9414,40.3771,-75.2872,0,0,0,0,0,0,5,10,2009,6,6.0,3.0,0,1.0,2,0,3,  ,0,0.0,0,0,0,0,0,0,0,0,0,0,0,0,0,0,0,0,0
11862,2009106033,2010.0,2005.0,67,67301,40.0039,-75.1707,0,0,0,0,0,0,4,9,2009,6,99.0,3.0,0,1.0,3,1,3,  ,2,3.0,0,0,1,0,0,0,0,0,0,0,0,0,0,0,0,1,0
11863,2009106182,2200.0,2155.0,67,67301,40.0228,-75.0375,0,0,0,0,0,0,2,9,2009,6,21.0,3.0,0,1.0,3,0,3,  ,0,0.0,0,1,0,0,0,0,0,0,0,0,0,0,0,0,0,0,0
11864,2009106189,1634.0,1630.0,67,67301,40.0139,-75.126,0,0,0,0,0,0,4,9,2009,2,16.0,1.0,0,1.0,3,1,3,  ,2,3.0,0,1,1,0,0,0,0,0,0,0,0,0,0,0,0,0,0
11865,2009106197,808.0,749.0,67,67301,39.9536,-75.1768,0,0,0,0,0,0,4,9,2009,1,99.0,4.0,0,1.0,3,1,3,  ,0,0.0,0,0,1,0,0,0,0,0,0,0,0,0,0,0,0,0,0
11866,2009106218,1432.0,1430.0,67,67301,39.9898,-75.1255,0,0,0,0,0,1,4,10,2009,3,14.0,1.0,0,1.0,3,1,3,  ,2,3.0,0,0,1,0,0,0,0,0,0,0,0,0,0,0,0,0,0
11867,2009106220,1002.0,1000.0,67,67301,39.9309,-75.1716,0,0,0,0,0,1,6,10,2009,2,9.0,1.0,0,1.0,3,2,3,  ,3,3.0,0,0,0,0,0,0,0,0,0,0,0,0,0,0,0,1,0
11868,2009106224,1843.0,1840.0,2,2301,40.4329,-79.9365,0,0,0,0,0,1,4,10,2009,6,18.0,3.0,0,9.0,3,1,7,  ,2,3.0,1,0,1,0,0,0,0,0,0,0,1,0,0,0,0,0,0
11869,2009106436,1601.0,1601.0,39,39301,40.6048,-75.4622,0,0,0,0,0,0,4,9,2009,3,16.0,1.0,0,1.0,3,2,3,  ,3,3.0,0,0,1,0,0,0,0,0,0,0,0,0,0,0,0,0,0
11870,2009106466,1514.0,1513.0,39,39301,40.6041,-75.4649,0,0,0,0,0,0,4,9,2009,5,15.0,1.0,7,1.0,3,0,3,  ,0,0.0,0,0,1,0,0,0,0,0,0,0,0,0,0,0,0,1,0
11871,2009106467,1811.0,1807.0,39,39301,40.6036,-75.5063,0,0,0,0,0,0,4,9,2009,3,18.0,1.0,0,1.0,3,1,3,  ,3,3.0,0,0,1,0,0,0,0,0,0,0,0,0,0,0,0,0,0
11872,2009106513,1615.0,1611.0,67,67301,39.9154,-75.1608,0,0,0,0,0,0,4,9,2009,6,15.0,1.0,0,1.0,3,2,3,  ,3,3.0,0,0,1,0,0,0,0,0,0,0,0,0,0,0,0,0,0
11873,2009106532,1543.0,1542.0,35,35302,41.4142,-75.6757,0,0,0,0,0,0,4,9,2009,3,15.0,1.0,0,1.0,3,1,3,  ,3,3.0,0,0,1,0,0,0,0,0,0,0,0,0,0,0,0,1,0
11874,2009106548,1909.0,1908.0,38,38301,40.3397,-76.4055,0,0,0,0,0,0,4,9,2009,4,19.0,4.0,0,9.0,2,1,3,  ,3,3.0,0,0,1,0,0,0,0,0,0,0,0,0,0,0,0,0,0
11875,2009106568,1328.0,1326.0,31,31407,40.4948,-78.0178,0,0,0,0,0,0,2,9,2009,4,13.0,1.0,0,1.0,2,1,3,  ,0,0.0,0,0,0,0,0,0,0,0,0,0,0,0,0,0,0,1,0
11876,2009106749,1312.0,1310.0,23,23401,39.9197,-75.2962,0,0,0,0,0,0,4,10,2009,7,13.0,1.0,0,9.0,3,1,7,  ,0,0.0,1,0,1,0,0,0,0,0,0,0,0,0,0,0,0,0,0
11877,2009106840,1614.0,1555.0,53,53408,40.792,-76.2862,0,0,0,0,0,1,2,10,2009,1,15.0,1.0,0,1.0,1,1,3,  ,3,3.0,0,0,0,0,0,0,0,0,0,0,0,0,0,0,0,0,0
11878,2009106959,1833.0,1830.0,39,39301,40.5991,-75.4713,0,0,0,0,0,0,4,9,2009,1,18.0,1.0,0,1.0,3,2,3,  ,0,0.0,1,0,1,0,0,0,0,0,0,0,0,0,0,0,0,0,0
11879,2009107005,1713.0,1713.0,46,46201,40.3321,-75.6232,0,0,0,0,0,0,4,10,2009,6,17.0,4.0,0,9.0,1,2,7,  ,3,3.0,1,0,1,0,0,0,0,0,0,0,0,0,0,0,0,0,1
11880,2009107019,1439.0,1437.0,9,9218,40.2052,-75.0032,0,1,0,0,0,0,4,10,2009,1,14.0,1.0,0,1.0,3,0,3,  ,0,0.0,1,0,1,0,0,0,0,0,0,0,0,0,0,1,0,1,0
11881,2009107325,1442.0,1437.0,46,46206,40.2772,-75.48,0,0,0,0,1,0,4,10,2009,1,14.0,1.0,0,1.0,1,13,3,  ,8,3.0,1,0,1,0,0,0,0,0,0,0,0,0,0,0,0,0,0
11882,2009107398,1610.0,1610.0,67,67301,39.9406,-75.1711,0,0,0,0,0,0,2,10,2009,2,14.0,1.0,0,1.0,3,2,3,  ,2,3.0,0,0,0,0,0,0,0,0,0,0,0,0,0,0,0,0,0
11883,2009107448,801.0,754.0,38,38212,40.3161,-76.3932,0,0,0,0,1,0,4,10,2009,3,7.0,1.0,0,9.0,1,2,7,  ,3,3.0,1,0,1,0,0,0,0,0,0,0,0,0,0,0,0,0,0
11884,2009107821,555.0,552.0,66,66413,39.8097,-76.9746,0,0,0,0,1,0,4,9,2009,2,5.0,3.0,0,1.0,2,1,3,  ,3,3.0,1,0,1,0,0,0,0,0,0,0,0,0,0,0,0,0,0
11885,2009107947,1629.0,1526.0,66,66301,39.9591,-76.7439,0,0,0,0,0,0,4,10,2009,1,15.0,1.0,0,1.0,3,1,3,  ,2,3.0,1,0,1,0,0,0,0,0,0,0,0,0,0,1,0,0,0
11886,2009108275,913.0,859.0,20,20204,41.8278,-80.0757,0,0,0,0,0,0,5,10,2009,3,8.0,1.0,0,1.0,1,0,3,  ,0,0.0,0,0,0,0,0,0,0,0,0,0,0,0,0,0,0,0,0
11887,2009108441,638.0,636.0,39,39301,40.5887,-75.4782,0,0,0,0,0,1,4,10,2009,6,6.0,2.0,0,1.0,3,1,3,  ,3,3.0,0,0,1,0,0,0,0,0,0,0,0,0,0,0,0,0,0
11888,2009108503,1523.0,1522.0,6,6301,40.3498,-75.9435,0,0,0,0,0,0,5,9,2009,6,15.0,1.0,0,1.0,3,2,3,  ,3,3.0,0,0,0,0,0,0,0,0,0,0,0,0,0,0,0,0,0
11889,2009108527,1552.0,1547.0,9,9208,40.1729,-74.8681,0,1,0,0,0,1,4,10,2009,3,15.0,1.0,0,1.0,3,0,3,  ,0,0.0,0,0,1,0,0,0,0,0,0,0,0,0,0,0,0,0,0
11890,2009108555,1915.0,1913.0,66,66430,39.9535,-76.7611,0,0,0,0,0,0,4,10,2009,2,19.0,3.0,0,1.0,3,1,3,  ,3,2.0,1,0,1,0,0,1,0,0,0,0,1,0,0,0,0,1,0
11891,2009108647,1548.0,1544.0,41,41301,41.2397,-77.0201,0,0,0,0,1,0,8,10,2009,3,15.0,1.0,0,1.0,3,2,3,  ,0,0.0,0,0,0,0,0,0,0,0,0,0,0,0,0,0,0,0,0
11892,2009108776,1947.0,1942.0,2,2113,40.4865,-79.8373,0,1,0,0,0,0,4,10,2009,2,19.0,3.0,0,1.0,3,1,3,  ,2,3.0,0,0,1,0,0,0,0,0,0,0,0,0,0,0,0,0,0
11893,2009108870,1230.0,1221.0,23,23301,39.8504,-75.3662,0,0,0,0,0,1,4,9,2009,2,12.0,1.0,0,1.0,3,2,3,  ,2,3.0,0,0,1,0,0,0,0,0,0,0,0,0,0,0,0,0,0
11894,2009108875,1504.0,1503.0,36,36301,,,0,0,0,0,0,0,4,8,2009,1,15.0,1.0,7,1.0,3,0,3,  ,0,0.0,0,0,1,0,0,0,0,0,0,0,0,0,0,0,0,0,0
11895,2009109229,1611.0,1609.0,36,36402,40.1586,-76.2076,0,0,0,0,0,0,9,10,2009,6,16.0,1.0,0,1.0,2,0,3,  ,0,0.0,0,0,0,0,0,0,0,0,0,0,0,0,0,0,0,0,0
11896,2009109534,1451.0,1450.0,9,9101,40.1191,-74.8647,0,0,0,0,0,1,4,11,2009,1,14.0,1.0,0,9.0,3,2,3,  ,3,3.0,1,0,1,0,0,0,0,0,0,0,0,0,0,0,0,0,0
11897,2009110133,1621.0,1555.0,62,62229,40.0213,-80.0894,0,1,0,0,0,0,4,10,2009,1,15.0,1.0,0,1.0,1,0,3,  ,0,0.0,1,0,1,0,0,0,0,0,0,0,1,0,0,1,0,0,1
11898,2009110192,1739.0,1726.0,15,15220,39.8445,-75.6949,0,0,0,0,0,0,4,10,2009,2,17.0,1.0,0,1.0,1,0,3,  ,0,0.0,0,0,1,0,0,0,0,0,0,0,0,0,0,0,0,0,0
11899,2009110272,737.0,735.0,46,46225,40.1575,-75.2746,0,0,0,0,0,0,4,11,2009,3,7.0,1.0,0,1.0,3,2,3,  ,0,0.0,1,0,1,0,0,0,0,0,0,0,0,0,0,0,0,0,0
11900,2009110561,544.0,527.0,7,7301,40.4723,-78.4144,0,0,0,0,1,0,5,11,2009,2,5.0,3.0,0,1.0,3,0,3,  ,0,0.0,0,0,0,0,0,0,0,0,0,0,0,0,0,0,0,0,0
11901,2009110820,1417.0,1415.0,9,9212,40.1529,-75.0063,0,0,0,0,0,0,4,11,2009,3,14.0,1.0,7,1.0,3,0,3,  ,0,0.0,0,1,1,0,0,0,0,0,0,0,0,0,0,0,0,0,0
11902,2009111118,1154.0,1152.0,67,67301,39.9629,-75.2325,0,0,0,0,0,0,4,9,2009,2,11.0,1.0,0,1.0,3,2,3,  ,3,3.0,0,0,1,0,0,0,0,0,0,0,0,0,0,0,0,1,0
11903,2009111120,2141.0,2140.0,67,67301,39.9793,-75.1744,0,0,0,0,0,0,6,8,2009,4,21.0,3.0,0,1.0,3,0,3,  ,0,0.0,0,0,0,0,0,0,0,0,0,0,0,0,0,0,0,0,0
11904,2009111148,1755.0,1748.0,67,67301,39.9656,-75.2319,0,0,0,0,0,0,4,10,2009,4,17.0,1.0,0,1.0,3,1,3,  ,2,3.0,0,0,1,0,0,0,0,0,0,0,0,0,0,0,0,0,0
11905,2009111150,1757.0,1752.0,67,67301,39.9745,-75.2602,0,0,0,0,0,0,4,10,2009,2,17.0,1.0,0,1.0,3,2,3,  ,0,0.0,1,0,1,0,0,0,0,0,0,0,0,0,0,0,0,0,0
11906,2009111170,947.0,946.0,67,67301,39.9231,-75.1597,0,0,0,0,0,0,4,10,2009,3,9.0,1.0,0,1.0,3,1,3,  ,2,2.0,0,0,1,0,0,0,0,0,0,0,0,0,0,0,0,0,0
11907,2009111226,1410.0,1405.0,67,67301,39.9633,-75.1611,0,0,0,0,1,0,4,9,2009,3,14.0,1.0,0,1.0,3,2,3,  ,2,9.0,0,0,1,0,0,0,0,0,0,0,0,0,0,0,0,0,0
11908,2009111424,38.0,35.0,67,67301,39.954,-75.1682,0,1,0,0,0,1,4,8,2009,6,0.0,3.0,0,1.0,3,1,3,  ,2,3.0,0,0,1,0,0,0,0,0,0,0,0,0,0,0,0,0,0
11909,2009111428,1849.0,1837.0,67,67301,40.0571,-75.1798,0,0,1,0,0,0,4,10,2009,7,17.0,1.0,0,1.0,3,1,3,  ,3,3.0,0,0,1,0,1,0,0,0,0,0,0,0,0,0,0,0,0
11910,2009111600,1302.0,1257.0,67,67301,39.9514,-75.1991,0,0,0,0,0,1,4,10,2009,6,12.0,1.0,0,1.0,3,1,3,  ,2,3.0,1,0,1,0,0,0,0,0,0,0,0,0,0,0,0,0,0
11911,2009111606,2337.0,2333.0,67,67301,39.9553,-75.2087,0,0,0,0,0,0,5,10,2009,3,23.0,3.0,0,1.0,3,0,3,  ,2,3.0,1,0,0,0,0,0,0,0,0,0,0,0,0,0,0,0,0
11912,2009111667,1758.0,1754.0,67,67301,40.0262,-75.0356,0,0,0,0,0,0,4,10,2009,4,17.0,1.0,0,1.0,3,2,3,  ,0,0.0,0,0,1,0,0,0,0,0,0,0,0,0,0,0,0,0,0
11913,2009111780,1823.0,1815.0,67,67301,39.9648,-75.2382,0,0,0,0,0,0,4,10,2009,2,17.0,1.0,0,1.0,3,1,3,  ,3,3.0,0,0,1,0,0,0,0,0,0,0,0,0,0,0,0,1,0
11914,2009111825,1927.0,1924.0,67,67301,39.9656,-75.2441,0,0,0,0,0,0,4,10,2009,7,19.0,3.0,0,1.0,3,1,3,  ,3,3.0,0,0,1,0,0,0,0,0,0,0,0,0,0,0,0,0,0
11915,2009111864,745.0,744.0,67,67301,40.0215,-75.1769,0,0,0,0,0,0,4,10,2009,3,7.0,1.0,0,1.0,3,2,3,05,3,3.0,1,0,1,0,0,0,0,0,0,0,0,0,0,0,0,0,0
11916,2009111876,1350.0,1344.0,67,67301,39.9673,-75.1754,0,0,0,0,0,0,4,10,2009,2,12.0,1.0,0,1.0,3,1,3,  ,2,3.0,0,0,1,0,0,0,0,0,0,0,0,0,0,0,0,0,0
11917,2009111899,1653.0,1647.0,44,44403,40.5976,-77.5815,0,0,0,0,0,0,4,10,2009,2,16.0,1.0,0,1.0,2,1,3,  ,0,0.0,0,0,1,0,0,0,0,0,0,0,0,0,0,0,0,1,0
11918,2009111959,1207.0,1157.0,2,2301,,,0,0,0,1,0,0,6,11,2009,6,11.0,1.0,0,1.0,3,1,3,  ,3,3.0,0,0,0,0,1,0,0,0,0,0,0,0,0,0,0,0,0
11919,2009111995,1734.0,1733.0,2,2301,40.4614,-79.9248,0,0,0,0,1,0,4,11,2009,6,17.0,3.0,0,1.0,3,1,3,  ,2,3.0,1,0,1,0,0,0,0,0,0,0,0,0,0,0,0,0,0
11920,2009112011,2006.0,2004.0,15,15414,39.9604,-75.6052,0,1,0,0,0,0,4,10,2009,4,20.0,3.0,0,1.0,3,0,3,  ,0,0.0,0,0,1,0,0,0,0,0,0,0,0,0,0,0,0,0,0
11921,2009112719,1320.0,1320.0,21,21402,,,0,0,0,0,1,0,4,11,2009,7,13.0,1.0,0,1.0,2,0,3,  ,0,0.0,0,0,1,0,0,0,0,0,0,0,0,0,0,0,0,0,0
11922,2009113273,1452.0,1452.0,14,14410,40.7817,-77.8545,0,0,0,0,0,0,4,11,2009,3,11.0,1.0,0,1.0,3,0,3,  ,0,0.0,1,0,1,0,0,0,0,0,0,0,0,0,0,0,0,0,0
11923,2009113612,2243.0,2241.0,10,10301,40.854,-79.8828,1,0,0,0,0,0,1,11,2009,6,22.0,3.0,0,1.0,2,0,3,  ,0,0.0,1,1,0,0,0,0,1,0,0,1,0,0,0,0,1,0,0
11924,2009113646,1446.0,1444.0,9,9226,40.2131,-75.111,0,0,0,0,0,0,4,11,2009,4,14.0,1.0,0,1.0,3,2,3,  ,2,3.0,1,0,1,0,0,0,0,0,0,0,0,0,0,0,0,0,0
11925,2009113674,1755.0,1750.0,2,2407,40.3413,-80.0224,0,0,0,0,0,0,4,11,2009,2,17.0,3.0,0,1.0,3,1,3,  ,3,3.0,1,0,1,0,0,0,0,0,0,0,0,0,0,0,0,0,0
11926,2009113689,1645.0,1642.0,23,23103,40.0007,-75.3083,0,0,0,0,0,0,2,11,2009,5,16.0,4.0,0,1.0,3,1,3,  ,2,3.0,0,0,0,0,0,0,0,0,0,0,0,0,0,0,0,0,0
11927,2009113955,1537.0,1535.0,23,23107,39.874,-75.3434,0,0,0,0,0,0,6,11,2009,5,15.0,1.0,0,9.0,3,0,7,  ,0,0.0,0,0,0,0,0,0,0,0,0,0,0,0,0,0,0,1,0
11928,2009113983,1637.0,1636.0,46,46101,40.105,-75.1249,0,0,0,0,0,0,2,11,2009,6,16.0,1.0,7,1.0,3,2,3,  ,2,3.0,0,0,0,0,0,0,0,0,0,0,0,0,0,0,0,1,0
11929,2009114085,1133.0,1133.0,2,2301,40.4377,-80.0002,0,0,0,0,0,0,2,11,2009,7,11.0,1.0,0,1.0,3,1,3,  ,2,2.0,0,0,0,0,0,0,0,0,0,0,0,0,0,0,0,0,0
11930,2009114394,433.0,432.0,2,2301,40.46,-79.9459,0,0,0,0,0,0,4,11,2009,7,4.0,3.0,0,1.0,3,1,3,  ,2,3.0,0,0,1,0,0,0,0,0,0,0,0,0,0,0,0,0,0
11931,2009114530,1547.0,1546.0,9,9407,40.1756,-74.9171,0,0,0,0,0,0,4,10,2009,5,15.0,1.0,0,1.0,3,1,3,  ,3,3.0,0,0,1,0,0,0,0,0,0,0,0,0,0,0,0,0,0
11932,2009114560,1828.0,1823.0,9,9211,40.217,-74.7891,0,0,0,0,0,0,4,10,2009,4,18.0,4.0,0,1.0,3,2,3,  ,3,3.0,0,0,1,0,0,0,0,0,0,0,0,0,0,0,0,1,0
11933,2009114778,1043.0,1040.0,42,42301,41.9429,-78.6518,0,0,0,0,1,0,5,8,2009,1,10.0,1.0,0,1.0,2,2,3,  ,0,0.0,0,0,0,0,0,1,0,0,0,0,0,0,0,0,0,0,0
11934,2009114860,926.0,923.0,36,36218,40.1601,-76.1238,0,1,0,0,1,0,1,11,2009,7,9.0,1.0,0,9.0,1,0,7,  ,0,0.0,0,0,0,0,0,0,0,0,0,0,0,0,0,0,0,0,1
11935,2009115013,1839.0,1837.0,6,6429,40.3336,-75.9638,0,0,0,0,0,0,4,11,2009,2,18.0,3.0,0,1.0,3,1,3,  ,2,3.0,0,0,1,0,0,0,0,0,0,0,0,0,0,0,0,0,0
11936,2009115035,1103.0,1054.0,2,2301,40.4253,-79.9434,0,0,0,0,0,0,4,11,2009,1,10.0,1.0,7,1.0,3,0,3,  ,0,0.0,1,0,1,0,0,0,0,0,0,0,0,0,0,0,0,1,0
11937,2009115047,1302.0,1256.0,36,36214,40.1233,-76.3753,0,0,0,0,0,0,4,11,2009,1,12.0,1.0,0,1.0,3,1,3,  ,3,3.0,0,0,1,0,0,0,0,0,0,0,0,0,0,0,0,0,0
11938,2009115059,1503.0,1503.0,46,46225,40.1926,-75.2945,0,0,0,0,0,0,2,11,2009,1,15.0,1.0,0,1.0,3,2,3,  ,2,3.0,1,0,0,0,0,0,0,0,0,0,1,0,0,0,0,0,0
11939,2009115061,1457.0,1457.0,23,23405,39.9087,-75.284,0,0,0,0,0,0,4,11,2009,1,14.0,1.0,7,1.0,3,0,3,  ,3,3.0,1,0,1,0,0,0,0,1,0,1,0,0,0,0,0,0,0
11940,2009115107,1644.0,1639.0,2,2301,40.4253,-79.9477,0,0,0,0,0,0,1,11,2009,1,16.0,4.0,0,1.0,3,0,3,  ,0,0.0,0,0,0,0,0,0,0,0,0,0,0,0,0,0,0,0,0
11941,2009115331,1225.0,1220.0,2,2301,40.4534,-79.9372,0,0,0,0,0,1,1,11,2009,2,12.0,1.0,0,1.0,3,0,3,  ,0,0.0,0,0,0,0,0,0,0,0,0,0,0,0,0,0,0,0,0
11942,2009115460,1635.0,1630.0,25,25210,42.1462,-80.003,0,0,0,0,0,1,4,11,2009,5,16.0,1.0,0,1.0,1,0,3,  ,0,0.0,0,0,1,0,0,0,0,0,0,0,0,0,0,0,0,0,0
11943,2009115537,1947.0,1945.0,23,23301,39.8639,-75.3686,0,0,0,0,0,0,4,10,2009,2,19.0,3.0,0,1.0,3,1,3,  ,2,3.0,0,0,1,0,0,0,0,0,0,0,0,0,0,0,0,0,0
11944,2009115539,1552.0,1550.0,2,2304,40.3502,-79.871,0,0,0,0,1,0,1,10,2009,6,15.0,1.0,0,9.0,3,1,7,  ,2,3.0,1,0,0,0,0,1,0,0,0,0,0,0,0,0,0,0,0
11945,2009115739,1459.0,1456.0,46,46106,40.2443,-75.6018,0,0,0,0,0,1,4,11,2009,4,14.0,1.0,0,1.0,2,1,3,  ,2,3.0,0,0,1,0,0,0,0,0,0,0,0,0,0,0,0,0,0
11946,2009116439,1714.0,1704.0,36,36234,40.0923,-76.1543,0,0,0,0,0,0,4,11,2009,4,16.0,4.0,7,1.0,1,0,3,  ,0,0.0,0,0,1,0,0,0,0,0,0,0,0,0,0,0,0,0,0
11947,2009116501,843.0,839.0,23,23103,40.0181,-75.3116,0,0,0,0,0,1,4,11,2009,4,8.0,1.0,0,1.0,3,1,3,  ,2,3.0,0,0,1,0,0,0,0,0,0,0,0,0,0,0,0,0,1
11948,2009116918,1310.0,1308.0,47,47401,40.9651,-76.6141,0,0,0,0,0,0,4,11,2009,2,13.0,1.0,0,1.0,2,0,3,  ,0,0.0,0,0,1,0,0,0,0,0,0,0,0,0,0,0,0,0,0
11949,2009116944,825.0,817.0,2,2301,40.429,-79.9982,0,0,0,0,0,0,4,11,2009,6,8.0,1.0,0,1.0,3,1,3,  ,2,3.0,0,0,1,0,0,0,0,0,0,0,0,0,0,0,0,0,0
11950,2009117402,1446.0,1441.0,40,40304,41.2275,-75.8945,0,0,0,0,0,0,4,11,2009,7,14.0,1.0,0,1.0,3,2,3,  ,3,3.0,0,0,1,0,0,0,0,0,0,0,0,0,0,0,0,0,0
11951,2009118097,718.0,713.0,36,36101,40.0965,-76.305,0,0,0,0,0,0,4,11,2009,3,7.0,1.0,7,9.0,3,0,7,  ,0,0.0,1,0,1,0,0,0,0,0,0,0,0,0,0,0,0,0,0
11952,2009118651,1602.0,1554.0,39,39405,40.5282,-75.5076,0,0,0,0,0,0,4,8,2009,6,15.0,1.0,0,9.0,3,1,7,  ,2,3.0,0,0,1,0,0,0,0,0,0,0,0,0,0,0,0,0,0