,CRN,ARRIVAL_TM,DISPATCH_TM,COUNTY,MUNICIPALITY,DEC_LAT,DEC_LONG,BICYCLE_DEATH_COUNT,BICYCLE_SUSP_SERIOUS_INJ_COUNT,BUS_COUNT,HEAVY_TRUCK_COUNT,SMALL_TRUCK_COUNT,SUV_COUNT,COLLISION_TYPE,CRASH_MONTH,CRASH_YEAR,DAY_OF_WEEK,HOUR_OF_DAY,ILLUMINATION,LOCATION_TYPE,ROAD_CONDITION,URBAN_RURAL,INTERSECT_TYPE,WEATHER1,WEATHER2,TCD_TYPE,TCD_FUNC_CD,AGGRESSIVE_DRIVING,ALCOHOL_RELATED,ANGLE_CRASH,CELL_PHONE,COMM_VEHICLE,DISTRACTED,DRINKING_DRIVER,DRUGGED_DRIVER,FATIGUE_ASLEEP,IMPAIRED_DRIVER,NHTSA_AGG_DRIVING,RUNNING_RED_LT,RUNNING_STOP_SIGN,SPEEDING_RELATED,TAILGATING,MATURE_DRIVER,YOUNG_DRIVER
11953,2009118665,1537.0,1535.0,46,46208,,,0,0,0,0,0,0,2,11,2009,1,15.0,1.0,0,1.0,3,2,3,  ,3,3.0,1,0,0,0,0,0,0,0,0,0,0,0,0,1,0,0,0
11954,2009118878,1931.0,1929.0,67,67301,39.9195,-75.1403,1,0,0,0,0,1,4,10,2009,5,19.0,3.0,0,1.0,3,0,3,  ,0,0.0,0,1,1,0,0,0,0,0,0,0,0,0,0,0,0,0,0
11955,2009118931,144.0,142.0,67,67301,39.9289,-75.1688,0,0,0,0,0,1,5,10,2009,2,1.0,3.0,0,1.0,3,0,3,  ,0,0.0,0,0,0,0,0,1,0,0,0,0,0,0,0,0,0,0,0
11956,2009118956,9999.0,2004.0,67,67301,39.9982,-75.1388,0,0,0,0,0,0,2,6,2009,6,20.0,1.0,0,1.0,3,0,3,  ,2,3.0,0,1,0,0,0,0,1,0,0,1,0,0,0,0,0,0,0
11957,2009119232,1738.0,1735.0,21,21101,40.2973,-76.9357,0,0,0,0,0,1,8,11,2009,4,17.0,2.0,0,9.0,3,2,7,  ,0,0.0,0,0,0,0,0,0,0,0,0,0,0,0,0,0,0,0,0
11958,2009119280,1212.0,1208.0,23,23103,39.9909,-75.3159,0,0,0,0,0,0,4,11,2009,1,12.0,1.0,0,1.0,3,1,3,  ,0,0.0,1,0,1,0,0,0,0,0,0,0,0,0,0,0,0,0,0
11959,2009119550,2113.0,2112.0,9,9202,40.1057,-74.9499,0,0,0,0,0,0,4,11,2009,7,21.0,3.0,0,1.0,3,0,3,  ,0,0.0,0,0,1,0,0,0,0,0,0,0,0,0,0,0,0,0,0
11960,2009119637,1702.0,1659.0,9,9208,40.1904,-74.8392,0,0,0,0,1,0,4,11,2009,1,16.0,4.0,0,1.0,3,2,3,  ,2,3.0,1,0,1,0,0,0,0,0,0,0,0,0,0,0,0,0,0
11961,2009120354,1812.0,1812.0,67,67301,39.9556,-75.2023,0,0,0,0,0,1,8,10,2009,7,18.0,3.0,0,9.0,3,1,7,  ,2,3.0,1,0,0,0,0,0,0,0,0,0,0,0,0,0,0,0,0
11962,2009120356,1856.0,1856.0,67,67301,39.9574,-75.1978,0,0,0,0,0,0,4,11,2009,4,18.0,3.0,0,1.0,3,2,3,  ,3,3.0,0,0,1,0,0,0,0,0,0,0,0,0,0,0,0,0,0
11963,2009120438,1855.0,1854.0,67,67301,40.0368,-75.034,0,0,0,0,0,0,4,10,2009,6,18.0,3.0,0,9.0,3,1,7,  ,3,2.0,0,0,1,0,0,0,0,0,0,0,0,0,0,0,0,0,0
11964,2009120445,1147.0,1140.0,67,67301,39.9302,-75.1657,0,0,0,1,0,0,0,10,2009,4,11.0,1.0,0,2.0,3,0,7,  ,0,0.0,0,0,0,0,1,0,0,0,0,0,0,0,0,0,0,0,0
11965,2009120508,1445.0,1443.0,67,67301,39.9531,-75.182,0,0,0,0,0,0,4,11,2009,2,14.0,1.0,0,1.0,3,0,3,  ,2,3.0,0,0,1,0,0,0,0,0,0,0,0,0,0,0,0,0,0
11966,2009120512,1356.0,1344.0,67,67301,40.0396,-75.0742,0,0,0,0,0,0,6,9,2009,1,13.0,1.0,0,9.0,3,1,7,  ,2,3.0,1,0,0,0,0,0,0,0,0,0,0,1,0,0,0,0,1
11967,2009120523,9999.0,2050.0,67,67301,39.9869,-75.161,0,0,1,0,0,0,2,10,2009,4,20.0,3.0,0,1.0,3,0,3,  ,0,0.0,0,0,0,0,1,0,0,0,0,0,0,0,0,0,0,0,0
11968,2009120563,1505.0,1500.0,67,67301,40.0003,-75.1064,0,0,0,0,0,0,4,5,2009,6,14.0,1.0,0,1.0,3,5,3,  ,2,3.0,1,1,1,0,0,0,1,0,0,1,0,1,0,0,0,0,0
11969,2009120575,754.0,254.0,67,67301,40.0073,-75.1922,0,0,0,0,0,0,4,11,2009,5,7.0,1.0,0,1.0,3,2,3,  ,7,3.0,0,0,1,0,0,1,0,0,0,0,0,0,0,0,0,0,0
11970,2009120604,1553.0,1550.0,67,67301,39.9505,-75.1489,0,0,0,0,0,0,4,6,2009,5,15.0,1.0,0,1.0,3,1,3,  ,2,2.0,0,0,1,0,0,0,0,0,0,0,0,0,0,0,0,0,0
11971,2009120615,1655.0,1613.0,67,67301,39.9511,-75.1536,0,0,0,0,0,0,2,5,2009,7,99.0,1.0,0,1.0,3,1,3,  ,2,3.0,1,0,0,0,0,0,0,0,0,0,0,0,0,0,0,0,1
11972,2009120622,1906.0,1901.0,67,67301,39.954,-75.1767,0,1,0,0,1,0,4,10,2009,6,18.0,1.0,0,1.0,3,1,3,  ,2,3.0,1,1,1,0,0,0,1,0,0,1,1,1,0,1,0,1,0
11973,2009120623,646.0,632.0,67,67301,40.0136,-75.0685,0,1,0,0,0,0,4,10,2009,5,6.0,1.0,7,1.0,3,0,3,  ,2,3.0,0,0,1,0,0,0,0,0,0,0,0,0,0,0,0,0,0
11974,2009120635,1135.0,1130.0,67,67301,39.9546,-75.1814,0,0,0,0,0,0,5,10,2009,6,10.0,1.0,0,1.0,3,0,3,  ,2,3.0,0,0,0,0,0,0,0,0,0,0,0,0,0,0,0,0,0
11975,2009120730,1650.0,1645.0,67,67301,40.0282,-75.2067,0,0,0,0,0,0,5,10,2009,4,16.0,1.0,0,1.0,3,0,3,  ,0,0.0,0,0,0,0,0,0,0,0,0,0,0,0,0,0,0,0,0
11976,2009120746,1224.0,1222.0,67,67301,39.942,-75.1526,0,0,0,0,0,0,5,10,2009,6,12.0,1.0,0,1.0,3,0,3,  ,0,0.0,0,0,0,0,0,0,0,0,0,0,0,0,0,0,0,0,0
11977,2009120774,1554.0,1554.0,67,67301,39.9654,-75.1625,0,0,0,0,0,0,4,10,2009,5,15.0,1.0,0,1.0,3,1,3,  ,2,3.0,0,0,1,0,0,0,0,0,0,0,0,0,0,0,0,1,0
11978,2009120775,1626.0,1618.0,67,67301,39.9993,-75.1189,0,0,0,0,0,0,4,10,2009,4,16.0,1.0,0,1.0,3,2,3,  ,3,3.0,0,0,1,0,0,0,0,0,0,0,0,0,0,0,0,0,0
11979,2009120814,205.0,201.0,67,67301,39.9688,-75.1341,0,0,0,0,0,0,5,10,2009,1,2.0,3.0,0,1.0,3,0,3,  ,0,0.0,0,0,0,0,0,0,0,0,0,0,0,0,0,0,0,0,0
11980,2009120831,1340.0,1335.0,67,67301,39.9265,-75.186,0,0,0,0,0,0,5,10,2009,5,13.0,1.0,0,1.0,3,1,3,  ,2,3.0,0,0,0,0,0,0,0,0,0,0,0,0,0,0,0,0,0
11981,2009120854,1630.0,1630.0,67,67301,39.9359,-75.1569,0,0,0,0,0,0,1,10,2009,3,16.0,1.0,0,1.0,3,1,3,  ,2,3.0,0,0,0,0,0,0,0,0,0,0,0,0,0,0,0,0,0
11982,2009120877,2051.0,2051.0,67,67301,39.9535,-75.2067,0,0,0,0,0,0,4,10,2009,3,20.0,3.0,0,9.0,3,1,7,  ,3,3.0,0,0,1,0,0,0,0,0,0,0,0,0,0,0,0,0,0
11983,2009121092,1101.0,1052.0,67,67301,39.9706,-75.163,0,0,0,0,0,0,4,10,2009,4,99.0,1.0,0,1.0,3,1,3,  ,2,3.0,0,0,1,0,0,0,0,0,0,0,0,0,0,0,0,0,0
11984,2009121099,1530.0,1527.0,67,67301,39.9539,-75.1595,0,1,0,1,0,0,4,10,2009,3,15.0,1.0,0,9.0,3,0,7,  ,0,0.0,0,0,1,0,1,0,0,0,0,0,0,0,0,0,0,0,0
11985,2009121109,1654.0,1647.0,67,67301,39.9708,-75.1596,0,0,0,0,0,0,5,10,2009,4,16.0,1.0,0,1.0,3,0,3,  ,0,0.0,0,0,0,0,0,0,0,0,0,0,0,0,0,0,0,0,0
11986,2009121112,829.0,824.0,67,67301,39.9531,-75.182,0,0,0,0,0,0,1,10,2009,4,8.0,1.0,0,1.0,3,0,3,  ,0,0.0,0,0,0,1,0,1,0,0,0,0,0,0,0,0,0,1,0
11987,2009121146,1532.0,1531.0,67,67301,40.0003,-75.1671,0,0,0,0,0,0,4,10,2009,3,15.0,1.0,0,9.0,3,2,7,  ,3,3.0,1,0,1,0,0,0,0,0,0,0,0,0,1,0,0,1,0
11988,2009121153,1406.0,1406.0,67,67301,39.9868,-75.1013,0,0,0,0,1,0,4,8,2009,3,14.0,1.0,0,1.0,3,1,3,  ,3,3.0,0,0,1,0,0,0,0,0,0,0,0,0,0,0,0,0,0
11989,2009121155,2156.0,2153.0,67,67301,39.9613,-75.1483,0,0,0,0,0,0,4,10,2009,6,21.0,3.0,0,9.0,3,0,7,  ,2,3.0,0,0,1,0,0,0,0,0,0,0,0,0,0,0,0,0,0
11990,2009121354,1511.0,1508.0,36,36220,40.019,-76.3425,0,0,0,0,0,0,4,11,2009,2,15.0,8.0,0,9.0,3,2,7,  ,3,3.0,1,0,1,0,0,0,0,0,0,0,0,0,0,0,0,1,0
11991,2009121435,1647.0,1647.0,15,15403,40.0053,-75.7059,0,0,0,0,0,0,8,12,2009,3,16.0,3.0,0,1.0,3,2,3,  ,4,3.0,1,0,0,0,0,0,0,0,0,0,0,0,0,0,0,1,0
11992,2009121788,1216.0,1216.0,40,40414,41.264,-75.8947,0,0,0,0,0,0,2,10,2009,7,12.0,1.0,0,9.0,3,1,7,  ,2,3.0,1,0,0,0,0,0,0,0,0,0,0,0,0,0,0,0,0
11993,2009122432,712.0,707.0,15,15101,39.9909,-75.7765,0,0,0,0,0,0,1,11,2009,4,7.0,1.0,0,9.0,3,0,7,  ,0,0.0,0,0,0,0,0,0,0,0,0,0,0,0,0,0,0,0,1
11994,2009123460,1225.0,1225.0,66,66227,39.9796,-76.6765,1,0,0,0,0,1,2,12,2009,3,12.0,1.0,0,1.0,3,0,3,  ,0,0.0,0,0,0,0,0,0,0,0,0,0,0,0,0,0,0,1,0
11995,2009123847,1932.0,1924.0,38,38212,40.3259,-76.4107,0,0,0,0,0,0,5,11,2009,3,19.0,2.0,0,1.0,1,0,3,  ,0,0.0,0,0,0,0,0,0,0,0,0,0,0,0,0,0,0,0,0
11996,2009124022,1516.0,1508.0,36,36411,40.0586,-76.5492,0,0,1,0,0,0,4,10,2009,5,15.0,1.0,0,1.0,1,0,3,  ,0,0.0,0,0,1,0,1,0,0,0,0,0,0,0,0,0,0,0,0
11997,2009124207,1546.0,1521.0,39,39212,40.706,-75.6205,0,0,0,0,0,0,4,11,2009,3,15.0,1.0,0,1.0,1,2,3,  ,3,3.0,0,0,1,0,0,0,0,0,0,0,0,0,0,0,0,0,0
11998,2009124282,1943.0,1939.0,67,67301,39.9814,-75.1276,0,0,0,0,0,1,5,11,2009,6,99.0,3.0,0,1.0,3,1,3,  ,2,3.0,0,0,0,0,0,0,0,0,0,0,0,0,0,0,0,0,0
11999,2009124283,1736.0,1735.0,67,67301,39.9673,-75.1604,0,0,0,0,1,0,5,11,2009,6,99.0,3.0,0,9.0,3,0,7,  ,0,0.0,0,0,0,0,0,0,0,0,0,0,0,0,0,0,0,0,0
12000,2009124302,1303.0,1301.0,67,67301,39.9551,-75.1919,0,0,0,0,0,0,4,11,2009,1,12.0,1.0,0,1.0,3,0,3,  ,0,0.0,0,0,1,0,0,0,0,0,0,0,0,0,0,0,0,1,0
12001,2009124358,744.0,743.0,48,48212,40.6897,-75.2562,0,0,0,0,0,1,4,7,2009,4,7.0,1.0,0,1.0,3,2,3,  ,2,3.0,1,0,1,0,0,0,0,0,0,0,0,0,0,0,0,1,0
12002,2009124396,2306.0,2305.0,67,67301,40.0286,-75.0953,0,0,0,0,0,0,4,11,2009,6,23.0,3.0,0,9.0,3,0,7,  ,0,0.0,0,1,1,0,0,0,0,0,0,0,0,0,0,0,0,1,0
12003,2009124398,2125.0,2123.0,67,67301,39.9631,-75.19,0,0,0,0,0,1,8,11,2009,3,21.0,3.0,0,1.0,3,1,3,  ,2,3.0,0,1,0,0,0,0,0,0,0,0,0,0,0,0,0,0,0
12004,2009124433,1621.0,1610.0,67,67301,39.9265,-75.1692,0,0,0,0,0,1,4,11,2009,7,16.0,1.0,0,1.0,3,0,3,  ,0,0.0,0,0,1,0,0,0,0,0,0,0,0,0,0,0,0,0,0
12005,2009124456,1232.0,1230.0,67,67301,39.9272,-75.1588,0,0,0,0,0,0,4,11,2009,5,99.0,1.0,0,1.0,3,1,3,  ,3,3.0,0,0,1,0,0,0,0,0,0,0,0,0,0,0,0,0,0
12006,2009124467,1535.0,1533.0,67,67301,39.9216,-75.1915,0,0,0,0,0,0,8,11,2009,1,15.0,1.0,0,1.0,3,2,3,  ,2,3.0,1,0,0,0,0,0,0,0,0,0,0,0,0,0,0,0,0
12007,2009124468,1950.0,1945.0,67,67301,39.9244,-75.1696,0,0,0,0,0,0,4,11,2009,5,17.0,3.0,0,1.0,3,1,3,  ,2,3.0,0,0,1,0,0,0,0,0,0,0,0,0,0,0,0,0,0
12008,2009124858,835.0,832.0,67,67301,39.9844,-75.113,0,0,0,0,0,0,2,11,2009,2,7.0,1.0,0,1.0,3,2,3,  ,3,3.0,0,0,0,0,0,0,0,0,0,0,0,0,0,0,0,0,0
12009,2009124859,1038.0,1030.0,67,67301,39.9311,-75.1644,0,0,1,0,0,0,5,11,2009,4,19.0,3.0,0,9.0,3,0,7,  ,0,0.0,1,0,0,0,1,0,0,0,0,0,0,0,0,0,0,0,0
12010,2009124923,1517.0,1517.0,67,67301,39.9583,-75.1641,0,0,0,0,0,0,4,11,2009,4,15.0,1.0,0,9.0,3,1,3,  ,2,3.0,1,0,1,0,0,0,0,0,0,0,0,0,0,0,0,0,0
12011,2009124934,1805.0,1757.0,25,25302,42.0946,-80.0871,0,0,0,0,0,0,6,11,2009,7,17.0,3.0,0,1.0,3,3,3,  ,0,0.0,0,0,0,0,0,0,0,0,0,0,0,0,0,0,0,0,0
12012,2009124947,1932.0,1923.0,67,67301,39.9562,-75.1774,0,0,0,0,0,0,4,11,2009,7,15.0,1.0,0,1.0,3,2,3,  ,3,3.0,1,0,1,0,0,0,0,0,0,0,1,0,0,1,0,0,0
12013,2009124971,1732.0,1731.0,67,67301,39.9387,-75.1732,0,0,0,0,0,0,8,11,2009,2,17.0,3.0,0,1.0,3,1,3,  ,2,3.0,0,1,0,0,0,0,0,0,0,0,0,0,0,0,0,0,0
12014,2009124972,1439.0,1435.0,67,67301,39.9328,-75.1864,0,0,0,0,1,0,4,11,2009,1,14.0,1.0,0,1.0,3,2,3,  ,2,3.0,0,0,1,0,0,0,0,0,0,0,0,0,0,0,0,0,0
12015,2009124990,2040.0,2029.0,67,67301,39.9548,-75.2179,0,0,0,0,0,0,4,11,2009,3,20.0,3.0,0,1.0,3,1,3,  ,2,3.0,0,0,1,0,0,0,0,0,0,0,0,0,0,0,0,0,0
12016,2009125007,1521.0,1518.0,46,46109,40.1726,-75.1989,0,0,0,0,0,0,5,11,2009,3,15.0,1.0,0,1.0,3,0,3,  ,0,0.0,0,0,0,0,0,0,0,0,0,0,0,0,0,0,0,0,0
12017,2009125084,902.0,902.0,67,67301,39.9689,-75.2177,0,0,0,0,0,0,5,11,2009,6,21.0,3.0,0,1.0,3,2,99,  ,2,9.0,0,0,0,0,0,0,0,0,0,0,0,0,0,0,0,0,0
12018,2009125107,1406.0,1404.0,67,67301,39.9864,-75.1596,0,0,0,0,0,0,5,10,2009,4,14.0,1.0,0,9.0,3,0,7,  ,0,0.0,0,0,0,0,0,0,0,0,0,0,0,0,0,0,0,0,0
12019,2009125159,2130.0,2130.0,67,67301,40.0295,-75.1862,0,0,0,0,1,0,4,11,2009,3,21.0,3.0,0,9.0,3,1,3,  ,2,3.0,0,0,1,0,0,0,0,0,0,0,0,0,0,0,0,0,0
12020,2009125168,1850.0,1848.0,67,67301,40.0324,-75.0394,0,0,0,0,0,0,1,11,2009,4,16.0,1.0,0,1.0,3,1,3,  ,3,3.0,0,0,0,0,0,0,0,0,0,0,0,0,0,0,0,0,0
12021,2009125178,2002.0,1956.0,67,67301,40.0261,-75.0948,0,0,0,0,1,0,8,11,2009,5,19.0,3.0,0,9.0,3,3,7,  ,3,3.0,0,0,0,0,0,0,0,0,0,0,0,0,0,0,0,0,0
12022,2009125218,2005.0,2002.0,67,67301,39.9417,-75.2201,0,0,0,0,0,0,5,11,2009,6,14.0,1.0,0,1.0,3,0,3,  ,0,0.0,0,0,0,0,0,0,0,0,0,0,0,0,0,0,0,0,0
12023,2009125230,1947.0,1947.0,67,67301,39.9227,-75.2236,0,0,0,0,0,0,4,11,2009,4,19.0,3.0,0,1.0,3,1,3,  ,3,3.0,0,0,1,0,0,0,0,0,0,0,0,0,0,0,0,0,0
12024,2009125244,2308.0,2303.0,67,67301,39.9625,-75.2162,0,0,0,0,0,0,4,11,2009,7,23.0,3.0,0,1.0,3,1,3,  ,2,9.0,0,0,1,0,0,0,0,0,0,0,0,0,0,0,0,0,0
12025,2009125268,38.0,35.0,67,67301,39.9516,-75.1702,0,0,0,0,0,0,5,11,2009,6,23.0,3.0,0,1.0,3,0,3,  ,0,0.0,0,0,0,0,0,0,0,0,0,0,0,0,0,0,0,0,0
12026,2009125271,2142.0,2138.0,67,67301,39.9384,-75.1564,0,0,0,0,0,0,5,11,2009,2,21.0,3.0,0,1.0,3,0,3,  ,0,0.0,0,0,0,0,0,0,0,0,0,0,0,0,0,0,0,0,0
12027,2009125428,1825.0,1800.0,67,67301,39.9512,-75.1535,0,0,0,0,0,0,5,10,2009,6,17.0,3.0,0,1.0,3,0,3,  ,2,3.0,0,0,0,0,0,0,0,0,0,0,0,0,0,0,0,0,0
12028,2009126498,1127.0,1125.0,2,2301,40.4617,-79.9661,0,0,0,0,0,0,2,12,2009,2,11.0,1.0,0,1.0,3,5,3,  ,3,3.0,1,0,0,0,0,0,0,0,0,0,0,0,0,0,0,0,0
12029,2009126995,2345.0,2342.0,67,67301,39.9348,-75.1426,0,1,0,0,0,0,4,8,2009,1,23.0,3.0,0,1.0,3,1,3,  ,1,3.0,1,0,1,0,0,0,0,0,0,0,0,0,0,1,0,0,0
12030,2009127311,1658.0,1658.0,22,22102,40.2588,-76.8,0,0,0,0,0,2,4,12,2009,6,16.0,4.0,0,1.0,3,1,3,  ,2,3.0,1,0,1,0,0,1,0,0,0,0,1,0,0,0,0,0,0
12031,2009127605,1727.0,1710.0,2,2301,40.4533,-80.0017,0,0,0,0,0,0,1,12,2009,4,17.0,3.0,0,1.0,3,1,3,  ,2,3.0,1,0,0,0,0,0,0,0,0,0,1,0,0,0,0,0,0
12032,2009127871,1757.0,1757.0,46,46416,40.244,-75.6262,0,0,0,0,0,0,1,12,2009,4,17.0,3.0,0,9.0,2,1,7,  ,0,0.0,0,0,0,0,0,0,0,0,0,0,0,0,0,0,0,0,0
12033,2009128538,1700.0,1653.0,43,43404,41.1616,-80.0804,0,0,0,0,0,0,5,11,2009,3,16.0,1.0,0,1.0,2,0,3,  ,0,0.0,1,0,0,0,0,0,0,0,0,0,0,0,0,0,0,0,0
12034,2009128618,1941.0,1938.0,46,46404,40.185,-75.4672,0,0,0,0,0,0,4,2,2009,3,19.0,3.0,0,1.0,3,1,3,  ,3,3.0,1,0,1,0,0,0,0,0,0,0,0,0,0,0,0,0,0
12035,2009128620,1700.0,1655.0,65,65209,41.6122,-76.0338,1,0,0,0,1,0,8,12,2009,7,16.0,4.0,0,1.0,1,0,3,  ,0,0.0,1,0,0,0,0,0,0,0,0,0,0,0,0,0,0,0,0
12036,2009130228,1507.0,1503.0,38,38209,40.3758,-76.4401,0,0,0,0,0,0,8,12,2009,3,15.0,1.0,0,1.0,1,0,3,  ,0,0.0,0,0,0,0,0,0,0,0,0,0,0,0,0,0,0,0,0
12037,2009130230,1230.0,1226.0,46,46404,40.1798,-75.4546,0,0,0,0,0,1,5,8,2009,6,12.0,1.0,7,1.0,3,2,3,  ,2,3.0,0,0,0,0,0,0,0,0,0,0,0,0,0,0,0,0,1
12038,2009130246,1416.0,1413.0,9,9213,40.1596,-74.8832,0,0,0,0,0,0,4,12,2009,5,14.0,1.0,0,1.0,3,0,3,  ,0,0.0,0,0,1,0,0,0,0,0,0,0,0,0,0,0,0,0,0
12039,2009130255,1449.0,1446.0,9,9213,40.1809,-74.9074,0,0,0,0,0,1,8,12,2009,5,14.0,1.0,0,1.0,3,0,3,  ,0,0.0,0,0,0,0,0,0,0,0,0,0,0,0,0,0,0,1,0
12040,2009131160,1807.0,1807.0,7,7301,40.5098,-78.4028,0,0,0,0,0,0,4,12,2009,4,18.0,3.0,0,9.0,3,1,7,  ,2,3.0,0,0,1,0,0,0,0,0,0,0,0,0,0,0,0,0,0
12041,2009131209,1736.0,1733.0,39,39301,40.5812,-75.4787,0,0,0,0,0,1,4,11,2009,6,11.0,1.0,7,1.0,3,0,3,  ,0,0.0,0,0,1,0,0,0,0,0,0,0,0,0,0,0,0,0,0
12042,2009131429,1520.0,1514.0,38,38301,40.3401,-76.4145,0,0,0,0,1,0,8,9,2009,6,15.0,1.0,0,1.0,2,2,3,  ,3,3.0,1,0,0,0,0,1,0,0,0,0,0,0,0,0,0,0,0
12043,2009131775,1734.0,1731.0,48,48301,40.6132,-75.3863,0,0,0,0,0,0,4,12,2009,6,17.0,3.0,0,1.0,3,2,3,  ,3,3.0,0,0,1,0,0,0,0,0,0,0,0,0,0,0,0,0,0
12044,2009131800,1101.0,1059.0,25,25404,41.872,-80.1159,0,0,0,0,0,0,4,6,2009,3,99.0,1.0,7,1.0,2,0,3,  ,0,0.0,0,0,1,0,0,0,0,0,0,0,0,0,0,0,0,0,0
12045,2009132266,1018.0,1014.0,36,36234,40.0861,-76.2035,0,0,0,0,0,0,4,12,2009,7,10.0,1.0,0,9.0,1,0,7,  ,0,0.0,0,0,1,0,0,0,0,0,0,0,0,0,0,0,0,1,0
12046,2009133310,9999.0,9999.0,35,35406,41.4695,-75.61,0,0,0,0,0,0,4,12,2009,2,99.0,4.0,0,1.0,3,1,3,  ,2,3.0,1,0,1,0,0,0,0,0,0,0,0,0,0,0,0,0,0
12047,2009133723,659.0,657.0,38,38301,40.3397,-76.4194,0,0,0,0,0,0,4,11,2009,2,6.0,1.0,0,1.0,2,2,3,  ,2,3.0,0,0,1,0,0,0,0,0,0,0,0,0,0,0,0,0,0
12048,2009133837,1438.0,1435.0,15,15247,39.9678,-75.5797,0,0,0,0,1,0,4,12,2009,3,14.0,1.0,0,1.0,3,0,3,  ,0,0.0,0,0,1,0,0,0,0,0,0,0,0,0,0,0,0,0,0
12049,2010000137,1810.0,1808.0,38,38301,40.3454,-76.4087,0,0,0,0,0,0,4,11,2009,1,18.0,3.0,0,1.0,2,1,3,  ,3,3.0,1,0,1,0,0,0,0,0,0,0,0,0,0,0,0,0,0
12050,2010000179,1634.0,1628.0,38,38301,40.3451,-76.433,0,1,0,0,0,0,4,12,2009,6,16.0,1.0,0,1.0,2,1,3,  ,3,3.0,0,0,1,0,0,1,0,0,0,0,0,0,0,0,0,1,0
12051,2010002212,2159.0,2156.0,46,46405,40.0763,-75.3077,0,0,0,0,0,1,4,5,2009,2,21.0,2.0,7,1.0,3,0,3,  ,0,0.0,0,0,1,0,0,0,0,0,0,0,0,0,0,0,0,0,0
12052,2010002815,701.0,658.0,2,2441,40.5629,-80.2115,0,0,0,0,1,0,4,12,2009,7,6.0,2.0,0,7.0,3,10,10,  ,0,0.0,0,0,1,0,0,0,0,0,0,0,0,0,0,0,0,0,0
12053,2010003017,1745.0,1744.0,67,67301,39.9992,-75.0752,0,0,0,0,0,0,4,12,2009,4,99.0,3.0,0,9.0,3,1,7,  ,2,3.0,1,0,1,0,0,0,0,0,0,0,0,0,0,0,0,0,0
12054,2010003027,313.0,312.0,67,67301,39.8906,-75.1688,0,0,0,0,0,0,4,11,2009,6,99.0,3.0,0,9.0,3,1,7,  ,2,3.0,0,1,1,0,0,0,0,0,0,0,0,0,0,0,0,0,0
12055,2010003061,1945.0,1939.0,67,67301,40.0216,-75.1244,0,0,0,0,0,0,4,12,2009,4,19.0,3.0,0,9.0,3,1,7,  ,0,0.0,0,0,1,0,0,0,0,0,0,0,0,0,0,0,0,0,0
12056,2010003086,1100.0,1035.0,67,67301,39.954,-75.1767,0,1,0,0,0,0,5,11,2009,4,10.0,1.0,0,1.0,3,2,3,  ,0,0.0,1,0,0,0,0,0,0,0,0,0,0,0,0,0,0,0,0
12057,2010003093,820.0,815.0,67,67301,40.0274,-75.0768,0,0,0,0,0,0,4,11,2009,4,7.0,1.0,0,9.0,3,1,7,  ,3,3.0,0,0,1,0,0,0,0,0,0,0,0,0,0,0,0,0,0
12058,2010003113,1610.0,1603.0,35,35302,41.4043,-75.6485,0,0,0,0,0,0,4,10,2009,4,16.0,1.0,0,1.0,3,1,3,  ,3,3.0,0,0,1,0,0,0,0,0,0,0,0,0,0,0,0,0,1
12059,2010003184,1723.0,1716.0,67,67301,39.9636,-75.196,0,0,1,0,0,0,4,12,2009,3,17.0,3.0,0,1.0,3,1,3,  ,3,3.0,0,0,1,0,1,0,0,0,0,0,0,0,0,0,0,0,0
12060,2010003215,9999.0,1950.0,67,67301,39.9904,-75.1245,0,0,0,0,0,0,4,12,2009,3,14.0,1.0,0,1.0,3,2,3,  ,3,3.0,1,0,1,0,0,0,0,0,0,0,0,0,1,0,0,0,0
12061,2010003233,1838.0,1838.0,67,67301,39.9678,-75.2098,0,0,0,0,0,1,4,12,2009,2,18.0,3.0,0,1.0,3,0,3,  ,0,0.0,0,0,1,0,0,0,0,0,0,0,0,0,0,0,0,0,0
12062,2010003253,1720.0,1710.0,67,67301,39.9574,-75.1571,0,0,0,0,0,0,1,6,2009,4,17.0,3.0,0,1.0,3,1,3,  ,2,3.0,1,0,0,0,0,0,0,0,0,0,0,0,0,0,0,0,0
12063,2010003254,1238.0,1235.0,67,67301,39.9456,-75.165,0,0,0,0,0,1,4,12,2009,5,12.0,1.0,0,9.0,3,1,7,  ,2,3.0,0,0,1,0,0,0,0,0,0,0,0,0,0,0,0,0,0
12064,2010003259,2142.0,2138.0,67,67301,39.9238,-75.2369,0,0,0,0,0,0,4,11,2009,3,21.0,3.0,0,1.0,3,1,3,  ,2,3.0,1,0,1,0,0,0,0,0,0,0,0,0,0,0,0,0,0
12065,2010003272,541.0,539.0,67,67301,40.0227,-75.1335,0,0,0,0,0,1,4,11,2009,6,5.0,3.0,0,1.0,3,1,3,  ,2,9.0,1,0,1,0,0,0,0,0,0,0,0,1,0,0,0,0,0