,CRN,ARRIVAL_TM,DISPATCH_TM,COUNTY,MUNICIPALITY,DEC_LAT,DEC_LONG,BICYCLE_DEATH_COUNT,BICYCLE_SUSP_SERIOUS_INJ_COUNT,BUS_COUNT,HEAVY_TRUCK_COUNT,SMALL_TRUCK_COUNT,SUV_COUNT,COLLISION_TYPE,CRASH_MONTH,CRASH_YEAR,DAY_OF_WEEK,HOUR_OF_DAY,ILLUMINATION,LOCATION_TYPE,ROAD_CONDITION,URBAN_RURAL,INTERSECT_TYPE,WEATHER1,WEATHER2,TCD_TYPE,TCD_FUNC_CD,AGGRESSIVE_DRIVING,ALCOHOL_RELATED,ANGLE_CRASH,CELL_PHONE,COMM_VEHICLE,DISTRACTED,DRINKING_DRIVER,DRUGGED_DRIVER,FATIGUE_ASLEEP,IMPAIRED_DRIVER,NHTSA_AGG_DRIVING,RUNNING_RED_LT,RUNNING_STOP_SIGN,SPEEDING_RELATED,TAILGATING,MATURE_DRIVER,YOUNG_DRIVER
12066,2010003277,1330.0,1319.0,67,67301,39.961,-75.1617,0,0,0,0,0,0,5,11,2009,4,13.0,1.0,0,9.0,3,0,7,  ,0,0.0,0,0,0,0,0,0,0,0,0,0,0,0,0,0,0,0,0
12067,2010003278,1850.0,1845.0,67,67301,40.0296,-75.0808,0,0,0,0,0,0,4,11,2009,2,18.0,3.0,0,9.0,3,1,7,  ,0,0.0,0,0,1,0,0,0,0,0,0,0,0,0,0,0,0,0,0
12068,2010003507,9999.0,9999.0,67,67301,39.9288,-75.1648,0,0,0,0,0,0,5,12,2009,3,12.0,1.0,0,1.0,3,0,3,  ,0,0.0,0,0,0,0,0,0,0,0,0,0,0,0,0,0,0,0,0
12069,2010003513,1634.0,1630.0,39,39301,40.5644,-75.4965,0,0,0,0,0,0,8,12,2009,2,16.0,3.0,0,1.0,3,2,3,  ,3,3.0,1,0,0,0,0,0,0,0,0,0,0,0,0,0,0,0,0
12070,2010003539,1750.0,1750.0,67,67301,39.9537,-75.1869,0,0,0,0,0,1,5,12,2009,4,17.0,3.0,0,9.0,3,0,7,  ,0,0.0,0,0,0,0,0,0,0,0,0,0,0,0,0,0,0,0,0
12071,2010004253,1634.0,1630.0,22,22301,40.2701,-76.8826,0,0,0,0,0,0,4,12,2009,2,16.0,4.0,0,1.0,3,2,3,  ,2,3.0,0,0,1,0,0,0,0,0,0,0,0,0,0,0,0,0,0
12072,2010005361,615.0,605.0,67,67301,39.9801,-75.1058,1,0,0,0,0,1,4,11,2009,1,6.0,3.0,0,1.0,3,0,3,  ,0,0.0,0,1,1,0,0,0,0,0,0,0,0,0,0,0,0,0,0
12073,2010005507,330.0,326.0,67,67301,39.9798,-75.1776,0,0,0,0,0,0,1,12,2009,5,3.0,6.0,0,1.0,3,0,3,  ,0,0.0,1,0,0,0,0,0,0,0,0,0,0,0,0,0,1,0,0
12074,2010005517,1806.0,1745.0,67,67301,39.9259,-75.1623,0,0,0,0,0,0,8,12,2009,3,17.0,3.0,0,1.0,3,1,3,  ,3,3.0,0,0,0,0,0,0,0,0,0,0,0,0,0,0,0,0,0
12075,2010005607,1650.0,1645.0,67,67301,39.9614,-75.1913,0,0,0,0,0,0,5,12,2009,6,16.0,4.0,0,1.0,3,0,3,  ,0,0.0,0,0,0,0,0,0,0,0,0,0,0,0,0,0,0,0,0
12076,2010005609,1912.0,1909.0,67,67301,39.9504,-75.1917,0,0,0,0,0,0,5,12,2009,2,19.0,3.0,0,1.0,3,1,3,  ,0,0.0,0,0,0,0,0,0,0,0,0,0,0,0,0,0,0,0,0
12077,2010005644,1109.0,1104.0,67,67301,39.9442,-75.2166,0,0,0,0,0,0,1,12,2009,4,17.0,6.0,0,98.0,3,1,99,  ,2,3.0,1,0,0,0,0,0,0,0,0,0,0,0,0,0,0,0,0
12078,2010005690,1407.0,1405.0,67,67301,39.9498,-75.1776,0,0,0,0,0,0,4,12,2009,6,13.0,1.0,0,1.0,3,1,3,  ,2,3.0,1,0,1,0,0,0,0,0,0,0,0,0,0,0,0,0,1
12079,2010005919,9999.0,9999.0,39,39301,40.6157,-75.4447,0,0,0,0,0,0,4,12,2009,6,99.0,1.0,0,1.0,3,1,3,  ,2,3.0,0,0,1,0,0,0,0,0,0,0,0,0,0,0,0,0,0
12080,2010005934,340.0,328.0,67,67301,39.9656,-75.2317,0,0,0,0,0,0,1,12,2009,7,3.0,6.0,99,9.0,3,0,10,  ,2,3.0,1,0,0,0,0,0,0,0,0,0,0,0,0,0,1,0,0
12081,2010006171,2015.0,2014.0,67,67301,39.9526,-75.1485,0,0,0,0,0,0,4,12,2009,1,20.0,3.0,0,9.0,3,1,7,  ,2,3.0,0,0,1,0,0,0,0,0,0,0,0,0,0,0,0,1,0
12082,2010006285,1735.0,1732.0,67,67301,39.9702,-75.1596,0,0,0,0,0,0,4,11,2009,2,17.0,1.0,0,1.0,3,1,3,  ,2,3.0,1,0,1,0,0,0,0,0,0,0,0,0,0,0,0,0,0
12083,2010006289,1009.0,1007.0,67,67301,40.0005,-75.1687,0,0,0,0,0,0,6,12,2009,7,10.0,1.0,99,7.0,3,1,10,  ,0,0.0,1,0,0,0,0,0,0,0,0,0,0,0,0,0,0,0,0
12084,2010006368,756.0,752.0,67,67301,39.9561,-75.159,0,0,0,0,0,0,5,12,2009,3,7.0,1.0,0,9.0,3,0,3,  ,2,3.0,0,0,0,0,0,0,0,0,0,0,0,0,0,0,0,0,0
12085,2010006389,2039.0,2039.0,67,67301,39.953,-75.2028,0,0,0,0,0,0,4,12,2009,5,20.0,3.0,0,1.0,3,2,3,  ,3,3.0,0,0,1,0,0,0,0,0,0,0,0,0,0,0,0,0,1
12086,2010009538,1304.0,1303.0,67,67301,39.942,-75.1528,0,0,0,0,0,1,5,12,2009,3,99.0,1.0,0,1.0,3,0,3,  ,0,0.0,0,0,0,0,0,0,0,0,0,0,0,0,0,0,0,0,0
12087,2010010168,0.0,0.0,67,67301,39.9879,-75.144,0,0,0,0,0,0,4,6,2009,6,15.0,1.0,0,1.0,3,1,3,  ,3,3.0,0,0,1,0,0,0,0,0,0,0,0,0,0,0,0,0,0
12088,2010010190,0.0,0.0,67,67301,39.9592,-75.2373,0,0,0,0,0,0,1,6,2009,2,21.0,3.0,0,1.0,3,1,3,  ,0,0.0,0,0,0,0,0,0,0,0,0,0,0,0,0,0,0,0,0
12089,2010010509,0.0,0.0,67,67301,39.9517,-75.183,0,0,1,0,0,0,5,10,2009,3,4.0,6.0,0,1.0,3,0,3,  ,0,0.0,0,0,0,0,1,0,0,0,0,0,0,0,0,0,0,0,0
12090,2010010552,0.0,0.0,67,67301,39.9898,-75.1255,0,0,0,0,0,0,4,11,2009,3,6.0,5.0,0,1.0,3,1,3,  ,2,9.0,0,0,1,0,0,0,0,0,0,0,0,0,0,0,0,0,0
12091,2010010564,115.0,115.0,46,46413,,,0,0,0,0,0,0,4,10,2009,3,1.0,6.0,0,1.0,3,0,3,  ,0,0.0,0,0,1,0,0,0,0,0,0,0,0,0,0,0,0,0,0
12092,2010010579,0.0,0.0,7,7201,40.4485,-78.4418,0,0,0,0,0,0,6,7,2009,5,11.0,1.0,0,1.0,1,2,3,  ,0,0.0,1,0,0,0,0,0,0,0,0,0,0,0,0,0,0,0,0
12093,2010010611,0.0,0.0,7,7301,40.5028,-78.4119,0,0,0,0,0,0,4,10,2009,5,4.0,6.0,0,1.0,3,1,3,  ,9,9.0,0,0,1,0,0,0,0,0,0,0,0,0,0,0,0,0,0
12094,2010010627,926.0,925.0,67,67301,39.953,-75.1601,0,0,0,0,1,0,4,11,2009,5,9.0,1.0,0,1.0,3,0,3,  ,0,0.0,0,0,1,0,0,0,0,0,0,0,0,0,0,0,0,0,0
12095,2010010703,0.0,0.0,55,55217,40.1732,-78.6994,0,0,0,0,0,0,6,5,2009,7,15.0,1.0,0,1.0,1,0,3,  ,0,0.0,0,0,0,0,0,0,0,0,0,0,0,0,0,0,0,0,0
12096,2010011063,2006.0,2001.0,67,67301,39.9227,-75.1565,0,0,0,0,0,0,8,12,2009,1,99.0,2.0,0,1.0,3,1,3,  ,2,3.0,0,0,0,0,0,0,0,0,0,0,0,0,0,0,0,0,0
12097,2010011067,630.0,630.0,67,67301,39.9657,-75.2329,0,1,0,0,0,0,1,12,2009,7,3.0,3.0,0,7.0,3,0,10,  ,0,0.0,0,0,0,0,0,0,0,0,0,0,0,0,0,0,0,0,0
12098,2010011074,1751.0,1750.0,67,67301,39.9188,-75.1807,0,0,0,0,0,0,1,12,2009,5,17.0,3.0,0,1.0,3,0,3,  ,0,0.0,1,0,0,0,0,0,0,0,0,0,0,0,0,1,0,0,0
12099,2010011583,2343.0,2340.0,67,67301,39.9379,-75.1667,0,0,0,0,0,0,2,12,2009,1,23.0,3.0,0,1.0,3,1,3,  ,2,3.0,0,0,0,0,0,0,0,0,0,0,0,0,0,0,0,0,0
12100,2010016912,2255.0,2250.0,67,67301,39.9626,-75.2325,0,0,0,0,0,0,4,12,2009,5,22.0,3.0,99,9.0,3,1,7,  ,0,0.0,0,0,1,0,0,0,0,0,0,0,0,0,0,0,0,0,0
12101,2010018809,815.0,812.0,67,67301,39.9362,-75.1577,0,0,0,1,1,0,6,12,2009,5,8.0,1.0,0,1.0,3,0,3,  ,0,0.0,0,0,0,0,1,0,0,0,0,0,0,0,0,0,0,0,0
12102,2010018990,1320.0,1311.0,67,67301,39.9546,-75.1648,0,0,0,0,0,0,5,12,2009,5,13.0,1.0,0,1.0,3,0,3,  ,2,3.0,0,0,0,0,0,0,0,0,0,0,0,0,0,0,0,1,0
12103,2010023862,1450.0,1449.0,48,48302,40.6903,-75.2182,0,1,0,0,0,0,4,12,2009,1,14.0,1.0,0,2.0,3,1,3,  ,3,2.0,0,1,1,0,0,0,0,0,0,0,0,0,0,0,0,0,0
12104,2010024714,1000.0,1000.0,22,22301,40.2719,-76.8653,0,0,0,0,0,0,4,8,2009,7,9.0,1.0,0,1.0,3,1,3,  ,2,3.0,1,0,1,0,0,0,0,0,0,0,0,1,0,0,0,0,0
12105,2010032903,849.0,848.0,49,49301,40.7924,-76.5494,0,1,0,0,0,0,4,5,2009,7,8.0,1.0,0,1.0,2,1,3,  ,3,3.0,0,0,1,0,0,0,0,0,0,0,0,0,0,0,0,0,0
12106,2010034524,1302.0,1300.0,49,49301,40.7903,-76.5562,0,0,0,0,0,0,4,7,2009,6,13.0,1.0,0,1.0,2,1,3,  ,3,3.0,0,0,1,0,0,0,0,0,0,0,0,0,0,0,0,0,0
12107,2010093872,1647.0,1647.0,15,15403,40.0053,-75.7059,0,0,0,0,0,0,8,12,2009,3,16.0,3.0,0,1.0,3,2,3,  ,4,3.0,1,0,0,0,0,0,0,0,0,0,0,0,0,0,0,1,0
12108,2010107015,2150.0,2147.0,49,49405,41.018,-76.848,0,0,0,0,0,0,4,10,2009,5,21.0,2.0,0,1.0,2,1,3,  ,3,3.0,0,0,1,0,0,0,0,0,0,0,0,0,0,0,0,1,0
12109,2011015454,1426.0,1425.0,36,36404,40.0326,-76.5027,0,0,0,0,0,0,1,3,2009,4,14.0,1.0,0,1.0,3,0,3,  ,0,0.0,0,0,0,0,0,0,0,0,0,0,0,0,0,0,0,0,0
12110,2011019536,1640.0,1630.0,36,36404,40.0282,-76.4901,0,0,0,0,0,0,4,5,2009,2,16.0,1.0,0,1.0,3,0,3,  ,0,0.0,0,0,1,0,0,0,0,0,0,0,0,0,0,0,0,0,1
12111,2011019808,1605.0,1602.0,36,36404,40.0319,-76.4905,0,0,0,0,1,0,4,5,2009,5,16.0,1.0,7,1.0,3,0,3,  ,2,3.0,0,0,1,0,0,0,0,0,0,0,0,0,0,0,0,0,0
12112,2011030867,1633.0,1632.0,36,36404,40.0315,-76.4796,0,0,0,0,0,0,4,7,2009,5,16.0,1.0,7,1.0,3,0,3,  ,0,0.0,1,0,1,0,0,0,0,0,0,0,0,0,0,0,0,0,0
12113,2010003893,654.0,630.0,64,64209,40.3123,-79.6193,0,1,0,0,0,0,4,1,2010,5,6.0,2.0,7,7.0,3,0,3,  ,0,0.0,1,0,1,0,0,0,0,0,0,0,0,0,0,0,0,0,0
12114,2010003908,1111.0,1107.0,15,15251,40.0863,-75.6464,0,0,0,0,1,0,8,1,2010,7,11.0,1.0,0,1.0,1,2,3,  ,3,3.0,0,0,0,0,0,0,0,0,0,0,0,0,0,0,0,0,0
12115,2010004539,724.0,721.0,36,36101,40.1045,-76.3127,0,0,0,0,0,0,1,1,2010,5,7.0,5.0,0,1.0,3,0,3,  ,0,0.0,0,0,0,0,0,1,0,0,0,0,0,0,0,0,0,0,0
12116,2010006454,1110.0,1107.0,14,14410,40.7927,-77.8639,0,0,0,0,0,1,1,1,2010,6,11.0,1.0,0,1.0,3,1,3,  ,2,3.0,0,0,0,0,0,1,0,0,0,0,0,0,0,0,0,0,0
12117,2010006995,1802.0,1802.0,23,23111,39.9506,-75.2548,0,0,0,0,0,0,8,1,2010,1,18.0,3.0,0,9.0,3,2,7,  ,2,3.0,0,0,0,0,0,0,0,0,0,0,0,0,0,0,0,0,0
12118,2010007272,1320.0,1318.0,9,9202,40.0744,-74.9604,0,0,0,0,1,0,4,1,2010,2,13.0,1.0,7,1.0,3,0,3,  ,3,3.0,0,0,1,0,0,0,0,0,0,0,0,0,0,0,0,0,0
12119,2010007581,1228.0,1227.0,23,23411,39.8948,-75.2953,1,0,0,0,0,0,4,1,2010,3,12.0,1.0,0,1.0,3,2,3,  ,0,0.0,0,0,1,0,0,0,0,0,0,0,0,0,0,0,0,1,0
12120,2010007617,1355.0,1354.0,48,48301,40.6118,-75.3826,0,0,0,0,0,1,5,1,2010,5,13.0,1.0,0,1.0,3,0,3,  ,3,3.0,0,1,0,0,0,0,0,0,0,0,0,0,0,0,0,0,0
12121,2010007916,1532.0,1528.0,21,21103,40.2213,-76.9821,0,0,0,0,0,0,4,1,2010,3,15.0,1.0,0,1.0,3,1,3,  ,2,3.0,0,0,1,0,0,0,0,0,0,0,0,0,0,0,0,0,0
12122,2010008797,1739.0,1737.0,38,38208,40.3391,-76.4508,0,0,0,0,0,0,4,1,2010,4,17.0,4.0,0,1.0,1,1,3,  ,2,3.0,0,0,1,0,0,0,0,0,0,0,0,0,0,0,0,0,0
12123,2010009021,805.0,804.0,46,46224,40.1025,-75.2784,0,0,0,0,1,0,2,1,2010,7,8.0,1.0,0,1.0,3,2,3,  ,2,3.0,0,0,0,0,0,0,0,0,0,0,0,0,0,0,0,0,0
12124,2010009518,1522.0,1519.0,23,23103,40.0126,-75.3163,0,1,0,0,0,0,4,1,2010,2,15.0,1.0,0,1.0,3,1,3,  ,2,3.0,0,0,1,0,0,0,0,0,0,0,0,0,0,0,0,0,1
12125,2010010787,1940.0,1936.0,9,9216,40.2299,-74.9499,0,0,0,0,0,0,2,1,2010,2,19.0,2.0,0,1.0,3,0,3,  ,0,0.0,0,0,0,0,0,0,0,0,0,0,0,0,0,0,0,0,1
12126,2010011528,1116.0,1113.0,67,67301,39.9341,-75.1573,0,0,0,0,0,0,6,1,2010,1,11.0,1.0,0,1.0,3,2,3,  ,3,3.0,0,0,0,0,0,0,0,0,0,0,0,0,0,0,0,1,0
12127,2010011553,1044.0,1044.0,67,67301,39.9511,-75.198,0,0,0,0,1,0,5,1,2010,5,10.0,1.0,0,1.0,3,0,3,  ,0,0.0,0,0,0,0,0,0,0,0,0,0,0,0,0,0,0,0,0
12128,2010011554,2114.0,2112.0,67,67301,39.9273,-75.1448,0,0,0,0,0,0,4,1,2010,2,21.0,3.0,0,1.0,3,1,3,  ,2,3.0,0,0,1,0,0,0,0,0,0,0,0,0,0,0,0,0,0
12129,2010011570,1442.0,1441.0,67,67301,39.9388,-75.1784,0,0,0,0,0,0,4,1,2010,3,14.0,1.0,0,1.0,3,1,3,  ,3,3.0,0,0,1,0,0,0,0,0,0,0,0,0,0,0,0,0,1
12130,2010011688,1727.0,1727.0,36,36301,40.0498,-76.3175,0,0,0,1,0,0,4,1,2010,2,17.0,4.0,0,1.0,3,2,3,  ,2,3.0,0,0,1,0,0,0,0,0,0,0,0,0,0,0,0,0,0
12131,2010013305,1402.0,1400.0,53,53427,40.8214,-76.2022,0,0,0,0,0,0,4,1,2010,4,13.0,1.0,0,1.0,1,1,3,  ,3,3.0,0,0,1,0,0,0,0,0,0,0,0,0,0,0,0,1,0
12132,2010013609,2235.0,2222.0,9,9204,40.3278,-75.1288,0,0,0,0,0,0,4,1,2010,3,22.0,3.0,0,1.0,1,1,3,  ,2,3.0,1,0,1,0,0,0,0,0,0,0,0,1,0,0,0,0,0
12133,2010014011,600.0,555.0,36,36218,40.1712,-76.1255,0,0,0,0,1,0,4,2,2010,3,5.0,2.0,0,1.0,1,0,3,  ,0,0.0,0,0,1,0,0,0,0,0,0,0,0,0,0,0,0,0,0
12134,2010014114,1511.0,1506.0,48,48301,40.6083,-75.3853,0,0,0,0,1,0,4,2,2010,5,15.0,1.0,0,1.0,3,2,3,  ,0,0.0,0,0,1,0,0,0,0,0,0,0,0,0,0,0,0,0,0
12135,2010014724,1514.0,1503.0,63,63204,41.551,-75.2652,0,0,0,0,0,0,5,2,2010,5,15.0,1.0,0,1.0,1,0,3,  ,0,0.0,1,0,0,0,0,0,0,0,0,0,0,0,0,0,0,0,0
12136,2010016934,2118.0,2117.0,67,67301,39.9283,-75.1655,0,0,0,0,0,0,4,1,2010,1,21.0,3.0,0,1.0,3,0,3,  ,0,0.0,0,0,1,0,0,0,0,0,0,0,0,0,0,0,0,0,0
12137,2010017016,945.0,943.0,23,23106,40.0321,-75.3428,0,0,0,0,0,0,5,1,2010,7,9.0,1.0,0,1.0,3,2,3,  ,0,0.0,1,0,0,0,0,0,0,0,0,0,1,0,0,0,0,0,0
12138,2010017087,1955.0,1950.0,67,67301,39.9413,-75.2084,0,0,0,0,0,0,1,1,2010,3,19.0,3.0,0,1.0,3,2,3,  ,2,3.0,0,0,0,0,0,0,0,0,0,0,0,0,0,0,0,0,0
12139,2010017107,9999.0,9999.0,67,67301,39.9996,-75.069,0,0,0,0,0,1,4,1,2010,6,99.0,1.0,0,1.0,3,1,3,  ,3,3.0,0,0,1,0,0,0,0,0,0,0,0,0,0,0,0,0,1
12140,2010017129,147.0,147.0,67,67301,39.9362,-75.1704,0,0,1,0,0,0,4,1,2010,4,1.0,3.0,0,1.0,3,1,3,  ,3,3.0,0,0,1,0,1,0,0,0,0,0,0,0,0,0,0,0,0
12141,2010017224,1953.0,1950.0,67,67301,39.987,-75.149,0,0,0,0,0,1,1,1,2010,1,18.0,3.0,0,9.0,3,1,7,  ,2,3.0,1,0,0,0,0,0,0,0,0,0,0,0,0,0,1,0,0
12142,2010017251,1457.0,1450.0,67,67301,40.0382,-75.1901,0,0,0,0,0,0,5,1,2010,2,14.0,1.0,0,1.0,3,1,3,  ,2,3.0,1,0,0,0,0,0,0,0,0,0,0,0,0,0,0,0,0
12143,2010017262,2028.0,2026.0,67,67301,39.9485,-75.1668,0,0,0,0,0,0,5,1,2010,3,20.0,3.0,0,1.0,3,0,3,  ,0,0.0,0,0,0,0,0,0,0,0,0,0,0,0,0,0,0,0,0
12144,2010017266,9999.0,1921.0,67,67301,39.9452,-75.1418,0,0,0,0,0,0,4,1,2010,6,99.0,3.0,0,1.0,3,2,3,  ,2,3.0,1,0,1,0,0,0,0,0,0,0,0,1,0,0,0,0,0
12145,2010017268,1606.0,1606.0,53,53301,40.6789,-76.2123,0,0,0,0,0,0,4,1,2010,3,16.0,1.0,0,1.0,2,0,3,  ,0,0.0,0,0,1,0,0,0,0,0,0,0,0,0,0,0,0,0,0
12146,2010018300,1216.0,1214.0,41,41301,41.2401,-77.0085,0,0,0,0,0,0,5,2,2010,4,12.0,1.0,0,1.0,3,1,3,  ,2,3.0,0,0,0,0,0,0,0,0,0,0,0,0,0,0,0,1,0
12147,2010018344,1537.0,1535.0,9,9409,40.2052,-74.7786,0,0,0,0,0,0,8,2,2010,6,15.0,1.0,0,1.0,3,1,3,  ,3,3.0,0,0,0,0,0,0,0,0,0,0,0,0,0,0,0,0,0
12148,2010019411,1134.0,1134.0,6,6301,40.3243,-75.9336,0,0,0,1,0,0,4,1,2010,6,11.0,1.0,2,1.0,3,1,3,  ,2,3.0,0,0,1,0,1,0,0,0,0,0,0,0,0,0,0,0,0
12149,2010020377,51.0,27.0,25,25414,41.9489,-79.989,0,0,0,1,0,0,4,2,2010,5,0.0,2.0,0,7.0,1,0,10,  ,0,0.0,0,1,1,0,1,0,0,0,0,0,0,0,0,0,0,0,0
12150,2010021630,1408.0,1406.0,67,67301,40.0485,-75.2353,0,0,0,0,0,0,4,1,2010,7,14.0,1.0,0,1.0,3,1,3,  ,2,3.0,0,0,1,0,0,0,0,0,0,0,0,0,0,0,0,0,0
12151,2010021716,1530.0,1528.0,67,67301,39.9898,-75.1255,0,0,0,0,0,0,4,1,2010,4,15.0,1.0,0,1.0,3,1,3,  ,2,3.0,1,0,1,0,0,0,0,0,0,0,0,0,0,0,0,0,0
12152,2010021722,949.0,947.0,67,67301,39.9586,-75.1471,0,0,0,0,0,0,4,1,2010,6,9.0,1.0,0,1.0,3,1,3,  ,3,3.0,1,0,1,0,0,0,0,0,0,0,0,0,1,0,0,0,0
12153,2010023451,1712.0,1709.0,46,46208,40.1283,-75.4317,0,0,0,0,0,0,4,3,2010,2,17.0,1.0,0,2.0,3,1,3,  ,2,3.0,1,0,1,0,0,0,0,0,0,0,0,0,0,0,0,0,0
12154,2010024777,1311.0,1259.0,61,61301,41.8425,-79.1341,0,0,0,0,0,0,5,3,2010,1,12.0,1.0,0,1.0,2,0,3,  ,3,3.0,0,0,0,0,0,0,0,0,0,0,0,0,0,0,0,0,1
12155,2010025171,1715.0,1710.0,36,36220,40.0447,-76.3399,0,0,0,0,0,1,4,3,2010,2,17.0,1.0,7,1.0,3,0,3,  ,0,0.0,0,0,1,0,0,0,0,0,0,0,0,0,0,0,0,1,0
12156,2010025369,1908.0,1905.0,36,36101,40.0832,-76.2906,0,0,0,0,0,0,4,3,2010,3,19.0,3.0,7,1.0,3,0,3,  ,0,0.0,1,0,1,0,0,0,0,0,0,0,0,0,0,0,0,0,0
12157,2010025393,1703.0,1657.0,14,14410,40.7947,-77.8666,0,0,0,0,0,1,4,3,2010,3,16.0,1.0,0,1.0,3,2,3,  ,3,3.0,1,0,1,0,0,0,0,0,0,0,0,0,0,0,0,0,0
12158,2010025428,1603.0,1558.0,36,36209,40.1157,-76.0976,0,0,0,0,0,0,1,3,2010,3,15.0,1.0,0,1.0,1,0,3,  ,0,0.0,0,0,0,0,0,0,0,0,0,0,0,0,0,0,0,0,1
12159,2010025588,1719.0,1719.0,21,21407,40.2272,-76.8686,0,0,0,0,0,0,6,3,2010,4,17.0,1.0,0,1.0,3,1,3,  ,3,3.0,0,0,0,0,0,0,0,0,0,0,0,0,0,0,0,0,1
12160,2010025604,2120.0,2106.0,2,2301,40.4648,-79.9603,0,0,0,0,0,0,6,3,2010,4,21.0,3.0,0,1.0,3,2,3,  ,0,0.0,0,0,0,0,0,0,0,0,0,0,0,0,0,0,0,0,0
12161,2010025969,1244.0,1155.0,66,66228,39.8693,-76.6645,0,0,0,0,0,0,4,2,2010,4,11.0,1.0,7,1.0,3,0,3,  ,0,0.0,1,0,1,0,0,0,0,0,0,0,0,0,0,0,0,1,0
12162,2010026006,1854.0,1841.0,43,43303,41.2153,-80.4716,0,0,0,0,0,0,1,3,2010,5,18.0,1.0,0,1.0,3,0,3,  ,0,0.0,0,0,0,0,0,0,0,0,0,0,0,0,0,0,0,0,0
12163,2010026041,2240.0,2230.0,66,66231,39.9757,-76.7995,0,0,0,0,0,0,4,2,2010,6,22.0,3.0,0,7.0,1,1,10,  ,3,3.0,0,0,1,0,0,0,0,0,0,0,0,0,0,0,0,0,0
12164,2010026051,753.0,738.0,54,54204,40.6707,-76.9091,0,0,0,0,0,0,4,3,2010,2,7.0,1.0,7,1.0,1,0,3,  ,0,0.0,0,0,1,0,0,0,0,0,0,0,0,0,0,0,0,1,0
12165,2010026884,2207.0,2202.0,9,9204,40.3138,-75.1054,0,0,0,0,0,1,1,2,2010,6,22.0,2.0,0,1.0,1,0,3,  ,2,3.0,0,0,0,0,0,1,0,0,0,0,0,0,0,0,0,0,0
12166,2010026888,1110.0,1104.0,9,9211,40.2651,-74.887,0,0,0,0,0,0,4,3,2010,1,11.0,1.0,0,1.0,3,2,3,  ,3,3.0,1,0,1,0,0,0,0,0,0,0,1,0,1,0,0,0,0
12167,2010027318,1721.0,1721.0,66,66208,40.214,-76.8788,0,0,0,0,0,0,4,3,2010,3,17.0,1.0,7,1.0,1,0,3,  ,0,0.0,1,0,1,0,0,1,0,0,0,0,0,0,0,0,0,0,0
12168,2010027778,1535.0,1521.0,2,2301,40.4553,-79.9406,0,0,0,0,0,0,2,3,2010,4,15.0,1.0,0,1.0,3,0,3,  ,0,0.0,1,0,0,0,0,0,0,0,0,0,0,0,0,0,0,0,0
12169,2010027821,1322.0,1319.0,46,46110,40.144,-75.1066,0,0,0,0,0,0,4,3,2010,5,13.0,1.0,0,1.0,3,1,3,  ,3,3.0,0,0,1,0,0,0,0,0,0,0,0,0,0,0,0,1,0
12170,2010027936,1705.0,1701.0,67,67301,40.1025,-75.0385,0,0,0,0,1,0,4,2,2010,6,16.0,1.0,0,1.0,3,2,3,  ,3,3.0,0,0,1,0,0,0,0,0,0,0,0,0,0,0,0,0,0
12171,2010028152,2133.0,2123.0,67,67301,39.9458,-75.1668,0,0,0,0,0,0,4,2,2010,3,21.0,3.0,0,9.0,3,1,7,  ,2,3.0,0,0,1,0,0,0,0,0,0,0,0,0,0,0,0,0,0
12172,2010028169,2147.0,2010.0,67,67301,39.9805,-75.2282,0,0,0,0,0,0,1,2,2010,3,19.0,3.0,0,1.0,3,1,3,  ,2,3.0,0,1,0,0,0,0,0,0,0,0,0,0,0,0,0,0,0
12173,2010028570,820.0,820.0,67,67301,39.9629,-75.2019,0,0,0,0,0,0,4,2,2010,2,6.0,1.0,0,7.0,3,1,10,  ,2,3.0,0,0,1,0,0,0,0,0,0,0,0,0,0,0,0,0,0
12174,2010028613,1945.0,1945.0,23,23405,39.913,-75.2787,0,0,0,0,0,0,2,3,2010,6,19.0,3.0,0,1.0,3,1,3,  ,3,2.0,0,0,0,0,0,0,0,0,0,0,0,0,0,0,0,0,0
12175,2010028853,1757.0,1753.0,28,28406,39.7422,-77.5925,0,0,0,0,0,0,1,3,2010,7,17.0,1.0,0,1.0,2,0,3,  ,0,0.0,0,0,0,0,0,1,0,0,0,0,0,0,0,0,0,1,0
12176,2010028901,2147.0,2138.0,40,40302,41.2007,-76.0092,0,0,0,0,0,0,4,3,2010,7,21.0,2.0,0,1.0,3,1,3,  ,3,3.0,0,0,1,0,0,0,0,0,0,0,0,0,0,0,0,0,0
12177,2010028981,1748.0,1745.0,43,43303,41.2316,-80.4616,0,0,0,0,0,1,4,3,2010,1,17.0,1.0,0,1.0,3,1,3,  ,3,3.0,0,0,1,0,0,0,0,0,0,0,0,0,0,0,0,0,0
12178,2010029118,1753.0,1751.0,36,36410,40.1571,-76.3914,0,0,0,0,0,0,4,3,2010,4,17.0,1.0,0,1.0,2,1,3,  ,0,0.0,0,0,1,0,0,0,0,0,0,0,0,0,0,0,0,0,0
12179,2010029121,1414.0,1409.0,6,6221,40.3312,-76.039,0,0,0,0,1,0,1,3,2010,5,14.0,1.0,0,1.0,1,0,3,  ,0,0.0,0,0,0,0,0,0,0,0,0,0,0,0,0,0,0,0,0