,CRN,ARRIVAL_TM,DISPATCH_TM,COUNTY,MUNICIPALITY,DEC_LAT,DEC_LONG,BICYCLE_DEATH_COUNT,BICYCLE_SUSP_SERIOUS_INJ_COUNT,BUS_COUNT,HEAVY_TRUCK_COUNT,SMALL_TRUCK_COUNT,SUV_COUNT,COLLISION_TYPE,CRASH_MONTH,CRASH_YEAR,DAY_OF_WEEK,HOUR_OF_DAY,ILLUMINATION,LOCATION_TYPE,ROAD_CONDITION,URBAN_RURAL,INTERSECT_TYPE,WEATHER1,WEATHER2,TCD_TYPE,TCD_FUNC_CD,AGGRESSIVE_DRIVING,ALCOHOL_RELATED,ANGLE_CRASH,CELL_PHONE,COMM_VEHICLE,DISTRACTED,DRINKING_DRIVER,DRUGGED_DRIVER,FATIGUE_ASLEEP,IMPAIRED_DRIVER,NHTSA_AGG_DRIVING,RUNNING_RED_LT,RUNNING_STOP_SIGN,SPEEDING_RELATED,TAILGATING,MATURE_DRIVER,YOUNG_DRIVER
12180,2010029148,1318.0,1312.0,36,36234,40.092,-76.2117,0,0,0,0,0,0,4,3,2010,7,13.0,1.0,7,1.0,1,0,3,  ,0,0.0,1,0,1,0,0,0,0,0,0,0,0,0,0,1,0,0,0
12181,2010029152,1533.0,1533.0,25,25302,42.1182,-80.099,0,0,0,0,0,0,8,3,2010,2,15.0,1.0,0,1.0,3,1,3,  ,0,0.0,0,0,0,0,0,0,0,0,0,0,0,0,0,0,0,0,0
12182,2010029286,1735.0,1731.0,2,2301,40.4574,-79.9174,0,0,0,0,0,0,4,3,2010,2,17.0,1.0,0,1.0,3,1,3,  ,2,3.0,0,1,1,0,0,1,0,0,0,0,0,0,0,0,0,0,0
12183,2010029471,1705.0,1659.0,67,67301,39.9751,-75.1878,0,0,0,0,0,0,4,2,2010,1,16.0,4.0,0,6.0,3,0,10,  ,2,3.0,0,0,1,0,0,0,0,0,0,0,0,0,0,0,0,0,0
12184,2010029654,1721.0,1719.0,21,21103,40.2389,-76.9452,0,0,0,0,0,0,4,3,2010,3,17.0,1.0,7,1.0,3,0,3,  ,0,0.0,0,0,1,0,0,0,0,0,0,0,0,0,0,0,0,0,0
12185,2010029851,1736.0,1734.0,2,2301,40.4249,-79.9522,0,0,0,0,0,0,4,3,2010,4,17.0,1.0,0,1.0,3,2,3,  ,0,0.0,1,0,1,0,0,0,0,0,0,0,0,0,0,0,0,0,0
12186,2010030156,1817.0,1757.0,31,31201,40.6959,-77.8939,0,1,0,0,0,1,1,3,2010,3,17.0,1.0,0,1.0,1,0,3,  ,0,0.0,1,0,0,0,0,0,0,0,0,0,0,0,0,0,0,0,0
12187,2010030319,1649.0,1648.0,6,6301,40.3652,-75.9153,0,0,0,0,0,0,4,3,2010,7,16.0,1.0,0,1.0,3,1,3,  ,2,3.0,1,0,1,0,0,0,0,0,0,0,0,0,0,0,0,0,0
12188,2010030532,1614.0,1613.0,40,40304,41.2654,-75.8463,1,0,0,1,0,0,5,3,2010,6,16.0,1.0,0,1.0,3,0,3,  ,0,0.0,0,0,0,0,1,1,0,0,0,0,0,0,0,0,0,0,0
12189,2010030558,1657.0,1654.0,2,2304,40.3451,-79.8394,0,0,0,0,0,1,8,3,2010,3,16.0,1.0,0,1.0,3,2,3,  ,0,0.0,0,0,0,0,0,0,0,0,0,0,0,0,0,0,0,0,0
12190,2010030635,1049.0,1045.0,2,2118,40.5116,-79.9474,0,0,0,0,1,0,1,3,2010,7,99.0,1.0,0,1.0,3,1,3,  ,2,9.0,1,0,0,0,0,0,0,0,0,0,0,0,0,0,1,1,0
12191,2010030673,1739.0,1738.0,15,15410,39.9591,-75.9214,0,0,0,0,0,1,9,3,2010,6,17.0,1.0,0,1.0,1,1,3,  ,3,3.0,0,0,0,0,0,0,0,0,0,0,0,0,0,0,0,0,0
12192,2010030894,1845.0,1830.0,21,21101,40.2773,-76.9182,0,0,0,0,0,0,4,3,2010,4,18.0,1.0,0,1.0,3,1,3,  ,3,9.0,0,0,1,0,0,0,0,0,0,0,0,0,0,0,0,0,0
12193,2010031057,1748.0,1743.0,22,22409,40.2093,-76.7268,0,0,0,0,0,0,8,3,2010,6,17.0,1.0,0,1.0,3,0,3,  ,0,0.0,0,0,0,0,0,0,0,0,0,0,0,0,0,0,0,0,0
12194,2010031069,1353.0,1353.0,14,14410,40.7916,-77.8677,0,0,0,0,1,0,4,3,2010,4,14.0,1.0,0,1.0,3,1,3,  ,3,3.0,0,0,1,0,0,0,0,0,0,0,0,0,0,0,0,0,0
12195,2010031187,1202.0,1200.0,36,36301,40.0508,-76.2993,0,0,0,0,0,0,4,3,2010,1,12.0,1.0,0,1.0,3,1,3,  ,2,3.0,0,0,1,0,0,0,0,0,0,0,0,0,0,0,0,0,0
12196,2010031188,1458.0,1452.0,66,66418,40.053,-76.7178,0,0,0,0,0,0,4,3,2010,1,14.0,1.0,0,1.0,3,0,3,  ,0,0.0,1,0,1,0,0,0,0,0,0,0,0,0,0,1,0,0,0
12197,2010031481,1626.0,1624.0,48,48302,40.6907,-75.2204,1,0,1,0,0,0,4,3,2010,4,16.0,1.0,0,1.0,3,1,3,  ,3,3.0,0,0,1,0,1,0,0,0,0,0,0,0,0,0,0,0,0
12198,2010031794,1850.0,1847.0,2,2113,40.4757,-79.8646,0,0,0,0,0,0,4,3,2010,4,18.0,1.0,0,1.0,3,2,3,  ,0,0.0,1,0,1,0,0,0,0,0,0,0,0,0,0,0,0,0,0
12199,2010031960,1041.0,1041.0,23,23411,39.8951,-75.296,0,0,0,0,0,0,4,3,2010,5,10.0,1.0,0,1.0,3,2,3,  ,0,0.0,0,0,1,0,0,0,0,0,0,0,0,0,0,0,0,0,0
12200,2010032129,1655.0,1651.0,35,35417,41.4746,-75.5706,0,0,0,0,0,0,4,3,2010,4,16.0,1.0,0,1.0,3,1,3,  ,3,3.0,0,0,1,0,0,0,0,0,0,0,0,0,0,0,0,0,0
12201,2010032485,805.0,758.0,67,67301,39.9865,-75.2051,0,0,0,0,0,0,4,3,2010,7,7.0,1.0,0,1.0,3,2,3,  ,2,3.0,0,0,1,0,0,0,0,0,0,0,0,0,0,0,0,0,0
12202,2010032577,9999.0,1647.0,67,67301,39.9792,-75.1618,0,0,0,0,0,0,4,3,2010,1,99.0,1.0,0,1.0,3,1,3,  ,3,9.0,0,0,1,0,0,0,0,0,0,0,0,0,0,0,0,0,0
12203,2010032741,2100.0,2052.0,67,67301,39.9753,-75.121,0,0,0,0,0,0,5,3,2010,1,20.0,3.0,0,1.0,3,3,3,  ,0,0.0,0,0,0,0,0,0,0,0,0,0,0,0,0,0,0,0,0
12204,2010032744,1140.0,1133.0,67,67301,39.9481,-75.2222,0,0,0,0,0,0,1,2,2010,4,7.0,8.0,0,98.0,3,0,99,  ,0,0.0,1,0,0,0,0,0,0,0,0,0,0,0,0,0,1,1,0
12205,2010032755,40.0,35.0,67,67301,39.9631,-75.2242,0,0,0,0,0,0,4,2,2010,3,23.0,3.0,0,9.0,3,1,7,  ,2,3.0,0,0,1,0,0,0,0,0,0,0,0,0,0,0,0,0,0
12206,2010032797,2000.0,1957.0,67,67301,39.9159,-75.1746,0,1,0,0,0,0,4,3,2010,1,19.0,3.0,0,1.0,3,1,3,  ,3,3.0,0,0,1,0,0,0,0,0,0,0,0,0,0,0,0,1,0
12207,2010032813,2236.0,2235.0,67,67301,39.955,-75.2031,0,0,0,0,0,0,4,3,2010,3,22.0,3.0,0,9.0,3,0,7,  ,0,0.0,0,0,1,0,0,0,0,0,0,0,0,0,0,0,0,1,0
12208,2010032901,1248.0,1243.0,36,36213,40.1135,-76.0306,0,0,0,0,0,0,4,4,2010,7,12.0,1.0,0,1.0,1,0,3,  ,0,0.0,0,0,1,0,0,0,0,0,0,0,0,0,0,0,0,1,0
12209,2010033023,623.0,618.0,36,36236,40.2264,-76.1804,0,1,0,0,0,0,4,4,2010,1,6.0,2.0,0,1.0,1,1,3,  ,3,3.0,0,0,1,0,0,0,0,0,0,0,0,0,0,0,0,0,1
12210,2010033045,1340.0,1324.0,2,2301,40.4207,-79.9989,0,2,0,0,0,1,4,4,2010,1,13.0,1.0,0,1.0,3,2,3,  ,0,0.0,0,0,1,0,0,0,0,0,0,0,0,0,0,0,0,0,0
12211,2010033070,759.0,757.0,48,48302,40.6911,-75.2113,0,0,0,0,0,0,6,4,2010,1,7.0,1.0,0,1.0,3,1,3,  ,2,3.0,0,0,0,0,0,0,0,0,0,0,0,0,0,0,0,0,0
12212,2010033082,1736.0,1714.0,55,55411,39.8188,-79.0251,0,0,0,0,1,0,4,4,2010,6,17.0,1.0,0,1.0,1,1,3,  ,0,0.0,0,0,1,0,0,0,0,0,0,0,0,0,0,0,0,0,0
12213,2010033493,1801.0,1233.0,25,25408,42.0126,-80.3498,0,0,0,0,0,0,5,4,2010,7,12.0,1.0,0,1.0,1,2,3,  ,0,0.0,0,0,0,0,0,0,0,0,0,0,0,0,0,0,0,0,0
12214,2010033496,1935.0,1932.0,10,10301,40.8611,-79.9005,0,0,0,0,0,1,4,3,2010,4,19.0,4.0,0,1.0,2,1,3,  ,2,3.0,0,1,1,0,0,0,0,0,0,0,0,0,0,0,0,0,0
12215,2010033527,1516.0,1500.0,26,26203,40.0255,-79.5837,0,0,0,0,0,0,4,4,2010,7,14.0,1.0,0,1.0,1,1,3,  ,0,0.0,0,0,1,0,0,0,0,0,0,0,0,0,0,0,0,1,0
12216,2010033557,1751.0,1736.0,15,15220,39.8276,-75.6716,0,0,0,0,0,0,4,4,2010,5,17.0,1.0,0,1.0,1,2,3,  ,0,0.0,1,0,1,0,0,0,0,0,0,0,0,0,0,0,0,0,0
12217,2010034033,1505.0,1500.0,9,9225,40.171,-75.0448,0,0,0,0,0,1,4,4,2010,5,15.0,1.0,7,1.0,3,0,3,  ,0,0.0,1,0,1,0,0,0,0,0,0,0,0,0,0,0,0,0,0
12218,2010034170,1223.0,1213.0,67,67301,40.0399,-75.1268,0,0,0,0,0,0,4,3,2010,7,12.0,1.0,0,9.0,3,2,7,  ,3,3.0,1,0,1,0,0,0,0,0,0,0,0,0,0,0,0,0,0
12219,2010034183,1338.0,1334.0,67,67301,40.0225,-75.1565,0,0,0,0,1,0,4,3,2010,4,12.0,1.0,0,1.0,3,1,3,  ,3,3.0,0,0,1,0,0,0,0,0,0,0,0,0,0,0,0,0,0
12220,2010034228,2025.0,2021.0,2,2301,40.4581,-79.9955,0,0,0,0,0,0,1,4,2010,4,18.0,1.0,0,1.0,3,1,3,  ,0,0.0,1,0,0,0,0,0,0,0,0,0,0,0,0,0,1,0,0
12221,2010034246,1248.0,1246.0,15,15244,40.0473,-75.7914,0,0,0,0,0,0,4,4,2010,4,12.0,1.0,0,1.0,1,2,3,  ,0,0.0,1,0,1,0,0,0,0,0,0,0,0,0,0,0,0,1,0
12222,2010034251,1635.0,1634.0,20,20301,41.6473,-80.1535,0,0,0,0,0,1,0,4,2010,4,16.0,1.0,0,1.0,2,2,3,  ,3,3.0,1,0,0,0,0,0,0,0,0,0,0,0,0,0,0,0,0
12223,2010034338,851.0,849.0,66,66207,40.048,-76.7235,0,0,0,0,0,0,4,4,2010,4,8.0,1.0,7,1.0,1,0,3,  ,0,0.0,1,0,1,0,0,0,0,0,0,0,0,0,0,0,0,0,0
12224,2010034343,735.0,728.0,25,25302,42.091,-80.1029,0,0,0,0,0,0,4,4,2010,5,7.0,1.0,0,1.0,3,1,3,  ,3,3.0,1,0,1,0,0,0,0,0,0,0,0,0,0,0,0,0,0
12225,2010034530,827.0,825.0,21,21409,40.0478,-77.5233,0,0,0,0,0,0,5,4,2010,5,8.0,1.0,0,1.0,2,1,3,  ,2,3.0,0,0,0,0,0,0,0,0,0,0,0,0,0,0,0,0,0
12226,2010034808,30.0,30.0,66,66205,40.0074,-76.8566,0,0,0,0,0,0,4,3,2010,5,19.0,3.0,0,1.0,1,3,3,  ,0,0.0,1,0,1,0,0,0,0,0,0,0,0,0,0,0,0,0,0
12227,2010034846,1142.0,1137.0,36,36101,40.0589,-76.306,0,0,0,0,0,0,4,4,2010,6,11.0,1.0,7,1.0,3,0,3,  ,0,0.0,1,0,1,0,0,0,0,0,0,0,0,0,0,0,0,0,0
12228,2010034887,1610.0,1607.0,23,23107,39.8946,-75.3179,0,0,0,0,0,0,3,4,2010,6,16.0,1.0,0,9.0,3,1,3,  ,3,3.0,0,0,0,0,0,0,0,0,0,0,0,0,0,0,0,0,0
12229,2010034946,935.0,930.0,35,35302,41.4096,-75.6695,0,0,0,0,0,1,4,1,2010,5,9.0,1.0,0,1.0,3,2,3,  ,2,3.0,1,0,1,0,0,0,0,0,0,0,0,0,0,0,0,0,0
12230,2010035131,1229.0,1227.0,2,2109,40.3775,-80.0353,0,0,0,0,0,0,4,4,2010,7,12.0,1.0,0,1.0,3,0,3,  ,0,0.0,0,0,1,0,0,0,0,0,0,0,0,0,0,0,0,0,0
12231,2010035137,1502.0,1500.0,37,37301,40.9973,-80.3312,0,0,0,0,0,0,4,4,2010,3,14.0,1.0,0,1.0,2,2,3,  ,3,3.0,0,0,1,0,0,0,0,0,0,0,0,0,0,0,0,0,1
12232,2010035233,1311.0,1307.0,25,25302,42.128,-80.0759,0,0,0,0,0,0,4,4,2010,7,13.0,1.0,7,1.0,3,0,3,  ,0,0.0,0,0,1,0,0,0,0,0,0,0,0,0,0,0,0,0,0
12233,2010035385,1953.0,1947.0,25,25302,42.1167,-80.0548,0,0,0,0,0,0,9,4,2010,1,19.0,1.0,0,1.0,3,1,3,  ,3,3.0,0,0,0,0,0,0,0,0,0,0,0,0,0,0,0,0,0
12234,2010035471,1656.0,1654.0,22,22301,40.2795,-76.892,0,0,0,0,0,0,4,4,2010,2,16.0,1.0,0,1.0,3,2,3,  ,0,0.0,0,0,1,0,0,0,0,0,0,0,0,0,0,0,0,0,0
12235,2010035476,1604.0,1603.0,22,22301,40.2711,-76.8673,0,0,0,0,0,0,4,4,2010,3,16.0,1.0,0,1.0,3,0,3,  ,0,0.0,0,0,1,0,0,0,0,0,0,0,0,0,0,0,0,0,0
12236,2010035514,820.0,818.0,2,2430,40.5018,-79.9455,0,0,0,0,0,1,8,4,2010,2,8.0,1.0,0,1.0,3,0,3,  ,2,3.0,0,0,0,0,0,0,0,0,0,0,0,0,0,0,0,0,0
12237,2010035744,711.0,710.0,9,9218,40.1994,-74.984,0,0,0,0,0,0,4,4,2010,2,7.0,1.0,0,1.0,3,1,3,  ,2,3.0,1,0,1,0,0,0,0,0,0,0,0,0,0,0,0,0,1
12238,2010035759,1833.0,1827.0,2,2209,40.5524,-79.9348,0,0,0,0,0,0,1,4,2010,2,18.0,1.0,0,1.0,3,0,3,  ,0,0.0,0,0,0,0,0,1,0,0,0,0,0,0,0,0,0,0,0
12239,2010036089,2328.0,2325.0,36,36301,40.044,-76.3096,0,0,0,0,0,0,4,4,2010,4,23.0,3.0,0,1.0,3,1,3,  ,3,3.0,0,0,1,0,0,0,0,0,0,0,0,0,0,0,0,0,0
12240,2010036222,1440.0,1434.0,66,66227,39.9781,-76.6746,0,0,0,0,0,0,4,4,2010,4,14.0,1.0,7,1.0,3,0,3,  ,2,3.0,1,0,1,0,0,0,0,0,0,0,0,0,0,0,0,0,0
12241,2010036239,1641.0,1641.0,23,23301,39.8366,-75.3968,0,0,0,0,0,1,4,4,2010,4,16.0,1.0,0,1.0,3,2,3,  ,0,0.0,0,0,1,0,0,0,0,0,0,0,0,0,0,0,0,0,0
12242,2010036341,1700.0,1656.0,2,2444,40.4688,-80.0699,0,0,0,0,0,0,1,4,2010,2,16.0,1.0,0,1.0,3,0,3,  ,0,0.0,1,0,0,0,0,0,0,0,0,0,0,0,0,0,0,0,0
12243,2010036370,619.0,606.0,64,64212,40.1837,-79.5098,1,0,0,0,1,0,2,4,2010,4,5.0,2.0,0,1.0,1,0,3,  ,0,0.0,0,0,0,0,0,0,0,0,0,0,0,0,0,0,0,0,0
12244,2010036686,1352.0,1349.0,6,6228,40.4496,-75.9436,0,0,0,0,0,0,4,4,2010,5,13.0,1.0,0,1.0,1,2,3,  ,3,3.0,0,0,1,0,0,0,0,0,0,0,0,0,0,0,0,1,0
12245,2010036835,2332.0,2329.0,66,66301,39.9618,-76.7229,0,0,0,0,0,0,1,4,2010,6,23.0,3.0,0,9.0,3,0,7,  ,0,0.0,1,0,0,0,0,0,0,0,0,0,0,0,0,0,0,0,1
12246,2010036944,623.0,619.0,9,9101,40.1481,-74.8505,0,0,0,0,0,0,4,3,2010,6,6.0,3.0,0,1.0,3,2,3,  ,3,3.0,1,0,1,0,0,0,0,0,0,0,0,0,0,0,0,0,1
12247,2010037326,1528.0,1519.0,21,21213,40.0796,-77.193,0,0,0,0,1,0,5,4,2010,7,15.0,1.0,0,1.0,1,0,3,  ,0,0.0,1,0,0,0,0,0,0,0,0,0,0,0,0,0,0,0,0
12248,2010037386,1440.0,1437.0,9,9228,40.2438,-75.1113,0,1,0,0,0,0,6,4,2010,4,14.0,1.0,0,1.0,1,0,3,  ,0,0.0,0,0,0,0,0,0,0,0,0,0,0,0,0,0,0,0,1
12249,2010037488,1825.0,1825.0,46,46101,40.1299,-75.1122,0,0,0,0,0,0,4,4,2010,1,18.0,1.0,0,1.0,3,1,3,  ,2,3.0,1,0,1,0,0,0,0,0,0,0,0,0,0,0,0,0,0
12250,2010037578,1902.0,1857.0,39,39101,40.5855,-75.4135,0,0,0,0,0,0,4,4,2010,5,18.0,1.0,7,1.0,1,0,3,  ,0,0.0,1,0,1,0,0,1,0,0,0,0,0,0,0,1,0,0,0
12251,2010037591,1715.0,1711.0,36,36101,40.0844,-76.266,0,0,0,0,1,0,4,4,2010,4,17.0,1.0,0,1.0,3,0,3,  ,0,0.0,1,0,1,0,0,0,0,0,0,0,1,0,0,0,0,1,0
12252,2010037592,1838.0,1835.0,40,40204,41.0409,-75.9542,0,0,0,0,0,1,4,3,2010,4,18.0,1.0,0,1.0,1,1,3,  ,2,3.0,0,0,1,0,0,0,0,0,0,0,0,0,0,0,0,0,0
12253,2010037659,1727.0,1654.0,66,66202,39.8625,-76.4364,0,0,0,0,0,0,4,4,2010,4,16.0,1.0,0,1.0,1,0,3,  ,0,0.0,0,0,1,0,0,0,0,0,0,0,0,0,0,0,0,0,0
12254,2010037709,1820.0,1819.0,9,9401,40.1023,-74.8494,0,0,0,0,0,1,4,4,2010,2,18.0,1.0,0,1.0,3,1,3,  ,2,9.0,1,0,1,0,0,0,0,0,0,0,0,0,0,0,0,0,0
12255,2010037801,1651.0,1644.0,7,7301,40.5057,-78.3916,0,0,0,0,0,0,4,4,2010,3,16.0,1.0,0,1.0,3,1,3,  ,3,3.0,0,0,1,0,0,0,0,0,0,0,0,0,0,0,0,0,0
12256,2010037927,1511.0,1511.0,38,38401,40.3355,-76.4819,0,0,0,0,0,0,4,4,2010,4,15.0,1.0,0,1.0,1,1,3,  ,0,0.0,0,0,1,0,0,0,0,0,0,0,0,0,0,0,0,0,0
12257,2010037998,715.0,711.0,35,35302,41.4274,-75.6438,0,0,0,0,0,0,8,4,2010,4,7.0,1.0,0,1.0,3,1,3,  ,3,3.0,1,0,0,0,0,0,0,0,0,0,0,0,0,0,0,1,0
12258,2010038079,950.0,947.0,61,61301,41.8554,-79.1403,0,0,0,0,0,1,4,4,2010,5,7.0,1.0,0,1.0,2,1,3,  ,3,3.0,1,0,1,0,0,0,0,0,0,0,0,0,0,0,0,0,0
12259,2010038174,1945.0,1942.0,36,36301,40.0402,-76.2996,0,0,0,0,0,0,4,4,2010,7,19.0,1.0,0,1.0,3,10,3,  ,3,3.0,1,0,1,0,0,0,0,0,0,0,0,0,0,0,0,0,0
12260,2010038297,1324.0,1322.0,35,35302,41.4042,-75.676,0,0,0,0,0,1,4,2,2010,7,13.0,1.0,0,1.0,3,2,3,  ,3,3.0,0,0,1,0,0,0,0,0,0,0,0,0,0,0,0,0,0
12261,2010038376,1927.0,1926.0,46,46414,40.2117,-75.2779,0,0,0,0,0,1,8,4,2010,4,19.0,1.0,0,1.0,3,1,3,  ,3,3.0,1,0,0,0,0,0,0,0,0,0,0,0,0,0,0,0,0
12262,2010038465,1600.0,1559.0,61,61301,41.8451,-79.1454,0,0,0,0,0,1,1,4,2010,4,15.0,1.0,0,1.0,2,1,3,  ,2,3.0,1,0,0,0,0,0,0,0,0,0,0,0,0,0,0,1,0
12263,2010038629,905.0,905.0,67,67301,39.9505,-75.1929,0,0,0,0,0,0,5,3,2010,6,9.0,1.0,0,1.0,3,0,3,  ,0,0.0,0,0,0,0,0,0,0,0,0,0,0,0,0,0,0,0,0
12264,2010038675,1755.0,1752.0,67,67301,39.9298,-75.1442,0,0,0,0,0,0,5,3,2010,4,17.0,1.0,0,1.0,3,1,3,  ,2,3.0,1,0,0,0,0,0,0,0,0,0,0,0,0,0,0,0,0
12265,2010038683,1210.0,1208.0,46,46109,40.1549,-75.1554,0,0,0,0,0,1,4,3,2010,7,12.0,1.0,0,1.0,3,2,3,  ,3,3.0,1,0,1,0,0,0,0,0,0,0,0,0,0,0,0,0,0
12266,2010038743,2000.0,1957.0,41,41301,41.2449,-77.0037,0,0,0,0,0,0,4,4,2010,6,19.0,3.0,0,1.0,3,1,3,  ,0,0.0,0,0,1,0,0,1,0,0,0,0,0,0,0,0,0,1,0
12267,2010038761,1429.0,1426.0,67,67301,39.9612,-75.1466,0,0,0,0,0,0,4,3,2010,1,99.0,3.0,0,1.0,3,1,99,  ,2,9.0,1,0,1,0,0,0,0,0,0,0,0,0,0,0,0,0,0
12268,2010038767,2122.0,2120.0,67,67301,39.9923,-75.1422,0,0,0,0,0,0,4,3,2010,3,21.0,3.0,0,1.0,3,1,3,  ,2,3.0,0,0,1,0,0,0,0,0,0,0,0,0,0,0,0,0,0
12269,2010038811,1611.0,1609.0,67,67301,40.0348,-75.1175,0,0,0,0,0,0,4,4,2010,6,15.0,1.0,0,1.0,3,1,3,  ,2,3.0,0,0,1,0,0,0,0,0,0,0,0,0,0,0,0,0,0
12270,2010038988,1455.0,1449.0,67,67301,39.9209,-75.1722,0,0,0,0,0,0,4,3,2010,5,12.0,1.0,0,1.0,3,1,3,  ,3,3.0,0,0,1,0,0,0,0,0,0,0,0,0,0,0,0,0,0
12271,2010039128,1937.0,1934.0,67,67301,39.9756,-75.2547,0,1,0,0,0,0,8,3,2010,2,17.0,1.0,0,9.0,3,0,7,  ,0,0.0,0,0,0,0,0,0,0,0,0,0,0,0,0,0,0,0,0
12272,2010039135,1535.0,1525.0,67,67301,39.9342,-75.1582,0,0,0,0,0,0,4,3,2010,5,15.0,1.0,0,1.0,3,1,3,  ,3,3.0,1,0,1,0,0,0,0,0,0,0,0,0,0,0,0,0,0
12273,2010039137,1720.0,1700.0,67,67301,39.9643,-75.2464,0,0,0,0,0,0,1,3,2010,2,17.0,1.0,0,1.0,3,0,3,  ,0,0.0,0,0,0,0,0,0,0,0,0,0,0,0,0,0,0,0,0
12274,2010039141,1531.0,1529.0,67,67301,39.9808,-75.2357,0,0,0,0,0,0,1,3,2010,7,15.0,1.0,0,1.0,3,3,3,  ,0,0.0,1,0,0,0,0,0,0,0,0,0,0,0,0,0,1,0,0
12275,2010039154,2305.0,2301.0,67,67301,39.9686,-75.2111,0,0,0,0,0,0,8,3,2010,6,23.0,3.0,0,1.0,3,5,3,  ,2,3.0,0,0,0,0,0,0,0,0,0,0,0,0,0,0,0,0,0
12276,2010039158,18.0,10.0,67,67301,40.0004,-75.1062,0,0,0,0,0,0,5,3,2010,4,18.0,1.0,0,1.0,3,0,3,  ,0,0.0,0,0,0,0,0,0,0,0,0,0,0,0,0,0,0,0,0
12277,2010039211,1538.0,1538.0,67,67301,39.941,-75.1743,0,0,0,0,0,0,8,4,2010,5,15.0,1.0,0,1.0,3,1,3,  ,2,3.0,0,0,0,0,0,0,0,0,0,0,0,0,0,0,0,0,0
12278,2010039214,1824.0,1824.0,67,67301,40.0878,-74.9723,0,0,0,0,0,0,4,3,2010,5,18.0,1.0,0,1.0,3,0,7,  ,0,0.0,0,0,1,0,0,0,0,0,0,0,0,0,0,0,0,0,0
12279,2010039285,1630.0,1626.0,67,67301,39.9875,-75.1191,0,0,0,0,1,0,8,3,2010,4,16.0,1.0,0,1.0,3,1,3,  ,3,3.0,0,0,0,0,0,0,0,0,0,0,0,0,0,0,0,0,0
12280,2010039312,1925.0,1921.0,67,67301,39.9768,-75.1965,0,0,0,0,0,0,4,3,2010,4,19.0,3.0,0,1.0,3,0,3,  ,0,0.0,1,0,1,0,0,0,0,0,0,0,0,0,0,1,0,0,0
12281,2010039355,1705.0,1702.0,36,36220,40.0386,-76.3275,0,0,0,0,0,0,5,4,2010,3,17.0,1.0,0,1.0,3,0,3,  ,0,0.0,0,0,0,0,0,0,0,0,0,0,0,0,0,0,0,0,1
12282,2010039705,2014.0,1921.0,52,52217,41.7808,-78.1585,0,0,0,0,0,0,1,4,2010,1,13.0,1.0,0,1.0,1,0,3,  ,0,0.0,0,0,0,0,0,0,0,0,0,0,0,0,0,0,0,0,0
12283,2010039731,2000.0,1930.0,45,45205,40.9555,-75.2711,0,0,0,0,1,0,4,3,2010,3,19.0,4.0,0,1.0,1,0,3,  ,0,0.0,0,0,1,0,0,0,0,0,0,0,0,0,0,0,0,0,0
12284,2010039739,2019.0,2017.0,36,36413,40.1091,-76.494,0,0,0,0,0,0,5,4,2010,5,20.0,3.0,0,1.0,2,0,3,  ,0,0.0,0,0,0,0,0,0,0,0,0,0,0,0,0,0,0,0,0
12285,2010039751,1408.0,1407.0,2,2123,40.3523,-80.0738,0,0,0,0,0,0,0,4,2010,1,14.0,1.0,0,1.0,3,1,3,  ,3,3.0,1,0,0,0,0,0,0,0,0,0,0,0,0,0,0,0,0
12286,2010040028,1648.0,1643.0,48,48301,40.6305,-75.3712,0,0,0,0,0,0,4,4,2010,6,16.0,1.0,0,1.0,3,0,3,  ,0,0.0,0,0,1,0,0,0,0,0,0,0,0,0,0,0,0,0,0
12287,2010040170,1837.0,1833.0,9,9101,40.1334,-74.8231,0,0,0,0,0,1,4,4,2010,3,18.0,1.0,0,1.0,3,0,3,  ,0,0.0,0,0,1,0,0,0,0,0,0,0,0,0,0,0,0,0,1
12288,2010040202,1834.0,1829.0,36,36213,40.1503,-76.0278,1,0,0,0,0,0,2,4,2010,4,18.0,1.0,0,9.0,1,0,3,  ,0,0.0,1,0,0,0,0,0,0,0,0,0,0,0,0,1,0,0,1
12289,2010040239,1838.0,1833.0,9,9211,40.2165,-74.8012,0,0,0,0,0,0,4,4,2010,6,18.0,1.0,7,1.0,3,0,3,  ,0,0.0,0,0,1,0,0,0,0,0,0,0,0,0,0,0,0,0,1
12290,2010040414,1835.0,1823.0,9,9214,40.4256,-75.3868,0,0,0,0,0,0,4,4,2010,6,18.0,1.0,7,1.0,1,2,98,  ,0,0.0,1,0,1,0,0,0,0,0,0,0,0,0,0,0,0,0,0
12291,2010040415,851.0,846.0,36,36213,40.1505,-76.0281,0,0,0,0,0,0,4,4,2010,4,8.0,1.0,0,1.0,1,1,3,  ,3,3.0,0,0,1,0,0,0,0,0,0,0,0,0,0,0,0,0,0
12292,2010040522,830.0,830.0,67,67301,39.9505,-75.1929,0,0,0,0,0,0,8,3,2010,2,8.0,1.0,0,1.0,3,0,3,  ,0,0.0,0,0,0,0,0,0,0,0,0,0,0,0,0,0,0,0,0
12293,2010040523,1646.0,1641.0,67,67301,39.9626,-75.247,0,1,0,0,1,0,4,3,2010,5,15.0,1.0,0,1.0,3,1,3,  ,2,3.0,0,0,1,0,0,0,0,0,0,0,0,0,0,0,0,0,0