,CRN,ARRIVAL_TM,DISPATCH_TM,COUNTY,MUNICIPALITY,DEC_LAT,DEC_LONG,BICYCLE_DEATH_COUNT,BICYCLE_SUSP_SERIOUS_INJ_COUNT,BUS_COUNT,HEAVY_TRUCK_COUNT,SMALL_TRUCK_COUNT,SUV_COUNT,COLLISION_TYPE,CRASH_MONTH,CRASH_YEAR,DAY_OF_WEEK,HOUR_OF_DAY,ILLUMINATION,LOCATION_TYPE,ROAD_CONDITION,URBAN_RURAL,INTERSECT_TYPE,WEATHER1,WEATHER2,TCD_TYPE,TCD_FUNC_CD,AGGRESSIVE_DRIVING,ALCOHOL_RELATED,ANGLE_CRASH,CELL_PHONE,COMM_VEHICLE,DISTRACTED,DRINKING_DRIVER,DRUGGED_DRIVER,FATIGUE_ASLEEP,IMPAIRED_DRIVER,NHTSA_AGG_DRIVING,RUNNING_RED_LT,RUNNING_STOP_SIGN,SPEEDING_RELATED,TAILGATING,MATURE_DRIVER,YOUNG_DRIVER
12294,2010040525,249.0,249.0,67,67301,39.9496,-75.1997,0,0,0,0,0,0,1,3,2010,7,2.0,3.0,0,9.0,3,2,7,  ,2,3.0,0,0,0,0,0,0,0,0,0,0,0,0,0,0,0,0,0
12295,2010040528,1310.0,1307.0,67,67301,39.9562,-75.2196,0,0,0,0,1,0,4,3,2010,2,13.0,1.0,0,1.0,3,1,3,  ,2,3.0,1,0,1,0,0,0,0,0,0,0,0,0,0,0,0,0,0
12296,2010040552,1927.0,1926.0,67,67301,40.0408,-75.0546,0,1,0,0,0,0,5,3,2010,3,19.0,3.0,0,1.0,3,0,3,  ,0,0.0,0,0,0,0,0,0,0,0,0,0,0,0,0,0,0,0,0
12297,2010040633,1606.0,1606.0,25,25302,42.1204,-80.0477,0,1,0,0,0,0,4,4,2010,4,16.0,1.0,0,1.0,3,0,3,  ,0,0.0,0,0,1,0,0,0,0,0,0,0,0,0,0,0,0,1,0
12298,2010040678,2219.0,2217.0,66,66103,39.7875,-76.9672,0,0,0,0,1,0,4,4,2010,3,19.0,1.0,0,1.0,2,0,3,  ,0,0.0,0,0,1,0,0,0,0,0,0,0,0,0,0,0,0,0,0
12299,2010040814,1530.0,1509.0,31,31215,40.5957,-77.8613,0,0,0,0,0,0,4,4,2010,1,15.0,1.0,7,1.0,1,0,3,  ,0,0.0,0,0,1,0,0,0,0,0,0,0,0,0,0,0,0,0,0
12300,2010041008,1720.0,1716.0,2,2473,40.3657,-79.8593,0,0,0,0,0,1,4,4,2010,5,17.0,1.0,0,1.0,3,1,3,  ,3,3.0,0,0,1,0,0,0,0,0,0,0,0,0,0,0,0,0,0
12301,2010041052,1815.0,1812.0,4,4422,40.6899,-80.2732,0,0,0,0,0,0,4,4,2010,6,18.0,1.0,0,9.0,3,0,7,  ,0,0.0,0,0,1,0,0,0,0,0,0,0,0,0,0,0,0,0,1
12302,2010041412,2210.0,2128.0,6,6301,40.3467,-75.9366,0,0,0,0,0,0,4,4,2010,1,21.0,1.0,0,1.0,3,0,3,  ,0,0.0,1,0,1,0,0,0,0,0,0,0,0,0,0,0,0,0,0
12303,2010041429,1908.0,1854.0,6,6301,40.3246,-75.9483,0,0,0,0,0,0,4,4,2010,1,18.0,1.0,0,1.0,3,2,3,  ,3,3.0,0,0,1,0,0,0,0,0,0,0,0,0,0,0,0,0,0
12304,2010041475,1510.0,1509.0,25,25302,42.1413,-80.0723,0,0,0,1,0,0,4,4,2010,5,15.0,1.0,0,1.0,3,1,3,  ,2,3.0,0,0,1,0,1,0,0,0,0,0,0,0,0,0,0,0,0
12305,2010041515,1849.0,1845.0,38,38301,40.337,-76.4277,0,0,0,0,0,0,4,4,2010,2,18.0,1.0,0,1.0,2,1,3,  ,0,0.0,0,0,1,0,0,0,0,0,0,0,0,0,0,0,0,1,0
12306,2010041575,1254.0,1252.0,66,66301,39.9585,-76.7302,0,0,0,0,0,0,4,5,2010,7,12.0,1.0,0,1.0,3,1,3,  ,2,3.0,0,0,1,0,0,0,0,0,0,0,0,0,0,0,0,0,0
12307,2010041601,1505.0,1503.0,23,23301,39.8674,-75.3676,0,0,0,0,0,0,4,5,2010,7,15.0,1.0,0,1.0,3,1,3,  ,0,0.0,0,0,1,0,0,0,0,0,0,0,0,0,0,0,0,0,0
12308,2010041772,1653.0,1648.0,7,7301,40.5266,-78.4,0,0,0,0,0,0,4,4,2010,5,16.0,1.0,0,1.0,3,1,3,  ,3,2.0,0,0,1,0,0,0,0,0,0,0,0,0,0,0,0,0,0
12309,2010041871,2142.0,2142.0,37,37301,40.9956,-80.347,0,0,0,0,0,1,4,5,2010,1,21.0,3.0,0,9.0,2,1,7,  ,2,2.0,1,0,1,0,0,0,0,0,0,0,0,0,0,0,0,1,0
12310,2010042110,1932.0,1928.0,46,46101,40.1404,-75.1381,0,0,0,0,1,0,4,5,2010,7,19.0,1.0,0,1.0,3,3,3,  ,0,0.0,0,0,1,0,0,0,0,0,0,0,0,0,0,0,0,0,0
12311,2010042223,2005.0,1950.0,2,2301,40.4618,-80.0759,0,0,0,0,0,0,1,5,2010,2,19.0,4.0,0,1.0,3,1,3,  ,0,0.0,0,0,0,0,0,0,0,0,0,0,0,0,0,0,0,0,0
12312,2010042235,2011.0,2007.0,6,6102,40.3733,-75.9218,0,0,0,0,1,0,4,5,2010,2,20.0,1.0,0,1.0,3,1,3,  ,0,0.0,0,0,1,0,0,0,0,0,0,0,0,0,0,0,0,0,0
12313,2010042458,1551.0,1548.0,66,66301,39.9558,-76.7388,0,0,0,0,0,0,4,5,2010,3,15.0,1.0,0,1.0,3,1,3,  ,3,3.0,0,0,1,0,0,0,0,0,0,0,0,0,0,0,0,0,0
12314,2010042478,2106.0,2057.0,22,22208,40.3411,-76.8058,0,0,0,0,0,0,2,4,2010,4,20.0,3.0,0,1.0,3,2,3,  ,3,3.0,1,0,0,0,0,0,0,0,0,0,0,0,0,0,0,1,0
12315,2010042547,932.0,929.0,25,25302,42.118,-80.1064,0,0,0,0,0,0,4,3,2010,4,9.0,1.0,0,1.0,3,1,3,  ,3,3.0,0,0,1,0,0,0,0,0,0,0,0,0,0,0,0,0,0
12316,2010042580,1758.0,1751.0,36,36235,40.1394,-76.2978,0,0,0,0,0,0,4,5,2010,3,17.0,1.0,0,1.0,1,2,3,  ,3,3.0,0,0,1,0,0,0,0,0,0,0,0,0,0,0,0,0,0
12317,2010042708,1155.0,1152.0,6,6423,40.5002,-75.7,0,0,0,0,1,0,4,5,2010,1,11.0,1.0,0,1.0,1,1,3,  ,2,3.0,1,0,1,0,0,0,0,0,0,0,0,0,0,0,0,0,1
12318,2010042739,1557.0,1553.0,23,23111,39.9543,-75.3169,0,0,0,0,0,0,4,5,2010,4,15.0,1.0,0,1.0,3,2,3,  ,3,3.0,0,0,1,0,0,0,0,0,0,0,0,0,0,0,0,0,0
12319,2010042758,1655.0,1653.0,2,2301,40.426,-79.9169,0,0,0,0,0,1,4,5,2010,4,16.0,1.0,0,1.0,3,1,3,  ,3,3.0,1,0,1,1,0,1,0,0,0,0,0,0,0,0,0,0,0
12320,2010042871,1901.0,1856.0,46,46102,40.0607,-75.0934,0,0,0,0,0,0,4,5,2010,4,18.0,1.0,0,1.0,3,1,3,  ,3,3.0,0,0,1,0,0,0,0,0,0,0,0,0,0,0,0,0,0
12321,2010042910,255.0,251.0,2,2301,40.4225,-79.9505,0,0,0,0,0,0,1,5,2010,5,2.0,3.0,0,9.0,3,0,7,  ,0,0.0,0,1,0,0,0,0,0,0,0,0,0,0,0,0,0,0,0
12322,2010042984,1542.0,1541.0,46,46411,40.2467,-75.2969,0,0,0,0,0,1,4,5,2010,4,15.0,1.0,0,1.0,3,1,3,  ,3,3.0,1,0,1,0,0,0,0,0,0,0,0,0,0,0,0,0,0
12323,2010042996,1550.0,1550.0,14,14401,40.9139,-77.7693,0,0,0,0,0,0,4,5,2010,4,15.0,1.0,0,1.0,2,1,3,  ,3,3.0,0,0,1,0,0,0,0,0,0,0,0,0,0,0,0,1,0
12324,2010043081,823.0,823.0,46,46104,40.0045,-75.2844,0,0,0,0,0,1,2,4,2010,4,8.0,1.0,0,1.0,3,0,3,  ,0,0.0,1,0,0,0,0,0,0,0,0,0,0,0,0,0,0,0,0
12325,2010043104,1755.0,1750.0,11,11210,40.4082,-78.7577,0,0,0,0,0,0,4,4,2010,4,17.0,1.0,0,1.0,1,0,3,  ,0,0.0,0,0,1,0,0,0,0,0,0,0,0,0,0,0,0,0,0
12326,2010043242,1019.0,950.0,15,15202,40.0861,-75.5033,0,0,0,0,0,0,8,4,2010,1,9.0,1.0,0,1.0,1,2,3,  ,3,3.0,1,0,0,0,0,0,0,0,0,0,0,0,0,0,0,0,0
12327,2010043314,1613.0,1611.0,36,36301,40.0392,-76.3088,0,0,0,0,0,0,4,4,2010,6,16.0,1.0,0,1.0,3,1,3,  ,3,1.0,1,0,1,0,0,0,0,0,0,0,0,0,0,0,0,0,0
12328,2010043368,745.0,739.0,48,48301,40.6619,-75.3454,0,0,0,0,0,0,4,5,2010,4,7.0,1.0,0,1.0,3,0,3,  ,0,0.0,0,0,1,0,0,0,0,0,0,0,0,0,0,0,0,0,0
12329,2010043479,1956.0,1941.0,61,61210,41.9143,-79.4258,0,0,0,0,0,0,4,5,2010,4,19.0,4.0,7,1.0,1,0,3,  ,0,0.0,0,0,1,0,0,0,0,0,0,0,0,0,0,0,0,0,0
12330,2010043708,1145.0,1145.0,46,46211,40.2413,-75.2429,0,1,0,0,0,0,4,5,2010,6,11.0,1.0,0,1.0,1,1,3,  ,2,3.0,1,0,1,0,0,0,0,0,0,0,0,0,0,0,0,0,0
12331,2010043869,545.0,542.0,36,36101,40.0532,-76.3242,0,0,0,0,0,0,0,5,2010,4,5.0,1.0,0,1.0,3,1,3,  ,2,3.0,0,0,0,0,0,0,0,0,0,0,0,0,0,0,0,0,0
12332,2010043991,710.0,706.0,6,6427,40.3354,-75.9385,0,0,0,0,1,0,4,5,2010,2,6.0,1.0,2,1.0,3,7,3,  ,3,3.0,0,0,1,0,0,0,0,0,0,0,0,0,0,0,0,0,0
12333,2010044051,1643.0,1641.0,48,48418,40.6804,-75.2439,0,0,0,0,0,1,4,5,2010,2,16.0,1.0,0,1.0,3,1,3,  ,3,3.0,0,0,1,0,0,0,0,0,0,0,0,0,0,0,0,0,0
12334,2010044426,1835.0,1832.0,67,67301,40.0242,-75.0452,0,0,0,0,0,0,4,4,2010,5,18.0,1.0,0,1.0,3,2,3,  ,0,0.0,0,0,1,0,0,0,0,0,0,0,0,0,0,0,0,0,0
12335,2010044441,2115.0,2100.0,67,67301,39.9746,-75.2519,0,0,0,0,0,0,4,3,2010,1,20.0,3.0,0,1.0,3,1,3,  ,2,3.0,0,0,1,0,0,0,0,0,0,0,0,0,0,0,0,0,0
12336,2010044475,2010.0,1951.0,67,67301,40.0455,-75.1272,0,0,0,0,0,1,8,4,2010,7,19.0,3.0,0,1.0,3,0,3,  ,0,0.0,0,0,0,0,0,0,0,0,0,0,0,0,0,0,0,0,0
12337,2010044477,1400.0,1355.0,67,67301,39.9513,-75.1736,0,0,0,0,0,0,5,4,2010,4,13.0,1.0,0,1.0,3,1,3,  ,2,3.0,1,0,0,0,0,0,0,0,0,0,0,0,0,0,0,0,0
12338,2010044555,1616.0,1614.0,67,67301,39.9415,-75.1778,0,0,0,0,1,0,4,4,2010,3,16.0,1.0,0,9.0,3,1,7,  ,2,3.0,1,0,1,0,0,0,0,0,0,0,0,0,0,0,0,0,0
12339,2010044557,610.0,600.0,67,67301,40.0363,-75.2366,0,0,0,0,0,0,4,4,2010,5,6.0,1.0,0,1.0,3,2,3,  ,0,0.0,0,0,1,0,0,0,0,0,0,0,0,0,0,0,0,0,0
12340,2010044612,1222.0,1220.0,67,67301,39.9704,-75.1719,0,1,0,0,0,0,4,2,2010,5,2.0,3.0,0,1.0,3,0,3,  ,0,0.0,0,0,1,0,0,0,0,0,0,0,0,0,0,0,0,0,0
12341,2010044639,1535.0,1531.0,67,67301,39.9463,-75.153,0,0,0,0,0,0,4,4,2010,3,15.0,1.0,0,9.0,3,1,7,05,3,3.0,0,0,1,0,0,0,0,0,0,0,0,0,0,0,0,0,0
12342,2010044645,1234.0,1234.0,67,67301,39.9806,-75.1608,0,1,0,0,0,0,4,4,2010,4,12.0,1.0,0,1.0,3,1,3,  ,2,3.0,0,0,1,0,0,0,0,0,0,0,0,0,0,0,0,0,0
12343,2010044647,815.0,813.0,67,67301,39.9509,-75.152,0,0,0,0,0,0,4,3,2010,4,8.0,1.0,0,1.0,3,1,3,  ,2,3.0,0,0,1,0,0,0,0,0,0,0,0,0,0,0,0,1,0
12344,2010044724,1309.0,1306.0,67,67301,40.1025,-75.0287,0,0,0,0,0,0,8,4,2010,1,13.0,1.0,0,1.0,3,1,3,  ,2,3.0,0,0,0,0,0,0,0,0,0,0,0,0,0,0,0,0,0
12345,2010044752,1430.0,1415.0,67,67301,,,0,0,0,0,0,0,4,4,2010,5,99.0,1.0,0,1.0,3,0,3,  ,2,3.0,1,0,1,1,0,1,0,0,0,0,0,1,0,0,0,0,0
12346,2010044759,2110.0,2105.0,67,67301,39.9561,-75.2278,0,0,0,0,0,1,8,4,2010,6,21.0,3.0,0,1.0,3,1,3,  ,3,3.0,0,0,0,0,0,0,0,0,0,0,0,0,0,0,0,0,0
12347,2010044771,1534.0,1530.0,67,67301,39.9246,-75.1712,0,0,0,0,0,0,4,4,2010,3,15.0,1.0,0,1.0,3,1,3,  ,2,3.0,0,0,1,0,0,0,0,0,0,0,0,0,0,0,0,0,0
12348,2010044776,1847.0,1845.0,67,67301,39.9192,-75.2303,0,0,0,0,0,1,8,4,2010,5,18.0,1.0,0,1.0,3,0,3,  ,0,0.0,0,0,0,0,0,0,0,0,0,0,0,0,0,0,0,0,0
12349,2010044784,1427.0,1422.0,2,2304,40.3381,-79.8394,0,0,0,0,0,1,5,4,2010,7,14.0,1.0,7,1.0,3,0,3,  ,0,0.0,0,0,0,0,0,0,0,0,0,0,0,0,0,0,0,0,0
12350,2010044801,637.0,635.0,67,67301,39.9918,-75.1256,0,0,0,0,0,0,4,4,2010,2,99.0,4.0,0,1.0,3,0,3,  ,0,0.0,0,0,1,0,0,0,0,0,0,0,0,0,0,0,0,0,0
12351,2010044804,1600.0,1558.0,67,67301,40.0099,-75.156,0,0,0,0,0,0,4,3,2010,5,15.0,1.0,0,1.0,3,1,3,  ,2,3.0,0,0,1,0,0,0,0,0,0,0,0,0,0,0,0,1,0
12352,2010044821,2220.0,2218.0,67,67301,39.9569,-75.1694,0,0,0,0,0,0,4,4,2010,7,22.0,3.0,0,1.0,3,3,3,  ,2,3.0,1,0,1,0,0,0,0,0,0,0,0,1,0,0,0,0,0
12353,2010044860,1145.0,1145.0,67,67301,39.9435,-75.2468,0,0,0,0,0,0,4,4,2010,1,11.0,1.0,0,1.0,3,2,3,  ,2,3.0,0,0,1,0,0,0,0,0,0,0,0,0,0,0,0,1,0
12354,2010044866,1630.0,1624.0,67,67301,39.9591,-75.2036,0,0,0,0,0,0,4,4,2010,2,15.0,1.0,0,1.0,3,10,3,  ,3,3.0,1,0,1,0,0,0,0,0,0,0,0,0,0,0,0,0,0
12355,2010044888,455.0,450.0,67,67301,39.9612,-75.1474,0,0,0,0,0,0,1,4,2010,5,4.0,3.0,0,1.0,3,0,3,  ,0,0.0,0,1,0,0,0,0,0,0,0,0,0,0,0,0,0,0,0
12356,2010045064,1240.0,1227.0,67,67301,39.9514,-75.1684,0,0,0,0,0,0,5,3,2010,3,12.0,1.0,0,9.0,3,0,7,  ,2,3.0,0,0,0,0,0,0,0,0,0,0,0,0,0,0,0,0,0
12357,2010045065,1051.0,1050.0,67,67301,39.9626,-75.163,0,0,0,0,0,0,4,3,2010,4,10.0,1.0,0,1.0,3,1,3,  ,2,3.0,1,0,1,0,0,0,0,0,0,0,0,0,0,0,0,0,0
12358,2010045066,1206.0,1200.0,67,67301,39.9505,-75.1926,0,0,0,1,0,0,5,4,2010,4,11.0,1.0,0,1.0,3,1,3,  ,2,3.0,1,0,0,0,1,0,0,0,0,0,0,0,0,0,0,0,0
12359,2010045090,1935.0,1930.0,67,67301,39.92,-75.1626,0,0,0,0,0,0,4,4,2010,3,19.0,4.0,0,1.0,3,2,3,  ,3,3.0,0,0,1,0,0,0,0,0,0,0,0,0,0,0,0,0,0
12360,2010045111,1352.0,1347.0,67,67301,39.9146,-75.1742,0,0,0,0,0,0,4,4,2010,1,13.0,1.0,0,1.0,3,1,3,  ,0,0.0,0,0,1,0,0,0,0,0,0,0,0,0,0,0,0,0,0
12361,2010045117,1950.0,1932.0,67,67301,39.9528,-75.2285,0,0,0,0,0,0,4,4,2010,5,19.0,4.0,0,1.0,3,1,3,  ,3,3.0,0,0,1,0,0,0,0,0,0,0,0,0,0,0,0,0,0
12362,2010045119,830.0,825.0,67,67301,40.0396,-75.2412,0,0,0,0,0,0,4,4,2010,2,8.0,1.0,7,1.0,3,0,3,  ,0,0.0,1,0,1,0,0,0,0,0,0,0,0,0,0,0,0,0,0
12363,2010045136,27.0,26.0,38,38301,40.3391,-76.4262,0,0,0,0,0,1,1,3,2010,7,0.0,3.0,0,1.0,2,1,3,  ,2,3.0,0,1,0,0,0,0,0,0,0,0,0,0,0,0,0,0,0
12364,2010045416,1543.0,1541.0,36,36407,40.1546,-76.607,0,0,0,0,0,0,4,5,2010,4,15.0,1.0,0,1.0,2,1,3,  ,3,3.0,0,0,1,0,0,0,0,0,0,0,0,0,0,0,0,0,0
12365,2010045438,1806.0,1803.0,23,23103,39.9824,-75.318,0,0,0,0,0,0,4,4,2010,6,18.0,1.0,0,1.0,3,1,3,  ,2,3.0,1,0,1,0,0,0,0,0,0,0,0,0,0,0,0,0,0
12366,2010045461,1118.0,1115.0,63,63403,41.5775,-75.2583,0,0,0,0,0,0,4,5,2010,7,11.0,1.0,0,1.0,2,0,3,  ,0,0.0,0,0,1,0,0,0,0,0,0,0,0,0,0,0,0,0,0
12367,2010045487,1931.0,1918.0,7,7212,40.6814,-78.2607,1,0,0,0,0,0,2,5,2010,5,19.0,1.0,0,1.0,1,2,3,  ,0,0.0,1,0,0,0,0,0,0,0,0,0,0,0,0,0,0,0,0
12368,2010045580,1535.0,1527.0,40,40304,41.2428,-75.8786,0,0,0,0,0,0,4,4,2010,2,15.0,1.0,7,9.0,3,0,7,  ,2,3.0,0,0,1,0,0,1,0,0,0,0,0,0,0,0,0,0,0
12369,2010045692,1226.0,1226.0,2,2301,40.4644,-79.9626,0,0,0,0,0,0,5,5,2010,5,12.0,1.0,0,1.0,3,2,3,  ,8,3.0,1,0,0,0,0,0,0,0,0,0,0,0,0,0,0,0,0
12370,2010046044,1644.0,1642.0,46,46101,40.1042,-75.1014,0,1,0,0,1,0,4,5,2010,7,16.0,1.0,7,1.0,3,0,3,  ,0,0.0,0,0,1,0,0,1,0,0,0,0,0,0,0,0,0,0,0
12371,2010046299,1413.0,1407.0,66,66217,40.0002,-76.7559,0,0,0,0,0,0,4,4,2010,1,14.0,1.0,0,1.0,3,2,3,  ,0,0.0,1,0,1,0,0,0,0,0,0,0,0,0,0,0,0,1,0
12372,2010046315,1510.0,1457.0,66,66217,39.9823,-76.7345,0,0,0,0,0,0,4,4,2010,4,14.0,1.0,7,9.0,3,0,7,  ,0,0.0,0,0,1,0,0,0,0,0,0,0,0,0,0,0,0,0,0
12373,2010046369,1351.0,1349.0,23,23111,39.9163,-75.3049,0,0,0,0,0,0,5,5,2010,7,13.0,1.0,0,1.0,3,2,3,  ,2,3.0,1,0,0,1,0,1,0,0,0,0,0,0,0,0,0,0,0
12374,2010046417,1757.0,1753.0,44,44403,40.6036,-77.567,0,0,0,0,0,1,4,5,2010,7,17.0,1.0,0,1.0,2,1,3,  ,0,0.0,0,0,1,0,0,0,0,0,0,0,0,0,0,0,0,1,0
12375,2010046431,2221.0,2217.0,48,48212,40.6807,-75.2549,0,0,0,0,0,1,4,5,2010,7,22.0,3.0,7,1.0,3,0,3,  ,3,3.0,0,0,1,0,0,0,0,0,0,0,0,0,0,0,0,0,0
12376,2010046541,1302.0,1256.0,2,2113,40.4964,-79.8399,0,0,0,0,0,0,2,5,2010,1,12.0,1.0,0,1.0,3,2,3,  ,3,3.0,0,0,0,0,0,0,0,0,0,0,0,0,0,0,0,1,0
12377,2010046555,1412.0,1412.0,66,66301,39.9687,-76.707,0,0,0,0,0,0,2,5,2010,1,14.0,1.0,0,1.0,3,1,3,  ,3,3.0,0,0,0,0,0,0,0,0,0,0,0,0,0,0,0,0,0
12378,2010046560,1359.0,1351.0,2,2108,40.5921,-80.0144,0,0,0,0,0,0,5,5,2010,7,13.0,1.0,0,1.0,3,1,3,  ,2,3.0,1,0,0,0,0,0,0,0,0,0,0,0,0,0,0,0,0
12379,2010046665,1821.0,1811.0,36,36406,40.1003,-76.3502,0,0,0,0,1,0,4,5,2010,1,18.0,1.0,0,1.0,3,2,3,  ,3,3.0,1,0,1,0,0,0,0,0,0,0,0,0,0,0,0,0,0
12380,2010046682,1548.0,1545.0,40,40411,41.0164,-75.8974,0,0,0,0,0,0,4,5,2010,1,5.0,1.0,0,1.0,1,1,3,  ,2,3.0,0,0,1,0,0,0,0,0,0,0,0,0,0,0,0,0,0
12381,2010046697,159.0,155.0,25,25302,42.125,-80.0806,0,0,0,0,0,0,4,5,2010,2,1.0,3.0,0,1.0,3,1,3,  ,2,3.0,1,1,1,0,0,0,0,0,0,0,0,1,0,0,0,0,0
12382,2010046838,1230.0,1228.0,33,33406,40.9422,-78.9773,0,0,0,0,0,0,4,5,2010,2,12.0,1.0,7,9.0,2,0,7,  ,3,3.0,0,0,1,0,0,0,0,0,0,0,0,0,0,0,0,1,0
12383,2010046907,905.0,902.0,46,46105,40.122,-75.041,0,0,0,0,0,0,4,5,2010,6,9.0,1.0,0,1.0,3,0,3,  ,0,0.0,1,0,1,0,0,0,0,0,0,0,0,0,0,0,0,0,0
12384,2010047175,1529.0,1528.0,9,9414,40.3665,-75.2957,0,0,0,0,0,0,4,5,2010,2,15.0,1.0,7,1.0,2,2,3,  ,3,3.0,0,0,1,0,0,0,0,0,0,0,0,0,0,0,0,0,1
12385,2010047183,1819.0,1817.0,3,3406,40.7755,-79.5248,0,0,0,0,0,0,4,5,2010,1,18.0,1.0,0,1.0,2,0,3,  ,0,0.0,0,0,1,0,0,0,0,0,0,0,0,0,0,0,0,1,0
12386,2010047232,2100.0,2057.0,64,64301,40.5737,-79.7675,0,0,0,0,0,0,4,5,2010,7,20.0,6.0,0,1.0,3,0,3,  ,0,0.0,0,0,1,0,0,0,0,0,0,0,0,0,0,0,0,1,0
12387,2010047315,1934.0,1932.0,48,48302,40.6881,-75.214,0,0,0,0,0,0,4,4,2010,5,19.0,1.0,7,1.0,3,0,3,  ,0,0.0,0,0,1,0,0,0,0,0,0,0,0,0,0,0,0,0,0
12388,2010047547,1513.0,1505.0,43,43223,41.3198,-80.0948,0,0,0,0,0,0,4,5,2010,7,14.0,1.0,0,1.0,1,0,3,  ,0,0.0,0,0,1,0,0,0,0,0,0,0,0,0,0,0,0,0,1
12389,2010047557,1932.0,1930.0,10,10301,40.8628,-79.9085,0,0,0,0,0,1,4,5,2010,1,19.0,1.0,0,1.0,2,1,3,  ,0,0.0,0,0,1,0,0,0,0,0,0,0,0,0,0,0,0,0,0
12390,2010047593,1447.0,1439.0,18,18301,41.1398,-77.4512,0,0,0,0,1,0,4,5,2010,6,14.0,1.0,7,1.0,2,2,3,  ,0,0.0,1,0,1,0,0,0,0,0,0,0,0,0,0,0,0,0,0
12391,2010047633,732.0,730.0,23,23103,39.981,-75.3053,0,0,0,0,0,1,4,5,2010,2,7.0,1.0,0,1.0,3,2,3,  ,3,3.0,1,0,1,0,0,0,0,0,0,0,0,0,0,0,0,0,0
12392,2010047901,1055.0,1055.0,40,40304,41.2452,-75.8798,0,0,0,0,0,1,8,5,2010,3,10.0,1.0,7,1.0,3,0,3,  ,0,0.0,1,0,0,0,0,0,0,0,0,0,0,0,0,0,0,0,0
12393,2010047903,100.0,100.0,36,36301,40.0503,-76.2916,1,0,0,0,0,0,4,5,2010,5,1.0,3.0,0,1.0,3,0,3,  ,0,0.0,0,1,1,0,0,1,1,0,0,1,0,0,0,0,0,0,0
12394,2010047943,1153.0,1150.0,23,23106,40.0234,-75.3324,0,1,0,0,0,0,5,5,2010,2,11.0,1.0,1,1.0,3,0,3,  ,0,0.0,1,0,0,0,0,0,0,0,0,0,0,0,0,0,0,1,0
12395,2010048160,1000.0,1000.0,2,2301,40.4798,-79.9536,0,0,0,0,0,0,8,5,2010,4,16.0,1.0,0,1.0,3,1,3,  ,3,3.0,1,0,0,0,0,0,0,0,0,0,0,0,1,0,0,0,0
12396,2010048185,1650.0,1642.0,7,7301,40.4914,-78.4119,0,0,0,0,0,1,4,5,2010,4,16.0,1.0,0,1.0,3,0,3,  ,0,0.0,0,0,1,0,0,0,0,0,0,0,0,0,0,0,0,0,0
12397,2010048255,800.0,759.0,48,48301,40.6295,-75.3577,0,0,0,0,0,0,4,5,2010,5,7.0,1.0,0,1.0,3,1,3,  ,2,3.0,0,0,1,0,0,0,0,0,0,0,0,0,0,0,0,0,0
12398,2010048324,2321.0,2321.0,2,2301,40.452,-79.8861,0,0,0,0,0,0,4,5,2010,6,23.0,3.0,0,1.0,3,2,3,  ,0,0.0,0,0,1,0,0,0,0,0,0,0,0,0,0,0,0,0,0
12399,2010048404,2009.0,2009.0,39,39301,40.6031,-75.4742,0,0,0,0,0,0,4,4,2010,2,20.0,3.0,0,1.0,3,1,3,  ,2,3.0,0,0,1,0,0,0,0,0,0,0,0,0,0,0,0,0,0
12400,2010048459,1540.0,1533.0,67,67301,40.01,-75.0672,0,0,0,0,0,0,4,4,2010,7,15.0,1.0,0,1.0,3,2,3,  ,0,0.0,0,0,1,0,0,0,0,0,0,0,0,0,0,0,0,0,0
12401,2010048460,1928.0,1920.0,67,67301,40.0258,-75.1086,0,0,0,0,0,0,1,4,2010,4,19.0,3.0,0,1.0,3,0,3,  ,0,0.0,0,0,0,0,0,0,0,0,0,0,0,0,0,0,0,0,0
12402,2010048465,1150.0,1145.0,67,67301,39.9933,-75.0866,0,0,0,0,0,1,8,4,2010,5,11.0,1.0,0,1.0,3,2,3,  ,3,3.0,0,0,0,0,0,0,0,0,0,0,0,0,0,0,0,0,0
12403,2010048488,1825.0,1822.0,39,39301,40.6094,-75.4468,0,0,0,0,0,1,4,4,2010,5,18.0,1.0,0,1.0,3,1,3,  ,0,0.0,0,0,1,0,0,0,0,0,0,0,0,0,0,0,0,0,0
12404,2010048502,1828.0,1825.0,39,39301,40.6042,-75.4737,0,0,0,0,0,0,4,4,2010,3,18.0,1.0,0,1.0,3,2,3,  ,0,0.0,0,0,1,0,0,0,0,0,0,0,0,0,0,0,0,0,0
12405,2010048538,2307.0,2306.0,39,39301,40.6023,-75.4831,0,0,0,0,1,0,4,4,2010,3,23.0,3.0,0,1.0,3,1,3,  ,2,3.0,1,0,1,0,0,0,0,0,0,0,0,1,0,0,0,0,0
12406,2010048572,2151.0,2151.0,39,39301,40.5917,-75.4533,0,0,0,0,0,0,4,3,2010,1,21.0,3.0,0,1.0,3,1,3,  ,3,3.0,0,0,1,0,0,0,0,0,0,0,0,0,0,0,0,0,0
12407,2010048611,1802.0,1802.0,67,67301,39.9562,-75.1941,0,0,0,0,0,0,4,4,2010,5,18.0,1.0,0,1.0,3,1,3,  ,2,3.0,1,0,1,0,0,0,0,0,0,0,0,0,0,0,0,0,0
12408,2010048616,1450.0,9999.0,67,67301,39.9421,-75.1604,0,0,0,0,0,1,2,4,2010,3,14.0,1.0,0,1.0,3,2,3,  ,2,3.0,0,0,0,0,0,0,0,0,0,0,0,0,0,0,0,0,0