,CRN,ARRIVAL_TM,DISPATCH_TM,COUNTY,MUNICIPALITY,DEC_LAT,DEC_LONG,BICYCLE_DEATH_COUNT,BICYCLE_SUSP_SERIOUS_INJ_COUNT,BUS_COUNT,HEAVY_TRUCK_COUNT,SMALL_TRUCK_COUNT,SUV_COUNT,COLLISION_TYPE,CRASH_MONTH,CRASH_YEAR,DAY_OF_WEEK,HOUR_OF_DAY,ILLUMINATION,LOCATION_TYPE,ROAD_CONDITION,URBAN_RURAL,INTERSECT_TYPE,WEATHER1,WEATHER2,TCD_TYPE,TCD_FUNC_CD,AGGRESSIVE_DRIVING,ALCOHOL_RELATED,ANGLE_CRASH,CELL_PHONE,COMM_VEHICLE,DISTRACTED,DRINKING_DRIVER,DRUGGED_DRIVER,FATIGUE_ASLEEP,IMPAIRED_DRIVER,NHTSA_AGG_DRIVING,RUNNING_RED_LT,RUNNING_STOP_SIGN,SPEEDING_RELATED,TAILGATING,MATURE_DRIVER,YOUNG_DRIVER
12409,2010048631,412.0,412.0,39,39301,40.6043,-75.4705,0,0,0,0,0,0,1,3,2010,7,4.0,3.0,0,1.0,3,0,3,  ,0,0.0,0,0,0,0,0,1,0,0,0,0,0,0,0,0,0,0,0
12410,2010048690,1945.0,9999.0,67,67301,39.9669,-75.2299,0,0,0,0,0,0,5,4,2010,2,16.0,1.0,0,1.0,3,1,3,  ,2,3.0,0,0,0,0,0,0,0,0,0,0,0,0,0,0,0,0,0
12411,2010048725,1100.0,1015.0,67,67301,40.0261,-75.2252,0,0,0,0,0,0,5,4,2010,7,10.0,1.0,0,1.0,3,2,3,  ,0,0.0,0,0,0,0,0,0,0,0,0,0,0,0,0,0,0,0,0
12412,2010048752,1732.0,1729.0,25,25302,42.1372,-80.0277,0,0,0,0,0,0,4,4,2010,5,17.0,1.0,0,1.0,3,0,3,  ,0,0.0,0,0,1,0,0,0,0,0,0,0,0,0,0,0,0,0,0
12413,2010048770,2012.0,2006.0,67,67301,40.0464,-75.1621,0,0,0,0,1,0,4,4,2010,4,20.0,3.0,0,1.0,3,1,3,  ,3,3.0,0,0,1,0,0,0,0,0,0,0,0,0,0,0,0,0,0
12414,2010048823,1413.0,1359.0,67,67301,40.0372,-75.1633,0,0,0,0,1,0,4,5,2010,7,13.0,1.0,0,1.0,3,2,3,  ,3,3.0,0,0,1,0,0,0,0,0,0,0,0,0,0,0,0,0,0
12415,2010048827,1705.0,1659.0,67,67301,40.0546,-75.1917,0,0,0,0,0,0,4,4,2010,1,14.0,1.0,0,1.0,3,1,3,  ,3,3.0,0,0,1,0,0,0,0,0,0,0,0,0,0,0,0,1,0
12416,2010048845,1655.0,1655.0,67,67301,40.0474,-75.078,0,0,0,0,0,0,4,4,2010,3,16.0,1.0,0,1.0,3,1,3,  ,2,3.0,0,0,1,0,0,0,0,0,0,0,0,0,0,0,0,0,0
12417,2010048847,914.0,914.0,67,67301,39.9479,-75.1624,0,0,0,0,0,0,5,4,2010,3,9.0,1.0,0,1.0,3,1,3,  ,2,3.0,0,0,0,0,0,0,0,0,0,0,0,0,0,0,0,1,0
12418,2010048848,1745.0,1744.0,67,67301,39.9462,-75.1534,0,0,0,0,0,0,4,4,2010,6,17.0,1.0,0,1.0,3,1,3,  ,2,3.0,1,0,1,0,0,1,0,0,0,0,0,0,0,0,0,0,0
12419,2010048849,1330.0,1321.0,67,67301,39.9717,-75.1595,0,0,0,0,0,0,4,4,2010,3,12.0,1.0,7,9.0,3,0,99,  ,0,0.0,0,0,1,0,0,0,0,0,0,0,0,0,0,0,0,0,0
12420,2010048857,920.0,920.0,67,67301,39.9666,-75.1722,0,0,0,0,0,0,2,4,2010,5,9.0,1.0,0,1.0,3,1,3,  ,3,3.0,0,0,0,0,0,0,0,0,0,0,0,0,0,0,0,0,0
12421,2010048864,2150.0,2146.0,67,67301,40.0028,-75.1142,0,0,0,0,0,0,4,4,2010,3,18.0,1.0,0,1.0,3,2,3,  ,3,3.0,1,0,1,0,0,0,0,0,0,0,0,0,1,0,0,0,0
12422,2010048875,1727.0,1723.0,67,67301,39.9712,-75.1318,0,0,0,0,0,1,2,4,2010,4,16.0,1.0,0,1.0,3,0,3,  ,0,0.0,0,0,0,0,0,0,0,0,0,0,0,0,0,0,0,0,0
12423,2010048886,2107.0,2104.0,67,67301,39.9603,-75.1898,0,0,0,0,0,0,4,4,2010,4,21.0,3.0,7,9.0,3,0,7,  ,0,0.0,1,0,1,0,0,0,0,0,0,0,0,0,0,0,0,0,0
12424,2010049199,2037.0,2035.0,4,4301,40.7605,-80.3172,0,0,0,0,0,0,4,5,2010,7,20.0,1.0,0,1.0,3,2,3,  ,3,3.0,0,0,1,0,0,0,0,0,0,0,0,0,0,0,0,0,0
12425,2010049229,2116.0,2101.0,64,64403,40.5301,-79.4666,0,0,0,0,0,0,4,5,2010,6,20.0,4.0,0,1.0,1,2,3,  ,3,3.0,0,0,1,0,0,0,0,0,0,0,0,0,0,0,0,0,0
12426,2010049503,1542.0,1540.0,36,36410,40.1615,-76.4009,0,1,0,0,0,0,4,5,2010,4,15.0,1.0,0,1.0,2,0,3,  ,0,0.0,0,0,1,0,0,0,0,0,0,0,0,0,0,0,0,0,0
12427,2010049604,922.0,919.0,2,2301,40.4351,-79.9564,0,0,0,0,0,1,4,5,2010,3,9.0,1.0,0,1.0,3,1,3,  ,2,3.0,1,0,1,0,0,0,0,0,0,0,0,0,0,0,0,0,0
12428,2010049716,1251.0,1241.0,64,64209,40.2665,-79.6789,0,1,0,0,0,1,4,5,2010,5,10.0,1.0,0,1.0,3,2,3,  ,3,3.0,0,0,1,0,0,0,0,0,0,0,0,0,0,0,0,0,1
12429,2010049734,1357.0,1354.0,64,64433,40.2099,-79.767,0,0,0,0,1,0,4,5,2010,1,13.0,1.0,0,1.0,3,1,3,  ,2,3.0,0,0,1,0,0,0,0,0,0,0,0,0,0,0,0,0,0
12430,2010049799,2101.0,2058.0,7,7301,40.5198,-78.3985,0,0,0,0,0,1,4,5,2010,5,20.0,3.0,0,1.0,3,1,3,  ,3,3.0,0,0,1,0,0,0,0,0,0,0,0,0,0,0,0,0,0
12431,2010049983,1826.0,1826.0,23,23112,39.9775,-75.3622,0,0,0,0,0,1,4,5,2010,4,18.0,1.0,0,1.0,3,2,3,  ,3,3.0,0,0,1,0,0,0,0,0,0,0,0,0,0,0,0,0,0
12432,2010050014,1844.0,1844.0,9,9401,40.097,-74.8581,0,1,0,0,0,0,8,5,2010,6,18.0,1.0,0,1.0,3,0,3,  ,0,0.0,0,0,0,0,0,0,0,0,0,0,0,0,0,0,0,0,0
12433,2010051077,1715.0,1711.0,42,42301,41.956,-78.6451,0,0,0,0,0,0,4,5,2010,6,17.0,1.0,0,1.0,2,1,3,  ,2,3.0,1,0,1,0,0,0,0,0,0,0,0,0,0,0,0,0,0
12434,2010051109,1656.0,1653.0,66,66301,39.9648,-76.7255,0,0,0,0,0,0,4,5,2010,7,16.0,1.0,0,1.0,3,2,3,  ,0,0.0,0,0,1,0,0,0,0,0,0,0,0,0,0,0,0,0,0
12435,2010051116,1725.0,1723.0,35,35302,41.4037,-75.6473,0,0,0,0,0,1,4,5,2010,7,17.0,1.0,0,1.0,3,1,3,  ,3,3.0,0,0,1,0,0,0,0,0,0,0,0,0,0,0,0,0,0
12436,2010051209,1508.0,1459.0,36,36301,40.0476,-76.3086,0,0,0,0,0,0,4,5,2010,3,14.0,1.0,0,1.0,3,1,3,  ,3,3.0,0,0,1,0,0,0,0,0,0,0,0,0,0,0,0,0,0
12437,2010051281,1927.0,1927.0,67,67301,39.9701,-75.1264,0,0,0,0,0,0,4,5,2010,3,19.0,1.0,7,1.0,3,0,3,  ,0,0.0,0,0,1,0,0,0,0,0,0,0,0,0,0,0,0,0,0
12438,2010051325,1918.0,1917.0,7,7403,40.4291,-78.3884,0,0,0,0,0,1,4,5,2010,1,19.0,1.0,0,1.0,3,1,3,  ,0,0.0,0,0,1,0,0,0,0,0,0,0,0,0,0,0,0,0,0
12439,2010051343,2220.0,2215.0,2,2301,40.4559,-79.9386,0,0,0,0,1,0,4,5,2010,1,22.0,3.0,0,1.0,3,1,3,  ,2,3.0,1,0,1,0,0,0,0,0,0,0,0,0,0,0,0,0,0
12440,2010051382,1920.0,1918.0,21,21402,40.2062,-77.1982,0,0,0,0,0,0,4,5,2010,3,19.0,1.0,0,1.0,2,1,3,  ,3,3.0,0,0,1,0,0,0,0,0,0,0,0,0,0,0,0,0,0
12441,2010051423,1700.0,1658.0,40,40304,41.2351,-75.877,0,0,0,0,0,0,4,5,2010,7,16.0,1.0,7,9.0,3,0,3,  ,0,0.0,0,0,1,0,0,0,0,0,0,0,0,0,0,0,0,0,0
12442,2010051656,952.0,949.0,9,9227,40.2484,-75.1682,0,0,0,0,1,0,4,5,2010,7,9.0,1.0,0,9.0,3,1,3,  ,2,3.0,1,0,1,0,0,0,0,0,0,0,0,0,0,0,0,0,0
12443,2010051699,1937.0,1930.0,39,39103,40.5772,-75.5277,0,0,0,0,0,1,4,5,2010,5,19.0,4.0,7,1.0,1,0,3,  ,0,0.0,1,0,1,0,0,0,0,0,0,0,0,0,0,0,0,0,0
12444,2010051757,1406.0,1406.0,39,39302,40.6416,-75.4174,0,0,0,0,0,0,4,5,2010,1,13.0,1.0,0,1.0,3,1,3,  ,3,3.0,1,0,1,0,0,0,0,0,0,0,1,0,1,0,0,0,0
12445,2010051936,2046.0,2044.0,3,3408,40.6761,-79.6838,0,0,0,0,0,1,4,6,2010,3,20.0,4.0,0,1.0,3,2,3,  ,0,0.0,0,0,1,0,0,0,0,0,0,0,0,0,0,0,0,0,0
12446,2010052087,1334.0,1332.0,67,67301,39.923,-75.17,0,0,0,0,0,0,4,4,2010,4,13.0,1.0,0,1.0,3,0,3,  ,0,0.0,0,0,1,0,0,0,0,0,0,0,0,0,0,0,0,0,0
12447,2010052118,1930.0,1920.0,67,67301,39.9606,-75.1406,0,0,0,0,0,0,5,5,2010,3,99.0,1.0,0,1.0,3,1,3,  ,2,3.0,0,0,0,0,0,0,0,0,0,0,0,0,0,0,0,0,0
12448,2010052130,1815.0,1807.0,67,67301,39.955,-75.21,0,0,0,0,0,0,4,5,2010,1,15.0,1.0,0,1.0,3,1,3,  ,2,3.0,0,0,1,0,0,0,0,0,0,0,0,0,0,0,0,0,0
12449,2010052145,1703.0,1700.0,67,67301,39.9865,-75.1595,0,0,0,0,0,0,4,5,2010,7,16.0,1.0,0,1.0,3,0,3,  ,0,0.0,0,0,1,0,0,0,0,0,0,0,0,0,0,0,0,0,0
12450,2010052149,1144.0,1142.0,67,67301,40.0349,-75.2349,0,0,0,0,0,0,4,5,2010,7,11.0,1.0,7,9.0,3,2,3,  ,3,3.0,0,0,1,0,0,0,0,0,0,0,0,0,0,0,0,0,0
12451,2010052186,1641.0,1640.0,6,6301,40.3295,-75.9106,0,0,0,0,0,0,4,5,2010,4,16.0,1.0,0,1.0,3,5,3,  ,3,3.0,1,0,1,0,0,0,0,0,0,0,0,0,0,0,0,0,1
12452,2010052187,900.0,854.0,6,6301,40.3354,-75.9337,0,0,0,0,0,0,4,5,2010,6,8.0,1.0,0,1.0,3,1,3,  ,2,2.0,0,0,1,0,0,1,0,0,0,0,0,0,0,0,0,0,0
12453,2010052212,12.0,9.0,67,67301,39.9517,-75.1705,0,0,0,0,0,0,1,4,2010,7,0.0,3.0,0,1.0,3,0,3,  ,0,0.0,1,0,0,0,0,0,0,0,0,0,0,0,0,0,1,0,0
12454,2010052219,1652.0,1647.0,41,41301,41.2346,-77.0196,0,0,0,0,0,0,8,5,2010,5,16.0,1.0,7,1.0,3,0,3,  ,3,3.0,0,0,0,0,0,0,0,0,0,0,0,0,0,0,0,1,0
12455,2010052239,1641.0,1632.0,67,67301,39.9398,-75.1883,0,0,1,0,0,0,5,4,2010,4,99.0,1.0,0,1.0,3,0,3,  ,0,0.0,0,0,0,0,1,0,0,0,0,0,0,0,0,0,0,1,0
12456,2010052247,1407.0,1401.0,67,67301,39.9753,-75.1817,0,0,0,0,0,0,4,5,2010,7,13.0,1.0,0,1.0,3,0,3,  ,0,0.0,0,0,1,0,0,0,0,0,0,0,0,0,0,0,0,0,0
12457,2010052308,1527.0,1526.0,53,53301,40.6833,-76.1971,0,0,0,0,0,0,4,5,2010,7,15.0,1.0,0,1.0,2,1,3,  ,3,3.0,0,0,1,0,0,0,0,0,0,0,0,0,0,0,0,0,0
12458,2010052318,1928.0,1921.0,41,41301,41.2421,-77.0318,0,0,0,0,0,0,4,5,2010,5,19.0,1.0,0,1.0,3,1,3,  ,3,3.0,0,0,1,0,0,0,0,0,0,0,0,0,0,0,0,0,0
12459,2010052340,2135.0,2130.0,67,67301,40.0323,-75.0331,0,0,0,0,0,0,4,4,2010,6,21.0,3.0,0,1.0,3,1,3,  ,3,3.0,0,0,1,0,0,1,0,0,0,0,0,0,0,0,0,0,0
12460,2010052343,1452.0,1452.0,67,67301,39.9793,-75.1627,0,0,0,0,1,0,4,4,2010,4,14.0,1.0,0,1.0,3,1,3,  ,2,3.0,0,0,1,0,0,0,0,0,0,0,0,0,0,0,0,0,0
12461,2010052354,1121.0,1117.0,67,67301,40.0272,-75.1099,0,0,0,0,0,0,4,5,2010,5,11.0,1.0,0,1.0,3,0,3,  ,0,0.0,0,0,1,0,0,0,0,0,0,0,0,0,0,0,0,0,0
12462,2010052357,1610.0,1606.0,67,67301,39.9493,-75.1642,0,0,0,0,0,0,4,4,2010,4,16.0,1.0,0,1.0,3,1,3,  ,2,3.0,1,0,1,0,0,0,0,0,0,0,0,0,0,0,0,0,0
12463,2010052398,1853.0,1850.0,67,67301,39.9723,-75.1765,0,0,0,0,0,1,4,4,2010,6,18.0,1.0,0,1.0,3,1,3,  ,3,3.0,0,0,1,0,0,0,0,0,0,0,0,0,0,0,0,0,0
12464,2010052422,1655.0,1645.0,67,67301,39.9871,-75.1223,0,0,0,0,1,0,4,4,2010,5,16.0,1.0,0,1.0,3,5,3,  ,9,9.0,1,0,1,0,0,0,0,0,1,0,0,0,0,0,0,0,0
12465,2010052431,1120.0,1115.0,67,67301,40.0211,-75.0585,0,0,0,0,0,0,4,5,2010,1,11.0,1.0,0,1.0,3,0,3,  ,0,0.0,0,0,1,0,0,0,0,0,0,0,0,0,0,0,0,0,1
12466,2010052444,2250.0,2133.0,67,67301,40.0091,-75.1562,0,0,0,0,0,0,4,5,2010,4,21.0,6.0,0,1.0,3,0,3,  ,0,0.0,0,0,1,0,0,0,0,0,0,0,0,0,0,0,0,0,0
12467,2010052451,1403.0,1400.0,67,67301,39.9517,-75.203,0,0,0,0,0,0,5,5,2010,4,13.0,1.0,0,1.0,3,0,3,  ,2,3.0,0,0,0,0,0,0,0,0,0,0,0,0,0,0,0,0,0
12468,2010052454,102.0,1.0,67,67301,40.044,-75.0352,0,0,0,0,0,1,5,5,2010,3,23.0,3.0,0,1.0,3,0,3,  ,2,3.0,1,0,0,0,0,0,0,0,0,0,0,0,0,1,0,0,0
12469,2010052481,2010.0,2007.0,67,67301,39.932,-75.1513,0,0,0,0,0,0,4,5,2010,6,99.0,3.0,0,1.0,3,1,3,  ,3,9.0,0,0,1,0,0,0,0,0,0,0,0,0,0,0,0,0,0
12470,2010052582,1440.0,1439.0,28,28402,39.7874,-77.7227,0,0,0,0,0,0,4,6,2010,4,14.0,1.0,0,1.0,1,1,3,  ,3,3.0,0,0,1,0,0,0,0,0,0,0,0,0,0,0,0,1,0
12471,2010052593,1638.0,1634.0,9,9202,40.0704,-74.951,0,0,0,0,0,0,4,5,2010,1,16.0,1.0,0,1.0,3,0,3,  ,0,0.0,0,1,1,0,0,0,0,0,0,0,0,0,0,0,0,1,0
12472,2010052610,936.0,933.0,9,9204,40.3495,-75.0703,0,0,0,0,0,0,4,5,2010,1,9.0,1.0,0,1.0,1,1,3,  ,3,3.0,1,0,1,0,0,0,0,0,0,0,0,0,0,0,0,1,0
12473,2010052637,1832.0,1830.0,23,23405,39.9184,-75.2647,0,0,0,0,0,0,4,6,2010,4,18.0,1.0,0,1.0,3,1,3,  ,2,3.0,0,0,1,0,0,0,0,0,0,0,0,0,0,0,0,0,0
12474,2010052646,1914.0,1912.0,49,49302,40.8574,-76.7805,0,0,0,0,1,0,4,6,2010,4,19.0,1.0,0,1.0,2,1,3,  ,3,3.0,0,0,1,0,0,0,0,0,0,0,0,0,0,0,0,0,0
12475,2010052734,1005.0,1000.0,2,2404,40.4978,-80.0602,0,0,0,0,0,1,7,6,2010,5,10.0,1.0,0,1.0,3,1,3,  ,2,3.0,0,0,0,0,0,0,0,0,0,0,0,0,0,0,0,0,0
12476,2010052956,1530.0,1528.0,25,25302,42.13,-80.0637,0,0,0,0,1,0,4,6,2010,5,15.0,1.0,0,1.0,3,1,3,  ,2,3.0,0,0,1,0,0,0,0,0,0,0,0,0,0,0,0,0,0
12477,2010052971,801.0,711.0,2,2209,40.5463,-79.9058,1,0,0,0,1,0,1,5,2010,5,7.0,1.0,0,1.0,3,0,3,  ,0,0.0,0,0,0,0,0,1,0,0,0,0,0,0,0,0,0,0,1
12478,2010053087,1827.0,1827.0,9,9220,40.4277,-75.3359,0,1,0,0,0,0,4,6,2010,4,18.0,1.0,7,1.0,1,0,3,  ,0,0.0,1,1,1,0,0,0,1,1,0,1,0,0,0,1,0,0,0
12479,2010053217,1540.0,1524.0,67,67301,39.9482,-75.1644,0,0,0,0,0,1,4,4,2010,6,15.0,1.0,0,1.0,3,1,3,  ,2,3.0,0,0,1,0,0,0,0,0,0,0,0,0,0,0,0,0,0
12480,2010053220,1832.0,1830.0,67,67301,39.9378,-75.1871,0,0,0,0,0,0,4,4,2010,3,18.0,1.0,0,1.0,3,1,3,  ,3,9.0,1,0,1,0,0,0,0,0,0,0,0,0,1,0,0,0,0
12481,2010053223,914.0,911.0,64,64102,40.3768,-79.5939,0,0,0,0,0,0,2,6,2010,6,9.0,1.0,0,1.0,3,2,3,  ,3,3.0,0,0,0,0,1,0,0,0,0,0,0,0,0,0,0,1,0
12482,2010053300,1700.0,1700.0,46,46411,40.2432,-75.2865,0,0,0,0,0,0,6,6,2010,6,17.0,1.0,0,1.0,3,2,3,  ,2,3.0,0,0,0,0,0,0,0,0,0,0,0,0,0,0,0,0,0
12483,2010053366,1646.0,1642.0,48,48101,40.6765,-75.3327,0,0,0,0,0,0,4,6,2010,5,16.0,1.0,0,1.0,3,2,3,  ,0,0.0,0,0,1,0,0,0,0,0,0,0,0,0,0,0,0,0,0
12484,2010053368,1311.0,1308.0,48,48302,40.6903,-75.2282,0,0,0,0,0,0,4,5,2010,5,13.0,1.0,0,1.0,3,1,3,  ,2,3.0,0,0,1,0,0,0,0,0,0,0,0,0,0,0,0,0,0
12485,2010053483,2111.0,1853.0,4,4204,40.8119,-80.4572,0,1,0,0,0,0,4,3,2010,1,18.0,2.0,0,1.0,1,0,3,  ,0,0.0,0,0,1,0,0,0,0,0,0,0,0,0,0,0,0,0,0
12486,2010053622,802.0,758.0,66,66217,40.0211,-76.7403,0,0,0,0,1,0,4,5,2010,7,7.0,1.0,0,1.0,3,1,3,  ,2,3.0,1,0,1,0,0,0,0,0,0,0,0,0,0,0,0,0,0
12487,2010053797,1343.0,1341.0,48,48101,40.6531,-75.3279,0,0,0,0,0,0,4,6,2010,7,13.0,1.0,0,1.0,3,1,3,  ,3,3.0,0,0,1,0,0,0,0,0,0,0,0,0,0,0,0,0,1
12488,2010053852,2107.0,2105.0,8,8409,41.9803,-76.5259,0,0,0,0,0,1,4,6,2010,7,21.0,1.0,0,1.0,2,2,3,  ,3,3.0,0,0,1,0,0,0,0,0,0,0,0,0,0,0,0,0,1
12489,2010053997,1646.0,1620.0,64,64435,40.2389,-79.5786,0,0,0,0,0,1,4,6,2010,3,16.0,1.0,0,1.0,3,0,3,  ,0,0.0,0,0,1,0,0,0,0,0,0,0,0,0,0,0,0,0,0
12490,2010054214,2027.0,2025.0,41,41409,41.2335,-76.9951,0,0,0,0,0,0,8,6,2010,1,20.0,4.0,7,1.0,3,0,3,  ,0,0.0,0,0,0,0,0,0,0,0,0,0,0,0,0,0,0,0,0
12491,2010054276,1309.0,1306.0,48,48418,40.6843,-75.2407,0,0,0,0,0,0,4,6,2010,6,13.0,1.0,0,1.0,3,2,3,  ,0,0.0,0,0,1,0,0,0,0,0,0,0,0,0,0,0,0,0,0
12492,2010054289,1622.0,1620.0,23,23401,39.9255,-75.2823,0,0,0,0,0,0,4,6,2010,2,16.0,1.0,0,1.0,3,1,3,  ,2,3.0,0,0,1,0,0,0,0,0,0,0,0,0,0,0,0,0,0
12493,2010054507,1120.0,1115.0,38,38301,40.332,-76.4265,0,0,0,0,0,0,4,6,2010,3,11.0,1.0,0,1.0,2,2,3,  ,3,3.0,0,0,1,0,0,0,0,0,0,0,0,0,0,0,0,0,0
12494,2010054603,1805.0,1800.0,46,46104,40.0065,-75.2833,0,0,0,0,0,0,4,5,2010,5,18.0,1.0,0,1.0,3,1,3,  ,3,3.0,1,0,1,0,0,0,0,0,0,0,0,0,0,0,0,0,0
12495,2010054672,1725.0,1725.0,53,53237,40.7576,-75.9197,0,0,0,0,0,0,4,6,2010,1,17.0,1.0,0,1.0,1,1,3,  ,3,3.0,0,0,1,0,0,0,0,0,0,0,0,0,0,0,0,0,0
12496,2010054674,717.0,715.0,38,38406,40.31,-76.5856,0,0,0,0,0,0,4,6,2010,3,7.0,1.0,0,1.0,3,1,3,  ,3,3.0,1,0,1,0,0,0,0,0,0,0,0,0,0,0,0,0,0
12497,2010054773,1424.0,1423.0,48,48401,40.8602,-75.2068,0,0,0,0,0,0,4,6,2010,7,14.0,1.0,0,1.0,2,0,3,  ,0,0.0,0,0,1,0,0,0,0,0,0,0,0,0,0,0,0,0,0
12498,2010054779,848.0,835.0,9,9210,40.3765,-75.2108,0,0,0,0,1,0,4,6,2010,7,8.0,1.0,7,1.0,3,0,3,  ,0,0.0,0,0,1,0,0,0,0,0,0,0,0,0,0,0,0,0,0
12499,2010054780,1454.0,1437.0,66,66102,39.939,-76.6931,0,0,0,0,0,0,4,6,2010,3,14.0,1.0,7,1.0,1,0,3,  ,0,0.0,1,0,1,0,0,0,0,0,0,0,0,0,0,0,0,1,0
12500,2010054826,1954.0,1946.0,21,21404,40.2078,-77.0012,0,0,0,0,0,0,4,5,2010,6,19.0,1.0,0,1.0,3,1,3,  ,3,3.0,0,0,1,0,0,0,0,0,0,0,0,0,0,0,0,0,0
12501,2010055192,1218.0,1217.0,42,42301,41.956,-78.6451,0,0,0,0,1,0,4,6,2010,5,12.0,1.0,0,1.0,2,1,3,  ,2,3.0,0,0,1,0,0,0,0,0,0,0,0,0,0,0,0,0,0
12502,2010055247,1654.0,1703.0,46,46101,40.1172,-75.1372,0,0,0,0,0,0,4,6,2010,5,16.0,1.0,0,1.0,3,2,3,  ,3,3.0,0,0,1,0,0,0,0,0,0,0,0,0,0,0,0,0,0
12503,2010055336,1710.0,1704.0,38,38301,40.3477,-76.4241,0,0,0,0,0,0,4,6,2010,2,17.0,1.0,0,1.0,2,1,3,  ,0,0.0,0,0,1,0,0,0,0,0,0,0,0,0,0,0,0,0,0
12504,2010055366,2155.0,2154.0,22,22202,40.2719,-76.6562,0,0,0,0,0,0,5,6,2010,5,13.0,1.0,0,1.0,3,0,3,  ,0,0.0,0,0,0,0,0,0,0,0,0,0,0,0,0,0,0,0,0
12505,2010055455,2118.0,2112.0,39,39301,40.6124,-75.4807,0,0,0,0,0,0,4,5,2010,7,20.0,3.0,0,1.0,3,1,3,  ,3,3.0,0,0,1,0,0,0,0,0,0,0,0,0,0,0,0,0,0
12506,2010055475,1800.0,1757.0,39,39301,40.5977,-75.4674,0,0,0,0,0,0,8,5,2010,2,17.0,1.0,0,1.0,3,0,3,  ,0,0.0,1,0,0,0,0,0,0,0,0,0,0,0,0,0,0,0,1
12507,2010055477,1007.0,1005.0,39,39301,40.605,-75.473,0,0,0,0,0,0,4,5,2010,7,10.0,1.0,0,9.0,3,1,7,  ,2,3.0,0,0,1,0,0,0,0,0,0,0,0,0,0,0,0,0,0
12508,2010055491,1753.0,1248.0,39,39301,40.5984,-75.4745,0,0,0,0,0,0,4,5,2010,7,17.0,1.0,0,1.0,3,1,3,  ,3,3.0,0,0,1,0,0,0,0,0,0,0,0,0,0,0,0,0,0
12509,2010055511,1048.0,1047.0,39,39301,40.6124,-75.4744,0,0,0,0,0,0,8,5,2010,7,10.0,1.0,0,1.0,3,1,3,  ,2,3.0,0,0,0,0,0,0,0,0,0,0,0,0,0,0,0,0,0
12510,2010055513,1507.0,1506.0,39,39301,40.6055,-75.4785,0,0,0,0,0,1,4,5,2010,7,15.0,1.0,0,1.0,3,1,3,  ,0,0.0,0,0,1,0,0,0,0,0,0,0,0,0,0,0,0,0,0
12511,2010055516,1311.0,1308.0,39,39301,40.6261,-75.4209,0,0,0,0,0,0,4,5,2010,1,13.0,1.0,0,1.0,3,1,3,  ,2,3.0,1,0,1,0,0,0,0,0,0,0,0,0,0,0,0,1,0
12512,2010055518,658.0,656.0,39,39301,40.592,-75.4692,0,0,0,0,0,0,4,5,2010,2,6.0,1.0,0,1.0,3,1,3,  ,2,3.0,0,0,1,0,0,0,0,0,0,0,0,0,0,0,0,0,0
12513,2010055667,1908.0,1907.0,2,2407,40.3383,-80.0515,0,0,0,0,0,0,4,5,2010,7,19.0,1.0,0,1.0,3,1,3,  ,2,3.0,0,0,1,0,0,0,0,0,0,0,0,0,0,0,0,1,0
12514,2010055697,1603.0,1601.0,2,2420,40.5144,-80.1546,0,1,0,0,0,0,4,6,2010,6,16.0,1.0,0,1.0,3,0,3,  ,0,0.0,0,0,1,0,0,0,0,0,0,0,0,0,0,0,0,0,0
12515,2010055844,1424.0,1420.0,36,36407,40.1444,-76.5926,0,0,0,0,0,0,4,6,2010,6,14.0,1.0,0,1.0,2,1,3,  ,0,0.0,0,0,1,0,0,0,0,0,0,0,0,0,0,0,0,1,0
12516,2010056071,1643.0,1640.0,31,31407,40.4887,-78.0155,0,0,0,0,1,0,4,6,2010,3,16.0,1.0,0,1.0,2,1,3,  ,0,0.0,0,0,1,0,0,0,0,0,0,0,0,0,0,0,0,0,0
12517,2010056363,1950.0,1949.0,15,15301,39.984,-75.8243,0,0,0,0,0,0,5,6,2010,3,19.0,1.0,0,1.0,3,0,3,  ,0,0.0,0,0,0,0,0,0,0,0,0,0,0,0,0,0,0,0,0
12518,2010056394,2022.0,2019.0,66,66301,39.9687,-76.707,0,0,0,0,1,0,4,6,2010,2,20.0,1.0,0,1.0,3,1,3,  ,3,3.0,0,0,1,0,0,0,0,0,0,0,0,0,0,0,0,0,0
12519,2010056419,1115.0,1113.0,6,6237,40.3407,-76.0058,0,0,0,0,0,1,4,6,2010,7,11.0,1.0,0,1.0,3,0,3,  ,0,0.0,0,0,1,0,0,0,0,0,0,0,0,0,0,0,0,1,0
12520,2010056520,1256.0,1218.0,21,21213,40.1373,-77.1246,0,0,0,0,0,0,5,5,2010,1,12.0,1.0,0,1.0,1,2,3,  ,0,0.0,1,0,0,0,0,0,0,0,0,0,0,0,0,0,0,0,0
12521,2010056561,1549.0,1538.0,6,6218,40.4106,-76.1798,0,0,0,0,1,0,5,6,2010,2,15.0,1.0,0,1.0,1,0,3,  ,0,0.0,1,0,0,0,0,0,0,0,0,0,0,0,0,1,0,0,0
12522,2010056648,1410.0,1357.0,6,6205,40.4977,-76.2229,0,0,0,0,0,0,2,6,2010,2,13.0,1.0,0,1.0,1,0,3,  ,0,0.0,0,0,0,0,0,0,0,0,0,0,0,0,0,0,0,0,0