,CRN,ARRIVAL_TM,DISPATCH_TM,COUNTY,MUNICIPALITY,DEC_LAT,DEC_LONG,BICYCLE_DEATH_COUNT,BICYCLE_SUSP_SERIOUS_INJ_COUNT,BUS_COUNT,HEAVY_TRUCK_COUNT,SMALL_TRUCK_COUNT,SUV_COUNT,COLLISION_TYPE,CRASH_MONTH,CRASH_YEAR,DAY_OF_WEEK,HOUR_OF_DAY,ILLUMINATION,LOCATION_TYPE,ROAD_CONDITION,URBAN_RURAL,INTERSECT_TYPE,WEATHER1,WEATHER2,TCD_TYPE,TCD_FUNC_CD,AGGRESSIVE_DRIVING,ALCOHOL_RELATED,ANGLE_CRASH,CELL_PHONE,COMM_VEHICLE,DISTRACTED,DRINKING_DRIVER,DRUGGED_DRIVER,FATIGUE_ASLEEP,IMPAIRED_DRIVER,NHTSA_AGG_DRIVING,RUNNING_RED_LT,RUNNING_STOP_SIGN,SPEEDING_RELATED,TAILGATING,MATURE_DRIVER,YOUNG_DRIVER
12523,2010056674,1112.0,1110.0,10,10301,40.8651,-79.9022,0,0,0,0,0,1,4,6,2010,2,11.0,1.0,0,9.0,2,1,7,  ,3,3.0,0,0,1,0,0,0,0,0,0,0,0,0,0,0,0,0,0
12524,2010056838,13.0,13.0,66,66301,39.9609,-76.7224,0,0,0,0,0,0,1,6,2010,6,0.0,3.0,0,1.0,3,5,3,  ,2,3.0,0,0,0,0,0,0,0,0,0,0,0,0,0,0,0,0,0
12525,2010056845,1742.0,1739.0,23,23301,39.8579,-75.3634,0,0,0,0,0,1,4,6,2010,3,17.0,1.0,0,1.0,3,2,3,  ,0,0.0,0,0,1,0,0,0,0,0,0,0,0,0,0,0,0,0,0
12526,2010056853,1954.0,1948.0,25,25302,42.1327,-80.0763,0,0,0,0,0,0,4,6,2010,3,19.0,1.0,7,1.0,3,0,3,  ,2,3.0,1,0,1,0,0,0,0,0,0,0,0,0,0,0,0,0,0
12527,2010056939,1903.0,1827.0,59,59204,40.8709,-77.1887,0,0,0,0,0,0,4,6,2010,3,18.0,1.0,0,1.0,1,2,3,  ,3,3.0,0,0,1,0,0,0,0,0,0,0,0,0,0,0,0,0,1
12528,2010057017,1105.0,1049.0,42,42202,41.9071,-78.6232,0,0,0,0,0,0,5,6,2010,3,10.0,1.0,0,1.0,1,0,3,  ,0,0.0,0,0,0,0,0,0,0,0,0,0,0,0,0,0,0,1,0
12529,2010057100,1820.0,1816.0,46,46104,40.0015,-75.2638,0,0,0,0,0,0,4,6,2010,4,17.0,1.0,0,1.0,3,2,3,  ,3,3.0,0,0,1,0,0,0,0,0,0,0,0,0,0,0,0,1,0
12530,2010057106,1531.0,1529.0,46,46104,39.9998,-75.2816,0,0,0,0,0,0,4,6,2010,6,15.0,1.0,0,1.0,3,1,3,  ,3,3.0,0,0,1,0,0,0,0,0,0,0,0,0,0,0,0,0,0
12531,2010057173,1925.0,1915.0,6,6238,40.5486,-76.0083,0,0,0,0,0,0,4,6,2010,5,19.0,1.0,0,1.0,1,2,3,  ,0,0.0,0,0,1,0,0,0,0,0,0,0,0,0,0,0,0,1,0
12532,2010057191,1701.0,1657.0,40,40304,41.2403,-75.8707,0,0,0,0,1,0,4,6,2010,4,16.0,1.0,0,1.0,3,1,3,  ,2,3.0,0,0,1,0,0,0,0,0,0,0,0,0,0,0,0,0,0
12533,2010057207,1851.0,1851.0,26,26301,40.0164,-79.5911,0,0,0,0,0,0,4,6,2010,3,18.0,1.0,0,1.0,2,1,3,  ,3,3.0,1,0,1,0,0,0,0,0,0,0,0,0,1,0,0,0,0
12534,2010057343,1913.0,1858.0,23,23107,39.8779,-75.3447,0,1,0,0,0,0,4,6,2010,4,18.0,1.0,0,1.0,3,1,3,  ,2,3.0,0,0,1,0,0,0,0,0,0,0,0,0,0,0,0,0,0
12535,2010057519,1725.0,1718.0,21,21103,40.2369,-76.9602,0,0,0,0,0,0,4,6,2010,5,17.0,1.0,0,1.0,3,2,3,  ,3,3.0,0,0,1,0,0,0,0,0,0,0,0,0,0,0,0,0,0
12536,2010057708,1843.0,1841.0,15,15244,40.0667,-75.8113,0,0,0,0,0,0,2,6,2010,6,18.0,1.0,0,1.0,1,0,3,  ,3,3.0,0,0,0,0,0,0,0,0,0,0,0,0,0,0,0,0,0
12537,2010057766,1849.0,1846.0,23,23103,40.0181,-75.3116,0,0,0,0,1,0,4,6,2010,5,18.0,4.0,0,1.0,3,1,3,  ,2,3.0,1,0,1,0,0,0,0,0,0,0,0,0,0,0,0,0,0
12538,2010057823,1356.0,1346.0,21,21213,40.1499,-77.1287,0,1,0,0,0,1,4,6,2010,3,13.0,1.0,0,1.0,1,1,3,  ,3,3.0,1,0,1,0,0,0,0,0,0,0,0,0,1,0,0,0,0
12539,2010057900,2007.0,2007.0,67,67301,39.9563,-75.2399,0,0,0,0,0,1,5,5,2010,5,19.0,3.0,0,1.0,3,1,3,  ,0,0.0,0,0,0,0,0,0,0,0,0,0,0,0,0,0,0,0,0
12540,2010058026,1730.0,1723.0,2,2301,40.4405,-79.9915,0,0,0,0,0,0,8,6,2010,7,17.0,1.0,0,1.0,3,1,3,  ,2,3.0,0,0,0,0,0,0,0,0,0,0,0,0,0,0,0,0,0
12541,2010058104,1018.0,1012.0,64,64219,40.5724,-79.5919,0,1,0,0,0,0,4,6,2010,1,10.0,1.0,7,1.0,1,0,3,  ,0,0.0,1,0,1,0,0,0,0,0,0,0,0,0,0,0,0,0,0
12542,2010058224,2019.0,2009.0,40,40427,41.19,-75.9569,0,0,0,0,0,0,4,6,2010,5,20.0,1.0,0,1.0,3,0,3,  ,0,0.0,0,0,1,0,0,0,0,0,0,0,0,0,0,0,0,0,0
12543,2010058311,2036.0,2003.0,5,5220,39.7539,-78.615,0,0,0,0,0,0,4,6,2010,5,20.0,1.0,7,1.0,1,0,3,  ,0,0.0,0,0,1,0,0,0,0,0,0,0,0,0,0,0,0,0,0
12544,2010058434,1016.0,1016.0,14,14410,40.7861,-77.8647,0,0,0,0,0,0,4,6,2010,2,10.0,1.0,0,1.0,3,1,3,  ,3,3.0,0,0,1,0,0,0,0,0,0,0,0,0,0,0,0,0,0
12545,2010058454,2133.0,2131.0,48,48409,40.6813,-75.4941,0,0,0,0,0,1,4,6,2010,5,21.0,3.0,0,1.0,3,0,3,  ,0,0.0,0,0,1,0,0,0,0,0,0,0,0,0,0,0,0,0,0
12546,2010058501,1738.0,1736.0,15,15414,39.9631,-75.5948,0,0,0,0,0,0,4,6,2010,3,17.0,1.0,0,1.0,3,1,3,  ,3,3.0,0,0,1,0,0,0,0,0,0,0,0,0,0,0,0,0,0
12547,2010058600,137.0,137.0,9,9208,40.1555,-74.8286,0,1,0,0,0,0,5,6,2010,7,1.0,3.0,0,1.0,3,1,3,  ,2,3.0,0,0,0,0,0,0,0,0,0,0,0,0,0,0,0,0,0
12548,2010058746,1317.0,1313.0,67,67301,40.006,-75.0782,0,0,0,0,0,0,5,5,2010,7,13.0,1.0,0,1.0,3,0,3,  ,3,3.0,0,0,0,0,0,0,0,0,0,0,0,0,0,0,0,0,0
12549,2010058777,2210.0,2210.0,67,67301,40.076,-75.1768,0,0,0,0,0,0,4,5,2010,3,17.0,3.0,0,1.0,3,1,3,  ,2,3.0,0,0,1,0,0,1,0,0,0,0,0,0,0,0,0,0,0
12550,2010058789,1725.0,1721.0,6,6301,40.3296,-75.9197,0,0,0,0,0,0,2,5,2010,1,17.0,1.0,0,1.0,3,0,3,  ,0,0.0,0,0,0,0,0,0,0,0,0,0,0,0,0,1,0,0,1
12551,2010058798,1510.0,1500.0,67,67301,39.9764,-75.1734,0,0,0,0,0,0,4,5,2010,6,15.0,1.0,0,9.0,3,1,3,  ,3,3.0,0,0,1,0,0,0,0,0,0,0,0,0,0,0,0,0,0
12552,2010058800,1735.0,1724.0,67,67301,40.0153,-75.2081,0,0,0,0,0,0,4,5,2010,4,17.0,1.0,0,1.0,3,3,3,  ,2,3.0,0,0,1,0,0,0,0,0,0,0,0,0,0,0,0,0,0
12553,2010058813,1355.0,1348.0,67,67301,39.9825,-75.1516,0,0,0,0,0,0,4,5,2010,7,13.0,1.0,0,1.0,3,1,3,  ,2,3.0,0,0,1,0,0,0,0,0,0,0,0,0,0,0,0,0,0
12554,2010058826,2129.0,2125.0,46,46109,40.1715,-75.2,0,0,0,0,0,0,4,5,2010,4,21.0,2.0,0,9.0,3,2,7,  ,0,0.0,0,0,1,0,0,0,0,0,0,0,0,0,0,0,0,0,0
12555,2010058832,1817.0,1811.0,46,46109,40.173,-75.1701,0,0,0,0,0,0,4,5,2010,5,18.0,1.0,0,1.0,3,2,3,  ,3,3.0,0,0,1,0,0,0,0,0,0,0,0,0,0,0,0,0,1
12556,2010058909,1800.0,1757.0,67,67301,39.9276,-75.1652,0,0,0,0,0,0,4,5,2010,4,17.0,1.0,0,1.0,3,1,3,  ,3,2.0,0,0,1,0,0,0,0,0,0,0,0,0,0,0,0,0,0
12557,2010058911,1419.0,1412.0,67,67301,39.957,-75.2459,0,0,0,0,0,0,4,5,2010,2,14.0,1.0,0,1.0,3,1,3,  ,2,3.0,0,0,1,0,0,0,0,0,0,0,0,0,0,0,0,0,0
12558,2010058914,9999.0,9999.0,67,67301,39.9689,-75.1344,0,0,0,0,0,0,6,4,2010,5,99.0,1.0,0,1.0,3,1,3,  ,2,2.0,0,0,0,0,0,0,0,0,0,0,0,0,0,0,0,0,0
12559,2010058944,918.0,918.0,67,67301,39.976,-75.1371,0,0,0,0,0,0,5,4,2010,6,8.0,1.0,0,1.0,3,1,3,  ,0,0.0,1,0,0,0,0,0,0,0,0,0,0,0,0,0,0,0,0
12560,2010058950,1416.0,1415.0,64,64420,40.1314,-79.8578,0,0,0,0,1,0,4,6,2010,2,14.0,1.0,0,1.0,3,2,3,  ,0,0.0,0,0,1,0,0,0,0,0,0,0,0,0,0,0,0,0,0
12561,2010058956,1340.0,1338.0,67,67301,39.9754,-75.1952,0,0,0,0,0,0,1,5,2010,3,4.0,3.0,1,1.0,3,0,3,  ,0,0.0,1,0,0,0,0,0,0,0,0,0,0,0,0,0,1,0,0
12562,2010058988,747.0,747.0,67,67301,39.9617,-75.1561,0,0,0,0,0,0,4,5,2010,5,7.0,1.0,0,1.0,3,1,3,  ,2,3.0,0,0,1,0,0,0,0,0,0,0,0,0,0,0,0,0,0
12563,2010059040,910.0,907.0,9,9101,40.1356,-74.8827,0,0,0,0,0,0,4,6,2010,3,9.0,1.0,0,1.0,3,2,3,  ,0,0.0,0,0,1,0,0,0,0,0,0,0,0,0,0,0,0,1,0
12564,2010059231,1556.0,1556.0,15,15235,39.9167,-75.5741,0,0,0,0,0,1,4,6,2010,5,15.0,1.0,0,1.0,1,2,3,  ,3,3.0,0,0,1,0,0,0,0,0,0,0,0,0,0,0,0,0,0
12565,2010059278,1511.0,1511.0,46,46410,40.0972,-75.1344,0,0,0,0,0,1,6,5,2010,2,15.0,1.0,0,1.0,3,2,3,  ,3,3.0,0,0,0,0,0,0,0,0,0,0,0,0,0,0,0,0,0
12566,2010059436,1649.0,1647.0,64,64427,40.2782,-79.5441,0,0,0,0,0,0,4,6,2010,3,16.0,1.0,0,1.0,3,1,3,  ,3,3.0,0,0,1,0,0,0,0,0,0,0,0,0,0,0,0,0,0
12567,2010059474,1542.0,1523.0,46,46101,40.1165,-75.1577,0,0,0,0,0,0,5,6,2010,3,15.0,1.0,0,1.0,3,1,3,  ,3,9.0,1,0,0,0,0,0,0,0,0,0,0,0,0,0,0,0,0
12568,2010059507,1645.0,1640.0,23,23207,39.8988,-75.4371,0,0,0,0,0,0,4,5,2010,3,16.0,1.0,7,1.0,3,0,3,  ,0,0.0,0,0,1,0,0,1,0,0,0,0,0,0,0,0,0,0,0
12569,2010059531,1155.0,1155.0,67,67301,39.9486,-75.1923,0,0,0,0,0,0,2,4,2010,5,11.0,1.0,0,1.0,3,0,3,  ,0,0.0,0,0,0,0,0,0,0,0,0,0,0,0,0,0,0,0,0
12570,2010059578,2108.0,2108.0,39,39301,40.612,-75.4594,0,0,0,0,0,0,4,5,2010,5,21.0,3.0,0,1.0,3,1,3,  ,0,0.0,0,0,1,0,0,0,0,0,0,0,0,0,0,0,0,0,0
12571,2010059592,1925.0,1923.0,67,67301,39.9286,-75.2379,0,0,0,0,0,0,4,4,2010,1,19.0,1.0,0,1.0,3,2,3,  ,3,3.0,0,0,1,0,0,0,0,0,0,0,0,0,0,0,0,0,0
12572,2010059593,1815.0,1800.0,67,67301,40.0471,-75.066,0,0,0,0,0,0,4,4,2010,5,17.0,1.0,0,1.0,3,0,3,  ,0,0.0,0,0,1,0,0,0,0,0,0,0,0,0,0,0,0,0,0
12573,2010059624,2136.0,2134.0,67,67301,39.9511,-75.1784,0,0,0,0,0,0,4,5,2010,4,21.0,3.0,0,1.0,3,1,3,  ,2,3.0,0,0,1,0,0,0,0,0,0,0,0,0,0,0,0,1,0
12574,2010059632,1750.0,1747.0,46,46413,40.1186,-75.3433,0,0,0,0,1,0,4,5,2010,4,17.0,1.0,0,1.0,3,1,3,  ,0,0.0,0,0,1,0,0,0,0,0,0,0,0,0,0,0,0,0,0
12575,2010059642,1301.0,1259.0,2,2447,40.4133,-79.9889,0,0,0,0,0,1,8,5,2010,6,12.0,1.0,7,1.0,3,2,3,  ,0,0.0,1,0,0,0,0,0,0,0,0,0,0,0,0,0,0,0,0
12576,2010059701,2224.0,2210.0,36,36210,40.2166,-76.1201,0,0,0,0,0,0,5,6,2010,4,21.0,2.0,0,1.0,1,0,3,  ,0,0.0,0,0,0,0,0,0,0,0,0,0,0,0,0,0,0,0,0
12577,2010059762,918.0,910.0,45,45202,40.9227,-75.3995,0,0,0,0,0,1,4,6,2010,3,9.0,1.0,0,1.0,1,0,3,  ,0,0.0,0,0,1,0,0,0,0,0,0,0,0,0,0,0,0,0,0
12578,2010059898,1324.0,1314.0,66,66205,39.9919,-76.8134,0,0,0,0,1,0,4,5,2010,1,13.0,1.0,0,1.0,1,1,3,  ,3,3.0,0,0,1,0,0,0,0,0,0,0,0,0,0,0,0,0,0
12579,2010059926,1808.0,1803.0,41,41301,41.2456,-77.012,0,0,0,0,0,0,4,6,2010,5,18.0,1.0,0,1.0,3,1,3,  ,3,3.0,0,0,1,0,0,0,0,0,0,0,0,0,0,0,0,1,0
12580,2010059944,717.0,706.0,66,66233,39.931,-76.6095,0,0,0,0,0,0,5,6,2010,5,7.0,1.0,0,1.0,1,0,3,  ,0,0.0,0,0,0,0,0,0,0,0,0,0,0,0,0,0,0,0,0
12581,2010059977,2134.0,2133.0,39,39102,40.626,-75.4829,0,0,0,0,0,0,4,6,2010,4,21.0,2.0,2,1.0,3,6,3,  ,2,3.0,0,0,1,0,0,0,0,0,0,0,0,0,0,0,0,0,0
12582,2010060077,1809.0,1806.0,22,22202,40.2729,-76.6568,0,0,0,0,0,0,4,6,2010,6,18.0,1.0,7,1.0,3,0,3,  ,0,0.0,0,0,1,0,0,0,0,0,0,0,0,0,0,0,0,0,0
12583,2010060214,1424.0,1421.0,7,7301,,,0,0,0,0,0,0,4,6,2010,5,14.0,1.0,0,1.0,3,0,3,  ,0,0.0,0,0,1,0,0,0,0,0,0,0,0,0,0,0,0,0,0
12584,2010060220,1652.0,1652.0,67,67301,39.9347,-75.1523,0,0,0,0,0,0,8,5,2010,5,16.0,1.0,0,1.0,3,1,3,  ,2,3.0,1,0,0,0,0,0,0,0,0,0,0,0,0,0,0,0,0
12585,2010060222,1132.0,1129.0,64,64412,40.2938,-79.3766,0,1,0,0,0,1,5,6,2010,5,11.0,1.0,3,1.0,2,0,3,  ,0,0.0,1,0,0,0,0,0,0,0,0,0,0,0,0,0,0,0,0
12586,2010060224,2332.0,2330.0,25,25213,42.0802,-80.0907,0,0,0,0,0,0,4,5,2010,6,23.0,3.0,0,1.0,3,1,3,  ,2,3.0,1,1,1,0,0,0,1,1,0,1,0,0,0,0,0,0,0
12587,2010060241,1755.0,1753.0,36,36301,40.0433,-76.317,0,0,0,0,0,1,4,5,2010,5,17.0,1.0,0,1.0,3,1,3,  ,0,0.0,1,0,1,0,0,0,0,0,0,0,0,0,0,0,0,0,0
12588,2010060257,1727.0,1717.0,67,67301,39.918,-75.1699,0,0,0,0,0,0,4,4,2010,1,17.0,1.0,0,1.0,3,2,3,  ,3,3.0,1,0,1,0,0,0,0,0,0,0,0,0,0,0,0,0,0
12589,2010060286,1705.0,1700.0,67,67301,40.0346,-75.0712,0,0,0,0,0,0,4,5,2010,6,16.0,1.0,0,1.0,3,1,3,  ,2,3.0,0,0,1,0,0,0,0,0,0,0,0,0,0,0,0,0,0
12590,2010060294,1345.0,1340.0,67,67301,39.9854,-75.0967,0,0,0,1,0,0,4,5,2010,2,13.0,1.0,0,1.0,3,1,3,  ,2,3.0,0,0,1,0,1,0,0,0,0,0,0,0,0,0,0,0,0
12591,2010060380,1542.0,1537.0,40,40304,41.2452,-75.8763,0,0,0,0,0,0,4,6,2010,6,14.0,1.0,0,1.0,3,2,3,  ,2,9.0,0,0,1,0,0,0,0,0,0,0,0,0,0,0,0,0,0
12592,2010060398,1410.0,1407.0,9,9216,40.2327,-74.9379,0,0,0,0,0,0,4,6,2010,7,14.0,1.0,0,1.0,3,1,3,  ,2,3.0,1,0,1,0,0,0,0,0,0,0,0,0,0,0,0,1,0
12593,2010060442,1539.0,1522.0,39,39104,40.5562,-75.5183,0,0,0,0,0,0,0,6,2010,4,15.0,1.0,0,1.0,3,1,3,  ,3,3.0,1,0,0,0,0,0,0,0,0,0,0,0,0,0,0,0,0
12594,2010060590,1605.0,1605.0,9,9101,40.1266,-74.882,0,0,0,0,0,0,4,6,2010,6,16.0,1.0,7,1.0,3,0,3,  ,3,3.0,0,0,1,0,0,0,0,0,0,0,0,0,0,0,0,0,0
12595,2010060654,2111.0,2106.0,66,66226,39.7949,-76.6785,0,1,0,0,0,0,1,6,2010,4,21.0,4.0,0,1.0,1,0,3,  ,0,0.0,0,0,0,0,0,0,0,0,0,0,0,0,0,0,0,0,0
12596,2010060766,1647.0,1643.0,35,35217,41.3601,-75.5761,0,0,0,0,0,0,1,6,2010,7,16.0,1.0,0,1.0,1,2,3,  ,0,0.0,0,0,0,0,0,0,0,0,0,0,0,0,0,0,0,0,0
12597,2010061092,1312.0,1311.0,37,37301,40.9996,-80.3421,0,0,0,0,0,0,4,6,2010,2,13.0,1.0,0,1.0,2,2,3,  ,2,3.0,0,0,1,0,0,0,0,0,0,0,0,0,0,0,0,0,0
12598,2010061201,1901.0,1840.0,45,45205,40.9107,-75.3089,0,0,0,0,0,0,3,6,2010,3,18.0,1.0,0,1.0,1,0,3,  ,0,0.0,0,0,0,0,0,0,0,0,0,0,0,0,0,0,0,0,0
12599,2010061342,1739.0,1732.0,22,22204,40.499,-76.9446,1,0,0,0,0,0,4,6,2010,3,17.0,1.0,0,1.0,1,0,3,  ,0,0.0,0,0,1,0,0,0,0,0,0,0,0,0,0,0,0,0,0
12600,2010061434,1411.0,1410.0,59,59402,40.9669,-76.8943,0,0,0,0,0,0,4,6,2010,2,14.0,1.0,0,1.0,2,5,3,  ,3,3.0,0,0,1,0,0,0,0,0,0,0,0,0,0,0,0,1,0
12601,2010061457,1407.0,1358.0,2,2301,40.4603,-79.9315,0,0,0,0,0,0,4,6,2010,3,13.0,1.0,0,1.0,3,1,3,  ,3,3.0,0,0,1,0,0,0,0,0,0,0,0,0,0,0,0,0,0
12602,2010061722,804.0,802.0,36,36101,40.0708,-76.2928,0,0,0,0,0,0,4,6,2010,4,8.0,1.0,0,1.0,3,2,3,  ,3,3.0,1,0,1,0,0,0,0,0,0,0,0,0,0,0,0,1,0
12603,2010061884,1612.0,1552.0,53,53206,40.8387,-76.0723,0,0,0,0,0,0,1,6,2010,4,15.0,1.0,0,1.0,1,0,3,  ,0,0.0,0,0,0,0,0,0,0,0,0,0,0,0,0,0,0,0,0
12604,2010061977,1830.0,1825.0,67,67301,39.9219,-75.16,0,0,0,0,0,0,4,4,2010,5,18.0,1.0,0,1.0,3,1,3,  ,3,3.0,0,0,1,0,0,0,0,0,0,0,0,0,0,0,0,0,0
12605,2010061978,1545.0,1543.0,67,67301,,,0,0,0,0,1,0,5,5,2010,4,15.0,1.0,7,1.0,3,0,3,  ,0,0.0,0,0,0,0,0,0,0,0,0,0,0,0,0,0,0,0,0
12606,2010061990,1120.0,1110.0,67,67301,40.0486,-75.1449,0,0,0,0,0,0,8,5,2010,5,10.0,1.0,0,1.0,3,1,3,  ,2,9.0,0,0,0,0,0,0,0,0,0,0,0,0,0,0,0,0,0
12607,2010062024,1805.0,1805.0,67,67301,39.936,-75.1689,0,0,0,0,0,0,4,4,2010,6,18.0,1.0,0,1.0,3,2,3,  ,0,0.0,0,0,1,0,0,0,0,0,0,0,0,0,0,0,0,0,0
12608,2010062027,1045.0,1045.0,67,67301,39.9928,-75.1461,0,0,0,0,0,0,4,4,2010,5,9.0,1.0,0,1.0,3,1,3,  ,2,3.0,0,0,1,0,0,0,0,0,0,0,0,0,0,0,0,0,0
12609,2010062039,1730.0,1727.0,67,67301,39.9834,-75.1191,0,0,0,0,0,0,4,5,2010,4,17.0,1.0,0,1.0,3,1,3,  ,2,3.0,0,0,1,0,0,0,0,0,0,0,0,0,0,0,0,0,0
12610,2010062040,1851.0,1846.0,67,67301,40.0256,-75.0653,0,0,0,0,1,0,4,5,2010,3,18.0,1.0,0,1.0,3,1,3,  ,0,0.0,0,0,1,0,0,0,0,0,0,0,0,0,0,0,0,0,0
12611,2010062041,1230.0,1226.0,67,67301,40.0139,-75.0863,0,0,0,0,0,0,4,4,2010,7,12.0,1.0,0,1.0,3,1,3,  ,2,3.0,0,1,1,0,0,0,0,0,0,0,0,0,0,0,0,0,0
12612,2010062089,1842.0,1839.0,67,67301,39.9336,-75.1542,0,0,0,0,0,0,4,5,2010,5,18.0,1.0,0,1.0,3,1,3,  ,3,3.0,1,0,1,0,0,0,0,0,0,0,0,0,0,0,0,0,0
12613,2010062111,1930.0,1925.0,66,66301,39.9521,-76.7235,0,0,0,0,0,0,2,6,2010,4,19.0,1.0,0,1.0,3,1,3,  ,3,3.0,0,0,0,0,0,0,0,0,0,0,0,0,0,0,0,0,0
12614,2010062125,1741.0,1733.0,66,66233,39.9455,-76.6012,0,0,0,0,0,1,4,6,2010,2,17.0,1.0,0,1.0,1,0,3,  ,0,0.0,0,0,1,0,0,0,0,0,0,0,0,0,0,0,0,0,0
12615,2010062152,2132.0,2131.0,36,36408,40.1776,-76.1805,0,0,0,0,0,0,2,6,2010,1,21.0,3.0,0,1.0,2,1,3,  ,2,3.0,0,1,0,0,0,0,0,0,0,0,0,0,0,0,0,0,0
12616,2010062156,1848.0,1843.0,9,9202,40.0916,-74.9231,0,0,0,0,0,1,4,6,2010,4,18.0,1.0,0,1.0,3,0,3,  ,0,0.0,0,0,1,0,0,0,0,0,0,0,0,0,0,0,0,0,0
12617,2010062239,205.0,205.0,67,67301,39.9707,-75.1344,0,0,0,0,0,0,6,6,2010,7,1.0,3.0,0,1.0,3,0,3,  ,0,0.0,1,0,0,0,0,0,0,0,0,0,0,0,0,0,0,0,0
12618,2010062243,1432.0,1430.0,67,67301,39.9712,-75.1579,0,0,0,0,0,0,5,5,2010,6,14.0,1.0,0,1.0,3,0,3,  ,0,0.0,0,0,0,0,0,0,0,0,0,0,0,0,0,0,0,0,0
12619,2010062258,1813.0,1812.0,67,67301,39.9895,-75.1689,0,0,0,0,0,0,4,5,2010,7,18.0,1.0,0,1.0,3,2,3,  ,2,3.0,0,0,1,0,0,0,0,0,0,0,0,0,0,0,0,0,0
12620,2010062261,2046.0,2036.0,2,2433,40.3192,-79.89,0,0,0,0,0,0,6,5,2010,3,19.0,1.0,0,1.0,3,2,3,  ,3,3.0,1,0,0,0,0,0,0,0,0,0,0,0,1,0,0,0,0
12621,2010062265,1623.0,1621.0,25,25213,42.0873,-80.1397,0,0,0,0,0,0,4,5,2010,2,16.0,1.0,0,1.0,3,1,3,  ,3,3.0,0,0,1,0,0,0,0,0,0,0,0,0,0,0,0,0,0
12622,2010062272,730.0,725.0,23,23110,39.8404,-75.4431,0,0,0,0,0,1,4,4,2010,6,7.0,1.0,0,1.0,3,1,3,  ,2,3.0,0,0,1,0,0,0,0,0,0,0,0,0,0,0,0,0,0
12623,2010062280,1745.0,1741.0,67,67301,40.1062,-75.0347,0,0,0,0,0,0,4,6,2010,4,17.0,1.0,0,1.0,3,2,3,  ,3,2.0,1,0,1,0,0,0,0,0,0,0,0,0,0,1,0,0,0
12624,2010062285,754.0,750.0,67,67301,39.9602,-75.1909,0,0,0,0,0,0,4,6,2010,4,7.0,1.0,0,1.0,3,1,3,  ,2,3.0,1,0,1,0,0,0,0,0,0,0,0,0,0,0,0,0,0
12625,2010062295,1855.0,1845.0,67,67301,40.0607,-75.0133,0,0,0,0,1,0,4,5,2010,7,18.0,1.0,0,1.0,3,2,3,  ,3,3.0,0,0,1,0,0,0,0,0,0,0,0,0,0,0,0,0,0
12626,2010062313,1059.0,1045.0,67,67301,39.9172,-75.2463,0,0,0,0,0,0,4,5,2010,2,10.0,1.0,0,1.0,3,1,3,  ,2,3.0,0,0,1,0,0,0,0,0,0,0,0,0,0,0,0,1,0
12627,2010062315,1358.0,1358.0,67,67301,39.9704,-75.1344,0,1,0,0,0,0,1,6,2010,7,1.0,3.0,0,1.0,3,0,3,  ,0,0.0,1,0,0,0,0,0,0,0,0,0,0,0,0,0,1,0,0
12628,2010062319,1846.0,1844.0,67,67301,39.9757,-75.2684,0,0,0,0,0,0,4,5,2010,6,18.0,1.0,0,1.0,3,1,3,  ,2,3.0,0,0,1,0,0,0,0,0,0,0,0,0,0,0,0,0,0
12629,2010062322,903.0,901.0,46,46413,40.1157,-75.3451,0,0,0,0,0,0,4,6,2010,4,9.0,1.0,0,1.0,3,1,3,  ,3,3.0,0,0,1,0,0,0,0,0,0,0,0,0,0,0,0,0,0
12630,2010062328,1832.0,1831.0,67,67301,39.9697,-75.1416,0,0,0,0,0,0,4,5,2010,2,18.0,1.0,0,1.0,3,1,3,  ,2,3.0,1,0,1,0,0,0,0,0,0,0,0,0,0,0,0,0,0
12631,2010062331,2040.0,2039.0,67,67301,39.9443,-75.219,0,0,0,0,0,0,4,5,2010,1,20.0,4.0,0,1.0,3,2,3,  ,0,0.0,0,1,1,0,0,0,0,0,0,0,0,0,0,0,0,0,0
12632,2010062333,415.0,415.0,67,67301,39.9806,-75.1724,0,0,0,0,0,0,2,5,2010,7,4.0,3.0,0,1.0,3,5,3,  ,2,3.0,0,0,0,0,0,0,0,0,0,0,0,0,0,0,0,1,0
12633,2010062341,1630.0,1625.0,67,67301,40.0559,-75.0453,0,0,0,0,1,0,4,5,2010,6,16.0,1.0,0,1.0,3,2,3,  ,3,3.0,0,0,1,0,0,0,0,0,0,0,0,0,0,0,0,0,0
12634,2010062415,1358.0,1357.0,66,66301,39.9617,-76.7354,0,0,0,0,0,1,4,7,2010,5,13.0,1.0,0,1.0,3,1,3,  ,2,3.0,0,0,1,0,0,0,0,0,0,0,0,0,0,0,0,0,0
12635,2010062524,1925.0,1922.0,46,46204,40.2074,-75.1779,0,0,0,0,0,1,4,7,2010,5,19.0,1.0,7,1.0,3,0,3,  ,0,0.0,1,0,1,0,0,0,0,0,0,0,0,0,0,0,0,0,1
12636,2010062578,759.0,755.0,46,46402,40.1089,-75.345,0,0,0,0,0,0,4,7,2010,5,7.0,1.0,3,1.0,3,0,3,  ,0,0.0,0,0,1,0,0,0,0,0,0,0,0,0,0,0,0,0,0