,CRN,ARRIVAL_TM,DISPATCH_TM,COUNTY,MUNICIPALITY,DEC_LAT,DEC_LONG,BICYCLE_DEATH_COUNT,BICYCLE_SUSP_SERIOUS_INJ_COUNT,BUS_COUNT,HEAVY_TRUCK_COUNT,SMALL_TRUCK_COUNT,SUV_COUNT,COLLISION_TYPE,CRASH_MONTH,CRASH_YEAR,DAY_OF_WEEK,HOUR_OF_DAY,ILLUMINATION,LOCATION_TYPE,ROAD_CONDITION,URBAN_RURAL,INTERSECT_TYPE,WEATHER1,WEATHER2,TCD_TYPE,TCD_FUNC_CD,AGGRESSIVE_DRIVING,ALCOHOL_RELATED,ANGLE_CRASH,CELL_PHONE,COMM_VEHICLE,DISTRACTED,DRINKING_DRIVER,DRUGGED_DRIVER,FATIGUE_ASLEEP,IMPAIRED_DRIVER,NHTSA_AGG_DRIVING,RUNNING_RED_LT,RUNNING_STOP_SIGN,SPEEDING_RELATED,TAILGATING,MATURE_DRIVER,YOUNG_DRIVER
12637,2010062638,1808.0,1807.0,67,67301,40.0669,-75.005,0,0,0,0,0,1,4,5,2010,5,18.0,1.0,0,1.0,3,2,3,  ,3,3.0,0,0,1,0,0,0,0,0,0,0,0,0,0,0,0,0,0
12638,2010062652,2110.0,2107.0,6,6301,40.3473,-75.9158,0,0,0,0,0,0,4,6,2010,5,21.0,3.0,0,9.0,3,1,3,  ,3,3.0,0,0,1,0,0,0,0,0,0,0,0,0,0,0,0,0,0
12639,2010062656,1410.0,1409.0,67,67301,39.9624,-75.1615,0,0,0,0,0,0,8,5,2010,4,14.0,1.0,0,1.0,3,0,3,  ,0,0.0,1,0,0,0,0,0,0,0,0,0,0,0,0,0,1,0,0
12640,2010062665,1715.0,1710.0,67,67301,39.9551,-75.1856,0,0,0,0,0,0,5,5,2010,3,17.0,1.0,0,1.0,3,0,3,  ,0,0.0,1,0,0,0,0,0,0,0,0,0,0,0,0,0,0,0,0
12641,2010062666,1847.0,1846.0,67,67301,40.0915,-74.9656,0,0,0,0,0,0,4,5,2010,4,17.0,1.0,0,1.0,3,1,3,  ,2,3.0,0,0,1,0,0,0,0,0,0,0,0,0,0,0,0,0,0
12642,2010062682,1850.0,1840.0,67,67301,40.0208,-75.0912,0,0,0,0,0,0,1,6,2010,5,18.0,1.0,0,1.0,3,0,3,  ,0,0.0,1,0,0,0,0,0,0,0,0,0,0,0,0,0,1,0,0
12643,2010062688,1715.0,1708.0,67,67301,40.0829,-75.0007,0,0,0,0,0,1,4,5,2010,5,17.0,1.0,7,1.0,3,0,3,  ,0,0.0,1,0,1,0,0,0,0,0,0,0,0,0,0,0,0,0,0
12644,2010062695,1815.0,1807.0,67,67301,39.9415,-75.1483,0,0,0,0,0,0,5,5,2010,7,15.0,1.0,0,1.0,3,0,3,  ,0,0.0,0,0,0,0,0,0,0,0,0,0,0,0,0,0,0,0,0
12645,2010062697,2112.0,2101.0,67,67301,39.9678,-75.2355,0,0,0,0,0,0,1,5,2010,4,20.0,3.0,0,1.0,3,0,3,  ,0,0.0,1,0,0,0,0,0,0,0,0,0,0,0,0,0,1,0,0
12646,2010062708,2215.0,2213.0,67,67301,39.9626,-75.2127,0,0,0,0,0,0,4,6,2010,3,22.0,3.0,0,1.0,3,1,3,  ,2,3.0,1,0,1,0,0,0,0,0,0,0,0,0,0,0,0,0,0
12647,2010062747,927.0,923.0,35,35302,41.4135,-75.6597,0,0,0,0,0,0,4,7,2010,6,9.0,1.0,0,1.0,3,1,3,  ,2,3.0,0,0,1,0,0,0,0,0,0,0,0,0,0,0,0,1,0
12648,2010062862,1306.0,1249.0,31,31221,40.4865,-78.0233,0,0,0,0,0,0,4,6,2010,3,12.0,1.0,0,1.0,1,2,3,  ,3,3.0,0,0,1,0,0,0,0,0,0,0,0,0,0,0,0,0,0
12649,2010063011,902.0,856.0,64,64302,40.2985,-79.5452,0,1,0,0,0,0,4,7,2010,7,8.0,1.0,0,1.0,3,0,3,  ,0,0.0,0,1,1,0,0,0,0,0,0,0,0,0,0,0,0,1,0
12650,2010063025,825.0,819.0,40,40220,41.3214,-75.925,0,0,0,0,1,0,1,7,2010,7,8.0,1.0,0,1.0,3,0,3,  ,0,0.0,0,0,0,0,0,0,0,0,0,0,0,0,0,0,0,0,0
12651,2010063071,1541.0,1539.0,9,9202,40.0932,-74.9148,0,0,0,0,1,0,4,7,2010,7,15.0,1.0,7,1.0,3,0,3,  ,0,0.0,1,0,1,0,0,0,0,0,0,0,0,0,0,0,0,0,0
12652,2010063112,2128.0,2125.0,54,54405,40.8487,-76.8197,0,0,0,0,0,0,4,7,2010,6,21.0,3.0,0,1.0,1,1,3,  ,2,3.0,0,0,1,0,0,0,0,0,0,0,0,0,0,0,0,0,0
12653,2010063350,930.0,925.0,9,9207,40.3841,-75.3058,0,0,0,0,0,0,4,7,2010,2,8.0,1.0,0,1.0,1,2,3,  ,3,3.0,1,0,1,0,0,0,0,0,0,0,0,0,0,0,0,0,0
12654,2010063540,2137.0,2136.0,35,35302,41.4083,-75.6843,0,0,0,0,0,0,4,7,2010,2,21.0,3.0,0,1.0,3,1,3,  ,2,3.0,0,0,1,0,0,0,0,0,0,0,0,0,0,0,0,0,0
12655,2010063657,1644.0,1642.0,8,8409,41.9783,-76.5282,0,0,0,0,0,0,4,6,2010,4,16.0,1.0,0,1.0,2,1,3,  ,3,3.0,0,0,1,0,0,0,0,0,0,0,0,0,0,0,0,0,0
12656,2010063666,2126.0,2125.0,48,48411,40.866,-75.2537,0,0,0,0,0,0,4,7,2010,2,21.0,3.0,0,1.0,1,2,3,  ,3,3.0,0,0,1,0,0,0,0,0,0,0,0,0,0,0,0,0,0
12657,2010063670,2011.0,2011.0,49,49101,40.7872,-76.5393,0,0,0,0,0,0,4,7,2010,2,20.0,1.0,0,1.0,1,1,3,  ,3,3.0,0,0,1,0,0,0,0,0,0,0,0,0,0,0,0,1,0
12658,2010063735,1510.0,1510.0,4,4301,40.7579,-80.3188,0,0,0,0,0,0,4,6,2010,6,15.0,1.0,7,1.0,3,0,3,  ,0,0.0,1,0,1,0,0,0,0,0,0,0,0,0,0,0,0,0,1
12659,2010063892,730.0,728.0,36,36101,40.0866,-76.2752,0,0,0,0,0,0,5,7,2010,7,7.0,1.0,0,1.0,3,0,3,  ,0,0.0,1,0,0,0,0,0,0,0,0,0,0,0,0,0,0,0,0
12660,2010063960,2133.0,2132.0,36,36238,40.1228,-76.1785,1,0,0,0,0,1,1,7,2010,3,21.0,2.0,0,1.0,3,0,3,  ,0,0.0,0,0,0,0,0,1,0,0,0,0,0,0,0,0,0,0,1
12661,2010063993,2023.0,2018.0,6,6203,,,0,0,0,0,0,1,4,7,2010,5,20.0,1.0,0,1.0,1,0,3,  ,3,3.0,0,0,1,0,0,0,0,0,0,0,0,0,0,0,0,0,0
12662,2010064154,1615.0,1610.0,63,63403,41.5748,-75.2621,0,0,0,0,0,1,4,6,2010,6,16.0,1.0,0,1.0,2,0,3,  ,0,0.0,0,0,1,0,0,0,0,0,0,0,0,0,0,0,0,0,0
12663,2010064437,921.0,913.0,23,23205,39.9392,-75.4791,0,1,0,0,0,0,4,6,2010,7,9.0,1.0,0,1.0,3,1,3,  ,3,3.0,0,0,1,0,0,0,0,0,0,0,0,0,0,0,0,0,0
12664,2010064472,935.0,925.0,38,38215,40.5187,-76.505,0,0,0,0,0,0,5,6,2010,7,9.0,1.0,0,1.0,1,0,3,  ,0,0.0,1,1,0,0,0,0,1,0,0,1,0,0,0,0,0,0,0
12665,2010064477,2009.0,1949.0,6,6215,40.5841,-75.7568,1,0,0,0,1,0,4,6,2010,6,19.0,4.0,0,1.0,1,1,3,  ,3,3.0,0,0,1,0,0,0,0,0,0,0,0,0,0,0,0,0,1
12666,2010064672,1304.0,1300.0,7,7301,40.5037,-78.4079,0,0,0,0,1,0,4,6,2010,6,12.0,1.0,0,1.0,3,1,3,  ,3,3.0,0,0,1,0,0,0,0,0,0,0,0,0,0,0,0,0,0
12667,2010064692,1830.0,1825.0,46,46113,40.2198,-75.315,0,0,0,0,0,1,4,6,2010,5,18.0,1.0,7,1.0,3,0,3,  ,0,0.0,0,0,1,0,0,0,0,0,0,0,0,0,0,0,0,0,0
12668,2010064703,1248.0,1243.0,67,67301,40.0562,-75.1495,0,0,0,0,0,1,4,6,2010,5,12.0,1.0,0,1.0,3,1,3,  ,2,3.0,0,0,1,0,0,0,0,0,0,0,0,0,0,0,0,1,0
12669,2010064738,1758.0,1755.0,36,36240,39.965,-76.2447,0,0,0,0,0,1,4,6,2010,4,17.0,1.0,0,1.0,1,2,3,  ,3,3.0,0,0,1,0,0,0,0,0,0,0,0,0,0,0,0,1,0
12670,2010064771,2110.0,2106.0,67,67301,39.9869,-75.1364,0,0,0,0,0,0,4,5,2010,2,20.0,4.0,0,1.0,3,1,3,  ,3,3.0,0,0,1,0,0,0,0,0,0,0,0,0,0,0,0,0,0
12671,2010064772,2109.0,2107.0,67,67301,39.9915,-75.1361,0,0,0,0,0,0,4,5,2010,2,20.0,3.0,0,1.0,3,0,3,  ,2,2.0,0,0,1,0,0,0,0,0,0,0,0,0,0,0,0,1,0
12672,2010064819,1259.0,1257.0,25,25302,42.116,-80.1051,0,0,0,0,0,0,4,7,2010,6,12.0,1.0,0,1.0,3,1,3,  ,3,3.0,0,0,1,0,0,0,0,0,0,0,0,0,0,0,0,0,0
12673,2010064989,2124.0,2120.0,7,7301,40.5219,-78.4041,0,0,0,0,0,0,4,7,2010,3,21.0,3.0,0,1.0,3,2,3,  ,3,3.0,0,0,1,0,0,0,0,0,0,0,0,0,0,0,0,0,0
12674,2010065083,2030.0,2029.0,39,39301,40.6067,-75.4685,0,0,0,0,0,0,4,6,2010,2,20.0,4.0,0,1.0,3,1,3,  ,0,0.0,0,0,1,0,0,0,0,0,0,0,0,0,0,0,0,0,0
12675,2010065103,1839.0,1833.0,39,39301,40.6033,-75.4835,0,0,0,0,0,0,4,6,2010,3,18.0,1.0,0,1.0,3,1,3,  ,0,0.0,0,0,1,0,0,0,0,0,0,0,0,0,0,0,0,0,0
12676,2010065120,1522.0,1520.0,6,6301,40.34,-75.9372,0,0,0,0,0,0,4,6,2010,6,15.0,1.0,0,1.0,3,0,3,  ,0,0.0,0,0,1,0,0,0,0,0,0,0,0,0,0,0,0,0,0
12677,2010065122,2254.0,2254.0,6,6301,40.3392,-75.9277,0,0,0,0,0,1,4,6,2010,3,22.0,3.0,0,9.0,3,0,3,  ,0,0.0,0,0,1,0,0,0,0,0,0,0,0,0,0,0,0,0,0
12678,2010065125,1309.0,1243.0,6,6301,40.3457,-75.9334,0,0,0,0,0,0,4,6,2010,2,11.0,1.0,0,1.0,3,2,3,  ,0,0.0,0,0,1,0,0,0,0,0,0,0,0,0,0,0,0,0,1
12679,2010065291,758.0,755.0,17,17228,41.1138,-78.7332,1,0,0,0,0,0,4,7,2010,5,7.0,1.0,0,1.0,1,1,3,  ,2,3.0,1,0,1,0,0,0,0,0,0,0,1,0,0,0,0,0,0
12680,2010065310,2138.0,2137.0,15,15411,40.1314,-75.518,0,0,0,0,0,0,4,7,2010,7,21.0,3.0,0,1.0,3,1,3,  ,3,3.0,1,0,1,0,0,0,0,0,0,0,0,0,0,0,0,0,0
12681,2010065387,1205.0,1203.0,24,24401,41.4966,-78.6866,0,0,0,0,0,1,4,7,2010,6,12.0,1.0,7,1.0,1,0,3,  ,0,0.0,0,0,1,0,0,0,0,0,0,0,0,0,0,0,0,0,0
12682,2010065702,1912.0,1904.0,9,9221,40.3593,-74.9769,0,0,0,0,0,0,2,7,2010,5,19.0,1.0,7,1.0,1,0,3,  ,2,3.0,0,0,0,0,0,0,0,0,0,0,0,0,0,0,0,0,0
12683,2010065787,1620.0,1614.0,39,39104,40.525,-75.5942,0,0,0,0,0,0,4,7,2010,7,16.0,1.0,0,1.0,3,0,3,  ,0,0.0,0,0,1,0,0,0,0,0,0,0,0,0,0,0,0,0,0
12684,2010066015,720.0,718.0,23,23111,39.9505,-75.2956,0,0,0,0,0,0,4,7,2010,3,7.0,1.0,0,9.0,3,1,7,  ,2,3.0,0,0,1,0,0,0,0,0,0,0,0,0,0,0,0,0,0
12685,2010066136,105.0,34.0,22,22416,40.58,-76.6204,0,0,0,0,0,0,4,7,2010,1,0.0,3.0,0,1.0,1,1,3,  ,3,3.0,0,0,1,0,0,0,0,0,0,0,0,0,0,0,0,0,0
12686,2010066195,1856.0,1852.0,66,66301,39.9576,-76.733,0,0,0,0,0,1,4,7,2010,3,16.0,1.0,0,1.0,3,0,3,  ,0,0.0,0,0,1,0,0,0,0,0,0,0,0,0,0,0,0,0,0
12687,2010066393,1654.0,1652.0,2,2119,40.357,-80.1204,0,0,0,0,0,0,2,7,2010,3,16.0,1.0,0,1.0,1,1,3,  ,2,3.0,0,0,0,0,0,1,0,0,0,0,0,0,0,0,0,0,0
12688,2010066437,1804.0,1800.0,38,38301,40.3463,-76.4208,0,0,0,0,0,0,4,7,2010,2,17.0,1.0,0,1.0,2,1,3,  ,0,0.0,0,0,1,0,0,0,0,0,0,0,0,0,0,0,0,0,0
12689,2010066566,1539.0,1536.0,25,25101,42.1538,-80.0329,0,0,0,0,0,0,2,7,2010,4,15.0,1.0,0,1.0,3,0,3,  ,0,0.0,0,0,0,0,0,0,0,0,0,0,0,0,0,0,0,0,1
12690,2010066805,1230.0,1222.0,39,39103,40.6193,-75.5116,0,0,0,0,0,0,1,6,2010,2,11.0,1.0,0,1.0,1,2,3,  ,0,0.0,1,0,0,0,0,0,0,0,0,0,0,0,0,1,0,0,0
12691,2010066808,2151.0,2151.0,46,46101,40.1065,-75.1478,0,0,0,0,0,0,4,7,2010,1,21.0,3.0,0,1.0,3,1,3,  ,2,3.0,1,0,1,0,0,0,0,0,0,0,0,0,0,0,0,0,0
12692,2010066872,958.0,953.0,23,23112,39.9779,-75.3395,1,0,0,0,0,0,1,7,2010,5,9.0,1.0,2,1.0,3,1,3,  ,2,3.0,0,0,0,1,0,1,0,0,0,0,0,0,0,0,0,0,0
12693,2010066985,1615.0,1612.0,67,67301,39.9541,-75.2021,0,0,0,0,1,0,5,6,2010,3,16.0,1.0,0,1.0,3,0,3,  ,2,3.0,0,0,0,0,0,0,0,0,0,0,0,0,0,0,0,0,0
12694,2010067076,1630.0,1626.0,67,67301,39.934,-75.1862,0,0,0,0,0,0,4,6,2010,4,15.0,1.0,0,1.0,3,1,3,  ,2,3.0,0,0,1,0,0,0,0,0,0,0,0,0,0,0,0,0,0
12695,2010067083,1140.0,1133.0,67,67301,40.0094,-75.1977,0,0,0,0,0,0,5,6,2010,2,99.0,1.0,0,1.0,3,0,3,  ,0,0.0,1,0,0,0,0,0,0,0,0,0,0,0,0,0,0,0,0
12696,2010067142,808.0,806.0,2,2448,40.4035,-79.9022,0,0,0,0,0,1,2,7,2010,6,8.0,1.0,0,1.0,3,2,3,  ,8,3.0,0,0,0,0,0,0,0,0,0,0,0,0,0,0,0,0,0
12697,2010067225,1756.0,1746.0,25,25402,41.9049,-80.3437,0,0,0,0,0,0,4,7,2010,1,17.0,1.0,0,1.0,1,1,3,  ,1,3.0,0,0,1,0,0,0,0,0,0,0,0,0,0,0,0,1,0
12698,2010067297,1911.0,1907.0,22,22102,40.2418,-76.8069,0,0,0,0,0,0,4,7,2010,6,19.0,1.0,7,1.0,3,2,3,  ,2,3.0,0,0,1,0,0,0,0,0,0,0,0,0,0,0,0,1,0
12699,2010067387,1656.0,1651.0,9,9212,40.1437,-74.9825,0,0,0,0,1,0,4,6,2010,6,16.0,1.0,0,1.0,3,1,3,  ,3,3.0,0,0,1,0,0,0,0,0,0,0,0,0,0,0,0,0,0
12700,2010067563,1435.0,1433.0,46,46408,40.1859,-75.1013,0,0,0,0,0,0,4,7,2010,7,14.0,1.0,7,1.0,3,0,3,  ,0,0.0,0,0,1,0,0,0,0,0,0,0,0,0,0,0,0,0,0
12701,2010067590,1934.0,1928.0,36,36218,40.1762,-76.2419,0,0,0,0,0,0,4,7,2010,5,19.0,1.0,0,1.0,1,2,3,  ,0,0.0,0,0,1,0,0,0,0,0,0,0,0,0,0,0,0,0,0
12702,2010067638,1645.0,1641.0,33,33406,40.9442,-78.992,0,0,0,0,0,1,4,7,2010,4,16.0,1.0,0,1.0,2,5,3,  ,3,3.0,0,0,1,0,0,0,0,0,0,0,0,0,0,0,0,0,0
12703,2010067639,1916.0,1915.0,66,66301,39.9655,-76.7466,0,0,0,0,0,0,4,7,2010,1,19.0,1.0,0,1.0,3,1,3,  ,2,3.0,1,0,1,0,0,0,0,0,0,0,0,0,0,0,0,0,0
12704,2010067642,1838.0,1837.0,62,62302,40.1778,-80.2473,0,0,0,0,0,0,1,6,2010,1,18.0,1.0,0,1.0,3,1,3,  ,2,3.0,0,0,0,0,0,0,0,0,0,0,0,0,0,0,0,1,0
12705,2010067821,756.0,752.0,6,6224,40.5562,-75.7485,0,0,0,0,1,0,4,7,2010,5,7.0,1.0,0,1.0,1,3,3,  ,3,3.0,1,0,1,0,0,0,0,0,0,0,0,0,0,0,0,0,0
12706,2010067949,2143.0,2141.0,67,67301,39.9941,-75.1562,0,0,0,0,0,0,4,6,2010,1,21.0,3.0,0,1.0,3,2,3,  ,2,2.0,0,0,1,0,0,0,0,0,0,0,0,0,0,0,0,0,0
12707,2010068060,1414.0,1407.0,9,9202,40.0696,-74.9507,0,0,0,0,0,0,4,7,2010,3,13.0,1.0,0,1.0,3,2,3,  ,3,3.0,0,0,1,0,0,0,0,0,0,0,0,0,0,0,0,0,0
12708,2010068455,2027.0,2026.0,9,9415,40.4402,-75.3327,0,1,0,0,0,0,4,7,2010,2,20.0,1.0,0,1.0,2,2,3,  ,3,3.0,0,0,1,0,0,0,0,0,0,0,0,0,0,0,0,1,0
12709,2010068745,2111.0,2109.0,48,48302,40.6926,-75.2219,0,0,0,0,0,0,4,7,2010,5,21.0,3.0,0,1.0,3,1,3,  ,3,3.0,0,0,1,0,0,0,0,0,0,0,0,0,0,0,0,0,0
12710,2010068750,1815.0,1815.0,63,63403,41.5747,-75.2495,0,0,0,0,1,0,4,7,2010,2,15.0,1.0,0,9.0,2,0,7,  ,0,0.0,0,0,1,0,0,0,0,0,0,0,0,0,0,0,0,0,0
12711,2010068824,606.0,603.0,46,46108,40.1186,-75.1899,0,0,0,0,0,0,4,7,2010,2,6.0,5.0,0,1.0,3,1,3,  ,3,3.0,1,0,1,0,0,1,0,0,0,0,0,0,0,0,0,0,0
12712,2010069099,1926.0,1921.0,2,2301,40.4217,-79.9974,0,0,0,0,0,0,4,7,2010,5,19.0,1.0,0,1.0,3,1,3,  ,2,3.0,0,1,1,0,0,0,0,0,0,0,0,0,0,0,0,0,0
12713,2010069155,2213.0,2157.0,43,43223,41.3485,-80.0587,0,0,0,0,0,0,1,7,2010,4,21.0,2.0,0,1.0,1,0,3,  ,0,0.0,0,0,0,0,0,0,0,0,0,0,0,0,0,0,0,0,0
12714,2010069202,1341.0,1338.0,39,39301,40.5972,-75.4842,0,0,0,0,1,0,4,6,2010,4,13.0,1.0,0,1.0,3,1,3,  ,3,3.0,0,0,1,0,0,0,0,0,0,0,0,0,0,0,0,0,0
12715,2010069248,1810.0,1802.0,67,67301,39.9284,-75.1716,0,0,0,0,0,0,4,6,2010,1,14.0,1.0,0,1.0,3,1,3,  ,3,3.0,0,0,1,0,0,0,0,0,0,0,0,0,0,0,0,1,0
12716,2010069249,1054.0,1050.0,67,67301,39.938,-75.1977,0,0,0,0,0,0,4,6,2010,1,10.0,1.0,0,1.0,3,1,3,  ,3,3.0,0,0,1,0,0,0,0,0,0,0,0,0,0,0,0,0,0
12717,2010069255,149.0,143.0,67,67301,39.9689,-75.1344,0,0,0,0,0,0,4,6,2010,6,1.0,3.0,0,1.0,3,1,3,  ,2,3.0,0,0,1,0,0,0,0,0,0,0,0,0,0,0,0,0,0
12718,2010069275,2255.0,2252.0,67,67301,39.9342,-75.1675,0,0,0,0,0,0,4,6,2010,3,22.0,3.0,0,1.0,3,1,3,  ,2,3.0,0,0,1,0,0,0,0,0,0,0,0,0,0,0,0,0,1
12719,2010069353,1323.0,1306.0,7,7301,40.5082,-78.4006,0,0,0,0,0,1,4,7,2010,6,13.0,1.0,0,1.0,3,1,3,  ,0,0.0,0,0,1,0,0,0,0,0,0,0,0,0,0,0,0,0,0
12720,2010069389,1808.0,1805.0,40,40432,41.3115,-75.8375,0,0,0,0,0,0,4,7,2010,6,18.0,1.0,0,1.0,3,1,99,  ,2,3.0,0,0,1,0,0,0,0,0,0,0,0,0,0,0,0,0,0
12721,2010069441,604.0,601.0,2,2301,40.4464,-79.9929,0,0,0,0,1,0,4,7,2010,6,6.0,1.0,0,1.0,3,0,3,  ,0,0.0,0,0,1,0,0,0,0,0,0,0,0,0,0,0,0,0,0
12722,2010069575,1453.0,1451.0,67,67301,39.987,-75.1744,0,0,0,0,0,0,4,6,2010,2,14.0,1.0,0,1.0,3,1,3,  ,2,3.0,1,0,1,0,0,0,0,0,0,0,0,0,0,0,0,1,0
12723,2010069587,1010.0,1006.0,67,67301,39.9709,-75.1557,0,0,0,0,1,0,5,6,2010,4,10.0,1.0,0,9.0,3,1,3,  ,2,3.0,1,0,0,0,0,1,0,0,0,0,1,0,0,0,0,0,0
12724,2010069606,1446.0,1443.0,39,39301,40.6024,-75.4603,0,0,0,0,0,1,5,6,2010,3,14.0,1.0,0,1.0,3,0,3,  ,0,0.0,0,0,0,0,0,0,0,0,0,0,0,0,0,0,0,0,0
12725,2010069623,1552.0,1548.0,39,39301,40.6055,-75.4598,0,0,0,0,0,0,4,6,2010,3,15.0,1.0,0,1.0,3,1,3,  ,2,3.0,1,0,1,0,0,0,0,0,0,0,0,1,0,0,0,0,0
12726,2010069647,952.0,950.0,67,67301,39.9783,-75.1579,0,0,1,0,0,0,5,6,2010,5,9.0,1.0,0,1.0,3,0,3,  ,8,3.0,0,0,0,0,1,0,0,0,0,0,0,0,0,0,0,0,0
12727,2010069655,1613.0,1613.0,67,67301,39.9547,-75.1944,0,0,0,0,0,0,4,6,2010,3,16.0,1.0,0,1.0,3,1,3,  ,2,3.0,0,0,1,0,0,0,0,0,0,0,0,0,0,0,0,0,1
12728,2010069668,2201.0,2200.0,67,67301,39.9533,-75.1401,0,0,0,0,0,0,4,6,2010,4,21.0,3.0,7,9.0,3,0,3,  ,0,0.0,1,0,1,0,0,0,0,0,0,0,0,0,0,0,0,0,0
12729,2010069683,1840.0,1829.0,67,67301,39.9498,-75.2148,0,0,0,0,0,0,4,6,2010,6,18.0,1.0,0,1.0,3,2,3,  ,0,0.0,1,0,1,0,0,0,0,0,0,0,0,0,0,0,0,0,0
12730,2010069715,530.0,522.0,67,67301,39.9494,-75.1646,0,0,0,0,0,0,4,6,2010,6,5.0,1.0,0,1.0,3,0,3,  ,0,0.0,0,0,1,0,0,0,0,0,0,0,0,0,0,0,0,0,0
12731,2010069726,1205.0,1155.0,9,9101,40.1424,-74.86,0,0,0,0,0,0,4,6,2010,6,11.0,1.0,0,1.0,3,2,3,  ,0,0.0,0,0,1,0,0,0,0,0,0,0,0,0,0,0,0,0,0
12732,2010069734,1430.0,1420.0,67,67301,39.93,-75.1647,0,0,0,0,0,0,4,6,2010,3,14.0,1.0,0,1.0,3,1,3,  ,3,3.0,0,0,1,0,0,0,0,0,0,0,0,0,0,0,0,0,0
12733,2010069756,1422.0,1420.0,46,46109,40.1381,-75.1579,0,0,0,0,0,0,5,6,2010,5,14.0,1.0,0,1.0,3,2,3,  ,0,0.0,1,0,0,0,0,0,0,0,0,0,0,0,0,0,0,0,0
12734,2010069776,1344.0,1338.0,67,67301,40.0351,-75.0709,0,0,0,0,0,1,2,6,2010,4,13.0,1.0,0,1.0,3,1,3,  ,2,3.0,0,0,0,0,0,0,0,0,0,0,0,0,0,0,0,0,0
12735,2010069785,1733.0,1727.0,67,67301,40.0035,-75.1037,0,0,0,0,0,1,4,6,2010,5,11.0,1.0,7,1.0,3,0,3,  ,0,0.0,0,0,1,0,0,0,0,0,0,0,0,0,0,0,0,0,0
12736,2010069794,1052.0,1015.0,25,25302,42.1371,-80.0426,0,0,0,0,0,1,4,6,2010,3,10.0,1.0,7,1.0,3,0,3,  ,0,0.0,0,0,1,0,0,0,0,0,0,0,0,0,0,0,0,0,0
12737,2010069798,1806.0,1802.0,25,25302,42.1306,-80.0232,0,0,0,0,0,1,6,6,2010,2,17.0,1.0,7,1.0,3,0,3,  ,0,0.0,1,0,0,0,0,0,0,0,0,0,0,0,0,0,0,0,0
12738,2010069807,2005.0,2000.0,25,25302,42.1234,-80.0648,0,0,0,0,0,0,4,6,2010,7,18.0,1.0,0,1.0,3,1,3,  ,2,3.0,0,0,1,0,0,0,0,0,0,0,0,0,0,0,0,1,0
12739,2010069844,850.0,840.0,67,67301,39.9545,-75.1631,0,0,0,0,1,0,5,6,2010,3,8.0,1.0,0,1.0,3,0,3,  ,0,0.0,0,0,0,0,0,0,0,0,0,0,0,0,0,0,0,0,0
12740,2010069857,1820.0,1816.0,67,67301,40.0386,-75.0276,0,0,0,0,0,0,4,6,2010,6,16.0,1.0,0,1.0,3,2,3,  ,3,3.0,0,0,1,0,0,0,0,0,0,0,0,0,0,0,0,0,0
12741,2010069871,1820.0,1812.0,67,67301,40.0185,-75.0576,0,0,0,0,0,1,4,6,2010,7,18.0,1.0,0,1.0,3,1,3,  ,0,0.0,0,0,1,0,0,0,0,0,0,0,0,0,0,0,0,0,0
12742,2010069874,408.0,407.0,67,67301,39.9325,-75.1696,0,0,0,0,0,0,4,6,2010,7,4.0,3.0,0,1.0,3,0,3,  ,0,0.0,0,0,1,0,0,0,0,0,0,0,0,0,0,0,0,0,0
12743,2010069897,2245.0,2241.0,67,67301,39.954,-75.1448,0,0,0,0,0,0,4,6,2010,6,22.0,3.0,0,1.0,3,1,3,  ,2,3.0,0,0,1,0,0,0,0,0,0,0,0,0,0,0,0,0,0
12744,2010069901,2033.0,2031.0,67,67301,40.0326,-75.087,0,0,0,0,0,0,4,6,2010,4,20.0,1.0,0,1.0,3,2,3,  ,0,0.0,0,0,1,0,0,0,0,0,0,0,0,0,0,0,0,0,0
12745,2010069913,600.0,559.0,67,67301,39.9606,-75.1406,0,0,0,0,0,0,4,6,2010,6,5.0,1.0,0,1.0,3,1,3,  ,2,3.0,0,0,1,0,0,0,0,0,0,0,0,0,0,0,0,0,0
12746,2010069928,9999.0,9999.0,67,67301,40.0239,-75.1176,0,0,0,0,0,0,8,6,2010,2,99.0,1.0,0,1.0,3,1,3,  ,2,3.0,0,0,0,0,0,0,0,0,0,0,0,0,0,0,0,0,0
12747,2010069945,1842.0,1840.0,67,67301,39.9344,-75.1889,0,0,0,0,0,0,4,5,2010,2,18.0,1.0,0,1.0,3,2,3,  ,3,3.0,0,0,1,0,0,0,0,0,0,0,0,0,0,0,0,0,0
12748,2010069955,1310.0,1308.0,67,67301,39.9613,-75.175,0,0,0,0,0,0,4,6,2010,6,13.0,1.0,0,1.0,3,1,3,  ,2,3.0,0,0,1,0,0,0,0,0,0,0,0,0,0,0,0,0,0
12749,2010069986,410.0,405.0,67,67301,39.9956,-75.1432,0,0,0,0,0,0,4,6,2010,4,22.0,3.0,0,1.0,3,1,3,  ,3,3.0,0,0,1,0,0,0,0,0,0,0,0,0,0,0,0,0,0
12750,2010069997,1025.0,1025.0,67,67301,40.093,-75.0316,0,0,0,0,0,0,4,6,2010,3,10.0,1.0,0,1.0,3,0,3,  ,0,0.0,0,0,1,0,0,0,0,0,0,0,0,0,0,0,0,0,0