,CRN,ARRIVAL_TM,DISPATCH_TM,COUNTY,MUNICIPALITY,DEC_LAT,DEC_LONG,BICYCLE_DEATH_COUNT,BICYCLE_SUSP_SERIOUS_INJ_COUNT,BUS_COUNT,HEAVY_TRUCK_COUNT,SMALL_TRUCK_COUNT,SUV_COUNT,COLLISION_TYPE,CRASH_MONTH,CRASH_YEAR,DAY_OF_WEEK,HOUR_OF_DAY,ILLUMINATION,LOCATION_TYPE,ROAD_CONDITION,URBAN_RURAL,INTERSECT_TYPE,WEATHER1,WEATHER2,TCD_TYPE,TCD_FUNC_CD,AGGRESSIVE_DRIVING,ALCOHOL_RELATED,ANGLE_CRASH,CELL_PHONE,COMM_VEHICLE,DISTRACTED,DRINKING_DRIVER,DRUGGED_DRIVER,FATIGUE_ASLEEP,IMPAIRED_DRIVER,NHTSA_AGG_DRIVING,RUNNING_RED_LT,RUNNING_STOP_SIGN,SPEEDING_RELATED,TAILGATING,MATURE_DRIVER,YOUNG_DRIVER
12751,2010070018,1903.0,1901.0,67,67301,40.0182,-75.0919,0,0,1,0,0,0,4,6,2010,2,19.0,4.0,0,1.0,3,2,3,  ,3,3.0,0,0,1,0,1,0,0,0,0,0,0,0,0,0,0,0,0
12752,2010070041,1515.0,1510.0,67,67301,39.9693,-75.1669,0,0,0,0,0,0,4,6,2010,3,15.0,1.0,0,1.0,3,1,3,  ,3,3.0,0,0,1,0,0,0,0,0,0,0,0,0,0,0,0,0,0
12753,2010070055,1539.0,1531.0,67,67301,39.9958,-75.0765,0,0,0,0,0,0,4,6,2010,7,15.0,1.0,0,1.0,3,2,3,  ,3,3.0,0,0,1,0,0,0,0,0,0,0,0,0,0,0,0,0,0
12754,2010070063,1800.0,1759.0,67,67301,39.9505,-75.1436,0,0,0,0,0,0,4,6,2010,6,17.0,1.0,0,1.0,3,2,3,  ,0,0.0,0,0,1,0,0,0,0,0,0,0,0,0,0,0,0,0,0
12755,2010070064,2221.0,2219.0,67,67301,39.9505,-75.1489,0,0,0,0,0,0,1,6,2010,6,22.0,3.0,0,1.0,3,1,3,  ,2,3.0,1,0,0,0,0,0,0,0,0,0,0,0,0,0,0,0,0
12756,2010070066,1710.0,1702.0,67,67301,39.9615,-75.1513,0,0,0,0,0,0,5,6,2010,5,16.0,1.0,0,1.0,3,1,3,  ,2,3.0,0,0,0,0,0,0,0,0,0,0,0,0,0,0,0,0,1
12757,2010070077,2018.0,2016.0,67,67301,40.0244,-75.1786,0,0,0,0,0,0,4,6,2010,7,20.0,1.0,0,1.0,3,0,3,  ,7,3.0,0,0,1,0,0,0,0,0,0,0,0,0,0,0,0,0,0
12758,2010070079,9999.0,2327.0,67,67301,40.0467,-75.0525,0,0,0,0,0,0,1,6,2010,7,23.0,3.0,0,1.0,3,1,3,  ,0,0.0,1,0,0,0,0,0,0,0,0,0,0,0,0,0,1,0,0
12759,2010070154,1643.0,1637.0,40,40304,41.2351,-75.8906,0,0,0,0,0,0,0,7,2010,7,16.0,1.0,0,1.0,3,0,3,  ,0,0.0,0,0,0,0,0,0,0,0,0,0,0,0,0,0,0,0,0
12760,2010070175,831.0,820.0,61,61201,41.8928,-79.3413,0,0,0,1,0,0,5,7,2010,6,8.0,1.0,0,9.0,1,0,7,  ,0,0.0,1,0,0,0,1,0,0,0,0,0,0,0,0,0,0,0,0
12761,2010070243,1801.0,1758.0,15,15101,39.9988,-75.7267,0,0,0,0,1,0,4,7,2010,3,17.0,1.0,7,1.0,3,0,99,  ,2,3.0,0,0,1,0,0,0,0,0,0,0,0,0,0,0,0,0,0
12762,2010070248,1721.0,1719.0,9,9414,40.364,-75.2986,0,0,0,0,0,0,4,7,2010,6,17.0,1.0,0,1.0,2,0,3,  ,0,0.0,0,0,1,0,0,1,0,0,0,0,0,0,0,0,0,0,0
12763,2010070385,2316.0,2314.0,59,59402,40.9652,-76.8892,0,0,0,0,0,0,4,7,2010,6,23.0,3.0,0,1.0,2,1,3,  ,3,3.0,0,0,1,0,0,0,0,0,0,0,0,0,0,0,0,0,1
12764,2010070410,2005.0,9999.0,1,1217,39.8743,-77.064,0,0,0,0,0,0,4,7,2010,1,20.0,1.0,0,1.0,1,2,3,  ,3,3.0,0,0,1,0,0,0,0,0,0,0,0,0,0,0,0,1,0
12765,2010070514,1551.0,1549.0,22,22301,40.2783,-76.8932,0,0,0,0,0,1,4,7,2010,1,15.0,1.0,0,1.0,3,0,3,  ,0,0.0,0,0,1,0,0,0,0,0,0,0,0,0,0,0,0,0,0
12766,2010070694,1550.0,1548.0,6,6301,40.3354,-75.9279,0,0,0,0,0,1,4,6,2010,7,15.0,1.0,0,1.0,3,1,3,  ,2,3.0,0,0,1,0,0,0,0,0,0,0,0,0,0,0,0,0,0
12767,2010070696,2134.0,2129.0,25,25302,42.1185,-80.0643,0,0,0,0,0,0,4,6,2010,7,21.0,3.0,0,1.0,3,1,3,  ,3,3.0,0,0,1,0,0,0,0,0,0,0,0,0,0,0,0,0,0
12768,2010070698,1327.0,1325.0,67,67301,39.9677,-75.2423,0,0,0,0,0,0,4,6,2010,7,13.0,1.0,0,1.0,3,0,3,  ,0,0.0,0,0,1,0,0,0,0,0,0,0,0,0,0,0,0,0,0
12769,2010070706,1603.0,1548.0,46,46413,40.1258,-75.3479,0,0,0,0,0,1,4,6,2010,6,15.0,1.0,7,1.0,3,0,3,  ,0,0.0,0,0,1,0,0,0,0,0,0,0,0,0,0,0,0,0,0
12770,2010070727,1720.0,1714.0,67,67301,40.0309,-75.2304,0,0,0,0,0,1,4,6,2010,6,17.0,1.0,0,1.0,3,1,3,  ,3,9.0,1,0,1,0,0,0,0,0,0,0,0,0,0,0,0,0,0
12771,2010070729,1244.0,1240.0,67,67301,39.9865,-75.1561,0,0,0,0,0,0,5,6,2010,3,12.0,1.0,0,1.0,3,0,3,  ,0,0.0,0,0,0,0,0,0,0,0,0,0,0,0,0,0,0,0,0
12772,2010070737,1234.0,1232.0,46,46413,40.1155,-75.3374,0,0,0,0,0,0,5,6,2010,4,12.0,1.0,0,1.0,3,0,3,  ,0,0.0,0,0,0,0,0,0,0,0,0,0,0,0,0,0,0,0,0
12773,2010070738,1954.0,1953.0,67,67301,40.0342,-75.0662,0,0,0,0,0,0,4,6,2010,5,19.0,1.0,0,1.0,3,0,3,  ,0,0.0,0,0,1,0,0,0,0,0,0,0,0,0,0,0,0,0,0
12774,2010070747,1800.0,1803.0,67,67301,39.9714,-75.1447,0,0,0,0,0,1,4,6,2010,6,6.0,1.0,0,1.0,3,1,3,  ,2,3.0,0,0,1,0,0,0,0,0,0,0,0,0,0,0,0,1,0
12775,2010070748,1456.0,1442.0,67,67301,39.9274,-75.1772,0,0,0,0,0,0,4,6,2010,2,14.0,1.0,0,1.0,3,1,3,  ,0,0.0,1,0,1,0,0,0,0,0,0,0,0,0,0,0,0,0,0
12776,2010070784,1748.0,1743.0,67,67301,39.9843,-75.2458,0,0,0,0,0,1,5,6,2010,6,17.0,1.0,0,1.0,3,1,3,  ,2,3.0,0,0,0,0,0,0,0,0,0,0,0,0,0,0,0,0,0
12777,2010070841,1553.0,1550.0,46,46207,40.1845,-75.2286,0,0,0,0,0,1,4,7,2010,2,15.0,1.0,0,1.0,3,0,3,  ,0,0.0,0,0,1,0,0,0,0,0,0,0,0,0,0,0,0,0,0
12778,2010070850,1806.0,1803.0,46,46101,40.091,-75.1195,0,0,0,0,0,0,4,7,2010,2,18.0,1.0,0,9.0,3,1,7,  ,2,3.0,1,0,1,0,0,0,0,0,0,0,0,0,0,0,0,0,0
12779,2010070861,1458.0,1457.0,48,48301,40.634,-75.3519,0,0,0,0,0,0,4,5,2010,1,14.0,1.0,0,1.0,3,10,3,  ,3,3.0,0,0,1,0,0,0,0,0,0,0,0,0,0,0,0,0,0
12780,2010070933,2240.0,2239.0,48,48301,40.6307,-75.3745,0,0,0,0,0,0,4,7,2010,3,22.0,3.0,0,9.0,3,2,7,  ,0,0.0,0,0,1,0,0,0,0,0,0,0,0,0,0,0,0,0,0
12781,2010070951,1921.0,1919.0,53,53426,40.6295,-76.1693,0,0,0,0,1,0,4,7,2010,2,19.0,1.0,0,1.0,2,1,3,  ,3,3.0,0,0,1,0,0,0,0,0,0,0,0,0,0,0,0,0,1
12782,2010071024,620.0,600.0,18,18201,41.1209,-77.4731,0,0,0,0,0,0,4,6,2010,4,5.0,2.0,0,1.0,2,0,3,  ,0,0.0,0,0,1,0,0,0,0,0,0,0,0,0,0,0,0,0,0
12783,2010071084,1813.0,1753.0,36,36201,39.9311,-76.0709,0,0,0,0,0,0,1,7,2010,7,17.0,1.0,0,1.0,1,0,3,  ,0,0.0,1,0,0,0,0,1,0,0,0,0,0,0,0,0,1,0,0
12784,2010071211,1608.0,1605.0,28,28401,39.9378,-77.6638,0,0,0,0,0,0,8,7,2010,2,16.0,1.0,0,1.0,1,0,3,  ,0,0.0,1,0,0,0,0,0,0,0,0,0,0,0,0,0,0,0,0
12785,2010071217,1610.0,1608.0,55,55418,40.0178,-79.0779,0,0,0,0,0,0,5,7,2010,6,16.0,1.0,0,1.0,2,0,3,  ,0,0.0,0,0,0,0,0,0,0,0,0,0,0,0,0,0,0,0,1
12786,2010071273,1702.0,1657.0,46,46224,40.1147,-75.2147,0,0,0,0,0,0,4,7,2010,3,16.0,1.0,0,1.0,3,2,3,  ,2,3.0,0,0,1,0,0,0,0,0,0,0,0,0,0,0,0,0,0
12787,2010071319,1419.0,1415.0,40,40416,41.2446,-75.9327,0,0,0,0,0,0,4,6,2010,7,14.0,1.0,7,1.0,3,0,3,  ,0,0.0,0,1,1,0,0,1,1,0,0,1,0,0,0,0,0,0,0
12788,2010071382,1204.0,1202.0,39,39301,40.6156,-75.4624,0,0,0,0,0,0,4,6,2010,1,12.0,1.0,0,1.0,3,1,3,  ,2,3.0,0,0,1,0,0,0,0,0,0,0,0,0,0,0,0,0,0
12789,2010071387,2009.0,2005.0,25,25302,42.1312,-80.087,0,0,0,0,0,0,4,7,2010,5,20.0,4.0,0,1.0,3,0,3,  ,0,0.0,0,0,1,0,0,0,0,0,0,0,0,0,0,0,0,0,0
12790,2010071398,1821.0,1820.0,36,36407,40.1515,-76.606,0,0,0,0,0,0,4,7,2010,3,18.0,1.0,0,1.0,2,1,3,  ,2,3.0,0,0,1,0,0,0,0,0,0,0,0,0,0,0,0,0,0
12791,2010071581,1914.0,1912.0,9,9227,40.2475,-75.1349,0,0,0,0,0,0,4,7,2010,3,19.0,1.0,0,1.0,3,2,3,  ,3,3.0,0,0,1,0,0,0,0,0,0,0,0,0,0,0,0,0,1
12792,2010071615,1356.0,1353.0,21,21409,40.0548,-77.5146,0,0,0,0,0,0,6,7,2010,4,13.0,1.0,0,1.0,2,0,3,  ,0,0.0,0,0,0,0,0,0,0,0,0,0,0,0,0,0,0,0,0
12793,2010071618,1627.0,1623.0,40,40302,41.2021,-76.0018,0,0,0,0,0,0,4,7,2010,7,16.0,1.0,0,1.0,3,1,3,  ,3,3.0,0,0,1,0,0,0,0,0,0,0,0,0,0,0,0,0,0
12794,2010071619,1530.0,1527.0,2,2301,40.4259,-79.9538,0,0,0,0,0,0,9,7,2010,4,15.0,1.0,0,1.0,3,2,3,  ,0,0.0,0,0,0,0,0,0,0,0,0,0,0,0,0,0,0,0,0
12795,2010071817,1307.0,1305.0,40,40302,,,0,0,0,0,0,0,4,7,2010,5,13.0,1.0,0,1.0,3,2,3,  ,0,0.0,0,0,1,0,0,0,0,0,0,0,0,0,0,0,0,1,0
12796,2010071886,625.0,625.0,23,23103,39.9882,-75.3109,0,0,0,0,0,0,2,7,2010,3,6.0,1.0,0,1.0,3,1,3,  ,2,3.0,1,0,0,0,0,0,0,0,0,0,0,0,0,0,0,0,0
12797,2010071980,1740.0,1735.0,14,14216,40.8341,-77.935,0,0,0,0,0,1,4,7,2010,5,17.0,1.0,0,1.0,1,2,3,  ,0,0.0,1,0,1,0,0,0,0,0,0,0,0,0,0,0,0,0,0
12798,2010072228,1432.0,1428.0,7,7301,40.5242,-78.3955,0,0,0,0,0,0,4,7,2010,6,14.0,1.0,0,1.0,3,1,3,  ,3,3.0,0,0,1,0,0,0,0,0,0,0,0,0,0,0,0,0,0
12799,2010072246,1636.0,1617.0,2,2301,40.4621,-79.9269,0,0,0,0,0,0,2,7,2010,6,16.0,1.0,0,1.0,3,1,3,  ,0,0.0,0,0,0,0,0,0,0,0,0,0,0,0,0,0,0,0,0
12800,2010072271,1123.0,1119.0,9,9216,40.2659,-74.9585,0,0,0,0,0,0,4,7,2010,7,11.0,1.0,7,1.0,3,0,3,  ,0,0.0,1,0,1,0,0,0,0,0,0,0,0,0,0,0,0,0,0
12801,2010072363,51.0,49.0,2,2301,40.4317,-80.0847,0,0,0,0,0,0,2,7,2010,7,0.0,3.0,0,1.0,3,0,3,  ,0,0.0,0,0,0,0,0,0,0,0,0,0,0,0,0,0,0,0,0
12802,2010072389,1716.0,1711.0,27,27401,41.4958,-79.4565,0,0,0,0,0,1,4,7,2010,2,17.0,1.0,0,1.0,1,1,3,  ,3,3.0,0,0,1,0,0,0,0,0,0,0,0,0,0,0,0,0,0
12803,2010072437,1639.0,1639.0,39,39301,40.6091,-75.4863,0,0,0,0,0,0,4,7,2010,5,15.0,1.0,0,1.0,3,1,3,  ,2,9.0,0,0,1,0,0,0,0,0,0,0,0,0,0,0,0,0,0
12804,2010072466,1910.0,1910.0,67,67301,39.9826,-75.1786,0,0,0,0,0,0,5,5,2010,5,18.0,1.0,0,1.0,3,0,3,  ,0,0.0,0,0,0,0,0,0,0,0,0,0,0,0,0,0,0,0,0
12805,2010072485,1930.0,1927.0,67,67301,39.9288,-75.1687,0,0,0,0,0,1,5,4,2010,1,19.0,3.0,0,9.0,3,0,7,  ,0,0.0,1,0,0,0,0,0,0,0,0,0,0,0,0,0,0,0,0
12806,2010072512,1311.0,1310.0,46,46413,40.1099,-75.3317,0,0,0,0,0,0,4,7,2010,4,12.0,1.0,7,1.0,3,0,3,  ,0,0.0,1,1,1,0,0,0,0,0,0,0,0,0,0,0,0,0,0
12807,2010072519,1420.0,1413.0,36,36301,40.0289,-76.2977,0,0,0,0,0,0,0,6,2010,1,14.0,1.0,0,1.0,3,1,3,  ,3,3.0,0,0,0,0,0,0,0,0,0,0,0,0,0,0,0,0,0
12808,2010072522,1500.0,1458.0,46,46401,40.1516,-75.2142,0,0,0,0,0,0,4,7,2010,2,14.0,1.0,7,1.0,3,0,3,  ,0,0.0,0,0,1,0,0,0,0,0,0,0,0,0,0,0,0,1,0
12809,2010072525,1315.0,1312.0,67,67301,39.9618,-75.2401,0,0,0,0,0,0,4,5,2010,3,12.0,1.0,0,1.0,3,1,3,  ,3,3.0,1,0,1,0,0,0,0,0,0,0,0,0,1,0,0,0,0
12810,2010072555,1826.0,1823.0,6,6301,40.3285,-75.9097,0,0,0,0,0,1,4,7,2010,5,18.0,1.0,0,1.0,3,1,3,  ,3,3.0,0,0,1,0,0,0,0,0,0,0,0,0,0,0,0,1,0
12811,2010072618,1234.0,1221.0,7,7201,40.4583,-78.395,0,0,0,0,0,0,5,7,2010,1,12.0,1.0,0,9.0,1,2,7,  ,3,3.0,0,0,0,0,0,0,0,0,0,0,0,0,0,0,0,1,0
12812,2010072640,1936.0,1932.0,9,9218,40.1711,-74.987,0,0,0,0,0,0,4,7,2010,2,19.0,1.0,0,1.0,3,0,3,  ,2,3.0,0,0,1,0,0,0,0,0,0,0,0,0,0,0,0,0,0
12813,2010072647,1620.0,1618.0,25,25302,42.1103,-80.0936,0,0,0,0,1,0,4,7,2010,7,16.0,1.0,0,1.0,3,1,3,  ,2,3.0,0,0,1,0,0,0,0,0,0,0,0,0,0,0,0,0,0
12814,2010072765,1918.0,1917.0,46,46416,40.2472,-75.6472,0,0,0,0,0,0,4,7,2010,4,19.0,1.0,0,1.0,2,0,3,  ,0,0.0,0,1,1,0,0,0,0,0,0,0,0,0,0,0,0,0,0
12815,2010072786,1250.0,1248.0,15,15238,40.0783,-75.6742,0,1,0,0,0,0,2,7,2010,7,12.0,1.0,0,1.0,1,1,3,  ,3,3.0,0,0,0,0,0,0,0,0,0,0,0,0,0,0,0,0,0
12816,2010072856,1828.0,1827.0,62,62302,40.1829,-80.2631,0,0,0,0,1,0,2,8,2010,1,18.0,1.0,7,1.0,3,0,3,  ,0,0.0,0,0,0,0,0,0,0,0,0,0,0,0,0,0,0,0,0
12817,2010073038,2033.0,2030.0,22,22301,40.2805,-76.8972,0,0,0,0,0,0,4,7,2010,3,20.0,4.0,0,1.0,3,1,3,  ,3,3.0,0,0,1,0,0,0,0,0,0,0,0,0,0,0,0,0,0
12818,2010073058,1427.0,1425.0,21,21402,40.2031,-77.1901,0,0,0,0,0,0,4,7,2010,3,14.0,1.0,7,1.0,2,0,3,  ,0,0.0,0,0,1,0,0,0,0,0,0,0,0,0,0,0,0,0,0
12819,2010073062,849.0,846.0,42,42301,41.953,-78.6485,0,0,0,0,1,0,4,7,2010,2,7.0,1.0,0,1.0,2,0,3,  ,0,0.0,0,0,1,0,0,0,0,0,0,0,0,0,0,0,0,0,0
12820,2010073098,1125.0,1122.0,66,66301,39.9685,-76.7331,0,0,0,0,0,0,4,8,2010,2,11.0,1.0,0,1.0,3,1,3,  ,3,3.0,1,0,1,0,0,0,0,0,0,0,0,0,1,0,0,1,0
12821,2010073126,2010.0,2008.0,2,2444,40.4695,-80.0754,0,0,0,0,0,0,4,8,2010,1,20.0,1.0,0,1.0,3,0,3,  ,0,0.0,0,0,1,0,0,0,0,0,0,0,0,0,0,0,0,1,0
12822,2010073130,1435.0,1431.0,2,2301,40.4248,-79.9847,0,0,0,0,0,0,2,8,2010,2,14.0,1.0,0,1.0,3,0,3,  ,0,0.0,0,0,0,0,0,1,0,0,0,0,0,0,0,0,0,0,0
12823,2010073158,1731.0,1729.0,2,2302,40.2876,-79.8787,0,0,0,0,0,0,4,8,2010,2,17.0,1.0,0,1.0,3,2,3,  ,3,3.0,0,0,1,0,0,0,0,0,0,0,0,0,0,0,0,0,0
12824,2010073238,1941.0,1928.0,25,25205,42.0666,-80.2273,0,0,0,0,0,0,4,7,2010,5,19.0,1.0,0,1.0,1,0,3,  ,0,0.0,0,0,1,0,0,0,0,0,0,0,0,0,0,0,0,0,0
12825,2010073293,1503.0,1456.0,39,39301,40.5637,-75.476,0,0,0,0,0,0,4,7,2010,3,14.0,1.0,0,1.0,3,0,3,  ,9,9.0,0,0,1,0,0,0,0,0,0,0,0,0,0,0,0,0,0
12826,2010073295,1656.0,1655.0,39,39301,40.6078,-75.4743,0,0,0,0,0,0,4,7,2010,1,16.0,1.0,0,1.0,3,1,3,  ,2,3.0,0,0,1,0,0,0,0,0,0,0,0,0,0,0,0,0,0
12827,2010073299,1502.0,1458.0,6,6301,40.3444,-75.9169,0,0,0,0,0,1,4,7,2010,7,14.0,1.0,0,1.0,3,1,3,  ,3,3.0,0,0,1,0,0,0,0,0,0,0,0,0,0,0,0,0,0
12828,2010073306,1922.0,1914.0,41,41301,41.2392,-77.0324,0,0,0,0,1,0,4,7,2010,6,19.0,1.0,0,1.0,3,1,3,  ,2,3.0,0,0,1,0,0,0,0,0,0,0,0,0,0,0,0,0,0
12829,2010073358,502.0,458.0,9,9101,40.1096,-74.864,0,0,0,0,1,0,4,8,2010,3,4.0,2.0,0,1.0,3,2,3,  ,3,3.0,1,1,1,0,0,0,0,0,0,0,0,0,0,0,0,0,0
12830,2010073695,1723.0,1643.0,26,26416,40.0328,-79.6641,1,0,0,0,0,0,4,5,2010,6,16.0,1.0,0,1.0,1,2,3,  ,8,3.0,1,0,1,0,0,0,0,0,0,0,0,0,0,1,0,0,1
12831,2010073734,856.0,842.0,6,6208,40.4946,-76.035,0,0,0,0,1,0,5,7,2010,7,8.0,1.0,0,1.0,1,0,3,  ,0,0.0,1,0,0,0,0,0,0,0,0,0,0,0,0,0,0,0,0
12832,2010073825,1542.0,1540.0,10,10301,40.8658,-79.9078,0,0,0,0,0,0,4,8,2010,4,15.0,1.0,0,1.0,2,0,3,  ,0,0.0,0,0,1,0,0,0,0,0,0,0,0,0,0,0,0,0,0
12833,2010073871,1042.0,1039.0,23,23103,39.9762,-75.3322,0,0,0,0,0,1,2,8,2010,3,10.0,1.0,7,1.0,3,2,3,  ,2,3.0,0,0,0,0,0,0,0,0,0,0,0,0,0,0,0,0,0
12834,2010073881,1957.0,1954.0,66,66413,39.809,-76.9971,0,0,0,0,0,0,4,7,2010,7,19.0,1.0,0,1.0,2,1,3,  ,2,3.0,0,0,1,0,0,0,0,0,0,0,0,0,0,0,0,0,1
12835,2010074009,1548.0,1533.0,64,64209,40.255,-79.5213,0,0,0,0,0,0,5,7,2010,7,15.0,1.0,0,1.0,3,0,3,  ,0,0.0,1,1,0,0,0,0,1,0,0,1,0,0,0,1,0,0,0
12836,2010074052,1221.0,1215.0,23,23202,39.8582,-75.5547,0,1,0,0,0,0,2,7,2010,6,12.0,1.0,7,1.0,1,0,3,  ,0,0.0,1,0,0,0,0,0,0,0,0,0,0,0,0,0,0,0,0
12837,2010074090,25.0,20.0,67,67301,40.0073,-75.0866,1,0,0,0,0,0,2,7,2010,1,0.0,3.0,0,1.0,3,0,3,  ,0,0.0,0,1,0,0,0,0,1,0,0,1,0,0,0,0,0,0,0
12838,2010074106,1735.0,1731.0,38,38301,40.3457,-76.4226,0,0,0,0,1,0,2,6,2010,6,17.0,1.0,0,1.0,2,0,3,  ,3,3.0,0,1,0,0,0,0,0,0,0,0,0,0,0,0,0,0,0
12839,2010074187,1729.0,1726.0,66,66301,39.9503,-76.7201,0,0,0,0,0,0,4,8,2010,5,17.0,1.0,0,1.0,3,1,3,  ,3,3.0,0,0,1,0,0,0,0,0,0,0,0,0,0,0,0,0,0
12840,2010074231,1657.0,1656.0,46,46101,40.107,-75.1473,0,0,0,0,0,1,4,7,2010,6,16.0,1.0,0,1.0,3,2,3,  ,0,0.0,0,0,1,0,0,0,0,0,0,0,0,0,0,0,0,0,0
12841,2010074238,1520.0,1516.0,39,39302,40.6425,-75.4253,0,0,0,0,0,0,4,8,2010,4,15.0,1.0,0,1.0,3,0,3,  ,0,0.0,0,0,1,0,0,0,0,0,0,0,0,0,0,0,0,1,0
12842,2010074367,1239.0,1232.0,67,67301,39.9331,-75.1695,0,0,0,0,0,0,4,7,2010,4,12.0,1.0,0,1.0,3,1,3,  ,3,3.0,0,0,1,0,0,0,0,0,0,0,0,0,0,0,0,0,0
12843,2010074369,1225.0,1223.0,67,67301,40.0327,-75.2328,0,0,0,0,0,0,1,7,2010,5,99.0,1.0,0,1.0,3,0,3,  ,0,0.0,0,0,0,0,0,0,0,0,0,0,0,0,0,0,0,1,0
12844,2010074373,1408.0,1359.0,67,67301,40.0098,-75.0807,0,0,0,0,0,0,5,7,2010,2,13.0,1.0,0,1.0,3,0,3,  ,0,0.0,1,0,0,0,0,0,0,0,0,0,0,0,0,0,0,0,0
12845,2010074396,1629.0,1629.0,67,67301,39.9503,-75.1917,0,0,0,0,0,0,4,6,2010,5,16.0,1.0,0,9.0,3,1,7,  ,2,3.0,1,0,1,0,0,0,0,0,0,0,0,0,0,0,0,0,0
12846,2010074422,1246.0,1245.0,25,25213,42.104,-80.1483,0,0,0,0,0,0,4,6,2010,3,12.0,1.0,0,1.0,3,1,3,  ,2,3.0,0,0,1,0,0,0,0,0,0,0,0,0,0,0,0,0,0
12847,2010074425,721.0,718.0,25,25213,42.1099,-80.138,0,0,0,0,0,0,4,7,2010,7,7.0,1.0,0,1.0,3,1,3,  ,3,3.0,1,0,1,0,0,0,0,0,0,0,0,0,0,0,0,0,0
12848,2010074429,1504.0,1504.0,67,67301,39.9548,-75.1664,0,0,0,0,0,0,8,7,2010,5,14.0,1.0,0,1.0,3,1,3,  ,2,3.0,0,0,0,0,0,0,0,0,0,0,0,0,0,0,0,0,0
12849,2010074439,1745.0,1740.0,67,67301,40.0202,-75.2157,0,0,0,0,0,0,5,6,2010,5,17.0,1.0,0,1.0,3,0,3,  ,0,0.0,0,0,0,0,0,0,0,0,0,0,0,0,0,0,0,0,0
12850,2010074446,2009.0,2003.0,67,67301,39.9311,-75.1732,0,0,0,0,0,0,4,6,2010,4,20.0,1.0,0,1.0,3,1,3,  ,2,3.0,0,0,1,0,0,0,0,0,0,0,0,0,0,0,0,0,0
12851,2010074463,2020.0,2018.0,67,67301,40.0458,-75.0683,0,0,0,0,0,0,4,6,2010,3,20.0,1.0,0,1.0,3,1,3,  ,2,3.0,0,0,1,0,0,0,0,0,0,0,0,0,0,0,0,0,0
12852,2010074465,2040.0,2028.0,67,67301,39.9412,-75.2123,0,0,0,0,0,0,4,7,2010,1,20.0,1.0,0,1.0,3,1,3,  ,2,3.0,1,0,1,0,0,0,0,0,0,0,0,0,0,0,0,0,0
12853,2010074506,1616.0,1606.0,67,67301,40.0469,-75.1667,0,0,0,0,0,0,9,7,2010,4,15.0,1.0,7,1.0,3,0,3,  ,3,3.0,0,0,0,0,0,0,0,0,0,0,0,0,0,0,0,0,0
12854,2010074510,1500.0,1500.0,67,67301,40.0431,-75.1672,0,0,0,0,0,0,4,7,2010,6,14.0,1.0,0,1.0,3,1,3,  ,2,3.0,1,0,1,0,0,0,0,0,0,0,0,0,0,0,0,1,0
12855,2010074527,928.0,925.0,67,67301,39.9388,-75.153,0,0,0,0,0,0,4,7,2010,5,9.0,1.0,0,1.0,3,2,3,  ,3,3.0,0,0,1,0,0,0,0,0,0,0,0,0,0,0,0,0,0
12856,2010074529,1320.0,1316.0,67,67301,39.9978,-75.1172,0,0,0,0,0,1,5,7,2010,6,13.0,1.0,0,1.0,3,2,99,  ,3,3.0,0,0,0,0,0,0,0,0,0,0,0,0,0,0,0,0,0
12857,2010074543,1630.0,1625.0,67,67301,40.0317,-75.1083,0,0,0,0,0,0,4,7,2010,2,16.0,1.0,7,1.0,3,0,3,  ,0,0.0,0,0,1,0,0,0,0,0,0,0,0,0,0,0,0,0,1
12858,2010074544,1112.0,1110.0,67,67301,39.9341,-75.1676,0,0,0,0,0,0,4,7,2010,7,99.0,8.0,0,98.0,3,0,99,  ,0,0.0,0,0,1,0,0,0,0,0,0,0,0,0,0,0,0,0,0
12859,2010074555,1645.0,9999.0,67,67301,39.9948,-75.105,0,0,0,0,0,1,4,7,2010,2,99.0,8.0,0,98.0,3,1,99,  ,0,0.0,0,0,1,0,0,0,0,0,0,0,0,0,0,0,0,0,0
12860,2010074559,802.0,800.0,67,67301,39.9264,-75.1758,0,0,0,0,0,0,8,7,2010,3,7.0,2.0,0,9.0,3,1,7,  ,3,3.0,0,0,0,0,0,0,0,0,0,0,0,0,0,0,0,0,0
12861,2010074572,1848.0,1845.0,67,67301,39.9442,-75.2222,0,0,0,0,0,0,4,7,2010,2,18.0,4.0,0,9.0,3,1,7,  ,0,0.0,0,0,1,0,0,0,0,0,1,0,0,0,0,0,0,0,0
12862,2010074580,2027.0,2020.0,67,67301,39.945,-75.2392,0,0,0,0,1,0,4,7,2010,1,20.0,4.0,0,1.0,3,2,3,  ,0,0.0,0,0,1,0,0,0,0,0,0,0,0,0,0,0,0,0,0
12863,2010074600,2010.0,1958.0,67,67301,39.9432,-75.1618,0,0,0,0,0,1,4,7,2010,7,19.0,1.0,0,1.0,3,1,3,  ,2,3.0,0,0,1,0,0,0,0,0,0,0,0,0,0,0,0,0,0
12864,2010074624,1943.0,1943.0,67,67301,40.0004,-75.1682,0,0,0,0,0,0,4,7,2010,1,19.0,1.0,0,1.0,3,1,3,  ,2,3.0,0,0,1,0,0,0,0,0,0,0,0,0,0,0,0,1,0