,CRN,ARRIVAL_TM,DISPATCH_TM,COUNTY,MUNICIPALITY,DEC_LAT,DEC_LONG,BICYCLE_DEATH_COUNT,BICYCLE_SUSP_SERIOUS_INJ_COUNT,BUS_COUNT,HEAVY_TRUCK_COUNT,SMALL_TRUCK_COUNT,SUV_COUNT,COLLISION_TYPE,CRASH_MONTH,CRASH_YEAR,DAY_OF_WEEK,HOUR_OF_DAY,ILLUMINATION,LOCATION_TYPE,ROAD_CONDITION,URBAN_RURAL,INTERSECT_TYPE,WEATHER1,WEATHER2,TCD_TYPE,TCD_FUNC_CD,AGGRESSIVE_DRIVING,ALCOHOL_RELATED,ANGLE_CRASH,CELL_PHONE,COMM_VEHICLE,DISTRACTED,DRINKING_DRIVER,DRUGGED_DRIVER,FATIGUE_ASLEEP,IMPAIRED_DRIVER,NHTSA_AGG_DRIVING,RUNNING_RED_LT,RUNNING_STOP_SIGN,SPEEDING_RELATED,TAILGATING,MATURE_DRIVER,YOUNG_DRIVER
12865,2010074635,2150.0,2150.0,67,67301,39.9213,-75.2316,0,0,0,0,0,0,4,7,2010,3,21.0,3.0,0,9.0,3,1,7,  ,2,3.0,0,0,1,0,0,0,0,0,0,0,0,0,0,0,0,0,0
12866,2010074639,1823.0,1822.0,67,67301,39.9897,-75.1738,0,0,0,0,1,0,1,7,2010,3,18.0,1.0,0,2.0,3,0,3,  ,0,0.0,0,0,0,0,0,0,0,0,0,0,0,0,0,0,0,0,0
12867,2010074641,1535.0,1522.0,67,67301,39.9945,-75.1588,0,0,0,0,0,0,4,7,2010,1,14.0,1.0,0,1.0,3,1,3,  ,3,3.0,0,0,1,0,0,0,0,0,0,0,0,0,0,0,0,0,0
12868,2010074644,2125.0,2120.0,67,67301,39.9412,-75.1694,0,0,0,0,0,0,4,6,2010,6,21.0,3.0,0,1.0,3,1,3,  ,3,3.0,0,0,1,0,0,0,0,0,0,0,0,0,0,0,0,0,0
12869,2010074646,802.0,802.0,67,67301,39.9383,-75.17,0,0,0,0,0,0,4,7,2010,5,8.0,1.0,0,1.0,3,1,3,  ,2,3.0,1,0,1,0,0,0,0,0,0,0,0,0,0,0,0,0,0
12870,2010074655,1025.0,1021.0,67,67301,40.0182,-75.0919,0,0,0,0,0,0,4,7,2010,7,10.0,1.0,0,1.0,3,2,3,  ,3,3.0,0,0,1,0,0,0,0,0,0,0,0,0,0,0,0,0,0
12871,2010074667,1904.0,1900.0,67,67301,39.9693,-75.1561,0,0,0,0,0,0,4,7,2010,2,18.0,1.0,0,1.0,3,2,3,  ,2,3.0,0,0,1,0,0,0,0,0,0,0,0,0,0,0,0,0,0
12872,2010074668,2347.0,2346.0,67,67301,39.9507,-75.1504,0,0,0,0,0,1,4,7,2010,7,23.0,3.0,0,1.0,3,1,3,  ,2,3.0,0,0,1,0,0,0,0,0,0,0,0,0,0,0,0,0,0
12873,2010074688,909.0,904.0,25,25302,42.1167,-80.0548,0,0,0,0,1,0,4,8,2010,6,9.0,1.0,0,1.0,3,1,3,  ,3,3.0,0,0,1,0,0,0,0,0,0,0,0,0,0,0,0,1,0
12874,2010074707,1737.0,1733.0,46,46411,40.2573,-75.2838,0,0,0,0,0,0,4,8,2010,5,17.0,1.0,0,1.0,3,0,3,  ,0,0.0,0,0,1,0,0,1,0,0,0,0,0,0,0,0,0,0,0
12875,2010074759,1659.0,1657.0,9,9211,40.2248,-74.8592,0,0,0,0,0,0,5,7,2010,3,16.0,1.0,0,1.0,3,2,3,  ,0,0.0,0,0,0,0,0,0,0,0,0,0,0,0,0,0,0,0,0
12876,2010074782,1046.0,1044.0,9,9224,40.2653,-74.8955,0,0,0,0,0,1,4,4,2010,7,10.0,1.0,0,1.0,1,2,3,  ,3,3.0,1,0,1,0,0,0,0,0,0,0,0,0,1,0,0,0,0
12877,2010074829,2223.0,2223.0,67,67301,39.9337,-75.1639,0,0,0,0,0,0,4,6,2010,3,22.0,3.0,0,1.0,3,1,3,  ,3,3.0,1,0,1,0,0,0,0,0,0,0,0,0,1,0,0,0,0
12878,2010074840,100.0,54.0,67,67301,40.0038,-75.1427,0,1,0,0,0,0,4,6,2010,6,18.0,4.0,0,1.0,3,2,3,  ,3,3.0,0,0,1,0,0,1,0,0,0,0,0,0,0,0,0,0,0
12879,2010074845,9999.0,9999.0,67,67301,40.0628,-75.0733,0,0,0,0,0,0,4,7,2010,4,13.0,1.0,0,1.0,3,1,3,  ,3,3.0,1,0,1,0,0,0,0,0,0,0,0,0,1,0,0,0,0
12880,2010074856,1515.0,1510.0,67,67301,40.0239,-75.1105,0,0,0,0,0,0,1,7,2010,2,14.0,1.0,6,1.0,3,2,3,  ,0,0.0,1,0,0,0,0,0,0,0,0,0,0,0,0,0,0,0,0
12881,2010074860,130.0,55.0,67,67301,39.9157,-75.1598,0,0,0,0,1,0,5,7,2010,2,0.0,3.0,0,1.0,3,0,99,  ,2,3.0,0,0,0,0,0,0,0,0,0,0,0,0,0,0,0,0,0
12882,2010074863,1338.0,1335.0,67,67301,40.0656,-75.1792,0,0,0,0,0,0,5,7,2010,3,13.0,1.0,0,9.0,3,1,3,  ,3,3.0,0,0,0,0,0,0,0,0,0,0,0,0,0,0,0,0,0
12883,2010074876,2152.0,2148.0,67,67301,40.006,-75.0933,0,0,0,0,0,0,4,7,2010,5,21.0,4.0,0,1.0,3,1,3,  ,0,0.0,0,0,1,0,0,0,0,0,0,0,0,0,0,0,0,0,1
12884,2010074879,910.0,910.0,67,67301,39.9979,-75.1043,0,0,0,0,0,1,4,7,2010,1,23.0,3.0,0,1.0,3,1,3,  ,3,3.0,0,0,1,0,0,0,0,0,0,0,0,0,0,0,0,0,0
12885,2010074884,1840.0,1833.0,67,67301,39.9634,-75.1974,0,0,0,1,0,0,4,6,2010,7,18.0,1.0,0,1.0,3,2,3,  ,3,3.0,0,0,1,0,0,0,0,0,0,0,0,0,0,0,0,0,0
12886,2010075002,1505.0,1505.0,67,67301,39.9348,-75.1525,0,0,0,0,0,0,4,7,2010,2,14.0,1.0,0,1.0,3,0,3,  ,0,0.0,1,0,1,0,0,0,0,0,0,0,0,0,0,0,0,0,0
12887,2010075021,1153.0,1152.0,67,67301,40.0139,-75.126,0,0,0,0,0,0,4,7,2010,2,11.0,1.0,0,9.0,3,1,7,  ,2,3.0,0,0,1,0,0,0,0,0,0,0,0,0,0,0,0,0,0
12888,2010075035,2030.0,2029.0,67,67301,40.0406,-75.1746,0,0,0,0,0,0,4,6,2010,3,20.0,1.0,0,1.0,3,1,3,  ,2,3.0,0,0,1,0,0,0,0,0,0,0,0,0,0,0,0,0,0
12889,2010075049,1026.0,1022.0,67,67301,39.9866,-75.2322,0,0,0,0,0,0,4,7,2010,5,99.0,1.0,0,1.0,3,1,3,  ,3,3.0,0,0,1,0,0,0,0,0,0,0,0,0,0,0,0,0,0
12890,2010075063,2128.0,2116.0,67,67301,39.9118,-75.1606,0,0,0,0,0,1,4,6,2010,4,20.0,3.0,2,1.0,3,2,3,  ,9,9.0,0,0,1,0,0,0,0,0,0,0,0,0,0,0,0,0,0
12891,2010075066,1830.0,1815.0,67,67301,39.9948,-75.0941,0,0,0,0,0,0,4,7,2010,7,17.0,1.0,7,1.0,3,0,3,  ,3,3.0,0,0,1,0,0,0,0,0,0,0,0,0,0,0,0,0,0
12892,2010075104,934.0,934.0,67,67301,39.9517,-75.1705,0,0,0,1,1,0,5,6,2010,2,99.0,1.0,0,1.0,3,0,3,  ,0,0.0,0,0,0,0,1,0,0,0,0,0,0,0,0,0,0,0,0
12893,2010075112,1315.0,1312.0,67,67301,39.9301,-75.1949,0,0,0,0,0,0,4,6,2010,2,17.0,1.0,7,1.0,3,0,3,  ,0,0.0,0,0,1,0,0,0,0,0,0,0,0,0,0,0,0,0,0
12894,2010075223,1652.0,1650.0,9,9402,40.2857,-75.2078,0,1,0,0,0,0,4,8,2010,6,16.0,1.0,0,1.0,3,2,3,  ,2,3.0,0,0,1,0,0,0,0,0,0,0,0,0,0,0,0,0,0
12895,2010075322,1545.0,1505.0,26,26216,40.0045,-79.8763,0,1,0,0,0,1,6,8,2010,4,14.0,1.0,0,1.0,1,0,3,  ,0,0.0,0,0,0,0,0,0,0,0,0,0,0,0,0,0,0,0,0
12896,2010075385,930.0,930.0,38,38301,40.3346,-76.4177,0,0,0,0,0,1,2,8,2010,4,16.0,1.0,0,1.0,2,0,3,  ,0,0.0,1,0,0,0,0,0,0,0,0,0,0,0,0,0,0,0,0
12897,2010075474,2109.0,2105.0,40,40103,41.283,-75.8528,0,0,0,0,0,1,1,8,2010,6,21.0,2.0,0,1.0,3,0,3,  ,0,0.0,0,0,0,0,0,0,0,0,0,0,0,0,0,0,0,0,0
12898,2010075578,1919.0,1911.0,22,22408,40.5657,-76.7043,0,0,0,0,1,0,4,8,2010,7,19.0,1.0,7,1.0,1,0,3,  ,3,3.0,0,1,1,0,0,0,1,1,0,1,0,0,0,0,0,0,0
12899,2010075673,1202.0,1201.0,48,48212,40.6871,-75.2523,0,0,0,0,0,1,5,8,2010,1,12.0,1.0,0,1.0,3,0,3,  ,0,0.0,1,0,0,0,0,0,0,0,0,0,0,0,0,0,0,0,0
12900,2010075688,857.0,852.0,48,48407,40.5757,-75.3406,0,0,0,1,0,0,4,8,2010,2,8.0,1.0,0,1.0,3,0,3,  ,0,0.0,0,0,1,0,1,0,0,0,0,0,0,0,0,0,0,0,0
12901,2010075886,1939.0,1934.0,67,67301,40.0263,-75.1288,0,0,0,0,0,0,5,7,2010,5,19.0,1.0,0,1.0,3,0,99,  ,0,0.0,0,0,0,0,0,0,0,0,0,0,0,0,0,0,0,0,0
12902,2010075938,1500.0,1500.0,23,23111,39.948,-75.2784,0,0,0,0,0,0,2,8,2010,2,14.0,1.0,0,1.0,3,1,3,  ,2,3.0,1,0,0,0,0,0,0,0,0,0,1,1,0,1,0,0,0
12903,2010076034,1713.0,1705.0,19,19404,41.0471,-76.273,0,0,0,0,0,0,8,8,2010,1,17.0,1.0,0,1.0,2,2,3,  ,0,0.0,1,0,0,0,0,0,0,0,0,0,0,0,0,0,0,0,0
12904,2010076128,1601.0,1600.0,40,40301,40.9557,-75.9722,0,0,0,0,0,1,4,8,2010,4,16.0,1.0,0,1.0,2,1,3,  ,0,0.0,0,0,1,0,0,0,0,0,0,0,0,0,0,0,0,0,0
12905,2010076136,1540.0,1537.0,35,35302,41.3902,-75.669,0,0,0,0,0,0,4,8,2010,3,15.0,1.0,0,1.0,3,1,3,  ,3,3.0,0,0,1,0,0,0,0,0,0,0,0,0,0,0,0,1,0
12906,2010076143,1620.0,1615.0,35,35302,41.4027,-75.6639,0,0,0,0,0,0,4,8,2010,3,16.0,1.0,0,1.0,3,5,3,  ,0,0.0,0,0,1,0,0,0,0,0,0,0,0,0,0,0,0,0,0
12907,2010076318,1207.0,1155.0,22,22216,40.5543,-76.92,0,0,0,0,0,1,4,8,2010,7,11.0,1.0,0,1.0,1,2,3,  ,3,3.0,0,0,1,0,0,0,0,0,0,0,0,0,0,0,0,0,0
12908,2010076324,1303.0,1250.0,36,36232,40.02,-75.9917,0,0,0,0,1,0,4,8,2010,7,12.0,1.0,7,1.0,1,0,3,  ,0,0.0,0,0,1,0,0,0,0,0,0,0,0,0,0,0,0,0,0
12909,2010076401,747.0,739.0,35,35302,41.3874,-75.6782,0,0,0,0,0,1,4,8,2010,4,7.0,1.0,0,1.0,3,1,3,  ,7,3.0,0,0,1,0,0,0,0,0,0,0,0,0,0,0,0,0,0
12910,2010076899,1855.0,1852.0,36,36210,40.229,-76.0846,0,0,0,0,0,0,4,8,2010,5,18.0,1.0,0,9.0,1,1,7,  ,3,3.0,1,1,1,0,0,0,0,0,0,0,0,0,0,0,0,0,1
12911,2010076900,1943.0,1940.0,36,36407,40.1546,-76.607,0,0,0,0,0,0,4,8,2010,5,19.0,1.0,0,9.0,2,1,7,  ,3,3.0,0,0,1,0,0,0,0,0,0,0,0,0,0,0,0,0,0
12912,2010076921,2209.0,2206.0,36,36235,40.1677,-76.2956,0,0,0,0,0,0,4,8,2010,5,22.0,3.0,0,9.0,1,1,7,  ,2,3.0,0,0,1,0,0,0,0,0,0,0,0,0,0,0,0,0,0
12913,2010076951,1422.0,1412.0,55,55409,40.1483,-78.911,0,0,0,0,0,0,4,7,2010,7,14.0,1.0,0,1.0,1,1,3,  ,3,3.0,0,0,1,0,0,0,0,0,0,0,0,0,0,0,0,1,0
12914,2010077049,1936.0,1936.0,11,11301,40.3174,-78.9174,0,0,0,0,0,1,4,8,2010,5,19.0,1.0,0,1.0,3,1,3,  ,0,0.0,0,0,1,0,0,0,0,0,0,0,0,0,0,0,0,0,0
12915,2010077058,1532.0,1529.0,9,9226,40.1834,-75.0587,0,0,0,0,0,0,4,8,2010,6,15.0,1.0,0,1.0,3,1,3,  ,2,3.0,0,0,1,0,0,0,0,0,0,0,0,0,0,0,0,0,0
12916,2010077186,45.0,42.0,23,23107,39.8973,-75.3144,0,0,0,0,0,0,2,8,2010,7,0.0,2.0,0,1.0,3,1,3,  ,3,3.0,0,0,0,0,0,0,0,0,0,0,0,0,0,0,0,0,0
12917,2010077188,1503.0,1500.0,2,2413,40.3841,-79.9776,0,0,0,0,0,0,4,8,2010,7,14.0,1.0,0,1.0,3,2,3,  ,2,3.0,0,0,1,0,0,0,0,0,0,0,0,0,0,0,0,0,1
12918,2010077227,1932.0,1931.0,15,15414,39.9606,-75.6036,0,0,0,0,0,0,4,8,2010,3,19.0,1.0,0,1.0,3,2,3,  ,0,0.0,0,0,1,0,0,0,0,0,0,0,0,0,0,0,0,1,0
12919,2010077300,2200.0,2154.0,25,25302,42.1261,-80.0876,0,0,0,0,0,0,4,8,2010,4,21.0,3.0,0,1.0,3,1,3,  ,2,3.0,0,0,1,0,0,0,0,0,0,0,0,0,0,0,0,0,0
12920,2010077320,809.0,802.0,23,23108,39.9257,-75.324,0,0,0,0,0,0,4,8,2010,1,7.0,1.0,0,1.0,3,1,3,  ,3,3.0,0,0,1,0,0,0,0,0,0,0,0,0,0,0,0,1,0
12921,2010077406,1544.0,1541.0,36,36301,40.033,-76.3177,0,0,0,0,0,0,4,8,2010,4,15.0,1.0,0,1.0,3,2,3,  ,3,3.0,1,0,1,0,0,0,0,0,0,0,0,0,0,0,0,0,0
12922,2010077410,815.0,812.0,2,2301,40.4358,-79.9904,0,0,0,0,0,0,1,8,2010,2,6.0,1.0,4,1.0,3,0,3,  ,0,0.0,0,0,0,0,0,0,0,0,0,0,0,0,0,0,0,0,0
12923,2010077482,2231.0,2223.0,61,61301,41.8428,-79.1464,0,0,0,0,0,0,4,8,2010,2,20.0,4.0,7,1.0,2,10,3,  ,0,0.0,0,0,1,0,0,0,0,0,0,0,0,0,0,0,0,0,0
12924,2010077827,1555.0,1539.0,18,18221,41.1474,-77.42,0,0,0,0,1,0,4,6,2010,3,15.0,1.0,0,1.0,1,1,3,  ,3,3.0,0,0,1,0,0,0,0,0,0,0,0,0,0,0,0,0,0
12925,2010078006,910.0,902.0,38,38204,40.3273,-76.3207,0,1,0,0,0,0,4,7,2010,1,9.0,1.0,0,1.0,1,2,3,  ,3,3.0,1,0,1,0,0,0,0,0,0,0,0,0,0,1,0,0,0
12926,2010078054,2106.0,2050.0,9,9413,40.1574,-74.9107,0,0,0,0,0,0,2,8,2010,3,18.0,4.0,0,1.0,3,0,3,  ,0,0.0,0,0,0,0,0,0,0,0,0,0,0,0,0,0,0,0,0
12927,2010078294,1617.0,1615.0,53,53301,40.6693,-76.1916,0,0,0,0,0,0,4,7,2010,2,16.0,1.0,7,1.0,2,0,3,  ,0,0.0,0,0,1,0,0,0,0,0,0,0,0,0,0,0,0,1,0
12928,2010078348,1159.0,1156.0,21,21402,,,0,0,0,0,0,1,4,8,2010,5,11.0,1.0,0,1.0,2,0,3,  ,3,3.0,0,0,1,0,0,1,0,0,0,0,0,0,0,0,0,0,0
12929,2010078364,1821.0,1819.0,9,9413,40.1499,-74.9122,0,0,0,0,0,0,4,8,2010,2,18.0,1.0,0,1.0,3,0,3,  ,0,0.0,0,0,1,0,0,0,0,0,0,0,0,0,0,0,0,0,0
12930,2010078607,1913.0,1911.0,36,36408,40.1776,-76.1759,0,0,0,0,0,0,4,8,2010,3,19.0,1.0,0,1.0,2,2,3,  ,0,0.0,1,0,1,0,0,0,0,0,0,0,0,0,0,0,0,0,1
12931,2010078802,1709.0,1707.0,9,9208,40.1845,-74.8549,0,0,0,0,0,0,4,7,2010,6,17.0,1.0,7,1.0,3,0,3,  ,0,0.0,0,0,1,0,0,0,0,0,0,0,0,0,0,0,0,0,0
12932,2010078862,1527.0,1524.0,2,2407,40.2983,-80.0469,0,0,0,0,0,0,4,8,2010,7,15.0,1.0,0,1.0,3,1,3,  ,3,3.0,1,0,1,0,0,0,0,0,0,0,0,0,0,0,0,1,0
12933,2010078874,1420.0,1418.0,23,23424,39.8939,-75.3522,0,0,0,0,0,0,4,7,2010,3,14.0,1.0,0,1.0,3,1,3,  ,3,3.0,0,0,1,0,0,0,0,0,0,0,0,0,0,0,0,0,0
12934,2010078937,1725.0,1723.0,35,35302,41.4021,-75.6584,0,0,0,0,0,0,4,8,2010,4,17.0,1.0,0,1.0,3,0,3,  ,0,0.0,0,0,1,0,0,0,0,0,0,0,0,0,0,0,0,0,0
12935,2010078950,1833.0,1829.0,2,2301,40.4615,-79.9688,0,0,0,0,0,0,5,8,2010,4,18.0,1.0,0,1.0,3,1,3,  ,0,0.0,0,0,0,0,0,0,0,0,0,0,0,0,0,0,0,0,0
12936,2010079169,2035.0,2022.0,39,39302,40.622,-75.3937,0,0,0,0,0,0,4,8,2010,2,20.0,3.0,0,1.0,3,1,3,  ,0,0.0,0,0,1,0,0,1,0,0,0,0,0,0,0,0,0,0,0
12937,2010079494,1752.0,1750.0,35,35302,41.4088,-75.6586,0,0,0,0,0,0,4,8,2010,6,17.0,1.0,0,1.0,3,1,3,  ,2,3.0,0,0,1,0,0,0,0,0,0,0,0,0,0,0,0,0,0
12938,2010079684,211.0,208.0,28,28401,39.9419,-77.6324,0,0,0,0,0,0,1,8,2010,7,2.0,2.0,0,1.0,1,0,3,  ,0,0.0,0,0,0,0,0,0,0,0,0,0,0,0,0,0,0,0,0
12939,2010079702,2145.0,2143.0,62,62220,40.2188,-80.1528,0,0,0,0,0,0,1,7,2010,2,21.0,2.0,0,1.0,1,0,3,  ,0,0.0,0,0,0,0,0,0,0,0,0,0,0,0,0,0,0,0,1
12940,2010079885,1201.0,1200.0,64,64301,40.5816,-79.7668,0,0,0,0,0,0,4,8,2010,1,11.0,1.0,0,1.0,3,2,3,  ,3,3.0,0,0,1,0,0,0,0,0,0,0,0,0,0,0,0,0,0
12941,2010079959,1600.0,1544.0,49,49217,40.8784,-76.7844,0,0,0,0,0,0,4,8,2010,3,15.0,1.0,0,1.0,1,0,3,  ,0,0.0,0,0,1,0,0,0,0,0,0,0,0,0,0,0,0,0,0
12942,2010080051,1952.0,1951.0,23,23108,39.9147,-75.3411,0,0,0,0,0,1,4,8,2010,3,19.0,1.0,0,1.0,3,2,3,  ,3,3.0,1,0,1,0,0,0,0,0,0,0,0,0,0,0,0,0,0
12943,2010080100,545.0,540.0,38,38205,40.384,-76.2831,0,1,0,0,1,0,8,8,2010,4,5.0,5.0,0,1.0,1,0,3,  ,0,0.0,0,0,0,0,0,0,0,0,0,0,0,0,0,0,0,0,0
12944,2010080136,1320.0,1315.0,21,21403,40.241,-76.8962,0,0,0,0,0,0,4,8,2010,5,13.0,1.0,0,9.0,3,1,7,  ,3,3.0,0,0,1,0,0,0,0,0,0,0,0,0,0,0,0,0,0
12945,2010080161,1636.0,1636.0,39,39102,40.6309,-75.4852,0,0,0,0,0,0,4,8,2010,7,16.0,1.0,0,1.0,3,2,3,  ,3,3.0,1,0,1,0,0,0,0,0,0,0,0,0,0,0,0,0,0
12946,2010080162,844.0,841.0,46,46107,40.1287,-75.2993,0,0,0,0,0,0,4,8,2010,2,8.0,1.0,7,1.0,3,2,3,  ,2,3.0,1,0,1,0,0,0,0,0,0,0,0,0,0,0,0,0,0
12947,2010080302,1515.0,1515.0,63,63403,41.5597,-75.2438,0,0,0,0,0,0,4,8,2010,5,15.0,1.0,7,9.0,2,0,7,  ,0,0.0,0,0,1,0,0,1,0,0,0,0,0,0,0,0,0,0,0
12948,2010080382,2205.0,2137.0,6,6216,40.3587,-76.1654,0,0,0,0,0,1,2,7,2010,3,21.0,2.0,0,1.0,1,1,3,  ,3,3.0,0,0,0,0,0,0,0,0,0,0,0,0,0,0,0,0,0
12949,2010080611,925.0,916.0,7,7210,40.5361,-78.3743,0,0,0,0,0,0,5,8,2010,3,9.0,1.0,0,1.0,1,0,3,  ,0,0.0,0,0,0,0,0,0,0,0,0,0,0,0,0,0,0,0,0
12950,2010080700,1140.0,1135.0,48,48210,40.58,-75.3632,0,0,0,0,0,1,4,8,2010,7,11.0,1.0,0,1.0,1,1,3,  ,2,3.0,0,0,1,0,0,0,0,0,0,0,0,0,0,0,0,1,0
12951,2010080702,1222.0,1219.0,48,48301,40.6118,-75.3824,0,0,0,0,0,0,4,8,2010,2,12.0,1.0,0,1.0,3,2,3,  ,0,0.0,0,0,1,0,0,0,0,0,0,0,0,0,0,0,0,0,0
12952,2010080807,1748.0,1745.0,7,7403,40.4275,-78.3879,0,0,0,0,0,0,4,8,2010,2,17.0,1.0,0,1.0,3,2,3,  ,3,3.0,0,0,1,0,0,0,0,0,0,0,0,0,0,0,0,0,0
12953,2010080853,110.0,100.0,38,38301,40.3388,-76.4218,0,0,0,0,0,0,4,7,2010,6,23.0,3.0,0,1.0,2,2,3,  ,3,3.0,1,0,1,0,0,0,0,0,0,0,0,0,1,0,0,0,1
12954,2010080981,910.0,853.0,14,14206,40.8016,-77.8803,0,0,1,0,0,0,4,8,2010,4,8.0,1.0,0,1.0,1,0,3,  ,0,0.0,0,0,1,0,1,0,0,0,0,0,0,0,0,0,0,0,0
12955,2010081181,1835.0,1828.0,7,7210,40.527,-78.4662,0,0,0,0,0,1,5,8,2010,4,18.0,1.0,0,1.0,1,0,3,  ,0,0.0,0,0,0,0,0,0,0,0,0,0,0,0,0,0,0,0,1
12956,2010081300,902.0,859.0,2,2301,40.4474,-79.9425,0,0,0,0,1,0,4,8,2010,5,8.0,1.0,0,1.0,3,1,3,  ,2,3.0,0,0,1,0,0,0,0,0,0,0,0,0,0,0,0,0,0
12957,2010081523,1620.0,1505.0,67,67301,39.9534,-75.1718,0,0,0,0,0,0,6,7,2010,6,14.0,1.0,0,1.0,3,0,3,  ,0,0.0,0,1,0,0,0,0,0,0,0,0,0,0,0,0,0,0,0
12958,2010081524,238.0,234.0,67,67301,39.9576,-75.206,0,0,0,0,0,0,4,7,2010,7,1.0,3.0,0,1.0,3,1,3,  ,2,3.0,0,0,1,0,0,0,0,0,0,0,0,0,0,0,0,0,0
12959,2010081534,2112.0,2112.0,39,39301,40.6139,-75.4688,0,0,0,0,0,0,4,7,2010,6,21.0,3.0,0,1.0,3,1,3,  ,0,0.0,0,1,1,0,0,0,0,0,0,0,0,0,0,0,0,0,0
12960,2010081537,1920.0,1915.0,25,25213,42.0967,-80.169,0,0,0,0,0,0,4,7,2010,5,19.0,1.0,0,1.0,3,0,3,  ,0,0.0,0,0,1,0,0,0,0,0,0,0,0,0,0,0,0,0,0
12961,2010081555,1253.0,1240.0,6,6301,40.3296,-75.9164,0,0,0,0,0,0,4,8,2010,3,10.0,1.0,0,1.0,3,1,3,  ,3,9.0,1,0,1,0,0,0,0,0,0,0,0,0,1,0,0,0,0
12962,2010081588,2100.0,2047.0,25,25302,42.1286,-80.0741,0,0,0,0,0,0,4,7,2010,2,17.0,1.0,0,1.0,3,1,3,  ,2,9.0,0,0,1,0,0,0,0,0,0,0,0,0,0,0,0,0,0
12963,2010081596,1508.0,1506.0,25,25213,42.087,-80.1406,0,0,0,0,0,0,4,8,2010,4,15.0,1.0,0,1.0,3,0,3,  ,0,0.0,0,0,1,0,0,0,0,0,0,0,0,0,0,0,0,0,0
12964,2010081612,1742.0,1742.0,66,66430,39.9568,-76.7605,0,0,0,0,0,0,4,8,2010,3,17.0,1.0,0,1.0,3,2,3,  ,0,0.0,0,0,1,0,0,0,0,0,0,0,0,0,0,0,0,1,0
12965,2010081640,22.0,20.0,67,67301,39.9802,-75.1693,0,0,0,0,0,0,2,7,2010,3,0.0,3.0,0,1.0,3,1,3,  ,3,3.0,0,0,0,0,0,0,0,0,0,0,0,0,0,0,0,0,0
12966,2010081703,2102.0,2101.0,25,25302,42.0985,-80.081,0,0,0,0,0,1,4,7,2010,6,21.0,3.0,0,1.0,3,0,3,  ,0,0.0,0,0,1,0,0,0,0,0,0,0,0,0,0,0,0,0,0
12967,2010081704,2024.0,2019.0,25,25302,42.12,-80.0366,0,0,0,0,0,0,4,7,2010,2,20.0,1.0,0,1.0,3,1,3,  ,3,3.0,0,0,1,0,0,0,0,0,0,0,0,0,0,0,0,0,0
12968,2010081716,1650.0,1647.0,46,46413,40.122,-75.3353,0,0,0,0,0,0,4,8,2010,2,16.0,1.0,0,1.0,3,1,3,  ,3,3.0,1,0,1,0,0,0,0,0,0,0,0,0,0,0,0,0,0
12969,2010081769,1822.0,1820.0,67,67301,40.023,-75.1235,0,0,0,0,0,0,4,7,2010,2,18.0,1.0,0,1.0,3,0,3,  ,0,0.0,0,0,1,0,0,0,0,0,0,0,0,0,0,0,0,0,0
12970,2010081778,1550.0,1545.0,67,67301,39.9379,-75.1667,0,0,0,0,0,0,4,7,2010,5,99.0,1.0,0,1.0,3,1,3,  ,2,3.0,1,0,1,0,0,0,0,0,0,0,0,0,0,0,0,0,0
12971,2010081780,1850.0,1840.0,67,67301,39.9988,-75.2306,0,0,0,0,0,0,1,7,2010,7,17.0,1.0,0,1.0,3,0,3,  ,0,0.0,1,0,0,0,0,0,0,0,0,0,0,0,0,0,0,0,0
12972,2010081790,1559.0,1555.0,67,67301,40.0206,-75.1183,0,0,0,0,0,0,4,7,2010,7,15.0,1.0,0,1.0,3,0,3,  ,0,0.0,0,0,1,0,0,0,0,0,0,0,0,0,0,0,0,0,0
12973,2010081812,1953.0,1950.0,67,67301,40.056,-75.0833,0,0,0,0,1,0,4,7,2010,3,19.0,1.0,7,1.0,3,0,3,  ,0,0.0,0,0,1,0,0,0,0,0,0,0,0,0,0,0,0,0,0
12974,2010081817,718.0,715.0,67,67301,39.9511,-75.1784,0,0,0,0,0,0,4,7,2010,3,7.0,1.0,0,1.0,3,1,3,  ,2,3.0,0,0,1,0,0,0,0,0,0,0,0,0,0,0,0,0,0
12975,2010081828,736.0,730.0,22,22410,40.5409,-76.9578,0,1,0,0,1,0,4,8,2010,1,7.0,1.0,0,9.0,1,1,7,  ,3,3.0,0,0,1,0,0,0,0,0,0,0,0,0,0,0,0,0,0
12976,2010081919,1740.0,1738.0,67,67301,39.9543,-75.1469,0,0,1,0,0,0,5,7,2010,5,17.0,1.0,0,1.0,3,0,3,  ,0,0.0,0,0,0,0,1,0,0,0,0,0,0,0,0,0,0,0,0
12977,2010081926,947.0,945.0,67,67301,39.955,-75.2382,0,0,0,0,0,0,8,7,2010,7,9.0,1.0,0,1.0,3,1,3,  ,2,3.0,0,0,0,0,0,0,0,0,0,0,0,0,0,0,0,0,0
12978,2010081946,2025.0,2002.0,67,67301,40.0118,-75.1779,0,0,0,0,0,0,8,7,2010,6,20.0,3.0,0,1.0,3,2,98,  ,0,0.0,0,0,0,0,0,0,0,0,0,0,0,0,0,0,0,0,0