,CRN,ARRIVAL_TM,DISPATCH_TM,COUNTY,MUNICIPALITY,DEC_LAT,DEC_LONG,BICYCLE_DEATH_COUNT,BICYCLE_SUSP_SERIOUS_INJ_COUNT,BUS_COUNT,HEAVY_TRUCK_COUNT,SMALL_TRUCK_COUNT,SUV_COUNT,COLLISION_TYPE,CRASH_MONTH,CRASH_YEAR,DAY_OF_WEEK,HOUR_OF_DAY,ILLUMINATION,LOCATION_TYPE,ROAD_CONDITION,URBAN_RURAL,INTERSECT_TYPE,WEATHER1,WEATHER2,TCD_TYPE,TCD_FUNC_CD,AGGRESSIVE_DRIVING,ALCOHOL_RELATED,ANGLE_CRASH,CELL_PHONE,COMM_VEHICLE,DISTRACTED,DRINKING_DRIVER,DRUGGED_DRIVER,FATIGUE_ASLEEP,IMPAIRED_DRIVER,NHTSA_AGG_DRIVING,RUNNING_RED_LT,RUNNING_STOP_SIGN,SPEEDING_RELATED,TAILGATING,MATURE_DRIVER,YOUNG_DRIVER
12979,2010081956,1905.0,1900.0,67,67301,39.9372,-75.1826,0,0,0,0,0,0,4,7,2010,2,18.0,1.0,0,1.0,3,1,3,  ,3,3.0,0,0,1,0,0,0,0,0,0,0,0,0,0,0,0,0,0
12980,2010081968,1932.0,1931.0,67,67301,39.9899,-75.1599,0,0,0,0,0,0,4,7,2010,2,19.0,1.0,0,1.0,3,2,3,  ,0,0.0,1,0,1,0,0,0,0,0,0,0,0,0,0,0,0,0,0
12981,2010082062,1115.0,1111.0,62,62220,40.2456,-80.096,0,0,0,0,0,0,4,7,2010,7,11.0,1.0,0,1.0,1,2,3,  ,3,3.0,0,0,1,0,0,0,0,0,0,0,0,0,0,0,0,1,0
12982,2010082093,1731.0,1728.0,39,39301,40.5808,-75.4668,0,0,0,0,0,0,4,7,2010,4,17.0,1.0,0,1.0,3,2,3,  ,3,3.0,0,0,1,0,0,0,0,0,0,0,0,0,0,0,0,0,0
12983,2010082127,1642.0,1640.0,67,67301,40.0288,-75.0634,0,0,0,0,0,1,4,7,2010,2,16.0,1.0,7,1.0,3,0,3,  ,0,0.0,0,0,1,0,0,0,0,0,0,0,0,0,0,0,0,0,0
12984,2010082325,1159.0,1158.0,38,38101,40.329,-76.5172,0,0,0,0,0,0,4,8,2010,7,11.0,1.0,0,1.0,2,1,3,  ,0,0.0,0,0,1,0,0,0,0,0,0,0,0,0,0,0,0,0,0
12985,2010082499,1432.0,1430.0,13,13410,40.9387,-75.8271,0,0,0,0,0,0,4,8,2010,1,14.0,1.0,0,1.0,1,1,3,  ,3,3.0,0,0,1,0,0,0,0,0,0,0,0,0,0,0,0,1,0
12986,2010082667,1518.0,1450.0,38,38205,40.3602,-76.2817,0,0,0,0,0,0,4,8,2010,2,14.0,1.0,0,1.0,1,2,3,  ,0,0.0,0,0,1,0,0,0,0,0,0,0,0,0,0,0,0,0,0
12987,2010082766,1700.0,1658.0,46,46416,40.2476,-75.6377,0,0,0,0,0,0,4,8,2010,4,16.0,1.0,0,1.0,2,1,3,  ,0,0.0,0,0,1,0,0,0,0,0,0,0,0,0,0,0,0,0,0
12988,2010082777,1255.0,1251.0,4,4203,40.7701,-80.3673,0,0,0,0,0,0,4,8,2010,2,12.0,1.0,0,1.0,1,0,3,  ,0,0.0,0,0,1,0,0,0,0,0,0,0,0,0,0,0,0,0,0
12989,2010082824,2241.0,2241.0,32,32408,40.6245,-79.1457,0,0,0,0,0,0,1,8,2010,1,22.0,3.0,0,1.0,2,0,3,  ,0,0.0,0,1,0,0,0,0,1,0,0,1,0,0,0,0,0,0,0
12990,2010082878,1917.0,1915.0,35,35302,41.4017,-75.6834,0,0,0,0,0,1,4,8,2010,2,19.0,1.0,0,1.0,3,2,3,  ,9,9.0,0,0,1,0,0,0,0,0,0,0,0,0,0,0,0,0,0
12991,2010083049,552.0,544.0,48,48201,40.6978,-75.4667,0,0,0,0,0,0,1,8,2010,5,5.0,2.0,0,1.0,1,0,3,  ,0,0.0,0,0,0,0,0,1,0,0,0,0,0,0,0,0,0,0,0
12992,2010083141,1037.0,1037.0,66,66301,39.9554,-76.7349,0,0,0,0,0,0,9,8,2010,3,10.0,1.0,0,1.0,3,1,3,  ,2,3.0,0,0,0,0,0,0,0,0,0,0,0,0,0,0,0,0,0
12993,2010083205,9999.0,9999.0,46,46104,40.0169,-75.2298,0,0,0,0,0,0,5,8,2010,7,16.0,1.0,0,1.0,3,0,3,  ,0,0.0,0,0,0,0,0,0,0,0,0,0,0,0,0,0,0,0,0
12994,2010083281,1221.0,1205.0,38,38214,40.4237,-76.4738,0,0,0,0,0,1,4,8,2010,7,12.0,1.0,0,1.0,1,0,3,  ,0,0.0,0,0,1,0,0,0,0,0,0,0,0,0,0,0,0,0,0
12995,2010083320,1818.0,1818.0,15,15236,40.0463,-75.453,0,0,0,0,0,1,4,8,2010,3,18.0,1.0,0,1.0,1,1,3,  ,3,3.0,0,0,1,0,0,1,0,0,0,0,0,0,0,0,0,0,1
12996,2010083471,1011.0,1004.0,45,45213,41.0457,-75.153,0,0,0,0,0,0,4,8,2010,2,10.0,1.0,7,1.0,1,0,3,  ,0,0.0,0,0,1,0,0,0,0,0,0,0,0,0,0,0,0,1,0
12997,2010083577,2226.0,2225.0,2,2117,40.3917,-80.083,0,1,0,0,0,0,4,8,2010,3,22.0,3.0,0,1.0,3,2,3,  ,3,3.0,0,0,1,0,0,0,0,0,0,0,0,0,0,0,0,1,0
12998,2010083578,1610.0,1608.0,14,14410,40.7851,-77.8332,0,0,0,0,0,1,4,9,2010,4,16.0,1.0,0,1.0,3,1,3,  ,2,3.0,0,0,1,0,0,0,0,0,0,0,0,0,0,0,0,1,0
12999,2010083582,1819.0,1817.0,64,64305,40.5759,-79.758,0,0,0,0,0,0,4,8,2010,3,18.0,1.0,0,1.0,3,1,3,  ,0,0.0,0,0,1,0,0,0,0,0,0,0,0,0,0,0,0,0,0
13000,2010083584,515.0,512.0,36,36239,40.0658,-76.4539,0,1,0,0,0,0,1,8,2010,2,5.0,2.0,0,1.0,3,0,3,  ,0,0.0,0,0,0,0,0,0,0,0,0,0,0,0,0,0,0,0,0
13001,2010083638,1759.0,1754.0,21,21208,40.2444,-77.2303,0,0,0,0,0,0,5,9,2010,4,17.0,1.0,0,1.0,1,0,3,  ,0,0.0,1,0,0,0,0,0,0,0,0,0,0,0,0,0,0,1,0
13002,2010083715,1455.0,1432.0,18,18215,40.9906,-77.4255,0,0,0,0,0,0,4,8,2010,6,14.0,1.0,0,1.0,1,1,3,  ,3,3.0,0,0,1,0,0,0,0,0,0,0,0,0,0,0,0,0,0
13003,2010083744,1800.0,1800.0,1,1210,39.8131,-77.3126,0,0,0,0,0,0,4,7,2010,2,18.0,1.0,7,1.0,1,0,3,  ,0,0.0,1,0,1,0,0,0,0,0,0,0,0,0,0,0,0,1,0
13004,2010083824,759.0,756.0,23,23111,39.9531,-75.2864,0,0,0,0,0,0,4,9,2010,5,7.0,1.0,0,1.0,3,1,3,  ,3,3.0,0,0,1,0,0,0,0,0,0,0,0,0,0,0,0,0,0
13005,2010083890,1514.0,1511.0,40,40304,41.2591,-75.8679,0,0,0,0,0,0,8,9,2010,5,15.0,1.0,0,1.0,3,0,99,  ,0,0.0,0,0,0,0,0,0,0,0,0,0,0,0,0,0,0,0,0
13006,2010083910,1548.0,1545.0,23,23111,39.9596,-75.3141,0,0,0,0,0,1,4,9,2010,5,15.0,1.0,0,1.0,3,1,3,  ,2,3.0,0,0,1,0,0,0,0,0,0,0,0,0,0,0,0,0,0
13007,2010083934,1720.0,1719.0,25,25302,42.1139,-80.096,0,0,0,0,0,1,4,9,2010,5,17.0,1.0,0,1.0,3,1,3,  ,2,3.0,0,0,1,0,0,0,0,0,0,0,0,0,0,0,0,0,0
13008,2010083965,1807.0,1806.0,14,14410,40.7933,-77.8572,0,0,0,0,0,0,4,9,2010,5,18.0,1.0,0,1.0,3,1,3,  ,3,3.0,0,0,1,0,0,0,0,0,0,0,0,0,0,0,0,0,0
13009,2010083971,1955.0,1943.0,2,2301,40.4646,-79.9234,0,0,0,0,0,0,9,9,2010,5,19.0,4.0,0,1.0,3,0,3,  ,0,0.0,0,0,0,0,0,0,0,0,0,0,0,0,0,0,0,0,0
13010,2010083980,2035.0,2030.0,39,39209,40.5664,-75.5806,0,0,0,0,0,1,4,8,2010,3,20.0,2.0,0,1.0,1,1,3,  ,3,3.0,1,0,1,0,0,0,0,0,0,0,0,0,0,0,0,0,0
13011,2010084128,1305.0,1304.0,67,67301,39.9368,-75.1599,0,0,0,0,0,0,4,8,2010,5,13.0,1.0,7,1.0,3,1,3,  ,2,3.0,1,0,1,0,0,0,0,0,0,0,0,0,0,0,0,0,0
13012,2010084130,9999.0,9999.0,67,67301,39.9299,-75.1635,0,0,0,0,0,0,4,7,2010,6,0.0,3.0,0,1.0,3,1,3,  ,2,3.0,0,0,1,0,0,0,0,0,0,0,0,0,0,0,0,0,0
13013,2010084131,2230.0,2230.0,67,67301,39.9284,-75.1537,0,0,0,0,0,0,6,7,2010,7,22.0,3.0,0,1.0,3,0,3,  ,0,0.0,0,1,0,0,0,0,0,0,0,0,0,0,0,0,0,0,0
13014,2010084134,2058.0,2055.0,6,6301,40.3285,-75.9005,0,0,0,0,0,0,4,8,2010,4,20.0,3.0,0,1.0,3,1,3,  ,2,3.0,1,0,1,0,0,0,0,0,0,0,0,0,0,0,0,0,1
13015,2010084145,1737.0,1720.0,67,67301,39.9945,-75.1448,0,0,0,0,0,0,5,7,2010,3,16.0,1.0,0,1.0,3,0,3,  ,0,0.0,0,0,0,0,0,0,0,0,0,0,0,0,0,0,0,0,0
13016,2010084154,1310.0,1300.0,67,67301,39.9305,-75.1683,0,0,0,0,0,1,4,7,2010,7,13.0,1.0,0,1.0,3,1,3,  ,2,3.0,0,0,1,0,0,0,0,0,0,0,0,0,0,0,0,0,0
13017,2010084161,2130.0,2129.0,67,67301,39.9206,-75.2414,0,0,0,0,0,0,8,7,2010,5,21.0,3.0,0,1.0,3,1,3,  ,0,0.0,1,0,0,0,0,0,0,0,0,0,0,0,0,0,0,0,1
13018,2010084177,1524.0,1522.0,6,6301,40.3401,-75.9297,0,0,0,0,0,0,4,8,2010,1,15.0,1.0,0,9.0,3,1,7,  ,2,3.0,0,0,1,0,0,0,0,0,0,0,0,0,0,0,0,0,0
13019,2010084195,2123.0,2117.0,67,67301,39.9237,-75.1796,0,0,0,0,0,0,4,8,2010,1,21.0,3.0,0,1.0,3,1,3,  ,2,3.0,1,0,1,0,0,0,0,0,0,0,0,0,0,0,0,0,0
13020,2010084222,2147.0,2147.0,67,67301,39.9479,-75.1624,0,0,0,0,0,0,5,7,2010,1,21.0,3.0,0,1.0,3,1,3,  ,2,3.0,0,0,0,0,0,0,0,0,0,0,0,0,0,0,0,0,0
13021,2010084230,1810.0,1805.0,67,67301,39.9232,-75.1798,0,0,0,0,0,0,5,7,2010,3,17.0,1.0,0,1.0,3,1,3,  ,3,3.0,0,0,0,0,0,0,0,0,0,0,0,0,0,0,0,0,0
13022,2010084232,727.0,723.0,67,67301,39.9142,-75.1718,0,0,0,0,0,0,4,8,2010,4,7.0,1.0,0,1.0,3,1,3,  ,2,3.0,0,0,1,0,0,0,0,0,0,0,0,0,0,0,0,0,0
13023,2010084240,1355.0,1345.0,67,67301,40.096,-74.9768,0,0,0,0,0,0,4,7,2010,2,6.0,1.0,0,1.0,3,1,3,  ,2,2.0,1,0,1,0,0,0,0,0,0,0,0,1,0,0,0,0,0
13024,2010084251,1327.0,1324.0,67,67301,39.9312,-75.2145,0,0,0,0,0,0,4,8,2010,1,13.0,1.0,0,1.0,3,0,3,  ,0,0.0,0,0,1,0,0,0,0,0,0,0,0,0,0,0,0,0,0
13025,2010084254,1307.0,1302.0,67,67301,40.0042,-75.1729,0,0,0,0,0,0,4,8,2010,3,99.0,1.0,0,1.0,3,2,3,  ,0,0.0,0,0,1,0,0,0,0,0,0,0,0,0,0,0,0,0,0
13026,2010084262,1320.0,1318.0,67,67301,39.9401,-75.1712,0,0,0,0,0,0,4,7,2010,3,13.0,1.0,0,1.0,3,1,3,  ,3,3.0,0,0,1,0,0,0,0,0,0,0,0,0,0,0,0,0,0
13027,2010084298,959.0,944.0,2,2301,40.4552,-80.054,0,0,0,0,0,0,4,9,2010,6,9.0,1.0,0,1.0,3,1,3,  ,3,3.0,0,0,1,0,0,0,0,0,0,0,0,0,0,0,0,1,0
13028,2010084364,1425.0,1422.0,15,15403,40.0054,-75.7058,0,0,0,0,0,0,4,8,2010,1,14.0,1.0,0,1.0,3,0,3,  ,0,0.0,0,0,1,0,0,0,0,0,0,0,0,0,0,0,0,0,0
13029,2010084373,1725.0,1722.0,48,48302,40.6989,-75.2283,0,0,0,0,0,0,4,8,2010,4,17.0,1.0,0,1.0,3,1,3,  ,2,3.0,0,0,1,0,0,0,0,0,0,0,0,0,0,0,0,0,0
13030,2010084488,1403.0,1348.0,64,64209,40.3128,-79.6193,0,0,0,0,0,0,1,8,2010,4,13.0,1.0,0,1.0,3,0,3,  ,0,0.0,0,0,0,0,0,0,0,0,0,0,0,0,0,0,0,0,0
13031,2010084547,2335.0,2329.0,67,67301,40.0558,-75.1762,0,0,0,0,0,0,4,8,2010,2,22.0,3.0,0,1.0,3,3,3,  ,2,3.0,0,0,1,0,0,0,0,0,0,0,0,0,0,0,0,0,0
13032,2010084564,45.0,38.0,67,67301,40.0489,-75.1837,0,0,0,0,0,0,6,8,2010,6,22.0,3.0,0,1.0,3,0,3,  ,0,0.0,0,0,0,0,0,0,0,0,0,0,0,0,0,0,0,0,0
13033,2010084579,815.0,809.0,67,67301,39.9872,-75.1506,0,0,0,0,0,0,6,7,2010,6,99.0,3.0,0,1.0,3,0,3,  ,0,0.0,0,0,0,0,0,0,0,0,0,0,0,0,0,0,0,0,0
13034,2010084584,9999.0,9999.0,67,67301,39.9843,-75.1405,0,0,0,0,1,0,5,7,2010,4,99.0,1.0,0,1.0,3,1,3,  ,0,0.0,0,0,0,0,0,0,0,0,0,0,0,0,0,0,0,0,0
13035,2010084590,1835.0,1835.0,67,67301,40.0122,-75.1129,0,0,0,0,0,0,4,7,2010,7,18.0,1.0,7,1.0,3,0,3,  ,3,3.0,1,0,1,0,0,0,0,0,0,0,0,0,0,0,0,0,1
13036,2010084593,2234.0,2229.0,67,67301,40.012,-75.1359,0,0,0,0,0,0,4,8,2010,7,21.0,3.0,0,1.0,3,1,3,  ,2,3.0,1,0,1,0,0,0,0,0,0,0,1,0,0,1,0,0,0
13037,2010084607,1520.0,1513.0,67,67301,39.9717,-75.2438,0,0,0,1,0,0,1,7,2010,6,15.0,1.0,0,1.0,3,2,3,  ,0,0.0,0,0,0,0,1,0,0,0,0,0,0,0,0,0,0,0,0
13038,2010084613,750.0,746.0,67,67301,39.9336,-75.1828,0,0,0,0,0,1,4,7,2010,5,7.0,1.0,0,1.0,3,1,3,  ,3,3.0,1,0,1,0,0,0,0,0,0,0,0,0,1,0,0,0,0
13039,2010084615,1830.0,1828.0,67,67301,39.9334,-75.1811,0,0,0,0,0,1,4,7,2010,4,99.0,1.0,0,1.0,3,1,3,  ,2,3.0,0,0,1,0,0,0,0,0,0,0,0,0,0,0,0,0,0
13040,2010084690,2122.0,2120.0,7,7301,40.5362,-78.3885,0,0,0,0,0,0,2,8,2010,2,21.0,3.0,0,1.0,3,1,3,  ,0,0.0,0,0,0,0,0,0,0,0,0,0,0,0,0,0,0,0,0
13041,2010084822,1458.0,1458.0,23,23111,39.9538,-75.2585,0,0,0,0,0,0,4,9,2010,1,14.0,1.0,0,1.0,3,1,3,  ,1,3.0,0,0,1,0,0,0,0,0,0,0,0,0,0,0,0,0,0
13042,2010084869,2001.0,1916.0,62,62216,40.0564,-80.3066,0,1,0,0,0,0,4,8,2010,1,19.0,4.0,0,1.0,1,2,3,  ,3,3.0,0,0,1,0,0,0,0,0,0,0,0,0,0,0,0,0,0
13043,2010085073,2127.0,2126.0,21,21402,40.1928,-77.1904,0,0,0,0,0,0,5,9,2010,7,21.0,3.0,0,1.0,2,0,3,  ,0,0.0,0,0,0,0,0,0,0,0,0,0,0,0,0,0,0,0,0
13044,2010085097,1045.0,1039.0,2,2301,40.4216,-79.9262,0,0,0,0,0,0,5,9,2010,2,10.0,1.0,0,1.0,3,2,3,  ,3,3.0,0,0,0,0,0,0,0,0,0,0,0,0,0,0,0,0,0
13045,2010085258,2019.0,2018.0,36,36301,40.0334,-76.2937,0,0,0,0,0,0,4,8,2010,1,20.0,1.0,0,1.0,3,1,3,  ,3,3.0,0,0,1,0,0,0,0,0,0,0,0,0,0,0,0,0,0
13046,2010085280,1243.0,1241.0,21,21409,40.0536,-77.5213,0,0,0,0,0,0,4,9,2010,2,12.0,1.0,0,1.0,2,1,3,  ,3,3.0,0,0,1,0,0,0,0,0,0,0,0,0,0,0,0,0,0
13047,2010085339,1820.0,1818.0,23,23111,39.9527,-75.2633,0,0,0,0,0,0,4,9,2010,2,18.0,1.0,0,1.0,3,1,3,  ,2,3.0,1,0,1,0,0,0,0,0,0,0,0,0,0,0,0,0,0
13048,2010085594,1909.0,1908.0,46,46405,40.0812,-75.3099,0,0,0,0,0,0,8,9,2010,3,19.0,4.0,0,1.0,3,0,3,  ,0,0.0,0,0,0,0,0,0,0,0,0,0,0,0,0,0,0,0,0
13049,2010085763,1010.0,1006.0,59,59202,40.958,-76.9046,0,0,0,0,0,0,4,8,2010,5,10.0,1.0,0,1.0,1,2,3,  ,0,0.0,1,0,1,0,0,0,0,0,0,0,0,0,0,0,0,0,0
13050,2010085893,1616.0,1616.0,39,39405,40.5353,-75.4909,0,0,0,0,0,1,5,6,2010,2,16.0,1.0,0,1.0,3,0,3,  ,0,0.0,0,0,0,0,0,0,0,0,0,0,0,0,0,0,0,1,0
13051,2010085953,1404.0,1353.0,21,21204,40.2339,-77.2666,0,0,0,0,0,0,4,9,2010,5,13.0,1.0,7,1.0,1,0,3,  ,0,0.0,0,0,1,0,0,0,0,0,0,0,0,0,0,0,0,0,0
13052,2010086017,1605.0,1603.0,67,67301,39.9561,-75.1694,0,0,0,0,0,0,4,7,2010,1,16.0,1.0,0,1.0,3,1,3,  ,3,3.0,0,0,1,0,0,0,0,0,0,0,0,0,0,0,0,0,0
13053,2010086018,2030.0,2036.0,67,67301,39.9287,-75.1939,0,0,0,0,0,0,4,8,2010,2,20.0,3.0,0,1.0,3,1,3,  ,3,3.0,0,0,1,0,0,0,0,0,0,0,0,0,0,0,0,0,0
13054,2010086031,1840.0,1824.0,67,67301,39.999,-75.2104,0,0,0,0,0,0,4,7,2010,6,18.0,1.0,7,1.0,3,0,3,  ,0,0.0,1,0,1,0,0,0,0,0,0,0,0,0,0,0,0,0,0
13055,2010086050,1835.0,1833.0,23,23301,39.8542,-75.3741,0,0,0,0,0,0,4,9,2010,4,18.0,1.0,0,1.0,3,2,3,  ,0,0.0,0,0,1,0,0,0,0,0,0,0,0,0,0,0,0,0,0
13056,2010086268,1603.0,1547.0,2,2407,40.3273,-80.0254,0,0,0,0,0,0,5,9,2010,6,15.0,1.0,0,1.0,3,0,3,  ,0,0.0,1,0,0,0,0,0,0,0,0,0,0,0,0,0,0,1,0
13057,2010086302,1118.0,1109.0,66,66432,39.8413,-76.6202,0,0,0,0,0,0,1,9,2010,1,11.0,1.0,0,1.0,1,0,3,  ,0,0.0,0,0,0,0,0,1,0,0,0,0,0,0,0,0,0,0,0
13058,2010086345,1641.0,1641.0,22,22412,40.2769,-76.8444,0,0,0,0,0,0,4,9,2010,5,16.0,1.0,0,1.0,3,1,3,  ,3,3.0,0,0,1,0,0,0,0,0,0,0,0,0,0,0,0,0,0
13059,2010086364,7.0,6.0,66,66301,39.966,-76.7353,0,0,0,0,0,0,1,9,2010,5,20.0,3.0,0,1.0,3,2,3,  ,0,0.0,1,0,0,0,0,0,0,0,0,0,0,0,0,1,0,0,0
13060,2010086463,1206.0,1200.0,38,38208,40.3395,-76.4546,0,0,0,0,1,0,6,9,2010,5,12.0,1.0,0,1.0,1,0,3,  ,0,0.0,0,0,0,0,0,0,0,0,0,0,0,0,0,0,0,0,0
13061,2010086472,906.0,854.0,2,2301,,,0,0,0,0,0,0,2,9,2010,6,8.0,1.0,7,1.0,3,0,3,  ,0,0.0,0,0,0,0,0,0,0,0,0,0,0,0,0,0,0,0,0
13062,2010086617,2019.0,2015.0,9,9202,40.0833,-74.9139,0,0,0,0,1,0,6,9,2010,6,20.0,2.0,0,1.0,3,0,3,  ,0,0.0,0,0,0,0,0,0,0,0,0,0,0,0,0,0,0,0,0
13063,2010086718,1348.0,1345.0,35,35302,41.4177,-75.6786,0,0,0,0,0,0,4,9,2010,6,13.0,1.0,0,1.0,3,1,3,  ,0,0.0,0,0,1,0,0,0,0,0,0,0,0,0,0,0,0,0,1
13064,2010086751,945.0,943.0,2,2110,40.5163,-80.146,0,0,0,0,0,0,4,9,2010,4,9.0,1.0,0,1.0,3,0,3,  ,0,0.0,0,0,1,0,0,0,0,0,0,0,0,0,0,0,0,0,0
13065,2010086759,1216.0,1211.0,48,48206,40.6553,-75.3941,0,0,0,0,0,1,4,9,2010,7,12.0,1.0,0,1.0,3,1,3,  ,0,0.0,1,0,1,0,0,0,0,0,0,0,0,0,0,0,0,0,0
13066,2010086764,1210.0,1204.0,38,38301,40.3391,-76.4186,0,0,0,0,0,0,4,9,2010,7,11.0,1.0,0,1.0,2,1,3,  ,3,3.0,1,0,1,0,0,0,0,0,0,0,0,0,0,0,0,0,0
13067,2010086941,1156.0,1154.0,2,2301,40.449,-79.9427,0,0,0,0,1,0,5,9,2010,1,11.0,1.0,0,1.0,3,2,3,  ,0,0.0,1,0,0,0,0,1,0,0,0,0,0,0,0,0,0,0,0
13068,2010086946,755.0,752.0,49,49407,40.8468,-76.8031,0,0,0,0,1,0,2,8,2010,3,7.0,1.0,0,1.0,1,0,3,  ,0,0.0,0,0,0,0,0,0,0,0,0,0,0,0,0,0,0,0,0
13069,2010086951,1721.0,1717.0,38,38301,40.3477,-76.4222,0,0,0,0,0,0,4,9,2010,2,17.0,1.0,0,1.0,2,1,3,  ,0,0.0,0,0,1,0,0,0,0,0,0,0,0,0,0,0,0,0,0
13070,2010086956,1625.0,1620.0,46,46202,40.1308,-75.3266,0,0,0,0,0,0,4,9,2010,4,16.0,1.0,0,1.0,3,0,3,  ,0,0.0,0,0,1,0,0,0,0,0,0,0,0,0,0,0,0,0,0
13071,2010087005,2213.0,2158.0,61,61402,41.78,-79.0934,0,0,0,0,0,1,4,9,2010,6,21.0,3.0,0,1.0,1,2,3,  ,2,3.0,0,0,1,0,0,0,0,0,0,0,0,0,0,0,0,0,0
13072,2010087064,2343.0,2343.0,14,14410,40.7968,-77.8557,0,0,0,0,0,0,4,8,2010,5,20.0,3.0,0,1.0,3,1,3,  ,2,3.0,1,0,1,0,0,0,0,0,0,0,0,0,0,0,0,0,0
13073,2010087084,2200.0,2159.0,40,40304,41.2393,-75.8833,0,0,0,0,0,0,0,9,2010,7,21.0,2.0,0,1.0,3,0,3,  ,0,0.0,0,0,0,0,0,0,0,0,0,0,0,0,0,0,0,0,0
13074,2010087172,1643.0,1640.0,21,21402,40.2046,-77.1886,0,0,0,0,0,0,4,9,2010,2,16.0,1.0,0,1.0,2,1,3,  ,2,3.0,0,0,1,0,0,0,0,0,0,0,0,0,0,0,0,0,1
13075,2010087173,1925.0,1923.0,21,21402,40.1958,-77.1819,0,0,0,0,0,0,4,9,2010,4,19.0,4.0,7,1.0,2,0,3,  ,0,0.0,0,0,1,0,0,0,0,0,0,0,0,0,0,0,0,0,0
13076,2010087257,1111.0,1104.0,36,36204,40.2053,-76.2151,0,0,0,1,0,0,4,9,2010,6,11.0,1.0,0,1.0,1,2,3,  ,3,3.0,1,0,1,0,1,1,0,0,0,0,0,0,0,0,0,0,0
13077,2010087279,2048.0,2047.0,19,19501,41.0007,-76.4622,0,0,0,0,0,0,1,9,2010,7,20.0,3.0,0,1.0,2,1,3,  ,0,0.0,0,0,0,0,0,0,0,0,0,0,0,0,0,0,0,0,0
13078,2010087318,900.0,848.0,64,64209,40.279,-79.5857,0,0,0,0,0,1,4,9,2010,2,8.0,1.0,0,1.0,3,2,3,  ,3,3.0,1,0,1,0,0,0,0,0,0,0,0,0,0,0,0,0,0
13079,2010087406,1932.0,1929.0,40,40302,41.1969,-76.0025,0,0,0,0,0,0,4,9,2010,2,19.0,1.0,0,1.0,3,1,3,  ,0,0.0,0,0,1,0,0,0,0,0,0,0,0,0,0,0,0,1,0
13080,2010087429,1937.0,1934.0,2,2481,40.57,-80.1047,0,0,0,0,0,0,1,9,2010,2,19.0,4.0,0,1.0,3,0,3,  ,0,0.0,0,0,0,0,0,0,0,0,0,0,0,0,0,0,0,0,0
13081,2010087458,153.0,110.0,32,32212,40.4214,-79.0273,0,0,0,0,0,0,1,8,2010,3,23.0,2.0,0,1.0,1,0,3,  ,0,0.0,0,0,0,0,0,0,0,0,0,0,0,0,0,0,0,0,0
13082,2010087533,1224.0,1216.0,46,46226,40.2038,-75.3648,0,0,0,0,1,0,4,8,2010,7,10.0,1.0,0,1.0,1,2,3,  ,3,3.0,1,0,1,0,0,1,0,0,0,0,0,0,0,0,0,0,0
13083,2010087620,1048.0,1046.0,14,14410,40.7982,-77.8664,0,0,1,0,0,0,4,9,2010,3,10.0,1.0,7,1.0,3,0,3,  ,0,0.0,0,0,1,0,1,0,0,0,0,0,0,0,0,0,0,0,0
13084,2010087658,1749.0,1747.0,59,59403,40.9153,-77.0458,0,0,0,0,0,1,4,8,2010,3,17.0,1.0,0,1.0,1,5,3,  ,3,3.0,1,0,1,0,0,0,0,0,0,0,0,0,0,0,0,0,1
13085,2010087685,2331.0,2329.0,46,46101,40.1212,-75.1334,0,0,0,0,0,1,4,9,2010,5,23.0,3.0,0,1.0,3,1,3,  ,2,3.0,0,1,1,0,0,0,0,0,0,0,0,0,0,0,0,0,0
13086,2010087775,1952.0,1951.0,39,39209,40.5421,-75.617,0,0,0,0,0,1,4,9,2010,7,19.0,2.0,0,1.0,1,1,3,  ,2,3.0,0,0,1,0,0,0,0,0,0,0,0,0,0,0,0,0,0
13087,2010087878,2111.0,2108.0,36,36301,40.0361,-76.3075,0,0,0,0,0,0,4,9,2010,4,21.0,3.0,0,1.0,3,1,3,  ,2,3.0,0,0,1,0,0,0,0,0,0,0,0,0,0,0,0,0,0
13088,2010087941,1449.0,1444.0,36,36235,40.1297,-76.3164,0,0,0,0,0,1,4,9,2010,7,14.0,1.0,0,1.0,1,2,3,  ,3,3.0,1,0,1,0,0,0,0,0,0,0,0,0,0,0,0,0,0
13089,2010088032,1524.0,1522.0,17,17404,41.0245,-78.4381,0,1,0,0,0,0,4,9,2010,5,15.0,1.0,0,9.0,2,0,7,  ,0,0.0,0,0,1,0,0,0,0,0,0,0,0,0,0,0,0,0,0
13090,2010088054,1621.0,1612.0,15,15254,40.0253,-75.6453,0,0,0,0,0,0,4,9,2010,5,16.0,1.0,0,9.0,3,0,7,  ,0,0.0,0,0,1,0,0,0,0,0,0,0,0,0,0,0,0,0,0
13091,2010088069,2340.0,2336.0,21,21206,40.2147,-77.1599,0,0,0,0,0,0,5,9,2010,4,23.0,2.0,0,1.0,1,0,3,  ,0,0.0,0,1,0,0,0,0,1,0,0,1,0,0,0,0,0,0,0
13092,2010088313,1540.0,1530.0,3,3208,40.6773,-79.5852,0,0,0,0,0,0,1,9,2010,1,15.0,1.0,0,1.0,1,0,3,  ,0,0.0,0,0,0,0,0,0,0,0,0,0,0,0,0,0,0,0,0