,CRN,ARRIVAL_TM,DISPATCH_TM,COUNTY,MUNICIPALITY,DEC_LAT,DEC_LONG,BICYCLE_DEATH_COUNT,BICYCLE_SUSP_SERIOUS_INJ_COUNT,BUS_COUNT,HEAVY_TRUCK_COUNT,SMALL_TRUCK_COUNT,SUV_COUNT,COLLISION_TYPE,CRASH_MONTH,CRASH_YEAR,DAY_OF_WEEK,HOUR_OF_DAY,ILLUMINATION,LOCATION_TYPE,ROAD_CONDITION,URBAN_RURAL,INTERSECT_TYPE,WEATHER1,WEATHER2,TCD_TYPE,TCD_FUNC_CD,AGGRESSIVE_DRIVING,ALCOHOL_RELATED,ANGLE_CRASH,CELL_PHONE,COMM_VEHICLE,DISTRACTED,DRINKING_DRIVER,DRUGGED_DRIVER,FATIGUE_ASLEEP,IMPAIRED_DRIVER,NHTSA_AGG_DRIVING,RUNNING_RED_LT,RUNNING_STOP_SIGN,SPEEDING_RELATED,TAILGATING,MATURE_DRIVER,YOUNG_DRIVER
13093,2010088432,1350.0,1338.0,1,1210,39.8369,-77.3075,0,0,0,0,1,0,5,9,2010,1,13.0,1.0,0,1.0,1,0,3,  ,0,0.0,0,0,0,0,0,0,0,0,0,0,0,0,0,0,0,1,0
13094,2010088466,1612.0,1609.0,36,36216,39.9299,-76.1349,0,0,0,0,0,0,1,9,2010,1,15.0,1.0,0,9.0,1,0,3,  ,0,0.0,0,0,0,0,0,1,0,0,0,0,0,0,0,0,0,0,0
13095,2010088508,1128.0,1052.0,6,6406,40.4879,-76.0091,0,0,0,0,0,0,4,9,2010,7,10.0,1.0,7,1.0,1,0,3,  ,0,0.0,1,0,1,0,0,0,0,0,0,0,0,0,0,1,0,0,1
13096,2010088520,1700.0,1647.0,53,53227,40.7903,-75.9929,0,0,0,0,1,0,4,8,2010,4,16.0,1.0,0,1.0,1,0,3,  ,0,0.0,0,0,1,0,0,0,0,0,0,0,0,0,0,0,0,0,0
13097,2010088538,1411.0,1408.0,39,39207,40.649,-75.5966,0,1,0,0,0,0,4,9,2010,5,14.0,1.0,0,1.0,1,0,3,  ,0,0.0,0,0,1,0,0,0,0,0,0,0,0,0,0,0,0,0,1
13098,2010088656,1736.0,1734.0,67,67301,39.9175,-75.1561,0,0,0,0,0,0,4,8,2010,2,17.0,1.0,0,1.0,3,1,3,  ,2,3.0,1,0,1,0,0,0,0,0,0,0,0,1,0,0,0,0,0
13099,2010088658,2140.0,2135.0,67,67301,40.0104,-75.0793,0,0,0,0,0,0,2,8,2010,3,21.0,3.0,0,1.0,3,1,3,  ,2,3.0,0,0,0,0,0,0,0,0,0,0,0,0,0,0,0,0,0
13100,2010088670,1757.0,1755.0,67,67301,39.9797,-75.1713,0,0,0,0,0,1,4,8,2010,4,17.0,1.0,0,1.0,3,0,3,  ,0,0.0,0,0,1,0,0,0,0,0,0,0,0,0,0,0,0,0,0
13101,2010088677,407.0,402.0,67,67301,39.9676,-75.2015,0,0,0,0,0,0,1,8,2010,1,4.0,3.0,0,98.0,3,0,3,  ,0,0.0,1,1,0,0,0,0,0,0,0,0,0,0,0,0,1,0,0
13102,2010088678,1409.0,1357.0,67,67301,39.9724,-75.2174,0,0,0,0,0,0,4,8,2010,6,13.0,1.0,0,1.0,3,3,3,  ,2,3.0,0,0,1,0,0,0,0,0,0,0,0,0,0,0,0,0,0
13103,2010088692,1755.0,1745.0,67,67301,39.987,-75.1824,0,0,0,0,1,0,4,8,2010,6,99.0,1.0,0,1.0,3,2,3,  ,0,0.0,0,0,1,0,0,0,0,0,0,0,0,0,0,0,0,1,0
13104,2010088693,1846.0,1846.0,67,67301,39.9751,-75.1636,0,0,0,0,0,0,4,8,2010,6,18.0,1.0,0,1.0,3,1,3,  ,2,3.0,0,0,1,0,0,0,0,0,0,0,0,0,0,0,0,0,0
13105,2010088700,158.0,158.0,67,67301,39.9566,-75.198,0,0,0,0,0,0,4,8,2010,1,1.0,3.0,0,1.0,3,1,3,  ,2,3.0,1,0,1,0,0,0,0,0,0,0,0,0,0,0,0,0,0
13106,2010088713,1156.0,1151.0,67,67301,40.0719,-75.0539,0,0,0,0,0,0,4,8,2010,7,11.0,1.0,0,1.0,3,0,3,  ,0,0.0,0,0,1,0,0,0,0,0,0,0,0,0,0,0,0,0,0
13107,2010088745,1847.0,1843.0,67,67301,40.0515,-74.9967,0,0,0,0,0,0,4,8,2010,6,18.0,1.0,0,1.0,3,0,3,  ,0,0.0,1,0,1,0,0,0,0,0,0,0,0,0,0,0,0,0,0
13108,2010088747,1818.0,1807.0,67,67301,39.9197,-75.225,0,0,0,0,0,0,4,8,2010,5,99.0,1.0,0,1.0,3,1,3,  ,2,3.0,0,0,1,0,0,0,0,0,0,0,0,0,0,0,0,0,0
13109,2010088748,1837.0,1835.0,67,67301,39.919,-75.2312,0,0,0,0,0,0,4,8,2010,6,99.0,1.0,0,1.0,3,0,3,  ,0,0.0,0,0,1,0,0,0,0,0,0,0,0,0,0,0,0,0,0
13110,2010088756,1314.0,1314.0,67,67301,39.9424,-75.1809,0,0,0,0,0,0,2,8,2010,6,13.0,1.0,0,1.0,3,2,3,  ,0,0.0,0,0,0,0,0,0,0,0,0,0,0,0,0,0,0,0,0
13111,2010088790,1543.0,1533.0,67,67301,40.0366,-75.0621,0,0,0,0,1,0,4,8,2010,1,15.0,1.0,7,9.0,3,0,7,  ,0,0.0,1,0,1,0,0,0,0,0,0,0,0,0,0,0,0,0,0
13112,2010088804,2355.0,2355.0,67,67301,39.9254,-75.227,0,0,0,0,0,0,2,8,2010,6,20.0,4.0,0,1.0,3,1,3,  ,3,3.0,0,0,0,0,0,0,0,0,0,0,0,0,0,0,0,0,0
13113,2010088814,1650.0,1649.0,67,67301,39.9352,-75.164,0,0,0,0,0,0,5,8,2010,2,16.0,1.0,0,1.0,3,0,3,  ,0,0.0,0,0,0,0,0,0,0,0,0,0,0,0,0,0,0,0,0
13114,2010088823,1825.0,1815.0,67,67301,39.9304,-75.1869,0,0,0,0,0,0,4,8,2010,1,18.0,1.0,0,9.0,3,1,3,  ,2,3.0,0,0,1,0,0,0,0,0,0,0,0,0,0,0,0,0,0
13115,2010088824,2200.0,2155.0,67,67301,40.0107,-75.0726,0,0,0,0,0,0,8,8,2010,4,21.0,3.0,0,1.0,3,2,3,  ,3,3.0,0,0,0,0,0,0,0,0,0,0,0,0,0,0,0,1,0
13116,2010088826,1730.0,1725.0,67,67301,39.9715,-75.1599,0,0,0,0,0,0,4,8,2010,2,17.0,1.0,7,1.0,3,0,3,  ,0,0.0,1,0,1,0,0,0,0,0,0,0,1,0,0,0,0,0,0
13117,2010088855,2000.0,1950.0,67,67301,39.94,-75.1662,0,0,0,0,0,0,4,8,2010,3,19.0,1.0,0,1.0,3,1,3,  ,2,2.0,0,0,1,0,0,0,0,0,0,0,0,0,0,0,0,0,0
13118,2010088857,2018.0,2011.0,67,67301,39.9193,-75.16,0,0,0,0,0,0,5,8,2010,2,19.0,4.0,0,1.0,3,1,3,  ,0,0.0,0,0,0,0,0,0,0,0,0,0,0,0,0,0,0,0,0
13119,2010088866,914.0,914.0,67,67301,39.9505,-75.2269,0,0,0,0,0,0,5,8,2010,6,9.0,1.0,0,9.0,3,1,3,  ,2,3.0,0,0,0,0,0,0,0,0,0,0,0,0,0,0,0,0,0
13120,2010088896,1535.0,1528.0,67,67301,39.9525,-75.177,0,0,0,0,0,0,1,8,2010,2,15.0,1.0,0,1.0,3,0,3,  ,0,0.0,0,0,0,0,0,1,0,0,0,0,0,0,0,0,0,0,0
13121,2010088897,1553.0,1551.0,67,67301,40.0286,-75.0562,0,0,0,0,0,0,4,7,2010,6,15.0,1.0,0,1.0,3,1,3,  ,3,3.0,0,0,1,1,0,1,0,0,0,0,0,0,0,0,0,1,0
13122,2010088910,1840.0,1830.0,67,67301,40.022,-75.0766,0,0,0,0,0,0,4,8,2010,5,18.0,1.0,0,1.0,3,2,3,  ,3,3.0,0,0,1,0,0,0,0,0,0,0,0,0,0,0,0,0,0
13123,2010088911,9999.0,9999.0,67,67301,40.0184,-75.0835,0,0,0,0,0,0,4,8,2010,4,99.0,1.0,0,1.0,3,1,3,  ,3,3.0,0,0,1,0,0,0,0,0,0,0,0,0,0,0,0,0,0
13124,2010088930,1635.0,1630.0,67,67301,40.0267,-75.1403,0,0,0,0,0,0,2,8,2010,6,16.0,1.0,0,1.0,3,1,3,  ,3,3.0,0,0,0,0,0,0,0,0,0,0,0,0,0,0,0,0,0
13125,2010088945,940.0,935.0,67,67301,40.0205,-75.21,0,0,0,0,0,1,4,8,2010,2,9.0,1.0,0,1.0,3,1,3,  ,3,3.0,1,0,1,0,0,0,0,0,0,0,1,0,0,0,0,1,0
13126,2010088954,2005.0,2002.0,67,67301,39.9979,-75.1043,0,0,0,0,0,0,4,8,2010,5,20.0,3.0,0,1.0,3,1,3,  ,2,3.0,0,0,1,0,0,0,0,0,0,0,0,0,0,0,0,0,0
13127,2010088957,1725.0,1710.0,67,67301,39.9908,-75.115,0,0,0,0,0,0,5,8,2010,5,16.0,1.0,0,1.0,3,0,3,  ,0,0.0,0,0,0,0,0,0,0,0,0,0,0,0,0,0,0,0,0
13128,2010088958,1720.0,1715.0,67,67301,39.9871,-75.1626,0,0,0,0,0,0,4,8,2010,1,17.0,1.0,0,9.0,3,1,7,  ,9,9.0,0,0,1,0,0,0,0,0,0,0,0,0,0,0,0,0,1
13129,2010088961,1406.0,1401.0,67,67301,39.9404,-75.1695,0,0,0,0,0,0,4,8,2010,2,14.0,1.0,0,1.0,3,1,3,  ,2,3.0,0,0,1,0,0,0,0,0,0,0,0,0,0,0,0,0,0
13130,2010088976,1550.0,1549.0,67,67301,39.9488,-75.179,0,0,0,0,0,0,4,8,2010,6,15.0,1.0,0,1.0,3,1,3,  ,2,3.0,0,0,1,0,0,0,0,0,0,0,0,0,0,0,0,0,0
13131,2010089012,1758.0,1758.0,25,25301,41.9213,-79.6353,0,0,0,0,0,0,4,9,2010,1,17.0,1.0,0,1.0,2,2,3,  ,3,3.0,0,0,1,0,0,0,0,0,0,0,0,0,0,0,0,0,0
13132,2010089112,854.0,850.0,67,67301,39.9577,-75.2132,0,0,0,0,0,0,4,8,2010,5,8.0,1.0,0,1.0,3,1,3,  ,3,3.0,0,0,1,0,0,0,0,0,0,0,0,0,0,0,0,0,0
13133,2010089252,1255.0,1254.0,36,36301,40.0389,-76.2971,0,0,0,0,1,0,4,9,2010,4,12.0,1.0,0,1.0,3,1,3,  ,2,3.0,0,0,1,0,0,0,0,0,0,0,0,0,0,0,0,0,0
13134,2010089253,1521.0,1518.0,9,9101,40.1047,-74.892,0,0,0,0,0,0,4,9,2010,6,15.0,1.0,0,1.0,3,3,3,  ,0,0.0,0,0,1,0,0,0,0,0,0,0,0,0,0,0,0,0,0
13135,2010089297,1516.0,1514.0,46,46408,40.184,-75.1045,0,0,0,0,0,0,4,9,2010,7,15.0,1.0,0,1.0,3,2,3,  ,3,3.0,1,0,1,0,0,0,0,0,0,0,0,0,0,0,0,1,0
13136,2010089341,1903.0,1902.0,25,25216,42.0248,-80.0559,0,1,0,0,0,0,1,9,2010,1,18.0,1.0,0,1.0,1,0,3,  ,0,0.0,0,1,0,0,0,0,1,0,0,1,0,0,0,0,0,0,0
13137,2010089353,1830.0,1824.0,49,49221,40.9656,-76.8567,0,0,0,0,0,0,4,9,2010,5,18.0,1.0,0,1.0,1,1,3,  ,3,3.0,0,0,1,0,0,0,0,0,0,0,0,0,0,0,0,0,0
13138,2010089632,1904.0,1904.0,36,36408,40.1774,-76.1709,0,0,0,0,0,0,4,9,2010,4,19.0,1.0,0,1.0,2,1,3,  ,3,3.0,0,0,1,0,0,0,0,0,0,0,0,0,0,0,0,0,0
13139,2010089817,1512.0,1511.0,40,40301,40.9549,-75.971,0,0,0,0,1,0,4,7,2010,4,15.0,1.0,0,1.0,2,2,3,  ,0,0.0,0,0,1,0,0,1,0,0,0,0,0,0,0,0,0,1,0
13140,2010089832,850.0,848.0,9,9415,40.4375,-75.3438,0,0,0,1,0,0,8,9,2010,2,8.0,1.0,0,1.0,2,1,3,  ,2,1.0,0,0,0,0,1,0,0,0,0,0,0,0,0,0,0,0,0
13141,2010089835,1007.0,1006.0,38,38101,40.3306,-76.516,0,0,0,0,0,0,4,9,2010,4,10.0,1.0,0,1.0,2,2,3,  ,3,3.0,1,0,1,0,0,0,0,0,0,0,0,0,0,0,0,0,0
13142,2010089961,1932.0,1931.0,9,9101,40.1266,-74.882,0,0,0,0,0,1,4,9,2010,2,19.0,3.0,7,1.0,3,0,3,  ,3,3.0,1,0,1,0,0,0,0,0,0,0,0,0,0,0,0,0,0
13143,2010090045,2030.0,2005.0,59,59210,41.0323,-76.8662,0,0,0,0,0,0,5,9,2010,2,20.0,2.0,0,1.0,2,0,3,  ,0,0.0,1,0,0,0,0,0,0,0,0,0,0,0,0,0,0,0,0
13144,2010090107,1451.0,1416.0,67,67301,40.085,-75.0364,0,0,0,0,0,0,4,8,2010,7,14.0,1.0,7,1.0,3,0,3,  ,0,0.0,1,0,1,0,0,0,0,0,0,0,0,0,0,0,0,0,0
13145,2010090147,842.0,834.0,14,14206,40.8074,-77.8921,0,0,0,0,1,0,4,9,2010,3,8.0,1.0,7,1.0,1,0,3,  ,0,0.0,1,0,1,0,0,0,0,0,0,0,0,0,0,0,0,0,0
13146,2010090164,1959.0,1956.0,64,64301,40.5793,-79.7686,0,0,0,0,0,0,4,9,2010,2,19.0,3.0,0,1.0,3,0,3,  ,0,0.0,0,0,1,0,0,0,0,0,0,0,0,0,0,0,0,0,0
13147,2010090223,1604.0,1559.0,35,35302,41.4043,-75.6485,0,0,0,0,0,0,4,9,2010,2,15.0,1.0,0,1.0,3,1,3,  ,3,3.0,0,0,1,0,0,0,0,0,0,0,0,0,0,0,0,0,0
13148,2010090340,1756.0,1747.0,39,39104,40.5194,-75.5676,0,0,0,0,0,0,4,9,2010,6,17.0,1.0,7,1.0,3,2,3,  ,3,3.0,1,0,1,0,0,0,0,0,0,0,0,0,0,0,0,0,0
13149,2010090409,1950.0,1945.0,36,36239,40.0681,-76.4588,0,0,0,0,0,0,5,9,2010,3,19.0,4.0,7,1.0,3,0,3,  ,0,0.0,0,0,0,0,0,0,0,0,0,0,0,0,0,0,0,0,1
13150,2010090434,1815.0,1805.0,64,64435,40.2428,-79.5759,0,1,0,0,0,0,4,9,2010,2,18.0,1.0,0,1.0,3,1,3,  ,3,3.0,1,0,1,0,0,0,0,0,0,0,0,0,0,0,0,0,0
13151,2010090505,1845.0,1852.0,9,9217,40.5118,-75.1936,0,0,0,0,0,0,4,9,2010,3,18.0,1.0,0,1.0,1,2,3,  ,3,3.0,1,0,1,0,0,0,0,0,0,0,0,0,0,0,0,0,0
13152,2010090568,1418.0,1418.0,23,23301,39.8583,-75.3617,0,0,0,0,0,0,4,9,2010,4,14.0,1.0,0,1.0,3,1,3,  ,2,3.0,0,0,1,0,0,0,0,0,0,0,0,0,0,0,0,0,0
13153,2010090634,1700.0,1629.0,3,3206,40.8002,-79.3367,0,0,0,0,0,0,8,9,2010,5,16.0,1.0,0,8.0,1,0,7,  ,0,0.0,0,0,0,0,0,0,0,0,0,0,0,0,0,0,0,0,0
13154,2010090853,806.0,801.0,14,14410,40.7716,-77.8641,0,0,0,0,0,0,4,9,2010,5,8.0,1.0,0,1.0,3,2,3,  ,3,3.0,0,0,1,0,0,0,0,0,0,0,0,0,0,0,0,0,0
13155,2010090861,828.0,824.0,2,2301,40.4358,-79.9664,0,0,0,0,0,0,1,9,2010,5,8.0,1.0,0,1.0,3,3,3,  ,0,0.0,1,0,0,0,0,0,0,0,0,0,0,0,0,0,0,0,1
13156,2010090871,1454.0,1450.0,21,21407,40.2293,-76.8715,0,0,0,0,0,0,4,9,2010,4,14.0,1.0,0,1.0,3,1,3,  ,0,0.0,0,0,1,0,0,0,0,0,0,0,0,0,0,0,0,0,0
13157,2010090895,1237.0,1235.0,46,46416,40.2464,-75.6474,0,0,0,0,0,0,4,9,2010,6,12.0,1.0,0,1.0,2,1,3,  ,2,3.0,0,0,1,0,0,1,0,0,0,0,0,0,0,0,0,1,0
13158,2010091034,2117.0,2114.0,35,35302,41.4067,-75.665,0,0,0,0,0,1,4,9,2010,5,21.0,3.0,0,1.0,3,1,3,  ,2,3.0,0,0,1,0,0,0,0,0,0,0,0,0,0,0,0,0,0
13159,2010091098,9999.0,9999.0,67,67301,39.9918,-75.1627,0,0,0,0,0,0,4,8,2010,7,17.0,1.0,0,1.0,3,2,3,  ,3,3.0,0,0,1,0,0,0,0,0,0,0,0,0,0,0,0,0,0
13160,2010091110,1654.0,1641.0,6,6301,40.3368,-75.9161,0,0,0,0,1,0,5,8,2010,7,15.0,1.0,0,1.0,3,1,3,  ,2,3.0,0,0,0,0,0,0,0,0,0,0,0,0,0,0,0,0,0
13161,2010091130,1854.0,1853.0,67,67301,40.08,-74.9973,0,0,0,0,0,1,4,8,2010,4,18.0,1.0,0,1.0,3,2,3,  ,2,3.0,0,0,1,0,0,0,0,0,0,0,0,0,0,0,0,0,0
13162,2010091169,2054.0,2053.0,25,25302,42.1151,-80.065,0,0,0,0,0,1,4,8,2010,5,20.0,3.0,0,1.0,3,1,3,  ,2,3.0,0,0,1,0,0,0,0,0,0,0,0,0,0,0,0,0,0
13163,2010091173,1236.0,1234.0,25,25302,42.1363,-80.0567,0,0,0,0,0,0,8,8,2010,5,12.0,1.0,0,1.0,3,2,3,  ,3,3.0,0,0,0,0,0,0,0,0,0,0,0,0,0,0,0,0,0
13164,2010091259,1538.0,1536.0,67,67301,40.0072,-75.1478,0,0,0,0,0,0,4,8,2010,6,15.0,1.0,0,1.0,3,0,3,  ,0,0.0,0,0,1,0,0,0,0,0,0,0,0,0,0,0,0,0,0
13165,2010091268,1710.0,1706.0,67,67301,39.9468,-75.1636,0,0,0,0,0,0,4,8,2010,2,17.0,1.0,0,1.0,3,2,3,  ,3,3.0,0,0,1,0,0,0,0,0,0,0,0,0,0,0,0,0,0
13166,2010091371,1345.0,1342.0,9,9226,40.2014,-75.0493,0,0,0,0,1,0,4,9,2010,3,13.0,1.0,7,1.0,3,2,3,  ,2,3.0,0,0,1,0,0,0,0,0,0,0,0,0,0,0,0,0,1
13167,2010091467,1815.0,1814.0,25,25302,42.115,-80.0709,0,0,0,0,0,1,8,8,2010,6,16.0,1.0,0,1.0,3,1,3,  ,3,3.0,0,0,0,0,0,0,0,0,0,0,0,0,0,0,0,0,0
13168,2010091485,1740.0,1732.0,67,67301,40.0889,-75.0207,0,0,0,0,0,0,4,7,2010,6,17.0,1.0,0,1.0,3,2,3,  ,2,3.0,1,0,1,0,0,0,0,0,0,0,0,1,0,0,0,0,0
13169,2010091602,1017.0,1015.0,9,9101,40.0941,-74.9058,0,0,0,0,0,0,2,9,2010,7,10.0,1.0,7,1.0,3,0,3,  ,0,0.0,0,1,0,0,0,0,0,0,0,0,0,0,0,0,0,1,0
13170,2010091627,1612.0,1609.0,36,36218,40.1689,-76.2012,0,0,0,0,0,0,4,9,2010,6,16.0,1.0,7,1.0,1,2,3,  ,3,3.0,1,0,1,0,0,0,0,0,0,0,0,0,0,0,0,0,0
13171,2010091696,1838.0,1834.0,36,36406,40.1056,-76.3488,0,0,0,0,0,0,5,9,2010,7,18.0,1.0,0,1.0,3,0,3,  ,0,0.0,0,0,0,0,0,0,0,0,0,0,0,0,0,0,0,0,0
13172,2010091779,1032.0,1028.0,46,46416,40.2447,-75.6428,0,0,0,0,0,0,5,9,2010,3,10.0,1.0,0,1.0,2,0,3,  ,0,0.0,0,0,0,0,0,0,0,0,0,0,0,0,0,0,0,0,0
13173,2010091783,1134.0,1132.0,2,2116,40.541,-80.036,0,0,0,0,0,0,4,9,2010,1,11.0,1.0,0,1.0,3,1,3,  ,2,3.0,1,0,1,0,0,0,0,0,0,0,0,1,0,0,0,0,0
13174,2010091811,1406.0,1405.0,46,46103,40.2761,-75.3145,0,0,0,0,0,0,4,9,2010,1,14.0,1.0,0,1.0,3,2,3,  ,3,3.0,1,0,1,0,0,0,0,0,0,0,0,0,0,0,0,1,0
13175,2010091935,1549.0,1545.0,66,66427,39.875,-76.8665,0,0,0,0,0,1,4,9,2010,6,15.0,1.0,0,1.0,1,0,3,  ,0,0.0,0,0,1,0,0,0,0,0,0,0,0,0,0,0,0,0,0
13176,2010091965,1738.0,1714.0,5,5405,39.8202,-78.7222,0,0,0,0,0,1,4,8,2010,3,17.0,1.0,0,1.0,1,2,3,  ,0,0.0,0,0,1,0,0,0,0,0,0,0,0,0,0,0,0,0,0
13177,2010092029,1821.0,1820.0,17,17301,41.1191,-78.7611,0,0,0,0,0,0,4,9,2010,3,18.0,1.0,0,1.0,2,1,3,  ,2,3.0,0,0,1,0,0,0,0,0,0,0,0,0,0,0,0,0,0
13178,2010092098,1648.0,1647.0,40,40301,40.9615,-75.9799,0,0,0,0,0,0,4,9,2010,6,16.0,1.0,0,1.0,2,1,3,  ,3,3.0,0,0,1,0,0,0,0,0,0,0,0,0,0,0,0,0,0
13179,2010092157,1929.0,1927.0,10,10301,40.8609,-79.8893,0,0,0,0,1,0,4,9,2010,6,19.0,3.0,7,1.0,2,2,3,  ,0,0.0,0,0,1,0,0,0,0,0,0,0,0,0,0,0,0,0,1
13180,2010092164,1605.0,1556.0,18,18301,41.1384,-77.4468,0,0,0,0,0,0,8,9,2010,2,15.0,1.0,0,9.0,2,2,7,  ,0,0.0,0,0,0,0,0,0,0,0,0,0,0,0,0,0,0,0,0
13181,2010092337,1005.0,959.0,9,9202,40.1234,-74.927,0,0,0,0,0,0,4,9,2010,7,9.0,1.0,7,1.0,3,0,3,  ,0,0.0,1,0,1,0,0,0,0,0,0,0,0,0,0,0,0,1,0
13182,2010092485,2136.0,2135.0,9,9401,40.1023,-74.8494,0,0,0,0,0,0,4,8,2010,2,21.0,3.0,0,1.0,3,1,3,  ,2,3.0,0,0,1,0,0,0,0,0,0,0,0,0,0,0,0,0,0
13183,2010092599,1417.0,1416.0,2,2301,40.4384,-80.002,0,1,0,0,0,0,2,9,2010,3,14.0,1.0,0,1.0,3,1,3,  ,2,3.0,1,0,0,0,0,0,0,0,0,0,0,0,0,0,0,0,0
13184,2010092866,905.0,902.0,35,35302,41.4315,-75.664,0,0,0,0,0,0,4,9,2010,2,9.0,1.0,7,1.0,3,0,3,  ,0,0.0,1,0,1,0,0,0,0,0,0,0,0,0,0,0,0,0,0
13185,2010092977,1526.0,1521.0,7,7301,40.5142,-78.4056,0,0,0,0,0,1,4,9,2010,4,15.0,1.0,0,1.0,3,1,3,  ,0,0.0,0,0,1,0,0,0,0,0,0,0,0,0,0,0,0,0,0
13186,2010092995,1807.0,1805.0,15,15301,39.9869,-75.8113,0,0,0,0,0,0,8,9,2010,7,18.0,1.0,0,1.0,3,1,3,  ,0,0.0,0,0,0,0,0,1,0,0,0,0,0,0,0,0,0,0,0
13187,2010093098,1850.0,1847.0,36,36101,40.0643,-76.2879,0,0,0,0,1,0,4,9,2010,4,18.0,1.0,0,1.0,3,2,3,  ,0,0.0,0,0,1,0,0,0,0,0,0,0,0,0,0,0,0,0,0
13188,2010093301,937.0,935.0,2,2301,40.4615,-79.9688,0,0,0,0,0,1,4,9,2010,5,9.0,1.0,0,9.0,3,1,7,  ,3,3.0,1,0,1,0,0,0,0,0,0,0,0,0,0,0,0,0,0
13189,2010093314,1948.0,1948.0,67,67301,39.9695,-75.2505,0,0,0,0,0,0,4,8,2010,5,19.0,1.0,0,1.0,3,1,3,  ,3,3.0,0,0,1,0,0,0,0,0,0,0,0,0,0,0,0,0,0
13190,2010093503,1646.0,1640.0,66,66402,39.8999,-76.6446,0,0,0,0,0,0,4,9,2010,4,16.0,1.0,0,1.0,3,1,3,  ,3,3.0,0,0,1,0,0,0,0,0,0,0,0,0,0,0,0,0,1
13191,2010093683,1540.0,1532.0,67,67301,39.9689,-75.1599,0,0,0,0,0,0,4,8,2010,6,15.0,1.0,0,1.0,3,1,3,  ,3,3.0,1,0,1,0,0,0,0,0,0,0,1,0,0,0,0,0,0
13192,2010093702,1455.0,1444.0,67,67301,40.0369,-75.2376,1,0,0,0,0,0,4,8,2010,7,13.0,1.0,0,1.0,3,0,3,  ,0,0.0,0,0,1,0,0,0,0,0,0,0,0,0,0,0,0,0,0
13193,2010093717,2005.0,1959.0,67,67301,39.9806,-75.2046,0,0,0,0,0,0,1,9,2010,5,19.0,3.0,0,1.0,3,0,3,  ,0,0.0,0,0,0,0,0,0,0,0,0,0,0,0,0,0,0,0,0
13194,2010093727,1530.0,1521.0,67,67301,40.0368,-75.0692,0,0,0,0,0,1,4,8,2010,6,15.0,1.0,0,1.0,3,2,3,  ,3,3.0,0,0,1,0,0,0,0,0,0,0,0,0,0,0,0,1,0
13195,2010093844,1630.0,1624.0,66,66301,39.958,-76.7445,0,0,0,0,0,0,4,10,2010,6,16.0,1.0,0,9.0,3,2,3,  ,0,0.0,0,0,1,0,0,0,0,0,0,0,0,0,0,0,0,0,0
13196,2010093848,1517.0,1514.0,49,49302,40.861,-76.7904,0,0,0,0,0,0,1,10,2010,6,15.0,1.0,0,1.0,2,0,3,  ,0,0.0,0,1,0,0,0,0,0,0,0,0,0,0,0,0,0,0,0
13197,2010093857,1534.0,1529.0,49,49302,40.8644,-76.7894,0,0,0,0,0,0,4,10,2010,6,15.0,1.0,0,1.0,2,2,3,  ,3,9.0,0,0,1,0,0,0,0,0,0,0,0,0,0,0,0,0,0
13198,2010093906,1855.0,1853.0,46,46409,40.2781,-75.2972,0,0,0,0,0,1,4,10,2010,6,18.0,3.0,0,1.0,3,2,3,  ,0,0.0,0,0,1,0,0,0,0,0,0,0,0,0,0,0,0,0,0
13199,2010094084,2116.0,2116.0,67,67301,39.9797,-75.1659,0,0,0,0,0,0,4,8,2010,3,20.0,1.0,0,1.0,3,1,3,  ,2,3.0,0,0,1,0,0,0,0,0,0,0,0,0,0,0,0,0,0
13200,2010094099,1450.0,1446.0,67,67301,39.9808,-75.174,0,0,0,0,0,0,4,8,2010,7,14.0,1.0,0,1.0,3,1,3,  ,2,3.0,0,0,1,0,0,0,0,0,0,0,0,0,0,0,0,0,0
13201,2010094100,1944.0,1940.0,67,67301,39.9717,-75.1611,0,0,0,0,0,0,5,9,2010,5,19.0,3.0,0,1.0,3,1,3,  ,2,3.0,1,0,0,0,0,0,0,0,0,0,0,0,0,0,0,0,0
13202,2010094108,1359.0,1357.0,67,67301,39.9362,-75.1617,0,0,0,0,0,0,5,8,2010,4,13.0,1.0,0,1.0,3,0,3,  ,0,0.0,0,0,0,0,0,0,0,0,0,0,0,0,0,0,0,0,0
13203,2010094116,1300.0,1300.0,67,67301,39.9795,-75.1642,0,0,0,0,0,0,4,8,2010,3,13.0,1.0,0,1.0,3,2,3,  ,2,3.0,0,1,1,0,0,0,0,0,0,0,0,0,0,0,0,0,0
13204,2010094128,2150.0,2148.0,67,67301,39.9666,-75.1604,0,0,0,0,0,0,4,8,2010,3,21.0,3.0,0,1.0,3,1,3,  ,2,3.0,1,0,1,0,0,0,0,0,0,0,0,0,0,0,0,0,0
13205,2010094145,1400.0,1330.0,67,67301,40.0194,-75.1161,0,0,0,0,0,0,4,6,2010,6,13.0,1.0,0,1.0,3,0,99,  ,0,0.0,0,0,1,0,0,0,0,0,0,0,0,0,0,0,0,0,0
13206,2010094146,2059.0,2059.0,67,67301,39.986,-75.1541,0,0,0,0,0,0,4,9,2010,1,20.0,3.0,0,1.0,3,2,3,  ,2,3.0,1,0,1,0,0,0,0,0,0,0,0,1,0,0,0,0,0