,CRN,ARRIVAL_TM,DISPATCH_TM,COUNTY,MUNICIPALITY,DEC_LAT,DEC_LONG,BICYCLE_DEATH_COUNT,BICYCLE_SUSP_SERIOUS_INJ_COUNT,BUS_COUNT,HEAVY_TRUCK_COUNT,SMALL_TRUCK_COUNT,SUV_COUNT,COLLISION_TYPE,CRASH_MONTH,CRASH_YEAR,DAY_OF_WEEK,HOUR_OF_DAY,ILLUMINATION,LOCATION_TYPE,ROAD_CONDITION,URBAN_RURAL,INTERSECT_TYPE,WEATHER1,WEATHER2,TCD_TYPE,TCD_FUNC_CD,AGGRESSIVE_DRIVING,ALCOHOL_RELATED,ANGLE_CRASH,CELL_PHONE,COMM_VEHICLE,DISTRACTED,DRINKING_DRIVER,DRUGGED_DRIVER,FATIGUE_ASLEEP,IMPAIRED_DRIVER,NHTSA_AGG_DRIVING,RUNNING_RED_LT,RUNNING_STOP_SIGN,SPEEDING_RELATED,TAILGATING,MATURE_DRIVER,YOUNG_DRIVER
13207,2010094152,1645.0,1640.0,67,67301,40.0275,-75.0624,0,0,0,0,0,1,5,9,2010,5,16.0,1.0,0,1.0,3,1,3,  ,0,0.0,0,0,0,0,0,0,0,0,0,0,0,0,0,0,0,0,0
13208,2010094159,1010.0,1008.0,67,67301,39.9153,-75.1598,0,0,1,0,0,0,4,8,2010,1,10.0,1.0,0,1.0,3,1,3,  ,2,3.0,0,0,1,0,1,0,0,0,0,0,0,0,0,0,0,0,0
13209,2010094173,1250.0,1240.0,67,67301,40.0731,-75.0475,0,0,0,0,0,0,4,8,2010,5,12.0,1.0,0,1.0,3,0,3,  ,0,0.0,1,0,1,0,0,0,0,0,0,0,0,0,0,0,0,1,0
13210,2010094175,1422.0,1420.0,67,67301,39.999,-75.1332,0,0,0,0,0,0,4,8,2010,5,14.0,1.0,0,1.0,3,1,3,  ,2,3.0,0,0,1,0,0,0,0,0,0,0,0,0,0,0,0,0,1
13211,2010094184,2207.0,2207.0,67,67301,39.9514,-75.1991,0,0,0,0,0,0,4,9,2010,7,22.0,3.0,0,1.0,3,1,3,  ,2,3.0,1,0,1,0,0,0,0,0,0,0,0,0,0,0,0,0,0
13212,2010094191,1415.0,1415.0,67,67301,40.0186,-75.1831,0,0,0,0,0,1,4,8,2010,6,14.0,1.0,0,1.0,3,1,3,  ,3,3.0,0,0,1,0,0,1,0,0,0,0,0,0,0,0,0,0,0
13213,2010094192,833.0,821.0,67,67301,39.9636,-75.171,0,0,0,0,1,0,4,9,2010,4,8.0,1.0,0,1.0,3,1,3,  ,2,3.0,0,0,1,0,0,0,0,0,0,0,0,0,0,0,0,0,0
13214,2010094198,1954.0,1949.0,67,67301,39.96,-75.2371,0,0,0,0,0,0,4,8,2010,3,19.0,4.0,0,9.0,3,1,7,  ,2,3.0,0,0,1,0,0,0,0,0,0,0,0,0,0,0,0,0,0
13215,2010094200,1552.0,1550.0,67,67301,39.9239,-75.1568,0,0,0,0,0,0,4,8,2010,4,15.0,1.0,0,1.0,3,0,3,  ,0,0.0,0,0,1,0,0,0,0,0,0,0,0,0,0,0,0,1,0
13216,2010094214,1530.0,1525.0,67,67301,39.9883,-75.1355,0,0,0,0,0,0,4,8,2010,1,15.0,1.0,0,9.0,3,1,7,  ,2,3.0,0,0,1,0,0,0,0,0,0,0,0,0,0,0,0,0,1
13217,2010094225,9999.0,9999.0,67,67301,39.9762,-75.1497,0,0,0,0,0,0,4,8,2010,2,18.0,4.0,0,1.0,3,1,3,  ,9,9.0,0,0,1,0,0,0,0,0,0,0,0,0,0,0,0,0,0
13218,2010094227,315.0,9999.0,67,67301,39.9603,-75.1415,0,0,0,0,0,0,1,9,2010,1,3.0,3.0,0,1.0,3,0,3,  ,0,0.0,0,0,0,0,0,0,0,0,0,0,0,0,0,0,0,0,0
13219,2010094236,1955.0,1955.0,67,67301,39.9724,-75.2436,0,0,0,0,0,0,4,8,2010,3,19.0,4.0,0,9.0,3,2,3,  ,0,0.0,0,0,1,0,0,0,0,0,0,0,0,0,0,0,0,1,0
13220,2010094251,1727.0,1727.0,67,67301,39.9374,-75.163,0,0,0,0,0,0,4,8,2010,2,17.0,1.0,0,1.0,3,1,3,  ,2,3.0,1,0,1,0,0,0,0,0,0,0,0,1,0,0,0,0,0
13221,2010094254,1946.0,1944.0,67,67301,39.9425,-75.2246,0,0,0,0,0,0,4,8,2010,3,19.0,4.0,0,1.0,3,1,3,  ,3,3.0,0,0,1,0,0,0,0,0,0,0,0,0,0,0,0,0,0
13222,2010094279,2130.0,2126.0,67,67301,39.9953,-75.2314,0,0,0,0,0,0,4,8,2010,2,99.0,3.0,0,1.0,3,1,3,  ,3,3.0,0,0,1,0,0,0,0,0,0,0,0,0,0,0,0,0,0
13223,2010094282,1310.0,1308.0,67,67301,40.0196,-75.2107,0,0,0,0,0,0,5,8,2010,7,13.0,1.0,0,1.0,3,0,3,  ,0,0.0,0,0,0,0,0,0,0,0,0,0,0,0,0,0,0,0,0
13224,2010094283,1322.0,1322.0,67,67301,40.0269,-75.2272,0,0,0,1,0,0,4,8,2010,7,12.0,1.0,0,1.0,3,1,3,  ,0,0.0,1,0,1,0,1,0,0,0,0,0,0,0,0,0,0,0,0
13225,2010094296,1855.0,1849.0,67,67301,39.9973,-75.1038,0,0,0,0,0,0,5,9,2010,5,18.0,1.0,0,1.0,3,0,3,  ,0,0.0,0,0,0,0,0,0,0,0,0,0,0,0,0,0,0,0,0
13226,2010094300,1053.0,1051.0,67,67301,39.9365,-75.172,0,0,0,0,0,0,4,8,2010,4,10.0,1.0,0,1.0,3,1,3,  ,3,3.0,1,0,1,0,0,0,0,0,0,0,0,0,1,0,0,1,0
13227,2010094306,2023.0,2022.0,67,67301,39.9301,-75.1852,0,0,0,0,0,0,4,8,2010,1,20.0,3.0,0,1.0,3,1,3,  ,3,3.0,0,0,1,0,0,0,0,0,0,0,0,0,0,0,0,0,0
13228,2010094310,1853.0,1846.0,67,67301,40.0325,-75.1557,0,0,0,0,0,0,4,8,2010,2,99.0,1.0,0,1.0,3,0,3,  ,0,0.0,0,0,1,0,0,0,0,0,0,0,0,0,0,0,0,0,0
13229,2010094481,1648.0,1630.0,2,2301,40.4593,-80.0777,0,0,0,0,0,0,4,10,2010,7,16.0,1.0,0,1.0,3,1,3,  ,3,3.0,1,0,1,0,0,0,0,0,0,0,0,0,0,0,0,1,0
13230,2010094581,1103.0,1059.0,40,40303,41.3279,-75.7886,0,0,0,0,0,0,8,9,2010,1,10.0,1.0,0,1.0,3,0,3,  ,0,0.0,1,0,0,0,0,0,0,0,0,0,0,0,0,0,0,0,0
13231,2010094617,1545.0,1539.0,48,48205,40.7188,-75.2445,0,0,0,0,0,0,2,10,2010,1,15.0,1.0,0,1.0,1,2,3,  ,3,3.0,1,0,0,0,0,0,0,0,0,0,0,0,0,0,0,0,0
13232,2010094758,1930.0,1924.0,2,2301,40.4662,-79.9122,0,0,0,0,0,0,4,10,2010,1,19.0,3.0,0,9.0,3,1,7,  ,3,3.0,0,0,1,0,0,0,0,0,0,0,0,0,0,0,0,0,0
13233,2010094762,947.0,940.0,6,6237,40.3278,-75.9826,0,0,0,0,0,1,4,9,2010,3,9.0,1.0,3,1.0,3,0,3,  ,0,0.0,0,0,1,0,0,0,0,0,0,0,0,0,0,0,0,0,0
13234,2010095083,1338.0,1317.0,38,38204,40.2993,-76.3051,0,0,0,0,0,1,4,9,2010,2,13.0,1.0,7,1.0,1,1,3,  ,9,9.0,0,0,1,0,0,0,0,0,0,0,0,0,0,0,0,0,0
13235,2010095284,2031.0,2027.0,66,66417,39.8599,-76.7047,0,0,0,0,0,0,5,9,2010,7,20.0,2.0,0,1.0,3,0,3,  ,0,0.0,0,0,0,0,0,0,0,0,0,0,0,0,0,0,0,1,0
13236,2010095508,1221.0,1217.0,43,43404,41.1649,-80.1008,0,0,0,0,0,0,4,9,2010,2,12.0,1.0,0,1.0,2,3,3,  ,0,0.0,1,0,1,0,0,1,0,0,0,0,0,0,0,0,0,0,0
13237,2010095615,1932.0,1928.0,9,9101,40.1204,-74.8884,0,0,0,0,0,1,1,10,2010,3,19.0,3.0,0,9.0,3,0,3,  ,0,0.0,0,0,0,0,0,0,0,0,0,0,0,0,0,0,0,0,0
13238,2010095659,1826.0,1826.0,23,23301,39.8441,-75.3618,0,0,0,0,1,0,4,10,2010,2,16.0,4.0,0,9.0,3,1,7,  ,2,3.0,0,0,1,0,0,0,0,0,0,0,0,0,0,0,0,0,0
13239,2010095680,2348.0,2345.0,61,61301,41.8501,-79.1428,0,0,0,0,0,0,7,10,2010,1,23.0,3.0,0,1.0,2,1,3,  ,0,0.0,0,0,0,0,0,0,0,0,0,0,0,0,0,0,0,0,0
13240,2010095899,1536.0,1536.0,23,23111,39.9603,-75.2838,0,0,0,0,0,0,4,10,2010,4,15.0,1.0,0,1.0,3,2,3,  ,3,3.0,1,0,1,0,0,0,0,0,0,0,0,0,0,0,0,0,0
13241,2010096275,723.0,717.0,36,36101,40.1063,-76.3218,0,0,0,0,0,0,4,10,2010,5,7.0,1.0,0,1.0,3,1,3,  ,3,3.0,0,0,1,0,0,0,0,0,0,0,0,0,0,0,0,0,0
13242,2010096311,1053.0,1043.0,39,39102,40.6785,-75.5281,0,0,0,0,0,0,8,9,2010,7,10.0,1.0,0,1.0,3,0,3,  ,0,0.0,0,0,0,0,0,0,0,0,0,0,0,0,0,0,0,0,1
13243,2010096482,1531.0,1531.0,67,67301,39.9652,-75.2027,0,0,0,0,0,0,4,9,2010,7,14.0,1.0,0,1.0,3,1,3,  ,3,3.0,0,0,1,0,0,0,0,0,0,0,0,0,0,0,0,0,0
13244,2010096493,2220.0,2201.0,67,67301,39.9426,-75.1723,0,1,0,0,0,0,4,8,2010,4,6.0,5.0,0,1.0,3,1,3,  ,3,3.0,1,0,1,0,0,0,0,0,0,0,0,0,0,0,0,0,0
13245,2010096499,1410.0,1359.0,67,67301,40.0572,-75.0012,0,0,0,0,0,1,4,8,2010,1,13.0,1.0,0,1.0,3,1,3,  ,2,3.0,1,0,1,0,0,0,0,0,0,0,0,0,0,0,0,0,0
13246,2010096510,1745.0,1742.0,60,60207,41.3753,-79.8967,0,1,0,0,0,0,1,10,2010,5,17.0,4.0,0,6.0,1,0,99,  ,0,0.0,0,0,0,0,0,0,0,0,0,0,0,0,0,0,0,0,0
13247,2010096525,1826.0,1826.0,23,23423,39.9117,-75.2634,0,0,0,0,1,0,4,10,2010,5,18.0,1.0,0,1.0,3,1,3,  ,3,3.0,0,0,1,0,0,0,0,0,0,0,0,0,0,0,0,0,0
13248,2010096561,233.0,233.0,25,25407,42.0014,-80.3207,0,0,0,0,0,0,5,9,2010,7,2.0,3.0,0,1.0,1,3,3,  ,0,0.0,0,1,0,0,0,0,1,0,0,1,0,0,0,0,0,0,0
13249,2010096606,2116.0,2104.0,62,62204,40.2038,-80.3124,0,0,0,0,0,0,4,9,2010,5,20.0,2.0,7,1.0,3,0,3,  ,0,0.0,0,0,1,0,0,0,0,0,0,0,0,0,0,0,0,1,0
13250,2010096758,1410.0,1409.0,39,39301,40.5759,-75.4518,0,0,0,0,0,1,4,9,2010,3,14.0,1.0,0,1.0,3,1,3,  ,3,3.0,1,0,1,0,0,0,0,0,0,0,0,0,1,0,0,1,0
13251,2010096788,1519.0,1517.0,39,39301,40.5825,-75.4643,0,0,0,0,0,1,4,8,2010,7,15.0,1.0,7,1.0,3,0,3,  ,0,0.0,0,0,1,0,0,0,0,0,0,0,0,0,0,0,0,0,0
13252,2010096797,1245.0,1244.0,39,39301,40.6136,-75.4699,0,0,0,0,0,0,4,8,2010,4,12.0,1.0,0,1.0,3,1,3,  ,2,3.0,0,0,1,0,0,0,0,0,0,0,0,0,0,0,0,0,0
13253,2010096818,1259.0,1253.0,39,39301,40.6018,-75.4947,0,0,0,0,0,0,4,8,2010,2,10.0,1.0,0,1.0,3,0,3,  ,0,0.0,0,0,1,0,0,0,0,0,0,0,0,0,0,0,0,0,0
13254,2010096835,1234.0,1232.0,25,25302,42.1137,-80.0964,0,0,0,0,0,1,2,8,2010,3,12.0,1.0,0,1.0,3,0,3,  ,0,0.0,0,0,0,0,0,1,0,0,0,0,0,0,0,0,0,0,0
13255,2010096849,1533.0,1529.0,39,39301,40.6106,-75.4714,0,0,0,0,0,0,4,8,2010,2,15.0,1.0,0,1.0,3,2,3,  ,0,0.0,0,0,1,0,0,0,0,0,0,0,0,0,0,0,0,0,0
13256,2010096866,1524.0,1521.0,25,25213,42.0803,-80.1257,0,1,0,0,1,0,4,9,2010,2,15.0,1.0,0,1.0,3,1,3,  ,2,3.0,0,0,1,0,0,0,0,0,0,0,0,0,0,0,0,0,0
13257,2010096917,1840.0,1837.0,6,6301,40.337,-75.9347,0,0,0,0,0,0,1,9,2010,3,15.0,1.0,0,1.0,3,2,3,  ,3,3.0,1,0,0,0,0,0,0,0,0,0,0,0,1,1,0,0,0
13258,2010096999,1708.0,1706.0,46,46413,40.1261,-75.3312,0,0,0,0,0,0,4,9,2010,3,17.0,1.0,0,1.0,3,1,3,  ,3,3.0,0,0,1,0,0,0,0,0,0,0,0,0,0,0,0,0,0
13259,2010097013,1846.0,1841.0,25,25302,42.1201,-80.0485,0,0,0,0,0,0,4,8,2010,2,18.0,1.0,0,1.0,3,1,3,  ,3,3.0,0,0,1,0,0,0,0,0,0,0,0,0,0,0,0,0,0
13260,2010097020,1246.0,1246.0,25,25302,42.1233,-80.0704,0,0,0,0,0,0,4,8,2010,5,12.0,1.0,0,1.0,3,1,3,  ,3,3.0,0,0,1,0,0,0,0,0,0,0,0,0,0,0,0,0,0
13261,2010097023,727.0,726.0,25,25302,42.1316,-80.0589,0,0,0,0,0,1,4,8,2010,3,7.0,1.0,0,1.0,3,1,3,  ,2,3.0,0,0,1,0,0,0,0,0,0,0,0,0,0,0,0,0,0
13262,2010097028,1355.0,1351.0,25,25302,42.1253,-80.0931,0,0,0,0,0,1,4,8,2010,2,13.0,1.0,0,1.0,3,1,3,  ,3,3.0,0,0,1,0,0,0,0,0,0,0,0,0,0,0,0,0,0
13263,2010097101,1803.0,1758.0,6,6301,40.3383,-75.9171,0,0,0,0,0,0,4,9,2010,2,17.0,1.0,0,1.0,3,1,3,  ,0,0.0,0,0,1,0,0,0,0,0,0,0,0,0,0,0,0,0,1
13264,2010097221,1440.0,1431.0,44,44403,40.5936,-77.5923,0,0,0,1,0,0,4,10,2010,6,14.0,1.0,0,1.0,2,1,3,  ,3,3.0,0,0,1,0,1,0,0,0,0,0,0,0,0,0,0,0,0
13265,2010097228,1658.0,1656.0,9,9218,40.2078,-74.9643,0,0,0,0,0,0,4,10,2010,6,16.0,1.0,0,1.0,3,2,3,  ,0,0.0,1,0,1,0,0,0,0,0,0,0,0,0,0,0,0,0,0
13266,2010097240,1414.0,1412.0,46,46208,40.1297,-75.4067,0,1,0,0,0,1,4,10,2010,6,99.0,1.0,0,1.0,3,0,3,  ,3,3.0,0,1,1,0,0,0,0,0,0,0,0,0,0,0,0,0,1
13267,2010097449,2208.0,2207.0,39,39102,40.6512,-75.5011,0,0,0,0,0,0,4,10,2010,6,22.0,3.0,0,1.0,3,1,3,  ,2,3.0,0,0,1,0,0,0,0,0,0,0,0,0,0,0,0,0,0
13268,2010097708,1154.0,1149.0,66,66402,39.8935,-76.6456,0,0,0,0,0,0,4,10,2010,1,11.0,1.0,0,1.0,3,3,3,  ,3,3.0,1,0,1,0,0,0,0,0,0,0,0,0,0,0,0,0,0
13269,2010097713,1230.0,1225.0,25,25302,42.1299,-80.0855,0,0,0,0,1,0,4,10,2010,6,12.0,1.0,0,1.0,3,5,3,  ,2,3.0,0,0,1,0,0,0,0,0,0,0,0,0,0,0,0,0,0
13270,2010097726,1218.0,1215.0,2,2109,40.3761,-80.0679,0,0,0,0,0,1,4,10,2010,1,12.0,1.0,7,1.0,3,0,3,  ,0,0.0,0,0,1,0,0,0,0,0,0,0,0,0,0,0,0,0,0
13271,2010097766,1645.0,1644.0,15,15411,40.1343,-75.5123,0,0,0,0,0,0,8,10,2010,1,16.0,1.0,0,1.0,3,1,3,  ,2,3.0,0,0,0,0,0,0,0,0,0,0,0,0,0,0,0,1,0
13272,2010097964,1153.0,1143.0,36,36232,40.0378,-76.0125,0,1,0,0,1,0,5,9,2010,5,11.0,1.0,3,8.0,1,0,7,  ,0,0.0,0,0,0,0,0,0,0,0,0,0,0,0,0,0,0,0,0
13273,2010097996,1938.0,1932.0,22,22301,40.283,-76.8809,0,1,0,0,0,0,4,10,2010,6,19.0,3.0,0,1.0,3,1,3,  ,2,3.0,0,0,1,0,0,0,0,0,0,0,0,0,0,0,0,0,0
13274,2010098042,1638.0,1625.0,9,9219,40.4232,-75.0683,0,0,0,0,1,0,4,9,2010,5,16.0,1.0,7,1.0,1,0,3,  ,0,0.0,1,0,1,0,0,0,0,0,0,0,0,0,0,0,0,0,0
13275,2010098131,1705.0,1702.0,48,48302,40.6875,-75.2092,0,0,0,0,0,0,5,9,2010,5,17.0,1.0,0,9.0,3,0,7,  ,0,0.0,0,0,0,0,0,1,0,0,0,0,0,0,0,0,0,0,0
13276,2010098346,1710.0,1700.0,67,67301,39.9291,-75.2205,1,0,0,1,0,0,4,10,2010,6,15.0,1.0,0,1.0,3,1,3,  ,2,3.0,0,0,1,0,1,0,0,0,0,0,0,0,0,0,0,0,0
13277,2010098767,1920.0,1855.0,35,35207,41.6384,-75.5011,0,0,0,0,0,0,4,8,2010,1,18.0,1.0,7,1.0,1,0,3,  ,0,0.0,0,0,1,0,0,0,0,0,0,0,0,0,0,0,0,0,0
13278,2010098777,553.0,547.0,2,2301,40.43,-79.9988,0,0,0,0,1,0,4,10,2010,4,5.0,3.0,0,1.0,3,2,3,  ,0,0.0,0,0,1,0,0,0,0,0,0,0,0,0,0,0,0,0,0
13279,2010098797,1652.0,1646.0,36,36220,40.0494,-76.3279,0,0,0,0,0,0,4,10,2010,3,16.0,1.0,0,1.0,3,0,3,  ,0,0.0,1,0,1,0,0,1,0,0,0,0,0,0,0,0,0,0,0
13280,2010099041,2002.0,2001.0,46,46109,40.1604,-75.199,0,0,0,0,0,0,1,10,2010,4,20.0,2.0,0,1.0,3,0,3,  ,0,0.0,0,1,0,0,0,0,1,0,0,1,0,0,0,0,0,1,0
13281,2010099132,1807.0,1804.0,38,38301,40.347,-76.3948,0,0,0,0,0,0,4,10,2010,1,18.0,1.0,0,1.0,2,1,98,  ,2,3.0,1,0,1,0,0,0,0,0,0,0,0,0,0,0,0,0,1
13282,2010099337,1355.0,1339.0,52,52206,41.7507,-78.0655,0,1,0,0,0,0,4,10,2010,2,13.0,1.0,0,1.0,1,2,3,  ,0,0.0,0,0,1,0,0,0,0,0,0,0,0,0,0,0,0,1,0
13283,2010099508,1111.0,1108.0,67,67301,39.9865,-75.1579,0,0,0,0,0,0,4,9,2010,7,11.0,1.0,0,1.0,3,1,3,  ,2,3.0,0,0,1,0,0,1,0,0,0,0,0,0,0,0,0,0,0
13284,2010099529,2111.0,2108.0,39,39301,,,0,0,0,0,0,0,4,9,2010,1,21.0,2.0,0,1.0,3,1,3,  ,3,3.0,0,0,1,0,0,0,0,0,0,0,0,0,0,0,0,0,0
13285,2010099577,1040.0,1036.0,67,67301,39.9847,-75.1683,0,0,0,0,0,0,4,8,2010,7,22.0,3.0,0,1.0,3,1,3,  ,3,3.0,0,0,1,0,0,0,0,0,0,0,0,0,0,0,0,0,0
13286,2010099592,1802.0,1801.0,39,39301,40.6115,-75.4811,0,0,0,0,0,0,4,9,2010,1,18.0,1.0,0,1.0,3,1,3,  ,0,0.0,0,0,1,0,0,0,0,0,0,0,0,0,0,0,0,0,0
13287,2010099621,2215.0,2218.0,67,67301,40.0845,-75.0384,0,0,0,0,0,1,2,9,2010,7,99.0,3.0,0,1.0,3,1,3,  ,2,3.0,0,0,0,0,0,0,0,0,0,0,0,0,0,0,0,0,0
13288,2010099623,1708.0,1703.0,67,67301,40.1051,-75.0276,0,0,0,0,1,0,4,9,2010,2,17.0,1.0,0,1.0,3,2,3,  ,3,3.0,0,0,1,0,0,0,0,0,0,0,0,0,0,0,0,0,0
13289,2010099632,1714.0,1714.0,36,36301,40.0421,-76.3134,0,0,0,0,0,0,4,8,2010,6,17.0,1.0,0,1.0,3,1,3,  ,2,3.0,1,0,1,0,0,0,0,0,0,0,0,0,0,0,0,0,0
13290,2010099642,356.0,354.0,67,67301,39.9542,-75.1395,0,0,0,0,0,0,5,9,2010,1,3.0,3.0,0,1.0,3,2,3,  ,2,3.0,0,0,0,0,0,0,0,0,0,0,0,0,0,0,0,0,0
13291,2010099643,2245.0,2225.0,67,67301,39.9932,-75.1492,0,0,0,0,0,0,4,8,2010,3,22.0,3.0,0,1.0,3,2,3,  ,2,3.0,0,0,1,0,0,0,0,0,0,0,0,0,0,0,0,0,0
13292,2010099662,953.0,943.0,67,67301,39.9541,-75.1775,0,0,0,0,0,0,4,8,2010,2,9.0,1.0,0,1.0,3,0,3,  ,0,0.0,1,0,1,0,0,0,0,0,0,0,0,0,0,0,0,0,0
13293,2010099729,1236.0,1234.0,67,67301,40.0214,-75.1485,0,0,0,0,0,0,1,9,2010,7,11.0,1.0,0,1.0,3,1,3,  ,2,3.0,0,0,0,0,0,0,0,0,0,0,0,0,0,0,0,0,0
13294,2010099749,1835.0,1830.0,67,67301,39.9963,-75.1367,0,0,0,0,1,0,1,9,2010,7,18.0,1.0,0,1.0,3,0,3,  ,0,0.0,0,0,0,0,0,0,0,0,0,0,0,0,0,0,0,0,0
13295,2010099760,9999.0,2356.0,67,67301,40.0005,-75.157,0,0,0,0,0,0,4,9,2010,4,23.0,3.0,0,1.0,3,2,3,  ,0,0.0,0,0,1,0,0,0,0,0,0,0,0,0,0,0,0,0,0
13296,2010099775,1645.0,1640.0,67,67301,39.9376,-75.1854,0,0,0,0,0,0,4,9,2010,6,16.0,1.0,0,1.0,3,1,3,  ,3,3.0,0,0,1,0,0,0,0,0,0,0,0,0,0,0,0,0,0
13297,2010099786,640.0,614.0,67,67301,40.0333,-75.0766,0,0,0,0,0,0,4,9,2010,2,6.0,1.0,0,1.0,3,2,3,  ,3,3.0,0,0,1,0,0,1,0,0,0,0,0,0,0,0,0,0,0
13298,2010099804,1407.0,1359.0,67,67301,40.0614,-75.0839,0,0,0,0,0,0,4,9,2010,7,13.0,1.0,0,1.0,3,1,3,  ,2,3.0,0,1,1,0,0,0,0,0,0,0,0,0,0,0,0,0,0
13299,2010099816,2050.0,2045.0,67,67301,40.0331,-75.1812,0,0,0,0,0,0,4,9,2010,5,20.0,3.0,0,1.0,3,1,3,  ,2,3.0,0,0,1,0,0,0,0,0,0,0,0,0,0,0,0,1,0
13300,2010099823,1555.0,1549.0,67,67301,40.05,-75.0837,0,0,1,0,0,0,4,9,2010,6,15.0,1.0,7,1.0,3,0,3,  ,0,0.0,0,0,1,0,1,0,0,0,0,0,0,0,0,0,0,0,0
13301,2010099833,2240.0,2240.0,67,67301,39.9619,-75.2271,0,0,0,0,0,0,4,8,2010,1,22.0,3.0,0,1.0,3,1,3,  ,0,0.0,0,0,1,0,0,0,0,0,0,0,0,0,0,0,0,0,0
13302,2010099886,651.0,650.0,35,35414,41.3872,-75.7056,0,0,0,0,0,0,1,10,2010,6,6.0,3.0,0,9.0,3,3,3,  ,0,0.0,0,0,0,0,0,0,0,0,0,0,0,0,0,0,0,1,0
13303,2010099916,1506.0,1501.0,36,36238,40.1439,-76.1525,0,0,0,0,1,0,4,10,2010,2,15.0,1.0,0,1.0,3,0,3,  ,0,0.0,1,0,1,0,0,0,0,0,0,0,0,0,0,0,0,1,0
13304,2010100013,301.0,259.0,40,40304,41.2366,-75.8882,0,0,0,0,0,0,8,10,2010,7,2.0,3.0,0,1.0,3,2,3,  ,3,3.0,0,0,0,0,0,0,0,0,0,0,0,0,0,0,0,0,0
13305,2010100434,1351.0,1349.0,38,38301,40.3458,-76.4207,0,0,0,0,0,1,4,10,2010,5,13.0,1.0,0,9.0,2,1,7,  ,0,0.0,0,0,1,0,0,0,0,0,0,0,0,0,0,0,0,0,0
13306,2010100525,1803.0,1756.0,7,7301,40.5527,-78.3735,0,0,0,0,1,0,4,10,2010,6,17.0,1.0,0,1.0,3,1,3,  ,3,3.0,0,0,1,0,0,0,0,0,0,0,0,0,0,0,0,0,0
13307,2010100608,2250.0,2245.0,2,2301,40.4451,-79.9503,0,0,0,0,0,1,4,10,2010,5,22.0,3.0,0,1.0,3,1,3,  ,3,3.0,1,0,1,0,0,0,0,0,0,0,0,0,0,0,0,1,0
13308,2010100682,1811.0,1809.0,22,22301,40.2905,-76.8939,0,0,0,0,0,0,4,10,2010,2,18.0,1.0,0,1.0,3,1,3,  ,3,3.0,0,0,1,0,0,0,0,0,0,0,0,0,0,0,0,0,0
13309,2010100912,1314.0,1312.0,67,67301,40.0287,-75.1177,0,0,0,0,0,0,4,9,2010,7,13.0,1.0,0,1.0,3,1,3,  ,2,3.0,0,0,1,0,0,0,0,0,0,0,0,0,0,0,0,0,0
13310,2010100914,1632.0,1623.0,67,67301,39.9933,-75.1493,0,0,0,0,0,0,4,9,2010,4,16.0,1.0,0,1.0,3,0,3,  ,0,0.0,0,0,1,0,0,0,0,0,0,0,0,0,0,0,0,0,0
13311,2010100923,1759.0,1754.0,43,43220,41.3301,-80.4131,0,0,0,0,0,0,4,10,2010,7,17.0,1.0,0,1.0,1,1,3,  ,2,3.0,1,0,1,0,0,0,0,0,0,0,0,0,0,0,0,0,1
13312,2010101291,2226.0,2226.0,48,48302,40.6906,-75.2148,0,0,0,0,0,0,1,10,2010,6,22.0,3.0,0,1.0,3,0,3,  ,2,1.0,0,0,0,0,0,0,0,0,0,0,0,0,0,0,0,0,0
13313,2010101357,1241.0,1240.0,14,14410,40.7918,-77.8654,0,0,0,0,0,0,4,10,2010,3,12.0,1.0,0,1.0,3,0,3,  ,2,3.0,0,0,1,0,0,1,0,0,0,0,0,0,0,0,0,0,0
13314,2010101743,2048.0,2047.0,39,39302,40.6337,-75.3955,0,0,0,0,0,0,4,9,2010,2,20.0,3.0,0,1.0,3,1,3,  ,2,3.0,0,0,1,0,0,0,0,0,0,0,0,0,0,0,0,0,0
13315,2010101787,1249.0,1244.0,39,39302,40.6265,-75.4187,0,0,0,0,0,0,4,10,2010,7,12.0,1.0,7,1.0,3,0,3,  ,0,0.0,0,0,1,0,0,0,0,0,0,0,0,0,0,0,0,0,0
13316,2010101882,1740.0,1728.0,15,15231,39.9099,-75.6479,0,0,0,0,1,0,4,10,2010,7,17.0,1.0,0,1.0,1,0,3,  ,0,0.0,0,0,1,0,0,1,0,0,0,0,0,0,0,0,0,0,0
13317,2010101917,1843.0,1838.0,9,9202,40.1045,-74.9158,0,0,0,0,0,0,4,10,2010,4,18.0,2.0,0,1.0,3,0,3,  ,0,0.0,1,0,1,0,0,0,0,0,0,0,0,0,0,0,0,0,0
13318,2010101939,1815.0,1812.0,40,40428,40.9667,-76.0002,0,0,0,0,0,0,1,10,2010,4,18.0,4.0,0,1.0,2,0,3,  ,0,0.0,0,0,0,0,0,0,0,0,0,0,0,0,0,0,0,0,0
13319,2010102126,1858.0,1857.0,36,36301,40.0313,-76.315,0,0,0,0,0,0,2,10,2010,1,18.0,4.0,0,1.0,3,1,3,  ,0,0.0,0,0,0,0,0,0,0,0,0,0,0,0,0,0,0,0,0
13320,2010102128,1710.0,1700.0,66,66301,39.9575,-76.7133,0,0,0,0,0,0,1,10,2010,5,16.0,1.0,0,1.0,3,0,3,  ,3,3.0,0,0,0,0,0,1,0,0,0,0,0,0,0,0,0,0,0