,CRN,ARRIVAL_TM,DISPATCH_TM,COUNTY,MUNICIPALITY,DEC_LAT,DEC_LONG,BICYCLE_DEATH_COUNT,BICYCLE_SUSP_SERIOUS_INJ_COUNT,BUS_COUNT,HEAVY_TRUCK_COUNT,SMALL_TRUCK_COUNT,SUV_COUNT,COLLISION_TYPE,CRASH_MONTH,CRASH_YEAR,DAY_OF_WEEK,HOUR_OF_DAY,ILLUMINATION,LOCATION_TYPE,ROAD_CONDITION,URBAN_RURAL,INTERSECT_TYPE,WEATHER1,WEATHER2,TCD_TYPE,TCD_FUNC_CD,AGGRESSIVE_DRIVING,ALCOHOL_RELATED,ANGLE_CRASH,CELL_PHONE,COMM_VEHICLE,DISTRACTED,DRINKING_DRIVER,DRUGGED_DRIVER,FATIGUE_ASLEEP,IMPAIRED_DRIVER,NHTSA_AGG_DRIVING,RUNNING_RED_LT,RUNNING_STOP_SIGN,SPEEDING_RELATED,TAILGATING,MATURE_DRIVER,YOUNG_DRIVER
13321,2010102355,2025.0,2010.0,67,67301,39.9657,-75.2223,0,0,0,0,0,0,4,9,2010,5,19.0,3.0,0,1.0,3,1,3,  ,2,3.0,1,0,1,0,0,0,0,0,0,0,0,0,0,0,0,0,0
13322,2010102356,9999.0,810.0,67,67301,39.9633,-75.1885,0,0,0,0,1,0,4,9,2010,3,8.0,1.0,0,1.0,3,1,3,  ,2,3.0,1,0,1,0,0,0,0,0,0,0,0,0,0,0,0,0,0
13323,2010102375,323.0,322.0,67,67301,39.9467,-75.161,0,0,0,0,0,1,5,9,2010,7,3.0,3.0,0,1.0,3,0,3,  ,0,0.0,1,0,0,0,0,1,0,0,0,0,0,0,0,0,0,0,0
13324,2010102421,1859.0,1857.0,46,46413,40.1159,-75.3495,0,0,0,0,0,0,2,9,2010,6,18.0,1.0,0,1.0,3,1,3,  ,2,3.0,0,0,0,0,0,0,0,0,0,0,0,0,0,0,0,0,0
13325,2010102484,2320.0,2315.0,67,67301,40.0545,-75.0711,0,0,0,0,0,0,4,9,2010,7,23.0,3.0,7,1.0,3,0,3,  ,0,0.0,0,0,1,0,0,0,0,0,0,0,0,0,0,0,0,0,0
13326,2010102490,811.0,810.0,67,67301,40.0473,-75.0948,0,0,0,0,0,0,4,9,2010,3,8.0,1.0,0,1.0,3,1,3,  ,3,3.0,0,0,1,0,0,0,0,0,0,0,0,0,0,0,0,0,0
13327,2010102649,1607.0,1604.0,67,67301,39.9618,-75.1565,0,0,0,0,0,0,6,9,2010,7,99.0,1.0,0,1.0,3,0,3,  ,0,0.0,0,0,0,0,0,0,0,0,0,0,0,0,0,0,0,0,0
13328,2010102945,1010.0,1001.0,67,67301,39.9634,-75.1875,0,0,0,0,0,0,1,9,2010,4,10.0,1.0,0,1.0,3,0,3,  ,0,0.0,1,0,0,0,0,0,0,0,0,0,0,0,0,0,1,0,0
13329,2010102948,1206.0,1203.0,67,67301,39.958,-75.2095,0,0,0,0,0,0,5,9,2010,4,12.0,1.0,0,1.0,3,3,3,  ,2,3.0,0,0,0,0,0,0,0,0,0,0,0,0,0,0,0,1,0
13330,2010103003,1906.0,1902.0,25,25302,42.1364,-80.0663,0,0,0,0,0,0,4,8,2010,4,19.0,1.0,0,1.0,3,0,3,  ,0,0.0,0,0,1,0,0,0,0,0,0,0,0,0,0,0,0,0,0
13331,2010103021,1830.0,1750.0,67,67301,39.9124,-75.2371,0,0,0,0,0,0,4,9,2010,3,17.0,1.0,0,1.0,3,1,3,  ,3,3.0,0,0,1,0,0,0,0,0,0,0,0,0,0,0,0,0,0
13332,2010103026,2230.0,2230.0,67,67301,39.9538,-75.1595,0,0,0,0,0,0,4,9,2010,6,22.0,2.0,0,1.0,3,0,3,  ,2,3.0,0,0,1,0,0,0,0,0,0,0,0,0,0,0,0,0,0
13333,2010103036,1348.0,1346.0,67,67301,40.0411,-75.07,0,0,0,0,0,1,4,9,2010,7,13.0,1.0,0,1.0,3,1,3,  ,0,0.0,0,0,1,0,0,0,0,0,0,0,0,0,0,0,0,1,0
13334,2010103052,9999.0,9999.0,67,67301,39.93,-75.1803,0,0,0,0,0,0,4,9,2010,4,17.0,4.0,0,1.0,3,1,3,  ,9,9.0,0,0,1,0,0,0,0,0,0,0,0,0,0,0,0,0,0
13335,2010103064,2044.0,2041.0,67,67301,39.9288,-75.1458,0,0,0,0,0,1,8,9,2010,6,20.0,4.0,0,1.0,3,2,3,  ,9,9.0,0,0,0,0,0,0,0,0,0,0,0,0,0,0,0,0,0
13336,2010103075,1350.0,1346.0,67,67301,39.9517,-75.1582,0,0,0,0,0,0,4,9,2010,5,13.0,1.0,0,1.0,3,1,3,  ,2,3.0,0,0,1,0,0,0,0,0,0,0,0,0,0,0,0,1,0
13337,2010103078,1727.0,1725.0,67,67301,39.9346,-75.1604,0,0,0,0,0,0,4,9,2010,2,17.0,1.0,0,1.0,3,1,3,  ,3,3.0,0,0,1,0,0,0,0,0,0,0,0,0,0,0,0,0,0
13338,2010103086,1840.0,1830.0,67,67301,40.0632,-75.0784,0,0,0,0,0,0,4,9,2010,5,18.0,1.0,0,9.0,3,0,7,  ,0,0.0,0,0,1,0,0,0,0,0,0,0,0,0,0,0,0,0,0
13339,2010103088,929.0,910.0,67,67301,40.0453,-75.088,0,0,0,0,0,0,4,9,2010,5,9.0,1.0,7,1.0,3,0,3,  ,2,3.0,0,0,1,0,0,0,0,0,0,0,0,0,0,0,0,0,0
13340,2010103098,9999.0,1730.0,67,67301,39.9428,-75.1656,0,0,0,0,0,0,8,9,2010,5,9.0,1.0,0,1.0,3,1,3,  ,2,3.0,1,0,0,0,0,0,0,0,0,0,0,0,0,0,0,0,0
13341,2010103099,1245.0,1243.0,67,67301,40.0153,-75.2081,0,0,0,0,0,1,4,7,2010,7,12.0,1.0,7,1.0,3,0,3,  ,2,3.0,1,0,1,0,0,0,0,0,0,0,0,0,0,0,0,0,0
13342,2010103109,1849.0,1846.0,67,67301,39.9362,-75.1835,0,0,0,0,0,0,4,9,2010,2,18.0,1.0,0,1.0,3,0,3,  ,0,0.0,0,0,1,0,0,0,0,0,0,0,0,0,0,0,0,0,1
13343,2010103167,1619.0,1616.0,23,23107,39.8963,-75.3337,0,0,0,0,1,0,4,10,2010,6,16.0,1.0,0,1.0,3,2,3,  ,2,3.0,0,0,1,0,0,0,0,0,0,0,0,0,0,0,0,1,0
13344,2010103175,1310.0,1310.0,46,46111,40.1383,-75.3631,0,0,0,0,0,1,4,10,2010,7,13.0,1.0,0,1.0,3,1,3,  ,2,3.0,1,0,1,0,0,0,0,0,0,0,0,0,0,0,0,0,0
13345,2010103329,942.0,940.0,46,46411,40.2339,-75.2913,0,0,0,0,0,0,1,10,2010,1,9.0,1.0,7,1.0,3,0,3,  ,0,0.0,1,0,0,0,0,0,0,0,0,0,0,0,0,0,0,0,0
13346,2010103445,1453.0,1451.0,38,38402,40.2747,-76.4196,0,0,0,0,0,0,8,10,2010,1,14.0,1.0,3,1.0,1,3,3,  ,4,3.0,0,1,0,0,0,0,0,0,0,0,0,0,0,0,0,0,0
13347,2010103931,1415.0,1410.0,67,67301,39.9613,-75.175,0,0,0,0,0,0,4,9,2010,7,14.0,1.0,0,1.0,3,1,3,  ,2,3.0,0,0,1,0,0,0,0,0,0,0,0,0,0,0,0,0,0
13348,2010103950,1551.0,1549.0,67,67301,39.941,-75.1743,0,0,0,0,0,0,4,9,2010,6,15.0,1.0,0,1.0,3,1,3,  ,2,3.0,0,0,1,0,0,0,0,0,0,0,0,0,0,0,0,0,0
13349,2010104301,626.0,622.0,66,66227,39.9731,-76.6921,0,0,0,0,0,1,5,10,2010,4,6.0,3.0,0,9.0,3,2,7,  ,3,3.0,1,0,0,0,0,0,0,0,0,0,0,0,0,0,0,0,0
13350,2010104394,1427.0,1424.0,15,15409,39.7785,-75.9728,0,0,0,0,0,0,5,4,2010,2,14.0,1.0,0,1.0,1,0,3,  ,0,0.0,0,0,0,0,0,0,0,0,0,0,0,0,0,0,0,0,0
13351,2010104436,1834.0,1829.0,7,7301,40.5125,-78.4144,0,0,0,0,0,1,8,10,2010,4,18.0,4.0,0,1.0,3,0,3,  ,0,0.0,0,0,0,0,0,0,0,0,0,0,0,0,0,0,0,1,0
13352,2010104660,1329.0,1329.0,46,46420,40.2537,-75.4638,0,0,0,0,0,0,9,10,2010,1,13.0,1.0,0,1.0,3,2,3,  ,3,3.0,0,0,0,0,0,1,0,0,0,0,0,0,0,0,0,1,0
13353,2010104665,1353.0,1345.0,46,46226,40.2013,-75.3465,0,0,0,0,0,0,4,10,2010,1,13.0,1.0,0,1.0,1,1,3,  ,2,3.0,1,0,1,0,0,0,0,0,0,0,0,0,0,0,0,1,0
13354,2010104908,1658.0,1656.0,67,67301,39.9752,-75.1882,0,0,0,0,0,0,4,9,2010,2,16.0,1.0,0,1.0,3,1,3,  ,2,2.0,0,0,1,0,0,0,0,0,0,0,0,0,0,0,0,0,0
13355,2010104918,1604.0,1558.0,67,67301,39.9623,-75.1898,0,0,0,0,0,0,4,9,2010,3,13.0,1.0,0,1.0,3,2,7,  ,3,3.0,0,0,1,0,0,0,0,0,0,0,0,0,0,0,0,1,0
13356,2010104921,49.0,49.0,67,67301,39.9816,-75.1739,0,0,0,0,0,0,4,9,2010,7,0.0,3.0,0,1.0,3,1,3,  ,2,3.0,0,0,1,0,0,0,0,0,0,0,0,0,0,0,0,0,0
13357,2010104937,1603.0,1558.0,67,67301,39.9508,-75.1955,0,0,0,0,0,0,5,9,2010,3,15.0,1.0,0,1.0,3,0,3,  ,2,3.0,0,0,0,0,0,0,0,0,0,0,0,0,0,0,0,0,0
13358,2010104938,1453.0,1449.0,67,67301,39.9531,-75.1819,0,0,0,0,0,0,8,9,2010,4,14.0,1.0,0,1.0,3,1,3,  ,2,3.0,1,0,0,0,0,0,0,0,0,0,0,0,0,0,0,0,0
13359,2010104974,9999.0,732.0,67,67301,39.9548,-75.1765,0,0,0,0,0,0,4,9,2010,3,7.0,3.0,7,1.0,3,0,3,  ,0,0.0,0,0,1,0,0,0,0,0,0,0,0,0,0,0,0,0,0
13360,2010104976,1916.0,1915.0,67,67301,39.9729,-75.1703,0,0,0,0,0,0,4,9,2010,5,19.0,3.0,0,9.0,3,1,7,  ,2,3.0,0,0,1,0,0,0,0,0,0,0,0,0,0,0,0,0,0
13361,2010104978,1710.0,1700.0,67,67301,39.9681,-75.1563,0,0,0,0,0,0,4,9,2010,6,16.0,1.0,0,1.0,3,1,3,  ,3,3.0,1,0,1,0,0,0,0,0,0,0,0,0,1,0,0,0,0
13362,2010104979,1321.0,1319.0,67,67301,39.9719,-75.1627,0,0,0,0,1,0,4,9,2010,1,13.0,1.0,0,1.0,3,1,3,  ,2,3.0,0,0,1,0,0,0,0,0,0,0,0,0,0,0,0,0,0
13363,2010104990,1905.0,1900.0,67,67301,39.937,-75.1615,0,0,0,0,0,0,5,9,2010,2,19.0,3.0,0,9.0,3,0,7,  ,0,0.0,0,0,0,0,0,0,0,0,0,0,0,0,0,0,0,0,0
13364,2010105009,104.0,102.0,67,67301,39.987,-75.1371,0,0,0,0,0,0,4,10,2010,6,1.0,3.0,0,9.0,3,2,7,  ,3,3.0,0,0,1,0,0,1,0,0,0,0,0,0,0,0,0,0,0
13365,2010105023,740.0,735.0,67,67301,39.9543,-75.1918,0,0,0,0,0,0,5,9,2010,4,7.0,1.0,0,1.0,3,1,3,  ,2,3.0,1,0,0,0,0,0,0,0,0,0,0,0,0,0,0,1,0
13366,2010105031,1715.0,1713.0,67,67301,39.9975,-75.1116,0,0,0,0,0,0,8,9,2010,7,17.0,1.0,0,1.0,3,2,3,  ,0,0.0,1,0,0,0,0,0,0,0,0,0,0,0,0,0,0,0,0
13367,2010105033,2220.0,2214.0,67,67301,40.0242,-75.0386,0,0,0,0,0,0,4,10,2010,6,22.0,6.0,0,1.0,3,2,3,  ,3,3.0,0,0,1,0,0,0,0,0,0,0,0,0,0,0,0,0,0
13368,2010105062,1433.0,1427.0,67,67301,39.9533,-75.1837,0,0,0,0,0,0,5,9,2010,1,14.0,1.0,0,1.0,3,0,3,  ,0,0.0,0,0,0,0,0,0,0,0,0,0,0,0,0,0,0,0,0
13369,2010105066,1405.0,1350.0,67,67301,39.9221,-75.1714,0,0,0,0,0,1,4,9,2010,1,13.0,1.0,0,9.0,3,1,7,  ,3,3.0,0,0,1,0,0,0,0,0,0,0,0,0,0,0,0,1,0
13370,2010105106,1724.0,1635.0,67,67301,39.9477,-75.2377,0,0,0,0,0,0,4,9,2010,4,16.0,1.0,0,1.0,3,2,3,  ,0,0.0,0,0,1,0,0,0,0,0,0,0,0,0,0,0,0,0,0
13371,2010105127,826.0,821.0,2,2301,40.4443,-79.918,0,0,0,0,0,0,8,1,2010,5,8.0,1.0,0,1.0,3,0,3,  ,0,0.0,0,0,0,0,0,1,0,0,0,0,0,0,0,0,0,1,0
13372,2010105462,900.0,900.0,6,6230,40.5031,-75.9065,0,1,0,0,0,0,5,10,2010,6,11.0,1.0,0,1.0,1,0,3,  ,0,0.0,0,0,0,0,0,0,0,0,0,0,0,0,0,0,0,0,0
13373,2010105584,1049.0,1048.0,15,15204,40.0331,-75.7637,0,0,0,0,0,1,8,10,2010,6,10.0,1.0,0,1.0,1,1,3,  ,2,3.0,0,0,0,0,0,0,0,0,0,0,0,0,0,0,0,1,0
13374,2010105641,1840.0,1835.0,67,67301,40.1133,-75.0252,0,0,0,0,0,0,4,7,2010,7,18.0,1.0,0,1.0,3,2,3,  ,3,3.0,0,0,1,0,0,1,0,0,0,0,0,0,0,0,0,0,0
13375,2010105655,938.0,936.0,67,67301,39.9787,-75.1578,0,0,0,0,0,0,4,10,2010,6,9.0,1.0,0,9.0,3,1,7,  ,2,3.0,1,0,1,0,0,0,0,0,0,0,0,0,0,0,0,0,0
13376,2010105658,1629.0,1625.0,67,67301,39.9829,-75.1668,0,0,0,0,0,0,4,9,2010,5,16.0,1.0,0,9.0,3,1,7,  ,3,3.0,0,0,1,0,0,0,0,0,0,0,0,0,0,0,0,0,0
13377,2010105721,1640.0,1630.0,14,14204,40.8053,-77.8427,0,0,0,0,0,1,4,10,2010,5,16.0,1.0,0,1.0,3,2,3,  ,2,3.0,0,0,1,0,0,0,0,0,0,0,0,0,0,0,0,0,0
13378,2010105817,1105.0,1052.0,15,15233,40.1176,-75.4874,0,0,0,0,0,0,4,10,2010,5,10.0,1.0,0,1.0,3,2,3,  ,2,3.0,1,0,1,0,0,0,0,0,0,0,0,0,0,0,0,1,0
13379,2010106138,1556.0,1551.0,36,36101,40.0579,-76.3328,0,0,0,0,0,0,4,10,2010,2,15.0,1.0,7,1.0,3,0,3,  ,2,3.0,0,0,1,0,0,0,0,0,0,0,0,0,0,0,0,0,0
13380,2010106195,2216.0,2144.0,36,36301,40.0474,-76.2927,0,0,0,0,0,0,4,10,2010,7,19.0,3.0,0,1.0,3,2,3,  ,3,3.0,1,0,1,0,0,0,0,0,0,0,0,0,1,0,0,0,0
13381,2010106266,2049.0,2049.0,40,40414,41.2618,-75.8972,0,0,0,0,0,0,4,10,2010,7,20.0,3.0,0,1.0,3,1,3,  ,2,3.0,0,1,1,0,0,0,0,0,0,0,0,0,0,0,0,0,0
13382,2010106360,118.0,111.0,36,36239,40.0615,-76.4213,0,0,0,0,1,0,5,10,2010,1,1.0,3.0,0,1.0,3,0,3,  ,8,3.0,0,0,0,0,0,0,0,0,0,0,0,0,0,0,0,0,0
13383,2010106451,1810.0,1800.0,64,64217,40.3031,-79.3908,0,0,0,0,1,0,6,10,2010,5,17.0,2.0,0,1.0,1,0,3,  ,0,0.0,0,0,0,0,0,0,0,0,0,0,0,0,0,0,0,1,0
13384,2010106826,1307.0,1256.0,26,26206,39.8435,-79.7474,0,0,0,0,0,0,1,10,2010,7,12.0,1.0,0,1.0,1,0,3,  ,0,0.0,1,0,0,0,0,0,0,0,0,0,0,0,0,0,0,1,0
13385,2010107053,708.0,706.0,46,46111,40.1269,-75.3608,0,0,0,0,0,0,4,11,2010,3,7.0,5.0,0,1.0,3,2,3,  ,3,3.0,1,0,1,0,0,0,0,0,0,0,1,0,1,0,0,1,0
13386,2010107303,1333.0,1319.0,52,52404,41.8995,-77.7622,0,0,0,0,0,1,2,10,2010,1,13.0,1.0,0,1.0,1,0,3,  ,0,0.0,0,0,0,0,0,0,0,0,0,0,0,0,0,0,0,0,0
13387,2010107467,1052.0,1050.0,40,40104,41.2389,-75.862,0,0,0,0,0,0,4,11,2010,4,10.0,1.0,7,1.0,3,0,3,  ,4,3.0,0,0,1,0,0,0,0,0,0,0,0,0,0,0,0,0,0
13388,2010107865,1652.0,1637.0,28,28204,39.9064,-77.5548,0,0,0,0,0,1,8,11,2010,2,16.0,1.0,0,1.0,1,0,3,  ,0,0.0,0,0,0,0,0,0,0,0,0,0,0,0,0,0,0,0,0
13389,2010107927,1148.0,1143.0,6,6214,40.303,-75.8296,1,0,0,0,1,0,2,9,2010,5,11.0,1.0,0,1.0,3,0,3,  ,0,0.0,0,0,0,0,0,0,0,0,0,0,0,0,0,0,0,1,0
13390,2010107956,1818.0,1818.0,46,46416,40.2481,-75.6453,0,0,0,0,0,0,4,10,2010,6,18.0,3.0,0,1.0,2,1,3,  ,3,3.0,1,0,1,0,0,0,0,0,0,0,0,0,0,0,0,0,0
13391,2010108231,1830.0,1827.0,46,46211,40.2334,-75.2543,0,0,0,0,0,1,5,10,2010,1,18.0,4.0,0,1.0,1,1,3,  ,2,3.0,0,0,0,0,0,0,0,0,0,0,0,0,0,0,0,1,0
13392,2010108281,1547.0,1545.0,23,23412,39.9409,-75.2711,0,0,0,0,0,0,4,11,2010,5,15.0,1.0,0,1.0,3,1,3,  ,0,0.0,0,0,1,0,0,0,0,0,0,0,0,0,0,0,0,1,0
13393,2010108610,316.0,311.0,2,2301,40.4536,-79.9153,0,0,0,0,0,1,1,11,2010,7,3.0,3.0,0,1.0,3,0,3,  ,0,0.0,1,0,0,0,0,0,0,0,0,0,0,0,0,0,0,0,0
13394,2010108638,1818.0,1816.0,39,39301,40.6135,-75.4785,0,0,0,0,0,1,4,10,2010,7,18.0,1.0,0,1.0,3,2,3,  ,0,0.0,0,0,1,0,0,0,0,0,0,0,0,0,0,0,0,0,0
13395,2010108685,740.0,738.0,46,46413,40.1214,-75.3346,0,0,0,0,0,0,4,10,2010,3,7.0,1.0,0,9.0,3,1,7,  ,3,2.0,0,0,1,0,0,0,0,0,0,0,0,0,0,0,0,1,0
13396,2010109129,1551.0,1548.0,15,15254,40.0061,-75.615,0,0,0,0,0,0,4,11,2010,3,15.0,1.0,0,1.0,3,2,3,  ,3,3.0,0,0,1,0,0,0,0,0,0,0,0,0,0,0,0,0,0
13397,2010109284,1651.0,1649.0,36,36220,40.0268,-76.3279,0,0,0,0,0,0,4,11,2010,3,16.0,1.0,0,1.0,3,2,3,  ,3,3.0,1,0,1,0,0,0,0,0,0,0,0,0,0,0,0,0,0
13398,2010109600,2041.0,2040.0,23,23103,39.9841,-75.3069,0,1,0,0,0,0,2,10,2010,4,20.0,2.0,0,1.0,3,1,3,  ,3,3.0,0,0,0,0,0,0,0,0,0,0,0,0,0,0,0,0,1
13399,2010109950,1747.0,1747.0,36,36409,40.1499,-76.3085,0,0,0,0,0,1,4,11,2010,2,17.0,3.0,0,1.0,3,1,3,  ,3,3.0,0,0,1,0,0,0,0,0,0,0,0,0,0,0,0,0,0
13400,2010109969,820.0,815.0,67,67301,39.9347,-75.1523,0,1,0,1,0,0,4,11,2010,3,7.0,1.0,0,1.0,3,1,3,  ,2,3.0,0,0,1,0,1,1,0,0,0,0,0,0,0,0,0,0,0
13401,2010110082,2007.0,2005.0,48,48302,40.691,-75.2132,0,0,0,0,0,1,4,10,2010,1,20.0,3.0,0,1.0,3,1,3,  ,2,3.0,0,0,1,0,0,0,0,0,0,0,0,0,0,0,0,1,0
13402,2010110221,2111.0,2105.0,67,67301,40.028,-75.1101,0,0,0,0,0,0,4,11,2010,3,21.0,3.0,0,1.0,3,5,3,  ,2,3.0,0,0,1,0,0,0,0,0,0,0,0,0,0,0,0,0,0
13403,2010110699,1624.0,1558.0,8,8216,41.8777,-76.2348,0,0,0,0,0,0,4,10,2010,1,15.0,1.0,0,1.0,1,0,3,  ,0,0.0,0,0,1,0,0,0,0,0,0,0,0,0,0,0,0,0,0
13404,2010110706,1857.0,1850.0,67,67301,39.9728,-75.1657,0,0,0,0,0,0,4,10,2010,7,99.0,1.0,0,1.0,3,0,3,  ,3,3.0,0,0,1,0,0,0,0,0,0,0,0,0,0,0,0,0,0
13405,2010110722,1705.0,1659.0,67,67301,39.9844,-75.1419,0,0,0,0,0,0,5,10,2010,4,17.0,1.0,0,9.0,3,1,99,  ,2,3.0,0,0,0,0,0,0,0,0,0,0,0,0,0,0,0,0,0
13406,2010110740,853.0,853.0,67,67301,39.9372,-75.1616,0,0,0,0,0,0,4,10,2010,5,8.0,1.0,7,1.0,3,0,3,  ,0,0.0,1,0,1,0,0,0,0,0,0,0,0,0,0,0,0,0,0
13407,2010110749,1329.0,1327.0,67,67301,40.0443,-75.1708,0,0,0,0,0,0,8,10,2010,1,13.0,1.0,0,1.0,3,2,3,  ,3,3.0,0,0,0,0,0,0,0,0,0,0,0,0,0,0,0,0,0
13408,2010110763,2159.0,2154.0,67,67301,39.9933,-75.125,0,0,0,0,1,0,4,10,2010,6,21.0,2.0,0,1.0,3,1,3,  ,3,3.0,0,0,1,0,0,0,0,0,0,0,0,0,0,0,0,0,0
13409,2010110802,1615.0,1610.0,67,67301,40.0166,-75.0612,0,0,0,0,0,0,8,10,2010,1,15.0,1.0,0,1.0,3,0,3,  ,0,0.0,0,0,0,0,0,1,0,0,0,0,0,0,0,0,0,0,1
13410,2010110820,2214.0,2206.0,67,67301,39.9055,-75.1741,0,0,0,0,0,0,4,10,2010,7,21.0,3.0,0,1.0,3,0,3,  ,2,3.0,0,0,1,0,0,0,0,0,0,0,0,0,0,0,0,0,0
13411,2010110852,1335.0,1331.0,67,67301,39.9623,-75.1613,0,0,0,0,0,0,4,9,2010,2,13.0,1.0,0,9.0,3,1,7,  ,2,3.0,0,0,1,0,0,0,0,0,0,0,0,0,0,0,0,0,1
13412,2010110864,9999.0,913.0,67,67301,39.9693,-75.2323,0,0,0,0,0,0,8,9,2010,3,6.0,1.0,0,9.0,3,2,7,  ,3,3.0,1,0,0,0,0,0,0,0,0,0,0,0,0,0,0,0,0
13413,2010110877,913.0,901.0,67,67301,40.0548,-75.1988,0,0,0,0,0,0,4,10,2010,6,9.0,1.0,0,1.0,3,1,3,  ,2,3.0,1,0,1,0,0,0,0,0,0,0,0,0,0,0,0,0,1
13414,2010110889,1910.0,1907.0,67,67301,39.9661,-75.2298,0,0,0,0,0,0,4,9,2010,4,17.0,1.0,0,1.0,3,2,3,  ,3,3.0,1,0,1,0,0,0,0,0,0,0,0,0,0,0,0,0,0
13415,2010110912,850.0,846.0,2,2116,40.5269,-79.9883,0,0,0,0,0,0,5,11,2010,3,8.0,1.0,0,1.0,3,2,3,  ,3,3.0,0,0,0,0,0,0,0,0,0,0,0,0,0,0,0,0,0
13416,2010110913,718.0,715.0,25,25302,42.1119,-80.0736,0,0,0,0,1,0,4,11,2010,5,7.0,1.0,0,1.0,3,1,3,  ,2,3.0,0,0,1,0,0,0,0,0,0,0,0,0,0,0,0,0,0
13417,2010110981,1951.0,1921.0,17,17301,41.1256,-78.7477,0,0,0,0,0,0,4,11,2010,5,19.0,3.0,0,1.0,2,1,3,  ,2,3.0,0,0,1,0,0,0,0,0,0,0,0,0,0,0,0,0,1
13418,2010111142,833.0,830.0,67,67301,39.905,-75.1954,0,0,0,0,0,0,4,10,2010,1,99.0,1.0,0,1.0,3,0,3,  ,0,0.0,0,0,1,0,0,0,0,0,0,0,0,0,0,0,0,0,0
13419,2010111211,1540.0,1534.0,25,25302,42.1119,-80.0736,0,0,0,0,0,0,2,11,2010,6,15.0,1.0,0,1.0,3,1,3,  ,2,3.0,1,0,0,0,0,0,0,0,0,0,0,0,0,0,0,0,0
13420,2010111379,1842.0,1837.0,6,6301,40.3562,-75.9146,0,0,0,0,0,0,4,10,2010,5,18.0,1.0,0,1.0,3,2,3,  ,0,0.0,0,0,1,0,0,0,0,0,0,0,0,0,0,0,0,0,0
13421,2010111398,1251.0,1247.0,25,25213,42.0636,-80.1986,0,0,0,0,0,0,4,10,2010,3,12.0,1.0,0,1.0,3,1,3,  ,2,3.0,0,0,1,0,0,0,0,0,0,0,0,0,0,0,0,0,1
13422,2010111451,1601.0,1600.0,67,67301,40.02,-75.1247,0,0,0,0,0,0,1,10,2010,5,15.0,1.0,0,1.0,3,1,3,  ,3,3.0,0,0,0,0,0,0,0,0,0,0,0,0,0,0,0,0,0
13423,2010111475,2329.0,2328.0,67,67301,39.9308,-75.1613,0,0,0,0,0,0,4,10,2010,7,23.0,3.0,0,1.0,3,1,3,  ,3,3.0,0,0,1,0,0,0,0,0,0,0,0,0,0,0,0,0,0
13424,2010111972,835.0,827.0,21,21214,40.106,-77.4115,0,1,0,0,0,0,1,11,2010,3,8.0,1.0,0,1.0,1,0,3,  ,0,0.0,1,0,0,0,0,0,0,0,0,0,0,0,0,1,0,1,0
13425,2010112086,1441.0,1420.0,62,62417,40.1046,-80.02,0,0,0,0,0,0,4,11,2010,5,13.0,1.0,0,1.0,1,0,3,  ,0,0.0,0,0,1,0,0,0,0,0,0,0,0,0,0,0,0,1,0
13426,2010112186,1710.0,1710.0,21,21412,40.2531,-76.896,0,0,0,0,1,0,5,10,2010,3,15.0,1.0,0,1.0,3,2,3,  ,2,3.0,0,0,0,0,0,0,0,0,0,0,0,0,0,0,0,0,0
13427,2010112269,1300.0,1245.0,2,2301,40.4572,-79.9377,0,0,0,0,0,0,4,11,2010,2,12.0,1.0,0,1.0,3,0,3,  ,0,0.0,1,0,1,0,0,0,0,0,0,0,0,0,0,0,0,0,0
13428,2010112454,1608.0,1608.0,36,36301,40.0443,-76.3069,0,0,0,0,0,1,4,10,2010,5,16.0,1.0,0,1.0,3,1,3,  ,2,3.0,0,0,1,0,0,0,0,0,0,0,0,0,0,0,0,0,0
13429,2010112505,2243.0,2238.0,39,39102,40.6378,-75.473,0,0,0,0,0,0,1,11,2010,6,22.0,3.0,0,1.0,3,0,3,  ,0,0.0,0,0,0,0,0,0,0,0,0,0,0,0,0,0,0,0,0
13430,2010112891,1710.0,1707.0,36,36301,40.0387,-76.2993,0,0,0,0,1,0,8,11,2010,2,17.0,4.0,0,1.0,3,1,3,  ,3,3.0,0,0,0,0,0,0,0,0,0,0,0,0,0,0,0,0,0
13431,2010113159,1455.0,1453.0,25,25302,42.1237,-80.0557,0,0,0,0,0,0,2,11,2010,4,14.0,1.0,0,1.0,3,0,3,  ,0,0.0,0,0,0,0,0,0,0,0,0,0,0,0,0,0,0,0,0
13432,2010113288,1333.0,1330.0,67,67301,39.9728,-75.2275,0,1,0,0,0,0,4,9,2010,4,13.0,1.0,0,1.0,3,1,3,  ,3,9.0,0,0,1,0,0,0,0,0,0,0,0,0,0,0,0,0,0
13433,2010113309,1645.0,1645.0,67,67301,39.9537,-75.1576,0,0,0,0,0,0,4,10,2010,4,16.0,1.0,0,1.0,3,0,3,  ,0,0.0,0,0,1,0,0,0,0,0,0,0,0,0,0,0,0,1,0