,CRN,ARRIVAL_TM,DISPATCH_TM,COUNTY,MUNICIPALITY,DEC_LAT,DEC_LONG,BICYCLE_DEATH_COUNT,BICYCLE_SUSP_SERIOUS_INJ_COUNT,BUS_COUNT,HEAVY_TRUCK_COUNT,SMALL_TRUCK_COUNT,SUV_COUNT,COLLISION_TYPE,CRASH_MONTH,CRASH_YEAR,DAY_OF_WEEK,HOUR_OF_DAY,ILLUMINATION,LOCATION_TYPE,ROAD_CONDITION,URBAN_RURAL,INTERSECT_TYPE,WEATHER1,WEATHER2,TCD_TYPE,TCD_FUNC_CD,AGGRESSIVE_DRIVING,ALCOHOL_RELATED,ANGLE_CRASH,CELL_PHONE,COMM_VEHICLE,DISTRACTED,DRINKING_DRIVER,DRUGGED_DRIVER,FATIGUE_ASLEEP,IMPAIRED_DRIVER,NHTSA_AGG_DRIVING,RUNNING_RED_LT,RUNNING_STOP_SIGN,SPEEDING_RELATED,TAILGATING,MATURE_DRIVER,YOUNG_DRIVER
13434,2010113312,845.0,840.0,67,67301,40.045,-74.9963,0,0,0,0,0,1,4,10,2010,3,99.0,1.0,7,9.0,3,0,7,  ,0,0.0,0,0,1,0,0,0,0,0,0,0,0,0,0,0,0,0,0
13435,2010113316,1625.0,1620.0,67,67301,40.0398,-75.1445,0,0,0,0,0,0,4,10,2010,1,16.0,1.0,0,1.0,3,1,3,  ,2,3.0,1,0,1,0,0,0,0,0,0,0,0,0,0,0,0,0,0
13436,2010113326,9999.0,9999.0,67,67301,40.0323,-75.1314,0,0,0,0,0,0,4,10,2010,3,21.0,3.0,0,1.0,3,2,3,  ,0,0.0,0,0,1,0,0,0,0,0,0,0,0,0,0,0,0,0,0
13437,2010113327,1330.0,1230.0,67,67301,39.9953,-75.134,0,0,0,0,0,0,4,8,2010,1,12.0,1.0,0,1.0,3,0,3,  ,0,0.0,0,0,1,0,0,0,0,0,0,0,0,0,0,0,0,0,0
13438,2010113331,245.0,241.0,67,67301,39.9346,-75.1604,0,0,0,0,0,1,4,9,2010,2,2.0,3.0,0,1.0,3,1,3,  ,3,3.0,0,0,1,0,0,0,0,0,0,0,0,0,0,0,0,0,0
13439,2010113332,1715.0,1710.0,67,67301,40.0485,-75.2353,0,0,0,0,0,0,4,9,2010,1,17.0,1.0,0,9.0,3,1,7,  ,2,3.0,0,0,1,0,0,0,0,0,0,0,0,0,0,0,0,0,0
13440,2010113333,1050.0,1033.0,67,67301,39.9357,-75.1908,0,0,0,0,1,0,4,9,2010,3,10.0,1.0,0,1.0,3,0,3,  ,0,0.0,0,0,1,0,0,0,0,0,0,0,0,0,0,0,0,0,1
13441,2010113500,1738.0,1733.0,67,67301,39.9323,-75.192,0,0,0,0,0,0,5,10,2010,7,17.0,1.0,0,1.0,3,0,3,  ,0,0.0,0,0,0,0,0,0,0,0,0,0,0,0,0,0,0,0,0
13442,2010113502,1840.0,1832.0,67,67301,39.9413,-75.2093,0,0,0,0,0,0,3,10,2010,6,17.0,1.0,0,1.0,3,0,3,  ,0,0.0,0,0,0,0,0,0,0,0,0,0,0,0,0,0,0,0,0
13443,2010113508,1745.0,1730.0,67,67301,39.9774,-75.1988,0,0,0,0,0,0,5,10,2010,7,17.0,1.0,0,1.0,3,0,3,  ,2,3.0,1,0,0,0,0,0,0,0,0,0,0,0,0,0,0,0,0
13444,2010113551,935.0,928.0,67,67301,39.9317,-75.168,0,0,0,0,0,0,4,10,2010,2,9.0,1.0,7,1.0,3,0,3,  ,3,3.0,1,0,1,0,0,0,0,0,0,0,0,0,0,0,0,0,0
13445,2010113621,1327.0,1327.0,67,67301,39.9503,-75.1917,0,0,0,0,0,0,4,10,2010,7,13.0,1.0,0,1.0,3,1,3,  ,2,3.0,0,0,1,0,0,0,0,0,0,0,0,0,0,0,0,0,0
13446,2010113685,1458.0,1454.0,6,6301,40.3445,-75.9256,0,0,0,0,0,0,4,11,2010,3,14.0,1.0,0,1.0,3,1,3,  ,2,3.0,0,0,1,0,0,0,0,0,0,0,0,0,0,0,0,0,0
13447,2010113727,1428.0,1425.0,67,67301,39.9387,-75.2243,0,0,0,0,0,0,1,10,2010,6,14.0,1.0,0,1.0,3,1,3,  ,2,3.0,1,0,0,0,0,0,0,0,0,0,0,0,0,0,1,0,0
13448,2010113729,1738.0,1725.0,67,67301,39.9625,-75.1576,0,0,0,0,0,0,4,10,2010,6,17.0,1.0,0,1.0,3,2,3,  ,3,3.0,0,0,1,0,0,0,0,0,0,0,0,0,0,0,0,0,0
13449,2010113733,257.0,252.0,67,67301,39.9579,-75.1623,0,0,0,0,0,0,4,10,2010,7,2.0,3.0,0,1.0,3,1,3,  ,2,3.0,0,0,1,0,0,0,0,0,0,0,0,0,0,0,0,0,1
13450,2010113734,2343.0,2342.0,67,67301,39.9548,-75.1664,0,0,0,0,0,0,1,10,2010,3,23.0,3.0,0,1.0,3,0,3,  ,0,0.0,1,0,0,0,0,0,0,0,0,0,0,0,0,0,0,0,0
13451,2010113741,1211.0,1210.0,67,67301,39.9536,-75.1732,0,0,1,0,0,0,4,10,2010,3,12.0,1.0,0,1.0,3,1,3,  ,2,3.0,0,0,1,0,1,0,0,0,0,0,0,0,0,0,0,0,0
13452,2010113747,1920.0,1928.0,67,67301,40.0021,-75.1441,0,0,0,0,1,0,4,10,2010,5,19.0,4.0,0,98.0,3,5,99,  ,2,3.0,0,0,1,0,0,0,0,0,0,0,0,0,0,0,0,1,0
13453,2010113777,1620.0,1616.0,67,67301,39.9237,-75.1643,0,0,0,0,0,0,4,11,2010,3,16.0,1.0,0,1.0,3,1,3,  ,2,3.0,0,0,1,0,0,0,0,0,0,0,0,0,0,0,0,0,0
13454,2010113816,1949.0,1905.0,67,67301,40.0479,-75.0597,0,0,0,0,0,0,8,10,2010,4,19.0,3.0,0,9.0,3,0,7,  ,0,0.0,0,0,0,0,0,0,0,0,0,0,0,0,0,0,0,0,0
13455,2010113821,845.0,832.0,67,67301,39.9339,-75.1493,0,0,0,0,0,0,4,10,2010,5,8.0,1.0,0,9.0,3,0,3,  ,0,0.0,0,0,1,0,0,0,0,0,0,0,0,0,0,0,0,0,0
13456,2010113822,1727.0,1728.0,67,67301,39.9303,-75.148,0,0,0,0,0,0,4,9,2010,2,17.0,1.0,0,9.0,3,1,7,  ,3,3.0,0,0,1,0,0,0,0,0,0,0,0,0,0,0,0,0,0
13457,2010113827,953.0,950.0,67,67301,39.9367,-75.1873,0,0,0,0,0,0,4,9,2010,5,9.0,1.0,0,1.0,3,1,3,  ,3,3.0,0,0,1,0,0,0,0,0,0,0,0,0,0,0,0,0,0
13458,2010114041,743.0,738.0,67,67301,39.9647,-75.1778,0,0,0,0,0,1,4,10,2010,2,7.0,1.0,0,1.0,3,0,3,  ,0,0.0,0,0,1,0,0,0,0,0,0,0,0,0,0,0,0,0,0
13459,2010114065,1305.0,1300.0,67,67301,39.9671,-75.1566,0,0,0,0,0,0,4,10,2010,2,11.0,1.0,0,1.0,3,1,3,  ,3,3.0,1,0,1,0,0,0,0,0,0,0,0,0,1,0,0,0,0
13460,2010114072,1810.0,1805.0,67,67301,39.9432,-75.1585,0,0,0,0,0,1,4,11,2010,4,18.0,3.0,0,1.0,3,1,3,  ,3,3.0,0,0,1,0,0,0,0,0,0,0,0,0,0,0,0,1,0
13461,2010114073,610.0,552.0,67,67301,39.9401,-75.1667,0,0,0,0,0,0,5,10,2010,4,5.0,1.0,0,9.0,3,0,3,  ,0,0.0,0,0,0,0,0,0,0,0,0,0,0,0,0,0,0,0,0
13462,2010114152,1617.0,1615.0,66,66212,40.0001,-76.6226,0,0,0,0,1,0,5,11,2010,5,16.0,1.0,0,1.0,1,2,3,  ,0,0.0,0,0,0,0,0,0,0,0,0,0,0,0,0,0,0,0,0
13463,2010114280,1705.0,1703.0,46,46204,40.1852,-75.16,0,0,0,0,0,0,4,10,2010,4,17.0,1.0,0,1.0,3,0,3,  ,8,3.0,0,0,1,0,0,0,0,0,0,0,0,0,0,0,0,0,1
13464,2010114287,551.0,546.0,9,9226,40.2011,-75.1218,0,0,0,0,0,0,1,11,2010,2,5.0,2.0,0,1.0,3,0,3,  ,0,0.0,0,0,0,0,0,0,0,0,0,0,0,0,0,0,0,1,0
13465,2010114329,1440.0,1436.0,67,67301,40.0199,-75.0956,0,0,0,0,0,0,4,10,2010,1,14.0,1.0,0,1.0,3,2,3,  ,2,3.0,1,0,1,0,0,0,0,0,0,0,0,0,0,0,0,0,0
13466,2010114340,1234.0,1231.0,67,67301,39.9373,-75.1619,0,0,0,0,0,1,4,10,2010,4,12.0,1.0,7,9.0,3,0,7,  ,0,0.0,1,0,1,0,0,0,0,0,0,0,0,0,0,0,0,1,0
13467,2010114551,1255.0,1250.0,6,6301,40.3502,-75.9158,0,0,0,0,0,1,4,10,2010,7,12.0,1.0,0,1.0,3,1,3,  ,2,3.0,0,0,1,0,0,0,0,0,0,0,0,0,0,0,0,0,0
13468,2010114562,1720.0,1718.0,67,67301,39.9327,-75.1544,0,0,0,0,0,0,5,11,2010,4,17.0,1.0,0,1.0,3,0,3,  ,0,0.0,1,0,0,0,0,0,0,0,0,0,0,0,0,0,0,0,0
13469,2010115282,1536.0,1534.0,23,23111,39.9641,-75.2713,0,0,0,0,0,0,0,11,2010,2,15.0,1.0,7,1.0,3,0,3,  ,0,0.0,1,0,0,0,0,0,0,0,0,0,0,0,0,0,0,0,0
13470,2010115446,1752.0,1751.0,40,40414,41.2618,-75.8972,0,0,0,0,0,1,4,11,2010,2,17.0,1.0,0,1.0,3,1,3,  ,2,3.0,0,0,1,0,0,0,0,0,0,0,0,0,0,0,0,0,0
13471,2010115459,1723.0,1720.0,48,48211,40.7812,-75.4189,0,0,0,0,0,0,5,11,2010,2,17.0,2.0,0,1.0,1,2,3,  ,0,0.0,0,0,0,0,0,0,0,0,0,0,0,0,0,0,0,0,1
13472,2010116357,1343.0,1341.0,67,67301,39.9543,-75.2139,0,0,0,0,0,0,4,9,2010,2,13.0,1.0,0,1.0,3,1,3,  ,3,3.0,0,0,1,0,0,1,0,0,0,0,0,0,0,0,0,0,0
13473,2010116386,1215.0,1207.0,9,9101,40.1286,-74.8319,0,0,0,0,0,0,8,11,2010,4,12.0,1.0,0,1.0,3,0,3,  ,0,0.0,0,0,0,0,0,0,0,0,0,0,0,0,0,0,0,0,0
13474,2010116604,1332.0,1329.0,36,36407,40.1624,-76.6038,0,0,0,0,0,0,4,11,2010,4,13.0,1.0,0,1.0,2,1,3,  ,3,3.0,0,0,1,0,0,0,0,0,0,0,0,0,0,0,0,0,0
13475,2010117016,1845.0,1842.0,46,46416,40.2524,-75.6696,0,0,0,0,0,0,5,11,2010,7,18.0,3.0,0,1.0,2,2,3,  ,3,3.0,0,0,0,0,0,0,0,0,0,0,0,0,0,0,0,0,0
13476,2010117061,1408.0,1407.0,14,14410,40.7918,-77.8574,0,0,0,0,0,0,5,11,2010,1,14.0,1.0,2,1.0,3,1,3,  ,0,0.0,0,0,0,0,0,0,0,0,0,0,0,0,0,0,0,0,1
13477,2010117382,1208.0,1203.0,9,9101,40.1504,-74.857,0,1,0,0,0,0,1,11,2010,2,12.0,1.0,0,1.0,3,0,3,  ,0,0.0,1,0,0,0,0,0,0,0,0,0,0,0,0,0,0,0,0
13478,2010117727,1626.0,1624.0,67,67301,39.9641,-75.2164,0,0,0,0,1,0,5,11,2010,2,16.0,1.0,0,1.0,3,1,3,  ,2,3.0,1,0,0,0,0,0,0,0,0,0,0,0,0,0,0,0,0
13479,2010117729,1553.0,1551.0,67,67301,39.9651,-75.1977,0,0,0,0,0,1,8,10,2010,7,15.0,1.0,0,1.0,3,1,3,  ,3,3.0,0,0,0,0,0,0,0,0,0,0,0,0,0,0,0,0,0
13480,2010117770,1450.0,1445.0,67,67301,39.9723,-75.1664,0,0,0,0,0,0,5,11,2010,2,14.0,1.0,0,1.0,3,0,3,  ,0,0.0,0,0,0,0,0,0,0,0,0,0,0,0,0,0,0,0,0
13481,2010117826,1621.0,1540.0,67,67301,39.9359,-75.1618,0,0,0,0,1,0,4,10,2010,4,15.0,1.0,0,1.0,3,1,3,  ,2,3.0,0,0,1,0,0,0,0,0,0,0,0,0,0,0,0,0,0
13482,2010117894,1046.0,1042.0,67,67301,39.9446,-75.2275,0,0,0,0,0,0,4,10,2010,1,10.0,1.0,0,1.0,3,0,3,  ,0,0.0,0,0,1,0,0,0,0,0,0,0,0,0,0,0,0,1,0
13483,2010117907,1442.0,1437.0,67,67301,39.9966,-75.1589,0,0,0,0,0,0,4,10,2010,7,14.0,1.0,0,1.0,3,3,3,  ,3,3.0,1,0,1,0,0,0,0,0,0,0,0,0,0,0,0,0,0
13484,2010117917,1822.0,1820.0,67,67301,39.9442,-75.1617,0,0,0,0,0,1,5,10,2010,1,18.0,4.0,0,1.0,3,0,3,  ,2,3.0,0,0,0,0,0,0,0,0,0,0,0,0,0,0,0,0,0
13485,2010117935,9999.0,1521.0,67,67301,40.0414,-75.1441,0,0,0,0,0,1,4,10,2010,7,15.0,1.0,0,1.0,3,1,3,  ,2,3.0,0,0,1,0,0,0,0,0,0,0,0,0,0,0,0,0,0
13486,2010117936,919.0,915.0,67,67301,39.9362,-75.1759,0,0,0,0,1,0,4,10,2010,2,9.0,1.0,0,1.0,3,0,3,  ,0,0.0,0,0,1,0,0,0,0,0,0,0,0,0,0,0,0,0,0
13487,2010117942,2228.0,2228.0,67,67301,39.9621,-75.1614,0,1,0,0,0,0,4,10,2010,5,22.0,3.0,0,1.0,3,1,3,  ,2,3.0,0,0,1,0,0,0,0,0,0,0,0,0,0,0,0,0,0
13488,2010117955,750.0,742.0,67,67301,39.9673,-75.2457,0,0,0,0,0,1,1,10,2010,7,7.0,1.0,0,1.0,3,1,3,  ,2,3.0,0,1,0,0,0,0,1,1,0,1,0,0,0,0,0,0,0
13489,2010117970,824.0,824.0,67,67301,39.9598,-75.1738,0,0,0,0,0,0,5,7,2010,5,8.0,1.0,0,1.0,3,0,3,  ,0,0.0,1,0,0,0,0,0,0,0,0,0,0,0,0,0,0,0,0
13490,2010117977,1025.0,1020.0,67,67301,39.9342,-75.1434,0,0,0,0,0,0,5,10,2010,4,9.0,1.0,0,1.0,3,0,3,  ,0,0.0,0,0,0,0,0,0,0,0,0,0,0,0,0,0,0,0,0
13491,2010117989,2155.0,2145.0,67,67301,39.9642,-75.1902,0,0,0,0,0,0,1,11,2010,3,21.0,3.0,0,1.0,3,1,3,  ,3,2.0,1,0,0,0,0,0,0,0,0,0,0,0,0,0,1,0,0
13492,2010117995,1010.0,1006.0,67,67301,39.9768,-75.1426,0,0,0,0,1,0,4,10,2010,5,10.0,1.0,0,1.0,3,1,3,  ,3,3.0,0,0,1,0,0,0,0,0,0,0,0,0,0,0,0,0,0
13493,2010118021,2340.0,2340.0,67,67301,40.0214,-75.0794,0,0,0,0,0,0,4,10,2010,5,23.0,6.0,0,1.0,3,1,3,  ,3,3.0,0,0,1,0,0,0,0,0,0,0,0,0,0,0,0,0,1
13494,2010118032,1826.0,1821.0,67,67301,39.922,-75.151,0,0,0,0,0,0,5,11,2010,2,18.0,3.0,0,9.0,3,0,7,  ,0,0.0,0,0,0,0,0,0,0,0,0,0,0,0,0,0,0,0,0
13495,2010118066,1723.0,1719.0,67,67301,39.9284,-75.1521,0,0,0,0,1,0,4,10,2010,6,17.0,1.0,0,1.0,3,1,3,  ,3,3.0,0,0,1,0,0,0,0,0,0,0,0,0,0,0,0,1,0
13496,2010118072,1811.0,1806.0,67,67301,39.9244,-75.1696,0,0,1,0,0,0,4,10,2010,2,18.0,3.0,0,1.0,3,1,3,  ,2,3.0,1,0,1,0,1,0,0,0,0,0,0,0,0,0,0,0,0
13497,2010118093,1107.0,1103.0,67,67301,39.9358,-75.1705,0,0,0,0,0,0,4,10,2010,7,11.0,1.0,0,1.0,3,1,3,  ,3,3.0,0,0,1,0,0,0,0,0,0,0,0,0,0,0,0,0,0
13498,2010118278,1815.0,1812.0,22,22208,40.2796,-76.8081,0,0,0,0,0,0,4,11,2010,3,18.0,3.0,0,1.0,3,2,3,  ,3,3.0,0,0,1,0,0,0,0,0,0,0,0,0,0,0,0,1,0
13499,2010118388,1044.0,1039.0,67,67301,39.9506,-75.194,0,0,0,0,0,0,5,10,2010,5,10.0,1.0,0,1.0,3,0,3,  ,0,0.0,0,0,0,0,0,0,0,0,0,0,0,0,0,0,0,0,0
13500,2010118436,738.0,736.0,67,67301,40.0312,-75.1458,0,0,0,0,0,0,2,11,2010,5,7.0,5.0,0,9.0,3,1,7,  ,2,3.0,0,0,0,0,0,0,0,0,0,0,0,0,0,0,0,0,0
13501,2010118437,100.0,57.0,67,67301,39.9346,-75.1809,0,0,0,0,0,0,4,10,2010,6,0.0,3.0,0,1.0,3,1,3,  ,2,3.0,0,1,1,0,0,0,1,0,0,1,0,0,0,0,0,0,0
13502,2010118641,1048.0,1046.0,9,9208,40.177,-74.8568,0,0,0,0,0,0,4,12,2010,4,10.0,1.0,0,9.0,3,2,7,  ,2,3.0,0,0,1,0,0,0,0,0,0,0,0,0,0,0,0,1,0
13503,2010118739,1555.0,1549.0,46,46104,40.0034,-75.2679,0,0,0,0,0,1,4,11,2010,2,99.0,1.0,0,1.0,3,2,3,  ,2,3.0,0,0,1,0,0,0,0,0,0,0,0,0,0,0,0,1,0
13504,2010119109,1608.0,1602.0,36,36220,40.0216,-76.3346,0,0,0,0,0,0,4,11,2010,1,16.0,1.0,0,1.0,3,2,3,  ,0,0.0,1,0,1,0,0,0,0,0,0,0,0,0,0,0,0,0,0
13505,2010119179,1734.0,1721.0,46,46411,40.2314,-75.2592,0,0,0,0,0,1,4,12,2010,4,17.0,6.0,7,9.0,3,2,3,  ,0,0.0,1,0,1,0,0,0,0,0,0,0,0,0,0,0,0,0,0
13506,2010119541,2011.0,2010.0,25,25302,42.1225,-80.0942,0,1,0,0,0,0,4,11,2010,5,20.0,3.0,0,1.0,3,1,3,  ,3,3.0,0,0,1,0,0,0,0,0,0,0,0,0,0,0,0,0,0
13507,2010119552,1904.0,1901.0,25,25302,42.117,-80.1057,0,0,0,0,0,0,4,11,2010,3,19.0,3.0,0,1.0,3,1,3,  ,3,3.0,1,0,1,0,0,0,0,0,0,0,0,0,0,0,0,1,0
13508,2010120852,948.0,948.0,21,21104,40.1995,-76.9965,0,0,0,0,1,0,4,12,2010,2,9.0,1.0,7,1.0,3,0,3,  ,3,3.0,1,0,1,0,0,0,0,0,0,0,0,0,0,0,0,0,0
13509,2010121345,2137.0,2134.0,46,46416,40.2537,-75.6451,0,0,0,0,0,0,4,12,2010,5,21.0,2.0,0,1.0,2,1,3,  ,0,0.0,0,1,1,0,0,0,0,0,0,0,0,0,0,0,0,0,1
13510,2010121852,2100.0,2059.0,67,67301,39.9626,-75.2128,0,0,0,0,0,0,8,11,2010,6,20.0,3.0,0,1.0,3,0,3,  ,0,0.0,0,0,0,0,0,0,0,0,0,0,0,0,0,0,0,0,1
13511,2010121919,1529.0,1528.0,67,67301,40.0465,-75.0453,0,0,0,0,0,0,4,11,2010,4,15.0,1.0,7,1.0,3,2,3,  ,2,3.0,1,0,1,0,0,0,0,0,0,0,0,0,0,0,0,0,0
13512,2010121923,9999.0,1634.0,67,67301,40.0391,-75.1392,0,0,1,0,0,0,4,11,2010,6,15.0,1.0,0,1.0,3,1,3,  ,3,1.0,0,0,1,0,1,0,0,0,0,0,0,0,0,0,0,0,0
13513,2010122172,1623.0,1620.0,67,67301,39.9641,-75.1407,0,0,0,0,0,0,6,11,2010,4,16.0,1.0,0,1.0,3,1,3,  ,2,3.0,0,0,0,0,0,0,0,0,0,0,0,0,0,0,0,0,0
13514,2010122180,1058.0,1051.0,67,67301,40.0501,-75.0347,0,0,1,0,0,0,5,11,2010,3,10.0,1.0,0,1.0,3,0,3,  ,0,0.0,0,0,0,0,1,0,0,0,0,0,0,0,0,0,0,0,0
13515,2010122405,1233.0,1231.0,67,67301,39.9539,-75.1886,0,0,0,0,0,0,1,11,2010,4,12.0,1.0,0,1.0,3,0,3,  ,0,0.0,1,0,0,0,0,0,0,0,0,0,0,0,0,0,1,0,0
13516,2010122423,1910.0,1904.0,67,67301,40.0404,-75.0655,0,0,0,0,0,0,4,11,2010,7,19.0,3.0,0,1.0,3,5,3,  ,2,9.0,0,1,1,0,0,0,0,0,0,0,0,0,0,0,0,0,0
13517,2010122428,2039.0,2039.0,67,67301,40.0245,-75.1286,0,0,0,0,0,0,4,11,2010,5,19.0,3.0,0,1.0,3,0,3,  ,0,0.0,0,0,1,0,0,0,0,0,0,0,0,0,0,0,0,0,0
13518,2010122447,1526.0,1520.0,67,67301,39.988,-75.1693,0,0,0,0,0,0,4,11,2010,7,99.0,1.0,0,1.0,3,2,3,  ,9,9.0,1,0,1,1,0,1,0,0,0,0,0,0,0,0,0,0,0
13519,2010122478,1720.0,1715.0,67,67301,40.0477,-75.1188,0,0,0,0,0,0,8,11,2010,6,14.0,1.0,0,1.0,3,2,3,  ,3,3.0,0,0,0,0,0,0,0,0,0,0,0,0,0,0,0,1,0
13520,2010122531,1942.0,1942.0,67,67301,39.9525,-75.2093,0,0,0,0,0,0,4,11,2010,1,19.0,3.0,0,1.0,3,1,3,  ,2,3.0,0,0,1,0,0,0,0,0,0,0,0,0,0,0,0,0,0
13521,2010122558,1328.0,1324.0,67,67301,39.9319,-75.1698,0,0,0,0,0,1,4,11,2010,3,13.0,1.0,0,1.0,3,1,3,  ,3,3.0,0,0,1,0,0,0,0,0,0,0,0,0,0,0,0,0,0
13522,2010122561,1740.0,1733.0,67,67301,39.9616,-75.1666,0,0,0,0,0,0,5,11,2010,6,16.0,1.0,0,1.0,3,0,3,  ,0,0.0,1,0,0,0,0,0,0,0,0,0,0,0,0,0,0,0,0
13523,2010122571,1314.0,1311.0,67,67301,39.9321,-75.1611,0,0,0,0,0,0,4,11,2010,1,13.0,1.0,0,1.0,3,0,3,  ,0,0.0,0,0,1,0,0,0,0,0,0,0,0,0,0,0,0,0,0
13524,2010122595,1405.0,1303.0,67,67301,39.9177,-75.1668,0,0,0,0,0,0,1,11,2010,4,12.0,1.0,0,1.0,3,1,3,  ,8,2.0,0,0,0,0,0,0,0,0,0,0,0,0,0,0,0,0,0
13525,2010122642,1451.0,1447.0,67,67301,39.9335,-75.1678,0,0,0,0,0,0,4,11,2010,4,14.0,1.0,0,1.0,3,0,3,  ,0,0.0,1,0,1,0,0,0,0,0,0,0,0,0,0,0,1,0,0
13526,2010122645,335.0,335.0,67,67301,39.9399,-75.198,0,0,0,0,0,0,4,11,2010,7,3.0,6.0,7,1.0,3,0,3,  ,0,0.0,0,0,1,0,0,0,0,0,0,0,0,0,0,0,0,0,0
13527,2010122864,1753.0,1730.0,6,6217,40.4483,-75.5526,0,1,0,0,0,0,1,11,2010,1,17.0,3.0,0,1.0,1,0,3,  ,2,3.0,0,0,0,0,0,0,0,0,0,0,0,0,0,0,0,1,0
13528,2010123501,1447.0,1447.0,46,46215,40.2089,-75.4315,0,0,0,0,0,0,4,11,2010,1,14.0,1.0,0,1.0,1,2,3,  ,3,3.0,0,0,1,0,0,0,0,0,0,0,0,0,0,0,0,0,0
13529,2010123849,734.0,730.0,6,6301,40.3211,-75.9345,0,0,0,0,0,1,4,10,2010,2,21.0,3.0,0,1.0,3,1,3,  ,0,0.0,1,0,1,0,0,0,0,0,0,0,0,0,0,0,0,0,1
13530,2010124276,1556.0,1547.0,21,21213,40.1296,-77.1675,0,0,0,0,1,0,4,12,2010,7,15.0,1.0,7,1.0,1,0,3,  ,3,3.0,1,0,1,0,0,0,0,0,0,0,1,0,0,0,0,0,0
13531,2010124829,846.0,841.0,35,35302,41.3966,-75.6367,0,0,0,1,0,0,4,12,2010,4,8.0,1.0,0,1.0,3,0,3,  ,0,0.0,0,0,1,0,0,0,0,0,0,0,0,0,0,0,0,0,0
13532,2010125095,1938.0,1925.0,67,67301,39.9572,-75.1587,0,0,0,0,0,0,4,11,2010,3,19.0,3.0,0,1.0,3,2,3,  ,2,3.0,1,0,1,0,0,0,0,0,0,0,0,0,0,0,0,0,1
13533,2010125112,2324.0,2320.0,67,67301,40.0287,-75.0952,0,0,0,0,0,1,5,11,2010,6,23.0,3.0,0,1.0,3,0,3,  ,0,0.0,1,0,0,0,0,0,0,0,0,0,0,0,0,0,0,0,0
13534,2010125984,2216.0,2215.0,36,36301,40.0404,-76.2974,0,0,0,0,1,0,4,12,2010,6,22.0,3.0,0,1.0,3,1,3,  ,2,3.0,0,0,1,0,0,0,0,0,0,0,0,0,0,0,0,0,0
13535,2010126544,1737.0,1721.0,40,40225,41.2189,-76.0112,0,0,0,0,0,1,8,12,2010,4,17.0,3.0,0,1.0,1,0,3,  ,0,0.0,1,0,0,0,0,0,0,0,0,0,0,0,0,0,0,1,0
13536,2010126961,629.0,1619.0,21,21207,40.1973,-77.0641,0,0,0,0,1,0,4,12,2010,2,6.0,3.0,0,1.0,1,1,3,  ,3,3.0,1,1,1,0,0,0,0,0,0,0,0,0,0,0,0,0,0
13537,2010127239,1007.0,1007.0,36,36301,40.044,-76.3096,0,0,0,0,0,0,4,12,2010,2,10.0,1.0,0,1.0,3,1,3,  ,3,3.0,0,0,1,0,0,0,0,0,0,0,0,0,0,0,0,0,1
13538,2010128157,1407.0,1403.0,6,6203,40.2659,-75.7549,0,0,0,0,0,1,4,12,2010,6,14.0,1.0,0,1.0,1,2,3,  ,3,3.0,1,0,1,0,0,0,0,0,0,0,0,0,0,0,0,0,0
13539,2010128756,857.0,849.0,36,36301,40.0435,-76.298,0,0,0,0,0,0,4,12,2010,5,7.0,1.0,0,1.0,3,2,3,  ,3,3.0,0,0,1,0,0,0,0,0,0,0,0,0,0,0,0,0,0
13540,2010129353,1938.0,1933.0,22,22102,40.2471,-76.8256,0,0,0,0,0,0,4,12,2010,5,19.0,3.0,0,1.0,3,1,3,  ,2,3.0,0,0,1,0,0,0,0,0,0,0,0,0,0,0,0,1,0
13541,2010129604,1514.0,1514.0,36,36101,,,0,0,0,0,0,0,4,12,2010,2,15.0,1.0,0,1.0,3,2,3,  ,3,3.0,0,0,1,0,0,1,0,0,0,0,0,0,0,0,0,0,0
13542,2010129917,1551.0,1548.0,39,39302,40.6318,-75.4074,0,0,0,0,0,0,4,11,2010,6,15.0,1.0,0,1.0,3,2,3,  ,3,3.0,0,0,1,0,0,0,0,0,0,0,0,0,0,0,0,0,0
13543,2010129995,2028.0,2027.0,48,48207,40.7494,-75.5022,0,0,0,0,0,0,5,12,2010,2,20.0,2.0,0,1.0,1,0,3,  ,0,0.0,0,0,0,0,0,0,0,0,0,0,0,0,0,0,0,1,0
13544,2011000121,1527.0,1525.0,19,19402,,,0,0,0,0,0,1,4,10,2010,3,15.0,1.0,0,1.0,2,1,3,  ,0,0.0,0,0,1,0,0,0,0,0,0,0,0,0,0,0,0,0,0
13545,2011000750,1255.0,1253.0,67,67301,39.9941,-75.1803,0,0,0,0,1,0,4,11,2010,1,12.0,1.0,0,1.0,3,1,3,  ,3,3.0,0,0,1,0,0,0,0,0,0,0,0,0,0,0,0,0,0
13546,2011000755,2229.0,2227.0,23,23111,39.9416,-75.2537,1,0,0,0,1,0,1,12,2010,5,22.0,3.0,0,2.0,3,0,3,  ,0,0.0,0,1,0,0,0,0,1,1,0,1,0,0,0,0,0,0,0
13547,2011000880,1724.0,1719.0,67,67301,39.9356,-75.1673,0,0,0,0,0,0,5,12,2010,6,17.0,3.0,0,1.0,3,0,3,  ,0,0.0,0,0,0,0,0,0,0,0,0,0,0,0,0,0,0,0,0