,CRN,ARRIVAL_TM,DISPATCH_TM,COUNTY,MUNICIPALITY,DEC_LAT,DEC_LONG,BICYCLE_DEATH_COUNT,BICYCLE_SUSP_SERIOUS_INJ_COUNT,BUS_COUNT,HEAVY_TRUCK_COUNT,SMALL_TRUCK_COUNT,SUV_COUNT,COLLISION_TYPE,CRASH_MONTH,CRASH_YEAR,DAY_OF_WEEK,HOUR_OF_DAY,ILLUMINATION,LOCATION_TYPE,ROAD_CONDITION,URBAN_RURAL,INTERSECT_TYPE,WEATHER1,WEATHER2,TCD_TYPE,TCD_FUNC_CD,AGGRESSIVE_DRIVING,ALCOHOL_RELATED,ANGLE_CRASH,CELL_PHONE,COMM_VEHICLE,DISTRACTED,DRINKING_DRIVER,DRUGGED_DRIVER,FATIGUE_ASLEEP,IMPAIRED_DRIVER,NHTSA_AGG_DRIVING,RUNNING_RED_LT,RUNNING_STOP_SIGN,SPEEDING_RELATED,TAILGATING,MATURE_DRIVER,YOUNG_DRIVER
13548,2011001025,1542.0,9999.0,67,67301,39.9969,-75.1538,0,0,0,0,0,0,1,11,2010,4,13.0,1.0,0,1.0,3,0,3,  ,0,0.0,0,0,0,0,0,1,0,0,0,0,0,0,0,0,0,0,0
13549,2011001030,804.0,759.0,67,67301,40.0471,-75.0911,1,0,0,0,0,0,4,11,2010,6,7.0,1.0,0,1.0,3,5,3,  ,2,3.0,1,0,1,0,0,0,0,0,0,0,0,0,0,0,0,0,0
13550,2011001082,1235.0,1221.0,67,67301,39.9256,-75.1693,0,0,0,0,0,0,4,12,2010,6,12.0,1.0,0,1.0,3,1,3,  ,2,3.0,0,0,1,0,0,0,0,0,0,0,0,0,0,0,0,0,0
13551,2011001092,1800.0,1753.0,67,67301,39.9558,-75.236,0,0,1,0,0,0,5,11,2010,1,17.0,3.0,0,1.0,3,1,3,  ,0,0.0,0,0,0,0,1,0,0,0,0,0,0,0,0,0,0,0,0
13552,2011001554,740.0,730.0,9,9211,40.2084,-74.8226,0,1,0,1,0,0,6,12,2010,5,7.0,1.0,0,1.0,3,1,3,  ,2,3.0,0,0,0,0,1,0,0,0,0,0,0,0,0,0,0,0,0
13553,2011001567,1757.0,1754.0,15,15205,40.0158,-75.6858,0,0,0,0,0,0,4,12,2010,4,17.0,3.0,7,1.0,3,2,3,  ,2,3.0,0,0,1,0,0,0,0,0,0,0,0,0,0,0,0,1,0
13554,2011001722,1315.0,1230.0,67,67301,39.9758,-75.2266,0,0,0,0,0,0,4,11,2010,3,12.0,1.0,0,9.0,3,2,7,  ,3,3.0,1,0,1,0,0,0,0,0,0,0,0,0,0,0,0,0,0
13555,2011001742,1640.0,1634.0,67,67301,40.0358,-75.0387,0,0,0,0,0,0,4,12,2010,1,16.0,1.0,0,1.0,3,1,3,  ,3,3.0,1,0,1,0,0,0,0,0,0,0,0,0,1,0,0,0,0
13556,2011001747,1431.0,1431.0,67,67301,39.951,-75.1975,0,0,0,0,0,0,5,11,2010,4,14.0,1.0,0,1.0,3,0,3,  ,0,0.0,0,0,0,0,0,0,0,0,0,0,0,0,0,0,0,0,0
13557,2011002445,1357.0,1355.0,9,9224,40.3036,-74.8809,1,0,0,0,0,0,2,11,2010,6,13.0,1.0,0,1.0,1,0,3,  ,0,0.0,0,0,0,0,0,0,0,0,0,0,0,0,0,0,0,0,0
13558,2011002869,1854.0,1849.0,46,46222,40.1337,-75.4593,0,0,0,0,0,0,1,10,2010,3,18.0,6.0,0,1.0,3,0,3,  ,0,0.0,0,0,0,0,0,0,0,0,0,0,0,0,0,0,0,0,0
13559,2011003847,1745.0,1739.0,59,59403,40.9227,-77.0328,0,0,0,0,0,1,2,12,2010,2,17.0,3.0,0,1.0,1,0,3,  ,0,0.0,0,0,0,0,0,1,0,0,0,0,0,0,0,0,0,0,0
13560,2011005599,1445.0,1443.0,66,66103,39.7752,-76.9575,0,0,0,0,1,0,4,12,2010,4,14.0,1.0,0,1.0,2,2,3,  ,0,0.0,0,0,1,0,0,1,0,0,0,0,0,0,0,0,0,0,0
13561,2011007630,1533.0,1502.0,21,21213,40.0998,-77.1282,0,0,0,0,0,0,1,12,2010,4,14.0,1.0,0,1.0,1,0,3,  ,0,0.0,0,0,0,0,0,0,0,0,0,0,0,0,0,0,0,0,0
13562,2011008238,1031.0,9999.0,67,67301,39.9541,-75.2026,0,0,0,0,0,1,8,12,2010,5,10.0,1.0,0,1.0,3,1,3,  ,2,3.0,0,0,0,0,0,0,0,0,0,0,0,0,0,0,0,0,0
13563,2011008449,1420.0,1417.0,67,67301,39.9214,-75.1666,0,0,0,0,0,1,4,12,2010,3,14.0,1.0,0,1.0,3,1,3,  ,3,1.0,0,0,1,0,0,0,0,0,0,0,0,0,0,0,0,0,0
13564,2011009835,1929.0,1924.0,46,46204,40.1829,-75.1374,0,0,0,0,0,0,6,12,2010,4,19.0,2.0,0,1.0,3,2,3,  ,0,0.0,0,0,0,0,0,0,0,0,0,0,0,0,0,0,0,0,0
13565,2011009954,1901.0,1856.0,39,39301,40.5978,-75.4952,0,0,0,0,0,0,4,12,2010,2,18.0,2.0,7,1.0,3,1,3,  ,0,0.0,0,0,1,0,0,1,0,0,0,0,0,0,0,0,0,0,0
13566,2011013156,1641.0,1636.0,67,67301,39.9899,-75.1479,0,0,0,0,0,1,4,10,2010,6,13.0,1.0,0,1.0,3,2,3,  ,0,0.0,1,0,1,0,0,0,0,0,0,0,0,0,0,0,0,0,0
13567,2011015194,1550.0,1518.0,15,15219,40.0906,-75.9171,0,0,0,0,0,0,4,12,2010,3,15.0,1.0,0,1.0,1,1,3,  ,3,3.0,0,0,1,0,0,0,0,0,0,0,0,0,0,0,0,0,0
13568,2011017284,1720.0,1718.0,46,46110,40.1716,-75.1278,0,0,0,0,0,1,8,12,2010,3,17.0,3.0,0,1.0,3,5,3,  ,2,3.0,0,1,0,0,0,0,0,0,0,0,0,0,0,0,0,0,0
13569,2011022585,,,67,67301,,,0,0,0,0,0,0,1,5,2010,4,16.0,1.0,0,1.0,3,0,3,  ,0,0.0,0,0,0,0,0,0,0,0,0,0,0,0,0,0,0,1,0
13570,2011023499,0.0,0.0,67,67301,39.9604,-75.1397,0,0,0,0,0,0,4,4,2010,7,14.0,1.0,7,1.0,3,0,3,  ,0,0.0,1,0,1,0,0,0,0,0,0,0,0,0,0,0,0,0,0
13571,2011024345,0.0,0.0,67,67301,39.9759,-75.1585,0,0,0,0,1,0,4,1,2010,3,12.0,1.0,0,1.0,3,1,3,  ,2,3.0,1,0,1,0,0,0,0,0,0,0,0,0,0,0,0,0,0
13572,2011024355,0.0,0.0,67,67301,39.9443,-75.219,0,0,0,0,0,0,4,3,2010,7,3.0,6.0,0,1.0,3,2,3,  ,0,0.0,1,0,1,0,0,0,0,0,0,0,0,0,0,0,0,0,0
13573,2011024375,0.0,0.0,67,67301,40.0954,-74.9597,0,0,0,0,0,0,4,3,2010,5,99.0,1.0,7,1.0,3,0,3,  ,0,0.0,1,0,1,0,0,0,0,0,0,0,0,0,0,0,0,0,0
13574,2011024456,0.0,0.0,20,20235,41.6792,-80.0931,0,0,0,0,0,0,4,6,2010,3,8.0,6.0,0,9.0,1,10,7,  ,0,0.0,0,0,1,0,0,0,0,0,0,0,0,0,0,0,0,0,0
13575,2011024924,0.0,0.0,67,67301,39.9349,-75.1627,0,0,0,0,0,0,1,4,2010,1,21.0,3.0,0,9.0,3,0,7,  ,0,0.0,0,0,0,0,0,0,0,0,0,0,0,0,0,0,0,0,0
13576,2011024965,0.0,0.0,46,46101,40.1267,-75.1026,0,0,0,0,0,0,5,7,2010,7,13.0,1.0,0,1.0,3,0,3,  ,0,0.0,0,0,0,0,0,0,0,0,0,0,0,0,0,0,0,0,0
13577,2011025675,1948.0,1944.0,67,67301,40.062,-75.0445,0,0,0,0,0,1,4,5,2010,6,19.0,3.0,7,1.0,3,0,3,  ,0,0.0,0,0,1,0,0,0,0,0,0,0,0,0,0,0,0,0,0
13578,2011025677,1631.0,1631.0,67,67301,39.9332,-75.151,0,0,0,0,0,0,6,6,2010,7,16.0,1.0,0,1.0,3,1,3,  ,3,3.0,0,0,0,0,0,0,0,0,0,0,0,0,0,0,0,0,0
13579,2011025681,1935.0,1930.0,67,67301,40.039,-75.0563,0,0,0,0,0,0,4,6,2010,6,18.0,1.0,0,1.0,3,1,3,  ,2,3.0,0,0,1,0,0,0,0,0,0,0,0,0,0,0,0,1,0
13580,2011025692,1800.0,1752.0,67,67301,39.972,-75.184,0,0,0,0,0,0,4,5,2010,5,17.0,1.0,0,1.0,3,2,3,  ,3,3.0,0,0,1,0,0,0,0,0,0,0,0,0,0,0,0,0,0
13581,2011025693,1937.0,1931.0,67,67301,40.0483,-75.006,0,0,0,0,0,0,4,5,2010,4,19.0,1.0,0,1.0,3,1,3,  ,3,3.0,0,0,1,0,0,0,0,0,0,0,0,0,0,0,0,0,0
13582,2011025719,2230.0,2220.0,67,67301,40.0066,-75.0682,0,0,0,0,0,0,5,5,2010,5,22.0,2.0,0,1.0,3,0,3,  ,0,0.0,0,0,0,0,0,0,0,0,0,0,0,0,0,0,0,0,0
13583,2011025770,1515.0,1514.0,67,67301,40.0451,-75.1371,0,0,0,0,0,1,4,5,2010,1,15.0,1.0,0,1.0,3,1,3,  ,3,3.0,0,0,1,0,0,0,0,0,0,0,0,0,0,0,0,1,0
13584,2011025804,0.0,0.0,32,32223,40.636,-79.1037,0,0,0,0,1,0,5,6,2010,4,14.0,1.0,0,1.0,1,2,3,  ,0,0.0,0,0,0,0,0,0,0,0,0,0,0,0,0,0,0,0,0
13585,2011025810,0.0,0.0,2,2301,40.4384,-80.002,0,0,0,0,0,0,4,6,2010,2,16.0,1.0,0,1.0,3,1,3,  ,0,0.0,0,0,1,0,0,0,0,0,0,0,0,0,0,0,0,0,0
13586,2011025872,0.0,0.0,67,67301,39.9979,-75.1315,0,0,0,0,0,0,6,10,2010,5,7.0,1.0,0,1.0,3,1,3,  ,3,3.0,0,0,0,0,0,0,0,0,0,0,0,0,0,0,0,0,0
13587,2011026246,1543.0,1540.0,67,67301,39.9716,-75.2386,0,0,0,0,0,0,4,5,2010,1,15.0,1.0,0,1.0,3,1,3,  ,3,3.0,0,0,1,0,0,0,0,0,0,0,0,0,0,0,0,0,0
13588,2011026296,2318.0,2315.0,67,67301,40.0535,-75.1499,0,1,0,0,1,0,5,6,2010,3,23.0,3.0,0,9.0,3,0,3,  ,0,0.0,0,1,0,0,0,0,1,0,0,1,0,0,0,0,0,0,0
13589,2011026312,1701.0,1700.0,67,67301,39.9696,-75.1407,0,0,0,0,0,1,4,5,2010,7,16.0,1.0,0,1.0,3,1,3,  ,3,3.0,1,0,1,0,0,0,0,0,0,0,0,0,0,0,0,0,0
13590,2011026345,2140.0,2130.0,67,67301,39.9768,-75.2327,0,0,0,0,1,0,4,5,2010,2,21.0,3.0,0,1.0,3,0,3,  ,0,0.0,0,0,1,0,0,0,0,0,0,0,0,0,0,0,0,0,0
13591,2011027739,0.0,0.0,67,67301,39.9905,-75.1641,0,0,0,0,0,0,4,3,2010,3,18.0,4.0,0,1.0,3,1,3,  ,3,3.0,1,0,1,0,0,1,0,0,0,0,0,0,1,0,0,0,0
13592,2011027740,0.0,0.0,67,67301,39.9496,-75.1539,0,0,0,0,0,0,5,9,2010,6,1.0,6.0,0,1.0,3,1,3,  ,2,3.0,0,0,0,0,0,0,0,0,0,0,0,0,0,0,0,0,0
13593,2011027929,1730.0,1726.0,67,67301,40.0179,-75.0807,0,0,0,0,0,0,4,5,2010,7,17.0,1.0,0,1.0,3,1,3,  ,3,3.0,1,0,1,0,0,0,0,0,0,0,0,0,0,0,0,0,0
13594,2011027931,945.0,938.0,67,67301,39.9314,-75.18,0,0,0,1,0,0,5,5,2010,6,8.0,1.0,0,1.0,3,0,3,  ,0,0.0,0,0,0,0,1,0,0,0,0,0,0,0,0,0,0,0,0
13595,2011027939,1146.0,1141.0,67,67301,39.9871,-75.1745,0,0,0,0,0,0,5,5,2010,7,11.0,1.0,0,1.0,3,0,3,  ,0,0.0,0,0,0,0,0,0,0,0,0,0,0,0,0,0,0,0,0
13596,2011028940,1410.0,1407.0,64,64303,,,0,0,0,0,1,0,4,9,2010,2,14.0,1.0,0,1.0,3,1,3,  ,0,0.0,0,0,1,0,0,0,0,0,0,0,0,0,0,0,0,0,1
13597,2011029097,2256.0,2253.0,41,41301,41.2398,-77.0171,0,0,0,0,1,0,8,6,2010,3,22.0,3.0,0,1.0,3,1,3,  ,2,3.0,1,0,0,0,0,0,0,0,0,0,0,1,0,0,0,0,0
13598,2011029404,1032.0,1028.0,40,40434,41.3589,-76.0318,0,0,0,0,0,1,5,6,2010,1,10.0,1.0,0,1.0,3,0,3,  ,0,0.0,1,0,0,0,0,0,0,0,0,0,0,0,0,0,0,0,0
13599,2011046972,1525.0,1521.0,67,67301,39.9986,-75.1298,0,0,0,1,0,0,4,6,2010,4,15.0,1.0,0,1.0,3,2,3,  ,3,3.0,0,0,1,0,1,0,0,0,0,0,0,0,0,0,0,0,0
13600,2011048656,1735.0,1730.0,67,67301,39.9246,-75.1712,0,0,0,0,0,1,5,5,2010,5,99.0,1.0,0,1.0,3,1,3,  ,2,3.0,1,0,0,0,0,0,0,0,0,0,0,0,0,0,0,0,0
13601,2011090561,2210.0,2158.0,67,67301,39.9208,-75.1613,0,0,0,0,0,0,8,8,2010,2,99.0,3.0,0,1.0,3,1,3,  ,0,0.0,0,0,0,0,0,0,0,0,0,0,0,0,0,0,0,0,0
13602,2017076643,1129.0,1127.0,9,9403,40.3211,-75.1308,0,0,0,0,0,0,4,10,2010,7,11.0,1.0,7,1.0,3,0,3,  ,3,3.0,0,1,1,0,0,0,0,0,0,0,0,0,0,0,0,0,0
13603,2010090259,2222.0,2218.0,19,19402,41.0522,-76.2388,0,0,0,0,0,1,1,9,2011,7,22.0,3.0,0,1.0,2,1,3,  ,0,0.0,0,0,0,0,0,0,0,0,0,0,0,0,0,0,0,0,0
13604,2011001542,1526.0,1520.0,64,64101,40.3157,-79.6789,0,0,0,0,0,0,4,1,2011,2,15.0,1.0,0,1.0,3,2,3,  ,3,9.0,0,0,1,0,0,1,0,0,0,0,0,0,0,0,0,0,1
13605,2011002811,1544.0,1539.0,6,6301,40.3354,-75.9337,0,0,0,0,1,0,4,1,2011,5,15.0,1.0,0,1.0,3,1,3,  ,2,3.0,0,0,1,0,0,0,0,0,0,0,0,0,0,0,0,0,0
13606,2011002813,1527.0,1525.0,46,46220,40.0894,-75.3887,0,0,0,0,0,0,4,1,2011,5,15.0,1.0,0,1.0,3,1,3,  ,2,3.0,1,0,1,0,0,0,0,0,0,0,0,0,0,0,0,0,0
13607,2011003163,1641.0,1641.0,46,46415,40.3992,-75.4959,0,0,0,0,0,1,4,1,2011,3,16.0,1.0,0,1.0,1,1,3,  ,3,3.0,1,0,1,0,0,0,0,0,0,0,0,0,0,0,0,1,0
13608,2011006875,2020.0,2018.0,9,9413,40.1614,-74.9092,0,0,0,0,0,1,1,1,2011,5,20.0,3.0,0,1.0,3,3,3,  ,0,0.0,0,0,0,0,0,0,0,0,0,0,0,0,0,0,0,0,0
13609,2011007049,2204.0,2200.0,2,2301,40.4626,-79.9508,0,0,0,0,0,0,5,1,2011,7,22.0,3.0,0,9.0,3,1,10,  ,2,3.0,0,0,0,0,0,0,0,0,0,0,0,0,0,0,0,0,0
13610,2011007171,905.0,902.0,2,2301,40.4287,-79.9897,0,0,0,0,0,0,4,1,2011,2,9.0,1.0,0,1.0,3,1,3,  ,3,3.0,1,0,1,0,0,0,0,0,0,0,0,0,0,0,0,0,0
13611,2011007324,1236.0,1231.0,40,40304,41.2403,-75.8706,0,0,0,0,1,0,2,1,2011,2,12.0,1.0,0,1.0,3,1,3,  ,2,3.0,0,0,0,0,0,0,0,0,0,0,0,0,0,0,0,0,0
13612,2011008770,917.0,905.0,41,41241,41.2628,-76.714,0,1,0,0,0,0,7,1,2011,3,9.0,1.0,0,6.0,1,0,7,  ,0,0.0,1,0,0,0,0,0,0,0,0,0,1,0,0,1,0,0,0
13613,2011009798,1915.0,1912.0,67,67301,39.9505,-75.1926,0,0,0,0,0,0,8,1,2011,3,19.0,4.0,0,1.0,3,1,3,  ,2,3.0,1,0,0,0,0,0,0,0,0,0,0,0,0,0,0,0,0
13614,2011011834,1455.0,1455.0,2,2301,40.4646,-79.9386,0,0,0,0,0,1,4,1,2011,3,14.0,1.0,0,9.0,3,1,3,  ,2,3.0,1,0,1,0,0,0,0,0,0,0,0,0,0,0,0,0,0
13615,2011012667,1555.0,1551.0,36,36225,40.139,-76.5878,0,0,0,0,0,1,2,1,2011,5,15.0,1.0,7,9.0,2,3,3,  ,0,0.0,0,0,0,0,0,0,0,0,0,0,0,0,0,0,0,0,0
13616,2011013577,1038.0,1014.0,54,54208,40.8388,-76.8286,0,0,0,0,1,0,5,1,2011,6,10.0,1.0,0,1.0,1,0,3,  ,0,0.0,0,0,0,0,0,0,0,0,0,0,0,0,0,0,0,1,0
13617,2011013643,2224.0,2224.0,6,6301,40.343,-75.914,0,0,0,0,0,0,3,1,2011,7,22.0,3.0,0,1.0,3,0,3,  ,0,0.0,0,0,0,0,0,0,0,0,0,0,0,0,0,0,0,0,1
13618,2011016823,1814.0,1814.0,39,39302,40.6226,-75.4018,0,0,0,0,0,0,4,2,2011,3,18.0,3.0,0,2.0,3,0,10,  ,0,0.0,0,0,1,0,0,0,0,0,0,0,0,0,0,0,0,1,0
13619,2011016917,925.0,920.0,25,25213,42.0769,-80.2005,0,0,0,0,0,1,4,1,2011,6,9.0,1.0,0,7.0,3,0,10,  ,0,0.0,1,0,1,0,0,0,0,0,0,0,1,0,0,1,0,0,0
13620,2011016951,1749.0,1747.0,14,14410,40.7901,-77.8541,0,0,0,0,0,0,4,2,2011,2,17.0,4.0,0,9.0,3,1,7,  ,3,3.0,1,0,1,0,0,0,0,0,0,0,0,0,0,0,0,0,0
13621,2011019492,1341.0,1338.0,46,46216,40.2531,-75.3032,0,0,0,1,0,0,5,2,2011,2,13.0,1.0,7,1.0,1,0,98,  ,0,0.0,0,0,0,0,1,0,0,0,0,0,0,0,0,0,0,0,0
13622,2011019879,1655.0,1643.0,2,2301,40.4649,-79.9453,0,0,0,0,0,1,2,2,2011,4,16.0,1.0,0,1.0,3,1,3,  ,3,3.0,1,0,0,0,0,0,0,0,0,0,0,0,0,0,0,0,0
13623,2011020327,1636.0,1631.0,22,22102,40.2521,-76.839,0,0,0,0,0,0,4,2,2011,4,16.0,1.0,0,1.0,3,0,3,  ,0,0.0,0,0,1,0,0,0,0,0,0,0,0,0,0,0,0,0,0
13624,2011020755,1943.0,1941.0,21,21404,40.2083,-77.0122,0,1,0,0,0,0,4,2,2011,6,19.0,3.0,0,1.0,3,1,3,  ,0,0.0,0,0,1,0,0,0,0,0,0,0,0,0,0,0,0,0,0
13625,2011021775,1740.0,1710.0,2,2301,40.4364,-79.9965,0,0,1,0,0,0,6,2,2011,3,17.0,1.0,0,9.0,3,2,10,  ,0,0.0,0,0,0,0,1,0,0,0,0,0,0,0,0,0,0,0,0
13626,2011022108,1929.0,1926.0,46,46104,40.0045,-75.2843,0,0,0,0,0,0,4,2,2011,6,19.0,3.0,7,1.0,3,0,3,  ,0,0.0,0,0,1,0,0,0,0,0,0,0,0,0,0,0,0,0,0
13627,2011022957,2022.0,2016.0,39,39301,40.6097,-75.4913,0,0,0,0,0,0,4,1,2011,7,20.0,1.0,0,9.0,3,2,3,  ,3,3.0,0,0,1,0,0,0,0,0,0,0,0,0,0,0,0,0,0
13628,2011023215,1238.0,1230.0,67,67301,39.9788,-75.1585,0,0,0,0,0,0,4,1,2011,5,12.0,1.0,7,1.0,3,0,3,  ,0,0.0,0,0,1,0,0,0,0,0,0,0,0,0,0,0,0,0,0
13629,2011023278,2000.0,2000.0,67,67301,39.9231,-75.1598,0,0,0,0,0,0,5,1,2011,6,17.0,4.0,0,7.0,3,0,10,  ,0,0.0,0,0,0,0,0,0,0,0,0,0,0,0,0,0,0,0,0
13630,2011024840,1717.0,1645.0,53,53429,40.5893,-76.5451,0,0,0,0,0,0,4,2,2011,5,16.0,1.0,0,1.0,1,1,3,  ,0,0.0,1,0,1,0,0,0,0,0,0,0,0,0,0,0,0,0,0
13631,2011025821,1830.0,1828.0,46,46201,40.3257,-75.6244,0,0,0,0,0,1,4,2,2011,5,18.0,2.0,0,1.0,1,2,3,  ,0,0.0,0,0,1,0,0,0,0,0,0,0,0,0,0,0,0,1,0
13632,2011025910,1421.0,1421.0,46,46405,40.0805,-75.2996,0,0,0,0,1,0,4,3,2011,5,14.0,1.0,0,1.0,3,1,3,  ,2,3.0,0,0,1,0,0,0,0,0,0,0,0,0,0,0,0,0,0
13633,2011026084,2141.0,2138.0,66,66301,39.9604,-76.7266,0,0,0,0,0,0,6,3,2011,5,21.0,3.0,0,1.0,3,1,3,  ,0,0.0,0,1,0,0,0,0,0,0,0,0,0,0,0,0,0,0,0
13634,2011027036,1717.0,1715.0,26,26301,40.0258,-79.5929,0,0,0,0,1,0,2,3,2011,6,17.0,1.0,0,1.0,2,1,3,  ,3,3.0,0,0,0,0,0,0,0,0,0,0,0,0,0,0,0,0,0
13635,2011027296,1032.0,1032.0,6,6237,40.326,-75.9939,0,0,0,0,1,0,4,3,2011,2,8.0,1.0,0,1.0,3,1,3,  ,2,3.0,0,0,1,0,0,0,0,0,0,0,0,0,0,0,0,1,0
13636,2011027384,1022.0,1020.0,39,39101,40.6062,-75.4664,0,0,0,0,1,0,4,3,2011,7,10.0,1.0,0,1.0,1,0,3,  ,0,0.0,0,0,1,0,0,0,0,0,0,0,0,0,0,0,0,0,0
13637,2011028275,1658.0,1657.0,46,46110,40.147,-75.1157,0,0,0,0,0,0,4,2,2011,2,16.0,1.0,7,1.0,3,0,3,  ,0,0.0,0,0,1,0,0,0,0,0,0,0,0,0,0,0,0,0,0
13638,2011028724,825.0,800.0,36,36301,40.0422,-76.2877,0,1,0,0,0,1,4,3,2011,3,6.0,1.0,0,1.0,3,1,3,  ,3,3.0,0,0,1,0,0,0,0,0,0,0,0,0,0,0,0,0,0
13639,2011028766,1345.0,1338.0,1,1410,39.8623,-77.0547,0,1,0,0,0,0,4,2,2011,1,13.0,1.0,0,1.0,1,1,3,  ,3,3.0,0,0,1,0,0,0,0,0,0,0,0,0,0,0,0,1,0
13640,2011028859,1937.0,1931.0,67,67301,39.9248,-75.1726,0,0,0,0,0,0,1,2,2011,5,19.0,3.0,0,1.0,3,0,3,  ,0,0.0,1,0,0,0,0,0,0,0,0,0,0,0,0,0,1,0,0
13641,2011028907,1500.0,1500.0,67,67301,39.9597,-75.1875,0,0,0,0,0,0,1,2,2011,7,1.0,3.0,0,1.0,3,0,3,  ,0,0.0,0,0,0,0,0,0,0,0,0,0,0,0,0,0,0,0,0
13642,2011028916,1015.0,1010.0,67,67301,39.9473,-75.1593,0,0,0,0,0,0,5,2,2011,2,10.0,1.0,0,9.0,3,0,3,  ,0,0.0,0,0,0,0,0,0,0,0,0,0,0,0,0,0,0,0,0
13643,2011029037,1617.0,1615.0,67,67301,40.0294,-75.1057,0,0,0,0,0,0,6,2,2011,5,16.0,1.0,0,1.0,3,0,3,  ,0,0.0,0,0,0,0,0,0,0,0,0,0,0,0,0,0,0,0,0
13644,2011029151,1551.0,1547.0,67,67301,39.9719,-75.1555,0,0,0,0,0,0,4,2,2011,5,15.0,1.0,0,1.0,3,2,3,  ,0,0.0,1,0,1,0,0,0,0,0,0,0,0,0,0,0,0,0,0
13645,2011029439,903.0,903.0,67,67301,39.9238,-75.1748,0,0,0,0,0,1,4,2,2011,4,8.0,1.0,0,1.0,3,1,3,  ,3,3.0,0,0,1,0,0,0,0,0,0,0,0,0,0,0,0,0,0
13646,2011029698,1249.0,1246.0,9,9101,40.1323,-74.8838,0,0,0,0,0,1,4,3,2011,7,12.0,1.0,0,1.0,3,0,3,  ,0,0.0,0,0,1,0,0,0,0,0,0,0,0,0,0,0,0,0,0
13647,2011029850,923.0,919.0,38,38209,40.3646,-76.4649,0,0,0,0,0,0,4,3,2011,1,9.0,1.0,7,1.0,1,0,3,  ,0,0.0,1,0,1,0,0,0,0,0,0,0,0,0,0,0,0,1,0
13648,2011030375,1922.0,1920.0,46,46207,40.1895,-75.2517,0,0,0,0,0,0,4,3,2011,2,19.0,4.0,7,1.0,3,0,3,  ,0,0.0,0,0,1,0,0,0,0,0,0,0,0,0,0,0,0,0,0
13649,2011030531,1510.0,1510.0,36,36301,40.0442,-76.3079,0,0,0,0,0,0,4,3,2011,5,15.0,1.0,0,9.0,3,1,7,  ,3,3.0,0,0,1,0,0,0,0,0,0,0,0,0,0,0,0,0,0
13650,2011030692,1820.0,1817.0,40,40304,41.2399,-75.8767,0,0,0,0,0,0,4,3,2011,3,18.0,1.0,0,1.0,3,1,3,  ,3,3.0,0,0,1,0,0,0,0,0,0,0,0,0,0,0,0,0,0
13651,2011031328,1841.0,1831.0,67,67301,39.9973,-75.1803,0,0,0,0,0,0,4,2,2011,5,18.0,3.0,0,9.0,3,1,3,  ,2,3.0,0,0,1,0,0,0,0,0,0,0,0,0,0,0,0,0,0
13652,2011031386,2330.0,2330.0,67,67301,39.9571,-75.2294,0,0,0,0,0,1,5,2,2011,6,23.0,3.0,0,2.0,3,0,98,  ,2,3.0,0,1,0,0,0,1,0,0,0,0,0,0,0,0,0,0,0
13653,2011031472,654.0,649.0,25,25213,42.103,-80.159,0,0,0,0,0,1,4,3,2011,5,6.0,5.0,0,1.0,3,2,3,  ,3,3.0,1,0,1,0,0,0,0,0,0,0,0,0,0,0,0,0,0
13654,2011031499,1053.0,1051.0,23,23111,39.9488,-75.2993,0,0,0,0,0,0,4,3,2011,5,10.0,1.0,0,1.0,3,1,3,  ,3,3.0,0,0,1,0,0,1,0,0,0,0,0,0,0,0,0,0,0
13655,2011031620,550.0,547.0,67,67301,40.0383,-75.1016,0,1,0,0,0,0,4,2,2011,2,5.0,3.0,0,1.0,3,1,3,  ,2,3.0,0,0,1,0,0,0,0,0,0,0,0,0,0,0,0,0,0
13656,2011031969,1621.0,1621.0,9,9202,40.1303,-74.9229,0,0,0,0,0,1,4,3,2011,6,16.0,1.0,0,1.0,3,0,3,  ,2,3.0,0,0,1,0,0,0,0,0,0,0,0,0,0,0,0,0,0
13657,2011031981,923.0,619.0,9,9226,40.1723,-75.0735,0,0,0,0,0,1,5,3,2011,3,6.0,2.0,0,1.0,3,2,3,  ,2,3.0,1,0,0,0,0,0,0,0,0,0,0,0,0,1,0,0,0
13658,2011031997,1244.0,1240.0,21,21407,,,0,0,0,0,0,0,2,3,2011,7,12.0,1.0,0,1.0,3,1,3,  ,0,0.0,0,0,0,0,0,0,0,0,0,0,0,0,0,0,0,0,0
13659,2011032017,1628.0,1626.0,36,36301,40.0437,-76.2901,0,0,0,0,0,0,8,3,2011,7,16.0,1.0,0,1.0,3,0,3,  ,0,0.0,0,0,0,0,0,0,0,0,0,0,0,0,0,0,0,0,0
13660,2011032426,1335.0,1330.0,2,2301,40.4641,-79.9251,0,0,0,0,0,0,1,3,2011,7,13.0,1.0,0,1.0,3,1,3,  ,2,3.0,0,0,0,0,0,0,0,0,0,0,0,0,0,0,0,0,0
13661,2011032960,629.0,627.0,15,15406,39.8412,-75.7104,0,0,0,0,0,0,8,3,2011,3,6.0,3.0,0,1.0,1,0,3,  ,0,0.0,1,0,0,0,0,0,0,0,0,0,0,0,0,0,0,1,0