,CRN,ARRIVAL_TM,DISPATCH_TM,COUNTY,MUNICIPALITY,DEC_LAT,DEC_LONG,BICYCLE_DEATH_COUNT,BICYCLE_SUSP_SERIOUS_INJ_COUNT,BUS_COUNT,HEAVY_TRUCK_COUNT,SMALL_TRUCK_COUNT,SUV_COUNT,COLLISION_TYPE,CRASH_MONTH,CRASH_YEAR,DAY_OF_WEEK,HOUR_OF_DAY,ILLUMINATION,LOCATION_TYPE,ROAD_CONDITION,URBAN_RURAL,INTERSECT_TYPE,WEATHER1,WEATHER2,TCD_TYPE,TCD_FUNC_CD,AGGRESSIVE_DRIVING,ALCOHOL_RELATED,ANGLE_CRASH,CELL_PHONE,COMM_VEHICLE,DISTRACTED,DRINKING_DRIVER,DRUGGED_DRIVER,FATIGUE_ASLEEP,IMPAIRED_DRIVER,NHTSA_AGG_DRIVING,RUNNING_RED_LT,RUNNING_STOP_SIGN,SPEEDING_RELATED,TAILGATING,MATURE_DRIVER,YOUNG_DRIVER
13662,2011033060,1510.0,1510.0,6,6102,40.4127,-75.9204,0,0,0,0,0,0,4,3,2011,1,15.0,1.0,0,9.0,3,2,7,  ,3,3.0,0,0,1,0,0,0,0,0,0,0,0,0,0,0,0,1,0
13663,2011033419,1126.0,1126.0,67,67301,39.9956,-75.1675,0,0,0,0,1,0,4,3,2011,5,11.0,1.0,0,1.0,3,1,3,  ,2,3.0,1,0,1,0,0,0,0,0,0,0,0,0,0,0,0,0,0
13664,2011033451,1336.0,1334.0,67,67301,39.9631,-75.1612,0,1,0,0,0,0,8,2,2011,4,13.0,1.0,0,1.0,3,2,3,  ,0,0.0,0,0,0,0,0,0,0,0,0,0,0,0,0,0,0,0,0
13665,2011033482,9999.0,225.0,67,67301,39.975,-75.1343,0,0,0,0,1,0,4,3,2011,7,2.0,3.0,0,1.0,3,1,3,  ,3,3.0,0,1,1,0,0,0,1,1,0,1,0,0,0,0,0,0,0
13666,2011033649,1633.0,1618.0,36,36227,40.2249,-76.3759,0,0,0,0,0,0,4,3,2011,7,16.0,1.0,0,1.0,1,0,3,  ,0,0.0,0,0,1,0,0,0,0,0,0,0,0,0,0,0,0,0,0
13667,2011034670,1710.0,1706.0,66,66413,,,0,0,0,0,0,0,4,3,2011,1,17.0,1.0,7,1.0,2,0,3,  ,0,0.0,0,0,1,0,0,0,0,0,0,0,0,0,0,0,0,0,0
13668,2011035118,1536.0,1533.0,36,36404,40.0319,-76.4905,0,0,0,0,0,0,4,3,2011,3,15.0,1.0,7,1.0,3,0,3,  ,2,3.0,1,0,1,0,0,0,0,0,0,0,1,0,0,0,0,0,0
13669,2011036420,1433.0,1429.0,62,62302,40.17,-80.251,0,0,0,0,0,1,4,3,2011,4,14.0,1.0,0,9.0,3,1,9,  ,2,3.0,1,0,1,0,0,0,0,0,0,0,1,0,0,0,0,0,0
13670,2011036547,2120.0,2115.0,6,6301,40.346,-75.9256,0,0,0,0,0,0,4,4,2011,7,21.0,2.0,0,1.0,3,2,3,  ,3,3.0,0,0,1,0,0,0,0,0,0,0,0,0,0,0,0,0,1
13671,2011036629,1046.0,1041.0,11,11301,40.3201,-78.9213,0,0,0,0,0,1,7,4,2011,1,10.0,1.0,0,1.0,3,0,3,  ,0,0.0,0,0,0,0,0,0,0,0,0,0,0,0,0,0,0,0,0
13672,2011036630,1141.0,1139.0,46,46102,40.0975,-75.1594,0,0,0,0,0,0,8,4,2011,1,11.0,1.0,0,1.0,3,1,3,  ,3,3.0,0,0,0,0,0,0,0,0,0,0,0,0,0,0,0,0,0
13673,2011036662,1704.0,1657.0,35,35302,41.4397,-75.6568,0,0,0,0,0,1,4,4,2011,1,16.0,1.0,0,1.0,3,0,3,  ,0,0.0,0,0,1,0,0,0,0,0,0,0,0,0,0,0,0,0,0
13674,2011036853,1358.0,1356.0,22,22301,40.2642,-76.8522,0,0,0,0,0,0,4,3,2011,1,13.0,1.0,0,1.0,3,1,3,  ,0,0.0,0,0,1,0,0,0,0,0,0,0,0,0,0,0,0,0,0
13675,2011036922,1516.0,1515.0,40,40429,41.3269,-75.799,0,0,0,0,0,1,4,4,2011,2,15.0,1.0,0,1.0,3,0,3,  ,0,0.0,0,0,1,0,0,0,0,0,0,0,0,0,0,0,0,0,0
13676,2011037089,1634.0,1634.0,36,36415,40.1021,-76.0769,0,0,1,0,0,0,4,3,2011,4,16.0,1.0,0,1.0,1,2,3,  ,3,3.0,0,0,1,0,1,0,0,0,0,0,0,0,0,0,0,0,0
13677,2011037211,1643.0,1637.0,46,46204,40.1585,-75.1456,0,0,0,0,0,1,4,4,2011,2,16.0,1.0,0,1.0,3,2,3,  ,3,3.0,0,0,1,0,0,0,0,0,0,0,0,0,0,0,0,0,0
13678,2011037239,1340.0,1337.0,40,40414,41.2639,-75.8992,0,0,0,0,0,0,4,4,2011,2,13.0,1.0,0,1.0,3,1,3,  ,3,3.0,0,0,1,0,0,0,0,0,0,0,0,0,0,0,0,0,0
13679,2011037729,2236.0,2232.0,53,53301,40.6882,-76.1983,0,1,0,0,0,0,4,3,2011,4,20.0,3.0,0,9.0,2,2,7,  ,3,3.0,0,1,1,0,0,0,0,0,0,0,0,0,0,0,0,0,0
13680,2011037913,2015.0,2013.0,67,67301,39.998,-75.1256,0,0,0,0,0,0,4,3,2011,2,20.0,3.0,0,1.0,3,0,3,  ,0,0.0,0,0,1,0,0,0,0,0,0,0,0,0,0,0,0,0,0
13681,2011037995,2233.0,2230.0,67,67301,39.9434,-75.1632,0,0,0,0,0,0,5,3,2011,3,22.0,6.0,0,1.0,3,0,3,  ,0,0.0,0,0,0,0,0,0,0,0,0,0,0,0,0,0,0,0,0
13682,2011038090,1222.0,1218.0,2,2301,40.454,-79.9124,0,0,0,1,0,0,5,4,2011,5,12.0,1.0,0,1.0,3,1,3,  ,2,3.0,1,0,0,0,1,0,0,0,0,0,0,0,0,0,0,0,0
13683,2011038223,2151.0,2148.0,67,67301,39.9799,-75.1429,0,0,0,0,0,0,4,3,2011,7,21.0,3.0,0,1.0,3,1,3,  ,2,3.0,0,0,1,0,0,0,0,0,0,0,0,0,0,0,0,0,0
13684,2011038226,1610.0,1610.0,67,67301,39.9311,-75.1827,0,0,0,0,0,1,4,3,2011,5,16.0,1.0,0,1.0,3,1,3,  ,3,3.0,0,0,1,1,0,1,0,0,0,0,0,0,0,0,0,0,0
13685,2011038342,1742.0,1740.0,67,67301,39.9629,-75.2223,0,0,0,0,0,1,4,3,2011,7,17.0,1.0,0,1.0,3,1,3,  ,3,3.0,0,0,1,0,0,0,0,0,0,0,0,0,0,0,0,0,0
13686,2011038343,1335.0,1334.0,67,67301,40.0169,-75.0606,0,1,0,0,0,1,4,3,2011,4,13.0,1.0,0,9.0,3,1,7,05,2,3.0,0,0,1,0,0,0,0,0,0,0,0,0,0,0,0,0,0
13687,2011038349,1017.0,1014.0,67,67301,39.9479,-75.2139,0,0,0,0,0,0,4,3,2011,2,10.0,1.0,0,1.0,3,1,3,  ,3,3.0,0,0,1,0,0,0,0,0,0,0,0,0,0,0,0,0,0
13688,2011038351,1907.0,1905.0,67,67301,39.9758,-75.2044,0,1,0,0,0,1,4,3,2011,6,18.0,4.0,0,1.0,3,2,3,  ,0,0.0,1,0,1,0,0,0,0,0,0,0,0,0,0,0,0,0,0
13689,2011038357,855.0,847.0,67,67301,39.9451,-75.2153,0,0,0,0,0,0,4,3,2011,4,8.0,1.0,0,9.0,3,1,7,  ,3,3.0,0,0,1,0,0,0,0,0,0,0,0,0,0,0,0,0,0
13690,2011038360,1416.0,1411.0,67,67301,39.9489,-75.1897,0,0,0,0,0,0,4,3,2011,4,14.0,1.0,7,1.0,3,2,3,  ,2,3.0,0,0,1,0,0,0,0,0,0,0,0,0,0,0,0,1,0
13691,2011038429,937.0,937.0,67,67301,39.9188,-75.186,0,0,0,0,0,0,5,3,2011,3,9.0,1.0,7,1.0,3,2,3,  ,2,3.0,0,0,0,0,0,0,0,0,0,0,0,0,0,0,0,0,0
13692,2011038621,2243.0,2222.0,28,28201,39.733,-77.7306,0,1,0,0,0,0,8,3,2011,4,22.0,2.0,0,9.0,1,0,7,05,0,0.0,1,0,0,0,0,0,0,0,0,0,0,0,0,1,0,0,0
13693,2011038715,1818.0,1805.0,62,62425,40.1493,-79.9103,0,0,0,0,0,1,4,4,2011,4,18.0,1.0,0,1.0,3,1,3,  ,0,0.0,0,0,1,0,0,0,0,0,0,0,0,0,0,0,0,0,0
13694,2011039018,1344.0,1342.0,39,39301,40.6073,-75.462,0,0,0,0,0,0,4,4,2011,1,13.0,1.0,0,1.0,3,2,3,  ,3,3.0,0,0,1,0,0,0,0,0,0,0,0,0,0,0,0,0,0
13695,2011039340,1615.0,1605.0,2,2301,40.3924,-80.0076,0,0,0,0,0,1,4,4,2011,2,16.0,1.0,7,1.0,3,0,3,  ,0,0.0,0,0,1,0,0,0,0,0,0,0,0,0,0,0,0,0,0
13696,2011039455,1659.0,1648.0,2,2301,40.4673,-79.9829,0,1,0,0,1,0,4,4,2011,2,16.0,1.0,0,1.0,3,5,3,  ,3,3.0,0,0,1,0,0,0,0,0,0,0,0,0,0,0,0,0,0
13697,2011039476,1815.0,1812.0,46,46409,40.2677,-75.3021,0,0,0,0,0,0,4,4,2011,2,18.0,1.0,0,1.0,3,2,3,  ,3,3.0,0,0,1,0,0,0,0,0,0,0,0,0,0,0,0,0,0
13698,2011039500,1720.0,1714.0,36,36101,40.1087,-76.3937,0,0,0,0,0,0,4,4,2011,5,17.0,1.0,0,1.0,3,2,3,  ,3,3.0,0,0,1,0,0,1,0,0,0,0,0,0,0,0,0,0,0
13699,2011039541,1734.0,1729.0,7,7212,40.6615,-78.2563,0,0,0,0,1,0,8,4,2011,1,16.0,1.0,0,1.0,1,2,3,  ,3,3.0,1,0,0,0,0,0,0,0,0,0,0,0,0,0,0,1,0
13700,2011039654,2044.0,2044.0,14,14410,40.7895,-77.8529,0,0,0,0,0,1,4,4,2011,2,20.0,3.0,0,9.0,3,5,3,  ,8,3.0,1,0,1,0,0,0,0,0,0,0,0,0,0,0,0,0,0
13701,2011039721,1133.0,1131.0,48,48302,40.6942,-75.2104,0,0,0,0,1,0,4,4,2011,7,11.0,1.0,0,1.0,3,1,3,  ,3,1.0,0,0,1,0,0,0,0,0,0,0,0,0,0,0,0,0,0
13702,2011040088,1809.0,1808.0,2,2118,40.5438,-79.9807,0,0,0,0,0,0,7,4,2011,4,99.0,1.0,0,1.0,3,0,3,  ,0,0.0,0,0,0,0,0,0,0,0,0,0,0,0,0,0,0,0,0
13703,2011040248,1540.0,1534.0,67,67301,40.0264,-75.2258,0,0,0,0,0,0,5,3,2011,1,15.0,1.0,0,1.0,3,2,3,  ,3,3.0,1,0,0,0,0,0,0,0,0,0,0,0,0,0,0,0,0
13704,2011040297,652.0,651.0,25,25302,42.1176,-80.0667,0,0,0,0,0,1,4,3,2011,3,6.0,1.0,0,1.0,3,1,3,  ,3,3.0,1,0,1,0,0,0,0,0,0,0,0,0,0,0,0,0,0
13705,2011040350,1826.0,1822.0,67,67301,39.9763,-75.1394,0,0,0,0,0,1,4,3,2011,3,18.0,1.0,0,1.0,3,1,3,  ,3,3.0,0,1,1,0,0,1,0,0,0,0,0,0,0,0,0,0,0
13706,2011040352,1145.0,1130.0,67,67301,39.9867,-75.1348,0,0,0,0,0,0,4,3,2011,3,11.0,1.0,0,1.0,3,1,3,  ,3,3.0,0,0,1,0,0,0,0,0,0,0,0,0,0,0,0,0,0
13707,2011040416,1955.0,1952.0,67,67301,39.9497,-75.1659,0,0,0,0,0,0,5,3,2011,1,19.0,3.0,0,1.0,3,0,3,  ,0,0.0,0,0,0,0,0,0,0,0,0,0,0,0,0,0,0,0,0
13708,2011040664,2032.0,2030.0,6,6301,40.3291,-75.9222,0,1,0,0,0,0,4,4,2011,5,18.0,4.0,0,1.0,3,2,3,  ,3,3.0,0,0,1,0,0,0,0,0,0,0,0,0,0,0,0,0,0
13709,2011040734,731.0,728.0,46,46213,40.2178,-75.4535,0,0,0,0,0,0,4,3,2011,4,7.0,1.0,0,1.0,3,2,3,  ,1,3.0,0,0,1,0,0,0,0,0,0,0,0,0,0,0,0,0,0
13710,2011041108,2224.0,2222.0,2,2415,40.4112,-80.0837,0,0,0,0,1,0,4,4,2011,7,22.0,3.0,0,9.0,3,1,7,  ,0,0.0,0,0,1,0,0,0,0,0,0,0,0,0,0,0,0,0,0
13711,2011041204,1645.0,1630.0,66,66220,40.161,-76.7853,0,0,0,0,0,1,6,4,2011,3,16.0,1.0,0,1.0,1,2,3,  ,3,3.0,0,0,0,0,0,0,0,0,0,0,0,0,0,0,0,0,0
13712,2011041457,1714.0,1703.0,22,22301,40.2787,-76.898,0,0,0,0,0,0,6,4,2011,1,15.0,1.0,0,1.0,3,0,3,  ,0,0.0,0,0,0,0,0,0,0,0,0,0,0,0,0,0,0,0,0
13713,2011041459,1210.0,1207.0,22,22301,40.2661,-76.8691,0,0,0,0,0,0,4,4,2011,2,12.0,1.0,0,1.0,3,1,3,  ,3,3.0,1,0,1,0,0,0,0,0,0,0,0,0,0,0,0,0,0
13714,2011041498,1110.0,1109.0,2,2301,40.4416,-79.9569,0,0,0,0,0,0,4,4,2011,2,10.0,1.0,0,1.0,3,1,3,  ,2,3.0,0,0,1,0,0,0,0,0,0,0,0,0,0,0,0,0,0
13715,2011041554,6.0,6.0,48,48101,40.6535,-75.3352,0,0,0,0,0,0,4,4,2011,2,0.0,3.0,0,1.0,3,2,3,  ,2,3.0,1,0,1,0,0,0,0,0,0,0,1,1,0,0,0,0,0
13716,2011041849,736.0,729.0,6,6416,40.3518,-76.1347,0,0,0,0,0,1,4,4,2011,5,7.0,1.0,0,1.0,1,1,3,  ,2,3.0,0,0,1,0,0,0,0,0,0,0,0,0,0,0,0,0,0
13717,2011042163,1136.0,1133.0,46,46107,40.1069,-75.3256,0,0,0,0,0,1,4,4,2011,4,11.0,1.0,1,1.0,3,0,3,  ,3,3.0,0,0,1,0,0,0,0,0,0,0,0,0,0,0,0,0,0
13718,2011042199,1455.0,1452.0,17,17404,41.0264,-78.4372,0,0,0,0,0,1,4,4,2011,4,14.0,1.0,0,1.0,2,2,3,  ,3,3.0,0,0,1,0,0,0,0,0,0,0,0,0,0,0,0,0,0
13719,2011042228,1850.0,1838.0,46,46104,40.0201,-75.3189,0,0,0,0,0,0,4,4,2011,5,99.0,1.0,0,1.0,3,1,3,  ,0,0.0,1,0,1,0,0,0,0,0,0,0,0,0,0,0,0,1,0
13720,2011042305,1900.0,1858.0,64,64101,40.3444,-79.7687,0,0,0,0,1,0,4,4,2011,4,18.0,1.0,0,1.0,3,2,3,  ,3,3.0,0,0,1,0,0,0,0,0,0,0,0,0,0,0,0,0,0
13721,2011042328,2250.0,2246.0,2,2109,40.3783,-80.0647,0,0,0,0,0,0,4,4,2011,4,22.0,3.0,0,1.0,3,5,3,  ,2,3.0,0,0,1,0,0,0,0,0,0,0,0,0,0,0,0,0,0
13722,2011042437,1503.0,1501.0,23,23108,39.92,-75.3254,0,0,0,0,0,0,4,4,2011,4,15.0,1.0,7,1.0,3,2,3,  ,2,3.0,1,0,1,0,0,1,0,0,0,0,0,0,0,0,0,0,0
13723,2011042456,1420.0,1411.0,66,66220,40.0995,-76.8396,0,0,0,0,0,0,4,4,2011,1,14.0,1.0,0,1.0,1,0,3,  ,0,0.0,0,0,1,0,0,0,0,0,0,0,0,0,0,0,0,0,0
13724,2011042463,814.0,811.0,46,46113,40.2206,-75.3039,0,0,0,0,0,1,4,4,2011,5,8.0,1.0,0,1.0,3,0,3,  ,3,3.0,1,0,1,0,0,0,0,0,0,0,0,0,0,0,0,0,0
13725,2011042570,930.0,915.0,66,66226,39.7647,-76.7038,0,0,0,0,1,0,6,4,2011,5,9.0,1.0,0,1.0,1,0,3,  ,4,3.0,0,0,0,0,0,0,0,0,0,0,0,0,0,0,0,0,0
13726,2011042618,1534.0,1526.0,40,40304,41.2272,-75.8989,0,0,0,0,0,0,4,4,2011,5,15.0,1.0,0,1.0,3,0,3,  ,0,0.0,0,0,1,0,0,0,0,0,0,0,0,0,0,0,0,0,0
13727,2011042625,1501.0,1501.0,6,6410,40.518,-75.7768,0,0,0,0,0,0,4,4,2011,4,15.0,1.0,0,1.0,1,0,3,  ,0,0.0,0,0,1,0,0,0,0,0,0,0,0,0,0,0,0,0,0
13728,2011042639,1920.0,1917.0,36,36407,40.1624,-76.6038,1,0,0,0,0,0,4,4,2011,2,19.0,1.0,0,1.0,2,1,3,  ,3,3.0,0,0,1,0,0,0,0,1,0,1,0,0,0,0,0,0,0
13729,2011042789,1716.0,1715.0,23,23405,39.9111,-75.2789,0,0,0,0,0,0,4,4,2011,6,17.0,1.0,0,1.0,3,2,3,  ,0,0.0,0,0,1,0,0,0,0,0,0,0,0,0,0,0,0,1,0
13730,2011042960,949.0,947.0,49,49407,40.8903,-76.7937,0,0,0,0,0,1,4,4,2011,7,9.0,1.0,0,9.0,1,1,3,  ,3,3.0,0,0,1,0,0,0,0,0,0,0,0,0,0,0,0,0,0
13731,2011043153,1315.0,1310.0,25,25302,42.1201,-80.0543,0,1,0,0,0,1,4,4,2011,1,13.0,1.0,0,9.0,3,1,3,  ,3,3.0,1,0,1,0,0,0,0,0,0,0,0,0,0,0,0,0,0
13732,2011043444,1108.0,1058.0,2,2209,40.5975,-79.8717,0,0,0,0,0,0,5,4,2011,4,10.0,1.0,0,1.0,3,0,3,  ,0,0.0,1,0,0,0,0,0,0,0,0,0,0,0,0,0,0,0,0
13733,2011044208,1744.0,1739.0,9,9213,40.1558,-74.8943,0,1,0,0,1,0,4,4,2011,2,17.0,1.0,0,1.0,3,0,3,  ,0,0.0,0,0,1,0,0,0,0,0,0,0,0,0,0,0,0,0,0
13734,2011044521,230.0,239.0,67,67301,39.9474,-75.168,0,0,0,0,0,0,2,3,2011,2,2.0,3.0,0,1.0,3,1,3,  ,2,3.0,0,0,0,0,0,0,0,0,0,0,0,0,0,0,0,0,0
13735,2011044862,1752.0,1750.0,49,49301,40.7877,-76.5585,0,0,0,0,0,0,8,4,2011,5,17.0,1.0,0,1.0,2,1,3,  ,3,3.0,0,0,0,0,0,0,0,0,0,0,0,0,0,0,0,0,0
13736,2011045271,1428.0,1423.0,2,2301,40.4644,-79.9066,0,0,0,0,0,0,4,4,2011,7,14.0,1.0,0,1.0,3,0,3,  ,0,0.0,1,0,1,0,0,0,0,0,0,0,0,0,0,0,0,0,0
13737,2011045404,1922.0,1919.0,38,38301,40.3388,-76.431,0,0,0,0,0,0,4,4,2011,2,19.0,4.0,0,1.0,2,1,3,  ,2,3.0,0,0,1,0,0,0,0,0,0,0,0,0,0,0,0,0,0
13738,2011045450,1444.0,1444.0,66,66301,39.9524,-76.7248,0,0,0,0,0,0,4,5,2011,1,14.0,1.0,0,1.0,3,2,7,  ,3,3.0,0,0,1,0,0,0,0,0,0,0,0,0,0,0,0,0,0
13739,2011045741,911.0,905.0,15,15403,40.0067,-75.7033,0,0,0,0,1,0,4,4,2011,1,9.0,1.0,0,9.0,3,0,3,  ,0,0.0,0,0,1,0,0,0,0,0,0,0,0,0,0,0,0,1,0
13740,2011045761,1614.0,1613.0,22,22102,40.2372,-76.8166,0,0,0,0,0,0,4,4,2011,3,19.0,1.0,0,1.0,3,1,3,  ,3,3.0,0,0,1,0,0,0,0,0,0,0,0,0,0,0,0,0,0
13741,2011045936,1715.0,1710.0,7,7202,40.5999,-78.3204,0,0,0,0,0,0,4,4,2011,7,17.0,1.0,7,1.0,1,0,3,  ,0,0.0,1,0,1,0,0,0,0,0,0,0,0,0,0,0,0,0,0
13742,2011046174,2041.0,2040.0,66,66422,39.9781,-76.7324,0,0,0,0,0,0,4,5,2011,3,20.0,3.0,0,9.0,3,1,7,  ,3,3.0,0,0,1,0,0,0,0,0,0,0,0,0,0,0,0,0,0
13743,2011046325,1330.0,1329.0,2,2219,40.3154,-80.0061,0,0,0,0,0,0,5,4,2011,7,13.0,1.0,0,1.0,3,1,3,  ,2,3.0,0,0,0,0,0,0,0,0,0,0,0,0,0,0,0,0,0
13744,2011046425,1800.0,1757.0,46,46220,40.087,-75.3307,0,0,0,0,0,0,4,5,2011,1,17.0,1.0,0,1.0,3,2,3,  ,3,3.0,0,0,1,0,0,0,0,0,0,0,0,0,0,0,0,0,0
13745,2011046434,2330.0,2330.0,36,36410,40.1588,-76.3916,0,0,0,0,0,0,4,4,2011,6,23.0,3.0,7,1.0,2,0,3,  ,0,0.0,0,1,1,0,0,0,0,0,0,0,0,0,0,0,0,0,0
13746,2011046467,1516.0,1514.0,46,46402,40.1047,-75.3372,0,0,0,0,0,1,8,5,2011,1,15.0,1.0,0,1.0,3,0,3,  ,0,0.0,0,0,0,0,0,0,0,0,0,0,0,0,0,0,0,0,0
13747,2011046497,1000.0,950.0,15,15226,39.792,-75.8663,0,0,0,1,0,0,4,4,2011,7,9.0,1.0,0,1.0,1,1,3,  ,3,3.0,1,0,1,0,1,0,0,0,0,0,0,0,0,0,0,0,0
13748,2011046755,1659.0,1655.0,48,48101,40.6445,-75.3175,0,0,0,0,0,0,5,4,2011,7,16.0,1.0,0,1.0,3,0,3,  ,0,0.0,0,0,0,0,0,0,0,0,0,0,0,0,0,0,0,0,1
13749,2011046976,1130.0,1115.0,67,67301,39.9358,-75.1602,0,0,0,0,0,0,4,4,2011,4,11.0,1.0,0,1.0,3,0,3,  ,0,0.0,0,0,1,0,0,0,0,0,0,0,0,0,0,0,0,0,0
13750,2011047033,1215.0,1215.0,67,67301,39.944,-75.1684,0,0,0,0,0,0,1,3,2011,3,0.0,3.0,0,1.0,3,0,99,  ,0,0.0,1,1,0,0,0,0,0,0,0,0,0,0,0,0,1,0,0
13751,2011047036,1634.0,1634.0,67,67301,39.9773,-75.1193,0,0,0,0,0,0,4,4,2011,4,15.0,1.0,0,1.0,3,5,3,  ,2,3.0,1,0,1,0,0,0,0,0,0,0,0,0,0,0,0,0,0
13752,2011047058,1630.0,1626.0,67,67301,40.0779,-74.9745,0,0,0,0,0,0,4,4,2011,2,16.0,1.0,7,1.0,3,0,3,  ,0,0.0,0,0,1,0,0,0,0,0,0,0,0,0,0,0,0,0,0
13753,2011047087,1155.0,1155.0,67,67301,40.0364,-75.2369,0,0,0,0,1,0,4,4,2011,7,11.0,1.0,7,1.0,3,0,3,  ,0,0.0,1,0,1,0,0,0,0,0,0,0,0,0,0,0,0,0,0
13754,2011047106,1730.0,1701.0,67,67301,,,0,0,0,0,0,0,4,4,2011,5,17.0,1.0,7,1.0,3,0,3,  ,0,0.0,1,0,1,0,0,0,0,0,0,0,0,0,0,0,0,0,0
13755,2011047177,1729.0,1726.0,38,38301,40.3455,-76.4331,0,0,0,0,0,1,4,4,2011,2,17.0,1.0,0,1.0,2,2,3,  ,0,0.0,0,0,1,0,0,0,0,0,0,0,0,0,0,0,0,0,0
13756,2011047197,1518.0,1516.0,2,2301,40.4291,-79.9776,0,0,0,0,0,0,4,5,2011,6,15.0,1.0,0,1.0,3,1,3,  ,0,0.0,0,0,1,0,0,0,0,0,0,0,0,0,0,0,0,0,0
13757,2011047219,1712.0,1707.0,39,39301,40.6136,-75.4717,0,0,0,0,0,0,4,5,2011,6,17.0,1.0,0,1.0,3,1,3,  ,0,0.0,0,0,1,0,0,0,0,0,0,0,0,0,0,0,0,0,0
13758,2011047234,1743.0,1743.0,39,39301,40.5963,-75.4826,0,0,0,0,0,0,4,5,2011,6,17.0,1.0,0,1.0,3,1,3,  ,3,3.0,0,0,1,0,0,0,0,0,0,0,0,0,0,0,0,0,0
13759,2011047298,930.0,919.0,67,67301,39.9127,-75.1503,0,0,0,0,0,0,4,4,2011,3,9.0,1.0,7,9.0,3,0,7,  ,0,0.0,1,0,1,0,0,0,0,0,0,0,0,0,0,0,0,0,0
13760,2011047300,2135.0,2127.0,67,67301,39.9446,-75.1599,0,0,0,0,0,0,4,4,2011,5,18.0,3.0,0,1.0,3,1,3,  ,3,3.0,1,0,1,0,0,0,0,0,0,0,0,0,1,0,0,0,0
13761,2011047360,1811.0,1754.0,1,1406,39.7865,-77.3717,0,1,0,0,0,0,4,5,2011,6,17.0,1.0,0,1.0,1,2,3,  ,0,0.0,0,0,1,0,0,0,0,0,0,0,0,0,0,0,0,1,0
13762,2011047575,1925.0,1925.0,51,51211,,,0,0,0,0,0,0,1,5,2011,7,19.0,1.0,0,1.0,1,0,3,  ,0,0.0,0,0,0,0,0,1,0,0,0,0,0,0,0,0,0,1,0
13763,2011047760,1215.0,1212.0,48,48101,40.6521,-75.3364,0,0,0,0,0,0,6,5,2011,1,12.0,1.0,0,1.0,3,2,3,  ,3,3.0,1,0,0,0,0,0,0,0,0,0,1,0,1,0,0,0,0
13764,2011047869,1913.0,1910.0,40,40301,40.9661,-75.9821,0,0,0,0,0,0,4,5,2011,1,19.0,1.0,0,1.0,2,1,3,  ,0,0.0,0,0,1,0,0,0,0,0,0,0,0,0,0,0,0,0,1
13765,2011048070,1504.0,1504.0,46,46215,40.2286,-75.4057,0,0,0,0,0,0,8,4,2011,5,15.0,1.0,0,1.0,1,0,3,  ,0,0.0,0,0,0,0,0,0,0,0,0,0,0,0,0,0,0,0,0
13766,2011048113,1646.0,1644.0,28,28406,39.7564,-77.577,0,0,0,0,0,0,4,5,2011,2,16.0,1.0,0,1.0,2,1,3,  ,3,3.0,0,0,1,0,0,0,0,0,0,0,0,0,0,0,0,0,0
13767,2011048216,1006.0,955.0,41,41406,41.2076,-76.7792,0,1,0,0,0,1,4,5,2011,1,9.0,1.0,0,1.0,1,1,3,  ,3,3.0,0,0,1,0,0,0,0,0,0,0,0,0,0,0,0,0,0
13768,2011048259,1558.0,1556.0,40,40304,41.2394,-75.8967,0,0,0,0,0,0,4,5,2011,5,15.0,1.0,0,1.0,3,0,3,  ,0,0.0,0,0,1,0,0,0,0,0,0,0,0,0,0,0,0,0,1
13769,2011048284,904.0,859.0,2,2301,40.4422,-79.9372,0,0,0,0,0,0,4,5,2011,3,8.0,1.0,0,1.0,3,0,3,  ,0,0.0,1,0,1,0,0,0,0,0,0,0,0,0,0,0,0,0,0
13770,2011048298,1536.0,1535.0,13,13412,40.8682,-75.815,0,0,0,0,0,0,4,5,2011,6,15.0,1.0,0,1.0,1,1,3,  ,0,0.0,1,0,1,0,0,0,0,0,0,0,0,0,0,0,0,0,0
13771,2011048471,1826.0,1816.0,21,21206,40.2122,-77.1636,0,0,0,0,0,0,4,5,2011,3,18.0,1.0,7,1.0,1,2,3,  ,3,3.0,1,0,1,0,0,0,0,0,0,0,0,0,0,0,0,0,0
13772,2011048796,1757.0,1757.0,14,14410,40.8026,-77.8555,0,0,0,0,1,0,4,5,2011,4,17.0,1.0,0,1.0,3,2,3,  ,3,3.0,0,0,1,0,0,1,0,0,0,0,0,0,0,0,0,0,0
13773,2011049026,2001.0,1950.0,48,48409,40.6905,-75.5008,0,0,0,0,1,0,4,4,2011,2,17.0,1.0,0,1.0,3,2,3,  ,3,3.0,1,0,1,0,0,0,0,0,0,0,0,0,0,0,0,0,0
13774,2011049032,800.0,755.0,25,25302,42.108,-80.0509,0,0,0,0,0,0,4,5,2011,5,7.0,1.0,0,1.0,3,2,3,  ,3,2.0,1,0,1,0,0,0,0,0,0,0,0,0,1,0,0,1,0
13775,2011049046,1310.0,1300.0,2,2301,40.4294,-79.9886,0,0,0,0,0,0,4,5,2011,2,12.0,1.0,0,1.0,3,1,3,  ,2,3.0,0,0,1,0,0,0,0,0,0,0,0,0,0,0,0,0,0
13776,2011049057,1743.0,1739.0,38,38406,40.2993,-76.5893,0,0,0,0,0,1,4,5,2011,2,17.0,1.0,0,1.0,3,2,3,  ,3,3.0,0,0,1,0,0,0,0,0,0,0,0,0,0,0,0,0,0