,CRN,ARRIVAL_TM,DISPATCH_TM,COUNTY,MUNICIPALITY,DEC_LAT,DEC_LONG,BICYCLE_DEATH_COUNT,BICYCLE_SUSP_SERIOUS_INJ_COUNT,BUS_COUNT,HEAVY_TRUCK_COUNT,SMALL_TRUCK_COUNT,SUV_COUNT,COLLISION_TYPE,CRASH_MONTH,CRASH_YEAR,DAY_OF_WEEK,HOUR_OF_DAY,ILLUMINATION,LOCATION_TYPE,ROAD_CONDITION,URBAN_RURAL,INTERSECT_TYPE,WEATHER1,WEATHER2,TCD_TYPE,TCD_FUNC_CD,AGGRESSIVE_DRIVING,ALCOHOL_RELATED,ANGLE_CRASH,CELL_PHONE,COMM_VEHICLE,DISTRACTED,DRINKING_DRIVER,DRUGGED_DRIVER,FATIGUE_ASLEEP,IMPAIRED_DRIVER,NHTSA_AGG_DRIVING,RUNNING_RED_LT,RUNNING_STOP_SIGN,SPEEDING_RELATED,TAILGATING,MATURE_DRIVER,YOUNG_DRIVER
13777,2011049060,1706.0,1703.0,23,23106,40.0391,-75.3951,0,0,0,0,0,1,4,5,2011,1,17.0,1.0,7,1.0,3,2,3,  ,0,0.0,0,0,1,0,0,0,0,0,0,0,0,0,0,0,0,0,0
13778,2011049143,1714.0,1710.0,39,39103,40.6167,-75.5197,0,0,0,0,0,0,4,5,2011,3,17.0,1.0,0,1.0,1,0,98,  ,0,0.0,0,0,1,0,0,0,0,0,0,0,0,0,0,0,0,0,0
13779,2011049213,1844.0,1842.0,25,25302,42.1214,-80.094,0,0,0,0,0,0,4,5,2011,5,18.0,1.0,7,1.0,3,0,3,  ,0,0.0,1,0,1,0,0,0,0,0,0,0,0,0,0,0,0,1,0
13780,2011049272,2105.0,2100.0,9,9415,40.4392,-75.3347,0,0,0,0,0,0,4,5,2011,5,17.0,1.0,0,1.0,2,2,3,  ,3,3.0,0,0,1,0,0,0,0,0,0,0,0,0,0,0,0,0,0
13781,2011049377,1335.0,1327.0,2,2446,40.4452,-79.7661,0,0,0,0,0,0,4,5,2011,4,13.0,1.0,0,1.0,3,0,3,  ,0,0.0,0,0,1,0,0,0,0,0,0,0,0,0,0,0,0,0,0
13782,2011049402,1232.0,1230.0,39,39301,40.6176,-75.4773,0,0,0,0,0,0,4,5,2011,6,12.0,1.0,0,1.0,3,1,3,  ,2,3.0,0,1,1,0,0,0,0,0,0,0,0,0,0,0,0,0,0
13783,2011049461,1715.0,1715.0,35,35302,41.4166,-75.6518,0,0,0,0,0,0,4,5,2011,6,17.0,1.0,7,1.0,3,2,3,  ,3,3.0,1,0,1,0,0,0,0,0,0,0,1,0,1,0,0,0,0
13784,2011049575,641.0,631.0,49,49203,40.9754,-76.792,0,0,0,0,0,0,1,5,2011,5,6.0,1.0,0,1.0,1,0,3,  ,0,0.0,1,0,0,0,0,0,0,0,0,0,0,0,0,1,0,0,0
13785,2011049669,1748.0,1746.0,36,36101,40.0948,-76.3248,0,0,0,0,0,1,4,5,2011,6,17.0,1.0,0,1.0,3,1,3,  ,3,3.0,0,0,1,0,0,0,0,0,0,0,0,0,0,0,0,0,0
13786,2011049758,1751.0,1749.0,15,15208,39.9762,-75.5357,0,0,0,0,0,0,4,5,2011,6,17.0,1.0,0,1.0,3,1,3,  ,2,3.0,1,0,1,0,0,1,0,1,0,1,0,1,0,0,0,0,0
13787,2011049768,1627.0,1623.0,64,64305,40.5622,-79.7449,0,0,0,0,0,0,6,5,2011,7,16.0,1.0,0,1.0,3,0,3,  ,0,0.0,0,0,0,0,0,0,0,0,0,0,0,0,0,0,0,0,1
13788,2011049914,2101.0,2100.0,40,40414,41.2683,-75.89,0,0,0,0,1,0,4,5,2011,4,21.0,3.0,0,1.0,3,2,3,  ,2,3.0,1,1,1,0,0,0,1,0,0,1,0,0,0,0,0,0,0
13789,2011049920,1108.0,1104.0,66,66418,40.0595,-76.7213,0,0,0,0,0,0,4,5,2011,1,11.0,1.0,7,1.0,3,2,3,  ,2,3.0,0,0,1,0,0,0,0,0,0,0,0,0,0,0,0,1,0
13790,2011050061,1830.0,1828.0,36,36220,40.0386,-76.3285,0,0,0,0,0,0,5,5,2011,1,18.0,1.0,0,1.0,3,0,3,  ,0,0.0,0,0,0,0,0,0,0,0,0,0,0,0,0,0,0,0,0
13791,2011050092,1738.0,1722.0,41,41404,41.1701,-76.8777,0,0,0,0,0,0,4,5,2011,7,17.0,1.0,0,1.0,1,2,3,  ,3,3.0,0,0,1,0,0,0,0,0,0,0,0,0,0,0,0,0,0
13792,2011050223,2017.0,2016.0,48,48409,40.682,-75.4809,0,0,0,0,0,0,4,5,2011,3,20.0,1.0,0,1.0,3,1,3,  ,3,3.0,0,0,1,0,0,0,0,0,0,0,0,0,0,0,0,0,1
13793,2011050641,2148.0,2148.0,23,23412,39.9421,-75.2686,0,0,0,0,0,0,4,5,2011,7,21.0,3.0,0,1.0,3,1,3,  ,2,3.0,0,0,1,0,0,0,0,0,0,0,0,0,0,0,0,0,0
13794,2011050676,1538.0,1536.0,36,36234,40.0909,-76.1955,0,0,0,0,0,1,4,5,2011,1,15.0,1.0,0,1.0,1,0,3,  ,0,0.0,0,0,1,0,0,0,0,0,0,0,0,0,0,0,0,0,0
13795,2011050719,1957.0,1957.0,15,15414,39.959,-75.6094,0,0,0,0,0,0,5,3,2011,3,19.0,3.0,0,1.0,3,5,3,  ,2,3.0,0,0,0,0,0,0,0,0,0,0,0,0,0,0,0,0,0
13796,2011050736,1447.0,1445.0,46,46419,40.185,-75.5374,0,1,0,0,0,0,4,5,2011,1,14.0,1.0,0,1.0,3,0,3,  ,0,0.0,0,0,1,0,0,0,0,0,0,0,0,0,0,0,0,0,0
13797,2011050766,1824.0,1823.0,21,21404,40.2143,-77.0134,0,0,0,0,0,0,4,5,2011,3,18.0,1.0,0,1.0,3,1,3,  ,3,3.0,0,0,1,0,0,0,0,0,0,0,0,0,0,0,0,0,0
13798,2011050769,1947.0,1945.0,2,2301,40.4552,-79.9477,0,0,0,0,0,0,5,5,2011,5,19.0,1.0,0,1.0,3,2,3,  ,0,0.0,0,0,0,0,0,0,0,0,0,0,0,0,0,0,0,0,0
13799,2011050969,1648.0,1642.0,15,15239,40.0486,-75.6383,0,0,0,0,0,0,4,5,2011,1,16.0,1.0,0,1.0,1,0,3,  ,3,3.0,0,1,1,0,0,0,0,0,0,0,0,0,0,0,0,0,0
13800,2011051381,1929.0,1927.0,39,39301,40.5787,-75.466,0,0,0,0,0,1,4,4,2011,2,19.0,1.0,7,1.0,3,0,3,  ,0,0.0,0,0,1,0,0,0,0,0,0,0,0,0,0,0,0,0,0
13801,2011051401,2034.0,2033.0,39,39301,40.6174,-75.4571,0,0,0,0,0,0,1,4,2011,6,20.0,3.0,3,9.0,3,0,7,  ,0,0.0,0,0,0,0,0,0,0,0,0,0,0,0,0,0,0,0,0
13802,2011052156,1157.0,1155.0,9,9226,40.204,-75.0991,0,0,0,0,0,0,4,5,2011,7,11.0,1.0,0,1.0,3,1,3,  ,3,3.0,0,0,1,0,0,0,0,0,0,0,0,0,0,0,0,1,0
13803,2011052231,2245.0,2243.0,39,39301,40.6097,-75.4784,0,0,0,0,0,0,2,5,2011,7,22.0,3.0,0,1.0,3,1,3,  ,3,3.0,0,0,0,0,0,0,0,0,0,0,0,0,0,0,0,0,0
13804,2011052276,1052.0,1049.0,64,64306,40.5856,-79.7104,0,0,0,0,1,0,5,5,2011,7,10.0,1.0,0,1.0,3,1,3,  ,2,3.0,0,0,0,0,0,0,0,0,0,0,0,0,0,0,0,0,1
13805,2011052397,1947.0,1940.0,40,40411,41.024,-75.8966,0,0,0,0,0,0,4,5,2011,7,19.0,1.0,0,1.0,1,1,3,  ,3,3.0,0,0,1,0,0,0,0,0,0,0,0,0,0,0,0,0,0
13806,2011052718,1229.0,1225.0,9,9204,40.3446,-75.0753,0,0,0,0,0,0,4,5,2011,5,12.0,1.0,7,1.0,1,0,3,  ,0,0.0,1,0,1,0,0,0,0,0,0,0,0,0,0,0,0,0,0
13807,2011052734,1915.0,1913.0,15,15228,40.241,-75.6577,0,0,0,0,0,0,1,5,2011,2,19.0,1.0,0,9.0,1,0,3,  ,0,0.0,0,0,0,0,0,0,0,0,0,0,0,0,0,0,0,0,0
13808,2011052758,846.0,845.0,36,36408,40.1801,-76.1795,0,0,0,0,0,0,4,5,2011,3,8.0,1.0,0,1.0,2,1,3,  ,2,3.0,0,0,1,0,0,0,0,0,0,0,0,0,0,0,0,0,0
13809,2011052775,1619.0,1616.0,66,66301,39.9606,-76.7154,0,0,0,0,1,0,4,5,2011,3,16.0,1.0,0,1.0,3,0,3,  ,0,0.0,0,0,1,0,0,0,0,0,0,0,0,0,0,0,0,0,0
13810,2011052805,1206.0,1206.0,47,47206,40.9759,-76.5796,0,0,0,0,0,0,4,5,2011,1,12.0,1.0,0,1.0,1,1,3,  ,0,0.0,1,0,1,0,0,0,0,0,0,0,0,0,0,0,0,0,0
13811,2011052810,1758.0,1754.0,49,49211,40.9163,-76.7641,0,0,0,0,1,0,4,5,2011,1,17.0,1.0,0,1.0,1,0,3,  ,0,0.0,0,0,1,0,0,0,0,0,0,0,0,0,0,0,0,1,0
13812,2011052969,1616.0,1602.0,66,66228,39.8371,-76.6753,0,0,0,0,0,0,5,5,2011,3,15.0,1.0,0,1.0,3,0,3,  ,0,0.0,0,0,0,0,0,1,0,0,0,0,0,0,0,0,0,0,1
13813,2011053036,1655.0,1651.0,46,46415,40.3958,-75.4995,0,0,0,0,0,1,4,5,2011,2,16.0,1.0,7,1.0,1,0,3,  ,3,3.0,1,0,1,0,0,0,0,0,0,0,0,0,0,0,0,0,0
13814,2011053041,1854.0,1854.0,46,46215,40.2105,-75.4298,0,0,0,0,0,0,1,5,2011,7,18.0,1.0,0,1.0,1,0,3,  ,0,0.0,0,0,0,0,0,0,0,0,0,0,0,0,0,0,0,0,0
13815,2011053431,1128.0,1126.0,49,49302,40.7865,-76.5639,0,0,0,0,0,0,9,5,2011,4,11.0,1.0,0,1.0,2,0,3,  ,0,0.0,0,0,0,0,0,0,0,0,0,0,0,0,0,0,0,0,0
13816,2011053484,2335.0,2330.0,67,67301,39.9929,-75.1138,0,0,0,0,0,0,6,5,2011,2,21.0,4.0,0,1.0,3,2,3,  ,3,3.0,0,0,0,0,0,0,0,0,0,0,0,0,0,0,0,0,0
13817,2011053558,1720.0,1712.0,67,67301,40.0308,-75.112,0,0,0,0,0,0,4,4,2011,4,16.0,1.0,0,9.0,3,1,3,  ,2,3.0,0,0,1,0,0,0,0,0,0,0,0,0,0,0,0,0,0
13818,2011053560,1433.0,1429.0,67,67301,39.9181,-75.1608,0,0,0,0,0,0,2,4,2011,2,14.0,1.0,0,1.0,3,2,3,  ,0,0.0,0,0,0,0,0,0,0,0,0,0,0,0,0,0,0,1,0
13819,2011053609,1810.0,1757.0,67,67301,39.9959,-75.1914,0,0,0,0,0,0,4,4,2011,2,17.0,1.0,0,1.0,3,3,3,  ,3,3.0,1,0,1,0,0,0,0,0,0,0,0,0,0,0,0,0,0
13820,2011053610,1345.0,1341.0,67,67301,39.991,-75.1686,0,0,0,0,0,0,4,4,2011,4,13.0,1.0,0,1.0,3,1,3,  ,2,3.0,0,0,1,0,0,0,0,0,0,0,0,0,0,0,0,0,0
13821,2011053643,1950.0,1947.0,22,22301,40.2657,-76.891,0,0,0,0,0,0,4,5,2011,3,19.0,4.0,0,1.0,3,2,3,  ,3,3.0,0,0,1,0,0,0,0,0,0,0,0,0,0,0,0,1,0
13822,2011053833,1421.0,1407.0,15,15230,39.8647,-75.6162,0,0,0,0,0,0,2,5,2011,1,14.0,1.0,0,1.0,1,0,3,  ,0,0.0,0,0,0,0,0,0,0,0,0,0,0,0,0,0,0,0,0
13823,2011053933,113.0,110.0,22,22301,40.2651,-76.8621,0,0,0,0,0,0,4,5,2011,1,0.0,3.0,0,1.0,3,1,3,  ,3,3.0,0,0,1,0,0,0,0,0,0,0,0,0,0,0,0,0,0
13824,2011053998,2209.0,2204.0,35,35302,41.4045,-75.6861,0,0,0,0,0,1,4,5,2011,4,21.0,3.0,0,1.0,3,1,3,  ,3,3.0,0,0,1,0,0,0,0,0,0,0,0,0,0,0,0,1,0
13825,2011054018,2147.0,2144.0,67,67301,39.957,-75.2096,0,0,0,0,0,0,4,3,2011,5,21.0,1.0,7,9.0,3,0,10,  ,0,0.0,0,0,1,0,0,0,0,0,0,0,0,0,0,0,0,0,0
13826,2011054026,2025.0,2020.0,67,67301,39.9867,-75.2076,0,0,0,0,0,0,4,4,2011,6,20.0,3.0,2,1.0,3,1,3,  ,2,3.0,1,0,1,0,0,0,0,0,0,0,0,0,0,0,0,1,0
13827,2011054042,1435.0,1429.0,67,67301,39.9642,-75.2013,0,0,0,0,0,0,5,4,2011,5,14.0,1.0,0,1.0,3,1,3,  ,3,3.0,0,0,0,0,0,0,0,0,0,0,0,0,0,0,0,0,0
13828,2011054053,1931.0,1929.0,67,67301,39.9981,-75.1135,0,0,0,0,0,0,4,4,2011,1,19.0,1.0,0,1.0,3,2,3,  ,0,0.0,0,0,1,0,0,0,0,0,0,0,0,0,0,0,0,0,0
13829,2011054063,1500.0,9999.0,67,67301,40.0083,-75.1945,0,0,0,0,0,0,5,4,2011,1,14.0,1.0,3,1.0,3,1,3,  ,2,3.0,0,0,0,0,0,0,0,0,0,0,0,0,0,0,0,0,0
13830,2011054127,2012.0,2012.0,67,67301,39.9407,-75.2242,0,0,0,0,0,0,4,4,2011,7,20.0,3.0,0,9.0,3,1,7,  ,2,3.0,1,1,1,0,0,0,0,0,0,0,0,0,0,0,0,0,0
13831,2011054135,811.0,808.0,67,67301,39.9256,-75.1693,0,0,0,0,0,0,4,4,2011,7,7.0,1.0,0,1.0,3,5,3,  ,2,2.0,0,0,1,0,0,0,0,0,0,0,0,0,0,0,0,0,0
13832,2011054187,1125.0,1120.0,67,67301,40.0326,-75.1407,0,0,0,0,0,0,5,4,2011,2,9.0,1.0,0,1.0,3,0,3,  ,0,0.0,0,0,0,0,0,0,0,0,0,0,0,0,0,0,0,1,0
13833,2011054193,1620.0,1609.0,67,67301,40.0299,-75.0371,0,0,0,0,0,0,4,4,2011,5,99.0,1.0,0,1.0,3,1,3,  ,0,0.0,0,0,1,0,0,0,0,0,0,0,0,0,0,0,0,1,0
13834,2011054213,1247.0,1244.0,67,67301,40.0344,-75.0483,0,0,0,0,0,0,4,4,2011,5,12.0,1.0,0,1.0,3,0,3,  ,0,0.0,0,0,1,0,0,0,0,0,0,0,0,0,0,0,0,0,0
13835,2011054235,1714.0,1707.0,67,67301,39.9646,-75.1463,0,0,0,0,1,0,1,4,2011,6,17.0,1.0,0,1.0,3,0,3,  ,0,0.0,1,0,0,0,0,0,0,0,0,0,0,0,0,1,1,0,0
13836,2011054272,1526.0,1526.0,67,67301,39.922,-75.2214,0,0,0,0,0,0,4,4,2011,1,15.0,1.0,7,1.0,3,0,3,  ,0,0.0,0,0,1,0,0,0,0,0,0,0,0,0,0,0,0,0,0
13837,2011054304,1015.0,1009.0,67,67301,39.9803,-75.2141,0,0,0,0,0,0,4,4,2011,6,10.0,1.0,0,1.0,3,1,3,  ,2,3.0,0,0,1,0,0,0,0,0,0,0,0,0,0,0,0,0,0
13838,2011054315,1623.0,1621.0,67,67301,40.0179,-75.1366,0,0,0,0,0,0,4,4,2011,6,16.0,1.0,0,1.0,3,3,3,  ,3,3.0,0,0,1,0,0,0,0,0,0,0,0,0,0,0,0,0,0
13839,2011054325,2135.0,2132.0,67,67301,39.9571,-75.2083,0,0,0,0,0,1,4,4,2011,3,21.0,3.0,0,1.0,3,1,3,  ,3,3.0,0,0,1,0,0,0,0,0,0,0,0,0,0,0,0,0,0
13840,2011054433,1232.0,1229.0,22,22202,40.2687,-76.6707,0,0,0,0,0,1,4,5,2011,4,12.0,1.0,7,1.0,3,2,3,  ,2,3.0,1,0,1,0,0,0,0,0,0,0,0,0,0,0,0,0,0
13841,2011054501,1145.0,1145.0,21,21213,40.1978,-77.1551,0,0,0,0,0,0,5,5,2011,2,11.0,1.0,7,1.0,1,0,3,  ,2,3.0,1,0,0,0,0,0,0,0,0,0,1,0,0,0,0,1,0
13842,2011054648,1558.0,1556.0,23,23405,39.9172,-75.2871,0,0,0,0,0,0,4,5,2011,6,15.0,1.0,0,1.0,3,0,3,  ,0,0.0,0,0,1,0,0,0,0,0,0,0,0,0,0,0,0,0,0
13843,2011054740,1327.0,1326.0,28,28401,39.9348,-77.6597,0,0,0,0,0,0,4,5,2011,6,13.0,1.0,0,1.0,1,2,3,  ,3,3.0,1,0,1,0,0,0,0,0,0,0,0,0,0,0,0,0,0
13844,2011054774,1259.0,1256.0,9,9409,40.2152,-74.7858,0,0,0,0,0,0,4,5,2011,7,12.0,1.0,7,1.0,3,0,3,  ,0,0.0,0,0,1,0,0,0,0,0,0,0,0,0,0,0,0,1,0
13845,2011054808,1730.0,1727.0,39,39301,40.5867,-75.4578,0,0,0,0,0,0,4,5,2011,7,17.0,1.0,0,1.0,3,1,3,  ,3,3.0,0,0,1,0,0,0,0,0,0,0,0,0,0,0,0,0,0
13846,2011054938,1615.0,1614.0,2,2447,40.414,-79.9873,0,0,0,0,0,0,2,5,2011,1,16.0,1.0,0,1.0,3,1,3,  ,3,3.0,0,0,0,0,0,0,0,0,0,0,0,0,0,0,0,0,0
13847,2011055022,730.0,729.0,2,2301,40.4843,-79.9078,0,0,0,0,0,0,4,5,2011,2,7.0,1.0,0,1.0,3,1,3,  ,2,3.0,1,0,1,0,0,0,0,0,0,0,1,0,0,1,0,0,0
13848,2011055047,1105.0,1101.0,35,35412,41.3718,-75.7476,0,0,0,0,0,0,5,5,2011,2,11.0,1.0,0,1.0,3,0,3,  ,0,0.0,0,0,0,0,0,0,0,0,0,0,0,0,0,0,0,0,0
13849,2011055084,1602.0,1557.0,41,41301,41.253,-76.9911,0,0,0,0,0,0,5,5,2011,2,15.0,1.0,0,1.0,3,0,3,  ,0,0.0,0,0,0,0,0,0,0,0,0,0,0,0,0,0,0,0,0
13850,2011055159,1530.0,1529.0,66,66102,39.9113,-76.6822,0,0,0,0,0,0,4,5,2011,7,15.0,1.0,0,1.0,1,1,3,  ,2,3.0,1,0,1,0,0,0,0,0,0,0,0,0,0,0,0,0,0
13851,2011055363,1655.0,1644.0,25,25408,42.0113,-80.3465,0,0,0,0,0,0,4,5,2011,1,16.0,1.0,0,1.0,1,0,3,  ,0,0.0,0,0,1,0,0,0,0,0,0,0,0,0,0,0,0,0,1
13852,2011055397,527.0,504.0,54,54210,40.7185,-77.0015,0,0,0,0,0,0,4,5,2011,2,5.0,5.0,0,9.0,1,2,3,  ,0,0.0,1,0,1,0,0,0,0,0,0,0,0,0,0,0,0,0,0
13853,2011055960,1545.0,1545.0,20,20230,41.6115,-80.1982,0,0,0,0,0,0,4,5,2011,3,15.0,1.0,0,1.0,1,1,3,  ,3,3.0,1,0,1,0,0,0,0,0,0,0,0,0,0,0,0,1,0
13854,2011055969,812.0,800.0,38,38301,40.3276,-76.4425,0,1,0,0,0,0,4,6,2011,4,7.0,1.0,0,1.0,2,0,3,  ,0,0.0,0,0,1,0,0,0,0,0,0,0,0,0,0,0,0,0,0
13855,2011056068,1532.0,1527.0,9,9225,40.1753,-75.0453,0,0,0,0,0,0,4,5,2011,7,15.0,1.0,7,1.0,3,0,3,  ,0,0.0,0,0,1,0,0,0,0,0,0,0,0,0,0,0,0,0,0
13856,2011056089,1203.0,1151.0,49,49211,40.9193,-76.8248,0,0,0,0,0,0,4,5,2011,2,11.0,1.0,0,1.0,1,0,3,  ,0,0.0,0,0,1,0,0,1,0,0,0,0,0,0,0,0,0,0,0
13857,2011056099,1432.0,1432.0,66,66413,39.8007,-76.9835,0,0,0,1,0,0,4,4,2011,6,14.0,1.0,0,1.0,2,0,3,  ,2,3.0,0,0,1,0,1,0,0,0,0,0,0,0,0,0,0,1,0
13858,2011056299,1712.0,1710.0,25,25414,41.9447,-79.9857,0,0,0,0,0,1,4,5,2011,3,17.0,1.0,0,1.0,1,0,3,  ,0,0.0,0,0,1,0,0,0,0,0,0,0,0,0,0,0,0,0,0
13859,2011056410,1718.0,1716.0,67,67301,39.9742,-75.1458,0,0,0,0,0,0,3,4,2011,3,17.0,1.0,0,1.0,3,1,3,  ,3,3.0,0,0,0,0,0,0,0,0,0,0,0,0,0,0,0,0,0
13860,2011056472,1437.0,1434.0,38,38301,40.3449,-76.4182,0,0,0,0,0,0,4,6,2011,4,14.0,1.0,0,9.0,2,1,7,  ,3,3.0,0,0,1,0,0,0,0,0,0,0,0,0,0,0,0,0,0
13861,2011056553,1615.0,1615.0,23,23407,39.9224,-75.2651,0,0,0,0,0,0,4,6,2011,5,16.0,1.0,0,1.0,3,2,3,  ,0,0.0,1,0,1,0,0,0,0,0,0,0,0,0,0,0,0,0,0
13862,2011056577,1310.0,1304.0,61,61406,41.8506,-79.3127,0,0,0,0,0,0,8,5,2011,1,13.0,1.0,0,1.0,1,0,3,  ,0,0.0,0,0,0,0,0,0,0,0,0,0,0,0,0,0,0,0,1
13863,2011056662,1824.0,1824.0,36,36408,40.178,-76.1811,0,0,0,0,0,1,4,5,2011,3,18.0,1.0,0,1.0,2,1,3,  ,0,0.0,0,0,1,0,0,0,0,0,0,0,0,0,0,0,0,0,0
13864,2011056675,1758.0,1737.0,23,23404,,,0,0,0,0,0,0,4,6,2011,5,17.0,1.0,7,1.0,3,0,3,  ,0,0.0,0,0,1,0,0,0,0,0,0,0,0,0,0,0,0,0,0
13865,2011056699,751.0,737.0,54,54405,40.841,-76.826,0,0,0,0,0,0,6,5,2011,3,7.0,1.0,0,1.0,1,0,3,  ,0,0.0,1,0,0,0,0,0,0,0,0,0,0,0,0,0,0,0,1
13866,2011056746,1646.0,1638.0,67,67301,40.0587,-74.9957,0,0,0,0,0,0,4,5,2011,2,16.0,1.0,0,1.0,3,1,3,  ,0,0.0,0,0,1,0,0,0,0,0,0,0,0,0,0,0,0,0,0
13867,2011056758,1015.0,1008.0,67,67301,39.952,-75.1614,0,0,0,0,0,1,4,5,2011,3,10.0,1.0,0,1.0,3,1,3,  ,2,3.0,1,0,1,0,0,0,0,0,0,0,0,0,0,0,0,0,0
13868,2011056772,1355.0,1350.0,67,67301,39.9673,-75.1937,0,0,0,0,0,0,8,5,2011,5,13.0,1.0,0,1.0,3,1,3,  ,2,2.0,0,0,0,0,0,0,0,0,0,0,0,0,0,0,0,0,0
13869,2011056783,1139.0,1137.0,67,67301,39.9428,-75.1656,0,0,0,0,0,0,4,5,2011,3,11.0,1.0,7,1.0,3,0,3,  ,0,0.0,1,0,1,0,0,0,0,0,0,0,0,0,0,0,0,0,0
13870,2011056787,849.0,849.0,67,67301,39.9453,-75.1857,0,0,0,0,0,0,4,5,2011,3,99.0,1.0,0,1.0,3,2,3,  ,0,0.0,0,0,1,0,0,0,0,0,0,0,0,0,0,0,0,0,0
13871,2011056822,1406.0,1405.0,67,67301,40.0172,-75.0813,0,0,0,0,0,0,4,5,2011,1,12.0,1.0,0,98.0,3,0,7,  ,3,3.0,1,0,1,0,0,0,0,0,0,0,0,0,0,0,0,0,0
13872,2011056824,935.0,924.0,67,67301,39.9564,-75.1491,0,0,1,0,0,0,5,5,2011,3,9.0,1.0,0,1.0,3,0,3,  ,0,0.0,0,0,0,0,1,0,0,0,0,0,0,0,0,0,0,0,0
13873,2011056877,1642.0,1642.0,67,67301,40.0007,-75.1186,0,0,0,0,0,1,4,5,2011,1,16.0,1.0,0,1.0,3,0,3,  ,0,0.0,0,0,1,0,0,0,0,0,0,0,0,0,0,0,0,0,1
13874,2011056893,1720.0,1715.0,67,67301,39.941,-75.159,0,0,0,0,0,0,5,5,2011,3,99.0,1.0,0,1.0,3,1,3,  ,3,3.0,0,0,0,0,0,0,0,0,0,0,0,0,0,0,0,1,0
13875,2011056943,1930.0,1915.0,67,67301,40.0315,-75.106,0,0,0,0,0,0,4,5,2011,2,19.0,1.0,7,1.0,3,0,3,  ,0,0.0,0,0,1,0,0,0,0,0,0,0,0,0,0,0,0,0,0
13876,2011056946,1453.0,1450.0,67,67301,40.022,-75.0625,0,0,0,0,0,0,2,5,2011,1,14.0,1.0,0,1.0,3,0,3,  ,0,0.0,0,0,0,0,0,0,0,0,0,0,0,0,0,0,0,0,0
13877,2011056953,1930.0,1930.0,67,67301,39.9419,-75.1518,0,0,0,0,1,0,5,4,2011,5,19.0,1.0,0,1.0,3,0,3,  ,0,0.0,0,0,0,0,0,0,0,0,0,0,0,0,0,0,0,0,0
13878,2011056959,550.0,549.0,67,67301,39.9543,-75.1918,0,0,0,0,0,1,8,5,2011,2,5.0,1.0,0,1.0,3,1,3,  ,2,3.0,0,0,0,0,0,0,0,0,0,0,0,0,0,0,0,0,0
13879,2011056976,2000.0,1955.0,67,67301,39.9496,-75.176,0,0,0,0,0,0,1,4,2011,2,19.0,3.0,0,1.0,3,1,3,  ,2,3.0,0,0,0,0,0,0,0,0,0,0,0,0,0,0,0,0,0
13880,2011056980,5.0,0.0,67,67301,39.986,-75.1415,0,0,0,0,0,0,6,4,2011,7,99.0,3.0,0,1.0,3,1,3,  ,2,3.0,0,0,0,0,0,0,0,0,0,0,0,0,0,0,0,0,0
13881,2011056982,926.0,921.0,67,67301,39.9843,-75.1251,0,0,0,0,0,0,4,5,2011,3,9.0,1.0,0,1.0,3,1,3,  ,3,3.0,0,0,1,0,0,0,0,0,0,0,0,0,0,0,0,0,1
13882,2011056994,652.0,650.0,67,67301,39.9799,-75.1429,0,0,0,0,0,0,6,5,2011,3,6.0,1.0,0,1.0,3,1,3,  ,2,3.0,0,0,0,0,0,0,0,0,0,0,0,0,0,0,0,0,0
13883,2011057037,1140.0,1134.0,67,67301,40.039,-75.1508,0,0,0,0,0,0,4,5,2011,3,11.0,1.0,7,1.0,3,0,3,  ,0,0.0,0,0,1,0,0,0,0,0,0,0,0,0,0,0,0,0,0
13884,2011057147,1507.0,1504.0,6,6404,40.2619,-75.8166,0,0,0,0,0,0,4,5,2011,3,15.0,1.0,0,1.0,3,2,3,  ,3,3.0,1,0,1,0,0,0,0,0,0,0,0,0,0,0,0,1,0
13885,2011057204,1230.0,1230.0,45,45402,40.997,-75.183,0,0,0,0,0,0,4,6,2011,4,12.0,1.0,0,1.0,2,1,3,  ,2,3.0,0,0,1,0,0,0,0,0,0,0,0,0,0,0,0,0,0
13886,2011057313,114.0,114.0,67,67301,39.9536,-75.1986,0,0,0,0,0,0,4,4,2011,6,1.0,3.0,0,1.0,3,1,3,  ,2,3.0,0,0,1,1,0,1,0,1,0,1,0,0,0,0,0,0,1
13887,2011057320,1753.0,1749.0,67,67301,39.9688,-75.1274,0,0,0,0,0,0,4,5,2011,4,17.0,1.0,0,1.0,3,0,3,  ,0,0.0,0,0,1,0,0,0,0,0,0,0,0,0,0,0,0,0,0
13888,2011057328,1525.0,1522.0,67,67301,39.969,-75.1269,0,0,0,0,0,0,4,5,2011,1,14.0,1.0,0,1.0,3,1,3,  ,3,3.0,1,0,1,0,0,0,0,0,0,0,0,0,0,0,0,0,0
13889,2011057345,1444.0,1444.0,25,25213,42.0814,-80.1549,0,0,0,0,1,0,4,6,2011,6,14.0,1.0,0,1.0,3,0,3,  ,0,0.0,0,0,1,0,0,0,0,0,0,0,0,0,0,0,0,0,0
13890,2011057502,1443.0,1443.0,10,10301,40.8604,-79.9079,0,0,0,0,0,1,4,6,2011,6,14.0,1.0,0,1.0,2,2,3,  ,3,2.0,0,0,1,0,0,0,0,0,0,0,0,0,0,0,0,0,0