,CRN,ARRIVAL_TM,DISPATCH_TM,COUNTY,MUNICIPALITY,DEC_LAT,DEC_LONG,BICYCLE_DEATH_COUNT,BICYCLE_SUSP_SERIOUS_INJ_COUNT,BUS_COUNT,HEAVY_TRUCK_COUNT,SMALL_TRUCK_COUNT,SUV_COUNT,COLLISION_TYPE,CRASH_MONTH,CRASH_YEAR,DAY_OF_WEEK,HOUR_OF_DAY,ILLUMINATION,LOCATION_TYPE,ROAD_CONDITION,URBAN_RURAL,INTERSECT_TYPE,WEATHER1,WEATHER2,TCD_TYPE,TCD_FUNC_CD,AGGRESSIVE_DRIVING,ALCOHOL_RELATED,ANGLE_CRASH,CELL_PHONE,COMM_VEHICLE,DISTRACTED,DRINKING_DRIVER,DRUGGED_DRIVER,FATIGUE_ASLEEP,IMPAIRED_DRIVER,NHTSA_AGG_DRIVING,RUNNING_RED_LT,RUNNING_STOP_SIGN,SPEEDING_RELATED,TAILGATING,MATURE_DRIVER,YOUNG_DRIVER
13891,2011057543,1622.0,1620.0,25,25213,42.0652,-80.0933,0,0,0,0,0,1,4,6,2011,7,16.0,1.0,7,1.0,3,2,3,  ,2,3.0,0,0,1,0,0,0,0,0,0,0,0,0,0,0,0,0,0
13892,2011057607,2305.0,2301.0,2,2301,40.4322,-80.0039,0,0,0,0,0,0,1,6,2011,7,22.0,3.0,3,1.0,3,2,3,  ,0,0.0,0,0,0,0,0,0,0,0,0,0,0,0,0,0,0,0,0
13893,2011057734,1733.0,1726.0,46,46216,40.2341,-75.3748,0,0,0,0,0,0,1,6,2011,1,17.0,1.0,0,1.0,1,2,3,  ,3,3.0,0,0,0,0,0,0,0,0,0,0,0,0,0,0,0,0,0
13894,2011057789,1854.0,1852.0,2,2304,40.3306,-79.8409,0,0,0,0,0,1,2,6,2011,1,18.0,1.0,0,1.0,3,2,3,  ,0,0.0,0,0,0,0,0,0,0,0,0,0,0,0,0,0,0,0,1
13895,2011057860,1720.0,1718.0,2,2407,40.3051,-80.0367,0,0,0,0,0,0,4,6,2011,4,17.0,1.0,0,1.0,3,2,3,  ,3,3.0,1,0,1,0,0,0,0,0,0,0,0,0,1,0,0,0,1
13896,2011057971,1749.0,1749.0,46,46225,,,0,0,0,0,0,0,4,6,2011,5,17.0,1.0,7,1.0,3,0,3,  ,3,3.0,0,0,1,0,0,0,0,0,0,0,0,0,0,0,0,0,0
13897,2011058044,1155.0,1144.0,6,6301,40.3288,-75.9024,0,0,0,0,0,0,4,6,2011,2,11.0,1.0,0,1.0,3,1,3,  ,2,3.0,1,0,1,0,0,0,0,0,0,0,0,0,0,0,0,0,0
13898,2011058204,1721.0,1720.0,23,23412,39.9392,-75.267,0,0,0,0,0,1,4,6,2011,2,17.0,1.0,0,1.0,3,2,3,  ,0,0.0,0,0,1,0,0,0,0,0,0,0,0,0,0,0,0,0,0
13899,2011058210,1937.0,1928.0,41,41301,41.2535,-76.9827,0,0,0,0,0,0,4,6,2011,2,19.0,1.0,0,1.0,3,1,3,  ,3,3.0,0,0,1,0,0,0,0,0,0,0,0,0,0,0,0,0,0
13900,2011058232,2140.0,2136.0,36,36301,40.036,-76.2868,0,0,0,0,0,0,4,5,2011,6,21.0,2.0,0,1.0,3,1,3,  ,3,3.0,1,0,1,0,0,0,0,0,0,0,0,0,0,0,0,0,0
13901,2011058302,1048.0,1045.0,21,21213,40.1511,-77.131,0,0,0,0,0,0,4,5,2011,7,10.0,1.0,0,1.0,1,3,3,  ,3,3.0,1,0,1,0,0,0,0,0,0,0,0,0,0,0,0,0,0
13902,2011058420,1330.0,1326.0,60,60302,41.422,-79.6944,0,0,0,0,0,0,4,6,2011,3,13.0,1.0,0,1.0,2,1,3,  ,3,3.0,0,0,1,0,0,0,0,0,0,0,0,0,0,0,0,0,0
13903,2011058428,1432.0,1426.0,15,15201,39.9092,-75.6004,0,0,0,0,0,0,8,6,2011,3,14.0,1.0,0,1.0,1,0,3,  ,0,0.0,0,0,0,0,0,0,0,0,0,0,0,0,0,0,0,1,0
13904,2011058457,1755.0,1753.0,42,42301,41.9564,-78.6505,0,0,0,0,0,0,4,6,2011,3,17.0,1.0,0,1.0,2,3,3,  ,3,3.0,0,0,1,0,0,0,0,0,0,0,0,0,0,0,0,1,0
13905,2011058467,1250.0,1250.0,22,22208,40.3341,-76.7862,0,0,0,0,0,1,4,5,2011,1,12.0,1.0,0,1.0,3,1,3,  ,3,3.0,0,0,1,0,0,0,0,0,0,0,0,0,0,0,0,0,1
13906,2011058482,1620.0,1620.0,66,66413,39.8162,-76.9935,0,0,0,0,0,0,4,5,2011,6,16.0,1.0,0,1.0,2,1,3,  ,2,3.0,1,0,1,0,0,0,0,0,0,0,1,1,0,0,0,0,0
13907,2011058587,1745.0,1740.0,6,6301,40.3292,-75.9183,0,0,0,0,0,0,4,5,2011,5,17.0,1.0,0,1.0,3,1,3,  ,3,3.0,0,0,1,0,0,0,0,0,0,0,0,0,0,0,0,0,0
13908,2011058769,1646.0,1644.0,36,36301,40.0376,-76.3177,0,0,0,0,0,0,5,5,2011,3,16.0,1.0,0,1.0,3,0,3,  ,0,0.0,1,1,0,0,0,0,0,0,0,0,0,0,0,0,0,0,0
13909,2011058798,1013.0,1010.0,2,2301,40.4293,-79.9274,0,0,0,0,0,0,2,6,2011,4,10.0,1.0,0,1.0,3,2,3,  ,3,3.0,1,0,0,0,0,0,0,0,0,0,0,0,1,0,0,1,0
13910,2011058950,2003.0,2002.0,48,48206,40.6622,-75.4229,0,0,0,1,0,0,4,6,2011,4,20.0,1.0,0,1.0,3,1,3,  ,2,3.0,0,0,1,0,1,1,0,0,0,0,0,0,0,0,0,0,0
13911,2011059288,842.0,840.0,47,47206,40.9663,-76.5877,0,0,0,0,1,0,9,6,2011,6,8.0,1.0,0,1.0,1,2,3,  ,3,3.0,0,0,0,0,0,0,0,0,0,0,0,0,0,0,0,0,0
13912,2011059547,1835.0,1835.0,23,23210,39.9274,-75.3849,0,0,0,0,0,0,4,5,2011,1,18.0,1.0,7,1.0,3,0,3,  ,0,0.0,0,0,1,0,0,0,0,0,0,0,0,0,0,0,0,0,0
13913,2011059562,1848.0,1846.0,15,15414,39.9535,-75.6053,0,0,0,0,0,0,2,5,2011,1,18.0,1.0,0,1.0,3,1,3,  ,2,3.0,0,0,0,0,0,0,0,0,0,0,0,0,0,0,0,0,1
13914,2011059570,1839.0,1834.0,46,46104,39.9991,-75.2309,0,0,0,0,0,0,6,6,2011,6,18.0,1.0,0,1.0,3,1,3,  ,2,3.0,1,0,0,0,0,0,0,0,0,0,0,0,0,0,0,1,0
13915,2011059611,1603.0,1557.0,22,22207,40.1916,-76.6586,0,0,0,0,0,1,4,6,2011,7,15.0,1.0,0,1.0,1,1,3,  ,3,3.0,0,0,1,0,0,0,0,0,0,0,0,0,0,0,0,0,0
13916,2011059813,1730.0,1727.0,23,23106,40.044,-75.3879,0,0,0,0,0,1,5,6,2011,3,17.0,1.0,0,1.0,3,1,3,  ,2,3.0,0,0,0,0,0,0,0,0,0,0,0,0,0,0,0,0,0
13917,2011059971,1622.0,1620.0,43,43302,41.2389,-80.4892,0,0,0,0,0,0,5,6,2011,5,16.0,1.0,0,1.0,3,2,3,  ,0,0.0,0,0,0,0,0,0,0,0,0,0,0,0,0,0,0,1,0
13918,2011060282,1724.0,1719.0,21,21401,40.2383,-76.9351,0,0,0,0,0,0,4,6,2011,3,17.0,1.0,7,1.0,3,0,3,  ,0,0.0,0,0,1,0,0,0,0,0,0,0,0,0,0,0,0,0,0
13919,2011060338,1257.0,1257.0,39,39102,40.6253,-75.4826,0,1,1,0,0,0,4,6,2011,7,12.0,1.0,0,9.0,3,2,7,  ,3,3.0,0,0,1,0,1,0,0,0,0,0,0,0,0,0,0,0,0
13920,2011060411,1306.0,1301.0,46,46203,40.2965,-75.3818,0,0,0,0,0,0,4,6,2011,1,13.0,1.0,0,1.0,1,2,3,  ,3,3.0,1,0,1,0,0,0,0,0,0,0,0,0,0,0,0,0,0
13921,2011060511,1750.0,1745.0,35,35302,41.4435,-75.6445,0,0,0,0,0,0,5,6,2011,2,17.0,1.0,0,1.0,3,2,3,  ,0,0.0,0,0,0,0,0,0,0,0,0,0,0,0,0,0,0,0,0
13922,2011060513,1305.0,1302.0,9,9413,40.1592,-74.9111,0,0,0,0,0,0,4,6,2011,7,13.0,1.0,0,1.0,3,1,3,  ,2,3.0,1,0,1,0,0,0,0,0,0,0,0,0,0,0,0,1,0
13923,2011060526,1734.0,1729.0,2,2301,40.4397,-79.8977,0,0,0,0,0,0,4,6,2011,2,17.0,1.0,0,1.0,3,1,3,  ,2,3.0,0,0,1,0,0,0,0,0,0,0,0,0,0,0,0,0,0
13924,2011060754,1853.0,1852.0,46,46416,40.245,-75.6449,0,0,0,0,0,0,5,6,2011,5,18.0,1.0,0,1.0,2,0,3,  ,0,0.0,0,0,0,0,0,1,0,0,0,0,0,0,0,0,0,0,0
13925,2011060763,2209.0,2201.0,41,41301,41.2444,-77.009,0,0,0,0,0,0,6,6,2011,2,22.0,3.0,0,1.0,3,1,3,  ,3,3.0,0,0,0,0,0,0,0,0,0,0,0,0,0,0,0,0,0
13926,2011061011,1253.0,1251.0,53,53428,40.7987,-75.9759,0,0,0,0,1,0,4,6,2011,1,12.0,1.0,0,1.0,1,2,3,  ,3,3.0,0,0,1,0,0,0,0,0,0,0,0,0,0,0,0,0,0
13927,2011061015,1310.0,1305.0,7,7301,40.5223,-78.4066,0,0,0,0,0,0,4,6,2011,1,13.0,1.0,0,1.0,3,1,3,  ,3,3.0,0,0,1,0,0,0,0,0,0,0,0,0,0,0,0,0,0
13928,2011061095,1518.0,1457.0,66,66422,39.9766,-76.7328,0,0,0,0,0,0,4,6,2011,4,14.0,1.0,0,1.0,3,10,3,  ,0,0.0,0,0,1,0,0,0,0,0,0,0,0,0,0,0,0,0,0
13929,2011061114,1840.0,1833.0,22,22208,40.3565,-76.7946,0,0,0,0,1,0,5,6,2011,5,18.0,1.0,0,1.0,3,0,3,  ,0,0.0,1,1,0,0,0,0,1,0,0,1,0,0,0,0,0,0,0
13930,2011061117,1425.0,1423.0,46,46104,40.013,-75.2729,0,0,0,0,0,0,4,6,2011,6,14.0,1.0,0,1.0,3,1,3,  ,2,3.0,1,0,1,0,0,0,0,0,0,0,0,0,0,1,0,0,0
13931,2011061225,1905.0,1902.0,39,39301,40.5994,-75.4703,0,0,0,0,0,0,4,6,2011,4,19.0,1.0,0,1.0,3,2,3,  ,2,3.0,0,0,1,0,0,0,0,0,0,0,0,0,0,0,0,0,0
13932,2011061417,1917.0,1916.0,23,23301,39.8553,-75.358,0,0,0,0,0,0,4,6,2011,1,19.0,1.0,0,1.0,3,0,3,  ,0,0.0,0,0,1,0,0,0,0,0,0,0,0,0,0,0,0,0,0
13933,2011061452,1215.0,1210.0,6,6301,40.3473,-75.9168,0,0,0,0,0,0,4,6,2011,5,12.0,1.0,0,1.0,3,1,3,  ,0,0.0,0,0,1,0,0,0,0,0,0,0,0,0,0,0,0,0,0
13934,2011061508,2036.0,2036.0,46,46101,40.105,-75.1249,0,0,0,0,0,1,4,6,2011,3,20.0,4.0,0,1.0,3,2,3,  ,3,3.0,0,0,1,0,0,1,0,0,0,0,0,0,0,0,0,0,0
13935,2011061516,1428.0,1425.0,46,46104,40.0235,-75.2305,0,0,0,0,0,0,4,6,2011,1,13.0,1.0,7,1.0,3,0,3,  ,0,0.0,1,0,1,0,0,0,0,0,0,0,0,0,0,0,0,0,0
13936,2011061522,2128.0,2119.0,48,48301,40.6291,-75.3572,0,0,0,0,1,0,5,6,2011,7,22.0,3.0,0,1.0,3,0,3,  ,0,0.0,0,0,0,0,0,0,0,0,0,0,0,0,0,0,0,0,0
13937,2011061549,1517.0,1515.0,36,36221,40.0588,-76.0627,0,0,0,0,0,0,4,6,2011,4,15.0,1.0,7,1.0,1,0,3,  ,0,0.0,0,0,1,0,0,0,0,0,0,0,0,0,0,0,0,0,1
13938,2011061580,1608.0,1604.0,46,46109,40.1791,-75.1824,0,1,0,0,0,0,4,6,2011,5,16.0,1.0,7,1.0,3,0,3,  ,0,0.0,0,0,1,0,0,0,0,0,0,0,0,0,0,0,0,0,0
13939,2011061584,1844.0,1840.0,39,39301,40.6054,-75.4661,0,0,0,0,0,0,4,6,2011,5,16.0,1.0,0,1.0,3,1,3,  ,2,3.0,0,0,1,0,0,0,0,0,0,0,0,0,0,0,0,0,0
13940,2011061647,1953.0,1951.0,66,66430,39.9566,-76.7634,0,0,0,0,0,0,8,6,2011,2,19.0,1.0,0,1.0,3,1,3,  ,3,3.0,0,0,0,0,0,0,0,0,0,0,0,0,0,0,0,0,0
13941,2011061743,1818.0,1818.0,46,46413,40.1132,-75.3434,0,0,1,0,0,0,2,6,2011,4,18.0,1.0,7,1.0,3,0,3,  ,0,0.0,0,0,0,0,1,0,0,0,0,0,0,0,0,0,0,0,0
13942,2011061782,1012.0,1008.0,67,67301,39.9268,-75.1691,0,0,0,0,0,0,4,5,2011,4,10.0,1.0,0,1.0,3,1,3,  ,2,2.0,1,0,1,0,0,0,0,0,0,0,0,0,0,0,0,0,0
13943,2011061800,1242.0,1240.0,67,67301,39.9634,-75.1629,0,0,0,0,0,0,4,5,2011,2,12.0,1.0,0,1.0,3,2,3,  ,3,3.0,0,0,1,0,0,0,0,0,0,0,0,0,0,0,0,0,0
13944,2011061807,1526.0,1526.0,67,67301,39.9642,-75.1798,0,0,0,0,0,0,4,5,2011,7,14.0,1.0,0,9.0,3,5,7,  ,0,0.0,0,0,1,0,0,0,0,0,0,0,0,0,0,0,0,0,0
13945,2011061819,2035.0,2029.0,67,67301,39.9954,-75.093,0,0,0,0,0,0,8,5,2011,4,15.0,1.0,0,9.0,3,0,7,  ,0,0.0,0,0,0,0,0,0,0,0,0,0,0,0,0,0,0,1,0
13946,2011061832,1110.0,1110.0,67,67301,40.0171,-75.1494,0,0,0,0,0,0,5,5,2011,2,11.0,1.0,0,1.0,3,0,3,  ,2,3.0,0,0,0,0,0,0,0,0,0,0,0,0,0,0,0,0,0
13947,2011061854,1211.0,1209.0,67,67301,40.0085,-75.0751,0,0,0,0,0,0,6,5,2011,1,12.0,1.0,0,1.0,3,0,3,  ,0,0.0,0,0,0,0,0,0,0,0,0,0,0,0,0,0,0,0,0
13948,2011061873,2246.0,2244.0,67,67301,39.9172,-75.1659,0,0,0,0,0,0,5,5,2011,7,22.0,3.0,0,1.0,3,0,3,  ,2,3.0,1,0,0,0,0,0,0,0,0,0,0,0,0,0,0,0,0
13949,2011061882,1340.0,1335.0,67,67301,39.9393,-75.1766,0,0,0,0,0,0,4,5,2011,4,10.0,1.0,0,1.0,3,0,3,  ,0,0.0,1,0,1,0,0,0,0,0,0,0,0,0,0,0,0,0,0
13950,2011061888,1740.0,1736.0,67,67301,39.9149,-75.1593,0,0,0,0,0,0,3,5,2011,7,17.0,1.0,0,1.0,3,0,3,  ,0,0.0,0,0,0,0,0,0,0,0,0,0,0,0,0,0,0,0,0
13951,2011061905,1845.0,1841.0,67,67301,40.0419,-75.075,0,0,0,0,0,0,4,5,2011,5,18.0,1.0,0,9.0,3,1,3,  ,2,3.0,0,0,1,0,0,0,0,0,0,0,0,0,0,0,0,0,0
13952,2011061923,938.0,935.0,66,66301,39.9621,-76.7297,0,0,0,0,0,0,9,6,2011,6,9.0,1.0,0,1.0,3,0,3,  ,0,0.0,0,0,0,0,0,0,0,0,0,0,0,0,0,0,0,0,0
13953,2011062011,1745.0,1742.0,67,67301,40.0532,-75.1221,0,0,0,0,0,1,4,5,2011,2,17.0,1.0,0,1.0,3,5,3,  ,2,3.0,0,0,1,0,0,0,0,0,0,0,0,0,0,0,0,0,0
13954,2011062021,1605.0,1605.0,67,67301,39.9333,-75.1902,0,0,0,0,0,0,5,5,2011,7,16.0,1.0,0,1.0,3,1,3,  ,3,3.0,0,0,0,0,0,0,0,0,0,0,0,0,0,0,0,0,0
13955,2011062215,1622.0,1615.0,46,46416,40.2495,-75.6688,0,0,0,0,0,0,4,6,2011,3,16.0,1.0,0,1.0,2,2,3,  ,2,3.0,0,0,1,0,0,0,0,0,0,0,0,0,0,0,0,1,0
13956,2011062251,1810.0,1809.0,38,38301,40.3361,-76.4301,0,0,0,0,0,0,4,6,2011,2,18.0,1.0,0,1.0,2,0,3,  ,0,0.0,0,0,1,0,0,0,0,0,0,0,0,0,0,0,0,0,0
13957,2011062385,1929.0,1927.0,17,17228,41.1143,-78.7366,0,0,0,0,0,0,4,6,2011,7,19.0,1.0,0,1.0,1,2,3,  ,0,0.0,0,0,1,0,0,1,0,0,0,0,0,0,0,0,0,0,0
13958,2011062415,1313.0,1311.0,46,46411,40.2478,-75.2801,0,0,0,0,0,0,4,6,2011,1,13.0,1.0,0,1.0,3,1,3,  ,3,3.0,0,0,1,0,0,0,0,0,0,0,0,0,0,0,0,0,0
13959,2011062488,1409.0,1357.0,38,38205,40.4072,-76.3405,0,0,0,0,1,0,4,6,2011,2,13.0,1.0,0,1.0,1,1,3,  ,3,3.0,0,0,1,0,0,0,0,0,0,0,0,0,0,0,0,0,0
13960,2011062558,2320.0,2317.0,66,66227,39.9844,-76.6477,0,0,0,0,0,0,4,6,2011,7,23.0,2.0,0,1.0,3,2,3,  ,4,3.0,0,1,1,0,0,0,0,0,0,0,0,0,0,0,0,0,0
13961,2011062574,441.0,439.0,25,25302,42.1265,-80.0233,0,0,0,0,0,0,4,6,2011,2,4.0,3.0,7,9.0,3,0,7,  ,0,0.0,1,0,1,0,0,0,0,0,0,0,0,0,0,0,0,0,0
13962,2011062707,1027.0,1027.0,61,61301,41.8595,-79.1464,0,0,0,0,1,0,5,6,2011,1,15.0,1.0,0,1.0,2,1,3,  ,0,0.0,1,0,0,0,0,0,0,0,0,0,0,0,0,0,0,0,0
13963,2011062717,1241.0,1238.0,40,40301,40.9675,-75.9808,0,1,0,0,0,0,4,6,2011,2,12.0,1.0,0,1.0,2,1,3,  ,0,0.0,0,0,1,0,0,0,0,0,0,0,0,0,0,0,0,1,0
13964,2011062821,1902.0,1831.0,26,26216,39.965,-79.8779,0,0,0,0,0,0,4,6,2011,6,18.0,1.0,0,1.0,1,2,3,  ,0,0.0,0,0,1,0,0,0,0,0,0,0,0,0,0,0,0,0,0
13965,2011062928,2221.0,2219.0,9,9202,40.1475,-74.9599,0,0,0,0,0,0,4,6,2011,2,22.0,3.0,0,1.0,3,0,3,  ,0,0.0,0,0,1,0,0,0,0,0,0,0,0,0,0,0,0,0,0
13966,2011063025,1234.0,1232.0,6,6420,40.3236,-76.0232,0,0,0,0,0,0,4,6,2011,2,12.0,1.0,0,1.0,3,1,3,  ,3,3.0,0,0,1,0,0,0,0,0,0,0,0,0,0,0,0,0,0
13967,2011063108,1634.0,1634.0,61,61301,41.8448,-79.1364,0,0,0,0,0,0,4,6,2011,1,16.0,1.0,0,1.0,2,2,3,  ,0,0.0,0,0,1,0,0,0,0,0,0,0,0,0,0,0,0,0,0
13968,2011063178,2232.0,2217.0,1,1220,40.0065,-77.209,0,1,0,0,0,1,1,5,2011,5,22.0,2.0,0,1.0,1,0,3,  ,0,0.0,0,0,0,0,0,1,0,0,0,0,0,0,0,0,0,0,0
13969,2011063287,727.0,725.0,35,35407,41.4265,-75.6356,0,0,0,0,0,0,4,6,2011,4,7.0,1.0,0,1.0,3,1,3,  ,2,3.0,0,0,1,0,0,0,0,0,0,0,0,0,0,0,0,0,0
13970,2011063301,1359.0,1350.0,2,2301,40.4228,-79.9959,0,0,0,0,0,0,4,6,2011,2,13.0,1.0,0,1.0,3,1,3,  ,3,3.0,0,0,1,0,0,0,0,0,0,0,0,0,0,0,0,0,0
13971,2011063334,1104.0,1100.0,46,46411,40.2316,-75.267,0,0,0,0,0,0,4,6,2011,4,11.0,1.0,0,1.0,3,2,3,  ,3,3.0,0,0,1,0,0,0,0,0,0,0,0,0,0,0,0,0,0
13972,2011063341,1230.0,1230.0,23,23418,39.8674,-75.3777,0,0,0,0,0,0,4,6,2011,4,12.0,1.0,0,1.0,3,1,3,  ,3,3.0,0,0,1,0,0,0,0,0,0,0,0,0,0,0,0,0,0
13973,2011063570,1452.0,1450.0,53,53422,40.696,-76.1728,0,0,0,0,0,0,2,6,2011,4,14.0,1.0,0,1.0,2,0,3,  ,0,0.0,0,0,0,0,0,0,0,0,0,0,0,0,0,0,0,0,0
13974,2011063682,1755.0,1750.0,46,46102,40.0579,-75.094,0,0,0,0,0,0,8,6,2011,4,17.0,1.0,0,1.0,3,1,3,  ,0,0.0,0,0,0,0,0,0,0,0,0,0,0,0,0,0,0,0,0
13975,2011063771,1530.0,1530.0,50,50409,40.4754,-77.1316,0,0,0,0,0,0,5,6,2011,5,15.0,1.0,0,1.0,1,1,3,  ,3,3.0,0,0,0,0,0,0,0,0,0,0,0,0,0,0,0,0,0
13976,2011063777,956.0,953.0,9,9218,40.2195,-74.9757,0,1,0,0,0,1,4,6,2011,5,9.0,1.0,0,9.0,3,0,7,  ,0,0.0,0,0,1,0,0,0,0,0,0,0,0,0,0,0,0,0,0
13977,2011063783,1403.0,1355.0,9,9202,40.108,-74.9135,0,0,0,0,0,0,4,6,2011,5,9.0,1.0,0,1.0,3,2,3,  ,3,3.0,1,0,1,0,0,0,0,0,0,0,0,0,0,0,0,0,0
13978,2011063815,1153.0,1151.0,39,39103,40.5838,-75.5384,0,0,0,0,0,1,4,6,2011,5,11.0,1.0,0,1.0,1,1,3,  ,3,3.0,0,0,1,0,0,1,0,0,0,0,0,0,0,0,0,0,0
13979,2011063908,1900.0,1854.0,48,48211,40.7992,-75.3977,0,0,0,0,0,0,8,6,2011,5,18.0,1.0,0,1.0,1,1,3,  ,3,3.0,0,0,0,0,0,0,0,0,0,0,0,0,0,0,0,0,1
13980,2011064010,1132.0,1130.0,67,67301,39.9631,-75.2181,0,0,0,0,0,0,8,5,2011,5,11.0,1.0,0,1.0,3,2,3,  ,2,3.0,0,0,0,0,0,0,0,0,0,0,0,0,0,1,0,0,0
13981,2011064024,1325.0,1320.0,67,67301,39.9535,-75.1853,0,0,0,0,1,0,4,5,2011,1,13.0,1.0,0,9.0,3,2,7,  ,2,3.0,0,0,1,0,0,0,0,0,0,0,0,0,0,0,0,0,0
13982,2011064040,2120.0,2117.0,67,67301,39.991,-75.1144,0,0,0,0,0,0,4,6,2011,4,21.0,3.0,0,1.0,3,0,3,  ,0,0.0,0,1,1,0,0,0,0,0,0,0,0,0,0,0,0,0,0
13983,2011064043,1000.0,940.0,67,67301,39.9613,-75.1491,0,0,0,0,0,0,5,5,2011,6,9.0,1.0,0,1.0,3,0,3,  ,0,0.0,0,0,0,0,0,1,0,0,0,0,0,0,0,0,0,0,0
13984,2011064044,2346.0,2345.0,67,67301,39.9575,-75.1879,0,0,0,0,0,0,4,5,2011,3,23.0,2.0,0,9.0,3,2,3,  ,0,0.0,1,0,1,0,0,0,0,0,0,0,0,0,0,0,0,1,0
13985,2011064047,119.0,118.0,67,67301,39.9502,-75.1586,0,0,0,0,0,0,4,5,2011,1,1.0,3.0,0,1.0,3,1,3,  ,2,3.0,0,0,1,0,0,0,0,0,0,0,0,0,0,0,0,0,0
13986,2011064050,1835.0,1833.0,67,67301,39.9524,-75.1533,0,0,0,0,0,0,5,6,2011,4,18.0,1.0,0,1.0,3,0,3,  ,0,0.0,0,0,0,0,0,0,0,0,0,0,0,0,0,0,0,0,0
13987,2011064052,1758.0,1756.0,67,67301,39.9439,-75.1819,0,1,1,0,0,0,4,5,2011,4,17.0,1.0,0,1.0,3,3,3,  ,2,3.0,0,0,1,0,1,0,0,0,0,0,0,0,0,0,0,0,0
13988,2011064086,1216.0,1214.0,67,67301,40.0644,-74.9864,0,0,0,0,1,0,5,5,2011,4,12.0,1.0,0,1.0,3,0,3,  ,0,0.0,0,0,0,0,0,0,0,0,0,0,0,0,0,0,0,0,0
13989,2011064098,1812.0,1808.0,67,67301,39.9531,-75.1612,0,0,0,0,0,0,4,5,2011,6,18.0,1.0,0,1.0,3,1,3,  ,2,3.0,1,0,1,0,0,0,0,0,0,0,0,0,0,0,0,0,0
13990,2011064135,1839.0,1835.0,67,67301,40.0156,-75.0784,0,0,0,0,0,0,4,5,2011,1,99.0,1.0,0,1.0,3,1,3,  ,3,3.0,0,0,1,0,0,0,0,0,0,0,0,0,0,0,0,0,0
13991,2011064201,1555.0,1545.0,67,67301,40.0753,-75.0901,0,0,0,0,0,0,5,5,2011,7,15.0,1.0,0,1.0,3,0,3,  ,0,0.0,0,0,0,0,0,0,0,0,0,0,0,0,0,0,0,0,0
13992,2011064302,1747.0,1739.0,2,2213,40.4573,-80.1838,0,0,0,0,0,0,4,6,2011,1,17.0,1.0,0,1.0,3,0,3,  ,0,0.0,0,1,1,0,0,0,0,0,0,0,0,0,0,0,0,1,0
13993,2011064383,1237.0,1211.0,36,36215,40.0331,-76.2452,0,0,0,0,0,0,4,6,2011,1,8.0,1.0,0,1.0,1,1,3,  ,2,3.0,1,0,1,0,0,0,0,0,0,0,0,0,0,0,0,0,1
13994,2011064532,1556.0,1553.0,23,23111,39.9614,-75.2889,0,0,0,0,0,0,4,6,2011,7,15.0,1.0,0,1.0,3,2,3,  ,0,0.0,0,0,1,0,0,1,0,0,0,0,0,0,0,0,0,1,0
13995,2011064543,1555.0,1551.0,40,40103,41.2805,-75.8502,0,0,0,0,0,0,4,6,2011,7,15.0,1.0,0,1.0,3,2,3,  ,3,3.0,0,0,1,0,0,1,0,0,0,0,0,0,0,0,0,0,0
13996,2011064622,1315.0,1315.0,36,36301,40.0296,-76.3052,0,0,0,0,0,0,4,6,2011,7,13.0,1.0,0,1.0,3,1,3,  ,3,3.0,0,0,1,0,0,0,0,0,0,0,0,0,0,0,0,0,0
13997,2011064673,1441.0,1437.0,2,2301,40.4646,-79.9234,0,0,0,0,0,0,9,6,2011,1,14.0,1.0,0,1.0,3,0,3,  ,0,0.0,0,0,0,0,0,0,0,0,0,0,0,0,0,0,0,0,0
13998,2011064922,1154.0,1150.0,21,21403,40.2476,-76.8915,0,0,0,0,0,0,6,6,2011,7,11.0,1.0,0,1.0,3,0,3,  ,0,0.0,0,0,0,0,0,0,0,0,0,0,0,0,0,0,0,0,0
13999,2011064924,1734.0,1731.0,22,22301,40.2693,-76.8717,0,0,0,0,0,0,4,6,2011,4,17.0,1.0,0,1.0,3,1,3,  ,7,3.0,0,0,1,0,0,0,0,0,0,0,0,0,0,0,0,0,0
14000,2011064926,1657.0,1648.0,21,21402,40.2036,-77.1864,0,0,0,0,0,0,4,6,2011,4,16.0,1.0,0,1.0,2,1,3,  ,0,0.0,0,0,1,0,0,0,0,0,0,0,0,0,0,0,0,0,0
14001,2011064970,1208.0,1207.0,46,46416,40.2459,-75.6441,0,0,0,0,0,0,4,6,2011,4,12.0,1.0,0,1.0,2,1,3,  ,3,3.0,0,0,1,0,0,0,0,0,0,0,0,0,0,0,0,1,0
14002,2011064979,1303.0,1257.0,19,19402,41.0529,-76.2391,0,0,0,0,0,0,4,6,2011,2,12.0,1.0,0,1.0,2,1,3,  ,2,3.0,0,0,1,0,0,0,0,0,0,0,0,0,0,0,0,0,0
14003,2011065067,1318.0,1315.0,45,45214,40.9871,-75.2253,0,0,0,0,0,0,4,6,2011,3,13.0,1.0,0,1.0,1,2,3,  ,2,3.0,0,0,1,0,0,0,0,0,0,0,0,0,0,0,0,0,0
14004,2011065075,1638.0,1334.0,39,39302,40.6308,-75.3951,0,0,0,0,0,0,4,6,2011,5,16.0,1.0,7,1.0,3,0,3,  ,2,3.0,1,0,1,0,0,0,0,0,0,0,0,0,0,0,0,1,0