,CRN,ARRIVAL_TM,DISPATCH_TM,COUNTY,MUNICIPALITY,DEC_LAT,DEC_LONG,BICYCLE_DEATH_COUNT,BICYCLE_SUSP_SERIOUS_INJ_COUNT,BUS_COUNT,HEAVY_TRUCK_COUNT,SMALL_TRUCK_COUNT,SUV_COUNT,COLLISION_TYPE,CRASH_MONTH,CRASH_YEAR,DAY_OF_WEEK,HOUR_OF_DAY,ILLUMINATION,LOCATION_TYPE,ROAD_CONDITION,URBAN_RURAL,INTERSECT_TYPE,WEATHER1,WEATHER2,TCD_TYPE,TCD_FUNC_CD,AGGRESSIVE_DRIVING,ALCOHOL_RELATED,ANGLE_CRASH,CELL_PHONE,COMM_VEHICLE,DISTRACTED,DRINKING_DRIVER,DRUGGED_DRIVER,FATIGUE_ASLEEP,IMPAIRED_DRIVER,NHTSA_AGG_DRIVING,RUNNING_RED_LT,RUNNING_STOP_SIGN,SPEEDING_RELATED,TAILGATING,MATURE_DRIVER,YOUNG_DRIVER
14005,2011065151,1835.0,1833.0,2,2304,40.3439,-79.8403,0,0,0,0,0,0,4,6,2011,2,18.0,1.0,0,1.0,3,1,3,  ,3,3.0,0,0,1,0,0,0,0,0,0,0,0,0,0,0,0,0,1
14006,2011065173,2128.0,2126.0,25,25302,42.1217,-80.0694,0,0,0,0,0,0,4,6,2011,2,21.0,4.0,0,1.0,3,1,3,  ,2,3.0,0,0,1,0,0,0,0,0,0,0,0,0,0,0,0,0,0
14007,2011065411,1543.0,1538.0,46,46101,40.1312,-75.1216,0,0,0,0,0,1,4,5,2011,4,15.0,1.0,0,1.0,3,1,3,  ,0,0.0,0,0,1,0,0,0,0,0,0,0,0,0,0,0,0,0,0
14008,2011065415,1040.0,1040.0,46,46101,40.1137,-75.1407,0,0,0,0,0,0,4,6,2011,7,10.0,1.0,0,1.0,3,2,3,  ,3,2.0,0,0,1,0,0,0,0,0,0,0,0,0,0,0,0,0,1
14009,2011065506,702.0,701.0,67,67301,39.9525,-75.2093,0,0,0,0,0,0,4,5,2011,4,99.0,1.0,0,9.0,3,1,7,  ,2,3.0,0,0,1,0,0,0,0,0,0,0,0,0,0,0,0,0,0
14010,2011065509,2130.0,2129.0,67,67301,39.9454,-75.164,0,0,0,0,0,0,4,5,2011,4,21.0,3.0,0,1.0,3,1,3,  ,3,3.0,0,0,1,0,0,0,0,0,0,0,0,0,0,0,0,1,0
14011,2011065548,1430.0,1421.0,38,38301,40.3376,-76.4308,0,0,0,0,0,1,1,6,2011,5,13.0,1.0,0,1.0,2,0,3,  ,2,3.0,0,0,0,0,0,0,0,0,0,0,0,0,0,0,0,0,0
14012,2011065597,1526.0,1522.0,25,25302,42.1296,-80.0717,1,0,0,0,0,0,4,6,2011,3,15.0,1.0,0,1.0,3,0,3,  ,0,0.0,0,0,1,0,0,0,0,0,0,0,0,0,0,0,0,0,0
14013,2011065883,2019.0,2018.0,2,2214,40.4481,-80.1813,0,0,0,0,0,0,4,6,2011,4,20.0,1.0,0,1.0,3,1,3,  ,2,3.0,0,0,1,0,0,0,0,0,0,0,0,0,0,0,0,0,0
14014,2011065914,2144.0,2140.0,13,13406,40.8273,-75.7045,0,0,0,0,0,0,4,6,2011,4,21.0,3.0,7,1.0,2,2,3,  ,0,0.0,0,0,1,0,0,0,0,0,0,0,0,0,0,0,0,0,1
14015,2011066032,2015.0,2003.0,67,67301,39.9573,-75.2153,0,0,0,0,0,0,4,5,2011,2,99.0,1.0,0,1.0,3,2,3,  ,9,9.0,0,0,1,0,0,0,0,0,0,0,0,0,0,0,0,0,0
14016,2011066035,430.0,428.0,67,67301,39.9673,-75.1737,0,0,0,0,0,0,4,5,2011,4,4.0,3.0,0,1.0,3,1,3,  ,2,3.0,0,0,1,0,0,0,0,0,0,0,0,0,0,0,0,0,0
14017,2011066082,2012.0,2001.0,46,46413,40.1154,-75.3374,0,0,0,0,0,0,4,6,2011,4,20.0,4.0,0,1.0,3,1,3,  ,3,3.0,0,0,1,0,0,0,0,0,0,0,0,0,0,0,0,0,0
14018,2011066174,1510.0,1505.0,67,67301,40.109,-74.9831,0,0,0,0,0,0,4,5,2011,3,15.0,1.0,7,9.0,3,0,3,  ,0,0.0,0,0,1,0,0,0,0,0,0,0,0,0,0,0,0,0,1
14019,2011066239,1941.0,1940.0,67,67301,39.9808,-75.2357,0,0,0,0,0,0,4,5,2011,7,19.0,1.0,0,1.0,3,3,3,  ,2,3.0,0,0,1,0,0,0,0,0,0,0,0,0,0,0,0,1,0
14020,2011066259,200.0,153.0,67,67301,39.9613,-75.175,0,0,0,0,0,0,8,5,2011,1,1.0,3.0,0,1.0,3,1,3,  ,2,3.0,0,0,0,0,0,0,0,0,0,0,0,0,0,0,0,0,0
14021,2011066264,1225.0,1220.0,67,67301,39.9506,-75.1618,0,0,0,0,0,1,4,6,2011,2,12.0,1.0,0,1.0,3,1,3,  ,2,3.0,1,0,1,0,0,0,0,0,0,0,0,0,0,0,0,0,0
14022,2011066270,1918.0,1916.0,67,67301,39.947,-75.1647,0,0,1,0,0,0,5,5,2011,1,19.0,1.0,0,1.0,3,1,3,  ,2,3.0,1,0,0,0,1,0,0,0,0,0,0,0,0,0,0,0,0
14023,2011066273,1933.0,1928.0,67,67301,40.0435,-75.107,0,0,0,0,0,1,2,6,2011,2,19.0,1.0,0,1.0,3,2,3,  ,0,0.0,0,0,0,0,0,0,0,0,0,0,0,0,0,0,0,0,0
14024,2011066375,1430.0,1428.0,10,10301,40.8634,-79.9038,0,0,0,0,0,0,4,6,2011,5,14.0,1.0,0,1.0,2,2,3,  ,3,3.0,0,0,1,0,0,0,0,0,0,0,0,0,0,0,0,0,0
14025,2011066613,726.0,717.0,39,39301,40.6059,-75.4871,0,0,0,0,0,1,4,7,2011,6,7.0,1.0,0,1.0,3,1,3,  ,3,3.0,0,0,1,0,0,0,0,0,0,0,0,0,0,0,0,1,0
14026,2011066620,810.0,805.0,14,14410,40.7853,-77.8518,0,0,0,0,0,0,4,7,2011,6,8.0,1.0,0,1.0,3,1,3,  ,2,3.0,1,0,1,0,0,0,0,0,0,0,0,0,0,0,0,0,0
14027,2011066633,858.0,855.0,48,48212,40.669,-75.2693,0,0,0,0,0,0,4,7,2011,6,8.0,1.0,0,1.0,3,0,3,  ,3,3.0,0,0,1,0,0,0,0,0,0,0,0,0,0,0,0,0,0
14028,2011066673,1202.0,1200.0,39,39301,40.6174,-75.4776,0,0,0,0,0,1,4,7,2011,6,12.0,1.0,0,1.0,3,0,3,  ,0,0.0,0,0,1,0,0,0,0,0,0,0,0,0,0,0,0,0,0
14029,2011066775,1626.0,1624.0,67,67301,39.9626,-75.1943,0,0,0,0,0,1,4,5,2011,3,16.0,1.0,0,1.0,3,1,3,  ,3,3.0,1,0,1,0,0,0,0,0,0,0,0,0,1,0,0,0,0
14030,2011066776,240.0,236.0,25,25302,42.115,-80.0739,0,1,0,0,0,1,4,6,2011,1,2.0,3.0,0,1.0,3,1,3,  ,3,3.0,0,1,1,0,0,0,1,0,0,1,0,0,0,0,0,0,0
14031,2011066780,1515.0,1510.0,67,67301,40.039,-75.1508,0,0,0,0,0,0,4,6,2011,5,15.0,1.0,7,1.0,3,0,3,  ,0,0.0,0,0,1,0,0,0,0,0,0,0,0,0,0,0,0,0,0
14032,2011066785,1421.0,1420.0,67,67301,40.0431,-75.1214,0,0,0,0,0,1,4,6,2011,1,14.0,1.0,7,1.0,3,0,3,  ,0,0.0,0,0,1,0,0,0,0,0,0,0,0,0,0,0,0,0,0
14033,2011066997,2145.0,2133.0,60,60217,41.2546,-79.7407,0,0,0,0,1,0,2,6,2011,3,19.0,1.0,0,1.0,1,0,3,  ,0,0.0,0,0,0,0,0,0,0,0,0,0,0,0,0,0,0,0,0
14034,2011067027,2059.0,2057.0,9,9101,40.1026,-74.8751,0,0,0,0,0,0,1,7,2011,7,20.0,3.0,0,1.0,3,0,3,  ,0,0.0,0,1,0,0,0,0,0,0,0,0,0,0,0,0,0,0,0
14035,2011067185,2025.0,2015.0,25,25302,42.1314,-80.0865,0,0,0,0,0,0,4,6,2011,5,18.0,1.0,0,1.0,3,1,3,  ,2,3.0,0,0,1,0,0,0,0,0,0,0,0,0,0,0,0,1,0
14036,2011067221,1857.0,1857.0,6,6416,40.3516,-76.136,0,0,0,0,0,1,4,6,2011,5,18.0,1.0,0,1.0,1,2,3,  ,0,0.0,0,0,1,0,0,0,0,0,0,0,0,0,0,0,0,0,0
14037,2011067226,210.0,208.0,9,9208,40.1773,-74.8708,0,0,0,0,0,0,2,7,2011,2,2.0,2.0,0,1.0,3,0,3,  ,0,0.0,0,1,0,0,0,0,1,0,0,1,0,0,0,0,0,0,0
14038,2011067333,1858.0,1853.0,25,25302,42.1263,-80.0937,0,1,0,0,0,0,4,7,2011,1,18.0,1.0,0,1.0,3,1,3,  ,3,3.0,0,0,1,0,0,0,0,0,0,0,0,0,0,0,0,0,0
14039,2011067690,1228.0,1222.0,46,46222,40.1355,-75.5059,0,0,0,0,0,0,5,6,2011,1,12.0,1.0,0,1.0,3,0,3,  ,0,0.0,0,0,0,0,0,0,0,0,0,0,0,0,0,0,0,0,0
14040,2011067709,1309.0,1301.0,66,66103,39.7822,-76.975,0,0,0,0,0,0,4,6,2011,1,12.0,1.0,0,1.0,2,0,3,  ,0,0.0,0,0,1,0,0,1,0,0,0,0,0,0,0,0,0,0,0
14041,2011067778,1243.0,1235.0,40,40411,41.0185,-75.8947,0,1,0,0,0,0,4,6,2011,6,12.0,1.0,0,1.0,1,0,3,  ,0,0.0,0,0,1,0,0,0,0,0,0,0,0,0,0,0,0,0,0
14042,2011067940,1045.0,1045.0,45,45212,40.8752,-75.3673,0,0,0,0,0,1,1,7,2011,7,10.0,1.0,0,1.0,1,0,3,  ,0,0.0,1,0,0,0,0,0,0,0,0,0,0,0,0,1,0,1,0
14043,2011067980,800.0,756.0,2,2301,40.4581,-79.9346,0,0,0,0,0,0,1,7,2011,4,7.0,1.0,0,1.0,3,1,3,  ,2,3.0,0,0,0,0,0,0,0,0,0,0,0,0,0,0,0,1,0
14044,2011067993,839.0,836.0,2,2301,40.4514,-80.0113,0,0,0,0,0,0,4,7,2011,4,8.0,1.0,0,1.0,3,1,3,  ,2,3.0,1,0,1,0,0,0,0,0,0,0,0,0,0,0,0,0,0
14045,2011068011,1307.0,1307.0,9,9210,40.2851,-75.2085,0,0,0,0,0,0,5,7,2011,7,13.0,1.0,0,1.0,3,0,3,  ,0,0.0,0,1,0,0,0,0,1,0,0,1,0,0,0,0,0,0,0
14046,2011068051,1808.0,1806.0,23,23301,39.8351,-75.394,0,1,0,0,0,0,4,6,2011,6,18.0,1.0,0,1.0,3,1,3,  ,2,3.0,0,0,1,0,0,0,0,0,0,0,0,0,0,0,0,0,0
14047,2011068061,2132.0,2126.0,41,41301,41.2489,-77.0147,0,0,0,0,0,0,4,7,2011,3,21.0,2.0,0,1.0,3,1,3,  ,3,3.0,0,0,1,0,0,0,0,0,0,0,0,0,0,0,0,0,0
14048,2011068201,1827.0,1827.0,2,2301,40.4555,-80.0065,0,0,0,0,0,0,5,7,2011,4,18.0,1.0,0,1.0,3,0,3,  ,0,0.0,0,0,0,0,0,0,0,0,0,0,0,0,0,0,0,0,0
14049,2011068233,2007.0,2006.0,4,4402,40.5892,-80.2277,0,0,0,0,0,0,8,6,2011,2,19.0,1.0,7,1.0,3,0,3,  ,0,0.0,1,0,0,0,0,0,0,0,0,0,0,0,0,0,0,0,0
14050,2011068288,1504.0,1451.0,28,28205,39.9372,-77.6763,0,0,0,0,0,0,4,7,2011,7,14.0,1.0,0,1.0,2,0,3,  ,0,0.0,1,0,1,0,0,0,0,0,0,0,0,0,0,0,0,0,1
14051,2011068348,1928.0,1926.0,67,67301,39.9626,-75.2114,0,0,0,0,0,0,5,6,2011,5,19.0,1.0,0,1.0,3,0,3,  ,0,0.0,1,0,0,0,0,0,0,0,0,0,0,0,0,0,0,0,0
14052,2011068351,2009.0,1959.0,67,67301,39.9533,-75.1838,0,0,0,0,0,0,4,6,2011,7,19.0,4.0,0,1.0,3,1,3,  ,2,3.0,0,0,1,0,0,0,0,0,0,0,0,0,0,0,0,0,1
14053,2011068363,135.0,130.0,67,67301,39.9657,-75.2223,0,0,0,0,0,1,4,6,2011,5,20.0,3.0,0,1.0,3,1,99,  ,2,3.0,0,0,1,0,0,0,0,0,0,0,0,0,0,0,0,0,0
14054,2011068365,2139.0,2137.0,67,67301,39.9513,-75.1991,0,0,0,0,0,0,8,6,2011,3,21.0,3.0,0,1.0,3,1,3,  ,2,3.0,0,0,0,0,0,0,0,0,0,0,0,0,0,0,0,0,0
14055,2011068381,1705.0,1700.0,67,67301,39.9276,-75.1756,0,0,0,0,0,0,4,6,2011,2,16.0,1.0,0,1.0,3,1,3,  ,3,3.0,0,0,1,0,0,0,0,0,0,0,0,0,0,0,0,0,0
14056,2011068386,1338.0,1333.0,67,67301,39.9872,-75.1088,0,0,1,0,0,0,4,6,2011,5,13.0,1.0,0,1.0,3,1,3,  ,2,3.0,0,0,1,0,1,0,0,0,0,0,0,0,0,0,0,0,0
14057,2011068395,1610.0,1600.0,67,67301,39.9437,-75.1654,0,0,0,0,0,0,8,6,2011,6,14.0,1.0,0,1.0,3,1,3,  ,2,3.0,0,0,0,0,0,0,0,0,0,0,0,0,0,0,0,0,0
14058,2011068421,940.0,930.0,67,67301,40.0077,-75.0979,0,0,0,0,0,0,4,6,2011,2,9.0,1.0,7,1.0,3,0,3,  ,0,0.0,0,0,1,0,0,0,0,0,0,0,0,0,0,0,0,0,0
14059,2011068466,911.0,911.0,67,67301,39.9481,-75.1906,0,0,0,0,0,1,4,6,2011,2,9.0,1.0,7,1.0,3,0,3,  ,0,0.0,0,0,1,0,0,0,0,0,0,0,0,0,0,0,0,0,0
14060,2011068476,2322.0,2322.0,67,67301,39.9459,-75.2403,0,0,0,0,0,0,4,6,2011,1,21.0,3.0,0,1.0,3,5,3,  ,2,3.0,0,0,1,0,0,0,0,0,0,0,0,0,0,0,0,0,0
14061,2011068491,2030.0,2027.0,67,67301,39.9597,-75.2474,0,0,0,0,0,1,4,6,2011,4,20.0,1.0,0,1.0,3,2,3,  ,2,3.0,1,0,1,0,0,0,0,0,0,0,0,0,0,0,0,0,0
14062,2011068492,1232.0,1232.0,67,67301,39.9249,-75.2276,0,0,0,0,0,0,4,6,2011,7,21.0,3.0,0,1.0,3,0,99,  ,0,0.0,0,0,1,0,0,0,0,0,0,0,0,0,0,0,0,0,0
14063,2011068494,734.0,733.0,67,67301,39.9721,-75.1248,0,0,0,0,0,0,4,6,2011,2,7.0,1.0,0,1.0,3,1,3,  ,2,3.0,0,0,1,0,0,0,0,0,0,0,0,0,0,0,0,0,0
14064,2011068502,1930.0,1925.0,67,67301,39.9682,-75.2057,0,0,0,0,0,0,4,6,2011,1,19.0,4.0,0,1.0,3,1,3,  ,3,9.0,0,0,1,0,0,0,0,0,0,0,0,0,0,0,0,0,0
14065,2011068503,1020.0,1815.0,67,67301,39.9557,-75.1808,0,0,0,0,0,0,1,6,2011,6,18.0,1.0,0,1.0,3,0,3,  ,2,3.0,0,0,0,0,0,0,0,0,0,0,0,0,0,0,0,0,0
14066,2011068577,1150.0,1141.0,2,2301,40.4592,-79.9221,0,0,0,0,0,0,4,7,2011,5,11.0,1.0,0,1.0,3,1,3,  ,2,3.0,1,0,1,0,0,0,0,0,0,0,0,0,0,0,0,0,0
14067,2011068607,1140.0,1139.0,23,23112,39.9839,-75.3748,0,0,0,0,0,0,4,7,2011,5,11.0,1.0,7,1.0,3,0,3,  ,0,0.0,0,0,1,0,0,0,0,0,0,0,0,0,0,0,0,1,0
14068,2011068703,804.0,744.0,46,46215,40.2103,-75.4131,0,0,0,0,0,0,4,5,2011,3,7.0,1.0,0,1.0,1,0,3,  ,0,0.0,0,0,1,0,0,0,0,0,0,0,0,0,0,0,0,0,0
14069,2011068718,2001.0,2001.0,67,67301,39.9928,-75.182,0,0,0,0,0,0,4,6,2011,7,19.0,1.0,0,1.0,3,0,3,  ,0,0.0,0,0,1,0,0,0,0,0,0,0,0,0,0,0,0,0,0
14070,2011068738,2020.0,2017.0,67,67301,39.9411,-75.1524,0,0,0,0,0,0,5,6,2011,4,19.0,4.0,0,1.0,3,0,3,  ,0,0.0,0,0,0,0,0,0,0,0,0,0,0,0,0,0,0,0,0
14071,2011068752,1905.0,1904.0,2,2427,40.5548,-80.191,0,0,0,0,0,1,1,7,2011,5,99.0,5.0,0,1.0,3,0,3,  ,0,0.0,0,0,0,0,0,0,0,0,0,0,0,0,0,0,0,0,0
14072,2011068812,641.0,619.0,14,14209,40.7958,-78.0114,0,0,0,0,0,1,5,6,2011,4,6.0,1.0,0,1.0,1,0,3,  ,0,0.0,1,0,0,0,0,0,0,0,0,0,0,0,0,1,0,0,0
14073,2011069020,755.0,744.0,39,39206,40.6905,-75.748,0,1,0,1,0,0,4,6,2011,3,7.0,1.0,0,1.0,1,3,3,  ,0,0.0,0,0,1,0,1,0,0,0,0,0,0,0,0,0,0,0,0
14074,2011069078,1550.0,1541.0,36,36234,40.0685,-76.1872,0,0,0,0,0,1,5,6,2011,6,15.0,1.0,0,1.0,1,0,3,  ,0,0.0,1,0,0,0,0,0,0,0,0,0,0,0,0,0,0,0,0
14075,2011069202,1105.0,1100.0,31,31407,40.4938,-78.0166,0,0,0,0,0,0,8,6,2011,4,10.0,1.0,0,1.0,2,1,3,  ,3,3.0,0,0,0,0,0,0,0,0,0,0,0,0,0,0,0,0,0
14076,2011069263,1620.0,1619.0,51,51402,41.3248,-74.8031,0,0,0,0,1,0,4,7,2011,7,16.0,1.0,0,1.0,1,1,3,  ,3,3.0,1,0,1,0,0,0,0,0,0,0,0,0,0,0,0,0,0
14077,2011069363,34.0,31.0,6,6301,40.3473,-75.9133,0,0,0,0,0,0,4,7,2011,1,0.0,3.0,0,1.0,3,1,3,  ,0,0.0,0,0,1,0,0,0,0,0,0,0,0,0,0,0,0,0,0
14078,2011069398,1719.0,1715.0,36,36301,40.0357,-76.3222,0,0,0,0,0,0,4,7,2011,7,17.0,1.0,0,1.0,3,1,3,  ,3,3.0,1,0,1,0,0,0,0,0,0,0,0,0,0,0,0,0,0
14079,2011069415,1524.0,1520.0,38,38406,40.3084,-76.5985,0,0,0,0,0,0,4,7,2011,7,15.0,1.0,0,1.0,3,1,3,  ,0,0.0,0,0,1,0,0,0,0,0,0,0,0,0,0,0,0,0,1
14080,2011069508,612.0,606.0,25,25210,42.1283,-79.9888,0,0,0,1,0,0,4,6,2011,6,6.0,1.0,0,1.0,1,1,3,  ,0,0.0,0,0,1,0,1,0,0,0,0,0,0,0,0,0,0,0,0
14081,2011069547,1612.0,1543.0,6,6208,40.4728,-76.0501,0,0,0,0,1,0,5,7,2011,2,15.0,1.0,0,1.0,1,2,3,  ,0,0.0,1,0,0,0,0,0,0,0,0,0,0,0,0,0,0,0,0
14082,2011069659,1809.0,1657.0,41,41208,41.4053,-77.1943,0,0,0,0,1,0,2,7,2011,6,14.0,1.0,0,1.0,1,2,3,  ,0,0.0,0,0,0,0,0,1,0,0,0,0,0,0,0,0,0,0,0
14083,2011069721,1619.0,1615.0,40,40303,41.3171,-75.7908,0,0,0,0,0,0,8,6,2011,5,16.0,1.0,0,1.0,3,1,3,  ,3,3.0,0,0,0,0,0,0,0,0,0,0,0,0,0,0,0,1,0
14084,2011069690,1217.0,1215.0,22,22301,40.2764,-76.8691,0,0,0,0,0,0,4,7,2011,6,12.0,1.0,0,1.0,3,1,3,  ,3,3.0,0,0,1,0,0,0,0,0,0,0,0,0,0,0,0,0,0
14085,2011069905,1522.0,1518.0,6,6301,40.3353,-75.9104,0,1,0,0,0,0,7,7,2011,2,15.0,1.0,0,1.0,3,0,3,  ,0,0.0,0,0,0,0,0,0,0,0,0,0,0,0,0,0,0,0,0
14086,2011069912,1836.0,1835.0,39,39301,40.6073,-75.462,0,0,0,0,0,0,4,7,2011,2,18.0,1.0,0,1.0,3,2,3,  ,0,0.0,0,0,1,0,0,0,0,0,0,0,0,0,0,0,0,0,0
14087,2011069922,725.0,723.0,23,23301,39.8652,-75.3729,0,0,0,0,1,0,4,7,2011,5,7.0,1.0,0,1.0,3,1,3,  ,2,3.0,1,0,1,0,0,0,0,0,0,0,0,0,0,0,0,0,0
14088,2011069963,518.0,512.0,66,66217,40.0211,-76.7403,0,0,0,0,1,0,6,7,2011,2,5.0,1.0,0,1.0,3,2,3,  ,2,3.0,0,0,0,0,0,0,0,0,0,0,0,0,0,0,0,0,0
14089,2011070035,1612.0,1601.0,15,15211,39.7742,-75.985,0,0,0,0,0,1,4,6,2011,4,16.0,1.0,7,1.0,1,0,3,  ,0,0.0,0,0,1,0,0,0,0,0,0,0,0,0,0,0,0,0,0
14090,2011070154,913.0,910.0,66,66301,39.9603,-76.7374,0,0,0,0,0,0,9,7,2011,3,9.0,1.0,0,1.0,3,1,3,  ,3,3.0,0,0,0,0,0,1,0,0,0,0,0,0,0,0,0,0,0
14091,2011070225,1537.0,1536.0,39,39301,40.6056,-75.4988,0,0,0,0,0,1,8,7,2011,3,15.0,1.0,7,1.0,3,0,3,  ,0,0.0,1,0,0,0,0,0,0,0,0,0,0,0,0,0,0,0,0
14092,2011070291,1445.0,1439.0,63,63403,41.5734,-75.2563,0,0,0,0,0,0,4,7,2011,4,14.0,1.0,0,1.0,2,2,3,  ,3,3.0,0,0,1,0,0,0,0,0,0,0,0,0,0,0,0,0,0
14093,2011070463,1245.0,1225.0,33,33404,41.1837,-79.2049,0,0,0,0,0,1,4,7,2011,1,12.0,1.0,7,1.0,1,0,3,  ,0,0.0,0,0,1,0,0,0,0,0,0,0,0,0,0,0,0,0,0
14094,2011070546,708.0,704.0,9,9202,40.0738,-74.9614,0,0,1,0,0,0,1,7,2011,4,7.0,1.0,2,1.0,3,1,3,  ,2,3.0,0,0,0,0,1,0,0,0,0,0,0,0,0,0,0,0,0
14095,2011070569,1401.0,1348.0,9,9226,40.1843,-75.0742,0,0,0,0,0,1,4,7,2011,3,13.0,1.0,0,1.0,3,0,3,  ,0,0.0,0,0,1,0,0,0,0,0,0,0,0,0,0,0,0,0,0
14096,2011070979,1953.0,1953.0,46,46220,40.1027,-75.3702,0,0,0,0,0,0,4,5,2011,3,19.0,1.0,7,1.0,3,0,3,  ,0,0.0,0,0,1,0,0,0,0,0,0,0,0,0,0,0,0,0,0
14097,2011070970,1454.0,1453.0,23,23111,39.9571,-75.2669,0,0,0,0,0,0,4,7,2011,4,14.0,1.0,0,1.0,3,0,3,  ,0,0.0,0,0,1,0,0,0,0,0,0,0,0,0,0,0,0,0,0
14098,2011070978,1550.0,1540.0,46,46220,40.1038,-75.3276,0,0,0,0,0,0,4,6,2011,4,15.0,1.0,0,1.0,3,0,3,  ,0,0.0,0,0,1,0,0,1,0,0,0,0,0,0,0,0,0,0,0
14099,2011071106,735.0,735.0,23,23103,39.9737,-75.3237,0,0,0,0,0,1,1,7,2011,3,7.0,1.0,0,1.0,3,0,3,  ,0,0.0,1,0,0,0,0,0,0,0,0,0,1,0,0,0,1,0,1
14100,2011071349,1831.0,1828.0,38,38209,40.353,-76.3979,0,0,0,0,0,1,1,7,2011,3,18.0,1.0,0,1.0,1,2,3,  ,0,0.0,1,0,0,0,0,1,0,0,0,0,0,0,0,0,0,0,0
14101,2011071511,2134.0,2133.0,23,23301,39.8356,-75.3956,0,0,0,0,0,0,4,7,2011,6,21.0,3.0,0,1.0,3,1,3,  ,0,0.0,0,0,1,0,0,0,0,0,0,0,0,0,0,0,0,0,0
14102,2011071596,1305.0,1302.0,9,9415,40.4414,-75.339,0,0,0,0,0,0,4,7,2011,6,13.0,1.0,0,1.0,2,2,3,  ,2,3.0,0,0,1,0,0,0,0,0,0,0,0,0,0,0,0,1,0
14103,2011071598,1820.0,1820.0,46,46111,40.1242,-75.3637,0,0,0,0,0,1,4,7,2011,6,18.0,1.0,7,1.0,3,0,3,  ,0,0.0,1,0,1,0,0,0,0,0,0,0,0,0,0,0,0,0,0
14104,2011071629,1250.0,1249.0,39,39301,40.6136,-75.4734,0,0,0,0,0,0,4,7,2011,7,12.0,1.0,0,1.0,3,1,3,  ,0,0.0,0,0,1,0,0,0,0,0,0,0,0,0,0,0,0,0,0
14105,2011071697,1659.0,1651.0,49,49212,40.8622,-76.5577,0,0,0,0,0,0,1,7,2011,7,16.0,1.0,0,1.0,1,0,3,  ,0,0.0,1,0,0,0,0,0,0,0,0,0,0,0,0,0,0,1,0
14106,2011071778,1618.0,1618.0,23,23106,40.0429,-75.3742,0,0,0,0,0,0,5,7,2011,7,16.0,1.0,0,1.0,3,1,3,  ,2,3.0,0,0,0,0,0,0,0,0,0,0,0,0,0,0,0,0,0
14107,2011071792,2035.0,2030.0,39,39102,40.622,-75.481,0,0,0,0,0,0,4,7,2011,6,20.0,1.0,0,1.0,3,1,3,  ,2,2.0,1,1,1,0,0,0,1,0,0,1,0,1,0,0,0,0,0
14108,2011071815,1330.0,1328.0,25,25302,42.1275,-80.0703,0,0,0,0,1,0,6,7,2011,1,13.0,1.0,0,1.0,3,1,3,  ,2,3.0,0,0,0,0,0,0,0,0,0,0,0,0,0,0,0,0,0
14109,2011071833,1924.0,1924.0,53,53406,40.7807,-76.2297,0,0,0,0,0,0,1,7,2011,3,19.0,1.0,0,1.0,2,1,3,  ,3,3.0,0,0,0,0,0,0,0,0,0,0,0,0,0,0,0,0,0
14110,2011071957,2316.0,2312.0,43,43303,41.2332,-80.4812,0,0,0,0,0,0,1,7,2011,1,23.0,3.0,0,1.0,3,0,3,  ,0,0.0,0,0,0,0,0,0,0,0,0,0,0,0,0,0,0,0,0
14111,2011072098,953.0,949.0,36,36239,40.0639,-76.4349,0,0,0,0,0,0,4,7,2011,2,9.0,1.0,7,1.0,3,0,3,  ,0,0.0,1,0,1,0,0,0,0,0,0,0,0,0,0,0,0,0,0
14112,2011072121,2050.0,2047.0,2,2423,40.3502,-79.8904,0,1,0,0,0,0,4,7,2011,1,20.0,4.0,0,1.0,3,2,3,  ,3,3.0,0,0,1,0,0,0,0,0,0,0,0,0,0,0,0,0,1
14113,2011072152,1324.0,1319.0,40,40301,40.9654,-75.9759,0,0,0,0,0,0,4,7,2011,6,13.0,1.0,0,1.0,2,1,3,  ,0,0.0,0,0,1,0,0,1,0,0,0,0,0,0,0,0,0,0,0
14114,2011072203,1344.0,1342.0,48,48301,40.612,-75.3774,0,0,0,0,0,0,8,7,2011,5,13.0,1.0,0,1.0,3,1,3,  ,3,3.0,1,0,0,0,0,0,0,0,0,0,0,0,0,0,0,0,0
14115,2011072265,1720.0,1655.0,36,36202,40.1711,-76.0081,0,0,0,0,0,0,4,7,2011,7,16.0,1.0,7,1.0,1,0,3,  ,0,0.0,0,0,1,0,0,0,0,0,0,0,0,0,0,0,0,0,0
14116,2011072528,1203.0,1202.0,9,9101,40.1182,-74.8477,0,0,0,0,1,0,5,7,2011,3,12.0,1.0,0,1.0,3,0,3,  ,0,0.0,0,0,0,0,0,0,0,0,0,0,0,0,0,0,0,0,0
14117,2011072783,2135.0,2119.0,6,6219,40.5047,-75.6634,0,0,0,0,0,1,1,6,2011,7,21.0,2.0,0,1.0,1,0,3,  ,0,0.0,0,0,0,0,0,0,0,0,0,0,0,0,0,0,0,0,0
14118,2011072823,1445.0,1439.0,2,2301,40.4588,-79.9728,0,0,0,0,0,0,4,7,2011,6,13.0,1.0,0,1.0,3,1,3,  ,0,0.0,1,0,1,0,0,0,0,0,0,0,0,0,0,0,0,0,0