,CRN,ARRIVAL_TM,DISPATCH_TM,COUNTY,MUNICIPALITY,DEC_LAT,DEC_LONG,BICYCLE_DEATH_COUNT,BICYCLE_SUSP_SERIOUS_INJ_COUNT,BUS_COUNT,HEAVY_TRUCK_COUNT,SMALL_TRUCK_COUNT,SUV_COUNT,COLLISION_TYPE,CRASH_MONTH,CRASH_YEAR,DAY_OF_WEEK,HOUR_OF_DAY,ILLUMINATION,LOCATION_TYPE,ROAD_CONDITION,URBAN_RURAL,INTERSECT_TYPE,WEATHER1,WEATHER2,TCD_TYPE,TCD_FUNC_CD,AGGRESSIVE_DRIVING,ALCOHOL_RELATED,ANGLE_CRASH,CELL_PHONE,COMM_VEHICLE,DISTRACTED,DRINKING_DRIVER,DRUGGED_DRIVER,FATIGUE_ASLEEP,IMPAIRED_DRIVER,NHTSA_AGG_DRIVING,RUNNING_RED_LT,RUNNING_STOP_SIGN,SPEEDING_RELATED,TAILGATING,MATURE_DRIVER,YOUNG_DRIVER
14119,2011073158,1532.0,1529.0,67,67301,39.9634,-75.1874,0,0,0,0,0,0,4,6,2011,5,15.0,1.0,0,1.0,3,1,3,  ,2,3.0,0,0,1,0,0,0,0,0,0,0,0,0,0,0,0,0,0
14120,2011073204,9999.0,9999.0,67,67301,39.9529,-75.1597,0,0,0,0,0,0,4,6,2011,1,3.0,3.0,0,1.0,3,1,3,  ,2,3.0,0,0,1,0,0,0,0,0,0,0,0,0,0,0,0,0,0
14121,2011073208,1819.0,1819.0,67,67301,39.9305,-75.1782,0,0,0,0,0,0,4,6,2011,3,18.0,1.0,0,1.0,3,1,3,  ,3,3.0,0,0,1,0,0,0,0,0,0,0,0,0,0,0,0,1,0
14122,2011073210,1210.0,1207.0,67,67301,40.0233,-75.179,0,0,0,0,0,0,4,6,2011,1,12.0,1.0,0,1.0,3,1,3,  ,2,3.0,0,0,1,0,0,0,0,0,0,0,0,0,0,0,0,1,0
14123,2011073232,1705.0,1700.0,67,67301,39.9154,-75.1759,0,0,1,0,0,0,1,6,2011,6,15.0,1.0,0,1.0,3,0,3,  ,0,0.0,0,0,0,0,1,0,0,0,0,0,0,0,0,0,0,0,0
14124,2011073309,2142.0,2140.0,67,67301,39.9272,-75.1819,0,0,0,0,0,1,4,6,2011,5,21.0,3.0,0,1.0,3,1,7,  ,0,0.0,0,0,1,0,0,0,0,0,0,0,0,0,0,0,0,0,0
14125,2011073310,1933.0,1930.0,67,67301,40.017,-75.1376,0,0,0,0,0,0,5,6,2011,4,19.0,1.0,0,1.0,3,1,3,  ,3,3.0,0,0,0,0,0,0,0,0,0,0,0,0,0,0,0,0,0
14126,2011073323,2208.0,2208.0,67,67301,39.9617,-75.1561,0,0,0,0,0,0,6,6,2011,6,22.0,3.0,0,1.0,3,2,3,  ,2,3.0,0,0,0,0,0,0,0,0,0,0,0,0,0,0,0,0,0
14127,2011073342,1354.0,1353.0,25,25302,42.1255,-80.0992,0,0,0,0,1,0,4,7,2011,4,13.0,1.0,0,1.0,3,1,3,  ,3,3.0,0,0,1,0,0,1,0,0,0,0,0,0,0,0,0,0,1
14128,2011073459,1048.0,1046.0,46,46208,40.1423,-75.3898,0,0,0,0,0,0,4,7,2011,7,10.0,1.0,7,1.0,3,1,3,  ,2,3.0,0,0,1,0,0,0,0,0,0,0,0,0,0,0,0,0,0
14129,2011073505,1221.0,1206.0,21,21215,40.0505,-77.4772,0,0,0,0,1,0,4,7,2011,2,12.0,1.0,0,1.0,1,1,3,  ,3,3.0,1,0,1,0,0,0,0,0,0,0,0,0,0,0,0,0,0
14130,2011073556,1601.0,1557.0,61,61301,41.8367,-79.13,0,0,0,0,0,0,1,7,2011,5,15.0,1.0,0,1.0,2,0,3,  ,0,0.0,0,0,0,0,0,0,0,0,0,0,0,0,0,0,0,0,0
14131,2011073750,1302.0,1302.0,23,23426,39.8577,-75.3797,0,0,0,0,0,0,4,7,2011,6,13.0,1.0,0,1.0,3,1,3,  ,3,3.0,0,0,1,0,0,0,0,0,0,0,0,0,0,0,0,1,0
14132,2011073758,1203.0,1203.0,30,30406,39.897,-80.1792,0,0,0,0,0,0,4,7,2011,6,12.0,1.0,0,1.0,1,1,3,  ,0,0.0,0,0,1,0,0,0,0,0,0,0,0,0,0,0,0,0,1
14133,2011073863,2052.0,2052.0,67,67301,40.1018,-75.0275,0,0,0,0,0,0,4,6,2011,2,17.0,1.0,0,1.0,3,1,3,  ,3,3.0,0,0,1,0,0,0,0,0,0,0,0,0,0,0,0,0,0
14134,2011073866,2029.0,2028.0,67,67301,39.9158,-75.1528,0,0,0,0,0,0,4,6,2011,5,20.0,4.0,0,9.0,3,1,7,  ,3,3.0,0,0,1,0,0,0,0,0,0,0,0,0,0,0,0,1,0
14135,2011074098,945.0,938.0,21,21202,40.148,-77.2381,0,1,0,0,0,0,4,7,2011,6,9.0,1.0,0,1.0,1,2,3,  ,3,3.0,0,0,1,0,0,0,0,0,0,0,0,0,0,0,0,1,0
14136,2011074128,1446.0,1445.0,49,49302,40.8616,-76.7897,0,0,0,0,0,0,4,7,2011,7,14.0,1.0,0,1.0,2,0,3,  ,0,0.0,0,0,1,0,0,0,0,0,0,0,0,0,0,0,0,0,0
14137,2011074186,1341.0,1337.0,2,2301,40.4639,-79.899,0,0,0,0,0,1,0,7,2011,1,13.0,1.0,0,1.0,3,3,3,  ,3,3.0,0,0,0,0,0,0,0,0,0,0,0,0,0,0,0,0,0
14138,2011074356,220.0,140.0,50,50211,40.5144,-77.1443,0,0,0,0,0,0,6,6,2011,5,20.0,4.0,0,1.0,1,0,3,  ,0,0.0,0,0,0,0,0,0,0,0,0,0,0,0,0,0,0,0,0
14139,2011074359,1219.0,1216.0,40,40434,41.364,-76.0595,0,0,0,0,1,0,2,7,2011,7,12.0,1.0,0,1.0,3,3,3,  ,4,2.0,1,0,0,0,0,0,0,0,0,0,0,0,0,0,0,0,0
14140,2011074398,1241.0,1231.0,64,64216,40.1571,-79.7419,0,1,0,0,0,1,4,7,2011,7,12.0,1.0,1,1.0,1,0,3,  ,0,0.0,0,0,1,0,0,0,0,0,0,0,0,0,0,0,0,0,0
14141,2011074536,1410.0,1322.0,40,40304,41.2371,-75.8976,0,0,0,0,0,0,4,7,2011,2,8.0,1.0,0,1.0,3,0,3,  ,0,0.0,0,0,1,0,0,0,0,0,0,0,0,0,0,0,0,0,0
14142,2011074634,2000.0,1957.0,46,46215,40.2073,-75.4128,0,0,0,0,0,1,4,6,2011,4,19.0,1.0,0,1.0,1,0,3,  ,0,0.0,0,0,1,0,0,0,0,0,0,0,0,0,0,0,0,0,0
14143,2011074894,2014.0,2014.0,14,14206,40.8039,-77.896,0,0,0,0,0,0,4,7,2011,3,20.0,1.0,0,1.0,1,0,3,  ,0,0.0,0,0,1,0,0,1,0,0,0,0,0,0,0,0,0,0,0
14144,2011074950,1055.0,1048.0,39,39103,40.58,-75.5214,0,0,0,0,0,0,4,7,2011,2,10.0,1.0,7,1.0,1,0,3,  ,0,0.0,1,0,1,0,0,0,0,0,0,0,0,0,0,0,0,0,0
14145,2011075167,723.0,719.0,25,25302,42.1356,-80.047,0,0,0,0,0,0,4,7,2011,4,7.0,1.0,0,1.0,3,2,3,  ,0,0.0,0,0,1,0,0,0,0,0,0,0,0,0,0,0,0,0,0
14146,2011075195,1159.0,1155.0,2,2301,40.4423,-79.9172,0,0,0,0,0,0,4,7,2011,4,11.0,1.0,0,1.0,3,1,3,  ,2,3.0,1,0,1,0,0,0,0,0,0,0,0,0,0,0,0,0,0
14147,2011075571,825.0,815.0,67,67301,39.9684,-75.2353,0,0,0,0,0,0,4,6,2011,3,8.0,1.0,0,1.0,3,1,3,  ,2,3.0,0,0,1,0,0,0,0,0,0,0,0,0,0,0,0,0,0
14148,2011075576,1805.0,1810.0,67,67301,39.9665,-75.201,0,0,0,0,0,0,4,6,2011,2,17.0,1.0,0,1.0,3,0,3,  ,0,0.0,0,0,1,0,0,0,0,0,0,0,0,0,0,0,0,0,0
14149,2011075597,1249.0,1241.0,67,67301,39.9449,-75.2127,0,1,0,1,0,0,4,6,2011,5,10.0,1.0,0,1.0,3,1,3,  ,2,3.0,0,0,1,0,0,0,0,0,0,0,0,0,0,0,0,0,0
14150,2011075598,950.0,946.0,67,67301,40.0388,-75.2399,0,1,1,0,0,0,1,6,2011,7,9.0,1.0,0,1.0,3,0,3,  ,0,0.0,0,0,0,0,1,0,0,0,0,0,0,0,0,0,0,0,0
14151,2011075599,902.0,901.0,67,67301,39.9752,-75.1881,0,0,0,0,0,0,4,7,2011,6,8.0,1.0,0,1.0,3,1,3,  ,2,3.0,0,0,1,0,0,0,0,0,0,0,0,0,0,0,0,0,0
14152,2011075633,1237.0,1236.0,67,67301,39.9375,-75.1936,0,0,1,0,0,0,4,6,2011,1,12.0,1.0,0,1.0,3,2,3,  ,3,3.0,0,0,1,0,1,0,0,0,0,0,0,0,0,0,0,0,0
14153,2011075634,1120.0,2259.0,67,67301,39.9468,-75.1868,0,0,0,0,0,0,1,6,2011,5,22.0,3.0,3,9.0,3,0,7,  ,0,0.0,1,0,0,0,0,0,0,0,0,0,0,0,0,0,1,0,0
14154,2011075680,1510.0,1504.0,67,67301,39.9926,-75.157,0,0,0,0,0,0,1,6,2011,4,99.0,1.0,0,1.0,3,0,3,  ,0,0.0,0,0,0,0,0,0,0,0,0,0,0,0,0,0,0,0,0
14155,2011075694,1525.0,1400.0,67,67301,40.0649,-75.048,0,0,0,0,0,0,4,6,2011,4,15.0,1.0,0,1.0,3,0,3,  ,0,0.0,0,0,1,0,0,0,0,0,0,0,0,0,0,0,0,0,0
14156,2011075711,2030.0,2025.0,67,67301,39.9693,-75.1561,0,0,0,0,0,0,4,6,2011,4,20.0,3.0,0,1.0,3,1,3,  ,1,3.0,0,1,1,0,0,0,1,0,0,1,0,0,0,0,0,0,0
14157,2011075717,1738.0,9999.0,67,67301,39.9777,-75.1614,0,0,0,0,0,0,4,6,2011,5,17.0,1.0,0,1.0,3,1,3,  ,2,3.0,1,0,1,0,0,0,0,0,0,0,0,0,0,0,0,1,0
14158,2011075722,2222.0,2220.0,67,67301,39.9673,-75.1713,0,0,0,0,0,0,4,6,2011,5,22.0,2.0,0,9.0,3,2,7,  ,2,3.0,0,0,1,0,0,0,0,0,0,0,0,0,0,0,0,0,0
14159,2011075737,1653.0,1651.0,67,67301,39.9949,-75.1129,0,0,0,0,0,0,4,6,2011,6,16.0,1.0,0,1.0,3,2,3,  ,0,0.0,0,0,1,0,0,0,0,0,0,0,0,0,0,0,0,0,0
14160,2011075742,44.0,35.0,67,67301,39.9826,-75.1466,0,0,0,0,0,0,6,6,2011,5,0.0,3.0,0,1.0,3,0,3,  ,0,0.0,0,0,0,0,0,0,0,0,0,0,0,0,0,0,0,0,0
14161,2011075772,1415.0,1405.0,67,67301,39.9981,-75.1389,0,1,1,0,0,0,5,6,2011,1,13.0,1.0,0,1.0,3,0,3,  ,2,3.0,0,0,0,0,1,0,0,0,0,0,0,0,0,0,0,0,0
14162,2011075773,245.0,225.0,67,67301,39.9998,-75.1257,0,0,0,0,0,0,4,6,2011,1,2.0,3.0,0,1.0,3,1,3,  ,0,0.0,0,0,1,0,0,0,0,0,0,0,0,0,0,0,0,0,0
14163,2011075776,2247.0,2247.0,67,67301,40.0,-75.1531,0,0,0,0,0,1,4,6,2011,2,22.0,3.0,0,1.0,3,1,3,  ,2,3.0,0,0,1,0,0,0,0,0,0,0,0,0,0,0,0,0,0
14164,2011075782,2006.0,2005.0,67,67301,40.0659,-75.1593,0,0,0,0,0,0,4,6,2011,4,20.0,1.0,0,1.0,3,1,3,  ,2,3.0,0,0,1,0,0,0,0,0,0,0,0,0,0,0,0,0,0
14165,2011075783,2330.0,2318.0,67,67301,40.0604,-75.189,0,0,0,0,0,0,4,6,2011,2,23.0,3.0,0,1.0,3,0,3,  ,0,0.0,0,0,1,0,0,0,0,0,0,0,0,0,0,0,0,0,0
14166,2011075785,1941.0,1939.0,67,67301,40.0528,-75.1609,0,0,0,0,0,1,4,7,2011,7,19.0,1.0,0,1.0,3,0,3,  ,0,0.0,0,0,1,0,0,0,0,0,0,0,0,0,0,0,0,0,0
14167,2011075788,900.0,857.0,67,67301,39.9942,-75.1562,0,0,0,0,0,1,5,6,2011,3,8.0,3.0,0,1.0,3,0,3,  ,0,0.0,0,0,0,0,0,0,0,0,0,0,0,0,0,0,0,0,0
14168,2011075790,1754.0,1754.0,67,67301,39.9967,-75.1755,0,0,0,0,0,0,8,6,2011,5,12.0,1.0,0,1.0,3,2,3,  ,2,3.0,0,0,0,0,0,0,0,0,0,0,0,0,0,0,0,0,0
14169,2011075795,1659.0,1656.0,67,67301,39.946,-75.1842,0,0,0,0,0,1,5,6,2011,4,16.0,1.0,0,1.0,3,5,3,  ,2,3.0,1,0,0,0,0,0,0,0,0,0,0,0,0,0,0,0,0
14170,2011075802,1514.0,1501.0,67,67301,39.9594,-75.1987,0,0,0,0,0,0,5,6,2011,1,14.0,1.0,0,1.0,3,2,3,  ,0,0.0,0,0,0,0,0,0,0,0,0,0,0,0,0,0,0,0,0
14171,2011075805,1315.0,1300.0,67,67301,40.0294,-75.1063,0,0,0,0,0,1,5,6,2011,3,13.0,1.0,0,1.0,3,2,3,  ,2,3.0,0,0,0,0,0,1,0,0,0,0,0,0,0,0,0,0,0
14172,2011075829,9999.0,9999.0,67,67301,40.0365,-75.2369,0,0,0,0,0,0,4,6,2011,5,15.0,1.0,0,1.0,3,0,3,  ,0,0.0,1,0,1,0,0,0,0,0,0,0,0,0,0,0,0,0,0
14173,2011075830,1635.0,1627.0,67,67301,40.0276,-75.2166,0,0,0,0,0,0,4,6,2011,6,15.0,1.0,0,1.0,3,1,3,  ,3,3.0,0,0,1,0,0,0,0,0,0,0,0,0,0,0,0,0,0
14174,2011075846,648.0,647.0,10,10301,40.8568,-79.902,0,0,0,0,0,1,4,7,2011,4,6.0,1.0,0,1.0,2,2,3,  ,3,3.0,0,0,1,0,0,0,0,0,0,0,0,0,0,0,0,1,0
14175,2011076035,1743.0,9999.0,67,67301,39.9491,-75.2211,0,0,0,0,0,0,4,6,2011,7,16.0,1.0,0,1.0,3,2,3,  ,3,3.0,0,0,1,0,0,0,0,0,0,0,0,0,0,0,0,1,0
14176,2011076039,17.0,15.0,67,67301,39.9765,-75.2353,0,0,0,0,0,0,4,6,2011,1,0.0,3.0,0,1.0,3,1,3,  ,2,3.0,0,0,1,0,0,1,0,0,0,0,0,0,0,0,0,0,0
14177,2011076065,1745.0,1730.0,67,67301,39.9316,-75.1765,0,0,0,0,0,1,4,6,2011,2,17.0,1.0,0,1.0,3,0,3,  ,0,0.0,1,0,1,0,0,0,0,0,0,0,0,0,0,0,0,0,0
14178,2011076264,1657.0,1652.0,67,67301,39.9736,-75.2089,0,0,0,0,0,0,4,6,2011,4,16.0,1.0,0,1.0,3,2,3,  ,2,3.0,0,0,1,0,0,0,0,0,0,0,0,0,0,0,0,0,0
14179,2011076279,1751.0,1749.0,67,67301,40.0506,-75.0101,0,0,0,0,0,1,4,6,2011,1,17.0,1.0,7,1.0,3,0,3,  ,0,0.0,0,0,1,0,0,0,0,0,0,0,0,0,0,0,0,0,0
14180,2011076284,2310.0,2300.0,67,67301,39.9789,-75.2408,0,0,0,0,0,0,5,6,2011,2,18.0,1.0,0,1.0,3,1,3,  ,3,3.0,0,0,0,0,0,0,0,0,0,0,0,0,0,0,0,0,0
14181,2011076287,1415.0,1400.0,67,67301,40.0536,-75.1415,0,0,0,0,0,0,4,6,2011,1,13.0,1.0,0,1.0,3,1,3,  ,2,3.0,1,0,1,0,0,0,0,0,0,0,0,0,0,0,0,0,0
14182,2011076299,916.0,916.0,67,67301,39.9822,-75.1317,0,0,0,0,0,0,4,6,2011,4,99.0,1.0,0,1.0,3,1,3,  ,3,9.0,0,1,1,0,0,0,0,0,0,0,0,0,0,0,0,0,0
14183,2011076304,1643.0,1641.0,67,67301,39.9826,-75.1021,0,0,0,0,0,0,6,6,2011,5,16.0,1.0,0,1.0,3,0,3,  ,0,0.0,0,0,0,0,0,0,0,0,0,0,0,0,0,0,0,0,0
14184,2011076422,1315.0,1309.0,10,10101,40.8349,-79.9057,0,0,0,0,0,0,4,7,2011,6,13.0,1.0,0,1.0,2,0,3,  ,0,0.0,0,0,1,0,0,0,0,0,0,0,0,0,0,0,0,0,0
14185,2011076491,1420.0,1418.0,67,67301,40.0303,-75.1436,0,0,0,0,0,0,1,6,2011,7,14.0,1.0,0,1.0,3,0,3,  ,0,0.0,1,0,0,0,0,0,0,0,0,0,0,0,0,0,1,0,0
14186,2011076528,203.0,151.0,39,39301,40.6076,-75.4608,0,0,0,0,0,0,4,7,2011,6,21.0,3.0,0,1.0,3,1,3,  ,3,2.0,0,0,1,0,0,0,0,0,0,0,0,0,0,0,0,0,0
14187,2011076576,2024.0,2020.0,15,15222,39.8136,-75.8258,0,0,0,0,1,0,4,7,2011,3,20.0,2.0,0,1.0,1,1,3,  ,3,3.0,1,0,1,0,0,0,0,0,0,0,0,0,0,0,0,0,0
14188,2011076670,1709.0,1701.0,66,66204,40.0163,-76.8008,0,0,0,0,0,0,4,7,2011,5,17.0,1.0,0,1.0,1,1,3,  ,3,3.0,0,0,1,0,0,0,0,0,0,0,0,0,0,0,0,0,0
14189,2011076715,1657.0,1654.0,33,33402,41.2469,-78.7866,0,0,0,0,0,0,4,7,2011,7,16.0,1.0,0,1.0,1,2,3,  ,3,3.0,0,0,1,0,0,0,0,0,0,0,0,0,0,0,0,0,0
14190,2011076931,26.0,21.0,22,22202,40.269,-76.6827,0,0,0,0,1,0,4,7,2011,1,0.0,3.0,0,1.0,3,1,3,  ,3,3.0,0,0,1,0,0,0,0,0,0,0,0,0,0,0,0,0,0
14191,2011076952,2159.0,2139.0,35,35302,41.4158,-75.6572,0,2,0,0,0,1,4,7,2011,1,21.0,3.0,0,1.0,3,1,3,  ,2,3.0,0,0,1,0,0,0,0,0,0,0,0,0,0,0,0,1,0
14192,2011077048,1752.0,1732.0,9,9214,40.4371,-75.3965,0,0,0,0,0,0,4,7,2011,6,17.0,1.0,0,1.0,1,0,3,  ,0,0.0,0,0,1,0,0,0,0,0,0,0,0,0,0,0,0,0,0
14193,2011077165,1648.0,1646.0,43,43302,41.2352,-80.5015,0,0,0,0,0,0,4,8,2011,2,16.0,1.0,0,1.0,3,1,3,  ,0,0.0,0,0,1,0,0,0,0,0,0,0,0,0,0,0,0,0,1
14194,2011077177,1424.0,1424.0,2,2414,40.3585,-80.1122,0,0,0,0,1,0,4,6,2011,4,14.0,1.0,0,1.0,3,1,3,  ,2,3.0,1,0,1,0,0,0,0,0,0,0,0,0,0,0,0,0,0
14195,2011077573,1516.0,1510.0,21,21103,40.2291,-76.9517,0,0,0,0,0,1,4,8,2011,2,15.0,1.0,0,1.0,3,2,3,  ,3,3.0,1,0,1,0,0,0,0,0,0,0,1,0,0,0,0,0,0
14196,2011077593,653.0,648.0,2,2301,40.4576,-79.998,0,0,0,0,0,0,4,8,2011,3,6.0,1.0,0,1.0,3,2,3,  ,3,3.0,0,0,1,0,0,0,0,0,0,0,0,0,0,0,0,0,0
14197,2011077837,1715.0,1711.0,11,11301,40.3207,-78.9198,0,0,0,0,0,1,4,8,2011,3,17.0,1.0,0,1.0,3,2,3,  ,2,3.0,0,0,1,0,0,0,0,0,0,0,0,0,0,0,0,0,0
14198,2011077933,1209.0,1206.0,38,38208,40.3397,-76.4591,0,0,0,0,0,0,6,8,2011,4,12.0,1.0,0,1.0,1,2,3,  ,3,3.0,0,0,0,0,0,0,0,0,0,0,0,0,0,0,0,0,0
14199,2011078141,1712.0,1648.0,57,57208,41.75,-75.9511,0,0,0,0,0,0,1,8,2011,3,16.0,1.0,0,1.0,1,0,3,  ,0,0.0,0,0,0,0,0,0,0,0,0,0,0,0,0,0,0,0,0
14200,2011078163,2225.0,2219.0,6,6301,40.3151,-75.9519,0,0,0,0,0,0,4,7,2011,5,22.0,6.0,0,1.0,3,1,3,  ,3,3.0,1,0,1,0,0,0,0,0,0,0,0,0,1,0,0,0,0
14201,2011078165,735.0,727.0,67,67301,40.0682,-75.0679,0,0,0,0,0,0,4,6,2011,5,7.0,1.0,0,1.0,3,0,3,  ,0,0.0,0,0,1,0,0,0,0,0,0,0,0,0,0,0,0,0,0
14202,2011078185,1120.0,1110.0,35,35407,41.4171,-75.6354,0,0,0,0,0,0,4,8,2011,5,11.0,1.0,0,9.0,3,2,7,  ,3,3.0,0,0,1,0,0,1,0,0,0,0,0,0,0,0,0,0,0
14203,2011078231,1905.0,1900.0,66,66231,39.9289,-76.8215,0,0,0,0,0,0,2,7,2011,1,18.0,1.0,0,1.0,1,0,3,  ,0,0.0,0,0,0,0,0,0,0,0,0,0,0,0,0,0,0,0,1
14204,2011078281,101.0,59.0,46,46421,40.3057,-75.3183,0,0,0,0,1,0,4,6,2011,5,0.0,3.0,0,1.0,3,2,3,  ,3,3.0,0,1,1,0,0,0,1,0,0,1,0,0,0,0,0,0,0
14205,2011078314,827.0,821.0,28,28204,39.9136,-77.5707,0,0,0,0,0,0,4,7,2011,2,8.0,1.0,0,1.0,1,1,3,  ,3,3.0,1,0,1,0,0,0,0,0,0,0,1,0,0,0,0,0,0
14206,2011078347,1852.0,1847.0,2,2301,40.4573,-79.9736,0,0,0,0,0,0,8,8,2011,5,18.0,1.0,0,1.0,3,1,3,  ,0,0.0,1,0,0,0,0,0,0,0,0,0,0,0,0,0,0,0,0
14207,2011078743,717.0,714.0,36,36301,40.031,-76.3208,0,0,0,0,0,0,8,8,2011,6,7.0,1.0,0,1.0,3,1,3,  ,2,3.0,0,0,0,0,0,0,0,0,0,0,0,0,0,0,0,0,1
14208,2011078803,1555.0,1552.0,66,66301,39.9581,-76.7313,0,0,0,0,0,0,8,8,2011,7,15.0,1.0,0,1.0,3,0,3,  ,0,0.0,0,0,0,0,0,0,0,0,0,0,0,0,0,0,0,0,0
14209,2011079107,1723.0,1721.0,32,32407,40.542,-79.1618,0,0,0,0,0,0,8,8,2011,1,17.0,1.0,0,1.0,1,1,3,  ,3,3.0,0,0,0,0,0,0,0,0,0,0,0,0,0,0,0,0,0
14210,2011079222,2201.0,2200.0,23,23111,39.9592,-75.2661,0,0,0,0,0,1,4,8,2011,5,21.0,3.0,0,1.0,3,2,3,  ,0,0.0,0,0,1,0,0,0,0,0,0,0,0,0,0,0,0,0,0
14211,2011079443,1552.0,1539.0,6,6244,40.5612,-75.9705,0,0,0,0,0,1,4,7,2011,7,15.0,1.0,0,1.0,1,0,3,  ,0,0.0,0,0,1,0,0,1,0,0,0,0,0,0,0,0,0,0,0
14212,2011079569,605.0,600.0,2,2301,40.4473,-80.0103,0,0,0,0,0,0,4,8,2011,3,6.0,1.0,0,1.0,3,1,3,  ,2,3.0,0,0,1,0,0,0,0,0,0,0,0,0,0,0,0,0,0
14213,2011079573,1112.0,1102.0,31,31218,40.4144,-78.103,0,0,0,0,0,0,1,8,2011,6,10.0,1.0,0,1.0,1,0,3,  ,0,0.0,0,0,0,0,0,0,0,0,1,0,0,0,0,0,0,0,0
14214,2011079643,1228.0,1220.0,38,38209,40.3664,-76.4662,0,0,0,0,0,1,4,8,2011,4,12.0,1.0,0,1.0,1,0,3,  ,0,0.0,0,0,1,0,0,0,0,0,0,0,0,0,0,0,0,0,0
14215,2011079706,1802.0,1754.0,36,36301,40.0413,-76.2967,0,0,0,0,0,1,4,8,2011,5,17.0,1.0,0,1.0,3,1,3,  ,3,3.0,0,0,1,0,0,0,0,0,0,0,0,0,0,0,0,0,0
14216,2011079792,1736.0,1707.0,62,62225,40.1774,-80.1343,0,0,0,0,0,0,0,8,2011,5,17.0,1.0,0,1.0,1,0,3,  ,0,0.0,0,1,0,0,0,0,1,0,0,1,0,0,0,0,0,0,0
14217,2011079874,1645.0,1631.0,2,2301,40.4682,-79.963,0,0,0,0,0,0,4,8,2011,3,16.0,1.0,0,1.0,3,1,3,  ,2,3.0,0,0,1,0,0,0,0,0,0,0,0,0,0,0,0,1,0
14218,2011080060,1132.0,1132.0,23,23301,39.8615,-75.3599,0,0,0,0,0,1,5,8,2011,4,11.0,1.0,0,1.0,3,1,3,  ,0,0.0,0,0,0,0,0,0,0,0,0,0,0,0,0,0,0,0,0
14219,2011080075,1403.0,1400.0,19,19501,41.0007,-76.4622,0,0,0,0,0,1,4,8,2011,4,14.0,1.0,0,1.0,2,1,3,  ,3,3.0,0,0,1,0,0,0,0,0,0,0,0,0,0,0,0,0,0
14220,2011080084,1422.0,1418.0,66,66301,39.9675,-76.7205,0,0,0,0,0,0,4,8,2011,4,14.0,1.0,0,1.0,3,1,3,  ,3,3.0,0,0,1,0,0,0,0,0,0,0,0,0,0,0,0,0,0
14221,2011080108,1655.0,1649.0,46,46413,40.1251,-75.327,0,0,0,0,1,0,1,7,2011,4,16.0,1.0,7,1.0,3,0,3,  ,0,0.0,0,0,0,0,0,0,0,0,0,0,0,0,0,0,0,0,0
14222,2011080118,951.0,949.0,25,25302,42.1257,-80.0721,0,0,0,0,0,0,4,6,2011,5,9.0,1.0,0,1.0,3,1,3,  ,0,0.0,0,0,1,0,0,0,0,0,0,0,0,0,0,0,0,0,0
14223,2011080193,1644.0,1642.0,2,2213,40.5215,-80.1911,0,0,0,0,0,1,4,7,2011,1,99.0,1.0,0,1.0,3,2,3,  ,3,3.0,0,1,1,0,0,0,0,0,0,0,0,0,0,0,0,0,0
14224,2011080246,2223.0,2215.0,25,25210,42.1561,-79.9816,0,0,0,0,0,1,4,8,2011,5,22.0,3.0,0,1.0,1,2,3,  ,0,0.0,1,1,1,0,0,0,1,0,0,1,0,0,0,0,0,0,0
14225,2011080504,1234.0,1231.0,46,46102,40.06,-75.0969,0,0,0,0,0,0,1,8,2011,5,12.0,1.0,0,1.0,3,0,3,  ,0,0.0,0,0,0,0,0,0,0,0,0,0,0,0,0,0,0,1,0
14226,2011080550,1620.0,1620.0,46,46208,40.1829,-75.4363,0,0,0,0,0,1,4,8,2011,3,16.0,1.0,0,1.0,3,2,3,  ,3,3.0,0,0,1,0,0,0,0,0,0,0,0,0,0,0,0,1,0
14227,2011080641,1849.0,1842.0,41,41301,41.2415,-77.0244,0,0,0,0,0,0,4,8,2011,5,18.0,1.0,0,1.0,3,1,3,  ,0,0.0,0,0,1,0,0,1,0,0,0,0,0,0,0,0,0,0,0
14228,2011080642,2017.0,2015.0,35,35302,41.4031,-75.669,0,0,0,0,0,0,4,8,2011,5,20.0,4.0,0,1.0,3,1,3,  ,2,3.0,0,0,1,0,0,0,0,0,0,0,0,0,0,0,0,1,0
14229,2011080778,1248.0,1243.0,2,2301,40.4621,-79.9499,0,0,0,0,0,0,4,8,2011,6,12.0,1.0,0,1.0,3,1,3,  ,2,3.0,1,0,1,0,0,0,0,0,0,0,0,0,0,0,0,0,0
14230,2011080787,1657.0,1654.0,49,49407,40.8876,-76.7941,0,0,0,0,0,0,4,8,2011,5,16.0,1.0,0,1.0,1,1,3,  ,3,3.0,0,0,1,0,0,0,0,0,0,0,0,0,0,0,0,0,0
14231,2011081057,1715.0,1711.0,23,23410,39.8856,-75.2856,0,0,0,0,1,0,4,8,2011,7,17.0,8.0,0,9.0,3,2,7,  ,3,3.0,0,0,1,0,0,0,0,0,0,0,0,0,0,0,0,0,0
14232,2011081118,1753.0,1740.0,9,9220,40.4488,-75.306,0,0,0,0,0,0,4,8,2011,3,17.0,1.0,0,1.0,1,0,3,  ,0,0.0,0,0,1,0,0,0,0,0,0,0,0,0,0,0,0,0,0