,CRN,ARRIVAL_TM,DISPATCH_TM,COUNTY,MUNICIPALITY,DEC_LAT,DEC_LONG,BICYCLE_DEATH_COUNT,BICYCLE_SUSP_SERIOUS_INJ_COUNT,BUS_COUNT,HEAVY_TRUCK_COUNT,SMALL_TRUCK_COUNT,SUV_COUNT,COLLISION_TYPE,CRASH_MONTH,CRASH_YEAR,DAY_OF_WEEK,HOUR_OF_DAY,ILLUMINATION,LOCATION_TYPE,ROAD_CONDITION,URBAN_RURAL,INTERSECT_TYPE,WEATHER1,WEATHER2,TCD_TYPE,TCD_FUNC_CD,AGGRESSIVE_DRIVING,ALCOHOL_RELATED,ANGLE_CRASH,CELL_PHONE,COMM_VEHICLE,DISTRACTED,DRINKING_DRIVER,DRUGGED_DRIVER,FATIGUE_ASLEEP,IMPAIRED_DRIVER,NHTSA_AGG_DRIVING,RUNNING_RED_LT,RUNNING_STOP_SIGN,SPEEDING_RELATED,TAILGATING,MATURE_DRIVER,YOUNG_DRIVER
14233,2011081217,1957.0,1956.0,9,9405,40.1425,-74.9117,0,0,0,0,0,0,9,8,2011,7,19.0,1.0,0,1.0,3,1,3,  ,2,3.0,0,0,0,0,0,0,0,0,0,0,0,0,0,0,0,1,0
14234,2011081220,1224.0,1217.0,39,39301,40.6048,-75.5018,0,0,0,0,0,1,4,8,2011,1,12.0,1.0,0,9.0,3,0,7,05,0,0.0,0,0,1,0,0,0,0,0,0,0,0,0,0,0,0,0,0
14235,2011081318,1648.0,1628.0,5,5208,39.9459,-78.6464,1,0,0,0,0,0,4,7,2011,1,16.0,1.0,0,1.0,1,0,3,  ,0,0.0,0,0,1,0,0,0,0,0,0,0,0,0,0,0,0,0,0
14236,2011081369,2027.0,2023.0,46,46102,40.0873,-75.1397,0,0,0,0,0,0,4,8,2011,1,20.0,3.0,0,9.0,3,1,3,  ,3,3.0,1,0,1,0,0,0,0,0,0,0,0,0,1,0,0,0,0
14237,2011081374,459.0,457.0,6,6429,40.3421,-75.9575,0,0,0,0,1,0,4,7,2011,2,4.0,3.0,0,1.0,3,1,3,  ,0,0.0,0,0,1,0,0,0,0,0,0,0,0,0,0,0,0,0,0
14238,2011081590,1336.0,1335.0,39,39301,40.6136,-75.47,0,0,0,0,0,0,4,8,2011,2,13.0,1.0,0,9.0,3,1,7,  ,2,3.0,0,0,1,0,0,0,0,0,0,0,0,0,0,0,0,1,0
14239,2011081594,1612.0,1605.0,64,64210,40.2816,-79.244,0,0,0,0,1,0,6,8,2011,1,16.0,1.0,0,1.0,1,2,3,  ,3,3.0,0,0,0,0,0,0,0,0,0,0,0,0,0,0,0,0,0
14240,2011081608,1855.0,1850.0,2,2301,40.4632,-79.9045,0,0,0,0,0,0,4,8,2011,1,18.0,1.0,0,1.0,3,2,3,  ,0,0.0,0,0,1,0,0,0,0,0,0,0,0,0,0,0,0,1,0
14241,2011081659,1127.0,1124.0,64,64209,40.2889,-79.5304,1,0,0,1,0,0,4,7,2011,6,11.0,1.0,0,1.0,3,1,3,  ,2,3.0,0,0,1,0,1,1,0,0,0,0,0,0,0,0,0,0,0
14242,2011081768,1719.0,1719.0,64,64405,40.3351,-79.3044,0,0,0,0,0,1,4,8,2011,6,17.0,1.0,0,1.0,1,1,3,  ,0,0.0,0,0,1,0,0,0,0,0,0,0,0,0,0,0,0,0,0
14243,2011082176,1737.0,1734.0,1,1407,39.8281,-77.2367,0,0,0,0,0,0,4,8,2011,3,17.0,1.0,0,1.0,2,0,3,  ,0,0.0,0,0,1,0,0,0,0,0,0,0,0,0,0,0,0,0,0
14244,2011082328,1848.0,1845.0,38,38212,40.3458,-76.3882,0,0,0,0,0,0,4,8,2011,3,18.0,1.0,0,1.0,1,2,3,  ,0,0.0,0,0,1,0,0,0,0,0,0,0,0,0,0,0,0,0,0
14245,2011082338,743.0,735.0,14,14410,40.7793,-77.8543,0,0,0,0,0,0,4,8,2011,3,21.0,3.0,0,1.0,3,0,3,  ,0,0.0,1,0,1,0,0,0,0,0,0,0,0,0,0,0,0,0,0
14246,2011082356,1138.0,1136.0,64,64427,40.2821,-79.5501,0,0,0,0,0,0,4,8,2011,2,11.0,1.0,7,1.0,3,0,3,  ,0,0.0,0,0,1,0,0,0,0,0,0,0,0,0,0,0,0,0,1
14247,2011082367,1247.0,1241.0,2,2301,40.4772,-79.9304,0,0,0,0,0,0,8,8,2011,4,12.0,1.0,0,1.0,3,1,3,  ,3,3.0,0,0,0,0,0,0,0,0,0,0,0,0,0,0,0,0,0
14248,2011082375,1324.0,1318.0,14,14410,40.802,-77.8686,0,0,0,0,0,0,5,8,2011,4,13.0,1.0,0,1.0,3,0,3,  ,0,0.0,1,0,0,0,0,0,0,0,0,0,0,0,0,0,0,0,0
14249,2011082394,1445.0,1435.0,67,67301,39.9472,-75.2178,0,0,0,0,0,1,8,7,2011,5,20.0,4.0,0,1.0,3,0,3,  ,0,0.0,0,0,0,0,0,0,0,0,0,0,0,0,0,0,0,0,0
14250,2011082405,2005.0,2005.0,67,67301,39.9276,-75.1461,0,0,0,0,0,0,4,7,2011,7,20.0,1.0,0,1.0,3,1,3,  ,3,3.0,0,0,1,0,0,0,0,0,0,0,0,0,0,0,0,0,0
14251,2011082423,2010.0,2005.0,67,67301,40.0294,-75.2297,0,0,0,0,1,0,4,6,2011,4,12.0,1.0,0,1.0,3,2,99,  ,0,0.0,1,0,1,0,0,0,0,0,0,0,0,0,0,0,0,0,0
14252,2011082430,25.0,24.0,67,67301,39.9525,-75.2093,0,0,0,0,0,0,8,7,2011,6,0.0,3.0,0,1.0,3,1,3,  ,2,3.0,0,1,0,0,0,0,0,0,0,0,0,0,0,0,0,0,0
14253,2011082433,1528.0,1522.0,67,67301,39.968,-75.1455,0,0,0,0,0,1,1,7,2011,3,15.0,1.0,0,1.0,3,0,3,  ,0,0.0,0,0,0,0,0,0,0,0,0,0,0,0,0,0,0,0,0
14254,2011082449,2245.0,2245.0,67,67301,40.0234,-75.1394,0,0,0,0,0,0,4,7,2011,3,22.0,3.0,0,1.0,3,1,3,  ,2,3.0,0,0,1,0,0,0,0,0,0,0,0,0,0,0,0,0,0
14255,2011082456,2315.0,2058.0,67,67301,39.9375,-75.2203,0,0,0,0,0,0,8,6,2011,3,20.0,3.0,0,1.0,3,1,3,  ,3,3.0,0,0,0,0,0,0,0,0,0,0,0,0,0,0,0,1,0
14256,2011082504,2135.0,2127.0,67,67301,39.9478,-75.1917,0,0,0,0,0,0,2,6,2011,7,21.0,3.0,0,1.0,3,0,3,  ,0,0.0,0,0,0,0,0,0,0,0,0,0,0,0,0,0,0,0,0
14257,2011082508,2025.0,2020.0,67,67301,40.0964,-74.971,0,0,0,0,0,0,4,7,2011,3,99.0,1.0,0,1.0,3,2,3,  ,2,3.0,0,0,1,0,0,0,0,0,0,0,0,0,0,0,0,0,0
14258,2011082518,912.0,912.0,67,67301,39.9544,-75.1479,0,0,0,0,1,0,4,7,2011,4,9.0,1.0,0,1.0,3,2,3,  ,0,0.0,0,0,1,0,0,0,0,0,0,0,0,0,0,0,0,0,0
14259,2011082519,9999.0,7.0,67,67301,39.9387,-75.2215,0,0,0,1,0,0,4,7,2011,6,7.0,1.0,7,1.0,3,0,3,  ,0,0.0,1,0,1,0,1,0,0,0,0,0,0,0,0,0,0,0,0
14260,2011082521,9999.0,9999.0,67,67301,39.918,-75.2384,0,0,0,0,1,0,8,7,2011,3,15.0,1.0,0,1.0,3,2,3,  ,0,0.0,0,0,0,0,0,0,0,0,0,0,0,0,0,0,0,0,0
14261,2011082528,1650.0,1627.0,67,67301,40.0289,-75.0342,0,0,0,0,0,0,4,7,2011,7,15.0,1.0,0,1.0,3,1,3,  ,2,3.0,0,0,1,0,0,0,0,0,0,0,0,0,0,0,0,0,0
14262,2011082533,1743.0,1739.0,67,67301,39.9411,-75.2324,0,0,0,0,0,1,2,6,2011,7,17.0,1.0,0,1.0,3,0,3,  ,0,0.0,0,0,0,0,0,0,0,0,0,0,0,0,0,0,0,1,0
14263,2011082535,1350.0,1345.0,67,67301,40.0095,-75.0848,0,0,0,0,0,0,4,7,2011,5,13.0,1.0,0,1.0,3,1,3,  ,3,3.0,0,0,1,0,0,0,0,0,0,0,0,0,0,0,0,0,0
14264,2011082541,1731.0,1729.0,67,67301,39.9767,-75.2337,0,0,0,0,0,1,4,7,2011,7,11.0,1.0,0,1.0,3,1,3,  ,2,3.0,0,0,1,0,0,0,0,0,0,0,0,0,0,0,0,0,1
14265,2011082544,1543.0,1542.0,67,67301,39.9434,-75.1575,0,0,0,0,0,0,8,7,2011,5,15.0,1.0,0,1.0,3,0,3,  ,0,0.0,0,0,0,0,0,0,0,0,0,0,0,0,0,0,0,0,0
14266,2011082557,1853.0,1849.0,67,67301,40.031,-75.1288,0,0,0,0,0,0,4,6,2011,5,18.0,1.0,0,1.0,3,1,3,  ,0,0.0,0,0,1,0,0,0,0,0,0,0,0,0,0,0,0,0,1
14267,2011082576,1800.0,1757.0,67,67301,39.9439,-75.1519,0,0,0,0,0,0,4,7,2011,5,17.0,1.0,0,1.0,3,1,3,  ,2,3.0,1,0,1,0,0,0,0,0,0,0,0,0,0,0,0,0,0
14268,2011082577,30.0,26.0,67,67301,39.9717,-75.1611,0,0,0,0,0,0,4,7,2011,4,0.0,3.0,0,1.0,3,1,3,  ,2,3.0,0,0,1,0,0,0,0,0,0,0,0,0,0,0,0,0,1
14269,2011082597,1609.0,1604.0,67,67301,40.0204,-75.1521,0,0,0,0,0,1,4,6,2011,4,16.0,1.0,2,1.0,3,1,3,  ,2,3.0,0,0,1,0,0,0,0,0,0,0,0,0,0,0,0,0,0
14270,2011082623,1855.0,1847.0,67,67301,40.0253,-75.1476,0,0,0,0,0,0,5,6,2011,4,18.0,1.0,0,1.0,3,0,3,  ,2,3.0,0,0,0,0,0,0,0,0,0,0,0,0,0,0,0,0,0
14271,2011082648,1718.0,1713.0,67,67301,39.9297,-75.1686,0,0,0,0,0,0,4,7,2011,4,17.0,1.0,0,1.0,3,0,3,  ,0,0.0,0,0,1,0,0,0,0,0,0,0,0,0,0,0,0,0,0
14272,2011082650,1200.0,1150.0,67,67301,40.0735,-75.0281,0,0,0,1,0,0,5,7,2011,3,11.0,1.0,0,1.0,3,0,3,  ,0,0.0,1,0,0,0,1,0,0,0,0,0,0,0,0,0,0,0,0
14273,2011082654,1135.0,1135.0,67,67301,39.9507,-75.2033,0,0,0,0,0,1,4,7,2011,7,11.0,1.0,0,1.0,3,10,3,  ,0,0.0,0,0,1,0,0,0,0,0,0,0,0,0,0,0,0,0,1
14274,2011082655,1530.0,1522.0,67,67301,39.939,-75.218,0,0,0,0,0,0,4,7,2011,6,15.0,1.0,0,1.0,3,1,3,  ,0,0.0,0,0,1,0,0,0,0,0,0,0,0,0,0,0,0,0,0
14275,2011082657,935.0,927.0,67,67301,39.9325,-75.1745,0,0,0,0,0,0,6,7,2011,6,9.0,1.0,0,1.0,3,1,3,  ,0,0.0,0,0,0,0,0,0,0,0,0,0,0,0,0,0,0,0,0
14276,2011082666,1318.0,1314.0,67,67301,39.9178,-75.1583,0,0,0,0,1,0,4,7,2011,7,99.0,1.0,0,1.0,3,2,3,  ,3,3.0,0,0,1,0,0,0,0,0,0,0,0,0,0,0,0,0,0
14277,2011082670,1932.0,1932.0,67,67301,39.9661,-75.2488,0,0,0,0,0,0,2,7,2011,3,19.0,1.0,0,1.0,3,2,3,  ,3,3.0,0,0,0,0,0,0,0,0,0,0,0,0,0,0,0,0,0
14278,2011082706,1537.0,1535.0,67,67301,40.0031,-75.1643,0,0,0,0,1,0,4,7,2011,7,0.0,3.0,0,1.0,3,1,99,  ,2,3.0,1,0,1,0,0,0,0,0,0,0,0,0,0,0,0,0,0
14279,2011082709,1748.0,1746.0,67,67301,39.964,-75.1745,0,0,0,0,0,0,4,6,2011,3,17.0,1.0,0,1.0,3,1,3,  ,2,3.0,0,0,1,0,0,0,0,0,0,0,0,0,0,0,0,0,0
14280,2011082753,1756.0,1752.0,9,9230,40.2669,-74.9833,0,0,0,0,0,0,2,8,2011,3,17.0,1.0,0,1.0,1,2,3,  ,3,3.0,0,0,0,0,0,1,0,0,0,0,0,0,0,0,0,0,0
14281,2011082775,1423.0,1407.0,64,64204,40.3199,-79.3667,0,0,0,0,0,0,4,7,2011,4,14.0,1.0,7,1.0,1,0,3,  ,0,0.0,0,0,1,0,0,0,0,0,0,0,0,0,0,0,0,0,1
14282,2011082826,810.0,740.0,43,43219,41.1559,-80.1161,0,0,0,0,1,0,4,8,2011,3,6.0,2.0,0,9.0,1,2,7,05,3,3.0,0,0,1,0,0,0,0,0,0,0,0,0,0,0,0,0,0
14283,2011083012,1650.0,1642.0,25,25213,42.1057,-80.0166,0,0,0,0,0,0,4,8,2011,4,16.0,1.0,0,1.0,3,0,3,  ,0,0.0,0,0,1,0,0,0,0,0,0,0,0,0,0,0,0,0,0
14284,2011083046,1830.0,1821.0,9,9202,40.1514,-74.9752,0,0,0,0,0,0,4,8,2011,4,18.0,1.0,0,1.0,3,1,3,  ,0,0.0,1,0,1,0,0,0,0,0,0,0,0,0,0,0,0,0,0
14285,2011083210,1120.0,1115.0,39,39102,40.63,-75.4849,0,0,0,0,0,1,4,8,2011,3,11.0,1.0,0,1.0,3,0,3,  ,0,0.0,0,0,1,0,0,0,0,0,0,0,0,0,0,0,0,0,0
14286,2011083284,950.0,945.0,67,67301,39.9535,-75.164,0,0,0,0,0,0,1,7,2011,2,9.0,1.0,0,1.0,3,0,3,  ,0,0.0,1,0,0,0,0,0,0,0,0,0,0,0,0,0,1,0,0
14287,2011083300,1906.0,1904.0,67,67301,39.9664,-75.1756,0,0,0,0,0,0,5,7,2011,7,99.0,1.0,0,1.0,3,2,3,  ,3,3.0,1,0,0,0,0,0,0,0,0,0,0,0,0,0,0,0,0
14288,2011083302,723.0,720.0,67,67301,40.0496,-75.0562,0,0,0,0,0,0,4,7,2011,7,7.0,1.0,0,1.0,3,1,3,  ,3,3.0,0,0,1,0,0,0,0,0,0,0,0,0,0,0,0,0,1
14289,2011083312,140.0,135.0,67,67301,40.0139,-75.0784,0,0,0,0,0,0,1,7,2011,7,21.0,1.0,0,1.0,3,0,3,  ,0,0.0,1,0,0,0,0,0,0,0,0,0,0,0,0,1,0,0,0
14290,2011083324,1044.0,1034.0,67,67301,39.9644,-75.1609,0,0,0,0,1,0,4,6,2011,5,10.0,1.0,0,1.0,3,2,3,  ,0,0.0,0,0,1,0,0,0,0,0,0,0,0,0,0,0,0,0,0
14291,2011083370,1720.0,1716.0,67,67301,39.9562,-75.1941,0,0,0,0,0,0,4,7,2011,5,17.0,1.0,0,1.0,3,10,3,  ,2,3.0,0,0,1,0,0,0,0,0,0,0,0,0,0,0,0,0,0
14292,2011083372,1948.0,1947.0,67,67301,40.0416,-75.1003,0,0,0,0,0,0,4,7,2011,1,18.0,1.0,7,1.0,3,0,3,  ,0,0.0,1,0,1,0,0,0,0,0,0,0,0,0,0,0,0,0,0
14293,2011083403,1800.0,1743.0,67,67301,39.9441,-75.1535,0,0,0,0,0,0,4,7,2011,5,17.0,1.0,0,1.0,3,2,3,  ,2,3.0,0,0,1,0,0,0,0,0,0,0,0,0,0,0,0,0,0
14294,2011083404,2110.0,2100.0,67,67301,39.956,-75.1606,0,0,0,0,0,0,4,7,2011,2,20.0,3.0,0,1.0,3,2,3,  ,2,3.0,0,1,1,0,0,0,0,0,0,0,0,0,0,0,0,0,0
14295,2011083409,324.0,322.0,67,67301,40.0292,-75.0398,0,0,0,0,0,0,4,7,2011,1,22.0,3.0,0,1.0,3,1,3,  ,0,0.0,0,0,1,0,0,0,0,0,0,0,0,0,0,0,0,0,0
14296,2011083410,1239.0,1238.0,67,67301,39.9486,-75.1778,0,0,1,0,0,0,5,6,2011,2,12.0,1.0,0,1.0,3,1,3,  ,0,0.0,0,0,0,0,1,0,0,0,0,0,0,0,0,0,0,0,0
14297,2011083412,625.0,623.0,67,67301,39.9604,-75.1894,0,0,0,0,0,0,4,7,2011,4,6.0,1.0,0,1.0,3,1,3,  ,2,3.0,1,0,1,0,0,0,0,0,0,0,0,0,0,0,0,0,0
14298,2011083413,2118.0,2117.0,67,67301,39.9575,-75.1879,0,0,0,0,0,1,2,7,2011,5,21.0,3.0,0,9.0,3,2,7,  ,0,0.0,0,0,0,0,0,0,0,0,0,0,0,0,0,0,0,0,0
14299,2011083419,1355.0,1349.0,67,67301,39.9525,-75.177,0,0,0,0,0,0,4,7,2011,7,13.0,1.0,0,1.0,3,1,3,  ,2,3.0,0,0,1,0,0,0,0,0,0,0,0,0,0,0,0,0,0
14300,2011083429,1520.0,1510.0,67,67301,39.9616,-75.1545,0,0,0,0,0,1,6,7,2011,2,15.0,1.0,0,1.0,3,1,3,  ,2,3.0,0,0,0,0,0,0,0,0,0,0,0,0,0,0,0,0,1
14301,2011083446,1456.0,1456.0,67,67301,39.9556,-75.1425,0,0,0,0,0,0,4,7,2011,6,10.0,1.0,0,1.0,3,2,3,  ,3,3.0,0,0,1,0,0,0,0,0,0,0,0,0,0,0,0,0,0
14302,2011083450,1739.0,1732.0,67,67301,39.9674,-75.1771,0,0,0,0,0,0,4,6,2011,1,17.0,1.0,0,1.0,3,0,3,  ,0,0.0,0,0,1,0,0,0,0,0,0,0,0,0,0,0,0,0,0
14303,2011083464,932.0,927.0,67,67301,39.9546,-75.2344,0,0,0,0,0,0,4,7,2011,2,9.0,1.0,0,1.0,3,0,3,  ,0,0.0,0,0,1,0,0,0,0,0,0,0,0,0,0,0,0,0,0
14304,2011083471,9999.0,9999.0,67,67301,40.0027,-75.125,0,0,0,0,0,0,4,7,2011,7,21.0,6.0,0,1.0,3,2,3,  ,3,3.0,0,0,1,0,0,0,0,0,0,0,0,0,0,0,0,0,0
14305,2011083475,1235.0,1235.0,67,67301,39.9648,-75.177,0,0,0,0,0,0,5,7,2011,1,12.0,1.0,0,1.0,3,1,3,  ,1,3.0,0,0,0,0,0,0,0,0,0,0,0,0,0,0,0,0,0
14306,2011083476,2220.0,2213.0,67,67301,39.9592,-75.202,0,0,0,0,0,0,5,7,2011,2,22.0,3.0,0,1.0,3,1,3,  ,2,3.0,0,0,0,0,0,0,0,0,0,0,0,0,0,0,0,0,0
14307,2011083477,2210.0,2203.0,67,67301,39.9738,-75.2064,0,0,0,0,0,0,8,7,2011,1,22.0,3.0,0,1.0,3,1,3,  ,2,3.0,0,1,0,0,0,0,1,0,0,1,0,0,0,0,0,0,0
14308,2011083478,1620.0,1618.0,67,67301,40.0501,-75.0642,0,0,0,0,0,0,4,7,2011,3,16.0,1.0,0,1.0,3,1,3,  ,2,3.0,1,0,1,0,0,0,0,0,0,0,0,1,0,0,0,0,0
14309,2011083630,2354.0,2353.0,4,4402,40.5874,-80.2247,0,0,0,0,0,0,1,8,2011,7,23.0,3.0,0,1.0,3,5,3,  ,0,0.0,0,1,0,0,0,0,0,0,0,0,0,0,0,0,0,0,0
14310,2011083659,517.0,514.0,44,44401,40.6229,-77.5615,0,0,0,0,1,0,2,8,2011,6,5.0,2.0,0,1.0,2,2,3,  ,0,0.0,0,0,0,0,0,0,0,0,0,0,0,0,0,0,0,1,0
14311,2011083799,1500.0,1500.0,67,67301,39.9512,-75.2071,0,0,0,0,0,0,4,7,2011,2,14.0,1.0,0,1.0,3,1,3,  ,3,3.0,0,0,1,0,0,0,0,0,0,0,0,0,0,0,0,0,0
14312,2011083833,1510.0,1509.0,39,39402,40.6536,-75.4661,0,0,0,0,0,0,1,6,2011,2,15.0,1.0,0,1.0,3,0,3,  ,0,0.0,0,0,0,0,0,0,0,0,0,0,0,0,0,0,0,0,1
14313,2011084010,1114.0,1113.0,46,46411,40.239,-75.2962,0,0,0,0,0,0,4,8,2011,6,11.0,1.0,0,1.0,3,1,3,  ,0,0.0,0,0,1,0,0,0,0,0,0,0,0,0,0,0,0,0,0
14314,2011084028,720.0,720.0,9,9202,40.1077,-74.9519,0,0,0,0,0,1,4,8,2011,7,7.0,1.0,7,1.0,3,0,3,  ,3,3.0,1,0,1,0,0,0,0,0,0,0,0,0,0,0,0,1,0
14315,2011084066,1055.0,1055.0,46,46224,40.0872,-75.2674,0,0,0,0,0,0,4,8,2011,7,10.0,1.0,0,1.0,3,2,3,  ,0,0.0,0,0,1,0,0,1,0,0,0,0,0,0,0,0,0,1,0
14316,2011084133,1838.0,1836.0,36,36301,40.0364,-76.3003,0,0,0,0,1,0,4,8,2011,2,18.0,1.0,0,1.0,3,1,3,  ,3,3.0,0,0,1,0,0,0,0,0,0,0,0,0,0,0,0,0,0
14317,2011084297,157.0,146.0,21,21408,40.1736,-77.398,0,0,0,0,1,0,4,8,2011,6,1.0,3.0,0,1.0,1,1,3,  ,3,3.0,0,0,1,0,0,0,0,0,0,0,0,0,0,0,0,0,0
14318,2011084327,1809.0,1807.0,2,2111,40.3969,-79.8197,0,0,0,0,0,1,2,8,2011,1,18.0,1.0,0,1.0,3,1,3,  ,3,3.0,0,0,0,0,0,0,0,0,0,0,0,0,0,0,0,0,0
14319,2011084372,2040.0,2039.0,36,36301,40.0406,-76.3111,0,0,0,0,0,0,4,8,2011,2,20.0,3.0,0,1.0,3,1,3,  ,2,3.0,0,0,1,0,0,0,0,0,0,0,0,0,0,0,0,0,0
14320,2011084686,1409.0,1405.0,48,48302,40.6794,-75.2101,0,0,0,0,0,0,2,8,2011,6,14.0,1.0,0,1.0,3,1,3,  ,2,3.0,0,0,0,0,0,1,0,0,0,0,0,0,0,0,0,0,0
14321,2011085003,1435.0,1433.0,39,39301,40.6078,-75.4869,0,0,0,0,0,0,4,8,2011,3,14.0,1.0,0,1.0,3,1,3,  ,0,0.0,0,0,1,0,0,0,0,0,0,0,0,0,0,0,0,0,0
14322,2011085125,1702.0,1633.0,36,36219,39.7739,-76.1791,0,0,0,1,0,0,4,8,2011,7,16.0,1.0,0,1.0,1,1,3,  ,3,3.0,0,0,1,0,1,0,0,0,0,0,0,0,0,0,0,0,0
14323,2011085385,2005.0,2001.0,21,21104,40.1872,-76.9719,0,0,0,0,0,0,4,8,2011,3,20.0,4.0,0,1.0,3,0,3,  ,0,0.0,0,0,1,0,0,1,0,0,0,0,0,0,0,0,0,1,0
14324,2011085417,1649.0,1647.0,25,25302,42.1182,-80.099,0,0,0,0,0,1,4,6,2011,4,16.0,1.0,0,1.0,3,1,3,  ,0,0.0,0,0,1,0,0,0,0,0,0,0,0,0,0,0,0,0,0
14325,2011085422,1900.0,1900.0,25,25302,42.1269,-80.0818,0,0,0,0,0,0,4,7,2011,4,19.0,1.0,0,1.0,3,0,3,  ,0,0.0,0,0,1,0,0,0,0,0,0,0,0,0,0,0,0,0,0
14326,2011085453,2045.0,2037.0,67,67301,39.9969,-75.1295,0,0,0,0,0,0,4,4,2011,6,20.0,3.0,0,1.0,3,0,3,  ,0,0.0,0,0,1,0,0,0,0,0,0,0,0,0,0,0,0,0,0
14327,2011085502,2322.0,2317.0,67,67301,39.9293,-75.1686,0,0,0,0,0,0,6,7,2011,3,23.0,3.0,0,9.0,3,10,7,  ,2,3.0,0,0,0,0,0,0,0,0,0,0,0,0,0,0,0,0,0
14328,2011085540,10.0,0.0,67,67301,39.9396,-75.1982,0,0,0,0,0,0,4,7,2011,5,0.0,3.0,0,98.0,3,1,3,  ,2,3.0,0,0,1,0,0,0,0,0,0,0,0,0,0,0,0,0,0
14329,2011085541,2243.0,2240.0,67,67301,39.9351,-75.1847,0,0,0,0,0,0,4,7,2011,4,22.0,2.0,0,1.0,3,2,3,  ,3,3.0,0,0,1,0,0,0,0,0,0,0,0,0,0,0,0,0,0
14330,2011085559,1739.0,1737.0,25,25302,42.1117,-80.0963,0,0,0,0,0,0,4,8,2011,4,17.0,1.0,0,1.0,3,1,3,  ,3,3.0,0,0,1,0,0,0,0,0,0,0,0,0,0,0,0,0,0
14331,2011085568,1738.0,1737.0,9,9204,40.3287,-75.055,0,0,0,0,0,0,4,8,2011,2,17.0,1.0,7,1.0,1,2,3,  ,2,3.0,0,0,1,0,0,1,0,0,0,0,0,0,0,0,0,1,0
14332,2011085577,1814.0,1814.0,15,15403,40.0088,-75.6982,0,0,0,0,0,0,4,8,2011,3,18.0,1.0,7,1.0,3,0,3,  ,0,0.0,0,0,1,0,0,0,0,0,0,0,0,0,0,0,0,0,0
14333,2011085595,1318.0,1315.0,66,66413,39.8011,-76.9941,0,0,0,0,0,0,4,7,2011,7,13.0,1.0,0,1.0,2,0,3,  ,0,0.0,1,0,1,0,0,0,0,0,0,0,0,0,0,0,0,0,1
14334,2011085796,1749.0,1749.0,36,36301,40.04,-76.2873,0,0,0,0,0,1,4,8,2011,4,17.0,1.0,0,1.0,3,1,3,  ,2,3.0,0,0,1,0,0,0,0,0,0,0,0,0,0,0,0,0,0
14335,2011085804,1118.0,1114.0,38,38208,40.3378,-76.4394,0,0,0,0,1,0,4,8,2011,4,11.0,1.0,7,1.0,1,0,3,  ,0,0.0,0,0,1,0,0,0,0,0,0,0,0,0,0,0,0,1,0
14336,2011085913,1550.0,1544.0,67,67301,40.0303,-75.1655,0,0,0,0,0,1,4,7,2011,3,15.0,1.0,0,1.0,3,2,3,  ,3,3.0,1,0,1,0,0,0,0,0,0,0,0,0,0,0,0,0,0
14337,2011085962,1818.0,1745.0,1,1216,39.8214,-77.1193,0,0,0,0,0,0,5,8,2011,3,16.0,1.0,0,1.0,1,0,3,  ,0,0.0,0,0,0,0,0,0,0,0,0,0,0,0,0,0,0,0,0
14338,2011085974,806.0,755.0,46,46217,40.2955,-75.5185,0,0,0,0,0,0,4,8,2011,6,7.0,1.0,0,1.0,1,2,3,  ,3,3.0,1,0,1,0,0,0,0,0,0,0,0,0,0,0,0,0,0
14339,2011086193,1138.0,1136.0,23,23103,39.9596,-75.3141,0,0,0,0,0,0,4,8,2011,5,11.0,1.0,0,9.0,3,1,7,  ,2,3.0,0,0,1,0,0,0,0,0,0,0,0,0,0,0,0,0,0
14340,2011086207,1330.0,1328.0,64,64304,40.1604,-79.8778,0,0,0,0,0,1,2,8,2011,5,13.0,1.0,0,1.0,3,0,3,  ,0,0.0,0,0,0,0,0,0,0,0,0,0,0,0,0,0,0,1,0
14341,2011086256,1607.0,1606.0,2,2301,40.4587,-79.908,0,0,0,0,0,1,4,8,2011,6,16.0,1.0,0,1.0,3,0,3,  ,0,0.0,0,0,1,0,0,0,0,0,0,0,0,0,0,0,0,0,0
14342,2011086396,732.0,715.0,23,23101,39.8568,-75.4362,0,0,0,0,0,0,4,8,2011,2,7.0,1.0,0,1.0,3,2,3,  ,3,3.0,1,0,1,0,0,0,0,0,0,0,1,0,1,0,0,0,1
14343,2011086411,1745.0,1744.0,40,40301,40.9511,-75.972,0,0,0,0,0,0,4,8,2011,1,17.0,1.0,0,1.0,2,1,3,  ,3,3.0,1,0,1,0,0,0,0,0,0,0,0,0,1,0,0,0,0
14344,2011086464,1802.0,1759.0,38,38301,40.3491,-76.3949,0,0,0,0,0,0,4,8,2011,6,17.0,1.0,0,1.0,2,1,3,  ,3,3.0,0,0,1,0,0,0,0,0,0,0,0,0,0,0,0,1,0
14345,2011086498,1103.0,1102.0,66,66413,39.8024,-76.9817,0,0,0,0,0,1,4,7,2011,4,11.0,1.0,0,1.0,2,2,3,  ,3,3.0,1,0,1,0,0,1,0,0,0,0,0,0,0,0,0,0,0
14346,2011086630,1052.0,1045.0,2,2301,40.4582,-80.0139,0,0,0,0,0,1,4,8,2011,1,10.0,1.0,0,1.0,3,1,3,  ,0,0.0,0,0,1,0,0,0,0,0,0,0,0,0,0,0,0,0,0