,CRN,ARRIVAL_TM,DISPATCH_TM,COUNTY,MUNICIPALITY,DEC_LAT,DEC_LONG,BICYCLE_DEATH_COUNT,BICYCLE_SUSP_SERIOUS_INJ_COUNT,BUS_COUNT,HEAVY_TRUCK_COUNT,SMALL_TRUCK_COUNT,SUV_COUNT,COLLISION_TYPE,CRASH_MONTH,CRASH_YEAR,DAY_OF_WEEK,HOUR_OF_DAY,ILLUMINATION,LOCATION_TYPE,ROAD_CONDITION,URBAN_RURAL,INTERSECT_TYPE,WEATHER1,WEATHER2,TCD_TYPE,TCD_FUNC_CD,AGGRESSIVE_DRIVING,ALCOHOL_RELATED,ANGLE_CRASH,CELL_PHONE,COMM_VEHICLE,DISTRACTED,DRINKING_DRIVER,DRUGGED_DRIVER,FATIGUE_ASLEEP,IMPAIRED_DRIVER,NHTSA_AGG_DRIVING,RUNNING_RED_LT,RUNNING_STOP_SIGN,SPEEDING_RELATED,TAILGATING,MATURE_DRIVER,YOUNG_DRIVER
14347,2011086768,1908.0,1907.0,2,2404,40.4917,-80.0478,0,0,0,0,0,0,1,8,2011,1,19.0,1.0,0,1.0,3,0,3,  ,0,0.0,0,0,0,0,0,0,0,0,0,0,0,0,0,0,0,0,0
14348,2011086796,2031.0,2029.0,23,23301,39.834,-75.3961,0,0,0,0,0,0,4,8,2011,1,20.0,4.0,0,1.0,3,2,3,  ,3,3.0,0,0,1,0,0,0,0,0,0,0,0,0,0,0,0,0,0
14349,2011086886,1916.0,1913.0,21,21402,40.2015,-77.1891,0,0,0,0,0,0,4,8,2011,3,19.0,1.0,0,1.0,2,1,3,  ,2,3.0,0,0,1,0,0,0,0,0,0,0,0,0,0,0,0,0,0
14350,2011086888,1641.0,1641.0,22,22301,40.2615,-76.8691,0,0,0,0,0,0,4,7,2011,4,12.0,1.0,0,1.0,3,1,3,  ,0,0.0,0,0,1,0,0,1,0,0,0,0,0,0,0,0,0,0,0
14351,2011086990,1045.0,1045.0,8,8409,41.9832,-76.5267,0,0,0,0,1,0,4,8,2011,2,10.0,1.0,0,1.0,2,1,3,  ,2,3.0,1,0,1,0,0,0,0,0,0,0,0,1,0,0,0,0,0
14352,2011087066,828.0,828.0,66,66101,39.9699,-76.6944,0,0,0,0,0,0,4,8,2011,2,8.0,1.0,0,1.0,1,2,3,  ,0,0.0,1,0,1,0,0,0,0,0,0,0,1,0,0,0,0,0,0
14353,2011087192,1952.0,1949.0,18,18301,41.1377,-77.4451,0,1,0,0,0,1,4,8,2011,2,19.0,1.0,0,1.0,2,0,3,  ,0,0.0,0,0,1,0,0,0,0,0,0,0,0,0,0,0,0,0,0
14354,2011087220,2332.0,2329.0,2,2301,40.4239,-79.9777,0,0,0,0,0,0,6,8,2011,7,23.0,3.0,6,1.0,3,1,3,  ,2,3.0,0,0,0,0,0,0,0,0,0,0,0,0,0,0,0,0,0
14355,2011087240,1258.0,1254.0,15,15101,39.9915,-75.7729,0,0,0,0,0,0,4,8,2011,3,99.0,1.0,0,1.0,3,2,3,  ,2,3.0,1,0,1,0,0,0,0,0,0,0,0,0,0,0,0,0,0
14356,2011087342,1521.0,1521.0,20,20301,41.6387,-80.1503,0,0,0,0,0,0,4,8,2011,2,15.0,1.0,0,1.0,2,0,3,  ,0,0.0,0,0,1,0,0,0,0,0,0,0,0,0,0,0,0,0,0
14357,2011087454,1621.0,1619.0,10,10301,40.861,-79.8928,0,0,0,0,0,0,4,8,2011,3,16.0,1.0,0,1.0,2,2,3,  ,3,3.0,0,0,1,0,0,0,0,0,0,0,0,0,0,0,0,0,0
14358,2011087455,1736.0,1732.0,35,35302,41.4403,-75.6569,0,0,0,0,0,0,4,8,2011,3,17.0,1.0,0,1.0,3,1,3,  ,3,3.0,0,0,1,0,0,0,0,0,0,0,0,0,0,0,0,0,0
14359,2011087470,2352.0,2347.0,22,22208,40.2909,-76.8269,0,0,0,0,0,0,4,8,2011,6,23.0,3.0,7,1.0,3,0,3,  ,0,0.0,0,0,1,0,0,0,0,0,0,0,0,0,0,0,0,0,0
14360,2011087492,1826.0,1825.0,46,46101,40.1179,-75.1366,0,0,0,0,0,0,1,8,2011,5,18.0,1.0,0,1.0,3,1,3,  ,2,3.0,1,0,0,0,0,0,0,0,0,0,0,0,0,0,0,0,0
14361,2011087569,1858.0,1851.0,40,40304,41.2339,-75.8943,0,0,0,0,0,0,4,8,2011,3,18.0,1.0,99,1.0,3,0,3,  ,0,0.0,0,0,1,0,0,1,0,0,0,0,0,0,0,0,0,0,0
14362,2011087667,1111.0,1101.0,15,15217,39.7901,-75.802,0,0,0,0,0,0,2,8,2011,7,11.0,1.0,0,1.0,1,0,3,  ,0,0.0,0,0,0,0,0,0,0,0,0,0,0,0,0,0,0,0,0
14363,2011087766,1951.0,1948.0,11,11411,40.4878,-78.7261,0,0,0,0,0,1,4,8,2011,2,19.0,4.0,0,1.0,1,1,3,  ,3,3.0,0,0,1,0,0,0,0,0,0,0,0,0,0,0,0,0,0
14364,2011087809,1444.0,1444.0,23,23411,39.9061,-75.2898,0,0,0,0,0,1,4,8,2011,4,14.0,1.0,0,1.0,3,1,3,  ,2,3.0,0,0,1,0,0,0,0,0,0,0,0,0,0,0,0,0,0
14365,2011087824,2130.0,2114.0,67,67301,40.0121,-75.1371,0,0,0,0,0,0,4,7,2011,5,18.0,1.0,0,1.0,3,1,3,  ,3,3.0,0,0,1,0,0,0,0,0,0,0,0,0,0,0,0,0,0
14366,2011087835,1738.0,1736.0,67,67301,39.9239,-75.1676,0,0,0,0,0,0,1,8,2011,1,17.0,3.0,0,1.0,3,0,3,  ,0,0.0,0,0,0,0,0,0,0,0,0,0,0,0,0,1,0,0,0
14367,2011087847,1730.0,1716.0,67,67301,39.9629,-75.1409,0,0,0,0,0,0,4,8,2011,3,99.0,1.0,0,1.0,3,1,3,  ,0,0.0,0,0,1,0,0,0,0,0,0,0,0,0,0,0,0,0,0
14368,2011087862,2058.0,2051.0,67,67301,40.0181,-75.1345,0,0,0,0,0,0,4,8,2011,4,20.0,3.0,0,9.0,3,10,7,  ,2,3.0,0,0,1,0,0,0,0,0,0,0,0,0,0,0,0,0,0
14369,2011087882,2052.0,2047.0,67,67301,40.0571,-75.0345,0,0,0,0,0,0,4,7,2011,5,20.0,3.0,0,1.0,3,1,3,  ,2,3.0,0,0,1,0,0,0,0,0,0,0,0,0,0,0,0,0,0
14370,2011087883,211.0,211.0,67,67301,39.9646,-75.2362,0,0,0,0,0,0,4,8,2011,2,2.0,3.0,0,1.0,3,1,3,  ,3,3.0,0,0,1,0,0,0,0,0,0,0,0,0,0,0,0,0,0
14371,2011087890,1516.0,1516.0,67,67301,39.9763,-75.1394,0,0,0,0,0,0,4,7,2011,4,15.0,1.0,0,1.0,3,1,3,  ,3,3.0,0,0,1,0,0,0,0,0,0,0,0,0,0,0,0,0,0
14372,2011087906,1503.0,1500.0,67,67301,40.0235,-75.048,0,0,0,0,0,0,4,8,2011,5,14.0,1.0,0,1.0,3,0,3,  ,0,0.0,0,0,1,0,0,0,0,0,0,0,0,0,0,0,0,0,0
14373,2011087915,1625.0,1623.0,67,67301,39.9684,-75.2416,0,0,0,0,1,0,5,7,2011,3,16.0,1.0,0,1.0,3,0,3,  ,0,0.0,0,0,0,0,0,0,0,0,0,0,0,0,0,0,0,0,0
14374,2011087920,1145.0,1137.0,67,67301,39.9581,-75.2346,0,0,0,0,0,0,4,8,2011,2,11.0,1.0,7,9.0,3,0,3,  ,0,0.0,1,0,1,0,0,0,0,0,0,0,0,0,0,0,0,0,0
14375,2011087923,1349.0,1345.0,67,67301,40.0352,-75.2351,0,0,0,0,0,0,4,7,2011,7,13.0,1.0,0,1.0,3,0,3,  ,0,0.0,1,0,1,0,0,0,0,0,0,0,0,0,0,0,0,0,0
14376,2011087935,1503.0,1500.0,67,67301,39.9254,-75.1775,0,0,0,0,0,0,4,8,2011,1,15.0,1.0,0,1.0,3,1,3,  ,2,3.0,0,0,1,0,0,0,0,0,0,0,0,0,0,0,0,0,0
14377,2011087945,1640.0,1635.0,67,67301,39.9263,-75.1844,0,0,0,0,1,0,4,8,2011,2,99.0,1.0,0,1.0,3,1,3,  ,2,3.0,0,0,1,0,0,0,0,0,0,0,0,0,0,0,0,0,0
14378,2011088004,1230.0,1225.0,67,67301,39.9988,-75.1092,0,0,0,0,0,0,4,7,2011,6,12.0,1.0,7,1.0,3,0,3,  ,0,0.0,1,0,1,0,0,0,0,0,0,0,0,0,0,0,0,0,0
14379,2011088010,832.0,829.0,67,67301,39.9637,-75.1351,0,0,0,0,0,0,8,7,2011,2,8.0,1.0,0,1.0,3,2,3,  ,3,3.0,0,0,0,0,0,0,0,0,0,0,0,0,0,0,0,0,0
14380,2011088017,903.0,902.0,67,67301,39.9259,-75.1543,0,0,0,0,0,0,5,8,2011,5,9.0,1.0,0,9.0,3,0,3,  ,0,0.0,0,0,0,0,0,0,0,0,0,0,0,0,0,0,0,0,0
14381,2011088030,1927.0,1916.0,67,67301,39.9637,-75.2196,0,1,0,0,0,0,4,8,2011,4,19.0,1.0,0,1.0,3,1,3,  ,2,3.0,0,0,1,0,0,1,0,0,0,0,0,0,0,0,0,0,0
14382,2011088043,1709.0,1703.0,67,67301,40.0154,-75.1699,0,0,0,0,0,0,1,8,2011,2,16.0,1.0,0,1.0,3,0,3,  ,0,0.0,0,0,0,0,0,0,0,0,0,0,0,0,0,0,0,0,0
14383,2011088047,1143.0,1142.0,67,67301,39.9417,-75.2228,0,0,0,0,1,0,4,7,2011,4,11.0,1.0,0,1.0,3,1,3,  ,2,2.0,0,0,1,0,0,0,0,0,0,0,0,0,0,0,0,0,0
14384,2011088053,913.0,908.0,67,67301,39.9703,-75.2271,0,0,0,0,0,0,1,7,2011,6,10.0,1.0,0,1.0,3,1,99,  ,3,9.0,0,0,0,0,0,0,0,0,0,0,0,0,0,0,0,0,0
14385,2011088054,2035.0,1945.0,67,67301,39.9745,-75.2391,0,0,0,0,0,1,4,7,2011,1,99.0,1.0,0,1.0,3,1,3,  ,3,3.0,0,0,1,0,0,0,0,0,0,0,0,0,0,0,0,0,0
14386,2011088075,1936.0,1931.0,67,67301,39.9551,-75.2106,0,0,0,0,0,0,5,7,2011,3,19.0,1.0,0,1.0,3,0,3,  ,0,0.0,0,0,0,0,0,0,0,0,0,0,0,0,0,0,0,0,0
14387,2011088082,2105.0,2100.0,67,67301,39.9339,-75.1654,0,0,0,0,0,0,4,8,2011,6,20.0,3.0,0,1.0,3,1,3,  ,3,3.0,0,0,1,0,0,0,0,0,0,0,0,0,0,0,0,0,0
14388,2011088226,1912.0,1906.0,14,14410,40.7895,-77.8529,0,0,0,0,0,0,4,8,2011,4,19.0,4.0,0,1.0,3,1,3,  ,8,3.0,0,0,1,0,0,0,0,0,0,0,0,0,0,0,0,0,0
14389,2011088297,1251.0,1249.0,3,3401,40.5892,-79.5629,0,0,0,0,0,0,4,8,2011,7,12.0,1.0,0,1.0,2,2,3,  ,3,3.0,0,0,1,0,0,1,0,0,0,0,0,0,0,0,0,0,0
14390,2011088308,22.0,11.0,41,41211,41.2423,-76.8573,0,1,0,0,0,0,1,7,2011,5,0.0,2.0,0,1.0,3,0,3,  ,0,0.0,1,1,0,0,0,0,1,0,0,1,0,0,0,1,0,0,0
14391,2011088476,1741.0,1737.0,25,25302,42.1361,-80.0671,0,0,0,0,0,0,4,9,2011,5,17.0,1.0,0,1.0,3,5,3,  ,2,3.0,0,0,1,0,0,0,0,0,0,0,0,0,0,0,0,0,0
14392,2011088478,833.0,829.0,2,2213,40.4589,-80.1722,0,0,0,0,0,0,4,8,2011,1,8.0,1.0,0,1.0,3,1,3,  ,2,3.0,1,0,1,0,0,0,0,0,0,0,0,1,0,0,0,0,0
14393,2011088504,1706.0,1704.0,23,23111,39.9565,-75.2577,0,0,0,0,0,0,4,9,2011,5,17.0,1.0,0,1.0,3,1,3,  ,2,3.0,0,0,1,0,0,0,0,0,0,0,0,0,0,0,0,0,0
14394,2011088625,2055.0,2052.0,10,10212,40.6837,-80.1252,0,0,0,0,0,0,4,8,2011,4,20.0,2.0,7,1.0,3,2,3,  ,3,3.0,0,0,1,0,0,0,0,0,0,0,0,0,0,0,0,0,0
14395,2011088626,1825.0,1824.0,36,36239,40.0628,-76.4291,0,0,0,0,0,0,4,8,2011,4,18.0,1.0,7,1.0,3,0,3,  ,0,0.0,1,0,1,0,0,0,0,0,0,0,0,0,0,0,0,0,0
14396,2011088706,759.0,759.0,61,61301,41.8386,-79.1296,0,0,0,0,0,0,4,9,2011,6,7.0,1.0,0,1.0,2,1,3,  ,3,3.0,1,0,1,0,0,0,0,0,0,0,0,0,0,0,0,0,0
14397,2011088785,1604.0,1602.0,23,23107,39.8776,-75.339,0,0,0,0,0,0,5,9,2011,6,16.0,1.0,0,1.0,3,0,3,  ,0,0.0,0,0,0,0,0,0,0,0,0,0,0,0,0,0,0,1,0
14398,2011088801,1054.0,1054.0,9,9211,40.2128,-74.7984,0,0,0,0,1,0,4,9,2011,5,10.0,1.0,0,1.0,3,2,3,  ,3,3.0,0,0,1,0,0,0,0,0,0,0,0,0,0,0,0,0,0
14399,2011088931,1200.0,1149.0,35,35302,41.4393,-75.6654,0,0,0,0,0,0,3,9,2011,7,11.0,1.0,0,1.0,3,2,3,  ,3,3.0,0,0,0,0,0,0,0,0,0,0,0,0,0,0,0,0,0
14400,2011088957,1606.0,1603.0,25,25213,42.0684,-80.0926,0,0,0,0,0,1,4,9,2011,6,16.0,1.0,0,1.0,3,0,3,  ,0,0.0,0,0,1,0,0,0,0,0,0,0,0,0,0,0,0,0,0
14401,2011089102,1930.0,1923.0,62,62415,40.1753,-80.238,0,0,0,0,1,0,4,9,2011,7,19.0,1.0,7,1.0,3,0,3,  ,0,0.0,0,0,1,0,0,0,0,0,0,0,0,0,0,0,0,0,0
14402,2011089135,1934.0,1933.0,37,37301,41.0043,-80.3502,0,0,0,0,0,0,4,9,2011,6,19.0,1.0,0,1.0,2,0,3,  ,0,0.0,0,0,1,0,0,0,0,0,0,0,0,0,0,0,0,0,0
14403,2011089228,836.0,835.0,22,22101,40.2712,-76.8324,0,0,0,0,0,0,5,8,2011,4,8.0,1.0,0,1.0,3,2,3,  ,0,0.0,0,0,0,0,0,0,0,0,0,0,0,0,0,0,0,0,0
14404,2011089238,557.0,555.0,21,21402,40.1893,-77.1908,0,1,0,0,0,1,1,8,2011,4,5.0,3.0,2,1.0,2,2,3,  ,0,0.0,0,0,0,0,0,0,0,0,0,0,0,0,0,0,0,0,0
14405,2011089279,1155.0,1151.0,39,39301,40.5906,-75.5119,0,0,0,0,0,0,4,9,2011,2,11.0,1.0,0,1.0,3,1,3,  ,2,3.0,0,0,1,0,0,0,0,0,0,0,0,0,0,0,0,0,0
14406,2011089360,1753.0,1751.0,36,36301,40.0458,-76.3082,0,0,0,0,0,0,4,8,2011,3,17.0,1.0,0,1.0,3,1,3,  ,3,3.0,1,0,1,0,0,0,0,0,0,0,0,0,0,0,0,0,0
14407,2011089379,1129.0,1126.0,22,22102,40.2631,-76.7888,0,0,0,0,0,0,4,9,2011,5,11.0,1.0,0,1.0,3,2,3,  ,3,3.0,0,0,1,0,0,0,0,0,0,0,0,0,0,0,0,0,0
14408,2011089403,1720.0,1720.0,54,54404,40.7995,-76.8708,0,0,0,0,1,0,4,8,2011,4,17.0,1.0,7,1.0,2,2,3,  ,0,0.0,0,0,1,0,0,0,0,0,0,0,0,0,0,0,0,0,0
14409,2011089578,1601.0,1552.0,25,25210,42.131,-79.9946,0,0,0,0,0,0,4,8,2011,3,15.0,1.0,0,1.0,1,1,3,  ,3,3.0,0,0,1,0,0,0,0,0,0,0,0,0,0,0,0,1,0
14410,2011089638,1130.0,1126.0,2,2407,40.3211,-80.0345,0,0,0,0,0,0,5,8,2011,3,11.0,1.0,0,1.0,3,1,3,  ,3,3.0,0,0,0,0,0,0,0,0,0,0,0,0,0,0,0,0,0
14411,2011089920,1839.0,1748.0,63,63201,41.5959,-75.1575,0,0,0,0,0,1,5,8,2011,5,17.0,1.0,7,1.0,1,0,3,  ,0,0.0,1,0,0,0,0,0,0,0,0,0,0,0,0,0,0,0,0
14412,2011090017,1632.0,1631.0,66,66101,39.9459,-76.692,0,0,0,0,0,1,5,9,2011,6,16.0,1.0,0,1.0,1,0,3,  ,0,0.0,0,1,0,0,0,0,1,0,0,1,0,0,0,0,0,0,0
14413,2011090318,2219.0,2215.0,64,64306,40.5946,-79.7148,0,0,0,0,0,0,1,9,2011,7,22.0,2.0,0,1.0,3,0,3,  ,0,0.0,1,1,0,0,0,0,0,0,0,0,0,0,0,0,0,0,0
14414,2011090359,1313.0,1309.0,67,67301,39.9564,-75.1645,0,0,0,0,0,0,4,8,2011,2,12.0,1.0,0,1.0,3,1,3,  ,2,3.0,1,0,1,0,0,0,0,0,0,0,0,0,0,0,0,0,1
14415,2011090361,1930.0,1921.0,67,67301,39.959,-75.217,0,0,0,0,0,0,5,8,2011,2,17.0,1.0,0,1.0,3,1,3,  ,2,3.0,1,0,0,0,0,1,0,0,0,0,0,0,0,0,0,0,0
14416,2011090365,2307.0,2306.0,39,39301,40.6114,-75.4778,0,0,0,0,0,0,8,8,2011,6,23.0,3.0,0,1.0,3,0,3,  ,0,0.0,0,0,0,0,0,0,0,0,0,0,0,0,0,0,0,0,0
14417,2011090376,1623.0,1618.0,67,67301,39.9546,-75.173,0,0,0,0,0,0,4,8,2011,2,15.0,1.0,0,1.0,3,1,3,  ,2,3.0,0,0,1,0,0,0,0,0,0,0,0,0,0,0,0,0,0
14418,2011090382,1627.0,1626.0,67,67301,39.9869,-75.161,0,0,0,0,0,0,1,7,2011,5,16.0,1.0,0,1.0,3,1,3,  ,2,3.0,0,0,0,0,0,0,0,0,0,0,0,0,0,0,0,0,0
14419,2011090385,2145.0,2106.0,67,67301,39.9904,-75.169,0,0,0,0,0,1,6,7,2011,5,21.0,3.0,0,1.0,3,0,3,  ,0,0.0,0,0,0,0,0,0,0,0,0,0,0,0,0,0,0,0,0
14420,2011090387,816.0,815.0,67,67301,39.9503,-75.1917,0,0,0,0,1,0,4,8,2011,4,8.0,1.0,0,1.0,3,1,3,  ,2,3.0,0,0,1,0,0,0,0,0,0,0,0,0,0,0,0,0,0
14421,2011090395,2019.0,2001.0,6,6301,40.3343,-75.9182,0,0,0,0,0,1,4,8,2011,2,17.0,1.0,0,1.0,3,1,3,  ,3,9.0,1,0,1,0,0,0,0,0,0,0,1,0,1,0,0,0,0
14422,2011090417,2142.0,2141.0,67,67301,39.9419,-75.1588,0,0,0,0,0,0,4,8,2011,2,21.0,3.0,0,9.0,3,1,7,  ,3,3.0,0,0,1,0,0,0,0,0,0,0,0,0,0,0,0,0,0
14423,2011090433,1555.0,1553.0,67,67301,40.0929,-74.9907,0,0,0,0,0,0,4,8,2011,4,15.0,1.0,7,1.0,3,0,3,  ,0,0.0,1,0,1,0,0,0,0,0,0,0,0,0,0,0,0,0,0
14424,2011090444,2010.0,2010.0,67,67301,40.0417,-75.1221,0,0,0,0,0,0,4,8,2011,6,20.0,3.0,0,1.0,3,1,3,  ,0,0.0,0,0,1,0,0,0,0,0,0,0,0,0,0,0,0,1,0
14425,2011090450,1715.0,1710.0,2,2301,40.4408,-79.9544,0,0,0,0,0,1,1,9,2011,4,17.0,1.0,0,1.0,3,2,3,  ,3,3.0,0,0,0,0,0,1,0,0,0,0,0,0,0,0,0,0,0
14426,2011090471,2250.0,2246.0,67,67301,39.9765,-75.1894,0,0,0,0,0,0,1,5,2011,3,99.0,3.0,0,1.0,3,0,3,  ,0,0.0,1,0,0,0,0,0,0,0,0,0,0,0,0,0,0,0,0
14427,2011090473,1240.0,1235.0,67,67301,39.9845,-75.1664,0,0,0,0,0,0,4,8,2011,2,99.0,1.0,0,1.0,3,1,3,  ,3,3.0,0,0,1,0,0,0,0,0,0,0,0,0,0,0,0,1,0
14428,2011090474,1753.0,1751.0,67,67301,39.9688,-75.1346,0,0,0,0,0,1,5,8,2011,5,17.0,1.0,0,1.0,3,0,3,  ,0,0.0,0,0,0,0,0,0,0,0,0,0,0,0,0,0,0,0,0
14429,2011090479,1852.0,1852.0,67,67301,39.9696,-75.1738,0,0,0,0,0,0,4,8,2011,1,18.0,1.0,0,1.0,3,1,3,  ,3,3.0,1,0,1,0,0,0,0,0,0,0,0,0,1,0,0,0,0
14430,2011090480,1731.0,1731.0,67,67301,39.9634,-75.1694,0,0,0,0,0,0,3,8,2011,4,17.0,1.0,0,1.0,3,1,3,  ,2,3.0,0,0,0,0,0,0,0,0,0,0,0,0,0,0,0,0,0
14431,2011090481,1735.0,1732.0,67,67301,39.971,-75.1401,0,0,0,0,0,0,8,8,2011,2,17.0,1.0,0,1.0,3,1,3,  ,3,3.0,1,0,0,0,0,0,0,0,0,0,0,0,1,0,0,0,0
14432,2011090483,1337.0,1330.0,67,67301,40.0248,-75.2219,0,0,0,0,0,0,4,8,2011,7,13.0,1.0,0,1.0,3,2,3,  ,3,3.0,0,0,1,0,0,0,0,0,0,0,0,0,0,0,0,0,0
14433,2011090502,1545.0,1525.0,67,67301,40.0051,-75.1765,0,0,0,0,0,0,4,6,2011,6,15.0,1.0,0,1.0,3,0,3,  ,0,0.0,0,0,1,0,0,0,0,0,0,0,0,0,0,0,0,0,0
14434,2011090524,1157.0,1157.0,67,67301,39.964,-75.1916,0,0,0,0,0,0,4,8,2011,2,11.0,1.0,0,1.0,3,1,3,  ,2,3.0,0,0,1,0,0,0,0,0,0,0,0,0,0,0,0,1,0
14435,2011090525,924.0,923.0,67,67301,39.9637,-75.1661,0,0,0,0,0,0,4,8,2011,2,9.0,1.0,0,1.0,3,2,3,  ,3,3.0,0,0,1,0,0,0,0,0,0,0,0,0,0,0,0,0,0
14436,2011090545,1914.0,1902.0,67,67301,39.9436,-75.2225,0,0,0,0,0,0,4,8,2011,7,19.0,1.0,0,1.0,3,0,3,  ,0,0.0,0,0,1,0,0,0,0,0,0,0,0,0,0,0,0,0,0
14437,2011090553,1547.0,1545.0,67,67301,39.9661,-75.1793,0,0,0,0,0,0,4,7,2011,6,15.0,1.0,0,1.0,3,1,3,  ,2,3.0,1,0,1,0,0,0,0,0,0,0,0,0,0,0,0,1,0
14438,2011090576,1145.0,1137.0,67,67301,39.984,-75.1567,0,0,0,0,0,0,4,8,2011,6,9.0,1.0,0,1.0,3,0,3,  ,0,0.0,0,0,1,0,0,0,0,0,0,0,0,0,0,0,0,0,0
14439,2011090606,1728.0,1724.0,46,46208,40.1649,-75.4483,0,0,0,0,0,1,4,8,2011,4,99.0,1.0,7,1.0,3,0,3,  ,0,0.0,0,0,1,0,0,0,0,0,0,0,0,0,0,0,0,0,0
14440,2011090759,101.0,57.0,6,6224,40.5027,-75.7953,0,1,0,0,0,1,5,8,2011,6,0.0,2.0,0,9.0,1,0,3,  ,0,0.0,0,1,0,0,0,0,1,0,0,1,0,0,0,0,0,0,0
14441,2011090786,1852.0,1851.0,23,23426,39.8573,-75.3799,0,0,0,0,0,0,4,9,2011,4,18.0,4.0,0,1.0,3,1,3,  ,0,0.0,0,0,1,0,0,0,0,0,0,0,0,0,0,0,0,0,0
14442,2011091020,1640.0,1640.0,67,67301,39.9795,-75.1644,0,0,1,0,0,0,5,6,2011,3,16.0,1.0,0,1.0,3,0,3,  ,2,3.0,0,0,0,0,1,0,0,0,0,0,0,0,0,0,0,0,0
14443,2011091021,2156.0,2142.0,67,67301,39.9331,-75.1978,0,0,0,0,0,0,4,8,2011,7,20.0,3.0,0,1.0,3,1,3,  ,3,3.0,0,0,1,0,0,0,0,0,0,0,0,0,0,0,0,0,0
14444,2011091023,1501.0,1500.0,67,67301,39.9549,-75.1964,0,0,0,0,0,0,5,8,2011,2,15.0,1.0,0,1.0,3,1,3,  ,2,3.0,0,0,0,0,0,0,0,0,0,0,0,0,0,0,0,0,0
14445,2011091024,2357.0,2357.0,39,39301,40.6095,-75.4681,0,0,0,0,0,0,4,8,2011,4,23.0,3.0,0,1.0,3,1,3,  ,2,3.0,0,0,1,0,0,0,0,0,0,0,0,0,0,0,0,0,0
14446,2011091042,1110.0,1104.0,67,67301,40.0448,-75.1817,0,0,0,0,0,1,4,8,2011,3,10.0,1.0,0,1.0,3,1,3,  ,3,2.0,0,0,1,0,0,0,0,0,0,0,0,0,0,0,0,0,0
14447,2011091044,1113.0,1111.0,67,67301,39.9863,-75.1579,0,0,1,0,0,0,5,6,2011,5,11.0,1.0,0,1.0,3,0,3,  ,0,0.0,0,0,0,0,1,0,0,0,0,0,0,0,0,0,0,0,0
14448,2011091134,1855.0,1832.0,39,39301,40.6236,-75.4283,0,0,0,0,0,0,4,9,2011,5,18.0,1.0,0,1.0,3,1,3,  ,0,0.0,0,0,1,0,0,0,0,0,0,0,0,0,0,0,0,0,0
14449,2011091248,747.0,747.0,21,21409,40.0516,-77.5119,0,0,0,0,0,0,4,9,2011,6,7.0,1.0,7,9.0,2,0,3,  ,0,0.0,0,0,1,0,0,0,0,0,0,0,0,0,0,0,0,0,0
14450,2011091423,1955.0,1954.0,41,41409,41.2286,-76.9901,0,0,0,0,0,1,4,9,2011,6,19.0,2.0,0,1.0,3,1,3,  ,3,3.0,0,0,1,0,0,0,0,0,0,0,0,0,0,0,0,0,0
14451,2011091679,932.0,928.0,46,46406,40.405,-75.5032,0,0,0,0,0,1,4,9,2011,7,9.0,1.0,0,1.0,1,1,3,  ,3,3.0,0,0,1,0,0,0,0,0,0,0,0,0,0,0,0,0,0
14452,2011091896,813.0,802.0,22,22207,40.2148,-76.7192,0,1,0,0,0,0,5,6,2011,4,8.0,1.0,0,1.0,1,0,3,  ,0,0.0,0,0,0,0,0,0,0,0,0,0,0,0,0,0,0,0,0
14453,2011092196,1825.0,1814.0,64,64411,40.3283,-79.711,0,0,0,0,0,0,4,9,2011,2,18.0,1.0,0,1.0,3,0,3,  ,0,0.0,0,0,1,0,0,0,0,0,0,0,0,0,0,0,0,0,0
14454,2011092310,1757.0,1743.0,7,7205,40.425,-78.3566,0,0,0,0,0,0,5,9,2011,1,17.0,1.0,0,1.0,1,0,3,  ,0,0.0,0,0,0,0,0,0,0,0,0,0,0,0,0,0,0,0,0
14455,2011092469,2028.0,2025.0,6,6411,40.3818,-75.9106,0,0,0,0,1,0,8,9,2011,7,20.0,3.0,0,1.0,3,0,3,  ,0,0.0,0,0,0,0,0,0,0,0,0,0,0,0,0,0,0,0,0
14456,2011092480,1715.0,1710.0,6,6301,40.3414,-75.9189,0,0,0,0,0,1,4,9,2011,3,17.0,1.0,0,1.0,3,1,3,  ,3,3.0,0,0,1,0,0,1,0,0,0,0,0,0,0,0,0,0,0
14457,2011092486,1518.0,1514.0,9,9218,40.2164,-75.0603,0,0,0,0,0,0,4,9,2011,3,15.0,1.0,7,1.0,3,0,3,  ,3,3.0,1,0,1,0,0,0,0,0,0,0,0,0,0,0,0,0,0
14458,2011092584,725.0,722.0,46,46101,40.1191,-75.0829,0,1,0,0,0,1,4,9,2011,1,7.0,1.0,7,1.0,3,0,3,  ,0,0.0,0,0,1,0,0,0,0,0,0,0,0,0,0,0,0,0,0
14459,2011092590,1518.0,1517.0,46,46104,40.008,-75.2913,0,0,0,0,0,0,4,8,2011,2,99.0,1.0,0,1.0,3,2,3,  ,0,0.0,0,0,1,0,0,0,0,0,0,0,0,0,0,0,0,0,0
14460,2011092745,1614.0,1610.0,48,48408,40.7382,-75.309,0,0,0,0,0,0,1,9,2011,6,16.0,1.0,0,1.0,2,0,3,  ,0,0.0,1,0,0,0,0,0,0,0,0,0,0,0,0,0,0,0,0