,CRN,ARRIVAL_TM,DISPATCH_TM,COUNTY,MUNICIPALITY,DEC_LAT,DEC_LONG,BICYCLE_DEATH_COUNT,BICYCLE_SUSP_SERIOUS_INJ_COUNT,BUS_COUNT,HEAVY_TRUCK_COUNT,SMALL_TRUCK_COUNT,SUV_COUNT,COLLISION_TYPE,CRASH_MONTH,CRASH_YEAR,DAY_OF_WEEK,HOUR_OF_DAY,ILLUMINATION,LOCATION_TYPE,ROAD_CONDITION,URBAN_RURAL,INTERSECT_TYPE,WEATHER1,WEATHER2,TCD_TYPE,TCD_FUNC_CD,AGGRESSIVE_DRIVING,ALCOHOL_RELATED,ANGLE_CRASH,CELL_PHONE,COMM_VEHICLE,DISTRACTED,DRINKING_DRIVER,DRUGGED_DRIVER,FATIGUE_ASLEEP,IMPAIRED_DRIVER,NHTSA_AGG_DRIVING,RUNNING_RED_LT,RUNNING_STOP_SIGN,SPEEDING_RELATED,TAILGATING,MATURE_DRIVER,YOUNG_DRIVER
14461,2011092838,1709.0,1707.0,67,67301,39.9369,-75.1502,0,0,0,0,0,0,8,8,2011,2,17.0,1.0,0,1.0,3,1,3,  ,3,3.0,0,0,0,0,0,0,0,0,0,0,0,0,0,0,0,0,0
14462,2011092851,2034.0,1032.0,67,67301,39.9649,-75.2246,0,1,0,0,0,0,1,8,2011,1,20.0,1.0,0,1.0,3,1,3,  ,2,3.0,1,0,0,0,0,0,0,0,0,0,0,1,0,0,0,0,0
14463,2011092860,29.0,23.0,67,67301,39.997,-75.1296,0,0,0,0,0,0,2,8,2011,2,23.0,3.0,0,1.0,3,2,3,  ,3,3.0,1,0,0,0,0,0,0,0,0,0,0,0,1,0,0,0,0
14464,2011092887,1700.0,1700.0,46,46413,40.1232,-75.3337,0,0,0,1,0,0,4,8,2011,2,21.0,4.0,0,1.0,3,1,3,  ,2,3.0,0,0,1,0,1,0,0,0,0,0,0,0,0,0,0,0,0
14465,2011092890,1051.0,1048.0,67,67301,39.9563,-75.22,0,0,0,0,0,0,1,8,2011,6,10.0,1.0,0,1.0,3,0,3,  ,0,0.0,0,0,0,0,0,0,0,0,1,0,0,0,0,0,0,0,0
14466,2011092893,1730.0,1715.0,67,67301,40.0511,-75.159,0,0,0,0,0,1,5,8,2011,7,17.0,1.0,0,1.0,3,1,99,  ,2,3.0,0,0,0,0,0,0,0,0,0,0,0,0,0,0,0,0,0
14467,2011092903,2028.0,2028.0,67,67301,39.9354,-75.2204,0,0,0,0,0,0,4,8,2011,7,20.0,3.0,0,1.0,3,1,3,  ,2,3.0,1,0,1,0,0,0,0,0,0,0,0,0,0,0,0,0,1
14468,2011092933,9999.0,2100.0,67,67301,40.0166,-75.1472,0,0,0,0,0,0,2,8,2011,6,21.0,3.0,0,9.0,3,2,7,  ,2,3.0,0,0,0,0,0,0,0,0,0,0,0,0,0,0,0,0,0
14469,2011092939,1645.0,1644.0,67,67301,40.0895,-75.0335,0,0,0,0,1,0,4,8,2011,2,16.0,1.0,0,1.0,3,2,3,  ,3,3.0,0,0,1,0,0,0,0,0,0,0,0,0,0,0,0,0,0
14470,2011092961,2105.0,2102.0,67,67301,39.9536,-75.1862,0,0,0,0,0,0,5,8,2011,4,16.0,1.0,0,1.0,3,0,99,  ,0,0.0,0,0,0,0,0,0,0,0,0,0,0,0,0,0,0,0,0
14471,2011092962,1318.0,1318.0,67,67301,39.9527,-75.2448,0,0,0,0,1,0,4,8,2011,5,13.0,1.0,0,1.0,3,1,3,  ,2,3.0,0,0,1,0,0,0,0,0,0,0,0,0,0,0,0,0,0
14472,2011092970,1208.0,1205.0,67,67301,39.9168,-75.1713,0,0,0,0,0,0,6,8,2011,2,12.0,1.0,0,1.0,3,1,3,  ,2,3.0,0,0,0,0,0,0,0,0,0,0,0,0,0,0,0,0,0
14473,2011092976,46.0,45.0,46,46413,40.1263,-75.3598,0,0,0,0,1,0,4,8,2011,1,0.0,3.0,0,1.0,3,1,3,  ,2,3.0,0,0,1,0,0,0,0,0,0,0,0,0,0,0,0,0,0
14474,2011093001,1347.0,1344.0,67,67301,40.0237,-75.1412,0,0,0,0,0,0,4,8,2011,6,13.0,1.0,0,1.0,3,0,3,  ,0,0.0,0,0,1,0,0,0,0,0,0,0,0,0,0,0,0,0,0
14475,2011093025,2138.0,2134.0,67,67301,39.9327,-75.1728,0,0,0,0,0,0,1,8,2011,3,21.0,3.0,0,1.0,3,0,3,  ,0,0.0,1,0,0,0,0,0,0,0,0,0,0,0,0,0,1,0,0
14476,2011093033,1737.0,1728.0,67,67301,40.0392,-75.11,0,0,0,0,0,0,4,8,2011,7,17.0,1.0,0,1.0,3,1,3,  ,2,3.0,0,0,1,0,0,0,0,0,0,0,0,0,0,0,0,0,0
14477,2011093036,2145.0,2145.0,67,67301,39.9626,-75.2325,0,0,0,0,0,0,8,8,2011,7,21.0,3.0,0,1.0,3,1,3,  ,3,3.0,0,0,0,0,0,0,0,0,0,0,0,0,0,0,0,1,0
14478,2011093039,2151.0,2151.0,67,67301,39.9997,-75.1385,0,0,0,0,0,0,4,8,2011,2,21.0,3.0,0,9.0,3,1,7,  ,2,3.0,0,0,1,0,0,0,0,0,0,0,0,0,0,0,0,0,0
14479,2011093045,912.0,907.0,67,67301,40.0501,-75.0676,0,0,0,0,0,0,4,8,2011,5,9.0,1.0,7,9.0,3,0,7,  ,0,0.0,0,0,1,0,0,0,0,0,0,0,0,0,0,0,0,0,0
14480,2011093048,1115.0,1113.0,67,67301,39.9669,-75.2167,0,0,0,0,1,0,4,8,2011,7,11.0,1.0,0,1.0,3,0,3,  ,0,0.0,0,0,1,0,0,0,0,0,0,0,0,0,0,0,0,0,0
14481,2011093049,1710.0,1700.0,67,67301,39.9608,-75.1426,0,0,0,0,1,0,4,8,2011,5,17.0,1.0,0,1.0,3,1,3,  ,2,3.0,0,0,1,0,0,0,0,0,0,0,0,0,0,0,0,0,0
14482,2011093087,734.0,730.0,67,67301,39.95,-75.1603,0,0,0,0,0,0,5,8,2011,2,7.0,1.0,0,1.0,3,0,3,  ,0,0.0,0,0,0,0,0,0,0,0,0,0,0,0,0,0,0,0,0
14483,2011093089,1056.0,1052.0,67,67301,39.9372,-75.1615,0,0,0,0,0,0,4,8,2011,6,10.0,1.0,0,1.0,3,1,3,  ,2,3.0,1,0,1,0,0,0,0,0,0,0,0,0,0,0,0,1,0
14484,2011093105,1500.0,9999.0,67,67301,39.9423,-75.2338,0,0,0,0,0,1,4,8,2011,7,15.0,1.0,0,1.0,3,1,3,  ,2,3.0,0,0,1,0,0,0,0,0,0,0,0,0,0,0,0,0,0
14485,2011093126,1558.0,1542.0,15,15414,39.9581,-75.6048,0,0,0,0,1,0,4,9,2011,5,15.0,1.0,0,9.0,3,1,7,  ,3,2.0,0,0,1,0,0,0,0,0,0,0,0,0,0,0,0,0,0
14486,2011093131,2337.0,2318.0,45,45404,40.9875,-75.194,0,0,0,0,0,0,4,9,2011,6,23.0,2.0,0,1.0,2,1,3,  ,3,3.0,1,0,1,0,0,0,0,0,0,0,0,0,0,0,0,0,0
14487,2011093132,1958.0,1956.0,45,45402,40.9941,-75.1815,0,0,0,0,0,0,4,9,2011,2,19.0,3.0,0,1.0,2,2,3,  ,0,0.0,0,0,1,0,0,0,0,0,0,0,0,0,0,0,0,0,0
14488,2011093321,1411.0,1345.0,50,50403,40.3921,-77.0307,0,1,0,0,1,0,9,9,2011,1,13.0,1.0,0,1.0,1,1,3,  ,3,3.0,0,0,0,0,0,0,0,0,0,0,0,0,0,0,0,0,0
14489,2011093386,1512.0,1509.0,53,53415,40.6917,-76.2604,1,0,0,0,1,0,4,9,2011,4,15.0,1.0,0,1.0,1,1,3,  ,3,3.0,0,0,1,0,0,0,0,0,0,0,0,0,0,0,0,0,0
14490,2011093464,1712.0,1710.0,67,67301,39.9519,-75.1598,0,0,0,0,0,0,8,8,2011,3,17.0,1.0,0,1.0,3,1,3,  ,2,3.0,0,0,0,0,0,0,0,0,0,0,0,0,0,0,0,0,0
14491,2011093562,1824.0,1821.0,2,2301,40.4501,-79.9496,0,0,0,0,0,0,8,9,2011,2,18.0,1.0,0,1.0,3,0,3,  ,0,0.0,1,0,0,0,0,0,0,0,0,0,0,0,0,0,0,0,1
14492,2011093639,2002.0,1930.0,45,45205,40.9035,-75.3175,0,1,0,0,0,1,4,7,2011,6,19.0,1.0,0,1.0,1,3,3,  ,3,3.0,0,1,1,0,0,0,1,0,0,1,0,0,0,0,0,0,0
14493,2011093790,2004.0,2001.0,46,46104,40.0071,-75.2991,0,0,0,0,0,0,4,9,2011,4,99.0,3.0,0,1.0,3,2,3,  ,0,0.0,1,0,1,0,0,0,0,0,0,0,0,0,0,0,0,0,0
14494,2011093864,1650.0,1648.0,39,39301,40.6111,-75.4624,0,1,0,0,0,1,4,9,2011,6,16.0,1.0,0,1.0,3,1,3,  ,2,3.0,0,1,1,0,0,0,0,0,0,0,0,0,0,0,0,0,0
14495,2011093882,1536.0,1526.0,36,36301,40.0475,-76.2954,0,0,0,0,0,0,4,9,2011,3,15.0,1.0,7,1.0,3,0,3,  ,0,0.0,1,0,1,0,0,0,0,0,0,0,0,0,0,0,0,0,0
14496,2011093918,1432.0,1414.0,16,16218,41.0065,-79.314,0,0,0,0,0,0,4,6,2011,3,14.0,1.0,0,1.0,1,2,3,  ,3,3.0,1,0,1,0,0,0,0,0,0,0,0,0,0,0,0,0,1
14497,2011094224,1713.0,1709.0,40,40301,40.9588,-75.9942,0,0,0,0,1,0,4,9,2011,5,17.0,1.0,0,1.0,2,0,3,  ,0,0.0,1,0,1,0,0,0,0,0,0,0,0,0,0,0,0,0,0
14498,2011094242,1004.0,1002.0,38,38301,40.3363,-76.4285,0,0,0,0,0,1,4,9,2011,1,10.0,1.0,0,1.0,2,1,3,  ,0,0.0,0,0,1,0,0,0,0,0,0,0,0,0,0,0,0,0,0
14499,2011094446,1158.0,1158.0,40,40304,41.2339,-75.9064,0,0,0,0,0,1,4,8,2011,5,10.0,1.0,0,1.0,3,1,3,  ,2,3.0,0,0,1,0,0,0,0,0,0,0,0,0,0,0,0,0,0
14500,2011094509,1506.0,1504.0,39,39301,40.5992,-75.4887,0,0,0,0,0,0,4,9,2011,2,15.0,1.0,0,1.0,3,1,3,  ,2,3.0,0,0,1,0,0,0,0,0,0,0,0,0,0,0,0,0,0
14501,2011094576,1454.0,1453.0,48,48302,40.6902,-75.2153,0,0,1,0,0,0,2,9,2011,5,14.0,1.0,0,1.0,3,0,3,  ,0,0.0,0,1,0,0,1,0,0,0,0,0,0,0,0,0,0,0,0
14502,2011094794,1754.0,1752.0,23,23107,39.8929,-75.3238,0,0,0,0,1,0,4,9,2011,2,17.0,1.0,0,1.0,3,0,3,  ,0,0.0,0,0,1,0,0,0,0,0,0,0,0,0,0,0,0,0,0
14503,2011094931,1049.0,1049.0,6,6221,40.3267,-76.0399,0,0,0,0,1,0,4,9,2011,4,10.0,1.0,7,1.0,1,0,3,  ,0,0.0,0,0,1,0,0,0,0,0,0,0,0,0,0,0,0,0,0
14504,2011094976,1739.0,1720.0,14,14204,40.8156,-77.819,0,0,0,0,0,0,5,9,2011,3,15.0,1.0,0,1.0,3,0,3,  ,0,0.0,0,0,0,0,0,0,0,0,0,0,0,0,0,0,0,0,0
14505,2011095033,1017.0,1003.0,7,7205,40.4471,-78.3394,0,0,0,0,0,1,5,8,2011,6,10.0,1.0,0,1.0,1,2,3,  ,0,0.0,1,0,0,0,0,0,0,0,0,0,0,0,0,0,0,0,0
14506,2011095100,820.0,818.0,59,59402,40.9668,-76.8819,0,0,0,0,0,0,5,9,2011,6,8.0,1.0,0,1.0,2,2,3,  ,0,0.0,0,1,0,0,0,0,0,0,0,0,0,0,0,0,0,1,0
14507,2011095102,1943.0,1939.0,25,25213,42.0785,-80.0895,0,0,0,0,1,0,4,9,2011,3,19.0,3.0,0,1.0,3,2,3,  ,3,3.0,0,0,1,0,0,0,0,0,0,0,0,0,0,0,0,1,0
14508,2011095104,1938.0,1935.0,66,66301,39.9554,-76.7403,0,0,0,0,0,0,4,9,2011,3,19.0,3.0,0,1.0,3,2,3,  ,3,3.0,0,0,1,0,0,0,0,0,0,0,0,0,0,0,0,0,0
14509,2011095106,1946.0,1938.0,36,36223,40.0373,-76.4184,0,0,0,0,0,0,5,9,2011,3,19.0,3.0,0,1.0,1,0,3,  ,0,0.0,0,0,0,0,0,0,0,0,0,0,0,0,0,0,0,0,0
14510,2011095167,1210.0,1210.0,53,53215,40.8934,-75.9959,0,0,0,0,0,1,4,9,2011,7,12.0,1.0,0,1.0,1,1,3,  ,3,3.0,0,0,1,0,0,0,0,0,0,0,0,0,0,0,0,0,0
14511,2011095255,1546.0,1543.0,22,22202,40.2628,-76.6856,0,0,0,0,0,1,4,9,2011,2,15.0,1.0,0,1.0,3,0,3,  ,2,3.0,0,0,1,0,0,0,0,0,0,0,0,0,0,0,0,0,0
14512,2011095265,628.0,626.0,46,46209,40.2701,-75.3827,0,0,0,0,0,0,4,9,2011,4,6.0,3.0,0,9.0,1,1,5,  ,0,0.0,1,0,1,0,0,0,0,0,0,0,0,0,0,0,0,0,0
14513,2011095267,1541.0,1541.0,48,48407,40.5864,-75.335,0,0,0,0,0,0,4,8,2011,3,15.0,1.0,0,1.0,3,1,3,  ,0,0.0,0,0,1,0,0,0,0,0,0,0,0,0,0,0,0,1,0
14514,2011095351,928.0,925.0,67,67301,39.9373,-75.1622,0,0,0,0,0,0,4,8,2011,6,15.0,1.0,0,1.0,3,0,3,  ,0,0.0,1,0,1,0,0,0,0,0,0,0,0,0,0,0,0,0,0
14515,2011095355,145.0,142.0,67,67301,39.9732,-75.159,0,0,0,0,0,0,8,8,2011,7,1.0,3.0,0,1.0,3,1,3,  ,2,3.0,0,0,0,0,0,0,0,1,0,1,0,0,0,0,0,0,0
14516,2011095366,1911.0,1410.0,46,46413,40.1167,-75.3356,0,0,0,0,0,1,4,9,2011,6,99.0,1.0,0,1.0,3,2,3,  ,3,3.0,0,0,1,0,0,0,0,0,0,0,0,0,0,0,0,1,0
14517,2011095369,1800.0,1749.0,62,62205,40.2075,-79.982,0,0,0,0,0,1,4,5,2011,2,17.0,1.0,0,1.0,3,0,3,  ,0,0.0,0,0,1,0,0,0,0,0,0,0,0,0,0,0,0,0,0
14518,2011095421,1322.0,1319.0,67,67301,39.9491,-75.1626,0,0,0,0,0,0,5,8,2011,5,12.0,1.0,0,9.0,3,0,3,  ,0,0.0,1,0,0,0,0,0,0,0,0,0,0,0,0,0,0,0,0
14519,2011095459,1926.0,1919.0,67,67301,40.0493,-75.0679,0,0,0,0,0,0,8,8,2011,2,19.0,1.0,0,1.0,3,1,3,  ,2,3.0,0,0,0,1,0,1,0,0,0,0,0,0,0,0,0,0,0
14520,2011095489,1420.0,1400.0,67,67301,40.0184,-75.1368,0,0,0,0,0,1,4,8,2011,5,13.0,1.0,0,9.0,3,1,7,  ,2,3.0,0,0,1,0,0,1,0,0,0,0,0,0,0,0,0,1,0
14521,2011095508,1338.0,1334.0,67,67301,39.945,-75.1517,0,0,0,0,0,0,4,8,2011,2,13.0,1.0,0,1.0,3,2,3,  ,3,3.0,0,0,1,0,0,0,0,0,0,0,0,0,0,0,0,1,0
14522,2011095516,1624.0,1621.0,67,67301,39.9492,-75.1632,0,0,0,0,0,0,5,8,2011,3,14.0,1.0,0,1.0,3,2,3,  ,2,3.0,0,0,0,0,0,0,0,0,0,0,0,0,0,0,0,0,0
14523,2011095716,1120.0,1120.0,36,36410,40.1599,-76.391,0,0,0,0,1,0,4,9,2011,2,11.0,1.0,0,1.0,2,1,3,  ,2,3.0,0,0,1,1,0,1,0,0,0,0,0,0,0,0,0,0,0
14524,2011095837,1747.0,1746.0,40,40301,40.9615,-75.9799,0,0,0,0,0,0,4,7,2011,1,17.0,1.0,0,1.0,2,1,3,  ,3,3.0,0,1,1,0,0,0,0,0,0,0,0,0,0,0,0,0,0
14525,2011095892,1107.0,1105.0,46,46109,40.1377,-75.1614,0,0,0,0,0,0,1,9,2011,5,11.0,1.0,0,1.0,3,0,3,  ,0,0.0,0,0,0,0,0,1,0,0,0,0,0,0,0,0,0,0,0
14526,2011095893,741.0,739.0,23,23111,39.9568,-75.2702,0,1,0,0,0,1,4,9,2011,5,7.0,1.0,0,1.0,3,1,3,  ,0,0.0,0,0,1,0,0,0,0,0,0,0,0,0,0,0,0,0,0
14527,2011095965,34.0,32.0,67,67301,39.9729,-75.1807,0,0,0,0,0,1,4,8,2011,2,0.0,3.0,0,9.0,3,1,3,  ,2,3.0,0,0,1,0,0,0,0,0,0,0,0,0,0,0,0,0,0
14528,2011096689,1254.0,1254.0,21,21407,40.2302,-76.8701,0,0,0,0,0,0,2,9,2011,1,12.0,1.0,0,1.0,3,1,3,  ,3,3.0,0,0,0,0,0,0,0,0,0,0,0,0,0,0,0,0,1
14529,2011096708,1506.0,1500.0,35,35302,41.4012,-75.6569,0,0,0,0,0,1,5,9,2011,7,15.0,1.0,0,1.0,3,1,3,  ,0,0.0,0,0,0,0,0,0,0,0,0,0,0,0,0,0,0,0,0
14530,2011096722,1716.0,1715.0,60,60302,41.4281,-79.7123,0,0,0,0,0,0,2,9,2011,5,17.0,1.0,0,1.0,2,1,3,  ,2,3.0,0,0,0,0,0,0,0,0,0,0,0,0,0,0,0,0,0
14531,2011096776,2048.0,2047.0,25,25302,42.1353,-80.056,0,0,0,0,0,1,4,9,2011,7,20.0,3.0,0,1.0,3,1,3,  ,3,3.0,1,0,1,0,0,0,0,0,0,0,0,0,1,0,0,0,0
14532,2011096853,1520.0,1519.0,6,6405,40.3335,-75.6351,0,0,0,0,0,0,4,8,2011,4,15.0,1.0,0,1.0,1,1,3,  ,3,3.0,0,0,1,0,0,0,0,0,0,0,0,0,0,0,0,0,0
14533,2011097081,1530.0,1518.0,21,21211,40.0563,-77.5201,0,0,0,0,0,0,4,9,2011,4,13.0,1.0,0,1.0,1,2,3,  ,3,3.0,0,0,1,0,0,1,0,0,0,0,0,0,0,0,0,0,0
14534,2011097239,1616.0,1606.0,9,9101,40.107,-74.8769,0,0,0,0,0,1,4,9,2011,2,16.0,1.0,0,1.0,3,2,3,  ,2,3.0,0,0,1,0,0,0,0,0,0,0,0,0,0,0,0,0,0
14535,2011097286,1305.0,1300.0,66,66101,39.9512,-76.7374,0,0,0,0,0,0,5,8,2011,4,13.0,1.0,0,1.0,1,0,3,  ,0,0.0,0,0,0,0,0,0,0,0,0,0,0,0,0,0,0,0,0
14536,2011097426,1346.0,1345.0,9,9401,40.0987,-74.8558,0,0,0,0,1,0,4,9,2011,1,13.0,1.0,7,1.0,3,0,3,  ,0,0.0,1,0,1,0,0,1,0,0,0,0,0,0,0,0,0,0,0
14537,2011097496,1734.0,1728.0,53,53301,40.6874,-76.1979,0,0,0,0,1,0,8,8,2011,2,17.0,1.0,0,1.0,2,1,3,  ,3,3.0,0,0,0,0,0,0,0,0,0,0,0,0,0,0,0,0,0
14538,2011097585,1645.0,1643.0,36,36407,40.154,-76.6085,0,1,0,0,1,0,4,9,2011,2,16.0,1.0,0,1.0,2,1,3,  ,0,0.0,0,0,1,0,0,0,0,0,0,0,0,0,0,0,0,0,0
14539,2011097619,1621.0,1618.0,6,6238,40.5177,-76.0497,0,0,0,0,0,0,4,9,2011,2,16.0,1.0,0,1.0,1,1,3,  ,3,3.0,0,0,1,0,0,0,0,0,0,0,0,0,0,0,0,0,0
14540,2011098045,1105.0,1100.0,67,67301,39.9629,-75.1663,0,0,0,0,0,1,5,8,2011,4,11.0,1.0,0,1.0,3,0,3,  ,0,0.0,0,0,0,0,0,0,0,0,0,0,0,0,0,0,0,0,0
14541,2011098049,2323.0,2322.0,67,67301,40.0188,-75.1249,0,0,0,0,0,0,1,8,2011,2,23.0,3.0,0,1.0,3,0,3,  ,0,0.0,0,0,0,0,0,0,0,0,0,0,0,0,0,0,0,0,0
14542,2011098085,1055.0,1053.0,67,67301,39.9274,-75.1836,0,0,0,0,0,0,4,9,2011,1,10.0,1.0,0,1.0,3,1,3,  ,0,0.0,0,0,1,0,0,0,0,0,0,0,0,0,0,0,0,0,0
14543,2011098098,1233.0,1223.0,67,67301,40.0767,-75.1703,0,0,0,0,0,1,4,9,2011,6,12.0,1.0,0,1.0,3,1,3,  ,3,3.0,0,0,1,0,0,0,0,0,0,0,0,0,0,0,0,0,0
14544,2011098117,1432.0,1430.0,67,67301,39.9476,-75.1696,0,0,0,0,0,1,4,8,2011,2,14.0,1.0,0,1.0,3,0,3,  ,2,3.0,0,0,1,0,0,0,0,0,0,0,0,0,0,0,0,1,0
14545,2011098128,1935.0,1930.0,67,67301,39.9474,-75.168,0,0,0,0,0,1,4,8,2011,3,19.0,2.0,0,1.0,3,1,3,  ,2,3.0,0,0,1,0,0,0,0,0,0,0,0,0,0,0,0,0,0
14546,2011098131,1620.0,1616.0,67,67301,39.9455,-75.1652,0,0,0,0,0,0,4,9,2011,7,16.0,1.0,0,1.0,3,0,3,  ,0,0.0,0,0,1,0,0,0,0,0,0,0,0,0,0,0,0,0,0
14547,2011098136,635.0,600.0,67,67301,39.9211,-75.229,1,0,0,0,0,0,8,8,2011,7,6.0,5.0,0,1.0,3,1,3,  ,2,3.0,0,0,0,0,0,0,0,0,0,0,0,0,0,0,0,0,0
14548,2011098142,2015.0,2007.0,67,67301,40.0463,-75.1778,0,0,0,0,0,0,4,8,2011,4,19.0,3.0,0,1.0,3,1,3,  ,2,3.0,0,0,1,0,0,0,0,0,0,0,0,0,0,0,0,0,0
14549,2011098158,1851.0,1950.0,67,67301,39.9431,-75.2389,0,1,0,0,0,0,5,5,2011,5,18.0,1.0,0,1.0,3,0,3,  ,0,0.0,0,0,0,0,0,0,0,0,0,0,0,0,0,0,0,0,0
14550,2011098252,2238.0,2235.0,39,39201,40.6402,-75.4334,0,0,0,0,1,0,4,9,2011,5,22.0,3.0,0,1.0,3,1,3,  ,2,3.0,0,0,1,0,0,0,0,0,0,0,0,0,0,0,0,0,0
14551,2011098285,1650.0,1645.0,19,19402,41.0509,-76.2437,0,0,0,0,0,0,4,9,2011,6,16.0,1.0,0,1.0,2,0,3,  ,0,0.0,0,0,1,0,0,0,0,0,0,0,0,0,0,0,0,0,1
14552,2011098351,256.0,251.0,2,2301,40.4567,-79.9067,0,0,0,0,0,0,1,9,2011,5,2.0,3.0,0,9.0,3,2,7,  ,0,0.0,0,0,0,0,0,0,0,0,0,0,0,0,0,0,0,0,0
14553,2011098468,907.0,901.0,39,39301,40.5819,-75.4779,0,0,0,0,0,0,4,9,2011,5,7.0,1.0,0,1.0,3,0,3,  ,0,0.0,1,0,1,0,0,0,0,0,0,0,0,0,0,0,0,0,0
14554,2011098533,958.0,955.0,11,11301,40.3347,-78.9007,1,0,0,0,0,0,4,9,2011,5,9.0,1.0,7,1.0,3,2,3,  ,0,0.0,0,0,1,0,0,0,0,1,0,1,0,0,0,0,0,0,0
14555,2011098561,1312.0,1311.0,67,67301,39.9293,-75.1535,0,0,0,0,0,1,4,9,2011,6,13.0,1.0,0,1.0,3,1,3,  ,0,0.0,0,0,1,0,0,0,0,0,0,0,0,0,0,0,0,0,0
14556,2011098676,1852.0,1845.0,2,2301,40.4365,-79.9972,0,0,0,0,0,0,8,9,2011,5,18.0,1.0,0,1.0,3,1,3,  ,2,3.0,0,0,0,0,0,0,0,0,0,0,0,0,0,0,0,0,0
14557,2011098722,1355.0,1344.0,66,66220,40.0884,-76.7168,0,0,0,0,0,0,4,9,2011,6,13.0,1.0,0,1.0,1,1,3,  ,3,3.0,0,0,1,0,0,0,0,0,0,0,0,0,0,0,0,0,1
14558,2011099022,1850.0,1847.0,6,6301,40.3441,-75.9257,0,0,0,0,0,0,4,9,2011,6,18.0,4.0,7,1.0,3,0,3,  ,0,0.0,1,0,1,0,0,0,0,0,0,0,0,0,0,0,0,0,0
14559,2011099170,1820.0,1820.0,36,36408,40.1792,-76.1824,0,0,0,0,0,0,4,9,2011,1,18.0,1.0,0,1.0,2,0,3,  ,0,0.0,0,0,1,0,0,0,0,0,0,0,0,0,0,0,0,0,0
14560,2011099353,1700.0,1656.0,9,9401,40.1027,-74.8515,0,0,0,0,0,1,4,9,2011,6,16.0,1.0,0,1.0,3,2,3,  ,0,0.0,0,0,1,0,0,0,0,0,0,0,0,0,0,0,0,0,0
14561,2011099416,1335.0,1334.0,2,2219,40.2943,-79.9896,0,0,0,0,0,0,4,9,2011,6,13.0,1.0,0,1.0,3,0,3,  ,0,0.0,0,0,1,0,0,0,0,0,0,0,0,0,0,0,0,0,0
14562,2011099638,1904.0,1901.0,36,36220,40.0251,-76.3324,0,0,0,0,0,0,1,10,2011,7,19.0,3.0,0,9.0,3,2,7,  ,3,3.0,0,0,0,0,0,0,0,0,0,0,0,0,0,0,0,0,0
14563,2011099906,1527.0,1525.0,48,48402,40.7258,-75.3941,0,0,0,0,0,1,4,10,2011,2,15.0,1.0,0,1.0,1,1,3,  ,3,3.0,0,0,1,0,0,1,0,0,0,0,0,0,0,0,0,0,0
14564,2011099941,1343.0,1342.0,23,23404,39.9273,-75.3028,0,0,0,0,0,0,4,9,2011,7,13.0,1.0,0,1.0,3,1,3,  ,2,3.0,0,0,1,0,0,0,0,0,0,0,0,0,0,0,0,1,0
14565,2011100247,856.0,856.0,14,14410,40.7924,-77.8585,0,0,0,0,0,0,4,10,2011,3,8.0,1.0,0,1.0,3,1,3,  ,0,0.0,1,0,1,0,0,0,0,0,0,0,0,0,0,0,0,0,0
14566,2011100295,544.0,545.0,67,67301,40.0115,-75.1929,0,0,0,0,0,0,4,9,2011,6,5.0,3.0,0,1.0,3,0,3,  ,0,0.0,1,0,1,0,0,0,0,0,0,0,0,0,0,0,0,0,0
14567,2011100534,1015.0,1014.0,10,10212,40.7038,-80.1097,0,0,0,0,0,0,4,9,2011,2,7.0,5.0,0,1.0,3,2,3,  ,3,3.0,1,0,1,0,0,0,0,0,0,0,0,0,0,0,0,0,0
14568,2011100638,955.0,947.0,67,67301,39.9269,-75.1757,0,0,0,0,0,0,4,9,2011,6,9.0,1.0,0,1.0,3,2,3,  ,3,3.0,0,0,1,0,0,0,0,0,0,0,0,0,0,0,0,0,0
14569,2011100703,1825.0,1820.0,67,67301,40.0076,-75.1276,0,0,0,0,0,1,8,9,2011,7,18.0,1.0,0,1.0,3,1,3,  ,2,2.0,0,0,0,0,0,0,0,0,0,0,0,0,0,0,0,0,0
14570,2011100720,1600.0,1600.0,67,67301,39.965,-75.1388,0,0,0,0,0,0,5,9,2011,1,15.0,1.0,0,1.0,3,1,3,  ,3,3.0,0,0,0,0,0,0,0,0,0,0,0,0,0,0,0,0,0
14571,2011100736,1420.0,1416.0,67,67301,40.066,-75.0191,0,0,0,0,0,0,4,7,2011,4,14.0,1.0,7,1.0,3,0,3,  ,0,0.0,0,0,1,0,0,0,0,0,0,0,0,0,0,0,0,0,0
14572,2011100751,1758.0,1753.0,67,67301,39.9842,-75.2455,0,0,0,0,0,0,5,9,2011,6,17.0,1.0,0,1.0,3,1,3,  ,2,3.0,0,0,0,0,0,0,0,0,0,0,0,0,0,0,0,0,0
14573,2011100771,2248.0,2223.0,67,67301,39.9408,-75.1661,0,0,0,0,0,0,4,8,2011,2,22.0,3.0,0,1.0,3,0,3,  ,2,3.0,0,0,1,0,0,0,0,0,0,0,0,0,0,0,0,0,0
14574,2011100811,9999.0,2212.0,67,67301,40.0022,-75.1645,0,0,0,0,0,0,4,9,2011,2,22.0,3.0,0,1.0,3,1,3,  ,3,3.0,0,0,1,0,0,0,0,0,0,0,0,0,0,0,0,0,0