,CRN,ARRIVAL_TM,DISPATCH_TM,COUNTY,MUNICIPALITY,DEC_LAT,DEC_LONG,BICYCLE_DEATH_COUNT,BICYCLE_SUSP_SERIOUS_INJ_COUNT,BUS_COUNT,HEAVY_TRUCK_COUNT,SMALL_TRUCK_COUNT,SUV_COUNT,COLLISION_TYPE,CRASH_MONTH,CRASH_YEAR,DAY_OF_WEEK,HOUR_OF_DAY,ILLUMINATION,LOCATION_TYPE,ROAD_CONDITION,URBAN_RURAL,INTERSECT_TYPE,WEATHER1,WEATHER2,TCD_TYPE,TCD_FUNC_CD,AGGRESSIVE_DRIVING,ALCOHOL_RELATED,ANGLE_CRASH,CELL_PHONE,COMM_VEHICLE,DISTRACTED,DRINKING_DRIVER,DRUGGED_DRIVER,FATIGUE_ASLEEP,IMPAIRED_DRIVER,NHTSA_AGG_DRIVING,RUNNING_RED_LT,RUNNING_STOP_SIGN,SPEEDING_RELATED,TAILGATING,MATURE_DRIVER,YOUNG_DRIVER
14575,2011100815,1320.0,1319.0,67,67301,39.9955,-75.1299,0,0,0,0,0,0,4,9,2011,6,99.0,1.0,0,1.0,3,1,3,  ,2,3.0,0,0,1,0,0,0,0,0,0,0,0,0,0,0,0,0,0
14576,2011100818,2140.0,2140.0,67,67301,39.9319,-75.1889,0,0,0,0,0,0,4,8,2011,4,21.0,3.0,0,1.0,3,2,3,  ,3,3.0,0,0,1,0,0,0,0,0,0,0,0,0,0,0,0,0,0
14577,2011100822,2146.0,2143.0,67,67301,39.933,-75.183,0,0,0,0,0,0,4,9,2011,7,99.0,2.0,0,1.0,3,0,3,  ,0,0.0,0,0,1,1,0,1,0,0,0,0,0,0,0,0,0,0,0
14578,2011100825,1355.0,1340.0,67,67301,39.9487,-75.2375,0,0,0,0,0,1,4,9,2011,2,13.0,1.0,0,1.0,3,1,3,  ,2,3.0,0,0,1,0,0,0,0,0,0,0,0,0,0,0,0,0,0
14579,2011100827,745.0,1245.0,67,67301,39.9746,-75.1218,0,0,0,0,0,0,4,9,2011,5,7.0,1.0,0,1.0,3,1,3,  ,2,3.0,0,0,1,0,0,0,0,0,0,0,0,0,0,0,0,0,0
14580,2011100841,1318.0,1315.0,67,67301,39.9744,-75.2019,0,0,0,0,1,0,6,9,2011,5,13.0,8.0,0,9.0,3,0,7,  ,0,0.0,0,0,0,0,0,0,0,0,0,0,0,0,0,0,0,0,0
14581,2011100843,2314.0,2311.0,67,67301,39.9751,-75.1964,0,0,0,0,0,0,1,9,2011,6,23.0,3.0,0,1.0,3,0,3,  ,0,0.0,0,0,0,0,0,0,0,0,0,0,0,0,0,0,0,0,0
14582,2011100845,227.0,225.0,67,67301,39.9511,-75.1725,0,0,0,0,0,0,1,9,2011,1,2.0,3.0,0,1.0,3,0,3,  ,0,0.0,0,1,0,0,0,0,1,0,0,1,0,0,0,0,0,0,0
14583,2011100847,1922.0,1920.0,67,67301,39.9617,-75.1577,0,0,0,0,0,0,4,9,2011,2,19.0,3.0,0,1.0,3,1,3,  ,2,3.0,0,0,1,0,0,0,0,0,0,0,0,0,0,0,0,0,0
14584,2011100850,1816.0,1813.0,67,67301,39.9455,-75.1645,0,0,0,0,0,0,5,9,2011,3,18.0,4.0,0,9.0,3,0,7,  ,0,0.0,1,0,0,0,0,0,0,0,0,0,0,0,0,0,0,0,0
14585,2011100891,1205.0,1202.0,67,67301,39.9359,-75.1738,0,0,0,0,0,0,4,8,2011,3,12.0,1.0,0,1.0,3,1,3,  ,0,0.0,1,0,1,0,0,0,0,0,0,0,0,0,0,0,0,0,0
14586,2011100896,956.0,955.0,67,67301,39.9524,-75.1821,0,1,0,0,0,0,3,9,2011,5,9.0,1.0,0,1.0,3,1,3,  ,2,3.0,0,0,0,0,0,0,0,0,0,0,0,0,0,0,0,0,0
14587,2011100904,1605.0,1557.0,67,67301,39.9299,-75.1444,0,0,0,0,0,0,4,9,2011,3,15.0,1.0,99,1.0,3,1,3,  ,2,3.0,0,0,1,0,0,0,0,0,0,0,0,0,0,0,0,0,0
14588,2011100948,1826.0,1826.0,23,23103,39.9991,-75.3004,0,0,0,0,0,0,4,9,2011,6,18.0,1.0,0,1.0,3,2,3,  ,3,3.0,0,0,1,0,0,0,0,0,0,0,0,0,0,0,0,0,0
14589,2011100950,2030.0,2029.0,40,40416,41.2474,-75.9276,0,0,0,0,0,0,4,9,2011,6,20.0,3.0,7,1.0,3,0,3,  ,0,0.0,0,0,1,0,0,0,0,0,0,0,0,0,0,0,0,0,0
14590,2011101036,1816.0,1816.0,11,11301,40.3046,-78.9114,0,0,0,0,0,0,4,10,2011,4,18.0,1.0,7,1.0,3,3,3,  ,2,3.0,0,0,1,0,0,0,0,0,0,0,0,0,0,0,0,0,0
14591,2011101057,1800.0,1747.0,14,14410,40.7976,-77.8672,0,0,0,0,0,0,4,10,2011,4,17.0,1.0,0,1.0,3,2,3,  ,0,0.0,0,0,1,0,0,1,0,0,0,0,0,0,0,0,0,0,0
14592,2011101304,1644.0,1644.0,2,2301,40.4566,-80.0168,0,0,0,0,0,0,2,10,2011,5,16.0,1.0,0,1.0,3,1,3,  ,2,3.0,0,0,0,0,0,0,0,0,0,0,0,0,0,0,0,0,0
14593,2011101322,1457.0,1457.0,23,23408,39.9399,-75.2629,0,0,0,0,0,0,4,7,2011,3,14.0,1.0,0,1.0,3,2,3,  ,3,3.0,1,0,1,0,0,0,0,0,0,0,0,0,0,0,0,0,0
14594,2011101617,1435.0,1426.0,67,67301,39.9523,-75.2072,0,0,0,0,0,0,4,8,2011,4,14.0,1.0,0,1.0,3,0,3,  ,0,0.0,0,0,1,0,0,0,0,0,0,0,0,0,0,0,0,0,0
14595,2011101620,1810.0,1805.0,67,67301,40.0653,-75.151,0,0,0,0,0,0,8,9,2011,7,17.0,1.0,0,1.0,3,2,3,  ,0,0.0,1,0,0,0,0,0,0,0,0,0,0,0,0,1,0,0,0
14596,2011101628,2342.0,2338.0,67,67301,39.9884,-75.1098,0,0,0,0,0,1,4,9,2011,3,23.0,3.0,0,1.0,3,1,3,  ,2,3.0,0,0,1,0,0,0,0,0,0,0,0,0,0,0,0,0,0
14597,2011101630,1115.0,1112.0,67,67301,39.9177,-75.2307,0,0,1,0,0,0,4,9,2011,2,11.0,1.0,0,1.0,3,2,3,  ,3,3.0,0,0,1,0,1,0,0,0,0,0,0,0,0,0,0,0,0
14598,2011101944,1509.0,1501.0,2,2301,40.4521,-79.931,0,0,0,0,0,0,6,10,2011,7,15.0,1.0,0,1.0,3,1,3,  ,2,3.0,1,0,0,0,0,0,0,0,0,0,0,0,0,0,0,0,0
14599,2011101975,1728.0,1723.0,2,2301,40.3962,-80.0237,0,0,0,0,0,0,4,10,2011,7,17.0,1.0,0,1.0,3,0,3,  ,0,0.0,0,0,1,0,0,0,0,0,0,0,0,0,0,0,0,0,0
14600,2011102200,1608.0,1608.0,39,39301,40.6005,-75.4779,0,0,0,0,0,1,4,10,2011,1,16.0,1.0,0,1.0,3,1,3,  ,2,3.0,0,0,1,0,0,1,0,0,0,0,0,0,0,0,0,0,0
14601,2011102311,847.0,845.0,25,25302,42.1137,-80.0747,0,0,0,0,0,0,4,9,2011,6,7.0,1.0,0,1.0,3,1,3,  ,2,3.0,0,0,1,0,0,0,0,0,0,0,0,0,0,0,0,0,0
14602,2011102529,1310.0,1306.0,39,39103,40.6168,-75.5185,0,1,0,0,0,0,4,9,2011,5,13.0,1.0,0,9.0,1,2,7,  ,0,0.0,0,0,1,0,0,0,0,0,0,0,0,0,0,0,0,0,0
14603,2011102697,1930.0,1857.0,10,10413,40.9549,-79.7483,0,0,0,0,0,0,4,10,2011,7,18.0,1.0,0,1.0,1,0,3,  ,0,0.0,0,0,1,0,0,0,0,0,0,0,0,0,0,0,0,0,0
14604,2011102888,2112.0,2101.0,45,45214,41.0029,-75.2584,0,0,0,0,0,0,4,9,2011,3,21.0,2.0,0,1.0,1,0,3,  ,0,0.0,0,0,1,0,0,0,0,0,0,0,0,0,0,0,0,0,0
14605,2011103061,1611.0,1602.0,21,21215,40.0413,-77.4949,0,0,0,0,1,0,4,10,2011,3,15.0,1.0,0,1.0,1,1,3,  ,3,3.0,1,0,1,0,0,0,0,0,0,0,1,0,0,0,0,0,0
14606,2011103208,1647.0,1647.0,23,23112,39.9837,-75.3741,0,0,0,0,1,0,4,10,2011,1,16.0,1.0,0,1.0,3,1,3,  ,0,0.0,0,0,1,0,0,0,0,0,0,0,0,0,0,0,0,0,0
14607,2011103282,1658.0,1658.0,25,25302,42.1283,-80.068,0,0,0,0,0,0,4,8,2011,7,16.0,1.0,0,1.0,3,1,3,  ,2,3.0,1,0,1,0,0,0,0,0,0,0,0,0,0,0,0,0,0
14608,2011103294,1433.0,1433.0,67,67301,39.9567,-75.198,0,0,0,0,0,0,4,8,2011,6,14.0,1.0,0,1.0,3,1,3,  ,2,3.0,0,0,1,0,0,0,0,0,0,0,0,0,0,0,0,0,0
14609,2011103310,1858.0,1858.0,25,25302,42.1167,-80.0548,0,0,0,0,0,0,8,8,2011,2,18.0,1.0,0,1.0,3,1,3,  ,3,3.0,0,0,0,0,0,0,0,0,0,0,0,0,0,0,0,0,1
14610,2011103316,2037.0,2034.0,25,25302,42.1275,-80.1035,0,0,0,0,0,0,4,8,2011,5,20.0,4.0,0,9.0,3,2,3,  ,0,0.0,0,0,1,0,0,0,0,0,0,0,0,0,0,0,0,0,0
14611,2011103323,1838.0,1835.0,25,25302,42.1084,-80.1147,0,0,0,0,0,0,4,8,2011,4,18.0,1.0,0,1.0,3,2,3,  ,3,3.0,1,0,1,0,0,0,0,0,0,0,0,0,0,0,0,0,0
14612,2011103328,1424.0,1423.0,25,25302,42.1314,-80.0701,0,0,0,0,1,0,4,8,2011,4,14.0,1.0,0,1.0,3,1,3,  ,3,3.0,0,0,1,0,0,0,0,0,0,0,0,0,0,0,0,0,0
14613,2011103330,2111.0,2109.0,25,25302,42.115,-80.0709,0,0,0,0,0,1,6,8,2011,3,21.0,2.0,0,1.0,3,1,3,  ,3,3.0,0,0,0,0,0,0,0,0,0,0,0,0,0,0,0,1,0
14614,2011103334,56.0,54.0,25,25302,42.1234,-80.0648,0,0,0,0,0,0,4,9,2011,7,21.0,3.0,0,1.0,3,1,3,  ,2,3.0,0,0,1,0,0,0,0,0,0,0,0,0,0,0,0,0,0
14615,2011103350,1857.0,1857.0,67,67301,39.9408,-75.1661,0,0,0,0,0,0,4,9,2011,6,18.0,1.0,0,1.0,3,1,3,  ,3,3.0,1,0,1,0,0,0,0,0,0,0,0,0,0,0,0,0,0
14616,2011103385,2244.0,2244.0,15,15301,39.9856,-75.8138,0,0,0,0,0,0,8,7,2011,1,1.0,2.0,0,1.0,3,0,3,  ,0,0.0,0,0,0,0,0,0,0,0,0,0,0,0,0,0,0,0,0
14617,2011103502,1855.0,1845.0,39,39301,40.624,-75.4434,0,0,0,0,0,0,4,10,2011,4,18.0,3.0,0,1.0,3,1,3,  ,2,3.0,0,0,1,0,0,0,0,0,0,0,0,0,0,0,0,1,0
14618,2011103515,1952.0,1950.0,2,2301,40.4574,-79.9289,0,0,0,0,0,0,4,10,2011,4,19.0,3.0,0,9.0,3,0,7,  ,0,0.0,0,0,1,0,0,0,0,0,0,0,0,0,0,0,0,0,0
14619,2011103538,2125.0,2124.0,6,6301,40.3457,-75.9405,0,0,0,0,0,1,4,10,2011,4,21.0,3.0,0,9.0,3,0,7,  ,0,0.0,0,0,1,0,0,0,0,0,0,0,0,0,0,0,0,0,0
14620,2011103653,1753.0,1745.0,13,13206,40.9637,-75.7845,0,1,0,0,1,0,1,7,2011,3,17.0,1.0,0,1.0,1,0,3,  ,0,0.0,0,1,0,0,0,0,1,1,0,1,0,0,0,0,0,0,1
14621,2011103679,1110.0,1110.0,40,40414,41.2662,-75.8873,0,0,0,0,0,0,4,10,2011,7,11.0,1.0,0,1.0,3,1,3,  ,3,3.0,0,0,1,0,0,0,0,0,0,0,0,0,0,0,0,0,0
14622,2011103734,1247.0,1247.0,9,9101,40.1266,-74.882,0,0,0,0,1,0,4,10,2011,3,12.0,1.0,7,1.0,3,0,3,  ,3,3.0,0,0,1,0,0,0,0,0,0,0,0,0,0,0,0,0,0
14623,2011103791,908.0,905.0,48,48209,40.7014,-75.3561,0,0,0,0,0,0,4,10,2011,2,9.0,1.0,0,1.0,1,2,3,  ,0,0.0,0,0,1,0,0,0,0,0,0,0,0,0,0,0,0,1,0
14624,2011103965,1909.0,1907.0,7,7404,40.3099,-78.3258,0,0,0,0,0,0,2,10,2011,5,19.0,3.0,0,9.0,1,1,7,  ,0,0.0,1,0,0,0,0,0,0,0,0,0,0,0,0,0,0,0,0
14625,2011103971,2026.0,2016.0,46,46102,40.089,-75.1549,0,0,0,0,1,0,4,10,2011,5,20.0,3.0,0,1.0,3,1,3,  ,2,3.0,0,0,1,0,0,0,0,0,0,0,0,0,0,0,0,0,0
14626,2011104383,1900.0,1858.0,2,2301,40.448,-79.9477,0,0,0,0,0,0,4,10,2011,6,18.0,3.0,0,1.0,3,2,3,  ,3,3.0,0,0,1,0,0,0,0,0,0,0,0,0,0,0,0,0,0
14627,2011104405,2000.0,1956.0,25,25301,41.9221,-79.641,0,0,0,0,0,0,4,10,2011,6,19.0,3.0,0,9.0,2,1,3,  ,2,3.0,0,0,1,0,0,0,0,0,0,0,0,0,0,0,0,0,0
14628,2011104408,1841.0,1820.0,23,23423,39.9078,-75.273,0,0,0,0,0,0,4,10,2011,6,18.0,1.0,0,1.0,3,1,3,  ,3,3.0,0,0,1,0,0,0,0,0,0,0,0,0,0,0,0,0,0
14629,2011104644,1845.0,1844.0,40,40414,41.2632,-75.8889,0,0,0,0,0,0,4,10,2011,3,18.0,3.0,0,1.0,3,0,3,  ,0,0.0,0,0,1,0,0,1,0,0,0,0,0,0,0,0,0,0,0
14630,2011104859,1335.0,1322.0,48,48301,40.6641,-75.3513,0,0,0,0,1,0,4,10,2011,6,16.0,1.0,0,1.0,3,2,3,  ,0,0.0,0,0,1,0,0,0,0,0,0,0,0,0,0,0,0,0,0
14631,2011104890,1611.0,1608.0,23,23412,39.9372,-75.266,0,0,0,0,0,1,4,10,2011,1,16.0,1.0,0,1.0,3,2,3,  ,3,3.0,0,0,1,0,0,0,0,0,0,0,0,0,0,0,0,0,0
14632,2011104991,1830.0,1829.0,6,6301,40.3296,-75.9209,0,1,0,0,0,1,4,10,2011,1,18.0,1.0,0,1.0,3,0,3,  ,0,0.0,0,0,1,0,0,0,0,0,0,0,0,0,0,0,0,0,0
14633,2011105139,1715.0,1713.0,22,22414,40.233,-76.8363,0,0,0,0,1,0,4,10,2011,2,17.0,1.0,0,9.0,3,2,7,  ,0,0.0,0,0,1,0,0,1,0,0,0,0,0,0,0,0,0,0,0
14634,2011105142,1917.0,1914.0,21,21402,40.2056,-77.1913,0,0,0,0,0,0,1,9,2011,5,19.0,4.0,0,1.0,2,0,3,  ,0,0.0,0,1,0,0,0,0,0,0,0,0,0,0,0,0,0,0,0
14635,2011105282,1529.0,1524.0,9,9213,40.1701,-74.8793,0,0,0,0,0,0,4,9,2011,6,15.0,1.0,0,1.0,3,2,3,  ,2,3.0,1,0,1,0,0,0,0,0,0,0,0,0,0,0,0,0,0
14636,2011105343,1808.0,1802.0,21,21206,40.2346,-77.1295,0,0,0,1,0,0,4,10,2011,2,18.0,1.0,2,1.0,1,2,3,  ,2,3.0,0,0,1,0,1,0,0,0,0,0,0,0,0,0,0,0,0
14637,2011105389,1532.0,1526.0,28,28406,39.7548,-77.5761,0,0,0,0,0,1,4,10,2011,1,15.0,1.0,0,9.0,2,0,7,  ,3,3.0,0,0,1,0,0,0,0,0,0,0,0,0,0,0,0,0,0
14638,2011105415,1146.0,1143.0,39,39102,40.6616,-75.5073,0,0,0,0,0,0,4,10,2011,2,11.0,1.0,0,1.0,3,2,3,  ,3,3.0,0,0,1,0,0,0,0,0,0,0,0,0,0,0,0,0,0
14639,2011105424,1513.0,1508.0,4,4211,40.6836,-80.2373,0,0,0,0,0,0,4,10,2011,2,15.0,1.0,0,1.0,1,0,3,  ,0,0.0,0,0,1,0,0,0,0,0,0,0,0,0,0,0,0,0,0
14640,2011105428,1500.0,1500.0,49,49301,40.7887,-76.5603,0,0,0,0,0,0,4,10,2011,2,15.0,1.0,0,1.0,2,1,3,  ,3,3.0,0,0,1,0,0,0,0,0,0,0,0,0,0,0,0,0,0
14641,2011105441,958.0,948.0,2,2301,40.4613,-79.9676,0,0,0,0,1,0,4,10,2011,3,9.0,1.0,7,1.0,3,0,3,  ,0,0.0,0,0,1,0,0,0,0,0,0,0,0,0,0,0,0,0,0
14642,2011105628,1414.0,1406.0,21,21207,40.1791,-77.0862,0,0,0,0,0,1,4,10,2011,2,14.0,1.0,0,1.0,1,1,3,  ,0,0.0,0,0,1,0,0,0,0,0,0,0,0,0,0,0,0,0,0
14643,2011105771,1607.0,1605.0,43,43224,41.1636,-80.4421,0,0,0,0,0,0,4,10,2011,3,16.0,1.0,0,1.0,1,0,3,  ,0,0.0,0,0,1,0,0,0,0,0,0,0,0,0,0,0,0,1,0
14644,2011105798,1816.0,1813.0,22,22202,40.275,-76.6486,0,0,0,1,0,0,5,10,2011,2,18.0,1.0,0,1.0,3,0,3,  ,0,0.0,0,0,0,0,1,0,0,0,0,0,0,0,0,0,0,0,0
14645,2011106080,1245.0,1230.0,67,67301,39.9302,-75.1858,0,0,0,0,0,0,4,9,2011,1,12.0,1.0,0,1.0,3,2,3,  ,3,3.0,0,0,1,0,0,0,0,0,0,0,0,0,0,0,0,0,0
14646,2011106111,1505.0,1502.0,67,67301,39.9526,-75.1907,0,0,0,0,0,1,5,9,2011,2,15.0,1.0,0,1.0,3,0,3,  ,0,0.0,0,0,0,0,0,0,0,0,0,0,0,0,0,0,0,0,0
14647,2011106149,1550.0,1545.0,67,67301,39.9545,-75.2149,0,0,0,0,0,0,8,9,2011,5,15.0,1.0,0,1.0,3,2,3,  ,3,3.0,0,0,0,0,0,0,0,0,0,0,0,0,0,0,0,0,0
14648,2011106189,1525.0,1517.0,67,67301,39.9548,-75.1664,0,0,0,0,0,0,5,9,2011,7,99.0,1.0,0,1.0,3,5,3,  ,2,3.0,0,0,0,0,0,0,0,0,0,0,0,0,0,0,0,0,0
14649,2011106211,1408.0,1401.0,67,67301,39.986,-75.1541,0,0,0,0,0,0,4,9,2011,4,15.0,8.0,0,98.0,3,1,99,  ,0,0.0,0,0,1,0,0,1,0,0,0,0,0,0,0,0,0,0,0
14650,2011106227,1625.0,1610.0,67,67301,39.946,-75.1842,0,0,0,0,0,0,5,9,2011,5,16.0,1.0,0,9.0,3,1,7,  ,0,0.0,1,0,0,0,0,0,0,0,0,0,0,0,0,0,0,0,0
14651,2011106229,628.0,618.0,67,67301,39.9453,-75.1786,0,0,0,0,0,0,3,9,2011,6,6.0,1.0,0,1.0,3,0,3,  ,0,0.0,0,0,0,0,0,0,0,0,0,0,0,0,0,0,0,0,0
14652,2011106241,9999.0,9999.0,67,67301,39.9259,-75.1527,0,0,0,0,0,0,8,9,2011,1,99.0,3.0,0,9.0,3,1,3,  ,3,3.0,0,0,0,0,0,0,0,0,0,0,0,0,0,0,0,0,0
14653,2011106247,1304.0,1256.0,66,66301,39.9637,-76.7317,0,0,0,0,1,0,4,10,2011,4,12.0,1.0,0,9.0,3,2,7,  ,0,0.0,0,0,1,0,0,0,0,0,0,0,0,0,0,0,0,0,0
14654,2011106255,1845.0,1845.0,2,2118,40.5128,-79.9584,0,0,0,0,0,1,2,10,2011,3,99.0,4.0,0,1.0,3,0,3,  ,0,0.0,0,0,0,0,0,0,0,0,0,0,0,0,0,0,0,0,0
14655,2011106383,1843.0,1843.0,25,25302,42.1324,-80.0708,0,0,1,0,0,0,6,10,2011,3,16.0,1.0,0,98.0,3,0,99,  ,0,0.0,0,0,0,0,1,0,0,0,0,0,0,0,0,0,0,0,0
14656,2011106588,707.0,707.0,24,24402,41.4261,-78.7269,0,0,0,0,0,0,8,10,2011,2,7.0,2.0,0,1.0,2,3,3,  ,0,0.0,0,0,0,0,0,0,0,0,0,0,0,0,0,0,0,0,0
14657,2011106799,1715.0,1708.0,48,48301,40.6101,-75.3822,0,0,0,0,0,0,4,10,2011,5,17.0,1.0,0,1.0,3,2,3,  ,0,0.0,0,0,1,0,0,0,0,0,0,0,0,0,0,0,0,0,0
14658,2011107044,1853.0,1848.0,39,39301,40.612,-75.4757,0,0,0,0,0,1,4,10,2011,6,18.0,3.0,0,1.0,3,1,3,  ,0,0.0,0,0,1,0,0,0,0,0,0,0,0,0,0,0,0,0,0
14659,2011107242,1803.0,1757.0,23,23111,39.9509,-75.2815,0,0,0,0,0,0,6,10,2011,6,17.0,1.0,7,1.0,3,0,3,  ,0,0.0,0,0,0,0,0,0,0,0,0,0,0,0,0,0,0,0,0
14660,2011107142,1722.0,1705.0,52,52402,41.7698,-78.0238,0,0,0,0,0,0,4,10,2011,6,17.0,1.0,0,1.0,1,2,3,  ,3,3.0,1,0,1,0,0,0,0,0,0,0,0,0,0,0,0,0,1
14661,2011107287,1726.0,1726.0,14,14410,40.798,-77.8542,0,0,0,0,0,0,4,10,2011,6,17.0,1.0,7,9.0,3,0,3,  ,0,0.0,0,0,1,0,0,0,0,0,0,0,0,0,0,0,0,0,0
14662,2011107826,812.0,811.0,46,46211,40.2467,-75.2378,0,0,0,0,1,0,4,10,2011,6,8.0,1.0,7,1.0,1,0,3,  ,0,0.0,1,0,1,0,0,1,0,0,0,0,0,0,0,0,0,0,0
14663,2011107992,1324.0,1314.0,36,36204,40.2144,-76.2422,0,0,0,0,0,1,4,10,2011,7,13.0,1.0,0,1.0,1,2,3,  ,3,3.0,0,0,1,0,0,0,0,0,0,0,0,0,0,0,0,0,0
14664,2011108434,1400.0,1359.0,66,66413,39.8027,-76.9857,0,0,0,0,1,0,4,10,2011,7,13.0,1.0,0,1.0,2,1,3,  ,2,3.0,1,0,1,0,0,0,0,0,0,0,0,0,0,0,0,0,0
14665,2011108537,2045.0,2044.0,23,23107,39.8685,-75.3374,0,0,0,0,0,0,4,10,2011,3,20.0,3.0,7,1.0,3,0,3,  ,0,0.0,0,0,1,0,0,0,0,0,0,0,0,0,0,0,0,0,0
14666,2011108662,1352.0,1344.0,36,36301,40.0285,-76.3142,0,0,0,0,0,0,4,10,2011,7,13.0,1.0,0,1.0,3,1,3,  ,3,3.0,0,0,1,0,0,0,0,0,0,0,0,0,0,0,0,0,0
14667,2011108712,1508.0,1454.0,66,66217,39.9822,-76.7345,0,0,0,0,0,0,2,10,2011,2,14.0,1.0,0,1.0,3,1,3,  ,3,3.0,0,0,0,0,0,0,0,0,0,0,0,0,0,0,0,0,0
14668,2011108740,2105.0,2100.0,67,67301,39.9705,-75.151,0,1,0,0,0,0,8,9,2011,2,21.0,4.0,0,1.0,3,1,3,  ,0,0.0,0,0,0,0,0,0,0,0,0,0,0,0,0,0,0,0,0
14669,2011108747,1651.0,1648.0,67,67301,40.0859,-74.9758,0,0,0,0,0,0,4,9,2011,5,16.0,1.0,0,1.0,3,0,3,  ,0,0.0,0,0,1,0,0,0,0,0,0,0,0,0,0,0,0,0,0
14670,2011108800,2115.0,2115.0,67,67301,39.936,-75.1689,0,0,0,0,0,0,4,9,2011,6,20.0,3.0,0,9.0,3,1,7,  ,3,3.0,0,0,1,0,0,0,0,0,0,0,0,0,0,0,0,0,0
14671,2011108803,2053.0,2051.0,67,67301,39.9161,-75.1548,0,0,0,0,1,0,4,9,2011,6,20.0,3.0,0,9.0,3,1,7,  ,3,3.0,0,0,1,0,0,0,0,0,0,0,0,0,0,0,0,0,0
14672,2011108804,1330.0,1321.0,67,67301,40.0008,-75.1434,0,0,0,0,0,0,8,9,2011,2,13.0,1.0,0,1.0,3,3,3,  ,2,9.0,1,0,0,0,0,0,0,0,0,0,0,0,0,0,0,1,0
14673,2011108812,2115.0,2111.0,67,67301,40.0399,-75.1648,0,0,0,0,0,0,4,9,2011,1,21.0,3.0,0,1.0,3,2,3,  ,0,0.0,0,0,1,0,0,0,0,0,0,0,0,0,0,0,0,0,0
14674,2011108854,1950.0,1943.0,67,67301,40.0026,-75.1672,0,0,0,0,0,0,4,9,2011,3,19.0,3.0,0,1.0,3,1,3,  ,3,3.0,0,0,1,0,0,0,0,0,0,0,0,0,0,0,0,0,0
14675,2011108856,1634.0,1632.0,2,2301,40.4473,-79.9442,0,0,0,0,0,0,4,10,2011,4,16.0,1.0,0,1.0,3,2,3,  ,3,3.0,1,0,1,0,0,0,0,0,0,0,0,0,0,0,0,0,0
14676,2011108874,2059.0,2052.0,67,67301,39.9524,-75.2264,0,0,0,0,0,0,5,9,2011,2,20.0,3.0,0,1.0,3,0,3,  ,0,0.0,0,0,0,0,0,0,0,0,0,0,0,0,0,0,0,0,0
14677,2011108882,1857.0,1839.0,67,67301,39.9933,-75.1437,0,1,0,0,1,0,2,9,2011,2,3.0,3.0,0,1.0,3,0,3,  ,0,0.0,1,0,0,0,0,0,0,0,0,0,0,0,0,1,0,0,0
14678,2011108899,2056.0,2044.0,67,67301,39.9751,-75.195,0,0,0,0,0,0,5,9,2011,6,20.0,3.0,0,9.0,3,1,7,  ,2,3.0,0,0,0,0,0,0,0,0,0,0,0,0,0,0,0,0,0
14679,2011108925,1729.0,1727.0,67,67301,39.9314,-75.1611,0,0,0,0,0,0,4,9,2011,4,17.0,1.0,0,1.0,3,0,3,  ,0,0.0,0,0,1,0,0,0,0,0,0,0,0,0,0,0,0,0,0
14680,2011108935,1904.0,1901.0,67,67301,40.0879,-74.9731,0,0,0,0,0,0,4,9,2011,7,18.0,1.0,0,1.0,3,2,3,  ,3,3.0,0,0,1,0,0,0,0,0,0,0,0,0,0,0,0,0,0
14681,2011108937,1353.0,1352.0,67,67301,39.9573,-75.1912,0,0,0,0,0,0,4,9,2011,6,13.0,1.0,0,1.0,3,2,3,  ,2,3.0,1,0,1,0,0,0,0,0,0,0,0,0,0,0,0,0,0
14682,2011108941,1610.0,1550.0,67,67301,40.0432,-75.0153,0,0,0,0,0,0,4,9,2011,6,15.0,1.0,0,1.0,3,0,3,  ,0,0.0,0,0,1,0,0,0,0,0,0,0,0,0,0,0,0,0,0
14683,2011108980,1143.0,1136.0,15,15203,39.9392,-75.6348,0,0,0,0,0,1,2,10,2011,7,11.0,1.0,0,1.0,1,0,3,  ,0,0.0,0,0,0,0,0,0,0,0,0,0,0,0,0,0,0,0,0
14684,2011109051,1913.0,1910.0,36,36232,39.9909,-76.0131,0,0,0,0,0,1,4,10,2011,2,19.0,2.0,0,9.0,1,2,7,  ,3,3.0,0,0,1,0,0,0,0,0,0,0,0,0,0,0,0,0,0
14685,2011109076,1850.0,1843.0,46,46219,40.4042,-75.4719,0,0,0,0,0,0,1,10,2011,3,18.0,2.0,0,1.0,1,0,3,  ,0,0.0,0,0,0,0,0,0,0,0,0,0,0,0,0,0,0,1,0
14686,2011109176,2103.0,2103.0,36,36101,40.0662,-76.3048,0,0,0,0,0,0,4,10,2011,4,21.0,3.0,7,1.0,3,0,3,  ,0,0.0,0,0,1,0,0,0,0,0,0,0,0,0,0,0,0,1,0
14687,2011109489,1400.0,1347.0,66,66221,39.8445,-76.7788,0,1,0,0,0,1,1,10,2011,6,13.0,1.0,0,1.0,1,0,3,  ,0,0.0,1,1,0,0,0,0,1,0,0,1,0,0,0,0,0,1,0