,CRN,ARRIVAL_TM,DISPATCH_TM,COUNTY,MUNICIPALITY,DEC_LAT,DEC_LONG,BICYCLE_DEATH_COUNT,BICYCLE_SUSP_SERIOUS_INJ_COUNT,BUS_COUNT,HEAVY_TRUCK_COUNT,SMALL_TRUCK_COUNT,SUV_COUNT,COLLISION_TYPE,CRASH_MONTH,CRASH_YEAR,DAY_OF_WEEK,HOUR_OF_DAY,ILLUMINATION,LOCATION_TYPE,ROAD_CONDITION,URBAN_RURAL,INTERSECT_TYPE,WEATHER1,WEATHER2,TCD_TYPE,TCD_FUNC_CD,AGGRESSIVE_DRIVING,ALCOHOL_RELATED,ANGLE_CRASH,CELL_PHONE,COMM_VEHICLE,DISTRACTED,DRINKING_DRIVER,DRUGGED_DRIVER,FATIGUE_ASLEEP,IMPAIRED_DRIVER,NHTSA_AGG_DRIVING,RUNNING_RED_LT,RUNNING_STOP_SIGN,SPEEDING_RELATED,TAILGATING,MATURE_DRIVER,YOUNG_DRIVER
14688,2011109504,1757.0,1745.0,25,25210,42.1163,-79.9515,0,0,1,0,0,0,8,10,2011,2,17.0,1.0,0,1.0,1,0,3,  ,0,0.0,0,0,0,0,1,0,0,0,0,0,0,0,0,0,0,0,0
14689,2011109761,2110.0,2103.0,23,23301,39.8368,-75.3861,0,0,0,0,0,0,1,10,2011,7,21.0,1.0,0,1.0,3,0,3,  ,0,0.0,0,0,0,0,0,0,0,0,0,0,0,0,0,0,0,0,0
14690,2011109973,1755.0,1752.0,2,2475,40.4007,-79.8901,0,0,0,0,0,0,4,9,2011,5,17.0,1.0,0,1.0,3,0,3,  ,0,0.0,0,0,1,0,0,0,0,0,0,0,0,0,0,0,0,0,0
14691,2011109983,2149.0,2142.0,2,2301,40.4614,-79.9485,0,0,0,0,0,1,4,10,2011,6,21.0,3.0,0,1.0,3,2,3,  ,0,0.0,0,0,1,0,0,0,0,0,0,0,0,0,0,0,0,0,0
14692,2011109985,2111.0,2107.0,48,48301,40.6289,-75.3817,0,0,0,0,1,0,4,10,2011,6,21.0,3.0,0,1.0,3,1,3,  ,0,0.0,1,1,1,0,0,0,0,0,0,0,0,0,0,0,0,0,0
14693,2011111022,1458.0,1454.0,59,59402,40.9594,-76.8867,0,0,0,0,0,0,4,10,2011,5,14.0,1.0,0,9.0,2,2,7,  ,3,3.0,1,0,1,0,0,0,0,0,0,0,0,0,0,0,0,0,0
14694,2011111320,2057.0,2045.0,14,14410,40.7918,-77.8574,0,0,0,0,0,0,4,10,2011,2,20.0,3.0,0,1.0,3,1,3,  ,0,0.0,1,0,1,0,0,0,0,0,0,0,0,0,0,0,0,0,0
14695,2011111383,1643.0,1638.0,48,48207,40.7565,-75.5707,0,1,0,0,0,1,4,10,2011,4,16.0,1.0,7,1.0,1,0,3,  ,0,0.0,0,0,1,0,0,0,0,0,0,0,0,0,0,0,0,0,0
14696,2011111417,1609.0,1557.0,20,20205,41.6998,-80.4509,0,1,0,0,0,0,1,10,2011,3,15.0,1.0,0,1.0,1,0,3,  ,0,0.0,0,0,0,0,0,0,0,0,0,0,0,0,0,0,0,0,0
14697,2011111621,1555.0,1550.0,2,2301,40.457,-79.935,0,0,0,0,0,0,4,11,2011,3,15.0,1.0,7,1.0,3,0,3,  ,0,0.0,0,0,1,0,0,0,0,0,0,0,0,0,0,0,0,0,0
14698,2011111863,2026.0,1946.0,62,62411,40.0988,-80.0622,0,0,0,0,0,0,4,10,2011,3,17.0,4.0,0,1.0,1,1,3,  ,0,0.0,0,0,1,0,0,0,0,0,0,0,0,0,0,0,0,0,0
14699,2011112019,1643.0,1640.0,9,9228,40.2572,-75.0931,0,0,0,0,0,0,4,10,2011,4,16.0,1.0,7,1.0,1,0,3,  ,0,0.0,0,0,1,0,0,0,0,0,0,0,0,0,0,0,0,0,0
14700,2011112104,1815.0,1805.0,67,67301,39.9382,-75.1423,0,0,0,0,0,0,5,10,2011,7,17.0,1.0,0,1.0,3,0,3,  ,0,0.0,0,0,0,0,0,0,0,0,0,0,0,0,0,0,0,0,0
14701,2011112147,1725.0,1722.0,67,67301,39.9505,-75.1926,0,0,0,1,0,0,8,7,2011,6,17.0,1.0,0,1.0,3,1,3,  ,2,3.0,0,0,0,0,1,0,0,0,0,0,0,0,0,0,0,0,0
14702,2011112148,1645.0,1630.0,67,67301,39.9259,-75.1812,0,0,0,0,1,0,4,10,2011,6,16.0,1.0,0,1.0,3,2,3,  ,0,0.0,1,0,1,0,0,0,0,0,0,0,0,0,0,0,0,1,0
14703,2011112149,1915.0,1900.0,67,67301,39.9274,-75.174,0,0,0,0,0,0,2,10,2011,6,18.0,1.0,0,1.0,3,2,3,  ,3,3.0,0,0,0,0,0,0,0,0,0,0,0,0,0,0,0,0,0
14704,2011112150,1257.0,1255.0,67,67301,39.9422,-75.1692,0,0,0,0,1,0,4,10,2011,7,12.0,1.0,0,1.0,3,1,3,  ,3,3.0,1,0,1,0,0,0,0,0,0,0,0,0,1,0,0,0,0
14705,2011112152,851.0,849.0,67,67301,39.9695,-75.1401,0,0,0,0,0,0,1,9,2011,3,8.0,1.0,0,9.0,3,0,7,  ,0,0.0,0,0,0,0,0,0,0,0,0,0,0,0,0,0,0,0,0
14706,2011112156,1533.0,1529.0,67,67301,39.9334,-75.2232,0,0,0,0,0,0,4,9,2011,6,15.0,1.0,0,1.0,3,1,3,  ,2,9.0,0,0,1,0,0,0,0,0,0,0,0,0,0,0,0,0,1
14707,2011112194,1830.0,1827.0,67,67301,39.9673,-75.2336,0,0,0,0,0,0,8,10,2011,2,14.0,1.0,0,1.0,3,5,3,  ,1,3.0,0,0,0,0,0,0,0,0,0,0,0,0,0,0,0,0,0
14708,2011112198,2350.0,2345.0,67,67301,40.0451,-75.1582,0,0,0,0,0,0,8,9,2011,6,23.0,3.0,0,9.0,3,1,7,  ,2,3.0,0,0,0,0,0,0,0,0,0,0,0,0,0,0,0,0,0
14709,2011112200,1355.0,1350.0,67,67301,39.9127,-75.1797,0,0,0,0,0,0,4,10,2011,7,13.0,1.0,0,1.0,3,2,3,  ,2,3.0,0,0,1,0,0,0,0,0,0,0,0,0,0,0,0,0,0
14710,2011112211,1003.0,1003.0,67,67301,39.9706,-75.163,0,0,0,0,0,0,4,9,2011,4,9.0,1.0,0,1.0,3,1,3,  ,2,3.0,0,0,1,0,0,0,0,0,0,0,0,0,0,0,0,0,0
14711,2011112217,9999.0,1720.0,67,67301,39.9691,-75.1298,0,0,0,0,0,0,4,10,2011,6,16.0,1.0,0,1.0,3,1,3,  ,0,0.0,0,0,1,0,0,0,0,0,0,0,0,0,0,0,0,0,0
14712,2011112222,1645.0,1630.0,67,67301,40.014,-75.0658,0,0,0,0,0,0,8,10,2011,6,99.0,1.0,0,9.0,3,0,7,  ,0,0.0,0,0,0,0,0,0,0,0,0,0,0,0,0,0,0,0,0
14713,2011112242,1144.0,1144.0,67,67301,39.9991,-75.1088,0,0,0,0,0,0,8,10,2011,4,11.0,1.0,0,9.0,3,5,7,  ,0,0.0,0,0,0,0,0,0,0,0,0,0,0,0,0,0,0,0,0
14714,2011112285,1510.0,1505.0,67,67301,39.9657,-75.1649,0,0,0,0,1,0,5,9,2011,5,15.0,1.0,0,1.0,3,0,3,  ,0,0.0,0,0,0,0,0,0,0,0,0,0,0,0,0,0,0,0,0
14715,2011112290,1703.0,1658.0,67,67301,39.92,-75.1653,0,0,0,0,0,0,4,10,2011,7,15.0,1.0,0,1.0,3,1,3,  ,3,3.0,0,0,1,0,0,0,0,0,0,0,0,0,0,0,0,0,0
14716,2011112303,1405.0,1402.0,67,67301,40.0973,-75.056,0,0,0,0,0,0,1,10,2011,7,14.0,1.0,0,1.0,3,0,3,  ,0,0.0,0,0,0,0,0,0,0,0,0,0,0,0,0,0,0,0,0
14717,2011112313,1440.0,1431.0,67,67301,39.9428,-75.2185,0,0,0,0,0,0,9,10,2011,5,14.0,1.0,0,1.0,3,0,3,  ,0,0.0,0,0,0,0,0,0,0,0,0,0,0,0,0,0,0,0,0
14718,2011112317,1622.0,1621.0,67,67301,39.9369,-75.1603,0,0,0,0,0,0,5,10,2011,2,16.0,1.0,0,1.0,3,0,3,  ,0,0.0,0,0,0,0,0,0,0,0,0,0,0,0,0,0,0,0,0
14719,2011112326,1637.0,1633.0,67,67301,39.9341,-75.1573,0,0,0,0,0,1,4,10,2011,7,16.0,1.0,0,1.0,3,1,3,  ,3,3.0,0,0,1,0,0,0,0,0,0,0,0,0,0,0,0,0,0
14720,2011112330,1950.0,1940.0,67,67301,39.9907,-75.2015,0,1,0,0,0,0,2,6,2011,3,19.0,4.0,0,1.0,3,0,3,  ,0,0.0,0,0,0,0,0,0,0,0,0,0,0,0,0,0,0,1,0
14721,2011112332,1710.0,1705.0,67,67301,39.9385,-75.1609,0,0,0,0,0,0,4,10,2011,7,17.0,1.0,0,1.0,3,0,3,  ,0,0.0,0,0,1,0,0,1,0,0,0,0,0,0,0,0,0,0,0
14722,2011112341,2010.0,1953.0,67,67301,39.9368,-75.1599,0,0,0,0,0,0,1,10,2011,4,19.0,1.0,0,1.0,3,1,3,  ,2,3.0,0,0,0,0,0,1,0,0,0,0,0,0,0,0,0,0,0
14723,2011112342,1740.0,1735.0,67,67301,39.9303,-75.1571,0,0,0,0,0,0,4,10,2011,1,17.0,1.0,0,1.0,3,1,3,  ,3,3.0,0,0,1,0,0,0,0,0,0,0,0,0,0,0,0,0,0
14724,2011112805,1259.0,1241.0,6,6103,40.3025,-75.9885,0,0,0,0,1,0,4,10,2011,7,12.0,1.0,7,7.0,1,0,10,  ,0,0.0,0,0,1,0,0,1,0,0,0,0,0,0,0,0,0,0,0
14725,2011112832,2146.0,2144.0,26,26302,39.8984,-79.7258,1,0,0,0,0,1,4,11,2011,4,21.0,3.0,0,1.0,2,1,3,  ,2,3.0,0,1,1,0,0,1,1,0,0,1,0,0,0,0,0,0,0
14726,2011113095,1725.0,1630.0,17,17406,40.9759,-78.525,0,0,0,0,0,0,4,10,2011,6,16.0,1.0,0,1.0,1,1,3,  ,0,0.0,0,0,1,0,0,0,0,0,0,0,0,0,0,0,0,0,0
14727,2011113272,1634.0,1632.0,43,43403,41.4105,-80.3846,0,0,0,0,0,0,4,11,2011,6,16.0,1.0,7,1.0,2,0,3,  ,0,0.0,0,0,1,0,0,0,0,0,0,0,0,0,0,0,0,0,0
14728,2011113401,1820.0,1817.0,66,66301,39.9631,-76.7258,0,0,0,0,0,0,8,11,2011,6,18.0,3.0,0,1.0,3,1,3,  ,2,3.0,0,0,0,0,0,1,0,0,0,0,0,0,0,0,0,0,0
14729,2011113412,1915.0,1913.0,64,64431,40.5999,-79.578,0,1,0,0,0,0,4,10,2011,6,19.0,3.0,0,1.0,2,2,3,  ,3,3.0,0,0,1,0,0,0,0,0,0,0,0,0,0,0,0,0,0
14730,2011113762,1516.0,1514.0,48,48411,40.8657,-75.2623,0,0,0,0,0,0,4,11,2011,4,15.0,1.0,0,1.0,1,1,3,  ,3,3.0,0,0,1,0,0,0,0,0,0,0,0,0,0,0,0,1,0
14731,2011114260,1547.0,1545.0,23,23103,39.9766,-75.3189,0,0,0,0,1,0,4,10,2011,6,15.0,1.0,0,1.0,3,1,3,  ,3,3.0,1,0,1,0,0,0,0,0,0,0,0,0,0,0,0,0,0
14732,2011114485,1658.0,1648.0,11,11212,40.6139,-78.6641,0,0,0,0,1,0,5,11,2011,1,16.0,1.0,0,1.0,1,0,3,  ,0,0.0,0,0,0,0,0,0,0,0,0,0,0,0,0,0,0,1,0
14733,2011114571,605.0,603.0,35,35302,41.4012,-75.6591,0,0,0,0,0,0,4,11,2011,3,6.0,3.0,0,1.0,3,1,3,  ,0,0.0,0,0,1,0,0,0,0,0,0,0,0,0,0,0,0,0,0
14734,2011114712,711.0,705.0,46,46220,40.0844,-75.3871,0,0,0,0,0,1,1,11,2011,3,7.0,1.0,0,1.0,3,0,3,  ,0,0.0,1,0,0,0,0,0,0,0,0,0,0,0,0,0,0,0,0
14735,2011115180,1816.0,1812.0,15,15214,40.0367,-75.5638,0,0,0,0,0,0,4,11,2011,3,18.0,6.0,7,1.0,3,0,3,  ,0,0.0,1,0,1,0,0,0,0,0,0,0,1,0,0,0,0,0,0
14736,2011115216,1550.0,1544.0,36,36415,40.1073,-76.0891,0,0,0,0,0,0,5,11,2011,4,15.0,1.0,0,1.0,1,2,3,  ,0,0.0,1,0,0,0,0,0,0,0,0,0,0,0,0,0,0,0,0
14737,2011115230,2345.0,2340.0,67,67301,39.9482,-75.1644,0,0,0,0,0,0,8,10,2011,1,23.0,3.0,0,1.0,3,1,3,  ,2,3.0,0,0,0,0,0,0,0,0,0,0,0,0,0,0,0,0,0
14738,2011115233,1955.0,1952.0,67,67301,39.9634,-75.1513,0,0,0,0,0,0,4,10,2011,6,19.0,3.0,0,1.0,3,0,3,  ,0,0.0,0,0,1,0,0,0,0,0,0,0,0,0,0,0,0,0,0
14739,2011115238,1934.0,1931.0,67,67301,39.9198,-75.154,0,0,0,0,0,0,4,10,2011,5,18.0,1.0,0,1.0,3,1,3,  ,3,3.0,0,0,1,0,0,0,0,0,0,0,0,0,0,0,0,0,0
14740,2011115242,2355.0,2315.0,67,67301,39.951,-75.2187,0,0,0,0,0,0,8,10,2011,1,23.0,3.0,0,9.0,3,1,7,  ,3,3.0,1,0,0,0,0,0,0,0,0,0,0,0,0,0,0,0,0
14741,2011115244,1330.0,1315.0,67,67301,39.9454,-75.164,0,0,0,0,0,0,4,10,2011,1,13.0,1.0,0,1.0,3,1,3,  ,3,3.0,1,0,1,0,0,0,0,0,0,0,0,0,1,0,0,0,0
14742,2011115250,1358.0,1353.0,67,67301,39.9598,-75.1637,0,0,0,0,0,0,4,10,2011,6,13.0,1.0,0,1.0,3,0,3,  ,0,0.0,1,0,1,0,0,0,0,0,0,0,0,0,0,0,0,0,0
14743,2011115251,2043.0,2039.0,67,67301,39.9552,-75.1696,0,0,0,0,0,0,6,10,2011,6,99.0,3.0,0,1.0,3,2,3,  ,2,3.0,0,0,0,0,0,0,0,0,0,0,0,0,0,0,0,0,0
14744,2011115263,1733.0,1731.0,67,67301,39.9521,-75.2056,0,0,0,0,1,0,4,10,2011,6,17.0,1.0,0,1.0,3,2,3,  ,2,3.0,0,0,1,0,0,0,0,0,0,0,0,0,0,0,0,0,0
14745,2011115268,1320.0,1317.0,67,67301,39.9922,-75.2337,0,0,0,0,0,0,2,10,2011,4,12.0,1.0,0,1.0,3,1,3,  ,2,3.0,0,0,0,0,0,0,0,0,0,0,0,0,0,0,0,0,1
14746,2011115321,2244.0,2242.0,67,67301,39.9397,-75.1713,0,0,0,0,0,0,4,10,2011,5,22.0,3.0,0,1.0,3,1,3,  ,3,3.0,0,0,1,0,0,0,0,0,0,0,0,0,0,0,0,0,0
14747,2011115323,1734.0,1733.0,67,67301,39.9312,-75.1595,0,0,0,0,0,0,5,10,2011,4,17.0,1.0,0,9.0,3,0,7,  ,0,0.0,0,0,0,0,0,0,0,0,0,0,0,0,0,0,0,0,0
14748,2011115328,932.0,928.0,67,67301,39.9708,-75.1746,0,0,1,0,0,0,4,10,2011,6,9.0,1.0,0,1.0,3,1,3,  ,3,3.0,1,0,1,0,1,0,0,0,0,0,0,0,1,0,0,0,0
14749,2011115385,1442.0,1437.0,67,67301,40.0349,-75.2349,0,0,0,0,1,0,4,10,2011,7,14.0,1.0,0,1.0,3,1,3,  ,3,3.0,1,0,1,0,0,0,0,0,0,0,0,0,0,0,0,1,0
14750,2011115391,1830.0,1827.0,67,67301,40.0412,-75.1707,0,0,0,0,0,0,4,10,2011,2,17.0,3.0,0,1.0,3,2,3,  ,3,3.0,1,0,1,0,0,0,0,0,0,0,0,0,0,0,0,0,0
14751,2011115392,1808.0,1802.0,67,67301,40.0094,-75.1039,0,0,0,0,0,0,4,10,2011,6,17.0,4.0,0,9.0,3,0,7,  ,0,0.0,0,0,1,0,0,0,0,0,0,0,0,0,0,0,0,0,0
14752,2011115428,2210.0,2206.0,67,67301,39.9488,-75.179,0,1,0,0,0,0,4,10,2011,4,22.0,3.0,0,1.0,3,1,3,  ,2,3.0,0,0,1,0,0,0,0,0,0,0,0,0,0,0,0,0,0
14753,2011115444,1945.0,1936.0,67,67301,39.9604,-75.1894,0,0,0,0,0,0,8,10,2011,1,19.0,3.0,0,1.0,3,1,3,  ,2,3.0,0,0,0,0,0,0,0,0,0,0,0,0,0,0,0,0,0
14754,2011115451,1555.0,1550.0,67,67301,39.9613,-75.149,0,0,0,0,0,0,4,10,2011,7,15.0,1.0,7,1.0,3,0,3,  ,0,0.0,0,0,1,0,0,0,0,0,0,0,0,0,0,0,0,0,0
14755,2011115469,1639.0,1630.0,67,67301,39.9711,-75.1573,0,0,0,0,0,0,4,10,2011,4,99.0,1.0,0,1.0,3,1,3,  ,2,3.0,0,0,1,0,0,0,0,0,0,0,0,0,0,0,0,0,0
14756,2011115470,9999.0,9999.0,67,67301,39.9704,-75.1596,0,0,0,0,1,0,6,10,2011,3,99.0,1.0,0,1.0,3,0,3,  ,0,0.0,0,0,0,0,0,0,0,0,0,0,0,0,0,0,0,0,0
14757,2011115474,1247.0,1246.0,67,67301,39.9643,-75.1727,0,0,0,0,0,0,5,10,2011,4,12.0,1.0,0,1.0,3,0,3,  ,0,0.0,0,0,0,0,0,0,0,0,0,0,0,0,0,0,0,0,0
14758,2011115531,1700.0,1656.0,46,46107,40.0902,-75.2904,0,0,0,0,0,0,4,11,2011,4,16.0,4.0,7,1.0,3,0,3,  ,0,0.0,0,0,1,0,0,0,0,0,0,0,0,0,0,0,0,0,0
14759,2011115570,1852.0,1850.0,66,66103,39.7842,-76.9651,0,0,0,0,1,0,4,10,2011,6,18.0,2.0,0,1.0,2,0,3,  ,0,0.0,0,0,1,0,0,1,0,0,0,0,0,0,0,0,0,0,0
14760,2011115673,1512.0,1510.0,21,21208,40.2327,-77.1797,0,0,0,0,0,0,8,11,2011,3,15.0,1.0,0,1.0,1,2,3,  ,3,3.0,1,0,0,0,0,0,0,0,0,0,0,0,0,0,0,0,0
14761,2011115953,1608.0,1600.0,25,25302,42.0964,-80.0991,0,0,0,0,1,0,4,11,2011,5,16.0,1.0,0,9.0,3,1,7,  ,3,3.0,0,0,1,0,0,0,0,0,0,0,0,0,0,0,0,0,0
14762,2011116102,1326.0,1321.0,40,40304,41.2351,-75.8858,0,0,0,0,0,0,2,10,2011,1,13.0,1.0,0,1.0,3,1,3,  ,2,3.0,0,0,0,0,0,0,0,0,0,0,0,0,0,0,0,0,0
14763,2011116126,1859.0,1854.0,9,9414,40.3725,-75.2948,0,0,0,0,0,0,8,11,2011,5,18.0,2.0,0,9.0,2,1,7,  ,3,3.0,0,0,0,0,0,1,0,0,0,0,0,0,0,0,0,0,0
14764,2011116621,558.0,552.0,2,2301,40.4519,-79.924,0,0,0,0,0,0,5,11,2011,7,5.0,3.0,0,1.0,3,1,3,  ,2,3.0,0,0,0,0,0,0,0,0,0,0,0,0,0,0,0,0,0
14765,2011116899,1114.0,1110.0,2,2301,40.4552,-79.891,0,0,0,0,0,0,4,11,2011,1,11.0,1.0,0,1.0,3,1,3,  ,3,3.0,0,0,1,0,0,0,0,0,0,0,0,0,0,0,0,0,0
14766,2011116937,1722.0,1720.0,14,14410,40.798,-77.8569,0,0,0,0,0,0,2,11,2011,1,17.0,3.0,7,1.0,3,2,3,  ,2,3.0,0,0,0,0,0,0,0,0,0,0,0,0,0,0,0,0,0
14767,2011117247,1905.0,1901.0,66,66102,39.925,-76.6486,0,0,0,0,1,0,4,11,2011,4,19.0,2.0,0,1.0,1,2,3,  ,0,0.0,1,1,1,0,0,0,1,0,0,1,0,0,0,0,0,0,0
14768,2011117279,1815.0,1807.0,67,67301,39.9595,-75.162,0,0,0,0,0,0,4,10,2011,7,99.0,1.0,0,1.0,3,1,3,  ,2,3.0,0,0,1,0,0,0,0,0,0,0,0,0,0,0,0,0,0
14769,2011117313,636.0,634.0,15,15301,39.9847,-75.8204,0,1,0,0,0,0,4,11,2011,5,6.0,3.0,0,1.0,3,1,3,  ,2,3.0,0,0,1,0,0,0,0,0,0,0,0,0,0,0,0,0,0
14770,2011117518,2236.0,2236.0,14,14410,40.8006,-77.8593,0,0,0,0,0,0,4,11,2011,2,22.0,3.0,7,9.0,3,0,7,  ,0,0.0,0,0,1,0,0,0,0,0,0,0,0,0,0,0,0,0,0
14771,2011117732,934.0,929.0,46,46107,40.1209,-75.2878,0,0,0,0,0,0,5,11,2011,3,9.0,1.0,0,1.0,3,2,3,  ,0,0.0,1,0,0,0,0,0,0,0,0,0,0,0,0,0,0,1,0
14772,2011118045,1755.0,1752.0,67,67301,39.9624,-75.1958,0,0,0,0,0,0,6,10,2011,4,17.0,1.0,0,1.0,3,0,3,  ,0,0.0,1,0,0,0,0,0,0,0,0,0,0,0,0,0,0,0,0
14773,2011118056,9999.0,1018.0,67,67301,39.9396,-75.1626,0,0,0,0,0,1,4,10,2011,2,10.0,1.0,0,1.0,3,1,3,  ,3,3.0,0,0,1,0,0,0,0,0,0,0,0,0,0,0,0,0,1
14774,2011118076,2010.0,2010.0,67,67301,39.9739,-75.1432,0,0,0,0,0,0,4,10,2011,6,17.0,3.0,0,1.0,3,1,3,  ,3,2.0,0,0,1,0,0,0,0,0,0,0,0,0,0,0,0,1,0
14775,2011118161,850.0,845.0,67,67301,39.9634,-75.1875,0,0,0,0,0,0,4,10,2011,4,8.0,1.0,0,1.0,3,1,3,  ,2,3.0,0,0,1,0,0,0,0,0,0,0,0,0,0,0,0,0,1
14776,2011118175,1830.0,1827.0,67,67301,39.9248,-75.1728,0,0,0,0,0,0,1,10,2011,6,18.0,2.0,0,1.0,3,1,3,  ,2,3.0,1,0,0,0,0,0,0,0,0,0,0,0,0,0,1,0,0
14777,2011118191,858.0,855.0,67,67301,40.0299,-75.2064,0,0,0,0,0,0,4,10,2011,4,8.0,1.0,0,1.0,3,2,3,  ,0,0.0,0,0,1,0,0,0,0,0,0,0,0,0,0,0,0,0,0
14778,2011118199,25.0,19.0,67,67301,39.9231,-75.1597,0,0,0,0,0,0,4,10,2011,5,8.0,3.0,0,1.0,3,1,3,  ,2,9.0,0,0,1,0,0,0,0,0,0,0,0,0,0,0,0,0,0
14779,2011118206,9999.0,9999.0,67,67301,39.9858,-75.1248,0,0,0,0,0,0,4,10,2011,5,99.0,1.0,0,9.0,3,1,7,  ,3,3.0,0,0,1,0,0,0,0,0,0,0,0,0,0,0,0,0,0
14780,2011118371,1512.0,1509.0,36,36412,40.014,-76.3515,0,0,0,0,0,1,1,10,2011,4,15.0,1.0,0,1.0,3,2,3,  ,0,0.0,0,0,0,0,0,1,0,0,0,0,0,0,0,0,0,0,1
14781,2011118625,806.0,805.0,14,14204,40.8068,-77.8548,0,0,0,0,0,1,4,11,2011,6,8.0,1.0,0,1.0,3,2,3,  ,3,3.0,0,0,1,0,0,1,0,0,0,0,0,0,0,0,0,0,0
14782,2011118967,1057.0,1053.0,2,2301,40.4616,-79.9671,0,0,0,0,0,0,5,11,2011,6,10.0,1.0,3,1.0,3,1,3,  ,2,3.0,0,0,0,0,0,0,0,0,0,0,0,0,0,0,0,0,0
14783,2011119178,1913.0,1810.0,21,21219,40.2019,-77.2612,0,0,0,0,0,0,5,10,2011,3,18.0,1.0,0,1.0,1,0,3,  ,0,0.0,0,1,0,0,0,0,0,0,0,0,0,0,0,0,0,0,0
14784,2011119714,1800.0,1747.0,57,57207,41.6491,-75.5987,0,0,0,0,0,0,8,10,2011,7,17.0,4.0,0,1.0,1,1,3,  ,1,3.0,0,0,0,0,0,1,0,0,0,0,0,0,0,0,0,1,0
14785,2011119873,1124.0,1121.0,35,35302,41.4137,-75.6788,0,0,0,0,0,0,4,11,2011,1,11.0,1.0,7,1.0,3,0,3,  ,0,0.0,0,0,1,0,0,0,0,0,0,0,0,0,0,0,0,0,0
14786,2011119916,1528.0,1528.0,35,35302,41.3868,-75.675,0,1,0,0,0,0,4,11,2011,1,15.0,1.0,0,1.0,3,1,3,  ,0,0.0,0,0,1,0,0,0,0,0,0,0,0,0,0,0,0,0,0
14787,2011120004,1825.0,1623.0,6,6219,40.5019,-75.659,0,0,0,1,0,0,5,10,2011,4,15.0,1.0,0,9.0,1,0,7,  ,0,0.0,1,0,0,0,1,0,0,0,0,0,0,0,0,0,0,0,0
14788,2011120510,2033.0,2030.0,36,36101,40.0581,-76.2953,0,0,0,0,1,0,6,10,2011,6,15.0,1.0,0,1.0,3,3,3,  ,3,3.0,1,0,0,0,0,0,0,0,0,0,0,0,0,0,0,0,1
14789,2011121042,1946.0,1936.0,9,9202,40.0747,-74.9598,0,0,0,0,0,0,4,11,2011,3,19.0,3.0,0,9.0,3,2,7,  ,0,0.0,1,0,1,0,0,0,0,0,0,0,0,0,0,0,0,0,0
14790,2011121493,1558.0,1547.0,2,2301,40.4577,-79.9975,0,0,0,0,1,0,4,11,2011,4,15.0,1.0,0,1.0,3,2,3,  ,0,0.0,0,0,1,0,0,0,0,0,0,0,0,0,0,0,0,0,0
14791,2011121967,1602.0,1551.0,60,60301,41.3946,-79.8322,0,0,0,0,0,0,4,11,2011,6,15.0,1.0,0,1.0,2,1,3,  ,3,3.0,0,0,1,0,0,0,0,0,0,0,0,0,0,0,0,0,1
14792,2011122208,1556.0,1552.0,40,40206,41.3675,-75.9369,0,0,0,0,0,0,0,11,2011,7,15.0,1.0,0,1.0,1,1,3,  ,3,3.0,1,0,0,0,0,0,0,0,0,0,0,0,0,0,0,1,0
14793,2011122281,2311.0,2308.0,36,36213,40.1618,-76.0228,1,0,0,0,0,0,6,11,2011,6,20.0,2.0,0,1.0,1,0,3,  ,0,0.0,1,0,0,0,0,0,0,0,0,0,0,0,0,1,0,0,0
14794,2011122288,800.0,759.0,36,36220,40.0388,-76.3304,0,0,0,0,0,1,8,11,2011,5,7.0,1.0,0,1.0,3,2,3,  ,2,3.0,0,0,0,0,0,0,0,0,0,0,0,0,0,0,0,0,0
14795,2011122478,1925.0,1922.0,36,36301,40.044,-76.3096,0,0,0,0,0,0,4,11,2011,3,19.0,3.0,0,9.0,3,1,7,  ,3,3.0,0,0,1,0,0,0,0,0,0,0,0,0,0,0,0,0,0
14796,2011122622,1701.0,1701.0,22,22301,40.2887,-76.9003,0,0,0,0,0,0,4,11,2011,3,16.0,1.0,0,9.0,3,1,7,  ,3,3.0,1,0,1,0,0,0,0,0,0,0,0,0,0,1,0,0,0
14797,2011122653,1604.0,1602.0,36,36301,40.0476,-76.3095,0,0,0,0,0,1,2,11,2011,4,16.0,1.0,0,1.0,3,1,3,  ,3,3.0,0,0,0,0,0,0,0,0,0,0,0,0,0,0,0,0,0
14798,2011122815,1750.0,1734.0,67,67301,40.0326,-75.0326,0,0,0,0,0,0,4,10,2011,2,16.0,1.0,0,1.0,3,10,3,  ,3,3.0,0,0,1,0,0,0,0,0,0,0,0,0,0,0,0,0,0
14799,2011122816,9999.0,1350.0,67,67301,40.0195,-75.0557,0,0,0,0,0,0,4,11,2011,6,13.0,1.0,0,1.0,3,1,3,  ,2,3.0,0,0,1,0,0,0,0,0,0,0,0,0,0,0,0,0,0
14800,2011122879,601.0,600.0,67,67301,40.0468,-75.0703,0,0,0,0,1,0,8,11,2011,3,6.0,3.0,0,1.0,3,1,3,  ,2,3.0,0,0,0,0,0,0,0,0,0,0,0,0,0,0,0,0,0