,CRN,ARRIVAL_TM,DISPATCH_TM,COUNTY,MUNICIPALITY,DEC_LAT,DEC_LONG,BICYCLE_DEATH_COUNT,BICYCLE_SUSP_SERIOUS_INJ_COUNT,BUS_COUNT,HEAVY_TRUCK_COUNT,SMALL_TRUCK_COUNT,SUV_COUNT,COLLISION_TYPE,CRASH_MONTH,CRASH_YEAR,DAY_OF_WEEK,HOUR_OF_DAY,ILLUMINATION,LOCATION_TYPE,ROAD_CONDITION,URBAN_RURAL,INTERSECT_TYPE,WEATHER1,WEATHER2,TCD_TYPE,TCD_FUNC_CD,AGGRESSIVE_DRIVING,ALCOHOL_RELATED,ANGLE_CRASH,CELL_PHONE,COMM_VEHICLE,DISTRACTED,DRINKING_DRIVER,DRUGGED_DRIVER,FATIGUE_ASLEEP,IMPAIRED_DRIVER,NHTSA_AGG_DRIVING,RUNNING_RED_LT,RUNNING_STOP_SIGN,SPEEDING_RELATED,TAILGATING,MATURE_DRIVER,YOUNG_DRIVER
14801,2011123685,1504.0,1502.0,41,41409,41.2268,-77.0141,0,0,0,0,0,1,4,11,2011,3,15.0,1.0,0,1.0,3,0,3,  ,0,0.0,0,0,1,0,0,0,0,0,0,0,0,0,0,0,0,0,0
14802,2011123694,1020.0,1019.0,64,64101,40.3284,-79.7275,0,0,0,0,0,1,4,11,2011,4,10.0,1.0,7,1.0,3,0,3,  ,0,0.0,0,0,1,0,0,0,0,0,0,0,0,0,0,0,0,0,0
14803,2011123869,1910.0,1905.0,38,38301,40.3369,-76.4201,0,0,0,0,0,0,5,11,2011,4,18.0,3.0,0,1.0,2,0,3,  ,0,0.0,1,0,0,0,0,0,0,0,0,0,0,0,0,1,0,0,0
14804,2011124148,1350.0,1346.0,9,9205,40.319,-75.1418,0,0,0,0,0,0,4,12,2011,5,13.0,1.0,0,1.0,3,0,3,  ,0,0.0,0,0,1,0,0,0,0,0,0,0,0,0,0,0,0,0,0
14805,2011124613,1224.0,1217.0,40,40205,41.1454,-76.1441,0,0,0,0,0,1,4,11,2011,3,12.0,1.0,7,1.0,1,0,3,  ,0,0.0,0,0,1,0,0,0,0,0,0,0,0,0,0,0,0,0,0
14806,2011124908,2021.0,2017.0,9,9202,40.1242,-74.9627,0,0,0,0,0,0,4,12,2011,7,20.0,2.0,0,1.0,3,1,3,  ,0,0.0,1,0,1,0,0,0,0,0,0,0,0,1,0,0,0,0,0
14807,2011125153,1711.0,1706.0,48,48301,40.6063,-75.3404,0,0,0,0,0,0,4,12,2011,7,17.0,3.0,0,1.0,3,2,3,  ,3,3.0,0,0,1,0,0,0,0,0,0,0,0,0,0,0,0,0,1
14808,2011125158,1722.0,1720.0,23,23402,39.8726,-75.3882,0,0,0,0,0,0,4,12,2011,1,17.0,3.0,7,1.0,3,0,3,  ,3,3.0,1,0,1,0,0,0,0,0,0,0,0,0,0,0,0,0,0
14809,2011125575,1540.0,1537.0,21,21403,40.2454,-76.8975,0,0,0,0,0,0,4,10,2011,2,15.0,1.0,0,1.0,3,0,3,  ,0,0.0,1,0,1,0,0,0,0,0,0,0,0,0,0,0,0,0,0
14810,2011125959,1947.0,1942.0,23,23102,39.8992,-75.2674,0,0,0,0,0,0,4,6,2011,1,99.0,1.0,0,1.0,3,0,3,  ,0,0.0,0,0,1,0,0,1,0,0,0,0,0,0,0,0,0,0,1
14811,2011126148,739.0,736.0,48,48301,40.6206,-75.369,0,0,0,0,0,0,4,12,2011,4,7.0,1.0,0,9.0,3,1,7,  ,3,3.0,1,0,1,0,0,0,0,0,0,0,0,0,0,0,0,0,0
14812,2011126180,1647.0,1644.0,48,48301,40.6132,-75.3786,1,0,0,0,0,1,1,12,2011,1,16.0,4.0,3,1.0,3,0,3,  ,0,0.0,0,0,0,0,0,0,0,0,0,0,0,0,0,0,0,1,0
14813,2011126254,1520.0,1515.0,67,67301,39.9356,-75.1554,0,0,0,0,0,0,4,11,2011,2,15.0,1.0,0,1.0,3,2,3,  ,2,3.0,0,0,1,0,0,0,0,0,0,0,0,0,0,0,0,1,0
14814,2011126260,1950.0,1947.0,67,67301,39.9456,-75.165,0,0,0,0,0,0,4,11,2011,2,19.0,3.0,0,1.0,3,1,3,  ,2,3.0,1,0,1,0,0,0,0,0,0,0,0,0,0,0,0,0,0
14815,2011126388,1130.0,1115.0,67,67301,39.9962,-75.1959,0,0,0,0,0,0,4,11,2011,7,11.0,1.0,0,1.0,3,1,3,  ,3,3.0,0,0,1,0,0,0,0,0,0,0,0,0,0,0,0,1,0
14816,2011126396,1433.0,1421.0,67,67301,40.0264,-75.0975,0,0,0,0,0,0,4,11,2011,3,14.0,1.0,0,1.0,3,1,3,  ,2,3.0,0,0,1,0,0,0,0,0,0,0,0,0,0,0,0,1,0
14817,2011126412,1940.0,1935.0,67,67301,40.0946,-75.051,0,0,0,0,0,0,8,11,2011,4,19.0,3.0,0,9.0,3,0,7,  ,0,0.0,0,0,0,0,0,0,0,0,0,0,0,0,0,0,0,0,0
14818,2011126429,9999.0,1530.0,67,67301,39.9799,-75.1429,0,0,0,0,0,0,8,11,2011,6,15.0,1.0,0,2.0,3,1,7,  ,2,9.0,1,0,0,0,0,0,0,0,0,0,0,0,0,0,0,0,0
14819,2011126437,1635.0,1630.0,67,67301,39.9756,-75.1456,0,0,0,0,0,0,4,11,2011,6,16.0,1.0,0,1.0,3,1,3,  ,3,3.0,1,0,1,0,0,0,0,0,0,0,0,0,0,0,0,0,0
14820,2011126453,535.0,525.0,67,67301,39.9447,-75.1809,0,0,0,0,0,0,6,11,2011,5,5.0,1.0,0,1.0,3,2,3,  ,3,9.0,0,0,0,0,0,0,0,0,0,0,0,0,0,0,0,0,0
14821,2011126860,1600.0,1542.0,28,28201,39.7778,-77.6851,0,0,0,0,1,0,2,12,2011,5,15.0,1.0,0,1.0,1,2,3,  ,0,0.0,0,0,0,0,0,0,0,0,0,0,0,0,0,0,0,0,0
14822,2011126986,702.0,648.0,15,15406,39.8438,-75.7034,0,0,1,0,0,0,4,12,2011,5,6.0,1.0,7,1.0,1,0,3,  ,0,0.0,1,0,1,0,1,0,0,0,0,0,1,0,0,0,0,1,0
14823,2011127051,1206.0,1202.0,67,67301,39.9234,-75.1526,0,0,0,0,0,0,4,11,2011,1,11.0,1.0,0,1.0,3,1,3,  ,3,3.0,0,0,1,0,0,0,0,0,0,0,0,0,0,0,0,0,0
14824,2011127074,1743.0,1740.0,67,67301,39.9403,-75.1459,0,0,0,0,0,0,5,11,2011,1,,3.0,0,1.0,3,1,3,  ,3,3.0,0,0,0,0,0,0,0,0,0,0,0,0,0,0,0,0,0
14825,2011127077,1625.0,1619.0,67,67301,39.9644,-75.1887,0,0,0,0,1,0,4,11,2011,5,16.0,1.0,0,1.0,3,1,3,  ,3,3.0,1,0,1,0,0,0,0,0,0,0,0,0,0,1,0,0,0
14826,2011127119,1110.0,1110.0,22,22208,40.3053,-76.8066,0,0,0,0,0,0,4,11,2011,2,11.0,1.0,0,1.0,3,1,3,  ,2,3.0,0,0,1,0,0,0,0,0,0,0,0,0,0,0,0,1,0
14827,2011127146,1659.0,1658.0,63,63403,41.5609,-75.245,0,0,0,0,0,0,5,12,2011,6,16.0,3.0,0,1.0,2,0,3,  ,0,0.0,0,0,0,0,0,0,0,0,0,0,0,0,0,0,0,0,0
14828,2011127641,1811.0,1810.0,17,17404,41.0221,-78.439,0,0,0,0,0,0,4,11,2011,5,18.0,1.0,0,1.0,2,1,3,  ,3,3.0,1,0,1,0,0,0,0,0,0,0,0,0,1,0,0,0,0
14829,2011128421,1842.0,1842.0,35,35407,41.4216,-75.6366,0,0,0,0,0,0,2,12,2011,7,18.0,3.0,0,1.0,3,1,3,  ,0,0.0,1,0,0,0,0,0,0,0,0,0,0,0,0,0,0,0,0
14830,2011128455,905.0,903.0,9,9216,40.2392,-74.965,0,0,0,0,0,0,4,12,2011,6,9.0,1.0,7,1.0,3,2,3,  ,3,3.0,1,0,1,0,0,1,0,0,0,0,1,0,0,0,0,1,0
14831,2011128459,1654.0,1644.0,9,9216,40.2193,-74.9327,0,0,0,0,0,0,4,12,2011,6,16.0,3.0,0,1.0,3,1,3,  ,3,3.0,1,0,1,0,0,0,0,0,0,0,0,0,0,0,0,0,0
14832,2011128506,1749.0,1739.0,2,2301,40.42,-79.9989,0,0,0,0,0,0,4,12,2011,2,17.0,3.0,0,1.0,3,1,3,  ,3,3.0,0,0,1,0,0,0,0,0,0,0,0,0,0,0,0,0,0
14833,2011128700,1602.0,1559.0,2,2301,40.4389,-79.9341,0,0,0,0,0,1,4,12,2011,3,15.0,1.0,0,1.0,3,1,3,  ,3,3.0,1,0,1,0,0,0,0,0,0,0,0,0,0,0,0,0,0
14834,2011128755,1723.0,1716.0,45,45404,40.9805,-75.2064,0,0,0,0,0,0,4,12,2011,6,17.0,3.0,1,1.0,2,2,3,  ,3,3.0,1,0,1,0,0,0,0,0,0,0,0,0,0,0,0,0,0
14835,2011129053,1720.0,1715.0,2,2207,40.5936,-79.9632,0,0,0,0,0,0,1,12,2011,3,17.0,4.0,0,1.0,3,2,3,  ,0,0.0,1,0,0,0,0,0,0,0,0,0,0,0,0,0,0,1,0
14836,2011129362,1940.0,1935.0,45,45214,41.0007,-75.2701,0,0,0,0,0,0,4,12,2011,6,99.0,3.0,0,1.0,1,0,3,  ,2,3.0,0,0,1,0,0,0,0,0,0,0,0,0,0,0,0,0,0
14837,2011130072,1553.0,1547.0,2,2116,40.5393,-79.9953,0,0,0,0,0,0,8,11,2011,7,15.0,1.0,0,1.0,3,2,3,  ,0,0.0,1,0,0,0,0,0,0,0,0,0,0,0,0,0,0,0,0
14838,2011130180,1637.0,1635.0,38,38406,40.3089,-76.5902,0,0,0,0,0,0,4,12,2011,6,16.0,4.0,0,1.0,3,1,3,  ,3,3.0,0,0,1,0,0,0,0,0,0,0,0,0,0,0,0,0,0
14839,2011130739,1724.0,1723.0,40,40301,40.9611,-75.9675,0,0,0,0,0,0,2,12,2011,6,17.0,3.0,0,1.0,2,0,3,  ,0,0.0,0,0,0,0,0,0,0,0,0,0,0,0,0,0,0,0,0
14840,2011130825,24.0,24.0,19,19402,41.0534,-76.2397,0,0,0,0,0,0,4,12,2011,5,0.0,3.0,0,1.0,2,1,3,  ,3,3.0,0,0,1,0,0,0,0,0,0,0,0,0,0,0,0,1,0
14841,2011130951,1436.0,1435.0,1,1407,39.8317,-77.2226,0,1,0,0,1,0,4,12,2011,1,14.0,1.0,0,1.0,2,1,3,  ,0,0.0,0,0,1,0,0,0,0,0,0,0,0,0,0,0,0,1,0
14842,2011131073,1651.0,1646.0,48,48301,40.6506,-75.3772,0,0,0,0,0,1,2,12,2011,2,16.0,3.0,0,1.0,3,1,3,  ,3,3.0,0,0,0,0,0,0,0,0,0,0,0,0,0,0,0,0,0
14843,2011131264,640.0,637.0,2,2301,40.4578,-80.0159,0,0,0,0,0,0,4,12,2011,3,6.0,3.0,0,9.0,3,10,7,  ,0,0.0,0,0,1,0,0,0,0,0,0,0,0,0,0,0,0,0,0
14844,2011131323,1034.0,1025.0,2,2301,40.4528,-79.9367,0,0,0,0,0,1,4,12,2011,3,10.0,1.0,0,9.0,3,1,7,  ,2,3.0,1,0,1,0,0,0,0,0,0,0,0,0,0,0,0,0,0
14845,2011131847,1447.0,1443.0,40,40301,40.9621,-75.9758,0,0,0,0,0,1,4,11,2011,1,14.0,1.0,0,1.0,2,1,3,  ,0,0.0,0,0,1,0,0,0,0,0,0,0,0,0,0,0,0,0,0
14846,2011132034,1825.0,1823.0,38,38403,40.4125,-76.4772,0,0,0,0,0,0,4,5,2011,7,18.0,1.0,0,1.0,1,1,3,  ,3,3.0,0,0,1,0,0,0,0,0,0,0,0,0,0,0,0,0,0
14847,2011132449,1620.0,1616.0,6,6420,40.3236,-76.0232,0,0,0,0,0,1,4,12,2011,5,16.0,1.0,0,1.0,3,1,3,  ,3,3.0,0,0,1,0,0,0,0,0,0,0,0,0,0,0,0,0,0
14848,2011132610,1250.0,1244.0,67,67301,39.9565,-75.2216,0,0,0,0,0,0,8,10,2011,2,12.0,1.0,0,1.0,3,1,3,  ,2,3.0,0,0,0,0,0,0,0,0,0,0,0,0,0,0,0,0,0
14849,2011132666,2050.0,2050.0,67,67301,39.9975,-75.1213,0,0,0,0,0,0,4,11,2011,7,20.0,3.0,0,1.0,3,1,3,  ,2,3.0,0,0,1,0,0,0,0,0,0,0,0,0,0,0,0,0,0
14850,2011132795,53.0,53.0,67,67301,39.9931,-75.1299,0,0,0,0,0,0,1,11,2011,3,0.0,3.0,0,1.0,3,0,3,  ,0,0.0,0,0,0,0,0,0,0,0,0,0,0,0,0,0,0,0,0
14851,2011132829,1506.0,1504.0,67,67301,39.9515,-75.1991,0,0,0,0,0,0,4,11,2011,7,15.0,1.0,0,1.0,3,0,3,  ,2,3.0,0,0,1,0,0,0,0,0,0,0,0,0,0,0,0,0,0
14852,2011132830,2058.0,2058.0,67,67301,39.9505,-75.1926,0,0,0,0,0,1,4,11,2011,4,20.0,3.0,0,9.0,3,1,7,  ,2,3.0,1,0,1,0,0,0,0,0,0,0,0,0,0,0,0,0,0
14853,2011132856,17.0,2148.0,67,67301,39.9452,-75.2177,0,0,0,0,0,0,8,11,2011,2,21.0,3.0,0,1.0,3,1,3,  ,2,3.0,0,0,0,0,0,0,0,0,0,0,0,0,0,0,0,1,0
14854,2011132877,1356.0,1354.0,67,67301,39.9702,-75.1596,0,0,0,0,0,0,8,11,2011,5,13.0,1.0,0,1.0,3,10,3,  ,2,3.0,1,0,0,0,0,0,0,0,0,0,0,0,0,0,0,0,0
14855,2011132878,1505.0,1503.0,67,67301,39.9796,-75.176,0,0,0,0,0,0,4,11,2011,1,15.0,1.0,0,1.0,3,1,3,  ,2,3.0,0,0,1,0,0,0,0,0,0,0,0,0,0,0,0,0,0
14856,2011132898,1109.0,1105.0,67,67301,39.9548,-75.1664,0,0,0,0,0,0,5,11,2011,4,11.0,1.0,0,1.0,3,3,3,  ,2,3.0,1,0,0,0,0,0,0,0,0,0,0,0,0,0,0,1,0
14857,2011132900,9999.0,9999.0,67,67301,39.9704,-75.1647,0,0,0,0,1,0,4,10,2011,2,99.0,3.0,0,1.0,3,1,3,  ,2,3.0,0,0,1,0,0,0,0,0,0,0,0,0,0,0,0,0,0
14858,2011132979,16.0,14.0,67,67301,39.9635,-75.18,0,0,0,0,0,1,4,11,2011,7,0.0,3.0,0,1.0,3,0,3,  ,0,0.0,0,0,1,0,0,0,0,0,0,0,0,0,0,0,0,1,0
14859,2011133730,1341.0,1337.0,36,36234,40.0641,-76.2096,0,0,0,0,0,0,5,12,2011,7,13.0,1.0,0,1.0,1,0,3,  ,0,0.0,0,0,0,0,0,0,0,0,0,0,0,0,0,0,0,0,0
14860,2011134211,1830.0,1828.0,67,67301,39.9498,-75.2071,0,0,0,0,0,0,4,11,2011,2,18.0,3.0,0,1.0,3,1,3,  ,2,3.0,1,0,1,0,0,0,0,0,0,0,0,0,0,0,0,0,0
14861,2011134217,845.0,910.0,67,67301,39.9573,-75.1696,0,0,0,0,0,0,5,11,2011,4,8.0,1.0,0,1.0,3,1,3,  ,2,3.0,0,0,0,0,0,0,0,0,0,0,0,0,0,0,0,0,0
14862,2011134218,940.0,932.0,67,67301,39.9579,-75.1641,0,0,0,0,0,0,4,10,2011,2,9.0,1.0,0,1.0,3,1,3,  ,2,3.0,0,0,1,0,0,0,0,0,0,0,0,0,0,0,0,0,0
14863,2011134662,2138.0,2136.0,67,67301,39.9484,-75.2091,0,0,0,0,0,0,4,12,2011,2,21.0,3.0,0,9.0,3,1,7,  ,3,3.0,0,0,1,0,0,0,0,0,0,0,0,0,0,0,0,0,0
14864,2011134663,441.0,439.0,67,67301,40.0973,-75.0556,0,0,0,0,0,1,4,11,2011,2,4.0,3.0,0,9.0,3,0,7,  ,0,0.0,0,0,1,0,0,0,0,0,0,0,0,0,0,0,0,0,0
14865,2011134670,1841.0,1840.0,67,67301,39.9672,-75.1711,0,0,0,0,0,0,2,10,2011,6,18.0,4.0,0,1.0,3,0,3,  ,0,0.0,0,0,0,0,0,0,0,0,0,0,0,0,0,0,0,0,1
14866,2011134685,1811.0,1807.0,13,13203,40.8303,-75.6996,0,0,0,0,0,0,4,12,2011,4,18.0,2.0,0,1.0,1,1,3,  ,3,3.0,0,0,1,0,0,0,0,0,0,0,0,0,0,0,0,0,0
14867,2011134705,1743.0,1743.0,67,67301,39.9496,-75.2092,0,0,0,0,0,0,2,10,2011,2,17.0,1.0,0,1.0,3,1,3,  ,2,3.0,0,0,0,0,0,0,0,0,0,0,0,0,0,0,0,0,0
14868,2011134712,1328.0,1323.0,67,67301,39.9747,-75.1984,0,0,0,0,0,1,4,11,2011,4,13.0,1.0,2,1.0,3,2,98,  ,2,3.0,0,0,1,0,0,0,0,0,0,0,0,0,0,0,0,0,0
14869,2011134724,1723.0,1714.0,67,67301,39.9573,-75.2153,0,0,0,0,0,0,5,12,2011,2,17.0,1.0,0,1.0,3,1,3,  ,2,9.0,0,0,0,0,0,0,0,0,0,0,0,0,0,0,0,0,0
14870,2011134765,1703.0,1700.0,67,67301,39.9853,-75.2122,0,0,0,0,0,0,5,11,2011,2,17.0,3.0,0,1.0,3,0,3,  ,0,0.0,1,0,0,0,0,0,0,0,0,0,0,0,0,0,0,1,0
14871,2011134772,1404.0,1401.0,67,67301,39.954,-75.1595,0,0,0,0,0,0,8,12,2011,7,13.0,1.0,0,1.0,3,1,3,  ,0,0.0,0,0,0,0,0,0,0,0,0,0,0,0,0,0,0,0,0
14872,2011134810,2335.0,2330.0,67,67301,39.9614,-75.1482,0,0,0,0,0,0,4,11,2011,3,23.0,3.0,0,9.0,3,1,7,  ,2,3.0,1,0,1,0,0,0,0,0,0,0,0,0,0,0,0,0,0
14873,2011134843,1456.0,1456.0,46,46110,40.145,-75.1166,0,0,0,0,0,0,4,11,2011,3,14.0,1.0,7,1.0,3,0,3,  ,0,0.0,1,0,1,0,0,0,0,0,0,0,1,0,0,0,0,0,0
14874,2011135309,2056.0,2054.0,28,28401,39.9264,-77.6492,0,0,0,0,0,1,4,12,2011,5,20.0,2.0,0,1.0,1,1,3,  ,3,3.0,0,1,1,0,0,0,0,0,0,0,0,0,0,0,0,0,0
14875,2012001895,1925.0,1923.0,67,67301,39.955,-75.2382,0,0,0,0,0,0,4,12,2011,4,19.0,3.0,0,9.0,3,1,7,  ,2,3.0,0,0,1,0,0,0,0,0,0,0,0,0,0,0,0,0,0
14876,2012001904,1805.0,1757.0,67,67301,39.9804,-75.1471,0,0,0,0,0,0,4,11,2011,6,17.0,4.0,0,1.0,3,1,3,  ,3,3.0,0,0,1,0,0,0,0,0,0,0,0,0,0,0,0,1,0
14877,2012001982,9999.0,1119.0,67,67301,40.0434,-75.0298,0,0,0,0,0,0,4,12,2011,5,7.0,3.0,0,1.0,3,1,3,  ,3,3.0,0,0,1,0,0,0,0,0,0,0,0,0,0,0,0,0,0
14878,2012002028,1959.0,1956.0,67,67301,39.9644,-75.1764,0,0,0,0,0,0,5,12,2011,7,19.0,3.0,0,1.0,3,1,3,  ,2,3.0,0,0,0,0,0,0,0,0,0,0,0,0,0,0,0,0,0
14879,2012002066,959.0,953.0,67,67301,39.9885,-75.128,0,0,0,0,0,0,8,11,2011,2,9.0,1.0,0,1.0,3,2,3,  ,3,3.0,0,0,0,0,0,0,0,0,0,0,0,0,0,0,0,0,0
14880,2012002088,9999.0,9999.0,67,67301,39.9983,-75.1274,0,0,0,0,0,0,4,12,2011,4,17.0,3.0,0,9.0,3,1,7,  ,2,3.0,1,0,1,0,0,0,0,0,0,0,0,0,0,0,0,0,0
14881,2012002092,1034.0,1034.0,67,67301,39.9612,-75.1466,0,0,0,0,0,1,4,12,2011,1,10.0,1.0,0,1.0,3,1,3,  ,2,3.0,0,0,1,0,0,0,0,0,0,0,0,0,0,0,0,0,0
14882,2012002104,2357.0,2357.0,67,67301,39.9361,-75.2136,0,0,0,0,0,0,5,11,2011,6,23.0,3.0,0,1.0,3,0,3,  ,0,0.0,0,0,0,0,0,0,0,0,0,0,0,0,0,0,0,1,0
14883,2012002112,2136.0,2135.0,67,67301,39.9325,-75.1459,0,0,0,0,0,0,4,12,2011,6,21.0,3.0,0,1.0,3,2,3,  ,0,0.0,0,0,1,0,0,0,0,0,0,0,0,0,0,0,0,0,0
14884,2012002117,1001.0,1001.0,67,67301,40.0352,-75.1455,0,0,0,0,1,0,4,12,2011,1,10.0,1.0,0,1.0,3,1,3,  ,2,3.0,0,0,1,0,0,0,0,0,0,0,0,0,0,0,0,0,0
14885,2012002132,2035.0,2029.0,67,67301,40.0015,-75.153,0,0,0,0,0,0,4,11,2011,1,20.0,3.0,0,1.0,3,0,3,  ,0,0.0,0,0,1,0,0,0,0,0,0,0,0,0,0,0,0,0,0
14886,2012002138,1755.0,1745.0,67,67301,39.942,-75.1676,0,0,0,0,0,0,4,12,2011,7,17.0,2.0,0,1.0,3,1,3,  ,3,3.0,0,0,1,0,0,0,0,0,0,0,0,0,0,0,0,1,0
14887,2012002534,855.0,852.0,67,67301,39.9525,-75.2093,0,0,0,0,0,0,6,11,2011,4,8.0,1.0,0,1.0,3,1,3,  ,2,3.0,0,0,0,0,0,0,0,0,0,0,0,0,0,0,0,0,0
14888,2012004263,531.0,528.0,67,67301,40.1079,-75.0264,0,0,0,0,0,0,1,11,2011,5,5.0,3.0,0,1.0,3,3,3,  ,2,3.0,1,0,0,0,0,0,0,0,0,0,0,0,0,0,0,0,0
14889,2012004305,1915.0,1910.0,67,67301,39.9546,-75.1648,0,0,0,0,0,1,4,12,2011,6,19.0,3.0,0,1.0,3,1,3,  ,2,3.0,0,0,1,0,0,0,0,0,0,0,0,0,0,0,0,0,0
14890,2012004307,11.0,10.0,67,67301,39.9532,-75.1534,0,0,0,0,0,1,5,12,2011,6,22.0,3.0,0,1.0,3,0,3,  ,0,0.0,0,0,0,0,0,0,0,0,0,0,0,0,0,0,0,0,0
14891,2012004386,1741.0,1740.0,66,66413,39.8044,-76.9937,0,0,0,0,0,0,4,12,2011,3,17.0,3.0,0,9.0,2,1,3,  ,3,3.0,0,0,1,0,0,0,0,0,0,0,0,0,0,0,0,0,0
14892,2012004766,748.0,745.0,67,67301,39.9912,-75.1817,0,0,1,0,0,0,6,12,2011,1,99.0,1.0,0,1.0,3,0,3,  ,0,0.0,0,0,0,0,1,0,0,0,0,0,0,0,0,0,0,0,0
14893,2012004796,702.0,700.0,67,67301,39.96,-75.1926,0,0,0,0,0,0,4,12,2011,2,6.0,5.0,0,1.0,3,1,3,  ,2,3.0,1,0,1,0,0,0,0,0,0,0,0,0,0,0,0,0,0
14894,2012004869,1818.0,1814.0,67,67301,39.9885,-75.1241,1,0,0,0,1,1,2,11,2011,6,18.0,3.0,0,1.0,3,0,3,  ,0,0.0,0,0,0,0,0,0,0,1,0,1,0,0,0,0,0,0,0
14895,2012004893,1959.0,1959.0,67,67301,39.9527,-75.2106,0,0,0,0,0,0,4,12,2011,7,19.0,2.0,0,1.0,3,1,3,  ,2,3.0,1,0,1,0,0,0,0,0,0,0,0,0,0,0,0,0,0
14896,2012004924,1729.0,1720.0,67,67301,40.0334,-75.0752,0,0,0,0,0,0,4,12,2011,2,17.0,3.0,0,1.0,3,0,3,  ,3,3.0,0,0,1,0,0,0,0,0,0,0,0,0,0,0,0,0,0
14897,2012004932,2130.0,2130.0,67,67301,39.9538,-75.1429,0,0,0,0,0,0,8,12,2011,1,21.0,3.0,0,1.0,3,1,3,  ,2,3.0,1,1,0,0,0,0,0,0,0,0,0,0,0,1,0,0,0
14898,2012004945,1725.0,1723.0,67,67301,39.955,-75.168,0,0,0,0,0,0,8,12,2011,6,17.0,3.0,0,1.0,3,1,3,  ,2,3.0,1,0,0,0,0,0,0,0,0,0,0,1,0,0,0,0,0
14899,2012004992,1221.0,1219.0,67,67301,39.9617,-75.1561,0,0,0,0,0,1,4,12,2011,6,12.0,1.0,0,1.0,3,2,3,  ,2,3.0,0,0,1,0,0,0,0,0,0,0,0,0,0,0,0,0,0
14900,2012005002,1550.0,1540.0,67,67301,40.0403,-75.1819,0,0,0,0,0,0,4,12,2011,2,15.0,1.0,0,1.0,3,1,3,  ,3,3.0,0,1,1,0,0,0,0,0,0,0,0,0,0,0,0,0,0
14901,2012007867,1244.0,1236.0,25,25408,42.0128,-80.3365,0,0,0,0,1,0,4,12,2011,3,12.0,1.0,0,9.0,1,1,7,  ,3,3.0,0,0,1,0,0,0,0,0,0,0,0,0,0,0,0,0,0
14902,2012010070,1813.0,1811.0,67,67301,39.9673,-75.174,0,0,0,0,0,0,4,12,2011,4,18.0,3.0,0,9.0,3,1,7,  ,0,0.0,1,0,1,0,0,0,0,0,0,0,0,0,0,0,0,0,0
14903,2012012590,1815.0,1813.0,67,67301,39.9522,-75.2069,0,0,0,0,0,0,4,12,2011,5,18.0,3.0,0,1.0,3,1,3,  ,2,3.0,1,0,1,0,0,0,0,0,0,0,0,0,0,0,0,0,0
14904,2012012598,1028.0,1023.0,67,67301,39.9243,-75.1694,0,0,0,0,0,0,4,12,2011,6,10.0,1.0,7,1.0,3,0,3,  ,0,0.0,0,0,1,0,0,0,0,0,0,0,0,0,0,0,0,0,0
14905,2012012632,1710.0,1708.0,67,67301,39.9521,-75.1611,0,0,0,0,0,0,4,11,2011,3,17.0,3.0,0,9.0,3,0,7,  ,0,0.0,0,0,1,0,0,0,0,0,0,0,0,0,0,0,0,0,0
14906,2012015360,1148.0,1147.0,67,67301,39.95,-75.1913,0,0,0,0,0,0,5,12,2011,3,11.0,1.0,0,1.0,3,0,3,  ,0,0.0,0,0,0,0,0,0,0,0,0,0,0,0,0,0,0,0,0
14907,2012017843,1937.0,1937.0,25,25302,42.0863,-80.1095,0,0,0,0,0,0,4,12,2011,1,19.0,3.0,0,9.0,3,1,7,  ,3,3.0,0,0,1,0,0,0,0,0,0,0,0,0,0,0,0,1,0
14908,2012017890,1710.0,1702.0,67,67301,39.9536,-75.186,0,0,0,0,0,0,6,12,2011,3,17.0,3.0,0,9.0,3,0,7,  ,0,0.0,0,0,0,0,0,0,0,0,0,0,0,0,0,0,0,0,0
14909,2012019485,0.0,0.0,2,2301,40.4474,-79.9425,0,0,0,0,0,0,5,4,2011,7,14.0,1.0,0,1.0,3,1,3,  ,2,3.0,1,0,0,0,0,0,0,0,0,0,0,0,0,0,0,0,0
14910,2012020145,0.0,0.0,67,67301,40.0585,-75.1529,0,0,0,0,1,0,5,2,2011,3,10.0,1.0,0,1.0,3,0,3,  ,0,0.0,0,0,0,0,0,0,0,0,0,0,0,0,0,0,0,0,0
14911,2012020237,0.0,0.0,67,67301,39.9973,-75.0894,0,0,0,0,0,0,4,2,2011,1,10.0,1.0,0,1.0,3,1,3,  ,2,3.0,1,0,1,0,0,0,0,0,0,0,0,0,0,0,0,0,0
14912,2012021302,0.0,0.0,67,67301,39.9453,-75.2418,0,0,0,0,0,0,4,6,2011,4,16.0,1.0,0,1.0,3,1,3,  ,0,0.0,0,0,1,0,0,0,0,0,0,0,0,0,0,0,0,0,0
14913,2012021327,0.0,0.0,14,14410,40.7896,-77.8622,0,0,0,0,0,0,4,8,2011,5,12.0,1.0,0,1.0,3,1,3,  ,3,3.0,1,0,1,0,0,0,0,0,0,0,0,0,0,0,0,0,0
14914,2012022599,1245.0,1239.0,67,67301,40.0189,-75.0495,0,0,0,0,0,0,1,12,2011,6,12.0,1.0,0,1.0,3,1,3,  ,3,3.0,0,0,0,0,0,0,0,0,0,0,0,0,0,0,0,0,0