,CRN,ARRIVAL_TM,DISPATCH_TM,COUNTY,MUNICIPALITY,DEC_LAT,DEC_LONG,BICYCLE_DEATH_COUNT,BICYCLE_SUSP_SERIOUS_INJ_COUNT,BUS_COUNT,HEAVY_TRUCK_COUNT,SMALL_TRUCK_COUNT,SUV_COUNT,COLLISION_TYPE,CRASH_MONTH,CRASH_YEAR,DAY_OF_WEEK,HOUR_OF_DAY,ILLUMINATION,LOCATION_TYPE,ROAD_CONDITION,URBAN_RURAL,INTERSECT_TYPE,WEATHER1,WEATHER2,TCD_TYPE,TCD_FUNC_CD,AGGRESSIVE_DRIVING,ALCOHOL_RELATED,ANGLE_CRASH,CELL_PHONE,COMM_VEHICLE,DISTRACTED,DRINKING_DRIVER,DRUGGED_DRIVER,FATIGUE_ASLEEP,IMPAIRED_DRIVER,NHTSA_AGG_DRIVING,RUNNING_RED_LT,RUNNING_STOP_SIGN,SPEEDING_RELATED,TAILGATING,MATURE_DRIVER,YOUNG_DRIVER
14915,2012022651,0.0,0.0,46,46104,40.0121,-75.2995,0,0,0,0,0,1,4,9,2011,7,17.0,1.0,0,1.0,3,2,3,  ,0,0.0,1,0,1,0,0,0,0,0,0,0,0,0,0,0,0,0,0
14916,2012023026,0.0,0.0,15,15414,39.9639,-75.5977,0,0,0,0,0,0,4,9,2011,3,17.0,1.0,0,1.0,3,2,3,  ,3,3.0,1,0,1,0,0,0,0,0,0,0,0,0,0,0,0,0,0
14917,2012023052,0.0,0.0,36,36235,40.1518,-76.2457,0,0,0,0,0,0,4,9,2011,4,17.0,1.0,7,1.0,1,0,7,  ,0,0.0,1,0,1,0,0,0,0,0,0,0,1,0,0,0,0,0,0
14918,2012023497,0.0,0.0,67,67301,40.0189,-75.0726,0,0,0,0,0,0,4,11,2011,5,19.0,6.0,0,1.0,3,1,3,  ,0,0.0,1,0,1,0,0,0,0,0,0,0,0,0,0,0,0,0,0
14919,2012023519,0.0,0.0,67,67301,39.9449,-75.1598,0,0,0,0,0,0,5,10,2011,6,22.0,6.0,0,1.0,3,0,3,  ,0,0.0,0,0,0,0,0,0,0,0,0,0,0,0,0,0,0,0,0
14920,2012030750,1505.0,1502.0,23,23102,39.901,-75.2663,0,0,0,0,0,0,4,6,2011,2,99.0,1.0,0,1.0,3,2,3,  ,0,0.0,0,0,1,0,0,0,0,0,0,0,0,0,0,0,0,0,0
14921,2012036811,1545.0,1543.0,67,67301,39.904,-75.2401,0,0,0,0,0,0,4,12,2011,4,15.0,1.0,0,1.0,3,1,3,  ,2,3.0,1,0,1,0,0,1,0,0,0,0,0,0,1,0,0,0,0
14922,2012041618,2244.0,2240.0,67,67301,39.9898,-75.1737,0,0,0,0,0,1,4,6,2011,4,22.0,3.0,0,1.0,3,1,3,  ,2,3.0,0,0,1,0,0,0,0,0,0,0,0,0,0,0,0,0,0
14923,2012042140,15.0,2328.0,67,67301,39.9614,-75.1368,0,0,1,0,0,0,4,10,2011,2,22.0,3.0,7,1.0,3,0,3,  ,0,0.0,1,0,1,0,1,0,0,0,0,0,0,0,0,0,0,0,0
14924,2013024913,1320.0,1305.0,67,67301,39.9853,-75.0784,0,1,0,0,0,1,2,5,2011,2,11.0,1.0,0,1.0,3,0,3,  ,0,0.0,0,0,0,0,0,0,0,0,0,0,0,0,0,0,0,0,0
14925,2013029602,2040.0,2035.0,67,67301,40.0201,-75.1652,0,0,0,0,0,0,4,8,2011,4,20.0,4.0,0,9.0,3,2,7,  ,0,0.0,0,0,1,0,0,0,0,0,0,0,0,0,0,0,0,0,0
14926,2013029667,2108.0,2107.0,67,67301,40.0116,-75.0899,0,0,0,0,0,0,5,11,2011,3,21.0,3.0,0,1.0,3,0,3,  ,0,0.0,0,1,0,0,0,0,1,1,0,1,0,0,0,0,0,0,0
14927,2012000592,914.0,914.0,10,10301,40.8626,-79.9064,1,0,0,0,0,0,5,1,2012,3,9.0,1.0,0,7.0,2,0,3,  ,0,0.0,0,1,0,0,0,0,0,0,0,0,0,0,0,0,0,1,0
14928,2012002867,1934.0,1911.0,18,18301,41.1374,-77.4423,0,0,0,0,0,0,4,1,2012,6,18.0,3.0,0,1.0,2,1,3,  ,0,0.0,0,0,1,0,0,0,0,0,0,0,0,0,0,0,0,0,0
14929,2012003063,1526.0,1522.0,2,2301,40.4541,-79.9375,0,0,0,0,0,0,8,1,2012,1,15.0,1.0,0,1.0,3,0,3,  ,0,0.0,1,0,0,0,0,0,0,0,0,0,0,0,0,0,0,0,0
14930,2012003362,1710.0,1654.0,66,66205,39.9457,-76.8292,0,0,0,0,0,0,4,1,2012,7,16.0,4.0,0,1.0,1,1,3,  ,2,3.0,1,1,1,1,0,1,0,0,0,0,0,0,0,0,0,0,0
14931,2012003743,808.0,807.0,31,31407,40.4862,-78.0164,0,0,0,0,0,0,4,1,2012,4,8.0,1.0,0,1.0,2,2,3,  ,2,3.0,0,0,1,0,0,0,0,0,0,0,0,0,0,0,0,1,0
14932,2012003844,2057.0,2054.0,10,10101,40.8325,-79.9231,0,1,0,0,0,0,1,1,2012,4,20.0,2.0,0,1.0,2,0,3,  ,0,0.0,0,1,0,0,0,0,0,0,0,0,0,0,0,0,0,0,0
14933,2012004417,1707.0,1659.0,22,22410,40.5421,-76.9622,0,0,0,0,0,1,4,1,2012,1,16.0,4.0,0,1.0,1,1,3,  ,0,0.0,0,1,1,0,0,0,0,0,0,0,0,0,0,0,0,0,0
14934,2012004701,1359.0,1357.0,2,2402,40.4986,-80.0618,0,0,0,0,0,0,4,1,2012,3,13.0,1.0,0,1.0,3,1,3,  ,0,0.0,0,0,1,0,0,0,0,0,0,0,0,0,0,0,0,0,1
14935,2012007146,903.0,902.0,23,23427,39.9312,-75.265,0,0,0,0,0,0,8,1,2012,4,9.0,1.0,0,1.0,3,1,3,  ,2,3.0,0,0,0,0,0,0,0,0,0,0,0,0,0,0,0,1,0
14936,2012007548,2045.0,2045.0,46,46104,39.9887,-75.2786,0,0,0,0,0,0,4,1,2012,6,20.0,3.0,0,1.0,3,1,3,  ,2,3.0,0,0,1,0,0,0,0,0,0,0,0,0,0,0,0,0,0
14937,2012007549,1114.0,1112.0,46,46104,40.0246,-75.2297,0,0,0,0,0,0,4,1,2012,2,11.0,1.0,7,1.0,3,0,3,  ,0,0.0,1,0,1,0,0,0,0,0,0,0,0,0,0,0,0,1,0
14938,2012008840,1645.0,1640.0,21,21404,40.2072,-77.0095,0,0,0,0,0,0,4,1,2012,2,16.0,1.0,0,1.0,3,1,3,  ,0,0.0,0,0,1,0,0,0,0,0,0,0,0,0,0,0,0,0,0
14939,2012009038,1202.0,1153.0,39,39301,40.6078,-75.4574,0,0,0,0,0,0,4,1,2012,2,11.0,1.0,0,9.0,3,2,3,  ,0,0.0,0,0,1,0,0,0,0,0,0,0,0,0,0,0,0,0,0
14940,2012009048,1245.0,1240.0,25,25302,42.1265,-80.0832,0,0,0,0,0,0,4,1,2012,2,11.0,1.0,0,9.0,3,1,3,  ,2,3.0,0,0,1,0,0,0,0,0,0,0,0,0,0,0,0,0,0
14941,2012011254,1318.0,1316.0,25,25214,42.2108,-79.8487,0,0,0,0,0,1,4,1,2012,4,13.0,1.0,0,1.0,1,2,3,  ,3,3.0,0,0,1,0,0,0,0,0,0,0,0,0,0,0,0,0,0
14942,2012011491,1622.0,1620.0,2,2302,40.3095,-79.894,0,0,0,0,0,0,4,1,2012,1,16.0,1.0,0,1.0,3,2,3,  ,0,0.0,0,0,1,0,0,0,0,0,0,0,0,0,0,0,0,0,0
14943,2012012459,1613.0,1612.0,46,46415,40.3968,-75.4977,0,0,0,0,0,0,4,1,2012,3,16.0,1.0,0,1.0,1,2,3,  ,3,3.0,0,0,1,0,0,0,0,0,0,0,0,0,0,0,0,0,0
14944,2012012661,1825.0,1815.0,67,67301,39.9597,-75.1952,0,0,0,0,0,0,4,1,2012,3,18.0,3.0,0,1.0,3,1,3,  ,0,0.0,1,0,1,0,0,0,0,0,0,0,0,0,0,0,0,0,0
14945,2012012692,1714.0,1706.0,6,6301,40.3457,-75.943,0,0,0,0,0,0,4,2,2012,4,16.0,1.0,0,1.0,3,1,3,  ,3,3.0,0,0,1,0,0,0,0,0,0,0,0,0,0,0,0,0,0
14946,2012012992,720.0,720.0,9,9220,40.4131,-75.3417,0,0,0,0,1,0,1,2,2012,5,6.0,2.0,0,1.0,1,0,3,  ,0,0.0,0,0,0,0,0,0,0,0,0,0,0,0,0,0,0,0,0
14947,2012013098,9999.0,103.0,67,67301,39.9858,-75.1525,0,0,0,0,0,1,4,1,2012,1,10.0,1.0,0,1.0,3,10,3,  ,2,3.0,0,0,1,0,0,0,0,0,0,0,0,0,0,0,0,0,0
14948,2012013539,1624.0,1623.0,46,46410,40.0985,-75.1258,0,0,0,0,1,0,4,2,2012,6,16.0,1.0,0,1.0,3,2,3,  ,0,0.0,0,0,1,0,0,0,0,0,0,0,0,0,0,0,0,0,0
14949,2012013864,2010.0,2007.0,9,9101,40.1191,-74.8589,0,1,0,0,0,0,2,2,2012,7,20.0,2.0,0,1.0,3,0,3,  ,0,0.0,0,0,0,0,0,0,0,0,0,0,0,0,0,0,0,0,0
14950,2012014095,255.0,252.0,22,22301,40.2451,-76.8604,1,0,0,0,0,0,1,1,2012,7,2.0,3.0,0,1.0,3,0,3,  ,0,0.0,1,0,0,0,0,0,0,0,0,0,0,0,0,1,0,0,0
14951,2012014491,1633.0,1622.0,10,10301,40.8547,-79.886,0,0,0,0,0,1,4,2,2012,2,16.0,1.0,0,1.0,2,2,3,  ,3,3.0,1,0,1,0,0,0,0,0,0,0,0,0,1,0,0,0,0
14952,2012014879,940.0,938.0,14,14410,40.8002,-77.8601,0,0,0,0,0,0,4,2,2012,3,7.0,1.0,7,1.0,3,0,3,  ,0,0.0,0,0,1,0,0,0,0,0,0,0,0,0,0,0,0,0,0
14953,2012014933,1528.0,1526.0,19,19501,41.0006,-76.4469,0,0,0,0,0,0,2,2,2012,6,15.0,1.0,0,1.0,2,1,3,  ,2,3.0,1,0,0,0,0,0,0,0,0,0,0,0,0,0,0,1,0
14954,2012015136,1650.0,1647.0,32,32223,40.5943,-79.1621,0,0,0,0,0,1,4,2,2012,2,16.0,1.0,0,1.0,1,1,3,  ,2,3.0,0,0,1,0,0,0,0,0,0,0,0,0,0,0,0,0,0
14955,2012015362,1815.0,1811.0,67,67301,39.9527,-75.2106,0,0,0,0,0,0,1,1,2012,2,18.0,3.0,0,1.0,3,1,3,  ,2,3.0,0,0,0,0,0,0,0,0,0,0,0,0,0,0,0,0,0
14956,2012015383,1232.0,1227.0,67,67301,40.033,-75.1069,0,0,0,0,0,1,4,1,2012,2,12.0,1.0,7,1.0,3,0,99,  ,0,0.0,0,0,1,0,0,0,0,0,0,0,0,0,0,0,0,1,0
14957,2012015446,1253.0,1249.0,67,67301,39.9241,-75.1676,0,0,0,0,0,0,4,1,2012,1,12.0,1.0,0,1.0,3,1,3,  ,2,2.0,1,0,1,0,0,0,0,0,0,0,0,0,0,1,0,0,0
14958,2012015476,225.0,223.0,67,67301,39.9497,-75.221,0,0,0,0,0,0,8,1,2012,1,2.0,3.0,0,1.0,3,1,3,  ,3,3.0,1,0,0,0,0,0,0,0,0,0,0,0,0,0,0,0,1
14959,2012015502,820.0,812.0,67,67301,39.9625,-75.1622,0,0,0,0,0,0,5,1,2012,3,8.0,1.0,0,1.0,3,0,3,  ,0,0.0,0,0,0,0,0,0,0,0,0,0,0,0,0,0,0,0,0
14960,2012016479,1240.0,1237.0,47,47401,40.9642,-76.6164,0,0,0,0,0,0,8,1,2012,6,12.0,1.0,0,1.0,2,1,3,  ,2,3.0,0,0,0,0,0,1,0,0,0,0,0,0,0,0,0,0,0
14961,2012016985,1607.0,1606.0,46,46101,40.1402,-75.1182,0,0,0,0,0,1,4,2,2012,7,16.0,1.0,0,1.0,3,0,3,  ,3,3.0,0,0,1,0,0,0,0,0,0,0,0,0,0,0,0,1,0
14962,2012017236,2001.0,1952.0,1,1219,39.8522,-77.217,0,0,0,0,0,0,4,2,2012,6,19.0,3.0,7,9.0,2,0,10,  ,0,0.0,1,0,1,0,0,0,0,0,0,0,0,0,0,0,0,0,0
14963,2012017921,9999.0,1938.0,67,67301,39.956,-75.2176,0,0,0,0,0,0,8,1,2012,3,17.0,4.0,0,1.0,3,10,3,  ,2,3.0,0,0,0,0,0,0,0,0,0,0,0,0,0,0,0,0,0
14964,2012017988,1837.0,1837.0,22,22208,40.3022,-76.8104,0,0,0,0,0,0,4,2,2012,4,18.0,2.0,0,1.0,3,1,3,  ,0,0.0,1,0,1,0,0,1,0,0,0,0,0,0,0,0,0,0,0
14965,2012018102,2143.0,2139.0,14,14206,40.8022,-77.8782,0,0,0,0,0,0,4,2,2012,4,21.0,2.0,0,1.0,1,2,3,  ,0,0.0,0,0,1,0,0,0,0,0,0,0,0,0,0,0,0,0,0
14966,2012018109,505.0,458.0,64,64430,40.3848,-79.7613,0,0,0,0,0,0,4,2,2012,4,4.0,3.0,0,1.0,3,2,3,  ,3,3.0,0,0,1,0,0,0,0,0,0,0,0,0,0,0,0,0,0
14967,2012019516,725.0,722.0,14,14410,40.7885,-77.8487,0,0,0,0,0,0,4,2,2012,3,7.0,1.0,0,1.0,3,1,3,  ,3,3.0,0,0,1,0,0,0,0,0,0,0,0,0,0,0,0,0,0
14968,2012019752,1657.0,1647.0,22,22203,40.3837,-76.6933,0,0,0,0,0,0,4,2,2012,6,16.0,1.0,7,1.0,1,0,3,  ,0,0.0,1,0,1,0,0,0,0,0,0,0,0,0,0,0,0,0,0
14969,2012019919,1407.0,1407.0,21,21403,40.2453,-76.8927,0,0,0,0,0,0,8,2,2012,6,14.0,1.0,0,1.0,3,1,3,  ,0,0.0,0,0,0,0,0,0,0,0,0,0,0,0,0,0,0,1,0
14970,2012019945,1250.0,1245.0,67,67301,39.961,-75.1454,0,0,0,0,1,0,5,1,2012,6,12.0,1.0,0,1.0,3,0,3,  ,2,3.0,0,0,0,0,0,0,0,0,0,0,0,0,0,0,0,0,0
14971,2012020275,725.0,720.0,6,6416,40.3502,-76.1317,0,0,0,0,0,0,4,2,2012,4,7.0,1.0,0,1.0,1,1,3,  ,3,3.0,0,0,1,0,0,0,0,0,0,0,0,0,0,0,0,0,0
14972,2012020386,1458.0,1450.0,67,67301,39.9779,-75.2061,0,0,0,0,0,0,2,2,2012,4,14.0,1.0,0,1.0,3,2,3,  ,3,3.0,0,0,0,0,0,0,0,0,0,0,0,0,0,0,0,0,0
14973,2012020395,1920.0,1920.0,67,67301,39.9485,-75.1768,0,0,0,0,0,0,1,1,2012,3,19.0,3.0,0,1.0,3,0,3,  ,0,0.0,0,1,0,0,0,0,1,0,0,1,0,0,0,0,0,0,0
14974,2012020467,1719.0,1719.0,67,67301,39.9763,-75.1198,0,0,0,0,0,0,5,1,2012,3,17.0,1.0,0,1.0,3,3,3,  ,2,9.0,1,0,0,0,0,0,0,0,0,0,0,0,0,0,0,0,0
14975,2012020484,2057.0,2057.0,67,67301,39.9525,-75.2093,0,0,0,0,0,0,4,1,2012,4,20.0,3.0,0,1.0,3,1,3,05,2,3.0,1,0,1,0,0,0,0,0,0,0,0,0,0,0,0,0,0
14976,2012020508,801.0,754.0,67,67301,39.9623,-75.1613,0,0,0,0,0,0,4,1,2012,3,7.0,1.0,0,1.0,3,1,3,  ,2,3.0,0,0,1,0,0,0,0,0,0,0,0,0,0,0,0,0,0
14977,2012020591,903.0,900.0,67,67301,39.9702,-75.1596,0,0,0,0,0,0,4,1,2012,3,8.0,1.0,0,1.0,3,1,3,  ,2,3.0,0,0,1,0,0,0,0,0,0,0,0,0,0,0,0,0,0
14978,2012020930,1440.0,1439.0,36,36301,40.0366,-76.3033,0,0,0,0,0,0,4,2,2012,7,14.0,1.0,0,1.0,3,1,3,  ,2,3.0,0,0,1,0,0,0,0,0,0,0,0,0,0,0,0,0,0
14979,2012021711,1503.0,1503.0,23,23427,39.9365,-75.2535,0,0,0,0,0,0,4,2,2012,7,15.0,1.0,0,1.0,3,1,3,  ,2,3.0,1,0,1,0,0,0,0,0,0,0,0,0,0,0,0,0,0
14980,2012021944,1333.0,1331.0,23,23111,39.9644,-75.2703,0,0,0,0,0,0,4,2,2012,1,13.0,1.0,0,1.0,3,0,3,  ,0,0.0,0,0,1,0,0,0,0,0,0,0,0,0,0,0,0,1,0
14981,2012022737,1543.0,1542.0,46,46424,40.0678,-75.32,0,1,0,0,0,0,4,2,2012,3,15.0,1.0,0,1.0,3,1,3,  ,0,0.0,0,0,1,0,0,0,0,0,0,0,0,0,0,0,0,0,0
14982,2012023103,1000.0,953.0,14,14410,40.7824,-77.855,0,0,0,0,0,0,4,2,2012,4,9.0,1.0,0,9.0,3,2,7,  ,3,2.0,1,0,1,0,0,0,0,0,0,0,0,0,0,0,0,0,0
14983,2012024564,1533.0,1532.0,2,2304,40.3446,-79.8636,0,0,0,0,0,0,2,3,2012,7,15.0,1.0,0,1.0,3,2,3,  ,0,0.0,0,0,0,0,0,1,0,0,0,0,0,0,0,0,0,0,0
14984,2012024809,1143.0,1142.0,23,23112,,,0,0,0,0,0,1,4,3,2012,5,11.0,1.0,7,1.0,3,0,3,  ,0,0.0,0,0,1,0,0,0,0,0,0,0,0,0,0,0,0,0,0
14985,2012024953,1510.0,1500.0,2,2301,40.2756,-79.8903,0,0,0,0,0,1,4,3,2012,6,14.0,1.0,7,1.0,3,0,3,  ,0,0.0,0,0,1,0,0,0,0,0,0,0,0,0,0,0,0,0,0
14986,2012025380,1515.0,1511.0,49,49302,40.8668,-76.7867,0,0,0,0,0,0,4,2,2012,3,15.0,1.0,0,1.0,2,1,3,  ,3,3.0,0,0,1,0,0,0,0,0,0,0,0,0,0,0,0,0,0
14987,2012025387,1933.0,1932.0,2,2110,40.5162,-80.1457,0,0,0,0,0,0,4,3,2012,7,19.0,3.0,0,1.0,3,0,3,  ,0,0.0,0,1,1,0,0,0,0,0,0,0,0,0,0,0,0,0,0
14988,2012025476,1642.0,1640.0,2,2301,40.4251,-79.9641,0,0,0,0,0,0,4,3,2012,4,16.0,1.0,0,1.0,3,1,3,  ,0,0.0,0,0,1,0,0,0,0,0,0,0,0,0,0,0,0,0,0
14989,2012025714,830.0,821.0,2,2301,40.4725,-79.959,0,1,0,1,1,0,5,3,2012,5,8.0,1.0,0,1.0,3,0,3,  ,0,0.0,0,0,0,0,1,0,0,0,0,0,0,0,0,0,0,0,0
14990,2012025732,1033.0,1032.0,10,10301,40.8608,-79.9053,0,0,0,0,0,0,4,3,2012,5,10.0,1.0,0,9.0,2,2,7,  ,0,0.0,0,0,1,0,0,0,0,0,0,0,0,0,0,0,0,1,0
14991,2012025837,1658.0,1654.0,30,30406,39.8932,-80.1886,0,0,0,0,0,0,4,3,2012,5,16.0,1.0,0,9.0,1,1,7,  ,3,3.0,0,0,1,0,0,0,0,0,0,0,0,0,0,0,0,0,0
14992,2012025859,1820.0,1815.0,6,6301,40.3504,-75.9254,0,1,0,0,0,0,4,3,2012,5,18.0,4.0,0,1.0,3,0,3,  ,0,0.0,0,0,1,0,0,0,0,0,0,0,0,0,0,0,0,0,0
14993,2012026047,1511.0,1504.0,40,40302,41.2046,-76.0033,0,0,0,0,0,0,2,3,2012,6,14.0,1.0,0,1.0,3,2,3,  ,0,0.0,0,0,0,0,0,0,0,0,0,0,0,0,0,0,0,1,0
14994,2012026051,1715.0,1711.0,40,40301,40.9624,-75.9706,0,0,0,0,0,0,4,3,2012,1,17.0,1.0,0,1.0,2,1,3,  ,0,0.0,0,0,1,0,0,1,0,0,0,0,0,0,0,0,0,0,0
14995,2012026063,923.0,921.0,67,67301,39.9503,-75.1918,0,0,0,0,0,0,5,2,2012,3,9.0,1.0,0,1.0,3,0,3,  ,0,0.0,1,0,0,0,0,0,0,0,0,0,0,0,0,0,0,0,0
14996,2012026275,1330.0,1330.0,67,67301,39.9932,-75.1358,0,0,0,0,0,1,4,2,2012,1,13.0,1.0,0,1.0,3,1,3,  ,3,3.0,0,0,1,0,0,1,0,0,0,0,0,0,0,0,0,0,0
14997,2012026363,2148.0,2143.0,2,2203,40.5277,-80.2691,0,0,0,0,0,0,1,3,2012,6,21.0,3.0,0,1.0,3,0,3,  ,0,0.0,0,0,0,0,0,0,0,0,0,0,0,0,0,0,0,0,0
14998,2012026584,655.0,649.0,22,22102,40.2669,-76.7605,1,0,0,0,0,0,4,3,2012,6,6.0,1.0,0,1.0,3,2,3,  ,3,3.0,0,0,1,0,0,0,0,0,0,0,0,0,0,0,0,0,0
14999,2012026671,1417.0,1412.0,36,36209,40.1148,-76.0954,0,0,0,0,1,0,5,3,2012,3,14.0,1.0,0,1.0,1,0,3,  ,0,0.0,0,0,0,0,0,0,0,0,0,0,0,0,0,0,0,1,0
15000,2012026683,1312.0,1312.0,2,2301,40.4457,-80.0125,0,0,0,0,0,0,9,3,2012,1,13.0,1.0,0,1.0,3,0,3,  ,0,0.0,0,0,0,0,0,0,0,0,0,0,0,0,0,0,0,0,0
15001,2012026692,1324.0,1319.0,36,36101,40.0611,-76.3007,0,0,0,0,0,0,5,3,2012,7,13.0,1.0,0,1.0,3,0,3,  ,0,0.0,0,0,0,0,0,0,0,0,0,0,0,0,0,0,0,0,1
15002,2012026763,1955.0,1950.0,2,2301,40.4586,-79.908,0,0,0,0,0,0,1,3,2012,1,19.0,3.0,0,1.0,3,1,3,  ,2,3.0,0,0,0,0,0,0,0,0,0,0,0,0,0,0,0,0,0
15003,2012026892,2021.0,2018.0,21,21403,40.2414,-76.8883,0,0,0,0,0,0,4,2,2012,6,20.0,3.0,0,1.0,3,1,3,  ,2,3.0,0,0,1,0,0,0,0,0,0,0,0,0,0,0,0,0,1
15004,2012026931,1445.0,1439.0,23,23106,40.0387,-75.3688,0,1,0,1,0,0,4,3,2012,6,14.0,1.0,0,1.0,3,2,3,  ,3,3.0,1,0,1,0,1,1,0,1,0,1,1,0,1,1,0,0,0
15005,2012027493,1639.0,1633.0,2,2301,40.4719,-80.0291,0,0,0,0,1,1,6,3,2012,3,16.0,1.0,0,1.0,3,2,3,  ,0,0.0,0,0,0,0,0,0,0,0,0,0,0,0,0,0,0,0,0
15006,2012027521,1919.0,1914.0,46,46102,40.0885,-75.183,0,0,0,0,0,0,4,3,2012,3,19.0,4.0,0,1.0,3,1,3,  ,2,3.0,1,0,1,0,0,0,0,0,0,0,0,0,0,0,0,0,0
15007,2012027550,1247.0,1240.0,21,21103,40.271,-76.9696,0,0,0,0,0,0,8,3,2012,3,12.0,1.0,0,1.0,3,1,3,  ,2,3.0,1,0,0,0,0,0,0,0,0,0,0,0,0,0,0,0,1
15008,2012027643,1604.0,1559.0,40,40304,41.2393,-75.9155,0,0,0,0,0,1,4,2,2012,2,15.0,1.0,1,1.0,3,1,3,  ,3,3.0,0,0,1,0,0,0,0,0,0,0,0,0,0,0,0,0,0
15009,2012027763,1610.0,1605.0,67,67301,39.9287,-75.1687,0,0,0,0,1,0,5,2,2012,4,15.0,1.0,0,1.0,3,1,3,  ,0,0.0,0,0,0,0,0,0,0,0,0,0,0,0,0,0,0,0,0
15010,2012027774,1925.0,1925.0,67,67301,40.0067,-75.1235,0,0,0,0,1,0,4,2,2012,6,19.0,3.0,0,1.0,3,0,3,  ,0,0.0,0,0,1,0,0,0,0,0,0,0,0,0,0,0,0,0,0
15011,2012027885,1855.0,1852.0,48,48301,40.6255,-75.3753,0,0,0,0,0,1,4,3,2012,4,18.0,4.0,0,1.0,3,1,3,  ,0,0.0,1,0,1,0,0,0,0,0,0,0,0,0,0,0,0,0,0
15012,2012027909,2159.0,2158.0,9,9413,40.1592,-74.9111,0,0,0,0,0,0,7,3,2012,3,21.0,3.0,0,1.0,3,1,3,  ,2,3.0,0,0,0,0,0,0,0,0,0,0,0,0,0,0,0,1,0
15013,2012028009,1559.0,1550.0,40,40212,41.0094,-75.9007,0,0,0,0,0,0,4,3,2012,2,15.0,1.0,7,1.0,1,0,3,  ,0,0.0,1,0,1,0,0,0,0,0,0,0,1,0,0,0,0,0,0
15014,2012028131,1430.0,1425.0,67,67301,39.9766,-75.1584,0,0,0,0,1,0,4,2,2012,6,14.0,1.0,0,1.0,3,0,3,  ,0,0.0,0,0,1,0,0,0,0,0,0,0,0,0,0,0,0,0,0
15015,2012028133,1620.0,1609.0,67,67301,39.9522,-75.2069,0,0,0,0,0,0,5,2,2012,3,16.0,1.0,0,1.0,3,1,3,  ,2,3.0,0,0,0,0,0,0,0,0,0,0,0,0,0,0,0,0,1
15016,2012028391,1448.0,1446.0,49,49406,40.7943,-76.4154,0,0,0,0,0,0,4,3,2012,5,14.0,1.0,0,1.0,2,1,3,  ,3,3.0,0,0,1,0,0,0,0,0,0,0,0,0,0,0,0,0,0
15017,2012028447,1115.0,1111.0,39,39101,40.5915,-75.4002,0,0,0,0,0,0,5,3,2012,3,11.0,1.0,0,1.0,1,2,3,  ,0,0.0,0,0,0,0,0,0,0,0,0,0,0,0,0,0,0,0,0
15018,2012028469,1836.0,1836.0,67,67301,39.9356,-75.1453,0,0,0,0,0,0,4,2,2012,7,18.0,4.0,0,1.0,3,1,3,  ,3,3.0,1,0,1,0,0,0,0,0,0,0,0,0,0,0,0,1,0
15019,2012028587,2145.0,2141.0,14,14410,40.7901,-77.8541,0,0,0,0,0,0,4,3,2012,6,21.0,3.0,0,1.0,3,1,3,  ,3,3.0,1,0,1,0,0,0,0,0,0,0,0,0,0,0,0,1,0
15020,2012028634,1716.0,1609.0,55,55220,40.1036,-78.801,0,0,0,0,0,0,4,3,2012,4,16.0,1.0,7,1.0,1,0,3,  ,3,3.0,0,0,1,0,0,0,0,0,0,0,0,0,0,0,0,1,0
15021,2012028776,1638.0,1631.0,48,48301,40.6188,-75.3813,0,0,0,0,0,0,9,3,2012,7,16.0,1.0,0,1.0,3,2,3,  ,0,0.0,0,0,0,0,0,0,0,0,0,0,0,0,0,0,0,0,0
15022,2012028811,1924.0,1918.0,40,40304,41.2362,-75.8876,0,0,0,0,0,0,4,3,2012,7,19.0,3.0,0,1.0,3,1,3,  ,3,3.0,1,0,1,0,0,0,0,0,0,0,1,0,1,1,0,0,1
15023,2012029003,1924.0,1924.0,36,36404,40.0364,-76.4996,0,0,0,0,0,0,4,3,2012,7,19.0,1.0,0,1.0,3,1,3,  ,0,0.0,0,0,1,0,0,0,0,0,0,0,0,0,0,0,0,0,0
15024,2012029181,2012.0,314.0,21,21402,40.2025,-77.2095,0,0,0,0,0,0,0,3,2012,4,8.0,1.0,0,1.0,2,1,3,  ,2,3.0,1,0,0,0,0,0,0,0,0,0,0,0,0,0,0,0,0
15025,2012029237,1622.0,1619.0,36,36101,40.0878,-76.3325,0,0,0,0,0,0,4,3,2012,2,16.0,1.0,0,1.0,3,1,3,  ,3,3.0,1,0,1,0,0,0,0,0,0,0,0,0,0,0,0,1,0
15026,2012029440,2001.0,1958.0,25,25302,42.0942,-80.0831,0,0,0,0,1,0,4,3,2012,2,19.0,3.0,0,1.0,3,5,3,  ,2,3.0,0,0,1,0,0,0,0,0,0,0,0,0,0,0,0,1,0
15027,2012029584,822.0,815.0,2,2301,40.4536,-79.9803,0,0,0,0,0,0,1,3,2012,3,8.0,1.0,0,1.0,3,0,3,  ,0,0.0,0,0,0,0,0,0,0,0,0,0,0,0,0,0,0,0,0
15028,2012029597,735.0,732.0,48,48301,40.6343,-75.3619,0,0,0,0,0,0,4,3,2012,3,7.0,1.0,0,1.0,3,1,3,  ,3,3.0,1,0,1,0,0,0,0,0,0,0,1,0,1,0,0,0,0