,CRN,ARRIVAL_TM,DISPATCH_TM,COUNTY,MUNICIPALITY,DEC_LAT,DEC_LONG,BICYCLE_DEATH_COUNT,BICYCLE_SUSP_SERIOUS_INJ_COUNT,BUS_COUNT,HEAVY_TRUCK_COUNT,SMALL_TRUCK_COUNT,SUV_COUNT,COLLISION_TYPE,CRASH_MONTH,CRASH_YEAR,DAY_OF_WEEK,HOUR_OF_DAY,ILLUMINATION,LOCATION_TYPE,ROAD_CONDITION,URBAN_RURAL,INTERSECT_TYPE,WEATHER1,WEATHER2,TCD_TYPE,TCD_FUNC_CD,AGGRESSIVE_DRIVING,ALCOHOL_RELATED,ANGLE_CRASH,CELL_PHONE,COMM_VEHICLE,DISTRACTED,DRINKING_DRIVER,DRUGGED_DRIVER,FATIGUE_ASLEEP,IMPAIRED_DRIVER,NHTSA_AGG_DRIVING,RUNNING_RED_LT,RUNNING_STOP_SIGN,SPEEDING_RELATED,TAILGATING,MATURE_DRIVER,YOUNG_DRIVER
15029,2012029662,1817.0,1816.0,15,15301,39.9796,-75.8291,0,0,0,0,0,0,4,3,2012,2,18.0,1.0,0,1.0,3,2,3,  ,0,0.0,0,0,1,0,0,0,0,0,0,0,0,0,0,0,0,0,0
15030,2012029896,2010.0,2005.0,35,35414,41.3975,-75.6886,0,0,0,0,1,0,4,3,2012,2,20.0,3.0,0,1.0,3,2,3,  ,3,3.0,0,0,1,0,0,0,0,0,0,0,0,0,0,0,0,0,0
15031,2012029921,1725.0,1720.0,2,2301,40.426,-79.9733,0,0,0,0,0,0,5,3,2012,3,17.0,1.0,7,1.0,3,0,3,  ,0,0.0,1,0,0,0,0,0,0,0,0,0,0,0,0,0,0,0,0
15032,2012029925,1633.0,1628.0,6,6301,40.3538,-75.9195,0,0,0,0,1,0,5,3,2012,4,16.0,1.0,0,1.0,3,0,3,  ,0,0.0,0,0,0,0,0,0,0,0,0,0,0,0,0,0,0,0,0
15033,2012030105,2020.0,2013.0,36,36101,40.0872,-76.3061,0,0,0,0,0,0,4,3,2012,4,19.0,4.0,7,1.0,3,0,3,  ,0,0.0,1,0,1,0,0,0,0,0,0,0,0,0,0,0,0,0,0
15034,2012030427,2025.0,2020.0,45,45404,40.9906,-75.1874,0,0,0,0,0,0,4,3,2012,3,99.0,3.0,0,1.0,2,5,3,  ,3,3.0,0,0,1,0,0,0,0,0,0,0,0,0,0,0,0,0,0
15035,2012030509,2025.0,2020.0,15,15411,40.138,-75.5156,0,0,0,0,0,0,4,3,2012,5,19.0,4.0,0,1.0,3,2,3,  ,3,3.0,0,0,1,0,0,0,0,0,0,0,0,0,0,0,0,0,0
15036,2012030723,1054.0,1052.0,36,36204,40.2389,-76.232,0,0,0,1,0,0,5,3,2012,6,10.0,1.0,0,1.0,1,0,3,  ,0,0.0,0,0,0,0,1,0,0,0,0,0,0,0,0,0,0,0,0
15037,2012030804,1800.0,1756.0,35,35302,41.3934,-75.6604,0,0,0,0,0,1,2,3,2012,6,17.0,1.0,0,1.0,3,1,3,  ,0,0.0,0,0,0,0,0,0,0,0,0,0,0,0,0,0,0,0,0
15038,2012030840,2021.0,2018.0,48,48301,40.6122,-75.3555,0,0,0,0,0,0,4,3,2012,6,20.0,3.0,0,1.0,3,2,3,  ,3,3.0,0,0,1,0,0,0,0,0,0,0,0,0,0,0,0,0,0
15039,2012030851,1805.0,1805.0,22,22407,40.2666,-76.708,0,0,0,0,0,0,6,3,2012,1,18.0,1.0,0,1.0,3,1,3,  ,3,3.0,0,0,0,0,0,0,0,0,0,0,0,0,0,0,0,0,0
15040,2012031252,1447.0,1444.0,43,43302,41.2331,-80.4876,0,0,0,0,0,1,7,3,2012,6,14.0,1.0,0,1.0,3,0,3,  ,0,0.0,0,0,0,0,0,0,0,0,0,0,0,0,0,0,0,0,0
15041,2012031426,1626.0,1624.0,36,36301,40.0351,-76.303,0,0,0,0,0,0,5,3,2012,5,16.0,1.0,0,1.0,3,5,3,  ,2,9.0,0,0,0,0,0,0,0,0,0,0,0,0,0,0,0,0,0
15042,2012031559,1920.0,1914.0,66,66103,39.7912,-76.9722,0,0,0,0,0,0,4,3,2012,5,19.0,1.0,0,1.0,2,1,3,  ,0,0.0,0,0,1,0,0,0,0,0,0,0,0,0,0,0,0,1,0
15043,2012031660,1607.0,1604.0,49,49302,40.8619,-76.7907,0,0,0,0,0,0,4,3,2012,4,16.0,1.0,0,1.0,2,1,3,  ,0,0.0,0,0,1,0,0,0,0,0,0,0,0,0,0,0,0,0,0
15044,2012031742,624.0,604.0,21,21209,40.1422,-77.4689,0,0,0,0,0,0,5,3,2012,3,6.0,2.0,0,1.0,1,0,3,  ,0,0.0,0,0,0,0,0,1,0,0,0,0,0,0,0,0,0,0,0
15045,2012032050,1809.0,1742.0,54,54211,40.7483,-77.211,0,0,0,0,0,0,4,3,2012,2,17.0,1.0,0,1.0,1,2,3,  ,3,3.0,0,0,1,0,0,0,0,0,0,0,0,0,0,0,0,1,0
15046,2012032107,1400.0,1359.0,48,48401,40.8663,-75.2057,0,0,0,0,0,0,4,3,2012,1,13.0,1.0,7,1.0,2,0,3,  ,0,0.0,0,0,1,0,0,0,0,0,0,0,0,0,0,0,0,0,0
15047,2012032174,1322.0,1321.0,66,66301,39.963,-76.753,0,0,0,0,0,0,4,3,2012,4,13.0,1.0,0,9.0,3,1,7,  ,0,0.0,0,0,1,0,0,0,0,0,0,0,0,0,0,0,0,1,0
15048,2012032205,700.0,650.0,2,2115,40.5045,-80.1434,0,0,0,0,0,0,4,3,2012,6,6.0,5.0,0,1.0,3,2,3,  ,0,0.0,0,0,1,0,0,0,0,0,0,0,0,0,0,0,0,0,0
15049,2012032324,655.0,654.0,46,46421,40.314,-75.333,0,0,0,0,0,0,4,3,2012,2,6.0,1.0,0,1.0,3,1,3,  ,3,3.0,1,0,1,0,0,0,0,0,0,0,0,0,0,0,0,0,0
15050,2012032511,1425.0,1424.0,67,67301,39.9541,-75.1902,0,0,0,0,0,0,8,2,2012,1,14.0,1.0,0,1.0,3,0,3,  ,0,0.0,0,0,0,0,0,0,0,0,0,0,0,0,0,0,0,0,0
15051,2012032568,1040.0,1036.0,67,67301,39.9689,-75.1344,0,0,0,0,0,0,4,2,2012,7,10.0,1.0,0,1.0,3,1,3,  ,2,3.0,0,0,1,0,0,0,0,0,0,0,0,0,0,0,0,0,0
15052,2012032587,2046.0,2043.0,67,67301,39.9644,-75.1609,0,0,0,0,0,0,4,2,2012,5,20.0,6.0,0,1.0,3,2,3,  ,0,0.0,0,0,1,0,0,0,0,0,0,0,0,0,0,0,0,0,0
15053,2012032620,2029.0,2028.0,67,67301,39.9217,-75.1474,0,0,0,0,1,0,4,2,2012,3,19.0,3.0,7,1.0,3,0,3,  ,0,0.0,0,0,1,0,0,0,0,0,0,0,0,0,0,0,0,0,0
15054,2012032667,1157.0,1153.0,67,67301,40.0346,-75.2096,0,0,0,0,0,0,4,2,2012,7,11.0,1.0,0,1.0,3,0,3,  ,0,0.0,0,0,1,0,0,0,0,0,0,0,0,0,0,0,0,0,1
15055,2012032689,2054.0,2037.0,67,67301,40.0638,-75.1729,0,0,0,0,0,1,4,2,2012,7,19.0,3.0,0,1.0,3,1,3,  ,2,3.0,0,0,1,0,0,1,0,0,0,0,0,0,0,0,0,0,0
15056,2012032699,1544.0,1538.0,67,67301,40.036,-75.04,0,0,0,0,0,1,4,2,2012,2,14.0,1.0,0,1.0,3,2,3,  ,0,0.0,0,0,1,0,0,1,0,0,0,0,0,0,0,0,0,0,0
15057,2012032701,1535.0,1529.0,67,67301,40.0072,-75.0736,0,0,0,0,0,0,4,2,2012,6,15.0,1.0,2,9.0,3,6,7,  ,0,0.0,0,0,1,0,0,0,0,0,0,0,0,0,0,0,0,0,0
15058,2012032736,806.0,803.0,67,67301,39.9281,-75.1688,0,0,0,0,0,0,2,2,2012,2,7.0,1.0,0,1.0,3,1,3,  ,2,3.0,1,0,0,0,0,0,0,0,0,0,0,1,0,0,0,0,0
15059,2012032792,635.0,625.0,46,46225,40.1924,-75.2944,0,0,0,0,1,0,4,3,2012,6,6.0,3.0,0,1.0,3,1,5,  ,2,3.0,1,0,1,0,0,0,0,0,0,0,0,0,0,1,0,0,0
15060,2012032824,1205.0,1205.0,35,35417,,,0,0,0,0,0,1,4,3,2012,4,12.0,1.0,0,1.0,3,2,3,  ,3,3.0,0,0,1,0,0,0,0,0,0,0,0,0,0,0,0,0,0
15061,2012032929,1503.0,1458.0,7,7301,40.5072,-78.4008,0,0,0,0,0,0,4,3,2012,1,14.0,1.0,0,1.0,3,1,3,  ,3,3.0,0,0,1,0,0,1,0,0,0,0,0,0,0,0,0,0,1
15062,2012033363,2135.0,2129.0,25,25302,42.1328,-80.0858,0,1,0,0,0,0,4,3,2012,6,19.0,3.0,0,9.0,3,1,3,  ,3,3.0,0,0,1,0,0,0,0,0,0,0,0,0,0,0,0,0,0
15063,2012033561,940.0,940.0,38,38301,40.3382,-76.4218,0,0,0,0,0,0,4,4,2012,1,8.0,1.0,0,1.0,2,1,3,  ,8,3.0,0,0,1,0,0,0,0,0,0,0,0,0,0,0,0,0,0
15064,2012033569,2046.0,2044.0,40,40301,40.9542,-75.979,0,1,0,0,1,0,4,3,2012,4,20.0,3.0,0,1.0,2,1,3,  ,3,3.0,1,0,1,0,0,0,0,0,0,0,0,0,1,0,0,0,0
15065,2012033627,1820.0,1815.0,2,2301,40.4389,-80.0031,0,0,0,0,0,0,5,4,2012,1,18.0,1.0,0,9.0,3,0,7,  ,0,0.0,1,0,0,0,0,0,0,0,0,0,0,0,0,0,0,0,0
15066,2012033770,1426.0,1421.0,22,22301,40.2599,-76.8442,0,0,0,0,1,0,4,3,2012,1,14.0,1.0,0,1.0,3,2,3,  ,3,3.0,0,0,1,0,0,0,0,0,0,0,0,0,0,0,0,0,0
15067,2012033821,1559.0,1557.0,37,37205,41.051,-80.3567,0,0,0,0,0,1,5,3,2012,7,15.0,1.0,0,1.0,1,2,3,  ,0,0.0,1,0,0,0,0,0,0,0,0,0,0,0,0,0,0,1,0
15068,2012034011,1505.0,1505.0,48,48301,40.6163,-75.3787,0,0,0,0,0,0,1,4,2012,2,15.0,1.0,3,1.0,3,0,3,  ,0,0.0,1,0,0,0,0,1,0,0,0,0,0,0,0,0,1,0,1
15069,2012034019,2022.0,2019.0,2,2301,40.4628,-79.9311,0,0,0,0,1,0,1,4,2012,2,20.0,3.0,0,98.0,3,0,3,  ,0,0.0,0,0,0,0,0,0,0,0,0,0,0,0,0,0,0,1,0
15070,2012034021,1836.0,1832.0,47,47401,40.9592,-76.6148,0,0,0,0,0,0,4,4,2012,2,18.0,1.0,7,1.0,2,0,3,  ,0,0.0,1,0,1,0,0,0,0,0,0,0,0,0,0,0,0,0,0
15071,2012034502,1333.0,1330.0,43,43302,41.2328,-80.5138,0,0,0,0,0,0,4,4,2012,3,13.0,1.0,0,1.0,3,1,3,  ,2,3.0,0,0,1,0,0,0,0,0,0,0,0,0,0,0,0,0,0
15072,2012034566,1331.0,1329.0,23,23111,39.9597,-75.2628,0,0,0,0,0,0,4,4,2012,4,13.0,1.0,0,1.0,3,1,3,  ,2,3.0,0,0,1,0,0,0,0,0,0,0,0,0,0,0,0,1,0
15073,2012034574,1436.0,1430.0,9,9202,40.1004,-74.9486,0,0,0,0,0,0,4,4,2012,4,14.0,1.0,0,1.0,3,0,3,  ,3,3.0,1,0,1,0,0,0,0,0,0,0,0,0,0,0,0,0,0
15074,2012034664,1026.0,1019.0,67,67301,39.9691,-75.2475,0,0,0,0,0,0,4,3,2012,4,10.0,1.0,0,1.0,3,1,3,  ,3,3.0,0,0,1,0,0,0,0,0,0,0,0,0,0,0,0,0,0
15075,2012034729,1512.0,1510.0,67,67301,39.9613,-75.175,0,0,0,0,0,0,7,2,2012,3,14.0,1.0,0,1.0,3,1,3,  ,2,3.0,0,0,0,0,0,0,0,0,0,0,0,0,0,1,0,0,0
15076,2012034738,1940.0,1940.0,67,67301,39.9998,-75.1389,0,0,0,0,0,0,4,2,2012,4,16.0,1.0,7,1.0,3,0,3,  ,0,0.0,1,0,1,0,0,0,0,0,0,0,0,0,0,0,0,0,0
15077,2012034752,1658.0,1651.0,35,35302,41.3854,-75.6681,0,0,0,0,0,0,4,4,2012,4,16.0,1.0,0,1.0,3,0,3,  ,0,0.0,0,0,1,0,0,0,0,0,0,0,0,0,0,0,0,0,0
15078,2012034875,321.0,301.0,1,1409,39.8066,-77.0164,0,0,0,0,0,0,4,2,2012,7,1.0,3.0,0,1.0,2,1,3,  ,3,3.0,0,1,1,0,0,0,0,0,0,0,0,0,0,0,0,0,0
15079,2012034900,1646.0,1638.0,19,19402,41.0712,-76.2399,0,0,0,0,0,0,5,4,2012,4,7.0,1.0,0,1.0,2,3,3,  ,3,3.0,0,0,0,0,0,0,0,0,0,0,0,0,0,0,0,0,1
15080,2012034906,1741.0,1741.0,7,7301,40.5133,-78.4072,0,0,0,0,0,0,4,4,2012,2,17.0,1.0,0,1.0,3,2,3,  ,2,3.0,0,0,1,0,0,0,0,0,0,0,0,0,0,0,0,0,0
15081,2012034910,2024.0,2022.0,2,2448,40.4033,-79.9027,0,0,0,0,0,0,4,4,2012,4,20.0,3.0,0,1.0,3,1,3,  ,3,3.0,0,0,1,0,0,0,0,0,0,0,0,0,0,0,0,0,0
15082,2012035237,1613.0,1611.0,40,40103,41.2757,-75.8472,0,0,0,0,0,0,4,4,2012,4,16.0,1.0,0,1.0,3,1,3,  ,3,3.0,0,0,1,0,0,0,0,0,0,0,0,0,0,0,0,0,0
15083,2012035250,2219.0,2219.0,14,14410,40.7851,-77.8332,0,0,0,0,0,0,4,4,2012,5,22.0,4.0,0,1.0,3,1,3,  ,3,3.0,0,0,1,0,0,0,0,0,0,0,0,0,0,0,0,0,0
15084,2012035342,1627.0,1624.0,6,6224,40.514,-75.7325,0,0,0,0,0,0,5,4,2012,3,16.0,1.0,0,1.0,1,0,3,  ,0,0.0,0,0,0,0,0,0,0,0,0,0,0,0,0,0,0,0,0
15085,2012035392,1516.0,1513.0,39,39301,40.6137,-75.4778,0,0,0,0,0,0,8,4,2012,6,15.0,1.0,0,1.0,3,2,3,  ,0,0.0,0,0,0,0,0,0,0,0,0,0,0,0,0,0,0,0,0
15086,2012035669,1959.0,1959.0,6,6301,40.3265,-75.9007,0,0,0,0,0,0,4,4,2012,7,19.0,3.0,0,1.0,3,1,3,  ,0,0.0,0,0,1,0,0,0,0,0,0,0,0,0,0,0,0,0,0
15087,2012035758,1515.0,1508.0,9,9205,40.3077,-75.1659,0,0,0,0,0,0,4,4,2012,4,14.0,1.0,0,1.0,3,2,3,  ,3,3.0,1,0,1,0,0,0,0,0,0,0,0,0,0,0,0,0,0
15088,2012035979,1552.0,1549.0,37,37301,,,0,0,0,0,0,0,4,4,2012,4,15.0,1.0,0,1.0,2,1,3,  ,0,0.0,0,0,1,0,0,0,0,0,0,0,0,0,0,0,0,0,0
15089,2012035992,2014.0,2001.0,6,6203,40.3173,-75.7377,0,0,0,0,0,0,0,4,2012,4,19.0,1.0,0,1.0,1,0,3,  ,0,0.0,1,0,0,0,0,0,0,0,0,0,0,0,0,1,0,0,1
15090,2012036002,1905.0,1853.0,10,10219,40.8324,-80.1574,0,0,0,0,0,0,6,3,2012,5,18.0,1.0,0,1.0,3,2,3,  ,3,3.0,0,0,0,0,0,0,0,1,0,1,0,0,0,0,0,0,1
15091,2012036017,2253.0,2251.0,67,67301,40.0,-75.1405,0,0,0,0,0,0,4,3,2012,2,22.0,3.0,0,1.0,3,0,3,  ,0,0.0,0,0,1,0,0,0,0,0,0,0,0,0,0,0,0,0,0
15092,2012036118,2002.0,1953.0,36,36202,40.2065,-76.0285,0,0,0,0,0,0,1,4,2012,4,19.0,4.0,0,1.0,1,2,3,  ,0,0.0,0,0,0,0,0,0,0,0,0,0,0,0,0,0,0,0,1
15093,2012036410,1517.0,1517.0,23,23301,39.8361,-75.3839,0,0,0,0,0,0,4,4,2012,3,15.0,1.0,0,1.0,3,1,3,  ,0,0.0,0,0,1,0,0,0,0,0,0,0,0,0,0,0,0,0,0
15094,2012036424,1633.0,1632.0,14,14410,40.7843,-77.8446,0,0,0,0,0,0,4,4,2012,3,16.0,1.0,0,1.0,3,2,3,  ,3,3.0,1,0,1,0,0,0,0,0,0,0,0,0,0,0,0,0,0
15095,2012036439,1744.0,1744.0,9,9211,40.2239,-74.8665,0,0,0,0,0,0,5,4,2012,3,17.0,1.0,0,1.0,3,0,3,  ,0,0.0,0,0,0,0,0,0,0,0,0,0,0,0,0,0,0,1,0
15096,2012036453,1034.0,1032.0,15,15409,39.7921,-75.9766,0,0,0,0,0,0,4,4,2012,7,10.0,1.0,0,1.0,1,2,3,  ,3,3.0,0,0,1,0,0,0,0,0,0,0,0,0,0,0,0,1,0
15097,2012036515,1708.0,1705.0,9,9101,40.107,-74.8769,0,0,0,0,0,1,4,4,2012,3,16.0,1.0,0,1.0,3,2,3,  ,2,3.0,0,0,1,0,0,0,0,0,0,0,0,0,0,0,0,0,0
15098,2012036570,1353.0,1351.0,9,9229,40.373,-75.3207,0,0,0,0,0,0,1,4,2012,5,13.0,1.0,0,1.0,1,2,3,  ,0,0.0,0,0,0,0,0,0,0,0,0,0,0,0,0,0,0,0,0
15099,2012036675,1355.0,1355.0,40,40211,41.1618,-75.8862,0,0,0,0,0,0,5,4,2012,3,13.0,1.0,0,1.0,1,0,3,  ,0,0.0,1,0,0,0,0,1,0,0,0,0,0,0,0,0,0,0,0
15100,2012036689,1415.0,1406.0,41,41214,41.3261,-77.0869,0,1,0,0,1,0,1,4,2012,3,14.0,1.0,0,1.0,1,0,3,  ,0,0.0,0,0,0,0,0,1,0,0,0,0,0,0,0,0,0,1,0
15101,2012036758,209.0,207.0,67,67301,39.949,-75.2038,0,0,0,0,0,0,4,3,2012,3,2.0,3.0,0,1.0,3,0,3,  ,0,0.0,0,0,1,0,0,0,0,0,0,0,0,0,0,0,0,1,0
15102,2012036785,1725.0,1719.0,67,67301,39.9246,-75.1807,0,0,0,0,0,1,2,3,2012,4,99.0,1.0,0,1.0,3,1,3,  ,0,0.0,0,0,0,0,0,0,0,0,0,0,0,0,0,0,0,0,0
15103,2012036790,1812.0,1804.0,67,67301,39.9797,-75.1712,0,0,0,0,0,0,4,3,2012,4,18.0,1.0,0,1.0,3,0,3,  ,0,0.0,1,0,1,0,0,0,0,0,0,0,0,0,0,0,0,0,1
15104,2012036825,2018.0,2018.0,67,67301,40.0226,-75.1782,0,0,0,0,0,0,4,3,2012,3,20.0,3.0,0,1.0,3,1,3,  ,2,3.0,0,0,1,0,0,1,0,0,0,0,0,0,0,0,0,1,0
15105,2012036842,1912.0,1908.0,67,67301,40.0462,-75.166,0,0,0,0,0,0,8,3,2012,2,19.0,1.0,0,1.0,3,0,3,  ,0,0.0,0,0,0,0,0,0,0,0,0,0,0,0,0,0,0,0,0
15106,2012036860,1.0,2356.0,67,67301,39.9336,-75.1448,0,0,0,0,0,0,4,3,2012,7,23.0,3.0,0,1.0,3,1,3,  ,0,0.0,0,0,1,0,0,0,0,0,0,0,0,0,0,0,0,1,0
15107,2012036885,1938.0,1928.0,67,67301,39.9064,-75.1642,0,0,0,0,0,0,4,2,2012,4,19.0,3.0,7,9.0,3,0,7,  ,0,0.0,1,0,1,0,0,0,0,0,0,0,0,0,0,0,0,1,0
15108,2012036901,2229.0,2220.0,67,67301,39.9816,-75.1113,0,0,0,0,0,0,4,3,2012,2,21.0,3.0,0,1.0,3,1,3,  ,3,3.0,1,0,1,0,0,0,0,0,0,0,0,0,1,0,0,0,0
15109,2012036905,1605.0,1602.0,67,67301,39.933,-75.1592,0,0,0,0,0,0,4,3,2012,6,16.0,1.0,0,1.0,3,0,3,  ,0,0.0,0,0,1,0,0,0,0,0,0,0,0,0,0,0,0,0,0
15110,2012036911,9999.0,9999.0,67,67301,39.9898,-75.1737,0,0,0,0,0,0,4,3,2012,1,2.0,6.0,0,1.0,3,1,3,  ,2,3.0,0,0,1,0,0,0,0,0,0,0,0,0,0,0,0,0,0
15111,2012036914,710.0,656.0,67,67301,39.9881,-75.1824,0,0,0,0,0,0,4,3,2012,7,6.0,1.0,0,1.0,3,5,3,  ,2,3.0,0,0,1,0,0,0,0,1,0,1,0,0,0,0,0,0,0
15112,2012036978,9999.0,9999.0,67,67301,40.0341,-75.1829,0,0,0,0,0,0,4,2,2012,4,21.0,6.0,0,98.0,3,1,99,  ,2,3.0,0,0,1,0,0,0,0,0,0,0,0,0,0,0,0,0,0
15113,2012036989,1555.0,1548.0,67,67301,39.9428,-75.1489,0,0,0,0,0,0,8,3,2012,7,15.0,1.0,0,1.0,3,0,3,  ,0,0.0,0,0,0,0,0,0,0,0,0,0,0,0,0,0,0,0,0
15114,2012037089,1459.0,1452.0,39,39104,40.5197,-75.5656,0,0,0,0,0,0,9,4,2012,5,14.0,1.0,0,1.0,3,0,3,  ,0,0.0,0,0,0,0,0,0,0,0,0,0,0,0,0,0,0,1,0
15115,2012037131,2010.0,2008.0,9,9101,40.1405,-74.8757,0,0,0,0,0,0,4,3,2012,1,20.0,3.0,0,1.0,3,0,3,  ,0,0.0,0,1,1,0,0,0,1,0,0,1,0,0,0,0,0,0,0
15116,2012037359,2033.0,2032.0,49,49210,40.7916,-76.426,0,0,0,0,0,1,8,3,2012,4,20.0,3.0,0,1.0,1,0,3,  ,0,0.0,0,1,0,0,0,0,1,0,0,1,0,0,0,0,0,0,0
15117,2012037626,1116.0,1116.0,32,32408,40.6222,-79.1508,0,0,0,0,0,0,4,4,2012,3,11.0,1.0,0,1.0,2,1,3,  ,3,3.0,0,0,1,0,0,0,0,0,0,0,0,0,0,0,0,0,0
15118,2012037711,1643.0,1640.0,62,62301,40.202,-79.9237,0,0,0,0,0,0,4,4,2012,6,16.0,1.0,0,1.0,3,1,3,  ,3,3.0,0,0,1,0,0,0,0,0,0,0,0,0,0,0,0,0,0
15119,2012037723,1613.0,1608.0,39,39301,40.6198,-75.4318,0,0,0,0,0,1,0,4,2012,6,16.0,1.0,0,1.0,3,1,3,  ,3,3.0,0,0,0,0,0,0,0,0,0,0,0,0,0,0,0,0,0
15120,2012037802,1743.0,1741.0,40,40304,41.2339,-75.9065,0,0,0,0,0,0,4,4,2012,6,17.0,1.0,0,1.0,3,0,3,  ,0,0.0,0,0,1,0,0,0,0,0,0,0,0,0,0,0,0,1,0
15121,2012037855,1134.0,1128.0,51,51210,41.3934,-74.9678,0,0,0,0,0,1,4,4,2012,7,11.0,1.0,0,1.0,1,2,3,  ,0,0.0,0,0,1,0,0,0,0,0,0,0,0,0,0,0,0,0,0
15122,2012037947,1208.0,1203.0,38,38208,40.3135,-76.4244,0,0,0,0,0,0,4,4,2012,7,12.0,1.0,7,1.0,1,0,3,  ,0,0.0,1,0,1,0,0,0,0,0,0,0,0,0,0,0,0,1,0
15123,2012038020,1511.0,1507.0,2,2301,40.4272,-79.9387,0,0,0,0,0,0,4,4,2012,1,15.0,1.0,0,1.0,3,1,3,  ,2,3.0,1,0,1,0,0,0,0,0,0,0,0,0,0,0,0,0,0
15124,2012038023,1622.0,1618.0,66,66301,39.9639,-76.7308,0,0,0,0,0,1,4,4,2012,7,16.0,1.0,0,1.0,3,0,3,  ,0,0.0,0,0,1,0,0,0,0,0,0,0,0,0,0,0,0,0,0
15125,2012038037,1539.0,1537.0,25,25301,41.9204,-79.6309,0,0,0,0,0,1,4,4,2012,5,15.0,1.0,0,1.0,2,1,3,  ,3,3.0,0,0,1,0,0,0,0,0,0,0,0,0,0,0,0,0,0
15126,2012038072,1802.0,1802.0,17,17301,41.1221,-78.7724,0,0,0,0,0,0,8,4,2012,1,17.0,1.0,0,1.0,2,1,3,  ,3,3.0,0,0,0,0,0,0,0,0,0,0,0,0,0,0,0,0,0
15127,2012038444,1315.0,1310.0,9,9101,40.1113,-74.879,0,0,0,0,0,0,4,4,2012,2,12.0,1.0,0,1.0,3,2,3,  ,2,3.0,1,0,1,0,0,0,0,0,0,0,0,0,0,0,0,0,0
15128,2012038450,1632.0,1627.0,21,21103,40.2379,-76.9543,0,0,0,0,0,0,8,4,2012,1,16.0,1.0,0,1.0,3,2,3,  ,0,0.0,1,0,0,0,0,0,0,0,0,0,0,0,0,0,0,0,0
15129,2012038701,1329.0,1316.0,15,15209,39.8787,-75.6761,0,0,0,0,0,1,4,4,2012,6,13.0,1.0,0,1.0,1,2,3,  ,0,0.0,1,0,1,0,0,0,0,0,0,0,1,0,0,0,0,0,1
15130,2012038835,1633.0,1632.0,39,39301,40.6084,-75.4757,0,0,0,0,1,0,4,4,2012,3,16.0,1.0,0,1.0,3,2,3,  ,0,0.0,0,0,1,0,0,0,0,0,0,0,0,0,0,0,0,0,0
15131,2012038851,1739.0,1737.0,9,9202,40.1244,-74.9263,0,0,0,0,0,0,4,4,2012,3,17.0,1.0,0,1.0,3,0,3,  ,0,0.0,0,0,1,0,0,0,0,0,0,0,0,0,0,0,0,0,0
15132,2012038902,1859.0,1851.0,64,64204,40.2976,-79.3631,0,0,0,0,0,0,8,4,2012,2,18.0,1.0,7,1.0,1,0,3,  ,0,0.0,0,1,0,0,0,0,1,1,0,1,0,0,0,0,0,0,0
15133,2012038930,1929.0,1919.0,50,50221,40.408,-77.0924,0,0,0,0,0,0,5,4,2012,4,19.0,1.0,0,1.0,1,0,3,  ,0,0.0,0,0,0,0,0,0,0,0,0,0,0,0,0,0,0,0,0
15134,2012038993,1921.0,1921.0,40,40410,41.2734,-75.8745,0,0,0,0,0,1,8,4,2012,1,19.0,1.0,0,1.0,3,1,3,  ,0,0.0,0,0,0,0,0,0,0,0,0,0,0,0,0,0,0,0,0
15135,2012039064,1642.0,1640.0,6,6237,40.3289,-75.9964,0,0,0,0,0,0,4,4,2012,1,16.0,1.0,0,1.0,3,1,3,  ,0,0.0,0,0,1,0,0,0,0,0,0,0,0,0,0,0,0,0,0
15136,2012039097,1658.0,1653.0,66,66301,39.9613,-76.7073,0,0,0,0,0,1,4,4,2012,3,16.0,1.0,0,1.0,3,5,3,  ,3,3.0,1,0,1,0,0,0,0,0,0,0,0,0,0,0,0,0,0
15137,2012039199,1907.0,1905.0,9,9403,40.312,-75.1262,0,0,0,0,0,0,6,4,2012,3,19.0,1.0,0,1.0,3,5,3,  ,3,3.0,0,0,0,0,0,0,0,0,0,0,0,0,0,0,0,1,0
15138,2012039431,2110.0,2108.0,28,28401,39.9311,-77.6574,0,0,0,0,0,0,4,4,2012,7,21.0,3.0,0,1.0,1,1,3,  ,0,0.0,0,0,1,0,0,0,0,0,0,0,0,0,0,0,0,0,0
15139,2012039462,1057.0,1056.0,6,6301,40.3337,-75.9279,0,0,0,0,0,0,8,4,2012,5,10.0,1.0,0,1.0,3,1,3,  ,2,3.0,0,0,0,0,0,0,0,0,0,0,0,0,0,0,0,0,0
15140,2012039476,1105.0,1105.0,9,9415,40.436,-75.3509,0,0,0,0,1,0,8,4,2012,5,11.0,1.0,0,1.0,2,1,3,  ,3,3.0,1,0,0,0,0,0,0,0,0,0,0,0,0,0,0,1,0
15141,2012039606,1829.0,1828.0,39,39301,40.6122,-75.4711,0,0,0,0,0,1,4,4,2012,5,18.0,1.0,0,1.0,3,1,3,  ,0,0.0,0,0,1,0,0,0,0,0,0,0,0,0,0,0,0,0,0
15142,2012039619,1941.0,1941.0,6,6301,40.3562,-75.917,0,0,0,0,0,0,4,4,2012,5,19.0,4.0,0,1.0,3,1,3,  ,0,0.0,0,0,1,0,0,0,0,0,1,0,0,0,0,0,0,0,0