,CRN,ARRIVAL_TM,DISPATCH_TM,COUNTY,MUNICIPALITY,DEC_LAT,DEC_LONG,BICYCLE_DEATH_COUNT,BICYCLE_SUSP_SERIOUS_INJ_COUNT,BUS_COUNT,HEAVY_TRUCK_COUNT,SMALL_TRUCK_COUNT,SUV_COUNT,COLLISION_TYPE,CRASH_MONTH,CRASH_YEAR,DAY_OF_WEEK,HOUR_OF_DAY,ILLUMINATION,LOCATION_TYPE,ROAD_CONDITION,URBAN_RURAL,INTERSECT_TYPE,WEATHER1,WEATHER2,TCD_TYPE,TCD_FUNC_CD,AGGRESSIVE_DRIVING,ALCOHOL_RELATED,ANGLE_CRASH,CELL_PHONE,COMM_VEHICLE,DISTRACTED,DRINKING_DRIVER,DRUGGED_DRIVER,FATIGUE_ASLEEP,IMPAIRED_DRIVER,NHTSA_AGG_DRIVING,RUNNING_RED_LT,RUNNING_STOP_SIGN,SPEEDING_RELATED,TAILGATING,MATURE_DRIVER,YOUNG_DRIVER
15143,2012039641,2202.0,2157.0,6,6301,40.3152,-75.9413,0,0,0,0,1,0,4,4,2012,5,21.0,3.0,0,1.0,3,1,3,  ,2,3.0,0,1,1,0,0,0,1,0,0,1,0,0,0,0,0,0,0
15144,2012039719,1413.0,1412.0,41,41301,41.2401,-77.0085,0,0,0,0,0,0,4,4,2012,5,14.0,1.0,0,1.0,3,1,3,  ,2,3.0,0,0,1,0,0,0,0,0,0,0,0,0,0,0,0,0,0
15145,2012039731,1625.0,1618.0,31,31407,40.4947,-78.0182,0,0,0,0,0,1,4,4,2012,3,16.0,1.0,0,1.0,2,1,3,  ,0,0.0,0,0,1,0,0,0,0,0,0,0,0,0,0,0,0,1,0
15146,2012039806,1607.0,1605.0,43,43403,41.4032,-80.3773,0,0,0,0,1,0,4,4,2012,6,16.0,1.0,0,1.0,2,1,3,  ,3,3.0,0,0,1,0,0,0,0,0,0,0,0,0,0,0,0,0,0
15147,2012039824,2140.0,2131.0,67,67301,39.9458,-75.1668,0,0,0,0,0,0,4,2,2012,4,21.0,3.0,0,9.0,3,1,7,  ,2,3.0,0,0,1,0,0,0,0,0,0,0,0,0,0,0,0,0,0
15148,2012040064,1632.0,1630.0,14,14401,40.9117,-77.7796,0,0,0,0,0,0,4,4,2012,6,16.0,1.0,0,1.0,2,1,3,  ,2,3.0,0,0,1,0,0,0,0,0,0,0,0,0,0,0,0,0,1
15149,2012040539,2004.0,1954.0,22,22408,40.5686,-76.7036,0,0,0,0,0,0,4,4,2012,3,19.0,4.0,0,1.0,1,1,3,  ,3,3.0,0,0,1,0,0,0,0,0,0,0,0,0,0,0,0,0,1
15150,2012041086,31.0,30.0,23,23426,39.8564,-75.377,0,0,0,0,0,0,4,4,2012,7,0.0,3.0,0,1.0,3,2,3,  ,2,3.0,0,1,1,0,0,0,0,0,0,0,0,0,0,0,0,0,0
15151,2012041131,1610.0,1608.0,15,15414,39.9585,-75.5992,0,0,0,0,0,1,4,4,2012,6,16.0,1.0,0,1.0,3,1,3,  ,3,3.0,1,0,1,0,0,0,0,0,0,0,0,0,1,0,0,0,0
15152,2012041207,1731.0,1727.0,39,39104,40.5605,-75.5762,0,0,0,0,0,1,2,3,2012,3,17.0,1.0,7,1.0,3,0,3,  ,0,0.0,0,0,0,0,0,0,0,0,0,0,0,0,0,0,0,0,0
15153,2012041480,751.0,749.0,67,67301,39.9546,-75.2159,0,0,0,0,0,0,4,3,2012,3,7.0,3.0,0,1.0,3,1,3,  ,2,3.0,0,0,1,0,0,0,0,0,0,0,0,0,0,0,0,0,0
15154,2012041496,2101.0,2100.0,67,67301,39.9456,-75.165,0,0,1,0,0,0,4,3,2012,6,20.0,3.0,0,1.0,3,1,3,  ,2,3.0,0,0,1,0,1,0,0,0,0,0,0,0,0,0,0,0,0
15155,2012041497,2338.0,2334.0,67,67301,39.9392,-75.1594,0,0,0,0,0,0,4,3,2012,5,23.0,3.0,0,1.0,3,1,3,  ,2,3.0,0,0,1,0,0,0,0,0,0,0,0,0,0,0,0,0,0
15156,2012041500,315.0,315.0,67,67301,39.9797,-75.1658,0,0,0,0,0,0,4,3,2012,7,3.0,3.0,0,1.0,3,1,3,  ,2,3.0,0,0,1,0,0,0,0,0,0,0,0,0,0,0,0,0,0
15157,2012041562,1354.0,1354.0,67,67301,39.9546,-75.173,0,0,0,0,0,0,4,3,2012,7,13.0,1.0,0,1.0,3,1,3,  ,2,3.0,0,0,1,0,0,0,0,0,0,0,0,0,0,0,0,1,0
15158,2012041568,1640.0,1635.0,46,46104,39.9786,-75.2726,0,0,0,0,1,0,1,3,2012,7,16.0,1.0,0,1.0,3,0,3,  ,0,0.0,0,0,0,0,0,0,0,0,0,0,0,0,0,0,0,0,0
15159,2012041591,232.0,232.0,67,67301,39.9579,-75.1641,0,0,0,1,0,0,4,3,2012,3,2.0,3.0,0,1.0,3,1,3,  ,2,3.0,0,0,1,0,1,0,0,0,0,0,0,0,0,0,0,0,0
15160,2012041626,28.0,25.0,67,67301,40.0578,-75.0082,1,0,0,0,1,0,4,3,2012,2,0.0,3.0,0,1.0,3,0,3,  ,0,0.0,0,0,1,0,0,0,0,0,0,0,0,0,0,0,0,0,0
15161,2012041648,9999.0,9999.0,67,67301,39.9246,-75.1712,0,0,0,0,0,0,4,3,2012,3,99.0,3.0,0,1.0,3,1,3,  ,2,3.0,0,0,1,0,0,0,0,0,0,0,0,0,0,0,0,0,1
15162,2012041649,9999.0,9999.0,67,67301,39.9273,-75.1825,0,0,0,0,0,0,4,3,2012,4,99.0,1.0,0,1.0,3,1,3,  ,3,3.0,1,0,1,0,0,0,0,0,0,0,0,0,0,0,0,0,0
15163,2012041659,1350.0,1338.0,67,67301,40.0415,-75.1052,0,0,0,0,0,1,4,3,2012,7,13.0,1.0,7,1.0,3,0,3,  ,0,0.0,0,0,1,0,0,0,0,0,0,0,0,0,0,0,0,0,0
15164,2012041702,2150.0,2130.0,67,67301,39.9492,-75.1634,0,0,0,0,0,0,4,4,2012,3,1.0,3.0,0,1.0,3,0,3,  ,0,0.0,0,0,1,0,0,0,0,0,0,0,0,0,0,0,0,0,0
15165,2012041704,1640.0,1633.0,67,67301,39.9515,-75.1629,0,0,0,0,1,0,1,3,2012,7,16.0,1.0,0,1.0,3,0,3,  ,0,0.0,0,0,0,0,0,1,0,0,0,0,0,0,0,0,0,0,0
15166,2012041706,128.0,124.0,67,67301,39.9617,-75.1575,0,0,0,0,0,0,4,3,2012,6,1.0,3.0,0,1.0,3,5,3,  ,2,3.0,0,0,1,0,0,0,0,0,0,0,0,0,0,0,0,0,0
15167,2012041711,1945.0,1945.0,67,67301,39.9631,-75.2022,0,0,0,0,0,0,5,3,2012,7,18.0,1.0,0,1.0,3,0,3,  ,0,0.0,1,0,0,0,0,0,0,0,0,0,0,0,0,0,0,0,0
15168,2012041721,1035.0,1034.0,67,67301,39.9391,-75.1922,0,0,0,0,0,0,4,4,2012,3,99.0,1.0,7,1.0,3,0,3,  ,0,0.0,1,0,1,0,0,0,0,0,0,0,0,0,0,0,0,0,0
15169,2012041733,215.0,211.0,67,67301,40.0333,-75.0477,0,0,0,0,0,1,4,3,2012,6,21.0,3.0,0,1.0,3,1,3,  ,2,3.0,1,0,1,0,0,0,0,0,0,0,0,0,0,0,0,0,0
15170,2012041742,1715.0,9999.0,67,67301,39.9756,-75.1206,0,0,0,0,0,0,5,3,2012,5,17.0,1.0,7,1.0,3,0,3,  ,0,0.0,0,0,0,0,0,0,0,0,0,0,0,0,0,0,0,0,0
15171,2012041743,125.0,120.0,67,67301,39.9898,-75.1255,0,0,0,0,0,1,4,3,2012,6,1.0,3.0,0,1.0,3,1,3,  ,2,3.0,1,0,1,0,0,0,0,0,0,0,0,0,0,0,0,0,0
15172,2012041745,1824.0,1822.0,67,67301,39.9987,-75.1004,0,0,0,0,0,0,4,3,2012,1,18.0,1.0,0,1.0,3,2,3,  ,0,0.0,0,0,1,0,0,0,0,0,0,0,0,0,0,0,0,0,0
15173,2012041903,750.0,747.0,62,62302,40.1705,-80.248,0,0,0,0,1,0,2,4,2012,6,7.0,1.0,0,1.0,3,1,3,  ,2,3.0,1,0,0,0,0,0,0,0,0,0,0,0,0,0,0,1,0
15174,2012042103,1715.0,1700.0,67,67301,40.0134,-75.1416,0,0,0,0,0,0,4,3,2012,4,17.0,1.0,0,1.0,3,0,3,  ,0,0.0,0,0,1,0,0,0,0,0,0,0,0,0,0,0,0,0,0
15175,2012042135,1650.0,1646.0,67,67301,39.9346,-75.2148,0,0,0,0,0,0,4,3,2012,2,16.0,1.0,0,1.0,3,0,3,  ,0,0.0,0,0,1,0,0,0,0,0,0,0,0,0,0,0,0,0,0
15176,2012042138,1710.0,1705.0,67,67301,39.9305,-75.1782,0,0,0,0,0,0,4,3,2012,7,17.0,1.0,0,1.0,3,1,3,  ,3,3.0,0,0,1,0,0,0,0,0,0,0,0,0,0,0,0,0,0
15177,2012042156,1455.0,1454.0,67,67301,39.9926,-75.1265,0,0,0,0,0,1,5,3,2012,7,14.0,1.0,0,1.0,3,0,3,  ,0,0.0,0,0,0,0,0,0,0,0,0,0,0,0,0,0,0,0,0
15178,2012042169,1605.0,1600.0,67,67301,39.948,-75.1727,0,0,0,0,0,0,4,3,2012,1,15.0,1.0,0,1.0,3,1,3,  ,2,3.0,0,0,1,0,0,0,0,0,0,0,0,0,0,0,0,0,0
15179,2012042175,1740.0,1730.0,67,67301,40.0312,-75.1304,0,0,0,0,0,0,4,3,2012,6,17.0,1.0,0,1.0,3,0,3,  ,0,0.0,0,0,1,0,0,0,0,0,0,0,0,0,0,0,0,0,0
15180,2012042186,2103.0,2057.0,67,67301,39.9809,-75.1196,0,0,0,0,0,0,4,3,2012,6,20.0,3.0,0,1.0,3,0,3,  ,0,0.0,0,0,1,0,0,0,0,0,0,0,0,0,0,0,0,0,0
15181,2012042187,155.0,152.0,67,67301,39.9396,-75.1626,0,0,0,0,0,0,6,3,2012,7,1.0,3.0,0,1.0,3,1,3,  ,3,3.0,0,1,0,0,0,0,0,0,0,0,0,0,0,0,0,0,0
15182,2012042218,2105.0,2057.0,67,67301,40.045,-75.1235,0,0,0,0,0,0,4,3,2012,1,20.0,3.0,0,1.0,3,1,3,  ,2,3.0,1,0,1,0,0,0,0,0,0,0,0,0,0,0,0,0,0
15183,2012042268,710.0,708.0,46,46104,40.0103,-75.2569,0,0,0,0,0,0,4,4,2012,2,7.0,1.0,0,1.0,3,1,3,  ,2,3.0,1,0,1,0,0,0,0,0,0,0,0,0,0,0,0,0,1
15184,2012042488,922.0,919.0,15,15236,40.0426,-75.461,0,0,0,1,0,0,1,4,2012,6,9.0,1.0,0,1.0,1,1,3,  ,2,3.0,0,1,0,0,1,0,0,0,0,0,0,0,0,0,0,0,0
15185,2012042499,1417.0,1411.0,46,46416,40.2455,-75.6488,0,0,0,0,0,0,4,4,2012,4,14.0,1.0,0,1.0,2,0,3,  ,0,0.0,0,0,1,0,0,0,0,0,0,0,0,0,0,0,0,0,0
15186,2012042554,1727.0,1726.0,67,67301,40.0477,-75.06,0,0,0,0,0,0,4,3,2012,4,16.0,1.0,0,1.0,3,1,3,  ,2,3.0,1,0,1,0,0,0,0,0,0,0,0,0,0,0,0,0,0
15187,2012042667,1745.0,1745.0,36,36218,40.1647,-76.1567,0,0,0,0,0,0,4,4,2012,5,17.0,1.0,0,1.0,1,0,3,  ,0,0.0,0,0,1,0,0,0,0,0,0,0,0,0,0,0,0,0,0
15188,2012042682,1705.0,1704.0,8,8409,41.9896,-76.5246,0,0,0,0,0,1,4,4,2012,6,17.0,1.0,7,1.0,2,0,3,  ,0,0.0,0,0,1,0,0,0,0,0,0,0,0,0,0,0,0,1,0
15189,2012043315,1250.0,1242.0,2,2301,40.4415,-79.9955,0,0,0,0,0,0,4,4,2012,2,12.0,1.0,0,1.0,3,2,3,  ,2,3.0,0,0,1,0,0,0,0,0,0,0,0,0,0,0,0,0,0
15190,2012043382,720.0,720.0,15,15228,40.2334,-75.6614,0,1,0,0,1,0,4,4,2012,3,7.0,1.0,2,1.0,1,6,3,  ,4,3.0,0,0,1,0,0,0,0,0,0,0,0,0,0,0,0,0,0
15191,2012043398,1535.0,1533.0,46,46208,40.1563,-75.4108,0,0,0,0,0,0,4,4,2012,6,15.0,1.0,0,1.0,3,1,3,  ,3,3.0,0,0,1,0,0,0,0,0,0,0,0,0,0,0,0,0,0
15192,2012043550,1714.0,1646.0,36,36217,40.2151,-76.2817,0,0,0,0,0,0,4,4,2012,5,16.0,1.0,0,1.0,1,1,3,  ,0,0.0,0,0,1,0,0,0,0,0,0,0,0,0,0,0,0,0,0
15193,2012043663,1749.0,1745.0,36,36234,40.0848,-76.2077,0,1,0,0,0,1,4,4,2012,4,17.0,1.0,0,1.0,1,0,3,  ,0,0.0,0,0,1,0,0,0,0,0,0,0,0,0,0,0,0,0,0
15194,2012043697,2106.0,2103.0,11,11410,40.3489,-78.8838,0,0,0,0,0,0,4,4,2012,2,20.0,3.0,0,1.0,3,1,3,  ,2,3.0,0,0,1,0,0,0,0,0,0,0,0,0,0,0,0,0,0
15195,2012043698,1632.0,1631.0,9,9208,40.1766,-74.8286,0,0,0,0,0,1,4,5,2012,3,16.0,1.0,7,1.0,3,0,3,  ,0,0.0,1,0,1,0,0,0,0,0,0,0,0,0,0,0,0,0,0
15196,2012043954,1309.0,1308.0,2,2430,40.5061,-79.9462,0,0,0,0,0,0,4,5,2012,3,13.0,1.0,0,1.0,3,0,3,  ,0,0.0,0,0,1,0,0,0,0,0,0,0,0,0,0,0,0,0,0
15197,2012044056,1348.0,1343.0,6,6101,40.3562,-75.6693,0,0,0,0,1,0,4,4,2012,1,13.0,1.0,7,1.0,1,0,3,  ,0,0.0,0,0,1,0,0,0,0,0,0,0,0,0,0,0,0,0,0
15198,2012044125,1904.0,1903.0,2,2448,40.4077,-79.8916,0,0,0,1,0,0,5,5,2012,4,19.0,1.0,0,1.0,3,0,3,  ,0,0.0,1,0,0,0,1,0,0,0,0,0,0,0,0,0,0,0,0
15199,2012044328,1000.0,1000.0,22,22102,40.2332,-76.8188,0,0,0,0,0,0,4,4,2012,6,7.0,1.0,0,1.0,3,1,3,  ,0,0.0,0,0,1,0,0,0,0,0,1,0,0,0,0,0,0,0,0
15200,2012044349,1616.0,1616.0,62,62302,40.1856,-80.2668,0,0,0,0,0,0,4,5,2012,4,16.0,1.0,0,1.0,3,1,3,  ,0,0.0,0,0,1,0,0,0,0,0,0,0,0,0,0,0,0,0,0
15201,2012044401,1753.0,1748.0,35,35302,41.4001,-75.6792,0,0,0,0,1,0,4,5,2012,5,17.0,1.0,7,1.0,3,2,3,  ,0,0.0,0,0,1,0,0,0,0,0,0,0,0,0,0,0,0,0,0
15202,2012044426,1602.0,1552.0,66,66231,39.9285,-76.8314,0,0,0,0,1,0,4,3,2012,4,15.0,1.0,7,1.0,1,0,3,  ,0,0.0,0,0,1,0,0,0,0,0,0,0,0,0,0,0,0,0,0
15203,2012044486,2050.0,2046.0,35,35302,41.4006,-75.6606,0,0,0,0,0,0,4,5,2012,5,20.0,2.0,0,1.0,3,1,3,  ,3,3.0,0,0,1,0,0,0,0,0,0,0,0,0,0,0,0,0,0
15204,2012044512,1851.0,1846.0,9,9208,40.1575,-74.8128,0,0,0,0,0,1,4,5,2012,5,18.0,1.0,0,1.0,3,1,3,  ,2,3.0,0,0,1,0,0,0,0,0,0,0,0,0,0,0,0,0,0
15205,2012044901,2101.0,2057.0,46,46220,40.0649,-75.3271,0,0,0,0,0,1,4,5,2012,6,20.0,3.0,0,1.0,3,0,3,  ,0,0.0,1,0,1,0,0,0,0,0,0,0,0,0,0,0,0,0,0
15206,2012044995,2121.0,2118.0,26,26301,40.0113,-79.5993,0,0,0,0,0,0,4,5,2012,7,21.0,3.0,0,1.0,2,1,3,  ,3,3.0,0,0,1,0,0,0,0,0,0,0,0,0,0,0,0,0,0
15207,2012045058,1554.0,1552.0,48,48301,40.6107,-75.3693,0,1,0,0,0,0,1,5,2012,6,15.0,1.0,0,1.0,3,1,3,  ,2,3.0,0,0,0,0,0,0,0,0,0,0,0,0,0,0,0,0,0
15208,2012045317,1316.0,1312.0,38,38402,40.2655,-76.4353,0,0,0,0,0,0,5,5,2012,1,13.0,1.0,0,1.0,1,0,3,  ,0,0.0,1,0,0,0,0,0,0,0,0,0,0,0,0,0,0,0,0
15209,2012045490,804.0,802.0,46,46215,40.2237,-75.4107,0,0,0,0,0,0,4,5,2012,6,7.0,1.0,0,9.0,1,2,3,  ,0,0.0,0,0,1,0,0,0,0,0,0,0,0,0,0,0,0,0,0
15210,2012045727,1534.0,1528.0,21,21212,40.2822,-77.0609,0,1,0,0,1,0,8,5,2012,2,15.0,1.0,0,1.0,1,0,3,  ,0,0.0,0,0,0,0,0,0,0,0,0,0,0,0,0,0,0,1,0
15211,2012045740,1415.0,1410.0,23,23301,39.8354,-75.3935,0,0,0,0,0,0,4,5,2012,7,14.0,1.0,0,1.0,3,1,3,  ,0,0.0,0,0,1,0,0,0,0,0,0,0,0,0,0,0,0,0,0
15212,2012045826,1546.0,1535.0,39,39301,40.5917,-75.4449,0,0,0,0,0,0,8,5,2012,3,15.0,1.0,0,9.0,3,1,7,  ,0,0.0,0,0,0,0,0,0,0,0,0,0,0,0,0,0,0,0,0
15213,2012046152,1212.0,1206.0,36,36301,40.0398,-76.3016,0,0,0,0,0,0,5,5,2012,3,12.0,1.0,0,1.0,3,0,3,  ,0,0.0,0,0,0,0,0,0,0,0,0,0,0,0,0,0,0,0,0
15214,2012046164,1618.0,1615.0,23,23301,39.8577,-75.3639,0,0,0,0,0,0,4,5,2012,1,16.0,1.0,0,1.0,3,2,3,  ,0,0.0,0,0,1,0,0,0,0,0,0,0,0,0,0,0,0,0,0
15215,2012046267,1545.0,1537.0,36,36214,40.0752,-76.4081,0,0,0,0,0,0,4,5,2012,4,15.0,1.0,0,1.0,3,1,3,  ,3,3.0,1,0,1,0,0,0,0,0,0,0,0,0,0,0,0,1,0
15216,2012046282,1646.0,1644.0,23,23111,39.961,-75.2886,0,0,0,0,0,0,4,5,2012,4,16.0,1.0,7,1.0,3,2,3,  ,2,3.0,0,0,1,0,0,0,0,0,0,0,0,0,0,0,0,0,0
15217,2012046803,647.0,645.0,66,66212,40.0099,-76.5907,0,0,0,0,1,0,4,3,2012,4,6.0,2.0,0,1.0,1,2,3,  ,3,3.0,1,0,1,0,0,0,0,0,0,0,0,0,0,0,0,0,0
15218,2012046847,1834.0,1831.0,2,2431,40.4305,-79.8565,0,0,0,0,0,0,4,5,2012,5,18.0,1.0,0,1.0,3,2,3,  ,0,0.0,0,0,1,0,0,0,0,0,0,0,0,0,0,0,0,0,1
15219,2012046894,2211.0,2210.0,19,19501,40.9978,-76.4582,0,0,0,0,0,0,2,5,2012,5,22.0,3.0,0,1.0,2,1,3,  ,0,0.0,0,0,0,0,0,0,0,0,0,0,0,0,0,0,0,0,1
15220,2012046911,1237.0,1237.0,6,6301,40.3534,-75.9254,0,0,0,0,0,0,1,5,2012,2,12.0,1.0,0,9.0,3,0,7,  ,0,0.0,0,0,0,0,0,1,0,0,0,0,0,0,0,0,0,0,0
15221,2012046952,2055.0,2045.0,9,9409,40.2183,-74.7799,0,0,0,0,1,0,4,4,2012,1,20.0,3.0,0,1.0,3,1,3,  ,2,3.0,0,0,1,0,0,1,0,0,0,0,0,0,0,0,0,0,0
15222,2012047046,1658.0,1658.0,53,53421,40.5598,-76.3818,0,0,0,0,0,0,4,5,2012,5,14.0,1.0,0,1.0,1,2,3,  ,3,9.0,0,0,1,0,0,0,0,0,0,0,0,0,0,0,0,0,1
15223,2012047080,1605.0,1603.0,48,48212,40.6889,-75.2547,0,0,0,0,1,0,4,5,2012,6,16.0,1.0,7,1.0,3,0,3,  ,3,3.0,0,0,1,0,0,0,0,0,0,0,0,0,0,0,0,0,0
15224,2012047082,2119.0,2118.0,67,67301,39.9596,-75.197,0,0,0,0,0,0,4,4,2012,2,21.0,3.0,0,1.0,3,1,3,  ,2,3.0,0,0,1,0,0,0,0,0,0,0,0,0,0,0,0,0,0
15225,2012047084,827.0,826.0,67,67301,39.9558,-75.1916,0,0,0,0,0,0,5,4,2012,4,8.0,1.0,0,1.0,3,0,3,  ,2,2.0,0,0,0,0,0,0,0,0,0,0,0,0,0,0,0,0,0
15226,2012047093,1832.0,1830.0,67,67301,40.0181,-75.1343,0,0,0,0,0,0,4,4,2012,5,18.0,1.0,0,1.0,3,0,3,  ,0,0.0,0,0,1,0,0,0,0,0,0,0,0,0,0,0,0,0,0
15227,2012047094,1920.0,1911.0,67,67301,40.0412,-75.0166,0,0,0,0,0,0,4,3,2012,6,19.0,4.0,0,1.0,3,1,3,  ,3,3.0,1,0,1,0,0,0,0,0,0,0,1,0,1,0,0,0,0
15228,2012047112,1519.0,1512.0,67,67301,39.9929,-75.1335,0,0,0,0,0,0,4,3,2012,6,15.0,1.0,0,1.0,3,1,3,  ,3,3.0,0,0,1,0,0,0,0,0,0,0,0,0,0,0,0,0,0
15229,2012047150,115.0,108.0,67,67301,39.9678,-75.1802,0,0,0,0,0,0,4,3,2012,7,1.0,3.0,0,9.0,3,3,7,  ,3,3.0,1,0,1,0,0,0,0,0,0,0,0,0,0,0,0,0,0
15230,2012047181,2205.0,2203.0,67,67301,40.0283,-75.0474,0,0,0,0,0,0,4,4,2012,6,21.0,3.0,0,1.0,3,1,3,  ,3,3.0,1,0,1,0,0,0,0,0,0,0,0,0,0,0,0,0,0
15231,2012047216,1753.0,1750.0,67,67301,40.041,-75.1282,0,0,0,0,0,0,4,4,2012,1,17.0,1.0,0,1.0,3,2,3,  ,0,0.0,0,0,1,0,0,0,0,0,0,0,0,0,0,0,0,0,0
15232,2012047220,1758.0,1754.0,67,67301,39.93,-75.1647,0,0,0,0,0,1,4,4,2012,6,17.0,1.0,0,1.0,3,2,3,  ,3,3.0,0,0,1,0,0,0,0,0,0,0,0,0,0,0,0,1,0
15233,2012047230,825.0,820.0,67,67301,39.9541,-75.1778,0,0,0,0,0,0,4,3,2012,5,8.0,1.0,0,1.0,3,1,3,  ,2,3.0,1,0,1,0,0,0,0,0,0,0,0,0,0,0,0,0,0
15234,2012047233,2320.0,2320.0,67,67301,39.9603,-75.1389,0,0,0,0,0,0,4,4,2012,6,23.0,3.0,0,1.0,3,1,3,  ,0,0.0,0,0,1,0,0,0,0,0,0,0,0,0,0,0,0,0,0
15235,2012047243,9999.0,1724.0,67,67301,39.9804,-75.1592,0,0,0,0,0,0,2,4,2012,4,99.0,1.0,0,1.0,3,1,3,  ,2,3.0,1,0,0,0,0,0,0,0,0,0,0,0,0,0,0,0,1
15236,2012047275,2000.0,1955.0,67,67301,39.9787,-75.1335,0,0,0,0,1,0,4,4,2012,1,19.0,3.0,0,1.0,3,2,3,  ,2,3.0,1,0,1,0,0,0,0,0,0,0,0,0,0,0,0,0,0
15237,2012047281,2142.0,2142.0,67,67301,40.0072,-75.1234,0,0,0,0,0,0,4,4,2012,6,21.0,3.0,0,1.0,3,1,3,  ,2,3.0,1,0,1,0,0,0,0,0,0,0,0,0,0,0,0,0,0
15238,2012047288,1454.0,1453.0,67,67301,40.0406,-75.1746,0,0,0,0,0,0,4,4,2012,1,14.0,1.0,0,1.0,3,1,3,  ,2,3.0,0,0,1,0,0,0,0,0,0,0,0,0,0,0,0,0,0
15239,2012047290,955.0,955.0,67,67301,40.0366,-75.0586,0,0,0,0,1,0,4,4,2012,6,9.0,1.0,0,1.0,3,1,3,  ,3,3.0,0,0,1,0,0,0,0,0,0,0,0,0,0,0,0,1,0
15240,2012047296,1830.0,1826.0,67,67301,40.0004,-75.1173,0,0,0,0,0,0,5,4,2012,2,11.0,1.0,0,1.0,3,0,3,  ,0,0.0,0,0,0,0,0,0,0,0,0,0,0,0,0,0,0,0,0
15241,2012047361,1724.0,1723.0,48,48302,40.6746,-75.2195,0,0,0,0,0,0,4,5,2012,5,17.0,1.0,0,1.0,3,0,3,  ,0,0.0,0,0,1,0,0,0,0,0,0,0,0,0,0,0,0,0,0
15242,2012047397,2000.0,1945.0,39,39301,40.6166,-75.4763,0,0,0,0,0,0,4,5,2012,6,18.0,1.0,0,1.0,3,1,3,  ,2,9.0,1,0,1,0,0,0,0,0,0,0,0,1,0,0,0,0,0
15243,2012047524,906.0,904.0,2,2448,40.4081,-79.9046,0,0,1,0,0,0,4,5,2012,7,9.0,1.0,0,1.0,3,1,3,  ,3,3.0,0,0,1,0,1,0,0,0,0,0,0,0,0,0,0,0,0
15244,2012047547,1001.0,1000.0,14,14206,40.7786,-77.8964,0,0,0,0,1,0,4,5,2012,6,6.0,1.0,0,1.0,1,0,3,  ,0,0.0,0,0,1,0,0,0,0,0,0,0,0,0,0,0,0,0,0
15245,2012047637,2008.0,2005.0,41,41301,41.2404,-77.0334,0,0,0,0,0,0,4,5,2012,7,20.0,1.0,0,1.0,3,1,3,  ,3,3.0,0,0,1,0,0,0,0,0,0,0,0,0,0,0,0,0,0
15246,2012047699,1210.0,1200.0,36,36227,40.1451,-76.3333,0,0,0,0,0,0,4,5,2012,7,11.0,1.0,0,1.0,1,2,3,  ,3,3.0,0,0,1,0,0,0,0,0,0,0,0,0,0,0,0,0,0
15247,2012047834,1841.0,1838.0,8,8409,41.9842,-76.5113,0,0,0,0,0,0,4,5,2012,1,18.0,1.0,0,1.0,2,2,3,  ,3,3.0,0,0,1,0,0,0,0,0,0,0,0,0,0,0,0,0,0
15248,2012047885,233.0,233.0,2,2301,40.4616,-79.9671,0,1,0,0,0,1,4,5,2012,1,2.0,3.0,0,1.0,3,1,3,  ,2,3.0,1,1,1,0,0,0,1,0,0,1,0,0,0,1,0,0,0
15249,2012047905,2200.0,2042.0,36,36301,40.0329,-76.3225,0,0,0,0,0,1,1,5,2012,5,20.0,3.0,0,1.0,3,0,3,  ,0,0.0,0,1,0,0,0,1,0,0,0,0,0,0,0,0,0,0,0
15250,2012047969,1534.0,1529.0,15,15243,39.9807,-75.7678,0,0,1,0,0,0,4,5,2012,6,15.0,1.0,0,1.0,1,1,3,  ,3,3.0,1,0,1,0,1,0,0,0,0,0,1,0,0,0,0,0,0
15251,2012048040,915.0,912.0,67,67301,40.0472,-75.1408,0,0,0,0,0,0,4,4,2012,6,8.0,1.0,7,1.0,3,0,3,  ,0,0.0,0,0,1,0,0,0,0,0,0,0,0,0,0,0,0,0,0
15252,2012048041,915.0,910.0,67,67301,39.9646,-75.2362,0,0,0,0,0,1,4,3,2012,2,9.0,1.0,0,1.0,3,1,3,  ,3,3.0,1,0,1,0,0,0,0,0,0,0,0,0,0,0,0,0,0
15253,2012048053,2224.0,2223.0,67,67301,40.0832,-74.9917,0,0,0,0,1,0,4,4,2012,2,22.0,2.0,0,1.0,3,2,3,  ,0,0.0,1,0,1,0,0,0,0,0,0,0,0,0,0,0,0,0,0
15254,2012048056,1757.0,1756.0,67,67301,39.932,-75.2252,0,0,0,0,0,0,4,4,2012,5,17.0,3.0,7,1.0,3,0,3,  ,0,0.0,1,0,1,0,0,0,0,0,0,0,0,0,0,1,0,0,1
15255,2012048075,1405.0,1400.0,67,67301,39.9903,-75.127,0,0,0,0,0,0,4,3,2012,2,6.0,1.0,0,1.0,3,1,99,  ,0,0.0,0,0,1,0,0,0,0,0,0,0,0,0,0,0,0,0,0
15256,2012048077,1335.0,1335.0,67,67301,39.9726,-75.1402,0,0,0,0,0,0,4,4,2012,4,13.0,1.0,0,1.0,3,1,3,  ,3,3.0,1,0,1,0,0,0,0,0,0,0,0,0,0,0,0,0,0
15257,2012048080,1238.0,1238.0,67,67301,39.9794,-75.1389,0,0,1,0,0,0,5,4,2012,4,12.0,1.0,0,1.0,3,0,3,  ,0,0.0,0,0,0,0,1,0,0,0,0,0,0,0,0,0,0,0,0