,CRN,ARRIVAL_TM,DISPATCH_TM,COUNTY,MUNICIPALITY,DEC_LAT,DEC_LONG,BICYCLE_DEATH_COUNT,BICYCLE_SUSP_SERIOUS_INJ_COUNT,BUS_COUNT,HEAVY_TRUCK_COUNT,SMALL_TRUCK_COUNT,SUV_COUNT,COLLISION_TYPE,CRASH_MONTH,CRASH_YEAR,DAY_OF_WEEK,HOUR_OF_DAY,ILLUMINATION,LOCATION_TYPE,ROAD_CONDITION,URBAN_RURAL,INTERSECT_TYPE,WEATHER1,WEATHER2,TCD_TYPE,TCD_FUNC_CD,AGGRESSIVE_DRIVING,ALCOHOL_RELATED,ANGLE_CRASH,CELL_PHONE,COMM_VEHICLE,DISTRACTED,DRINKING_DRIVER,DRUGGED_DRIVER,FATIGUE_ASLEEP,IMPAIRED_DRIVER,NHTSA_AGG_DRIVING,RUNNING_RED_LT,RUNNING_STOP_SIGN,SPEEDING_RELATED,TAILGATING,MATURE_DRIVER,YOUNG_DRIVER
15258,2012048081,1812.0,1810.0,67,67301,39.9549,-75.2087,0,0,0,0,0,0,4,3,2012,6,18.0,1.0,0,1.0,3,1,3,  ,0,0.0,0,0,1,0,0,1,0,0,0,0,0,0,0,0,0,0,0
15259,2012048104,2150.0,2142.0,67,67301,40.1182,-75.0332,0,0,0,0,0,1,4,3,2012,6,21.0,3.0,0,1.0,3,0,3,  ,0,0.0,0,0,1,0,0,0,0,0,0,0,0,0,0,0,0,0,0
15260,2012048166,1514.0,1314.0,67,67301,39.951,-75.1654,0,0,0,0,0,0,4,4,2012,4,15.0,1.0,0,1.0,3,1,3,  ,2,3.0,0,0,1,0,0,0,0,0,0,0,0,0,0,0,0,0,0
15261,2012048172,1821.0,1821.0,67,67301,40.0449,-75.0804,0,0,0,0,0,0,1,4,2012,2,18.0,1.0,0,1.0,3,0,3,  ,0,0.0,0,0,0,0,0,0,0,0,0,0,0,0,0,0,0,0,1
15262,2012048186,2359.0,2355.0,67,67301,39.9836,-75.1085,0,0,0,0,0,0,4,4,2012,3,19.0,3.0,0,1.0,3,1,3,  ,0,0.0,0,0,1,0,0,0,0,0,0,0,0,0,0,0,0,0,0
15263,2012048265,25.0,20.0,67,67301,39.9494,-75.1523,0,0,0,0,0,0,4,4,2012,7,0.0,3.0,0,1.0,3,1,3,  ,2,3.0,1,0,1,0,0,0,0,0,0,0,0,1,0,0,0,0,0
15264,2012048271,1815.0,1803.0,67,67301,40.1002,-75.0217,0,0,0,0,0,1,4,4,2012,3,7.0,1.0,0,1.0,3,1,3,  ,0,0.0,0,0,1,0,0,0,0,0,0,0,0,0,0,0,0,0,0
15265,2012048309,1758.0,1753.0,67,67301,39.9369,-75.1502,0,0,0,0,0,0,4,4,2012,4,17.0,1.0,0,1.0,3,1,98,  ,3,3.0,0,0,1,0,0,0,0,0,0,0,0,0,0,0,0,0,0
15266,2012048316,39.0,39.0,67,67301,39.9493,-75.1643,0,0,0,0,0,0,5,3,2012,7,0.0,3.0,0,1.0,3,0,3,  ,0,0.0,0,0,0,0,0,0,0,0,0,0,0,0,0,0,0,0,0
15267,2012048318,1726.0,722.0,67,67301,39.9679,-75.2078,0,0,0,0,0,0,4,3,2012,5,17.0,1.0,0,1.0,3,1,3,  ,2,3.0,1,0,1,0,0,0,0,0,0,0,0,0,0,0,0,0,0
15268,2012048383,2008.0,2007.0,23,23103,39.9825,-75.306,0,0,0,0,0,0,4,5,2012,6,20.0,3.0,0,1.0,3,2,3,  ,3,3.0,0,0,1,0,0,0,0,0,0,0,0,0,0,0,0,1,0
15269,2012048814,805.0,800.0,46,46405,40.0732,-75.2975,0,1,0,0,1,0,6,5,2012,2,8.0,1.0,0,1.0,3,0,3,  ,0,0.0,0,0,0,0,0,0,0,0,0,0,0,0,0,0,0,0,0
15270,2012048908,1751.0,1749.0,23,23111,39.9698,-75.2855,0,0,0,0,0,1,4,5,2012,3,17.0,1.0,0,1.0,3,0,3,  ,0,0.0,0,0,1,0,0,0,0,0,0,0,0,0,0,0,0,0,0
15271,2012049151,1454.0,1448.0,36,36405,40.2324,-76.1383,0,0,0,0,0,1,4,5,2012,3,14.0,1.0,0,1.0,1,1,3,  ,3,3.0,0,0,1,0,0,1,0,0,0,0,0,0,0,0,0,0,0
15272,2012049448,1028.0,1027.0,48,48101,40.6692,-75.3481,0,0,0,0,0,0,4,5,2012,6,10.0,1.0,0,1.0,3,0,3,  ,0,0.0,0,0,1,0,0,0,0,0,0,0,0,0,0,0,0,0,0
15273,2012049577,1803.0,1757.0,15,15214,40.0386,-75.5528,0,0,0,0,0,0,4,5,2012,4,17.0,1.0,7,1.0,3,0,3,  ,0,0.0,0,0,1,0,0,0,0,0,0,0,0,0,0,0,0,0,0
15274,2012049614,1240.0,1235.0,46,46204,40.1888,-75.1469,0,0,0,0,0,0,4,5,2012,5,12.0,1.0,0,1.0,3,2,3,  ,2,3.0,1,0,1,0,0,0,0,0,0,0,0,0,0,0,0,0,0
15275,2012049624,1655.0,1651.0,22,22102,40.2556,-76.8431,0,0,0,0,0,0,8,5,2012,6,16.0,1.0,7,1.0,3,0,3,  ,0,0.0,1,0,0,0,0,0,0,0,0,0,0,0,0,0,0,0,1
15276,2012049658,120.0,120.0,67,67301,39.9416,-75.1492,0,0,0,0,0,0,4,4,2012,1,99.0,3.0,0,1.0,3,1,3,  ,2,3.0,1,0,1,0,0,0,0,0,0,0,0,0,0,0,0,0,0
15277,2012049695,1325.0,1324.0,67,67301,39.9289,-75.1821,0,0,0,0,0,0,4,4,2012,3,13.0,1.0,0,1.0,3,1,3,  ,3,3.0,1,0,1,0,0,0,0,0,0,0,0,0,0,0,0,0,0
15278,2012049703,1543.0,1541.0,67,67301,39.9665,-75.1906,0,0,0,0,0,0,4,4,2012,4,15.0,1.0,0,1.0,3,3,3,  ,3,3.0,1,0,1,0,0,0,0,0,0,0,0,0,0,0,0,1,0
15279,2012049707,1642.0,1642.0,67,67301,39.9876,-75.1082,0,0,0,0,0,0,4,4,2012,3,15.0,1.0,0,1.0,3,0,3,  ,0,0.0,0,0,1,0,0,0,0,0,0,0,0,0,0,0,0,0,0
15280,2012049749,1025.0,1017.0,67,67301,39.9322,-75.1817,0,0,1,0,0,0,4,3,2012,7,10.0,8.0,0,9.0,3,1,7,  ,2,3.0,0,0,1,0,1,0,0,0,0,0,0,0,0,0,0,0,0
15281,2012049751,1250.0,1245.0,67,67301,39.9515,-75.1671,0,0,0,0,0,0,1,4,2012,3,12.0,1.0,0,1.0,3,0,3,  ,0,0.0,0,0,0,0,0,0,0,0,0,0,0,0,0,0,0,0,0
15282,2012049763,1340.0,1340.0,67,67301,39.9763,-75.1831,0,0,0,1,0,0,4,4,2012,5,13.0,1.0,0,1.0,3,1,3,  ,2,3.0,0,0,1,0,0,0,0,0,0,0,0,0,0,0,0,0,0
15283,2012049764,1128.0,1124.0,67,67301,40.0264,-75.0849,0,0,0,0,0,0,4,4,2012,2,11.0,1.0,7,1.0,3,0,3,  ,0,0.0,0,0,1,0,0,0,0,0,0,0,0,0,0,0,0,0,0
15284,2012049793,2221.0,2218.0,67,67301,40.0286,-75.0423,0,1,0,0,0,0,4,4,2012,3,22.0,3.0,0,1.0,3,0,3,  ,0,0.0,0,0,1,0,0,0,0,0,0,0,0,0,0,0,0,0,0
15285,2012049851,2053.0,2048.0,67,67301,40.0386,-75.1585,0,0,0,0,0,0,4,4,2012,5,20.0,3.0,0,1.0,3,0,3,  ,0,0.0,0,0,1,0,0,0,0,0,0,0,0,0,0,0,0,1,0
15286,2012049854,1305.0,1300.0,67,67301,39.9927,-75.1203,0,0,0,0,0,0,4,4,2012,2,12.0,1.0,0,1.0,3,5,3,  ,2,3.0,1,0,1,0,0,0,0,0,0,0,0,0,0,0,0,0,0
15287,2012049883,1936.0,1935.0,46,46402,40.1068,-75.3424,0,0,0,0,0,0,8,5,2012,1,19.0,4.0,0,1.0,3,2,3,  ,0,0.0,0,0,0,0,0,1,0,0,0,0,0,0,0,0,0,0,0
15288,2012049939,1215.0,1213.0,49,49407,40.8899,-76.7998,0,1,0,0,0,0,5,5,2012,1,12.0,1.0,0,1.0,1,0,3,  ,0,0.0,0,0,0,0,0,0,0,0,0,0,0,0,0,0,0,0,1
15289,2012050188,1615.0,1608.0,2,2301,40.436,-79.9561,0,0,0,0,0,0,8,5,2012,6,16.0,1.0,0,1.0,3,1,3,  ,3,3.0,0,0,0,0,0,0,0,0,0,0,0,0,0,0,0,0,0
15290,2012050205,1422.0,1421.0,67,67301,39.9231,-75.1597,0,0,0,0,1,0,4,3,2012,5,14.0,1.0,0,1.0,3,1,3,  ,2,3.0,1,0,1,0,0,0,0,0,0,0,1,1,0,1,0,1,1
15291,2012050218,2014.0,2010.0,67,67301,39.9406,-75.1711,0,0,0,0,0,1,4,4,2012,4,20.0,3.0,0,1.0,3,1,3,  ,2,3.0,1,0,1,0,0,0,0,0,0,0,0,0,0,0,0,0,0
15292,2012050344,1750.0,1745.0,15,15407,40.0352,-75.5163,0,0,0,0,0,0,4,5,2012,6,17.0,1.0,7,1.0,3,0,3,  ,3,3.0,1,0,1,0,0,0,0,0,0,0,1,0,0,0,0,0,0
15293,2012050419,1904.0,1903.0,33,33406,40.9505,-78.9671,0,0,0,0,0,0,4,5,2012,7,19.0,1.0,0,1.0,2,1,3,  ,0,0.0,0,0,1,0,0,0,0,0,0,0,0,0,0,0,0,0,0
15294,2012050489,1412.0,1410.0,64,64411,40.3348,-79.7097,0,0,0,0,0,0,4,5,2012,7,14.0,1.0,0,1.0,3,1,3,  ,3,3.0,0,0,1,0,0,0,0,0,0,0,0,0,0,0,0,1,0
15295,2012050558,1619.0,1618.0,6,6301,40.3491,-75.9365,0,0,0,0,0,0,4,5,2012,7,16.0,1.0,0,1.0,3,1,3,  ,3,3.0,0,0,1,0,0,0,0,0,0,0,0,0,0,0,0,0,0
15296,2012050620,1802.0,1756.0,14,14210,40.7818,-77.8063,0,0,0,0,0,0,4,5,2012,7,17.0,1.0,0,1.0,1,2,3,  ,3,3.0,0,0,1,0,0,0,0,0,0,0,0,0,0,0,0,0,0
15297,2012050709,1705.0,1704.0,39,39301,40.6042,-75.4737,0,0,0,0,0,0,4,5,2012,1,17.0,1.0,0,1.0,3,0,3,  ,0,0.0,0,0,1,0,0,0,0,0,0,0,0,0,0,0,0,0,1
15298,2012050797,1945.0,1939.0,6,6237,40.2917,-76.0176,0,0,0,0,0,0,4,5,2012,1,19.0,1.0,0,1.0,3,0,3,  ,3,3.0,0,0,1,0,0,0,0,0,0,0,0,0,0,0,0,0,0
15299,2012050949,1724.0,1720.0,22,22301,40.2671,-76.8671,0,0,0,0,0,0,4,5,2012,3,17.0,1.0,0,1.0,3,1,3,  ,0,0.0,0,0,1,0,0,0,0,0,0,0,0,0,0,0,0,0,0
15300,2012051028,1509.0,1505.0,9,9208,40.1731,-74.8541,0,0,0,0,0,0,1,5,2012,2,15.0,1.0,0,1.0,3,1,3,  ,0,0.0,0,0,0,0,0,0,0,0,0,0,0,0,0,0,0,0,0
15301,2012051098,1902.0,1900.0,64,64304,40.1573,-79.8803,0,0,0,0,0,0,4,5,2012,5,19.0,1.0,0,1.0,3,1,3,  ,0,0.0,0,0,1,0,0,0,0,0,0,0,0,0,0,0,0,0,0
15302,2012051123,1819.0,1811.0,22,22416,40.58,-76.619,0,1,0,0,1,0,4,5,2012,4,18.0,1.0,0,1.0,1,1,3,  ,8,3.0,0,0,1,0,0,0,0,0,0,0,0,0,0,0,0,0,0
15303,2012051168,2106.0,2103.0,4,4423,40.7421,-80.3124,0,0,0,0,0,0,4,5,2012,2,21.0,3.0,0,1.0,3,1,3,  ,3,3.0,0,0,1,0,0,0,0,0,0,0,0,0,0,0,0,0,0
15304,2012051177,2251.0,2248.0,2,2301,40.4541,-79.9968,0,0,0,0,0,1,4,5,2012,2,22.0,3.0,0,1.0,3,2,3,  ,2,3.0,0,0,1,0,0,0,0,0,0,0,0,0,0,0,0,0,0
15305,2012051371,928.0,925.0,21,21404,40.2115,-77.0065,0,0,0,0,0,1,4,5,2012,7,9.0,1.0,0,1.0,3,1,3,  ,3,3.0,0,0,1,0,0,0,0,0,0,0,0,0,0,0,0,0,0
15306,2012051388,1825.0,1822.0,46,46103,40.2794,-75.2897,0,0,0,0,0,1,4,5,2012,2,18.0,1.0,0,9.0,3,1,7,  ,3,3.0,1,0,1,0,0,0,0,0,0,0,0,0,0,0,0,0,0
15307,2012051458,2032.0,2031.0,60,60302,41.4332,-79.7039,0,0,0,0,0,0,4,5,2012,4,20.0,4.0,0,1.0,2,1,3,  ,0,0.0,0,0,1,0,0,0,0,0,0,0,0,0,0,0,0,0,1
15308,2012051513,943.0,939.0,46,46203,40.3223,-75.3459,0,0,0,0,0,0,4,5,2012,1,9.0,1.0,0,1.0,1,2,3,  ,2,3.0,1,0,1,0,0,0,0,0,0,0,0,0,0,0,0,1,0
15309,2012051590,1913.0,1902.0,57,57404,41.9623,-75.745,0,0,0,0,0,0,4,5,2012,1,19.0,1.0,0,1.0,1,3,3,  ,3,1.0,0,0,1,0,0,0,0,0,0,0,0,0,0,0,0,0,0
15310,2012051621,1730.0,1724.0,2,2301,40.4387,-79.9464,0,0,0,0,0,0,2,5,2012,3,17.0,1.0,0,1.0,3,2,3,  ,3,3.0,0,0,0,0,0,0,0,0,0,0,0,0,0,0,0,0,0
15311,2012051626,1205.0,1202.0,2,2301,40.4506,-80.0186,0,0,0,0,0,0,8,5,2012,3,12.0,1.0,0,1.0,3,0,3,  ,0,0.0,1,0,0,0,0,0,0,0,0,0,0,0,0,0,0,0,0
15312,2012051668,931.0,929.0,46,46109,40.1591,-75.2144,0,0,0,0,0,0,4,5,2012,7,9.0,1.0,7,1.0,3,0,3,  ,0,0.0,0,0,1,0,0,0,0,0,0,0,0,0,0,0,0,0,0
15313,2012051699,1830.0,1825.0,29,29401,39.9356,-77.9991,0,0,0,0,1,0,2,5,2012,7,18.0,1.0,0,1.0,1,2,3,  ,0,0.0,0,0,0,0,0,0,0,0,0,0,0,0,0,0,0,1,0
15314,2012051826,1529.0,1524.0,23,23106,40.0277,-75.3529,0,0,0,0,0,0,4,5,2012,1,15.0,1.0,0,1.0,3,1,3,  ,2,3.0,0,0,1,0,0,0,0,0,0,0,0,0,0,0,0,1,0
15315,2012051922,1708.0,1702.0,67,67301,40.0412,-75.1845,0,0,0,0,0,1,4,4,2012,4,16.0,1.0,0,1.0,3,0,3,  ,0,0.0,0,0,1,0,0,0,0,0,0,0,0,0,0,0,0,0,0
15316,2012051970,1930.0,1928.0,9,9226,40.1868,-75.0886,0,0,0,0,0,1,4,5,2012,7,17.0,1.0,0,1.0,3,0,3,  ,0,0.0,0,0,1,0,0,0,0,0,0,0,0,0,0,0,0,0,0
15317,2012052290,1223.0,1218.0,2,2301,40.4616,-79.9671,0,0,0,0,0,0,4,5,2012,5,12.0,1.0,0,1.0,3,1,3,  ,2,3.0,0,0,1,0,0,0,0,0,0,0,0,0,0,0,0,0,0
15318,2012052337,1800.0,1757.0,15,15301,39.9844,-75.8113,0,0,0,0,1,0,4,5,2012,4,17.0,4.0,0,1.0,3,1,3,  ,3,3.0,0,0,1,0,0,0,0,0,0,0,0,0,0,0,0,0,0
15319,2012052410,1857.0,1853.0,36,36239,40.0649,-76.463,0,0,0,0,0,0,4,5,2012,5,18.0,1.0,0,1.0,3,0,3,  ,0,0.0,0,0,1,0,0,0,0,0,0,0,0,0,0,0,0,1,0
15320,2012052454,1611.0,1611.0,9,9219,40.3367,-75.1343,0,0,0,0,1,0,5,5,2012,1,15.0,1.0,0,1.0,1,0,3,  ,0,0.0,0,0,0,0,0,0,0,0,0,0,0,0,0,0,0,0,0
15321,2012052749,111.0,101.0,39,39104,40.5169,-75.54,0,0,0,0,0,0,4,5,2012,7,0.0,2.0,0,1.0,3,0,3,  ,0,0.0,0,1,1,0,0,0,1,0,0,1,0,0,0,0,0,0,0
15322,2012052934,1920.0,1916.0,11,11301,40.3317,-78.9048,0,0,0,0,0,1,8,5,2012,6,19.0,1.0,0,1.0,3,0,3,  ,3,2.0,0,0,0,0,0,0,0,0,0,0,0,0,0,0,0,0,0
15323,2012052936,1556.0,1551.0,6,6237,40.3323,-76.0079,0,0,0,0,1,0,5,5,2012,7,15.0,1.0,0,1.0,3,2,3,  ,0,0.0,0,0,0,0,0,0,0,0,0,0,0,0,0,0,0,0,0
15324,2012052965,1555.0,1531.0,17,17403,40.8909,-78.2264,0,0,0,0,0,0,4,5,2012,5,15.0,1.0,0,1.0,1,1,3,  ,0,0.0,1,0,1,0,0,0,0,0,0,0,0,0,0,0,0,1,0
15325,2012053007,2040.0,2039.0,66,66301,39.9637,-76.7184,0,0,0,0,0,0,4,5,2012,7,20.0,3.0,0,9.0,3,1,7,  ,2,3.0,0,0,1,0,0,0,0,0,0,0,0,0,0,0,0,0,0
15326,2012053072,1205.0,1200.0,36,36237,40.13,-76.5706,0,0,0,0,1,0,4,5,2012,2,12.0,1.0,0,1.0,1,5,3,  ,3,3.0,0,0,1,0,0,0,0,0,0,0,0,0,0,0,0,0,0
15327,2012053094,1439.0,1437.0,15,15239,40.0475,-75.6304,0,0,0,0,0,1,4,5,2012,1,14.0,1.0,0,1.0,1,2,3,  ,3,3.0,0,0,1,0,0,0,0,0,0,0,0,0,0,0,0,0,0
15328,2012053342,1801.0,1751.0,2,2301,40.4555,-80.0627,0,0,0,0,0,1,4,5,2012,2,17.0,1.0,0,1.0,3,1,3,  ,0,0.0,0,0,1,0,0,0,0,0,0,0,0,0,0,0,0,0,0
15329,2012053397,2015.0,2010.0,2,2410,40.4012,-79.8658,0,0,0,0,0,0,4,5,2012,2,20.0,1.0,0,1.0,3,2,3,  ,2,3.0,0,0,1,0,0,0,0,0,0,0,0,0,0,0,0,0,0
15330,2012053449,1625.0,1625.0,23,23102,39.9071,-75.2945,0,0,0,0,0,0,4,5,2012,7,16.0,1.0,0,1.0,3,1,3,  ,3,3.0,0,0,1,0,0,0,0,0,0,0,0,0,0,0,0,1,0
15331,2012053526,1715.0,1710.0,53,53415,40.6929,-76.2631,0,0,0,0,0,0,8,5,2012,6,17.0,1.0,0,1.0,1,1,3,  ,3,3.0,0,0,0,0,0,1,0,0,0,0,0,0,0,0,0,0,0
15332,2012053604,1526.0,1525.0,6,6101,40.3235,-75.6534,0,1,0,0,1,0,4,5,2012,3,15.0,1.0,0,1.0,1,2,3,  ,0,0.0,1,0,1,0,0,0,0,0,0,0,0,0,0,0,0,0,0
15333,2012053623,2141.0,2141.0,23,23423,39.9111,-75.2661,0,0,0,0,0,0,4,5,2012,6,21.0,3.0,0,1.0,3,1,3,  ,3,3.0,0,0,1,0,0,0,0,0,0,0,0,0,0,0,0,0,1
15334,2012053885,1213.0,1209.0,66,66205,39.9705,-76.8342,0,0,0,0,0,0,4,5,2012,7,12.0,1.0,0,1.0,1,0,3,  ,0,0.0,0,0,1,0,0,0,0,0,0,0,0,0,0,0,0,0,0
15335,2012053943,1415.0,1411.0,26,26301,40.0216,-79.5869,0,0,0,0,0,0,4,5,2012,6,14.0,1.0,0,1.0,2,1,3,  ,3,3.0,0,0,1,0,0,0,0,0,0,0,0,0,0,0,0,0,0
15336,2012054012,1616.0,1615.0,15,15205,40.0159,-75.6855,0,0,0,0,0,1,5,5,2012,3,16.0,1.0,0,1.0,3,0,3,  ,0,0.0,0,0,0,0,0,0,0,0,0,0,0,0,0,0,0,0,0
15337,2012054021,1452.0,1452.0,66,66413,39.8036,-76.9886,0,1,0,0,0,0,4,5,2012,6,14.0,1.0,0,1.0,2,0,3,  ,0,0.0,0,0,1,0,0,1,0,0,0,0,0,0,0,0,0,0,0
15338,2012054074,2014.0,1952.0,1,1219,39.8412,-77.2066,0,0,0,0,0,0,4,5,2012,6,19.0,1.0,7,1.0,2,0,3,  ,3,3.0,1,0,1,0,0,0,0,0,0,0,0,0,0,0,0,0,0
15339,2012054125,1723.0,1723.0,22,22409,40.1967,-76.7313,0,0,0,0,0,0,4,5,2012,6,17.0,1.0,0,1.0,3,0,3,  ,0,0.0,0,0,1,0,0,0,0,0,0,0,0,0,0,0,0,0,0
15340,2012054354,1041.0,1041.0,25,25302,42.1245,-80.0819,0,0,0,0,0,0,4,5,2012,5,10.0,1.0,0,1.0,3,1,3,  ,2,3.0,0,0,1,0,0,0,0,0,0,0,0,0,0,0,0,0,0
15341,2012054457,1915.0,1913.0,6,6301,40.3443,-75.9159,0,0,1,0,0,0,4,5,2012,5,19.0,1.0,0,1.0,3,1,3,  ,3,3.0,0,0,1,0,1,0,0,0,0,0,0,0,0,0,0,1,0
15342,2012054651,1123.0,1119.0,15,15232,39.9598,-75.8892,0,0,0,0,0,1,5,5,2012,5,11.0,1.0,0,1.0,1,0,3,  ,0,0.0,0,0,0,0,0,0,0,0,0,0,0,0,0,0,0,0,0
15343,2012054783,1721.0,1719.0,6,6411,40.3885,-75.9156,0,0,0,0,0,0,4,5,2012,6,17.0,1.0,7,1.0,3,0,3,  ,0,0.0,0,0,1,0,0,0,0,0,0,0,0,0,0,0,0,0,0
15344,2012054820,1710.0,1708.0,64,64301,40.5737,-79.7672,0,1,0,0,0,1,4,5,2012,1,17.0,1.0,0,1.0,3,1,3,  ,2,3.0,1,0,1,0,0,0,0,0,0,0,0,1,0,0,0,0,0
15345,2012054899,1938.0,1933.0,15,15219,40.0787,-75.8607,0,1,0,0,0,0,1,5,2012,5,19.0,1.0,0,1.0,1,1,3,  ,3,3.0,1,0,0,0,0,0,0,0,0,0,0,0,0,0,0,0,0
15346,2012055023,1042.0,1042.0,2,2219,40.3154,-80.0061,0,0,0,0,0,0,1,6,2012,7,10.0,1.0,0,1.0,3,1,3,  ,2,3.0,0,0,0,0,0,0,0,0,0,0,0,0,0,0,0,0,1
15347,2012055034,1335.0,1330.0,2,2108,40.5921,-79.997,0,0,0,0,0,0,5,6,2012,7,13.0,1.0,99,1.0,3,0,3,  ,0,0.0,1,0,0,0,0,0,0,0,0,0,0,0,0,0,0,1,0
15348,2012055122,1819.0,1814.0,35,35302,41.4023,-75.6846,0,0,0,0,0,1,4,6,2012,7,18.0,1.0,0,1.0,3,1,3,  ,0,0.0,0,0,1,0,0,0,0,0,0,0,0,0,0,0,0,0,0
15349,2012055132,1911.0,1908.0,40,40302,41.2001,-75.9957,0,0,0,0,0,1,4,6,2012,7,19.0,1.0,0,1.0,3,1,3,  ,3,3.0,0,0,1,0,0,0,0,0,0,0,0,0,0,0,0,0,0
15350,2012055355,1406.0,1402.0,45,45205,41.0022,-75.2732,0,0,0,0,0,0,1,5,2012,5,14.0,1.0,0,1.0,1,0,3,  ,0,0.0,0,0,0,0,0,0,0,0,0,0,0,0,0,0,0,0,1
15351,2012055419,1557.0,1557.0,62,62302,40.1699,-80.2632,0,0,0,0,0,0,4,5,2012,6,15.0,1.0,0,1.0,3,1,3,  ,3,3.0,0,0,1,0,0,0,0,0,0,0,0,0,0,0,0,0,0
15352,2012055480,1847.0,1837.0,18,18218,41.017,-77.5209,0,0,0,0,0,0,2,5,2012,5,18.0,1.0,0,1.0,1,0,3,  ,0,0.0,0,0,0,0,0,0,0,0,0,0,0,0,0,0,0,0,0
15353,2012055707,1816.0,1816.0,46,46104,40.0055,-75.2355,0,0,0,0,0,0,4,5,2012,5,18.0,1.0,0,1.0,3,2,3,  ,3,3.0,1,0,1,0,0,0,0,0,0,0,0,0,0,0,0,1,0
15354,2012055714,1214.0,1211.0,46,46104,40.0507,-75.2948,0,0,0,0,1,0,4,6,2012,7,12.0,1.0,0,1.0,3,0,3,  ,2,3.0,1,0,1,0,0,0,0,0,0,0,0,0,0,0,0,1,0
15355,2012055901,1833.0,1810.0,52,52405,41.9239,-78.0191,0,1,0,0,0,1,4,5,2012,4,18.0,1.0,7,98.0,1,0,3,  ,0,0.0,0,0,1,0,0,0,0,0,0,0,0,0,0,0,0,0,0
15356,2012056168,1653.0,1650.0,45,45101,41.0547,-75.2762,0,0,0,0,0,0,2,5,2012,2,16.0,1.0,0,1.0,1,2,3,  ,3,3.0,0,0,0,0,0,0,0,0,0,0,0,0,0,0,0,0,0
15357,2012056440,1614.0,1613.0,66,66430,39.9534,-76.7505,0,0,0,0,0,0,4,6,2012,1,16.0,1.0,0,1.0,3,1,3,  ,3,3.0,0,0,1,0,0,0,0,0,0,0,0,0,0,0,0,0,0
15358,2012056489,1539.0,1537.0,23,23411,39.8974,-75.2832,0,0,0,0,0,0,4,5,2012,5,15.0,1.0,0,1.0,3,0,3,  ,0,0.0,0,0,1,0,0,0,0,0,0,0,0,0,0,0,0,0,0
15359,2012056490,0.0,0.0,67,67301,40.0341,-75.1829,0,0,0,0,0,0,4,2,2012,4,20.0,6.0,0,9.0,3,1,7,  ,2,3.0,0,0,1,0,0,0,0,0,0,0,0,0,0,0,0,0,0
15360,2012056527,1010.0,1000.0,67,67301,39.9538,-75.1751,0,0,0,0,0,0,4,5,2012,4,9.0,1.0,0,9.0,3,1,7,  ,2,3.0,0,0,1,0,0,0,0,0,0,0,0,0,0,0,0,1,0
15361,2012056551,840.0,836.0,67,67301,39.9469,-75.183,0,0,0,0,0,0,4,5,2012,5,8.0,1.0,0,9.0,3,0,7,05,0,0.0,0,0,1,0,0,0,0,0,0,0,0,0,0,0,0,1,0
15362,2012056553,9999.0,757.0,67,67301,39.9571,-75.1772,0,0,0,0,0,0,4,5,2012,6,99.0,5.0,0,1.0,3,1,3,  ,3,3.0,0,0,1,0,0,0,0,0,0,0,0,0,0,0,0,0,0
15363,2012056579,1620.0,1613.0,67,67301,40.0136,-75.1368,0,0,0,0,0,0,4,5,2012,7,15.0,1.0,0,1.0,3,1,3,  ,3,3.0,0,0,1,0,0,0,0,0,0,0,0,0,0,0,0,0,0
15364,2012056607,1929.0,1926.0,67,67301,40.0585,-75.0123,0,0,0,0,0,0,4,5,2012,5,19.0,1.0,0,1.0,3,0,3,  ,0,0.0,0,0,1,0,0,0,0,0,0,0,0,0,0,0,0,0,0
15365,2012056658,1622.0,1620.0,67,67301,40.0101,-75.1536,0,0,0,0,0,0,4,5,2012,5,6.0,1.0,0,1.0,3,0,3,  ,0,0.0,0,0,1,0,0,0,0,0,0,0,0,0,0,0,0,0,0
15366,2012056674,1513.0,1510.0,67,67301,39.9429,-75.1489,0,0,1,0,0,0,5,5,2012,7,15.0,1.0,0,1.0,3,0,3,  ,0,0.0,0,0,0,0,1,0,0,0,0,0,0,0,0,0,0,0,0
15367,2012056701,2119.0,2116.0,67,67301,39.9474,-75.2398,0,0,0,0,0,0,4,5,2012,4,21.0,3.0,0,1.0,3,1,3,  ,2,3.0,0,0,1,0,0,0,0,0,0,0,0,0,0,0,0,0,0
15368,2012056703,1310.0,1304.0,67,67301,,,0,0,0,0,0,0,9,5,2012,3,7.0,3.0,0,1.0,3,0,3,  ,0,0.0,0,0,0,0,0,0,0,0,0,0,0,0,0,0,0,0,0
15369,2012056711,1346.0,1344.0,67,67301,40.0261,-75.0473,0,0,0,0,0,0,4,5,2012,1,13.0,1.0,7,1.0,3,0,3,  ,0,0.0,0,0,1,0,0,0,0,0,0,0,0,0,0,0,0,0,0
15370,2012056713,9999.0,9999.0,67,67301,40.0094,-75.1594,0,0,0,0,0,0,4,4,2012,2,19.0,1.0,0,1.0,3,1,3,  ,0,0.0,0,0,1,0,0,0,0,0,0,0,0,0,0,0,0,0,0
15371,2012056741,1758.0,1756.0,67,67301,39.9459,-75.1837,0,0,0,0,1,0,4,5,2012,3,17.0,1.0,0,1.0,3,1,3,  ,0,0.0,0,0,1,0,0,0,0,0,0,0,0,0,0,0,0,0,0