,CRN,ARRIVAL_TM,DISPATCH_TM,COUNTY,MUNICIPALITY,DEC_LAT,DEC_LONG,BICYCLE_DEATH_COUNT,BICYCLE_SUSP_SERIOUS_INJ_COUNT,BUS_COUNT,HEAVY_TRUCK_COUNT,SMALL_TRUCK_COUNT,SUV_COUNT,COLLISION_TYPE,CRASH_MONTH,CRASH_YEAR,DAY_OF_WEEK,HOUR_OF_DAY,ILLUMINATION,LOCATION_TYPE,ROAD_CONDITION,URBAN_RURAL,INTERSECT_TYPE,WEATHER1,WEATHER2,TCD_TYPE,TCD_FUNC_CD,AGGRESSIVE_DRIVING,ALCOHOL_RELATED,ANGLE_CRASH,CELL_PHONE,COMM_VEHICLE,DISTRACTED,DRINKING_DRIVER,DRUGGED_DRIVER,FATIGUE_ASLEEP,IMPAIRED_DRIVER,NHTSA_AGG_DRIVING,RUNNING_RED_LT,RUNNING_STOP_SIGN,SPEEDING_RELATED,TAILGATING,MATURE_DRIVER,YOUNG_DRIVER
15372,2012056743,1618.0,1615.0,67,67301,39.937,-75.1752,0,0,0,0,0,0,4,5,2012,1,15.0,1.0,0,1.0,3,0,3,  ,0,0.0,0,0,1,0,0,0,0,0,0,0,0,0,0,0,0,0,0
15373,2012056770,1649.0,1649.0,14,14410,40.795,-77.8608,0,0,0,0,0,0,5,6,2012,4,16.0,1.0,0,1.0,3,0,3,  ,0,0.0,0,0,0,0,0,0,0,0,0,0,0,0,0,0,0,0,0
15374,2012056805,2048.0,1923.0,11,11221,40.6717,-78.4928,0,0,0,0,1,0,5,5,2012,5,18.0,1.0,0,1.0,1,0,3,  ,0,0.0,0,0,0,0,0,0,0,0,0,0,0,0,0,0,0,0,0
15375,2012056864,1838.0,1838.0,6,6429,40.337,-75.9789,0,0,0,0,0,0,4,6,2012,4,18.0,1.0,0,1.0,3,1,3,  ,3,3.0,0,0,1,0,0,0,0,0,0,0,0,0,0,0,0,1,0
15376,2012056873,1803.0,1803.0,6,6301,40.3562,-75.9185,0,1,0,0,0,0,4,6,2012,4,18.0,1.0,0,1.0,3,0,3,  ,0,0.0,0,0,1,0,0,0,0,0,0,0,0,0,0,0,0,0,0
15377,2012056906,2316.0,2314.0,9,9202,40.1228,-74.9105,0,0,0,0,1,0,4,6,2012,4,23.0,2.0,0,1.0,3,0,3,  ,0,0.0,0,0,1,0,0,0,0,0,0,0,0,0,0,0,0,0,0
15378,2012057053,612.0,606.0,36,36230,40.1209,-76.4867,0,0,0,0,0,1,1,6,2012,2,6.0,1.0,0,1.0,1,0,3,  ,0,0.0,1,0,0,0,0,0,0,0,0,0,0,0,0,1,0,0,0
15379,2012057059,1659.0,1659.0,38,38210,,,0,0,0,0,0,0,4,6,2012,2,16.0,1.0,7,1.0,1,0,3,  ,0,0.0,0,0,1,0,0,0,0,0,0,0,0,0,0,0,0,0,0
15380,2012057154,1645.0,1644.0,23,23411,39.895,-75.2958,0,0,0,0,1,0,4,6,2012,5,16.0,1.0,0,9.0,3,2,7,  ,0,0.0,0,0,1,0,0,0,0,0,0,0,0,0,0,0,0,0,1
15381,2012057309,1342.0,1338.0,48,48302,40.6945,-75.2094,0,0,0,0,0,0,4,6,2012,5,13.0,1.0,0,1.0,3,1,3,  ,2,3.0,0,0,1,0,0,0,0,0,0,0,0,0,0,0,0,0,0
15382,2012057414,2057.0,2057.0,32,32408,40.6217,-79.1621,0,0,0,0,0,0,4,5,2012,4,20.0,4.0,0,1.0,2,0,3,  ,3,3.0,0,0,1,0,0,0,0,0,0,0,0,0,0,0,0,0,0
15383,2012057485,1534.0,1532.0,6,6410,40.5144,-75.774,0,0,0,0,0,0,5,6,2012,5,15.0,1.0,0,1.0,1,10,3,  ,0,0.0,0,0,0,0,0,0,0,0,0,0,0,0,0,0,0,0,0
15384,2012057522,1649.0,1648.0,67,67301,40.0205,-75.1321,0,0,0,0,0,0,4,5,2012,2,16.0,1.0,0,1.0,3,1,3,  ,3,3.0,0,0,1,0,0,0,0,0,0,0,0,0,0,0,0,0,0
15385,2012057525,1650.0,1648.0,39,39301,40.5954,-75.4653,0,0,0,0,0,0,4,6,2012,6,16.0,1.0,0,1.0,3,1,3,  ,2,3.0,0,0,1,0,0,0,0,0,0,0,0,0,0,0,0,0,0
15386,2012057589,1821.0,1816.0,35,35302,41.4391,-75.6707,0,0,0,0,0,0,4,6,2012,6,18.0,1.0,0,1.0,3,1,3,  ,3,3.0,0,1,1,0,0,0,1,0,0,1,0,0,0,0,0,0,0
15387,2012057595,1903.0,1859.0,14,14206,40.7976,-77.8876,0,0,0,0,0,0,4,6,2012,6,18.0,1.0,0,1.0,1,1,3,  ,2,3.0,0,0,1,0,0,0,0,0,0,0,0,0,0,0,0,0,0
15388,2012057607,1410.0,1405.0,11,11225,40.2993,-78.9417,0,0,0,0,1,0,5,6,2012,1,14.0,1.0,0,1.0,1,0,3,  ,0,0.0,0,0,0,0,0,0,0,0,0,0,0,0,0,0,0,0,0
15389,2012057780,1833.0,1829.0,38,38301,40.346,-76.4325,0,0,0,0,0,1,4,6,2012,2,18.0,1.0,0,1.0,2,1,3,  ,0,0.0,0,0,1,0,0,0,0,0,0,0,0,0,0,0,0,0,0
15390,2012057823,1953.0,1951.0,66,66430,39.9514,-76.7585,0,0,0,0,0,0,8,6,2012,2,19.0,1.0,0,9.0,3,1,7,  ,2,3.0,0,0,0,0,0,1,0,0,0,0,0,0,0,0,0,0,0
15391,2012057845,2020.0,2017.0,63,63403,41.569,-75.2554,0,0,0,0,0,0,4,5,2012,5,20.0,1.0,0,1.0,2,1,3,  ,0,0.0,0,0,1,0,0,0,0,0,0,0,0,0,0,0,0,1,0
15392,2012057914,1610.0,1606.0,66,66217,39.9839,-76.7266,0,0,0,0,0,0,5,6,2012,6,16.0,1.0,0,1.0,3,1,3,  ,2,3.0,0,0,0,0,0,0,0,0,0,0,0,0,0,0,0,0,0
15393,2012058217,1742.0,1737.0,2,2301,40.4639,-80.0182,0,0,0,0,0,0,4,6,2012,6,17.0,1.0,0,1.0,3,0,3,  ,0,0.0,0,0,1,0,0,1,0,0,0,0,0,0,0,0,0,0,0
15394,2012058284,1655.0,1632.0,2,2301,40.4088,-79.9911,0,0,0,0,0,1,4,6,2012,2,16.0,1.0,0,1.0,3,2,3,  ,2,3.0,1,0,1,0,0,0,0,0,0,0,0,0,0,0,0,0,0
15395,2012058402,1745.0,1740.0,2,2111,40.376,-79.8273,0,1,0,0,1,0,4,6,2012,1,17.0,1.0,0,1.0,3,0,3,  ,0,0.0,1,0,1,0,0,1,0,0,0,0,1,0,0,1,0,0,0
15396,2012058644,1945.0,1945.0,33,33406,40.9451,-78.9648,0,0,0,0,0,0,8,6,2012,2,18.0,1.0,0,1.0,2,1,3,  ,3,3.0,0,0,0,0,0,0,0,0,0,0,0,0,0,0,0,0,0
15397,2012058747,1648.0,1642.0,9,9204,40.3345,-75.1105,0,0,0,0,0,1,5,6,2012,4,16.0,1.0,0,1.0,1,0,3,  ,0,0.0,0,0,0,0,0,0,0,0,0,0,0,0,0,0,0,0,0
15398,2012058883,2044.0,2039.0,2,2102,40.4116,-80.1163,0,0,0,0,1,0,2,5,2012,5,20.0,1.0,0,1.0,3,0,3,  ,0,0.0,0,1,0,0,0,0,0,0,0,0,0,0,0,0,0,0,0
15399,2012058891,2151.0,2148.0,40,40304,41.2686,-75.8627,0,0,0,0,0,0,4,6,2012,3,21.0,3.0,0,9.0,3,0,7,  ,0,0.0,0,0,1,0,0,0,0,0,0,0,0,0,0,0,0,0,0
15400,2012058904,1752.0,1751.0,35,35301,41.5718,-75.5028,0,0,0,0,0,1,4,6,2012,3,17.0,1.0,7,9.0,3,0,7,  ,0,0.0,0,0,1,0,0,0,0,0,0,0,0,0,0,0,0,0,0
15401,2012058992,2045.0,2024.0,28,28213,40.025,-77.5141,0,0,0,0,0,0,4,6,2012,2,20.0,2.0,0,1.0,1,0,3,  ,0,0.0,0,0,1,0,0,0,0,0,0,0,0,0,0,0,0,0,1
15402,2012058999,1700.0,1623.0,66,66215,39.8051,-76.37,0,0,0,0,0,0,4,6,2012,4,16.0,1.0,0,1.0,1,0,3,  ,0,0.0,0,0,1,0,0,1,0,0,0,0,0,0,0,0,0,0,0
15403,2012059001,1625.0,1610.0,15,15222,39.8187,-75.8355,0,0,0,0,0,0,4,6,2012,6,16.0,1.0,0,1.0,1,1,3,  ,0,0.0,0,0,1,0,0,0,0,0,0,0,0,0,0,0,0,0,0
15404,2012059033,0.0,0.0,12,12402,41.5115,-78.2377,0,0,0,0,0,0,4,3,2012,4,16.0,1.0,0,1.0,1,1,3,  ,2,3.0,0,0,1,0,0,0,0,0,0,0,0,0,0,0,0,0,0
15405,2012059141,1531.0,1528.0,40,40304,41.2484,-75.8837,0,0,0,0,0,0,4,6,2012,4,15.0,1.0,0,1.0,3,0,3,  ,0,0.0,0,0,1,0,0,0,0,0,0,0,0,0,0,0,0,1,0
15406,2012059257,836.0,756.0,36,36203,40.1407,-75.914,0,0,0,0,0,0,4,6,2012,3,7.0,1.0,0,9.0,1,0,7,  ,0,0.0,1,0,1,0,0,0,0,0,0,0,0,0,0,0,0,1,0
15407,2012059366,1646.0,1630.0,42,42405,41.8142,-78.2823,0,0,0,0,0,0,4,6,2012,2,16.0,1.0,7,1.0,1,0,3,  ,0,0.0,0,0,1,0,0,0,0,0,0,0,0,0,0,0,0,0,0
15408,2012059482,1040.0,1030.0,2,2301,40.4661,-79.9525,0,0,0,0,0,0,4,6,2012,5,10.0,1.0,0,1.0,3,1,3,  ,2,3.0,0,0,1,0,0,0,0,0,0,0,0,0,0,0,0,1,0
15409,2012059591,1647.0,1642.0,66,66103,39.7862,-76.9794,0,0,0,0,1,0,4,6,2012,3,16.0,1.0,7,1.0,2,0,3,  ,0,0.0,0,0,1,0,0,0,0,0,0,0,0,0,0,0,0,1,0
15410,2012059653,1809.0,1806.0,14,14410,40.7871,-77.8686,0,0,0,0,0,1,4,6,2012,5,18.0,1.0,0,1.0,3,1,3,  ,3,3.0,1,0,1,0,0,0,0,0,0,0,0,0,1,0,0,1,0
15411,2012059667,2010.0,2000.0,2,2301,40.4512,-79.9305,0,0,0,0,0,0,4,6,2012,5,19.0,1.0,0,1.0,3,1,3,  ,0,0.0,1,0,1,0,0,0,0,0,0,0,0,0,0,0,0,0,0
15412,2012059696,2021.0,2021.0,23,23111,39.9378,-75.3077,0,0,0,0,0,0,4,6,2012,5,20.0,1.0,0,1.0,3,2,3,  ,3,3.0,0,0,1,0,0,0,0,0,0,0,0,0,0,0,0,0,0
15413,2012059700,2232.0,2232.0,9,9202,40.1245,-74.9731,0,0,0,0,0,0,4,6,2012,5,22.0,2.0,0,1.0,3,0,3,  ,0,0.0,1,0,1,0,0,0,0,0,0,0,0,0,0,0,0,0,0
15414,2012059786,1703.0,1659.0,39,39102,40.6259,-75.4976,0,0,0,0,0,0,4,6,2012,4,16.0,1.0,0,1.0,3,0,3,  ,0,0.0,0,0,1,0,0,1,0,0,0,0,0,0,0,0,0,0,0
15415,2012060255,1050.0,1045.0,9,9229,40.3427,-75.3365,0,0,0,0,0,0,2,6,2012,1,10.0,1.0,0,1.0,1,2,3,  ,0,0.0,0,0,0,0,0,0,0,0,0,0,0,0,0,0,0,0,0
15416,2012060273,1330.0,1325.0,21,21208,40.2017,-77.2422,0,0,0,0,0,0,5,6,2012,6,13.0,1.0,0,1.0,1,0,3,  ,0,0.0,1,0,0,0,0,0,0,0,0,0,0,0,0,0,0,0,0
15417,2012060401,2159.0,2155.0,4,4302,40.6217,-80.2561,0,0,0,0,0,0,9,6,2012,3,21.0,1.0,99,1.0,3,2,3,  ,0,0.0,0,0,0,0,0,0,0,0,0,0,0,0,0,0,0,0,0
15418,2012060525,946.0,944.0,39,39302,40.6377,-75.3988,0,0,0,0,0,0,4,6,2012,1,9.0,1.0,0,1.0,3,0,3,  ,0,0.0,0,0,1,0,0,1,0,0,0,0,0,0,0,0,0,0,0
15419,2012060561,1002.0,958.0,21,21104,40.1925,-76.9919,0,0,0,0,0,0,8,6,2012,2,9.0,1.0,0,9.0,3,0,7,  ,0,0.0,0,0,0,0,0,0,0,0,0,0,0,0,0,0,0,1,0
15420,2012060630,1724.0,1720.0,67,67301,39.9934,-75.1713,0,0,0,0,0,0,4,5,2012,5,17.0,1.0,0,1.0,3,1,3,  ,3,3.0,0,0,1,0,0,0,0,0,0,0,0,0,0,0,0,0,0
15421,2012060635,1814.0,1813.0,67,67301,39.9943,-75.1641,0,0,0,0,0,1,1,5,2012,3,18.0,1.0,0,9.0,3,0,7,  ,0,0.0,0,0,0,0,0,0,0,0,0,0,0,0,0,0,0,0,0
15422,2012060663,1341.0,1340.0,67,67301,39.9797,-75.2463,0,0,0,0,0,0,4,5,2012,2,13.0,1.0,0,1.0,3,1,3,  ,0,0.0,0,0,1,0,0,1,0,0,0,0,0,0,0,0,0,0,0
15423,2012060677,1719.0,1717.0,67,67301,40.0349,-75.2349,0,0,0,0,0,1,4,5,2012,6,17.0,1.0,7,1.0,3,2,3,  ,0,0.0,0,0,1,0,0,0,0,0,0,0,0,0,0,0,0,0,0
15424,2012060721,1910.0,1900.0,67,67301,40.0153,-75.2081,0,0,0,0,0,0,4,5,2012,4,19.0,1.0,0,1.0,3,3,3,  ,2,3.0,1,0,1,0,0,0,0,0,0,0,0,0,0,0,0,0,0
15425,2012060758,1940.0,1940.0,67,67301,39.9731,-75.1484,0,0,0,0,0,1,4,5,2012,3,14.0,1.0,0,1.0,3,1,3,  ,3,3.0,0,0,1,0,0,0,0,0,0,0,0,0,0,0,0,0,0
15426,2012060798,9999.0,9999.0,67,67301,39.9487,-75.1801,0,0,0,0,0,0,5,4,2012,7,13.0,1.0,0,1.0,3,0,3,  ,0,0.0,0,0,0,0,0,0,0,0,0,0,0,0,0,0,0,0,0
15427,2012060808,1921.0,1921.0,67,67301,39.9847,-75.1565,0,0,0,0,0,1,4,5,2012,5,19.0,1.0,0,1.0,3,1,3,  ,2,3.0,0,0,1,0,0,0,0,0,0,0,0,0,0,0,0,0,0
15428,2012060820,2147.0,2141.0,67,67301,40.0166,-75.1348,0,0,1,0,0,0,4,5,2012,3,21.0,3.0,0,1.0,3,1,3,  ,2,3.0,0,0,1,0,1,0,0,0,0,0,0,0,0,0,0,0,0
15429,2012060839,2135.0,2129.0,67,67301,40.0414,-75.088,0,0,0,0,0,0,4,5,2012,2,21.0,3.0,0,9.0,3,0,7,  ,0,0.0,0,0,1,0,0,0,0,0,0,0,0,0,0,0,0,0,0
15430,2012061093,908.0,857.0,28,28211,39.8485,-77.6098,0,0,0,0,0,0,4,6,2012,7,8.0,1.0,0,1.0,1,0,3,  ,0,0.0,0,0,1,0,0,0,0,0,0,0,0,0,0,0,0,0,0
15431,2012061213,0.0,0.0,67,67301,39.9252,-75.1759,0,0,0,0,0,0,4,3,2012,3,11.0,1.0,0,1.0,3,1,3,  ,2,3.0,0,0,1,0,0,0,0,0,0,0,0,0,0,0,0,0,0
15432,2012061655,1654.0,1653.0,46,46413,40.1206,-75.3498,0,0,0,0,0,0,4,6,2012,2,16.0,1.0,0,1.0,3,1,3,  ,2,3.0,0,0,1,0,0,0,0,0,0,0,0,0,0,0,0,0,0
15433,2012061720,1954.0,1951.0,46,46101,40.1393,-75.1401,0,0,0,0,0,0,4,6,2012,2,19.0,1.0,0,1.0,3,0,3,  ,0,0.0,0,0,1,0,0,0,0,0,0,0,0,0,0,0,0,1,0
15434,2012061752,1608.0,1540.0,17,17205,40.927,-78.2794,0,0,0,0,0,1,4,6,2012,3,15.0,1.0,0,1.0,1,0,3,  ,0,0.0,0,0,1,0,0,0,0,0,0,0,0,0,0,0,0,1,0
15435,2012061940,730.0,720.0,2,2301,40.4581,-79.9313,0,0,0,0,0,0,4,6,2012,5,7.0,1.0,7,1.0,3,0,3,  ,0,0.0,1,0,1,0,0,0,0,0,0,0,0,0,0,0,0,0,0
15436,2012061996,1217.0,1207.0,28,28401,39.9284,-77.6643,0,0,0,0,0,0,4,6,2012,5,11.0,1.0,0,1.0,1,0,3,  ,0,0.0,0,0,1,0,0,0,0,0,0,0,0,0,0,0,0,0,0
15437,2012061998,1315.0,1315.0,64,64430,40.3846,-79.7604,0,0,0,0,0,0,8,6,2012,5,13.0,1.0,0,1.0,3,1,3,  ,3,3.0,0,0,0,0,0,0,0,0,0,0,0,0,0,0,0,1,0
15438,2012062055,1825.0,1821.0,45,45203,41.1569,-75.3451,0,1,0,0,0,0,4,6,2012,4,18.0,1.0,0,1.0,1,0,3,  ,3,3.0,0,0,1,0,0,0,0,0,0,0,0,0,0,0,0,0,0
15439,2012062129,1755.0,1751.0,9,9101,40.102,-74.8749,0,0,0,0,0,0,4,6,2012,5,17.0,1.0,0,1.0,3,0,3,  ,0,0.0,1,0,1,0,0,0,0,0,0,0,0,0,0,0,0,0,0
15440,2012062289,1331.0,1330.0,35,35302,41.4022,-75.6451,0,0,0,0,0,1,4,6,2012,6,13.0,1.0,0,1.0,3,1,3,  ,3,3.0,0,0,1,0,0,0,0,0,0,0,0,0,0,0,0,0,0
15441,2012062582,1345.0,1344.0,43,43302,41.2247,-80.5024,0,1,0,0,0,1,4,6,2012,7,13.0,1.0,7,1.0,3,0,3,  ,0,0.0,0,0,1,0,0,0,0,0,0,0,0,0,0,0,0,0,0
15442,2012062600,1521.0,1517.0,35,35302,41.4,-75.6573,0,0,0,0,0,1,4,6,2012,7,15.0,1.0,0,1.0,3,1,3,  ,0,0.0,0,0,1,0,0,0,0,0,0,0,0,0,0,0,0,0,0
15443,2012062762,1330.0,1318.0,66,66424,39.8994,-76.608,0,0,0,0,0,1,4,6,2012,3,13.0,1.0,0,1.0,3,1,3,  ,2,3.0,1,0,1,0,0,0,0,0,0,0,0,0,0,0,0,0,1
15444,2012062832,1912.0,1907.0,2,2118,40.4998,-79.9592,0,0,0,0,0,1,4,6,2012,4,99.0,1.0,0,1.0,3,2,3,  ,3,3.0,0,0,1,0,0,0,0,0,0,0,0,0,0,0,0,0,0
15445,2012062840,1606.0,1602.0,66,66212,40.0249,-76.5425,0,0,0,0,0,0,4,6,2012,1,16.0,1.0,7,1.0,1,0,3,  ,0,0.0,0,0,1,0,0,0,0,0,0,0,0,0,0,0,0,0,0
15446,2012063001,1623.0,1621.0,21,21402,40.2034,-77.1936,0,0,0,0,0,0,4,6,2012,5,16.0,1.0,0,1.0,2,1,3,  ,3,3.0,1,0,1,0,0,0,0,0,0,0,0,0,1,0,0,0,0
15447,2012063050,1054.0,1054.0,14,14410,40.7933,-77.8572,0,0,0,0,0,0,4,6,2012,2,10.0,1.0,0,1.0,3,1,3,  ,3,3.0,0,0,1,0,0,0,0,0,0,0,0,0,0,0,0,0,0
15448,2012063107,1707.0,1702.0,35,35302,41.3925,-75.6755,0,0,0,0,0,0,5,6,2012,2,16.0,1.0,0,1.0,3,0,3,  ,0,0.0,0,0,0,0,0,0,0,0,0,0,0,0,0,0,0,0,0
15449,2012063227,805.0,802.0,40,40426,41.2863,-75.8868,0,0,0,0,0,0,4,6,2012,6,8.0,1.0,0,1.0,3,2,3,  ,3,3.0,0,0,1,0,0,0,0,0,0,0,0,0,0,0,0,0,0
15450,2012063336,754.0,748.0,23,23207,39.8942,-75.4049,0,0,0,0,0,1,1,6,2012,3,7.0,1.0,0,1.0,3,2,3,  ,0,0.0,0,0,0,0,0,0,0,0,0,0,0,0,0,0,0,0,0
15451,2012063431,1730.0,1729.0,33,33407,41.098,-78.8867,0,1,0,0,0,0,4,5,2012,3,17.0,1.0,0,1.0,1,1,3,  ,0,0.0,0,0,1,0,0,0,0,0,0,0,0,0,0,0,0,0,0
15452,2012063435,1230.0,1219.0,23,23301,39.8418,-75.3987,0,0,0,0,0,0,4,6,2012,7,12.0,1.0,0,1.0,3,1,3,  ,3,3.0,0,0,1,0,0,0,0,0,0,0,0,0,0,0,0,0,0
15453,2012063649,30.0,30.0,2,2301,40.4561,-79.9308,0,0,0,0,0,0,4,6,2012,3,22.0,3.0,0,1.0,3,1,3,  ,3,3.0,1,0,1,0,0,0,0,0,0,0,0,0,0,0,0,0,0
15454,2012063723,1620.0,1616.0,38,38205,40.3756,-76.317,0,0,0,0,0,0,4,6,2012,3,16.0,1.0,7,1.0,1,0,3,  ,0,0.0,0,0,1,0,0,0,0,0,0,0,0,0,0,0,0,0,0
15455,2012063762,840.0,840.0,9,9202,40.0818,-74.9332,0,0,0,0,0,0,4,6,2012,4,8.0,1.0,0,1.0,3,2,3,  ,0,0.0,0,0,1,0,0,0,0,0,0,0,0,0,0,0,0,0,0
15456,2012063828,1851.0,1848.0,36,36408,40.1768,-76.1749,0,0,0,0,0,0,4,6,2012,2,18.0,1.0,7,1.0,2,0,3,  ,3,3.0,0,0,1,0,0,0,0,0,0,0,0,0,0,0,0,0,0
15457,2012063865,910.0,907.0,67,67301,39.9231,-75.1597,0,0,0,0,0,1,5,5,2012,2,9.0,1.0,0,1.0,3,1,3,  ,2,3.0,0,0,0,0,0,0,0,0,0,0,0,0,0,0,0,0,0
15458,2012063866,1610.0,604.0,67,67301,39.9223,-75.1664,0,0,0,0,0,0,4,5,2012,5,16.0,1.0,0,1.0,3,2,3,  ,0,0.0,0,0,1,0,0,0,0,0,0,0,0,0,0,0,0,1,0
15459,2012063901,1814.0,1812.0,67,67301,39.9885,-75.1607,0,0,0,0,0,0,4,5,2012,3,17.0,1.0,0,1.0,3,1,3,  ,2,3.0,0,0,1,0,0,0,0,0,0,0,0,0,0,0,0,0,0
15460,2012063905,1617.0,1611.0,67,67301,39.9965,-75.1453,0,0,0,0,0,2,4,5,2012,7,16.0,1.0,0,9.0,3,0,3,  ,0,0.0,0,0,1,0,0,0,0,0,0,0,0,0,0,0,0,0,0
15461,2012063906,2250.0,2243.0,67,67301,40.0459,-75.0066,1,0,0,0,0,0,4,5,2012,2,22.0,3.0,0,1.0,3,0,3,  ,0,0.0,0,0,1,0,0,0,0,0,0,0,0,0,0,0,0,0,0
15462,2012063920,555.0,550.0,67,67301,40.0099,-75.1434,0,0,0,0,0,1,4,5,2012,1,5.0,5.0,0,9.0,3,1,7,  ,3,3.0,0,0,1,0,0,0,0,0,0,0,0,0,0,0,0,1,0
15463,2012063923,1630.0,1626.0,67,67301,40.0573,-75.0768,0,0,0,0,0,1,5,5,2012,1,14.0,1.0,0,1.0,3,0,3,  ,0,0.0,0,0,0,0,0,0,0,0,0,0,0,0,0,0,0,0,0
15464,2012063924,1310.0,1300.0,67,67301,39.9315,-75.1595,0,0,0,0,0,1,2,5,2012,1,12.0,1.0,0,1.0,3,0,3,  ,0,0.0,0,0,0,0,0,0,0,0,0,0,0,0,0,0,0,0,0
15465,2012063948,1559.0,1556.0,67,67301,40.036,-75.1727,0,0,0,0,0,0,4,5,2012,4,15.0,1.0,0,1.0,3,1,3,  ,3,3.0,0,0,1,0,0,0,0,0,0,0,0,0,0,0,0,0,0
15466,2012063965,2016.0,2012.0,67,67301,39.9336,-75.1457,0,0,0,0,0,0,4,5,2012,1,20.0,3.0,0,1.0,3,1,3,  ,0,0.0,0,0,1,0,0,0,0,0,0,0,0,0,0,0,0,1,0
15467,2012063966,1832.0,1832.0,67,67301,40.045,-75.069,0,0,0,0,0,0,4,5,2012,2,99.0,1.0,0,1.0,3,0,3,  ,0,0.0,0,0,1,0,0,0,0,0,0,0,0,0,0,0,0,1,0
15468,2012064012,1420.0,1418.0,67,67301,39.9324,-75.1593,0,0,0,0,0,0,1,5,2012,6,14.0,1.0,0,1.0,3,0,3,  ,0,0.0,0,0,0,0,0,0,0,0,0,0,0,0,0,0,0,0,0
15469,2012064042,1729.0,1728.0,48,48301,40.6322,-75.3774,0,0,0,0,0,1,4,6,2012,4,17.0,1.0,0,1.0,3,2,3,  ,0,0.0,0,0,1,0,0,0,0,0,0,0,0,0,0,0,0,0,0
15470,2012064257,1455.0,1450.0,39,39209,40.5521,-75.5929,0,0,0,0,0,1,4,6,2012,4,14.0,1.0,0,1.0,1,0,3,  ,0,0.0,1,0,1,0,0,0,0,0,0,0,0,0,0,0,0,0,0
15471,2012064360,1042.0,1041.0,59,59403,40.9155,-77.052,0,0,0,0,1,0,4,6,2012,6,10.0,1.0,0,1.0,1,1,3,  ,3,3.0,0,0,1,0,0,0,0,0,0,0,0,0,0,0,0,1,0
15472,2012064369,1451.0,1450.0,42,42301,41.9572,-78.6452,0,0,0,0,0,1,4,6,2012,5,14.0,1.0,7,1.0,2,2,3,  ,3,3.0,0,0,1,0,0,0,0,0,0,0,0,0,0,0,0,1,0
15473,2012064376,2016.0,2016.0,9,9216,40.2383,-74.9464,0,0,0,0,0,0,4,6,2012,3,20.0,3.0,0,1.0,3,1,3,  ,2,3.0,0,0,1,0,0,0,0,0,0,0,0,0,0,0,0,1,0
15474,2012064455,1005.0,1000.0,3,3210,40.599,-79.5555,0,0,0,0,0,0,4,6,2012,7,10.0,1.0,0,1.0,1,0,3,  ,0,0.0,0,0,1,0,0,1,0,0,0,0,0,0,0,0,0,1,0
15475,2012064499,27.0,27.0,6,6301,40.3459,-75.9178,0,0,0,0,0,0,4,6,2012,6,0.0,3.0,0,1.0,3,1,3,  ,2,3.0,0,0,1,0,0,0,0,0,0,0,0,0,0,0,0,0,0
15476,2012064688,1430.0,1430.0,67,67301,39.9976,-75.0997,0,0,0,0,0,0,4,5,2012,4,17.0,1.0,0,1.0,3,0,3,  ,0,0.0,0,0,1,0,0,0,0,0,0,0,0,0,0,0,0,0,0
15477,2012064689,1542.0,1540.0,67,67301,39.9909,-75.1016,0,0,0,0,0,0,4,5,2012,5,15.0,1.0,0,1.0,3,2,3,  ,2,3.0,0,0,1,0,0,0,0,0,0,0,0,0,0,0,0,0,0
15478,2012064854,1640.0,1633.0,36,36408,40.1998,-76.2049,0,1,0,0,0,1,8,6,2012,6,16.0,1.0,0,1.0,2,0,3,  ,0,0.0,0,0,0,0,0,0,0,0,0,0,0,0,0,0,0,1,0
15479,2012064880,748.0,747.0,40,40432,41.3074,-75.8334,0,0,0,0,1,0,4,6,2012,7,7.0,1.0,0,1.0,3,1,3,  ,2,3.0,1,0,1,0,0,0,0,0,0,0,0,0,0,0,0,0,0
15480,2012064921,1601.0,1555.0,46,46416,40.2469,-75.6473,0,0,0,0,1,0,4,6,2012,2,15.0,1.0,0,1.0,2,1,3,  ,3,3.0,0,0,1,0,0,0,0,0,0,0,0,0,0,0,0,0,0
15481,2012064943,1607.0,1604.0,25,25302,42.1218,-80.0581,0,0,0,0,0,0,4,6,2012,7,16.0,1.0,0,1.0,3,1,3,  ,3,3.0,0,0,1,0,0,0,0,0,0,0,0,0,0,0,0,0,0
15482,2012064960,1813.0,1811.0,9,9101,40.1455,-74.8585,0,0,0,0,0,1,4,6,2012,7,18.0,1.0,0,1.0,3,2,3,  ,3,3.0,0,0,1,0,0,0,0,0,0,0,0,0,0,0,0,0,0
15483,2012064964,1533.0,1507.0,16,16210,41.1466,-79.3098,0,0,0,0,0,0,4,6,2012,3,13.0,1.0,0,1.0,1,1,3,  ,0,0.0,0,0,1,0,0,0,0,0,0,0,0,0,0,0,0,0,0
15484,2012065007,2334.0,2334.0,39,39301,40.5588,-75.4799,0,0,0,0,0,0,4,6,2012,7,23.0,2.0,0,1.0,3,1,3,  ,2,3.0,0,0,1,0,0,0,0,0,0,0,0,0,0,0,0,0,0
15485,2012065101,1450.0,1445.0,9,9101,40.1281,-74.8918,0,0,0,0,0,0,4,6,2012,5,14.0,1.0,0,1.0,3,2,3,  ,3,3.0,0,0,1,0,0,0,0,0,0,0,0,0,0,0,0,0,0