,CRN,ARRIVAL_TM,DISPATCH_TM,COUNTY,MUNICIPALITY,DEC_LAT,DEC_LONG,BICYCLE_DEATH_COUNT,BICYCLE_SUSP_SERIOUS_INJ_COUNT,BUS_COUNT,HEAVY_TRUCK_COUNT,SMALL_TRUCK_COUNT,SUV_COUNT,COLLISION_TYPE,CRASH_MONTH,CRASH_YEAR,DAY_OF_WEEK,HOUR_OF_DAY,ILLUMINATION,LOCATION_TYPE,ROAD_CONDITION,URBAN_RURAL,INTERSECT_TYPE,WEATHER1,WEATHER2,TCD_TYPE,TCD_FUNC_CD,AGGRESSIVE_DRIVING,ALCOHOL_RELATED,ANGLE_CRASH,CELL_PHONE,COMM_VEHICLE,DISTRACTED,DRINKING_DRIVER,DRUGGED_DRIVER,FATIGUE_ASLEEP,IMPAIRED_DRIVER,NHTSA_AGG_DRIVING,RUNNING_RED_LT,RUNNING_STOP_SIGN,SPEEDING_RELATED,TAILGATING,MATURE_DRIVER,YOUNG_DRIVER
15486,2012065104,1422.0,1420.0,25,25213,42.104,-80.1482,0,0,0,0,0,1,4,7,2012,1,14.0,1.0,0,1.0,3,1,3,  ,2,3.0,0,0,1,0,0,0,0,0,0,0,0,0,0,0,0,0,0
15487,2012065363,1052.0,1050.0,46,46225,40.1684,-75.2927,0,0,0,0,1,0,8,7,2012,2,10.0,1.0,0,1.0,3,0,3,  ,0,0.0,1,0,0,0,0,0,0,0,0,0,0,0,0,0,0,0,0
15488,2012065393,1441.0,1441.0,39,39301,40.5977,-75.488,0,0,0,0,0,0,1,7,2012,2,14.0,1.0,0,1.0,3,0,3,  ,0,0.0,0,0,0,0,0,0,0,0,0,0,0,0,0,0,0,0,0
15489,2012065401,910.0,901.0,22,22101,40.2775,-76.836,0,0,0,0,0,0,4,7,2012,2,9.0,1.0,0,1.0,3,2,3,  ,3,3.0,0,0,1,0,0,0,0,0,0,0,0,0,0,0,0,0,0
15490,2012065445,1001.0,1001.0,46,46104,40.0296,-75.3243,0,0,0,0,0,0,4,5,2012,3,10.0,1.0,0,1.0,3,1,3,  ,2,3.0,1,0,1,0,0,0,0,0,0,0,0,0,0,0,0,0,0
15491,2012065481,1514.0,1445.0,7,7202,40.6361,-78.296,0,0,0,0,0,0,4,6,2012,4,14.0,1.0,0,1.0,1,0,3,  ,0,0.0,0,0,1,0,0,0,0,0,0,0,0,0,0,0,0,0,0
15492,2012065708,1625.0,1623.0,36,36214,40.0475,-76.3629,0,0,0,0,0,0,4,7,2012,2,16.0,1.0,0,1.0,3,2,3,  ,2,3.0,0,0,1,0,0,0,0,0,0,0,0,0,0,0,0,0,0
15493,2012065753,1724.0,1721.0,46,46224,40.0959,-75.285,0,0,0,0,0,0,4,7,2012,2,17.0,1.0,0,1.0,3,0,3,  ,0,0.0,1,0,1,0,0,0,0,0,0,0,0,0,0,0,0,0,0
15494,2012065758,2.0,2357.0,2,2122,40.4755,-80.065,0,0,0,0,0,0,5,7,2012,1,23.0,3.0,0,1.0,3,3,3,  ,2,3.0,0,0,0,0,0,0,0,0,0,0,0,0,0,0,0,0,0
15495,2012065939,2148.0,2148.0,46,46416,40.2506,-75.6685,0,0,0,0,0,0,4,7,2012,3,21.0,2.0,0,1.0,2,0,3,  ,0,0.0,0,1,1,0,0,0,0,0,0,0,0,0,0,0,0,0,1
15496,2012065982,1712.0,1707.0,15,15101,39.9891,-75.7871,0,0,0,0,1,0,4,7,2012,2,17.0,1.0,7,1.0,3,0,3,  ,0,0.0,0,0,1,0,0,0,0,0,0,0,0,0,0,0,0,0,0
15497,2012066131,1725.0,1723.0,64,64302,40.2994,-79.5432,0,0,0,0,0,0,4,7,2012,2,17.0,1.0,0,1.0,3,1,3,  ,2,3.0,0,0,1,0,0,0,0,0,0,0,0,0,0,0,0,0,0
15498,2012066379,1355.0,1346.0,2,2301,40.4378,-79.9729,0,0,0,0,0,0,5,7,2012,5,13.0,1.0,0,1.0,3,1,3,  ,2,3.0,0,0,0,0,0,0,0,0,0,0,0,0,0,0,0,0,0
15499,2012066415,1554.0,1553.0,49,49302,40.8553,-76.7877,0,1,0,0,1,0,4,6,2012,6,15.0,1.0,0,1.0,2,1,3,  ,3,3.0,0,0,1,0,0,0,0,0,0,0,0,0,0,0,0,0,0
15500,2012066434,1859.0,1858.0,67,67301,40.0602,-75.191,0,0,0,0,0,0,4,5,2012,1,18.0,1.0,0,1.0,3,2,3,  ,2,3.0,0,0,1,0,0,0,0,0,0,0,0,0,0,0,0,0,0
15501,2012066441,825.0,814.0,67,67301,40.0752,-75.1755,0,0,0,0,0,0,4,5,2012,6,8.0,1.0,0,1.0,3,1,3,  ,3,3.0,0,0,1,0,0,0,0,0,0,0,0,0,0,0,0,0,0
15502,2012066484,2210.0,2206.0,67,67301,40.0019,-75.1679,0,0,0,0,0,1,4,6,2012,6,22.0,3.0,0,9.0,3,1,7,  ,2,3.0,0,0,1,0,0,0,0,0,1,0,0,0,0,0,0,0,0
15503,2012066502,1904.0,1903.0,67,67301,40.0741,-75.1909,0,0,0,0,0,0,4,6,2012,7,19.0,1.0,0,1.0,3,1,3,  ,2,3.0,1,0,1,0,0,0,0,0,0,0,0,0,0,0,0,0,0
15504,2012066506,2014.0,2013.0,67,67301,39.9552,-75.1861,0,0,0,0,1,0,5,5,2012,6,19.0,1.0,0,1.0,3,0,3,  ,0,0.0,0,0,0,0,0,0,0,0,0,0,0,0,0,0,0,0,0
15505,2012066532,911.0,911.0,67,67301,39.9547,-75.1945,0,0,0,0,0,0,5,6,2012,4,9.0,1.0,0,1.0,3,0,3,  ,0,0.0,0,0,0,0,0,0,0,0,0,0,0,0,0,0,0,0,0
15506,2012066555,1120.0,1117.0,67,67301,39.9536,-75.1768,0,0,0,0,0,0,4,5,2012,4,8.0,1.0,0,1.0,3,2,3,  ,0,0.0,1,0,1,0,0,0,0,0,0,0,0,0,0,0,0,0,0
15507,2012066556,1720.0,1718.0,67,67301,39.9851,-75.2474,0,0,0,0,0,0,5,6,2012,6,16.0,1.0,0,1.0,3,1,3,  ,2,3.0,1,0,0,0,0,0,0,0,0,0,0,0,0,0,0,0,0
15508,2012066573,1256.0,1251.0,67,67301,40.0406,-75.1698,0,0,0,0,0,0,4,6,2012,4,12.0,1.0,0,1.0,3,1,3,  ,0,0.0,0,0,1,0,0,0,0,0,0,0,0,0,0,0,0,0,0
15509,2012066605,1610.0,1600.0,67,67301,39.9946,-75.0945,0,0,0,0,0,0,4,6,2012,3,15.0,1.0,0,1.0,3,1,3,  ,2,3.0,0,0,1,0,0,0,0,0,0,0,0,0,0,0,0,0,0
15510,2012066617,1900.0,1900.0,67,67301,39.9678,-75.2301,0,0,0,0,1,0,6,6,2012,1,15.0,1.0,0,1.0,3,0,3,  ,0,0.0,0,0,0,0,0,0,0,0,0,0,0,0,0,0,0,0,0
15511,2012066647,1006.0,1004.0,67,67301,39.9604,-75.2411,0,0,0,0,0,0,4,6,2012,6,10.0,1.0,0,1.0,3,1,3,  ,2,3.0,1,0,1,0,0,0,0,0,0,0,0,0,0,0,0,0,1
15512,2012066654,545.0,542.0,67,67301,39.9682,-75.1601,0,0,0,0,0,0,4,6,2012,2,5.0,1.0,7,1.0,3,0,3,  ,0,0.0,0,0,1,0,0,0,0,0,0,0,0,0,0,0,0,0,0
15513,2012066656,1952.0,1951.0,67,67301,39.9931,-75.1843,0,0,0,0,0,0,4,5,2012,2,19.0,1.0,0,1.0,3,1,3,  ,2,2.0,1,0,1,0,0,0,0,0,0,0,0,0,0,0,0,0,0
15514,2012066663,750.0,748.0,67,67301,39.9752,-75.1683,0,0,0,0,0,0,4,6,2012,7,7.0,1.0,0,1.0,3,1,3,  ,0,0.0,1,0,1,0,0,0,0,0,0,0,0,0,0,0,0,0,0
15515,2012066704,1934.0,1932.0,67,67301,40.0367,-75.0853,0,0,0,0,0,1,4,5,2012,2,19.0,1.0,0,1.0,3,0,3,  ,0,0.0,0,0,1,0,0,0,0,0,0,0,0,0,0,0,0,0,0
15516,2012066726,2239.0,2042.0,67,67301,39.9558,-75.1915,0,0,0,0,0,0,1,6,2012,2,20.0,3.0,0,9.0,3,1,7,  ,2,3.0,1,0,0,0,0,0,0,0,0,0,0,0,0,0,1,0,0
15517,2012066748,827.0,826.0,67,67301,39.9396,-75.1982,0,0,0,0,0,0,4,5,2012,1,8.0,1.0,0,1.0,3,1,3,  ,2,3.0,0,0,1,0,0,0,0,0,0,0,0,0,0,0,0,1,0
15518,2012066890,1810.0,1808.0,2,2408,40.492,-79.8649,0,0,0,0,1,0,4,7,2012,5,18.0,1.0,0,1.0,3,1,3,  ,2,3.0,0,0,1,0,0,0,0,0,0,0,0,0,0,0,0,0,0
15519,2012067064,1518.0,1515.0,25,25302,42.14,-80.0579,0,0,0,0,0,0,4,7,2012,6,15.0,1.0,0,1.0,3,1,3,  ,0,0.0,0,0,1,0,0,0,0,0,0,0,0,0,0,0,0,0,0
15520,2012067070,935.0,925.0,67,67301,40.0606,-75.211,0,0,0,0,0,0,4,6,2012,1,9.0,1.0,0,1.0,3,1,3,  ,3,3.0,1,0,1,0,0,0,0,0,0,0,0,0,0,0,0,0,0
15521,2012067080,1430.0,1428.0,67,67301,40.0323,-75.1375,0,0,0,0,0,1,4,5,2012,1,14.0,1.0,7,1.0,3,0,3,  ,0,0.0,0,0,1,0,0,0,0,0,0,0,0,0,0,0,0,0,0
15522,2012067118,1809.0,1804.0,36,36408,40.1796,-76.1787,0,0,0,0,0,0,4,7,2012,6,18.0,1.0,0,1.0,2,1,3,  ,2,3.0,0,0,1,0,0,0,0,0,0,0,0,0,0,0,0,0,0
15523,2012067585,225.0,225.0,2,2301,40.4286,-79.9789,0,0,0,0,0,0,5,7,2012,7,2.0,3.0,0,1.0,3,0,3,  ,0,0.0,0,0,0,0,0,0,0,0,0,0,0,0,0,0,0,0,0
15524,2012067586,1542.0,1537.0,36,36101,40.0579,-76.2808,0,1,0,0,1,0,4,7,2012,3,15.0,1.0,0,1.0,3,1,3,  ,2,3.0,0,0,1,0,0,0,0,0,0,0,0,0,0,0,0,0,0
15525,2012067653,1856.0,1850.0,6,6203,40.2655,-75.7348,0,0,0,0,0,0,4,7,2012,1,18.0,1.0,7,1.0,1,0,3,  ,0,0.0,0,0,1,0,0,1,0,0,0,0,0,0,0,0,0,0,0
15526,2012067783,2305.0,2300.0,22,22301,40.2661,-76.8691,0,0,0,0,0,0,4,6,2012,6,23.0,3.0,0,1.0,3,1,3,  ,3,3.0,0,0,1,0,0,0,0,0,0,0,0,0,0,0,0,0,0
15527,2012067785,1747.0,1746.0,22,22301,40.2605,-76.8519,0,0,0,0,0,0,4,6,2012,2,17.0,1.0,0,1.0,3,0,3,  ,0,0.0,0,1,1,0,0,0,0,0,0,0,0,0,0,0,0,0,0
15528,2012067853,1818.0,1814.0,36,36214,40.0823,-76.3976,0,0,0,0,0,0,8,7,2012,5,18.0,1.0,0,1.0,3,1,3,  ,3,3.0,1,0,0,0,0,0,0,0,0,0,0,0,0,0,0,0,0
15529,2012067898,1218.0,1216.0,2,2213,40.5088,-80.2029,0,0,0,0,0,1,4,7,2012,6,12.0,1.0,0,1.0,3,2,3,  ,3,3.0,1,0,1,0,0,0,0,0,0,0,1,0,0,0,0,0,0
15530,2012067920,1817.0,1816.0,48,48302,40.6912,-75.2096,0,0,0,0,0,0,4,7,2012,4,18.0,1.0,0,1.0,3,10,3,  ,1,3.0,0,0,1,0,0,0,0,0,0,0,0,0,0,0,0,0,0
15531,2012068042,2315.0,2312.0,40,40101,41.2242,-75.9378,0,0,0,0,0,0,8,7,2012,1,23.0,3.0,0,1.0,3,0,3,  ,0,0.0,0,1,0,0,0,0,1,0,0,1,0,0,0,0,0,0,0
15532,2012068098,2035.0,2007.0,17,17212,40.9168,-78.3232,0,0,0,0,1,0,0,6,2012,4,20.0,1.0,0,1.0,1,2,3,  ,0,0.0,1,0,0,0,0,0,0,0,0,0,0,0,0,0,0,0,0
15533,2012068202,1442.0,1440.0,42,42301,41.9563,-78.6552,0,0,0,0,0,1,4,7,2012,2,14.0,1.0,7,1.0,2,0,3,  ,0,0.0,0,0,1,0,0,0,0,0,0,0,0,0,0,0,0,0,0
15534,2012068254,2030.0,2025.0,23,23412,39.9352,-75.2651,0,0,0,0,0,0,4,7,2012,2,20.0,4.0,0,1.0,3,2,3,  ,0,0.0,0,0,1,0,0,0,0,0,0,0,0,0,0,0,0,0,0
15535,2012068275,1709.0,1709.0,40,40304,41.2558,-75.8473,0,0,0,0,0,0,5,7,2012,4,17.0,1.0,0,1.0,3,3,3,  ,0,0.0,0,0,0,0,0,0,0,0,0,0,0,0,0,0,0,0,1
15536,2012068507,1322.0,1320.0,25,25302,42.1411,-80.0546,0,0,0,0,0,0,5,7,2012,3,13.0,1.0,0,1.0,3,0,3,  ,0,0.0,0,0,0,0,0,0,0,0,0,0,0,0,0,0,0,0,0
15537,2012068608,2055.0,2052.0,39,39102,40.6321,-75.4858,0,0,0,0,1,0,4,7,2012,3,20.0,4.0,0,1.0,3,0,3,  ,0,0.0,0,0,1,0,0,0,0,0,0,0,0,0,0,0,0,0,0
15538,2012068642,1208.0,1205.0,24,24301,41.4264,-78.5582,0,0,0,0,0,1,4,7,2012,4,12.0,1.0,0,1.0,2,1,3,  ,3,3.0,0,0,1,0,0,0,0,0,0,0,0,0,0,0,0,1,0
15539,2012068658,1526.0,1520.0,6,6301,40.3519,-75.9269,0,0,0,0,0,0,4,7,2012,4,15.0,1.0,7,1.0,3,0,3,  ,0,0.0,0,0,1,0,0,0,0,0,0,0,0,0,0,0,0,0,0
15540,2012068659,1538.0,1536.0,66,66301,39.9684,-76.7514,0,0,0,1,0,0,4,7,2012,4,15.0,1.0,0,1.0,3,2,3,  ,0,0.0,1,0,1,0,1,0,0,0,0,0,0,0,0,0,0,0,0
15541,2012068662,1703.0,1700.0,25,25302,42.1236,-80.1025,0,1,0,0,0,0,4,7,2012,4,16.0,1.0,0,1.0,3,1,3,  ,3,3.0,0,0,1,0,0,0,0,0,0,0,0,0,0,0,0,1,0
15542,2012068667,1706.0,1703.0,67,67301,39.9726,-75.2178,0,0,0,0,0,0,4,6,2012,7,17.0,1.0,0,1.0,3,3,3,  ,2,3.0,0,0,1,0,0,0,0,0,0,0,0,0,0,0,0,0,0
15543,2012068696,1706.0,1704.0,6,6301,40.3503,-75.9167,0,0,0,0,0,0,4,5,2012,3,17.0,1.0,0,1.0,3,1,3,  ,3,3.0,0,0,1,0,0,0,0,0,0,0,0,0,0,0,0,0,0
15544,2012068714,1410.0,1405.0,67,67301,39.976,-75.1595,0,0,0,0,0,0,4,6,2012,7,14.0,1.0,0,1.0,3,1,3,  ,3,3.0,0,0,1,0,0,0,0,0,0,0,0,0,0,0,0,0,0
15545,2012068720,940.0,940.0,67,67301,40.0327,-75.0722,0,0,0,0,0,1,4,6,2012,6,8.0,1.0,0,1.0,3,1,3,  ,2,3.0,0,0,1,0,0,0,0,0,0,0,0,0,0,0,0,0,0
15546,2012068751,1515.0,1459.0,67,67301,39.9253,-75.1577,0,0,0,0,0,0,1,5,2012,4,14.0,1.0,0,1.0,3,1,3,  ,3,3.0,0,0,0,0,0,0,0,0,0,0,0,0,0,0,0,0,0
15547,2012068752,1811.0,1802.0,67,67301,39.9241,-75.1579,0,0,0,0,0,0,6,5,2012,4,17.0,1.0,0,1.0,3,2,3,  ,3,3.0,0,0,0,0,0,0,0,0,0,0,0,0,0,0,0,0,0
15548,2012068756,1730.0,1730.0,67,67301,39.9527,-75.1661,0,0,0,0,0,0,8,6,2012,6,10.0,1.0,0,1.0,3,0,3,  ,0,0.0,0,0,0,0,0,0,0,0,0,0,0,0,0,0,0,0,0
15549,2012068767,2022.0,2020.0,67,67301,40.0335,-75.0293,0,0,0,0,1,0,4,6,2012,1,20.0,4.0,0,1.0,3,0,3,  ,0,0.0,0,0,1,0,0,0,0,0,0,0,0,0,0,0,0,0,0
15550,2012068789,1856.0,1853.0,67,67301,39.9555,-75.2136,0,0,0,0,0,0,4,6,2012,6,18.0,1.0,0,1.0,3,1,3,  ,2,3.0,1,0,1,0,0,0,0,0,0,0,0,0,0,0,0,0,0
15551,2012068791,1220.0,1202.0,67,67301,39.933,-75.1678,0,0,0,0,0,0,5,5,2012,5,12.0,1.0,0,1.0,3,0,3,  ,0,0.0,0,0,0,0,0,0,0,0,0,0,0,0,0,0,0,0,0
15552,2012068795,1735.0,1730.0,67,67301,40.0316,-75.2131,0,0,0,0,0,0,4,6,2012,6,17.0,1.0,7,1.0,3,0,3,  ,0,0.0,1,0,1,0,0,0,0,0,0,0,0,0,0,0,0,0,1
15553,2012068808,228.0,215.0,67,67301,39.9657,-75.2223,0,0,0,0,0,0,4,6,2012,1,1.0,3.0,0,1.0,3,1,3,  ,2,3.0,1,0,1,0,0,0,0,0,0,0,1,1,0,0,0,0,0
15554,2012068815,1955.0,1950.0,67,67301,40.0144,-75.0872,0,0,0,0,0,0,4,5,2012,6,19.0,1.0,0,1.0,3,1,3,  ,3,3.0,0,0,1,0,0,0,0,0,0,0,0,0,0,0,0,0,0
15555,2012068829,1441.0,1439.0,21,21404,,,0,0,0,0,1,0,4,7,2012,2,14.0,1.0,0,1.0,3,2,3,  ,0,0.0,0,0,1,0,0,0,0,0,0,0,0,0,0,0,0,0,0
15556,2012068832,1515.0,1510.0,67,67301,39.9717,-75.1264,0,0,0,0,0,0,5,5,2012,6,15.0,1.0,0,1.0,3,0,3,  ,0,0.0,0,0,0,0,0,0,0,0,0,0,0,0,0,0,0,0,0
15557,2012068835,2019.0,2011.0,67,67301,39.977,-75.1162,0,0,0,0,0,0,8,5,2012,7,20.0,4.0,0,1.0,3,0,3,  ,0,0.0,0,0,0,0,0,0,0,0,0,0,0,0,0,0,0,0,0
15558,2012068836,1025.0,1020.0,67,67301,39.989,-75.127,0,0,0,0,0,0,5,5,2012,4,9.0,1.0,0,9.0,3,0,7,  ,0,0.0,0,0,0,0,0,0,0,0,0,0,0,0,0,0,0,0,0
15559,2012068845,1955.0,1953.0,67,67301,40.1054,-75.0323,0,0,0,0,0,0,5,6,2012,2,19.0,4.0,0,1.0,3,0,3,  ,0,0.0,0,0,0,0,0,0,0,0,0,0,0,0,0,0,0,0,0
15560,2012068851,1925.0,1919.0,67,67301,39.9337,-75.1642,0,0,0,0,0,0,4,5,2012,1,18.0,1.0,0,1.0,3,0,3,  ,0,0.0,0,0,1,0,0,0,0,0,0,0,0,0,0,0,0,0,0
15561,2012068901,825.0,818.0,67,67301,39.9962,-75.1959,0,0,0,0,1,0,5,6,2012,6,8.0,1.0,3,1.0,3,1,3,  ,3,3.0,1,0,0,0,0,0,0,0,0,0,0,0,1,0,0,0,0
15562,2012068902,803.0,800.0,67,67301,39.9477,-75.1986,0,0,0,0,0,0,4,6,2012,1,8.0,1.0,0,1.0,3,2,3,  ,2,3.0,0,0,1,0,0,1,0,0,0,0,0,0,0,0,0,0,0
15563,2012068904,942.0,940.0,67,67301,39.9794,-75.1634,0,0,0,0,0,0,4,5,2012,5,9.0,1.0,0,9.0,3,1,3,  ,0,0.0,0,0,1,0,0,0,0,0,0,0,0,0,0,0,0,1,0
15564,2012068915,2135.0,2125.0,67,67301,40.0083,-75.1435,0,0,0,0,0,1,5,5,2012,5,21.0,3.0,0,1.0,3,0,7,  ,0,0.0,0,0,0,0,0,0,0,0,0,0,0,0,0,0,0,0,0
15565,2012068917,1438.0,1430.0,67,67301,39.9316,-75.1677,0,0,0,0,0,0,5,5,2012,1,14.0,1.0,0,1.0,3,0,3,  ,0,0.0,0,0,0,0,0,0,0,0,0,0,0,0,0,0,0,0,0
15566,2012068924,1605.0,1600.0,67,67301,39.9375,-75.1636,0,0,0,0,0,0,4,5,2012,5,15.0,1.0,7,1.0,3,0,3,  ,0,0.0,0,0,1,0,0,0,0,0,0,0,0,0,0,0,0,1,0
15567,2012068938,2012.0,2008.0,67,67301,40.0092,-75.1027,0,0,0,0,1,0,4,6,2012,1,19.0,4.0,0,1.0,3,0,3,  ,0,0.0,0,0,1,0,0,0,0,0,0,0,0,0,0,0,0,0,0
15568,2012068943,9999.0,1600.0,67,67301,39.9878,-75.1316,0,0,0,0,0,0,6,6,2012,6,16.0,1.0,0,9.0,3,2,3,  ,3,3.0,0,0,0,0,0,0,0,0,0,0,0,0,0,0,0,0,0
15569,2012068951,943.0,940.0,67,67301,39.9973,-75.1295,0,0,0,0,0,0,5,6,2012,7,9.0,1.0,0,1.0,3,0,3,  ,0,0.0,0,0,0,0,0,0,0,0,0,0,0,0,0,0,0,0,0
15570,2012068954,935.0,930.0,67,67301,40.0136,-75.0993,0,0,0,0,0,0,1,6,2012,3,99.0,1.0,0,1.0,3,2,3,  ,3,9.0,0,0,0,0,0,0,0,0,0,0,0,0,0,0,0,0,0
15571,2012068960,1736.0,1732.0,2,2213,40.5215,-80.1911,0,0,0,0,0,0,4,7,2012,4,17.0,1.0,0,1.0,3,2,3,  ,3,3.0,0,0,1,0,0,0,0,0,0,0,0,0,0,0,0,0,0
15572,2012069112,2026.0,2023.0,23,23105,39.9047,-75.3754,0,0,0,0,0,0,2,7,2012,3,20.0,1.0,0,1.0,3,2,3,  ,0,0.0,1,0,0,0,0,0,0,0,0,0,0,0,0,0,0,0,0
15573,2012069113,1735.0,1730.0,9,9202,40.1312,-74.9769,0,0,0,0,0,1,4,7,2012,4,17.0,1.0,0,1.0,3,1,3,  ,3,3.0,0,0,1,0,0,0,0,0,0,0,0,0,0,0,0,0,0
15574,2012069253,1124.0,1121.0,51,51401,41.3651,-74.7042,0,0,0,0,0,1,4,7,2012,5,11.0,1.0,0,1.0,1,2,3,  ,3,3.0,0,0,1,0,0,0,0,0,0,0,0,0,0,0,0,0,1
15575,2012069273,1130.0,1121.0,2,2301,40.3868,-79.9811,0,0,0,0,0,1,4,7,2012,5,11.0,1.0,7,1.0,3,0,3,  ,0,0.0,1,0,1,0,0,0,0,0,0,0,0,0,0,0,0,0,0
15576,2012069315,1455.0,1444.0,35,35302,41.3909,-75.6632,0,0,0,0,0,0,4,7,2012,5,14.0,1.0,0,1.0,3,2,3,  ,0,0.0,0,0,1,0,0,0,0,0,0,0,0,0,0,0,0,0,0
15577,2012069447,2200.0,2153.0,46,46205,40.2092,-75.5055,1,0,0,0,0,0,4,7,2012,4,21.0,2.0,0,1.0,1,0,3,  ,0,0.0,0,0,1,0,0,1,0,0,0,0,0,0,0,0,0,0,0
15578,2012069641,1035.0,1025.0,67,67301,39.955,-75.185,0,1,0,0,0,0,4,5,2012,6,20.0,3.0,0,1.0,3,0,3,  ,0,0.0,0,0,1,0,0,0,0,0,0,0,0,0,0,0,0,0,0
15579,2012069915,1210.0,1201.0,6,6301,40.3414,-75.9199,0,0,0,0,0,0,4,7,2012,7,12.0,1.0,0,1.0,3,2,3,  ,2,3.0,0,0,1,0,0,0,0,0,0,0,0,0,0,0,0,0,0
15580,2012070019,304.0,257.0,35,35409,41.5461,-75.5364,0,0,0,0,0,0,4,7,2012,1,2.0,2.0,0,1.0,3,0,3,  ,0,0.0,1,0,1,0,0,0,0,0,0,0,0,0,0,1,0,0,0
15581,2012070174,2345.0,2345.0,36,36301,40.0441,-76.3089,0,0,0,0,0,0,4,7,2012,7,23.0,3.0,0,1.0,3,1,3,  ,2,3.0,0,0,1,0,0,0,0,0,0,0,0,0,0,0,0,0,0
15582,2012070176,1934.0,1932.0,37,37301,40.986,-80.3368,0,0,0,0,1,0,4,7,2012,1,19.0,1.0,0,1.0,2,1,3,  ,3,3.0,0,0,1,0,0,0,0,0,0,0,0,0,0,0,0,0,0
15583,2012070234,2351.0,2347.0,19,19501,41.0022,-76.4497,0,0,0,0,0,0,2,7,2012,1,23.0,3.0,0,1.0,2,0,3,  ,0,0.0,0,0,0,0,0,0,0,0,0,0,0,0,0,0,0,0,0
15584,2012070369,1053.0,1049.0,21,21104,40.1669,-77.0027,0,0,0,0,0,0,4,7,2012,2,10.0,1.0,0,1.0,3,2,3,  ,4,3.0,0,0,1,0,0,0,0,0,0,0,0,0,0,0,0,0,1
15585,2012070403,1307.0,1300.0,15,15215,40.0343,-75.4456,0,0,0,0,0,1,5,7,2012,2,13.0,1.0,0,1.0,3,0,3,  ,0,0.0,0,0,0,0,0,0,0,0,0,0,0,0,0,0,0,0,0
15586,2012070454,1745.0,1739.0,39,39103,40.5745,-75.5342,0,0,0,0,0,0,5,7,2012,5,17.0,1.0,0,1.0,1,1,3,  ,2,3.0,1,0,0,0,0,0,0,0,0,0,0,0,0,0,0,0,0
15587,2012070574,2032.0,2026.0,2,2219,40.2907,-79.9832,0,0,0,0,0,0,6,7,2012,7,20.0,1.0,0,1.0,3,0,3,  ,0,0.0,0,0,0,0,0,1,0,0,0,0,0,0,0,0,0,0,1
15588,2012070680,1324.0,1310.0,28,28203,39.9077,-77.5522,0,0,0,0,1,0,2,7,2012,1,13.0,1.0,7,1.0,1,0,3,  ,2,3.0,0,0,0,0,0,0,0,0,0,0,0,0,0,0,0,0,0
15589,2012070791,1409.0,1406.0,25,25302,42.13,-80.0903,0,0,0,0,0,0,4,7,2012,2,14.0,1.0,0,1.0,3,1,3,  ,3,3.0,0,0,1,0,0,0,0,0,0,0,0,0,0,0,0,0,0
15590,2012070864,1635.0,1628.0,41,41403,41.2029,-77.2753,0,0,0,0,0,0,4,7,2012,3,16.0,1.0,0,1.0,1,1,3,  ,2,3.0,1,0,1,0,0,0,0,0,0,0,0,0,1,0,0,0,0
15591,2012071063,1450.0,1445.0,67,67301,40.0003,-75.0836,0,0,0,0,0,0,4,7,2012,5,14.0,1.0,2,1.0,3,1,3,  ,2,3.0,1,0,1,0,0,0,0,0,0,0,0,0,0,0,0,0,0
15592,2012071116,903.0,901.0,46,46107,40.1248,-75.2918,0,0,0,0,0,0,8,7,2012,4,9.0,1.0,0,1.0,3,0,3,  ,0,0.0,0,0,0,0,0,0,0,0,0,0,0,0,0,0,0,0,0
15593,2012071133,1035.0,1032.0,64,64412,40.3122,-79.3771,0,0,0,0,1,0,8,7,2012,4,10.0,1.0,0,1.0,2,1,3,  ,3,3.0,1,0,0,0,0,0,0,0,0,0,0,0,1,0,0,1,0
15594,2012071218,1736.0,1730.0,2,2301,40.4538,-79.9475,0,0,0,0,0,0,4,7,2012,4,17.0,1.0,0,1.0,3,0,3,  ,0,0.0,1,0,1,0,0,0,0,0,0,0,0,0,0,0,0,0,0
15595,2012071565,905.0,903.0,2,2213,40.5134,-80.2223,0,0,0,0,0,0,4,7,2012,3,9.0,1.0,0,1.0,3,0,3,  ,0,0.0,0,0,1,0,0,0,0,0,0,0,0,0,0,0,0,0,0
15596,2012071577,907.0,910.0,46,46104,39.9919,-75.2724,0,0,0,0,0,0,9,7,2012,1,9.0,1.0,0,1.0,3,2,3,  ,0,0.0,0,0,0,0,0,0,0,0,0,0,0,0,0,0,0,0,0
15597,2012071704,1952.0,1951.0,40,40429,41.3278,-75.7934,0,0,0,0,0,1,4,7,2012,4,19.0,1.0,0,1.0,3,3,3,  ,0,0.0,0,0,1,0,0,0,0,0,0,0,0,0,0,0,0,0,0
15598,2012071818,1544.0,1542.0,36,36101,40.0698,-76.3168,0,0,0,0,0,1,4,7,2012,6,15.0,1.0,0,9.0,3,1,7,  ,2,3.0,1,0,1,0,0,0,0,0,0,0,0,0,0,0,0,0,0
15599,2012071855,1513.0,1511.0,45,45101,41.0396,-75.3057,0,0,0,0,0,0,4,7,2012,5,15.0,1.0,0,1.0,1,2,3,  ,3,3.0,1,0,1,0,0,0,0,0,0,0,1,0,0,0,0,0,0