,CRN,ARRIVAL_TM,DISPATCH_TM,COUNTY,MUNICIPALITY,DEC_LAT,DEC_LONG,BICYCLE_DEATH_COUNT,BICYCLE_SUSP_SERIOUS_INJ_COUNT,BUS_COUNT,HEAVY_TRUCK_COUNT,SMALL_TRUCK_COUNT,SUV_COUNT,COLLISION_TYPE,CRASH_MONTH,CRASH_YEAR,DAY_OF_WEEK,HOUR_OF_DAY,ILLUMINATION,LOCATION_TYPE,ROAD_CONDITION,URBAN_RURAL,INTERSECT_TYPE,WEATHER1,WEATHER2,TCD_TYPE,TCD_FUNC_CD,AGGRESSIVE_DRIVING,ALCOHOL_RELATED,ANGLE_CRASH,CELL_PHONE,COMM_VEHICLE,DISTRACTED,DRINKING_DRIVER,DRUGGED_DRIVER,FATIGUE_ASLEEP,IMPAIRED_DRIVER,NHTSA_AGG_DRIVING,RUNNING_RED_LT,RUNNING_STOP_SIGN,SPEEDING_RELATED,TAILGATING,MATURE_DRIVER,YOUNG_DRIVER
15600,2012071960,1811.0,1811.0,25,25302,42.135,-80.0701,0,0,0,0,0,0,4,7,2012,6,18.0,1.0,0,1.0,3,0,3,  ,0,0.0,0,0,1,0,0,0,0,0,0,0,0,0,0,0,0,1,0
15601,2012072010,2033.0,2030.0,23,23412,39.9362,-75.2718,0,0,0,0,0,1,4,7,2012,6,20.0,3.0,0,1.0,3,2,3,  ,3,3.0,0,0,1,0,0,0,0,0,0,0,0,0,0,0,0,0,0
15602,2012072121,1654.0,1650.0,15,15254,40.0224,-75.6607,0,0,0,0,0,0,4,7,2012,3,16.0,1.0,0,1.0,3,0,3,  ,0,0.0,0,0,1,0,0,0,0,0,0,0,0,0,0,0,0,0,0
15603,2012072157,1113.0,1113.0,46,46411,40.244,-75.2879,0,0,0,0,0,0,8,7,2012,7,11.0,1.0,0,1.0,3,0,3,  ,0,0.0,0,0,0,0,0,0,0,0,0,0,0,0,0,0,0,0,0
15604,2012072228,1333.0,1318.0,31,31223,40.6294,-78.145,0,0,0,0,0,0,4,7,2012,5,13.0,1.0,0,1.0,1,2,3,  ,3,3.0,0,0,1,0,0,0,0,0,0,0,0,0,0,0,0,0,0
15605,2012072353,1412.0,1408.0,2,2118,40.4874,-79.963,0,0,0,0,0,0,9,7,2012,2,99.0,1.0,0,1.0,3,2,3,  ,3,3.0,0,0,0,0,0,0,0,0,0,0,0,0,0,0,0,0,0
15606,2012072417,1528.0,1453.0,55,55225,39.9103,-79.2643,0,0,0,0,0,0,4,7,2012,4,14.0,1.0,0,9.0,1,0,7,  ,0,0.0,0,0,1,0,0,0,0,0,0,0,0,0,0,0,0,1,0
15607,2012072490,1827.0,1825.0,38,38301,40.3448,-76.4207,0,0,0,0,0,0,4,7,2012,5,18.0,1.0,0,1.0,2,1,3,  ,0,0.0,0,0,1,0,0,0,0,0,0,0,0,0,0,0,0,0,0
15608,2012072517,619.0,609.0,39,39301,40.5916,-75.5101,0,0,0,0,0,0,4,7,2012,1,5.0,5.0,0,1.0,3,1,3,  ,0,0.0,0,0,1,0,0,0,0,0,0,0,0,0,0,0,0,0,1
15609,2012072651,1325.0,1322.0,14,14410,40.7835,-77.8532,0,0,0,0,0,0,4,7,2012,2,13.0,1.0,7,1.0,3,0,3,  ,0,0.0,1,0,1,0,0,0,0,0,0,0,0,0,0,0,0,0,0
15610,2012072657,2141.0,2140.0,2,2301,40.4096,-80.005,0,0,0,0,0,1,5,7,2012,1,21.0,3.0,0,1.0,3,0,3,  ,0,0.0,0,0,0,0,0,0,0,0,0,0,0,0,0,0,0,0,0
15611,2012072886,2336.0,2335.0,38,38301,40.3511,-76.4371,0,0,0,0,0,0,6,7,2012,2,19.0,1.0,0,1.0,2,0,3,  ,0,0.0,0,0,0,0,0,0,0,0,0,0,0,0,0,0,0,0,0
15612,2012073030,832.0,828.0,6,6220,40.3368,-75.8859,0,0,0,0,0,0,5,7,2012,1,8.0,1.0,0,1.0,3,0,3,  ,0,0.0,0,0,0,0,0,0,0,0,0,0,0,0,0,0,0,0,0
15613,2012073094,1958.0,1950.0,46,46416,40.2476,-75.6377,0,0,0,0,0,0,2,7,2012,3,19.0,1.0,0,1.0,2,1,3,  ,0,0.0,0,0,0,0,0,0,0,0,0,0,0,0,0,0,0,1,0
15614,2012073182,2115.0,2043.0,7,7211,40.3076,-78.2769,0,0,0,0,1,0,6,7,2012,3,20.0,4.0,0,1.0,1,3,3,  ,0,0.0,0,0,0,0,0,0,0,0,0,0,0,0,0,0,0,0,0
15615,2012073350,514.0,510.0,2,2301,40.448,-79.8977,1,0,0,0,0,0,8,7,2012,4,5.0,3.0,0,1.0,3,0,3,  ,0,0.0,1,0,0,0,0,0,0,1,0,1,0,0,0,0,1,0,0
15616,2012073365,731.0,727.0,9,9202,40.0934,-74.9153,0,0,0,0,0,1,4,7,2012,4,7.0,1.0,0,1.0,3,2,3,  ,0,0.0,1,0,1,0,0,0,0,0,0,0,0,0,0,0,0,0,0
15617,2012073435,1648.0,1648.0,25,25302,42.1388,-80.0612,0,0,0,0,0,0,4,7,2012,3,16.0,1.0,0,1.0,3,1,3,  ,2,3.0,1,0,1,0,0,0,0,0,0,0,0,0,0,0,0,1,0
15618,2012073460,1340.0,1330.0,25,25302,42.1083,-80.0999,0,0,0,0,0,0,1,6,2012,6,13.0,1.0,0,1.0,3,0,3,  ,0,0.0,0,0,0,0,0,0,0,0,0,0,0,0,0,0,0,0,0
15619,2012073461,1837.0,1837.0,67,67301,39.9588,-75.2063,0,0,0,0,0,0,4,6,2012,1,18.0,1.0,0,1.0,3,1,3,  ,2,3.0,0,0,1,0,0,0,0,0,0,0,0,0,0,0,0,1,0
15620,2012073474,1600.0,1554.0,25,25302,42.1292,-80.0365,0,0,0,0,1,0,4,7,2012,4,15.0,1.0,0,1.0,3,1,3,  ,3,3.0,0,0,1,0,0,0,0,0,0,0,0,0,0,0,0,0,0
15621,2012073487,1319.0,1317.0,25,25302,42.1109,-80.0432,0,0,0,0,0,1,4,6,2012,5,13.0,1.0,0,1.0,3,2,3,  ,3,3.0,0,0,1,0,0,0,0,0,0,0,0,0,0,0,0,0,0
15622,2012073501,1959.0,1955.0,25,25302,42.1337,-80.0604,0,0,0,0,0,0,4,7,2012,3,19.0,4.0,0,9.0,3,1,7,  ,2,3.0,1,0,1,0,0,0,0,0,0,0,0,1,0,0,0,0,0
15623,2012073502,238.0,234.0,25,25302,42.1032,-80.0783,0,0,0,0,0,0,1,7,2012,1,2.0,3.0,0,1.0,3,1,3,  ,2,3.0,0,1,0,0,0,0,1,0,0,1,0,0,0,0,0,0,0
15624,2012073518,1048.0,1042.0,67,67301,39.9541,-75.1778,0,0,0,1,0,0,4,6,2012,5,10.0,1.0,0,1.0,3,1,3,  ,2,3.0,0,0,1,0,1,0,0,0,0,0,0,0,0,0,0,0,0
15625,2012073558,1231.0,1231.0,67,67301,39.963,-75.1662,0,0,0,0,0,0,4,6,2012,6,12.0,1.0,0,1.0,3,1,3,  ,2,3.0,1,0,1,0,0,0,0,0,0,0,0,1,0,0,0,0,1
15626,2012073559,1625.0,1624.0,67,67301,40.0145,-75.1311,0,0,0,0,0,0,5,6,2012,5,14.0,1.0,0,1.0,3,0,3,  ,0,0.0,1,0,0,0,0,0,0,0,0,0,0,0,0,0,0,0,0
15627,2012073582,132.0,130.0,67,67301,40.0296,-75.132,0,0,0,0,0,0,4,6,2012,5,1.0,3.0,0,1.0,3,0,3,  ,0,0.0,1,1,1,0,0,0,0,0,0,0,0,0,0,0,0,0,0
15628,2012073599,40.0,40.0,67,67301,39.9636,-75.2404,0,0,0,0,0,0,4,6,2012,2,0.0,3.0,0,1.0,3,1,3,  ,3,3.0,0,0,1,0,0,0,0,0,0,0,0,0,0,0,0,0,0
15629,2012073605,1648.0,1644.0,67,67301,39.9287,-75.1737,0,0,0,0,0,1,4,6,2012,7,16.0,1.0,0,1.0,3,1,3,  ,3,3.0,0,0,1,0,0,0,0,0,0,0,0,0,0,0,0,0,0
15630,2012073633,1618.0,1616.0,14,14206,40.7795,-77.8803,0,0,0,0,0,0,4,7,2012,4,16.0,1.0,0,1.0,1,1,3,  ,2,3.0,1,0,1,0,0,0,0,0,0,0,0,0,0,0,0,0,0
15631,2012073932,1000.0,958.0,15,15201,39.901,-75.5679,0,1,0,0,0,0,5,7,2012,4,9.0,1.0,0,1.0,1,0,3,  ,0,0.0,0,0,0,0,0,0,0,0,0,0,0,0,0,0,0,1,0
15632,2012074004,1402.0,1357.0,64,64306,40.5889,-79.7418,0,0,0,0,0,1,4,7,2012,5,13.0,1.0,7,1.0,3,0,3,  ,0,0.0,0,0,1,0,0,0,0,0,0,0,0,0,0,0,0,0,0
15633,2012074164,2335.0,2331.0,25,25302,42.1084,-80.1147,0,0,0,0,0,0,4,7,2012,5,22.0,3.0,0,9.0,3,2,7,  ,3,3.0,1,0,1,0,0,0,0,0,0,0,0,0,0,0,0,0,0
15634,2012074296,1345.0,1339.0,66,66102,39.9122,-76.6797,0,0,0,0,0,0,4,7,2012,5,13.0,1.0,0,1.0,1,2,3,  ,3,3.0,0,0,1,0,0,0,0,0,0,0,0,0,0,0,0,0,0
15635,2012074472,743.0,738.0,36,36227,40.1767,-76.3889,0,0,0,0,0,0,8,7,2012,5,7.0,1.0,0,1.0,1,2,3,  ,3,3.0,0,0,0,0,0,0,0,0,0,0,0,0,0,0,0,0,0
15636,2012074597,1226.0,1221.0,40,40301,40.9508,-75.973,0,0,0,0,0,1,4,7,2012,6,12.0,1.0,0,1.0,2,1,3,  ,0,0.0,0,0,1,0,0,0,0,0,0,0,0,0,0,0,0,0,0
15637,2012074674,1614.0,1610.0,2,2464,40.6064,-79.7515,0,0,0,0,0,0,4,7,2012,7,16.0,2.0,0,9.0,3,1,7,  ,0,0.0,1,0,1,0,0,0,0,0,0,0,0,0,0,0,0,0,0
15638,2012074733,2029.0,2020.0,39,39301,40.6156,-75.4624,0,0,0,0,0,0,1,7,2012,7,17.0,1.0,0,1.0,3,1,3,  ,2,3.0,0,0,0,0,0,0,0,0,0,0,0,0,0,0,0,0,0
15639,2012074801,1425.0,1420.0,36,36408,40.1838,-76.1735,0,0,0,0,0,1,9,7,2012,2,13.0,1.0,0,1.0,2,0,3,  ,0,0.0,0,0,0,0,0,0,0,0,0,0,0,0,0,0,0,0,0
15640,2012074822,1102.0,1100.0,28,28215,39.7395,-77.575,0,0,0,0,1,0,2,7,2012,1,11.0,1.0,0,1.0,2,1,3,  ,3,3.0,1,0,0,0,0,0,0,0,0,0,0,0,0,0,0,0,0
15641,2012074893,1744.0,1617.0,32,32218,40.6958,-79.0656,0,0,0,0,0,1,4,7,2012,2,15.0,1.0,0,1.0,1,0,3,  ,0,0.0,0,0,1,0,0,0,0,0,0,0,0,0,0,0,0,0,0
15642,2012074955,1810.0,1809.0,28,28401,39.9379,-77.664,0,0,0,0,0,0,4,7,2012,7,18.0,1.0,0,1.0,1,0,3,  ,0,0.0,0,0,1,0,0,0,0,0,0,0,0,0,0,0,0,0,1
15643,2012075104,1036.0,1035.0,14,14410,40.7896,-77.8622,0,0,0,0,1,0,4,7,2012,2,10.0,1.0,0,1.0,3,1,3,  ,0,0.0,0,0,1,0,0,0,0,0,0,0,0,0,0,0,0,0,0
15644,2012075143,943.0,940.0,19,19204,40.9534,-76.4474,1,0,0,0,1,0,2,7,2012,5,9.0,1.0,0,1.0,1,2,3,  ,0,0.0,0,0,0,0,0,0,0,0,0,0,0,0,0,0,0,0,1
15645,2012075486,1514.0,1514.0,2,2118,40.5268,-79.9636,0,0,0,0,0,1,4,7,2012,2,99.0,1.0,0,1.0,3,0,3,  ,0,0.0,0,0,1,0,0,0,0,0,0,0,0,0,0,0,0,1,0
15646,2012075643,953.0,941.0,36,36221,40.0373,-76.1032,0,0,0,0,0,0,4,6,2012,7,9.0,1.0,0,1.0,1,1,3,  ,3,3.0,0,0,1,0,0,0,0,0,0,0,0,0,0,0,0,1,0
15647,2012075729,1831.0,1828.0,40,40301,40.9613,-75.9808,0,0,0,0,1,0,2,7,2012,3,18.0,1.0,0,1.0,2,1,3,  ,0,0.0,0,0,0,0,0,0,0,0,0,0,0,0,0,0,0,0,0
15648,2012075841,1335.0,1332.0,39,39301,40.6275,-75.4423,0,0,0,0,1,0,5,7,2012,3,13.0,1.0,0,1.0,3,1,3,  ,2,3.0,0,0,0,0,1,0,0,0,0,0,0,0,0,0,0,0,0
15649,2012075870,1439.0,1439.0,2,2301,40.454,-79.9124,0,0,0,0,0,0,2,7,2012,5,14.0,1.0,0,9.0,3,1,7,  ,2,3.0,0,0,0,0,0,0,0,0,0,0,0,0,0,0,0,0,0
15650,2012075883,1047.0,1044.0,25,25302,42.1207,-80.1023,0,0,0,0,0,0,4,8,2012,4,10.0,1.0,0,1.0,3,1,3,  ,3,3.0,0,0,1,0,0,0,0,0,0,0,0,0,0,0,0,0,0
15651,2012075901,1144.0,1143.0,2,2463,40.4234,-79.8868,0,0,0,1,0,0,4,8,2012,4,11.0,1.0,0,1.0,3,2,3,  ,2,3.0,0,0,1,0,1,0,0,0,0,0,0,0,0,0,0,0,0
15652,2012075918,1540.0,1538.0,48,48301,40.6243,-75.3744,0,0,0,0,0,0,4,7,2012,2,15.0,1.0,0,1.0,3,1,3,  ,0,0.0,0,0,1,0,0,0,0,0,0,0,0,0,0,0,0,0,0
15653,2012075950,1908.0,1901.0,67,67301,39.9506,-75.2156,0,0,0,0,0,0,4,6,2012,4,17.0,1.0,0,1.0,3,0,3,  ,0,0.0,0,0,1,0,0,0,0,0,0,0,0,0,0,0,0,0,0
15654,2012075953,2105.0,2059.0,67,67301,39.9226,-75.1852,0,0,0,0,0,0,4,6,2012,7,20.0,3.0,0,1.0,3,1,3,  ,2,3.0,0,0,1,0,0,0,0,0,0,0,0,0,0,0,0,0,1
15655,2012075959,420.0,415.0,67,67301,39.9306,-75.1597,0,0,0,0,0,0,4,6,2012,3,4.0,3.0,0,1.0,3,1,3,  ,3,3.0,0,0,1,0,0,0,0,0,0,0,0,0,0,0,0,0,0
15656,2012075976,2027.0,2025.0,67,67301,40.0042,-75.1605,0,0,0,0,0,0,4,6,2012,2,20.0,1.0,0,1.0,3,1,3,  ,3,3.0,0,0,1,0,0,0,0,0,0,0,0,0,0,0,0,0,0
15657,2012075977,1656.0,1654.0,67,67301,39.9995,-75.1024,0,0,0,0,0,0,4,6,2012,3,16.0,1.0,0,1.0,3,0,3,  ,0,0.0,0,0,1,0,0,0,0,0,0,0,0,0,0,0,0,0,0
15658,2012075982,2228.0,2225.0,67,67301,40.0406,-75.1078,0,0,1,0,0,0,4,6,2012,5,22.0,3.0,0,1.0,3,0,3,  ,0,0.0,0,0,1,0,1,0,0,0,0,0,0,0,0,0,0,0,0
15659,2012075994,720.0,713.0,67,67301,39.921,-75.1433,0,0,0,1,0,0,4,6,2012,4,6.0,1.0,7,1.0,3,2,3,  ,3,3.0,0,0,1,0,1,0,0,0,0,0,0,0,0,0,0,0,0
15660,2012076003,30.0,25.0,67,67301,39.9482,-75.2166,0,0,0,0,0,0,4,6,2012,6,0.0,3.0,0,1.0,3,2,3,  ,3,3.0,0,0,1,0,0,0,0,0,0,0,0,0,0,0,0,0,0
15661,2012076032,9999.0,1600.0,67,67301,40.009,-75.1128,0,0,0,0,0,1,4,6,2012,2,16.0,1.0,0,1.0,3,1,3,  ,0,0.0,0,0,1,0,0,0,0,0,0,0,0,0,0,0,0,0,0
15662,2012076103,1858.0,1856.0,15,15252,39.9843,-75.9403,0,1,0,0,0,0,4,7,2012,1,18.0,1.0,0,1.0,1,0,3,  ,0,0.0,0,0,1,0,0,0,0,0,0,0,0,0,0,0,0,1,0
15663,2012076218,1948.0,1946.0,37,37301,40.9959,-80.3347,0,0,0,0,0,0,4,8,2012,4,19.0,1.0,0,1.0,2,0,3,  ,0,0.0,0,0,1,0,0,0,0,0,0,0,0,0,0,0,0,0,1
15664,2012076238,1934.0,1933.0,14,14401,40.9127,-77.7715,0,0,0,0,0,0,4,8,2012,4,19.0,1.0,0,1.0,2,0,3,  ,0,0.0,0,0,1,0,0,0,0,0,0,0,0,0,0,0,0,0,0
15665,2012076398,1046.0,1042.0,6,6301,40.3495,-75.9425,0,0,0,0,0,0,4,8,2012,5,10.0,1.0,1,1.0,3,1,3,  ,3,3.0,0,0,1,0,0,0,0,0,0,0,0,0,0,0,0,0,0
15666,2012076549,1901.0,1857.0,35,35417,41.4739,-75.5715,0,0,0,0,0,1,4,7,2012,2,18.0,1.0,0,1.0,3,1,3,  ,3,3.0,0,0,1,0,0,0,0,0,0,0,0,0,0,0,0,0,0
15667,2012076741,2049.0,2047.0,67,67301,40.0567,-75.0469,0,0,0,0,0,0,4,6,2012,2,20.0,1.0,0,1.0,3,1,3,  ,2,3.0,0,0,1,0,0,0,0,0,0,0,0,0,0,0,0,0,0
15668,2012076742,1900.0,1844.0,67,67301,39.9241,-75.1697,0,0,0,0,0,2,4,6,2012,4,17.0,1.0,0,1.0,3,0,3,  ,2,3.0,0,0,1,0,0,0,0,0,0,0,0,0,0,0,0,0,0
15669,2012076917,2235.0,2230.0,63,63403,41.5631,-75.2472,0,0,0,0,0,0,4,8,2012,4,16.0,1.0,0,1.0,2,1,3,  ,2,3.0,0,0,1,0,0,0,0,0,0,0,0,0,0,0,0,0,0
15670,2012076929,859.0,857.0,43,43303,41.2393,-80.4702,0,0,0,0,0,0,4,8,2012,7,8.0,1.0,7,1.0,3,2,3,  ,2,3.0,1,0,1,0,0,0,0,0,0,0,0,0,0,0,0,1,0
15671,2012076937,922.0,919.0,36,36407,40.1423,-76.591,0,0,0,0,0,0,4,8,2012,7,9.0,1.0,0,1.0,2,1,3,  ,3,3.0,1,0,1,0,0,0,0,0,0,0,0,0,0,0,0,1,0
15672,2012077277,1816.0,1814.0,36,36301,40.0368,-76.3083,0,1,0,0,0,0,4,7,2012,4,18.0,1.0,0,1.0,3,1,3,  ,3,3.0,0,0,1,0,0,0,0,0,0,0,0,0,0,0,0,0,0
15673,2012077341,2154.0,2152.0,36,36301,40.0364,-76.3054,0,0,0,0,0,0,4,7,2012,6,21.0,3.0,0,1.0,3,1,3,  ,2,3.0,1,0,1,0,0,0,0,0,0,0,0,0,0,0,0,0,0
15674,2012077394,2000.0,1938.0,28,28207,40.1104,-77.6624,0,0,0,0,0,0,2,8,2012,7,19.0,4.0,0,1.0,1,2,3,  ,3,2.0,0,0,0,0,0,0,0,0,0,0,0,0,0,0,0,0,0
15675,2012077441,1859.0,1855.0,36,36409,40.1651,-76.3183,0,0,0,0,0,0,6,8,2012,5,18.0,1.0,7,1.0,3,0,3,  ,0,0.0,1,0,0,0,0,0,0,0,0,0,0,0,0,0,0,0,0
15676,2012077624,638.0,635.0,25,25411,42.2178,-79.8279,0,0,0,0,0,1,4,8,2012,2,6.0,5.0,0,1.0,1,2,3,  ,3,3.0,0,0,1,0,0,1,0,0,0,0,0,0,0,0,0,0,0
15677,2012077626,1433.0,1428.0,23,23208,39.9841,-75.3795,0,0,0,0,0,0,4,8,2012,5,14.0,1.0,0,1.0,3,2,3,  ,3,3.0,0,0,1,0,0,0,0,0,0,0,0,0,0,0,0,0,1
15678,2012077687,1036.0,1034.0,25,25302,42.1287,-80.0294,0,0,0,1,0,0,4,8,2012,3,10.0,1.0,7,1.0,3,0,3,  ,0,0.0,0,0,1,0,1,0,0,0,0,0,0,0,0,0,0,0,0
15679,2012077706,1249.0,1241.0,15,15239,40.0536,-75.6955,0,0,0,0,0,0,4,8,2012,3,12.0,1.0,0,1.0,1,2,3,  ,3,3.0,1,0,1,0,0,0,0,0,0,0,0,0,1,0,0,0,0
15680,2012078079,825.0,808.0,2,2301,40.4061,-80.0185,0,0,0,0,0,1,4,8,2012,4,8.0,1.0,0,1.0,3,0,3,  ,0,0.0,1,0,1,0,0,0,0,0,0,0,0,0,0,0,0,0,0
15681,2012078085,1507.0,1506.0,9,9422,40.2423,-74.8405,0,0,0,0,0,0,5,8,2012,3,15.0,1.0,0,1.0,3,0,3,  ,7,3.0,0,0,0,0,0,0,0,0,0,0,0,0,0,0,0,1,0
15682,2012078159,9999.0,9999.0,67,67301,39.9867,-75.2455,0,0,0,0,0,0,4,7,2012,5,99.0,1.0,0,1.0,3,1,3,  ,2,3.0,0,0,1,0,0,0,0,0,0,0,0,0,0,0,0,0,0
15683,2012078173,1900.0,1858.0,67,67301,39.9512,-75.2071,0,0,0,0,0,0,4,7,2012,6,18.0,1.0,0,1.0,3,1,3,  ,3,3.0,1,0,1,0,0,0,0,0,0,0,0,0,1,0,0,1,0
15684,2012078182,9999.0,2131.0,67,67301,39.9246,-75.1713,0,0,0,0,0,0,4,6,2012,6,21.0,3.0,0,1.0,3,1,3,  ,2,3.0,1,0,1,0,0,0,0,0,0,0,0,0,0,0,0,0,0
15685,2012078197,2018.0,2011.0,67,67301,39.9569,-75.2062,0,0,0,0,0,0,4,1,2012,7,17.0,1.0,0,1.0,3,1,3,  ,3,3.0,0,0,1,0,0,0,0,0,0,0,0,0,0,0,0,1,0
15686,2012078200,747.0,744.0,67,67301,39.9513,-75.1991,0,0,0,0,0,0,4,7,2012,4,7.0,1.0,0,1.0,3,1,3,  ,0,0.0,1,0,1,0,0,0,0,0,0,0,0,0,0,0,0,0,0
15687,2012078210,814.0,812.0,67,67301,39.9538,-75.1429,0,0,0,0,0,1,4,7,2012,5,8.0,1.0,0,1.0,3,1,3,  ,2,3.0,0,0,1,0,0,0,0,0,0,0,0,0,0,0,0,0,0
15688,2012078211,1600.0,1330.0,67,67301,40.0308,-75.112,0,0,0,0,0,0,4,6,2012,6,13.0,1.0,0,1.0,3,1,3,  ,2,3.0,0,0,1,0,0,0,0,0,0,0,0,0,0,0,0,0,0
15689,2012078248,325.0,314.0,67,67301,39.9563,-75.2135,0,0,0,0,0,0,4,7,2012,6,22.0,3.0,0,1.0,3,1,3,  ,0,0.0,0,0,1,0,0,0,0,0,0,0,0,0,0,0,0,0,0
15690,2012078253,610.0,605.0,67,67301,39.9244,-75.1696,0,0,0,0,0,0,4,7,2012,2,6.0,1.0,0,1.0,3,1,3,  ,2,3.0,1,0,1,0,0,0,0,0,0,0,0,0,0,0,0,0,0
15691,2012078268,1649.0,1645.0,67,67301,39.9982,-75.1876,0,0,0,0,0,0,4,7,2012,6,16.0,1.0,0,1.0,3,2,3,  ,2,3.0,1,0,1,0,0,0,0,0,0,0,0,0,0,0,0,0,0
15692,2012078290,2.0,1.0,67,67301,39.9952,-75.1394,0,0,0,0,0,0,1,7,2012,7,0.0,3.0,0,1.0,3,0,3,  ,0,0.0,0,0,0,0,0,0,0,0,0,0,0,0,0,0,0,0,0
15693,2012078292,2104.0,2104.0,67,67301,40.0118,-75.1343,0,0,0,0,0,0,4,7,2012,1,21.0,3.0,0,1.0,3,3,3,  ,0,0.0,0,0,1,0,0,0,0,0,0,0,0,0,0,0,0,0,0
15694,2012078294,1725.0,1721.0,67,67301,39.9521,-75.2056,0,0,0,0,0,1,4,7,2012,3,17.0,1.0,0,1.0,3,1,3,  ,2,3.0,1,0,1,0,0,0,0,0,0,0,0,0,0,0,0,0,0
15695,2012078298,1122.0,1115.0,67,67301,39.9619,-75.1593,0,0,0,0,0,1,4,7,2012,3,11.0,1.0,0,1.0,3,1,3,  ,2,3.0,0,0,1,0,0,0,0,0,0,0,0,0,0,0,0,0,0
15696,2012078299,1907.0,1901.0,67,67301,39.9666,-75.1604,0,0,0,0,0,0,4,7,2012,3,18.0,1.0,0,1.0,3,1,3,  ,2,3.0,0,0,1,0,0,0,0,0,0,0,0,0,0,0,0,0,0
15697,2012078347,742.0,736.0,67,67301,40.0457,-75.0315,0,0,0,0,0,0,4,7,2012,3,7.0,1.0,0,1.0,3,1,3,  ,2,3.0,0,0,1,0,0,0,0,0,0,0,0,0,0,0,0,0,0
15698,2012078350,2318.0,2311.0,67,67301,40.0251,-75.0826,0,0,0,0,0,1,4,6,2012,6,23.0,3.0,7,1.0,3,0,3,  ,0,0.0,1,0,1,0,0,0,0,0,0,0,0,0,0,0,0,0,0
15699,2012078352,1610.0,1545.0,67,67301,40.0276,-75.0962,0,0,0,0,0,0,4,7,2012,7,15.0,1.0,0,1.0,3,2,3,  ,0,0.0,0,0,1,0,0,0,0,0,0,0,0,0,0,0,0,0,0
15700,2012078354,1121.0,1119.0,67,67301,40.0789,-75.0253,0,0,0,0,0,1,4,6,2012,6,11.0,1.0,7,1.0,3,2,3,  ,2,3.0,0,0,1,0,0,0,0,0,0,0,0,0,0,0,0,0,0
15701,2012078376,9999.0,2226.0,67,67301,39.9652,-75.1405,0,0,0,0,0,1,4,6,2012,6,22.0,3.0,0,1.0,3,2,3,  ,0,0.0,0,0,1,0,0,0,0,0,0,0,0,0,0,0,0,0,0
15702,2012078386,1926.0,1924.0,67,67301,40.0007,-75.1275,0,0,0,0,1,0,2,7,2012,5,18.0,1.0,0,1.0,3,0,3,  ,0,0.0,1,0,0,0,0,0,0,0,0,0,0,0,0,1,0,0,0
15703,2012078409,1512.0,1507.0,67,67301,40.0321,-75.2136,0,0,0,0,0,0,4,6,2012,1,15.0,1.0,0,1.0,3,1,3,  ,0,0.0,0,0,1,0,0,0,0,0,0,0,0,0,0,0,0,0,0
15704,2012078418,2158.0,2130.0,67,67301,39.9804,-75.1709,0,0,0,0,0,0,4,7,2012,4,99.0,3.0,0,1.0,3,1,3,  ,2,3.0,0,0,1,0,0,0,0,0,0,0,0,0,0,0,0,0,0
15705,2012078419,1702.0,1700.0,67,67301,39.9946,-75.1643,0,0,0,0,0,0,4,6,2012,5,16.0,1.0,0,1.0,3,1,3,  ,3,3.0,0,0,1,0,0,0,0,0,0,0,0,0,0,0,0,0,0
15706,2012078420,1554.0,1530.0,67,67301,39.9695,-75.1395,0,0,0,0,0,0,1,6,2012,2,11.0,1.0,0,1.0,3,1,3,  ,2,3.0,0,0,0,0,0,0,0,0,0,0,0,0,0,1,0,0,0
15707,2012078425,1945.0,1934.0,67,67301,39.9392,-75.2352,0,0,0,0,0,0,5,7,2012,2,19.0,1.0,0,1.0,3,2,3,  ,3,3.0,0,0,0,0,0,0,0,0,0,0,0,0,0,0,0,0,0
15708,2012078428,1852.0,1852.0,67,67301,40.0392,-75.11,0,0,0,0,0,0,4,7,2012,1,15.0,1.0,0,1.0,3,1,3,  ,0,0.0,0,0,1,0,0,0,0,0,0,0,0,0,0,0,0,0,0
15709,2012078447,1800.0,1800.0,67,67301,40.0391,-75.1392,0,0,0,0,0,0,1,6,2012,3,99.0,3.0,0,1.0,3,1,3,  ,3,3.0,0,0,0,0,0,0,0,0,0,0,0,0,0,0,0,0,0
15710,2012078456,1843.0,1842.0,67,67301,39.997,-75.1296,0,0,0,0,0,0,4,7,2012,7,19.0,1.0,0,1.0,3,1,3,  ,0,0.0,0,0,1,0,0,0,0,0,0,0,0,0,0,0,0,0,0
15711,2012078459,1948.0,1946.0,67,67301,39.9351,-75.2176,0,0,0,0,0,0,5,6,2012,4,19.0,1.0,0,1.0,3,0,3,  ,0,0.0,0,0,0,0,0,1,0,0,0,0,0,0,0,0,0,0,0
15712,2012078467,1720.0,1718.0,67,67301,39.9196,-75.2246,0,0,0,0,0,0,4,6,2012,1,16.0,1.0,0,1.0,3,0,3,  ,0,0.0,0,0,1,0,0,0,0,0,0,0,0,0,0,0,0,0,0
15713,2012078475,9999.0,1955.0,67,67301,39.9406,-75.2158,0,0,1,0,0,0,4,7,2012,4,19.0,1.0,0,1.0,3,2,3,  ,0,0.0,0,0,1,0,1,0,0,0,0,0,0,0,0,0,0,0,0