,CRN,ARRIVAL_TM,DISPATCH_TM,COUNTY,MUNICIPALITY,DEC_LAT,DEC_LONG,BICYCLE_DEATH_COUNT,BICYCLE_SUSP_SERIOUS_INJ_COUNT,BUS_COUNT,HEAVY_TRUCK_COUNT,SMALL_TRUCK_COUNT,SUV_COUNT,COLLISION_TYPE,CRASH_MONTH,CRASH_YEAR,DAY_OF_WEEK,HOUR_OF_DAY,ILLUMINATION,LOCATION_TYPE,ROAD_CONDITION,URBAN_RURAL,INTERSECT_TYPE,WEATHER1,WEATHER2,TCD_TYPE,TCD_FUNC_CD,AGGRESSIVE_DRIVING,ALCOHOL_RELATED,ANGLE_CRASH,CELL_PHONE,COMM_VEHICLE,DISTRACTED,DRINKING_DRIVER,DRUGGED_DRIVER,FATIGUE_ASLEEP,IMPAIRED_DRIVER,NHTSA_AGG_DRIVING,RUNNING_RED_LT,RUNNING_STOP_SIGN,SPEEDING_RELATED,TAILGATING,MATURE_DRIVER,YOUNG_DRIVER
15714,2012078477,1403.0,1402.0,67,67301,39.9257,-75.2275,0,0,0,0,0,0,4,6,2012,4,99.0,1.0,0,1.0,3,1,3,  ,0,0.0,0,0,1,0,0,0,0,0,0,0,0,0,0,0,0,0,0
15715,2012078480,1828.0,1825.0,67,67301,40.0878,-75.0526,0,0,0,0,0,0,4,7,2012,4,18.0,1.0,0,1.0,3,0,3,  ,0,0.0,0,0,1,0,0,0,0,0,0,0,0,0,0,0,0,0,0
15716,2012078483,2335.0,2331.0,67,67301,39.9797,-75.2463,0,0,0,0,0,0,4,7,2012,4,99.0,3.0,0,1.0,3,2,3,  ,3,3.0,0,0,1,0,0,0,0,0,0,0,0,0,0,0,0,0,0
15717,2012078490,142.0,138.0,67,67301,39.9493,-75.1572,0,0,0,1,0,0,4,7,2012,4,1.0,3.0,0,1.0,3,1,3,  ,2,3.0,0,0,1,0,1,0,0,0,0,0,0,0,0,0,0,0,0
15718,2012078499,9999.0,1215.0,67,67301,39.9889,-75.1273,0,0,0,0,0,0,4,7,2012,4,12.0,1.0,0,1.0,3,5,3,  ,2,3.0,0,0,1,0,0,0,0,0,0,0,0,0,0,0,0,0,0
15719,2012078502,2122.0,2121.0,67,67301,39.9827,-75.1408,0,0,0,0,0,0,4,7,2012,4,21.0,3.0,0,1.0,3,1,98,  ,0,0.0,0,0,1,0,0,0,0,0,0,0,0,0,0,0,0,0,0
15720,2012078538,1429.0,1428.0,67,67301,39.9459,-75.1837,0,0,0,0,0,0,4,7,2012,4,99.0,1.0,0,1.0,3,1,3,  ,0,0.0,0,0,1,0,0,1,0,0,0,0,0,0,0,0,0,0,0
15721,2012078550,109.0,107.0,67,67301,39.9417,-75.15,0,0,0,0,1,0,5,6,2012,6,0.0,3.0,0,1.0,3,0,3,  ,0,0.0,0,0,0,0,0,0,0,0,0,0,0,0,0,0,0,0,0
15722,2012078586,1810.0,1805.0,67,67301,40.0448,-75.0175,0,0,0,0,0,0,8,6,2012,7,18.0,1.0,0,1.0,3,2,3,  ,2,3.0,0,0,0,0,0,0,0,0,0,0,0,0,0,0,0,0,0
15723,2012078594,1240.0,1240.0,67,67301,39.9823,-75.22,0,0,0,0,0,0,4,6,2012,7,11.0,1.0,0,1.0,3,10,3,  ,0,0.0,1,0,1,0,0,0,0,0,0,0,0,0,0,0,0,0,0
15724,2012078608,1825.0,1821.0,67,67301,39.9213,-75.1553,0,0,0,0,0,0,2,7,2012,1,18.0,1.0,0,1.0,3,1,3,  ,3,3.0,0,0,0,0,0,0,0,0,0,0,0,0,0,0,0,0,0
15725,2012078626,2229.0,2226.0,67,67301,40.0007,-75.0977,0,0,0,1,0,0,4,6,2012,2,22.0,3.0,0,1.0,3,1,3,  ,0,0.0,1,0,1,0,1,0,0,0,0,0,0,0,0,0,0,0,0
15726,2012078631,1228.0,1225.0,67,67301,39.9481,-75.1645,0,0,0,0,0,0,5,7,2012,6,12.0,1.0,0,1.0,3,0,3,  ,0,0.0,0,0,0,0,0,0,0,0,0,0,0,0,0,0,0,0,0
15727,2012078639,440.0,438.0,67,67301,39.9357,-75.1672,0,0,0,0,0,0,4,7,2012,1,4.0,3.0,0,1.0,3,2,3,  ,2,3.0,0,0,1,0,0,0,0,0,0,0,0,0,0,0,0,0,0
15728,2012078641,1803.0,1800.0,67,67301,39.9342,-75.1971,0,0,0,0,0,0,2,6,2012,6,17.0,1.0,0,1.0,3,0,3,  ,0,0.0,0,0,0,0,0,0,0,0,0,0,0,0,0,0,0,0,0
15729,2012078644,1643.0,1641.0,67,67301,39.9218,-75.1535,0,0,0,0,0,0,4,6,2012,7,99.0,1.0,0,1.0,3,1,3,  ,3,3.0,1,0,1,0,0,0,0,0,0,0,0,0,0,0,0,0,0
15730,2012078645,1132.0,1126.0,67,67301,39.9291,-75.171,0,0,0,0,0,0,4,6,2012,7,11.0,1.0,0,1.0,3,0,3,  ,0,0.0,0,0,1,0,0,0,0,0,0,0,0,0,0,0,0,0,0
15731,2012078758,1952.0,1949.0,46,46211,40.2314,-75.224,0,0,0,0,0,0,4,8,2012,4,19.0,1.0,0,1.0,1,0,3,  ,0,0.0,1,0,1,0,0,0,0,0,0,0,0,0,0,0,0,0,0
15732,2012078763,1732.0,1729.0,2,2113,40.4998,-79.8133,0,1,0,0,0,1,4,8,2012,4,17.0,1.0,0,1.0,3,2,3,  ,3,3.0,0,0,1,0,0,0,0,0,0,0,0,0,0,0,0,0,1
15733,2012078778,2108.0,2106.0,9,9208,40.1568,-74.8197,0,0,0,0,0,0,5,8,2012,4,21.0,2.0,0,1.0,3,0,3,  ,0,0.0,0,0,0,0,0,0,0,0,0,0,0,0,0,0,0,0,0
15734,2012078812,1738.0,1735.0,2,2422,40.392,-80.031,0,0,0,0,1,0,4,8,2012,4,17.0,1.0,0,1.0,3,1,3,  ,3,3.0,0,0,1,0,0,0,0,0,0,0,0,0,0,0,0,0,0
15735,2012078914,1658.0,1652.0,36,36213,40.1003,-76.0581,0,0,0,0,0,0,1,8,2012,1,16.0,1.0,0,1.0,1,0,3,  ,0,0.0,0,0,0,0,0,0,0,0,0,0,0,0,0,0,0,0,0
15736,2012078920,853.0,851.0,49,49212,40.8665,-76.5539,0,0,0,0,1,0,5,8,2012,5,8.0,1.0,0,1.0,1,0,3,  ,0,0.0,0,0,0,0,0,0,0,0,0,0,0,0,0,0,0,0,0
15737,2012079030,1326.0,1324.0,9,9225,40.1851,-75.0437,0,0,0,0,0,0,2,7,2012,3,13.0,1.0,0,1.0,3,3,3,  ,0,0.0,0,0,0,0,0,0,0,0,0,0,0,0,0,0,0,1,0
15738,2012079210,1635.0,1633.0,6,6102,40.4009,-75.9276,0,1,0,0,0,0,4,8,2012,3,16.0,1.0,99,1.0,3,0,3,  ,0,0.0,1,0,1,0,0,0,0,0,0,0,0,0,0,1,0,0,0
15739,2012079216,1251.0,1245.0,46,46103,40.2764,-75.3166,0,0,0,0,0,0,4,8,2012,5,12.0,1.0,0,1.0,3,2,3,  ,3,3.0,1,0,1,0,0,0,0,1,0,1,0,0,0,0,0,0,0
15740,2012079521,1120.0,1119.0,25,25301,41.9243,-79.6414,0,0,0,0,0,1,4,8,2012,7,11.0,1.0,0,1.0,2,1,3,  ,0,0.0,0,0,1,0,0,1,0,0,0,0,0,0,0,0,0,1,0
15741,2012079574,1707.0,1705.0,2,2433,40.326,-79.889,0,0,0,0,0,0,4,8,2012,7,17.0,1.0,0,1.0,3,1,3,  ,0,0.0,0,0,1,0,0,0,0,0,0,0,0,0,0,0,0,0,0
15742,2012079669,2232.0,2227.0,6,6301,40.3295,-75.9125,0,0,0,0,0,1,4,8,2012,7,22.0,3.0,0,9.0,3,1,7,  ,3,3.0,0,0,1,0,0,0,0,0,0,0,0,0,0,0,0,0,0
15743,2012079678,1716.0,1715.0,36,36301,40.0345,-76.3121,0,0,0,0,0,0,4,7,2012,1,17.0,1.0,0,1.0,3,1,3,  ,3,3.0,0,0,1,0,0,0,0,0,0,0,0,0,0,0,0,0,0
15744,2012079702,1717.0,1715.0,44,44403,40.5954,-77.5721,0,0,0,0,0,0,4,8,2012,7,17.0,1.0,7,1.0,2,0,3,  ,0,0.0,0,0,1,0,0,0,0,0,0,0,0,0,0,0,0,1,0
15745,2012079756,1548.0,1543.0,36,36204,40.2338,-76.2615,0,0,0,0,0,0,4,8,2012,7,15.0,1.0,0,1.0,1,0,3,  ,0,0.0,0,0,1,0,0,0,0,0,0,0,0,0,0,0,0,0,0
15746,2012079836,1946.0,1944.0,23,23111,39.9611,-75.2738,0,0,0,0,0,0,4,8,2012,1,19.0,1.0,7,1.0,3,0,3,  ,0,0.0,1,0,1,0,0,0,0,0,0,0,0,0,0,1,0,0,0
15747,2012079847,2115.0,2115.0,47,47401,40.9566,-76.6108,0,0,0,0,0,1,4,8,2012,6,19.0,1.0,0,1.0,2,1,3,  ,3,3.0,0,0,1,0,0,0,0,0,0,0,0,0,0,0,0,0,0
15748,2012079858,2130.0,2130.0,2,2214,40.4411,-80.2065,0,0,0,0,0,0,4,8,2012,1,20.0,3.0,0,1.0,3,2,3,  ,3,3.0,0,0,1,0,0,0,0,0,0,0,0,0,0,0,0,0,0
15749,2012079880,1704.0,1702.0,36,36404,40.0354,-76.4903,0,0,0,0,1,0,4,7,2012,6,17.0,1.0,0,1.0,3,10,3,  ,0,0.0,0,0,1,0,1,0,0,0,0,0,0,0,0,0,0,0,0
15750,2012079933,1749.0,1730.0,51,51203,41.3026,-74.8538,0,0,0,0,0,1,1,8,2012,6,17.0,1.0,0,1.0,1,0,3,  ,0,0.0,0,0,0,0,0,0,0,0,0,0,0,0,0,0,0,0,0
15751,2012079966,1706.0,1704.0,36,36301,40.0324,-76.3025,0,0,0,0,0,0,4,8,2012,7,17.0,1.0,0,1.0,3,2,3,  ,3,3.0,0,0,1,0,0,0,0,0,0,0,0,0,0,0,0,0,0
15752,2012080029,2153.0,2150.0,67,67301,39.9801,-75.1447,0,0,0,0,1,0,4,6,2012,3,21.0,3.0,0,1.0,3,1,3,  ,2,3.0,0,0,1,0,0,1,0,0,0,0,0,0,0,0,0,1,0
15753,2012080038,1545.0,1528.0,6,6301,40.3456,-75.9404,0,0,0,0,1,0,6,8,2012,2,15.0,1.0,0,1.0,3,0,3,  ,0,0.0,0,0,0,0,0,0,0,0,0,0,0,0,0,0,0,0,0
15754,2012080048,1909.0,1903.0,48,48301,40.6026,-75.3901,0,0,0,0,0,0,4,8,2012,7,19.0,1.0,0,1.0,3,2,3,  ,3,3.0,0,0,1,0,0,0,0,0,0,0,0,0,0,0,0,0,0
15755,2012080113,1513.0,1506.0,7,7205,40.4443,-78.3932,0,0,0,0,0,0,5,8,2012,7,15.0,1.0,0,1.0,1,0,3,  ,0,0.0,0,0,0,0,0,0,0,0,0,0,0,0,0,0,0,1,0
15756,2012080201,1932.0,1931.0,2,2111,40.3777,-79.817,0,0,0,0,0,1,4,8,2012,2,19.0,1.0,0,1.0,3,2,3,  ,3,3.0,0,0,1,0,0,0,0,0,0,0,0,0,0,0,0,0,0
15757,2012080459,2051.0,2048.0,9,9211,40.1984,-74.8662,0,0,0,0,0,0,6,8,2012,7,20.0,2.0,0,1.0,3,1,3,  ,2,3.0,0,0,0,0,0,0,0,0,0,0,0,0,0,0,0,0,0
15758,2012080478,1643.0,1637.0,46,46104,40.0332,-75.2936,0,0,0,0,1,0,4,7,2012,6,16.0,1.0,0,1.0,3,2,3,  ,0,0.0,0,0,1,0,0,0,0,0,0,0,0,0,0,0,0,0,0
15759,2012080650,2000.0,1915.0,59,59204,40.8779,-77.1737,0,0,0,0,0,1,4,8,2012,6,18.0,1.0,0,1.0,1,2,3,  ,3,3.0,0,0,1,0,0,0,0,0,0,0,0,0,0,0,0,0,0
15760,2012080695,1715.0,1715.0,23,23111,39.9546,-75.2568,0,0,0,0,0,0,2,7,2012,4,17.0,1.0,0,1.0,3,2,3,  ,0,0.0,0,0,0,0,0,0,0,0,0,0,0,0,0,0,0,0,0
15761,2012080752,2136.0,2136.0,67,67301,39.9505,-75.1926,0,0,0,0,0,0,4,7,2012,2,21.0,3.0,0,1.0,3,1,3,  ,2,3.0,1,0,1,0,0,0,0,0,0,0,0,0,0,0,0,0,0
15762,2012080754,2031.0,2030.0,67,67301,40.0395,-75.0509,0,0,0,0,0,0,4,7,2012,2,20.0,4.0,7,1.0,3,0,3,  ,0,0.0,0,0,1,0,0,0,0,0,0,0,0,0,0,0,0,0,0
15763,2012080761,828.0,820.0,67,67301,39.9475,-75.1495,0,0,0,0,0,0,4,7,2012,4,8.0,1.0,0,1.0,3,1,3,  ,2,3.0,0,0,1,0,0,0,0,0,0,0,0,0,0,0,0,1,0
15764,2012080781,825.0,823.0,67,67301,40.0251,-75.2227,0,0,0,0,0,0,1,7,2012,7,8.0,1.0,0,1.0,3,1,3,  ,2,3.0,0,0,0,0,0,0,0,0,0,0,0,0,0,0,0,0,0
15765,2012080791,1215.0,1212.0,67,67301,39.9787,-75.234,0,0,0,0,0,0,4,7,2012,1,12.0,1.0,7,1.0,3,2,3,  ,3,3.0,0,0,1,0,0,0,0,0,0,0,0,0,0,0,0,0,1
15766,2012080804,2119.0,2118.0,67,67301,40.0344,-75.0853,0,0,0,0,0,0,4,7,2012,1,20.0,1.0,7,1.0,3,0,3,  ,0,0.0,1,0,1,0,0,0,0,0,0,0,0,0,0,0,0,0,0
15767,2012080813,200.0,142.0,67,67301,39.9602,-75.1909,0,0,0,0,0,0,2,7,2012,5,1.0,3.0,0,9.0,3,1,7,  ,2,3.0,0,1,0,0,0,0,0,0,0,0,0,0,0,0,0,0,0
15768,2012080818,1940.0,1937.0,67,67301,39.9683,-75.1806,0,0,0,0,0,0,4,7,2012,1,19.0,1.0,0,1.0,3,0,3,  ,0,0.0,0,0,1,0,0,0,0,0,0,0,0,0,0,0,0,0,0
15769,2012080859,1235.0,1232.0,67,67301,39.943,-75.1448,0,0,0,0,0,0,5,7,2012,2,9.0,1.0,0,1.0,3,0,3,  ,0,0.0,0,0,0,0,0,0,0,0,0,0,0,0,0,0,0,0,0
15770,2012080865,9999.0,130.0,67,67301,40.0246,-75.1097,0,0,0,0,0,0,4,7,2012,1,99.0,3.0,0,1.0,3,3,3,  ,0,0.0,0,0,1,0,0,0,0,0,0,0,0,0,0,0,0,0,0
15771,2012080888,1200.0,1158.0,23,23103,39.9769,-75.3036,0,0,0,0,0,0,4,7,2012,3,11.0,1.0,0,1.0,3,0,3,  ,0,0.0,0,0,1,0,0,0,0,0,0,0,0,0,0,0,0,0,0
15772,2012080913,853.0,851.0,66,66413,39.8126,-76.9771,0,0,0,0,0,0,4,6,2012,4,8.0,1.0,0,1.0,2,1,3,  ,0,0.0,0,0,1,0,0,0,0,0,0,0,0,0,0,0,0,0,0
15773,2012080915,925.0,911.0,66,66413,39.8174,-76.9913,0,0,0,0,0,0,4,6,2012,7,9.0,1.0,7,1.0,2,0,3,  ,3,3.0,1,0,1,0,0,0,0,0,0,0,0,0,0,0,0,1,0
15774,2012081016,1950.0,1947.0,35,35302,41.4031,-75.669,0,0,0,0,0,0,4,8,2012,4,19.0,1.0,0,1.0,3,1,3,  ,2,3.0,0,0,1,0,0,0,0,0,0,0,0,0,0,0,0,0,0
15775,2012081061,1853.0,1852.0,28,28406,39.7572,-77.5823,0,0,0,0,0,0,4,8,2012,4,18.0,1.0,0,1.0,2,1,3,  ,9,9.0,0,0,1,0,0,0,0,0,0,0,0,0,0,0,0,0,0
15776,2012081149,1210.0,1204.0,15,15215,40.0275,-75.4216,0,0,0,0,0,1,4,8,2012,1,12.0,1.0,0,1.0,3,1,3,  ,3,3.0,0,0,1,0,0,0,0,0,0,0,0,0,0,0,0,0,0
15777,2012081367,2035.0,2034.0,23,23111,39.9396,-75.2649,0,0,0,0,0,0,2,8,2012,5,20.0,4.0,7,1.0,3,0,3,  ,0,0.0,0,0,0,0,0,0,0,0,0,0,0,0,0,0,0,0,0
15778,2012081390,1743.0,1740.0,46,46101,40.1122,-75.1155,0,0,0,0,0,0,0,8,2012,3,17.0,1.0,0,9.0,3,0,3,  ,0,0.0,0,0,0,0,0,0,0,0,0,0,0,0,0,0,0,0,0
15779,2012081496,1620.0,1615.0,25,25213,42.1006,-80.0276,0,0,0,0,0,1,4,8,2012,4,11.0,1.0,0,1.0,3,0,3,  ,0,0.0,1,0,1,0,0,0,0,0,0,0,0,0,0,1,0,0,0
15780,2012081521,1450.0,1448.0,25,25302,42.1341,-80.051,0,0,0,0,0,0,4,8,2012,6,14.0,1.0,0,1.0,3,2,3,  ,3,3.0,0,0,1,0,0,0,0,0,0,0,0,0,0,0,0,0,0
15781,2012081736,1654.0,1653.0,46,46209,40.2688,-75.3713,0,0,0,0,0,1,4,8,2012,6,16.0,1.0,0,1.0,1,1,3,  ,3,3.0,0,0,1,0,0,0,0,0,0,0,0,0,0,0,0,0,0
15782,2012081804,2058.0,2057.0,25,25213,42.1011,-80.1634,0,0,0,0,0,0,5,8,2012,4,20.0,2.0,0,1.0,3,0,3,  ,0,0.0,0,0,0,0,0,0,0,0,0,0,0,0,0,0,0,0,0
15783,2012081978,1358.0,1358.0,23,23301,39.8572,-75.3525,0,0,0,0,0,0,5,8,2012,1,13.0,1.0,0,1.0,3,0,3,  ,0,0.0,0,0,0,0,0,1,0,0,0,0,0,0,0,0,0,1,0
15784,2012082272,1755.0,1746.0,23,23111,39.9164,-75.3048,0,0,0,0,0,0,5,8,2012,5,17.0,1.0,7,1.0,3,0,3,  ,0,0.0,0,0,0,0,0,0,0,0,0,0,0,0,0,0,0,0,0
15785,2012082297,605.0,600.0,9,9216,40.2308,-74.915,0,0,0,0,0,1,4,8,2012,5,6.0,5.0,0,1.0,3,1,3,  ,3,3.0,1,0,1,0,0,0,0,0,0,0,0,0,0,0,0,0,0
15786,2012082302,1648.0,1646.0,23,23103,39.9846,-75.3155,0,0,0,0,0,0,4,8,2012,5,16.0,1.0,7,1.0,3,0,3,  ,0,0.0,0,0,1,0,0,0,0,0,0,0,0,0,0,0,0,0,0
15787,2012082311,1120.0,1117.0,43,43404,41.1649,-80.0827,1,0,0,0,1,0,4,8,2012,6,11.0,1.0,0,9.0,2,1,7,  ,2,3.0,0,1,1,0,0,0,0,0,0,0,0,0,0,0,0,0,0
15788,2012082548,2105.0,2039.0,53,53422,40.6933,-76.1656,0,0,0,0,0,0,1,8,2012,2,20.0,4.0,0,1.0,2,0,3,  ,0,0.0,0,0,0,0,0,0,0,0,0,0,0,0,0,0,0,0,1
15789,2012082657,1608.0,1604.0,40,40301,40.9587,-75.9708,0,0,0,0,0,1,4,8,2012,3,16.0,1.0,7,1.0,2,2,3,  ,3,3.0,0,0,1,0,0,0,0,0,0,0,0,0,0,0,0,0,0
15790,2012082672,1534.0,1532.0,15,15214,40.0368,-75.5636,0,0,0,0,0,0,4,8,2012,3,15.0,1.0,7,1.0,3,0,3,  ,0,0.0,1,0,1,0,0,0,0,0,0,0,1,0,0,0,0,1,0
15791,2012082695,1615.0,1611.0,15,15301,39.9813,-75.8141,0,0,0,0,0,0,8,8,2012,2,16.0,1.0,0,1.0,3,1,3,  ,3,3.0,1,0,0,0,0,0,0,0,0,0,0,0,0,0,0,0,0
15792,2012082789,1035.0,1028.0,39,39207,40.7248,-75.5344,0,0,0,0,0,1,4,8,2012,4,10.0,1.0,0,1.0,1,2,3,  ,3,3.0,1,0,1,0,0,0,0,0,0,0,0,0,0,0,0,0,0
15793,2012083006,900.0,831.0,35,35302,41.4232,-75.6638,0,0,0,0,0,0,4,8,2012,4,8.0,1.0,0,1.0,3,1,3,  ,0,0.0,0,0,1,0,0,0,0,0,0,0,0,0,0,0,0,0,0
15794,2012083079,0.0,0.0,7,7301,40.5513,-78.3727,0,0,0,0,0,1,4,6,2012,2,17.0,1.0,0,1.0,3,1,3,  ,3,3.0,0,0,1,0,0,0,0,0,0,0,0,0,0,0,0,0,0
15795,2012083100,1050.0,1047.0,49,49101,40.783,-76.5692,0,0,0,0,0,0,4,8,2012,4,10.0,1.0,0,1.0,1,1,3,  ,3,3.0,0,0,1,0,0,0,0,0,0,0,0,0,0,0,0,0,1
15796,2012083136,1505.0,1459.0,40,40304,41.2575,-75.8685,0,0,0,0,0,0,4,8,2012,4,14.0,1.0,0,1.0,3,2,3,  ,2,3.0,1,0,1,0,0,0,0,0,0,0,0,0,0,0,0,0,0
15797,2012083138,1204.0,1159.0,6,6301,40.3412,-75.9379,0,0,0,0,0,0,4,8,2012,4,11.0,1.0,0,1.0,3,1,3,  ,2,3.0,0,0,1,0,0,0,0,0,0,0,0,0,0,0,0,0,0
15798,2012083148,1657.0,1655.0,67,67301,39.9997,-75.099,0,0,0,0,0,1,4,7,2012,2,16.0,1.0,0,9.0,3,1,3,  ,2,3.0,0,0,1,0,0,0,0,0,0,0,0,0,0,0,0,0,0
15799,2012083159,2134.0,2132.0,67,67301,39.9947,-75.1851,0,0,0,0,0,0,8,7,2012,2,21.0,3.0,0,1.0,3,1,3,  ,0,0.0,0,0,0,0,0,0,0,0,0,0,0,0,0,0,0,0,1
15800,2012083160,1755.0,1750.0,67,67301,39.9719,-75.1676,0,1,0,1,0,0,6,7,2012,2,17.0,1.0,0,1.0,3,0,3,  ,0,0.0,0,0,0,0,1,0,0,0,0,0,0,0,0,0,0,0,0
15801,2012083183,2135.0,2130.0,67,67301,39.9589,-75.1567,0,0,0,0,0,0,4,8,2012,6,21.0,3.0,0,1.0,3,1,3,  ,2,3.0,0,0,1,0,0,0,0,0,0,0,0,0,0,0,0,0,0
15802,2012083203,658.0,658.0,67,67301,40.0073,-75.1922,0,0,0,0,0,0,4,7,2012,4,6.0,1.0,7,1.0,3,2,3,  ,2,3.0,0,0,1,0,0,0,0,0,0,0,0,0,0,0,0,0,0
15803,2012083212,155.0,152.0,67,67301,40.0464,-75.0695,0,0,0,0,0,0,4,7,2012,6,1.0,3.0,0,9.0,3,1,3,  ,3,3.0,0,1,1,0,0,0,0,0,0,0,0,0,0,0,0,0,0
15804,2012083219,1400.0,1357.0,67,67301,39.9238,-75.1651,0,0,0,0,0,0,4,7,2012,7,13.0,1.0,0,1.0,3,0,3,  ,0,0.0,0,0,1,0,0,1,0,0,0,0,0,0,0,0,0,0,0
15805,2012083225,9999.0,9999.0,67,67301,39.9732,-75.1267,0,0,0,0,0,0,4,7,2012,2,6.0,1.0,0,1.0,3,1,3,  ,3,3.0,0,1,1,0,0,0,0,0,0,0,0,0,0,0,0,0,0
15806,2012083228,1640.0,1630.0,67,67301,39.9968,-75.1517,0,0,0,0,0,0,4,7,2012,3,14.0,1.0,0,1.0,3,1,3,  ,2,3.0,0,0,1,0,0,0,0,0,0,0,0,0,0,0,0,0,0
15807,2012083235,1902.0,1900.0,67,67301,39.919,-75.1574,0,0,0,0,0,1,4,7,2012,2,18.0,1.0,0,1.0,3,1,3,  ,3,3.0,1,0,1,0,0,0,0,0,0,0,0,0,0,0,0,0,0
15808,2012083236,1916.0,1914.0,67,67301,39.9219,-75.16,0,0,0,0,0,0,4,7,2012,2,19.0,1.0,0,1.0,3,1,3,  ,3,3.0,0,0,1,0,0,0,0,0,0,0,0,0,0,0,0,0,0
15809,2012083250,1202.0,1158.0,67,67301,39.9289,-75.1467,0,0,0,0,0,0,4,7,2012,1,11.0,1.0,0,1.0,3,1,3,  ,3,3.0,0,0,1,0,0,0,0,0,0,0,0,0,0,0,0,0,0
15810,2012083252,9999.0,9999.0,67,67301,39.9402,-75.168,0,0,0,0,0,0,4,7,2012,5,8.0,1.0,0,1.0,3,1,3,  ,2,3.0,0,0,1,0,0,0,0,0,0,0,0,0,0,0,0,0,0
15811,2012083269,959.0,947.0,67,67301,39.9627,-75.1639,0,0,0,0,0,0,5,7,2012,5,9.0,1.0,0,1.0,3,0,3,  ,0,0.0,0,0,0,0,0,0,0,0,0,0,0,0,0,0,0,0,0
15812,2012083274,1933.0,1932.0,67,67301,39.9347,-75.1523,0,0,0,0,0,0,4,7,2012,2,19.0,1.0,0,1.0,3,1,3,  ,2,3.0,0,0,1,0,0,0,0,0,0,0,0,0,0,0,0,0,0
15813,2012083299,1725.0,1721.0,67,67301,39.9752,-75.1882,0,0,0,0,0,1,8,8,2012,6,16.0,1.0,0,9.0,3,1,7,  ,3,3.0,0,0,0,0,0,0,0,0,0,0,0,0,0,0,0,0,0
15814,2012083308,2330.0,2330.0,67,67301,39.9953,-75.1172,0,0,0,0,0,0,4,7,2012,3,22.0,6.0,0,1.0,3,2,99,  ,3,3.0,1,0,1,0,0,0,0,0,0,0,0,0,0,0,0,0,0
15815,2012083311,1846.0,1844.0,67,67301,40.0382,-75.0284,0,0,0,0,0,0,4,7,2012,6,18.0,1.0,0,1.0,3,1,3,  ,3,3.0,0,0,1,0,0,0,0,0,0,0,0,0,0,0,0,0,0
15816,2012083312,1609.0,1605.0,67,67301,40.0382,-75.0496,0,0,0,0,1,0,8,7,2012,7,99.0,1.0,0,1.0,3,1,3,  ,3,3.0,0,0,0,0,0,0,0,0,0,0,0,0,0,0,0,0,0
15817,2012083313,1955.0,1953.0,67,67301,39.9632,-75.1996,0,0,0,0,0,0,4,7,2012,5,19.0,1.0,0,9.0,3,1,7,  ,2,3.0,1,0,1,0,0,0,0,0,0,0,0,1,0,0,0,0,0
15818,2012083338,2013.0,2010.0,67,67301,39.9671,-75.2438,0,1,0,0,0,0,4,7,2012,5,20.0,1.0,0,1.0,3,1,3,  ,3,3.0,1,0,1,0,0,0,0,0,0,0,0,0,0,0,0,0,0
15819,2012083342,2200.0,2157.0,67,67301,39.9882,-75.2327,0,0,0,0,0,0,1,7,2012,6,21.0,3.0,0,1.0,3,1,3,  ,0,0.0,0,0,0,0,0,0,0,0,0,0,0,0,0,0,0,0,0
15820,2012083346,2005.0,2000.0,67,67301,39.9416,-75.1641,0,0,0,0,0,0,4,8,2012,4,19.0,4.0,7,1.0,3,0,3,  ,0,0.0,0,0,1,0,0,0,0,0,0,0,0,0,0,0,0,0,0
15821,2012083349,2125.0,2120.0,67,67301,40.096,-74.9768,0,0,0,0,0,0,4,7,2012,2,21.0,3.0,0,1.0,3,1,3,  ,2,3.0,0,0,1,0,0,0,0,0,0,0,0,0,0,0,0,0,1
15822,2012083374,840.0,837.0,67,67301,39.9298,-75.1442,0,0,0,0,0,1,4,7,2012,3,8.0,1.0,0,1.0,3,1,3,  ,2,3.0,1,0,1,0,0,0,0,0,0,0,0,0,0,0,0,0,0
15823,2012083384,1255.0,1240.0,67,67301,40.0235,-75.1334,0,0,0,0,0,0,4,7,2012,5,15.0,8.0,0,1.0,3,1,3,  ,2,9.0,0,0,1,0,0,0,0,0,0,0,0,0,0,0,0,0,0
15824,2012083389,834.0,827.0,67,67301,39.968,-75.1619,0,0,0,0,0,1,4,7,2012,6,8.0,1.0,0,1.0,3,1,9,  ,2,3.0,0,0,1,0,0,0,0,0,0,0,0,0,0,0,0,0,0
15825,2012083400,1315.0,1308.0,67,67301,40.0023,-75.1098,0,0,0,0,0,0,4,7,2012,5,12.0,1.0,7,1.0,3,0,3,  ,0,0.0,0,0,1,0,0,0,0,0,0,0,0,0,0,0,0,0,0
15826,2012083432,1921.0,1921.0,67,67301,39.996,-75.1339,0,0,0,0,0,0,4,7,2012,3,19.0,1.0,0,1.0,3,0,3,  ,0,0.0,0,0,1,0,0,0,0,0,0,0,0,0,0,0,0,0,0
15827,2012083455,1222.0,1216.0,46,46104,40.0215,-75.2329,0,0,0,0,0,0,4,8,2012,5,12.0,1.0,0,1.0,3,0,3,  ,0,0.0,1,0,1,0,0,0,0,0,0,0,0,0,0,0,0,0,0