,CRN,ARRIVAL_TM,DISPATCH_TM,COUNTY,MUNICIPALITY,DEC_LAT,DEC_LONG,BICYCLE_DEATH_COUNT,BICYCLE_SUSP_SERIOUS_INJ_COUNT,BUS_COUNT,HEAVY_TRUCK_COUNT,SMALL_TRUCK_COUNT,SUV_COUNT,COLLISION_TYPE,CRASH_MONTH,CRASH_YEAR,DAY_OF_WEEK,HOUR_OF_DAY,ILLUMINATION,LOCATION_TYPE,ROAD_CONDITION,URBAN_RURAL,INTERSECT_TYPE,WEATHER1,WEATHER2,TCD_TYPE,TCD_FUNC_CD,AGGRESSIVE_DRIVING,ALCOHOL_RELATED,ANGLE_CRASH,CELL_PHONE,COMM_VEHICLE,DISTRACTED,DRINKING_DRIVER,DRUGGED_DRIVER,FATIGUE_ASLEEP,IMPAIRED_DRIVER,NHTSA_AGG_DRIVING,RUNNING_RED_LT,RUNNING_STOP_SIGN,SPEEDING_RELATED,TAILGATING,MATURE_DRIVER,YOUNG_DRIVER
15828,2012083480,2106.0,2046.0,11,11220,40.3687,-78.6672,0,0,0,0,0,1,4,8,2012,7,20.0,2.0,0,1.0,1,0,3,  ,0,0.0,0,0,1,0,0,0,0,0,0,0,0,0,0,0,0,1,0
15829,2012083567,1926.0,1924.0,9,9205,40.305,-75.1431,0,0,0,0,0,0,4,8,2012,3,19.0,1.0,0,1.0,3,1,3,  ,2,3.0,0,0,1,0,0,0,0,0,0,0,0,0,0,0,0,0,0
15830,2012083573,1941.0,1935.0,39,39301,40.6057,-75.4765,0,0,0,0,0,0,4,8,2012,4,19.0,1.0,0,1.0,3,1,3,  ,3,3.0,0,0,1,0,0,0,0,0,0,0,0,0,0,0,0,0,0
15831,2012083586,1850.0,1840.0,36,36301,40.0482,-76.3144,0,0,0,0,0,0,4,8,2012,7,16.0,1.0,0,1.0,3,2,3,  ,3,3.0,0,0,1,0,0,0,0,0,0,0,0,0,0,0,0,0,0
15832,2012083591,2240.0,2220.0,25,25302,42.1222,-80.0639,0,0,0,0,0,0,4,8,2012,4,22.0,6.0,0,1.0,3,0,3,  ,0,0.0,0,1,1,0,0,0,1,0,0,1,0,0,0,0,0,0,0
15833,2012083793,100.0,100.0,67,67301,39.99,-75.1172,0,0,0,0,0,0,4,8,2012,5,18.0,3.0,0,1.0,3,1,3,  ,0,0.0,0,0,1,0,0,0,0,0,0,0,0,0,0,0,0,0,0
15834,2012083794,1200.0,1200.0,67,67301,39.9944,-75.1219,0,0,0,0,0,0,4,8,2012,6,17.0,1.0,0,1.0,3,1,3,  ,3,3.0,1,0,1,0,0,0,0,0,0,0,0,0,1,0,0,0,0
15835,2012083801,1528.0,1528.0,67,67301,39.998,-75.1212,0,0,0,0,0,0,4,8,2012,5,18.0,1.0,0,98.0,3,2,99,  ,0,0.0,0,0,1,0,0,0,0,0,0,0,0,0,0,0,0,0,0
15836,2012083808,1620.0,1609.0,67,67301,40.0298,-75.2288,0,0,0,0,0,0,1,8,2012,3,16.0,1.0,0,1.0,3,0,3,  ,0,0.0,0,0,0,0,0,0,0,0,0,0,0,0,0,0,0,0,1
15837,2012083944,1953.0,1950.0,25,25302,,,0,0,0,0,0,0,5,8,2012,5,19.0,1.0,0,1.0,3,0,3,  ,0,0.0,0,0,0,0,0,0,0,0,0,0,0,0,0,0,0,0,0
15838,2012083949,1906.0,1905.0,46,46211,40.2381,-75.2293,0,0,0,0,0,0,6,8,2012,5,19.0,1.0,0,1.0,1,1,3,  ,2,3.0,0,0,0,0,0,0,0,0,0,0,0,0,0,0,0,1,0
15839,2012084168,1916.0,1910.0,67,67301,39.9345,-75.19,0,0,0,0,0,0,4,8,2012,5,19.0,1.0,0,1.0,3,2,3,  ,0,0.0,0,0,1,0,0,0,0,0,0,0,0,0,0,0,0,0,0
15840,2012084184,1714.0,1711.0,46,46413,40.1195,-75.3394,0,0,0,0,0,0,4,8,2012,6,17.0,1.0,0,1.0,3,2,3,  ,0,0.0,0,0,1,0,0,0,0,0,0,0,0,0,0,0,0,0,0
15841,2012084266,1712.0,1710.0,40,40304,41.2418,-75.8825,0,0,0,0,1,0,4,8,2012,6,17.0,1.0,0,1.0,3,1,3,  ,2,3.0,0,0,1,0,0,0,0,0,0,0,0,0,0,0,0,0,0
15842,2012084280,2015.0,2014.0,25,25302,42.1234,-80.0648,0,0,0,0,0,1,8,8,2012,6,19.0,4.0,0,1.0,3,1,3,  ,2,3.0,1,0,0,0,0,0,0,0,0,0,0,0,0,0,0,0,0
15843,2012084290,1910.0,1902.0,38,38301,40.3442,-76.4294,0,0,0,0,0,0,4,8,2012,6,19.0,1.0,0,1.0,2,1,3,  ,0,0.0,0,0,1,0,0,0,0,0,0,0,0,0,0,0,0,0,0
15844,2012084353,1215.0,1147.0,14,14405,40.8942,-77.477,0,0,0,0,0,0,7,7,2012,7,11.0,1.0,0,1.0,1,0,3,  ,0,0.0,1,0,0,0,0,0,0,0,0,0,0,0,0,1,0,0,1
15845,2012084404,1428.0,1426.0,39,39301,40.6151,-75.4408,0,0,0,0,0,0,4,8,2012,6,14.0,1.0,0,1.0,3,1,3,  ,3,3.0,0,0,1,0,0,0,0,0,0,0,0,0,0,0,0,1,0
15846,2012084536,1823.0,1819.0,9,9202,40.1261,-74.9252,0,0,0,0,0,0,4,8,2012,7,18.0,1.0,0,1.0,3,0,3,  ,0,0.0,0,0,1,0,0,0,0,0,0,0,0,0,0,0,0,0,0
15847,2012084608,826.0,824.0,2,2301,40.4465,-79.9912,0,0,0,0,0,0,4,8,2012,6,8.0,1.0,0,1.0,3,2,3,  ,0,0.0,1,0,1,0,0,0,0,0,0,0,0,0,0,0,0,0,0
15848,2012084612,1450.0,1440.0,2,2301,40.4566,-80.0133,0,0,0,0,0,0,4,8,2012,1,14.0,1.0,0,1.0,3,1,3,  ,9,9.0,0,0,1,0,0,0,0,0,0,0,0,0,0,0,0,0,0
15849,2012084677,840.0,824.0,40,40419,41.0546,-76.2028,0,0,0,0,0,0,4,8,2012,7,8.0,1.0,0,1.0,1,2,3,  ,0,0.0,0,0,1,0,0,0,0,0,0,0,0,0,0,0,0,1,0
15850,2012084698,1926.0,1926.0,39,39301,40.6118,-75.4762,0,0,0,0,0,0,4,8,2012,1,19.0,1.0,0,1.0,3,1,3,  ,2,3.0,0,0,1,0,0,0,0,0,0,0,0,0,0,0,0,0,0
15851,2012084809,917.0,914.0,22,22301,40.2702,-76.8893,0,0,0,0,0,0,4,8,2012,5,9.0,1.0,0,1.0,3,0,3,  ,0,0.0,1,0,1,0,0,0,0,0,0,0,0,0,0,0,0,0,0
15852,2012084843,800.0,756.0,14,14206,40.7716,-77.873,0,0,0,0,0,0,4,8,2012,2,7.0,1.0,0,1.0,1,2,3,  ,0,0.0,1,0,1,0,0,0,0,0,0,0,0,0,0,0,0,0,0
15853,2012084890,1407.0,1402.0,46,46413,40.1157,-75.3474,0,0,0,0,0,0,4,8,2012,2,14.0,1.0,0,1.0,3,1,3,  ,2,3.0,0,0,1,0,0,0,0,0,0,0,0,0,0,0,0,0,0
15854,2012084913,1712.0,1705.0,14,14206,40.7162,-78.0024,0,0,0,0,0,0,5,8,2012,2,17.0,1.0,0,1.0,1,0,3,  ,0,0.0,1,0,0,0,0,0,0,0,0,0,0,0,0,0,0,0,0
15855,2012085037,1646.0,1642.0,41,41301,41.2415,-77.0236,0,0,0,0,0,0,4,8,2012,2,16.0,1.0,0,1.0,3,1,3,  ,3,3.0,0,0,1,0,0,0,0,0,0,0,0,0,0,0,0,0,0
15856,2012085155,1023.0,1005.0,21,21211,40.0651,-77.499,0,0,0,0,0,1,4,8,2012,7,10.0,1.0,0,1.0,1,1,3,  ,2,3.0,0,0,1,0,0,0,0,0,0,0,0,0,0,0,0,0,0
15857,2012085241,815.0,811.0,25,25302,42.1058,-80.0821,0,0,0,0,0,1,4,8,2012,3,8.0,1.0,0,9.0,3,0,3,  ,0,0.0,0,0,1,0,0,0,0,0,0,0,0,0,0,0,0,0,0
15858,2012085321,1750.0,1747.0,67,67301,40.0176,-75.0593,0,0,0,0,0,0,4,7,2012,2,99.0,1.0,0,1.0,3,1,3,  ,2,3.0,0,0,1,0,0,0,0,0,0,0,0,0,0,0,0,0,0
15859,2012085353,1744.0,1742.0,46,46204,40.1896,-75.1356,0,0,0,0,0,0,4,8,2012,3,17.0,1.0,7,1.0,3,2,3,  ,2,3.0,0,0,1,0,0,0,0,0,0,0,0,0,0,0,0,0,0
15860,2012085400,2028.0,2020.0,26,26202,40.0897,-79.5591,0,0,0,0,0,0,4,8,2012,1,20.0,2.0,0,1.0,1,1,3,  ,2,3.0,0,0,1,0,0,0,0,0,0,0,0,0,0,0,0,0,0
15861,2012085650,706.0,704.0,23,23107,39.889,-75.3268,0,0,0,0,0,0,4,8,2012,4,7.0,1.0,7,1.0,3,0,3,  ,0,0.0,0,0,1,0,0,0,0,0,0,0,0,0,0,0,0,1,0
15862,2012085722,1528.0,1520.0,36,36227,40.1582,-76.3866,0,1,0,1,0,0,4,8,2012,4,15.0,1.0,0,1.0,1,0,3,  ,0,0.0,0,0,1,0,1,0,0,0,0,0,0,0,0,0,0,0,0
15863,2012085738,1005.0,958.0,67,67301,39.9579,-75.1623,0,0,0,1,0,0,4,8,2012,4,9.0,1.0,0,1.0,3,1,3,  ,2,3.0,1,0,1,0,1,0,0,0,0,0,0,0,0,0,0,0,0
15864,2012085750,2044.0,2039.0,25,25302,42.1262,-80.0435,0,0,0,0,0,0,4,7,2012,4,20.0,4.0,0,1.0,3,1,3,  ,2,3.0,0,0,1,0,0,0,0,0,0,0,0,0,0,0,0,0,0
15865,2012085792,2120.0,2114.0,67,67301,40.0338,-75.1281,0,0,0,0,0,0,4,7,2012,6,19.0,1.0,0,9.0,3,1,7,  ,2,3.0,0,0,1,0,0,0,0,0,0,0,0,0,0,0,0,0,0
15866,2012085865,1237.0,1222.0,67,67301,39.9801,-75.1447,0,0,0,0,1,0,8,6,2012,3,21.0,3.0,0,1.0,3,1,3,  ,2,3.0,1,0,0,0,0,0,0,0,0,0,0,0,0,0,0,0,0
15867,2012085908,1820.0,1820.0,67,67301,39.9327,-75.1761,0,1,0,0,0,0,4,7,2012,2,18.0,1.0,0,1.0,3,1,3,  ,3,3.0,0,0,1,0,0,0,0,0,0,0,0,0,0,0,0,0,0
15868,2012085915,144.0,144.0,67,67301,39.9342,-75.1774,0,0,0,0,0,0,4,7,2012,3,1.0,3.0,8,1.0,3,1,3,  ,3,3.0,0,0,1,0,0,0,0,0,0,0,0,0,0,0,0,0,0
15869,2012085956,736.0,733.0,47,47206,40.9651,-76.6035,0,0,0,0,0,1,4,8,2012,3,7.0,1.0,0,1.0,1,1,3,  ,2,3.0,1,0,1,0,0,0,0,0,0,0,0,0,0,0,0,0,0
15870,2012086072,1850.0,1848.0,6,6429,40.3351,-75.9596,0,0,0,0,0,0,4,8,2012,4,18.0,1.0,0,1.0,3,3,3,  ,0,0.0,0,0,1,0,0,0,0,0,0,0,0,0,0,0,0,0,0
15871,2012086189,1022.0,1012.0,39,39213,40.5993,-75.697,1,0,0,0,1,0,4,7,2012,3,10.0,1.0,0,1.0,1,1,3,  ,3,3.0,0,0,1,0,0,0,0,0,0,0,0,0,0,0,0,0,1
15872,2012086258,1110.0,1107.0,2,2301,40.4562,-80.0026,0,0,0,0,0,0,4,8,2012,5,11.0,1.0,0,1.0,3,2,3,  ,2,3.0,0,0,1,0,0,0,0,0,0,0,0,0,0,0,0,0,0
15873,2012086408,2030.0,2017.0,2,2301,40.438,-79.9131,0,0,0,0,0,0,4,8,2012,5,20.0,3.0,0,1.0,3,1,3,  ,2,3.0,0,0,1,0,0,0,0,0,0,0,0,0,0,0,0,0,0
15874,2012086445,1556.0,1555.0,23,23111,39.9521,-75.2565,0,0,0,0,0,0,4,8,2012,1,15.0,1.0,7,1.0,3,2,3,  ,2,3.0,0,0,1,0,0,0,0,0,0,0,0,0,0,0,0,0,0
15875,2012086448,2001.0,1958.0,36,36410,40.1586,-76.3896,0,0,0,0,0,0,4,8,2012,4,19.0,4.0,0,1.0,2,1,3,  ,2,3.0,1,0,1,0,0,0,0,0,0,0,0,0,0,0,0,0,0
15876,2012086518,1713.0,1711.0,23,23111,39.9521,-75.2606,0,0,0,0,0,1,4,8,2012,3,17.0,1.0,7,1.0,3,0,3,  ,0,0.0,0,0,1,0,0,0,0,0,0,0,0,0,0,0,0,0,0
15877,2012086583,1225.0,1215.0,2,2301,40.4499,-79.9858,0,0,0,0,0,1,5,8,2012,6,10.0,1.0,0,1.0,3,0,3,  ,0,0.0,0,0,0,0,0,0,0,0,0,0,0,0,0,0,0,0,0
15878,2012086634,2055.0,2046.0,67,67301,39.9434,-75.2323,0,1,0,0,0,1,4,8,2012,4,22.0,6.0,0,1.0,3,1,99,  ,0,0.0,0,0,1,0,0,0,0,0,0,0,0,0,0,0,0,0,0
15879,2012086692,2014.0,2010.0,48,48210,40.6185,-75.3168,0,0,0,0,1,0,4,8,2012,3,20.0,4.0,0,1.0,1,0,3,  ,0,0.0,0,0,1,0,0,0,0,0,0,0,0,0,0,0,0,0,0
15880,2012086744,2005.0,2000.0,2,2301,40.4288,-79.9834,0,0,0,0,0,0,5,8,2012,6,20.0,4.0,0,1.0,3,1,3,  ,0,0.0,0,0,0,0,0,0,0,0,0,0,0,0,0,0,0,0,0
15881,2012086889,1456.0,1454.0,41,41227,41.2336,-76.8165,0,0,0,0,0,1,5,9,2012,7,14.0,1.0,0,1.0,1,0,3,  ,0,0.0,0,0,0,0,0,0,0,0,0,0,0,0,0,0,0,0,0
15882,2012086977,1313.0,1309.0,36,36218,40.2012,-76.162,0,0,0,0,0,0,1,9,2012,7,13.0,1.0,3,1.0,1,0,3,  ,2,3.0,1,0,0,0,0,0,0,0,0,0,0,0,0,0,0,1,0
15883,2012087014,1327.0,1323.0,35,35410,41.3733,-75.6844,0,0,0,0,0,1,5,8,2012,3,13.0,1.0,0,1.0,3,0,3,  ,0,0.0,0,0,0,0,0,0,0,0,0,0,0,0,0,0,0,0,0
15884,2012087116,1907.0,1905.0,62,62302,40.1786,-80.2476,0,0,0,0,0,0,4,9,2012,1,19.0,1.0,0,1.0,3,1,3,  ,3,3.0,0,0,1,0,0,0,0,0,0,0,0,0,0,0,0,0,1
15885,2012087119,1558.0,1558.0,42,42402,41.6608,-78.8097,0,0,0,0,0,0,4,8,2012,6,15.0,1.0,0,1.0,1,2,3,  ,3,3.0,0,0,1,0,0,0,0,0,0,0,0,0,0,0,0,0,0
15886,2012087275,928.0,927.0,15,15215,40.0469,-75.4348,0,0,0,0,0,1,4,8,2012,6,9.0,1.0,7,1.0,3,0,3,  ,0,0.0,1,0,1,0,0,0,0,0,0,0,1,0,0,0,0,0,0
15887,2012087337,1405.0,1405.0,6,6428,40.362,-76.1797,0,0,0,0,0,0,2,8,2012,1,14.0,1.0,0,1.0,1,0,3,  ,0,0.0,0,0,0,0,0,1,0,0,0,0,0,0,0,0,0,0,0
15888,2012087444,2208.0,2208.0,38,38301,40.3454,-76.4287,0,0,0,0,0,0,4,8,2012,6,22.0,3.0,0,1.0,2,1,3,  ,2,3.0,0,1,1,0,0,0,0,0,0,0,0,0,0,0,0,0,0
15889,2012087450,2350.0,2345.0,2,2301,,,0,0,0,0,0,0,0,9,2012,2,23.0,3.0,0,1.0,3,0,3,  ,0,0.0,0,0,0,0,0,0,0,0,0,0,0,0,0,0,0,0,1
15890,2012087478,1907.0,1854.0,64,64209,40.3228,-79.4886,0,0,0,0,0,1,1,8,2012,2,18.0,1.0,0,1.0,3,0,3,  ,0,0.0,1,0,0,0,0,0,0,0,0,0,0,0,0,1,0,0,0
15891,2012087685,921.0,919.0,39,39103,40.5769,-75.5286,0,0,0,0,0,1,1,9,2012,7,9.0,1.0,0,1.0,1,0,3,  ,0,0.0,0,0,0,0,0,1,0,0,0,0,0,0,0,0,0,0,0
15892,2012087706,957.0,953.0,66,66413,39.7982,-76.9868,0,0,0,0,0,0,4,7,2012,4,9.0,1.0,0,1.0,2,2,3,  ,3,3.0,0,0,1,0,0,0,0,0,0,0,0,0,0,0,0,0,0
15893,2012087707,2324.0,2320.0,39,39209,40.5996,-75.6413,0,0,0,0,0,0,1,8,2012,5,23.0,2.0,0,1.0,1,0,3,  ,0,0.0,0,0,0,0,0,0,0,0,0,0,0,0,0,0,0,0,0
15894,2012087758,1932.0,1923.0,36,36221,40.0395,-76.1173,0,1,0,0,0,0,8,8,2012,6,19.0,1.0,0,1.0,1,0,3,  ,0,0.0,1,0,0,0,0,1,0,0,1,0,0,0,0,0,0,0,1
15895,2012087999,1035.0,1031.0,28,28406,39.7595,-77.5807,0,0,0,0,0,0,4,9,2012,1,10.0,1.0,0,1.0,2,1,3,  ,0,0.0,0,0,1,0,0,0,0,0,0,0,0,0,0,0,0,1,0
15896,2012088006,1803.0,1603.0,39,39301,40.6099,-75.4669,0,0,0,0,0,0,4,9,2012,3,16.0,1.0,0,9.0,3,1,99,  ,0,0.0,0,0,1,0,0,0,0,0,0,0,0,0,0,0,0,0,0
15897,2012088046,1430.0,1415.0,35,35302,41.4054,-75.6501,0,0,0,0,0,0,4,9,2012,4,14.0,1.0,0,1.0,3,1,3,  ,0,0.0,0,0,1,0,0,0,0,0,0,0,0,0,0,0,0,0,0
15898,2012088073,1615.0,1613.0,67,67301,39.9541,-75.2028,0,0,0,0,0,0,9,8,2012,6,16.0,1.0,0,1.0,3,0,3,  ,0,0.0,0,0,0,0,0,0,0,0,0,0,0,0,0,0,0,0,0
15899,2012088080,1025.0,1020.0,67,67301,39.9298,-75.1534,0,0,0,0,0,0,4,8,2012,7,99.0,1.0,0,98.0,3,1,99,  ,0,0.0,0,0,1,0,0,0,0,0,0,0,0,0,0,0,0,0,0
15900,2012088086,9999.0,1822.0,67,67301,40.0293,-75.1365,0,0,0,0,0,0,9,8,2012,7,99.0,1.0,0,1.0,3,2,3,  ,0,0.0,0,0,0,0,0,0,0,0,0,0,0,0,0,0,0,0,0
15901,2012088312,1829.0,1821.0,6,6301,40.3307,-75.9271,0,0,0,0,0,0,6,9,2012,4,18.0,1.0,0,1.0,3,0,3,  ,0,0.0,0,0,0,0,0,0,0,0,0,0,0,0,0,0,0,0,0
15902,2012088341,1800.0,1800.0,8,8409,41.9776,-76.5194,0,0,0,0,0,1,5,8,2012,3,17.0,1.0,0,1.0,2,0,3,  ,0,0.0,0,0,0,0,0,0,0,0,0,0,0,0,0,0,0,0,0
15903,2012088351,1717.0,1709.0,25,25404,41.8759,-80.1327,0,0,0,0,0,0,4,8,2012,5,17.0,1.0,0,9.0,2,1,3,  ,3,3.0,0,0,1,0,0,0,0,0,0,0,0,0,0,0,0,0,0
15904,2012088431,932.0,928.0,20,20402,41.8037,-80.0571,0,0,0,0,1,0,4,9,2012,3,9.0,1.0,0,1.0,1,1,3,  ,2,3.0,0,0,1,0,0,0,0,0,0,0,0,0,0,0,0,0,0
15905,2012088497,1240.0,1234.0,6,6232,40.4967,-75.8055,0,0,0,0,0,0,1,9,2012,4,11.0,1.0,0,1.0,1,0,3,  ,0,0.0,0,0,0,0,0,0,0,0,0,0,0,0,0,0,0,0,0
15906,2012088540,2200.0,2157.0,67,67301,39.9725,-75.1435,0,0,0,0,0,0,4,8,2012,4,21.0,3.0,0,1.0,3,1,3,  ,3,3.0,0,0,1,0,0,0,0,0,0,0,0,0,0,0,0,0,0
15907,2012088541,1140.0,1130.0,67,67301,40.0088,-75.1476,0,0,0,0,0,0,4,8,2012,6,11.0,1.0,0,1.0,3,1,3,  ,2,3.0,0,0,1,0,0,0,0,0,0,0,0,0,0,0,0,1,0
15908,2012088628,1435.0,1432.0,67,67301,39.9291,-75.1769,0,0,0,0,0,0,9,8,2012,2,14.0,1.0,0,1.0,3,1,3,  ,3,3.0,0,0,0,0,0,0,0,0,0,0,0,0,0,0,0,0,0
15909,2012088902,737.0,735.0,46,46413,40.1267,-75.3488,0,0,0,0,0,0,4,9,2012,6,7.0,1.0,0,1.0,3,0,3,  ,0,0.0,0,0,1,0,0,0,0,0,0,0,0,0,0,0,0,0,0
15910,2012088983,1445.0,1448.0,23,23412,39.9392,-75.274,0,0,0,0,0,0,4,9,2012,6,14.0,1.0,0,1.0,3,0,3,  ,0,0.0,1,0,1,0,0,1,0,0,0,0,0,0,0,0,0,0,0
15911,2012089077,551.0,548.0,66,66101,39.9594,-76.7011,0,0,0,0,0,0,4,9,2012,5,5.0,3.0,0,1.0,1,1,3,  ,3,3.0,0,0,1,0,0,0,0,0,0,0,0,0,0,0,0,0,0
15912,2012089103,1133.0,1116.0,15,15219,40.1019,-75.9127,0,0,0,0,1,0,4,8,2012,6,11.0,1.0,0,1.0,1,0,3,  ,0,0.0,1,0,1,0,0,0,0,0,0,0,0,0,0,0,0,1,0
15913,2012089244,1814.0,1808.0,22,22102,40.2559,-76.8386,0,1,0,0,0,0,4,8,2012,5,18.0,1.0,0,1.0,3,0,3,  ,0,0.0,0,0,1,0,0,0,0,0,0,0,0,0,0,0,0,0,1
15914,2012089296,1353.0,1350.0,46,46413,40.1211,-75.3367,0,0,0,0,0,0,4,9,2012,7,13.0,1.0,0,1.0,3,1,3,  ,3,3.0,1,0,1,0,0,0,0,0,0,0,0,0,0,0,0,0,0
15915,2012089340,1017.0,1015.0,64,64209,40.2989,-79.5785,0,0,0,0,0,0,4,9,2012,2,10.0,1.0,7,1.0,3,0,3,  ,0,0.0,0,0,1,0,0,0,0,0,0,0,0,0,0,0,0,0,0
15916,2012089498,1339.0,1337.0,9,9101,40.118,-74.9024,1,0,0,0,0,0,4,9,2012,1,13.0,1.0,0,1.0,3,0,3,  ,0,0.0,0,0,1,0,0,0,0,0,0,0,0,0,0,0,0,0,0
15917,2012089522,1024.0,1019.0,43,43209,41.3695,-80.3949,0,0,0,0,0,0,4,9,2012,6,10.0,1.0,0,1.0,1,1,3,  ,3,3.0,1,0,1,0,0,0,0,0,0,0,0,0,0,0,0,1,0
15918,2012089601,827.0,826.0,10,10212,40.6761,-80.0992,0,0,0,1,0,0,4,8,2012,5,8.0,1.0,7,1.0,3,0,3,  ,0,0.0,0,0,1,0,1,0,0,0,0,0,0,0,0,0,0,0,0
15919,2012089702,725.0,722.0,22,22301,40.272,-76.8915,0,0,0,0,0,0,4,9,2012,4,7.0,1.0,0,1.0,3,0,3,  ,0,0.0,0,0,1,0,0,0,0,0,0,0,0,0,0,0,0,0,1
15920,2012089714,1831.0,1830.0,42,42301,41.956,-78.6451,0,0,0,0,1,0,4,9,2012,4,18.0,1.0,0,1.0,2,1,3,  ,2,3.0,0,0,1,0,0,0,0,0,0,0,0,0,0,0,0,0,0
15921,2012089782,846.0,845.0,49,49407,40.8909,-76.7931,0,0,0,0,0,0,4,9,2012,2,8.0,1.0,0,1.0,1,1,3,  ,3,3.0,1,0,1,0,0,0,0,0,0,0,0,0,0,0,0,0,0
15922,2012089812,1612.0,1611.0,14,14410,40.7943,-77.8591,0,0,0,0,0,0,4,9,2012,2,16.0,1.0,0,1.0,3,1,3,  ,2,3.0,0,0,1,0,0,0,0,0,0,0,0,0,0,0,0,0,0
15923,2012089907,1924.0,1830.0,19,19207,41.1559,-76.3194,0,0,0,0,0,1,1,6,2012,4,18.0,1.0,0,1.0,1,0,3,  ,0,0.0,1,0,0,0,0,0,0,0,0,0,1,0,0,1,0,0,0
15924,2012089970,1621.0,1612.0,10,10212,40.6756,-80.0991,0,0,0,0,0,1,4,9,2012,4,16.0,1.0,0,1.0,3,0,3,  ,0,0.0,0,0,1,0,0,0,0,0,0,0,0,0,0,0,0,1,0
15925,2012090049,1627.0,1625.0,28,28401,,,0,0,0,0,0,1,4,9,2012,2,16.0,1.0,0,1.0,1,2,3,  ,0,0.0,0,1,1,0,0,1,1,0,0,1,0,0,0,0,0,0,0
15926,2012090060,1618.0,1613.0,40,40301,40.9625,-75.9802,0,0,0,0,0,0,4,9,2012,3,16.0,1.0,0,1.0,2,1,3,  ,3,3.0,0,0,1,0,0,0,0,0,0,0,0,0,0,0,0,0,0
15927,2012090133,1504.0,1500.0,36,36301,40.034,-76.3038,0,0,0,0,0,0,9,8,2012,3,14.0,1.0,0,1.0,3,0,3,  ,0,0.0,0,0,0,0,0,0,0,0,0,0,0,0,0,0,0,0,1
15928,2012090147,1614.0,1613.0,25,25302,42.1147,-80.1253,0,0,0,0,0,1,4,9,2012,3,16.0,1.0,0,1.0,3,1,3,  ,3,3.0,0,0,1,0,0,0,0,0,0,0,0,0,0,0,0,0,0
15929,2012090163,1745.0,1741.0,25,25302,42.1137,-80.0965,0,0,0,0,0,0,4,9,2012,3,17.0,1.0,7,1.0,3,0,3,  ,0,0.0,0,0,1,0,0,0,0,0,0,0,0,0,0,0,0,0,0
15930,2012090182,601.0,600.0,39,39103,40.6171,-75.5155,0,0,0,0,0,0,4,9,2012,7,6.0,5.0,0,1.0,1,1,3,  ,2,3.0,0,0,1,0,0,0,0,0,0,0,0,0,0,0,0,0,0
15931,2012090357,1910.0,1908.0,38,38301,40.3442,-76.4294,0,0,0,0,0,0,4,9,2012,3,19.0,1.0,0,1.0,2,1,3,  ,0,0.0,0,0,1,0,0,0,0,0,0,0,0,0,0,0,0,0,0
15932,2012090462,1836.0,1824.0,10,10301,40.8585,-79.8984,0,0,0,0,1,0,4,9,2012,1,11.0,1.0,0,1.0,2,1,3,  ,0,0.0,0,0,1,0,0,0,0,0,0,0,0,0,0,0,0,1,0
15933,2012090473,1000.0,959.0,14,14410,40.8078,-77.8581,0,0,0,0,0,0,4,9,2012,6,9.0,1.0,0,1.0,3,0,3,  ,0,0.0,1,0,1,0,0,0,0,0,0,0,0,0,0,0,0,0,0
15934,2012090490,1122.0,1120.0,6,6207,40.1452,-75.8616,0,1,0,0,0,1,4,9,2012,7,11.0,1.0,7,1.0,1,0,3,  ,3,3.0,1,0,1,0,0,0,0,0,0,0,0,0,0,0,0,0,0
15935,2012090505,928.0,916.0,2,2301,40.4691,-79.9566,0,0,0,0,0,0,5,9,2012,4,8.0,1.0,0,1.0,3,2,3,  ,0,0.0,0,0,0,0,0,1,0,0,0,0,0,0,0,0,0,0,0
15936,2012090548,1656.0,1647.0,2,2301,40.4418,-79.9527,0,0,0,0,0,0,1,9,2012,4,16.0,1.0,0,1.0,3,2,3,  ,2,3.0,0,0,0,0,0,0,0,0,0,0,0,0,0,0,0,0,0
15937,2012090753,1640.0,1634.0,36,36220,40.0421,-76.2814,0,0,0,0,0,0,2,8,2012,5,16.0,1.0,0,1.0,3,0,3,  ,0,0.0,0,0,0,0,0,0,0,0,0,0,0,0,0,0,0,0,1
15938,2012090889,1520.0,1515.0,2,2301,40.4301,-79.9976,0,0,0,1,0,0,4,9,2012,5,15.0,1.0,0,1.0,3,2,3,  ,0,0.0,0,0,1,0,1,0,0,0,0,0,0,0,0,0,0,0,0
15939,2012090909,1756.0,1752.0,2,2301,40.4576,-79.9414,0,0,0,0,0,0,4,9,2012,5,17.0,1.0,0,1.0,3,0,3,  ,0,0.0,1,0,1,0,0,0,0,0,0,0,0,0,0,0,0,0,0
15940,2012090978,1430.0,1420.0,66,66101,39.9551,-76.6996,0,0,0,0,1,0,4,9,2012,2,14.0,1.0,0,1.0,1,1,3,  ,3,3.0,1,0,1,0,0,0,0,0,0,0,0,0,0,0,0,0,0
15941,2012091023,830.0,810.0,38,38203,40.4023,-76.5428,0,0,0,0,0,0,5,9,2012,2,7.0,1.0,0,1.0,1,0,3,  ,0,0.0,0,0,0,0,0,0,0,0,0,0,0,0,0,0,0,0,0