,CRN,ARRIVAL_TM,DISPATCH_TM,COUNTY,MUNICIPALITY,DEC_LAT,DEC_LONG,BICYCLE_DEATH_COUNT,BICYCLE_SUSP_SERIOUS_INJ_COUNT,BUS_COUNT,HEAVY_TRUCK_COUNT,SMALL_TRUCK_COUNT,SUV_COUNT,COLLISION_TYPE,CRASH_MONTH,CRASH_YEAR,DAY_OF_WEEK,HOUR_OF_DAY,ILLUMINATION,LOCATION_TYPE,ROAD_CONDITION,URBAN_RURAL,INTERSECT_TYPE,WEATHER1,WEATHER2,TCD_TYPE,TCD_FUNC_CD,AGGRESSIVE_DRIVING,ALCOHOL_RELATED,ANGLE_CRASH,CELL_PHONE,COMM_VEHICLE,DISTRACTED,DRINKING_DRIVER,DRUGGED_DRIVER,FATIGUE_ASLEEP,IMPAIRED_DRIVER,NHTSA_AGG_DRIVING,RUNNING_RED_LT,RUNNING_STOP_SIGN,SPEEDING_RELATED,TAILGATING,MATURE_DRIVER,YOUNG_DRIVER
15942,2012091072,1945.0,1944.0,9,9415,40.444,-75.3515,0,0,0,0,0,1,4,9,2012,5,19.0,3.0,0,1.0,2,2,3,  ,0,0.0,0,0,1,0,0,0,0,0,0,0,0,0,0,0,0,0,0
15943,2012091263,1555.0,1548.0,44,44205,40.6152,-77.5687,0,0,0,0,0,0,4,9,2012,6,15.0,1.0,7,1.0,1,0,3,  ,3,3.0,0,0,1,0,0,0,0,0,0,0,0,0,0,0,0,0,0
15944,2012091271,1615.0,1613.0,2,2122,40.4745,-80.0737,0,0,0,0,0,0,4,9,2012,6,16.0,1.0,0,1.0,3,2,3,  ,0,0.0,0,0,1,0,0,0,0,0,0,0,0,0,0,0,0,0,0
15945,2012091281,1847.0,1847.0,23,23103,39.9673,-75.3049,0,0,0,0,0,0,8,8,2012,3,18.0,1.0,0,1.0,3,1,3,  ,3,3.0,0,0,0,0,0,0,0,0,0,0,0,0,0,0,0,0,0
15946,2012091575,1555.0,1551.0,66,66217,39.9843,-76.7377,0,0,0,0,0,1,4,9,2012,5,15.0,1.0,0,1.0,3,0,3,  ,2,3.0,0,0,1,0,0,0,0,0,0,0,0,0,0,0,0,0,0
15947,2012091599,1046.0,1042.0,23,23108,39.9215,-75.3211,0,0,0,0,0,0,4,9,2012,7,10.0,1.0,0,1.0,3,1,3,  ,2,3.0,1,0,1,0,0,0,0,0,0,0,0,0,0,0,0,0,1
15948,2012091766,1740.0,1739.0,40,40414,41.2593,-75.8852,0,0,0,0,1,0,4,9,2012,6,17.0,1.0,0,1.0,3,1,3,  ,2,3.0,1,0,1,0,0,0,0,0,0,0,0,0,0,0,0,0,0
15949,2012091833,1939.0,1934.0,46,46413,40.1218,-75.3593,0,0,0,0,0,0,6,9,2012,1,19.0,3.0,0,1.0,3,1,3,  ,2,3.0,0,0,0,0,0,0,0,0,0,0,0,0,0,0,0,0,0
15950,2012091913,1228.0,1228.0,61,61301,41.8541,-79.1423,0,0,0,0,0,0,5,9,2012,6,12.0,1.0,0,1.0,2,0,3,  ,0,0.0,0,0,0,0,0,0,0,0,0,0,0,0,0,0,0,1,0
15951,2012091976,545.0,540.0,22,22301,40.2576,-76.8561,0,0,0,0,0,0,4,9,2012,2,5.0,5.0,0,1.0,3,0,3,  ,0,0.0,0,0,1,0,0,0,0,0,0,0,0,0,0,0,0,0,0
15952,2012092010,757.0,755.0,23,23107,39.8765,-75.3211,0,0,0,0,0,0,4,9,2012,2,7.0,1.0,0,1.0,3,1,3,  ,2,3.0,1,0,1,0,0,0,0,0,0,0,0,0,0,0,0,0,0
15953,2012092266,1119.0,1119.0,39,39102,40.6508,-75.4801,0,0,0,0,0,0,4,9,2012,2,11.0,1.0,0,1.0,3,1,3,  ,3,3.0,0,0,1,0,0,0,0,0,0,0,0,0,0,0,0,0,1
15954,2012092492,1424.0,1420.0,7,7301,40.5367,-78.384,0,0,0,0,1,0,4,9,2012,2,14.0,1.0,0,1.0,3,1,3,  ,3,3.0,0,0,1,0,0,0,0,0,0,0,0,0,0,0,0,1,0
15955,2012092537,1727.0,1725.0,23,23407,39.9202,-75.2629,0,0,0,0,0,0,4,9,2012,2,17.0,1.0,0,1.0,3,0,3,  ,0,0.0,0,0,1,0,0,0,0,0,0,0,0,0,0,0,0,0,0
15956,2012092874,1620.0,1550.0,28,28213,40.0561,-77.6145,0,0,0,0,0,0,4,9,2012,5,15.0,1.0,0,1.0,1,0,3,  ,0,0.0,1,0,1,0,0,0,0,0,0,0,0,0,0,0,0,1,0
15957,2012092895,615.0,612.0,23,23301,39.8479,-75.3726,0,0,0,0,0,0,4,9,2012,3,6.0,3.0,0,1.0,3,1,3,  ,3,9.0,1,0,1,0,0,0,0,0,0,0,0,0,0,0,0,0,0
15958,2012092916,748.0,745.0,9,9415,40.4403,-75.3307,0,0,0,0,0,0,4,9,2012,4,7.0,1.0,0,1.0,2,1,3,  ,3,3.0,1,0,1,0,0,0,0,0,0,0,0,0,0,0,0,0,0
15959,2012092991,1536.0,1532.0,39,39301,40.601,-75.486,0,0,0,0,0,0,4,9,2012,4,15.0,1.0,0,1.0,3,1,3,  ,0,0.0,0,0,1,0,0,0,0,0,0,0,0,0,0,0,0,0,0
15960,2012093061,1759.0,1757.0,48,48301,40.6311,-75.3694,0,0,0,0,0,1,4,9,2012,4,17.0,1.0,0,1.0,3,2,3,  ,0,0.0,1,0,1,0,0,0,0,0,0,0,0,0,0,0,0,0,0
15961,2012093343,945.0,939.0,66,66102,39.9325,-76.7098,0,0,0,0,0,1,4,9,2012,5,9.0,1.0,0,1.0,1,2,3,  ,0,0.0,1,0,1,0,0,0,0,0,0,0,0,0,0,0,0,0,0
15962,2012093410,1705.0,1702.0,64,64305,40.2364,-79.7974,0,0,0,0,0,0,1,9,2012,5,16.0,1.0,0,1.0,3,0,3,  ,0,0.0,0,0,0,0,0,1,0,0,0,0,0,0,0,0,0,0,0
15963,2012093411,2205.0,2202.0,2,2413,40.3638,-79.9841,0,0,0,0,0,0,4,9,2012,4,22.0,3.0,0,1.0,3,1,3,  ,2,3.0,0,0,1,0,0,0,0,0,0,0,0,0,0,0,0,0,0
15964,2012093486,822.0,812.0,15,15237,39.8171,-75.911,0,0,0,0,0,0,2,9,2012,4,8.0,1.0,0,1.0,1,0,3,  ,0,0.0,0,0,0,0,0,0,0,0,0,0,0,0,0,0,0,0,0
15965,2012093503,1851.0,1843.0,39,39202,40.6798,-75.722,0,0,0,0,0,1,4,9,2012,4,18.0,4.0,0,1.0,1,1,3,  ,2,3.0,1,0,1,0,0,0,0,0,0,0,0,1,0,0,0,0,0
15966,2012093563,1706.0,1705.0,47,47401,40.9566,-76.6108,0,0,0,0,0,0,4,9,2012,4,17.0,1.0,0,1.0,2,1,3,  ,3,3.0,0,0,1,0,0,0,0,0,0,0,0,0,0,0,0,0,0
15967,2012093586,1841.0,1839.0,46,46204,40.1914,-75.1512,0,0,0,0,0,0,5,9,2012,4,18.0,1.0,0,1.0,3,0,3,  ,0,0.0,0,0,0,0,0,0,0,0,0,0,0,0,0,0,0,1,0
15968,2012093669,754.0,750.0,46,46108,40.0929,-75.2236,0,0,0,0,0,0,4,9,2012,5,7.0,1.0,0,1.0,3,1,3,  ,2,3.0,0,0,1,0,0,0,0,0,0,0,0,0,0,0,0,0,1
15969,2012093674,727.0,724.0,25,25213,42.0716,-80.1449,0,1,0,0,0,1,4,9,2012,6,7.0,1.0,0,1.0,3,1,3,  ,2,3.0,1,0,1,0,0,0,0,0,0,0,0,0,0,0,0,0,0
15970,2012093676,723.0,720.0,25,25302,42.1216,-80.0817,0,0,0,0,1,0,4,9,2012,6,7.0,1.0,0,1.0,3,0,3,  ,0,0.0,0,0,1,0,0,0,0,0,0,0,0,0,0,0,0,0,0
15971,2012093741,1511.0,1510.0,66,66301,39.9541,-76.739,0,0,0,0,0,0,4,9,2012,6,14.0,1.0,0,1.0,3,1,3,  ,1,3.0,0,0,1,0,0,0,0,0,0,0,0,0,0,0,0,0,0
15972,2012093755,1542.0,1537.0,9,9228,40.2729,-75.0824,0,0,0,0,0,1,4,9,2012,5,15.0,1.0,0,1.0,1,0,3,  ,0,0.0,0,0,1,0,0,0,0,0,0,0,0,0,0,0,0,0,0
15973,2012093839,2150.0,2145.0,39,39104,40.5169,-75.6074,0,0,0,0,0,1,5,9,2012,4,21.0,2.0,0,1.0,3,0,3,  ,0,0.0,0,0,0,0,0,0,0,0,0,0,0,0,0,0,0,1,0
15974,2012093847,2220.0,2200.0,40,40225,41.2185,-76.0106,1,0,0,0,0,1,5,8,2012,3,22.0,3.0,0,1.0,1,0,3,  ,0,0.0,1,1,0,0,0,0,1,1,0,1,1,0,0,1,0,0,1
15975,2012093862,1809.0,1807.0,2,2304,40.3314,-79.842,0,0,0,0,0,0,8,9,2012,6,18.0,1.0,0,1.0,3,1,3,  ,0,0.0,0,0,0,0,0,0,0,0,0,0,0,0,0,0,0,0,0
15976,2012093871,1717.0,1716.0,9,9202,40.104,-74.9502,0,0,0,0,1,0,4,9,2012,6,17.0,1.0,7,1.0,3,0,3,  ,0,0.0,1,0,1,0,0,0,0,0,0,0,1,0,0,0,0,0,0
15977,2012093961,1415.0,1415.0,40,40304,41.2501,-75.8554,0,0,0,0,0,0,4,6,2012,5,14.0,1.0,0,1.0,3,0,3,  ,0,0.0,0,0,1,0,0,0,0,0,0,0,0,0,0,0,0,0,0
15978,2012093970,1211.0,1211.0,25,25302,42.1302,-80.0868,0,0,0,0,0,0,4,9,2012,6,12.0,1.0,7,1.0,3,0,3,  ,0,0.0,0,0,1,0,0,0,0,0,0,0,0,0,0,0,0,0,0
15979,2012093984,1534.0,1531.0,39,39302,40.6554,-75.416,0,0,0,0,0,0,4,9,2012,6,15.0,1.0,0,1.0,3,0,3,  ,2,3.0,0,0,1,0,0,0,0,0,0,0,0,0,0,0,0,0,0
15980,2012094029,1458.0,1455.0,46,46416,40.2485,-75.6414,0,0,0,0,0,0,4,9,2012,3,14.0,1.0,0,9.0,2,1,3,  ,3,3.0,0,0,1,0,0,0,0,0,0,0,0,0,0,0,0,0,0
15981,2012094041,2007.0,2005.0,38,38301,40.3463,-76.4216,0,0,0,0,0,0,4,9,2012,5,20.0,3.0,0,1.0,2,1,3,  ,0,0.0,0,0,1,0,0,0,0,0,0,0,0,0,0,0,0,0,0
15982,2012094058,1708.0,1707.0,2,2108,40.6052,-80.006,0,0,0,0,0,1,4,9,2012,7,17.0,1.0,7,1.0,3,2,3,  ,0,0.0,0,0,1,0,0,0,0,0,0,0,0,0,0,0,0,0,0
15983,2012094140,1744.0,1303.0,24,24402,41.4247,-78.7301,0,0,0,0,0,0,4,9,2012,1,22.0,3.0,0,1.0,2,2,99,  ,3,3.0,0,0,1,0,0,0,0,0,0,0,0,0,0,0,0,0,1
15984,2012094256,1159.0,1153.0,22,22202,40.2687,-76.6707,0,0,0,0,0,0,4,9,2012,1,11.0,1.0,0,1.0,3,1,3,  ,2,3.0,0,0,1,0,0,0,0,0,0,0,0,0,0,0,0,0,0
15985,2012094259,1324.0,1324.0,23,23301,39.8328,-75.3919,0,0,0,0,0,0,4,9,2012,1,13.0,1.0,0,1.0,3,0,3,  ,0,0.0,0,0,1,0,0,0,0,0,0,0,0,0,0,0,0,0,0
15986,2012094413,1700.0,1638.0,64,64204,40.3331,-79.3197,0,0,0,0,0,0,0,8,2012,6,16.0,1.0,0,1.0,1,0,3,  ,0,0.0,0,0,0,0,0,0,0,0,0,0,0,0,0,0,0,0,0
15987,2012094492,653.0,651.0,23,23111,39.9523,-75.2878,0,0,0,0,0,0,4,9,2012,2,6.0,1.0,0,1.0,3,1,3,  ,3,3.0,0,0,1,0,0,0,0,0,0,0,0,0,0,0,0,0,0
15988,2012094495,902.0,859.0,39,39302,40.6232,-75.4108,0,0,0,1,0,0,2,9,2012,6,8.0,1.0,0,1.0,3,2,3,  ,0,0.0,0,0,0,0,1,0,0,0,0,0,0,0,0,0,0,0,0
15989,2012094744,1152.0,1138.0,48,48217,40.6057,-75.2451,0,0,0,0,0,0,4,9,2012,1,11.0,1.0,0,1.0,1,2,3,  ,3,3.0,1,0,1,0,0,1,0,0,0,0,0,0,0,0,0,0,0
15990,2012094798,1742.0,1738.0,7,7208,40.3389,-78.3083,0,0,0,0,0,0,5,9,2012,2,17.0,1.0,0,1.0,1,0,3,  ,0,0.0,0,0,0,0,0,0,0,0,0,0,0,0,0,0,0,0,0
15991,2012094861,907.0,858.0,60,60206,41.3682,-79.7052,0,0,0,0,0,0,4,9,2012,3,8.0,1.0,7,9.0,1,0,7,  ,2,3.0,1,0,1,0,0,0,0,0,0,0,0,0,0,0,0,0,0
15992,2012094926,640.0,637.0,14,14204,40.8089,-77.8629,0,0,0,0,0,0,9,9,2012,3,6.0,3.0,0,1.0,3,0,3,  ,0,0.0,0,0,0,0,0,0,0,0,0,0,0,0,0,0,0,0,0
15993,2012094991,1540.0,1540.0,23,23418,39.8657,-75.379,0,0,0,0,0,0,4,9,2012,7,15.0,1.0,0,1.0,3,2,3,  ,3,3.0,0,0,1,0,0,0,0,0,0,0,0,0,0,0,0,0,0
15994,2012095014,2108.0,2107.0,15,15301,39.9845,-75.8108,0,0,0,0,0,0,4,8,2012,4,21.0,2.0,0,1.0,3,1,3,  ,0,0.0,0,0,1,0,0,0,0,0,0,0,0,0,0,0,0,0,0
15995,2012095138,1732.0,1730.0,46,46207,40.2101,-75.2248,0,0,0,0,0,0,1,9,2012,3,17.0,1.0,0,1.0,3,0,3,  ,3,3.0,0,0,0,0,0,0,0,0,0,0,0,0,0,0,0,0,0
15996,2012095144,2034.0,2029.0,2,2301,40.438,-79.9131,0,0,0,0,0,1,1,9,2012,3,20.0,3.0,0,1.0,3,1,3,  ,2,3.0,1,0,0,0,0,0,0,0,0,0,0,0,0,0,0,1,0
15997,2012095326,1438.0,1432.0,9,9202,40.1011,-74.9545,0,0,0,0,0,1,4,9,2012,4,14.0,1.0,0,1.0,3,1,3,  ,2,3.0,0,0,1,0,0,0,0,0,0,0,0,0,0,0,0,1,0
15998,2012095365,2311.0,2307.0,25,25302,42.1242,-80.0863,0,0,0,0,0,0,4,8,2012,7,23.0,3.0,0,1.0,3,1,3,  ,2,3.0,0,0,1,0,0,0,0,0,0,0,0,0,0,0,0,0,0
15999,2012095400,9.0,5.0,67,67301,40.0062,-75.1518,0,0,0,0,0,0,4,8,2012,5,21.0,6.0,0,98.0,3,0,99,  ,0,0.0,0,0,1,0,0,0,0,0,0,0,0,0,0,0,0,0,0
16000,2012095437,1720.0,1718.0,67,67301,39.9653,-75.1963,0,0,0,0,0,0,5,8,2012,2,17.0,1.0,0,1.0,3,1,3,  ,0,0.0,0,0,0,0,0,0,0,0,0,0,0,0,0,0,0,0,0
16001,2012095443,1132.0,1123.0,67,67301,39.9915,-75.135,0,0,0,1,0,0,4,8,2012,3,10.0,1.0,0,1.0,3,0,3,  ,0,0.0,0,0,1,0,0,0,0,0,0,0,0,0,0,0,0,0,0
16002,2012095553,1734.0,1734.0,67,67301,39.9536,-75.2182,0,0,0,0,0,0,1,8,2012,5,17.0,1.0,0,1.0,3,1,3,  ,2,3.0,0,0,0,0,0,0,0,0,0,0,0,0,0,0,0,0,0
16003,2012095578,1721.0,1710.0,67,67301,40.0824,-74.9818,0,0,0,0,0,0,4,8,2012,5,17.0,1.0,0,1.0,3,1,3,  ,3,3.0,0,0,1,0,0,0,0,0,0,0,0,0,0,0,0,0,0
16004,2012095749,1826.0,1818.0,2,2301,40.4574,-79.9174,0,0,0,0,0,0,4,9,2012,4,18.0,4.0,0,9.0,3,2,3,  ,2,3.0,1,0,1,0,0,0,0,0,0,0,0,0,0,0,0,0,0
16005,2012095777,2103.0,2102.0,46,46413,40.114,-75.3356,0,0,0,0,0,1,4,9,2012,4,21.0,3.0,0,1.0,3,1,3,  ,3,3.0,0,0,1,0,0,0,0,0,0,0,0,0,0,0,0,0,0
16006,2012095923,804.0,801.0,46,46108,40.0816,-75.1833,0,0,0,0,0,0,4,9,2012,5,8.0,1.0,7,9.0,3,0,3,  ,0,0.0,0,0,1,0,0,0,0,0,0,0,0,0,0,0,0,0,0
16007,2012096000,1544.0,1543.0,15,15411,40.1317,-75.5337,0,0,0,0,0,1,4,9,2012,5,15.0,1.0,7,1.0,3,0,3,  ,0,0.0,1,0,1,0,0,0,0,0,0,0,0,0,0,0,0,0,0
16008,2012096016,1018.0,1007.0,67,67301,39.993,-75.2176,0,0,0,0,0,0,4,8,2012,7,10.0,1.0,0,1.0,3,1,3,  ,2,3.0,0,0,1,0,0,0,0,0,0,0,0,0,0,0,0,0,0
16009,2012096019,2130.0,2128.0,67,67301,39.9926,-75.1682,0,0,0,0,0,0,4,8,2012,6,21.0,3.0,0,1.0,3,1,3,  ,2,3.0,0,0,1,0,0,0,0,0,0,0,0,0,0,0,0,0,0
16010,2012096047,1548.0,1546.0,67,67301,40.0971,-75.0182,0,0,0,0,0,0,4,8,2012,6,15.0,1.0,0,1.0,3,1,3,  ,2,3.0,1,0,1,0,0,0,0,0,0,0,0,0,0,0,0,0,0
16011,2012096410,1123.0,1119.0,67,67301,40.0828,-74.9965,0,0,0,0,0,0,4,8,2012,5,11.0,1.0,0,1.0,3,0,3,  ,0,0.0,0,0,1,0,0,0,0,0,0,0,0,0,0,0,0,0,0
16012,2012096413,1724.0,1723.0,67,67301,39.9899,-75.1596,0,0,0,0,0,0,4,8,2012,2,15.0,1.0,0,1.0,3,2,3,  ,0,0.0,0,0,1,0,0,0,0,0,0,0,0,0,0,0,0,1,0
16013,2012096415,9999.0,1748.0,67,67301,39.9453,-75.1749,0,0,0,0,0,0,4,9,2012,1,99.0,1.0,0,9.0,3,1,7,  ,3,3.0,0,0,1,0,0,0,0,0,0,0,0,0,0,0,0,0,0
16014,2012097102,1128.0,1126.0,22,22301,40.2548,-76.8548,0,0,0,0,0,0,4,9,2012,3,11.0,1.0,0,1.0,3,1,3,  ,2,3.0,0,0,1,0,0,0,0,0,0,0,0,0,0,0,0,0,0
16015,2012097117,652.0,650.0,66,66301,39.9605,-76.729,0,0,1,0,0,0,4,10,2012,2,6.0,5.0,0,1.0,3,1,3,  ,2,3.0,1,0,1,0,1,0,0,0,0,0,0,0,0,0,0,0,0
16016,2012097182,1130.0,1125.0,2,2301,40.4371,-79.9707,0,0,0,0,0,0,4,10,2012,2,11.0,1.0,0,1.0,3,0,3,  ,0,0.0,1,0,1,0,0,0,0,0,0,0,0,0,0,0,0,0,0
16017,2012097215,1515.0,1511.0,36,36240,39.9925,-76.2859,0,0,0,0,0,0,4,10,2012,2,15.0,1.0,0,1.0,1,1,3,  ,2,3.0,1,0,1,0,0,0,0,0,0,0,0,0,0,0,0,0,0
16018,2012097936,1605.0,1559.0,14,14410,40.7901,-77.8541,0,0,0,0,0,0,4,10,2012,3,15.0,1.0,0,9.0,3,1,7,  ,3,3.0,1,0,1,0,0,0,0,0,0,0,0,0,0,0,0,0,0
16019,2012098123,1125.0,1106.0,2,2301,40.4371,-80.0007,0,0,0,0,0,2,5,10,2012,4,11.0,1.0,0,1.0,3,0,3,  ,0,0.0,0,0,0,0,0,0,0,0,0,0,0,0,0,0,0,0,0
16020,2012098182,1657.0,1653.0,67,67301,39.9355,-75.1739,0,0,0,0,0,1,4,9,2012,2,99.0,1.0,0,1.0,3,1,3,  ,3,3.0,0,0,1,0,0,0,0,0,0,0,0,0,0,0,0,0,0
16021,2012098185,9999.0,9999.0,67,67301,39.9303,-75.1549,0,0,0,0,0,0,1,9,2012,5,17.0,1.0,0,1.0,3,0,3,  ,0,0.0,0,0,0,0,0,0,0,0,0,0,0,0,0,0,0,0,0
16022,2012098192,1237.0,1234.0,67,67301,39.9495,-75.219,0,0,0,0,0,1,4,9,2012,1,12.0,1.0,0,1.0,3,1,3,  ,3,3.0,0,0,1,0,0,0,0,0,0,0,0,0,0,0,0,0,0
16023,2012098210,1940.0,1937.0,67,67301,39.9502,-75.2372,0,0,0,0,0,0,4,8,2012,5,19.0,1.0,0,1.0,3,1,3,  ,2,3.0,0,0,1,0,0,0,0,0,0,0,0,0,0,0,0,0,0
16024,2012098217,1422.0,1420.0,67,67301,39.9505,-75.1933,0,0,0,0,0,0,5,9,2012,2,14.0,1.0,0,1.0,3,0,3,  ,0,0.0,0,0,0,0,0,0,0,0,0,0,0,0,0,0,0,0,0
16025,2012098281,1653.0,1649.0,67,67301,39.9609,-75.145,0,0,0,0,0,0,4,9,2012,6,16.0,1.0,0,1.0,3,1,3,  ,2,3.0,0,0,1,0,0,0,0,0,0,0,0,0,0,0,0,0,0
16026,2012098286,2037.0,2037.0,67,67301,39.9634,-75.1429,0,0,0,0,0,1,4,9,2012,3,20.0,4.0,0,1.0,3,1,3,  ,0,0.0,0,0,1,0,0,0,0,0,0,0,0,0,0,0,0,0,0
16027,2012098315,2347.0,2346.0,67,67301,39.9602,-75.1909,0,0,0,0,0,0,4,9,2012,2,23.0,3.0,0,1.0,3,1,3,  ,2,3.0,0,1,1,0,0,0,0,0,0,0,0,0,0,0,0,0,0
16028,2012098361,1131.0,1128.0,67,67301,40.0183,-75.0834,0,0,0,0,1,0,4,9,2012,2,11.0,1.0,0,1.0,3,0,3,  ,2,3.0,0,0,1,0,0,0,0,0,0,0,0,0,0,0,0,0,0
16029,2012098363,1232.0,1228.0,67,67301,40.0469,-75.0631,0,0,0,0,1,0,4,9,2012,7,12.0,1.0,7,1.0,3,0,3,  ,0,0.0,0,0,1,0,0,0,0,0,0,0,0,0,0,0,0,0,0
16030,2012098370,2135.0,2123.0,67,67301,39.9298,-75.1599,0,0,0,0,0,0,4,9,2012,5,21.0,3.0,0,1.0,3,1,3,  ,0,0.0,0,0,1,0,0,1,0,0,0,0,0,0,0,0,0,0,0
16031,2012098404,9999.0,9999.0,67,67301,39.9623,-75.1613,0,0,0,0,0,0,4,8,2012,6,8.0,1.0,0,1.0,3,1,3,  ,2,3.0,0,0,1,0,0,0,0,0,0,0,0,0,0,0,0,0,0
16032,2012098414,2116.0,2115.0,67,67301,40.0046,-75.164,0,0,0,0,0,0,4,9,2012,5,21.0,3.0,0,1.0,3,1,3,  ,3,3.0,1,0,1,0,0,0,0,0,0,0,0,0,1,0,0,1,0
16033,2012098460,1947.0,1946.0,67,67301,39.9536,-75.1732,0,0,0,0,0,0,4,8,2012,5,19.0,4.0,0,1.0,3,1,3,  ,2,3.0,0,0,1,0,0,0,0,0,0,0,0,0,0,0,0,0,0
16034,2012098480,440.0,437.0,67,67301,39.9705,-75.2256,0,0,0,0,0,1,1,9,2012,2,4.0,1.0,0,1.0,3,2,3,  ,2,3.0,0,0,0,0,0,0,0,0,0,0,0,0,0,0,0,0,0
16035,2012098489,1527.0,1525.0,67,67301,40.1023,-75.0285,0,0,0,0,0,0,2,8,2012,5,15.0,1.0,7,1.0,3,0,3,  ,3,3.0,1,0,0,0,0,0,0,0,0,0,0,0,0,0,0,0,0
16036,2012098499,1955.0,1948.0,67,67301,39.9273,-75.1831,0,0,0,0,0,0,4,9,2012,1,19.0,3.0,0,1.0,3,1,3,  ,3,3.0,0,0,1,0,0,0,0,0,0,0,0,0,0,0,0,0,0
16037,2012098521,1801.0,1957.0,67,67301,40.0288,-75.1535,0,0,0,0,0,0,8,8,2012,6,19.0,4.0,0,1.0,3,0,3,  ,0,0.0,0,0,0,0,0,0,0,0,0,0,0,0,0,0,0,0,0
16038,2012098523,125.0,125.0,67,67301,40.0436,-75.0198,0,0,0,0,0,0,4,9,2012,1,1.0,3.0,7,1.0,3,0,3,  ,2,3.0,0,0,1,0,0,0,0,0,0,0,0,0,0,0,0,0,0
16039,2012098529,2027.0,2025.0,67,67301,40.0237,-75.1351,0,0,0,0,0,0,4,9,2012,4,20.0,3.0,0,1.0,3,2,3,  ,3,3.0,0,0,1,0,0,0,0,0,0,0,0,0,0,0,0,0,0
16040,2012098596,630.0,600.0,25,25216,42.0646,-80.0489,0,0,0,0,0,0,4,10,2012,4,5.0,2.0,0,9.0,1,2,3,  ,0,0.0,1,0,1,0,0,0,0,0,0,0,0,0,0,0,0,0,0
16041,2012098737,2002.0,1957.0,2,2301,40.4489,-80.0007,0,0,0,0,0,1,9,10,2012,4,19.0,3.0,0,1.0,3,1,3,  ,2,3.0,0,0,0,0,0,0,0,0,0,0,0,0,0,0,0,0,0
16042,2012098914,1700.0,1656.0,63,63403,41.577,-75.258,0,0,0,0,1,0,4,10,2012,4,16.0,1.0,0,1.0,2,1,3,  ,2,3.0,0,1,1,0,0,0,0,0,0,0,0,0,0,0,0,0,0
16043,2012098944,2013.0,2008.0,67,67301,39.9224,-75.1547,0,0,0,0,0,1,1,9,2012,4,20.0,3.0,0,1.0,3,1,3,  ,0,0.0,0,0,0,0,0,0,0,0,0,0,0,0,0,0,0,0,1
16044,2012098961,2035.0,2026.0,67,67301,39.9665,-75.2392,0,0,0,0,0,0,4,9,2012,7,20.0,3.0,0,9.0,3,2,7,  ,0,0.0,1,0,1,0,0,0,0,0,0,0,0,0,0,0,0,0,0
16045,2012098979,9999.0,821.0,67,67301,39.9507,-75.1504,0,0,1,0,0,0,5,9,2012,6,8.0,1.0,0,1.0,3,1,3,  ,0,0.0,0,0,0,0,1,0,0,0,0,0,0,0,0,0,0,0,0
16046,2012098991,1015.0,945.0,67,67301,39.9544,-75.1985,0,0,0,0,1,0,4,9,2012,2,9.0,1.0,0,1.0,3,2,3,  ,0,0.0,0,0,1,0,0,0,0,0,0,0,0,0,0,0,0,0,0
16047,2012099317,1801.0,1800.0,25,25213,42.1051,-80.1446,0,0,0,0,1,0,4,10,2012,5,18.0,1.0,7,1.0,3,0,3,  ,0,0.0,0,0,1,0,0,0,0,0,0,0,0,0,0,0,0,0,0
16048,2012099361,840.0,836.0,67,67301,40.0286,-75.0853,0,0,0,0,0,0,4,9,2012,1,14.0,1.0,0,98.0,3,1,99,  ,2,3.0,0,0,1,0,0,0,0,0,0,0,0,0,0,0,0,0,0
16049,2012099387,1040.0,1039.0,67,67301,39.9821,-75.2556,0,0,0,0,0,0,8,8,2012,2,10.0,1.0,0,1.0,3,2,3,  ,3,3.0,0,0,0,0,0,0,0,0,0,0,0,0,0,0,0,0,0
16050,2012099633,1259.0,1256.0,36,36301,40.0347,-76.3085,0,0,0,0,0,0,8,10,2012,7,12.0,1.0,0,1.0,3,2,3,  ,0,0.0,1,0,0,0,0,0,0,0,0,0,0,0,0,0,0,0,1
16051,2012099651,1710.0,1709.0,42,42301,41.9547,-78.6512,0,0,0,0,0,1,4,10,2012,7,17.0,1.0,0,1.0,2,1,3,  ,2,3.0,0,0,1,0,0,0,0,0,0,0,0,0,0,0,0,0,0
16052,2012099951,1941.0,1936.0,39,39301,40.6118,-75.4762,0,0,0,0,0,1,4,10,2012,1,19.0,3.0,0,9.0,3,1,7,  ,2,3.0,0,0,1,0,0,0,0,0,0,0,0,0,0,0,0,0,0
16053,2012099972,1847.0,1842.0,21,21404,40.2136,-77.0068,0,0,0,0,0,0,4,9,2012,6,18.0,1.0,0,1.0,3,0,3,  ,0,0.0,0,0,1,0,0,0,0,0,0,0,0,0,0,0,0,0,0
16054,2012100185,1420.0,1407.0,6,6301,40.3562,-75.9176,0,0,0,0,0,0,4,10,2012,2,6.0,5.0,0,1.0,3,1,3,  ,3,3.0,0,0,1,0,0,0,0,0,0,0,0,0,0,0,0,0,0
16055,2012100542,1746.0,1743.0,38,38301,40.337,-76.4277,0,0,0,0,0,1,4,9,2012,3,17.0,1.0,0,1.0,2,1,3,  ,0,0.0,0,0,1,0,0,0,0,0,0,0,0,0,0,0,0,0,0