,CRN,ARRIVAL_TM,DISPATCH_TM,COUNTY,MUNICIPALITY,DEC_LAT,DEC_LONG,BICYCLE_DEATH_COUNT,BICYCLE_SUSP_SERIOUS_INJ_COUNT,BUS_COUNT,HEAVY_TRUCK_COUNT,SMALL_TRUCK_COUNT,SUV_COUNT,COLLISION_TYPE,CRASH_MONTH,CRASH_YEAR,DAY_OF_WEEK,HOUR_OF_DAY,ILLUMINATION,LOCATION_TYPE,ROAD_CONDITION,URBAN_RURAL,INTERSECT_TYPE,WEATHER1,WEATHER2,TCD_TYPE,TCD_FUNC_CD,AGGRESSIVE_DRIVING,ALCOHOL_RELATED,ANGLE_CRASH,CELL_PHONE,COMM_VEHICLE,DISTRACTED,DRINKING_DRIVER,DRUGGED_DRIVER,FATIGUE_ASLEEP,IMPAIRED_DRIVER,NHTSA_AGG_DRIVING,RUNNING_RED_LT,RUNNING_STOP_SIGN,SPEEDING_RELATED,TAILGATING,MATURE_DRIVER,YOUNG_DRIVER
16056,2012100563,1320.0,1315.0,2,2301,40.4372,-79.9987,0,0,0,0,0,0,4,10,2012,3,13.0,1.0,0,1.0,3,2,3,  ,0,0.0,0,0,1,0,0,0,0,0,0,0,0,0,0,0,0,0,0
16057,2012100583,1300.0,1254.0,48,48207,40.7471,-75.5109,0,0,1,0,0,0,5,10,2012,3,12.0,1.0,0,1.0,1,2,3,  ,3,3.0,1,0,0,0,1,0,0,0,0,0,0,0,0,0,0,1,0
16058,2012100592,1620.0,1619.0,67,67301,39.9286,-75.1445,0,0,0,0,0,0,4,9,2012,2,16.0,1.0,0,1.0,3,2,3,  ,0,0.0,0,0,1,0,0,0,0,0,0,0,0,0,0,0,0,0,0
16059,2012100926,1450.0,1445.0,2,2301,40.4545,-79.9467,0,0,0,0,0,0,4,10,2012,3,14.0,1.0,0,1.0,3,2,3,  ,0,0.0,0,0,1,0,0,0,0,0,0,0,0,0,0,0,0,0,0
16060,2012100990,1438.0,1437.0,35,35302,41.4059,-75.6637,0,0,0,0,0,1,4,10,2012,4,14.0,1.0,7,1.0,3,0,3,  ,0,0.0,0,0,1,0,0,0,0,0,0,0,0,0,0,0,0,0,0
16061,2012101423,1019.0,1016.0,40,40304,41.2365,-75.8906,0,0,0,0,0,1,4,10,2012,5,10.0,1.0,0,1.0,3,1,3,  ,2,3.0,0,0,1,0,0,0,0,0,0,0,0,0,0,0,0,0,0
16062,2012101511,13.0,13.0,9,9225,40.1824,-75.0576,0,0,0,0,0,0,1,10,2012,7,0.0,3.0,0,1.0,3,0,3,  ,0,0.0,0,1,0,0,0,0,1,0,0,1,0,0,0,0,0,0,0
16063,2012101585,1204.0,1117.0,6,6219,40.517,-75.6988,0,0,0,0,0,0,6,9,2012,4,12.0,1.0,0,1.0,1,0,3,  ,0,0.0,1,0,0,0,0,0,0,0,0,0,0,0,0,1,0,0,0
16064,2012101611,1909.0,1909.0,66,66301,39.9523,-76.7228,0,0,0,0,0,1,4,10,2012,5,19.0,3.0,0,1.0,3,1,3,  ,2,3.0,0,0,1,0,0,0,0,0,0,0,0,0,0,0,0,1,0
16065,2012101769,2051.0,2046.0,40,40301,40.9656,-75.982,0,0,0,0,0,0,4,7,2012,3,20.0,4.0,0,1.0,2,1,3,  ,0,0.0,0,0,1,0,0,0,0,0,0,0,0,0,0,0,0,0,0
16066,2012101848,1316.0,1312.0,2,2416,40.3662,-80.0152,0,0,0,0,0,0,4,10,2012,6,13.0,1.0,0,1.0,3,2,3,  ,0,0.0,0,0,1,0,0,0,0,0,0,0,0,0,0,0,0,0,0
16067,2012102171,2002.0,1959.0,2,2301,40.4646,-79.9504,0,0,0,0,0,1,6,10,2012,7,19.0,3.0,0,1.0,3,2,3,  ,0,0.0,1,0,0,0,0,0,0,0,0,0,0,0,0,0,0,1,0
16068,2012102243,1628.0,1628.0,36,36301,40.0384,-76.3162,0,0,0,0,0,0,4,9,2012,2,16.0,1.0,0,1.0,3,1,3,  ,3,3.0,0,0,1,0,0,0,0,0,0,0,0,0,0,0,0,0,0
16069,2012102335,1544.0,1540.0,47,47401,40.9532,-76.6112,0,0,0,0,0,1,4,10,2012,1,15.0,1.0,7,1.0,2,0,3,  ,0,0.0,1,0,1,0,0,0,0,0,0,0,0,0,0,0,0,0,0
16070,2012102381,657.0,648.0,1,1216,39.8182,-77.1398,0,0,0,0,1,0,5,10,2012,4,6.0,2.0,0,1.0,1,0,5,  ,0,0.0,1,0,0,0,0,1,0,0,0,0,0,0,0,0,0,1,0
16071,2012102407,809.0,801.0,48,48215,40.7301,-75.3626,0,0,0,0,1,0,5,10,2012,5,7.0,1.0,0,1.0,1,0,3,  ,0,0.0,0,0,0,0,0,0,0,0,0,0,0,0,0,0,0,1,0
16072,2012102464,1442.0,1442.0,46,46413,40.1189,-75.3572,0,0,0,0,0,1,4,10,2012,1,14.0,1.0,0,1.0,3,1,3,  ,0,0.0,0,0,1,0,0,0,0,0,0,0,0,0,0,0,0,0,0
16073,2012102560,743.0,738.0,14,14410,40.7722,-77.8662,0,0,0,0,1,0,4,10,2012,2,7.0,1.0,0,9.0,3,2,7,  ,3,3.0,0,0,1,0,0,0,0,0,0,0,0,0,0,0,0,0,0
16074,2012102917,1852.0,1849.0,25,25302,42.1154,-80.0835,0,0,0,0,0,0,4,10,2012,2,18.0,4.0,0,1.0,3,1,3,  ,3,3.0,0,0,1,0,0,0,0,0,0,0,0,0,0,0,0,0,0
16075,2012102975,1637.0,1635.0,1,1408,39.7435,-77.091,0,0,0,0,0,0,4,10,2012,2,16.0,1.0,0,1.0,1,1,3,  ,3,3.0,0,0,1,0,0,0,0,0,0,0,0,0,0,0,0,0,0
16076,2012103137,1508.0,1508.0,25,25302,42.1166,-80.1001,0,0,0,0,0,0,4,10,2012,6,15.0,1.0,7,1.0,3,0,3,  ,0,0.0,0,0,1,0,0,0,0,0,0,0,0,0,0,0,0,0,1
16077,2012103164,1427.0,1423.0,14,14410,40.7896,-77.853,0,0,0,0,0,0,5,10,2012,3,14.0,1.0,0,1.0,3,0,3,  ,0,0.0,1,0,0,0,0,1,0,0,0,0,0,0,0,0,0,0,0
16078,2012103184,1615.0,1606.0,2,2301,40.4398,-79.9231,0,0,0,0,0,0,4,10,2012,3,16.0,1.0,0,1.0,3,1,3,  ,0,0.0,1,0,1,0,0,1,0,0,0,0,0,0,0,0,0,0,0
16079,2012103506,708.0,706.0,46,46225,40.144,-75.2739,0,0,0,0,0,1,4,10,2012,4,7.0,1.0,0,1.0,3,2,3,  ,3,3.0,1,0,1,0,0,0,0,0,0,0,0,0,0,0,0,0,0
16080,2012103756,642.0,637.0,47,47401,40.964,-76.612,0,1,0,0,0,0,4,10,2012,3,6.0,3.0,0,1.0,2,2,3,  ,3,3.0,1,0,1,0,0,0,0,0,0,0,0,0,0,0,0,0,0
16081,2012103927,1259.0,1258.0,46,46411,40.2348,-75.2766,0,0,0,0,0,0,4,10,2012,5,12.0,1.0,0,1.0,3,2,3,  ,3,3.0,0,0,1,0,0,0,0,0,0,0,0,0,0,0,0,0,0
16082,2012103990,930.0,914.0,67,67301,40.0547,-75.1799,0,0,0,0,0,0,5,9,2012,4,8.0,1.0,0,1.0,3,0,3,  ,0,0.0,0,0,0,0,0,0,0,0,0,0,0,0,0,0,0,0,0
16083,2012103991,1600.0,1600.0,67,67301,39.9941,-75.1198,0,0,0,0,0,0,2,9,2012,6,16.0,1.0,0,1.0,3,0,3,  ,0,0.0,0,0,0,0,0,0,0,0,0,0,0,0,0,0,0,0,0
16084,2012104006,2137.0,2137.0,67,67301,40.0596,-75.0692,0,0,0,0,0,0,1,9,2012,1,21.0,4.0,0,1.0,3,1,3,  ,0,0.0,1,0,0,0,0,0,0,0,0,0,0,0,0,0,1,0,0
16085,2012104008,1049.0,1048.0,67,67301,39.9279,-75.1875,0,0,0,0,0,0,6,9,2012,2,10.0,1.0,1,1.0,3,1,3,  ,2,3.0,0,0,0,0,0,0,0,0,0,0,0,0,0,0,0,0,0
16086,2012104020,1350.0,1340.0,67,67301,39.967,-75.1603,0,0,0,0,0,0,5,9,2012,3,13.0,1.0,0,1.0,3,1,3,  ,2,3.0,0,0,0,0,0,0,0,0,0,0,0,0,0,0,0,0,0
16087,2012104021,45.0,41.0,67,67301,39.9521,-75.1615,0,0,0,0,0,0,1,9,2012,7,0.0,3.0,0,1.0,3,1,3,  ,2,3.0,0,1,0,0,0,0,1,0,0,1,0,0,0,0,0,0,0
16088,2012104032,2200.0,2200.0,67,67301,39.9799,-75.1429,0,0,0,0,0,1,4,9,2012,1,22.0,3.0,0,1.0,3,1,3,  ,2,3.0,0,0,1,0,0,0,0,0,0,0,0,0,0,0,0,0,0
16089,2012104038,1300.0,1254.0,67,67301,40.0139,-75.126,0,0,0,0,0,0,4,4,2012,4,99.0,1.0,0,1.0,3,1,3,  ,2,3.0,0,0,1,0,0,0,0,0,0,0,0,0,0,0,0,0,0
16090,2012104042,1403.0,1355.0,67,67301,40.0066,-75.0882,0,0,0,0,0,1,5,9,2012,3,13.0,1.0,7,1.0,3,2,3,  ,0,0.0,0,0,0,0,0,0,0,0,0,0,0,0,0,0,0,0,0
16091,2012104062,1520.0,1513.0,67,67301,39.9658,-75.2379,0,0,0,0,0,0,8,9,2012,3,14.0,1.0,0,1.0,3,2,3,  ,0,0.0,0,0,0,0,0,0,0,0,0,0,0,0,0,0,0,1,0
16092,2012104100,1640.0,1635.0,67,67301,40.0346,-75.0381,0,0,0,0,0,0,4,10,2012,2,2.0,1.0,0,1.0,3,0,3,  ,0,0.0,0,0,1,0,0,0,0,0,0,0,0,0,0,0,0,0,0
16093,2012104119,1302.0,1302.0,67,67301,39.9735,-75.2331,0,0,0,0,0,0,4,9,2012,4,17.0,1.0,0,9.0,3,1,3,  ,0,0.0,0,0,1,0,0,0,0,0,0,0,0,0,0,0,0,0,0
16094,2012104120,2341.0,2313.0,67,67301,39.9235,-75.1628,0,0,0,0,0,0,4,9,2012,3,23.0,3.0,0,1.0,3,1,3,  ,2,3.0,0,0,1,0,0,0,0,0,0,0,0,0,0,0,0,0,0
16095,2012104124,1542.0,1531.0,67,67301,39.9211,-75.1586,0,0,0,0,0,0,2,9,2012,7,15.0,1.0,0,1.0,3,0,3,  ,0,0.0,0,0,0,0,0,0,0,0,0,0,0,0,0,0,0,0,1
16096,2012104126,2149.0,2138.0,67,67301,39.9721,-75.1642,0,0,0,0,0,0,4,9,2012,7,18.0,1.0,0,1.0,3,1,3,  ,2,3.0,0,0,1,0,0,0,0,0,0,0,0,0,0,0,0,0,0
16097,2012104138,1117.0,1117.0,67,67301,39.9758,-75.1584,0,0,0,0,0,0,4,9,2012,7,11.0,1.0,0,1.0,3,1,3,  ,2,3.0,0,0,1,0,0,0,0,0,0,0,0,0,0,0,0,0,0
16098,2012104184,727.0,725.0,67,67301,40.0432,-75.1809,0,0,1,0,0,0,5,8,2012,3,7.0,1.0,0,98.0,3,1,3,  ,2,3.0,0,0,0,0,1,0,0,0,0,0,0,0,0,0,0,0,0
16099,2012104187,1448.0,1447.0,67,67301,39.9596,-75.197,0,0,0,0,0,0,4,9,2012,7,14.0,1.0,0,1.0,3,1,3,  ,2,3.0,1,0,1,0,0,0,0,0,0,0,0,0,0,0,0,0,0
16100,2012104206,1555.0,1651.0,67,67301,39.9298,-75.1442,0,0,0,0,0,0,5,9,2012,4,15.0,1.0,0,1.0,3,1,3,  ,2,3.0,0,0,0,0,0,0,0,0,0,0,0,0,0,0,0,0,0
16101,2012104226,720.0,716.0,67,67301,39.929,-75.1665,0,0,0,0,0,0,4,9,2012,2,7.0,1.0,0,1.0,3,1,3,  ,3,3.0,0,0,1,0,0,0,0,0,0,0,0,0,0,0,0,0,0
16102,2012104228,1825.0,1821.0,67,67301,39.9367,-75.1669,0,0,0,0,0,0,4,8,2012,2,18.0,1.0,0,1.0,3,1,3,  ,2,3.0,0,0,1,0,0,0,0,0,0,0,0,0,0,0,0,0,0
16103,2012104265,1737.0,1737.0,2,2109,40.3689,-80.0665,0,0,0,0,0,0,4,10,2012,5,17.0,1.0,0,9.0,3,0,7,  ,0,0.0,0,0,1,0,0,0,0,0,0,0,0,0,0,0,0,1,0
16104,2012104269,1700.0,1654.0,67,67301,40.039,-75.0563,0,0,0,0,0,0,4,9,2012,5,4.0,1.0,0,1.0,3,1,3,  ,2,3.0,0,0,1,0,0,0,0,0,0,0,0,0,0,0,0,0,0
16105,2012104346,1657.0,1653.0,38,38406,40.3125,-76.5922,0,0,0,0,0,0,4,10,2012,5,16.0,1.0,0,1.0,3,1,3,  ,0,0.0,0,0,1,0,0,0,0,0,0,0,0,0,0,0,0,0,0
16106,2012104395,1653.0,1651.0,46,46110,40.1513,-75.1139,0,0,0,0,0,0,2,10,2012,6,16.0,1.0,0,1.0,3,1,3,  ,3,2.0,1,0,0,0,0,0,0,0,0,0,0,0,0,0,0,0,0
16107,2012104570,708.0,658.0,36,36234,40.0926,-76.153,0,0,0,0,1,0,4,10,2012,6,6.0,2.0,0,9.0,1,2,7,  ,0,0.0,1,0,1,0,0,0,0,0,0,0,0,0,0,0,0,0,0
16108,2012104781,1800.0,1750.0,36,36223,39.9886,-76.3909,0,0,0,0,0,0,5,10,2012,6,17.0,1.0,0,1.0,1,2,3,  ,0,0.0,1,0,0,0,0,0,0,0,0,0,0,0,0,0,0,0,1
16109,2012105316,1629.0,1624.0,25,25302,42.1119,-80.0735,0,0,0,0,0,0,4,10,2012,3,16.0,1.0,0,1.0,3,1,3,  ,2,3.0,0,0,1,0,0,0,0,0,0,0,0,0,0,0,0,0,0
16110,2012105567,1639.0,1637.0,25,25302,42.1132,-80.076,0,0,0,0,0,0,4,10,2012,2,16.0,1.0,0,1.0,3,1,3,  ,3,3.0,1,0,1,0,0,0,0,0,0,0,0,0,0,0,0,0,0
16111,2012105576,1653.0,1648.0,36,36223,40.0381,-76.3531,0,0,0,0,0,0,5,10,2012,2,16.0,1.0,0,1.0,1,0,3,  ,0,0.0,0,0,0,0,0,1,0,0,0,0,0,0,0,0,0,0,0
16112,2012105581,1810.0,1806.0,21,21206,40.2187,-77.1299,0,0,0,0,0,1,5,10,2012,2,18.0,1.0,0,1.0,1,0,3,  ,0,0.0,1,0,0,0,0,1,0,0,0,0,0,0,0,1,0,0,0
16113,2012105615,1559.0,1556.0,23,23208,39.9877,-75.4028,0,0,0,0,1,0,4,10,2012,2,15.0,1.0,0,1.0,3,2,3,  ,3,3.0,0,0,1,0,0,1,0,0,0,0,0,0,0,0,0,0,0
16114,2012105952,1416.0,1412.0,46,46421,40.3105,-75.3191,0,0,0,0,0,0,4,9,2012,7,14.0,1.0,7,1.0,3,0,3,  ,0,0.0,0,0,1,0,0,0,0,0,0,0,0,0,0,0,0,0,0
16115,2012106302,1324.0,1313.0,28,28203,39.9645,-77.6716,0,0,0,0,0,1,4,10,2012,5,13.0,1.0,0,1.0,1,0,3,  ,0,0.0,0,0,1,0,0,0,0,0,0,0,0,0,0,0,0,0,0
16116,2012106603,1716.0,1716.0,53,53301,40.6844,-76.1968,0,0,0,0,0,0,6,10,2012,1,17.0,1.0,0,1.0,2,1,98,  ,3,3.0,0,0,0,0,0,0,0,0,0,0,0,0,0,0,0,0,0
16117,2012106713,1547.0,1546.0,46,46409,40.2765,-75.2947,0,0,0,0,0,0,5,10,2012,4,15.0,1.0,0,1.0,3,2,3,  ,3,3.0,0,0,0,0,0,0,0,0,0,0,0,0,0,0,0,0,0
16118,2012106779,1458.0,1457.0,36,36408,40.1776,-76.1805,0,0,0,0,0,0,4,10,2012,3,14.0,1.0,0,1.0,2,1,3,  ,2,3.0,0,0,1,0,0,0,0,0,0,0,0,0,0,0,0,0,0
16119,2012106933,1451.0,1443.0,15,15219,40.0794,-75.8657,0,0,0,0,0,1,8,9,2012,3,14.0,1.0,0,9.0,1,0,7,  ,0,0.0,1,0,0,0,0,0,0,0,0,0,0,0,0,0,0,0,0
16120,2012107027,52.0,46.0,6,6102,40.4018,-75.9276,0,0,0,0,1,0,4,10,2012,7,0.0,3.0,0,9.0,3,1,5,  ,2,3.0,0,1,1,0,0,0,0,0,0,0,0,0,0,0,0,0,0
16121,2012107102,15.0,2204.0,2,2478,40.4463,-79.8928,1,0,0,0,0,1,8,7,2012,3,22.0,3.0,0,1.0,3,2,3,  ,0,0.0,0,0,0,0,0,0,0,0,0,0,0,0,0,0,0,0,0
16122,2012107334,2134.0,2132.0,46,46109,40.147,-75.202,0,0,0,0,0,0,4,10,2012,6,21.0,3.0,0,1.0,3,1,3,  ,2,3.0,0,0,1,0,0,0,0,0,0,0,0,0,0,0,0,1,0
16123,2012107351,141.0,141.0,2,2301,40.4622,-79.9611,0,0,0,0,0,1,5,10,2012,7,1.0,3.0,0,1.0,3,0,3,  ,0,0.0,0,1,0,0,0,0,0,0,0,0,0,0,0,0,0,0,0
16124,2012107354,201.0,205.0,2,2301,40.4616,-79.9671,0,0,0,0,0,0,4,10,2012,7,2.0,3.0,3,1.0,3,1,3,  ,2,3.0,0,0,1,0,0,0,0,0,0,0,0,0,0,0,0,0,0
16125,2012107415,1454.0,1449.0,6,6236,40.3265,-76.0562,1,0,0,0,0,1,5,10,2012,6,14.0,1.0,0,1.0,1,0,3,  ,0,0.0,0,0,0,0,0,0,0,0,0,0,0,0,0,0,0,0,0
16126,2012107634,1237.0,1234.0,7,7301,40.4812,-78.4021,0,0,0,0,0,1,4,10,2012,4,12.0,1.0,7,1.0,3,0,3,  ,0,0.0,0,0,1,0,0,0,0,0,0,0,0,0,0,0,0,0,0
16127,2012107657,1608.0,1608.0,23,23108,39.9248,-75.3363,0,0,0,0,0,0,4,10,2012,6,16.0,1.0,7,1.0,3,0,3,  ,8,1.0,0,0,1,0,0,0,0,0,0,0,0,0,0,0,0,0,0
16128,2012107705,1838.0,1838.0,40,40101,41.2083,-75.986,0,0,0,0,0,0,1,10,2012,7,18.0,3.0,0,1.0,3,0,3,  ,0,0.0,0,0,0,0,0,0,0,0,0,0,0,0,0,0,0,0,0
16129,2012107823,1949.0,1947.0,41,41301,41.2411,-77.0011,0,0,0,0,0,1,8,10,2012,1,19.0,3.0,0,9.0,3,5,7,  ,2,3.0,0,1,0,0,0,0,0,0,0,0,0,0,0,0,0,0,0
16130,2012107976,1123.0,1120.0,21,21402,40.1952,-77.1949,0,0,0,0,0,0,2,10,2012,6,11.0,1.0,0,1.0,2,1,3,  ,2,3.0,0,0,0,0,0,0,0,0,0,0,0,0,0,0,0,1,0
16131,2012108119,1927.0,1926.0,23,23103,39.9841,-75.3069,0,0,0,0,0,0,4,10,2012,4,19.0,3.0,0,1.0,3,1,3,  ,3,3.0,0,0,1,0,0,0,0,0,0,0,0,0,0,0,0,0,0
16132,2012108354,1258.0,1253.0,49,49216,41.0413,-76.8527,0,0,0,0,0,0,2,10,2012,7,12.0,1.0,0,1.0,1,0,3,  ,0,0.0,1,0,0,0,0,0,0,0,0,0,0,0,0,0,0,1,0
16133,2012109228,1904.0,1901.0,23,23402,39.8727,-75.3882,0,0,0,0,0,0,4,10,2012,7,18.0,3.0,0,1.0,3,1,3,  ,2,3.0,0,0,1,0,0,0,0,0,0,0,0,0,0,0,0,0,0
16134,2012109231,1710.0,1708.0,9,9207,40.4078,-75.2606,0,0,0,0,0,0,9,10,2012,1,17.0,1.0,0,9.0,1,2,3,  ,3,3.0,0,0,0,0,0,0,0,0,0,0,0,0,0,0,0,0,0
16135,2012109360,1608.0,1601.0,45,45404,40.9886,-75.1978,0,0,0,0,0,0,2,10,2012,3,99.0,1.0,0,1.0,2,1,3,  ,3,3.0,1,0,0,0,0,0,0,0,0,0,1,0,1,0,0,0,0
16136,2012109630,955.0,938.0,67,67301,39.9666,-75.2398,0,0,0,0,0,0,4,9,2012,6,21.0,3.0,0,1.0,3,1,99,  ,2,3.0,1,0,1,0,0,0,0,0,0,0,0,0,0,0,0,0,0
16137,2012109635,2150.0,2142.0,67,67301,39.955,-75.185,0,0,0,0,0,1,4,10,2012,2,21.0,3.0,7,1.0,3,0,3,  ,0,0.0,0,0,1,0,0,0,0,0,0,0,0,0,0,0,0,0,0
16138,2012109676,1040.0,1034.0,67,67301,39.9513,-75.1674,0,0,0,0,0,0,4,9,2012,3,10.0,1.0,0,1.0,3,0,3,  ,0,0.0,0,0,1,0,0,0,0,0,0,0,0,0,0,0,0,0,0
16139,2012109679,30.0,30.0,67,67301,39.9519,-75.1592,0,0,0,0,0,0,5,10,2012,4,12.0,1.0,0,98.0,3,0,99,  ,0,0.0,1,0,0,0,0,0,0,0,0,0,0,0,0,0,0,0,0
16140,2012109751,1015.0,1009.0,67,67301,39.9326,-75.1592,0,0,0,0,0,0,5,10,2012,5,99.0,1.0,0,1.0,3,0,3,  ,0,0.0,0,0,0,0,0,0,0,0,0,0,0,0,0,0,0,0,0
16141,2012109760,630.0,630.0,67,67301,39.9336,-75.2155,0,0,0,0,1,0,1,10,2012,7,6.0,5.0,0,1.0,3,0,3,  ,0,0.0,1,0,0,0,0,0,0,0,0,0,0,0,0,0,1,0,0
16142,2012109765,1045.0,1036.0,67,67301,40.0147,-75.2058,0,0,0,0,0,0,4,10,2012,3,10.0,1.0,0,9.0,3,3,7,  ,0,0.0,1,0,1,0,0,0,0,0,0,0,0,0,0,0,0,0,0
16143,2012109799,9999.0,9999.0,67,67301,39.9152,-75.1695,0,0,0,0,0,0,4,9,2012,7,99.0,1.0,0,1.0,3,1,99,  ,0,0.0,1,0,1,0,0,0,0,0,0,0,0,0,0,0,0,0,0
16144,2012109805,505.0,501.0,67,67301,39.9529,-75.18,0,0,0,0,0,0,4,10,2012,4,5.0,3.0,0,9.0,3,0,3,  ,2,3.0,0,0,1,0,0,0,0,0,0,0,0,0,0,0,0,0,0
16145,2012109815,128.0,126.0,67,67301,39.9571,-75.152,0,0,0,0,0,0,4,10,2012,4,1.0,3.0,0,9.0,3,1,7,  ,2,3.0,0,0,1,0,0,0,0,0,0,0,0,0,0,0,0,0,0
16146,2012109841,1755.0,1748.0,67,67301,39.9403,-75.1728,0,0,0,0,0,0,4,10,2012,4,17.0,1.0,0,1.0,3,1,3,  ,0,0.0,1,1,1,0,0,0,1,1,0,1,0,0,0,0,0,0,0
16147,2012109870,1620.0,1618.0,67,67301,39.9609,-75.145,0,0,0,0,0,0,4,10,2012,3,16.0,1.0,0,1.0,3,1,3,  ,2,3.0,1,0,1,0,0,0,0,0,0,0,0,0,0,0,0,0,0
16148,2012109883,555.0,550.0,67,67301,40.0288,-75.1322,0,0,0,0,0,0,4,10,2012,4,11.0,1.0,0,1.0,3,1,3,  ,2,3.0,0,0,1,0,0,0,0,0,0,0,0,0,0,0,0,0,0
16149,2012109927,915.0,915.0,67,67301,39.9609,-75.245,0,0,0,0,0,0,2,9,2012,7,22.0,3.0,0,1.0,3,1,3,  ,2,3.0,0,0,0,0,0,0,0,0,0,0,0,0,0,0,0,0,0
16150,2012110210,1622.0,1620.0,9,9219,40.3351,-75.1409,0,0,0,0,0,0,4,11,2012,6,16.0,1.0,0,1.0,1,1,3,  ,2,3.0,0,0,1,0,0,0,0,0,0,0,0,0,0,0,0,0,0
16151,2012111069,1744.0,1741.0,9,9202,40.0732,-74.9521,0,1,0,0,0,0,1,11,2012,2,17.0,3.0,1,1.0,3,0,3,  ,0,0.0,0,0,0,0,0,0,0,0,0,0,0,0,0,0,0,1,0
16152,2012111184,1705.0,1701.0,35,35413,41.4675,-75.6036,0,0,0,0,0,0,4,11,2012,3,17.0,3.0,0,1.0,3,1,3,  ,2,3.0,1,1,1,0,0,0,0,0,0,0,0,1,0,0,0,0,0
16153,2012111388,1654.0,1648.0,15,15225,39.785,-75.7377,0,0,0,0,0,0,4,11,2012,2,16.0,1.0,0,1.0,1,2,3,  ,3,3.0,0,0,1,0,0,1,0,0,0,0,0,0,0,0,0,0,0
16154,2012111453,554.0,549.0,9,9202,40.0985,-74.9226,0,0,0,0,0,0,4,11,2012,4,5.0,3.0,0,1.0,3,0,3,  ,0,0.0,0,0,1,0,0,0,0,0,0,0,0,0,0,0,0,0,0
16155,2012111558,1555.0,1052.0,23,23110,39.8289,-75.4333,0,0,0,0,0,1,8,11,2012,7,10.0,1.0,0,1.0,3,1,3,  ,3,3.0,0,0,0,0,0,0,0,0,0,0,0,0,0,0,0,0,0
16156,2012111620,1025.0,1022.0,67,67301,39.9422,-75.1456,0,0,0,0,0,0,5,10,2012,2,10.0,1.0,0,1.0,3,0,3,  ,0,0.0,0,0,0,0,0,0,0,0,0,0,0,0,0,0,0,0,0
16157,2012111634,1601.0,1600.0,67,67301,39.9664,-75.2155,0,0,0,0,0,1,4,10,2012,4,15.0,1.0,0,1.0,3,1,3,  ,3,3.0,1,0,1,0,0,0,0,0,0,0,0,0,0,0,0,1,0
16158,2012111641,9999.0,9999.0,67,67301,39.9804,-75.2247,0,0,0,1,0,0,4,10,2012,6,14.0,1.0,0,1.0,3,1,3,  ,0,3.0,0,0,1,0,1,0,0,0,0,0,0,0,0,0,0,0,0
16159,2012111663,1708.0,1706.0,67,67301,39.9277,-75.1662,0,0,0,0,0,1,4,10,2012,2,17.0,1.0,0,9.0,3,2,7,  ,2,3.0,0,0,1,0,0,0,0,0,0,0,0,0,0,0,0,0,0
16160,2012111700,1715.0,1709.0,2,2301,40.4577,-79.9326,0,0,0,0,0,0,8,11,2012,4,17.0,3.0,0,1.0,3,0,3,  ,0,0.0,0,0,0,0,0,0,0,0,0,0,0,0,0,0,0,0,0
16161,2012111737,2006.0,2005.0,67,67301,39.9376,-75.1646,0,0,0,0,0,0,4,10,2012,5,20.0,3.0,0,1.0,3,1,3,  ,2,3.0,0,0,1,0,1,0,0,0,0,0,0,0,0,0,0,0,0
16162,2012111764,1620.0,1615.0,67,67301,39.945,-75.1598,0,0,0,0,0,0,5,10,2012,5,15.0,1.0,0,1.0,3,0,3,  ,0,0.0,0,0,0,0,0,0,0,0,0,0,0,0,0,0,0,0,0
16163,2012111791,1900.0,1900.0,67,67301,39.9697,-75.1576,0,0,0,0,0,0,4,10,2012,5,18.0,4.0,0,1.0,3,1,3,  ,3,9.0,0,0,1,0,0,0,0,0,0,0,0,0,0,0,0,0,0
16164,2012111793,1356.0,1352.0,67,67301,39.9354,-75.2204,0,0,0,0,0,0,4,10,2012,4,13.0,1.0,0,1.0,3,0,3,  ,0,0.0,0,0,1,0,0,0,0,0,0,0,0,0,0,0,0,0,0
16165,2012112344,1425.0,1420.0,15,15229,39.824,-75.8699,0,1,0,0,0,1,4,10,2012,7,14.0,1.0,0,1.0,1,1,3,  ,2,3.0,0,0,1,0,0,0,0,0,0,0,0,0,0,0,0,0,0
16166,2012112574,1559.0,1557.0,46,46411,40.242,-75.2832,0,1,1,0,0,0,4,11,2012,5,15.0,1.0,0,1.0,3,1,3,  ,0,0.0,0,0,1,0,1,0,0,0,0,0,0,0,0,0,0,0,0
16167,2012112665,1630.0,1627.0,46,46404,40.1852,-75.4507,0,0,0,0,0,0,4,11,2012,5,16.0,1.0,0,1.0,3,1,3,  ,2,3.0,0,0,1,0,0,0,0,0,0,0,0,0,0,0,0,0,0
16168,2012113215,1729.0,1729.0,6,6103,40.298,-75.9485,0,0,0,0,1,0,4,11,2012,1,17.0,3.0,7,1.0,1,2,3,  ,2,3.0,0,0,1,0,0,0,0,0,0,0,0,0,0,0,0,0,0
16169,2012113233,2033.0,2033.0,2,2301,40.4642,-80.053,0,0,0,0,0,0,4,11,2012,1,20.0,3.0,0,1.0,3,2,3,  ,0,0.0,0,0,1,0,0,0,0,0,0,0,0,0,0,0,0,1,0