,CRN,ARRIVAL_TM,DISPATCH_TM,COUNTY,MUNICIPALITY,DEC_LAT,DEC_LONG,BICYCLE_DEATH_COUNT,BICYCLE_SUSP_SERIOUS_INJ_COUNT,BUS_COUNT,HEAVY_TRUCK_COUNT,SMALL_TRUCK_COUNT,SUV_COUNT,COLLISION_TYPE,CRASH_MONTH,CRASH_YEAR,DAY_OF_WEEK,HOUR_OF_DAY,ILLUMINATION,LOCATION_TYPE,ROAD_CONDITION,URBAN_RURAL,INTERSECT_TYPE,WEATHER1,WEATHER2,TCD_TYPE,TCD_FUNC_CD,AGGRESSIVE_DRIVING,ALCOHOL_RELATED,ANGLE_CRASH,CELL_PHONE,COMM_VEHICLE,DISTRACTED,DRINKING_DRIVER,DRUGGED_DRIVER,FATIGUE_ASLEEP,IMPAIRED_DRIVER,NHTSA_AGG_DRIVING,RUNNING_RED_LT,RUNNING_STOP_SIGN,SPEEDING_RELATED,TAILGATING,MATURE_DRIVER,YOUNG_DRIVER
16170,2012113351,1631.0,1630.0,21,21402,40.2025,-77.1821,0,0,0,0,0,0,5,10,2012,1,16.0,1.0,0,9.0,2,0,7,  ,0,0.0,0,0,0,0,0,0,0,0,0,0,0,0,0,0,0,0,0
16171,2012113359,1639.0,1638.0,22,22301,40.2673,-76.8648,0,0,0,0,1,0,4,11,2012,1,16.0,1.0,0,1.0,3,1,3,  ,2,3.0,0,0,1,0,0,0,0,0,0,0,0,0,0,0,0,0,0
16172,2012113846,1316.0,1309.0,2,2301,40.444,-79.926,0,0,0,0,1,0,5,11,2012,3,13.0,1.0,0,1.0,3,1,3,  ,3,3.0,1,0,0,0,0,0,0,0,0,0,0,0,0,0,0,0,0
16173,2012114292,1447.0,1440.0,14,14206,40.7282,-77.9364,0,0,0,0,0,0,4,11,2012,4,14.0,1.0,0,1.0,1,1,3,  ,0,0.0,1,0,1,0,0,0,0,0,0,0,0,0,0,0,0,0,0
16174,2012114329,2038.0,2037.0,67,67301,39.9159,-75.1645,1,0,0,0,0,0,4,10,2012,1,20.0,3.0,0,1.0,3,1,3,  ,2,3.0,0,0,1,0,0,0,0,0,0,0,0,0,0,0,0,0,0
16175,2012114336,1556.0,1555.0,67,67301,39.9751,-75.195,0,0,0,0,0,0,4,10,2012,5,18.0,4.0,0,1.0,3,1,3,  ,2,9.0,1,0,1,0,0,0,0,0,0,0,0,0,0,0,0,0,0
16176,2012114351,1630.0,1600.0,67,67301,39.9909,-75.1314,0,0,0,0,0,0,8,10,2012,4,16.0,1.0,0,1.0,3,0,3,  ,0,0.0,0,0,0,0,0,0,0,0,0,0,0,0,0,0,0,0,0
16177,2012114361,1930.0,1930.0,67,67301,39.9831,-75.157,0,0,0,0,0,0,4,10,2012,6,19.0,3.0,0,1.0,3,0,3,  ,0,0.0,0,0,1,0,0,0,0,0,0,0,0,0,0,0,0,0,0
16178,2012114579,1923.0,1918.0,2,2301,40.4463,-79.9556,0,0,0,0,0,1,4,11,2012,4,19.0,3.0,0,1.0,3,1,3,  ,0,0.0,1,0,1,0,0,0,0,0,0,0,0,0,0,0,0,0,0
16179,2012114833,1542.0,1540.0,43,43302,41.2384,-80.4977,0,0,0,0,0,1,4,11,2012,5,15.0,1.0,0,1.0,3,0,3,  ,0,0.0,0,0,1,0,0,0,0,0,0,0,0,0,0,0,0,0,0
16180,2012114852,1740.0,1735.0,67,67301,39.9434,-75.1553,0,0,0,0,0,0,4,10,2012,2,17.0,1.0,0,1.0,3,1,3,  ,0,0.0,0,0,1,0,0,0,0,0,0,0,0,0,0,0,0,0,0
16181,2012114854,800.0,751.0,67,67301,39.951,-75.2267,0,0,0,0,1,0,4,10,2012,5,7.0,3.0,0,1.0,3,2,3,  ,3,3.0,0,0,1,0,0,0,0,0,0,0,0,0,0,0,0,0,0
16182,2012114883,941.0,938.0,67,67301,39.9587,-75.2393,0,0,0,0,0,0,4,10,2012,6,9.0,1.0,7,9.0,3,0,7,  ,0,0.0,0,0,1,0,0,0,0,0,0,0,0,0,0,0,0,0,0
16183,2012114887,1656.0,1654.0,14,14410,40.7968,-77.8557,0,0,0,0,0,0,4,11,2012,5,16.0,1.0,0,1.0,3,1,3,  ,2,3.0,1,0,1,0,0,0,0,0,0,0,0,0,0,0,0,0,1
16184,2012115214,1237.0,1229.0,66,66207,40.0481,-76.7235,0,0,0,0,0,0,4,11,2012,3,12.0,1.0,7,1.0,1,0,3,  ,0,0.0,0,0,1,0,0,0,0,0,0,0,0,0,0,0,0,0,0
16185,2012115219,0.0,0.0,67,67301,39.9615,-75.1517,0,0,0,0,0,0,4,9,2012,5,9.0,1.0,0,1.0,3,1,3,  ,2,3.0,1,0,1,0,0,1,0,0,0,0,0,0,0,0,0,0,0
16186,2012115227,0.0,0.0,67,67301,39.9373,-75.1921,0,0,0,0,0,0,1,7,2012,4,15.0,1.0,0,1.0,3,1,3,  ,0,0.0,0,0,0,0,0,0,0,0,0,0,0,0,0,0,0,0,0
16187,2012115242,1309.0,1307.0,2,2466,40.5013,-79.7261,0,0,0,0,1,0,2,11,2012,7,13.0,1.0,0,1.0,3,1,3,  ,3,3.0,0,0,0,0,0,0,0,0,0,0,0,0,0,0,0,0,0
16188,2012115253,0.0,0.0,21,21209,40.1769,-77.4017,0,0,0,0,1,0,4,8,2012,4,17.0,1.0,0,1.0,1,0,3,  ,0,0.0,0,0,1,0,0,0,0,0,0,0,0,0,0,0,0,0,0
16189,2012115390,1437.0,1435.0,46,46104,40.0122,-75.2996,0,1,0,0,1,0,5,11,2012,1,14.0,1.0,0,1.0,3,2,3,  ,0,0.0,0,0,0,0,0,0,0,0,0,0,0,0,0,0,0,0,0
16190,2012115394,1739.0,1732.0,46,46203,40.3083,-75.3341,0,0,0,0,0,0,4,10,2012,2,17.0,1.0,0,1.0,1,3,3,  ,3,3.0,0,0,1,0,0,0,0,0,0,0,0,0,0,0,0,0,0
16191,2012115535,1853.0,1837.0,14,14410,40.7918,-77.8574,0,0,0,0,0,1,4,11,2012,6,17.0,3.0,0,1.0,3,1,3,  ,3,3.0,1,0,1,0,0,0,0,0,0,0,0,0,0,0,0,0,0
16192,2012115730,1532.0,1529.0,14,14401,40.9113,-77.7689,0,0,0,0,0,0,4,11,2012,7,15.0,1.0,0,1.0,2,2,3,  ,3,3.0,0,0,1,0,0,0,0,0,0,0,0,0,0,0,0,0,0
16193,2012115974,1543.0,1540.0,36,36407,40.1545,-76.6,0,0,0,0,0,0,4,11,2012,1,15.0,1.0,0,1.0,2,1,3,  ,3,3.0,0,0,1,0,0,0,0,0,0,0,0,0,0,0,0,0,0
16194,2012115977,1648.0,1645.0,23,23111,39.9659,-75.2948,0,0,0,0,0,0,4,11,2012,1,16.0,4.0,7,1.0,3,0,3,  ,0,0.0,0,0,1,0,0,0,0,0,0,0,0,0,0,0,0,0,0
16195,2012116205,1634.0,1634.0,22,22301,40.2639,-76.8802,0,0,0,0,0,0,4,11,2012,3,16.0,1.0,0,1.0,3,0,3,  ,0,0.0,1,0,1,0,0,0,0,0,0,0,0,0,0,0,0,0,0
16196,2012116493,729.0,716.0,46,46417,40.3768,-75.4829,0,0,0,1,0,0,4,11,2012,6,7.0,1.0,0,1.0,1,0,3,  ,0,0.0,1,0,1,0,0,0,0,0,0,0,0,0,0,0,0,0,0
16197,2012116636,752.0,751.0,25,25407,42.0072,-80.3233,0,0,0,0,1,0,4,11,2012,2,7.0,5.0,0,1.0,1,1,3,  ,3,3.0,1,0,1,0,0,0,0,0,0,0,0,0,0,0,0,0,0
16198,2012116986,1240.0,1240.0,23,23112,39.9679,-75.3597,0,0,0,0,0,0,4,11,2012,1,12.0,1.0,0,1.0,3,0,3,  ,0,0.0,0,0,1,0,0,0,0,0,0,0,0,0,0,0,0,1,0
16199,2012117225,758.0,753.0,67,67301,39.9554,-75.1882,0,0,0,0,0,0,5,10,2012,4,7.0,1.0,0,1.0,3,2,3,  ,2,3.0,0,0,0,0,0,0,0,0,0,0,0,0,0,0,0,0,0
16200,2012117250,1601.0,1600.0,67,67301,39.9992,-75.1474,0,0,0,0,0,1,4,10,2012,1,16.0,1.0,0,1.0,3,1,3,  ,2,3.0,1,0,1,0,0,1,0,0,0,0,0,0,0,0,0,0,0
16201,2012117259,843.0,841.0,67,67301,39.9504,-75.1774,0,0,0,0,0,0,4,10,2012,6,8.0,1.0,0,1.0,3,0,3,  ,0,0.0,0,0,1,0,0,0,0,0,0,0,0,0,0,0,0,0,0
16202,2012117287,1310.0,1300.0,67,67301,39.9704,-75.149,0,0,0,0,0,0,4,10,2012,1,13.0,1.0,0,1.0,3,1,3,  ,2,3.0,0,0,1,0,0,1,0,0,0,0,0,0,0,0,0,0,0
16203,2012117309,1506.0,1504.0,67,67301,39.9586,-75.214,0,0,0,0,0,1,4,8,2012,2,15.0,1.0,0,1.0,3,1,3,  ,2,3.0,0,0,1,0,0,0,0,0,0,0,0,0,0,0,0,0,0
16204,2012117322,9999.0,1821.0,67,67301,39.9338,-75.1944,0,0,0,0,0,0,4,10,2012,3,99.0,1.0,0,1.0,3,2,3,  ,3,3.0,1,0,1,0,0,0,0,0,0,0,0,0,1,0,0,0,0
16205,2012117419,1629.0,1611.0,66,66226,39.73,-76.6862,0,1,0,0,0,0,4,9,2012,7,16.0,1.0,0,9.0,1,2,7,  ,3,3.0,0,0,1,0,0,0,0,0,0,0,0,0,0,0,0,0,1
16206,2012119286,2018.0,2014.0,25,25302,42.0945,-80.0907,0,0,0,0,0,0,8,11,2012,2,20.0,3.0,0,1.0,3,1,3,  ,3,3.0,1,0,0,0,0,0,0,0,0,0,0,0,0,0,0,1,0
16207,2012119587,1239.0,1236.0,15,15203,39.9487,-75.6156,0,0,0,0,0,0,4,11,2012,6,12.0,1.0,0,1.0,1,2,3,  ,0,0.0,1,0,1,0,0,0,0,0,0,0,0,0,0,0,0,0,0
16208,2012119595,1917.0,1913.0,67,67301,40.0001,-75.2287,0,0,0,0,0,0,4,11,2012,1,19.0,3.0,0,1.0,3,2,3,  ,2,3.0,0,0,1,0,0,0,0,0,0,0,0,0,0,0,0,1,0
16209,2012120018,1038.0,1035.0,25,25302,42.1231,-80.0437,0,0,0,0,0,0,4,10,2012,3,10.0,1.0,7,9.0,3,0,7,  ,0,0.0,0,0,1,0,0,0,0,0,0,0,0,0,0,0,0,0,0
16210,2012120025,1055.0,1053.0,67,67301,39.9505,-75.1926,0,0,0,0,0,0,1,11,2012,7,10.0,1.0,0,1.0,3,1,3,  ,0,0.0,0,0,0,0,0,0,0,0,0,0,0,0,0,0,0,0,0
16211,2012120029,1745.0,1735.0,67,67301,39.967,-75.1603,0,0,0,0,0,1,4,10,2012,6,14.0,1.0,0,1.0,3,1,3,  ,2,3.0,0,0,1,0,0,0,0,0,0,0,0,0,0,0,0,1,0
16212,2012120046,1910.0,1908.0,67,67301,39.9469,-75.1648,0,0,0,0,0,0,4,10,2012,5,19.0,3.0,0,1.0,3,0,3,  ,0,0.0,0,0,1,0,1,0,0,0,0,0,0,0,0,0,0,0,0
16213,2012120048,1413.0,1411.0,67,67301,39.9565,-75.1961,0,0,0,0,0,0,5,10,2012,3,14.0,1.0,0,1.0,3,0,3,  ,8,3.0,0,0,0,0,0,0,0,0,0,0,0,0,0,0,0,0,0
16214,2012120057,1820.0,1815.0,67,67301,40.0328,-75.2144,0,0,0,0,0,0,1,10,2012,1,18.0,3.0,0,9.0,3,2,7,  ,2,3.0,0,0,0,0,0,0,0,0,0,0,0,0,0,0,0,0,0
16215,2012120060,1110.0,1110.0,67,67301,39.9513,-75.1991,0,0,0,0,0,0,4,10,2012,5,15.0,1.0,0,1.0,3,1,3,  ,2,3.0,1,0,1,0,0,0,0,0,0,0,0,0,0,0,0,0,0
16216,2012120065,2020.0,2010.0,67,67301,40.0224,-75.0781,0,0,0,0,0,0,1,10,2012,4,16.0,1.0,0,1.0,3,0,3,  ,0,0.0,1,0,0,0,0,0,0,0,0,0,0,0,0,0,1,0,0
16217,2012120115,1220.0,1220.0,67,67301,40.0179,-75.0826,0,0,0,0,0,1,7,11,2012,2,12.0,1.0,0,1.0,3,1,3,  ,2,3.0,0,0,0,0,0,0,0,0,0,0,0,0,0,0,0,0,0
16218,2012120120,9999.0,350.0,67,67301,39.9286,-75.1537,0,0,0,0,0,0,5,10,2012,4,9.0,1.0,0,1.0,3,1,99,  ,3,3.0,0,0,0,0,0,0,0,0,0,0,0,0,0,0,0,0,0
16219,2012120401,1903.0,1848.0,48,48214,40.8612,-75.1309,0,1,0,0,0,1,4,8,2012,6,18.0,1.0,0,1.0,1,2,3,  ,0,0.0,1,0,1,0,0,0,0,0,0,0,0,0,0,0,0,0,0
16220,2012120699,1835.0,1826.0,2,2301,40.4698,-79.9637,0,0,0,0,0,0,2,11,2012,6,18.0,2.0,0,1.0,3,2,3,  ,0,0.0,0,0,0,0,0,0,0,0,0,0,0,0,0,0,0,0,0
16221,2012121597,1520.0,1515.0,9,9218,40.2083,-74.951,0,0,0,0,0,0,0,12,2012,2,15.0,1.0,0,1.0,3,1,3,  ,0,0.0,1,0,0,0,0,0,0,0,0,0,0,0,0,0,0,0,0
16222,2012121600,1924.0,1922.0,38,38301,40.3385,-76.4253,0,0,0,0,0,0,4,12,2012,2,19.0,3.0,0,1.0,2,1,3,  ,8,3.0,0,0,1,0,0,0,0,0,0,0,0,0,0,0,0,0,0
16223,2012121880,905.0,900.0,67,67301,39.9677,-75.2361,0,0,0,0,0,0,1,10,2012,5,8.0,3.0,0,1.0,3,0,3,  ,0,0.0,1,0,0,0,0,0,0,0,0,0,0,0,0,0,1,0,0
16224,2012122089,2019.0,2014.0,48,48301,40.6252,-75.3835,0,0,0,0,0,0,4,12,2012,2,20.0,3.0,0,1.0,3,1,3,  ,2,3.0,1,0,1,0,0,0,0,0,0,0,1,0,0,1,0,0,0
16225,2012122156,1056.0,1053.0,37,37403,40.8682,-80.286,0,0,0,0,0,1,4,7,2012,7,10.0,1.0,0,1.0,3,1,3,  ,0,0.0,0,0,1,0,0,0,0,0,0,0,0,0,0,0,0,0,0
16226,2012122356,1318.0,1315.0,67,67301,40.0598,-75.1501,0,0,0,0,0,0,2,10,2012,7,13.0,1.0,0,1.0,3,0,3,  ,2,3.0,0,0,0,0,0,0,0,0,0,0,0,0,0,0,0,1,0
16227,2012122391,1640.0,1636.0,67,67301,39.9956,-75.1675,0,0,0,0,0,0,4,11,2012,5,16.0,4.0,0,1.0,3,1,3,  ,2,3.0,1,0,1,1,0,1,0,0,0,0,0,0,0,0,0,0,1
16228,2012122444,1339.0,1338.0,67,67301,39.9269,-75.1509,0,0,0,0,1,0,1,11,2012,7,13.0,1.0,0,1.0,3,0,3,  ,0,0.0,0,0,0,0,0,0,0,0,0,0,0,0,0,0,0,1,0
16229,2012122446,2327.0,2327.0,67,67301,39.9433,-75.2109,0,0,0,0,0,1,4,11,2012,6,23.0,3.0,0,1.0,3,1,3,  ,2,3.0,0,0,1,0,0,0,0,0,0,0,0,0,0,0,0,0,0
16230,2012122456,1450.0,1445.0,67,67301,40.0545,-75.0859,0,0,0,0,0,0,4,11,2012,2,14.0,1.0,0,1.0,3,1,3,  ,2,3.0,1,0,1,0,0,0,0,0,0,0,0,1,0,0,0,0,0
16231,2012122477,1305.0,1256.0,67,67301,39.9443,-75.1703,0,0,0,0,0,0,4,10,2012,4,12.0,1.0,0,1.0,3,1,3,  ,2,3.0,0,0,1,0,0,0,0,0,0,0,0,0,0,0,0,0,0
16232,2012122486,2112.0,2111.0,67,67301,39.9239,-75.2221,0,0,0,0,1,0,4,11,2012,6,21.0,3.0,0,1.0,3,1,3,  ,2,3.0,0,0,1,0,0,0,0,0,0,0,0,0,0,0,0,0,0
16233,2012122491,1039.0,1037.0,67,67301,39.9952,-75.13,0,0,0,0,0,0,8,11,2012,6,10.0,1.0,0,1.0,3,1,3,  ,3,3.0,0,0,0,0,0,0,0,0,0,0,0,0,0,0,0,0,0
16234,2012122509,1710.0,1707.0,66,66301,39.9611,-76.7114,0,0,0,0,0,0,4,12,2012,4,17.0,4.0,0,1.0,3,0,3,  ,0,0.0,0,0,1,0,0,0,0,0,0,0,0,0,0,0,0,0,0
16235,2012122689,1915.0,1912.0,21,21103,40.2472,-76.9972,0,1,0,0,0,0,2,11,2012,5,19.0,2.0,0,1.0,3,0,3,  ,0,0.0,1,0,0,0,0,0,0,0,0,0,0,0,0,0,0,0,0
16236,2012123687,1658.0,1657.0,46,46225,40.1548,-75.3025,0,0,0,0,0,0,4,12,2012,6,16.0,3.0,0,9.0,3,0,7,  ,0,0.0,0,0,1,0,0,0,0,0,0,0,0,0,0,0,0,0,0
16237,2012124575,1342.0,1341.0,46,46208,40.1515,-75.3966,0,0,0,0,0,0,4,12,2012,4,13.0,1.0,7,1.0,3,3,3,  ,0,0.0,0,0,1,0,0,0,0,0,0,0,0,0,0,0,0,0,1
16238,2012125119,1728.0,1725.0,14,14410,40.7895,-77.8529,0,0,0,0,0,0,4,12,2012,3,17.0,2.0,0,1.0,3,1,3,  ,2,3.0,1,1,1,0,0,0,1,0,0,1,0,0,0,0,0,1,0
16239,2012125262,1800.0,1756.0,6,6410,40.5161,-75.7785,0,1,0,0,0,0,4,12,2012,3,17.0,3.0,0,1.0,1,1,3,  ,2,3.0,1,0,1,0,0,0,0,0,0,0,0,0,0,0,0,0,0
16240,2012125283,831.0,825.0,36,36238,40.1012,-76.1554,0,0,0,0,0,0,1,12,2012,7,8.0,1.0,0,1.0,3,0,3,  ,0,0.0,0,0,0,0,0,0,0,0,0,0,0,0,0,0,0,1,0
16241,2012125500,1028.0,1026.0,67,67301,39.9554,-75.1711,0,0,1,0,0,0,4,11,2012,6,10.0,1.0,0,1.0,3,2,3,  ,2,3.0,0,0,1,0,1,0,0,0,0,0,0,0,0,0,0,0,0
16242,2012125520,428.0,420.0,67,67301,39.9906,-75.1247,0,0,0,0,0,0,5,11,2012,1,3.0,1.0,0,1.0,3,3,3,  ,3,3.0,0,0,0,0,0,0,0,0,1,0,0,0,0,0,0,0,0
16243,2012125559,2357.0,2357.0,67,67301,39.9477,-75.1986,0,0,0,0,0,1,2,11,2012,7,23.0,3.0,0,1.0,3,2,3,  ,2,3.0,0,0,0,0,0,0,0,0,0,0,0,0,0,0,0,0,0
16244,2012125729,1637.0,1630.0,2,2301,40.4444,-79.9486,0,0,1,0,0,0,5,12,2012,4,16.0,1.0,0,1.0,3,2,3,  ,0,0.0,0,0,0,0,1,1,0,0,0,0,0,0,0,0,0,0,0
16245,2012125789,2221.0,2215.0,48,48301,40.6506,-75.3378,0,0,0,0,0,0,1,12,2012,4,22.0,2.0,0,1.0,3,0,3,  ,0,0.0,1,1,0,0,0,0,0,0,0,0,0,0,0,0,0,0,0
16246,2012126671,1645.0,1640.0,36,36301,40.0626,-76.3137,0,0,0,0,0,0,8,12,2012,6,16.0,1.0,0,1.0,3,1,3,  ,2,3.0,1,0,0,0,0,0,0,0,0,0,0,0,0,0,0,1,0
16247,2012126690,1044.0,1042.0,25,25302,42.1296,-80.075,0,0,0,0,0,0,2,12,2012,7,10.0,1.0,0,1.0,3,0,3,  ,0,0.0,0,0,0,0,0,0,0,0,0,0,0,0,0,0,0,0,0
16248,2012126826,2332.0,2328.0,36,36101,40.0558,-76.3293,0,0,0,0,0,1,1,12,2012,6,23.0,3.0,0,1.0,3,0,3,  ,2,3.0,0,0,0,1,0,1,0,0,0,0,0,0,0,0,0,0,0
16249,2012127325,1558.0,1555.0,15,15215,40.0273,-75.4183,0,0,0,0,0,0,2,12,2012,1,15.0,1.0,0,9.0,3,0,7,  ,0,0.0,0,0,0,0,0,0,0,0,0,0,0,0,0,0,0,0,0
16250,2012127497,1802.0,1802.0,4,4301,40.7519,-80.3157,0,0,0,0,1,0,4,12,2012,2,17.0,3.0,0,9.0,3,1,7,  ,3,3.0,0,0,1,0,0,0,0,0,0,0,0,0,0,0,0,0,0
16251,2012127907,1528.0,1523.0,41,41405,41.2509,-76.9181,0,0,0,0,1,0,4,12,2012,3,15.0,1.0,0,9.0,3,2,7,  ,3,3.0,0,0,1,0,0,0,0,0,0,0,0,0,0,0,0,0,0
16252,2012127977,420.0,414.0,6,6301,40.3409,-75.939,0,0,0,0,0,0,4,12,2012,4,4.0,2.0,0,1.0,3,1,3,  ,0,0.0,0,0,1,0,0,0,0,0,0,0,0,0,0,0,0,0,0
16253,2012128150,1046.0,1044.0,67,67301,39.9194,-75.1707,0,0,0,0,0,0,4,11,2012,2,10.0,1.0,0,1.0,3,1,3,  ,2,3.0,1,0,1,0,0,0,0,0,0,0,0,0,0,0,0,0,0
16254,2012128196,1047.0,1046.0,67,67301,39.9577,-75.1624,0,0,0,0,0,0,4,11,2012,1,10.0,1.0,0,1.0,3,1,3,  ,2,3.0,0,0,1,0,0,0,0,0,0,0,0,0,0,0,0,0,0
16255,2012128218,2331.0,2330.0,67,67301,39.9432,-75.1537,0,0,0,0,0,0,4,11,2012,6,23.0,3.0,0,1.0,3,1,3,  ,2,3.0,0,0,1,0,0,0,0,0,0,0,0,0,0,0,0,0,0
16256,2012128254,9999.0,1012.0,67,67301,39.9706,-75.163,0,0,0,0,0,0,4,10,2012,4,18.0,8.0,0,1.0,3,2,3,  ,2,3.0,0,0,1,0,0,0,0,0,0,0,0,0,0,0,0,0,0
16257,2012128277,1125.0,1125.0,67,67301,39.9364,-75.1586,0,0,0,0,0,0,5,11,2012,7,11.0,1.0,0,1.0,3,0,3,  ,0,0.0,0,0,0,0,0,0,0,0,0,0,0,0,0,0,0,0,0
16258,2012128851,1742.0,1737.0,2,2301,40.4653,-79.9513,0,1,0,0,0,1,1,12,2012,5,17.0,3.0,0,9.0,3,2,7,  ,2,3.0,0,0,0,0,0,0,0,0,0,0,0,0,0,0,0,0,0
16259,2012129066,1453.0,1451.0,67,67301,39.9538,-75.1757,0,0,0,0,0,0,5,11,2012,3,14.0,1.0,0,9.0,3,0,98,  ,0,0.0,0,0,0,0,0,0,0,0,0,0,0,0,0,0,0,0,0
16260,2012129099,751.0,749.0,39,39405,40.5301,-75.5033,0,0,0,0,1,0,5,7,2012,3,7.0,1.0,0,1.0,3,0,3,  ,0,0.0,0,0,0,0,0,0,0,0,0,0,0,0,0,0,0,0,0
16261,2012129884,1907.0,1907.0,22,22301,40.2685,-76.8915,0,0,0,0,0,0,4,12,2012,5,19.0,3.0,0,9.0,3,1,7,  ,2,3.0,0,1,1,0,0,0,0,0,0,0,0,0,0,0,0,0,0
16262,2012130384,1217.0,1214.0,9,9219,40.4156,-75.1147,0,0,0,0,0,1,4,12,2012,5,12.0,1.0,0,1.0,1,1,3,  ,3,3.0,0,0,1,0,0,0,0,0,0,0,0,0,0,0,0,0,0
16263,2012130641,1016.0,1016.0,46,46101,40.1039,-75.1474,0,0,0,0,0,1,4,12,2012,4,10.0,1.0,0,1.0,3,2,3,  ,3,3.0,1,0,1,0,0,1,0,0,0,0,1,0,1,0,0,0,0
16264,2012131749,2030.0,2024.0,39,39102,40.6242,-75.4729,0,0,0,0,0,0,2,12,2012,6,20.0,3.0,0,1.0,3,1,3,  ,3,3.0,0,1,0,0,0,0,0,0,0,0,0,0,0,0,0,0,0
16265,2012132001,1610.0,1608.0,38,38406,40.3092,-76.585,0,0,0,0,0,0,4,12,2012,6,16.0,1.0,0,1.0,3,1,3,  ,3,3.0,1,0,1,0,0,0,0,0,0,0,0,0,0,0,0,0,0
16266,2013000213,1752.0,1749.0,66,66413,39.818,-76.9945,0,0,0,0,0,1,4,11,2012,6,17.0,3.0,7,1.0,2,0,3,  ,0,0.0,1,0,1,0,0,0,0,0,0,0,0,0,0,0,0,0,0
16267,2013001413,640.0,636.0,40,40304,41.2422,-75.8781,0,0,0,0,0,1,4,12,2012,2,6.0,3.0,0,1.0,3,1,3,  ,2,3.0,0,0,1,0,0,0,0,0,0,0,0,0,0,0,0,0,0
16268,2013003653,1740.0,1730.0,67,67301,39.9627,-75.1631,0,0,0,0,0,0,0,10,2012,2,17.0,1.0,0,1.0,3,1,3,  ,2,3.0,0,0,0,0,0,0,0,0,0,0,0,0,0,0,0,0,0
16269,2013003655,2145.0,2140.0,67,67301,39.9494,-75.1588,0,0,0,0,0,0,4,12,2012,1,21.0,3.0,0,9.0,3,1,7,  ,2,3.0,0,0,1,0,0,0,0,0,0,0,0,0,0,0,0,0,0
16270,2013003670,809.0,802.0,67,67301,39.9559,-75.1673,0,0,0,0,0,0,5,11,2012,2,7.0,1.0,0,1.0,3,0,3,  ,0,0.0,0,0,0,0,0,0,0,0,0,0,0,0,0,0,0,0,0
16271,2013003718,1648.0,1644.0,67,67301,40.0143,-75.1781,0,0,0,0,1,0,8,12,2012,6,16.0,3.0,0,9.0,3,1,7,  ,2,3.0,0,0,0,0,0,0,0,0,0,0,0,0,0,0,0,0,0
16272,2013003743,1614.0,1610.0,67,67301,39.9565,-75.1726,0,0,0,0,0,0,4,12,2012,7,16.0,1.0,0,1.0,3,1,3,  ,2,3.0,0,0,1,0,0,0,0,0,0,0,0,0,0,0,0,0,0
16273,2013003764,1940.0,1935.0,67,67301,39.9292,-75.1872,0,0,0,0,0,0,5,12,2012,4,19.0,3.0,0,1.0,3,2,3,  ,3,3.0,0,0,0,0,0,0,0,0,0,0,0,0,0,0,0,0,0
16274,2013003770,1836.0,1835.0,67,67301,40.0372,-75.1237,0,0,0,0,0,0,6,12,2012,5,18.0,3.0,0,1.0,3,1,3,  ,2,3.0,0,0,0,0,0,0,0,0,0,0,0,0,0,0,0,0,0
16275,2013003787,1633.0,1633.0,67,67301,40.0013,-75.1382,0,0,0,0,0,0,4,12,2012,5,17.0,8.0,0,98.0,3,1,99,  ,3,3.0,0,0,1,0,0,0,0,0,0,0,0,0,0,0,0,0,0
16276,2013003820,1132.0,1130.0,67,67301,39.9418,-75.1741,0,0,0,0,0,1,4,12,2012,5,11.0,1.0,0,1.0,3,1,3,  ,2,3.0,0,0,1,0,0,0,0,0,0,0,0,0,0,0,0,0,0
16277,2013003865,1856.0,1856.0,67,67301,39.9629,-75.1913,0,0,0,0,0,0,4,12,2012,2,18.0,3.0,0,1.0,3,2,3,  ,2,3.0,0,0,1,0,0,0,0,0,0,0,0,0,0,0,0,0,0
16278,2013003870,1338.0,1335.0,67,67301,39.9645,-75.2108,0,0,0,0,0,0,2,12,2012,1,13.0,1.0,0,1.0,3,1,3,  ,2,3.0,1,0,0,0,0,0,0,0,0,0,0,0,0,0,0,1,0
16279,2013003884,2140.0,2140.0,67,67301,39.9429,-75.1515,0,0,0,0,0,0,4,12,2012,7,21.0,3.0,0,1.0,3,0,3,  ,0,0.0,0,0,1,0,0,0,0,0,0,0,0,0,0,0,0,0,0
16280,2013003937,1251.0,1248.0,67,67301,39.9495,-75.1659,0,1,0,0,0,0,4,10,2012,2,12.0,1.0,0,1.0,3,1,3,  ,2,3.0,0,0,1,0,0,0,0,0,0,0,0,0,0,0,0,0,0
16281,2013003943,1819.0,1808.0,67,67301,40.0283,-75.1093,0,0,0,0,0,1,4,12,2012,1,18.0,3.0,0,1.0,3,0,3,  ,0,0.0,1,0,1,0,0,0,0,0,0,0,0,0,0,0,0,0,0
16282,2013003949,1550.0,1540.0,67,67301,39.9249,-75.183,0,0,0,0,0,0,4,12,2012,2,15.0,1.0,0,1.0,3,1,3,  ,3,3.0,0,0,1,0,0,0,0,0,0,0,0,0,0,0,0,0,0