,CRN,ARRIVAL_TM,DISPATCH_TM,COUNTY,MUNICIPALITY,DEC_LAT,DEC_LONG,BICYCLE_DEATH_COUNT,BICYCLE_SUSP_SERIOUS_INJ_COUNT,BUS_COUNT,HEAVY_TRUCK_COUNT,SMALL_TRUCK_COUNT,SUV_COUNT,COLLISION_TYPE,CRASH_MONTH,CRASH_YEAR,DAY_OF_WEEK,HOUR_OF_DAY,ILLUMINATION,LOCATION_TYPE,ROAD_CONDITION,URBAN_RURAL,INTERSECT_TYPE,WEATHER1,WEATHER2,TCD_TYPE,TCD_FUNC_CD,AGGRESSIVE_DRIVING,ALCOHOL_RELATED,ANGLE_CRASH,CELL_PHONE,COMM_VEHICLE,DISTRACTED,DRINKING_DRIVER,DRUGGED_DRIVER,FATIGUE_ASLEEP,IMPAIRED_DRIVER,NHTSA_AGG_DRIVING,RUNNING_RED_LT,RUNNING_STOP_SIGN,SPEEDING_RELATED,TAILGATING,MATURE_DRIVER,YOUNG_DRIVER
16283,2013003994,1225.0,1222.0,67,67301,39.9374,-75.1686,0,0,0,0,0,0,5,12,2012,1,12.0,1.0,0,1.0,3,0,3,  ,0,0.0,0,0,0,0,0,0,0,0,0,0,0,0,0,0,0,0,0
16284,2013004007,930.0,849.0,67,67301,40.0346,-75.1978,0,0,0,0,0,0,1,12,2012,4,8.0,1.0,0,1.0,3,0,3,  ,0,0.0,1,0,0,0,0,0,0,0,0,0,0,0,0,0,0,0,0
16285,2013004024,2200.0,2200.0,67,67301,39.9877,-75.225,0,0,0,0,0,0,4,11,2012,5,18.0,3.0,0,1.0,3,1,3,  ,2,3.0,0,0,1,0,0,0,0,0,0,0,0,0,0,0,0,0,0
16286,2013004040,1452.0,1447.0,67,67301,40.0592,-75.1584,0,0,0,0,0,0,4,12,2012,2,14.0,1.0,0,1.0,3,1,3,  ,0,0.0,0,0,1,0,0,0,0,0,0,0,0,0,0,0,0,0,0
16287,2013004415,1838.0,1835.0,67,67301,40.008,-75.1411,0,0,0,0,0,0,6,12,2012,6,18.0,3.0,0,1.0,3,2,3,  ,0,0.0,0,0,0,0,0,0,0,0,0,0,0,0,0,0,0,1,0
16288,2013004420,1316.0,1315.0,67,67301,39.9863,-75.1318,0,0,0,0,0,0,4,11,2012,1,13.0,1.0,0,1.0,3,1,3,  ,2,3.0,0,0,1,0,0,0,0,0,0,0,0,0,0,0,0,0,0
16289,2013006085,1147.0,1144.0,67,67301,39.9503,-75.1917,0,0,0,0,0,0,5,12,2012,6,11.0,1.0,0,1.0,3,1,3,  ,0,0.0,0,0,0,0,0,0,0,0,0,0,0,0,0,0,0,1,0
16290,2013006109,728.0,725.0,67,67301,39.9666,-75.2398,1,0,0,0,1,0,4,12,2012,1,7.0,1.0,0,1.0,3,1,3,  ,2,3.0,1,0,1,0,0,0,0,0,0,0,0,1,0,0,0,0,0
16291,2013006656,915.0,900.0,67,67301,39.9701,-75.2431,0,0,0,0,0,0,4,11,2012,3,8.0,1.0,0,9.0,3,1,7,  ,3,3.0,0,0,1,0,0,0,0,0,0,0,0,0,0,0,0,0,0
16292,2013006663,2015.0,2008.0,67,67301,39.9468,-75.1636,0,0,0,0,0,0,4,12,2012,5,19.0,3.0,0,1.0,3,1,3,  ,3,3.0,0,0,1,0,0,1,0,0,0,0,0,0,0,0,0,0,0
16293,2013006666,2000.0,2000.0,67,67301,39.9509,-75.2307,0,0,0,0,0,0,5,11,2012,6,18.0,3.0,0,1.0,3,1,3,  ,0,0.0,0,0,0,0,0,0,0,0,0,0,0,0,0,0,0,0,0
16294,2013006700,1142.0,1139.0,67,67301,40.0584,-75.2002,0,0,0,0,0,0,8,12,2012,3,8.0,1.0,0,9.0,3,2,7,  ,0,0.0,1,0,0,0,0,1,0,0,0,0,0,0,0,0,0,0,0
16295,2013006772,1155.0,1151.0,67,67301,39.9359,-75.1569,0,0,0,0,0,0,4,12,2012,5,11.0,1.0,7,1.0,3,0,3,  ,0,0.0,0,0,1,0,0,0,0,0,0,0,0,0,0,0,0,0,0
16296,2013006774,2300.0,2222.0,67,67301,39.9364,-75.1649,0,0,0,0,0,0,4,12,2012,2,22.0,3.0,0,9.0,3,1,7,  ,3,3.0,0,0,1,0,0,0,0,0,0,0,0,0,0,0,0,0,0
16297,2013006794,538.0,534.0,67,67301,40.0152,-75.2078,0,0,0,0,1,0,4,12,2012,1,5.0,3.0,0,9.0,3,0,3,  ,0,0.0,0,0,1,0,0,0,0,0,0,0,0,0,0,0,0,0,0
16298,2013006821,2118.0,2115.0,67,67301,39.9964,-75.1258,0,0,0,0,0,0,4,12,2012,6,21.0,3.0,0,1.0,3,1,3,  ,3,3.0,0,0,1,0,0,0,0,0,0,0,0,0,0,0,0,0,0
16299,2013006874,645.0,642.0,67,67301,39.95,-75.157,0,0,0,0,0,0,4,12,2012,4,6.0,5.0,0,1.0,3,1,3,  ,2,3.0,0,0,1,0,0,0,0,0,0,0,0,0,0,0,0,0,0
16300,2013006883,2352.0,2347.0,67,67301,39.9312,-75.1547,0,0,0,0,0,0,4,12,2012,7,23.0,3.0,0,1.0,3,1,3,  ,3,3.0,0,0,1,0,0,0,0,0,0,0,0,0,0,0,0,0,0
16301,2013006942,1558.0,1555.0,15,15301,39.9842,-75.8202,0,0,0,0,1,0,5,12,2012,6,15.0,1.0,0,9.0,3,1,7,  ,3,2.0,0,0,0,0,0,0,0,0,0,0,0,0,0,0,0,0,0
16302,2013008430,1244.0,1240.0,14,14410,40.7929,-77.8642,0,0,0,0,0,0,4,12,2012,2,12.0,1.0,0,1.0,3,0,99,  ,0,0.0,1,0,1,0,0,0,0,0,0,0,0,0,0,0,0,0,0
16303,2013009265,1905.0,1905.0,67,67301,39.9442,-75.1971,1,0,0,0,0,0,4,9,2012,7,19.0,1.0,2,1.0,3,6,3,  ,4,3.0,0,0,1,0,0,0,0,0,0,0,0,0,0,0,0,0,1
16304,2013009661,1015.0,9999.0,67,67301,39.9619,-75.1593,0,0,0,0,0,0,1,12,2012,5,17.0,3.0,0,1.0,3,1,3,  ,0,0.0,0,0,0,0,0,0,0,0,0,0,0,0,0,0,0,0,0
16305,2013010971,1904.0,1852.0,36,36232,40.1055,-75.9474,0,0,0,0,0,1,9,12,2012,1,18.0,2.0,0,1.0,1,0,3,  ,0,0.0,0,0,0,0,0,0,0,0,0,0,0,0,0,0,0,0,0
16306,2013011909,1248.0,1248.0,2,2408,40.4946,-79.8594,0,0,0,0,1,0,4,7,2012,1,12.0,1.0,0,1.0,3,2,3,  ,3,3.0,0,0,1,0,0,0,0,0,0,0,0,0,0,0,0,0,0
16307,2013015488,2349.0,2330.0,50,50204,40.5175,-77.1311,0,0,0,0,0,0,4,7,2012,3,23.0,2.0,0,1.0,1,0,3,  ,0,0.0,0,0,1,0,0,0,0,0,0,0,0,0,0,0,0,0,0
16308,2013016457,916.0,906.0,39,39207,40.646,-75.5844,0,0,0,0,0,0,8,8,2012,2,9.0,1.0,0,1.0,1,0,3,  ,0,0.0,1,0,0,0,0,0,0,0,0,0,0,0,0,0,0,1,0
16309,2013019735,605.0,545.0,26,26212,39.9309,-79.8439,0,0,0,0,0,0,8,11,2012,2,5.0,2.0,0,1.0,1,0,3,  ,0,0.0,0,0,0,0,0,0,0,0,0,0,0,0,0,0,0,0,0
16310,2013020033,,,67,67301,39.9706,-75.163,0,1,0,0,0,0,1,10,2012,4,18.0,4.0,0,1.0,3,1,3,  ,2,3.0,1,0,0,0,0,0,0,0,0,0,0,0,0,0,0,0,0
16311,2013020104,1416.0,1413.0,46,46222,40.1779,-75.5146,0,0,0,0,0,0,4,10,2012,4,14.0,1.0,0,1.0,3,1,3,  ,3,3.0,1,0,1,0,0,0,0,0,0,0,0,0,0,0,0,0,0
16312,2013025332,1615.0,1612.0,45,45101,41.0816,-75.3277,0,0,0,0,0,0,8,7,2012,1,16.0,1.0,0,1.0,1,2,3,  ,0,0.0,0,0,0,0,0,0,0,0,0,0,0,0,0,0,0,0,0
16313,2013026578,1017.0,1014.0,46,46104,,,0,0,0,0,0,0,4,9,2012,7,10.0,1.0,0,1.0,3,1,3,  ,0,0.0,1,0,1,0,0,0,0,0,0,0,0,0,0,0,0,0,0
16314,2013037369,1215.0,9999.0,67,67301,39.9556,-75.1895,0,0,0,0,0,0,4,10,2012,6,8.0,1.0,0,9.0,3,1,7,  ,2,3.0,1,0,1,0,0,0,0,0,0,0,0,0,0,0,0,0,0
16315,2013038580,1123.0,1117.0,9,9221,40.4001,-74.9785,0,0,0,0,0,0,5,6,2012,7,11.0,1.0,0,1.0,1,0,3,  ,0,0.0,1,0,0,0,0,0,0,0,0,0,0,0,0,0,0,0,0
16316,2013053857,1036.0,1034.0,35,35402,41.4818,-75.5693,0,0,0,0,1,0,4,9,2012,6,10.0,1.0,0,1.0,3,1,3,  ,3,3.0,0,0,1,0,0,0,0,0,0,0,0,0,0,0,0,0,0
16317,2013053858,1128.0,1127.0,35,35402,41.4829,-75.5718,0,0,0,0,1,0,4,9,2012,7,11.0,1.0,0,1.0,3,1,3,  ,3,3.0,0,0,1,0,0,0,0,0,0,0,0,0,0,0,0,0,0
16318,2013001581,2100.0,2055.0,2,2444,40.476,-80.0554,0,0,0,0,0,0,1,1,2013,4,20.0,3.0,3,1.0,3,0,3,  ,0,0.0,0,0,0,0,0,0,0,0,0,0,0,0,0,0,0,0,0
16319,2013001882,717.0,709.0,21,21401,40.2377,-76.9086,0,0,0,0,0,0,4,1,2013,5,7.0,3.0,8,1.0,3,5,3,  ,2,3.0,0,0,1,0,0,0,0,0,0,0,0,0,0,0,0,1,0
16320,2013002651,640.0,637.0,9,9101,40.1185,-74.844,0,0,0,0,0,0,4,1,2013,3,6.0,3.0,7,1.0,3,0,3,  ,0,0.0,1,0,1,0,0,0,0,0,0,0,0,0,0,0,0,0,0
16321,2013003106,956.0,954.0,23,23111,39.9411,-75.2564,0,1,0,0,0,0,4,1,2013,4,9.0,1.0,0,1.0,3,0,3,  ,0,0.0,1,0,1,0,0,0,0,0,0,0,0,0,0,1,0,0,0
16322,2013003128,1144.0,1141.0,36,36101,40.0558,-76.2883,0,0,0,0,1,0,8,1,2013,4,11.0,1.0,0,1.0,3,1,3,  ,3,3.0,0,0,0,0,0,0,0,0,0,0,0,0,0,0,0,0,0
16323,2013004549,1830.0,1828.0,25,25213,42.0997,-80.1656,0,0,0,0,0,0,1,1,2013,6,18.0,2.0,0,9.0,3,2,7,  ,3,3.0,0,0,0,0,0,0,0,0,0,0,0,0,0,0,0,0,0
16324,2013004592,1606.0,1603.0,36,36220,40.0268,-76.3279,0,0,0,0,0,1,4,1,2013,5,16.0,1.0,0,1.0,3,2,3,  ,3,3.0,0,0,1,0,0,0,0,0,0,0,0,0,0,0,0,0,0
16325,2013004681,1819.0,1817.0,46,46103,40.2817,-75.2621,0,0,0,0,0,0,4,1,2013,6,18.0,3.0,7,9.0,3,0,7,  ,0,0.0,0,0,1,0,0,0,0,0,0,0,0,0,0,0,0,0,0
16326,2013005197,1325.0,1321.0,22,22409,40.2013,-76.7243,0,0,0,0,0,0,4,1,2013,5,13.0,1.0,0,1.0,3,1,3,  ,2,3.0,0,0,1,0,0,0,0,0,0,0,0,0,0,0,0,0,0
16327,2013005387,1814.0,1809.0,2,2301,40.4637,-79.9238,0,0,0,0,0,0,4,1,2013,2,18.0,3.0,0,1.0,3,1,3,  ,2,3.0,1,0,1,0,0,0,0,0,0,0,0,0,0,0,0,0,0
16328,2013005620,2300.0,2255.0,2,2301,40.4113,-79.9447,0,0,0,0,0,0,8,1,2013,2,22.0,3.0,0,1.0,3,2,3,  ,2,3.0,0,0,0,0,0,0,0,0,0,0,0,0,0,0,0,0,0
16329,2013005935,1419.0,1408.0,15,15224,39.8077,-75.9368,0,0,0,0,1,0,4,1,2013,5,14.0,1.0,0,1.0,1,1,3,  ,3,3.0,1,0,1,0,0,0,0,0,0,0,0,0,0,0,0,1,0
16330,2013006175,1703.0,1700.0,67,67301,39.9478,-75.1937,0,0,0,0,0,0,4,1,2013,4,17.0,3.0,7,1.0,3,0,3,  ,0,0.0,0,0,1,0,0,0,0,0,0,0,0,0,0,0,0,0,0
16331,2013006932,1826.0,1822.0,2,2407,40.343,-80.0352,0,0,0,0,0,0,5,1,2013,1,18.0,1.0,0,1.0,3,2,3,  ,2,3.0,1,0,0,0,0,0,0,0,0,0,0,0,0,0,0,0,0
16332,2013007393,1130.0,1108.0,15,15243,39.9633,-75.7244,0,0,0,0,0,0,5,1,2013,1,10.0,1.0,0,1.0,1,0,5,  ,0,0.0,1,0,0,0,0,0,0,0,0,0,0,0,0,0,0,0,0
16333,2013007596,1804.0,1800.0,9,9401,40.1004,-74.8707,0,0,0,0,0,0,4,1,2013,6,18.0,3.0,0,1.0,3,1,3,  ,3,3.0,0,0,1,0,0,0,0,0,0,0,0,0,0,0,0,0,0
16334,2013007735,1646.0,1644.0,66,66301,39.963,-76.7342,0,0,0,0,0,0,4,1,2013,7,16.0,1.0,0,1.0,3,0,3,  ,0,0.0,0,0,1,0,0,0,0,0,0,0,0,0,0,0,0,0,0
16335,2013008758,800.0,755.0,35,35302,41.4092,-75.6562,0,1,0,0,0,1,8,1,2013,4,7.0,1.0,0,1.0,3,1,3,  ,0,0.0,0,0,0,0,0,0,0,0,0,0,0,0,0,0,0,0,0
16336,2013008787,756.0,752.0,46,46103,40.2688,-75.2554,0,0,0,0,0,0,4,1,2013,3,7.0,1.0,0,1.0,3,1,3,  ,2,3.0,1,0,1,0,0,0,0,0,0,0,0,0,0,0,0,0,0
16337,2013008875,652.0,644.0,15,15247,40.007,-75.5851,1,0,0,0,0,0,7,1,2013,2,6.0,2.0,0,1.0,3,0,3,  ,0,0.0,1,1,0,0,0,0,1,1,0,1,0,0,0,0,0,0,0
16338,2013010012,1411.0,1404.0,22,22409,40.2013,-76.7243,0,0,0,0,0,0,4,1,2013,6,14.0,1.0,0,6.0,3,1,10,  ,2,3.0,1,0,1,0,0,0,0,0,0,0,0,0,0,0,0,0,0
16339,2013010061,1325.0,1318.0,2,2301,40.3893,-79.9936,0,0,0,0,0,1,4,1,2013,7,13.0,1.0,0,6.0,3,1,3,  ,3,3.0,0,0,1,0,0,0,0,0,0,0,0,0,0,0,0,0,0
16340,2013012349,1708.0,1706.0,11,11301,40.3408,-78.9268,0,0,0,0,0,0,4,1,2013,3,17.0,1.0,0,1.0,3,1,3,  ,3,3.0,0,0,1,0,0,0,0,0,0,0,0,0,0,0,0,0,0
16341,2013012919,1836.0,1831.0,36,36412,40.0167,-76.3507,0,0,0,0,0,1,1,1,2013,7,18.0,3.0,0,1.0,3,0,3,  ,0,0.0,1,1,0,0,0,0,1,0,0,1,0,0,0,0,0,0,0
16342,2013013183,1648.0,1643.0,6,6301,40.3335,-75.9172,0,0,0,0,0,1,4,2,2013,6,16.0,1.0,0,1.0,3,1,3,  ,3,3.0,0,0,1,0,0,0,0,0,0,0,0,0,0,0,0,1,0
16343,2013013667,641.0,640.0,36,36413,40.1093,-76.5001,0,0,0,0,0,0,1,1,2013,3,6.0,3.0,0,9.0,2,3,7,  ,3,3.0,1,0,0,0,0,0,0,0,0,0,0,0,0,0,0,0,0
16344,2013013754,1830.0,1825.0,9,9101,40.1348,-74.8839,0,1,0,0,0,0,4,2,2013,7,18.0,3.0,0,1.0,3,0,3,  ,0,0.0,0,0,1,0,0,0,0,0,0,0,0,0,0,0,0,0,0
16345,2013016195,2337.0,2335.0,67,67301,40.0477,-75.06,0,0,0,0,0,0,4,1,2013,2,23.0,3.0,0,9.0,3,1,7,  ,2,3.0,0,0,1,0,0,0,0,0,0,0,0,0,0,0,0,0,0
16346,2013016260,1935.0,1933.0,67,67301,39.9537,-75.1991,0,0,0,0,0,0,1,1,2013,2,19.0,1.0,0,1.0,3,0,3,  ,0,0.0,0,0,0,0,0,0,0,0,0,0,0,0,0,0,0,0,0
16347,2013016887,2153.0,2148.0,39,39102,40.6244,-75.4821,0,0,0,0,0,1,4,2,2013,3,21.0,3.0,0,9.0,3,1,9,  ,2,3.0,0,0,1,0,0,0,0,0,0,0,0,0,0,0,0,0,0
16348,2013017374,1646.0,1645.0,53,53301,40.6881,-76.1982,0,0,0,0,0,0,4,2,2013,2,16.0,1.0,0,1.0,2,0,3,  ,0,0.0,0,0,1,0,0,0,0,0,0,0,0,0,0,0,0,0,0
16349,2013017427,1944.0,1944.0,46,46411,40.2368,-75.2885,0,0,0,0,0,0,2,2,2013,5,19.0,3.0,0,1.0,3,1,3,  ,2,3.0,0,0,0,0,0,0,0,0,0,0,0,0,0,0,0,0,0
16350,2013018931,1740.0,1740.0,46,46105,40.1555,-75.0445,0,0,0,0,0,0,5,2,2013,3,17.0,4.0,0,9.0,3,0,10,  ,0,0.0,1,0,0,0,0,0,0,0,0,0,0,0,0,0,0,0,0
16351,2013019042,1519.0,1517.0,24,24301,41.4267,-78.5703,0,0,0,0,0,0,4,2,2013,3,15.0,1.0,0,1.0,2,2,3,  ,3,3.0,1,0,1,0,0,0,0,0,0,0,0,0,0,0,0,1,0
16352,2013019800,1447.0,1443.0,36,36101,40.0888,-76.3051,0,0,0,0,1,0,4,2,2013,4,14.0,1.0,0,1.0,3,2,3,  ,2,3.0,0,0,1,0,0,0,0,0,0,0,0,0,0,0,0,0,0
16353,2013019808,2132.0,2128.0,2,2301,40.4474,-79.9425,0,0,0,0,1,0,1,2,2013,5,21.0,3.0,0,1.0,3,1,3,  ,2,3.0,0,0,0,0,0,0,0,0,0,0,0,0,0,0,0,0,0
16354,2013020265,1346.0,1344.0,48,48301,40.6251,-75.3818,0,0,0,0,0,0,4,2,2013,1,13.0,1.0,0,1.0,3,1,3,  ,2,3.0,0,0,1,0,0,0,0,0,0,0,0,0,0,0,0,0,1
16355,2013020277,248.0,228.0,2,2301,40.4288,-79.9853,0,0,0,0,0,0,1,2,2013,7,2.0,3.0,0,1.0,3,1,3,  ,2,3.0,1,1,0,0,1,0,1,0,0,1,0,0,0,1,0,0,0
16356,2013020720,1852.0,1848.0,2,2301,40.4383,-79.9961,0,0,0,0,0,0,8,2,2013,1,18.0,3.0,0,1.0,3,1,3,  ,2,3.0,0,0,0,0,0,0,0,0,0,0,0,0,0,0,0,0,0
16357,2013020747,2105.0,2102.0,2,2301,40.4572,-79.9341,0,0,0,0,1,0,4,2,2013,1,21.0,3.0,0,1.0,3,1,3,  ,2,3.0,0,0,1,0,0,1,0,0,0,0,0,0,0,0,0,0,0
16358,2013021209,1655.0,1652.0,6,6301,40.3459,-75.9198,0,0,0,0,0,0,2,2,2013,3,16.0,1.0,0,9.0,3,1,7,  ,2,3.0,0,0,0,0,0,0,0,0,0,0,0,0,0,0,0,0,0
16359,2013021321,1634.0,1629.0,7,7205,40.4211,-78.3615,0,0,0,0,0,0,5,2,2013,5,16.0,1.0,0,1.0,1,0,3,  ,0,0.0,0,0,0,0,0,0,0,0,0,0,0,0,0,0,0,1,0
16360,2013022200,1245.0,1237.0,67,67301,40.023,-75.2171,0,1,0,0,0,0,4,1,2013,7,12.0,1.0,0,1.0,3,2,3,  ,3,3.0,0,0,1,0,0,0,0,0,0,0,0,0,0,0,0,0,0
16361,2013022217,1700.0,930.0,67,67301,39.9496,-75.1667,0,0,0,0,1,0,5,1,2013,4,9.0,1.0,0,9.0,3,2,7,  ,0,0.0,0,0,0,0,0,0,0,0,0,0,0,0,0,0,0,0,0
16362,2013022267,1555.0,1545.0,67,67301,39.9556,-75.2023,0,0,0,0,0,0,4,1,2013,2,15.0,1.0,0,9.0,3,1,7,  ,2,3.0,0,0,1,0,0,0,0,0,0,0,0,0,0,0,0,1,0
16363,2013022313,1953.0,1652.0,67,67301,39.9925,-75.1401,0,0,0,0,0,0,2,1,2013,2,19.0,1.0,7,1.0,3,0,3,  ,0,0.0,0,0,0,0,0,0,0,0,0,0,0,0,0,0,0,0,0
16364,2013022329,1730.0,1717.0,67,67301,40.0759,-75.0809,0,0,0,0,0,0,8,1,2013,5,17.0,3.0,0,1.0,3,1,3,  ,2,3.0,1,0,0,0,0,0,0,0,0,0,0,0,0,0,0,0,0
16365,2013023435,804.0,758.0,23,23110,39.8309,-75.4395,0,0,0,0,0,0,4,2,2013,2,7.0,1.0,7,1.0,3,10,3,  ,0,0.0,0,0,1,0,0,0,0,0,0,0,0,0,0,0,0,0,0
16366,2013023910,1259.0,1254.0,35,35302,41.4067,-75.6618,0,0,0,0,0,0,4,2,2013,3,12.0,1.0,0,1.0,3,1,3,  ,0,0.0,0,0,1,0,0,0,0,0,0,0,0,0,0,0,0,0,0
16367,2013026027,851.0,848.0,21,21402,40.1905,-77.2031,0,0,0,0,0,0,4,2,2013,3,8.0,1.0,0,1.0,2,2,3,  ,3,3.0,0,0,1,0,0,0,0,0,0,0,0,0,0,0,0,0,0
16368,2013026863,1150.0,1145.0,2,2301,40.4433,-79.9966,0,0,1,0,0,0,5,3,2013,4,11.0,1.0,0,9.0,3,3,10,  ,2,3.0,0,0,0,0,1,0,0,0,0,0,0,0,0,0,0,0,0
16369,2013027290,1614.0,1606.0,6,6237,40.3273,-75.9918,0,0,0,0,0,0,4,3,2013,4,14.0,1.0,0,9.0,3,2,7,  ,3,3.0,0,0,1,0,0,0,0,0,0,0,0,0,0,0,0,0,0
16370,2013027472,2218.0,2214.0,2,2301,40.4111,-79.9555,0,0,0,0,0,0,4,3,2013,5,22.0,3.0,0,1.0,3,2,3,  ,2,3.0,0,0,1,0,0,0,0,0,0,0,0,0,0,0,0,0,0
16371,2013027946,1457.0,1454.0,46,46225,40.1704,-75.296,0,0,0,0,0,0,8,3,2013,7,14.0,1.0,0,1.0,3,0,3,  ,0,0.0,0,0,0,0,0,0,0,0,0,0,0,0,0,0,0,1,0
16372,2013028351,1600.0,1600.0,28,28205,39.9317,-77.7102,0,0,0,0,0,0,5,3,2013,7,16.0,1.0,0,1.0,2,0,3,  ,0,0.0,1,0,0,0,0,0,0,0,0,0,0,0,0,0,0,1,0
16373,2013028502,1304.0,1303.0,15,15414,39.9565,-75.601,0,0,0,0,0,0,4,3,2013,2,13.0,1.0,0,1.0,3,2,3,  ,0,0.0,0,0,1,0,0,0,0,0,0,0,0,0,0,0,0,0,0
16374,2013028503,1940.0,1940.0,23,23103,39.9943,-75.2905,0,0,0,0,0,1,5,3,2013,3,19.0,1.0,0,1.0,3,2,3,  ,0,0.0,0,0,0,0,0,0,0,0,0,0,0,0,0,0,0,1,0
16375,2013028917,1520.0,1515.0,66,66301,39.9637,-76.7317,0,0,0,0,1,0,4,3,2013,3,15.0,1.0,0,9.0,3,2,3,  ,0,0.0,0,0,1,0,0,0,0,0,0,0,0,0,0,0,0,0,0
16376,2013029270,1609.0,1609.0,39,39302,40.6226,-75.395,0,0,0,0,0,0,4,3,2013,4,16.0,1.0,0,1.0,3,1,3,  ,2,3.0,1,0,1,0,0,0,0,0,0,0,0,0,0,0,0,0,0
16377,2013029550,812.0,812.0,14,14410,40.7901,-77.8541,0,0,0,0,0,1,4,3,2013,4,8.0,1.0,0,1.0,3,1,3,  ,3,3.0,1,0,1,0,0,0,0,0,0,0,0,0,0,0,0,0,0
16378,2013029657,914.0,913.0,67,67301,40.0418,-75.144,0,0,0,0,0,0,1,2,2013,2,9.0,1.0,0,1.0,3,0,3,  ,0,0.0,0,0,0,0,0,1,0,0,0,0,0,0,0,0,0,0,0
16379,2013029659,1845.0,1840.0,67,67301,39.9602,-75.1909,0,0,0,0,0,1,4,2,2013,5,18.0,3.0,0,1.0,3,1,3,  ,2,3.0,1,0,1,0,0,0,0,0,0,0,0,0,0,0,0,0,0
16380,2013029721,2100.0,2045.0,67,67301,39.9744,-75.1178,0,0,0,0,0,0,4,2,2013,6,20.0,3.0,0,1.0,3,2,3,  ,0,0.0,0,0,1,0,0,0,0,0,0,0,0,0,0,0,0,0,0
16381,2013029751,1205.0,1205.0,67,67301,39.9605,-75.1736,0,0,0,0,0,1,4,1,2013,4,9.0,1.0,0,1.0,3,1,3,  ,2,3.0,0,0,1,0,0,0,0,0,0,0,0,0,0,0,0,0,0
16382,2013029785,1152.0,1145.0,67,67301,40.0477,-75.06,0,0,0,0,0,1,4,1,2013,4,11.0,1.0,0,1.0,3,1,3,  ,2,3.0,1,0,1,0,0,0,0,0,0,0,1,0,0,0,0,0,0
16383,2013030974,1050.0,1041.0,36,36238,40.1228,-76.144,0,0,0,0,0,0,4,3,2013,1,10.0,1.0,0,1.0,3,2,3,  ,3,3.0,1,0,1,0,0,0,0,0,0,0,0,0,0,0,0,0,0
16384,2013031547,1225.0,1220.0,2,2301,40.4477,-79.9389,0,0,0,0,0,0,5,3,2013,3,11.0,1.0,0,1.0,3,1,3,  ,2,3.0,0,0,0,0,0,0,0,0,0,0,0,0,0,0,0,0,0
16385,2013031778,1914.0,1914.0,2,2301,40.438,-79.9277,0,0,0,0,0,0,4,3,2013,3,19.0,1.0,0,1.0,3,1,3,  ,2,3.0,0,0,1,0,0,1,0,0,0,0,0,0,0,0,0,0,0
16386,2013031869,1557.0,1545.0,10,10416,40.9067,-80.0547,0,0,0,0,0,0,8,3,2013,7,15.0,1.0,0,1.0,1,0,3,  ,0,0.0,0,0,0,0,0,0,0,0,0,0,0,0,0,0,0,1,0
16387,2013032435,814.0,810.0,67,67301,39.9486,-75.1525,0,0,0,0,1,0,5,2,2013,6,8.0,1.0,0,1.0,3,0,3,  ,0,0.0,0,0,0,0,0,0,0,0,0,0,0,0,0,0,0,0,0
16388,2013032448,1650.0,1645.0,67,67301,39.9556,-75.1895,0,0,0,0,0,0,4,2,2013,6,16.0,1.0,0,1.0,3,1,3,  ,2,3.0,0,0,1,0,0,0,0,0,0,0,0,0,0,0,0,0,0
16389,2013032458,1758.0,1755.0,67,67301,40.0787,-74.9985,0,0,0,0,1,0,4,2,2013,2,17.0,4.0,0,1.0,3,1,3,  ,2,3.0,0,0,1,0,0,0,0,0,0,0,0,0,0,0,0,0,0
16390,2013033504,1117.0,1113.0,22,22407,40.264,-76.7179,0,0,0,0,1,0,4,3,2013,1,11.0,1.0,0,1.0,3,1,3,  ,0,0.0,0,0,1,0,0,0,0,0,0,0,0,0,0,0,0,0,0
16391,2013033825,1617.0,1615.0,25,25302,42.1271,-80.0854,0,0,0,0,0,0,4,3,2013,2,16.0,1.0,0,1.0,3,0,3,  ,0,0.0,0,0,1,0,0,0,0,0,0,0,0,0,0,0,0,0,0
16392,2013033853,1731.0,1728.0,46,46104,40.0347,-75.2912,0,0,0,0,0,0,4,3,2013,5,17.0,1.0,0,1.0,3,1,3,  ,3,3.0,0,0,1,0,0,0,0,0,0,0,0,0,0,0,0,1,0
16393,2013033967,2000.0,1930.0,64,64211,40.4924,-79.4599,0,0,0,0,0,0,8,3,2013,5,18.0,2.0,0,1.0,1,0,3,  ,0,0.0,0,1,0,0,0,0,0,0,0,0,0,0,0,0,0,0,0
16394,2013034898,643.0,641.0,2,2304,40.34,-79.8268,0,0,0,0,0,0,8,3,2013,5,6.0,3.0,0,1.0,3,1,3,  ,2,3.0,1,0,0,0,0,0,0,0,0,0,0,0,0,0,0,0,0
16395,2013034975,1945.0,1944.0,48,48301,40.6093,-75.3758,0,0,0,0,0,0,4,3,2013,4,19.0,3.0,0,1.0,3,2,3,  ,0,0.0,1,0,1,0,0,0,0,0,0,0,0,0,0,0,0,0,1
16396,2013034985,1040.0,1034.0,67,67301,39.9596,-75.197,0,0,0,0,0,0,4,2,2013,5,10.0,1.0,0,1.0,3,1,3,  ,2,3.0,0,0,1,0,0,0,0,0,0,0,0,0,0,0,0,1,0