,CRN,ARRIVAL_TM,DISPATCH_TM,COUNTY,MUNICIPALITY,DEC_LAT,DEC_LONG,BICYCLE_DEATH_COUNT,BICYCLE_SUSP_SERIOUS_INJ_COUNT,BUS_COUNT,HEAVY_TRUCK_COUNT,SMALL_TRUCK_COUNT,SUV_COUNT,COLLISION_TYPE,CRASH_MONTH,CRASH_YEAR,DAY_OF_WEEK,HOUR_OF_DAY,ILLUMINATION,LOCATION_TYPE,ROAD_CONDITION,URBAN_RURAL,INTERSECT_TYPE,WEATHER1,WEATHER2,TCD_TYPE,TCD_FUNC_CD,AGGRESSIVE_DRIVING,ALCOHOL_RELATED,ANGLE_CRASH,CELL_PHONE,COMM_VEHICLE,DISTRACTED,DRINKING_DRIVER,DRUGGED_DRIVER,FATIGUE_ASLEEP,IMPAIRED_DRIVER,NHTSA_AGG_DRIVING,RUNNING_RED_LT,RUNNING_STOP_SIGN,SPEEDING_RELATED,TAILGATING,MATURE_DRIVER,YOUNG_DRIVER
16397,2013035071,1358.0,1354.0,67,67301,39.9448,-75.1517,0,0,0,0,1,0,5,3,2013,4,13.0,1.0,0,1.0,3,0,3,  ,0,0.0,0,0,0,0,0,0,0,0,0,0,0,0,0,0,0,0,0
16398,2013035162,2020.0,2020.0,67,67301,39.9633,-75.1885,0,0,0,0,0,0,4,3,2013,2,20.0,3.0,0,1.0,3,2,3,  ,2,3.0,0,0,1,0,0,0,0,0,0,0,0,0,0,0,0,0,0
16399,2013035219,2126.0,2124.0,67,67301,40.0538,-75.0863,0,0,0,0,1,0,1,3,2013,6,21.0,3.0,0,1.0,3,1,3,  ,2,3.0,0,0,0,0,0,0,0,0,0,0,0,0,0,0,0,0,0
16400,2013035341,1355.0,1351.0,23,23106,40.0529,-75.3494,0,0,0,0,0,0,4,3,2013,1,13.0,1.0,0,1.0,3,1,3,  ,2,3.0,0,0,1,0,0,0,0,0,0,0,0,0,0,0,0,1,0
16401,2013035648,1749.0,1744.0,67,67301,39.9385,-75.1716,0,0,0,0,0,0,4,2,2013,1,17.0,1.0,7,1.0,3,0,3,  ,0,0.0,0,0,1,0,0,0,0,0,0,0,0,0,0,0,0,0,0
16402,2013036095,106.0,106.0,25,25302,42.1344,-80.0651,0,1,0,0,0,0,4,4,2013,2,1.0,3.0,0,9.0,3,1,3,  ,2,3.0,0,1,1,0,0,0,1,0,0,1,0,0,0,1,0,0,0
16403,2013036859,1730.0,1725.0,2,2466,40.4846,-79.7675,0,0,0,0,0,1,4,4,2013,3,17.0,1.0,0,1.0,3,2,3,  ,3,3.0,0,0,1,0,0,0,0,1,0,1,0,0,0,0,0,0,0
16404,2013036862,1603.0,1601.0,23,23108,39.9236,-75.3387,0,0,0,0,0,1,4,3,2013,5,16.0,1.0,7,1.0,3,0,3,  ,2,3.0,1,0,1,0,0,1,0,0,0,0,0,0,0,0,0,1,0
16405,2013037131,1900.0,1900.0,47,47401,40.962,-76.6137,0,0,0,0,0,0,4,4,2013,3,18.0,1.0,0,1.0,2,1,3,  ,3,3.0,0,0,1,0,0,0,0,0,0,0,0,0,0,0,0,0,0
16406,2013037250,1423.0,1419.0,46,46101,40.1344,-75.1089,0,0,0,0,0,0,4,4,2013,3,14.0,1.0,0,1.0,3,1,3,  ,3,3.0,1,0,1,0,0,1,0,0,0,0,0,0,0,0,0,1,0
16407,2013037535,1654.0,1651.0,46,46102,40.0948,-75.1492,0,0,0,0,0,0,4,4,2013,5,16.0,4.0,0,1.0,3,1,3,  ,3,3.0,0,0,1,0,0,0,0,0,0,0,0,0,0,0,0,0,0
16408,2013037867,1747.0,1743.0,10,10301,40.854,-79.887,0,0,0,0,1,0,4,4,2013,6,16.0,1.0,0,1.0,2,2,3,  ,3,3.0,0,0,1,0,0,0,0,0,0,0,0,0,0,0,0,0,0
16409,2013037896,1820.0,1818.0,15,15414,39.9618,-75.6052,0,0,0,0,0,0,5,4,2013,4,18.0,1.0,0,1.0,3,0,3,  ,0,0.0,0,0,0,0,0,0,0,0,0,0,0,0,0,0,0,0,0
16410,2013037972,1850.0,1847.0,23,23107,39.8908,-75.3171,0,0,0,0,0,0,4,4,2013,6,18.0,1.0,0,1.0,3,0,3,  ,0,0.0,0,0,1,0,0,0,0,0,0,0,0,0,0,0,0,0,0
16411,2013038063,743.0,742.0,46,46109,40.1553,-75.1755,0,0,0,0,0,0,4,4,2013,7,7.0,1.0,0,1.0,3,1,3,  ,2,3.0,1,0,1,0,0,0,0,0,0,0,0,0,0,0,0,0,0
16412,2013038079,1050.0,1046.0,40,40304,41.2447,-75.8806,0,0,0,0,0,0,2,4,2013,7,10.0,1.0,0,1.0,3,1,3,  ,2,3.0,0,0,0,0,0,0,0,0,0,0,0,0,0,0,0,0,0
16413,2013038125,1609.0,1527.0,19,19402,41.0607,-76.2504,0,0,0,0,1,0,6,4,2013,7,15.0,1.0,0,1.0,2,2,3,  ,0,0.0,0,1,0,0,0,0,0,0,0,0,0,0,0,0,0,0,0
16414,2013038780,1447.0,1445.0,46,46101,40.1225,-75.1358,0,1,0,0,0,0,4,4,2013,6,14.0,1.0,0,1.0,3,0,3,  ,0,0.0,1,0,1,0,0,0,0,0,0,0,0,0,0,0,0,0,1
16415,2013038836,1722.0,1719.0,23,23111,39.9488,-75.3056,0,0,0,0,1,0,4,4,2013,2,17.0,1.0,0,1.0,3,1,3,  ,2,3.0,0,0,1,0,0,0,0,0,0,0,0,0,0,0,0,0,0
16416,2013038843,652.0,649.0,46,46107,40.1121,-75.321,0,0,0,0,0,1,4,4,2013,3,6.0,1.0,0,1.0,3,1,3,  ,3,3.0,1,0,1,0,0,0,0,0,0,0,0,0,0,0,0,0,0
16417,2013039060,157.0,145.0,2,2301,40.4627,-79.9509,0,0,0,0,0,0,8,4,2013,7,1.0,3.0,0,1.0,3,1,3,  ,2,3.0,0,0,0,0,0,0,0,0,0,0,0,0,0,0,0,0,0
16418,2013039157,802.0,758.0,23,23108,39.9134,-75.3545,0,0,0,0,0,1,4,4,2013,4,7.0,1.0,0,1.0,3,1,3,  ,2,3.0,0,0,1,0,0,0,0,0,0,0,0,0,0,0,0,0,0
16419,2013039169,836.0,827.0,21,21404,40.2091,-77.0236,0,0,0,0,0,0,4,4,2013,4,8.0,1.0,7,1.0,3,0,3,  ,3,3.0,1,0,1,0,0,0,0,0,0,0,0,0,0,1,0,0,0
16420,2013039791,1112.0,1108.0,9,9202,40.1015,-74.9414,0,0,0,0,0,0,4,4,2013,6,11.0,1.0,7,9.0,3,0,7,  ,3,3.0,1,0,1,0,0,0,0,0,0,0,0,0,0,0,0,0,0
16421,2013039847,1755.0,1752.0,37,37204,41.0292,-80.4943,0,0,0,0,0,1,4,4,2013,5,17.0,1.0,0,1.0,1,1,3,  ,0,0.0,0,0,1,0,0,0,0,0,0,0,0,0,0,0,0,0,0
16422,2013039961,1957.0,1956.0,9,9401,40.102,-74.8558,0,0,0,0,0,1,4,4,2013,1,19.0,3.0,0,1.0,3,2,3,  ,3,3.0,1,0,1,0,0,0,0,0,0,0,0,0,0,0,0,0,0
16423,2013040049,1517.0,1514.0,36,36405,40.2336,-76.1367,0,0,0,0,0,1,4,4,2013,6,15.0,1.0,0,1.0,1,1,3,  ,0,0.0,0,0,1,0,0,0,0,0,0,0,0,0,0,0,0,1,0
16424,2013040080,1124.0,1121.0,66,66217,40.0089,-76.7494,0,0,0,0,0,1,5,4,2013,7,11.0,1.0,0,1.0,3,0,3,  ,0,0.0,0,0,0,0,0,0,0,0,0,0,0,0,0,0,0,0,0
16425,2013040294,1602.0,1603.0,46,46201,40.3277,-75.6254,0,0,0,0,0,0,4,4,2013,6,16.0,1.0,0,1.0,1,1,3,  ,3,3.0,0,0,1,0,0,0,0,0,0,0,0,0,0,0,0,0,0
16426,2013040372,1701.0,1657.0,41,41301,41.2548,-77.0248,0,0,0,0,0,0,8,4,2013,1,16.0,1.0,0,1.0,3,2,3,  ,3,3.0,0,0,0,0,0,0,0,0,0,0,0,0,0,0,0,0,1
16427,2013040456,1931.0,1700.0,21,21207,40.1706,-77.0274,0,0,0,0,0,0,5,4,2013,3,18.0,1.0,0,1.0,1,0,3,  ,3,3.0,0,0,0,0,0,0,0,0,0,0,0,0,0,0,0,0,0
16428,2013040487,1611.0,1610.0,21,21402,40.2013,-77.1966,0,0,0,0,0,0,4,4,2013,4,16.0,1.0,0,1.0,2,2,3,  ,3,3.0,0,0,1,0,0,0,0,0,0,0,0,0,0,0,0,0,0
16429,2013040568,1157.0,1151.0,41,41301,41.2406,-77.0139,0,0,0,0,0,0,4,4,2013,2,11.0,1.0,0,1.0,3,1,3,  ,3,3.0,1,0,1,0,0,0,0,0,0,0,0,0,0,0,0,0,0
16430,2013040603,1555.0,1551.0,15,15414,39.9573,-75.6019,0,0,0,0,1,0,4,4,2013,6,7.0,1.0,0,9.0,3,1,7,  ,2,3.0,1,0,1,0,0,0,0,0,0,0,0,0,0,0,0,0,0
16431,2013040749,2035.0,2029.0,14,14410,40.8,-77.8603,0,0,0,0,0,0,4,4,2013,5,20.0,3.0,0,1.0,3,2,3,  ,3,3.0,1,0,1,0,0,0,0,0,0,0,0,0,1,0,0,0,1
16432,2013040869,1657.0,1655.0,66,66301,39.9622,-76.7426,0,0,0,0,0,0,4,4,2013,3,16.0,1.0,0,1.0,3,1,3,  ,3,3.0,0,0,1,0,0,0,0,0,0,0,0,0,0,0,0,0,0
16433,2013040874,1751.0,1748.0,39,39301,40.5993,-75.4852,0,0,0,0,0,0,2,4,2013,3,17.0,1.0,0,1.0,3,1,3,  ,0,0.0,1,0,0,0,0,0,0,0,0,0,0,0,0,0,0,0,0
16434,2013040895,1716.0,1710.0,45,45404,40.9873,-75.207,0,0,0,0,0,0,4,4,2013,7,9.0,1.0,7,1.0,2,0,3,  ,0,0.0,0,0,1,0,0,0,0,0,0,0,0,0,0,0,0,0,0
16435,2013041111,1725.0,1721.0,46,46101,40.0869,-75.1105,0,0,0,0,0,0,5,4,2013,5,17.0,1.0,0,1.0,3,2,3,  ,0,0.0,0,0,0,0,0,1,0,0,0,0,0,0,0,0,0,0,1
16436,2013041205,1730.0,1726.0,39,39102,40.6414,-75.4864,0,0,0,0,0,0,4,4,2013,3,17.0,1.0,0,1.0,3,0,3,  ,0,0.0,0,0,1,0,0,0,0,0,0,0,0,0,0,0,0,0,0
16437,2013041265,2033.0,1021.0,36,36234,40.0876,-76.1876,0,0,0,0,0,0,6,4,2013,4,10.0,1.0,0,1.0,1,0,3,  ,0,0.0,0,0,0,0,0,0,0,0,0,0,0,0,0,0,0,1,0
16438,2013041276,2225.0,2225.0,67,67301,40.0001,-75.1416,0,0,0,0,0,0,4,3,2013,7,22.0,3.0,0,1.0,3,1,3,  ,0,0.0,1,0,1,0,0,0,0,0,0,0,1,0,0,1,0,0,1
16439,2013041292,1740.0,1735.0,67,67301,39.9668,-75.1788,0,0,0,0,0,0,4,3,2013,1,17.0,1.0,0,1.0,3,1,3,  ,2,3.0,1,0,1,0,0,0,0,0,0,0,0,0,0,0,0,0,0
16440,2013041301,2101.0,2058.0,67,67301,39.9745,-75.1331,0,0,0,0,0,0,4,3,2013,7,20.0,3.0,0,9.0,3,1,7,  ,0,0.0,1,0,1,0,0,0,0,0,0,0,0,0,0,0,0,0,0
16441,2013041344,2105.0,2102.0,67,67301,39.9381,-75.1685,0,0,0,0,0,1,8,3,2013,5,20.0,3.0,0,1.0,3,1,3,  ,2,3.0,1,0,0,0,0,0,0,0,0,0,0,1,0,0,0,0,0
16442,2013041377,1120.0,1115.0,67,67301,39.9428,-75.1656,0,0,0,0,0,0,4,3,2013,6,10.0,1.0,0,1.0,3,1,3,  ,2,3.0,0,0,1,0,0,0,0,0,0,0,0,0,0,0,0,0,0
16443,2013041561,2049.0,2039.0,6,6427,40.3323,-75.9481,0,0,0,0,0,0,1,4,2013,4,20.0,3.0,0,1.0,3,1,3,  ,0,0.0,1,0,0,0,0,0,0,0,0,0,0,0,0,0,1,0,0
16444,2013041697,1545.0,1541.0,35,35302,41.3996,-75.6656,0,0,0,0,0,0,4,4,2013,4,22.0,3.0,0,1.0,3,1,3,  ,0,0.0,0,0,1,0,0,0,0,0,0,0,0,0,0,0,0,0,0
16445,2013041793,1728.0,1728.0,25,25101,42.1526,-80.0164,0,0,0,0,0,0,4,4,2013,5,17.0,1.0,0,1.0,3,5,3,  ,2,3.0,1,0,1,0,0,0,0,0,0,0,0,0,0,1,0,0,0
16446,2013041943,1355.0,1348.0,66,66301,39.9715,-76.7044,0,0,0,0,0,1,4,4,2013,6,13.0,1.0,0,1.0,3,1,3,  ,3,3.0,0,0,1,0,0,0,0,0,0,0,0,0,0,0,0,0,0
16447,2013041978,1658.0,1655.0,46,46225,40.1588,-75.2768,0,0,0,0,0,0,4,4,2013,6,16.0,1.0,0,1.0,3,0,3,  ,0,0.0,0,0,1,0,0,0,0,0,0,0,0,0,0,0,0,1,0
16448,2013042245,1225.0,1223.0,46,46103,40.2538,-75.3057,0,0,0,0,0,0,4,4,2013,7,12.0,1.0,7,1.0,3,0,3,  ,0,0.0,1,0,1,0,0,0,0,0,0,0,0,0,0,0,0,0,0
16449,2013042365,1630.0,1625.0,23,23111,39.9476,-75.3245,0,0,0,0,0,0,4,4,2013,7,16.0,1.0,0,1.0,3,0,3,  ,0,0.0,0,0,1,0,0,0,0,0,0,0,0,0,0,0,0,0,0
16450,2013042394,1448.0,1445.0,10,10301,40.8634,-79.903,0,0,0,0,0,0,4,4,2013,1,14.0,1.0,0,1.0,2,2,3,  ,0,0.0,0,0,1,0,0,0,0,0,0,0,0,0,0,0,0,1,0
16451,2013042560,1922.0,1921.0,21,21402,40.2064,-77.1873,0,0,0,0,1,0,4,4,2013,5,19.0,1.0,0,1.0,2,3,3,  ,0,0.0,1,1,1,0,0,0,0,0,0,0,0,0,0,0,0,1,0
16452,2013042620,1118.0,1115.0,25,25213,42.1064,-80.1411,0,0,0,0,0,0,4,4,2013,2,11.0,1.0,0,1.0,3,2,3,  ,3,3.0,0,0,1,0,0,0,0,0,0,0,0,0,0,0,0,1,0
16453,2013042857,1713.0,1711.0,2,2301,40.4459,-79.9014,0,1,0,0,0,1,8,4,2013,2,17.0,1.0,0,1.0,3,2,3,  ,0,0.0,0,0,0,0,0,0,0,0,0,0,0,0,0,0,0,0,0
16454,2013043216,1859.0,1853.0,14,14410,40.7933,-77.8471,0,0,0,0,0,0,4,4,2013,3,18.0,1.0,0,1.0,3,1,3,  ,3,3.0,1,0,1,0,0,0,0,0,0,0,0,0,0,0,0,1,0
16455,2013043430,2043.0,2039.0,67,67301,39.9368,-75.1736,0,0,0,0,0,0,4,3,2013,2,20.0,3.0,0,9.0,3,1,7,  ,3,3.0,0,1,1,0,0,0,0,0,0,0,0,0,0,0,0,0,0
16456,2013043456,1732.0,718.0,67,67301,39.9965,-75.1501,0,0,0,0,0,0,4,3,2013,3,7.0,1.0,0,1.0,3,1,3,  ,3,3.0,0,0,1,0,0,0,0,0,0,0,0,0,0,0,0,0,0
16457,2013043538,2202.0,2157.0,36,36223,40.0142,-76.3755,0,0,0,0,0,0,1,4,2013,1,21.0,2.0,0,1.0,1,1,3,  ,3,3.0,0,0,0,0,0,0,0,0,0,0,0,0,0,0,0,0,0
16458,2013043615,1855.0,1847.0,36,36214,40.0403,-76.377,0,1,0,0,1,0,4,4,2013,4,18.0,4.0,0,1.0,3,0,3,  ,0,0.0,0,1,1,0,0,0,0,0,0,0,0,0,0,0,0,0,0
16459,2013043678,1711.0,1711.0,44,44403,40.5976,-77.5746,0,0,0,0,0,0,4,4,2013,2,17.0,1.0,0,1.0,2,2,3,  ,0,0.0,0,0,1,0,0,0,0,0,0,0,0,0,0,0,0,0,0
16460,2013043747,1725.0,1725.0,67,67301,39.9826,-75.2148,0,0,0,0,0,0,4,3,2013,7,17.0,1.0,0,1.0,3,0,3,  ,0,0.0,1,0,1,0,0,0,0,0,0,0,0,0,0,0,0,1,0
16461,2013043764,1505.0,1500.0,67,67301,39.9592,-75.1437,0,0,0,0,0,0,4,3,2013,1,15.0,1.0,0,1.0,3,0,3,  ,0,0.0,0,0,1,0,0,0,0,0,0,0,0,0,0,0,0,0,0
16462,2013043784,750.0,745.0,67,67301,39.9808,-75.1888,0,0,0,0,0,0,5,4,2013,3,7.0,1.0,0,1.0,3,0,3,  ,0,0.0,1,0,0,0,0,0,0,0,0,0,0,0,0,0,0,0,0
16463,2013043802,838.0,835.0,67,67301,40.0211,-75.1399,0,0,0,0,1,0,4,3,2013,5,8.0,1.0,0,1.0,3,1,3,  ,2,3.0,0,0,1,0,0,0,0,0,0,0,0,0,0,0,0,0,0
16464,2013043824,1630.0,1626.0,67,67301,39.9675,-75.14,0,0,0,0,0,0,8,3,2013,6,15.0,1.0,0,1.0,3,2,3,  ,0,0.0,0,0,0,0,0,0,0,0,0,0,0,0,0,0,0,0,0
16465,2013043825,205.0,201.0,67,67301,39.9366,-75.1519,0,0,0,0,0,0,1,3,2013,7,2.0,3.0,0,1.0,3,0,3,  ,0,0.0,0,0,0,0,0,0,0,0,0,0,0,0,0,0,0,0,0
16466,2013043888,1038.0,1020.0,38,38407,40.3577,-76.259,0,0,0,0,0,0,4,4,2013,4,10.0,1.0,0,1.0,1,1,3,  ,0,0.0,0,0,1,0,0,1,0,0,0,0,0,0,0,0,0,0,0
16467,2013044010,1745.0,1745.0,2,2301,40.4393,-79.9909,0,0,0,0,0,1,6,4,2013,4,17.0,1.0,0,1.0,3,0,3,  ,0,0.0,1,0,0,0,0,0,0,0,0,0,0,0,0,0,0,0,0
16468,2013044427,1157.0,1103.0,2,2301,40.4392,-79.9665,0,0,0,0,0,1,4,4,2013,7,11.0,1.0,0,1.0,3,0,3,  ,0,0.0,0,0,1,0,0,0,0,0,0,0,0,0,0,0,0,0,1
16469,2013044523,2009.0,2007.0,41,41301,41.2431,-77.0328,0,0,0,0,0,0,4,4,2013,7,20.0,1.0,0,1.0,3,1,3,  ,3,3.0,0,0,1,0,0,0,0,0,0,0,0,0,0,0,0,0,0
16470,2013044679,1220.0,1216.0,10,10101,40.845,-79.9667,0,0,0,0,0,0,5,4,2013,7,12.0,1.0,0,1.0,2,0,3,  ,0,0.0,0,0,0,0,0,0,0,0,0,0,0,0,0,0,0,0,0
16471,2013044734,1821.0,1816.0,6,6301,40.3392,-75.9356,0,0,0,0,1,0,4,4,2013,1,18.0,1.0,0,1.0,3,2,3,  ,0,0.0,0,0,1,0,0,0,0,0,0,0,0,0,0,0,0,0,0
16472,2013044808,2006.0,2006.0,39,39405,40.5368,-75.4978,0,0,0,0,0,0,4,4,2013,7,11.0,1.0,0,1.0,3,2,3,  ,0,0.0,0,0,1,0,0,0,0,0,0,0,0,0,0,0,0,0,0
16473,2013044835,1910.0,1845.0,28,28201,39.7784,-77.7368,0,0,0,0,0,0,8,4,2013,4,18.0,1.0,0,9.0,1,0,7,  ,0,0.0,0,0,0,0,0,0,0,0,0,0,0,0,0,0,0,0,0
16474,2013044870,1758.0,1758.0,22,22301,40.2636,-76.863,0,0,0,0,0,0,4,4,2013,5,17.0,1.0,0,1.0,3,1,3,  ,3,3.0,0,0,1,0,0,0,0,0,0,0,0,0,0,0,0,0,0
16475,2013045002,1840.0,1836.0,23,23103,40.0114,-75.3154,0,0,0,0,0,1,5,4,2013,6,18.0,1.0,7,1.0,3,0,3,  ,0,0.0,0,0,0,0,0,0,0,0,0,0,0,0,0,0,0,0,0
16476,2013045161,2359.0,2351.0,6,6301,40.3336,-75.9259,0,0,0,0,0,0,4,4,2013,2,23.0,3.0,0,9.0,3,1,7,  ,2,3.0,1,0,1,0,0,0,0,0,0,0,0,1,0,0,0,0,0
16477,2013045332,1351.0,1350.0,2,2301,40.4405,-79.9422,0,0,0,0,0,0,2,4,2013,3,13.0,1.0,0,1.0,3,1,3,  ,3,3.0,1,0,0,0,0,0,0,0,0,0,0,0,0,0,0,0,0
16478,2013045435,1943.0,1938.0,21,21206,40.2601,-77.1052,0,0,0,0,0,0,4,4,2013,3,19.0,1.0,0,1.0,1,2,3,  ,3,3.0,0,0,1,0,0,0,0,0,0,0,0,0,0,0,0,1,0
16479,2013045500,855.0,850.0,21,21210,40.1221,-77.3438,0,0,0,0,0,0,8,4,2013,7,8.0,1.0,0,1.0,1,0,3,  ,0,0.0,1,1,0,0,0,0,1,0,0,1,0,0,0,0,0,0,0
16480,2013045748,824.0,824.0,36,36209,40.1093,-76.0845,0,0,0,0,0,0,4,5,2013,4,8.0,1.0,0,1.0,1,2,3,  ,3,3.0,0,0,1,0,0,0,0,0,0,0,0,0,0,0,0,0,0
16481,2013045754,1150.0,1147.0,23,23109,39.8623,-75.2419,0,1,0,0,1,0,4,4,2013,3,11.0,1.0,0,1.0,3,0,3,  ,0,0.0,0,0,1,0,0,0,0,0,0,0,0,0,0,0,0,0,0
16482,2013045831,739.0,735.0,48,48301,40.6413,-75.3789,0,0,0,0,0,0,4,5,2013,5,7.0,1.0,0,1.0,3,2,3,  ,3,3.0,1,0,1,0,0,0,0,0,0,0,0,0,0,0,0,0,0
16483,2013045933,1547.0,1518.0,7,7301,40.5175,-78.4121,0,0,0,0,0,2,5,4,2013,5,15.0,1.0,0,1.0,3,0,3,  ,0,0.0,0,0,0,0,0,0,0,0,0,0,0,0,0,0,0,0,0
16484,2013046023,1441.0,1441.0,25,25302,42.1361,-80.0671,1,0,0,1,0,0,4,5,2013,5,14.0,1.0,0,1.0,3,1,3,  ,2,3.0,0,0,1,0,1,0,0,0,0,0,0,0,0,0,0,0,0
16485,2013046024,1708.0,1701.0,25,25302,42.1159,-80.1221,0,0,0,0,0,1,4,5,2013,5,16.0,1.0,0,1.0,3,1,3,  ,3,3.0,1,0,1,0,0,0,0,0,0,0,0,0,0,0,0,0,0
16486,2013046054,2004.0,2001.0,23,23407,39.9177,-75.2526,0,0,0,0,0,0,4,5,2013,5,20.0,4.0,0,1.0,3,2,3,  ,3,3.0,0,0,1,0,0,0,0,0,0,0,0,0,0,0,0,0,0
16487,2013046060,2151.0,2147.0,6,6301,40.3488,-75.915,0,0,0,0,0,0,1,5,2013,5,21.0,3.0,0,1.0,3,0,3,  ,0,0.0,0,0,0,0,0,0,0,0,0,0,0,0,0,0,0,0,0
16488,2013046159,1702.0,1700.0,49,49301,40.7828,-76.5547,0,0,0,0,0,0,4,4,2013,6,17.0,1.0,0,1.0,2,1,3,  ,3,3.0,0,0,1,0,0,0,0,0,0,0,0,0,0,0,0,0,0
16489,2013046235,419.0,911.0,67,67301,39.9374,-75.1631,0,0,0,0,0,0,4,4,2013,6,3.0,3.0,0,9.0,3,0,7,  ,0,0.0,0,1,1,0,0,0,0,0,0,0,0,0,0,0,0,0,0
16490,2013046241,1222.0,1214.0,67,67301,39.9857,-75.1637,0,0,0,0,0,0,4,4,2013,3,12.0,1.0,0,1.0,3,2,3,  ,3,3.0,0,0,1,0,0,0,0,0,0,0,0,0,0,0,0,0,0
16491,2013046243,1947.0,1944.0,67,67301,40.0428,-75.1539,0,0,0,0,0,0,4,4,2013,3,19.0,4.0,0,1.0,3,1,3,  ,3,3.0,0,0,1,0,0,0,0,0,0,0,0,0,0,0,0,0,0
16492,2013046269,1455.0,1445.0,67,67301,39.9459,-75.2403,0,0,0,0,0,0,4,4,2013,5,16.0,1.0,0,1.0,3,1,3,  ,2,3.0,1,0,1,0,0,0,0,0,0,0,0,1,0,0,0,0,0
16493,2013046327,336.0,334.0,67,67301,39.9381,-75.1824,0,0,0,0,0,0,4,4,2013,5,3.0,3.0,0,1.0,3,0,3,  ,0,0.0,0,0,1,0,0,0,0,0,0,0,0,0,0,0,0,0,0
16494,2013046335,1537.0,1535.0,67,67301,39.9519,-75.1598,0,0,0,0,0,0,4,4,2013,6,15.0,1.0,0,1.0,3,1,3,  ,2,3.0,0,0,1,0,0,0,0,0,0,0,0,0,0,0,0,0,1
16495,2013046336,1710.0,1708.0,67,67301,39.9439,-75.1519,0,0,0,0,0,0,5,4,2013,7,17.0,1.0,0,1.0,3,1,3,  ,2,3.0,0,0,0,0,0,0,0,0,0,0,0,0,0,0,0,0,0
16496,2013046507,1335.0,1320.0,58,58408,41.9093,-77.1334,0,0,0,0,0,0,4,4,2013,1,13.0,1.0,0,1.0,1,2,3,  ,3,3.0,0,0,1,0,0,0,0,0,0,0,0,0,0,0,0,0,1
16497,2013046611,1739.0,1739.0,6,6235,40.437,-75.7791,0,0,0,0,0,0,4,4,2013,1,17.0,1.0,0,1.0,1,0,3,  ,0,0.0,0,0,1,0,0,0,0,0,0,0,0,0,0,0,0,1,0
16498,2013046623,1246.0,1242.0,38,38208,40.3395,-76.4549,0,0,0,0,0,0,4,5,2013,6,12.0,1.0,7,1.0,1,0,3,  ,0,0.0,1,0,1,0,0,0,0,0,0,0,0,0,0,0,0,0,0
16499,2013046637,1716.0,1714.0,39,39102,40.6389,-75.4694,0,0,0,0,1,0,4,5,2013,4,17.0,1.0,0,1.0,3,2,3,  ,3,3.0,0,0,1,0,0,0,0,0,0,0,0,0,0,0,0,0,0
16500,2013046748,1651.0,1649.0,2,2301,40.3893,-79.9936,0,0,0,0,0,0,4,5,2013,7,16.0,1.0,0,1.0,3,1,3,  ,3,3.0,0,0,1,0,0,0,0,0,0,0,0,0,0,0,0,0,0
16501,2013046795,1850.0,1845.0,48,48301,40.6087,-75.3758,0,0,0,0,0,0,4,5,2013,7,18.0,1.0,0,1.0,3,2,3,  ,3,3.0,0,0,1,0,0,0,0,0,0,0,0,0,0,0,0,0,1
16502,2013046844,1303.0,1257.0,7,7301,40.5156,-78.4139,0,0,0,0,0,0,4,5,2013,7,12.0,1.0,0,1.0,3,1,3,  ,2,3.0,0,0,1,0,0,0,0,0,0,0,0,0,0,0,0,0,0
16503,2013046929,1900.0,1847.0,66,66210,40.0878,-77.052,0,1,0,0,0,0,4,4,2013,2,18.0,1.0,0,1.0,1,0,3,  ,0,0.0,0,0,1,0,0,0,0,0,0,0,0,0,0,0,0,1,0
16504,2013046991,1600.0,1600.0,40,40103,41.271,-75.8318,0,0,0,0,0,0,4,5,2013,1,16.0,1.0,0,1.0,3,1,3,  ,0,0.0,0,0,1,0,0,1,0,0,0,0,0,0,0,0,0,0,0
16505,2013047195,1055.0,1054.0,67,67301,39.9751,-75.195,0,0,0,0,0,0,4,4,2013,7,10.0,1.0,0,1.0,3,1,3,  ,2,3.0,0,0,1,0,0,0,0,0,0,0,0,0,0,0,0,0,0
16506,2013047203,1138.0,1125.0,67,67301,39.9707,-75.1374,0,0,0,0,0,0,4,4,2013,4,11.0,1.0,0,1.0,3,1,3,  ,3,3.0,0,0,1,0,0,0,0,0,0,0,0,0,0,0,0,0,0
16507,2013047239,1430.0,1421.0,67,67301,39.9494,-75.1644,0,0,0,0,0,0,4,4,2013,3,14.0,1.0,0,1.0,3,0,3,  ,0,0.0,0,0,1,0,0,0,0,0,0,0,0,0,0,0,0,0,0
16508,2013047240,2020.0,2020.0,67,67301,39.995,-75.1632,0,0,0,0,0,0,4,4,2013,2,20.0,3.0,0,1.0,3,1,3,  ,2,3.0,0,0,1,0,0,0,0,0,0,0,0,0,0,0,0,0,0
16509,2013047262,1240.0,2350.0,67,67301,40.0318,-75.1091,0,0,0,0,0,0,4,4,2013,6,23.0,3.0,0,9.0,3,3,7,  ,2,3.0,0,0,1,0,0,0,0,0,0,0,0,0,0,0,0,0,0
16510,2013047290,1404.0,1402.0,67,67301,39.9577,-75.1592,0,0,0,0,0,0,4,4,2013,3,14.0,1.0,0,1.0,3,0,3,  ,0,0.0,0,0,1,0,0,0,0,0,0,0,0,0,0,0,0,0,1