,CRN,ARRIVAL_TM,DISPATCH_TM,COUNTY,MUNICIPALITY,DEC_LAT,DEC_LONG,BICYCLE_DEATH_COUNT,BICYCLE_SUSP_SERIOUS_INJ_COUNT,BUS_COUNT,HEAVY_TRUCK_COUNT,SMALL_TRUCK_COUNT,SUV_COUNT,COLLISION_TYPE,CRASH_MONTH,CRASH_YEAR,DAY_OF_WEEK,HOUR_OF_DAY,ILLUMINATION,LOCATION_TYPE,ROAD_CONDITION,URBAN_RURAL,INTERSECT_TYPE,WEATHER1,WEATHER2,TCD_TYPE,TCD_FUNC_CD,AGGRESSIVE_DRIVING,ALCOHOL_RELATED,ANGLE_CRASH,CELL_PHONE,COMM_VEHICLE,DISTRACTED,DRINKING_DRIVER,DRUGGED_DRIVER,FATIGUE_ASLEEP,IMPAIRED_DRIVER,NHTSA_AGG_DRIVING,RUNNING_RED_LT,RUNNING_STOP_SIGN,SPEEDING_RELATED,TAILGATING,MATURE_DRIVER,YOUNG_DRIVER
16511,2013047308,1149.0,1148.0,67,67301,39.9966,-75.1722,0,0,0,0,0,0,4,4,2013,4,11.0,1.0,0,1.0,3,2,3,  ,3,3.0,0,0,1,0,0,0,0,0,0,0,0,0,0,0,0,0,0
16512,2013047324,1850.0,1844.0,67,67301,39.9566,-75.2371,0,0,0,0,0,0,4,4,2013,2,18.0,1.0,0,1.0,3,0,3,  ,0,0.0,0,0,1,0,0,0,0,0,0,0,0,0,0,0,0,0,0
16513,2013047349,1150.0,1148.0,67,67301,39.9405,-75.178,0,0,0,0,0,0,4,4,2013,6,11.0,1.0,0,1.0,3,0,3,  ,0,0.0,0,0,1,0,0,0,0,0,0,0,0,0,0,0,0,0,0
16514,2013047356,9999.0,9999.0,67,67301,39.9323,-75.1729,0,0,0,0,0,0,8,4,2013,6,16.0,1.0,0,1.0,3,1,3,  ,3,3.0,0,0,0,0,0,0,0,0,0,0,0,0,0,0,0,0,0
16515,2013047414,1719.0,1717.0,23,23103,40.0026,-75.2992,0,0,0,0,0,0,4,4,2013,1,17.0,1.0,7,1.0,3,0,3,  ,3,3.0,0,0,1,0,0,0,0,0,0,0,0,0,0,0,0,0,0
16516,2013047442,1834.0,1828.0,66,66231,39.951,-76.7492,0,0,0,0,0,0,4,4,2013,2,18.0,1.0,0,1.0,1,1,3,  ,3,3.0,0,0,1,0,0,0,0,0,0,0,0,0,0,0,0,0,0
16517,2013047699,1145.0,1135.0,39,39213,40.5977,-75.6819,0,0,0,0,0,0,8,4,2013,7,11.0,1.0,0,1.0,1,2,3,  ,0,0.0,1,0,0,0,0,0,0,0,0,0,0,0,0,0,0,0,0
16518,2013047815,1030.0,1030.0,67,67301,40.0942,-75.0309,0,0,0,0,0,0,4,4,2013,7,10.0,1.0,0,1.0,3,0,3,  ,0,0.0,0,0,1,0,0,1,0,0,0,0,0,0,0,0,0,0,1
16519,2013047988,2035.0,2033.0,46,46413,40.1218,-75.3593,0,0,0,0,1,0,4,5,2013,3,20.0,3.0,0,1.0,3,1,3,  ,2,3.0,1,0,1,0,0,0,0,0,0,0,0,0,0,0,0,0,0
16520,2013048100,1345.0,1335.0,6,6301,40.3412,-75.9112,0,0,0,0,0,0,4,5,2013,1,13.0,1.0,7,1.0,3,0,3,  ,0,0.0,0,0,1,0,0,0,0,0,0,0,0,0,0,0,0,0,0
16521,2013048296,1504.0,1459.0,23,23416,39.907,-75.3278,0,0,0,0,0,0,6,5,2013,4,14.0,1.0,0,1.0,3,0,3,  ,0,0.0,0,0,0,0,0,0,0,0,0,0,0,0,0,0,0,0,1
16522,2013048307,2017.0,2014.0,40,40304,41.2442,-75.8849,0,0,0,0,0,0,4,5,2013,4,20.0,3.0,0,9.0,3,1,7,  ,2,3.0,0,1,1,0,0,0,1,0,0,1,0,0,0,0,0,0,0
16523,2013048329,2048.0,2046.0,46,46225,40.147,-75.2709,0,0,0,0,0,1,5,5,2013,4,20.0,2.0,0,1.0,3,0,3,  ,0,0.0,0,0,0,1,0,1,0,0,0,0,0,0,0,0,0,0,0
16524,2013048469,1333.0,1332.0,43,43302,41.2336,-80.5002,0,0,0,0,0,0,4,5,2013,5,13.0,1.0,7,1.0,3,2,3,  ,0,0.0,0,0,1,0,0,0,0,0,0,0,0,0,0,0,0,0,0
16525,2013048502,1550.0,1548.0,39,39301,40.5946,-75.4889,1,0,0,0,0,1,4,5,2013,5,15.0,1.0,0,1.0,3,1,3,  ,3,3.0,0,0,1,0,0,0,0,0,0,0,0,0,0,0,0,0,0
16526,2013048578,1732.0,1729.0,6,6301,40.3363,-75.9278,0,0,0,0,0,0,4,5,2013,5,17.0,1.0,0,1.0,3,1,3,  ,2,3.0,0,0,1,0,0,0,0,0,0,0,0,0,0,0,0,1,0
16527,2013048622,2036.0,2034.0,28,28401,39.932,-77.6635,0,0,0,0,0,1,4,5,2013,6,20.0,3.0,0,1.0,1,1,3,  ,0,0.0,0,1,1,0,0,0,0,0,0,0,0,0,0,0,0,0,0
16528,2013048675,1140.0,1128.0,25,25219,41.9358,-80.1269,0,0,0,0,0,1,4,5,2013,3,11.0,1.0,0,1.0,2,1,3,  ,0,0.0,0,0,1,0,0,0,0,0,0,0,0,0,0,0,0,0,0
16529,2013048748,1842.0,1842.0,64,64431,40.6014,-79.5671,0,0,0,0,0,1,4,5,2013,5,18.0,1.0,0,1.0,2,2,3,  ,0,0.0,0,0,1,0,0,0,0,0,0,0,0,0,0,0,0,0,0
16530,2013048831,1356.0,1351.0,15,15236,40.0514,-75.4377,0,0,0,0,0,0,4,5,2013,6,13.0,1.0,0,1.0,1,5,3,  ,3,3.0,0,0,1,0,0,0,0,0,0,0,0,0,0,0,0,0,0
16531,2013048940,2055.0,2048.0,6,6301,40.3416,-75.9316,0,0,0,0,1,0,4,5,2013,6,20.0,3.0,0,9.0,3,1,7,  ,0,0.0,0,0,1,0,0,0,0,0,0,0,0,0,0,0,0,0,0
16532,2013049002,1605.0,1601.0,48,48101,40.6763,-75.2881,0,0,0,0,1,0,4,5,2013,6,15.0,1.0,0,1.0,3,2,3,  ,3,3.0,0,0,1,0,0,0,0,0,0,0,0,0,0,0,0,0,0
16533,2013049025,1820.0,1817.0,36,36408,40.1785,-76.1816,0,0,0,0,0,0,4,4,2013,6,18.0,1.0,0,1.0,2,1,3,  ,3,3.0,0,0,1,0,0,0,0,0,0,0,0,0,0,0,0,0,0
16534,2013049072,1517.0,1516.0,23,23111,39.9531,-75.2624,0,1,0,0,0,0,2,5,2013,6,15.0,1.0,0,1.0,3,1,3,  ,3,3.0,0,0,0,0,0,0,0,0,0,0,0,0,0,0,0,1,0
16535,2013049264,1345.0,1342.0,26,26301,40.012,-79.5883,0,0,0,0,0,0,4,5,2013,6,13.0,1.0,7,1.0,2,0,3,  ,0,0.0,0,0,1,0,0,0,0,0,0,0,0,0,0,0,0,1,0
16536,2013049300,1423.0,1419.0,15,15215,40.0418,-75.415,0,0,0,0,0,0,4,5,2013,1,14.0,1.0,0,1.0,3,1,3,  ,3,3.0,1,0,1,0,0,0,0,0,0,0,0,0,0,0,0,1,0
16537,2013049432,1709.0,1656.0,22,22102,40.2527,-76.852,0,0,0,0,0,0,4,5,2013,6,16.0,1.0,0,1.0,3,1,3,  ,3,3.0,0,0,1,0,0,1,0,0,0,0,0,0,0,0,0,0,0
16538,2013049622,1644.0,1640.0,39,39404,40.6699,-75.4959,0,0,0,0,0,0,5,5,2013,2,16.0,1.0,0,1.0,3,1,3,  ,0,0.0,0,0,0,0,0,0,0,0,0,0,0,0,0,0,0,1,0
16539,2013050047,1636.0,1633.0,46,46109,40.1475,-75.1696,0,1,0,0,0,0,4,5,2013,1,16.0,1.0,0,1.0,3,2,3,  ,0,0.0,1,0,1,0,0,0,0,0,0,0,0,0,0,0,0,1,0
16540,2013050204,1815.0,1815.0,67,67301,39.9492,-75.1508,0,0,0,0,0,0,4,4,2013,5,18.0,1.0,0,1.0,3,1,3,  ,2,3.0,0,0,1,0,0,0,0,0,0,0,0,0,0,0,0,0,0
16541,2013050219,1115.0,1114.0,67,67301,39.9046,-75.2387,0,0,0,0,0,0,4,4,2013,2,11.0,1.0,0,1.0,3,2,3,  ,3,3.0,1,0,1,0,0,0,0,0,0,0,0,0,0,0,0,1,0
16542,2013050220,1537.0,1531.0,67,67301,39.9633,-75.1881,0,0,0,0,1,0,4,4,2013,2,15.0,1.0,0,1.0,3,2,3,  ,3,3.0,0,0,1,0,0,0,0,0,0,0,0,0,0,0,0,0,0
16543,2013050242,1149.0,1149.0,67,67301,39.9466,-75.1611,0,0,0,0,0,0,5,4,2013,3,11.0,1.0,0,1.0,3,0,3,  ,0,0.0,0,0,0,0,0,0,0,0,0,0,0,0,0,0,0,0,0
16544,2013050258,1058.0,1032.0,67,67301,39.9925,-75.1306,0,0,0,0,0,0,4,4,2013,7,10.0,1.0,0,1.0,3,1,3,  ,3,3.0,0,0,1,0,0,1,0,0,0,0,0,0,0,0,0,0,0
16545,2013050260,1518.0,1516.0,67,67301,39.9602,-75.1381,0,0,0,0,0,1,4,4,2013,1,15.0,1.0,0,1.0,3,2,3,  ,3,3.0,0,0,1,0,0,0,0,0,0,0,0,0,0,0,0,1,0
16546,2013050311,1101.0,1101.0,67,67301,39.9583,-75.1891,0,0,0,0,0,0,4,4,2013,2,11.0,1.0,0,1.0,3,2,3,  ,0,0.0,0,0,1,0,0,0,0,0,0,0,0,0,0,0,0,0,0
16547,2013050339,9999.0,9999.0,67,67301,40.015,-75.0935,0,0,0,0,0,0,4,4,2013,7,19.0,1.0,0,1.0,3,1,3,  ,3,3.0,0,0,1,0,0,0,0,0,0,0,0,0,0,0,0,0,0
16548,2013050340,1937.0,1936.0,67,67301,40.0306,-75.043,0,0,0,0,0,0,4,4,2013,7,19.0,3.0,0,1.0,3,0,3,  ,0,0.0,0,0,1,0,0,0,0,0,0,0,0,0,0,0,0,0,0
16549,2013050807,1726.0,1724.0,46,46104,40.0019,-75.2331,0,0,0,0,0,0,8,4,2013,3,17.0,1.0,0,1.0,3,1,3,  ,2,3.0,0,0,0,0,0,0,0,0,0,0,0,0,0,0,0,0,0
16550,2013050910,1820.0,1815.0,38,38301,40.347,-76.4264,0,0,0,0,1,0,4,5,2013,5,18.0,1.0,0,1.0,2,1,3,  ,0,0.0,0,0,1,0,0,0,0,0,0,0,0,0,0,0,0,0,0
16551,2013050919,2126.0,2121.0,25,25302,42.1156,-80.0777,0,0,0,0,0,0,4,5,2013,5,21.0,3.0,0,1.0,3,1,3,  ,2,3.0,0,0,1,0,0,0,0,0,0,0,0,0,0,0,0,0,0
16552,2013051037,1442.0,1440.0,23,23416,39.9152,-75.3224,0,0,0,0,0,0,4,5,2013,5,14.0,1.0,0,1.0,3,2,3,  ,3,9.0,0,0,1,0,0,0,0,0,0,0,0,0,0,0,0,0,1
16553,2013051112,1352.0,1341.0,67,67301,39.9513,-75.1797,0,0,0,0,0,0,4,4,2013,5,13.0,1.0,0,1.0,3,0,3,  ,0,0.0,0,0,1,0,0,0,0,0,0,0,0,0,0,0,0,0,0
16554,2013051471,1951.0,1949.0,39,39404,40.6709,-75.4908,0,0,0,0,0,0,5,5,2013,3,19.0,1.0,0,1.0,3,1,3,  ,3,3.0,0,0,0,0,0,0,0,0,0,0,0,0,0,0,0,0,0
16555,2013051621,1757.0,1757.0,2,2426,40.434,-79.8842,0,0,0,0,0,0,4,5,2013,5,17.0,1.0,7,1.0,3,0,3,  ,0,0.0,1,0,1,0,0,0,0,0,0,0,0,0,0,0,0,0,0
16556,2013051752,1757.0,1755.0,21,21402,40.2097,-77.1966,0,1,0,0,0,0,5,5,2013,7,17.0,1.0,0,1.0,2,0,3,  ,0,0.0,0,0,0,0,0,0,0,0,0,0,0,0,0,0,0,0,0
16557,2013051753,1840.0,1840.0,21,21402,40.207,-77.195,0,0,0,0,0,0,4,5,2013,7,18.0,1.0,0,1.0,2,0,3,  ,0,0.0,0,0,1,0,0,0,0,0,0,0,0,0,0,0,0,0,0
16558,2013051774,1519.0,1516.0,23,23107,39.8905,-75.3249,0,0,0,0,0,1,4,5,2013,5,15.0,1.0,0,1.0,3,0,3,  ,0,0.0,0,0,1,0,0,0,0,0,0,0,0,0,0,0,0,0,1
16559,2013052032,1718.0,1711.0,38,38403,40.4161,-76.4787,0,0,0,0,1,0,4,4,2013,4,17.0,1.0,0,1.0,1,1,3,  ,0,0.0,1,0,1,0,0,0,0,0,0,0,0,0,0,0,0,0,0
16560,2013052083,2143.0,2138.0,48,48301,40.6117,-75.3838,0,0,0,0,0,0,4,5,2013,2,21.0,3.0,0,1.0,3,1,3,  ,2,3.0,0,0,1,0,0,1,0,0,0,0,0,0,0,0,0,0,0
16561,2013052194,1840.0,1835.0,15,15252,39.9874,-75.9711,0,0,0,0,0,0,4,5,2013,3,18.0,1.0,7,1.0,1,2,3,  ,3,3.0,1,0,1,0,0,1,0,0,0,0,0,0,0,0,0,1,0
16562,2013052204,846.0,846.0,2,2301,40.4549,-79.9453,0,0,0,0,0,0,4,5,2013,3,8.0,1.0,0,1.0,3,2,3,  ,0,0.0,0,0,1,0,0,0,0,0,0,0,0,0,0,0,0,0,0
16563,2013052402,1656.0,1655.0,35,35406,41.4563,-75.623,0,0,0,0,0,0,4,5,2013,3,16.0,1.0,7,1.0,3,0,3,  ,0,0.0,0,0,1,0,0,1,0,0,0,0,0,0,0,0,0,0,0
16564,2013052417,2008.0,2007.0,46,46413,40.1224,-75.3586,0,0,0,0,0,0,4,5,2013,3,20.0,1.0,0,1.0,3,1,3,  ,2,3.0,0,0,1,0,0,0,0,0,0,0,0,0,0,0,0,0,0
16565,2013052460,1739.0,1734.0,46,46101,40.1075,-75.1493,0,0,0,0,0,0,4,5,2013,5,17.0,1.0,0,1.0,3,1,3,  ,3,3.0,0,0,1,0,0,0,0,0,0,0,0,0,0,0,0,0,0
16566,2013052477,724.0,722.0,23,23110,39.8307,-75.4391,0,0,0,0,0,0,6,5,2013,4,7.0,1.0,0,1.0,3,3,3,  ,0,0.0,0,0,0,0,0,0,0,0,0,0,0,0,0,0,0,0,0
16567,2013052518,1521.0,1521.0,9,9218,40.2155,-75.0093,0,0,0,0,0,0,4,5,2013,3,15.0,1.0,7,1.0,3,2,3,  ,2,3.0,0,0,1,0,0,0,0,0,0,0,0,0,0,0,0,0,0
16568,2013052551,1459.0,1456.0,35,35302,41.4016,-75.6576,0,0,0,0,0,0,4,5,2013,4,14.0,1.0,0,1.0,3,0,3,  ,0,0.0,0,0,1,0,0,0,0,0,0,0,0,0,0,0,0,0,0
16569,2013052791,1939.0,1931.0,40,40434,41.362,-76.0583,0,0,0,0,1,0,0,5,2013,4,19.0,1.0,7,1.0,3,0,3,  ,0,0.0,0,1,0,0,0,1,1,0,0,1,0,0,0,0,0,0,0
16570,2013052801,2013.0,2009.0,66,66301,39.9662,-76.7246,0,0,0,0,0,0,4,5,2013,4,20.0,1.0,0,1.0,3,1,3,  ,0,0.0,0,0,1,0,0,0,0,0,0,0,0,0,0,0,0,0,0
16571,2013052918,1734.0,730.0,2,2301,40.462,-79.9246,0,0,0,0,0,0,4,5,2013,6,17.0,1.0,0,1.0,3,1,3,  ,0,0.0,0,0,1,0,0,0,0,0,0,0,0,0,0,0,0,0,0
16572,2013053016,1842.0,1838.0,67,67301,39.9547,-75.1947,0,0,0,0,0,0,1,4,2013,2,18.0,1.0,0,1.0,3,0,3,  ,0,0.0,0,0,0,0,0,0,0,0,0,0,0,0,0,0,0,0,0
16573,2013053032,9999.0,9999.0,67,67301,39.9404,-75.2014,0,0,0,0,0,0,4,4,2013,5,17.0,1.0,0,1.0,3,0,3,  ,0,0.0,0,0,1,0,0,0,0,0,0,0,0,0,0,0,0,0,0
16574,2013053037,720.0,716.0,67,67301,40.0197,-75.0751,0,0,0,0,0,0,4,4,2013,6,7.0,1.0,0,1.0,3,1,3,  ,3,3.0,0,0,1,0,0,0,0,0,0,0,0,0,0,0,0,0,0
16575,2013053059,1908.0,1906.0,67,67301,40.0113,-75.0791,0,0,0,0,0,0,4,4,2013,7,19.0,1.0,0,1.0,3,0,3,  ,0,0.0,0,0,1,0,0,0,0,0,0,0,0,0,0,0,0,0,0
16576,2013053075,32.0,31.0,67,67301,39.9843,-75.1302,0,0,0,0,0,1,4,4,2013,2,0.0,3.0,0,1.0,3,1,3,  ,3,3.0,0,0,1,0,0,0,0,0,0,0,0,0,0,0,0,0,0
16577,2013053097,1405.0,1400.0,67,67301,40.0218,-75.1125,0,0,0,0,0,0,5,4,2013,7,13.0,1.0,0,1.0,3,0,3,  ,0,0.0,0,0,0,0,0,0,0,0,0,0,0,0,0,0,0,0,0
16578,2013053099,1035.0,1033.0,67,67301,40.069,-75.1991,0,0,0,0,0,0,4,4,2013,6,8.0,1.0,7,1.0,3,0,3,  ,0,0.0,0,0,1,0,0,1,0,0,0,0,0,0,0,0,0,0,0
16579,2013053144,2230.0,2224.0,67,67301,40.0287,-75.0438,0,0,0,0,1,0,4,4,2013,7,22.0,3.0,7,1.0,3,2,3,  ,0,0.0,0,0,1,0,0,0,0,0,0,0,0,0,0,0,0,0,0
16580,2013053152,1737.0,1735.0,2,2301,40.4492,-80.005,0,0,0,0,0,1,4,5,2013,5,17.0,1.0,0,1.0,3,1,3,  ,2,3.0,0,0,1,0,0,0,0,0,0,0,0,0,0,0,0,0,0
16581,2013053475,1647.0,1642.0,9,9226,40.1824,-75.0902,0,0,0,0,0,0,4,5,2013,2,16.0,1.0,7,1.0,3,2,3,  ,2,3.0,0,0,1,0,0,0,0,0,0,0,0,0,0,0,0,0,1
16582,2013053542,1541.0,1540.0,67,67301,39.9374,-75.1787,0,0,0,0,0,0,1,4,2013,5,15.0,1.0,0,9.0,3,0,7,  ,0,0.0,1,0,0,0,0,0,0,0,0,0,0,0,0,0,0,0,0
16583,2013053550,2110.0,2106.0,67,67301,39.9379,-75.1667,0,0,0,0,0,1,4,4,2013,3,21.0,3.0,0,1.0,3,0,3,  ,0,0.0,0,0,1,0,0,0,0,0,0,0,0,0,0,0,0,0,0
16584,2013053664,51.0,24.0,36,36215,40.0306,-76.2343,0,0,0,0,0,0,4,5,2013,4,21.0,3.0,0,1.0,1,1,3,  ,2,3.0,0,0,1,0,0,0,0,0,0,0,0,0,0,0,0,0,0
16585,2013053757,1506.0,1503.0,40,40414,41.2604,-75.8936,0,0,0,0,0,0,4,5,2013,2,15.0,1.0,7,1.0,3,0,3,  ,0,0.0,0,0,1,0,0,0,0,0,0,0,0,0,0,0,0,0,0
16586,2013053775,1113.0,1111.0,9,9409,40.2175,-74.7812,0,0,0,0,0,0,4,5,2013,7,11.0,1.0,7,9.0,3,0,7,  ,0,0.0,0,0,1,0,0,0,0,0,0,0,0,0,0,0,0,1,0
16587,2013053899,1749.0,1736.0,32,32411,40.7944,-79.1684,0,0,0,0,0,1,4,5,2013,6,17.0,1.0,0,1.0,1,2,3,  ,3,3.0,0,0,1,0,0,0,0,0,0,0,0,0,0,0,0,1,0
16588,2013054045,1353.0,1350.0,25,25302,42.1291,-80.0449,0,0,0,0,0,1,4,5,2013,3,13.0,1.0,0,1.0,3,0,3,  ,0,0.0,0,0,1,0,0,0,0,0,0,0,0,0,0,0,0,0,0
16589,2013054087,1400.0,1353.0,39,39301,40.6103,-75.4853,0,0,0,0,0,0,4,5,2013,1,13.0,1.0,0,1.0,3,1,3,  ,0,0.0,0,1,1,0,0,0,1,0,0,1,0,0,0,0,0,0,0
16590,2013054149,1818.0,1815.0,66,66301,39.9559,-76.7232,0,0,0,0,0,0,4,5,2013,1,18.0,1.0,0,1.0,3,1,3,  ,3,3.0,0,0,1,0,0,0,0,0,0,0,0,0,0,0,0,0,1
16591,2013054287,1330.0,1328.0,23,23301,39.8642,-75.3556,0,0,0,0,0,0,4,5,2013,2,13.0,1.0,0,1.0,3,1,3,  ,3,3.0,0,0,1,0,0,1,0,0,0,0,0,0,0,0,0,0,0
16592,2013054493,1642.0,1639.0,23,23101,39.8639,-75.4101,0,0,0,0,0,0,4,5,2013,2,16.0,1.0,0,1.0,3,0,3,  ,0,0.0,0,0,1,0,0,0,0,0,0,0,0,0,0,0,0,0,0
16593,2013054571,1956.0,1954.0,36,36101,40.0585,-76.2849,0,0,0,0,0,1,4,5,2013,5,19.0,4.0,0,1.0,3,2,3,  ,0,0.0,1,0,1,0,0,0,0,0,0,0,0,0,0,0,0,1,0
16594,2013054591,2026.0,2025.0,40,40414,41.2617,-75.8932,0,0,0,0,0,0,1,5,2013,3,20.0,3.0,0,1.0,3,0,3,  ,0,0.0,0,0,0,0,0,0,0,1,0,1,0,0,0,0,0,0,0
16595,2013054654,1607.0,1602.0,7,7301,40.5219,-78.3851,0,0,0,0,0,1,4,5,2013,3,16.0,1.0,0,1.0,3,1,3,  ,3,3.0,0,0,1,0,0,0,0,0,0,0,0,0,0,0,0,0,0
16596,2013054873,1152.0,1150.0,37,37301,41.0006,-80.3359,0,0,0,0,0,0,4,5,2013,4,11.0,1.0,0,1.0,2,0,3,  ,0,0.0,0,0,1,0,0,0,0,0,0,0,0,0,0,0,0,0,0
16597,2013054886,1554.0,1550.0,22,22412,40.2806,-76.8471,0,0,0,0,0,1,6,5,2013,5,15.0,1.0,0,1.0,3,5,3,  ,2,3.0,0,1,0,0,0,0,0,0,0,0,0,0,0,0,0,0,0
16598,2013054891,1456.0,1456.0,23,23301,39.8455,-75.3742,0,0,0,0,0,0,4,5,2013,4,14.0,1.0,0,1.0,3,0,3,  ,0,0.0,0,0,1,0,0,0,0,0,0,0,0,0,0,0,0,1,0
16599,2013054912,1631.0,1629.0,25,25302,42.1146,-80.0859,0,0,0,0,0,1,4,5,2013,4,16.0,1.0,0,1.0,3,0,3,  ,0,0.0,0,0,1,0,0,1,0,0,0,0,0,0,0,0,0,0,0
16600,2013054925,1722.0,1720.0,10,10301,40.8635,-79.8903,0,0,0,0,0,1,4,5,2013,4,17.0,1.0,0,1.0,2,2,3,  ,3,3.0,0,0,1,0,0,0,0,0,0,0,0,0,0,0,0,0,0
16601,2013054977,1123.0,1121.0,46,46104,39.9998,-75.2636,0,0,0,0,0,0,4,5,2013,2,11.0,1.0,7,1.0,3,0,3,  ,0,0.0,0,0,1,0,0,0,0,0,0,0,0,0,0,0,0,0,0
16602,2013055202,1807.0,1800.0,66,66427,39.8746,-76.8664,0,0,0,0,0,1,4,5,2013,5,18.0,1.0,0,1.0,1,1,3,  ,3,3.0,0,0,1,0,0,0,0,0,0,0,0,0,0,0,0,0,0
16603,2013055293,1457.0,1451.0,9,9101,40.1293,-74.8919,0,0,0,0,0,0,4,5,2013,4,14.0,1.0,0,1.0,3,0,3,  ,0,0.0,0,0,1,0,0,0,0,0,0,0,0,0,0,0,0,0,0
16604,2013055306,1546.0,1546.0,67,67301,39.9515,-75.1563,0,0,0,0,0,0,5,5,2013,6,15.0,1.0,0,1.0,3,0,3,  ,0,0.0,0,0,0,0,0,0,0,0,0,0,0,0,0,0,0,0,0
16605,2013055350,1658.0,1654.0,67,67301,39.95,-75.1632,0,0,0,0,0,1,5,5,2013,2,16.0,1.0,0,1.0,3,0,3,  ,0,0.0,0,0,0,0,0,0,0,0,0,0,0,0,0,0,0,0,0
16606,2013055358,1722.0,1720.0,67,67301,39.9551,-75.2198,0,0,0,0,0,0,4,5,2013,6,17.0,1.0,0,1.0,3,1,3,  ,3,3.0,0,0,1,0,0,0,0,0,0,0,0,0,0,0,0,0,0
16607,2013055403,1805.0,1757.0,67,67301,39.9439,-75.1519,0,0,0,0,0,0,4,5,2013,1,17.0,1.0,0,1.0,3,1,3,  ,2,3.0,0,0,1,0,0,0,0,0,0,0,0,0,0,0,0,0,0
16608,2013055421,200.0,152.0,67,67301,39.9927,-75.1203,0,0,0,0,0,1,4,4,2013,2,99.0,1.0,0,9.0,3,5,7,  ,2,3.0,0,0,1,0,0,0,0,0,0,0,0,0,0,0,0,0,0
16609,2013055441,1652.0,1652.0,67,67301,39.9795,-75.1643,0,0,0,0,0,1,4,4,2013,7,16.0,1.0,0,1.0,3,1,3,  ,2,3.0,0,0,1,0,0,0,0,0,0,0,0,0,0,0,0,0,0
16610,2013055462,1416.0,1411.0,67,67301,39.9633,-75.1885,0,0,0,0,0,0,4,5,2013,1,14.0,1.0,0,1.0,3,1,3,  ,2,3.0,1,0,1,0,0,0,0,0,0,0,0,0,0,0,0,0,0
16611,2013055469,1924.0,1916.0,67,67301,39.9413,-75.2178,0,0,0,0,1,0,4,4,2013,6,19.0,1.0,0,1.0,3,1,3,  ,2,3.0,0,0,1,0,0,0,0,0,0,0,0,0,0,0,0,0,0
16612,2013055472,1856.0,1851.0,67,67301,39.9455,-75.1652,0,1,0,0,0,0,4,4,2013,4,18.0,1.0,0,1.0,3,0,3,  ,0,0.0,0,0,1,0,0,0,0,0,0,0,0,0,0,0,0,0,0
16613,2013055495,1610.0,1606.0,67,67301,39.9981,-75.0775,0,0,0,0,0,0,4,5,2013,5,15.0,1.0,7,1.0,3,0,3,  ,0,0.0,0,0,1,0,0,0,0,0,0,0,0,0,0,0,0,0,0
16614,2013055529,1645.0,1645.0,67,67301,39.9511,-75.198,0,0,0,0,0,0,4,5,2013,1,16.0,1.0,0,1.0,3,0,3,  ,0,0.0,0,0,1,0,0,0,0,0,0,0,0,0,0,0,0,0,0
16615,2013055530,1809.0,1802.0,67,67301,40.0413,-75.0842,0,0,0,0,0,0,4,5,2013,5,18.0,4.0,7,1.0,3,2,3,  ,0,0.0,0,0,1,0,0,0,0,0,0,0,0,0,0,0,0,0,0
16616,2013055537,1727.0,1724.0,67,67301,40.0878,-75.0526,0,0,0,0,0,0,4,5,2013,7,17.0,1.0,0,1.0,3,0,3,  ,0,0.0,0,0,1,0,0,0,0,0,0,0,0,0,0,0,0,0,1
16617,2013055573,250.0,246.0,67,67301,39.9593,-75.2241,0,0,0,0,0,0,6,5,2013,6,2.0,3.0,0,1.0,3,0,3,  ,0,0.0,0,1,0,0,0,0,0,0,0,0,0,0,0,0,0,0,0
16618,2013055608,9999.0,9999.0,67,67301,,,0,0,0,0,0,0,4,4,2013,4,18.0,1.0,7,1.0,3,0,3,  ,0,0.0,0,0,1,0,0,0,0,0,0,0,0,0,0,0,0,0,0
16619,2013055610,1356.0,1356.0,67,67301,39.9614,-75.1734,0,0,0,0,0,0,4,5,2013,3,13.0,1.0,0,9.0,3,0,7,  ,0,0.0,0,0,1,0,0,0,0,0,0,0,0,0,0,0,0,0,0
16620,2013055621,1740.0,1740.0,67,67301,39.9332,-75.1623,0,0,0,0,0,0,5,5,2013,3,17.0,1.0,0,1.0,3,0,3,  ,0,0.0,0,0,0,0,0,0,0,0,0,0,0,0,0,0,0,0,0
16621,2013055623,1855.0,1850.0,67,67301,39.9178,-75.1583,0,0,0,0,0,0,8,5,2013,5,18.0,1.0,0,1.0,3,1,3,  ,3,3.0,0,0,0,0,0,0,0,0,0,0,0,0,0,0,0,0,0
16622,2013055635,2232.0,2230.0,67,67301,40.0335,-75.0853,0,0,0,0,0,0,4,4,2013,2,22.0,3.0,0,1.0,3,1,3,  ,2,3.0,1,0,1,0,0,0,0,0,0,0,0,0,0,0,0,0,0
16623,2013055662,906.0,905.0,23,23208,39.9856,-75.395,0,0,0,0,0,0,4,5,2013,4,9.0,1.0,7,1.0,3,0,3,  ,0,0.0,0,0,1,0,0,0,0,0,0,0,0,0,0,0,0,0,0
16624,2013055841,2100.0,2100.0,67,67301,39.9989,-75.1127,0,1,0,0,0,0,4,5,2013,5,21.0,2.0,0,1.0,3,0,3,  ,0,0.0,0,0,1,0,0,0,0,0,0,0,0,0,0,0,0,0,1