,CRN,ARRIVAL_TM,DISPATCH_TM,COUNTY,MUNICIPALITY,DEC_LAT,DEC_LONG,BICYCLE_DEATH_COUNT,BICYCLE_SUSP_SERIOUS_INJ_COUNT,BUS_COUNT,HEAVY_TRUCK_COUNT,SMALL_TRUCK_COUNT,SUV_COUNT,COLLISION_TYPE,CRASH_MONTH,CRASH_YEAR,DAY_OF_WEEK,HOUR_OF_DAY,ILLUMINATION,LOCATION_TYPE,ROAD_CONDITION,URBAN_RURAL,INTERSECT_TYPE,WEATHER1,WEATHER2,TCD_TYPE,TCD_FUNC_CD,AGGRESSIVE_DRIVING,ALCOHOL_RELATED,ANGLE_CRASH,CELL_PHONE,COMM_VEHICLE,DISTRACTED,DRINKING_DRIVER,DRUGGED_DRIVER,FATIGUE_ASLEEP,IMPAIRED_DRIVER,NHTSA_AGG_DRIVING,RUNNING_RED_LT,RUNNING_STOP_SIGN,SPEEDING_RELATED,TAILGATING,MATURE_DRIVER,YOUNG_DRIVER
16625,2013055903,2008.0,2000.0,67,67301,39.9632,-75.1944,0,0,0,0,0,0,4,5,2013,7,19.0,1.0,0,1.0,3,2,3,  ,0,0.0,0,0,1,0,0,0,0,0,0,0,0,0,0,0,0,0,0
16626,2013055929,1930.0,1927.0,67,67301,40.0199,-75.0601,0,0,0,0,0,0,4,5,2013,4,18.0,1.0,0,1.0,3,0,3,  ,0,0.0,0,0,1,0,0,0,0,0,0,0,0,0,0,0,0,1,0
16627,2013055936,917.0,916.0,67,67301,39.9559,-75.1918,0,0,0,0,0,1,4,5,2013,6,9.0,1.0,0,1.0,3,0,3,  ,2,3.0,0,0,1,0,0,0,0,0,0,0,0,0,0,0,0,1,0
16628,2013056044,1705.0,1705.0,38,38405,40.3746,-76.3059,0,1,0,0,0,0,4,5,2013,5,17.0,1.0,0,1.0,1,1,3,  ,0,0.0,0,0,1,0,0,0,0,0,0,0,0,0,0,0,0,0,0
16629,2013056066,1856.0,1850.0,36,36301,40.0459,-76.3072,0,0,0,0,0,0,4,5,2013,6,18.0,1.0,0,1.0,3,1,3,  ,2,3.0,0,0,1,0,0,0,0,0,0,0,0,0,0,0,0,0,0
16630,2013056073,58.0,56.0,23,23111,39.9617,-75.2589,0,0,0,0,0,0,2,5,2013,6,0.0,3.0,7,1.0,3,2,3,  ,2,3.0,1,0,0,0,0,0,0,0,0,0,0,0,0,0,0,0,0
16631,2013056103,1659.0,1646.0,19,19203,41.0499,-76.3399,0,0,0,0,1,0,4,5,2013,2,16.0,1.0,0,1.0,1,0,3,  ,0,0.0,0,0,1,0,0,0,0,0,0,0,0,0,0,0,0,1,0
16632,2013056353,550.0,546.0,37,37205,41.0273,-80.3539,0,0,0,0,1,0,4,5,2013,5,5.0,1.0,7,1.0,1,0,3,  ,0,0.0,1,0,1,0,0,0,0,0,0,0,0,0,0,0,0,1,0
16633,2013056432,705.0,653.0,21,21103,40.2881,-76.9864,0,0,0,0,0,0,4,6,2013,1,6.0,1.0,0,1.0,3,0,3,  ,0,0.0,0,0,1,0,0,1,0,0,0,0,0,0,0,0,0,0,0
16634,2013056436,1004.0,1002.0,23,23111,39.9602,-75.312,0,0,0,0,0,1,4,6,2013,1,10.0,1.0,0,1.0,3,0,3,  ,0,0.0,0,0,1,0,0,0,0,0,0,0,0,0,0,0,0,0,0
16635,2013056439,1430.0,1428.0,13,13406,40.8286,-75.7068,0,0,0,0,0,0,4,5,2013,6,14.0,1.0,0,1.0,2,2,3,  ,0,0.0,0,0,1,0,0,0,0,0,0,0,0,0,0,0,0,0,0
16636,2013056510,1734.0,1720.0,22,22216,40.5442,-76.9029,0,0,0,0,0,1,4,5,2013,3,17.0,1.0,0,1.0,1,1,3,  ,3,3.0,0,0,1,0,0,0,0,0,0,0,0,0,0,0,0,0,0
16637,2013056536,1816.0,1813.0,46,46109,40.1174,-75.1703,0,0,0,0,0,0,4,6,2013,1,18.0,1.0,0,1.0,3,1,3,  ,3,3.0,0,0,1,0,0,0,0,0,0,0,0,0,0,0,0,0,0
16638,2013056539,1855.0,1852.0,6,6301,40.3285,-75.9097,0,0,0,0,0,0,4,6,2013,1,18.0,1.0,0,1.0,3,1,3,  ,3,3.0,0,0,1,0,0,0,0,0,0,0,0,0,0,0,0,0,0
16639,2013056638,710.0,706.0,48,48414,40.7547,-75.2696,0,0,0,1,0,0,8,5,2013,6,7.0,1.0,0,1.0,1,1,3,  ,3,3.0,1,0,0,0,0,0,0,0,0,0,0,0,0,0,0,0,0
16640,2013056652,1328.0,1328.0,22,22301,40.2906,-76.8948,0,0,0,0,0,0,4,5,2013,3,13.0,1.0,0,9.0,3,0,7,  ,0,0.0,0,0,1,0,0,0,0,0,0,0,0,0,0,0,0,0,0
16641,2013056672,1912.0,1911.0,46,46416,40.2468,-75.6392,0,0,0,0,0,1,4,5,2013,1,19.0,1.0,0,1.0,2,1,3,  ,0,0.0,0,0,1,0,0,0,0,0,0,0,0,0,0,0,0,0,0
16642,2013056694,916.0,915.0,40,40304,41.2374,-75.8971,0,0,0,0,0,0,4,6,2013,2,9.0,1.0,7,1.0,3,0,3,  ,0,0.0,0,0,1,0,0,0,0,0,0,0,0,0,0,0,0,0,0
16643,2013056929,1614.0,1614.0,2,2301,40.4429,-79.9981,0,0,1,0,0,0,4,6,2013,2,16.0,1.0,0,1.0,3,2,3,  ,2,3.0,0,0,1,0,1,0,0,0,0,0,0,0,0,0,0,0,0
16644,2013057033,1857.0,1855.0,39,39301,40.6037,-75.4986,0,0,0,0,1,0,4,6,2013,2,18.0,1.0,0,1.0,3,2,3,  ,0,0.0,0,0,1,0,0,0,0,0,0,0,0,0,0,0,0,0,0
16645,2013057053,2240.0,2240.0,36,36418,,,0,0,0,0,0,0,4,5,2013,5,19.0,1.0,0,1.0,1,0,3,  ,0,0.0,0,0,1,0,0,0,0,0,0,0,0,0,0,0,0,0,0
16646,2013057199,1220.0,1157.0,51,51202,41.2503,-74.8945,0,0,0,0,0,0,4,6,2013,2,11.0,1.0,0,2.0,1,1,3,  ,2,3.0,0,0,1,0,0,0,0,0,0,0,0,0,0,0,0,1,0
16647,2013057217,1110.0,1105.0,36,36223,40.0228,-76.3671,0,0,0,0,0,1,4,6,2013,2,11.0,1.0,0,1.0,1,1,3,  ,3,3.0,0,0,1,0,0,0,0,0,0,0,0,0,0,0,0,0,0
16648,2013057253,928.0,927.0,14,14410,40.7934,-77.8602,0,0,0,0,0,1,4,6,2013,3,9.0,1.0,0,1.0,3,1,3,  ,2,3.0,0,0,1,0,0,0,0,0,0,0,0,0,0,0,0,0,0
16649,2013057593,928.0,924.0,15,15101,39.999,-75.7253,0,0,0,0,0,0,5,5,2013,5,9.0,1.0,7,1.0,3,0,3,  ,0,0.0,1,0,0,0,0,0,0,0,0,0,0,0,0,0,0,0,0
16650,2013057794,1615.0,1611.0,23,23301,39.8654,-75.3631,0,0,0,0,0,1,6,6,2013,4,16.0,1.0,0,1.0,3,1,3,  ,3,3.0,0,0,0,0,0,0,0,0,0,0,0,0,0,0,0,0,0
16651,2013057838,1743.0,1741.0,9,9213,40.1792,-74.8793,0,0,0,0,0,0,2,5,2013,6,17.0,1.0,0,1.0,3,3,3,  ,0,0.0,1,0,0,0,0,0,0,0,0,0,1,0,0,0,0,0,0
16652,2013057885,1806.0,1803.0,7,7204,40.4658,-78.1994,0,0,0,0,0,0,4,6,2013,3,17.0,1.0,0,1.0,1,1,3,  ,3,3.0,0,0,1,0,0,0,0,0,0,0,0,0,0,0,0,1,0
16653,2013058032,1956.0,1950.0,6,6429,,,0,0,0,0,0,0,4,6,2013,4,19.0,1.0,7,1.0,3,0,3,  ,3,3.0,1,0,1,0,0,0,0,0,0,0,0,0,0,0,0,1,0
16654,2013058165,1119.0,1117.0,23,23111,39.951,-75.2625,0,0,0,0,0,0,2,6,2013,5,11.0,1.0,0,1.0,3,1,3,  ,3,3.0,0,0,0,0,0,0,0,0,0,0,0,0,0,0,0,1,0
16655,2013058203,1444.0,1444.0,6,6301,40.3185,-75.9368,0,0,0,0,0,0,4,6,2013,5,14.0,1.0,0,1.0,3,1,3,  ,2,3.0,1,0,1,0,0,0,0,0,0,0,0,0,0,0,0,0,0
16656,2013058360,2100.0,2058.0,49,49301,40.7887,-76.5633,0,0,0,0,0,0,5,6,2013,7,20.0,3.0,0,1.0,2,0,3,  ,0,0.0,0,0,0,0,0,0,0,0,0,0,0,0,0,0,0,1,0
16657,2013058375,1845.0,1845.0,2,2420,40.5182,-80.1632,0,0,0,0,0,0,4,6,2013,7,18.0,1.0,7,1.0,3,0,3,  ,0,0.0,0,0,1,0,0,0,0,0,0,0,0,0,0,0,0,0,0
16658,2013058669,1851.0,1851.0,46,46416,40.2489,-75.6613,0,1,0,0,0,0,4,5,2013,4,18.0,1.0,0,1.0,2,1,3,  ,2,3.0,0,0,1,0,0,0,0,0,0,0,0,0,0,0,0,0,0
16659,2013059061,1817.0,1815.0,28,28401,39.9324,-77.6602,0,0,0,0,0,0,4,6,2013,6,18.0,1.0,0,1.0,1,1,3,  ,3,3.0,0,0,1,0,0,0,0,0,0,0,0,0,0,0,0,0,0
16660,2013059162,1303.0,1302.0,4,4302,40.6198,-80.2476,0,0,0,0,0,0,4,6,2013,1,13.0,1.0,7,1.0,3,0,3,  ,0,0.0,0,0,1,0,0,0,0,0,0,0,0,0,0,0,0,0,0
16661,2013059163,1320.0,1318.0,35,35407,41.4239,-75.6413,0,0,0,0,0,1,4,6,2013,1,13.0,1.0,0,1.0,3,1,3,  ,0,0.0,0,0,1,0,0,1,0,0,0,0,0,0,0,0,0,0,1
16662,2013059203,1806.0,1758.0,6,6427,40.3354,-75.9385,0,0,0,0,0,0,4,6,2013,1,16.0,1.0,8,1.0,3,6,3,  ,3,3.0,1,0,1,0,0,1,0,0,0,0,0,0,0,0,0,0,0
16663,2013059387,1606.0,1602.0,22,22301,40.2629,-76.8677,0,0,0,0,0,0,4,6,2013,4,16.0,1.0,0,1.0,3,1,3,  ,2,3.0,0,0,1,0,0,0,0,0,0,0,0,0,0,0,0,0,0
16664,2013059395,1710.0,1700.0,21,21403,,,0,0,0,0,0,0,4,6,2013,4,17.0,1.0,0,1.0,3,1,3,  ,3,3.0,0,0,1,0,0,0,0,0,0,0,0,0,0,0,0,0,0
16665,2013059397,735.0,733.0,22,22301,40.2661,-76.8691,0,0,0,0,0,0,4,5,2013,6,7.0,1.0,0,1.0,3,1,3,  ,3,3.0,0,0,1,0,0,0,0,0,0,0,0,0,0,0,0,0,0
16666,2013059485,1310.0,1305.0,2,2301,40.4549,-80.0149,0,0,0,0,0,0,2,6,2013,2,13.0,1.0,0,1.0,3,0,3,  ,0,0.0,0,0,0,0,0,0,0,0,0,0,0,0,0,0,0,0,0
16667,2013059748,49.0,44.0,2,2301,40.4471,-79.9473,0,0,0,0,0,0,4,6,2013,2,0.0,3.0,0,1.0,3,1,3,  ,2,3.0,1,0,1,0,0,0,0,0,0,0,0,0,0,0,0,0,0
16668,2013059869,1350.0,1350.0,25,25213,42.0685,-80.0926,0,0,0,0,0,0,4,6,2013,2,13.0,1.0,7,1.0,3,0,3,  ,0,0.0,0,0,1,0,0,0,0,0,0,0,0,0,0,0,0,0,0
16669,2013059910,1025.0,1021.0,48,48301,40.5914,-75.3558,0,0,0,0,0,1,1,6,2013,3,10.0,1.0,7,1.0,3,0,3,  ,0,0.0,0,0,0,0,0,0,0,0,0,0,0,0,0,0,0,0,0
16670,2013060138,1613.0,1610.0,36,36223,40.0218,-76.3786,0,0,0,0,0,0,4,5,2013,2,16.0,1.0,0,1.0,1,2,3,  ,2,3.0,0,0,1,0,0,0,0,0,0,0,0,0,0,0,0,0,0
16671,2013060244,1335.0,1333.0,2,2446,40.4375,-79.7767,0,0,0,0,0,0,4,6,2013,3,13.0,1.0,0,1.0,3,0,3,  ,0,0.0,0,0,1,0,0,0,0,0,0,0,0,0,0,0,0,0,0
16672,2013060265,1338.0,1338.0,2,2303,40.3735,-79.8458,0,0,0,0,0,0,2,6,2013,3,13.0,1.0,0,1.0,3,1,3,  ,3,3.0,0,0,0,0,0,0,0,0,0,0,0,0,0,0,0,0,0
16673,2013060342,1613.0,1612.0,9,9202,40.0711,-74.9663,0,0,0,0,0,0,4,6,2013,4,16.0,1.0,0,1.0,3,1,3,  ,3,3.0,0,0,1,0,0,0,0,0,0,0,0,0,0,0,0,0,0
16674,2013060469,1713.0,1712.0,42,42405,41.8186,-78.2838,0,0,0,0,0,0,4,6,2013,4,17.0,1.0,0,1.0,1,1,3,  ,0,0.0,0,0,1,0,0,0,0,0,0,0,0,0,0,0,0,0,0
16675,2013060485,1555.0,1549.0,23,23412,39.9431,-75.2897,0,0,0,0,0,0,4,5,2013,1,15.0,1.0,0,1.0,3,1,3,  ,2,3.0,1,0,1,0,0,0,0,0,0,0,0,0,0,0,0,0,0
16676,2013060512,1625.0,1619.0,21,21103,40.23,-76.9714,0,0,0,0,0,0,8,6,2013,4,16.0,1.0,0,1.0,3,0,3,  ,0,0.0,1,0,0,0,0,0,0,0,0,0,1,0,0,0,0,0,0
16677,2013060686,656.0,650.0,2,2209,40.5461,-79.9047,0,0,0,0,1,0,1,6,2013,4,6.0,1.0,0,1.0,3,0,3,  ,0,0.0,0,0,0,0,0,0,0,0,0,0,0,0,0,0,0,0,0
16678,2013060872,1808.0,1800.0,38,38301,40.3326,-76.4186,0,0,0,0,0,0,4,5,2013,6,18.0,1.0,7,1.0,2,2,3,  ,3,3.0,0,0,1,0,0,0,0,0,0,0,0,0,0,0,0,1,0
16679,2013060930,1615.0,1515.0,2,2301,40.4492,-80.005,0,0,0,0,0,0,4,6,2013,6,15.0,1.0,0,1.0,3,1,3,  ,2,3.0,0,0,1,0,0,0,0,0,0,0,0,0,0,1,0,0,0
16680,2013061125,1943.0,1938.0,2,2301,40.451,-79.9858,0,0,0,0,0,0,4,6,2013,6,19.0,1.0,0,1.0,3,1,3,  ,0,0.0,1,0,1,0,0,1,0,0,0,0,0,0,0,0,0,0,0
16681,2013061243,1606.0,1604.0,10,10212,40.682,-80.1254,0,0,0,0,0,1,4,5,2013,6,16.0,1.0,0,1.0,3,1,3,  ,2,3.0,0,0,1,0,0,0,0,0,0,0,0,0,0,0,0,0,0
16682,2013061371,1718.0,1714.0,9,9208,40.19,-74.8234,0,0,0,0,0,0,8,6,2013,7,17.0,1.0,0,1.0,3,1,3,  ,2,3.0,1,1,0,0,0,0,1,0,0,1,0,0,0,0,0,0,0
16683,2013061377,911.0,907.0,36,36240,39.9945,-76.2875,0,0,0,0,0,0,2,6,2013,4,9.0,1.0,0,1.0,1,2,3,  ,3,3.0,1,0,0,0,0,0,0,0,0,0,0,0,0,0,0,1,0
16684,2013061440,1157.0,1154.0,21,21404,40.2177,-77.0046,0,0,0,1,0,0,4,6,2013,4,11.0,1.0,0,1.0,3,2,3,  ,3,3.0,0,0,1,0,1,0,0,0,0,0,0,0,0,0,0,0,0
16685,2013061456,1427.0,1422.0,46,46205,40.2109,-75.5561,0,0,0,0,0,0,4,6,2013,7,14.0,1.0,0,1.0,1,1,3,  ,3,3.0,0,0,1,0,0,0,0,0,0,0,0,0,0,0,0,0,0
16686,2013061544,2225.0,2224.0,2,2301,40.4498,-79.9297,0,0,0,0,0,0,4,6,2013,1,22.0,3.0,0,1.0,3,2,3,  ,2,3.0,1,1,1,0,0,0,1,0,0,1,0,0,0,0,0,0,0
16687,2013061616,751.0,749.0,21,21402,40.1912,-77.1951,0,0,0,0,0,0,4,6,2013,3,7.0,1.0,0,1.0,2,1,3,  ,3,3.0,1,0,1,0,0,0,0,0,0,0,1,0,0,0,0,0,0
16688,2013061618,922.0,920.0,21,21402,40.2002,-77.1736,0,1,0,0,0,0,4,6,2013,4,9.0,1.0,0,1.0,2,2,3,  ,0,0.0,1,0,1,0,0,0,0,0,0,0,0,0,0,0,0,1,0
16689,2013061712,1522.0,1518.0,40,40304,41.2589,-75.8468,0,0,0,0,0,1,4,6,2013,2,15.0,1.0,0,1.0,3,2,3,  ,3,3.0,0,0,1,0,0,1,0,0,0,0,0,0,0,0,0,0,0
16690,2013061729,1707.0,1704.0,66,66301,39.9612,-76.7318,0,0,0,0,0,1,4,6,2013,2,17.0,1.0,0,1.0,3,0,3,  ,0,0.0,0,0,1,0,0,0,0,0,0,0,0,0,0,0,0,0,0
16691,2013061918,2048.0,2046.0,25,25302,42.1069,-80.0749,0,0,0,0,0,0,4,6,2013,2,20.0,4.0,7,1.0,3,0,3,  ,0,0.0,0,0,1,0,0,0,0,0,0,0,0,0,0,0,0,1,0
16692,2013061921,2144.0,2139.0,7,7301,40.5182,-78.4054,0,0,0,0,0,1,4,6,2013,5,21.0,2.0,0,1.0,3,1,3,  ,3,3.0,0,0,1,0,0,0,0,0,0,0,0,0,0,0,0,0,0
16693,2013061931,1752.0,1751.0,25,25302,42.1249,-80.0775,0,0,0,0,1,0,4,6,2013,7,17.0,1.0,0,1.0,3,1,3,  ,2,3.0,0,0,1,0,0,0,0,0,0,0,0,0,0,0,0,0,0
16694,2013062051,803.0,802.0,36,36406,40.1072,-76.3467,0,1,0,0,0,1,4,6,2013,2,8.0,1.0,0,1.0,3,0,3,  ,0,0.0,0,0,1,0,0,0,0,0,0,0,0,0,0,0,0,0,0
16695,2013062117,2142.0,2134.0,7,7301,40.5016,-78.4006,0,0,0,0,1,0,4,6,2013,7,21.0,3.0,0,1.0,3,1,3,  ,3,3.0,0,0,1,0,0,0,0,0,0,0,0,0,0,0,0,0,1
16696,2013062192,2304.0,2302.0,21,21215,40.0579,-77.4953,1,0,0,0,0,1,1,5,2013,6,23.0,2.0,0,1.0,1,0,3,  ,0,0.0,0,1,0,0,0,0,1,0,0,1,0,0,0,0,0,0,0
16697,2013062201,1800.0,1755.0,38,38301,40.336,-76.4241,0,0,0,0,0,0,4,6,2013,3,17.0,1.0,0,1.0,2,1,3,  ,0,0.0,0,0,1,0,0,0,0,0,0,0,0,0,0,0,0,0,1
16698,2013062500,1631.0,1629.0,46,46107,40.0986,-75.3041,0,0,0,0,0,1,4,6,2013,4,16.0,1.0,7,1.0,3,0,3,  ,3,3.0,0,0,1,0,0,0,0,0,0,0,0,0,0,0,0,0,0
16699,2013062506,1940.0,1934.0,67,67301,39.9683,-75.2188,0,0,0,0,1,0,4,5,2013,6,19.0,1.0,0,1.0,3,1,3,  ,0,0.0,0,0,1,0,0,1,0,0,0,0,0,0,0,0,0,0,0
16700,2013062512,1815.0,807.0,67,67301,40.0463,-75.143,0,0,0,0,0,0,4,4,2013,6,99.0,1.0,7,1.0,3,0,3,  ,0,0.0,0,0,1,0,0,0,0,0,0,0,0,0,0,0,0,0,1
16701,2013062533,1645.0,1640.0,67,67301,40.0386,-75.1426,0,0,0,0,0,0,4,4,2013,4,16.0,1.0,0,1.0,3,1,3,  ,2,3.0,0,0,1,0,0,0,0,0,0,0,0,0,0,0,0,0,0
16702,2013062550,1820.0,1818.0,67,67301,40.0436,-75.0747,0,0,0,0,0,0,4,5,2013,5,18.0,1.0,7,1.0,3,0,3,  ,0,0.0,0,0,1,0,0,0,0,0,0,0,0,0,0,0,0,0,0
16703,2013062562,2313.0,2310.0,67,67301,39.9852,-75.1241,0,0,0,0,0,0,4,5,2013,6,22.0,3.0,0,9.0,3,1,7,  ,2,3.0,0,0,1,0,0,0,0,0,0,0,0,0,0,0,0,0,0
16704,2013062565,1407.0,1356.0,67,67301,39.9217,-75.1907,0,0,0,0,0,0,4,5,2013,5,99.0,1.0,2,1.0,3,3,3,  ,2,3.0,1,0,1,0,0,0,0,0,0,0,0,0,0,0,0,0,1
16705,2013062572,1830.0,1824.0,67,67301,39.9642,-75.1902,0,0,0,0,0,0,4,5,2013,2,18.0,1.0,0,1.0,3,1,3,  ,2,3.0,0,0,1,0,0,0,0,0,0,0,0,0,0,0,0,1,0
16706,2013062577,812.0,808.0,67,67301,40.0179,-75.1855,0,0,0,0,0,1,4,5,2013,6,8.0,1.0,0,9.0,3,1,3,  ,0,0.0,0,0,1,0,0,0,0,0,0,0,0,0,0,0,0,0,0
16707,2013062582,1455.0,1445.0,67,67301,40.0079,-75.1405,0,0,0,0,0,0,4,5,2013,2,14.0,1.0,0,1.0,3,5,3,  ,2,3.0,0,0,1,0,0,0,0,0,0,0,0,0,0,0,0,0,0
16708,2013062597,1435.0,1430.0,67,67301,40.0212,-75.054,0,0,0,0,0,0,4,5,2013,3,14.0,1.0,0,1.0,3,0,3,  ,0,0.0,0,0,1,0,0,0,0,0,0,0,0,0,0,0,0,0,0
16709,2013062598,1530.0,1523.0,67,67301,40.0427,-75.0114,0,0,0,0,0,0,4,5,2013,1,15.0,1.0,0,1.0,3,1,3,  ,2,3.0,0,0,1,0,0,0,0,0,0,0,0,0,0,0,0,0,0
16710,2013062610,2117.0,2115.0,67,67301,40.0176,-75.1548,0,0,0,0,0,0,4,5,2013,6,21.0,4.0,0,1.0,3,1,3,  ,3,3.0,0,0,1,0,0,0,0,0,0,0,0,0,0,0,0,0,0
16711,2013062878,2110.0,2107.0,2,2302,40.2845,-79.888,0,0,0,0,0,0,2,6,2013,4,21.0,4.0,0,1.0,3,5,3,  ,3,3.0,0,0,0,0,0,1,0,0,0,0,0,0,0,0,0,0,1
16712,2013063015,2115.0,2112.0,48,48216,40.8506,-75.2116,0,0,0,0,0,0,1,6,2013,7,21.0,3.0,0,1.0,1,0,3,  ,0,0.0,0,0,0,0,0,0,0,0,0,0,0,0,0,0,0,1,0
16713,2013063074,2320.0,2315.0,13,13404,40.8683,-75.7349,0,0,0,0,1,0,2,6,2013,3,23.0,3.0,3,1.0,1,2,3,  ,0,0.0,0,1,0,0,0,0,0,0,0,0,0,0,0,0,0,0,0
16714,2013063086,1746.0,1745.0,36,36301,40.0372,-76.3125,0,0,0,0,0,0,4,6,2013,4,17.0,1.0,0,1.0,3,5,3,  ,2,3.0,1,0,1,0,0,0,0,0,0,0,0,0,0,0,0,0,0
16715,2013063113,129.0,128.0,67,67301,39.9617,-75.1561,0,0,0,0,1,0,4,5,2013,6,1.0,3.0,0,9.0,3,1,7,  ,2,3.0,0,0,1,0,0,1,0,0,0,0,0,0,0,0,0,0,0
16716,2013063303,1355.0,1345.0,28,28205,39.9367,-77.6795,0,0,0,0,0,0,4,5,2013,7,13.0,1.0,0,1.0,2,0,3,  ,0,0.0,0,0,1,0,0,0,0,0,0,0,0,0,0,0,0,0,0
16717,2013063363,1418.0,1402.0,2,2301,40.487,-79.8942,0,0,0,0,0,1,4,6,2013,4,14.0,1.0,7,1.0,3,1,3,  ,3,3.0,0,0,1,0,0,0,0,0,0,0,0,0,0,0,0,0,0
16718,2013063369,1305.0,1259.0,63,63403,41.5763,-75.2597,0,0,0,0,0,0,7,6,2013,5,12.0,1.0,0,1.0,2,0,3,  ,0,0.0,0,0,0,0,0,0,0,0,0,0,0,0,0,0,0,1,0
16719,2013063379,1344.0,1340.0,9,9101,40.1165,-74.8812,0,1,0,0,2,0,4,6,2013,4,13.0,1.0,0,1.0,3,1,3,  ,2,3.0,1,0,1,0,0,0,0,0,0,0,0,0,0,0,0,1,0
16720,2013063385,2146.0,2143.0,25,25302,42.1096,-80.0944,0,0,0,0,0,1,4,6,2013,7,20.0,1.0,0,1.0,3,3,3,  ,3,3.0,0,0,1,0,0,0,0,0,0,0,0,0,0,0,0,0,0
16721,2013063399,1043.0,1042.0,23,23416,39.9085,-75.3273,0,1,0,0,0,1,4,6,2013,6,10.0,1.0,7,1.0,3,0,3,  ,0,0.0,1,0,1,0,0,0,0,0,0,0,0,0,0,0,0,0,0
16722,2013063411,1230.0,1216.0,66,66227,39.9587,-76.6821,0,0,0,0,0,1,4,6,2013,6,12.0,1.0,0,1.0,3,0,3,  ,0,0.0,0,0,1,0,0,0,0,0,0,0,0,0,0,0,0,1,0
16723,2013063432,1613.0,1606.0,53,53203,40.684,-76.2551,0,0,0,0,0,0,4,6,2013,6,16.0,1.0,0,1.0,1,0,3,  ,0,0.0,0,0,1,0,0,0,0,0,0,0,0,0,0,0,0,0,0
16724,2013063452,1644.0,1639.0,25,25302,42.1208,-80.0989,0,0,0,0,0,0,4,6,2013,6,16.0,1.0,0,1.0,3,1,3,  ,3,3.0,0,0,1,0,0,0,0,0,0,0,0,0,0,0,0,0,0
16725,2013063461,1720.0,1718.0,25,25302,42.1312,-80.0672,0,0,0,0,0,1,4,6,2013,6,17.0,1.0,0,1.0,3,1,3,  ,3,3.0,0,0,1,0,0,0,0,0,0,0,0,0,0,0,0,0,1
16726,2013063574,1310.0,1310.0,38,38213,40.2772,-76.5874,0,0,0,0,0,1,4,6,2013,1,13.0,1.0,0,1.0,1,2,3,  ,3,3.0,1,0,1,0,0,0,0,0,0,0,0,0,1,0,0,0,0
16727,2013063746,1303.0,1259.0,48,48301,40.6248,-75.3645,0,0,0,0,0,0,4,6,2013,7,12.0,1.0,0,1.0,3,1,3,  ,0,0.0,0,0,1,0,0,0,0,0,0,0,0,0,0,0,0,0,0
16728,2013063889,1242.0,1239.0,39,39406,40.5999,-75.4007,0,0,0,0,0,0,4,6,2013,4,12.0,1.0,0,1.0,3,2,3,  ,0,0.0,0,0,1,0,0,0,0,0,0,0,0,0,0,0,0,0,0
16729,2013063949,2008.0,2007.0,53,53406,40.783,-76.2385,0,0,0,0,0,0,8,6,2013,3,20.0,1.0,0,1.0,2,1,3,  ,3,3.0,0,0,0,0,0,0,0,0,0,0,0,0,0,0,0,0,0
16730,2013063973,800.0,731.0,15,15241,40.0807,-75.8102,0,0,0,0,0,1,8,6,2013,3,7.0,1.0,7,1.0,1,0,3,  ,0,0.0,1,0,0,0,0,0,0,0,0,0,0,0,0,0,0,0,0
16731,2013064011,1832.0,1829.0,2,2301,40.3882,-79.9883,0,0,0,0,0,0,9,6,2013,1,18.0,8.0,0,98.0,3,1,99,  ,3,3.0,0,0,0,0,0,0,0,0,0,0,0,0,0,0,0,0,1
16732,2013064176,1230.0,1226.0,6,6301,40.3445,-75.9256,0,0,0,0,0,0,2,6,2013,7,12.0,1.0,7,1.0,3,10,3,  ,0,0.0,0,0,0,0,0,1,0,0,0,0,0,0,0,0,0,0,0
16733,2013064202,1051.0,1049.0,48,48212,40.6667,-75.2621,0,0,0,0,0,0,4,6,2013,1,10.0,1.0,0,1.0,3,1,3,  ,2,3.0,1,0,1,0,0,0,0,0,0,0,0,0,0,0,0,0,0
16734,2013064206,1326.0,1322.0,6,6301,40.3366,-75.92,0,0,0,0,0,0,4,6,2013,2,13.0,1.0,0,1.0,3,0,3,  ,0,0.0,0,0,1,0,0,0,0,0,0,0,0,0,0,0,0,0,0
16735,2013064238,1104.0,1057.0,38,38208,40.3138,-76.4184,0,1,0,0,0,0,4,6,2013,2,10.0,1.0,0,1.0,1,1,3,  ,3,3.0,1,0,1,0,0,0,0,0,0,0,0,0,0,0,0,1,0
16736,2013064558,1851.0,1748.0,9,9415,40.4415,-75.3448,0,0,0,0,0,0,4,6,2013,2,17.0,1.0,0,9.0,2,2,7,  ,3,3.0,0,0,1,0,0,0,0,0,0,0,0,0,0,0,0,0,0
16737,2013064565,1212.0,1207.0,14,14216,40.8051,-77.9184,0,0,0,0,0,0,4,6,2013,2,12.0,1.0,0,1.0,1,2,3,  ,3,3.0,0,0,1,0,0,0,0,0,0,0,0,0,0,0,0,1,0
16738,2013064612,1215.0,1208.0,2,2301,40.4656,-79.9552,0,0,0,0,0,0,4,6,2013,3,12.0,1.0,0,1.0,3,1,3,  ,2,3.0,0,0,1,0,0,0,0,0,0,0,0,0,0,0,0,0,0
16739,2013064872,644.0,642.0,46,46113,40.1982,-75.2896,0,0,0,0,0,0,4,6,2013,4,6.0,1.0,0,1.0,3,2,3,  ,0,0.0,0,0,1,0,0,0,0,0,0,0,0,0,0,0,0,0,0