,CRN,ARRIVAL_TM,DISPATCH_TM,COUNTY,MUNICIPALITY,DEC_LAT,DEC_LONG,BICYCLE_DEATH_COUNT,BICYCLE_SUSP_SERIOUS_INJ_COUNT,BUS_COUNT,HEAVY_TRUCK_COUNT,SMALL_TRUCK_COUNT,SUV_COUNT,COLLISION_TYPE,CRASH_MONTH,CRASH_YEAR,DAY_OF_WEEK,HOUR_OF_DAY,ILLUMINATION,LOCATION_TYPE,ROAD_CONDITION,URBAN_RURAL,INTERSECT_TYPE,WEATHER1,WEATHER2,TCD_TYPE,TCD_FUNC_CD,AGGRESSIVE_DRIVING,ALCOHOL_RELATED,ANGLE_CRASH,CELL_PHONE,COMM_VEHICLE,DISTRACTED,DRINKING_DRIVER,DRUGGED_DRIVER,FATIGUE_ASLEEP,IMPAIRED_DRIVER,NHTSA_AGG_DRIVING,RUNNING_RED_LT,RUNNING_STOP_SIGN,SPEEDING_RELATED,TAILGATING,MATURE_DRIVER,YOUNG_DRIVER
16740,2013064933,1008.0,951.0,9,9202,40.101,-74.9248,0,0,0,0,0,0,5,6,2013,4,9.0,1.0,0,1.0,3,2,3,  ,0,0.0,0,0,0,0,0,0,0,0,0,0,0,0,0,0,0,0,0
16741,2013064949,1057.0,1055.0,2,2122,40.4844,-80.0726,0,0,0,0,0,0,5,6,2013,4,10.0,1.0,0,1.0,3,2,3,  ,0,0.0,0,0,0,0,0,0,0,0,0,0,0,0,0,0,0,0,0
16742,2013065081,1908.0,1905.0,2,2301,40.467,-79.9641,0,0,0,0,0,0,5,6,2013,4,19.0,4.0,0,1.0,3,0,3,  ,0,0.0,1,0,0,0,0,0,0,0,0,0,0,0,0,0,0,0,0
16743,2013065212,854.0,852.0,14,14410,40.7864,-77.8606,0,0,0,0,0,0,4,6,2013,5,8.0,1.0,0,1.0,3,2,3,  ,3,3.0,0,0,1,0,0,0,0,0,0,0,0,0,0,0,0,0,0
16744,2013065289,1730.0,1718.0,67,67301,39.9557,-75.1662,0,0,0,0,0,1,4,5,2013,6,17.0,1.0,0,1.0,3,1,3,  ,2,3.0,0,0,1,0,0,0,0,0,0,0,0,0,0,0,0,0,0
16745,2013065298,1755.0,1745.0,67,67301,39.9603,-75.1737,0,0,0,0,0,0,5,5,2013,4,21.0,3.0,0,1.0,3,1,3,  ,0,0.0,1,0,0,0,0,0,0,0,0,0,0,0,0,0,0,0,0
16746,2013065299,1940.0,1938.0,67,67301,39.9273,-75.1831,0,0,0,0,0,0,4,5,2013,4,19.0,1.0,0,1.0,3,1,3,  ,0,0.0,0,0,1,0,0,0,0,0,0,0,0,0,0,0,0,0,0
16747,2013065303,1710.0,1704.0,67,67301,40.0067,-75.0948,0,0,0,0,0,0,4,5,2013,2,17.0,1.0,0,1.0,3,2,3,  ,3,3.0,1,0,1,0,0,0,0,0,0,0,0,0,0,0,0,0,0
16748,2013065319,1424.0,1418.0,67,67301,39.9633,-75.2262,0,0,0,0,1,0,4,5,2013,3,14.0,1.0,0,1.0,3,1,3,  ,3,3.0,0,0,1,0,0,0,0,0,0,0,0,0,0,0,0,0,0
16749,2013065328,10.0,6.0,67,67301,39.9722,-75.1594,0,0,0,0,0,0,5,5,2013,2,0.0,3.0,0,1.0,3,0,3,  ,0,0.0,1,0,0,0,0,0,0,0,0,0,0,0,0,0,0,0,0
16750,2013065332,1845.0,1838.0,67,67301,40.0325,-75.0422,0,0,0,0,0,0,4,5,2013,5,18.0,1.0,7,1.0,3,0,3,  ,0,0.0,0,0,1,0,0,0,0,0,0,0,0,0,0,0,0,0,0
16751,2013065347,9999.0,9999.0,67,67301,39.9266,-75.1775,0,0,0,0,0,0,4,5,2013,6,99.0,1.0,0,1.0,3,0,3,  ,0,0.0,0,0,1,0,0,0,0,0,0,0,0,0,0,0,0,0,0
16752,2013065371,2300.0,2300.0,67,67301,40.0392,-75.1776,0,0,0,0,0,0,4,5,2013,6,22.0,3.0,0,1.0,3,1,3,  ,2,3.0,0,0,1,0,0,0,0,0,0,0,0,0,0,0,0,0,1
16753,2013065386,1551.0,1549.0,67,67301,39.9312,-75.1934,0,0,0,0,0,0,4,5,2013,4,15.0,1.0,0,1.0,3,1,3,  ,3,3.0,0,0,1,0,0,0,0,0,0,0,0,0,0,0,0,0,0
16754,2013065411,1809.0,1804.0,67,67301,39.936,-75.169,0,0,0,0,0,0,4,5,2013,7,18.0,1.0,0,1.0,3,0,3,  ,0,0.0,0,0,1,0,0,0,0,0,0,0,0,0,0,0,0,0,1
16755,2013065414,1018.0,1010.0,67,67301,39.9693,-75.1846,0,0,0,0,0,0,4,5,2013,5,10.0,1.0,7,1.0,3,2,3,  ,2,3.0,0,0,1,0,0,0,0,0,0,0,0,0,0,0,0,1,0
16756,2013065437,1616.0,1615.0,67,67301,39.9508,-75.195,0,0,0,0,0,0,4,5,2013,2,16.0,1.0,0,1.0,3,0,3,  ,0,0.0,1,0,1,0,0,0,0,0,0,0,0,0,0,0,0,0,0
16757,2013065445,1935.0,1935.0,67,67301,39.9422,-75.1544,0,0,0,0,0,1,4,5,2013,5,19.0,4.0,0,1.0,3,0,3,  ,0,0.0,0,0,1,0,0,0,0,0,0,0,0,0,0,0,0,0,0
16758,2013065454,1356.0,1355.0,67,67301,40.031,-75.1288,0,0,0,0,0,0,4,5,2013,2,13.0,1.0,0,1.0,3,2,3,  ,0,0.0,0,0,1,0,0,0,0,0,0,0,0,0,0,0,0,0,0
16759,2013065477,2020.0,2016.0,67,67301,39.9361,-75.1753,0,0,0,0,0,0,4,5,2013,6,20.0,3.0,0,1.0,3,1,3,  ,0,0.0,0,0,1,0,0,0,0,0,0,0,0,0,0,0,0,0,0
16760,2013065482,2014.0,2012.0,67,67301,39.9736,-75.2322,0,0,0,0,0,0,8,5,2013,3,20.0,1.0,0,1.0,3,1,3,  ,0,0.0,0,0,0,0,0,0,0,0,0,0,0,0,0,0,0,0,0
16761,2013065489,2010.0,2004.0,67,67301,40.0831,-75.043,0,0,0,0,0,0,4,5,2013,4,20.0,1.0,0,1.0,3,2,3,  ,3,3.0,0,0,1,0,0,0,0,0,0,0,0,0,0,0,0,0,0
16762,2013065494,1712.0,1700.0,67,67301,39.9169,-75.1721,0,0,0,0,0,1,4,5,2013,6,17.0,1.0,0,1.0,3,1,3,  ,2,3.0,1,0,1,0,0,0,0,0,0,0,0,0,0,0,0,0,0
16763,2013065497,1913.0,1904.0,67,67301,39.986,-75.1117,0,0,0,0,0,0,4,5,2013,4,18.0,1.0,0,1.0,3,0,3,  ,0,0.0,0,0,1,0,0,0,0,0,1,0,0,0,0,0,0,0,0
16764,2013065508,1815.0,1804.0,67,67301,39.9538,-75.1429,0,0,0,0,0,0,5,5,2013,4,17.0,1.0,0,1.0,3,1,3,  ,2,3.0,1,0,0,0,0,0,0,0,0,0,0,0,0,0,0,0,0
16765,2013065518,520.0,520.0,67,67301,39.9721,-75.1291,0,0,0,0,0,0,6,5,2013,1,4.0,3.0,0,1.0,3,0,3,  ,0,0.0,0,0,0,0,0,0,0,0,0,0,0,0,0,0,0,0,0
16766,2013065519,1940.0,1935.0,67,67301,40.001,-75.0679,0,0,0,0,1,0,4,5,2013,3,19.0,1.0,0,1.0,3,2,3,  ,3,3.0,0,0,1,0,0,0,0,0,0,0,0,0,0,0,0,0,0
16767,2013065537,1115.0,1109.0,67,67301,39.95,-75.1787,0,1,0,0,0,0,4,5,2013,5,99.0,1.0,0,1.0,3,1,3,  ,2,3.0,1,0,1,0,0,0,0,0,0,0,0,1,0,0,0,0,0
16768,2013065583,835.0,830.0,67,67301,40.0096,-75.1803,0,0,0,0,0,0,4,5,2013,4,8.0,1.0,0,2.0,3,2,3,  ,2,3.0,0,0,1,0,0,0,0,0,0,0,0,0,0,0,0,0,0
16769,2013065590,1020.0,1020.0,67,67301,39.9328,-75.1864,0,0,0,0,0,0,4,5,2013,4,10.0,1.0,0,1.0,3,1,3,  ,2,3.0,0,0,1,0,0,0,0,0,0,0,0,0,0,0,0,0,0
16770,2013065915,1353.0,1350.0,39,39102,40.6484,-75.5111,0,0,0,0,0,0,4,6,2013,5,13.0,1.0,0,1.0,3,2,3,  ,3,3.0,1,0,1,0,0,0,0,0,0,0,0,0,0,0,0,0,0
16771,2013065985,1919.0,1918.0,22,22408,40.5681,-76.7042,0,0,0,0,0,1,8,6,2013,1,19.0,1.0,0,1.0,1,1,3,  ,3,3.0,0,0,0,0,0,0,0,0,0,0,0,0,0,0,0,0,0
16772,2013066070,1655.0,1651.0,21,21104,40.165,-76.9828,0,0,0,0,0,0,4,6,2013,6,16.0,1.0,0,9.0,3,2,98,  ,3,3.0,0,0,1,0,0,0,0,0,0,0,0,0,0,0,0,0,0
16773,2013066088,2109.0,2108.0,23,23301,39.8438,-75.3814,0,0,0,0,0,0,4,6,2013,6,21.0,3.0,0,9.0,3,1,7,  ,2,3.0,0,0,1,0,0,0,0,0,1,0,0,0,0,0,0,0,0
16774,2013066170,1530.0,1528.0,63,63403,41.5752,-75.2615,0,0,0,0,0,0,4,6,2013,2,15.0,1.0,0,1.0,2,0,3,  ,0,0.0,1,0,1,0,0,0,0,0,0,0,0,0,0,0,0,0,0
16775,2013066176,1755.0,1753.0,19,19402,41.0557,-76.2464,0,0,0,0,0,0,4,6,2013,6,17.0,1.0,0,1.0,2,0,3,  ,0,0.0,0,0,1,0,0,1,0,0,0,0,0,0,0,0,0,0,1
16776,2013066199,837.0,828.0,45,45215,41.0919,-75.5939,0,0,0,0,0,0,5,6,2013,7,8.0,1.0,7,1.0,1,0,3,  ,0,0.0,1,0,0,0,0,0,0,0,0,0,0,0,0,0,0,0,0
16777,2013066201,1608.0,1606.0,66,66301,39.9518,-76.7267,0,0,0,0,0,0,4,6,2013,6,16.0,1.0,0,1.0,3,1,3,  ,3,3.0,0,0,1,0,0,0,0,0,0,0,0,0,0,0,0,0,0
16778,2013066220,1427.0,1427.0,2,2476,40.3584,-80.0059,0,0,0,0,0,0,4,6,2013,5,14.0,1.0,0,1.0,3,2,3,  ,3,3.0,0,0,1,0,0,0,0,0,0,0,0,0,0,0,0,0,0
16779,2013066231,1509.0,1508.0,20,20301,41.6339,-80.1518,0,0,0,0,0,1,4,6,2013,7,15.0,1.0,0,9.0,2,1,3,  ,3,3.0,1,0,1,0,0,0,0,0,0,0,0,0,0,0,0,0,0
16780,2013066316,1910.0,1900.0,36,36101,40.0968,-76.3054,0,0,0,0,0,0,4,6,2013,7,18.0,1.0,0,1.0,3,0,3,  ,0,0.0,0,0,1,0,0,0,0,0,0,0,0,0,0,0,0,1,0
16781,2013066325,1945.0,1935.0,21,21103,40.2661,-77.0044,0,0,0,0,0,0,4,6,2013,7,19.0,1.0,7,1.0,3,0,3,  ,0,0.0,0,0,1,0,0,0,0,0,0,0,0,0,0,0,0,0,0
16782,2013066358,1707.0,1706.0,15,15411,40.131,-75.5222,0,0,0,0,0,0,8,6,2013,7,17.0,1.0,0,1.0,3,2,3,  ,0,0.0,1,0,0,0,0,0,0,0,0,0,0,0,0,0,0,0,0
16783,2013066445,1522.0,1519.0,48,48419,40.8577,-75.2917,0,1,0,0,0,0,2,6,2013,1,15.0,1.0,0,9.0,1,1,3,  ,3,3.0,1,0,0,0,0,0,0,0,0,0,0,0,0,0,0,0,0
16784,2013066465,1400.0,1356.0,48,48301,40.6334,-75.3744,0,0,0,0,0,0,9,6,2013,6,13.0,1.0,0,1.0,3,1,3,  ,0,0.0,0,0,0,0,0,0,0,0,0,0,0,0,0,0,0,1,0
16785,2013066501,1229.0,1217.0,54,54403,40.791,-77.051,0,0,0,0,0,0,4,6,2013,6,12.0,1.0,0,1.0,1,1,3,  ,3,3.0,0,0,1,0,0,0,0,0,0,0,0,0,0,0,0,0,0
16786,2013066557,1813.0,1811.0,23,23111,39.9597,-75.2685,0,0,0,0,0,0,2,6,2013,1,18.0,1.0,0,1.0,3,2,3,  ,3,3.0,0,0,0,0,0,0,0,0,0,0,0,0,0,0,0,0,0
16787,2013066633,1344.0,1340.0,3,3214,40.7719,-79.5241,0,0,0,0,0,1,4,6,2013,6,13.0,1.0,0,1.0,1,2,3,  ,3,3.0,0,0,1,0,0,0,0,0,0,0,0,0,0,0,0,0,0
16788,2013066797,,,21,21209,40.1306,-77.4786,0,0,0,0,1,0,1,1,2013,7,13.0,1.0,7,1.0,1,0,3,  ,0,0.0,0,0,0,0,0,0,0,0,0,0,0,0,0,0,0,1,0
16789,2013067099,1905.0,1904.0,2,2301,40.4218,-80.0024,0,0,0,0,0,0,2,7,2013,2,19.0,1.0,0,1.0,3,2,3,  ,3,3.0,0,0,0,0,0,0,0,0,0,0,0,0,0,0,0,0,0
16790,2013067134,2027.0,2026.0,46,46411,40.2498,-75.285,0,0,0,0,1,0,4,7,2013,2,20.0,1.0,0,1.0,3,1,3,  ,3,3.0,0,0,1,0,0,0,0,0,0,0,0,0,0,0,0,0,0
16791,2013067357,1550.0,1549.0,26,26302,39.8981,-79.712,0,0,0,0,0,1,4,5,2013,3,15.0,1.0,0,9.0,2,1,7,  ,3,3.0,0,0,1,0,0,0,0,0,0,0,0,0,0,0,0,0,0
16792,2013067390,1602.0,1559.0,23,23412,39.9362,-75.2718,0,0,0,0,0,1,4,7,2013,3,15.0,1.0,0,1.0,3,2,3,  ,0,0.0,0,0,1,0,0,0,0,0,0,0,0,0,0,0,0,1,0
16793,2013067395,1630.0,1630.0,67,67301,39.9849,-75.1583,0,0,0,0,0,0,4,7,2013,3,16.0,1.0,0,1.0,3,1,3,  ,2,3.0,0,0,1,0,0,0,0,0,0,0,0,0,0,0,0,0,0
16794,2013067548,1642.0,1636.0,2,2113,40.4907,-79.8493,0,0,0,0,0,0,1,7,2013,3,16.0,1.0,0,1.0,3,0,3,  ,0,0.0,0,0,0,0,0,0,0,0,0,0,0,0,0,0,0,0,0
16795,2013067693,1515.0,1515.0,9,9226,40.2006,-75.0892,0,0,0,0,0,0,5,6,2013,7,15.0,1.0,0,1.0,3,0,3,  ,2,3.0,0,0,0,0,0,0,0,0,0,0,0,0,0,0,0,0,0
16796,2013067721,1236.0,1234.0,25,25302,42.1305,-80.0856,0,0,0,0,0,0,4,7,2013,4,12.0,1.0,0,1.0,3,0,3,  ,0,0.0,0,0,1,0,0,0,0,0,0,0,0,0,0,0,0,0,0
16797,2013067797,1900.0,1855.0,39,39211,40.5578,-75.4002,0,0,0,0,0,0,4,6,2013,7,18.0,1.0,0,1.0,1,1,3,  ,3,3.0,1,0,1,0,0,0,0,0,0,0,0,0,0,0,0,0,0
16798,2013067890,1628.0,1624.0,40,40301,40.956,-75.9772,0,0,0,0,0,0,4,7,2013,4,16.0,1.0,7,1.0,2,0,3,  ,0,0.0,0,0,1,0,0,0,0,0,0,0,0,0,0,0,0,1,0
16799,2013067971,858.0,855.0,2,2415,40.4083,-80.0876,0,1,0,0,0,0,4,7,2013,3,8.0,1.0,0,1.0,3,0,3,  ,0,0.0,0,0,1,0,0,0,0,0,0,0,0,0,0,0,0,0,0
16800,2013068040,2149.0,2144.0,43,43303,41.2333,-80.456,0,0,0,0,0,0,4,7,2013,4,21.0,3.0,0,9.0,3,1,7,  ,2,3.0,0,0,1,0,0,0,0,0,0,0,0,0,0,0,0,0,0
16801,2013068196,1215.0,1214.0,39,39103,40.5908,-75.5253,0,0,0,0,0,0,4,7,2013,6,12.0,1.0,7,1.0,1,0,3,  ,0,0.0,1,0,1,0,0,0,0,0,0,0,0,0,0,0,0,0,0
16802,2013068325,2004.0,1958.0,39,39301,40.6081,-75.4734,0,0,0,0,0,0,4,7,2013,6,19.0,4.0,0,1.0,3,1,3,  ,3,3.0,0,0,1,0,0,0,0,0,0,0,0,0,0,0,0,0,0
16803,2013068473,1704.0,1659.0,40,40301,40.9576,-75.9748,0,0,0,0,0,0,4,7,2013,7,16.0,1.0,0,1.0,2,1,3,  ,0,0.0,0,0,1,0,0,0,0,0,0,0,0,0,0,0,0,0,0
16804,2013068496,2148.0,2143.0,66,66301,39.9596,-76.7264,0,0,0,0,0,0,5,7,2013,7,21.0,3.0,0,1.0,3,0,3,  ,0,0.0,0,0,0,0,0,0,0,0,0,0,0,0,0,0,0,0,0
16805,2013068558,1714.0,1710.0,23,23106,40.0045,-75.3727,0,0,0,0,1,0,5,7,2013,6,17.0,1.0,0,1.0,3,0,3,  ,0,0.0,1,0,0,0,0,0,0,0,0,0,0,0,0,0,0,0,0
16806,2013068616,1314.0,1312.0,36,36408,40.1803,-76.1741,0,1,0,0,0,0,1,7,2013,1,13.0,1.0,0,1.0,2,0,3,  ,0,0.0,0,0,0,0,0,0,0,0,0,0,0,0,0,0,0,1,0
16807,2013068640,1717.0,1714.0,9,9415,40.4429,-75.339,0,0,0,0,0,1,4,7,2013,1,17.0,1.0,0,1.0,2,2,3,  ,3,3.0,0,0,1,0,0,0,0,0,0,0,0,0,0,0,0,0,0
16808,2013068801,2031.0,2031.0,62,62302,40.1755,-80.2506,0,0,0,0,0,0,4,7,2013,1,20.0,1.0,0,1.0,3,1,3,  ,0,0.0,0,0,1,0,0,0,0,0,0,0,0,0,0,0,0,0,0
16809,2013069121,1127.0,1106.0,19,19213,41.0749,-76.5136,0,1,0,0,1,0,4,6,2013,4,11.0,1.0,0,1.0,1,1,3,  ,0,0.0,0,0,1,0,0,0,0,0,0,0,0,0,0,0,0,0,0
16810,2013069272,1803.0,1756.0,46,46220,40.0959,-75.37,0,0,0,0,1,0,5,7,2013,2,17.0,1.0,0,1.0,3,0,3,  ,0,0.0,0,0,0,0,0,0,0,0,0,0,0,0,0,0,0,0,0
16811,2013069298,1348.0,1341.0,9,9218,40.2105,-74.9486,0,0,0,0,0,1,5,7,2013,2,13.0,1.0,0,1.0,3,0,3,  ,0,0.0,0,0,0,0,0,1,0,0,0,0,0,0,0,0,0,0,0
16812,2013069384,1232.0,1217.0,1,1209,39.8143,-77.3672,1,0,0,0,0,0,4,6,2013,7,12.0,1.0,0,1.0,1,1,3,  ,3,3.0,0,0,1,0,0,0,0,0,0,0,0,0,0,0,0,0,0
16813,2013069534,1830.0,1830.0,15,15218,39.9168,-75.9127,0,0,0,0,0,1,8,7,2013,2,10.0,1.0,0,1.0,1,0,3,  ,0,0.0,1,0,0,0,0,0,0,0,0,0,0,0,0,0,0,0,0
16814,2013069565,2141.0,2137.0,25,25302,42.1342,-80.0887,0,0,0,0,0,0,5,7,2013,3,21.0,3.0,0,1.0,3,0,3,  ,0,0.0,0,1,0,0,0,0,0,0,0,0,0,0,0,0,0,0,0
16815,2013069587,1012.0,1010.0,25,25302,42.107,-80.0868,0,0,0,0,0,1,4,7,2013,4,10.0,1.0,0,1.0,3,1,3,  ,2,3.0,1,0,1,0,0,0,0,0,0,0,0,0,0,0,0,0,0
16816,2013069643,1520.0,1519.0,48,48301,40.6119,-75.3818,0,0,0,0,0,0,4,7,2013,4,15.0,1.0,0,1.0,3,1,3,  ,2,3.0,0,0,1,0,0,1,0,0,0,0,0,0,0,0,0,1,0
16817,2013069660,1729.0,1725.0,46,46413,40.1239,-75.3416,0,0,0,0,0,1,4,7,2013,4,17.0,1.0,0,1.0,3,1,3,  ,0,0.0,0,0,1,0,0,0,0,0,0,0,0,0,0,0,0,0,0
16818,2013069666,1622.0,1620.0,48,48416,40.7451,-75.5945,0,0,0,0,0,0,4,7,2013,7,16.0,1.0,0,1.0,1,2,3,  ,3,3.0,0,0,1,0,0,0,0,0,0,0,0,0,0,0,0,0,0
16819,2013069807,1935.0,1930.0,2,2301,40.4576,-79.9961,0,0,0,0,0,1,4,7,2013,4,19.0,1.0,0,9.0,3,2,7,  ,0,0.0,0,0,1,0,0,0,0,0,0,0,0,0,0,0,0,0,0
16820,2013069844,1207.0,1205.0,21,21404,40.2152,-77.0009,0,0,0,0,0,0,4,7,2013,6,12.0,1.0,0,1.0,3,0,3,  ,0,0.0,0,0,1,0,0,0,0,0,0,0,0,0,0,0,0,1,0
16821,2013069901,1114.0,1053.0,54,54213,40.7276,-76.982,0,0,0,0,0,0,5,7,2013,3,10.0,1.0,0,1.0,1,0,3,  ,0,0.0,0,0,0,0,0,0,0,0,0,0,0,0,0,0,0,1,0
16822,2013069968,1500.0,1445.0,67,67301,39.9623,-75.1613,0,0,0,0,0,1,4,7,2013,4,15.0,1.0,0,1.0,3,1,3,  ,2,3.0,0,0,1,0,0,1,0,0,0,0,0,0,0,0,0,0,0
16823,2013070016,140.0,135.0,67,67301,39.9558,-75.2257,0,0,0,0,0,1,4,6,2013,6,1.0,3.0,0,1.0,3,1,3,  ,2,3.0,0,0,1,0,0,0,0,0,0,0,0,0,0,0,0,0,0
16824,2013070032,1959.0,1955.0,67,67301,39.9428,-75.1505,0,0,0,0,0,0,4,6,2013,1,19.0,1.0,0,1.0,3,1,3,  ,2,3.0,0,0,1,0,0,0,0,0,0,0,0,0,0,0,0,0,0
16825,2013070044,1754.0,1749.0,67,67301,40.0337,-75.0882,0,0,0,0,1,0,4,6,2013,3,17.0,1.0,7,1.0,3,0,3,  ,0,0.0,0,0,1,0,0,0,0,0,0,0,0,0,0,0,0,1,0
16826,2013070056,610.0,606.0,67,67301,40.0589,-75.085,0,0,0,0,0,0,4,6,2013,5,6.0,1.0,0,1.0,3,1,3,  ,2,3.0,0,0,1,0,0,0,0,0,0,0,0,0,0,0,0,0,0
16827,2013070065,1503.0,1501.0,67,67301,39.9263,-75.1844,0,0,0,0,0,0,4,6,2013,2,14.0,1.0,0,9.0,3,1,7,  ,2,3.0,1,0,1,0,0,0,0,0,0,0,0,0,0,1,0,0,0
16828,2013070071,2043.0,2040.0,67,67301,39.9804,-75.1709,0,0,0,0,0,1,4,6,2013,6,20.0,1.0,0,1.0,3,1,3,  ,2,3.0,0,0,1,0,0,0,0,0,0,0,0,0,0,0,0,0,0
16829,2013070077,1307.0,1255.0,67,67301,39.9927,-75.1203,0,0,1,0,0,0,5,6,2013,5,12.0,1.0,0,1.0,3,0,3,  ,0,0.0,0,0,0,0,1,0,0,0,0,0,0,0,0,0,0,0,0
16830,2013070085,11.0,10.0,67,67301,39.9548,-75.1959,0,0,0,0,0,0,5,6,2013,1,0.0,3.0,0,1.0,3,0,3,  ,0,0.0,1,0,0,0,0,0,0,0,0,0,0,0,0,0,0,0,0
16831,2013070126,1011.0,1006.0,67,67301,39.9703,-75.1898,0,0,0,0,0,0,4,6,2013,5,9.0,1.0,7,1.0,3,0,3,  ,0,0.0,0,0,1,0,0,0,0,0,0,0,0,0,0,0,0,0,0
16832,2013070137,1357.0,1355.0,67,67301,40.0488,-75.0755,0,0,0,0,0,0,4,6,2013,7,13.0,1.0,7,1.0,3,0,3,  ,0,0.0,0,0,1,0,0,0,0,0,0,0,0,0,0,0,0,1,0
16833,2013070149,2123.0,2121.0,40,40302,41.2023,-76.011,0,0,0,0,0,0,2,7,2013,6,21.0,3.0,0,1.0,3,0,3,  ,0,0.0,0,0,0,0,0,1,0,0,0,0,0,0,0,0,0,0,0
16834,2013070160,2100.0,2055.0,67,67301,40.0016,-75.1528,0,0,0,0,1,0,4,6,2013,7,20.0,3.0,0,1.0,3,1,3,  ,2,3.0,0,0,1,0,0,0,0,0,0,0,0,0,0,0,0,0,0
16835,2013070214,2038.0,2031.0,67,67301,40.0446,-75.096,0,0,0,0,0,0,4,6,2013,7,20.0,3.0,0,1.0,3,0,3,  ,0,0.0,0,0,1,0,0,0,0,0,0,0,0,0,0,0,0,0,0
16836,2013070232,1654.0,1649.0,67,67301,39.9368,-75.1551,0,0,0,0,0,0,6,6,2013,2,14.0,1.0,0,1.0,3,1,3,  ,3,3.0,0,0,0,0,0,0,0,0,0,0,0,0,0,0,0,0,0
16837,2013070235,1354.0,1352.0,67,67301,39.9425,-75.1635,0,0,0,0,0,0,4,6,2013,2,13.0,1.0,0,9.0,3,1,7,  ,3,2.0,1,0,1,0,0,0,0,0,0,0,0,0,0,0,0,0,0
16838,2013070248,2018.0,2010.0,67,67301,39.9774,-75.2472,0,0,0,0,1,0,4,5,2013,7,19.0,1.0,0,1.0,3,0,3,  ,0,0.0,0,0,1,0,0,1,0,0,0,0,0,0,0,0,0,0,0
16839,2013070302,1556.0,1556.0,67,67301,39.9527,-75.1578,0,0,0,0,0,0,4,6,2013,7,15.0,1.0,0,1.0,3,1,3,  ,2,3.0,0,0,1,0,0,0,0,0,0,0,0,0,0,0,0,0,0
16840,2013070322,1045.0,1042.0,67,67301,39.9937,-75.1524,0,0,0,0,0,1,4,6,2013,4,10.0,1.0,7,1.0,3,0,3,  ,0,0.0,1,0,1,0,0,0,0,0,0,0,0,0,0,0,0,0,0
16841,2013070333,1945.0,1945.0,67,67301,39.9818,-75.2384,0,0,0,0,0,0,5,5,2013,4,19.0,1.0,0,1.0,3,0,3,  ,0,0.0,0,0,0,0,0,0,0,0,0,0,0,0,0,0,0,0,0
16842,2013070335,1658.0,653.0,67,67301,39.9775,-75.2362,0,0,0,0,0,0,4,6,2013,4,16.0,1.0,0,1.0,3,0,3,  ,0,0.0,0,0,1,0,0,0,0,0,0,0,0,0,0,0,0,0,0
16843,2013070339,2315.0,2309.0,67,67301,39.9883,-75.1355,0,0,0,0,0,0,4,6,2013,6,22.0,3.0,0,1.0,3,2,3,  ,2,3.0,0,0,1,0,0,0,0,0,0,0,0,0,0,0,0,0,0
16844,2013070366,1645.0,1631.0,67,67301,40.0155,-75.2085,0,0,0,0,1,0,4,6,2013,3,16.0,1.0,7,1.0,3,0,3,  ,0,0.0,1,0,1,0,0,0,0,0,0,0,0,0,0,0,0,0,1
16845,2013070406,1147.0,1143.0,67,67301,39.9246,-75.1713,0,0,0,0,0,0,4,6,2013,6,11.0,1.0,0,1.0,3,1,3,  ,2,3.0,0,0,1,0,0,0,0,0,0,0,0,0,0,0,0,0,0
16846,2013070425,2232.0,2230.0,67,67301,39.9223,-75.2305,0,0,0,0,0,0,5,6,2013,6,21.0,3.0,0,1.0,3,0,3,  ,0,0.0,0,0,0,0,0,0,0,0,0,0,0,0,0,0,0,0,0
16847,2013070438,1402.0,1400.0,67,67301,40.0159,-75.1173,0,0,0,0,0,0,6,6,2013,7,13.0,1.0,0,1.0,3,0,3,  ,0,0.0,0,0,0,0,0,0,0,0,0,0,0,0,0,0,0,1,0
16848,2013070452,1833.0,1827.0,67,67301,40.0058,-75.097,0,0,0,0,0,0,4,6,2013,3,18.0,1.0,0,1.0,3,1,3,  ,2,3.0,1,0,1,0,0,0,0,0,0,0,0,0,0,0,0,0,0
16849,2013070453,9999.0,9999.0,67,67301,39.9552,-75.1983,0,0,0,0,0,0,6,6,2013,5,20.0,3.0,0,9.0,3,1,7,  ,2,3.0,0,0,0,0,0,0,0,0,0,0,0,0,0,0,0,0,0
16850,2013070454,1311.0,1311.0,67,67301,39.9505,-75.2268,0,0,0,0,0,0,4,6,2013,7,8.0,1.0,0,1.0,3,0,3,  ,0,0.0,0,0,1,0,0,0,0,0,0,0,0,0,0,0,0,0,0
16851,2013070474,1950.0,1943.0,67,67301,39.9992,-75.1474,0,0,0,0,0,0,4,6,2013,4,19.0,1.0,0,1.0,3,1,99,  ,2,3.0,0,0,1,0,0,0,0,0,0,0,0,0,0,0,0,0,0
16852,2013070491,1604.0,1600.0,67,67301,39.9432,-75.1421,0,0,0,0,0,0,1,6,2013,1,13.0,1.0,0,1.0,3,0,3,  ,0,0.0,0,0,0,0,0,0,0,0,0,0,0,0,0,0,0,0,0
16853,2013070497,1859.0,1851.0,67,67301,40.0836,-75.2223,0,0,0,0,0,0,4,6,2013,5,18.0,1.0,0,1.0,3,2,3,  ,2,3.0,1,0,1,0,0,0,0,0,0,0,0,0,0,0,0,1,0