,CRN,ARRIVAL_TM,DISPATCH_TM,COUNTY,MUNICIPALITY,DEC_LAT,DEC_LONG,BICYCLE_DEATH_COUNT,BICYCLE_SUSP_SERIOUS_INJ_COUNT,BUS_COUNT,HEAVY_TRUCK_COUNT,SMALL_TRUCK_COUNT,SUV_COUNT,COLLISION_TYPE,CRASH_MONTH,CRASH_YEAR,DAY_OF_WEEK,HOUR_OF_DAY,ILLUMINATION,LOCATION_TYPE,ROAD_CONDITION,URBAN_RURAL,INTERSECT_TYPE,WEATHER1,WEATHER2,TCD_TYPE,TCD_FUNC_CD,AGGRESSIVE_DRIVING,ALCOHOL_RELATED,ANGLE_CRASH,CELL_PHONE,COMM_VEHICLE,DISTRACTED,DRINKING_DRIVER,DRUGGED_DRIVER,FATIGUE_ASLEEP,IMPAIRED_DRIVER,NHTSA_AGG_DRIVING,RUNNING_RED_LT,RUNNING_STOP_SIGN,SPEEDING_RELATED,TAILGATING,MATURE_DRIVER,YOUNG_DRIVER
16854,2013070513,1905.0,1858.0,67,67301,40.0251,-75.1341,0,0,0,0,0,0,4,5,2013,6,18.0,1.0,0,1.0,3,2,3,  ,0,0.0,0,0,1,0,0,0,0,0,0,0,0,0,0,0,0,0,0
16855,2013070526,1954.0,1954.0,67,67301,39.996,-75.1339,0,0,0,0,0,0,5,6,2013,7,19.0,1.0,0,1.0,3,1,3,  ,2,3.0,0,0,0,0,0,0,0,0,0,0,0,0,0,0,0,0,0
16856,2013070557,1652.0,1650.0,67,67301,39.9663,-75.2029,0,0,0,0,0,0,4,6,2013,2,16.0,1.0,0,9.0,3,1,7,  ,3,3.0,1,0,1,0,0,0,0,0,0,0,0,0,0,0,0,1,0
16857,2013070563,9999.0,9999.0,67,67301,40.0029,-75.0799,0,0,0,0,0,1,5,6,2013,3,99.0,1.0,0,1.0,3,0,3,  ,0,0.0,0,0,0,0,0,0,0,0,0,0,0,0,0,0,0,0,0
16858,2013070579,1717.0,1714.0,2,2407,40.342,-80.0163,0,0,0,0,0,1,4,7,2013,6,17.0,1.0,0,1.0,3,0,3,  ,0,0.0,0,0,1,0,0,0,0,0,0,0,0,0,0,0,0,0,0
16859,2013070708,1846.0,1843.0,22,22414,40.2384,-76.8465,0,0,0,0,0,0,4,7,2013,5,18.0,1.0,7,1.0,3,0,3,  ,3,3.0,0,0,1,0,0,0,0,0,0,0,0,0,0,0,0,0,0
16860,2013070718,2016.0,2015.0,23,23423,39.9141,-75.2654,0,0,0,0,0,0,4,7,2013,5,20.0,1.0,0,1.0,3,2,3,  ,2,3.0,0,0,1,0,0,0,0,0,0,0,0,0,0,0,0,0,0
16861,2013070760,336.0,329.0,2,2301,40.4451,-79.9573,0,0,0,1,0,0,4,7,2013,6,3.0,3.0,0,1.0,3,2,3,  ,0,0.0,1,0,1,0,1,0,0,0,0,0,0,0,0,0,0,0,0
16862,2013070861,1101.0,1057.0,39,39102,,,0,0,0,0,0,0,4,7,2013,6,10.0,1.0,0,1.0,3,0,3,  ,0,0.0,0,0,1,0,0,0,0,0,0,0,0,0,0,0,0,0,0
16863,2013070906,9999.0,9999.0,67,67301,39.964,-75.1745,0,0,0,0,0,0,5,6,2013,2,16.0,1.0,7,1.0,3,0,3,  ,2,3.0,0,0,0,0,0,1,0,0,0,0,0,0,0,0,0,0,0
16864,2013070908,1425.0,1425.0,67,67301,39.9655,-75.1826,0,0,0,0,0,0,5,6,2013,3,14.0,1.0,0,1.0,3,0,3,  ,0,0.0,0,0,0,0,0,0,0,0,0,0,0,0,0,0,0,0,0
16865,2013070911,9999.0,9999.0,67,67301,40.0268,-75.117,0,0,0,0,0,0,4,6,2013,7,99.0,1.0,0,1.0,3,1,3,  ,2,3.0,0,0,1,0,0,0,0,0,0,0,0,0,0,0,0,0,0
16866,2013070947,2040.0,2036.0,67,67301,40.0182,-75.1109,0,0,0,0,0,0,4,6,2013,3,18.0,1.0,0,1.0,3,1,3,  ,3,3.0,1,0,1,0,0,0,0,0,0,0,0,0,1,0,0,0,0
16867,2013070949,2158.0,2152.0,67,67301,40.0402,-75.0584,0,0,0,0,0,1,4,6,2013,4,21.0,3.0,0,1.0,3,1,3,  ,2,3.0,1,0,1,0,0,0,0,0,0,0,0,0,0,0,0,0,0
16868,2013070953,7.0,5.0,67,67301,39.955,-75.168,0,0,0,0,0,0,4,6,2013,4,23.0,3.0,0,1.0,3,1,3,  ,2,3.0,0,0,1,0,0,0,0,0,0,0,0,0,0,0,0,0,0
16869,2013070962,1833.0,1833.0,67,67301,39.9574,-75.1489,0,0,0,0,0,0,4,6,2013,4,18.0,1.0,2,1.0,3,6,3,  ,0,0.0,0,0,1,0,0,0,0,0,0,0,0,0,0,0,0,0,0
16870,2013070994,2255.0,2250.0,67,67301,39.9355,-75.1634,0,0,0,0,0,0,4,6,2013,2,22.0,3.0,0,1.0,3,0,3,  ,0,0.0,0,0,1,0,0,0,0,0,0,0,0,0,0,0,0,0,0
16871,2013071008,1555.0,1550.0,41,41301,41.2422,-77.0202,0,0,0,0,0,1,4,7,2013,6,15.0,1.0,0,1.0,3,1,3,  ,0,0.0,0,0,1,0,0,0,0,0,0,0,0,0,0,0,0,0,0
16872,2013071013,1635.0,1618.0,2,2301,40.3793,-79.9364,1,0,0,0,0,0,6,7,2013,6,16.0,1.0,0,9.0,3,0,7,  ,0,0.0,0,0,0,0,0,0,0,0,0,0,0,0,0,0,0,0,0
16873,2013071199,612.0,600.0,13,13202,40.7893,-75.6904,0,0,0,0,1,0,1,7,2013,7,6.0,1.0,0,1.0,1,0,3,  ,0,0.0,0,0,0,0,0,1,0,0,0,0,0,0,0,0,0,0,0
16874,2013071262,1227.0,1227.0,9,9101,40.0942,-74.9046,0,0,0,0,0,0,4,7,2013,7,12.0,1.0,7,1.0,3,0,3,  ,0,0.0,1,0,1,0,0,0,0,0,0,0,0,0,0,0,0,0,0
16875,2013071281,1202.0,1159.0,9,9418,40.357,-75.3066,0,0,0,0,0,0,4,7,2013,7,11.0,1.0,0,1.0,2,5,3,  ,2,3.0,0,0,1,0,0,0,0,0,0,0,0,0,0,0,0,1,0
16876,2013071456,2056.0,2056.0,6,6429,40.3384,-75.9732,0,1,0,0,0,0,4,6,2013,2,20.0,3.0,0,9.0,3,1,7,  ,2,3.0,1,1,1,0,0,0,1,0,0,1,1,0,0,1,0,0,0
16877,2013071674,1602.0,1559.0,21,21402,40.1982,-77.1872,0,0,0,0,0,1,4,7,2013,4,15.0,1.0,0,1.0,2,2,3,  ,3,3.0,0,0,1,0,0,0,0,0,0,0,0,0,0,0,0,0,0
16878,2013071745,1311.0,1309.0,2,2301,40.4408,-79.9982,0,0,0,0,0,0,8,7,2013,2,13.0,1.0,0,1.0,3,1,3,  ,2,3.0,0,0,0,0,0,0,0,0,0,0,0,0,0,0,0,0,1
16879,2013071822,2006.0,2001.0,46,46203,40.3282,-75.3456,0,0,0,0,0,1,2,6,2013,1,20.0,1.0,0,1.0,1,3,3,  ,0,0.0,0,0,0,0,0,0,0,0,0,0,0,0,0,0,0,0,0
16880,2013071906,1005.0,1003.0,23,23207,39.8948,-75.4464,0,0,0,0,0,0,9,7,2013,3,10.0,1.0,0,1.0,3,10,3,  ,0,0.0,1,0,0,0,0,0,0,0,0,0,1,0,0,0,0,0,0
16881,2013072044,1154.0,1154.0,16,16206,41.3835,-79.3218,0,0,0,0,1,0,4,7,2013,7,11.0,1.0,0,1.0,1,2,3,  ,0,0.0,1,1,1,0,0,0,1,0,0,1,0,0,0,0,0,0,0
16882,2013072135,1352.0,1340.0,66,66430,39.9559,-76.7594,0,0,0,0,0,0,4,6,2013,7,13.0,1.0,0,1.0,3,2,3,  ,3,3.0,0,0,1,0,0,0,0,0,0,0,0,0,0,0,0,0,0
16883,2013072195,1515.0,1510.0,6,6301,40.3173,-75.938,0,0,0,0,0,1,1,7,2013,3,15.0,1.0,0,1.0,3,1,3,  ,2,3.0,1,0,0,0,0,0,0,0,0,0,0,0,0,0,0,0,0
16884,2013072245,735.0,732.0,46,46104,40.0204,-75.3093,0,0,0,0,0,0,4,5,2013,6,7.0,1.0,0,1.0,3,1,3,  ,2,3.0,0,0,1,0,0,0,0,0,0,0,0,0,0,0,0,0,0
16885,2013072409,1840.0,1838.0,2,2301,40.4621,-79.9269,0,0,0,0,0,0,4,7,2013,3,18.0,1.0,0,9.0,3,1,3,  ,3,3.0,0,0,1,0,0,0,0,0,0,0,0,0,0,0,0,0,0
16886,2013072432,1735.0,1735.0,35,35408,41.5329,-75.5445,0,0,0,0,0,0,4,7,2013,3,17.0,1.0,7,1.0,3,0,3,  ,0,0.0,0,0,1,0,0,0,0,0,0,0,0,0,0,0,0,0,0
16887,2013072444,1932.0,1924.0,48,48209,40.7032,-75.3295,0,0,0,0,0,0,4,7,2013,3,19.0,1.0,0,1.0,1,1,3,  ,2,3.0,1,0,1,0,0,0,0,0,0,0,0,0,0,0,0,0,0
16888,2013072465,1247.0,1242.0,40,40304,41.2349,-75.8933,0,0,0,0,0,0,6,7,2013,3,12.0,1.0,0,1.0,3,1,3,  ,3,3.0,0,0,0,0,0,0,0,0,0,0,0,0,0,0,0,0,0
16889,2013072680,1533.0,1512.0,22,22201,40.2413,-76.6255,0,0,0,0,0,0,4,6,2013,7,15.0,1.0,0,1.0,1,3,3,  ,0,0.0,0,0,1,0,0,0,0,0,0,0,0,0,0,0,0,0,0
16890,2013072743,1940.0,1933.0,2,2301,40.4621,-79.95,0,0,0,0,0,0,4,7,2013,4,19.0,4.0,0,1.0,3,1,3,  ,2,3.0,1,0,1,0,0,0,0,0,0,0,0,0,0,0,0,0,0
16891,2013072748,2109.0,2107.0,2,2415,40.4101,-80.0825,0,0,0,0,0,0,6,7,2013,4,21.0,4.0,0,1.0,3,1,3,  ,2,3.0,0,0,0,0,0,0,0,0,0,0,0,0,0,0,0,0,0
16892,2013072749,2112.0,2110.0,66,66301,39.9682,-76.7182,0,0,0,0,0,0,4,7,2013,4,21.0,4.0,0,1.0,3,1,3,  ,3,3.0,1,0,1,0,0,0,0,0,0,0,0,0,1,0,0,0,0
16893,2013072850,2140.0,2137.0,38,38301,40.3502,-76.4213,0,0,0,0,1,0,4,7,2013,2,21.0,3.0,0,1.0,2,1,3,  ,3,3.0,0,0,1,0,0,0,0,0,0,0,0,0,0,0,0,0,0
16894,2013072881,1105.0,1058.0,36,36101,40.1039,-76.3054,0,0,0,0,0,0,4,7,2013,5,10.0,1.0,0,1.0,3,2,3,  ,3,3.0,0,0,1,0,0,0,0,0,0,0,0,0,0,0,0,0,1
16895,2013072922,1558.0,1543.0,2,2301,40.4484,-79.9586,0,0,0,0,0,0,4,7,2013,5,15.0,1.0,0,1.0,3,2,3,  ,2,3.0,0,0,1,0,0,0,0,0,0,0,0,0,0,0,0,0,0
16896,2013072926,1614.0,1608.0,2,2301,40.4536,-79.9153,0,0,0,0,0,0,4,7,2013,5,16.0,1.0,0,1.0,3,1,3,  ,2,3.0,0,0,1,0,0,0,0,0,0,0,0,0,0,0,0,0,0
16897,2013073032,2155.0,2151.0,2,2301,40.4577,-79.9954,0,0,0,0,0,1,4,7,2013,5,21.0,3.0,0,1.0,3,1,3,  ,3,3.0,0,0,1,0,0,0,0,0,0,0,0,0,0,0,0,0,0
16898,2013073087,1740.0,1722.0,47,47201,41.0981,-76.6316,0,0,0,0,1,0,1,7,2013,5,14.0,1.0,0,1.0,1,0,3,  ,0,0.0,0,0,0,0,0,0,0,0,0,0,0,0,0,0,0,0,0
16899,2013073119,1308.0,1302.0,48,48301,40.5995,-75.3375,0,0,0,0,0,0,8,7,2013,4,13.0,1.0,0,1.0,3,0,3,  ,0,0.0,0,0,0,0,0,0,0,0,0,0,0,0,0,0,0,0,0
16900,2013073136,1311.0,1310.0,45,45403,41.1204,-75.3773,0,0,0,0,0,1,4,7,2013,4,13.0,1.0,0,1.0,1,0,3,  ,0,0.0,0,0,1,0,0,0,0,0,0,0,0,0,0,0,0,0,0
16901,2013073252,1724.0,1719.0,46,46104,40.0377,-75.2803,0,0,0,0,0,0,4,5,2013,4,17.0,1.0,7,1.0,3,0,3,  ,0,0.0,1,0,1,0,0,0,0,0,0,0,0,0,0,0,0,1,0
16902,2013073454,726.0,721.0,36,36223,40.013,-76.433,0,0,0,0,0,0,4,7,2013,7,7.0,1.0,0,1.0,1,1,3,  ,0,0.0,1,0,1,0,0,0,0,0,0,0,0,0,0,0,0,0,0
16903,2013073459,1002.0,954.0,36,36413,40.1099,-76.5122,0,0,0,0,0,1,6,6,2013,1,9.0,1.0,0,1.0,2,0,3,  ,0,0.0,0,0,0,0,0,0,0,0,0,0,0,0,0,0,0,0,0
16904,2013073488,1940.0,1930.0,2,2301,40.401,-79.9384,0,0,0,0,0,0,4,7,2013,4,19.0,1.0,0,1.0,3,1,3,  ,3,3.0,0,0,1,0,0,0,0,0,0,0,0,0,0,0,0,0,0
16905,2013073511,1733.0,1655.0,17,17410,40.7742,-78.5527,0,0,0,0,0,0,4,7,2013,6,16.0,1.0,0,1.0,1,1,3,  ,3,3.0,0,0,1,0,0,0,0,0,0,0,0,0,0,0,0,0,0
16906,2013073525,1301.0,1301.0,14,14405,40.891,-77.476,0,0,0,0,1,0,2,7,2013,6,13.0,1.0,0,1.0,1,1,3,  ,3,3.0,0,0,0,0,0,0,0,0,0,0,0,0,0,0,0,0,0
16907,2013073578,840.0,835.0,15,15256,39.965,-75.4888,0,0,0,0,0,0,4,7,2013,7,8.0,1.0,0,1.0,1,1,3,  ,2,3.0,1,0,1,0,0,0,0,0,0,0,0,0,0,0,0,0,0
16908,2013073588,850.0,838.0,2,2301,40.4823,-79.9522,0,0,0,0,0,0,4,7,2013,6,8.0,1.0,0,1.0,3,1,3,  ,2,3.0,0,0,1,0,0,0,0,0,0,0,0,0,0,0,0,0,0
16909,2013073656,1518.0,1516.0,2,2117,40.3963,-80.0958,0,0,0,0,0,0,4,7,2013,1,15.0,1.0,0,1.0,3,2,3,  ,3,3.0,0,0,1,0,0,0,0,0,0,0,0,0,0,0,0,1,0
16910,2013073913,1555.0,1550.0,67,67301,39.9761,-75.1602,0,0,0,0,0,0,4,7,2013,2,15.0,1.0,0,1.0,3,1,3,  ,2,3.0,0,0,1,0,0,0,0,0,0,0,0,0,0,0,0,0,0
16911,2013074003,1624.0,1617.0,31,31412,40.2401,-77.8906,0,0,0,0,0,0,5,6,2013,4,16.0,1.0,0,1.0,1,1,3,  ,0,0.0,0,0,0,0,0,0,0,0,0,0,0,0,0,0,0,0,0
16912,2013074089,1412.0,1408.0,48,48409,40.6924,-75.4946,0,0,0,0,0,1,4,7,2013,4,14.0,1.0,0,1.0,3,1,3,  ,2,3.0,0,0,1,0,0,0,0,0,0,0,0,0,0,0,0,0,0
16913,2013074134,2325.0,2319.0,35,35302,41.4256,-75.6705,0,0,0,0,1,0,4,7,2013,2,21.0,3.0,2,9.0,3,1,7,  ,2,3.0,1,0,1,0,0,0,0,0,0,0,0,0,0,0,0,0,0
16914,2013074203,1431.0,1428.0,35,35302,41.3984,-75.657,0,0,0,0,0,1,4,7,2013,2,14.0,1.0,0,1.0,3,1,3,  ,3,3.0,0,0,1,0,0,0,0,0,0,0,0,0,0,0,0,0,0
16915,2013074286,1732.0,1730.0,7,7301,40.5205,-78.4115,0,0,0,0,0,0,4,7,2013,1,17.0,1.0,0,1.0,3,1,3,  ,3,3.0,0,0,1,0,0,0,0,0,0,0,0,0,0,0,0,1,0
16916,2013074291,1726.0,1725.0,46,46102,40.0769,-75.1273,0,0,0,0,0,1,4,7,2013,3,17.0,1.0,0,1.0,3,1,3,  ,2,3.0,0,0,1,0,0,0,0,0,0,0,0,0,0,0,0,0,0
16917,2013074316,1641.0,1633.0,21,21206,40.2739,-77.0994,0,0,0,0,0,1,2,7,2013,3,16.0,1.0,0,1.0,1,0,3,  ,0,0.0,0,0,0,0,0,1,0,0,0,0,0,0,0,0,0,0,0
16918,2013074382,929.0,921.0,9,9204,40.3202,-75.0851,0,0,0,0,0,0,4,7,2013,7,9.0,1.0,0,1.0,1,0,3,  ,8,3.0,1,0,1,0,0,0,0,0,0,0,0,0,0,0,0,1,0
16919,2013074623,1107.0,1106.0,23,23415,39.9628,-75.2515,0,0,0,0,0,0,4,7,2013,4,11.0,1.0,0,1.0,3,1,3,  ,2,9.0,0,0,1,0,0,0,0,0,0,0,0,0,0,0,0,0,0
16920,2013074653,1452.0,1446.0,67,67301,39.974,-75.1442,0,1,0,0,0,0,4,5,2013,3,14.0,1.0,0,9.0,3,1,7,  ,3,3.0,0,0,1,0,0,0,0,0,0,0,0,0,0,0,0,0,0
16921,2013074659,1622.0,1616.0,67,67301,39.9925,-75.1113,0,0,0,0,0,0,4,6,2013,6,16.0,1.0,7,1.0,3,0,3,  ,0,0.0,1,0,1,0,0,0,0,0,0,0,0,0,0,0,0,0,0
16922,2013074662,2136.0,2133.0,67,67301,40.0135,-75.0982,0,0,0,0,0,0,4,6,2013,4,21.0,3.0,0,9.0,3,3,7,  ,3,3.0,0,0,1,0,0,0,0,0,0,0,0,0,0,0,0,0,0
16923,2013074673,2021.0,2007.0,67,67301,40.0439,-75.1156,0,0,0,0,0,0,5,6,2013,4,20.0,3.0,0,9.0,3,0,7,  ,0,0.0,0,0,0,0,0,0,0,0,0,0,0,0,0,0,0,0,0
16924,2013074676,1930.0,1925.0,67,67301,39.9977,-75.1227,0,0,0,0,0,1,4,6,2013,5,19.0,1.0,0,9.0,3,2,7,  ,3,3.0,1,0,1,0,0,0,0,0,0,0,0,0,0,0,0,0,0
16925,2013074677,2052.0,1052.0,67,67301,39.9446,-75.1654,0,0,0,0,0,0,5,6,2013,5,20.0,1.0,0,1.0,3,0,3,  ,0,0.0,0,1,0,0,0,0,0,0,0,0,0,0,0,0,0,0,0
16926,2013074688,2140.0,2138.0,67,67301,40.0169,-75.1495,0,0,0,0,0,0,4,6,2013,4,21.0,3.0,0,1.0,3,1,3,  ,2,3.0,0,0,1,0,0,0,0,0,0,0,0,0,0,0,0,0,0
16927,2013074690,2036.0,2036.0,67,67301,39.9944,-75.1397,0,0,0,0,0,0,5,6,2013,1,20.0,1.0,0,1.0,3,0,3,  ,0,0.0,1,0,0,0,0,0,0,0,0,0,0,0,0,0,0,0,0
16928,2013074694,1652.0,1650.0,67,67301,40.0278,-75.044,0,0,0,0,0,1,4,6,2013,7,16.0,1.0,0,1.0,3,0,3,  ,0,0.0,0,0,1,0,0,0,0,0,0,0,0,0,0,0,0,0,0
16929,2013074702,1820.0,1811.0,67,67301,40.0277,-75.0604,0,0,0,0,0,0,5,6,2013,7,18.0,1.0,0,1.0,3,0,3,  ,0,0.0,0,0,0,0,0,0,0,0,0,0,0,0,0,0,0,0,0
16930,2013074717,1630.0,1620.0,67,67301,39.9451,-75.1685,0,0,0,0,0,1,4,6,2013,2,13.0,1.0,0,1.0,3,1,3,  ,2,9.0,0,0,1,0,0,0,0,0,0,0,0,0,0,0,0,0,0
16931,2013074718,1915.0,1850.0,67,67301,39.9551,-75.1729,0,0,0,0,0,0,4,6,2013,2,18.0,1.0,0,1.0,3,1,3,  ,0,0.0,0,0,1,0,0,0,0,0,0,0,0,0,0,0,0,0,0
16932,2013074730,2247.0,2240.0,67,67301,39.9732,-75.2121,0,0,0,0,0,0,4,6,2013,4,22.0,3.0,0,1.0,3,1,3,  ,2,3.0,0,0,1,0,0,0,0,0,0,0,0,0,0,0,0,0,0
16933,2013074752,2118.0,2113.0,67,67301,39.9446,-75.2337,0,0,0,0,0,0,4,6,2013,2,21.0,3.0,0,1.0,3,5,3,  ,2,3.0,0,0,1,0,0,0,0,0,0,0,0,0,0,0,0,0,0
16934,2013074762,1925.0,1923.0,67,67301,40.0047,-75.1769,0,0,1,0,0,0,4,6,2013,1,99.0,1.0,0,9.0,3,1,3,  ,2,3.0,1,0,1,0,1,0,0,0,0,0,0,0,0,0,0,0,0
16935,2013074767,625.0,618.0,67,67301,39.9308,-75.2171,0,0,0,0,0,1,4,6,2013,7,6.0,1.0,0,1.0,3,2,3,  ,3,9.0,0,0,1,0,0,0,0,0,0,0,0,0,0,0,0,0,0
16936,2013074774,105.0,100.0,67,67301,39.9286,-75.2301,0,0,0,0,0,1,4,6,2013,7,1.0,2.0,7,1.0,3,0,3,  ,0,0.0,1,0,1,0,0,0,0,0,0,0,0,0,0,0,0,0,0
16937,2013074791,1911.0,1908.0,67,67301,39.9436,-75.1568,0,0,0,0,0,0,4,6,2013,5,13.0,1.0,0,1.0,3,2,3,  ,2,3.0,1,0,1,0,0,0,0,0,0,0,0,0,0,0,0,0,0
16938,2013074952,1638.0,1637.0,23,23111,39.9535,-75.2599,0,0,0,0,0,0,4,7,2013,1,16.0,1.0,0,1.0,3,2,3,  ,0,0.0,0,0,1,0,0,0,0,0,0,0,0,0,0,0,0,0,0
16939,2013075137,1938.0,1933.0,67,67301,40.0157,-75.1401,0,0,0,0,0,0,4,6,2013,4,19.0,1.0,0,1.0,3,1,3,  ,0,0.0,0,0,1,0,0,0,0,0,0,0,0,0,0,0,0,0,0
16940,2013075143,1337.0,1335.0,67,67301,39.9634,-75.1871,0,0,0,0,0,1,8,6,2013,2,13.0,1.0,0,1.0,3,0,3,  ,0,0.0,1,0,0,0,0,0,0,0,0,0,0,0,0,0,0,0,0
16941,2013075153,9999.0,9999.0,67,67301,39.9537,-75.1579,0,0,0,0,0,0,1,6,2013,4,19.0,1.0,0,1.0,3,1,10,  ,2,3.0,1,0,0,0,0,0,0,0,0,0,0,0,0,0,1,0,0
16942,2013075156,2000.0,2000.0,67,67301,39.9458,-75.1748,0,0,0,0,0,0,4,6,2013,6,19.0,4.0,0,1.0,3,1,3,  ,2,3.0,0,0,1,0,0,0,0,0,0,0,0,0,0,0,0,1,0
16943,2013075409,1320.0,1315.0,36,36301,40.0307,-76.3213,0,0,0,0,0,0,4,7,2013,6,13.0,1.0,7,1.0,3,0,3,  ,0,0.0,1,0,1,0,0,0,0,0,0,0,0,0,0,0,0,0,0
16944,2013075446,1402.0,1402.0,6,6101,40.3504,-75.6274,0,0,0,0,0,1,4,7,2013,1,11.0,1.0,7,1.0,1,0,3,  ,0,0.0,1,0,1,0,0,0,0,0,0,0,1,0,0,0,0,0,0
16945,2013075488,2038.0,2024.0,28,28212,39.9174,-77.7512,0,0,0,0,0,0,6,7,2013,7,20.0,4.0,0,1.0,1,2,3,  ,3,3.0,0,0,0,0,0,0,0,0,0,0,0,0,0,0,0,0,0
16946,2013075808,1800.0,1754.0,35,35301,41.568,-75.5055,0,0,0,0,0,0,2,5,2013,4,17.0,1.0,0,1.0,3,0,3,  ,0,0.0,0,0,0,0,0,0,0,0,0,0,0,0,0,0,0,0,0
16947,2013075869,1404.0,1356.0,46,46416,40.26,-75.6589,0,0,0,0,0,0,1,7,2013,2,13.0,1.0,0,9.0,2,0,7,  ,0,0.0,0,0,0,0,0,0,0,0,0,0,0,0,0,0,0,0,0
16948,2013076013,1923.0,1923.0,39,39301,40.6104,-75.4691,0,0,0,0,0,0,4,7,2013,1,19.0,4.0,0,1.0,3,0,3,  ,0,0.0,0,0,1,0,0,0,0,0,0,0,0,0,0,0,0,0,0
16949,2013076020,1951.0,1950.0,66,66301,39.9548,-76.7474,0,0,0,0,1,0,4,7,2013,1,19.0,1.0,0,1.0,3,2,3,  ,3,3.0,0,0,1,0,0,0,0,0,0,0,0,0,0,0,0,0,0
16950,2013076083,319.0,306.0,36,36204,40.2127,-76.237,0,0,0,1,0,0,1,7,2013,2,3.0,2.0,0,1.0,1,0,3,  ,0,0.0,0,0,0,0,1,0,0,0,0,0,0,0,0,0,0,0,0
16951,2013076214,1247.0,1245.0,63,63403,41.5713,-75.2539,0,0,0,0,0,0,6,7,2013,2,12.0,1.0,7,1.0,2,0,3,  ,0,0.0,0,0,0,0,0,0,0,0,0,0,0,0,0,0,0,0,0
16952,2013076220,1240.0,1230.0,39,39302,40.621,-75.4019,0,0,0,0,0,0,4,7,2013,2,12.0,1.0,0,1.0,3,1,3,  ,3,3.0,0,0,1,0,0,0,0,0,0,0,0,0,0,0,0,0,0
16953,2013076254,1613.0,1612.0,2,2301,40.4409,-79.974,0,0,0,0,0,0,4,7,2013,2,16.0,1.0,0,1.0,3,1,3,  ,3,3.0,0,0,1,0,0,0,0,0,0,0,0,0,0,0,0,0,0
16954,2013076638,1156.0,1155.0,22,22413,40.1886,-76.7253,0,0,0,0,0,1,8,7,2013,5,20.0,4.0,99,1.0,3,5,3,  ,3,3.0,0,0,0,0,0,1,0,0,0,0,0,0,0,0,0,0,0
16955,2013076669,2108.0,2108.0,46,46107,40.1329,-75.3013,0,0,0,0,0,0,1,7,2013,2,21.0,3.0,0,1.0,3,0,3,  ,0,0.0,0,0,0,0,0,0,0,0,0,0,0,0,0,0,0,0,0
16956,2013076872,1819.0,1816.0,46,46211,40.2354,-75.2335,0,0,0,0,0,0,4,7,2013,7,18.0,1.0,0,1.0,1,1,3,  ,2,3.0,0,0,1,0,0,0,0,0,0,0,0,0,0,0,0,0,0
16957,2013076888,2104.0,2058.0,36,36101,40.061,-76.3021,0,0,0,0,0,0,4,7,2013,3,20.0,3.0,0,1.0,3,0,3,  ,0,0.0,1,0,1,0,0,0,0,0,0,0,0,0,0,1,0,0,0
16958,2013076978,1349.0,1348.0,54,54403,40.791,-77.0556,0,0,0,0,0,0,4,7,2013,3,13.0,1.0,0,1.0,1,2,3,  ,0,0.0,1,0,1,0,0,1,0,0,0,0,0,0,0,0,0,0,0
16959,2013077021,9999.0,1113.0,67,67301,40.0294,-75.1062,0,0,0,0,0,1,4,6,2013,7,16.0,1.0,7,1.0,3,0,3,  ,0,0.0,1,0,1,0,0,0,0,0,0,0,0,0,0,0,0,0,0
16960,2013077147,1806.0,1805.0,66,66301,39.9664,-76.7253,0,0,0,0,0,1,4,7,2013,4,18.0,1.0,7,1.0,3,0,3,  ,0,0.0,1,0,1,0,0,0,0,0,0,0,1,0,0,0,0,0,0
16961,2013077334,1250.0,1243.0,7,7301,40.4707,-78.4226,0,0,0,0,0,0,4,7,2013,5,12.0,1.0,0,1.0,3,1,3,  ,3,3.0,0,0,1,0,0,0,0,0,0,0,0,0,0,0,0,1,0
16962,2013077358,2054.0,2052.0,25,25302,42.101,-80.0951,0,0,0,0,0,1,4,7,2013,5,20.0,3.0,0,1.0,3,1,3,  ,2,3.0,0,0,1,0,0,0,0,0,0,0,0,0,0,0,0,0,0
16963,2013077373,2220.0,2217.0,67,67301,39.955,-75.21,0,0,0,0,0,0,2,7,2013,4,22.0,3.0,0,9.0,3,1,7,  ,2,3.0,0,0,0,0,0,0,0,0,0,0,0,0,0,0,0,0,0
16964,2013077388,1747.0,1743.0,67,67301,39.9766,-75.1641,0,0,0,0,0,0,4,7,2013,5,17.0,1.0,0,1.0,3,1,3,  ,3,3.0,0,0,1,0,0,0,0,0,0,0,0,0,0,0,0,0,0
16965,2013077392,1010.0,1007.0,67,67301,39.9709,-75.1236,0,0,0,0,0,0,4,7,2013,2,99.0,1.0,0,9.0,3,1,7,  ,2,3.0,0,0,1,0,0,0,0,0,0,0,0,0,0,0,0,0,0
16966,2013077406,1845.0,1835.0,67,67301,39.9634,-75.193,0,0,0,0,0,0,4,7,2013,3,18.0,1.0,0,9.0,3,1,7,  ,0,0.0,0,0,1,0,0,0,0,0,0,0,0,0,0,0,0,0,0
16967,2013077409,1635.0,1630.0,67,67301,39.9771,-75.1453,0,1,0,0,0,1,4,6,2013,6,15.0,1.0,0,1.0,3,1,3,  ,3,3.0,0,0,1,0,0,0,0,0,0,0,0,0,0,0,0,0,0