,CRN,ARRIVAL_TM,DISPATCH_TM,COUNTY,MUNICIPALITY,DEC_LAT,DEC_LONG,BICYCLE_DEATH_COUNT,BICYCLE_SUSP_SERIOUS_INJ_COUNT,BUS_COUNT,HEAVY_TRUCK_COUNT,SMALL_TRUCK_COUNT,SUV_COUNT,COLLISION_TYPE,CRASH_MONTH,CRASH_YEAR,DAY_OF_WEEK,HOUR_OF_DAY,ILLUMINATION,LOCATION_TYPE,ROAD_CONDITION,URBAN_RURAL,INTERSECT_TYPE,WEATHER1,WEATHER2,TCD_TYPE,TCD_FUNC_CD,AGGRESSIVE_DRIVING,ALCOHOL_RELATED,ANGLE_CRASH,CELL_PHONE,COMM_VEHICLE,DISTRACTED,DRINKING_DRIVER,DRUGGED_DRIVER,FATIGUE_ASLEEP,IMPAIRED_DRIVER,NHTSA_AGG_DRIVING,RUNNING_RED_LT,RUNNING_STOP_SIGN,SPEEDING_RELATED,TAILGATING,MATURE_DRIVER,YOUNG_DRIVER
16968,2013077424,2300.0,2359.0,67,67301,39.9409,-75.1558,0,0,0,0,0,0,4,7,2013,6,22.0,3.0,0,1.0,3,2,3,  ,3,3.0,1,0,1,0,0,0,0,0,0,0,0,0,0,0,0,0,0
16969,2013077469,1335.0,1331.0,67,67301,39.9323,-75.1723,0,0,0,0,0,0,4,6,2013,6,13.0,1.0,0,1.0,3,1,3,  ,0,0.0,0,0,1,0,0,0,0,0,0,0,0,0,0,0,0,0,0
16970,2013077496,1706.0,1705.0,67,67301,39.9219,-75.1702,0,0,0,0,1,0,4,7,2013,3,17.0,1.0,0,1.0,3,1,3,  ,2,3.0,0,0,1,0,0,0,0,0,0,0,0,0,0,0,0,0,0
16971,2013077510,2004.0,1959.0,67,67301,40.0787,-74.9985,0,0,0,0,0,1,4,6,2013,4,19.0,1.0,0,1.0,3,2,3,  ,2,3.0,0,0,1,0,0,0,0,0,0,0,0,0,0,0,0,0,0
16972,2013077533,2153.0,2152.0,67,67301,39.9353,-75.1859,0,0,0,0,0,0,4,6,2013,6,21.0,3.0,1,9.0,3,1,7,  ,2,3.0,0,0,1,0,0,0,0,0,0,0,0,0,0,0,0,0,0
16973,2013077535,9999.0,1818.0,67,67301,40.0395,-75.1544,0,0,0,0,1,0,4,7,2013,6,14.0,1.0,0,1.0,3,1,3,  ,2,3.0,0,0,1,0,0,0,0,0,0,0,0,0,0,0,0,0,0
16974,2013077572,1150.0,1140.0,39,39103,40.6464,-75.5483,0,0,0,0,0,0,8,7,2013,3,11.0,1.0,0,1.0,1,1,3,  ,2,3.0,0,0,0,0,0,0,0,0,0,0,0,0,0,0,0,0,0
16975,2013077579,1834.0,1833.0,45,45404,40.9824,-75.2133,0,0,0,0,0,0,4,6,2013,2,18.0,1.0,2,1.0,2,2,3,  ,3,3.0,0,0,1,0,0,0,0,0,0,0,0,0,0,0,0,0,0
16976,2013077711,1924.0,1921.0,22,22409,40.1929,-76.7319,0,0,0,0,0,0,4,7,2013,7,19.0,1.0,0,1.0,3,0,3,  ,0,0.0,1,0,1,0,0,0,0,0,0,0,0,0,0,1,0,0,0
16977,2013077795,1725.0,1724.0,55,55422,40.2378,-78.8342,0,0,0,0,0,0,2,8,2013,5,17.0,1.0,0,1.0,3,0,3,  ,0,0.0,0,0,0,0,0,0,0,0,0,0,0,0,0,0,0,0,0
16978,2013077813,812.0,807.0,2,2301,40.4423,-79.9516,0,0,0,0,0,0,2,8,2013,6,8.0,1.0,0,1.0,3,1,3,  ,2,3.0,1,1,0,0,0,0,1,0,0,1,0,0,0,0,0,0,0
16979,2013077814,646.0,642.0,36,36301,40.036,-76.3082,0,0,0,0,0,0,4,5,2013,3,6.0,5.0,0,1.0,3,1,3,  ,3,3.0,1,0,1,0,0,0,0,0,0,0,0,0,0,0,0,0,0
16980,2013077884,1446.0,1445.0,41,41301,41.2399,-77.0171,0,0,0,1,0,0,4,8,2013,6,14.0,1.0,0,1.0,3,0,3,  ,0,0.0,0,0,1,0,1,0,0,0,0,0,0,0,0,0,0,0,0
16981,2013077895,1116.0,1106.0,36,36223,40.038,-76.3459,0,0,0,0,0,0,5,8,2013,6,11.0,1.0,0,1.0,1,0,3,  ,0,0.0,1,0,0,0,0,0,0,0,0,0,0,0,0,0,0,1,0
16982,2013077910,833.0,827.0,9,9216,40.226,-74.9509,0,0,0,0,0,0,5,7,2013,1,8.0,1.0,0,1.0,3,0,3,  ,0,0.0,1,0,0,0,0,0,0,0,0,0,0,0,0,0,0,1,0
16983,2013078038,1339.0,1339.0,49,49403,40.806,-76.4622,0,0,0,0,0,0,4,7,2013,5,13.0,1.0,7,1.0,2,0,3,  ,3,3.0,0,0,1,0,0,0,0,0,0,0,0,0,0,0,0,1,0
16984,2013078041,2038.0,2036.0,2,2301,40.4634,-79.9175,0,0,0,0,0,0,4,8,2013,6,20.0,4.0,0,1.0,3,1,3,  ,2,3.0,0,0,1,0,0,0,0,0,0,0,0,0,0,0,0,0,0
16985,2013078043,1932.0,1929.0,39,39301,40.5742,-75.4521,0,0,0,0,1,0,8,8,2013,6,19.0,1.0,0,1.0,3,1,3,  ,0,0.0,0,0,0,0,0,0,0,0,0,0,0,0,0,0,0,0,0
16986,2013078063,5.0,0.0,38,38301,40.3375,-76.4308,0,0,0,0,0,0,4,8,2013,6,23.0,3.0,0,1.0,2,1,3,  ,2,3.0,1,0,1,0,0,0,0,0,0,0,0,0,0,0,0,0,0
16987,2013078119,1515.0,1513.0,48,48301,40.6261,-75.3754,0,0,0,0,0,0,5,8,2013,6,15.0,1.0,0,1.0,3,0,3,  ,0,0.0,0,0,0,0,0,0,0,0,0,0,0,0,0,0,0,0,0
16988,2013078127,1655.0,1653.0,51,51401,41.3703,-74.6986,0,0,0,0,0,0,4,8,2013,6,16.0,1.0,0,1.0,1,1,3,  ,3,3.0,1,0,1,0,0,1,0,0,0,0,0,0,0,0,0,0,0
16989,2013078170,1352.0,1352.0,20,20230,41.6444,-80.2083,0,0,0,0,0,0,4,8,2013,7,13.0,1.0,7,1.0,1,0,3,  ,0,0.0,0,0,1,0,0,0,0,0,0,0,0,0,0,0,0,0,0
16990,2013078303,1942.0,1941.0,61,61301,41.8478,-79.1382,0,0,0,0,0,0,6,7,2013,5,19.0,1.0,0,1.0,2,1,3,  ,2,3.0,0,0,0,0,0,0,0,0,0,0,0,0,0,0,0,0,0
16991,2013078347,1930.0,1930.0,46,46416,40.2557,-75.6331,0,0,0,0,0,0,4,8,2013,7,19.0,1.0,0,1.0,2,2,3,  ,0,0.0,0,0,1,0,0,0,0,0,0,0,0,0,0,0,0,0,0
16992,2013078371,1447.0,1444.0,25,25302,42.1314,-80.09,0,0,0,0,1,0,4,8,2013,1,14.0,1.0,0,1.0,3,0,3,  ,0,0.0,0,0,1,0,0,0,0,0,0,0,0,0,0,0,0,0,0
16993,2013078393,2055.0,2052.0,36,36218,40.1981,-76.1532,0,1,0,0,0,0,1,7,2013,3,20.0,2.0,0,1.0,1,0,3,  ,0,0.0,0,0,0,0,0,0,0,0,0,0,0,0,0,0,0,0,0
16994,2013078539,1221.0,1201.0,55,55224,39.8044,-79.0307,0,0,0,0,0,0,4,7,2013,2,11.0,1.0,0,1.0,1,0,3,  ,0,0.0,1,0,1,0,0,0,0,0,0,0,1,0,0,1,0,0,0
16995,2013078575,1857.0,1855.0,21,21402,40.2019,-77.1842,0,0,0,0,0,0,4,7,2013,1,18.0,1.0,0,1.0,2,1,3,  ,3,3.0,0,0,1,0,0,0,0,0,0,0,0,0,0,0,0,0,0
16996,2013078586,1554.0,1548.0,22,22301,40.261,-76.8826,0,0,0,0,0,1,4,7,2013,4,15.0,1.0,0,1.0,3,1,3,  ,3,3.0,0,0,1,0,0,0,0,0,0,0,0,0,0,0,0,0,0
16997,2013078592,1135.0,1129.0,22,22301,40.2653,-76.8614,0,0,0,0,0,0,4,7,2013,7,11.0,1.0,0,1.0,3,1,3,  ,0,0.0,0,0,1,0,0,0,0,0,0,0,0,0,0,0,0,0,0
16998,2013078623,822.0,821.0,38,38402,40.2806,-76.4138,0,0,0,0,0,0,4,7,2013,5,8.0,1.0,0,1.0,1,0,3,  ,0,0.0,0,0,1,0,0,0,0,0,0,0,0,0,0,0,0,0,0
16999,2013078627,926.0,925.0,66,66424,39.9015,-76.6055,0,0,0,0,1,0,4,8,2013,2,9.0,1.0,0,1.0,3,2,3,  ,3,3.0,0,0,1,0,0,0,0,0,0,0,0,0,0,0,0,0,0
17000,2013078628,1341.0,1340.0,23,23416,39.9104,-75.3272,0,0,0,0,0,0,9,8,2013,6,13.0,1.0,0,1.0,3,1,3,  ,3,3.0,1,0,0,0,0,0,0,0,0,0,0,0,0,0,0,1,0
17001,2013078852,2111.0,2109.0,60,60301,41.389,-79.8251,0,0,0,0,0,0,8,8,2013,7,21.0,3.0,0,1.0,2,2,3,  ,0,0.0,1,0,0,0,0,0,0,0,0,0,0,0,0,0,0,0,0
17002,2013078866,1615.0,1612.0,35,35302,41.4253,-75.6711,0,0,0,0,0,0,4,8,2013,2,16.0,1.0,0,1.0,3,1,3,  ,2,3.0,0,0,1,0,0,0,0,0,0,0,0,0,0,0,0,0,0
17003,2013078908,2059.0,2056.0,60,60301,41.406,-79.8384,0,0,0,0,0,1,8,7,2013,2,20.0,3.0,0,1.0,2,0,3,  ,0,0.0,0,0,0,0,0,0,0,0,0,0,0,0,0,0,0,0,1
17004,2013079110,1513.0,1506.0,46,46106,40.244,-75.5939,0,0,0,0,1,0,4,8,2013,2,14.0,1.0,7,1.0,2,0,3,  ,0,0.0,0,0,1,0,0,0,0,0,0,0,0,0,0,0,0,0,0
17005,2013079436,1705.0,1651.0,67,67301,40.0144,-75.1054,0,0,0,0,0,1,4,6,2013,6,16.0,1.0,0,1.0,3,2,3,  ,3,3.0,0,0,1,0,0,0,0,0,0,0,0,0,0,0,0,1,0
17006,2013079440,1744.0,1738.0,67,67301,39.9243,-75.1595,0,0,0,0,1,0,4,7,2013,4,17.0,1.0,0,1.0,3,1,3,  ,3,3.0,0,0,1,0,0,0,0,0,0,0,0,0,0,0,0,0,0
17007,2013079464,2233.0,2230.0,67,67301,39.9558,-75.2257,0,0,0,0,0,0,4,7,2013,6,22.0,3.0,0,1.0,3,1,3,  ,2,2.0,0,1,1,0,0,0,0,0,0,0,0,0,0,0,0,0,0
17008,2013079471,810.0,803.0,67,67301,39.9507,-75.1689,0,0,0,0,0,0,4,7,2013,5,7.0,1.0,0,1.0,3,1,3,  ,2,3.0,0,0,1,0,0,0,0,0,0,0,0,0,0,0,0,0,0
17009,2013079488,1517.0,1515.0,67,67301,39.9587,-75.1621,0,0,0,0,0,0,4,7,2013,4,99.0,1.0,0,1.0,3,1,3,  ,0,0.0,1,0,1,0,0,0,0,0,0,0,0,0,0,0,0,0,0
17010,2013079489,1020.0,1010.0,67,67301,40.0016,-75.1528,0,0,0,0,0,1,4,7,2013,5,10.0,1.0,0,1.0,3,1,3,  ,2,3.0,0,0,1,0,0,0,0,0,0,0,0,0,0,0,0,0,0
17011,2013079502,1840.0,1840.0,67,67301,40.0207,-75.1471,0,0,0,0,0,0,4,7,2013,6,17.0,1.0,0,1.0,3,2,3,  ,3,3.0,0,0,1,0,0,0,0,0,0,0,0,0,0,0,0,0,1
17012,2013079510,1403.0,1400.0,67,67301,39.961,-75.1451,0,0,0,0,0,1,5,7,2013,7,13.0,1.0,0,1.0,3,0,3,  ,0,0.0,1,0,0,0,0,0,0,0,0,0,0,0,0,0,0,0,0
17013,2013079514,900.0,900.0,67,67301,39.9602,-75.1669,0,0,0,0,1,0,4,6,2013,6,8.0,1.0,0,1.0,3,2,3,  ,3,3.0,0,0,1,0,0,0,0,0,0,0,0,0,0,0,0,0,0
17014,2013079516,9999.0,2356.0,67,67301,40.0139,-75.0899,0,0,0,0,0,0,6,7,2013,5,22.0,3.0,0,1.0,3,0,3,  ,0,0.0,0,0,0,0,0,0,0,0,0,0,0,0,0,0,0,0,0
17015,2013079533,1747.0,1741.0,67,67301,39.9507,-75.2411,0,0,0,0,0,1,4,7,2013,6,17.0,1.0,0,1.0,3,1,3,  ,2,3.0,0,0,1,0,0,0,0,0,0,0,0,0,0,0,0,0,0
17016,2013079544,9999.0,9999.0,67,67301,39.9431,-75.2347,0,0,0,0,0,0,5,7,2013,1,99.0,1.0,0,1.0,3,0,3,  ,0,0.0,0,0,0,0,0,0,0,0,0,0,0,0,0,0,0,0,0
17017,2013079593,2101.0,2100.0,67,67301,40.056,-75.1584,0,0,0,0,0,0,4,7,2013,4,20.0,3.0,0,1.0,3,3,3,  ,3,3.0,1,1,1,0,0,0,0,0,0,0,0,0,0,0,0,0,0
17018,2013079715,1920.0,1915.0,36,36239,40.0519,-76.4157,0,0,0,0,0,1,8,8,2013,4,19.0,1.0,0,1.0,3,2,3,  ,3,3.0,1,0,0,0,0,0,0,0,0,0,1,0,0,0,0,1,0
17019,2013079730,2138.0,2137.0,46,46413,40.117,-75.3497,0,0,1,0,0,0,4,8,2013,4,21.0,3.0,0,9.0,3,2,7,  ,0,0.0,0,0,1,0,1,0,0,0,0,0,0,0,0,0,0,0,0
17020,2013079773,2312.0,2309.0,39,39301,40.6049,-75.4676,0,0,0,0,0,0,4,8,2013,4,23.0,3.0,0,9.0,3,1,7,  ,3,3.0,0,0,1,0,0,0,0,0,0,0,0,0,0,0,0,0,0
17021,2013079856,1332.0,1330.0,9,9202,40.1243,-74.9417,1,0,0,1,0,0,4,8,2013,4,13.0,1.0,7,1.0,3,0,3,  ,3,3.0,0,1,1,0,1,0,0,0,0,0,0,0,0,0,0,0,0
17022,2013079898,802.0,759.0,38,38212,40.3386,-76.4037,0,0,0,0,0,0,4,8,2013,5,7.0,1.0,0,1.0,1,1,3,  ,2,3.0,0,0,1,0,0,0,0,0,0,0,0,0,0,0,0,0,0
17023,2013079900,1353.0,1343.0,35,35302,41.4418,-75.6607,0,0,0,0,0,1,4,8,2013,5,13.0,1.0,0,1.0,3,0,3,  ,0,0.0,0,0,1,0,0,0,0,0,0,0,0,0,0,0,0,0,0
17024,2013079949,2027.0,2023.0,67,67301,39.9492,-75.1996,0,0,0,0,0,0,4,7,2013,2,20.0,3.0,7,1.0,3,0,3,  ,2,3.0,0,0,1,0,0,0,0,0,0,0,0,0,0,0,0,1,0
17025,2013079955,2125.0,2121.0,67,67301,39.9947,-75.1239,0,0,0,0,0,1,4,7,2013,7,21.0,3.0,0,1.0,3,1,3,  ,3,3.0,1,0,1,0,0,0,0,0,0,0,0,0,1,0,0,0,0
17026,2013079962,1335.0,1326.0,67,67301,39.9675,-75.2319,0,0,0,0,0,0,4,7,2013,3,13.0,1.0,0,1.0,3,5,3,  ,2,3.0,0,0,1,0,0,0,0,0,0,0,0,0,0,0,0,1,0
17027,2013079965,1713.0,1710.0,67,67301,39.9887,-75.0904,0,0,0,0,0,0,4,7,2013,2,17.0,1.0,0,1.0,3,0,3,  ,0,0.0,0,0,1,0,0,0,0,0,0,0,0,0,0,0,0,0,0
17028,2013079974,1402.0,1400.0,67,67301,40.004,-75.159,0,0,0,0,0,0,5,7,2013,7,13.0,1.0,0,1.0,3,0,3,  ,0,0.0,0,0,0,0,0,0,0,0,0,0,0,0,0,0,0,0,0
17029,2013079979,1400.0,1358.0,67,67301,39.9348,-75.162,0,0,0,0,0,1,8,7,2013,1,13.0,1.0,0,1.0,3,1,3,  ,2,3.0,0,0,0,0,0,0,0,0,0,0,0,0,0,0,0,0,0
17030,2013079989,9999.0,9999.0,67,67301,40.0446,-75.1452,0,0,0,0,0,1,4,7,2013,6,10.0,1.0,0,1.0,3,2,3,  ,3,3.0,0,0,1,0,0,0,0,0,0,0,0,0,0,0,0,0,0
17031,2013080005,2120.0,2144.0,67,67301,40.0551,-75.1411,0,0,0,0,0,0,4,7,2013,2,13.0,1.0,0,1.0,3,1,3,  ,3,3.0,0,0,1,0,0,0,0,0,0,0,0,0,0,0,0,0,0
17032,2013080015,1427.0,1420.0,67,67301,39.994,-75.1303,0,0,0,0,0,0,4,7,2013,3,14.0,1.0,0,1.0,3,1,3,  ,3,3.0,0,0,1,0,0,1,0,0,0,0,0,0,0,0,0,0,0
17033,2013080032,1025.0,1020.0,67,67301,39.9561,-75.2278,0,0,0,0,0,0,6,7,2013,7,10.0,1.0,0,1.0,3,1,3,  ,3,3.0,0,0,0,0,0,0,0,0,0,0,0,0,0,0,0,0,0
17034,2013080060,2104.0,2103.0,67,67301,40.0367,-75.0645,0,0,0,0,0,1,4,7,2013,2,21.0,3.0,0,1.0,3,1,3,  ,2,3.0,0,0,1,0,0,0,0,0,0,0,0,0,0,0,0,0,0
17035,2013080073,1545.0,1539.0,67,67301,39.9294,-75.1502,0,0,0,0,0,0,5,7,2013,7,15.0,1.0,0,1.0,3,1,3,  ,2,3.0,0,0,0,0,0,0,0,0,0,0,0,0,0,0,0,0,0
17036,2013080082,2204.0,2202.0,67,67301,40.0555,-75.1762,0,0,0,0,0,0,4,7,2013,6,19.0,1.0,0,1.0,3,0,3,  ,0,0.0,0,0,1,0,0,0,0,0,0,0,0,0,0,0,0,0,0
17037,2013080097,2200.0,2155.0,67,67301,39.9522,-75.2069,0,0,0,0,0,0,4,6,2013,1,21.0,3.0,0,1.0,3,1,3,  ,2,3.0,0,0,1,0,0,0,0,0,0,0,0,0,0,0,0,0,0
17038,2013080350,1328.0,1314.0,66,66205,39.982,-76.8147,0,0,0,0,0,1,4,8,2013,4,13.0,1.0,0,1.0,1,1,3,  ,2,3.0,0,0,1,0,0,0,0,0,0,0,0,0,0,0,0,0,0
17039,2013080389,1318.0,1316.0,38,38301,40.341,-76.4196,0,0,0,0,0,0,4,8,2013,6,13.0,1.0,0,1.0,2,1,3,  ,2,3.0,0,0,1,0,0,0,0,0,0,0,0,0,0,0,0,0,0
17040,2013080393,1318.0,1316.0,1,1407,39.8284,-77.2311,0,0,0,0,0,0,4,8,2013,3,13.0,1.0,0,1.0,2,1,3,  ,2,3.0,0,0,1,0,0,0,0,0,0,0,0,0,0,0,0,0,0
17041,2013080410,1224.0,1219.0,23,23106,40.0344,-75.3528,0,0,0,0,0,1,4,8,2013,3,12.0,1.0,0,1.0,3,1,3,  ,0,0.0,0,0,1,0,0,0,0,0,0,0,0,0,0,0,0,1,0
17042,2013080426,907.0,900.0,67,67301,39.9578,-75.1554,0,0,0,0,0,0,4,7,2013,5,8.0,1.0,0,1.0,3,2,3,  ,0,0.0,1,0,1,0,0,0,0,0,0,0,0,0,0,0,0,0,0
17043,2013080475,1917.0,1915.0,9,9216,40.2544,-74.956,0,0,0,0,0,0,5,7,2013,4,19.0,1.0,0,1.0,3,2,3,  ,3,3.0,0,0,0,0,0,0,0,0,0,0,0,0,0,0,0,0,0
17044,2013080537,2101.0,2051.0,15,15224,39.7956,-75.9762,0,0,0,0,0,0,8,8,2013,1,20.0,3.0,7,1.0,1,0,3,  ,2,3.0,0,0,0,0,0,0,0,0,0,0,0,0,0,0,0,0,0
17045,2013080611,2005.0,1940.0,10,10301,40.8627,-79.8809,0,0,0,0,0,0,4,8,2013,6,19.0,1.0,0,1.0,2,0,3,  ,0,0.0,0,0,1,0,0,0,0,0,0,0,0,0,0,0,0,0,0
17046,2013080633,2000.0,1956.0,30,30205,39.8962,-80.1672,0,1,0,0,0,1,4,8,2013,5,19.0,1.0,0,1.0,1,2,3,  ,3,3.0,0,0,1,0,0,0,0,0,0,0,0,0,0,0,0,0,0
17047,2013080708,1626.0,1623.0,21,21401,40.24,-76.9157,0,0,0,0,0,1,4,8,2013,4,16.0,1.0,0,1.0,3,0,3,  ,0,0.0,0,0,1,0,0,0,0,0,0,0,0,0,0,0,0,0,0
17048,2013080728,1702.0,1701.0,53,53406,40.7807,-76.2297,0,0,0,0,0,0,4,8,2013,7,17.0,1.0,0,9.0,2,1,3,  ,3,3.0,0,0,1,0,0,0,0,0,0,0,0,0,0,0,0,0,0
17049,2013080840,1345.0,1342.0,28,28401,,,0,0,0,0,0,0,4,8,2013,7,13.0,1.0,0,1.0,1,2,3,  ,3,3.0,1,0,1,0,0,0,0,0,0,0,0,0,0,0,0,0,0
17050,2013080912,1321.0,1318.0,23,23208,39.9965,-75.4076,0,0,0,0,0,0,4,8,2013,1,13.0,1.0,0,1.0,3,1,3,  ,2,3.0,0,0,1,0,0,0,0,0,0,0,0,0,0,0,0,1,0
17051,2013080951,1904.0,1900.0,25,25302,42.1119,-80.0735,0,0,0,0,0,0,4,8,2013,1,19.0,1.0,0,1.0,3,1,3,  ,2,3.0,0,0,1,0,0,0,0,0,0,0,0,0,0,0,0,0,0
17052,2013080994,616.0,612.0,6,6232,40.4668,-75.8054,1,0,0,0,0,0,5,7,2013,3,6.0,5.0,0,1.0,1,0,3,  ,0,0.0,0,0,0,0,0,1,0,0,0,0,0,0,0,0,0,0,0
17053,2013081001,1832.0,1827.0,10,10212,40.6991,-80.1044,0,0,0,0,0,0,4,8,2013,1,18.0,1.0,0,1.0,3,1,3,  ,2,3.0,0,0,1,0,0,1,0,0,0,0,0,0,0,0,0,0,0
17054,2013081085,1212.0,1212.0,21,21402,40.1993,-77.1894,0,0,0,0,0,0,4,8,2013,5,12.0,1.0,0,1.0,2,0,3,  ,0,0.0,1,0,1,0,0,0,0,0,0,0,0,0,0,0,0,0,0
17055,2013081092,1705.0,1700.0,22,22301,40.2785,-76.8729,0,0,0,0,0,0,4,8,2013,2,17.0,1.0,0,1.0,3,2,3,  ,3,3.0,0,0,1,0,0,0,0,0,0,0,0,0,0,0,0,1,0
17056,2013081121,1513.0,1510.0,9,9401,40.099,-74.8617,0,0,0,0,0,0,5,8,2013,4,15.0,1.0,0,1.0,3,0,3,  ,2,3.0,0,1,0,0,0,0,0,0,0,0,0,0,0,0,0,0,0
17057,2013081128,1553.0,1548.0,25,25302,42.1119,-80.0735,0,0,0,0,1,0,4,7,2013,3,15.0,1.0,0,1.0,3,1,3,  ,2,3.0,0,0,1,0,0,0,0,0,0,0,0,0,0,0,0,0,0
17058,2013081151,1805.0,1800.0,66,66217,40.0012,-76.7596,0,0,0,0,0,1,4,8,2013,2,18.0,1.0,0,1.0,3,2,3,  ,3,3.0,0,0,1,0,0,0,0,0,0,0,0,0,0,0,0,0,0
17059,2013081157,1221.0,1218.0,2,2415,40.4112,-80.0837,0,0,0,0,0,0,4,8,2013,2,12.0,1.0,0,1.0,3,1,3,  ,0,0.0,1,0,1,0,0,0,0,0,0,0,0,0,0,0,0,0,0
17060,2013081199,1547.0,1542.0,67,67301,40.0688,-75.0402,0,0,1,0,0,0,6,7,2013,2,15.0,1.0,0,1.0,3,0,3,  ,0,0.0,0,0,0,0,1,0,0,0,0,0,0,0,0,0,0,0,0
17061,2013081258,1212.0,1201.0,61,61301,41.8516,-79.144,0,0,0,0,0,0,1,8,2013,6,11.0,1.0,0,1.0,2,0,3,  ,0,0.0,0,0,0,0,0,0,0,0,0,0,0,0,0,0,0,0,0
17062,2013081394,1750.0,1748.0,39,39406,40.5993,-75.4024,0,0,0,0,0,0,4,8,2013,2,17.0,1.0,0,1.0,3,2,3,  ,3,3.0,0,0,1,0,0,0,0,0,0,0,0,0,0,0,0,1,0
17063,2013081516,1449.0,1448.0,48,48301,,,0,0,0,0,0,0,4,8,2013,1,14.0,1.0,0,1.0,3,2,3,  ,3,3.0,1,0,1,0,0,0,0,0,0,0,0,0,0,0,0,0,0
17064,2013081526,1100.0,1100.0,22,22301,40.266,-76.8796,0,0,0,0,0,0,4,8,2013,4,19.0,1.0,0,1.0,3,3,3,  ,3,3.0,1,0,1,0,0,0,0,0,0,0,0,0,0,0,0,0,0
17065,2013081591,1354.0,1345.0,66,66223,39.9186,-76.9081,0,0,0,0,0,1,5,8,2013,3,13.0,1.0,0,1.0,1,0,3,  ,0,0.0,0,0,0,0,0,1,0,0,0,0,0,0,0,0,0,0,0
17066,2013081628,1358.0,1357.0,9,9225,40.1681,-75.0323,0,1,0,0,0,1,4,8,2013,2,13.0,1.0,0,1.0,3,2,3,  ,0,0.0,0,0,1,0,0,0,0,0,0,0,0,0,0,0,0,0,0
17067,2013081656,937.0,928.0,9,9210,40.308,-75.3002,0,0,0,0,0,0,4,8,2013,3,9.0,1.0,0,1.0,3,2,3,  ,2,3.0,0,0,1,0,0,0,0,0,0,0,0,0,0,0,0,0,0
17068,2013081660,1430.0,1428.0,48,48101,40.6448,-75.3221,0,0,0,0,1,0,4,8,2013,2,14.0,1.0,0,1.0,3,1,3,  ,3,3.0,0,0,1,0,0,0,0,0,0,0,0,0,0,0,0,0,0
17069,2013081892,1332.0,1330.0,25,25213,42.0964,-80.1433,0,0,0,0,1,0,4,8,2013,3,13.0,1.0,0,1.0,3,2,3,  ,3,3.0,0,0,1,0,0,0,0,0,0,0,0,0,0,0,0,0,1
17070,2013081903,1245.0,1243.0,48,48408,40.7351,-75.3119,0,0,0,0,1,0,4,6,2013,7,12.0,1.0,0,1.0,2,2,3,  ,3,3.0,0,0,1,0,0,0,0,0,0,0,0,0,0,0,0,0,0
17071,2013082089,1421.0,1417.0,13,13405,40.8272,-75.8945,0,0,0,0,0,0,4,8,2013,6,14.0,1.0,0,1.0,2,3,3,  ,0,0.0,0,0,1,0,0,0,0,0,0,0,0,0,0,0,0,0,0
17072,2013082210,713.0,710.0,2,2301,40.454,-80.0145,0,0,0,0,0,0,4,8,2013,4,7.0,1.0,0,1.0,3,1,3,  ,2,2.0,0,0,1,0,0,0,0,0,0,0,0,0,0,0,0,0,0
17073,2013082225,1735.0,1733.0,9,9227,40.2447,-75.136,0,0,0,0,0,0,4,8,2013,1,17.0,1.0,0,1.0,3,0,3,  ,0,0.0,0,0,1,0,0,0,0,0,0,0,0,0,0,0,0,0,0
17074,2013082246,914.0,908.0,45,45215,41.1221,-75.4715,0,0,0,0,0,0,4,8,2013,5,9.0,1.0,7,1.0,1,0,3,  ,4,3.0,0,0,1,0,0,0,0,0,0,0,0,0,0,0,0,0,0
17075,2013082383,1912.0,1912.0,46,46211,40.2386,-75.2299,0,0,0,0,0,0,4,8,2013,4,19.0,1.0,0,1.0,1,1,3,  ,2,3.0,0,0,1,0,0,0,0,0,0,0,0,0,0,0,0,0,0
17076,2013082402,2246.0,2242.0,36,36210,40.2314,-76.0759,0,0,0,0,0,0,2,8,2013,5,22.0,6.0,0,1.0,1,2,3,  ,3,3.0,1,0,0,0,0,0,0,0,0,0,0,0,0,0,0,0,0
17077,2013082544,1506.0,1503.0,66,66205,39.9817,-76.8131,0,1,0,0,0,0,2,8,2013,5,15.0,1.0,0,1.0,1,2,3,  ,2,3.0,1,0,0,0,0,0,0,0,0,0,0,0,0,0,0,1,0
17078,2013082554,1335.0,1315.0,67,67301,39.9422,-75.1776,0,0,1,0,0,0,4,8,2013,6,12.0,1.0,0,1.0,3,1,3,  ,3,3.0,0,0,1,0,1,0,0,0,0,0,0,0,0,0,0,0,0
17079,2013082591,1945.0,1935.0,15,15301,39.9835,-75.816,0,0,0,0,0,0,4,8,2013,1,19.0,3.0,0,1.0,3,1,3,  ,0,0.0,0,1,1,0,0,0,0,0,0,0,0,0,0,0,0,0,0
17080,2013082976,1447.0,1446.0,2,2438,40.4059,-79.9123,0,0,0,0,0,0,0,8,2013,1,14.0,1.0,0,1.0,3,0,3,  ,0,0.0,0,1,0,0,0,0,0,0,0,0,0,0,0,0,0,0,0
17081,2013083076,1859.0,1856.0,23,23112,39.9596,-75.3482,0,0,0,0,0,0,4,8,2013,1,18.0,1.0,0,1.0,3,1,3,  ,2,3.0,0,0,1,0,0,0,0,0,0,0,0,0,0,0,0,0,0