,CRN,ARRIVAL_TM,DISPATCH_TM,COUNTY,MUNICIPALITY,DEC_LAT,DEC_LONG,BICYCLE_DEATH_COUNT,BICYCLE_SUSP_SERIOUS_INJ_COUNT,BUS_COUNT,HEAVY_TRUCK_COUNT,SMALL_TRUCK_COUNT,SUV_COUNT,COLLISION_TYPE,CRASH_MONTH,CRASH_YEAR,DAY_OF_WEEK,HOUR_OF_DAY,ILLUMINATION,LOCATION_TYPE,ROAD_CONDITION,URBAN_RURAL,INTERSECT_TYPE,WEATHER1,WEATHER2,TCD_TYPE,TCD_FUNC_CD,AGGRESSIVE_DRIVING,ALCOHOL_RELATED,ANGLE_CRASH,CELL_PHONE,COMM_VEHICLE,DISTRACTED,DRINKING_DRIVER,DRUGGED_DRIVER,FATIGUE_ASLEEP,IMPAIRED_DRIVER,NHTSA_AGG_DRIVING,RUNNING_RED_LT,RUNNING_STOP_SIGN,SPEEDING_RELATED,TAILGATING,MATURE_DRIVER,YOUNG_DRIVER
17082,2013083148,650.0,644.0,21,21402,40.2061,-77.1877,0,0,0,0,0,0,4,8,2013,5,6.0,1.0,0,1.0,2,0,3,  ,0,0.0,1,0,1,0,0,0,0,0,0,0,0,0,0,0,0,0,0
17083,2013083227,1510.0,1508.0,25,25302,42.1305,-80.0723,0,1,0,0,1,0,4,8,2013,2,14.0,1.0,0,1.0,3,1,3,  ,3,3.0,0,0,1,0,0,0,0,0,0,0,0,0,0,0,0,1,0
17084,2013083252,1406.0,1406.0,23,23111,39.9565,-75.2955,0,0,0,0,0,0,4,8,2013,4,14.0,1.0,0,1.0,3,2,3,  ,2,3.0,1,0,1,0,0,0,0,0,0,0,0,0,0,0,0,0,0
17085,2013083265,1341.0,1341.0,48,48409,40.684,-75.4924,0,0,0,0,0,0,4,8,2013,5,13.0,1.0,0,1.0,3,3,3,  ,3,3.0,0,0,1,0,0,0,0,0,0,0,0,0,0,0,0,1,0
17086,2013083279,2341.0,2327.0,40,40101,41.2197,-75.9453,0,1,0,0,0,0,2,8,2013,6,23.0,2.0,0,1.0,3,0,3,  ,0,0.0,1,0,0,0,0,0,0,1,0,1,0,0,0,0,0,0,0
17087,2013083334,1839.0,1838.0,42,42301,41.9624,-78.6464,0,0,0,0,0,1,4,8,2013,5,18.0,1.0,0,1.0,2,2,3,  ,3,3.0,0,0,1,0,0,1,0,0,0,0,0,0,0,0,0,0,0
17088,2013083373,1541.0,1534.0,36,36215,40.0299,-76.2304,0,0,0,1,0,0,5,8,2013,2,15.0,1.0,0,1.0,1,0,3,  ,0,0.0,0,0,0,0,1,0,0,0,0,0,0,0,0,0,0,0,0
17089,2013083594,2108.0,2104.0,45,45404,40.9863,-75.1905,0,0,0,0,0,0,4,8,2013,4,17.0,3.0,0,1.0,2,1,3,  ,2,3.0,0,0,1,0,0,0,0,0,0,0,0,0,0,0,0,0,0
17090,2013083683,1823.0,1822.0,46,46222,40.1448,-75.4676,0,0,0,1,0,0,4,8,2013,4,18.0,1.0,0,1.0,3,2,3,  ,0,0.0,1,0,1,0,0,0,0,0,0,0,0,0,0,0,0,0,0
17091,2013083935,844.0,737.0,57,57208,41.7405,-75.9747,0,1,0,0,1,0,1,7,2013,4,7.0,1.0,0,1.0,1,0,3,  ,0,0.0,0,0,0,0,0,0,0,0,0,0,0,0,0,0,0,0,1
17092,2013083970,1020.0,1015.0,67,67301,39.9502,-75.1714,0,0,0,0,0,0,4,7,2013,3,10.0,1.0,7,1.0,3,0,3,  ,0,0.0,1,0,1,0,0,0,0,0,0,0,0,0,0,0,0,0,0
17093,2013083974,1741.0,1739.0,67,67301,40.0403,-75.082,0,0,0,0,0,0,4,7,2013,2,17.0,1.0,0,1.0,3,0,3,  ,0,0.0,0,0,1,0,0,0,0,0,0,0,0,0,0,0,0,0,0
17094,2013083987,1637.0,1635.0,67,67301,39.9787,-75.1578,0,0,0,0,0,0,4,7,2013,2,16.0,1.0,0,1.0,3,1,3,  ,2,3.0,1,0,1,0,0,0,0,0,0,0,0,1,0,0,0,0,0
17095,2013084005,2252.0,2242.0,67,67301,39.9863,-75.1318,0,0,0,0,0,0,4,7,2013,6,22.0,3.0,1,1.0,3,5,3,  ,2,3.0,0,0,1,0,0,0,0,0,0,0,0,0,0,0,0,0,0
17096,2013084007,1115.0,1056.0,67,67301,39.9673,-75.1436,0,0,0,0,1,0,4,7,2013,7,10.0,1.0,7,1.0,3,0,3,  ,0,0.0,0,0,1,0,0,0,0,0,0,0,0,0,0,0,0,0,0
17097,2013084019,1648.0,1641.0,67,67301,39.9525,-75.1896,0,0,0,0,0,0,1,7,2013,3,16.0,1.0,0,1.0,3,0,3,  ,0,0.0,0,0,0,0,0,0,0,0,0,0,0,0,0,0,0,0,0
17098,2013084031,46.0,43.0,67,67301,39.9452,-75.1418,0,0,0,0,0,0,4,7,2013,1,0.0,3.0,7,1.0,3,2,3,  ,2,3.0,0,0,1,0,0,0,0,0,0,0,0,0,0,0,0,0,0
17099,2013084069,1114.0,9999.0,45,45404,40.9862,-75.1905,0,0,0,0,0,1,4,5,2013,5,11.0,1.0,0,1.0,2,0,3,  ,2,3.0,0,0,1,0,0,0,0,0,0,0,0,0,0,0,0,0,0
17100,2013084187,1738.0,1735.0,2,2301,40.4278,-79.9286,0,0,0,0,0,0,4,8,2013,4,17.0,1.0,0,1.0,3,1,3,  ,2,3.0,1,0,1,0,0,0,0,0,0,0,0,0,0,0,0,0,0
17101,2013084188,1740.0,1737.0,14,14216,40.8081,-77.8967,0,0,0,0,0,1,4,8,2013,3,17.0,1.0,0,1.0,1,2,3,  ,2,3.0,0,0,1,0,0,0,0,0,0,0,0,0,0,0,0,0,0
17102,2013084204,1611.0,1606.0,9,9101,40.1299,-74.8829,0,0,0,0,0,1,6,8,2013,4,16.0,1.0,0,1.0,3,0,3,  ,0,0.0,0,0,0,0,0,0,0,1,0,1,0,0,0,0,0,0,0
17103,2013084241,2102.0,2101.0,46,46408,40.1862,-75.1068,0,0,0,0,0,0,8,8,2013,4,21.0,3.0,0,1.0,3,0,3,  ,0,0.0,0,0,0,0,0,0,0,0,0,0,0,0,0,0,0,1,0
17104,2013084338,1035.0,1030.0,25,25302,42.121,-80.052,0,0,0,0,0,0,4,8,2013,3,22.0,3.0,0,1.0,3,1,3,  ,3,3.0,0,0,1,0,0,0,0,0,0,0,0,0,0,0,0,0,0
17105,2013084395,2340.0,2333.0,67,67301,40.0226,-75.2085,0,0,0,0,1,0,4,4,2013,2,23.0,3.0,7,1.0,3,0,3,  ,0,0.0,1,0,1,0,0,0,0,0,0,0,0,0,0,0,0,0,0
17106,2013084408,1446.0,1444.0,67,67301,39.9573,-75.1912,0,0,0,1,0,0,4,7,2013,5,14.0,1.0,0,1.0,3,2,3,  ,2,3.0,0,0,1,0,1,0,0,0,0,0,0,0,0,0,0,0,0
17107,2013084575,149.0,147.0,39,39301,40.6073,-75.4762,0,0,0,0,0,1,4,8,2013,6,1.0,3.0,0,1.0,3,3,3,  ,2,3.0,0,0,1,0,0,0,0,0,0,0,0,0,0,0,0,0,0
17108,2013084707,1211.0,1209.0,22,22301,40.2656,-76.8824,0,0,0,0,0,0,4,8,2013,6,12.0,1.0,0,1.0,3,2,3,  ,0,0.0,1,0,1,0,0,0,0,0,0,0,0,0,0,0,0,0,0
17109,2013084738,1651.0,1648.0,21,21409,40.0492,-77.524,0,0,0,0,0,1,1,8,2013,6,16.0,1.0,0,1.0,2,0,3,  ,0,0.0,1,0,0,0,0,0,0,0,0,0,0,0,0,0,1,0,0
17110,2013084742,2028.0,2022.0,25,25302,42.0991,-80.1082,0,0,0,0,0,0,4,8,2013,2,20.0,1.0,0,1.0,3,1,3,  ,2,3.0,1,0,1,0,0,0,0,0,0,0,0,1,0,0,0,0,0
17111,2013084780,550.0,541.0,34,34403,40.5288,-77.3922,0,1,0,0,1,0,4,8,2013,7,5.0,5.0,0,1.0,1,2,3,  ,3,3.0,0,1,1,0,0,0,0,0,0,0,0,0,0,0,0,0,0
17112,2013084829,1539.0,1538.0,35,35406,41.464,-75.6191,0,0,0,1,0,0,4,8,2013,6,15.0,1.0,0,1.0,3,2,3,  ,3,3.0,0,0,1,0,1,0,0,0,0,0,0,0,0,0,0,0,0
17113,2013084925,1159.0,1156.0,25,25302,42.1185,-80.0779,0,0,0,0,0,0,4,8,2013,4,11.0,1.0,0,1.0,3,1,3,  ,2,3.0,1,0,1,1,0,1,0,0,0,0,0,0,0,0,0,0,0
17114,2013084962,1205.0,1200.0,66,66301,39.9556,-76.7373,0,0,0,0,0,0,4,8,2013,7,12.0,1.0,0,1.0,3,1,3,  ,3,3.0,0,0,1,0,0,0,0,0,0,0,0,0,0,0,0,0,0
17115,2013085051,1424.0,1420.0,41,41405,41.2508,-76.9261,0,0,0,0,0,0,4,8,2013,5,14.0,1.0,0,1.0,3,1,3,  ,3,3.0,0,0,1,0,0,0,0,0,0,0,0,0,0,0,0,0,0
17116,2013085114,1205.0,1200.0,6,6429,40.329,-75.9836,0,0,0,0,0,0,4,8,2013,7,12.0,1.0,0,1.0,3,2,3,  ,4,3.0,0,0,1,0,0,0,0,0,0,0,0,0,0,0,0,0,0
17117,2013085148,1408.0,1408.0,6,6301,40.3321,-75.9211,0,0,0,0,0,0,4,8,2013,1,14.0,1.0,0,1.0,3,1,3,  ,0,0.0,0,0,1,0,0,0,0,0,0,0,0,0,0,0,0,0,0
17118,2013085279,2123.0,2122.0,35,35406,41.4558,-75.6299,0,0,0,0,0,0,1,8,2013,5,21.0,2.0,0,1.0,3,0,3,  ,0,0.0,0,0,0,0,0,0,0,0,0,0,0,0,0,0,0,0,0
17119,2013085315,1901.0,1826.0,11,11407,40.4653,-78.5882,0,0,0,0,0,1,4,8,2013,7,18.0,1.0,0,1.0,1,1,3,  ,3,3.0,0,0,1,0,0,0,0,0,0,0,0,0,0,0,0,1,0
17120,2013085343,1821.0,1811.0,21,21213,40.1184,-77.1357,0,0,0,0,1,0,1,8,2013,3,18.0,1.0,0,1.0,1,0,3,  ,0,0.0,0,0,0,0,0,1,0,0,0,0,0,0,0,0,0,1,0
17121,2013085369,1531.0,1514.0,35,35214,41.4561,-75.7806,0,0,0,0,0,0,4,8,2013,7,15.0,1.0,0,1.0,1,0,3,  ,0,0.0,0,0,1,0,0,0,0,0,0,0,0,0,0,0,0,1,0
17122,2013085408,1248.0,1235.0,9,9101,40.125,-74.8647,0,0,0,0,0,0,1,8,2013,2,7.0,1.0,3,1.0,3,0,3,  ,0,0.0,0,0,0,0,0,0,0,0,0,0,0,0,0,0,0,0,0
17123,2013085422,840.0,840.0,2,2301,40.4474,-79.9425,0,0,0,0,0,0,5,8,2013,2,8.0,1.0,0,1.0,3,1,3,  ,2,3.0,0,0,0,0,0,0,0,0,0,0,0,0,0,0,0,0,0
17124,2013085563,1925.0,1847.0,54,54208,40.8144,-76.8553,0,0,0,0,0,0,4,8,2013,3,18.0,1.0,0,1.0,1,1,3,  ,2,3.0,1,0,1,0,0,0,0,0,0,0,0,1,0,0,0,0,0
17125,2013085594,1931.0,1931.0,2,2301,40.439,-80.0274,0,0,0,0,0,0,9,8,2013,2,19.0,4.0,0,1.0,3,1,3,  ,3,3.0,0,0,0,0,0,0,0,0,0,0,0,0,0,0,0,0,0
17126,2013085627,1045.0,1030.0,2,2301,40.3962,-79.9981,0,0,0,0,0,0,8,8,2013,6,10.0,1.0,0,1.0,3,1,3,  ,2,3.0,1,0,0,0,0,0,0,0,0,0,0,0,0,0,1,0,0
17127,2013085646,1957.0,1951.0,48,48302,40.6894,-75.2315,0,0,0,0,0,1,4,8,2013,1,19.0,1.0,7,1.0,3,0,3,  ,0,0.0,0,0,1,0,0,0,0,0,0,0,0,0,0,0,0,0,0
17128,2013085828,1710.0,1704.0,35,35302,41.4397,-75.6429,0,0,0,0,0,0,4,8,2013,3,17.0,1.0,0,1.0,3,0,3,  ,0,0.0,0,0,1,0,0,0,0,0,0,0,0,0,0,0,0,0,0
17129,2013085868,1655.0,1650.0,46,46104,40.0064,-75.2882,0,0,0,0,0,0,8,6,2013,3,16.0,1.0,0,1.0,3,2,3,  ,2,3.0,1,0,0,0,0,0,0,0,0,0,0,0,0,0,0,1,0
17130,2013085870,1417.0,1414.0,46,46104,40.0247,-75.3189,0,0,0,0,0,0,4,7,2013,1,14.0,1.0,0,1.0,3,1,3,  ,2,3.0,0,0,1,0,0,0,0,0,0,0,0,0,0,0,0,0,0
17131,2013086086,1734.0,1730.0,2,2213,40.531,-80.19,1,0,0,0,0,0,4,7,2013,7,17.0,1.0,0,1.0,3,2,3,  ,2,3.0,0,0,1,0,0,0,0,0,0,0,0,0,0,0,0,0,0
17132,2013086102,1005.0,1005.0,3,3406,40.7713,-79.5308,0,0,0,0,0,0,4,8,2013,2,10.0,1.0,0,1.0,2,1,3,  ,3,3.0,0,0,1,0,0,0,0,0,0,0,0,0,0,0,0,0,0
17133,2013086179,1935.0,1930.0,67,67301,39.9884,-75.1098,0,0,0,0,0,0,4,8,2013,6,19.0,1.0,0,1.0,3,1,3,  ,2,3.0,0,0,1,0,0,1,0,0,0,0,0,0,0,0,0,0,0
17134,2013086182,736.0,730.0,67,67301,39.9753,-75.1326,0,0,0,0,0,0,5,8,2013,3,99.0,5.0,0,1.0,3,1,3,  ,2,3.0,0,0,0,0,0,1,0,0,0,0,0,0,0,0,0,0,0
17135,2013086185,1800.0,1740.0,67,67301,39.9408,-75.1661,0,0,0,0,0,0,4,7,2013,3,17.0,1.0,0,1.0,3,1,3,  ,2,3.0,1,0,1,0,0,0,0,0,0,0,0,0,0,0,0,0,0
17136,2013086186,2006.0,2004.0,67,67301,39.9914,-75.1136,0,0,0,0,0,0,4,7,2013,7,19.0,1.0,0,9.0,3,0,3,  ,0,0.0,0,0,1,0,0,0,0,0,0,0,0,0,0,0,0,0,1
17137,2013086203,1815.0,1805.0,67,67301,39.9617,-75.2225,0,0,0,0,0,0,4,7,2013,2,18.0,1.0,0,1.0,3,0,3,  ,0,0.0,0,0,1,0,0,0,0,0,0,0,0,0,0,0,0,0,0
17138,2013086219,2030.0,2021.0,67,67301,40.0372,-75.1733,0,0,0,0,0,0,4,8,2013,6,20.0,2.0,7,1.0,3,0,3,  ,0,0.0,1,0,1,0,0,0,0,0,0,0,0,0,0,0,0,0,0
17139,2013086227,1225.0,1220.0,67,67301,39.9798,-75.269,0,0,0,0,0,0,4,7,2013,3,12.0,1.0,7,9.0,3,0,3,  ,0,0.0,1,0,1,0,0,0,0,0,0,0,0,0,0,0,0,0,0
17140,2013086234,9999.0,1930.0,67,67301,39.9936,-75.1394,0,0,0,0,0,0,4,7,2013,6,14.0,1.0,0,1.0,3,1,3,  ,0,0.0,0,0,1,0,0,0,0,0,0,0,0,0,0,0,0,0,0
17141,2013086251,1649.0,1649.0,67,67301,40.018,-75.0543,0,0,0,0,0,0,4,8,2013,7,13.0,1.0,0,1.0,3,1,3,  ,3,3.0,1,0,1,0,0,0,0,0,0,0,0,0,1,0,0,0,0
17142,2013086258,943.0,939.0,67,67301,40.0242,-75.133,0,0,0,0,0,0,4,7,2013,3,9.0,1.0,0,1.0,3,1,3,  ,2,3.0,0,0,1,0,0,0,0,0,0,0,0,0,0,0,0,0,0
17143,2013086266,2213.0,2210.0,67,67301,40.0747,-74.9893,0,0,0,0,0,0,4,8,2013,1,22.0,3.0,0,1.0,3,1,3,  ,3,3.0,1,0,1,0,0,0,0,0,0,0,0,0,0,0,0,1,0
17144,2013086353,2048.0,2036.0,41,41219,41.2543,-76.964,0,0,0,0,0,0,4,8,2013,2,20.0,3.0,0,9.0,1,1,7,  ,3,3.0,0,0,1,0,0,0,0,0,0,0,0,0,0,0,0,0,0
17145,2013086378,1203.0,1142.0,66,66229,40.0795,-76.8748,0,0,0,0,0,1,0,8,2013,1,11.0,1.0,0,1.0,1,0,3,  ,0,0.0,0,0,0,0,0,0,0,0,0,0,0,0,0,0,0,0,0
17146,2013086484,523.0,523.0,66,66217,40.0203,-76.7439,0,0,0,0,0,0,4,8,2013,5,5.0,3.0,2,1.0,3,2,3,  ,2,3.0,0,0,1,0,0,0,0,0,0,0,0,0,0,0,0,0,0
17147,2013086509,1402.0,1353.0,52,52206,41.7607,-77.9676,0,0,0,0,0,0,4,8,2013,5,13.0,1.0,7,1.0,1,0,3,  ,0,0.0,0,0,1,0,0,0,0,0,0,0,0,0,0,0,0,1,0
17148,2013086593,914.0,907.0,35,35302,41.3765,-75.695,0,1,0,0,0,0,4,8,2013,5,9.0,1.0,0,1.0,3,1,3,  ,3,3.0,0,0,1,0,0,0,0,0,0,0,0,0,0,0,0,0,0
17149,2013086654,5.0,2.0,67,67301,39.9633,-75.1885,0,0,0,0,0,0,4,8,2013,4,23.0,3.0,0,1.0,3,1,3,  ,2,3.0,1,0,1,0,0,0,0,0,0,0,0,0,0,0,0,0,0
17150,2013086655,1505.0,1500.0,67,67301,39.9631,-75.2023,0,0,0,0,0,0,4,8,2013,6,14.0,1.0,0,1.0,3,1,3,  ,2,3.0,1,0,1,0,0,0,0,0,0,0,0,0,0,0,0,0,0
17151,2013086660,1835.0,9999.0,67,67301,39.983,-75.1014,0,0,0,0,0,0,4,7,2013,5,18.0,1.0,0,1.0,3,1,3,  ,2,9.0,0,0,1,0,0,0,0,0,0,0,0,0,0,0,0,0,0
17152,2013086668,1423.0,1422.0,67,67301,39.9515,-75.1567,0,0,0,0,0,0,4,7,2013,5,99.0,1.0,0,1.0,3,1,3,  ,2,3.0,0,0,1,0,0,0,0,0,0,0,0,0,0,0,0,0,0
17153,2013086683,1956.0,1954.0,67,67301,39.9215,-75.1702,0,0,0,0,0,0,4,7,2013,7,19.0,3.0,0,1.0,3,0,3,  ,0,0.0,0,1,1,0,0,0,0,0,0,0,0,0,0,0,0,0,0
17154,2013086695,1536.0,1528.0,67,67301,39.9617,-75.1575,0,0,0,0,0,0,4,8,2013,1,14.0,1.0,0,1.0,3,3,3,  ,2,3.0,0,0,1,0,0,0,0,0,0,0,0,0,0,0,0,0,0
17155,2013086704,2040.0,2033.0,67,67301,40.0465,-75.0707,0,0,0,0,0,0,4,7,2013,3,20.0,3.0,7,1.0,3,0,3,  ,0,0.0,1,0,1,0,0,0,0,0,0,0,0,0,0,0,0,0,0
17156,2013086721,1645.0,1639.0,67,67301,39.9804,-75.16,0,0,0,0,1,0,4,8,2013,7,16.0,1.0,0,1.0,3,0,3,  ,0,0.0,0,0,1,0,0,0,0,0,0,0,0,0,0,0,0,1,0
17157,2013086741,1649.0,1645.0,67,67301,39.9738,-75.2064,0,0,0,0,0,0,4,7,2013,2,16.0,1.0,0,1.0,3,1,3,  ,2,3.0,0,0,1,0,0,0,0,0,0,0,0,0,0,0,0,0,0
17158,2013086746,1850.0,1844.0,67,67301,39.9247,-75.1697,0,0,0,0,0,0,4,8,2013,2,18.0,1.0,0,1.0,3,0,3,  ,0,0.0,0,0,1,0,0,0,0,0,0,0,0,0,0,0,0,0,0
17159,2013086767,1050.0,1046.0,67,67301,39.9482,-75.1743,0,0,0,0,0,0,4,8,2013,4,10.0,1.0,0,1.0,3,2,3,  ,2,3.0,1,0,1,0,0,0,0,0,0,0,0,0,0,0,0,0,0
17160,2013086790,1600.0,1546.0,67,67301,40.0699,-75.198,0,0,0,0,0,0,5,8,2013,6,14.0,1.0,0,1.0,3,0,3,  ,0,0.0,1,0,0,0,0,0,0,0,0,0,0,0,0,0,0,0,0
17161,2013086814,1933.0,1931.0,67,67301,39.9665,-75.2481,0,0,0,0,0,1,4,8,2013,6,19.0,1.0,0,1.0,3,0,3,  ,0,0.0,0,0,1,0,0,0,0,0,0,0,0,0,0,0,0,0,0
17162,2013086815,337.0,329.0,67,67301,40.0225,-75.0771,0,0,0,0,0,0,1,7,2013,6,2.0,3.0,0,1.0,3,0,3,  ,0,0.0,1,0,0,0,0,0,0,0,0,0,0,0,0,0,0,0,0
17163,2013086817,1637.0,1633.0,67,67301,39.9968,-75.1034,0,0,0,0,0,0,4,8,2013,1,16.0,1.0,0,1.0,3,1,3,  ,2,3.0,0,0,1,0,0,0,0,0,0,0,0,0,0,0,0,0,0
17164,2013086825,1430.0,1424.0,67,67301,39.9418,-75.154,0,0,0,0,0,0,4,7,2013,7,13.0,1.0,0,1.0,3,2,3,  ,0,0.0,1,0,1,0,0,0,0,0,0,0,0,0,0,0,0,0,0
17165,2013086835,2110.0,9999.0,67,67301,39.9551,-75.1856,0,0,0,0,0,0,1,7,2013,4,15.0,1.0,0,1.0,3,2,3,  ,2,3.0,0,0,0,0,0,0,0,0,0,0,0,0,0,0,0,0,0
17166,2013086840,9999.0,1724.0,67,67301,40.0294,-75.1247,0,0,0,0,0,0,8,8,2013,1,99.0,1.0,0,1.0,3,2,3,  ,0,0.0,0,0,0,0,0,0,0,0,0,0,0,0,0,0,0,0,0
17167,2013086844,1016.0,1012.0,67,67301,39.9663,-75.1793,0,0,0,0,0,0,4,7,2013,4,9.0,1.0,0,1.0,3,1,3,  ,2,3.0,1,0,1,0,0,0,0,0,0,0,0,0,0,0,0,0,0
17168,2013086891,1354.0,1350.0,67,67301,39.9284,-75.1559,0,0,0,0,0,1,4,7,2013,1,13.0,1.0,0,1.0,3,0,3,  ,0,0.0,0,0,1,0,0,0,0,0,0,0,0,0,0,0,0,0,0
17169,2013086902,1548.0,1544.0,67,67301,40.0089,-75.0859,0,0,0,0,0,0,4,8,2013,5,15.0,1.0,0,9.0,3,1,7,  ,3,3.0,0,0,1,0,0,0,0,0,0,0,0,0,0,0,0,0,0
17170,2013086933,1636.0,1634.0,67,67301,40.0462,-75.1661,0,0,0,0,0,1,4,7,2013,3,16.0,1.0,0,1.0,3,1,3,  ,3,3.0,0,0,1,0,0,0,0,0,0,0,0,0,0,0,0,0,0
17171,2013086940,2040.0,2029.0,67,67301,39.9492,-75.1631,0,0,0,0,0,0,4,7,2013,7,20.0,3.0,0,1.0,3,1,3,  ,2,3.0,0,0,1,0,0,0,0,0,0,0,0,0,0,0,0,0,0
17172,2013086946,907.0,906.0,67,67301,39.9777,-75.2264,0,0,0,0,0,0,4,8,2013,3,8.0,1.0,0,9.0,3,2,3,  ,3,3.0,0,0,1,0,0,0,0,0,0,0,0,0,0,0,0,0,0
17173,2013086956,2340.0,2330.0,67,67301,40.0553,-75.0039,0,0,0,0,0,0,4,7,2013,2,14.0,1.0,7,1.0,3,0,3,  ,0,0.0,1,0,1,0,0,0,0,0,0,0,0,0,0,0,0,0,0
17174,2013086961,1048.0,1041.0,67,67301,39.9593,-75.1719,0,0,0,0,0,0,1,8,2013,3,10.0,1.0,0,1.0,3,0,3,  ,0,0.0,1,0,0,0,0,0,0,0,0,0,0,0,0,0,1,0,0
17175,2013086963,1526.0,1524.0,67,67301,39.9544,-75.205,0,0,0,0,0,0,1,7,2013,2,15.0,1.0,0,1.0,3,1,3,  ,2,3.0,1,0,0,0,0,0,0,0,0,0,0,0,0,0,0,0,0
17176,2013086968,1937.0,1927.0,67,67301,39.9221,-75.2224,0,0,0,0,0,0,6,8,2013,6,19.0,1.0,0,1.0,3,1,3,  ,0,0.0,0,0,0,0,0,0,0,0,0,0,0,0,0,0,0,0,0
17177,2013086969,2015.0,2011.0,67,67301,40.0306,-75.0402,0,0,0,0,0,0,4,8,2013,3,19.0,1.0,0,1.0,3,0,3,  ,0,0.0,0,0,1,0,0,0,0,0,0,0,0,0,0,0,0,0,0
17178,2013086993,1502.0,1459.0,2,2213,40.4878,-80.1894,0,0,0,0,0,0,5,8,2013,7,14.0,1.0,0,1.0,3,1,3,  ,2,3.0,0,0,0,0,0,0,0,0,0,0,0,0,0,0,0,0,0
17179,2013087087,1958.0,1956.0,2,2301,40.4529,-80.0686,0,0,0,0,0,1,9,8,2013,5,19.0,4.0,0,1.0,3,2,3,  ,0,0.0,0,0,0,0,0,0,0,0,0,0,0,0,0,0,0,0,0
17180,2013087090,2000.0,2000.0,2,2415,40.4081,-80.0848,0,0,0,0,0,0,4,8,2013,5,20.0,1.0,0,1.0,3,0,3,  ,0,0.0,0,0,1,0,0,0,0,0,0,0,0,0,0,0,0,0,0
17181,2013087240,1415.0,1411.0,66,66301,39.9611,-76.7323,0,0,0,0,0,1,4,8,2013,6,14.0,1.0,0,1.0,3,0,3,  ,0,0.0,0,0,1,0,0,0,0,0,0,0,0,0,0,0,0,0,0
17182,2013087255,1545.0,1530.0,2,2301,40.4399,-79.9509,0,0,0,0,0,0,5,8,2013,6,15.0,1.0,0,1.0,3,3,3,  ,0,0.0,0,0,0,0,0,0,0,0,0,0,0,0,0,0,0,0,0
17183,2013087275,1613.0,1612.0,23,23301,39.8399,-75.3888,0,0,0,0,0,1,4,8,2013,6,16.0,1.0,0,1.0,3,1,3,  ,2,3.0,0,1,1,0,0,0,0,0,0,0,0,0,0,0,0,0,0
17184,2013087331,1911.0,1907.0,25,25302,42.1119,-80.0735,0,0,0,0,0,1,4,8,2013,6,19.0,1.0,0,1.0,3,1,3,  ,2,3.0,0,0,1,0,0,0,0,0,0,0,0,0,0,0,0,0,0
17185,2013087353,2008.0,2007.0,48,48301,40.6206,-75.3754,0,0,0,0,0,1,4,8,2013,6,20.0,3.0,0,1.0,3,1,3,  ,2,3.0,0,0,1,0,0,1,0,0,0,0,0,0,0,0,0,1,0
17186,2013087405,1712.0,1704.0,25,25402,41.9014,-80.3491,0,0,0,0,0,0,5,8,2013,4,16.0,1.0,0,1.0,1,0,3,  ,0,0.0,0,0,0,0,0,0,0,0,0,0,0,0,0,0,0,0,0
17187,2013087423,12.0,4.0,2,2301,40.4394,-79.9969,0,0,0,0,0,0,2,8,2013,7,0.0,3.0,0,1.0,3,1,3,  ,2,3.0,0,0,0,0,0,1,0,0,0,0,0,0,0,0,0,0,0
17188,2013087677,1542.0,1540.0,6,6301,40.337,-75.9279,0,0,0,0,0,0,5,9,2013,1,15.0,1.0,0,1.0,3,0,3,  ,0,0.0,0,0,0,0,0,0,0,0,0,0,0,0,0,0,0,0,0
17189,2013087835,2242.0,2242.0,46,46211,40.228,-75.261,0,0,0,0,0,0,1,8,2013,7,21.0,3.0,7,1.0,1,0,3,  ,3,3.0,0,0,0,0,0,0,0,0,0,0,0,0,0,0,0,0,0
17190,2013087846,1718.0,1717.0,11,11301,40.3267,-78.9194,0,1,0,0,0,1,4,7,2013,4,17.0,1.0,0,1.0,3,1,3,  ,3,3.0,0,0,1,0,0,0,0,0,0,0,0,0,0,0,0,0,0
17191,2013087922,1900.0,1845.0,35,35214,41.4428,-75.7869,0,0,0,0,0,0,4,9,2013,2,18.0,1.0,0,1.0,1,0,3,  ,0,0.0,0,0,1,0,0,0,0,0,0,0,0,0,0,0,0,0,0
17192,2013088005,325.0,319.0,67,67301,39.9844,-75.1544,0,0,0,0,0,1,4,9,2013,3,1.0,3.0,0,1.0,3,1,3,  ,2,3.0,0,0,1,0,0,0,0,0,0,0,0,0,0,0,0,0,0
17193,2013088008,1809.0,1807.0,42,42301,41.9559,-78.6506,0,0,0,0,0,1,4,9,2013,1,18.0,1.0,0,1.0,2,2,3,  ,0,0.0,0,0,1,0,0,0,0,0,0,0,0,0,0,0,0,0,0
17194,2013088019,1140.0,1137.0,25,25213,42.0757,-80.1585,0,0,0,0,1,0,6,8,2013,5,11.0,1.0,0,1.0,3,2,3,  ,0,0.0,1,0,0,0,0,0,0,0,0,0,0,0,0,0,0,0,0
17195,2013088035,1742.0,1739.0,9,9228,40.265,-75.0956,0,0,0,0,1,0,4,8,2013,2,17.0,1.0,0,1.0,1,0,3,  ,0,0.0,0,0,1,0,0,0,0,0,0,0,0,0,0,0,0,0,0