,CRN,ARRIVAL_TM,DISPATCH_TM,COUNTY,MUNICIPALITY,DEC_LAT,DEC_LONG,BICYCLE_DEATH_COUNT,BICYCLE_SUSP_SERIOUS_INJ_COUNT,BUS_COUNT,HEAVY_TRUCK_COUNT,SMALL_TRUCK_COUNT,SUV_COUNT,COLLISION_TYPE,CRASH_MONTH,CRASH_YEAR,DAY_OF_WEEK,HOUR_OF_DAY,ILLUMINATION,LOCATION_TYPE,ROAD_CONDITION,URBAN_RURAL,INTERSECT_TYPE,WEATHER1,WEATHER2,TCD_TYPE,TCD_FUNC_CD,AGGRESSIVE_DRIVING,ALCOHOL_RELATED,ANGLE_CRASH,CELL_PHONE,COMM_VEHICLE,DISTRACTED,DRINKING_DRIVER,DRUGGED_DRIVER,FATIGUE_ASLEEP,IMPAIRED_DRIVER,NHTSA_AGG_DRIVING,RUNNING_RED_LT,RUNNING_STOP_SIGN,SPEEDING_RELATED,TAILGATING,MATURE_DRIVER,YOUNG_DRIVER
17196,2013088094,2009.0,1959.0,41,41301,41.2472,-77.0003,0,0,0,0,0,0,4,8,2013,7,19.0,3.0,0,1.0,3,2,3,  ,9,3.0,0,0,1,0,0,0,0,0,0,0,0,0,0,0,0,0,1
17197,2013088106,2139.0,2139.0,67,67301,39.9694,-75.16,0,0,0,0,0,0,6,7,2013,4,21.0,3.0,0,1.0,3,0,3,  ,0,0.0,0,1,0,0,0,0,0,0,0,0,0,0,0,0,0,0,0
17198,2013088110,231.0,217.0,67,67301,40.1034,-74.962,0,1,0,0,1,0,6,7,2013,3,2.0,3.0,0,9.0,3,0,7,  ,0,0.0,0,0,0,0,0,0,0,0,0,0,0,0,0,0,0,0,0
17199,2013088115,1554.0,1554.0,54,54404,40.8042,-76.8663,0,0,0,0,0,0,4,9,2013,3,15.0,1.0,0,1.0,2,1,3,  ,3,3.0,0,0,1,0,0,0,0,0,0,0,0,0,0,0,0,0,0
17200,2013088150,1755.0,1752.0,48,48301,40.6313,-75.3816,0,0,0,0,0,0,4,9,2013,3,17.0,1.0,0,1.0,3,1,3,  ,2,3.0,0,0,1,0,0,0,0,0,0,0,0,0,0,0,0,0,0
17201,2013088438,1050.0,1045.0,41,41301,41.2405,-77.0482,0,0,0,0,0,0,1,8,2013,7,9.0,1.0,3,1.0,3,0,3,  ,0,0.0,0,0,0,0,0,0,0,0,0,0,0,0,0,0,0,0,0
17202,2013088535,1751.0,1750.0,39,39408,40.7502,-75.6138,0,0,0,0,0,0,8,8,2013,5,17.0,1.0,0,1.0,1,0,3,  ,0,0.0,0,0,0,0,0,0,0,0,0,0,0,0,0,0,0,0,0
17203,2013088704,1905.0,1904.0,14,14410,40.8003,-77.8493,0,0,0,0,0,0,5,9,2013,4,19.0,1.0,0,1.0,3,0,3,  ,0,0.0,0,0,0,0,0,0,0,0,0,0,0,0,0,0,0,0,0
17204,2013088935,1515.0,1513.0,48,48302,40.6765,-75.2208,0,1,0,0,0,0,4,8,2013,6,15.0,1.0,0,1.0,3,1,3,  ,3,3.0,0,0,1,0,0,0,0,0,0,0,0,0,0,0,0,0,0
17205,2013089009,1835.0,1831.0,9,9202,40.0998,-74.9532,0,0,0,0,0,0,4,9,2013,5,18.0,1.0,0,1.0,3,1,3,  ,3,3.0,1,0,1,0,0,0,0,0,0,0,0,0,0,0,0,0,0
17206,2013089031,2141.0,2140.0,6,6301,40.3322,-75.9299,0,0,0,0,0,0,8,9,2013,5,21.0,3.0,0,1.0,3,1,3,  ,0,0.0,1,0,0,0,0,0,0,0,0,0,0,0,0,0,0,0,0
17207,2013089042,1452.0,1451.0,39,39301,40.6097,-75.4731,0,0,0,0,0,0,9,9,2013,5,14.0,1.0,0,1.0,3,1,3,  ,2,3.0,0,0,0,0,0,0,0,0,0,0,0,0,0,0,0,0,0
17208,2013089064,1834.0,1833.0,48,48205,40.7511,-75.2327,0,0,0,0,0,0,4,9,2013,4,18.0,1.0,0,1.0,1,1,3,  ,2,3.0,1,0,1,0,0,0,0,0,0,0,0,0,0,0,0,0,0
17209,2013089081,844.0,843.0,46,46101,40.1172,-75.1372,0,0,0,0,0,0,5,8,2013,4,8.0,1.0,0,9.0,3,2,7,  ,4,3.0,1,0,0,0,0,0,0,0,0,0,0,0,0,0,0,0,0
17210,2013089152,1823.0,1820.0,25,25302,42.1091,-80.0756,0,0,0,0,0,0,4,8,2013,5,18.0,1.0,0,1.0,3,2,3,  ,3,3.0,0,0,1,0,0,0,0,0,0,0,0,0,0,0,0,0,0
17211,2013089255,1622.0,1618.0,40,40304,41.2298,-75.8859,0,0,0,0,0,1,4,9,2013,6,16.0,1.0,0,1.0,3,2,3,  ,3,3.0,0,0,1,0,0,0,0,0,0,0,0,0,0,0,0,0,0
17212,2013089359,1932.0,1931.0,9,9409,40.2111,-74.7945,0,0,0,0,0,1,4,8,2013,3,19.0,1.0,0,1.0,3,2,3,  ,3,3.0,1,0,1,0,0,0,0,0,0,0,0,0,0,0,0,0,0
17213,2013089401,1753.0,1751.0,6,6405,40.3318,-75.635,0,0,0,0,0,1,4,9,2013,6,17.0,1.0,0,1.0,1,1,3,  ,2,3.0,1,0,1,0,0,0,0,0,0,0,1,0,0,0,0,0,0
17214,2013089492,740.0,736.0,7,7301,40.515,-78.4021,0,0,0,0,0,0,4,9,2013,7,7.0,1.0,0,1.0,3,1,3,  ,3,3.0,0,0,1,0,0,0,0,0,0,0,0,0,0,0,0,0,0
17215,2013089557,1436.0,1431.0,40,40304,41.2381,-75.9166,0,0,0,0,0,0,4,9,2013,7,14.0,1.0,0,1.0,3,1,3,  ,3,3.0,1,0,1,0,0,0,0,0,0,0,0,0,0,1,0,0,0
17216,2013089666,1501.0,1444.0,36,36221,40.0388,-76.111,0,0,0,0,0,0,5,8,2013,2,14.0,1.0,0,1.0,1,2,3,  ,2,3.0,0,0,0,0,0,0,0,0,0,0,0,0,0,0,0,0,0
17217,2013089711,2150.0,2140.0,38,38301,40.3458,-76.4218,0,0,0,0,0,0,4,9,2013,7,21.0,3.0,0,1.0,2,0,3,  ,0,0.0,0,0,1,0,0,1,0,0,0,0,0,0,0,0,0,0,0
17218,2013089855,1530.0,1527.0,43,43407,41.2253,-80.2399,0,0,0,0,0,1,4,9,2013,5,15.0,1.0,0,1.0,1,1,3,  ,2,3.0,0,0,1,0,0,0,0,0,0,0,0,0,0,0,0,0,0
17219,2013089889,1335.0,1332.0,6,6214,40.3115,-75.848,0,0,0,0,0,1,4,9,2013,1,13.0,1.0,0,1.0,3,1,3,  ,3,3.0,0,0,1,0,0,1,0,0,0,0,0,0,0,0,0,0,0
17220,2013089952,1016.0,1014.0,21,21402,40.199,-77.1969,0,0,0,0,1,0,4,9,2013,7,10.0,1.0,0,1.0,2,1,3,  ,2,3.0,1,0,1,0,0,0,0,0,0,0,0,0,0,0,0,1,0
17221,2013090067,1348.0,1347.0,48,48409,40.6884,-75.4988,0,0,0,0,0,0,4,9,2013,7,13.0,1.0,7,1.0,3,0,3,  ,0,0.0,0,0,1,0,0,0,0,0,0,0,0,0,0,0,0,0,1
17222,2013090124,951.0,935.0,66,66229,40.0923,-76.8698,0,0,0,0,0,0,5,8,2013,1,9.0,1.0,0,1.0,1,0,3,  ,0,0.0,1,0,0,0,0,0,0,0,0,0,0,0,0,0,0,1,0
17223,2013090245,1642.0,1636.0,48,48209,40.7135,-75.324,0,0,0,0,0,0,4,9,2013,4,16.0,1.0,0,1.0,1,0,3,  ,0,0.0,0,0,1,0,0,0,0,0,0,0,0,0,0,0,0,0,1
17224,2013090266,1522.0,1522.0,64,64206,40.1258,-79.5514,0,0,0,0,0,0,4,8,2013,2,14.0,1.0,0,1.0,1,2,3,  ,2,3.0,0,0,1,0,0,0,0,0,0,0,0,0,0,0,0,0,0
17225,2013090419,1242.0,1238.0,41,41301,41.2372,-77.0323,0,0,0,0,0,0,4,9,2013,3,12.0,1.0,0,1.0,3,1,3,  ,3,3.0,1,0,1,0,0,0,0,0,0,0,0,0,0,0,0,0,0
17226,2013090434,1539.0,1531.0,66,66301,39.9708,-76.7039,0,0,0,0,0,1,4,9,2013,3,15.0,1.0,0,1.0,3,1,3,  ,3,3.0,0,0,1,0,0,0,0,0,0,0,0,0,0,0,0,0,0
17227,2013090440,1617.0,1609.0,35,35302,41.3989,-75.691,0,0,0,0,0,1,9,9,2013,3,14.0,1.0,0,1.0,3,1,3,  ,3,9.0,0,0,0,0,0,0,0,0,0,0,0,0,0,0,0,0,0
17228,2013090450,1657.0,1655.0,2,2448,40.4083,-79.8942,0,0,0,0,0,1,4,9,2013,3,16.0,1.0,0,1.0,3,2,3,  ,2,3.0,1,0,1,0,0,0,0,0,0,0,0,0,0,0,0,0,0
17229,2013090467,1640.0,1637.0,66,66301,39.962,-76.732,0,0,0,0,0,0,4,9,2013,3,16.0,1.0,0,1.0,3,2,3,  ,3,3.0,0,1,1,0,0,0,1,0,0,1,0,0,0,0,0,0,0
17230,2013090477,1528.0,1528.0,43,43404,41.1604,-80.0864,0,0,0,0,0,0,1,9,2013,5,15.0,1.0,0,1.0,2,0,3,  ,0,0.0,0,0,0,0,0,1,0,0,0,0,0,0,0,0,0,0,0
17231,2013090513,1906.0,1345.0,53,53215,40.8934,-75.9954,0,0,0,0,0,0,4,8,2013,2,19.0,1.0,0,1.0,1,2,3,  ,3,2.0,0,0,1,0,0,0,0,0,0,0,0,0,0,0,0,0,0
17232,2013090514,2115.0,2115.0,66,66413,39.8004,-76.9835,0,0,0,0,0,0,4,8,2013,7,21.0,3.0,7,1.0,2,0,3,  ,0,0.0,0,0,1,0,0,0,0,0,0,0,0,0,0,0,0,0,1
17233,2013090593,2010.0,2006.0,40,40416,41.2471,-75.9278,1,0,0,0,1,0,4,9,2013,5,20.0,2.0,0,1.0,3,3,3,  ,0,0.0,0,0,1,0,0,0,0,0,0,0,0,0,0,0,0,0,0
17234,2013090760,2123.0,2120.0,25,25302,42.1085,-80.0497,0,0,0,0,0,0,4,9,2013,3,21.0,2.0,0,1.0,3,1,3,  ,2,1.0,1,1,1,0,0,0,1,0,0,1,0,0,0,0,0,0,0
17235,2013090776,2035.0,2032.0,64,64412,40.314,-79.3885,0,0,0,0,0,0,4,8,2013,4,20.0,3.0,0,1.0,2,1,3,  ,3,3.0,0,0,1,0,0,0,0,0,0,0,0,0,0,0,0,0,0
17236,2013090820,815.0,811.0,66,66423,39.7606,-76.6995,0,1,0,0,0,0,1,8,2013,2,8.0,1.0,0,1.0,1,0,3,  ,0,0.0,1,0,0,0,0,0,0,0,0,0,0,0,0,1,0,0,0
17237,2013091056,1527.0,1525.0,21,21404,,,0,0,0,0,0,0,4,9,2013,2,15.0,1.0,0,1.0,3,1,3,  ,3,3.0,0,0,1,0,0,0,0,0,0,0,0,0,0,0,0,0,0
17238,2013091061,1208.0,1207.0,46,46102,40.0662,-75.1272,0,0,0,0,0,1,4,9,2013,5,12.0,1.0,0,1.0,3,2,3,  ,0,0.0,0,0,1,0,0,0,0,0,0,0,0,0,0,0,0,0,0
17239,2013091293,1810.0,1806.0,36,36101,40.0712,-76.3332,0,0,0,0,0,0,4,9,2013,5,18.0,1.0,7,1.0,3,0,3,  ,0,0.0,1,0,1,0,0,0,0,0,0,0,0,0,0,0,0,0,0
17240,2013091301,305.0,258.0,36,36301,40.0369,-76.2985,0,0,0,0,0,0,4,9,2013,6,2.0,2.0,0,9.0,3,1,3,  ,3,3.0,0,1,1,0,0,1,0,0,0,0,0,0,0,0,0,0,0
17241,2013091312,1904.0,1902.0,39,39405,40.5477,-75.4895,0,0,0,0,0,0,4,9,2013,3,19.0,4.0,0,1.0,3,1,3,  ,0,0.0,0,0,1,0,0,0,0,0,0,0,0,0,0,0,0,0,0
17242,2013091586,1640.0,1630.0,2,2301,40.466,-80.0143,0,0,0,0,0,0,4,9,2013,6,16.0,1.0,0,1.0,3,1,3,  ,3,3.0,0,0,1,0,0,0,0,0,0,0,0,0,0,0,0,0,0
17243,2013091679,1445.0,1445.0,67,67301,39.9797,-75.1538,0,0,0,0,0,1,4,9,2013,6,14.0,1.0,0,1.0,3,1,98,  ,3,3.0,0,0,1,0,0,0,0,0,0,0,0,0,0,0,0,0,0
17244,2013091853,1556.0,1556.0,48,48301,40.6096,-75.366,0,0,0,0,1,0,2,9,2013,5,15.0,1.0,0,1.0,3,1,3,  ,3,3.0,0,0,0,0,0,0,0,0,0,0,0,0,0,0,0,0,0
17245,2013091858,921.0,920.0,46,46104,40.0403,-75.3394,0,0,0,0,0,1,4,9,2013,2,9.0,1.0,0,1.0,3,1,3,  ,2,3.0,0,0,1,0,0,0,0,0,0,0,0,0,0,0,0,0,0
17246,2013091872,1002.0,955.0,14,14216,40.8076,-77.8929,0,0,0,0,0,0,4,9,2013,1,9.0,1.0,0,1.0,1,0,3,  ,0,0.0,0,0,1,0,0,0,0,0,0,0,0,0,0,0,0,0,0
17247,2013091888,1421.0,1413.0,14,14410,40.7934,-77.8602,0,0,0,0,0,1,4,9,2013,1,14.0,1.0,0,1.0,3,2,3,  ,2,3.0,0,0,1,0,0,0,0,0,0,0,0,0,0,0,0,0,0
17248,2013091902,1643.0,1639.0,23,23111,39.9559,-75.3182,0,0,0,0,0,0,4,9,2013,1,16.0,1.0,0,1.0,3,0,3,  ,0,0.0,0,0,1,0,0,0,0,0,0,0,0,0,0,0,0,1,0
17249,2013091908,1755.0,1709.0,39,39301,40.6124,-75.4973,0,0,0,0,0,0,2,9,2013,1,17.0,1.0,0,1.0,3,2,3,  ,0,0.0,0,0,0,0,0,0,0,0,0,0,0,0,0,0,0,0,0
17250,2013091986,1932.0,1932.0,66,66301,39.9601,-76.7197,0,0,0,0,0,1,4,9,2013,1,19.0,3.0,0,1.0,3,1,3,  ,2,3.0,1,0,1,0,0,0,0,0,0,0,0,0,0,0,0,0,0
17251,2013092211,1345.0,1345.0,53,53406,40.7854,-76.2363,0,0,0,0,0,1,4,9,2013,4,13.0,1.0,0,1.0,2,1,3,  ,3,3.0,0,0,1,0,0,0,0,0,0,0,0,0,0,0,0,0,0
17252,2013092529,1715.0,1653.0,4,4207,40.5796,-80.4695,0,0,0,0,0,0,4,9,2013,1,16.0,1.0,0,1.0,1,2,3,  ,3,3.0,1,0,1,0,0,0,0,0,0,0,0,0,0,0,0,0,0
17253,2013092660,1624.0,1615.0,7,7301,40.5016,-78.4039,0,0,0,0,0,1,4,9,2013,6,16.0,1.0,7,1.0,3,0,3,  ,0,0.0,0,0,1,0,0,0,0,0,0,0,0,0,0,0,0,0,0
17254,2013092701,2146.0,2141.0,40,40206,41.3714,-75.973,1,0,0,0,1,0,4,8,2013,6,21.0,2.0,0,1.0,1,3,3,  ,0,0.0,0,0,1,0,0,0,0,0,0,0,0,0,0,0,0,0,0
17255,2013092807,1849.0,1846.0,14,14204,,,0,0,0,0,0,0,4,9,2013,3,18.0,1.0,7,1.0,3,10,3,  ,0,0.0,0,0,1,0,0,0,0,0,0,0,0,0,0,0,0,0,1
17256,2013092935,741.0,737.0,46,46106,40.2595,-75.6136,0,0,0,0,0,1,4,9,2013,1,7.0,1.0,0,1.0,2,1,98,  ,2,3.0,0,0,1,0,0,0,0,0,0,0,0,0,0,0,0,1,0
17257,2013092946,815.0,800.0,2,2301,40.4629,-79.9478,0,0,0,0,0,0,4,9,2013,4,7.0,1.0,0,1.0,3,1,3,  ,2,3.0,0,0,1,0,0,0,0,0,0,0,0,0,0,0,0,0,0
17258,2013092986,1526.0,1526.0,3,3408,40.6747,-79.6858,0,0,0,0,1,0,4,9,2013,4,15.0,1.0,0,1.0,3,1,3,  ,3,3.0,0,0,1,0,0,0,0,0,0,0,0,0,0,0,0,0,0
17259,2013093019,1640.0,1634.0,35,35302,41.4108,-75.6842,0,0,0,0,0,0,4,9,2013,4,16.0,1.0,0,1.0,3,2,3,  ,3,3.0,0,0,1,0,0,0,0,0,0,0,0,0,0,0,0,0,0
17260,2013093033,855.0,850.0,67,67301,39.9915,-75.2266,0,0,0,0,0,1,4,8,2013,2,8.0,1.0,0,1.0,3,1,3,  ,2,3.0,0,0,1,0,0,0,0,0,0,0,0,0,0,0,0,0,0
17261,2013093035,1518.0,1510.0,67,67301,40.0329,-75.0759,0,0,0,0,0,0,4,8,2013,6,14.0,1.0,0,1.0,3,1,3,  ,3,3.0,0,0,1,0,0,0,0,0,0,0,0,0,0,0,0,0,0
17262,2013093038,605.0,559.0,67,67301,39.9277,-75.1571,0,0,1,0,0,0,6,8,2013,5,5.0,1.0,0,1.0,3,0,3,  ,0,0.0,0,0,0,0,1,0,0,0,0,0,0,0,0,0,0,0,0
17263,2013093043,24.0,24.0,67,67301,39.931,-75.1532,0,0,0,0,0,1,4,8,2013,1,0.0,3.0,0,1.0,3,1,3,  ,3,3.0,0,0,1,0,0,0,0,0,0,0,0,0,0,0,0,0,0
17264,2013093056,1305.0,1300.0,67,67301,40.0054,-75.1459,0,0,0,0,0,0,4,8,2013,7,13.0,1.0,0,9.0,3,1,3,  ,0,0.0,0,0,1,0,0,0,0,0,0,0,0,0,0,0,0,0,0
17265,2013093057,1440.0,1440.0,67,67301,39.9972,-75.1154,0,0,0,0,0,0,4,8,2013,7,14.0,1.0,0,1.0,3,1,3,  ,3,3.0,0,0,1,0,0,0,0,0,0,0,0,0,0,0,0,0,0
17266,2013093059,9999.0,451.0,67,67301,39.9974,-75.1275,0,0,0,0,0,0,4,8,2013,7,7.0,1.0,0,1.0,3,1,3,  ,0,0.0,0,0,1,0,0,0,0,0,0,0,0,0,0,0,0,0,0
17267,2013093072,1655.0,1651.0,67,67301,40.0455,-75.1394,0,0,0,0,1,0,4,8,2013,3,99.0,1.0,0,9.0,3,2,3,  ,3,3.0,0,0,1,0,0,0,0,0,0,0,0,0,0,0,0,0,0
17268,2013093078,1111.0,1106.0,67,67301,40.0566,-75.0132,0,0,0,0,1,0,4,8,2013,6,11.0,1.0,0,1.0,3,1,3,  ,2,3.0,0,0,1,0,0,0,0,0,0,0,0,0,0,0,0,0,0
17269,2013093102,2207.0,2202.0,67,67301,40.0243,-75.0567,0,0,0,0,0,0,1,8,2013,6,21.0,3.0,0,1.0,3,0,3,  ,0,0.0,0,0,0,0,0,0,0,0,0,0,0,0,0,0,0,0,0
17270,2013093111,1138.0,1134.0,67,67301,40.0112,-75.0604,0,0,0,0,0,0,5,8,2013,1,11.0,1.0,0,1.0,3,2,3,  ,0,0.0,0,0,0,0,0,0,0,0,0,0,0,0,0,0,0,0,0
17271,2013093117,1430.0,1430.0,67,67301,40.0275,-75.0623,0,0,0,0,0,1,4,8,2013,3,14.0,1.0,0,1.0,3,0,3,  ,0,0.0,0,0,1,0,0,0,0,0,0,0,0,0,0,0,0,1,0
17272,2013093132,1707.0,1705.0,67,67301,39.9465,-75.161,0,0,0,0,0,0,4,8,2013,5,17.0,1.0,0,1.0,3,1,3,  ,2,3.0,0,0,1,0,0,0,0,0,0,0,0,0,0,0,0,0,0
17273,2013093134,1222.0,1221.0,67,67301,39.957,-75.1571,0,0,0,0,0,0,4,8,2013,4,12.0,1.0,0,1.0,3,1,3,  ,2,3.0,0,0,1,0,0,0,0,0,0,0,0,0,0,0,0,1,0
17274,2013093138,1505.0,1500.0,67,67301,40.095,-74.9603,0,0,0,0,1,0,4,8,2013,1,14.0,1.0,0,1.0,3,2,3,  ,3,3.0,0,0,1,0,0,0,0,0,0,0,0,0,0,0,0,0,0
17275,2013093171,1840.0,1837.0,67,67301,40.0107,-75.1022,0,0,0,0,0,0,6,8,2013,2,18.0,1.0,0,1.0,3,0,3,  ,0,0.0,0,0,0,0,0,0,0,0,0,0,0,0,0,0,0,0,0
17276,2013093178,1555.0,1550.0,67,67301,39.9181,-75.171,0,0,0,0,0,0,4,8,2013,3,15.0,1.0,0,1.0,3,1,3,  ,2,3.0,0,0,1,0,0,0,0,0,0,0,0,0,0,0,0,0,0
17277,2013093179,1727.0,1722.0,67,67301,39.9229,-75.1679,0,0,0,0,0,0,4,8,2013,4,99.0,1.0,0,1.0,3,1,3,  ,2,3.0,0,0,1,0,0,0,0,0,0,0,0,0,0,0,0,1,0
17278,2013093180,2225.0,2215.0,67,67301,40.0336,-75.0468,0,0,0,0,0,0,4,8,2013,6,21.0,3.0,0,1.0,3,1,3,  ,2,3.0,1,0,1,0,0,0,0,0,0,0,0,0,0,0,0,0,0
17279,2013093188,9999.0,9999.0,67,67301,40.0062,-75.1912,0,0,0,0,0,0,4,8,2013,2,15.0,1.0,0,1.0,3,2,3,  ,0,0.0,0,0,1,0,0,0,0,0,0,0,0,0,0,0,0,0,0
17280,2013093193,1213.0,1212.0,67,67301,40.0711,-75.0111,0,0,0,0,0,0,4,8,2013,4,12.0,1.0,7,1.0,3,0,3,  ,0,0.0,1,0,1,0,0,0,0,0,0,0,0,0,0,0,0,0,0
17281,2013093197,1536.0,1536.0,67,67301,39.9379,-75.1537,0,0,0,0,0,0,4,8,2013,4,14.0,1.0,0,1.0,3,1,3,  ,3,3.0,0,0,1,0,0,0,0,0,0,0,0,0,0,0,0,0,0
17282,2013093210,2020.0,2019.0,67,67301,39.9821,-75.1605,0,0,0,0,0,0,4,8,2013,7,20.0,3.0,0,1.0,3,2,3,  ,2,3.0,0,0,1,0,0,0,0,0,0,0,0,0,0,1,0,0,0
17283,2013093323,1655.0,1652.0,35,35302,41.41,-75.6866,0,0,0,0,0,0,4,9,2013,4,16.0,1.0,0,1.0,3,1,3,  ,0,0.0,0,0,1,0,0,0,0,0,0,0,0,0,0,0,0,0,0
17284,2013093332,2010.0,2000.0,25,25302,42.1226,-80.0642,0,0,0,0,1,0,4,9,2013,4,18.0,1.0,0,1.0,3,1,3,  ,3,3.0,1,0,1,0,0,0,0,0,0,0,0,0,1,0,0,0,0
17285,2013093345,1759.0,1754.0,14,14410,40.8006,-77.8651,0,0,0,0,0,0,4,9,2013,6,17.0,1.0,0,1.0,3,0,3,  ,3,3.0,0,0,1,0,0,1,0,0,0,0,0,0,0,0,0,0,1
17286,2013093346,2033.0,2029.0,24,24301,41.4265,-78.5575,0,0,0,0,0,0,5,9,2013,4,20.0,3.0,0,1.0,2,1,3,  ,0,0.0,0,0,0,0,0,0,0,0,0,0,0,0,0,0,0,0,0
17287,2013093463,1725.0,1722.0,23,23111,39.952,-75.2772,0,0,0,0,0,0,4,9,2013,4,17.0,1.0,0,1.0,3,0,3,  ,0,0.0,0,0,1,0,0,0,0,0,0,0,0,0,0,0,0,1,0
17288,2013093496,1408.0,1408.0,25,25302,42.1169,-80.1057,0,0,0,0,1,0,4,9,2013,4,14.0,1.0,0,1.0,3,1,3,  ,3,3.0,1,0,1,0,0,0,0,0,0,0,0,0,0,0,0,1,0
17289,2013093566,9999.0,9999.0,67,67301,40.0455,-75.1432,0,0,0,0,0,0,4,8,2013,6,19.0,1.0,0,1.0,3,0,3,  ,0,0.0,0,0,1,0,0,0,0,0,0,0,0,0,0,0,0,0,0
17290,2013093569,1738.0,1736.0,67,67301,40.0605,-75.0572,0,0,0,0,0,0,4,8,2013,6,99.0,1.0,0,1.0,3,1,3,  ,0,0.0,0,0,1,0,0,0,0,0,0,0,0,0,0,0,0,0,0
17291,2013093573,1932.0,1928.0,67,67301,40.0343,-75.0746,0,0,0,0,0,1,4,8,2013,4,19.0,4.0,0,1.0,3,1,3,  ,2,3.0,0,0,1,0,0,0,0,0,0,0,0,0,0,0,0,0,0
17292,2013093647,1907.0,1850.0,59,59205,40.9911,-76.9738,0,0,0,0,0,1,5,9,2013,5,18.0,1.0,0,1.0,1,0,3,  ,0,0.0,0,0,0,0,0,0,0,0,0,0,0,0,0,0,0,0,0
17293,2013093833,1453.0,1449.0,15,15239,40.0499,-75.6357,0,1,0,0,0,1,5,9,2013,5,14.0,1.0,0,1.0,1,1,3,  ,2,3.0,1,0,0,0,0,0,0,0,0,0,0,0,0,0,0,0,0
17294,2013093858,1133.0,1122.0,36,36225,40.1782,-76.6236,0,0,0,0,0,0,4,9,2013,3,11.0,1.0,0,1.0,2,0,3,  ,0,0.0,0,0,1,0,0,0,0,0,0,0,0,0,0,0,0,0,0
17295,2013093886,2308.0,2305.0,67,67301,40.0868,-74.9718,0,0,0,0,0,1,4,7,2013,2,23.0,3.0,0,1.0,3,1,3,  ,2,3.0,0,0,1,0,0,0,0,0,0,0,0,0,0,0,0,0,0
17296,2013093899,1551.0,1550.0,46,46102,40.0784,-75.1474,0,1,0,0,0,1,4,9,2013,6,15.0,1.0,0,1.0,3,5,3,  ,2,3.0,0,0,1,0,0,0,0,0,0,0,0,0,0,0,0,1,0
17297,2013093990,1622.0,1609.0,6,6202,40.3624,-75.8376,0,0,0,0,0,0,4,9,2013,6,15.0,1.0,0,1.0,1,2,3,  ,3,3.0,0,0,1,0,0,0,0,0,0,0,0,0,0,0,0,0,0
17298,2013094037,549.0,545.0,37,37301,41.0024,-80.3444,0,0,0,0,0,0,8,9,2013,3,5.0,3.0,0,1.0,2,1,3,  ,2,3.0,0,0,0,0,0,0,0,0,0,0,0,0,0,0,0,0,0
17299,2013094056,1552.0,1551.0,6,6405,40.331,-75.6444,0,0,0,0,0,0,4,9,2013,6,15.0,1.0,0,1.0,1,1,3,  ,0,0.0,0,0,1,0,0,0,0,0,0,0,0,0,0,0,0,0,0
17300,2013094191,1855.0,1726.0,10,10422,40.7927,-80.1364,0,0,0,0,1,0,4,9,2013,4,17.0,1.0,0,1.0,1,0,3,  ,0,0.0,0,0,1,0,0,0,0,0,0,0,0,0,0,0,0,0,0
17301,2013094291,2317.0,2317.0,23,23423,39.9086,-75.2737,0,0,0,0,0,0,4,9,2013,7,23.0,3.0,7,9.0,3,2,7,  ,2,3.0,0,0,1,0,0,0,0,0,0,0,0,0,0,0,0,0,0
17302,2013094335,1452.0,1448.0,28,28401,39.9135,-77.6588,0,0,0,0,1,0,4,9,2013,3,14.0,1.0,0,1.0,1,2,3,  ,3,3.0,1,0,1,0,0,1,0,0,0,0,0,0,0,0,0,0,0
17303,2013094359,1054.0,1053.0,9,9101,40.0877,-74.9021,0,0,0,0,1,0,5,9,2013,1,10.0,1.0,0,1.0,3,0,3,  ,0,0.0,0,0,0,0,0,0,0,0,0,0,0,0,0,0,0,1,0
17304,2013094387,1315.0,1312.0,9,9226,40.2102,-75.1254,0,0,0,0,0,1,4,9,2013,1,13.0,1.0,0,1.0,3,2,3,  ,3,3.0,1,0,1,0,0,0,0,0,0,0,0,0,1,0,0,0,0
17305,2013094409,1958.0,1955.0,25,25101,42.1532,-80.0233,0,1,0,0,1,0,4,9,2013,5,19.0,3.0,0,1.0,3,2,3,  ,2,3.0,0,0,1,0,0,0,0,0,0,0,0,0,0,0,0,0,0
17306,2013094413,1858.0,1855.0,2,2301,40.4391,-79.9195,0,0,0,0,0,0,4,9,2013,3,18.0,1.0,0,1.0,3,2,3,  ,3,3.0,0,0,1,0,0,0,0,0,0,0,0,0,0,0,0,0,0
17307,2013094701,1516.0,1514.0,39,39302,40.6259,-75.3974,0,0,0,0,0,0,4,9,2013,5,15.0,1.0,0,1.0,3,2,3,  ,0,0.0,1,0,1,0,0,0,0,0,0,0,0,0,0,0,0,0,0
17308,2013094710,,,25,25404,41.8715,-80.1301,0,0,0,0,0,0,4,8,2013,2,17.0,1.0,0,9.0,2,1,3,  ,2,3.0,1,0,1,0,0,0,0,0,0,0,0,0,0,0,0,0,0
17309,2013094843,1443.0,1440.0,23,23103,39.9871,-75.3094,0,0,0,0,0,0,5,9,2013,7,14.0,1.0,0,1.0,3,0,3,  ,0,0.0,0,0,0,0,0,0,0,0,0,0,0,0,0,0,0,0,0