,CRN,ARRIVAL_TM,DISPATCH_TM,COUNTY,MUNICIPALITY,DEC_LAT,DEC_LONG,BICYCLE_DEATH_COUNT,BICYCLE_SUSP_SERIOUS_INJ_COUNT,BUS_COUNT,HEAVY_TRUCK_COUNT,SMALL_TRUCK_COUNT,SUV_COUNT,COLLISION_TYPE,CRASH_MONTH,CRASH_YEAR,DAY_OF_WEEK,HOUR_OF_DAY,ILLUMINATION,LOCATION_TYPE,ROAD_CONDITION,URBAN_RURAL,INTERSECT_TYPE,WEATHER1,WEATHER2,TCD_TYPE,TCD_FUNC_CD,AGGRESSIVE_DRIVING,ALCOHOL_RELATED,ANGLE_CRASH,CELL_PHONE,COMM_VEHICLE,DISTRACTED,DRINKING_DRIVER,DRUGGED_DRIVER,FATIGUE_ASLEEP,IMPAIRED_DRIVER,NHTSA_AGG_DRIVING,RUNNING_RED_LT,RUNNING_STOP_SIGN,SPEEDING_RELATED,TAILGATING,MATURE_DRIVER,YOUNG_DRIVER
17310,2013095389,2125.0,2120.0,53,53428,40.7974,-75.9681,0,0,0,0,1,0,4,9,2013,2,21.0,3.0,0,1.0,1,2,3,  ,3,3.0,0,0,1,0,0,0,0,0,0,0,0,0,0,0,0,0,0
17311,2013095417,1924.0,1923.0,46,46411,40.2314,-75.2798,0,0,0,0,0,0,5,9,2013,3,19.0,3.0,0,1.0,3,1,3,  ,2,3.0,1,0,0,0,0,0,0,0,0,0,0,0,0,0,0,0,0
17312,2013095420,35.0,35.0,4,4301,40.7696,-80.3238,0,1,0,0,0,1,4,9,2013,4,0.0,3.0,0,1.0,3,2,3,  ,0,0.0,0,0,1,0,0,0,0,0,0,0,0,0,0,0,0,0,0
17313,2013095603,1605.0,1603.0,2,2302,40.2893,-79.8844,0,0,0,0,0,0,4,9,2013,4,15.0,1.0,0,1.0,3,1,3,  ,3,3.0,0,0,1,0,0,0,0,0,0,0,0,0,0,0,0,0,0
17314,2013095777,1809.0,1803.0,22,22202,40.266,-76.6958,0,0,0,0,0,0,4,9,2013,4,18.0,1.0,7,1.0,3,0,3,  ,0,0.0,0,0,1,0,0,0,0,0,0,0,0,0,0,0,0,0,1
17315,2013095869,713.0,711.0,46,46113,40.2202,-75.2481,0,0,0,0,0,0,4,9,2013,5,7.0,1.0,0,1.0,3,2,3,  ,0,0.0,0,0,1,0,0,0,0,0,0,0,0,0,0,0,0,0,0
17316,2013095944,1419.0,1411.0,67,67301,39.973,-75.2185,0,0,0,0,0,1,6,8,2013,7,14.0,1.0,0,1.0,3,3,3,  ,3,3.0,0,0,0,0,0,0,0,0,0,0,0,0,0,0,0,0,0
17317,2013095966,1239.0,1237.0,67,67301,39.9392,-75.1933,0,0,0,0,1,0,4,8,2013,5,12.0,1.0,7,9.0,3,2,7,  ,2,3.0,0,0,1,0,0,1,0,0,0,0,0,0,0,0,0,0,0
17318,2013096002,1055.0,1050.0,67,67301,40.0425,-75.0744,0,0,0,0,0,0,4,8,2013,2,10.0,1.0,0,1.0,3,2,3,  ,0,0.0,0,0,1,0,0,0,0,0,0,0,0,0,0,0,0,0,0
17319,2013096039,1715.0,1705.0,67,67301,39.963,-75.1662,0,0,0,0,0,0,4,8,2013,5,16.0,1.0,0,9.0,3,1,3,  ,2,3.0,0,0,1,0,0,0,0,0,0,0,0,0,0,0,0,0,0
17320,2013096041,2242.0,2235.0,67,67301,40.0485,-75.2353,0,0,0,0,0,1,4,8,2013,1,22.0,3.0,0,1.0,3,1,3,  ,2,3.0,0,0,1,0,0,0,0,0,0,0,0,0,0,0,0,0,0
17321,2013096044,2240.0,2240.0,67,67301,39.9422,-75.1539,0,0,0,0,0,1,5,8,2013,6,22.0,3.0,0,1.0,3,1,3,  ,0,0.0,0,0,0,0,0,0,0,0,0,0,0,0,0,0,0,0,0
17322,2013096057,2050.0,2042.0,67,67301,39.9536,-75.2161,0,0,0,0,0,0,5,8,2013,7,15.0,1.0,0,1.0,3,0,3,  ,0,0.0,0,0,0,0,0,0,0,0,0,0,0,0,0,0,0,0,0
17323,2013096059,1330.0,1320.0,67,67301,39.9933,-75.137,0,0,0,0,0,0,4,8,2013,5,13.0,1.0,0,1.0,3,1,3,  ,3,3.0,0,0,1,0,0,0,0,0,0,0,0,0,0,0,0,0,0
17324,2013096061,9999.0,9999.0,67,67301,39.9627,-75.1631,0,0,0,0,0,0,4,8,2013,7,23.0,3.0,0,1.0,3,1,3,  ,2,3.0,0,0,1,0,0,0,0,0,0,0,0,0,0,0,0,0,0
17325,2013096064,629.0,629.0,67,67301,39.9793,-75.1627,0,0,0,0,0,0,4,8,2013,1,6.0,1.0,0,1.0,3,1,3,  ,2,3.0,0,0,1,0,0,0,0,0,0,0,0,0,0,0,0,0,0
17326,2013096078,1912.0,1908.0,67,67301,39.9591,-75.2036,0,0,0,0,0,0,4,8,2013,7,10.0,1.0,0,1.0,3,1,3,  ,3,3.0,1,0,1,0,0,0,0,0,0,0,0,0,1,0,0,0,0
17327,2013096085,9999.0,9999.0,67,67301,40.0007,-75.148,0,0,0,0,1,0,4,8,2013,5,17.0,1.0,0,1.0,3,0,3,  ,0,0.0,0,0,1,0,0,0,0,0,0,0,0,0,0,0,0,0,0
17328,2013096086,9999.0,2303.0,67,67301,40.0093,-75.1148,0,0,0,0,0,1,6,8,2013,7,22.0,3.0,0,9.0,3,0,3,  ,0,0.0,0,0,0,0,0,0,0,0,0,0,0,0,0,0,0,0,0
17329,2013096092,1753.0,1749.0,67,67301,39.9428,-75.1825,0,0,0,0,0,0,6,8,2013,2,17.0,1.0,0,1.0,3,0,3,  ,0,0.0,0,0,0,0,0,0,0,0,0,0,0,0,0,0,0,0,0
17330,2013096093,1911.0,1905.0,67,67301,39.9157,-75.152,0,0,0,0,0,0,4,8,2013,4,19.0,1.0,0,9.0,3,2,7,  ,3,3.0,1,0,1,0,0,0,0,0,0,0,0,0,0,0,0,1,0
17331,2013096108,1744.0,1741.0,67,67301,39.9614,-75.243,0,0,0,0,0,0,4,8,2013,3,17.0,1.0,0,1.0,3,0,3,  ,0,0.0,0,0,1,0,0,0,0,0,0,0,0,0,0,0,0,0,0
17332,2013096117,9999.0,1700.0,67,67301,40.006,-75.0919,0,0,0,0,0,0,4,8,2013,6,20.0,3.0,0,1.0,3,1,99,  ,2,3.0,0,0,1,0,0,0,0,0,0,0,0,0,0,0,0,0,0
17333,2013096121,2105.0,2059.0,67,67301,40.0636,-75.0243,0,0,0,0,1,0,4,8,2013,6,18.0,1.0,0,1.0,3,2,3,  ,0,0.0,0,0,1,0,0,0,0,0,0,0,0,0,0,0,0,0,0
17334,2013096133,9999.0,1543.0,67,67301,39.9511,-75.1981,0,0,0,0,0,0,5,8,2013,3,15.0,1.0,0,1.0,3,0,3,  ,0,0.0,0,0,0,0,0,0,0,0,0,0,0,0,0,0,0,0,0
17335,2013096137,209.0,205.0,67,67301,39.9826,-75.2307,0,0,0,0,0,0,4,8,2013,1,0.0,3.0,0,1.0,3,1,3,  ,2,3.0,0,0,1,0,0,0,0,0,0,0,0,0,0,0,0,0,0
17336,2013096177,1700.0,1657.0,37,37403,40.859,-80.2923,0,0,0,0,0,1,4,7,2013,5,16.0,1.0,0,1.0,3,1,3,  ,3,2.0,0,0,1,0,0,1,0,0,0,0,0,0,0,0,0,1,0
17337,2013096272,1819.0,1817.0,40,40414,41.2646,-75.8902,0,0,0,0,0,0,4,9,2013,3,18.0,1.0,0,1.0,3,1,3,  ,2,3.0,0,0,1,0,0,0,0,0,0,0,0,0,0,0,0,0,0
17338,2013096316,1927.0,1924.0,48,48417,40.6813,-75.2393,0,0,0,0,0,0,4,9,2013,4,19.0,1.0,0,1.0,3,1,3,  ,3,3.0,0,0,1,0,0,0,0,0,0,0,0,0,0,0,0,0,1
17339,2013096444,2025.0,2020.0,67,67301,40.0289,-75.208,0,0,0,0,0,1,4,8,2013,1,20.0,3.0,0,1.0,3,1,3,  ,3,3.0,0,0,1,0,0,0,0,0,0,0,0,0,0,0,0,0,0
17340,2013096448,1225.0,9999.0,67,67301,39.9691,-75.1377,0,0,0,0,0,0,4,8,2013,6,12.0,1.0,0,1.0,3,2,3,  ,3,3.0,0,0,1,0,0,0,0,0,0,0,0,0,0,0,0,0,0
17341,2013096461,1547.0,1540.0,67,67301,39.9279,-75.1487,0,0,0,0,0,0,4,8,2013,7,15.0,1.0,0,1.0,3,1,3,  ,3,3.0,0,0,1,0,0,0,0,0,0,0,0,0,0,0,0,0,0
17342,2013096468,9999.0,9999.0,67,67301,40.0062,-75.1408,0,0,0,0,0,0,4,8,2013,3,17.0,1.0,0,1.0,3,1,3,  ,3,3.0,0,0,1,0,0,1,0,0,0,0,0,0,0,0,0,0,0
17343,2013096519,1928.0,1923.0,45,45404,40.9826,-75.208,0,0,0,0,0,0,2,9,2013,5,99.0,3.0,0,1.0,2,0,3,  ,0,0.0,0,0,0,0,0,1,0,0,0,0,0,0,0,0,0,0,0
17344,2013096821,1726.0,1724.0,66,66430,39.9521,-76.7533,0,0,0,0,0,1,4,9,2013,1,17.0,1.0,0,1.0,3,1,3,  ,3,3.0,0,0,1,0,0,0,0,0,0,0,0,0,0,0,0,0,0
17345,2013096897,1548.0,1547.0,6,6429,40.3295,-75.9718,0,0,0,0,0,0,4,9,2013,6,15.0,1.0,7,1.0,3,0,3,  ,0,0.0,0,0,1,0,0,0,0,0,0,0,0,0,0,0,0,1,0
17346,2013096926,1450.0,1447.0,2,2301,40.4598,-79.9158,0,0,0,0,0,1,4,9,2013,1,14.0,1.0,0,1.0,3,2,3,  ,2,3.0,0,0,1,0,0,0,0,0,0,0,0,0,0,0,0,0,0
17347,2013097009,102.0,59.0,38,38101,40.3318,-76.5163,0,0,0,0,0,0,4,9,2013,1,0.0,3.0,0,1.0,2,1,3,  ,3,3.0,0,0,1,0,0,0,0,0,0,0,0,0,0,0,0,0,0
17348,2013097087,659.0,654.0,2,2301,40.4559,-79.942,0,0,0,0,0,0,4,9,2013,6,6.0,1.0,0,1.0,3,2,3,  ,2,3.0,0,0,1,0,0,0,0,0,0,0,0,0,0,0,0,0,0
17349,2013097143,2307.0,2300.0,19,19404,41.0467,-76.2765,0,0,0,0,0,0,4,9,2013,7,22.0,2.0,7,9.0,2,0,7,  ,0,0.0,1,0,1,0,0,0,0,0,0,0,0,0,0,0,0,0,0
17350,2013097160,1906.0,1906.0,21,21208,40.2397,-77.2007,0,0,0,0,0,1,8,9,2013,7,19.0,1.0,0,1.0,1,0,3,  ,0,0.0,0,0,0,0,0,0,0,0,0,0,0,0,0,0,0,0,0
17351,2013097196,1659.0,1656.0,36,36405,40.2331,-76.1372,0,0,0,0,0,0,4,9,2013,2,16.0,1.0,0,1.0,1,1,3,  ,2,3.0,0,0,1,0,0,0,0,0,0,0,0,0,0,0,0,0,0
17352,2013097374,1539.0,1531.0,48,48206,40.6571,-75.3797,0,0,0,0,0,1,6,9,2013,5,15.0,1.0,0,1.0,3,0,3,  ,0,0.0,0,0,0,0,0,0,0,0,0,0,0,0,0,0,0,1,0
17353,2013097378,1634.0,1629.0,66,66233,39.8753,-76.5806,0,1,0,0,1,0,4,9,2013,4,16.0,1.0,0,1.0,1,2,3,  ,3,3.0,0,0,1,0,0,0,0,0,0,0,0,0,0,0,0,0,0
17354,2013097691,1313.0,1309.0,45,45214,40.9908,-75.2168,0,0,0,0,0,0,8,9,2013,1,10.0,1.0,0,1.0,1,0,3,  ,0,0.0,0,0,0,0,0,0,0,0,0,0,0,0,0,0,0,0,0
17355,2013097801,1856.0,1856.0,1,1203,39.8071,-77.0105,0,0,0,0,0,1,4,10,2013,3,18.0,4.0,0,1.0,1,2,3,  ,3,3.0,0,1,1,0,0,0,1,0,0,1,0,0,0,0,0,0,0
17356,2013097898,1258.0,1251.0,14,14410,40.7946,-77.8665,0,0,0,0,0,0,6,9,2013,5,12.0,1.0,0,1.0,3,0,3,  ,0,0.0,0,0,0,0,0,0,0,0,0,0,0,0,0,0,0,0,0
17357,2013097994,929.0,926.0,46,46104,40.0106,-75.2959,0,0,0,0,0,0,4,9,2013,5,9.0,1.0,7,1.0,3,0,3,  ,0,0.0,0,0,1,0,0,0,0,0,0,0,0,0,0,0,0,0,0
17358,2013098199,1232.0,1232.0,61,61301,41.845,-79.1494,0,0,0,0,0,0,4,9,2013,6,12.0,1.0,0,1.0,2,1,3,  ,2,3.0,0,0,1,0,0,0,0,0,0,0,0,0,0,0,0,0,0
17359,2013098282,1947.0,1945.0,23,23411,39.9009,-75.3012,0,0,0,0,0,1,4,9,2013,2,19.0,4.0,0,1.0,3,0,3,  ,2,3.0,0,0,1,0,0,0,0,0,0,0,0,0,0,0,0,0,0
17360,2013098296,1020.0,1010.0,35,35302,41.4257,-75.6453,0,0,0,0,0,0,2,10,2013,5,9.0,1.0,0,1.0,3,0,3,  ,0,0.0,0,0,0,1,0,1,0,0,0,0,0,0,0,0,0,0,0
17361,2013098305,1523.0,1519.0,9,9101,40.1695,-74.8391,0,0,0,0,1,0,4,9,2013,7,15.0,1.0,0,1.0,3,0,3,  ,0,0.0,0,0,1,0,0,0,0,0,0,0,0,0,0,0,0,0,0
17362,2013098318,741.0,736.0,41,41403,41.2004,-77.2745,0,0,0,0,0,1,4,10,2013,5,7.0,1.0,0,1.0,1,1,5,  ,3,3.0,0,0,1,0,0,0,0,0,0,0,0,0,0,0,0,0,0
17363,2013098369,1536.0,1531.0,67,67301,39.9608,-75.1435,0,0,0,0,0,0,4,8,2013,5,15.0,1.0,0,1.0,3,1,3,  ,2,3.0,0,0,1,0,0,0,0,0,0,0,0,0,0,0,0,0,0
17364,2013098376,834.0,834.0,67,67301,39.9791,-75.1611,0,0,0,0,0,1,4,9,2013,6,8.0,1.0,0,1.0,3,1,3,  ,2,3.0,0,0,1,0,0,0,0,0,0,0,0,0,0,0,0,0,0
17365,2013098384,1712.0,1712.0,67,67301,39.9736,-75.2322,0,1,0,0,1,0,4,8,2013,3,13.0,1.0,0,1.0,3,1,3,  ,3,3.0,0,0,1,0,0,0,0,0,0,0,0,0,0,0,0,0,0
17366,2013098419,1451.0,1449.0,67,67301,39.9277,-75.2312,0,0,0,0,0,0,5,8,2013,5,14.0,1.0,0,1.0,3,0,3,  ,0,0.0,0,0,0,0,0,0,0,0,0,0,0,0,0,0,0,0,0
17367,2013098421,1742.0,1742.0,67,67301,39.9998,-75.1148,0,0,0,0,0,0,4,9,2013,1,17.0,1.0,0,1.0,3,1,3,  ,2,3.0,0,0,1,0,0,0,0,0,0,0,0,0,0,0,0,0,0
17368,2013098426,9999.0,1928.0,67,67301,39.9769,-75.1657,0,0,0,0,0,0,4,9,2013,2,19.0,1.0,0,1.0,3,0,3,  ,0,0.0,0,0,1,0,0,0,0,0,0,0,0,0,0,0,0,0,0
17369,2013098440,2215.0,2212.0,67,67301,39.9505,-75.1926,0,0,0,0,0,0,4,9,2013,3,22.0,3.0,0,1.0,3,1,3,  ,2,3.0,0,0,1,0,0,0,0,0,0,0,0,0,0,0,0,0,0
17370,2013098442,1242.0,1238.0,67,67301,40.0511,-75.0745,0,0,0,0,0,0,8,9,2013,1,12.0,1.0,0,1.0,3,0,3,  ,0,0.0,1,0,0,0,0,0,0,0,0,0,0,0,0,0,0,0,0
17371,2013098627,1934.0,1921.0,11,11220,40.3817,-78.6728,0,0,0,0,0,1,4,9,2013,1,19.0,4.0,0,1.0,1,3,3,  ,0,0.0,0,0,1,0,0,0,0,0,0,0,0,0,0,0,0,0,1
17372,2013098875,1714.0,1709.0,48,48418,40.6899,-75.2431,0,0,0,0,0,0,4,10,2013,6,17.0,1.0,0,1.0,3,2,3,  ,3,3.0,0,0,1,0,0,0,0,0,0,0,0,0,0,0,0,0,0
17373,2013098903,2242.0,2240.0,46,46413,40.1165,-75.3405,0,0,0,0,0,0,4,10,2013,6,22.0,3.0,0,1.0,3,1,3,  ,2,3.0,0,0,1,0,0,0,0,0,0,0,0,0,0,0,0,0,0
17374,2013098959,1736.0,1736.0,18,18213,41.0851,-77.4647,0,0,0,0,0,1,4,10,2013,5,17.0,1.0,0,1.0,1,2,3,  ,0,0.0,1,0,1,0,0,0,0,0,0,0,0,0,0,0,0,0,0
17375,2013098997,1606.0,1604.0,23,23112,39.9643,-75.3542,0,0,0,0,0,1,4,10,2013,6,16.0,1.0,0,1.0,3,1,3,  ,2,3.0,0,0,1,0,0,0,0,0,0,0,0,0,0,0,0,0,0
17376,2013099229,1306.0,1306.0,2,2446,40.4375,-79.77,0,0,0,0,0,0,4,10,2013,7,13.0,1.0,7,1.0,3,0,3,  ,0,0.0,1,0,1,0,0,0,0,0,0,0,0,0,0,0,0,0,0
17377,2013099249,1401.0,1359.0,2,2118,40.5247,-79.9621,0,0,0,0,0,0,4,10,2013,7,99.0,1.0,0,1.0,3,1,3,  ,2,3.0,0,0,1,0,0,0,0,0,0,0,0,0,0,0,0,0,0
17378,2013099263,1435.0,1432.0,46,46416,40.2566,-75.6372,0,0,0,0,0,0,2,10,2013,7,14.0,1.0,0,1.0,2,2,3,  ,3,3.0,0,0,0,0,0,0,0,0,0,0,0,0,0,0,0,0,0
17379,2013099309,1650.0,1643.0,25,25302,42.1223,-80.0788,0,0,0,0,0,0,4,9,2013,6,16.0,1.0,0,1.0,3,1,3,  ,3,3.0,0,0,1,0,0,0,0,0,0,0,0,0,0,0,0,0,0
17380,2013099371,1855.0,1852.0,35,35302,41.4057,-75.6639,0,0,0,0,0,1,4,10,2013,1,18.0,3.0,0,1.0,3,2,3,  ,0,0.0,0,0,1,0,0,0,0,0,0,0,0,0,0,0,0,0,0
17381,2013099420,2108.0,2057.0,40,40414,41.2698,-75.8884,0,0,0,0,0,0,4,9,2013,7,20.0,3.0,0,9.0,3,2,7,  ,3,3.0,0,0,1,0,0,0,0,0,0,0,0,0,0,0,0,0,0
17382,2013099452,655.0,652.0,25,25302,42.1333,-80.0251,0,0,0,0,0,0,4,10,2013,5,6.0,1.0,0,1.0,3,1,3,  ,2,3.0,0,0,1,0,0,0,0,0,0,0,0,0,0,0,0,0,0
17383,2013099514,755.0,755.0,21,21402,40.2054,-77.1885,0,0,0,0,0,0,4,10,2013,5,7.0,1.0,0,1.0,2,1,3,  ,0,0.0,0,0,1,0,0,0,0,0,0,0,0,0,0,0,0,0,0
17384,2013099529,1300.0,1251.0,23,23109,,,0,0,0,0,0,0,5,10,2013,7,12.0,1.0,0,1.0,3,0,3,  ,0,0.0,0,0,0,0,0,0,0,0,0,0,0,0,0,0,0,0,0
17385,2013099751,1516.0,1500.0,28,28201,39.8317,-77.6524,0,0,0,0,1,0,4,9,2013,6,14.0,1.0,0,1.0,1,0,3,  ,0,0.0,0,0,1,0,0,0,0,0,0,0,0,0,0,0,0,0,0
17386,2013099833,1749.0,1749.0,2,2301,40.4468,-80.0175,0,0,0,0,0,0,4,10,2013,2,17.0,1.0,0,1.0,3,2,3,  ,2,3.0,1,1,1,0,0,0,1,0,0,1,0,0,0,0,0,0,0
17387,2013099875,1846.0,1844.0,10,10301,40.8611,-79.9022,0,0,0,0,0,1,4,10,2013,5,18.0,1.0,0,1.0,2,2,3,  ,3,3.0,1,1,1,0,0,0,1,0,0,1,0,0,0,0,0,1,0
17388,2013100009,1415.0,1404.0,36,36301,40.0381,-76.3042,0,0,0,0,0,0,5,10,2013,4,14.0,1.0,0,1.0,3,0,3,  ,0,0.0,0,0,0,0,0,0,0,0,0,0,0,0,0,0,0,1,0
17389,2013100064,1535.0,1530.0,22,22208,40.3342,-76.7832,0,0,0,0,0,0,4,9,2013,3,15.0,1.0,0,1.0,3,1,3,  ,3,3.0,1,0,1,0,0,0,0,0,0,0,0,0,0,0,0,0,1
17390,2013100101,1327.0,1325.0,36,36220,40.0268,-76.3279,0,0,0,0,0,1,4,10,2013,3,13.0,1.0,0,1.0,3,2,3,  ,3,3.0,1,0,1,0,0,0,0,0,0,0,0,0,0,0,0,0,0
17391,2013100105,2315.0,2315.0,46,46405,40.0764,-75.2948,0,0,0,0,0,0,4,9,2013,6,23.0,3.0,0,1.0,3,1,3,  ,3,9.0,1,1,1,0,0,0,1,0,0,1,1,0,0,0,0,0,0
17392,2013100190,1443.0,1440.0,39,39405,40.5394,-75.5202,0,0,0,0,0,0,4,10,2013,4,14.0,1.0,0,1.0,3,2,3,  ,3,3.0,1,0,1,0,0,0,0,0,0,0,0,0,0,0,0,0,1
17393,2013100499,1537.0,1535.0,5,5403,40.0107,-78.3699,0,0,0,0,1,0,4,9,2013,2,15.0,1.0,0,1.0,1,0,3,  ,0,0.0,0,0,1,0,0,0,0,0,0,0,0,0,0,0,0,1,0
17394,2013100553,1604.0,1602.0,46,46110,40.1574,-75.1224,0,1,0,0,0,0,4,8,2013,5,16.0,1.0,0,1.0,3,0,3,  ,0,0.0,0,0,1,0,0,0,0,0,0,0,0,0,0,0,0,0,0
17395,2013100556,728.0,726.0,46,46110,40.1433,-75.1142,0,0,0,0,0,0,4,9,2013,5,7.0,1.0,0,1.0,3,0,3,  ,0,0.0,1,0,1,0,0,0,0,0,0,0,0,0,0,0,0,1,0
17396,2013100560,1432.0,1429.0,46,46204,40.1878,-75.1113,0,0,0,0,0,1,4,9,2013,7,14.0,1.0,0,1.0,3,1,3,  ,0,0.0,1,0,1,0,0,0,0,0,0,0,1,0,0,0,0,1,0
17397,2013100561,1558.0,1555.0,46,46110,40.1464,-75.1178,0,0,0,0,0,0,4,9,2013,2,15.0,1.0,0,1.0,3,2,3,  ,3,3.0,0,0,1,0,0,0,0,0,0,0,0,0,0,0,0,0,0
17398,2013100689,1255.0,1254.0,62,62217,40.2327,-80.3818,0,2,0,0,0,0,4,10,2013,1,12.0,1.0,0,1.0,1,0,3,  ,0,0.0,0,0,1,0,0,0,0,0,0,0,0,0,0,0,0,0,0
17399,2013100954,1606.0,1606.0,23,23301,39.8512,-75.3734,0,0,0,0,0,1,4,10,2013,7,16.0,1.0,1,1.0,3,0,3,  ,0,0.0,0,0,1,0,0,0,0,0,0,0,0,0,0,0,0,0,0
17400,2013100958,652.0,648.0,36,36101,40.1146,-76.245,0,0,0,0,0,0,4,10,2013,5,6.0,2.0,0,9.0,3,2,7,  ,3,3.0,1,0,1,0,0,0,0,0,0,0,0,0,0,0,0,0,0
17401,2013100986,1935.0,1930.0,67,67301,39.9987,-75.1182,0,0,0,0,0,0,6,9,2013,6,19.0,1.0,0,1.0,3,1,3,  ,0,0.0,0,0,0,0,0,0,0,0,0,0,0,0,0,0,0,0,0
17402,2013101011,1722.0,1722.0,67,67301,39.9552,-75.1983,0,0,0,0,0,1,5,9,2013,5,14.0,1.0,0,1.0,3,1,3,  ,2,3.0,0,0,0,0,0,0,0,0,0,0,0,0,0,0,0,0,0
17403,2013101031,1954.0,1952.0,67,67301,40.0364,-75.0801,0,0,0,0,0,0,4,9,2013,6,19.0,4.0,7,1.0,3,0,3,  ,0,0.0,0,0,1,0,0,1,0,0,0,0,0,0,0,0,0,0,0
17404,2013101039,1132.0,1132.0,67,67301,39.9414,-75.1477,0,0,0,0,0,0,5,9,2013,6,11.0,1.0,0,1.0,3,0,3,  ,0,0.0,0,0,0,0,0,0,0,0,0,0,0,0,0,0,0,0,0
17405,2013101047,1643.0,1642.0,67,67301,39.9777,-75.1615,0,0,0,0,1,0,5,9,2013,6,16.0,1.0,0,1.0,3,0,3,  ,0,0.0,0,0,0,0,0,0,0,0,0,0,0,0,0,0,0,0,0
17406,2013101051,1735.0,1732.0,67,67301,40.0292,-75.1066,0,0,0,0,0,1,4,7,2013,5,17.0,1.0,0,1.0,3,0,3,  ,2,3.0,0,0,1,0,0,0,0,0,0,0,0,0,0,0,0,0,0
17407,2013101059,2147.0,2144.0,67,67301,39.9543,-75.2139,0,0,0,0,0,0,4,9,2013,4,21.0,3.0,0,1.0,3,1,3,  ,3,3.0,1,0,1,0,0,0,0,0,0,0,0,0,0,0,0,0,0
17408,2013101063,1205.0,9999.0,67,67301,39.951,-75.1974,0,0,0,0,0,0,5,9,2013,5,11.0,1.0,0,1.0,3,0,3,  ,0,0.0,0,0,0,0,0,0,0,0,0,0,0,0,0,0,0,0,0
17409,2013101065,441.0,440.0,67,67301,39.9556,-75.1575,0,0,0,0,0,0,4,9,2013,7,4.0,3.0,0,1.0,3,1,3,  ,2,3.0,0,0,1,0,0,0,0,0,0,0,0,0,0,0,0,0,0
17410,2013101082,1615.0,1611.0,67,67301,39.9392,-75.2352,0,0,0,0,0,1,4,9,2013,7,16.0,1.0,0,1.0,3,2,3,  ,0,0.0,0,0,1,0,0,0,0,0,0,0,0,0,0,0,0,0,0
17411,2013101084,1905.0,1859.0,67,67301,39.9638,-75.1729,0,0,0,0,0,0,4,9,2013,4,18.0,1.0,0,1.0,3,1,3,  ,2,3.0,0,0,1,0,0,0,0,0,0,0,0,0,0,0,0,0,0
17412,2013101102,515.0,513.0,67,67301,39.9849,-75.1265,0,0,0,0,0,0,4,9,2013,3,5.0,1.0,0,1.0,3,2,3,  ,3,2.0,0,0,1,0,0,0,0,0,0,0,0,0,0,0,0,0,0
17413,2013101121,9999.0,9999.0,67,67301,39.9289,-75.1785,0,0,0,0,0,0,4,9,2013,3,14.0,1.0,0,98.0,3,1,99,  ,0,0.0,1,0,1,0,0,0,0,0,0,0,0,0,0,0,0,0,0
17414,2013101129,1733.0,1733.0,67,67301,39.9443,-75.219,0,0,0,0,0,0,4,9,2013,2,17.0,1.0,0,1.0,3,2,3,  ,3,3.0,1,0,1,0,0,0,0,0,0,0,0,0,0,0,0,1,0
17415,2013101135,1334.0,1332.0,67,67301,39.9696,-75.1638,0,0,0,0,0,0,4,8,2013,3,13.0,1.0,0,1.0,3,1,3,  ,2,3.0,1,0,1,0,0,0,0,0,0,0,0,0,0,0,0,0,0
17416,2013101145,1145.0,1135.0,67,67301,39.9751,-75.1181,0,0,0,0,0,1,5,8,2013,7,11.0,1.0,0,1.0,3,0,3,  ,0,0.0,0,0,0,0,0,0,0,0,0,0,0,0,0,0,0,1,0
17417,2013101148,1852.0,1850.0,67,67301,39.9897,-75.1458,0,0,0,0,0,0,4,8,2013,6,18.0,1.0,0,1.0,3,0,3,  ,0,0.0,0,0,1,0,0,0,0,0,0,0,0,0,0,0,0,0,0
17418,2013101159,2232.0,2222.0,67,67301,39.969,-75.217,0,0,0,0,0,0,4,9,2013,1,22.0,3.0,0,1.0,3,1,3,  ,1,3.0,0,1,1,0,0,0,0,0,0,0,0,0,0,0,0,0,0
17419,2013101162,2000.0,2000.0,67,67301,39.9968,-75.1128,0,0,0,0,0,0,5,8,2013,1,19.0,3.0,0,1.0,3,0,3,  ,0,0.0,0,0,0,0,0,0,0,0,0,0,0,0,0,0,0,0,0
17420,2013101165,1520.0,1515.0,67,67301,39.9612,-75.1562,0,0,0,0,0,0,4,9,2013,2,14.0,1.0,0,1.0,3,2,3,  ,3,3.0,0,0,1,0,0,0,0,0,0,0,0,0,0,0,0,0,0
17421,2013101183,1038.0,1034.0,67,67301,39.9517,-75.1647,0,0,0,0,0,0,4,9,2013,4,10.0,1.0,0,1.0,3,0,3,  ,0,0.0,0,0,1,0,0,0,0,0,0,0,0,0,0,0,0,0,0
17422,2013101186,1357.0,1357.0,67,67301,40.0598,-75.2095,0,0,0,0,0,0,4,9,2013,2,13.0,1.0,0,9.0,3,1,3,  ,3,3.0,0,0,1,0,0,0,0,0,0,0,0,0,0,0,0,0,0
17423,2013101204,1705.0,1700.0,67,67301,40.0162,-75.1314,0,0,0,0,0,0,4,9,2013,1,17.0,1.0,0,1.0,3,1,3,  ,3,3.0,0,0,1,0,0,0,0,0,0,0,0,0,0,0,0,0,0