,CRN,ARRIVAL_TM,DISPATCH_TM,COUNTY,MUNICIPALITY,DEC_LAT,DEC_LONG,BICYCLE_DEATH_COUNT,BICYCLE_SUSP_SERIOUS_INJ_COUNT,BUS_COUNT,HEAVY_TRUCK_COUNT,SMALL_TRUCK_COUNT,SUV_COUNT,COLLISION_TYPE,CRASH_MONTH,CRASH_YEAR,DAY_OF_WEEK,HOUR_OF_DAY,ILLUMINATION,LOCATION_TYPE,ROAD_CONDITION,URBAN_RURAL,INTERSECT_TYPE,WEATHER1,WEATHER2,TCD_TYPE,TCD_FUNC_CD,AGGRESSIVE_DRIVING,ALCOHOL_RELATED,ANGLE_CRASH,CELL_PHONE,COMM_VEHICLE,DISTRACTED,DRINKING_DRIVER,DRUGGED_DRIVER,FATIGUE_ASLEEP,IMPAIRED_DRIVER,NHTSA_AGG_DRIVING,RUNNING_RED_LT,RUNNING_STOP_SIGN,SPEEDING_RELATED,TAILGATING,MATURE_DRIVER,YOUNG_DRIVER
17424,2013101219,655.0,652.0,67,67301,39.9529,-75.2122,0,0,0,0,0,1,4,9,2013,5,6.0,1.0,0,1.0,3,1,3,  ,2,3.0,0,0,1,0,0,0,0,0,0,0,0,0,0,0,0,0,0
17425,2013101229,2005.0,1955.0,67,67301,39.9307,-75.2183,0,0,0,0,0,1,4,9,2013,6,19.0,4.0,0,1.0,3,2,3,  ,3,3.0,0,0,1,0,0,0,0,0,0,0,0,0,0,0,0,0,0
17426,2013101257,2012.0,2009.0,67,67301,39.9621,-75.2428,0,0,0,0,0,0,4,8,2013,2,20.0,3.0,0,1.0,3,1,3,  ,2,3.0,1,0,1,0,0,0,0,0,0,0,0,0,0,1,0,0,0
17427,2013101258,955.0,951.0,67,67301,39.9189,-75.1569,0,0,0,0,0,0,5,9,2013,7,9.0,1.0,0,1.0,3,2,3,  ,3,3.0,0,0,0,0,0,0,0,0,0,0,0,0,0,0,0,0,0
17428,2013101262,1852.0,1847.0,67,67301,40.0153,-75.2081,0,1,0,0,0,1,5,8,2013,6,18.0,1.0,0,1.0,3,3,3,  ,2,3.0,0,0,0,0,0,0,0,0,0,0,0,0,0,0,0,0,0
17429,2013101435,1924.0,1924.0,23,23301,39.8464,-75.3764,0,0,0,0,0,1,4,10,2013,5,19.0,3.0,0,9.0,3,1,7,  ,2,3.0,0,0,1,0,0,0,0,0,0,0,0,0,0,0,0,0,0
17430,2013101462,1912.0,1910.0,23,23109,39.8704,-75.2866,0,0,0,0,0,0,4,10,2013,5,19.0,3.0,7,9.0,3,0,7,  ,0,0.0,0,0,1,0,0,0,0,0,0,0,0,0,0,0,0,0,0
17431,2013101640,1209.0,1203.0,4,4301,40.7661,-80.3193,0,0,0,0,0,0,5,10,2013,6,12.0,1.0,0,1.0,3,1,3,  ,2,3.0,0,0,0,0,0,0,0,0,0,0,0,0,0,0,0,0,0
17432,2013101709,1614.0,1614.0,40,40104,41.2347,-75.8625,0,0,0,0,0,0,4,10,2013,6,16.0,1.0,7,1.0,3,2,3,  ,0,0.0,0,0,1,0,0,0,0,0,0,0,0,0,0,0,0,0,0
17433,2013101729,1850.0,1842.0,67,67301,39.94,-75.1745,0,0,0,0,0,0,4,9,2013,1,99.0,1.0,0,1.0,3,1,3,  ,3,3.0,1,0,1,0,0,0,0,0,0,0,0,0,1,0,0,0,0
17434,2013101731,1956.0,1938.0,67,67301,40.0337,-75.1911,0,0,0,0,0,0,4,9,2013,3,19.0,1.0,0,1.0,3,1,3,  ,3,3.0,0,0,1,0,0,0,0,0,0,0,0,0,0,0,0,0,0
17435,2013101744,1932.0,1932.0,67,67301,39.9626,-75.2106,0,0,0,0,0,0,4,9,2013,1,19.0,3.0,0,1.0,3,2,3,  ,0,0.0,0,0,1,0,0,0,0,0,0,0,0,0,0,0,0,0,0
17436,2013101745,1915.0,1912.0,67,67301,39.9682,-75.2006,0,0,0,0,0,0,4,9,2013,4,19.0,1.0,0,1.0,3,1,3,  ,3,2.0,0,0,1,0,0,0,0,0,0,0,0,0,0,0,0,0,0
17437,2013101753,2038.0,2036.0,67,67301,39.9814,-75.1426,0,1,0,0,0,0,4,9,2013,1,20.0,3.0,0,1.0,3,1,3,  ,2,3.0,0,0,1,0,0,0,0,0,0,0,0,0,0,0,0,0,0
17438,2013101754,1149.0,1149.0,67,67301,39.9789,-75.135,0,0,0,0,0,1,5,9,2013,5,11.0,1.0,0,1.0,3,2,3,  ,0,0.0,0,0,0,0,0,0,0,0,0,0,0,0,0,0,0,0,0
17439,2013101755,1210.0,1208.0,67,67301,40.0808,-75.0286,0,0,0,0,0,0,4,9,2013,7,99.0,3.0,0,0.0,3,1,3,  ,2,3.0,0,0,1,0,0,0,0,0,0,0,0,0,0,0,0,0,0
17440,2013101761,1735.0,1733.0,67,67301,39.9602,-75.1372,0,0,0,0,1,0,4,9,2013,7,17.0,1.0,0,1.0,3,1,3,  ,2,3.0,1,0,1,0,0,0,0,0,0,0,0,0,0,0,0,0,0
17441,2013101762,2142.0,2112.0,67,67301,39.9541,-75.1631,0,0,0,0,0,0,5,9,2013,7,21.0,3.0,0,1.0,3,0,3,  ,0,0.0,0,0,0,0,0,0,0,0,0,0,0,0,0,0,0,0,0
17442,2013101766,1645.0,1626.0,67,67301,39.9403,-75.1728,0,0,0,0,0,0,4,9,2013,2,16.0,1.0,0,1.0,3,1,3,  ,0,0.0,0,0,1,0,0,0,0,0,0,0,0,0,0,0,0,0,0
17443,2013101767,1523.0,1519.0,67,67301,39.9419,-75.1777,0,0,0,0,1,0,4,9,2013,4,15.0,1.0,0,1.0,3,2,3,  ,0,0.0,0,0,1,0,0,0,0,0,0,0,0,0,0,0,0,0,0
17444,2013101793,1650.0,1631.0,67,67301,39.9937,-75.1524,0,0,0,0,0,0,8,9,2013,1,16.0,1.0,0,1.0,3,1,3,  ,2,3.0,0,0,0,0,0,0,0,0,0,0,0,0,0,0,0,0,0
17445,2013101795,1615.0,1600.0,67,67301,39.9726,-75.2178,0,0,0,0,0,0,4,8,2013,6,15.0,1.0,0,1.0,3,3,3,  ,2,3.0,0,0,1,0,0,0,0,0,0,0,0,0,0,0,0,0,0
17446,2013101806,1515.0,1500.0,67,67301,40.0314,-75.1548,0,0,0,0,0,0,4,9,2013,1,99.0,1.0,0,1.0,3,1,3,  ,2,3.0,0,0,1,0,0,0,0,0,0,0,0,0,0,0,0,0,0
17447,2013102114,1748.0,1743.0,39,39301,40.6061,-75.4692,0,0,0,0,0,0,1,10,2013,7,17.0,1.0,0,1.0,3,1,3,  ,2,3.0,0,0,0,0,0,0,0,0,0,0,0,0,0,0,0,0,0
17448,2013102314,1310.0,1308.0,23,23301,39.8475,-75.3738,0,0,0,0,0,1,4,10,2013,7,13.0,1.0,0,1.0,3,1,3,  ,3,3.0,0,0,1,0,0,0,0,0,0,0,0,0,0,0,0,0,0
17449,2013102340,1704.0,1702.0,48,48301,40.6103,-75.3839,0,0,0,0,0,0,4,10,2013,1,17.0,1.0,7,1.0,3,0,3,  ,0,0.0,0,0,1,0,0,0,0,0,0,0,0,0,0,0,0,0,0
17450,2013102395,1850.0,1845.0,39,39406,40.6047,-75.3939,0,0,0,0,0,1,4,9,2013,4,18.0,1.0,0,1.0,3,1,3,  ,0,0.0,1,0,1,0,0,1,0,0,0,0,0,0,0,0,0,0,0
17451,2013102562,805.0,744.0,67,67301,39.9632,-75.1678,0,0,1,0,0,0,4,10,2013,6,7.0,1.0,0,9.0,3,1,7,  ,2,3.0,0,0,1,0,1,0,0,0,0,0,0,0,0,0,0,0,0
17452,2013102572,1952.0,1950.0,23,23111,39.9438,-75.2967,0,0,0,0,0,1,4,10,2013,1,19.0,3.0,0,1.0,3,0,3,  ,0,0.0,0,1,1,0,0,0,0,0,0,0,0,0,0,0,0,0,0
17453,2013102653,1550.0,1546.0,22,22208,40.3221,-76.7892,0,0,0,0,0,0,4,9,2013,4,15.0,1.0,0,1.0,3,1,3,  ,2,3.0,0,0,1,0,0,0,0,0,0,0,0,0,0,0,0,0,0
17454,2013102757,1948.0,1944.0,2,2301,40.431,-80.0016,0,0,0,0,0,0,4,10,2013,2,19.0,3.0,0,1.0,3,2,3,  ,2,3.0,1,0,1,0,0,0,0,0,0,0,0,0,0,0,0,0,0
17455,2013102987,1633.0,1631.0,60,60302,41.4207,-79.6918,0,0,0,0,0,0,4,10,2013,3,16.0,1.0,0,1.0,2,1,3,  ,3,3.0,0,0,1,0,0,0,0,0,0,0,0,0,0,0,0,0,0
17456,2013103009,1724.0,1716.0,9,9202,40.1182,-74.9612,0,0,0,0,0,1,4,10,2013,3,17.0,1.0,7,1.0,3,0,3,  ,0,0.0,1,0,1,0,0,0,0,0,0,0,1,0,0,0,0,0,0
17457,2013103255,1842.0,1805.0,14,14410,40.7965,-77.8685,0,0,0,0,0,0,5,10,2013,6,12.0,1.0,0,1.0,3,2,3,  ,3,3.0,0,0,0,0,0,0,0,0,0,0,0,0,0,0,0,0,0
17458,2013103435,945.0,943.0,7,7301,40.5303,-78.4099,0,0,0,0,0,0,4,10,2013,4,9.0,1.0,0,1.0,3,1,3,  ,3,3.0,1,0,1,0,0,0,0,0,0,0,0,0,0,0,0,0,0
17459,2013103531,2234.0,2233.0,9,9403,40.3079,-75.1295,0,1,0,0,0,0,2,10,2013,4,22.0,3.0,0,1.0,3,1,3,  ,2,3.0,1,0,0,0,0,0,0,0,0,0,0,0,0,0,0,0,0
17460,2013103654,1917.0,1917.0,25,25302,42.1142,-80.0644,0,0,0,0,0,1,4,10,2013,4,17.0,4.0,0,1.0,3,1,3,  ,3,3.0,1,0,1,0,0,0,0,0,0,0,0,0,0,0,0,0,0
17461,2013103791,621.0,616.0,22,22102,40.2264,-76.797,0,0,0,0,0,1,4,10,2013,5,6.0,3.0,0,9.0,3,2,3,  ,2,3.0,1,0,1,0,0,0,0,0,0,0,0,0,0,0,0,0,0
17462,2013103907,1108.0,1106.0,67,67301,40.0475,-75.1428,0,0,0,0,0,0,4,9,2013,5,11.0,1.0,0,1.0,3,1,3,  ,2,3.0,0,0,1,0,0,0,0,0,0,0,0,0,0,0,0,0,0
17463,2013103924,1708.0,1706.0,67,67301,39.9816,-75.1739,0,0,0,0,0,1,4,9,2013,5,16.0,1.0,0,1.0,3,1,3,  ,2,3.0,0,0,1,0,0,0,0,0,0,0,0,0,0,0,0,0,0
17464,2013103996,1233.0,1229.0,67,67301,39.9575,-75.1613,0,0,0,0,0,0,4,9,2013,4,12.0,1.0,0,1.0,3,2,3,  ,3,3.0,1,0,1,0,0,0,0,0,0,0,0,0,0,0,0,0,0
17465,2013104005,2015.0,2015.0,67,67301,40.0302,-75.1805,0,0,0,0,0,0,4,9,2013,7,20.0,3.0,7,9.0,3,0,7,  ,0,0.0,0,0,1,0,0,0,0,0,0,0,0,0,0,0,0,0,0
17466,2013104012,1307.0,1307.0,67,67301,40.0437,-75.0531,0,0,0,0,0,0,4,9,2013,5,12.0,1.0,0,1.0,3,1,3,  ,3,3.0,0,0,1,0,0,0,0,0,0,0,0,0,0,0,0,0,0
17467,2013104017,1732.0,1727.0,67,67301,39.9344,-75.1621,0,0,0,0,1,0,4,9,2013,5,17.0,1.0,0,1.0,3,1,3,  ,3,3.0,1,0,1,0,0,0,0,0,0,0,0,0,0,0,0,0,0
17468,2013104023,529.0,527.0,67,67301,40.0381,-75.0547,0,0,0,0,0,0,4,9,2013,5,5.0,1.0,0,1.0,3,1,3,  ,2,3.0,0,0,1,0,0,0,0,0,0,0,0,0,0,0,0,0,0
17469,2013104328,926.0,924.0,2,2301,40.4826,-79.9297,0,0,0,0,1,0,4,10,2013,6,9.0,1.0,0,1.0,3,1,3,  ,3,3.0,1,0,1,0,0,0,0,0,0,0,0,0,1,0,0,0,0
17470,2013104337,733.0,733.0,23,23111,39.9582,-75.2791,0,0,0,0,0,1,4,10,2013,6,7.0,5.0,0,1.0,3,1,3,  ,3,3.0,0,0,1,0,0,0,0,0,0,0,0,0,0,0,0,0,0
17471,2013104376,1340.0,1338.0,67,67301,40.0061,-75.1392,0,0,0,0,0,1,4,9,2013,1,13.0,1.0,0,1.0,3,1,3,  ,2,3.0,0,0,1,0,0,0,0,0,0,0,0,0,0,0,0,0,0
17472,2013104379,1050.0,1040.0,67,67301,40.0067,-75.1441,0,0,0,0,1,0,4,9,2013,6,99.0,1.0,0,1.0,3,2,3,  ,3,3.0,0,0,1,0,0,0,0,0,0,0,0,0,0,0,0,0,0
17473,2013104396,2310.0,2310.0,67,67301,40.0385,-75.0469,0,0,0,0,0,0,4,9,2013,4,18.0,1.0,0,1.0,3,1,3,  ,3,3.0,0,0,1,0,0,0,0,0,0,0,0,0,0,0,0,0,0
17474,2013104412,2240.0,2240.0,67,67301,39.9256,-75.2344,0,0,0,0,0,0,4,9,2013,4,22.0,3.0,0,1.0,3,1,3,  ,2,3.0,1,0,1,0,0,0,0,0,0,0,0,0,0,0,0,0,0
17475,2013104452,1013.0,1011.0,46,46104,40.0075,-75.295,0,0,0,0,0,0,1,9,2013,6,10.0,1.0,0,1.0,3,0,3,  ,0,0.0,1,0,0,0,0,0,0,0,0,0,0,0,0,1,0,0,0
17476,2013104470,219.0,216.0,46,46104,40.0275,-75.3294,0,0,0,0,0,1,4,9,2013,1,2.0,3.0,0,1.0,3,2,3,  ,3,3.0,0,0,1,0,0,0,0,0,0,0,0,0,0,0,0,0,0
17477,2013104574,1641.0,1638.0,41,41301,41.2396,-77.0041,0,0,0,0,0,1,4,10,2013,6,16.0,1.0,0,1.0,3,1,3,  ,2,3.0,0,0,1,0,0,0,0,0,0,0,0,0,0,0,0,1,0
17478,2013104715,1231.0,1227.0,15,15238,40.1086,-75.6762,0,0,0,0,0,0,4,10,2013,7,12.0,1.0,0,1.0,1,1,3,  ,0,0.0,1,0,1,0,0,0,0,0,0,0,0,0,0,0,0,1,0
17479,2013104732,1533.0,1531.0,48,48301,40.612,-75.3785,0,0,0,0,0,0,4,10,2013,7,15.0,1.0,0,1.0,3,1,3,  ,2,3.0,0,0,1,0,0,0,0,0,0,0,0,0,0,0,0,0,0
17480,2013104793,1732.0,1731.0,36,36210,40.229,-76.0846,0,0,0,0,0,0,4,10,2013,6,17.0,1.0,0,1.0,1,1,3,  ,3,3.0,0,0,1,0,0,0,0,0,0,0,0,0,0,0,0,1,0
17481,2013105079,1919.0,1918.0,15,15410,39.9584,-75.9211,0,1,0,0,0,0,8,10,2013,7,19.0,3.0,0,1.0,1,1,7,  ,0,0.0,0,0,0,0,0,0,0,0,0,0,0,0,0,0,0,0,1
17482,2013105107,1653.0,1649.0,66,66231,39.9298,-76.8229,0,0,0,0,0,0,4,10,2013,2,16.0,1.0,7,1.0,1,0,3,  ,8,3.0,1,0,1,0,0,0,0,0,0,0,0,0,0,0,0,0,0
17483,2013105199,1523.0,1520.0,22,22301,40.2915,-76.8942,0,0,0,0,0,0,4,10,2013,1,14.0,1.0,0,1.0,3,0,3,  ,0,0.0,0,0,1,0,0,0,0,0,0,0,0,0,0,0,0,0,0
17484,2013105256,846.0,845.0,67,67301,40.0032,-75.1525,0,0,0,0,0,0,4,10,2013,2,8.0,1.0,0,1.0,3,1,3,  ,2,3.0,0,0,1,0,0,0,0,0,0,0,0,0,0,0,0,0,0
17485,2013105349,1645.0,1643.0,46,46201,40.327,-75.6218,0,0,0,0,1,0,8,10,2013,2,16.0,1.0,0,1.0,1,0,3,  ,2,3.0,1,0,0,0,0,0,0,0,0,0,0,0,0,0,0,0,0
17486,2013106090,555.0,552.0,36,36215,40.0291,-76.1698,0,0,0,0,1,0,5,10,2013,3,5.0,2.0,0,1.0,1,0,3,  ,0,0.0,0,0,0,0,0,0,0,0,0,0,0,0,0,0,0,0,0
17487,2013106197,1253.0,1252.0,25,25302,42.1111,-80.0806,0,0,0,0,0,0,4,10,2013,5,12.0,1.0,0,1.0,3,0,3,  ,0,0.0,0,0,1,0,0,0,0,0,0,0,0,0,0,0,0,0,0
17488,2013106241,1138.0,1135.0,38,38208,40.3202,-76.4241,0,0,0,0,0,0,4,10,2013,4,11.0,1.0,7,1.0,1,2,3,  ,2,3.0,0,0,1,0,0,0,0,0,0,0,0,0,0,0,0,1,0
17489,2013106449,1831.0,1827.0,9,9101,40.0886,-74.9048,0,0,0,0,0,0,4,10,2013,4,18.0,3.0,0,1.0,3,1,3,  ,0,0.0,0,1,1,0,0,0,0,0,0,0,0,0,0,0,0,0,0
17490,2013106507,1609.0,1606.0,66,66430,39.9537,-76.7576,0,0,0,0,0,0,4,10,2013,2,16.0,1.0,7,1.0,3,0,3,  ,0,0.0,1,0,1,0,0,0,0,0,0,0,0,0,0,0,0,0,0
17491,2013106602,1803.0,1800.0,67,67301,39.969,-75.217,0,0,0,0,0,0,4,9,2013,3,17.0,1.0,0,1.0,3,1,3,  ,2,3.0,0,0,1,0,0,0,0,0,0,0,0,0,0,0,0,0,0
17492,2013106603,2016.0,2016.0,67,67301,39.921,-75.157,0,0,0,0,1,0,4,9,2013,3,20.0,3.0,0,1.0,3,1,3,  ,3,3.0,0,0,1,0,0,0,0,0,0,0,0,0,0,0,0,0,0
17493,2013106605,1515.0,1515.0,67,67301,39.9604,-75.1684,0,0,0,0,0,0,4,9,2013,3,15.0,1.0,0,1.0,3,1,3,  ,0,0.0,1,0,1,0,0,0,0,0,0,0,0,0,0,0,0,0,0
17494,2013106608,1745.0,1130.0,67,67301,39.9484,-75.2193,0,0,0,0,0,0,5,9,2013,2,11.0,1.0,0,1.0,3,1,3,  ,2,3.0,0,0,0,0,0,0,0,0,0,0,0,0,0,0,0,0,0
17495,2013106643,2112.0,2111.0,67,67301,39.9504,-75.2269,0,0,0,0,1,0,6,9,2013,2,21.0,3.0,0,1.0,3,0,3,  ,0,0.0,0,0,0,0,0,0,0,0,0,0,0,0,0,0,0,0,0
17496,2013106644,910.0,900.0,67,67301,39.9673,-75.1471,0,0,0,0,0,1,5,9,2013,3,9.0,1.0,0,1.0,3,0,3,  ,0,0.0,0,0,0,0,0,0,0,0,0,0,0,0,0,0,0,0,0
17497,2013106651,1810.0,1805.0,67,67301,39.9717,-75.2119,0,0,0,0,0,1,4,9,2013,4,18.0,1.0,0,1.0,3,0,3,  ,2,3.0,0,0,1,0,0,1,0,0,0,0,0,0,0,0,0,0,0
17498,2013106653,5.0,1.0,67,67301,39.9118,-75.1778,0,0,0,0,0,0,4,9,2013,7,23.0,3.0,0,1.0,3,2,3,  ,3,3.0,1,0,1,0,0,0,0,0,0,0,0,0,0,0,0,0,0
17499,2013106661,1015.0,1008.0,67,67301,40.031,-75.1244,0,0,0,0,1,0,4,10,2013,3,9.0,1.0,0,1.0,3,1,3,  ,2,3.0,0,0,1,0,0,0,0,0,0,0,0,0,0,0,0,0,0
17500,2013106676,1310.0,1300.0,67,67301,39.9662,-75.2279,0,0,0,0,1,0,4,9,2013,6,12.0,1.0,0,1.0,3,1,3,  ,2,3.0,0,0,1,0,0,0,0,0,0,0,0,0,0,0,0,1,0
17501,2013106682,725.0,721.0,67,67301,39.8974,-75.1755,0,0,0,0,0,0,4,10,2013,4,7.0,1.0,0,1.0,3,2,3,  ,2,3.0,0,1,1,0,0,0,1,0,0,1,0,0,0,0,0,0,0
17502,2013106694,2100.0,2100.0,67,67301,39.9821,-75.1065,0,0,0,0,0,0,4,9,2013,6,20.0,3.0,0,1.0,3,1,3,  ,3,3.0,0,0,1,0,0,0,0,0,0,0,0,0,0,0,0,0,0
17503,2013106710,1712.0,1707.0,67,67301,40.0116,-75.0898,0,0,0,0,0,0,4,9,2013,2,16.0,1.0,7,1.0,3,0,3,  ,0,0.0,0,0,1,0,0,0,0,0,0,0,0,0,0,0,0,0,0
17504,2013106711,2016.0,2015.0,67,67301,39.9364,-75.1712,0,0,0,0,0,0,4,9,2013,4,20.0,3.0,0,1.0,3,0,3,  ,0,0.0,0,0,1,0,0,0,0,0,0,0,0,0,0,0,0,0,0
17505,2013106724,1013.0,1012.0,67,67301,39.9369,-75.1804,0,0,0,0,0,0,4,9,2013,3,10.0,1.0,0,1.0,3,1,3,  ,3,3.0,0,0,1,0,0,0,0,0,0,0,0,0,0,0,0,0,0
17506,2013106732,1035.0,1030.0,67,67301,39.9791,-75.1256,0,0,0,0,0,0,8,9,2013,6,99.0,1.0,0,1.0,3,1,3,  ,3,3.0,1,0,0,0,0,0,0,0,0,0,0,0,0,0,0,0,0
17507,2013106736,852.0,845.0,67,67301,39.9803,-75.1463,0,0,0,0,0,0,4,9,2013,3,8.0,1.0,0,1.0,3,1,3,  ,3,3.0,1,0,1,0,0,0,0,0,0,0,0,0,1,0,0,0,0
17508,2013106741,220.0,216.0,67,67301,39.9697,-75.1416,0,0,0,0,0,0,4,9,2013,7,2.0,3.0,0,1.0,3,1,3,  ,2,3.0,0,0,1,0,0,0,0,0,0,0,0,0,0,0,0,0,0
17509,2013106748,1650.0,1638.0,67,67301,40.044,-75.0316,0,0,0,0,0,0,4,10,2013,5,16.0,1.0,0,1.0,3,1,3,  ,3,3.0,0,0,1,0,0,0,0,0,0,0,0,0,0,0,0,0,1
17510,2013106750,1123.0,1119.0,67,67301,39.9574,-75.1571,0,0,0,0,0,0,4,9,2013,7,11.0,1.0,0,1.0,3,1,3,  ,2,3.0,0,0,1,0,0,0,0,0,0,0,0,0,0,0,0,0,0
17511,2013106754,1910.0,1905.0,67,67301,39.9521,-75.1615,0,0,0,0,0,0,1,10,2013,3,19.0,3.0,0,1.0,3,0,3,  ,0,0.0,0,0,0,0,0,0,0,0,0,0,0,0,0,0,0,0,0
17512,2013106756,1935.0,1931.0,67,67301,40.0216,-75.1651,0,0,0,0,0,1,4,9,2013,3,19.0,3.0,0,1.0,3,1,3,  ,3,3.0,1,0,1,0,0,0,0,0,0,0,0,0,0,0,0,0,0
17513,2013106774,2310.0,2300.0,67,67301,39.9525,-75.2094,0,0,0,0,0,0,5,9,2013,2,14.0,1.0,0,1.0,3,0,3,  ,2,3.0,1,0,0,0,0,0,0,0,0,0,0,0,0,0,0,0,0
17514,2013106778,2334.0,2334.0,67,67301,40.0037,-75.0944,0,0,0,0,0,0,4,10,2013,3,20.0,3.0,0,1.0,3,1,3,  ,2,3.0,1,0,1,0,0,0,0,0,0,0,0,0,0,0,0,0,0
17515,2013107070,1919.0,1919.0,48,48301,40.6206,-75.3706,0,0,0,0,0,0,4,10,2013,3,19.0,2.0,0,1.0,3,1,3,  ,3,3.0,1,0,1,0,0,0,0,0,0,0,0,0,0,0,0,1,0
17516,2013107123,1604.0,1604.0,62,62406,40.2623,-80.1768,0,0,0,0,0,1,4,9,2013,6,16.0,1.0,0,1.0,3,1,3,  ,2,3.0,0,0,1,0,0,0,0,0,0,0,0,0,0,0,0,0,0
17517,2013107139,1403.0,1356.0,67,67301,39.9563,-75.2256,0,0,0,0,0,0,4,9,2013,7,13.0,1.0,0,1.0,3,1,3,  ,3,3.0,0,0,1,0,0,0,0,0,0,0,0,0,0,0,0,0,0
17518,2013107144,1205.0,1201.0,67,67301,39.975,-75.1384,0,0,0,0,0,0,5,9,2013,7,11.0,1.0,0,1.0,3,0,3,  ,0,0.0,0,0,0,0,0,0,0,0,0,0,0,0,0,0,0,1,0
17519,2013107145,2028.0,2025.0,67,67301,39.9915,-75.1361,0,0,0,0,0,1,4,9,2013,5,20.0,3.0,0,9.0,3,1,7,  ,2,3.0,0,0,1,0,0,0,0,0,0,0,0,0,0,0,0,0,0
17520,2013107149,940.0,937.0,67,67301,40.026,-75.0431,0,0,0,0,0,0,4,9,2013,7,9.0,1.0,0,1.0,3,0,3,  ,0,0.0,0,0,1,0,0,0,0,0,0,0,0,0,0,0,0,0,0
17521,2013107192,1619.0,1615.0,1,1203,39.8211,-77.025,0,0,0,0,0,0,8,8,2013,6,16.0,1.0,0,1.0,1,0,3,  ,0,0.0,0,0,0,0,0,0,0,0,0,0,0,0,0,0,0,1,0
17522,2013107748,734.0,734.0,48,48101,40.6535,-75.3352,0,0,0,0,0,0,4,10,2013,6,7.0,1.0,0,1.0,3,2,3,  ,2,3.0,0,0,1,0,0,0,0,0,0,0,0,0,0,0,0,0,0
17523,2013107851,1759.0,1756.0,36,36218,40.1656,-76.16,0,0,0,0,0,1,5,10,2013,1,17.0,2.0,0,1.0,1,0,3,  ,0,0.0,0,0,0,0,0,0,0,0,0,0,0,0,0,0,0,0,0
17524,2013107860,2131.0,2130.0,21,21206,40.2214,-77.1623,0,0,0,0,0,0,4,10,2013,1,21.0,2.0,0,1.0,1,1,3,  ,2,3.0,1,1,1,0,0,0,0,0,0,0,0,0,0,0,0,0,1
17525,2013108278,1807.0,1804.0,22,22407,40.2641,-76.707,0,0,0,0,1,0,4,10,2013,6,18.0,4.0,0,1.0,3,1,3,  ,0,0.0,0,0,1,0,0,0,0,0,0,0,0,0,0,0,0,0,0
17526,2013108919,20.0,15.0,67,67301,39.9761,-75.1584,0,0,0,0,1,0,4,10,2013,4,0.0,2.0,7,9.0,3,0,3,  ,0,0.0,0,0,1,0,0,0,0,0,0,0,0,0,0,0,0,0,0
17527,2013109133,1139.0,1135.0,9,9402,40.2541,-75.2085,0,0,0,0,0,1,4,10,2013,5,11.0,1.0,0,1.0,3,1,3,  ,2,3.0,0,0,1,0,0,0,0,0,0,0,0,0,0,0,0,0,0
17528,2013109156,1105.0,1105.0,23,23103,39.9939,-75.2983,0,0,0,0,0,0,8,10,2013,5,11.0,1.0,7,1.0,3,0,3,  ,0,0.0,0,0,0,0,0,0,0,0,0,0,0,0,0,0,0,0,0
17529,2013109306,1129.0,1122.0,39,39301,40.5781,-75.469,0,0,0,0,0,0,0,10,2013,5,11.0,1.0,0,1.0,3,0,3,  ,0,0.0,0,0,0,0,0,0,0,0,0,0,0,0,0,1,0,0,0
17530,2013109333,1245.0,1241.0,36,36301,40.0393,-76.3081,0,0,0,0,1,0,8,10,2013,5,12.0,1.0,0,1.0,3,1,3,  ,2,3.0,0,0,0,0,0,0,0,0,0,0,0,0,0,0,0,1,0
17531,2013109340,1625.0,1620.0,67,67301,39.9551,-75.1854,0,0,0,0,0,0,4,10,2013,7,15.0,1.0,0,1.0,3,2,3,  ,2,3.0,0,0,1,0,0,0,0,0,0,0,0,0,0,0,0,0,0
17532,2013109355,1016.0,1013.0,67,67301,40.035,-75.1737,0,0,0,0,0,0,4,10,2013,3,10.0,1.0,0,1.0,3,1,3,  ,2,3.0,0,0,1,0,0,0,0,0,0,0,0,0,0,0,0,0,0
17533,2013109367,930.0,927.0,67,67301,40.0369,-75.195,0,0,0,0,0,0,4,9,2013,7,9.0,1.0,0,1.0,3,1,3,  ,3,3.0,0,0,1,0,0,0,0,0,0,0,0,0,0,0,0,0,0
17534,2013109379,225.0,221.0,67,67301,39.9548,-75.1664,0,0,0,0,0,0,4,9,2013,1,2.0,3.0,0,1.0,3,5,3,  ,2,3.0,0,0,1,0,0,0,0,0,0,0,0,0,0,0,0,0,0
17535,2013109387,1208.0,1205.0,67,67301,40.0022,-75.1336,0,0,0,0,0,0,4,9,2013,3,22.0,3.0,0,1.0,3,2,3,  ,0,0.0,0,0,1,0,0,0,0,0,0,0,0,0,0,0,0,0,0
17536,2013109397,1845.0,1837.0,67,67301,40.0496,-75.1555,0,0,0,0,0,0,4,10,2013,1,18.0,4.0,0,1.0,3,1,3,  ,0,0.0,0,0,1,0,0,0,0,0,0,0,0,0,0,0,0,0,0
17537,2013109403,2004.0,2002.0,67,67301,39.9604,-75.2021,0,0,0,0,0,1,4,10,2013,6,20.0,3.0,0,1.0,3,1,3,  ,3,3.0,0,0,1,0,0,0,0,0,0,0,0,0,0,0,0,0,0