,CRN,ARRIVAL_TM,DISPATCH_TM,COUNTY,MUNICIPALITY,DEC_LAT,DEC_LONG,BICYCLE_DEATH_COUNT,BICYCLE_SUSP_SERIOUS_INJ_COUNT,BUS_COUNT,HEAVY_TRUCK_COUNT,SMALL_TRUCK_COUNT,SUV_COUNT,COLLISION_TYPE,CRASH_MONTH,CRASH_YEAR,DAY_OF_WEEK,HOUR_OF_DAY,ILLUMINATION,LOCATION_TYPE,ROAD_CONDITION,URBAN_RURAL,INTERSECT_TYPE,WEATHER1,WEATHER2,TCD_TYPE,TCD_FUNC_CD,AGGRESSIVE_DRIVING,ALCOHOL_RELATED,ANGLE_CRASH,CELL_PHONE,COMM_VEHICLE,DISTRACTED,DRINKING_DRIVER,DRUGGED_DRIVER,FATIGUE_ASLEEP,IMPAIRED_DRIVER,NHTSA_AGG_DRIVING,RUNNING_RED_LT,RUNNING_STOP_SIGN,SPEEDING_RELATED,TAILGATING,MATURE_DRIVER,YOUNG_DRIVER
17538,2013109427,37.0,36.0,67,67301,39.9342,-75.1675,0,0,0,0,0,0,4,9,2013,7,0.0,3.0,0,1.0,3,1,3,  ,2,3.0,0,0,1,0,0,0,0,0,0,0,0,0,0,0,0,0,0
17539,2013109444,1335.0,1332.0,67,67301,40.0258,-75.082,0,0,0,0,0,0,5,10,2013,3,13.0,1.0,0,1.0,3,0,3,  ,0,0.0,0,0,0,0,0,0,0,0,0,0,0,0,0,0,0,0,0
17540,2013109998,1621.0,1619.0,22,22409,40.2009,-76.7282,0,0,0,0,0,1,4,11,2013,6,16.0,1.0,0,1.0,3,1,3,  ,3,3.0,1,0,1,0,0,0,0,0,0,0,0,0,0,0,0,0,0
17541,2013110279,900.0,850.0,2,2301,40.4587,-79.9729,0,0,0,0,1,0,4,11,2013,2,8.0,1.0,0,1.0,3,0,3,  ,0,0.0,0,0,1,0,0,0,0,0,0,0,0,0,0,0,0,0,0
17542,2013110458,1622.0,1608.0,37,37212,40.9136,-80.2614,0,0,0,0,0,0,4,10,2013,7,16.0,1.0,0,1.0,1,0,3,  ,0,0.0,0,0,1,0,0,0,0,0,0,0,0,0,0,0,0,0,0
17543,2013110719,1235.0,1213.0,67,67301,39.9886,-75.1168,0,0,0,0,0,0,4,10,2013,5,12.0,1.0,0,1.0,3,1,3,  ,3,3.0,1,0,1,0,0,0,0,0,0,0,0,0,0,0,0,0,0
17544,2013110720,840.0,831.0,67,67301,39.9462,-75.1699,0,0,0,0,1,0,5,10,2013,5,8.0,1.0,0,1.0,3,1,3,  ,2,3.0,0,0,0,0,0,0,0,0,0,0,0,0,0,0,0,0,0
17545,2013110745,1224.0,1220.0,22,22301,40.283,-76.8809,0,0,0,0,0,0,4,10,2013,7,12.0,1.0,0,1.0,3,1,3,  ,2,3.0,0,0,1,0,0,0,0,0,0,0,0,0,0,0,0,1,0
17546,2013110955,2053.0,2021.0,36,36232,39.9927,-75.9995,0,0,0,0,0,0,1,10,2013,1,20.0,2.0,0,1.0,1,0,3,  ,0,0.0,0,0,0,0,0,0,0,0,0,0,0,0,0,0,0,0,0
17547,2013111097,1915.0,1909.0,46,46224,40.0846,-75.292,0,0,0,0,0,1,4,11,2013,2,19.0,3.0,0,1.0,3,3,3,  ,0,0.0,0,0,1,0,0,0,0,0,0,0,0,0,0,0,0,0,0
17548,2013111120,2037.0,2030.0,9,9202,40.1008,-74.9182,0,0,0,0,0,1,5,11,2013,2,20.0,3.0,0,1.0,3,0,3,  ,0,0.0,0,0,0,0,0,0,0,0,0,0,0,0,0,0,0,0,0
17549,2013111249,902.0,900.0,48,48301,40.6133,-75.3841,0,0,0,0,0,0,4,11,2013,3,8.0,1.0,0,1.0,3,3,3,  ,2,3.0,0,0,1,0,0,0,0,0,0,0,0,0,0,0,0,0,0
17550,2013111625,1311.0,1311.0,36,36101,40.0743,-76.3085,0,0,0,0,0,0,4,10,2013,3,16.0,1.0,7,1.0,3,0,3,  ,0,0.0,0,0,1,0,0,0,0,0,0,0,0,0,0,0,0,0,1
17551,2013111719,910.0,900.0,67,67301,40.0211,-75.1458,0,0,0,0,0,0,1,10,2013,3,8.0,1.0,0,1.0,3,0,3,  ,0,0.0,0,0,0,0,0,0,0,0,0,0,0,0,0,0,0,0,0
17552,2013111763,910.0,905.0,67,67301,39.9477,-75.1986,0,0,0,0,0,0,4,10,2013,5,9.0,1.0,0,9.0,3,2,7,  ,2,3.0,0,0,1,0,0,0,0,0,0,0,0,0,0,0,0,0,0
17553,2013111773,2020.0,2020.0,67,67301,40.0325,-75.1242,0,0,0,0,0,0,4,10,2013,2,11.0,1.0,0,1.0,3,1,3,  ,2,3.0,1,0,1,0,0,0,0,0,0,0,0,0,0,0,0,0,0
17554,2013111794,647.0,644.0,67,67301,39.9598,-75.1637,0,0,0,0,0,0,4,10,2013,6,6.0,1.0,0,9.0,3,1,7,  ,3,3.0,0,0,1,0,0,0,0,0,0,0,0,0,0,0,0,0,0
17555,2013111827,2200.0,2150.0,67,67301,39.9573,-75.2377,0,0,0,0,0,0,4,10,2013,1,19.0,3.0,0,1.0,3,1,3,  ,3,3.0,0,0,1,0,0,0,0,0,0,0,0,0,0,0,0,1,0
17556,2013111862,1847.0,1845.0,67,67301,39.9169,-75.1611,0,1,0,0,0,0,4,10,2013,1,18.0,3.0,0,1.0,3,1,3,  ,3,3.0,0,0,1,0,0,0,0,0,0,0,0,0,0,0,0,0,0
17557,2013111864,1130.0,1121.0,67,67301,39.9358,-75.1806,0,0,0,0,0,1,4,10,2013,7,11.0,1.0,0,1.0,3,1,3,  ,2,3.0,0,0,1,0,0,0,0,0,0,0,0,0,0,0,0,0,0
17558,2013111870,1926.0,1924.0,67,67301,39.9528,-75.1924,0,0,0,0,0,1,3,10,2013,4,19.0,3.0,0,1.0,3,0,3,  ,0,0.0,0,0,0,0,0,1,0,0,0,0,0,0,0,0,0,0,0
17559,2013111874,736.0,734.0,67,67301,40.0141,-75.1779,0,0,0,0,0,0,4,10,2013,5,7.0,1.0,7,1.0,3,0,3,  ,0,0.0,0,0,1,0,0,0,0,0,0,0,0,0,0,0,0,0,1
17560,2013111886,750.0,747.0,67,67301,39.9541,-75.2221,0,0,0,0,0,0,6,10,2013,2,7.0,1.0,0,1.0,3,1,3,  ,2,3.0,0,0,0,0,0,0,0,0,0,0,0,0,0,0,0,1,0
17561,2013111899,2118.0,2118.0,67,67301,39.9991,-75.1087,0,0,0,0,0,0,5,10,2013,7,21.0,3.0,0,9.0,3,0,7,  ,0,0.0,0,0,0,0,0,0,0,0,0,0,0,0,0,0,0,0,0
17562,2013111951,1044.0,1042.0,15,15414,39.9597,-75.6045,0,0,0,0,0,0,4,10,2013,6,10.0,1.0,0,1.0,3,1,3,  ,2,3.0,0,0,1,0,0,0,0,0,0,0,0,0,0,0,0,1,0
17563,2013111961,1904.0,1902.0,46,46104,40.0105,-75.2963,0,0,1,0,0,0,5,6,2013,7,19.0,1.0,0,1.0,3,2,3,  ,2,3.0,1,0,0,0,1,0,0,0,0,0,0,0,0,0,0,0,0
17564,2013112190,1523.0,1518.0,1,1219,39.8244,-77.1972,0,0,0,0,0,0,9,10,2013,7,15.0,1.0,2,1.0,2,6,3,  ,0,0.0,1,0,0,0,0,0,0,0,0,0,0,0,0,0,0,0,0
17565,2013112283,1215.0,1207.0,9,9227,40.2665,-75.1991,0,0,0,0,0,1,4,11,2013,4,12.0,1.0,0,1.0,3,1,3,  ,2,3.0,1,0,1,0,0,0,0,0,0,0,0,0,0,0,0,1,0
17566,2013112342,1042.0,1039.0,67,67301,39.9497,-75.1604,0,0,0,0,0,1,5,10,2013,3,10.0,1.0,0,1.0,3,1,3,  ,0,0.0,0,0,0,0,0,0,0,0,0,0,0,0,0,0,0,1,0
17567,2013112351,1615.0,1615.0,39,39301,,,0,0,0,0,0,0,8,11,2013,5,16.0,1.0,0,1.0,3,2,3,  ,0,0.0,0,0,0,0,0,0,0,0,0,0,0,0,0,0,0,1,0
17568,2013112734,1958.0,1956.0,66,66413,39.7995,-76.9735,0,0,0,0,0,1,4,10,2013,1,19.0,3.0,0,1.0,2,1,3,  ,0,0.0,0,0,1,0,0,0,0,0,0,0,0,0,0,0,0,0,0
17569,2013112997,1036.0,1029.0,6,6222,40.448,-75.8988,0,0,0,0,0,0,4,11,2013,7,10.0,1.0,7,1.0,1,0,3,  ,2,3.0,0,0,1,0,0,0,0,0,0,0,0,0,0,0,0,0,0
17570,2013113458,1351.0,1342.0,21,21402,40.2053,-77.1885,0,0,0,0,0,0,4,11,2013,6,23.0,3.0,0,1.0,2,2,3,  ,8,3.0,1,0,1,0,0,0,0,0,0,0,0,0,0,0,0,0,0
17571,2013113754,1230.0,1224.0,2,2422,40.3907,-80.0439,0,0,0,0,0,1,4,11,2013,2,12.0,1.0,0,1.0,3,2,3,  ,3,3.0,0,0,1,0,0,0,0,0,0,0,0,0,0,0,0,0,0
17572,2013114237,1309.0,1309.0,23,23108,39.9136,-75.3475,0,0,0,0,0,0,5,11,2013,1,12.0,1.0,0,1.0,3,3,3,  ,0,0.0,0,0,0,0,0,0,0,0,0,0,0,0,0,0,0,1,0
17573,2013114420,619.0,613.0,23,23110,39.8336,-75.465,0,1,0,0,0,1,1,11,2013,7,6.0,5.0,0,1.0,3,0,3,  ,0,0.0,0,0,0,0,0,1,0,1,0,1,0,0,0,0,0,0,0
17574,2013114445,2120.0,2116.0,67,67301,39.9433,-75.1625,0,0,0,0,0,1,1,10,2013,2,18.0,1.0,0,1.0,3,0,3,  ,0,0.0,0,0,0,0,0,0,0,0,0,0,0,0,0,0,0,0,0
17575,2013114459,2059.0,2059.0,67,67301,39.9602,-75.1909,0,0,0,0,0,1,4,10,2013,6,20.0,3.0,0,1.0,3,1,3,  ,2,3.0,1,0,1,0,0,0,0,0,0,0,0,0,0,0,0,0,0
17576,2013114462,9999.0,9999.0,67,67301,39.9849,-75.1631,0,0,0,0,0,0,4,10,2013,4,99.0,4.0,0,1.0,3,1,3,  ,3,3.0,0,0,1,0,0,1,0,0,0,0,0,0,0,0,0,0,0
17577,2013114480,1311.0,1308.0,67,67301,39.9379,-75.2208,0,1,0,0,0,0,4,10,2013,7,12.0,1.0,0,1.0,3,1,3,  ,2,3.0,1,0,1,0,0,0,0,0,0,0,0,0,0,0,0,1,0
17578,2013114501,1430.0,1428.0,67,67301,39.921,-75.1634,0,0,0,0,0,0,4,10,2013,1,14.0,1.0,0,1.0,3,1,3,  ,3,3.0,0,0,1,0,0,0,0,0,0,0,0,0,0,0,0,1,0
17579,2013114510,659.0,656.0,67,67301,39.9461,-75.1985,0,0,0,0,0,0,4,10,2013,6,6.0,5.0,7,1.0,3,2,3,  ,2,3.0,0,0,1,0,0,0,0,0,0,0,0,0,0,0,0,0,0
17580,2013115286,1015.0,1012.0,9,9208,40.1734,-74.797,0,0,0,0,0,0,2,11,2013,6,10.0,1.0,0,1.0,3,1,3,  ,3,3.0,0,0,0,0,0,0,0,0,0,0,0,0,0,0,0,0,0
17581,2013115354,1220.0,1215.0,67,67301,39.9923,-75.1291,0,0,0,0,0,0,5,9,2013,1,0.0,3.0,0,1.0,3,2,3,  ,3,3.0,0,0,0,0,0,0,0,0,0,0,0,0,0,0,0,0,0
17582,2013115617,1504.0,1458.0,2,2301,40.4381,-79.9574,0,0,0,0,0,0,4,11,2013,6,14.0,1.0,0,1.0,3,0,3,  ,0,0.0,0,0,1,0,0,0,0,0,0,0,0,0,0,0,0,0,0
17583,2013115634,1223.0,1223.0,2,2301,40.465,-79.92,0,0,0,0,0,0,1,11,2013,6,12.0,1.0,0,1.0,3,1,3,  ,2,3.0,0,0,0,0,0,0,0,0,0,0,0,0,0,0,0,1,0
17584,2013115663,1302.0,1300.0,66,66405,39.9994,-76.8481,0,0,0,0,0,0,4,11,2013,7,13.0,1.0,0,1.0,3,2,3,  ,3,3.0,1,0,1,0,0,0,0,0,0,0,0,0,0,0,0,0,0
17585,2013115793,2330.0,2315.0,23,23101,39.8682,-75.4575,0,1,0,0,0,0,1,11,2013,7,22.0,3.0,0,1.0,3,2,3,  ,0,0.0,0,0,0,0,0,0,0,0,0,0,0,0,0,0,0,0,0
17586,2013115846,1729.0,1728.0,36,36301,40.0328,-76.3082,0,0,0,0,0,0,4,11,2013,6,17.0,3.0,0,1.0,3,2,3,  ,0,0.0,0,0,1,0,0,0,0,0,0,0,0,0,0,0,0,0,1
17587,2013116045,250.0,250.0,23,23111,39.9591,-75.263,0,0,0,0,0,0,1,11,2013,1,2.0,3.0,0,1.0,3,2,3,  ,3,3.0,1,0,0,0,0,0,0,0,0,0,0,0,0,1,0,0,0
17588,2013116624,1555.0,1543.0,7,7301,40.5085,-78.401,0,0,0,0,1,0,4,11,2013,3,15.0,1.0,0,1.0,3,1,3,  ,2,3.0,0,0,1,0,0,0,0,0,0,0,0,0,0,0,0,0,0
17589,2013116643,725.0,724.0,9,9403,40.3203,-75.1163,0,0,0,0,0,0,4,11,2013,3,7.0,1.0,0,1.0,3,1,3,  ,3,3.0,0,0,1,1,0,1,0,0,0,0,0,0,0,0,0,0,0
17590,2013116773,2142.0,2137.0,6,6301,40.3446,-75.9334,0,0,0,0,1,0,4,11,2013,3,21.0,3.0,0,1.0,3,1,3,  ,3,3.0,0,0,1,0,0,0,0,0,0,0,0,0,0,0,0,0,0
17591,2013116908,1600.0,1558.0,14,14410,40.7959,-77.865,0,0,0,0,0,0,5,11,2013,2,15.0,1.0,0,1.0,3,2,3,  ,0,0.0,0,0,0,0,0,0,0,0,0,0,0,0,0,0,0,0,0
17592,2013117191,2233.0,2227.0,66,66227,39.9583,-76.6822,0,0,0,0,0,0,4,11,2013,4,22.0,3.0,0,1.0,3,1,3,  ,2,3.0,0,0,1,0,0,0,0,0,0,0,0,0,0,0,0,1,0
17593,2013117294,1905.0,1850.0,66,66213,39.7838,-76.6643,0,0,0,0,0,0,4,11,2013,6,18.0,2.0,0,1.0,1,2,3,  ,0,0.0,0,0,1,0,0,0,0,0,0,0,0,0,0,0,0,1,0
17594,2013117389,1844.0,1840.0,21,21104,40.2025,-76.9998,0,1,0,0,0,0,4,11,2013,4,18.0,2.0,0,1.0,3,3,3,  ,3,3.0,0,0,1,0,0,0,0,0,0,0,0,0,0,0,0,0,0
17595,2013117648,1640.0,1635.0,36,36301,40.0311,-76.2933,0,0,0,0,0,0,4,11,2013,3,16.0,1.0,0,1.0,3,0,3,  ,0,0.0,0,0,1,0,0,0,0,0,0,0,0,0,0,0,0,0,0
17596,2013118498,1949.0,1948.0,49,49407,40.8897,-76.7994,0,0,0,0,0,0,4,11,2013,3,19.0,3.0,0,1.0,1,1,3,  ,3,3.0,1,1,1,0,0,0,0,0,0,0,0,0,0,0,0,0,0
17597,2013118824,2040.0,2037.0,46,46101,40.121,-75.1219,0,0,0,0,0,1,4,11,2013,6,20.0,2.0,0,9.0,3,1,7,  ,3,3.0,1,0,1,0,0,1,0,0,0,0,0,0,0,1,0,0,0
17598,2013119658,1557.0,1557.0,46,46222,40.1617,-75.4794,0,0,0,0,0,0,4,10,2013,7,15.0,1.0,2,1.0,3,1,3,  ,2,3.0,0,0,1,0,0,1,0,0,0,0,0,0,0,0,0,0,0
17599,2013119951,556.0,556.0,46,46110,40.1897,-75.1094,0,0,0,0,0,0,4,8,2013,5,5.0,1.0,0,1.0,3,0,3,  ,0,0.0,0,0,1,0,0,0,0,0,0,0,0,0,0,0,0,1,0
17600,2013120169,2101.0,2101.0,66,66207,40.0707,-76.7098,0,0,0,0,0,0,1,11,2013,4,15.0,1.0,0,1.0,1,2,3,  ,0,0.0,0,0,0,0,0,0,0,0,0,0,0,0,0,0,0,0,0
17601,2013120668,1456.0,1455.0,43,43302,41.2359,-80.5131,0,0,0,0,0,0,2,11,2013,6,14.0,1.0,0,1.0,3,0,3,  ,0,0.0,0,0,0,0,0,0,0,0,0,0,0,0,0,0,0,0,0
17602,2013121376,205.0,201.0,67,67301,39.9418,-75.1508,0,0,0,0,0,0,6,11,2013,2,1.0,3.0,0,1.0,3,1,3,  ,2,3.0,0,0,0,0,0,0,0,0,0,0,0,0,0,0,0,0,0
17603,2013121390,1830.0,1808.0,67,67301,39.9808,-75.1385,0,0,0,0,0,1,4,10,2013,1,18.0,1.0,0,1.0,3,1,3,  ,3,3.0,0,0,1,0,0,0,0,0,0,0,0,0,0,0,0,0,0
17604,2013121400,1627.0,1627.0,67,67301,39.9286,-75.1769,0,0,0,0,1,0,4,10,2013,7,14.0,1.0,0,1.0,3,1,3,  ,3,3.0,0,0,1,0,0,0,0,0,0,0,0,0,0,0,0,0,0
17605,2013121424,2045.0,2045.0,67,67301,39.9599,-75.1938,0,0,0,0,0,1,4,10,2013,4,20.0,3.0,0,1.0,3,1,3,  ,2,3.0,1,0,1,0,0,0,0,0,0,0,0,0,0,0,0,0,0
17606,2013121425,1820.0,1820.0,67,67301,39.971,-75.215,0,0,0,0,0,0,4,10,2013,5,18.0,3.0,0,1.0,3,3,3,  ,3,3.0,0,0,1,0,0,1,0,0,0,0,0,0,0,0,0,0,0
17607,2013121471,1550.0,1546.0,67,67301,39.9348,-75.1426,0,0,0,0,0,0,4,10,2013,3,15.0,1.0,7,1.0,3,2,3,  ,0,0.0,0,0,1,0,0,0,0,0,0,0,0,0,0,0,0,0,0
17608,2013121508,5.0,5.0,67,67301,39.9359,-75.1684,0,0,0,0,0,0,1,10,2013,1,99.0,3.0,0,1.0,3,0,3,  ,0,0.0,0,0,0,0,0,0,0,0,0,0,0,0,0,0,0,0,0
17609,2013121510,1321.0,1242.0,67,67301,39.95,-75.1573,0,0,0,0,0,0,5,10,2013,3,18.0,4.0,0,1.0,3,0,3,  ,0,0.0,0,0,0,0,0,0,0,0,0,0,0,0,0,0,0,0,0
17610,2013121559,1831.0,1826.0,67,67301,39.9894,-75.1272,0,0,0,0,0,0,4,10,2013,4,99.0,3.0,0,1.0,3,3,3,  ,0,0.0,0,0,1,0,0,0,0,0,0,0,0,0,0,0,0,0,0
17611,2013121560,1530.0,1527.0,67,67301,39.9498,-75.2057,0,0,0,0,0,0,4,6,2013,6,15.0,1.0,0,1.0,3,1,3,  ,0,0.0,0,0,1,0,0,0,0,0,0,0,0,0,0,0,0,0,0
17612,2013121617,1637.0,1634.0,46,46110,40.1452,-75.1178,0,0,0,0,0,0,4,10,2013,6,16.0,1.0,0,1.0,3,0,3,  ,0,0.0,0,0,1,0,0,0,0,0,0,0,0,0,0,0,0,0,0
17613,2013121620,1718.0,1716.0,48,48302,40.6858,-75.225,0,0,0,0,0,0,4,11,2013,7,17.0,3.0,0,1.0,3,1,3,  ,0,0.0,0,0,1,0,0,0,0,0,0,0,0,0,0,0,0,0,0
17614,2013122394,754.0,746.0,21,21206,40.2132,-77.1097,0,1,0,0,0,0,4,12,2013,4,7.0,1.0,0,1.0,1,2,3,  ,3,3.0,1,0,1,0,0,0,0,0,0,0,0,0,0,0,0,0,1
17615,2013122437,1320.0,1316.0,2,2301,40.4652,-79.9578,0,0,0,0,0,0,2,12,2013,4,13.0,1.0,0,1.0,3,0,3,  ,0,0.0,0,0,0,0,0,0,0,0,0,0,0,0,0,0,0,0,0
17616,2013122461,2324.0,2321.0,67,67301,39.9515,-75.1567,0,0,1,0,0,0,4,10,2013,5,23.0,3.0,0,9.0,3,1,3,  ,2,3.0,0,0,1,0,1,0,0,0,0,0,0,0,0,0,0,0,0
17617,2013122963,1916.0,1913.0,67,67301,39.9582,-75.2355,0,0,0,0,0,0,4,11,2013,1,19.0,3.0,0,1.0,3,1,3,  ,2,3.0,0,0,1,0,0,0,0,0,0,0,0,0,0,0,0,0,0
17618,2013123014,743.0,730.0,67,67301,40.0716,-75.0325,0,0,0,0,0,0,4,10,2013,1,6.0,3.0,7,1.0,3,0,3,  ,0,0.0,0,0,1,0,0,0,0,0,0,0,0,0,0,0,0,1,0
17619,2013123045,1608.0,1603.0,67,67301,39.9735,-75.2331,0,0,0,0,0,0,4,11,2013,2,15.0,1.0,0,1.0,3,1,3,  ,3,3.0,0,0,1,0,0,0,0,0,0,0,0,0,0,0,0,0,0
17620,2013123052,2146.0,2146.0,67,67301,39.9239,-75.166,0,0,0,0,0,0,4,11,2013,7,21.0,3.0,0,1.0,3,1,3,  ,2,3.0,0,1,1,0,0,0,0,0,0,0,0,0,0,0,0,0,0
17621,2013123590,1805.0,1805.0,66,66413,39.8253,-76.9727,0,0,0,0,1,0,2,10,2013,2,18.0,1.0,0,1.0,2,0,3,  ,0,0.0,0,0,0,0,0,0,0,0,0,0,0,0,0,0,0,0,0
17622,2013123591,1511.0,1511.0,66,66413,39.8248,-76.9824,0,0,0,0,0,1,4,10,2013,7,15.0,1.0,7,1.0,2,0,3,  ,0,0.0,0,1,1,0,0,0,0,0,0,0,0,0,0,0,0,0,0
17623,2013124378,1617.0,1613.0,15,15247,39.9704,-75.5839,0,1,0,0,0,1,8,12,2013,2,16.0,1.0,2,1.0,3,2,3,  ,2,3.0,1,0,0,0,0,0,0,0,0,0,0,0,0,0,0,1,0
17624,2013124665,2326.0,2322.0,67,67301,39.9505,-75.1926,0,0,0,0,0,1,5,10,2013,3,23.0,3.0,0,1.0,3,1,3,  ,0,0.0,0,0,0,0,0,0,0,0,0,0,0,0,0,0,0,0,0
17625,2013124918,1906.0,1904.0,41,41301,41.2457,-77.0097,0,0,0,0,0,0,4,12,2013,2,19.0,3.0,0,9.0,3,1,3,  ,3,3.0,1,0,1,0,0,0,0,0,0,0,0,0,0,0,0,0,0
17626,2013125306,604.0,557.0,36,36235,40.1311,-76.3045,0,0,0,0,0,1,4,11,2013,3,5.0,2.0,7,1.0,1,0,3,  ,0,0.0,0,0,1,0,0,0,0,0,0,0,0,0,0,0,0,0,0
17627,2013125860,900.0,845.0,67,67301,39.9617,-75.1412,0,0,0,0,1,0,5,11,2013,7,9.0,1.0,0,1.0,3,0,3,  ,0,0.0,0,0,0,0,0,0,0,0,0,0,0,0,0,0,0,0,0
17628,2013125905,1550.0,1545.0,67,67301,40.0999,-74.9822,0,0,0,0,1,0,4,11,2013,7,15.0,1.0,0,1.0,3,0,3,  ,0,0.0,0,1,1,0,0,0,0,0,0,0,0,0,0,0,0,0,0
17629,2013125908,2118.0,2112.0,67,67301,39.9435,-75.2468,0,0,0,0,0,0,5,7,2013,5,99.0,3.0,0,1.0,3,2,3,  ,2,3.0,0,0,0,0,0,0,0,0,0,0,0,0,0,0,0,0,0
17630,2013125938,1550.0,1548.0,67,67301,39.9352,-75.1674,0,0,0,1,0,0,5,11,2013,4,15.0,1.0,0,1.0,3,0,3,  ,0,0.0,1,0,0,0,0,0,0,0,0,0,0,0,0,0,0,0,0
17631,2013125944,1515.0,1515.0,67,67301,39.9798,-75.1262,0,0,0,0,0,1,4,11,2013,6,21.0,3.0,0,1.0,3,1,3,  ,3,3.0,0,0,1,0,0,0,0,0,0,0,0,0,0,0,0,0,0
17632,2013125974,1243.0,1241.0,67,67301,39.9616,-75.175,0,0,0,0,0,1,4,11,2013,7,12.0,1.0,0,9.0,3,1,3,  ,2,3.0,0,0,1,0,0,0,0,0,0,0,0,0,0,0,0,0,0
17633,2013125977,1945.0,1944.0,67,67301,40.0238,-75.1239,0,1,0,0,1,0,4,6,2013,4,19.0,3.0,0,1.0,3,5,3,  ,2,3.0,0,0,1,0,0,0,0,0,0,0,0,0,0,0,0,1,0
17634,2013125979,1807.0,1802.0,67,67301,39.9536,-75.1732,0,0,0,0,0,0,4,11,2013,4,17.0,3.0,0,1.0,3,1,3,  ,2,3.0,0,0,1,0,0,0,0,0,0,0,0,0,0,0,0,0,0
17635,2013126002,2127.0,2124.0,67,67301,39.9551,-75.1856,0,0,0,0,0,1,4,11,2013,6,21.0,3.0,0,1.0,3,2,3,  ,2,3.0,1,0,1,0,0,0,0,0,0,0,0,0,0,0,0,0,0
17636,2013126532,852.0,852.0,67,67301,39.9572,-75.142,0,0,0,1,0,0,4,5,2013,5,8.0,1.0,0,1.0,3,1,3,  ,2,3.0,1,0,1,0,1,0,0,0,0,0,0,0,0,0,0,0,0
17637,2013126705,1832.0,1829.0,35,35406,41.4615,-75.6222,0,0,0,0,0,1,2,12,2013,5,18.0,3.0,0,1.0,3,1,3,  ,0,0.0,0,0,0,0,0,0,0,0,0,0,0,0,0,0,0,0,0
17638,2013126977,1210.0,1204.0,67,67301,39.9664,-75.2075,0,0,0,0,0,0,5,11,2013,3,12.0,1.0,0,1.0,3,1,3,  ,2,3.0,0,0,0,0,0,1,0,0,0,0,0,0,0,0,0,1,0
17639,2013126990,1113.0,1109.0,67,67301,40.0198,-75.1916,0,0,0,0,0,1,4,11,2013,1,11.0,1.0,0,1.0,3,3,3,  ,0,0.0,1,0,1,0,0,0,0,0,0,0,0,0,0,0,0,0,0
17640,2013127249,1651.0,1651.0,36,36215,40.0391,-76.2655,0,0,0,0,0,0,4,12,2013,6,16.0,4.0,0,1.0,1,0,3,  ,0,0.0,1,0,1,0,0,0,0,0,0,0,0,0,0,0,0,0,0
17641,2013127893,215.0,213.0,40,40304,41.2338,-75.8739,0,0,0,0,0,1,4,12,2013,3,2.0,3.0,0,1.0,3,1,3,  ,2,3.0,0,1,1,0,0,0,0,0,0,0,0,0,0,0,0,0,0
17642,2013129402,805.0,800.0,67,67301,39.962,-75.2283,0,0,0,0,0,1,4,11,2013,4,7.0,1.0,0,1.0,3,1,3,  ,3,3.0,0,0,1,0,0,0,0,0,0,0,0,0,0,0,0,0,0
17643,2013129471,2125.0,2124.0,67,67301,39.9921,-75.1214,0,0,0,0,1,0,5,11,2013,7,21.0,3.0,0,1.0,3,0,3,  ,0,0.0,0,0,0,0,0,0,0,0,0,0,0,0,0,0,0,0,0
17644,2013129473,1035.0,1035.0,67,67301,39.9554,-75.1711,0,0,0,0,0,0,4,11,2013,1,10.0,1.0,0,1.0,3,1,3,  ,2,3.0,1,0,1,0,0,0,0,0,0,0,0,1,0,0,0,0,0
17645,2013129927,740.0,740.0,23,23111,39.9525,-75.2982,0,0,0,0,0,0,2,12,2013,4,7.0,1.0,0,2.0,3,0,3,  ,0,0.0,0,0,0,0,0,0,0,0,0,0,0,0,0,0,0,0,0
17646,2013130049,1731.0,1727.0,67,67301,39.9416,-75.1524,0,0,0,0,0,0,4,11,2013,4,17.0,3.0,0,1.0,3,1,3,  ,3,3.0,1,0,1,0,0,0,0,0,0,0,0,0,0,0,0,0,0
17647,2013130054,1122.0,1121.0,67,67301,39.9461,-75.1768,0,0,0,0,0,0,4,11,2013,6,11.0,1.0,0,9.0,3,1,7,  ,2,3.0,0,0,1,0,0,0,0,0,0,0,0,0,0,0,0,0,0
17648,2013130066,1749.0,1745.0,67,67301,40.0184,-75.125,0,0,0,0,0,1,4,11,2013,1,17.0,3.0,0,1.0,3,1,3,  ,2,3.0,0,0,1,0,0,0,0,0,0,0,0,0,0,0,0,0,0
17649,2013130084,1750.0,1746.0,67,67301,39.9398,-75.1641,0,0,0,0,0,0,4,11,2013,3,17.0,3.0,0,1.0,3,1,3,  ,3,3.0,0,0,1,0,0,0,0,0,0,0,0,0,0,0,0,0,1
17650,2013130104,1802.0,1800.0,67,67301,39.9379,-75.1537,0,0,0,0,0,1,4,11,2013,4,17.0,3.0,0,9.0,3,1,7,  ,3,3.0,0,0,1,0,0,0,0,0,0,0,0,0,0,0,0,0,0