,CRN,ARRIVAL_TM,DISPATCH_TM,COUNTY,MUNICIPALITY,DEC_LAT,DEC_LONG,BICYCLE_DEATH_COUNT,BICYCLE_SUSP_SERIOUS_INJ_COUNT,BUS_COUNT,HEAVY_TRUCK_COUNT,SMALL_TRUCK_COUNT,SUV_COUNT,COLLISION_TYPE,CRASH_MONTH,CRASH_YEAR,DAY_OF_WEEK,HOUR_OF_DAY,ILLUMINATION,LOCATION_TYPE,ROAD_CONDITION,URBAN_RURAL,INTERSECT_TYPE,WEATHER1,WEATHER2,TCD_TYPE,TCD_FUNC_CD,AGGRESSIVE_DRIVING,ALCOHOL_RELATED,ANGLE_CRASH,CELL_PHONE,COMM_VEHICLE,DISTRACTED,DRINKING_DRIVER,DRUGGED_DRIVER,FATIGUE_ASLEEP,IMPAIRED_DRIVER,NHTSA_AGG_DRIVING,RUNNING_RED_LT,RUNNING_STOP_SIGN,SPEEDING_RELATED,TAILGATING,MATURE_DRIVER,YOUNG_DRIVER
17651,2013130115,856.0,855.0,67,67301,39.9773,-75.1982,0,1,0,0,0,1,4,10,2013,5,8.0,1.0,0,1.0,3,2,3,  ,2,3.0,0,0,1,0,0,0,0,0,0,0,0,0,0,0,0,0,0
17652,2013130122,1930.0,1920.0,67,67301,39.9911,-75.1329,0,0,0,0,0,0,4,8,2013,6,19.0,1.0,0,1.0,3,1,3,  ,2,3.0,0,0,1,0,0,0,0,0,0,0,0,0,0,0,0,0,0
17653,2013130123,1557.0,1554.0,67,67301,39.9496,-75.2092,0,0,0,0,0,0,5,11,2013,3,15.0,1.0,0,1.0,3,1,3,  ,2,3.0,0,0,0,0,0,0,0,0,0,0,0,0,0,0,0,0,0
17654,2013130125,1520.0,1515.0,67,67301,40.0205,-75.1924,0,0,0,0,0,0,5,11,2013,4,14.0,1.0,0,1.0,3,0,3,  ,0,0.0,0,0,0,0,0,0,0,0,0,0,0,0,0,0,0,0,0
17655,2013130126,2144.0,2142.0,67,67301,39.9452,-75.1581,0,0,0,0,0,1,4,11,2013,2,21.0,3.0,0,1.0,3,1,3,  ,0,0.0,1,0,1,0,0,0,0,0,0,0,0,0,0,0,0,0,0
17656,2013130795,1909.0,1907.0,8,8412,41.7714,-76.4433,0,0,0,0,1,0,2,12,2013,2,19.0,3.0,0,9.0,1,2,3,  ,3,3.0,0,0,0,0,0,0,0,0,0,0,0,0,0,0,0,0,0
17657,2013130894,1451.0,1448.0,23,23414,39.9171,-75.3913,0,0,0,0,0,0,4,12,2013,6,14.0,1.0,0,1.0,3,1,3,  ,2,3.0,0,0,1,0,0,0,0,0,0,0,0,0,0,0,0,0,0
17658,2013132194,707.0,705.0,66,66413,39.8031,-76.9848,0,0,0,0,0,0,4,11,2013,7,7.0,1.0,7,1.0,2,0,3,  ,0,0.0,1,0,1,0,0,0,0,0,0,0,0,0,0,0,0,1,0
17659,2013132441,1710.0,1657.0,2,2446,40.4315,-79.7917,0,0,0,0,0,0,1,12,2013,3,16.0,3.0,0,1.0,3,0,3,  ,0,0.0,1,0,0,0,0,0,0,0,0,0,0,0,0,1,0,1,0
17660,2013132848,1641.0,1633.0,9,9101,40.0914,-74.8966,0,0,0,0,0,0,2,12,2013,5,16.0,1.0,0,1.0,3,2,3,  ,2,3.0,0,0,0,0,0,0,0,0,0,0,0,0,0,0,0,0,0
17661,2013133083,1220.0,9999.0,67,67301,39.9661,-75.1793,0,0,0,0,0,0,5,10,2013,3,8.0,1.0,0,1.0,3,10,3,  ,1,3.0,0,0,0,0,0,0,0,0,0,0,0,0,0,0,0,0,0
17662,2013133105,1711.0,1701.0,14,14410,40.7968,-77.8725,0,0,0,0,0,0,4,12,2013,6,16.0,3.0,0,1.0,3,1,3,  ,2,3.0,0,0,1,0,0,1,0,0,0,0,0,0,0,0,0,0,0
17663,2013133131,1253.0,1246.0,36,36235,40.1758,-76.2781,0,0,0,0,0,0,4,8,2013,6,12.0,1.0,0,1.0,1,2,3,  ,3,3.0,0,0,1,0,0,0,0,0,0,0,0,0,0,0,0,0,0
17664,2013133488,1500.0,1458.0,39,39302,40.6252,-75.3855,0,0,0,0,0,0,4,12,2013,6,14.0,1.0,0,1.0,3,2,3,  ,0,0.0,0,1,1,0,0,1,0,1,0,1,0,0,0,0,0,0,0
17665,2013134057,1515.0,1510.0,7,7301,40.5232,-78.3963,0,0,0,0,0,1,4,12,2013,5,15.0,1.0,0,9.0,3,1,10,  ,2,3.0,0,0,1,0,0,0,0,0,0,0,0,0,0,0,0,0,0
17666,2013134091,1536.0,1529.0,25,25302,42.1324,-80.0872,0,0,0,0,0,0,4,12,2013,2,15.0,1.0,0,1.0,3,1,3,  ,2,3.0,0,0,1,0,0,0,0,0,0,0,0,0,0,0,0,0,0
17667,2014000394,1218.0,1215.0,36,36101,40.0669,-76.3044,0,0,0,0,0,0,4,12,2013,7,12.0,1.0,7,1.0,3,2,3,  ,2,3.0,1,0,1,0,0,0,0,0,0,0,0,0,0,0,0,1,0
17668,2014000491,1544.0,1544.0,23,23103,39.9796,-75.3046,0,0,0,0,0,0,1,12,2013,3,15.0,1.0,0,1.0,3,2,3,  ,0,0.0,0,0,0,0,0,0,0,0,0,0,0,0,0,0,0,0,0
17669,2014000878,1746.0,1743.0,46,46103,40.2588,-75.265,0,0,0,0,0,1,4,12,2013,3,17.0,3.0,0,1.0,3,0,3,  ,2,3.0,0,0,1,0,0,0,0,0,0,0,0,0,0,0,0,0,0
17670,2014000970,1803.0,1801.0,67,67301,39.9554,-75.2002,0,1,0,0,0,0,1,11,2013,7,17.0,3.0,0,1.0,3,0,3,  ,0,0.0,0,0,0,0,0,0,0,0,0,0,0,0,0,0,0,0,0
17671,2014001025,835.0,830.0,67,67301,39.9576,-75.206,0,0,0,0,0,0,4,12,2013,4,8.0,1.0,0,1.0,3,1,3,  ,2,3.0,0,0,1,0,0,0,0,0,0,0,0,0,0,0,0,0,0
17672,2014001026,1313.0,1310.0,67,67301,39.975,-75.187,0,0,0,0,0,0,5,12,2013,3,10.0,1.0,0,1.0,3,0,3,  ,0,0.0,0,0,0,0,0,0,0,0,0,0,0,0,0,0,0,0,0
17673,2014001030,1400.0,1358.0,67,67301,39.9806,-75.2143,0,0,0,0,0,0,5,11,2013,2,13.0,1.0,0,1.0,3,0,3,  ,2,3.0,0,0,0,0,0,0,0,0,0,0,0,0,0,0,0,0,0
17674,2014001089,2041.0,2039.0,67,67301,39.9524,-75.1468,0,0,0,0,0,0,4,11,2013,6,99.0,3.0,0,1.0,3,1,3,  ,2,3.0,0,0,1,0,0,0,0,0,0,0,0,0,0,0,0,0,0
17675,2014001163,1819.0,1817.0,23,23103,39.9726,-75.3176,0,0,0,0,0,0,4,12,2013,2,18.0,3.0,0,9.0,3,2,7,  ,0,0.0,0,0,1,0,0,0,0,0,0,0,0,0,0,0,0,0,0
17676,2014001166,946.0,942.0,39,39103,40.5775,-75.527,0,0,0,0,0,0,4,12,2013,2,9.0,1.0,0,1.0,1,2,3,  ,3,3.0,1,0,1,0,0,0,0,0,0,0,0,0,0,0,0,1,0
17677,2014002737,2319.0,2314.0,67,67301,39.9255,-75.1452,0,0,0,0,1,0,5,11,2013,5,22.0,3.0,0,1.0,3,0,3,  ,0,0.0,0,0,0,0,0,0,0,0,0,0,0,0,0,0,0,0,0
17678,2014002832,1330.0,1319.0,67,67301,39.9513,-75.1551,0,0,0,0,0,0,5,12,2013,3,99.0,1.0,0,1.0,3,1,3,  ,2,3.0,0,0,0,0,0,0,0,0,0,0,0,0,0,0,0,0,0
17679,2014003855,9999.0,9999.0,67,67301,39.9947,-75.1727,0,0,0,0,0,1,4,12,2013,2,5.0,3.0,0,2.0,3,1,3,  ,3,3.0,0,0,1,0,0,0,0,0,0,0,0,0,0,0,0,0,0
17680,2014008066,642.0,626.0,28,28404,39.8421,-77.564,0,0,0,0,0,0,8,12,2013,6,6.0,6.0,0,1.0,1,2,3,  ,3,3.0,0,0,0,0,0,0,0,0,0,0,0,0,0,0,0,0,0
17681,2014009656,1830.0,1824.0,67,67301,39.9693,-75.1846,0,0,0,0,0,1,4,11,2013,3,18.0,2.0,0,9.0,3,1,7,  ,2,3.0,0,0,1,0,0,0,0,0,0,0,0,0,0,0,0,0,1
17682,2014009674,1020.0,1016.0,67,67301,39.947,-75.1772,0,0,0,0,1,0,5,11,2013,4,10.0,1.0,0,9.0,3,0,7,  ,0,0.0,0,0,0,0,0,0,0,0,0,0,0,0,0,0,0,0,0
17683,2014009699,1115.0,1109.0,67,67301,39.904,-75.2401,0,0,0,0,0,0,4,12,2013,3,11.0,1.0,0,1.0,3,1,3,  ,2,3.0,0,0,1,0,0,0,0,0,0,0,0,0,0,0,0,0,1
17684,2014009701,1120.0,1120.0,67,67301,39.9564,-75.1645,0,0,0,0,0,1,5,12,2013,4,11.0,1.0,0,1.0,3,1,3,  ,2,3.0,0,0,0,0,0,0,0,0,0,0,0,0,0,0,0,0,0
17685,2014009719,2245.0,2241.0,67,67301,39.9261,-75.228,0,0,0,0,0,0,4,12,2013,2,22.0,3.0,0,1.0,3,1,3,  ,2,3.0,0,0,1,0,0,0,0,0,0,0,0,0,0,0,0,0,0
17686,2014009781,950.0,945.0,67,67301,39.9767,-75.1279,0,0,0,0,0,1,4,12,2013,6,9.0,1.0,0,1.0,3,2,3,  ,0,0.0,0,0,1,0,0,0,0,0,0,0,0,0,0,0,0,0,0
17687,2014009807,800.0,755.0,67,67301,39.9566,-75.1459,0,0,0,0,0,0,4,12,2013,2,7.0,3.0,0,9.0,3,1,7,  ,3,3.0,0,0,1,0,0,0,0,0,0,0,0,0,0,0,0,0,0
17688,2014009837,1930.0,1928.0,67,67301,39.9247,-75.1594,0,0,0,0,0,0,4,12,2013,6,19.0,3.0,0,1.0,3,1,3,  ,3,3.0,0,0,1,0,0,0,0,0,0,0,0,0,0,0,0,0,0
17689,2014009838,1211.0,1159.0,67,67301,39.9374,-75.1583,0,0,0,0,0,0,5,12,2013,7,11.0,1.0,0,1.0,3,0,3,  ,0,0.0,0,0,0,0,0,0,0,0,0,0,0,0,0,0,0,0,0
17690,2014009876,1905.0,1902.0,67,67301,39.9273,-75.1825,0,0,0,0,0,0,4,12,2013,4,19.0,3.0,0,1.0,3,1,3,  ,3,3.0,0,0,1,0,0,0,0,0,0,0,0,0,0,0,0,0,0
17691,2014010351,200.0,150.0,67,67301,39.9441,-75.1805,0,0,0,0,1,0,4,12,2013,3,21.0,3.0,0,1.0,3,1,3,  ,3,3.0,0,0,1,0,0,0,0,0,0,0,0,0,0,0,0,0,0
17692,2014010373,1610.0,1605.0,67,67301,39.9497,-75.1674,0,0,0,0,1,0,5,11,2013,6,16.0,1.0,0,1.0,3,1,3,  ,2,3.0,0,0,0,0,0,0,0,0,0,0,0,0,0,0,0,0,0
17693,2014010818,1704.0,1635.0,49,49217,40.8787,-76.7862,0,0,0,0,0,0,5,12,2013,6,16.0,4.0,0,1.0,1,0,3,  ,0,0.0,1,0,0,0,0,0,0,0,0,0,0,0,0,0,0,0,1
17694,2014013034,750.0,741.0,67,67301,39.9592,-75.1755,0,0,0,0,0,0,4,12,2013,3,7.0,1.0,0,1.0,3,1,3,  ,2,3.0,0,0,1,0,0,0,0,0,0,0,0,0,0,0,0,0,0
17695,2014013098,15.0,8.0,67,67301,39.9703,-75.1466,0,0,0,0,0,0,4,12,2013,1,22.0,3.0,0,1.0,3,2,3,  ,2,3.0,0,0,1,0,0,0,0,0,0,0,0,0,0,0,0,0,0
17696,2014013646,1450.0,1440.0,47,47206,40.9598,-76.5861,0,0,0,0,0,0,1,10,2013,7,14.0,1.0,0,1.0,1,0,3,  ,0,0.0,0,0,0,0,0,0,0,0,0,0,0,0,0,0,0,1,0
17697,2014015008,,,67,67301,40.0457,-75.0315,0,0,0,0,0,0,1,10,2013,4,19.0,6.0,0,1.0,3,1,5,  ,2,3.0,0,0,0,0,0,0,0,0,0,0,0,0,0,1,0,0,0
17698,2014015545,,,67,67301,39.964,-75.1845,0,0,0,0,1,0,4,10,2013,6,10.0,1.0,8,1.0,3,0,3,  ,0,0.0,0,0,1,0,0,0,0,0,0,0,0,0,0,0,0,0,0
17699,2014016942,1854.0,1850.0,67,67301,39.9522,-75.2408,0,0,0,0,0,0,4,9,2013,7,18.0,1.0,0,1.0,3,1,3,  ,9,9.0,0,0,1,0,0,0,0,0,0,0,0,0,0,0,0,0,0
17700,2014017076,1744.0,1737.0,66,66101,39.9627,-76.6995,0,0,0,0,0,1,4,12,2013,2,17.0,3.0,0,9.0,1,2,3,  ,3,3.0,1,0,1,1,0,1,0,0,0,0,0,0,0,1,0,0,0
17701,2014022423,2334.0,2330.0,46,46104,39.9843,-75.2737,0,0,0,0,0,1,4,12,2013,4,23.0,3.0,0,9.0,3,2,7,  ,3,3.0,1,0,1,0,0,0,0,0,0,0,0,0,0,0,0,0,1
17702,2014024355,742.0,737.0,67,67301,39.9459,-75.2403,0,0,0,0,0,0,4,12,2013,5,7.0,1.0,0,9.0,3,1,5,  ,2,3.0,0,0,1,0,0,0,0,0,0,0,0,0,0,0,0,0,0
17703,2017012559,1320.0,1319.0,22,22208,40.2839,-76.8093,0,0,0,0,0,1,4,12,2013,6,13.0,1.0,0,1.0,3,1,3,  ,3,3.0,1,0,1,0,0,0,0,0,0,0,0,0,0,0,0,0,0
17704,2014002203,1247.0,1242.0,38,38209,40.3471,-76.3932,0,0,0,0,0,0,4,1,2014,2,12.0,1.0,0,9.0,1,1,3,  ,3,3.0,0,0,1,0,0,0,0,0,0,0,0,0,0,0,0,0,0
17705,2014004054,2210.0,2209.0,23,23409,39.8668,-75.3408,0,0,0,0,0,0,4,1,2014,5,22.0,3.0,7,1.0,3,0,3,  ,3,3.0,0,0,1,0,0,0,0,0,0,0,0,0,0,0,0,0,0
17706,2014004460,1842.0,1835.0,2,2301,40.4653,-79.9145,0,0,0,0,0,1,6,1,2014,6,18.0,3.0,0,9.0,3,1,7,  ,3,3.0,0,0,0,0,0,0,0,0,0,0,0,0,0,0,0,0,0
17707,2014005587,1845.0,1840.0,23,23111,39.9536,-75.2588,0,0,0,0,1,0,4,1,2014,2,18.0,1.0,0,1.0,3,2,3,  ,3,3.0,0,0,1,0,0,0,0,0,0,0,0,0,0,0,0,0,0
17708,2014005797,856.0,853.0,9,9422,40.2474,-74.8409,1,0,0,0,0,0,8,1,2014,2,8.0,1.0,0,2.0,3,0,3,  ,0,0.0,1,0,0,0,0,0,0,0,0,0,0,0,0,1,0,1,0
17709,2014006780,1255.0,1250.0,9,9208,40.172,-74.8341,0,1,0,0,0,1,8,1,2014,4,12.0,1.0,0,1.0,3,1,3,  ,2,3.0,0,0,0,0,0,0,0,0,0,0,0,0,0,0,0,0,0
17710,2014007268,1643.0,1641.0,48,48302,40.7033,-75.2074,0,0,0,0,0,0,4,1,2014,2,16.0,1.0,0,1.0,3,1,3,  ,3,3.0,0,0,1,0,0,1,0,0,0,0,0,0,0,0,0,0,0
17711,2014007557,1856.0,1846.0,11,11301,40.323,-78.919,0,0,0,0,1,0,4,1,2014,3,18.0,3.0,0,1.0,3,0,3,  ,0,0.0,0,0,1,0,0,0,0,0,0,0,0,0,0,0,0,0,0
17712,2014008362,1904.0,1900.0,48,48301,40.6408,-75.3543,0,0,0,0,0,0,1,1,2014,2,18.0,3.0,0,1.0,3,0,3,  ,0,0.0,0,0,0,0,0,0,0,1,0,1,0,0,0,0,0,0,1
17713,2014008424,1634.0,1633.0,9,9421,40.1446,-74.815,1,0,0,0,0,0,8,1,2014,1,16.0,1.0,0,1.0,3,0,3,  ,8,3.0,0,0,0,0,0,0,0,1,0,1,0,0,0,0,0,0,0
17714,2014013737,1811.0,1801.0,53,53220,40.703,-76.1876,0,0,0,0,0,0,1,1,2014,5,18.0,2.0,0,1.0,1,0,3,  ,0,0.0,0,0,0,0,0,0,0,0,0,0,0,0,0,0,0,0,0
17715,2014014098,1756.0,1756.0,46,46103,40.2847,-75.2621,0,0,0,0,0,1,4,2,2014,7,17.0,3.0,0,1.0,3,1,3,  ,2,3.0,0,0,1,0,0,0,0,0,0,0,0,0,0,0,0,0,0
17716,2014014564,1319.0,1318.0,46,46101,40.1204,-75.1613,0,0,0,0,0,1,4,1,2014,6,13.0,1.0,0,1.0,3,1,3,  ,3,3.0,1,0,1,0,0,0,0,0,0,0,0,0,0,0,0,0,0
17717,2014015557,1359.0,1358.0,35,35407,41.4262,-75.6224,0,0,0,0,0,0,4,2,2014,3,99.0,3.0,0,1.0,3,1,3,  ,3,3.0,0,0,1,0,0,0,0,0,0,0,0,0,0,0,0,0,0
17718,2014016165,1100.0,1059.0,67,67301,39.9318,-75.1594,0,0,0,0,0,0,4,1,2014,4,10.0,1.0,0,1.0,3,1,3,  ,3,3.0,0,0,1,0,0,0,0,0,0,0,0,0,0,0,0,0,0
17719,2014016172,659.0,654.0,67,67301,39.9462,-75.1466,0,0,0,0,0,1,5,1,2014,2,6.0,6.0,0,1.0,3,0,3,  ,0,0.0,0,0,0,0,0,0,0,0,0,0,0,0,0,0,0,0,0
17720,2014016899,1605.0,1600.0,2,2301,40.4428,-79.9969,0,0,0,0,0,0,5,1,2014,5,16.0,1.0,0,1.0,3,2,3,  ,0,0.0,0,0,0,0,0,0,0,0,0,0,0,0,0,0,0,0,0
17721,2014018857,1331.0,1326.0,43,43303,41.2334,-80.4626,0,0,0,0,1,0,6,2,2014,3,13.0,1.0,0,1.0,3,0,3,  ,0,0.0,0,0,0,0,0,0,0,0,0,0,0,0,0,0,0,0,0
17722,2014019014,1128.0,1122.0,2,2301,40.4218,-79.9298,0,0,0,0,0,0,4,2,2014,4,11.0,1.0,0,1.0,3,1,3,  ,3,3.0,0,0,1,0,0,1,0,0,0,0,0,0,0,0,0,0,0
17723,2014019101,939.0,936.0,67,67301,39.9379,-75.1537,0,0,0,0,1,0,4,1,2014,6,9.0,1.0,0,1.0,3,1,3,  ,3,3.0,0,0,1,0,0,0,0,0,0,0,0,0,0,0,0,0,0
17724,2014021245,1834.0,1831.0,40,40101,41.1874,-75.9725,1,0,0,0,0,0,5,2,2014,3,18.0,2.0,0,1.0,3,0,3,  ,0,0.0,0,0,0,0,0,0,0,0,0,0,0,0,0,0,0,0,0
17725,2014021471,1520.0,1518.0,21,21103,40.2601,-76.9899,0,0,0,0,0,0,2,2,2014,2,15.0,1.0,0,1.0,3,2,3,  ,3,3.0,1,1,0,0,0,0,0,0,0,0,0,0,0,0,0,0,0
17726,2014022036,9999.0,1605.0,67,67301,39.969,-75.1365,0,0,0,0,0,1,4,1,2014,4,16.0,1.0,0,1.0,3,0,3,  ,0,0.0,0,0,1,0,0,0,0,0,0,0,0,0,0,0,0,0,0
17727,2014022877,1705.0,1700.0,2,2301,40.4346,-79.9546,0,0,0,0,0,1,4,2,2014,6,17.0,1.0,0,1.0,3,1,3,  ,2,3.0,0,0,1,0,0,0,0,0,0,0,0,0,0,0,0,0,0
17728,2014022903,1812.0,1810.0,25,25213,42.077,-80.1128,0,1,0,1,0,0,4,2,2014,6,18.0,4.0,0,1.0,3,2,3,  ,3,3.0,1,0,1,0,1,0,0,0,0,0,0,0,0,0,0,0,0
17729,2014024467,2346.0,2345.0,67,67301,39.9787,-75.1578,0,0,0,0,0,0,4,2,2014,3,23.0,3.0,0,1.0,3,1,3,  ,2,3.0,1,0,1,0,0,0,0,1,0,1,1,0,0,1,0,0,1
17730,2014025000,1819.0,1816.0,39,39301,40.5869,-75.4673,0,0,0,0,0,0,8,2,2014,4,17.0,1.0,0,1.0,3,1,3,  ,0,0.0,0,0,0,0,0,0,0,0,0,0,0,0,0,0,0,0,0
17731,2014025519,1805.0,1757.0,67,67301,39.9566,-75.1997,0,0,0,0,0,0,4,1,2014,3,17.0,3.0,0,9.0,3,0,7,  ,0,0.0,0,0,1,0,0,0,0,0,0,0,0,0,0,0,0,0,0
17732,2014025666,1300.0,1254.0,19,19222,41.0058,-76.4326,0,0,0,0,1,0,4,2,2014,3,12.0,1.0,0,1.0,1,0,3,  ,0,0.0,0,0,1,0,0,0,0,0,0,0,0,0,0,0,0,0,0
17733,2014026634,2235.0,2231.0,7,7301,40.514,-78.3961,0,0,0,0,0,1,4,2,2014,6,22.0,2.0,0,1.0,3,1,3,  ,3,3.0,0,0,1,0,0,0,0,0,0,0,0,0,0,0,0,0,0
17734,2014026707,823.0,810.0,28,28213,40.0189,-77.5716,0,0,0,0,0,0,8,2,2014,1,8.0,1.0,0,1.0,1,0,3,  ,0,0.0,0,0,0,0,0,1,0,0,0,0,0,0,0,0,0,1,0
17735,2014027685,1705.0,1700.0,39,39301,40.6153,-75.4736,0,0,0,0,0,0,1,3,2014,4,16.0,1.0,0,1.0,3,1,3,  ,0,0.0,0,0,0,0,0,0,0,0,0,0,0,0,0,0,0,0,0
17736,2014028051,1340.0,1340.0,67,67301,40.0035,-75.0947,0,0,0,0,0,0,1,1,2014,3,7.0,1.0,0,1.0,3,0,99,  ,0,0.0,0,0,0,0,0,0,0,0,0,0,0,0,0,0,0,0,0
17737,2014028053,1335.0,1335.0,67,67301,39.999,-75.1089,0,0,0,0,0,0,5,2,2014,6,13.0,1.0,0,1.0,3,0,3,  ,0,0.0,0,0,0,0,0,0,0,0,0,0,0,0,0,0,0,0,0
17738,2014028473,1915.0,1912.0,59,59402,40.9621,-76.8807,0,0,0,0,0,0,4,3,2014,4,19.0,3.0,0,1.0,2,1,3,  ,3,3.0,1,0,1,0,0,0,0,0,0,0,0,0,1,0,0,0,0
17739,2014028876,1739.0,1735.0,2,2466,40.4841,-79.7064,0,0,0,0,0,1,4,3,2014,3,17.0,1.0,0,1.0,3,2,3,  ,3,3.0,0,0,1,0,0,0,0,0,0,0,0,0,0,0,0,0,0
17740,2014028884,1852.0,1850.0,43,43303,41.2333,-80.4732,0,0,0,0,0,0,4,3,2014,1,18.0,1.0,7,1.0,3,0,3,  ,0,0.0,1,0,1,0,0,0,0,0,0,0,0,0,0,0,0,0,0
17741,2014029063,1533.0,1531.0,15,15414,39.959,-75.612,0,1,0,0,1,0,4,3,2014,7,15.0,1.0,7,1.0,3,0,3,  ,0,0.0,1,1,1,0,0,0,1,0,0,1,1,0,0,0,0,1,0
17742,2014029253,1716.0,1713.0,62,62217,40.3157,-80.2582,0,0,0,0,0,0,8,3,2014,2,17.0,1.0,0,1.0,1,3,3,  ,0,0.0,1,0,0,0,0,0,0,0,0,0,0,0,0,0,0,0,0
17743,2014029473,1908.0,1906.0,15,15301,39.9812,-75.8312,0,0,0,0,0,1,4,3,2014,3,19.0,4.0,0,1.0,3,2,3,  ,2,3.0,0,0,1,0,0,0,0,0,0,0,0,0,0,0,0,0,0
17744,2014029633,2217.0,2216.0,23,23405,39.9139,-75.2905,0,0,0,0,1,0,5,3,2014,3,21.0,3.0,0,1.0,3,0,3,  ,0,0.0,0,0,0,0,0,0,0,0,0,0,0,0,0,0,0,0,0
17745,2014029854,1509.0,1506.0,67,67301,39.9788,-75.2017,0,0,0,0,1,0,1,2,2014,3,15.0,1.0,0,1.0,3,0,3,  ,0,0.0,0,0,0,0,0,1,0,0,0,0,0,0,0,0,0,0,0
17746,2014030092,1455.0,1450.0,66,66231,39.9676,-76.8141,0,0,0,0,0,0,4,3,2014,7,14.0,1.0,0,1.0,1,1,3,  ,3,3.0,0,0,1,0,0,0,0,0,0,0,0,0,0,0,0,0,0
17747,2014030293,1737.0,1727.0,67,67301,39.9397,-75.2255,0,0,0,0,0,0,4,2,2014,3,17.0,4.0,0,2.0,3,1,3,  ,1,3.0,1,0,1,0,0,0,0,0,0,0,0,1,0,0,0,0,0
17748,2014030897,2019.0,2019.0,28,28401,39.9282,-77.6612,0,0,0,0,0,1,4,3,2014,7,20.0,3.0,0,1.0,1,2,3,  ,3,3.0,0,0,1,0,0,0,0,0,0,0,0,0,0,0,0,0,0
17749,2014030920,2012.0,2008.0,66,66301,39.9597,-76.7263,0,0,0,0,0,1,4,3,2014,6,20.0,3.0,0,1.0,3,1,3,  ,2,3.0,1,0,1,0,0,0,0,0,0,0,0,0,0,0,0,0,0
17750,2014030922,838.0,835.0,61,61301,41.8432,-79.1391,0,0,0,0,0,0,4,3,2014,3,8.0,1.0,0,1.0,2,1,3,  ,2,3.0,0,1,1,0,0,0,0,0,0,0,0,0,0,0,0,0,0
17751,2014031363,1948.0,1945.0,46,46105,40.1449,-75.0385,0,0,0,0,0,0,2,3,2014,7,19.0,2.0,0,1.0,3,2,3,  ,0,0.0,0,0,0,0,0,0,0,0,0,0,0,0,0,0,0,0,1
17752,2014031626,1109.0,1107.0,39,39301,40.589,-75.4736,0,0,0,0,0,0,2,3,2014,3,9.0,1.0,0,1.0,3,5,3,  ,2,3.0,0,0,0,0,0,0,0,0,0,0,0,0,0,0,0,0,0
17753,2014031684,1734.0,1732.0,2,2301,40.4409,-80.0348,0,0,0,0,0,0,4,3,2014,3,17.0,1.0,0,1.0,3,1,3,  ,2,3.0,1,0,1,0,0,0,0,0,0,0,0,0,0,0,0,0,1
17754,2014032029,1655.0,1652.0,15,15228,40.2385,-75.6517,0,0,0,0,0,0,5,1,2014,2,16.0,1.0,2,2.0,1,2,3,  ,0,0.0,0,0,0,0,0,0,0,0,0,0,0,0,0,0,0,0,0
17755,2014032347,1945.0,1938.0,67,67301,39.9587,-75.1621,0,0,0,0,0,0,4,2,2014,2,19.0,3.0,0,1.0,3,1,3,  ,0,0.0,0,0,1,0,0,0,0,0,0,0,0,0,0,0,0,0,0
17756,2014032349,1358.0,1356.0,67,67301,39.9289,-75.1785,0,0,0,0,1,0,4,2,2014,1,13.0,1.0,0,1.0,3,1,3,  ,0,0.0,0,0,1,0,0,0,0,0,0,0,0,0,0,0,0,0,0
17757,2014032436,2107.0,2106.0,67,67301,39.9172,-75.2463,0,0,0,0,0,0,4,1,2014,2,21.0,3.0,0,1.0,3,1,99,  ,2,3.0,0,0,1,0,0,0,0,0,0,0,0,0,0,0,0,0,0
17758,2014032479,1615.0,1614.0,67,67301,39.9539,-75.2006,0,0,0,0,0,0,5,2,2014,3,16.0,1.0,0,1.0,3,0,3,  ,0,0.0,0,0,0,0,0,1,0,0,0,0,0,0,0,0,0,0,0
17759,2014032633,1535.0,1503.0,59,59204,40.8778,-77.1738,1,0,0,0,0,0,4,3,2014,5,15.0,1.0,0,1.0,1,2,3,  ,3,3.0,0,0,1,0,0,0,0,0,0,0,0,0,0,0,0,0,1
17760,2014032835,1639.0,1632.0,9,9101,40.1583,-74.8468,0,0,0,0,1,0,4,3,2014,6,16.0,1.0,0,1.0,3,2,3,  ,3,3.0,0,0,1,0,0,0,0,0,0,0,0,0,0,0,0,0,0
17761,2014032851,1745.0,1745.0,35,35302,41.4031,-75.669,0,0,0,0,0,1,4,3,2014,6,17.0,1.0,0,1.0,3,1,3,  ,2,3.0,0,0,1,0,0,0,0,0,0,0,0,0,0,0,0,0,0
17762,2014033837,1802.0,1759.0,36,36214,40.0775,-76.4072,0,0,0,0,0,0,1,3,2014,3,17.0,4.0,0,9.0,3,0,7,  ,0,0.0,0,0,0,0,0,0,0,0,0,0,0,0,0,0,0,0,1
17763,2014034168,2022.0,2020.0,67,67301,39.9293,-75.1686,0,0,0,0,0,0,4,2,2014,3,99.0,3.0,0,1.0,3,1,3,  ,2,3.0,0,0,1,0,0,0,0,0,0,0,0,0,0,0,0,0,0
17764,2014034176,2325.0,2315.0,67,67301,39.9503,-75.1586,0,0,0,0,0,0,5,2,2014,6,23.0,3.0,0,1.0,3,0,3,  ,0,0.0,0,0,0,0,0,0,0,0,0,0,0,0,0,0,0,0,0