,CRN,ARRIVAL_TM,DISPATCH_TM,COUNTY,MUNICIPALITY,DEC_LAT,DEC_LONG,BICYCLE_DEATH_COUNT,BICYCLE_SUSP_SERIOUS_INJ_COUNT,BUS_COUNT,HEAVY_TRUCK_COUNT,SMALL_TRUCK_COUNT,SUV_COUNT,COLLISION_TYPE,CRASH_MONTH,CRASH_YEAR,DAY_OF_WEEK,HOUR_OF_DAY,ILLUMINATION,LOCATION_TYPE,ROAD_CONDITION,URBAN_RURAL,INTERSECT_TYPE,WEATHER1,WEATHER2,TCD_TYPE,TCD_FUNC_CD,AGGRESSIVE_DRIVING,ALCOHOL_RELATED,ANGLE_CRASH,CELL_PHONE,COMM_VEHICLE,DISTRACTED,DRINKING_DRIVER,DRUGGED_DRIVER,FATIGUE_ASLEEP,IMPAIRED_DRIVER,NHTSA_AGG_DRIVING,RUNNING_RED_LT,RUNNING_STOP_SIGN,SPEEDING_RELATED,TAILGATING,MATURE_DRIVER,YOUNG_DRIVER
17765,2014034314,1525.0,1509.0,54,54204,40.6679,-76.9124,0,0,0,0,0,0,4,3,2014,3,15.0,1.0,7,1.0,1,0,10,  ,0,0.0,1,0,1,0,0,0,0,0,0,0,0,0,0,0,0,0,0
17766,2014034392,1500.0,1458.0,4,4302,40.6355,-80.2401,0,0,0,0,0,0,4,3,2014,6,14.0,1.0,0,1.0,3,1,3,  ,3,3.0,1,0,1,0,0,0,0,1,0,1,0,0,1,0,0,0,0
17767,2014034722,2001.0,2001.0,36,36402,40.1537,-76.2066,0,0,0,0,0,0,5,3,2014,4,20.0,3.0,0,1.0,2,1,3,  ,0,0.0,0,0,0,0,0,1,0,0,0,0,0,0,0,0,0,0,0
17768,2014034858,825.0,824.0,23,23301,39.848,-75.3645,0,0,0,0,0,0,4,3,2014,6,8.0,1.0,0,1.0,3,1,3,  ,3,3.0,0,0,1,0,0,0,0,0,0,0,0,0,0,0,0,1,0
17769,2014035564,1550.0,1547.0,41,41301,41.2417,-77.0236,0,0,0,0,0,0,4,3,2014,2,15.0,1.0,0,1.0,3,0,3,  ,0,0.0,0,0,1,0,0,0,0,0,0,0,0,0,0,0,0,0,0
17770,2014035731,1632.0,1629.0,36,36214,40.0905,-76.3803,0,0,0,0,0,0,8,3,2014,2,16.0,1.0,0,1.0,3,0,3,  ,0,0.0,0,0,0,0,1,1,0,0,0,0,0,0,0,0,0,0,0
17771,2014035775,1939.0,1931.0,25,25204,41.8905,-80.3445,0,0,0,0,0,1,5,3,2014,2,19.0,1.0,0,1.0,1,0,3,  ,0,0.0,0,0,0,0,0,0,0,0,0,0,0,0,0,0,0,0,0
17772,2014036769,900.0,900.0,2,2301,40.4387,-79.9464,0,0,0,0,0,0,4,4,2014,5,8.0,1.0,0,1.0,3,3,3,  ,3,3.0,1,0,1,0,0,0,0,0,0,0,0,0,0,0,0,1,0
17773,2014037408,1617.0,1616.0,6,6301,40.3473,-75.9168,0,0,0,0,0,0,8,4,2014,7,16.0,1.0,0,1.0,3,1,3,  ,0,0.0,0,0,0,0,0,0,0,0,0,0,0,0,0,0,0,0,0
17774,2014038272,1751.0,1750.0,2,2301,40.4413,-79.9558,0,0,0,0,0,0,4,4,2014,2,17.0,1.0,0,1.0,3,0,3,  ,0,0.0,1,0,1,0,0,0,0,0,0,0,0,0,0,0,0,0,0
17775,2014038562,1700.0,1657.0,46,46107,40.1083,-75.3227,0,0,0,0,0,0,4,4,2014,3,16.0,1.0,0,1.0,3,2,3,  ,0,0.0,1,0,1,0,0,0,0,0,0,0,0,0,0,0,0,0,0
17776,2014038718,635.0,627.0,15,15236,40.0353,-75.4808,0,0,0,0,0,1,4,4,2014,4,6.0,5.0,0,1.0,1,2,3,  ,3,3.0,0,0,1,0,0,0,0,0,0,0,0,0,0,0,0,0,0
17777,2014038872,2109.0,2101.0,67,67301,39.9511,-75.1982,0,0,0,0,0,1,5,3,2014,7,19.0,3.0,0,1.0,3,0,3,  ,0,0.0,0,0,0,0,0,0,0,0,0,0,0,0,0,0,0,0,0
17778,2014038910,2336.0,2331.0,67,67301,40.0364,-75.1305,0,0,0,0,0,0,4,3,2014,1,23.0,3.0,0,1.0,3,1,3,  ,2,3.0,0,0,1,0,0,0,0,0,0,0,0,0,0,0,0,0,0
17779,2014038986,1425.0,1421.0,67,67301,39.9465,-75.161,0,0,0,0,1,0,8,3,2014,1,14.0,1.0,0,1.0,3,1,3,  ,2,3.0,0,0,0,0,0,0,0,0,0,0,0,0,0,0,0,0,0
17780,2014039003,850.0,847.0,67,67301,39.991,-75.1686,0,0,1,0,0,0,4,3,2014,6,8.0,1.0,0,1.0,3,1,3,  ,2,3.0,1,0,1,0,1,0,0,0,0,0,0,0,0,0,0,0,0
17781,2014039010,1806.0,1756.0,67,67301,39.9914,-75.1346,0,0,0,0,0,0,4,3,2014,4,17.0,4.0,0,1.0,3,0,3,  ,0,0.0,0,0,1,0,0,0,0,0,0,0,0,0,0,0,0,0,0
17782,2014039016,1600.0,1555.0,67,67301,40.0072,-75.1893,0,0,0,0,0,0,4,3,2014,7,15.0,1.0,7,1.0,3,0,3,  ,0,0.0,0,0,1,0,0,0,0,0,0,0,0,0,0,0,0,0,0
17783,2014039029,2005.0,2000.0,67,67301,39.9444,-75.1631,0,0,0,0,0,0,4,3,2014,6,19.0,3.0,0,1.0,3,1,3,  ,2,3.0,0,0,1,0,0,0,0,0,0,0,0,0,0,0,0,0,0
17784,2014039040,1100.0,1055.0,67,67301,39.9819,-75.1272,0,0,0,0,0,0,5,3,2014,5,9.0,1.0,0,1.0,3,0,3,  ,0,0.0,0,0,0,0,0,0,0,0,0,0,0,0,0,0,0,0,0
17785,2014039177,1613.0,1611.0,46,46416,40.2464,-75.6474,0,0,0,0,0,0,4,4,2014,6,16.0,1.0,0,1.0,2,1,3,  ,2,3.0,0,0,1,0,0,0,0,0,0,0,0,0,0,0,0,0,0
17786,2014039329,1536.0,1533.0,35,35302,41.388,-75.6746,0,0,0,0,0,1,4,4,2014,6,15.0,1.0,0,9.0,3,1,7,  ,3,3.0,0,0,1,0,0,0,0,0,0,0,0,0,0,0,0,0,0
17787,2014039350,9999.0,9999.0,67,67301,39.9608,-75.1425,0,0,0,0,0,1,5,3,2014,7,99.0,1.0,0,1.0,3,0,3,  ,0,0.0,0,0,0,0,0,0,0,0,0,0,0,0,0,0,0,0,0
17788,2014039374,855.0,840.0,67,67301,39.9546,-75.1813,0,0,0,0,1,0,4,3,2014,6,8.0,1.0,0,1.0,3,1,3,  ,2,3.0,0,0,1,0,0,0,0,0,0,0,0,0,0,0,0,0,0
17789,2014039720,1802.0,1759.0,23,23414,39.9168,-75.381,0,0,0,0,0,1,4,4,2014,6,17.0,1.0,0,1.0,3,1,3,  ,2,3.0,0,0,1,0,0,0,0,0,0,0,0,0,0,0,0,0,0
17790,2014039744,1712.0,1712.0,36,36408,40.1846,-76.1833,0,0,0,0,0,0,4,4,2014,6,17.0,1.0,0,1.0,2,2,3,  ,0,0.0,0,0,1,0,0,0,0,0,0,0,0,0,0,0,0,0,0
17791,2014040169,1913.0,1913.0,39,39301,40.5949,-75.4831,0,0,0,0,0,0,4,4,2014,2,19.0,1.0,0,1.0,3,1,3,  ,3,3.0,0,0,1,0,0,0,0,0,0,0,0,0,0,0,0,0,0
17792,2014040176,805.0,759.0,6,6232,40.4894,-75.7885,0,0,0,0,1,0,4,4,2014,5,7.0,1.0,0,1.0,1,2,3,  ,0,0.0,0,0,1,0,0,1,0,0,0,0,0,0,0,0,0,1,0
17793,2014040188,2050.0,2045.0,66,66301,39.9673,-76.7036,0,0,0,0,0,0,1,4,2014,2,20.0,3.0,0,1.0,3,1,3,  ,3,3.0,0,0,0,0,0,0,0,0,0,0,0,0,0,1,0,0,0
17794,2014040413,2049.0,2040.0,40,40304,41.2339,-75.9064,0,0,0,0,0,0,8,4,2014,2,20.0,3.0,0,1.0,3,1,3,  ,0,0.0,0,0,0,0,0,0,0,0,0,0,0,0,0,0,0,1,0
17795,2014040648,1208.0,1205.0,36,36230,40.1416,-76.4183,0,0,0,0,1,0,4,4,2014,7,12.0,1.0,0,1.0,1,2,3,  ,3,3.0,1,0,1,0,0,0,0,0,0,0,0,0,0,0,0,0,0
17796,2014040744,1836.0,1835.0,2,2303,40.3721,-79.8535,0,0,0,0,1,0,4,4,2014,2,18.0,1.0,0,1.0,3,1,3,  ,0,0.0,0,0,1,0,0,0,0,0,0,0,0,0,0,0,0,0,0
17797,2014040843,2137.0,2125.0,9,9101,40.1171,-74.8465,0,0,0,0,0,0,5,4,2014,4,21.0,2.0,0,1.0,3,3,3,  ,4,3.0,1,0,0,0,0,0,0,0,0,0,0,0,0,0,0,0,0
17798,2014040852,25.0,22.0,25,25213,42.0647,-80.1017,0,0,0,0,0,1,4,4,2014,5,0.0,3.0,7,1.0,3,0,3,  ,2,3.0,0,0,1,0,0,0,0,0,0,0,0,0,0,0,0,1,0
17799,2014041149,1930.0,1930.0,49,49302,40.8701,-76.7878,0,0,0,0,0,0,4,4,2014,4,19.0,1.0,0,1.0,2,2,3,  ,0,0.0,1,0,1,0,0,0,0,0,0,0,0,0,0,0,0,0,0
17800,2014041159,1930.0,1928.0,36,36301,40.0384,-76.3013,0,0,0,0,1,0,4,4,2014,4,19.0,1.0,0,1.0,3,1,3,  ,2,3.0,0,0,1,0,0,0,0,0,0,0,0,0,0,0,0,0,0
17801,2014041326,1436.0,1434.0,2,2407,40.3253,-80.0162,0,0,0,0,0,0,4,4,2014,7,14.0,1.0,0,1.0,3,1,3,  ,3,3.0,0,0,1,0,0,0,0,0,0,0,0,0,0,0,0,0,0
17802,2014041352,1316.0,1312.0,35,35302,41.4283,-75.662,0,0,0,0,0,0,1,4,2014,6,13.0,1.0,0,1.0,3,0,3,  ,0,0.0,0,0,0,0,0,1,0,0,0,0,0,0,0,0,0,0,0
17803,2014041384,1947.0,1945.0,36,36301,40.0334,-76.2969,0,0,0,0,0,0,4,4,2014,7,19.0,4.0,0,1.0,3,2,3,  ,3,3.0,0,0,1,0,0,0,0,0,0,0,0,0,0,0,0,0,0
17804,2014041443,2007.0,2006.0,48,48301,40.6205,-75.3638,0,0,0,0,0,0,4,4,2014,6,20.0,2.0,7,1.0,3,2,3,  ,3,3.0,0,0,1,0,0,0,0,0,0,0,0,0,0,0,0,0,0
17805,2014041450,1529.0,1525.0,59,59202,40.9517,-76.8881,0,0,0,0,0,0,5,4,2014,6,15.0,1.0,7,1.0,1,0,3,  ,0,0.0,1,0,0,0,0,1,0,0,0,0,0,0,0,0,0,0,1
17806,2014041863,2058.0,2056.0,21,21402,40.2008,-77.1808,0,0,0,0,0,0,4,4,2014,2,20.0,3.0,0,1.0,2,1,3,  ,2,3.0,0,0,1,0,0,0,0,0,0,0,0,0,0,0,0,0,0
17807,2014042379,1903.0,1901.0,2,2301,40.4485,-79.9872,0,0,0,0,0,0,4,4,2014,3,19.0,1.0,0,1.0,3,2,3,  ,0,0.0,0,0,1,0,0,0,0,0,0,0,0,0,0,0,0,0,0
17808,2014042641,1930.0,1927.0,67,67301,40.0171,-75.1586,0,0,0,0,0,0,4,4,2014,4,16.0,1.0,0,1.0,3,2,3,  ,3,3.0,0,0,1,1,0,1,0,0,0,0,0,0,0,0,0,0,0
17809,2014042725,1526.0,1524.0,67,67301,39.9273,-75.1825,0,0,0,0,1,0,4,3,2014,2,15.0,1.0,0,1.0,3,1,3,  ,3,3.0,0,0,1,0,0,0,0,0,0,0,0,0,0,0,0,0,0
17810,2014042890,1202.0,1201.0,38,38301,40.3391,-76.4186,0,0,0,0,0,0,4,4,2014,7,12.0,1.0,0,1.0,2,1,3,  ,3,3.0,0,0,1,0,0,0,0,0,0,0,0,0,0,0,0,0,0
17811,2014043241,1801.0,1754.0,66,66402,39.8998,-76.6402,0,0,0,0,0,0,4,4,2014,5,17.0,1.0,0,1.0,3,2,3,  ,3,3.0,0,0,1,0,0,0,0,0,0,0,0,0,0,0,0,0,0
17812,2014043337,1352.0,1348.0,21,21401,40.2369,-76.9128,0,0,0,0,0,0,6,4,2014,5,13.0,1.0,0,1.0,3,1,3,  ,3,3.0,0,0,0,0,0,0,0,0,0,0,0,0,0,0,0,0,0
17813,2014043465,1645.0,1619.0,53,53207,40.6661,-76.0244,0,1,0,0,0,0,1,4,2014,5,16.0,1.0,0,1.0,1,1,3,  ,0,0.0,0,0,0,0,0,0,0,0,0,0,0,0,0,0,0,0,1
17814,2014043498,1900.0,1859.0,2,2301,40.462,-79.9246,0,0,0,0,0,0,4,4,2014,6,18.0,4.0,0,9.0,3,1,7,  ,3,3.0,0,0,1,0,0,0,0,0,0,0,0,0,0,0,0,0,0
17815,2014043538,24.0,16.0,2,2105,40.3041,-79.8122,0,0,0,0,0,0,6,4,2014,7,0.0,3.0,0,1.0,3,0,3,  ,0,0.0,0,0,0,0,0,0,0,0,0,0,0,0,0,0,0,0,0
17816,2014043716,1835.0,1834.0,2,2448,40.4006,-79.903,0,0,0,0,0,0,4,4,2014,5,18.0,1.0,0,1.0,3,1,3,  ,3,3.0,0,0,1,0,0,0,0,0,0,0,0,0,0,0,0,0,0
17817,2014043858,1722.0,1721.0,36,36409,40.1532,-76.3072,0,1,0,0,0,1,4,4,2014,6,17.0,1.0,0,1.0,3,1,3,  ,3,3.0,1,0,1,0,0,0,0,0,0,0,0,0,0,0,0,0,0
17818,2014043884,1752.0,1750.0,46,46102,40.0603,-75.1217,0,0,0,0,0,1,4,4,2014,1,17.0,1.0,0,1.0,3,2,3,  ,3,3.0,1,0,1,0,0,0,0,0,0,0,0,0,0,0,0,0,0
17819,2014043958,1944.0,1944.0,48,48302,40.6771,-75.224,0,0,0,0,0,0,4,4,2014,7,19.0,1.0,0,1.0,3,1,3,  ,3,3.0,0,0,1,0,0,0,0,0,0,0,0,0,0,0,0,0,0
17820,2014044069,2351.0,2347.0,21,21212,,,1,0,0,1,0,0,1,4,2014,4,23.0,2.0,0,1.0,1,0,3,  ,2,3.0,0,0,0,0,1,0,0,0,1,0,0,0,0,0,0,0,0
17821,2014044132,1115.0,1112.0,25,25302,42.1091,-80.0756,0,0,0,0,0,0,4,4,2014,2,11.0,1.0,0,1.0,3,2,3,  ,3,3.0,0,0,1,0,0,0,0,0,0,0,0,0,0,0,0,0,0
17822,2014044192,1856.0,1853.0,2,2301,40.4622,-79.9082,0,0,0,0,0,0,4,4,2014,2,18.0,1.0,0,1.0,3,2,3,  ,3,3.0,0,0,1,0,0,0,0,0,0,0,0,0,0,0,0,0,0
17823,2014044447,1352.0,1350.0,45,45215,41.1055,-75.48,0,0,0,0,0,0,4,4,2014,7,13.0,1.0,0,1.0,1,0,3,  ,0,0.0,0,0,1,0,0,0,0,0,0,0,0,0,0,0,0,0,0
17824,2014044511,1021.0,1018.0,36,36101,40.0686,-76.2798,0,1,0,0,0,0,4,4,2014,2,10.0,1.0,0,1.0,3,2,3,  ,0,0.0,1,0,1,0,0,0,0,0,0,0,0,0,0,0,0,1,0
17825,2014044532,1532.0,1532.0,48,48301,40.6209,-75.36,0,0,0,0,0,0,4,4,2014,3,15.0,1.0,0,9.0,3,1,3,  ,2,3.0,0,0,1,0,0,0,0,0,0,0,0,0,0,0,0,1,0
17826,2014044607,1627.0,1624.0,67,67301,39.9163,-75.1676,0,0,0,0,0,0,4,4,2014,3,16.0,1.0,0,1.0,3,2,3,  ,2,3.0,0,0,1,0,0,0,0,0,0,0,0,0,0,0,0,1,0
17827,2014044792,851.0,850.0,46,46211,40.2448,-75.2396,0,0,0,0,0,0,4,4,2014,5,8.0,1.0,0,1.0,1,1,3,  ,2,3.0,0,0,1,0,0,0,0,0,0,0,0,0,0,0,0,0,0
17828,2014044924,1720.0,1719.0,15,15301,39.9823,-75.8172,0,0,0,0,0,0,4,4,2014,1,17.0,1.0,0,1.0,3,2,3,  ,0,0.0,0,0,1,0,0,0,0,0,0,0,0,0,0,0,0,0,0
17829,2014045375,2000.0,2000.0,14,14410,40.7879,-77.8497,0,1,0,0,0,0,4,5,2014,5,20.0,1.0,0,1.0,3,1,3,  ,3,3.0,0,0,1,0,0,0,0,0,0,0,0,0,0,0,0,0,0
17830,2014045582,1626.0,1625.0,48,48301,40.6033,-75.3888,0,0,0,0,0,1,4,5,2014,6,16.0,1.0,0,1.0,3,2,3,  ,0,0.0,0,0,1,0,0,0,0,0,0,0,0,0,0,0,0,0,0
17831,2014045589,1322.0,1315.0,64,64212,40.2152,-79.4847,0,0,0,0,0,0,4,4,2014,1,12.0,1.0,0,1.0,1,2,3,  ,3,3.0,1,0,1,0,0,0,0,0,0,0,0,0,0,0,0,0,0
17832,2014045637,1959.0,1952.0,25,25302,42.1266,-80.0726,0,0,0,0,0,0,4,5,2014,6,19.0,4.0,0,1.0,3,1,3,  ,2,3.0,0,0,1,0,0,0,0,0,0,0,0,0,0,0,0,0,1
17833,2014045652,1851.0,1847.0,36,36238,40.1302,-76.1531,0,0,0,0,0,0,4,4,2014,2,18.0,1.0,0,1.0,3,0,3,  ,0,0.0,0,0,1,0,0,0,0,0,0,0,0,0,0,0,0,0,0
17834,2014045751,1301.0,1259.0,10,10301,40.8599,-79.9004,0,0,0,0,0,0,1,5,2014,6,12.0,1.0,0,1.0,2,1,3,  ,2,3.0,0,1,0,0,0,0,0,0,0,0,0,0,0,0,0,0,0
17835,2014046004,1536.0,1517.0,2,2301,40.456,-80.0617,0,0,0,0,0,1,4,5,2014,1,15.0,1.0,0,1.0,3,2,3,  ,3,3.0,0,0,1,0,0,0,0,0,0,0,0,0,0,0,0,0,0
17836,2014046078,1935.0,1930.0,67,67301,39.9765,-75.1519,0,0,0,0,0,0,4,5,2014,1,19.0,1.0,0,1.0,3,2,3,  ,0,0.0,0,0,1,0,0,0,0,0,0,0,0,0,0,0,0,0,0
17837,2014046137,1151.0,1148.0,6,6214,40.3177,-75.8733,0,0,0,0,0,0,4,5,2014,1,11.0,1.0,0,1.0,3,1,3,  ,2,3.0,0,0,1,0,0,0,0,0,0,0,0,0,0,0,0,0,0
17838,2014046213,654.0,650.0,46,46113,40.2217,-75.3029,0,0,0,0,0,0,4,5,2014,2,6.0,1.0,0,1.0,3,1,3,  ,2,3.0,1,0,1,0,0,0,0,0,0,0,0,0,0,0,0,0,0
17839,2014046382,1844.0,1840.0,38,38209,40.367,-76.4324,0,0,0,0,0,1,4,5,2014,7,18.0,1.0,0,1.0,1,2,3,  ,0,0.0,1,0,1,0,0,0,0,0,0,0,0,0,0,0,0,0,0
17840,2014046664,756.0,739.0,36,36231,39.9425,-76.0566,0,0,0,1,0,0,4,4,2014,7,7.0,1.0,0,1.0,1,1,3,  ,3,3.0,0,0,1,0,1,0,0,0,0,0,0,0,0,0,0,0,0
17841,2014046712,1522.0,1519.0,23,23207,39.9181,-75.4338,0,0,0,0,0,0,1,4,2014,6,15.0,1.0,0,1.0,3,2,3,  ,3,3.0,0,0,0,0,0,0,0,0,0,0,0,0,0,0,0,0,0
17842,2014046927,1000.0,954.0,14,14206,40.7863,-77.8722,0,0,0,0,0,0,4,5,2014,4,9.0,1.0,0,1.0,1,1,3,  ,3,3.0,0,0,1,0,0,0,0,0,0,0,0,0,0,0,0,0,0
17843,2014047036,1607.0,1604.0,49,49211,40.8964,-76.8094,0,0,0,0,0,0,4,5,2014,4,15.0,1.0,0,1.0,1,2,3,  ,3,3.0,0,0,1,0,0,0,0,0,0,0,0,0,0,0,0,0,0
17844,2014047289,1009.0,1003.0,2,2301,40.4292,-79.9212,0,0,0,0,0,0,4,5,2014,5,9.0,1.0,0,1.0,3,1,3,  ,2,3.0,0,0,1,0,0,0,0,0,0,0,0,0,0,0,0,0,0
17845,2014047332,1728.0,1721.0,36,36215,40.0225,-76.1972,0,0,0,0,0,0,4,5,2014,1,17.0,1.0,7,1.0,1,0,3,  ,3,3.0,0,0,1,0,0,0,0,0,0,0,0,0,0,0,0,0,0
17846,2014047359,1833.0,1832.0,48,48301,40.6314,-75.3699,0,0,0,0,0,0,4,5,2014,3,18.0,1.0,0,1.0,3,1,3,  ,3,3.0,0,0,1,0,0,0,0,0,0,0,0,0,0,0,0,0,0
17847,2014047372,1659.0,1655.0,3,3409,40.8345,-79.5277,0,0,0,0,0,0,4,5,2014,5,16.0,1.0,0,1.0,2,1,3,  ,0,0.0,0,0,1,0,0,0,0,0,0,0,0,0,0,0,0,0,0
17848,2014047374,1611.0,1611.0,46,46404,40.1904,-75.4559,0,0,0,0,0,1,4,5,2014,5,16.0,1.0,0,1.0,3,1,3,  ,2,3.0,0,0,1,0,0,1,0,0,0,0,0,0,0,0,0,0,0
17849,2014047517,1555.0,1552.0,5,5401,40.0093,-78.502,0,0,0,0,0,0,4,5,2014,6,15.0,1.0,0,1.0,1,1,3,  ,0,0.0,0,0,1,0,0,0,0,0,0,0,0,0,0,0,0,0,0
17850,2014047670,1919.0,1916.0,39,39301,40.6097,-75.4872,0,0,0,0,0,0,4,5,2014,6,19.0,1.0,0,1.0,3,2,3,  ,0,0.0,0,0,1,0,0,0,0,0,0,0,0,0,0,0,0,0,0
17851,2014047946,1704.0,1655.0,28,28203,39.9734,-77.5875,0,0,0,0,0,1,4,5,2014,1,16.0,1.0,7,1.0,1,2,3,  ,3,3.0,0,0,1,0,0,0,0,0,0,0,0,0,0,0,0,0,0
17852,2014048098,1512.0,1509.0,64,64305,40.568,-79.7644,0,0,0,0,0,0,4,5,2014,7,15.0,1.0,0,9.0,3,2,7,  ,3,3.0,0,0,1,0,0,0,0,0,0,0,0,0,0,0,0,0,0
17853,2014048236,1942.0,1941.0,36,36223,40.04,-76.3723,0,0,0,0,0,0,4,5,2014,5,19.0,1.0,0,1.0,1,1,3,  ,2,3.0,0,0,1,0,0,0,0,0,0,0,0,0,0,0,0,0,0
17854,2014048248,2124.0,2118.0,9,9216,40.2254,-74.9167,0,0,0,0,0,0,4,4,2014,3,21.0,3.0,0,1.0,3,1,3,  ,3,3.0,0,0,1,0,0,0,0,0,0,0,0,0,0,0,0,0,0
17855,2014048373,1955.0,1944.0,2,2301,40.4586,-80.0555,0,0,0,0,0,1,4,5,2014,2,19.0,1.0,0,1.0,3,1,3,  ,0,0.0,0,0,1,0,0,0,0,0,0,0,0,0,0,0,0,0,0
17856,2014048456,1724.0,1647.0,32,32202,40.8229,-78.8101,0,0,0,0,1,0,5,5,2014,1,16.0,1.0,0,1.0,1,0,3,  ,0,0.0,1,0,0,0,0,0,0,0,0,0,0,0,0,0,0,0,0
17857,2014048647,1541.0,1535.0,46,46104,39.9931,-75.2527,0,0,0,0,0,0,4,4,2014,5,15.0,1.0,7,1.0,3,0,3,  ,0,0.0,0,0,1,0,0,0,0,0,0,0,0,0,0,0,0,0,0
17858,2014048732,1006.0,954.0,11,11426,40.3654,-78.7922,0,0,0,0,0,0,4,5,2014,1,9.0,1.0,0,1.0,1,1,3,  ,3,3.0,0,0,1,0,0,0,0,0,0,0,0,0,0,0,0,1,0
17859,2014048960,1050.0,1043.0,54,54208,40.8319,-76.8684,0,0,0,0,0,0,4,5,2014,6,10.0,1.0,7,1.0,1,0,3,  ,0,0.0,1,0,1,0,0,0,0,0,0,0,0,0,0,0,0,1,0
17860,2014049088,1803.0,1800.0,48,48301,40.6209,-75.36,0,0,0,0,1,0,4,5,2014,2,17.0,1.0,0,1.0,3,1,3,  ,2,3.0,0,0,1,0,0,0,0,0,0,0,0,0,0,0,0,0,0
17861,2014049095,1526.0,1526.0,66,66301,,,0,0,0,0,0,0,4,5,2014,4,15.0,1.0,0,1.0,3,2,3,  ,3,3.0,0,0,1,0,0,0,0,0,0,0,0,0,0,0,0,0,0
17862,2014049112,1809.0,1808.0,39,39301,40.6101,-75.4861,0,0,0,0,0,0,4,5,2014,4,18.0,1.0,0,1.0,3,1,3,  ,0,0.0,0,0,1,0,0,0,0,0,0,0,0,0,0,0,0,0,0
17863,2014049119,1048.0,1043.0,15,15247,39.9679,-75.5791,0,1,0,1,0,0,4,5,2014,7,10.0,1.0,7,1.0,3,0,3,  ,0,0.0,0,0,1,0,0,0,0,0,0,0,0,0,0,0,0,0,0
17864,2014049328,1712.0,1710.0,36,36301,40.0339,-76.2964,0,0,0,0,0,0,4,5,2014,4,17.0,1.0,0,1.0,3,1,3,  ,3,3.0,1,0,1,0,0,0,0,0,0,0,0,0,1,0,0,0,0
17865,2014049423,1528.0,1526.0,25,25302,42.1166,-80.075,0,0,0,0,0,1,4,5,2014,5,15.0,1.0,0,1.0,3,1,3,  ,2,3.0,0,0,1,0,0,0,0,0,0,0,0,0,0,0,0,0,0
17866,2014049425,1536.0,1529.0,6,6301,40.3305,-75.9291,0,0,0,0,0,0,4,5,2014,5,15.0,1.0,0,1.0,3,0,3,  ,0,0.0,0,0,1,0,0,0,0,0,0,0,0,0,0,0,0,0,0
17867,2014049436,1721.0,1709.0,2,2301,40.4498,-79.913,0,0,0,0,0,0,4,5,2014,5,17.0,1.0,0,9.0,3,1,7,  ,3,3.0,0,0,1,0,0,0,0,0,0,0,0,0,0,0,0,0,0
17868,2014049499,2340.0,2331.0,67,67301,40.0087,-75.0688,0,0,0,0,0,0,5,4,2014,3,16.0,1.0,0,1.0,3,0,3,  ,0,0.0,0,0,0,0,0,0,0,0,0,0,0,0,0,0,0,0,0
17869,2014049525,1910.0,1905.0,67,67301,40.0396,-75.0643,0,0,0,0,0,1,5,4,2014,5,19.0,1.0,0,1.0,3,0,3,  ,0,0.0,0,0,0,0,0,0,0,0,0,0,0,0,0,0,0,0,0
17870,2014049546,2049.0,2046.0,67,67301,39.9335,-75.1918,0,0,0,0,0,0,4,4,2014,1,20.0,3.0,0,1.0,3,1,3,  ,3,3.0,0,0,1,0,0,0,0,0,0,0,0,0,0,0,0,0,0
17871,2014049563,1935.0,1930.0,67,67301,40.0214,-75.0794,0,0,0,0,0,0,4,4,2014,2,18.0,1.0,0,1.0,3,1,3,  ,3,3.0,0,0,1,0,0,0,0,0,0,0,0,0,0,0,0,1,0
17872,2014049616,2356.0,2355.0,67,67301,39.9556,-75.2023,0,0,0,0,0,0,4,4,2014,5,23.0,3.0,0,9.0,3,1,7,  ,2,3.0,0,0,1,0,0,0,0,0,0,0,0,0,0,0,0,0,0
17873,2014049644,1405.0,1405.0,67,67301,39.9858,-75.1645,0,0,0,0,0,0,5,4,2014,4,13.0,1.0,0,1.0,3,1,3,  ,2,9.0,0,0,0,0,0,0,0,0,0,0,0,0,0,0,0,0,0
17874,2014049647,1215.0,1211.0,67,67301,39.9894,-75.191,0,0,1,0,0,0,4,4,2014,3,12.0,1.0,0,1.0,3,1,3,  ,0,0.0,0,0,1,0,1,0,0,0,0,0,0,0,0,0,0,0,0
17875,2014049655,753.0,748.0,67,67301,39.9371,-75.1767,0,0,0,0,0,0,5,4,2014,3,7.0,1.0,0,1.0,3,0,98,  ,0,0.0,0,0,0,0,0,0,0,0,0,0,0,0,0,0,0,0,0
17876,2014049656,1741.0,1730.0,67,67301,39.944,-75.1672,0,0,0,0,0,0,5,4,2014,4,17.0,1.0,0,1.0,3,0,3,  ,0,0.0,0,0,0,0,0,0,0,0,0,0,0,0,0,0,0,0,0
17877,2014049659,1755.0,1755.0,67,67301,39.9327,-75.1679,0,0,0,0,0,0,5,4,2014,6,17.0,4.0,0,1.0,3,0,3,  ,0,0.0,0,0,0,0,0,0,0,0,0,0,0,0,0,0,0,0,0
17878,2014049661,1605.0,1555.0,67,67301,40.0727,-75.1885,0,0,0,0,0,0,4,4,2014,7,15.0,1.0,0,1.0,3,2,3,  ,2,3.0,0,0,1,0,0,0,0,0,0,0,0,0,0,0,0,0,0