,CRN,ARRIVAL_TM,DISPATCH_TM,COUNTY,MUNICIPALITY,DEC_LAT,DEC_LONG,BICYCLE_DEATH_COUNT,BICYCLE_SUSP_SERIOUS_INJ_COUNT,BUS_COUNT,HEAVY_TRUCK_COUNT,SMALL_TRUCK_COUNT,SUV_COUNT,COLLISION_TYPE,CRASH_MONTH,CRASH_YEAR,DAY_OF_WEEK,HOUR_OF_DAY,ILLUMINATION,LOCATION_TYPE,ROAD_CONDITION,URBAN_RURAL,INTERSECT_TYPE,WEATHER1,WEATHER2,TCD_TYPE,TCD_FUNC_CD,AGGRESSIVE_DRIVING,ALCOHOL_RELATED,ANGLE_CRASH,CELL_PHONE,COMM_VEHICLE,DISTRACTED,DRINKING_DRIVER,DRUGGED_DRIVER,FATIGUE_ASLEEP,IMPAIRED_DRIVER,NHTSA_AGG_DRIVING,RUNNING_RED_LT,RUNNING_STOP_SIGN,SPEEDING_RELATED,TAILGATING,MATURE_DRIVER,YOUNG_DRIVER
17879,2014049675,2010.0,2006.0,67,67301,39.9879,-75.1822,0,0,0,0,0,0,4,4,2014,7,19.0,4.0,0,1.0,3,5,3,  ,2,3.0,1,0,1,0,0,0,0,0,0,0,0,0,0,0,0,0,0
17880,2014049706,1940.0,1930.0,67,67301,40.0192,-75.1343,0,0,0,0,0,0,4,4,2014,3,99.0,1.0,0,1.0,3,2,3,  ,0,0.0,0,0,1,0,0,0,0,0,0,0,0,0,0,0,0,0,0
17881,2014049714,1650.0,1642.0,67,67301,39.9359,-75.1569,0,0,0,0,0,0,5,4,2014,6,16.0,1.0,0,1.0,3,0,3,  ,0,0.0,0,0,0,0,0,0,0,0,0,0,0,0,0,0,0,0,0
17882,2014049765,1536.0,1533.0,67,67301,39.9238,-75.1435,0,0,0,0,0,0,4,3,2014,2,15.0,1.0,0,1.0,3,0,3,  ,0,0.0,0,0,1,0,0,0,0,0,0,0,0,0,0,0,0,0,0
17883,2014049776,2023.0,2016.0,67,67301,40.0294,-75.0561,0,0,0,0,0,1,5,4,2014,2,20.0,3.0,0,1.0,3,1,3,  ,2,3.0,0,0,0,0,0,0,0,0,0,0,0,0,0,0,0,0,0
17884,2014049788,849.0,845.0,67,67301,39.9876,-75.1296,0,0,0,0,0,1,4,4,2014,4,8.0,1.0,1,1.0,3,5,3,  ,2,3.0,0,0,1,0,0,0,0,0,0,0,0,0,0,0,0,0,0
17885,2014049832,910.0,900.0,67,67301,39.9487,-75.1677,0,0,0,0,0,0,5,4,2014,4,9.0,1.0,0,1.0,3,0,3,  ,0,0.0,0,0,0,0,0,0,0,0,0,0,0,0,0,0,0,0,0
17886,2014049840,950.0,940.0,67,67301,40.0292,-75.0551,0,0,0,0,0,0,4,4,2014,4,9.0,1.0,0,1.0,3,1,3,  ,3,3.0,0,0,1,0,0,0,0,0,0,0,0,0,0,0,0,0,0
17887,2014049841,1735.0,1725.0,67,67301,40.021,-75.0674,0,0,0,0,0,0,4,4,2014,5,16.0,1.0,0,1.0,3,0,3,  ,0,0.0,0,0,1,0,0,0,0,0,0,0,0,0,0,0,0,0,1
17888,2014049844,729.0,729.0,67,67301,40.0385,-75.0469,0,0,0,0,0,0,4,4,2014,1,1.0,3.0,0,1.0,3,1,3,  ,3,3.0,1,0,1,0,0,0,0,0,0,0,0,0,0,1,0,0,0
17889,2014049870,1818.0,1808.0,67,67301,39.9454,-75.1797,0,0,0,0,0,0,4,4,2014,3,17.0,1.0,0,1.0,3,1,3,  ,2,3.0,0,0,1,0,0,0,0,0,0,0,0,0,0,0,0,0,0
17890,2014049875,2322.0,2320.0,67,67301,39.952,-75.1626,0,0,0,0,0,0,4,4,2014,6,23.0,3.0,0,1.0,3,1,3,  ,2,3.0,0,0,1,0,0,0,0,0,0,0,0,0,0,0,0,0,0
17891,2014049878,833.0,825.0,67,67301,39.949,-75.1492,0,0,0,0,0,1,4,4,2014,2,7.0,1.0,0,1.0,3,1,3,  ,2,3.0,0,0,1,0,0,0,0,0,0,0,0,0,0,0,0,0,0
17892,2014049907,1510.0,1510.0,67,67301,39.9573,-75.2479,0,1,0,0,1,0,4,4,2014,1,15.0,1.0,0,1.0,3,1,3,  ,2,3.0,0,0,1,0,0,0,0,0,0,0,0,0,0,0,0,0,0
17893,2014049913,1640.0,1635.0,67,67301,39.9898,-75.1352,0,0,0,0,0,0,4,4,2014,2,16.0,1.0,0,1.0,3,1,3,  ,2,3.0,0,0,1,0,0,0,0,0,0,0,0,0,0,0,0,0,0
17894,2014050153,1054.0,1051.0,39,39301,40.6034,-75.4733,0,0,0,0,0,0,4,5,2014,6,10.0,1.0,0,9.0,3,2,7,  ,3,3.0,0,0,1,0,0,0,0,0,0,0,0,0,0,0,0,0,0
17895,2014050226,1830.0,1826.0,67,67301,39.9574,-75.2019,0,1,0,0,0,0,5,4,2014,7,14.0,1.0,0,1.0,3,0,3,  ,0,0.0,0,0,0,0,0,0,0,0,0,0,0,0,0,0,0,0,0
17896,2014050275,1948.0,1945.0,67,67301,39.9211,-75.2242,0,0,0,0,0,0,4,4,2014,7,19.0,4.0,0,1.0,3,1,3,  ,2,3.0,0,0,1,0,0,0,0,0,0,0,0,0,0,0,0,0,0
17897,2014050277,1640.0,1639.0,67,67301,40.0512,-75.1868,0,0,0,0,0,0,4,4,2014,1,16.0,1.0,0,1.0,3,0,3,  ,0,0.0,0,1,1,0,0,0,0,0,0,0,0,0,0,0,0,0,0
17898,2014050335,954.0,954.0,67,67301,39.9922,-75.2457,0,0,0,0,0,0,4,5,2014,1,9.0,1.0,0,1.0,3,1,3,  ,2,3.0,1,0,1,0,0,0,0,0,0,0,0,1,0,0,0,0,1
17899,2014050387,1243.0,1233.0,63,63403,41.5606,-75.2447,0,0,0,0,0,1,4,3,2014,7,12.0,1.0,7,1.0,2,0,3,  ,0,0.0,0,0,1,0,0,0,0,0,0,0,0,0,0,0,0,0,0
17900,2014050510,1420.0,1419.0,14,14410,40.8,-77.8603,0,0,0,0,0,0,4,5,2014,7,14.0,1.0,0,1.0,3,2,3,  ,3,3.0,0,0,1,0,0,0,0,0,0,0,0,0,0,0,0,1,0
17901,2014050522,1727.0,1726.0,67,67301,39.9893,-75.1555,0,0,0,0,0,0,4,5,2014,7,17.0,1.0,0,1.0,3,1,3,  ,2,3.0,0,0,1,0,0,0,0,0,0,0,0,0,0,0,0,1,0
17902,2014050559,1928.0,1925.0,39,39301,40.6012,-75.4885,0,0,0,0,0,0,4,5,2014,7,19.0,1.0,0,1.0,3,1,3,  ,0,0.0,0,0,1,0,0,0,0,0,0,0,0,0,0,0,0,0,0
17903,2014050599,1951.0,1937.0,44,44403,40.5976,-77.5758,0,0,0,0,0,1,4,5,2014,6,19.0,1.0,7,1.0,2,0,3,  ,0,0.0,0,0,1,0,0,0,0,0,0,0,0,0,0,0,0,0,1
17904,2014050606,2105.0,2054.0,66,66231,39.9805,-76.8056,0,0,0,0,0,0,4,5,2014,3,20.0,2.0,0,1.0,1,3,3,  ,3,3.0,0,0,1,0,0,0,0,0,0,0,0,0,0,0,0,0,0
17905,2014051134,1805.0,1800.0,40,40304,41.2355,-75.8641,0,0,0,0,0,0,8,5,2014,2,18.0,1.0,0,1.0,3,1,3,  ,2,3.0,0,0,0,0,0,0,0,0,0,0,0,0,0,0,0,0,0
17906,2014051253,2342.0,2341.0,43,43301,41.2148,-80.4968,0,0,0,0,0,0,8,5,2014,2,23.0,2.0,0,1.0,3,1,3,  ,3,3.0,0,0,0,0,0,0,0,0,0,0,0,0,0,0,0,0,0
17907,2014051432,1455.0,1449.0,21,21103,40.23,-76.9588,0,0,0,0,0,0,4,5,2014,3,14.0,1.0,0,1.0,3,2,3,  ,3,3.0,1,0,1,0,0,0,0,0,0,0,0,0,0,0,0,0,1
17908,2014051446,1635.0,1625.0,25,25302,42.1231,-80.0459,0,0,0,0,1,0,5,5,2014,3,13.0,1.0,0,1.0,3,0,3,  ,0,0.0,0,0,0,0,0,0,0,0,0,0,0,0,0,0,0,1,0
17909,2014051514,1640.0,1614.0,9,9222,40.5583,-75.2817,0,0,0,0,1,0,4,5,2014,1,15.0,1.0,0,1.0,1,0,3,  ,0,0.0,0,0,1,0,0,0,0,0,0,0,0,0,0,0,0,1,0
17910,2014051566,2045.0,2043.0,6,6301,40.3462,-75.9378,0,0,0,0,0,0,8,5,2014,3,20.0,3.0,0,9.0,3,1,7,  ,0,0.0,0,0,0,0,0,1,0,0,0,0,0,0,0,0,0,0,0
17911,2014051585,721.0,720.0,19,19501,40.9994,-76.4497,0,0,0,0,1,0,8,5,2014,3,7.0,1.0,0,1.0,2,1,3,  ,3,3.0,1,0,0,0,0,0,0,0,0,0,0,0,0,0,0,0,0
17912,2014051699,910.0,907.0,23,23103,39.996,-75.2946,0,0,0,0,0,0,4,5,2014,5,9.0,1.0,0,9.0,3,1,3,  ,3,3.0,0,0,1,0,0,0,0,0,0,0,0,0,0,0,0,0,0
17913,2014051751,836.0,835.0,67,67301,39.9231,-75.1506,0,0,0,0,0,1,4,4,2014,5,8.0,1.0,0,1.0,3,1,3,  ,3,3.0,0,0,1,0,0,0,0,0,0,0,0,0,0,0,0,0,0
17914,2014051758,1600.0,1238.0,67,67301,40.0017,-75.105,0,0,0,0,0,0,5,4,2014,7,12.0,1.0,0,1.0,3,0,3,  ,0,0.0,0,0,0,0,0,0,0,0,0,0,0,0,0,0,0,0,0
17915,2014051759,1123.0,1119.0,67,67301,40.0374,-75.2209,0,0,0,0,0,0,5,4,2014,7,11.0,1.0,0,1.0,3,0,3,  ,0,0.0,0,0,0,0,0,0,0,0,0,0,0,0,0,0,0,0,0
17916,2014051769,728.0,721.0,67,67301,39.9144,-75.1531,0,0,0,0,0,1,4,4,2014,7,7.0,1.0,7,1.0,3,2,3,  ,2,3.0,0,0,1,0,0,0,0,0,0,0,0,0,0,0,0,1,0
17917,2014051874,1858.0,1858.0,40,40304,41.2529,-75.8696,0,0,0,0,0,0,4,5,2014,4,18.0,1.0,0,1.0,3,2,3,  ,0,0.0,0,0,1,0,0,0,0,0,0,0,0,0,0,0,0,0,0
17918,2014052291,1820.0,1803.0,15,15250,39.7274,-76.0703,0,0,0,0,0,1,5,4,2014,7,18.0,1.0,0,1.0,1,3,3,  ,3,3.0,0,0,0,0,0,0,0,0,0,0,0,0,0,0,0,0,0
17919,2014052360,1656.0,1648.0,66,66101,39.9609,-76.7012,0,0,0,0,0,0,4,5,2014,5,16.0,1.0,0,1.0,1,1,3,  ,3,3.0,0,0,1,0,0,0,0,0,0,0,0,0,0,0,0,0,0
17920,2014052539,2038.0,2034.0,13,13406,40.8277,-75.7096,0,0,0,0,0,0,4,5,2014,5,20.0,4.0,0,1.0,2,1,3,  ,0,0.0,0,0,1,0,0,0,0,0,0,0,0,0,0,0,0,0,0
17921,2014052667,1318.0,1315.0,2,2301,40.4588,-80.0077,0,0,0,0,1,0,4,5,2014,7,13.0,1.0,0,1.0,3,2,3,  ,3,3.0,0,0,1,0,0,0,0,0,0,0,0,0,0,0,0,0,0
17922,2014052747,1929.0,1911.0,2,2113,40.4707,-79.8873,0,0,0,0,0,0,1,5,2014,7,19.0,1.0,0,1.0,3,0,3,  ,0,0.0,0,0,0,0,0,0,0,0,0,0,0,0,0,0,0,0,0
17923,2014052804,1116.0,1111.0,36,36101,40.0778,-76.2957,0,0,0,0,0,0,4,5,2014,5,11.0,1.0,0,1.0,3,3,3,  ,3,3.0,0,0,1,0,0,0,0,0,0,0,0,0,0,0,0,1,0
17924,2014052843,1228.0,1225.0,6,6301,40.337,-75.9317,0,0,0,0,1,0,4,5,2014,1,12.0,1.0,0,1.0,3,1,3,  ,2,3.0,0,0,1,0,0,0,0,0,0,0,0,0,0,0,0,0,0
17925,2014052928,1957.0,1954.0,40,40304,41.2415,-75.8958,0,0,0,0,0,1,4,5,2014,1,19.0,1.0,0,1.0,3,0,3,  ,0,0.0,0,0,1,0,0,0,0,0,0,0,0,0,0,0,0,0,0
17926,2014052998,1156.0,1153.0,6,6301,40.3458,-75.9139,0,0,0,0,0,0,4,5,2014,6,11.0,1.0,0,1.0,3,1,3,  ,2,3.0,0,0,1,0,0,0,0,0,0,0,0,0,0,0,0,0,0
17927,2014053042,1638.0,1630.0,25,25302,42.1279,-80.0795,0,0,0,0,0,1,4,5,2014,2,16.0,1.0,0,1.0,3,0,3,  ,3,3.0,0,0,1,0,0,0,0,0,0,0,0,0,0,0,0,0,0
17928,2014053054,1726.0,1725.0,6,6301,40.3518,-75.9191,0,0,0,0,0,1,4,5,2014,2,17.0,1.0,0,1.0,3,1,3,  ,0,0.0,0,0,1,0,0,0,0,0,0,0,0,0,0,0,0,0,0
17929,2014053112,1347.0,1342.0,2,2301,40.4602,-79.9243,0,0,0,0,0,1,4,5,2014,1,13.0,1.0,0,1.0,3,0,3,  ,0,0.0,0,0,1,0,0,0,0,0,0,0,0,0,0,0,0,0,0
17930,2014053328,1552.0,1546.0,66,66301,39.953,-76.7252,0,0,0,0,0,0,4,5,2014,3,15.0,1.0,0,9.0,3,1,7,  ,3,3.0,0,0,1,0,0,0,0,0,0,0,0,0,0,0,0,0,0
17931,2014053334,1622.0,1620.0,39,39301,40.6022,-75.4889,0,0,0,0,0,0,4,5,2014,3,16.0,1.0,0,1.0,3,1,3,  ,3,3.0,0,0,1,0,0,0,0,0,0,0,0,0,0,0,0,0,0
17932,2014053336,1435.0,1433.0,48,48205,40.7262,-75.2105,0,0,0,0,0,0,4,5,2014,1,14.0,1.0,0,1.0,1,0,3,  ,0,0.0,0,0,1,0,0,0,0,0,0,0,0,0,0,0,0,0,1
17933,2014053341,1659.0,1649.0,25,25302,42.1231,-80.1039,0,0,0,0,0,0,4,5,2014,3,16.0,1.0,0,1.0,3,2,3,  ,3,3.0,0,0,1,0,0,0,0,0,0,0,0,0,0,0,0,0,0
17934,2014053357,1623.0,1618.0,66,66101,39.9425,-76.7397,0,0,0,0,0,0,4,5,2014,6,16.0,1.0,0,1.0,1,1,3,  ,0,0.0,0,0,1,0,0,0,0,0,0,0,0,0,0,0,0,0,0
17935,2014053454,1923.0,1859.0,8,8221,41.8509,-76.4893,0,0,0,0,1,0,5,5,2014,5,18.0,1.0,0,1.0,1,0,3,  ,0,0.0,0,0,0,0,0,0,0,0,0,0,0,0,0,0,0,0,0
17936,2014053518,2036.0,2036.0,23,23111,39.9217,-75.3038,0,0,0,0,0,0,5,5,2014,3,20.0,3.0,0,9.0,3,0,7,  ,0,0.0,0,0,0,0,0,0,0,0,0,0,0,0,0,0,0,0,0
17937,2014053725,1103.0,930.0,46,46102,40.0813,-75.1445,1,0,0,0,0,0,4,5,2014,1,9.0,1.0,0,1.0,3,0,3,  ,0,0.0,0,0,1,0,0,0,0,0,0,0,0,0,0,0,0,0,0
17938,2014053751,2224.0,2220.0,67,67301,40.0105,-75.079,1,0,0,0,0,0,4,4,2014,3,22.0,3.0,0,1.0,3,0,3,  ,0,0.0,0,0,1,0,0,0,0,0,0,0,0,0,0,0,0,0,0
17939,2014053759,1642.0,1634.0,39,39301,40.6139,-75.4688,0,0,0,0,0,0,4,5,2014,4,16.0,1.0,0,1.0,3,1,3,  ,3,3.0,0,0,1,0,0,0,0,0,0,0,0,0,0,0,0,0,0
17940,2014053837,2325.0,2307.0,38,38203,40.3863,-76.6336,0,0,0,0,0,0,5,5,2014,6,23.0,2.0,0,1.0,1,0,3,  ,0,0.0,0,0,0,0,0,0,0,0,0,0,0,0,0,0,0,0,0
17941,2014054037,1333.0,1331.0,59,59403,40.9245,-77.0313,0,0,0,0,1,0,2,5,2014,4,13.0,1.0,7,1.0,1,0,3,  ,0,0.0,0,0,0,0,0,0,0,0,0,0,0,0,0,0,0,1,0
17942,2014054082,1341.0,1340.0,2,2219,40.3066,-79.9964,0,0,0,0,0,0,4,5,2014,4,13.0,1.0,0,1.0,3,2,3,  ,0,0.0,1,0,1,0,0,0,0,0,0,0,0,0,0,0,0,0,0
17943,2014054108,1730.0,1720.0,2,2301,40.4762,-80.0225,0,0,0,0,0,1,4,5,2014,7,16.0,1.0,0,1.0,3,2,3,  ,0,0.0,0,0,1,0,0,0,0,0,0,0,0,0,0,0,0,0,0
17944,2014054114,1702.0,1701.0,4,4302,40.6067,-80.2722,0,0,0,0,0,0,4,5,2014,4,16.0,1.0,0,1.0,3,0,3,  ,0,0.0,0,0,1,0,0,0,0,0,0,0,0,0,0,0,0,0,1
17945,2014054265,1951.0,1940.0,32,32201,40.6524,-79.2695,0,0,0,0,1,0,4,5,2014,5,19.0,1.0,0,1.0,1,0,3,  ,0,0.0,0,0,1,0,0,0,0,0,0,0,0,0,0,0,0,0,0
17946,2014054491,1107.0,1105.0,67,67301,39.9347,-75.1608,0,0,0,0,0,1,5,4,2014,5,10.0,1.0,0,1.0,3,0,3,  ,0,0.0,0,0,0,0,0,0,0,0,0,0,0,0,0,0,0,0,0
17947,2014054498,928.0,921.0,67,67301,39.9259,-75.1623,0,0,0,0,0,0,4,4,2014,7,9.0,1.0,0,9.0,3,1,3,  ,3,3.0,0,0,1,0,0,0,0,0,0,0,0,0,0,0,0,1,0
17948,2014054499,2035.0,2030.0,67,67301,39.9273,-75.154,0,0,0,0,0,0,4,4,2014,1,19.0,3.0,0,1.0,3,1,3,  ,3,3.0,0,0,1,0,0,0,0,0,0,0,0,0,0,0,0,0,0
17949,2014054512,2050.0,2045.0,67,67301,39.9302,-75.1662,0,0,0,0,0,0,4,4,2014,3,20.0,3.0,0,9.0,3,1,7,  ,3,3.0,0,0,1,0,0,0,0,0,0,0,0,0,0,0,0,0,0
17950,2014054552,1103.0,1058.0,67,67301,39.9937,-75.1523,0,0,0,0,0,0,4,5,2014,7,10.0,1.0,7,1.0,3,1,3,  ,2,3.0,0,0,1,0,0,0,0,0,0,0,0,0,0,0,0,0,0
17951,2014054562,1932.0,1930.0,67,67301,39.9728,-75.1444,0,0,0,0,0,0,8,5,2014,6,19.0,4.0,0,1.0,3,0,3,  ,0,0.0,0,0,0,0,0,0,0,0,0,0,0,0,0,0,0,0,0
17952,2014054568,1813.0,1807.0,67,67301,39.9172,-75.1746,0,0,0,0,0,0,4,3,2014,6,18.0,1.0,0,1.0,3,1,3,  ,2,3.0,0,0,1,0,0,0,0,0,0,0,0,0,0,0,0,0,0
17953,2014054627,1223.0,1221.0,67,67301,40.0042,-75.1605,0,0,0,0,0,0,4,4,2014,7,12.0,1.0,0,1.0,3,1,3,  ,3,3.0,0,0,1,0,0,0,0,0,0,0,0,0,0,0,0,0,0
17954,2014054732,1820.0,1818.0,36,36101,40.0703,-76.3013,0,0,0,0,0,0,4,5,2014,6,18.0,1.0,0,1.0,3,1,3,  ,2,3.0,0,0,1,0,0,0,0,0,0,0,0,0,0,0,0,0,0
17955,2014054870,1242.0,1240.0,4,4301,40.752,-80.3222,0,0,0,0,0,1,4,5,2014,7,12.0,1.0,0,1.0,3,1,3,  ,3,3.0,0,0,1,0,0,0,0,0,0,0,0,0,0,0,0,0,0
17956,2014055113,1012.0,1011.0,46,46103,40.2682,-75.3142,0,0,0,0,1,0,5,6,2014,1,10.0,1.0,0,1.0,3,0,3,  ,0,0.0,0,0,0,0,0,0,0,0,0,0,0,0,0,0,0,0,0
17957,2014055126,1831.0,1831.0,2,2303,40.3696,-79.8477,0,0,0,0,0,0,4,5,2014,7,18.0,1.0,0,1.0,3,1,3,  ,3,3.0,0,0,1,0,0,0,0,0,0,0,0,0,0,0,0,0,0
17958,2014055156,2102.0,2058.0,2,2301,40.4488,-79.9101,0,0,0,0,0,1,4,5,2014,5,20.0,3.0,0,1.0,3,1,3,  ,2,3.0,1,0,1,0,0,0,0,0,0,0,0,0,0,0,0,0,0
17959,2014055340,715.0,709.0,35,35302,41.4135,-75.6534,0,0,0,0,0,1,4,6,2014,2,7.0,1.0,0,1.0,3,1,3,  ,3,3.0,0,0,1,0,0,0,0,0,0,0,0,0,0,0,0,0,0
17960,2014055413,1526.0,1524.0,39,39301,40.5995,-75.4817,0,0,0,0,0,0,4,6,2014,2,15.0,1.0,0,1.0,3,1,3,  ,2,3.0,0,0,1,0,0,0,0,0,0,0,0,0,0,0,0,0,0
17961,2014055501,2003.0,1950.0,28,28201,39.7936,-77.7616,0,0,0,0,1,0,4,5,2014,7,19.0,1.0,0,1.0,1,2,3,  ,0,0.0,1,0,1,0,0,0,0,0,0,0,0,0,0,0,0,1,0
17962,2014055578,1606.0,1603.0,49,49301,40.7827,-76.5568,0,0,0,0,0,0,4,6,2014,2,16.0,1.0,0,1.0,2,1,3,  ,3,3.0,0,0,1,0,0,0,0,0,0,0,0,0,0,0,0,0,0
17963,2014055747,1306.0,1304.0,23,23103,39.9719,-75.3136,0,0,0,0,0,0,4,5,2014,7,13.0,1.0,0,1.0,3,1,3,  ,2,3.0,0,0,1,0,0,0,0,0,0,0,0,0,0,0,0,0,0
17964,2014055760,933.0,929.0,46,46104,40.0063,-75.2926,0,0,0,0,0,1,4,5,2014,3,9.0,1.0,0,1.0,3,2,3,  ,0,0.0,0,0,1,0,0,1,0,0,0,0,0,0,0,0,0,0,0
17965,2014055818,1420.0,1419.0,6,6301,40.3504,-75.9239,0,0,0,1,0,0,4,6,2014,3,14.0,1.0,0,9.0,3,1,3,  ,2,3.0,0,0,1,0,1,0,0,0,0,0,0,0,0,0,0,0,0
17966,2014055831,1530.0,1526.0,66,66227,39.9731,-76.6931,0,0,0,0,0,0,4,6,2014,3,15.0,1.0,2,1.0,3,1,3,  ,2,3.0,0,0,1,0,0,0,0,0,0,0,0,0,0,0,0,0,0
17967,2014055969,2140.0,2139.0,39,39301,40.6068,-75.4781,0,0,0,0,0,0,4,6,2014,3,21.0,3.0,0,1.0,3,1,3,  ,3,3.0,0,1,1,0,0,0,1,0,0,1,0,0,0,0,0,0,0
17968,2014056000,1733.0,1732.0,6,6228,40.443,-75.9397,0,0,0,0,1,0,5,5,2014,6,17.0,1.0,0,1.0,1,1,3,  ,2,3.0,1,0,0,0,0,0,0,0,0,0,0,0,0,0,0,1,0
17969,2014056215,721.0,713.0,39,39103,40.6193,-75.4992,0,0,0,0,0,0,8,1,2014,2,6.0,1.0,0,1.0,1,0,3,  ,0,0.0,0,0,0,0,0,0,0,0,0,0,0,0,0,0,0,0,0
17970,2014056490,141.0,138.0,6,6427,40.3354,-75.9385,0,0,0,0,0,0,4,6,2014,5,1.0,3.0,8,9.0,3,2,7,  ,3,3.0,1,0,1,0,0,0,0,0,0,0,1,0,0,0,0,0,0
17971,2014056604,1433.0,1430.0,48,48212,40.6881,-75.2535,0,0,0,0,0,1,2,6,2014,4,14.0,1.0,0,1.0,3,0,3,  ,0,0.0,0,0,0,0,0,0,0,0,0,0,0,0,0,0,0,0,0
17972,2014056657,1450.0,1448.0,46,46109,40.1431,-75.2021,0,0,0,0,0,0,4,6,2014,5,14.0,1.0,0,1.0,3,2,3,  ,3,3.0,0,0,1,0,0,0,0,0,0,0,0,0,0,0,0,1,0
17973,2014056675,1715.0,1709.0,67,67301,39.9167,-75.1494,0,0,0,0,0,1,4,4,2014,1,17.0,1.0,0,1.0,3,1,3,  ,3,3.0,0,0,1,0,0,0,0,0,0,0,0,0,0,0,0,0,0
17974,2014056777,20.0,16.0,36,36301,40.0253,-76.3179,0,0,0,0,0,0,6,6,2014,1,0.0,2.0,0,1.0,3,0,3,  ,0,0.0,0,0,0,0,0,0,0,0,0,0,0,0,0,0,0,0,0
17975,2014056988,1024.0,1023.0,67,67301,39.9528,-75.2203,0,0,0,0,0,0,4,4,2014,5,20.0,6.0,0,1.0,3,1,99,  ,3,3.0,0,0,1,0,0,0,0,0,0,0,0,0,0,0,0,0,0
17976,2014057179,650.0,650.0,64,64217,40.2896,-79.3567,0,0,0,0,0,1,5,5,2014,1,6.0,1.0,0,1.0,1,0,3,  ,0,0.0,0,0,0,0,0,0,0,0,0,0,0,0,0,0,0,0,0
17977,2014057284,1109.0,1109.0,25,25302,42.1324,-80.0736,0,0,0,0,0,0,4,6,2014,7,11.0,1.0,0,1.0,3,1,3,  ,3,3.0,0,0,1,0,0,0,0,0,0,0,0,0,0,0,0,0,0
17978,2014057592,1527.0,1527.0,24,24301,41.4192,-78.5435,0,0,0,0,0,1,4,6,2014,5,15.0,1.0,0,1.0,2,0,3,  ,0,0.0,0,0,1,0,0,0,0,0,0,0,0,0,0,0,0,0,0
17979,2014057724,2252.0,2250.0,46,46419,40.19,-75.5334,0,0,0,0,0,0,1,5,2014,7,22.0,2.0,0,1.0,3,0,3,  ,0,0.0,0,0,0,0,0,1,0,0,0,0,0,0,0,0,0,0,0
17980,2014057761,836.0,832.0,66,66204,40.0448,-76.7735,0,0,0,0,0,0,6,6,2014,2,8.0,1.0,0,1.0,1,0,3,  ,0,0.0,0,0,0,0,0,0,0,0,0,0,0,0,0,0,0,0,0
17981,2014057777,1648.0,1639.0,2,2301,40.4148,-79.9393,0,0,0,0,0,0,4,6,2014,2,16.0,1.0,0,1.0,3,0,3,  ,3,3.0,0,0,1,0,0,0,0,0,0,0,0,0,0,0,0,0,0
17982,2014058305,1822.0,1820.0,46,46413,40.1171,-75.3553,0,0,0,0,0,0,4,6,2014,3,18.0,1.0,0,1.0,3,0,3,  ,0,0.0,0,0,1,0,0,0,0,0,0,0,0,0,0,0,0,0,0
17983,2014058308,1742.0,1737.0,37,37301,41.0066,-80.353,0,1,0,0,0,1,4,6,2014,3,17.0,1.0,0,1.0,2,2,3,  ,3,3.0,0,0,1,0,0,0,0,0,0,0,0,0,0,0,0,0,0
17984,2014058311,1939.0,1934.0,25,25302,42.1011,-80.0922,0,0,0,0,0,0,8,6,2014,3,19.0,1.0,0,1.0,3,0,3,  ,0,0.0,0,0,0,0,0,0,0,0,0,0,0,0,0,0,0,0,0
17985,2014058332,1524.0,1521.0,21,21101,40.2537,-76.9135,0,0,0,0,0,0,4,6,2014,4,15.0,1.0,2,1.0,3,1,3,  ,3,3.0,1,0,1,0,0,1,0,0,0,0,0,0,0,0,0,0,0
17986,2014058380,735.0,735.0,25,25213,42.0802,-80.1874,0,0,0,0,1,0,1,6,2014,4,7.0,1.0,0,1.0,3,5,3,  ,2,3.0,0,0,0,0,0,0,0,0,0,0,0,0,0,0,0,0,0
17987,2014058406,2350.0,2346.0,25,25302,42.1128,-80.0906,0,0,0,0,0,1,4,5,2014,7,23.0,3.0,0,1.0,3,1,3,  ,3,3.0,0,0,1,0,0,0,0,0,0,0,0,0,0,0,0,0,0
17988,2014058533,1537.0,1532.0,44,44403,40.6008,-77.5686,0,0,0,0,1,0,4,6,2014,4,15.0,1.0,7,1.0,2,0,3,  ,0,0.0,0,0,1,0,0,1,0,0,0,0,0,0,0,0,0,1,0
17989,2014058538,1625.0,1621.0,2,2301,40.4524,-80.0552,0,0,0,0,0,1,4,6,2014,4,16.0,1.0,0,1.0,3,0,3,  ,0,0.0,0,0,1,0,0,0,0,0,0,0,0,0,0,0,0,0,0
17990,2014058763,1231.0,1159.0,66,66228,39.8209,-76.7102,0,0,0,0,1,0,4,6,2014,6,11.0,1.0,0,1.0,3,2,3,  ,0,0.0,0,0,1,0,0,0,0,0,0,0,0,0,0,0,0,0,0
17991,2014058808,1320.0,1319.0,21,21207,40.1565,-77.0858,1,0,0,1,0,0,4,3,2014,5,13.0,1.0,0,1.0,1,1,3,  ,3,3.0,1,0,1,0,1,0,0,0,0,0,0,0,0,0,0,0,0
17992,2014059001,1245.0,1235.0,67,67301,39.9529,-75.1838,0,0,0,0,0,0,1,5,2014,4,11.0,1.0,0,1.0,3,0,3,  ,0,0.0,0,0,0,0,0,0,0,0,0,0,0,0,0,0,0,0,0