,CRN,ARRIVAL_TM,DISPATCH_TM,COUNTY,MUNICIPALITY,DEC_LAT,DEC_LONG,BICYCLE_DEATH_COUNT,BICYCLE_SUSP_SERIOUS_INJ_COUNT,BUS_COUNT,HEAVY_TRUCK_COUNT,SMALL_TRUCK_COUNT,SUV_COUNT,COLLISION_TYPE,CRASH_MONTH,CRASH_YEAR,DAY_OF_WEEK,HOUR_OF_DAY,ILLUMINATION,LOCATION_TYPE,ROAD_CONDITION,URBAN_RURAL,INTERSECT_TYPE,WEATHER1,WEATHER2,TCD_TYPE,TCD_FUNC_CD,AGGRESSIVE_DRIVING,ALCOHOL_RELATED,ANGLE_CRASH,CELL_PHONE,COMM_VEHICLE,DISTRACTED,DRINKING_DRIVER,DRUGGED_DRIVER,FATIGUE_ASLEEP,IMPAIRED_DRIVER,NHTSA_AGG_DRIVING,RUNNING_RED_LT,RUNNING_STOP_SIGN,SPEEDING_RELATED,TAILGATING,MATURE_DRIVER,YOUNG_DRIVER
17993,2014059017,1833.0,1830.0,67,67301,39.9526,-75.1572,0,0,0,0,0,0,5,5,2014,4,18.0,1.0,0,1.0,3,0,3,  ,0,0.0,0,0,0,0,0,0,0,0,0,0,0,0,0,0,0,0,0
17994,2014059030,1950.0,1841.0,67,67301,39.925,-75.1744,0,0,0,0,0,0,5,5,2014,6,18.0,1.0,0,1.0,3,0,3,  ,0,0.0,0,0,0,1,0,1,0,0,0,0,0,0,0,0,0,0,0
17995,2014059040,1825.0,1815.0,67,67301,40.0271,-75.1685,0,1,0,0,0,0,5,5,2014,5,17.0,1.0,0,1.0,3,0,3,  ,0,0.0,0,0,0,0,0,0,0,0,0,0,0,0,0,0,0,0,0
17996,2014059048,827.0,827.0,67,67301,39.9245,-75.1746,0,0,0,0,0,1,5,5,2014,4,8.0,1.0,0,1.0,3,0,3,  ,0,0.0,0,0,0,0,0,0,0,0,0,0,0,0,0,0,0,0,0
17997,2014059081,1608.0,1604.0,67,67301,40.0133,-75.0568,0,0,0,0,0,0,3,5,2014,7,15.0,1.0,7,1.0,3,0,3,  ,0,0.0,0,0,0,0,0,0,0,0,0,0,0,0,0,0,0,0,0
17998,2014059144,9999.0,1758.0,67,67301,39.9607,-75.2286,0,0,0,0,0,0,1,4,2014,6,17.0,1.0,0,1.0,3,0,3,  ,0,0.0,0,0,0,0,0,0,0,0,0,0,0,0,0,0,0,0,0
17999,2014059146,1455.0,1455.0,67,67301,39.9643,-75.239,0,0,0,0,0,0,5,5,2014,4,15.0,1.0,0,1.0,3,0,3,  ,0,0.0,0,0,0,0,0,0,0,0,0,0,0,0,0,0,0,0,0
18000,2014059154,1940.0,1937.0,67,67301,40.03,-75.0672,0,0,0,0,0,0,4,5,2014,3,19.0,1.0,0,1.0,3,1,3,  ,3,3.0,0,0,1,0,0,0,0,0,0,0,0,0,0,0,0,0,0
18001,2014059233,1530.0,1529.0,67,67301,39.9543,-75.1918,0,0,0,0,0,1,4,5,2014,2,15.0,1.0,0,1.0,3,1,3,  ,2,3.0,0,0,1,0,0,0,0,0,0,0,0,0,0,0,0,0,0
18002,2014059262,2036.0,2033.0,67,67301,39.9794,-75.1744,0,0,0,0,0,0,4,5,2014,7,20.0,3.0,0,1.0,3,1,3,  ,2,3.0,0,0,1,0,0,0,0,0,0,0,0,0,0,0,0,0,0
18003,2014059268,1840.0,1837.0,67,67301,40.0159,-75.1173,0,0,0,0,0,0,4,5,2014,2,17.0,1.0,0,1.0,3,5,3,  ,3,3.0,0,0,1,0,0,0,0,0,0,0,0,0,0,0,0,0,0
18004,2014059275,1745.0,1742.0,67,67301,40.0203,-75.0804,0,0,0,0,0,0,4,5,2014,5,17.0,1.0,0,1.0,3,1,3,  ,2,3.0,0,0,1,0,0,0,0,0,0,0,0,0,0,0,0,0,0
18005,2014059318,9999.0,9999.0,67,67301,39.9601,-75.1736,0,0,0,0,0,0,5,5,2014,2,17.0,1.0,0,1.0,3,0,7,  ,0,0.0,0,0,0,0,0,0,0,0,0,0,0,0,0,0,0,0,0
18006,2014059322,1725.0,1715.0,67,67301,39.9289,-75.2355,0,0,0,0,0,0,4,5,2014,7,17.0,1.0,0,1.0,3,1,3,  ,2,3.0,0,0,1,0,0,0,0,0,0,0,0,0,0,0,0,0,0
18007,2014059391,2030.0,2028.0,23,23111,39.9567,-75.2595,0,0,0,0,0,0,4,6,2014,5,20.0,1.0,0,9.0,3,2,7,  ,0,0.0,1,0,1,0,0,0,0,0,0,0,0,0,0,0,0,0,1
18008,2014059416,1920.0,1914.0,15,15214,40.0605,-75.5446,0,0,0,0,0,1,1,6,2014,5,19.0,1.0,0,9.0,3,0,7,  ,0,0.0,1,0,0,0,0,0,0,0,0,0,0,0,0,0,0,0,0
18009,2014059462,1139.0,1135.0,15,15229,39.8201,-75.8717,0,0,0,0,0,0,5,6,2014,1,11.0,1.0,0,1.0,1,0,3,  ,0,0.0,0,1,0,0,0,1,1,0,0,1,0,0,0,0,0,0,1
18010,2014059548,1315.0,1314.0,36,36301,40.0512,-76.3062,0,0,0,0,0,0,4,6,2014,3,13.0,1.0,0,1.0,3,1,3,  ,3,3.0,0,0,1,0,0,0,0,0,0,0,0,0,0,0,0,0,0
18011,2014059635,1343.0,1340.0,2,2213,40.5259,-80.1886,0,0,0,0,0,0,6,6,2014,7,13.0,1.0,0,1.0,3,0,3,  ,0,0.0,0,0,0,0,0,0,0,0,0,0,0,0,0,1,0,0,1
18012,2014059711,1302.0,1259.0,48,48206,40.6822,-75.3895,0,0,0,0,1,0,4,5,2014,7,12.0,1.0,0,1.0,3,1,3,  ,2,3.0,0,0,1,0,0,0,0,0,0,0,0,0,0,0,0,1,0
18013,2014059828,940.0,925.0,36,36404,40.0321,-76.5075,0,1,0,0,0,0,1,6,2014,4,9.0,1.0,3,1.0,3,0,3,  ,0,0.0,0,0,0,0,0,0,0,0,0,0,0,0,0,0,0,0,0
18014,2014059837,2124.0,2122.0,2,2447,40.4137,-79.9886,0,0,0,0,0,1,4,6,2014,5,21.0,3.0,0,9.0,3,0,7,  ,0,0.0,0,0,1,0,0,0,0,0,0,0,0,0,0,0,0,0,0
18015,2014059852,1815.0,1811.0,40,40409,41.3245,-75.8195,0,0,0,0,0,0,4,6,2014,1,18.0,1.0,0,1.0,1,1,3,  ,0,0.0,0,0,1,0,0,0,0,0,0,0,0,0,0,0,0,0,0
18016,2014059913,1338.0,1329.0,2,2301,40.448,-80.0178,0,0,0,0,0,0,5,6,2014,4,13.0,1.0,99,1.0,3,10,99,  ,0,0.0,0,0,0,0,0,0,0,0,0,0,0,0,0,0,0,0,0
18017,2014060052,1300.0,1257.0,36,36301,40.0347,-76.3085,0,0,0,0,0,1,4,6,2014,3,12.0,1.0,7,1.0,3,2,3,  ,0,0.0,0,0,1,0,0,0,0,0,0,0,0,0,0,0,0,0,0
18018,2014060230,1920.0,1914.0,2,2301,40.4098,-79.944,0,0,0,0,0,0,4,6,2014,1,19.0,1.0,0,1.0,3,2,3,  ,3,3.0,0,0,1,0,0,0,0,0,0,0,0,0,0,0,0,0,0
18019,2014060283,1012.0,1011.0,38,38301,40.347,-76.3948,0,0,0,0,0,0,4,6,2014,2,10.0,1.0,0,1.0,2,1,3,  ,2,3.0,0,0,1,0,0,0,0,0,0,0,0,0,0,0,0,0,0
18020,2014060405,2144.0,2141.0,45,45404,40.9928,-75.1938,0,0,0,0,0,0,4,6,2014,6,17.0,2.0,0,1.0,2,1,3,  ,3,3.0,0,0,1,0,0,0,0,0,0,0,0,0,0,0,0,0,0
18021,2014060449,1528.0,1525.0,25,25213,42.1129,-80.1552,0,0,0,0,0,0,4,6,2014,2,15.0,1.0,0,1.0,3,0,3,  ,0,0.0,1,0,1,0,0,0,0,0,0,0,0,0,0,0,0,0,0
18022,2014060829,1543.0,1540.0,6,6427,40.3348,-75.9421,0,0,0,0,0,0,8,6,2014,1,15.0,1.0,0,1.0,3,2,3,  ,3,3.0,1,0,0,0,0,0,0,0,0,0,0,0,0,0,0,0,0
18023,2014060859,1638.0,1638.0,14,14216,40.81,-77.9054,0,0,0,0,0,0,4,6,2014,2,16.0,1.0,7,1.0,1,0,3,  ,2,3.0,0,0,1,0,0,0,0,0,0,0,0,0,0,0,0,0,0
18024,2014060926,1819.0,1819.0,23,23404,39.9324,-75.3031,0,0,0,0,1,0,4,6,2014,5,18.0,1.0,7,1.0,3,0,3,  ,0,0.0,0,0,1,0,0,0,0,0,0,0,0,0,0,0,0,0,0
18025,2014060962,1006.0,959.0,6,6205,40.4762,-76.2748,0,0,0,0,0,1,4,6,2014,3,9.0,1.0,0,1.0,1,0,3,  ,0,0.0,0,0,1,0,0,0,0,0,0,0,0,0,0,0,0,0,0
18026,2014060986,831.0,828.0,15,15254,40.0176,-75.6063,0,0,0,0,0,0,4,6,2014,4,8.0,1.0,0,1.0,3,1,3,  ,3,3.0,1,0,1,0,0,0,0,0,0,0,0,0,1,0,0,0,0
18027,2014061001,2009.0,2004.0,23,23103,40.0019,-75.3006,0,0,0,0,0,0,4,5,2014,7,20.0,1.0,0,1.0,3,3,3,  ,3,2.0,0,0,1,0,0,0,0,0,0,0,0,0,0,0,0,0,0
18028,2014061014,1624.0,1619.0,66,66231,39.9708,-76.7514,0,0,0,0,0,0,4,6,2014,2,16.0,1.0,0,9.0,1,0,7,  ,0,0.0,0,0,1,0,0,0,0,0,0,0,0,0,0,0,0,0,0
18029,2014061069,2035.0,2019.0,67,67301,39.9386,-75.1563,0,0,0,0,0,0,1,5,2014,2,99.0,1.0,0,1.0,3,1,3,  ,3,3.0,1,0,0,0,0,0,0,0,0,0,0,0,0,0,0,0,0
18030,2014061070,930.0,927.0,67,67301,39.9255,-75.1592,0,0,0,0,0,0,4,5,2014,3,9.0,1.0,0,1.0,3,1,3,  ,3,3.0,0,0,1,0,0,0,0,0,0,0,0,0,0,0,0,0,0
18031,2014061072,1755.0,1753.0,67,67301,39.9547,-75.1735,0,0,0,0,0,1,8,5,2014,2,17.0,1.0,0,1.0,3,0,3,  ,0,0.0,0,0,0,0,0,0,0,0,0,0,0,0,0,0,0,1,0
18032,2014061075,759.0,746.0,67,67301,39.9472,-75.1781,0,0,0,1,0,0,4,5,2014,4,7.0,1.0,0,1.0,3,1,3,  ,2,3.0,0,0,1,0,1,0,0,0,0,0,0,0,0,0,0,0,0
18033,2014061078,1651.0,1647.0,67,67301,39.9395,-75.1698,0,0,0,0,0,0,4,5,2014,3,16.0,1.0,0,1.0,3,1,3,  ,3,3.0,0,0,1,0,0,0,0,0,0,0,0,0,0,0,0,0,0
18034,2014061436,1153.0,1152.0,48,48301,40.6134,-75.3841,0,0,0,0,0,0,4,6,2014,3,11.0,1.0,0,1.0,3,1,3,  ,2,3.0,0,0,1,0,0,0,0,0,0,0,0,0,0,0,0,0,0
18035,2014061573,1624.0,1619.0,2,2301,40.4365,-79.9667,0,0,0,0,0,0,6,6,2014,5,16.0,1.0,0,1.0,3,0,3,  ,0,0.0,1,0,0,0,0,0,0,0,0,0,0,0,0,0,0,0,0
18036,2014061582,1745.0,1742.0,25,25302,42.1119,-80.0735,0,0,0,0,0,1,6,6,2014,5,17.0,1.0,0,1.0,3,1,3,  ,2,3.0,0,0,0,0,0,0,0,0,0,0,0,0,0,0,0,0,0
18037,2014061648,1759.0,1756.0,46,46107,40.1093,-75.3196,0,0,0,0,0,0,4,6,2014,5,17.0,1.0,0,1.0,3,2,3,  ,0,0.0,0,0,1,0,0,0,0,0,0,0,0,0,0,0,0,0,0
18038,2014061877,1320.0,1320.0,58,58222,41.7422,-77.0772,0,0,0,0,0,0,2,6,2014,4,13.0,1.0,0,1.0,1,0,3,  ,0,0.0,0,0,0,0,0,1,0,0,0,0,0,0,0,0,0,0,0
18039,2014062069,1525.0,1520.0,66,66430,39.9518,-76.7557,0,0,0,0,1,0,4,6,2014,6,15.0,1.0,0,1.0,3,1,3,  ,3,3.0,0,0,1,0,0,0,0,0,0,0,0,0,0,0,0,0,0
18040,2014062093,1659.0,1655.0,2,2474,40.5223,-80.0346,0,0,0,0,0,0,4,6,2014,6,16.0,1.0,0,1.0,3,0,3,  ,0,0.0,0,0,1,0,0,0,0,0,0,0,0,0,0,0,0,0,0
18041,2014062216,2158.0,2151.0,2,2301,40.4471,-79.8952,0,0,0,0,0,0,8,6,2014,7,21.0,3.0,0,1.0,3,1,7,  ,2,3.0,1,0,0,0,0,0,0,0,0,0,0,1,0,0,0,0,0
18042,2014062288,1621.0,1617.0,6,6414,40.2828,-75.9796,0,0,0,0,0,0,4,6,2014,7,16.0,1.0,0,1.0,3,2,3,  ,3,3.0,0,0,1,0,0,0,0,0,0,0,0,0,0,0,0,0,0
18043,2014062418,1917.0,1914.0,23,23414,39.9262,-75.3856,0,0,0,0,0,0,4,6,2014,1,19.0,1.0,0,1.0,3,1,3,  ,2,3.0,0,0,1,0,0,1,0,0,0,0,0,0,0,0,0,1,0
18044,2014062517,2150.0,2140.0,22,22301,40.2663,-76.8865,0,0,0,0,0,0,4,6,2014,4,21.0,3.0,0,1.0,3,1,3,  ,2,3.0,0,0,1,0,0,0,0,0,0,0,0,0,0,0,0,0,0
18045,2014062663,2034.0,2032.0,8,8204,41.9766,-76.5393,0,0,0,0,0,0,4,6,2014,7,20.0,4.0,7,1.0,1,0,3,  ,0,0.0,0,0,1,0,0,0,0,0,0,0,0,0,0,0,0,0,0
18046,2014062728,1826.0,1815.0,31,31207,40.1516,-77.8732,0,0,0,0,0,0,4,6,2014,6,18.0,1.0,0,1.0,1,0,3,  ,0,0.0,0,0,1,0,0,0,0,0,0,0,0,0,0,0,0,0,0
18047,2014062826,1205.0,1159.0,42,42405,41.8209,-78.2878,0,0,0,0,1,0,4,6,2014,6,11.0,1.0,0,1.0,1,1,3,  ,3,3.0,0,0,1,0,0,0,0,0,0,0,0,0,0,0,0,0,0
18048,2014062890,744.0,730.0,42,42215,41.6645,-78.7848,0,0,0,0,0,1,6,6,2014,1,7.0,1.0,0,1.0,1,2,3,  ,3,3.0,1,0,0,0,0,0,0,0,0,0,0,0,0,0,0,0,0
18049,2014062956,1506.0,1501.0,21,21103,40.2381,-77.0011,0,0,0,0,0,0,8,6,2014,2,15.0,1.0,7,1.0,3,0,3,  ,0,0.0,1,0,0,0,0,0,0,0,0,0,0,0,0,0,0,0,0
18050,2014062983,950.0,942.0,2,2113,40.481,-79.81,0,0,0,0,0,0,5,6,2014,3,9.0,1.0,0,1.0,3,0,3,  ,0,0.0,0,0,0,0,0,0,0,0,0,0,0,0,0,0,0,1,0
18051,2014063045,1146.0,1142.0,46,46208,40.1711,-75.4414,0,0,0,0,0,1,4,6,2014,4,11.0,1.0,0,1.0,3,0,3,  ,0,0.0,1,0,1,0,0,0,0,0,0,0,0,0,0,0,0,0,0
18052,2014063266,2132.0,2127.0,15,15238,40.0823,-75.7157,0,0,0,0,0,0,1,6,2014,3,21.0,2.0,0,1.0,1,0,3,  ,0,0.0,0,0,0,0,0,0,0,0,0,0,0,0,0,0,0,1,0
18053,2014063355,1030.0,1028.0,23,23301,39.8502,-75.3622,0,0,0,1,0,0,4,6,2014,4,10.0,1.0,0,1.0,3,1,3,  ,2,3.0,0,0,1,0,1,0,0,0,0,0,0,0,0,0,0,0,0
18054,2014063465,133.0,127.0,28,28204,39.9267,-77.6259,0,0,0,0,0,0,5,6,2014,6,23.0,3.0,0,1.0,1,0,3,  ,0,0.0,0,0,0,0,0,0,0,0,0,0,0,0,0,0,0,0,0
18055,2014063493,1812.0,1808.0,39,39301,40.6149,-75.4414,0,0,0,0,0,0,4,6,2014,4,18.0,1.0,0,1.0,3,2,3,  ,3,3.0,0,0,1,0,0,0,0,0,0,0,0,0,0,0,0,0,0
18056,2014063497,1830.0,1828.0,35,35302,41.395,-75.6697,0,1,0,0,1,0,4,6,2014,4,18.0,1.0,0,1.0,3,1,3,  ,2,3.0,1,0,1,0,0,0,0,0,0,0,0,0,0,0,0,0,0
18057,2014063524,2059.0,2051.0,6,6301,40.3284,-75.9076,0,0,0,0,0,1,4,6,2014,4,20.0,3.0,0,1.0,3,2,3,  ,0,0.0,0,0,1,0,0,0,0,0,0,0,0,0,0,0,0,0,0
18058,2014063531,1827.0,1824.0,38,38216,40.2623,-76.4445,0,0,0,0,0,1,4,6,2014,6,18.0,1.0,7,1.0,1,0,3,  ,0,0.0,1,0,1,0,0,0,0,0,0,0,0,0,0,0,0,0,0
18059,2014063535,1748.0,1747.0,23,23417,39.8914,-75.3029,0,0,0,0,0,1,4,6,2014,4,17.0,1.0,0,1.0,3,2,3,  ,0,0.0,0,0,1,0,0,0,0,0,0,0,0,0,0,0,0,0,0
18060,2014063639,1538.0,1537.0,23,23111,39.9532,-75.2616,0,0,0,0,0,0,5,5,2014,2,15.0,1.0,0,1.0,3,2,3,  ,0,0.0,0,0,0,0,0,0,0,0,0,0,0,0,0,0,0,0,0
18061,2014063690,1411.0,1408.0,46,46114,40.2906,-75.6384,0,0,0,0,0,0,4,6,2014,1,14.0,1.0,7,1.0,2,0,3,  ,0,0.0,0,0,1,0,0,0,0,0,0,0,0,0,0,0,0,1,0
18062,2014063700,1100.0,1100.0,47,47401,40.9621,-76.6205,0,0,0,0,1,0,4,6,2014,5,11.0,1.0,0,1.0,2,2,3,  ,3,3.0,0,0,1,0,0,0,0,0,0,0,0,0,0,0,0,1,0
18063,2014063739,1613.0,1611.0,48,48212,40.6887,-75.2545,0,0,0,0,0,1,4,6,2014,5,16.0,1.0,7,1.0,3,0,3,  ,3,3.0,0,0,1,0,0,0,0,0,0,0,0,0,0,0,0,0,0
18064,2014063793,1907.0,1906.0,35,35415,41.4506,-75.6297,0,0,0,0,1,0,4,6,2014,5,19.0,1.0,0,1.0,3,2,3,  ,0,0.0,0,0,1,0,0,0,0,0,0,0,0,0,0,0,0,0,0
18065,2014064006,1457.0,1455.0,41,41301,41.2415,-77.0236,0,0,0,0,0,0,4,6,2014,6,14.0,1.0,0,1.0,3,1,3,  ,3,3.0,1,0,1,0,0,0,0,0,0,0,0,0,1,0,0,1,0
18066,2014064024,1642.0,1641.0,10,10301,,,0,0,0,0,0,0,4,6,2014,6,16.0,1.0,0,1.0,2,0,3,  ,0,0.0,0,0,1,0,0,0,0,0,0,0,0,0,0,0,0,0,0
18067,2014064059,1701.0,1659.0,10,10301,40.857,-79.8952,0,0,0,0,0,0,4,6,2014,6,16.0,1.0,0,1.0,2,1,3,  ,2,3.0,0,0,1,0,0,0,0,0,0,0,0,0,0,0,0,0,1
18068,2014064115,1830.0,1827.0,22,22414,40.235,-76.8378,0,0,0,0,0,0,4,6,2014,6,18.0,1.0,0,1.0,3,1,3,  ,3,3.0,0,0,1,0,0,0,0,0,0,0,0,0,0,0,0,0,0
18069,2014064228,1443.0,1443.0,36,36414,40.0391,-76.4333,0,0,0,0,0,0,4,6,2014,3,14.0,1.0,0,1.0,3,1,3,  ,0,0.0,0,0,1,0,0,0,0,0,0,0,0,0,0,0,0,0,0
18070,2014064230,1341.0,1339.0,40,40302,41.2009,-76.0054,0,0,0,0,0,0,4,6,2014,6,13.0,1.0,0,1.0,3,1,3,  ,0,0.0,0,0,1,0,0,0,0,0,0,0,0,0,0,0,0,0,1
18071,2014064302,2040.0,2037.0,36,36301,40.0223,-76.3125,0,0,0,0,0,1,4,6,2014,6,20.0,1.0,0,1.0,3,1,3,  ,0,0.0,0,0,1,0,0,1,0,0,0,0,0,0,0,0,0,0,0
18072,2014064453,1426.0,1417.0,2,2301,40.4672,-79.964,0,0,0,0,0,0,5,6,2014,1,14.0,1.0,0,1.0,3,0,3,  ,0,0.0,0,0,0,0,0,0,0,0,0,0,0,0,0,0,0,0,0
18073,2014064497,1934.0,1917.0,55,55406,40.1097,-78.8014,0,0,0,0,0,0,4,6,2014,4,19.0,1.0,0,1.0,1,1,3,  ,3,3.0,0,0,1,0,0,0,0,0,0,0,0,0,0,0,0,0,1
18074,2014064547,1825.0,1823.0,23,23107,39.8958,-75.3191,0,0,0,0,0,1,4,6,2014,1,18.0,1.0,0,1.0,3,1,3,  ,3,3.0,0,0,1,0,0,0,0,0,0,0,0,0,0,0,0,0,0
18075,2014064607,1246.0,1243.0,22,22301,40.263,-76.8787,0,0,0,0,0,0,1,6,2014,6,12.0,1.0,0,1.0,3,1,3,  ,2,3.0,0,0,0,0,0,1,0,0,0,0,0,0,0,0,0,0,0
18076,2014064684,827.0,819.0,36,36209,40.1534,-76.0887,0,0,0,1,0,0,4,6,2014,2,8.0,1.0,0,1.0,1,1,3,  ,3,3.0,1,0,1,0,0,0,0,0,0,0,0,0,0,0,0,0,0
18077,2014064721,1222.0,1219.0,61,61301,41.8345,-79.1687,0,0,0,0,0,0,5,6,2014,1,12.0,1.0,2,1.0,2,6,3,  ,4,3.0,1,0,0,0,0,0,0,0,0,0,0,0,0,0,0,0,0
18078,2014064753,1445.0,1440.0,35,35302,41.4445,-75.671,0,0,0,0,0,0,4,6,2014,2,14.0,1.0,2,1.0,3,1,3,  ,2,3.0,0,0,1,0,0,1,0,0,0,0,0,0,0,0,0,0,0
18079,2014064770,1729.0,1727.0,9,9401,,,0,0,0,0,0,0,4,6,2014,4,17.0,1.0,0,1.0,3,1,3,  ,0,0.0,0,0,1,0,0,0,0,0,0,0,0,0,0,0,0,0,0
18080,2014064790,1830.0,1827.0,9,9211,40.2187,-74.8342,0,0,0,0,0,0,4,6,2014,6,18.0,1.0,7,1.0,3,0,3,  ,0,0.0,1,0,1,0,0,0,0,0,0,0,0,0,0,0,0,0,0
18081,2014065044,1416.0,1414.0,23,23103,39.9648,-75.3176,0,0,0,0,0,0,8,6,2014,6,14.0,1.0,0,1.0,3,1,3,  ,2,3.0,0,0,0,0,0,0,0,0,0,0,0,0,0,0,0,0,0
18082,2014065237,1941.0,1939.0,46,46224,40.0625,-75.2695,0,0,0,0,1,0,4,7,2014,3,19.0,1.0,1,1.0,3,2,3,  ,3,3.0,1,0,1,0,0,0,0,0,0,0,0,0,1,0,0,0,0
18083,2014065244,2053.0,2053.0,25,25302,42.1238,-80.1073,0,0,0,0,1,0,4,7,2014,3,20.0,4.0,0,1.0,3,1,3,  ,3,3.0,0,0,1,0,0,0,0,0,0,0,0,0,0,0,0,0,0
18084,2014065247,1814.0,1813.0,43,43301,41.2147,-80.4992,0,0,0,0,0,0,4,7,2014,3,18.0,1.0,0,1.0,3,1,3,  ,3,3.0,0,0,1,0,0,0,0,0,0,0,0,0,0,0,0,0,0
18085,2014065460,1520.0,1520.0,26,26301,40.0093,-79.5867,0,0,0,0,0,1,4,6,2014,3,15.0,1.0,0,1.0,2,1,3,  ,3,3.0,0,0,1,0,0,0,0,0,0,0,0,0,0,0,0,0,0
18086,2014065553,1930.0,1922.0,67,67301,40.0415,-75.1851,0,0,0,0,0,0,4,5,2014,7,19.0,1.0,0,1.0,3,2,3,  ,3,3.0,0,0,1,0,0,0,0,0,0,0,0,0,0,0,0,0,0
18087,2014065554,239.0,237.0,67,67301,39.9695,-75.1395,1,0,0,0,0,0,4,5,2014,7,2.0,3.0,0,1.0,3,5,3,  ,2,3.0,0,1,1,0,0,0,0,0,0,0,0,0,0,0,0,0,0
18088,2014065588,1730.0,1723.0,67,67301,39.9431,-75.1657,0,0,0,0,0,0,5,5,2014,2,15.0,1.0,0,1.0,3,0,3,  ,0,0.0,0,0,0,0,0,0,0,0,0,0,0,0,0,0,0,0,0
18089,2014065605,1836.0,1832.0,67,67301,39.9488,-75.2152,0,0,0,0,0,0,5,5,2014,2,18.0,1.0,0,1.0,3,0,3,  ,0,0.0,0,0,0,0,0,0,0,0,0,0,0,0,0,0,0,0,0
18090,2014065625,1651.0,1649.0,9,9211,40.2321,-74.8489,0,1,0,0,0,1,4,6,2014,2,16.0,1.0,0,1.0,3,2,3,  ,3,3.0,0,0,1,0,0,0,0,0,0,0,0,0,0,0,0,1,0
18091,2014065808,2342.0,2341.0,2,2214,40.4438,-80.2277,0,0,0,0,0,0,4,7,2014,4,23.0,3.0,7,1.0,3,2,3,  ,3,3.0,0,0,1,0,0,0,0,0,0,0,0,0,0,0,0,0,0
18092,2014065940,1533.0,1528.0,66,66301,39.9639,-76.7285,0,0,0,0,0,1,4,7,2014,4,15.0,1.0,0,1.0,3,1,3,  ,2,3.0,0,0,1,0,0,0,0,0,0,0,0,0,0,0,0,0,0
18093,2014065959,1652.0,1652.0,36,36301,40.0389,-76.2971,0,0,0,0,0,1,4,6,2014,4,16.0,1.0,0,1.0,3,1,3,  ,2,3.0,1,0,1,0,0,0,0,0,0,0,0,1,0,0,0,0,0
18094,2014066064,1740.0,1735.0,67,67301,39.9865,-75.1579,0,0,0,0,0,0,4,7,2014,5,17.0,1.0,0,2.0,3,0,3,  ,2,3.0,0,1,1,0,0,0,0,0,0,0,0,0,0,0,0,0,0
18095,2014066077,1541.0,1520.0,26,26204,39.9995,-79.6432,0,0,0,0,1,0,4,6,2014,7,14.0,1.0,0,1.0,1,1,3,  ,0,0.0,0,0,1,0,0,0,0,0,0,0,0,0,0,0,0,0,1
18096,2014066133,1002.0,1000.0,22,22101,40.2847,-76.8417,0,1,0,0,0,0,4,7,2014,4,9.0,1.0,0,1.0,3,1,3,  ,2,3.0,1,0,1,0,0,0,0,0,0,0,1,0,0,0,0,1,0
18097,2014066140,2106.0,2104.0,39,39301,40.5852,-75.4593,1,0,0,0,0,0,4,7,2014,5,21.0,3.0,0,9.0,3,2,7,  ,3,3.0,0,1,1,0,0,0,0,0,0,0,0,0,0,0,0,0,0
18098,2014066146,2345.0,2341.0,2,2301,40.4167,-79.9882,0,0,0,0,0,0,8,7,2014,5,23.0,3.0,0,1.0,3,1,3,  ,3,3.0,1,0,0,0,0,0,0,0,0,0,0,0,1,0,0,0,0
18099,2014066205,1342.0,1334.0,39,39301,40.606,-75.4681,0,0,0,0,0,0,4,7,2014,4,13.0,1.0,0,1.0,3,2,3,  ,0,0.0,0,0,1,0,0,0,0,0,0,0,0,0,0,0,0,0,0
18100,2014066236,1942.0,1937.0,23,23104,39.8255,-75.4256,0,0,0,0,0,0,4,6,2014,7,19.0,1.0,0,1.0,3,2,3,  ,3,3.0,0,0,1,0,0,0,0,0,0,0,0,0,0,0,0,0,0
18101,2014066358,2344.0,2340.0,2,2301,40.4478,-79.9373,0,0,0,0,0,0,1,7,2014,6,23.0,3.0,0,1.0,3,3,3,  ,2,3.0,0,0,0,0,0,0,0,0,0,0,0,0,0,0,0,0,0
18102,2014066422,1315.0,1313.0,46,46413,40.121,-75.3494,0,0,0,0,0,0,4,7,2014,7,13.0,1.0,0,1.0,3,1,3,  ,0,0.0,0,0,1,0,0,0,0,0,0,0,0,0,0,0,0,0,0
18103,2014066639,1518.0,1505.0,2,2301,40.4365,-80.0011,0,0,0,0,0,0,4,6,2014,1,14.0,1.0,8,1.0,3,1,3,  ,2,3.0,1,0,1,0,0,0,0,0,0,0,0,0,0,0,0,0,0
18104,2014066699,1914.0,1914.0,48,48302,40.692,-75.2169,0,0,0,0,0,0,4,7,2014,7,19.0,1.0,0,1.0,3,10,3,  ,3,3.0,0,0,1,0,0,0,0,0,0,0,0,0,0,0,0,0,0
18105,2014066777,1306.0,1306.0,2,2463,40.4256,-79.8917,0,0,0,0,0,0,4,7,2014,6,13.0,1.0,0,1.0,3,2,3,  ,3,3.0,1,0,1,0,0,0,0,0,0,0,0,0,1,0,0,0,0
18106,2014066919,2129.0,2123.0,48,48201,40.6813,-75.4671,0,0,0,0,0,0,4,6,2014,2,21.0,2.0,7,1.0,1,0,3,  ,0,0.0,0,0,1,0,0,0,0,0,0,0,0,0,0,0,0,0,0