,CRN,ARRIVAL_TM,DISPATCH_TM,COUNTY,MUNICIPALITY,DEC_LAT,DEC_LONG,BICYCLE_DEATH_COUNT,BICYCLE_SUSP_SERIOUS_INJ_COUNT,BUS_COUNT,HEAVY_TRUCK_COUNT,SMALL_TRUCK_COUNT,SUV_COUNT,COLLISION_TYPE,CRASH_MONTH,CRASH_YEAR,DAY_OF_WEEK,HOUR_OF_DAY,ILLUMINATION,LOCATION_TYPE,ROAD_CONDITION,URBAN_RURAL,INTERSECT_TYPE,WEATHER1,WEATHER2,TCD_TYPE,TCD_FUNC_CD,AGGRESSIVE_DRIVING,ALCOHOL_RELATED,ANGLE_CRASH,CELL_PHONE,COMM_VEHICLE,DISTRACTED,DRINKING_DRIVER,DRUGGED_DRIVER,FATIGUE_ASLEEP,IMPAIRED_DRIVER,NHTSA_AGG_DRIVING,RUNNING_RED_LT,RUNNING_STOP_SIGN,SPEEDING_RELATED,TAILGATING,MATURE_DRIVER,YOUNG_DRIVER
18107,2014067067,1720.0,1709.0,21,21213,40.1882,-77.1534,0,1,0,0,0,0,4,6,2014,1,17.0,1.0,0,1.0,1,1,3,  ,2,3.0,1,0,1,0,0,0,0,0,0,0,0,0,0,0,0,0,0
18108,2014067134,1115.0,1109.0,2,2112,40.5082,-79.9164,0,0,0,0,0,1,4,7,2014,3,11.0,1.0,0,1.0,3,2,3,  ,0,0.0,1,0,1,0,0,0,0,0,0,0,0,0,0,0,0,0,0
18109,2014067164,1454.0,1452.0,21,21402,40.1998,-77.1884,0,1,0,0,0,0,4,7,2014,5,14.0,1.0,0,1.0,2,2,3,  ,3,3.0,1,0,1,0,0,0,0,0,0,0,1,0,1,0,0,0,0
18110,2014067203,1934.0,1929.0,38,38212,40.3158,-76.3743,0,0,0,0,0,0,4,7,2014,2,19.0,1.0,0,1.0,1,1,3,  ,3,3.0,0,0,1,0,0,0,0,0,0,0,0,0,0,0,0,0,0
18111,2014067440,657.0,645.0,25,25213,42.0678,-80.0927,0,0,0,0,0,1,4,7,2014,4,6.0,1.0,0,1.0,3,2,3,  ,2,3.0,1,0,1,0,0,0,0,0,0,0,0,0,0,0,0,0,0
18112,2014067560,1542.0,1540.0,48,48301,40.6329,-75.3675,0,0,0,0,0,0,4,7,2014,4,15.0,1.0,0,9.0,3,1,7,  ,3,3.0,0,0,1,0,0,0,0,0,0,0,0,0,0,0,0,0,0
18113,2014067563,1422.0,1420.0,9,9202,40.1151,-74.9325,0,0,0,0,0,0,4,7,2014,4,14.0,1.0,0,1.0,3,0,3,  ,0,0.0,0,0,1,0,0,0,0,0,0,0,0,0,0,0,0,0,0
18114,2014067703,1802.0,1801.0,36,36408,40.1776,-76.174,0,0,0,0,0,1,4,7,2014,4,17.0,1.0,7,1.0,2,0,3,  ,0,0.0,0,0,1,0,0,0,0,0,0,0,0,0,0,0,0,0,0
18115,2014067868,1526.0,1524.0,21,21103,40.2213,-76.9821,0,0,0,0,0,0,4,7,2014,4,15.0,1.0,0,1.0,3,1,3,  ,2,3.0,1,0,1,0,0,0,0,0,0,0,0,0,0,0,0,1,0
18116,2014067928,1630.0,1620.0,67,67301,40.094,-74.9797,0,0,0,0,0,0,5,6,2014,5,14.0,1.0,0,1.0,3,0,3,  ,0,0.0,0,0,0,0,0,0,0,0,0,0,0,0,0,0,0,0,0
18117,2014067977,1530.0,1514.0,67,67301,40.0136,-75.0684,0,0,0,0,0,0,4,6,2014,5,14.0,1.0,0,9.0,3,0,7,  ,0,0.0,0,0,1,0,0,0,0,0,0,0,0,0,0,0,0,0,1
18118,2014067979,530.0,9999.0,67,67301,39.9659,-75.2399,0,0,0,0,0,0,4,5,2014,1,99.0,1.0,0,1.0,3,0,3,  ,0,0.0,0,0,1,0,0,0,0,0,0,0,0,0,0,0,0,0,0
18119,2014067983,1941.0,1940.0,67,67301,39.9222,-75.2226,0,0,0,0,0,1,4,6,2014,6,19.0,1.0,0,1.0,3,2,3,  ,3,3.0,0,0,1,0,0,0,0,0,0,0,0,0,0,0,0,0,0
18120,2014067985,1355.0,1349.0,67,67301,39.9349,-75.1531,0,0,0,0,0,0,4,6,2014,1,12.0,1.0,0,1.0,3,1,3,  ,3,3.0,0,0,1,0,0,0,0,0,0,0,0,0,0,0,0,0,0
18121,2014068011,2306.0,2257.0,67,67301,39.9751,-75.195,0,0,0,0,0,1,4,6,2014,7,22.0,3.0,0,1.0,3,1,3,  ,2,3.0,1,0,1,0,0,0,0,0,0,0,0,0,0,0,0,0,0
18122,2014068037,1147.0,1146.0,67,67301,40.0541,-75.0544,0,0,0,0,0,0,4,5,2014,7,11.0,1.0,0,1.0,3,2,3,  ,3,3.0,0,0,1,0,0,0,0,0,0,0,0,0,0,0,0,0,0
18123,2014068043,931.0,929.0,67,67301,39.938,-75.1597,0,0,0,0,0,0,4,6,2014,3,9.0,1.0,0,1.0,3,1,3,  ,3,3.0,0,0,1,0,0,0,0,0,0,0,0,0,0,0,0,0,0
18124,2014068070,1351.0,1349.0,67,67301,40.0274,-75.0768,0,0,0,0,1,0,4,6,2014,3,13.0,1.0,0,1.0,3,1,3,  ,3,3.0,0,0,1,0,0,0,0,0,0,0,0,0,0,0,0,0,0
18125,2014068078,1703.0,1701.0,67,67301,39.9826,-75.1881,0,0,0,0,0,0,4,6,2014,7,16.0,1.0,0,1.0,3,0,3,  ,0,0.0,0,0,1,0,0,0,0,0,0,0,0,0,0,0,0,0,0
18126,2014068080,618.0,618.0,67,67301,39.9881,-75.1819,0,0,0,0,0,0,4,6,2014,4,99.0,1.0,0,1.0,3,0,3,  ,0,0.0,0,0,1,0,0,0,0,0,0,0,0,0,0,0,0,0,0
18127,2014068081,2040.0,2040.0,67,67301,39.9885,-75.1706,0,0,0,0,0,0,4,6,2014,1,20.0,4.0,0,1.0,3,2,3,  ,0,0.0,0,0,1,0,0,0,0,0,0,0,0,0,0,0,0,0,0
18128,2014068082,1855.0,1845.0,67,67301,39.9619,-75.2271,0,0,0,0,0,0,4,5,2014,7,16.0,1.0,0,1.0,3,1,3,  ,3,3.0,1,0,1,0,0,0,0,0,0,0,0,0,1,0,0,0,0
18129,2014068102,1810.0,1805.0,67,67301,40.0337,-75.1679,0,0,0,0,0,0,5,5,2014,2,18.0,1.0,0,1.0,3,0,3,  ,0,0.0,0,0,0,0,0,0,0,0,0,0,0,0,0,0,0,1,0
18130,2014068109,2248.0,2244.0,67,67301,39.9997,-75.1382,0,0,0,0,0,0,4,5,2014,6,22.0,3.0,0,1.0,3,0,3,  ,0,0.0,0,0,1,0,0,0,0,0,0,0,0,0,0,0,0,0,0
18131,2014068112,2128.0,2125.0,67,67301,39.9989,-75.1685,0,0,0,0,0,0,4,5,2014,3,21.0,3.0,0,9.0,3,1,7,  ,2,3.0,0,0,1,0,0,0,0,0,1,0,0,0,0,0,0,0,0
18132,2014068130,1642.0,1640.0,67,67301,39.9525,-75.2093,0,0,0,0,1,0,5,6,2014,2,10.0,1.0,0,1.0,3,1,3,  ,2,3.0,0,0,0,0,0,0,0,0,0,0,0,0,0,0,0,0,0
18133,2014068137,1835.0,1831.0,67,67301,40.0475,-75.0645,0,0,0,0,0,1,4,6,2014,6,18.0,1.0,0,9.0,3,1,7,  ,3,3.0,0,0,1,0,0,0,0,0,0,0,0,0,0,0,0,0,0
18134,2014068152,1153.0,1152.0,67,67301,40.0059,-75.1618,0,0,0,0,0,0,4,5,2014,6,11.0,1.0,0,1.0,3,1,3,  ,3,3.0,0,0,1,0,0,0,0,0,0,0,0,0,0,0,0,1,0
18135,2014068156,1333.0,1325.0,67,67301,40.0207,-75.1471,0,0,0,0,1,0,4,6,2014,6,11.0,1.0,0,1.0,3,2,3,  ,3,3.0,0,0,1,0,0,0,0,0,0,0,0,0,0,0,0,0,0
18136,2014068172,1500.0,9999.0,67,67301,39.9491,-75.1642,0,0,0,0,0,0,5,6,2014,5,9.0,1.0,0,1.0,3,0,99,  ,0,0.0,0,0,0,0,0,1,0,0,0,0,0,0,0,0,0,0,0
18137,2014068173,1048.0,1046.0,67,67301,39.9515,-75.1572,0,0,0,0,0,1,1,6,2014,7,10.0,1.0,0,1.0,3,0,3,  ,0,0.0,0,0,0,0,0,0,0,0,0,0,0,0,0,0,0,0,0
18138,2014068188,812.0,806.0,67,67301,39.9255,-75.1592,0,0,0,0,0,0,4,6,2014,7,8.0,1.0,0,1.0,3,1,3,  ,3,3.0,0,0,1,0,0,0,0,0,0,0,0,0,0,0,0,0,0
18139,2014068212,1050.0,1045.0,67,67301,39.9271,-75.1809,0,0,0,0,0,1,4,6,2014,2,99.0,3.0,0,1.0,3,1,3,  ,3,3.0,0,0,1,0,0,0,0,0,0,0,0,0,0,0,0,0,0
18140,2014068216,1744.0,1739.0,67,67301,40.017,-75.0563,0,0,0,0,0,1,4,6,2014,7,17.0,1.0,0,1.0,3,1,3,  ,3,3.0,0,0,1,0,0,0,0,0,0,0,0,0,0,0,0,0,0
18141,2014068404,1941.0,1931.0,64,64209,40.2841,-79.5763,0,0,0,0,0,0,4,7,2014,4,19.0,1.0,0,1.0,3,1,3,  ,3,3.0,1,0,1,0,0,0,0,0,0,0,0,0,0,0,0,1,0
18142,2014068450,1149.0,1128.0,39,39207,40.6588,-75.5859,0,0,0,1,0,0,0,7,2014,2,11.0,1.0,0,1.0,1,0,3,  ,0,0.0,0,0,0,0,1,0,0,0,0,0,0,0,0,0,0,0,0
18143,2014068562,2203.0,2155.0,2,2301,40.438,-79.9131,0,0,0,0,0,0,4,7,2014,5,21.0,3.0,0,1.0,3,1,3,  ,2,3.0,1,0,1,0,0,0,0,0,0,0,0,0,0,0,0,0,0
18144,2014068569,1540.0,1540.0,67,67301,39.9766,-75.1642,0,0,0,0,1,0,9,6,2014,7,15.0,1.0,0,1.0,3,0,3,  ,0,0.0,0,0,0,0,0,0,0,0,0,0,0,0,0,0,0,0,0
18145,2014068575,850.0,850.0,67,67301,39.9937,-75.1087,0,0,0,0,0,0,4,6,2014,2,99.0,1.0,0,1.0,3,1,3,  ,3,3.0,0,0,1,0,0,0,0,0,0,0,0,0,0,0,0,0,0
18146,2014068578,1738.0,1736.0,67,67301,39.9946,-75.1643,0,0,0,0,0,1,4,6,2014,5,17.0,1.0,0,9.0,3,2,7,  ,3,3.0,0,0,1,0,0,0,0,0,0,0,0,0,0,0,0,0,0
18147,2014068621,1925.0,1920.0,67,67301,39.9273,-75.1825,0,0,0,0,0,0,4,5,2014,7,19.0,1.0,0,1.0,3,1,3,  ,3,3.0,0,0,1,0,0,0,0,0,0,0,0,0,0,0,0,0,0
18148,2014068642,1935.0,1921.0,67,67301,40.0163,-75.2108,0,0,0,0,0,0,4,6,2014,1,19.0,1.0,7,1.0,3,0,3,  ,0,0.0,1,0,1,0,0,0,0,0,0,0,0,0,0,0,0,0,0
18149,2014068644,1008.0,1004.0,67,67301,40.0269,-75.2272,0,0,0,0,0,0,5,6,2014,7,10.0,1.0,0,1.0,3,1,3,  ,2,3.0,0,0,0,0,0,0,0,0,0,0,0,0,0,0,0,1,0
18150,2014068655,1738.0,1737.0,67,67301,39.9837,-75.1441,0,0,0,0,0,1,1,5,2014,6,17.0,1.0,0,1.0,3,3,3,  ,2,3.0,0,0,0,0,0,0,0,0,0,0,0,0,0,0,0,0,0
18151,2014068681,1941.0,1940.0,67,67301,39.9258,-75.1862,0,0,0,0,0,0,5,6,2014,3,19.0,1.0,0,1.0,3,0,3,  ,0,0.0,0,0,0,0,0,1,0,0,0,0,0,0,0,0,0,0,0
18152,2014068684,1934.0,1931.0,67,67301,39.9713,-75.1518,0,0,0,0,0,0,4,6,2014,7,19.0,1.0,0,1.0,3,0,3,  ,0,0.0,0,0,1,0,0,0,0,0,0,0,0,0,0,0,0,0,0
18153,2014068686,800.0,758.0,67,67301,39.9533,-75.1838,0,0,0,0,0,1,5,6,2014,3,7.0,1.0,0,9.0,3,0,7,  ,0,0.0,0,0,0,0,0,0,0,0,0,0,0,0,0,0,0,0,0
18154,2014068761,1727.0,1722.0,45,45213,41.0239,-75.1725,0,0,0,0,0,2,4,7,2014,6,17.0,1.0,0,1.0,1,0,3,  ,0,0.0,1,0,1,0,0,0,0,0,0,0,0,0,0,0,1,0,1
18155,2014068774,1835.0,1830.0,35,35302,41.3998,-75.6615,0,0,0,0,0,1,4,7,2014,6,18.0,1.0,0,1.0,3,1,3,  ,3,3.0,0,0,1,0,0,0,0,0,0,0,0,0,0,0,0,0,0
18156,2014068892,1507.0,1505.0,2,2424,40.3835,-79.8062,0,0,0,0,0,0,1,7,2014,3,15.0,1.0,0,1.0,3,0,3,  ,0,0.0,0,0,0,0,0,0,0,0,0,0,0,0,0,0,0,0,0
18157,2014069047,1805.0,1805.0,8,8228,41.7449,-76.4395,0,0,0,0,0,0,5,6,2014,3,18.0,1.0,0,1.0,1,0,3,  ,0,0.0,1,0,0,0,0,0,0,0,0,0,0,0,0,0,0,0,0
18158,2014069083,1738.0,1735.0,46,46103,40.2514,-75.274,0,0,0,0,0,1,4,7,2014,7,17.0,1.0,7,1.0,3,0,3,  ,0,0.0,1,0,1,0,0,0,0,0,0,0,0,0,0,0,0,0,0
18159,2014069271,927.0,927.0,62,62406,40.2579,-80.1973,0,0,0,0,0,0,4,7,2014,6,9.0,1.0,0,1.0,3,2,3,  ,0,0.0,1,0,1,0,0,0,0,0,0,0,0,0,0,0,0,0,0
18160,2014069356,1656.0,1652.0,23,23110,39.8491,-75.4386,0,0,0,0,0,1,4,5,2014,3,16.0,1.0,0,1.0,3,2,3,  ,3,3.0,0,0,1,0,0,0,0,0,0,0,0,0,0,0,0,0,0
18161,2014069409,2245.0,2245.0,21,21212,40.2405,-77.0501,0,0,0,1,0,0,8,7,2014,5,22.0,2.0,0,1.0,1,0,3,  ,0,0.0,0,0,0,0,1,0,0,0,0,0,0,0,0,0,0,0,0
18162,2014069433,1249.0,1246.0,67,67301,39.977,-75.1782,0,0,0,0,0,0,4,6,2014,7,12.0,1.0,0,1.0,3,1,3,  ,2,3.0,0,0,1,0,0,0,0,0,0,0,0,0,0,0,0,0,0
18163,2014069435,1034.0,1030.0,67,67301,40.0189,-75.2142,0,0,0,0,0,0,5,5,2014,7,10.0,1.0,0,1.0,3,0,3,  ,0,0.0,0,0,0,0,0,0,0,0,0,0,0,0,0,0,0,0,0
18164,2014069437,2337.0,2335.0,67,67301,39.9764,-75.134,0,0,0,0,0,0,4,6,2014,2,21.0,3.0,1,1.0,3,1,3,  ,3,3.0,0,0,1,0,0,0,0,0,0,0,0,0,0,0,0,0,0
18165,2014069443,1948.0,1944.0,67,67301,39.9968,-75.1769,0,0,0,0,0,1,4,6,2014,1,19.0,1.0,0,1.0,3,1,3,  ,2,3.0,0,0,1,0,0,0,0,0,0,0,0,0,0,0,0,0,0
18166,2014069455,1627.0,1621.0,66,66301,39.9569,-76.7375,0,0,0,0,0,0,4,7,2014,2,16.0,1.0,0,1.0,3,2,3,  ,3,3.0,0,0,1,0,0,0,0,0,0,0,0,0,0,0,0,0,0
18167,2014069569,1942.0,1937.0,25,25101,42.1494,-80.017,0,0,0,0,0,0,4,7,2014,1,19.0,1.0,7,1.0,3,0,3,  ,0,0.0,0,0,1,0,0,0,0,0,0,0,0,0,0,0,0,0,0
18168,2014069840,2105.0,2100.0,22,22301,40.2657,-76.8588,0,0,0,0,0,0,4,7,2014,6,21.0,2.0,0,1.0,3,1,3,  ,0,0.0,0,0,1,0,0,0,0,0,0,0,0,0,0,0,0,0,0
18169,2014069882,1437.0,1435.0,43,43302,41.236,-80.5156,0,0,0,0,0,0,4,7,2014,2,14.0,1.0,0,1.0,3,0,3,  ,0,0.0,0,0,1,0,0,0,0,0,0,0,0,0,0,0,0,1,0
18170,2014069930,1800.0,1758.0,66,66103,39.7908,-76.9727,0,0,0,0,0,0,4,7,2014,3,17.0,1.0,0,1.0,2,2,3,  ,2,3.0,1,0,1,0,0,0,0,0,0,0,1,0,0,0,0,0,0
18171,2014069940,912.0,854.0,36,36205,39.8657,-76.105,0,1,0,0,0,0,4,7,2014,4,8.0,1.0,0,1.0,1,0,3,  ,0,0.0,1,0,1,0,0,0,0,0,0,0,0,0,0,0,0,0,0
18172,2014069971,110.0,106.0,6,6102,40.3725,-75.9198,0,1,0,0,0,0,4,7,2014,3,1.0,3.0,0,1.0,3,3,3,  ,0,0.0,1,0,1,0,0,0,0,0,0,0,0,0,0,0,0,0,0
18173,2014070002,2120.0,2118.0,2,2118,40.4941,-79.9633,0,1,0,0,1,0,4,7,2014,3,99.0,3.0,0,1.0,3,2,3,  ,3,3.0,0,0,1,0,0,0,0,0,0,0,0,0,0,0,0,0,0
18174,2014070237,1842.0,1840.0,25,25213,42.1518,-80.1303,0,0,0,0,0,0,4,7,2014,3,18.0,1.0,0,1.0,3,1,3,  ,3,3.0,1,0,1,0,0,0,0,0,0,0,0,0,0,0,0,1,0
18175,2014070409,2046.0,2042.0,2,2474,40.521,-80.0316,0,0,0,0,0,0,4,7,2014,4,20.0,1.0,0,1.0,3,2,3,  ,0,0.0,0,0,1,0,0,0,0,0,0,0,0,0,0,0,0,0,0
18176,2014070419,2203.0,2202.0,38,38301,40.3461,-76.4313,0,0,0,0,0,0,4,6,2014,6,22.0,3.0,0,1.0,2,1,3,  ,0,0.0,0,0,1,0,0,0,0,0,0,0,0,0,0,0,0,0,1
18177,2014070607,1318.0,1316.0,38,38406,40.3082,-76.5945,0,0,0,0,0,0,4,7,2014,5,13.0,1.0,0,1.0,3,1,3,  ,0,0.0,0,0,1,0,0,1,0,0,0,0,0,0,0,0,0,1,0
18178,2014070622,1945.0,1930.0,46,46413,40.1187,-75.3551,0,0,0,0,0,0,4,7,2014,4,19.0,1.0,0,1.0,3,2,3,  ,0,0.0,0,0,1,0,0,0,0,0,0,0,0,0,0,0,0,0,0
18179,2014070693,1952.0,1949.0,46,46423,40.1973,-75.4727,0,0,0,0,0,0,4,6,2014,5,19.0,1.0,0,1.0,3,2,3,  ,0,0.0,1,0,1,0,0,0,0,0,0,0,0,0,0,0,0,0,0
18180,2014070725,1352.0,1341.0,66,66214,39.8796,-76.8706,0,0,0,0,0,0,4,7,2014,4,13.0,1.0,0,1.0,1,2,3,  ,3,3.0,0,0,1,0,0,0,0,0,0,0,0,0,0,0,0,0,0
18181,2014070737,2050.0,2048.0,46,46205,40.2211,-75.5103,0,0,0,0,0,0,5,7,2014,5,20.0,2.0,0,1.0,1,0,3,  ,0,0.0,0,0,0,0,0,0,0,0,0,0,0,0,0,0,0,0,0
18182,2014070742,1832.0,1831.0,43,43302,41.2356,-80.5024,0,0,0,0,0,1,8,7,2014,5,18.0,1.0,0,1.0,3,0,3,  ,0,0.0,1,0,0,0,0,0,0,0,0,0,0,0,0,1,0,0,0
18183,2014070751,1523.0,1518.0,36,36213,40.1175,-76.0506,0,0,0,0,0,0,4,7,2014,5,15.0,1.0,0,1.0,1,2,3,  ,3,3.0,1,0,1,0,0,0,0,0,0,0,0,0,0,0,0,0,0
18184,2014070836,1452.0,1442.0,14,14410,40.7847,-77.8422,0,0,0,1,0,0,4,7,2014,5,14.0,1.0,0,1.0,3,0,3,  ,0,0.0,1,0,1,0,1,0,0,0,0,0,0,0,0,0,0,0,0
18185,2014070870,1143.0,1143.0,21,21208,40.2225,-77.1858,0,0,0,0,0,0,4,6,2014,3,22.0,2.0,0,1.0,1,2,3,  ,3,3.0,1,0,1,0,0,0,0,0,0,0,0,0,0,0,0,0,0
18186,2014070946,1956.0,1928.0,7,7301,40.5134,-78.3927,0,0,0,0,0,0,4,7,2014,5,19.0,1.0,0,1.0,3,1,3,  ,3,3.0,0,0,1,0,0,0,0,0,0,0,0,0,0,0,0,0,0
18187,2014071025,840.0,839.0,36,36301,40.0374,-76.3105,0,1,0,0,1,0,4,7,2014,6,8.0,1.0,0,1.0,3,1,3,  ,2,3.0,0,1,1,0,0,0,1,0,0,1,0,0,0,0,0,0,0
18188,2014071120,1832.0,1831.0,23,23412,39.9382,-75.2723,0,0,0,0,0,0,4,7,2014,6,18.0,1.0,0,1.0,3,1,3,  ,2,3.0,1,0,1,0,0,0,0,0,0,0,1,0,0,0,0,0,0
18189,2014071156,1306.0,1301.0,39,39301,40.6089,-75.4759,0,0,0,0,0,0,8,7,2014,7,11.0,1.0,0,1.0,3,2,3,  ,0,0.0,1,0,0,0,0,0,0,0,0,0,0,0,0,0,0,0,0
18190,2014071391,1027.0,1025.0,9,9224,40.3055,-74.9429,0,0,0,0,0,0,1,7,2014,7,10.0,1.0,0,1.0,1,0,3,  ,0,0.0,0,0,0,0,0,1,0,0,0,0,0,0,0,0,0,0,0
18191,2014071588,905.0,900.0,2,2301,40.4613,-79.9677,0,0,0,0,1,0,4,7,2014,2,8.0,1.0,7,1.0,3,0,3,  ,0,0.0,0,0,1,0,0,0,0,0,0,0,0,0,0,0,0,0,0
18192,2014071603,1509.0,1505.0,2,2301,40.4651,-79.9156,0,0,0,0,0,0,4,7,2014,6,14.0,1.0,0,1.0,3,2,3,  ,0,0.0,0,0,1,0,0,0,0,0,0,0,0,0,0,0,0,0,0
18193,2014071714,837.0,825.0,18,18211,41.0096,-77.3427,0,0,0,0,0,0,1,7,2014,5,8.0,1.0,0,1.0,1,0,3,  ,0,0.0,0,0,0,0,0,0,0,0,0,0,0,0,0,0,0,0,0
18194,2014071748,1526.0,1525.0,36,36410,40.1666,-76.3906,0,0,0,0,0,1,4,7,2014,2,15.0,1.0,0,1.0,2,2,3,  ,3,3.0,1,1,1,0,0,0,0,0,0,0,0,0,0,0,0,0,0
18195,2014071822,1020.0,1002.0,5,5226,40.0177,-78.3273,0,0,0,0,0,0,1,7,2014,1,9.0,1.0,0,1.0,1,0,3,  ,0,0.0,0,0,0,0,0,0,0,0,0,0,0,0,0,0,0,0,0
18196,2014071940,1717.0,1717.0,20,20233,41.665,-80.1609,0,0,0,0,0,0,4,7,2014,4,17.0,1.0,0,1.0,1,0,3,  ,0,0.0,0,0,1,0,0,0,0,0,0,0,0,0,0,0,0,0,0
18197,2014071966,1000.0,955.0,25,25302,42.125,-80.0715,0,0,0,0,0,0,4,7,2014,3,8.0,1.0,0,1.0,3,2,3,  ,2,3.0,0,0,1,0,0,0,0,0,0,0,0,0,0,0,0,0,0
18198,2014072004,1200.0,1153.0,45,45214,40.9878,-75.2082,0,0,0,0,0,0,4,7,2014,7,11.0,1.0,0,1.0,1,0,3,  ,0,0.0,1,0,1,0,0,0,0,0,0,0,0,0,0,0,0,0,0
18199,2014072007,1939.0,1937.0,46,46104,40.004,-75.2985,0,0,0,0,0,0,4,7,2014,3,19.0,1.0,0,1.0,3,1,3,  ,3,3.0,0,0,1,0,0,0,0,0,0,0,0,0,0,0,0,0,0
18200,2014072021,1551.0,1551.0,46,46416,40.249,-75.6451,0,0,0,0,0,1,4,6,2014,2,15.0,1.0,0,1.0,2,1,3,  ,3,3.0,1,0,1,0,0,0,0,0,0,0,0,0,0,0,0,0,0
18201,2014072031,1329.0,1327.0,28,28401,39.9487,-77.6441,0,0,0,0,1,0,4,7,2014,2,13.0,1.0,0,1.0,1,1,3,  ,2,3.0,0,0,1,0,0,0,0,0,0,0,0,0,0,0,0,0,0
18202,2014072037,1316.0,1315.0,23,23111,39.9588,-75.2664,0,0,0,0,0,0,9,7,2014,3,13.0,1.0,0,1.0,3,1,3,  ,2,3.0,1,0,0,0,1,0,0,0,0,0,0,0,0,0,0,0,0
18203,2014072175,1949.0,1949.0,62,62301,40.2041,-79.9355,0,0,0,0,0,0,4,7,2014,3,19.0,1.0,0,1.0,3,1,3,  ,3,3.0,0,0,1,0,0,0,0,0,0,0,0,0,0,0,0,1,0
18204,2014072182,2128.0,2126.0,11,11301,40.3113,-78.9071,0,0,0,0,0,1,4,7,2014,3,21.0,3.0,0,1.0,3,1,3,  ,3,3.0,0,0,1,0,0,0,0,0,0,0,0,0,0,0,0,0,0
18205,2014072296,1756.0,1743.0,2,2117,40.3886,-80.0815,0,0,0,0,0,1,2,7,2014,2,17.0,1.0,0,1.0,3,0,3,  ,0,0.0,0,0,0,0,0,0,0,0,0,0,0,0,0,0,0,0,0
18206,2014072456,1239.0,1239.0,23,23412,39.9388,-75.2695,0,0,0,0,0,0,4,7,2014,4,12.0,1.0,0,1.0,3,1,3,  ,2,3.0,0,0,1,0,0,0,0,0,0,0,0,0,0,0,0,1,0
18207,2014072529,903.0,900.0,46,46101,40.1217,-75.1343,0,0,0,0,0,0,4,7,2014,3,9.0,1.0,0,1.0,3,0,3,  ,0,0.0,0,0,1,0,0,0,0,0,0,0,0,0,0,0,0,0,0
18208,2014072679,1252.0,1118.0,2,2301,40.4823,-79.9522,0,0,0,0,0,0,4,7,2014,5,11.0,1.0,0,1.0,3,1,3,  ,2,3.0,0,0,1,0,0,0,0,0,0,0,0,0,0,0,0,0,0
18209,2014072700,1458.0,1456.0,19,19501,41.002,-76.4493,0,0,0,0,0,0,4,7,2014,5,14.0,1.0,0,1.0,2,1,3,  ,2,3.0,0,0,1,0,0,0,0,0,0,0,0,0,0,0,0,0,0
18210,2014072725,1550.0,1549.0,23,23301,39.8553,-75.3762,0,0,0,0,0,0,4,7,2014,5,15.0,1.0,0,1.0,3,0,3,  ,0,0.0,0,0,1,0,0,0,0,0,0,0,0,0,0,0,0,0,0
18211,2014072811,1805.0,1801.0,38,38301,40.3382,-76.4193,0,0,0,0,0,0,4,7,2014,4,18.0,1.0,0,1.0,2,1,3,  ,0,0.0,0,0,1,0,0,0,0,0,0,0,0,0,0,0,0,0,0
18212,2014072913,1400.0,1400.0,11,11411,40.4824,-78.7346,0,0,0,0,0,1,4,7,2014,6,19.0,1.0,7,1.0,1,0,3,  ,0,0.0,1,0,1,0,0,0,0,0,0,0,1,0,0,0,0,0,0
18213,2014073055,1540.0,1504.0,6,6234,40.4824,-75.7295,0,0,0,0,0,0,4,7,2014,7,15.0,1.0,0,1.0,1,1,3,  ,3,3.0,0,0,1,0,0,0,0,0,0,0,0,0,0,0,0,0,0
18214,2014073064,832.0,827.0,39,39104,40.5272,-75.6164,0,0,0,0,0,0,2,7,2014,6,8.0,1.0,0,1.0,3,2,3,  ,0,0.0,0,0,0,0,0,0,0,0,0,0,0,0,0,0,0,0,1
18215,2014073118,21.0,15.0,2,2301,40.4422,-79.995,0,0,0,0,0,1,4,7,2014,7,0.0,3.0,0,1.0,3,1,3,  ,2,3.0,0,0,1,0,0,0,0,0,0,0,0,0,0,0,0,0,0
18216,2014073120,1954.0,1951.0,36,36214,40.0425,-76.3823,0,0,0,0,0,0,4,7,2014,6,19.0,1.0,0,1.0,3,2,3,  ,0,0.0,0,0,1,0,0,0,0,0,0,0,0,0,0,0,0,0,0
18217,2014073192,628.0,625.0,15,15214,40.0408,-75.54,0,0,0,0,1,0,4,7,2014,6,6.0,1.0,0,1.0,3,1,3,  ,2,3.0,1,0,1,0,0,0,0,0,0,0,0,0,0,0,0,0,0
18218,2014073252,1423.0,1422.0,15,15212,40.13,-75.5755,0,0,0,0,0,1,4,7,2014,7,14.0,1.0,7,1.0,3,0,3,  ,0,0.0,1,0,1,0,0,0,0,0,0,0,0,0,0,0,0,0,0
18219,2014073331,1620.0,1531.0,43,43212,41.199,-80.3631,0,0,0,0,1,0,4,7,2014,4,15.0,1.0,0,1.0,1,1,3,  ,3,3.0,0,0,1,0,0,0,0,0,0,0,0,0,0,0,0,0,0
18220,2014073362,851.0,845.0,15,15225,39.7782,-75.772,0,0,0,0,0,1,4,7,2014,1,8.0,1.0,0,9.0,1,0,3,  ,0,0.0,1,0,1,0,0,0,0,0,0,0,0,0,0,0,0,1,0