,CRN,ARRIVAL_TM,DISPATCH_TM,COUNTY,MUNICIPALITY,DEC_LAT,DEC_LONG,BICYCLE_DEATH_COUNT,BICYCLE_SUSP_SERIOUS_INJ_COUNT,BUS_COUNT,HEAVY_TRUCK_COUNT,SMALL_TRUCK_COUNT,SUV_COUNT,COLLISION_TYPE,CRASH_MONTH,CRASH_YEAR,DAY_OF_WEEK,HOUR_OF_DAY,ILLUMINATION,LOCATION_TYPE,ROAD_CONDITION,URBAN_RURAL,INTERSECT_TYPE,WEATHER1,WEATHER2,TCD_TYPE,TCD_FUNC_CD,AGGRESSIVE_DRIVING,ALCOHOL_RELATED,ANGLE_CRASH,CELL_PHONE,COMM_VEHICLE,DISTRACTED,DRINKING_DRIVER,DRUGGED_DRIVER,FATIGUE_ASLEEP,IMPAIRED_DRIVER,NHTSA_AGG_DRIVING,RUNNING_RED_LT,RUNNING_STOP_SIGN,SPEEDING_RELATED,TAILGATING,MATURE_DRIVER,YOUNG_DRIVER
18221,2014073394,1221.0,1219.0,9,9415,40.4419,-75.3431,0,0,0,0,0,0,2,7,2014,1,12.0,1.0,0,1.0,2,2,3,  ,0,0.0,0,0,0,0,0,0,0,0,0,0,0,0,0,0,0,0,0
18222,2014073404,1532.0,1531.0,28,28401,39.9387,-77.6637,0,0,0,0,0,0,4,7,2014,1,15.0,1.0,0,1.0,1,1,3,  ,0,0.0,0,0,1,0,0,0,0,0,0,0,0,0,0,0,0,0,0
18223,2014073415,1253.0,1251.0,47,47206,40.965,-76.606,0,0,0,0,0,0,5,7,2014,1,12.0,1.0,0,1.0,1,0,3,  ,0,0.0,0,0,0,0,0,0,0,0,0,0,0,0,0,0,0,0,0
18224,2014073468,2038.0,2034.0,36,36404,40.0374,-76.4955,0,0,0,0,0,0,4,7,2014,5,20.0,1.0,0,1.0,3,1,3,  ,0,0.0,0,0,1,0,0,0,0,0,0,0,0,0,0,0,0,0,0
18225,2014073471,1633.0,1630.0,25,25302,42.1192,-80.0996,0,0,0,0,0,0,4,7,2014,1,16.0,1.0,0,1.0,3,1,3,  ,2,3.0,1,0,1,0,0,0,0,0,0,0,0,0,0,0,0,0,0
18226,2014073525,2031.0,2031.0,36,36301,40.0392,-76.3088,0,0,0,0,0,0,4,7,2014,7,20.0,4.0,0,1.0,3,1,3,  ,3,3.0,0,0,1,0,0,0,0,0,0,0,0,0,0,0,0,0,0
18227,2014073577,1617.0,1615.0,22,22301,40.2669,-76.887,0,0,0,0,1,0,4,7,2014,4,15.0,1.0,0,1.0,3,2,3,  ,3,3.0,1,0,1,0,0,0,0,0,0,0,0,0,0,0,0,0,0
18228,2014073640,1737.0,1733.0,43,43404,41.158,-80.0888,0,0,0,0,1,0,4,7,2014,3,17.0,1.0,0,1.0,2,0,3,  ,0,0.0,0,0,1,0,0,0,0,0,0,0,0,0,0,0,0,0,0
18229,2014073761,2014.0,2012.0,48,48301,40.6133,-75.3581,0,0,0,0,0,0,4,7,2014,2,20.0,1.0,0,1.0,3,2,3,  ,2,3.0,0,0,1,0,0,0,0,0,0,0,0,0,0,0,0,0,0
18230,2014073840,1349.0,1333.0,7,7215,40.4706,-78.2225,0,0,0,0,0,0,4,7,2014,7,13.0,1.0,0,1.0,1,0,3,  ,3,3.0,0,0,1,0,0,0,0,0,0,0,0,0,0,0,0,0,0
18231,2014074104,1526.0,1526.0,10,10101,40.8595,-79.9365,0,0,0,0,0,1,4,7,2014,2,15.0,1.0,0,1.0,2,0,3,  ,0,0.0,0,0,1,0,0,0,0,0,0,0,0,0,0,0,0,0,0
18232,2014074255,1919.0,1917.0,35,35302,41.3998,-75.6773,0,0,0,0,0,0,4,7,2014,3,19.0,1.0,0,1.0,3,2,3,  ,0,0.0,0,0,1,0,0,0,0,0,0,0,0,0,0,0,0,0,0
18233,2014074406,1325.0,1320.0,36,36408,40.167,-76.1678,0,0,0,0,0,0,8,7,2014,1,13.0,1.0,0,1.0,2,0,3,  ,0,0.0,0,0,0,0,0,0,0,0,0,0,0,0,0,0,0,0,0
18234,2014074445,935.0,931.0,15,15236,40.0535,-75.5098,0,0,0,0,0,1,5,7,2014,4,9.0,1.0,0,1.0,1,2,3,  ,2,3.0,0,0,0,0,0,0,0,0,0,0,0,0,0,0,0,0,0
18235,2014074476,2255.0,2249.0,67,67301,39.9547,-75.1944,0,0,0,0,1,0,4,6,2014,4,20.0,3.0,0,1.0,3,1,3,  ,2,3.0,0,0,1,0,0,0,0,0,0,0,0,0,0,0,0,0,0
18236,2014074495,10.0,5.0,67,67301,39.9372,-75.1566,0,0,0,0,0,0,4,6,2014,7,0.0,3.0,0,1.0,3,1,3,  ,3,3.0,1,0,1,0,0,0,0,0,0,0,0,0,0,0,0,0,0
18237,2014074497,8.0,6.0,67,67301,40.053,-75.0643,0,0,0,0,0,0,4,6,2014,1,0.0,3.0,0,1.0,3,1,3,  ,2,3.0,0,0,1,0,0,0,0,0,0,0,0,0,0,0,0,0,1
18238,2014074505,1245.0,1233.0,67,67301,39.9258,-75.1693,0,0,0,0,0,1,1,6,2014,4,12.0,1.0,0,1.0,3,0,3,  ,0,0.0,0,0,0,0,0,0,0,0,0,0,0,0,0,0,0,0,0
18239,2014074526,9999.0,9999.0,67,67301,39.9968,-75.1111,0,0,0,0,0,0,4,6,2014,5,14.0,1.0,0,1.0,3,0,3,  ,0,0.0,0,0,1,0,0,0,0,0,0,0,0,0,0,0,0,0,0
18240,2014074532,2000.0,2000.0,67,67301,40.0017,-75.1713,0,0,0,0,0,0,4,6,2014,7,19.0,1.0,0,1.0,3,0,3,  ,0,0.0,0,0,1,0,0,0,0,0,0,0,0,0,0,0,0,0,0
18241,2014074579,1632.0,1630.0,42,42301,41.9572,-78.6581,0,0,0,0,0,0,4,6,2014,2,16.0,1.0,0,1.0,2,1,3,  ,3,3.0,0,0,1,0,0,0,0,0,0,0,0,0,0,0,0,0,1
18242,2014074581,2027.0,2027.0,25,25302,42.1316,-80.0589,0,0,0,0,1,0,4,7,2014,7,20.0,1.0,0,1.0,3,1,3,  ,2,3.0,0,0,1,0,0,0,0,0,0,0,0,0,0,0,0,0,0
18243,2014074876,1630.0,1624.0,67,67301,39.9944,-75.1046,0,0,0,0,1,0,4,6,2014,1,15.0,1.0,0,1.0,3,1,3,  ,0,0.0,0,0,1,0,0,0,0,0,0,0,0,0,0,0,0,0,0
18244,2014074908,1728.0,1723.0,2,2301,40.3922,-80.0132,0,0,0,1,0,0,2,7,2014,5,17.0,1.0,0,1.0,3,1,3,  ,2,3.0,0,0,0,0,1,0,0,0,0,0,0,0,0,0,0,0,1
18245,2014075046,1243.0,1235.0,6,6219,40.4786,-75.6034,0,0,0,0,0,0,5,5,2014,1,12.0,1.0,0,1.0,1,0,3,  ,0,0.0,0,0,0,0,0,1,0,0,0,0,0,0,0,0,0,0,0
18246,2014075171,1227.0,1227.0,4,4301,40.755,-80.3215,0,0,0,0,1,0,4,8,2014,6,12.0,1.0,0,1.0,3,1,3,  ,0,0.0,0,0,1,0,0,0,0,0,0,0,0,0,0,0,0,0,0
18247,2014075224,1540.0,1537.0,67,67301,39.9463,-75.1783,0,0,0,0,0,1,4,6,2014,4,15.0,1.0,0,1.0,3,1,3,  ,2,3.0,0,0,1,0,0,0,0,0,0,0,0,0,0,0,0,0,0
18248,2014075424,300.0,253.0,39,39301,40.6073,-75.4793,0,0,0,0,0,0,4,8,2014,7,2.0,3.0,0,1.0,3,2,3,  ,0,0.0,0,1,1,0,0,0,0,0,0,0,0,0,0,0,0,0,0
18249,2014075436,1625.0,1625.0,49,49211,40.9142,-76.8402,0,0,0,0,0,1,4,8,2014,6,16.0,1.0,0,1.0,1,2,3,  ,3,3.0,1,0,1,0,0,0,0,0,0,0,0,0,0,0,0,1,0
18250,2014075448,1659.0,1642.0,66,66233,39.9526,-76.6376,0,0,0,0,0,0,5,7,2014,6,16.0,1.0,0,1.0,1,0,3,  ,0,0.0,0,0,0,0,0,0,0,0,0,0,0,0,0,0,0,0,0
18251,2014075471,1504.0,1456.0,7,7301,40.5022,-78.4013,0,0,0,0,0,0,4,7,2014,2,14.0,1.0,0,1.0,3,1,3,  ,3,3.0,0,0,1,0,0,0,0,0,0,0,0,0,0,0,0,0,0
18252,2014075483,830.0,822.0,2,2301,40.4585,-79.9011,0,0,0,0,0,0,4,7,2014,6,8.0,1.0,0,1.0,3,1,3,  ,2,3.0,1,0,1,0,0,0,0,0,0,0,0,0,0,0,0,0,0
18253,2014075493,828.0,828.0,37,37205,41.0175,-80.3541,0,0,0,0,0,0,4,8,2014,7,8.0,1.0,0,1.0,1,3,3,  ,0,0.0,1,0,1,0,0,0,0,0,0,0,0,0,0,0,0,1,0
18254,2014075575,1525.0,1506.0,22,22202,40.2687,-76.6707,0,0,0,0,0,1,4,7,2014,2,15.0,1.0,7,1.0,3,2,3,  ,2,3.0,1,0,1,0,0,0,0,0,0,0,0,0,0,0,0,0,0
18255,2014075584,1920.0,1914.0,40,40204,41.0046,-75.9805,0,0,0,0,1,0,5,8,2014,7,19.0,1.0,0,1.0,1,0,3,  ,0,0.0,0,0,0,0,0,0,0,0,0,0,0,0,0,0,0,1,0
18256,2014075591,2117.0,2113.0,2,2301,40.4646,-79.9386,0,0,0,0,0,1,4,8,2014,7,21.0,3.0,0,9.0,3,1,3,  ,2,3.0,0,0,1,0,0,0,0,0,0,0,0,0,0,0,0,0,0
18257,2014075670,1700.0,1656.0,39,39102,40.6256,-75.4769,0,0,0,0,0,1,4,8,2014,7,16.0,1.0,0,1.0,3,2,3,  ,3,3.0,0,0,1,0,0,0,0,0,0,0,0,0,0,0,0,1,0
18258,2014075870,1650.0,1647.0,22,22301,40.2685,-76.8915,0,0,0,0,1,0,4,7,2014,6,16.0,1.0,0,1.0,3,1,3,  ,2,3.0,1,0,1,0,0,0,0,0,0,0,0,0,0,0,0,0,0
18259,2014075914,1215.0,1209.0,2,2407,40.2993,-80.0475,0,0,0,0,0,0,4,7,2014,4,12.0,1.0,0,1.0,3,1,3,  ,0,0.0,1,0,1,0,0,0,0,0,0,0,0,0,0,0,0,1,0
18260,2014075973,2015.0,2013.0,67,67301,39.9548,-75.1896,0,0,0,0,0,0,4,6,2014,2,20.0,3.0,0,1.0,3,2,3,  ,3,3.0,0,0,1,0,0,0,0,0,0,0,0,0,0,0,0,0,0
18261,2014075976,1034.0,1028.0,67,67301,39.9967,-75.1277,0,0,0,0,0,0,4,6,2014,6,10.0,1.0,0,1.0,3,1,3,  ,3,3.0,0,0,1,0,0,0,0,0,0,0,0,0,0,0,0,0,0
18262,2014075979,1923.0,1920.0,67,67301,40.0172,-75.1398,0,0,0,0,0,0,4,6,2014,1,99.0,1.0,0,1.0,3,1,3,  ,3,3.0,0,0,1,0,0,0,0,0,0,0,0,0,0,0,0,0,0
18263,2014075980,2025.0,2018.0,67,67301,40.0761,-75.1619,0,0,0,0,0,1,4,6,2014,1,20.0,3.0,0,1.0,3,3,3,  ,0,0.0,0,0,1,0,0,0,0,0,0,0,0,0,0,0,0,0,0
18264,2014076000,9999.0,1649.0,67,67301,40.011,-75.1509,0,0,0,0,1,0,5,5,2014,6,16.0,1.0,0,1.0,3,0,99,  ,0,0.0,0,0,0,0,0,0,0,0,0,0,0,0,0,0,0,0,0
18265,2014076012,1038.0,1034.0,67,67301,40.0366,-75.0645,0,0,0,0,0,0,4,6,2014,5,10.0,1.0,0,1.0,3,1,3,  ,2,3.0,0,0,1,0,0,1,0,0,0,0,0,0,0,0,0,0,0
18266,2014076014,837.0,834.0,67,67301,39.9494,-75.1588,0,0,0,0,0,0,4,6,2014,1,8.0,1.0,0,1.0,3,1,3,  ,2,3.0,0,0,1,0,0,0,0,0,0,0,0,0,0,0,0,1,0
18267,2014076056,1740.0,1713.0,48,48419,40.8556,-75.2916,0,0,0,0,0,1,2,8,2014,2,17.0,1.0,0,1.0,1,0,3,  ,0,0.0,0,0,0,0,0,0,0,0,0,0,0,0,0,0,0,0,0
18268,2014076130,1652.0,1622.0,17,17419,40.7515,-78.6713,0,0,0,0,0,1,4,8,2014,7,16.0,1.0,0,1.0,1,1,3,  ,3,3.0,0,0,1,0,0,0,0,0,0,0,0,0,0,0,0,0,0
18269,2014076248,841.0,824.0,2,2301,40.4408,-79.9482,0,0,0,0,0,0,4,8,2014,3,8.0,1.0,0,1.0,3,1,3,  ,3,3.0,0,0,1,0,0,0,0,0,0,0,0,0,0,0,0,1,0
18270,2014076276,1024.0,1023.0,46,46104,40.0008,-75.2754,0,0,0,0,0,0,5,7,2014,3,10.0,1.0,0,1.0,3,2,3,  ,0,0.0,1,0,0,0,0,0,0,0,0,0,0,0,0,0,0,1,0
18271,2014076286,1110.0,1108.0,42,42206,41.9734,-78.6184,0,0,0,0,0,0,4,8,2014,3,11.0,1.0,0,1.0,1,2,3,  ,3,3.0,1,0,1,0,0,0,0,0,0,0,0,0,0,0,0,1,0
18272,2014076538,1722.0,1722.0,39,39301,40.6066,-75.45,0,0,0,0,0,0,4,8,2014,6,17.0,1.0,0,1.0,3,1,3,  ,3,3.0,0,0,1,0,0,0,0,0,0,0,0,0,0,0,0,1,0
18273,2014076553,935.0,928.0,2,2301,40.4628,-79.9573,0,0,0,0,1,0,4,8,2014,4,9.0,1.0,0,1.0,3,1,3,  ,2,3.0,1,0,1,0,0,0,0,0,0,0,0,0,0,0,0,0,1
18274,2014076570,911.0,906.0,39,39103,40.6178,-75.4992,0,0,0,0,0,0,9,8,2014,3,9.0,1.0,0,1.0,1,2,3,  ,2,3.0,0,0,0,0,0,0,0,0,0,0,0,0,0,0,0,0,0
18275,2014076982,2233.0,2229.0,2,2109,40.3911,-80.0596,0,0,0,0,0,1,1,8,2014,4,22.0,3.0,0,1.0,3,0,3,  ,0,0.0,0,0,0,0,0,0,0,0,0,0,0,0,0,0,0,0,1
18276,2014077062,847.0,826.0,21,21207,40.2075,-77.028,0,0,0,0,0,0,4,7,2014,6,7.0,1.0,0,1.0,1,2,3,  ,3,3.0,0,0,1,0,0,0,0,0,0,0,0,0,0,0,0,0,0
18277,2014077257,1252.0,1248.0,14,14206,40.8037,-77.8966,0,0,0,0,0,1,4,8,2014,6,12.0,1.0,7,1.0,1,0,3,  ,3,3.0,0,0,1,0,0,0,0,0,0,0,0,0,0,0,0,1,0
18278,2014077371,1839.0,1836.0,39,39301,40.6099,-75.4711,0,0,0,0,0,0,4,8,2014,6,18.0,1.0,0,1.0,3,0,3,  ,0,0.0,0,0,1,0,0,0,0,0,0,0,0,0,0,0,0,0,0
18279,2014077376,1815.0,1813.0,35,35302,41.4025,-75.6777,0,0,0,0,0,0,4,8,2014,6,17.0,1.0,0,1.0,3,2,3,  ,0,0.0,0,0,1,0,0,0,0,0,0,0,0,0,0,0,0,0,0
18280,2014077388,2212.0,2211.0,38,38301,40.35,-76.4258,0,0,0,0,0,0,4,8,2014,5,22.0,3.0,0,1.0,2,1,3,  ,3,3.0,0,0,1,0,0,0,0,0,0,0,0,0,0,0,0,0,1
18281,2014077392,1547.0,1544.0,40,40304,41.2387,-75.8706,0,0,0,0,0,0,4,8,2014,5,15.0,1.0,7,1.0,3,0,3,  ,0,0.0,0,0,1,0,0,0,0,0,0,0,0,0,0,0,0,0,0
18282,2014077492,1116.0,1113.0,46,46225,40.1553,-75.302,0,0,0,0,0,0,5,8,2014,7,11.0,1.0,0,1.0,3,2,3,  ,2,3.0,1,0,0,0,0,0,0,0,0,0,0,0,0,0,0,1,0
18283,2014077554,2320.0,2320.0,23,23111,39.9575,-75.2691,0,0,0,0,0,0,4,8,2014,6,23.0,3.0,0,1.0,3,1,3,  ,2,3.0,0,0,1,0,0,0,0,0,0,0,0,0,0,0,0,0,0
18284,2014077603,2132.0,2126.0,46,46410,40.0942,-75.1235,0,1,0,0,0,0,4,8,2014,7,21.0,3.0,7,1.0,3,0,3,  ,3,3.0,1,0,1,0,0,0,0,0,0,0,0,0,0,0,0,0,0
18285,2014077655,933.0,929.0,7,7201,40.4374,-78.4122,0,0,0,0,1,0,4,8,2014,7,9.0,1.0,0,1.0,1,1,3,  ,2,3.0,1,0,1,0,0,0,0,0,0,0,0,0,0,0,0,0,0
18286,2014077878,1715.0,1713.0,22,22301,40.2687,-76.8883,0,0,0,0,0,0,4,8,2014,2,17.0,1.0,0,1.0,3,2,3,  ,0,0.0,1,0,1,0,0,0,0,0,0,0,0,0,0,0,0,0,0
18287,2014077913,954.0,952.0,14,14410,40.7851,-77.8344,0,0,0,0,0,0,4,8,2014,2,9.0,1.0,0,1.0,3,1,3,  ,2,3.0,0,0,1,0,0,0,0,0,0,0,0,0,0,0,0,0,0
18288,2014077918,935.0,930.0,25,25302,42.0842,-80.0934,0,0,0,0,0,0,4,8,2014,2,9.0,1.0,0,1.0,3,1,3,  ,3,3.0,0,0,1,0,0,0,0,0,0,0,0,0,0,0,0,0,0
18289,2014077979,1650.0,1650.0,36,36239,40.0631,-76.4308,0,0,0,0,0,0,5,8,2014,2,16.0,1.0,0,1.0,3,0,3,  ,0,0.0,0,0,0,0,0,0,0,0,0,0,0,0,0,0,0,0,1
18290,2014078005,1559.0,1550.0,45,45214,40.9971,-75.1939,0,0,0,0,0,0,4,7,2014,2,15.0,1.0,0,1.0,1,0,3,  ,0,0.0,1,0,1,0,0,0,0,0,0,0,0,0,0,0,0,0,0
18291,2014078090,1528.0,1505.0,53,53207,40.6879,-75.9619,0,0,0,0,1,0,5,7,2014,4,15.0,1.0,0,1.0,1,0,3,  ,0,0.0,0,0,0,0,0,0,0,0,0,0,0,0,0,0,0,0,0
18292,2014078232,1346.0,1332.0,59,59201,40.9631,-76.969,0,0,0,0,0,0,8,8,2014,2,13.0,1.0,0,1.0,1,0,3,  ,0,0.0,1,0,0,0,0,0,0,0,0,0,0,0,0,0,0,1,0
18293,2014078397,1035.0,1030.0,67,67301,39.9954,-75.1056,0,0,0,0,0,0,8,6,2014,5,16.0,1.0,0,98.0,3,0,99,  ,0,0.0,1,0,0,0,0,0,0,0,0,0,0,0,0,0,0,0,0
18294,2014078469,1958.0,1948.0,39,39104,40.534,-75.5173,0,0,0,0,0,1,8,8,2014,7,19.0,4.0,0,1.0,3,2,3,  ,0,0.0,1,0,0,0,0,0,0,0,0,0,0,0,0,0,0,0,0
18295,2014078500,1645.0,1625.0,2,2301,40.4598,-79.9497,0,0,0,0,0,0,4,8,2014,3,16.0,1.0,0,9.0,3,1,7,  ,3,3.0,0,0,1,0,0,0,0,0,0,0,0,0,0,0,0,0,0
18296,2014078609,1346.0,1320.0,53,53220,40.6938,-76.2296,0,1,0,0,0,0,4,8,2014,2,13.0,1.0,0,1.0,1,1,3,  ,3,3.0,1,0,1,0,0,0,0,0,0,0,0,0,0,0,0,1,0
18297,2014078623,1044.0,1044.0,36,36234,40.0927,-76.1523,0,0,0,0,0,0,4,8,2014,7,10.0,1.0,0,1.0,1,2,3,  ,0,0.0,0,0,1,0,0,0,0,0,0,0,0,0,0,0,0,0,0
18298,2014078782,1137.0,1134.0,67,67301,39.9615,-75.1529,0,1,0,0,0,0,4,6,2014,7,11.0,1.0,0,1.0,3,1,3,  ,2,3.0,0,0,1,0,0,0,0,0,0,0,0,0,0,0,0,0,0
18299,2014078792,914.0,914.0,67,67301,39.9687,-75.1601,0,0,0,0,0,1,5,6,2014,7,9.0,1.0,0,1.0,3,0,3,  ,0,0.0,0,0,0,0,0,0,0,0,0,0,0,0,0,0,0,0,0
18300,2014078797,2040.0,2030.0,67,67301,39.9583,-75.1641,0,1,0,0,0,0,4,6,2014,7,23.0,3.0,3,1.0,3,1,3,  ,2,3.0,0,0,1,0,0,0,0,0,0,0,0,0,0,0,0,0,0
18301,2014078799,1630.0,1621.0,67,67301,40.0615,-75.1659,0,0,0,0,0,0,5,5,2014,6,11.0,1.0,0,1.0,3,0,3,  ,0,0.0,0,0,0,0,0,0,0,0,0,0,0,0,0,0,0,0,0
18302,2014078806,2350.0,2335.0,67,67301,40.0262,-75.1811,0,0,0,0,0,0,1,6,2014,4,20.0,3.0,0,1.0,3,0,3,  ,0,0.0,0,0,0,0,0,0,0,0,0,0,0,0,0,0,0,0,0
18303,2014078812,1235.0,1230.0,67,67301,40.0239,-75.1105,0,0,0,0,0,1,4,6,2014,2,12.0,1.0,0,1.0,3,2,3,  ,3,3.0,1,0,1,0,0,0,0,0,0,0,0,0,0,0,0,0,0
18304,2014078823,1230.0,1226.0,67,67301,39.9449,-75.167,0,0,0,0,0,0,4,5,2014,2,12.0,1.0,0,1.0,3,1,3,  ,2,3.0,0,0,1,0,0,0,0,0,0,0,0,0,0,0,0,0,0
18305,2014078827,1705.0,1700.0,67,67301,39.9344,-75.1894,0,1,0,0,0,1,4,5,2014,6,16.0,1.0,0,1.0,3,1,3,  ,3,3.0,0,0,1,0,0,0,0,0,0,0,0,0,0,0,0,0,0
18306,2014078845,1925.0,1920.0,67,67301,40.064,-75.1449,0,0,0,0,0,1,6,6,2014,2,99.0,1.0,0,1.0,3,0,3,  ,0,0.0,0,0,0,0,0,0,0,0,0,0,0,0,0,0,0,0,0
18307,2014078851,1956.0,1951.0,67,67301,39.9339,-75.1559,0,0,0,0,0,0,5,6,2014,7,19.0,4.0,0,1.0,3,0,3,  ,0,0.0,0,0,0,0,0,0,0,0,0,0,0,0,0,0,0,0,0
18308,2014078867,918.0,915.0,67,67301,39.9597,-75.1959,0,0,0,0,1,0,4,6,2014,6,8.0,1.0,0,1.0,3,1,3,  ,2,3.0,0,0,1,0,0,0,0,0,0,0,0,0,0,0,0,0,0
18309,2014078868,1647.0,1646.0,67,67301,39.9227,-75.1848,0,0,0,0,0,1,4,6,2014,6,15.0,1.0,0,1.0,3,0,3,  ,0,0.0,1,0,1,0,0,0,0,0,0,0,0,0,0,0,0,0,0
18310,2014078870,1938.0,1933.0,67,67301,39.9206,-75.1538,0,0,0,0,0,0,4,6,2014,7,19.0,1.0,0,1.0,3,1,3,  ,3,3.0,0,0,1,0,0,0,0,0,0,0,0,0,0,0,0,0,0
18311,2014078884,1928.0,1912.0,67,67301,39.9164,-75.2418,0,0,0,0,0,0,4,5,2014,6,18.0,1.0,0,1.0,3,1,3,  ,3,3.0,0,0,1,0,0,0,0,0,0,0,0,0,0,0,0,0,0
18312,2014078887,9999.0,9999.0,67,67301,40.0221,-75.0631,0,0,0,0,0,1,4,6,2014,2,99.0,1.0,0,98.0,3,1,99,  ,2,3.0,0,0,1,0,0,0,0,0,0,0,0,0,0,0,0,0,0
18313,2014078901,1824.0,1824.0,67,67301,39.9342,-75.2241,0,0,0,0,0,0,4,4,2014,7,18.0,1.0,0,1.0,3,0,3,  ,0,0.0,0,0,1,0,0,0,0,0,0,0,0,0,0,0,0,0,0
18314,2014078912,1115.0,1110.0,67,67301,40.0171,-75.0847,0,0,0,0,0,0,4,5,2014,4,11.0,1.0,0,1.0,3,1,3,  ,2,3.0,0,0,1,0,0,0,0,0,0,0,0,0,0,0,0,0,0
18315,2014078922,1700.0,1657.0,67,67301,39.9539,-75.1886,0,0,0,0,0,0,5,6,2014,3,16.0,1.0,0,1.0,3,0,3,  ,0,0.0,0,0,0,0,0,0,0,0,0,0,0,0,0,0,0,0,1
18316,2014079044,1830.0,1829.0,2,2304,40.3437,-79.8295,0,0,0,0,0,0,4,8,2014,4,18.0,1.0,0,1.0,3,0,3,  ,0,0.0,0,0,1,0,0,0,0,0,0,0,0,0,0,0,0,0,0
18317,2014079103,2059.0,2055.0,36,36301,40.0364,-76.2944,0,0,0,0,0,0,4,8,2014,4,20.0,4.0,7,1.0,3,0,3,  ,0,0.0,0,0,1,0,0,0,0,0,0,0,0,0,0,0,0,0,0
18318,2014079214,1209.0,1206.0,25,25302,42.1098,-80.0962,0,0,0,0,1,0,4,8,2014,5,11.0,1.0,0,1.0,3,0,3,  ,0,0.0,0,0,1,0,0,0,0,0,0,0,0,0,0,0,0,0,0
18319,2014079342,2119.0,2119.0,23,23301,39.8459,-75.3817,0,0,0,0,0,0,4,8,2014,5,21.0,3.0,0,9.0,3,2,3,  ,0,0.0,0,0,1,0,0,0,0,0,0,0,0,0,0,0,0,0,0
18320,2014079577,1708.0,1704.0,23,23103,39.977,-75.33,0,0,0,0,0,0,1,7,2014,1,17.0,1.0,0,1.0,3,0,3,  ,0,0.0,0,0,0,0,0,0,0,0,0,0,0,0,0,0,0,0,0
18321,2014079585,1717.0,1715.0,23,23103,39.9867,-75.3193,0,0,0,0,0,0,4,8,2014,2,17.0,1.0,0,1.0,3,1,3,  ,3,3.0,1,0,1,0,0,0,0,0,0,0,0,0,1,0,0,1,0
18322,2014079642,2009.0,2002.0,2,2105,40.3102,-79.804,0,0,0,0,0,0,4,8,2014,4,19.0,1.0,7,1.0,3,0,3,  ,0,0.0,0,0,1,0,0,0,0,0,0,0,0,0,0,0,0,0,1
18323,2014079897,1747.0,1738.0,7,7301,40.5251,-78.4,0,0,0,0,0,0,4,8,2014,7,17.0,1.0,0,1.0,3,1,3,  ,3,3.0,0,0,1,0,0,0,0,0,0,0,0,0,0,0,0,0,0
18324,2014079931,2134.0,2131.0,23,23101,39.8642,-75.4279,0,0,0,0,0,0,4,8,2014,7,21.0,3.0,0,1.0,3,1,3,  ,2,3.0,0,0,1,0,0,0,0,0,0,0,0,0,0,0,0,0,0
18325,2014079950,2130.0,2130.0,23,23107,39.9035,-75.3042,0,0,0,0,0,0,4,8,2014,7,21.0,3.0,0,1.0,3,1,3,  ,2,3.0,0,0,1,0,0,0,0,0,0,0,0,0,0,0,0,0,0
18326,2014080026,1509.0,1506.0,40,40301,40.9553,-75.9707,0,0,0,0,0,0,4,8,2014,6,15.0,1.0,0,1.0,2,1,3,  ,0,0.0,0,0,1,0,0,0,0,0,0,0,0,0,0,0,0,0,0
18327,2014080055,1444.0,1439.0,9,9401,,,0,0,0,0,0,0,4,8,2014,2,14.0,1.0,0,1.0,3,0,3,  ,0,0.0,0,0,1,0,0,0,0,0,0,0,0,0,0,0,0,1,0
18328,2014080141,1839.0,1834.0,36,36301,40.0308,-76.3228,0,0,0,0,0,0,5,8,2014,1,17.0,1.0,0,1.0,3,0,3,  ,0,0.0,0,0,0,0,0,0,0,0,0,0,0,0,0,0,0,0,0
18329,2014080193,1841.0,1838.0,28,28406,39.7611,-77.5881,0,0,0,0,0,0,4,8,2014,1,18.0,1.0,0,1.0,2,0,3,  ,0,0.0,0,0,1,0,0,0,0,0,0,0,0,0,0,0,0,0,0
18330,2014080326,727.0,726.0,35,35402,41.4843,-75.5894,0,0,0,0,0,0,4,8,2014,6,7.0,1.0,0,1.0,3,1,3,  ,2,3.0,1,0,1,0,0,0,0,0,0,0,0,0,0,0,0,0,0
18331,2014080371,1450.0,1448.0,38,38212,40.3349,-76.3954,0,0,0,0,0,0,4,8,2014,2,14.0,1.0,0,1.0,1,0,3,  ,0,0.0,0,0,1,0,0,0,0,0,0,0,0,0,0,0,0,0,0
18332,2014080426,1754.0,1751.0,25,25213,42.0794,-80.1419,0,0,0,0,0,1,4,8,2014,2,17.0,1.0,0,1.0,3,2,3,  ,3,3.0,0,0,1,1,0,1,0,0,0,0,0,0,0,0,0,0,0
18333,2014080449,1949.0,1940.0,42,42301,41.9462,-78.6495,0,0,0,0,0,0,4,8,2014,2,19.0,1.0,7,1.0,2,0,3,  ,0,0.0,0,0,1,0,0,0,0,0,0,0,0,0,0,0,0,0,0
18334,2014080459,1727.0,1726.0,49,49101,40.784,-76.5691,0,0,0,0,1,0,4,8,2014,2,17.0,1.0,0,1.0,1,0,3,  ,0,0.0,0,0,1,0,0,0,0,0,0,0,0,0,0,0,0,0,0