,CRN,ARRIVAL_TM,DISPATCH_TM,COUNTY,MUNICIPALITY,DEC_LAT,DEC_LONG,BICYCLE_DEATH_COUNT,BICYCLE_SUSP_SERIOUS_INJ_COUNT,BUS_COUNT,HEAVY_TRUCK_COUNT,SMALL_TRUCK_COUNT,SUV_COUNT,COLLISION_TYPE,CRASH_MONTH,CRASH_YEAR,DAY_OF_WEEK,HOUR_OF_DAY,ILLUMINATION,LOCATION_TYPE,ROAD_CONDITION,URBAN_RURAL,INTERSECT_TYPE,WEATHER1,WEATHER2,TCD_TYPE,TCD_FUNC_CD,AGGRESSIVE_DRIVING,ALCOHOL_RELATED,ANGLE_CRASH,CELL_PHONE,COMM_VEHICLE,DISTRACTED,DRINKING_DRIVER,DRUGGED_DRIVER,FATIGUE_ASLEEP,IMPAIRED_DRIVER,NHTSA_AGG_DRIVING,RUNNING_RED_LT,RUNNING_STOP_SIGN,SPEEDING_RELATED,TAILGATING,MATURE_DRIVER,YOUNG_DRIVER
18335,2014080866,20.0,17.0,48,48301,40.6107,-75.3678,0,0,0,0,0,0,4,6,2014,7,15.0,1.0,0,1.0,3,2,3,  ,3,3.0,0,0,1,0,0,0,0,0,0,0,0,0,0,0,0,0,0
18336,2014080909,1629.0,1607.0,64,64209,40.3026,-79.6132,0,0,0,0,0,0,5,8,2014,1,16.0,1.0,0,1.0,3,0,3,  ,0,0.0,0,0,0,0,0,0,0,0,0,0,0,0,0,0,0,0,0
18337,2014081041,1354.0,1354.0,46,46416,40.2473,-75.655,0,0,0,0,0,0,4,8,2014,7,13.0,1.0,7,1.0,2,0,3,  ,0,0.0,0,0,1,0,0,1,0,0,0,0,0,0,0,0,0,0,0
18338,2014081098,1413.0,1410.0,46,46101,40.1021,-75.1507,0,0,0,1,0,0,5,8,2014,3,14.0,1.0,0,1.0,3,0,3,  ,0,0.0,1,0,0,0,1,0,0,0,0,0,0,0,0,0,0,0,0
18339,2014081355,1321.0,1320.0,66,66231,39.9718,-76.7521,0,0,0,0,0,0,4,8,2014,2,13.0,1.0,7,1.0,1,0,3,  ,0,0.0,1,0,1,0,0,0,0,0,0,0,0,0,0,0,0,0,0
18340,2014081387,1146.0,1144.0,64,64306,40.5867,-79.7155,0,0,0,0,0,1,4,8,2014,4,11.0,1.0,7,1.0,3,0,3,  ,0,0.0,0,0,1,0,0,0,0,0,0,0,0,0,0,0,0,1,0
18341,2014081417,1730.0,1730.0,67,67301,40.0196,-75.1342,0,0,0,0,0,0,4,6,2014,3,17.0,1.0,0,1.0,3,1,99,  ,0,0.0,0,0,1,0,0,0,0,0,0,0,0,0,0,0,0,0,0
18342,2014081435,2025.0,2020.0,67,67301,39.999,-75.1332,0,0,0,0,0,0,4,6,2014,5,19.0,1.0,0,98.0,3,1,3,  ,2,3.0,0,0,1,0,0,0,0,0,0,0,0,0,0,0,0,0,0
18343,2014081441,654.0,651.0,67,67301,39.9247,-75.1626,0,0,0,0,0,1,4,6,2014,6,6.0,1.0,0,1.0,3,1,3,  ,3,3.0,0,0,1,0,0,0,0,0,0,0,0,0,0,0,0,1,0
18344,2014081443,1018.0,1017.0,67,67301,39.9614,-75.1487,0,0,0,0,0,0,5,6,2014,5,9.0,1.0,0,1.0,3,0,3,  ,0,0.0,0,0,0,0,0,0,0,0,0,0,0,0,0,0,0,0,0
18345,2014081458,2209.0,2208.0,67,67301,40.0308,-75.112,0,0,0,0,0,0,4,6,2014,2,22.0,3.0,0,1.0,3,1,3,  ,2,3.0,0,0,1,0,0,0,0,0,0,0,0,0,0,0,0,0,0
18346,2014081463,1705.0,1700.0,67,67301,39.9935,-75.1546,0,0,0,0,0,1,4,6,2014,5,16.0,1.0,0,1.0,3,0,3,  ,0,0.0,0,0,1,0,0,0,0,0,0,0,0,0,0,0,0,0,0
18347,2014081474,1845.0,1845.0,67,67301,39.9789,-75.1175,0,0,0,0,0,0,4,6,2014,2,23.0,3.0,0,1.0,3,1,99,  ,3,3.0,0,0,1,0,0,0,0,0,0,0,0,0,0,0,0,0,0
18348,2014081482,1245.0,1241.0,67,67301,39.9465,-75.1603,0,0,0,0,0,0,5,6,2014,2,99.0,1.0,0,1.0,3,0,3,  ,0,0.0,0,0,0,0,0,0,0,0,0,0,0,0,0,0,0,0,0
18349,2014081502,1735.0,1735.0,46,46102,40.0546,-75.125,0,0,0,0,0,0,8,8,2014,5,17.0,1.0,0,1.0,3,2,3,  ,2,3.0,0,0,0,0,0,0,0,0,0,0,0,0,0,0,0,0,0
18350,2014081734,1248.0,1248.0,22,22412,40.2806,-76.8471,0,0,0,0,1,0,4,8,2014,3,12.0,1.0,0,1.0,3,5,3,  ,2,3.0,0,0,1,0,0,0,0,0,0,0,0,0,0,0,0,0,0
18351,2014081693,1810.0,1802.0,23,23204,39.8815,-75.5446,0,0,0,0,0,1,4,8,2014,4,18.0,1.0,0,1.0,3,0,3,  ,0,0.0,0,0,1,0,0,0,0,0,0,0,0,0,0,0,0,0,0
18352,2014081695,1915.0,1915.0,6,6217,40.4511,-75.5563,0,0,0,0,0,1,4,7,2014,5,19.0,1.0,0,1.0,1,2,3,  ,0,0.0,1,1,1,0,0,0,1,0,0,1,0,0,0,0,0,0,0
18353,2014081796,1622.0,1610.0,25,25213,42.1116,-80.1559,0,1,0,0,0,0,1,8,2014,1,16.0,1.0,0,1.0,3,0,3,  ,0,0.0,0,0,0,0,0,0,0,0,0,0,0,0,0,0,0,0,0
18354,2014082093,2154.0,2149.0,21,21407,40.2295,-76.8893,0,0,0,0,0,0,0,8,2014,7,21.0,3.0,0,1.0,3,1,3,  ,2,3.0,1,0,0,0,0,0,0,0,0,0,0,0,0,0,0,0,1
18355,2014082103,2120.0,2100.0,26,26216,40.0097,-79.8171,0,1,0,0,0,0,2,8,2014,6,20.0,2.0,0,1.0,1,0,3,  ,0,0.0,0,1,0,0,0,0,1,0,0,1,0,0,0,0,0,0,0
18356,2014082214,1651.0,1647.0,15,15256,,,0,0,0,0,0,0,1,8,2014,7,16.0,1.0,0,9.0,1,0,7,  ,0,0.0,0,0,0,0,0,1,0,0,0,0,0,0,0,0,0,1,0
18357,2014082377,1752.0,1748.0,39,39301,40.6029,-75.4881,0,0,0,0,0,0,4,8,2014,1,17.0,1.0,0,1.0,3,1,3,  ,0,0.0,0,0,1,0,0,0,0,0,0,0,0,0,0,0,0,0,0
18358,2014082401,1634.0,1630.0,25,25213,,,0,0,0,0,0,1,6,8,2014,7,16.0,1.0,0,1.0,3,0,3,  ,0,0.0,0,0,0,0,0,0,0,0,0,0,0,0,0,0,0,0,0
18359,2014082521,1316.0,1311.0,2,2105,40.2553,-79.8524,0,0,0,0,0,0,5,8,2014,1,13.0,1.0,0,1.0,3,2,3,  ,0,0.0,0,0,0,0,0,0,0,0,0,0,0,0,0,0,0,1,0
18360,2014082566,702.0,702.0,48,48212,40.7067,-75.2762,0,0,0,0,0,1,4,8,2014,2,7.0,1.0,0,1.0,3,1,3,  ,2,3.0,0,0,1,0,0,0,0,0,0,0,0,0,0,0,0,0,0
18361,2014082650,1558.0,1556.0,39,39301,40.5986,-75.4791,0,0,0,0,1,0,8,8,2014,2,11.0,1.0,0,1.0,3,2,3,  ,3,3.0,0,0,0,0,0,0,0,0,0,0,0,0,0,0,0,0,0
18362,2014082669,1459.0,1458.0,23,23103,39.973,-75.3197,0,0,0,0,0,0,4,8,2014,4,14.0,1.0,7,1.0,3,2,3,  ,2,3.0,0,0,1,0,0,0,0,0,0,0,0,0,0,0,0,1,0
18363,2014082801,1855.0,1853.0,66,66301,39.9665,-76.7456,0,0,0,0,0,0,4,8,2014,2,18.0,1.0,0,1.0,3,1,3,  ,3,3.0,0,0,1,0,0,0,0,0,0,0,0,0,0,0,0,0,0
18364,2014083038,2300.0,2242.0,67,67301,39.9276,-75.1689,0,0,0,0,0,0,9,8,2014,1,22.0,3.0,0,1.0,3,0,3,  ,2,3.0,0,1,0,0,0,0,0,0,0,0,0,0,0,0,0,0,0
18365,2014083046,1420.0,1420.0,67,67301,39.9964,-75.1258,0,0,0,0,0,0,4,6,2014,4,14.0,1.0,0,1.0,3,1,3,  ,3,3.0,0,0,1,0,0,0,0,0,0,0,0,0,0,0,0,0,0
18366,2014083071,1256.0,1250.0,67,67301,39.9446,-75.2337,0,0,0,0,0,1,4,6,2014,3,12.0,1.0,0,1.0,3,5,3,  ,2,3.0,0,0,1,0,0,1,0,0,0,0,0,0,0,0,0,0,0
18367,2014083072,1149.0,1149.0,67,67301,39.9505,-75.1926,0,0,0,0,0,0,4,6,2014,5,11.0,1.0,0,1.0,3,1,3,  ,2,3.0,1,0,1,0,0,0,0,0,0,0,0,0,0,0,0,0,0
18368,2014083076,2053.0,2051.0,67,67301,39.9559,-75.2367,0,0,0,0,0,0,4,6,2014,5,20.0,3.0,0,1.0,3,2,3,  ,3,3.0,0,0,1,0,0,0,0,0,0,0,0,0,0,0,0,0,0
18369,2014083080,750.0,744.0,67,67301,40.0504,-75.1531,0,0,0,0,0,0,4,6,2014,6,6.0,1.0,0,1.0,3,1,3,  ,3,3.0,0,0,1,0,0,0,0,0,0,0,0,0,0,0,0,0,0
18370,2014083084,2251.0,2245.0,67,67301,39.9495,-75.2093,0,0,0,0,0,0,8,6,2014,4,22.0,3.0,0,1.0,3,1,3,  ,2,3.0,1,0,0,0,0,0,0,0,0,0,0,0,0,0,0,0,0
18371,2014083098,2014.0,2012.0,36,36301,40.0328,-76.3082,0,0,0,0,0,0,4,8,2014,2,20.0,4.0,0,1.0,3,2,3,  ,3,3.0,0,0,1,0,0,0,0,0,0,0,0,0,0,0,0,0,0
18372,2014083215,2015.0,2015.0,25,25302,42.1128,-80.0936,0,0,0,0,0,0,4,8,2014,1,20.0,3.0,0,1.0,3,1,3,  ,3,3.0,1,0,1,0,0,0,0,0,0,0,0,0,0,0,0,0,0
18373,2014083266,1110.0,1105.0,36,36101,40.074,-76.2711,0,0,0,0,0,0,4,8,2014,1,11.0,1.0,0,9.0,3,1,7,  ,3,3.0,0,0,1,0,0,0,0,0,0,0,0,0,0,0,0,0,0
18374,2014083291,2205.0,2157.0,64,64217,40.2926,-79.3716,0,0,0,0,0,0,5,8,2014,6,21.0,2.0,0,1.0,1,0,3,  ,0,0.0,0,1,0,0,0,0,0,0,0,0,0,0,0,0,0,0,0
18375,2014083337,1220.0,1215.0,36,36229,39.9062,-76.2424,0,0,0,0,0,0,5,8,2014,2,12.0,1.0,0,1.0,1,2,3,  ,0,0.0,0,0,0,0,0,0,0,0,0,0,0,0,0,0,0,0,0
18376,2014083365,2129.0,2127.0,46,46413,40.1174,-75.3504,0,0,0,0,0,0,4,8,2014,1,21.0,3.0,0,1.0,3,2,3,  ,0,0.0,0,0,1,0,0,0,0,0,0,0,0,0,0,0,0,0,0
18377,2014083370,1441.0,1429.0,35,35219,41.5003,-75.7127,0,0,0,0,1,0,4,8,2014,3,14.0,1.0,0,1.0,1,1,3,  ,3,3.0,0,0,1,0,0,0,0,0,0,0,0,0,0,0,0,0,0
18378,2014083418,1730.0,1728.0,9,9216,40.2294,-74.9405,0,0,0,0,0,0,4,8,2014,5,17.0,1.0,0,1.0,3,2,3,  ,2,3.0,0,0,1,0,0,0,0,0,0,0,0,0,0,0,0,0,0
18379,2014083480,1638.0,1635.0,16,16402,41.2151,-79.3865,0,0,0,0,0,0,4,8,2014,4,16.0,1.0,0,1.0,2,1,3,  ,3,3.0,0,0,1,0,0,0,0,0,0,0,0,0,0,0,0,0,0
18380,2014083483,1657.0,1650.0,39,39301,40.558,-75.4774,0,0,0,0,0,0,5,8,2014,4,16.0,1.0,0,1.0,3,0,3,  ,0,0.0,0,0,0,0,0,0,0,0,0,0,0,0,0,0,0,0,0
18381,2014083644,2211.0,2211.0,15,15411,40.1386,-75.5141,0,1,0,0,1,0,0,8,2014,7,22.0,3.0,0,1.0,3,1,3,  ,8,3.0,1,1,0,0,0,0,1,1,0,1,0,0,0,1,0,0,0
18382,2014083741,1855.0,1855.0,59,59403,40.9195,-77.0427,0,0,0,0,1,0,4,8,2014,3,18.0,1.0,0,1.0,1,10,3,  ,3,3.0,1,0,1,0,0,0,0,0,0,0,0,0,0,0,0,0,0
18383,2014083821,1542.0,1542.0,9,9208,40.192,-74.8238,0,0,0,0,0,1,4,8,2014,5,15.0,1.0,0,1.0,3,0,3,  ,2,3.0,0,0,1,0,0,0,0,0,0,0,0,0,0,0,0,0,0
18384,2014083904,1933.0,1918.0,53,53411,40.8148,-76.1284,0,0,0,0,0,0,4,7,2014,2,19.0,1.0,0,1.0,2,1,3,  ,0,0.0,0,0,1,0,0,0,0,0,0,0,0,0,0,0,0,0,0
18385,2014083933,2020.0,2018.0,46,46411,40.246,-75.2912,0,0,0,0,0,0,8,8,2014,5,20.0,3.0,7,1.0,3,0,3,  ,0,0.0,0,0,0,0,0,0,0,0,0,0,0,0,0,0,0,0,0
18386,2014083939,2025.0,2017.0,25,25302,42.1259,-80.1013,0,0,0,0,0,1,5,8,2014,5,20.0,3.0,0,1.0,3,0,3,  ,0,0.0,0,0,0,0,0,0,0,0,0,0,0,0,0,0,0,0,0
18387,2014084072,1828.0,1824.0,15,15403,40.0093,-75.6944,0,0,0,0,0,0,5,8,2014,2,18.0,1.0,0,1.0,3,0,3,  ,0,0.0,0,0,0,0,0,0,0,0,0,0,0,0,0,0,0,0,0
18388,2014084158,1903.0,1900.0,67,67301,39.9368,-75.2212,0,0,0,0,0,1,4,7,2014,7,18.0,1.0,0,1.0,3,1,3,  ,0,0.0,0,0,1,0,0,0,0,0,0,0,0,0,0,0,0,0,0
18389,2014084159,2210.0,2205.0,67,67301,39.9459,-75.2403,0,0,0,0,0,0,4,7,2014,7,22.0,3.0,0,1.0,3,1,3,  ,2,3.0,0,0,1,0,0,0,0,0,0,0,0,0,0,0,0,0,0
18390,2014084168,1742.0,1742.0,67,67301,39.9343,-75.1508,0,0,0,0,0,1,4,7,2014,4,17.0,1.0,0,1.0,3,1,3,  ,2,3.0,0,0,1,0,0,0,0,0,0,0,0,0,0,0,0,0,0
18391,2014084169,1855.0,1855.0,67,67301,39.947,-75.1647,0,0,0,0,0,0,4,7,2014,4,18.0,1.0,0,1.0,3,1,3,  ,2,3.0,0,0,1,0,0,1,0,0,0,0,0,0,0,0,0,1,0
18392,2014084180,2000.0,1952.0,67,67301,39.9038,-75.1738,0,0,0,0,0,1,4,7,2014,5,19.0,4.0,7,1.0,3,2,3,  ,2,3.0,0,0,1,0,0,0,0,0,0,0,0,0,0,0,0,0,0
18393,2014084200,1659.0,1658.0,67,67301,39.9519,-75.1783,0,0,0,0,0,1,4,7,2014,5,99.0,1.0,0,1.0,3,1,3,  ,3,3.0,1,0,1,0,0,0,0,0,0,0,0,0,1,0,0,0,0
18394,2014084224,859.0,859.0,67,67301,39.9412,-75.1758,0,0,0,0,0,0,1,7,2014,5,8.0,1.0,0,1.0,3,0,3,  ,0,0.0,0,0,0,0,0,0,0,0,0,0,0,0,0,0,0,0,0
18395,2014084227,1945.0,1940.0,67,67301,39.9509,-75.235,0,0,0,0,0,0,4,6,2014,1,19.0,1.0,0,1.0,3,1,3,  ,3,3.0,0,0,1,0,0,0,0,0,0,0,0,0,0,0,0,1,0
18396,2014084231,2130.0,2119.0,67,67301,39.9253,-75.2281,0,0,0,0,0,0,3,7,2014,6,21.0,3.0,0,1.0,3,0,3,  ,0,0.0,0,0,0,0,0,0,0,0,0,0,0,0,0,0,0,0,0
18397,2014084249,1115.0,1114.0,67,67301,39.9736,-75.1519,0,0,0,0,0,1,4,7,2014,3,11.0,1.0,0,1.0,3,1,3,  ,2,3.0,0,0,1,0,0,0,0,0,0,0,0,0,0,0,0,0,0
18398,2014084260,1428.0,1425.0,67,67301,39.9283,-75.1907,0,0,0,0,0,0,4,7,2014,6,14.0,1.0,0,1.0,3,1,3,  ,3,3.0,1,0,1,0,0,0,0,0,0,0,0,0,1,0,0,1,0
18399,2014084285,9999.0,9999.0,67,67301,40.0124,-75.1521,0,0,0,0,0,1,4,7,2014,4,9.0,1.0,0,1.0,3,5,3,  ,2,3.0,0,0,1,0,0,0,0,0,0,0,0,0,0,0,0,0,0
18400,2014084293,925.0,925.0,67,67301,39.9707,-75.2117,0,0,0,0,0,1,4,7,2014,5,9.0,1.0,0,1.0,3,2,3,  ,0,0.0,0,0,1,0,0,0,0,0,0,0,0,0,0,0,0,0,0
18401,2014084307,1051.0,1050.0,67,67301,39.9541,-75.2025,0,0,0,0,0,0,4,7,2014,2,10.0,1.0,0,1.0,3,2,3,  ,2,3.0,0,0,1,0,0,0,0,0,0,0,0,0,0,0,0,0,0
18402,2014084358,942.0,939.0,67,67301,39.9525,-75.2093,0,0,0,0,0,0,5,7,2014,5,9.0,1.0,0,1.0,3,0,3,  ,0,0.0,0,0,0,0,0,0,0,0,0,0,0,0,0,0,0,0,0
18403,2014084364,1733.0,1730.0,67,67301,39.9675,-75.1713,0,0,0,0,0,0,4,7,2014,4,17.0,1.0,0,1.0,3,0,3,  ,0,0.0,0,0,1,0,0,0,0,0,0,0,0,0,0,0,0,0,0
18404,2014084369,28.0,24.0,67,67301,40.0315,-75.0442,0,0,0,0,0,0,2,7,2014,7,17.0,4.0,0,1.0,3,0,3,  ,0,0.0,0,0,0,0,0,0,0,0,0,0,0,0,0,0,0,0,0
18405,2014084385,1431.0,1427.0,67,67301,39.9686,-75.2476,0,0,0,0,0,0,2,6,2014,1,14.0,1.0,0,1.0,3,2,3,  ,0,0.0,0,0,0,0,0,0,0,0,0,0,0,0,0,0,0,0,0
18406,2014084395,1203.0,1156.0,67,67301,39.9547,-75.2272,0,0,0,0,0,0,8,7,2014,6,11.0,1.0,0,1.0,3,0,3,  ,0,0.0,0,0,0,0,0,0,0,0,0,0,0,0,0,0,0,0,0
18407,2014084403,2008.0,2006.0,67,67301,39.9499,-75.1912,0,0,0,0,0,0,5,7,2014,2,19.0,4.0,0,1.0,3,0,3,  ,0,0.0,1,0,0,0,0,0,0,0,0,0,0,0,0,0,0,0,0
18408,2014084439,1738.0,1737.0,67,67301,39.9267,-75.181,0,0,0,0,0,0,4,7,2014,1,17.0,1.0,0,1.0,3,2,3,  ,3,3.0,0,0,1,0,0,0,0,0,0,0,0,0,0,0,0,0,0
18409,2014084453,2144.0,1956.0,67,67301,40.0311,-75.1069,0,0,0,0,1,0,4,6,2014,7,99.0,1.0,7,1.0,3,0,3,  ,0,0.0,0,0,1,0,0,0,0,0,0,0,0,0,0,0,0,0,0
18410,2014084457,1005.0,1002.0,67,67301,39.9504,-75.1456,0,0,0,1,0,0,5,7,2014,6,9.0,1.0,0,1.0,3,0,3,  ,0,0.0,0,0,0,0,1,0,0,0,0,0,0,0,0,0,0,0,0
18411,2014084461,1718.0,1646.0,67,67301,39.9577,-75.2253,0,1,0,0,0,0,4,7,2014,7,16.0,1.0,0,1.0,3,1,3,  ,3,3.0,0,0,1,0,0,0,0,0,0,0,0,0,0,0,0,0,0
18412,2014084478,1618.0,1617.0,67,67301,39.9539,-75.1595,0,0,1,0,0,0,5,5,2014,3,16.0,1.0,0,1.0,3,0,3,  ,0,0.0,0,0,0,0,1,0,0,0,0,0,0,0,0,0,0,0,0
18413,2014084481,819.0,819.0,67,67301,39.9505,-75.1926,0,0,0,0,0,0,4,6,2014,6,8.0,1.0,0,1.0,3,1,3,  ,2,3.0,1,0,1,0,0,0,0,0,0,0,0,0,0,0,0,0,0
18414,2014084483,2314.0,2309.0,67,67301,39.9459,-75.1651,0,0,0,0,0,0,5,7,2014,6,23.0,3.0,0,1.0,3,0,3,  ,0,0.0,0,0,0,0,0,0,0,0,0,0,0,0,0,0,0,0,0
18415,2014084485,400.0,356.0,67,67301,39.9612,-75.1466,0,0,0,0,0,1,4,7,2014,6,3.0,3.0,0,1.0,3,1,3,  ,2,3.0,0,0,1,0,0,0,0,0,0,0,0,0,0,0,0,0,0
18416,2014084506,1515.0,1502.0,48,48301,40.604,-75.3733,0,0,0,0,0,0,6,8,2014,6,14.0,1.0,0,1.0,3,0,3,  ,0,0.0,0,0,0,0,0,0,0,0,0,0,0,0,0,0,0,0,0
18417,2014084532,2238.0,2233.0,66,66301,39.96,-76.741,0,0,0,0,0,1,4,8,2014,6,22.0,3.0,0,1.0,3,1,3,  ,2,3.0,1,0,1,0,0,0,0,0,0,0,0,1,0,0,0,0,0
18418,2014084715,1915.0,1914.0,39,39301,40.6144,-75.4774,0,0,0,0,0,0,4,8,2014,7,19.0,1.0,0,1.0,3,1,3,  ,0,0.0,0,0,1,0,0,0,0,0,0,0,0,0,0,0,0,0,0
18419,2014084721,2139.0,2133.0,45,45203,41.1336,-75.3981,0,0,0,0,0,1,8,8,2014,5,21.0,2.0,0,1.0,1,0,3,  ,0,0.0,0,1,0,0,0,0,0,0,0,0,0,0,0,0,0,0,0
18420,2014084738,2048.0,2046.0,9,9202,40.0716,-74.9654,0,0,0,0,0,0,4,8,2014,7,20.0,3.0,0,1.0,3,0,3,  ,0,0.0,0,0,1,0,0,0,0,0,0,0,0,0,0,0,0,0,0
18421,2014084788,1750.0,1749.0,42,42301,41.9619,-78.6354,0,1,0,0,0,1,4,8,2014,7,17.0,1.0,0,1.0,2,1,3,  ,3,3.0,0,0,1,0,0,0,0,0,0,0,0,0,0,0,0,0,0
18422,2014085007,1541.0,1535.0,36,36223,40.0393,-76.362,0,1,0,0,0,1,1,8,2014,7,15.0,1.0,0,1.0,1,0,3,  ,0,0.0,0,0,0,0,0,0,0,0,0,0,0,0,0,0,0,1,0
18423,2014085072,2206.0,2203.0,25,25302,42.1068,-80.0867,0,0,0,0,0,0,4,8,2014,7,21.0,2.0,7,1.0,3,0,3,  ,0,0.0,0,0,1,0,0,0,0,0,0,0,0,0,0,0,0,0,0
18424,2014085127,1305.0,1301.0,67,67301,39.9787,-75.1578,0,0,0,0,0,0,8,9,2014,2,99.0,1.0,0,1.0,3,1,3,  ,2,3.0,0,0,0,0,0,0,0,0,0,0,0,0,0,0,0,0,0
18425,2014085136,1248.0,1245.0,45,45203,41.1184,-75.3805,0,0,0,0,1,0,4,8,2014,3,12.0,1.0,7,1.0,1,0,3,  ,3,1.0,0,0,1,0,0,0,0,0,0,0,0,0,0,0,0,1,0
18426,2014085213,1915.0,1913.0,2,2475,40.4008,-79.8897,0,0,0,0,0,0,4,7,2014,6,19.0,1.0,0,1.0,3,2,3,  ,3,3.0,0,0,1,0,0,0,0,0,0,0,0,0,0,0,0,0,0
18427,2014085267,800.0,754.0,2,2301,40.4548,-79.9254,0,0,0,0,0,0,4,9,2014,3,7.0,1.0,7,1.0,3,0,3,  ,0,0.0,0,0,1,0,0,0,0,0,0,0,0,0,0,0,0,0,0
18428,2014085373,1643.0,1639.0,66,66301,39.9616,-76.7228,0,0,0,0,0,0,4,9,2014,3,16.0,1.0,0,9.0,3,1,7,  ,3,3.0,0,0,1,0,0,0,0,0,0,0,0,0,0,0,0,0,0
18429,2014085576,2240.0,2237.0,14,14206,40.7735,-77.8873,0,0,0,0,0,0,5,8,2014,3,22.0,2.0,0,1.0,1,0,3,  ,0,0.0,1,0,0,0,0,0,0,0,0,0,0,0,0,0,0,0,0
18430,2014085731,735.0,735.0,38,38210,40.3026,-76.5881,0,0,0,0,0,0,4,8,2014,4,7.0,1.0,0,1.0,1,1,3,  ,3,3.0,0,0,1,0,0,0,0,0,0,0,0,0,0,0,0,0,0
18431,2014085754,813.0,810.0,15,15247,39.9504,-75.5964,0,0,0,0,0,0,8,9,2014,4,8.0,1.0,7,1.0,3,1,3,  ,8,3.0,1,0,0,0,0,0,0,0,0,0,0,0,0,0,0,0,1
18432,2014085813,1539.0,1539.0,35,35302,41.4076,-75.6664,0,0,0,0,0,0,4,9,2014,4,15.0,1.0,0,1.0,3,2,3,  ,2,3.0,0,0,1,0,0,0,0,0,0,0,0,0,0,0,0,0,0
18433,2014085944,2309.0,2307.0,40,40406,41.3208,-75.7493,0,0,0,0,0,0,4,6,2014,4,23.0,3.0,0,1.0,3,1,3,  ,2,3.0,0,0,1,0,0,0,0,0,0,0,0,0,0,0,0,0,0
18434,2014085962,1940.0,9999.0,2,2467,,,0,0,0,0,0,0,4,8,2014,1,99.0,1.0,0,1.0,3,1,3,  ,0,0.0,0,0,1,0,0,0,0,0,0,0,0,0,0,0,0,0,0
18435,2014086090,851.0,849.0,9,9202,40.1443,-74.9312,0,0,0,0,1,0,4,9,2014,5,8.0,1.0,0,1.0,3,1,3,  ,3,3.0,1,0,1,0,0,0,0,0,0,0,0,0,0,0,0,0,0
18436,2014086099,1025.0,1024.0,10,10301,40.8577,-79.9013,0,0,0,0,0,0,2,9,2014,5,9.0,1.0,0,1.0,2,2,3,  ,0,0.0,0,0,0,0,0,0,0,0,0,0,0,0,0,0,0,0,0
18437,2014086181,1733.0,1731.0,25,25302,42.1266,-80.1029,0,0,0,0,0,1,4,9,2014,5,17.0,1.0,0,1.0,3,1,3,  ,3,3.0,0,0,1,0,0,0,0,0,0,0,0,0,0,0,0,0,0
18438,2014086198,935.0,931.0,46,46104,40.0174,-75.2454,0,0,0,0,0,0,4,7,2014,1,9.0,1.0,0,1.0,3,1,3,  ,2,3.0,1,0,1,0,0,0,0,0,0,0,0,0,0,0,0,0,0
18439,2014086417,1012.0,1008.0,14,14204,40.8156,-77.8548,0,0,0,0,0,0,1,9,2014,6,10.0,1.0,0,1.0,3,0,3,  ,0,0.0,0,0,0,0,0,1,0,0,0,0,0,0,0,0,0,0,0
18440,2014086467,1257.0,1253.0,9,9101,40.0937,-74.9118,0,0,0,0,0,1,4,9,2014,6,12.0,1.0,0,1.0,3,2,3,  ,3,3.0,0,0,1,0,0,0,0,0,0,0,0,0,0,0,0,0,0
18441,2014086505,1130.0,1126.0,21,21402,40.2015,-77.19,0,0,0,0,0,0,4,9,2014,6,11.0,1.0,0,1.0,2,0,3,  ,0,0.0,0,0,1,0,0,1,0,0,0,0,0,0,0,0,0,0,0
18442,2014086622,2119.0,2117.0,41,41301,41.2396,-77.0235,0,0,0,0,0,0,4,9,2014,6,21.0,3.0,0,1.0,3,2,3,  ,3,3.0,0,0,1,0,0,0,0,0,0,0,0,0,0,0,0,0,0
18443,2014086711,642.0,639.0,9,9202,40.145,-74.958,0,0,0,0,0,0,1,9,2014,7,6.0,1.0,0,1.0,3,1,3,  ,2,3.0,0,0,0,0,0,0,0,0,0,0,0,0,0,0,0,0,0
18444,2014086714,1812.0,1805.0,23,23111,39.9498,-75.2971,0,0,0,0,0,0,6,8,2014,4,18.0,1.0,0,1.0,3,1,3,  ,3,3.0,0,0,0,0,0,0,0,0,0,0,0,0,0,0,0,0,0
18445,2014086777,1111.0,1108.0,23,23108,39.916,-75.3495,0,0,0,0,0,0,4,9,2014,7,11.0,1.0,7,1.0,3,1,3,  ,3,3.0,0,0,1,0,0,0,0,0,0,0,0,0,0,0,0,1,0
18446,2014086944,927.0,926.0,9,9409,40.2183,-74.7799,0,0,0,0,0,0,8,9,2014,1,9.0,1.0,0,1.0,3,1,3,  ,2,3.0,0,0,0,0,0,0,0,0,0,0,0,0,0,0,0,0,0
18447,2014086976,1734.0,1733.0,40,40414,41.271,-75.8787,0,0,0,0,0,1,8,9,2014,2,17.0,1.0,0,1.0,3,1,3,  ,2,3.0,0,0,0,0,0,0,0,0,0,0,0,0,0,0,0,0,0
18448,2014087073,1840.0,1839.0,46,46413,40.1137,-75.3423,0,0,0,0,0,0,8,9,2014,1,18.0,1.0,0,1.0,3,1,3,  ,2,3.0,0,0,0,0,0,0,0,0,0,0,0,0,0,0,0,0,0
18449,2014087076,1946.0,1946.0,14,14410,40.7908,-77.8638,0,0,0,0,0,0,4,9,2014,1,19.0,4.0,0,1.0,3,0,3,  ,0,0.0,0,0,1,0,0,0,0,0,0,0,0,0,0,0,0,0,1