,CRN,ARRIVAL_TM,DISPATCH_TM,COUNTY,MUNICIPALITY,DEC_LAT,DEC_LONG,BICYCLE_DEATH_COUNT,BICYCLE_SUSP_SERIOUS_INJ_COUNT,BUS_COUNT,HEAVY_TRUCK_COUNT,SMALL_TRUCK_COUNT,SUV_COUNT,COLLISION_TYPE,CRASH_MONTH,CRASH_YEAR,DAY_OF_WEEK,HOUR_OF_DAY,ILLUMINATION,LOCATION_TYPE,ROAD_CONDITION,URBAN_RURAL,INTERSECT_TYPE,WEATHER1,WEATHER2,TCD_TYPE,TCD_FUNC_CD,AGGRESSIVE_DRIVING,ALCOHOL_RELATED,ANGLE_CRASH,CELL_PHONE,COMM_VEHICLE,DISTRACTED,DRINKING_DRIVER,DRUGGED_DRIVER,FATIGUE_ASLEEP,IMPAIRED_DRIVER,NHTSA_AGG_DRIVING,RUNNING_RED_LT,RUNNING_STOP_SIGN,SPEEDING_RELATED,TAILGATING,MATURE_DRIVER,YOUNG_DRIVER
18450,2014087175,1259.0,1251.0,2,2301,40.4544,-79.9477,0,0,0,0,0,0,8,8,2014,2,12.0,1.0,0,1.0,3,0,3,  ,0,0.0,1,0,0,0,0,0,0,0,0,0,0,0,0,0,0,0,0
18451,2014087298,1500.0,1500.0,67,67301,39.9935,-75.1262,0,0,0,0,0,0,5,7,2014,5,21.0,3.0,0,1.0,3,0,3,  ,0,0.0,0,0,0,0,0,0,0,0,0,0,0,0,0,0,0,0,0
18452,2014087336,1527.0,1527.0,23,23103,39.9798,-75.3184,0,0,0,0,0,0,4,9,2014,4,15.0,1.0,0,1.0,3,1,3,  ,3,3.0,0,0,1,0,0,0,0,0,0,0,0,0,0,0,0,1,0
18453,2014087473,1657.0,1653.0,11,11217,40.3457,-78.9564,0,0,0,0,0,0,3,9,2014,2,16.0,1.0,0,1.0,1,1,3,  ,0,0.0,0,0,0,0,0,0,0,0,0,0,0,0,0,0,0,0,1
18454,2014087596,1726.0,1723.0,14,14410,40.7843,-77.8484,0,0,0,0,0,1,4,9,2014,2,17.0,1.0,0,1.0,3,3,3,  ,0,0.0,1,0,1,0,0,0,0,0,0,0,0,0,0,0,0,0,0
18455,2014087665,2014.0,2012.0,22,22301,40.255,-76.8574,0,0,0,0,0,0,5,8,2014,2,20.0,4.0,0,1.0,3,1,3,  ,0,0.0,0,0,0,0,0,0,0,0,0,0,0,0,0,0,0,0,0
18456,2014087718,9999.0,9999.0,67,67301,40.0343,-75.14,0,0,0,0,1,0,4,7,2014,3,15.0,1.0,0,1.0,3,1,3,  ,2,3.0,0,0,1,0,0,0,0,0,0,0,0,0,0,0,0,0,0
18457,2014087740,1830.0,1830.0,67,67301,39.9492,-75.1694,0,0,0,0,0,0,5,8,2014,1,18.0,4.0,0,9.0,3,0,3,  ,0,0.0,0,0,0,0,0,0,0,0,0,0,0,0,0,0,0,0,0
18458,2014087754,943.0,941.0,67,67301,39.9719,-75.1593,0,0,0,0,0,0,4,7,2014,5,9.0,1.0,7,1.0,3,0,3,  ,0,0.0,1,0,1,0,0,0,0,0,0,0,0,0,0,0,0,0,0
18459,2014087756,1833.0,1830.0,67,67301,39.9513,-75.1997,0,0,0,0,0,1,5,8,2014,4,18.0,1.0,0,1.0,3,0,3,  ,0,0.0,0,0,0,0,0,0,0,0,0,0,0,0,0,0,0,0,0
18460,2014087758,1630.0,1630.0,67,67301,39.99,-75.1036,0,0,0,0,0,0,4,8,2014,6,14.0,1.0,0,1.0,3,0,3,  ,0,0.0,0,0,1,0,0,0,0,0,0,0,0,0,0,0,0,0,0
18461,2014087763,1915.0,1915.0,67,67301,39.9406,-75.1494,0,0,0,0,1,0,5,7,2014,3,19.0,1.0,0,1.0,3,0,3,  ,0,0.0,0,0,0,0,0,0,0,0,0,0,0,0,0,0,0,0,0
18462,2014087788,1650.0,1645.0,67,67301,39.9433,-75.1472,0,0,0,0,0,0,4,7,2014,3,7.0,1.0,0,1.0,3,1,3,  ,2,3.0,0,0,1,0,0,0,0,0,0,0,0,0,0,0,0,0,0
18463,2014087836,1050.0,1045.0,67,67301,39.959,-75.1739,0,1,0,0,1,0,5,8,2014,4,10.0,1.0,0,1.0,3,1,3,  ,2,3.0,0,0,0,0,0,0,0,0,0,0,0,0,0,0,0,0,0
18464,2014087837,730.0,730.0,67,67301,39.9733,-75.1837,0,0,0,0,0,1,5,8,2014,5,99.0,1.0,0,98.0,3,0,99,  ,0,0.0,0,0,0,0,0,0,0,0,0,0,0,0,0,0,0,0,0
18465,2014087860,837.0,806.0,67,67301,39.9678,-75.1802,0,0,0,0,0,1,4,7,2014,5,8.0,1.0,0,9.0,3,3,3,  ,0,0.0,0,0,1,0,0,0,0,0,0,0,0,0,0,0,0,0,0
18466,2014087862,1550.0,1546.0,67,67301,40.0515,-75.0011,0,0,0,0,1,0,4,7,2014,3,15.0,1.0,0,1.0,3,2,3,  ,0,0.0,0,0,1,0,0,0,0,0,0,0,0,0,0,0,0,0,0
18467,2014087871,1855.0,1850.0,67,67301,39.9737,-75.2463,0,0,0,0,0,0,4,7,2014,4,18.0,1.0,0,1.0,3,1,3,  ,3,3.0,0,0,1,0,0,0,0,0,0,0,0,0,0,0,0,0,0
18468,2014087882,937.0,933.0,67,67301,39.9392,-75.1775,0,0,0,0,0,0,4,7,2014,1,9.0,1.0,7,1.0,3,0,3,  ,2,3.0,0,0,1,0,0,0,0,0,0,0,0,0,0,0,0,0,0
18469,2014087895,1555.0,1650.0,67,67301,39.904,-75.2401,0,0,0,0,0,0,4,7,2014,5,15.0,1.0,0,1.0,3,1,3,  ,2,3.0,0,0,1,0,0,0,0,0,0,0,0,0,0,0,0,0,0
18470,2014087915,216.0,208.0,67,67301,40.0351,-75.0709,0,0,0,0,0,0,5,8,2014,6,2.0,3.0,0,1.0,3,1,3,  ,2,3.0,1,0,0,0,0,0,0,0,0,0,0,0,0,1,0,0,0
18471,2014087929,1315.0,1313.0,67,67301,40.0523,-75.1877,0,0,0,0,0,0,4,7,2014,6,13.0,1.0,0,1.0,3,1,3,  ,3,3.0,0,0,1,0,0,0,0,0,0,0,0,0,0,0,0,0,0
18472,2014087940,1356.0,1353.0,67,67301,39.9871,-75.1744,0,0,0,0,0,0,4,8,2014,6,13.0,1.0,0,1.0,3,0,3,  ,0,0.0,0,0,1,0,0,0,0,0,0,0,0,0,0,0,0,0,0
18473,2014087945,1947.0,1942.0,67,67301,39.9699,-75.1314,0,0,0,0,0,0,1,8,2014,3,19.0,4.0,0,1.0,3,0,3,  ,0,0.0,0,0,0,0,0,0,0,0,0,0,0,0,0,0,0,1,0
18474,2014087949,447.0,437.0,67,67301,39.9884,-75.1599,0,0,0,0,0,1,4,7,2014,7,16.0,1.0,0,1.0,3,2,3,  ,3,3.0,0,0,1,0,0,0,0,0,0,0,0,0,0,0,0,0,0
18475,2014087955,1905.0,1852.0,67,67301,39.9104,-75.1643,0,0,0,0,0,1,4,8,2014,4,18.0,1.0,0,1.0,3,0,3,  ,2,3.0,0,0,1,0,0,0,0,0,0,0,0,0,0,0,0,1,0
18476,2014087970,2245.0,2245.0,67,67301,40.0031,-75.1283,0,0,0,0,0,0,4,6,2014,2,22.0,6.0,0,1.0,3,1,3,  ,2,3.0,0,0,1,0,0,0,0,0,0,0,0,0,0,0,0,0,0
18477,2014088023,702.0,701.0,67,67301,40.0156,-75.19,0,0,0,0,0,0,4,7,2014,2,7.0,1.0,0,1.0,3,2,3,  ,3,3.0,0,0,1,0,0,0,0,0,0,0,0,0,0,0,0,0,0
18478,2014088025,1810.0,1803.0,67,67301,40.0315,-75.0385,0,0,0,0,0,1,4,7,2014,7,18.0,1.0,0,1.0,3,1,3,  ,3,3.0,0,0,1,0,0,0,0,0,0,0,0,0,0,0,0,0,0
18479,2014088041,146.0,146.0,67,67301,39.9978,-75.111,0,0,0,0,0,0,4,7,2014,4,1.0,3.0,1,1.0,3,5,99,  ,2,3.0,0,0,1,0,0,0,0,0,0,0,0,0,0,0,0,0,0
18480,2014088062,1731.0,1729.0,67,67301,39.9404,-75.1495,0,0,0,0,0,0,5,7,2014,4,17.0,1.0,0,1.0,3,0,3,  ,0,0.0,0,0,0,0,0,0,0,0,0,0,0,0,0,0,0,0,1
18481,2014088075,2117.0,2115.0,67,67301,39.9367,-75.1906,0,0,0,0,0,0,4,7,2014,6,21.0,4.0,0,1.0,3,2,3,  ,3,3.0,0,0,1,0,0,0,0,0,0,0,0,0,0,0,0,0,0
18482,2014088076,1637.0,1615.0,67,67301,39.9343,-75.1884,0,0,0,0,0,0,6,7,2014,5,16.0,1.0,0,1.0,3,0,3,  ,0,0.0,0,0,0,0,0,0,0,0,0,0,0,0,0,0,0,0,0
18483,2014088078,2125.0,2120.0,67,67301,39.964,-75.1845,0,0,0,0,0,0,4,6,2014,6,21.0,1.0,8,1.0,3,2,3,  ,2,3.0,0,0,1,0,0,0,0,0,0,0,0,0,0,0,0,0,0
18484,2014088090,9999.0,2337.0,67,67301,,,0,0,0,0,0,0,2,8,2014,5,22.0,3.0,0,1.0,3,0,3,  ,0,0.0,0,0,0,0,0,0,0,0,0,0,0,0,0,0,0,0,0
18485,2014088093,908.0,908.0,67,67301,39.9497,-75.2331,0,0,0,0,0,0,4,8,2014,7,9.0,1.0,0,1.0,3,1,3,  ,3,3.0,0,0,1,0,0,0,0,0,0,0,0,0,0,0,0,0,0
18486,2014088099,1300.0,1240.0,67,67301,40.0271,-75.0754,0,0,0,0,0,1,5,7,2014,7,99.0,1.0,0,1.0,3,1,3,  ,2,3.0,0,0,0,0,0,0,0,0,0,0,0,0,0,0,0,0,0
18487,2014088113,1158.0,1148.0,67,67301,40.0183,-75.0836,0,0,0,0,0,0,5,7,2014,4,11.0,1.0,0,1.0,3,0,3,  ,0,0.0,0,0,0,0,0,0,0,0,0,0,0,0,0,0,0,0,0
18488,2014088126,850.0,850.0,67,67301,39.9552,-75.1983,0,0,0,0,0,0,4,8,2014,4,8.0,1.0,0,1.0,3,1,3,  ,2,3.0,0,0,1,0,0,0,0,0,0,0,0,0,0,0,0,0,0
18489,2014088127,1355.0,1349.0,67,67301,39.9227,-75.1565,0,0,0,0,0,1,4,8,2014,1,13.0,1.0,0,1.0,3,1,3,  ,2,3.0,0,0,1,0,0,0,0,0,0,0,0,0,0,0,0,0,0
18490,2014088142,1745.0,9999.0,67,67301,39.9489,-75.2143,0,0,0,0,0,0,5,6,2014,2,15.0,1.0,0,1.0,3,0,3,  ,0,0.0,0,0,0,0,0,0,0,0,0,0,0,0,0,0,0,0,0
18491,2014088163,1419.0,1418.0,67,67301,39.9505,-75.2391,0,0,0,0,0,0,4,7,2014,4,14.0,1.0,0,1.0,3,1,3,  ,3,3.0,0,0,1,0,0,0,0,0,0,0,0,0,0,0,0,0,0
18492,2014088175,1907.0,1906.0,67,67301,39.9435,-75.2468,0,0,0,0,0,0,4,7,2014,4,18.0,1.0,0,1.0,3,3,3,  ,2,3.0,0,0,1,0,0,0,0,0,0,0,0,0,0,0,0,0,0
18493,2014088181,1655.0,1645.0,67,67301,39.9432,-75.2371,0,0,0,0,0,0,4,7,2014,3,16.0,1.0,0,1.0,3,1,7,  ,3,3.0,0,0,1,0,0,0,0,0,0,0,0,0,0,0,0,0,0
18494,2014088189,1232.0,1229.0,67,67301,40.0481,-75.1509,0,0,0,0,0,0,4,8,2014,4,12.0,1.0,0,1.0,3,1,3,  ,2,3.0,0,0,1,0,0,0,0,0,0,0,0,0,0,0,0,1,0
18495,2014088280,1201.0,1156.0,67,67301,39.9231,-75.1699,0,0,0,0,0,0,4,7,2014,5,11.0,1.0,0,1.0,3,1,3,  ,2,3.0,0,0,1,0,0,0,0,0,0,0,0,0,0,0,0,0,0
18496,2014088283,1657.0,1644.0,67,67301,39.9752,-75.1882,0,0,0,0,0,1,4,8,2014,2,16.0,1.0,0,1.0,3,3,3,  ,2,3.0,0,0,1,0,0,0,0,0,0,0,0,0,0,0,0,0,0
18497,2014088298,900.0,855.0,67,67301,39.9317,-75.168,0,0,0,0,0,1,4,6,2014,3,8.0,1.0,0,1.0,3,1,3,  ,2,3.0,1,0,1,0,0,0,0,0,0,0,0,1,0,0,0,1,0
18498,2014088300,1730.0,1726.0,67,67301,40.0049,-75.1375,0,0,0,0,0,1,5,8,2014,5,17.0,1.0,0,1.0,3,0,3,  ,0,0.0,0,0,0,0,0,0,0,0,0,0,0,0,0,0,0,0,0
18499,2014088304,1450.0,1450.0,67,67301,40.0031,-75.1378,0,0,0,0,1,0,4,7,2014,5,14.0,1.0,0,1.0,3,0,3,  ,0,0.0,0,0,1,0,0,0,0,0,0,0,0,0,0,0,0,0,0
18500,2014088307,2100.0,2050.0,67,67301,39.9955,-75.1301,0,0,0,0,0,0,5,7,2014,3,20.0,3.0,0,1.0,3,0,3,  ,0,0.0,0,0,0,0,0,0,0,0,0,0,0,0,0,0,0,0,0
18501,2014088348,1035.0,1030.0,67,67301,39.9955,-75.1299,0,0,0,0,0,0,9,7,2014,3,99.0,1.0,0,1.0,3,1,99,  ,2,3.0,0,0,0,0,0,0,0,0,0,0,0,0,0,0,0,0,0
18502,2014088372,910.0,908.0,67,67301,39.9325,-75.1616,0,0,0,0,0,0,4,7,2014,5,9.0,1.0,7,1.0,3,0,3,  ,0,0.0,0,0,1,0,0,0,0,0,0,0,0,0,0,0,0,0,0
18503,2014088394,2008.0,2006.0,67,67301,39.9244,-75.1533,0,0,0,0,0,0,4,8,2014,7,20.0,3.0,0,1.0,3,0,3,  ,0,0.0,0,0,1,0,0,0,0,0,0,0,0,0,0,0,0,0,0
18504,2014088399,1825.0,1820.0,67,67301,40.0481,-75.1464,0,0,0,0,0,1,4,7,2014,5,18.0,1.0,0,1.0,3,0,3,  ,0,0.0,0,0,1,0,0,0,0,0,0,0,0,0,0,0,0,0,0
18505,2014088400,1211.0,1211.0,67,67301,39.9403,-75.1876,0,0,0,0,0,0,1,6,2014,5,12.0,1.0,0,1.0,3,0,3,  ,0,0.0,0,0,0,0,0,1,0,0,0,0,0,0,0,0,0,0,0
18506,2014088575,1158.0,1157.0,9,9403,40.3179,-75.1295,0,0,0,0,0,0,5,9,2014,1,11.0,1.0,0,1.0,3,2,3,  ,0,0.0,1,0,0,0,0,0,0,0,0,0,0,0,0,0,0,0,0
18507,2014088615,758.0,756.0,67,67301,39.9606,-75.1566,0,0,0,0,0,0,5,7,2014,2,7.0,1.0,0,1.0,3,0,3,  ,0,0.0,0,0,0,0,0,0,0,0,0,0,0,0,0,0,0,0,0
18508,2014088621,1350.0,1350.0,67,67301,39.9925,-75.1796,0,0,0,0,0,0,5,7,2014,1,13.0,1.0,0,1.0,3,1,3,  ,2,3.0,0,0,0,0,0,0,0,0,0,0,0,0,0,0,0,0,0
18509,2014088629,2024.0,2024.0,67,67301,39.8963,-75.2496,0,0,0,0,0,0,4,7,2014,5,19.0,1.0,0,1.0,3,0,3,  ,0,0.0,0,0,1,0,0,0,0,0,0,0,0,0,0,0,0,0,0
18510,2014088676,2236.0,2236.0,67,67301,39.9501,-75.1457,0,0,0,0,0,0,4,8,2014,6,22.0,3.0,0,1.0,3,1,3,  ,2,3.0,0,0,1,0,0,0,0,0,0,0,0,0,0,0,0,0,0
18511,2014088683,946.0,945.0,67,67301,39.9867,-75.1595,0,0,0,0,0,0,4,7,2014,4,9.0,1.0,0,1.0,3,1,3,  ,2,3.0,1,0,1,0,0,1,0,0,0,0,0,0,0,0,0,0,0
18512,2014088691,1440.0,1435.0,67,67301,39.9458,-75.1748,0,0,0,0,0,0,4,8,2014,6,14.0,1.0,0,1.0,3,1,3,  ,2,3.0,0,0,1,0,0,0,0,0,0,0,0,0,0,0,0,0,0
18513,2014088692,16.0,3.0,67,67301,39.9298,-75.1534,0,0,0,0,0,1,4,8,2014,5,20.0,3.0,0,1.0,3,1,3,  ,3,3.0,0,0,1,0,0,1,0,0,0,0,0,0,0,0,0,0,1
18514,2014088707,721.0,716.0,67,67301,40.0051,-75.1557,0,0,0,0,0,1,4,8,2014,2,7.0,1.0,0,1.0,3,0,3,  ,0,0.0,0,0,1,0,0,0,0,0,0,0,0,0,0,0,0,0,0
18515,2014088708,1730.0,1715.0,67,67301,39.9597,-75.2229,0,0,0,0,0,0,4,8,2014,6,17.0,1.0,0,1.0,3,1,3,  ,2,3.0,1,0,1,0,0,0,0,0,0,0,0,0,0,0,0,0,0
18516,2014088710,1725.0,1720.0,67,67301,40.0053,-75.145,0,0,0,0,0,0,4,8,2014,1,21.0,6.0,0,98.0,3,1,99,  ,0,0.0,0,0,1,0,0,0,0,0,0,0,0,0,0,0,0,0,0
18517,2014088714,1252.0,1250.0,67,67301,40.0073,-75.0968,0,0,0,0,0,0,4,7,2014,6,12.0,1.0,7,1.0,3,0,3,  ,0,0.0,0,0,1,0,0,0,0,0,0,0,0,0,0,0,0,0,0
18518,2014088726,1210.0,1205.0,67,67301,39.9506,-75.1617,0,0,0,0,0,0,4,8,2014,2,12.0,1.0,0,1.0,3,1,3,  ,2,3.0,0,0,1,0,0,0,0,0,0,0,0,0,0,0,0,0,0
18519,2014088737,2015.0,2015.0,67,67301,40.0607,-75.028,0,0,0,0,0,1,1,8,2014,6,20.0,3.0,0,1.0,3,2,3,  ,0,0.0,0,0,0,0,0,0,0,0,0,0,0,0,0,0,0,0,0
18520,2014088743,2300.0,2259.0,67,67301,39.9274,-75.174,0,0,0,0,0,0,4,8,2014,4,22.0,3.0,0,1.0,3,1,3,  ,3,3.0,0,0,1,0,0,1,0,0,0,0,0,0,0,0,0,0,0
18521,2014088747,1718.0,1717.0,67,67301,40.035,-75.1791,0,0,0,0,0,1,5,8,2014,3,17.0,1.0,0,1.0,3,0,3,  ,0,0.0,1,0,0,0,0,0,0,0,0,0,0,0,0,0,0,0,0
18522,2014088760,2012.0,2005.0,67,67301,39.9769,-75.1658,0,0,0,0,0,1,4,8,2014,7,20.0,3.0,0,1.0,3,0,3,  ,0,0.0,0,0,1,0,0,0,0,0,0,0,0,0,0,0,0,0,0
18523,2014088781,1312.0,1312.0,67,67301,39.992,-75.1402,0,0,0,0,0,0,4,8,2014,3,13.0,1.0,0,1.0,3,1,3,  ,2,3.0,0,0,1,0,0,0,0,0,0,0,0,0,0,0,0,0,0
18524,2014088794,1228.0,1223.0,67,67301,39.9132,-75.1651,0,0,0,0,0,0,1,8,2014,4,23.0,3.0,0,1.0,3,0,3,  ,0,0.0,0,0,0,0,0,0,0,0,0,0,0,0,0,0,0,0,0
18525,2014088811,1600.0,1546.0,67,67301,39.9406,-75.1711,0,0,0,0,0,0,4,8,2014,1,14.0,1.0,0,1.0,3,1,3,  ,2,3.0,0,0,1,0,0,0,0,0,0,0,0,0,0,0,0,0,0
18526,2014088816,1321.0,1312.0,67,67301,39.9309,-75.1815,0,0,0,0,0,0,4,8,2014,4,13.0,1.0,0,1.0,3,0,3,  ,0,0.0,0,0,1,0,0,0,0,0,0,0,0,0,0,0,0,0,0
18527,2014088825,600.0,550.0,67,67301,39.9594,-75.2209,0,0,0,0,0,0,4,8,2014,6,5.0,1.0,0,1.0,3,1,3,  ,2,3.0,0,0,1,0,0,0,0,0,0,0,0,0,0,0,0,0,0
18528,2014088851,1735.0,1730.0,67,67301,39.9938,-75.1232,0,0,0,0,0,1,4,8,2014,6,99.0,1.0,0,1.0,3,0,3,  ,0,0.0,0,0,1,0,0,0,0,0,0,0,0,0,0,0,0,0,0
18529,2014088874,1127.0,1124.0,67,67301,39.9482,-75.2166,0,0,0,0,0,0,4,7,2014,3,11.0,1.0,0,1.0,3,2,3,  ,3,3.0,0,0,1,0,0,0,0,0,0,0,0,0,0,0,0,0,0
18530,2014088876,1242.0,1236.0,67,67301,39.9697,-75.2115,0,0,0,0,0,0,4,8,2014,6,11.0,1.0,0,1.0,3,1,3,  ,3,3.0,0,0,1,0,0,0,0,0,0,0,0,0,0,0,0,0,0
18531,2014088882,2140.0,2138.0,67,67301,39.9142,-75.1515,0,0,0,0,0,0,2,8,2014,6,21.0,4.0,0,1.0,3,2,3,  ,0,0.0,0,0,0,0,0,0,0,0,0,0,0,0,0,0,0,0,0
18532,2014088887,1005.0,1000.0,67,67301,39.9477,-75.1608,0,0,0,0,0,0,1,8,2014,6,9.0,1.0,0,1.0,3,1,3,  ,2,3.0,0,0,0,0,0,0,0,0,0,0,0,0,0,0,0,0,0
18533,2014088891,1633.0,1630.0,67,67301,39.973,-75.159,0,0,0,0,0,1,5,8,2014,5,15.0,1.0,0,1.0,3,0,3,  ,0,0.0,0,0,0,0,0,1,0,0,0,0,0,0,0,0,0,0,0
18534,2014088896,1028.0,1023.0,67,67301,39.9902,-75.1801,0,0,1,0,0,0,4,8,2014,4,10.0,1.0,0,1.0,3,1,3,  ,0,0.0,0,0,1,0,1,0,0,0,0,0,0,0,0,0,0,0,0
18535,2014088900,9999.0,1039.0,67,67301,40.0039,-75.1495,0,0,0,0,0,0,6,8,2014,5,20.0,1.0,0,1.0,3,0,3,  ,0,0.0,0,0,0,0,0,0,0,0,0,0,0,0,0,0,0,0,0
18536,2014088912,1625.0,1621.0,67,67301,39.9268,-75.1825,0,0,0,0,0,0,4,8,2014,6,16.0,1.0,0,1.0,3,0,3,  ,0,0.0,0,0,1,0,0,0,0,0,0,0,0,0,0,0,0,0,0
18537,2014088932,1658.0,1655.0,67,67301,39.9158,-75.1631,0,0,0,0,0,0,4,8,2014,1,16.0,1.0,0,1.0,3,0,3,  ,0,0.0,0,0,1,0,0,0,0,0,0,0,0,0,0,0,0,0,0
18538,2014088944,1905.0,1849.0,67,67301,40.0195,-75.154,0,0,0,0,0,0,4,8,2014,3,18.0,1.0,0,1.0,3,0,3,  ,0,0.0,0,0,1,1,0,1,0,0,0,0,0,0,0,0,0,0,0
18539,2014088957,1635.0,1505.0,67,67301,39.934,-75.1862,0,0,0,0,0,0,4,8,2014,6,14.0,1.0,1,1.0,3,1,3,  ,2,3.0,0,0,1,0,0,0,0,0,0,0,0,0,0,0,0,0,0
18540,2014088969,1252.0,1249.0,67,67301,39.9253,-75.1673,0,0,0,0,0,0,4,8,2014,1,12.0,1.0,0,1.0,3,1,3,  ,3,3.0,1,0,1,0,0,0,0,0,0,0,0,0,1,0,0,0,0
18541,2014088972,1747.0,1742.0,67,67301,39.9368,-75.1599,0,0,0,0,0,0,5,8,2014,6,17.0,1.0,0,1.0,3,1,3,  ,2,3.0,0,0,0,0,0,0,0,0,0,0,0,0,0,0,0,0,0
18542,2014088974,1253.0,1249.0,67,67301,39.9968,-75.1034,0,0,0,0,0,1,2,8,2014,7,12.0,1.0,0,1.0,3,1,3,  ,2,3.0,0,0,0,0,0,0,0,0,0,0,0,0,0,0,0,0,0
18543,2014088975,1350.0,1350.0,67,67301,40.0192,-75.1084,0,0,0,0,0,0,4,7,2014,3,18.0,1.0,0,1.0,3,0,3,  ,0,0.0,0,0,1,0,0,0,0,0,0,0,0,0,0,0,0,0,0
18544,2014089001,1912.0,1909.0,67,67301,40.0506,-75.1571,0,0,0,0,0,0,4,7,2014,4,19.0,1.0,0,1.0,3,1,3,  ,0,0.0,0,0,1,0,0,0,0,0,0,0,0,0,0,0,0,0,0
18545,2014089005,2008.0,2005.0,67,67301,39.9863,-75.1809,0,0,0,0,0,0,4,8,2014,1,19.0,3.0,0,1.0,3,2,3,  ,0,0.0,1,0,1,0,0,0,0,0,0,0,0,0,0,0,0,0,0
18546,2014089011,1700.0,1655.0,67,67301,39.9273,-75.154,0,0,0,0,0,0,4,8,2014,6,16.0,1.0,0,1.0,3,1,3,  ,3,3.0,0,0,1,0,0,0,0,0,0,0,0,0,0,0,0,0,0
18547,2014089028,1805.0,1757.0,67,67301,39.9474,-75.1511,0,0,0,0,0,1,5,8,2014,1,16.0,1.0,0,1.0,3,0,3,  ,0,0.0,0,0,0,0,0,1,0,0,0,0,0,0,0,0,0,0,0
18548,2014089031,1815.0,815.0,67,67301,39.9428,-75.1505,0,0,0,0,0,1,4,8,2014,2,18.0,1.0,0,1.0,3,1,3,  ,2,3.0,0,0,1,0,0,0,0,0,0,0,0,0,0,0,0,0,0
18549,2014089043,1144.0,1144.0,67,67301,40.0003,-75.1064,0,0,0,0,0,1,4,7,2014,7,11.0,1.0,1,1.0,3,5,3,  ,2,3.0,1,0,1,0,0,0,0,0,0,0,0,0,0,0,0,0,0
18550,2014089049,1435.0,1430.0,67,67301,40.0036,-75.2206,0,0,0,0,0,0,4,8,2014,4,14.0,1.0,7,9.0,3,0,7,  ,0,0.0,0,0,1,0,0,0,0,0,0,0,0,0,0,0,0,1,0
18551,2014089054,1855.0,1846.0,67,67301,40.0406,-75.1698,0,0,0,0,0,0,4,8,2014,7,18.0,1.0,0,1.0,3,5,3,  ,2,3.0,0,0,1,0,0,0,0,0,0,0,0,0,0,0,0,0,0
18552,2014089062,1955.0,1946.0,67,67301,40.0706,-75.1943,0,0,0,0,0,0,4,8,2014,3,19.0,3.0,7,1.0,3,0,3,  ,0,0.0,0,0,1,0,0,0,0,0,0,0,0,0,0,0,0,0,0
18553,2014089119,1518.0,1455.0,14,14215,40.918,-77.5304,0,0,0,0,0,0,4,9,2014,4,14.0,1.0,0,1.0,1,0,3,  ,0,0.0,0,0,1,0,0,0,0,0,0,0,0,0,0,0,0,1,0
18554,2014089188,1823.0,1816.0,6,6237,40.2947,-76.0121,0,0,0,0,1,0,8,9,2014,4,18.0,1.0,0,1.0,3,2,3,  ,3,3.0,1,0,0,0,0,0,0,0,0,0,0,0,0,0,0,0,0
18555,2014089196,2310.0,2253.0,35,35302,41.387,-75.6756,0,1,0,0,0,0,5,9,2014,4,22.0,3.0,0,1.0,3,0,3,  ,0,0.0,0,0,0,0,0,0,0,0,0,0,0,0,0,0,0,0,0
18556,2014089211,1929.0,1926.0,28,28406,39.7562,-77.5787,0,0,0,0,0,0,4,9,2014,4,19.0,1.0,0,1.0,2,0,3,  ,0,0.0,0,0,1,0,0,0,0,0,0,0,0,0,0,0,0,0,0
18557,2014089261,802.0,759.0,2,2301,40.4639,-79.9401,0,0,0,0,0,0,4,9,2014,5,7.0,1.0,0,9.0,3,1,7,  ,3,3.0,1,0,1,0,0,0,0,0,0,0,0,0,0,0,0,0,0
18558,2014089387,948.0,933.0,2,2213,40.5231,-80.1775,0,1,0,0,0,1,4,9,2014,3,9.0,1.0,0,1.0,3,5,3,  ,0,0.0,1,0,1,0,0,0,0,0,0,0,0,0,0,0,0,1,0
18559,2014089487,1557.0,1554.0,6,6301,40.3606,-75.9135,0,0,0,0,0,1,4,9,2014,5,15.0,1.0,0,1.0,3,1,3,  ,0,0.0,0,0,1,0,0,0,0,0,0,0,0,0,0,0,0,0,0
18560,2014089526,550.0,544.0,2,2301,40.4597,-79.9294,0,0,0,0,0,0,4,9,2014,5,5.0,3.0,0,1.0,3,1,3,  ,2,3.0,0,0,1,0,0,0,0,0,0,0,0,0,0,0,0,0,0
18561,2014089566,1421.0,1417.0,25,25207,42.0082,-80.3003,0,0,0,0,0,0,4,9,2014,1,14.0,1.0,7,1.0,1,0,3,  ,3,3.0,0,0,1,0,0,0,0,0,0,0,0,0,0,0,0,1,0
18562,2014089568,1849.0,1842.0,41,41219,41.2502,-76.9711,0,0,0,0,0,0,4,9,2014,4,18.0,1.0,0,1.0,1,2,3,  ,3,3.0,1,1,1,0,0,0,1,0,0,1,1,0,0,0,0,0,0
18563,2014089613,729.0,726.0,9,9101,40.107,-74.8769,0,0,0,0,0,0,8,8,2014,5,7.0,1.0,0,1.0,3,2,3,  ,2,3.0,0,0,0,0,0,0,0,0,0,0,0,0,0,0,0,0,0