,CRN,ARRIVAL_TM,DISPATCH_TM,COUNTY,MUNICIPALITY,DEC_LAT,DEC_LONG,BICYCLE_DEATH_COUNT,BICYCLE_SUSP_SERIOUS_INJ_COUNT,BUS_COUNT,HEAVY_TRUCK_COUNT,SMALL_TRUCK_COUNT,SUV_COUNT,COLLISION_TYPE,CRASH_MONTH,CRASH_YEAR,DAY_OF_WEEK,HOUR_OF_DAY,ILLUMINATION,LOCATION_TYPE,ROAD_CONDITION,URBAN_RURAL,INTERSECT_TYPE,WEATHER1,WEATHER2,TCD_TYPE,TCD_FUNC_CD,AGGRESSIVE_DRIVING,ALCOHOL_RELATED,ANGLE_CRASH,CELL_PHONE,COMM_VEHICLE,DISTRACTED,DRINKING_DRIVER,DRUGGED_DRIVER,FATIGUE_ASLEEP,IMPAIRED_DRIVER,NHTSA_AGG_DRIVING,RUNNING_RED_LT,RUNNING_STOP_SIGN,SPEEDING_RELATED,TAILGATING,MATURE_DRIVER,YOUNG_DRIVER
18564,2014089637,1659.0,1659.0,22,22101,40.2847,-76.8417,0,0,0,0,0,0,4,9,2014,3,16.0,1.0,0,1.0,3,1,3,  ,2,3.0,1,0,1,0,0,0,0,0,0,0,1,0,0,0,0,1,0
18565,2014089699,824.0,820.0,67,67301,39.9478,-75.2114,0,0,0,0,0,0,5,8,2014,4,7.0,1.0,0,1.0,3,1,3,  ,3,3.0,0,0,0,0,0,0,0,0,0,0,0,0,0,0,0,0,0
18566,2014089701,47.0,46.0,67,67301,40.0445,-75.078,0,0,0,0,0,0,4,7,2014,1,0.0,3.0,0,1.0,3,2,3,  ,0,0.0,0,1,1,0,0,0,0,0,0,0,0,0,0,0,0,0,0
18567,2014089710,1955.0,1947.0,67,67301,40.0315,-75.0412,0,0,0,0,0,1,3,8,2014,1,19.0,1.0,0,1.0,3,0,3,  ,0,0.0,0,0,0,0,0,0,0,0,0,0,0,0,0,0,0,0,0
18568,2014089712,736.0,731.0,67,67301,39.9325,-75.1745,0,0,0,0,0,0,4,7,2014,6,7.0,1.0,0,1.0,3,1,3,  ,3,3.0,0,1,1,0,0,0,0,0,0,0,0,0,0,0,0,0,0
18569,2014089714,2132.0,2128.0,67,67301,39.9245,-75.1697,0,0,0,0,0,0,8,7,2014,6,21.0,3.0,0,1.0,3,0,3,  ,0,0.0,0,0,0,0,0,0,0,0,0,0,0,0,0,0,0,0,0
18570,2014089723,1535.0,1530.0,67,67301,39.9271,-75.1809,0,0,0,0,0,0,4,7,2014,3,99.0,1.0,0,1.0,3,1,3,  ,3,3.0,0,0,1,0,0,0,0,0,0,0,0,0,0,0,0,1,0
18571,2014089733,2320.0,2316.0,67,67301,40.035,-75.0694,0,0,0,0,0,0,4,6,2014,7,23.0,3.0,0,1.0,3,1,3,  ,2,3.0,0,0,1,0,0,0,0,0,0,0,0,0,0,0,0,0,0
18572,2014090295,2005.0,2004.0,25,25302,42.1123,-80.0949,0,0,0,0,1,0,4,9,2014,1,20.0,3.0,0,1.0,3,1,3,  ,2,3.0,0,0,1,0,0,0,0,0,0,0,0,0,0,0,0,0,0
18573,2014090309,2140.0,2138.0,48,48212,40.6873,-75.2502,0,0,0,0,0,0,4,9,2014,1,21.0,3.0,0,1.0,3,1,3,  ,2,3.0,0,0,1,0,0,1,0,0,0,0,0,0,0,0,0,0,0
18574,2014090420,2024.0,2018.0,36,36218,40.2025,-76.1587,0,0,0,0,0,0,5,8,2014,5,20.0,2.0,3,1.0,1,0,3,  ,0,0.0,0,0,0,0,0,0,0,0,0,0,0,0,0,0,0,0,0
18575,2014090537,1537.0,1535.0,14,14410,40.7895,-77.8529,0,0,0,0,0,0,4,9,2014,2,15.0,1.0,0,1.0,3,5,3,  ,8,3.0,1,0,1,0,0,0,0,0,0,0,0,0,0,0,0,0,0
18576,2014090961,1618.0,1610.0,66,66205,39.9794,-76.8165,0,0,0,0,0,0,4,9,2014,6,16.0,1.0,0,1.0,1,1,3,  ,3,3.0,0,0,1,0,0,0,0,0,0,0,0,0,0,0,0,0,0
18577,2014090990,1127.0,1118.0,21,21213,40.1294,-77.1748,0,1,0,0,1,0,4,8,2014,6,11.0,1.0,0,1.0,1,0,3,  ,3,3.0,0,0,1,0,0,1,0,0,0,0,0,0,0,0,0,1,0
18578,2014090998,1845.0,1842.0,50,50409,40.4754,-77.1316,0,0,0,0,0,0,4,9,2014,4,18.0,1.0,0,1.0,1,1,3,  ,3,3.0,0,0,1,0,0,0,0,0,0,0,0,0,0,0,0,0,0
18579,2014091053,1816.0,1813.0,8,8413,41.79,-76.7804,1,0,0,0,1,0,4,9,2014,4,18.0,1.0,0,1.0,1,2,3,  ,0,0.0,1,0,1,0,0,0,0,0,0,0,1,0,0,1,0,0,0
18580,2014091237,1411.0,1411.0,32,32408,40.6231,-79.1607,0,0,0,0,0,0,4,9,2014,3,14.0,1.0,0,1.0,2,1,3,  ,2,3.0,0,0,1,0,0,0,0,0,0,0,0,0,0,0,0,0,0
18581,2014091296,2340.0,2331.0,67,67301,39.9818,-75.1819,0,0,0,0,0,0,1,9,2014,2,21.0,3.0,0,1.0,3,0,3,  ,0,0.0,0,0,0,0,0,0,0,0,0,0,0,0,0,0,0,0,0
18582,2014091292,1549.0,1545.0,67,67301,39.9877,-75.2161,0,0,0,0,0,0,4,8,2014,3,15.0,1.0,0,1.0,3,2,3,  ,2,3.0,0,0,1,0,0,0,0,0,0,0,0,0,0,0,0,0,1
18583,2014091293,1945.0,1945.0,67,67301,39.9952,-75.1158,0,0,0,0,0,1,1,8,2014,7,19.0,4.0,0,1.0,3,5,3,  ,2,3.0,0,1,0,0,0,1,0,0,0,0,0,0,0,0,0,0,0
18584,2014091299,1848.0,1843.0,67,67301,40.0209,-75.1191,0,0,0,0,0,0,4,8,2014,3,18.0,1.0,0,1.0,3,1,3,  ,0,0.0,0,0,1,0,0,0,0,0,0,0,0,0,0,0,0,0,0
18585,2014091312,1342.0,1334.0,67,67301,39.9111,-75.2306,0,0,0,0,0,1,4,8,2014,1,13.0,1.0,0,1.0,3,1,3,  ,2,3.0,0,0,1,0,0,0,0,0,0,0,0,0,0,0,0,0,0
18586,2014091340,1648.0,1640.0,67,67301,39.9865,-75.1334,0,0,0,0,1,0,8,9,2014,6,16.0,1.0,0,1.0,3,2,3,  ,3,3.0,1,0,0,0,0,0,0,0,0,0,0,0,0,0,0,0,0
18587,2014091346,1028.0,1021.0,67,67301,39.9837,-75.1254,0,0,0,0,0,0,4,9,2014,5,10.0,1.0,0,1.0,3,0,3,  ,0,0.0,0,0,1,0,0,0,0,0,0,0,0,0,0,0,0,0,1
18588,2014091351,2018.0,2011.0,67,67301,40.0327,-75.1744,0,0,0,0,1,0,4,9,2014,3,20.0,3.0,0,9.0,3,1,7,  ,2,3.0,0,0,1,0,0,0,0,0,0,0,0,0,0,0,0,1,0
18589,2014091378,1732.0,1727.0,67,67301,39.9337,-75.1828,0,0,0,0,0,0,5,8,2014,4,17.0,1.0,0,1.0,3,0,3,  ,0,0.0,0,0,0,0,0,0,0,0,0,0,0,0,0,0,0,0,0
18590,2014091383,1822.0,1814.0,67,67301,40.0254,-75.2235,0,0,0,0,0,0,8,8,2014,2,18.0,1.0,0,1.0,3,2,3,  ,0,0.0,1,0,0,0,0,0,0,0,0,0,1,0,0,0,0,0,0
18591,2014091438,1222.0,1216.0,67,67301,39.9952,-75.1123,0,0,0,0,0,0,4,8,2014,5,11.0,1.0,7,1.0,3,0,3,  ,0,0.0,0,0,1,0,0,0,0,0,0,0,0,0,0,0,0,1,0
18592,2014091443,831.0,831.0,67,67301,40.028,-75.1203,0,0,0,0,0,0,4,8,2014,7,8.0,1.0,7,1.0,3,0,3,  ,0,0.0,1,0,1,0,0,0,0,0,0,0,0,0,0,0,0,0,0
18593,2014091483,1714.0,1710.0,35,35302,41.4076,-75.6568,0,0,0,0,0,0,4,9,2014,4,17.0,1.0,0,1.0,3,0,3,  ,2,3.0,0,0,1,0,0,0,0,0,0,0,0,0,0,0,0,0,0
18594,2014091535,643.0,632.0,36,36229,39.9001,-76.1808,1,0,0,0,0,1,5,8,2014,2,6.0,1.0,0,1.0,1,0,5,  ,0,0.0,0,0,0,0,0,0,0,0,0,0,0,0,0,0,0,0,0
18595,2014091560,1738.0,1736.0,2,2476,,,0,0,0,0,0,0,4,9,2014,4,17.0,1.0,0,1.0,3,0,3,  ,0,0.0,0,0,1,0,0,1,0,0,0,0,0,0,0,0,0,1,0
18596,2014091723,536.0,535.0,23,23423,39.9121,-75.2681,0,0,0,0,0,0,4,9,2014,5,5.0,3.0,0,1.0,3,2,3,  ,2,3.0,0,0,1,0,0,0,0,0,0,0,0,0,0,0,0,0,0
18597,2014091907,2239.0,2237.0,39,39301,40.5963,-75.4593,0,0,0,0,0,0,4,9,2014,5,22.0,3.0,0,1.0,3,1,3,  ,2,3.0,0,0,1,0,0,0,0,0,0,0,0,0,0,0,0,1,0
18598,2014092015,1006.0,1002.0,15,15414,39.955,-75.6045,0,0,0,0,0,0,4,9,2014,5,9.0,1.0,0,1.0,3,1,3,  ,3,3.0,0,0,1,0,0,0,0,0,0,0,0,0,0,0,0,1,0
18599,2014092033,1424.0,1420.0,39,39301,40.5971,-75.4593,0,0,0,0,0,0,8,9,2014,6,14.0,1.0,0,1.0,3,0,3,  ,0,0.0,0,0,0,0,0,0,0,0,0,0,0,0,0,0,0,0,0
18600,2014092350,828.0,826.0,48,48101,40.6495,-75.2981,0,0,0,0,0,0,5,9,2014,1,8.0,1.0,0,1.0,3,0,3,  ,0,0.0,0,0,0,0,0,0,0,0,0,0,0,0,0,0,0,0,0
18601,2014092414,1837.0,1835.0,23,23402,39.8693,-75.3823,0,0,0,0,0,0,4,9,2014,4,18.0,1.0,0,1.0,3,2,3,  ,2,3.0,0,0,1,0,0,0,0,0,0,0,0,0,0,0,0,0,0
18602,2014092422,1537.0,1537.0,36,36408,40.1799,-76.1829,0,0,0,0,0,0,4,9,2014,4,15.0,1.0,0,1.0,2,1,3,  ,3,3.0,0,0,1,0,0,0,0,0,0,0,0,0,0,0,0,1,0
18603,2014092511,1330.0,1315.0,25,25302,42.1228,-80.102,0,0,0,0,1,0,4,9,2014,1,10.0,1.0,0,1.0,3,1,3,  ,3,3.0,1,0,1,0,0,0,0,0,0,0,0,0,0,0,0,1,0
18604,2014092605,1752.0,1749.0,22,22202,40.2682,-76.6741,0,0,0,0,0,0,4,9,2014,1,17.0,1.0,7,1.0,3,2,3,  ,2,3.0,1,0,1,0,0,0,0,0,0,0,0,0,0,0,0,0,0
18605,2014092845,1747.0,1745.0,48,48301,40.6231,-75.3604,0,0,0,0,0,0,4,9,2014,7,17.0,1.0,0,1.0,3,2,3,  ,3,3.0,1,0,1,0,0,0,0,0,0,0,0,0,1,0,0,0,1
18606,2014092858,1651.0,1648.0,39,39302,40.6291,-75.4169,0,0,0,0,0,0,4,9,2014,1,16.0,1.0,7,1.0,3,2,3,  ,3,3.0,0,0,1,0,0,0,0,0,0,0,0,0,0,0,0,0,0
18607,2014092933,1734.0,1728.0,22,22405,40.4662,-76.9268,0,0,0,0,0,0,4,9,2014,2,17.0,1.0,0,1.0,1,1,3,  ,3,3.0,0,0,1,0,0,0,0,0,0,0,0,0,0,0,0,0,0
18608,2014093073,1503.0,1420.0,50,50213,40.307,-77.1196,0,0,0,0,1,0,4,9,2014,4,14.0,1.0,7,1.0,1,0,3,  ,0,0.0,1,0,1,0,0,0,0,0,0,0,0,0,0,0,0,0,1
18609,2014093098,1730.0,1729.0,15,15406,39.8439,-75.7141,0,0,0,0,0,0,4,9,2014,2,17.0,1.0,0,1.0,1,1,3,  ,3,1.0,0,0,1,0,0,0,0,0,0,0,0,0,0,0,0,1,0
18610,2014093310,2103.0,2102.0,14,14410,40.7965,-77.8562,0,0,0,0,0,1,4,9,2014,3,21.0,3.0,0,1.0,3,0,3,  ,0,0.0,0,0,1,0,0,0,0,0,0,0,0,0,0,0,0,0,0
18611,2014093507,2235.0,2231.0,67,67301,39.9992,-75.0752,0,0,0,0,0,0,4,9,2014,4,22.0,3.0,0,1.0,3,1,3,  ,2,3.0,0,0,1,0,0,0,0,0,0,0,0,0,0,0,0,0,0
18612,2014093508,846.0,845.0,67,67301,39.917,-75.1734,0,0,0,0,1,0,2,9,2014,3,8.0,3.0,0,1.0,3,0,3,  ,0,0.0,0,0,0,0,0,1,0,0,0,0,0,0,0,0,0,0,0
18613,2014093522,1550.0,1548.0,67,67301,39.9546,-75.1577,0,0,0,0,0,0,5,9,2014,3,15.0,1.0,0,1.0,3,0,3,  ,0,0.0,0,0,0,0,0,0,0,0,0,0,0,0,0,0,0,0,0
18614,2014093530,1357.0,1355.0,67,67301,39.9367,-75.1804,0,0,0,0,0,0,5,9,2014,4,13.0,1.0,0,1.0,3,0,3,  ,0,0.0,0,0,0,0,0,0,0,0,0,0,0,0,0,0,0,0,0
18615,2014093537,1420.0,1420.0,67,67301,40.0013,-75.1402,0,0,0,0,0,0,4,9,2014,5,12.0,1.0,0,1.0,3,2,3,  ,0,0.0,0,0,1,0,0,0,0,0,0,0,0,0,0,0,0,0,0
18616,2014093845,1734.0,1732.0,39,39102,40.6226,-75.4813,0,0,0,0,0,0,4,9,2014,4,17.0,1.0,0,1.0,3,0,3,  ,3,3.0,1,0,1,0,0,1,0,0,0,0,0,0,0,0,0,0,0
18617,2014093927,1818.0,1815.0,40,40304,41.2566,-75.867,0,0,0,0,0,0,4,9,2014,5,18.0,1.0,0,1.0,3,1,3,  ,3,3.0,0,0,1,0,0,0,0,0,0,0,0,0,0,0,0,0,0
18618,2014093938,1534.0,1524.0,2,2301,40.4325,-79.9585,0,0,0,0,0,1,4,9,2014,5,13.0,1.0,8,1.0,3,2,3,  ,3,3.0,1,0,1,0,0,0,0,0,0,0,0,0,0,0,0,0,0
18619,2014093978,729.0,727.0,46,46101,40.1413,-75.117,0,0,0,0,0,1,4,9,2014,2,7.0,1.0,0,1.0,3,0,3,  ,0,0.0,0,0,1,0,0,0,0,0,0,0,0,0,0,0,0,0,0
18620,2014094037,958.0,956.0,18,18301,41.1345,-77.4539,0,0,0,0,0,1,4,9,2014,4,9.0,1.0,0,1.0,2,2,3,  ,3,3.0,0,0,1,0,0,0,0,0,0,0,0,0,0,0,0,0,0
18621,2014094277,1745.0,1739.0,35,35414,41.4012,-75.7081,0,0,0,0,0,0,4,9,2014,6,17.0,1.0,0,1.0,3,2,3,  ,3,3.0,0,0,1,0,0,0,0,0,0,0,0,0,0,0,0,0,0
18622,2014094330,1841.0,1839.0,25,25302,42.1172,-80.0982,0,0,0,0,0,0,4,9,2014,6,18.0,1.0,0,1.0,3,1,3,  ,2,3.0,1,0,1,0,0,0,0,0,0,0,0,0,0,0,0,0,0
18623,2014094351,1703.0,1700.0,4,4203,40.7608,-80.3532,0,0,0,0,0,0,6,9,2014,5,17.0,1.0,0,1.0,1,0,3,  ,0,0.0,0,0,0,0,0,0,0,0,0,0,0,0,0,0,0,0,0
18624,2014094539,1226.0,1225.0,39,39301,40.6018,-75.4848,0,0,0,0,1,0,5,9,2014,7,12.0,1.0,0,1.0,3,0,3,  ,0,0.0,0,0,0,0,0,0,0,0,0,0,0,0,0,0,0,0,0
18625,2014094630,1946.0,1942.0,39,39301,40.5963,-75.4593,0,0,0,0,0,1,4,9,2014,7,19.0,3.0,0,1.0,3,1,3,  ,2,3.0,1,0,1,0,0,0,0,0,0,0,0,0,0,0,0,0,0
18626,2014094652,2020.0,2016.0,7,7201,40.4205,-78.4517,0,0,0,0,0,0,6,9,2014,7,20.0,2.0,0,1.0,1,0,3,  ,0,0.0,0,0,0,0,0,1,0,0,0,0,0,0,0,0,0,1,0
18627,2014094653,2350.0,2348.0,6,6301,40.3401,-75.9297,0,0,0,0,0,0,4,9,2014,7,23.0,3.0,0,1.0,3,1,3,  ,2,3.0,0,0,1,0,0,0,0,0,0,0,0,0,0,0,0,0,0
18628,2014094714,1709.0,1705.0,15,15239,40.0534,-75.674,0,0,0,0,0,0,4,9,2014,7,17.0,1.0,0,1.0,1,2,3,  ,3,2.0,0,0,1,0,0,0,0,0,0,0,0,0,0,0,0,0,0
18629,2014094783,1633.0,1630.0,46,46103,40.2703,-75.3059,0,0,0,0,0,1,4,9,2014,1,16.0,1.0,0,1.0,3,0,3,  ,0,0.0,0,0,1,0,0,0,0,0,0,0,0,0,0,0,0,0,0
18630,2014094914,1714.0,1709.0,44,44403,40.598,-77.581,0,0,0,0,0,1,4,9,2014,6,17.0,1.0,0,1.0,2,2,3,  ,0,0.0,0,0,1,0,0,0,0,0,0,0,0,0,0,0,0,0,0
18631,2014094937,1756.0,1740.0,38,38201,40.4453,-76.4298,0,0,0,0,0,1,4,9,2014,4,17.0,1.0,0,1.0,1,1,3,  ,3,3.0,0,0,1,0,0,0,0,0,0,0,0,0,0,0,0,0,0
18632,2014094949,2030.0,2028.0,22,22301,40.2808,-76.8891,0,0,0,0,0,0,4,9,2014,1,20.0,3.0,0,1.0,3,1,3,  ,3,3.0,0,0,1,0,0,0,0,0,0,0,0,0,0,0,0,0,0
18633,2014095029,1606.0,1601.0,2,2213,40.5163,-80.2207,0,0,0,0,0,0,4,9,2014,6,16.0,1.0,0,1.0,3,2,3,  ,3,3.0,1,0,1,0,0,0,0,0,0,0,0,0,1,0,0,1,0
18634,2014095067,1355.0,1355.0,67,67301,39.9793,-75.1627,0,0,0,0,0,0,8,9,2014,2,13.0,1.0,0,1.0,3,1,3,  ,2,3.0,1,0,0,0,0,0,0,0,0,0,0,0,0,0,0,0,0
18635,2014095080,1345.0,1343.0,2,2301,40.4604,-79.9138,0,0,0,0,0,0,8,9,2014,2,13.0,1.0,0,1.0,3,5,3,  ,2,3.0,1,0,0,0,0,0,0,0,0,0,0,0,0,0,0,1,0
18636,2014095347,1218.0,1200.0,28,28201,39.8276,-77.7494,0,0,0,0,1,0,4,9,2014,1,12.0,1.0,0,1.0,1,0,3,  ,0,0.0,0,0,1,0,0,0,0,0,0,0,0,0,0,0,0,0,0
18637,2014095360,1638.0,1638.0,23,23207,39.918,-75.441,0,0,0,0,0,0,4,9,2014,1,16.0,1.0,0,1.0,3,2,3,  ,0,0.0,1,0,1,0,0,0,0,0,0,0,0,0,0,0,0,0,0
18638,2014095464,2025.0,2024.0,46,46104,40.0231,-75.3152,0,0,0,0,0,1,5,9,2014,2,20.0,3.0,0,1.0,3,1,3,  ,2,3.0,0,0,0,0,0,0,0,0,0,0,0,0,0,0,0,0,0
18639,2014095488,1337.0,1333.0,23,23111,39.9411,-75.2561,0,0,0,0,0,1,4,9,2014,3,13.0,1.0,0,1.0,3,1,3,  ,2,3.0,0,0,1,0,0,0,0,0,0,0,0,0,0,0,0,0,0
18640,2014095496,2144.0,2142.0,25,25302,42.1256,-80.1022,0,0,0,0,0,0,4,9,2014,7,21.0,3.0,0,1.0,3,1,3,  ,3,3.0,0,1,1,0,0,0,0,0,0,0,0,0,0,0,0,0,0
18641,2014095508,1555.0,1551.0,25,25302,42.128,-80.0679,0,0,0,0,0,1,4,9,2014,3,15.0,1.0,7,1.0,3,0,3,  ,0,0.0,0,0,1,0,0,0,0,0,0,0,0,0,0,0,0,0,0
18642,2014095542,1900.0,1857.0,35,35415,41.4472,-75.6222,0,0,0,0,0,0,4,9,2014,3,18.0,6.0,0,1.0,3,0,3,  ,0,0.0,0,0,1,0,0,0,0,0,0,0,0,0,0,0,0,0,0
18643,2014095571,1655.0,1655.0,32,32408,40.617,-79.1541,0,0,0,0,0,0,4,9,2014,2,16.0,1.0,0,1.0,2,0,3,  ,0,0.0,0,0,1,0,0,0,0,0,0,0,0,0,0,0,0,0,0
18644,2014095605,1506.0,1501.0,36,36220,40.0278,-76.3262,0,0,0,0,0,0,4,9,2014,5,15.0,1.0,7,1.0,3,0,3,  ,2,3.0,1,0,1,0,0,0,0,0,0,0,0,0,0,0,0,0,0
18645,2014095746,650.0,648.0,15,15101,39.9931,-75.7636,0,0,0,0,1,0,8,10,2014,4,6.0,5.0,7,1.0,3,0,3,  ,0,0.0,1,0,0,0,0,0,0,0,0,0,1,0,0,0,0,0,0
18646,2014095858,1838.0,1838.0,67,67301,39.9475,-75.1647,0,0,0,0,1,0,5,9,2014,2,18.0,1.0,0,1.0,3,0,3,  ,0,0.0,0,0,0,0,0,0,0,0,0,0,0,0,0,0,0,0,0
18647,2014095872,1940.0,1935.0,62,62301,,,0,0,0,0,0,0,4,9,2014,6,19.0,2.0,0,1.0,3,0,3,  ,0,0.0,0,0,1,0,0,0,0,0,0,0,0,0,0,0,0,0,0
18648,2014095877,1910.0,1904.0,67,67301,40.0353,-75.0707,0,0,0,0,0,1,4,8,2014,3,19.0,1.0,0,9.0,3,1,7,  ,2,3.0,0,0,1,0,0,0,0,0,0,0,0,0,0,0,0,0,0
18649,2014095892,1708.0,1700.0,67,67301,39.9369,-75.1502,0,0,0,0,0,0,1,9,2014,7,16.0,1.0,0,1.0,3,1,3,  ,3,3.0,0,0,0,0,0,1,0,0,0,0,0,0,0,0,0,0,0
18650,2014095893,2147.0,2145.0,67,67301,39.9232,-75.1606,0,0,0,0,0,0,1,9,2014,7,21.0,3.0,0,1.0,3,2,3,  ,0,0.0,0,0,0,0,0,0,0,0,0,0,0,0,0,0,0,0,0
18651,2014095907,1540.0,1537.0,67,67301,39.9541,-75.2026,0,0,0,0,0,0,2,9,2014,3,15.0,1.0,7,1.0,3,0,3,  ,0,0.0,0,0,0,0,0,0,0,0,0,0,0,0,0,0,0,1,0
18652,2014095908,1630.0,1630.0,67,67301,39.9505,-75.1926,0,0,0,0,0,0,4,9,2014,3,16.0,1.0,0,1.0,3,1,3,  ,2,3.0,1,0,1,0,0,0,0,0,0,0,0,0,0,0,0,0,0
18653,2014095910,9999.0,9999.0,67,67301,39.9615,-75.1529,0,0,0,0,0,0,4,9,2014,1,16.0,1.0,0,1.0,3,2,3,  ,2,3.0,0,0,1,0,0,0,0,0,0,0,0,0,0,0,0,0,1
18654,2014095911,1515.0,1515.0,67,67301,39.9253,-75.1518,0,0,0,0,0,0,4,9,2014,6,15.0,1.0,0,1.0,3,2,3,  ,0,0.0,0,0,1,0,0,0,0,0,0,0,0,0,0,0,0,1,0
18655,2014095915,245.0,234.0,67,67301,39.9703,-75.1265,0,0,0,0,0,0,4,9,2014,1,2.0,3.0,0,1.0,3,1,3,  ,0,0.0,0,1,1,0,0,0,0,0,0,0,0,0,0,0,0,1,0
18656,2014095917,2103.0,2058.0,67,67301,40.0336,-75.1412,0,0,0,0,0,0,4,9,2014,3,18.0,1.0,0,1.0,3,2,3,  ,3,3.0,0,0,1,0,0,0,0,0,0,0,0,0,0,0,0,0,0
18657,2014095931,1830.0,1821.0,67,67301,40.045,-75.1619,0,0,0,0,0,0,4,9,2014,2,18.0,1.0,0,1.0,3,2,3,  ,3,3.0,0,0,1,1,0,1,0,0,0,0,0,0,0,0,0,0,0
18658,2014095935,840.0,837.0,67,67301,40.0475,-75.1428,0,0,0,0,0,1,4,9,2014,2,8.0,1.0,0,1.0,3,1,3,  ,2,3.0,0,0,1,0,0,1,0,0,0,0,0,0,0,0,0,1,0
18659,2014095954,2134.0,2130.0,67,67301,39.9739,-75.1432,0,0,0,0,0,0,4,9,2014,1,21.0,3.0,0,1.0,3,1,3,  ,3,3.0,0,0,1,0,0,0,0,0,0,0,0,0,0,0,0,0,0
18660,2014095957,1441.0,1441.0,67,67301,39.9863,-75.1688,0,0,0,0,0,0,4,9,2014,6,14.0,1.0,0,1.0,3,1,3,  ,3,3.0,0,0,1,0,0,0,0,0,0,0,0,0,0,0,0,0,0
18661,2014095959,830.0,830.0,67,67301,40.02,-75.1116,0,0,0,0,0,0,4,9,2014,4,17.0,1.0,0,9.0,3,2,3,  ,3,3.0,0,0,1,0,0,0,0,0,0,0,0,0,0,0,0,0,0
18662,2014095968,1707.0,1703.0,67,67301,39.9591,-75.2427,0,0,0,0,0,0,4,8,2014,7,17.0,1.0,0,1.0,3,2,3,  ,3,3.0,0,0,1,0,0,0,0,0,0,0,0,0,0,0,0,0,0
18663,2014095970,1941.0,1941.0,67,67301,40.0624,-75.0555,0,0,0,0,0,0,4,9,2014,1,19.0,1.0,0,9.0,3,2,3,  ,3,3.0,0,0,1,0,0,0,0,0,0,0,0,0,0,0,0,0,0
18664,2014095980,9999.0,2015.0,67,67301,40.002,-75.1401,0,0,0,0,0,0,4,9,2014,4,20.0,3.0,0,1.0,3,1,3,  ,3,3.0,0,0,1,0,0,0,0,0,0,0,0,0,0,0,0,0,0
18665,2014095998,1443.0,1443.0,67,67301,39.9606,-75.1877,0,0,0,0,0,0,4,9,2014,4,14.0,1.0,0,1.0,3,2,3,  ,3,3.0,1,0,1,0,0,0,0,0,0,0,0,0,0,0,0,0,0
18666,2014096004,1321.0,1319.0,67,67301,39.998,-75.1254,0,0,0,1,0,0,4,9,2014,6,99.0,1.0,0,1.0,3,1,3,  ,2,3.0,0,0,1,0,0,0,0,0,0,0,0,0,0,0,0,0,0
18667,2014096207,1321.0,1316.0,10,10211,40.8466,-79.9789,0,0,0,0,1,0,4,9,2014,7,13.0,1.0,0,1.0,1,2,3,  ,3,3.0,0,0,1,0,0,0,0,0,0,0,0,0,0,0,0,0,0
18668,2014096251,1603.0,1600.0,36,36301,40.0377,-76.3085,0,1,0,0,1,0,4,9,2014,6,15.0,1.0,0,1.0,3,1,3,  ,2,3.0,0,0,1,0,0,0,0,0,0,0,0,0,0,0,0,0,0
18669,2014096255,1425.0,1423.0,36,36214,40.0956,-76.3399,0,0,0,0,0,0,1,9,2014,2,14.0,1.0,0,1.0,3,0,3,  ,0,0.0,1,0,0,0,0,0,0,0,0,0,0,0,0,1,0,0,0
18670,2014096340,1454.0,1452.0,15,15415,39.8242,-75.8246,0,0,0,0,0,0,4,9,2014,3,14.0,1.0,0,1.0,1,2,3,  ,0,0.0,1,0,1,0,0,0,0,0,0,0,0,0,0,0,0,1,0
18671,2014096352,1041.0,1036.0,21,21402,40.2022,-77.1974,0,0,0,0,0,1,4,10,2014,5,10.0,1.0,6,1.0,2,0,3,  ,0,0.0,0,0,1,0,0,0,0,0,0,0,0,0,0,0,0,0,0
18672,2014096396,1210.0,1148.0,67,67301,39.9485,-75.2178,0,0,0,0,0,0,5,9,2014,2,8.0,1.0,0,1.0,3,0,3,  ,0,0.0,0,0,0,0,0,0,0,0,0,0,0,0,0,0,0,0,0
18673,2014096410,1605.0,1600.0,67,67301,39.9632,-75.1874,0,0,0,0,0,1,4,9,2014,5,15.0,1.0,0,1.0,3,0,3,  ,0,0.0,0,0,1,0,0,0,0,0,0,0,0,0,0,0,0,0,0
18674,2014096420,1835.0,1832.0,67,67301,40.1018,-75.0275,0,0,0,0,0,0,8,8,2014,6,18.0,1.0,0,1.0,3,2,3,  ,3,3.0,0,0,0,0,0,0,0,0,0,0,0,0,0,0,0,0,0
18675,2014096425,2042.0,2040.0,67,67301,40.0294,-75.0546,0,0,0,0,0,0,4,8,2014,7,19.0,1.0,0,1.0,3,1,3,  ,0,0.0,0,0,1,0,0,0,0,0,0,0,0,0,0,0,0,0,0
18676,2014096595,153.0,151.0,25,25302,42.1057,-80.1198,0,0,0,0,0,0,5,10,2014,5,14.0,1.0,0,1.0,3,0,3,  ,0,0.0,0,0,0,0,0,0,0,0,0,0,0,0,0,0,0,0,0
18677,2014096747,1352.0,1346.0,39,39301,40.6176,-75.4773,0,0,0,0,0,1,8,10,2014,6,13.0,1.0,0,1.0,3,1,3,  ,2,3.0,0,0,0,0,0,0,0,0,0,0,0,0,0,0,0,0,0