,CRN,ARRIVAL_TM,DISPATCH_TM,COUNTY,MUNICIPALITY,DEC_LAT,DEC_LONG,BICYCLE_DEATH_COUNT,BICYCLE_SUSP_SERIOUS_INJ_COUNT,BUS_COUNT,HEAVY_TRUCK_COUNT,SMALL_TRUCK_COUNT,SUV_COUNT,COLLISION_TYPE,CRASH_MONTH,CRASH_YEAR,DAY_OF_WEEK,HOUR_OF_DAY,ILLUMINATION,LOCATION_TYPE,ROAD_CONDITION,URBAN_RURAL,INTERSECT_TYPE,WEATHER1,WEATHER2,TCD_TYPE,TCD_FUNC_CD,AGGRESSIVE_DRIVING,ALCOHOL_RELATED,ANGLE_CRASH,CELL_PHONE,COMM_VEHICLE,DISTRACTED,DRINKING_DRIVER,DRUGGED_DRIVER,FATIGUE_ASLEEP,IMPAIRED_DRIVER,NHTSA_AGG_DRIVING,RUNNING_RED_LT,RUNNING_STOP_SIGN,SPEEDING_RELATED,TAILGATING,MATURE_DRIVER,YOUNG_DRIVER
18678,2014096791,1354.0,1351.0,67,67301,39.9938,-75.1183,0,0,0,0,1,0,4,5,2014,2,13.0,1.0,1,1.0,3,5,3,  ,2,3.0,0,0,1,0,0,0,0,0,0,0,0,0,0,0,0,0,1
18679,2014096798,1856.0,1854.0,67,67301,39.9491,-75.2339,0,0,0,0,0,0,8,8,2014,4,18.0,1.0,0,1.0,3,0,3,  ,0,0.0,0,0,0,0,0,0,0,0,0,0,0,0,0,0,0,0,0
18680,2014096820,1558.0,1548.0,67,67301,39.9407,-75.1661,0,0,0,0,0,0,4,9,2014,2,15.0,1.0,0,1.0,3,0,3,  ,0,0.0,0,0,1,0,0,0,0,0,0,0,0,0,0,0,0,0,0
18681,2014096822,1835.0,1835.0,67,67301,39.9578,-75.1938,0,1,0,0,0,1,4,9,2014,6,18.0,1.0,0,1.0,3,1,3,  ,3,3.0,0,0,1,0,0,0,0,0,0,0,0,0,0,0,0,0,0
18682,2014096854,1120.0,1054.0,67,67301,40.0261,-75.1475,0,0,0,0,0,0,4,9,2014,4,10.0,1.0,0,1.0,3,1,3,  ,2,3.0,1,0,1,0,0,0,0,0,0,0,0,0,0,0,0,0,0
18683,2014096979,1952.0,1949.0,11,11301,40.2972,-78.9057,0,0,0,0,0,1,4,10,2014,6,19.0,3.0,0,7.0,3,1,3,  ,2,3.0,0,0,1,0,0,0,0,0,0,0,0,0,0,0,0,0,0
18684,2014096988,757.0,753.0,14,14410,40.8051,-77.8629,0,0,0,0,0,1,4,10,2014,5,7.0,1.0,0,1.0,3,2,3,  ,3,3.0,1,0,1,0,0,0,0,0,0,0,0,0,0,0,0,0,0
18685,2014097005,553.0,550.0,9,9218,40.2077,-74.9668,0,0,0,0,1,0,4,10,2014,6,5.0,3.0,0,1.0,3,2,3,  ,3,3.0,1,0,1,0,0,0,0,0,0,0,0,0,0,0,0,0,0
18686,2014097077,1236.0,1232.0,33,33406,40.9435,-78.9711,0,0,0,1,0,0,4,10,2014,5,12.0,1.0,0,1.0,2,1,3,  ,2,3.0,0,0,1,0,1,0,0,0,0,0,0,0,0,0,0,0,0
18687,2014097477,2056.0,2056.0,23,23109,39.8643,-75.3028,0,0,0,0,0,0,4,9,2014,2,20.0,3.0,0,1.0,3,1,3,  ,3,3.0,1,0,1,0,0,0,0,0,0,0,0,0,1,0,0,0,0
18688,2014097702,1730.0,1724.0,46,46104,40.0135,-75.2552,0,0,0,0,0,0,4,9,2014,4,15.0,1.0,0,1.0,3,2,3,  ,3,3.0,1,0,1,0,0,0,0,0,0,0,0,0,0,0,0,0,0
18689,2014097710,1144.0,1143.0,35,35302,41.3982,-75.6268,0,0,0,0,0,0,2,10,2014,5,11.0,1.0,0,1.0,3,0,3,  ,0,0.0,0,0,0,0,0,0,0,0,0,0,0,0,0,0,0,0,0
18690,2014097727,1227.0,1221.0,21,21402,40.2008,-77.1805,0,0,0,0,0,0,4,10,2014,2,12.0,1.0,0,1.0,2,0,3,  ,2,3.0,0,0,1,0,0,0,0,0,0,0,0,0,0,0,0,1,0
18691,2014097761,1738.0,1736.0,35,35302,41.399,-75.6624,0,0,0,0,0,0,4,10,2014,2,17.0,1.0,0,1.0,3,1,3,  ,3,3.0,0,0,1,0,0,0,0,0,0,0,0,0,0,0,0,0,0
18692,2014097959,1812.0,1811.0,23,23401,39.9197,-75.2963,0,0,0,0,0,0,4,10,2014,4,18.0,1.0,0,1.0,3,0,3,  ,0,0.0,0,0,1,0,0,0,0,0,0,0,0,0,0,0,0,0,0
18693,2014098182,1541.0,1539.0,2,2301,40.4592,-79.9309,0,0,0,0,0,0,9,10,2014,3,15.0,1.0,0,9.0,3,0,7,  ,0,0.0,0,0,0,0,0,0,0,0,0,0,0,0,0,0,0,0,0
18694,2014098388,2134.0,2134.0,14,14410,40.798,-77.8569,0,0,0,0,0,0,4,10,2014,3,21.0,3.0,0,9.0,3,1,7,  ,2,3.0,0,0,1,0,0,0,0,0,0,0,0,0,0,0,0,0,1
18695,2014098524,1012.0,1008.0,20,20301,41.6364,-80.1304,0,0,0,0,0,0,4,10,2014,2,10.0,1.0,0,1.0,2,0,3,  ,0,0.0,1,0,1,0,0,0,0,0,0,0,0,0,0,0,1,1,0
18696,2014098621,1934.0,1927.0,67,67301,40.0732,-75.1584,0,0,0,0,0,0,5,9,2014,1,19.0,3.0,0,1.0,3,0,3,  ,0,0.0,0,0,0,1,0,1,0,0,0,0,0,0,0,0,0,0,0
18697,2014098629,1822.0,1801.0,67,67301,39.9383,-75.2163,0,0,0,0,0,0,5,9,2014,3,18.0,1.0,0,1.0,3,1,3,  ,2,3.0,0,0,0,0,0,0,0,0,0,0,0,0,0,0,0,0,0
18698,2014098638,930.0,930.0,67,67301,40.0262,-75.0371,0,0,0,0,0,0,4,9,2014,3,22.0,3.0,0,1.0,3,1,3,  ,2,3.0,0,0,1,0,0,0,0,0,0,0,0,0,0,0,0,0,0
18699,2014098655,2310.0,2300.0,67,67301,39.9738,-75.14,0,0,0,0,0,0,1,9,2014,6,22.0,3.0,0,1.0,3,1,3,  ,0,0.0,0,0,0,0,0,0,0,0,0,0,0,0,0,0,0,0,0
18700,2014098677,2135.0,2107.0,67,67301,39.9604,-75.2022,0,0,0,0,1,0,5,9,2014,5,14.0,1.0,0,1.0,3,0,3,  ,0,0.0,1,0,0,0,0,1,0,0,0,0,0,0,0,0,0,0,0
18701,2014098680,1145.0,1120.0,67,67301,39.9731,-75.1349,0,0,0,0,0,0,4,9,2014,1,11.0,1.0,0,1.0,3,1,3,  ,0,0.0,0,0,1,0,0,0,0,0,0,0,0,0,0,0,0,0,0
18702,2014098695,1610.0,1607.0,67,67301,39.9261,-75.1639,0,0,0,0,0,0,4,9,2014,2,16.0,1.0,0,9.0,3,1,7,  ,3,3.0,0,0,1,0,0,0,0,0,0,0,0,0,0,0,0,1,0
18703,2014098696,9999.0,9999.0,67,67301,40.0033,-75.1282,0,0,0,0,0,0,4,9,2014,3,15.0,1.0,0,1.0,3,0,3,  ,0,0.0,1,0,1,0,0,0,0,0,0,0,0,0,0,0,0,0,0
18704,2014098705,805.0,800.0,67,67301,39.9231,-75.1699,0,0,0,0,0,0,5,9,2014,6,7.0,1.0,0,1.0,3,0,3,  ,2,3.0,0,0,0,0,0,0,0,0,0,0,0,0,0,0,0,0,0
18705,2014098712,1848.0,1846.0,67,67301,40.0408,-75.073,0,0,0,0,0,0,4,9,2014,5,18.0,4.0,0,1.0,3,1,3,  ,3,3.0,1,0,1,0,0,0,0,0,0,0,0,0,0,0,0,0,0
18706,2014098713,1632.0,1629.0,67,67301,39.9611,-75.2165,0,0,0,0,0,1,2,9,2014,6,16.0,1.0,7,1.0,3,0,3,  ,0,0.0,0,0,0,0,0,0,0,0,0,0,0,0,0,0,0,1,0
18707,2014098721,855.0,848.0,67,67301,39.9333,-75.1436,0,0,0,0,0,1,4,9,2014,6,8.0,1.0,0,1.0,3,2,3,  ,1,2.0,0,0,1,0,0,0,0,0,0,0,0,0,0,0,0,0,0
18708,2014098725,716.0,715.0,67,67301,40.0857,-75.0267,0,0,0,0,0,0,4,9,2014,7,99.0,1.0,0,1.0,3,1,3,  ,3,3.0,0,0,1,0,0,0,0,0,0,0,0,0,0,0,0,0,0
18709,2014098727,1218.0,1215.0,67,67301,39.9342,-75.2219,0,0,0,0,0,0,4,9,2014,3,12.0,1.0,0,1.0,3,0,3,  ,0,0.0,0,0,1,0,0,0,0,0,0,0,0,0,0,0,0,0,0
18710,2014098731,1853.0,1847.0,67,67301,40.0496,-75.1374,0,0,0,0,0,1,4,9,2014,1,18.0,3.0,0,1.0,3,1,3,  ,3,3.0,0,0,1,0,0,0,0,0,0,0,0,0,0,0,0,0,0
18711,2014098735,1344.0,1340.0,67,67301,40.0449,-75.0692,0,0,0,0,0,0,4,9,2014,7,13.0,1.0,7,1.0,3,0,3,  ,0,0.0,0,0,1,0,0,0,0,0,0,0,0,0,0,0,0,1,0
18712,2014098736,940.0,935.0,67,67301,40.0604,-75.0849,0,0,0,0,0,0,4,9,2014,2,9.0,1.0,0,1.0,3,0,3,  ,0,0.0,0,0,1,0,0,0,0,0,0,0,0,0,0,0,0,0,0
18713,2014098738,9999.0,9999.0,67,67301,40.0246,-75.1232,0,0,0,0,0,0,4,9,2014,1,99.0,1.0,0,1.0,3,1,3,  ,2,3.0,0,0,1,0,0,0,0,0,0,0,0,0,0,0,0,1,0
18714,2014099034,1842.0,1841.0,23,23405,39.9109,-75.2794,0,0,0,0,0,0,4,10,2014,6,18.0,3.0,0,1.0,3,0,3,  ,0,0.0,0,0,1,0,0,0,0,0,0,0,0,0,0,0,0,1,0
18715,2014099158,630.0,630.0,67,67301,40.0412,-75.1515,0,0,0,0,0,0,8,9,2014,4,6.0,1.0,0,1.0,3,1,3,  ,0,0.0,0,0,0,0,0,0,0,0,0,0,0,0,0,0,0,0,0
18716,2014099164,2211.0,2211.0,67,67301,40.0358,-75.1498,0,0,0,0,0,1,4,9,2014,3,22.0,3.0,0,1.0,3,2,3,  ,2,3.0,0,0,1,0,0,0,0,0,0,0,0,0,0,0,0,0,0
18717,2014099174,2351.0,2349.0,67,67301,39.9235,-75.1534,0,0,0,0,0,0,4,9,2014,5,23.0,3.0,0,1.0,3,0,3,  ,0,0.0,0,0,1,0,0,0,0,0,0,0,0,0,0,0,0,0,0
18718,2014099188,1833.0,1830.0,67,67301,39.9268,-75.179,0,0,0,0,0,0,4,9,2014,3,18.0,1.0,0,1.0,3,1,3,  ,3,3.0,0,0,1,0,0,0,0,0,0,0,0,0,0,0,0,0,0
18719,2014099207,1838.0,1836.0,67,67301,40.0406,-75.1515,0,0,0,0,0,0,4,9,2014,2,99.0,1.0,0,1.0,3,1,3,  ,3,3.0,0,0,1,0,0,0,0,0,0,0,0,0,0,0,0,0,0
18720,2014099209,134.0,132.0,67,67301,39.9293,-75.1686,0,0,0,0,0,0,4,9,2014,7,1.0,3.0,0,1.0,3,1,3,  ,2,3.0,0,0,1,0,0,0,0,0,0,0,0,0,0,0,0,0,0
18721,2014099250,1659.0,1650.0,67,67301,40.0059,-75.1618,0,0,0,0,1,0,4,9,2014,4,16.0,1.0,0,1.0,3,1,3,  ,3,3.0,0,0,1,0,0,0,0,0,0,0,0,0,0,0,0,1,0
18722,2014099266,1733.0,1729.0,67,67301,40.0311,-75.1796,0,0,0,0,0,0,4,9,2014,3,17.0,1.0,7,1.0,3,0,3,  ,0,0.0,0,0,1,0,0,0,0,0,0,0,0,0,0,0,0,1,0
18723,2014099316,1913.0,1850.0,28,28212,39.9245,-77.8006,0,0,0,0,1,0,4,10,2014,3,18.0,4.0,0,9.0,1,0,7,  ,0,0.0,0,0,1,0,0,0,0,0,0,0,0,0,0,0,0,0,0
18724,2014099431,1519.0,1517.0,17,17404,41.0264,-78.4364,0,0,0,0,0,1,4,10,2014,5,15.0,1.0,7,1.0,2,0,3,  ,2,3.0,0,0,1,0,0,0,0,0,0,0,0,0,0,0,0,0,0
18725,2014099486,614.0,611.0,40,40304,41.2403,-75.8707,0,0,0,0,0,0,4,10,2014,6,6.0,3.0,0,1.0,3,1,3,  ,2,3.0,0,0,1,0,0,0,0,0,0,0,0,0,0,0,0,0,0
18726,2014099634,1550.0,1548.0,45,45214,41.0094,-75.207,0,0,0,0,1,0,2,8,2014,1,15.0,1.0,0,1.0,1,0,3,  ,0,0.0,0,0,0,0,0,0,0,0,0,0,0,0,0,0,0,0,0
18727,2014099714,1805.0,1802.0,2,2301,40.4115,-79.9773,0,0,0,0,0,0,8,10,2014,6,18.0,4.0,0,1.0,3,1,3,  ,3,3.0,0,0,0,0,0,0,0,0,0,0,0,0,0,0,0,0,0
18728,2014099921,1952.0,1950.0,6,6301,40.3547,-75.9147,0,0,0,0,0,0,4,9,2014,1,19.0,3.0,0,1.0,3,1,3,  ,0,0.0,0,0,1,0,0,0,0,0,0,0,0,0,0,0,0,0,0
18729,2014100091,2303.0,2302.0,23,23111,39.9625,-75.2635,0,0,0,0,0,1,4,9,2014,1,23.0,3.0,0,9.0,3,2,7,  ,2,3.0,0,0,1,0,0,0,0,0,0,0,0,0,0,0,0,0,0
18730,2014100161,1659.0,1658.0,43,43403,41.4052,-80.3895,0,0,0,0,1,0,4,9,2014,3,16.0,1.0,0,1.0,2,0,3,  ,0,0.0,0,0,1,0,0,0,0,0,0,0,0,0,0,0,0,0,0
18731,2014100343,1546.0,1543.0,21,21402,40.2028,-77.1865,0,0,0,0,0,0,4,6,2014,5,15.0,1.0,0,1.0,2,1,3,  ,3,3.0,1,0,1,0,0,0,0,0,0,0,0,0,0,0,0,0,0
18732,2014100354,236.0,234.0,21,21402,40.1974,-77.2235,0,0,0,0,1,0,5,6,2014,7,2.0,2.0,0,1.0,2,0,3,  ,0,0.0,1,1,0,0,0,0,1,0,0,1,0,0,0,1,0,0,0
18733,2014100462,1535.0,1436.0,25,25302,42.0864,-80.0873,0,0,0,0,0,0,4,10,2014,2,14.0,1.0,0,1.0,3,1,3,  ,3,3.0,0,0,1,0,0,0,0,0,0,0,0,0,0,0,0,0,0
18734,2014100830,1933.0,1927.0,46,46104,39.9851,-75.275,0,0,0,0,0,1,4,10,2014,7,19.0,3.0,7,9.0,3,2,3,  ,0,0.0,0,0,1,0,0,1,0,0,0,0,0,0,0,0,0,0,0
18735,2014101068,1847.0,1837.0,36,36214,40.0702,-76.3587,0,0,0,0,0,0,5,10,2014,3,18.0,4.0,0,1.0,3,0,3,  ,0,0.0,0,0,0,0,0,0,0,0,0,0,0,0,0,0,0,0,0
18736,2014101495,2022.0,1955.0,36,36202,40.1968,-76.0175,0,0,0,0,0,1,4,9,2014,4,19.0,3.0,0,1.0,1,1,3,  ,0,0.0,0,0,1,0,0,0,0,0,0,0,0,0,0,0,0,0,0
18737,2014101701,1456.0,1454.0,46,46413,40.1231,-75.3461,0,0,0,0,0,0,8,10,2014,4,14.0,1.0,0,1.0,3,1,3,  ,3,3.0,0,0,0,0,0,1,0,0,0,0,0,0,0,0,0,0,1
18738,2014101773,1135.0,1131.0,15,15254,40.0384,-75.5945,0,0,0,0,0,0,4,10,2014,5,11.0,1.0,7,1.0,3,0,3,  ,3,3.0,0,0,1,0,0,0,0,0,0,0,0,0,0,0,0,0,0
18739,2014101826,1205.0,1203.0,46,46208,40.1383,-75.4289,0,0,0,0,0,0,4,10,2014,1,12.0,1.0,0,1.0,3,1,3,  ,3,3.0,1,0,1,0,0,0,0,0,0,0,0,0,0,0,0,0,0
18740,2014101876,228.0,213.0,15,15209,39.877,-75.6934,1,0,0,0,0,1,1,8,2014,7,0.0,2.0,0,1.0,1,0,3,  ,0,0.0,0,1,0,0,0,0,1,1,0,1,0,0,0,0,0,0,0
18741,2014102018,635.0,633.0,39,39301,40.5853,-75.4756,0,0,0,0,0,1,6,10,2014,4,6.0,3.0,0,98.0,3,1,99,  ,3,3.0,0,0,0,0,0,0,0,0,0,0,0,0,0,0,0,0,0
18742,2014102289,1241.0,1229.0,6,6208,40.5062,-76.0068,0,0,0,0,0,0,6,10,2014,2,12.0,1.0,0,1.0,1,0,3,  ,0,0.0,0,0,0,0,0,0,0,0,0,0,0,0,0,0,0,0,0
18743,2014102997,1648.0,1648.0,14,14410,40.7895,-77.8529,0,0,0,0,1,0,0,9,2014,6,16.0,1.0,0,1.0,3,1,3,  ,3,3.0,1,0,0,0,0,0,0,0,0,0,0,0,0,0,0,0,0
18744,2014103426,2346.0,2345.0,28,28406,39.757,-77.58,0,0,0,0,0,0,4,10,2014,6,23.0,3.0,0,1.0,2,1,3,  ,2,3.0,0,1,1,0,0,0,0,0,0,0,0,0,0,0,0,0,0
18745,2014103493,2022.0,2021.0,23,23106,40.0174,-75.3217,0,0,0,0,0,1,4,10,2014,3,20.0,3.0,0,1.0,3,1,3,  ,2,3.0,1,0,1,0,0,0,0,0,0,0,0,0,0,0,0,1,0
18746,2014103555,1925.0,1925.0,67,67301,39.9438,-75.2378,0,0,0,0,0,0,4,9,2014,4,19.0,3.0,0,1.0,3,1,3,  ,2,3.0,0,0,1,0,0,0,0,0,0,0,0,0,0,0,0,0,0
18747,2014103558,711.0,704.0,67,67301,39.9711,-75.2286,0,0,0,0,0,0,6,9,2014,3,99.0,1.0,0,1.0,3,0,3,  ,0,0.0,0,0,0,0,0,0,0,0,0,0,0,0,0,0,0,0,0
18748,2014103566,2022.0,2020.0,67,67301,40.0465,-75.073,1,0,0,0,0,1,4,9,2014,5,20.0,3.0,0,1.0,3,1,3,  ,3,3.0,0,0,1,0,0,0,0,0,0,0,0,0,0,0,0,0,0
18749,2014103690,1829.0,1826.0,2,2301,40.4673,-80.0135,0,0,0,0,0,0,4,10,2014,3,18.0,4.0,0,1.0,3,1,3,  ,3,3.0,0,0,1,0,0,0,0,0,0,0,0,0,0,0,0,0,0
18750,2014103692,1808.0,1808.0,36,36410,40.1611,-76.3941,0,0,0,0,0,0,4,10,2014,3,18.0,1.0,7,1.0,2,0,3,  ,0,0.0,1,0,1,0,0,0,0,0,0,0,0,0,0,0,0,0,0
18751,2014104388,2331.0,2327.0,67,67301,39.9363,-75.1536,0,0,0,0,0,0,1,10,2014,6,23.0,3.0,0,1.0,3,0,3,  ,0,0.0,1,0,0,0,0,0,0,0,0,0,0,0,0,0,0,0,0
18752,2014104392,1430.0,1420.0,67,67301,39.9628,-75.1646,0,0,0,0,0,0,4,10,2014,1,14.0,1.0,0,1.0,3,1,3,  ,2,3.0,0,0,1,0,0,0,0,0,0,0,0,0,0,0,0,0,0
18753,2014104395,1025.0,1020.0,67,67301,39.9451,-75.1614,0,0,0,0,0,0,4,10,2014,6,10.0,1.0,0,1.0,3,1,3,  ,2,3.0,1,0,1,0,0,0,0,0,0,0,0,0,0,0,0,0,0
18754,2014104400,655.0,654.0,67,67301,39.9164,-75.1686,0,0,0,0,0,0,4,8,2014,2,6.0,1.0,0,1.0,3,1,3,  ,2,3.0,0,0,1,0,0,0,0,0,0,0,0,0,0,0,0,0,0
18755,2014104459,1534.0,1530.0,67,67301,39.9663,-75.1606,0,0,0,0,0,0,5,10,2014,5,15.0,1.0,0,1.0,3,0,3,  ,0,0.0,0,0,0,0,0,0,0,0,0,0,0,0,0,0,0,0,0
18756,2014104466,1338.0,1328.0,67,67301,40.0036,-75.1525,0,0,0,0,0,0,1,10,2014,6,13.0,1.0,0,1.0,3,0,3,  ,0,0.0,0,0,0,0,0,0,0,0,0,0,0,0,0,0,0,0,0
18757,2014104478,2115.0,2103.0,67,67301,39.9957,-75.1197,0,0,0,0,0,1,4,10,2014,2,20.0,3.0,0,1.0,3,1,3,  ,3,3.0,0,0,1,0,0,0,0,0,0,0,0,0,0,0,0,0,0
18758,2014104494,1856.0,1851.0,67,67301,40.0288,-75.0754,0,0,0,0,0,0,4,10,2014,7,18.0,3.0,0,9.0,3,1,7,  ,3,3.0,0,0,1,0,0,0,0,0,0,0,0,0,0,0,0,0,0
18759,2014104495,1658.0,1556.0,67,67301,39.9923,-75.172,0,0,0,0,0,0,4,10,2014,7,16.0,1.0,0,1.0,3,0,3,  ,0,0.0,0,0,1,0,0,0,0,0,0,0,0,0,0,0,0,0,0
18760,2014104537,2300.0,2255.0,67,67301,39.9511,-75.1784,0,0,0,0,0,0,4,9,2014,3,22.0,3.0,0,1.0,3,1,3,  ,2,3.0,0,0,1,0,0,1,0,0,0,0,0,0,0,0,0,0,0
18761,2014104542,1745.0,1741.0,67,67301,40.0408,-75.0815,0,0,0,0,0,0,4,10,2014,6,17.0,1.0,0,1.0,3,2,3,  ,0,0.0,0,0,1,0,0,0,0,0,0,0,0,0,0,0,0,0,0
18762,2014104544,1828.0,1822.0,67,67301,40.0235,-75.1334,0,0,0,0,0,1,4,10,2014,5,18.0,3.0,0,1.0,3,1,3,  ,2,3.0,0,0,1,0,0,0,0,0,0,0,0,0,0,0,0,0,0
18763,2014104549,1853.0,1852.0,67,67301,40.0616,-75.0558,0,0,0,0,0,0,4,9,2014,7,18.0,3.0,0,9.0,3,0,3,  ,0,0.0,0,0,1,0,0,0,0,0,0,0,0,0,0,0,0,0,0
18764,2014104586,1500.0,1500.0,67,67301,39.9505,-75.1609,0,0,0,0,0,1,1,10,2014,6,18.0,1.0,0,9.0,3,0,3,  ,0,0.0,0,0,0,0,0,0,0,0,0,0,0,0,0,0,0,0,0
18765,2014104620,1904.0,1904.0,67,67301,,,0,0,0,0,0,1,5,9,2014,3,19.0,4.0,0,1.0,3,0,3,  ,0,0.0,0,0,0,0,0,0,0,0,0,0,0,0,0,0,0,0,0
18766,2014104622,1430.0,1430.0,67,67301,40.0442,-75.1485,0,0,0,0,0,0,4,9,2014,7,13.0,1.0,0,1.0,3,1,3,  ,3,3.0,0,0,1,0,0,0,0,0,0,0,0,0,0,0,0,1,0
18767,2014104625,2350.0,2345.0,67,67301,39.9455,-75.1547,0,0,0,0,0,0,5,10,2014,6,22.0,3.0,0,1.0,3,0,3,  ,0,0.0,0,0,0,0,0,0,0,0,0,0,0,0,0,0,0,0,0
18768,2014104767,1910.0,1826.0,9,9202,40.0892,-74.9394,0,0,0,0,0,0,8,10,2014,7,17.0,1.0,0,1.0,3,1,3,  ,2,3.0,1,0,0,0,0,0,0,0,0,0,0,0,0,0,0,0,0
18769,2014104959,1625.0,1622.0,24,24301,41.4285,-78.5505,0,0,0,0,0,0,4,10,2014,4,16.0,1.0,7,1.0,2,0,3,  ,0,0.0,0,0,1,0,0,0,0,0,0,0,0,0,0,0,0,0,1
18770,2014104971,1606.0,1556.0,14,14410,40.7943,-77.8591,0,0,0,0,0,1,4,10,2014,6,15.0,1.0,0,1.0,3,1,3,  ,2,3.0,1,0,1,0,0,0,0,0,0,0,0,0,0,0,0,1,0
18771,2014104989,1640.0,1635.0,67,67301,39.9263,-75.1843,0,1,0,0,0,0,4,10,2014,4,16.0,1.0,0,1.0,3,2,3,  ,2,3.0,1,0,1,0,0,0,0,0,0,0,0,0,0,0,0,0,0
18772,2014104994,2005.0,2001.0,67,67301,39.9443,-75.1552,0,0,0,0,0,0,5,10,2014,5,19.0,4.0,0,1.0,3,0,3,  ,0,0.0,0,0,0,0,0,0,0,0,0,0,0,0,0,0,0,0,0
18773,2014104995,1812.0,1809.0,67,67301,39.9725,-75.2014,0,0,0,0,0,0,4,9,2014,3,18.0,1.0,0,1.0,3,2,3,  ,3,3.0,0,0,1,0,0,0,0,0,0,0,0,0,0,0,0,0,0
18774,2014105005,1544.0,1539.0,25,25302,42.1177,-80.0638,0,0,0,0,0,0,4,10,2014,6,15.0,1.0,0,1.0,3,1,3,  ,3,3.0,0,0,1,0,0,0,0,0,0,0,0,0,0,0,0,0,0
18775,2014105223,1619.0,1610.0,66,66414,39.8818,-76.7109,0,0,0,0,0,0,4,10,2014,3,16.0,1.0,0,1.0,3,1,3,  ,3,3.0,0,0,1,0,0,0,0,0,0,0,0,0,0,0,0,0,0
18776,2014105635,1217.0,1214.0,21,21404,40.2156,-76.9994,0,0,0,0,0,0,4,10,2014,6,12.0,1.0,0,1.0,3,2,3,  ,3,3.0,1,0,1,0,0,0,0,0,0,0,0,0,0,0,0,1,0
18777,2014106033,2025.0,2021.0,25,25210,42.1542,-79.9858,0,0,0,0,0,1,4,10,2014,6,20.0,6.0,0,1.0,1,2,3,  ,2,3.0,0,0,1,0,0,0,0,0,0,0,0,0,0,0,0,0,0
18778,2014106223,1233.0,1231.0,35,35302,41.3975,-75.6886,0,0,0,0,0,1,4,10,2014,3,12.0,1.0,0,1.0,3,2,3,  ,3,3.0,1,0,1,0,0,0,0,0,0,0,0,0,1,0,0,0,0
18779,2014106253,1520.0,1513.0,2,2113,40.4777,-79.7855,0,1,0,0,0,0,4,10,2014,3,15.0,1.0,0,1.0,3,1,3,  ,2,9.0,0,0,1,0,0,0,0,0,0,0,0,0,0,0,0,1,0
18780,2014106272,20.0,17.0,9,9213,40.1436,-74.8919,0,0,0,0,0,0,6,9,2014,6,0.0,3.0,0,1.0,3,0,3,  ,0,0.0,0,0,0,0,0,0,0,0,0,0,0,0,0,0,0,0,0
18781,2014106440,2230.0,2229.0,23,23405,39.9179,-75.2637,0,0,0,0,0,1,4,10,2014,3,22.0,3.0,0,1.0,3,2,3,  ,0,0.0,0,1,1,0,0,0,0,0,0,0,0,0,0,0,0,0,0
18782,2014106531,733.0,730.0,35,35407,41.4276,-75.6245,0,0,0,0,1,0,8,10,2014,4,7.0,1.0,0,9.0,3,2,7,  ,2,3.0,0,0,0,0,0,0,0,0,0,0,0,0,0,0,0,0,1
18783,2014106557,914.0,910.0,46,46415,40.3971,-75.4965,0,0,0,0,0,1,4,10,2014,4,6.0,3.0,0,1.0,1,1,3,  ,3,3.0,0,0,1,0,0,0,0,0,0,0,0,0,0,0,0,1,0
18784,2014106684,645.0,632.0,67,67301,39.9486,-75.1893,0,0,0,0,0,1,5,10,2014,6,6.0,5.0,3,1.0,3,0,3,  ,0,0.0,0,0,0,0,0,0,0,0,0,0,0,0,0,0,0,0,0
18785,2014106689,1829.0,1827.0,67,67301,40.0475,-75.1428,0,0,0,0,0,1,4,10,2014,5,99.0,1.0,0,1.0,3,1,3,  ,2,3.0,0,0,1,0,0,0,0,0,0,0,0,0,0,0,0,0,1
18786,2014106697,1909.0,1904.0,67,67301,39.9636,-75.1573,0,0,0,0,0,1,4,10,2014,6,19.0,3.0,0,1.0,3,1,3,  ,3,3.0,0,0,1,0,0,0,0,0,0,0,0,0,0,0,0,0,0
18787,2014106712,253.0,230.0,67,67301,39.9752,-75.1882,0,0,0,0,0,0,5,10,2014,6,2.0,3.0,0,1.0,3,1,3,  ,2,3.0,0,0,0,0,0,0,0,0,0,0,0,0,0,0,0,0,0
18788,2014106723,1656.0,1656.0,67,67301,40.031,-75.1288,0,0,0,0,0,0,4,10,2014,2,16.0,1.0,0,1.0,3,1,3,  ,3,3.0,0,0,1,0,0,0,0,0,0,0,0,0,0,0,0,0,0
18789,2014106734,1513.0,510.0,67,67301,39.9859,-75.1273,0,0,0,0,0,0,4,10,2014,3,15.0,1.0,0,1.0,3,1,3,  ,3,3.0,0,0,1,0,0,0,0,0,0,0,0,0,0,0,0,0,0
18790,2014106750,1100.0,936.0,67,67301,39.9408,-75.1575,0,0,0,0,0,1,5,10,2014,5,9.0,1.0,0,1.0,3,1,3,  ,3,3.0,0,0,0,0,0,0,0,0,0,0,0,0,0,0,0,1,0