,CRN,ARRIVAL_TM,DISPATCH_TM,COUNTY,MUNICIPALITY,DEC_LAT,DEC_LONG,BICYCLE_DEATH_COUNT,BICYCLE_SUSP_SERIOUS_INJ_COUNT,BUS_COUNT,HEAVY_TRUCK_COUNT,SMALL_TRUCK_COUNT,SUV_COUNT,COLLISION_TYPE,CRASH_MONTH,CRASH_YEAR,DAY_OF_WEEK,HOUR_OF_DAY,ILLUMINATION,LOCATION_TYPE,ROAD_CONDITION,URBAN_RURAL,INTERSECT_TYPE,WEATHER1,WEATHER2,TCD_TYPE,TCD_FUNC_CD,AGGRESSIVE_DRIVING,ALCOHOL_RELATED,ANGLE_CRASH,CELL_PHONE,COMM_VEHICLE,DISTRACTED,DRINKING_DRIVER,DRUGGED_DRIVER,FATIGUE_ASLEEP,IMPAIRED_DRIVER,NHTSA_AGG_DRIVING,RUNNING_RED_LT,RUNNING_STOP_SIGN,SPEEDING_RELATED,TAILGATING,MATURE_DRIVER,YOUNG_DRIVER
18791,2014106792,1530.0,1530.0,67,67301,39.9509,-75.1503,0,0,1,0,0,0,1,10,2014,3,15.0,1.0,0,1.0,3,0,3,  ,0,0.0,0,0,0,0,1,0,0,0,0,0,0,0,0,0,0,0,0
18792,2014106968,10.0,10.0,36,36101,40.0639,-76.3067,0,0,0,0,0,0,3,10,2014,6,18.0,1.0,0,1.0,3,2,3,  ,3,3.0,0,0,0,0,0,0,0,0,0,0,0,0,0,0,0,0,0
18793,2014107083,1723.0,1719.0,36,36301,40.0313,-76.315,0,0,0,0,0,0,4,10,2014,3,17.0,4.0,0,1.0,3,1,3,  ,0,0.0,0,0,1,0,0,0,0,0,0,0,0,0,0,0,0,0,0
18794,2014107131,1424.0,1423.0,6,6237,40.318,-76.0036,0,0,0,0,1,0,8,10,2014,1,14.0,1.0,0,1.0,3,3,3,  ,0,0.0,0,0,0,0,0,0,0,0,0,0,0,0,0,0,0,0,0
18795,2014107519,1105.0,1101.0,9,9415,40.4417,-75.3416,0,0,0,0,0,1,4,10,2014,6,11.0,1.0,0,1.0,2,2,3,  ,0,0.0,0,0,1,0,0,0,0,0,0,0,0,0,0,0,0,0,0
18796,2014107590,1913.0,1913.0,14,14216,40.8196,-77.9762,0,0,0,0,0,0,5,10,2014,2,17.0,1.0,0,1.0,1,0,3,  ,0,0.0,0,0,0,0,0,0,0,0,0,0,0,0,0,0,0,0,0
18797,2014107788,1700.0,1700.0,66,66402,39.9017,-76.6493,0,0,0,0,0,0,4,10,2014,6,16.0,1.0,7,1.0,3,0,3,  ,0,0.0,0,0,1,0,0,0,0,0,0,0,0,0,0,0,0,0,1
18798,2014107821,824.0,820.0,38,38212,40.3295,-76.4071,0,0,0,0,0,0,4,10,2014,6,8.0,1.0,0,1.0,1,1,3,  ,3,3.0,1,0,1,0,0,0,0,0,0,0,0,0,0,0,0,0,0
18799,2014107909,1305.0,1300.0,2,2414,40.3568,-80.1132,0,0,0,0,0,1,4,3,2014,2,13.0,1.0,0,1.0,3,2,3,  ,3,3.0,0,0,1,0,0,0,0,0,0,0,0,0,0,0,0,0,0
18800,2014107917,1810.0,1808.0,2,2414,40.3608,-80.1112,0,0,0,0,0,0,4,8,2014,3,18.0,1.0,0,9.0,3,2,7,  ,0,0.0,0,0,1,0,0,0,0,0,0,0,0,0,0,0,0,0,0
18801,2014107983,1050.0,1046.0,15,15254,40.0097,-75.6157,0,0,0,0,0,0,4,10,2014,5,10.0,1.0,0,9.0,3,1,7,  ,2,3.0,0,0,1,0,0,0,0,0,0,0,0,0,0,0,0,0,0
18802,2014108194,1745.0,1740.0,21,21213,40.1863,-77.2095,0,0,0,0,1,0,1,10,2014,3,17.0,1.0,7,1.0,1,0,3,  ,0,0.0,0,0,0,0,0,0,0,0,0,0,0,0,0,0,0,0,0
18803,2014108235,1946.0,1944.0,36,36301,40.0432,-76.3023,0,0,0,0,1,0,4,10,2014,1,19.0,3.0,0,1.0,3,1,3,  ,2,3.0,0,0,1,0,0,0,0,0,0,0,0,0,0,0,0,0,0
18804,2014108272,1818.0,1808.0,39,39302,40.6397,-75.3992,0,0,0,0,0,1,1,11,2014,1,18.0,3.0,0,1.0,3,0,3,  ,0,0.0,0,0,0,0,0,0,0,0,0,0,0,0,0,1,0,0,0
18805,2014108341,1356.0,1352.0,1,1202,39.9471,-77.2491,0,0,0,0,0,0,8,10,2014,1,13.0,1.0,0,1.0,1,0,3,  ,0,0.0,1,0,0,0,0,0,0,0,0,0,0,0,0,1,0,1,0
18806,2014108449,1612.0,1609.0,46,46104,40.0133,-75.2775,0,0,0,0,0,0,1,9,2014,1,16.0,1.0,0,1.0,3,0,3,  ,0,0.0,1,0,0,0,0,0,0,0,0,0,0,0,0,0,0,0,0
18807,2014108513,1702.0,1658.0,23,23419,39.8814,-75.3051,0,0,0,0,0,0,4,11,2014,2,16.0,4.0,0,1.0,3,1,3,  ,0,0.0,0,0,1,0,0,0,0,0,0,0,0,0,0,0,0,0,0
18808,2014108763,1809.0,1808.0,46,46101,40.1429,-75.1197,0,0,1,0,0,0,5,10,2014,3,18.0,4.0,0,1.0,3,0,3,  ,0,0.0,0,0,0,0,1,0,0,0,0,0,0,0,0,0,0,0,0
18809,2014108793,912.0,859.0,59,59201,40.9397,-76.9841,0,0,0,0,0,0,4,11,2014,1,8.0,1.0,0,1.0,1,1,3,  ,3,3.0,0,0,1,0,0,0,0,0,0,0,0,0,0,0,0,1,0
18810,2014108889,714.0,707.0,19,19402,41.068,-76.2376,0,0,0,0,0,1,4,11,2014,3,7.0,1.0,0,1.0,2,1,3,  ,3,3.0,0,0,1,0,0,0,0,0,0,0,0,0,0,0,0,0,0
18811,2014108968,1655.0,1637.0,14,14410,40.7934,-77.8602,0,0,0,0,0,0,4,11,2014,3,16.0,4.0,0,1.0,3,1,3,  ,2,3.0,1,0,1,0,0,0,0,0,0,0,0,0,0,0,0,0,1
18812,2014109085,1634.0,1632.0,23,23207,39.8991,-75.4397,0,0,0,0,0,0,4,11,2014,1,16.0,1.0,7,1.0,3,3,3,  ,3,3.0,0,0,1,0,0,0,0,0,0,0,0,0,0,0,0,0,0
18813,2014109359,1530.0,1521.0,45,45402,41.0083,-75.1844,0,0,0,0,0,0,4,10,2014,6,15.0,1.0,0,1.0,2,10,3,  ,6,9.0,1,0,1,0,0,0,0,0,0,0,0,0,0,0,0,0,0
18814,2014109457,1350.0,1350.0,15,15403,40.0064,-75.7032,0,0,0,0,0,0,4,11,2014,1,10.0,1.0,0,1.0,3,0,3,  ,0,0.0,0,0,1,0,0,0,0,0,0,0,0,0,0,0,0,0,0
18815,2014109540,2222.0,2220.0,2,2430,40.4939,-79.9489,0,0,0,0,0,0,1,11,2014,3,22.0,3.0,0,1.0,3,0,3,  ,0,0.0,0,1,0,0,0,0,0,0,0,0,0,0,0,0,0,0,0
18816,2014109803,1723.0,1719.0,6,6101,40.343,-75.6282,0,0,0,0,1,0,8,6,2014,2,17.0,1.0,0,1.0,1,2,3,  ,3,3.0,1,1,0,0,0,0,0,0,0,0,1,0,0,0,0,0,0
18817,2014109821,720.0,752.0,14,14410,40.8043,-77.8615,0,0,0,0,0,0,1,11,2014,3,15.0,1.0,0,1.0,3,10,3,  ,0,0.0,1,0,0,0,0,0,0,0,0,0,0,0,0,1,0,0,1
18818,2014109871,1459.0,1454.0,25,25302,42.1235,-80.0812,0,0,1,0,0,0,5,11,2014,5,14.0,1.0,0,1.0,3,0,3,  ,0,0.0,0,0,0,0,1,0,0,0,0,0,0,0,0,0,0,0,0
18819,2014109883,2015.0,2004.0,67,67301,40.0507,-75.1421,0,0,0,0,0,1,4,10,2014,5,19.0,3.0,7,1.0,3,0,3,  ,0,0.0,0,0,1,0,0,0,0,0,0,0,0,0,0,0,0,0,0
18820,2014109896,1605.0,1600.0,67,67301,39.9543,-75.1731,0,0,0,0,0,0,4,10,2014,5,15.0,1.0,0,1.0,3,2,3,  ,3,3.0,1,0,1,0,0,0,0,0,0,0,1,0,1,1,0,0,0
18821,2014109913,1134.0,1119.0,67,67301,39.9961,-75.171,0,0,0,0,0,0,5,10,2014,6,21.0,6.0,0,1.0,3,0,99,  ,0,0.0,0,0,0,0,0,0,0,0,0,0,0,0,0,0,0,0,0
18822,2014109915,2234.0,2232.0,67,67301,39.9546,-75.2064,0,0,0,0,0,0,4,10,2014,3,22.0,3.0,0,1.0,3,1,3,  ,2,3.0,0,0,1,0,0,1,0,0,0,0,0,0,0,0,0,0,0
18823,2014109927,2240.0,2234.0,67,67301,39.9625,-75.2067,0,0,0,0,0,0,1,10,2014,4,22.0,3.0,0,9.0,3,1,7,  ,2,3.0,0,0,0,0,0,1,0,0,0,0,0,0,0,0,0,0,0
18824,2014109929,1816.0,1816.0,67,67301,39.9508,-75.1955,0,0,0,0,0,0,1,10,2014,5,18.0,1.0,0,1.0,3,0,3,  ,0,0.0,0,0,0,0,0,0,0,0,0,0,0,0,0,0,0,0,0
18825,2014109958,1539.0,1539.0,67,67301,39.9968,-75.1538,0,0,0,0,0,0,4,10,2014,2,13.0,1.0,0,1.0,3,1,3,  ,2,3.0,0,0,1,0,0,0,0,0,0,0,0,0,0,0,0,1,0
18826,2014110386,1920.0,1917.0,67,67301,39.9505,-75.1926,0,0,0,0,0,1,4,10,2014,1,19.0,3.0,0,1.0,3,1,3,  ,2,3.0,1,0,1,0,0,0,0,0,0,0,0,0,0,0,0,0,0
18827,2014110390,1808.0,1804.0,67,67301,39.9533,-75.1838,0,0,0,0,0,0,4,10,2014,5,17.0,3.0,0,1.0,3,1,3,  ,2,3.0,0,0,1,0,0,0,0,0,0,0,0,0,0,0,0,0,0
18828,2014110391,9999.0,49.0,67,67301,39.9468,-75.2358,0,0,0,0,0,0,4,9,2014,7,0.0,3.0,0,1.0,3,2,3,  ,2,3.0,1,1,1,0,0,0,1,1,0,1,0,0,0,0,0,0,1
18829,2014110400,1824.0,1824.0,67,67301,39.9551,-75.1916,0,0,0,0,0,0,4,10,2014,6,18.0,4.0,0,1.0,3,1,3,  ,0,0.0,0,0,1,0,0,0,0,0,0,0,0,0,0,0,0,0,0
18830,2014110403,1550.0,1546.0,67,67301,39.9293,-75.1686,0,0,0,0,0,0,4,10,2014,3,15.0,1.0,0,1.0,3,1,3,  ,2,3.0,0,0,1,0,0,0,0,0,0,0,0,0,0,0,0,0,0
18831,2014110415,1507.0,1503.0,67,67301,39.9339,-75.1482,0,0,0,0,0,0,4,10,2014,7,15.0,1.0,0,1.0,3,1,3,  ,2,3.0,1,0,1,0,0,0,0,0,0,0,0,0,0,0,0,0,0
18832,2014110417,1811.0,1807.0,67,67301,39.9487,-75.2272,0,0,0,0,0,0,5,10,2014,4,18.0,1.0,0,1.0,3,0,3,  ,0,0.0,0,0,0,0,0,0,0,0,0,0,0,0,0,0,0,0,0
18833,2014110432,928.0,923.0,67,67301,40.0088,-75.0901,0,0,0,1,0,0,5,10,2014,6,9.0,1.0,0,1.0,3,0,3,  ,0,0.0,0,0,0,0,1,0,0,0,0,0,0,0,0,0,0,0,0
18834,2014110433,1903.0,1858.0,67,67301,40.035,-75.0316,0,0,0,0,0,1,4,10,2014,6,18.0,3.0,0,1.0,3,1,3,  ,3,3.0,0,0,1,0,0,0,0,0,0,0,0,0,0,0,0,0,0
18835,2014110434,1928.0,1923.0,67,67301,40.0191,-75.1491,0,0,0,0,0,1,4,7,2014,3,99.0,1.0,0,1.0,3,0,3,  ,0,0.0,0,0,1,0,0,0,0,0,0,0,0,0,0,0,0,0,0
18836,2014110670,1741.0,1715.0,28,28210,39.8746,-77.8716,0,0,0,0,0,0,4,10,2014,1,17.0,1.0,0,1.0,1,1,3,  ,1,3.0,1,0,1,0,0,0,0,0,0,0,0,0,0,0,0,0,0
18837,2014110838,1740.0,1738.0,48,48301,40.6153,-75.3606,0,0,0,0,0,0,4,11,2014,7,17.0,3.0,7,1.0,3,0,3,  ,0,0.0,1,0,1,0,0,0,0,0,0,0,0,0,0,0,0,0,0
18838,2014111294,1625.0,1620.0,22,22301,40.2626,-76.8652,0,0,0,0,0,0,4,11,2014,6,16.0,1.0,0,1.0,3,0,3,  ,0,0.0,0,0,1,0,0,0,0,0,0,0,0,0,0,0,0,0,0
18839,2014111444,1845.0,1845.0,67,67301,39.9341,-75.1676,0,0,0,0,0,0,5,10,2014,7,18.0,3.0,0,1.0,3,0,3,  ,0,0.0,0,0,0,0,0,0,0,0,0,0,0,0,0,0,0,0,0
18840,2014111459,801.0,757.0,67,67301,39.9708,-75.1646,0,0,0,0,0,0,4,10,2014,5,7.0,1.0,0,9.0,3,1,7,  ,3,3.0,0,0,1,0,0,0,0,0,0,0,0,0,0,0,0,0,0
18841,2014111480,1926.0,1924.0,67,67301,39.9516,-75.1672,0,0,0,0,0,0,5,9,2014,6,99.0,4.0,0,1.0,3,0,3,  ,0,0.0,1,0,0,0,0,0,0,0,0,0,0,0,0,0,0,0,0
18842,2014111491,2030.0,2030.0,67,67301,39.9325,-75.1642,0,0,0,0,0,0,5,9,2014,1,15.0,1.0,0,1.0,3,0,3,  ,0,0.0,0,0,0,0,0,0,0,0,0,0,0,0,0,0,0,0,0
18843,2014111495,2016.0,2016.0,67,67301,39.9209,-75.2411,0,0,0,0,0,0,5,10,2014,1,19.0,4.0,0,1.0,3,0,3,  ,0,0.0,1,0,0,0,0,0,0,0,0,0,0,0,0,0,0,0,0
18844,2014111510,1150.0,1140.0,67,67301,39.9316,-75.166,0,0,0,0,0,1,5,10,2014,1,11.0,1.0,0,1.0,3,0,3,  ,0,0.0,0,0,0,0,0,0,0,0,0,0,0,0,0,0,0,0,0
18845,2014111519,1638.0,1638.0,35,35406,41.4526,-75.6257,0,0,0,0,0,0,8,11,2014,2,16.0,1.0,0,1.0,3,2,3,  ,0,0.0,0,0,0,0,0,0,0,0,0,0,0,0,0,0,0,0,0
18846,2014111538,1610.0,1600.0,9,9205,40.2853,-75.1408,0,0,0,0,0,0,5,11,2014,3,13.0,1.0,0,1.0,3,2,3,  ,0,0.0,0,0,0,0,0,0,0,0,0,0,0,0,0,0,0,1,0
18847,2014111546,1044.0,1043.0,23,23103,39.9834,-75.3064,0,0,0,0,0,0,5,10,2014,7,10.0,1.0,0,1.0,3,0,3,  ,0,0.0,0,0,0,0,0,0,0,0,0,0,0,0,0,0,0,0,0
18848,2014111965,1608.0,1603.0,2,2301,40.4491,-80.0636,0,0,0,0,0,0,6,11,2014,3,16.0,1.0,0,1.0,3,2,3,  ,3,3.0,0,0,0,0,0,0,0,0,0,0,0,0,0,0,0,0,0
18849,2014112043,1541.0,1541.0,8,8409,41.9805,-76.5153,0,0,0,0,1,0,8,11,2014,3,15.0,1.0,0,1.0,2,1,3,  ,3,3.0,0,0,0,0,0,1,0,0,0,0,0,0,0,0,0,0,0
18850,2014112195,824.0,817.0,2,2301,40.4383,-79.9795,0,0,0,0,0,0,5,11,2014,4,8.0,1.0,0,9.0,3,2,3,  ,3,3.0,0,0,0,0,0,0,0,0,0,0,0,0,0,0,0,0,0
18851,2014112243,1625.0,1621.0,15,15414,39.9558,-75.6002,0,0,0,0,1,0,4,11,2014,5,16.0,4.0,0,9.0,3,2,7,  ,2,3.0,1,0,1,0,0,0,0,0,0,0,0,0,0,0,0,0,0
18852,2014112245,1154.0,1144.0,45,45214,40.9988,-75.2603,0,0,0,0,0,0,6,10,2014,1,11.0,1.0,0,1.0,1,1,3,  ,3,3.0,0,0,0,0,0,0,0,0,0,0,0,0,0,0,0,0,0
18853,2014112302,1905.0,1904.0,4,4302,,,1,0,0,0,1,0,1,10,2014,6,19.0,3.0,0,9.0,3,0,7,  ,0,0.0,1,1,0,0,0,0,1,0,0,1,0,0,0,0,0,0,0
18854,2014112657,1720.0,1715.0,4,4424,40.8336,-80.3992,0,0,0,0,1,0,4,11,2014,2,17.0,4.0,0,1.0,3,1,3,  ,0,0.0,0,0,1,0,0,0,0,0,0,0,0,0,0,0,0,0,0
18855,2014112765,2125.0,2121.0,67,67301,40.0254,-75.0909,0,0,0,0,0,0,5,11,2014,4,21.0,3.0,0,1.0,3,0,3,  ,0,0.0,1,0,0,0,0,0,0,0,0,0,0,0,1,0,0,0,0
18856,2014112769,740.0,730.0,67,67301,39.9593,-75.1599,0,0,0,0,0,0,4,11,2014,2,7.0,1.0,0,1.0,3,1,3,  ,2,2.0,1,0,1,0,0,0,0,0,0,0,0,1,0,0,0,0,0
18857,2014112770,1907.0,1904.0,67,67301,39.9326,-75.2302,0,0,0,0,0,0,8,10,2014,6,19.0,3.0,0,1.0,3,1,3,  ,2,3.0,0,0,0,0,0,0,0,0,0,0,0,0,0,0,0,0,0
18858,2014112806,1543.0,1537.0,36,36223,40.0402,-76.3762,0,0,0,0,0,0,4,10,2014,3,15.0,1.0,7,1.0,1,0,3,  ,0,0.0,0,0,1,0,0,0,0,0,0,0,0,0,0,0,0,0,0
18859,2014112982,2315.0,2315.0,40,40304,41.2398,-75.8928,0,0,0,0,0,0,4,11,2014,7,21.0,3.0,0,1.0,3,1,3,  ,2,3.0,0,1,1,0,0,0,0,0,0,0,0,0,0,0,0,1,0
18860,2014113076,1134.0,1129.0,46,46226,40.2094,-75.3587,0,1,0,0,0,1,5,9,2014,7,11.0,1.0,0,1.0,1,0,3,  ,0,0.0,1,0,0,0,0,0,0,0,0,0,0,0,0,0,0,0,0
18861,2014113261,823.0,825.0,67,67301,39.9273,-75.154,0,0,0,0,0,0,4,10,2014,5,8.0,1.0,0,1.0,3,2,3,  ,3,3.0,0,0,1,0,0,0,0,0,0,0,0,0,0,0,0,0,0
18862,2014113280,1556.0,1554.0,67,67301,39.9344,-75.2276,0,0,0,0,0,0,5,10,2014,3,15.0,1.0,0,1.0,3,0,3,  ,0,0.0,0,0,0,0,0,1,0,0,0,0,0,0,0,0,0,0,0
18863,2014113281,1652.0,1647.0,67,67301,39.9742,-75.1566,0,0,0,0,0,1,4,10,2014,2,16.0,1.0,0,1.0,3,1,3,  ,2,3.0,0,0,1,0,0,0,0,0,0,0,0,0,0,0,0,0,1
18864,2014113353,806.0,803.0,67,67301,39.952,-75.1734,0,0,0,1,0,0,1,10,2014,4,7.0,1.0,0,1.0,3,1,3,  ,1,3.0,0,0,0,0,1,0,0,0,0,0,0,0,0,0,0,0,0
18865,2014113356,804.0,804.0,67,67301,39.9519,-75.1783,0,0,0,0,0,0,4,10,2014,3,8.0,1.0,0,1.0,3,1,3,  ,0,0.0,0,0,1,0,0,0,0,0,0,0,0,0,0,0,0,0,0
18866,2014113365,2215.0,2210.0,67,67301,39.9537,-75.209,0,0,0,0,0,0,4,10,2014,4,22.0,3.0,0,9.0,3,1,7,  ,3,3.0,0,0,1,0,0,0,0,0,0,0,0,0,0,0,0,0,0
18867,2014113370,9999.0,1308.0,67,67301,40.0079,-75.1724,0,0,0,1,0,0,5,10,2014,2,13.0,1.0,0,1.0,3,0,3,  ,0,0.0,0,0,0,0,1,0,0,0,0,0,0,0,0,0,0,0,0
18868,2014113374,1540.0,1537.0,67,67301,39.9566,-75.198,0,0,0,0,0,1,4,10,2014,3,15.0,1.0,0,1.0,3,1,3,  ,2,3.0,1,0,1,0,0,0,0,0,0,0,0,0,0,0,0,0,0
18869,2014113378,810.0,805.0,67,67301,39.9634,-75.18,0,0,0,0,0,0,5,10,2014,3,8.0,1.0,0,1.0,3,0,3,  ,0,0.0,0,0,0,0,0,0,0,0,0,0,0,0,0,0,0,0,0
18870,2014113387,838.0,834.0,67,67301,39.9707,-75.1374,0,0,0,0,0,1,4,10,2014,2,8.0,1.0,0,1.0,3,1,3,  ,3,3.0,0,0,1,0,0,0,0,0,0,0,0,0,0,0,0,0,0
18871,2014113392,1925.0,1924.0,67,67301,39.9351,-75.1692,0,0,0,0,0,0,5,11,2014,2,19.0,3.0,0,1.0,3,0,3,  ,0,0.0,0,0,0,0,0,0,0,0,0,0,0,0,0,0,0,0,0
18872,2014113411,1300.0,1300.0,67,67301,39.9515,-75.2491,0,0,0,0,0,0,1,10,2014,3,17.0,4.0,0,1.0,3,0,3,  ,0,0.0,0,0,0,0,0,0,0,0,0,0,0,0,0,0,0,0,0
18873,2014113415,1540.0,1535.0,67,67301,39.9516,-75.1822,0,0,0,0,1,0,1,10,2014,4,15.0,1.0,3,1.0,3,0,3,  ,0,0.0,0,0,0,0,0,0,0,0,0,0,0,0,0,0,0,0,0
18874,2014113436,1650.0,1645.0,67,67301,39.9439,-75.1819,0,0,0,0,0,0,4,10,2014,2,14.0,1.0,0,1.0,3,3,3,  ,2,3.0,0,0,1,0,0,0,0,0,0,0,0,0,0,0,0,0,0
18875,2014113461,1843.0,1840.0,67,67301,40.0092,-75.1578,0,0,0,0,0,0,4,10,2014,1,18.0,4.0,0,1.0,3,1,3,  ,3,3.0,0,0,1,0,0,0,0,0,0,0,0,0,0,0,0,0,0
18876,2014113470,1558.0,1557.0,67,67301,39.9383,-75.1532,0,0,0,0,0,0,4,10,2014,3,15.0,1.0,0,1.0,3,1,3,  ,2,3.0,0,0,1,0,0,0,0,0,0,0,0,0,0,0,0,0,0
18877,2014113471,1210.0,1205.0,67,67301,39.9231,-75.1597,0,0,0,0,0,0,4,10,2014,2,12.0,1.0,0,1.0,3,1,3,  ,2,3.0,0,0,1,0,0,0,0,0,0,0,0,0,0,0,0,0,0
18878,2014113479,9999.0,1505.0,67,67301,39.9994,-75.1362,0,0,0,0,0,0,4,10,2014,7,15.0,1.0,0,1.0,3,0,3,  ,0,0.0,0,0,1,0,0,0,0,0,0,0,0,0,0,0,0,1,0
18879,2014113699,1556.0,1540.0,25,25210,42.1442,-80.007,0,0,0,0,0,1,4,10,2014,3,15.0,1.0,7,9.0,1,1,3,  ,2,3.0,0,0,1,0,0,0,0,0,0,0,0,0,0,0,0,0,0
18880,2014113982,2155.0,2154.0,15,15254,40.0261,-75.6269,0,0,0,0,0,0,4,11,2014,5,21.0,3.0,0,1.0,3,1,3,  ,2,3.0,0,1,1,0,0,0,0,0,0,0,0,0,0,0,0,0,0
18881,2014114244,1015.0,1012.0,38,38301,,,0,0,0,0,0,0,4,11,2014,2,7.0,1.0,0,1.0,2,2,3,  ,0,0.0,0,0,1,0,0,0,0,0,0,0,0,0,0,0,0,0,0
18882,2014114349,,,67,67301,39.9562,-75.1941,0,0,0,0,0,0,4,8,2014,1,14.0,1.0,0,1.0,3,1,3,  ,2,3.0,0,0,1,0,0,0,0,0,0,0,0,0,0,0,0,0,0
18883,2014115184,940.0,901.0,36,36203,40.1283,-75.934,1,0,0,0,0,0,5,10,2014,6,9.0,1.0,0,1.0,1,0,3,  ,0,0.0,1,0,0,0,0,0,0,0,0,0,0,0,0,0,0,0,1
18884,2014115489,,,67,67301,39.9504,-75.1601,0,0,0,0,0,0,1,5,2014,7,0.0,6.0,0,1.0,3,1,99,  ,2,3.0,0,0,0,0,0,0,0,0,0,0,0,0,0,0,0,0,0
18885,2014115496,,,67,67301,39.9555,-75.1916,0,0,0,0,0,0,5,5,2014,4,8.0,1.0,0,1.0,3,0,3,  ,0,0.0,0,0,0,0,0,0,0,0,0,0,0,0,0,0,0,0,0
18886,2014115564,156.0,155.0,67,67301,39.9459,-75.1564,0,0,0,0,0,0,4,11,2014,4,1.0,3.0,0,1.0,3,1,3,  ,2,3.0,0,0,1,0,0,0,0,0,0,0,0,0,0,0,0,0,0
18887,2014115580,1445.0,1440.0,67,67301,39.9489,-75.1661,0,0,0,0,0,0,5,11,2014,2,14.0,1.0,0,1.0,3,0,3,  ,0,0.0,0,0,0,0,0,0,0,0,0,0,0,0,0,0,0,0,0
18888,2014115582,1553.0,1551.0,67,67301,39.9955,-75.1415,0,1,0,0,0,1,4,10,2014,1,15.0,1.0,0,1.0,3,1,3,  ,2,3.0,1,0,1,1,0,1,0,0,0,0,0,1,0,0,0,0,0
18889,2014115595,1905.0,1900.0,67,67301,39.9513,-75.1735,0,0,0,0,0,0,5,11,2014,7,15.0,1.0,0,9.0,3,0,7,  ,0,0.0,0,0,0,0,0,0,0,0,0,0,0,0,0,0,0,0,0
18890,2014115598,1351.0,1349.0,67,67301,39.9462,-75.1595,0,0,0,0,0,1,5,11,2014,3,12.0,1.0,0,1.0,3,0,3,  ,2,1.0,0,0,0,0,0,0,0,0,0,0,0,0,0,0,0,0,0
18891,2014115691,1727.0,1625.0,66,66217,40.0039,-76.7498,0,0,0,0,0,1,4,9,2014,3,16.0,1.0,0,1.0,3,3,3,  ,3,3.0,1,0,1,0,0,0,0,0,0,0,0,0,0,0,0,0,0
18892,2014115789,1448.0,1448.0,36,36407,40.1552,-76.5968,0,0,0,0,0,0,4,11,2014,4,14.0,1.0,0,1.0,2,2,3,  ,3,3.0,0,0,1,0,0,0,0,0,0,0,0,0,0,0,0,0,0
18893,2014115983,1446.0,1444.0,46,46108,40.0882,-75.2135,0,0,0,0,0,0,5,11,2014,4,14.0,1.0,0,1.0,3,1,3,  ,0,0.0,0,0,0,0,0,0,0,0,0,0,0,0,0,0,0,0,0
18894,2014116234,457.0,442.0,9,9207,40.398,-75.2449,1,0,0,1,0,0,1,8,2014,1,3.0,2.0,0,1.0,1,3,3,  ,0,0.0,0,1,0,0,1,0,0,1,0,1,0,0,0,0,0,0,0
18895,2014116324,1759.0,1753.0,66,66217,40.0316,-76.7508,0,0,0,0,0,0,1,11,2014,2,17.0,2.0,0,1.0,3,2,3,  ,3,3.0,0,0,0,0,0,1,0,0,0,0,0,0,0,0,0,0,0
18896,2014116433,1538.0,1533.0,40,40304,,,0,0,0,0,1,0,4,11,2014,6,15.0,1.0,0,1.0,3,2,3,  ,3,3.0,0,0,1,0,0,0,0,0,0,0,0,0,0,0,0,0,1
18897,2014116738,1450.0,1448.0,39,39201,40.6612,-75.4359,0,0,0,0,0,0,4,10,2014,3,14.0,1.0,0,1.0,3,2,3,  ,0,0.0,1,0,1,0,0,0,0,0,0,0,0,0,0,0,0,0,0
18898,2014117280,1953.0,1814.0,36,36301,40.049,-76.3057,0,0,0,0,0,1,4,11,2014,4,18.0,4.0,0,1.0,3,1,3,  ,3,3.0,0,0,1,0,0,0,0,0,0,0,0,0,0,0,0,0,0
18899,2014117588,1335.0,1331.0,36,36101,40.0579,-76.2808,1,0,0,0,0,1,4,11,2014,2,13.0,1.0,0,1.0,3,1,3,  ,2,3.0,1,1,1,0,0,0,1,0,0,1,0,0,0,0,0,1,0
18900,2014117603,2009.0,2005.0,67,67301,39.951,-75.1971,0,0,0,0,0,1,5,10,2014,5,20.0,3.0,0,1.0,3,0,3,  ,0,0.0,0,0,0,0,0,0,0,0,0,0,0,0,0,0,0,0,0
18901,2014117605,1117.0,1114.0,67,67301,39.9448,-75.175,0,0,0,0,0,0,4,10,2014,7,11.0,1.0,0,1.0,3,1,3,  ,2,3.0,0,0,1,0,0,0,0,0,0,0,0,0,0,0,0,0,0
18902,2014117855,1716.0,1715.0,4,4302,40.6131,-80.2759,0,0,0,0,0,0,4,11,2014,2,17.0,4.0,0,1.0,3,1,3,  ,0,0.0,0,0,1,0,0,0,0,0,0,0,0,0,0,0,0,1,0
18903,2014118065,1755.0,1755.0,38,38301,40.3379,-76.4309,0,0,0,0,0,0,4,11,2014,6,17.0,3.0,0,1.0,2,0,3,  ,0,0.0,0,0,1,0,0,0,0,0,0,0,0,0,0,0,0,1,0
18904,2014118126,1501.0,1459.0,46,46104,40.0075,-75.2901,0,0,0,0,0,0,4,11,2014,6,14.0,1.0,0,1.0,3,0,3,  ,8,3.0,1,1,1,0,0,0,1,0,0,1,0,0,0,0,0,1,0