,CRN,ARRIVAL_TM,DISPATCH_TM,COUNTY,MUNICIPALITY,DEC_LAT,DEC_LONG,BICYCLE_DEATH_COUNT,BICYCLE_SUSP_SERIOUS_INJ_COUNT,BUS_COUNT,HEAVY_TRUCK_COUNT,SMALL_TRUCK_COUNT,SUV_COUNT,COLLISION_TYPE,CRASH_MONTH,CRASH_YEAR,DAY_OF_WEEK,HOUR_OF_DAY,ILLUMINATION,LOCATION_TYPE,ROAD_CONDITION,URBAN_RURAL,INTERSECT_TYPE,WEATHER1,WEATHER2,TCD_TYPE,TCD_FUNC_CD,AGGRESSIVE_DRIVING,ALCOHOL_RELATED,ANGLE_CRASH,CELL_PHONE,COMM_VEHICLE,DISTRACTED,DRINKING_DRIVER,DRUGGED_DRIVER,FATIGUE_ASLEEP,IMPAIRED_DRIVER,NHTSA_AGG_DRIVING,RUNNING_RED_LT,RUNNING_STOP_SIGN,SPEEDING_RELATED,TAILGATING,MATURE_DRIVER,YOUNG_DRIVER
18905,2014118182,1452.0,1337.0,36,36228,39.9841,-76.2913,0,0,0,0,0,1,8,11,2014,2,13.0,1.0,0,1.0,1,1,3,  ,2,3.0,1,0,0,0,0,0,0,0,0,0,0,0,0,0,0,0,0
18906,2014118657,1558.0,1558.0,66,66413,39.8171,-76.9754,0,0,0,0,0,0,4,10,2014,6,15.0,1.0,0,1.0,2,1,3,  ,0,0.0,1,0,1,0,0,0,0,0,0,0,0,0,0,0,0,0,0
18907,2014118884,1913.0,1910.0,4,4423,40.7365,-80.307,0,0,0,0,0,0,4,11,2014,5,19.0,3.0,0,1.0,3,1,10,  ,2,3.0,0,0,1,0,0,0,0,1,0,1,0,0,0,0,0,0,1
18908,2014120141,804.0,800.0,36,36239,40.0623,-76.4894,0,0,0,0,0,0,5,12,2014,2,8.0,1.0,0,1.0,3,0,3,  ,0,0.0,0,0,0,0,0,0,0,0,0,0,0,0,0,0,0,0,1
18909,2014120197,1130.0,1120.0,6,6301,40.3337,-75.9279,0,0,0,0,0,0,4,12,2014,2,7.0,1.0,0,1.0,3,1,3,  ,2,2.0,0,0,1,0,0,0,0,0,0,0,0,0,0,0,0,0,0
18910,2014120198,1243.0,1240.0,22,22409,40.2003,-76.7297,0,0,0,0,0,0,4,11,2014,2,12.0,1.0,0,1.0,3,1,3,  ,0,0.0,0,0,1,0,0,0,0,0,0,0,0,0,0,0,0,1,0
18911,2014120264,1825.0,1817.0,67,67301,39.933,-75.1679,0,0,0,0,0,0,4,11,2014,3,18.0,3.0,0,1.0,3,0,3,  ,0,0.0,0,0,1,0,0,0,0,0,0,0,0,0,0,0,0,0,0
18912,2014120276,801.0,801.0,67,67301,39.9461,-75.1985,0,0,0,0,0,1,4,10,2014,5,8.0,1.0,7,1.0,3,2,3,  ,2,3.0,0,0,1,0,0,0,0,0,0,0,0,0,0,0,0,0,0
18913,2014120289,1216.0,1213.0,67,67301,39.9615,-75.2368,0,0,0,0,0,0,4,9,2014,4,11.0,1.0,0,1.0,3,1,3,  ,2,3.0,0,0,1,0,0,0,0,0,0,0,0,0,0,0,0,0,0
18914,2014120361,1130.0,1125.0,46,46104,40.0055,-75.2359,0,0,0,0,0,0,1,10,2014,1,11.0,1.0,0,1.0,3,2,3,  ,3,3.0,1,0,0,0,0,0,0,0,0,0,1,0,0,1,0,0,0
18915,2014120832,1855.0,1851.0,67,67301,39.9543,-75.1731,0,0,0,0,0,0,5,11,2014,6,18.0,3.0,0,1.0,3,0,3,  ,0,0.0,0,0,0,0,0,0,0,0,0,0,0,0,0,0,0,0,0
18916,2014120834,9999.0,9999.0,67,67301,39.9658,-75.2461,0,0,0,0,0,0,4,10,2014,3,6.0,5.0,0,1.0,3,1,3,  ,2,3.0,1,0,1,0,0,0,0,0,0,0,0,0,0,0,0,0,0
18917,2014120839,1449.0,1444.0,67,67301,39.941,-75.1441,0,0,0,0,0,1,4,11,2014,1,14.0,1.0,0,1.0,3,2,3,  ,3,3.0,0,0,1,0,0,0,0,0,0,0,0,0,0,0,0,0,0
18918,2014120844,1747.0,1741.0,67,67301,40.0519,-75.0793,0,0,0,0,0,0,4,11,2014,2,17.0,3.0,0,1.0,3,1,3,  ,3,3.0,0,0,1,0,0,0,0,0,0,0,0,0,0,0,0,1,0
18919,2014120875,1451.0,1450.0,67,67301,39.9657,-75.2065,0,0,0,0,0,0,4,11,2014,2,14.0,1.0,0,1.0,3,3,3,  ,3,3.0,0,0,1,0,0,0,0,0,0,0,0,0,0,0,0,0,0
18920,2014120885,1043.0,1043.0,67,67301,39.9852,-75.1351,0,0,0,0,0,0,4,7,2014,5,10.0,1.0,0,1.0,3,1,3,  ,3,3.0,0,0,1,0,0,0,0,0,0,0,0,0,0,0,0,0,0
18921,2014120902,1947.0,1940.0,67,67301,40.0311,-75.1778,0,0,0,0,0,0,4,11,2014,2,19.0,3.0,7,1.0,3,2,3,  ,2,3.0,0,0,1,0,0,0,0,0,0,0,0,0,0,0,0,0,0
18922,2014120922,1321.0,1317.0,67,67301,40.0898,-75.0334,0,0,0,0,0,1,4,11,2014,5,13.0,1.0,7,1.0,3,0,3,  ,0,0.0,1,0,1,0,0,0,0,0,0,0,0,0,0,0,0,0,0
18923,2014120940,1320.0,1318.0,67,67301,39.9501,-75.1914,0,0,0,0,0,0,5,11,2014,4,12.0,1.0,0,1.0,3,0,3,  ,0,0.0,0,0,0,0,0,0,0,0,0,0,0,0,0,0,0,0,0
18924,2014121340,936.0,935.0,10,10301,40.8617,-79.9005,0,0,0,0,0,1,4,11,2014,3,9.0,1.0,0,1.0,2,1,3,  ,3,3.0,0,0,1,0,0,0,0,0,0,0,0,0,0,0,0,0,0
18925,2014121401,1013.0,1009.0,67,67301,39.9373,-75.2339,0,0,0,0,0,1,2,11,2014,7,10.0,1.0,0,1.0,3,0,3,  ,0,0.0,0,1,0,0,0,0,0,0,0,0,0,0,0,0,0,0,0
18926,2014121404,1716.0,1713.0,67,67301,39.9434,-75.2323,0,0,0,0,0,1,4,11,2014,6,17.0,3.0,0,1.0,3,1,3,  ,2,3.0,0,0,1,0,0,0,0,0,0,0,0,0,0,0,0,0,0
18927,2014121417,2118.0,2115.0,67,67301,40.0358,-75.0777,0,0,0,0,0,0,4,11,2014,7,21.0,3.0,0,1.0,3,1,3,  ,2,3.0,0,0,1,0,0,0,0,0,0,0,0,0,0,0,0,0,0
18928,2014121449,1824.0,1814.0,67,67301,39.9257,-75.1608,0,0,0,0,0,0,4,11,2014,5,18.0,2.0,0,1.0,3,1,3,  ,3,3.0,0,0,1,0,0,0,0,0,0,0,0,0,0,0,0,1,0
18929,2014121463,9999.0,1900.0,67,67301,40.0256,-75.1438,0,0,0,0,0,1,4,11,2014,5,17.0,3.0,0,9.0,3,1,7,  ,3,3.0,0,0,1,0,0,0,0,0,0,0,0,0,0,0,0,0,0
18930,2014121489,820.0,816.0,67,67301,39.9992,-75.1344,0,0,0,0,0,0,4,11,2014,5,99.0,1.0,0,1.0,3,1,3,  ,3,3.0,0,0,1,0,0,0,0,0,0,0,0,0,0,0,0,0,0
18931,2014121492,9999.0,9999.0,67,67301,39.9451,-75.1685,0,0,0,0,0,0,4,11,2014,5,99.0,3.0,0,1.0,3,1,3,  ,2,3.0,0,0,1,0,0,0,0,0,0,0,0,0,0,0,0,0,0
18932,2014121975,546.0,544.0,2,2430,40.4968,-79.9419,0,0,0,0,0,0,6,11,2014,4,5.0,3.0,99,9.0,3,1,7,  ,3,3.0,0,0,0,0,0,0,0,0,0,0,0,0,0,0,0,0,0
18933,2014122020,848.0,845.0,67,67301,39.9531,-75.1819,0,0,0,0,1,0,4,11,2014,3,8.0,1.0,0,1.0,3,0,3,  ,0,0.0,0,0,1,0,0,0,0,0,0,0,0,0,0,0,0,0,0
18934,2014122408,852.0,850.0,67,67301,39.9509,-75.1994,0,0,0,1,0,0,5,11,2014,5,8.0,1.0,0,1.0,3,0,3,  ,0,0.0,0,0,0,0,1,0,0,0,0,0,0,0,0,0,0,0,0
18935,2014122424,2246.0,2243.0,67,67301,39.9381,-75.1682,0,0,0,0,0,0,6,11,2014,1,22.0,3.0,0,9.0,3,0,7,  ,0,0.0,0,0,0,0,0,0,0,0,0,0,0,0,0,0,0,0,0
18936,2014122496,849.0,848.0,67,67301,39.9945,-75.1152,0,0,0,0,0,0,6,11,2014,4,8.0,1.0,0,1.0,3,2,3,  ,0,0.0,0,0,0,0,0,0,0,0,0,0,0,0,0,0,0,0,0
18937,2014123440,808.0,808.0,25,25213,42.1004,-80.144,0,0,0,0,0,1,4,12,2014,2,8.0,1.0,0,1.0,3,0,3,  ,0,0.0,0,0,1,0,0,0,0,0,0,0,0,0,0,0,0,0,0
18938,2014123446,930.0,925.0,40,40304,41.2407,-75.8943,0,0,0,0,0,0,4,12,2014,2,9.0,1.0,0,1.0,3,1,3,  ,2,3.0,0,0,1,0,0,0,0,0,0,0,0,0,0,0,0,0,0
18939,2014123461,1135.0,1128.0,14,14210,40.7652,-77.8274,0,0,0,0,0,0,1,12,2014,6,16.0,1.0,0,9.0,1,2,7,  ,0,0.0,0,0,0,0,0,0,0,0,0,0,0,0,0,0,0,0,0
18940,2014123499,1352.0,1342.0,6,6301,40.3502,-75.9152,0,0,0,0,0,1,4,12,2014,2,13.0,1.0,0,1.0,3,1,3,  ,0,0.0,0,0,1,0,0,0,0,0,0,0,0,0,0,0,0,0,0
18941,2014123767,511.0,507.0,66,66227,39.9838,-76.7222,0,0,0,0,0,0,4,12,2014,3,5.0,2.0,0,9.0,3,2,7,  ,2,3.0,0,0,1,0,0,0,0,0,0,0,0,0,0,0,0,0,0
18942,2014123892,2111.0,2108.0,23,23111,39.9548,-75.3226,0,0,0,0,0,0,4,12,2014,5,21.0,3.0,0,1.0,3,2,3,  ,0,0.0,0,1,1,0,0,0,1,0,0,1,0,0,0,0,0,0,0
18943,2014124160,2020.0,2016.0,46,46113,40.225,-75.3063,0,0,0,0,0,0,2,12,2014,3,20.0,3.0,0,9.0,3,2,7,  ,3,3.0,0,0,0,0,0,0,0,0,0,0,0,0,0,0,0,0,0
18944,2014125056,1750.0,1728.0,67,67301,39.9194,-75.1707,0,0,0,0,0,1,4,11,2014,2,17.0,3.0,0,1.0,3,1,3,  ,2,3.0,1,0,1,0,0,0,0,0,0,0,0,1,0,0,0,0,0
18945,2014125058,2021.0,2020.0,67,67301,39.9648,-75.1691,0,0,0,0,0,0,4,11,2014,7,20.0,3.0,0,1.0,3,1,3,  ,3,3.0,0,0,1,0,0,0,0,0,0,0,0,0,0,0,0,0,0
18946,2014125119,1942.0,1935.0,67,67301,39.9471,-75.1545,0,0,0,0,0,0,5,12,2014,2,19.0,3.0,0,9.0,3,0,7,  ,0,0.0,1,0,0,0,0,0,0,0,0,0,0,1,0,0,0,0,0
18947,2014125122,2055.0,2045.0,67,67301,40.0256,-75.138,0,0,0,0,0,0,5,11,2014,6,20.0,3.0,0,1.0,3,0,3,  ,0,0.0,0,1,0,0,0,0,0,0,0,0,0,0,0,0,0,0,0
18948,2014126413,1000.0,935.0,67,67301,40.0121,-75.1572,0,0,1,0,0,0,5,12,2014,6,9.0,1.0,0,1.0,3,0,3,  ,0,0.0,0,0,0,0,1,0,0,0,0,0,0,0,0,0,0,0,0
18949,2014126541,1720.0,1718.0,66,66301,39.9556,-76.7259,0,1,0,0,0,0,8,12,2014,2,17.0,3.0,0,1.0,3,2,3,  ,3,3.0,0,0,0,0,0,0,0,0,0,0,0,0,0,0,0,1,0
18950,2014126619,1347.0,1342.0,40,40408,41.2538,-75.8947,0,0,0,0,0,0,4,12,2014,4,13.0,1.0,7,9.0,3,0,7,  ,0,0.0,0,0,1,0,0,0,0,0,0,0,0,0,0,0,0,1,0
18951,2014126898,1222.0,1220.0,9,9409,40.2167,-74.7795,0,0,0,0,0,0,5,12,2014,3,12.0,1.0,0,1.0,3,2,3,  ,0,0.0,0,0,0,0,0,0,0,0,0,0,0,0,0,0,0,0,0
18952,2014126954,1720.0,1720.0,25,25302,42.1356,-80.0687,0,0,0,0,0,0,4,12,2014,2,17.0,2.0,0,1.0,3,0,3,  ,0,0.0,0,1,1,0,0,1,0,0,0,0,0,0,0,0,0,0,0
18953,2014127331,635.0,628.0,15,15203,40.0044,-75.6563,0,0,0,0,0,0,5,12,2014,3,6.0,3.0,0,9.0,1,0,5,  ,0,0.0,1,0,0,0,0,0,0,0,0,0,0,0,0,0,0,0,0
18954,2014127406,1855.0,1853.0,67,67301,39.9231,-75.1506,0,0,0,0,0,0,4,12,2014,2,18.0,3.0,0,1.0,3,1,3,  ,3,3.0,0,0,1,0,0,0,0,0,0,0,0,0,0,0,0,0,0
18955,2014127412,1305.0,1300.0,67,67301,39.9654,-75.1625,0,0,0,0,0,0,4,11,2014,4,12.0,1.0,0,9.0,3,1,7,  ,2,3.0,0,0,1,0,0,0,0,0,0,0,0,0,0,0,0,0,0
18956,2014127427,2150.0,2142.0,67,67301,39.9773,-75.1982,0,0,0,0,0,0,4,12,2014,5,21.0,3.0,0,1.0,3,2,3,  ,2,3.0,0,0,1,0,0,0,0,0,0,0,0,0,0,0,0,0,0
18957,2014127430,2005.0,2005.0,67,67301,40.0431,-75.1672,0,0,0,0,0,0,4,12,2014,1,20.0,3.0,0,1.0,3,1,3,  ,2,3.0,0,0,1,0,0,0,0,0,0,0,0,0,0,0,0,0,0
18958,2014127431,1400.0,1400.0,67,67301,39.9621,-75.2428,0,0,0,0,0,0,4,11,2014,4,13.0,1.0,0,7.0,3,1,10,  ,2,3.0,0,0,1,0,0,0,0,0,0,0,0,0,0,0,0,0,0
18959,2014127519,1455.0,1450.0,67,67301,39.9957,-75.1681,0,0,0,0,0,0,4,12,2014,4,14.0,1.0,0,9.0,3,2,7,  ,3,3.0,1,0,1,0,0,0,0,0,0,0,0,0,0,0,0,0,0
18960,2014127552,2335.0,2330.0,67,67301,39.9898,-75.0934,0,0,0,0,0,1,5,12,2014,6,21.0,3.0,0,9.0,3,0,7,  ,0,0.0,0,0,0,0,0,0,0,0,0,0,0,0,0,0,0,0,0
18961,2014127913,1408.0,1408.0,67,67301,39.9274,-75.2319,0,0,0,0,0,0,5,12,2014,6,11.0,1.0,0,1.0,3,0,99,  ,0,0.0,0,0,0,0,0,0,0,0,0,0,0,0,0,0,0,0,0
18962,2014127943,1746.0,1744.0,2,2301,40.4475,-79.9475,0,0,0,0,0,0,4,12,2014,5,17.0,3.0,7,1.0,3,0,3,  ,0,0.0,1,0,1,0,0,0,0,0,0,0,0,0,0,0,0,0,0
18963,2014128647,1850.0,1844.0,39,39201,40.6609,-75.4387,0,0,0,0,0,0,1,12,2014,4,18.0,2.0,0,9.0,3,0,10,  ,0,0.0,0,0,0,0,0,0,0,0,0,0,0,0,0,0,0,0,0
18964,2014128687,936.0,935.0,23,23427,39.926,-75.246,0,0,0,0,0,1,4,12,2014,7,9.0,1.0,0,1.0,3,0,3,  ,0,0.0,0,0,1,0,0,0,0,0,0,0,0,0,0,0,0,0,0
18965,2014128997,1515.0,1512.0,25,25213,42.0458,-80.1314,0,0,0,0,0,1,5,12,2014,1,15.0,1.0,0,1.0,3,2,3,  ,3,3.0,1,0,0,0,0,0,0,0,0,0,0,0,0,0,0,0,1
18966,2014129220,1851.0,1734.0,28,28201,39.7213,-77.7364,0,0,0,0,0,0,5,11,2014,2,17.0,3.0,0,1.0,1,0,3,  ,0,0.0,0,0,0,0,0,0,0,0,0,0,0,0,0,0,0,0,0
18967,2014129887,2230.0,2226.0,67,67301,39.9247,-75.1626,0,0,0,0,0,0,4,9,2014,2,22.0,3.0,0,1.0,3,1,3,  ,3,3.0,0,0,1,0,0,0,0,0,0,0,0,0,0,0,0,0,0
18968,2014129994,2046.0,2043.0,25,25219,41.9331,-80.1264,0,0,0,0,0,0,5,12,2014,7,20.0,2.0,0,1.0,2,0,3,  ,0,0.0,1,0,0,0,0,0,0,0,0,0,0,0,0,0,0,0,0
18969,2014130318,1650.0,1646.0,9,9215,40.2658,-75.2284,0,0,0,0,0,0,4,11,2014,3,16.0,4.0,0,1.0,1,1,3,  ,2,3.0,1,1,1,0,0,0,1,1,0,1,0,0,0,0,0,0,0
18970,2014130387,1731.0,1714.0,67,67301,39.9721,-75.2469,0,0,0,0,0,0,1,12,2014,6,17.0,3.0,0,1.0,3,1,3,  ,2,3.0,0,0,0,0,0,0,0,0,0,0,0,0,0,0,0,0,0
18971,2014130441,2210.0,2205.0,67,67301,39.9457,-75.1548,0,0,0,0,0,1,4,12,2014,2,22.0,3.0,0,1.0,3,1,3,  ,2,3.0,0,0,1,0,0,0,0,0,0,0,0,0,0,0,0,0,0
18972,2014130479,1840.0,1840.0,67,67301,40.0103,-75.1309,0,0,0,0,0,0,6,12,2014,7,18.0,3.0,0,9.0,3,0,3,  ,0,0.0,1,0,0,0,0,0,0,0,0,0,0,0,0,0,0,0,0
18973,2014130490,1648.0,1645.0,67,67301,39.9362,-75.1788,0,0,0,0,0,0,1,12,2014,2,16.0,1.0,0,1.0,3,0,3,  ,0,0.0,0,0,0,0,0,0,0,0,0,0,0,0,0,0,0,0,0
18974,2014130502,1600.0,1555.0,67,67301,39.9505,-75.1926,0,0,0,0,0,0,4,11,2014,6,15.0,1.0,0,1.0,3,1,3,  ,2,3.0,0,0,1,0,0,0,0,0,0,0,0,0,0,0,0,0,1
18975,2014130508,850.0,848.0,67,67301,39.9504,-75.1995,0,0,0,0,0,1,4,12,2014,5,8.0,1.0,0,1.0,3,0,3,  ,2,3.0,0,0,1,0,0,0,0,0,0,0,0,0,0,0,0,0,0
18976,2014130509,1045.0,1040.0,67,67301,39.9266,-75.167,0,0,0,0,0,0,5,12,2014,4,10.0,1.0,0,1.0,3,1,3,  ,2,3.0,0,0,0,0,0,0,0,0,0,0,0,0,0,0,0,0,0
18977,2014130517,1557.0,1557.0,67,67301,39.9535,-75.1853,0,0,0,1,0,0,4,11,2014,3,15.0,1.0,0,1.0,3,2,3,  ,2,3.0,0,0,1,0,1,0,0,0,0,0,0,0,0,0,0,0,0
18978,2014130518,1602.0,1601.0,67,67301,39.9792,-75.1728,0,0,0,0,0,0,4,12,2014,4,16.0,1.0,0,1.0,3,1,3,  ,3,3.0,0,0,1,0,0,0,0,0,0,0,0,0,0,0,0,0,0
18979,2014130521,1747.0,1746.0,67,67301,39.9562,-75.1941,0,0,0,0,0,0,4,12,2014,2,17.0,3.0,0,9.0,3,1,7,  ,2,3.0,1,0,1,0,0,0,0,0,0,0,0,0,0,0,0,0,0
18980,2014131800,1530.0,1530.0,67,67301,39.9543,-75.1766,0,0,0,0,0,0,5,12,2014,5,15.0,1.0,0,1.0,3,0,3,  ,0,0.0,0,0,0,0,0,0,0,0,0,0,0,0,0,0,0,1,0
18981,2014132165,1651.0,1648.0,36,36204,40.2093,-76.2587,0,0,0,0,0,0,5,12,2014,5,16.0,4.0,0,1.0,1,2,3,  ,0,0.0,0,0,0,0,0,0,0,0,0,0,0,0,0,0,0,0,0
18982,2014132216,1626.0,1617.0,2,2301,40.4458,-79.9924,0,0,0,0,0,1,4,12,2014,3,16.0,1.0,0,1.0,3,1,3,  ,2,3.0,1,0,1,0,0,0,0,0,0,0,0,0,0,0,0,0,0
18983,2014132217,2229.0,2227.0,33,33406,40.9475,-78.9676,0,0,0,0,0,1,4,12,2014,6,22.0,3.0,0,1.0,2,2,3,  ,0,0.0,1,0,1,0,0,0,0,0,0,0,0,0,0,0,0,0,0
18984,2015001502,1930.0,9999.0,67,67301,40.006,-75.0933,0,0,0,0,0,0,4,12,2014,6,18.0,3.0,0,1.0,3,1,3,  ,2,3.0,0,0,1,0,0,0,0,0,0,0,0,0,0,0,0,0,0
18985,2015001556,1500.0,1456.0,46,46412,40.0069,-75.2606,0,0,0,0,0,1,4,11,2014,1,14.0,1.0,0,1.0,3,1,3,  ,3,3.0,0,0,1,0,0,0,0,0,0,0,0,0,0,0,0,0,0
18986,2015001625,1219.0,1212.0,21,21213,40.1854,-77.2109,0,0,0,0,0,0,4,12,2014,3,12.0,1.0,0,9.0,1,0,7,  ,0,0.0,1,0,1,0,0,0,0,0,0,0,0,0,0,0,0,0,0
18987,2015002669,2100.0,1804.0,67,67301,39.9485,-75.2068,0,0,0,0,1,0,5,12,2014,2,17.0,3.0,0,9.0,3,0,7,  ,0,0.0,1,0,0,0,0,0,0,0,0,0,0,1,0,0,0,0,0
18988,2015002685,43.0,41.0,67,67301,39.9631,-75.1666,0,0,0,0,0,0,5,12,2014,6,23.0,3.0,0,1.0,3,0,3,  ,0,0.0,0,0,0,0,0,0,0,0,0,0,0,0,0,0,0,0,0
18989,2015002688,2327.0,2327.0,67,67301,40.0372,-75.1365,0,1,0,0,0,1,4,8,2014,6,23.0,3.0,0,1.0,3,3,3,  ,0,0.0,0,0,1,0,0,0,0,0,0,0,0,0,0,0,0,0,0
18990,2015002693,2018.0,2018.0,67,67301,39.9482,-75.1425,0,0,0,0,0,0,4,12,2014,3,20.0,3.0,0,9.0,3,1,7,  ,2,3.0,0,0,1,0,0,0,0,0,0,0,0,0,0,0,0,0,0
18991,2015002705,1027.0,1025.0,67,67301,39.9555,-75.1888,0,0,0,0,0,0,5,12,2014,2,10.0,1.0,0,1.0,3,0,3,  ,0,0.0,0,0,0,0,0,0,0,0,0,0,0,0,0,0,0,1,0
18992,2015002762,2313.0,2310.0,67,67301,39.9526,-75.1653,0,0,0,0,0,0,4,12,2014,3,23.0,3.0,0,9.0,3,1,3,  ,2,3.0,0,0,1,0,0,0,0,0,0,0,0,0,0,0,0,0,0
18993,2015002785,32.0,2300.0,67,67301,,,0,0,0,0,0,0,4,12,2014,4,15.0,1.0,7,1.0,3,0,3,  ,0,0.0,0,0,1,0,0,0,0,0,0,0,0,0,0,0,0,0,1
18994,2015002787,1832.0,1825.0,67,67301,40.0056,-75.1033,0,1,0,0,0,0,4,12,2014,1,18.0,3.0,0,9.0,3,1,7,  ,2,3.0,0,0,1,0,0,0,0,0,0,0,0,0,0,0,0,0,0
18995,2015003301,1622.0,1618.0,67,67301,39.9506,-75.1939,0,0,0,0,0,0,5,12,2014,5,16.0,1.0,0,1.0,3,0,3,  ,0,0.0,0,0,0,0,0,0,0,0,0,0,0,0,0,0,0,0,0
18996,2015003302,1316.0,1316.0,67,67301,39.9505,-75.1926,0,0,0,0,0,0,4,12,2014,6,13.0,1.0,0,1.0,3,1,3,  ,2,3.0,0,0,1,0,0,0,0,0,0,0,0,0,0,0,0,0,0
18997,2015006081,1836.0,1836.0,67,67301,39.9533,-75.2053,0,0,0,0,0,0,4,12,2014,2,18.0,3.0,0,9.0,3,1,7,  ,3,3.0,0,0,1,0,0,0,0,0,0,0,0,0,0,0,0,0,0
18998,2015006115,1241.0,1237.0,67,67301,40.0332,-75.0908,0,0,0,0,0,1,4,12,2014,2,12.0,1.0,7,1.0,3,0,3,  ,0,0.0,1,0,1,0,0,0,0,0,0,0,0,0,0,0,0,0,0
18999,2015006600,1541.0,1532.0,67,67301,40.0002,-75.1493,0,0,0,0,1,0,4,12,2014,3,13.0,1.0,0,9.0,3,2,7,  ,3,3.0,0,0,1,0,0,0,0,0,0,0,0,0,0,0,0,0,0
19000,2015006618,1008.0,1005.0,67,67301,39.9627,-75.1635,0,0,0,0,0,0,5,12,2014,2,9.0,1.0,0,1.0,3,0,3,  ,0,0.0,0,0,0,0,0,0,0,0,0,0,0,0,0,0,0,0,0
19001,2015006644,1730.0,1718.0,67,67301,39.9372,-75.1615,0,0,0,0,0,0,4,12,2014,4,16.0,1.0,7,1.0,3,0,3,  ,2,9.0,1,0,1,0,0,0,0,0,0,0,0,0,0,0,0,0,0
19002,2015006670,930.0,923.0,67,67301,40.0262,-75.1174,0,0,0,0,0,1,4,12,2014,4,9.0,1.0,0,9.0,3,1,7,  ,2,3.0,0,0,1,0,0,0,0,0,0,0,0,0,0,0,0,0,0
19003,2015006683,1252.0,1250.0,67,67301,39.9771,-75.1453,0,0,0,0,0,1,4,12,2014,3,12.0,1.0,0,1.0,3,1,3,  ,3,3.0,0,0,1,0,0,0,0,0,0,0,0,0,0,0,0,1,0
19004,2015006693,1616.0,1615.0,67,67301,39.9539,-75.2008,0,0,0,0,0,0,1,12,2014,3,16.0,4.0,0,9.0,3,0,7,  ,0,0.0,0,0,0,0,0,0,0,0,0,0,0,0,0,0,0,1,0
19005,2015008107,1856.0,1851.0,8,8204,41.9748,-76.5408,0,0,0,0,0,0,4,12,2014,4,18.0,3.0,7,1.0,1,0,3,  ,0,0.0,1,0,1,0,0,0,0,0,0,0,1,0,0,0,0,0,0
19006,2015008113,1002.0,959.0,15,15247,39.9641,-75.5947,1,0,0,1,0,0,4,12,2014,4,9.0,1.0,0,9.0,3,1,7,  ,2,3.0,0,0,1,0,1,0,0,0,0,0,0,0,0,0,0,0,0
19007,2015018985,240.0,236.0,67,67301,39.9548,-75.1664,0,0,0,0,0,0,4,6,2014,5,2.0,3.0,0,9.0,3,1,3,  ,2,3.0,0,1,1,0,0,0,0,0,0,0,0,0,0,0,0,0,0
19008,2015020310,1957.0,1951.0,40,40301,40.9594,-75.9855,0,0,0,0,0,1,4,4,2014,2,19.0,1.0,0,1.0,2,1,3,  ,0,0.0,0,0,1,0,0,0,0,0,0,0,0,0,0,0,0,0,0
19009,2015020683,1700.0,1714.0,67,67301,39.93,-75.1649,0,0,0,0,0,0,5,12,2014,6,15.0,1.0,0,1.0,3,0,3,  ,0,0.0,0,0,0,0,0,0,0,0,0,0,0,0,0,0,0,0,0
19010,2015020727,1340.0,1335.0,67,67301,39.9215,-75.1569,0,0,0,0,0,1,4,8,2014,4,13.0,1.0,0,1.0,3,1,3,  ,2,3.0,0,0,1,0,0,0,0,0,0,0,0,0,0,0,0,0,0
19011,2015023493,1325.0,1321.0,22,22301,40.2596,-76.865,0,0,0,0,0,0,2,6,2014,3,13.0,1.0,0,1.0,3,1,3,  ,3,3.0,0,0,0,0,0,0,0,0,0,0,0,0,0,0,0,0,0
19012,2015028936,1515.0,1512.0,39,39405,40.5373,-75.4916,0,0,0,0,1,0,5,12,2014,2,15.0,1.0,0,1.0,3,0,3,  ,3,3.0,0,0,0,0,0,0,0,0,0,0,0,0,0,0,0,1,0
19013,2015029863,,,67,67301,40.0355,-75.2353,0,0,0,0,0,0,4,10,2014,7,12.0,1.0,0,1.0,3,0,3,  ,0,0.0,1,0,1,0,0,0,0,0,0,0,0,0,0,0,0,0,0
19014,2015043799,1621.0,1620.0,40,40301,40.9537,-75.9707,0,0,0,0,0,0,4,10,2014,3,16.0,1.0,0,1.0,2,1,3,  ,3,3.0,1,0,1,0,0,1,0,0,0,0,0,0,0,0,0,0,0
19015,2016023706,2252.0,2250.0,23,23420,39.8756,-75.323,0,1,0,0,1,0,5,4,2014,2,22.0,3.0,0,1.0,3,0,3,  ,0,0.0,0,0,0,0,0,0,0,0,0,0,0,0,0,0,0,0,0
19016,2016071971,1154.0,1147.0,46,46222,40.152,-75.4567,0,0,0,0,0,0,1,6,2014,1,11.0,1.0,0,1.0,3,0,3,  ,0,0.0,0,0,0,0,0,1,0,0,0,0,0,0,0,0,0,0,0
19017,2017029285,740.0,730.0,22,22208,40.3271,-76.7686,0,0,0,0,0,0,7,6,2014,3,7.0,1.0,0,1.0,3,0,3,  ,0,0.0,1,0,0,0,0,0,0,0,0,0,1,0,0,1,0,0,1