,CRN,ARRIVAL_TM,DISPATCH_TM,COUNTY,MUNICIPALITY,DEC_LAT,DEC_LONG,BICYCLE_DEATH_COUNT,BICYCLE_SUSP_SERIOUS_INJ_COUNT,BUS_COUNT,HEAVY_TRUCK_COUNT,SMALL_TRUCK_COUNT,SUV_COUNT,COLLISION_TYPE,CRASH_MONTH,CRASH_YEAR,DAY_OF_WEEK,HOUR_OF_DAY,ILLUMINATION,LOCATION_TYPE,ROAD_CONDITION,URBAN_RURAL,INTERSECT_TYPE,WEATHER1,WEATHER2,TCD_TYPE,TCD_FUNC_CD,AGGRESSIVE_DRIVING,ALCOHOL_RELATED,ANGLE_CRASH,CELL_PHONE,COMM_VEHICLE,DISTRACTED,DRINKING_DRIVER,DRUGGED_DRIVER,FATIGUE_ASLEEP,IMPAIRED_DRIVER,NHTSA_AGG_DRIVING,RUNNING_RED_LT,RUNNING_STOP_SIGN,SPEEDING_RELATED,TAILGATING,MATURE_DRIVER,YOUNG_DRIVER
19018,2017029286,1956.0,1951.0,22,22208,40.3049,-76.8072,0,0,0,0,0,0,2,10,2014,6,19.0,3.0,0,1.0,3,2,3,  ,3,3.0,0,0,0,0,0,0,0,0,0,0,0,0,0,0,0,0,0
19019,2017029291,745.0,741.0,22,22208,40.2753,-76.8145,0,0,0,0,0,0,4,12,2014,2,7.0,1.0,7,1.0,3,0,3,  ,0,0.0,1,0,1,0,0,0,0,0,0,0,0,0,0,0,0,1,0
19020,2015006059,2315.0,2312.0,67,67301,39.9359,-75.1569,0,0,0,0,0,1,4,1,2015,5,23.0,3.0,0,1.0,3,1,3,  ,2,3.0,0,0,1,0,0,0,0,0,0,0,0,0,0,0,0,0,0
19021,2015006131,1145.0,1143.0,67,67301,39.9957,-75.1541,0,0,0,0,0,0,4,1,2015,7,11.0,1.0,0,9.0,3,0,7,  ,0,0.0,0,0,1,0,0,0,0,0,0,0,0,0,0,0,0,0,0
19022,2015007505,1555.0,1544.0,36,36214,40.0731,-76.3576,0,0,0,0,0,0,6,1,2015,3,15.0,1.0,0,1.0,3,0,3,  ,0,0.0,0,0,0,0,0,0,0,0,0,0,0,0,0,0,0,1,0
19023,2015007565,821.0,816.0,25,25302,42.1221,-80.0849,0,0,0,0,0,0,2,1,2015,1,8.0,1.0,2,9.0,3,1,7,  ,2,3.0,1,0,0,0,0,0,0,0,0,0,1,0,0,0,0,0,0
19024,2015009315,1406.0,1400.0,67,67301,40.0235,-75.1334,0,0,0,0,0,0,4,1,2015,4,13.0,1.0,0,9.0,3,1,10,  ,2,3.0,1,0,1,0,0,0,0,0,0,0,0,0,0,0,0,0,0
19025,2015009633,2035.0,2030.0,67,67301,39.9485,-75.1622,0,0,0,0,0,1,5,1,2015,6,20.0,3.0,0,9.0,3,0,3,  ,0,0.0,0,0,0,0,0,0,0,0,0,0,0,0,0,0,0,0,0
19026,2015010804,1450.0,1449.0,48,48302,40.691,-75.2131,0,0,0,0,0,0,4,1,2015,6,14.0,1.0,0,1.0,3,1,3,  ,2,3.0,1,0,1,0,0,0,0,0,0,0,0,0,0,0,0,1,0
19027,2015012545,640.0,630.0,66,66422,39.9745,-76.7322,0,0,0,0,0,0,2,1,2015,4,6.0,2.0,0,1.0,3,0,3,  ,0,0.0,0,0,0,0,0,1,0,0,0,0,0,0,0,0,0,1,0
19028,2015013331,1824.0,1800.0,44,44210,40.4151,-77.8151,0,0,0,0,0,0,8,1,2015,2,18.0,2.0,3,1.0,1,0,3,  ,0,0.0,0,0,0,0,0,0,0,0,0,0,0,0,0,0,0,0,0
19029,2015015599,1845.0,1845.0,67,67301,39.9562,-75.1941,0,0,0,0,1,0,4,1,2015,5,18.0,3.0,0,1.0,3,1,3,  ,2,3.0,0,0,1,0,0,0,0,0,0,0,0,0,0,0,0,0,0
19030,2015016434,1041.0,1037.0,39,39301,40.5986,-75.4849,0,0,0,0,0,0,4,2,2015,6,10.0,1.0,0,2.0,3,1,3,  ,0,0.0,0,0,1,0,0,0,0,0,0,0,0,0,0,0,0,1,0
19031,2015017472,1921.0,1915.0,9,9101,40.1146,-74.9021,0,0,0,0,1,0,4,1,2015,6,19.0,3.0,0,1.0,3,2,3,  ,2,3.0,0,0,1,0,0,0,0,0,0,0,0,0,0,0,0,1,0
19032,2015017610,1848.0,1848.0,2,2113,40.4648,-79.8394,0,0,0,0,0,0,4,2,2015,2,18.0,3.0,0,1.0,3,0,3,  ,0,0.0,1,0,1,0,0,0,0,0,0,0,0,0,0,0,0,0,0
19033,2015018085,1629.0,1613.0,40,40224,41.3137,-75.7317,0,0,0,0,0,0,8,2,2015,6,16.0,1.0,0,1.0,1,0,3,  ,0,0.0,0,0,0,0,0,0,0,0,0,0,0,0,0,0,0,0,0
19034,2015018267,1605.0,1602.0,40,40206,41.3542,-75.9317,0,0,0,0,0,1,4,2,2015,4,16.0,1.0,0,1.0,1,1,3,  ,3,3.0,0,0,1,0,0,0,0,0,0,0,0,0,0,0,0,0,0
19035,2015020780,1717.0,1713.0,67,67301,39.9482,-75.155,0,0,0,0,0,0,4,2,2015,3,17.0,4.0,7,2.0,3,0,3,  ,0,0.0,0,0,1,0,0,0,0,0,0,0,0,0,0,0,0,0,0
19036,2015020842,1432.0,1358.0,67,67301,39.93,-75.1647,0,0,0,0,0,1,4,1,2015,6,13.0,1.0,0,1.0,3,1,3,  ,3,3.0,0,0,1,0,0,0,0,0,0,0,0,0,0,0,0,0,0
19037,2015024335,2141.0,2128.0,14,14210,40.7751,-77.8102,0,0,0,0,0,0,5,2,2015,3,16.0,4.0,0,1.0,1,2,3,  ,0,0.0,1,0,0,0,0,0,0,0,0,0,0,0,0,0,0,1,0
19038,2015025026,1845.0,1841.0,67,67301,39.9309,-75.1622,0,0,0,0,0,0,4,2,2015,4,18.0,3.0,0,1.0,3,1,3,  ,3,3.0,0,0,1,0,0,0,0,0,0,0,0,0,0,0,0,1,0
19039,2015025045,1619.0,1618.0,67,67301,39.9505,-75.1926,0,0,0,0,0,1,4,2,2015,1,16.0,1.0,0,1.0,3,1,3,  ,2,3.0,0,0,1,0,0,0,0,0,0,0,0,0,0,0,0,0,0
19040,2015025115,1740.0,1737.0,67,67301,39.9639,-75.2404,0,0,0,0,0,0,5,2,2015,7,17.0,4.0,0,9.0,3,0,98,  ,0,0.0,0,0,0,0,0,1,0,0,0,0,0,0,0,0,0,0,0
19041,2015025156,1852.0,1851.0,67,67301,39.9508,-75.1953,0,0,0,0,0,0,4,2,2015,5,18.0,3.0,0,1.0,3,1,3,  ,2,3.0,0,0,1,0,0,0,0,0,0,0,0,0,0,0,0,0,0
19042,2015026158,2214.0,2210.0,9,9101,40.1245,-74.8722,0,0,0,0,0,0,8,2,2015,3,22.0,3.0,0,1.0,3,0,3,  ,0,0.0,1,0,0,0,0,0,0,0,0,0,0,0,0,1,0,0,0
19043,2015026720,553.0,551.0,46,46208,40.1713,-75.4303,0,0,0,0,0,1,2,2,2015,7,5.0,2.0,0,1.0,3,0,3,  ,0,0.0,0,0,0,0,0,0,0,0,0,0,0,0,0,0,0,0,0
19044,2015026849,1940.0,1936.0,35,35302,41.3975,-75.667,0,0,0,0,0,1,8,3,2015,2,19.0,3.0,0,9.0,3,1,3,  ,2,3.0,0,0,0,0,0,0,0,0,0,0,0,0,0,0,0,0,0
19045,2015026968,435.0,435.0,25,25214,42.2309,-79.7866,0,0,0,0,0,1,1,2,2015,5,4.0,2.0,0,1.0,1,0,3,  ,0,0.0,0,0,0,0,0,0,0,0,0,0,0,0,0,0,0,0,0
19046,2015027834,1428.0,1409.0,36,36233,39.9826,-76.1644,0,0,0,0,0,0,5,2,2015,4,14.0,1.0,0,1.0,1,0,3,  ,0,0.0,0,0,0,0,0,0,0,0,0,0,0,0,0,0,0,1,0
19047,2015027890,1617.0,1614.0,53,53301,40.6868,-76.1922,0,0,0,0,1,0,4,3,2015,1,16.0,1.0,0,7.0,2,1,10,  ,3,1.0,0,0,1,0,0,0,0,0,0,0,0,0,0,0,0,0,0
19048,2015028861,1107.0,1054.0,67,67301,39.9317,-75.168,0,0,0,0,0,0,4,2,2015,3,10.0,1.0,0,1.0,3,1,3,  ,2,3.0,0,0,1,0,0,0,0,0,0,0,0,0,0,0,0,0,0
19049,2015028865,1920.0,1911.0,67,67301,39.924,-75.1571,0,0,0,0,0,0,3,2,2015,2,19.0,3.0,0,2.0,3,0,3,  ,0,0.0,0,0,0,0,0,0,0,0,0,0,0,0,0,0,0,0,0
19050,2015028866,759.0,758.0,67,67301,39.9978,-75.1235,0,0,0,0,0,1,4,2,2015,5,7.0,1.0,7,1.0,3,0,3,  ,0,0.0,0,0,1,0,0,0,0,0,0,0,0,0,0,0,0,0,0
19051,2015029821,747.0,739.0,35,35302,41.3959,-75.6711,0,0,0,0,0,1,8,3,2015,2,7.0,1.0,0,1.0,3,1,3,  ,2,3.0,0,0,0,0,0,0,0,0,0,0,0,0,0,0,0,0,0
19052,2015031230,1812.0,1809.0,46,46107,40.1248,-75.2931,0,0,0,0,1,0,4,3,2015,4,18.0,1.0,0,1.0,3,2,3,  ,3,3.0,1,0,1,0,0,0,0,0,0,0,0,0,0,0,0,0,0
19053,2015032223,1756.0,1751.0,40,40206,41.3772,-75.9844,0,0,0,0,0,1,4,3,2015,2,17.0,1.0,0,1.0,1,2,3,  ,2,3.0,0,0,1,0,0,0,0,0,0,0,0,0,0,0,0,0,0
19054,2015032351,1720.0,1715.0,59,59202,40.9456,-76.8905,0,0,0,0,0,1,5,3,2015,5,17.0,1.0,99,1.0,1,10,3,  ,0,0.0,0,0,0,0,0,0,0,0,0,0,0,0,0,0,0,0,0
19055,2015032614,1329.0,1324.0,2,2301,40.4301,-80.0085,0,0,0,0,0,1,4,3,2015,2,13.0,1.0,0,1.0,3,2,3,  ,0,0.0,0,0,1,0,0,0,0,0,0,0,0,0,0,0,0,1,0
19056,2015032622,1200.0,1159.0,14,14410,40.799,-77.8544,0,0,0,0,0,1,9,3,2015,2,11.0,1.0,0,1.0,3,1,3,  ,3,3.0,0,0,0,0,0,1,0,0,0,0,0,0,0,0,0,0,0
19057,2015032973,828.0,825.0,14,14204,40.8062,-77.8404,0,0,0,0,0,0,5,3,2015,3,8.0,1.0,0,1.0,3,0,3,  ,0,0.0,0,0,0,0,0,0,0,0,0,0,0,0,0,0,0,0,0
19058,2015033680,1720.0,1720.0,2,2415,40.4105,-80.082,0,0,0,0,0,0,4,3,2015,4,17.0,1.0,0,1.0,3,1,3,  ,3,3.0,0,0,1,0,0,0,0,0,0,0,0,0,0,0,0,0,0
19059,2015033936,618.0,616.0,6,6301,40.3518,-75.9449,0,0,0,0,0,0,4,3,2015,2,6.0,5.0,0,1.0,3,1,3,  ,2,3.0,0,0,1,0,0,1,0,0,0,0,0,0,0,0,0,0,0
19060,2015034608,1752.0,1750.0,46,46211,40.2386,-75.2299,0,0,0,0,0,0,4,3,2015,4,17.0,1.0,0,1.0,1,1,3,  ,2,3.0,1,0,1,0,0,0,0,0,0,0,0,0,0,0,0,0,0
19061,2015034687,1325.0,1315.0,7,7301,40.5062,-78.3868,0,0,0,0,0,0,4,3,2015,2,13.0,1.0,0,1.0,3,1,3,  ,3,3.0,0,1,1,0,0,0,0,0,0,0,0,0,0,0,0,0,0
19062,2015036583,730.0,729.0,67,67301,39.9534,-75.1948,0,0,0,0,0,0,5,3,2015,4,7.0,1.0,0,1.0,3,0,3,  ,0,0.0,1,0,0,0,0,0,0,0,0,0,0,0,0,0,0,0,0
19063,2015036647,1745.0,900.0,67,67301,39.9258,-75.1727,0,0,0,0,0,1,5,3,2015,5,9.0,1.0,0,1.0,3,0,3,  ,0,0.0,0,0,0,0,0,1,0,0,0,0,0,0,0,0,0,0,0
19064,2015036681,1620.0,1615.0,67,67301,39.9292,-75.16,0,0,0,0,1,0,5,3,2015,7,15.0,1.0,0,9.0,3,0,7,  ,0,0.0,0,0,0,0,0,0,0,0,0,0,0,0,0,0,0,0,0
19065,2015038289,1920.0,1916.0,35,35302,41.4238,-75.6541,0,0,0,0,0,0,2,4,2015,4,19.0,2.0,0,1.0,3,2,3,  ,3,3.0,0,0,0,0,0,0,0,0,0,0,0,0,0,0,0,0,0
19066,2015038572,1224.0,1224.0,67,67301,39.9898,-75.1255,1,0,0,0,1,0,2,3,2015,2,12.0,1.0,0,1.0,3,1,3,  ,2,3.0,0,0,0,0,0,0,0,0,0,0,0,0,0,0,0,0,0
19067,2015038583,844.0,842.0,67,67301,39.945,-75.1981,0,1,0,0,0,0,4,3,2015,4,8.0,1.0,7,1.0,3,0,3,  ,0,0.0,0,0,1,0,0,0,0,0,0,0,0,0,0,0,0,1,0
19068,2015038680,920.0,915.0,67,67301,39.9613,-75.175,0,0,0,0,0,0,4,3,2015,7,9.0,1.0,0,9.0,3,1,3,  ,2,3.0,0,0,1,0,0,0,0,0,0,0,0,0,0,0,0,0,0
19069,2015038693,132.0,130.0,67,67301,39.9898,-75.1255,0,0,0,0,0,1,4,3,2015,1,1.0,3.0,0,1.0,3,1,3,  ,2,3.0,0,0,1,0,0,0,0,0,0,0,0,0,0,0,0,0,0
19070,2015038754,1702.0,1700.0,40,40414,41.2698,-75.9005,0,0,0,0,0,0,4,4,2015,4,17.0,1.0,0,1.0,3,2,3,  ,0,0.0,0,0,1,0,0,0,0,0,0,0,0,0,0,0,0,0,0
19071,2015039170,1651.0,1649.0,23,23111,39.9452,-75.2989,0,0,0,0,0,0,4,4,2015,7,16.0,1.0,0,1.0,3,1,3,  ,3,3.0,0,0,1,0,0,0,0,0,0,0,0,0,0,0,0,0,0
19072,2015039296,1555.0,1554.0,38,38301,40.3398,-76.4178,0,0,0,0,0,0,4,3,2015,5,15.0,1.0,0,1.0,2,1,3,  ,2,3.0,0,0,1,0,0,0,0,0,0,0,0,0,0,0,0,0,0
19073,2015039544,1420.0,1415.0,15,15247,39.9456,-75.5927,0,0,0,0,0,0,4,3,2015,2,14.0,1.0,0,1.0,3,2,3,  ,0,0.0,1,0,1,0,0,1,0,0,0,0,0,0,0,0,0,0,0
19074,2015039606,1752.0,1744.0,2,2113,40.463,-79.8564,0,0,0,0,0,0,4,4,2015,2,17.0,1.0,0,1.0,3,2,3,  ,0,0.0,0,0,1,0,0,0,0,0,0,0,0,0,0,0,0,0,0
19075,2015040524,1227.0,1224.0,2,2301,40.4776,-79.9504,0,0,0,0,0,0,4,4,2015,5,12.0,1.0,0,1.0,3,2,3,  ,0,0.0,0,0,1,0,0,0,0,0,0,0,0,0,0,0,0,1,0
19076,2015040555,2011.0,2009.0,25,25213,42.0765,-80.136,0,1,0,0,1,0,1,4,2015,2,20.0,3.0,0,9.0,3,0,3,  ,0,0.0,0,0,0,0,0,1,0,0,0,0,0,0,0,0,0,0,0
19077,2015040775,1607.0,1605.0,36,36301,40.0442,-76.2921,0,0,0,0,0,0,4,4,2015,2,16.0,1.0,0,1.0,3,1,3,  ,2,3.0,0,0,1,0,0,0,0,0,0,0,0,0,0,0,0,0,0
19078,2015040813,706.0,704.0,9,9403,40.3178,-75.1376,0,0,0,0,0,0,4,4,2015,5,7.0,1.0,0,9.0,3,2,3,  ,2,3.0,0,0,1,0,0,0,0,0,0,0,0,0,0,0,0,0,0
19079,2015040914,700.0,658.0,67,67301,39.9442,-75.1971,0,0,0,0,0,0,4,3,2015,5,6.0,1.0,2,1.0,3,3,3,  ,4,3.0,1,0,1,0,0,0,0,0,0,0,0,0,0,0,0,0,0
19080,2015041027,1551.0,1543.0,36,36201,39.9568,-76.0803,0,0,0,0,0,0,4,3,2015,5,15.0,1.0,7,1.0,1,0,3,  ,0,0.0,0,0,1,0,0,0,0,0,0,0,0,0,0,0,0,0,0
19081,2015041080,2026.0,2020.0,39,39301,40.6176,-75.4773,0,0,0,0,0,1,4,4,2015,6,20.0,2.0,0,1.0,3,1,3,  ,2,3.0,0,0,1,0,0,0,0,0,0,0,0,0,0,0,0,0,0
19082,2015041123,1715.0,1712.0,35,35402,41.4862,-75.5865,0,1,0,0,0,0,4,4,2015,1,17.0,1.0,0,9.0,3,2,7,  ,3,3.0,0,0,1,0,0,0,0,0,0,0,0,0,0,0,0,0,0
19083,2015041208,940.0,927.0,40,40304,41.2505,-75.8669,0,0,0,0,1,0,8,4,2015,7,9.0,1.0,7,1.0,3,0,3,  ,0,0.0,0,0,0,0,0,0,0,0,0,0,0,0,0,0,0,0,0
19084,2015041232,807.0,807.0,36,36214,40.0798,-76.382,0,0,0,0,0,0,5,4,2015,7,8.0,1.0,0,1.0,3,3,3,  ,0,0.0,1,0,0,0,0,0,0,1,0,1,0,0,0,0,0,0,0
19085,2015041398,1540.0,1536.0,21,21409,40.0492,-77.5173,0,0,0,0,0,0,2,4,2015,1,15.0,1.0,0,1.0,2,2,3,  ,3,3.0,0,0,0,0,0,0,0,0,0,0,0,0,0,0,0,0,0
19086,2015041604,1704.0,1702.0,22,22301,40.2584,-76.8687,0,0,0,0,0,0,4,4,2015,7,17.0,1.0,0,1.0,3,0,3,  ,0,0.0,1,0,1,0,0,0,0,0,0,0,0,0,0,1,0,0,0
19087,2015041846,1049.0,1045.0,36,36407,40.148,-76.6037,0,0,0,0,1,0,4,4,2015,2,10.0,1.0,0,1.0,2,1,3,  ,2,3.0,1,0,1,0,0,0,0,0,0,0,0,1,0,0,0,0,0
19088,2015042153,2336.0,2336.0,60,60301,41.3949,-79.8264,0,0,0,0,0,1,4,4,2015,1,17.0,1.0,0,1.0,2,1,3,  ,2,3.0,1,0,1,0,0,0,0,0,0,0,0,0,0,0,0,0,0
19089,2015042351,1120.0,1113.0,36,36413,40.1118,-76.5065,0,0,0,0,0,1,6,4,2015,4,11.0,1.0,0,1.0,2,0,3,  ,0,0.0,0,0,0,0,0,1,0,0,0,0,0,0,0,0,0,0,0
19090,2015042741,1632.0,1632.0,67,67301,40.0098,-75.1474,0,0,0,0,0,1,4,4,2015,7,16.0,1.0,0,1.0,3,0,3,  ,0,0.0,0,0,1,0,0,0,0,0,0,0,0,0,0,0,0,1,0
19091,2015042753,2110.0,2100.0,67,67301,40.035,-75.1614,0,0,0,0,0,0,4,4,2015,6,20.0,3.0,0,9.0,3,2,3,  ,3,3.0,0,0,1,0,0,0,0,0,0,0,0,0,0,0,0,0,0
19092,2015042765,811.0,802.0,67,67301,39.9671,-75.1471,0,0,0,0,0,0,4,4,2015,3,7.0,1.0,0,1.0,3,1,3,  ,3,3.0,0,0,1,0,0,0,0,0,0,0,0,0,0,0,0,0,1
19093,2015042768,1555.0,1550.0,67,67301,39.9573,-75.2479,0,0,0,0,0,0,4,4,2015,1,14.0,1.0,0,1.0,3,1,3,  ,0,0.0,0,0,1,0,0,0,0,0,0,0,0,0,0,0,0,0,0
19094,2015042786,1345.0,1345.0,67,67301,39.9381,-75.1581,0,0,0,0,0,0,5,3,2015,7,13.0,1.0,0,1.0,3,0,3,  ,0,0.0,0,0,0,0,0,0,0,0,0,0,0,0,0,0,0,0,0
19095,2015042868,2040.0,2031.0,67,67301,40.04,-75.0276,0,0,0,0,1,0,4,4,2015,7,20.0,3.0,0,1.0,3,1,3,  ,0,0.0,0,0,1,0,0,0,0,0,0,0,0,0,0,0,0,0,0
19096,2015042872,1328.0,1326.0,67,67301,39.9522,-75.1452,0,0,0,1,0,0,4,3,2015,3,13.0,1.0,0,1.0,3,1,3,  ,2,3.0,1,0,1,0,1,0,0,0,0,0,0,0,0,0,0,0,0
19097,2015043204,1635.0,1625.0,67,67301,40.015,-75.1478,0,0,0,0,0,0,4,4,2015,4,16.0,1.0,0,1.0,3,2,3,  ,0,0.0,0,0,1,0,0,0,0,0,0,0,0,0,0,0,0,0,0
19098,2015043505,1257.0,1254.0,2,2301,40.4658,-79.9292,0,0,0,0,0,0,5,4,2015,7,12.0,1.0,0,1.0,3,0,3,  ,0,0.0,0,0,0,0,0,1,0,0,0,0,0,0,0,0,0,0,0
19099,2015043636,1128.0,1120.0,36,36209,40.0903,-76.0975,0,1,0,1,0,0,4,4,2015,4,11.0,1.0,0,1.0,1,2,3,  ,3,3.0,1,0,1,0,1,0,0,0,0,0,0,0,0,0,0,0,0
19100,2015043651,1715.0,1712.0,46,46103,40.259,-75.2658,0,0,0,0,0,0,4,4,2015,7,17.0,1.0,0,1.0,3,0,3,  ,0,0.0,0,0,1,0,0,0,0,0,0,0,0,0,0,0,0,0,0
19101,2015044137,1953.0,1953.0,2,2301,40.4458,-80.0118,0,0,0,0,0,0,5,4,2015,2,19.0,1.0,0,1.0,3,0,3,  ,0,0.0,0,0,0,0,0,0,0,0,0,0,0,0,0,0,0,0,0
19102,2015044162,2245.0,2244.0,2,2301,40.4677,-79.9611,0,0,0,0,0,0,8,4,2015,2,22.0,3.0,0,9.0,3,0,3,  ,0,0.0,0,0,0,0,0,0,0,0,0,0,0,0,0,0,0,0,0
19103,2015044266,1650.0,1649.0,46,46209,40.269,-75.3838,0,0,0,0,1,0,4,4,2015,2,16.0,1.0,0,1.0,1,1,3,  ,0,0.0,1,0,1,0,0,1,0,0,0,0,0,0,0,0,0,0,0
19104,2015044353,1556.0,1554.0,9,9227,40.2599,-75.1187,0,0,0,0,0,0,4,4,2015,3,15.0,1.0,0,1.0,3,2,3,  ,3,3.0,0,0,1,0,0,0,0,0,0,0,0,0,0,0,0,0,0
19105,2015044739,1557.0,1550.0,2,2466,40.4856,-79.7695,0,0,0,0,0,0,4,4,2015,4,15.0,1.0,0,9.0,3,2,7,  ,3,3.0,1,0,1,0,0,0,0,0,0,0,0,0,0,0,0,1,0
19106,2015044866,1535.0,1527.0,21,21210,40.1012,-77.3246,0,0,0,0,1,1,4,4,2015,4,15.0,1.0,0,1.0,1,1,3,  ,3,3.0,1,0,1,0,0,0,0,0,0,0,0,0,0,0,0,0,0
19107,2015045047,1035.0,1032.0,67,67301,39.9359,-75.1618,0,0,0,0,0,1,4,4,2015,6,10.0,1.0,0,9.0,3,1,7,  ,2,3.0,0,0,1,0,0,0,0,0,0,0,0,0,0,0,0,0,0
19108,2015045082,1701.0,1701.0,2,2414,40.3633,-80.1107,0,0,0,0,0,1,2,1,2015,3,16.0,1.0,0,1.0,3,2,3,  ,3,3.0,0,1,0,0,0,1,0,0,0,0,0,0,0,0,0,0,0
19109,2015045158,2054.0,2051.0,2,2438,40.4017,-79.9039,0,0,0,0,0,0,4,4,2015,5,20.0,6.0,0,1.0,3,1,3,  ,0,0.0,0,0,1,0,0,0,0,0,0,0,0,0,0,0,0,0,0
19110,2015045341,1358.0,1355.0,67,67301,39.981,-75.2362,0,0,0,0,0,0,4,4,2015,7,13.0,1.0,0,1.0,3,1,3,  ,2,3.0,0,0,1,0,0,0,0,0,0,0,0,0,0,0,0,0,0
19111,2015045352,2039.0,2038.0,67,67301,39.9343,-75.1508,0,0,0,0,0,0,4,4,2015,6,20.0,3.0,0,1.0,3,1,3,  ,2,3.0,1,0,1,0,0,0,0,0,0,0,0,0,0,0,0,0,0
19112,2015045385,915.0,910.0,67,67301,39.9734,-75.1502,0,0,0,0,0,0,4,4,2015,3,8.0,1.0,0,1.0,3,1,3,  ,3,3.0,0,0,1,0,0,0,0,0,0,0,0,0,0,0,0,0,0
19113,2015045400,1605.0,1600.0,67,67301,39.939,-75.1893,0,0,0,0,1,0,5,4,2015,6,16.0,1.0,0,1.0,3,0,3,  ,0,0.0,0,0,0,0,0,0,0,0,0,0,0,0,0,0,0,0,0
19114,2015045438,1658.0,1651.0,67,67301,39.9789,-75.1142,0,0,0,0,0,0,5,4,2015,2,16.0,1.0,0,1.0,3,0,3,  ,0,0.0,0,0,0,0,0,0,0,0,0,0,0,0,0,0,0,0,0
19115,2015045444,9999.0,9999.0,67,67301,40.0001,-75.0994,0,0,0,0,0,0,5,4,2015,7,23.0,3.0,0,1.0,3,0,3,  ,0,0.0,1,0,0,0,0,0,0,0,0,0,0,0,0,0,0,0,0
19116,2015045447,716.0,711.0,67,67301,39.9691,-75.1799,0,0,0,0,0,0,4,4,2015,2,7.0,1.0,0,1.0,3,1,3,  ,3,3.0,0,0,1,0,0,0,0,0,0,0,0,0,0,0,0,0,0
19117,2015045480,845.0,845.0,2,2438,40.4051,-79.9088,0,0,0,0,0,0,4,3,2015,2,8.0,1.0,0,1.0,3,1,3,  ,3,3.0,0,0,1,0,0,0,0,0,0,0,0,0,0,0,0,0,0
19118,2015045625,1723.0,1720.0,2,2438,40.4006,-79.9116,0,1,0,0,0,0,4,4,2015,5,17.0,1.0,0,1.0,3,0,3,  ,0,0.0,0,0,1,0,0,0,0,0,0,0,0,0,0,0,0,0,0
19119,2015045669,747.0,741.0,36,36238,40.1074,-76.1675,0,0,0,0,0,0,4,4,2015,3,7.0,1.0,0,1.0,3,1,3,  ,3,3.0,1,0,1,0,0,0,0,0,0,0,0,0,0,0,0,0,0
19120,2015045898,1604.0,1547.0,20,20408,41.6571,-80.4257,0,0,0,0,0,1,5,4,2015,7,15.0,1.0,0,1.0,1,0,3,  ,0,0.0,0,0,0,0,0,0,0,0,0,0,0,0,0,0,0,1,0
19121,2015045903,1142.0,1142.0,15,15101,39.9891,-75.7872,0,0,0,0,0,0,4,4,2015,1,11.0,1.0,0,1.0,3,1,3,  ,2,3.0,1,0,1,0,0,0,0,0,0,0,0,0,0,0,0,0,0
19122,2015046290,1916.0,1915.0,14,14201,40.8951,-77.8096,0,0,0,0,0,0,4,4,2015,2,19.0,1.0,0,1.0,1,1,3,  ,3,3.0,0,0,1,0,0,0,0,0,0,0,0,0,0,0,0,0,1
19123,2015046344,1920.0,1915.0,36,36301,40.0331,-76.2953,0,0,0,0,0,1,4,4,2015,2,19.0,1.0,0,1.0,3,1,3,  ,3,3.0,0,0,1,0,0,0,0,0,0,0,0,0,0,0,0,0,0
19124,2015046552,954.0,942.0,14,14210,40.7783,-77.7855,0,0,0,0,0,0,4,4,2015,3,9.0,1.0,0,1.0,1,2,3,  ,0,0.0,1,0,1,0,0,0,0,0,0,0,0,0,0,0,0,1,0
19125,2015046580,1657.0,1650.0,2,2301,40.4495,-79.9024,0,0,0,0,0,0,2,4,2015,3,16.0,1.0,0,1.0,3,0,3,  ,0,0.0,0,0,0,0,0,0,0,0,0,0,0,0,0,0,0,0,0
19126,2015046696,1803.0,1757.0,43,43302,41.2188,-80.4952,0,1,0,0,0,1,4,4,2015,3,17.0,1.0,0,1.0,3,0,3,  ,0,0.0,0,0,1,0,0,0,0,0,0,0,0,0,0,0,0,0,0
19127,2015046704,2019.0,2017.0,25,25302,42.1202,-80.0775,0,0,0,0,0,1,8,4,2015,3,20.0,4.0,0,1.0,3,0,3,  ,0,0.0,0,0,0,0,0,0,0,0,0,0,0,0,0,0,0,0,0
19128,2015046903,1535.0,1527.0,48,48301,40.6339,-75.36,0,0,0,0,0,0,4,4,2015,4,15.0,1.0,0,1.0,3,2,3,  ,3,3.0,0,0,1,0,0,0,0,0,0,0,0,0,0,0,0,1,0
19129,2015047236,1856.0,1845.0,67,67301,39.9416,-75.1492,0,0,0,0,0,0,4,4,2015,7,16.0,1.0,0,1.0,3,1,3,  ,2,3.0,0,0,1,0,0,0,0,0,0,0,0,0,0,0,0,0,0
19130,2015047388,1103.0,1059.0,67,67301,39.9883,-75.254,0,0,0,0,0,0,4,4,2015,4,10.0,1.0,0,1.0,3,1,3,  ,2,3.0,0,0,1,0,0,0,0,0,0,0,0,0,0,0,0,1,0
19131,2015047432,1216.0,1211.0,2,2102,40.4036,-80.0997,0,0,0,0,0,0,4,4,2015,1,12.0,1.0,0,1.0,3,1,3,  ,3,3.0,0,0,1,0,0,0,0,0,0,0,0,0,0,0,0,0,0
19132,2015047446,1355.0,1350.0,9,9415,40.4424,-75.3502,0,0,0,0,0,0,4,4,2015,5,11.0,1.0,0,1.0,2,2,3,  ,3,3.0,1,0,1,0,0,0,0,0,0,0,0,0,0,0,0,0,0