,CRN,ARRIVAL_TM,DISPATCH_TM,COUNTY,MUNICIPALITY,DEC_LAT,DEC_LONG,BICYCLE_DEATH_COUNT,BICYCLE_SUSP_SERIOUS_INJ_COUNT,BUS_COUNT,HEAVY_TRUCK_COUNT,SMALL_TRUCK_COUNT,SUV_COUNT,COLLISION_TYPE,CRASH_MONTH,CRASH_YEAR,DAY_OF_WEEK,HOUR_OF_DAY,ILLUMINATION,LOCATION_TYPE,ROAD_CONDITION,URBAN_RURAL,INTERSECT_TYPE,WEATHER1,WEATHER2,TCD_TYPE,TCD_FUNC_CD,AGGRESSIVE_DRIVING,ALCOHOL_RELATED,ANGLE_CRASH,CELL_PHONE,COMM_VEHICLE,DISTRACTED,DRINKING_DRIVER,DRUGGED_DRIVER,FATIGUE_ASLEEP,IMPAIRED_DRIVER,NHTSA_AGG_DRIVING,RUNNING_RED_LT,RUNNING_STOP_SIGN,SPEEDING_RELATED,TAILGATING,MATURE_DRIVER,YOUNG_DRIVER
19133,2015047512,1558.0,1555.0,66,66301,39.9529,-76.7438,0,0,0,0,0,0,4,5,2015,6,15.0,1.0,0,1.0,3,0,3,  ,0,0.0,0,0,1,0,0,0,0,0,0,0,0,0,0,0,0,0,1
19134,2015047603,1605.0,1600.0,67,67301,40.083,-74.9721,0,0,0,0,0,0,4,4,2015,7,16.0,1.0,7,1.0,3,0,3,  ,0,0.0,0,0,1,0,0,0,0,0,0,0,0,0,0,0,0,0,0
19135,2015047605,1140.0,1138.0,67,67301,39.956,-75.2176,0,0,0,0,0,0,4,4,2015,4,11.0,1.0,0,1.0,3,1,3,  ,2,3.0,0,0,1,0,0,0,0,0,0,0,0,0,0,0,0,0,0
19136,2015047634,1759.0,1756.0,67,67301,40.0172,-75.1347,0,0,0,0,0,0,5,4,2015,5,17.0,1.0,0,1.0,3,2,3,  ,0,0.0,0,0,0,0,0,0,0,0,0,0,0,0,0,0,0,0,0
19137,2015047645,1524.0,1521.0,49,49101,40.784,-76.5679,0,0,0,0,0,0,4,4,2015,5,15.0,1.0,0,1.0,1,1,3,  ,3,3.0,0,0,1,0,0,0,0,0,0,0,0,0,0,0,0,0,0
19138,2015047847,1332.0,1331.0,25,25213,42.1031,-80.1582,0,0,0,0,0,0,4,5,2015,7,13.0,1.0,0,1.0,3,1,3,  ,3,3.0,1,0,1,0,0,0,0,0,0,0,0,0,0,0,0,1,0
19139,2015047876,1654.0,1650.0,48,48301,40.634,-75.3507,0,0,0,0,0,0,4,5,2015,7,16.0,1.0,0,1.0,3,0,3,  ,0,0.0,0,0,1,0,0,0,0,0,0,0,0,0,0,0,0,0,0
19140,2015047910,1426.0,1409.0,14,14212,40.8861,-77.9864,0,0,0,0,0,0,4,4,2015,7,14.0,1.0,0,1.0,1,0,3,  ,0,0.0,0,0,1,0,0,0,0,0,0,0,0,0,0,0,0,0,0
19141,2015048139,2112.0,2108.0,37,37301,40.977,-80.3257,0,0,0,0,0,0,1,5,2015,1,20.0,2.0,0,1.0,2,10,3,  ,0,0.0,0,0,0,0,0,0,0,0,0,0,0,0,0,0,0,0,0
19142,2015048185,1455.0,1450.0,67,67301,40.0018,-75.1529,0,0,0,0,0,0,5,5,2015,1,14.0,1.0,0,1.0,3,0,3,  ,0,0.0,0,0,0,0,0,0,0,0,0,0,0,0,0,0,0,0,0
19143,2015048205,1911.0,1908.0,7,7407,40.6655,-78.2456,0,0,0,0,1,0,4,4,2015,1,19.0,1.0,0,1.0,2,2,3,  ,0,0.0,0,0,1,0,0,0,0,0,0,0,0,0,0,0,0,0,0
19144,2015048349,1750.0,1731.0,67,67301,40.03,-75.129,0,0,0,0,0,0,4,4,2015,2,17.0,1.0,0,1.0,3,1,3,  ,3,3.0,0,0,1,0,0,0,0,0,0,0,0,0,0,0,0,0,0
19145,2015048371,1745.0,1741.0,2,2301,40.4632,-79.9551,0,0,0,0,0,1,4,5,2015,2,17.0,1.0,0,1.0,3,1,3,  ,0,0.0,1,0,1,0,0,0,0,0,0,0,0,0,0,0,0,0,0
19146,2015048455,2035.0,2030.0,2,2301,40.4323,-80.008,0,0,0,0,0,1,4,5,2015,2,20.0,3.0,0,9.0,3,2,7,  ,0,0.0,0,0,1,0,0,0,0,0,0,0,0,0,0,0,0,0,0
19147,2015048568,1644.0,1640.0,25,25401,41.8909,-80.3664,0,0,0,0,0,0,8,5,2015,2,16.0,1.0,0,1.0,1,1,3,  ,2,3.0,0,0,0,0,0,1,0,0,0,0,0,0,0,0,0,0,0
19148,2015048667,1630.0,1627.0,35,35302,41.4035,-75.6503,0,0,0,0,0,0,4,5,2015,3,16.0,1.0,0,1.0,3,1,3,  ,0,0.0,0,0,1,0,0,0,0,0,0,0,0,0,0,0,0,0,0
19149,2015049012,1620.0,1617.0,67,67301,40.0659,-75.017,0,0,0,0,0,1,6,4,2015,7,16.0,1.0,0,1.0,3,0,3,  ,0,0.0,0,0,0,0,0,0,0,0,0,0,0,0,0,0,0,0,0
19150,2015049026,1440.0,1435.0,67,67301,39.9802,-75.1806,0,0,0,0,0,0,4,4,2015,5,14.0,1.0,0,1.0,3,1,3,  ,2,3.0,0,0,1,0,0,0,0,0,0,0,0,0,0,0,0,0,0
19151,2015049074,1652.0,1645.0,46,46102,40.0845,-75.1594,0,0,0,0,0,0,4,5,2015,4,16.0,1.0,0,1.0,3,1,3,  ,3,3.0,0,0,1,0,0,0,0,0,0,0,0,0,0,0,0,0,0
19152,2015049079,1613.0,1609.0,67,67301,39.948,-75.1442,0,0,0,0,0,0,5,4,2015,3,16.0,1.0,0,1.0,3,0,3,  ,0,0.0,0,0,0,0,0,0,0,0,0,0,0,0,0,0,0,0,0
19153,2015049094,1553.0,1536.0,67,67301,39.9729,-75.2156,0,0,0,0,0,0,5,4,2015,3,15.0,1.0,0,1.0,3,0,3,  ,0,0.0,0,0,0,0,0,0,0,0,0,0,0,0,0,0,0,0,0
19154,2015049095,1800.0,1753.0,67,67301,39.9907,-75.1183,0,1,0,0,0,0,4,3,2015,1,15.0,1.0,0,1.0,3,0,3,  ,0,0.0,0,0,1,0,0,0,0,0,0,0,0,0,0,0,0,0,0
19155,2015049112,2143.0,2142.0,67,67301,39.9858,-75.1116,0,0,0,0,0,0,4,4,2015,2,21.0,3.0,0,1.0,3,1,3,  ,2,3.0,0,0,1,0,0,0,0,0,0,0,0,0,0,0,0,0,0
19156,2015049113,1630.0,1629.0,67,67301,40.0003,-75.1064,0,0,0,0,0,1,4,4,2015,4,16.0,1.0,0,9.0,3,5,7,  ,2,3.0,0,0,1,0,0,0,0,0,0,0,0,0,0,0,0,0,0
19157,2015049140,2038.0,2034.0,67,67301,39.9636,-75.228,0,0,0,0,0,0,4,4,2015,2,20.0,3.0,0,1.0,3,1,3,  ,3,3.0,0,0,1,0,0,0,0,0,0,0,0,0,0,0,0,0,0
19158,2015049153,1820.0,1819.0,67,67301,39.9893,-75.1207,0,0,0,0,0,0,4,4,2015,5,18.0,1.0,0,1.0,3,1,3,  ,2,3.0,0,0,1,0,0,0,0,0,0,0,0,0,0,0,0,0,0
19159,2015049160,842.0,840.0,67,67301,39.9896,-75.1332,0,0,0,0,0,1,4,4,2015,5,8.0,1.0,0,1.0,3,1,3,  ,3,3.0,0,0,1,0,0,0,0,0,0,0,0,0,0,0,0,0,0
19160,2015049165,1801.0,1800.0,67,67301,39.9839,-75.1378,0,0,0,0,0,0,4,4,2015,2,18.0,1.0,0,1.0,3,1,3,  ,3,3.0,0,0,1,0,0,0,0,0,0,0,0,0,0,0,0,1,0
19161,2015049185,1128.0,1126.0,67,67301,39.9517,-75.1589,0,0,0,0,0,1,4,4,2015,4,11.0,1.0,0,1.0,3,0,3,  ,0,0.0,0,0,1,0,0,0,0,0,0,0,0,0,0,0,0,0,0
19162,2015049190,1015.0,1009.0,67,67301,39.9645,-75.1492,0,0,0,0,0,0,1,4,2015,3,10.0,1.0,0,1.0,3,0,3,  ,0,0.0,1,0,0,0,0,0,0,0,0,0,0,0,0,0,1,0,0
19163,2015049194,1200.0,1051.0,67,67301,39.9359,-75.1569,0,0,0,1,0,0,4,4,2015,5,10.0,1.0,0,1.0,3,1,3,  ,2,3.0,1,0,1,0,1,0,0,0,0,0,0,0,0,0,0,0,0
19164,2015049197,1210.0,1158.0,67,67301,39.9513,-75.1736,0,0,0,0,0,0,5,4,2015,1,11.0,1.0,0,1.0,3,1,3,  ,2,3.0,0,0,0,0,0,0,0,0,0,0,0,0,0,0,0,0,0
19165,2015049209,1800.0,1715.0,2,2301,40.4422,-79.9579,0,0,0,0,0,0,4,5,2015,4,17.0,1.0,0,1.0,3,1,3,  ,2,2.0,1,0,1,0,0,0,0,0,0,0,0,0,0,0,0,0,0
19166,2015049589,1013.0,1008.0,10,10212,40.6976,-80.1253,0,0,0,0,0,0,4,5,2015,7,10.0,1.0,0,1.0,3,2,3,  ,2,3.0,1,0,1,0,0,0,0,0,0,0,0,0,0,0,0,0,0
19167,2015049725,1803.0,1759.0,2,2117,40.3679,-80.0891,0,0,0,0,0,0,4,5,2015,5,17.0,1.0,0,1.0,3,2,3,  ,3,3.0,0,0,1,0,0,0,0,0,0,0,0,0,0,0,0,0,0
19168,2015050154,1302.0,1300.0,25,25213,42.1122,-80.1557,0,0,0,0,1,0,4,5,2015,7,12.0,1.0,7,1.0,3,0,3,  ,0,0.0,1,0,1,0,0,0,0,0,0,0,0,0,0,0,0,0,0
19169,2015050237,1654.0,1652.0,39,39405,40.5352,-75.5044,0,0,0,0,0,0,4,5,2015,7,16.0,1.0,0,1.0,3,2,3,  ,3,3.0,1,0,1,0,0,0,0,0,0,0,0,0,0,0,0,1,0
19170,2015050354,2117.0,2115.0,6,6301,40.3296,-75.9154,0,0,0,0,0,1,4,5,2015,7,21.0,3.0,0,1.0,3,1,3,  ,0,0.0,0,0,1,0,0,0,0,0,0,0,0,0,0,0,0,0,0
19171,2015050419,1829.0,1825.0,2,2301,40.4515,-79.9081,0,0,0,0,0,0,2,5,2015,1,18.0,1.0,0,1.0,3,1,3,  ,2,3.0,1,0,0,0,0,0,0,0,0,0,0,0,0,0,0,0,0
19172,2015050539,1513.0,1504.0,28,28204,,,0,0,0,0,0,0,4,4,2015,1,15.0,1.0,0,1.0,1,2,3,  ,3,3.0,0,0,1,0,0,0,0,0,0,0,0,0,0,0,0,0,0
19173,2015050682,1448.0,1445.0,4,4302,40.61,-80.2749,0,0,0,0,0,1,8,5,2015,6,14.0,1.0,0,1.0,3,1,3,  ,0,0.0,1,0,0,0,0,0,0,0,0,0,1,0,0,0,0,0,0
19174,2015050703,1751.0,1749.0,2,2301,40.4322,-80.0165,0,0,0,0,0,0,0,5,2015,2,17.0,1.0,0,98.0,3,2,3,  ,0,0.0,0,0,0,0,0,0,0,0,0,0,0,0,0,0,0,0,0
19175,2015050843,1823.0,1821.0,6,6102,40.3748,-75.9188,0,0,0,0,0,0,6,4,2015,2,18.0,1.0,0,1.0,3,0,3,  ,0,0.0,0,0,0,0,0,0,0,0,0,0,0,0,0,0,0,0,0
19176,2015050945,741.0,711.0,39,39210,40.5118,-75.4821,0,0,0,0,1,0,5,4,2015,4,6.0,1.0,0,1.0,1,0,3,  ,0,0.0,1,0,0,0,0,0,0,0,0,0,0,0,0,1,0,0,0
19177,2015050976,1156.0,1153.0,25,25404,41.8758,-80.1317,0,0,0,0,0,0,8,5,2015,7,11.0,1.0,0,1.0,2,1,3,  ,2,3.0,1,0,0,0,0,0,0,0,0,0,0,0,0,0,0,0,0
19178,2015051179,2142.0,2131.0,2,2301,40.4336,-79.9375,0,0,0,0,0,0,1,5,2015,3,21.0,3.0,0,1.0,3,0,3,  ,0,0.0,1,0,0,0,0,0,0,0,0,0,0,0,0,0,1,0,1
19179,2015051274,1109.0,1102.0,15,15229,39.8241,-75.8724,0,0,0,0,0,1,4,4,2015,2,10.0,1.0,0,1.0,1,0,3,  ,0,0.0,0,0,1,0,0,0,0,0,0,0,0,0,0,0,0,0,0
19180,2015051324,1738.0,1734.0,9,9422,40.2425,-74.839,0,1,0,0,1,0,4,5,2015,6,17.0,1.0,0,1.0,3,1,3,  ,2,3.0,0,1,1,0,0,1,1,0,0,1,0,0,0,0,0,0,0
19181,2015051360,1240.0,1236.0,49,49101,40.7872,-76.5393,0,0,0,0,1,0,4,5,2015,2,12.0,1.0,0,1.0,1,1,3,  ,3,3.0,0,0,1,0,0,0,0,0,0,0,0,0,0,0,0,0,0
19182,2015051428,1904.0,1903.0,67,67301,39.9845,-75.1553,0,1,0,0,0,0,4,4,2015,4,19.0,1.0,0,1.0,3,2,3,  ,3,3.0,0,0,1,0,0,0,0,0,0,0,0,0,0,0,0,0,0
19183,2015051441,232.0,232.0,67,67301,39.9547,-75.1945,0,0,0,0,0,0,5,4,2015,6,2.0,3.0,0,9.0,3,0,7,  ,0,0.0,0,0,0,0,0,0,0,0,0,0,0,0,0,0,0,0,0
19184,2015051471,2034.0,2033.0,67,67301,40.0284,-75.11,0,0,0,0,0,0,4,4,2015,3,20.0,2.0,0,1.0,3,0,3,  ,0,0.0,0,0,1,0,0,0,0,0,0,0,0,0,0,0,0,0,0
19185,2015051507,9999.0,9999.0,67,67301,39.9553,-75.1867,0,0,0,0,0,0,5,4,2015,2,99.0,1.0,0,1.0,3,0,3,  ,0,0.0,0,0,0,0,0,0,0,0,0,0,0,0,0,0,0,0,0
19186,2015051530,1740.0,1730.0,67,67301,39.9466,-75.1731,0,0,0,0,0,0,1,5,2015,2,16.0,1.0,0,1.0,3,1,3,  ,2,3.0,1,0,0,0,0,0,0,0,0,0,0,0,0,0,0,0,0
19187,2015051554,1741.0,1737.0,48,48418,40.6836,-75.2372,0,0,0,0,0,1,4,5,2015,4,17.0,1.0,0,1.0,3,1,3,  ,0,0.0,0,0,1,0,0,0,0,0,0,0,0,0,0,0,0,0,0
19188,2015051563,2109.0,2106.0,64,64217,40.2888,-79.448,0,0,0,0,0,0,4,4,2015,7,21.0,2.0,0,1.0,1,0,3,  ,0,0.0,0,0,1,0,0,0,0,0,0,0,0,0,0,0,0,0,0
19189,2015051917,1532.0,1521.0,67,67301,39.9235,-75.227,0,0,0,0,0,1,4,4,2015,3,14.0,1.0,0,1.0,3,2,3,  ,3,3.0,0,0,1,0,0,0,0,0,0,0,0,0,0,0,0,0,0
19190,2015051925,1029.0,1029.0,67,67301,39.949,-75.19,0,1,0,0,0,0,5,4,2015,6,10.0,1.0,0,1.0,3,0,3,  ,0,0.0,0,0,0,0,0,0,0,0,0,0,0,0,0,0,0,0,0
19191,2015051954,905.0,857.0,67,67301,39.9462,-75.1699,0,0,0,0,0,1,1,4,2015,4,8.0,1.0,0,1.0,3,1,3,  ,2,3.0,0,0,0,0,0,0,0,0,0,0,0,0,0,0,0,0,0
19192,2015051964,1915.0,1910.0,67,67301,39.9551,-75.1686,0,0,0,0,0,0,5,4,2015,3,19.0,1.0,0,1.0,3,0,3,  ,0,0.0,0,0,0,0,0,0,0,0,0,0,0,0,0,0,0,0,1
19193,2015051975,1653.0,1644.0,67,67301,39.9159,-75.2453,0,0,0,0,0,1,4,4,2015,1,99.0,1.0,0,1.0,3,2,3,  ,3,3.0,0,0,1,0,0,0,0,0,0,0,0,0,0,0,0,0,0
19194,2015052079,1655.0,1654.0,43,43410,41.2606,-80.4771,0,0,0,0,0,0,4,5,2015,4,16.0,1.0,0,1.0,3,0,3,  ,3,3.0,0,0,1,0,0,0,0,0,0,0,0,0,0,0,0,0,0
19195,2015052298,1457.0,1450.0,67,67301,39.999,-75.1332,0,0,0,0,0,0,4,4,2015,4,14.0,1.0,0,1.0,3,1,3,  ,2,3.0,0,0,1,0,0,0,0,0,0,0,0,0,0,0,0,0,0
19196,2015052484,1628.0,1627.0,46,46224,40.0744,-75.2856,0,0,0,0,0,1,4,5,2015,2,16.0,1.0,99,1.0,3,1,3,  ,3,3.0,0,0,1,0,0,0,0,0,0,0,0,0,0,0,0,0,0
19197,2015052549,1329.0,1326.0,36,36301,40.0372,-76.3127,0,0,1,0,0,0,4,5,2015,6,13.0,1.0,0,1.0,3,1,3,  ,2,3.0,0,0,1,0,1,1,0,0,0,0,0,0,0,0,0,1,0
19198,2015052582,1700.0,1700.0,14,14206,40.7795,-77.8803,0,0,0,0,0,0,4,5,2015,6,17.0,1.0,0,1.0,1,1,3,  ,2,3.0,0,0,1,0,0,0,0,0,0,0,0,0,0,0,0,0,0
19199,2015053104,954.0,948.0,2,2301,40.4388,-79.991,0,0,0,0,0,0,5,5,2015,2,9.0,1.0,0,1.0,3,5,3,  ,2,3.0,0,0,0,0,0,0,0,0,0,0,0,0,0,0,0,0,0
19200,2015053130,1610.0,1607.0,6,6214,40.2715,-75.8089,0,0,0,0,0,1,1,5,2015,6,16.0,1.0,0,1.0,3,0,3,  ,0,0.0,0,0,0,0,0,0,0,0,0,0,0,0,0,0,0,0,0
19201,2015053188,1620.0,1617.0,66,66208,40.2197,-76.8608,0,1,0,0,0,0,4,5,2015,2,16.0,1.0,0,1.0,1,0,3,  ,0,0.0,0,0,1,0,0,0,0,0,0,0,0,0,0,0,0,0,0
19202,2015053204,1656.0,1653.0,35,35302,41.4028,-75.6805,0,0,0,0,0,0,4,5,2015,2,16.0,1.0,0,1.0,3,1,3,  ,3,3.0,0,0,1,0,0,0,0,0,0,0,0,0,0,0,0,1,0
19203,2015053230,1739.0,1734.0,48,48210,40.5657,-75.3424,0,0,0,0,0,0,4,5,2015,6,17.0,1.0,0,1.0,1,0,3,  ,3,3.0,1,0,1,0,0,0,0,0,0,0,0,0,1,0,0,0,0
19204,2015053367,1856.0,1855.0,46,46220,40.0986,-75.392,0,0,0,0,0,0,4,5,2015,5,18.0,4.0,0,1.0,3,0,3,  ,0,0.0,0,0,1,0,0,0,0,0,0,0,0,0,0,0,0,0,0
19205,2015053419,1725.0,1717.0,21,21412,40.2626,-76.9081,0,0,0,0,0,1,4,5,2015,6,17.0,1.0,0,1.0,3,0,3,  ,0,0.0,1,0,1,0,0,0,0,0,0,0,0,0,0,0,0,0,0
19206,2015053718,1545.0,1542.0,15,15226,39.7924,-75.85,0,1,0,0,0,0,5,5,2015,2,15.0,1.0,0,1.0,1,0,3,  ,0,0.0,1,0,0,0,0,0,0,0,0,0,0,0,0,0,0,1,0
19207,2015053825,1725.0,1723.0,9,9412,40.2293,-74.9367,0,0,0,0,0,0,4,5,2015,1,17.0,1.0,0,1.0,3,1,3,  ,2,3.0,0,0,1,0,0,0,0,0,0,0,0,0,0,0,0,0,0
19208,2015053826,2141.0,2141.0,46,46107,40.1308,-75.3008,0,0,0,0,1,0,4,5,2015,6,21.0,3.0,0,1.0,3,2,3,  ,3,3.0,0,0,1,0,0,0,0,0,0,0,0,0,0,0,0,0,0
19209,2015053878,1305.0,1300.0,63,63403,41.5803,-75.2595,0,0,0,0,1,0,4,5,2015,5,13.0,1.0,0,1.0,2,0,3,  ,3,3.0,0,0,1,0,0,0,0,0,0,0,0,0,0,0,0,0,0
19210,2015053893,2038.0,2034.0,67,67301,40.0097,-75.1419,0,0,0,0,0,0,4,5,2015,1,20.0,3.0,0,1.0,3,1,3,  ,3,3.0,0,0,1,0,0,0,0,0,0,0,0,0,0,0,0,0,0
19211,2015053915,1055.0,1045.0,67,67301,39.9263,-75.1878,0,0,0,0,0,0,4,5,2015,1,10.0,1.0,0,1.0,3,0,3,  ,0,0.0,0,0,1,0,0,0,0,0,0,0,0,0,0,0,0,1,0
19212,2015053919,847.0,847.0,67,67301,39.9244,-75.1696,0,0,0,0,0,1,4,5,2015,4,8.0,1.0,0,1.0,3,1,3,  ,2,3.0,1,0,1,0,0,0,0,0,0,0,0,1,0,0,0,0,0
19213,2015053984,2145.0,2141.0,67,67301,39.9536,-75.1986,0,0,0,0,0,1,4,4,2015,5,21.0,3.0,0,1.0,3,1,3,  ,0,0.0,1,0,1,0,0,0,0,0,0,0,0,0,0,0,0,0,0
19214,2015054004,1520.0,1515.0,67,67301,39.947,-75.1653,0,0,0,0,0,1,5,5,2015,2,15.0,1.0,0,1.0,3,0,3,  ,0,0.0,0,0,0,0,0,0,0,0,0,0,0,0,0,0,0,1,0
19215,2015054032,1814.0,1812.0,21,21402,40.1965,-77.1898,0,0,0,0,0,0,4,5,2015,4,18.0,1.0,0,1.0,2,0,3,  ,0,0.0,0,0,1,0,0,0,0,0,0,0,0,0,0,0,0,0,0
19216,2015054107,1820.0,1816.0,48,48301,40.6328,-75.3495,0,0,0,0,0,0,4,5,2015,2,18.0,1.0,0,1.0,3,0,3,  ,0,0.0,0,0,1,0,0,0,0,0,0,0,0,0,0,0,0,0,0
19217,2015054132,1424.0,1424.0,36,36412,39.9976,-76.3553,0,0,0,0,0,0,4,5,2015,5,14.0,1.0,0,1.0,3,1,3,  ,3,3.0,0,0,1,0,0,1,0,0,0,0,0,0,0,0,0,0,1
19218,2015054138,1412.0,1402.0,36,36239,40.0344,-76.504,0,1,0,0,1,0,5,5,2015,5,13.0,1.0,3,1.0,3,0,3,  ,0,0.0,0,0,0,0,0,0,0,0,0,0,0,0,0,0,0,0,0
19219,2015054234,1721.0,1712.0,45,45202,40.9867,-75.4393,0,0,0,0,0,0,5,5,2015,3,17.0,1.0,0,1.0,1,1,3,  ,0,0.0,1,0,0,0,0,0,0,0,0,0,0,0,0,0,0,0,0
19220,2015054396,1035.0,1030.0,67,67301,39.9518,-75.1594,0,0,0,0,0,0,5,5,2015,6,10.0,1.0,0,1.0,3,0,3,  ,0,0.0,0,0,0,0,0,0,0,0,0,0,0,0,0,0,0,0,0
19221,2015054397,1630.0,1626.0,67,67301,39.9424,-75.1474,0,0,0,0,0,0,4,5,2015,6,15.0,1.0,0,1.0,3,1,3,  ,2,3.0,0,0,1,0,0,0,0,0,0,0,0,0,0,0,0,0,0
19222,2015054676,1733.0,1731.0,48,48302,40.6809,-75.2245,0,0,0,0,1,0,2,5,2015,3,17.0,1.0,0,1.0,3,2,3,  ,3,3.0,0,0,0,0,0,0,0,0,0,0,0,0,0,0,0,0,0
19223,2015054764,1620.0,1550.0,64,64206,40.1918,-79.6177,0,0,0,0,0,0,5,4,2015,4,15.0,1.0,0,1.0,1,0,3,  ,0,0.0,0,0,0,0,0,0,0,0,0,0,0,0,0,0,0,0,0
19224,2015054984,1003.0,1000.0,23,23106,40.0312,-75.3693,0,0,0,0,1,0,5,5,2015,7,9.0,1.0,0,1.0,3,0,3,  ,0,0.0,0,0,0,0,0,0,0,0,0,0,0,0,0,0,0,1,0
19225,2015055004,2111.0,2108.0,40,40301,40.9481,-75.9752,0,0,0,0,0,1,4,5,2015,2,21.0,3.0,0,1.0,2,1,3,  ,0,0.0,0,0,1,0,0,0,0,0,0,0,0,0,0,0,0,0,0
19226,2015055021,1415.0,1407.0,2,2301,40.4394,-79.8963,0,0,0,0,0,0,9,5,2015,7,14.0,1.0,0,1.0,3,0,3,  ,0,0.0,0,0,0,0,0,0,0,0,0,0,0,0,0,0,0,0,0
19227,2015055048,1923.0,1922.0,23,23111,39.9583,-75.2618,0,0,0,0,0,0,4,5,2015,7,19.0,1.0,0,1.0,3,1,3,  ,0,0.0,1,0,1,0,0,0,0,0,0,0,0,0,0,0,0,0,0
19228,2015055173,1246.0,1243.0,46,46107,40.1121,-75.3208,0,0,0,0,0,0,4,5,2015,1,12.0,1.0,7,1.0,3,0,3,  ,0,0.0,0,0,1,0,0,0,0,0,0,0,0,0,0,0,0,0,0
19229,2015055342,806.0,745.0,22,22301,40.2663,-76.8865,0,0,0,0,0,1,5,5,2015,5,8.0,1.0,0,9.0,3,1,7,  ,2,9.0,0,0,0,0,0,0,0,1,0,1,0,0,0,0,0,0,0
19230,2015055343,820.0,819.0,22,22301,40.2625,-76.8792,0,0,0,0,0,0,4,5,2015,6,8.0,1.0,0,1.0,3,1,3,  ,3,3.0,1,0,1,0,0,0,0,0,0,0,0,0,0,0,0,0,0
19231,2015055448,2026.0,2023.0,46,46413,40.1191,-75.3383,0,0,0,0,0,0,4,5,2015,2,20.0,3.0,0,1.0,3,0,3,  ,0,0.0,0,0,1,0,0,0,0,0,0,0,0,0,0,0,0,0,1
19232,2015055549,953.0,940.0,36,36228,39.9747,-76.2795,0,0,0,0,1,0,4,5,2015,5,9.0,1.0,0,1.0,1,1,3,  ,0,0.0,1,0,1,1,0,1,0,0,0,0,0,0,0,0,0,0,0
19233,2015055577,914.0,913.0,9,9210,40.3656,-75.2712,0,0,0,0,0,0,4,5,2015,3,9.0,1.0,0,1.0,3,1,3,  ,3,3.0,0,0,1,0,0,0,0,0,0,0,0,0,0,0,0,0,0
19234,2015055783,611.0,555.0,46,46219,40.4189,-75.5166,0,0,0,0,0,0,1,5,2015,3,5.0,5.0,0,9.0,1,0,7,05,0,0.0,1,0,0,0,0,0,0,0,0,0,0,0,0,0,0,0,0
19235,2015055804,2028.0,2016.0,2,2301,40.453,-79.8986,0,0,0,0,0,0,4,5,2015,3,20.0,1.0,0,1.0,3,1,3,  ,0,0.0,1,0,1,0,0,0,0,0,0,0,0,0,0,0,0,0,0
19236,2015055809,2031.0,2030.0,2,2433,40.3321,-79.8909,0,0,0,0,0,0,6,5,2015,3,20.0,1.0,0,1.0,3,0,3,  ,0,0.0,1,1,0,0,0,0,1,0,0,1,0,0,0,1,0,0,0
19237,2015056099,5.0,2358.0,67,67301,39.9724,-75.1665,1,0,0,0,0,0,4,5,2015,7,23.0,3.0,0,1.0,3,1,3,  ,2,3.0,0,1,1,0,0,0,0,0,0,0,0,0,0,0,0,0,0
19238,2015056159,1610.0,1604.0,40,40432,41.3112,-75.8372,0,0,0,0,0,0,4,5,2015,2,16.0,1.0,7,1.0,3,0,3,  ,0,0.0,1,0,1,0,0,0,0,0,0,0,0,0,0,0,0,0,0
19239,2015056215,1732.0,1728.0,46,46102,40.0976,-75.1536,0,0,0,0,1,0,4,5,2015,4,17.0,1.0,0,1.0,3,1,3,  ,3,3.0,0,0,1,0,0,0,0,0,0,0,0,0,0,0,0,1,0
19240,2015056380,1303.0,1259.0,17,17301,41.1186,-78.7622,0,0,0,0,0,0,4,5,2015,5,12.0,1.0,0,1.0,2,1,3,  ,2,3.0,1,0,1,0,0,0,0,0,0,0,0,0,0,0,0,0,0
19241,2015056392,1058.0,1055.0,22,22101,40.2874,-76.8382,0,0,0,0,0,0,4,5,2015,5,10.0,1.0,0,1.0,3,2,3,  ,3,3.0,1,0,1,0,0,0,0,0,0,0,0,0,0,0,0,0,0
19242,2015056409,1453.0,1453.0,39,39301,40.598,-75.4928,0,0,0,0,0,0,5,5,2015,5,14.0,1.0,0,1.0,3,0,3,  ,0,0.0,0,0,0,0,0,0,0,0,0,0,0,0,0,0,0,0,0
19243,2015056413,1945.0,1935.0,67,67301,39.9387,-75.2243,0,0,0,0,0,0,2,5,2015,3,19.0,1.0,0,1.0,3,1,3,  ,2,3.0,0,0,0,0,0,0,0,0,0,0,0,0,0,0,0,0,0
19244,2015056437,1620.0,1614.0,67,67301,39.9388,-75.2327,0,0,0,0,0,1,4,5,2015,4,15.0,1.0,0,1.0,3,0,3,  ,0,0.0,0,0,1,0,0,0,0,0,0,0,0,0,0,0,0,0,0
19245,2015056451,1425.0,1418.0,67,67301,39.9213,-75.2239,0,0,0,0,0,0,4,5,2015,1,14.0,1.0,0,1.0,3,0,3,  ,0,0.0,0,0,1,0,0,0,0,0,0,0,0,0,0,0,0,1,0
19246,2015056456,100.0,2348.0,67,67301,39.9215,-75.1618,0,0,0,0,0,0,5,5,2015,3,23.0,3.0,0,1.0,3,0,3,  ,0,0.0,0,0,0,0,0,0,0,0,0,0,0,0,0,0,0,0,0