,CRN,ARRIVAL_TM,DISPATCH_TM,COUNTY,MUNICIPALITY,DEC_LAT,DEC_LONG,BICYCLE_DEATH_COUNT,BICYCLE_SUSP_SERIOUS_INJ_COUNT,BUS_COUNT,HEAVY_TRUCK_COUNT,SMALL_TRUCK_COUNT,SUV_COUNT,COLLISION_TYPE,CRASH_MONTH,CRASH_YEAR,DAY_OF_WEEK,HOUR_OF_DAY,ILLUMINATION,LOCATION_TYPE,ROAD_CONDITION,URBAN_RURAL,INTERSECT_TYPE,WEATHER1,WEATHER2,TCD_TYPE,TCD_FUNC_CD,AGGRESSIVE_DRIVING,ALCOHOL_RELATED,ANGLE_CRASH,CELL_PHONE,COMM_VEHICLE,DISTRACTED,DRINKING_DRIVER,DRUGGED_DRIVER,FATIGUE_ASLEEP,IMPAIRED_DRIVER,NHTSA_AGG_DRIVING,RUNNING_RED_LT,RUNNING_STOP_SIGN,SPEEDING_RELATED,TAILGATING,MATURE_DRIVER,YOUNG_DRIVER
19247,2015056462,2354.0,1900.0,67,67301,39.9796,-75.2139,0,0,0,0,0,0,5,5,2015,6,19.0,4.0,0,1.0,3,0,3,  ,0,0.0,0,0,0,0,0,0,0,0,0,0,0,0,0,0,0,0,0
19248,2015056475,808.0,759.0,67,67301,40.0528,-75.0509,0,0,0,0,0,1,4,5,2015,2,7.0,1.0,0,1.0,3,3,3,  ,3,3.0,0,0,1,0,0,0,0,0,0,0,0,0,0,0,0,0,0
19249,2015056480,1554.0,1540.0,67,67301,39.9716,-75.1463,0,0,0,0,0,0,4,5,2015,2,15.0,1.0,0,1.0,3,1,3,  ,2,3.0,0,0,1,0,0,0,0,0,0,0,0,0,0,0,0,0,0
19250,2015056516,2003.0,1952.0,67,67301,39.9676,-75.1408,0,0,0,0,0,0,4,5,2015,6,19.0,4.0,0,1.0,3,1,99,  ,3,3.0,0,0,1,0,0,0,0,0,0,0,0,0,0,0,0,0,0
19251,2015056534,727.0,722.0,67,67301,40.0268,-75.0981,0,0,0,0,0,0,4,5,2015,5,7.0,1.0,0,1.0,3,1,3,  ,2,3.0,0,0,1,0,0,0,0,0,0,0,0,0,0,0,0,0,0
19252,2015056541,1625.0,1624.0,67,67301,39.9608,-75.1421,0,0,0,0,0,0,4,5,2015,5,15.0,1.0,7,1.0,3,0,3,  ,0,0.0,0,0,1,0,0,1,0,0,0,0,0,0,0,0,0,0,0
19253,2015056551,2130.0,2130.0,67,67301,39.9227,-75.1569,0,0,0,0,0,0,1,5,2015,1,21.0,3.0,0,1.0,3,0,3,  ,0,0.0,0,0,0,0,0,0,0,0,0,0,0,0,0,0,0,0,0
19254,2015056565,54.0,52.0,67,67301,39.9185,-75.164,0,0,0,0,0,0,4,5,2015,1,0.0,3.0,0,1.0,3,1,3,  ,3,3.0,0,0,1,0,0,0,0,0,0,0,0,0,0,0,0,0,0
19255,2015056593,913.0,910.0,46,46104,40.0063,-75.294,0,0,0,0,0,0,4,5,2015,6,9.0,1.0,0,1.0,3,1,3,  ,3,3.0,1,0,1,0,0,0,0,0,0,0,0,0,0,0,0,1,0
19256,2015056696,1858.0,1853.0,14,14410,40.7933,-77.8604,0,0,0,0,0,0,4,5,2015,5,9.0,1.0,7,1.0,3,0,3,  ,0,0.0,0,0,1,0,0,0,0,0,0,0,0,0,0,0,0,0,0
19257,2015056748,2001.0,1956.0,36,36220,,,0,0,0,0,0,0,4,5,2015,7,19.0,1.0,0,1.0,3,1,3,  ,3,3.0,0,0,1,0,0,0,0,0,0,0,0,0,0,0,0,0,0
19258,2015056755,25.0,11.0,10,10301,40.8615,-79.8952,0,0,0,0,0,0,1,5,2015,5,22.0,3.0,0,1.0,2,0,3,  ,0,0.0,0,0,0,0,0,0,0,0,0,0,0,0,0,0,0,0,0
19259,2015056871,1046.0,1042.0,46,46416,40.2428,-75.624,0,0,0,0,0,0,4,5,2015,5,8.0,1.0,0,1.0,2,0,3,  ,0,0.0,0,0,1,0,0,0,0,0,0,0,0,0,0,0,0,0,0
19260,2015056933,2016.0,2013.0,67,67301,39.9693,-75.1561,0,0,0,0,0,0,4,5,2015,6,19.0,1.0,0,1.0,3,1,3,  ,3,3.0,1,0,1,0,0,0,0,0,0,0,0,0,0,0,0,0,0
19261,2015056950,755.0,755.0,67,67301,40.0121,-75.1122,0,0,0,0,0,0,4,5,2015,4,7.0,1.0,0,1.0,3,1,3,  ,2,3.0,0,0,1,0,0,0,0,0,0,0,0,0,0,0,0,0,0
19262,2015056966,932.0,924.0,67,67301,39.9309,-75.1622,0,0,0,0,0,0,4,5,2015,3,9.0,1.0,0,1.0,3,1,3,  ,3,3.0,1,0,1,0,0,0,0,0,0,0,0,0,0,0,0,0,0
19263,2015056985,2010.0,2007.0,38,38301,40.348,-76.3949,0,0,0,0,0,1,4,5,2015,3,20.0,1.0,0,1.0,2,2,3,  ,0,0.0,0,0,1,0,0,0,0,0,0,0,0,0,0,0,0,0,0
19264,2015057082,1528.0,1524.0,40,40304,41.2464,-75.8871,0,0,0,0,0,0,4,5,2015,5,15.0,1.0,0,1.0,3,2,3,  ,2,3.0,0,0,1,0,0,0,0,0,0,0,0,0,0,0,0,0,0
19265,2015057191,1544.0,1542.0,11,11409,40.3088,-78.9061,0,0,0,0,0,0,4,5,2015,6,15.0,1.0,0,1.0,3,1,3,  ,0,0.0,0,0,1,0,0,0,0,0,0,0,0,0,0,0,0,0,0
19266,2015057270,1800.0,1759.0,13,13405,40.8312,-75.8809,0,0,0,0,0,0,7,5,2015,2,17.0,1.0,0,1.0,2,1,3,  ,3,3.0,1,0,0,0,0,0,0,0,0,0,0,0,0,1,0,0,0
19267,2015057281,1909.0,1853.0,49,49302,40.8641,-76.7902,0,0,0,0,0,0,4,4,2015,3,18.0,1.0,0,1.0,2,1,3,  ,3,3.0,0,0,1,0,0,0,0,0,0,0,0,0,0,0,0,0,0
19268,2015057429,1032.0,1025.0,9,9101,40.17,-74.8509,0,0,0,0,1,0,4,5,2015,1,10.0,1.0,0,1.0,3,1,3,  ,2,3.0,0,0,1,0,0,0,0,0,0,0,0,0,0,0,0,0,0
19269,2015057575,1856.0,1856.0,7,7301,40.5423,-78.3808,0,0,0,0,0,1,4,5,2015,1,18.0,1.0,0,1.0,3,1,3,  ,0,0.0,0,0,1,0,0,0,0,0,0,0,0,0,0,0,0,1,0
19270,2015058022,1707.0,1702.0,39,39302,40.6227,-75.4066,0,0,0,0,0,0,4,6,2015,2,17.0,1.0,0,9.0,3,0,7,  ,0,0.0,0,1,1,0,0,0,0,0,0,0,0,0,0,0,0,0,0
19271,2015058042,1653.0,1642.0,15,15214,40.0431,-75.5703,0,0,0,0,0,1,5,5,2015,5,16.0,1.0,0,1.0,3,0,3,  ,0,0.0,0,0,0,0,0,0,0,0,0,0,0,0,0,0,0,0,0
19272,2015058294,1320.0,1310.0,2,2301,40.4286,-79.9779,0,0,0,0,0,0,5,6,2015,3,13.0,1.0,0,1.0,3,0,3,  ,0,0.0,0,0,0,0,0,0,0,0,0,0,0,0,0,0,0,1,0
19273,2015058324,1605.0,1601.0,66,66301,39.9542,-76.7444,0,0,0,0,0,0,5,6,2015,3,16.0,1.0,0,9.0,3,0,7,  ,0,0.0,1,0,0,0,0,0,0,0,0,0,0,0,0,0,0,0,0
19274,2015058642,1230.0,1220.0,23,23101,39.8706,-75.4404,0,0,0,0,0,0,1,5,2015,1,11.0,1.0,0,1.0,3,3,3,  ,0,0.0,0,0,0,0,0,0,0,0,0,0,0,0,0,0,0,0,0
19275,2015058652,907.0,858.0,2,2301,40.4566,-79.9916,0,0,0,0,0,0,4,6,2015,4,8.0,1.0,0,1.0,3,0,3,  ,0,0.0,1,0,1,0,0,0,0,0,0,0,0,0,0,0,0,0,0
19276,2015058731,1737.0,1728.0,67,67301,40.036,-75.1863,0,0,0,0,0,0,4,5,2015,6,17.0,1.0,0,1.0,3,2,3,  ,3,3.0,0,0,1,0,0,0,0,0,0,0,0,0,0,0,0,0,0
19277,2015058916,1656.0,1655.0,66,66430,39.9515,-76.7555,0,0,0,0,0,0,4,5,2015,1,16.0,1.0,0,1.0,3,1,3,  ,3,3.0,0,0,1,0,0,1,0,0,0,0,0,0,0,0,0,0,0
19278,2015059053,1330.0,1327.0,21,21402,40.2005,-77.1789,0,0,0,0,0,0,5,5,2015,7,13.0,1.0,0,1.0,2,0,3,  ,0,0.0,1,0,0,0,0,0,0,0,0,0,0,0,0,0,0,0,1
19279,2015059095,9999.0,600.0,67,67301,39.9724,-75.1665,0,0,0,0,1,0,4,5,2015,4,6.0,1.0,0,1.0,3,1,3,  ,2,3.0,1,0,1,0,0,0,0,0,0,0,0,0,0,0,0,0,0
19280,2015059101,1834.0,1833.0,67,67301,39.9596,-75.197,0,0,0,0,0,0,4,5,2015,4,18.0,1.0,0,1.0,3,1,3,  ,2,3.0,0,0,1,0,0,0,0,0,0,0,0,0,0,0,0,0,0
19281,2015059108,935.0,935.0,67,67301,39.9426,-75.1573,0,0,0,0,0,1,5,5,2015,5,9.0,1.0,0,9.0,3,0,7,  ,0,0.0,0,0,0,0,0,0,0,0,0,0,0,0,0,0,0,0,0
19282,2015059116,1535.0,1532.0,67,67301,39.9751,-75.1817,0,0,0,0,0,0,4,5,2015,4,15.0,1.0,0,1.0,3,2,3,  ,3,3.0,0,0,1,0,0,0,0,0,0,0,0,0,0,0,0,0,0
19283,2015059213,1818.0,1816.0,39,39301,40.6141,-75.4779,0,0,0,0,0,0,4,6,2015,5,18.0,1.0,0,1.0,3,2,3,  ,3,3.0,0,0,1,0,0,1,0,0,0,0,0,0,0,0,0,0,0
19284,2015059220,1557.0,1553.0,7,7301,40.5036,-78.4014,0,0,0,0,0,1,4,5,2015,1,15.0,1.0,0,9.0,3,1,7,  ,0,0.0,0,0,1,0,0,0,0,0,0,0,0,0,0,0,0,0,0
19285,2015059228,2015.0,2007.0,2,2301,40.4555,-79.8676,0,0,0,0,0,0,4,6,2015,5,20.0,1.0,0,1.0,3,0,3,  ,0,0.0,0,0,1,0,0,0,0,0,0,0,0,0,0,0,0,0,0
19286,2015059259,1436.0,1436.0,36,36220,40.0386,-76.3276,0,0,0,0,0,1,4,6,2015,3,14.0,1.0,0,9.0,3,2,3,  ,3,3.0,1,0,1,0,0,0,0,0,0,0,1,0,0,0,0,0,0
19287,2015059405,2058.0,2050.0,2,2301,40.4397,-79.8977,0,0,0,0,0,0,4,6,2015,5,20.0,1.0,0,1.0,3,1,3,  ,2,3.0,1,0,1,0,0,0,0,0,0,0,0,1,0,0,0,0,0
19288,2015059446,1913.0,1911.0,66,66101,39.9565,-76.702,0,0,0,0,0,0,4,5,2015,5,19.0,1.0,0,1.0,1,1,3,  ,3,3.0,0,0,1,0,0,0,0,0,0,0,0,0,0,0,0,0,0
19289,2015059605,1105.0,1059.0,39,39103,40.6171,-75.5155,0,0,0,0,0,0,4,6,2015,5,10.0,1.0,0,1.0,1,2,3,  ,9,9.0,1,0,1,0,0,0,0,0,0,0,0,0,0,0,0,0,1
19290,2015059665,1120.0,1120.0,20,20301,41.6357,-80.151,0,0,0,0,0,1,4,6,2015,7,11.0,1.0,0,1.0,2,1,3,  ,9,9.0,0,0,1,0,0,0,0,0,0,0,0,0,0,0,0,0,0
19291,2015059703,1600.0,1559.0,25,25302,42.1389,-80.0561,0,0,0,0,0,0,2,6,2015,7,15.0,1.0,0,1.0,3,0,3,  ,0,0.0,0,0,0,0,0,0,0,0,0,0,0,0,0,0,0,0,0
19292,2015059824,1215.0,1213.0,21,21102,40.2313,-76.9004,0,0,0,0,1,0,4,6,2015,4,12.0,1.0,0,1.0,3,0,3,  ,0,0.0,1,0,1,0,0,0,0,0,0,0,0,0,0,0,0,0,0
19293,2015059840,1458.0,1455.0,2,2122,40.4771,-80.0662,0,0,0,1,0,0,4,5,2015,7,14.0,1.0,0,9.0,3,2,7,  ,2,3.0,0,0,1,0,1,0,0,0,0,0,0,0,0,0,0,0,0
19294,2015059880,1454.0,1451.0,23,23111,39.9656,-75.2793,0,0,0,0,0,0,4,6,2015,1,14.0,1.0,0,1.0,3,2,3,  ,3,3.0,0,0,1,0,0,0,0,0,0,0,0,0,0,0,0,0,0
19295,2015059904,1820.0,1815.0,25,25302,42.1343,-80.0885,0,0,0,0,0,0,4,6,2015,1,16.0,1.0,0,1.0,3,1,3,  ,2,3.0,1,0,1,0,0,0,0,0,0,0,0,1,0,0,0,0,0
19296,2015059907,1652.0,1652.0,39,39301,40.6169,-75.4744,0,0,0,0,0,0,4,6,2015,1,16.0,1.0,0,1.0,3,1,3,  ,3,3.0,0,0,1,0,0,0,0,0,0,0,0,0,0,0,0,0,1
19297,2015059954,1330.0,1319.0,21,21215,40.0811,-77.5407,0,0,0,0,0,0,2,5,2015,1,13.0,1.0,0,1.0,1,0,3,  ,0,0.0,0,0,0,0,0,0,0,0,0,0,0,0,0,0,0,1,0
19298,2015060065,1045.0,1044.0,66,66412,40.0046,-76.6058,0,0,0,0,0,1,8,5,2015,2,10.0,1.0,0,1.0,3,2,3,  ,8,3.0,1,0,0,0,0,0,0,0,0,0,0,0,0,0,0,0,0
19299,2015060117,2125.0,2117.0,22,22301,40.2594,-76.8628,0,0,0,0,0,0,1,5,2015,1,20.0,3.0,0,1.0,3,1,3,  ,3,3.0,1,0,0,0,0,0,0,0,0,0,0,0,0,0,0,0,0
19300,2015060127,1840.0,1835.0,22,22301,,,0,0,0,0,0,0,4,5,2015,7,18.0,1.0,0,1.0,3,0,3,  ,0,0.0,0,0,1,0,0,0,0,0,0,0,0,0,0,0,0,0,0
19301,2015060129,202.0,202.0,22,22301,40.2658,-76.8701,0,0,0,0,0,1,4,5,2015,1,2.0,3.0,0,1.0,3,1,3,  ,2,3.0,1,0,1,0,0,0,0,0,0,0,0,1,0,0,0,0,0
19302,2015060174,1719.0,1716.0,9,9211,40.242,-74.8563,0,0,0,0,0,0,4,6,2015,7,17.0,1.0,0,1.0,3,2,3,  ,3,3.0,0,0,1,0,0,0,0,0,0,0,0,0,0,0,0,1,0
19303,2015060219,1745.0,1739.0,67,67301,40.116,-75.0292,0,0,0,0,0,1,4,5,2015,4,17.0,1.0,0,1.0,3,1,3,  ,3,3.0,1,0,1,0,0,0,0,0,0,0,0,0,0,0,0,0,0
19304,2015060230,1809.0,1808.0,2,2453,40.4038,-79.7785,0,0,0,0,0,1,4,6,2015,3,18.0,1.0,0,1.0,3,2,3,  ,0,0.0,0,0,1,0,0,0,0,0,0,0,0,0,0,0,0,0,0
19305,2015060447,1716.0,1710.0,25,25210,42.1383,-80.0061,0,0,0,0,0,0,4,6,2015,1,17.0,1.0,0,1.0,1,2,3,  ,3,3.0,0,0,1,0,0,0,0,0,0,0,0,0,0,0,0,0,0
19306,2015060493,1230.0,1221.0,2,2301,40.4118,-79.9929,0,0,0,0,0,1,1,6,2015,2,12.0,1.0,0,1.0,3,0,3,  ,0,0.0,0,0,0,0,0,0,0,0,0,0,0,0,0,0,0,0,0
19307,2015060497,1128.0,1125.0,36,36409,40.1502,-76.3069,0,0,0,0,0,0,4,6,2015,7,11.0,1.0,0,1.0,3,1,3,  ,2,3.0,1,0,1,0,0,0,0,0,0,0,0,0,0,0,0,0,1
19308,2015060580,1534.0,1529.0,66,66216,39.9528,-76.5607,0,1,0,0,0,0,2,6,2015,3,15.0,1.0,0,9.0,1,2,7,  ,3,3.0,0,0,0,0,0,0,0,0,0,0,0,0,0,0,0,1,0
19309,2015060586,1245.0,1243.0,6,6429,40.3366,-75.9561,0,0,0,0,0,0,4,6,2015,7,12.0,1.0,0,1.0,3,1,3,  ,2,3.0,1,0,1,0,0,0,0,0,0,0,0,0,0,0,0,0,0
19310,2015060611,1406.0,1405.0,43,43302,41.2372,-80.4994,0,0,0,0,0,0,8,6,2015,7,14.0,1.0,0,1.0,3,0,3,  ,0,0.0,0,0,0,0,0,0,0,0,0,0,0,0,0,0,0,1,0
19311,2015060612,1544.0,1543.0,18,18301,41.1328,-77.4464,0,0,0,0,0,0,4,6,2015,2,15.0,1.0,7,9.0,2,0,7,  ,0,0.0,0,0,1,0,0,0,0,0,0,0,0,0,0,0,0,0,0
19312,2015060929,922.0,921.0,46,46207,40.1844,-75.2245,0,0,0,0,0,1,5,6,2015,4,9.0,1.0,0,1.0,3,0,3,  ,0,0.0,0,0,0,0,0,0,0,0,0,0,0,0,0,0,0,0,0
19313,2015060950,1323.0,1323.0,48,48301,40.61,-75.3706,0,0,0,0,0,0,4,6,2015,3,13.0,1.0,0,1.0,3,1,3,  ,3,3.0,0,0,1,0,0,0,0,0,0,0,0,0,0,0,0,0,0
19314,2015061019,1800.0,1800.0,67,67301,39.9473,-75.2385,0,0,0,0,0,1,4,5,2015,3,17.0,1.0,0,1.0,3,1,3,  ,3,3.0,0,0,1,0,0,0,0,0,0,0,0,0,0,0,0,0,0
19315,2015061149,2110.0,2058.0,14,14210,40.7818,-77.8064,0,0,0,0,0,0,4,6,2015,4,20.0,1.0,7,1.0,1,0,3,  ,0,0.0,0,0,1,0,0,0,0,0,0,0,0,0,0,0,0,0,0
19316,2015061189,1330.0,1324.0,2,2301,40.4635,-79.9307,0,0,0,0,0,0,8,6,2015,4,13.0,1.0,0,1.0,3,1,3,  ,2,3.0,0,0,0,0,0,0,0,0,0,0,0,0,0,0,0,1,0
19317,2015061367,1455.0,1446.0,2,2301,40.4377,-79.9998,0,0,0,0,0,0,5,6,2015,5,14.0,1.0,0,1.0,3,0,3,  ,0,0.0,0,0,0,0,0,0,0,0,0,0,0,0,0,0,0,0,0
19318,2015061406,1727.0,1725.0,2,2301,40.4449,-79.9939,0,0,0,0,0,0,4,6,2015,5,17.0,1.0,0,1.0,3,1,3,  ,2,3.0,1,0,1,0,0,0,0,0,0,0,0,0,0,0,0,0,0
19319,2015061608,1850.0,1848.0,22,22101,40.2865,-76.8575,0,0,0,0,0,0,4,6,2015,5,18.0,1.0,7,1.0,3,3,3,  ,3,3.0,1,0,1,0,0,0,0,0,0,0,1,0,0,0,0,0,0
19320,2015061654,1257.0,1251.0,2,2301,40.4617,-79.9491,0,0,0,0,0,0,4,6,2015,6,12.0,1.0,0,1.0,3,0,3,  ,0,0.0,0,0,1,0,0,0,0,0,0,0,0,0,0,0,0,0,0
19321,2015061682,850.0,844.0,38,38301,40.3463,-76.4288,0,0,0,0,0,1,4,6,2015,6,8.0,1.0,0,1.0,2,1,3,  ,0,0.0,0,0,1,0,0,0,0,0,0,0,0,0,0,0,0,0,0
19322,2015061696,2058.0,2056.0,17,17404,41.0292,-78.4512,0,0,0,0,0,1,4,6,2015,1,20.0,4.0,0,1.0,2,1,3,  ,3,3.0,0,0,1,0,0,0,0,0,0,0,0,0,0,0,0,0,1
19323,2015061728,1515.0,1507.0,67,67301,40.0466,-74.9933,0,0,0,0,0,0,4,5,2015,4,15.0,1.0,7,1.0,3,0,3,  ,0,0.0,1,0,1,0,0,0,0,0,0,0,0,0,0,0,0,0,1
19324,2015061729,2012.0,2012.0,67,67301,39.9957,-75.1217,0,0,0,0,0,0,8,5,2015,2,20.0,1.0,0,1.0,3,0,3,  ,0,0.0,0,0,0,0,0,0,0,0,0,0,0,0,0,0,0,0,0
19325,2015061733,957.0,945.0,67,67301,39.9344,-75.1894,0,0,0,0,0,0,4,5,2015,3,22.0,3.0,0,1.0,3,1,3,  ,3,3.0,0,0,1,0,0,0,0,0,0,0,0,0,0,0,0,0,0
19326,2015061734,1756.0,1752.0,67,67301,39.9388,-75.1764,0,0,0,0,1,0,5,5,2015,3,17.0,1.0,0,1.0,3,0,3,  ,0,0.0,0,0,0,0,0,0,0,0,0,0,0,0,0,0,0,0,0
19327,2015061749,140.0,1222.0,67,67301,39.9953,-75.1155,0,0,0,0,0,0,4,5,2015,4,17.0,1.0,1,9.0,3,0,3,  ,0,0.0,0,0,1,0,0,0,0,0,0,0,0,0,0,0,0,0,0
19328,2015061759,1756.0,1751.0,67,67301,40.0567,-75.0112,0,0,0,0,0,0,4,5,2015,2,17.0,1.0,0,1.0,3,0,3,  ,0,0.0,0,0,1,0,0,0,0,0,0,0,0,0,0,0,0,0,1
19329,2015061771,1845.0,1843.0,67,67301,39.9406,-75.2216,0,0,0,0,0,0,4,5,2015,3,18.0,4.0,0,1.0,3,1,3,  ,3,3.0,0,0,1,0,0,0,0,0,0,0,0,0,0,0,0,0,0
19330,2015061792,1739.0,1739.0,67,67301,39.946,-75.1845,0,0,0,0,0,0,5,5,2015,3,16.0,1.0,0,1.0,3,0,3,  ,0,0.0,0,0,0,0,0,0,0,0,0,0,0,0,0,0,0,0,0
19331,2015061873,1850.0,1848.0,67,67301,39.9644,-75.1343,0,0,0,0,0,1,4,5,2015,3,18.0,1.0,0,1.0,3,3,3,  ,2,3.0,0,0,1,0,0,0,0,0,0,0,0,0,0,0,0,0,0
19332,2015061891,852.0,830.0,67,67301,39.9579,-75.1553,0,0,0,0,0,0,4,5,2015,5,8.0,1.0,0,1.0,3,2,3,  ,0,0.0,1,0,1,0,0,0,0,0,0,0,0,0,0,0,0,0,0
19333,2015061892,1907.0,1902.0,67,67301,39.9782,-75.1654,0,0,0,0,0,1,4,5,2015,6,19.0,1.0,0,1.0,3,1,3,  ,3,3.0,0,0,1,0,0,0,0,0,0,0,0,0,0,0,0,0,0
19334,2015061899,1530.0,1400.0,67,67301,39.9406,-75.1711,0,0,0,0,0,0,1,5,2015,7,13.0,1.0,0,1.0,3,1,3,  ,2,3.0,0,0,0,0,0,0,0,0,0,0,0,0,0,0,0,0,0
19335,2015061914,1605.0,1610.0,67,67301,39.9975,-75.1174,0,0,0,0,0,0,4,5,2015,7,16.0,1.0,0,1.0,3,0,3,  ,0,0.0,0,0,1,0,0,0,0,0,0,0,0,0,0,0,0,0,0
19336,2015061916,1337.0,1335.0,67,67301,39.9576,-75.2116,0,0,0,0,0,1,4,5,2015,7,13.0,1.0,0,1.0,3,0,3,  ,0,0.0,0,0,1,0,0,0,0,0,0,0,0,0,0,0,0,0,0
19337,2015061917,1735.0,1725.0,67,67301,40.0257,-75.2025,0,0,0,0,0,0,4,5,2015,5,17.0,1.0,0,1.0,3,2,3,  ,3,3.0,1,0,1,0,0,0,0,0,0,0,1,0,0,0,0,1,0
19338,2015061918,1040.0,1036.0,67,67301,39.9305,-75.1497,0,0,0,0,0,0,4,5,2015,5,10.0,1.0,0,1.0,3,1,3,  ,2,3.0,0,0,1,0,0,0,0,0,0,0,0,0,0,0,0,1,0
19339,2015061931,1418.0,1411.0,67,67301,40.04,-75.0597,0,0,0,0,0,0,4,5,2015,3,14.0,1.0,0,1.0,3,2,3,  ,3,3.0,1,0,1,0,0,0,0,0,0,0,0,0,0,0,0,0,0
19340,2015061932,210.0,17.0,67,67301,39.9165,-75.1693,0,0,0,0,0,1,4,5,2015,2,22.0,3.0,0,1.0,3,1,3,  ,2,3.0,0,0,1,0,0,0,0,0,0,0,0,0,0,0,0,0,0
19341,2015061937,2208.0,2200.0,67,67301,40.0398,-75.0712,0,0,0,0,0,0,4,5,2015,3,21.0,3.0,0,1.0,3,1,3,  ,3,3.0,0,0,1,0,0,0,0,0,0,0,0,0,0,0,0,0,0
19342,2015061952,1949.0,1941.0,6,6416,40.3544,-76.1431,0,0,0,0,0,0,4,5,2015,6,19.0,1.0,0,1.0,1,1,3,  ,2,3.0,1,0,1,0,0,0,0,0,0,0,0,0,0,0,0,0,0
19343,2015062017,2037.0,2023.0,40,40304,41.2374,-75.914,0,0,0,0,0,0,6,6,2015,6,20.0,4.0,0,1.0,3,2,3,  ,3,3.0,0,0,0,0,0,0,0,0,0,0,0,0,0,0,0,0,0
19344,2015062030,1319.0,1318.0,39,39302,40.6337,-75.3955,0,0,0,0,0,1,8,6,2015,1,13.0,1.0,0,1.0,3,1,3,  ,2,3.0,1,0,0,0,0,0,0,0,0,0,0,0,0,0,0,1,0
19345,2015062127,1438.0,1434.0,2,2301,40.4384,-79.9631,0,0,0,0,0,0,4,6,2015,3,14.0,1.0,0,1.0,3,0,3,  ,0,0.0,1,0,1,0,0,0,0,0,0,0,0,0,0,1,0,0,0
19346,2015062140,835.0,830.0,23,23412,39.9428,-75.2685,0,0,0,0,0,0,4,6,2015,7,8.0,1.0,0,98.0,3,2,3,  ,3,3.0,1,0,1,0,0,0,0,0,0,0,0,0,0,0,0,0,0
19347,2015062153,1021.0,1019.0,46,46102,40.1034,-75.1599,0,0,0,0,0,0,1,6,2015,7,10.0,1.0,0,1.0,3,0,3,  ,0,0.0,0,0,0,0,0,0,0,0,0,0,0,0,0,0,0,0,0
19348,2015062186,1538.0,1538.0,46,46411,40.2397,-75.2806,0,0,0,0,0,0,4,6,2015,6,15.0,1.0,0,1.0,3,2,3,  ,3,3.0,0,1,1,0,0,0,0,0,0,0,0,0,0,0,0,1,0
19349,2015062196,2113.0,2102.0,36,36238,40.0951,-76.1382,0,0,0,0,1,0,2,6,2015,6,21.0,2.0,0,1.0,3,0,3,  ,0,0.0,0,0,0,0,0,0,0,0,0,0,0,0,0,0,0,0,0
19350,2015062414,1848.0,1846.0,39,39301,40.6022,-75.5056,0,0,0,0,0,0,4,6,2015,1,18.0,1.0,0,1.0,3,1,3,  ,0,0.0,0,0,1,0,0,0,0,0,0,0,0,0,0,0,0,0,0
19351,2015062648,1117.0,1109.0,21,21412,40.2513,-76.8934,0,0,0,0,0,0,4,6,2015,6,11.0,1.0,0,1.0,3,2,3,  ,0,0.0,0,0,1,0,0,0,0,0,0,0,0,0,0,0,0,0,0
19352,2015062746,2150.0,1830.0,67,67301,40.0051,-75.1467,0,0,0,0,0,0,4,5,2015,3,18.0,1.0,0,1.0,3,1,3,  ,2,3.0,1,0,1,0,0,0,0,0,0,0,0,0,0,0,0,0,0
19353,2015062795,1544.0,1542.0,2,2106,40.623,-79.7235,0,0,0,0,0,0,4,5,2015,7,15.0,1.0,0,1.0,3,1,3,  ,3,3.0,0,0,1,0,0,0,0,0,0,0,0,0,0,0,0,1,0
19354,2015062803,2016.0,2016.0,9,9422,40.2318,-74.8401,0,0,0,0,0,0,4,6,2015,5,15.0,1.0,7,1.0,3,0,3,  ,0,0.0,0,0,1,0,0,0,0,0,0,0,0,0,0,0,0,0,1
19355,2015062888,2040.0,2036.0,6,6301,40.3362,-75.9204,0,0,0,0,1,0,3,6,2015,2,20.0,1.0,0,1.0,3,0,3,  ,0,0.0,0,1,0,0,0,0,0,0,0,0,0,0,0,0,0,0,0
19356,2015063088,1338.0,1338.0,38,38206,40.3585,-76.2325,0,0,0,0,0,1,4,6,2015,4,13.0,1.0,0,1.0,1,0,3,  ,8,3.0,0,0,1,0,0,0,0,0,0,0,0,0,0,0,0,0,0
19357,2015063138,1520.0,1517.0,35,35302,41.3961,-75.6625,0,0,0,0,0,0,4,6,2015,3,15.0,1.0,0,9.0,3,1,7,  ,3,3.0,0,0,1,0,0,0,0,0,0,0,0,0,0,0,0,0,0
19358,2015063258,1901.0,1858.0,25,25302,42.1259,-80.0722,0,0,0,0,0,0,4,6,2015,3,18.0,1.0,0,1.0,3,2,3,  ,3,3.0,0,0,1,0,0,0,0,0,0,0,0,0,0,0,0,0,0
19359,2015063263,2024.0,2022.0,25,25302,42.1108,-80.0711,0,0,0,0,0,0,4,6,2015,3,20.0,1.0,0,1.0,3,2,3,  ,3,3.0,0,0,1,0,0,0,0,0,0,0,0,0,0,0,0,0,0
19360,2015063295,2145.0,2133.0,2,2301,40.4687,-79.9275,0,0,0,0,0,0,2,6,2015,3,21.0,3.0,0,1.0,3,2,3,  ,2,3.0,1,1,0,0,0,0,1,0,0,1,0,0,0,0,0,0,0