,CRN,ARRIVAL_TM,DISPATCH_TM,COUNTY,MUNICIPALITY,DEC_LAT,DEC_LONG,BICYCLE_DEATH_COUNT,BICYCLE_SUSP_SERIOUS_INJ_COUNT,BUS_COUNT,HEAVY_TRUCK_COUNT,SMALL_TRUCK_COUNT,SUV_COUNT,COLLISION_TYPE,CRASH_MONTH,CRASH_YEAR,DAY_OF_WEEK,HOUR_OF_DAY,ILLUMINATION,LOCATION_TYPE,ROAD_CONDITION,URBAN_RURAL,INTERSECT_TYPE,WEATHER1,WEATHER2,TCD_TYPE,TCD_FUNC_CD,AGGRESSIVE_DRIVING,ALCOHOL_RELATED,ANGLE_CRASH,CELL_PHONE,COMM_VEHICLE,DISTRACTED,DRINKING_DRIVER,DRUGGED_DRIVER,FATIGUE_ASLEEP,IMPAIRED_DRIVER,NHTSA_AGG_DRIVING,RUNNING_RED_LT,RUNNING_STOP_SIGN,SPEEDING_RELATED,TAILGATING,MATURE_DRIVER,YOUNG_DRIVER
19361,2015063468,1405.0,1400.0,15,15403,40.0033,-75.7106,0,1,0,0,0,0,4,6,2015,1,14.0,1.0,0,1.0,3,2,3,  ,0,0.0,0,0,1,0,0,0,0,0,0,0,0,0,0,0,0,0,0
19362,2015063519,1845.0,1840.0,67,67301,40.0186,-75.1381,1,0,0,0,0,0,4,6,2015,1,18.0,1.0,0,1.0,3,1,3,  ,3,3.0,0,1,1,0,0,0,1,0,0,1,0,0,0,0,0,0,0
19363,2015063524,1848.0,1845.0,67,67301,39.999,-75.1454,0,0,0,0,0,0,4,6,2015,1,18.0,1.0,0,1.0,3,1,3,  ,3,3.0,0,0,1,0,0,0,0,0,0,0,0,0,0,0,0,0,0
19364,2015063541,1810.0,1808.0,25,25302,42.131,-80.0643,0,0,0,0,0,1,4,6,2015,4,18.0,1.0,0,1.0,3,1,3,  ,3,3.0,0,0,1,0,0,0,0,0,0,0,0,0,0,0,0,0,0
19365,2015063583,1319.0,1310.0,28,28204,39.9228,-77.592,0,0,0,0,0,1,4,6,2015,3,13.0,1.0,0,1.0,1,1,3,  ,3,3.0,0,0,1,0,0,0,0,0,1,0,0,0,0,0,0,0,0
19366,2015063694,1729.0,1725.0,3,3408,40.6746,-79.6909,0,0,0,0,0,0,4,5,2015,5,17.0,1.0,3,1.0,3,1,3,  ,3,3.0,1,0,1,0,0,0,0,0,0,0,0,0,0,0,0,0,0
19367,2015063779,1400.0,1356.0,2,2108,40.5808,-80.0565,0,0,0,0,0,0,4,6,2015,2,13.0,1.0,0,1.0,3,0,3,  ,0,0.0,0,0,1,0,0,0,0,0,0,0,0,0,0,0,0,0,0
19368,2015063791,2257.0,2254.0,46,46110,40.163,-75.0815,0,0,0,0,0,0,4,6,2015,6,22.0,3.0,0,1.0,3,2,3,  ,3,3.0,1,0,1,0,0,0,0,0,0,0,0,0,0,0,0,0,0
19369,2015063855,1414.0,1413.0,67,67301,39.9539,-75.2008,0,0,0,0,0,0,5,5,2015,6,14.0,1.0,0,1.0,3,0,3,  ,0,0.0,0,0,0,0,0,0,0,0,0,0,0,0,0,0,0,0,0
19370,2015063901,1518.0,1516.0,67,67301,39.9568,-75.1676,0,0,0,0,0,0,8,6,2015,4,15.0,1.0,0,1.0,3,1,3,  ,2,3.0,0,0,0,0,0,0,0,0,0,0,0,0,0,0,0,0,0
19371,2015063903,1250.0,1245.0,67,67301,39.9673,-75.171,0,0,0,0,0,0,5,6,2015,1,12.0,1.0,0,1.0,3,0,3,  ,0,0.0,0,0,0,0,0,0,0,0,0,0,0,0,0,0,0,0,0
19372,2015063913,840.0,832.0,67,67301,39.9615,-75.1507,0,0,0,0,1,0,5,6,2015,7,0.0,3.0,0,1.0,3,0,7,  ,0,0.0,0,0,0,0,0,0,0,0,0,0,0,0,0,0,0,0,0
19373,2015063920,2147.0,2147.0,67,67301,39.9495,-75.2093,0,0,0,0,0,0,4,5,2015,5,21.0,3.0,0,1.0,3,1,3,  ,2,3.0,1,0,1,0,0,0,0,0,0,0,0,0,0,0,0,0,0
19374,2015063934,1704.0,1704.0,67,67301,39.9294,-75.1502,0,0,0,0,0,0,4,6,2015,7,16.0,1.0,0,1.0,3,1,3,  ,2,3.0,0,0,1,0,0,0,0,0,0,0,0,0,0,0,0,0,0
19375,2015063937,1722.0,1720.0,67,67301,40.0845,-74.9737,0,0,0,0,0,1,4,5,2015,7,17.0,1.0,0,1.0,3,1,3,  ,2,3.0,0,0,1,0,0,0,0,0,0,0,0,0,0,0,0,0,0
19376,2015063941,1035.0,1025.0,67,67301,40.0682,-75.1764,0,0,0,0,0,0,4,6,2015,6,10.0,1.0,0,9.0,3,1,7,  ,3,3.0,0,0,1,0,0,0,0,0,0,0,0,0,0,0,0,0,0
19377,2015063948,1620.0,1620.0,14,14204,40.8053,-77.8427,0,0,0,0,0,1,4,6,2015,5,16.0,1.0,7,1.0,3,0,3,  ,2,3.0,0,0,1,0,0,0,0,0,0,0,0,0,0,0,0,0,0
19378,2015063963,555.0,546.0,67,67301,39.969,-75.1372,0,0,0,0,1,0,4,5,2015,2,5.0,1.0,0,1.0,3,1,3,  ,0,0.0,1,0,1,0,0,0,0,0,0,0,0,0,0,0,0,0,0
19379,2015063970,735.0,733.0,67,67301,39.95,-75.2352,0,0,0,0,0,0,8,5,2015,4,7.0,1.0,0,1.0,3,1,3,  ,2,3.0,0,0,0,0,0,0,0,0,0,0,0,0,0,0,0,0,0
19380,2015063971,1200.0,1150.0,67,67301,40.0429,-75.1495,0,0,0,0,1,0,4,5,2015,1,99.0,1.0,0,1.0,3,0,3,  ,0,0.0,0,0,1,0,0,0,0,0,0,0,0,0,0,0,0,0,0
19381,2015063973,1034.0,1032.0,67,67301,40.0688,-75.0402,0,0,0,0,0,0,4,5,2015,2,10.0,1.0,0,1.0,3,2,3,  ,3,3.0,0,0,1,0,0,0,0,0,0,0,0,0,0,0,0,0,0
19382,2015063987,1700.0,1651.0,67,67301,40.0447,-75.0263,0,0,0,0,0,1,4,5,2015,3,16.0,1.0,0,1.0,3,1,3,  ,3,3.0,0,0,1,0,0,0,0,0,0,0,0,0,0,0,0,0,0
19383,2015064013,1355.0,1349.0,67,67301,39.9223,-75.1534,0,0,0,0,0,0,4,5,2015,6,13.0,1.0,0,1.0,3,1,3,  ,2,3.0,1,0,1,0,0,0,0,0,0,0,0,1,0,0,0,0,0
19384,2015064014,1820.0,1815.0,67,67301,39.9465,-75.1722,0,0,0,0,0,0,5,5,2015,2,18.0,1.0,0,1.0,3,0,3,  ,0,0.0,0,0,0,0,0,0,0,0,0,0,0,0,0,0,0,0,0
19385,2015064020,1935.0,1927.0,67,67301,39.9569,-75.2315,0,0,0,0,0,0,4,5,2015,2,19.0,1.0,0,1.0,3,0,3,  ,0,0.0,0,0,1,0,0,0,0,0,0,0,0,0,0,0,0,0,0
19386,2015064119,2012.0,2007.0,24,24402,41.4343,-78.7342,0,0,0,0,0,1,4,6,2015,5,20.0,1.0,0,1.0,2,2,3,  ,3,2.0,1,0,1,0,0,0,0,0,0,0,0,0,1,0,0,0,0
19387,2015064259,815.0,814.0,22,22101,40.2865,-76.8772,0,0,0,0,0,0,4,6,2015,4,8.0,1.0,7,1.0,3,0,3,  ,0,0.0,1,0,1,0,0,0,0,0,0,0,0,0,0,0,0,0,0
19388,2015064562,1923.0,1922.0,2,2301,40.4678,-79.9459,0,0,0,0,0,0,4,6,2015,6,19.0,1.0,0,1.0,3,1,3,  ,0,0.0,0,0,1,0,0,0,0,0,0,0,0,0,0,0,0,0,0
19389,2015064819,1245.0,1242.0,46,46224,40.0925,-75.2621,0,0,0,0,0,0,4,6,2015,5,12.0,1.0,7,1.0,3,0,3,  ,2,3.0,0,0,1,0,0,0,0,0,0,0,0,0,0,0,0,0,0
19390,2015064962,2358.0,2355.0,22,22301,40.2708,-76.8648,0,0,0,0,0,1,4,6,2015,6,22.0,3.0,0,9.0,3,1,7,  ,3,3.0,0,0,1,0,0,0,0,0,0,0,0,0,0,0,0,0,0
19391,2015064977,1345.0,1339.0,36,36301,40.0326,-76.3123,0,0,0,0,0,0,4,6,2015,3,20.0,4.0,0,1.0,3,2,3,  ,3,3.0,0,0,1,0,0,0,0,0,0,0,0,0,0,0,0,0,0
19392,2015064991,851.0,844.0,2,2301,40.4321,-79.935,0,0,0,0,0,1,4,6,2015,2,8.0,1.0,0,1.0,3,2,3,  ,3,3.0,0,0,1,0,0,0,0,0,0,0,0,0,0,0,0,0,0
19393,2015065028,1331.0,1331.0,46,46104,40.0148,-75.2994,0,0,0,0,1,0,4,6,2015,3,13.0,1.0,7,1.0,3,0,3,  ,0,0.0,0,0,1,0,0,0,0,0,0,0,0,0,0,0,0,0,0
19394,2015065132,2140.0,2124.0,36,36221,40.0394,-76.1327,0,0,0,0,0,0,0,5,2015,6,21.0,2.0,0,1.0,1,0,3,  ,0,0.0,0,0,0,0,0,0,0,0,0,0,0,0,0,0,0,0,1
19395,2015065217,2136.0,2134.0,15,15411,40.1199,-75.5162,0,0,0,0,0,1,4,6,2015,2,21.0,2.0,0,1.0,3,2,3,  ,3,3.0,0,0,1,0,0,0,0,1,0,1,0,0,0,0,0,0,0
19396,2015065229,842.0,840.0,22,22102,40.2635,-76.7834,0,0,0,0,0,0,4,6,2015,6,8.0,1.0,7,1.0,3,0,3,  ,0,0.0,1,0,1,0,0,0,0,0,0,0,0,0,0,0,0,1,0
19397,2015065383,1216.0,1212.0,2,2301,40.442,-80.0013,0,0,0,0,0,0,5,6,2015,3,12.0,1.0,0,1.0,3,0,3,  ,0,0.0,0,0,0,0,0,0,0,0,0,0,0,0,0,0,0,0,0
19398,2015065389,2122.0,2118.0,2,2407,40.3491,-80.0235,0,0,0,0,0,0,4,6,2015,4,21.0,3.0,0,1.0,3,2,3,  ,3,3.0,0,0,1,0,0,0,0,0,0,0,0,0,0,0,0,0,0
19399,2015065455,1508.0,1500.0,67,67301,39.9516,-75.147,0,0,0,0,0,0,5,6,2015,5,8.0,1.0,0,1.0,3,0,3,  ,0,0.0,0,0,0,0,0,0,0,0,0,0,0,0,0,0,0,0,0
19400,2015065460,1045.0,1044.0,67,67301,39.9424,-75.157,0,0,0,1,0,0,5,5,2015,6,10.0,1.0,0,1.0,3,0,3,  ,0,0.0,0,0,0,0,1,0,0,0,0,0,0,0,0,0,0,0,0
19401,2015065470,950.0,950.0,67,67301,39.9544,-75.1921,0,0,0,0,0,0,5,5,2015,5,9.0,1.0,0,1.0,3,0,3,  ,0,0.0,0,0,0,0,0,0,0,0,0,0,0,0,0,0,0,0,0
19402,2015065726,1202.0,1158.0,2,2301,40.4424,-80.0,0,0,0,0,0,0,4,6,2015,4,11.0,1.0,0,1.0,3,0,3,  ,0,0.0,0,0,1,0,0,0,0,0,0,0,0,0,0,0,0,0,0
19403,2015065784,1604.0,1602.0,39,39408,40.7499,-75.6045,0,0,0,0,0,1,4,6,2015,2,16.0,1.0,0,1.0,1,2,3,  ,0,0.0,0,0,1,0,0,0,0,0,0,0,0,0,0,0,0,0,0
19404,2015066138,1512.0,1509.0,14,14410,40.789,-77.8571,0,0,0,0,0,0,4,6,2015,4,15.0,1.0,0,1.0,3,1,3,  ,3,3.0,1,0,1,0,0,0,0,0,0,0,0,0,1,0,0,0,0
19405,2015066163,2217.0,2215.0,67,67301,39.9574,-75.1978,0,0,0,0,0,0,6,6,2015,7,22.0,3.0,0,1.0,3,1,3,  ,2,3.0,0,0,0,0,0,0,0,0,0,0,0,0,0,0,0,0,0
19406,2015066182,925.0,914.0,67,67301,39.997,-75.1308,0,0,0,0,0,0,4,6,2015,4,9.0,1.0,0,1.0,3,0,3,  ,0,0.0,0,0,1,0,0,0,0,0,0,0,0,0,0,0,0,0,0
19407,2015066191,1617.0,1612.0,67,67301,39.9573,-75.2377,0,0,0,0,0,1,4,6,2015,4,16.0,1.0,0,1.0,3,2,3,  ,3,3.0,1,0,1,0,0,0,0,0,0,0,0,0,0,0,0,1,0
19408,2015066198,1935.0,1928.0,67,67301,39.9263,-75.2407,0,0,0,0,0,0,4,6,2015,6,19.0,1.0,0,1.0,3,0,3,  ,0,0.0,0,0,1,0,0,0,0,0,0,0,0,0,0,0,0,0,1
19409,2015066201,9999.0,9999.0,67,67301,39.9629,-75.1784,0,0,0,0,0,0,5,6,2015,5,9.0,1.0,2,1.0,3,3,3,  ,0,0.0,1,0,0,0,0,1,0,0,0,0,0,0,0,0,0,0,0
19410,2015066253,1135.0,1130.0,67,67301,39.9968,-75.1538,0,0,0,0,0,1,4,6,2015,3,10.0,1.0,0,1.0,3,1,3,  ,2,3.0,0,0,1,0,0,1,0,0,0,0,0,0,0,0,0,0,0
19411,2015066269,1727.0,1727.0,67,67301,39.9277,-75.1555,0,0,0,0,0,0,5,6,2015,2,17.0,1.0,0,1.0,3,0,3,  ,0,0.0,0,0,0,0,0,0,0,0,0,0,0,0,0,0,0,0,0
19412,2015066293,9999.0,9999.0,67,67301,39.9725,-75.1671,0,0,0,0,0,1,5,6,2015,3,17.0,1.0,0,1.0,3,0,3,  ,0,0.0,0,0,0,0,0,1,0,0,0,0,0,0,0,0,0,0,0
19413,2015066302,1232.0,1228.0,67,67301,39.955,-75.1971,0,0,0,0,0,0,5,6,2015,6,12.0,1.0,0,1.0,3,0,3,  ,0,0.0,0,0,0,0,0,0,0,0,0,0,0,0,0,0,0,0,0
19414,2015066309,2150.0,2140.0,67,67301,39.9336,-75.1759,0,0,0,0,0,1,4,6,2015,1,12.0,1.0,0,1.0,3,1,3,  ,3,3.0,0,0,1,0,0,0,0,0,0,0,0,0,0,0,0,1,0
19415,2015066311,1530.0,1529.0,67,67301,40.0382,-75.0677,0,0,0,0,0,1,5,6,2015,5,15.0,1.0,0,1.0,3,0,3,  ,0,0.0,0,0,0,0,0,0,0,0,0,0,0,0,0,0,0,0,0
19416,2015066318,1630.0,1630.0,67,67301,40.0009,-75.1226,0,0,0,0,0,0,4,6,2015,6,16.0,1.0,0,1.0,3,1,3,  ,3,3.0,0,0,1,0,0,0,0,0,0,0,0,0,0,0,0,0,0
19417,2015066319,1605.0,1601.0,42,42301,41.9561,-78.6425,0,0,0,0,0,0,5,6,2015,5,16.0,1.0,0,1.0,2,3,3,  ,2,3.0,1,0,0,0,0,0,0,0,0,0,1,1,0,0,0,0,0
19418,2015066330,1750.0,1754.0,67,67301,40.0478,-75.0956,0,0,0,0,0,1,4,6,2015,3,17.0,1.0,0,1.0,3,0,3,  ,0,0.0,0,0,1,0,0,0,0,0,0,0,0,0,0,0,0,1,0
19419,2015066340,2000.0,1843.0,67,67301,40.0082,-75.092,0,0,0,0,0,0,2,5,2015,1,17.0,1.0,1,1.0,3,2,3,  ,0,0.0,0,0,0,0,0,0,0,0,0,0,0,0,0,0,0,0,0
19420,2015066343,1407.0,1409.0,67,67301,39.9531,-75.1819,0,0,0,0,0,0,4,6,2015,3,14.0,1.0,2,9.0,3,5,7,  ,2,3.0,0,0,1,0,0,0,0,0,0,0,0,0,0,0,0,0,0
19421,2015066382,1715.0,1713.0,6,6301,40.3518,-75.9177,0,0,0,0,0,1,4,6,2015,5,17.0,1.0,0,1.0,3,1,3,  ,3,3.0,0,0,1,0,0,1,0,0,0,0,0,0,0,0,0,0,0
19422,2015066771,1834.0,1830.0,20,20402,41.8059,-80.054,0,0,0,0,0,0,4,6,2015,7,18.0,1.0,7,1.0,1,0,3,  ,0,0.0,0,0,1,0,0,0,0,0,0,0,0,0,0,0,0,0,0
19423,2015066892,1845.0,1842.0,64,64306,40.59,-79.7379,0,0,0,0,0,1,4,6,2015,7,18.0,1.0,0,9.0,3,2,7,  ,2,3.0,1,0,1,0,0,0,0,0,0,0,0,0,0,0,0,0,0
19424,2015066991,1947.0,1946.0,22,22301,40.2551,-76.8592,0,0,0,0,0,0,4,6,2015,2,19.0,1.0,0,1.0,3,1,3,  ,2,3.0,1,0,1,0,0,0,0,0,0,0,1,0,0,0,0,1,0
19425,2015067004,1040.0,1034.0,48,48211,40.7714,-75.4746,0,0,0,0,1,0,1,6,2015,5,10.0,1.0,0,1.0,1,0,3,  ,0,0.0,0,0,0,0,0,0,0,0,0,0,0,0,0,0,0,0,0
19426,2015067413,1850.0,1846.0,67,67301,39.9254,-75.227,0,0,0,0,0,0,4,4,2015,4,18.0,1.0,0,1.0,3,1,3,  ,0,0.0,0,0,1,0,0,0,0,0,0,0,0,0,0,0,0,0,0
19427,2015067417,1802.0,1756.0,67,67301,39.9959,-75.0921,0,0,0,0,0,0,4,5,2015,2,17.0,1.0,0,1.0,3,1,3,  ,2,3.0,0,0,1,0,0,0,0,0,0,0,0,0,0,0,0,1,0
19428,2015067669,2233.0,2230.0,22,22102,40.2587,-76.8019,0,0,0,0,0,0,4,6,2015,2,22.0,3.0,0,1.0,3,2,3,  ,3,3.0,1,0,1,0,0,0,0,0,0,0,0,0,0,0,0,0,0
19429,2015067836,2120.0,2114.0,21,21403,40.2437,-76.9024,0,0,0,0,0,0,4,6,2015,1,21.0,3.0,0,1.0,3,0,3,  ,0,0.0,0,1,1,0,0,0,0,0,0,0,0,0,0,0,0,0,0
19430,2015067856,1803.0,1758.0,36,36301,40.0441,-76.3089,0,0,0,0,0,0,4,6,2015,4,17.0,1.0,0,1.0,3,1,3,  ,2,3.0,0,0,1,0,0,0,0,0,0,0,0,0,0,0,0,0,0
19431,2015067881,1145.0,1139.0,53,53426,40.6264,-76.1681,0,0,0,0,0,0,4,6,2015,6,11.0,1.0,0,1.0,2,1,3,  ,3,3.0,0,0,1,0,0,0,0,0,0,0,0,0,0,0,0,0,0
19432,2015067916,1528.0,1525.0,2,2118,40.5357,-79.9708,0,0,0,0,0,1,4,6,2015,2,99.0,1.0,0,9.0,3,0,7,  ,0,0.0,0,0,1,0,0,1,0,0,0,0,0,0,0,0,0,0,0
19433,2015067917,1233.0,1227.0,38,38209,40.3386,-76.4465,0,0,0,0,0,0,1,6,2015,6,12.0,1.0,7,1.0,1,0,3,  ,3,3.0,1,0,0,0,0,0,0,0,0,0,0,0,0,0,0,1,0
19434,2015067943,1046.0,1041.0,67,67301,39.961,-75.1752,0,0,0,0,0,1,4,6,2015,1,10.0,1.0,0,1.0,3,1,3,  ,2,3.0,0,0,1,0,0,0,0,0,0,0,0,0,0,0,0,0,0
19435,2015068119,1738.0,1732.0,23,23110,39.8289,-75.4333,0,0,0,0,0,0,4,6,2015,3,17.0,1.0,0,9.0,3,2,3,  ,3,3.0,1,0,1,0,0,0,0,0,0,0,0,0,0,0,0,0,0
19436,2015068175,2113.0,2110.0,38,38301,40.3407,-76.4338,0,0,0,0,0,0,4,6,2015,3,21.0,3.0,0,1.0,2,1,3,  ,3,3.0,0,0,1,0,0,0,0,0,0,0,0,0,0,0,0,0,0
19437,2015068414,1632.0,1629.0,25,25213,42.1113,-80.1559,0,0,0,0,0,0,4,6,2015,3,16.0,1.0,0,1.0,3,0,3,  ,0,0.0,1,0,1,0,0,0,0,0,0,0,0,0,0,0,0,0,0
19438,2015068422,835.0,828.0,36,36223,40.0212,-76.4418,0,0,0,0,0,1,4,6,2015,6,8.0,1.0,0,1.0,1,2,3,  ,0,0.0,1,0,1,0,0,0,0,0,0,0,0,0,0,0,0,0,0
19439,2015068868,1840.0,1836.0,2,2301,40.4117,-79.9936,0,0,0,0,0,0,4,7,2015,5,18.0,1.0,0,1.0,3,0,3,  ,0,0.0,0,0,1,0,0,0,0,0,0,0,0,0,0,0,0,0,0
19440,2015068914,2227.0,2226.0,46,46204,40.1767,-75.1367,0,0,0,0,1,0,4,7,2015,4,22.0,2.0,0,1.0,3,2,3,  ,2,3.0,0,0,1,0,0,0,0,0,0,0,0,0,0,0,0,0,0
19441,2015069056,1636.0,1633.0,35,35302,41.399,-75.6674,0,0,0,0,1,0,0,7,2015,6,16.0,1.0,0,1.0,3,0,3,  ,0,0.0,0,0,0,0,0,0,0,0,0,0,0,0,0,0,0,0,0
19442,2015069098,1635.0,1625.0,2,2301,40.4548,-79.9325,0,0,0,0,0,0,4,7,2015,6,16.0,1.0,0,1.0,3,1,3,  ,2,3.0,1,0,1,0,0,0,0,0,0,0,0,0,0,0,0,0,1
19443,2015069299,1710.0,1708.0,9,9409,40.2091,-74.7737,0,0,0,0,0,0,4,7,2015,7,17.0,1.0,0,1.0,3,2,3,  ,3,3.0,1,0,1,0,0,0,0,0,0,0,0,0,0,0,0,0,0
19444,2015069355,1436.0,1434.0,46,46211,,,0,0,0,0,0,0,4,7,2015,1,14.0,1.0,0,1.0,1,0,3,  ,0,0.0,0,0,1,0,0,0,0,0,0,0,0,0,0,0,0,0,0
19445,2015069435,1759.0,1758.0,7,7407,40.6735,-78.2379,0,0,0,0,1,0,4,7,2015,6,17.0,1.0,0,1.0,2,1,3,  ,3,3.0,0,0,1,0,0,0,0,0,0,0,0,0,0,0,0,0,0
19446,2015069581,854.0,848.0,6,6301,40.329,-75.9281,0,0,0,0,0,0,4,7,2015,2,8.0,1.0,0,1.0,3,0,3,  ,0,0.0,1,0,1,0,0,0,0,0,0,0,0,0,0,0,0,1,0
19447,2015069642,1356.0,1343.0,14,14410,40.7908,-77.8665,0,0,0,0,0,0,4,7,2015,2,12.0,1.0,0,1.0,3,1,3,  ,3,3.0,0,0,1,0,0,0,0,0,0,0,0,0,0,0,0,0,0
19448,2015069659,1544.0,1544.0,67,67301,39.9502,-75.1457,0,0,0,0,0,1,4,6,2015,1,15.0,1.0,0,1.0,3,1,3,  ,2,3.0,0,0,1,0,0,0,0,0,0,0,0,0,0,0,0,0,0
19449,2015069699,1604.0,1552.0,67,67301,40.0587,-74.9957,0,0,0,0,0,0,4,6,2015,2,15.0,1.0,0,1.0,3,1,3,  ,3,3.0,1,0,1,0,0,0,0,0,0,0,0,0,0,0,0,1,0
19450,2015069734,1830.0,1825.0,67,67301,39.9586,-75.214,0,0,0,0,0,1,4,6,2015,4,18.0,1.0,0,1.0,3,1,3,  ,2,3.0,1,0,1,0,0,0,0,0,0,0,0,0,0,0,0,0,0
19451,2015069789,1656.0,1642.0,62,62218,40.088,-80.1096,0,0,0,0,0,1,2,6,2015,3,16.0,1.0,0,1.0,1,0,3,  ,0,0.0,1,0,0,0,0,1,0,0,0,0,0,0,0,1,0,0,1
19452,2015069864,1433.0,1429.0,9,9205,40.3275,-75.1395,0,0,0,0,0,0,4,7,2015,4,14.0,1.0,0,1.0,3,2,3,  ,3,3.0,0,0,1,0,0,0,0,0,0,0,0,0,0,0,0,0,0
19453,2015070076,1250.0,9999.0,35,35301,41.5725,-75.5026,0,0,0,0,0,0,6,7,2015,3,12.0,1.0,0,1.0,3,0,3,  ,0,0.0,0,0,0,0,0,0,0,0,0,0,0,0,0,0,0,0,0
19454,2015070108,1208.0,1159.0,67,67301,40.0287,-75.1057,0,0,0,0,0,1,1,6,2015,1,11.0,1.0,0,1.0,3,0,3,  ,0,0.0,0,0,0,0,0,0,0,0,0,0,0,0,0,0,0,0,1
19455,2015070133,1653.0,1651.0,67,67301,39.9844,-75.1419,0,0,0,0,0,0,4,6,2015,7,16.0,1.0,0,1.0,3,1,3,  ,2,3.0,0,0,1,0,0,0,0,0,0,0,0,0,0,0,0,0,0
19456,2015070135,1227.0,1226.0,67,67301,39.9869,-75.1317,0,0,0,0,0,0,4,6,2015,5,12.0,1.0,7,9.0,3,0,7,  ,0,0.0,0,0,1,0,0,0,0,0,0,0,0,0,0,0,0,0,0
19457,2015070183,1701.0,1656.0,67,67301,39.9769,-75.1435,0,1,0,0,0,0,4,6,2015,7,23.0,3.0,0,9.0,3,1,7,  ,2,3.0,0,0,1,0,0,0,0,0,0,0,0,0,0,0,0,0,0
19458,2015070193,1635.0,1628.0,67,67301,40.0392,-75.11,0,0,0,0,0,0,4,6,2015,6,16.0,1.0,0,1.0,3,1,3,  ,2,3.0,0,0,1,0,0,0,0,0,0,0,0,0,0,0,0,0,1
19459,2015070329,1812.0,1812.0,23,23111,39.9522,-75.2636,0,0,0,0,0,0,8,7,2015,3,18.0,1.0,0,1.0,3,0,3,  ,2,3.0,0,0,0,0,0,0,0,0,0,0,0,0,0,0,0,0,0
19460,2015070345,834.0,831.0,15,15233,40.1201,-75.5034,0,0,0,0,0,0,4,7,2015,6,8.0,1.0,0,1.0,3,0,3,  ,0,0.0,0,0,1,0,0,0,0,0,0,0,0,0,0,0,0,0,0
19461,2015070378,1218.0,1217.0,46,46211,40.2099,-75.2248,0,0,0,0,0,0,4,6,2015,7,12.0,1.0,0,9.0,1,0,7,  ,3,3.0,1,0,1,0,0,0,0,0,0,0,0,0,0,0,0,0,0
19462,2015070415,1616.0,1609.0,41,41219,41.2505,-76.9811,0,0,0,0,0,1,4,7,2015,2,16.0,1.0,0,1.0,1,1,3,  ,2,3.0,0,0,1,0,0,0,0,0,0,0,0,0,0,0,0,0,0
19463,2015070595,1650.0,1642.0,67,67301,39.9315,-75.1763,0,0,0,0,0,1,4,6,2015,4,0.0,3.0,0,1.0,3,1,3,  ,3,3.0,1,0,1,0,0,0,0,0,0,0,0,0,0,0,0,0,0
19464,2015070611,1352.0,1350.0,67,67301,40.02,-75.1578,0,0,0,0,0,1,4,6,2015,3,13.0,1.0,0,1.0,3,0,3,  ,0,0.0,0,0,1,0,0,0,0,0,0,0,0,0,0,0,0,0,0
19465,2015070612,1742.0,1739.0,67,67301,40.099,-75.0475,0,0,0,0,0,0,5,6,2015,7,17.0,1.0,0,1.0,3,0,3,  ,0,0.0,0,0,0,0,0,0,0,0,0,0,0,0,0,0,0,0,0
19466,2015070614,1345.0,1345.0,67,67301,39.9716,-75.2428,0,0,0,0,0,0,4,6,2015,4,12.0,1.0,0,1.0,3,1,3,  ,2,3.0,0,0,1,0,0,0,0,0,0,0,0,0,0,0,0,0,0
19467,2015070617,1847.0,1843.0,67,67301,39.9329,-75.1487,0,0,0,0,0,0,4,6,2015,7,18.0,1.0,0,1.0,3,1,3,  ,2,3.0,0,0,1,0,0,0,0,0,0,0,0,0,0,0,0,0,0
19468,2015070618,1340.0,1330.0,67,67301,39.9179,-75.1577,0,0,0,0,0,0,1,6,2015,2,12.0,1.0,0,1.0,3,0,3,  ,0,0.0,0,0,0,0,0,0,0,0,0,0,0,0,0,0,0,0,0
19469,2015070636,2230.0,2227.0,67,67301,40.0064,-75.1169,1,0,0,0,1,0,5,6,2015,2,22.0,3.0,0,1.0,3,0,3,  ,0,0.0,0,0,0,0,0,0,0,0,0,0,0,0,0,0,0,0,0
19470,2015070649,1635.0,1627.0,67,67301,40.0413,-75.0842,0,0,0,0,0,0,4,6,2015,5,16.0,1.0,0,1.0,3,2,3,  ,3,3.0,0,0,1,0,0,0,0,0,0,0,0,0,0,0,0,0,0
19471,2015070654,2020.0,2016.0,67,67301,39.9334,-75.185,0,0,0,0,0,0,4,6,2015,1,20.0,3.0,0,1.0,3,0,3,  ,0,0.0,0,0,1,0,0,0,0,0,0,0,0,0,0,0,0,0,0
19472,2015070673,2001.0,2000.0,67,67301,39.9943,-75.1819,0,0,0,0,0,0,4,6,2015,4,20.0,1.0,0,1.0,3,1,3,  ,3,3.0,0,0,1,0,0,0,0,0,0,0,0,0,0,0,0,0,0
19473,2015070677,1103.0,1107.0,67,67301,39.9329,-75.1487,0,0,0,0,0,1,4,6,2015,3,11.0,1.0,0,1.0,3,1,3,  ,2,3.0,0,0,1,0,0,0,0,0,0,0,0,0,0,0,0,0,0
19474,2015070863,2007.0,1930.0,33,33218,41.2504,-78.7575,0,0,0,0,0,0,4,6,2015,5,19.0,1.0,0,1.0,1,2,3,  ,3,3.0,1,0,1,0,0,0,0,0,0,0,0,0,1,0,0,0,0