,CRN,ARRIVAL_TM,DISPATCH_TM,COUNTY,MUNICIPALITY,DEC_LAT,DEC_LONG,BICYCLE_DEATH_COUNT,BICYCLE_SUSP_SERIOUS_INJ_COUNT,BUS_COUNT,HEAVY_TRUCK_COUNT,SMALL_TRUCK_COUNT,SUV_COUNT,COLLISION_TYPE,CRASH_MONTH,CRASH_YEAR,DAY_OF_WEEK,HOUR_OF_DAY,ILLUMINATION,LOCATION_TYPE,ROAD_CONDITION,URBAN_RURAL,INTERSECT_TYPE,WEATHER1,WEATHER2,TCD_TYPE,TCD_FUNC_CD,AGGRESSIVE_DRIVING,ALCOHOL_RELATED,ANGLE_CRASH,CELL_PHONE,COMM_VEHICLE,DISTRACTED,DRINKING_DRIVER,DRUGGED_DRIVER,FATIGUE_ASLEEP,IMPAIRED_DRIVER,NHTSA_AGG_DRIVING,RUNNING_RED_LT,RUNNING_STOP_SIGN,SPEEDING_RELATED,TAILGATING,MATURE_DRIVER,YOUNG_DRIVER
19475,2015070889,1641.0,1621.0,53,53202,40.7115,-76.1365,0,1,0,0,0,0,4,6,2015,2,16.0,1.0,0,1.0,1,2,3,  ,3,3.0,0,0,1,0,0,0,0,0,0,0,0,0,0,0,0,0,1
19476,2015070915,1440.0,1436.0,48,48101,40.6455,-75.3366,0,0,0,0,0,1,4,7,2015,1,14.0,1.0,0,1.0,3,1,3,  ,0,0.0,0,0,1,0,0,0,0,0,0,0,0,0,0,0,0,0,0
19477,2015071123,1712.0,1709.0,23,23401,39.9199,-75.2924,0,0,0,0,0,0,4,7,2015,4,17.0,1.0,0,1.0,3,1,3,  ,3,3.0,0,0,1,0,0,0,0,0,0,0,0,0,0,0,0,0,0
19478,2015071140,1532.0,1530.0,40,40220,41.3024,-75.929,0,0,0,0,0,0,4,7,2015,1,15.0,1.0,0,1.0,3,0,3,  ,0,0.0,0,1,1,0,0,0,1,0,0,1,0,0,0,0,0,0,0
19479,2015071250,1128.0,1125.0,21,21409,40.0489,-77.5247,0,1,0,0,0,0,4,7,2015,4,11.0,1.0,7,1.0,2,0,3,  ,0,0.0,0,0,1,0,0,0,0,0,0,0,0,0,0,0,0,1,0
19480,2015071326,832.0,827.0,67,67301,39.9486,-75.171,0,0,0,0,0,0,5,6,2015,6,8.0,1.0,0,1.0,3,0,3,  ,2,3.0,0,0,0,0,0,0,0,0,0,0,0,0,0,0,0,1,0
19481,2015071329,635.0,618.0,67,67301,39.945,-75.1718,0,0,0,0,0,0,4,6,2015,4,6.0,1.0,0,1.0,3,2,3,  ,0,0.0,0,0,1,0,0,0,0,0,0,0,0,0,0,0,0,1,0
19482,2015071554,934.0,932.0,21,21401,40.2395,-76.9378,0,0,0,0,1,0,4,7,2015,7,9.0,1.0,0,1.0,3,1,3,  ,2,3.0,0,0,1,0,0,0,0,0,0,0,0,0,0,0,0,0,0
19483,2015071555,1050.0,1048.0,6,6301,40.3352,-75.9181,0,0,0,0,0,0,8,7,2015,7,10.0,1.0,0,1.0,3,1,3,  ,2,3.0,0,0,0,0,0,0,0,0,0,0,0,0,0,0,0,0,0
19484,2015071582,1648.0,1632.0,2,2301,40.4749,-80.0115,0,0,0,0,0,0,4,7,2015,7,16.0,1.0,0,1.0,3,2,3,  ,2,3.0,0,0,1,0,0,0,0,0,0,0,0,0,0,0,0,0,0
19485,2015071656,2117.0,2115.0,66,66301,39.9584,-76.7492,0,0,0,0,0,0,3,7,2015,7,18.0,1.0,0,1.0,3,0,3,  ,0,0.0,0,0,0,0,0,0,0,0,0,0,0,0,0,0,0,0,0
19486,2015071718,749.0,747.0,6,6301,40.3337,-75.9318,0,0,0,0,0,1,4,7,2015,1,7.0,1.0,0,1.0,3,1,3,  ,2,3.0,0,0,1,0,0,0,0,0,0,0,0,0,0,0,0,0,0
19487,2015071729,1835.0,1827.0,9,9223,40.4433,-75.1243,1,0,0,0,0,0,4,7,2015,5,18.0,1.0,0,1.0,1,0,3,  ,0,0.0,0,1,1,0,0,0,1,1,0,1,0,0,0,0,0,0,0
19488,2015071748,1128.0,1122.0,35,35302,41.4404,-75.6644,0,0,0,0,0,0,4,7,2015,1,11.0,1.0,0,1.0,3,5,3,  ,3,3.0,0,0,1,0,0,0,0,0,0,0,0,0,0,0,0,0,1
19489,2015071947,1312.0,1212.0,41,41221,41.4389,-77.5102,0,0,0,0,1,0,4,7,2015,5,12.0,1.0,0,1.0,1,0,3,  ,0,0.0,0,0,1,0,0,0,0,0,0,0,0,0,0,0,0,0,0
19490,2015072063,1145.0,1137.0,35,35302,41.3998,-75.6615,0,0,0,0,0,0,4,7,2015,2,11.0,1.0,0,1.0,3,1,3,  ,0,0.0,1,0,1,0,0,0,0,0,0,0,0,0,1,0,0,0,0
19491,2015072064,1300.0,1258.0,6,6301,40.3503,-75.9177,0,0,0,0,0,0,4,7,2015,2,12.0,1.0,0,1.0,3,1,3,  ,2,3.0,0,0,1,0,0,0,0,0,0,0,0,0,0,0,0,0,0
19492,2015072086,1545.0,1541.0,7,7301,40.5178,-78.4027,0,0,0,0,0,0,4,7,2015,2,15.0,1.0,0,1.0,3,1,3,  ,3,3.0,0,0,1,0,0,0,0,0,0,0,0,0,0,0,0,0,0
19493,2015072133,1841.0,1830.0,31,31221,40.4902,-78.031,0,0,0,0,0,0,4,6,2015,2,18.0,1.0,7,1.0,1,0,3,  ,0,0.0,1,0,1,0,0,0,0,0,0,0,0,0,0,0,0,0,1
19494,2015072320,2037.0,2031.0,54,54209,40.8141,-76.8689,0,0,0,0,0,0,4,7,2015,4,20.0,4.0,0,1.0,1,0,3,  ,0,0.0,0,1,1,0,0,0,0,0,0,0,0,0,0,0,0,0,0
19495,2015072359,1430.0,1426.0,64,64219,40.4995,-79.6302,0,0,0,0,1,0,4,7,2015,2,14.0,1.0,0,1.0,1,2,3,  ,3,3.0,0,0,1,0,0,0,0,0,0,0,0,0,0,0,0,0,0
19496,2015072470,1615.0,1611.0,23,23416,39.9137,-75.3205,0,0,0,0,0,0,8,7,2015,2,16.0,1.0,0,1.0,3,0,3,  ,0,0.0,0,0,0,0,0,0,0,0,0,0,0,0,0,0,0,0,1
19497,2015072481,1632.0,1627.0,9,9202,40.0992,-74.9565,0,0,0,0,0,0,4,7,2015,3,16.0,1.0,7,1.0,3,0,3,  ,2,3.0,0,0,1,0,0,0,0,0,0,0,0,0,0,0,0,0,0
19498,2015072837,1932.0,1932.0,38,38301,40.347,-76.4146,0,0,0,0,0,0,4,6,2015,6,19.0,1.0,0,1.0,2,1,3,  ,0,0.0,0,0,1,0,0,0,0,0,0,0,0,0,0,0,0,0,0
19499,2015072860,1552.0,1552.0,67,67301,39.9526,-75.19,0,0,0,0,0,0,6,6,2015,5,15.0,1.0,0,1.0,3,1,3,  ,1,3.0,0,0,0,0,0,0,0,0,0,0,0,0,0,0,0,0,1
19500,2015072863,838.0,838.0,67,67301,39.9492,-75.2121,0,0,0,0,1,0,6,6,2015,3,8.0,1.0,0,1.0,3,3,3,  ,0,0.0,0,0,0,0,0,0,0,0,0,0,0,0,0,0,0,0,0
19501,2015072869,1135.0,1130.0,67,67301,39.9942,-75.1569,0,0,0,0,0,0,2,6,2015,1,11.0,1.0,0,1.0,3,0,3,  ,0,0.0,0,0,0,0,0,0,0,0,0,0,0,0,0,0,0,0,0
19502,2015072874,830.0,1109.0,67,67301,39.9586,-75.214,0,0,0,0,0,0,4,6,2015,6,8.0,1.0,0,1.0,3,1,99,  ,2,3.0,0,0,1,0,0,0,0,0,0,0,0,0,0,0,0,0,0
19503,2015072878,1755.0,1749.0,67,67301,39.9889,-75.1574,0,0,0,0,0,0,4,7,2015,1,17.0,1.0,0,1.0,3,0,3,  ,0,0.0,0,0,1,0,0,0,0,0,0,0,0,0,0,0,0,0,0
19504,2015072883,1324.0,1320.0,67,67301,39.9465,-75.1863,0,0,0,0,0,0,4,6,2015,7,13.0,1.0,3,1.0,3,0,3,  ,2,3.0,1,0,1,0,0,0,0,0,0,0,0,1,0,0,0,0,0
19505,2015072989,1920.0,1917.0,39,39301,40.5731,-75.4648,0,0,0,0,0,0,8,7,2015,4,19.0,1.0,0,1.0,3,1,3,  ,3,3.0,0,0,0,0,0,0,0,0,0,0,0,0,0,0,0,0,0
19506,2015073100,1133.0,1131.0,48,48101,40.6666,-75.3067,0,0,0,0,1,0,4,7,2015,7,11.0,1.0,0,1.0,3,2,3,  ,2,3.0,0,0,1,0,0,0,0,0,0,0,0,0,0,0,0,1,0
19507,2015073198,1527.0,1525.0,25,25213,42.0866,-80.0848,0,0,0,0,0,1,4,7,2015,5,15.0,1.0,0,1.0,3,2,3,  ,3,3.0,0,0,1,0,0,0,0,0,0,0,0,0,0,0,0,0,0
19508,2015073219,1806.0,1806.0,67,67301,39.9883,-75.1198,0,0,0,0,0,0,4,7,2015,4,18.0,1.0,0,1.0,3,0,3,  ,0,0.0,0,0,1,0,0,0,0,0,0,0,0,0,0,0,0,0,0
19509,2015073220,9999.0,9999.0,67,67301,39.9628,-75.1559,0,0,0,0,0,0,4,6,2015,3,11.0,1.0,0,98.0,3,1,99,  ,3,3.0,1,0,1,0,0,0,0,0,0,0,0,0,0,0,0,0,0
19510,2015073256,1400.0,1359.0,67,67301,39.9149,-75.2347,0,0,1,0,0,0,4,7,2015,5,13.0,1.0,0,1.0,3,1,3,  ,2,3.0,0,0,1,0,1,0,0,0,0,0,0,0,0,0,0,0,0
19511,2015073265,1721.0,1718.0,67,67301,39.9871,-75.1626,0,0,0,0,0,0,4,6,2015,2,17.0,1.0,0,1.0,3,1,3,  ,2,3.0,1,0,1,0,0,0,0,0,0,0,0,1,0,0,0,0,0
19512,2015073407,2344.0,2334.0,38,38209,40.3459,-76.3913,0,0,0,0,0,0,1,7,2015,5,23.0,2.0,0,1.0,1,0,3,  ,0,0.0,0,0,0,0,0,0,0,0,0,0,0,0,0,0,0,0,0
19513,2015073621,1546.0,1540.0,67,67301,39.9488,-75.1622,0,0,0,0,0,0,5,7,2015,2,15.0,1.0,0,1.0,3,0,3,  ,0,0.0,0,0,0,0,0,0,0,0,0,0,0,0,0,0,0,0,0
19514,2015073623,1715.0,1714.0,67,67301,39.9336,-75.1828,0,0,0,0,0,0,4,6,2015,5,17.0,1.0,0,1.0,3,1,3,  ,3,3.0,0,0,1,0,0,0,0,0,0,0,0,0,0,0,0,0,0
19515,2015073624,1635.0,1625.0,67,67301,40.0546,-75.0498,0,0,0,0,0,0,4,6,2015,2,14.0,1.0,0,1.0,3,0,3,  ,0,0.0,0,0,1,0,0,0,0,0,0,0,0,0,0,0,0,0,0
19516,2015073640,1725.0,1720.0,67,67301,40.001,-75.173,0,0,0,0,0,0,4,7,2015,5,17.0,1.0,0,1.0,3,1,3,  ,3,3.0,0,0,1,0,0,0,0,0,0,0,0,0,0,0,0,0,0
19517,2015073649,1856.0,1846.0,67,67301,40.0227,-75.0817,0,0,0,0,0,0,4,7,2015,5,18.0,1.0,0,1.0,3,1,3,  ,3,3.0,0,0,1,0,0,0,0,0,0,0,0,0,0,0,0,0,0
19518,2015073660,1722.0,1720.0,67,67301,39.9247,-75.1723,0,0,0,0,1,0,4,6,2015,3,17.0,1.0,0,9.0,3,2,7,  ,0,0.0,0,0,1,0,0,0,0,0,0,0,0,0,0,0,0,1,0
19519,2015073668,1400.0,1400.0,67,67301,40.0447,-75.1434,0,0,0,0,0,1,4,6,2015,6,13.0,1.0,7,1.0,3,0,3,  ,0,0.0,0,0,1,0,0,0,0,0,0,0,0,0,0,0,0,0,0
19520,2015073693,1604.0,1603.0,67,67301,40.0292,-75.0551,0,0,0,0,0,0,4,6,2015,2,16.0,1.0,0,1.0,3,1,3,  ,3,3.0,0,0,1,0,0,0,0,0,0,0,0,0,0,0,0,0,0
19521,2015073708,1953.0,1950.0,67,67301,39.9662,-75.1535,0,0,0,0,0,0,4,6,2015,7,19.0,3.0,0,9.0,3,1,7,  ,3,3.0,0,0,1,0,0,0,0,0,0,0,0,0,0,0,0,0,0
19522,2015073716,1610.0,1605.0,67,67301,39.9753,-75.2066,0,0,0,0,0,0,4,7,2015,6,16.0,1.0,0,1.0,3,1,3,  ,2,3.0,0,0,1,0,0,0,0,0,0,0,0,0,0,0,0,1,0
19523,2015073719,1501.0,1500.0,67,67301,40.0348,-75.0871,0,0,0,0,0,0,4,6,2015,4,13.0,1.0,0,1.0,3,1,3,  ,2,3.0,0,0,1,0,0,0,0,0,0,0,0,0,0,0,0,1,0
19524,2015073726,1733.0,1718.0,67,67301,39.9773,-75.1982,0,0,0,0,0,0,4,7,2015,4,17.0,1.0,0,1.0,3,2,3,  ,2,3.0,0,0,1,0,0,0,0,0,0,0,0,0,0,0,0,0,0
19525,2015073743,1025.0,1022.0,67,67301,39.9188,-75.156,0,0,0,0,0,0,4,6,2015,1,10.0,1.0,0,1.0,3,0,3,  ,0,0.0,0,0,1,0,0,0,0,0,0,0,0,0,0,0,0,0,0
19526,2015073798,1643.0,1643.0,23,23103,39.9694,-75.2992,0,0,0,0,0,0,4,7,2015,6,16.0,1.0,0,1.0,3,0,3,  ,0,0.0,0,0,1,0,0,0,0,0,0,0,0,0,0,0,0,1,0
19527,2015073906,1528.0,1515.0,1,1215,39.7422,-77.1486,1,0,0,0,1,0,4,6,2015,1,15.0,1.0,0,1.0,1,0,3,  ,0,0.0,0,0,1,0,0,0,0,0,0,0,0,0,0,0,0,0,0
19528,2015074034,1048.0,1031.0,21,21207,40.175,-77.0272,0,0,0,0,0,0,4,7,2015,1,10.0,1.0,0,1.0,1,0,3,  ,0,0.0,1,0,1,0,0,0,0,0,0,0,0,0,0,0,0,1,0
19529,2015074305,1248.0,1246.0,22,22102,40.2552,-76.8348,0,0,0,0,0,0,4,7,2015,6,12.0,1.0,0,1.0,3,0,3,  ,0,0.0,0,0,1,0,0,0,0,0,0,0,0,0,0,0,0,0,0
19530,2015074319,1800.0,1738.0,39,39301,40.5949,-75.5115,0,0,0,0,0,0,4,7,2015,6,17.0,1.0,7,1.0,3,0,3,  ,0,0.0,0,0,1,0,0,0,0,0,0,0,0,0,0,0,0,0,1
19531,2015074425,1546.0,1541.0,22,22301,40.2858,-76.8932,0,0,0,0,0,0,4,7,2015,1,15.0,1.0,0,1.0,3,1,3,  ,3,3.0,0,0,1,0,0,0,0,0,0,0,0,0,0,0,0,0,0
19532,2015074428,1756.0,1718.0,22,22301,40.2735,-76.8897,0,0,0,0,0,0,4,7,2015,2,16.0,1.0,0,1.0,3,1,3,  ,3,3.0,0,0,1,0,0,0,0,0,0,0,0,0,0,0,0,0,0
19533,2015074429,2102.0,2102.0,22,22301,40.2596,-76.8698,0,0,0,0,0,0,4,7,2015,3,21.0,1.0,0,1.0,3,2,3,  ,0,0.0,0,0,1,0,0,0,0,0,0,0,0,0,0,0,0,0,0
19534,2015074547,1835.0,1828.0,43,43220,41.3475,-80.4123,0,0,0,0,0,0,1,7,2015,5,18.0,1.0,7,1.0,1,0,3,  ,0,0.0,1,0,0,0,0,0,0,0,0,0,0,0,0,0,0,0,1
19535,2015074553,1514.0,1510.0,37,37301,41.0014,-80.3343,0,1,0,0,0,1,5,7,2015,2,15.0,1.0,0,1.0,2,2,3,  ,3,3.0,0,0,0,0,0,0,0,0,0,0,0,0,0,0,0,0,0
19536,2015074572,1734.0,1730.0,67,67301,39.9532,-75.145,0,0,0,0,0,0,4,6,2015,5,17.0,1.0,0,1.0,3,0,3,  ,0,0.0,0,0,1,0,0,0,0,0,0,0,0,0,0,0,0,0,0
19537,2015074573,1255.0,1250.0,67,67301,39.9836,-75.1255,0,0,0,0,0,0,4,5,2015,1,12.0,1.0,0,1.0,3,0,3,  ,0,0.0,0,0,1,0,0,0,0,0,0,0,0,0,0,0,0,1,0
19538,2015074598,910.0,904.0,15,15253,40.1304,-75.6911,0,0,0,0,0,0,4,7,2015,7,9.0,1.0,0,1.0,1,0,3,  ,0,0.0,0,0,1,0,0,1,0,0,0,0,0,0,0,0,0,0,0
19539,2015074725,1350.0,1348.0,36,36101,40.077,-76.3088,0,0,0,0,0,1,4,7,2015,6,13.0,1.0,0,1.0,3,0,3,  ,8,3.0,0,0,1,0,0,0,0,0,0,0,0,0,0,0,0,0,0
19540,2015074945,2007.0,1946.0,28,28204,39.9082,-77.5568,0,0,0,0,0,0,8,7,2015,5,19.0,1.0,7,1.0,1,0,3,  ,0,0.0,1,0,0,0,0,0,0,0,0,0,0,0,0,0,0,0,0
19541,2015075016,1717.0,1711.0,7,7301,40.5081,-78.3961,0,0,0,0,0,0,4,7,2015,3,17.0,1.0,0,1.0,3,1,3,  ,3,3.0,0,0,1,0,0,0,0,0,0,0,0,0,0,0,0,0,0
19542,2015075102,2144.0,2108.0,21,21402,40.2097,-77.1837,0,0,0,0,0,0,4,7,2015,3,20.0,4.0,7,1.0,2,0,3,  ,0,0.0,1,0,1,0,0,0,0,0,0,0,0,0,0,0,0,1,0
19543,2015075105,300.0,300.0,2,2301,40.4487,-80.0023,0,1,0,0,0,1,4,7,2015,1,3.0,3.0,0,1.0,3,1,3,  ,2,3.0,0,0,1,0,0,0,0,0,0,0,0,0,0,0,0,0,0
19544,2015075247,1344.0,1335.0,2,2301,40.4404,-80.0184,0,0,0,0,0,1,4,7,2015,4,13.0,1.0,7,1.0,3,0,3,  ,2,3.0,1,0,1,0,0,0,0,0,0,0,0,0,0,0,0,0,0
19545,2015075275,1453.0,1453.0,25,25213,42.1411,-80.1374,0,1,0,0,0,0,8,7,2015,7,14.0,1.0,0,1.0,3,0,3,  ,0,0.0,1,0,0,0,0,0,0,0,0,0,0,0,0,0,0,0,0
19546,2015075305,1724.0,1723.0,39,39301,40.6163,-75.47,0,0,0,0,0,0,4,7,2015,4,17.0,1.0,0,1.0,3,1,3,  ,3,3.0,0,0,1,0,0,0,0,0,0,0,0,0,0,0,0,0,0
19547,2015075348,2229.0,2201.0,36,36221,40.0388,-76.1395,0,0,0,0,1,0,4,7,2015,2,20.0,4.0,0,1.0,1,0,3,  ,0,0.0,1,0,1,0,0,0,0,0,0,0,0,0,0,0,0,0,1
19548,2015075404,1814.0,1810.0,21,21409,40.0467,-77.5225,0,0,0,0,0,0,1,7,2015,4,18.0,1.0,1,1.0,2,0,3,  ,0,0.0,0,0,0,0,0,0,0,0,0,0,0,0,0,0,0,0,0
19549,2015075466,1649.0,1648.0,40,40418,41.2796,-75.8884,0,0,0,0,0,0,5,7,2015,3,16.0,1.0,0,1.0,3,1,3,  ,8,3.0,0,0,0,0,0,0,0,0,0,0,0,0,0,0,0,0,0
19550,2015075504,1730.0,1717.0,1,1205,39.8882,-77.3463,0,0,0,0,0,1,4,7,2015,3,17.0,1.0,0,1.0,1,0,3,  ,0,0.0,0,0,1,0,0,0,0,0,0,0,0,0,0,0,0,0,0
19551,2015075652,1724.0,1722.0,67,67301,39.9593,-75.1599,0,0,0,0,0,1,4,7,2015,7,17.0,1.0,0,1.0,3,1,3,  ,2,3.0,0,0,1,0,0,0,0,0,0,0,0,0,0,0,0,0,0
19552,2015075687,1536.0,1536.0,67,67301,39.9847,-75.1203,0,0,0,0,0,0,4,6,2015,6,15.0,1.0,0,1.0,3,2,3,  ,3,3.0,0,0,1,0,0,0,0,0,0,0,0,0,0,0,0,0,0
19553,2015075706,1308.0,1307.0,67,67301,39.9549,-75.1964,0,0,0,0,0,0,4,6,2015,2,13.0,1.0,0,1.0,3,2,3,  ,2,3.0,1,0,1,0,0,0,0,0,0,0,0,1,0,0,0,0,0
19554,2015075727,1620.0,1614.0,67,67301,39.9868,-75.1728,0,0,0,0,0,0,4,7,2015,7,99.0,1.0,0,9.0,3,1,3,  ,2,3.0,0,0,1,0,0,0,0,0,0,0,0,0,0,0,0,0,0
19555,2015075738,1909.0,1902.0,67,67301,39.9359,-75.1845,0,0,0,0,0,0,3,7,2015,2,19.0,1.0,0,1.0,3,0,3,  ,0,0.0,0,0,0,0,0,0,0,0,0,0,0,0,0,0,0,0,0
19556,2015075752,1920.0,1918.0,67,67301,39.9426,-75.1723,0,0,0,0,0,0,4,7,2015,7,19.0,1.0,0,98.0,3,1,99,  ,3,3.0,1,0,1,0,0,0,0,0,0,0,0,0,1,0,0,0,0
19557,2015075757,922.0,917.0,67,67301,39.9437,-75.1973,0,0,0,0,0,0,4,7,2015,5,9.0,1.0,2,9.0,3,0,98,  ,0,0.0,0,0,1,0,0,0,0,0,0,0,0,0,0,0,0,0,0
19558,2015075759,1740.0,1732.0,67,67301,39.9484,-75.1662,0,0,0,0,0,1,4,7,2015,3,17.0,1.0,0,1.0,3,1,3,  ,2,3.0,1,0,1,0,0,0,0,0,0,0,0,0,0,1,0,0,0
19559,2015075982,230.0,223.0,23,23109,,,0,0,0,0,0,0,4,7,2015,6,2.0,3.0,0,1.0,3,0,3,  ,0,0.0,0,0,1,0,0,0,0,0,0,0,0,0,0,0,0,0,0
19560,2015076024,2106.0,2050.0,5,5201,40.0413,-78.5225,0,0,0,0,0,0,4,7,2015,6,19.0,1.0,0,1.0,1,0,3,  ,0,0.0,0,0,1,0,0,0,0,0,0,0,0,0,0,0,0,0,0
19561,2015076069,1725.0,717.0,66,66301,39.9665,-76.7298,0,0,0,0,1,0,4,7,2015,6,7.0,1.0,0,1.0,3,1,3,  ,2,3.0,0,0,1,0,0,0,0,0,0,0,0,0,0,0,0,0,0
19562,2015076122,1244.0,1219.0,40,40304,41.2442,-75.8849,0,0,0,0,0,1,4,7,2015,6,99.0,1.0,0,1.0,3,1,3,  ,2,3.0,0,0,1,0,0,0,0,0,0,0,0,0,0,0,0,0,0
19563,2015076126,740.0,736.0,48,48206,40.6651,-75.4001,0,0,0,0,0,0,4,7,2015,6,7.0,1.0,0,1.0,3,0,3,  ,0,0.0,0,0,1,0,0,0,0,0,0,0,0,0,0,0,0,0,0
19564,2015076211,1248.0,1838.0,67,67301,39.9346,-75.188,0,0,0,0,0,0,3,7,2015,2,12.0,1.0,0,1.0,3,0,3,  ,0,0.0,0,0,0,0,0,0,0,0,0,0,0,0,0,0,0,0,0
19565,2015076567,237.0,235.0,6,6301,40.3506,-75.9353,0,0,0,0,0,0,4,7,2015,1,2.0,3.0,0,1.0,3,0,3,  ,0,0.0,0,0,1,0,0,0,0,0,0,0,0,0,0,0,0,0,0
19566,2015076606,1723.0,1718.0,40,40301,40.9669,-75.9667,0,0,0,0,1,0,1,7,2015,6,17.0,1.0,0,1.0,2,1,3,  ,0,0.0,0,0,0,0,0,0,0,0,0,0,0,0,0,0,0,0,0
19567,2015076663,1310.0,1309.0,28,28401,39.9163,-77.6542,0,0,0,0,0,0,1,7,2015,2,22.0,3.0,0,1.0,1,0,3,  ,0,0.0,0,0,0,0,0,0,0,0,0,0,0,0,0,0,0,0,0
19568,2015076895,2158.0,2153.0,39,39301,40.6124,-75.4743,0,0,0,0,0,0,4,7,2015,1,21.0,3.0,0,1.0,3,1,3,  ,2,3.0,0,0,1,0,0,0,0,0,0,0,0,0,0,0,0,0,0
19569,2015076949,941.0,939.0,35,35302,41.4084,-75.6645,0,0,0,0,0,0,4,7,2015,6,9.0,1.0,0,1.0,3,2,3,  ,0,0.0,0,0,1,0,0,0,0,0,0,0,0,0,0,0,0,0,0
19570,2015076953,1431.0,1427.0,21,21403,40.2458,-76.8963,0,0,0,0,0,0,2,7,2015,7,14.0,1.0,7,1.0,3,0,3,  ,0,0.0,0,0,0,0,0,0,0,0,0,0,0,0,0,0,0,0,0
19571,2015077006,1134.0,1130.0,16,16402,41.2142,-79.386,0,0,0,0,0,0,4,7,2015,2,11.0,1.0,0,1.0,2,2,3,  ,3,3.0,0,0,1,0,0,0,0,0,0,0,0,0,0,0,0,0,0
19572,2015077042,1533.0,1531.0,2,2301,40.4602,-79.9328,0,0,0,0,0,0,1,7,2015,2,15.0,1.0,0,1.0,3,0,3,  ,0,0.0,1,0,0,0,0,0,0,0,0,0,0,0,0,0,0,0,0
19573,2015077147,2147.0,2147.0,9,9211,40.2564,-74.8487,0,0,0,0,0,0,5,7,2015,5,21.0,2.0,0,1.0,3,0,3,  ,0,0.0,0,0,0,0,0,0,0,0,0,0,0,0,0,0,0,1,0
19574,2015077212,2258.0,2252.0,25,25302,42.0991,-80.1082,0,0,0,0,0,0,4,7,2015,2,22.0,3.0,0,1.0,3,1,3,  ,2,3.0,1,0,1,0,0,0,0,0,0,0,0,0,0,0,0,0,0
19575,2015077380,1922.0,1920.0,2,2418,40.541,-79.7962,0,0,0,0,1,0,4,7,2015,7,19.0,1.0,0,1.0,3,0,3,  ,0,0.0,0,1,1,0,0,0,1,0,0,1,0,0,0,0,0,1,0
19576,2015077502,953.0,943.0,46,46226,40.1782,-75.3956,0,0,0,0,0,0,4,7,2015,4,9.0,1.0,7,1.0,1,0,3,  ,0,0.0,1,0,1,0,0,0,0,0,0,0,0,0,0,0,0,0,0
19577,2015077544,2101.0,2058.0,7,7301,40.5157,-78.4008,0,0,0,0,0,0,4,7,2015,6,20.0,4.0,0,1.0,3,2,3,  ,0,0.0,0,0,1,0,0,0,0,0,0,0,0,0,0,0,0,0,0
19578,2015077568,2000.0,1954.0,6,6233,40.2816,-75.8747,0,0,0,0,1,0,4,7,2015,3,19.0,1.0,7,1.0,1,0,3,  ,0,0.0,0,0,1,0,0,0,0,0,0,0,0,0,0,0,0,0,0
19579,2015077589,1154.0,1150.0,36,36412,40.0087,-76.3578,0,0,0,0,0,0,2,7,2015,1,11.0,1.0,0,1.0,3,0,3,  ,2,3.0,0,0,0,0,0,0,0,0,0,0,0,0,0,0,0,0,0
19580,2015077763,1746.0,1745.0,9,9216,40.219,-74.9435,0,0,0,0,0,0,8,7,2015,5,17.0,1.0,0,1.0,3,1,3,  ,0,0.0,0,0,0,0,0,0,0,0,0,0,0,0,0,0,0,0,0
19581,2015077824,1139.0,1138.0,67,67301,39.9259,-75.1681,0,0,0,0,0,1,4,7,2015,4,11.0,1.0,0,1.0,3,3,3,  ,3,3.0,1,0,1,0,0,0,0,0,0,0,0,0,0,0,0,0,0
19582,2015077844,1323.0,1319.0,67,67301,39.95,-75.157,0,0,0,0,0,1,4,7,2015,4,13.0,1.0,0,1.0,3,1,3,  ,2,3.0,1,0,1,0,0,0,0,0,0,0,0,0,0,0,0,0,0
19583,2015078208,1516.0,1515.0,53,53412,40.8988,-75.995,0,0,0,0,0,0,4,7,2015,4,15.0,1.0,0,1.0,1,1,3,  ,0,0.0,0,0,1,0,0,1,0,0,0,0,0,0,0,0,0,1,0
19584,2015078217,830.0,755.0,67,67301,39.9892,-75.1661,0,0,0,0,0,0,4,7,2015,5,7.0,1.0,0,1.0,3,1,3,  ,3,3.0,0,0,1,0,0,0,0,0,0,0,0,0,0,0,0,0,0
19585,2015078224,835.0,830.0,67,67301,39.9507,-75.1689,0,0,0,1,0,0,4,7,2015,6,8.0,1.0,0,1.0,3,1,3,  ,2,3.0,0,0,1,0,1,0,0,0,0,0,0,0,0,0,0,0,0
19586,2015078225,200.0,145.0,67,67301,39.9438,-75.1584,0,0,0,0,0,0,4,7,2015,1,1.0,3.0,0,1.0,3,1,3,  ,2,3.0,0,0,1,0,0,0,0,0,0,0,0,0,0,0,0,0,0
19587,2015078229,1824.0,1822.0,67,67301,39.9566,-75.198,0,0,0,0,0,1,5,7,2015,6,18.0,1.0,0,1.0,3,1,3,  ,2,3.0,1,0,0,0,0,1,0,0,0,0,0,0,0,0,0,0,0
19588,2015078230,1720.0,1717.0,67,67301,39.9528,-75.1499,0,0,0,1,0,0,5,7,2015,5,17.0,1.0,0,1.0,3,1,3,  ,2,3.0,0,0,0,0,1,0,0,0,0,0,0,0,0,0,0,0,0