,CRN,ARRIVAL_TM,DISPATCH_TM,COUNTY,MUNICIPALITY,DEC_LAT,DEC_LONG,BICYCLE_DEATH_COUNT,BICYCLE_SUSP_SERIOUS_INJ_COUNT,BUS_COUNT,HEAVY_TRUCK_COUNT,SMALL_TRUCK_COUNT,SUV_COUNT,COLLISION_TYPE,CRASH_MONTH,CRASH_YEAR,DAY_OF_WEEK,HOUR_OF_DAY,ILLUMINATION,LOCATION_TYPE,ROAD_CONDITION,URBAN_RURAL,INTERSECT_TYPE,WEATHER1,WEATHER2,TCD_TYPE,TCD_FUNC_CD,AGGRESSIVE_DRIVING,ALCOHOL_RELATED,ANGLE_CRASH,CELL_PHONE,COMM_VEHICLE,DISTRACTED,DRINKING_DRIVER,DRUGGED_DRIVER,FATIGUE_ASLEEP,IMPAIRED_DRIVER,NHTSA_AGG_DRIVING,RUNNING_RED_LT,RUNNING_STOP_SIGN,SPEEDING_RELATED,TAILGATING,MATURE_DRIVER,YOUNG_DRIVER
19589,2015078237,1734.0,1724.0,67,67301,40.0171,-75.0847,0,0,0,0,0,0,4,7,2015,7,16.0,1.0,0,1.0,3,1,3,  ,2,3.0,0,0,1,0,0,1,0,0,0,0,0,0,0,0,0,0,0
19590,2015078244,1730.0,1729.0,67,67301,39.9517,-75.2369,0,0,0,0,0,0,4,7,2015,7,17.0,1.0,0,1.0,3,1,3,  ,2,3.0,0,0,1,0,0,0,0,0,0,0,0,0,0,0,0,0,0
19591,2015078254,1615.0,1602.0,67,67301,39.9413,-75.1541,0,0,0,0,0,0,5,7,2015,1,15.0,1.0,0,1.0,3,1,3,  ,3,3.0,0,0,0,0,0,0,0,0,0,0,0,0,0,0,0,0,0
19592,2015078272,715.0,705.0,67,67301,40.0291,-75.0899,0,0,0,0,0,0,4,7,2015,2,7.0,1.0,0,1.0,3,1,3,  ,2,3.0,1,0,1,0,0,0,0,0,0,0,1,1,0,1,0,0,0
19593,2015078282,1756.0,1628.0,67,67301,39.9902,-75.162,0,0,0,0,0,0,4,4,2015,3,16.0,1.0,0,9.0,3,1,3,  ,2,3.0,0,1,1,0,0,0,0,0,0,0,0,0,0,0,0,0,0
19594,2015078301,844.0,839.0,67,67301,39.954,-75.1767,0,1,0,0,0,0,1,7,2015,2,8.0,1.0,0,1.0,3,1,3,  ,2,3.0,1,0,0,0,0,0,0,0,0,0,0,0,0,0,0,0,0
19595,2015078306,50.0,36.0,67,67301,39.9892,-75.1306,0,0,0,0,0,0,4,7,2015,2,20.0,3.0,0,1.0,3,2,3,  ,0,0.0,0,0,1,0,0,0,0,0,0,0,0,0,0,0,0,0,0
19596,2015078381,1415.0,1401.0,13,13211,40.9796,-75.5889,0,0,0,0,0,1,4,7,2015,3,14.0,1.0,0,1.0,1,1,3,  ,3,3.0,0,0,1,0,0,0,0,0,0,0,0,0,0,0,0,1,0
19597,2015078495,1440.0,1438.0,46,46101,40.1217,-75.1195,0,0,0,0,0,0,4,7,2015,4,14.0,1.0,0,1.0,3,2,3,  ,3,3.0,1,0,1,0,0,0,0,0,0,0,0,0,0,0,0,1,0
19598,2015078509,1103.0,1100.0,39,39301,40.6082,-75.4674,0,0,0,0,0,0,1,7,2015,5,11.0,1.0,0,1.0,3,1,3,  ,0,0.0,0,0,0,0,0,1,0,0,0,0,0,0,0,0,0,0,0
19599,2015078621,1835.0,1831.0,67,67301,39.9942,-75.1679,0,0,0,0,0,0,1,7,2015,4,18.0,1.0,0,9.0,3,0,7,  ,0,0.0,0,0,0,0,0,0,0,0,0,0,0,0,0,0,0,0,0
19600,2015078624,2145.0,2145.0,67,67301,40.0224,-75.0781,0,0,0,0,0,0,4,7,2015,2,21.0,3.0,0,1.0,3,1,3,  ,2,3.0,0,0,1,0,0,0,0,0,0,0,0,0,0,0,0,0,0
19601,2015078625,1455.0,1455.0,67,67301,39.9505,-75.1926,0,0,0,0,0,0,4,7,2015,7,14.0,1.0,0,1.0,3,1,3,  ,2,3.0,1,0,1,0,0,0,0,0,0,0,0,0,0,0,0,0,0
19602,2015078638,1040.0,1034.0,67,67301,39.951,-75.1654,0,0,0,0,0,0,4,7,2015,3,10.0,1.0,0,1.0,3,1,3,  ,2,3.0,0,0,1,0,0,0,0,0,0,0,0,0,0,0,0,0,0
19603,2015078689,2020.0,1730.0,67,67301,39.9948,-75.1791,0,0,0,0,0,0,5,7,2015,3,17.0,1.0,0,1.0,3,0,3,  ,0,0.0,0,0,0,0,0,1,0,0,0,0,0,0,0,0,0,0,0
19604,2015078690,1130.0,1128.0,67,67301,39.9623,-75.2469,0,0,0,0,0,1,4,7,2015,7,11.0,1.0,0,1.0,3,0,3,  ,0,0.0,0,0,1,0,0,0,0,0,0,0,0,0,0,0,0,1,0
19605,2015078702,1614.0,1614.0,46,46416,40.2521,-75.6747,0,0,0,0,1,0,4,7,2015,7,16.0,1.0,0,1.0,2,1,3,  ,3,3.0,0,0,1,0,0,0,0,0,0,0,0,0,0,0,0,0,0
19606,2015079123,1006.0,1006.0,2,2445,40.4796,-79.9726,0,0,0,0,0,0,4,8,2015,7,10.0,1.0,0,1.0,3,1,3,  ,0,0.0,1,0,1,0,0,1,0,0,0,0,0,0,0,0,0,0,0
19607,2015079318,1907.0,1902.0,2,2301,40.466,-79.9227,0,0,0,0,0,0,9,8,2015,1,19.0,1.0,0,1.0,3,1,3,  ,2,3.0,0,0,0,0,0,0,0,0,0,0,0,0,0,0,0,0,0
19608,2015079357,50.0,49.0,48,48301,40.6236,-75.3761,0,1,0,0,0,0,4,8,2015,2,0.0,3.0,0,1.0,3,1,3,  ,0,0.0,0,1,1,0,0,0,0,0,0,0,0,0,0,0,0,0,0
19609,2015079409,1441.0,1441.0,22,22301,40.2622,-76.8619,0,0,0,0,0,0,4,7,2015,5,14.0,1.0,0,1.0,3,1,3,  ,2,3.0,1,0,1,0,0,0,0,0,0,0,0,0,0,0,0,1,0
19610,2015079515,1242.0,1241.0,25,25302,42.0994,-80.0911,0,0,0,0,0,0,4,8,2015,2,12.0,1.0,0,1.0,3,2,3,  ,0,0.0,0,0,1,0,0,0,0,0,0,0,0,0,0,0,0,0,0
19611,2015079588,1737.0,1727.0,31,31414,40.2449,-77.9009,0,0,0,0,0,0,5,7,2015,4,8.0,1.0,3,1.0,1,0,3,  ,0,0.0,0,0,0,0,0,0,0,0,0,0,0,0,0,0,0,0,0
19612,2015079652,1823.0,1819.0,46,46105,40.1235,-75.0433,0,1,0,0,0,0,4,7,2015,2,18.0,1.0,0,1.0,3,5,3,  ,2,3.0,0,0,1,0,0,0,0,0,0,0,0,0,0,0,0,0,0
19613,2015079700,1942.0,1938.0,66,66201,40.0897,-77.025,0,0,0,0,0,0,1,8,2015,1,19.0,4.0,0,1.0,1,0,3,  ,0,0.0,1,0,0,0,0,0,0,1,1,1,0,0,0,0,0,0,0
19614,2015080058,2033.0,2028.0,2,2301,40.4564,-79.9402,0,0,0,0,0,0,5,8,2015,3,20.0,1.0,0,1.0,3,0,3,  ,0,0.0,0,0,0,0,0,1,0,0,0,0,0,0,0,0,0,0,0
19615,2015080112,1757.0,1730.0,54,54204,,,0,0,0,0,0,0,1,8,2015,2,17.0,1.0,0,1.0,1,0,3,  ,0,0.0,0,0,0,0,0,0,0,0,0,0,0,0,0,0,0,0,0
19616,2015080257,1424.0,1424.0,67,67301,40.0026,-75.1244,0,0,0,0,0,0,4,7,2015,5,14.0,1.0,0,1.0,3,1,3,  ,2,3.0,0,0,1,0,0,1,0,0,0,0,0,0,0,0,0,0,0
19617,2015080267,1542.0,1534.0,67,67301,39.9862,-75.1801,0,0,0,0,0,0,5,7,2015,2,0.0,6.0,0,1.0,3,0,3,  ,0,0.0,0,0,0,0,0,0,0,0,0,0,0,0,0,0,0,0,0
19618,2015080277,1028.0,1024.0,67,67301,39.9553,-75.1747,0,0,0,0,0,1,4,7,2015,6,10.0,1.0,0,1.0,3,1,3,  ,3,3.0,0,0,1,0,0,0,0,0,0,0,0,0,0,0,0,0,0
19619,2015080284,1312.0,1305.0,67,67301,40.0128,-75.1303,1,0,0,0,0,1,5,7,2015,1,13.0,1.0,0,1.0,3,0,3,  ,0,0.0,1,0,0,0,0,0,0,0,0,0,0,0,0,0,0,0,0
19620,2015080390,323.0,323.0,45,45404,40.9852,-75.1947,1,0,0,0,0,2,8,6,2015,1,3.0,3.0,0,9.0,2,0,7,  ,0,0.0,0,0,0,0,0,0,0,1,1,1,0,0,0,0,0,0,0
19621,2015080404,2100.0,2056.0,14,14410,40.7873,-77.8592,0,0,0,0,0,0,4,8,2015,4,20.0,2.0,0,1.0,3,1,3,  ,3,3.0,0,0,1,0,0,0,0,0,0,0,0,0,0,0,0,0,1
19622,2015080421,1432.0,1430.0,53,53428,40.7946,-75.972,0,0,0,0,0,0,4,8,2015,3,14.0,1.0,0,1.0,1,1,3,  ,3,3.0,0,0,1,0,0,0,0,0,0,0,0,0,0,0,0,0,1
19623,2015080459,1735.0,1722.0,16,16204,41.205,-79.3597,0,0,0,0,0,0,4,8,2015,3,17.0,1.0,0,1.0,1,0,3,  ,0,0.0,0,0,1,0,0,0,0,0,0,0,0,0,0,0,0,0,0
19624,2015080538,1241.0,1241.0,46,46101,40.1093,-75.0927,0,0,0,0,0,0,4,8,2015,4,12.0,1.0,0,1.0,3,2,3,  ,3,3.0,1,0,1,0,0,0,0,0,0,0,0,0,0,0,0,1,0
19625,2015080546,900.0,900.0,36,36301,40.0412,-76.3042,0,0,0,0,0,0,4,8,2015,4,6.0,1.0,0,1.0,3,0,3,  ,0,0.0,1,0,1,0,0,0,0,0,0,0,0,0,0,0,0,0,1
19626,2015080569,1601.0,1555.0,9,9227,40.2541,-75.2085,0,0,0,0,0,1,4,8,2015,4,15.0,1.0,0,1.0,3,1,3,  ,2,3.0,0,0,1,0,0,0,0,0,0,0,0,0,0,0,0,0,0
19627,2015080581,1932.0,1930.0,40,40406,41.3228,-75.7555,0,0,0,0,0,0,4,8,2015,2,19.0,1.0,7,1.0,3,0,3,  ,0,0.0,0,1,1,0,0,0,0,0,0,0,0,0,0,0,0,0,0
19628,2015080664,1015.0,1008.0,67,67301,39.9488,-75.1803,0,0,0,0,1,0,1,7,2015,4,10.0,1.0,0,1.0,3,0,3,  ,0,0.0,0,0,0,0,0,0,0,0,0,0,0,0,0,0,0,0,0
19629,2015080667,1215.0,1212.0,67,67301,39.9894,-75.1409,0,0,0,1,0,0,4,7,2015,5,12.0,1.0,0,1.0,3,0,3,  ,0,0.0,0,0,1,0,1,0,0,0,0,0,0,0,0,0,0,0,0
19630,2015080670,1406.0,1405.0,67,67301,39.9929,-75.1592,0,0,0,0,0,0,4,7,2015,7,14.0,1.0,0,1.0,3,1,3,  ,0,0.0,0,0,1,0,0,0,0,0,0,0,0,0,0,0,0,0,0
19631,2015080672,1339.0,1337.0,67,67301,39.9298,-75.1442,0,0,0,0,0,1,4,7,2015,5,13.0,1.0,7,1.0,3,2,3,  ,2,3.0,1,0,1,0,0,0,0,0,0,0,0,0,0,0,0,0,0
19632,2015080761,1955.0,1953.0,39,39301,40.5712,-75.4663,0,0,0,0,0,0,8,8,2015,5,19.0,4.0,0,1.0,3,0,3,  ,0,0.0,0,0,0,0,0,0,0,0,0,0,0,0,0,0,0,0,0
19633,2015080944,712.0,710.0,42,42402,41.6599,-78.8028,0,0,0,0,0,1,2,7,2015,4,7.0,1.0,0,1.0,1,0,3,  ,0,0.0,0,0,0,0,0,0,0,0,0,0,0,0,0,0,0,0,0
19634,2015080978,1151.0,1151.0,17,17404,41.0144,-78.4429,0,0,0,0,0,0,4,8,2015,6,10.0,1.0,0,1.0,2,2,3,  ,3,3.0,1,0,1,0,0,0,0,0,0,0,1,0,0,0,0,0,0
19635,2015081027,1220.0,1215.0,67,67301,39.9918,-75.122,0,0,0,0,0,0,4,7,2015,5,12.0,1.0,0,1.0,3,0,3,  ,0,0.0,0,0,1,0,0,0,0,0,0,0,0,0,0,0,0,0,0
19636,2015081047,1810.0,1807.0,67,67301,39.9945,-75.183,0,0,0,1,0,0,8,7,2015,5,18.0,1.0,0,1.0,3,2,3,  ,3,3.0,0,0,0,0,0,0,0,0,0,0,0,0,0,0,0,0,0
19637,2015081070,25.0,22.0,67,67301,40.0173,-75.0478,0,0,0,0,0,1,4,7,2015,6,0.0,3.0,0,1.0,3,3,3,  ,0,0.0,0,0,1,0,0,0,0,0,0,0,0,0,0,0,0,0,0
19638,2015081084,2012.0,2012.0,67,67301,39.9754,-75.1934,0,0,0,0,0,0,5,7,2015,3,4.0,3.0,3,1.0,3,0,3,  ,0,0.0,0,0,0,0,0,0,0,0,0,0,0,0,0,0,0,0,0
19639,2015081105,2211.0,2154.0,67,67301,39.9312,-75.1934,0,0,0,0,0,0,4,7,2015,7,21.0,3.0,0,1.0,3,1,3,  ,3,3.0,0,0,1,0,0,0,0,0,0,0,0,0,0,0,0,1,0
19640,2015081116,638.0,636.0,67,67301,40.0352,-75.1455,0,0,0,0,0,0,4,7,2015,2,6.0,1.0,0,1.0,3,1,3,  ,2,3.0,0,0,1,0,0,0,0,0,0,0,0,0,0,0,0,0,0
19641,2015081124,1732.0,1730.0,67,67301,39.9898,-75.1039,0,0,0,0,0,0,4,7,2015,3,14.0,1.0,0,1.0,3,1,3,  ,2,3.0,0,0,1,0,0,0,0,0,0,0,0,0,0,0,0,0,0
19642,2015081127,2145.0,2134.0,67,67301,40.0146,-75.1074,0,0,0,0,0,0,4,7,2015,4,21.0,3.0,0,1.0,3,1,3,  ,2,3.0,0,0,1,0,0,0,0,0,0,0,0,0,0,0,0,0,0
19643,2015081130,1652.0,1646.0,67,67301,39.9183,-75.1624,0,0,0,0,0,1,4,7,2015,5,16.0,1.0,0,1.0,3,1,3,  ,3,3.0,0,0,1,0,0,0,0,0,0,0,0,0,0,0,0,0,0
19644,2015081137,1839.0,1737.0,67,67301,39.9197,-75.1631,0,0,0,0,0,1,4,7,2015,2,17.0,1.0,0,1.0,3,1,3,  ,3,3.0,0,1,1,0,0,0,0,0,0,0,0,0,0,0,0,0,0
19645,2015081141,1522.0,1516.0,67,67301,40.0518,-75.0014,0,0,0,0,0,0,4,7,2015,5,14.0,1.0,0,1.0,3,0,3,  ,0,0.0,0,0,1,0,0,0,0,0,0,0,0,0,0,0,0,0,0
19646,2015081214,1843.0,1835.0,39,39301,40.6139,-75.4688,0,0,0,0,0,0,4,8,2015,6,18.0,1.0,0,1.0,3,1,3,  ,0,0.0,0,0,1,0,0,0,0,0,0,0,0,0,0,0,0,0,0
19647,2015081225,1918.0,1909.0,39,39301,40.589,-75.4736,0,1,0,0,0,0,4,8,2015,6,19.0,1.0,0,1.0,3,1,3,  ,3,3.0,0,0,1,0,0,0,0,0,0,0,0,0,0,0,0,0,0
19648,2015081356,1230.0,1227.0,53,53301,40.6846,-76.197,0,0,0,0,1,0,4,8,2015,7,12.0,1.0,0,1.0,2,2,3,  ,0,0.0,0,0,1,0,0,0,0,0,0,0,0,0,0,0,0,0,0
19649,2015081368,1440.0,1436.0,21,21404,40.2114,-77.0071,0,0,0,0,0,0,5,8,2015,2,14.0,1.0,0,1.0,3,1,3,  ,2,3.0,1,0,0,0,0,0,0,0,0,0,0,0,0,0,0,1,0
19650,2015081385,1401.0,1358.0,60,60302,41.4261,-79.7056,0,0,0,0,0,1,2,8,2015,7,13.0,1.0,0,1.0,2,1,3,  ,3,3.0,0,0,0,0,0,0,0,0,0,0,0,0,0,0,0,0,0
19651,2015081440,1510.0,1504.0,38,38301,40.3447,-76.4318,0,0,0,0,0,1,4,8,2015,3,15.0,1.0,0,1.0,2,1,3,  ,8,3.0,0,0,1,0,0,0,0,0,0,0,0,0,0,0,0,0,0
19652,2015081569,1529.0,1527.0,2,2219,40.2867,-79.9977,0,0,0,0,0,1,2,8,2015,1,15.0,1.0,0,1.0,3,0,3,  ,0,0.0,0,0,0,0,0,0,0,0,0,0,0,0,0,0,0,0,0
19653,2015081672,2036.0,2031.0,46,46203,40.2911,-75.3196,0,0,0,0,0,0,5,8,2015,1,20.0,4.0,0,1.0,1,0,3,  ,0,0.0,0,0,0,0,0,0,0,0,0,0,0,0,0,0,0,1,0
19654,2015081673,2032.0,2027.0,39,39301,40.6036,-75.4723,0,0,0,0,0,0,4,8,2015,1,20.0,1.0,0,1.0,3,1,3,  ,2,3.0,0,0,1,0,0,0,0,0,0,0,0,0,0,0,0,0,0
19655,2015081701,1519.0,1518.0,36,36413,40.1162,-76.5231,0,0,0,0,0,1,4,7,2015,5,15.0,1.0,0,1.0,2,1,3,  ,3,3.0,0,0,1,0,0,0,0,0,0,0,0,0,0,0,0,0,0
19656,2015081761,705.0,702.0,36,36301,40.0418,-76.2999,0,0,0,0,0,0,4,7,2015,6,7.0,1.0,0,1.0,3,1,3,  ,0,0.0,0,0,1,0,0,0,0,0,0,0,0,0,0,0,0,0,0
19657,2015081786,1219.0,1212.0,41,41301,41.2428,-77.0009,0,0,0,0,0,0,4,8,2015,5,12.0,1.0,7,1.0,3,0,3,  ,0,0.0,1,0,1,0,0,1,0,0,0,0,0,0,0,0,0,0,0
19658,2015081791,915.0,913.0,26,26302,39.9007,-79.7315,0,1,0,0,0,0,4,7,2015,2,9.0,1.0,0,1.0,2,5,3,  ,3,3.0,0,0,1,0,0,0,0,0,0,0,0,0,0,0,0,0,0
19659,2015082013,1555.0,1554.0,66,66205,39.9824,-76.8169,0,0,0,0,0,1,4,8,2015,4,15.0,1.0,0,1.0,1,0,3,  ,0,0.0,0,0,1,0,0,0,0,0,0,0,0,0,0,0,0,0,0
19660,2015082225,1035.0,1035.0,14,14206,40.8017,-77.8807,0,0,0,0,0,0,4,8,2015,3,10.0,1.0,0,1.0,1,1,3,  ,2,3.0,1,0,1,0,0,0,0,0,0,0,0,0,0,0,0,0,0
19661,2015082259,1658.0,1653.0,48,48302,40.6909,-75.2168,0,0,0,0,0,0,4,8,2015,2,16.0,1.0,0,1.0,3,2,3,  ,3,3.0,0,0,1,0,0,0,0,0,0,0,0,0,0,0,0,0,0
19662,2015082281,1535.0,1531.0,66,66207,40.0466,-76.7238,0,0,0,0,0,0,4,8,2015,2,15.0,1.0,0,1.0,1,0,3,  ,0,0.0,0,0,1,0,0,0,0,0,0,0,0,0,0,0,0,1,0
19663,2015082285,1524.0,1521.0,23,23427,39.9297,-75.2443,0,0,0,0,0,0,5,8,2015,3,15.0,1.0,0,1.0,3,2,3,  ,0,0.0,1,0,0,0,0,0,0,0,0,0,0,0,0,0,0,0,0
19664,2015082286,1549.0,1546.0,35,35302,41.4177,-75.6786,0,0,0,0,0,1,4,8,2015,3,15.0,1.0,0,1.0,3,1,3,  ,3,3.0,0,0,1,0,0,0,0,0,0,0,0,0,0,0,0,0,0
19665,2015082408,1840.0,1832.0,2,2301,40.4574,-79.9974,0,0,0,0,0,0,4,8,2015,3,18.0,1.0,0,1.0,3,2,3,  ,3,3.0,0,0,1,0,0,0,0,0,0,0,0,0,0,0,0,0,0
19666,2015082458,1709.0,1703.0,36,36101,40.062,-76.3059,0,0,0,0,0,0,4,8,2015,4,17.0,1.0,0,1.0,3,0,3,  ,0,0.0,1,0,1,0,0,0,0,0,0,0,0,0,0,0,0,0,1
19667,2015082492,1754.0,1749.0,15,15220,39.8635,-75.6674,0,0,0,0,0,1,1,7,2015,4,17.0,1.0,0,1.0,1,0,3,  ,0,0.0,1,0,0,0,0,0,0,0,0,0,0,0,0,0,0,0,0
19668,2015082568,1150.0,1145.0,2,2301,40.4389,-79.9691,0,0,0,0,0,0,4,8,2015,4,11.0,1.0,0,1.0,3,0,3,  ,0,0.0,0,0,1,0,0,0,0,0,0,0,0,0,0,0,0,0,0
19669,2015082641,1508.0,1506.0,3,3408,40.6756,-79.6849,0,0,0,0,0,0,4,8,2015,2,15.0,1.0,0,1.0,3,2,3,  ,0,0.0,0,0,1,0,0,1,0,0,0,0,0,0,0,0,0,1,0
19670,2015082929,1550.0,1546.0,36,36101,40.1138,-76.3056,0,0,0,0,0,0,5,8,2015,4,15.0,1.0,0,1.0,3,1,3,  ,2,3.0,0,0,0,0,0,0,0,0,0,0,0,0,0,0,0,0,0
19671,2015082936,1301.0,1256.0,9,9211,40.2577,-74.8523,0,0,0,0,0,0,4,6,2015,7,12.0,1.0,0,1.0,3,0,3,  ,0,0.0,0,0,1,0,0,0,0,0,0,0,0,0,0,0,0,1,0
19672,2015082985,1635.0,1631.0,9,9220,40.4603,-75.356,0,0,0,0,1,0,6,8,2015,5,16.0,1.0,0,1.0,1,0,3,  ,0,0.0,1,0,0,0,0,0,0,0,0,0,0,0,0,0,0,0,0
19673,2015083153,1320.0,1308.0,18,18213,41.0842,-77.4514,0,0,0,0,0,1,1,8,2015,7,13.0,1.0,0,1.0,1,0,3,  ,0,0.0,0,0,0,0,0,1,0,0,0,0,0,0,0,0,0,0,0
19674,2015083213,825.0,817.0,2,2301,40.4572,-79.9341,0,0,0,0,0,0,4,8,2015,6,8.0,1.0,0,1.0,3,1,3,  ,2,3.0,1,0,1,0,0,0,0,0,0,0,0,0,0,0,0,1,0
19675,2015083221,1415.0,1412.0,25,25213,,,0,0,0,0,0,0,2,8,2015,5,14.0,1.0,7,1.0,3,0,3,  ,0,0.0,0,0,0,0,0,0,0,0,0,0,0,0,0,0,0,0,1
19676,2015083232,1115.0,1108.0,2,2301,40.4297,-80.005,0,0,0,0,0,1,6,8,2015,5,11.0,1.0,0,1.0,3,0,3,  ,0,0.0,0,0,0,0,0,0,0,0,0,0,0,0,0,0,0,1,0
19677,2015083278,1545.0,1541.0,66,66413,39.8254,-76.9749,0,0,1,0,0,0,4,6,2015,2,15.0,1.0,7,1.0,2,0,3,  ,3,3.0,0,0,1,0,1,0,0,0,0,0,0,0,0,0,0,0,0
19678,2015083281,1811.0,1807.0,66,66413,39.8153,-76.9761,0,0,0,0,0,1,4,7,2015,6,18.0,1.0,0,1.0,2,1,3,  ,2,3.0,1,1,1,0,0,0,1,1,0,1,0,1,0,0,0,0,0
19679,2015083324,21.0,21.0,67,67301,40.0168,-75.0836,0,0,0,0,0,0,4,8,2015,1,0.0,3.0,1,1.0,3,5,3,  ,2,3.0,0,0,1,0,0,0,0,0,0,0,0,0,0,0,0,0,0
19680,2015083342,2345.0,2337.0,67,67301,40.0014,-75.1164,0,0,0,0,0,0,5,7,2015,2,23.0,3.0,0,1.0,3,0,3,  ,0,0.0,1,0,0,0,0,0,0,0,0,0,0,0,0,1,0,0,0
19681,2015083346,1850.0,1847.0,67,67301,40.0422,-75.1385,0,0,0,0,0,1,4,7,2015,3,18.0,1.0,0,1.0,3,1,3,  ,3,3.0,0,0,1,0,0,0,0,0,0,0,0,0,0,0,0,0,0
19682,2015083361,1627.0,1618.0,6,6103,40.3082,-75.9566,0,0,0,0,0,0,4,8,2015,6,16.0,1.0,0,1.0,1,2,3,  ,2,3.0,1,0,1,0,0,0,0,0,0,0,0,0,0,0,0,0,0
19683,2015083371,2025.0,2020.0,67,67301,39.9955,-75.1415,0,0,0,0,0,0,4,8,2015,7,20.0,1.0,0,1.0,3,1,3,  ,2,3.0,0,0,1,0,0,0,0,0,0,0,0,0,0,0,0,0,0
19684,2015083377,1630.0,1623.0,67,67301,39.9626,-75.1771,0,1,0,0,0,1,5,8,2015,7,16.0,1.0,0,1.0,3,0,3,  ,0,0.0,0,0,0,0,0,0,0,0,0,0,0,0,0,0,0,0,0
19685,2015083396,2350.0,2340.0,67,67301,40.0254,-75.1232,0,0,0,0,0,0,8,7,2015,3,17.0,1.0,0,1.0,3,2,3,  ,2,3.0,1,0,0,0,0,0,0,0,0,0,0,0,0,0,1,0,0
19686,2015083400,1606.0,1600.0,67,67301,39.9254,-75.2375,0,0,0,0,0,0,4,7,2015,5,15.0,1.0,0,9.0,3,2,7,  ,0,0.0,0,0,1,0,0,0,0,0,0,0,0,0,0,0,0,0,0
19687,2015083411,1501.0,1458.0,67,67301,39.9531,-75.2276,0,0,0,0,0,0,4,7,2015,4,14.0,1.0,0,1.0,3,0,3,  ,0,0.0,0,0,1,0,0,0,0,0,0,0,0,0,0,0,0,0,0
19688,2015083416,1310.0,1310.0,67,67301,40.0168,-75.0836,0,0,0,0,0,0,4,7,2015,2,12.0,1.0,0,1.0,3,0,3,  ,0,0.0,0,1,1,0,0,0,1,0,0,1,0,0,0,0,0,0,0
19689,2015083418,1858.0,1856.0,67,67301,39.9752,-75.1881,0,0,0,0,1,0,8,7,2015,3,18.0,3.0,0,1.0,3,1,3,  ,0,0.0,0,0,0,0,0,0,0,0,0,0,0,0,0,0,0,0,0
19690,2015083424,2328.0,2320.0,67,67301,39.9379,-75.1537,0,0,0,0,0,0,4,7,2015,5,23.0,3.0,0,1.0,3,2,3,  ,3,3.0,0,0,1,0,0,0,0,0,0,0,0,0,0,0,0,0,0
19691,2015083523,1403.0,1358.0,66,66413,39.808,-76.9805,0,0,0,0,0,1,4,7,2015,2,13.0,1.0,0,1.0,2,1,3,  ,3,3.0,0,0,1,0,0,0,0,0,0,0,0,0,0,0,0,0,0
19692,2015083728,904.0,859.0,2,2446,40.4349,-79.7548,0,0,0,0,0,0,4,8,2015,5,8.0,1.0,0,1.0,3,1,3,  ,3,2.0,1,0,1,0,0,0,0,0,0,0,0,0,0,0,0,0,0
19693,2015083813,2225.0,2224.0,25,25213,42.0868,-80.0656,0,0,0,0,0,0,4,8,2015,7,22.0,2.0,0,1.0,3,1,3,  ,3,3.0,0,0,1,0,0,0,0,0,0,0,0,0,0,0,0,0,0
19694,2015084059,1804.0,1800.0,40,40101,41.2186,-75.925,0,0,0,0,0,0,4,8,2015,5,18.0,1.0,0,1.0,3,0,3,  ,0,0.0,0,0,1,0,0,0,0,0,0,0,0,0,0,0,0,0,0
19695,2015084201,1910.0,1852.0,21,21209,40.1724,-77.4397,0,0,0,0,1,0,5,8,2015,4,7.0,1.0,0,1.0,1,0,3,  ,0,0.0,0,0,0,0,0,0,0,0,0,0,0,0,0,0,0,0,0
19696,2015084251,1104.0,1102.0,22,22301,40.2756,-76.8902,0,0,0,0,0,1,4,8,2015,2,11.0,1.0,0,1.0,3,1,3,  ,3,3.0,0,0,1,0,0,0,0,0,0,0,0,0,0,0,0,0,0
19697,2015084274,701.0,658.0,6,6301,40.3243,-75.9336,0,0,0,0,0,1,4,8,2015,2,6.0,1.0,2,1.0,3,5,3,  ,2,3.0,0,0,1,0,0,0,0,0,0,0,0,0,0,0,0,0,0
19698,2015084340,1928.0,1925.0,9,9211,40.2175,-74.8717,0,0,0,0,0,0,5,8,2015,3,19.0,1.0,0,9.0,3,2,7,  ,3,3.0,0,0,0,0,0,0,0,0,0,0,0,0,0,0,0,1,0
19699,2015084381,1715.0,1712.0,36,36301,40.0373,-76.3202,0,0,0,0,0,1,1,8,2015,7,17.0,1.0,0,1.0,3,0,3,  ,0,0.0,0,0,0,0,0,1,0,0,0,0,0,0,0,0,0,0,0
19700,2015084391,1200.0,1159.0,67,67301,39.9505,-75.1934,0,0,0,0,0,0,5,7,2015,4,11.0,1.0,0,1.0,3,0,3,  ,0,0.0,0,0,0,0,0,0,0,0,0,0,0,0,0,0,0,0,0
19701,2015084394,9.0,9.0,67,67301,39.9168,-75.1713,0,0,0,0,0,1,4,7,2015,1,23.0,3.0,0,1.0,3,1,3,  ,2,3.0,0,0,1,0,0,0,0,0,0,0,0,0,0,0,0,0,0
19702,2015084404,1650.0,1644.0,67,67301,40.0171,-75.0899,0,0,0,0,0,1,4,8,2015,1,16.0,1.0,0,1.0,3,0,3,  ,0,0.0,0,0,1,0,0,1,0,0,0,0,0,0,0,0,0,0,0