,CRN,ARRIVAL_TM,DISPATCH_TM,COUNTY,MUNICIPALITY,DEC_LAT,DEC_LONG,BICYCLE_DEATH_COUNT,BICYCLE_SUSP_SERIOUS_INJ_COUNT,BUS_COUNT,HEAVY_TRUCK_COUNT,SMALL_TRUCK_COUNT,SUV_COUNT,COLLISION_TYPE,CRASH_MONTH,CRASH_YEAR,DAY_OF_WEEK,HOUR_OF_DAY,ILLUMINATION,LOCATION_TYPE,ROAD_CONDITION,URBAN_RURAL,INTERSECT_TYPE,WEATHER1,WEATHER2,TCD_TYPE,TCD_FUNC_CD,AGGRESSIVE_DRIVING,ALCOHOL_RELATED,ANGLE_CRASH,CELL_PHONE,COMM_VEHICLE,DISTRACTED,DRINKING_DRIVER,DRUGGED_DRIVER,FATIGUE_ASLEEP,IMPAIRED_DRIVER,NHTSA_AGG_DRIVING,RUNNING_RED_LT,RUNNING_STOP_SIGN,SPEEDING_RELATED,TAILGATING,MATURE_DRIVER,YOUNG_DRIVER
19703,2015084430,1530.0,1527.0,67,67301,39.97,-75.1434,0,0,0,0,0,0,4,7,2015,6,99.0,1.0,0,1.0,3,0,3,  ,0,0.0,0,0,1,0,0,0,0,0,0,0,0,0,0,0,0,0,0
19704,2015084434,22.0,20.0,67,67301,39.9867,-75.1595,0,0,0,0,0,0,4,8,2015,7,23.0,3.0,0,1.0,3,1,3,  ,2,3.0,0,0,1,0,0,0,0,0,0,0,0,0,0,0,0,0,0
19705,2015084439,1036.0,1034.0,67,67301,40.0287,-75.1177,0,0,0,0,0,0,4,7,2015,1,10.0,1.0,0,1.0,3,1,3,  ,2,3.0,0,0,1,0,0,0,0,0,0,0,0,0,0,0,0,0,0
19706,2015084450,1640.0,1640.0,67,67301,39.9358,-75.1806,0,0,0,0,0,0,4,7,2015,5,16.0,1.0,0,9.0,3,1,7,  ,2,3.0,0,0,1,0,0,0,0,0,0,0,0,0,0,0,0,0,0
19707,2015084452,2201.0,2155.0,67,67301,39.9239,-75.23,0,0,0,0,0,1,4,7,2015,4,21.0,3.0,0,1.0,3,2,3,  ,0,0.0,0,0,1,0,0,0,0,0,0,0,0,0,0,0,0,0,0
19708,2015084461,9999.0,1700.0,67,67301,40.0452,-75.0557,0,0,0,0,0,0,4,7,2015,3,16.0,1.0,0,1.0,3,2,3,  ,3,3.0,0,0,1,0,0,0,0,0,0,0,0,0,0,0,0,0,1
19709,2015084463,1245.0,1241.0,67,67301,39.9609,-75.2195,0,0,0,0,0,0,6,8,2015,7,12.0,1.0,0,9.0,3,2,3,  ,0,0.0,0,0,0,0,0,0,0,0,0,0,0,0,0,0,0,1,0
19710,2015084469,36.0,17.0,67,67301,39.9326,-75.1528,0,0,0,0,0,0,5,7,2015,1,0.0,3.0,0,1.0,3,2,3,  ,0,0.0,0,0,0,0,0,0,0,0,0,0,0,0,0,0,0,0,0
19711,2015084487,2211.0,2209.0,24,24301,41.4261,-78.5566,0,0,0,0,0,0,4,8,2015,1,22.0,3.0,0,1.0,2,0,3,  ,0,0.0,1,0,1,0,0,0,0,0,0,0,0,0,0,0,0,0,0
19712,2015084626,1636.0,1635.0,46,46220,40.0846,-75.3617,0,0,0,0,0,1,4,8,2015,2,16.0,1.0,7,1.0,3,0,3,  ,0,0.0,1,0,1,0,0,0,0,0,0,0,0,0,0,0,0,0,0
19713,2015084738,1201.0,1201.0,9,9208,40.1838,-74.8524,0,0,0,0,0,0,4,8,2015,2,12.0,1.0,0,1.0,3,2,3,  ,3,3.0,0,0,1,0,0,0,0,0,0,0,0,0,0,0,0,0,0
19714,2015084804,945.0,920.0,6,6405,40.326,-75.6323,0,0,0,0,1,0,4,8,2015,3,9.0,1.0,0,1.0,1,1,3,  ,0,0.0,0,0,1,0,0,1,0,0,0,0,0,0,0,0,0,0,0
19715,2015084815,1702.0,1657.0,23,23103,39.9825,-75.3269,0,0,0,0,0,0,4,8,2015,4,16.0,1.0,0,1.0,3,2,3,  ,3,3.0,0,0,1,0,0,0,0,0,0,0,0,0,0,0,0,0,0
19716,2015084816,1023.0,1014.0,36,36227,40.1737,-76.3384,0,0,0,0,0,0,4,8,2015,7,10.0,1.0,0,1.0,1,1,3,  ,3,3.0,0,0,1,0,0,0,0,0,0,0,0,0,0,0,0,1,0
19717,2015084851,1337.0,1334.0,36,36416,39.8986,-76.1594,0,0,0,0,1,0,4,8,2015,7,13.0,1.0,0,1.0,1,2,3,  ,0,0.0,0,0,1,0,0,0,0,0,0,0,0,0,0,0,0,0,0
19718,2015084996,1924.0,1921.0,64,64437,40.4294,-79.6977,0,0,0,0,0,0,4,8,2015,2,19.0,1.0,7,1.0,3,0,3,  ,0,0.0,0,0,1,0,0,0,0,0,0,0,0,0,0,0,0,0,0
19719,2015085010,1533.0,1518.0,2,2108,40.6051,-80.006,0,0,0,0,1,0,4,8,2015,7,14.0,1.0,7,1.0,3,0,3,  ,0,0.0,0,0,1,0,0,0,0,0,0,0,0,0,0,0,0,1,0
19720,2015085065,1004.0,958.0,41,41219,41.249,-76.9811,0,0,0,0,0,1,4,8,2015,4,9.0,1.0,0,1.0,1,2,3,  ,2,3.0,1,0,1,0,0,0,0,0,0,0,0,0,0,0,0,0,0
19721,2015085239,1352.0,1350.0,67,67301,40.0039,-75.2167,0,0,0,0,0,0,4,8,2015,6,10.0,1.0,7,1.0,3,0,3,  ,0,0.0,0,0,1,0,0,0,0,0,0,0,0,0,0,0,0,0,0
19722,2015085247,2145.0,2140.0,67,67301,39.9609,-75.145,0,0,0,0,0,0,4,8,2015,1,99.0,3.0,0,1.0,3,1,3,  ,2,3.0,0,0,1,0,0,0,0,0,0,0,0,0,0,0,0,0,0
19723,2015085261,2255.0,2250.0,67,67301,39.9723,-75.1522,0,0,0,0,0,0,4,8,2015,5,22.0,3.0,0,9.0,3,1,7,  ,3,3.0,0,0,1,0,0,0,0,0,0,0,0,0,0,0,0,0,0
19724,2015085290,1805.0,1800.0,67,67301,39.9502,-75.2372,0,0,0,0,0,0,4,7,2015,3,18.0,1.0,0,1.0,3,1,3,  ,2,3.0,1,1,1,0,0,0,1,1,0,1,0,0,0,0,0,0,0
19725,2015085299,1300.0,1257.0,67,67301,39.9248,-75.1728,0,0,0,0,0,0,4,8,2015,6,12.0,1.0,0,1.0,3,5,3,  ,2,3.0,0,0,1,0,0,0,0,0,0,0,0,0,0,0,0,0,0
19726,2015085310,1825.0,1818.0,67,67301,40.0612,-75.1564,0,0,0,0,0,1,4,8,2015,3,18.0,1.0,0,1.0,3,1,3,  ,3,3.0,0,0,1,0,0,0,0,0,0,0,0,0,0,0,0,0,0
19727,2015085313,108.0,102.0,67,67301,39.937,-75.1687,0,0,0,0,0,1,4,7,2015,6,0.0,3.0,0,1.0,3,1,3,  ,3,3.0,0,0,1,0,0,0,0,0,0,0,0,0,0,0,0,0,0
19728,2015085316,1122.0,1119.0,67,67301,39.9385,-75.1716,0,0,0,0,0,1,4,8,2015,3,11.0,1.0,0,1.0,3,1,3,  ,2,3.0,0,0,1,0,0,0,0,0,0,0,0,0,0,0,0,0,0
19729,2015085320,1013.0,1009.0,67,67301,40.0236,-75.1156,0,0,0,0,0,0,4,8,2015,7,10.0,1.0,0,1.0,3,0,3,  ,0,0.0,0,0,1,0,0,0,0,0,0,0,0,0,0,0,0,0,0
19730,2015085327,1118.0,1115.0,67,67301,39.9248,-75.1825,0,0,0,0,0,0,5,8,2015,3,11.0,1.0,0,9.0,3,1,7,  ,3,3.0,0,0,0,0,0,0,0,0,0,0,0,0,0,0,0,0,0
19731,2015085333,1625.0,1622.0,67,67301,40.0232,-75.1792,0,0,0,0,0,1,5,8,2015,6,15.0,1.0,0,1.0,3,0,3,  ,0,0.0,0,0,0,0,0,0,0,0,0,0,0,0,0,0,0,0,0
19732,2015085368,835.0,829.0,2,2420,40.5058,-80.1475,0,0,0,0,0,0,9,8,2015,4,8.0,1.0,0,1.0,3,0,3,  ,0,0.0,0,0,0,0,0,0,0,0,0,0,0,0,0,0,0,0,0
19733,2015085399,1410.0,1409.0,14,14406,40.8988,-78.2224,0,0,0,1,0,0,4,8,2015,6,14.0,1.0,0,1.0,1,1,3,  ,0,0.0,0,0,1,0,1,0,0,0,0,0,0,0,0,0,0,0,0
19734,2015085493,1850.0,1850.0,4,4203,40.7745,-80.3772,0,0,0,0,0,1,4,8,2015,4,18.0,1.0,0,1.0,1,1,3,  ,2,3.0,1,0,1,0,0,0,0,0,0,0,0,0,0,0,0,0,0
19735,2015085528,1724.0,1724.0,40,40302,41.2052,-76.005,0,0,0,0,0,0,4,8,2015,3,17.0,1.0,0,1.0,3,1,3,  ,2,3.0,0,0,1,0,0,0,0,0,0,0,0,0,0,0,0,0,0
19736,2015085641,13.0,10.0,21,21404,40.2114,-77.0071,0,0,0,0,0,0,4,8,2015,5,0.0,3.0,0,1.0,3,1,3,  ,2,3.0,0,0,1,0,0,0,0,0,0,0,0,0,0,0,0,0,0
19737,2015085732,921.0,918.0,67,67301,39.9961,-75.2373,0,0,0,0,0,0,4,8,2015,2,9.0,1.0,0,1.0,3,2,3,  ,3,3.0,1,0,1,0,0,0,0,0,0,0,1,0,0,0,0,0,0
19738,2015085773,,,2,2301,40.4257,-79.9499,0,0,0,0,0,0,4,2,2015,3,7.0,1.0,0,1.0,3,1,3,  ,3,3.0,1,0,1,0,0,0,0,0,0,0,0,0,1,0,0,1,0
19739,2015085795,1628.0,1621.0,2,2301,40.4566,-79.9753,0,0,0,0,1,0,4,8,2015,5,16.0,1.0,0,1.0,3,1,3,  ,0,0.0,0,0,1,0,0,1,0,0,0,0,0,0,0,0,0,0,0
19740,2015085858,2153.0,2153.0,36,36202,40.1806,-76.0074,0,0,0,0,0,0,4,8,2015,6,21.0,2.0,0,1.0,1,2,3,  ,3,3.0,1,0,1,0,0,0,0,0,0,0,0,0,0,0,0,0,0
19741,2015085958,1712.0,1709.0,38,38301,,,0,0,0,0,0,1,4,8,2015,3,17.0,1.0,0,1.0,2,1,3,  ,0,0.0,0,0,1,0,0,0,0,0,0,0,0,0,0,0,0,0,0
19742,2015086156,1235.0,1230.0,23,23111,39.9533,-75.2782,0,0,0,0,0,0,4,8,2015,6,12.0,1.0,0,1.0,3,2,3,  ,0,0.0,0,0,1,0,0,0,0,0,0,0,0,0,0,0,0,0,0
19743,2015086170,1351.0,1349.0,40,40304,41.2482,-75.884,0,0,0,0,0,0,4,8,2015,6,13.0,1.0,0,1.0,3,1,3,  ,2,3.0,0,0,1,0,0,0,0,0,0,0,0,0,0,0,0,0,1
19744,2015086238,1557.0,1555.0,67,67301,39.9582,-75.1624,0,0,0,0,0,0,4,8,2015,1,15.0,1.0,0,1.0,3,0,3,  ,0,0.0,0,0,1,0,0,0,0,0,0,0,0,0,0,0,0,0,0
19745,2015086240,750.0,718.0,67,67301,39.9752,-75.1882,0,0,0,0,0,1,4,8,2015,5,7.0,1.0,0,1.0,3,1,3,  ,2,3.0,0,0,1,0,0,1,0,0,0,0,0,0,0,0,0,0,0
19746,2015086254,1612.0,1609.0,67,67301,39.9775,-75.2329,0,0,0,0,0,0,4,7,2015,6,16.0,1.0,0,1.0,3,1,3,  ,0,0.0,0,0,1,0,0,0,0,0,0,0,0,0,0,0,0,0,0
19747,2015086263,610.0,529.0,67,67301,39.937,-75.1751,0,0,0,0,0,0,4,8,2015,2,5.0,1.0,0,1.0,3,1,3,  ,3,3.0,0,0,1,0,0,0,0,0,0,0,0,0,0,0,0,0,0
19748,2015086268,930.0,915.0,67,67301,39.9633,-75.2243,0,0,1,0,0,0,4,8,2015,2,9.0,1.0,0,1.0,3,0,3,  ,0,0.0,0,0,1,0,1,0,0,0,0,0,0,0,0,0,0,0,0
19749,2015086511,1225.0,1215.0,2,2301,40.4588,-79.9471,0,0,0,0,0,0,4,8,2015,7,12.0,1.0,0,1.0,3,1,3,  ,0,0.0,1,0,1,0,0,0,0,0,0,0,0,0,0,0,0,0,0
19750,2015086657,1421.0,1419.0,36,36301,40.051,-76.3081,0,0,0,0,0,0,4,8,2015,6,11.0,1.0,0,1.0,3,1,3,  ,3,3.0,0,0,1,0,0,0,0,0,0,0,0,0,0,0,0,0,0
19751,2015086695,2220.0,2217.0,38,38301,40.3285,-76.4247,0,0,0,0,0,1,4,8,2015,1,22.0,3.0,0,1.0,2,2,3,  ,0,0.0,0,0,1,0,0,0,0,0,0,0,0,0,0,0,0,0,0
19752,2015087036,1603.0,1602.0,25,25213,42.1046,-80.1323,0,0,0,0,0,0,4,8,2015,5,16.0,1.0,0,1.0,3,0,3,  ,2,3.0,1,0,1,0,0,0,0,0,0,0,0,1,0,0,0,1,0
19753,2015087049,1340.0,1338.0,46,46416,40.2427,-75.6349,0,0,0,0,1,0,4,8,2015,5,13.0,1.0,0,1.0,2,1,3,  ,3,3.0,0,0,1,0,0,0,0,0,0,0,0,0,0,0,0,0,0
19754,2015087181,1700.0,1655.0,35,35417,41.4751,-75.5682,0,0,0,0,0,1,4,8,2015,2,16.0,1.0,0,9.0,3,0,7,  ,0,0.0,0,0,1,0,0,0,0,0,0,0,0,0,0,0,0,0,0
19755,2015087365,1123.0,1119.0,6,6416,40.3526,-76.1343,0,1,0,0,0,0,4,8,2015,2,11.0,1.0,0,1.0,1,1,3,  ,3,9.0,0,0,1,0,0,0,0,0,0,0,0,0,0,0,0,0,0
19756,2015087368,1029.0,1027.0,9,9202,40.0989,-74.9474,0,0,0,0,0,1,4,8,2015,2,10.0,1.0,0,1.0,3,2,3,  ,3,2.0,0,0,1,0,0,0,0,0,0,0,0,0,0,0,0,0,0
19757,2015087413,850.0,850.0,14,14206,40.7653,-77.894,0,0,0,0,0,0,0,8,2015,3,7.0,1.0,0,1.0,1,2,3,  ,3,2.0,0,0,0,0,0,1,0,0,0,0,0,0,0,0,0,0,0
19758,2015087465,1329.0,1329.0,39,39301,40.6149,-75.465,0,0,0,0,0,0,4,8,2015,3,13.0,1.0,0,1.0,3,2,3,  ,0,0.0,0,0,1,0,0,0,0,0,0,0,0,0,0,0,0,0,0
19759,2015087520,759.0,759.0,67,67301,40.0274,-75.063,0,0,0,0,0,0,4,8,2015,6,7.0,1.0,0,1.0,3,1,3,  ,3,3.0,1,0,1,0,0,0,0,0,0,0,0,0,0,0,0,0,0
19760,2015087760,1720.0,1720.0,66,66205,39.9844,-76.8136,0,0,0,0,0,1,4,8,2015,2,17.0,1.0,0,9.0,1,1,7,  ,3,2.0,1,0,1,0,0,0,0,0,0,0,0,0,0,0,0,1,0
19761,2015087794,1620.0,1615.0,6,6429,40.3421,-75.9575,0,0,0,0,0,0,4,8,2015,6,16.0,1.0,0,1.0,3,1,3,  ,0,0.0,0,0,1,0,0,0,0,0,0,0,0,0,0,0,0,1,0
19762,2015087836,1227.0,1227.0,40,40406,41.3177,-75.7525,0,0,0,0,0,0,4,7,2015,7,12.0,1.0,0,1.0,3,2,3,  ,3,3.0,0,0,1,0,0,0,0,0,0,0,0,0,0,0,0,1,0
19763,2015087911,1043.0,1041.0,67,67301,39.9501,-75.1915,0,0,0,0,0,0,5,8,2015,2,10.0,1.0,0,1.0,3,0,3,  ,0,0.0,1,0,0,0,0,0,0,0,0,0,0,0,0,0,0,0,0
19764,2015087915,2215.0,2213.0,40,40304,41.2365,-75.8906,0,0,0,0,0,1,4,8,2015,3,22.0,2.0,0,1.0,3,1,3,  ,2,3.0,0,0,1,0,0,0,0,0,0,0,0,0,0,0,0,0,0
19765,2015088485,2320.0,2302.0,2,2301,40.4621,-80.0308,0,0,0,0,0,0,8,8,2015,5,22.0,3.0,0,1.0,3,1,3,  ,2,3.0,0,0,0,0,0,1,0,0,0,0,0,0,0,0,0,0,0
19766,2015088530,1943.0,1936.0,10,10413,40.9479,-79.7424,0,0,0,0,0,1,4,8,2015,1,19.0,1.0,0,1.0,1,0,3,  ,8,3.0,0,0,1,0,0,0,0,0,0,0,0,0,0,0,0,1,0
19767,2015088546,1855.0,1840.0,50,50213,40.3386,-76.9536,0,0,0,0,1,0,5,8,2015,6,18.0,1.0,0,1.0,1,0,3,  ,0,0.0,0,1,0,0,0,0,1,0,0,1,0,0,0,0,0,1,0
19768,2015088585,754.0,744.0,2,2301,40.4528,-79.9815,0,0,0,0,0,0,4,8,2015,6,7.0,1.0,0,1.0,3,1,3,  ,3,3.0,0,0,1,0,0,1,0,0,0,0,0,0,0,0,0,1,0
19769,2015088644,1320.0,1316.0,2,2108,40.609,-80.0157,0,0,0,0,0,0,5,8,2015,5,13.0,1.0,0,1.0,3,2,3,  ,0,0.0,0,0,0,0,0,0,0,0,0,0,0,0,0,0,0,0,0
19770,2015088653,1551.0,1548.0,23,23101,39.8623,-75.4355,0,0,0,0,1,0,4,8,2015,6,15.0,1.0,0,1.0,3,0,3,  ,0,0.0,0,0,1,0,0,0,0,0,0,0,0,0,0,0,0,0,0
19771,2015088661,202.0,200.0,67,67301,39.9662,-75.1601,0,0,0,0,0,0,4,8,2015,5,1.0,3.0,0,1.0,3,3,3,  ,2,3.0,0,0,1,0,0,0,0,0,0,0,0,0,0,0,0,0,0
19772,2015088662,1657.0,1654.0,67,67301,40.0088,-75.1409,0,0,0,0,0,0,4,8,2015,1,16.0,1.0,0,1.0,3,0,3,  ,0,0.0,0,0,1,0,0,0,0,0,0,0,0,0,0,0,0,0,0
19773,2015088671,2135.0,2134.0,67,67301,39.9947,-75.0976,0,0,0,0,0,0,4,8,2015,7,21.0,3.0,0,1.0,3,0,3,  ,0,0.0,0,0,1,0,0,0,0,0,0,0,0,0,0,0,0,0,0
19774,2015088693,2240.0,2230.0,67,67301,39.9863,-75.1044,0,0,0,0,0,0,4,8,2015,6,22.0,3.0,0,1.0,3,1,3,  ,2,3.0,1,0,1,0,0,0,0,0,0,0,0,0,0,0,0,0,0
19775,2015088739,630.0,620.0,67,67301,40.0099,-75.1932,0,0,0,0,0,0,4,8,2015,5,6.0,1.0,0,1.0,3,2,3,  ,0,0.0,1,0,1,0,0,0,0,0,0,0,0,0,0,0,0,0,0
19776,2015088743,2010.0,2008.0,67,67301,40.0104,-75.0793,0,0,0,0,0,0,4,8,2015,6,20.0,3.0,0,1.0,3,1,3,  ,2,3.0,0,0,1,0,0,0,0,0,0,0,0,0,0,0,0,0,0
19777,2015088786,1855.0,1855.0,67,67301,39.9395,-75.2231,0,0,0,0,0,1,4,8,2015,1,18.0,1.0,0,1.0,3,0,3,  ,0,0.0,0,0,1,0,0,0,0,0,0,0,0,0,0,0,0,0,0
19778,2015088790,1739.0,1738.0,67,67301,40.01,-75.0961,0,0,0,0,0,1,4,8,2015,4,17.0,1.0,0,1.0,3,1,3,  ,2,3.0,0,0,1,0,0,1,0,0,0,0,0,0,0,0,0,0,0
19779,2015089014,739.0,733.0,32,32408,40.6273,-79.1456,0,0,0,0,0,1,4,8,2015,6,7.0,1.0,7,1.0,2,0,3,  ,0,0.0,1,0,1,0,0,0,0,0,0,0,0,0,0,0,0,0,0
19780,2015089072,1714.0,1709.0,40,40304,41.2425,-75.8879,0,0,0,0,0,0,4,8,2015,6,17.0,1.0,0,1.0,3,1,3,  ,2,3.0,0,0,1,0,0,0,0,0,0,0,0,0,0,0,0,1,0
19781,2015089377,1432.0,1427.0,25,25213,,,0,0,0,0,0,0,6,8,2015,1,14.0,1.0,0,1.0,3,2,3,  ,0,0.0,0,0,0,0,0,0,0,0,0,0,0,0,0,0,0,1,0
19782,2015089379,624.0,619.0,66,66201,40.1149,-77.0504,0,1,0,0,0,0,5,8,2015,6,6.0,5.0,0,1.0,1,0,3,  ,0,0.0,0,0,0,0,0,0,0,0,0,0,0,0,0,0,0,0,0
19783,2015089387,2118.0,2117.0,15,15411,40.1253,-75.5186,0,0,0,0,0,0,2,8,2015,1,21.0,3.0,0,1.0,3,1,3,  ,0,0.0,0,0,0,0,0,0,0,0,0,0,0,0,0,0,0,0,0
19784,2015089478,1126.0,1125.0,22,22406,40.2098,-76.7926,0,0,0,0,0,0,4,8,2015,7,11.0,1.0,0,1.0,3,2,3,  ,3,3.0,1,0,1,0,0,1,0,0,0,0,0,0,0,0,0,0,0
19785,2015089735,1725.0,1719.0,2,2301,40.4628,-79.9468,0,0,0,0,1,0,4,8,2015,5,17.0,1.0,0,1.0,3,2,3,  ,0,0.0,1,0,1,0,0,0,0,0,0,0,0,0,0,0,0,0,0
19786,2015089943,1010.0,1008.0,40,40304,41.2242,-75.8951,0,0,0,0,1,0,4,9,2015,3,10.0,1.0,0,1.0,3,0,3,  ,0,0.0,0,0,1,0,0,0,0,0,0,0,0,0,0,0,0,0,0
19787,2015090115,1745.0,1742.0,15,15236,40.0632,-75.4899,0,0,0,0,0,0,2,9,2015,3,17.0,1.0,0,1.0,1,1,3,  ,0,0.0,0,1,0,0,0,0,0,0,0,0,0,0,0,0,0,0,0
19788,2015090131,1830.0,1747.0,2,2301,40.438,-79.9127,0,0,0,0,0,0,5,9,2015,3,15.0,1.0,0,1.0,3,0,3,  ,0,0.0,0,0,0,0,0,0,0,0,0,0,0,0,0,0,0,0,0
19789,2015090156,1805.0,1801.0,21,21104,40.163,-76.9902,0,0,0,0,1,0,8,8,2015,2,17.0,1.0,0,1.0,3,2,3,  ,0,0.0,1,0,0,0,0,0,0,0,0,0,0,0,0,0,0,0,1
19790,2015090395,1829.0,1749.0,64,64418,40.3784,-79.0723,0,0,0,0,0,0,4,8,2015,1,17.0,1.0,0,1.0,1,0,3,  ,0,0.0,0,0,1,0,0,0,0,0,0,0,0,0,0,0,0,0,0
19791,2015090417,243.0,218.0,49,49216,41.0255,-76.7782,0,0,0,0,0,0,5,9,2015,3,0.0,2.0,0,1.0,1,0,3,  ,0,0.0,0,0,0,0,0,0,0,0,0,0,0,0,0,0,0,0,0
19792,2015090486,1651.0,1648.0,25,25302,42.1159,-80.0655,0,0,0,0,0,1,4,9,2015,4,16.0,1.0,0,1.0,3,0,3,  ,0,0.0,0,0,1,0,0,0,0,0,0,0,0,0,0,0,0,0,0
19793,2015090536,1919.0,1915.0,23,23106,40.0529,-75.3494,0,0,0,0,1,0,5,9,2015,4,19.0,1.0,0,1.0,3,1,3,  ,2,3.0,0,0,0,0,0,1,0,0,0,0,0,0,0,0,0,0,0
19794,2015090624,839.0,831.0,2,2301,40.4423,-79.9516,0,0,0,0,0,1,4,9,2015,5,8.0,1.0,0,1.0,3,2,3,  ,2,3.0,1,0,1,0,0,0,0,0,0,0,0,0,0,0,0,0,0
19795,2015090697,1542.0,1542.0,21,21404,40.2107,-77.006,0,0,0,0,0,0,4,7,2015,6,15.0,1.0,0,1.0,3,1,3,  ,0,0.0,0,0,1,0,0,0,0,0,0,0,0,0,0,0,0,0,0
19796,2015090786,1807.0,1805.0,19,19402,41.0585,-76.2308,0,0,0,0,0,0,4,8,2015,2,18.0,1.0,0,1.0,2,0,3,  ,0,0.0,0,0,1,0,0,0,0,0,0,0,0,0,0,0,0,0,0
19797,2015090821,2300.0,2151.0,66,66301,39.9603,-76.7347,0,0,0,0,0,0,4,9,2015,5,21.0,3.0,0,1.0,3,1,3,  ,2,3.0,1,0,1,0,0,0,0,0,0,0,0,0,0,0,0,0,0
19798,2015090930,2119.0,2119.0,39,39102,40.622,-75.481,0,0,0,0,0,0,8,9,2015,5,21.0,3.0,0,1.0,3,1,3,  ,2,3.0,1,0,0,0,0,1,0,0,0,0,0,0,0,0,0,0,0
19799,2015090980,2054.0,2051.0,66,66426,39.771,-76.6719,0,0,0,0,0,1,4,8,2015,6,20.0,3.0,0,1.0,1,1,3,  ,2,3.0,0,0,1,0,0,0,0,0,0,0,0,0,0,0,0,0,0
19800,2015090990,1758.0,1758.0,22,22101,40.2781,-76.8305,0,0,0,0,0,0,4,8,2015,2,17.0,1.0,0,1.0,3,2,3,  ,3,3.0,0,0,1,0,0,0,0,0,0,0,0,0,0,0,0,0,0
19801,2015090998,1652.0,1650.0,2,2302,40.3068,-79.8861,0,0,0,0,0,1,1,9,2015,5,16.0,1.0,0,1.0,3,0,3,  ,0,0.0,0,1,0,0,0,0,1,0,0,1,0,0,0,0,0,0,0
19802,2015091024,1548.0,1840.0,67,67301,39.9559,-75.192,0,0,0,0,0,0,5,8,2015,3,15.0,1.0,0,9.0,3,0,7,  ,0,0.0,0,0,0,0,0,0,0,0,0,0,0,0,0,0,0,0,0
19803,2015091048,1445.0,1439.0,67,67301,39.9334,-75.1811,0,0,0,0,0,0,4,8,2015,6,14.0,1.0,0,1.0,3,1,3,  ,2,3.0,1,0,1,0,0,0,0,0,0,0,0,0,1,0,0,0,0
19804,2015091049,309.0,305.0,67,67301,39.9763,-75.1831,0,0,0,0,0,1,4,8,2015,3,0.0,3.0,0,1.0,3,1,3,  ,2,3.0,0,0,1,0,0,0,0,0,0,0,0,0,0,0,0,0,0
19805,2015091055,2049.0,2046.0,67,67301,39.9583,-75.2456,0,0,0,0,0,1,4,8,2015,7,20.0,3.0,0,1.0,3,1,3,  ,3,3.0,0,0,1,0,0,0,0,0,0,0,0,0,0,0,0,0,0
19806,2015091057,1628.0,1620.0,67,67301,39.9228,-75.1874,0,0,0,0,0,0,5,8,2015,4,16.0,1.0,0,1.0,3,0,3,  ,0,0.0,0,0,0,0,0,0,0,0,0,0,0,0,0,0,0,0,0
19807,2015091067,1125.0,1120.0,67,67301,39.9391,-75.197,0,0,0,0,0,1,4,8,2015,4,11.0,1.0,7,1.0,3,0,3,  ,0,0.0,0,0,1,0,0,0,0,0,0,0,0,0,0,0,0,0,0
19808,2015091070,1106.0,1045.0,67,67301,39.9385,-75.1852,0,0,0,0,0,0,4,8,2015,2,10.0,1.0,1,1.0,3,1,3,  ,3,3.0,0,0,1,0,0,0,0,0,0,0,0,0,0,0,0,0,0
19809,2015091076,2009.0,2008.0,67,67301,39.9738,-75.2582,0,0,0,0,0,0,4,8,2015,4,20.0,4.0,0,1.0,3,1,3,  ,2,3.0,0,0,1,0,0,0,0,0,0,0,0,0,0,0,0,0,0
19810,2015091082,1520.0,1517.0,67,67301,39.9616,-75.1547,0,0,0,0,0,0,5,8,2015,6,15.0,1.0,0,1.0,3,0,3,  ,0,0.0,0,0,0,1,0,1,0,0,0,0,0,0,0,0,0,0,0
19811,2015091084,1336.0,1332.0,67,67301,39.9724,-75.1592,0,0,0,0,0,0,4,8,2015,2,13.0,1.0,0,1.0,3,2,3,  ,3,3.0,1,0,1,0,0,0,0,0,0,0,0,0,0,0,0,0,0
19812,2015091086,1330.0,1320.0,67,67301,39.9618,-75.2014,0,0,0,0,0,0,4,8,2015,7,13.0,1.0,0,1.0,3,5,3,  ,3,3.0,0,0,1,0,0,1,0,0,0,0,0,0,0,0,0,0,0
19813,2015091088,1651.0,1649.0,67,67301,39.9225,-75.155,0,0,0,0,0,0,4,8,2015,4,16.0,1.0,0,1.0,3,1,3,  ,2,3.0,0,0,1,0,0,0,0,0,0,0,0,0,0,0,0,1,0
19814,2015091093,1729.0,1709.0,67,67301,39.9474,-75.1876,0,1,0,0,0,0,4,8,2015,4,17.0,1.0,2,1.0,3,1,3,  ,2,3.0,0,0,1,0,0,0,0,0,0,0,0,0,0,0,0,0,0
19815,2015091123,2113.0,2108.0,67,67301,40.0935,-74.9802,0,0,0,0,0,0,4,8,2015,4,21.0,3.0,0,1.0,3,1,3,  ,2,3.0,1,0,1,0,0,0,0,0,0,0,0,1,0,0,0,0,0
19816,2015091135,1247.0,1247.0,67,67301,39.9562,-75.1941,0,0,0,0,0,1,4,8,2015,2,12.0,1.0,0,1.0,3,1,3,  ,2,3.0,0,0,1,0,0,0,0,0,0,0,0,0,0,0,0,0,0
19817,2015091138,359.0,354.0,67,67301,39.958,-75.2335,0,0,0,0,0,1,4,8,2015,7,23.0,3.0,0,1.0,3,1,3,  ,2,3.0,0,0,1,0,0,0,0,0,0,0,0,0,0,0,0,0,0