,CRN,ARRIVAL_TM,DISPATCH_TM,COUNTY,MUNICIPALITY,DEC_LAT,DEC_LONG,BICYCLE_DEATH_COUNT,BICYCLE_SUSP_SERIOUS_INJ_COUNT,BUS_COUNT,HEAVY_TRUCK_COUNT,SMALL_TRUCK_COUNT,SUV_COUNT,COLLISION_TYPE,CRASH_MONTH,CRASH_YEAR,DAY_OF_WEEK,HOUR_OF_DAY,ILLUMINATION,LOCATION_TYPE,ROAD_CONDITION,URBAN_RURAL,INTERSECT_TYPE,WEATHER1,WEATHER2,TCD_TYPE,TCD_FUNC_CD,AGGRESSIVE_DRIVING,ALCOHOL_RELATED,ANGLE_CRASH,CELL_PHONE,COMM_VEHICLE,DISTRACTED,DRINKING_DRIVER,DRUGGED_DRIVER,FATIGUE_ASLEEP,IMPAIRED_DRIVER,NHTSA_AGG_DRIVING,RUNNING_RED_LT,RUNNING_STOP_SIGN,SPEEDING_RELATED,TAILGATING,MATURE_DRIVER,YOUNG_DRIVER
19818,2015091151,1928.0,1924.0,67,67301,39.9499,-75.2392,0,0,0,0,0,0,4,8,2015,4,19.0,1.0,0,1.0,3,2,3,  ,0,0.0,0,0,1,0,0,0,0,0,0,0,0,0,0,0,0,0,0
19819,2015091154,9999.0,9999.0,67,67301,39.9688,-75.1362,0,0,0,0,0,0,4,8,2015,1,16.0,1.0,1,1.0,3,1,3,  ,2,3.0,1,0,1,0,0,0,0,0,0,0,0,0,0,0,0,0,0
19820,2015091156,9999.0,9999.0,67,67301,39.9195,-75.243,0,0,0,0,0,0,4,8,2015,6,99.0,3.0,0,1.0,3,1,3,  ,2,3.0,0,0,1,0,0,0,0,0,0,0,0,0,0,0,0,0,0
19821,2015091170,2213.0,2212.0,67,67301,39.9358,-75.177,0,0,0,0,0,0,4,8,2015,7,22.0,3.0,0,1.0,3,1,3,  ,3,3.0,0,0,1,0,0,0,0,0,0,0,0,0,0,0,0,0,0
19822,2015091180,1341.0,1339.0,67,67301,39.9586,-75.214,0,0,0,0,0,0,4,8,2015,1,13.0,1.0,0,1.0,3,1,3,  ,2,3.0,0,0,1,0,0,0,0,0,0,0,0,0,0,0,0,1,0
19823,2015091185,2212.0,2212.0,67,67301,39.9484,-75.2192,0,0,0,0,1,0,2,8,2015,3,22.0,3.0,0,1.0,3,1,3,  ,2,3.0,0,0,0,0,0,0,0,0,0,0,0,0,0,0,0,0,0
19824,2015091288,646.0,641.0,2,2301,40.4772,-80.0333,0,0,0,0,1,0,4,9,2015,6,6.0,1.0,0,1.0,3,0,3,  ,0,0.0,0,0,1,0,0,1,0,0,0,0,0,0,0,0,0,0,0
19825,2015091328,1658.0,1658.0,61,61301,41.84,-79.1679,0,0,0,0,0,0,1,9,2015,6,16.0,1.0,0,1.0,2,2,3,  ,0,0.0,0,0,0,0,0,0,0,0,0,0,0,0,0,0,0,0,0
19826,2015091342,1245.0,1243.0,38,38301,40.3465,-76.4153,0,0,0,0,0,0,4,8,2015,6,12.0,1.0,0,1.0,2,1,3,  ,0,0.0,0,0,1,0,0,0,0,0,0,0,0,0,0,0,0,0,0
19827,2015091385,1130.0,1127.0,46,46107,40.1024,-75.2915,0,0,0,0,0,1,4,9,2015,7,11.0,1.0,7,1.0,3,2,3,  ,2,3.0,0,0,1,0,0,1,0,0,0,0,0,0,0,0,0,0,0
19828,2015091568,1656.0,1645.0,19,19404,41.0483,-76.2794,0,0,0,0,0,0,4,8,2015,7,16.0,1.0,0,1.0,2,2,3,  ,0,0.0,0,0,1,0,0,0,0,0,0,0,0,0,0,0,0,0,0
19829,2015091755,1215.0,1215.0,23,23103,40.0125,-75.329,0,0,0,0,0,0,4,8,2015,3,12.0,1.0,7,1.0,3,0,3,  ,0,0.0,0,0,1,0,0,0,0,0,0,0,0,0,0,0,0,0,0
19830,2015091757,1536.0,1531.0,23,23103,40.0062,-75.3326,0,0,0,0,0,0,5,9,2015,6,15.0,1.0,0,1.0,3,2,3,  ,0,0.0,0,0,0,0,0,0,0,0,0,0,0,0,0,0,0,0,0
19831,2015091772,1844.0,1841.0,62,62406,40.2654,-80.1849,0,0,0,0,1,0,4,9,2015,5,18.0,1.0,0,1.0,3,0,3,  ,0,0.0,0,0,1,0,0,0,0,0,0,0,0,0,0,0,0,0,0
19832,2015091787,1655.0,1655.0,2,2304,40.3503,-79.8563,0,0,0,0,0,0,4,9,2015,2,16.0,1.0,0,1.0,3,1,3,  ,0,0.0,1,1,1,0,0,0,0,0,0,0,0,0,0,0,0,0,0
19833,2015091879,228.0,225.0,46,46413,40.1133,-75.336,0,0,0,0,0,1,4,9,2015,3,2.0,3.0,0,1.0,3,1,3,  ,2,3.0,0,0,1,0,0,0,0,0,0,0,0,0,0,0,0,0,0
19834,2015091939,604.0,559.0,21,21102,40.209,-76.9424,0,0,0,0,0,0,4,9,2015,3,5.0,2.0,0,1.0,3,1,3,  ,0,0.0,1,0,1,0,0,0,0,0,0,0,0,0,0,0,0,0,0
19835,2015091992,825.0,821.0,55,55418,40.0071,-79.07,0,0,0,0,0,0,0,9,2015,3,8.0,1.0,7,1.0,2,0,3,  ,0,0.0,0,0,0,0,0,0,0,0,0,0,0,0,0,0,0,1,0
19836,2015092069,2057.0,2055.0,67,67301,39.9336,-75.188,0,0,0,0,0,0,5,8,2015,5,19.0,3.0,0,1.0,3,0,3,  ,0,0.0,0,0,0,0,0,0,0,0,0,0,0,0,0,0,0,0,0
19837,2015092070,2000.0,2000.0,67,67301,39.9907,-75.13,0,0,0,1,0,0,5,8,2015,5,11.0,1.0,0,1.0,3,0,3,  ,0,0.0,0,0,0,0,1,0,0,0,0,0,0,0,0,0,0,0,0
19838,2015092089,1705.0,1704.0,25,25302,42.1425,-80.0363,0,0,0,0,0,0,4,9,2015,3,17.0,1.0,0,1.0,3,1,3,  ,3,3.0,0,0,1,0,0,0,0,0,0,0,0,0,0,0,0,0,0
19839,2015092093,1636.0,1632.0,41,41301,41.242,-77.0236,0,0,0,0,0,0,4,9,2015,3,16.0,1.0,0,1.0,3,2,3,  ,0,0.0,0,1,1,0,0,0,0,0,0,0,0,0,0,0,0,0,0
19840,2015092131,1330.0,1330.0,3,3406,40.7695,-79.5309,0,0,0,0,0,0,4,9,2015,1,13.0,1.0,0,1.0,2,1,3,  ,0,0.0,0,0,1,0,0,0,0,0,0,0,0,0,0,0,0,1,0
19841,2015092352,740.0,730.0,2,2301,40.4543,-79.9062,0,0,0,0,0,0,4,9,2015,4,7.0,1.0,0,1.0,3,1,3,  ,3,3.0,0,0,1,0,0,0,0,0,0,0,0,0,0,0,0,0,1
19842,2015092427,1412.0,1412.0,46,46216,40.2509,-75.3332,0,0,0,0,0,1,4,9,2015,4,14.0,1.0,0,1.0,1,1,3,  ,2,3.0,0,0,1,0,0,0,0,0,0,0,0,0,0,0,0,1,0
19843,2015092449,1850.0,1847.0,67,67301,39.983,-75.1014,0,0,0,0,0,0,4,8,2015,4,18.0,1.0,0,1.0,3,1,3,  ,2,3.0,0,0,1,0,0,0,0,0,0,0,0,0,0,0,0,0,0
19844,2015092450,19.0,17.0,67,67301,39.9613,-75.175,0,1,0,0,0,0,4,8,2015,7,0.0,3.0,0,1.0,3,1,3,  ,2,3.0,0,1,1,0,0,0,1,0,0,1,0,0,0,0,0,0,0
19845,2015092465,1820.0,1820.0,67,67301,39.9292,-75.1584,0,0,0,0,0,0,1,8,2015,7,18.0,1.0,0,1.0,3,1,3,  ,3,3.0,0,0,0,0,0,1,0,0,0,0,0,0,0,0,0,0,0
19846,2015092475,1225.0,1217.0,67,67301,39.9843,-75.1424,0,0,0,0,0,0,2,8,2015,7,12.0,1.0,0,1.0,3,0,3,  ,0,0.0,0,0,0,0,0,0,0,0,0,0,0,0,0,0,0,0,0
19847,2015092837,1240.0,1236.0,1,1217,39.84,-77.0677,0,0,0,0,0,0,4,8,2015,5,12.0,1.0,0,1.0,1,1,3,  ,3,3.0,1,0,1,0,0,0,0,0,0,0,0,0,1,0,0,0,0
19848,2015092868,1241.0,1241.0,38,38301,40.3454,-76.4288,0,0,0,0,0,0,4,9,2015,4,12.0,1.0,0,1.0,2,1,3,  ,2,3.0,0,0,1,0,0,0,0,0,0,0,0,0,0,0,0,1,0
19849,2015092898,1704.0,1659.0,40,40301,40.9516,-75.9777,0,0,0,0,0,1,4,9,2015,3,16.0,1.0,0,1.0,2,1,3,  ,0,0.0,0,0,1,0,0,0,0,0,0,0,0,0,0,0,0,1,0
19850,2015092907,745.0,741.0,67,67301,39.9376,-75.1646,0,0,0,0,0,1,4,8,2015,4,7.0,1.0,0,1.0,3,1,3,  ,2,3.0,0,0,1,0,0,0,0,0,0,0,0,0,0,0,0,0,0
19851,2015092932,1820.0,9999.0,67,67301,39.9369,-75.1502,0,0,0,0,1,0,4,8,2015,5,99.0,1.0,0,1.0,3,1,3,  ,0,0.0,0,0,1,0,0,0,0,0,0,0,0,0,0,0,0,0,1
19852,2015092933,2251.0,2226.0,67,67301,40.0298,-75.1278,0,1,0,0,0,0,4,8,2015,4,20.0,4.0,0,1.0,3,2,3,  ,3,3.0,0,0,1,0,0,0,0,0,0,0,0,0,0,0,0,0,0
19853,2015092938,1806.0,1802.0,67,67301,39.9463,-75.1595,0,0,0,0,0,0,4,8,2015,3,17.0,1.0,0,1.0,3,1,3,  ,2,3.0,0,0,1,0,0,0,0,0,0,0,0,0,0,0,0,0,0
19854,2015092967,1320.0,1310.0,67,67301,40.0094,-75.1953,0,0,0,0,0,1,4,8,2015,3,12.0,1.0,0,1.0,3,2,3,  ,3,3.0,1,0,1,0,0,0,0,0,0,0,0,0,0,0,0,0,0
19855,2015093019,1209.0,1205.0,67,67301,40.0252,-75.1599,0,1,0,0,0,0,6,8,2015,3,12.0,1.0,0,1.0,3,0,3,  ,0,0.0,0,0,0,0,0,0,0,0,0,0,0,0,0,0,0,0,0
19856,2015093073,1250.0,1237.0,25,25210,42.146,-80.0034,0,0,0,0,1,0,4,9,2015,7,12.0,1.0,0,1.0,1,1,3,  ,2,1.0,1,0,1,0,0,0,0,0,0,0,0,0,0,0,0,0,0
19857,2015093183,1739.0,1738.0,6,6301,40.3458,-75.912,0,0,0,0,0,1,4,9,2015,5,17.0,1.0,0,9.0,3,1,98,  ,2,3.0,0,0,1,0,0,0,0,0,0,0,0,0,0,0,0,0,0
19858,2015093213,508.0,505.0,6,6301,40.3285,-75.9086,0,0,0,0,0,0,4,8,2015,4,99.0,3.0,0,1.0,3,1,3,  ,0,0.0,0,0,1,0,0,0,0,0,0,0,0,0,0,0,0,0,0
19859,2015093405,1832.0,1830.0,25,25302,42.1185,-80.0588,0,0,0,0,0,0,4,9,2015,4,18.0,1.0,0,1.0,3,1,3,  ,3,3.0,0,0,1,0,0,0,0,0,0,0,0,0,0,0,0,0,0
19860,2015093418,1627.0,1626.0,6,6301,40.3505,-75.9274,0,0,0,0,0,0,4,9,2015,6,16.0,1.0,0,1.0,3,1,3,  ,2,3.0,0,0,1,0,0,0,0,0,0,0,0,0,0,0,0,0,0
19861,2015093420,1545.0,1541.0,49,49101,40.7885,-76.5668,0,0,0,0,0,1,4,9,2015,6,15.0,1.0,0,1.0,1,1,3,  ,3,3.0,0,0,1,0,0,0,0,0,0,0,0,0,0,0,0,1,0
19862,2015093454,1545.0,1541.0,25,25302,42.1161,-80.0763,0,0,0,0,0,0,4,9,2015,6,15.0,1.0,0,1.0,3,1,3,  ,2,3.0,0,0,1,0,0,0,0,0,0,0,0,0,0,0,0,0,0
19863,2015093614,1455.0,1450.0,2,2112,40.4911,-79.9083,0,0,0,0,0,1,1,9,2015,6,14.0,1.0,0,1.0,3,0,3,  ,0,0.0,0,0,0,0,0,0,0,0,0,0,0,0,0,0,0,0,0
19864,2015093628,1740.0,1740.0,36,36210,40.226,-76.0924,0,0,0,0,0,0,4,9,2015,6,17.0,1.0,0,1.0,1,2,3,  ,0,0.0,1,0,1,0,0,0,0,0,0,0,0,0,0,0,0,0,0
19865,2015093699,946.0,943.0,15,15244,40.0426,-75.8245,0,0,0,0,0,1,4,9,2015,6,9.0,1.0,0,1.0,1,1,3,  ,3,3.0,1,0,1,0,0,0,0,0,0,0,0,0,0,0,0,1,0
19866,2015093760,1412.0,1410.0,35,35302,41.4142,-75.6611,0,0,0,0,0,1,4,9,2015,7,14.0,1.0,0,9.0,3,1,7,  ,2,3.0,0,0,1,0,0,0,0,0,0,0,0,0,0,0,0,0,0
19867,2015093905,1125.0,1119.0,25,25302,42.1105,-80.0752,0,0,0,0,0,0,4,9,2015,5,11.0,1.0,0,1.0,3,2,3,  ,3,3.0,0,0,1,0,0,0,0,0,0,0,0,0,0,0,0,0,0
19868,2015093946,1644.0,1644.0,23,23107,39.8963,-75.3143,0,0,0,0,0,0,4,9,2015,7,16.0,1.0,7,1.0,3,0,3,  ,2,3.0,0,0,1,0,0,0,0,0,0,0,0,0,0,0,0,1,0
19869,2015094012,1707.0,1642.0,20,20216,41.6307,-79.971,0,0,0,0,0,1,4,9,2015,6,16.0,1.0,7,1.0,1,0,3,  ,0,0.0,0,0,1,0,0,1,0,0,0,0,0,0,0,0,0,0,1
19870,2015094089,1805.0,1800.0,25,25302,42.133,-80.0656,0,0,0,0,0,0,4,9,2015,1,18.0,1.0,0,1.0,3,2,3,  ,0,0.0,0,0,1,0,0,0,0,0,0,0,0,0,0,0,0,0,0
19871,2015094309,555.0,547.0,4,4103,40.5851,-80.2384,1,0,0,0,1,0,1,8,2015,5,5.0,3.0,0,1.0,3,0,3,  ,0,0.0,0,0,0,0,0,0,0,0,0,0,0,0,0,0,0,0,0
19872,2015094319,1402.0,1400.0,6,6411,40.3914,-75.9199,0,0,0,0,0,1,4,9,2015,1,14.0,1.0,7,1.0,3,0,3,  ,0,0.0,0,0,1,0,0,0,0,0,0,0,0,0,0,0,0,0,0
19873,2015094336,1236.0,1235.0,67,67301,39.9298,-75.2195,0,0,0,0,0,0,4,8,2015,2,12.0,1.0,0,1.0,3,0,3,  ,2,3.0,0,0,1,0,0,0,0,0,0,0,0,0,0,0,0,1,0
19874,2015094346,1332.0,1330.0,7,7404,40.3145,-78.3267,0,1,0,0,0,1,4,8,2015,7,13.0,1.0,0,1.0,1,2,3,  ,3,3.0,0,0,1,0,0,0,0,0,0,0,0,0,0,0,0,0,0
19875,2015094460,1743.0,1740.0,40,40302,41.1965,-76.0131,0,0,0,0,0,1,4,9,2015,2,17.0,1.0,7,1.0,3,2,3,  ,3,3.0,0,0,1,0,0,0,0,0,0,0,0,0,0,0,0,0,0
19876,2015094464,1714.0,1714.0,49,49406,40.7967,-76.4176,0,0,0,0,0,0,4,9,2015,2,17.0,1.0,0,1.0,2,1,3,  ,0,0.0,0,0,1,0,0,1,0,0,0,0,0,0,0,0,0,0,0
19877,2015094465,133.0,132.0,39,39302,40.6272,-75.3994,0,0,0,0,0,0,1,9,2015,5,1.0,3.0,0,1.0,3,0,3,  ,0,0.0,0,0,0,0,0,0,0,0,0,0,0,0,0,0,0,0,0
19878,2015094471,1123.0,1121.0,15,15414,39.9642,-75.5968,0,0,0,0,0,0,4,9,2015,6,11.0,1.0,0,1.0,3,2,3,  ,0,0.0,1,0,1,0,0,0,0,0,0,0,0,0,0,0,0,1,0
19879,2015094704,1958.0,1954.0,15,15247,39.9453,-75.5926,0,0,0,0,0,0,4,8,2015,7,19.0,4.0,0,1.0,3,0,3,  ,0,0.0,0,1,1,0,0,0,0,0,0,0,0,0,0,0,0,0,0
19880,2015094882,1820.0,1818.0,35,35302,41.3905,-75.6718,0,0,0,0,0,0,4,9,2015,3,18.0,1.0,0,1.0,3,1,3,  ,3,3.0,0,0,1,0,0,0,0,0,0,0,0,0,0,0,0,0,0
19881,2015094954,116.0,106.0,2,2301,40.4453,-79.9762,0,0,0,0,0,1,4,8,2015,7,0.0,3.0,0,1.0,3,5,3,  ,2,3.0,0,0,1,0,0,0,0,0,0,0,0,0,0,0,0,0,0
19882,2015095053,1015.0,1015.0,38,38301,40.3456,-76.4253,0,0,0,0,1,0,4,9,2015,3,10.0,1.0,0,1.0,2,1,3,  ,2,3.0,0,0,1,0,0,0,0,0,0,0,0,0,0,0,0,0,0
19883,2015095152,2030.0,2026.0,67,67301,40.069,-75.1569,0,0,0,0,0,0,1,9,2015,1,20.0,3.0,0,1.0,3,0,3,  ,0,0.0,0,0,0,0,0,0,0,0,0,0,0,0,0,0,0,0,0
19884,2015095154,2209.0,2201.0,67,67301,39.9913,-75.2232,1,0,0,0,1,0,1,9,2015,6,22.0,3.0,0,1.0,3,0,3,  ,0,0.0,0,1,0,0,0,0,1,0,0,1,0,0,0,0,0,0,0
19885,2015095160,1840.0,1833.0,67,67301,40.0394,-75.1096,0,0,0,0,0,0,5,9,2015,5,99.0,4.0,0,1.0,3,0,3,  ,0,0.0,0,0,0,0,0,0,0,0,0,0,0,0,0,0,0,0,0
19886,2015095196,1615.0,1613.0,67,67301,40.0468,-75.1669,0,0,0,0,0,0,4,9,2015,7,16.0,1.0,0,1.0,3,1,3,  ,3,3.0,0,0,1,0,0,0,0,0,0,0,0,0,0,0,0,0,0
19887,2015095200,1830.0,1822.0,67,67301,39.9583,-75.245,0,0,0,0,0,0,4,8,2015,2,18.0,1.0,0,1.0,3,0,3,  ,0,0.0,0,0,1,0,0,0,0,0,0,0,0,0,0,0,0,0,0
19888,2015095209,1645.0,1640.0,67,67301,39.9714,-75.1344,0,0,0,0,0,1,6,9,2015,6,16.0,1.0,0,1.0,3,0,3,  ,0,0.0,0,0,0,0,0,0,0,0,0,0,0,0,0,0,0,0,0
19889,2015095216,9999.0,9999.0,67,67301,39.9975,-75.1218,0,0,0,0,0,0,4,9,2015,1,19.0,2.0,0,1.0,3,1,3,  ,3,3.0,1,0,1,0,0,0,0,0,0,0,0,0,0,0,0,1,0
19890,2015095374,1901.0,1846.0,6,6230,40.4807,-75.9493,0,1,0,0,0,0,4,8,2015,6,18.0,1.0,0,1.0,1,2,3,  ,3,3.0,0,0,1,0,0,0,0,0,0,0,0,0,0,0,0,0,0
19891,2015095409,1828.0,1824.0,2,2301,40.438,-79.9131,0,0,0,0,0,1,4,9,2015,4,18.0,1.0,0,1.0,3,1,3,  ,2,3.0,0,0,1,0,0,0,0,0,0,0,0,0,0,0,0,0,0
19892,2015095485,959.0,958.0,38,38301,40.3449,-76.4182,0,0,0,0,0,0,4,9,2015,7,9.0,1.0,0,1.0,2,1,3,  ,0,0.0,0,0,1,0,0,0,0,0,0,0,0,0,0,0,0,0,1
19893,2015095544,730.0,725.0,35,35302,41.4001,-75.6792,0,0,0,0,0,0,0,9,2015,5,7.0,1.0,0,1.0,3,10,3,  ,0,0.0,0,0,0,0,0,0,0,0,0,0,0,0,0,0,0,0,0
19894,2015095677,2105.0,2058.0,67,67301,39.9432,-75.1537,0,0,0,0,0,0,1,9,2015,1,20.0,3.0,0,1.0,3,1,3,  ,2,3.0,0,1,0,0,0,0,1,1,0,1,0,0,0,0,0,0,0
19895,2015095678,1540.0,1540.0,67,67301,39.9483,-75.1558,0,0,1,0,0,0,5,9,2015,6,15.0,1.0,0,1.0,3,1,3,  ,2,3.0,0,0,0,0,1,0,0,0,0,0,0,0,0,0,0,0,0
19896,2015095681,1352.0,1352.0,67,67301,39.9399,-75.1831,0,0,0,0,0,0,4,8,2015,3,13.0,1.0,0,1.0,3,1,3,  ,2,3.0,0,0,1,0,0,0,0,0,0,0,0,0,0,0,0,0,0
19897,2015095694,1738.0,1738.0,67,67301,39.9388,-75.1737,0,0,0,0,0,0,5,8,2015,7,99.0,1.0,0,1.0,3,0,3,  ,0,0.0,0,0,0,0,0,0,0,0,0,0,0,0,0,0,0,0,0
19898,2015095698,2137.0,2134.0,67,67301,39.9719,-75.1593,0,0,0,0,0,0,4,9,2015,1,21.0,3.0,0,1.0,3,0,3,  ,0,0.0,0,0,1,0,0,0,0,0,0,0,0,0,0,0,0,0,0
19899,2015095730,1330.0,1330.0,67,67301,40.0481,-75.1477,0,0,0,0,0,0,4,8,2015,1,12.0,1.0,0,1.0,3,1,3,  ,3,3.0,0,0,1,0,0,0,0,0,0,0,0,0,0,0,0,0,0
19900,2015095733,1343.0,1313.0,67,67301,40.0013,-75.1025,0,0,0,0,0,0,6,9,2015,6,13.0,1.0,0,1.0,3,1,3,  ,0,0.0,1,0,0,0,0,0,0,0,0,0,0,0,0,0,0,0,0
19901,2015095738,2123.0,2121.0,67,67301,39.9605,-75.1939,0,0,0,0,0,0,4,8,2015,2,21.0,3.0,0,1.0,3,1,3,  ,3,3.0,0,0,1,0,0,0,0,0,0,0,0,0,0,0,0,0,0
19902,2015095741,1254.0,1252.0,67,67301,39.9499,-75.204,0,0,0,0,0,0,5,8,2015,7,12.0,1.0,0,1.0,3,0,3,  ,0,0.0,0,0,0,0,0,0,0,0,0,0,0,0,0,0,0,0,0
19903,2015095746,202.0,200.0,67,67301,39.954,-75.1682,0,0,0,0,0,0,4,9,2015,2,1.0,3.0,0,1.0,3,1,3,  ,2,3.0,0,0,1,0,0,0,0,0,0,0,0,0,0,0,0,0,0
19904,2015095748,9999.0,1550.0,67,67301,39.9903,-75.1512,0,0,0,0,0,0,4,9,2015,1,15.0,1.0,0,1.0,3,0,3,  ,0,0.0,0,0,1,0,0,0,0,0,0,0,0,0,0,0,0,0,0
19905,2015095757,9999.0,9999.0,67,67301,39.935,-75.2268,0,0,0,0,1,0,4,8,2015,1,14.0,1.0,0,1.0,3,1,3,  ,3,3.0,1,0,1,0,0,0,0,0,0,0,0,0,0,0,0,0,0
19906,2015095765,1016.0,1011.0,67,67301,40.0006,-75.1698,0,0,0,0,0,0,4,9,2015,3,10.0,1.0,0,1.0,3,1,3,  ,3,3.0,0,0,1,0,0,0,0,0,0,0,0,0,0,0,0,1,0
19907,2015095768,1340.0,1325.0,67,67301,39.9532,-75.1703,0,0,0,0,0,0,5,9,2015,3,99.0,1.0,0,9.0,3,0,3,  ,0,0.0,0,0,0,0,0,0,0,0,0,0,0,0,0,0,0,0,0
19908,2015095774,1631.0,1630.0,67,67301,40.0028,-75.101,0,0,0,0,0,0,5,8,2015,6,15.0,1.0,0,1.0,3,0,3,  ,0,0.0,0,0,0,0,0,0,0,0,0,0,0,0,0,0,0,0,0
19909,2015095792,1530.0,1525.0,67,67301,39.9426,-75.1506,0,0,0,0,0,0,5,9,2015,2,15.0,1.0,0,1.0,3,0,3,  ,0,0.0,0,0,0,0,0,0,0,0,0,0,0,0,0,0,0,0,0
19910,2015095796,1716.0,1704.0,67,67301,40.0139,-75.126,0,0,0,0,0,0,4,9,2015,3,16.0,1.0,0,1.0,3,1,3,  ,2,3.0,0,0,1,0,0,0,0,0,0,0,0,0,0,0,0,0,0
19911,2015096109,1602.0,1559.0,40,40304,41.2703,-75.8418,0,0,0,0,0,0,4,9,2015,6,15.0,1.0,0,1.0,3,2,3,  ,3,3.0,0,0,1,0,0,0,0,0,0,0,0,0,0,0,0,0,1
19912,2015096130,1822.0,1810.0,41,41403,41.2055,-77.2599,1,0,0,0,0,1,4,9,2015,4,18.0,1.0,0,1.0,1,1,3,  ,0,0.0,0,0,1,0,0,0,0,0,0,0,0,0,0,0,0,0,0
19913,2015096160,1907.0,1903.0,49,49405,41.0108,-76.8414,0,1,0,0,0,1,4,8,2015,4,19.0,1.0,7,1.0,2,0,3,  ,0,0.0,1,0,1,0,0,0,0,0,0,0,0,0,0,0,0,0,0
19914,2015096261,2014.0,2009.0,25,25302,42.1353,-80.0891,0,0,0,0,0,0,4,9,2015,6,20.0,2.0,0,1.0,3,2,3,  ,0,0.0,0,1,1,0,0,0,0,0,0,0,0,0,0,0,0,0,0
19915,2015096315,1807.0,1758.0,54,54208,40.8273,-76.8435,0,0,0,0,0,0,1,9,2015,2,17.0,1.0,0,1.0,1,0,3,  ,0,0.0,0,0,0,0,0,0,0,0,0,0,0,0,0,0,0,0,0
19916,2015096431,1001.0,955.0,36,36239,40.1018,-76.4383,0,0,0,0,0,0,5,9,2015,7,9.0,1.0,0,1.0,3,0,3,  ,0,0.0,1,0,0,0,0,0,0,0,0,0,0,0,0,0,0,0,0
19917,2015096466,1457.0,1455.0,2,2463,40.4236,-79.8915,0,0,0,0,0,1,4,9,2015,7,14.0,1.0,0,1.0,3,1,3,  ,2,3.0,0,0,1,0,0,0,0,0,0,0,0,0,0,0,0,0,0
19918,2015096528,1748.0,1745.0,39,39103,40.6071,-75.5646,0,0,0,0,0,0,9,9,2015,4,17.0,1.0,0,1.0,1,1,3,  ,2,3.0,1,0,0,0,0,0,0,0,0,0,0,0,0,0,0,0,0
19919,2015096551,2045.0,2045.0,6,6301,40.3445,-75.9256,0,0,0,0,0,1,4,9,2015,7,20.0,3.0,0,1.0,3,1,3,  ,2,3.0,0,0,1,0,0,1,0,0,0,0,0,0,0,0,0,0,1
19920,2015096570,2345.0,2344.0,38,38301,40.3465,-76.4332,0,0,0,0,0,0,4,9,2015,7,23.0,2.0,0,1.0,2,0,3,  ,8,3.0,0,1,1,0,0,0,1,0,0,1,0,0,0,0,0,0,0
19921,2015096652,1709.0,1709.0,46,46216,40.2413,-75.3213,0,0,0,0,1,0,4,9,2015,7,17.0,1.0,0,1.0,1,2,3,  ,3,3.0,1,0,1,0,0,0,0,0,0,0,0,0,0,0,0,0,0
19922,2015096665,1846.0,1842.0,36,36213,40.1302,-76.025,0,0,0,0,0,0,6,9,2015,7,18.0,4.0,0,9.0,1,0,3,  ,0,0.0,0,0,0,0,0,0,0,0,0,0,0,0,0,0,0,0,0
19923,2015096799,2355.0,2355.0,6,6301,40.3412,-75.9379,0,0,0,0,0,0,4,9,2015,1,23.0,3.0,0,1.0,3,1,3,  ,2,3.0,0,0,1,0,0,0,0,0,0,0,0,0,0,0,0,1,0
19924,2015096870,1645.0,1622.0,53,53236,40.8287,-76.2076,0,0,0,0,0,0,4,9,2015,3,16.0,1.0,0,1.0,1,1,3,  ,0,0.0,0,0,1,0,0,0,0,0,0,0,0,0,0,0,0,1,0
19925,2015096951,1952.0,1950.0,2,2214,40.4418,-80.1894,1,0,0,0,1,0,6,9,2015,6,19.0,2.0,0,1.0,3,0,3,  ,0,0.0,0,0,0,0,0,0,0,0,0,0,0,0,0,0,0,0,0
19926,2015097199,2040.0,2036.0,36,36301,40.044,-76.294,0,0,0,0,0,1,4,9,2015,2,20.0,3.0,0,1.0,3,1,3,  ,0,0.0,1,0,1,0,0,0,0,0,0,0,0,0,0,0,0,0,1
19927,2015097210,1616.0,1616.0,6,6408,40.5503,-75.9813,0,0,0,0,0,1,4,9,2015,6,16.0,1.0,0,1.0,1,1,3,  ,0,0.0,0,0,1,0,0,0,0,0,0,0,0,0,0,0,0,1,0
19928,2015097235,2052.0,2030.0,33,33219,41.1778,-79.1447,0,0,0,0,0,0,2,9,2015,3,20.0,2.0,0,1.0,1,0,3,  ,0,0.0,1,0,0,0,0,0,0,0,0,0,0,0,0,0,0,0,0
19929,2015097325,1106.0,1101.0,2,2301,40.425,-79.9809,0,0,0,0,0,0,8,9,2015,3,11.0,1.0,0,1.0,3,0,3,  ,0,0.0,0,0,0,0,0,0,0,0,0,0,0,0,0,0,0,1,0
19930,2015097329,1025.0,1021.0,14,14410,40.7924,-77.8666,0,0,0,0,0,0,4,9,2015,3,10.0,1.0,0,1.0,3,2,3,  ,2,3.0,0,0,1,0,0,0,0,0,0,0,0,0,0,0,0,1,0
19931,2015097387,1405.0,1401.0,51,51211,41.3552,-74.7152,0,0,0,0,0,1,8,9,2015,3,14.0,1.0,0,1.0,1,0,3,  ,0,0.0,0,1,0,0,0,0,0,0,0,0,0,0,0,0,0,0,0