,CRN,ARRIVAL_TM,DISPATCH_TM,COUNTY,MUNICIPALITY,DEC_LAT,DEC_LONG,BICYCLE_DEATH_COUNT,BICYCLE_SUSP_SERIOUS_INJ_COUNT,BUS_COUNT,HEAVY_TRUCK_COUNT,SMALL_TRUCK_COUNT,SUV_COUNT,COLLISION_TYPE,CRASH_MONTH,CRASH_YEAR,DAY_OF_WEEK,HOUR_OF_DAY,ILLUMINATION,LOCATION_TYPE,ROAD_CONDITION,URBAN_RURAL,INTERSECT_TYPE,WEATHER1,WEATHER2,TCD_TYPE,TCD_FUNC_CD,AGGRESSIVE_DRIVING,ALCOHOL_RELATED,ANGLE_CRASH,CELL_PHONE,COMM_VEHICLE,DISTRACTED,DRINKING_DRIVER,DRUGGED_DRIVER,FATIGUE_ASLEEP,IMPAIRED_DRIVER,NHTSA_AGG_DRIVING,RUNNING_RED_LT,RUNNING_STOP_SIGN,SPEEDING_RELATED,TAILGATING,MATURE_DRIVER,YOUNG_DRIVER
19932,2015097392,1627.0,1623.0,36,36407,40.1378,-76.5833,0,0,0,0,0,0,2,9,2015,3,16.0,1.0,7,1.0,2,0,3,  ,0,0.0,0,0,0,0,0,1,0,0,0,0,0,0,0,0,0,0,0
19933,2015097565,1725.0,1725.0,36,36301,40.0464,-76.2968,0,0,0,0,0,0,2,9,2015,1,17.0,1.0,0,1.0,3,2,3,  ,2,3.0,0,0,0,0,0,0,0,0,0,0,0,0,0,0,0,0,0
19934,2015097686,917.0,913.0,46,46102,40.0662,-75.0919,0,0,0,0,0,0,4,9,2015,4,9.0,1.0,0,1.0,3,2,3,  ,3,3.0,0,0,1,0,0,0,0,0,0,0,0,0,0,0,0,0,0
19935,2015097711,1032.0,1030.0,25,25302,42.1184,-80.0702,0,0,0,0,0,0,4,9,2015,4,10.0,1.0,0,1.0,3,1,3,  ,3,3.0,1,0,1,0,0,0,0,0,0,0,0,0,0,0,0,0,0
19936,2015097797,1815.0,1811.0,48,48301,40.6038,-75.3411,0,0,0,0,0,0,4,9,2015,4,18.0,1.0,0,1.0,3,2,3,  ,2,3.0,1,0,1,0,0,0,0,0,0,0,0,1,0,0,0,0,0
19937,2015097823,1947.0,1945.0,36,36209,40.1123,-76.0685,0,0,0,0,0,0,4,9,2015,3,19.0,3.0,7,1.0,1,0,3,  ,0,0.0,1,0,1,0,0,0,0,0,0,0,1,0,0,0,0,0,0
19938,2015097839,850.0,847.0,21,21103,40.2373,-76.9735,0,0,0,0,0,0,8,9,2015,3,8.0,1.0,0,1.0,3,1,3,  ,3,9.0,0,0,0,0,0,0,0,0,0,0,0,0,0,0,0,0,0
19939,2015098013,732.0,731.0,35,35302,41.4399,-75.6482,0,0,0,0,0,0,4,9,2015,5,7.0,1.0,0,1.0,3,2,3,  ,3,3.0,0,0,1,0,0,0,0,0,0,0,0,0,0,0,0,0,0
19940,2015098064,1517.0,1514.0,24,24402,41.4262,-78.7263,0,0,0,0,0,0,4,9,2015,3,15.0,1.0,0,1.0,2,3,3,  ,0,0.0,0,0,1,0,0,0,0,0,0,0,0,0,0,0,0,0,0
19941,2015098216,1652.0,1649.0,23,23107,39.8713,-75.3159,0,0,0,0,1,0,4,9,2015,5,16.0,1.0,0,1.0,3,2,3,  ,0,0.0,0,0,1,0,0,0,0,0,0,0,0,0,0,0,0,0,0
19942,2015098228,1821.0,1820.0,48,48409,40.6875,-75.4943,0,0,0,0,0,0,4,9,2015,4,18.0,1.0,7,1.0,3,0,3,  ,0,0.0,0,0,1,0,0,0,0,0,0,0,0,0,0,0,0,0,0
19943,2015098261,20.0,20.0,40,40104,41.2339,-75.8661,0,0,0,0,0,0,2,9,2015,6,0.0,3.0,7,1.0,3,0,3,  ,2,3.0,0,0,0,0,0,0,0,0,0,0,0,0,0,0,0,0,0
19944,2015098503,1714.0,1710.0,46,46104,40.0182,-75.2402,0,0,0,0,0,1,4,9,2015,6,17.0,1.0,0,1.0,3,2,3,  ,2,3.0,1,0,1,0,0,0,0,0,0,0,0,0,0,0,0,0,0
19945,2015098714,1155.0,1153.0,40,40304,41.2478,-75.864,0,0,0,0,0,0,4,9,2015,6,11.0,1.0,0,1.0,3,5,3,  ,3,3.0,0,0,1,0,0,0,0,0,1,0,0,0,0,0,0,1,0
19946,2015098807,1900.0,1852.0,46,46102,40.1041,-75.1644,0,0,0,0,0,0,4,9,2015,5,18.0,3.0,0,1.0,3,1,3,  ,2,3.0,0,0,1,0,0,0,0,0,0,0,0,0,0,0,0,1,0
19947,2015098915,500.0,500.0,61,61301,41.8439,-79.143,0,0,0,0,0,0,4,9,2015,6,1.0,3.0,0,1.0,2,0,3,  ,0,0.0,0,0,1,0,0,0,0,0,0,0,0,0,0,0,0,0,0
19948,2015098958,2214.0,2212.0,67,67301,40.0313,-75.085,0,0,0,0,0,0,5,9,2015,3,22.0,3.0,3,1.0,3,5,3,  ,2,3.0,0,0,0,0,0,0,0,0,0,0,0,0,0,0,0,0,0
19949,2015098963,1915.0,1915.0,67,67301,40.0205,-75.1712,0,0,0,0,0,0,1,9,2015,1,19.0,4.0,0,1.0,3,0,3,  ,0,0.0,0,0,0,0,0,0,0,0,0,0,0,0,0,0,0,0,0
19950,2015098968,2339.0,2336.0,67,67301,39.9399,-75.1831,0,0,0,0,0,0,4,9,2015,4,22.0,3.0,0,1.0,3,1,3,  ,2,3.0,0,0,1,0,0,0,0,0,0,0,0,0,0,0,0,0,0
19951,2015099015,1913.0,1913.0,67,67301,40.0503,-75.14,0,0,0,0,0,0,4,9,2015,1,19.0,1.0,0,1.0,3,1,3,  ,3,3.0,0,0,1,0,0,1,0,0,0,0,0,0,0,0,0,0,0
19952,2015099037,1355.0,1350.0,67,67301,39.94,-75.1662,0,0,0,0,0,0,4,9,2015,6,13.0,1.0,0,1.0,3,1,3,  ,2,3.0,0,0,1,0,0,0,0,0,0,0,0,0,0,0,0,0,0
19953,2015099039,1748.0,1741.0,67,67301,39.9181,-75.1507,0,0,0,0,0,0,4,9,2015,1,17.0,1.0,0,1.0,3,1,3,  ,2,3.0,0,0,1,0,0,0,0,0,0,0,0,0,0,0,0,0,0
19954,2015099046,1323.0,1317.0,67,67301,39.9113,-75.2427,0,0,0,0,1,0,4,9,2015,6,13.0,1.0,0,1.0,3,5,3,  ,2,3.0,0,0,1,0,0,0,0,0,0,0,0,0,0,0,0,0,1
19955,2015099053,1530.0,1529.0,67,67301,39.9693,-75.1432,0,0,0,0,0,1,4,9,2015,2,15.0,1.0,0,1.0,3,1,3,  ,3,3.0,1,0,1,0,0,0,0,0,0,0,0,0,0,1,0,0,0
19956,2015099083,1318.0,1311.0,67,67301,39.9486,-75.1778,0,0,0,1,0,0,4,9,2015,4,13.0,1.0,0,1.0,3,1,3,  ,2,3.0,0,0,1,0,1,0,0,0,0,0,0,0,0,0,0,0,0
19957,2015099157,2100.0,2100.0,67,67301,39.9714,-75.1594,0,0,0,0,0,0,4,9,2015,1,21.0,6.0,0,1.0,3,1,99,  ,2,3.0,0,0,1,0,0,0,0,0,0,0,0,0,0,0,0,0,0
19958,2015099159,1621.0,1620.0,22,22301,40.2755,-76.8922,0,0,0,0,0,0,4,9,2015,2,16.0,1.0,0,1.0,3,1,3,  ,3,3.0,0,0,1,0,0,0,0,0,0,0,0,0,0,0,0,0,0
19959,2015099196,1928.0,1921.0,7,7301,40.5218,-78.3878,0,0,0,0,0,0,4,9,2015,1,19.0,4.0,0,1.0,3,1,3,  ,3,3.0,0,0,1,0,0,0,0,0,0,0,0,0,0,0,0,1,0
19960,2015099209,1245.0,1230.0,2,2301,40.4249,-79.9799,0,0,0,0,0,0,4,9,2015,1,12.0,1.0,0,1.0,3,0,3,  ,0,0.0,0,0,1,0,0,0,0,0,0,0,0,0,0,0,0,0,0
19961,2015099473,1410.0,1406.0,39,39211,40.549,-75.4233,0,0,0,0,0,0,4,9,2015,7,14.0,1.0,2,1.0,1,6,3,  ,0,0.0,1,0,1,0,0,0,0,0,0,0,0,0,0,0,0,1,0
19962,2015099518,1500.0,1500.0,67,67301,39.9577,-75.1624,0,0,0,0,0,0,4,9,2015,6,11.0,1.0,2,1.0,3,5,3,  ,2,3.0,1,0,1,0,0,0,0,0,0,0,0,1,0,0,0,0,0
19963,2015100218,2005.0,2004.0,64,64424,40.0957,-79.5945,0,0,0,0,0,1,4,7,2015,7,20.0,1.0,0,1.0,2,2,3,  ,3,3.0,0,0,1,0,0,0,0,0,0,0,0,0,0,0,0,0,0
19964,2015100332,1532.0,1531.0,64,64412,40.3143,-79.3819,0,0,0,0,0,0,4,9,2015,2,15.0,1.0,0,1.0,2,1,3,  ,3,3.0,0,0,1,0,0,0,0,0,0,0,0,0,0,0,0,0,0
19965,2015100365,1835.0,1825.0,9,9213,40.1521,-74.8682,0,0,0,0,0,0,4,9,2015,6,18.0,1.0,0,1.0,3,2,3,  ,0,0.0,0,0,1,0,0,0,0,0,0,0,0,0,0,0,0,0,0
19966,2015100656,1455.0,1455.0,36,36301,40.0302,-76.3131,0,0,0,0,0,0,4,9,2015,6,14.0,1.0,0,1.0,3,1,3,  ,3,3.0,0,0,1,0,0,0,0,0,0,0,0,0,0,0,0,0,0
19967,2015100700,922.0,917.0,46,46108,40.0871,-75.2135,0,0,0,0,0,1,8,9,2015,7,9.0,1.0,0,1.0,3,2,3,  ,3,3.0,1,0,0,0,0,0,0,0,0,0,0,0,0,0,0,1,0
19968,2015100701,1901.0,1900.0,67,67301,39.9722,-75.2449,0,0,0,0,0,0,4,9,2015,2,99.0,4.0,0,1.0,3,1,3,  ,2,3.0,0,0,1,0,0,0,0,0,0,0,0,0,0,0,0,0,0
19969,2015100707,1552.0,1549.0,6,6301,40.3352,-75.9181,0,0,0,0,0,0,4,10,2015,5,15.0,1.0,0,9.0,3,1,7,  ,2,3.0,1,0,1,0,0,0,0,0,0,0,0,0,0,0,0,0,1
19970,2015100819,1746.0,1737.0,2,2301,40.4655,-79.9464,0,0,0,0,0,0,2,10,2015,5,17.0,1.0,0,1.0,3,1,3,  ,2,3.0,0,0,0,0,0,0,0,0,0,0,0,0,0,0,0,1,0
19971,2015100875,2146.0,2143.0,36,36301,40.0395,-76.306,0,0,0,0,0,0,4,9,2015,1,21.0,3.0,0,1.0,3,1,3,  ,2,3.0,1,0,1,0,0,1,0,0,0,0,0,1,0,0,0,0,0
19972,2015101084,1035.0,1030.0,22,22101,40.2789,-76.8369,0,0,0,0,0,0,4,9,2015,5,10.0,1.0,0,1.0,3,1,03,  ,2,3.0,0,0,1,0,0,0,0,0,0,0,0,0,0,0,0,0,0
19973,2015101148,1524.0,1519.0,66,66217,40.0318,-76.742,0,0,0,1,0,0,6,9,2015,3,15.0,1.0,0,9.0,3,0,07,  ,0,0.0,0,0,0,0,1,0,0,0,0,0,0,0,0,0,0,0,0
19974,2015101314,810.0,752.0,36,36301,40.0326,-76.3123,0,0,0,0,0,1,4,9,2015,3,7.0,1.0,0,1.0,3,1,03,  ,3,3.0,1,0,1,0,0,0,0,0,0,0,0,0,1,0,0,0,0
19975,2015101666,1942.0,1920.0,5,5201,40.023,-78.4855,0,0,0,0,0,0,5,9,2015,4,18.0,4.0,0,1.0,1,0,03,  ,0,0.0,0,0,0,0,0,0,0,0,0,0,0,0,0,0,0,0,0
19976,2015101873,1831.0,1830.0,22,22301,40.2615,-76.8576,0,0,0,0,1,0,4,9,2015,4,18.0,4.0,0,1.0,3,3,03,  ,3,3.0,0,0,1,0,0,1,0,0,0,0,0,0,0,0,0,0,0
19977,2015101974,1905.0,1902.0,67,67301,40.039,-75.0563,0,0,0,0,1,0,4,9,2015,3,18.0,4.0,0,1.0,3,1,03,  ,2,3.0,0,0,1,0,0,0,0,0,0,0,0,0,0,0,0,0,0
19978,2015101989,753.0,749.0,67,67301,39.9608,-75.2247,0,0,0,0,0,0,4,9,2015,5,7.0,1.0,0,1.0,3,2,03,  ,0,0.0,0,0,1,0,0,0,0,0,0,0,0,0,0,0,0,0,0
19979,2015101997,2057.0,2057.0,67,67301,39.9939,-75.1241,0,0,0,0,0,0,4,9,2015,5,20.0,1.0,0,1.0,3,0,03,  ,0,0.0,0,0,1,0,0,0,0,0,0,0,0,0,0,0,0,0,0
19980,2015102004,1713.0,1711.0,67,67301,39.9283,-75.1806,0,0,0,0,0,0,4,9,2015,6,17.0,1.0,0,1.0,3,1,03,  ,3,3.0,1,0,1,0,0,0,0,0,0,0,0,0,0,0,0,0,0
19981,2015102128,1948.0,1946.0,39,39302,40.6252,-75.388,0,0,0,0,0,0,2,10,2015,2,19.0,3.0,0,1.0,3,2,03,  ,0,0.0,1,0,0,0,0,0,0,0,0,0,0,0,0,0,0,0,0
19982,2015102381,1150.0,1147.0,67,67301,39.956,-75.1606,0,0,0,0,0,0,4,9,2015,2,11.0,1.0,0,1.0,3,1,03,  ,2,3.0,0,0,1,0,0,0,0,0,0,0,0,0,0,0,0,0,0
19983,2015102402,1700.0,1651.0,67,67301,39.9534,-75.1651,0,0,0,0,0,1,5,9,2015,1,16.0,1.0,0,1.0,3,0,03,  ,0,0.0,0,0,0,0,0,0,0,0,0,0,0,0,0,0,0,0,0
19984,2015102630,1909.0,1909.0,2,2301,40.4381,-79.954,0,0,0,0,0,0,4,10,2015,3,19.0,3.0,0,1.0,3,1,03,  ,2,3.0,0,0,1,0,0,0,0,0,0,0,0,0,0,0,0,0,0
19985,2015102787,1625.0,1619.0,9,9226,40.2285,-75.1113,0,0,0,0,0,0,8,10,2015,1,16.0,1.0,0,1.0,3,2,03,  ,0,0.0,1,0,0,0,0,0,0,0,0,0,0,0,0,0,0,0,1
19986,2015102819,1645.0,1640.0,36,36211,40.0812,-76.5834,0,0,0,0,0,0,4,9,2015,4,16.0,1.0,0,1.0,1,2,03,  ,3,3.0,0,0,1,0,0,0,0,0,0,0,0,0,0,0,0,0,0
19987,2015102873,2130.0,2127.0,67,67301,40.0335,-75.1771,0,0,0,0,0,0,3,9,2015,2,21.0,3.0,0,1.0,3,0,03,  ,0,0.0,0,0,0,0,0,0,0,0,0,0,0,0,0,0,0,0,0
19988,2015102874,1800.0,1757.0,67,67301,39.9667,-75.2111,0,0,0,0,0,1,4,9,2015,1,17.0,1.0,0,1.0,3,1,03,  ,2,3.0,0,0,1,0,0,0,0,0,0,0,0,0,0,0,0,0,0
19989,2015103027,1400.0,1354.0,66,66413,39.7995,-76.9848,0,0,0,0,1,0,4,9,2015,6,13.0,1.0,0,1.0,2,1,03,  ,3,3.0,1,0,1,0,0,0,0,0,0,0,0,0,0,0,0,0,0
19990,2015103068,2339.0,2335.0,36,36101,40.0608,-76.3049,0,0,0,0,0,0,1,9,2015,3,23.0,2.0,0,9.0,3,1,07,  ,3,3.0,1,0,0,0,0,0,0,0,0,0,0,0,0,1,0,0,0
19991,2015103073,2024.0,2024.0,2,2481,40.5953,-80.0743,0,0,0,0,0,0,4,10,2015,4,18.0,1.0,0,1.0,3,0,03,  ,0,0.0,0,0,1,0,0,1,0,0,0,0,0,0,0,0,0,0,0
19992,2015103204,1721.0,1712.0,39,39211,40.5592,-75.4071,0,0,0,0,0,0,5,10,2015,4,17.0,1.0,0,1.0,1,1,03,  ,2,3.0,0,0,0,0,0,0,0,0,0,0,0,0,0,0,0,0,0
19993,2015103244,2203.0,2159.0,2,2301,40.438,-79.9194,0,0,0,0,0,0,4,10,2015,4,21.0,3.0,0,1.0,3,1,03,  ,2,3.0,0,0,1,0,0,0,0,0,0,0,0,0,0,0,0,1,0
19994,2015103288,1154.0,1154.0,67,67301,39.9321,-75.1529,0,0,0,0,0,0,5,9,2015,2,11.0,1.0,0,1.0,3,0,03,  ,0,0.0,0,0,0,0,0,0,0,0,0,0,0,0,0,0,0,0,0
19995,2015103311,1327.0,1319.0,67,67301,40.0138,-75.073,0,0,0,0,0,0,5,9,2015,2,13.0,1.0,0,1.0,3,0,03,  ,0,0.0,0,0,0,0,0,0,0,0,1,0,0,0,0,0,0,0,0
19996,2015103324,1336.0,1334.0,67,67301,39.9611,-75.1547,0,0,0,0,0,0,5,9,2015,5,13.0,1.0,0,1.0,3,0,03,  ,0,0.0,0,0,0,0,0,0,0,0,0,0,0,0,0,0,0,0,0
19997,2015103325,1920.0,1917.0,67,67301,40.1017,-74.9726,0,0,0,0,0,0,8,9,2015,4,19.0,3.0,0,1.0,3,0,03,  ,0,0.0,0,0,0,0,0,0,0,0,0,0,0,0,0,0,0,0,0
19998,2015103337,1927.0,1922.0,67,67301,39.9958,-75.1811,0,0,0,0,0,0,4,9,2015,6,18.0,1.0,0,1.0,3,1,03,  ,0,0.0,0,0,1,0,0,0,0,0,0,0,0,0,0,0,0,0,0
19999,2015103352,2016.0,2014.0,67,67301,39.9981,-75.0986,0,0,0,0,0,0,4,9,2015,3,20.0,3.0,0,1.0,3,2,03,  ,0,0.0,0,0,1,0,0,0,0,0,0,0,0,0,0,0,0,0,0
20000,2015103364,1735.0,1724.0,67,67301,40.0314,-75.1548,0,0,0,0,0,0,4,9,2015,5,17.0,4.0,0,1.0,3,1,10,  ,2,3.0,0,0,1,0,0,0,0,0,0,0,0,0,0,0,0,0,1
20001,2015103388,2131.0,2130.0,67,67301,39.9356,-75.2259,0,0,0,0,0,0,4,7,2015,5,21.0,3.0,0,1.0,3,1,03,  ,2,3.0,0,0,1,0,0,0,0,0,0,0,0,0,0,0,0,0,0
20002,2015103418,2013.0,2011.0,67,67301,40.0077,-75.1515,0,0,0,0,0,0,4,9,2015,7,19.0,3.0,0,1.0,3,1,98,  ,2,3.0,1,0,1,0,0,0,0,0,0,0,0,1,0,0,0,0,0
20003,2015103438,1835.0,1830.0,67,67301,39.971,-75.215,0,0,0,0,0,0,4,9,2015,7,18.0,1.0,0,1.0,3,3,03,  ,0,0.0,0,0,1,0,0,0,0,0,0,0,0,0,0,0,0,0,0
20004,2015103462,2002.0,2000.0,67,67301,39.9722,-75.1515,0,0,0,0,0,1,4,9,2015,5,19.0,3.0,0,1.0,3,2,03,  ,0,0.0,0,0,1,0,0,0,0,0,0,0,0,0,0,0,0,0,0
20005,2015103473,1732.0,1730.0,6,6301,40.349,-75.9436,0,0,0,0,0,1,4,10,2015,5,17.0,1.0,0,1.0,3,1,03,  ,0,0.0,0,0,1,0,0,0,0,0,0,0,0,0,0,0,0,0,0
20006,2015103575,1807.0,1806.0,25,25302,42.0967,-80.0818,0,0,0,0,0,0,4,10,2015,5,18.0,1.0,0,1.0,3,0,03,  ,0,0.0,0,0,1,0,0,0,0,0,0,0,0,0,0,0,0,0,0
20007,2015103731,1150.0,1149.0,28,28401,39.9369,-77.6568,0,0,0,0,0,0,4,10,2015,3,11.0,1.0,7,1.0,1,0,03,  ,0,0.0,0,0,1,0,0,0,0,0,0,0,0,0,0,0,0,1,0
20008,2015103766,815.0,811.0,36,36301,40.0615,-76.3218,0,0,0,0,0,0,4,10,2015,6,8.0,1.0,7,1.0,3,0,03,  ,0,0.0,1,0,1,0,0,0,0,0,0,0,0,0,0,0,0,0,0
20009,2015103807,16.0,9.0,67,67301,39.9536,-75.165,0,0,0,0,0,1,4,9,2015,6,0.0,3.0,0,1.0,3,1,03,  ,2,3.0,0,0,1,0,0,0,0,0,0,0,0,0,0,0,0,0,0
20010,2015104323,1830.0,1830.0,39,39301,40.6016,-75.4799,0,0,0,0,0,0,1,10,2015,3,12.0,1.0,0,98.0,3,0,99,  ,0,0.0,0,0,0,0,0,0,0,0,0,0,0,0,0,0,0,0,0
20011,2015104339,1107.0,1107.0,23,23107,,,0,0,0,0,0,1,4,10,2015,1,11.0,1.0,0,1.0,3,2,03,  ,3,3.0,0,0,1,0,0,0,0,0,0,0,0,0,0,0,0,0,0
20012,2015104364,1530.0,1520.0,2,2301,40.4385,-80.0023,0,0,0,0,0,0,4,10,2015,1,15.0,1.0,0,1.0,3,0,03,  ,0,0.0,0,0,1,0,0,0,0,0,0,0,0,0,0,0,0,0,0
20013,2015104618,1118.0,1117.0,22,22301,40.2811,-76.8883,0,0,0,0,0,1,4,10,2015,4,11.0,1.0,0,1.0,3,1,03,  ,2,3.0,0,0,1,0,0,0,0,0,0,0,0,0,0,0,0,1,0
20014,2015104661,628.0,625.0,46,46205,40.2115,-75.5442,0,0,0,0,0,0,5,9,2015,4,6.0,2.0,0,1.0,1,0,03,  ,0,0.0,0,0,0,0,0,0,0,0,0,0,0,0,0,0,0,0,0
20015,2015104800,2121.0,2120.0,66,66424,39.8972,-76.6121,0,0,0,0,0,1,8,8,2015,6,21.0,3.0,0,1.0,3,3,03,  ,3,3.0,0,0,0,0,0,0,0,0,0,0,0,0,0,0,0,0,0
20016,2015104859,2037.0,2036.0,46,46411,40.2449,-75.2882,0,0,0,0,0,1,4,10,2015,2,20.0,3.0,0,1.0,3,1,03,  ,3,3.0,0,0,1,0,0,0,0,0,0,0,0,0,0,0,0,0,0
20017,2015104867,2218.0,2217.0,35,35302,41.3944,-75.6734,0,0,0,0,0,0,4,10,2015,2,22.0,3.0,0,1.0,3,1,03,  ,0,0.0,0,0,1,0,0,0,0,0,0,0,0,0,0,0,0,0,0
20018,2015105061,1234.0,1232.0,39,39103,40.5892,-75.5607,0,0,0,0,0,1,4,10,2015,6,12.0,1.0,0,9.0,1,0,03,  ,0,0.0,0,0,1,0,0,0,0,0,0,0,0,0,0,0,0,0,0
20019,2015105125,1040.0,1040.0,67,67301,39.9379,-75.1667,0,0,0,0,0,0,4,9,2015,4,10.0,1.0,0,1.0,3,1,03,  ,2,3.0,1,0,1,0,0,0,0,0,0,0,0,0,0,0,0,0,0
20020,2015105138,1720.0,1714.0,67,67301,39.9665,-75.2139,0,0,0,0,0,0,4,9,2015,6,15.0,1.0,0,1.0,3,0,03,  ,0,0.0,0,0,1,0,0,0,0,0,0,0,0,0,0,0,0,0,0
20021,2015105131,1025.0,1019.0,67,67301,40.0576,-75.0773,0,0,0,0,0,1,4,9,2015,6,10.0,1.0,0,1.0,3,0,03,  ,0,0.0,0,0,1,0,0,0,0,0,0,0,0,0,0,0,0,0,0
20022,2015105142,1906.0,1906.0,67,67301,39.9248,-75.173,0,0,0,0,0,0,5,9,2015,3,19.0,1.0,0,1.0,3,5,03,  ,2,3.0,0,0,0,0,0,0,0,0,0,0,0,0,0,0,0,0,0
20023,2015105143,9999.0,9999.0,67,67301,39.9705,-75.1368,0,0,0,0,0,1,4,9,2015,6,17.0,1.0,0,1.0,3,1,03,  ,0,0.0,0,0,1,0,0,0,0,0,0,0,0,0,0,0,0,0,0
20024,2015105291,1840.0,1830.0,2,2301,40.4477,-79.9389,0,0,0,0,0,1,1,10,2015,3,18.0,3.0,0,1.0,3,2,03,  ,0,0.0,0,0,0,0,0,0,0,0,0,0,0,0,0,0,0,0,0
20025,2015105314,1621.0,1619.0,38,38102,40.3445,-76.4415,0,0,0,0,1,0,4,10,2015,2,16.0,1.0,0,1.0,2,1,03,  ,3,3.0,1,0,1,0,0,0,0,0,0,0,0,0,0,0,0,0,0
20026,2015105345,1910.0,1908.0,46,46106,40.244,-75.6093,0,0,0,0,0,1,4,10,2015,1,19.0,2.0,0,9.0,2,1,03,  ,2,3.0,0,0,1,0,0,0,0,0,0,0,0,0,0,0,0,1,0
20027,2015105514,1607.0,1604.0,39,39301,40.6162,-75.5259,0,0,0,0,0,0,1,10,2015,2,16.0,1.0,0,1.0,3,0,03,  ,0,0.0,1,0,0,0,0,0,0,0,0,0,0,0,0,0,0,0,0
20028,2015105542,2155.0,2149.0,67,67301,40.0246,-75.0573,0,0,0,0,0,0,4,9,2015,1,23.0,3.0,0,1.0,3,1,03,  ,2,3.0,1,0,1,0,0,0,0,0,0,0,0,1,0,0,0,0,0
20029,2015105578,1456.0,1446.0,39,39209,40.5787,-75.56,0,0,0,0,0,0,6,10,2015,3,14.0,1.0,0,1.0,1,0,03,  ,0,0.0,0,0,0,0,0,0,0,0,0,0,0,0,0,0,0,0,0
20030,2015105762,2142.0,2134.0,54,54208,40.8321,-76.8355,0,0,0,0,1,0,2,9,2015,5,21.0,3.0,7,1.0,1,10,03,  ,0,0.0,0,1,0,0,0,0,1,0,0,1,0,0,0,0,0,1,0
20031,2015105864,1045.0,1040.0,67,67301,39.9784,-75.1557,0,0,0,0,0,0,5,10,2015,5,10.0,1.0,0,1.0,3,0,03,  ,0,0.0,0,0,0,0,0,0,0,0,0,0,0,0,0,0,0,0,0
20032,2015105942,1546.0,1542.0,46,46225,40.1528,-75.3045,0,0,0,0,0,0,4,10,2015,5,15.0,1.0,0,1.0,3,2,03,  ,0,0.0,0,0,1,0,0,0,0,0,0,0,0,0,0,0,0,0,0
20033,2015105980,915.0,915.0,9,9403,40.3178,-75.1376,0,1,0,0,0,0,4,9,2015,4,9.0,1.0,0,1.0,3,2,03,  ,2,3.0,1,0,1,0,0,0,0,0,0,0,0,0,0,0,0,0,0
20034,2015106033,1912.0,1853.0,36,36224,39.8527,-76.2902,0,0,0,0,0,0,4,10,2015,1,18.0,4.0,0,1.0,1,2,03,  ,3,3.0,1,0,1,0,0,0,0,0,0,0,0,0,0,0,0,0,0
20035,2015106047,1311.0,1302.0,15,15243,39.9535,-75.7527,0,0,0,0,0,1,4,9,2015,1,13.0,1.0,0,1.0,1,1,03,  ,3,3.0,0,0,1,0,0,0,0,0,0,0,0,0,0,0,0,0,0
20036,2015106273,828.0,826.0,67,67301,39.979,-75.16,0,0,0,0,0,0,5,10,2015,6,8.0,1.0,0,1.0,3,0,03,  ,0,0.0,0,0,0,0,0,0,0,0,0,0,0,0,0,0,0,1,0
20037,2015106372,9999.0,9999.0,67,67301,39.9947,-75.1154,0,0,0,0,0,1,4,9,2015,3,99.0,1.0,7,1.0,3,0,03,  ,0,0.0,0,0,1,0,0,0,0,0,0,0,0,0,0,0,0,0,0
20038,2015106384,1409.0,1409.0,67,67301,39.9865,-75.1579,0,0,0,0,0,0,4,9,2015,2,14.0,1.0,0,1.0,3,1,03,  ,2,3.0,0,0,1,0,0,0,0,0,0,0,0,0,0,0,0,0,0
20039,2015106394,1709.0,1700.0,67,67301,39.9536,-75.1732,0,0,0,0,0,0,4,9,2015,3,17.0,1.0,0,1.0,3,1,03,  ,2,3.0,1,0,1,0,0,0,0,0,0,0,0,0,0,0,0,0,0
20040,2015106410,1455.0,1455.0,67,67301,39.9614,-75.2429,0,0,0,0,0,0,4,9,2015,4,14.0,1.0,0,1.0,3,1,03,  ,0,0.0,0,0,1,0,0,1,0,0,0,0,0,0,0,0,0,0,0
20041,2015106411,1247.0,1246.0,67,67301,40.0407,-75.0762,0,0,0,0,0,1,4,9,2015,5,12.0,1.0,0,1.0,3,1,03,  ,2,3.0,0,0,1,0,0,0,0,0,0,0,0,0,0,0,0,0,0
20042,2015106426,1927.0,1926.0,67,67301,39.9452,-75.1418,0,0,0,0,0,0,4,9,2015,7,19.0,3.0,7,1.0,3,2,03,  ,2,3.0,0,0,1,0,0,0,0,0,0,0,0,0,0,0,0,1,0
20043,2015106443,1625.0,1623.0,67,67301,39.9979,-75.0885,0,0,0,0,0,1,6,9,2015,3,16.0,1.0,0,1.0,3,0,03,  ,0,0.0,0,0,0,0,0,0,0,0,0,0,0,0,0,0,0,0,0
20044,2015106446,1325.0,1318.0,67,67301,39.9625,-75.1681,0,0,0,0,0,0,4,9,2015,3,13.0,1.0,0,1.0,3,0,03,  ,0,0.0,0,0,1,0,0,0,0,0,0,0,0,0,0,0,0,0,0