,CRN,ARRIVAL_TM,DISPATCH_TM,COUNTY,MUNICIPALITY,DEC_LAT,DEC_LONG,BICYCLE_DEATH_COUNT,BICYCLE_SUSP_SERIOUS_INJ_COUNT,BUS_COUNT,HEAVY_TRUCK_COUNT,SMALL_TRUCK_COUNT,SUV_COUNT,COLLISION_TYPE,CRASH_MONTH,CRASH_YEAR,DAY_OF_WEEK,HOUR_OF_DAY,ILLUMINATION,LOCATION_TYPE,ROAD_CONDITION,URBAN_RURAL,INTERSECT_TYPE,WEATHER1,WEATHER2,TCD_TYPE,TCD_FUNC_CD,AGGRESSIVE_DRIVING,ALCOHOL_RELATED,ANGLE_CRASH,CELL_PHONE,COMM_VEHICLE,DISTRACTED,DRINKING_DRIVER,DRUGGED_DRIVER,FATIGUE_ASLEEP,IMPAIRED_DRIVER,NHTSA_AGG_DRIVING,RUNNING_RED_LT,RUNNING_STOP_SIGN,SPEEDING_RELATED,TAILGATING,MATURE_DRIVER,YOUNG_DRIVER
20045,2015106466,1253.0,1250.0,67,67301,40.0581,-74.9983,0,0,0,0,0,0,4,9,2015,1,12.0,1.0,0,1.0,3,2,03,  ,2,3.0,0,0,1,0,0,0,0,0,0,0,0,0,0,0,0,1,0
20046,2015106473,1823.0,1818.0,67,67301,39.9982,-75.1314,0,0,0,0,0,1,5,9,2015,3,18.0,1.0,0,1.0,3,0,03,  ,0,0.0,0,0,0,0,0,0,0,0,0,0,0,0,0,0,0,0,0
20047,2015106487,1918.0,1914.0,15,15204,40.0213,-75.7635,0,1,0,0,0,0,8,9,2015,2,19.0,2.0,0,1.0,1,1,03,  ,3,3.0,1,0,0,0,0,0,0,0,0,0,1,0,1,1,0,0,0
20048,2015106617,1701.0,1654.0,39,39103,40.6024,-75.5834,0,0,0,0,0,0,5,10,2015,5,16.0,1.0,0,1.0,1,0,03,  ,0,0.0,0,1,0,0,0,0,1,0,0,1,0,0,0,0,0,0,0
20049,2015107003,642.0,636.0,36,36238,40.1389,-76.2223,0,0,0,0,1,0,4,10,2015,3,6.0,2.0,0,1.0,3,1,03,  ,3,3.0,1,0,1,0,0,0,0,0,0,0,1,0,0,0,0,0,0
20050,2015107095,1740.0,1735.0,39,39301,40.6117,-75.4768,0,0,0,0,0,0,4,10,2015,1,17.0,1.0,0,1.0,3,2,03,  ,0,0.0,1,0,1,0,0,0,0,0,0,0,0,0,0,0,0,0,0
20051,2015107276,1537.0,1533.0,46,46416,40.2483,-75.6436,0,0,0,0,1,0,4,10,2015,4,15.0,1.0,0,1.0,2,1,03,  ,3,3.0,0,0,1,0,0,0,0,0,0,0,0,0,0,0,0,0,0
20052,2015107375,705.0,657.0,22,22301,40.263,-76.8787,0,0,1,0,0,0,1,9,2015,2,6.0,1.0,0,9.0,3,2,07,  ,2,3.0,0,0,0,0,1,1,0,0,0,0,0,0,0,0,0,1,0
20053,2015107432,1116.0,1102.0,67,67301,39.9673,-75.172,0,0,0,0,0,0,1,9,2015,4,10.0,1.0,0,9.0,3,2,07,  ,0,0.0,0,0,0,0,0,0,0,0,0,0,0,0,0,0,0,0,0
20054,2015107850,1524.0,1524.0,46,46408,40.1686,-75.1104,0,0,0,0,0,0,4,10,2015,7,15.0,1.0,0,1.0,3,0,03,  ,0,0.0,0,0,1,0,0,0,0,0,0,0,0,0,0,0,0,0,0
20055,2015108044,1758.0,1743.0,59,59201,40.9336,-77.0326,0,1,0,0,0,0,1,10,2015,2,17.0,1.0,0,1.0,1,0,03,  ,0,0.0,1,0,0,0,0,0,0,0,0,0,0,0,0,1,0,0,0
20056,2015108180,538.0,534.0,1,1204,39.8395,-77.2554,0,0,0,0,0,0,5,10,2015,3,5.0,2.0,0,1.0,1,0,03,  ,0,0.0,0,0,0,0,0,0,0,0,0,0,0,0,0,0,0,0,0
20057,2015108184,930.0,926.0,46,46211,40.226,-75.242,0,1,0,0,0,0,4,10,2015,7,9.0,1.0,0,1.0,1,1,03,  ,2,3.0,1,0,1,0,0,0,0,0,0,0,1,0,0,0,0,0,0
20058,2015108246,942.0,938.0,9,9203,40.5658,-75.1004,0,0,0,0,1,0,4,10,2015,5,9.0,1.0,0,1.0,1,0,03,  ,0,0.0,1,0,1,0,0,0,0,0,0,0,0,0,0,0,0,0,1
20059,2015108374,1612.0,1612.0,25,25302,42.1235,-80.0812,0,0,0,0,0,0,4,10,2015,4,16.0,1.0,0,1.0,3,1,03,  ,2,3.0,0,0,1,0,0,0,0,0,0,0,0,0,0,0,0,0,0
20060,2015108586,13.0,11.0,4,4423,40.7365,-80.307,0,0,0,0,0,0,4,10,2015,3,0.0,3.0,0,1.0,3,1,03,  ,2,3.0,0,0,1,0,0,0,0,0,0,0,0,0,0,0,0,0,0
20061,2015108658,1852.0,1829.0,53,53221,40.5428,-76.3827,0,0,0,0,0,0,6,10,2015,2,18.0,4.0,0,1.0,1,0,03,  ,0,0.0,0,0,0,0,0,1,0,0,0,0,0,0,0,0,0,0,0
20062,2015108903,1651.0,1637.0,6,6423,40.5009,-75.6965,0,0,0,0,0,0,2,10,2015,4,16.0,1.0,0,1.0,1,2,03,  ,0,0.0,0,0,0,0,0,0,0,0,0,0,0,0,0,0,0,0,0
20063,2015108967,1459.0,1458.0,19,19501,40.9922,-76.4543,0,0,0,0,0,0,4,10,2015,3,14.0,1.0,0,1.0,2,0,03,  ,0,0.0,0,0,1,0,0,1,0,0,0,0,0,0,0,0,0,0,0
20064,2015109234,1206.0,1205.0,67,67301,39.9574,-75.1571,0,0,0,0,0,0,4,10,2015,2,12.0,1.0,3,1.0,3,1,03,  ,2,3.0,1,0,1,0,0,0,0,0,0,0,0,1,0,0,0,0,0
20065,2015109238,1910.0,1910.0,67,67301,40.0376,-75.138,0,0,0,0,0,1,4,10,2015,4,18.0,3.0,0,1.0,3,1,03,  ,2,3.0,1,0,1,0,0,0,0,0,0,0,0,0,0,0,0,0,0
20066,2015109269,650.0,649.0,67,67301,39.9951,-75.1274,0,0,0,0,0,0,4,10,2015,2,6.0,1.0,0,1.0,3,1,03,  ,0,0.0,0,0,1,0,0,1,0,0,0,0,0,0,0,0,0,0,0
20067,2015109270,1030.0,1030.0,67,67301,39.9908,-75.1309,0,0,0,0,1,0,4,10,2015,3,7.0,1.0,0,1.0,3,1,03,  ,2,3.0,0,0,1,0,0,0,0,0,0,0,0,0,0,0,0,0,0
20068,2015109285,1533.0,1533.0,67,67301,39.9526,-75.1781,0,0,0,0,0,0,4,10,2015,1,15.0,1.0,0,1.0,3,1,03,  ,2,3.0,0,0,1,0,0,1,0,0,0,0,0,0,0,0,0,0,0
20069,2015109309,2020.0,2016.0,67,67301,40.016,-75.1296,0,0,0,0,1,0,5,10,2015,7,15.0,1.0,7,1.0,3,0,03,  ,0,0.0,0,0,0,0,0,0,0,0,0,0,0,0,0,0,0,0,0
20070,2015109317,1158.0,1155.0,67,67301,39.9921,-75.1096,0,0,0,0,0,0,4,10,2015,5,11.0,1.0,0,1.0,3,2,03,  ,3,3.0,1,0,1,0,0,0,0,0,0,0,0,0,0,0,0,0,0
20071,2015109319,1335.0,1330.0,67,67301,39.977,-75.1782,0,0,0,0,0,0,4,10,2015,7,12.0,1.0,0,9.0,3,1,03,  ,2,3.0,0,0,1,0,0,0,0,0,0,0,0,0,0,0,0,0,0
20072,2015109323,1320.0,1320.0,67,67301,39.9617,-75.1575,0,0,0,0,0,0,5,10,2015,5,12.0,1.0,0,1.0,3,1,03,  ,2,3.0,0,0,0,0,0,0,0,0,0,0,0,0,0,0,0,0,0
20073,2015109507,1800.0,1730.0,2,2301,40.4438,-79.9513,1,0,0,0,0,2,1,10,2015,6,16.0,1.0,0,1.0,3,0,03,  ,2,3.0,0,0,0,0,0,0,0,1,0,1,0,0,0,0,0,0,0
20074,2015109893,1852.0,1850.0,40,40414,41.2677,-75.8847,0,0,0,0,0,1,4,10,2015,7,18.0,3.0,0,1.0,3,1,3,  ,3,3.0,0,0,1,0,0,0,0,0,0,0,0,0,0,0,0,0,0
20075,2015110097,734.0,728.0,9,9210,40.3597,-75.202,0,0,0,0,0,0,2,10,2015,5,7.0,1.0,0,1.0,3,2,3,  ,3,3.0,1,0,0,0,0,0,0,0,0,0,1,0,0,0,0,1,0
20076,2015110144,102.0,2336.0,43,43406,41.4877,-80.4409,0,1,0,0,0,0,5,10,2015,3,22.0,2.0,0,9.0,1,0,7,05,0,0.0,0,1,0,0,0,0,0,0,0,0,0,0,0,0,0,0,0
20077,2015110233,1451.0,1446.0,2,2301,40.4361,-79.9645,0,0,0,0,0,0,1,10,2015,5,14.0,1.0,0,1.0,3,0,3,  ,0,0.0,1,0,0,0,0,0,0,0,0,0,0,0,0,0,0,0,0
20078,2015110341,9999.0,9999.0,67,67301,39.9671,-75.1609,0,0,0,0,0,0,4,10,2015,1,20.0,6.0,0,1.0,3,1,3,  ,2,3.0,1,0,1,0,0,0,0,0,0,0,0,0,0,0,0,0,0
20079,2015110344,1325.0,1319.0,67,67301,39.9472,-75.1666,0,0,0,0,0,0,5,10,2015,4,13.0,1.0,0,1.0,3,0,3,  ,0,0.0,0,0,0,0,0,0,0,0,0,0,0,0,0,0,0,0,0
20080,2015110463,1543.0,1536.0,6,6419,40.5021,-75.9645,0,0,0,0,1,0,4,10,2015,4,15.0,1.0,0,1.0,1,0,3,  ,0,0.0,0,0,1,0,0,0,0,0,0,0,0,0,0,0,0,0,0
20081,2015110685,1317.0,1312.0,9,9101,40.1397,-74.8351,0,0,0,0,0,0,4,10,2015,7,13.0,1.0,0,1.0,3,2,3,  ,3,3.0,0,0,1,0,0,0,0,0,0,0,0,0,0,0,0,0,0
20082,2015111160,1659.0,1657.0,46,46104,40.0035,-75.2675,0,0,0,0,1,0,4,10,2015,4,16.0,1.0,0,1.0,3,2,3,  ,2,3.0,1,0,1,0,0,0,0,0,0,0,0,0,0,0,0,1,0
20083,2015111161,1623.0,1622.0,46,46104,40.0061,-75.2843,0,0,0,0,0,0,4,10,2015,2,16.0,1.0,0,1.0,3,2,3,  ,0,0.0,0,0,1,0,0,0,0,0,0,0,0,0,0,0,0,0,0
20084,2015111631,730.0,726.0,48,48212,40.7369,-75.2815,0,0,0,0,0,0,5,10,2015,5,7.0,1.0,0,1.0,3,0,3,  ,0,0.0,1,0,0,0,0,0,0,0,0,0,0,0,0,0,0,0,0
20085,2015111703,1541.0,1538.0,39,39301,40.6135,-75.4802,0,0,0,0,0,0,4,10,2015,5,15.0,1.0,0,1.0,3,1,3,  ,3,3.0,0,0,1,0,0,0,0,0,0,0,0,0,0,0,0,0,0
20086,2015111709,2230.0,2220.0,2,2301,40.4377,-80.0002,0,0,0,0,0,0,8,10,2015,2,22.0,3.0,0,1.0,3,1,3,  ,2,3.0,1,0,0,0,0,0,0,0,0,0,0,1,0,0,0,1,0
20087,2015111782,628.0,620.0,23,23204,39.8529,-75.5391,0,1,0,0,0,0,1,10,2015,5,6.0,2.0,0,1.0,3,0,3,  ,0,0.0,0,0,0,0,0,0,0,0,0,0,0,0,0,0,0,0,0
20088,2015111885,1215.0,1215.0,36,36301,40.0411,-76.3063,0,1,0,0,0,0,4,10,2015,5,12.0,1.0,0,1.0,3,1,3,  ,2,3.0,0,0,1,0,0,0,0,0,0,0,0,0,0,0,0,0,0
20089,2015112092,2105.0,2105.0,67,67301,39.9557,-75.1662,0,0,0,0,0,0,4,10,2015,2,13.0,1.0,0,98.0,3,1,99,  ,2,9.0,1,0,1,0,0,0,0,0,0,0,0,0,0,0,0,0,0
20090,2015112117,318.0,318.0,67,67301,39.9433,-75.2109,0,1,0,0,1,0,4,9,2015,2,3.0,3.0,0,1.0,3,1,3,  ,2,3.0,0,0,1,0,0,0,0,0,0,0,0,0,0,0,0,0,0
20091,2015112167,1920.0,1907.0,67,67301,40.0134,-75.1224,0,0,0,0,0,1,4,10,2015,3,18.0,1.0,0,1.0,3,2,3,  ,3,3.0,1,0,1,0,0,0,0,0,0,0,0,0,0,0,0,0,0
20092,2015112187,1828.0,1822.0,67,67301,39.9626,-75.163,0,0,0,0,0,0,4,10,2015,6,17.0,4.0,0,9.0,3,1,7,  ,2,3.0,0,0,1,0,0,0,0,0,0,0,0,0,0,0,0,0,0
20093,2015112198,1616.0,1611.0,9,9225,40.1847,-75.0506,0,0,0,0,1,0,6,10,2015,4,16.0,1.0,0,1.0,3,1,3,  ,0,0.0,0,0,0,0,0,0,0,0,0,0,0,0,0,0,0,0,1
20094,2015112506,2139.0,2136.0,36,36301,40.0388,-76.3048,0,0,0,0,0,0,2,10,2015,5,21.0,3.0,0,1.0,3,0,3,  ,0,0.0,0,1,0,0,0,0,0,0,0,0,0,0,0,0,0,0,0
20095,2015112587,2150.0,2149.0,6,6427,40.3348,-75.9412,0,0,0,0,0,0,4,10,2015,5,21.0,3.0,2,1.0,3,7,3,  ,3,3.0,0,1,1,0,0,0,0,0,0,0,0,0,0,0,0,0,0
20096,2015112684,1838.0,1835.0,40,40414,41.2559,-75.8916,0,0,0,0,0,1,4,10,2015,5,18.0,3.0,0,1.0,3,1,3,  ,2,3.0,0,0,1,0,0,0,0,0,0,0,0,0,0,0,0,0,0
20097,2015113013,1550.0,1548.0,22,22301,40.2697,-76.8707,0,0,0,0,0,0,4,10,2015,6,15.0,1.0,0,1.0,3,2,3,  ,0,0.0,1,0,1,0,0,0,0,0,0,0,0,0,0,0,0,0,0
20098,2015113112,1555.0,1551.0,46,46208,40.1706,-75.442,0,0,0,0,0,1,4,10,2015,5,15.0,1.0,0,1.0,3,2,3,  ,3,3.0,1,0,1,0,0,0,0,0,0,0,0,0,0,0,0,0,0
20099,2015113161,859.0,859.0,48,48301,40.613,-75.3841,0,0,0,0,0,1,4,10,2015,3,8.0,1.0,0,1.0,3,0,3,  ,0,0.0,0,0,1,0,0,0,0,0,0,0,0,0,0,0,0,0,0
20100,2015113173,132.0,122.0,67,67301,39.9992,-75.1535,0,0,0,0,0,0,1,10,2015,2,0.0,3.0,0,1.0,3,0,3,  ,0,0.0,0,0,0,0,0,0,0,0,0,0,0,0,0,0,0,0,0
20101,2015114006,717.0,711.0,2,2301,40.4689,-79.9215,0,0,0,0,0,0,5,11,2015,4,7.0,1.0,0,1.0,3,0,3,  ,0,0.0,1,0,0,0,0,0,0,0,0,0,0,0,0,0,0,0,0
20102,2015114108,10.0,5.0,67,67301,39.9313,-75.1752,0,0,0,0,0,0,5,10,2015,1,15.0,1.0,0,1.0,3,0,3,  ,0,0.0,0,0,0,0,0,0,0,0,0,0,0,0,0,0,0,0,0
20103,2015114504,1300.0,1250.0,14,14410,40.7924,-77.8586,0,0,0,0,0,0,1,11,2015,5,12.0,1.0,0,1.0,3,0,3,  ,0,0.0,0,0,0,0,0,0,0,0,0,0,0,0,0,0,0,0,0
20104,2015114527,1902.0,1900.0,67,67301,39.9577,-75.1441,0,0,0,0,0,1,4,10,2015,3,19.0,3.0,0,1.0,3,0,3,  ,0,0.0,0,0,1,0,0,0,0,0,0,0,0,0,0,0,0,0,0
20105,2015114529,900.0,846.0,67,67301,39.9693,-75.1719,0,0,0,0,0,0,5,10,2015,4,8.0,1.0,0,1.0,3,0,3,  ,0,0.0,0,0,0,0,0,0,0,0,0,0,0,0,0,0,0,0,0
20106,2015114546,9.0,4.0,67,67301,39.9521,-75.2056,0,0,0,0,0,0,4,9,2015,6,0.0,3.0,0,9.0,3,1,7,  ,2,3.0,1,0,1,0,0,0,0,0,0,0,0,0,0,0,0,0,0
20107,2015114547,1433.0,1433.0,67,67301,39.9514,-75.1991,0,0,0,0,0,0,4,9,2015,3,14.0,1.0,0,1.0,3,1,3,  ,2,3.0,0,0,1,0,0,0,0,0,0,0,0,0,0,0,0,0,1
20108,2015114549,1111.0,1110.0,67,67301,39.9535,-75.1853,0,0,0,0,0,0,5,9,2015,2,11.0,1.0,0,1.0,3,2,3,  ,2,3.0,0,0,0,1,0,1,0,0,0,0,0,0,0,0,0,0,0
20109,2015114552,2110.0,2107.0,67,67301,40.0508,-75.0655,0,0,0,0,0,0,4,10,2015,6,21.0,3.0,0,1.0,3,2,3,  ,3,3.0,0,0,1,0,0,0,0,0,0,0,0,0,0,0,0,0,0
20110,2015114589,1038.0,1033.0,67,67301,40.0687,-75.2404,0,0,0,0,0,1,4,10,2015,4,10.0,1.0,0,1.0,3,1,3,  ,2,3.0,0,0,1,0,0,1,0,0,0,0,0,0,0,0,0,0,0
20111,2015114590,1301.0,1259.0,67,67301,39.9593,-75.1599,0,0,0,0,0,1,5,10,2015,3,12.0,1.0,0,1.0,3,1,3,  ,2,3.0,0,0,0,0,0,0,0,0,0,0,0,0,0,0,0,0,0
20112,2015114591,1032.0,1030.0,67,67301,39.9619,-75.1412,0,0,0,0,0,0,4,10,2015,3,10.0,1.0,0,1.0,3,1,3,  ,2,3.0,1,0,1,0,0,0,0,0,0,0,0,0,0,0,0,0,0
20113,2015114934,1006.0,1001.0,2,2301,40.4645,-79.9677,0,0,0,0,0,0,2,11,2015,6,9.0,1.0,0,9.0,3,1,7,  ,0,0.0,0,0,0,0,0,0,0,0,0,0,0,0,0,0,0,0,0
20114,2015114936,1015.0,1012.0,15,15215,40.0355,-75.4722,0,0,0,0,0,1,4,11,2015,6,10.0,1.0,0,1.0,3,2,3,  ,0,0.0,1,0,1,0,0,0,0,0,0,0,0,0,0,0,0,0,0
20115,2015115001,1610.0,1605.0,67,67301,39.97,-75.2082,0,0,0,0,0,0,4,10,2015,1,16.0,1.0,0,1.0,3,1,3,  ,3,3.0,1,0,1,0,0,1,0,0,0,0,0,0,1,0,0,0,0
20116,2015115012,905.0,903.0,67,67301,40.0222,-75.2183,0,0,0,0,0,0,4,10,2015,5,9.0,1.0,0,1.0,3,2,3,  ,2,3.0,0,0,1,0,0,0,0,0,0,0,0,0,0,0,0,1,0
20117,2015115030,1705.0,1700.0,67,67301,39.9555,-75.2136,0,0,0,0,0,1,4,9,2015,2,17.0,1.0,0,1.0,3,1,3,  ,2,3.0,0,0,1,0,0,0,0,0,0,0,0,0,0,0,0,0,0
20118,2015115031,530.0,528.0,67,67301,39.9592,-75.2333,0,0,0,0,0,1,4,9,2015,2,5.0,1.0,7,1.0,3,0,3,  ,0,0.0,0,0,1,0,0,0,0,0,0,0,0,0,0,0,0,1,0
20119,2015115041,940.0,935.0,67,67301,39.9642,-75.1798,0,0,0,0,0,0,5,10,2015,5,9.0,1.0,6,1.0,3,3,3,  ,2,3.0,0,0,0,0,0,0,0,0,0,0,0,0,0,0,0,0,0
20120,2015115052,1820.0,1814.0,67,67301,39.9533,-75.2263,0,0,0,0,0,0,5,9,2015,6,18.0,1.0,0,1.0,3,0,3,  ,0,0.0,0,0,0,0,0,0,0,0,0,0,0,0,0,0,0,0,0
20121,2015115094,1155.0,1145.0,67,67301,39.9367,-75.1669,0,0,0,0,0,0,4,10,2015,5,19.0,3.0,0,1.0,3,1,3,  ,2,3.0,0,0,1,0,0,0,0,0,0,0,0,0,0,0,0,0,0
20122,2015115114,835.0,831.0,67,67301,39.9558,-75.1915,0,0,0,0,0,0,4,10,2015,1,7.0,1.0,0,1.0,3,1,3,  ,2,3.0,1,0,1,0,0,0,0,0,0,0,0,0,0,0,0,0,0
20123,2015115734,1337.0,1333.0,14,14401,40.9159,-77.7698,0,0,0,0,0,0,4,11,2015,1,13.0,1.0,0,1.0,2,1,3,  ,3,3.0,0,0,1,0,0,0,0,0,0,0,0,0,0,0,0,0,0
20124,2015116155,1640.0,1638.0,67,67301,39.9308,-75.1938,0,0,0,0,0,0,5,10,2015,4,16.0,1.0,0,1.0,3,0,3,  ,0,0.0,0,0,0,0,0,0,0,0,0,0,0,0,0,0,0,0,0
20125,2015116179,1614.0,1610.0,46,46104,40.0106,-75.2579,0,0,0,0,0,0,4,10,2015,6,16.0,1.0,7,1.0,3,0,3,  ,3,3.0,1,0,1,0,0,0,0,0,0,0,0,0,0,0,0,1,0
20126,2015116537,702.0,700.0,23,23111,39.9554,-75.285,0,0,0,0,0,0,4,11,2015,3,7.0,1.0,7,9.0,3,2,7,  ,2,3.0,0,0,1,0,0,0,0,0,0,0,0,0,0,0,0,0,0
20127,2015116578,1200.0,1154.0,25,25302,42.1283,-80.068,0,0,0,0,0,0,4,11,2015,5,11.0,1.0,0,1.0,3,1,3,  ,2,3.0,1,0,1,0,0,0,0,0,0,0,0,1,0,0,0,0,0
20128,2015116580,1104.0,1100.0,35,35417,41.4745,-75.5708,0,0,0,0,0,1,4,11,2015,1,11.0,1.0,0,1.0,3,0,3,  ,0,0.0,0,0,1,0,0,0,0,0,0,0,0,0,0,0,0,0,0
20129,2015116851,1842.0,1837.0,66,66301,39.9818,-76.745,0,0,0,0,0,0,4,11,2015,3,18.0,3.0,0,9.0,3,1,7,  ,2,3.0,0,0,1,0,0,0,0,0,0,0,0,0,0,0,0,0,0
20130,2015117165,1544.0,1540.0,6,6103,40.3081,-75.9852,0,0,0,0,0,0,4,11,2015,4,15.0,1.0,0,1.0,1,0,3,  ,0,0.0,1,0,1,0,0,0,0,0,0,0,0,0,0,0,0,0,0
20131,2015117211,1530.0,1521.0,66,66101,39.9417,-76.704,0,0,0,0,0,0,4,11,2015,2,15.0,1.0,0,1.0,1,0,3,  ,0,0.0,1,0,1,0,0,0,0,0,0,0,0,0,0,0,0,0,0
20132,2015117330,2320.0,2319.0,48,48301,40.611,-75.3622,0,1,0,0,0,0,6,11,2015,4,23.0,3.0,0,1.0,3,0,3,  ,0,0.0,0,0,0,0,0,0,0,0,0,0,0,0,0,0,0,0,0
20133,2015117580,823.0,816.0,67,67301,39.9601,-75.1562,0,0,0,0,0,1,5,10,2015,4,8.0,1.0,0,9.0,3,0,7,  ,2,3.0,0,0,0,0,0,0,0,0,0,0,0,0,0,0,0,0,0
20134,2015117600,2214.0,2212.0,67,67301,39.9626,-75.2325,0,0,0,1,0,0,4,10,2015,6,22.0,3.0,0,1.0,3,1,3,  ,3,3.0,0,0,1,0,1,0,0,0,0,0,0,0,0,0,0,0,0
20135,2015117623,1224.0,1220.0,67,67301,39.9436,-75.2325,0,0,0,0,0,0,5,10,2015,1,11.0,1.0,0,1.0,3,0,3,  ,0,0.0,0,0,0,0,0,0,0,0,0,0,0,0,0,0,0,0,0
20136,2015117625,1034.0,1031.0,67,67301,39.9228,-75.1481,0,0,0,0,0,1,4,10,2015,5,10.0,1.0,0,1.0,3,1,3,  ,3,3.0,0,0,1,0,0,0,0,0,0,0,0,0,0,0,0,0,0
20137,2015117628,740.0,733.0,67,67301,40.0023,-75.2201,0,0,0,0,0,0,4,10,2015,4,6.0,1.0,0,1.0,3,1,3,  ,2,3.0,1,0,1,0,0,0,0,0,0,0,0,1,0,0,0,0,0
20138,2015117675,1919.0,1916.0,67,67301,39.9547,-75.1631,0,1,0,0,0,0,5,10,2015,5,9.0,1.0,0,1.0,3,0,3,  ,0,0.0,0,0,0,0,0,0,0,0,0,0,0,0,0,0,0,0,0
20139,2015117839,1716.0,1712.0,66,66208,40.1947,-76.8904,0,0,0,0,0,1,5,11,2015,5,17.0,2.0,0,1.0,1,0,3,  ,0,0.0,0,1,0,0,0,0,1,0,0,1,0,0,0,0,0,0,0
20140,2015118116,1518.0,1513.0,39,39301,40.6043,-75.4813,0,0,0,0,0,0,3,11,2015,6,15.0,1.0,0,1.0,3,2,3,  ,0,0.0,0,0,0,0,0,0,0,0,0,0,0,0,0,0,0,0,0
20141,2015118143,1157.0,1151.0,67,67301,40.045,-75.0942,0,0,0,0,0,0,4,10,2015,7,12.0,1.0,0,1.0,3,2,3,  ,2,3.0,1,0,1,0,0,0,0,0,0,0,0,0,0,0,0,0,0
20142,2015118144,1152.0,1148.0,67,67301,39.9826,-75.2307,0,0,0,1,0,0,4,10,2015,6,11.0,1.0,0,1.0,3,1,3,  ,2,3.0,0,0,1,0,1,0,0,0,0,0,0,0,0,0,0,0,0
20143,2015118838,1110.0,1104.0,2,2427,40.549,-80.1965,0,0,0,0,0,0,8,11,2015,1,11.0,1.0,0,1.0,3,1,3,  ,3,3.0,0,0,0,0,0,0,0,0,0,0,0,0,0,0,0,1,0
20144,2015119084,822.0,818.0,2,2301,40.4402,-79.9423,0,0,0,0,0,0,4,11,2015,2,8.0,1.0,0,1.0,3,2,3,  ,3,3.0,1,0,1,0,0,0,0,0,0,0,0,0,0,0,0,0,0
20145,2015119317,1614.0,1613.0,67,67301,39.9539,-75.2008,0,0,0,0,0,0,5,11,2015,2,16.0,1.0,0,1.0,3,0,3,  ,0,0.0,0,0,0,0,0,0,0,0,0,0,0,0,0,0,0,1,0
20146,2015120095,1955.0,1953.0,67,67301,39.9675,-75.2313,0,0,0,0,0,1,4,10,2015,3,19.0,3.0,0,1.0,3,2,3,  ,0,0.0,0,0,1,0,0,0,0,0,0,0,0,0,0,0,0,0,0
20147,2015120104,850.0,845.0,67,67301,39.9388,-75.1644,0,0,0,0,0,0,1,10,2015,2,8.0,1.0,0,1.0,3,1,3,  ,3,3.0,1,0,0,0,0,0,0,0,0,0,0,0,0,0,0,0,0
20148,2015120387,1142.0,1140.0,64,64218,40.5528,-79.6961,1,0,0,1,0,0,9,11,2015,5,11.0,1.0,0,1.0,1,0,3,  ,0,0.0,0,0,0,0,1,0,0,0,0,0,0,0,0,0,0,0,0
20149,2015120499,1521.0,1517.0,67,67301,39.9492,-75.2121,0,0,0,0,0,0,4,10,2015,3,15.0,1.0,0,1.0,3,3,3,  ,0,0.0,1,0,1,0,0,0,0,0,0,0,0,0,0,0,0,0,0
20150,2015120507,2335.0,2130.0,67,67301,39.9459,-75.1651,0,0,0,0,0,0,5,11,2015,5,23.0,3.0,0,9.0,3,0,98,  ,0,0.0,0,0,0,0,0,0,0,0,0,0,0,0,0,0,0,0,0
20151,2015120516,1451.0,1450.0,67,67301,39.9714,-75.1257,0,0,0,0,0,0,1,10,2015,5,14.0,1.0,0,1.0,3,0,3,  ,0,0.0,0,0,0,0,0,0,0,0,0,0,0,0,0,0,0,0,0
20152,2015120526,1252.0,1244.0,67,67301,39.9984,-75.1286,0,0,0,0,0,0,4,11,2015,4,10.0,1.0,0,1.0,3,2,99,  ,3,3.0,1,0,1,0,0,0,0,0,0,0,0,0,0,0,0,0,0
20153,2015120740,42.0,38.0,39,39301,40.6182,-75.4373,0,0,0,0,0,0,4,11,2015,5,0.0,3.0,0,1.0,3,2,3,  ,3,3.0,0,0,1,0,0,0,0,0,0,0,0,0,0,0,0,0,0
20154,2015120901,1252.0,1248.0,40,40304,41.2516,-75.8778,0,0,0,0,0,0,4,11,2015,4,12.0,1.0,0,1.0,3,1,3,  ,2,3.0,0,0,1,0,0,0,0,0,0,0,0,0,0,0,0,0,0
20155,2015121027,1611.0,1611.0,67,67301,39.9198,-75.1573,0,0,0,0,0,0,4,10,2015,6,16.0,1.0,0,1.0,3,0,3,  ,0,0.0,0,0,1,0,0,0,0,0,0,0,0,0,0,0,0,0,0
20156,2015121038,1120.0,1106.0,67,67301,39.9428,-75.1739,0,0,0,0,0,0,5,10,2015,4,10.0,1.0,0,1.0,3,1,3,  ,3,3.0,0,0,0,0,0,0,0,0,0,0,0,0,0,0,0,0,0
20157,2015121056,1845.0,1830.0,67,67301,39.9138,-75.1805,0,0,0,0,0,0,4,10,2015,5,18.0,3.0,0,1.0,3,0,3,  ,0,0.0,1,0,1,0,0,0,0,0,0,0,0,0,0,0,0,0,0
20158,2015121064,1905.0,1900.0,67,67301,39.9222,-75.1532,0,0,0,0,0,0,1,10,2015,5,18.0,2.0,0,1.0,3,0,3,  ,0,0.0,0,0,0,0,0,0,0,0,0,0,0,0,0,0,0,0,0