,CRN,ARRIVAL_TM,DISPATCH_TM,COUNTY,MUNICIPALITY,DEC_LAT,DEC_LONG,BICYCLE_DEATH_COUNT,BICYCLE_SUSP_SERIOUS_INJ_COUNT,BUS_COUNT,HEAVY_TRUCK_COUNT,SMALL_TRUCK_COUNT,SUV_COUNT,COLLISION_TYPE,CRASH_MONTH,CRASH_YEAR,DAY_OF_WEEK,HOUR_OF_DAY,ILLUMINATION,LOCATION_TYPE,ROAD_CONDITION,URBAN_RURAL,INTERSECT_TYPE,WEATHER1,WEATHER2,TCD_TYPE,TCD_FUNC_CD,AGGRESSIVE_DRIVING,ALCOHOL_RELATED,ANGLE_CRASH,CELL_PHONE,COMM_VEHICLE,DISTRACTED,DRINKING_DRIVER,DRUGGED_DRIVER,FATIGUE_ASLEEP,IMPAIRED_DRIVER,NHTSA_AGG_DRIVING,RUNNING_RED_LT,RUNNING_STOP_SIGN,SPEEDING_RELATED,TAILGATING,MATURE_DRIVER,YOUNG_DRIVER
20159,2015121087,859.0,848.0,67,67301,39.9709,-75.1557,0,0,0,0,0,0,4,10,2015,6,8.0,1.0,0,1.0,3,1,3,  ,2,3.0,0,0,1,0,0,0,0,0,0,0,0,0,0,0,0,0,0
20160,2015121486,1815.0,1812.0,14,14410,40.7901,-77.8541,0,0,0,0,0,0,4,11,2015,7,18.0,2.0,0,1.0,3,1,3,  ,3,3.0,0,0,1,0,0,1,0,0,0,0,0,0,0,0,0,0,1
20161,2015121487,738.0,731.0,6,6237,40.326,-75.9939,0,0,0,0,0,1,4,11,2015,2,7.0,1.0,0,1.0,3,2,3,  ,3,3.0,0,0,1,0,0,0,0,0,0,0,0,0,0,0,0,0,0
20162,2015121518,1817.0,1817.0,17,17228,41.1192,-78.7307,0,0,0,0,0,0,4,11,2015,6,18.0,3.0,7,1.0,1,2,3,  ,2,3.0,1,0,1,0,0,0,0,1,0,1,0,0,0,0,0,0,0
20163,2015121846,2141.0,2139.0,28,28401,39.9269,-77.6513,0,0,0,0,0,1,4,11,2015,2,21.0,3.0,0,1.0,1,1,3,  ,3,3.0,1,0,1,0,0,0,0,0,0,0,0,0,0,0,0,0,0
20164,2015121914,707.0,702.0,9,9202,40.1003,-74.9353,0,0,0,0,0,0,2,11,2015,2,7.0,1.0,0,1.0,3,2,3,  ,3,3.0,1,0,0,0,0,0,0,0,0,0,0,0,0,0,0,0,0
20165,2015121918,729.0,725.0,36,36301,40.0464,-76.2968,0,0,0,0,0,0,4,11,2015,2,7.0,5.0,0,1.0,3,2,3,  ,2,3.0,0,0,1,0,0,0,0,0,0,0,0,0,0,0,0,0,0
20166,2015121929,1145.0,1145.0,40,40414,41.2571,-75.8927,0,0,0,0,0,1,4,11,2015,1,11.0,1.0,0,1.0,3,1,3,  ,2,3.0,1,0,1,0,0,0,0,0,0,0,0,0,0,0,0,0,0
20167,2015121970,2219.0,2215.0,45,45101,41.0236,-75.2982,0,0,0,0,0,0,9,11,2015,6,22.0,3.0,0,1.0,1,0,3,  ,0,0.0,0,0,0,0,0,0,0,0,0,0,0,0,0,0,0,0,0
20168,2015122444,1335.0,1331.0,6,6301,40.3447,-75.9354,0,0,0,0,0,0,4,11,2015,3,13.0,1.0,0,1.0,3,1,3,  ,2,3.0,0,0,1,0,0,0,0,0,0,0,0,0,0,0,0,0,0
20169,2015123026,2030.0,2029.0,25,25302,42.1088,-80.0821,0,0,0,0,0,0,4,11,2015,4,20.0,3.0,0,1.0,3,1,3,  ,2,3.0,0,1,1,0,0,0,0,0,0,0,0,0,0,0,0,1,0
20170,2015123209,1646.0,1644.0,48,48409,40.6788,-75.4886,0,0,0,0,0,0,4,10,2015,5,16.0,1.0,7,1.0,3,0,3,  ,0,0.0,1,0,1,0,0,0,0,0,0,0,0,0,0,0,0,1,0
20171,2015123541,2036.0,2030.0,2,2113,40.4783,-79.8403,0,0,0,0,0,0,8,11,2015,6,20.0,3.0,0,1.0,3,0,3,  ,0,0.0,0,0,0,0,0,0,0,0,0,0,0,0,0,0,0,0,0
20172,2015123637,1745.0,1741.0,46,46108,40.0821,-75.1891,0,0,0,0,1,0,1,11,2015,2,17.0,3.0,0,1.0,3,1,3,  ,0,0.0,0,0,0,0,0,0,0,0,0,0,0,0,0,0,0,0,0
20173,2015124094,134.0,134.0,2,2301,40.4642,-79.9498,0,0,0,0,0,0,1,11,2015,1,1.0,3.0,0,1.0,3,0,3,  ,0,0.0,0,0,0,0,0,0,0,0,0,0,0,0,0,0,0,0,0
20174,2015124433,1955.0,1945.0,38,38301,40.347,-76.3932,0,0,0,0,0,0,4,11,2015,7,13.0,1.0,0,1.0,2,1,3,  ,3,3.0,1,0,1,0,0,0,0,0,0,0,0,0,0,0,0,0,0
20175,2015124876,1821.0,1820.0,46,46413,40.1204,-75.3569,0,0,0,0,1,0,4,12,2015,3,18.0,3.0,0,9.0,3,1,7,  ,2,3.0,0,1,1,0,0,0,0,0,0,0,0,0,0,0,0,0,0
20176,2015125507,1400.0,1359.0,38,38301,40.3326,-76.4256,0,0,0,0,0,1,4,11,2015,1,13.0,1.0,0,1.0,2,0,3,  ,3,3.0,0,0,1,0,0,0,0,0,0,0,0,0,0,0,0,0,0
20177,2015125779,625.0,620.0,9,9213,,,0,0,0,0,0,1,6,11,2015,6,6.0,1.0,0,1.0,3,0,3,  ,0,0.0,0,0,0,0,0,0,0,0,0,0,0,0,0,0,0,0,0
20178,2015125994,1754.0,1743.0,26,26205,40.0193,-79.7653,0,0,0,0,0,1,4,11,2015,7,17.0,2.0,0,9.0,1,1,7,05,0,0.0,0,1,1,0,0,0,0,0,0,0,0,0,0,0,0,0,0
20179,2015126126,1157.0,1153.0,28,28406,39.7566,-77.5804,0,0,0,0,0,0,4,12,2015,3,11.0,1.0,0,9.0,2,0,7,  ,8,3.0,1,0,1,0,0,0,0,0,0,0,0,0,0,0,0,1,0
20180,2015126730,2153.0,2152.0,10,10227,41.0592,-80.0447,0,0,0,0,0,0,4,12,2015,6,21.0,3.0,7,1.0,1,0,3,  ,0,0.0,0,1,1,0,0,0,1,0,0,1,0,0,0,0,0,0,1
20181,2015126749,1048.0,1048.0,48,48301,40.6108,-75.3661,0,0,0,0,0,0,4,12,2015,7,17.0,4.0,0,1.0,3,1,3,  ,2,3.0,0,0,1,0,0,0,0,0,0,0,0,0,0,0,0,0,0
20182,2015127050,733.0,725.0,2,2301,40.4529,-80.0035,0,0,0,0,0,0,4,12,2015,2,7.0,1.0,0,1.0,3,0,5,  ,2,3.0,0,0,1,0,0,0,0,0,0,0,0,0,0,0,0,0,0
20183,2015127272,900.0,855.0,2,2301,40.4445,-79.9456,0,0,0,0,0,0,4,12,2015,2,8.0,1.0,0,1.0,3,0,3,  ,0,0.0,0,0,1,0,0,0,0,0,0,0,0,0,0,0,0,0,0
20184,2015127305,1836.0,1830.0,67,67301,39.9941,-75.1803,0,0,0,0,0,0,4,10,2015,4,18.0,1.0,0,1.0,3,1,3,  ,0,0.0,0,1,1,0,0,0,0,0,0,0,0,0,0,0,0,0,0
20185,2015128080,1926.0,1921.0,10,10212,40.6844,-80.1116,0,0,0,0,0,0,1,11,2015,1,19.0,3.0,0,1.0,3,1,3,  ,2,3.0,1,0,0,0,0,0,0,0,0,0,0,0,0,1,0,0,0
20186,2015128098,1745.0,1736.0,2,2301,40.4145,-79.9886,0,0,0,0,0,0,4,12,2015,4,17.0,3.0,0,1.0,3,1,3,  ,0,0.0,0,0,1,0,0,0,0,0,0,0,0,0,0,0,0,0,0
20187,2015128443,1429.0,1427.0,15,15301,39.9844,-75.8253,0,0,0,0,0,0,4,12,2015,2,14.0,1.0,0,1.0,3,2,3,  ,3,3.0,0,0,1,0,0,0,0,0,0,0,0,0,0,0,0,0,0
20188,2015128540,855.0,855.0,67,67301,39.9505,-75.1924,0,0,0,0,0,1,5,11,2015,6,8.0,1.0,0,9.0,3,0,3,  ,0,0.0,0,0,0,0,0,0,0,0,0,0,0,0,0,0,0,0,0
20189,2015128576,1723.0,1723.0,67,67301,40.0267,-75.1772,0,0,0,0,0,0,4,11,2015,5,17.0,3.0,0,1.0,3,1,3,  ,3,3.0,1,0,1,0,0,0,0,0,0,0,0,0,1,0,0,1,0
20190,2015128585,620.0,615.0,67,67301,39.9505,-75.1926,0,0,0,0,0,0,4,11,2015,6,6.0,5.0,0,1.0,3,1,3,  ,2,3.0,0,0,1,0,0,0,0,0,0,0,0,0,0,0,0,0,0
20191,2015128630,19.0,19.0,67,67301,39.92,-75.1556,0,0,0,0,0,0,4,11,2015,3,0.0,3.0,0,1.0,3,1,3,  ,3,3.0,0,0,1,0,0,0,0,0,0,0,0,0,0,0,0,0,0
20192,2015128667,2348.0,2335.0,67,67301,39.9513,-75.1551,0,0,0,0,0,0,4,11,2015,5,22.0,3.0,0,1.0,3,1,3,  ,2,3.0,1,0,1,0,0,0,0,0,0,0,0,1,0,0,0,0,0
20193,2015128679,2115.0,2109.0,67,67301,40.0434,-75.0365,0,0,0,0,0,1,6,11,2015,6,21.0,3.0,0,1.0,3,2,3,  ,2,3.0,0,0,0,0,0,0,0,0,0,0,0,0,0,0,0,0,0
20194,2015128882,1815.0,1812.0,21,21401,40.2388,-76.9253,0,0,0,0,0,0,4,12,2015,5,18.0,3.0,0,1.0,3,1,3,  ,3,3.0,1,0,1,0,0,0,0,0,0,0,0,0,0,0,0,1,0
20195,2015128887,1844.0,1840.0,9,9208,40.1914,-74.8237,0,1,0,0,0,1,4,12,2015,4,18.0,3.0,0,1.0,3,1,3,  ,2,3.0,0,0,1,0,0,0,0,0,0,0,0,0,0,0,0,0,0
20196,2015129943,1828.0,1826.0,67,67301,39.9292,-75.2292,0,0,0,0,0,1,2,11,2015,2,18.0,3.0,0,1.0,3,2,3,  ,2,3.0,0,0,0,0,0,0,0,0,0,0,0,0,0,0,0,0,0
20197,2015129947,1930.0,1925.0,67,67301,39.9557,-75.1905,0,0,0,0,0,0,1,9,2015,1,16.0,1.0,0,1.0,3,0,3,  ,0,0.0,0,0,0,0,0,0,0,0,0,0,0,0,0,0,0,0,0
20198,2015129963,750.0,745.0,67,67301,40.0198,-75.1916,0,0,0,0,0,0,4,11,2015,6,6.0,1.0,0,1.0,3,3,3,  ,0,0.0,0,0,1,0,0,0,0,0,0,0,0,0,0,0,0,0,0
20199,2015129966,1327.0,1322.0,67,67301,39.9544,-75.1986,0,0,0,0,0,0,4,10,2015,6,13.0,1.0,0,1.0,3,2,3,  ,0,0.0,0,0,1,0,0,0,0,0,0,0,0,0,0,0,0,0,0
20200,2015129998,1725.0,1712.0,67,67301,39.9198,-75.1637,0,0,0,0,0,1,4,11,2015,4,16.0,1.0,0,1.0,3,5,3,  ,3,3.0,0,0,1,0,0,0,0,0,0,0,0,0,0,0,0,0,0
20201,2015130004,1515.0,1505.0,67,67301,39.9417,-75.1524,0,0,0,0,0,0,5,11,2015,4,12.0,1.0,0,1.0,3,0,3,  ,0,0.0,0,0,0,0,0,0,0,0,0,0,0,0,0,0,0,0,0
20202,2015130008,1250.0,1245.0,67,67301,39.9427,-75.1582,0,0,0,0,0,0,5,10,2015,7,12.0,1.0,0,1.0,3,0,3,  ,0,0.0,0,0,0,0,0,0,0,0,0,0,0,0,0,0,0,0,0
20203,2015130050,1614.0,1613.0,67,67301,40.0109,-75.1271,0,0,0,0,0,0,4,11,2015,1,16.0,1.0,0,1.0,3,0,3,  ,0,0.0,0,0,1,0,0,0,0,0,0,0,0,0,0,0,0,0,0
20204,2015130054,600.0,555.0,67,67301,40.0028,-75.1624,0,0,0,0,0,1,4,11,2015,2,5.0,5.0,0,1.0,3,2,3,  ,3,3.0,1,0,1,0,0,0,0,0,0,0,0,0,0,0,0,0,0
20205,2015130062,2250.0,2240.0,67,67301,39.9605,-75.1736,0,0,0,0,0,1,4,11,2015,6,22.0,3.0,0,1.0,3,1,3,  ,2,3.0,0,0,1,0,0,0,0,0,0,0,0,0,0,0,0,0,0
20206,2015130064,2105.0,2055.0,67,67301,39.9356,-75.1602,0,0,0,0,0,0,4,11,2015,6,20.0,1.0,0,1.0,3,1,99,  ,3,3.0,1,0,1,0,0,0,0,0,0,0,0,0,0,0,0,0,0
20207,2015130070,1909.0,1908.0,67,67301,39.9128,-75.1503,0,0,0,0,0,0,4,11,2015,5,18.0,3.0,7,1.0,3,0,3,  ,0,0.0,0,0,1,0,0,0,0,0,0,0,0,0,0,0,0,0,0
20208,2015130104,31.0,29.0,67,67301,39.9814,-75.1276,0,0,0,0,0,0,4,11,2015,4,0.0,3.0,0,9.0,3,5,7,  ,2,3.0,0,0,1,0,0,0,0,0,0,0,0,0,0,0,0,0,0
20209,2015130249,1308.0,307.0,67,67301,39.9542,-75.203,0,0,0,0,0,0,5,10,2015,6,12.0,1.0,0,1.0,3,0,3,  ,0,0.0,0,0,0,0,0,0,0,0,0,0,0,0,0,0,0,0,0
20210,2015130284,1100.0,1025.0,67,67301,39.9427,-75.169,0,0,0,0,0,1,5,11,2015,4,10.0,1.0,0,1.0,3,0,3,  ,0,0.0,0,0,0,0,0,0,0,0,0,0,0,0,0,0,0,0,0
20211,2015130725,1840.0,1838.0,66,66413,39.816,-76.9791,0,0,0,0,0,0,4,11,2015,4,18.0,3.0,0,1.0,2,1,3,  ,3,3.0,0,0,1,0,0,0,0,0,0,0,0,0,0,0,0,0,0
20212,2015130794,857.0,853.0,7,7404,40.314,-78.33,0,0,0,0,0,1,4,12,2015,2,8.0,1.0,0,1.0,1,1,3,  ,0,0.0,0,0,1,0,0,0,0,0,0,0,0,0,0,0,0,0,0
20213,2015130811,1014.0,1014.0,48,48302,40.6875,-75.2088,0,0,0,0,1,0,4,12,2015,3,10.0,1.0,0,1.0,3,1,3,  ,2,3.0,0,0,1,0,0,0,0,0,0,0,0,0,0,0,0,0,0
20214,2015130997,2020.0,2019.0,39,39302,40.6226,-75.4032,0,0,0,0,0,1,4,12,2015,3,20.0,3.0,0,1.0,3,1,3,  ,0,0.0,1,0,1,0,0,0,0,0,0,0,0,0,0,0,0,0,0
20215,2015131272,1945.0,1944.0,67,67301,39.9252,-75.1863,0,0,0,0,0,0,4,11,2015,5,19.0,3.0,0,1.0,3,2,3,  ,3,3.0,0,0,1,0,0,0,0,0,0,0,0,0,0,0,0,0,0
20216,2015131318,1037.0,1028.0,67,67301,40.0702,-75.0313,0,0,0,0,0,0,1,11,2015,6,99.0,1.0,0,1.0,3,3,3,  ,2,3.0,0,0,0,0,0,0,0,0,0,0,0,0,0,0,0,0,0
20217,2015131707,1323.0,1316.0,43,43404,41.1654,-80.0836,0,0,0,0,0,1,4,12,2015,4,13.0,1.0,0,1.0,2,1,3,  ,3,3.0,0,0,1,0,0,0,0,0,0,0,0,0,0,0,0,0,0
20218,2015133060,1544.0,1544.0,48,48301,40.6641,-75.3513,0,0,0,0,0,0,4,12,2015,6,15.0,1.0,0,1.0,3,2,3,  ,0,0.0,0,0,1,0,0,0,0,0,0,0,0,0,0,0,0,0,0
20219,2015133685,1546.0,1546.0,48,48301,40.6206,-75.3821,0,0,0,0,0,0,4,12,2015,1,15.0,1.0,0,1.0,3,2,3,  ,2,3.0,0,0,1,0,0,0,0,0,0,0,0,0,0,0,0,0,0
20220,2015133761,1706.0,1701.0,67,67301,39.9374,-75.1615,0,0,0,0,0,0,4,11,2015,4,17.0,1.0,0,1.0,3,0,3,  ,0,0.0,0,0,1,0,0,0,0,0,0,0,0,0,0,0,0,0,0
20221,2015134204,709.0,707.0,23,23427,39.9423,-75.25,0,1,0,0,0,1,2,12,2015,3,7.0,5.0,7,9.0,3,0,7,  ,0,0.0,1,0,0,0,0,0,0,0,0,0,0,0,0,0,0,0,0
20222,2015134248,1507.0,1502.0,36,36210,40.1993,-76.1312,0,1,0,0,0,1,1,12,2015,3,15.0,1.0,0,1.0,1,0,3,  ,0,0.0,0,0,0,0,0,1,0,0,0,0,0,0,0,0,0,0,0
20223,2015134288,1141.0,1137.0,9,9219,40.377,-75.1584,0,0,0,0,0,1,8,12,2015,1,11.0,1.0,0,1.0,1,1,3,  ,3,3.0,1,0,0,0,0,0,0,0,0,0,0,0,0,0,0,0,0
20224,2015134611,1548.0,1546.0,36,36220,40.0216,-76.3346,0,1,0,0,0,0,4,12,2015,1,15.0,1.0,0,1.0,3,2,3,  ,0,0.0,1,0,1,0,0,0,0,0,0,0,0,0,0,0,0,0,0
20225,2015134614,1336.0,1324.0,22,22102,40.2643,-76.7758,0,0,0,0,0,1,4,12,2015,1,13.0,1.0,0,1.0,3,0,3,  ,0,0.0,1,0,1,0,0,0,0,0,0,0,0,0,0,0,0,1,0
20226,2015134723,1517.0,1515.0,23,23111,39.9179,-75.3078,0,0,0,0,1,0,4,12,2015,5,15.0,1.0,0,9.0,3,2,7,  ,3,3.0,0,0,1,0,0,0,0,0,0,0,0,0,0,0,0,0,0
20227,2015134729,1520.0,1520.0,67,67301,39.9743,-75.1466,0,0,0,0,0,0,4,12,2015,2,8.0,1.0,0,1.0,3,1,3,  ,3,3.0,0,0,1,0,0,0,0,0,0,0,0,0,0,0,0,0,0
20228,2015134780,1703.0,1703.0,66,66301,39.9625,-76.7277,0,0,0,0,0,0,4,12,2015,5,17.0,3.0,0,9.0,3,1,3,  ,2,3.0,0,0,1,0,0,0,0,0,0,0,0,0,0,0,0,0,0
20229,2015134850,2004.0,1940.0,17,17403,40.8914,-78.2256,0,0,0,0,0,0,4,12,2015,4,19.0,3.0,0,9.0,1,2,7,  ,3,3.0,0,0,1,0,0,0,0,0,0,0,0,0,0,0,0,0,0
20230,2015134866,652.0,643.0,15,15224,39.8206,-75.9642,1,0,0,1,0,0,8,12,2015,3,6.0,5.0,0,1.0,1,1,3,  ,3,3.0,0,0,0,0,1,0,0,0,0,0,0,0,0,0,0,0,0
20231,2015135053,1735.0,1731.0,10,10101,40.8507,-79.9123,0,0,0,0,0,0,4,12,2015,3,17.0,3.0,0,9.0,2,2,3,  ,2,3.0,1,0,1,0,0,0,0,0,0,0,0,0,0,0,0,0,0
20232,2015135176,1639.0,1638.0,9,9409,40.2183,-74.7799,0,0,0,0,0,1,8,12,2015,7,16.0,3.0,0,1.0,3,1,3,  ,0,0.0,0,0,0,0,0,0,0,0,0,0,0,0,0,0,0,0,0
20233,2015135253,1321.0,1311.0,64,64210,40.1969,-79.2357,0,0,0,0,0,0,1,12,2015,5,13.0,1.0,0,1.0,1,0,3,  ,0,0.0,0,0,0,0,0,0,0,0,0,0,0,0,0,0,0,1,0
20234,2015135307,55.0,52.0,36,36215,40.0334,-76.2466,0,0,0,0,0,0,1,7,2015,7,0.0,3.0,0,1.0,1,0,3,  ,0,0.0,1,0,0,0,0,0,0,0,0,0,0,0,0,0,0,0,0
20235,2015135581,2242.0,2241.0,48,48302,40.6911,-75.2112,0,0,0,0,0,1,4,12,2015,3,22.0,3.0,0,9.0,3,1,7,  ,2,3.0,0,0,1,0,0,0,0,0,0,0,0,0,0,0,0,0,0
20236,2015135679,2129.0,2127.0,40,40304,41.2507,-75.8473,0,0,0,0,0,1,4,12,2015,3,21.0,6.0,7,9.0,3,0,7,  ,2,3.0,0,0,1,0,0,0,0,0,0,0,0,0,0,0,0,0,0
20237,2015135723,2350.0,2347.0,9,9411,40.3644,-74.9515,0,1,0,0,0,0,2,12,2015,3,23.0,3.0,0,1.0,1,1,3,  ,2,3.0,0,1,0,0,0,0,0,0,0,0,0,0,0,0,0,0,0
20238,2015135797,1546.0,1543.0,48,48212,40.7084,-75.2782,0,0,0,0,0,0,4,12,2015,2,15.0,1.0,0,1.0,3,0,3,  ,0,0.0,0,0,1,0,0,0,0,0,0,0,0,0,0,0,0,0,0
20239,2015135812,1735.0,1725.0,67,67301,40.0175,-75.0568,0,0,0,0,0,0,4,12,2015,4,16.0,4.0,0,1.0,3,1,3,  ,3,3.0,0,0,1,0,0,0,0,0,0,0,0,0,0,0,0,0,0
20240,2015135821,948.0,946.0,67,67301,39.9515,-75.2226,0,0,0,0,0,0,8,11,2015,6,9.0,1.0,0,1.0,3,1,3,  ,3,3.0,0,0,0,0,0,0,0,0,0,0,0,0,0,0,0,0,0
20241,2015135826,1644.0,1644.0,67,67301,39.9591,-75.172,0,0,0,0,0,0,4,12,2015,1,16.0,1.0,0,1.0,3,1,3,  ,2,3.0,0,0,1,0,0,0,0,0,0,0,0,0,0,0,0,0,0
20242,2015135831,1206.0,1203.0,67,67301,39.9818,-75.1819,0,0,0,0,0,0,8,11,2015,7,12.0,1.0,0,1.0,3,1,3,  ,2,3.0,1,0,0,0,0,0,0,0,0,0,0,1,0,0,0,0,0
20243,2015135896,1624.0,1622.0,67,67301,40.0105,-75.1125,0,0,0,0,0,0,4,12,2015,6,16.0,1.0,0,1.0,3,2,3,  ,0,0.0,0,0,1,0,0,0,0,0,0,0,0,0,0,0,0,0,0
20244,2015135918,609.0,608.0,67,67301,39.9878,-75.1316,0,0,0,0,0,0,1,12,2015,7,6.0,3.0,0,1.0,3,0,3,  ,0,0.0,0,0,0,0,0,0,0,0,0,0,0,0,0,0,0,0,0
20245,2015135921,41.0,38.0,67,67301,40.0096,-75.1536,0,0,0,0,0,0,4,12,2015,6,0.0,3.0,0,1.0,3,1,3,  ,3,3.0,0,0,1,0,0,0,0,0,0,0,0,0,0,0,0,0,0
20246,2015136380,2005.0,2000.0,67,67301,40.096,-74.9768,0,0,0,0,0,0,4,12,2015,7,19.0,3.0,0,1.0,3,1,3,  ,2,3.0,0,0,1,0,0,0,0,0,0,0,0,0,0,0,0,0,0
20247,2015136392,139.0,139.0,67,67301,39.9673,-75.142,0,0,0,0,0,0,5,12,2015,1,1.0,3.0,0,1.0,3,0,3,  ,0,0.0,1,0,0,0,0,0,0,0,0,0,0,0,0,0,0,0,0
20248,2015136671,1214.0,1212.0,36,36211,40.0693,-76.577,0,0,0,0,0,0,5,12,2015,2,12.0,1.0,0,1.0,1,2,3,  ,0,0.0,0,0,0,0,0,0,0,0,0,0,0,0,0,0,0,0,1
20249,2015136685,1801.0,1800.0,23,23111,39.9469,-75.2937,0,0,0,0,0,0,2,12,2015,1,18.0,2.0,0,1.0,3,0,3,  ,3,3.0,0,0,0,0,0,0,0,0,0,0,0,0,0,0,0,0,0
20250,2015137017,1345.0,1341.0,67,67301,39.9854,-75.2264,1,0,0,0,0,0,5,11,2015,7,13.0,1.0,0,1.0,3,0,3,  ,0,0.0,0,0,0,0,0,0,0,0,0,0,0,0,0,0,0,1,0
20251,2016000158,1759.0,1757.0,40,40304,41.2458,-75.8753,0,0,0,0,0,0,4,12,2015,2,17.0,3.0,0,9.0,3,2,7,  ,3,3.0,0,0,1,0,0,0,0,0,0,0,0,0,0,0,0,0,0
20252,2016000879,1450.0,1450.0,23,23301,39.8342,-75.3838,0,0,0,0,0,0,2,12,2015,6,14.0,1.0,0,1.0,3,0,3,  ,0,0.0,0,0,0,0,0,0,0,0,0,0,0,0,0,0,0,0,0
20253,2016000957,1800.0,1744.0,67,67301,40.0359,-75.0398,0,0,0,0,0,0,4,12,2015,5,17.0,4.0,7,1.0,3,0,3,  ,0,0.0,1,0,1,0,0,0,0,0,0,0,0,0,0,0,0,1,0
20254,2016000967,1243.0,1233.0,67,67301,39.9325,-75.2246,0,1,0,1,0,0,4,12,2015,4,7.0,1.0,0,1.0,3,1,3,  ,2,3.0,0,0,1,0,1,0,0,0,0,0,0,0,0,0,0,0,0
20255,2016000973,1232.0,1229.0,67,67301,39.9845,-75.1269,0,0,0,0,0,0,5,12,2015,5,12.0,1.0,0,1.0,3,0,3,  ,0,0.0,0,0,0,0,0,0,0,0,0,0,0,0,0,0,0,0,0
20256,2016001015,1807.0,1758.0,67,67301,40.0293,-75.1815,0,0,0,0,0,0,4,12,2015,5,17.0,3.0,0,1.0,3,1,3,  ,2,3.0,0,0,1,0,0,0,0,0,0,0,0,0,0,0,0,0,0
20257,2016001457,1930.0,1927.0,67,67301,40.0321,-75.1063,0,0,0,0,0,0,4,12,2015,2,18.0,3.0,0,1.0,3,0,3,  ,0,0.0,0,0,1,0,0,0,0,0,0,0,0,0,0,0,0,0,1
20258,2016001458,1738.0,1724.0,67,67301,39.954,-75.1682,0,0,0,0,0,0,1,12,2015,5,17.0,3.0,0,1.0,3,2,3,  ,2,3.0,0,0,0,0,0,0,0,0,0,0,0,0,0,0,0,0,0
20259,2016001956,1736.0,1734.0,46,46104,40.0047,-75.2423,0,0,0,0,0,0,4,12,2015,4,17.0,3.0,0,1.0,3,2,3,  ,0,0.0,1,0,1,0,0,0,0,0,0,0,0,0,0,0,0,0,0
20260,2016002344,1606.0,1601.0,67,67301,39.9492,-75.2121,0,0,0,0,0,0,4,11,2015,4,16.0,1.0,0,1.0,3,3,3,  ,0,0.0,0,0,1,0,0,0,0,0,0,0,0,0,0,0,0,0,0
20261,2016002431,1842.0,1837.0,67,67301,39.9606,-75.1753,0,0,0,0,0,0,4,12,2015,3,17.0,2.0,0,9.0,3,2,5,  ,0,0.0,0,0,1,0,0,0,0,0,0,0,0,0,0,0,0,0,0
20262,2016002437,729.0,729.0,67,67301,39.9542,-75.2035,0,0,0,0,0,0,5,11,2015,5,7.0,1.0,0,9.0,3,0,7,  ,0,0.0,0,0,0,0,0,0,0,0,0,0,0,0,0,0,0,1,0
20263,2016002451,1912.0,1911.0,67,67301,39.9491,-75.1623,0,0,0,0,0,1,5,11,2015,4,19.0,3.0,0,1.0,3,0,3,  ,0,0.0,0,0,0,0,0,0,0,0,0,0,0,0,0,0,0,1,0
20264,2016002452,1904.0,1900.0,67,67301,39.9526,-75.1653,0,0,0,0,0,0,5,12,2015,4,18.0,4.0,0,1.0,3,10,3,  ,2,3.0,0,0,0,0,0,0,0,0,0,0,0,0,0,0,0,0,0
20265,2016002519,1730.0,1722.0,67,67301,39.9969,-75.1169,0,0,0,0,0,1,2,12,2015,6,15.0,1.0,0,1.0,3,0,3,  ,0,0.0,0,0,0,0,0,0,0,0,0,0,0,0,0,0,0,0,0
20266,2016002536,1626.0,1616.0,67,67301,39.9454,-75.164,0,0,0,0,0,0,4,12,2015,6,15.0,1.0,0,1.0,3,1,3,  ,3,3.0,0,0,1,0,0,0,0,0,0,0,0,0,0,0,0,0,0
20267,2016002542,305.0,300.0,67,67301,39.9482,-75.2212,0,0,0,0,0,1,4,12,2015,1,2.0,3.0,0,1.0,3,5,3,  ,2,3.0,1,0,1,0,0,0,0,0,0,0,0,0,0,1,0,0,0
20268,2016002559,1734.0,1725.0,67,67301,39.9365,-75.1487,0,0,0,0,0,0,4,12,2015,5,17.0,3.0,0,9.0,3,1,7,  ,3,3.0,0,0,1,0,0,0,0,0,0,0,0,0,0,0,0,0,0
20269,2016002572,1719.0,1713.0,67,67301,39.9482,-75.1644,0,0,0,0,0,0,4,12,2015,4,17.0,3.0,0,1.0,3,1,7,  ,2,3.0,1,0,1,0,0,0,0,0,0,0,0,1,0,0,0,0,0
20270,2016002575,1815.0,1809.0,67,67301,39.933,-75.1679,0,0,0,0,0,0,5,12,2015,5,18.0,3.0,0,9.0,3,0,3,  ,0,0.0,0,0,0,0,0,0,0,0,0,0,0,0,0,0,0,0,0
20271,2016002989,1246.0,1241.0,67,67301,40.042,-75.0999,0,0,0,0,0,0,4,12,2015,1,12.0,1.0,0,1.0,3,0,3,  ,0,0.0,0,0,1,0,0,0,0,0,0,0,0,0,0,0,0,0,0