,CRN,ARRIVAL_TM,DISPATCH_TM,COUNTY,MUNICIPALITY,DEC_LAT,DEC_LONG,BICYCLE_DEATH_COUNT,BICYCLE_SUSP_SERIOUS_INJ_COUNT,BUS_COUNT,HEAVY_TRUCK_COUNT,SMALL_TRUCK_COUNT,SUV_COUNT,COLLISION_TYPE,CRASH_MONTH,CRASH_YEAR,DAY_OF_WEEK,HOUR_OF_DAY,ILLUMINATION,LOCATION_TYPE,ROAD_CONDITION,URBAN_RURAL,INTERSECT_TYPE,WEATHER1,WEATHER2,TCD_TYPE,TCD_FUNC_CD,AGGRESSIVE_DRIVING,ALCOHOL_RELATED,ANGLE_CRASH,CELL_PHONE,COMM_VEHICLE,DISTRACTED,DRINKING_DRIVER,DRUGGED_DRIVER,FATIGUE_ASLEEP,IMPAIRED_DRIVER,NHTSA_AGG_DRIVING,RUNNING_RED_LT,RUNNING_STOP_SIGN,SPEEDING_RELATED,TAILGATING,MATURE_DRIVER,YOUNG_DRIVER
20272,2016005076,125.0,120.0,67,67301,39.9556,-75.2147,0,0,0,0,0,0,4,11,2015,7,1.0,3.0,0,1.0,3,1,3,  ,2,3.0,1,0,1,0,0,0,0,0,0,0,0,0,0,0,0,0,1
20273,2016005078,1015.0,1015.0,67,67301,39.9614,-75.1634,0,0,0,0,0,0,4,12,2015,2,9.0,1.0,0,1.0,3,0,3,  ,0,0.0,1,0,1,0,0,0,0,0,0,0,0,0,0,0,0,0,0
20274,2016006028,1718.0,1714.0,67,67301,40.0446,-75.0547,0,0,0,0,0,0,8,12,2015,3,17.0,3.0,0,9.0,3,1,5,  ,2,3.0,0,0,0,0,0,0,0,0,0,0,0,0,0,0,0,0,0
20275,2016007507,2239.0,2234.0,67,67301,39.9832,-75.1153,0,0,0,0,0,0,4,12,2015,5,22.0,3.0,0,9.0,3,1,7,  ,4,3.0,0,0,1,0,0,0,0,0,0,0,0,0,0,0,0,0,0
20276,2016007530,1729.0,1709.0,67,67301,39.9474,-75.1876,0,1,0,0,0,0,4,8,2015,4,17.0,1.0,2,1.0,3,1,3,  ,2,3.0,0,0,1,0,0,0,0,0,0,0,0,0,0,0,0,0,0
20277,2016007611,919.0,918.0,67,67301,40.0294,-75.0627,0,0,0,0,0,0,4,12,2015,3,8.0,1.0,0,9.0,3,5,7,  ,2,3.0,0,0,1,0,0,0,0,0,0,0,0,0,0,0,0,0,0
20278,2016007616,1815.0,1810.0,67,67301,39.9254,-75.1775,0,0,0,0,1,0,4,12,2015,7,18.0,3.0,0,1.0,3,1,3,  ,1,3.0,0,0,1,0,0,0,0,0,0,0,0,0,0,0,0,0,0
20279,2016007641,1710.0,1705.0,67,67301,39.9506,-75.1493,0,0,1,0,0,0,5,11,2015,7,17.0,3.0,0,9.0,3,0,3,  ,0,0.0,0,0,0,0,1,0,0,0,0,0,0,0,0,0,0,0,0
20280,2016007674,1930.0,1924.0,67,67301,39.9529,-75.1799,0,0,0,0,0,1,1,12,2015,3,19.0,3.0,7,9.0,3,0,7,  ,0,0.0,0,0,0,0,0,0,0,0,0,0,0,0,0,0,0,0,0
20281,2016007681,735.0,725.0,67,67301,40.0158,-75.0676,0,0,0,0,0,0,5,12,2015,3,6.0,6.0,0,9.0,3,0,7,  ,0,0.0,0,0,0,0,0,0,0,0,0,0,0,0,0,0,0,0,0
20282,2016008170,1611.0,1538.0,67,67301,39.9241,-75.2455,0,0,0,0,0,0,4,12,2015,6,14.0,1.0,0,9.0,3,1,7,  ,2,3.0,0,0,1,0,0,0,0,0,0,0,0,0,0,0,0,0,0
20283,2016008173,9999.0,9999.0,67,67301,39.9541,-75.1579,0,0,0,0,0,0,8,12,2015,3,14.0,1.0,0,1.0,3,0,3,  ,0,0.0,0,0,0,0,0,0,0,0,0,0,0,0,0,0,0,0,0
20284,2016008628,2110.0,2102.0,67,67301,39.932,-75.1608,0,0,0,0,1,1,5,12,2015,5,20.0,3.0,0,1.0,3,5,3,  ,2,3.0,0,0,0,0,0,0,0,0,0,0,0,0,0,0,0,0,0
20285,2016009757,1339.0,1336.0,6,6411,,,0,0,0,0,0,0,5,8,2015,2,13.0,1.0,0,1.0,3,0,3,  ,0,0.0,0,0,0,0,0,0,0,0,0,0,0,0,0,0,0,0,0
20286,2016013308,710.0,710.0,67,67301,40.0341,-75.1765,0,0,0,0,0,0,4,12,2015,3,7.0,1.0,0,1.0,3,1,3,  ,2,3.0,0,0,1,0,0,0,0,0,0,0,0,0,0,0,0,0,0
20287,2016013996,1729.0,1728.0,67,67301,39.9751,-75.195,0,0,0,0,0,0,4,12,2015,2,17.0,4.0,0,1.0,3,1,3,  ,2,3.0,1,0,1,0,0,0,0,0,0,0,1,1,0,0,0,0,0
20288,2016014041,2257.0,9999.0,67,67301,39.9319,-75.161,0,0,0,0,0,0,4,12,2015,5,22.0,3.0,0,1.0,3,1,3,  ,2,3.0,0,0,1,0,0,0,0,0,0,0,0,0,0,0,0,0,0
20289,2016014068,9999.0,9999.0,67,67301,39.946,-75.1842,0,0,0,0,0,0,4,11,2015,2,16.0,1.0,0,1.0,3,1,3,  ,2,9.0,0,0,1,0,0,0,0,0,0,0,0,0,0,0,0,0,0
20290,2016014317,,,67,67301,39.9969,-75.1127,0,0,0,0,1,0,4,8,2015,6,9.0,1.0,1,1.0,3,2,3,  ,0,0.0,0,0,1,0,0,0,0,0,0,0,0,0,0,0,0,0,0
20291,2016014331,,,67,67301,39.9379,-75.1667,0,0,0,0,0,0,4,8,2015,5,21.0,3.0,0,1.0,3,1,3,  ,2,3.0,0,0,1,0,0,0,0,0,0,0,0,0,0,0,0,0,0
20292,2016015617,,,23,23110,39.8398,-75.4226,0,0,0,0,0,0,4,10,2015,6,16.0,1.0,0,1.0,3,2,3,  ,3,3.0,1,0,1,0,0,0,0,0,0,0,0,0,1,0,0,0,0
20293,2016019871,2059.0,2056.0,67,67301,40.0289,-75.106,0,0,0,0,0,0,4,10,2015,5,20.0,3.0,0,1.0,3,1,3,  ,2,3.0,0,0,1,0,0,0,0,0,0,0,0,0,0,0,0,0,0
20294,2016072009,1755.0,1750.0,46,46222,40.1625,-75.4718,0,0,0,0,0,0,4,6,2015,2,17.0,1.0,0,1.0,3,2,3,  ,3,3.0,1,0,1,0,0,0,0,0,0,0,0,0,0,0,0,0,0
20295,2017029292,1400.0,1355.0,22,22208,40.3012,-76.815,0,0,0,0,0,0,5,4,2015,2,13.0,1.0,7,1.0,3,0,3,  ,0,0.0,1,0,0,0,0,0,0,0,0,0,0,0,0,0,0,0,1
20296,2017029294,1458.0,1457.0,22,22208,40.2941,-76.7764,0,1,0,0,0,1,4,10,2015,2,14.0,1.0,0,1.0,3,1,3,  ,3,3.0,0,0,1,0,0,0,0,0,0,0,0,0,0,0,0,0,0
20297,2016000897,1344.0,1339.0,66,66301,39.9662,-76.7162,0,0,0,0,0,0,2,1,2016,2,13.0,1.0,0,1.0,3,2,3,  ,8,3.0,0,0,0,0,0,0,0,0,0,0,0,0,0,0,0,0,0
20298,2016001643,1821.0,1817.0,2,2301,40.4216,-79.9844,0,0,0,0,0,0,4,1,2016,3,18.0,3.0,0,1.0,3,2,3,  ,0,0.0,1,0,1,0,0,0,0,0,0,0,0,0,0,0,0,1,0
20299,2016002199,1453.0,1451.0,21,21103,40.2315,-76.9544,0,0,0,0,0,0,4,1,2016,2,14.0,1.0,0,1.0,3,1,3,  ,2,3.0,0,0,1,0,0,0,0,0,0,0,0,0,0,0,0,0,0
20300,2016002320,1520.0,1513.0,2,2301,40.4489,-79.8939,0,0,0,0,1,0,4,1,2016,5,15.0,1.0,0,1.0,3,2,3,  ,0,0.0,0,0,1,0,0,0,0,0,0,0,0,0,0,0,0,0,0
20301,2016002705,1925.0,1922.0,9,9101,40.1187,-74.8443,0,0,0,0,0,1,4,1,2016,5,19.0,3.0,0,1.0,3,1,3,  ,2,3.0,0,0,1,0,0,0,0,0,0,0,0,0,0,0,0,0,0
20302,2016003236,750.0,750.0,6,6301,40.332,-75.9163,0,0,0,0,1,0,6,1,2016,7,7.0,1.0,0,9.0,3,1,7,  ,2,3.0,0,0,0,0,0,0,0,0,0,0,0,0,0,0,0,1,0
20303,2016003340,1850.0,1842.0,17,17206,40.9999,-78.3471,0,0,0,0,0,1,8,1,2016,6,18.0,2.0,0,9.0,1,0,7,  ,0,0.0,0,0,0,0,0,0,0,0,0,0,0,0,0,0,0,0,0
20304,2016003557,1448.0,1440.0,48,48101,40.6692,-75.3481,0,0,0,0,0,0,4,1,2016,7,14.0,1.0,0,9.0,3,0,7,  ,0,0.0,0,0,1,0,0,0,0,0,0,0,0,0,0,0,0,0,0
20305,2016004169,1807.0,1805.0,38,38301,40.3449,-76.4261,0,0,0,0,0,0,4,1,2016,2,18.0,3.0,0,1.0,2,1,3,  ,3,3.0,0,0,1,0,0,0,0,0,0,0,0,0,0,0,0,0,0
20306,2016005543,1700.0,1657.0,48,48409,40.6902,-75.4764,0,0,0,0,0,0,5,1,2016,2,16.0,4.0,0,1.0,3,2,3,  ,3,3.0,1,0,0,0,0,0,0,0,0,0,0,0,0,0,0,0,1
20307,2016005575,1550.0,1526.0,67,67301,39.9511,-75.198,0,0,0,0,0,0,5,1,2016,5,14.0,1.0,0,1.0,3,0,3,  ,0,0.0,0,0,0,0,0,0,0,0,0,0,0,0,0,0,0,0,0
20308,2016007593,1330.0,1329.0,67,67301,39.9617,-75.1561,0,0,0,0,0,0,4,1,2016,6,13.0,1.0,0,1.0,3,1,3,  ,2,3.0,1,0,1,0,0,0,0,0,0,0,0,1,0,0,0,0,0
20309,2016007958,907.0,906.0,23,23301,39.8567,-75.3607,0,0,0,0,0,0,4,1,2016,2,9.0,1.0,0,1.0,3,1,3,  ,3,3.0,0,0,1,0,0,0,0,0,0,0,0,0,0,0,0,0,0
20310,2016010131,2205.0,2148.0,2,2301,40.4616,-79.949,0,0,0,0,0,0,4,1,2016,2,21.0,3.0,0,9.0,3,1,3,  ,2,3.0,0,0,1,0,0,0,0,0,0,0,0,0,0,0,0,0,0
20311,2016011111,1451.0,1446.0,41,41301,41.2425,-77.0016,0,0,0,0,0,1,4,1,2016,4,14.0,1.0,7,1.0,3,0,3,  ,0,0.0,0,0,1,0,0,0,0,0,0,0,0,0,0,0,0,0,0
20312,2016011160,813.0,811.0,14,14410,40.7959,-77.8537,0,0,0,0,0,0,4,1,2016,5,8.0,1.0,0,1.0,3,2,3,  ,0,0.0,1,0,1,0,0,0,0,0,0,0,0,0,0,0,0,0,0
20313,2016012039,729.0,723.0,36,36218,40.1821,-76.2587,0,0,0,0,1,0,1,1,2016,5,7.0,5.0,0,1.0,1,0,3,  ,0,0.0,0,0,0,0,0,0,0,0,0,0,0,0,0,0,0,0,0
20314,2016012399,930.0,927.0,66,66231,39.951,-76.7764,0,0,0,1,0,0,4,1,2016,6,9.0,1.0,0,2.0,1,1,3,  ,3,3.0,0,0,1,0,1,0,0,0,0,0,0,0,0,0,0,0,0
20315,2016012421,1213.0,1211.0,23,23405,39.9153,-75.2823,0,0,0,0,0,1,2,2,2016,2,12.0,1.0,0,6.0,3,2,3,  ,3,3.0,0,0,0,0,0,0,0,0,0,0,0,0,0,0,0,0,0
20316,2016012427,1157.0,1156.0,15,15411,40.1306,-75.5224,0,0,0,0,1,0,1,2,2016,2,11.0,1.0,0,1.0,3,2,3,  ,3,3.0,1,0,0,0,0,0,0,0,0,0,1,0,0,0,1,0,0
20317,2016013130,645.0,645.0,46,46111,40.1267,-75.3682,0,0,0,0,0,0,5,2,2016,4,6.0,3.0,0,9.0,3,0,7,  ,3,3.0,0,0,0,0,0,0,0,0,0,0,0,0,0,0,0,0,0
20318,2016013296,1830.0,1830.0,67,67301,40.0114,-75.1754,0,0,0,0,0,0,5,1,2016,2,17.0,1.0,0,1.0,3,0,3,  ,0,0.0,1,0,0,0,0,0,0,0,0,0,0,0,0,0,0,0,0
20319,2016013415,1842.0,1835.0,2,2301,40.438,-79.9131,0,0,0,0,0,0,4,2,2016,4,18.0,3.0,0,1.0,3,1,3,  ,2,3.0,0,0,1,0,0,0,0,0,0,0,0,0,0,0,0,1,0
20320,2016013511,1211.0,1205.0,13,13202,40.785,-75.7103,0,0,0,0,0,0,5,1,2016,7,12.0,1.0,0,1.0,1,2,3,  ,0,0.0,0,0,0,0,0,0,0,0,0,0,0,0,0,0,0,0,0
20321,2016013680,1332.0,1329.0,23,23424,39.8974,-75.3512,0,0,0,0,0,0,4,2,2016,5,13.0,1.0,0,1.0,3,1,3,  ,2,3.0,0,0,1,0,0,0,0,0,0,0,0,0,0,0,0,0,0
20322,2016013833,1711.0,1709.0,67,67301,40.028,-75.051,0,0,0,0,0,1,4,1,2016,2,16.0,2.0,0,1.0,3,0,3,  ,0,0.0,0,0,1,0,0,0,0,0,0,0,0,0,0,0,0,1,0
20323,2016013869,1631.0,1630.0,67,67301,40.0202,-75.1266,0,0,0,0,0,0,4,1,2016,4,14.0,1.0,0,1.0,3,2,3,  ,0,0.0,0,0,1,0,0,0,0,0,0,0,0,0,0,0,0,0,0
20324,2016013884,1600.0,9999.0,67,67301,39.9757,-75.1894,0,0,0,0,1,0,1,1,2016,4,20.0,3.0,0,1.0,3,0,3,  ,0,0.0,0,0,0,0,0,0,0,0,0,0,0,0,0,0,0,0,0
20325,2016013890,1259.0,9999.0,67,67301,39.9226,-75.1852,0,0,0,0,0,1,4,1,2016,6,99.0,1.0,0,1.0,3,1,3,  ,2,3.0,0,0,1,0,0,0,0,0,0,0,0,0,0,0,0,1,0
20326,2016013900,749.0,742.0,67,67301,39.9615,-75.1594,0,0,0,0,0,0,4,1,2016,6,7.0,1.0,0,1.0,3,1,3,  ,3,3.0,1,0,1,0,0,0,0,0,0,0,0,0,0,0,0,0,0
20327,2016013977,805.0,755.0,67,67301,40.0139,-75.1695,0,0,0,0,0,0,4,1,2016,5,7.0,1.0,0,1.0,3,0,3,  ,0,0.0,0,0,1,0,0,0,0,0,0,0,0,0,0,0,0,0,0
20328,2016014202,2003.0,2000.0,23,23106,,,0,0,0,0,0,0,2,2,2016,5,19.0,2.0,7,9.0,3,0,3,  ,0,0.0,0,0,0,0,0,1,0,0,0,0,0,0,0,0,0,1,0
20329,2016014731,1701.0,1657.0,36,36225,40.1899,-76.5802,0,0,0,0,1,0,5,1,2016,4,16.0,1.0,0,1.0,2,0,3,  ,0,0.0,1,0,0,0,0,0,0,0,0,0,0,0,0,1,0,0,0
20330,2016015029,2220.0,2219.0,67,67301,39.9852,-75.1564,0,0,0,0,0,1,4,2,2016,7,22.0,3.0,7,1.0,3,0,3,  ,0,0.0,0,0,1,0,0,0,0,0,0,0,0,0,0,0,0,0,1
20331,2016015660,1645.0,1641.0,36,36301,40.0515,-76.315,0,0,0,0,0,0,4,2,2016,3,16.0,1.0,7,1.0,3,0,3,  ,3,3.0,1,0,1,0,0,0,0,0,0,0,0,0,0,0,0,0,0
20332,2016015794,1816.0,1816.0,46,46411,40.2455,-75.2824,0,0,0,0,0,1,4,2,2016,3,18.0,3.0,0,7.0,3,2,10,  ,3,3.0,0,0,1,0,0,0,0,0,0,0,0,0,0,0,0,0,0
20333,2016016003,1119.0,1110.0,67,67301,39.9788,-75.1586,0,0,0,0,0,0,5,2,2016,3,11.0,1.0,0,1.0,3,0,3,  ,0,0.0,0,0,0,0,0,0,0,0,0,0,0,0,0,0,0,0,0
20334,2016016592,1410.0,1410.0,67,67301,39.9235,-75.1628,0,0,0,0,0,0,4,1,2016,6,23.0,3.0,0,1.0,3,1,3,  ,2,3.0,0,0,1,0,0,0,0,0,0,0,0,0,0,0,0,0,0
20335,2016016614,1828.0,1824.0,67,67301,,,0,0,0,0,0,0,5,1,2016,4,18.0,3.0,0,1.0,3,0,3,  ,0,0.0,0,0,0,0,0,0,0,0,0,0,0,0,0,0,0,0,0
20336,2016017306,1229.0,1227.0,25,25416,42.1415,-80.0126,0,0,0,0,0,0,4,2,2016,1,12.0,1.0,0,1.0,3,1,3,  ,3,3.0,0,0,1,0,0,0,0,0,0,0,0,0,0,0,0,0,0
20337,2016017409,1557.0,1550.0,2,2301,40.4492,-80.0046,0,0,0,0,0,0,4,2,2016,7,15.0,1.0,1,9.0,3,1,3,  ,2,3.0,0,0,1,0,0,0,0,0,0,0,0,0,0,0,0,0,0
20338,2016017644,1448.0,1442.0,2,2301,40.4173,-80.0059,0,0,0,0,0,0,4,2,2016,1,14.0,1.0,0,6.0,3,1,3,  ,3,3.0,0,0,1,0,0,0,0,0,0,0,0,0,0,0,0,0,0
20339,2016018437,1113.0,1112.0,2,2213,40.4841,-80.1859,0,0,0,0,0,1,1,1,2016,1,11.0,1.0,0,1.0,3,0,3,  ,0,0.0,1,0,0,0,0,0,0,0,0,0,0,0,0,0,0,1,0
20340,2016019136,821.0,819.0,23,23111,39.955,-75.2993,0,0,0,0,0,0,4,2,2016,4,8.0,1.0,0,1.0,3,2,3,  ,3,3.0,0,0,1,0,0,0,0,0,0,0,0,0,0,0,0,0,0
20341,2016019175,1825.0,1815.0,67,67301,40.0463,-75.1957,0,0,0,0,0,0,5,2,2016,4,15.0,1.0,0,9.0,3,0,7,  ,0,0.0,0,0,0,0,0,0,0,0,0,0,0,0,0,0,0,0,0
20342,2016019191,1205.0,1204.0,9,9403,40.3085,-75.1336,0,0,0,0,0,0,5,2,2016,3,12.0,1.0,0,1.0,3,0,3,  ,0,0.0,0,1,0,0,0,0,0,0,0,0,0,0,0,0,0,0,0
20343,2016019783,1635.0,1625.0,67,67301,40.0378,-75.1313,0,0,0,0,0,0,5,2,2016,7,16.0,1.0,0,1.0,3,0,3,  ,0,0.0,0,0,0,0,0,0,0,0,0,0,0,0,0,0,0,0,0
20344,2016019784,1912.0,1912.0,67,67301,40.0298,-75.0668,0,0,0,0,0,1,4,2,2016,3,19.0,3.0,0,6.0,3,2,3,  ,3,3.0,0,0,1,0,0,0,0,0,0,0,0,0,0,0,0,0,0
20345,2016019826,1615.0,1608.0,67,67301,40.0405,-75.0474,0,0,0,0,0,1,4,1,2016,7,15.0,1.0,0,1.0,3,1,3,  ,2,3.0,0,0,1,0,0,0,0,0,0,0,0,0,0,0,0,0,0
20346,2016019836,150.0,145.0,67,67301,39.9998,-75.1388,0,0,0,0,0,0,1,2,2016,6,1.0,3.0,0,9.0,3,0,7,  ,0,0.0,0,0,0,0,0,1,0,0,0,0,0,0,0,0,0,0,0
20347,2016019895,1944.0,1931.0,67,67301,39.8981,-75.2534,0,0,0,1,0,0,4,2,2016,4,19.0,2.0,0,9.0,3,0,7,  ,0,0.0,0,0,1,0,1,0,0,0,0,0,0,0,0,0,0,0,0
20348,2016020272,1722.0,1721.0,19,19501,40.9969,-76.4527,0,0,0,0,0,0,4,2,2016,5,17.0,1.0,0,1.0,2,1,3,  ,0,0.0,0,0,1,0,0,0,0,0,0,0,0,0,0,0,0,0,0
20349,2016020301,1309.0,1304.0,67,67301,40.0939,-74.9797,0,0,0,0,0,0,2,1,2016,7,13.0,1.0,0,1.0,3,1,3,  ,2,3.0,0,0,0,0,0,0,0,0,0,0,0,0,0,0,0,0,0
20350,2016020426,1615.0,1555.0,62,62205,40.1693,-79.8717,0,0,0,0,0,1,4,2,2016,5,15.0,1.0,0,1.0,3,2,3,  ,3,3.0,0,0,1,0,0,0,0,0,0,0,0,0,0,0,0,0,0
20351,2016020811,1218.0,1214.0,22,22414,40.2333,-76.8375,0,0,0,0,0,0,4,2,2016,1,12.0,1.0,7,9.0,3,0,7,  ,0,0.0,1,0,1,0,0,0,0,0,0,0,0,0,0,0,0,0,0
20352,2016020824,1630.0,1624.0,9,9207,40.3784,-75.3082,0,0,0,0,0,0,1,2,2016,7,16.0,1.0,0,1.0,1,0,3,  ,0,0.0,1,0,0,0,0,0,0,0,0,0,0,0,0,0,0,1,0
20353,2016021499,949.0,947.0,40,40304,41.2464,-75.8871,0,0,0,0,0,0,4,2,2016,3,9.0,1.0,0,1.0,3,2,3,  ,2,3.0,0,0,1,0,0,0,0,0,0,0,0,0,0,0,0,1,0
20354,2016021768,617.0,615.0,39,39301,40.619,-75.4544,0,0,0,0,0,1,4,2,2016,3,6.0,3.0,0,1.0,3,2,3,  ,2,3.0,1,0,1,0,0,0,0,0,0,0,0,0,0,0,0,1,0
20355,2016021843,1430.0,1418.0,28,28203,39.9124,-77.5557,0,0,0,0,1,0,2,2,2016,6,14.0,1.0,0,1.0,1,0,3,  ,0,0.0,0,0,0,0,0,0,0,0,0,0,0,0,0,0,0,0,0
20356,2016022015,1637.0,1636.0,67,67301,39.9373,-75.1627,0,1,0,0,0,1,4,1,2016,2,16.0,1.0,7,9.0,3,0,10,  ,0,0.0,0,0,1,0,0,0,0,0,0,0,0,0,0,0,0,0,0
20357,2016022562,1751.0,1749.0,46,46101,40.1162,-75.1663,0,0,0,0,0,1,4,1,2016,1,17.0,3.0,0,9.0,3,1,3,  ,9,9.0,0,0,1,0,0,0,0,0,0,0,0,0,0,0,0,0,0
20358,2016023105,1315.0,1310.0,9,9409,40.2062,-74.7791,0,0,0,0,0,0,4,2,2016,5,13.0,1.0,0,1.0,3,1,3,  ,3,3.0,0,0,1,0,0,0,0,0,0,0,0,0,0,0,0,0,0
20359,2016023435,1111.0,1107.0,36,36204,40.2161,-76.2405,0,0,0,0,0,0,4,2,2016,7,11.0,1.0,7,1.0,1,0,3,  ,0,0.0,0,0,1,0,0,0,0,0,0,0,0,0,0,0,0,0,0
20360,2016023720,1713.0,1659.0,32,32218,40.7151,-79.1288,0,0,0,0,0,0,4,2,2016,1,16.0,1.0,0,1.0,1,2,3,  ,0,0.0,1,0,1,0,0,0,0,0,0,0,0,0,0,0,1,0,0
20361,2016024025,1127.0,1125.0,9,9211,40.2329,-74.8883,0,0,0,0,0,0,5,2,2016,1,11.0,1.0,0,1.0,3,2,3,  ,2,3.0,0,0,0,0,0,1,0,0,0,0,0,0,0,0,0,1,0
20362,2016024786,823.0,822.0,67,67301,39.9738,-75.2582,0,0,0,0,0,0,4,2,2016,4,7.0,1.0,5,1.0,3,1,3,  ,2,3.0,0,0,1,0,0,0,0,0,0,0,0,0,0,0,0,0,0
20363,2016024788,1902.0,1900.0,67,67301,39.9548,-75.1829,0,0,0,0,0,0,5,2,2016,4,18.0,2.0,0,9.0,3,0,7,  ,0,0.0,0,0,0,0,0,0,0,0,0,0,0,0,0,0,0,0,0
20364,2016025139,1438.0,1429.0,66,66412,40.0035,-76.6097,0,0,0,0,0,0,4,2,2016,1,14.0,1.0,0,1.0,3,0,3,  ,3,1.0,0,0,1,0,0,0,0,0,0,0,0,0,0,0,0,1,0
20365,2016026050,2105.0,2100.0,67,67301,39.9728,-75.2181,0,0,0,0,0,0,2,2,2016,3,21.0,3.0,0,9.0,3,0,99,  ,0,0.0,0,0,0,0,0,0,0,0,0,0,0,0,0,0,0,0,0
20366,2016026112,2210.0,2205.0,67,67301,39.9447,-75.1652,0,0,0,0,0,1,4,1,2016,6,22.0,3.0,0,1.0,3,1,3,  ,2,3.0,0,0,1,0,0,1,0,0,0,0,0,0,0,0,0,0,0
20367,2016026130,2011.0,2010.0,67,67301,39.9693,-75.1561,0,0,0,0,0,0,4,2,2016,5,20.0,3.0,0,1.0,3,1,3,  ,2,3.0,0,0,1,0,0,0,0,0,0,0,0,0,0,0,0,0,0
20368,2016026144,2032.0,2029.0,67,67301,39.9615,-75.1517,0,0,0,0,0,0,4,2,2016,3,18.0,1.0,0,9.0,3,1,3,  ,2,3.0,0,0,1,0,0,0,0,0,0,0,0,0,0,0,0,0,0
20369,2016026315,1850.0,1846.0,2,2438,40.4093,-79.9166,0,0,0,0,0,1,8,3,2016,3,18.0,3.0,0,1.0,3,1,3,  ,2,3.0,1,0,0,0,0,0,0,0,0,0,0,0,0,0,0,0,0
20370,2016026522,1554.0,1551.0,32,32408,40.6229,-79.1482,0,0,0,0,0,1,4,3,2016,6,15.0,1.0,0,1.0,2,1,3,  ,2,3.0,0,0,1,0,0,0,0,0,0,0,0,0,0,0,0,0,0
20371,2016026560,1354.0,1347.0,44,44205,40.6156,-77.5683,0,0,0,0,0,0,4,3,2016,3,13.0,1.0,7,1.0,1,0,3,  ,0,0.0,1,0,1,0,0,0,0,0,0,0,1,0,0,0,0,0,0
20372,2016026642,1700.0,1654.0,6,6301,40.3384,-75.9224,0,0,0,0,0,0,5,3,2016,3,16.0,1.0,0,1.0,3,0,3,  ,0,0.0,0,0,0,0,0,0,0,0,0,0,0,0,0,0,0,0,0
20373,2016027116,1627.0,1624.0,23,23301,39.8606,-75.3701,0,0,0,0,0,1,6,3,2016,4,16.0,1.0,0,1.0,3,0,3,  ,0,0.0,0,0,0,0,0,0,0,0,0,0,0,0,0,0,0,0,0
20374,2016027206,1529.0,1529.0,36,36214,40.0502,-76.3504,0,0,0,0,0,1,6,3,2016,5,15.0,1.0,0,1.0,3,2,3,  ,0,0.0,0,0,0,0,0,0,0,0,0,0,0,0,0,0,0,0,0
20375,2016027223,1413.0,1410.0,23,23103,39.9808,-75.2837,0,0,0,0,0,0,4,3,2016,1,14.0,1.0,0,1.0,3,2,3,  ,0,0.0,0,0,1,0,0,0,0,0,0,0,0,0,0,0,0,0,0
20376,2016027466,1625.0,1625.0,15,15403,40.0092,-75.7033,0,0,0,0,0,0,4,3,2016,4,16.0,1.0,7,1.0,3,0,3,  ,0,0.0,0,0,1,0,0,0,0,0,0,0,0,0,0,0,0,0,0
20377,2016027512,1640.0,1638.0,48,48401,40.8586,-75.2044,0,0,0,0,0,0,4,3,2016,4,16.0,1.0,0,1.0,2,2,3,  ,0,0.0,0,0,1,0,0,0,0,0,0,0,0,0,0,0,0,0,0
20378,2016027529,1001.0,940.0,67,67301,39.9469,-75.1834,0,0,0,0,0,1,4,2,2016,1,9.0,1.0,0,1.0,3,1,3,  ,3,3.0,1,0,1,0,0,0,0,0,0,0,0,0,1,0,0,0,0
20379,2016027577,1001.0,1000.0,67,67301,40.013,-75.1194,0,0,0,1,0,0,4,2,2016,4,9.0,1.0,0,9.0,3,1,7,  ,2,3.0,0,0,1,0,1,0,0,0,0,0,0,0,0,0,0,0,0
20380,2016027845,1908.0,1908.0,19,19402,41.0637,-76.2438,0,0,0,0,0,0,4,3,2016,6,19.0,3.0,0,1.0,2,1,3,  ,3,3.0,0,0,1,0,0,0,0,0,0,0,0,0,0,0,0,0,0
20381,2016027917,1733.0,1729.0,62,62406,40.2628,-80.1725,0,0,0,0,0,0,4,3,2016,2,17.0,1.0,0,1.0,3,2,3,  ,3,3.0,1,0,1,0,0,0,0,0,0,0,0,0,0,0,0,0,0
20382,2016028004,1859.0,1854.0,2,2207,40.5756,-79.9834,0,1,0,0,0,0,5,3,2016,7,18.0,2.0,0,1.0,3,0,3,  ,0,0.0,0,0,0,0,0,0,0,0,0,0,0,0,0,0,0,1,0
20383,2016028286,1643.0,1637.0,40,40434,41.3725,-76.0372,0,1,0,0,0,1,5,3,2016,4,16.0,1.0,0,1.0,3,0,3,  ,0,0.0,1,0,0,0,0,0,0,0,0,0,0,0,0,0,0,0,0
20384,2016028344,1558.0,1552.0,67,67301,39.9512,-75.1539,0,0,0,0,0,0,2,2,2016,7,15.0,1.0,0,1.0,3,0,3,  ,0,0.0,0,0,0,0,0,0,0,0,0,0,0,0,0,0,0,1,0
20385,2016028346,1522.0,1519.0,67,67301,39.9695,-75.1394,0,0,0,0,0,0,5,2,2016,7,14.0,1.0,0,1.0,3,0,3,  ,0,0.0,0,0,0,0,0,0,0,0,0,0,0,0,0,0,0,0,0