,CRN,ARRIVAL_TM,DISPATCH_TM,COUNTY,MUNICIPALITY,DEC_LAT,DEC_LONG,BICYCLE_DEATH_COUNT,BICYCLE_SUSP_SERIOUS_INJ_COUNT,BUS_COUNT,HEAVY_TRUCK_COUNT,SMALL_TRUCK_COUNT,SUV_COUNT,COLLISION_TYPE,CRASH_MONTH,CRASH_YEAR,DAY_OF_WEEK,HOUR_OF_DAY,ILLUMINATION,LOCATION_TYPE,ROAD_CONDITION,URBAN_RURAL,INTERSECT_TYPE,WEATHER1,WEATHER2,TCD_TYPE,TCD_FUNC_CD,AGGRESSIVE_DRIVING,ALCOHOL_RELATED,ANGLE_CRASH,CELL_PHONE,COMM_VEHICLE,DISTRACTED,DRINKING_DRIVER,DRUGGED_DRIVER,FATIGUE_ASLEEP,IMPAIRED_DRIVER,NHTSA_AGG_DRIVING,RUNNING_RED_LT,RUNNING_STOP_SIGN,SPEEDING_RELATED,TAILGATING,MATURE_DRIVER,YOUNG_DRIVER
20386,2016028523,1825.0,1820.0,36,36301,40.0465,-76.2967,0,0,0,0,0,1,5,3,2016,4,18.0,1.0,0,1.0,3,0,3,  ,0,0.0,0,0,0,0,0,0,0,0,0,0,0,0,0,0,0,0,0
20387,2016029019,800.0,800.0,35,35302,41.4133,-75.6904,0,0,0,0,0,0,8,3,2016,4,7.0,1.0,0,1.0,3,2,3,  ,9,9.0,0,0,0,0,0,0,0,0,0,0,0,0,0,0,0,0,0
20388,2016029125,1710.0,1710.0,25,25210,42.1215,-79.9809,0,0,0,0,0,1,4,3,2016,2,15.0,1.0,7,9.0,1,0,7,  ,3,3.0,1,0,1,0,0,0,0,0,0,0,0,0,0,0,0,0,0
20389,2016029127,1700.0,1657.0,23,23111,39.9572,-75.2636,0,0,0,0,1,0,4,3,2016,4,16.0,1.0,0,9.0,3,1,7,  ,2,3.0,0,0,1,0,0,0,0,0,0,0,0,0,0,0,0,0,0
20390,2016029362,915.0,913.0,67,67301,39.9752,-75.1532,0,0,0,0,0,0,4,3,2016,5,9.0,1.0,0,1.0,3,1,3,  ,3,3.0,1,0,1,0,0,0,0,0,0,0,0,0,0,0,0,0,0
20391,2016029593,348.0,348.0,67,67301,39.9556,-75.2023,0,0,0,0,0,0,4,3,2016,6,3.0,3.0,0,1.0,3,2,3,  ,2,3.0,1,0,1,0,0,0,0,0,0,0,0,0,0,0,0,0,0
20392,2016029648,644.0,641.0,9,9227,40.2451,-75.1227,0,0,0,0,0,1,1,3,2016,6,6.0,3.0,0,1.0,3,0,3,  ,0,0.0,0,0,0,0,0,0,0,0,0,0,0,0,0,0,0,0,0
20393,2016029735,945.0,937.0,23,23109,39.8753,-75.2618,0,0,0,0,0,0,4,3,2016,6,9.0,1.0,0,1.0,3,2,3,  ,3,3.0,1,0,1,0,0,0,0,0,0,0,0,0,1,0,0,0,0
20394,2016029767,2218.0,2216.0,67,67301,39.9554,-75.1559,0,0,0,0,0,0,4,2,2016,4,22.0,3.0,0,9.0,3,1,7,  ,2,3.0,1,0,1,0,0,0,0,0,0,0,0,0,0,0,0,0,0
20395,2016029801,1825.0,1824.0,67,67301,40.021,-75.0542,0,0,0,0,0,0,4,3,2016,5,18.0,3.0,0,1.0,3,1,3,  ,3,3.0,0,0,1,0,0,1,0,0,0,0,0,0,0,0,0,0,0
20396,2016029874,1910.0,1856.0,67,67301,39.9637,-75.2196,0,0,0,0,0,0,4,2,2016,5,18.0,3.0,0,1.0,3,5,3,  ,2,3.0,0,0,1,0,0,0,0,0,0,0,0,0,0,0,0,0,0
20397,2016029921,1805.0,1801.0,67,67301,39.9693,-75.1432,0,0,0,0,0,0,4,2,2016,2,16.0,1.0,0,1.0,3,1,3,  ,3,3.0,0,0,1,0,0,0,0,0,0,0,0,0,0,0,0,0,0
20398,2016029941,1915.0,1912.0,67,67301,39.9515,-75.2226,0,1,0,0,0,0,4,2,2016,7,19.0,3.0,0,1.0,3,1,3,  ,3,3.0,0,0,1,0,0,0,0,0,0,0,0,0,0,0,0,0,0
20399,2016029944,911.0,906.0,67,67301,39.9702,-75.1596,0,0,0,0,0,0,4,2,2016,5,9.0,1.0,0,9.0,3,1,7,  ,2,3.0,0,0,1,0,0,0,0,0,0,0,0,0,0,0,0,0,0
20400,2016029945,2138.0,2135.0,67,67301,39.9539,-75.1595,0,0,0,0,0,0,3,3,2016,4,21.0,3.0,0,1.0,3,1,3,  ,2,3.0,0,0,0,0,0,0,0,0,0,0,0,0,0,0,0,0,0
20401,2016029960,1617.0,1608.0,67,67301,39.9705,-75.1526,0,0,0,1,0,0,4,2,2016,2,14.0,1.0,0,1.0,3,1,3,  ,2,3.0,1,0,1,0,1,0,0,0,0,0,0,0,0,0,0,0,0
20402,2016030021,1724.0,1720.0,36,36238,40.1305,-76.1518,0,0,0,0,0,0,5,3,2016,6,17.0,1.0,0,1.0,3,0,3,  ,0,0.0,0,0,0,0,0,1,0,0,0,0,0,0,0,0,0,0,0
20403,2016030029,1855.0,1854.0,2,2301,40.4284,-79.9746,0,0,0,0,0,0,2,3,2016,6,18.0,1.0,0,1.0,3,1,3,  ,2,3.0,1,0,0,0,0,0,0,0,0,0,0,0,0,0,0,0,0
20404,2016030154,1606.0,1604.0,6,6427,40.3359,-75.9517,0,0,0,0,0,0,5,3,2016,5,16.0,1.0,0,9.0,3,1,3,  ,2,3.0,0,0,0,0,0,0,0,0,0,0,0,0,0,0,0,0,1
20405,2016030156,1636.0,1636.0,23,23301,39.8642,-75.3702,0,1,0,0,1,0,4,3,2016,6,16.0,1.0,0,1.0,3,0,3,  ,0,0.0,0,0,1,0,0,0,0,0,0,0,0,0,0,0,0,0,0
20406,2016030434,608.0,559.0,7,7203,40.4127,-78.399,1,0,0,0,0,0,1,3,2016,3,5.0,2.0,0,1.0,1,0,3,  ,0,0.0,0,0,0,0,0,0,0,0,0,0,0,0,0,0,0,1,0
20407,2016030552,1815.0,1813.0,23,23407,39.9199,-75.2576,0,0,0,0,0,0,4,3,2016,5,18.0,4.0,0,1.0,3,0,3,  ,0,0.0,0,0,1,0,0,0,0,0,0,0,0,0,0,0,0,1,0
20408,2016030611,817.0,815.0,2,2301,40.4511,-79.984,0,0,0,0,0,1,1,3,2016,2,8.0,1.0,0,1.0,3,1,3,  ,0,0.0,0,0,0,0,0,1,0,0,1,0,0,0,0,0,0,0,0
20409,2016030857,2108.0,2104.0,35,35302,41.4005,-75.6508,0,0,0,0,0,0,8,3,2016,2,21.0,3.0,3,1.0,3,0,3,  ,0,0.0,0,1,0,0,0,0,0,0,0,0,0,0,0,0,0,0,0
20410,2016030995,835.0,833.0,36,36301,40.0408,-76.309,0,0,0,0,0,0,4,3,2016,2,8.0,1.0,0,1.0,3,1,3,  ,3,3.0,1,0,1,0,0,0,0,0,0,0,0,0,0,0,0,0,0
20411,2016031478,1641.0,1637.0,33,33406,40.9435,-78.9711,0,0,0,0,0,0,4,3,2016,4,16.0,1.0,0,1.0,2,1,3,  ,2,3.0,1,0,1,0,0,0,0,0,0,0,0,0,0,0,0,0,0
20412,2016031675,1918.0,1914.0,7,7203,40.4284,-78.4174,0,1,0,0,0,0,4,3,2016,4,19.0,1.0,0,1.0,1,1,3,  ,2,3.0,0,0,1,0,0,0,0,0,0,0,0,0,0,0,0,1,0
20413,2016031832,2050.0,2047.0,46,46211,40.2354,-75.2335,0,0,0,0,0,1,4,3,2016,5,20.0,3.0,7,1.0,1,2,3,  ,2,3.0,1,0,1,0,0,0,0,0,0,0,0,0,0,0,0,0,0
20414,2016032019,1742.0,1741.0,67,67301,40.0101,-75.1214,0,0,0,0,0,0,4,3,2016,6,17.0,1.0,0,1.0,3,1,3,  ,2,3.0,1,0,1,0,0,0,0,0,0,0,0,0,0,0,0,0,1
20415,2016032099,1425.0,1417.0,67,67301,39.9438,-75.2378,0,0,0,0,0,0,4,3,2016,4,14.0,1.0,0,1.0,3,1,3,  ,2,3.0,0,0,1,0,0,0,0,0,0,0,0,0,0,0,0,0,0
20416,2016032109,1.0,2358.0,67,67301,39.9669,-75.2223,0,0,0,0,0,0,4,3,2016,3,23.0,3.0,0,1.0,3,10,3,  ,0,0.0,1,0,1,0,0,0,0,0,0,0,0,0,0,0,0,0,0
20417,2016032294,2050.0,2024.0,14,14206,40.8042,-77.8907,0,1,0,0,0,0,4,3,2016,6,17.0,1.0,7,1.0,1,0,3,  ,0,0.0,0,0,1,0,0,0,0,0,0,0,0,0,0,0,0,0,0
20418,2016032575,1845.0,1840.0,11,11301,40.3105,-78.9128,0,0,0,0,1,0,4,3,2016,5,18.0,1.0,0,1.0,3,0,3,  ,0,0.0,0,0,1,0,0,0,0,0,0,0,0,0,0,0,0,0,0
20419,2016032700,1342.0,1342.0,14,14410,40.7949,-77.86,0,0,0,0,0,1,8,3,2016,2,13.0,1.0,0,1.0,3,1,3,  ,0,0.0,1,0,0,0,0,0,0,0,0,0,0,0,0,0,0,0,0
20420,2016032742,1613.0,1610.0,46,46104,40.0219,-75.3127,0,0,0,0,0,0,4,3,2016,2,16.0,1.0,0,1.0,3,2,3,  ,3,3.0,0,0,1,0,0,0,0,0,0,0,0,0,0,0,0,1,0
20421,2016032835,1634.0,1634.0,23,23107,39.8951,-75.317,0,0,0,0,0,0,4,3,2016,2,16.0,1.0,0,1.0,3,1,3,  ,3,3.0,1,0,1,0,0,0,0,0,0,0,0,0,0,0,0,0,1
20422,2016032857,1634.0,1626.0,38,38301,40.3375,-76.4184,0,0,0,0,0,0,4,3,2016,2,15.0,1.0,0,1.0,2,2,3,  ,0,0.0,0,0,1,0,0,0,0,0,0,0,0,0,0,0,0,0,0
20423,2016032924,1929.0,1850.0,21,21203,40.1429,-77.5252,0,0,0,0,0,0,5,3,2016,6,17.0,1.0,0,1.0,1,0,3,  ,0,0.0,0,0,0,0,0,0,0,0,0,0,0,0,0,0,0,0,0
20424,2016033010,1951.0,1943.0,17,17223,41.0204,-78.4115,0,0,0,0,0,0,2,3,2016,7,19.0,4.0,0,1.0,1,0,3,  ,0,0.0,0,0,0,0,0,1,0,0,0,0,0,0,0,0,0,1,0
20425,2016033036,627.0,624.0,46,46104,40.0403,-75.2522,0,0,0,0,0,1,4,3,2016,6,6.0,3.0,2,1.0,3,2,3,  ,0,0.0,1,0,1,0,0,0,0,0,0,0,0,0,0,0,0,0,0
20426,2016033085,1940.0,1940.0,67,67301,40.0045,-75.0962,0,0,0,0,0,0,4,3,2016,3,19.0,3.0,0,1.0,3,0,3,  ,0,0.0,0,0,1,0,0,0,0,0,0,0,0,0,0,0,0,0,0
20427,2016033126,1602.0,1602.0,67,67301,39.933,-75.1776,0,0,0,0,0,0,5,3,2016,3,16.0,1.0,0,1.0,3,0,3,  ,0,0.0,0,0,0,0,0,0,0,0,0,0,0,0,0,0,0,0,0
20428,2016033426,1211.0,1209.0,67,67301,39.9562,-75.1941,0,0,0,0,1,0,6,3,2016,4,12.0,1.0,0,1.0,3,1,3,  ,2,3.0,0,0,0,0,0,1,0,0,0,0,0,0,0,0,0,0,0
20429,2016033455,900.0,605.0,67,67301,40.0193,-75.0813,1,0,1,0,0,0,5,3,2016,3,2.0,3.0,0,9.0,3,0,3,  ,0,0.0,0,1,0,0,1,0,0,0,0,0,0,0,0,0,0,0,0
20430,2016033730,754.0,752.0,36,36402,40.1575,-76.2047,0,0,0,0,0,0,4,3,2016,4,7.0,1.0,0,1.0,2,1,3,  ,2,3.0,1,0,1,0,0,0,0,0,0,0,0,0,0,0,0,0,0
20431,2016033731,1237.0,1228.0,6,6301,40.3363,-75.9278,0,0,0,0,0,0,4,3,2016,5,12.0,1.0,0,1.0,3,1,3,  ,2,3.0,0,0,1,0,0,0,0,0,0,0,0,0,0,0,0,0,0
20432,2016033780,1815.0,1810.0,67,67301,39.9213,-75.1618,0,0,0,0,0,0,4,3,2016,2,8.0,1.0,0,9.0,3,2,7,  ,3,3.0,0,0,1,0,0,0,0,0,0,0,0,0,0,0,0,0,0
20433,2016033785,720.0,716.0,67,67301,40.0401,-75.1939,0,0,0,0,0,0,4,3,2016,4,7.0,1.0,0,1.0,3,1,10,  ,3,3.0,1,0,1,0,0,0,0,0,0,0,0,0,0,0,0,0,0
20434,2016033807,9999.0,9999.0,67,67301,39.9626,-75.1873,0,0,0,0,0,0,4,3,2016,5,14.0,1.0,0,1.0,3,2,3,  ,3,3.0,1,0,1,0,0,0,0,0,0,0,0,0,1,0,0,0,0
20435,2016033837,1651.0,1634.0,67,67301,39.9383,-75.17,0,0,0,0,0,0,4,3,2016,3,15.0,1.0,0,1.0,3,1,3,  ,2,3.0,0,0,1,0,0,0,0,0,0,0,0,0,0,0,0,0,0
20436,2016033839,1628.0,1626.0,67,67301,39.9427,-75.1968,0,0,0,0,0,0,4,3,2016,6,16.0,1.0,3,9.0,3,0,3,  ,0,0.0,0,0,1,0,0,0,0,0,0,0,0,0,0,0,0,0,0
20437,2016033845,720.0,715.0,67,67301,39.9729,-75.2152,0,0,0,0,0,0,4,3,2016,6,7.0,1.0,0,1.0,3,0,3,  ,0,0.0,0,0,1,0,0,0,0,0,0,0,0,0,0,0,0,0,0
20438,2016033892,1845.0,1845.0,67,67301,39.9724,-75.1665,0,0,0,0,0,0,4,3,2016,1,99.0,1.0,0,9.0,3,1,7,  ,2,3.0,0,0,1,0,0,0,0,0,0,0,0,0,0,0,0,0,0
20439,2016033908,1925.0,1908.0,67,67301,39.9872,-75.1634,0,0,0,0,0,0,4,3,2016,4,19.0,3.0,0,1.0,3,2,3,  ,0,0.0,0,0,1,0,0,0,0,0,0,0,0,0,0,0,0,0,0
20440,2016033928,1315.0,1310.0,67,67301,39.9742,-75.1566,0,0,0,0,0,1,4,3,2016,5,13.0,1.0,0,1.0,3,1,3,  ,2,3.0,0,0,1,0,0,0,0,0,0,0,0,0,0,0,0,0,0
20441,2016033930,45.0,45.0,67,67301,39.93,-75.163,0,0,0,0,0,0,5,3,2016,3,0.0,3.0,0,9.0,3,0,7,  ,0,0.0,0,0,0,0,0,0,0,0,1,0,0,0,0,0,0,0,0
20442,2016034035,1535.0,1527.0,40,40414,41.2683,-75.89,0,0,0,0,0,0,4,3,2016,2,15.0,1.0,0,1.0,3,2,3,  ,2,3.0,0,0,1,0,0,0,0,0,0,0,0,0,0,0,0,0,0
20443,2016034119,1444.0,1440.0,26,26301,40.0177,-79.5892,0,0,0,0,0,1,4,3,2016,3,14.0,1.0,0,1.0,2,1,3,  ,2,3.0,0,0,1,0,0,0,0,0,0,0,0,0,0,0,0,0,0
20444,2016034203,1411.0,1411.0,40,40304,41.2406,-75.8713,0,0,0,0,0,0,4,4,2016,6,13.0,1.0,0,1.0,3,2,3,  ,0,0.0,0,0,1,0,0,0,0,0,0,0,0,0,0,0,0,0,0
20445,2016034207,1552.0,1549.0,23,23111,39.9524,-75.259,0,0,0,0,0,0,4,4,2016,6,15.0,1.0,0,1.0,3,1,3,  ,3,9.0,0,0,1,0,0,0,0,0,0,0,0,0,0,0,0,0,0
20446,2016034420,924.0,914.0,7,7301,40.5087,-78.3916,0,0,0,0,0,1,4,4,2016,6,9.0,1.0,0,1.0,3,0,3,  ,0,0.0,0,0,1,0,0,0,0,0,0,0,0,0,0,0,0,0,0
20447,2016035268,941.0,939.0,37,37301,40.9852,-80.3257,0,1,0,0,0,0,4,4,2016,3,9.0,1.0,0,1.0,2,1,3,  ,2,3.0,0,0,1,0,0,0,0,0,0,0,0,0,0,0,0,0,0
20448,2016035359,0.0,9999.0,67,67301,39.9249,-75.1733,0,0,0,0,0,0,4,3,2016,4,99.0,5.0,0,1.0,3,2,3,  ,0,0.0,0,0,1,0,0,0,0,0,0,0,0,0,0,0,0,0,0
20449,2016035364,0.0,9999.0,67,67301,39.9353,-75.1651,0,0,0,0,0,0,4,3,2016,7,99.0,6.0,0,1.0,3,1,3,  ,3,3.0,0,0,1,0,0,0,0,0,0,0,0,0,0,0,0,0,0
20450,2016035372,1628.0,1626.0,35,35302,41.437,-75.6541,0,0,0,0,0,0,4,4,2016,3,16.0,1.0,0,1.0,3,2,3,  ,3,3.0,1,0,1,0,0,0,0,0,0,0,1,0,0,0,0,0,0
20451,2016035496,1921.0,1915.0,2,2301,40.438,-79.9131,0,0,0,0,0,1,4,4,2016,3,19.0,1.0,0,1.0,3,1,3,  ,2,3.0,0,0,1,0,0,0,0,0,0,0,0,0,0,0,0,0,0
20452,2016036345,1455.0,1450.0,21,21206,40.2211,-77.1628,0,0,0,0,0,0,5,4,2016,4,14.0,1.0,0,1.0,1,0,3,  ,0,0.0,0,0,0,0,1,1,0,0,0,0,0,0,0,0,0,0,0
20453,2016036386,1645.0,1634.0,67,67301,39.9806,-75.2348,0,0,0,0,0,1,4,3,2016,3,16.0,1.0,7,1.0,3,0,3,  ,0,0.0,1,0,1,0,0,0,0,0,0,0,0,0,0,0,0,0,0
20454,2016036436,1510.0,1502.0,67,67301,39.9414,-75.2147,0,0,0,0,0,1,4,3,2016,6,99.0,1.0,0,1.0,3,2,3,  ,3,3.0,0,0,1,0,0,0,0,0,0,0,0,0,0,0,0,0,0
20455,2016036437,2043.0,2043.0,67,67301,39.9254,-75.2341,0,0,0,0,0,1,4,3,2016,7,20.0,3.0,0,1.0,3,0,3,  ,0,0.0,0,0,1,0,0,0,0,0,0,0,0,0,0,0,0,0,0
20456,2016036447,1800.0,1800.0,67,67301,39.9501,-75.164,0,0,0,0,0,1,4,3,2016,6,18.0,1.0,0,9.0,3,1,3,  ,2,3.0,0,0,1,0,0,0,0,0,0,0,0,0,0,0,0,0,0
20457,2016036476,1225.0,1214.0,67,67301,39.9383,-75.2163,0,0,0,0,0,0,4,3,2016,4,11.0,1.0,0,1.0,3,1,3,  ,2,3.0,1,0,1,0,0,0,0,0,0,0,0,0,0,0,0,0,0
20458,2016036505,2320.0,2315.0,67,67301,39.9419,-75.1588,0,0,0,0,0,0,4,3,2016,5,23.0,3.0,0,1.0,3,1,3,  ,3,3.0,1,0,1,0,0,0,0,0,0,0,0,0,0,0,0,0,0
20459,2016036819,1617.0,1604.0,5,5202,40.2643,-78.449,0,1,0,0,0,0,1,4,2016,3,16.0,1.0,0,1.0,1,0,3,  ,0,0.0,0,0,0,0,0,0,0,0,0,0,0,0,0,0,0,0,0
20460,2016036980,1106.0,1105.0,36,36408,40.1769,-76.1798,0,0,0,0,0,0,4,4,2016,1,11.0,1.0,7,1.0,2,0,3,  ,0,0.0,0,0,1,0,0,0,0,0,0,0,0,0,0,0,0,1,0
20461,2016037415,1744.0,1742.0,15,15225,39.853,-75.7416,0,0,0,0,0,0,1,3,2016,4,17.0,1.0,0,1.0,1,0,3,  ,0,0.0,0,0,0,0,0,0,0,0,0,0,0,0,0,0,0,0,0
20462,2016037667,743.0,740.0,66,66301,39.9614,-76.7502,0,0,0,0,0,0,4,4,2016,3,7.0,1.0,0,9.0,3,1,7,  ,3,3.0,0,0,1,0,0,0,0,0,0,0,0,0,0,0,0,0,0
20463,2016037721,1633.0,1633.0,22,22301,,,0,0,0,0,0,0,4,4,2016,6,16.0,1.0,0,1.0,3,0,3,  ,0,0.0,0,0,1,0,0,0,0,0,0,0,0,0,0,0,0,1,0
20464,2016037779,1734.0,1732.0,67,67301,39.9592,-75.2434,0,0,0,0,0,0,5,3,2016,7,17.0,1.0,0,1.0,3,1,3,  ,2,3.0,0,0,0,0,0,0,0,0,0,0,0,0,0,0,0,0,0
20465,2016037793,2005.0,2000.0,38,38301,40.3351,-76.4274,0,0,0,0,0,0,4,4,2016,4,19.0,3.0,0,1.0,2,1,3,  ,0,0.0,0,0,1,0,0,0,0,0,0,0,0,0,0,0,0,0,0
20466,2016037939,1952.0,1949.0,9,9101,40.1428,-74.8597,0,0,0,0,0,0,4,4,2016,3,19.0,3.0,0,1.0,3,2,3,  ,3,3.0,0,0,1,0,0,0,0,0,0,0,0,0,0,0,0,0,0
20467,2016038176,1630.0,1619.0,67,67301,39.9377,-75.2257,0,0,0,0,0,0,4,3,2016,3,13.0,1.0,0,1.0,3,1,3,  ,2,3.0,1,0,1,0,0,0,0,0,0,0,0,1,0,0,0,0,0
20468,2016038200,1630.0,1626.0,36,36301,40.0326,-76.3123,0,0,0,0,0,0,4,4,2016,4,16.0,1.0,0,1.0,3,1,3,  ,3,3.0,0,0,1,0,0,0,0,0,0,0,0,0,0,0,0,0,0
20469,2016038333,1925.0,1923.0,64,64305,40.5595,-79.7627,0,0,0,0,0,0,5,4,2016,4,19.0,1.0,0,1.0,3,2,3,  ,0,0.0,0,0,0,0,0,0,0,0,0,0,0,0,0,0,0,0,0
20470,2016038405,2000.0,1905.0,15,15252,39.9874,-75.9711,0,0,0,0,0,0,4,3,2016,7,18.0,4.0,0,1.0,1,2,98,  ,0,0.0,1,0,1,0,0,0,0,0,0,0,0,0,0,0,0,0,0
20471,2016038550,1606.0,1603.0,23,23402,39.8661,-75.405,0,0,0,0,0,0,4,4,2016,4,16.0,1.0,0,1.0,3,0,3,  ,0,0.0,0,0,1,0,0,1,0,0,0,0,0,0,0,0,0,1,0
20472,2016038627,1713.0,1711.0,2,2301,40.4436,-79.994,0,0,0,0,0,0,1,4,2016,5,17.0,1.0,0,1.0,3,0,3,  ,0,0.0,0,0,0,0,0,0,0,0,0,0,0,0,0,0,0,0,0
20473,2016038940,1725.0,1719.0,67,67301,39.9498,-75.2071,0,1,0,0,0,0,4,4,2016,6,17.0,1.0,0,1.0,3,1,3,  ,2,3.0,0,0,1,0,0,0,0,0,0,0,0,0,0,0,0,0,0
20474,2016038945,1830.0,1825.0,2,2301,40.4534,-79.8921,0,0,0,0,0,0,6,4,2016,6,18.0,1.0,0,1.0,3,0,3,  ,0,0.0,0,0,0,0,0,0,0,0,0,0,0,0,0,0,0,0,0
20475,2016038953,1705.0,1704.0,1,1407,39.8286,-77.2289,0,0,0,0,1,0,1,4,2016,6,17.0,1.0,0,1.0,2,2,3,  ,0,0.0,0,0,0,0,0,0,0,0,0,0,0,0,0,0,0,0,0
20476,2016039051,1717.0,1712.0,40,40101,41.2326,-75.9162,0,0,0,0,0,0,4,4,2016,6,17.0,1.0,0,1.0,3,1,3,  ,0,0.0,0,0,1,0,0,1,0,0,0,0,0,0,0,0,0,0,0
20477,2016039128,1203.0,1202.0,9,9101,40.1333,-74.8717,0,0,0,0,0,0,8,4,2016,7,12.0,1.0,0,1.0,3,2,3,  ,3,3.0,1,0,0,0,0,0,0,0,0,0,0,0,0,0,0,0,0
20478,2016039208,1755.0,1750.0,36,36407,40.1523,-76.6065,0,0,0,0,0,0,5,4,2016,7,17.0,1.0,0,1.0,2,0,3,  ,0,0.0,0,0,0,0,0,0,0,0,0,0,0,0,0,0,0,0,0
20479,2016039264,1801.0,1757.0,25,25302,42.1123,-80.1115,0,0,0,0,0,0,5,4,2016,7,17.0,1.0,0,1.0,3,2,3,  ,2,3.0,1,0,0,0,0,0,0,0,0,0,0,0,0,0,0,0,0
20480,2016039488,1943.0,1940.0,48,48302,40.68,-75.2082,0,0,0,0,0,0,4,4,2016,6,19.0,1.0,0,1.0,3,1,3,  ,3,3.0,0,0,1,0,0,0,0,0,0,0,0,0,0,0,0,0,0
20481,2016039545,1730.0,1728.0,66,66208,40.2067,-76.8534,0,1,0,0,0,0,2,4,2016,4,17.0,1.0,0,1.0,1,1,3,  ,2,3.0,0,0,0,0,0,0,0,0,0,0,0,0,0,0,0,0,0
20482,2016039648,1840.0,1836.0,67,67301,39.9265,-75.186,0,0,0,0,0,0,4,3,2016,2,18.0,1.0,0,1.0,3,1,3,  ,2,3.0,0,0,1,0,0,0,0,0,0,0,0,0,0,0,0,0,0
20483,2016039651,2115.0,2107.0,67,67301,40.0369,-75.1341,0,0,0,0,0,0,4,3,2016,4,19.0,3.0,0,1.0,3,1,3,  ,3,3.0,1,0,1,0,0,0,0,0,0,0,0,0,0,0,0,0,0
20484,2016039656,910.0,857.0,67,67301,39.9499,-75.1559,0,0,0,0,0,0,5,3,2016,3,8.0,1.0,0,1.0,3,0,3,  ,0,0.0,0,0,0,0,0,0,0,0,0,0,0,0,0,0,0,0,0
20485,2016039671,1535.0,1530.0,67,67301,39.9558,-75.2257,0,0,0,0,0,0,4,3,2016,6,13.0,1.0,0,1.0,3,1,3,  ,2,3.0,0,0,1,0,0,0,0,0,0,0,0,0,0,0,0,0,0
20486,2016039676,1735.0,1728.0,67,67301,39.9255,-75.2271,0,0,0,0,0,0,5,3,2016,5,17.0,1.0,0,1.0,3,0,3,  ,0,0.0,0,0,0,0,0,1,0,0,0,0,0,0,0,0,0,0,0
20487,2016039685,915.0,900.0,67,67301,39.9538,-75.1666,0,0,0,0,0,0,4,3,2016,5,8.0,1.0,0,1.0,3,1,3,  ,2,3.0,1,0,1,0,0,0,0,0,0,0,0,0,0,0,0,0,0
20488,2016039695,9999.0,9999.0,67,67301,39.9279,-75.2312,0,0,0,0,0,0,4,3,2016,5,17.0,1.0,0,1.0,3,2,3,  ,0,0.0,0,0,1,0,0,0,0,0,0,0,0,0,0,0,0,0,0
20489,2016039697,1355.0,1352.0,67,67301,39.949,-75.2211,0,0,0,0,0,0,4,3,2016,4,13.0,1.0,0,1.0,3,2,3,  ,3,3.0,0,0,1,0,0,0,0,0,0,0,0,0,0,0,0,0,0
20490,2016039754,1408.0,1403.0,66,66216,39.9755,-76.532,0,1,0,0,0,1,1,4,2016,6,14.0,1.0,0,1.0,1,2,3,  ,0,0.0,0,0,0,0,0,0,0,0,0,0,0,0,0,0,0,0,0
20491,2016039811,1724.0,1721.0,36,36101,40.1193,-76.3768,0,0,0,0,0,0,4,4,2016,2,17.0,1.0,0,1.0,3,0,3,  ,0,0.0,0,0,1,0,0,0,0,0,0,0,0,0,0,0,0,1,0
20492,2016039865,1925.0,1923.0,46,46109,40.1647,-75.2062,0,0,0,0,0,0,4,4,2016,2,19.0,1.0,7,1.0,3,0,3,  ,0,0.0,0,0,1,0,0,0,0,0,0,0,0,0,0,0,0,1,0
20493,2016040036,1200.0,1150.0,67,67301,39.9489,-75.1897,0,0,0,0,0,0,4,4,2016,3,11.0,1.0,0,1.0,3,2,3,  ,2,3.0,1,0,1,0,0,0,0,0,0,0,0,0,0,0,0,0,0
20494,2016040045,1528.0,1523.0,15,15214,40.0292,-75.5663,0,0,0,0,0,0,4,4,2016,6,15.0,1.0,0,1.0,3,1,3,  ,3,3.0,1,0,1,0,0,0,0,0,0,0,0,0,0,0,0,0,0
20495,2016040093,1758.0,1740.0,2,2108,40.5939,-79.9969,0,1,0,0,0,0,4,4,2016,2,17.0,1.0,0,1.0,3,1,3,  ,2,3.0,0,0,1,0,0,0,0,0,0,0,0,0,0,0,0,1,0
20496,2016040280,2356.0,2354.0,67,67301,39.9505,-75.1926,0,0,0,0,0,0,4,4,2016,3,23.0,3.0,0,1.0,3,1,3,  ,2,3.0,0,0,1,0,0,0,0,0,0,0,0,0,0,0,0,0,0
20497,2016040548,1728.0,1724.0,6,6301,40.3335,-75.9201,0,0,0,0,0,0,8,4,2016,3,19.0,1.0,0,1.0,3,1,3,  ,2,3.0,0,0,0,0,0,0,0,0,0,0,0,0,0,0,0,0,0
20498,2016040676,2157.0,2157.0,9,9208,40.2088,-74.8002,0,0,0,0,0,0,5,4,2016,4,21.0,3.0,0,1.0,3,0,3,  ,0,0.0,0,0,0,0,0,0,0,0,0,0,0,0,0,0,0,1,0
20499,2016040809,1629.0,1627.0,23,23103,39.9785,-75.295,0,0,0,0,0,0,4,4,2016,6,16.0,1.0,0,1.0,3,3,3,  ,0,0.0,0,0,1,0,0,0,0,0,0,0,0,0,0,0,0,0,0
20500,2016040857,1502.0,1502.0,67,67301,40.0011,-75.1247,0,0,0,0,0,0,4,4,2016,1,15.0,1.0,0,1.0,3,1,3,  ,2,3.0,0,0,1,0,0,0,0,0,0,0,0,0,0,0,0,0,0