,CRN,ARRIVAL_TM,DISPATCH_TM,COUNTY,MUNICIPALITY,DEC_LAT,DEC_LONG,BICYCLE_DEATH_COUNT,BICYCLE_SUSP_SERIOUS_INJ_COUNT,BUS_COUNT,HEAVY_TRUCK_COUNT,SMALL_TRUCK_COUNT,SUV_COUNT,COLLISION_TYPE,CRASH_MONTH,CRASH_YEAR,DAY_OF_WEEK,HOUR_OF_DAY,ILLUMINATION,LOCATION_TYPE,ROAD_CONDITION,URBAN_RURAL,INTERSECT_TYPE,WEATHER1,WEATHER2,TCD_TYPE,TCD_FUNC_CD,AGGRESSIVE_DRIVING,ALCOHOL_RELATED,ANGLE_CRASH,CELL_PHONE,COMM_VEHICLE,DISTRACTED,DRINKING_DRIVER,DRUGGED_DRIVER,FATIGUE_ASLEEP,IMPAIRED_DRIVER,NHTSA_AGG_DRIVING,RUNNING_RED_LT,RUNNING_STOP_SIGN,SPEEDING_RELATED,TAILGATING,MATURE_DRIVER,YOUNG_DRIVER
20501,2016040858,1836.0,1821.0,67,67301,39.9354,-75.2178,0,0,0,0,0,0,4,4,2016,2,99.0,4.0,0,9.0,3,1,7,  ,3,3.0,1,0,1,0,0,0,0,0,0,0,0,0,1,0,0,0,0
20502,2016040870,2333.0,2333.0,67,67301,40.0257,-75.0437,0,0,0,0,0,0,4,4,2016,5,21.0,3.0,0,9.0,3,0,7,  ,0,0.0,0,0,1,0,0,0,0,0,0,0,0,0,0,0,0,0,0
20503,2016040879,1356.0,1356.0,67,67301,40.0253,-75.1238,0,0,0,0,0,0,4,4,2016,2,13.0,1.0,0,1.0,3,5,3,  ,2,3.0,0,0,1,0,0,0,0,0,0,0,0,0,0,0,0,0,0
20504,2016040890,938.0,936.0,67,67301,39.993,-75.1682,0,0,0,0,0,1,4,4,2016,6,7.0,1.0,0,1.0,3,2,3,  ,3,3.0,1,0,1,0,0,0,0,0,0,0,0,0,0,0,0,0,1
20505,2016040904,715.0,700.0,67,67301,39.993,-75.1682,0,0,0,0,0,0,4,4,2016,6,7.0,1.0,0,9.0,3,2,7,  ,0,0.0,0,0,1,0,0,0,0,0,0,0,0,0,0,0,0,0,0
20506,2016040908,9999.0,9999.0,67,67301,40.0481,-75.1477,0,0,0,0,0,0,8,3,2016,4,20.0,3.0,0,1.0,3,1,3,  ,3,3.0,1,0,0,0,0,0,0,0,0,0,0,0,0,0,0,0,0
20507,2016040940,2130.0,2050.0,67,67301,39.9233,-75.1818,0,0,0,0,0,1,4,4,2016,7,20.0,3.0,0,1.0,3,5,3,  ,2,3.0,1,0,1,0,0,0,0,0,0,0,0,0,0,0,0,0,0
20508,2016040942,1800.0,1800.0,67,67301,39.9645,-75.1779,0,0,0,0,0,0,4,4,2016,1,16.0,1.0,0,1.0,3,3,3,  ,0,0.0,1,0,1,0,0,0,0,0,0,0,0,0,0,0,0,0,0
20509,2016041024,2322.0,2318.0,67,67301,40.0054,-75.1094,0,0,0,0,0,0,4,3,2016,4,22.0,3.0,0,1.0,3,1,3,  ,2,3.0,0,0,1,0,0,0,0,0,0,0,0,0,0,0,0,0,0
20510,2016041297,733.0,732.0,6,6301,40.3362,-75.922,0,0,0,0,0,0,4,4,2016,5,7.0,1.0,0,1.0,3,1,3,  ,3,3.0,0,0,1,0,0,0,0,0,0,0,0,0,0,0,0,0,0
20511,2016041357,1813.0,1813.0,46,46402,40.1054,-75.3421,0,1,0,0,0,0,4,4,2016,4,18.0,1.0,7,1.0,3,0,3,  ,0,0.0,1,0,1,0,0,0,0,0,0,0,0,0,0,0,0,0,0
20512,2016041457,1548.0,1542.0,36,36227,40.1437,-76.3817,0,0,0,0,0,1,4,4,2016,2,15.0,1.0,0,1.0,1,1,3,  ,0,0.0,0,0,1,0,0,0,0,0,0,0,0,0,0,0,0,0,0
20513,2016041463,1949.0,1942.0,66,66101,39.9593,-76.7,0,0,0,0,1,0,4,4,2016,7,19.0,4.0,0,1.0,1,2,3,  ,3,3.0,0,0,1,0,0,0,0,0,0,0,0,0,0,0,0,0,0
20514,2016041512,2027.0,2019.0,48,48217,40.673,-75.215,0,0,0,0,0,0,4,4,2016,5,20.0,2.0,0,1.0,1,0,3,  ,0,0.0,0,0,1,0,0,0,0,0,0,0,0,0,0,0,0,0,0
20515,2016041701,1100.0,1056.0,25,25302,42.1008,-80.1036,0,0,0,0,1,0,4,4,2016,7,10.0,1.0,0,1.0,3,2,3,  ,3,3.0,1,0,1,0,0,0,0,0,0,0,0,0,0,0,0,0,0
20516,2016041848,900.0,900.0,38,38301,40.338,-76.4151,0,0,0,0,1,0,4,4,2016,3,17.0,1.0,0,1.0,2,1,3,  ,3,3.0,1,0,1,0,0,0,0,0,0,0,0,0,0,0,0,0,0
20517,2016042208,1512.0,1512.0,22,22301,40.2749,-76.8668,0,0,0,0,1,0,4,4,2016,7,15.0,1.0,0,1.0,3,1,3,  ,0,0.0,1,0,1,0,0,0,0,0,0,0,0,0,0,0,0,0,0
20518,2016042243,1412.0,1408.0,19,19216,40.9625,-76.4704,0,1,0,0,0,0,1,4,2016,1,14.0,1.0,0,1.0,1,0,3,  ,0,0.0,0,0,0,0,0,1,0,0,0,0,0,0,0,0,0,1,0
20519,2016042260,1537.0,1527.0,2,2301,40.4372,-79.9745,0,0,0,0,0,0,4,4,2016,2,15.0,1.0,0,1.0,3,1,3,  ,3,3.0,1,0,1,0,0,0,0,0,0,0,0,0,0,0,0,0,0
20520,2016042261,1615.0,1613.0,46,46413,40.1241,-75.3378,0,0,0,0,0,0,4,4,2016,2,16.0,1.0,0,1.0,3,1,3,  ,3,3.0,0,0,1,0,0,0,0,0,0,0,0,0,0,0,0,0,0
20521,2016042289,1449.0,1445.0,46,46105,40.1167,-75.0544,0,0,0,0,0,1,5,4,2016,4,14.0,1.0,0,1.0,3,0,3,  ,0,0.0,1,0,0,0,0,0,0,0,0,0,0,0,0,0,0,1,0
20522,2016042396,1728.0,1728.0,2,2424,40.383,-79.807,0,0,0,0,0,0,4,4,2016,2,17.0,1.0,0,1.0,3,1,3,  ,0,0.0,0,0,1,0,0,0,0,0,0,0,0,0,0,0,0,0,0
20523,2016042643,941.0,935.0,32,32408,40.6206,-79.1546,0,0,0,0,0,0,4,4,2016,3,9.0,1.0,0,1.0,2,1,3,  ,3,3.0,1,0,1,0,0,1,0,0,0,0,0,0,1,0,0,0,1
20524,2016043248,1315.0,1314.0,6,6301,40.3406,-75.9376,0,0,0,0,0,0,2,4,2016,4,13.0,1.0,0,1.0,3,0,3,  ,0,0.0,1,0,0,0,0,0,0,0,0,0,0,0,0,1,0,0,0
20525,2016043378,1710.0,1706.0,67,67301,40.0413,-75.1758,0,0,0,0,0,1,4,4,2016,2,17.0,1.0,0,1.0,3,1,3,  ,3,3.0,0,0,1,0,0,0,0,0,0,0,0,0,0,0,0,0,0
20526,2016043466,1952.0,1949.0,7,7301,40.5124,-78.3861,0,0,0,0,0,1,4,4,2016,4,19.0,1.0,0,1.0,3,0,3,  ,0,0.0,0,0,1,0,0,0,0,0,0,0,0,0,0,0,0,0,0
20527,2016043704,1940.0,1934.0,67,67301,40.0246,-75.1306,0,0,0,0,0,1,4,3,2016,4,19.0,3.0,0,1.0,3,1,3,  ,2,3.0,0,0,1,0,0,0,0,0,0,0,0,0,0,0,0,1,0
20528,2016044094,2250.0,2249.0,6,6301,40.3383,-75.9171,0,0,0,0,0,0,2,4,2016,7,22.0,3.0,0,9.0,3,1,7,  ,3,3.0,0,0,0,0,0,0,0,0,0,0,0,0,0,0,0,0,0
20529,2016044127,920.0,918.0,36,36301,40.0494,-76.3035,0,0,0,0,0,0,4,5,2016,1,9.0,1.0,0,9.0,3,1,7,  ,2,3.0,0,0,1,0,0,0,0,0,0,0,0,0,0,0,0,0,0
20530,2016044478,742.0,740.0,23,23104,39.8274,-75.4283,0,0,0,0,0,0,8,4,2016,5,7.0,1.0,0,1.0,3,2,3,  ,0,0.0,0,0,0,0,0,0,0,0,0,0,0,0,0,0,0,0,0
20531,2016044485,1444.0,1441.0,17,17301,41.1214,-78.7586,0,0,0,0,0,1,4,4,2016,6,14.0,1.0,0,1.0,2,2,3,  ,2,3.0,0,0,1,0,0,0,0,0,0,0,0,0,0,0,0,0,0
20532,2016044534,1115.0,1108.0,67,67301,39.9882,-75.1558,0,0,0,0,0,0,5,4,2016,3,10.0,1.0,0,1.0,3,0,3,  ,0,0.0,0,0,0,0,0,0,0,0,0,0,0,0,0,0,0,0,0
20533,2016044550,1826.0,1824.0,67,67301,39.9397,-75.2229,0,0,0,0,0,0,5,4,2016,1,18.0,4.0,0,1.0,3,1,3,  ,2,3.0,0,1,0,0,0,0,0,0,0,0,0,0,0,0,0,0,0
20534,2016044560,1715.0,1702.0,67,67301,39.959,-75.2354,0,0,0,0,0,0,4,4,2016,6,17.0,1.0,0,1.0,3,1,3,  ,3,3.0,0,0,1,0,0,0,0,0,0,0,0,0,0,0,0,1,0
20535,2016044624,2059.0,2053.0,9,9403,40.3188,-75.1307,0,0,0,0,0,0,4,4,2016,5,20.0,3.0,0,9.0,3,2,7,  ,2,3.0,0,0,1,0,0,0,0,0,0,0,0,0,0,0,0,0,0
20536,2016045047,1722.0,1722.0,46,46215,40.2216,-75.3875,0,0,0,0,0,0,4,4,2016,2,17.0,1.0,0,1.0,1,1,3,  ,2,3.0,1,0,1,0,0,0,0,0,0,0,0,0,0,0,0,0,0
20537,2016045171,2359.0,2345.0,2,2301,40.4643,-79.9327,0,1,0,0,0,1,1,5,2016,3,23.0,3.0,0,1.0,3,0,3,  ,0,0.0,0,0,0,1,0,1,0,0,0,0,0,0,0,0,0,0,0
20538,2016045227,850.0,848.0,36,36234,40.0896,-76.1953,0,0,0,0,0,0,4,4,2016,6,8.0,1.0,0,9.0,1,0,7,  ,0,0.0,0,0,1,0,0,0,0,0,0,0,0,0,0,0,0,0,0
20539,2016045741,1620.0,1614.0,67,67301,39.9556,-75.1895,0,0,0,0,0,0,4,5,2016,5,14.0,1.0,0,1.0,3,1,3,  ,2,3.0,0,0,1,0,0,0,0,0,0,0,0,0,0,0,0,0,0
20540,2016046089,1628.0,1626.0,67,67301,39.9876,-75.161,0,0,0,0,0,1,4,4,2016,1,15.0,1.0,0,1.0,3,0,3,  ,0,0.0,0,0,1,0,0,0,0,0,0,0,0,0,0,0,0,0,0
20541,2016046108,855.0,850.0,67,67301,39.9605,-75.1388,0,0,0,0,0,0,5,4,2016,5,8.0,1.0,0,1.0,3,0,3,  ,0,0.0,1,0,0,0,0,0,0,0,0,0,0,0,0,1,0,0,0
20542,2016046129,1820.0,1810.0,67,67301,39.9337,-75.2316,0,0,0,0,0,0,4,4,2016,5,18.0,1.0,0,1.0,3,1,3,  ,3,3.0,0,0,1,0,0,0,0,0,0,0,0,0,0,0,0,0,0
20543,2016046470,1250.0,1244.0,66,66212,39.9993,-76.6246,0,0,0,0,0,0,5,4,2016,6,12.0,1.0,0,1.0,1,0,3,  ,0,0.0,0,0,0,0,0,0,0,0,1,0,0,0,0,0,0,1,0
20544,2016046553,1548.0,1547.0,62,62302,40.1716,-80.2519,0,0,0,0,0,0,4,5,2016,6,15.0,1.0,0,1.0,3,1,3,  ,2,3.0,0,0,1,0,0,0,0,0,0,0,0,0,0,0,0,0,0
20545,2016046639,1449.0,1444.0,2,2108,40.6051,-80.0059,0,0,0,0,0,0,4,5,2016,7,14.0,1.0,0,1.0,3,2,3,  ,0,0.0,0,0,1,0,0,0,0,0,0,0,0,0,0,0,0,0,0
20546,2016046765,1814.0,1814.0,23,23405,39.9173,-75.2856,0,0,0,0,0,0,4,5,2016,1,18.0,1.0,0,1.0,3,1,3,  ,3,9.0,0,0,1,0,0,0,0,0,0,0,0,0,0,0,0,1,0
20547,2016046824,1930.0,1930.0,36,36301,40.0399,-76.3029,0,0,0,0,0,0,4,4,2016,4,19.0,4.0,0,1.0,3,1,3,  ,3,3.0,1,0,1,0,0,0,0,0,0,0,0,0,0,0,0,0,0
20548,2016046974,1618.0,1615.0,67,67301,39.9458,-75.1668,0,0,0,0,0,0,4,4,2016,3,15.0,1.0,0,1.0,3,1,3,  ,2,3.0,0,0,1,0,0,0,0,0,0,0,0,0,0,0,0,0,0
20549,2016046998,2146.0,2139.0,67,67301,39.9478,-75.2254,0,0,0,0,0,0,4,4,2016,6,21.0,3.0,0,1.0,3,1,3,  ,1,3.0,0,0,1,0,0,0,0,0,0,0,0,0,0,0,0,0,0
20550,2016047011,1809.0,1809.0,67,67301,39.9919,-75.1509,0,0,0,0,0,0,2,4,2016,1,18.0,1.0,0,1.0,3,0,3,  ,0,0.0,0,0,0,0,0,0,0,0,0,0,0,0,0,0,0,0,0
20551,2016047039,607.0,603.0,67,67301,40.0995,-74.9864,0,0,0,0,0,1,4,4,2016,4,6.0,5.0,2,1.0,3,1,3,  ,2,3.0,0,0,1,0,0,0,0,0,0,0,0,0,0,0,0,0,0
20552,2016047294,1202.0,1200.0,18,18213,41.0738,-77.4115,0,0,0,0,0,0,2,5,2016,7,11.0,1.0,0,1.0,1,0,3,  ,0,0.0,1,0,0,0,0,0,0,0,0,0,0,0,0,0,0,1,0
20553,2016047366,1310.0,1300.0,2,2301,40.4536,-79.893,0,0,0,0,0,0,8,5,2016,2,11.0,1.0,0,1.0,3,2,3,  ,0,0.0,0,0,0,0,0,0,0,0,0,0,0,0,0,0,0,1,0
20554,2016047580,1808.0,1804.0,2,2446,40.4387,-79.7471,0,0,0,0,0,1,2,5,2016,3,18.0,1.0,0,1.0,3,0,3,  ,0,0.0,0,0,0,0,0,0,0,0,0,0,0,0,0,0,0,0,0
20555,2016047802,1800.0,1747.0,67,67301,40.066,-75.1519,0,0,0,0,0,0,4,4,2016,4,17.0,1.0,0,1.0,3,1,3,  ,3,3.0,1,0,1,0,0,0,0,0,0,0,0,0,0,0,0,0,0
20556,2016047979,1725.0,1713.0,19,19402,41.0569,-76.2427,0,1,0,0,0,0,8,5,2016,4,17.0,1.0,0,1.0,2,0,3,  ,0,0.0,0,0,0,0,0,0,0,0,0,0,0,0,0,0,0,0,0
20557,2016048194,722.0,711.0,67,67301,39.9631,-75.1612,0,0,0,0,0,1,4,4,2016,5,6.0,1.0,0,1.0,3,2,3,  ,0,0.0,1,0,1,0,0,0,0,0,0,0,0,0,0,0,0,0,0
20558,2016048304,2024.0,2020.0,6,6301,40.3369,-75.9161,0,0,0,0,0,1,4,5,2016,5,20.0,1.0,0,1.0,3,0,3,  ,0,0.0,0,0,1,0,0,0,0,0,0,0,0,0,0,0,0,0,0
20559,2016048531,1711.0,1707.0,67,67301,40.0181,-75.1593,0,0,0,0,0,0,4,4,2016,4,16.0,1.0,0,1.0,3,2,3,  ,3,3.0,1,0,1,0,0,0,0,0,0,0,0,0,0,0,0,0,0
20560,2016048600,1830.0,1827.0,67,67301,40.0266,-75.1391,0,0,0,0,0,0,1,4,2016,6,18.0,1.0,0,1.0,3,0,3,  ,0,0.0,1,0,0,0,0,0,0,0,0,0,0,0,0,1,0,0,0
20561,2016048603,730.0,715.0,67,67301,40.0398,-75.1248,0,0,0,0,0,0,4,4,2016,2,7.0,1.0,0,1.0,3,2,3,  ,0,0.0,0,0,1,0,0,0,0,0,0,0,0,0,0,0,0,0,0
20562,2016048657,1550.0,1543.0,67,67301,40.0427,-75.1299,0,0,0,0,0,0,4,4,2016,1,14.0,1.0,0,1.0,3,0,3,  ,0,0.0,0,0,1,0,0,0,0,0,0,0,0,0,0,0,0,0,0
20563,2016048663,1839.0,1837.0,67,67301,39.9396,-75.2228,0,0,0,0,0,0,5,4,2016,2,17.0,1.0,0,1.0,3,0,3,  ,0,0.0,0,0,0,0,0,0,0,0,0,0,0,0,0,0,0,0,0
20564,2016048668,1910.0,1904.0,67,67301,40.0155,-75.0633,0,0,0,0,1,0,4,4,2016,3,19.0,1.0,0,9.0,3,1,7,  ,2,3.0,0,0,1,0,0,0,0,0,0,0,0,0,0,0,0,1,0
20565,2016048682,1351.0,1351.0,67,67301,39.9615,-75.1513,0,0,0,0,0,1,4,3,2016,3,21.0,6.0,0,1.0,3,2,99,  ,0,0.0,1,0,1,0,0,0,0,0,0,0,0,0,0,0,0,0,0
20566,2016048823,2018.0,2015.0,26,26301,40.0179,-79.5987,0,0,0,0,0,1,8,5,2016,6,20.0,1.0,0,1.0,2,0,3,  ,0,0.0,0,0,0,0,0,1,0,0,0,0,0,0,0,0,0,0,0
20567,2016048975,2102.0,2058.0,43,43303,41.2333,-80.4714,0,0,0,0,0,0,4,5,2016,4,20.0,3.0,0,1.0,3,1,3,  ,2,3.0,0,0,1,0,0,1,0,0,0,0,0,0,0,0,0,0,0
20568,2016048983,1600.0,1553.0,7,7301,40.5242,-78.3955,0,0,0,0,0,0,4,5,2016,6,15.0,1.0,0,1.0,3,1,3,  ,0,0.0,0,0,1,0,0,0,0,0,0,0,0,0,0,0,0,1,0
20569,2016049196,1236.0,1234.0,67,67301,39.9536,-75.1986,0,0,0,0,0,0,1,5,2016,1,12.0,1.0,0,1.0,3,1,3,  ,2,3.0,1,0,0,0,0,0,0,0,0,0,0,0,0,0,0,0,0
20570,2016049362,1815.0,1810.0,2,2108,40.6051,-80.0058,0,0,0,0,0,0,4,5,2016,1,16.0,1.0,7,1.0,3,0,3,  ,0,0.0,1,0,1,0,0,0,0,0,0,0,0,0,0,0,0,0,0
20571,2016049369,1959.0,1957.0,36,36301,40.0334,-76.3135,0,0,0,0,0,1,4,5,2016,6,19.0,1.0,0,1.0,3,1,3,  ,3,3.0,0,0,1,0,0,0,0,0,0,0,0,0,0,0,0,0,0
20572,2016049598,930.0,927.0,46,46104,40.0134,-75.2658,0,0,0,0,0,0,4,4,2016,4,9.0,1.0,0,1.0,3,2,3,  ,3,3.0,1,0,1,0,0,0,0,0,0,0,0,0,1,0,0,1,0
20573,2016049635,1259.0,1258.0,2,2448,40.4092,-79.8994,0,0,0,0,1,0,6,5,2016,2,12.0,1.0,0,1.0,3,2,3,  ,3,3.0,0,0,0,0,0,0,0,0,0,0,0,0,0,0,0,0,0
20574,2016049781,1524.0,1522.0,9,9219,40.3546,-75.1538,0,0,0,0,0,0,8,5,2016,1,15.0,1.0,3,1.0,1,0,3,  ,0,0.0,1,0,0,0,0,0,0,0,0,0,0,0,0,0,0,0,0
20575,2016050030,1547.0,1540.0,36,36101,40.0513,-76.3261,0,0,0,0,0,0,2,5,2016,3,15.0,1.0,0,9.0,3,0,3,  ,0,0.0,0,0,0,0,0,0,0,0,0,0,0,0,0,0,0,0,0
20576,2016050206,1713.0,1656.0,23,23416,39.9213,-75.3216,0,0,0,0,0,0,4,5,2016,3,16.0,1.0,0,9.0,3,0,7,  ,0,0.0,0,0,1,0,0,0,0,0,0,0,0,0,0,0,0,0,0
20577,2016050437,1257.0,1253.0,46,46411,40.2527,-75.2861,0,0,0,0,0,0,4,5,2016,4,12.0,1.0,0,1.0,3,2,3,  ,3,3.0,1,0,1,0,0,0,0,0,0,0,0,0,0,0,0,0,0
20578,2016050606,1859.0,1859.0,4,4426,40.7018,-80.2807,0,0,0,0,0,0,4,4,2016,4,18.0,1.0,0,1.0,3,1,3,  ,3,3.0,0,0,1,0,0,0,0,0,0,0,0,0,0,0,0,0,0
20579,2016050751,810.0,805.0,15,15208,39.9851,-75.5424,0,0,0,0,0,0,8,5,2016,5,8.0,1.0,0,1.0,3,2,3,  ,3,2.0,0,0,0,0,0,0,0,0,0,0,0,0,0,0,0,0,0
20580,2016050760,1428.0,1425.0,2,2118,40.5481,-79.9722,0,0,0,0,0,0,4,5,2016,1,99.0,1.0,0,1.0,3,3,3,  ,0,0.0,1,0,1,0,0,0,0,0,0,0,0,0,0,0,0,1,0
20581,2016050784,1126.0,1122.0,40,40304,41.2298,-75.889,0,0,0,0,0,0,4,5,2016,5,11.0,1.0,0,1.0,3,2,3,  ,3,3.0,0,0,1,0,0,0,0,0,0,0,0,0,0,0,0,1,0
20582,2016050801,1404.0,1403.0,9,9219,40.3898,-75.1441,0,0,0,1,0,0,4,5,2016,4,14.0,1.0,0,1.0,1,2,3,  ,3,3.0,1,0,1,0,1,0,0,0,0,0,0,0,0,0,0,0,0
20583,2016050833,2118.0,2117.0,39,39301,40.6068,-75.4781,0,1,0,0,0,1,4,5,2016,1,21.0,3.0,0,1.0,3,1,3,  ,3,3.0,1,0,1,0,0,0,0,0,0,0,0,0,1,0,0,0,0
20584,2016050996,1750.0,1737.0,2,2301,40.4268,-79.938,0,0,0,0,0,0,4,5,2016,2,17.0,1.0,0,1.0,3,2,3,  ,3,3.0,1,0,1,0,0,0,0,0,0,0,0,0,0,0,0,0,0
20585,2016051150,805.0,801.0,2,2301,40.4697,-79.921,0,0,0,0,0,0,8,5,2016,6,8.0,1.0,0,1.0,3,1,3,  ,2,3.0,0,0,0,0,0,0,0,0,0,0,0,0,0,0,0,1,0
20586,2016051263,1324.0,1320.0,46,46220,40.0733,-75.345,0,0,0,0,1,0,4,5,2016,6,13.0,1.0,0,1.0,3,2,3,  ,2,3.0,1,0,1,0,0,0,0,0,0,0,0,0,0,0,0,0,0
20587,2016051275,720.0,705.0,67,67301,39.9756,-75.1215,0,1,0,0,0,1,4,4,2016,4,7.0,1.0,7,1.0,3,2,3,  ,0,0.0,0,0,1,0,0,0,0,0,0,0,0,0,0,0,0,0,0
20588,2016051308,1545.0,1545.0,46,46419,40.1833,-75.5423,0,0,0,0,0,1,4,5,2016,6,15.0,1.0,7,1.0,3,2,3,  ,0,0.0,0,0,1,0,0,0,0,0,0,0,0,0,0,0,0,0,0
20589,2016051445,2350.0,2344.0,23,23111,39.9647,-75.2974,0,0,0,0,0,0,6,5,2016,6,23.0,3.0,0,1.0,3,2,3,  ,3,3.0,0,0,0,0,0,0,0,0,0,0,0,0,0,0,0,0,0
20590,2016051567,1020.0,1017.0,25,25302,42.1147,-80.0801,0,0,0,0,0,1,4,5,2016,7,10.0,1.0,0,1.0,3,1,3,  ,2,3.0,0,0,1,0,0,0,0,0,0,0,0,0,0,0,0,0,0
20591,2016051627,1751.0,1747.0,36,36301,40.0364,-76.3003,0,0,0,0,0,0,4,5,2016,5,17.0,1.0,0,1.0,3,1,3,  ,3,3.0,0,0,1,0,0,0,0,0,0,0,0,0,0,0,0,0,0
20592,2016051794,1923.0,1922.0,46,46416,40.2467,-75.6502,0,0,0,0,0,0,4,5,2016,6,19.0,1.0,0,1.0,2,1,3,  ,2,3.0,0,1,1,0,0,0,0,0,0,0,0,0,0,0,0,0,0
20593,2016051829,1048.0,1048.0,23,23110,39.8296,-75.4436,0,0,0,0,0,0,4,5,2016,1,10.0,1.0,0,9.0,3,0,3,  ,0,0.0,0,0,1,0,0,0,0,0,0,0,0,0,0,0,0,0,0
20594,2016051845,1425.0,1421.0,35,35302,41.4124,-75.6722,0,0,0,0,0,0,4,5,2016,1,14.0,1.0,0,1.0,3,1,3,  ,2,3.0,0,0,1,0,0,0,0,0,0,0,0,0,0,0,0,0,0
20595,2016052271,34.0,30.0,67,67301,39.9422,-75.1587,0,0,0,0,0,0,5,5,2016,1,0.0,3.0,0,9.0,3,0,7,  ,0,0.0,0,0,0,0,0,0,0,0,0,0,0,0,0,0,0,0,0
20596,2016052398,1830.0,1830.0,67,67301,39.9422,-75.1543,0,0,0,0,0,0,5,4,2016,4,18.0,1.0,0,9.0,3,0,3,  ,0,0.0,0,0,0,0,0,0,0,0,0,0,0,0,0,0,0,0,0
20597,2016052434,1711.0,1700.0,15,15414,39.9616,-75.607,0,0,0,0,1,0,4,5,2016,6,16.0,1.0,0,1.0,3,2,3,  ,0,0.0,1,0,1,0,0,0,0,0,0,0,0,0,0,0,0,0,0
20598,2016052553,1922.0,1918.0,46,46109,40.1651,-75.207,0,0,0,0,0,0,4,5,2016,2,18.0,1.0,0,1.0,3,1,3,  ,2,3.0,0,0,1,0,0,0,0,0,0,0,0,0,0,0,0,0,0
20599,2016052795,1755.0,1753.0,64,64412,40.314,-79.3885,0,0,0,0,1,0,4,5,2016,2,17.0,1.0,0,1.0,2,1,3,  ,0,0.0,0,0,1,0,0,0,0,0,0,0,0,0,0,0,0,0,0
20600,2016052813,1555.0,1545.0,25,25302,42.1201,-80.0515,0,0,0,0,0,1,4,5,2016,3,15.0,1.0,0,1.0,3,0,3,  ,0,0.0,1,0,1,0,0,0,0,0,0,0,0,0,0,0,0,0,0
20601,2016052850,1925.0,1918.0,67,67301,39.9988,-75.0686,0,0,0,0,0,0,6,5,2016,2,19.0,1.0,0,1.0,3,0,3,  ,0,0.0,0,0,0,0,0,0,0,0,0,0,0,0,0,0,0,0,0
20602,2016052912,1543.0,1540.0,6,6301,40.3444,-75.9179,0,0,0,0,0,1,2,5,2016,3,15.0,1.0,0,1.0,3,0,3,  ,0,0.0,0,0,0,0,0,0,0,0,0,0,0,0,0,0,0,0,0
20603,2016053013,1825.0,1813.0,46,46224,40.0942,-75.2866,0,0,0,0,0,0,4,5,2016,3,18.0,1.0,0,1.0,3,1,3,  ,2,3.0,0,0,1,0,0,0,0,0,0,0,0,0,0,0,0,1,0
20604,2016053036,1925.0,1920.0,11,11222,40.269,-78.8714,0,0,0,0,0,1,4,5,2016,3,19.0,1.0,0,1.0,3,2,3,  ,3,3.0,0,0,1,0,0,0,0,0,0,0,0,0,0,0,0,0,0
20605,2016053195,1036.0,1032.0,9,9213,40.1585,-74.8757,0,0,0,0,0,0,4,5,2016,1,10.0,1.0,0,1.0,3,2,3,  ,3,3.0,1,0,1,0,0,0,0,0,0,0,0,0,0,0,0,0,0
20606,2016053327,1559.0,1551.0,46,46413,40.1241,-75.3579,0,0,0,0,0,0,4,5,2016,4,15.0,1.0,0,1.0,3,1,3,  ,0,0.0,0,0,1,0,0,0,0,0,0,0,0,0,0,0,0,0,0
20607,2016053352,1713.0,1705.0,18,18404,41.0352,-77.3037,0,0,0,0,0,0,8,5,2016,6,17.0,1.0,0,1.0,1,0,3,  ,3,3.0,0,0,0,0,0,0,0,0,0,0,0,0,0,0,0,1,0
20608,2016053387,2022.0,2020.0,39,39301,40.6106,-75.4807,0,0,0,0,0,0,4,5,2016,4,20.0,1.0,0,1.0,3,1,3,  ,3,3.0,0,0,1,0,0,0,0,0,0,0,0,0,0,0,0,0,0
20609,2016053477,1059.0,1054.0,36,36223,40.038,-76.3448,0,0,0,0,0,0,4,5,2016,2,10.0,1.0,7,1.0,1,0,3,  ,0,0.0,0,0,1,0,0,0,0,0,0,0,0,0,0,0,0,1,0
20610,2016053614,1645.0,1645.0,9,9208,40.1827,-74.8605,0,0,0,0,0,0,4,5,2016,5,16.0,1.0,0,1.0,3,0,3,  ,0,0.0,0,0,1,0,0,1,0,0,0,0,0,0,0,0,0,0,0
20611,2016053677,1125.0,1120.0,67,67301,39.9472,-75.1781,0,0,0,0,0,0,4,5,2016,4,11.0,1.0,0,1.0,3,1,3,  ,2,3.0,0,0,1,0,0,0,0,0,0,0,0,0,0,0,0,0,0
20612,2016053688,1525.0,1519.0,67,67301,39.9228,-75.1614,0,0,0,0,0,1,3,5,2016,5,15.0,1.0,0,1.0,3,1,3,  ,0,0.0,0,0,0,0,0,0,0,0,0,0,0,0,0,0,0,0,0
20613,2016053763,2120.0,2120.0,67,67301,39.9396,-75.1887,0,0,0,0,0,0,4,5,2016,1,21.0,3.0,0,1.0,3,3,3,  ,0,0.0,0,0,1,0,0,1,0,0,0,0,0,0,0,0,0,0,0
20614,2016053767,1800.0,1757.0,67,67301,40.0575,-75.235,0,0,0,0,0,1,5,5,2016,4,17.0,1.0,0,1.0,3,0,3,  ,0,0.0,0,0,0,0,0,0,0,0,0,0,0,0,0,0,0,0,0