,CRN,ARRIVAL_TM,DISPATCH_TM,COUNTY,MUNICIPALITY,DEC_LAT,DEC_LONG,BICYCLE_DEATH_COUNT,BICYCLE_SUSP_SERIOUS_INJ_COUNT,BUS_COUNT,HEAVY_TRUCK_COUNT,SMALL_TRUCK_COUNT,SUV_COUNT,COLLISION_TYPE,CRASH_MONTH,CRASH_YEAR,DAY_OF_WEEK,HOUR_OF_DAY,ILLUMINATION,LOCATION_TYPE,ROAD_CONDITION,URBAN_RURAL,INTERSECT_TYPE,WEATHER1,WEATHER2,TCD_TYPE,TCD_FUNC_CD,AGGRESSIVE_DRIVING,ALCOHOL_RELATED,ANGLE_CRASH,CELL_PHONE,COMM_VEHICLE,DISTRACTED,DRINKING_DRIVER,DRUGGED_DRIVER,FATIGUE_ASLEEP,IMPAIRED_DRIVER,NHTSA_AGG_DRIVING,RUNNING_RED_LT,RUNNING_STOP_SIGN,SPEEDING_RELATED,TAILGATING,MATURE_DRIVER,YOUNG_DRIVER
20615,2016053804,1350.0,1345.0,67,67301,39.9636,-75.171,0,0,0,0,0,0,4,5,2016,7,13.0,1.0,0,1.0,3,1,3,  ,2,3.0,1,0,1,0,0,0,0,0,0,0,0,0,0,0,0,0,0
20616,2016053949,2004.0,2003.0,67,67301,39.9504,-75.1923,0,0,0,0,0,0,5,5,2016,5,19.0,1.0,0,1.0,3,0,3,  ,0,0.0,1,0,0,0,0,0,0,0,0,0,0,0,0,0,0,0,0
20617,2016053965,2028.0,2022.0,6,6301,40.3487,-75.9388,0,0,0,0,0,0,4,5,2016,5,20.0,1.0,0,1.0,3,0,3,  ,0,0.0,0,0,1,0,0,0,0,0,0,0,0,0,0,0,0,0,0
20618,2016054124,2019.0,2016.0,46,46112,40.2526,-75.6757,0,0,0,0,1,0,4,5,2016,1,20.0,1.0,0,1.0,2,1,3,  ,0,0.0,0,0,1,0,0,0,0,0,0,0,0,0,0,0,0,0,0
20619,2016054150,2018.0,2007.0,67,67301,39.9367,-75.197,0,0,0,0,0,0,1,4,2016,3,20.0,3.0,0,1.0,3,1,3,  ,3,9.0,0,0,0,0,0,0,0,0,0,0,0,0,0,0,0,0,0
20620,2016054166,1705.0,1703.0,67,67301,40.0259,-75.1538,0,0,0,0,0,0,4,5,2016,4,15.0,1.0,0,1.0,3,1,3,  ,3,3.0,0,0,1,0,0,0,0,0,0,0,0,0,0,0,0,0,0
20621,2016054190,2017.0,2015.0,67,67301,39.9604,-75.1894,0,0,0,0,0,0,8,5,2016,4,20.0,4.0,0,1.0,3,1,3,  ,2,3.0,1,0,0,0,0,0,0,0,0,0,0,0,0,0,0,0,0
20622,2016054194,1700.0,1700.0,67,67301,39.9559,-75.1679,0,0,0,0,0,0,4,4,2016,7,21.0,6.0,0,98.0,3,1,99,  ,2,9.0,1,0,1,0,0,0,0,0,0,0,0,1,0,0,0,0,0
20623,2016054386,9999.0,9999.0,40,40304,41.2365,-75.8906,0,0,0,0,0,0,4,5,2016,6,16.0,1.0,0,1.0,3,1,3,  ,2,3.0,0,0,1,0,0,0,0,0,0,0,0,0,0,0,0,0,0
20624,2016054394,1432.0,1427.0,11,11301,40.3439,-78.9424,0,0,0,0,0,0,8,5,2016,6,14.0,1.0,0,1.0,3,1,3,  ,0,0.0,0,0,0,0,0,0,0,0,0,0,0,0,0,0,0,0,0
20625,2016054458,1656.0,1654.0,6,6227,40.4088,-75.7942,0,0,0,0,0,0,6,5,2016,4,16.0,1.0,0,1.0,1,2,3,  ,3,3.0,0,0,0,0,0,0,0,0,0,0,0,0,0,0,0,0,0
20626,2016054517,2255.0,2252.0,7,7301,40.5526,-78.3724,0,0,0,0,0,1,4,5,2016,4,22.0,3.0,0,1.0,3,1,3,  ,3,3.0,1,0,1,0,0,0,0,0,0,0,0,0,1,0,0,0,0
20627,2016054527,2034.0,2033.0,6,6237,40.342,-75.9917,0,1,0,0,1,0,2,5,2016,5,20.0,3.0,0,1.0,3,1,3,  ,2,3.0,0,0,0,0,0,0,0,0,0,0,0,0,0,0,0,0,0
20628,2016054605,1009.0,1009.0,40,40406,41.3193,-75.7488,0,0,0,0,1,0,4,5,2016,1,10.0,1.0,0,1.0,3,5,3,  ,2,3.0,0,0,1,0,0,0,0,0,0,0,0,0,0,0,0,0,0
20629,2016054659,1143.0,1140.0,46,46101,40.1065,-75.1478,0,0,0,0,0,0,4,5,2016,7,11.0,1.0,0,1.0,3,1,3,  ,2,3.0,0,0,1,0,0,0,0,0,0,0,0,0,0,0,0,0,0
20630,2016054670,1926.0,1902.0,28,28209,39.7221,-77.8037,1,0,0,0,0,0,4,5,2016,3,19.0,1.0,7,1.0,1,0,3,  ,0,0.0,0,0,1,0,0,0,0,0,0,0,0,0,0,0,0,0,0
20631,2016054860,1320.0,1320.0,48,48301,40.6121,-75.3642,0,0,0,0,0,0,4,5,2016,1,13.0,1.0,0,1.0,3,2,3,  ,3,3.0,1,0,1,0,0,0,0,0,0,0,0,0,0,0,0,0,0
20632,2016054879,2101.0,2055.0,7,7301,40.5245,-78.4099,0,0,0,0,0,1,4,5,2016,1,20.0,3.0,0,1.0,3,1,3,  ,3,3.0,0,0,1,0,0,0,0,0,0,0,0,0,0,0,0,0,0
20633,2016054985,1542.0,1539.0,23,23106,40.0429,-75.3855,0,0,0,0,0,1,8,5,2016,4,15.0,1.0,7,1.0,3,0,3,  ,0,0.0,0,0,0,0,0,0,0,0,0,0,0,0,0,0,0,0,0
20634,2016055104,1833.0,1832.0,15,15403,40.006,-75.7077,0,1,0,0,0,0,4,5,2016,4,18.0,1.0,0,1.0,3,1,3,  ,2,3.0,0,0,1,0,0,0,0,0,0,0,0,0,0,0,0,0,0
20635,2016055123,1929.0,1926.0,66,66205,39.9843,-76.8253,0,0,0,0,1,0,4,5,2016,3,19.0,1.0,0,1.0,1,0,3,  ,0,0.0,0,0,1,0,0,0,0,0,0,0,0,0,0,0,0,0,0
20636,2016055125,1601.0,1601.0,22,22301,40.2645,-76.8746,0,0,0,0,0,0,4,5,2016,4,16.0,1.0,0,1.0,3,1,3,  ,2,3.0,0,0,1,0,0,0,0,0,0,0,0,0,0,0,0,0,0
20637,2016055156,1238.0,1238.0,23,23423,39.9125,-75.2675,0,0,0,0,0,1,4,5,2016,3,12.0,1.0,0,1.0,3,2,3,  ,3,3.0,0,0,1,0,0,0,0,0,0,0,0,0,0,0,0,0,0
20638,2016055304,1656.0,1652.0,9,9202,40.1328,-74.9412,0,0,0,0,0,0,4,5,2016,3,16.0,1.0,0,1.0,3,0,3,  ,0,0.0,0,0,1,0,0,0,0,0,0,0,0,0,0,0,0,0,0
20639,2016055525,845.0,834.0,2,2301,40.4411,-79.9479,0,0,0,0,0,0,4,6,2016,4,8.0,1.0,0,1.0,3,0,3,  ,0,0.0,0,0,1,0,0,0,0,0,0,0,0,0,0,0,0,0,0
20640,2016055541,1734.0,1732.0,15,15247,39.9672,-75.5836,0,0,0,0,0,0,4,5,2016,3,17.0,1.0,0,1.0,3,2,3,  ,3,3.0,0,0,1,0,0,0,0,0,0,0,0,0,0,0,0,0,0
20641,2016055550,2013.0,2012.0,46,46104,40.0043,-75.2947,0,0,0,0,0,0,1,5,2016,7,20.0,4.0,0,1.0,3,0,3,  ,0,0.0,0,0,0,0,0,0,0,0,0,0,0,0,0,0,0,0,0
20642,2016055581,835.0,833.0,2,2301,40.5567,-79.9971,0,0,0,0,0,0,5,6,2016,4,8.0,1.0,0,1.0,3,0,3,  ,0,0.0,0,0,0,0,0,0,0,0,0,0,0,0,0,0,0,0,0
20643,2016055607,2123.0,2122.0,67,67301,39.9519,-75.1598,0,0,0,0,0,0,4,5,2016,2,21.0,3.0,0,1.0,3,1,3,  ,2,3.0,0,0,1,0,0,0,0,0,0,0,0,0,0,0,0,0,0
20644,2016056010,2006.0,2003.0,67,67301,39.96,-75.2065,0,0,0,0,0,0,4,5,2016,7,20.0,3.0,0,9.0,3,2,7,  ,3,3.0,0,0,1,0,0,0,0,0,0,0,0,0,0,0,0,0,0
20645,2016056045,1338.0,1325.0,67,67301,40.0868,-75.0469,0,0,0,0,0,1,4,5,2016,5,7.0,3.0,0,1.0,3,2,3,  ,0,0.0,0,0,1,0,0,0,0,0,0,0,0,0,0,0,0,0,0
20646,2016056059,2140.0,2134.0,67,67301,39.9679,-75.21,0,0,0,0,0,0,4,5,2016,6,21.0,3.0,0,1.0,3,3,3,  ,0,0.0,1,0,1,0,0,0,0,0,0,0,0,0,0,0,0,0,0
20647,2016056072,2125.0,2120.0,67,67301,39.9593,-75.1599,0,0,0,0,0,0,4,5,2016,6,21.0,3.0,0,1.0,3,1,3,  ,2,3.0,0,0,1,0,0,0,0,0,0,0,0,0,0,0,0,0,0
20648,2016056087,1504.0,1501.0,67,67301,40.0252,-75.1321,0,0,0,0,0,0,4,5,2016,1,12.0,1.0,0,1.0,3,0,3,  ,0,0.0,0,0,1,0,0,0,0,0,0,0,0,0,0,0,0,0,0
20649,2016056088,224.0,221.0,67,67301,39.9552,-75.2259,0,0,0,0,0,0,4,5,2016,3,2.0,3.0,0,1.0,3,1,3,  ,3,3.0,0,0,1,0,0,0,0,0,0,0,0,0,0,0,0,0,0
20650,2016056105,1935.0,1935.0,6,6301,40.3479,-75.9256,0,0,0,0,0,0,5,6,2016,4,19.0,1.0,0,1.0,3,0,3,  ,0,0.0,0,0,0,0,0,0,0,0,0,0,0,0,0,0,0,0,0
20651,2016056114,2015.0,2002.0,66,66427,39.8875,-76.8632,0,0,0,0,1,0,4,5,2016,6,20.0,1.0,0,1.0,1,0,3,  ,0,0.0,0,0,1,0,0,0,0,0,0,0,0,0,0,0,0,1,0
20652,2016056158,1651.0,1648.0,2,2212,40.6543,-80.0916,0,0,0,0,0,1,4,6,2016,4,16.0,1.0,0,1.0,3,3,3,  ,2,3.0,1,0,1,0,0,0,0,0,0,0,0,0,0,0,0,0,0
20653,2016056713,1415.0,1355.0,46,46413,40.1243,-75.3321,0,0,0,0,0,0,4,6,2016,7,13.0,1.0,0,1.0,3,1,3,  ,3,3.0,0,0,1,0,0,1,0,0,0,0,0,0,0,0,0,1,0
20654,2016056843,1220.0,1218.0,36,36101,40.0733,-76.3198,0,0,0,0,0,1,4,5,2016,3,12.0,1.0,7,1.0,3,0,3,  ,3,3.0,1,0,1,0,0,0,0,0,0,0,1,0,0,0,0,0,0
20655,2016057193,925.0,919.0,39,39101,40.5915,-75.4295,0,0,0,0,0,1,2,6,2016,2,9.0,1.0,0,1.0,1,1,3,  ,3,3.0,1,0,0,0,0,0,0,0,0,0,0,0,0,0,0,0,0
20656,2016057208,1001.0,958.0,46,46104,40.0174,-75.2454,0,1,0,0,0,0,4,5,2016,1,9.0,1.0,0,1.0,3,1,3,  ,2,3.0,0,0,1,0,0,0,0,0,0,0,0,0,0,0,0,1,0
20657,2016057342,1945.0,1914.0,58,58219,41.601,-77.2971,1,0,0,0,0,0,5,4,2016,3,19.0,1.0,0,1.0,1,0,3,  ,0,0.0,0,0,0,0,0,0,0,0,0,0,0,0,0,0,0,0,0
20658,2016057345,1721.0,1717.0,25,25302,42.1218,-80.0581,0,0,0,0,0,0,8,6,2016,2,17.0,1.0,0,1.0,3,1,3,  ,3,3.0,0,0,0,0,0,0,0,0,0,0,0,0,0,0,0,0,0
20659,2016057421,1635.0,1629.0,6,6301,40.3162,-75.9392,0,0,0,0,0,0,2,6,2016,2,16.0,1.0,0,1.0,3,2,3,  ,0,0.0,0,0,0,0,0,0,0,0,0,0,0,0,0,0,0,0,0
20660,2016057451,1854.0,1853.0,17,17301,41.1206,-78.768,0,0,0,0,0,0,4,6,2016,2,18.0,1.0,0,1.0,2,1,3,  ,3,2.0,1,0,1,0,0,1,0,0,0,0,0,0,0,0,0,0,1
20661,2016057455,1650.0,1648.0,48,48405,40.6295,-75.338,0,1,0,0,0,0,4,6,2016,2,16.0,1.0,0,1.0,3,1,3,  ,3,3.0,0,0,1,0,0,0,0,0,0,0,0,0,0,0,0,0,0
20662,2016057534,1755.0,1744.0,15,15237,39.836,-76.0071,0,0,0,0,0,0,2,6,2016,5,17.0,1.0,0,1.0,1,0,3,  ,0,0.0,0,0,0,0,0,0,0,0,0,0,0,0,0,0,0,0,0
20663,2016057646,2131.0,2131.0,22,22301,40.2658,-76.8701,0,0,0,0,0,0,4,6,2016,4,21.0,3.0,0,1.0,3,1,3,  ,2,3.0,0,0,1,0,0,0,0,0,0,0,0,0,0,0,0,0,0
20664,2016057704,1419.0,1413.0,7,7301,40.5193,-78.3993,0,0,0,0,1,0,4,6,2016,7,14.0,1.0,0,1.0,3,1,3,  ,3,3.0,0,0,1,0,0,0,0,0,0,0,0,0,0,0,0,0,0
20665,2016057970,604.0,558.0,66,66301,39.9651,-76.7191,0,0,0,0,0,0,4,6,2016,4,5.0,1.0,0,1.0,3,1,3,  ,2,3.0,0,0,1,0,0,0,0,0,0,0,0,0,0,0,0,0,0
20666,2016058098,1215.0,1215.0,67,67301,40.0028,-75.0772,1,0,1,0,0,0,4,5,2016,3,11.0,1.0,0,1.0,3,0,3,  ,0,0.0,0,0,1,0,1,0,0,0,0,0,0,0,0,0,0,0,0
20667,2016058261,2147.0,2147.0,2,2301,40.4457,-79.9564,0,0,0,0,0,0,4,6,2016,3,21.0,3.0,0,1.0,3,1,3,  ,2,3.0,0,0,1,0,0,0,0,0,0,0,0,0,0,0,0,0,0
20668,2016058545,1220.0,1210.0,67,67301,39.9688,-75.1592,0,0,0,0,0,0,8,5,2016,5,9.0,1.0,0,1.0,3,2,3,  ,3,3.0,1,0,0,0,0,0,0,0,0,0,0,0,1,0,0,0,0
20669,2016058556,1058.0,1057.0,67,67301,39.9876,-75.1296,0,0,0,0,0,0,4,5,2016,6,10.0,1.0,1,1.0,3,5,3,  ,2,3.0,0,0,1,0,0,0,0,0,0,0,0,0,0,0,0,0,0
20670,2016058561,1007.0,1000.0,67,67301,39.982,-75.1169,0,0,0,0,1,0,1,5,2016,6,10.0,1.0,1,1.0,3,0,3,  ,0,0.0,0,0,0,0,0,1,0,0,0,0,0,0,0,0,0,1,0
20671,2016058581,850.0,843.0,67,67301,39.9615,-75.1449,0,0,0,0,0,0,5,5,2016,5,8.0,1.0,0,1.0,3,0,3,  ,2,3.0,0,0,0,0,0,0,0,0,0,0,0,0,0,0,0,0,0
20672,2016058587,1130.0,1115.0,67,67301,39.9362,-75.1839,0,0,0,0,0,0,5,5,2016,3,10.0,1.0,0,1.0,3,0,3,  ,0,0.0,1,0,0,0,0,0,0,0,0,0,0,0,0,0,0,0,0
20673,2016058602,1533.0,1530.0,67,67301,40.0069,-75.1456,0,0,0,0,0,0,4,5,2016,1,15.0,1.0,0,1.0,3,2,3,  ,0,0.0,0,0,1,0,0,0,0,0,0,0,0,0,0,0,0,0,0
20674,2016058607,1310.0,1300.0,67,67301,39.9242,-75.1676,0,0,0,0,0,1,1,5,2016,6,11.0,1.0,0,1.0,3,0,3,  ,0,0.0,0,0,0,0,0,0,0,0,0,0,0,0,0,0,0,0,0
20675,2016058612,1900.0,1850.0,67,67301,39.9998,-75.1263,0,0,0,0,0,0,4,5,2016,2,15.0,1.0,0,1.0,3,2,3,  ,3,3.0,1,0,1,0,0,0,0,0,0,0,0,0,0,0,0,0,0
20676,2016058757,1745.0,1740.0,39,39301,40.5819,-75.4569,0,0,0,0,0,1,4,6,2016,5,17.0,1.0,7,1.0,3,10,3,  ,0,0.0,0,0,1,0,0,0,0,0,0,0,0,0,0,0,0,1,0
20677,2016058814,1100.0,1056.0,54,54209,40.8119,-76.856,0,0,0,0,0,1,2,6,2016,2,10.0,1.0,0,1.0,1,1,3,  ,2,3.0,0,0,0,0,0,0,0,0,0,0,0,0,0,0,0,1,0
20678,2016059025,1508.0,1502.0,2,2301,40.4496,-79.951,0,0,0,0,0,0,4,5,2016,3,15.0,1.0,7,1.0,3,0,3,  ,0,0.0,1,0,1,0,0,0,0,0,0,0,0,0,0,0,0,0,0
20679,2016059054,1532.0,1528.0,37,37301,41.008,-80.3182,0,0,0,0,0,1,4,6,2016,6,15.0,1.0,0,1.0,2,1,3,  ,3,2.0,0,0,1,0,0,0,0,0,0,0,0,0,0,0,0,0,0
20680,2016059153,1615.0,1610.0,39,39209,40.5498,-75.6008,0,0,0,0,1,0,4,6,2016,2,16.0,1.0,0,1.0,1,1,3,  ,2,3.0,0,0,1,0,0,0,0,0,0,0,0,0,0,0,0,0,0
20681,2016059307,1121.0,1118.0,21,21404,40.2146,-76.9966,0,0,0,0,0,0,4,6,2016,6,11.0,1.0,0,1.0,3,1,3,  ,3,3.0,0,0,1,0,0,0,0,0,0,0,0,0,0,0,0,0,0
20682,2016059466,2024.0,2022.0,35,35301,41.5754,-75.4982,0,1,0,0,0,1,4,6,2016,6,20.0,1.0,0,1.0,3,0,3,  ,0,0.0,0,0,1,0,0,0,0,0,0,0,0,0,0,0,0,0,0
20683,2016059547,1239.0,1230.0,2,2301,40.4458,-79.9924,0,0,0,0,0,0,4,6,2016,1,12.0,1.0,0,1.0,3,1,3,  ,2,3.0,1,0,1,0,0,0,0,0,0,0,0,0,0,0,0,0,0
20684,2016059585,1515.0,1513.0,55,55418,40.0076,-79.0869,0,0,0,0,0,0,9,6,2016,4,15.0,1.0,0,1.0,2,2,3,  ,3,3.0,0,0,0,0,0,0,0,0,0,0,0,0,0,0,0,0,0
20685,2016059611,1439.0,1426.0,66,66227,39.9725,-76.6796,0,0,0,0,0,0,4,6,2016,2,14.0,1.0,0,1.0,3,1,3,  ,2,3.0,0,0,1,0,0,0,0,0,0,0,0,0,0,0,0,1,0
20686,2016059642,1720.0,1716.0,66,66301,39.9686,-76.7309,0,0,0,0,0,0,4,6,2016,1,17.0,1.0,0,1.0,3,1,3,  ,0,0.0,0,1,1,0,0,0,0,0,0,0,0,0,0,0,0,0,0
20687,2016059710,1827.0,1827.0,39,39301,40.5898,-75.4674,0,0,0,0,0,0,8,6,2016,1,18.0,1.0,0,1.0,3,1,3,  ,0,0.0,0,0,0,0,0,1,0,0,0,0,0,0,0,0,0,0,0
20688,2016059713,1750.0,1746.0,36,36234,40.074,-76.2041,0,0,0,0,0,1,4,6,2016,5,17.0,1.0,0,1.0,1,3,3,  ,0,0.0,1,0,1,0,0,0,0,0,0,0,0,0,0,0,0,0,0
20689,2016059728,2107.0,2102.0,9,9202,40.1035,-74.96,0,1,0,0,0,0,6,6,2016,1,21.0,3.0,0,1.0,3,0,3,  ,0,0.0,0,0,0,0,0,0,0,0,0,0,0,0,0,0,0,0,0
20690,2016059823,1217.0,1206.0,25,25214,42.223,-79.8333,0,1,0,1,0,0,5,6,2016,3,11.0,1.0,0,1.0,1,0,3,  ,0,0.0,1,0,0,0,1,0,0,0,0,0,0,0,0,0,0,0,0
20691,2016059989,1306.0,1253.0,66,66205,39.983,-76.8271,0,0,0,0,0,0,4,6,2016,2,12.0,1.0,0,1.0,1,2,3,  ,3,3.0,1,0,1,0,0,0,0,0,0,0,0,0,0,0,0,1,0
20692,2016060242,1007.0,933.0,49,49205,40.6628,-76.7265,0,1,0,0,0,1,4,5,2016,7,9.0,1.0,0,1.0,1,2,3,  ,0,0.0,0,0,1,0,0,0,0,0,0,0,0,0,0,0,0,0,0
20693,2016060248,1615.0,1609.0,21,21213,40.1956,-77.1689,0,0,0,0,0,1,2,5,2016,3,16.0,1.0,0,1.0,1,1,3,  ,3,9.0,0,0,0,0,0,0,0,0,0,0,0,0,0,0,0,1,1
20694,2016060269,1626.0,1601.0,53,53429,40.5891,-76.5465,0,0,0,0,0,0,2,6,2016,6,15.0,1.0,0,1.0,1,0,3,  ,0,0.0,0,0,0,0,0,0,0,0,0,0,0,0,0,0,0,1,0
20695,2016060369,1415.0,1411.0,64,64305,40.5874,-79.7465,0,0,0,0,0,0,4,6,2016,1,14.0,1.0,7,1.0,3,0,3,  ,0,0.0,0,0,1,0,0,0,0,0,0,0,0,0,0,0,0,0,0
20696,2016060580,650.0,648.0,46,46416,40.2483,-75.6235,0,0,0,0,1,0,4,6,2016,3,6.0,1.0,0,1.0,2,1,3,  ,3,3.0,1,0,1,0,0,0,0,0,0,0,0,0,0,0,0,1,0
20697,2016060585,1915.0,1913.0,25,25411,42.2112,-79.8403,0,1,0,0,0,0,8,6,2016,5,19.0,1.0,0,1.0,1,1,3,  ,3,3.0,0,0,0,0,0,0,0,0,0,0,0,0,0,0,0,0,0
20698,2016060814,1341.0,1340.0,39,39301,40.617,-75.4418,0,0,0,0,0,1,4,6,2016,4,13.0,1.0,0,1.0,3,1,3,  ,2,3.0,0,1,1,0,0,0,0,0,0,0,0,0,0,0,0,0,1
20699,2016060838,1637.0,1632.0,38,38301,40.3401,-76.4222,0,0,0,0,0,0,4,6,2016,4,16.0,1.0,0,1.0,2,1,3,  ,0,0.0,0,0,1,0,0,0,0,0,0,0,0,0,0,0,0,1,0
20700,2016060869,1537.0,1530.0,36,36235,40.129,-76.3049,0,0,0,0,0,0,4,6,2016,7,15.0,1.0,7,1.0,1,0,3,  ,3,3.0,0,0,1,0,0,0,0,0,0,0,0,0,0,0,0,0,0
20701,2016060952,1358.0,1358.0,64,64209,40.3002,-79.5007,0,0,0,0,0,0,4,6,2016,6,13.0,1.0,7,1.0,3,0,3,  ,0,0.0,0,0,1,0,0,0,0,0,0,0,0,0,0,0,0,0,0
20702,2016061227,1040.0,1030.0,67,67301,39.9644,-75.166,0,0,0,0,0,0,4,5,2016,7,10.0,1.0,0,1.0,3,1,3,  ,3,3.0,1,0,1,0,0,0,0,0,0,0,0,0,1,0,0,0,0
20703,2016061232,1600.0,550.0,67,67301,39.9917,-75.1378,0,0,0,0,0,0,4,5,2016,2,14.0,1.0,0,1.0,3,1,3,  ,3,3.0,1,0,1,0,0,0,0,0,0,0,0,0,0,0,0,0,0
20704,2016061238,1658.0,1653.0,67,67301,39.9917,-75.1378,0,0,0,0,0,0,4,5,2016,2,14.0,1.0,0,1.0,3,1,3,  ,3,3.0,1,0,1,0,0,0,0,0,0,0,0,0,0,0,0,0,0
20705,2016061242,1940.0,1935.0,67,67301,39.9453,-75.1516,0,0,0,0,0,0,4,5,2016,1,22.0,3.0,0,1.0,3,1,3,  ,2,3.0,0,0,1,0,0,0,0,0,0,0,0,0,0,0,0,0,0
20706,2016061318,1857.0,1855.0,40,40206,41.3613,-75.9456,0,0,0,0,0,0,4,6,2016,3,18.0,1.0,7,1.0,1,0,3,  ,0,0.0,1,0,1,0,0,0,0,0,0,0,0,0,0,0,0,0,0
20707,2016061335,825.0,808.0,19,19207,41.1164,-76.3329,1,0,0,0,1,0,1,5,2016,4,8.0,1.0,0,1.0,1,0,3,  ,0,0.0,0,0,0,0,0,0,0,0,0,0,0,0,0,0,0,1,0
20708,2016061672,1638.0,1634.0,46,46107,40.1027,-75.2787,0,0,0,0,0,0,5,6,2016,6,14.0,1.0,0,1.0,3,1,3,  ,2,3.0,0,0,0,0,0,0,0,0,0,0,0,0,0,0,0,0,0
20709,2016061789,2238.0,2236.0,23,23301,39.8599,-75.3599,0,0,0,0,0,0,1,6,2016,6,22.0,3.0,0,1.0,3,0,3,  ,0,0.0,0,0,0,0,0,0,0,0,0,0,0,0,0,0,0,0,1
20710,2016061813,1931.0,1930.0,23,23407,39.9252,-75.2612,0,0,0,0,0,1,4,6,2016,6,19.0,1.0,0,1.0,3,0,3,  ,0,0.0,0,0,1,0,0,0,0,0,0,0,0,0,0,0,0,0,0
20711,2016062026,1559.0,1557.0,9,9418,40.3583,-75.3126,0,0,0,0,0,0,4,6,2016,7,15.0,1.0,0,1.0,2,2,3,  ,3,3.0,0,0,1,0,0,0,0,0,0,0,0,0,0,0,0,0,0
20712,2016062133,1327.0,1318.0,40,40304,41.2663,-75.8453,0,0,0,0,0,1,2,6,2016,5,13.0,1.0,0,1.0,3,1,3,  ,3,3.0,1,0,0,0,0,0,0,0,0,0,0,0,1,0,0,0,1
20713,2016062488,1034.0,1034.0,39,39102,40.6467,-75.4749,0,0,0,0,0,0,8,6,2016,2,10.0,1.0,0,1.0,3,1,3,  ,2,3.0,1,0,0,0,0,0,0,0,0,0,0,0,0,0,0,1,0
20714,2016062511,152.0,152.0,67,67301,39.9388,-75.2156,0,0,0,0,0,0,4,5,2016,7,1.0,3.0,0,1.0,3,2,3,  ,0,0.0,0,0,1,0,0,0,0,0,0,0,0,0,0,0,0,0,0
20715,2016062521,1719.0,1719.0,67,67301,39.9273,-75.2348,0,0,0,0,0,0,4,5,2016,2,17.0,1.0,0,1.0,3,2,3,  ,0,0.0,0,0,1,0,0,0,0,0,0,0,0,0,0,0,0,0,0
20716,2016062537,1330.0,1327.0,67,67301,39.9418,-75.1658,0,0,0,0,0,0,4,5,2016,4,13.0,1.0,0,1.0,3,1,3,  ,2,3.0,0,0,1,0,0,0,0,0,0,0,0,0,0,0,0,0,0
20717,2016062542,2136.0,2132.0,67,67301,39.9376,-75.1646,0,0,0,0,0,1,4,5,2016,4,21.0,3.0,0,1.0,3,1,3,  ,2,3.0,0,0,1,0,0,0,0,0,0,0,0,0,0,0,0,0,0
20718,2016062552,1550.0,1550.0,23,23111,39.9519,-75.265,0,1,0,0,0,0,4,6,2016,2,15.0,1.0,0,1.0,3,2,3,  ,3,3.0,0,0,1,0,0,0,0,0,0,0,0,0,0,0,0,0,0
20719,2016062564,1627.0,1627.0,67,67301,39.9679,-75.2376,0,0,0,0,0,0,1,5,2016,1,12.0,1.0,0,1.0,3,0,3,  ,3,3.0,1,0,0,0,0,0,0,0,0,0,0,0,0,0,0,0,0
20720,2016062577,1245.0,1242.0,67,67301,39.9463,-75.1595,0,0,0,0,0,0,4,5,2016,2,12.0,1.0,0,1.0,3,1,3,  ,2,3.0,0,0,1,0,0,0,0,0,0,0,0,0,0,0,0,0,0
20721,2016062581,1345.0,1340.0,67,67301,39.9784,-75.1306,0,0,0,0,0,0,1,5,2016,3,13.0,1.0,0,1.0,3,0,3,  ,0,0.0,0,0,0,0,0,0,0,0,0,0,0,0,0,0,0,0,0
20722,2016062623,1355.0,1350.0,67,67301,39.9514,-75.1703,0,0,0,0,0,0,5,5,2016,6,13.0,1.0,0,1.0,3,0,3,  ,0,0.0,0,0,0,0,0,0,0,0,0,0,0,0,0,0,0,0,0
20723,2016062636,1600.0,1542.0,67,67301,39.9925,-75.1306,0,0,0,0,0,0,4,5,2016,1,15.0,1.0,0,1.0,3,1,3,  ,3,3.0,0,0,1,0,0,0,0,0,0,0,0,0,0,0,0,1,0
20724,2016062640,1805.0,1759.0,67,67301,40.0061,-75.1392,0,0,0,0,0,0,4,5,2016,1,17.0,1.0,0,1.0,3,1,3,  ,2,3.0,0,0,1,0,0,0,0,0,0,0,0,0,0,0,0,0,0
20725,2016062647,1700.0,9999.0,67,67301,40.0348,-75.1175,0,0,0,0,0,0,4,5,2016,6,13.0,1.0,0,1.0,3,2,3,  ,0,0.0,1,0,1,0,0,0,0,0,0,0,0,0,0,0,0,0,0
20726,2016062750,1618.0,1616.0,62,62222,40.2837,-80.1058,0,2,0,0,0,0,4,6,2016,1,16.0,1.0,0,1.0,3,1,3,  ,3,3.0,0,0,1,0,0,0,0,0,0,0,0,0,0,0,0,0,0
20727,2016062856,1711.0,1707.0,19,19402,41.0562,-76.2323,0,0,0,1,0,0,4,6,2016,2,17.0,1.0,0,1.0,2,1,3,  ,2,3.0,0,0,1,0,1,0,0,0,0,0,0,0,0,0,0,0,0
20728,2016062980,740.0,740.0,36,36301,40.0346,-76.2956,0,0,0,0,0,1,8,6,2016,1,18.0,4.0,0,1.0,3,0,3,  ,0,0.0,0,0,0,0,0,0,0,0,0,0,0,0,0,0,0,0,0