,CRN,ARRIVAL_TM,DISPATCH_TM,COUNTY,MUNICIPALITY,DEC_LAT,DEC_LONG,BICYCLE_DEATH_COUNT,BICYCLE_SUSP_SERIOUS_INJ_COUNT,BUS_COUNT,HEAVY_TRUCK_COUNT,SMALL_TRUCK_COUNT,SUV_COUNT,COLLISION_TYPE,CRASH_MONTH,CRASH_YEAR,DAY_OF_WEEK,HOUR_OF_DAY,ILLUMINATION,LOCATION_TYPE,ROAD_CONDITION,URBAN_RURAL,INTERSECT_TYPE,WEATHER1,WEATHER2,TCD_TYPE,TCD_FUNC_CD,AGGRESSIVE_DRIVING,ALCOHOL_RELATED,ANGLE_CRASH,CELL_PHONE,COMM_VEHICLE,DISTRACTED,DRINKING_DRIVER,DRUGGED_DRIVER,FATIGUE_ASLEEP,IMPAIRED_DRIVER,NHTSA_AGG_DRIVING,RUNNING_RED_LT,RUNNING_STOP_SIGN,SPEEDING_RELATED,TAILGATING,MATURE_DRIVER,YOUNG_DRIVER
20729,2016063057,1205.0,1201.0,25,25302,42.1253,-80.0931,0,0,0,0,0,1,6,6,2016,3,11.0,1.0,0,1.0,3,1,3,  ,0,0.0,0,0,0,0,0,0,0,0,0,0,0,0,0,0,0,0,0
20730,2016063087,1514.0,1510.0,64,64412,40.3159,-79.3839,0,0,0,0,0,0,4,6,2016,3,15.0,1.0,0,1.0,2,1,3,  ,2,3.0,0,0,1,0,0,0,0,0,0,0,0,0,0,0,0,1,0
20731,2016063100,1638.0,1635.0,67,67301,39.9508,-75.1953,0,0,0,0,0,0,5,6,2016,3,16.0,1.0,7,1.0,3,0,3,  ,2,3.0,0,0,0,0,0,0,0,0,0,0,0,0,0,0,0,0,0
20732,2016063244,848.0,847.0,40,40410,41.2818,-75.8725,0,0,0,0,0,0,2,6,2016,1,8.0,1.0,0,1.0,3,0,3,  ,0,0.0,0,0,0,0,0,0,0,0,0,0,0,0,0,0,0,1,0
20733,2016063381,815.0,810.0,2,2301,40.4436,-79.9953,0,0,0,0,0,1,4,6,2016,4,8.0,1.0,0,1.0,3,1,3,  ,2,3.0,0,0,1,0,0,1,0,0,0,0,0,0,0,0,0,0,0
20734,2016063393,820.0,809.0,2,2301,40.4634,-79.954,0,0,0,0,0,0,4,6,2016,4,8.0,1.0,0,1.0,3,1,3,  ,0,0.0,0,0,1,0,0,1,0,0,0,0,0,0,0,0,0,0,1
20735,2016063413,1749.0,1747.0,2,2115,40.5045,-80.1434,0,1,0,0,0,1,4,6,2016,6,17.0,1.0,0,1.0,3,2,3,  ,3,3.0,0,0,1,0,0,0,0,0,0,0,0,0,0,0,0,0,0
20736,2016063479,1725.0,1720.0,67,67301,39.9202,-75.1566,0,0,0,0,0,0,4,6,2016,1,17.0,1.0,0,1.0,3,2,3,  ,0,0.0,0,0,1,0,0,0,0,0,0,0,0,0,0,0,0,0,0
20737,2016063483,1659.0,1659.0,67,67301,40.0355,-75.1788,0,0,1,0,0,0,4,6,2016,3,16.0,1.0,0,1.0,3,1,3,  ,2,3.0,0,0,1,0,1,0,0,0,0,0,0,0,0,0,0,0,0
20738,2016063500,145.0,132.0,39,39301,40.6049,-75.4618,0,0,0,0,0,0,8,6,2016,1,22.0,3.0,0,1.0,3,1,3,  ,2,3.0,0,0,0,0,0,0,0,0,0,0,0,0,0,0,0,0,0
20739,2016063628,2144.0,2144.0,32,32408,40.6154,-79.1648,0,0,0,0,0,0,4,6,2016,6,21.0,3.0,0,1.0,2,2,3,  ,3,3.0,0,0,1,0,0,1,0,0,0,0,0,0,0,0,0,0,1
20740,2016063648,1810.0,1808.0,46,46225,40.1741,-75.2705,0,0,0,0,0,0,2,6,2016,4,8.0,1.0,0,1.0,3,1,3,  ,2,3.0,1,0,0,0,0,0,0,0,0,0,0,0,0,0,0,0,0
20741,2016063656,2320.0,2311.0,6,6301,40.3473,-75.9178,0,0,0,0,0,0,4,6,2016,4,23.0,3.0,0,1.0,3,1,3,  ,3,3.0,0,0,1,0,0,0,0,0,0,0,0,0,0,0,0,0,0
20742,2016063673,1633.0,1628.0,19,19402,41.0498,-76.2517,0,0,0,0,0,0,4,6,2016,4,6.0,1.0,0,1.0,2,1,3,  ,0,0.0,0,0,1,0,0,0,0,0,0,0,0,0,0,0,0,0,0
20743,2016063844,1701.0,1659.0,36,36301,40.0393,-76.3081,0,0,0,0,0,0,5,6,2016,1,16.0,1.0,0,1.0,3,1,3,  ,2,3.0,0,0,0,0,0,0,0,0,0,0,0,0,0,0,0,0,0
20744,2016063884,2005.0,2000.0,67,67301,39.9704,-75.1482,0,0,0,0,0,1,4,6,2016,7,19.0,1.0,0,1.0,3,1,3,  ,2,3.0,0,0,1,0,0,0,0,0,0,0,0,0,0,0,0,0,0
20745,2016063911,1933.0,1933.0,67,67301,40.0432,-75.1809,0,0,0,0,0,0,4,6,2016,4,19.0,1.0,0,9.0,3,1,3,  ,2,3.0,0,0,1,0,0,0,0,0,0,0,0,0,0,0,0,0,1
20746,2016063934,146.0,142.0,67,67301,40.0306,-75.0548,0,0,0,0,0,0,4,6,2016,4,14.0,1.0,0,9.0,3,1,99,  ,2,3.0,0,0,1,0,0,0,0,0,0,0,0,0,0,0,0,0,0
20747,2016063983,1334.0,1334.0,67,67301,40.0129,-75.2012,0,1,0,0,0,0,6,6,2016,7,13.0,1.0,0,1.0,3,0,3,  ,0,0.0,0,0,0,0,0,0,0,0,0,0,0,0,0,0,0,0,0
20748,2016064008,2000.0,1950.0,67,67301,39.9544,-75.226,0,0,0,0,0,1,5,6,2016,5,19.0,1.0,0,1.0,3,0,3,  ,0,0.0,0,0,0,0,0,0,0,0,0,0,0,0,0,0,0,0,0
20749,2016064010,1916.0,1908.0,67,67301,40.0201,-75.0562,0,0,0,0,0,0,4,6,2016,5,19.0,1.0,0,1.0,3,1,3,  ,0,0.0,0,0,1,0,0,0,0,0,0,0,0,0,0,0,0,1,0
20750,2016064016,2346.0,2344.0,67,67301,40.009,-75.1491,0,0,0,0,0,0,4,6,2016,6,23.0,3.0,0,1.0,3,1,3,  ,0,0.0,0,0,1,0,0,0,0,0,0,0,0,0,0,0,0,0,0
20751,2016064030,2330.0,200.0,67,67301,39.9654,-75.1425,0,0,0,0,0,0,1,6,2016,5,23.0,2.0,0,1.0,3,0,3,  ,0,0.0,0,0,0,0,0,0,0,0,0,0,0,0,0,0,0,0,0
20752,2016064228,1902.0,1856.0,2,2301,40.462,-79.9389,0,0,0,0,0,1,4,6,2016,5,18.0,1.0,0,1.0,3,1,3,  ,2,3.0,0,0,1,0,0,0,0,0,0,0,0,0,0,0,0,0,0
20753,2016064454,35.0,33.0,30,30205,39.897,-80.1616,0,0,0,0,0,0,4,6,2016,5,0.0,3.0,7,1.0,1,0,3,  ,0,0.0,0,0,1,0,0,0,0,0,0,0,0,0,0,0,0,0,0
20754,2016064709,1046.0,1044.0,23,23111,39.961,-75.2886,0,0,0,0,0,1,4,6,2016,7,10.0,1.0,0,1.0,3,2,3,  ,2,3.0,1,0,1,0,0,0,0,0,0,0,0,0,0,0,0,0,0
20755,2016064841,823.0,823.0,35,35302,41.3966,-75.668,0,0,0,0,0,0,5,6,2016,1,8.0,1.0,0,1.0,3,0,3,  ,0,0.0,1,0,0,0,0,0,0,0,0,0,0,0,0,0,0,0,0
20756,2016064850,1202.0,1149.0,60,60302,41.427,-79.718,0,0,0,0,0,1,6,6,2016,6,11.0,1.0,0,1.0,2,1,3,  ,3,3.0,0,0,0,0,0,0,0,0,0,0,0,0,0,0,0,0,0
20757,2016064867,809.0,806.0,2,2113,40.4667,-79.8374,0,0,0,0,0,0,4,6,2016,6,7.0,1.0,0,1.0,3,2,3,  ,3,3.0,1,0,1,0,0,0,0,0,0,0,0,0,0,0,0,0,0
20758,2016065016,1743.0,1740.0,9,9202,40.0899,-74.94,0,0,0,0,0,1,4,6,2016,1,17.0,1.0,0,1.0,3,2,3,  ,3,3.0,1,0,1,0,0,0,0,0,0,0,0,0,1,0,0,0,0
20759,2016065360,1933.0,1929.0,66,66207,40.0733,-76.7083,0,0,0,0,0,0,4,6,2016,1,19.0,1.0,0,1.0,1,1,3,  ,3,3.0,0,0,1,0,0,0,0,0,0,0,0,0,0,0,0,0,0
20760,2016065379,1556.0,1552.0,21,21102,40.1992,-76.9394,0,1,0,0,0,0,8,6,2016,2,15.0,1.0,0,1.0,3,0,3,  ,0,0.0,0,0,0,0,0,1,0,0,0,0,0,0,0,0,0,1,0
20761,2016065394,2307.0,2307.0,39,39301,40.6124,-75.4744,0,0,0,0,0,0,4,6,2016,3,3.0,3.0,0,1.0,3,10,3,  ,2,3.0,0,0,1,0,0,0,0,0,0,0,0,0,0,0,0,0,0
20762,2016065554,1733.0,1731.0,22,22301,40.2777,-76.8927,0,0,0,0,1,0,4,6,2016,2,17.0,1.0,0,1.0,3,1,3,  ,3,3.0,0,0,1,0,0,0,0,0,0,0,0,0,0,0,0,1,0
20763,2016065561,1651.0,1651.0,22,22301,40.2648,-76.8903,0,0,0,0,0,0,4,6,2016,6,16.0,1.0,0,1.0,3,1,3,  ,2,3.0,0,0,1,0,0,0,0,0,0,0,0,0,0,0,0,0,0
20764,2016065563,1315.0,1313.0,22,22301,40.2603,-76.8702,0,0,0,0,0,0,4,6,2016,2,13.0,1.0,0,1.0,3,2,3,  ,0,0.0,0,0,1,0,0,0,0,0,0,0,0,0,0,0,0,0,0
20765,2016065613,1552.0,1550.0,23,23111,39.96,-75.3132,0,0,0,0,0,0,4,6,2016,3,15.0,1.0,0,1.0,3,2,3,  ,3,3.0,1,0,1,0,0,0,0,0,0,0,0,0,0,0,0,0,0
20766,2016065619,2045.0,2039.0,67,67301,40.0129,-75.0872,0,0,0,0,0,1,5,6,2016,6,20.0,3.0,0,1.0,3,0,3,  ,0,0.0,0,0,0,0,0,0,0,0,0,0,0,0,0,0,0,0,0
20767,2016065630,515.0,510.0,67,67301,39.9268,-75.1693,0,0,0,0,0,0,1,6,2016,4,5.0,3.0,0,1.0,3,0,3,  ,0,0.0,0,1,0,0,0,0,0,0,0,0,0,0,0,0,0,0,0
20768,2016065654,1652.0,1650.0,67,67301,39.9377,-75.1655,0,0,0,0,0,1,4,6,2016,6,16.0,1.0,7,1.0,3,0,3,  ,0,0.0,0,0,1,0,0,0,0,0,0,0,0,0,0,0,0,0,0
20769,2016065655,1545.0,1540.0,67,67301,39.9546,-75.226,0,0,0,0,0,1,4,6,2016,2,15.0,1.0,0,1.0,3,1,3,  ,2,3.0,0,0,1,0,0,0,0,0,0,0,0,0,0,0,0,0,0
20770,2016065699,1338.0,1337.0,67,67301,39.9327,-75.1853,0,0,0,0,0,0,4,6,2016,6,13.0,1.0,0,1.0,3,1,3,  ,3,3.0,0,0,1,0,0,0,0,0,0,0,0,0,0,0,0,0,0
20771,2016065701,2055.0,2050.0,67,67301,40.0597,-75.1783,0,0,0,0,0,0,4,6,2016,7,16.0,1.0,0,1.0,3,0,3,  ,0,0.0,0,0,1,0,0,0,0,0,0,0,0,0,0,0,0,0,0
20772,2016065717,940.0,931.0,67,67301,40.0099,-75.1965,0,0,0,0,0,0,5,6,2016,1,9.0,1.0,0,1.0,3,0,3,  ,0,0.0,0,0,0,0,0,0,0,0,0,0,0,0,0,0,0,0,0
20773,2016065718,2245.0,2244.0,67,67301,39.9392,-75.1917,0,0,0,0,0,0,4,6,2016,7,22.0,3.0,0,1.0,3,1,3,  ,2,3.0,0,0,1,0,0,0,0,0,0,0,0,0,0,0,0,0,0
20774,2016065794,1748.0,1745.0,2,2416,40.3666,-80.0145,0,0,0,0,0,0,4,6,2016,5,17.0,1.0,0,9.0,3,1,7,  ,2,3.0,1,0,1,0,0,0,0,0,0,0,1,1,0,0,0,1,0
20775,2016065862,1644.0,1643.0,32,32408,40.623,-79.1559,0,0,0,0,0,0,4,6,2016,3,16.0,1.0,0,1.0,2,1,3,  ,2,3.0,1,0,1,0,0,0,0,0,0,0,0,0,0,0,0,1,0
20776,2016065866,1804.0,1759.0,35,35302,41.4469,-75.6575,0,0,0,0,0,1,4,6,2016,2,12.0,1.0,0,1.0,3,2,3,  ,3,3.0,0,0,1,0,0,0,0,0,0,0,0,0,0,0,0,0,0
20777,2016065991,2054.0,2054.0,46,46416,40.2459,-75.644,0,0,0,0,0,0,2,6,2016,5,20.0,4.0,0,1.0,2,0,3,  ,0,0.0,0,1,0,0,0,0,0,0,0,0,0,0,0,0,0,0,0
20778,2016066038,1200.0,1155.0,23,23416,39.907,-75.3281,0,0,0,0,1,0,4,6,2016,1,11.0,1.0,0,1.0,3,0,3,  ,0,0.0,0,0,1,0,0,1,0,0,0,0,0,0,0,0,0,0,0
20779,2016066091,1341.0,1337.0,39,39301,40.6075,-75.4753,0,0,0,0,0,0,8,6,2016,4,13.0,1.0,0,1.0,3,1,3,  ,3,3.0,0,0,0,0,0,0,0,0,0,0,0,0,0,0,0,0,0
20780,2016066100,1435.0,1432.0,36,36301,40.046,-76.2973,0,0,0,0,0,0,5,6,2016,6,14.0,1.0,0,1.0,3,0,3,  ,0,0.0,0,0,0,0,0,0,0,0,0,0,0,0,0,0,0,0,0
20781,2016066128,1807.0,1804.0,39,39301,40.5929,-75.4677,0,0,0,0,0,0,8,6,2016,4,18.0,1.0,0,1.0,3,2,3,  ,3,3.0,0,0,0,0,0,0,0,0,0,0,0,0,0,0,0,0,0
20782,2016066195,2102.0,2059.0,36,36301,40.0441,-76.3089,0,0,0,0,0,1,4,6,2016,2,20.0,4.0,0,1.0,3,1,3,  ,2,3.0,0,0,1,0,0,0,0,0,0,0,0,0,0,0,0,0,0
20783,2016066414,1235.0,1233.0,23,23108,39.941,-75.3267,0,0,0,0,0,1,4,6,2016,4,12.0,1.0,0,1.0,3,2,3,  ,3,3.0,0,0,1,0,0,1,0,0,0,0,0,0,0,0,0,0,0
20784,2016066431,1401.0,1358.0,15,15239,40.0444,-75.6628,0,0,0,0,0,1,4,6,2016,5,13.0,1.0,0,1.0,1,1,3,  ,2,3.0,0,0,1,0,0,0,0,0,0,0,0,0,0,0,0,0,0
20785,2016066536,1604.0,1600.0,9,9407,40.1788,-74.9181,0,0,0,0,0,0,4,6,2016,6,16.0,1.0,0,1.0,3,1,3,  ,0,0.0,0,0,1,0,0,0,0,0,0,0,0,0,0,0,0,1,0
20786,2016066569,1730.0,1725.0,6,6301,40.3392,-75.9277,0,0,0,0,0,0,4,6,2016,5,17.0,1.0,0,1.0,3,0,3,  ,0,0.0,0,0,1,0,0,0,0,0,0,0,0,0,0,0,0,0,0
20787,2016066573,1717.0,1715.0,38,38406,40.3136,-76.5845,0,1,0,0,0,1,4,6,2016,5,17.0,1.0,0,1.0,3,0,3,  ,0,0.0,0,0,1,0,0,0,0,0,0,0,0,0,0,0,0,0,0
20788,2016066775,1700.0,1700.0,17,17301,41.1206,-78.7645,0,0,0,0,1,0,4,6,2016,5,16.0,1.0,0,1.0,2,1,3,  ,2,3.0,0,0,1,0,0,0,0,0,0,0,0,0,0,0,0,1,0
20789,2016067047,1128.0,1118.0,28,28215,39.7673,-77.5261,0,0,0,0,1,0,4,7,2016,7,11.0,1.0,0,1.0,2,1,3,  ,0,0.0,1,0,1,0,0,1,0,0,0,0,0,0,0,0,0,0,0
20790,2016067089,2142.0,2131.0,7,7301,40.4997,-78.4147,0,0,0,0,0,0,4,6,2016,2,21.0,3.0,0,1.0,3,1,3,  ,2,3.0,0,0,1,0,0,0,0,0,0,0,0,0,0,0,0,0,0
20791,2016067129,1855.0,1850.0,35,35302,41.4123,-75.6547,0,0,0,0,0,0,4,7,2016,7,18.0,1.0,0,1.0,3,1,3,  ,3,3.0,0,0,1,0,0,0,0,0,0,0,0,0,0,0,0,0,1
20792,2016067131,1817.0,1815.0,25,25302,42.1227,-80.0473,0,0,0,0,0,0,4,7,2016,7,18.0,1.0,0,1.0,3,2,3,  ,3,3.0,0,0,1,0,0,0,0,0,0,0,0,0,0,0,0,0,0
20793,2016067133,1802.0,1755.0,25,25302,42.1218,-80.0581,0,0,0,0,0,1,4,7,2016,7,17.0,1.0,0,1.0,3,1,3,  ,0,0.0,0,0,1,0,0,0,0,0,0,0,0,0,0,0,0,0,0
20794,2016067144,2040.0,2036.0,46,46413,40.1171,-75.3463,0,1,0,0,0,0,5,7,2016,7,20.0,1.0,0,1.0,3,1,3,  ,2,3.0,0,0,0,0,0,0,0,0,0,0,0,0,0,0,0,0,0
20795,2016067178,1340.0,1336.0,48,48209,40.731,-75.3136,0,0,0,0,0,1,4,7,2016,6,13.0,1.0,0,1.0,1,2,3,  ,2,3.0,0,0,1,0,0,0,0,0,0,0,0,0,0,0,0,0,0
20796,2016067257,836.0,834.0,63,63204,41.5091,-75.251,0,0,0,0,1,0,4,6,2016,7,8.0,1.0,0,1.0,1,2,3,  ,0,0.0,0,0,1,0,0,0,0,0,0,0,0,0,0,0,0,0,0
20797,2016067275,1605.0,1600.0,23,23424,39.8934,-75.3501,0,0,0,0,0,1,4,6,2016,3,16.0,1.0,0,1.0,3,1,3,  ,3,3.0,0,0,1,0,0,0,0,0,0,0,0,0,0,0,0,0,0
20798,2016067342,1934.0,1932.0,4,4406,40.6986,-80.2924,0,1,0,0,1,0,1,7,2016,1,19.0,1.0,0,1.0,3,0,3,  ,0,0.0,1,1,0,0,0,1,1,0,0,1,0,0,0,1,0,0,0
20799,2016067453,1200.0,1200.0,15,15213,40.1647,-75.5975,0,0,0,0,0,0,1,6,2016,6,12.0,1.0,0,1.0,1,0,3,  ,0,0.0,1,0,0,0,0,0,0,0,0,0,0,0,0,0,0,0,0
20800,2016067500,1905.0,1836.0,7,7211,40.2604,-78.2989,0,1,0,0,1,0,9,6,2016,5,18.0,1.0,0,1.0,1,0,3,  ,0,0.0,0,0,0,0,0,0,0,0,0,0,0,0,0,0,0,0,1
20801,2016067737,1750.0,1743.0,39,39102,40.6128,-75.4859,0,0,0,0,0,0,4,7,2016,6,17.0,1.0,0,1.0,3,2,3,  ,0,0.0,0,0,1,0,0,0,0,0,0,0,0,0,0,0,0,0,0
20802,2016067801,1803.0,1758.0,7,7301,40.516,-78.3857,0,0,0,0,0,0,4,6,2016,2,17.0,1.0,0,1.0,3,0,3,  ,0,0.0,0,0,1,0,0,0,0,0,0,0,0,0,0,0,0,1,0
20803,2016067844,1812.0,1809.0,67,67301,40.039,-75.1475,0,0,0,0,0,0,4,5,2016,7,18.0,1.0,0,1.0,3,0,3,  ,0,0.0,0,0,1,0,0,0,0,0,0,0,0,0,0,0,0,0,0
20804,2016067865,1309.0,1306.0,36,36215,40.0249,-76.205,0,0,0,0,0,1,5,7,2016,3,13.0,1.0,0,1.0,1,0,3,  ,0,0.0,0,0,0,0,0,0,0,0,0,0,0,0,0,0,0,0,0
20805,2016068055,1934.0,1933.0,2,2301,40.4297,-79.9964,0,1,0,0,0,1,6,7,2016,3,19.0,1.0,0,1.0,3,0,3,  ,0,0.0,0,0,0,0,0,1,0,0,0,0,0,0,0,0,0,0,0
20806,2016068200,1003.0,1000.0,46,46104,39.9982,-75.2366,0,0,0,0,1,0,4,6,2016,6,10.0,1.0,0,9.0,3,0,7,  ,0,0.0,0,0,1,0,0,0,0,0,0,0,0,0,0,0,0,0,0
20807,2016068213,1720.0,1715.0,48,48101,40.6663,-75.3101,0,0,0,0,1,0,4,7,2016,3,17.0,1.0,0,1.0,3,2,3,  ,2,3.0,1,0,1,0,0,0,0,0,0,0,1,0,0,0,0,1,0
20808,2016068261,1346.0,1346.0,67,67301,39.9486,-75.2415,0,0,0,0,0,0,4,6,2016,4,13.0,1.0,0,1.0,3,2,3,  ,3,3.0,0,0,1,0,0,0,0,0,0,0,0,0,0,0,0,0,0
20809,2016068265,2300.0,2300.0,67,67301,39.9618,-75.24,0,0,0,0,0,0,5,6,2016,6,22.0,3.0,0,1.0,3,1,3,  ,0,0.0,0,0,0,0,0,0,0,0,0,0,0,0,0,0,0,0,0
20810,2016068270,1712.0,1708.0,67,67301,39.9673,-75.1713,0,0,0,0,0,0,5,6,2016,7,17.0,1.0,0,1.0,3,0,3,  ,0,0.0,0,0,0,0,0,0,0,0,0,0,0,0,0,0,0,0,0
20811,2016068271,1805.0,1758.0,67,67301,39.9891,-75.1534,0,0,0,0,0,0,4,6,2016,4,17.0,1.0,0,1.0,3,1,3,  ,3,3.0,0,0,1,0,0,0,0,0,0,0,0,0,0,0,0,1,0
20812,2016068295,1729.0,1723.0,39,39301,40.6354,-75.4232,0,0,0,0,0,0,8,7,2016,4,17.0,1.0,0,1.0,3,2,3,  ,3,3.0,0,0,0,0,0,0,0,0,0,0,0,0,0,0,0,0,0
20813,2016068579,1023.0,1022.0,46,46413,40.1218,-75.3593,0,0,0,0,0,0,4,7,2016,5,10.0,1.0,0,1.0,3,1,3,  ,2,3.0,0,0,1,0,0,0,0,0,0,0,0,0,0,0,0,0,0
20814,2016068566,856.0,848.0,2,2301,40.4512,-79.9201,0,0,0,0,0,0,4,7,2016,5,8.0,1.0,7,1.0,3,0,3,  ,0,0.0,0,0,1,0,0,0,0,0,0,0,0,0,0,0,0,0,0
20815,2016068592,1925.0,1923.0,23,23103,39.9931,-75.2997,0,0,0,0,0,0,4,7,2016,3,19.0,1.0,0,1.0,3,1,3,  ,2,3.0,0,0,1,0,0,0,0,0,0,0,0,0,0,0,0,0,1
20816,2016068655,1618.0,1613.0,67,67301,40.0742,-75.1606,0,0,0,0,0,0,5,6,2016,3,16.0,1.0,0,1.0,3,0,3,  ,0,0.0,0,0,0,0,0,0,0,0,0,0,0,0,0,0,0,1,0
20817,2016068664,750.0,740.0,67,67301,39.9617,-75.1365,0,0,0,0,0,1,4,6,2016,3,6.0,1.0,0,1.0,3,2,3,  ,2,3.0,0,0,1,0,0,0,0,0,0,0,0,0,0,0,0,0,0
20818,2016068708,1250.0,1246.0,67,67301,40.1045,-75.0321,0,0,0,0,0,0,4,6,2016,7,12.0,1.0,7,1.0,3,0,3,  ,0,0.0,0,0,1,0,0,0,0,0,0,0,0,0,0,0,0,1,0
20819,2016068714,1234.0,1234.0,67,67301,39.9758,-75.2266,0,0,0,0,0,0,8,6,2016,3,99.0,1.0,0,1.0,3,2,3,  ,0,0.0,0,0,0,0,0,0,0,0,0,0,0,0,0,0,0,0,0
20820,2016068822,531.0,529.0,21,21208,40.2238,-77.1825,0,0,0,0,0,0,4,7,2016,3,5.0,5.0,0,9.0,1,2,3,  ,0,0.0,1,0,1,0,0,0,0,0,0,0,0,0,0,0,0,1,0
20821,2016069047,1806.0,1803.0,67,67301,39.9445,-75.1574,0,0,0,0,0,0,5,6,2016,7,18.0,1.0,0,1.0,3,0,3,  ,0,0.0,0,0,0,0,0,0,0,0,0,0,0,0,0,0,0,0,0
20822,2016069170,1734.0,1732.0,38,38301,40.3321,-76.4256,0,0,0,0,0,0,4,7,2016,4,17.0,1.0,0,1.0,2,0,3,  ,3,3.0,0,0,1,0,0,0,0,0,0,0,0,0,0,0,0,0,0
20823,2016069346,1724.0,1720.0,46,46416,40.2476,-75.6377,0,0,0,0,0,0,4,7,2016,3,17.0,1.0,0,1.0,2,1,3,  ,0,0.0,0,0,1,0,0,0,0,0,0,0,0,0,0,0,0,0,0
20824,2016069459,1853.0,1851.0,40,40301,40.9556,-75.9698,0,0,0,0,1,0,4,7,2016,3,18.0,1.0,0,1.0,2,0,3,  ,0,0.0,0,0,1,0,0,0,0,0,0,0,0,0,0,0,0,0,0
20825,2016069489,1050.0,1032.0,2,2301,40.4509,-79.9431,0,0,0,0,0,0,2,7,2016,1,10.0,1.0,0,1.0,3,1,3,  ,2,3.0,0,0,0,0,0,0,0,0,0,0,0,0,0,0,0,0,0
20826,2016069515,1341.0,1339.0,46,46216,40.2304,-75.354,0,0,0,0,0,0,4,7,2016,1,13.0,1.0,0,1.0,1,1,3,  ,3,3.0,0,0,1,0,0,0,0,0,0,0,0,0,0,0,0,0,0
20827,2016069528,1542.0,1534.0,36,36209,40.0817,-76.1157,0,1,0,0,0,0,4,7,2016,1,15.0,1.0,0,1.0,1,1,3,  ,3,3.0,0,0,1,0,0,0,0,0,0,0,0,0,0,0,0,0,0
20828,2016069545,1451.0,1425.0,51,51203,41.2827,-74.875,0,0,0,0,0,0,5,6,2016,7,14.0,1.0,0,1.0,1,0,3,  ,0,0.0,1,0,0,0,0,1,0,0,0,0,0,0,0,0,0,0,0
20829,2016069562,1736.0,1722.0,53,53429,40.5905,-76.5513,0,0,0,0,0,1,4,7,2016,7,17.0,1.0,0,1.0,1,1,3,  ,3,3.0,0,0,1,0,0,0,0,0,0,0,0,0,0,0,0,0,0
20830,2016069570,831.0,824.0,23,23202,39.8704,-75.5901,0,1,0,0,0,0,4,7,2016,5,8.0,1.0,0,1.0,1,2,3,  ,0,0.0,1,0,1,0,0,0,0,0,0,0,0,0,0,0,0,0,0
20831,2016069697,2053.0,2051.0,2,2102,40.3702,-80.1009,0,0,0,0,0,0,4,7,2016,6,20.0,1.0,0,1.0,3,0,3,  ,0,0.0,1,0,1,0,0,0,0,0,0,0,0,0,0,0,0,0,0
20832,2016069758,2345.0,2339.0,41,41301,41.2402,-77.05,0,0,0,0,0,1,4,6,2016,2,23.0,3.0,2,1.0,3,1,3,  ,0,0.0,0,0,1,0,0,0,0,0,0,0,0,0,0,0,0,0,0
20833,2016069857,1651.0,1645.0,21,21409,40.0525,-77.5144,0,1,0,0,0,1,4,7,2016,2,16.0,1.0,0,1.0,2,1,3,  ,3,3.0,0,0,1,0,0,0,0,0,0,0,0,0,0,0,0,0,0
20834,2016070244,153.0,153.0,67,67301,39.9649,-75.1608,0,1,0,0,0,0,2,6,2016,6,1.0,3.0,0,1.0,3,0,3,  ,0,0.0,0,1,0,0,0,0,1,0,0,1,0,0,0,0,0,0,0
20835,2016070280,1256.0,1246.0,32,32223,40.6222,-79.1893,0,0,0,0,0,0,4,6,2016,7,12.0,1.0,0,1.0,1,1,3,  ,2,3.0,0,0,1,0,0,0,0,0,0,0,0,0,0,0,0,0,0
20836,2016070396,1933.0,1929.0,43,43302,41.221,-80.5001,0,0,0,0,0,0,5,7,2016,3,19.0,1.0,0,1.0,3,0,3,  ,0,0.0,0,0,0,0,0,0,0,0,0,0,0,0,0,0,0,0,0
20837,2016070406,1802.0,1800.0,40,40429,41.328,-75.7967,0,0,0,0,0,1,6,7,2016,1,18.0,1.0,0,1.0,3,1,3,  ,3,3.0,1,0,0,0,0,0,0,0,0,0,0,0,1,0,0,0,0
20838,2016070615,2035.0,2031.0,40,40418,41.2831,-75.8937,0,0,0,0,0,1,4,7,2016,6,20.0,1.0,0,1.0,3,2,3,  ,0,0.0,0,1,1,0,0,0,0,0,0,0,0,0,0,0,0,0,0
20839,2016070622,1736.0,1709.0,67,67301,40.014,-75.1268,0,0,0,0,1,0,5,6,2016,7,16.0,1.0,0,1.0,3,0,3,  ,0,0.0,0,0,0,0,0,0,0,0,0,0,0,0,0,0,0,0,0
20840,2016070636,1728.0,1719.0,67,67301,40.0322,-75.0918,0,0,0,0,0,0,4,6,2016,4,16.0,1.0,0,1.0,3,1,3,  ,2,3.0,0,0,1,0,0,0,0,0,0,0,0,0,0,0,0,0,0
20841,2016070637,1854.0,1854.0,67,67301,39.9926,-75.1311,0,0,0,0,0,0,4,6,2016,6,18.0,1.0,0,1.0,3,1,3,  ,0,0.0,0,0,1,0,0,0,0,0,0,0,0,0,0,0,0,0,0
20842,2016070673,2042.0,2037.0,67,67301,39.9418,-75.1777,0,0,0,0,0,0,5,6,2016,2,99.0,4.0,0,1.0,3,2,3,  ,0,0.0,1,0,0,0,0,0,0,0,0,0,0,0,0,1,0,0,0