,CRN,ARRIVAL_TM,DISPATCH_TM,COUNTY,MUNICIPALITY,DEC_LAT,DEC_LONG,BICYCLE_DEATH_COUNT,BICYCLE_SUSP_SERIOUS_INJ_COUNT,BUS_COUNT,HEAVY_TRUCK_COUNT,SMALL_TRUCK_COUNT,SUV_COUNT,COLLISION_TYPE,CRASH_MONTH,CRASH_YEAR,DAY_OF_WEEK,HOUR_OF_DAY,ILLUMINATION,LOCATION_TYPE,ROAD_CONDITION,URBAN_RURAL,INTERSECT_TYPE,WEATHER1,WEATHER2,TCD_TYPE,TCD_FUNC_CD,AGGRESSIVE_DRIVING,ALCOHOL_RELATED,ANGLE_CRASH,CELL_PHONE,COMM_VEHICLE,DISTRACTED,DRINKING_DRIVER,DRUGGED_DRIVER,FATIGUE_ASLEEP,IMPAIRED_DRIVER,NHTSA_AGG_DRIVING,RUNNING_RED_LT,RUNNING_STOP_SIGN,SPEEDING_RELATED,TAILGATING,MATURE_DRIVER,YOUNG_DRIVER
20843,2016070753,1443.0,1436.0,48,48212,40.6712,-75.2655,0,0,0,0,0,0,4,7,2016,4,14.0,1.0,0,1.0,3,2,3,  ,3,3.0,0,0,1,0,0,0,0,0,0,0,0,0,0,0,0,1,0
20844,2016070942,1150.0,1147.0,36,36223,40.038,-76.3438,0,0,0,0,0,1,4,7,2016,5,11.0,1.0,0,1.0,1,1,3,  ,2,3.0,0,0,1,0,0,0,0,0,0,0,0,0,0,0,0,1,0
20845,2016070966,1628.0,1626.0,38,38301,40.3388,-76.431,0,0,0,0,0,0,4,7,2016,7,16.0,1.0,0,1.0,2,1,3,  ,2,3.0,0,0,1,0,0,0,0,0,0,0,0,0,0,0,0,0,0
20846,2016070997,1458.0,1454.0,15,15411,40.1345,-75.511,0,0,0,0,0,0,5,7,2016,1,14.0,1.0,0,1.0,3,0,3,  ,0,0.0,0,0,0,0,0,0,0,0,0,0,0,0,0,0,0,1,0
20847,2016071012,1737.0,1726.0,9,9213,40.1679,-74.8924,0,0,0,0,0,0,4,6,2016,7,17.0,1.0,7,1.0,3,0,3,  ,0,0.0,0,0,1,0,0,0,0,0,0,0,0,0,0,0,0,1,0
20848,2016071076,1815.0,1810.0,67,67301,39.9117,-75.1724,0,0,0,0,0,0,4,6,2016,7,18.0,1.0,0,1.0,3,1,3,  ,2,3.0,0,0,1,0,0,0,0,0,0,0,0,0,0,0,0,0,0
20849,2016071091,830.0,822.0,67,67301,39.9755,-75.1909,0,0,0,0,0,0,4,6,2016,7,8.0,1.0,0,1.0,3,3,3,  ,0,0.0,0,0,1,0,0,1,0,0,0,0,0,0,0,0,0,0,0
20850,2016071093,1044.0,1045.0,67,67301,39.9748,-75.1949,0,0,0,0,0,0,5,6,2016,6,10.0,1.0,0,1.0,3,0,3,  ,0,0.0,0,0,0,0,0,0,0,0,0,0,0,0,0,0,0,0,0
20851,2016071099,2150.0,2138.0,67,67301,39.9926,-75.1445,0,0,0,0,0,0,4,6,2016,3,21.0,3.0,0,1.0,3,2,3,  ,0,0.0,1,0,1,0,0,0,0,0,0,0,0,0,0,0,0,0,0
20852,2016071120,1707.0,1705.0,14,14206,40.7832,-77.9008,0,0,0,0,0,0,4,7,2016,5,17.0,1.0,7,1.0,1,0,3,  ,0,0.0,0,0,1,0,0,0,0,0,0,0,0,0,0,0,0,0,0
20853,2016071137,1457.0,1452.0,25,25201,41.9739,-79.8,0,1,0,0,0,0,4,6,2016,1,14.0,1.0,7,2.0,1,0,3,  ,0,0.0,0,0,1,0,0,0,0,0,0,0,0,0,0,0,0,0,0
20854,2016071140,1641.0,1627.0,36,36202,40.1823,-75.9565,0,1,0,0,0,0,2,6,2016,1,16.0,1.0,0,1.0,1,0,3,  ,0,0.0,0,0,0,0,0,0,0,0,0,0,0,0,0,0,0,0,0
20855,2016071224,1748.0,1747.0,46,46411,40.2424,-75.2852,0,0,0,0,0,1,4,7,2016,5,17.0,1.0,0,1.0,3,0,3,  ,3,3.0,1,0,1,0,0,1,0,0,0,0,0,0,0,0,0,0,0
20856,2016071231,1830.0,1827.0,67,67301,39.9513,-75.1991,0,0,0,0,0,0,6,7,2016,5,18.0,1.0,0,1.0,3,1,3,  ,2,3.0,0,0,0,0,0,0,0,0,0,0,0,0,0,0,0,1,0
20857,2016071457,1740.0,1738.0,66,66217,40.0211,-76.7402,0,0,0,0,0,0,4,7,2016,3,17.0,1.0,0,1.0,3,0,3,  ,2,3.0,0,0,1,0,0,0,0,0,0,0,0,0,0,0,0,1,0
20858,2016071513,1324.0,1322.0,22,22202,40.277,-76.6622,0,0,0,0,0,1,4,7,2016,6,13.0,1.0,0,1.0,3,1,3,  ,3,3.0,1,0,1,0,0,0,0,0,0,0,0,0,0,0,0,0,0
20859,2016071559,1650.0,1650.0,38,38301,40.3471,-76.4217,0,0,0,0,0,0,4,7,2016,6,16.0,1.0,0,1.0,2,2,3,  ,0,0.0,0,0,1,0,0,1,0,0,1,0,0,0,0,0,0,0,0
20860,2016071560,2006.0,2005.0,38,38301,40.3438,-76.4309,0,0,0,0,0,0,4,7,2016,3,20.0,1.0,0,1.0,2,1,3,  ,0,0.0,0,0,1,0,0,1,0,0,0,0,0,0,0,0,0,1,0
20861,2016071568,1826.0,1824.0,38,38208,40.3388,-76.4508,0,0,0,0,0,0,4,7,2016,6,18.0,1.0,0,1.0,1,0,3,  ,0,0.0,0,0,1,0,0,0,0,0,0,0,0,0,0,0,0,0,0
20862,2016071597,2103.0,2001.0,44,44403,40.5956,-77.5778,0,0,0,0,0,0,4,7,2016,6,21.0,1.0,0,1.0,2,0,3,  ,0,0.0,0,0,1,0,0,0,0,0,0,0,0,0,0,0,0,0,0
20863,2016071772,1626.0,1626.0,23,23111,39.9599,-75.2586,0,0,0,0,0,1,4,7,2016,7,16.0,1.0,0,9.0,3,0,7,  ,0,0.0,0,0,1,0,0,0,0,0,0,0,0,0,0,0,0,0,0
20864,2016071857,33.0,31.0,46,46413,40.117,-75.3417,0,1,0,0,0,0,4,7,2016,1,0.0,2.0,0,1.0,3,0,3,  ,0,0.0,1,0,1,0,0,0,0,0,0,0,0,0,0,1,0,0,1
20865,2016071962,852.0,852.0,9,9224,40.2957,-74.9855,0,0,0,0,0,1,4,7,2016,1,8.0,1.0,0,1.0,1,2,3,  ,3,3.0,0,0,1,0,0,0,0,0,0,0,0,0,0,0,0,0,0
20866,2016072099,1207.0,1203.0,46,46413,40.1133,-75.336,0,0,0,0,1,0,4,7,2016,3,12.0,1.0,0,1.0,3,1,3,  ,2,3.0,0,0,1,0,0,0,0,0,0,0,0,0,0,0,0,0,0
20867,2016072144,1856.0,1852.0,40,40412,41.3319,-75.7762,0,0,0,0,0,0,4,7,2016,1,18.0,1.0,0,1.0,3,1,3,  ,3,3.0,1,0,1,0,0,0,0,0,0,0,0,0,0,1,0,0,0
20868,2016072223,1116.0,1054.0,7,7202,40.6131,-78.3096,1,0,0,0,0,0,5,6,2016,4,10.0,1.0,0,1.0,1,0,3,  ,0,0.0,0,0,0,0,0,0,0,0,0,0,0,0,0,0,0,0,0
20869,2016072278,1911.0,1907.0,46,46416,40.2485,-75.6414,0,0,0,0,0,0,4,7,2016,1,19.0,1.0,0,1.0,2,1,3,  ,3,3.0,0,0,1,0,0,0,0,0,0,0,0,0,0,0,0,0,1
20870,2016072352,1455.0,1452.0,39,39302,40.6204,-75.3976,0,0,0,0,0,0,8,7,2016,2,14.0,1.0,0,1.0,3,1,3,  ,3,3.0,1,0,0,0,0,0,0,0,0,0,0,0,0,0,0,1,0
20871,2016072459,1948.0,1933.0,39,39301,40.5603,-75.5754,0,0,0,0,0,1,4,7,2016,1,19.0,1.0,0,1.0,3,2,3,  ,0,0.0,0,1,1,0,0,0,0,0,0,0,0,0,0,0,0,0,0
20872,2016072711,1205.0,1204.0,63,63403,41.577,-75.258,0,0,0,0,0,1,4,7,2016,2,12.0,1.0,0,1.0,2,1,3,  ,2,3.0,0,0,1,0,0,0,0,0,0,0,0,0,0,0,0,0,0
20873,2016072787,1122.0,1119.0,48,48409,40.6909,-75.4982,0,0,0,0,0,0,4,7,2016,3,11.0,1.0,0,1.0,3,1,3,  ,3,3.0,0,0,1,0,0,0,0,0,0,0,0,0,0,0,0,0,0
20874,2016072894,640.0,636.0,38,38214,40.4529,-76.5069,0,0,0,0,1,0,4,6,2016,7,6.0,5.0,0,1.0,1,3,3,  ,0,0.0,0,0,1,0,0,0,0,0,0,0,0,0,0,0,0,0,1
20875,2016073038,1711.0,1706.0,28,28401,39.9134,-77.6657,0,0,0,0,0,0,4,7,2016,3,17.0,1.0,7,1.0,1,0,3,  ,0,0.0,0,0,1,0,0,0,0,0,0,0,0,0,0,0,0,1,0
20876,2016073320,1837.0,1835.0,36,36408,40.1788,-76.1819,0,0,0,0,0,0,4,7,2016,4,18.0,1.0,0,1.0,2,0,3,  ,0,0.0,0,0,1,0,0,0,0,0,0,0,0,0,0,0,0,0,0
20877,2016073423,830.0,827.0,9,9218,40.2039,-75.0354,0,0,0,0,0,0,4,7,2016,4,8.0,1.0,0,1.0,3,2,3,  ,0,0.0,1,0,1,0,0,0,0,0,0,0,0,0,0,0,0,0,0
20878,2016073515,1152.0,1145.0,36,36225,40.1867,-76.6023,0,0,0,0,0,1,4,7,2016,4,11.0,1.0,7,1.0,2,0,3,  ,0,0.0,0,0,1,0,0,0,0,0,0,0,0,0,0,0,0,0,0
20879,2016073691,1713.0,1709.0,14,14410,40.7925,-77.8567,0,0,0,0,0,0,4,7,2016,5,17.0,1.0,0,1.0,3,2,3,  ,0,0.0,0,0,1,0,0,0,0,0,0,0,0,0,0,0,0,0,1
20880,2016073713,1755.0,1753.0,46,46213,40.2408,-75.4545,0,2,0,0,0,1,4,7,2016,1,17.0,1.0,0,1.0,3,0,3,  ,8,3.0,0,0,1,0,0,0,0,0,0,0,0,0,0,0,0,0,0
20881,2016073949,1247.0,1242.0,36,36101,40.0954,-76.2732,0,0,0,0,0,0,5,7,2016,6,12.0,1.0,0,1.0,3,0,3,  ,0,0.0,1,0,0,0,0,0,0,0,0,0,0,0,0,0,0,0,0
20882,2016073985,1934.0,1931.0,11,11410,40.3457,-78.8883,0,0,0,0,0,0,4,7,2016,3,19.0,1.0,0,1.0,3,1,3,  ,0,0.0,0,0,1,0,0,1,0,0,0,0,0,0,0,0,0,0,0
20883,2016074109,1910.0,1851.0,46,46102,40.0636,-75.0874,0,0,0,0,0,1,4,7,2016,6,18.0,1.0,0,1.0,3,2,3,  ,3,3.0,1,0,1,0,0,0,0,0,0,0,0,0,0,0,0,0,0
20884,2016074265,1739.0,1736.0,36,36301,40.0319,-76.3074,0,0,0,0,0,0,4,6,2016,6,17.0,1.0,7,1.0,3,0,3,  ,0,0.0,1,0,1,0,0,0,0,0,0,0,0,0,0,0,0,0,0
20885,2016074375,735.0,710.0,39,39210,40.4878,-75.5504,0,0,0,0,0,0,5,7,2016,5,7.0,1.0,0,1.0,1,0,3,  ,0,0.0,1,0,0,0,0,0,0,0,0,0,0,0,0,0,0,0,0
20886,2016074445,1420.0,1418.0,9,9415,40.4385,-75.3203,0,0,0,0,0,0,4,7,2016,3,14.0,1.0,0,1.0,2,1,3,  ,3,3.0,1,0,1,0,0,0,0,0,0,0,0,0,0,0,0,0,0
20887,2016074498,1739.0,1737.0,46,46411,40.2504,-75.2843,0,0,0,0,0,1,4,7,2016,6,17.0,1.0,0,1.0,3,1,3,  ,3,3.0,0,0,1,0,0,0,0,0,0,0,0,0,0,0,0,0,0
20888,2016074520,2138.0,2134.0,21,21208,40.2238,-77.1825,0,0,0,0,0,0,8,7,2016,7,21.0,2.0,0,1.0,1,3,3,  ,0,0.0,0,0,0,0,0,0,0,0,0,0,0,0,0,0,0,1,0
20889,2016074650,1951.0,1947.0,44,44403,40.6008,-77.5644,0,1,0,0,0,1,8,7,2016,6,19.0,1.0,0,1.0,2,0,3,  ,0,0.0,0,0,0,0,0,0,0,0,0,0,0,0,0,0,0,0,0
20890,2016074727,1444.0,1424.0,10,10209,40.7226,-79.8708,0,0,0,1,0,0,5,6,2016,6,14.0,1.0,0,1.0,1,2,3,  ,0,0.0,0,0,0,0,1,0,0,0,0,0,0,0,0,0,0,0,0
20891,2016074815,1255.0,1250.0,41,41301,41.2458,-77.0075,0,0,0,0,0,0,4,6,2016,4,12.0,1.0,0,1.0,3,2,3,  ,3,3.0,0,0,1,0,0,0,0,0,0,0,0,0,0,0,0,0,0
20892,2016075000,1809.0,1807.0,6,6301,40.3296,-75.9203,0,0,0,0,0,0,5,7,2016,2,18.0,1.0,0,1.0,3,1,3,  ,0,0.0,0,0,0,0,0,0,0,0,0,0,0,0,0,0,0,0,0
20893,2016075194,748.0,745.0,28,28401,39.9137,-77.6629,0,0,0,1,0,0,8,7,2016,3,7.0,1.0,0,1.0,1,2,3,  ,0,0.0,0,0,0,0,1,0,0,0,0,0,0,0,0,0,0,1,0
20894,2016075235,1524.0,1516.0,48,48210,40.5667,-75.3394,0,0,0,0,0,0,4,7,2016,5,15.0,1.0,7,1.0,1,0,3,  ,0,0.0,0,0,1,0,0,0,0,0,0,0,0,0,0,0,0,1,0
20895,2016075293,1934.0,1929.0,25,25213,42.0719,-80.1821,0,0,0,0,0,0,4,7,2016,1,19.0,1.0,0,1.0,3,1,3,  ,2,3.0,1,0,1,0,0,0,0,0,0,0,0,0,0,0,0,0,0
20896,2016075363,1659.0,1614.0,18,18407,41.3248,-77.7457,0,0,0,0,1,0,4,7,2016,7,16.0,1.0,7,1.0,1,0,3,  ,0,0.0,0,0,1,0,0,0,0,0,0,0,0,0,0,0,0,0,0
20897,2016075381,1712.0,1712.0,46,46415,40.3971,-75.4965,0,0,0,0,1,0,4,7,2016,5,17.0,1.0,0,1.0,1,2,3,  ,3,3.0,0,0,1,0,0,1,0,0,0,0,0,0,0,0,0,0,0
20898,2016075720,1433.0,1429.0,45,45404,40.9845,-75.1972,0,0,0,0,1,0,4,7,2016,2,14.0,1.0,7,9.0,2,0,3,  ,0,0.0,0,0,1,0,0,1,0,0,0,0,0,0,0,0,0,0,0
20899,2016075895,1941.0,1938.0,2,2302,40.2961,-79.8807,0,0,0,0,0,0,4,7,2016,4,19.0,1.0,0,1.0,3,1,3,  ,3,3.0,0,0,1,0,0,0,0,0,0,0,0,0,0,0,0,0,0
20900,2016076087,1939.0,1937.0,9,9226,40.1917,-75.0735,0,1,0,0,0,0,4,6,2016,4,19.0,1.0,0,1.0,3,2,3,  ,2,3.0,0,0,1,0,0,0,0,0,0,0,0,0,0,0,0,0,0
20901,2016076129,1712.0,1710.0,11,11411,40.4877,-78.7238,0,1,0,0,0,0,4,7,2016,4,17.0,1.0,0,1.0,1,1,3,  ,3,3.0,0,0,1,0,0,1,0,0,0,0,0,0,0,0,0,0,0
20902,2016076283,2022.0,2018.0,2,2302,40.2872,-79.8857,0,0,0,0,0,0,4,7,2016,5,20.0,1.0,0,9.0,3,1,7,  ,3,3.0,0,0,1,0,0,0,0,0,0,0,0,0,0,0,0,0,0
20903,2016076398,847.0,843.0,66,66301,39.9521,-76.7164,0,0,0,0,0,0,4,7,2016,3,8.0,1.0,0,1.0,3,1,3,  ,2,3.0,1,0,1,0,0,0,0,1,0,1,0,1,0,0,0,0,0
20904,2016076448,46.0,44.0,46,46105,40.1247,-75.0631,0,0,0,0,0,0,4,7,2016,5,0.0,3.0,0,1.0,3,2,3,  ,2,3.0,0,0,1,0,0,0,0,0,0,0,0,0,0,0,0,0,0
20905,2016076495,1536.0,1535.0,46,46415,40.3998,-75.4953,0,0,0,0,1,0,4,7,2016,3,15.0,1.0,0,1.0,1,2,3,  ,0,0.0,0,0,1,0,0,0,0,0,0,0,0,0,0,0,0,0,0
20906,2016076612,1852.0,1848.0,66,66430,39.9542,-76.7545,0,0,0,0,0,0,6,7,2016,6,18.0,1.0,0,1.0,3,0,3,  ,0,0.0,0,1,0,0,0,1,1,1,0,1,0,0,0,0,0,0,0
20907,2016076739,1605.0,1559.0,66,66208,40.2228,-76.852,0,0,0,0,0,0,1,7,2016,2,15.0,1.0,0,1.0,1,0,3,  ,0,0.0,0,0,0,0,0,0,0,0,0,0,0,0,0,0,0,0,0
20908,2016076859,2035.0,2034.0,9,9202,40.1081,-74.9522,0,0,0,0,0,1,4,7,2016,7,20.0,3.0,7,9.0,3,0,7,  ,2,3.0,0,0,1,0,0,0,0,0,0,0,0,0,0,0,0,0,0
20909,2016076926,1544.0,1541.0,28,28401,39.93,-77.6608,0,0,0,0,0,0,4,7,2016,6,15.0,1.0,0,1.0,1,2,3,  ,3,3.0,0,0,1,0,0,0,0,0,0,0,0,0,0,0,0,1,0
20910,2016076944,930.0,925.0,36,36238,40.1398,-76.2109,1,0,0,0,0,0,1,7,2016,6,9.0,1.0,0,1.0,3,0,3,  ,0,0.0,0,0,0,0,0,1,0,0,0,0,0,0,0,0,0,0,1
20911,2016076952,1240.0,1237.0,60,60301,41.4025,-79.831,0,1,0,0,0,1,4,7,2016,1,12.0,1.0,0,1.0,2,2,3,  ,3,3.0,1,0,1,0,0,0,0,0,0,0,0,0,1,0,0,1,0
20912,2016077035,2319.0,2311.0,2,2301,40.4559,-79.9386,0,0,0,0,0,0,2,7,2016,1,23.0,3.0,0,1.0,3,1,3,  ,2,3.0,1,0,0,0,0,0,0,0,0,0,0,0,0,0,0,0,0
20913,2016077087,825.0,820.0,2,2301,40.4538,-79.9992,0,0,0,0,0,0,8,8,2016,2,8.0,1.0,0,1.0,3,2,3,  ,0,0.0,0,0,0,0,0,0,0,0,0,0,0,0,0,0,0,0,0
20914,2016077107,1500.0,1457.0,40,40422,41.2344,-75.959,0,0,0,0,1,0,4,7,2016,5,14.0,1.0,0,1.0,3,2,3,  ,3,3.0,0,0,1,0,0,0,0,0,0,0,0,0,0,0,0,0,0
20915,2016077237,1752.0,1751.0,40,40422,41.242,-75.949,0,0,0,0,0,0,4,7,2016,6,17.0,1.0,0,1.0,3,2,3,  ,0,0.0,0,0,1,0,0,0,0,0,0,0,0,0,0,0,0,0,0
20916,2016077464,1841.0,1824.0,50,50219,40.3656,-77.3448,0,0,0,0,1,0,4,7,2016,6,18.0,1.0,0,1.0,1,2,3,  ,3,3.0,1,0,1,0,0,0,0,0,0,0,0,0,0,0,0,0,1
20917,2016077621,1753.0,1737.0,11,11423,40.3939,-78.6726,0,1,0,0,1,0,4,7,2016,4,17.0,1.0,0,1.0,1,2,3,  ,3,3.0,1,0,1,0,0,0,0,0,0,0,1,0,0,0,0,0,0
20918,2016077759,1301.0,1259.0,48,48301,40.6238,-75.3828,0,0,0,0,0,0,4,8,2016,3,12.0,1.0,7,1.0,3,0,3,  ,0,0.0,0,0,1,0,0,0,0,0,0,0,0,0,0,0,0,0,0
20919,2016077794,1654.0,1635.0,66,66301,39.963,-76.7314,0,0,0,0,1,0,4,8,2016,3,16.0,1.0,0,1.0,3,1,3,  ,3,1.0,1,0,1,0,0,0,0,0,0,0,0,0,0,0,0,0,0
20920,2016077902,1144.0,1136.0,46,46215,40.2041,-75.4411,0,0,0,0,0,0,4,7,2016,2,11.0,1.0,0,1.0,1,2,3,  ,0,0.0,0,0,1,0,0,0,0,0,0,0,0,0,0,0,0,1,0
20921,2016078013,1100.0,1100.0,66,66204,40.0448,-76.8344,0,0,0,0,0,0,2,7,2016,5,11.0,1.0,0,1.0,1,2,3,  ,3,3.0,0,0,0,0,0,0,0,0,0,0,0,0,0,0,0,1,0
20922,2016078168,1545.0,1543.0,38,38301,40.3383,-76.4288,0,0,0,0,0,0,4,7,2016,6,15.0,1.0,0,1.0,2,1,3,  ,0,0.0,0,0,1,0,0,0,0,0,0,0,0,0,0,0,0,0,0
20923,2016078502,2109.0,2109.0,20,20302,41.6301,-79.6734,0,0,0,0,0,1,4,7,2016,4,21.0,4.0,0,1.0,2,1,3,  ,0,0.0,0,0,1,0,0,0,0,0,0,0,0,0,0,0,0,0,0
20924,2016078532,929.0,929.0,25,25411,42.2123,-79.8361,0,0,0,0,0,1,4,8,2016,2,9.0,1.0,7,1.0,1,0,3,  ,0,0.0,0,0,1,0,0,1,0,0,0,0,0,0,0,0,0,0,0
20925,2016078548,1914.0,1910.0,39,39102,40.6491,-75.4767,0,0,0,0,0,0,8,8,2016,4,19.0,1.0,0,1.0,3,1,3,  ,3,3.0,0,0,0,0,0,0,0,0,0,0,0,0,0,0,0,0,0
20926,2016078768,1120.0,1059.0,6,6202,40.404,-75.8882,0,0,0,0,0,1,4,7,2016,4,10.0,1.0,0,1.0,1,2,3,  ,3,3.0,0,0,1,0,0,0,0,0,0,0,0,0,0,0,0,0,0
20927,2016078819,737.0,735.0,25,25302,42.1106,-80.1161,0,0,0,0,1,1,4,8,2016,6,7.0,1.0,0,1.0,3,1,3,  ,2,3.0,1,0,1,0,0,0,0,0,0,0,0,0,0,0,0,1,0
20928,2016078824,637.0,635.0,15,15214,40.0425,-75.5765,0,1,0,0,1,0,4,8,2016,5,6.0,1.0,0,1.0,3,1,98,  ,2,3.0,0,0,1,0,0,0,0,0,0,0,0,0,0,0,0,0,0
20929,2016078837,905.0,859.0,38,38210,40.3138,-76.5766,0,0,0,0,0,1,1,8,2016,6,8.0,1.0,0,1.0,1,1,3,  ,3,3.0,1,0,0,0,0,0,0,0,0,0,0,0,0,0,0,1,0
20930,2016078844,735.0,730.0,2,2208,40.5346,-79.8438,0,0,0,0,0,0,1,8,2016,6,7.0,1.0,0,1.0,3,0,3,  ,0,0.0,0,0,0,0,0,0,0,0,0,0,0,0,0,0,0,0,0
20931,2016078856,544.0,542.0,39,39103,40.5925,-75.5465,0,0,0,0,0,1,4,8,2016,5,5.0,5.0,0,1.0,1,2,3,  ,0,0.0,0,0,1,0,0,0,0,0,0,0,0,0,0,0,0,0,0
20932,2016078992,1607.0,1605.0,40,40303,41.3258,-75.7858,0,0,0,0,0,1,4,7,2016,2,16.0,1.0,0,1.0,3,1,3,  ,3,3.0,0,0,1,0,0,0,0,0,0,0,0,0,0,0,0,0,0
20933,2016079008,1647.0,1644.0,11,11432,40.3204,-78.9558,0,0,0,0,0,0,4,8,2016,6,16.0,1.0,0,1.0,3,2,3,  ,2,3.0,1,0,1,0,0,0,0,0,0,0,0,0,0,0,0,0,0
20934,2016079012,1702.0,1702.0,40,40303,41.3185,-75.7895,0,0,0,0,0,1,4,7,2016,5,16.0,1.0,0,1.0,3,1,3,  ,3,3.0,0,0,1,0,0,0,0,0,0,0,0,0,0,0,0,0,0
20935,2016079013,1718.0,1717.0,46,46413,40.1127,-75.3364,0,0,0,0,0,0,4,8,2016,6,17.0,1.0,0,1.0,3,2,3,  ,0,0.0,0,0,1,0,0,0,0,0,0,0,0,0,0,0,0,0,0
20936,2016079370,1726.0,1718.0,39,39301,40.6105,-75.4813,0,0,0,0,0,0,4,8,2016,7,17.0,1.0,0,1.0,3,1,3,  ,3,3.0,0,0,1,0,0,0,0,0,0,0,0,0,0,0,0,0,0
20937,2016079542,1622.0,1618.0,2,2301,40.4191,-79.9973,0,0,0,0,0,0,4,8,2016,7,16.0,1.0,0,1.0,3,1,3,  ,3,3.0,0,0,1,0,0,0,0,0,0,0,0,0,0,0,0,0,0
20938,2016079578,2035.0,2031.0,36,36240,39.999,-76.244,0,1,0,0,0,0,4,8,2016,7,20.0,4.0,0,1.0,1,1,3,  ,2,3.0,0,0,1,0,0,0,0,0,0,0,0,0,0,0,0,0,0
20939,2016079915,2115.0,2112.0,46,46413,40.1117,-75.3436,0,0,0,0,0,0,4,8,2016,2,21.0,3.0,0,1.0,3,2,3,  ,0,0.0,0,0,1,0,0,0,0,0,0,0,0,0,0,0,0,0,0
20940,2016079923,1905.0,1903.0,39,39302,40.6252,-75.388,0,0,0,0,0,0,4,8,2016,2,19.0,1.0,0,1.0,3,2,3,  ,3,3.0,1,0,1,0,0,0,0,0,0,0,0,0,0,0,0,0,0
20941,2016079940,1846.0,1844.0,23,23106,40.0434,-75.3776,0,1,0,0,0,0,4,8,2016,2,18.0,1.0,0,1.0,3,0,3,  ,0,0.0,0,0,1,0,0,0,0,0,0,0,0,0,0,0,0,0,0
20942,2016080046,1858.0,1853.0,25,25218,42.0246,-79.8364,1,0,0,0,0,1,4,8,2016,7,18.0,1.0,0,1.0,1,1,3,  ,3,3.0,0,0,1,0,0,1,0,0,0,0,0,0,0,0,0,0,1
20943,2016080062,758.0,747.0,9,9101,40.1299,-74.8352,0,0,0,0,1,0,1,8,2016,3,6.0,1.0,0,1.0,3,0,3,  ,0,0.0,0,0,0,0,0,0,0,0,0,0,0,0,0,0,0,0,0
20944,2016080088,2343.0,2341.0,67,67301,39.9379,-75.1667,0,0,0,0,0,1,4,7,2016,7,19.0,4.0,0,1.0,3,1,3,  ,2,3.0,1,0,1,0,0,0,0,0,0,0,0,1,0,0,0,0,0
20945,2016080096,1845.0,1840.0,67,67301,39.95,-75.2352,0,0,0,0,0,0,4,7,2016,1,18.0,1.0,0,1.0,3,1,3,  ,2,3.0,0,0,1,0,0,0,0,0,0,0,0,0,0,0,0,0,0
20946,2016080104,1505.0,1458.0,67,67301,39.9961,-75.154,0,0,0,0,0,0,4,7,2016,4,14.0,1.0,0,1.0,3,2,3,  ,3,3.0,0,0,1,0,0,0,0,0,0,0,0,0,0,0,0,0,0
20947,2016080120,2028.0,2024.0,67,67301,40.0776,-75.1778,0,0,0,0,0,1,4,7,2016,5,20.0,3.0,0,1.0,3,1,3,  ,3,3.0,0,1,1,0,0,0,0,0,0,0,0,0,0,0,0,0,0
20948,2016080149,1645.0,1600.0,67,67301,39.9243,-75.1501,0,0,0,0,0,0,4,7,2016,3,14.0,1.0,0,1.0,3,1,3,  ,3,3.0,1,0,1,0,0,0,0,0,0,0,0,0,0,0,0,0,0
20949,2016080244,1932.0,1932.0,67,67301,40.0136,-75.0706,0,0,0,0,0,0,5,6,2016,6,19.0,1.0,0,1.0,3,0,3,  ,0,0.0,0,0,0,0,0,0,0,0,0,0,0,0,0,0,0,0,0
20950,2016080319,1225.0,1220.0,67,67301,40.0547,-75.0047,0,0,0,0,0,0,4,7,2016,7,12.0,1.0,0,1.0,3,0,3,  ,0,0.0,0,0,1,0,0,0,0,0,0,0,0,0,0,0,0,1,0
20951,2016080325,1650.0,1650.0,67,67301,40.0344,-75.1451,0,0,0,0,0,0,1,6,2016,1,5.0,1.0,0,1.0,3,0,3,  ,0,0.0,0,0,0,0,0,0,0,0,0,0,0,0,0,0,0,0,0
20952,2016080348,1913.0,1909.0,67,67301,40.0477,-75.1048,0,0,0,0,1,0,4,7,2016,6,19.0,3.0,0,1.0,3,0,3,  ,0,0.0,0,0,1,0,0,0,0,0,0,0,0,0,0,0,0,0,0
20953,2016080350,1910.0,1908.0,67,67301,40.0382,-75.065,0,0,0,0,0,0,4,6,2016,5,19.0,1.0,0,1.0,3,5,3,  ,2,3.0,1,0,1,0,0,0,0,0,0,0,0,0,0,0,0,0,0
20954,2016080363,37.0,37.0,67,67301,40.0084,-75.1704,0,0,0,0,0,0,4,7,2016,5,0.0,3.0,0,1.0,3,2,3,  ,2,3.0,1,0,1,0,0,0,0,0,0,0,0,0,0,1,0,0,0
20955,2016080369,1735.0,1730.0,67,67301,39.9986,-75.1298,0,0,0,0,0,0,5,7,2016,4,15.0,1.0,0,1.0,3,2,3,  ,0,0.0,0,0,0,0,0,0,0,0,0,0,0,0,0,0,0,0,0
20956,2016080373,826.0,826.0,67,67301,39.9496,-75.1572,0,0,0,0,0,0,4,6,2016,6,8.0,1.0,7,1.0,3,0,3,  ,0,0.0,0,0,1,0,0,0,0,0,0,0,0,0,0,0,0,1,0