,CRN,ARRIVAL_TM,DISPATCH_TM,COUNTY,MUNICIPALITY,DEC_LAT,DEC_LONG,BICYCLE_DEATH_COUNT,BICYCLE_SUSP_SERIOUS_INJ_COUNT,BUS_COUNT,HEAVY_TRUCK_COUNT,SMALL_TRUCK_COUNT,SUV_COUNT,COLLISION_TYPE,CRASH_MONTH,CRASH_YEAR,DAY_OF_WEEK,HOUR_OF_DAY,ILLUMINATION,LOCATION_TYPE,ROAD_CONDITION,URBAN_RURAL,INTERSECT_TYPE,WEATHER1,WEATHER2,TCD_TYPE,TCD_FUNC_CD,AGGRESSIVE_DRIVING,ALCOHOL_RELATED,ANGLE_CRASH,CELL_PHONE,COMM_VEHICLE,DISTRACTED,DRINKING_DRIVER,DRUGGED_DRIVER,FATIGUE_ASLEEP,IMPAIRED_DRIVER,NHTSA_AGG_DRIVING,RUNNING_RED_LT,RUNNING_STOP_SIGN,SPEEDING_RELATED,TAILGATING,MATURE_DRIVER,YOUNG_DRIVER
20957,2016080376,2009.0,2007.0,67,67301,39.9448,-75.1501,0,0,0,0,0,0,4,7,2016,5,19.0,1.0,7,1.0,3,0,3,  ,0,0.0,1,0,1,0,0,0,0,0,0,0,0,0,0,0,0,0,0
20958,2016080389,1802.0,1756.0,67,67301,40.0027,-75.1742,0,0,0,0,0,1,4,6,2016,3,17.0,1.0,0,1.0,3,1,3,  ,2,3.0,0,0,1,0,0,0,0,0,0,0,0,0,0,0,0,0,0
20959,2016080392,1530.0,1525.0,67,67301,40.0312,-75.1202,0,0,0,0,1,0,6,7,2016,7,15.0,1.0,0,1.0,3,0,3,  ,0,0.0,0,0,0,0,0,0,0,0,0,0,0,0,0,0,0,0,0
20960,2016080398,1628.0,1628.0,67,67301,40.0394,-75.0774,0,0,0,0,0,0,4,6,2016,1,16.0,1.0,0,1.0,3,1,3,  ,2,3.0,0,0,1,0,0,0,0,0,0,0,0,0,0,0,0,0,0
20961,2016080400,9999.0,1950.0,67,67301,40.0514,-75.0918,0,0,0,0,0,1,5,6,2016,4,17.0,1.0,0,1.0,3,0,3,  ,0,0.0,0,0,0,0,0,0,0,0,0,0,0,0,0,0,0,0,0
20962,2016080407,2116.0,2116.0,67,67301,39.9921,-75.1765,0,0,0,0,0,0,4,7,2016,5,21.0,3.0,0,1.0,3,1,3,  ,3,3.0,0,0,1,0,0,0,0,0,0,0,0,0,0,0,0,0,0
20963,2016080425,1716.0,1714.0,67,67301,39.9682,-75.2057,0,0,0,0,0,0,4,7,2016,1,17.0,1.0,0,1.0,3,1,3,  ,3,3.0,1,0,1,0,0,0,0,0,0,0,0,0,0,0,0,0,0
20964,2016080436,1717.0,1217.0,67,67301,40.0288,-75.1322,0,0,0,0,0,0,4,6,2016,2,13.0,1.0,0,1.0,3,1,3,  ,2,3.0,0,0,1,0,0,0,0,0,0,0,0,0,0,0,0,0,0
20965,2016080444,1812.0,1810.0,67,67301,40.0259,-75.0556,0,0,0,0,0,1,4,7,2016,4,17.0,1.0,0,1.0,3,0,3,  ,0,0.0,0,0,1,0,0,0,0,0,0,0,0,0,0,0,0,0,0
20966,2016080445,1923.0,1922.0,67,67301,39.9171,-75.1626,0,0,0,0,0,0,4,7,2016,3,19.0,1.0,0,1.0,3,1,3,  ,3,3.0,1,0,1,0,0,0,0,0,0,0,0,0,0,0,0,0,0
20967,2016080453,803.0,803.0,67,67301,39.9482,-75.1644,0,0,0,0,0,1,4,6,2016,3,8.0,1.0,0,1.0,3,1,3,  ,2,3.0,0,0,1,0,0,0,0,0,0,0,0,0,0,0,0,0,0
20968,2016080463,9999.0,1400.0,67,67301,40.0063,-75.1763,0,0,0,0,0,0,5,6,2016,4,14.0,1.0,0,1.0,3,0,3,  ,0,0.0,0,0,0,0,0,0,0,0,0,0,0,0,0,0,0,0,0
20969,2016080476,1800.0,1752.0,67,67301,39.9983,-75.175,0,0,0,0,0,0,4,7,2016,1,17.0,1.0,0,1.0,3,0,3,  ,0,0.0,0,0,1,0,0,0,0,0,0,0,0,0,0,0,0,0,0
20970,2016080499,1700.0,1652.0,67,67301,39.9179,-75.1492,0,0,0,0,0,0,4,6,2016,6,16.0,1.0,0,1.0,3,1,3,  ,3,3.0,0,0,1,0,0,0,0,0,0,0,0,0,0,0,0,0,0
20971,2016080500,1120.0,1115.0,67,67301,39.9725,-75.1538,0,0,0,0,1,0,4,6,2016,2,11.0,1.0,0,1.0,3,1,3,  ,3,3.0,0,0,1,0,0,0,0,0,0,0,0,0,0,0,0,0,0
20972,2016080503,912.0,901.0,67,67301,39.9694,-75.2045,0,0,0,0,0,0,4,6,2016,2,9.0,1.0,0,1.0,3,1,3,  ,0,0.0,0,0,1,0,0,0,0,0,0,0,0,0,0,0,0,0,0
20973,2016080538,245.0,244.0,67,67301,39.9446,-75.1735,0,0,0,0,0,0,4,6,2016,4,2.0,3.0,0,1.0,3,1,3,  ,2,3.0,0,1,1,0,0,0,0,0,0,0,0,0,0,0,0,0,0
20974,2016080539,50.0,42.0,67,67301,39.9936,-75.127,0,0,0,0,0,0,4,7,2016,6,20.0,4.0,0,1.0,3,2,3,  ,3,3.0,0,0,1,0,0,0,0,0,0,0,0,0,0,0,0,0,0
20975,2016080556,1310.0,1305.0,67,67301,39.9934,-75.118,0,0,0,0,0,0,3,6,2016,5,13.0,1.0,0,1.0,3,0,3,  ,0,0.0,0,0,0,0,0,0,0,0,0,0,0,0,0,0,0,0,0
20976,2016080623,1741.0,1737.0,67,67301,40.0649,-75.195,0,0,0,0,0,0,4,6,2016,5,20.0,4.0,0,1.0,3,2,3,  ,3,3.0,1,0,1,0,0,0,0,0,0,0,0,0,1,0,0,0,0
20977,2016080687,1924.0,1920.0,67,67301,39.9796,-75.1711,0,0,0,0,0,1,4,7,2016,4,16.0,1.0,0,1.0,3,2,3,  ,3,3.0,1,0,1,0,0,0,0,0,0,0,0,0,0,0,0,0,0
20978,2016080689,930.0,0.0,67,67301,39.972,-75.184,0,0,0,0,1,0,4,7,2016,2,8.0,1.0,99,1.0,3,2,3,  ,3,3.0,0,0,1,0,0,0,0,0,0,0,0,0,0,0,0,1,0
20979,2016080695,1355.0,1352.0,67,67301,40.0522,-75.1308,0,0,0,0,0,0,4,6,2016,4,13.0,1.0,0,1.0,3,1,3,  ,2,3.0,0,0,1,0,0,0,0,0,0,0,0,0,0,0,0,0,0
20980,2016080697,1245.0,1242.0,67,67301,40.0275,-75.1464,0,0,0,0,0,0,8,6,2016,5,12.0,1.0,0,1.0,3,1,3,  ,2,3.0,0,0,0,0,0,0,0,0,0,0,0,0,0,0,0,0,0
20981,2016080742,9999.0,9999.0,67,67301,39.9461,-75.185,0,0,0,0,0,0,5,7,2016,2,16.0,1.0,0,1.0,3,0,3,  ,0,0.0,0,0,0,0,0,0,0,0,0,0,0,0,0,0,0,0,0
20982,2016080748,1825.0,1823.0,67,67301,39.9231,-75.1595,0,0,0,0,0,1,5,7,2016,4,18.0,1.0,0,9.0,3,0,3,  ,0,0.0,0,0,0,0,0,0,0,0,0,0,0,0,0,0,0,0,0
20983,2016080767,1802.0,1734.0,67,67301,39.9981,-75.1654,0,0,0,0,0,0,6,7,2016,6,16.0,1.0,0,1.0,3,0,3,  ,0,0.0,0,0,0,0,0,0,0,0,0,0,0,0,0,0,0,0,0
20984,2016080796,2159.0,2157.0,67,67301,39.956,-75.2176,0,0,0,0,1,0,4,7,2016,7,21.0,3.0,0,1.0,3,1,3,  ,2,3.0,0,0,1,0,0,1,0,0,0,0,0,0,0,0,0,0,0
20985,2016080804,45.0,34.0,67,67301,39.9397,-75.148,0,0,0,0,0,0,4,7,2016,6,0.0,3.0,0,1.0,3,1,3,  ,3,3.0,0,0,1,0,0,0,0,0,0,0,0,0,0,0,0,0,0
20986,2016080806,1036.0,1033.0,67,67301,39.9206,-75.1704,0,0,0,0,0,0,4,7,2016,5,10.0,1.0,0,1.0,3,1,3,  ,2,3.0,1,0,1,0,0,0,0,0,0,0,0,0,0,0,0,0,0
20987,2016080831,1713.0,1713.0,67,67301,39.9804,-75.1471,0,0,0,0,0,0,4,7,2016,3,17.0,1.0,0,1.0,3,2,3,  ,3,3.0,1,0,1,0,0,0,0,0,0,0,0,0,1,0,0,0,0
20988,2016080853,2335.0,2318.0,67,67301,40.0269,-75.0972,0,0,0,0,0,0,4,7,2016,6,23.0,3.0,0,1.0,3,1,3,  ,2,3.0,0,0,1,0,0,0,0,0,0,0,0,0,0,0,0,0,0
20989,2016080885,1205.0,1153.0,67,67301,39.9496,-75.1756,0,0,0,0,0,0,5,7,2016,3,11.0,1.0,0,1.0,3,0,3,  ,0,0.0,0,0,0,0,0,1,0,0,0,0,0,0,0,0,0,0,0
20990,2016080917,1657.0,1643.0,67,67301,39.957,-75.2255,0,0,0,0,0,0,4,7,2016,4,13.0,1.0,0,1.0,3,1,3,  ,2,3.0,1,0,1,0,0,0,0,0,0,0,0,1,0,0,0,0,0
20991,2016080945,2023.0,2010.0,67,67301,40.0761,-75.0549,0,0,0,0,0,0,2,7,2016,3,18.0,1.0,3,1.0,3,0,3,  ,0,0.0,0,0,0,0,0,0,0,0,0,0,0,0,0,0,0,0,0
20992,2016080950,1940.0,1937.0,67,67301,40.1268,-75.0142,0,0,0,0,0,0,4,7,2016,7,19.0,1.0,0,1.0,3,3,3,  ,3,3.0,0,0,1,0,0,0,0,0,0,0,0,0,0,0,0,0,0
20993,2016080986,1204.0,1202.0,2,2438,40.4113,-79.9133,0,0,0,0,0,1,4,7,2016,4,12.0,1.0,0,1.0,3,1,3,  ,2,3.0,1,0,1,0,0,0,0,0,0,0,0,0,0,0,0,0,0
20994,2016081145,558.0,547.0,46,46101,40.0998,-75.0889,0,0,0,0,0,1,5,8,2016,2,5.0,5.0,0,1.0,3,0,3,  ,0,0.0,0,0,0,0,0,1,0,0,0,0,0,0,0,0,0,0,0
20995,2016081146,1044.0,1042.0,46,46101,40.1301,-75.1164,0,0,0,0,0,0,4,8,2016,2,10.0,1.0,0,1.0,3,0,3,  ,0,0.0,1,0,1,0,0,0,0,0,0,0,0,0,0,0,0,0,0
20996,2016081177,2153.0,2152.0,39,39301,40.5869,-75.4673,0,0,0,0,0,0,4,8,2016,3,21.0,3.0,0,1.0,3,1,3,  ,3,3.0,0,0,1,0,0,0,0,0,0,0,0,0,0,0,0,0,0
20997,2016081374,1240.0,1230.0,2,2301,40.4616,-79.9671,0,0,0,0,1,0,4,8,2016,4,12.0,1.0,0,1.0,3,3,3,  ,2,3.0,0,0,1,0,0,0,0,0,0,0,0,0,0,0,0,0,0
20998,2016081407,2120.0,2115.0,67,67301,39.9622,-75.2294,0,0,0,0,0,0,4,6,2016,4,20.0,4.0,0,1.0,3,1,3,  ,3,3.0,1,0,1,0,0,0,0,0,0,0,0,0,0,0,0,0,1
20999,2016081410,600.0,550.0,67,67301,39.9488,-75.1643,0,0,0,0,0,0,5,6,2016,6,5.0,3.0,0,1.0,3,0,3,  ,0,0.0,1,0,0,0,0,0,0,0,0,0,0,0,0,0,0,0,0
21000,2016081420,828.0,824.0,67,67301,40.0595,-75.052,0,0,0,0,0,1,4,7,2016,7,5.0,3.0,0,1.0,3,1,3,  ,2,3.0,0,0,1,0,0,0,0,0,0,0,0,0,0,0,0,0,0
21001,2016081425,1603.0,1630.0,67,67301,39.9547,-75.1577,0,0,0,0,0,0,4,6,2016,6,13.0,1.0,0,98.0,3,2,99,  ,3,3.0,1,0,1,0,0,0,0,0,0,0,0,0,1,0,0,0,0
21002,2016081429,1240.0,1238.0,67,67301,39.9402,-75.1663,0,0,0,0,0,1,5,7,2016,3,12.0,1.0,0,1.0,3,0,3,  ,0,0.0,0,0,0,0,0,0,0,0,0,0,0,0,0,0,0,0,0
21003,2016081442,900.0,858.0,67,67301,40.0883,-75.0436,0,0,0,0,0,1,4,7,2016,4,8.0,1.0,0,1.0,3,2,3,  ,0,0.0,0,0,1,0,0,0,0,0,0,0,0,0,0,0,0,0,0
21004,2016081539,1515.0,1507.0,25,25216,42.0199,-80.0515,0,0,0,0,0,0,4,8,2016,3,15.0,1.0,0,1.0,1,2,3,  ,3,3.0,1,0,1,0,0,0,0,0,0,0,0,0,0,0,0,1,0
21005,2016081551,759.0,754.0,22,22202,40.2632,-76.6418,0,0,0,0,0,0,4,6,2016,4,7.0,1.0,0,1.0,3,1,3,  ,0,0.0,0,0,1,0,0,0,0,0,0,0,0,0,0,0,0,0,0
21006,2016081682,2325.0,2301.0,35,35302,41.4377,-75.6597,0,0,0,0,0,0,4,8,2016,4,23.0,3.0,0,1.0,3,1,3,  ,3,3.0,0,0,1,0,0,0,0,0,0,0,0,0,0,0,0,0,0
21007,2016081802,2224.0,2220.0,38,38301,40.3458,-76.4246,0,0,0,0,0,0,4,8,2016,6,22.0,3.0,0,1.0,2,0,3,  ,0,0.0,0,1,1,0,0,0,0,0,0,0,0,0,0,0,0,0,0
21008,2016081877,2125.0,2125.0,6,6301,40.3503,-75.9205,0,0,0,0,0,1,4,8,2016,4,21.0,3.0,7,1.0,3,0,3,  ,0,0.0,0,0,1,0,0,1,0,0,0,0,0,0,0,0,0,0,0
21009,2016081899,1653.0,1652.0,21,21402,40.1999,-77.1893,0,0,0,0,0,0,4,8,2016,5,16.0,1.0,0,1.0,2,1,3,  ,2,3.0,1,0,1,0,0,0,0,0,0,0,0,0,0,0,0,0,0
21010,2016082010,1925.0,1920.0,2,2301,40.4671,-79.9059,0,0,0,0,0,0,4,8,2016,5,17.0,1.0,0,1.0,3,1,3,  ,3,3.0,1,0,1,0,0,0,0,0,0,0,0,0,1,0,0,0,0
21011,2016082093,2349.0,2341.0,11,11301,40.2993,-78.9113,0,1,0,0,1,0,4,8,2016,5,23.0,3.0,0,1.0,3,1,3,  ,3,3.0,0,1,1,0,0,0,1,0,0,1,0,0,0,0,0,0,0
21012,2016082217,2111.0,2110.0,67,67301,40.0274,-75.063,0,0,0,0,0,0,4,7,2016,3,21.0,3.0,6,1.0,3,2,3,  ,3,3.0,0,0,1,0,0,0,0,0,0,0,0,0,0,0,0,0,0
21013,2016082242,1710.0,1705.0,67,67301,39.9773,-75.1806,0,0,0,0,1,0,4,7,2016,2,17.0,1.0,0,1.0,3,1,3,  ,0,0.0,0,0,1,0,0,0,0,0,0,0,0,0,0,0,0,1,0
21014,2016082250,1423.0,1420.0,67,67301,39.9305,-75.1683,0,0,0,0,0,0,4,7,2016,1,13.0,1.0,0,1.0,3,1,3,  ,2,3.0,1,0,1,0,0,0,0,0,0,0,0,0,0,0,0,0,0
21015,2016082276,945.0,936.0,67,67301,39.98,-75.1321,0,0,0,0,1,0,4,7,2016,4,8.0,1.0,0,1.0,3,2,3,  ,0,0.0,0,0,1,0,0,0,0,0,0,0,0,0,0,0,0,0,0
21016,2016082278,9999.0,9999.0,67,67301,39.9894,-75.1437,0,0,0,0,0,0,4,7,2016,6,99.0,1.0,0,1.0,3,1,3,  ,3,3.0,0,0,1,0,0,0,0,0,0,0,0,0,0,0,0,0,0
21017,2016082285,2056.0,2046.0,67,67301,39.9451,-75.1614,0,0,0,0,0,0,4,7,2016,3,16.0,1.0,0,1.0,3,1,3,  ,2,3.0,0,0,1,0,0,0,0,0,0,0,0,0,0,0,0,0,0
21018,2016082313,1605.0,1545.0,67,67301,40.02,-75.0754,0,0,0,0,0,0,4,7,2016,4,99.0,1.0,0,1.0,3,2,3,  ,0,0.0,0,0,1,0,0,0,0,0,0,0,0,0,0,0,0,1,0
21019,2016082344,2023.0,2021.0,67,67301,40.0437,-75.098,0,0,0,0,0,1,4,7,2016,5,20.0,1.0,0,1.0,3,0,3,  ,0,0.0,0,0,1,0,0,0,0,0,0,0,0,0,0,0,0,0,0
21020,2016082361,1851.0,1844.0,67,67301,40.016,-75.0843,0,0,0,0,0,0,4,7,2016,5,18.0,1.0,0,9.0,3,2,3,  ,0,0.0,0,0,1,0,0,0,0,0,0,0,0,0,0,0,0,0,0
21021,2016082366,2157.0,2153.0,67,67301,40.0192,-75.0885,0,0,0,0,0,0,4,7,2016,1,21.0,3.0,0,1.0,3,1,3,  ,3,3.0,1,0,1,0,0,0,0,0,0,0,0,0,1,0,0,0,0
21022,2016082377,1359.0,1353.0,67,67301,39.9459,-75.1837,0,0,0,0,0,0,4,7,2016,3,13.0,1.0,0,1.0,3,1,3,  ,0,0.0,0,0,1,0,0,0,0,0,0,0,0,0,0,0,0,0,0
21023,2016082515,730.0,650.0,50,50202,40.2977,-77.136,0,0,0,0,0,0,5,8,2016,5,5.0,5.0,0,1.0,1,0,3,  ,0,0.0,1,0,0,0,0,0,0,0,0,0,0,0,0,0,0,0,0
21024,2016082537,1743.0,1741.0,38,38301,40.3399,-76.4255,0,0,0,0,0,0,4,8,2016,6,17.0,1.0,0,9.0,2,1,3,  ,3,3.0,1,0,1,0,0,0,0,0,0,0,0,0,1,0,0,0,0
21025,2016082545,1913.0,1908.0,2,2301,40.4548,-79.9325,0,0,0,0,0,1,4,8,2016,6,19.0,1.0,0,1.0,3,1,3,  ,2,3.0,1,0,1,0,0,0,0,0,0,0,0,0,0,0,0,0,0
21026,2016082570,1748.0,1741.0,9,9101,40.116,-74.8508,0,0,0,0,0,0,4,8,2016,6,17.0,1.0,0,1.0,3,0,3,  ,0,0.0,0,0,1,0,0,0,0,0,0,0,0,0,0,0,0,0,1
21027,2016082582,1719.0,1718.0,36,36301,40.0368,-76.3076,0,0,0,0,0,0,1,8,2016,5,17.0,1.0,0,1.0,3,0,3,  ,0,0.0,0,0,0,0,0,1,0,0,0,0,0,0,0,0,0,0,0
21028,2016082657,1222.0,1213.0,2,2301,40.4498,-79.9877,0,0,0,0,0,0,4,8,2016,7,12.0,1.0,0,1.0,3,0,3,  ,0,0.0,0,0,1,0,0,1,0,0,0,0,0,0,0,0,0,0,0
21029,2016082836,1955.0,1945.0,2,2301,40.4694,-79.9556,0,0,0,0,0,0,4,8,2016,7,19.0,1.0,0,1.0,3,0,3,  ,0,0.0,0,0,1,0,0,0,0,0,0,0,0,0,0,0,0,0,0
21030,2016082929,1631.0,1628.0,36,36301,40.0364,-76.3003,0,0,0,0,1,0,4,7,2016,4,16.0,1.0,0,1.0,3,1,3,  ,3,3.0,0,0,1,0,0,0,0,0,0,0,0,0,0,0,0,0,0
21031,2016083206,552.0,550.0,36,36407,40.143,-76.5958,0,0,0,0,0,0,5,8,2016,5,5.0,5.0,0,1.0,2,2,3,  ,0,0.0,0,0,0,0,0,0,0,0,0,0,0,0,0,0,0,0,0
21032,2016083282,1050.0,1048.0,22,22301,40.2629,-76.8677,0,0,0,0,0,0,4,7,2016,4,10.0,1.0,0,1.0,3,1,3,  ,2,3.0,0,0,1,0,0,0,0,0,0,0,0,0,0,0,0,0,0
21033,2016083283,847.0,845.0,22,22301,40.2783,-76.8893,0,0,0,0,0,0,4,7,2016,6,8.0,1.0,0,1.0,3,1,3,  ,3,3.0,0,0,1,0,0,0,0,0,0,0,0,0,0,0,0,0,0
21034,2016083341,1825.0,1812.0,67,67301,40.0299,-75.2113,0,0,1,0,0,0,4,7,2016,1,18.0,1.0,0,1.0,3,1,3,  ,2,3.0,0,0,1,0,1,0,0,0,0,0,0,0,0,0,0,0,0
21035,2016083358,1653.0,1649.0,2,2301,40.4285,-79.9885,0,0,0,0,0,0,4,8,2016,2,16.0,1.0,7,1.0,3,0,3,  ,0,0.0,1,0,1,0,0,0,0,0,0,0,0,0,0,0,0,0,0
21036,2016083456,1755.0,1750.0,25,25302,42.129,-80.0849,0,0,0,0,0,0,4,8,2016,2,17.0,1.0,0,9.0,3,1,7,  ,2,3.0,0,0,1,0,0,0,0,0,0,0,0,0,0,0,0,0,0
21037,2016083513,2320.0,2318.0,66,66301,39.9563,-76.7424,0,0,0,0,0,0,4,8,2016,2,23.0,3.0,0,1.0,3,1,3,  ,2,3.0,0,0,1,0,0,0,0,0,0,0,0,0,0,0,0,0,0
21038,2016083516,653.0,645.0,2,2301,40.4285,-79.9762,0,0,0,0,0,1,4,8,2016,2,6.0,1.0,0,1.0,3,1,3,  ,2,3.0,1,0,1,0,0,0,0,0,0,0,0,0,0,0,0,0,0
21039,2016083665,1713.0,1712.0,14,14410,40.7983,-77.8575,0,0,0,0,1,0,1,8,2016,2,17.0,1.0,0,1.0,3,0,3,  ,0,0.0,0,0,0,0,0,1,0,0,0,0,0,0,0,0,0,0,0
21040,2016083699,1200.0,1150.0,54,54403,40.7877,-77.0417,0,0,0,0,1,0,2,6,2016,4,11.0,1.0,0,1.0,1,3,3,  ,3,3.0,0,0,0,0,0,0,0,0,0,0,0,0,0,0,0,0,0
21041,2016083706,1145.0,1126.0,2,2301,40.4426,-79.9376,0,0,0,0,0,0,4,8,2016,3,11.0,1.0,0,1.0,3,2,3,  ,2,3.0,0,0,1,0,0,1,0,0,0,0,0,0,0,0,0,0,0
21042,2016083780,1328.0,1325.0,48,48209,40.7032,-75.3287,0,0,0,0,0,0,4,8,2016,7,13.0,1.0,7,1.0,1,0,3,  ,0,0.0,0,0,1,0,0,0,0,0,0,0,0,0,0,0,0,0,0
21043,2016083865,630.0,600.0,49,49217,40.8394,-76.8071,1,0,0,0,0,0,4,8,2016,5,5.0,5.0,0,1.0,1,0,3,  ,0,0.0,0,0,1,0,0,0,0,0,0,0,0,0,0,0,0,0,0
21044,2016084005,1255.0,1251.0,9,9209,,,0,0,0,0,1,0,8,8,2016,3,12.0,1.0,7,1.0,1,0,3,  ,0,0.0,0,0,0,0,0,0,0,0,0,0,0,0,0,0,0,0,0
21045,2016084077,1946.0,1945.0,40,40304,41.2471,-75.8829,0,0,0,0,0,1,4,8,2016,5,19.0,1.0,0,1.0,3,1,3,  ,2,3.0,0,0,1,0,0,0,0,0,0,0,0,0,0,0,0,1,0
21046,2016084086,1235.0,1222.0,67,67301,40.015,-75.2071,0,0,0,1,0,0,6,8,2016,4,12.0,1.0,0,1.0,3,0,3,  ,2,3.0,1,0,0,0,1,0,0,0,0,0,0,1,0,0,0,0,0
21047,2016084095,1506.0,1457.0,39,39301,40.5866,-75.4551,0,0,0,0,0,0,4,8,2016,1,14.0,1.0,0,1.0,3,2,3,  ,3,3.0,0,0,1,0,0,0,0,0,0,0,0,0,0,0,0,1,0
21048,2016084154,1608.0,1601.0,39,39301,40.5914,-75.4427,0,0,0,0,1,0,8,8,2016,3,16.0,1.0,0,1.0,3,0,3,  ,0,0.0,0,0,0,0,0,0,0,0,0,0,0,0,0,0,0,1,0
21049,2016084329,2258.0,2247.0,39,39301,40.5994,-75.4935,0,0,0,0,0,0,8,8,2016,4,22.0,3.0,0,1.0,3,1,3,  ,2,3.0,0,0,0,0,0,0,0,0,0,0,0,0,0,0,0,0,0
21050,2016084359,1519.0,1514.0,36,36214,40.039,-76.3598,0,0,0,0,0,1,4,8,2016,4,15.0,1.0,0,1.0,3,1,3,  ,2,3.0,1,0,1,0,0,1,0,0,0,0,0,0,0,0,0,1,0
21051,2016084373,1918.0,1917.0,36,36214,40.0392,-76.361,0,0,0,0,0,0,4,8,2016,2,19.0,1.0,0,1.0,3,2,3,  ,0,0.0,1,0,1,0,0,0,0,0,0,0,0,0,0,0,0,0,0
21052,2016084554,1006.0,1003.0,46,46103,40.257,-75.2621,0,0,0,0,0,0,5,8,2016,4,10.0,1.0,0,1.0,3,0,3,  ,0,0.0,0,0,0,0,0,0,0,0,0,0,0,0,0,0,0,1,0
21053,2016084561,1832.0,1830.0,67,67301,39.922,-75.1809,0,0,0,0,0,0,4,8,2016,4,18.0,1.0,0,1.0,3,0,3,  ,0,0.0,0,0,1,0,0,0,0,0,0,0,0,0,0,0,0,0,0
21054,2016084583,2105.0,2057.0,67,67301,40.032,-75.0881,0,0,0,0,0,0,4,7,2016,1,20.0,1.0,0,1.0,3,1,3,  ,0,0.0,0,0,1,0,0,0,0,0,0,0,0,0,0,0,0,1,0
21055,2016084591,1720.0,1711.0,67,67301,40.0134,-75.1472,0,1,0,0,0,0,4,8,2016,4,17.0,1.0,0,1.0,3,2,3,  ,3,3.0,0,0,1,0,0,0,0,0,0,0,0,0,0,0,0,0,0
21056,2016084613,1530.0,1522.0,67,67301,39.9637,-75.1465,0,0,0,0,0,0,5,8,2016,5,99.0,1.0,0,1.0,3,0,3,  ,0,0.0,0,0,0,0,0,0,0,0,0,0,0,0,0,0,0,0,0
21057,2016084619,1439.0,1437.0,67,67301,39.9745,-75.2007,0,0,0,0,0,1,5,8,2016,3,14.0,1.0,0,1.0,3,0,3,  ,0,0.0,0,0,0,0,0,0,0,0,0,0,0,0,0,0,0,0,0
21058,2016084627,1503.0,1452.0,67,67301,39.9628,-75.203,0,0,0,0,0,0,4,8,2016,4,14.0,1.0,0,1.0,3,0,3,  ,0,0.0,0,0,1,0,0,0,0,0,0,0,0,0,0,0,0,0,0
21059,2016084629,1715.0,1709.0,67,67301,39.9667,-75.155,0,0,0,0,0,0,4,8,2016,3,17.0,1.0,0,1.0,3,1,3,  ,3,3.0,1,0,1,0,0,0,0,0,0,0,0,0,1,0,0,1,0
21060,2016084636,1125.0,1112.0,67,67301,39.9585,-75.1688,0,0,0,0,0,0,5,8,2016,2,11.0,1.0,3,1.0,3,1,3,  ,2,3.0,0,0,0,0,0,0,0,0,0,0,0,0,0,0,0,0,0
21061,2016084659,1938.0,1936.0,67,67301,39.9439,-75.223,0,0,0,0,0,0,3,8,2016,1,19.0,1.0,0,1.0,3,0,3,  ,0,0.0,0,0,0,0,0,0,0,0,0,0,0,0,0,0,0,0,0
21062,2016084660,1715.0,1700.0,67,67301,39.9644,-75.1627,0,0,0,0,0,0,1,8,2016,3,16.0,1.0,0,1.0,3,0,3,  ,0,0.0,1,0,0,0,0,0,0,0,0,0,0,0,0,0,1,0,0
21063,2016084665,1618.0,1616.0,46,46113,40.2413,-75.3024,0,0,0,0,0,1,4,8,2016,5,16.0,1.0,0,1.0,3,1,3,  ,2,3.0,1,0,1,0,0,0,0,0,0,0,0,0,0,0,0,1,0
21064,2016084863,1256.0,1247.0,61,61301,41.8363,-79.1297,0,0,0,0,0,1,4,8,2016,2,12.0,1.0,7,1.0,2,0,3,  ,0,0.0,0,0,1,0,0,0,0,0,0,0,0,0,0,0,0,0,0
21065,2016084928,807.0,802.0,23,23111,39.9599,-75.286,0,0,0,0,0,1,4,8,2016,6,8.0,1.0,7,1.0,3,0,3,  ,0,0.0,0,0,1,0,0,1,0,0,0,0,0,0,0,0,0,0,0
21066,2016084998,935.0,933.0,13,13203,40.842,-75.6915,0,1,0,0,0,1,4,8,2016,6,9.0,1.0,0,1.0,1,1,3,  ,3,3.0,0,0,1,0,0,0,0,0,0,0,0,0,0,0,0,0,0
21067,2016085147,1713.0,1709.0,46,46411,40.2314,-75.2798,0,0,0,0,0,1,1,8,2016,6,17.0,1.0,0,1.0,3,2,3,  ,2,3.0,1,0,0,0,0,0,0,0,0,0,0,0,0,0,1,0,0
21068,2016085527,1313.0,1312.0,35,35302,41.4014,-75.6817,0,0,0,0,0,0,1,8,2016,1,13.0,1.0,0,1.0,3,2,3,  ,3,3.0,0,0,0,0,0,0,0,0,0,0,0,0,0,0,0,0,0
21069,2016085534,1350.0,1346.0,2,2117,40.3942,-80.0575,0,0,0,0,0,0,4,8,2016,1,13.0,1.0,0,1.0,3,2,3,  ,3,3.0,0,0,1,0,0,0,0,0,0,0,0,0,0,0,0,0,0
21070,2016085535,1812.0,1809.0,25,25302,42.1175,-80.0526,0,2,0,0,0,0,4,8,2016,7,18.0,1.0,0,1.0,3,1,3,  ,3,3.0,0,0,1,0,0,0,0,0,0,0,0,0,0,0,0,0,0