,CRN,ARRIVAL_TM,DISPATCH_TM,COUNTY,MUNICIPALITY,DEC_LAT,DEC_LONG,BICYCLE_DEATH_COUNT,BICYCLE_SUSP_SERIOUS_INJ_COUNT,BUS_COUNT,HEAVY_TRUCK_COUNT,SMALL_TRUCK_COUNT,SUV_COUNT,COLLISION_TYPE,CRASH_MONTH,CRASH_YEAR,DAY_OF_WEEK,HOUR_OF_DAY,ILLUMINATION,LOCATION_TYPE,ROAD_CONDITION,URBAN_RURAL,INTERSECT_TYPE,WEATHER1,WEATHER2,TCD_TYPE,TCD_FUNC_CD,AGGRESSIVE_DRIVING,ALCOHOL_RELATED,ANGLE_CRASH,CELL_PHONE,COMM_VEHICLE,DISTRACTED,DRINKING_DRIVER,DRUGGED_DRIVER,FATIGUE_ASLEEP,IMPAIRED_DRIVER,NHTSA_AGG_DRIVING,RUNNING_RED_LT,RUNNING_STOP_SIGN,SPEEDING_RELATED,TAILGATING,MATURE_DRIVER,YOUNG_DRIVER
21071,2016085561,1535.0,1532.0,7,7407,40.6745,-78.2357,0,0,0,0,1,0,4,8,2016,7,15.0,1.0,0,9.0,2,1,7,  ,0,0.0,0,0,1,0,0,1,0,0,0,0,0,0,0,0,0,1,0
21072,2016085669,2015.0,2014.0,23,23301,39.8607,-75.3482,0,0,0,0,0,0,4,8,2016,7,20.0,4.0,0,1.0,3,0,3,  ,0,0.0,0,0,1,0,0,0,0,0,0,0,0,0,0,0,0,0,0
21073,2016085680,1855.0,1849.0,22,22414,40.2242,-76.8266,0,0,0,0,0,0,4,8,2016,6,18.0,1.0,0,1.0,3,2,3,  ,3,3.0,0,0,1,0,0,0,0,0,0,0,0,0,0,0,0,0,0
21074,2016085886,138.0,138.0,22,22301,40.2658,-76.8701,0,0,0,0,0,1,4,8,2016,1,1.0,3.0,0,1.0,3,1,3,  ,2,3.0,0,1,1,0,0,0,0,0,0,0,0,0,0,0,0,0,0
21075,2016085902,1120.0,1119.0,14,14410,40.7853,-77.8518,0,1,0,0,0,1,4,8,2016,2,11.0,1.0,0,1.0,3,1,3,  ,2,3.0,1,0,1,0,0,0,0,0,0,0,0,0,0,0,0,0,0
21076,2016086152,1800.0,1800.0,41,41301,41.2459,-76.9956,0,0,0,1,0,0,4,8,2016,5,17.0,1.0,0,1.0,3,2,3,  ,0,0.0,0,0,1,0,0,0,0,0,0,0,0,0,0,0,0,0,0
21077,2016086447,1729.0,1726.0,14,14410,40.7901,-77.8541,0,0,0,0,0,0,4,8,2016,3,17.0,1.0,0,1.0,3,1,3,  ,3,3.0,1,0,1,0,0,0,0,0,0,0,0,0,0,0,0,0,0
21078,2016086506,2003.0,2002.0,46,46413,40.1191,-75.354,0,0,0,0,0,1,4,8,2016,3,20.0,3.0,0,1.0,3,1,3,  ,2,3.0,0,0,1,0,0,1,0,0,0,0,0,0,0,0,0,0,0
21079,2016086577,2111.0,2108.0,43,43209,41.4076,-80.3563,0,0,0,0,0,1,4,8,2016,5,21.0,2.0,0,1.0,1,0,3,  ,0,0.0,0,0,1,0,0,0,0,0,0,0,0,0,0,0,0,0,0
21080,2016086689,801.0,750.0,2,2301,40.4272,-79.9626,0,0,0,0,0,1,4,8,2016,4,7.0,1.0,0,1.0,3,1,3,  ,2,3.0,0,0,1,0,0,1,0,0,0,0,0,0,0,0,0,0,0
21081,2016086757,1925.0,1923.0,67,67301,39.9599,-75.231,0,1,0,0,0,0,4,8,2016,3,19.0,1.0,0,1.0,3,1,3,  ,3,3.0,0,0,1,0,0,0,0,0,0,0,0,0,0,0,0,0,0
21082,2016086777,2144.0,2143.0,41,41301,41.2334,-77.0195,0,0,0,0,0,0,4,8,2016,2,21.0,3.0,7,1.0,3,0,3,  ,2,3.0,1,0,1,0,0,0,0,0,0,0,0,0,0,0,0,0,0
21083,2016086866,627.0,623.0,41,41301,41.2476,-76.9906,0,1,0,0,1,0,4,8,2016,3,6.0,1.0,0,1.0,3,1,3,  ,3,3.0,0,0,1,0,0,0,0,0,0,0,0,0,0,0,0,0,0
21084,2016087048,902.0,900.0,39,39301,40.5634,-75.5121,0,0,0,0,0,0,4,8,2016,5,9.0,1.0,0,1.0,3,0,3,  ,0,0.0,0,0,1,0,0,0,0,0,0,0,0,0,0,0,0,1,0
21085,2016087064,623.0,619.0,28,28402,39.7973,-77.7266,0,1,0,0,0,0,4,8,2016,6,6.0,5.0,0,1.0,1,0,3,  ,0,0.0,0,0,1,0,0,0,0,0,0,0,0,0,0,0,0,0,0
21086,2016087076,1931.0,1927.0,9,9225,40.1931,-75.0375,0,0,0,0,0,0,4,8,2016,4,19.0,1.0,0,1.0,3,1,3,  ,3,3.0,0,0,1,0,0,0,0,0,0,0,0,0,0,0,0,0,0
21087,2016087115,1801.0,1757.0,2,2461,40.494,-79.9175,0,0,0,0,0,0,5,8,2016,4,17.0,1.0,0,1.0,3,0,3,  ,0,0.0,0,0,0,0,0,0,0,0,0,0,0,0,0,0,0,0,0
21088,2016087176,9999.0,58.0,67,67301,39.9854,-75.0967,0,0,0,0,0,0,5,8,2016,2,0.0,3.0,0,1.0,3,1,3,  ,2,3.0,0,0,0,0,0,0,0,0,0,0,0,0,0,0,0,0,0
21089,2016087177,2043.0,2040.0,67,67301,39.9943,-75.1208,0,0,0,0,0,0,5,8,2016,6,20.0,1.0,0,1.0,3,0,3,  ,0,0.0,0,0,0,0,0,0,0,0,0,0,0,0,0,0,0,0,0
21090,2016087191,25.0,24.0,67,67301,39.9708,-75.1449,0,0,0,0,0,0,5,8,2016,6,22.0,3.0,0,1.0,3,0,3,  ,0,0.0,0,0,0,0,0,0,0,0,0,0,0,0,0,0,0,0,0
21091,2016087443,1958.0,1958.0,48,48302,40.6924,-75.223,0,0,0,0,0,0,5,8,2016,4,19.0,3.0,0,1.0,3,0,3,  ,0,0.0,1,0,0,0,0,0,0,0,1,0,0,0,0,0,0,0,0
21092,2016087484,631.0,629.0,48,48407,40.5919,-75.3388,0,0,0,0,1,0,4,8,2016,5,6.0,1.0,0,1.0,3,1,3,  ,3,3.0,0,0,1,0,0,0,0,0,0,0,0,0,0,0,0,0,0
21093,2016087601,1512.0,1509.0,39,39301,40.6136,-75.4591,0,0,0,0,0,0,4,8,2016,6,15.0,1.0,0,1.0,3,1,3,  ,3,3.0,0,0,1,0,0,0,0,0,0,0,0,0,0,0,0,0,0
21094,2016087640,1725.0,1717.0,67,67301,40.0084,-75.1443,0,0,0,0,1,0,5,8,2016,4,17.0,1.0,0,1.0,3,1,3,  ,2,3.0,0,0,0,0,0,0,0,0,0,0,0,0,0,0,0,0,0
21095,2016087673,1315.0,1315.0,67,67301,40.0458,-75.1432,0,0,0,0,0,0,4,8,2016,1,13.0,1.0,0,1.0,3,1,3,  ,0,0.0,0,0,1,0,0,0,0,0,0,0,0,0,0,0,0,0,0
21096,2016087686,2015.0,2002.0,67,67301,39.9693,-75.2051,0,0,0,0,0,0,4,8,2016,6,19.0,2.0,0,1.0,3,2,3,  ,3,3.0,0,0,1,0,0,0,0,0,0,0,0,0,0,0,0,0,0
21097,2016087695,1630.0,1628.0,67,67301,39.9283,-75.2363,0,0,0,0,0,0,4,7,2016,2,16.0,1.0,0,1.0,3,0,3,  ,0,0.0,1,0,1,0,0,1,0,0,0,0,1,0,0,1,0,0,0
21098,2016087700,430.0,430.0,67,67301,40.023,-75.1231,0,0,0,0,0,1,5,7,2016,6,99.0,1.0,0,1.0,3,0,3,  ,0,0.0,0,0,0,0,0,0,0,0,0,0,0,0,0,0,0,0,0
21099,2016087716,1056.0,1052.0,67,67301,39.9267,-75.1573,0,0,0,0,0,0,5,8,2016,4,10.0,1.0,0,1.0,3,0,3,  ,0,0.0,0,0,0,0,0,0,0,0,0,0,0,0,0,0,0,1,0
21100,2016087812,1342.0,1338.0,21,21219,40.2027,-77.2865,0,1,0,0,0,1,4,8,2016,2,13.0,1.0,0,1.0,1,0,3,  ,0,0.0,0,0,1,0,0,1,0,0,0,0,0,0,0,0,0,1,0
21101,2016087901,1530.0,1527.0,36,36215,40.0312,-76.2373,0,0,0,0,1,0,4,8,2016,4,15.0,1.0,7,1.0,1,0,3,  ,0,0.0,0,0,1,0,0,0,0,0,0,0,0,0,0,0,0,0,0
21102,2016088037,1650.0,1643.0,18,18301,41.1338,-77.4341,0,0,0,0,0,0,1,8,2016,6,16.0,1.0,0,1.0,2,2,3,  ,0,0.0,0,0,0,0,0,0,0,0,0,0,0,0,0,0,0,0,0
21103,2016088099,1307.0,1303.0,14,14402,40.8418,-77.6803,0,0,0,0,0,0,5,8,2016,3,12.0,1.0,0,1.0,1,0,3,  ,0,0.0,0,0,0,0,0,0,0,0,0,0,0,0,0,0,0,0,0
21104,2016088132,2041.0,2039.0,35,35302,41.4325,-75.6588,0,0,0,0,0,0,4,8,2016,7,20.0,3.0,7,1.0,3,2,3,  ,2,3.0,0,0,1,0,0,0,0,0,0,0,0,0,0,0,0,0,0
21105,2016088146,2132.0,2130.0,62,62227,40.187,-80.2087,0,0,0,0,0,0,1,8,2016,7,21.0,2.0,0,1.0,3,2,3,  ,0,0.0,1,0,0,0,0,0,0,0,0,0,0,0,0,0,0,0,0
21106,2016088176,1546.0,1544.0,36,36218,40.1693,-76.2063,0,0,0,0,0,0,4,8,2016,7,15.0,1.0,0,1.0,1,2,3,  ,3,3.0,0,0,1,0,0,0,0,0,0,0,0,0,0,0,0,0,0
21107,2016088313,1508.0,1508.0,66,66413,39.7972,-76.9825,0,0,0,0,0,1,4,6,2016,2,15.0,1.0,0,1.0,2,1,3,  ,0,0.0,0,0,1,0,0,0,0,0,0,0,0,0,0,0,0,0,0
21108,2016088378,1901.0,1854.0,25,25213,42.1113,-80.1559,0,0,0,0,0,0,5,8,2016,1,18.0,1.0,0,1.0,3,0,3,  ,0,0.0,1,0,0,0,0,0,0,0,0,0,0,0,0,0,0,0,0
21109,2016088429,1850.0,1848.0,36,36413,40.1091,-76.4933,0,0,0,0,0,0,4,8,2016,6,18.0,1.0,7,1.0,2,2,3,  ,0,0.0,1,0,1,0,0,0,0,0,0,0,0,0,0,0,0,0,0
21110,2016088468,1804.0,1758.0,36,36301,40.0377,-76.3154,0,0,0,0,0,1,4,8,2016,4,17.0,1.0,0,1.0,3,2,3,  ,3,3.0,0,0,1,0,0,0,0,0,0,0,0,0,0,0,0,0,0
21111,2016088585,1600.0,1600.0,4,4211,40.7306,-80.2403,0,0,0,0,0,1,4,8,2016,5,16.0,1.0,7,1.0,1,0,3,  ,0,0.0,0,0,1,0,0,0,0,0,0,0,0,0,0,0,0,0,0
21112,2016088590,1530.0,1438.0,6,6301,40.3623,-75.9271,0,0,0,0,0,0,4,8,2016,2,14.0,1.0,0,1.0,3,1,3,  ,2,3.0,0,0,1,0,0,0,0,0,0,0,0,0,0,0,0,0,1
21113,2016088603,1936.0,1934.0,67,67301,39.942,-75.1517,0,0,0,0,0,1,4,8,2016,4,19.0,1.0,0,1.0,3,0,3,  ,0,0.0,0,0,1,0,0,0,0,0,0,0,0,0,0,0,0,0,0
21114,2016088758,1840.0,1840.0,6,6301,40.3335,-75.9192,0,0,0,0,0,0,4,8,2016,2,18.0,1.0,0,1.0,3,1,3,  ,0,0.0,0,0,1,0,0,0,0,0,0,0,0,0,0,0,0,0,0
21115,2016088842,640.0,625.0,36,36101,40.1135,-76.2591,0,1,0,1,0,0,5,8,2016,5,6.0,5.0,0,1.0,3,0,3,  ,0,0.0,0,0,0,0,1,0,0,0,0,0,0,0,0,0,0,0,0
21116,2016088893,1127.0,1119.0,2,2108,40.6051,-80.0058,0,0,0,0,1,0,4,8,2016,1,11.0,1.0,7,1.0,3,0,3,  ,0,0.0,1,0,1,0,0,0,0,0,0,0,0,0,0,0,0,0,0
21117,2016088962,1456.0,1454.0,22,22301,40.2593,-76.8843,0,0,0,0,1,0,4,8,2016,6,14.0,1.0,0,1.0,3,2,3,  ,2,3.0,0,0,1,0,0,0,0,0,0,0,0,0,0,0,0,0,0
21118,2016089072,910.0,910.0,46,46215,40.2222,-75.4068,0,0,0,0,0,1,4,8,2016,4,9.0,1.0,0,1.0,1,2,3,  ,3,3.0,0,0,1,0,0,0,0,0,0,0,0,0,0,0,0,0,0
21119,2016089254,1958.0,1954.0,66,66227,39.9844,-76.6951,0,0,0,0,0,0,4,8,2016,2,19.0,2.0,7,1.0,3,0,3,  ,0,0.0,1,0,1,0,0,0,0,0,0,0,0,0,0,0,0,1,0
21120,2016089363,1540.0,1500.0,2,2301,40.4509,-80.0369,1,0,0,0,0,1,4,8,2016,3,15.0,1.0,0,1.0,3,0,3,  ,2,3.0,0,0,1,0,0,0,0,0,0,0,0,0,0,0,0,0,0
21121,2016089405,1336.0,1335.0,49,49302,40.864,-76.7896,0,0,0,0,0,0,4,8,2016,3,13.0,1.0,0,1.0,2,1,3,  ,3,3.0,1,0,1,0,0,0,0,0,0,0,0,0,0,0,0,0,0
21122,2016089424,1300.0,1259.0,67,67301,39.9477,-75.1988,0,0,0,0,0,0,4,8,2016,4,12.0,1.0,0,1.0,3,2,3,  ,2,3.0,0,0,1,0,0,0,0,0,0,0,0,0,0,0,0,0,0
21123,2016089436,1420.0,1409.0,40,40304,41.2417,-75.8823,0,0,0,0,0,1,2,8,2016,4,14.0,1.0,7,1.0,3,0,3,  ,0,0.0,0,0,0,0,0,0,0,0,0,0,0,0,0,0,0,1,0
21124,2016089527,2240.0,2238.0,21,21103,40.2425,-76.9905,0,0,0,1,0,0,8,8,2016,5,22.0,2.0,7,1.0,3,0,3,  ,4,3.0,1,0,0,0,1,0,0,0,0,0,0,0,0,0,0,0,0
21125,2016089737,535.0,535.0,46,46108,40.0921,-75.2143,0,0,0,0,1,0,4,9,2016,5,5.0,3.0,0,9.0,3,2,7,  ,2,1.0,1,0,1,0,0,0,0,0,0,0,0,0,0,0,0,0,0
21126,2016089886,1334.0,1322.0,66,66301,39.9605,-76.7369,0,0,0,0,0,0,4,9,2016,5,13.0,1.0,0,1.0,3,2,3,  ,3,3.0,0,0,1,0,0,0,0,0,0,0,0,0,0,0,0,0,0
21127,2016089906,1615.0,1604.0,67,67301,39.9478,-75.2261,0,0,0,0,0,0,4,8,2016,3,16.0,1.0,0,1.0,3,3,3,  ,3,3.0,1,0,1,0,0,0,0,0,0,0,0,0,0,0,0,1,0
21128,2016089917,2323.0,2323.0,67,67301,39.9538,-75.1666,0,0,0,0,1,0,4,8,2016,5,23.0,3.0,0,1.0,3,1,3,  ,2,3.0,0,0,1,0,0,0,0,0,0,0,0,0,0,0,0,0,0
21129,2016089932,1019.0,1017.0,67,67301,40.0458,-75.0882,0,0,0,0,0,0,4,8,2016,3,10.0,1.0,7,1.0,3,0,3,  ,0,0.0,1,0,1,0,0,0,0,0,0,0,0,0,0,0,0,1,0
21130,2016089939,1907.0,1907.0,67,67301,39.9607,-75.237,0,0,0,0,0,0,4,8,2016,5,19.0,1.0,0,1.0,3,1,3,  ,3,3.0,0,0,1,0,0,1,0,0,0,0,0,0,0,0,0,0,0
21131,2016089945,1750.0,1749.0,67,67301,39.9389,-75.2154,0,0,0,0,0,0,4,3,2016,6,17.0,1.0,0,1.0,3,0,3,  ,0,0.0,1,0,1,0,0,0,0,0,0,0,0,0,0,0,0,0,0
21132,2016089951,2210.0,2208.0,67,67301,40.0167,-75.1582,0,0,0,0,0,0,1,8,2016,2,21.0,3.0,0,9.0,3,2,7,  ,0,0.0,0,0,0,0,0,0,0,0,0,0,0,0,0,0,0,0,0
21133,2016089989,1652.0,1649.0,40,40304,41.2338,-75.8739,0,0,0,0,0,0,4,8,2016,4,16.0,1.0,0,1.0,3,1,3,  ,2,2.0,0,0,1,0,0,0,0,0,0,0,0,0,0,0,0,0,0
21134,2016090044,1836.0,1835.0,22,22101,40.2995,-76.8396,0,0,0,0,0,0,4,8,2016,2,18.0,1.0,0,1.0,3,1,3,  ,3,3.0,0,0,1,0,0,0,0,0,0,0,0,0,0,0,0,0,0
21135,2016090264,1509.0,1500.0,45,45203,41.1174,-75.3813,0,0,0,0,1,0,4,9,2016,6,15.0,1.0,0,1.0,1,1,3,  ,2,3.0,0,0,1,0,0,0,0,0,0,0,0,0,0,0,0,0,0
21136,2016090281,1950.0,1950.0,67,67301,39.9787,-75.1578,0,0,0,0,0,0,4,8,2016,7,19.0,3.0,0,1.0,3,1,3,  ,2,3.0,0,0,1,0,0,0,0,0,0,0,0,0,0,0,0,0,0
21137,2016090284,1730.0,1313.0,67,67301,39.9985,-75.1653,0,0,0,0,0,0,6,8,2016,2,12.0,1.0,0,1.0,3,1,3,  ,3,3.0,0,0,0,0,0,0,0,0,0,0,0,0,0,0,0,0,0
21138,2016090431,1636.0,1635.0,46,46204,40.1788,-75.1291,0,1,0,0,0,1,4,9,2016,6,16.0,1.0,0,1.0,3,0,3,  ,0,0.0,0,0,1,0,0,0,0,0,0,0,0,0,0,0,0,0,0
21139,2016090453,2340.0,2337.0,39,39302,40.6213,-75.3896,0,0,0,0,0,0,5,8,2016,4,23.0,3.0,0,1.0,3,0,3,  ,0,0.0,1,0,0,0,0,0,0,0,0,0,0,0,0,0,0,0,0
21140,2016090555,1731.0,1725.0,9,9101,40.1368,-74.8358,0,0,0,0,0,0,4,9,2016,7,17.0,1.0,0,1.0,3,0,3,  ,0,0.0,0,0,1,0,0,0,0,0,0,0,0,0,0,0,0,0,0
21141,2016090628,1003.0,1001.0,25,25301,41.9184,-79.6417,0,0,0,0,0,1,4,9,2016,1,10.0,1.0,0,1.0,2,1,3,  ,3,3.0,0,0,1,0,0,0,0,0,0,0,0,0,0,0,0,0,0
21142,2016090820,1401.0,1356.0,40,40303,41.3234,-75.79,0,0,0,0,0,0,4,9,2016,2,13.0,1.0,0,1.0,3,1,3,  ,2,3.0,0,0,1,0,0,0,0,0,0,0,0,0,0,0,0,1,0
21143,2016090839,1109.0,1109.0,36,36101,40.1058,-76.2488,0,1,0,0,0,0,8,9,2016,2,11.0,1.0,0,1.0,3,2,3,  ,0,0.0,1,0,0,0,0,0,0,0,0,0,1,0,0,0,0,1,0
21144,2016090854,1700.0,1658.0,62,62301,40.2,-79.9225,0,0,0,0,0,1,2,9,2016,2,16.0,1.0,0,1.0,3,1,3,  ,2,3.0,0,0,0,0,0,0,0,0,0,0,0,0,0,0,0,1,0
21145,2016090890,1322.0,1321.0,46,46416,40.2473,-75.6552,0,0,0,0,0,0,4,8,2016,1,13.0,1.0,0,1.0,2,1,3,  ,2,3.0,0,0,1,0,0,1,0,0,0,0,0,0,0,0,0,1,0
21146,2016091046,1619.0,1615.0,25,25302,42.1194,-80.1132,0,0,0,0,0,0,4,9,2016,3,16.0,1.0,0,1.0,3,2,3,  ,0,0.0,1,0,1,0,0,0,0,0,0,0,0,0,0,0,0,0,0
21147,2016091079,1600.0,1559.0,9,9202,40.0818,-74.9333,0,0,0,0,0,0,2,9,2016,3,15.0,1.0,0,1.0,3,2,3,  ,3,3.0,0,0,0,0,0,0,0,0,0,0,0,0,0,0,0,0,0
21148,2016091256,1656.0,1645.0,21,21211,40.0588,-77.5018,0,0,0,0,1,0,4,9,2016,5,16.0,1.0,0,1.0,1,0,3,  ,0,0.0,1,0,1,0,0,0,0,0,0,0,0,0,0,0,0,0,0
21149,2016091607,1942.0,1935.0,67,67301,39.9425,-75.1635,0,0,0,0,0,1,4,8,2016,7,19.0,3.0,0,1.0,3,1,3,  ,3,3.0,0,0,1,0,0,0,0,0,0,0,0,0,0,0,0,0,0
21150,2016091608,1110.0,1105.0,67,67301,39.9359,-75.1569,0,0,0,0,0,0,4,8,2016,7,10.0,1.0,0,1.0,3,1,3,  ,2,3.0,0,0,1,0,0,0,0,0,0,0,0,0,0,0,0,0,0
21151,2016091615,2225.0,2218.0,67,67301,39.9419,-75.2255,0,0,0,0,0,0,4,8,2016,7,22.0,3.0,0,1.0,3,1,3,  ,2,3.0,0,0,1,0,0,1,0,0,0,0,0,0,0,0,0,0,0
21152,2016091622,1950.0,1945.0,67,67301,39.9462,-75.1699,0,0,0,0,0,0,4,8,2016,7,15.0,1.0,0,1.0,3,1,3,  ,2,3.0,0,0,1,0,0,0,0,0,0,0,0,0,0,0,0,0,0
21153,2016091623,1735.0,1726.0,67,67301,39.9556,-75.1728,0,0,1,0,0,0,4,8,2016,2,17.0,1.0,0,1.0,3,1,3,  ,2,3.0,0,0,1,0,1,0,0,0,0,0,0,0,0,0,0,0,0
21154,2016091641,132.0,130.0,67,67301,39.9891,-75.0896,0,0,0,0,0,0,4,8,2016,6,21.0,3.0,0,1.0,3,1,3,  ,2,3.0,0,0,1,0,0,0,0,0,0,0,0,0,0,0,0,0,0
21155,2016091660,852.0,850.0,67,67301,39.9767,-75.2049,0,0,0,0,0,0,2,8,2016,5,8.0,1.0,0,1.0,3,0,3,  ,0,0.0,1,0,0,0,0,0,0,0,0,0,0,0,0,0,0,0,0
21156,2016091718,1430.0,1422.0,25,25205,42.0454,-80.2222,0,1,0,0,0,1,1,8,2016,5,14.0,1.0,0,1.0,1,0,3,  ,0,0.0,0,0,0,0,0,0,0,0,0,0,0,0,0,1,0,1,0
21157,2016091725,2028.0,2022.0,21,21215,40.0364,-77.4693,0,0,0,0,0,1,2,8,2016,3,20.0,3.0,0,1.0,1,2,3,  ,0,0.0,1,0,0,0,0,0,0,0,0,0,0,0,0,0,0,1,0
21158,2016091957,1753.0,1741.0,6,6232,40.499,-75.8013,0,0,0,0,0,0,4,8,2016,5,17.0,1.0,0,1.0,1,0,3,  ,0,0.0,0,0,1,0,0,1,0,0,0,0,0,0,0,0,0,1,0
21159,2016092022,1509.0,1508.0,9,9208,40.1719,-74.8332,0,0,0,0,1,0,4,9,2016,5,15.0,1.0,0,1.0,3,0,3,  ,0,0.0,0,0,1,0,0,0,0,0,0,0,0,0,0,0,0,0,0
21160,2016092027,1805.0,1800.0,67,67301,39.9325,-75.1679,0,0,0,0,0,1,5,8,2016,7,5.0,1.0,0,1.0,3,0,3,  ,0,0.0,1,0,0,0,0,1,0,0,0,0,0,0,0,1,0,0,0
21161,2016092028,1544.0,1537.0,67,67301,40.0075,-75.1373,0,0,0,0,0,0,5,8,2016,1,14.0,1.0,0,1.0,3,0,3,  ,0,0.0,1,0,0,0,0,0,0,0,0,0,0,0,0,0,1,0,0
21162,2016092032,1650.0,1144.0,67,67301,40.024,-75.2207,0,0,1,0,0,0,5,8,2016,1,11.0,1.0,0,1.0,3,0,3,  ,0,0.0,0,0,0,0,1,0,0,0,0,0,0,0,0,0,0,0,0
21163,2016092053,2105.0,2010.0,67,67301,39.9512,-75.1985,0,0,1,0,0,0,5,8,2016,1,20.0,3.0,0,1.0,3,0,3,  ,0,0.0,0,0,0,0,1,0,0,0,0,0,0,0,0,0,0,1,0
21164,2016092070,720.0,705.0,67,67301,39.974,-75.2277,0,0,0,0,0,1,1,8,2016,3,6.0,1.0,0,1.0,3,0,3,  ,0,0.0,0,0,0,0,0,0,0,0,0,0,0,0,0,0,0,0,0
21165,2016092075,1638.0,1638.0,67,67301,39.9451,-75.1685,0,0,0,0,0,0,4,8,2016,1,16.0,1.0,0,1.0,3,1,3,  ,2,3.0,0,0,1,0,0,0,0,0,0,0,0,0,0,0,0,0,0
21166,2016092085,2304.0,2255.0,67,67301,40.0237,-75.1351,0,0,0,0,0,0,4,8,2016,1,22.0,3.0,0,1.0,3,3,3,  ,3,3.0,0,0,1,0,0,0,0,0,0,0,0,0,0,0,0,0,0
21167,2016092093,1845.0,1840.0,67,67301,39.9896,-75.1572,0,0,0,0,0,0,4,8,2016,4,18.0,1.0,0,1.0,3,1,3,  ,2,3.0,0,0,1,0,0,0,0,0,0,0,0,0,0,0,0,0,1
21168,2016092111,1726.0,1721.0,67,67301,39.9248,-75.173,0,0,0,0,0,0,4,8,2016,3,17.0,1.0,0,1.0,3,5,3,  ,2,3.0,0,0,1,0,0,0,0,0,0,0,0,0,0,0,0,0,0
21169,2016092113,1100.0,1053.0,67,67301,39.9292,-75.1804,0,0,0,0,0,0,1,8,2016,2,10.0,1.0,0,1.0,3,0,3,  ,0,0.0,1,0,0,0,0,1,0,0,0,0,0,0,0,0,1,0,0
21170,2016092131,1410.0,1406.0,67,67301,39.9684,-75.2113,0,0,0,0,0,0,4,8,2016,3,14.0,1.0,0,1.0,3,0,3,  ,0,0.0,0,0,1,0,0,0,0,0,0,0,0,0,0,0,0,0,0
21171,2016092143,1835.0,1830.0,67,67301,39.9843,-75.2248,0,0,0,0,0,0,2,8,2016,4,18.0,1.0,0,1.0,3,0,3,  ,0,0.0,0,0,0,0,0,0,0,0,0,0,0,0,0,0,0,0,0
21172,2016092183,2034.0,2034.0,67,67301,39.9541,-75.1562,0,0,0,0,0,0,5,8,2016,4,20.0,3.0,0,1.0,3,0,3,  ,0,0.0,0,0,0,0,0,0,0,0,0,0,0,0,0,0,0,0,0
21173,2016092185,1836.0,1833.0,67,67301,39.9626,-75.163,0,0,0,0,0,0,4,8,2016,5,99.0,1.0,0,1.0,3,1,3,  ,2,3.0,1,0,1,0,0,0,0,0,0,0,0,0,0,0,0,1,0
21174,2016092224,1214.0,1209.0,66,66205,39.9725,-76.8511,0,0,0,0,1,0,5,9,2016,7,12.0,1.0,0,1.0,1,0,3,  ,0,0.0,1,0,0,0,0,0,0,0,0,0,0,0,0,0,0,0,0
21175,2016092324,2127.0,2127.0,15,15406,39.8471,-75.7105,0,0,0,0,0,0,5,9,2016,6,19.0,1.0,0,1.0,1,1,3,  ,2,3.0,0,0,0,0,0,0,0,0,0,0,0,0,0,0,0,0,0
21176,2016092458,804.0,803.0,39,39301,40.624,-75.4482,0,0,0,0,0,1,8,9,2016,6,8.0,1.0,0,1.0,3,1,3,  ,0,0.0,0,0,0,0,0,0,0,0,0,0,0,0,0,0,0,0,0
21177,2016092563,1610.0,1608.0,35,35302,41.4083,-75.661,0,0,0,0,0,1,8,9,2016,6,16.0,1.0,0,9.0,3,1,7,  ,2,3.0,0,0,0,0,0,0,0,0,0,0,0,0,0,0,0,0,0
21178,2016092672,1303.0,1250.0,46,46416,40.2532,-75.6547,0,0,0,0,1,0,4,8,2016,4,7.0,1.0,0,1.0,2,2,3,  ,0,0.0,0,0,1,0,0,1,0,0,0,0,0,0,0,0,0,0,0
21179,2016092676,1906.0,1903.0,25,25302,42.1143,-80.0946,0,0,0,0,0,0,4,9,2016,6,19.0,1.0,0,1.0,3,0,3,  ,0,0.0,0,0,1,0,0,0,0,0,0,0,0,0,0,0,0,0,0
21180,2016092726,1503.0,1459.0,36,36238,40.0923,-76.1391,0,0,0,0,1,0,4,9,2016,6,14.0,1.0,0,1.0,3,2,3,  ,3,3.0,1,0,1,0,0,0,0,0,0,0,0,0,0,0,0,0,0
21181,2016092787,1644.0,1639.0,46,46103,40.275,-75.2593,0,0,0,0,0,1,2,9,2016,6,16.0,1.0,0,1.0,3,2,3,  ,2,3.0,0,1,0,0,0,0,0,0,0,0,0,0,0,0,0,0,0
21182,2016092810,1719.0,1714.0,6,6102,40.3957,-75.9505,0,0,0,0,0,0,4,8,2016,7,17.0,1.0,0,1.0,3,2,3,  ,3,2.0,0,0,1,0,0,0,0,0,0,0,0,0,0,0,0,0,0
21183,2016092818,1036.0,1036.0,25,25302,42.1365,-80.0527,0,0,0,0,0,0,4,9,2016,7,10.0,1.0,0,1.0,3,1,3,  ,3,3.0,0,0,1,0,0,0,0,0,0,0,0,0,0,0,0,0,0
21184,2016092972,1000.0,1000.0,21,21402,40.1939,-77.1976,0,0,0,0,0,0,4,9,2016,5,17.0,1.0,0,1.0,2,2,3,  ,3,3.0,0,0,1,0,0,0,0,0,0,0,0,0,0,0,0,1,0