,CRN,ARRIVAL_TM,DISPATCH_TM,COUNTY,MUNICIPALITY,DEC_LAT,DEC_LONG,BICYCLE_DEATH_COUNT,BICYCLE_SUSP_SERIOUS_INJ_COUNT,BUS_COUNT,HEAVY_TRUCK_COUNT,SMALL_TRUCK_COUNT,SUV_COUNT,COLLISION_TYPE,CRASH_MONTH,CRASH_YEAR,DAY_OF_WEEK,HOUR_OF_DAY,ILLUMINATION,LOCATION_TYPE,ROAD_CONDITION,URBAN_RURAL,INTERSECT_TYPE,WEATHER1,WEATHER2,TCD_TYPE,TCD_FUNC_CD,AGGRESSIVE_DRIVING,ALCOHOL_RELATED,ANGLE_CRASH,CELL_PHONE,COMM_VEHICLE,DISTRACTED,DRINKING_DRIVER,DRUGGED_DRIVER,FATIGUE_ASLEEP,IMPAIRED_DRIVER,NHTSA_AGG_DRIVING,RUNNING_RED_LT,RUNNING_STOP_SIGN,SPEEDING_RELATED,TAILGATING,MATURE_DRIVER,YOUNG_DRIVER
21185,2016092985,1124.0,1121.0,6,6301,40.3276,-75.9244,0,0,0,0,0,0,4,9,2016,1,11.0,1.0,0,1.0,3,0,3,  ,0,0.0,0,0,1,0,0,0,0,0,0,0,0,0,0,0,0,1,0
21186,2016093041,1705.0,1701.0,21,21103,40.2172,-76.9852,0,0,0,0,0,0,4,9,2016,4,16.0,1.0,0,1.0,3,0,3,  ,0,0.0,1,0,1,0,0,0,0,0,0,0,1,0,0,0,0,0,1
21187,2016093055,828.0,805.0,32,32204,40.4907,-79.0892,0,0,0,0,0,0,1,8,2016,4,7.0,1.0,0,1.0,1,0,3,  ,0,0.0,0,0,0,0,0,0,0,0,0,0,0,0,0,0,0,0,0
21188,2016093278,805.0,805.0,23,23423,39.9124,-75.2679,0,0,0,0,0,1,4,9,2016,2,8.0,1.0,7,1.0,3,0,3,  ,0,0.0,0,1,1,0,0,0,1,0,0,1,0,0,0,0,0,0,0
21189,2016093299,748.0,746.0,9,9401,40.1039,-74.8508,0,0,0,0,0,0,4,9,2016,2,7.0,1.0,0,1.0,3,0,3,  ,0,0.0,0,0,1,0,0,0,0,0,0,0,0,0,0,0,0,0,0
21190,2016093316,1617.0,1613.0,20,20302,41.6277,-79.6769,0,0,0,0,0,1,5,9,2016,1,16.0,1.0,0,1.0,2,1,3,  ,3,3.0,0,0,0,0,0,0,0,0,0,0,0,0,0,0,0,0,0
21191,2016093382,1536.0,1525.0,40,40301,40.9559,-75.9748,0,0,0,0,0,1,4,8,2016,5,15.0,1.0,0,1.0,2,1,3,  ,0,0.0,1,0,1,0,0,0,0,0,0,0,0,0,0,0,0,0,0
21192,2016093386,1511.0,1507.0,46,46404,40.1904,-75.4559,0,0,0,0,0,0,4,9,2016,2,15.0,1.0,0,1.0,3,1,3,  ,2,3.0,0,0,1,0,0,1,0,0,0,0,0,0,0,0,0,0,0
21193,2016093399,905.0,902.0,9,9211,40.2465,-74.8689,0,0,0,0,0,1,4,9,2016,7,9.0,1.0,0,1.0,3,2,3,  ,3,3.0,0,0,1,0,0,1,0,0,0,0,0,0,0,0,0,0,0
21194,2016093724,1713.0,1711.0,36,36225,40.1312,-76.5638,0,0,0,0,0,1,4,9,2016,5,17.0,1.0,0,1.0,2,1,3,  ,2,3.0,0,0,1,0,0,0,0,0,0,0,0,0,0,0,0,0,0
21195,2016093949,1928.0,1925.0,39,39301,40.6042,-75.4703,0,0,0,0,0,0,4,9,2016,3,19.0,1.0,0,1.0,3,0,3,  ,0,0.0,0,0,1,0,0,0,0,0,0,0,0,0,0,0,0,0,0
21196,2016094061,920.0,853.0,36,36223,39.9908,-76.3529,0,0,0,0,0,1,4,9,2016,4,8.0,1.0,0,1.0,1,2,3,  ,0,0.0,1,0,1,0,0,0,0,0,0,0,0,0,0,0,0,0,0
21197,2016094082,1447.0,1447.0,36,36301,40.0426,-76.3182,0,0,0,0,0,0,5,9,2016,2,14.0,1.0,0,1.0,3,0,3,  ,0,0.0,1,0,0,0,0,0,0,0,0,0,0,0,0,0,0,0,0
21198,2016094182,1710.0,1657.0,48,48419,40.856,-75.2917,0,0,0,0,0,0,4,9,2016,4,16.0,1.0,0,1.0,1,3,3,  ,3,3.0,1,0,1,0,0,0,0,0,0,0,0,0,0,0,0,0,0
21199,2016094237,1732.0,1730.0,25,25213,42.1113,-80.1559,0,0,0,0,0,1,4,9,2016,4,17.0,1.0,0,1.0,3,0,3,  ,0,0.0,1,0,1,0,0,0,0,0,0,0,0,0,0,0,0,0,0
21200,2016094257,1527.0,1519.0,15,15231,39.8975,-75.6709,0,0,0,0,0,0,4,8,2016,5,15.0,1.0,0,1.0,1,1,3,  ,3,3.0,1,0,1,0,0,0,0,0,0,0,0,0,0,0,0,0,0
21201,2016094316,1712.0,1702.0,2,2301,40.4604,-79.9235,0,0,0,0,0,2,4,9,2016,4,17.0,1.0,0,1.0,3,2,3,  ,2,3.0,1,0,1,0,0,1,0,0,0,0,0,0,0,0,0,1,0
21202,2016094326,1856.0,1851.0,49,49210,40.7989,-76.437,0,0,0,0,0,0,8,9,2016,1,18.0,1.0,0,1.0,1,1,3,  ,2,3.0,0,0,0,0,0,0,0,0,0,0,0,0,0,0,0,0,0
21203,2016094340,1733.0,1726.0,2,2105,40.2729,-79.8726,0,0,0,0,0,0,4,9,2016,4,17.0,1.0,0,1.0,3,2,3,  ,3,3.0,0,0,1,0,0,0,0,0,0,0,0,0,0,0,0,0,0
21204,2016094363,1805.0,1802.0,6,6301,40.3503,-75.9177,0,0,0,0,0,0,4,9,2016,4,17.0,1.0,0,1.0,3,1,3,  ,2,3.0,0,0,1,0,0,1,0,0,0,0,0,0,0,0,0,0,0
21205,2016094382,1940.0,1935.0,36,36301,40.0386,-76.3149,0,0,0,0,0,0,4,8,2016,7,19.0,1.0,0,1.0,3,1,3,  ,0,0.0,0,0,1,0,0,0,0,0,0,0,0,0,0,0,0,0,0
21206,2016094496,800.0,755.0,6,6301,40.3427,-75.9218,0,0,0,0,1,0,4,9,2016,5,7.0,1.0,0,1.0,3,0,3,  ,0,0.0,0,0,1,0,0,1,0,0,0,0,0,0,0,0,0,0,0
21207,2016094666,1722.0,1721.0,39,39301,40.6048,-75.4914,0,0,0,0,1,0,4,9,2016,7,17.0,1.0,0,1.0,3,1,3,  ,2,3.0,0,0,1,0,0,0,0,0,0,0,0,0,0,0,0,0,0
21208,2016094977,1718.0,1716.0,35,35302,41.4498,-75.6386,0,0,0,0,0,0,4,9,2016,6,17.0,1.0,0,1.0,3,0,3,  ,2,3.0,0,0,1,0,0,0,0,0,0,0,0,0,0,0,0,0,0
21209,2016095073,711.0,702.0,28,28213,40.0243,-77.5413,0,1,0,0,0,0,1,9,2016,6,7.0,3.0,0,1.0,1,0,3,  ,0,0.0,0,0,0,0,0,0,0,0,0,0,0,0,0,0,0,0,0
21210,2016095274,1234.0,1230.0,17,17223,41.0102,-78.4495,0,0,0,0,0,0,5,9,2016,3,12.0,1.0,0,1.0,1,0,3,  ,0,0.0,0,0,0,0,0,1,0,0,0,0,0,0,0,0,0,1,0
21211,2016095436,1014.0,1011.0,6,6240,40.2054,-75.7914,0,1,0,0,0,0,1,9,2016,2,10.0,1.0,3,1.0,1,0,3,  ,0,0.0,1,0,0,0,0,0,0,0,0,0,0,0,0,0,0,0,0
21212,2016095481,1831.0,1826.0,11,11301,40.3289,-78.9061,0,0,0,0,0,1,4,9,2016,3,18.0,1.0,0,1.0,3,0,3,  ,0,0.0,0,0,1,0,0,0,0,0,0,0,0,0,0,0,0,0,0
21213,2016095638,1127.0,1124.0,25,25302,42.1185,-80.0588,0,0,0,0,0,1,4,9,2016,2,11.0,1.0,0,1.0,3,1,3,  ,3,3.0,0,0,1,0,0,0,0,0,0,0,0,0,0,0,0,0,0
21214,2016095796,1650.0,1645.0,6,6301,40.3336,-75.9246,0,0,0,0,0,1,4,9,2016,2,16.0,1.0,0,1.0,3,0,3,  ,0,0.0,0,1,1,0,0,1,0,0,0,0,0,0,0,0,0,0,0
21215,2016095800,2048.0,2046.0,40,40103,41.2737,-75.8498,0,1,0,0,0,1,2,9,2016,1,20.0,3.0,7,1.0,3,0,3,  ,0,0.0,0,0,0,0,0,0,0,0,0,0,0,0,0,0,0,0,0
21216,2016095837,2138.0,2138.0,28,28205,39.949,-77.6699,0,0,0,0,0,0,4,9,2016,4,21.0,2.0,0,1.0,2,2,3,  ,3,3.0,0,1,1,0,0,0,1,0,0,1,0,0,0,0,0,0,0
21217,2016095865,1013.0,1001.0,39,39104,40.5268,-75.5664,0,0,0,0,0,0,5,7,2016,7,10.0,1.0,0,1.0,3,2,3,  ,3,3.0,0,0,0,0,0,0,0,0,0,0,0,0,0,0,0,1,0
21218,2016095940,1119.0,1117.0,1,1217,39.87,-77.0302,0,0,0,0,0,0,5,9,2016,7,11.0,1.0,0,1.0,1,0,3,  ,0,0.0,0,0,0,0,0,0,0,0,0,0,0,0,0,0,0,0,0
21219,2016096035,640.0,618.0,36,36203,40.1378,-75.9031,0,0,0,0,1,0,4,8,2016,4,6.0,5.0,0,1.0,1,2,3,  ,0,0.0,0,0,1,0,0,0,0,0,0,0,0,0,0,0,0,0,0
21220,2016096223,1015.0,1011.0,14,14410,40.7872,-77.8504,0,0,0,0,0,0,4,9,2016,3,10.0,1.0,0,1.0,3,1,3,  ,2,3.0,1,0,1,0,0,0,0,0,0,0,0,0,0,0,0,1,0
21221,2016096266,1150.0,1146.0,9,9211,40.2579,-74.8501,0,0,0,0,0,0,5,9,2016,1,11.0,1.0,0,1.0,3,2,3,  ,0,0.0,0,0,0,0,0,0,0,0,0,0,0,0,0,0,0,0,0
21222,2016096273,1253.0,1253.0,66,66413,39.795,-76.9773,0,0,0,0,0,0,2,7,2016,2,12.0,1.0,0,1.0,2,1,3,  ,0,0.0,0,0,0,0,0,0,0,0,0,0,0,0,0,0,0,0,1
21223,2016096421,1921.0,1918.0,19,19402,41.0506,-76.2501,0,0,0,0,0,1,4,9,2016,3,19.0,4.0,0,1.0,2,1,3,  ,0,0.0,0,0,1,0,0,0,0,0,0,0,0,0,0,0,0,0,0
21224,2016096618,825.0,820.0,67,67301,39.9815,-75.2241,0,0,0,0,0,1,4,8,2016,7,7.0,1.0,0,1.0,3,1,3,  ,2,3.0,1,0,1,0,0,0,0,0,0,0,0,0,0,0,0,1,0
21225,2016096619,55.0,47.0,67,67301,40.0259,-75.0712,1,0,0,0,0,0,1,9,2016,6,0.0,3.0,0,1.0,3,0,3,  ,0,0.0,0,0,0,0,0,0,0,0,0,0,0,0,0,0,0,0,0
21226,2016096653,1639.0,1638.0,25,25302,42.1343,-80.0721,0,0,0,0,0,1,4,9,2016,4,16.0,1.0,0,1.0,3,1,3,  ,2,3.0,0,0,1,0,0,0,0,0,0,0,0,0,0,0,0,0,0
21227,2016096655,1725.0,1720.0,48,48401,40.8742,-75.2164,0,0,0,0,0,1,8,9,2016,6,17.0,1.0,0,1.0,2,2,3,  ,3,3.0,0,0,0,0,0,0,0,0,0,0,0,0,0,0,0,0,0
21228,2016096946,815.0,814.0,25,25302,42.1266,-80.0726,0,0,0,0,0,0,4,9,2016,5,8.0,1.0,0,1.0,3,1,3,  ,2,3.0,0,0,1,0,0,0,0,0,0,0,0,0,0,0,0,0,0
21229,2016097059,1900.0,1856.0,67,67301,39.9692,-75.2284,0,0,0,0,0,0,4,8,2016,1,16.0,1.0,0,1.0,3,1,3,  ,3,3.0,0,0,1,0,0,0,0,0,0,0,0,0,0,0,0,0,0
21230,2016097107,2217.0,2217.0,67,67301,39.9539,-75.2425,0,0,1,0,0,0,5,8,2016,7,22.0,3.0,0,1.0,3,0,3,  ,0,0.0,0,0,0,0,1,0,0,0,0,0,0,0,0,0,0,0,0
21231,2016097115,1334.0,1330.0,67,67301,39.9517,-75.1704,0,0,0,0,0,1,5,8,2016,3,13.0,1.0,0,1.0,3,0,3,  ,0,0.0,0,0,0,0,0,0,0,0,0,0,0,0,0,0,0,0,0
21232,2016097147,1510.0,1507.0,67,67301,39.9177,-75.2307,0,0,0,0,0,0,4,8,2016,4,14.0,1.0,0,1.0,3,2,3,  ,3,3.0,1,0,1,0,0,0,0,0,0,0,0,0,0,0,0,0,0
21233,2016097159,1324.0,1323.0,67,67301,39.9941,-75.1562,0,0,0,0,0,0,4,9,2016,5,13.0,1.0,0,1.0,3,1,3,  ,2,3.0,0,0,1,0,0,0,0,0,0,0,0,0,0,0,0,0,0
21234,2016097205,1810.0,1810.0,67,67301,40.0153,-75.2081,0,0,0,0,0,1,4,8,2016,6,17.0,1.0,0,1.0,3,3,3,  ,2,3.0,0,0,1,0,0,0,0,0,0,0,0,0,0,0,0,0,0
21235,2016097213,1728.0,1725.0,46,46413,40.1164,-75.3468,0,0,0,0,0,0,4,9,2016,5,17.0,1.0,0,1.0,3,1,3,  ,3,3.0,0,0,1,0,0,0,0,0,0,0,0,0,0,0,0,0,0
21236,2016097275,2315.0,2311.0,41,41301,41.2315,-77.0193,0,0,0,0,1,0,4,9,2016,3,23.0,3.0,2,1.0,3,1,3,  ,2,3.0,0,0,1,0,0,0,0,0,0,0,0,0,0,0,0,0,0
21237,2016097493,847.0,847.0,9,9202,40.1086,-74.9367,0,0,0,0,0,1,4,9,2016,6,8.0,1.0,0,1.0,3,1,3,  ,2,3.0,0,0,1,0,0,0,0,0,0,0,0,0,0,0,0,0,0
21238,2016097605,1155.0,1144.0,67,67301,39.9163,-75.1564,0,0,0,0,0,0,4,8,2016,2,11.0,1.0,0,1.0,3,1,3,  ,3,3.0,0,0,1,0,0,0,0,0,0,0,0,0,0,0,0,0,0
21239,2016097629,855.0,846.0,67,67301,39.9563,-75.1708,0,0,0,0,0,1,4,9,2016,3,8.0,1.0,0,1.0,3,1,3,  ,3,3.0,0,0,1,0,0,0,0,0,0,0,0,0,0,0,0,0,0
21240,2016097635,2020.0,2005.0,67,67301,39.9959,-75.0993,0,0,0,0,0,0,4,8,2016,4,19.0,3.0,0,9.0,3,1,7,  ,3,3.0,1,0,1,0,0,0,0,0,0,0,0,0,0,0,0,0,0
21241,2016097636,1250.0,1250.0,67,67301,40.0304,-75.1198,0,0,0,0,0,1,5,8,2016,3,12.0,1.0,0,1.0,3,0,3,  ,0,0.0,0,0,0,0,0,0,0,0,0,0,0,0,0,0,0,1,0
21242,2016097646,1715.0,1711.0,67,67301,39.9571,-75.1511,0,0,0,0,0,0,4,8,2016,6,17.0,1.0,2,1.0,3,5,3,  ,2,3.0,0,0,1,0,0,0,0,0,0,0,0,0,0,0,0,0,0
21243,2016097649,1230.0,1225.0,67,67301,39.9491,-75.1557,0,0,0,0,0,1,4,8,2016,2,12.0,1.0,0,1.0,3,1,3,  ,3,3.0,1,0,1,0,0,0,0,0,0,0,0,0,0,0,0,0,0
21244,2016097659,1722.0,1716.0,67,67301,40.082,-75.066,0,0,0,0,0,1,4,8,2016,3,17.0,1.0,0,1.0,3,0,3,  ,0,0.0,0,0,1,0,0,0,0,0,0,0,0,0,0,0,0,0,0
21245,2016097685,1910.0,1858.0,67,67301,39.9568,-75.1555,0,0,0,0,0,0,1,9,2016,5,18.0,1.0,3,1.0,3,1,3,  ,2,3.0,0,0,0,0,0,0,0,0,0,0,0,0,0,0,0,0,0
21246,2016097708,1935.0,1905.0,67,67301,39.9968,-75.1538,0,0,0,0,0,0,1,7,2016,7,99.0,1.0,0,1.0,3,0,3,  ,0,0.0,1,0,0,0,0,0,0,0,0,0,0,0,0,0,1,0,0
21247,2016097714,2235.0,2228.0,67,67301,40.0456,-75.1285,0,0,0,0,0,0,4,9,2016,1,22.0,3.0,0,1.0,3,1,3,  ,2,3.0,1,1,1,0,0,0,1,1,0,1,1,1,0,1,0,0,0
21248,2016097742,2055.0,2050.0,67,67301,39.9478,-75.1415,0,1,0,0,0,0,4,9,2016,6,20.0,2.0,0,1.0,3,0,3,  ,0,0.0,0,0,1,0,0,0,0,0,0,0,0,0,0,0,0,0,0
21249,2016097758,1056.0,1055.0,67,67301,40.0256,-75.1438,0,0,0,0,0,0,4,9,2016,7,10.0,1.0,0,1.0,3,1,3,  ,3,3.0,0,0,1,0,0,0,0,0,0,0,0,0,0,0,0,0,0
21250,2016097832,2041.0,2038.0,9,9205,40.3235,-75.133,0,0,0,0,0,0,4,9,2016,3,20.0,2.0,7,1.0,3,0,3,  ,3,3.0,0,1,1,0,0,0,0,0,0,0,0,0,0,0,0,0,0
21251,2016098017,1800.0,1755.0,36,36301,40.0334,-76.3135,0,0,0,0,0,1,4,9,2016,3,17.0,1.0,0,1.0,3,1,3,  ,3,3.0,0,0,1,0,0,0,0,0,0,0,0,0,0,0,0,0,0
21252,2016098143,1543.0,1542.0,36,36228,39.9723,-76.3219,0,1,0,0,0,1,1,9,2016,4,15.0,1.0,0,1.0,1,0,3,  ,0,0.0,0,0,0,0,0,0,0,0,0,0,0,0,0,0,0,1,0
21253,2016098190,805.0,801.0,25,25214,42.189,-79.832,0,0,0,0,0,1,1,9,2016,3,8.0,1.0,0,1.0,1,1,3,  ,0,0.0,0,0,0,0,0,0,0,0,0,0,0,0,0,0,0,0,0
21254,2016098324,1647.0,1647.0,6,6427,40.3324,-75.9429,0,0,0,0,0,0,4,9,2016,6,16.0,1.0,0,1.0,3,2,3,  ,0,0.0,0,0,1,0,0,0,0,0,0,0,0,0,0,0,0,0,0
21255,2016098325,1502.0,1501.0,51,51402,41.324,-74.8041,0,0,0,0,1,0,4,9,2016,1,15.0,1.0,0,1.0,1,1,3,  ,3,3.0,1,0,1,0,0,0,0,0,0,0,0,0,0,0,0,1,0
21256,2016098625,1555.0,1553.0,9,9101,40.1423,-74.846,0,0,0,0,0,0,4,9,2016,2,15.0,1.0,0,1.0,3,1,3,  ,2,3.0,0,0,1,0,0,0,0,0,0,0,0,0,0,0,0,0,0
21257,2016098835,1744.0,1742.0,46,46211,40.2486,-75.211,0,0,0,0,0,0,1,9,2016,2,17.0,1.0,0,1.0,1,2,3,  ,0,0.0,1,0,0,0,0,1,0,0,0,0,0,0,0,1,0,0,0
21258,2016099051,1421.0,1417.0,2,2119,40.3465,-80.1483,0,1,0,0,0,0,0,9,2016,5,14.0,1.0,0,2.0,1,0,3,  ,0,0.0,0,0,0,0,0,0,0,0,0,0,0,0,0,0,0,0,0
21259,2016099190,1824.0,1823.0,23,23202,39.8721,-75.5915,0,0,0,0,0,1,5,9,2016,5,18.0,1.0,7,1.0,1,0,3,  ,0,0.0,0,0,0,0,0,0,0,0,0,0,0,0,0,0,0,0,0
21260,2016099261,2328.0,2324.0,2,2301,40.4473,-80.0103,0,0,0,0,0,0,6,9,2016,3,23.0,3.0,0,1.0,3,1,3,  ,2,3.0,0,0,0,0,0,0,0,0,0,0,0,0,0,0,0,0,0
21261,2016099489,1744.0,1739.0,67,67301,40.0333,-75.2098,0,0,0,0,0,1,4,9,2016,6,17.0,1.0,7,1.0,3,0,3,  ,0,0.0,0,0,1,0,0,0,0,0,0,0,0,0,0,0,0,0,0
21262,2016099523,1105.0,1100.0,67,67301,39.9187,-75.1655,0,0,0,0,1,0,4,9,2016,3,10.0,1.0,0,1.0,3,1,3,  ,3,3.0,1,0,1,0,0,0,0,0,0,0,1,0,0,0,0,0,0
21263,2016099537,1830.0,1821.0,67,67301,39.9752,-75.1882,0,0,0,0,0,0,4,9,2016,4,18.0,4.0,0,1.0,3,1,3,  ,2,3.0,0,0,1,0,0,0,0,0,0,0,0,0,0,0,0,0,0
21264,2016099545,946.0,945.0,67,67301,39.9239,-75.2221,0,0,0,0,0,1,4,9,2016,6,9.0,1.0,0,1.0,3,1,3,  ,2,3.0,0,0,1,0,0,0,0,0,0,0,0,0,0,0,0,0,0
21265,2016099569,1740.0,1727.0,67,67301,39.9443,-75.155,0,0,0,0,0,0,4,9,2016,6,17.0,1.0,0,1.0,3,1,3,  ,2,3.0,1,0,1,0,0,0,0,0,0,0,0,0,0,0,0,0,0
21266,2016099575,1440.0,1430.0,67,67301,39.9667,-75.179,0,0,0,0,0,0,4,9,2016,7,99.0,1.0,0,1.0,3,1,3,  ,2,3.0,0,0,1,0,0,0,0,0,0,0,0,0,0,0,0,1,0
21267,2016099594,640.0,637.0,67,67301,40.0002,-75.1289,0,0,0,0,0,0,5,9,2016,1,5.0,1.0,0,1.0,3,0,3,  ,0,0.0,0,0,0,0,0,0,0,0,0,0,0,0,0,0,0,0,0
21268,2016099616,1923.0,1920.0,67,67301,39.9953,-75.1167,0,0,0,0,0,1,4,9,2016,1,19.0,1.0,0,1.0,3,0,3,  ,0,0.0,1,0,1,0,0,0,0,0,0,0,0,0,0,0,0,0,0
21269,2016099643,1925.0,1920.0,67,67301,39.9282,-75.1602,0,0,0,0,0,1,4,9,2016,3,18.0,1.0,0,1.0,3,1,3,  ,3,3.0,0,0,1,0,0,1,0,0,0,0,0,0,0,0,0,0,0
21270,2016099647,1959.0,1956.0,67,67301,39.9674,-75.1786,0,0,0,0,0,1,4,9,2016,5,19.0,3.0,0,1.0,3,1,3,  ,2,3.0,0,0,1,0,0,0,0,0,0,0,0,0,0,0,0,0,0
21271,2016099653,1001.0,940.0,67,67301,39.9396,-75.1887,0,0,0,0,0,0,4,9,2016,6,9.0,1.0,0,1.0,3,3,3,  ,0,0.0,0,0,1,0,0,0,0,0,0,0,0,0,0,0,0,0,0
21272,2016099934,645.0,642.0,39,39301,40.6039,-75.4654,0,0,0,0,0,0,2,9,2016,5,6.0,5.0,0,9.0,3,1,7,  ,2,3.0,0,0,0,0,0,0,0,0,0,0,0,0,0,0,0,0,0
21273,2016100003,1626.0,1624.0,39,39103,40.6302,-75.5091,0,0,0,0,0,0,4,9,2016,4,16.0,1.0,0,9.0,1,0,3,  ,0,0.0,0,0,1,0,0,0,0,0,0,0,0,0,0,0,0,0,1
21274,2016100051,1714.0,1705.0,2,2301,40.4294,-79.9874,0,0,0,0,0,0,5,9,2016,4,17.0,1.0,0,1.0,3,0,3,  ,0,0.0,0,0,0,0,0,0,0,0,0,0,0,0,0,0,0,0,0
21275,2016100429,1634.0,1630.0,23,23301,39.8592,-75.3497,0,0,0,0,1,0,4,9,2016,2,16.0,1.0,0,1.0,3,0,3,  ,0,0.0,0,0,1,0,0,0,0,0,0,0,0,0,0,0,0,0,0
21276,2016100784,1415.0,1410.0,41,41301,41.2436,-77.0237,0,0,0,0,0,0,4,9,2016,2,14.0,1.0,0,1.0,3,1,3,  ,3,3.0,0,0,1,0,0,0,0,0,0,0,0,0,0,0,0,0,0
21277,2016100979,1813.0,1803.0,15,15401,39.9573,-75.9898,0,1,0,0,0,0,4,9,2016,5,17.0,1.0,0,1.0,1,0,3,  ,0,0.0,0,0,1,0,0,0,0,0,0,0,0,0,0,0,0,0,0
21278,2016101043,2345.0,2345.0,46,46204,40.1828,-75.1315,0,1,0,0,0,0,2,9,2016,6,23.0,3.0,0,9.0,3,1,7,  ,2,3.0,0,0,0,0,0,0,0,0,0,0,0,0,0,0,0,0,0
21279,2016101106,1250.0,1243.0,38,38406,40.3168,-76.5896,0,0,0,0,0,0,5,9,2016,3,12.0,1.0,0,1.0,3,0,3,  ,0,0.0,1,0,0,0,0,0,0,0,0,0,0,0,0,0,0,1,0
21280,2016101115,1431.0,1431.0,46,46201,40.3268,-75.6212,0,0,0,1,0,0,5,9,2016,5,14.0,1.0,3,1.0,1,0,3,  ,2,3.0,0,0,0,0,1,0,0,0,0,0,0,0,0,0,0,0,0
21281,2016101215,2311.0,2310.0,37,37403,40.8605,-80.289,0,1,0,0,1,0,5,7,2016,6,23.0,3.0,0,1.0,3,1,3,  ,0,0.0,0,1,0,0,0,0,0,0,0,0,0,0,0,0,0,0,0
21282,2016101471,1607.0,1607.0,23,23301,39.836,-75.3853,0,0,0,0,0,0,4,9,2016,6,16.0,1.0,0,1.0,3,1,3,  ,2,3.0,0,0,1,0,0,0,0,0,0,0,0,0,0,0,0,0,0
21283,2016101531,1629.0,1624.0,22,22301,40.2786,-76.8924,0,0,0,0,0,0,5,9,2016,3,16.0,1.0,0,1.0,3,1,3,  ,3,3.0,1,0,0,0,0,0,0,0,0,0,0,0,0,1,0,0,0
21284,2016101543,1402.0,1358.0,40,40301,40.966,-75.983,0,0,1,0,0,0,4,9,2016,7,13.0,1.0,0,1.0,2,1,3,  ,3,3.0,0,1,1,0,1,0,0,0,0,0,0,0,0,0,0,0,0
21285,2016101681,1709.0,1702.0,39,39301,40.6062,-75.4463,0,0,0,0,0,0,4,10,2016,2,17.0,1.0,0,1.0,3,1,3,  ,0,0.0,0,0,1,0,0,0,0,0,0,0,0,0,0,0,0,0,0
21286,2016101930,614.0,612.0,9,9227,40.2247,-75.131,0,0,0,0,0,0,4,10,2016,3,6.0,3.0,3,1.0,3,0,3,  ,0,0.0,0,0,1,0,0,0,0,0,0,0,0,0,0,0,0,0,0
21287,2016101975,1750.0,1742.0,46,46104,40.0596,-75.3134,0,0,0,0,0,1,4,8,2016,1,17.0,1.0,0,1.0,3,2,3,  ,0,0.0,0,0,1,0,0,0,0,0,0,0,0,0,0,0,0,0,0
21288,2016101998,1232.0,1232.0,2,2301,40.4715,-79.9263,0,0,0,0,0,0,4,10,2016,3,12.0,1.0,0,1.0,3,1,3,  ,2,3.0,1,0,1,0,0,0,0,0,0,0,0,0,0,0,0,0,0
21289,2016102030,1524.0,1501.0,2,2301,40.4295,-79.9223,0,0,0,0,0,1,5,10,2016,3,15.0,1.0,0,1.0,3,0,3,  ,0,0.0,0,0,0,0,0,0,0,0,0,0,0,0,0,0,0,0,0
21290,2016102136,1215.0,1210.0,41,41301,41.2453,-77.0046,0,0,0,0,0,0,5,10,2016,1,12.0,1.0,0,9.0,3,2,7,  ,0,0.0,1,0,0,0,0,0,0,0,0,0,0,0,0,0,0,0,0
21291,2016102295,1354.0,1349.0,2,2301,40.444,-79.9251,0,0,0,0,0,0,2,10,2016,3,13.0,1.0,0,1.0,3,0,3,  ,0,0.0,0,0,0,0,0,0,0,0,0,0,0,0,0,0,0,1,0
21292,2016102302,1455.0,1453.0,53,53403,40.826,-75.9046,0,0,0,0,0,1,4,10,2016,3,14.0,1.0,0,1.0,1,1,3,  ,3,3.0,0,0,1,0,0,0,0,0,0,0,0,0,0,0,0,1,0
21293,2016102323,908.0,907.0,67,67301,39.9508,-75.1954,0,0,0,0,0,1,5,10,2016,4,9.0,1.0,0,1.0,3,0,3,  ,0,0.0,0,0,0,0,0,0,0,0,0,0,0,0,0,0,0,0,0
21294,2016102370,2200.0,2159.0,3,3409,40.8135,-79.5209,0,0,0,0,0,1,1,9,2016,4,21.0,3.0,0,1.0,2,1,3,  ,2,3.0,0,0,0,0,0,1,0,0,0,0,0,0,0,0,0,0,0
21295,2016102572,1700.0,1655.0,46,46111,40.1309,-75.4014,0,0,0,0,0,0,4,10,2016,4,16.0,1.0,0,1.0,3,1,3,  ,2,3.0,0,0,1,0,0,0,0,0,0,0,0,0,0,0,0,0,0
21296,2016102657,1038.0,1034.0,15,15229,39.8192,-75.8722,0,0,0,0,0,0,4,9,2016,4,10.0,1.0,0,1.0,1,1,3,  ,3,3.0,0,0,1,0,0,0,0,0,0,0,0,0,0,0,0,0,0
21297,2016102761,1833.0,1831.0,46,46416,40.2489,-75.6613,0,0,0,0,0,0,4,10,2016,4,18.0,1.0,0,1.0,2,1,3,  ,2,3.0,0,0,1,0,0,1,0,0,0,0,0,0,0,0,0,0,0
21298,2016102948,919.0,900.0,41,41301,41.2415,-77.0013,0,0,0,0,1,0,5,9,2016,4,9.0,1.0,7,1.0,3,0,3,  ,0,0.0,0,0,0,0,0,0,0,0,0,0,0,0,0,0,0,0,0