,CRN,ARRIVAL_TM,DISPATCH_TM,COUNTY,MUNICIPALITY,DEC_LAT,DEC_LONG,BICYCLE_DEATH_COUNT,BICYCLE_SUSP_SERIOUS_INJ_COUNT,BUS_COUNT,HEAVY_TRUCK_COUNT,SMALL_TRUCK_COUNT,SUV_COUNT,COLLISION_TYPE,CRASH_MONTH,CRASH_YEAR,DAY_OF_WEEK,HOUR_OF_DAY,ILLUMINATION,LOCATION_TYPE,ROAD_CONDITION,URBAN_RURAL,INTERSECT_TYPE,WEATHER1,WEATHER2,TCD_TYPE,TCD_FUNC_CD,AGGRESSIVE_DRIVING,ALCOHOL_RELATED,ANGLE_CRASH,CELL_PHONE,COMM_VEHICLE,DISTRACTED,DRINKING_DRIVER,DRUGGED_DRIVER,FATIGUE_ASLEEP,IMPAIRED_DRIVER,NHTSA_AGG_DRIVING,RUNNING_RED_LT,RUNNING_STOP_SIGN,SPEEDING_RELATED,TAILGATING,MATURE_DRIVER,YOUNG_DRIVER
21299,2016103033,2105.0,2102.0,36,36101,40.0787,-76.3464,0,0,0,0,0,0,1,10,2016,4,21.0,3.0,0,1.0,3,6,3,  ,4,3.0,1,0,0,0,0,0,0,0,0,0,0,0,0,0,0,0,0
21300,2016103203,1845.0,1840.0,46,46104,40.0482,-75.3211,0,0,0,0,0,0,4,9,2016,5,18.0,1.0,0,1.0,3,2,3,  ,3,3.0,0,0,1,0,0,0,0,0,0,0,0,0,0,0,0,0,0
21301,2016103384,1636.0,1632.0,23,23111,39.9527,-75.2633,0,0,0,0,0,0,4,10,2016,6,16.0,1.0,0,1.0,3,1,3,  ,2,3.0,0,0,1,0,0,1,0,0,0,0,0,0,0,0,0,0,0
21302,2016103543,1530.0,1527.0,19,19501,40.9982,-76.4615,0,0,0,0,0,0,4,10,2016,6,15.0,1.0,0,1.0,2,1,3,  ,0,0.0,0,0,1,0,0,0,0,0,0,0,0,0,0,0,0,0,0
21303,2016103600,1830.0,1708.0,9,9415,40.4414,-75.339,0,0,0,0,0,0,4,10,2016,6,17.0,1.0,0,1.0,2,2,3,  ,2,3.0,0,0,1,0,0,0,0,0,0,0,0,0,0,0,0,0,0
21304,2016103646,1821.0,1804.0,62,62226,40.1339,-80.2798,0,0,0,0,0,0,8,9,2016,1,18.0,1.0,0,1.0,1,0,3,  ,0,0.0,0,0,0,0,0,0,0,0,0,0,0,0,0,0,0,0,0
21305,2016103810,1628.0,1624.0,36,36415,40.1022,-76.0862,0,0,0,0,1,0,8,10,2016,2,16.0,1.0,0,1.0,1,2,3,  ,3,3.0,0,0,0,0,0,0,0,0,0,0,0,0,0,0,0,0,0
21306,2016104110,1319.0,1319.0,2,2109,40.3882,-80.056,0,0,0,0,1,0,4,10,2016,3,13.0,1.0,0,1.0,3,2,3,  ,0,0.0,0,0,1,0,0,0,0,0,0,0,0,0,0,0,0,0,0
21307,2016104193,1200.0,1150.0,2,2301,40.4286,-79.991,0,0,0,0,0,1,4,10,2016,2,11.0,1.0,0,1.0,3,2,3,  ,3,3.0,0,0,1,0,0,0,0,0,0,0,0,0,0,0,0,0,0
21308,2016104296,1910.0,1910.0,46,46101,40.1224,-75.1356,0,0,0,0,0,0,4,10,2016,5,19.0,3.0,0,1.0,3,1,3,  ,2,3.0,0,0,1,0,0,0,0,0,0,0,0,0,0,0,0,0,0
21309,2016104336,1351.0,1349.0,36,36213,40.1105,-76.0007,0,0,0,1,0,0,1,10,2016,5,13.0,1.0,0,1.0,1,0,3,  ,0,0.0,0,0,0,0,1,1,0,0,0,0,0,0,0,0,0,0,0
21310,2016104351,1614.0,1611.0,20,20301,41.6338,-80.1449,0,0,0,0,0,0,4,10,2016,5,16.0,1.0,0,1.0,2,1,3,  ,3,3.0,0,0,1,0,0,0,0,0,0,0,0,0,0,0,0,0,0
21311,2016104755,1122.0,1110.0,9,9210,40.3325,-75.2251,0,0,0,0,0,0,5,10,2016,5,11.0,1.0,0,1.0,3,0,3,  ,0,0.0,0,0,0,0,0,0,0,0,0,0,0,0,0,0,0,1,0
21312,2016104792,2339.0,2337.0,10,10301,40.861,-79.9004,0,1,0,0,0,0,8,9,2016,6,23.0,3.0,0,1.0,2,0,3,  ,1,9.0,0,0,0,0,0,0,0,0,0,0,0,0,0,0,0,0,0
21313,2016105100,1717.0,1647.0,55,55218,40.2228,-78.878,0,1,0,0,0,0,4,9,2016,5,16.0,1.0,0,1.0,1,0,3,  ,0,0.0,0,0,1,0,0,0,0,0,0,0,0,0,0,0,0,0,0
21314,2016105331,2034.0,2031.0,40,40422,41.2407,-75.9522,0,0,0,0,1,0,4,9,2016,7,20.0,2.0,7,1.0,3,0,3,  ,0,0.0,0,0,1,0,0,0,0,0,0,0,0,0,0,0,0,1,0
21315,2016105495,1840.0,1833.0,67,67301,40.0063,-75.0897,0,0,0,0,0,0,4,9,2016,2,99.0,4.0,0,1.0,3,1,3,  ,3,3.0,0,0,1,0,0,0,0,0,0,0,0,0,0,0,0,1,0
21316,2016105507,1644.0,1627.0,67,67301,39.9687,-75.2339,0,0,0,0,0,0,4,9,2016,1,15.0,1.0,0,1.0,3,1,3,  ,2,3.0,0,0,1,0,0,0,0,0,0,0,0,0,0,0,0,0,0
21317,2016105530,1533.0,1528.0,67,67301,40.0453,-75.0607,0,0,0,0,0,0,4,9,2016,3,15.0,1.0,0,1.0,3,1,3,  ,2,3.0,0,0,1,0,0,0,0,0,0,0,0,0,0,0,0,0,0
21318,2016105575,1306.0,1256.0,67,67301,39.9533,-75.1708,0,0,1,0,0,0,5,9,2016,6,12.0,1.0,0,1.0,3,0,3,  ,0,0.0,0,0,0,0,1,0,0,0,0,0,0,0,0,0,0,0,0
21319,2016105610,855.0,851.0,67,67301,39.9447,-75.2367,0,0,0,0,0,0,4,9,2016,5,8.0,1.0,0,1.0,3,1,3,  ,2,3.0,0,0,1,0,0,0,0,0,0,0,0,0,0,0,0,0,0
21320,2016105647,1100.0,1054.0,67,67301,39.9577,-75.1624,0,0,0,0,0,0,4,9,2016,2,9.0,1.0,2,1.0,3,5,3,  ,2,3.0,0,0,1,0,0,0,0,0,0,0,0,0,0,0,0,0,0
21321,2016105661,1935.0,1925.0,67,67301,39.9463,-75.1595,0,0,0,0,0,1,4,9,2016,5,19.0,3.0,0,1.0,3,1,3,  ,2,3.0,0,0,1,0,0,0,0,0,0,0,0,0,0,0,0,0,0
21322,2016105662,2000.0,1955.0,67,67301,39.9942,-75.12,0,0,0,0,0,0,4,9,2016,3,99.0,3.0,0,1.0,3,1,3,  ,3,3.0,1,0,1,0,0,0,0,0,0,0,0,0,0,0,0,0,0
21323,2016105664,109.0,109.0,67,67301,39.9695,-75.2254,0,0,0,0,0,0,4,9,2016,4,1.0,3.0,0,1.0,3,1,3,  ,2,3.0,0,0,1,0,0,0,0,0,0,0,0,0,0,0,0,0,0
21324,2016105665,2040.0,2039.0,67,67301,39.9765,-75.1894,0,0,0,0,0,0,5,9,2016,3,20.0,1.0,0,1.0,3,3,3,  ,0,0.0,0,0,0,0,0,0,0,0,0,0,0,0,0,0,0,0,0
21325,2016105676,2115.0,2110.0,67,67301,40.0366,-75.2371,0,0,0,0,0,0,5,9,2016,6,19.0,4.0,0,1.0,3,0,3,  ,0,0.0,0,0,0,0,0,0,0,0,0,0,0,0,0,0,0,0,0
21326,2016105687,1115.0,1105.0,67,67301,39.9752,-75.1882,0,0,0,0,1,0,5,9,2016,2,11.0,1.0,0,1.0,3,1,3,  ,2,3.0,0,0,0,0,0,0,0,0,0,0,0,0,0,0,0,0,0
21327,2016105694,1648.0,1640.0,67,67301,40.0526,-75.0024,0,0,0,0,0,0,4,9,2016,6,16.0,1.0,0,1.0,3,2,3,  ,3,3.0,0,0,1,0,0,0,0,0,0,0,0,0,0,0,0,0,0
21328,2016105725,1533.0,1530.0,67,67301,39.9695,-75.1395,0,0,0,0,1,0,4,9,2016,4,15.0,1.0,0,1.0,3,5,3,  ,2,3.0,0,0,1,0,0,0,0,0,0,0,0,0,0,0,0,0,0
21329,2016105742,757.0,753.0,67,67301,39.9145,-75.1781,0,0,0,0,0,0,4,9,2016,1,7.0,1.0,0,1.0,3,0,3,  ,3,3.0,1,0,1,0,0,0,0,0,0,0,0,0,1,0,0,0,0
21330,2016105743,620.0,620.0,67,67301,39.9964,-75.1135,0,0,0,0,0,1,4,9,2016,4,6.0,5.0,1,1.0,3,5,3,  ,2,3.0,0,0,1,0,0,1,0,0,0,0,0,0,0,0,0,1,0
21331,2016105744,1743.0,1738.0,67,67301,39.9913,-75.1349,0,0,0,0,0,0,4,9,2016,6,16.0,1.0,0,1.0,3,1,3,  ,2,3.0,0,0,1,0,0,0,0,0,0,0,0,0,0,0,0,0,0
21332,2016105817,1410.0,1359.0,67,67301,39.9552,-75.1983,0,0,0,0,1,0,4,9,2016,1,13.0,1.0,0,1.0,3,1,3,  ,2,3.0,0,0,1,0,0,0,0,0,0,0,0,0,0,0,0,1,0
21333,2016105819,1720.0,1705.0,67,67301,39.9475,-75.1495,0,0,0,0,0,0,4,9,2016,5,16.0,1.0,0,1.0,3,1,3,  ,2,3.0,0,0,1,0,0,0,0,0,0,0,0,0,0,0,0,0,0
21334,2016105820,300.0,249.0,67,67301,40.0396,-75.0742,0,0,0,0,0,0,4,9,2016,7,22.0,3.0,0,1.0,3,5,3,  ,2,3.0,0,0,1,0,0,0,0,0,0,0,0,0,0,0,0,1,0
21335,2016105867,1700.0,1652.0,67,67301,39.9379,-75.1667,0,0,0,0,0,0,4,9,2016,7,23.0,3.0,0,1.0,3,1,3,  ,2,3.0,1,0,1,0,0,0,0,0,0,0,0,0,0,0,0,0,0
21336,2016105881,2100.0,2057.0,67,67301,39.9482,-75.2212,0,0,0,0,0,0,4,9,2016,1,20.0,3.0,0,1.0,3,5,3,  ,2,3.0,1,0,1,0,0,0,0,0,0,0,0,0,0,0,0,0,0
21337,2016105896,811.0,756.0,67,67301,39.961,-75.1753,0,0,0,0,0,0,4,9,2016,5,7.0,1.0,0,1.0,3,1,3,  ,2,3.0,0,0,1,0,0,0,0,0,0,0,0,0,0,0,0,0,0
21338,2016105949,955.0,950.0,67,67301,39.9463,-75.1595,0,0,0,0,0,0,4,9,2016,5,9.0,1.0,0,1.0,3,1,3,  ,2,3.0,0,0,1,0,0,0,0,0,0,0,0,0,0,0,0,0,0
21339,2016105950,2111.0,2111.0,67,67301,39.9959,-75.0993,0,0,0,0,0,0,4,8,2016,4,19.0,1.0,0,98.0,3,1,99,  ,3,3.0,1,0,1,0,0,0,0,0,0,0,0,0,0,0,0,0,0
21340,2016106009,1508.0,1448.0,36,36301,,,0,0,0,0,0,0,4,9,2016,1,14.0,1.0,0,1.0,3,1,3,  ,3,3.0,1,0,1,0,0,0,0,0,0,0,0,0,0,0,0,0,0
21341,2016106022,2030.0,2030.0,39,39301,40.6297,-75.4274,0,0,0,0,0,0,4,10,2016,5,18.0,1.0,0,1.0,3,0,3,  ,0,0.0,0,0,1,0,0,0,0,0,0,0,0,0,0,0,0,0,0
21342,2016106312,817.0,916.0,67,67301,40.0123,-75.1386,0,0,0,0,0,0,2,9,2016,7,8.0,3.0,0,1.0,3,1,3,  ,0,0.0,0,0,0,0,0,0,0,0,0,0,0,0,0,0,0,0,0
21343,2016106319,1047.0,1046.0,67,67301,39.9671,-75.1621,0,0,0,0,0,0,4,9,2016,2,10.0,1.0,0,9.0,3,1,7,  ,2,3.0,1,0,1,0,0,0,0,0,0,0,0,0,0,0,0,0,0
21344,2016106331,940.0,903.0,67,67301,40.0005,-75.1196,0,0,0,0,0,0,4,9,2016,3,9.0,1.0,0,1.0,3,1,3,  ,3,3.0,0,0,1,0,0,0,0,0,0,0,0,0,0,0,0,0,0
21345,2016106371,1814.0,1809.0,36,36208,39.8692,-76.2276,0,0,0,0,0,0,8,9,2016,1,18.0,1.0,0,1.0,1,1,3,  ,2,3.0,0,0,0,0,0,0,0,0,0,0,0,0,0,0,0,0,0
21346,2016106461,1755.0,1749.0,35,35302,41.4023,-75.6587,0,1,0,0,0,0,4,10,2016,6,17.0,1.0,0,1.0,3,1,3,  ,0,0.0,1,0,1,0,0,0,0,0,0,0,0,0,0,0,0,1,0
21347,2016106566,1245.0,1230.0,36,36301,40.0458,-76.2904,0,0,0,0,0,0,4,10,2016,3,7.0,1.0,0,1.0,3,1,3,  ,3,3.0,0,0,1,0,0,0,0,0,0,0,0,0,0,0,0,0,0
21348,2016106569,1347.0,1345.0,39,39301,40.6228,-75.4368,0,1,0,0,0,0,4,10,2016,6,13.0,1.0,0,1.0,3,1,3,  ,3,3.0,0,0,1,0,0,0,0,0,0,0,0,0,0,0,0,1,0
21349,2016106638,1623.0,1617.0,48,48213,40.8743,-75.2428,0,0,0,0,0,1,2,10,2016,6,16.0,1.0,0,1.0,2,2,3,  ,3,3.0,1,0,0,0,0,0,0,0,0,0,0,0,0,0,0,1,0
21350,2016106871,1145.0,1141.0,25,25302,42.1109,-80.0987,0,0,0,0,0,0,4,10,2016,1,11.0,1.0,0,1.0,3,1,3,  ,3,3.0,0,0,1,0,0,1,0,0,0,0,0,0,0,0,0,0,0
21351,2016106879,1156.0,1156.0,15,15238,40.0805,-75.6892,0,0,0,0,0,1,4,9,2016,7,11.0,1.0,0,1.0,1,1,3,  ,2,3.0,1,0,1,0,0,0,0,0,0,0,0,0,0,0,0,0,0
21352,2016106906,451.0,447.0,24,24301,41.4173,-78.5608,1,0,0,1,0,0,1,10,2016,6,4.0,3.0,0,1.0,2,0,3,  ,0,0.0,1,0,0,0,1,0,0,0,0,0,0,0,0,1,0,0,0
21353,2016107076,1616.0,1612.0,39,39104,40.5268,-75.5664,0,0,0,0,0,0,4,10,2016,4,16.0,1.0,0,1.0,3,3,3,  ,3,3.0,1,0,1,0,0,0,0,0,0,0,0,0,0,0,0,1,0
21354,2016107141,1110.0,1106.0,2,2301,40.4565,-79.8966,0,0,0,0,0,0,2,10,2016,7,11.0,1.0,0,1.0,3,0,3,  ,0,0.0,0,0,0,0,0,0,0,0,0,0,0,0,0,0,0,0,0
21355,2016107168,1535.0,1535.0,39,39211,40.5488,-75.3947,0,0,0,0,0,0,1,10,2016,7,15.0,1.0,0,1.0,1,2,3,  ,0,0.0,1,0,0,0,0,0,0,0,0,0,0,0,0,1,0,0,1
21356,2016107207,1509.0,1459.0,49,49101,40.7859,-76.5784,0,0,0,0,1,0,4,10,2016,2,14.0,1.0,0,1.0,1,1,3,  ,3,3.0,0,0,1,0,0,0,0,0,0,0,0,0,0,0,0,0,0
21357,2016107411,1843.0,1841.0,2,2301,40.4369,-79.9866,0,0,0,0,0,1,4,10,2016,2,18.0,3.0,0,1.0,3,2,3,  ,3,3.0,0,0,1,0,0,0,0,0,0,0,0,0,0,0,0,0,0
21358,2016107445,711.0,706.0,2,2118,40.5296,-79.9657,0,0,0,0,1,0,4,10,2016,2,99.0,2.0,0,9.0,3,5,7,05,3,3.0,0,0,1,0,0,0,0,0,0,0,0,0,0,0,0,0,0
21359,2016107551,1755.0,1751.0,2,2301,40.4614,-79.9248,0,0,0,0,0,0,4,10,2016,2,17.0,1.0,0,1.0,3,1,3,  ,2,3.0,1,0,1,0,0,0,0,0,0,0,0,0,0,0,0,0,0
21360,2016107638,839.0,836.0,36,36215,40.0319,-76.1965,0,0,0,0,0,0,4,10,2016,3,8.0,1.0,0,1.0,1,2,3,  ,3,3.0,1,0,1,0,0,0,0,0,0,0,0,0,0,0,0,0,0
21361,2016107644,1621.0,1620.0,40,40414,41.2723,-75.8891,0,0,0,0,0,1,2,10,2016,3,16.0,1.0,0,1.0,3,0,3,  ,0,0.0,0,0,0,0,0,0,0,0,0,0,0,0,0,0,0,0,0
21362,2016108025,815.0,749.0,9,9202,40.0832,-74.9142,0,0,0,0,0,0,4,10,2016,4,6.0,3.0,0,1.0,3,2,3,  ,3,3.0,0,0,1,0,0,0,0,0,0,0,0,0,0,0,0,0,0
21363,2016108271,1856.0,1854.0,2,2116,40.5513,-80.0374,0,0,0,0,0,0,1,10,2016,3,18.0,3.0,0,1.0,3,0,3,  ,0,0.0,1,0,0,0,0,0,0,0,0,0,0,0,0,0,1,0,0
21364,2016108372,1434.0,1429.0,2,2416,40.3664,-80.014,0,0,0,0,0,0,6,10,2016,6,14.0,1.0,0,1.0,3,0,3,  ,0,0.0,0,0,0,0,0,0,0,0,0,0,0,0,0,0,0,1,0
21365,2016108384,735.0,729.0,11,11301,40.2972,-78.9057,0,0,0,0,0,1,4,10,2016,2,7.0,1.0,0,1.0,3,1,3,  ,2,3.0,0,0,1,0,0,0,0,0,0,0,0,0,0,0,0,0,0
21366,2016108396,721.0,718.0,36,36214,40.0946,-76.4084,0,0,0,0,0,1,4,10,2016,5,7.0,1.0,0,1.0,3,2,3,  ,0,0.0,1,0,1,0,0,0,0,0,0,0,0,0,0,0,0,0,0
21367,2016108590,1555.0,1549.0,67,67301,39.9644,-75.1609,0,0,0,0,0,0,4,10,2016,5,15.0,1.0,0,1.0,3,1,3,  ,0,0.0,0,0,1,0,0,0,0,0,0,0,0,0,0,0,0,0,0
21368,2016108624,1639.0,1637.0,67,67301,39.9906,-75.1769,0,0,0,0,0,0,4,10,2016,3,16.0,1.0,0,1.0,3,1,3,  ,2,3.0,0,0,1,0,0,0,0,0,0,0,0,0,0,0,0,0,0
21369,2016108650,1020.0,1017.0,67,67301,39.9631,-75.179,0,0,0,0,0,1,5,10,2016,3,10.0,1.0,0,1.0,3,3,3,  ,2,3.0,0,0,0,0,0,0,0,0,0,0,0,0,0,0,0,0,0
21370,2016108691,1700.0,1644.0,46,46423,40.2063,-75.4779,0,0,0,0,0,0,4,8,2016,3,10.0,1.0,7,1.0,3,0,3,  ,0,0.0,1,0,1,0,0,0,0,0,0,0,0,0,0,0,0,0,1
21371,2016108747,1940.0,1936.0,39,39301,40.6115,-75.4761,0,0,0,0,0,0,8,9,2016,3,19.0,3.0,0,1.0,3,0,3,  ,0,0.0,0,0,0,0,0,0,0,0,0,0,0,0,0,0,0,0,1
21372,2016109064,2146.0,2144.0,67,67301,40.0079,-75.1722,0,0,0,0,0,0,4,9,2016,6,20.0,3.0,0,9.0,3,0,7,  ,0,0.0,0,0,1,0,0,0,0,0,0,0,0,0,0,0,0,0,0
21373,2016109075,1637.0,1633.0,6,6301,40.3384,-75.9246,0,0,0,0,0,0,2,10,2016,6,16.0,1.0,0,1.0,3,0,3,  ,0,0.0,0,0,0,0,0,0,0,0,0,0,0,0,0,0,0,0,0
21374,2016109156,1941.0,1933.0,21,21103,40.2204,-76.9676,0,0,0,0,1,0,5,10,2016,4,19.0,2.0,0,1.0,3,0,3,  ,0,0.0,0,0,0,0,0,0,0,0,0,0,0,0,0,0,0,0,0
21375,2016109191,1737.0,1737.0,39,39301,40.6097,-75.4618,0,0,0,0,0,0,4,10,2016,5,17.0,1.0,0,1.0,3,1,3,  ,3,3.0,1,0,1,0,0,0,0,0,0,0,0,0,1,0,0,0,0
21376,2016109343,1223.0,1220.0,22,22102,40.2546,-76.833,0,0,0,0,0,0,4,10,2016,6,12.0,1.0,7,1.0,3,0,3,  ,0,0.0,0,0,1,0,0,0,0,0,0,0,0,0,0,0,0,0,0
21377,2016109479,1655.0,1649.0,32,32223,40.6313,-79.1459,0,1,0,0,1,0,4,10,2016,4,16.0,1.0,0,1.0,1,0,3,  ,0,0.0,0,0,1,0,0,1,0,0,0,0,0,0,0,0,0,0,0
21378,2016109531,1904.0,1901.0,25,25302,42.1266,-80.0726,0,0,0,0,0,0,4,10,2016,7,19.0,3.0,0,1.0,3,1,3,  ,2,3.0,0,0,1,0,0,0,0,0,0,0,0,0,0,0,0,0,0
21379,2016109743,1802.0,1755.0,66,66205,39.9725,-76.836,0,0,0,0,0,0,2,10,2016,2,17.0,1.0,0,1.0,1,0,3,  ,0,0.0,0,0,0,0,0,0,0,0,0,0,0,0,0,0,0,0,0
21380,2016109784,811.0,806.0,59,59201,40.9842,-77.007,0,1,0,0,1,0,8,10,2016,4,8.0,1.0,0,1.0,1,0,3,  ,0,0.0,1,0,0,0,0,0,0,0,0,0,0,0,0,0,0,0,0
21381,2016110010,1347.0,1345.0,23,23108,39.9215,-75.3211,0,0,0,0,0,1,4,10,2016,1,13.0,1.0,0,1.0,3,1,3,  ,2,3.0,0,0,1,0,0,0,0,0,0,0,0,0,0,0,0,0,0
21382,2016110078,1451.0,1448.0,35,35302,41.3999,-75.6583,0,0,0,0,0,0,4,10,2016,2,14.0,1.0,0,1.0,3,0,3,  ,0,0.0,0,0,1,0,0,0,0,0,0,0,0,0,0,0,0,0,0
21383,2016110083,2248.0,2254.0,36,36101,40.0535,-76.3249,0,0,0,0,0,0,1,10,2016,4,22.0,3.0,0,1.0,3,0,3,  ,0,0.0,0,0,0,0,0,0,0,0,0,0,0,0,0,0,0,0,0
21384,2016110087,1645.0,1642.0,35,35406,41.4696,-75.6097,0,0,0,0,0,0,4,10,2016,2,16.0,1.0,7,1.0,3,0,3,  ,2,3.0,1,0,1,0,0,0,0,0,0,0,0,0,0,0,0,0,0
21385,2016110228,916.0,915.0,23,23209,39.9121,-75.5176,0,0,0,0,0,0,4,10,2016,3,9.0,1.0,0,1.0,1,1,3,  ,3,3.0,1,0,1,0,0,0,0,0,0,0,0,0,0,0,0,0,0
21386,2016110336,1918.0,1917.0,36,36301,40.0432,-76.3023,0,0,0,0,0,0,1,10,2016,2,19.0,1.0,0,1.0,3,1,3,  ,2,3.0,0,0,0,0,0,1,0,0,0,0,0,0,0,0,0,0,0
21387,2016110366,1853.0,1832.0,5,5228,40.2639,-78.343,0,0,0,0,0,0,1,10,2016,2,18.0,1.0,0,1.0,1,0,3,  ,0,0.0,0,0,0,0,0,0,0,0,0,0,0,0,0,0,0,0,0
21388,2016110487,646.0,641.0,15,15101,39.9879,-75.7961,0,0,0,0,0,0,4,10,2016,3,6.0,2.0,3,1.0,3,0,3,  ,0,0.0,0,0,1,0,0,0,0,0,0,0,0,0,0,0,0,0,0
21389,2016111070,2134.0,2129.0,40,40304,41.2464,-75.8871,0,0,0,0,0,1,4,10,2016,3,21.0,3.0,0,1.0,3,2,3,  ,2,3.0,0,0,1,0,0,0,0,0,0,0,0,0,0,0,0,0,0
21390,2016111082,2220.0,2209.0,67,67301,40.0232,-75.2089,0,0,0,0,0,0,4,10,2016,6,22.0,3.0,0,1.0,3,1,3,  ,2,3.0,0,0,1,0,0,0,0,0,0,0,0,0,0,0,0,0,0
21391,2016111284,2155.0,2152.0,38,38301,40.35,-76.4149,0,1,0,0,0,1,1,10,2016,7,21.0,3.0,0,1.0,2,0,3,  ,0,0.0,0,0,0,0,0,0,0,0,0,0,0,0,0,0,0,0,0
21392,2016111505,1305.0,1300.0,7,7301,40.4977,-78.3934,0,0,0,0,0,0,4,10,2016,3,17.0,1.0,0,1.0,3,0,3,  ,0,0.0,0,0,1,0,0,0,0,0,0,0,0,0,0,0,0,0,0
21393,2016111919,2044.0,2042.0,40,40301,40.9558,-75.9705,0,0,0,0,0,0,4,6,2016,2,20.0,4.0,0,1.0,2,1,3,  ,0,0.0,0,0,1,0,0,0,0,0,0,0,0,0,0,0,0,0,1
21394,2016112040,1533.0,1525.0,25,25302,42.113,-80.0955,0,0,0,0,0,0,4,10,2016,6,15.0,1.0,0,1.0,3,1,3,  ,0,0.0,0,0,1,0,0,0,0,0,0,0,0,0,0,0,0,0,0
21395,2016112082,1630.0,1622.0,67,67301,39.9223,-75.1534,0,0,0,0,0,0,5,10,2016,4,16.0,1.0,0,1.0,3,1,3,  ,2,3.0,0,0,0,0,0,0,0,0,0,0,0,0,0,0,0,0,0
21396,2016112090,1334.0,1320.0,67,67301,40.0402,-75.0584,0,1,0,0,0,1,4,10,2016,1,13.0,1.0,0,9.0,3,1,3,  ,2,3.0,1,0,1,0,0,0,0,0,0,0,0,1,0,0,0,1,0
21397,2016112138,1105.0,1103.0,67,67301,39.9444,-75.1629,0,0,0,0,0,1,5,10,2016,4,10.0,1.0,0,1.0,3,0,3,  ,0,0.0,0,0,0,0,0,0,0,0,0,0,0,0,0,0,0,0,0
21398,2016112255,1920.0,1918.0,67,67301,40.0505,-75.0752,0,0,0,0,0,0,5,10,2016,5,19.0,3.0,0,1.0,3,0,3,  ,0,0.0,0,0,0,0,0,0,0,0,0,0,0,0,0,0,0,0,0
21399,2016112633,1639.0,1632.0,11,11301,40.3543,-78.9461,0,0,0,0,1,0,4,10,2016,6,16.0,1.0,0,1.0,3,2,3,  ,3,3.0,0,0,1,0,0,0,0,0,0,0,0,0,0,0,0,0,0
21400,2016113512,1840.0,1840.0,2,2301,40.4561,-79.9154,0,0,0,0,0,1,4,10,2016,2,18.0,1.0,0,1.0,3,1,3,  ,2,3.0,0,0,1,0,0,0,0,0,0,0,0,0,0,0,0,0,0
21401,2016113842,1734.0,1726.0,2,2301,40.4719,-79.9594,0,0,0,0,1,0,6,11,2016,3,17.0,1.0,0,1.0,3,1,3,  ,0,0.0,0,0,0,0,0,0,0,0,0,0,0,0,0,0,0,0,0
21402,2016114038,835.0,829.0,10,10101,40.8422,-79.9152,0,0,0,0,0,0,2,11,2016,3,8.0,1.0,0,1.0,2,0,3,  ,0,0.0,0,0,0,0,0,1,0,0,0,0,0,0,0,0,0,0,0
21403,2016114262,1138.0,1138.0,67,67301,39.9281,-75.1626,0,0,0,0,0,0,4,10,2016,1,14.0,1.0,7,98.0,3,0,99,  ,0,0.0,0,0,1,0,0,0,0,0,0,0,0,0,0,0,0,0,0
21404,2016114266,2243.0,2242.0,67,67301,39.9428,-75.1656,0,0,0,0,0,0,4,10,2016,6,22.0,3.0,0,1.0,3,1,3,  ,2,3.0,0,0,1,0,0,0,0,0,0,0,0,0,0,0,0,0,0
21405,2016114285,823.0,818.0,36,36220,40.0382,-76.3414,0,0,0,0,0,0,2,10,2016,2,8.0,1.0,0,1.0,3,1,3,  ,2,3.0,1,0,0,0,0,0,0,0,0,0,0,0,0,0,0,0,0
21406,2016114302,2132.0,2132.0,48,48210,40.5729,-75.334,0,0,0,0,0,0,4,10,2016,6,21.0,3.0,7,1.0,1,0,3,  ,3,3.0,0,0,1,0,0,0,0,0,0,0,0,0,0,0,0,0,0
21407,2016114504,2021.0,2021.0,14,14410,40.798,-77.8569,0,0,0,0,0,0,4,11,2016,4,20.0,3.0,0,1.0,3,2,3,  ,2,3.0,1,0,1,0,0,0,0,0,0,0,0,0,0,0,0,0,0
21408,2016114575,1508.0,1505.0,21,21213,40.1941,-77.1657,0,0,0,0,0,0,4,10,2016,7,15.0,1.0,0,1.0,1,2,3,  ,0,0.0,1,0,1,0,0,0,0,0,0,0,0,0,0,0,0,1,0
21409,2016114823,1800.0,1753.0,39,39209,40.5377,-75.6444,0,1,0,0,0,0,4,10,2016,6,17.0,1.0,0,1.0,1,2,3,  ,3,3.0,1,0,1,0,0,0,0,0,0,0,0,0,0,0,0,0,0
21410,2016115437,836.0,833.0,22,22414,40.2398,-76.8524,0,0,0,0,0,0,4,11,2016,6,8.0,1.0,0,1.0,3,2,3,  ,0,0.0,1,0,1,0,0,0,0,0,0,0,0,0,0,0,0,0,0
21411,2016115486,154.0,150.0,9,9220,40.449,-75.3617,0,0,0,0,0,0,2,11,2016,5,1.0,2.0,0,1.0,1,0,3,  ,0,0.0,1,0,0,0,0,0,0,0,0,0,0,0,0,1,0,0,0
21412,2016115487,1106.0,1102.0,2,2301,40.4238,-79.9867,0,0,0,0,0,0,4,11,2016,7,11.0,1.0,0,1.0,3,2,3,  ,0,0.0,0,0,1,0,0,0,0,0,0,0,0,0,0,0,0,0,1