,CRN,ARRIVAL_TM,DISPATCH_TM,COUNTY,MUNICIPALITY,DEC_LAT,DEC_LONG,BICYCLE_DEATH_COUNT,BICYCLE_SUSP_SERIOUS_INJ_COUNT,BUS_COUNT,HEAVY_TRUCK_COUNT,SMALL_TRUCK_COUNT,SUV_COUNT,COLLISION_TYPE,CRASH_MONTH,CRASH_YEAR,DAY_OF_WEEK,HOUR_OF_DAY,ILLUMINATION,LOCATION_TYPE,ROAD_CONDITION,URBAN_RURAL,INTERSECT_TYPE,WEATHER1,WEATHER2,TCD_TYPE,TCD_FUNC_CD,AGGRESSIVE_DRIVING,ALCOHOL_RELATED,ANGLE_CRASH,CELL_PHONE,COMM_VEHICLE,DISTRACTED,DRINKING_DRIVER,DRUGGED_DRIVER,FATIGUE_ASLEEP,IMPAIRED_DRIVER,NHTSA_AGG_DRIVING,RUNNING_RED_LT,RUNNING_STOP_SIGN,SPEEDING_RELATED,TAILGATING,MATURE_DRIVER,YOUNG_DRIVER
21413,2016115600,1624.0,1624.0,67,67301,39.9514,-75.2093,0,0,0,0,0,1,4,11,2016,7,16.0,1.0,0,1.0,3,1,3,  ,2,3.0,0,0,1,0,0,0,0,0,0,0,0,0,0,0,0,0,0
21414,2016115713,1115.0,1111.0,2,2301,40.4677,-79.9164,0,0,0,0,0,0,4,11,2016,7,11.0,1.0,0,1.0,3,1,3,  ,3,3.0,0,0,1,0,0,0,0,0,0,0,0,0,0,0,0,1,0
21415,2016115812,1720.0,1716.0,40,40220,41.3035,-75.9287,0,0,0,0,0,0,4,10,2016,2,17.0,1.0,7,1.0,3,0,3,  ,0,0.0,1,0,1,0,0,0,0,0,0,0,0,0,0,0,0,0,0
21416,2016115841,2228.0,2223.0,28,28212,39.9244,-77.7459,0,0,0,0,0,0,4,10,2016,3,22.0,3.0,0,1.0,1,0,3,  ,0,0.0,0,0,1,0,0,0,0,0,0,0,0,0,0,0,0,0,0
21417,2016115910,2043.0,2041.0,26,26302,39.9013,-79.7348,0,0,0,0,0,0,4,11,2016,1,20.0,3.0,0,1.0,2,1,3,  ,3,3.0,0,0,1,0,0,0,0,0,0,0,0,0,0,0,0,0,0
21418,2016115979,1832.0,1828.0,25,25302,42.1221,-80.082,0,0,0,0,0,1,4,10,2016,2,18.0,1.0,0,1.0,3,1,3,  ,3,3.0,0,0,1,0,0,0,0,0,0,0,0,0,0,0,0,0,0
21419,2016116120,1300.0,1252.0,45,45404,40.9823,-75.2131,0,0,0,0,0,0,4,10,2016,4,12.0,1.0,2,1.0,2,7,3,  ,3,3.0,0,0,1,0,0,1,0,0,0,0,0,0,0,0,0,0,0
21420,2016116164,917.0,915.0,9,9422,40.2456,-74.8376,0,0,0,0,0,0,1,9,2016,3,9.0,1.0,0,1.0,3,2,3,  ,0,0.0,0,1,0,0,0,0,1,1,0,1,0,0,0,0,0,0,0
21421,2016116460,635.0,617.0,6,6213,40.3154,-75.6918,0,0,0,0,0,0,5,11,2016,2,6.0,5.0,0,1.0,1,0,3,  ,0,0.0,0,0,0,0,0,0,0,0,0,0,0,0,0,0,0,0,0
21422,2016116571,820.0,818.0,67,67301,39.9536,-75.1986,0,0,0,0,0,1,2,11,2016,3,8.0,1.0,0,1.0,3,1,3,  ,2,3.0,0,0,0,0,0,0,0,0,0,0,0,0,0,0,0,0,0
21423,2016116575,1030.0,1026.0,25,25213,42.104,-80.1482,0,0,0,0,0,1,5,11,2016,3,10.0,1.0,0,1.0,3,1,3,  ,2,3.0,1,0,0,0,0,0,0,0,0,0,0,0,0,0,0,0,0
21424,2016116615,659.0,657.0,46,46205,40.2332,-75.5288,0,1,0,0,0,0,1,11,2016,3,6.0,1.0,0,1.0,1,0,3,  ,0,0.0,0,0,0,0,0,0,0,0,0,0,0,0,0,0,0,0,0
21425,2016117130,1449.0,1447.0,67,67301,39.9515,-75.1703,0,0,0,0,0,0,5,10,2016,5,14.0,1.0,0,9.0,3,0,7,  ,0,0.0,0,0,0,0,0,0,0,0,0,0,0,0,0,0,0,1,0
21426,2016117135,2315.0,2310.0,67,67301,39.9714,-75.1594,0,1,0,0,0,0,4,10,2016,5,21.0,1.0,0,1.0,3,1,3,  ,2,3.0,0,0,1,0,0,0,0,0,0,0,0,0,0,0,0,0,0
21427,2016117142,1820.0,1813.0,67,67301,40.0499,-75.0662,0,0,0,0,0,1,4,10,2016,7,18.0,1.0,0,1.0,3,0,3,  ,0,0.0,0,0,1,0,0,0,0,0,0,0,0,0,0,0,0,0,0
21428,2016117155,1808.0,1802.0,67,67301,40.0011,-75.1247,0,0,0,0,0,0,4,10,2016,2,17.0,1.0,0,1.0,3,1,3,  ,2,3.0,1,0,1,0,0,0,0,0,0,0,0,1,0,0,0,0,0
21429,2016117188,812.0,810.0,67,67301,39.9738,-75.14,0,0,0,0,1,0,4,10,2016,5,8.0,6.0,0,1.0,3,1,3,  ,0,0.0,0,0,1,0,0,0,0,0,0,0,0,0,0,0,0,0,0
21430,2016117191,9999.0,1129.0,67,67301,39.9556,-75.1728,0,0,0,0,0,0,4,10,2016,7,11.0,1.0,0,1.0,3,1,3,  ,2,3.0,0,0,1,0,0,0,0,0,0,0,0,0,0,0,0,0,0
21431,2016117197,1141.0,1140.0,67,67301,39.9382,-75.1696,0,0,0,1,0,0,5,10,2016,2,10.0,1.0,0,1.0,3,0,3,  ,0,0.0,0,0,0,0,0,0,0,0,0,0,0,0,0,0,0,0,0
21432,2016117220,1918.0,1914.0,25,25302,42.0893,-80.1016,0,0,0,0,0,0,4,11,2016,3,19.0,3.0,0,9.0,3,1,7,  ,2,3.0,0,0,1,0,0,0,0,0,0,0,0,0,0,0,0,0,0
21433,2016117521,1500.0,1451.0,67,67301,39.9525,-75.2093,0,0,0,0,0,0,4,11,2016,4,14.0,1.0,0,9.0,3,1,7,  ,2,3.0,1,0,1,0,0,0,0,0,0,0,0,0,0,0,0,1,0
21434,2016117654,2000.0,2000.0,67,67301,40.0299,-75.2113,0,0,0,0,0,0,8,10,2016,2,19.0,3.0,0,1.0,3,1,3,  ,2,3.0,0,0,0,0,0,0,0,0,0,0,0,0,0,0,0,0,0
21435,2016117674,1030.0,1022.0,67,67301,39.9751,-75.195,0,0,0,0,0,1,4,10,2016,6,10.0,1.0,0,1.0,3,1,3,  ,2,3.0,0,0,1,0,0,0,0,0,0,0,0,0,0,0,0,1,0
21436,2016117711,48.0,48.0,67,67301,39.9287,-75.1839,0,0,0,0,0,0,4,10,2016,4,0.0,3.0,0,1.0,3,1,3,  ,3,3.0,1,0,1,0,0,0,0,0,0,0,0,0,1,0,0,0,0
21437,2016117729,1910.0,1900.0,67,67301,39.992,-75.1733,0,0,0,0,0,0,1,10,2016,1,18.0,4.0,0,1.0,3,0,3,  ,0,0.0,0,0,0,0,0,0,0,0,0,0,0,0,0,0,0,0,0
21438,2016117747,1810.0,1800.0,67,67301,39.9505,-75.1658,0,0,0,0,0,0,5,10,2016,4,17.0,4.0,0,1.0,3,0,3,  ,0,0.0,1,0,0,0,0,0,0,0,0,0,0,0,0,0,0,0,0
21439,2016117970,2150.0,2146.0,21,21409,40.0547,-77.513,0,0,0,0,0,0,1,11,2016,5,21.0,3.0,0,1.0,2,1,3,  ,2,3.0,1,0,0,0,0,0,0,0,0,0,0,0,0,0,1,0,1
21440,2016118118,1252.0,1247.0,46,46416,40.2434,-75.618,0,0,0,0,0,0,4,11,2016,3,12.0,1.0,7,1.0,2,0,3,  ,3,3.0,1,0,1,0,0,0,0,0,0,0,0,0,0,0,0,1,0
21441,2016118547,1752.0,1752.0,9,9208,40.1904,-74.8397,0,0,0,0,0,0,8,11,2016,7,17.0,3.0,0,1.0,3,0,3,  ,2,3.0,0,0,0,0,0,0,0,0,0,0,0,0,0,0,0,0,0
21442,2016118735,1406.0,1403.0,25,25302,42.124,-80.0443,0,0,0,0,0,0,7,11,2016,1,13.0,1.0,0,1.0,3,2,3,  ,2,3.0,1,0,0,0,0,0,0,0,0,0,0,0,0,1,0,0,0
21443,2016118766,1641.0,1638.0,36,36238,40.1371,-76.2114,0,0,0,0,0,1,4,11,2016,1,16.0,1.0,7,1.0,3,0,3,  ,0,0.0,1,0,1,0,0,0,0,0,0,0,0,0,0,0,0,0,0
21444,2016118837,1927.0,1923.0,40,40220,41.3022,-75.9291,0,0,0,0,0,0,6,11,2016,5,19.0,3.0,0,1.0,3,1,3,  ,2,3.0,0,1,0,0,0,0,0,0,0,0,0,0,0,0,0,0,0
21445,2016118891,3.0,1.0,6,6301,40.332,-75.9183,0,1,0,0,0,0,4,11,2016,2,0.0,3.0,0,1.0,3,1,3,  ,2,3.0,0,0,1,0,0,0,0,0,0,0,0,0,0,0,0,0,0
21446,2016118978,1603.0,1555.0,3,3208,40.6337,-79.6056,0,0,0,0,0,1,4,11,2016,6,15.0,1.0,0,1.0,1,2,3,  ,3,3.0,0,0,1,0,0,0,0,0,0,0,0,0,0,0,0,0,0
21447,2016119062,1624.0,1622.0,46,46104,40.0117,-75.2985,0,0,0,0,0,0,4,10,2016,6,16.0,1.0,7,1.0,3,0,3,  ,0,0.0,1,0,1,0,0,0,0,0,0,0,0,0,0,0,0,0,0
21448,2016119121,639.0,637.0,67,67301,39.9644,-75.1764,0,0,0,0,0,1,4,10,2016,5,6.0,5.0,0,1.0,3,5,3,  ,2,3.0,0,0,1,0,0,0,0,0,0,0,0,0,0,0,0,0,0
21449,2016119181,1835.0,1821.0,67,67301,39.9605,-75.1736,0,0,0,0,0,0,4,10,2016,6,17.0,3.0,0,1.0,3,1,3,  ,2,3.0,0,0,1,0,0,0,0,0,0,0,0,0,0,0,0,1,0
21450,2016119213,1726.0,1724.0,36,36220,40.0399,-76.3257,0,0,0,0,0,1,4,11,2016,2,17.0,3.0,0,1.0,3,1,3,  ,3,3.0,1,0,1,0,0,0,0,0,0,0,0,0,0,0,0,0,0
21451,2016119420,1305.0,1304.0,39,39301,40.6086,-75.4657,0,0,0,0,0,0,8,11,2016,1,13.0,1.0,0,1.0,3,2,3,  ,3,3.0,0,0,0,0,0,0,0,0,0,0,0,0,0,0,0,0,1
21452,2016119452,1812.0,1810.0,6,6301,40.3383,-75.918,0,0,0,0,0,0,4,11,2016,2,18.0,3.0,0,1.0,3,1,3,  ,2,3.0,1,0,1,0,0,0,0,0,0,0,0,1,0,0,0,0,0
21453,2016119663,830.0,846.0,67,67301,39.9448,-75.175,0,0,0,1,0,0,4,10,2016,1,8.0,1.0,0,1.0,3,1,3,  ,2,3.0,0,0,1,0,1,0,0,0,0,0,0,0,0,0,0,0,0
21454,2016119664,9999.0,9999.0,67,67301,39.9481,-75.2215,0,0,0,0,0,0,1,10,2016,2,5.0,1.0,0,1.0,3,0,3,  ,0,0.0,0,0,0,0,0,0,0,0,0,0,0,0,0,0,0,0,0
21455,2016119856,1100.0,1050.0,64,64412,40.318,-79.3867,0,0,0,0,0,0,4,11,2016,3,10.0,1.0,0,1.0,2,1,3,  ,0,0.0,0,0,1,0,0,0,0,0,0,0,0,0,0,0,0,0,0
21456,2016119923,2000.0,1800.0,58,58402,41.9871,-77.3078,0,0,0,0,0,0,4,10,2016,5,16.0,1.0,0,1.0,1,0,3,  ,0,0.0,0,0,1,0,0,0,0,0,0,0,0,0,0,0,0,0,0
21457,2016119942,1401.0,1400.0,46,46108,40.0826,-75.1828,0,0,0,0,0,0,4,11,2016,3,14.0,1.0,0,1.0,3,0,3,  ,0,0.0,0,0,1,0,0,0,0,0,0,0,0,0,0,0,0,0,0
21458,2016119978,1732.0,1658.0,22,22301,40.2789,-76.8936,0,0,0,0,0,0,4,11,2016,7,17.0,1.0,0,1.0,3,1,3,  ,0,0.0,0,0,1,0,0,0,0,0,0,0,0,0,0,0,0,0,0
21459,2016120005,1210.0,1210.0,39,39301,40.6163,-75.4689,0,0,0,0,0,0,8,10,2016,2,12.0,1.0,0,1.0,3,0,3,  ,0,0.0,0,0,0,0,0,0,0,0,0,0,0,0,0,0,0,0,0
21460,2016120171,1814.0,1808.0,2,2301,40.4571,-79.9293,0,0,0,0,0,0,2,11,2016,4,18.0,4.0,0,1.0,3,1,3,  ,3,3.0,1,0,0,0,0,0,0,0,0,0,0,0,0,0,0,0,1
21461,2016120172,1739.0,1738.0,23,23107,39.887,-75.3314,0,0,0,0,0,0,4,11,2016,4,17.0,3.0,0,9.0,3,1,7,  ,3,3.0,0,0,1,0,0,0,0,0,0,0,0,0,0,0,0,0,0
21462,2016120254,742.0,737.0,39,39210,40.5017,-75.4958,1,0,0,0,0,0,4,10,2016,4,7.0,1.0,7,1.0,1,0,3,  ,0,0.0,1,0,1,0,0,0,0,0,0,0,0,0,0,0,0,1,0
21463,2016120373,645.0,644.0,46,46110,40.1463,-75.1255,0,1,0,0,0,0,5,9,2016,6,6.0,5.0,0,1.0,3,2,3,  ,0,0.0,1,0,0,0,0,0,0,0,0,0,0,0,0,0,0,0,0
21464,2016120478,1708.0,1704.0,67,67301,39.9368,-75.1519,0,0,0,0,0,0,5,10,2016,7,17.0,1.0,0,1.0,3,0,3,  ,0,0.0,0,0,0,0,0,0,0,0,0,0,0,0,0,0,0,0,0
21465,2016120531,2213.0,2211.0,67,67301,39.9498,-75.2071,0,0,0,0,0,1,4,11,2016,3,22.0,3.0,0,1.0,3,1,3,  ,2,3.0,1,0,1,0,0,0,0,0,0,0,0,0,0,0,0,0,0
21466,2016120552,1635.0,1630.0,67,67301,39.9527,-75.1786,0,0,0,0,0,0,5,11,2016,5,16.0,1.0,0,1.0,3,0,3,  ,0,0.0,0,0,0,0,0,0,0,0,0,0,0,0,0,0,0,0,0
21467,2016120753,1814.0,1803.0,2,2301,40.469,-79.9214,0,0,0,0,0,0,4,11,2016,5,18.0,3.0,0,1.0,3,1,3,  ,0,0.0,0,0,1,0,0,0,0,0,0,0,0,0,0,0,0,0,0
21468,2016121139,1839.0,1839.0,25,25302,42.1295,-80.0744,0,0,0,0,0,0,8,11,2016,6,18.0,3.0,0,1.0,3,0,3,  ,0,0.0,1,0,0,0,0,0,0,0,0,0,0,0,0,0,0,0,0
21469,2016121591,1210.0,1202.0,6,6301,40.3353,-75.9279,0,0,0,1,0,0,1,11,2016,6,12.0,1.0,0,1.0,3,1,3,  ,2,3.0,0,0,0,0,1,0,0,0,0,0,0,0,0,0,0,0,0
21470,2016121958,1551.0,1545.0,1,1213,39.7397,-77.3468,0,1,0,0,0,0,1,11,2016,1,15.0,1.0,0,1.0,1,0,3,  ,0,0.0,1,0,0,0,0,1,0,0,0,0,1,0,0,1,0,0,1
21471,2016121969,1620.0,1617.0,22,22102,40.2552,-76.8471,0,0,0,0,0,0,4,11,2016,6,16.0,1.0,7,1.0,3,0,3,  ,0,0.0,1,0,1,0,0,0,0,0,0,0,1,0,0,0,0,0,0
21472,2016122016,1425.0,1418.0,9,9224,40.3165,-74.9765,0,0,0,0,0,1,4,11,2016,4,14.0,1.0,0,1.0,1,1,3,  ,3,3.0,0,0,1,0,0,0,0,0,0,0,0,0,0,0,0,0,0
21473,2016122343,2057.0,2057.0,36,36235,40.1404,-76.299,0,0,0,0,0,0,5,11,2016,7,20.0,2.0,0,1.0,1,0,3,  ,0,0.0,0,0,0,0,0,1,0,0,0,0,0,0,0,0,0,1,0
21474,2016122581,1658.0,1644.0,22,22301,40.2579,-76.8603,0,0,0,0,0,0,4,11,2016,5,16.0,4.0,7,1.0,3,0,3,  ,0,0.0,0,0,1,0,0,0,0,0,0,0,0,0,0,0,0,0,0
21475,2016122631,1648.0,1646.0,49,49407,40.8902,-76.7915,0,0,0,0,0,0,4,10,2016,3,16.0,1.0,0,1.0,1,1,3,  ,3,3.0,1,0,1,0,0,0,0,0,0,0,0,0,0,0,0,1,0
21476,2016122649,1640.0,1632.0,9,9101,40.1082,-74.8775,0,0,0,0,0,0,4,10,2016,2,16.0,1.0,0,1.0,3,0,3,  ,0,0.0,1,0,1,0,0,0,0,0,0,0,0,0,0,0,0,0,0
21477,2016122656,1645.0,1636.0,1,1218,39.9431,-77.0367,0,0,0,0,1,0,4,11,2016,6,16.0,4.0,0,1.0,1,1,3,  ,3,3.0,0,0,1,0,0,0,0,0,0,0,0,0,0,0,0,0,0
21478,2016123017,1313.0,1305.0,9,9221,40.3634,-75.0923,0,0,0,0,1,0,1,11,2016,5,13.0,1.0,0,1.0,1,0,3,  ,0,0.0,0,0,0,0,0,1,0,0,0,0,0,0,0,0,0,0,0
21479,2016123121,1920.0,1852.0,36,36221,40.0384,-76.0824,0,0,0,0,0,0,8,11,2016,6,13.0,1.0,0,1.0,1,2,3,  ,3,3.0,0,0,0,0,0,0,0,0,0,0,0,0,0,0,0,0,0
21480,2016123139,1800.0,1757.0,67,67301,39.9561,-75.1998,0,0,0,0,0,0,4,11,2016,4,17.0,3.0,0,1.0,3,1,3,  ,3,3.0,0,0,1,0,0,0,0,0,0,0,0,0,0,0,0,0,0
21481,2016123162,1950.0,1950.0,39,39213,40.5798,-75.7257,0,0,0,0,0,0,5,11,2016,3,19.0,2.0,0,1.0,1,0,3,  ,0,0.0,1,0,0,0,0,0,0,0,0,0,0,0,0,0,0,0,0
21482,2016123252,1319.0,1318.0,20,20302,41.6271,-79.6808,0,0,0,0,0,0,4,11,2016,6,13.0,1.0,0,1.0,2,3,3,  ,2,3.0,0,0,1,0,0,0,0,0,0,0,0,0,0,0,0,0,0
21483,2016123472,1821.0,1817.0,21,21407,40.2291,-76.8867,0,0,0,0,0,0,4,11,2016,4,18.0,3.0,0,9.0,3,1,7,  ,3,3.0,1,0,1,0,0,0,0,0,0,0,0,0,0,0,0,0,0
21484,2016124051,1641.0,1636.0,46,46416,40.2498,-75.6433,0,0,0,0,1,0,4,11,2016,6,16.0,3.0,0,1.0,2,1,3,  ,3,3.0,0,0,1,0,0,0,0,0,0,0,0,0,0,0,0,0,0
21485,2016124084,1326.0,1320.0,36,36101,40.0524,-76.3097,0,0,0,0,0,1,4,11,2016,1,13.0,1.0,0,1.0,3,0,3,  ,0,0.0,0,0,1,0,0,0,0,0,0,0,0,0,0,0,0,0,0
21486,2016124653,1812.0,1808.0,36,36235,40.1697,-76.2985,0,0,0,0,0,0,4,11,2016,2,18.0,2.0,0,1.0,1,2,3,  ,3,3.0,1,0,1,0,0,0,0,0,0,0,0,0,0,0,0,0,1
21487,2016124970,1704.0,1703.0,36,36235,40.1724,-76.2785,0,0,0,0,0,1,4,11,2016,5,17.0,1.0,0,1.0,1,1,3,  ,3,3.0,1,0,1,0,0,0,0,0,0,0,0,0,0,0,0,1,0
21488,2016125009,1442.0,1442.0,21,21103,40.2313,-76.9551,0,0,0,0,0,1,8,11,2016,3,14.0,1.0,0,1.0,3,0,3,  ,0,0.0,1,0,0,0,0,0,0,0,0,0,0,0,0,0,0,0,0
21489,2016125419,1510.0,1505.0,39,39301,40.616,-75.4612,0,0,0,0,0,0,4,11,2016,4,15.0,1.0,0,9.0,3,0,7,  ,0,0.0,1,0,1,0,0,0,0,0,0,0,0,0,0,0,0,0,0
21490,2016125592,1550.0,1534.0,7,7209,40.4039,-78.4934,0,0,0,0,0,0,5,11,2016,6,15.0,1.0,0,1.0,1,1,3,  ,0,0.0,1,0,0,0,0,0,0,0,0,0,0,0,0,1,0,0,0
21491,2016125828,1647.0,1630.0,21,21213,40.1617,-77.1322,0,0,1,0,0,0,4,10,2016,4,14.0,1.0,0,1.0,1,1,3,  ,3,3.0,0,0,1,0,1,0,0,0,0,0,0,0,0,0,0,0,0
21492,2016126018,1755.0,1745.0,67,67301,39.927,-75.1605,0,0,0,0,0,0,4,11,2016,5,17.0,3.0,0,1.0,3,1,3,  ,3,3.0,0,0,1,0,0,0,0,0,0,0,0,0,0,0,0,0,0
21493,2016126029,1656.0,1652.0,67,67301,39.9752,-75.1532,0,0,0,0,0,1,4,11,2016,5,16.0,1.0,0,1.0,3,1,3,  ,3,3.0,0,0,1,0,0,0,0,0,0,0,0,0,0,0,0,0,0
21494,2016126044,1905.0,1900.0,67,67301,39.9801,-75.1332,0,0,0,0,0,0,4,11,2016,4,14.0,1.0,1,1.0,3,1,3,  ,2,3.0,0,0,1,0,0,0,0,0,0,0,0,0,0,0,0,0,0
21495,2016126056,1436.0,1417.0,67,67301,39.9664,-75.2018,0,0,0,0,0,1,4,11,2016,2,14.0,1.0,0,1.0,3,1,99,  ,3,3.0,0,0,1,0,0,0,0,0,0,0,0,0,0,0,0,0,0
21496,2016126057,1805.0,1800.0,67,67301,39.9524,-75.1625,0,0,0,0,0,1,1,11,2016,4,15.0,1.0,0,9.0,3,2,7,  ,2,3.0,0,0,0,0,0,0,0,0,0,0,0,0,0,0,0,0,0
21497,2016126062,2106.0,2053.0,67,67301,40.0297,-75.0403,0,0,0,0,0,1,4,11,2016,6,20.0,3.0,0,1.0,3,1,3,  ,0,0.0,0,0,1,0,0,0,0,0,0,0,0,0,0,0,0,0,0
21498,2016126084,1644.0,1559.0,67,67301,39.9858,-75.181,0,0,0,0,0,0,4,11,2016,2,16.0,1.0,0,1.0,3,1,3,  ,2,3.0,1,0,1,0,0,0,0,0,0,0,0,0,0,0,0,0,0
21499,2016126108,801.0,800.0,67,67301,39.9474,-75.168,0,0,0,0,0,1,4,11,2016,2,8.0,1.0,0,1.0,3,1,3,  ,3,3.0,1,0,1,0,0,0,0,0,0,0,0,0,0,0,0,0,0
21500,2016126138,1535.0,1522.0,67,67301,39.9657,-75.1606,0,0,0,0,0,0,4,11,2016,6,15.0,1.0,0,1.0,3,1,3,  ,0,0.0,1,0,1,0,0,0,0,0,0,0,0,0,0,0,0,0,0
21501,2016126161,1152.0,1144.0,67,67301,39.9717,-75.1856,0,0,0,0,0,0,4,11,2016,6,11.0,1.0,0,1.0,3,1,3,  ,3,3.0,0,0,1,0,0,0,0,0,0,0,0,0,0,0,0,0,0
21502,2016126196,1915.0,1912.0,67,67301,39.9739,-75.2293,0,0,0,0,0,0,4,11,2016,2,19.0,3.0,0,1.0,3,1,3,  ,3,3.0,0,0,1,0,0,0,0,0,0,0,0,0,0,0,0,0,0
21503,2016126261,2024.0,2009.0,1,1216,39.8162,-77.1302,1,0,0,0,1,0,1,10,2016,2,20.0,2.0,0,1.0,1,0,3,  ,0,0.0,0,1,0,0,0,0,0,0,0,0,0,0,0,0,0,1,0
21504,2016126360,1929.0,1929.0,67,67301,39.949,-75.193,0,0,0,0,0,0,5,12,2016,5,18.0,3.0,0,1.0,3,0,3,  ,0,0.0,0,0,0,0,0,0,0,0,0,0,0,0,0,0,0,0,0
21505,2016126609,2355.0,2355.0,67,67301,40.05,-75.0639,0,0,0,0,0,0,4,11,2016,2,23.0,3.0,0,1.0,3,0,3,  ,0,0.0,0,0,1,0,0,0,0,0,0,0,0,0,0,0,0,0,0
21506,2016126996,1812.0,1810.0,38,38301,40.3466,-76.4024,0,0,0,0,0,0,4,11,2016,2,18.0,2.0,0,1.0,2,1,3,  ,0,0.0,0,0,1,0,0,0,0,0,0,0,0,0,0,0,0,0,0
21507,2016127142,1730.0,1728.0,48,48212,40.6775,-75.2585,0,0,0,0,0,0,4,12,2016,1,17.0,2.0,0,1.0,3,0,3,  ,0,0.0,0,0,1,0,0,0,0,0,0,0,0,0,0,0,0,0,0
21508,2016127151,1912.0,1903.0,40,40101,41.2254,-75.9214,0,0,0,0,0,0,4,11,2016,3,19.0,1.0,0,1.0,3,2,3,  ,3,3.0,0,0,1,0,0,0,0,0,0,0,0,0,0,0,0,0,0
21509,2016127437,711.0,700.0,1,1203,39.7699,-77.0226,0,0,0,0,0,0,5,12,2016,3,7.0,2.0,0,1.0,1,0,3,  ,0,0.0,0,0,0,0,0,0,0,0,0,0,0,0,0,0,0,0,0
21510,2016127697,2209.0,2206.0,11,11301,40.3046,-78.9114,0,1,0,0,1,0,4,12,2016,1,22.0,6.0,0,9.0,3,2,7,  ,0,0.0,0,0,1,0,0,0,0,0,0,0,0,0,0,0,0,0,0
21511,2016127767,1729.0,1722.0,11,11223,40.3125,-78.6879,0,1,0,0,0,0,4,11,2016,3,17.0,2.0,0,1.0,1,2,3,  ,0,0.0,0,0,1,0,0,0,0,0,0,0,0,0,0,0,0,0,1
21512,2016127788,628.0,624.0,67,67301,40.0202,-75.0739,0,0,0,0,0,0,4,11,2016,7,6.0,1.0,0,1.0,3,2,3,  ,3,3.0,0,0,1,0,0,0,0,0,0,0,0,0,0,0,0,0,0
21513,2016127790,1911.0,1910.0,67,67301,39.9724,-75.1344,0,0,0,0,0,0,4,11,2016,3,19.0,3.0,0,1.0,3,3,3,  ,0,0.0,1,0,1,0,0,0,0,0,0,0,0,0,0,0,0,0,0
21514,2016127816,1701.0,1648.0,67,67301,39.9778,-75.151,0,0,0,0,0,1,4,11,2016,6,16.0,1.0,0,1.0,3,1,3,  ,2,3.0,0,0,1,0,0,0,0,0,0,0,0,0,0,0,0,0,0
21515,2016127835,850.0,830.0,67,67301,39.9649,-75.2246,0,0,0,0,0,1,4,11,2016,2,99.0,1.0,0,1.0,3,1,3,  ,2,3.0,1,0,1,0,0,0,0,0,0,0,0,0,0,0,0,1,0
21516,2016127839,229.0,226.0,67,67301,39.9637,-75.161,0,0,0,0,0,0,4,11,2016,2,2.0,3.0,0,1.0,3,2,3,  ,2,3.0,1,0,1,0,0,0,0,0,0,0,0,0,0,0,0,0,0
21517,2016127889,2151.0,2145.0,9,9216,40.2308,-74.9383,0,0,0,0,0,0,7,11,2016,7,21.0,3.0,0,1.0,3,0,3,  ,0,0.0,0,1,0,0,0,0,1,1,0,1,0,0,0,0,0,0,0
21518,2016128044,1525.0,1519.0,66,66413,39.7987,-76.9861,0,0,0,0,1,0,4,10,2016,4,15.0,1.0,0,1.0,2,2,3,  ,0,0.0,0,0,1,0,0,0,0,0,0,0,0,0,0,0,0,0,0
21519,2016128249,1031.0,1029.0,26,26214,39.9265,-79.6721,1,0,0,0,1,0,1,11,2016,2,10.0,1.0,0,1.0,1,0,3,  ,0,0.0,1,0,0,0,0,0,0,1,0,1,0,0,0,1,0,0,0
21520,2016128484,1349.0,1346.0,21,21202,40.1164,-77.2386,0,0,0,1,0,0,0,9,2016,2,11.0,1.0,0,1.0,1,2,3,  ,0,0.0,0,0,0,0,1,0,0,0,0,0,0,0,0,0,0,0,0
21521,2016129220,1935.0,1924.0,67,67301,39.9896,-75.1074,0,0,0,0,1,0,4,11,2016,3,15.0,1.0,0,1.0,3,1,3,  ,2,9.0,1,0,1,0,0,0,0,0,0,0,0,0,0,0,0,0,0
21522,2016129234,440.0,432.0,67,67301,39.942,-75.1523,0,0,0,0,0,1,4,11,2016,7,4.0,3.0,0,1.0,3,1,3,  ,2,3.0,1,0,1,0,0,0,0,0,0,0,0,0,0,0,0,0,0
21523,2016129255,2215.0,9999.0,67,67301,39.9627,-75.2039,0,0,0,0,0,0,4,11,2016,5,18.0,3.0,0,1.0,3,1,3,  ,0,0.0,1,0,1,0,0,0,0,0,0,0,0,0,0,0,0,0,0
21524,2016129265,1940.0,1935.0,67,67301,39.9452,-75.1581,0,0,0,0,0,0,4,11,2016,6,19.0,3.0,0,1.0,3,1,3,  ,0,0.0,1,0,1,0,0,0,0,0,0,0,0,0,0,0,0,0,0
21525,2016129276,1635.0,1639.0,67,67301,39.9602,-75.1372,0,0,0,0,0,0,4,11,2016,2,16.0,1.0,0,1.0,3,2,3,  ,2,3.0,1,0,1,0,0,0,0,0,0,0,0,0,0,0,0,0,0