,CRN,ARRIVAL_TM,DISPATCH_TM,COUNTY,MUNICIPALITY,DEC_LAT,DEC_LONG,BICYCLE_DEATH_COUNT,BICYCLE_SUSP_SERIOUS_INJ_COUNT,BUS_COUNT,HEAVY_TRUCK_COUNT,SMALL_TRUCK_COUNT,SUV_COUNT,COLLISION_TYPE,CRASH_MONTH,CRASH_YEAR,DAY_OF_WEEK,HOUR_OF_DAY,ILLUMINATION,LOCATION_TYPE,ROAD_CONDITION,URBAN_RURAL,INTERSECT_TYPE,WEATHER1,WEATHER2,TCD_TYPE,TCD_FUNC_CD,AGGRESSIVE_DRIVING,ALCOHOL_RELATED,ANGLE_CRASH,CELL_PHONE,COMM_VEHICLE,DISTRACTED,DRINKING_DRIVER,DRUGGED_DRIVER,FATIGUE_ASLEEP,IMPAIRED_DRIVER,NHTSA_AGG_DRIVING,RUNNING_RED_LT,RUNNING_STOP_SIGN,SPEEDING_RELATED,TAILGATING,MATURE_DRIVER,YOUNG_DRIVER
21526,2016129278,1955.0,1945.0,67,67301,39.9342,-75.1675,0,0,0,0,0,0,4,11,2016,6,9.0,1.0,0,1.0,3,1,3,  ,2,3.0,0,0,1,0,0,0,0,0,0,0,0,0,0,0,0,0,0
21527,2016129281,912.0,912.0,67,67301,39.9393,-75.1682,0,0,0,0,0,1,4,11,2016,4,8.0,1.0,0,1.0,3,1,3,  ,3,3.0,0,0,1,0,0,0,0,0,0,0,0,0,0,0,0,0,0
21528,2016129337,1259.0,1257.0,67,67301,39.928,-75.1587,0,0,0,0,0,0,4,11,2016,7,12.0,1.0,0,1.0,3,1,3,  ,3,3.0,1,0,1,0,0,0,0,0,0,0,0,0,0,0,0,1,0
21529,2016129348,1015.0,1013.0,67,67301,39.9263,-75.1655,0,0,0,0,0,0,4,11,2016,7,10.0,1.0,0,1.0,3,1,3,  ,3,3.0,0,0,1,0,0,0,0,0,0,0,0,0,0,0,0,0,0
21530,2016129390,2237.0,2227.0,67,67301,39.9743,-75.2035,0,0,0,0,0,0,4,11,2016,6,22.0,3.0,0,1.0,3,0,3,  ,0,0.0,0,0,1,0,0,0,0,0,0,0,0,0,0,0,0,0,0
21531,2016129391,1532.0,1530.0,67,67301,39.9656,-75.2319,0,0,0,0,0,0,4,11,2016,2,13.0,1.0,0,1.0,3,1,3,  ,2,3.0,1,0,1,0,0,0,0,0,0,0,0,1,0,0,0,0,0
21532,2016129409,1700.0,1700.0,67,67301,40.0371,-75.1396,0,0,0,0,0,1,4,11,2016,4,15.0,1.0,0,1.0,3,1,3,  ,2,3.0,0,0,1,0,0,0,0,0,0,0,0,0,0,0,0,0,0
21533,2016129416,1430.0,1427.0,67,67301,39.9459,-75.2403,0,0,0,0,0,1,4,11,2016,4,14.0,1.0,0,1.0,3,5,3,  ,2,3.0,0,0,1,0,0,0,0,0,0,0,0,0,0,0,0,1,0
21534,2016129418,2025.0,2021.0,67,67301,39.9618,-75.2253,0,0,0,0,0,1,4,11,2016,6,20.0,3.0,0,1.0,3,0,3,  ,0,0.0,0,0,1,0,0,0,0,0,0,0,0,0,0,0,0,0,0
21535,2016129431,238.0,236.0,67,67301,39.9484,-75.2193,0,0,0,0,0,0,8,11,2016,6,23.0,3.0,0,1.0,3,5,3,  ,2,3.0,0,0,0,0,0,0,0,0,0,0,0,0,0,0,0,0,0
21536,2016129442,2131.0,2130.0,67,67301,39.9573,-75.1523,0,1,0,0,0,0,4,8,2016,5,14.0,1.0,2,1.0,3,5,3,  ,2,3.0,1,0,1,0,0,0,0,0,0,0,0,0,0,0,0,0,0
21537,2016129443,1350.0,1346.0,67,67301,39.9865,-75.1316,0,0,0,0,0,0,5,11,2016,2,13.0,1.0,0,1.0,3,0,3,  ,0,0.0,0,0,0,0,0,0,0,0,0,0,0,0,0,0,0,0,0
21538,2016129463,2139.0,2136.0,67,67301,39.9988,-75.1108,0,0,0,0,0,1,4,11,2016,6,19.0,3.0,0,1.0,3,0,3,  ,0,0.0,1,0,1,0,0,0,0,0,0,0,0,0,0,0,0,0,0
21539,2016129466,733.0,730.0,67,67301,40.0321,-75.2136,0,0,0,0,0,0,4,11,2016,6,7.0,1.0,0,1.0,3,2,3,  ,0,0.0,1,0,1,0,0,0,0,0,0,0,0,0,0,0,0,1,0
21540,2016129467,1304.0,1300.0,67,67301,40.0167,-75.2123,0,0,0,0,0,0,1,11,2016,6,12.0,1.0,0,1.0,3,0,3,  ,0,0.0,0,0,0,0,0,0,0,0,0,0,0,0,0,0,0,0,0
21541,2016129473,1554.0,1549.0,67,67301,39.9531,-75.1819,0,0,0,0,0,0,4,11,2016,3,15.0,1.0,2,1.0,3,5,3,  ,2,3.0,1,0,1,0,0,0,0,0,0,0,0,0,0,0,0,0,0
21542,2016129480,1525.0,1525.0,67,67301,39.9378,-75.1766,0,0,0,0,0,0,5,11,2016,5,14.0,1.0,0,1.0,3,2,3,  ,0,0.0,0,0,0,0,0,0,0,0,0,0,0,0,0,0,0,0,0
21543,2016129483,1108.0,1108.0,67,67301,39.9699,-75.2213,0,0,0,0,0,1,4,11,2016,5,11.0,1.0,0,1.0,3,2,3,  ,3,3.0,1,0,1,0,0,0,0,0,0,0,0,0,0,0,0,0,0
21544,2016129525,812.0,812.0,67,67301,40.039,-75.1508,0,0,0,0,0,0,4,11,2016,5,8.0,1.0,7,1.0,3,0,3,  ,0,0.0,1,0,1,0,0,0,0,0,0,0,0,0,0,0,0,1,0
21545,2016129934,1205.0,1205.0,36,36301,40.036,-76.3082,0,0,0,0,0,0,4,12,2016,6,12.0,1.0,0,1.0,3,1,3,  ,3,3.0,1,0,1,0,0,0,0,0,0,0,0,0,0,0,0,0,0
21546,2016129993,1739.0,1739.0,67,67301,39.946,-75.1844,0,0,0,0,0,0,5,11,2016,5,17.0,3.0,0,1.0,3,0,3,  ,0,0.0,1,0,0,0,0,0,0,0,0,0,0,0,0,0,0,1,0
21547,2016131054,2018.0,2015.0,67,67301,40.0373,-75.053,0,0,0,0,0,0,1,11,2016,6,20.0,3.0,0,1.0,3,0,3,  ,0,0.0,0,0,0,0,0,0,0,0,0,0,0,0,0,0,0,0,0
21548,2016131055,829.0,753.0,67,67301,40.0283,-75.1098,0,0,0,0,0,0,6,11,2016,3,7.0,1.0,0,1.0,3,1,3,  ,9,9.0,0,0,0,0,0,0,0,0,0,0,0,0,0,0,0,1,0
21549,2016131108,1825.0,1823.0,2,2109,40.3778,-80.0317,0,0,0,0,0,0,4,12,2016,4,18.0,3.0,0,1.0,3,1,3,  ,3,3.0,0,0,1,0,0,0,0,0,0,0,0,0,0,0,0,0,0
21550,2016131621,1503.0,1501.0,61,61301,41.8443,-79.1584,0,0,0,0,0,0,4,12,2016,5,14.0,1.0,0,1.0,2,2,3,  ,3,3.0,1,0,1,0,0,0,0,0,0,0,0,0,0,0,0,0,0
21551,2016132113,1710.0,1700.0,67,67301,40.0317,-75.0451,0,0,0,0,0,1,4,11,2016,3,17.0,2.0,0,1.0,3,2,3,  ,2,3.0,1,0,1,0,0,0,0,0,0,0,0,0,0,0,0,0,0
21552,2016132132,1610.0,1552.0,67,67301,39.9671,-75.1471,0,0,0,0,0,0,4,11,2016,3,9.0,1.0,0,9.0,3,1,7,  ,3,3.0,0,0,1,0,0,0,0,0,0,0,0,0,0,0,0,0,0
21553,2016132135,1744.0,1743.0,67,67301,39.9265,-75.1574,0,0,0,0,0,0,4,11,2016,3,17.0,3.0,0,9.0,3,1,7,  ,3,3.0,1,0,1,0,0,0,0,0,0,0,0,0,0,0,0,0,0
21554,2016132136,2219.0,2217.0,67,67301,39.9237,-75.1641,0,0,0,0,0,0,4,11,2016,5,22.0,3.0,7,1.0,3,0,3,  ,0,0.0,1,0,1,0,0,0,0,0,0,0,0,0,0,0,0,0,0
21555,2016132137,9999.0,2000.0,67,67301,39.9883,-75.2327,0,0,0,0,0,0,5,9,2016,7,20.0,3.0,0,1.0,3,0,99,  ,0,0.0,0,0,0,0,0,0,0,0,0,0,0,0,0,0,0,0,0
21556,2016132243,2051.0,2048.0,67,67301,39.9275,-75.2317,0,0,0,0,0,0,4,11,2016,3,20.0,3.0,0,9.0,3,1,7,  ,2,3.0,0,0,1,0,0,0,0,0,0,0,0,0,0,0,0,1,0
21557,2016132958,1830.0,1820.0,36,36101,40.0597,-76.306,0,0,0,0,0,0,1,12,2016,6,18.0,3.0,0,1.0,3,0,3,  ,0,0.0,1,0,0,0,0,1,0,0,0,0,0,0,0,0,0,0,0
21558,2016133073,804.0,757.0,36,36301,40.0376,-76.3085,0,0,0,0,0,0,5,12,2016,6,7.0,1.0,0,1.0,3,0,3,  ,2,3.0,0,0,0,0,0,0,0,0,0,0,0,0,0,0,0,0,0
21559,2016134045,1729.0,1708.0,37,37216,40.8831,-80.2932,0,1,0,0,0,1,2,10,2016,7,17.0,1.0,0,1.0,1,0,3,  ,0,0.0,0,0,0,0,0,0,0,0,0,0,0,0,0,0,0,0,1
21560,2016134182,2324.0,2320.0,25,25213,42.0901,-80.1322,0,0,0,0,1,0,5,12,2016,6,23.0,3.0,0,6.0,3,2,10,  ,2,3.0,0,0,0,0,0,0,0,0,0,0,0,0,0,0,0,0,0
21561,2016134447,1822.0,1820.0,66,66101,39.9407,-76.7005,0,0,0,0,0,1,4,12,2016,3,18.0,3.0,0,9.0,1,2,7,  ,0,0.0,1,0,1,0,0,0,0,0,0,0,0,0,0,0,0,0,0
21562,2016135662,2330.0,2313.0,67,67301,39.9283,-75.1806,0,0,0,0,1,0,4,11,2016,3,23.0,3.0,0,1.0,3,1,99,  ,3,3.0,0,0,1,0,0,0,0,0,0,0,0,0,0,0,0,0,0
21563,2016135688,901.0,859.0,67,67301,40.0367,-75.1738,0,0,0,0,0,1,4,12,2016,5,99.0,1.0,0,9.0,3,2,3,  ,2,3.0,0,0,1,0,0,0,0,0,0,0,0,0,0,0,0,0,1
21564,2016135727,1746.0,1742.0,67,67301,39.9757,-75.1204,0,0,0,0,0,1,4,12,2016,7,14.0,1.0,7,1.0,3,0,3,  ,0,0.0,1,0,1,0,0,0,0,0,0,0,0,0,0,0,0,0,0
21565,2016135808,1922.0,1919.0,67,67301,40.0179,-75.1493,0,0,0,0,0,1,4,12,2016,5,19.0,3.0,0,1.0,3,1,3,  ,2,3.0,0,0,1,0,0,0,0,0,0,0,0,0,0,0,0,1,0
21566,2016136637,1330.0,1330.0,23,23103,39.9999,-75.3102,0,0,0,0,0,0,4,12,2016,5,13.0,1.0,0,1.0,3,2,3,  ,3,3.0,0,0,1,0,0,0,0,0,0,0,0,0,0,0,0,1,0
21567,2016136674,1122.0,1120.0,9,9202,40.1269,-74.9187,0,0,0,0,0,0,5,12,2016,6,11.0,1.0,0,1.0,3,1,3,  ,0,0.0,0,0,0,0,0,0,0,0,0,0,0,0,0,0,0,0,0
21568,2016137012,1220.0,1214.0,15,15253,40.1387,-75.6633,0,1,0,0,0,1,4,12,2016,6,12.0,1.0,0,1.0,1,2,3,  ,0,0.0,1,0,1,0,0,0,0,0,0,0,0,0,0,0,0,0,1
21569,2016137150,1015.0,1014.0,9,9413,40.1504,-74.9121,0,0,0,0,0,1,8,12,2016,1,10.0,1.0,0,1.0,3,2,3,  ,3,3.0,0,0,0,0,0,0,0,0,0,0,0,0,0,0,0,0,0
21570,2016138052,937.0,933.0,6,6102,40.4087,-75.9214,0,0,0,0,0,0,5,12,2016,4,9.0,1.0,0,1.0,3,0,3,  ,0,0.0,0,0,0,0,0,0,0,0,0,0,0,0,0,0,0,0,0
21571,2016138073,1143.0,1141.0,9,9225,40.1647,-75.0579,0,0,0,0,0,0,4,12,2016,6,11.0,1.0,0,1.0,3,0,3,  ,0,0.0,0,0,1,0,0,0,0,0,0,0,0,0,0,0,0,0,0
21572,2016138152,52.0,49.0,67,67301,39.9482,-75.1644,0,0,0,0,0,0,4,12,2016,1,0.0,3.0,0,1.0,3,1,3,  ,2,3.0,0,0,1,0,0,0,0,0,0,0,0,0,0,0,0,0,0
21573,2016138210,1223.0,1214.0,67,67301,39.9526,-75.1781,0,0,0,0,0,0,4,12,2016,6,12.0,1.0,0,1.0,3,1,3,  ,2,3.0,1,0,1,0,0,0,0,0,0,0,0,0,0,0,0,0,0
21574,2016138214,127.0,125.0,67,67301,39.9478,-75.206,0,0,0,0,0,0,5,12,2016,2,1.0,3.0,0,9.0,3,0,7,  ,0,0.0,0,0,0,0,0,0,0,0,0,0,0,0,0,0,0,0,0
21575,2016138240,1230.0,1220.0,67,67301,39.9449,-75.1598,0,0,0,0,0,0,5,12,2016,6,8.0,1.0,0,1.0,3,1,3,  ,2,3.0,0,0,0,0,0,0,0,0,0,0,0,0,0,0,0,0,0
21576,2016138268,1755.0,1755.0,67,67301,39.9685,-75.18,0,0,0,0,0,0,4,12,2016,1,17.0,3.0,0,1.0,3,2,3,  ,0,0.0,1,0,1,0,0,0,0,0,0,0,0,0,0,0,0,0,0
21577,2016138287,2136.0,2136.0,67,67301,39.9637,-75.2196,0,0,0,0,0,0,4,12,2016,3,21.0,3.0,0,9.0,3,5,7,  ,2,3.0,0,0,1,0,0,0,0,0,0,0,0,0,0,0,0,0,0
21578,2016139273,745.0,732.0,2,2301,40.4407,-80.0188,0,0,1,0,0,0,2,12,2016,6,7.0,1.0,0,1.0,3,2,3,  ,2,3.0,0,0,0,0,1,0,0,0,0,0,0,0,0,0,0,0,0
21579,2016139277,2128.0,2125.0,46,46103,40.2847,-75.2621,0,0,0,0,1,0,4,12,2016,6,21.0,2.0,0,1.0,3,1,3,  ,2,3.0,0,0,1,0,0,0,0,0,0,0,0,0,0,0,0,0,1
21580,2016139316,710.0,708.0,21,21103,40.2388,-76.9802,0,0,0,1,0,0,5,12,2016,4,7.0,5.0,0,1.0,3,0,3,  ,0,0.0,1,0,0,0,1,0,0,0,0,0,0,0,0,0,0,0,0
21581,2016139380,1741.0,1739.0,9,9212,40.1485,-74.9985,0,0,0,0,0,0,4,11,2016,7,17.0,3.0,7,1.0,3,0,3,  ,2,3.0,1,0,1,0,0,0,0,0,0,0,0,0,0,0,0,0,0
21582,2017000077,1928.0,1920.0,36,36215,40.0378,-76.2707,0,0,0,0,0,0,4,12,2016,4,19.0,3.0,0,1.0,1,3,3,  ,2,3.0,0,0,1,0,0,0,0,0,0,0,0,0,0,0,0,0,0
21583,2017000553,1740.0,1736.0,46,46104,40.0306,-75.2966,0,0,0,0,0,0,4,12,2016,2,17.0,2.0,0,1.0,3,0,3,  ,0,0.0,0,0,1,0,0,0,0,0,0,0,0,0,0,0,0,0,0
21584,2017001173,2028.0,2006.0,6,6235,40.4263,-75.8047,0,0,0,0,0,0,1,12,2016,4,19.0,2.0,0,1.0,1,0,3,  ,0,0.0,0,0,0,0,0,0,0,0,0,0,0,0,0,0,0,0,0
21585,2017002072,2312.0,2311.0,67,67301,39.9285,-75.1822,0,0,0,0,0,0,4,12,2016,2,23.0,3.0,0,1.0,3,1,3,  ,2,3.0,0,0,1,0,0,0,0,0,0,0,0,0,0,0,0,0,1
21586,2017002076,852.0,850.0,67,67301,39.9331,-75.1591,0,0,0,0,0,1,4,12,2016,6,8.0,1.0,0,1.0,3,1,3,  ,3,3.0,0,0,1,0,0,0,0,0,0,0,0,0,0,0,0,0,0
21587,2017002077,1820.0,1817.0,67,67301,39.9521,-75.2056,0,0,0,0,0,1,4,12,2016,2,18.0,3.0,0,1.0,3,1,3,  ,2,3.0,0,0,1,0,0,0,0,0,0,0,0,0,0,0,0,0,0
21588,2017003581,750.0,742.0,67,67301,39.9442,-75.2374,0,0,0,0,0,1,1,12,2016,5,7.0,1.0,0,1.0,3,0,3,  ,0,0.0,0,0,0,0,0,0,0,0,0,0,0,0,0,0,0,0,0
21589,2017003621,1536.0,1535.0,67,67301,39.9481,-75.1542,0,0,0,0,0,0,4,12,2016,1,15.0,1.0,0,9.0,3,1,3,  ,2,3.0,0,0,1,0,0,0,0,0,0,0,0,0,0,0,0,1,0
21590,2017003672,2010.0,1953.0,67,67301,39.9665,-75.1583,0,0,0,0,0,1,4,12,2016,4,7.0,3.0,0,1.0,3,1,3,  ,3,3.0,0,0,1,0,0,0,0,0,0,0,0,0,0,0,0,0,0
21591,2017003702,1731.0,1728.0,67,67301,39.9489,-75.1897,0,0,0,0,0,0,4,12,2016,3,17.0,1.0,0,1.0,3,2,3,  ,2,3.0,1,0,1,0,0,0,0,0,0,0,0,0,0,0,0,0,0
21592,2017005231,1616.0,1614.0,67,67301,40.0471,-75.0706,0,0,0,0,0,1,5,12,2016,5,16.0,1.0,0,1.0,3,0,3,  ,0,0.0,0,0,0,0,0,0,0,0,0,0,0,0,0,0,0,1,0
21593,2017005360,2220.0,2217.0,10,10301,40.8548,-79.8917,0,0,0,0,1,0,2,12,2016,4,22.0,3.0,0,1.0,2,1,3,  ,3,3.0,0,0,0,0,0,0,0,0,0,0,0,0,0,0,0,0,0
21594,2017005591,2220.0,2217.0,10,10301,40.8548,-79.8917,0,0,0,0,1,0,2,12,2016,4,22.0,3.0,0,1.0,2,1,3,  ,3,3.0,0,0,0,0,0,0,0,0,0,0,0,0,0,0,0,0,0
21595,2017005750,930.0,921.0,67,67301,39.9363,-75.1582,0,0,1,0,0,0,5,12,2016,2,8.0,1.0,0,1.0,3,0,3,  ,0,0.0,0,0,0,0,1,0,0,0,0,0,0,0,0,0,0,0,0
21596,2017007913,1524.0,1523.0,67,67301,39.9363,-75.1583,0,0,0,0,1,0,5,12,2016,3,15.0,1.0,0,1.0,3,0,3,  ,0,0.0,0,0,0,0,0,0,0,0,0,0,0,0,0,0,0,0,0
21597,2017011576,2105.0,2100.0,22,22208,40.2817,-76.821,0,0,0,0,0,0,5,9,2016,7,21.0,3.0,0,1.0,3,1,3,  ,0,0.0,0,0,0,0,0,0,0,0,0,0,0,0,0,0,0,0,0
21598,2017012823,1753.0,1733.0,36,36221,40.0621,-76.1546,0,0,0,0,1,0,4,11,2016,4,17.0,1.0,0,1.0,1,2,3,  ,3,3.0,0,0,1,0,0,0,0,0,0,0,0,0,0,0,0,0,1
21599,2017014157,811.0,808.0,18,18301,41.1421,-77.4615,0,0,0,0,0,0,4,10,2016,4,8.0,1.0,0,1.0,2,1,3,  ,2,3.0,1,0,1,0,0,0,0,0,0,0,0,0,0,0,0,0,0
21600,2017029295,1025.0,1020.0,22,22208,40.3215,-76.7904,0,1,0,0,0,1,4,7,2016,6,10.0,1.0,7,1.0,3,0,3,  ,0,0.0,1,0,1,0,0,1,0,0,0,0,0,0,0,0,0,0,0
21601,2017029297,1930.0,1920.0,22,22208,40.3357,-76.8291,0,0,0,0,0,1,4,9,2016,3,19.0,4.0,7,1.0,3,0,3,  ,0,0.0,1,0,1,0,0,1,0,0,0,0,0,0,0,0,0,0,0
21602,2017052454,9999.0,9999.0,67,67301,39.9921,-75.0857,0,1,0,0,0,0,5,12,2016,3,12.0,1.0,1,1.0,3,0,3,  ,0,0.0,0,0,0,0,0,0,0,0,0,0,0,0,0,0,0,0,0
21603,2017000055,940.0,935.0,9,9202,40.0643,-74.9709,0,1,0,0,1,0,5,1,2017,1,9.0,1.0,0,1.0,3,0,3,  ,0,0.0,1,0,0,0,0,0,0,0,0,0,0,0,0,0,0,0,0
21604,2017002111,2155.0,2153.0,23,23401,39.921,-75.2986,0,0,0,0,0,0,4,1,2017,3,21.0,2.0,7,9.0,3,0,7,  ,3,2.0,1,0,1,0,0,0,0,0,0,0,0,0,0,0,0,0,0
21605,2017003332,2154.0,2151.0,9,9101,40.1474,-74.8653,0,0,0,0,1,0,5,1,2017,1,21.0,3.0,0,2.0,3,0,3,  ,0,0.0,0,0,0,0,0,0,0,0,0,0,0,0,0,0,0,0,0
21606,2017003529,1211.0,1208.0,17,17301,41.1283,-78.7591,0,0,0,0,0,1,4,1,2017,2,12.0,1.0,7,7.0,2,0,3,  ,0,0.0,1,0,1,0,0,0,0,0,0,0,0,0,0,0,0,0,0
21607,2017005296,1704.0,1702.0,23,23107,39.892,-75.322,0,0,0,0,0,1,4,1,2017,5,17.0,1.0,0,1.0,3,1,3,  ,0,0.0,0,0,1,0,0,0,0,0,0,0,0,0,0,0,0,1,0
21608,2017005708,1108.0,1108.0,25,25302,42.1343,-80.0885,0,0,0,0,1,0,4,1,2017,6,11.0,1.0,0,1.0,3,1,3,  ,2,3.0,1,0,1,0,0,0,0,0,0,0,0,0,0,0,0,0,0
21609,2017005864,1743.0,1742.0,39,39301,40.6105,-75.4647,0,0,0,0,0,1,4,1,2017,4,17.0,3.0,0,1.0,3,1,3,  ,0,0.0,1,0,1,0,0,0,0,0,0,0,0,0,0,0,0,0,0
21610,2017007731,1105.0,1059.0,9,9226,40.2277,-75.1195,0,0,0,0,0,1,4,1,2017,7,10.0,1.0,0,1.0,3,2,3,  ,0,0.0,0,0,1,0,0,0,0,0,0,0,0,0,0,0,0,0,1
21611,2017008953,2334.0,2331.0,14,14410,40.7847,-77.8414,1,0,0,0,0,0,4,1,2017,6,23.0,3.0,0,9.0,3,2,7,  ,0,0.0,0,1,1,0,0,0,0,0,0,0,0,0,0,0,0,0,1
21612,2017009035,1659.0,1657.0,14,14410,40.7901,-77.8541,0,0,0,0,0,1,4,1,2017,6,16.0,4.0,0,9.0,3,1,7,  ,3,3.0,1,0,1,0,0,0,0,0,0,0,0,0,0,0,0,0,0
21613,2017009090,1201.0,1157.0,2,2301,40.4381,-80.0493,0,0,0,0,0,0,4,1,2017,7,11.0,1.0,0,1.0,3,0,3,  ,0,0.0,0,0,1,0,0,0,0,0,0,0,0,0,0,0,0,0,0
21614,2017010605,1703.0,1652.0,67,67301,39.9546,-75.226,0,0,0,0,0,0,4,1,2017,5,16.0,4.0,0,1.0,3,1,3,  ,2,9.0,0,0,1,0,0,0,0,0,0,0,0,0,0,0,0,0,0
21615,2017011006,935.0,933.0,36,36301,40.0399,-76.2952,0,1,0,0,0,0,8,1,2017,5,9.0,1.0,0,1.0,3,1,3,  ,3,3.0,0,0,0,0,0,0,0,0,0,0,0,0,0,0,0,0,0
21616,2017011177,1810.0,1809.0,40,40304,41.2344,-75.9025,0,0,0,0,1,0,4,1,2017,5,18.0,3.0,0,1.0,3,0,3,  ,2,3.0,0,0,1,0,0,0,0,0,0,0,0,0,0,0,0,0,0
21617,2017011252,1322.0,1315.0,21,21215,40.0902,-77.4509,0,0,0,0,0,1,1,1,2017,4,13.0,1.0,0,1.0,1,0,3,  ,0,0.0,0,0,0,0,0,0,0,0,0,0,0,0,0,0,0,0,0
21618,2017011311,2023.0,2021.0,40,40101,41.2257,-75.9333,0,0,0,0,0,0,4,1,2017,5,20.0,2.0,7,1.0,3,0,3,  ,0,0.0,0,0,1,0,0,0,0,0,0,0,0,0,0,0,0,0,0
21619,2017011475,1633.0,1929.0,46,46101,40.123,-75.1172,0,0,0,0,0,0,4,1,2017,4,16.0,1.0,7,1.0,3,2,3,  ,2,3.0,0,0,1,0,0,0,0,0,0,0,0,0,0,0,0,0,0
21620,2017011577,1009.0,1003.0,22,22208,40.2994,-76.8147,0,0,0,0,0,0,1,1,2017,4,10.0,1.0,0,6.0,3,0,3,  ,0,0.0,0,0,0,0,0,0,0,0,0,0,0,0,0,0,0,0,0
21621,2017011578,1519.0,1519.0,22,22208,40.3093,-76.8033,1,0,0,0,1,0,4,1,2017,6,15.0,1.0,7,9.0,3,0,7,  ,0,0.0,1,1,1,0,0,0,0,0,0,0,0,0,0,0,0,0,0
21622,2017011708,947.0,945.0,67,67301,39.953,-75.2028,0,1,0,0,0,0,4,1,2017,7,9.0,1.0,0,1.0,3,1,3,  ,3,3.0,0,0,1,0,0,0,0,0,0,0,0,0,0,0,0,0,0
21623,2017011833,2019.0,2018.0,67,67301,39.9625,-75.1957,0,0,0,0,0,0,4,1,2017,7,20.0,3.0,0,1.0,3,1,3,  ,3,3.0,0,0,1,0,0,0,0,0,0,0,0,0,0,0,0,0,0
21624,2017012187,640.0,636.0,35,35302,41.4116,-75.691,0,0,0,0,0,0,4,1,2017,2,6.0,2.0,0,1.0,3,2,3,  ,3,3.0,0,0,1,0,0,0,0,0,0,0,0,0,0,0,0,0,0
21625,2017013169,1602.0,1600.0,67,67301,39.9634,-75.1875,0,0,0,0,0,1,4,2,2017,4,15.0,1.0,0,98.0,3,1,3,  ,2,3.0,0,0,1,0,0,0,0,0,0,0,0,0,0,0,0,0,0
21626,2017013857,1541.0,1539.0,28,28406,39.7578,-77.5856,0,0,0,0,0,1,8,1,2017,4,15.0,1.0,0,1.0,2,2,3,  ,0,0.0,0,0,0,0,0,0,0,0,0,0,0,0,0,0,0,0,0
21627,2017013906,1059.0,1058.0,67,67301,39.9516,-75.1575,0,0,0,0,0,0,4,1,2017,5,10.0,1.0,0,1.0,3,0,3,  ,0,0.0,1,0,1,0,0,0,0,0,0,0,0,0,0,0,0,0,0
21628,2017013948,1730.0,1721.0,67,67301,40.0466,-75.0318,0,0,0,0,0,0,5,1,2017,3,17.0,3.0,0,9.0,3,0,7,  ,0,0.0,0,0,0,0,0,0,0,0,0,0,0,0,0,0,0,1,0
21629,2017013969,556.0,556.0,67,67301,39.9286,-75.1537,0,0,0,0,0,1,4,1,2017,3,5.0,3.0,0,1.0,3,1,3,  ,3,3.0,0,0,1,0,0,0,0,0,0,0,0,0,0,0,0,0,0
21630,2017013991,1539.0,1527.0,67,67301,39.9397,-75.189,0,0,0,0,0,0,5,1,2017,5,15.0,1.0,0,1.0,3,0,3,  ,0,0.0,0,0,0,0,0,0,0,0,0,0,0,0,0,0,0,1,0
21631,2017014003,915.0,859.0,67,67301,39.9634,-75.1875,0,0,0,0,0,1,4,1,2017,5,8.0,1.0,0,9.0,3,1,3,  ,2,3.0,0,0,1,0,0,0,0,0,0,0,0,0,0,0,0,0,0
21632,2017014016,1735.0,1735.0,67,67301,39.9909,-75.1221,0,0,0,0,0,0,4,1,2017,2,17.0,3.0,0,9.0,3,1,7,  ,3,3.0,0,0,1,0,0,0,0,0,0,0,0,0,0,0,0,0,0
21633,2017014390,1631.0,1618.0,36,36415,40.0966,-76.1062,0,0,0,0,0,0,4,1,2017,4,16.0,1.0,0,1.0,1,1,3,  ,2,3.0,0,0,1,0,0,0,0,0,0,0,0,0,0,0,0,0,0
21634,2017014785,2150.0,2146.0,11,11301,40.2971,-78.9054,0,1,0,0,0,0,4,2,2017,1,21.0,2.0,0,1.0,3,0,3,  ,0,0.0,0,1,1,0,0,0,1,0,0,1,0,0,0,0,0,0,0
21635,2017015013,1941.0,1940.0,14,14410,40.7895,-77.8529,0,0,0,0,0,0,4,2,2017,2,19.0,3.0,0,1.0,3,1,3,  ,0,0.0,0,0,1,0,0,0,0,0,0,0,0,0,0,0,0,0,0
21636,2017015170,714.0,710.0,36,36301,40.0388,-76.3129,0,0,0,0,0,0,8,2,2017,3,7.0,1.0,0,1.0,3,1,3,  ,2,3.0,0,0,0,0,0,0,0,0,0,0,0,0,0,0,0,0,0
21637,2017015208,1216.0,1213.0,6,6301,40.3491,-75.9343,0,0,0,0,0,0,4,2,2017,3,12.0,1.0,0,9.0,3,1,7,  ,3,3.0,0,0,1,0,0,0,0,0,0,0,0,0,0,0,0,0,1
21638,2017016766,1958.0,1955.0,39,39103,40.6109,-75.539,0,0,0,0,0,0,4,2,2017,2,19.0,3.0,0,1.0,1,1,3,  ,3,3.0,1,0,1,0,0,0,0,0,0,0,0,0,0,0,0,0,0