,CRN,ARRIVAL_TM,DISPATCH_TM,COUNTY,MUNICIPALITY,DEC_LAT,DEC_LONG,BICYCLE_DEATH_COUNT,BICYCLE_SUSP_SERIOUS_INJ_COUNT,BUS_COUNT,HEAVY_TRUCK_COUNT,SMALL_TRUCK_COUNT,SUV_COUNT,COLLISION_TYPE,CRASH_MONTH,CRASH_YEAR,DAY_OF_WEEK,HOUR_OF_DAY,ILLUMINATION,LOCATION_TYPE,ROAD_CONDITION,URBAN_RURAL,INTERSECT_TYPE,WEATHER1,WEATHER2,TCD_TYPE,TCD_FUNC_CD,AGGRESSIVE_DRIVING,ALCOHOL_RELATED,ANGLE_CRASH,CELL_PHONE,COMM_VEHICLE,DISTRACTED,DRINKING_DRIVER,DRUGGED_DRIVER,FATIGUE_ASLEEP,IMPAIRED_DRIVER,NHTSA_AGG_DRIVING,RUNNING_RED_LT,RUNNING_STOP_SIGN,SPEEDING_RELATED,TAILGATING,MATURE_DRIVER,YOUNG_DRIVER
21639,2017016775,1621.0,1620.0,39,39302,40.6224,-75.3847,0,0,0,0,0,0,2,1,2017,5,16.0,1.0,0,1.0,3,2,3,  ,3,3.0,0,0,0,0,0,0,0,0,0,0,0,0,0,0,0,0,0
21640,2017016784,1518.0,1516.0,36,36413,,,0,0,0,0,0,0,8,2,2017,2,15.0,1.0,0,1.0,2,8,3,  ,0,0.0,0,0,0,0,0,1,0,0,0,0,0,0,0,0,0,0,0
21641,2017016812,1755.0,1752.0,23,23111,39.9289,-75.2729,0,0,0,0,0,0,4,2,2017,6,17.0,3.0,0,1.0,3,2,3,  ,3,3.0,0,0,1,0,0,0,0,0,0,0,0,0,0,0,0,0,0
21642,2017019039,855.0,850.0,67,67301,39.9542,-75.178,0,0,0,0,1,0,5,1,2017,3,8.0,1.0,0,1.0,3,0,3,  ,0,0.0,0,0,0,0,0,0,0,0,0,0,0,0,0,0,0,0,0
21643,2017019083,2030.0,2023.0,67,67301,39.9455,-75.1643,0,0,0,0,0,1,4,1,2017,3,20.0,3.0,0,1.0,3,1,3,  ,0,0.0,0,0,1,0,0,0,0,0,0,0,0,0,0,0,0,0,0
21644,2017019085,1820.0,1800.0,67,67301,39.9875,-75.1784,0,0,0,0,1,0,4,1,2017,6,18.0,3.0,0,1.0,3,5,3,  ,2,3.0,0,0,1,0,0,0,0,0,0,0,0,0,0,0,0,0,0
21645,2017019106,1254.0,1249.0,67,67301,39.9864,-75.1813,0,0,0,0,0,0,1,1,2017,4,20.0,3.0,0,1.0,3,0,3,  ,0,0.0,0,0,0,0,0,0,0,0,0,0,0,0,0,0,0,0,0
21646,2017019155,930.0,903.0,67,67301,39.9965,-75.1137,0,0,0,0,0,0,5,1,2017,2,8.0,1.0,0,1.0,3,0,3,  ,0,0.0,0,0,0,0,0,0,0,0,0,0,0,0,0,0,0,0,0
21647,2017019612,1828.0,1826.0,67,67301,39.9915,-75.1361,0,0,0,0,0,0,4,1,2017,1,18.0,3.0,0,9.0,3,1,7,  ,2,3.0,1,0,1,0,0,0,0,0,0,0,0,0,0,0,0,0,0
21648,2017020047,952.0,948.0,36,36214,40.0881,-76.3552,0,0,0,0,0,0,4,2,2017,7,9.0,1.0,0,1.0,3,1,3,  ,0,0.0,1,0,1,0,0,0,0,0,0,0,0,0,0,0,0,0,0
21649,2017020337,932.0,932.0,14,14204,,,0,0,0,0,0,0,4,2,2017,2,9.0,1.0,7,9.0,3,1,3,  ,3,3.0,1,0,1,0,0,0,0,0,0,0,0,0,0,0,0,1,0
21650,2017020555,1202.0,1159.0,6,6237,40.3232,-75.9936,0,0,0,0,0,0,4,2,2017,6,11.0,1.0,0,6.0,3,1,3,  ,2,3.0,0,0,1,0,0,0,0,0,0,0,0,0,0,0,0,0,0
21651,2017020679,709.0,703.0,6,6103,40.2957,-75.8972,0,1,0,0,0,0,4,2,2017,3,7.0,1.0,0,1.0,1,0,3,  ,0,0.0,1,0,1,0,0,0,0,0,0,0,0,0,0,1,0,0,0
21652,2017020901,1845.0,1843.0,23,23301,39.8675,-75.3632,0,0,0,0,0,0,4,2,2017,3,18.0,2.0,0,1.0,3,1,3,  ,0,0.0,0,0,1,0,0,0,0,0,0,0,0,0,0,0,0,0,0
21653,2017020939,1717.0,1717.0,23,23414,39.9208,-75.3829,0,0,0,0,0,1,4,2,2017,5,17.0,4.0,0,1.0,3,2,3,  ,0,0.0,1,0,1,0,0,0,0,0,0,0,0,0,0,0,0,0,0
21654,2017021087,1128.0,1127.0,15,15414,39.9588,-75.6035,0,0,0,0,0,0,4,2,2017,1,11.0,1.0,0,9.0,3,1,7,  ,2,3.0,0,0,1,0,0,0,0,0,0,0,0,0,0,0,0,0,0
21655,2017021122,1851.0,1824.0,6,6205,40.4609,-76.3376,0,0,0,0,0,0,1,2,2017,6,18.0,3.0,0,1.0,1,0,3,  ,0,0.0,0,0,0,0,0,0,0,0,0,0,0,0,0,0,0,1,0
21656,2017021397,1447.0,1445.0,9,9404,40.3764,-75.2107,0,0,0,0,0,0,4,2,2017,4,14.0,1.0,0,1.0,1,1,3,  ,2,3.0,0,0,1,0,0,0,0,0,0,0,0,0,0,0,0,0,1
21657,2017021491,9999.0,9999.0,67,67301,39.9603,-75.1969,0,0,0,0,0,0,4,2,2017,6,8.0,1.0,0,2.0,3,1,3,  ,2,3.0,1,0,1,0,0,0,0,0,0,0,0,0,0,0,0,0,0
21658,2017021504,9999.0,9999.0,67,67301,40.0992,-74.9782,0,0,0,0,0,1,4,2,2017,7,99.0,1.0,0,1.0,3,2,3,  ,2,3.0,1,0,1,0,0,0,0,0,0,0,0,0,0,0,0,0,0
21659,2017021514,2346.0,2345.0,67,67301,39.9357,-75.1672,0,0,0,0,0,0,8,2,2017,3,23.0,3.0,0,1.0,3,1,3,  ,2,3.0,1,0,0,0,0,0,0,0,0,0,0,0,0,0,0,0,0
21660,2017021533,1810.0,1809.0,67,67301,39.9474,-75.2204,0,0,0,0,0,0,4,2,2017,5,18.0,3.0,0,1.0,3,1,7,  ,3,3.0,0,0,1,0,0,0,0,0,0,0,0,0,0,0,0,1,0
21661,2017021541,1950.0,1946.0,67,67301,39.9688,-75.2367,0,0,0,0,0,1,4,2,2017,3,19.0,3.0,0,1.0,3,2,3,  ,0,0.0,1,0,1,0,0,0,0,0,0,0,0,0,0,0,0,1,0
21662,2017021597,1427.0,1424.0,67,67301,40.007,-75.1889,0,0,0,0,0,0,4,2,2017,7,14.0,1.0,7,1.0,3,0,3,  ,0,0.0,0,0,1,0,0,0,0,0,0,0,0,0,0,0,0,0,0
21663,2017021611,1630.0,1625.0,67,67301,39.9524,-75.1549,0,0,0,0,1,0,4,2,2017,4,16.0,1.0,0,1.0,3,1,3,  ,3,3.0,0,0,1,0,0,0,0,0,0,0,0,0,0,0,0,0,0
21664,2017021621,810.0,806.0,67,67301,39.9478,-75.1713,0,0,0,0,0,0,5,2,2017,4,7.0,1.0,0,9.0,3,0,3,  ,0,0.0,0,0,0,0,0,0,0,0,0,0,0,0,0,0,0,0,0
21665,2017021824,848.0,846.0,36,36301,40.0442,-76.3079,0,0,0,0,0,0,4,2,2017,3,8.0,1.0,0,1.0,3,1,3,  ,3,3.0,1,0,1,0,0,0,0,0,0,0,0,0,1,0,0,0,0
21666,2017022195,1036.0,1032.0,25,25213,42.0987,-80.0146,0,0,0,0,0,1,2,2,2017,6,10.0,1.0,0,1.0,3,0,3,  ,0,0.0,1,0,0,0,0,0,0,0,0,0,0,0,0,0,0,1,0
21667,2017022676,1705.0,1655.0,2,2303,40.3849,-79.8626,0,0,0,0,0,1,9,2,2017,6,16.0,1.0,3,1.0,3,0,3,  ,0,0.0,0,0,0,0,0,0,0,0,0,0,0,0,0,0,0,0,0
21668,2017022964,1524.0,1520.0,15,15411,40.1239,-75.5196,0,0,0,0,0,0,4,2,2017,4,15.0,1.0,0,1.0,3,1,3,  ,3,3.0,0,0,1,0,0,0,0,0,0,0,0,0,0,0,0,0,0
21669,2017023396,2222.0,2222.0,48,48301,40.6127,-75.3556,0,0,0,0,0,0,4,2,2017,1,22.0,3.0,7,1.0,3,0,3,  ,2,3.0,0,0,1,0,0,0,0,0,0,0,0,0,0,0,0,1,0
21670,2017025430,1635.0,1626.0,14,14221,40.9361,-77.7386,0,1,0,0,0,0,4,3,2017,1,16.0,1.0,0,1.0,1,0,3,  ,0,0.0,0,0,1,0,0,0,0,0,0,0,0,0,0,0,0,1,0
21671,2017025459,630.0,625.0,36,36218,40.1711,-76.1274,0,0,0,0,0,0,1,3,2017,3,6.0,1.0,0,9.0,1,0,7,  ,0,0.0,0,0,0,0,0,0,0,0,1,0,0,0,0,0,0,0,0
21672,2017025959,1234.0,1228.0,9,9213,40.2197,-74.91,0,1,0,0,0,1,4,2,2017,2,12.0,1.0,0,1.0,3,2,3,  ,3,3.0,1,0,1,0,0,0,0,0,0,0,0,0,0,0,0,1,0
21673,2017026287,1524.0,1521.0,9,9230,40.2807,-74.9937,0,0,0,0,0,1,4,3,2017,4,15.0,1.0,0,1.0,1,5,3,  ,2,3.0,0,0,1,0,0,0,0,0,0,0,0,0,0,0,0,1,0
21674,2017026805,1939.0,1937.0,48,48301,40.6088,-75.3492,0,0,0,0,0,1,4,3,2017,5,19.0,3.0,0,1.0,3,1,3,  ,3,3.0,0,0,1,0,0,0,0,0,0,0,0,0,0,0,0,0,0
21675,2017027955,1729.0,1722.0,15,15247,39.969,-75.5554,0,0,0,0,0,1,4,3,2017,4,17.0,1.0,0,1.0,3,0,3,  ,0,0.0,0,0,1,0,0,0,0,0,0,0,0,0,0,0,0,0,0
21676,2017028790,1300.0,1300.0,67,67301,39.967,-75.2301,0,0,0,0,0,0,5,2,2017,7,12.0,1.0,0,1.0,3,0,3,  ,0,0.0,0,0,0,0,0,0,0,0,0,0,0,0,0,0,0,1,0
21677,2017028802,2020.0,2015.0,67,67301,40.0072,-75.1274,0,0,0,0,0,0,4,2,2017,5,20.0,3.0,0,1.0,3,0,3,  ,0,0.0,0,0,1,0,0,0,0,0,0,0,0,0,0,0,0,1,0
21678,2017028839,1835.0,1830.0,67,67301,39.9379,-75.1667,0,0,0,0,0,1,4,2,2017,1,12.0,1.0,0,1.0,3,1,3,  ,2,3.0,0,0,1,0,0,0,0,0,0,0,0,0,0,0,0,0,0
21679,2017028849,1532.0,1531.0,67,67301,39.9736,-75.1871,0,0,0,0,0,0,4,2,2017,7,15.0,1.0,0,1.0,3,2,3,  ,0,0.0,0,0,1,0,0,0,0,0,0,0,0,0,0,0,0,0,1
21680,2017028850,1940.0,1940.0,67,67301,39.9542,-75.1781,0,0,0,0,0,0,5,2,2017,6,18.0,3.0,0,1.0,3,0,3,  ,0,0.0,0,0,0,0,0,1,0,0,0,0,0,0,0,0,0,0,0
21681,2017028898,1313.0,1308.0,67,67301,40.0309,-75.2286,0,0,0,0,0,0,4,2,2017,3,13.0,1.0,0,1.0,3,2,3,  ,3,3.0,0,0,1,0,0,0,0,0,0,0,0,0,0,0,0,0,0
21682,2017028906,1126.0,1123.0,67,67301,40.0355,-75.2355,0,0,0,0,0,0,4,2,2017,1,10.0,1.0,0,1.0,3,2,3,  ,0,0.0,0,0,1,0,0,0,0,0,0,0,0,0,0,0,0,0,0
21683,2017028994,1448.0,1447.0,67,67301,39.9627,-75.2467,0,0,0,0,0,0,4,2,2017,2,14.0,1.0,0,1.0,3,1,3,  ,2,3.0,1,0,1,0,0,0,0,0,0,0,0,0,0,0,0,0,1
21684,2017029416,2146.0,2142.0,31,31221,40.4801,-78.0159,0,0,0,0,0,1,4,2,2017,5,21.0,3.0,7,1.0,1,0,3,  ,3,3.0,1,0,1,0,0,0,0,0,0,0,0,0,0,0,0,0,0
21685,2017029539,1813.0,1810.0,39,39209,40.5535,-75.6119,0,0,0,0,1,0,2,3,2017,1,18.0,1.0,0,1.0,1,2,3,  ,0,0.0,0,1,0,0,0,0,1,0,0,1,0,0,0,0,0,0,0
21686,2017031049,1632.0,1631.0,11,11301,40.292,-78.9109,0,1,1,0,0,0,4,3,2017,4,16.0,1.0,0,1.0,3,1,3,  ,0,0.0,0,0,1,0,1,1,0,0,0,0,0,0,0,0,0,0,0
21687,2017031945,1937.0,1933.0,22,22301,40.2903,-76.8947,0,0,0,0,0,1,4,3,2017,6,19.0,3.0,0,1.0,3,1,3,  ,3,3.0,0,0,1,0,0,0,0,0,0,0,0,0,0,0,0,0,0
21688,2017032044,934.0,933.0,25,25302,42.1306,-80.0754,0,0,0,0,1,0,4,3,2017,6,9.0,1.0,0,1.0,3,1,3,  ,2,3.0,0,0,1,0,0,0,0,0,0,0,0,0,0,0,0,1,0
21689,2017032560,1444.0,1440.0,2,2301,40.4176,-79.9759,0,0,0,0,0,1,2,3,2017,1,14.0,1.0,0,1.0,3,2,3,  ,0,0.0,0,0,0,0,0,0,0,0,0,0,0,0,0,0,0,0,0
21690,2017032566,1941.0,1936.0,46,46204,40.1828,-75.1372,0,0,0,0,0,0,4,3,2017,5,19.0,4.0,0,1.0,3,2,3,  ,0,0.0,1,0,1,0,0,0,0,0,0,0,0,0,0,0,0,0,0
21691,2017033029,944.0,944.0,67,67301,39.9748,-75.2417,0,0,0,0,0,0,4,2,2017,3,9.0,1.0,0,1.0,3,0,3,  ,0,0.0,0,0,1,0,0,0,0,0,0,0,0,0,0,0,0,0,0
21692,2017033089,1126.0,1125.0,67,67301,39.9731,-75.1484,0,0,0,0,0,0,4,3,2017,4,11.0,1.0,0,1.0,3,1,3,  ,3,3.0,0,0,1,0,0,0,0,0,0,0,0,0,0,0,0,0,0
21693,2017033104,1709.0,1709.0,67,67301,39.9567,-75.1604,0,0,0,0,0,1,5,2,2017,2,17.0,1.0,0,1.0,3,0,3,  ,0,0.0,1,0,0,0,0,0,0,0,0,0,0,0,0,0,0,0,0
21694,2017033501,9999.0,9999.0,67,67301,39.93,-75.1647,0,0,0,0,0,0,4,2,2017,3,6.0,1.0,0,1.0,3,1,3,  ,3,3.0,0,0,1,0,0,1,0,0,0,0,0,0,0,0,0,0,0
21695,2017033521,1221.0,1218.0,6,6427,40.3347,-75.9412,0,0,0,0,0,1,5,3,2017,4,12.0,1.0,2,1.0,3,6,3,  ,0,0.0,0,0,0,0,0,0,0,0,0,0,0,0,0,0,0,1,0
21696,2017033593,1522.0,1517.0,36,36220,40.0421,-76.2835,0,0,0,0,0,0,4,3,2017,4,15.0,1.0,0,1.0,3,0,3,  ,0,0.0,0,0,1,0,0,0,0,0,0,0,0,0,0,0,0,0,0
21697,2017033671,854.0,854.0,23,23111,39.9624,-75.2788,0,0,0,0,0,0,4,3,2017,4,8.0,1.0,0,1.0,3,1,3,  ,3,3.0,0,0,1,0,0,1,0,0,0,0,0,0,0,0,0,0,0
21698,2017033849,1841.0,1839.0,46,46216,40.2361,-75.3255,0,0,0,0,0,0,2,3,2017,4,18.0,1.0,0,1.0,1,2,3,  ,3,3.0,1,0,0,0,0,0,0,0,0,0,0,0,0,0,0,0,0
21699,2017033867,754.0,749.0,6,6427,40.3352,-75.9437,0,0,0,0,0,1,4,3,2017,5,7.0,1.0,0,1.0,3,1,3,  ,3,3.0,1,0,1,0,0,0,0,0,0,0,1,0,0,0,0,0,0
21700,2017033882,1210.0,1210.0,46,46106,40.2441,-75.6075,0,0,0,0,0,1,4,3,2017,4,12.0,1.0,7,1.0,2,0,3,  ,0,0.0,1,0,1,0,0,0,0,0,0,0,0,0,0,0,0,0,0
21701,2017033944,842.0,840.0,48,48302,40.6906,-75.2225,0,0,0,0,0,0,4,3,2017,5,8.0,1.0,0,1.0,3,1,3,  ,2,3.0,1,0,1,0,0,0,0,0,0,0,0,0,0,0,0,0,0
21702,2017034510,1731.0,1729.0,46,46208,40.1663,-75.4203,0,0,0,0,0,0,4,3,2017,2,17.0,1.0,0,1.0,3,1,3,  ,3,3.0,1,0,1,0,0,0,0,0,0,0,0,0,0,0,0,0,0
21703,2017034791,1200.0,1142.0,6,6301,40.3322,-75.9279,0,0,0,0,0,0,1,4,2017,2,11.0,1.0,0,1.0,3,1,3,  ,2,3.0,0,0,0,0,0,0,0,0,0,0,0,0,0,0,0,0,0
21704,2017035099,2202.0,2158.0,25,25302,42.1123,-80.0784,0,0,0,0,0,0,4,4,2017,2,21.0,3.0,0,9.0,3,2,7,  ,3,3.0,0,1,1,0,0,0,0,0,0,0,0,0,0,0,0,0,0
21705,2017035248,1303.0,1301.0,46,46220,40.0882,-75.382,0,0,0,0,0,1,4,4,2017,4,13.0,1.0,0,1.0,3,1,3,  ,2,3.0,0,0,1,0,0,0,0,0,0,0,0,0,0,0,0,0,1
21706,2017035296,1221.0,1221.0,23,23103,39.9961,-75.3018,0,0,0,0,1,0,4,4,2017,2,12.0,1.0,0,1.0,3,2,3,  ,2,3.0,0,0,1,0,0,0,0,0,0,0,0,0,0,0,0,1,0
21707,2017035314,702.0,701.0,39,39301,40.6029,-75.4752,0,0,0,0,0,1,4,4,2017,3,6.0,1.0,0,9.0,3,1,3,  ,0,0.0,0,0,1,0,0,0,0,0,0,0,0,0,0,0,0,0,0
21708,2017035593,2130.0,2110.0,67,67301,40.0324,-75.2325,0,0,0,0,0,0,4,3,2017,5,21.0,3.0,0,1.0,3,2,3,  ,3,3.0,1,0,1,0,0,0,0,0,0,0,0,0,0,0,0,0,0
21709,2017035606,1243.0,1233.0,67,67301,40.0126,-75.1408,0,0,0,0,0,0,4,3,2017,5,22.0,3.0,0,1.0,3,1,99,  ,0,0.0,1,0,1,0,0,0,0,0,0,0,0,0,0,0,0,0,0
21710,2017035622,2019.0,2017.0,67,67301,39.9782,-75.1248,0,0,0,0,0,0,4,3,2017,5,99.0,3.0,0,1.0,3,1,3,  ,3,3.0,0,0,1,0,0,0,0,0,0,0,0,0,0,0,0,0,0
21711,2017035641,1225.0,1220.0,67,67301,39.9531,-75.1596,0,0,0,0,1,0,5,3,2017,4,12.0,1.0,0,1.0,3,0,3,  ,2,3.0,0,0,0,0,0,0,0,0,0,0,0,0,0,0,0,0,0
21712,2017035790,1130.0,1127.0,67,67301,39.9879,-75.1558,0,0,0,0,0,0,4,3,2017,2,11.0,1.0,0,1.0,3,1,3,  ,2,3.0,0,0,1,0,0,0,0,0,0,0,0,0,0,0,0,0,0
21713,2017035985,1517.0,1513.0,40,40304,41.2482,-75.884,1,0,0,0,0,1,4,4,2017,4,15.0,1.0,3,1.0,3,1,3,  ,2,3.0,0,0,1,0,0,0,0,0,0,0,0,0,0,0,0,0,0
21714,2017036015,1730.0,1730.0,2,2301,40.451,-80.0216,0,0,0,0,0,0,4,4,2017,4,17.0,1.0,0,1.0,3,2,3,  ,0,0.0,0,0,1,0,0,0,0,0,0,0,0,0,0,0,0,0,0
21715,2017036305,1654.0,1619.0,17,17208,40.8258,-78.7892,0,1,0,1,0,0,5,4,2017,3,16.0,1.0,0,1.0,1,0,3,  ,0,0.0,0,0,0,0,1,0,0,0,0,0,0,0,0,0,0,0,0
21716,2017036311,1900.0,1832.0,59,59206,40.8894,-77.1334,0,1,0,0,0,1,0,4,2017,4,18.0,1.0,0,1.0,1,0,3,  ,0,0.0,0,0,0,0,0,0,0,0,0,0,0,0,0,0,0,0,1
21717,2017036381,1543.0,1536.0,36,36220,40.0421,-76.2814,0,0,0,0,0,0,4,4,2017,2,15.0,1.0,0,1.0,3,2,3,  ,0,0.0,0,0,1,0,0,0,0,0,0,0,0,0,0,0,0,0,0
21718,2017036406,1542.0,1538.0,48,48302,40.7012,-75.2076,0,0,0,0,0,0,4,4,2017,5,15.0,1.0,0,9.0,3,1,7,  ,3,3.0,0,0,1,0,0,0,0,0,0,0,0,0,0,0,0,0,1
21719,2017036689,530.0,527.0,36,36301,40.0262,-76.3072,0,0,0,0,0,0,4,4,2017,3,5.0,3.0,0,9.0,3,0,7,  ,0,0.0,0,0,1,0,0,0,0,0,0,0,0,0,0,0,0,0,0
21720,2017036832,2013.0,2012.0,46,46416,40.247,-75.6528,0,0,0,0,0,0,4,4,2017,3,20.0,3.0,0,1.0,2,0,3,  ,0,0.0,1,0,1,0,0,0,0,0,0,0,1,0,0,0,1,0,0
21721,2017037041,1836.0,1820.0,66,66426,39.7557,-76.6758,0,0,0,0,0,0,5,3,2017,4,18.0,1.0,0,1.0,1,0,3,  ,0,0.0,1,0,0,0,0,1,0,0,0,0,0,0,0,0,0,1,0
21722,2017037353,1834.0,1831.0,67,67301,40.0795,-74.9918,0,0,0,0,0,0,4,3,2017,3,18.0,1.0,0,1.0,3,1,3,  ,3,3.0,0,0,1,0,0,0,0,0,0,0,0,0,0,0,0,1,0
21723,2017037424,1123.0,1120.0,67,67301,39.9306,-75.1646,0,0,0,0,0,0,5,3,2017,7,11.0,1.0,0,1.0,3,0,3,  ,0,0.0,0,0,0,0,0,0,0,0,0,0,0,0,0,0,0,1,0
21724,2017037491,2015.0,2008.0,67,67301,39.9616,-75.175,0,0,0,0,0,0,4,3,2017,6,20.0,3.0,0,1.0,3,1,3,  ,2,3.0,0,0,1,0,0,0,0,0,0,0,0,0,0,0,0,0,0
21725,2017037518,1255.0,1245.0,67,67301,39.9585,-75.1487,0,0,0,0,1,0,4,3,2017,2,12.0,1.0,0,1.0,3,1,3,  ,3,3.0,0,0,1,0,0,0,0,0,0,0,0,0,0,0,0,0,0
21726,2017037551,1624.0,1624.0,67,67301,40.0403,-75.0585,0,0,0,0,0,0,4,3,2017,7,16.0,1.0,0,9.0,3,1,7,  ,2,3.0,0,0,1,0,0,0,0,0,0,0,0,0,0,0,0,0,0
21727,2017037671,1615.0,1614.0,41,41219,41.2498,-76.9371,0,0,0,0,0,1,4,4,2017,1,16.0,1.0,0,1.0,1,1,3,  ,2,3.0,0,0,1,0,0,0,0,0,0,0,0,0,0,0,0,1,0
21728,2017037691,1600.0,1553.0,2,2301,40.4431,-80.0318,0,0,0,0,0,0,8,4,2017,2,15.0,1.0,0,1.0,3,0,3,  ,0,0.0,0,0,0,0,0,0,0,0,0,0,0,0,0,0,0,0,0
21729,2017037769,2102.0,2058.0,46,46101,40.1327,-75.1311,0,0,0,0,0,1,5,4,2017,4,20.0,3.0,0,1.0,3,0,3,  ,0,0.0,0,1,0,0,0,0,0,0,0,0,0,0,0,0,0,0,0
21730,2017037871,1101.0,1053.0,2,2301,40.4401,-79.9599,0,0,0,0,0,1,4,4,2017,3,10.0,1.0,0,1.0,3,1,3,  ,0,0.0,1,0,1,0,0,0,0,0,0,0,0,0,0,0,0,0,0
21731,2017037915,1535.0,1533.0,28,28402,39.7884,-77.7264,0,0,0,0,0,0,4,4,2017,3,15.0,1.0,0,1.0,1,1,3,  ,3,3.0,0,0,1,0,0,0,0,0,0,0,0,0,0,0,0,1,0
21732,2017038059,2005.0,2000.0,6,6301,40.3412,-75.9379,0,0,0,0,0,0,4,4,2017,3,20.0,3.0,0,1.0,3,1,3,  ,2,3.0,0,0,1,0,0,0,0,0,0,0,0,0,0,0,0,0,0
21733,2017038109,1421.0,1419.0,62,62413,40.1645,-79.8629,0,1,0,0,0,1,1,4,2017,1,14.0,1.0,3,1.0,3,0,3,  ,0,0.0,0,0,0,1,0,1,0,0,0,0,0,0,0,0,0,0,0
21734,2017038245,1100.0,1058.0,46,46220,40.0859,-75.3576,0,0,0,0,1,0,4,4,2017,4,10.0,1.0,0,1.0,3,1,3,  ,2,3.0,0,0,1,0,0,0,0,0,0,0,0,0,0,0,0,0,0
21735,2017038643,1358.0,1350.0,66,66301,,,0,0,0,0,0,0,8,4,2017,5,13.0,1.0,0,1.0,3,1,3,  ,3,3.0,1,0,0,0,0,0,0,0,0,0,0,0,1,0,0,0,0
21736,2017038709,1204.0,1150.0,36,36418,40.158,-76.0488,0,0,0,1,0,0,4,4,2017,5,11.0,1.0,0,1.0,1,2,3,  ,3,3.0,1,0,1,0,1,0,0,0,0,0,1,0,0,0,0,0,0
21737,2017039446,1851.0,1848.0,15,15254,40.0261,-75.6269,0,0,0,0,0,0,4,4,2017,1,18.0,1.0,0,1.0,3,1,3,  ,2,3.0,1,0,1,0,0,0,0,0,0,0,0,0,0,0,0,0,1
21738,2017039650,810.0,806.0,36,36301,40.025,-76.3053,0,0,0,0,0,0,4,4,2017,2,8.0,1.0,0,1.0,3,2,3,  ,2,3.0,0,0,1,0,0,0,0,0,0,0,0,0,0,0,0,0,0
21739,2017039717,1450.0,1449.0,39,39301,40.6061,-75.4664,0,0,0,0,0,0,8,4,2017,1,14.0,1.0,0,1.0,3,1,3,  ,0,0.0,0,0,0,0,0,0,0,0,0,0,0,0,0,0,0,0,0
21740,2017039728,1909.0,1905.0,66,66213,39.7746,-76.5916,0,1,0,0,1,0,1,3,2017,6,19.0,2.0,0,1.0,1,0,3,  ,0,0.0,0,1,0,0,0,0,1,0,0,1,0,0,0,0,0,0,0
21741,2017039929,658.0,655.0,9,9101,40.1174,-74.8496,0,0,0,0,0,0,6,4,2017,3,6.0,1.0,0,1.0,3,0,3,  ,0,0.0,0,0,0,0,0,0,0,0,0,0,0,0,0,0,0,0,0
21742,2017039956,1014.0,1006.0,2,2301,40.4321,-79.935,0,0,0,0,0,0,2,4,2017,3,10.0,1.0,0,1.0,3,2,3,  ,0,0.0,1,0,0,0,0,0,0,0,0,0,0,0,0,0,0,0,0
21743,2017040028,1655.0,1648.0,46,46103,40.2994,-75.3091,0,0,0,0,0,0,4,4,2017,3,16.0,1.0,0,1.0,3,2,3,  ,0,0.0,1,0,1,0,0,0,0,0,0,0,0,0,0,0,0,0,0
21744,2017040394,1720.0,1716.0,2,2207,40.5904,-79.9463,0,0,0,0,0,0,4,4,2017,3,17.0,1.0,0,1.0,3,0,3,  ,0,0.0,0,0,1,0,0,0,0,0,0,0,0,0,0,0,0,0,0
21745,2017040403,1540.0,1527.0,2,2301,40.4257,-79.9399,0,1,0,0,0,0,5,4,2017,4,15.0,1.0,0,1.0,3,0,3,  ,0,0.0,0,0,0,0,0,0,0,0,0,0,0,0,0,0,0,0,0
21746,2017040607,1802.0,1800.0,46,46401,40.1479,-75.2202,0,0,0,0,0,0,4,4,2017,4,17.0,1.0,0,1.0,3,0,3,  ,3,3.0,0,0,1,0,0,0,0,0,0,0,0,0,0,0,0,1,0
21747,2017040618,1816.0,1814.0,40,40301,40.9583,-75.9753,0,0,0,0,0,0,4,4,2017,2,18.0,1.0,0,1.0,2,1,3,  ,0,0.0,0,0,1,0,0,0,0,0,0,0,0,0,0,0,0,1,0
21748,2017040624,2259.0,2259.0,40,40304,41.2283,-75.8925,0,0,0,0,0,0,4,4,2017,3,22.0,3.0,0,1.0,3,1,3,  ,2,3.0,0,0,1,0,0,0,0,0,0,0,0,0,0,0,0,0,0
21749,2017040654,2154.0,2150.0,36,36301,40.0393,-76.3081,0,0,0,0,0,1,4,4,2017,4,21.0,3.0,0,1.0,3,1,3,  ,2,3.0,0,0,1,0,0,0,0,0,0,0,0,0,0,0,0,0,0
21750,2017040717,732.0,729.0,41,41301,41.2423,-77.0417,0,0,0,0,0,0,4,4,2017,3,7.0,1.0,0,1.0,3,1,3,  ,3,3.0,1,0,1,0,0,0,0,0,0,0,0,0,1,0,0,0,0
21751,2017041154,1940.0,1931.0,67,67301,39.9452,-75.1418,0,0,0,0,0,1,4,3,2017,5,19.0,3.0,7,1.0,3,2,3,  ,2,3.0,0,0,1,0,0,0,0,0,0,0,0,0,0,0,0,0,0
21752,2017041156,1659.0,1656.0,67,67301,39.9365,-75.1487,0,0,1,0,0,0,4,3,2017,4,16.0,1.0,0,1.0,3,1,3,  ,3,3.0,0,0,1,0,1,0,0,0,0,0,0,0,0,0,0,0,0
21753,2017041157,1700.0,1637.0,67,67301,39.9321,-75.161,0,0,0,0,1,0,4,3,2017,4,16.0,1.0,0,1.0,3,5,3,  ,2,3.0,0,0,1,0,0,0,0,0,0,0,0,0,0,0,0,1,0