,CRN,ARRIVAL_TM,DISPATCH_TM,COUNTY,MUNICIPALITY,DEC_LAT,DEC_LONG,BICYCLE_DEATH_COUNT,BICYCLE_SUSP_SERIOUS_INJ_COUNT,BUS_COUNT,HEAVY_TRUCK_COUNT,SMALL_TRUCK_COUNT,SUV_COUNT,COLLISION_TYPE,CRASH_MONTH,CRASH_YEAR,DAY_OF_WEEK,HOUR_OF_DAY,ILLUMINATION,LOCATION_TYPE,ROAD_CONDITION,URBAN_RURAL,INTERSECT_TYPE,WEATHER1,WEATHER2,TCD_TYPE,TCD_FUNC_CD,AGGRESSIVE_DRIVING,ALCOHOL_RELATED,ANGLE_CRASH,CELL_PHONE,COMM_VEHICLE,DISTRACTED,DRINKING_DRIVER,DRUGGED_DRIVER,FATIGUE_ASLEEP,IMPAIRED_DRIVER,NHTSA_AGG_DRIVING,RUNNING_RED_LT,RUNNING_STOP_SIGN,SPEEDING_RELATED,TAILGATING,MATURE_DRIVER,YOUNG_DRIVER
21754,2017041160,1850.0,1842.0,67,67301,40.0226,-75.1453,0,0,0,0,0,0,4,3,2017,2,18.0,1.0,0,1.0,3,1,3,  ,3,3.0,0,0,1,0,0,0,0,0,0,0,0,0,0,0,0,0,0
21755,2017041166,9999.0,1521.0,67,67301,39.998,-75.1254,0,0,0,0,1,0,4,3,2017,5,15.0,1.0,0,1.0,3,1,3,  ,2,3.0,0,0,1,0,0,0,0,0,0,0,0,0,0,0,0,1,0
21756,2017041173,1914.0,1900.0,67,67301,39.9585,-75.2252,0,0,0,0,0,1,4,3,2017,4,18.0,1.0,0,1.0,3,1,3,  ,2,3.0,0,0,1,0,0,0,0,0,0,0,0,0,0,0,0,0,0
21757,2017041175,1729.0,1721.0,67,67301,39.9575,-75.2049,0,0,0,0,0,0,4,3,2017,5,17.0,1.0,0,9.0,3,2,3,  ,2,3.0,1,0,1,0,0,0,0,0,0,0,0,0,0,1,0,0,0
21758,2017041207,35.0,33.0,67,67301,39.9491,-75.1556,0,0,0,0,0,1,4,3,2017,2,19.0,3.0,0,1.0,3,1,3,  ,3,3.0,1,0,1,0,0,0,0,0,0,0,0,0,1,0,0,0,0
21759,2017041211,1816.0,1813.0,67,67301,40.0404,-75.0655,0,0,0,0,0,0,4,3,2017,6,18.0,1.0,0,1.0,3,5,3,  ,2,3.0,0,0,1,0,0,0,0,0,0,0,0,0,0,0,0,0,0
21760,2017041230,1740.0,1733.0,67,67301,39.9614,-75.1498,0,0,0,0,0,0,4,4,2017,4,17.0,1.0,0,1.0,3,1,3,  ,2,3.0,0,0,1,0,0,0,0,0,0,0,0,0,0,0,0,0,0
21761,2017041292,1825.0,1815.0,67,67301,39.976,-75.2241,0,0,0,0,0,0,4,3,2017,5,18.0,1.0,0,1.0,3,0,3,  ,0,0.0,0,0,1,0,0,0,0,0,0,0,0,0,0,0,0,0,0
21762,2017041328,1833.0,1833.0,67,67301,40.083,-75.0379,0,0,0,0,0,0,4,4,2017,2,18.0,1.0,7,1.0,3,0,3,  ,0,0.0,0,0,1,0,0,0,0,0,0,0,0,0,0,0,0,0,0
21763,2017041342,2220.0,2214.0,67,67301,39.9975,-75.0891,1,0,0,0,0,1,4,4,2017,2,22.0,2.0,7,9.0,3,0,7,  ,0,0.0,0,0,1,0,0,0,0,0,0,0,0,0,0,0,0,0,0
21764,2017041347,2359.0,2358.0,67,67301,39.9911,-75.1329,0,0,0,0,0,0,4,3,2017,5,22.0,3.0,0,9.0,3,1,7,  ,2,3.0,0,0,1,0,0,0,0,0,0,0,0,0,0,0,0,0,0
21765,2017041356,1811.0,1759.0,67,67301,39.9612,-75.1749,0,0,0,0,0,0,4,4,2017,7,17.0,1.0,0,1.0,3,0,3,  ,0,0.0,0,0,1,0,0,0,0,0,0,0,0,0,0,0,0,0,0
21766,2017041377,2120.0,2120.0,67,67301,40.0218,-75.1484,0,0,0,0,0,1,4,4,2017,3,20.0,3.0,0,1.0,3,0,3,  ,0,0.0,0,0,1,0,0,0,0,0,0,0,0,0,0,0,0,1,0
21767,2017041395,2125.0,2125.0,67,67301,39.9374,-75.163,0,0,0,0,0,0,4,4,2017,2,19.0,4.0,0,1.0,3,1,3,  ,2,3.0,0,0,1,0,0,0,0,0,0,0,0,0,0,0,0,0,0
21768,2017041420,1243.0,1230.0,67,67301,39.9303,-75.1734,0,0,0,0,0,0,5,4,2017,1,12.0,1.0,0,1.0,3,0,3,  ,0,0.0,0,0,0,0,0,1,0,0,0,0,0,0,0,0,0,0,0
21769,2017041793,1558.0,1546.0,36,36301,40.0404,-76.2974,0,0,0,0,0,1,1,4,2017,7,15.0,1.0,0,1.0,3,1,3,  ,2,3.0,0,0,0,0,0,0,0,0,0,0,0,0,0,0,0,0,1
21770,2017042262,1516.0,1515.0,13,13410,40.9385,-75.8261,0,0,0,0,0,0,8,4,2017,2,15.0,1.0,0,1.0,1,2,3,  ,3,3.0,0,0,0,0,0,0,0,0,0,0,0,0,0,0,0,0,0
21771,2017042715,1638.0,1636.0,2,2301,40.4416,-80.0049,0,0,0,0,0,0,4,4,2017,3,16.0,1.0,0,9.0,3,0,7,  ,4,3.0,0,0,1,0,0,0,0,0,0,0,0,0,0,0,0,0,0
21772,2017042693,1224.0,1211.0,21,21404,40.2129,-77.0056,0,0,0,0,0,0,4,4,2017,1,12.0,1.0,0,1.0,3,1,3,  ,3,3.0,0,0,1,0,0,0,0,0,0,0,0,0,0,0,0,1,0
21773,2017042954,2207.0,2205.0,46,46416,40.2624,-75.6601,0,1,0,0,0,0,4,4,2017,3,22.0,3.0,0,9.0,2,2,3,  ,3,3.0,1,0,1,0,0,0,0,0,0,0,0,0,0,0,0,0,0
21774,2017043580,1914.0,1912.0,7,7301,40.5368,-78.384,0,0,0,0,0,0,4,4,2017,5,19.0,1.0,0,1.0,3,1,3,  ,3,3.0,0,0,1,0,0,0,0,0,0,0,0,0,0,0,0,0,0
21775,2017043797,1843.0,1839.0,67,67301,40.0038,-75.1242,0,0,0,0,0,0,4,4,2017,3,18.0,1.0,0,1.0,3,2,3,  ,3,3.0,0,0,1,0,0,0,0,0,0,0,0,0,0,0,0,0,0
21776,2017043806,1854.0,1850.0,67,67301,40.0642,-75.0469,0,0,0,0,0,0,4,4,2017,3,18.0,1.0,0,1.0,3,0,3,  ,0,0.0,0,0,1,0,0,0,0,0,0,0,0,0,0,0,0,0,0
21777,2017043808,1307.0,1304.0,67,67301,39.9443,-75.1551,0,0,0,0,0,0,4,4,2017,7,13.0,1.0,0,1.0,3,1,3,  ,2,3.0,0,0,1,0,0,0,0,0,0,0,0,0,0,0,0,0,0
21778,2017043828,1921.0,1919.0,67,67301,40.0446,-75.0522,0,0,0,0,0,0,4,4,2017,2,19.0,1.0,0,1.0,3,2,3,  ,0,0.0,0,0,1,0,0,0,0,0,0,0,0,0,0,0,0,0,0
21779,2017043848,1626.0,1622.0,67,67301,39.9224,-75.16,0,0,0,0,0,1,4,4,2017,2,16.0,1.0,0,1.0,3,0,3,  ,0,0.0,0,0,1,0,0,0,0,0,0,0,0,0,0,0,0,1,0
21780,2017043850,1320.0,1310.0,67,67301,39.9144,-75.1521,0,0,0,0,1,0,5,4,2017,4,13.0,1.0,0,1.0,3,0,3,  ,0,0.0,0,0,0,0,0,0,0,0,0,0,0,0,0,0,0,0,0
21781,2017043866,1755.0,1728.0,67,67301,39.9482,-75.1743,0,0,0,0,0,0,4,4,2017,3,16.0,1.0,0,1.0,3,1,3,  ,2,3.0,0,0,1,0,0,0,0,0,0,0,0,0,0,0,0,0,0
21782,2017043867,800.0,756.0,67,67301,39.9532,-75.1651,0,0,0,0,0,1,1,4,2017,2,7.0,1.0,0,1.0,3,3,3,  ,2,3.0,0,0,0,0,0,0,0,0,0,0,0,0,0,0,0,0,0
21783,2017043875,1856.0,1854.0,67,67301,39.9548,-75.1664,0,0,0,0,0,1,4,4,2017,1,18.0,1.0,0,1.0,3,5,3,  ,2,3.0,0,0,1,0,0,0,0,0,0,0,0,0,0,0,0,1,0
21784,2017043878,1002.0,1002.0,67,67301,39.9792,-75.1375,0,0,0,0,0,0,4,4,2017,2,10.0,1.0,0,9.0,3,1,7,  ,2,3.0,0,0,1,0,0,0,0,0,0,0,0,0,0,0,0,0,0
21785,2017043901,1310.0,1306.0,67,67301,39.9705,-75.1368,0,0,0,0,0,1,4,4,2017,2,12.0,1.0,0,1.0,3,1,3,  ,0,0.0,0,0,1,0,0,0,0,0,0,0,0,0,0,0,0,0,0
21786,2017043908,1612.0,1557.0,66,66410,39.793,-76.7308,0,0,0,0,1,0,5,4,2017,2,15.0,1.0,0,1.0,1,0,3,  ,0,0.0,1,0,0,0,0,0,0,0,0,0,0,0,0,0,0,0,0
21787,2017044195,1839.0,1837.0,64,64305,40.5699,-79.7638,0,0,0,0,0,0,5,4,2017,6,18.0,1.0,0,1.0,3,3,3,  ,3,3.0,1,0,0,0,0,0,0,0,0,0,0,0,0,0,0,0,0
21788,2017044436,1531.0,1526.0,38,38212,40.3266,-76.4108,0,0,0,0,0,0,4,4,2017,2,15.0,1.0,0,1.0,1,2,3,  ,3,3.0,1,0,1,0,0,0,0,0,0,0,0,0,0,0,0,0,1
21789,2017044574,657.0,651.0,2,2108,40.5816,-80.0543,0,0,0,0,0,1,0,4,2017,2,6.0,1.0,0,1.0,3,2,3,  ,0,0.0,1,0,0,0,0,0,0,0,0,0,0,0,0,0,0,0,1
21790,2017044754,1654.0,1650.0,22,22301,40.2777,-76.8927,0,0,0,0,0,0,4,5,2017,2,16.0,1.0,0,1.0,3,1,3,  ,3,3.0,0,0,1,0,0,0,0,0,0,0,0,0,0,0,0,0,0
21791,2017044776,2226.0,2224.0,40,40304,41.2482,-75.884,0,1,0,0,0,1,4,5,2017,2,22.0,3.0,0,1.0,3,1,3,  ,2,3.0,0,0,1,0,0,0,0,0,0,0,0,0,0,0,0,0,0
21792,2017044942,1812.0,1812.0,23,23103,39.9771,-75.3004,0,0,0,0,0,1,4,4,2017,5,18.0,1.0,0,1.0,3,2,3,  ,3,3.0,0,0,1,0,0,0,0,0,0,0,0,0,0,0,0,0,0
21793,2017044983,716.0,713.0,36,36408,40.1768,-76.1862,0,0,0,0,0,0,4,5,2017,3,7.0,1.0,0,1.0,2,2,3,  ,0,0.0,0,0,1,0,0,0,0,0,0,0,0,0,0,0,0,0,0
21794,2017045043,1722.0,1721.0,5,5401,40.019,-78.5038,0,0,0,0,1,0,4,4,2017,6,17.0,1.0,0,1.0,1,1,3,  ,2,3.0,1,0,1,0,0,0,0,0,0,0,0,0,0,0,0,0,1
21795,2017045222,1917.0,1908.0,54,54212,40.7135,-76.8613,0,0,0,0,0,0,4,4,2017,3,19.0,1.0,0,1.0,1,0,3,  ,0,0.0,0,0,1,0,0,1,0,0,0,0,0,0,0,0,0,0,1
21796,2017045673,951.0,947.0,9,9202,40.0907,-74.9471,0,0,0,0,0,0,4,5,2017,5,9.0,1.0,0,1.0,3,1,3,  ,3,3.0,0,0,1,0,0,0,0,0,0,0,0,0,0,0,0,0,0
21797,2017046164,2253.0,2250.0,9,9202,40.1318,-74.9758,0,0,0,0,0,0,5,5,2017,6,22.0,2.0,0,9.0,3,0,7,  ,0,0.0,0,1,0,0,0,0,1,0,0,1,0,0,0,0,0,0,1
21798,2017046304,933.0,926.0,15,15256,40.0152,-75.4924,0,0,0,0,0,1,2,5,2017,7,9.0,1.0,0,1.0,1,2,3,  ,0,0.0,0,0,0,0,0,0,0,0,0,0,0,0,0,0,0,0,0
21799,2017046455,2109.0,2107.0,48,48302,40.6912,-75.2088,0,0,0,0,0,0,2,5,2017,6,21.0,3.0,0,9.0,3,1,7,  ,1,3.0,1,1,0,0,0,0,1,0,0,1,0,1,0,0,0,0,0
21800,2017046585,1543.0,1539.0,14,14410,40.7915,-77.8646,0,0,0,0,0,0,4,5,2017,1,15.0,1.0,0,1.0,3,0,3,  ,0,0.0,0,0,1,0,0,0,0,0,0,0,0,0,0,0,0,0,0
21801,2017046591,1627.0,1625.0,7,7301,40.5182,-78.4054,0,1,0,0,0,1,4,5,2017,1,16.0,1.0,0,1.0,3,1,3,  ,3,3.0,0,0,1,0,0,0,0,0,0,0,0,0,0,0,0,0,1
21802,2017046650,1650.0,1647.0,67,67301,39.9504,-75.1926,0,0,0,0,0,0,2,5,2017,1,16.0,1.0,0,1.0,3,1,3,  ,2,3.0,1,0,0,0,0,0,0,0,0,0,0,0,0,0,0,0,0
21803,2017046678,248.0,248.0,21,21402,40.1975,-77.2234,0,0,0,0,0,0,5,5,2017,7,0.0,2.0,0,9.0,2,0,99,  ,0,0.0,0,0,0,0,0,0,0,0,0,0,0,0,0,0,0,0,0
21804,2017047054,1803.0,1800.0,4,4103,40.601,-80.2785,0,0,0,0,0,0,4,5,2017,2,17.0,1.0,0,1.0,3,1,3,  ,0,0.0,0,0,1,0,0,0,0,0,0,0,0,0,0,0,0,0,0
21805,2017047213,827.0,811.0,2,2301,40.4607,-79.9324,0,0,0,0,0,0,4,5,2017,3,8.0,1.0,0,1.0,3,1,3,  ,2,3.0,0,0,1,0,0,0,0,0,0,0,0,0,0,0,0,0,0
21806,2017047548,1645.0,1636.0,2,2301,40.441,-79.986,0,0,0,0,0,0,6,5,2017,3,16.0,1.0,0,1.0,3,1,3,  ,2,3.0,0,0,0,0,0,0,0,0,0,0,0,0,0,0,0,0,0
21807,2017047769,1807.0,1749.0,53,53429,40.5893,-76.548,0,0,0,0,1,0,8,4,2017,3,17.0,1.0,0,1.0,1,1,3,  ,3,3.0,0,0,0,0,0,0,0,0,0,0,0,0,0,0,0,0,0
21808,2017047890,1231.0,1229.0,67,67301,39.9522,-75.1923,0,1,0,0,0,1,2,5,2017,4,12.0,1.0,0,1.0,3,0,3,  ,0,0.0,0,0,0,0,0,0,0,0,0,0,0,0,0,0,0,0,0
21809,2017047964,1348.0,1338.0,6,6227,40.3566,-75.8157,0,0,0,0,0,0,8,4,2017,1,13.0,1.0,0,1.0,1,0,3,  ,3,3.0,1,0,0,0,0,0,0,0,0,0,0,0,0,0,0,0,1
21810,2017048230,834.0,832.0,32,32408,40.6229,-79.1508,0,0,0,0,0,0,4,5,2017,4,8.0,1.0,0,1.0,2,1,3,  ,2,3.0,0,0,1,0,0,0,0,0,0,0,0,0,0,0,0,0,0
21811,2017048329,1506.0,1506.0,15,15202,40.074,-75.5553,0,0,0,0,1,0,1,4,2017,1,15.0,1.0,0,1.0,1,0,3,  ,0,0.0,0,0,0,0,0,0,0,0,0,0,0,0,0,0,0,0,0
21812,2017048395,1840.0,1837.0,6,6227,40.3497,-75.7502,0,0,0,0,0,0,5,4,2017,4,18.0,1.0,0,1.0,1,2,3,  ,0,0.0,1,0,0,0,0,0,0,0,0,0,0,0,0,1,0,0,1
21813,2017048690,1832.0,1831.0,39,39301,40.6145,-75.4698,0,0,0,0,1,0,8,5,2017,3,18.0,2.0,0,1.0,3,1,3,  ,0,0.0,1,1,0,0,0,0,1,0,0,1,0,0,0,0,0,0,0
21814,2017048837,804.0,804.0,2,2109,40.3867,-80.0462,0,0,0,0,0,0,4,5,2017,5,8.0,1.0,0,9.0,3,2,7,  ,0,0.0,1,0,1,0,0,0,0,0,0,0,0,0,0,0,0,0,0
21815,2017049256,1812.0,1810.0,6,6301,40.3398,-75.9199,0,0,0,0,0,0,4,5,2017,5,18.0,1.0,0,1.0,3,1,3,  ,3,3.0,0,0,1,0,0,0,0,0,0,0,0,0,0,0,0,0,0
21816,2017049258,1601.0,1601.0,25,25302,42.1116,-80.0962,0,0,0,0,0,0,5,5,2017,1,16.0,1.0,0,1.0,3,0,3,  ,0,0.0,0,0,0,0,0,0,0,0,0,0,0,0,0,0,0,0,0
21817,2017049348,1605.0,1604.0,46,46211,40.226,-75.2421,0,0,0,0,0,0,4,4,2017,7,16.0,1.0,0,1.0,1,1,3,  ,2,3.0,1,0,1,0,0,0,0,0,0,0,1,0,0,0,0,0,0
21818,2017049469,718.0,710.0,25,25302,42.1017,-80.1012,0,0,0,0,0,0,8,5,2017,2,7.0,1.0,0,1.0,3,2,3,  ,2,3.0,1,0,0,0,0,0,0,0,0,0,1,1,0,0,0,0,1
21819,2017049575,1212.0,1210.0,46,46104,39.9965,-75.2629,0,0,0,0,0,1,4,4,2017,1,12.0,1.0,0,1.0,3,1,3,  ,3,3.0,0,0,1,0,0,0,0,0,0,0,0,0,0,0,0,0,0
21820,2017049636,959.0,951.0,15,15222,39.8397,-75.8022,0,0,0,0,0,1,4,4,2017,7,9.0,1.0,0,9.0,1,2,7,  ,8,3.0,0,0,1,0,0,0,0,0,0,0,0,0,0,0,0,1,0
21821,2017049967,1759.0,1757.0,46,46224,40.1145,-75.2117,0,0,0,0,0,0,8,5,2017,2,17.0,1.0,0,1.0,3,0,3,  ,0,0.0,0,0,0,0,0,0,0,0,0,0,0,0,0,0,0,0,0
21822,2017050092,1822.0,1820.0,46,46411,40.2422,-75.2848,0,0,0,0,0,0,8,5,2017,3,18.0,1.0,0,1.0,3,2,3,  ,0,0.0,0,0,0,0,0,0,0,0,0,0,0,0,0,0,0,1,0
21823,2017050247,1410.0,1405.0,9,9421,40.1426,-74.8257,0,0,0,0,0,0,4,5,2017,4,13.0,1.0,0,1.0,3,0,3,  ,0,0.0,0,0,1,0,0,0,0,0,0,0,0,0,0,0,0,0,0
21824,2017050666,319.0,319.0,53,53301,40.6859,-76.1935,0,1,0,0,0,0,4,5,2017,4,3.0,3.0,0,1.0,2,1,3,  ,2,3.0,0,1,1,0,0,0,0,0,0,0,0,0,0,0,0,0,0
21825,2017050811,1519.0,1518.0,23,23112,39.9643,-75.3541,0,0,0,0,0,0,2,5,2017,2,15.0,1.0,0,1.0,3,1,3,  ,2,3.0,0,0,0,0,0,0,0,0,0,0,0,0,0,0,0,1,0
21826,2017050816,1745.0,1741.0,9,9226,40.2275,-75.0935,0,0,0,0,0,1,4,5,2017,4,17.0,1.0,0,1.0,3,1,3,  ,2,3.0,0,0,1,0,0,0,0,0,0,0,0,0,0,0,0,0,0
21827,2017050825,1741.0,1736.0,25,25302,42.1418,-80.0358,0,0,0,0,0,1,4,5,2017,4,17.0,1.0,0,1.0,3,0,3,  ,0,0.0,0,0,1,0,0,0,0,0,0,0,0,0,0,1,0,0,1
21828,2017050862,2041.0,2041.0,9,9213,40.1759,-74.8846,0,0,0,0,0,0,4,5,2017,2,20.0,2.0,7,1.0,3,0,3,  ,0,0.0,1,0,1,0,0,0,0,0,0,0,0,0,0,0,0,0,0
21829,2017050986,2322.0,2320.0,23,23107,39.8863,-75.3311,0,0,0,0,0,0,4,5,2017,5,23.0,2.0,0,1.0,3,1,3,  ,2,3.0,0,0,1,0,0,1,0,0,0,0,0,0,0,0,0,0,1
21830,2017051090,1840.0,1837.0,46,46114,40.2956,-75.637,0,0,0,0,0,0,4,5,2017,3,18.0,1.0,0,1.0,2,1,3,  ,2,3.0,0,0,1,0,0,0,0,0,0,0,0,0,0,0,0,1,0
21831,2017051097,1400.0,1400.0,2,2216,40.6159,-80.0225,0,0,0,0,0,0,0,5,2017,5,10.0,1.0,0,1.0,3,10,3,  ,0,0.0,0,0,0,0,0,0,0,0,0,0,0,0,0,0,0,0,0
21832,2017051251,1600.0,1555.0,2,2301,40.4382,-79.9865,0,0,0,0,0,0,6,5,2017,6,15.0,1.0,0,1.0,3,1,3,  ,0,0.0,0,1,0,0,0,0,0,0,0,0,0,0,0,0,0,0,0
21833,2017051397,1724.0,1721.0,46,46111,40.1211,-75.385,0,0,0,0,1,0,4,5,2017,6,17.0,1.0,0,1.0,3,1,3,  ,3,3.0,1,0,1,0,0,0,0,0,0,0,1,0,0,0,0,1,0
21834,2017051467,1508.0,1506.0,40,40301,40.9712,-75.9783,0,0,0,0,0,0,4,5,2017,6,15.0,1.0,0,1.0,2,1,3,  ,0,0.0,0,0,1,0,0,0,0,0,0,0,0,0,0,0,0,0,0
21835,2017051475,1527.0,1524.0,41,41301,41.2524,-77.0044,0,0,0,0,0,0,4,5,2017,4,15.0,1.0,0,1.0,3,0,3,  ,0,0.0,0,0,1,0,0,0,0,0,0,0,0,0,0,0,0,0,0
21836,2017051644,841.0,840.0,46,46207,40.1856,-75.2278,0,0,0,0,0,0,4,5,2017,1,8.0,1.0,0,1.0,3,1,3,  ,8,3.0,0,0,1,0,0,0,0,0,0,0,0,0,0,0,0,1,0
21837,2017051645,1301.0,1257.0,36,36301,40.0386,-76.3149,0,0,0,0,0,0,4,5,2017,7,12.0,1.0,0,1.0,3,1,3,  ,3,3.0,0,0,1,0,0,0,0,0,0,0,0,0,0,0,0,0,0
21838,2017051660,1003.0,1002.0,2,2301,40.4567,-80.007,0,0,0,0,1,0,4,5,2017,1,10.0,1.0,0,1.0,3,0,3,  ,0,0.0,1,0,1,0,0,0,0,0,0,0,0,0,0,0,0,0,0
21839,2017051708,1451.0,1450.0,36,36408,40.1799,-76.1829,0,0,0,0,0,0,8,5,2017,2,14.0,1.0,0,1.0,2,1,3,  ,3,3.0,0,0,0,0,0,0,0,0,0,0,0,0,0,0,0,0,0
21840,2017051958,1600.0,1558.0,35,35412,41.3681,-75.7351,0,0,0,0,0,1,4,5,2017,6,15.0,1.0,0,1.0,3,2,3,  ,3,3.0,0,0,1,0,0,0,0,0,0,0,0,0,0,0,0,1,0
21841,2017052028,840.0,837.0,36,36230,40.1308,-76.4749,0,1,0,0,0,0,4,5,2017,2,8.0,1.0,0,9.0,1,0,7,  ,0,0.0,1,1,1,0,0,0,0,0,0,0,0,0,0,0,0,1,0
21842,2017052096,1100.0,1045.0,67,67301,39.9503,-75.164,0,0,0,0,0,1,5,4,2017,4,10.0,1.0,0,1.0,3,0,3,  ,0,0.0,0,0,0,0,0,0,0,0,0,0,0,0,0,0,0,0,0
21843,2017052097,1905.0,1905.0,67,67301,39.9195,-75.2402,0,0,0,0,0,1,4,4,2017,3,19.0,4.0,0,1.0,3,0,3,  ,0,0.0,0,0,1,0,0,0,0,0,0,0,0,0,0,0,0,0,0
21844,2017052140,2117.0,2111.0,67,67301,39.9933,-75.1003,0,0,0,0,0,1,4,4,2017,7,20.0,3.0,0,1.0,3,1,3,  ,3,3.0,0,0,1,0,0,0,0,0,0,0,0,0,0,0,0,0,0
21845,2017052168,1029.0,1021.0,67,67301,39.9946,-75.1475,0,0,0,0,0,0,4,4,2017,6,10.0,1.0,0,1.0,3,1,3,  ,2,3.0,0,0,1,0,0,0,0,0,0,0,0,0,0,0,0,0,1
21846,2017052228,1713.0,1710.0,67,67301,40.1033,-74.9999,0,0,0,0,1,0,4,4,2017,2,17.0,1.0,0,1.0,3,2,3,  ,3,3.0,1,0,1,0,0,0,0,0,0,0,0,0,0,0,0,0,0
21847,2017052241,1950.0,1940.0,67,67301,39.9972,-75.1194,0,0,0,0,0,0,4,4,2017,2,19.0,3.0,0,1.0,3,1,3,  ,2,3.0,1,0,1,0,0,0,0,0,0,0,0,0,0,0,0,0,0
21848,2017052270,1215.0,1212.0,67,67301,39.9885,-75.1607,0,0,0,0,0,1,4,4,2017,7,12.0,1.0,0,9.0,3,1,7,  ,0,0.0,0,0,1,0,0,0,0,0,0,0,0,0,0,0,0,0,0
21849,2017052274,1250.0,1248.0,67,67301,39.9397,-75.1988,0,0,0,0,1,0,4,4,2017,7,12.0,1.0,7,9.0,3,0,7,  ,0,0.0,1,0,1,0,0,0,0,0,0,0,0,0,0,0,0,0,0
21850,2017052275,2215.0,2210.0,67,67301,39.9334,-75.1811,0,0,0,0,0,0,4,4,2017,7,22.0,3.0,0,1.0,3,1,3,  ,2,3.0,0,0,1,0,0,0,0,0,0,0,0,0,0,0,0,1,0
21851,2017052283,2243.0,2237.0,67,67301,40.0414,-75.0283,0,0,0,0,0,1,4,4,2017,6,22.0,3.0,0,9.0,3,1,7,  ,2,3.0,0,0,1,0,0,0,0,0,0,0,0,0,0,0,0,0,0
21852,2017052297,2132.0,2130.0,67,67301,39.9664,-75.2155,0,0,0,0,0,0,4,4,2017,1,21.0,3.0,0,1.0,3,0,3,  ,0,0.0,0,0,1,0,0,0,0,0,0,0,0,0,0,0,0,0,0
21853,2017052301,1943.0,1940.0,67,67301,39.9713,-75.2308,0,0,0,0,1,0,5,4,2017,5,19.0,1.0,0,1.0,3,0,3,  ,0,0.0,0,0,0,0,0,0,0,0,0,0,0,0,0,0,0,0,0
21854,2017052330,959.0,958.0,67,67301,39.995,-75.1157,0,0,0,0,0,1,4,4,2017,5,8.0,1.0,0,1.0,3,0,3,  ,0,0.0,0,0,1,0,0,0,0,0,0,0,0,0,0,0,0,0,0
21855,2017052339,1815.0,1810.0,67,67301,39.9119,-75.1728,0,0,0,0,0,0,4,5,2017,4,99.0,1.0,0,1.0,3,1,3,  ,2,3.0,0,0,1,0,0,0,0,0,0,0,0,0,0,0,0,0,0
21856,2017052368,1118.0,1115.0,67,67301,39.955,-75.1527,0,0,0,0,1,0,4,5,2017,2,11.0,1.0,0,1.0,3,1,3,  ,2,3.0,0,0,1,0,0,0,0,0,0,0,0,0,0,0,0,0,0
21857,2017052373,1020.0,1016.0,67,67301,39.9399,-75.1696,0,0,0,0,0,0,4,4,2017,2,9.0,1.0,0,9.0,3,1,7,  ,3,3.0,0,0,1,0,0,0,0,0,0,0,0,0,0,0,0,0,0
21858,2017052383,1620.0,1619.0,67,67301,39.9395,-75.1798,0,0,0,0,0,0,4,4,2017,7,16.0,1.0,0,1.0,3,1,3,  ,2,3.0,0,0,1,0,0,0,0,0,0,0,0,0,0,0,0,0,0
21859,2017052407,918.0,834.0,67,67301,39.9307,-75.1701,0,0,0,0,0,0,4,4,2017,3,7.0,1.0,0,9.0,3,1,7,  ,3,3.0,0,0,1,0,0,0,0,0,0,0,0,0,0,0,0,0,0
21860,2017052408,2220.0,2220.0,67,67301,39.9398,-75.1798,0,0,0,0,0,0,5,4,2017,6,22.0,3.0,0,1.0,3,0,3,  ,0,0.0,0,1,0,0,0,0,1,0,0,1,0,0,0,0,0,0,0
21861,2017052414,2107.0,2105.0,67,67301,39.9298,-75.1635,0,0,0,0,0,1,4,5,2017,5,21.0,3.0,0,1.0,3,1,3,  ,2,3.0,0,0,1,0,0,0,0,0,0,0,0,0,0,0,0,0,0
21862,2017052422,2015.0,2000.0,67,67301,39.9972,-75.1194,0,0,0,0,0,0,4,4,2017,2,19.0,4.0,0,1.0,3,1,3,  ,2,3.0,0,0,1,0,0,0,0,0,0,0,0,0,0,0,0,0,0
21863,2017052460,1704.0,1704.0,67,67301,39.9658,-75.2075,0,0,0,0,0,0,4,4,2017,5,99.0,1.0,0,1.0,3,0,3,  ,0,0.0,0,0,1,0,0,0,0,0,0,0,0,0,0,0,0,0,0
21864,2017052467,1735.0,1732.0,67,67301,40.0291,-75.0622,0,0,0,0,0,1,4,4,2017,5,17.0,1.0,0,1.0,3,0,3,  ,0,0.0,0,0,1,0,0,0,0,0,0,0,0,0,0,0,0,0,0
21865,2017052470,2320.0,2319.0,67,67301,39.9913,-75.1767,0,0,0,0,0,1,4,4,2017,6,23.0,3.0,0,1.0,3,1,3,  ,3,3.0,0,1,1,0,0,0,0,0,0,0,0,0,0,0,0,0,0
21866,2017052974,1523.0,1523.0,39,39301,40.5998,-75.4805,0,0,0,0,1,0,5,5,2017,1,15.0,1.0,0,1.0,3,0,3,  ,0,0.0,0,0,0,0,0,0,0,0,0,0,0,0,0,0,0,0,0
21867,2017053059,2213.0,2210.0,35,35302,41.414,-75.671,0,0,0,0,0,0,4,5,2017,3,22.0,3.0,0,1.0,3,1,3,  ,2,3.0,0,0,1,0,0,0,0,0,0,0,0,0,0,0,0,0,0