,CRN,ARRIVAL_TM,DISPATCH_TM,COUNTY,MUNICIPALITY,DEC_LAT,DEC_LONG,BICYCLE_DEATH_COUNT,BICYCLE_SUSP_SERIOUS_INJ_COUNT,BUS_COUNT,HEAVY_TRUCK_COUNT,SMALL_TRUCK_COUNT,SUV_COUNT,COLLISION_TYPE,CRASH_MONTH,CRASH_YEAR,DAY_OF_WEEK,HOUR_OF_DAY,ILLUMINATION,LOCATION_TYPE,ROAD_CONDITION,URBAN_RURAL,INTERSECT_TYPE,WEATHER1,WEATHER2,TCD_TYPE,TCD_FUNC_CD,AGGRESSIVE_DRIVING,ALCOHOL_RELATED,ANGLE_CRASH,CELL_PHONE,COMM_VEHICLE,DISTRACTED,DRINKING_DRIVER,DRUGGED_DRIVER,FATIGUE_ASLEEP,IMPAIRED_DRIVER,NHTSA_AGG_DRIVING,RUNNING_RED_LT,RUNNING_STOP_SIGN,SPEEDING_RELATED,TAILGATING,MATURE_DRIVER,YOUNG_DRIVER
21868,2017053212,1049.0,1049.0,26,26302,39.9023,-79.7242,0,0,0,0,0,0,4,5,2017,5,10.0,1.0,0,2.0,2,1,7,  ,2,3.0,0,0,1,0,0,0,0,0,0,0,0,0,0,0,0,1,0
21869,2017053236,1318.0,1310.0,67,67301,39.9558,-75.1915,0,0,0,0,0,0,5,5,2017,4,13.0,1.0,0,1.0,3,1,3,  ,2,3.0,1,0,0,0,0,0,0,0,0,0,0,0,0,0,0,0,0
21870,2017053341,2050.0,2046.0,31,31209,40.4739,-77.9928,1,0,0,0,0,0,1,5,2017,4,20.0,2.0,0,1.0,1,0,3,  ,0,0.0,0,0,0,0,0,0,0,0,0,0,0,0,0,0,0,0,0
21871,2017053535,2056.0,2046.0,48,48301,40.6099,-75.3758,0,0,0,0,0,0,2,5,2017,1,7.0,1.0,0,1.0,3,1,3,  ,0,0.0,0,0,0,0,0,1,0,0,0,0,0,0,0,0,0,0,0
21872,2017053866,2130.0,2129.0,22,22301,40.267,-76.8772,1,0,0,0,0,0,1,5,2017,5,21.0,3.0,3,1.0,3,0,3,  ,0,0.0,0,1,0,0,0,0,0,0,0,0,0,0,0,0,0,0,0
21873,2017053929,1704.0,1702.0,23,23410,39.8878,-75.2819,0,0,0,0,0,0,4,5,2017,5,17.0,1.0,0,9.0,3,0,3,  ,0,0.0,0,0,1,0,0,0,0,0,0,0,0,0,0,0,0,0,0
21874,2017053994,1405.0,1405.0,26,26301,40.0158,-79.5889,0,0,0,0,0,0,4,5,2017,2,14.0,1.0,0,1.0,2,3,3,  ,0,0.0,0,0,1,0,0,0,0,0,0,0,0,0,0,0,0,0,0
21875,2017054090,1334.0,1316.0,46,46417,40.3792,-75.4845,0,1,0,0,1,0,4,5,2017,6,13.0,1.0,0,1.0,1,1,3,  ,0,0.0,1,0,1,0,0,0,0,0,0,0,0,0,0,0,0,0,0
21876,2017054293,1634.0,1630.0,25,25302,42.1151,-80.0926,0,0,0,0,0,0,2,5,2017,7,16.0,1.0,0,1.0,3,0,3,  ,0,0.0,0,0,0,0,0,0,0,0,0,0,0,0,0,0,0,0,0
21877,2017054352,2010.0,2000.0,2,2301,40.4408,-80.0003,0,0,0,0,0,0,4,5,2017,7,19.0,1.0,0,1.0,3,0,3,  ,8,3.0,0,0,1,0,0,0,0,0,0,0,0,0,0,0,0,0,1
21878,2017054407,1649.0,1649.0,44,44403,40.5982,-77.5775,0,1,0,0,0,1,4,5,2017,1,16.0,1.0,7,1.0,2,0,3,  ,0,0.0,0,0,1,0,0,0,0,0,0,0,0,0,0,0,0,0,0
21879,2017054426,1305.0,1304.0,36,36409,40.1586,-76.3074,0,0,0,0,1,0,4,5,2017,7,13.0,1.0,0,1.0,3,0,3,  ,0,0.0,1,0,1,0,0,0,0,0,0,0,0,0,0,0,0,0,0
21880,2017054660,1230.0,1226.0,2,2108,,,0,1,0,0,0,0,4,5,2017,1,12.0,1.0,0,1.0,3,0,3,  ,0,0.0,0,0,1,0,0,0,0,0,0,0,0,0,0,0,0,0,0
21881,2017055313,1217.0,1217.0,39,39301,40.6094,-75.4751,0,0,0,0,0,0,8,5,2017,1,18.0,3.0,0,1.0,3,2,3,  ,2,3.0,0,0,0,1,0,1,0,0,0,0,0,0,0,0,0,0,0
21882,2017055357,644.0,643.0,67,67301,39.945,-75.1981,0,0,0,0,0,0,1,5,2017,4,6.0,1.0,1,1.0,3,0,3,  ,0,0.0,0,0,0,0,0,0,0,0,0,0,0,0,0,0,0,0,0
21883,2017055462,1835.0,1828.0,67,67301,39.9544,-75.1631,0,0,0,0,0,0,1,5,2017,5,18.0,1.0,0,1.0,3,1,3,  ,2,3.0,1,0,0,0,0,0,0,0,0,0,0,0,0,0,1,0,0
21884,2017055501,1937.0,1937.0,67,67301,39.8903,-75.245,0,0,0,0,0,1,4,5,2017,3,18.0,1.0,0,1.0,3,2,3,  ,2,3.0,1,0,1,0,0,0,0,0,0,0,0,0,0,0,0,1,0
21885,2017055511,2028.0,2021.0,67,67301,39.9314,-75.2428,0,0,0,0,0,0,1,4,2017,6,20.0,3.0,0,9.0,3,0,7,  ,9,9.0,0,0,0,0,0,0,0,0,0,0,0,0,0,0,0,0,0
21886,2017055536,700.0,656.0,67,67301,39.9543,-75.2404,0,0,0,0,0,0,4,4,2017,1,6.0,1.0,0,1.0,3,1,3,  ,3,3.0,0,0,1,0,0,0,0,0,0,0,0,0,0,0,0,0,0
21887,2017055548,1725.0,1715.0,67,67301,39.9441,-75.1535,0,0,1,0,0,0,4,4,2017,6,17.0,1.0,0,1.0,3,1,3,  ,2,3.0,0,0,1,0,1,0,0,0,0,0,0,0,0,0,0,0,0
21888,2017055551,1724.0,1719.0,67,67301,39.9611,-75.1595,0,0,0,1,0,0,5,4,2017,5,17.0,1.0,0,1.0,3,0,3,  ,0,0.0,0,0,0,0,1,0,0,0,0,0,0,0,0,0,0,0,0
21889,2017055607,1620.0,1620.0,67,67301,40.0422,-75.1306,0,0,0,0,0,0,4,5,2017,6,15.0,1.0,0,9.0,3,2,3,  ,3,3.0,0,0,1,0,0,0,0,0,0,0,0,0,0,0,0,0,0
21890,2017055630,1620.0,1611.0,67,67301,39.9372,-75.1615,0,0,0,0,0,0,4,5,2017,1,15.0,1.0,0,9.0,3,1,7,  ,2,3.0,0,0,1,0,0,0,0,0,0,0,0,0,0,0,0,0,1
21891,2017055854,1904.0,1902.0,46,46211,40.2386,-75.2299,0,0,0,0,0,0,4,5,2017,3,19.0,1.0,0,1.0,1,1,3,  ,2,3.0,1,0,1,0,0,0,0,0,0,0,0,0,0,0,0,0,0
21892,2017055870,1810.0,1756.0,20,20230,41.6343,-80.162,1,0,0,0,1,0,9,5,2017,2,17.0,1.0,7,1.0,1,0,3,  ,0,0.0,0,0,0,0,0,0,0,0,0,0,0,0,0,0,0,0,0
21893,2017056063,1135.0,1130.0,22,22301,40.256,-76.8657,0,0,0,0,0,1,4,6,2017,5,11.0,1.0,0,1.0,3,1,3,  ,2,3.0,0,0,1,0,0,0,0,0,0,0,0,0,0,0,0,1,0
21894,2017056242,1805.0,1804.0,23,23111,39.9639,-75.265,0,0,0,0,0,0,8,6,2017,5,18.0,1.0,0,1.0,3,2,3,  ,0,0.0,0,0,0,0,0,0,0,0,0,0,0,0,0,0,0,0,0
21895,2017056414,940.0,938.0,2,2419,40.4383,-79.8429,0,1,0,0,0,0,4,6,2017,6,9.0,1.0,0,1.0,3,2,3,  ,3,3.0,0,0,1,0,0,0,0,0,0,0,0,0,0,0,0,0,0
21896,2017056423,719.0,716.0,25,25214,42.2113,-79.8472,0,0,0,0,0,0,4,5,2017,6,7.0,1.0,0,1.0,1,2,3,  ,3,3.0,1,0,1,0,0,0,0,0,0,0,0,0,0,0,0,0,0
21897,2017056429,1433.0,1426.0,15,15414,39.9614,-75.6006,0,0,0,0,0,0,8,5,2017,4,14.0,1.0,7,1.0,3,0,3,  ,0,0.0,0,0,0,0,0,0,0,0,0,0,0,0,0,0,0,0,0
21898,2017056546,2120.0,2115.0,39,39301,40.6109,-75.5061,0,0,0,0,0,0,8,5,2017,7,21.0,3.0,0,1.0,3,1,3,  ,3,3.0,0,1,0,0,0,0,1,0,0,1,0,0,0,0,0,0,0
21899,2017056789,1840.0,1822.0,64,64204,40.355,-79.3418,0,1,0,0,0,1,1,5,2017,3,18.0,1.0,0,1.0,1,0,3,  ,0,0.0,0,0,0,0,0,0,0,0,0,0,0,0,0,0,0,1,0
21900,2017056790,2116.0,2115.0,58,58408,41.9108,-77.1333,0,0,0,0,1,0,4,5,2017,3,21.0,3.0,0,1.0,1,0,3,  ,0,0.0,0,0,1,0,0,0,0,0,0,0,0,0,0,0,0,0,0
21901,2017057251,1236.0,1228.0,7,7301,40.513,-78.397,0,0,0,0,0,0,4,6,2017,2,12.0,1.0,0,1.0,3,1,3,  ,2,3.0,0,0,1,0,0,0,0,0,0,0,0,0,0,0,0,1,0
21902,2017057463,1936.0,1934.0,38,38301,40.3507,-76.4213,0,0,0,0,1,0,4,6,2017,1,19.0,4.0,0,1.0,2,1,3,  ,0,0.0,0,0,1,0,0,0,0,0,0,0,0,0,0,0,0,0,0
21903,2017057481,1628.0,1628.0,7,7301,40.5098,-78.4028,0,0,0,0,0,1,4,6,2017,6,16.0,1.0,0,1.0,3,1,3,  ,2,3.0,0,0,1,0,0,0,0,0,0,0,0,0,0,0,0,0,0
21904,2017057721,1609.0,1558.0,36,36209,40.1096,-76.0105,0,0,0,0,0,1,4,6,2017,2,15.0,1.0,0,1.0,1,0,3,  ,0,0.0,0,0,1,0,0,0,0,0,0,0,0,0,0,0,0,1,0
21905,2017057964,1551.0,1548.0,36,36220,40.0399,-76.3257,0,0,0,0,0,1,4,5,2017,4,15.0,1.0,0,1.0,3,1,3,  ,0,0.0,0,0,1,0,0,0,0,0,0,0,0,0,0,0,0,0,0
21906,2017058226,1040.0,1037.0,67,67301,39.9501,-75.1459,0,0,0,0,0,0,5,5,2017,6,10.0,1.0,0,1.0,3,0,3,  ,0,0.0,0,0,0,0,0,0,0,0,0,0,0,0,0,0,0,0,0
21907,2017058234,833.0,827.0,67,67301,39.9467,-75.1626,0,0,0,1,0,0,4,5,2017,3,8.0,1.0,0,1.0,3,1,3,  ,2,3.0,0,0,1,0,1,0,0,0,0,0,0,0,0,0,0,0,0
21908,2017058239,1332.0,1327.0,67,67301,39.9686,-75.2435,0,0,0,0,1,0,4,5,2017,7,13.0,1.0,0,1.0,3,1,3,  ,3,3.0,0,0,1,0,0,0,0,0,0,0,0,0,0,0,0,0,0
21909,2017058268,1822.0,1822.0,67,67301,39.9641,-75.2214,0,0,0,0,0,0,4,5,2017,2,18.0,1.0,0,1.0,3,1,3,  ,2,3.0,1,0,1,0,0,0,0,0,0,0,0,0,0,0,0,0,0
21910,2017058322,1700.0,1649.0,67,67301,39.9498,-75.207,0,0,0,0,0,0,5,5,2017,5,15.0,1.0,0,1.0,3,0,3,  ,0,0.0,1,0,0,0,0,0,0,0,0,0,0,0,0,0,0,0,0
21911,2017058334,1847.0,1837.0,67,67301,39.9437,-75.1654,0,0,0,0,0,0,4,5,2017,4,18.0,1.0,0,1.0,3,1,3,  ,2,3.0,1,0,1,0,0,0,0,0,0,0,0,0,0,0,0,0,0
21912,2017058385,2045.0,2035.0,67,67301,39.9473,-75.2336,0,0,0,0,0,0,4,5,2017,2,19.0,1.0,0,1.0,3,1,3,  ,2,3.0,0,0,1,0,0,0,0,0,0,0,0,0,0,0,0,0,0
21913,2017058386,2040.0,2038.0,67,67301,39.9533,-75.1838,0,0,0,1,0,0,4,5,2017,2,18.0,1.0,0,1.0,3,1,3,  ,2,3.0,1,0,1,0,1,0,0,0,0,0,0,0,0,0,0,0,0
21914,2017058387,1630.0,1625.0,67,67301,39.9531,-75.1819,0,0,0,0,0,0,4,5,2017,1,16.0,1.0,2,1.0,3,5,3,  ,2,3.0,0,0,1,0,0,0,0,0,0,0,0,0,0,0,0,0,0
21915,2017058646,1244.0,1240.0,28,28215,39.7357,-77.5198,0,0,0,0,0,1,4,6,2017,1,12.0,1.0,0,1.0,2,2,3,  ,0,0.0,0,0,1,0,0,0,0,0,0,0,0,0,0,0,0,1,0
21916,2017058883,1809.0,1806.0,23,23108,39.9111,-75.3309,0,0,0,0,0,0,8,6,2017,5,18.0,1.0,7,1.0,3,0,3,  ,2,3.0,0,0,0,0,0,0,0,0,0,0,0,0,0,0,0,0,0
21917,2017059001,2305.0,2303.0,39,39301,40.5982,-75.4978,0,0,0,0,0,1,4,6,2017,3,23.0,3.0,0,9.0,3,1,7,  ,3,3.0,0,0,1,0,0,0,0,0,0,0,0,0,0,0,0,1,0
21918,2017059062,1908.0,1905.0,9,9213,40.1455,-74.8785,0,0,0,0,0,0,2,6,2017,5,19.0,1.0,0,1.0,3,0,3,  ,0,0.0,0,0,0,0,0,0,0,0,0,0,0,0,0,0,0,1,0
21919,2017059112,1524.0,1519.0,22,22301,40.2642,-76.8693,0,0,0,0,0,0,5,6,2017,6,15.0,1.0,0,1.0,3,0,3,  ,0,0.0,0,0,0,0,0,0,0,0,0,0,0,0,0,0,0,0,0
21920,2017059224,2041.0,2039.0,6,6301,40.3296,-75.9154,0,0,0,0,0,0,4,6,2017,6,20.0,1.0,0,1.0,3,1,3,  ,0,0.0,0,0,1,0,0,0,0,0,0,0,0,0,0,0,0,0,0
21921,2017059652,1845.0,1841.0,38,38301,40.3334,-76.4246,0,0,0,0,0,0,4,6,2017,3,18.0,1.0,0,1.0,2,2,3,  ,3,3.0,0,0,1,0,0,0,0,0,0,0,0,0,0,0,0,0,0
21922,2017059682,1304.0,1302.0,62,62302,40.171,-80.2455,0,1,0,0,0,0,1,6,2017,2,13.0,1.0,0,1.0,3,0,3,  ,0,0.0,0,0,0,0,0,0,0,0,0,0,0,0,0,0,0,0,0
21923,2017059733,2053.0,2044.0,14,14215,40.9375,-77.5239,0,0,0,0,0,0,2,6,2017,7,20.0,3.0,0,1.0,1,2,3,  ,0,0.0,0,0,0,0,0,0,0,0,0,0,0,0,0,0,0,0,0
21924,2017059846,1517.0,1504.0,41,41406,41.2071,-76.7788,0,0,0,0,0,1,4,6,2017,6,15.0,1.0,0,1.0,1,1,3,  ,3,3.0,0,0,1,0,0,0,0,0,0,0,0,0,0,0,0,0,0
21925,2017060144,1712.0,1712.0,38,38406,40.3068,-76.5987,0,0,0,0,0,0,4,6,2017,2,17.0,1.0,0,1.0,3,1,3,  ,3,3.0,0,0,1,0,0,0,0,0,0,0,0,0,0,0,0,0,0
21926,2017060513,2205.0,2201.0,67,67301,39.9906,-75.1531,0,0,0,0,0,0,4,5,2017,4,22.0,3.0,0,1.0,3,1,3,  ,3,3.0,0,0,1,0,0,0,0,0,0,0,0,0,0,0,0,0,0
21927,2017060516,340.0,338.0,67,67301,39.9359,-75.1569,0,0,0,0,0,0,4,5,2017,7,23.0,3.0,0,1.0,3,1,3,  ,2,3.0,0,0,1,0,0,0,0,0,0,0,0,0,0,0,0,0,0
21928,2017060563,1812.0,1805.0,67,67301,40.0179,-75.0807,0,0,0,0,0,0,4,5,2017,3,18.0,1.0,0,1.0,3,1,3,  ,3,3.0,0,0,1,0,0,0,0,0,0,0,0,0,0,0,0,0,0
21929,2017060632,1105.0,1100.0,67,67301,39.9993,-75.1333,0,0,0,0,0,0,5,5,2017,1,19.0,4.0,0,1.0,3,0,3,  ,0,0.0,0,0,0,0,0,0,0,0,0,0,0,0,0,0,0,0,0
21930,2017060649,1353.0,1350.0,67,67301,39.954,-75.1443,0,0,0,0,0,0,1,5,2017,1,13.0,1.0,0,1.0,3,0,3,  ,0,0.0,0,0,0,0,0,0,0,0,0,0,0,0,0,0,0,0,0
21931,2017060658,1658.0,1651.0,67,67301,40.0224,-75.0781,0,0,0,0,0,0,4,5,2017,4,14.0,1.0,0,1.0,3,1,3,  ,2,3.0,1,0,1,0,0,1,0,0,0,0,1,0,0,1,0,0,0
21932,2017060666,1658.0,1657.0,67,67301,40.01,-75.0693,0,0,0,0,0,0,4,5,2017,4,18.0,1.0,0,1.0,3,1,3,  ,3,3.0,1,0,1,0,0,0,0,0,0,0,0,0,0,0,0,0,0
21933,2017060692,1817.0,1817.0,67,67301,40.1142,-75.0284,0,0,0,0,0,1,4,5,2017,3,16.0,1.0,0,1.0,3,0,3,  ,0,0.0,0,0,1,0,0,0,0,0,0,0,0,0,0,0,0,0,0
21934,2017060750,1804.0,1800.0,67,67301,39.9326,-75.1813,0,0,0,0,1,0,4,5,2017,4,17.0,1.0,0,1.0,3,5,3,  ,3,3.0,0,0,1,0,0,0,0,0,0,0,0,0,0,0,0,0,0
21935,2017060873,1038.0,1000.0,10,10212,40.7285,-80.1296,0,0,0,0,0,0,2,6,2017,5,9.0,1.0,0,1.0,3,0,3,  ,0,0.0,0,0,0,0,0,0,0,0,0,0,0,0,0,0,0,0,0
21936,2017060923,2100.0,2100.0,14,14410,40.7944,-77.8616,0,0,0,0,1,0,4,6,2017,3,20.0,3.0,0,1.0,3,2,3,  ,2,3.0,1,0,1,0,0,0,0,0,0,0,1,1,0,0,0,0,1
21937,2017061004,1025.0,1021.0,46,46101,40.0963,-75.1141,0,0,0,0,0,1,4,6,2017,2,10.0,1.0,0,1.0,3,2,3,  ,0,0.0,0,0,1,0,0,0,0,0,0,0,0,0,0,0,0,0,0
21938,2017061043,653.0,650.0,9,9101,40.1424,-74.86,0,0,0,0,0,0,4,6,2017,4,6.0,1.0,0,1.0,3,2,3,  ,3,3.0,1,0,1,0,0,0,0,0,0,0,0,0,0,0,0,0,1
21939,2017061099,1300.0,1250.0,2,2301,40.4527,-79.9437,0,0,0,0,1,0,4,6,2017,4,12.0,1.0,0,1.0,3,2,3,  ,0,0.0,0,0,1,0,0,0,0,0,0,0,0,0,0,0,0,0,0
21940,2017061100,15.0,13.0,39,39102,40.6242,-75.4729,0,0,0,0,0,0,4,6,2017,3,0.0,3.0,0,1.0,3,1,3,  ,3,3.0,1,0,1,0,0,0,0,0,0,0,0,0,1,0,0,0,0
21941,2017061169,1745.0,1745.0,46,46202,40.149,-75.3348,0,0,0,0,0,1,4,6,2017,6,17.0,1.0,0,1.0,3,1,3,  ,2,3.0,0,0,1,0,0,0,0,0,0,0,0,0,0,0,0,0,0
21942,2017061274,1655.0,1650.0,64,64305,40.5672,-79.7608,0,0,0,0,0,0,4,6,2017,4,16.0,1.0,0,1.0,3,3,3,  ,3,3.0,0,0,1,0,0,0,0,0,0,0,0,0,0,0,0,0,0
21943,2017061282,2001.0,1955.0,14,14410,40.7851,-77.8344,0,0,0,0,0,0,5,6,2017,4,19.0,1.0,7,1.0,3,2,3,  ,4,3.0,0,0,0,0,0,1,0,0,0,0,0,0,0,0,0,0,0
21944,2017061442,1430.0,1427.0,11,11301,40.3235,-78.9138,0,0,0,0,0,0,8,6,2017,1,14.0,1.0,0,1.0,3,1,3,  ,3,3.0,1,0,0,0,0,0,0,0,0,0,0,0,0,0,0,0,0
21945,2017061533,1527.0,1521.0,40,40304,41.2346,-75.8977,0,0,0,0,0,0,4,6,2017,5,15.0,1.0,0,1.0,3,2,3,  ,3,3.0,0,0,1,0,0,0,0,0,0,0,0,0,0,0,0,0,0
21946,2017061765,1531.0,1503.0,32,32215,40.7804,-78.8531,0,1,0,0,1,0,4,6,2017,4,14.0,1.0,7,1.0,1,0,3,  ,0,0.0,1,0,1,0,0,0,0,0,0,0,0,0,0,1,0,0,0
21947,2017061823,1539.0,1539.0,15,15301,39.9812,-75.8312,0,0,0,0,1,0,8,5,2017,4,15.0,1.0,0,1.0,3,0,3,  ,0,0.0,0,0,0,0,0,0,0,0,0,0,0,0,0,0,0,1,0
21948,2017061845,1327.0,1319.0,36,36301,40.0259,-76.3189,0,0,0,0,1,0,4,6,2017,1,13.0,1.0,0,1.0,3,1,3,  ,3,3.0,1,0,1,0,0,0,0,0,0,0,0,0,0,0,0,1,0
21949,2017061931,1724.0,1722.0,15,15209,39.8611,-75.7226,0,0,0,0,0,0,2,5,2017,2,17.0,1.0,0,1.0,1,2,3,  ,3,3.0,0,0,0,0,0,0,0,0,0,0,0,0,0,0,0,0,0
21950,2017061995,1730.0,1726.0,21,21206,40.2225,-77.1603,0,0,0,0,1,0,4,6,2017,5,17.0,1.0,0,1.0,1,2,3,  ,0,0.0,0,0,1,0,1,0,0,0,0,0,0,0,0,0,0,0,0
21951,2017062014,1619.0,1619.0,66,66418,40.0597,-76.7205,0,0,0,0,0,1,4,6,2017,6,16.0,1.0,0,1.0,3,2,3,  ,3,3.0,0,0,1,0,0,0,0,0,0,0,0,0,0,0,0,0,0
21952,2017062020,1710.0,1707.0,22,22414,40.2158,-76.8127,0,1,0,0,0,0,8,5,2017,4,17.0,1.0,0,1.0,3,0,3,  ,0,0.0,0,0,0,0,0,0,0,1,0,1,0,0,0,0,0,0,0
21953,2017062022,2235.0,2223.0,2,2301,40.4288,-79.9853,0,0,0,0,0,0,4,6,2017,6,22.0,3.0,0,9.0,3,1,3,  ,2,3.0,1,0,1,0,0,0,0,0,0,0,0,0,0,0,0,0,0
21954,2017062054,1124.0,1124.0,36,36301,40.0422,-76.2957,0,0,0,0,0,0,4,6,2017,2,11.0,1.0,0,1.0,3,1,3,  ,3,3.0,0,0,1,0,0,0,0,0,0,0,0,0,0,0,0,0,0
21955,2017062523,1057.0,1053.0,41,41405,41.2539,-76.9191,0,0,0,0,0,1,5,6,2017,7,10.0,1.0,0,1.0,3,0,3,  ,0,0.0,0,0,0,0,0,0,0,0,0,0,0,0,0,0,0,0,0
21956,2017062526,1641.0,1639.0,38,38301,40.3454,-76.4207,0,0,0,0,0,0,4,6,2017,1,16.0,1.0,0,1.0,2,1,3,  ,3,3.0,0,0,1,0,0,0,0,0,0,0,0,0,0,0,0,0,0
21957,2017062574,1758.0,1755.0,23,23412,39.9411,-75.2824,0,0,0,0,0,0,4,6,2017,3,17.0,1.0,0,1.0,3,1,3,  ,3,3.0,1,0,1,0,0,0,0,0,0,0,0,0,0,0,0,0,1
21958,2017062647,1838.0,1822.0,21,21207,40.1421,-77.12,0,0,0,0,0,1,6,6,2017,7,18.0,1.0,0,1.0,1,0,3,  ,0,0.0,0,0,0,0,0,0,0,0,0,0,0,0,0,0,0,0,0
21959,2017062752,1726.0,1714.0,66,66101,39.9414,-76.7034,0,0,0,0,0,0,4,6,2017,6,17.0,1.0,0,1.0,1,2,3,  ,3,3.0,0,0,1,0,0,0,0,0,0,0,0,0,0,0,0,0,0
21960,2017063146,1034.0,1027.0,2,2301,40.4867,-79.942,0,0,0,0,0,0,5,6,2017,3,10.0,1.0,0,1.0,3,0,3,  ,0,0.0,0,0,0,0,0,1,0,0,0,0,0,0,0,0,0,0,0
21961,2017063186,1150.0,1150.0,67,67301,39.9505,-75.1923,0,0,0,0,0,0,4,6,2017,3,11.0,1.0,0,1.0,3,0,3,  ,0,0.0,1,0,1,0,0,0,0,0,0,0,0,0,0,0,0,0,0
21962,2017063237,2038.0,2037.0,15,15301,39.9812,-75.8312,0,0,0,0,0,1,4,6,2017,1,20.0,4.0,0,1.0,3,2,3,  ,2,3.0,0,0,1,0,0,0,0,0,0,0,0,0,0,0,0,0,0
21963,2017063414,2201.0,2158.0,25,25213,42.0914,-80.1291,0,0,0,0,0,1,1,6,2017,3,21.0,3.0,0,9.0,3,0,7,  ,0,0.0,0,0,0,0,0,0,0,0,0,0,0,0,0,0,0,0,0
21964,2017063421,2220.0,2216.0,2,2214,40.426,-80.2017,0,1,0,0,0,0,5,6,2017,3,22.0,2.0,0,1.0,3,0,3,  ,0,0.0,0,0,0,0,0,0,0,0,0,0,0,0,0,0,0,0,0
21965,2017063649,1543.0,1539.0,40,40304,41.2384,-75.9125,0,0,0,0,0,1,4,6,2017,4,15.0,1.0,0,1.0,3,1,3,  ,2,3.0,0,0,1,0,0,0,0,0,0,0,0,0,0,0,0,0,0
21966,2017063657,2016.0,2013.0,25,25213,42.0769,-80.1349,0,0,0,0,0,0,4,6,2017,2,20.0,2.0,0,9.0,3,0,7,  ,0,0.0,0,0,1,0,0,0,0,0,0,0,0,0,0,0,0,0,0
21967,2017063708,1614.0,1609.0,64,64433,40.2068,-79.7665,0,0,0,0,0,1,4,6,2017,4,16.0,1.0,0,1.0,3,1,3,  ,0,0.0,0,0,1,0,0,0,0,0,0,0,0,0,0,0,0,1,0
21968,2017063791,2001.0,1956.0,46,46203,40.2892,-75.3658,0,0,0,0,0,0,4,6,2017,4,19.0,1.0,0,1.0,1,2,3,  ,3,3.0,0,0,1,0,0,0,0,0,0,0,0,0,0,0,0,0,0
21969,2017064050,1652.0,1646.0,36,36301,40.052,-76.3102,0,0,0,0,0,0,4,6,2017,5,16.0,1.0,0,1.0,3,1,3,  ,2,3.0,1,0,1,0,0,0,0,0,0,0,0,0,0,0,0,0,0
21970,2017064149,2020.0,2020.0,46,46224,40.074,-75.2921,0,0,0,0,0,0,4,6,2017,5,20.0,4.0,0,1.0,3,0,3,  ,0,0.0,0,0,1,0,0,0,0,0,0,0,0,0,0,0,0,0,0
21971,2017064304,1447.0,1445.0,46,46413,40.1193,-75.3522,0,0,0,0,0,0,4,6,2017,1,14.0,1.0,0,1.0,3,2,3,  ,3,3.0,0,0,1,0,0,0,0,0,0,0,0,0,0,0,0,0,0
21972,2017064338,1311.0,1310.0,25,25411,42.2133,-79.8402,0,0,0,0,0,0,4,6,2017,7,13.0,1.0,0,1.0,1,10,3,  ,0,0.0,0,1,1,0,0,1,0,0,0,0,0,0,0,0,0,1,0
21973,2017064413,1716.0,1711.0,15,15247,39.9669,-75.5859,0,0,0,0,0,0,4,6,2017,4,17.0,1.0,0,1.0,3,2,3,  ,3,3.0,1,0,1,0,0,0,0,0,0,0,0,0,0,0,0,0,0
21974,2017064502,1803.0,1803.0,31,31407,40.483,-78.0065,0,0,0,0,1,0,4,6,2017,6,18.0,1.0,0,9.0,2,2,7,  ,3,3.0,0,0,1,0,0,0,0,0,0,0,0,0,0,0,0,0,0
21975,2017064699,937.0,934.0,9,9101,40.0907,-74.874,1,0,0,0,0,1,4,6,2017,7,9.0,1.0,0,1.0,3,0,3,  ,0,0.0,0,0,1,0,0,0,0,0,0,0,0,0,0,0,0,0,0
21976,2017064740,1511.0,1510.0,40,40304,41.2366,-75.8946,0,0,0,0,1,0,4,6,2017,7,15.0,1.0,0,1.0,3,1,3,  ,3,3.0,0,0,1,0,0,0,0,0,0,0,0,0,0,0,0,0,0
21977,2017065019,1725.0,1725.0,40,40101,41.2306,-75.9146,0,0,0,0,0,0,4,6,2017,1,17.0,1.0,0,1.0,3,1,3,  ,2,3.0,0,0,1,0,0,0,0,0,0,0,0,0,0,0,0,1,0
21978,2017065156,2142.0,2136.0,55,55205,40.2801,-78.9501,0,1,0,0,0,1,5,6,2017,7,21.0,2.0,0,1.0,1,0,3,  ,0,0.0,0,1,0,0,0,0,1,0,0,1,0,0,0,0,0,0,0
21979,2017065170,1939.0,1930.0,36,36301,40.0375,-76.3097,0,0,0,0,0,0,5,6,2017,1,18.0,1.0,0,1.0,3,0,3,  ,0,0.0,0,0,0,0,0,0,0,0,0,0,0,0,0,0,0,0,0
21980,2017065358,1658.0,1656.0,46,46104,39.9949,-75.267,0,0,0,0,0,1,5,6,2017,4,16.0,1.0,0,1.0,3,0,3,  ,0,0.0,1,0,0,0,0,0,0,0,0,0,0,0,0,0,0,0,0
21981,2017065370,1749.0,1650.0,4,4405,40.8496,-80.3298,1,0,0,0,0,1,4,5,2017,2,16.0,1.0,0,1.0,3,2,3,  ,0,0.0,0,0,1,0,0,0,0,0,0,0,0,0,0,0,0,0,0