,CRN,ARRIVAL_TM,DISPATCH_TM,COUNTY,MUNICIPALITY,DEC_LAT,DEC_LONG,BICYCLE_DEATH_COUNT,BICYCLE_SUSP_SERIOUS_INJ_COUNT,BUS_COUNT,HEAVY_TRUCK_COUNT,SMALL_TRUCK_COUNT,SUV_COUNT,COLLISION_TYPE,CRASH_MONTH,CRASH_YEAR,DAY_OF_WEEK,HOUR_OF_DAY,ILLUMINATION,LOCATION_TYPE,ROAD_CONDITION,URBAN_RURAL,INTERSECT_TYPE,WEATHER1,WEATHER2,TCD_TYPE,TCD_FUNC_CD,AGGRESSIVE_DRIVING,ALCOHOL_RELATED,ANGLE_CRASH,CELL_PHONE,COMM_VEHICLE,DISTRACTED,DRINKING_DRIVER,DRUGGED_DRIVER,FATIGUE_ASLEEP,IMPAIRED_DRIVER,NHTSA_AGG_DRIVING,RUNNING_RED_LT,RUNNING_STOP_SIGN,SPEEDING_RELATED,TAILGATING,MATURE_DRIVER,YOUNG_DRIVER
21982,2017065400,1616.0,1611.0,25,25302,42.1291,-80.0927,0,1,0,0,0,1,4,6,2017,2,16.0,1.0,0,1.0,3,1,3,  ,3,3.0,0,0,1,0,0,0,0,0,0,0,0,0,0,0,0,0,0
21983,2017065403,932.0,928.0,39,39103,40.6039,-75.5592,0,0,0,0,0,1,4,6,2017,7,9.0,1.0,0,1.0,1,2,3,  ,0,0.0,1,0,1,0,0,0,0,0,0,0,0,0,0,0,0,1,0
21984,2017065526,1943.0,1940.0,47,47206,40.968,-76.581,0,0,0,0,0,0,8,6,2017,2,19.0,1.0,0,1.0,1,0,3,  ,0,0.0,0,0,0,0,0,0,0,0,0,0,0,0,0,1,0,1,0
21985,2017065553,1308.0,1306.0,53,53411,40.8115,-76.1402,0,1,0,0,0,1,4,6,2017,6,13.0,1.0,0,1.0,2,1,3,  ,0,0.0,0,0,1,0,0,0,0,0,0,0,0,0,0,0,0,0,0
21986,2017065750,826.0,823.0,43,43410,41.2605,-80.4768,0,1,0,0,0,0,2,6,2017,3,8.0,1.0,0,1.0,3,1,3,  ,3,3.0,0,0,0,0,0,0,0,0,0,0,0,0,0,0,0,0,0
21987,2017065788,1604.0,1558.0,9,9101,40.1012,-74.8806,0,0,0,0,0,0,4,6,2017,3,15.0,1.0,0,1.0,3,1,3,  ,3,3.0,0,0,1,0,0,0,0,0,0,0,0,0,0,0,0,0,0
21988,2017065821,1516.0,1515.0,46,46104,40.0086,-75.2808,0,0,0,0,0,0,5,6,2017,5,15.0,1.0,0,1.0,3,0,3,  ,2,3.0,1,0,0,0,0,0,0,0,0,0,0,0,0,0,0,0,0
21989,2017066007,1832.0,1831.0,67,67301,39.9547,-75.1944,0,0,0,0,0,0,4,6,2017,3,18.0,1.0,0,1.0,3,1,3,  ,2,3.0,1,0,1,0,0,0,0,0,0,0,0,0,0,0,0,0,0
21990,2017066052,1949.0,1948.0,53,53401,40.7818,-76.3428,0,0,0,0,1,0,2,6,2017,4,19.0,1.0,0,1.0,1,1,3,  ,0,0.0,0,0,0,0,0,0,0,0,0,0,0,0,0,0,0,1,0
21991,2017066167,1149.0,1149.0,2,2126,40.4651,-80.1093,0,0,0,0,0,0,4,6,2017,4,11.0,1.0,0,2.0,3,2,3,  ,3,3.0,0,0,1,0,0,0,0,0,0,0,0,0,0,0,0,0,0
21992,2017066168,916.0,916.0,14,14410,40.7917,-77.8573,0,0,0,0,0,0,4,6,2017,4,9.0,1.0,0,1.0,3,1,3,  ,3,3.0,0,0,1,0,0,0,0,0,0,0,0,0,0,0,0,0,0
21993,2017066187,947.0,935.0,2,2301,40.4627,-79.9672,0,0,0,0,0,0,4,6,2017,4,9.0,1.0,0,1.0,3,5,3,  ,2,3.0,0,0,1,0,0,0,0,0,0,0,0,0,0,0,0,0,0
21994,2017066188,918.0,913.0,2,2301,40.4381,-79.924,0,0,0,0,1,0,1,6,2017,4,9.0,1.0,0,1.0,3,0,3,  ,0,0.0,0,0,0,0,0,0,0,0,0,0,0,0,0,0,0,0,0
21995,2017066229,1803.0,1801.0,23,23111,39.9574,-75.2563,0,0,0,0,0,0,4,6,2017,3,18.0,1.0,7,1.0,3,0,3,  ,0,0.0,0,0,1,0,0,0,0,0,0,0,0,0,0,0,0,0,0
21996,2017066241,1530.0,1530.0,46,46413,40.1201,-75.349,0,0,0,0,0,1,4,6,2017,4,15.0,1.0,0,1.0,3,1,3,  ,3,3.0,0,0,1,0,0,0,0,0,0,0,0,0,0,0,0,0,0
21997,2017066376,1945.0,1933.0,35,35302,41.3961,-75.6647,0,0,0,0,0,0,4,6,2017,4,17.0,1.0,0,1.0,3,1,3,  ,0,0.0,0,0,1,0,0,0,0,0,0,0,0,0,0,0,0,0,0
21998,2017066523,932.0,924.0,41,41229,41.1741,-77.2252,0,0,0,0,0,1,4,6,2017,4,9.0,1.0,0,1.0,1,0,3,  ,0,0.0,0,0,1,0,0,0,0,0,0,0,0,0,0,0,0,1,0
21999,2017066728,2154.0,2154.0,35,35415,41.4466,-75.6215,0,0,0,0,0,0,6,6,2017,5,21.0,3.0,0,1.0,3,0,3,  ,0,0.0,0,0,0,0,0,0,0,0,0,0,0,0,0,0,0,0,0
22000,2017066866,1115.0,1114.0,35,35302,41.4123,-75.6611,0,0,0,0,0,0,4,6,2017,5,11.0,1.0,0,1.0,3,1,3,  ,2,3.0,0,0,1,0,0,0,0,0,0,0,0,0,0,0,0,0,0
22001,2017066867,1846.0,1845.0,9,9226,40.2378,-75.111,0,0,0,0,0,0,0,6,2017,5,18.0,1.0,0,1.0,3,1,3,  ,2,3.0,0,0,0,0,0,0,0,0,0,0,0,0,0,0,0,1,0
22002,2017066877,920.0,918.0,9,9226,40.2042,-75.1002,0,0,0,0,0,0,4,6,2017,6,9.0,1.0,0,1.0,3,1,3,  ,2,3.0,1,0,1,0,0,0,0,0,0,0,0,0,0,0,0,0,0
22003,2017066881,1935.0,1933.0,65,65405,41.5494,-75.9397,0,1,0,0,0,0,1,4,2017,2,19.0,1.0,0,1.0,1,0,3,  ,0,0.0,1,1,0,0,0,0,1,1,0,1,0,0,0,0,0,0,0
22004,2017066956,744.0,744.0,67,67301,40.0084,-75.211,0,1,0,0,0,0,4,6,2017,7,7.0,1.0,0,1.0,3,1,3,  ,2,3.0,1,0,1,0,0,0,0,0,0,0,0,1,0,0,0,1,0
22005,2017067065,1213.0,1202.0,38,38213,40.2283,-76.5579,0,1,0,0,0,0,2,6,2017,2,12.0,1.0,0,1.0,1,2,3,  ,3,3.0,0,0,0,0,0,0,0,0,0,0,0,0,0,0,0,0,0
22006,2017067137,1502.0,1432.0,61,61221,41.9247,-79.2866,0,0,0,0,0,0,4,6,2017,4,13.0,1.0,0,1.0,1,0,3,  ,0,0.0,0,0,1,0,0,0,0,0,0,0,0,0,0,0,0,0,1
22007,2017067177,1731.0,1728.0,36,36301,40.0485,-76.2941,0,0,0,0,0,0,4,6,2017,6,17.0,1.0,0,1.0,3,1,3,  ,2,3.0,0,0,1,0,0,0,0,0,0,0,0,0,0,0,0,0,0
22008,2017067201,1015.0,1002.0,2,2301,40.4595,-79.9202,0,0,0,0,0,0,4,7,2017,7,9.0,1.0,7,9.0,3,0,7,  ,0,0.0,0,0,1,0,0,0,0,0,0,0,0,0,0,0,0,1,0
22009,2017067528,405.0,404.0,14,14410,40.7919,-77.866,0,0,0,0,0,0,3,7,2017,7,4.0,3.0,0,1.0,3,0,3,  ,0,0.0,0,1,0,0,0,0,1,0,0,1,0,0,0,0,0,0,0
22010,2017067543,1933.0,1930.0,36,36408,40.1687,-76.1954,0,0,0,0,0,0,4,6,2017,3,19.0,1.0,0,1.0,2,2,3,  ,0,0.0,0,1,1,0,0,0,0,0,0,0,0,0,0,0,0,0,0
22011,2017067677,2020.0,2015.0,67,67301,39.9402,-75.1979,0,0,0,0,0,0,1,5,2017,4,19.0,1.0,0,1.0,3,0,3,  ,0,0.0,0,0,0,0,0,0,0,0,0,0,0,0,0,0,0,1,0
22012,2017067758,1229.0,1224.0,67,67301,40.0153,-75.2081,0,0,0,0,0,0,1,5,2017,7,12.0,1.0,0,1.0,3,3,3,  ,0,0.0,0,0,0,0,0,0,0,0,0,0,0,0,0,0,0,1,0
22013,2017067785,1620.0,1619.0,67,67301,39.9733,-75.2517,0,0,0,0,0,0,5,5,2017,6,15.0,1.0,0,1.0,3,0,3,  ,0,0.0,0,0,0,0,0,0,0,0,0,0,0,0,0,0,0,0,0
22014,2017067838,1909.0,1909.0,67,67301,39.9243,-75.1595,0,0,0,0,0,1,4,6,2017,5,19.0,1.0,0,1.0,3,1,3,  ,3,3.0,0,0,1,0,0,0,0,0,0,0,0,0,0,0,0,0,0
22015,2017067848,9999.0,9999.0,67,67301,39.9402,-75.168,0,0,0,0,0,1,4,5,2017,3,17.0,1.0,0,9.0,3,1,7,  ,3,3.0,0,0,1,0,0,0,0,0,0,0,0,0,0,0,0,0,0
22016,2017067887,1401.0,1401.0,67,67301,39.9727,-75.2547,0,0,0,0,0,0,5,6,2017,3,14.0,1.0,0,1.0,3,0,3,  ,0,0.0,1,0,0,0,0,0,0,0,0,0,0,0,0,0,0,0,0
22017,2017067899,2222.0,2220.0,67,67301,39.9595,-75.162,0,0,0,0,0,0,4,6,2017,5,22.0,3.0,0,1.0,3,1,3,  ,2,3.0,1,0,1,0,0,0,0,0,0,0,0,0,0,0,0,0,0
22018,2017067904,2222.0,2222.0,67,67301,39.9787,-75.1578,0,0,0,0,0,0,1,6,2017,5,22.0,3.0,0,1.0,3,1,3,  ,2,3.0,1,0,0,0,0,0,0,0,0,0,0,0,0,0,1,0,0
22019,2017067913,112.0,108.0,67,67301,39.9244,-75.1696,0,0,0,0,0,1,4,6,2017,4,0.0,3.0,0,1.0,3,1,3,  ,2,3.0,0,0,1,0,0,0,0,0,0,0,0,0,0,0,0,0,0
22020,2017067924,23.0,19.0,67,67301,40.0016,-75.1528,0,0,0,0,0,0,4,6,2017,1,0.0,3.0,0,1.0,3,1,3,  ,2,3.0,0,0,1,0,0,0,0,0,0,0,0,0,0,0,0,0,0
22021,2017067966,1706.0,1703.0,67,67301,39.9562,-75.1941,0,0,0,0,0,0,4,5,2017,6,16.0,1.0,0,1.0,3,1,3,  ,2,3.0,1,0,1,0,0,0,0,0,0,0,0,0,0,0,0,0,0
22022,2017067995,1145.0,1138.0,67,67301,40.0269,-75.1213,0,0,0,0,0,0,4,6,2017,2,11.0,1.0,0,1.0,3,3,3,  ,0,0.0,0,0,1,0,0,0,0,0,0,0,0,0,0,0,0,0,0
22023,2017068048,1550.0,1544.0,67,67301,39.9492,-75.2121,0,0,0,0,0,0,4,6,2017,1,15.0,1.0,0,1.0,3,3,3,  ,0,0.0,1,0,1,0,0,0,0,0,0,0,0,0,0,0,0,0,0
22024,2017068058,1309.0,1307.0,67,67301,39.9761,-75.1195,0,0,0,0,0,0,8,6,2017,2,13.0,1.0,0,9.0,3,1,7,  ,3,3.0,0,0,0,0,0,0,0,0,0,0,0,0,0,0,0,1,0
22025,2017068064,1820.0,1808.0,67,67301,39.9379,-75.1667,0,0,0,0,0,1,4,6,2017,2,18.0,1.0,0,1.0,3,1,3,  ,2,3.0,1,0,1,0,0,0,0,0,0,0,0,0,0,0,0,0,0
22026,2017068074,923.0,916.0,67,67301,39.9649,-75.177,0,0,0,0,1,0,5,6,2017,3,8.0,1.0,0,1.0,3,0,3,  ,0,0.0,0,0,0,0,0,0,0,0,0,0,0,0,0,0,0,0,0
22027,2017068142,2055.0,2051.0,39,39301,40.6082,-75.4729,0,0,0,0,0,0,8,6,2017,7,20.0,4.0,0,1.0,3,2,3,  ,0,0.0,0,0,0,0,0,0,0,0,0,0,0,0,0,0,0,0,0
22028,2017068280,2059.0,2054.0,66,66301,,,0,0,0,0,0,0,4,7,2017,2,14.0,1.0,0,1.0,3,2,3,  ,0,0.0,1,0,1,0,0,0,0,0,0,0,0,0,0,0,0,0,0
22029,2017068472,2004.0,2002.0,23,23414,39.9175,-75.3867,0,0,0,0,0,0,2,7,2017,3,20.0,4.0,0,9.0,3,2,7,  ,3,3.0,1,1,0,0,0,0,0,0,0,0,0,0,0,0,0,0,0
22030,2017068486,2241.0,2239.0,25,25213,42.1024,-80.1384,0,0,0,0,1,0,8,7,2017,3,22.0,3.0,0,1.0,3,1,3,  ,0,0.0,0,0,0,0,0,0,0,0,0,0,0,0,0,0,0,0,0
22031,2017068978,1512.0,1512.0,31,31407,40.4865,-78.0146,0,0,0,0,0,0,4,6,2017,4,15.0,1.0,0,1.0,2,0,3,  ,2,3.0,0,0,1,0,0,0,0,0,0,0,0,0,0,0,0,1,0
22032,2017069033,1336.0,1331.0,38,38301,40.3279,-76.4262,0,0,0,0,0,0,4,7,2017,5,13.0,1.0,0,9.0,2,0,7,  ,0,0.0,0,0,1,0,0,0,0,0,0,0,0,0,0,0,0,0,0
22033,2017069210,1714.0,1710.0,64,64420,40.1328,-79.8579,0,0,0,0,0,0,4,7,2017,5,17.0,1.0,0,9.0,3,0,7,  ,0,0.0,0,0,1,0,0,0,0,0,0,0,0,0,0,0,0,0,1
22034,2017069351,650.0,647.0,23,23301,39.8516,-75.3539,0,0,0,0,0,0,4,6,2017,2,6.0,1.0,0,1.0,3,1,3,  ,0,0.0,0,0,1,0,0,0,0,0,0,0,0,0,0,0,0,0,0
22035,2017069373,1907.0,1904.0,7,7301,40.5155,-78.3895,0,0,0,0,0,0,4,7,2017,3,19.0,1.0,0,1.0,3,1,3,  ,0,0.0,0,0,1,0,0,0,0,0,0,0,0,0,0,0,0,0,1
22036,2017069415,1234.0,1234.0,46,46413,40.1156,-75.3383,0,1,0,0,0,1,4,7,2017,6,12.0,1.0,7,1.0,3,0,3,  ,0,0.0,0,0,1,0,0,0,0,0,0,0,0,0,0,0,0,0,0
22037,2017069502,1759.0,1756.0,22,22301,40.2614,-76.8787,0,0,0,0,0,0,4,7,2017,6,17.0,1.0,0,9.0,3,1,7,  ,3,3.0,0,0,1,0,0,0,0,0,0,0,0,0,0,0,0,0,0
22038,2017069715,2056.0,2045.0,25,25203,41.9111,-80.4442,0,0,0,0,1,0,4,6,2017,6,20.0,1.0,0,9.0,1,0,7,  ,0,0.0,0,0,1,0,0,0,0,0,0,0,0,0,0,0,0,0,0
22039,2017069997,1154.0,1150.0,36,36237,40.1287,-76.5649,0,0,0,0,0,1,4,7,2017,7,11.0,1.0,0,1.0,1,1,3,  ,3,3.0,1,0,1,0,0,1,0,0,0,0,1,0,1,0,0,0,0
22040,2017070014,1754.0,1752.0,38,38301,40.3483,-76.4274,0,0,0,0,0,1,4,7,2017,5,17.0,1.0,0,9.0,2,1,7,  ,3,3.0,0,0,1,0,0,0,0,0,0,0,0,0,0,0,0,0,1
22041,2017070062,1626.0,1625.0,2,2301,40.4416,-80.0328,0,0,0,0,1,0,8,7,2017,1,16.0,1.0,0,1.0,3,1,3,  ,2,3.0,0,0,0,0,0,0,0,0,0,0,0,0,0,0,0,0,0
22042,2017070077,1725.0,1722.0,46,46102,40.1067,-75.1615,0,0,0,0,0,0,4,7,2017,1,17.0,1.0,7,1.0,3,0,3,  ,0,0.0,1,0,1,0,0,0,0,0,0,0,0,0,0,0,0,0,0
22043,2017070158,2038.0,2036.0,9,9101,40.1655,-74.839,0,0,0,0,0,0,4,7,2017,3,20.0,4.0,0,9.0,3,2,7,  ,3,3.0,1,0,1,0,0,0,0,0,0,0,0,0,0,0,0,0,0
22044,2017070397,1535.0,1529.0,67,67301,39.9662,-75.2493,0,0,0,0,0,0,4,6,2017,1,14.0,1.0,0,1.0,3,2,3,  ,3,3.0,0,0,1,0,0,0,0,0,0,0,0,0,0,0,0,0,0
22045,2017070399,1715.0,1707.0,67,67301,39.9657,-75.1606,0,0,0,0,0,0,4,5,2017,4,14.0,1.0,0,1.0,3,2,3,  ,2,3.0,1,0,1,0,0,0,0,0,0,0,0,0,0,0,0,0,0
22046,2017070415,9999.0,1000.0,67,67301,39.9472,-75.1665,0,0,0,0,0,0,4,5,2017,3,5.0,1.0,0,1.0,3,1,3,  ,2,3.0,1,0,1,0,0,0,0,0,0,0,0,1,0,0,0,0,0
22047,2017070435,1805.0,1757.0,67,67301,39.9478,-75.1712,0,1,0,0,0,0,4,6,2017,5,14.0,1.0,0,1.0,3,1,3,  ,2,3.0,1,0,1,0,0,0,0,0,0,0,0,0,0,0,0,0,0
22048,2017070444,924.0,924.0,67,67301,40.0233,-75.0768,0,0,0,0,0,1,1,6,2017,7,9.0,1.0,0,1.0,3,1,3,  ,2,3.0,0,0,0,0,0,0,0,0,0,0,0,0,0,0,0,0,0
22049,2017070445,1555.0,1554.0,67,67301,40.0273,-75.0288,0,0,0,0,0,0,4,6,2017,4,17.0,1.0,0,1.0,3,1,3,  ,2,3.0,0,0,1,0,0,0,0,0,0,0,0,0,0,0,0,0,0
22050,2017070461,1212.0,1209.0,67,67301,39.9524,-75.1533,0,0,0,0,0,0,5,6,2017,7,12.0,1.0,0,9.0,3,0,7,  ,0,0.0,0,0,0,0,0,0,0,0,0,0,0,0,0,0,0,0,0
22051,2017070466,15.0,9.0,67,67301,39.9159,-75.1645,0,0,0,0,0,0,4,6,2017,5,0.0,3.0,0,1.0,3,1,3,  ,2,3.0,0,0,1,0,0,0,0,0,0,0,0,0,0,0,0,0,0
22052,2017070480,2119.0,2117.0,67,67301,40.0236,-75.0593,0,0,0,0,0,0,8,6,2017,6,19.0,1.0,0,1.0,3,1,3,  ,3,3.0,1,0,0,0,0,0,0,0,0,0,0,0,0,1,0,0,0
22053,2017070486,2035.0,2031.0,67,67301,40.028,-75.0335,0,0,0,0,0,1,4,6,2017,6,20.0,1.0,0,1.0,3,1,3,  ,0,0.0,1,0,1,0,0,0,0,0,0,0,0,0,0,0,0,0,0
22054,2017070497,1818.0,1815.0,67,67301,39.9805,-75.1716,0,0,0,0,0,0,5,6,2017,4,17.0,1.0,0,1.0,3,0,3,  ,0,0.0,0,0,0,0,0,0,0,0,0,0,0,0,0,0,0,0,0
22055,2017070498,1625.0,1620.0,67,67301,39.9926,-75.1481,0,0,0,0,0,0,5,6,2017,3,16.0,1.0,0,1.0,3,0,3,  ,0,0.0,0,0,0,0,0,0,0,0,0,0,0,0,0,0,0,1,0
22056,2017070503,940.0,930.0,67,67301,40.0686,-75.0398,0,0,0,0,0,0,4,6,2017,4,9.0,1.0,0,1.0,3,2,3,  ,3,3.0,0,0,1,0,0,1,0,0,0,0,0,0,0,0,0,0,0
22057,2017070508,410.0,401.0,67,67301,39.9231,-75.1699,0,0,0,0,0,0,4,6,2017,3,1.0,3.0,0,1.0,3,1,3,  ,2,3.0,0,0,1,0,0,0,0,0,0,0,0,0,0,0,0,0,0
22058,2017070731,2037.0,2030.0,38,38216,40.2762,-76.4377,0,0,0,0,0,0,8,6,2017,3,20.0,4.0,0,1.0,1,1,3,  ,3,3.0,0,0,0,0,0,1,0,0,0,0,0,0,0,0,0,1,0
22059,2017070732,2156.0,2155.0,36,36408,40.1772,-76.1753,0,0,0,0,0,0,4,7,2017,2,21.0,3.0,0,1.0,2,2,3,  ,2,3.0,0,0,1,0,0,0,0,0,0,0,0,0,0,0,0,0,0
22060,2017070969,1125.0,1124.0,67,67301,39.9631,-75.1899,0,0,0,0,0,0,4,7,2017,3,11.0,1.0,0,1.0,3,1,3,  ,2,3.0,0,0,1,0,0,0,0,0,0,0,0,0,0,0,0,0,0
22061,2017071059,1640.0,1638.0,6,6301,40.332,-75.9144,0,0,0,0,0,0,4,7,2017,3,16.0,1.0,0,1.0,3,1,3,  ,3,3.0,0,0,1,0,0,0,0,0,0,0,0,0,0,0,0,0,0
22062,2017071284,610.0,608.0,46,46211,40.2353,-75.2247,0,0,0,0,0,0,4,7,2017,3,6.0,1.0,0,1.0,1,1,3,  ,2,3.0,0,0,1,0,0,0,0,0,0,0,0,0,0,0,0,0,0
22063,2017071391,2103.0,2100.0,9,9213,40.1767,-74.8848,0,0,0,0,0,0,4,7,2017,6,21.0,3.0,0,1.0,3,1,3,  ,2,3.0,0,0,1,0,0,0,0,0,0,0,0,0,0,0,0,0,0
22064,2017071774,1519.0,1516.0,23,23111,39.9624,-75.2616,0,0,0,0,0,0,4,7,2017,5,15.0,1.0,0,1.0,3,0,3,  ,2,3.0,0,0,1,0,0,0,0,0,0,0,0,0,0,0,0,0,0
22065,2017071793,1943.0,1941.0,67,67301,40.0153,-75.2081,0,0,0,0,0,0,4,6,2017,7,19.0,1.0,7,1.0,3,3,3,  ,0,0.0,0,0,1,0,0,0,0,0,0,0,0,0,0,0,0,0,0
22066,2017071958,1822.0,1818.0,48,48302,40.6865,-75.2279,0,0,0,0,0,0,4,7,2017,4,18.0,1.0,0,1.0,3,1,3,  ,2,3.0,0,0,1,0,0,0,0,0,0,0,0,0,0,0,0,0,0
22067,2017071978,1018.0,1010.0,1,1207,39.7423,-77.1036,0,0,0,0,0,0,4,7,2017,6,10.0,1.0,0,9.0,1,0,7,  ,0,0.0,1,0,1,0,0,0,0,0,0,0,0,0,0,0,0,0,0
22068,2017071997,1700.0,1700.0,2,2109,40.3718,-80.0494,0,0,0,0,0,1,8,7,2017,5,16.0,1.0,0,1.0,3,2,3,  ,0,0.0,1,0,0,0,0,0,0,0,0,0,0,0,0,0,0,0,0
22069,2017072118,1537.0,1533.0,22,22301,40.262,-76.8827,0,0,0,0,0,0,4,7,2017,4,15.0,1.0,0,1.0,3,2,3,  ,2,2.0,0,0,1,0,0,0,0,0,0,0,0,0,0,0,0,0,0
22070,2017072230,1814.0,1808.0,2,2301,40.4638,-79.9238,0,0,0,0,0,0,4,7,2017,6,18.0,1.0,0,1.0,3,1,3,  ,2,3.0,0,0,1,0,0,0,0,0,0,0,0,0,0,0,0,0,0
22071,2017072360,2148.0,2147.0,48,48206,40.6737,-75.3861,0,0,0,0,0,0,4,7,2017,4,21.0,3.0,0,1.0,3,1,3,  ,2,3.0,0,0,1,0,0,0,0,0,0,0,0,0,0,0,0,0,0
22072,2017072403,1357.0,1354.0,25,25302,42.1147,-80.0406,0,0,0,0,0,0,5,7,2017,5,13.0,1.0,0,1.0,3,0,3,  ,0,0.0,0,0,0,0,0,0,0,0,0,0,0,0,0,0,0,0,0
22073,2017072465,1556.0,1551.0,2,2301,40.45,-79.9874,0,0,0,0,0,0,4,7,2017,7,15.0,1.0,7,1.0,3,0,3,  ,0,0.0,1,0,1,0,0,0,0,0,0,0,0,0,0,0,0,0,0
22074,2017072539,2013.0,2009.0,21,21208,40.2341,-77.1832,0,0,0,0,0,0,2,7,2017,7,20.0,4.0,0,1.0,1,0,3,  ,0,0.0,0,1,0,0,0,0,0,0,0,0,0,0,0,0,0,0,0
22075,2017072550,2151.0,2123.0,7,7201,40.4502,-78.4091,0,0,0,0,0,0,6,7,2017,7,17.0,1.0,0,1.0,1,0,3,  ,0,0.0,0,0,0,1,0,1,0,0,0,0,0,0,0,0,0,0,0
22076,2017072663,1025.0,1025.0,2,2123,40.3239,-80.0792,0,0,0,0,0,1,4,7,2017,1,10.0,1.0,7,1.0,3,0,3,  ,0,0.0,0,0,1,0,0,0,0,0,0,0,0,0,0,0,0,0,0
22077,2017072685,1513.0,1509.0,2,2301,40.4406,-80.0188,0,0,0,0,0,1,4,7,2017,1,15.0,1.0,0,1.0,3,0,3,  ,0,0.0,0,0,1,0,0,0,0,0,0,0,0,0,0,0,0,0,0
22078,2017072748,1655.0,1650.0,26,26218,39.8808,-79.727,0,0,0,0,0,0,4,7,2017,5,16.0,1.0,7,1.0,1,0,3,  ,0,0.0,0,0,1,0,0,0,0,0,0,0,0,0,0,0,0,0,0
22079,2017072949,1127.0,1127.0,23,23103,40.0095,-75.3197,0,0,0,0,0,1,4,7,2017,3,11.0,1.0,0,1.0,3,0,3,  ,0,0.0,1,0,1,0,0,0,0,0,0,0,0,0,0,0,0,0,0
22080,2017072958,1313.0,1309.0,48,48302,40.6897,-75.2262,0,0,0,0,0,0,4,7,2017,1,13.0,1.0,0,1.0,3,1,3,  ,3,3.0,0,0,1,0,0,0,0,0,0,0,0,0,0,0,0,0,0
22081,2017073424,1537.0,1534.0,66,66301,39.9604,-76.7266,0,0,0,0,0,0,1,7,2017,3,15.0,1.0,0,1.0,3,1,3,  ,0,0.0,0,0,0,0,0,1,0,0,0,0,0,0,0,0,0,0,0
22082,2017073473,1756.0,1756.0,23,23111,39.9538,-75.2585,0,0,0,0,0,0,4,7,2017,3,17.0,1.0,0,1.0,3,1,3,  ,2,3.0,0,0,1,0,0,0,0,0,0,0,0,0,0,0,0,0,0
22083,2017073822,1100.0,1057.0,23,23427,39.9349,-75.2641,0,0,0,0,0,0,4,7,2017,4,10.0,1.0,0,1.0,3,2,3,  ,3,3.0,0,0,1,0,0,0,0,0,0,0,0,0,0,0,0,0,0
22084,2017073890,1529.0,1522.0,41,41301,41.2374,-77.0263,0,0,0,0,0,0,4,7,2017,4,15.0,1.0,0,1.0,3,2,3,  ,3,3.0,1,0,1,0,0,0,0,0,0,0,1,0,0,0,0,0,0
22085,2017073966,2039.0,2037.0,9,9202,40.1104,-74.9356,0,0,0,0,0,1,4,7,2017,4,20.0,4.0,0,1.0,3,1,3,  ,2,3.0,0,0,1,0,0,0,0,0,0,0,0,0,0,0,0,0,0
22086,2017074013,1554.0,1554.0,8,8408,41.8571,-76.3427,0,0,0,0,0,0,4,6,2017,6,15.0,1.0,0,1.0,1,0,3,  ,0,0.0,0,0,1,0,0,0,0,0,0,0,0,0,0,0,0,0,0
22087,2017074127,2256.0,2251.0,9,9216,40.2587,-74.9512,0,0,0,0,0,1,8,7,2017,4,22.0,3.0,0,1.0,3,2,3,  ,3,3.0,1,0,0,0,0,0,0,0,0,0,0,0,0,0,0,0,0
22088,2017074160,1722.0,1718.0,6,6301,40.3147,-75.9429,0,0,0,0,0,1,4,7,2017,4,17.0,1.0,7,1.0,3,0,3,  ,0,0.0,0,0,1,0,0,0,0,0,0,0,0,0,0,0,0,0,0
22089,2017074192,1645.0,1642.0,25,25302,42.1223,-80.0788,0,0,0,0,0,0,6,7,2017,5,16.0,1.0,0,1.0,3,1,3,  ,3,3.0,0,0,0,0,0,0,0,0,0,0,0,0,0,0,0,0,0
22090,2017074244,800.0,800.0,22,22202,40.2633,-76.6413,0,0,0,0,0,0,4,7,2017,4,8.0,1.0,7,1.0,3,0,3,  ,0,0.0,1,0,1,0,0,0,0,0,0,0,0,0,0,0,0,0,0
22091,2017074249,1257.0,1254.0,39,39301,40.5994,-75.4877,0,0,0,0,0,0,4,7,2017,4,12.0,1.0,0,1.0,3,1,3,  ,3,3.0,0,0,1,0,0,0,0,0,0,0,0,0,0,0,0,0,0
22092,2017074418,1604.0,1604.0,46,46411,40.2412,-75.2832,0,0,0,0,0,0,4,7,2017,2,16.0,1.0,7,1.0,3,0,3,  ,0,0.0,1,0,1,0,0,0,0,0,0,0,0,0,0,0,0,1,0
22093,2017074481,1057.0,1057.0,9,9210,40.3533,-75.2764,0,0,0,0,0,0,4,7,2017,6,10.0,1.0,0,1.0,3,1,3,  ,2,3.0,0,0,1,0,0,0,0,0,0,0,0,0,0,0,0,1,0
22094,2017074587,1721.0,1718.0,39,39301,40.5977,-75.4674,0,0,0,0,0,1,8,7,2017,4,17.0,1.0,0,1.0,3,1,3,  ,2,9.0,0,0,0,0,0,0,0,0,0,0,0,0,0,0,0,0,0
22095,2017074736,2041.0,2039.0,2,2302,40.2926,-79.8833,0,0,0,0,0,0,4,7,2017,6,20.0,4.0,0,1.0,3,1,3,  ,2,3.0,0,0,1,0,0,0,0,0,0,0,0,0,0,0,0,0,0