,CRN,ARRIVAL_TM,DISPATCH_TM,COUNTY,MUNICIPALITY,DEC_LAT,DEC_LONG,BICYCLE_DEATH_COUNT,BICYCLE_SUSP_SERIOUS_INJ_COUNT,BUS_COUNT,HEAVY_TRUCK_COUNT,SMALL_TRUCK_COUNT,SUV_COUNT,COLLISION_TYPE,CRASH_MONTH,CRASH_YEAR,DAY_OF_WEEK,HOUR_OF_DAY,ILLUMINATION,LOCATION_TYPE,ROAD_CONDITION,URBAN_RURAL,INTERSECT_TYPE,WEATHER1,WEATHER2,TCD_TYPE,TCD_FUNC_CD,AGGRESSIVE_DRIVING,ALCOHOL_RELATED,ANGLE_CRASH,CELL_PHONE,COMM_VEHICLE,DISTRACTED,DRINKING_DRIVER,DRUGGED_DRIVER,FATIGUE_ASLEEP,IMPAIRED_DRIVER,NHTSA_AGG_DRIVING,RUNNING_RED_LT,RUNNING_STOP_SIGN,SPEEDING_RELATED,TAILGATING,MATURE_DRIVER,YOUNG_DRIVER
22096,2017074750,1050.0,1042.0,14,14410,40.7843,-77.846,0,0,0,0,0,0,4,7,2017,7,9.0,1.0,0,1.0,3,1,3,  ,3,3.0,1,0,1,0,0,0,0,0,0,0,0,0,0,0,0,0,0
22097,2017074756,1145.0,1142.0,25,25302,42.1203,-80.1034,0,0,0,0,1,0,4,7,2017,7,11.0,1.0,7,1.0,3,0,3,  ,0,0.0,0,0,1,0,0,0,0,0,0,0,0,0,0,0,0,0,0
22098,2017074985,1803.0,1801.0,22,22409,,,0,0,0,0,0,1,4,7,2017,6,18.0,1.0,0,1.0,3,3,3,  ,0,0.0,0,0,1,0,0,0,0,0,0,0,0,0,0,0,0,0,0
22099,2017075125,1814.0,1810.0,35,35401,41.4968,-75.5546,0,0,0,0,1,0,4,7,2017,1,18.0,1.0,0,1.0,3,2,3,  ,3,3.0,0,0,1,0,0,0,0,0,0,0,0,0,0,0,0,1,0
22100,2017075131,1903.0,1858.0,2,2301,40.4208,-79.9937,0,0,0,0,1,0,4,7,2017,1,18.0,1.0,0,1.0,3,1,3,  ,3,3.0,0,0,1,0,0,0,0,0,0,0,0,0,0,0,0,0,0
22101,2017075409,1128.0,1123.0,21,21103,40.273,-76.9614,0,0,0,0,0,0,4,7,2017,1,11.0,1.0,7,1.0,3,10,3,  ,0,0.0,0,0,1,0,0,0,0,0,0,0,0,0,0,0,0,0,1
22102,2017075511,1923.0,1915.0,64,64103,,,0,0,0,0,0,0,4,7,2017,2,19.0,1.0,0,1.0,1,1,3,  ,0,0.0,0,0,1,0,0,0,0,0,0,0,0,0,0,0,0,0,1
22103,2017075537,2115.0,2113.0,6,6301,40.3621,-75.9115,0,0,0,0,0,1,4,7,2017,2,21.0,3.0,0,1.0,3,1,3,  ,3,3.0,0,0,1,0,0,0,0,0,0,0,0,0,0,0,0,0,0
22104,2017075540,1953.0,1948.0,6,6407,,,0,0,0,0,0,0,4,7,2017,5,19.0,1.0,0,9.0,1,1,7,  ,3,3.0,0,0,1,0,0,0,0,0,0,0,0,0,0,0,0,0,0
22105,2017075629,1853.0,1852.0,39,39301,40.6113,-75.4492,0,1,0,0,0,0,4,7,2017,6,18.0,1.0,0,1.0,3,1,3,  ,3,3.0,0,0,1,0,0,0,0,0,0,0,0,0,0,0,0,0,0
22106,2017075675,805.0,754.0,36,36101,40.0941,-76.3119,0,0,0,0,0,0,4,7,2017,3,7.0,1.0,0,1.0,3,1,3,  ,3,3.0,0,0,1,0,0,0,0,0,0,0,0,0,0,0,0,0,0
22107,2017075686,333.0,330.0,23,23301,39.8531,-75.349,0,0,0,0,0,0,5,7,2017,6,3.0,3.0,0,1.0,3,0,3,  ,0,0.0,1,0,0,0,0,0,0,0,0,0,0,0,0,0,0,0,0
22108,2017075815,1818.0,1808.0,36,36223,40.0382,-76.354,0,0,0,0,0,1,4,7,2017,7,18.0,1.0,0,1.0,1,2,3,  ,0,0.0,1,0,1,0,0,0,0,0,0,0,0,0,0,0,0,0,0
22109,2017076145,1834.0,1832.0,67,67301,39.9668,-75.2119,0,0,0,0,0,0,6,6,2017,4,18.0,1.0,0,9.0,3,0,7,  ,0,0.0,0,0,0,0,0,0,0,0,0,0,0,0,0,0,0,0,0
22110,2017076153,2337.0,2332.0,67,67301,39.9693,-75.1846,0,0,0,0,0,0,4,6,2017,7,23.0,3.0,0,1.0,3,1,3,  ,2,3.0,0,0,1,0,0,0,0,0,0,0,0,0,0,0,0,0,0
22111,2017076155,1527.0,1527.0,67,67301,39.9755,-75.1918,0,0,0,0,0,1,4,6,2017,7,15.0,1.0,0,1.0,3,2,3,  ,3,3.0,1,0,1,0,0,0,0,0,0,0,0,0,0,0,0,0,0
22112,2017076170,1752.0,1751.0,67,67301,40.0054,-75.0782,0,0,0,0,1,0,4,6,2017,6,14.0,1.0,0,1.0,3,0,3,  ,0,0.0,0,0,1,0,0,0,0,0,0,0,0,0,0,0,0,0,0
22113,2017076180,2236.0,2236.0,67,67301,40.0186,-75.2112,0,0,0,0,0,0,4,6,2017,5,22.0,3.0,0,1.0,3,1,3,  ,0,0.0,1,0,1,0,0,0,0,0,0,0,0,0,0,0,0,0,0
22114,2017076261,1655.0,1648.0,67,67301,39.9505,-75.1489,0,0,0,0,1,0,1,6,2017,5,16.0,1.0,0,1.0,3,1,3,  ,2,3.0,0,0,0,0,0,0,0,0,0,0,0,0,0,0,0,0,0
22115,2017076265,20.0,2317.0,67,67301,39.9229,-75.1581,0,0,0,0,0,0,4,6,2017,4,23.0,3.0,0,1.0,3,1,3,  ,2,3.0,0,1,1,0,0,0,0,0,0,0,0,0,0,0,0,0,0
22116,2017076296,1645.0,1641.0,67,67301,39.9379,-75.1667,0,0,0,0,0,0,4,6,2017,6,16.0,1.0,0,1.0,3,1,3,  ,2,3.0,0,0,1,0,0,0,0,0,0,0,0,0,0,0,0,1,0
22117,2017076300,1703.0,1654.0,67,67301,39.9442,-75.2222,0,0,0,0,0,0,4,6,2017,5,16.0,1.0,0,1.0,3,1,3,  ,0,0.0,0,0,1,0,0,0,0,0,0,0,0,0,0,0,0,0,0
22118,2017076316,1030.0,1028.0,67,67301,39.9762,-75.1718,0,0,0,0,0,0,4,6,2017,2,10.0,1.0,0,1.0,3,1,3,  ,3,3.0,0,0,1,0,0,0,0,0,0,0,0,0,0,0,0,0,0
22119,2017076334,2033.0,2028.0,67,67301,39.9442,-75.2222,0,0,0,0,0,0,4,6,2017,2,20.0,3.0,0,9.0,3,1,7,05,3,3.0,0,0,1,0,0,0,0,0,0,0,0,0,0,0,0,0,0
22120,2017076336,753.0,734.0,67,67301,40.1025,-75.0385,0,0,0,0,0,1,4,6,2017,3,7.0,1.0,0,1.0,3,3,3,  ,0,0.0,1,0,1,0,0,0,0,0,0,0,0,0,0,0,0,0,0
22121,2017076352,1603.0,1556.0,67,67301,40.0086,-75.0693,0,0,0,0,0,1,4,6,2017,3,15.0,1.0,1,1.0,3,0,3,  ,0,0.0,0,0,1,0,0,0,0,0,0,0,0,0,0,0,0,0,0
22122,2017076683,1949.0,1948.0,26,26409,39.8475,-79.8998,0,0,0,0,0,0,4,7,2017,7,19.0,1.0,0,1.0,1,1,3,  ,3,3.0,0,0,1,0,0,0,0,0,0,0,0,0,0,0,0,0,0
22123,2017076753,1609.0,1603.0,25,25302,42.1023,-80.1289,0,0,0,0,0,1,4,7,2017,5,16.0,1.0,0,1.0,3,2,3,  ,3,3.0,1,0,1,0,0,0,0,0,0,0,0,0,0,0,0,0,0
22124,2017076825,1430.0,1347.0,2,2301,40.464,-79.986,1,0,0,1,0,0,4,7,2017,5,13.0,1.0,0,1.0,3,1,3,  ,0,0.0,0,0,1,0,1,0,0,0,0,0,0,0,0,0,0,0,0
22125,2017076951,805.0,757.0,1,1204,39.8226,-77.2679,0,0,0,0,0,0,4,7,2017,4,7.0,1.0,0,1.0,1,2,3,  ,3,3.0,1,0,1,0,0,0,0,0,0,0,0,0,0,0,0,0,0
22126,2017076972,1929.0,1926.0,64,64304,40.1597,-79.892,0,0,0,0,0,0,4,2,2017,1,19.0,3.0,0,9.0,3,1,3,  ,3,3.0,0,0,1,0,0,0,0,0,0,0,0,0,0,0,0,1,0
22127,2017076993,1338.0,1330.0,25,25302,42.1329,-80.0711,0,0,0,0,0,0,4,7,2017,6,13.0,1.0,7,1.0,3,0,3,  ,0,0.0,1,0,1,0,0,0,0,0,0,0,0,0,0,1,0,0,0
22128,2017077634,1903.0,1903.0,53,53301,40.684,-76.1976,0,0,0,0,0,0,4,7,2017,5,19.0,1.0,0,1.0,2,1,3,  ,3,3.0,0,0,1,0,0,0,0,0,0,0,0,0,0,0,0,1,0
22129,2017077638,1903.0,1903.0,46,46224,40.1222,-75.2172,0,0,0,0,0,1,4,7,2017,1,19.0,1.0,1,1.0,3,1,3,  ,2,3.0,0,0,1,0,0,0,0,0,0,0,0,0,0,0,0,0,0
22130,2017077679,1131.0,1128.0,36,36101,40.0789,-76.3272,0,0,0,0,0,0,4,7,2017,2,11.0,1.0,0,1.0,3,2,3,  ,3,3.0,1,0,1,0,0,0,0,0,0,0,0,0,0,0,0,1,0
22131,2017077829,1517.0,1510.0,2,2301,40.4465,-79.9034,0,0,0,0,0,0,4,7,2017,2,15.0,1.0,0,1.0,3,1,3,  ,4,3.0,1,0,1,0,0,0,0,0,0,0,0,0,0,0,0,1,0
22132,2017078189,1833.0,1812.0,42,42301,41.9611,-78.6345,0,0,0,0,0,0,4,7,2017,7,18.0,1.0,0,1.0,2,0,3,  ,0,0.0,0,0,1,0,0,0,0,0,0,0,0,0,0,0,0,0,1
22133,2017078201,1509.0,1507.0,2,2117,40.393,-80.0593,0,0,0,0,0,0,4,7,2017,2,15.0,1.0,0,1.0,3,2,3,  ,3,3.0,0,0,1,0,0,0,0,0,0,0,0,0,0,0,0,0,0
22134,2017078211,915.0,902.0,2,2301,40.4286,-79.9776,0,1,0,0,1,0,4,8,2017,3,9.0,1.0,0,1.0,3,1,3,  ,2,3.0,0,0,1,0,0,0,0,0,0,0,0,0,0,0,0,0,0
22135,2017078244,1632.0,1630.0,46,46416,40.2486,-75.6452,0,1,0,0,0,0,4,7,2017,6,16.0,1.0,0,1.0,2,1,3,  ,0,0.0,0,0,1,0,0,0,0,0,0,0,0,0,0,0,0,0,0
22136,2017078272,1259.0,1252.0,36,36301,40.036,-76.3146,0,0,0,0,0,0,4,8,2017,3,12.0,1.0,0,1.0,3,3,3,  ,0,0.0,0,0,1,0,0,0,0,0,0,0,0,0,0,0,0,0,0
22137,2017078635,1451.0,1451.0,23,23103,39.9848,-75.3074,0,0,0,0,0,1,4,7,2017,7,14.0,1.0,0,1.0,3,2,3,  ,3,2.0,0,0,1,0,0,0,0,0,0,0,0,0,0,0,0,0,0
22138,2017078649,744.0,740.0,25,25101,42.1484,-80.0346,0,0,0,0,1,0,4,8,2017,3,7.0,1.0,0,1.0,3,2,3,  ,3,2.0,0,0,1,0,0,0,0,0,0,0,0,0,0,0,0,0,0
22139,2017078714,1905.0,1905.0,67,67301,40.0315,-75.0325,0,0,0,0,0,0,4,7,2017,1,14.0,1.0,0,1.0,3,1,3,  ,2,3.0,0,0,1,0,0,0,0,0,0,0,0,0,0,0,0,0,0
22140,2017078719,329.0,326.0,67,67301,39.9676,-75.2337,0,0,1,0,0,0,6,6,2017,5,23.0,3.0,0,1.0,3,0,3,  ,0,0.0,0,0,0,0,1,0,0,0,0,0,0,0,0,0,0,0,0
22141,2017078788,800.0,800.0,67,67301,39.9897,-75.1252,0,0,0,0,0,1,5,7,2017,2,99.0,1.0,0,1.0,3,0,3,  ,0,0.0,0,0,0,0,0,0,0,0,0,0,0,0,0,0,0,0,0
22142,2017078831,2200.0,2143.0,67,67301,39.9767,-75.1863,0,0,0,0,0,0,4,7,2017,5,21.0,3.0,0,9.0,3,1,7,  ,0,0.0,1,0,1,0,0,0,0,0,0,0,0,0,0,0,0,0,0
22143,2017078869,2105.0,2059.0,67,67301,39.954,-75.1682,0,0,0,0,0,0,4,7,2017,2,20.0,3.0,0,1.0,3,1,3,  ,2,3.0,0,0,1,0,0,0,0,0,0,0,0,0,0,0,0,0,0
22144,2017079241,1007.0,1005.0,9,9216,40.2255,-74.9116,0,0,0,0,0,0,4,8,2017,4,10.0,1.0,0,1.0,3,0,3,  ,0,0.0,0,0,1,0,0,0,0,0,0,0,0,0,0,0,0,0,0
22145,2017079274,1319.0,1318.0,63,63403,41.5684,-75.2555,0,0,0,0,0,0,4,7,2017,2,13.0,1.0,0,1.0,2,1,3,  ,3,3.0,0,0,1,0,0,0,0,0,0,0,0,0,0,0,0,0,0
22146,2017079589,1332.0,1322.0,45,45215,41.0876,-75.4239,0,0,0,0,0,0,4,7,2017,3,13.0,1.0,0,1.0,1,0,3,  ,0,0.0,1,0,1,0,0,0,0,0,0,0,0,0,0,0,1,0,0
22147,2017079610,1244.0,1230.0,2,2207,40.451,-80.0113,0,0,0,0,0,0,4,7,2017,1,12.0,1.0,0,1.0,3,0,3,  ,8,3.0,0,0,1,0,0,0,0,0,0,0,0,0,0,0,0,0,0
22148,2017079761,2012.0,2008.0,36,36301,40.0293,-76.308,0,0,0,0,0,0,4,7,2017,4,19.0,1.0,7,1.0,3,0,3,  ,0,0.0,0,0,1,0,0,0,0,0,0,0,0,0,0,0,0,0,0
22149,2017079840,803.0,759.0,36,36418,40.1559,-76.0434,0,0,0,0,0,0,4,8,2017,7,7.0,1.0,0,1.0,1,1,3,  ,3,3.0,1,0,1,0,0,0,0,0,0,0,0,0,0,0,0,1,0
22150,2017079852,946.0,940.0,36,36237,40.0975,-76.6123,0,0,0,0,1,0,4,7,2017,4,9.0,1.0,0,1.0,1,3,3,  ,0,0.0,1,0,1,0,1,0,0,0,0,0,0,0,0,0,0,0,0
22151,2017079905,1449.0,1447.0,43,43303,41.2329,-80.479,0,0,0,0,0,0,4,8,2017,7,14.0,1.0,0,1.0,3,0,3,  ,0,0.0,0,0,1,0,0,0,0,0,0,0,0,0,0,0,0,0,0
22152,2017079979,2057.0,2057.0,9,9202,40.1086,-74.9367,0,0,0,0,0,1,4,8,2017,7,20.0,3.0,0,1.0,3,1,3,  ,2,3.0,0,0,1,0,0,0,0,0,0,0,0,0,0,0,0,0,0
22153,2017080073,1658.0,1658.0,20,20301,41.6319,-80.1538,0,0,0,0,0,1,2,8,2017,6,16.0,1.0,0,1.0,2,1,3,  ,3,3.0,0,0,0,0,0,0,0,0,0,0,0,0,0,0,0,0,0
22154,2017080115,1420.0,1416.0,2,2301,40.4546,-79.8884,0,0,0,0,0,1,4,8,2017,1,14.0,1.0,0,1.0,3,1,3,  ,2,3.0,0,0,1,0,0,0,0,0,0,0,0,0,0,0,0,0,0
22155,2017080209,933.0,932.0,36,36238,40.1298,-76.2166,0,0,0,0,0,0,4,7,2017,1,9.0,1.0,2,1.0,3,1,3,  ,2,3.0,1,0,1,0,0,0,0,0,0,0,0,0,0,0,0,0,0
22156,2017080334,1811.0,1806.0,40,40301,40.9476,-75.9772,0,0,0,0,0,0,4,6,2017,4,18.0,1.0,0,1.0,2,1,3,  ,0,0.0,1,0,1,0,0,0,0,0,0,0,0,0,0,0,0,0,0
22157,2017080736,1802.0,1750.0,40,40214,40.9919,-75.9608,0,0,0,0,0,0,4,7,2017,4,17.0,1.0,0,1.0,1,2,3,  ,3,3.0,1,0,1,0,0,0,0,0,0,0,0,0,0,0,0,0,0
22158,2017080962,1739.0,1739.0,48,48209,40.6844,-75.3711,0,0,0,0,0,0,8,1,2017,4,17.0,2.0,0,1.0,1,0,3,  ,0,0.0,0,0,0,0,0,0,0,0,0,0,0,0,0,0,0,0,0
22159,2017081111,518.0,515.0,2,2301,40.4557,-79.966,0,0,0,0,1,0,5,8,2017,4,5.0,3.0,0,1.0,3,5,3,  ,2,3.0,0,0,0,0,0,0,0,0,0,0,0,0,0,0,0,0,0
22160,2017081648,1459.0,1456.0,66,66301,39.9636,-76.742,0,0,0,0,0,0,4,8,2017,5,14.0,1.0,0,1.0,3,2,3,  ,3,3.0,0,0,1,0,0,0,0,0,0,0,0,0,0,0,0,0,0
22161,2017081650,1427.0,1425.0,6,6404,40.2644,-75.8129,0,0,0,0,0,0,4,8,2017,5,14.0,1.0,0,1.0,3,0,3,  ,0,0.0,0,0,1,0,0,0,0,0,0,0,0,0,0,0,0,0,0
22162,2017081669,1255.0,1251.0,46,46225,40.1617,-75.2956,0,0,0,0,0,0,6,8,2017,5,12.0,1.0,0,1.0,3,1,3,  ,0,0.0,0,0,0,0,0,0,0,0,0,0,0,0,0,0,0,0,0
22163,2017081698,1555.0,1538.0,45,45207,41.0827,-75.0375,0,0,0,0,0,0,2,6,2017,5,15.0,1.0,0,1.0,1,0,3,  ,0,0.0,0,0,0,0,0,0,0,0,0,0,0,0,0,0,0,0,0
22164,2017081711,1616.0,1549.0,44,44210,40.3799,-77.864,0,0,0,0,0,1,4,7,2017,2,15.0,1.0,7,1.0,1,0,3,  ,0,0.0,0,0,1,0,0,0,0,0,0,0,0,0,0,0,0,0,0
22165,2017081736,1718.0,1716.0,39,39301,40.6101,-75.4466,0,0,0,0,0,1,8,8,2017,7,17.0,1.0,0,1.0,3,1,3,  ,3,9.0,0,0,0,0,0,0,0,0,0,0,0,0,0,0,0,0,0
22166,2017081803,1846.0,1845.0,36,36413,40.1104,-76.5032,0,1,0,0,0,1,4,8,2017,5,16.0,1.0,0,1.0,2,1,3,  ,3,3.0,0,0,1,0,0,0,0,0,0,0,0,0,0,0,0,0,0
22167,2017081996,1836.0,1834.0,15,15414,39.9614,-75.6007,0,0,0,0,0,0,5,8,2017,7,18.0,1.0,0,1.0,3,0,3,  ,0,0.0,1,0,0,0,0,0,0,0,0,0,0,0,0,0,0,0,0
22168,2017082143,1610.0,1603.0,21,21203,40.1299,-77.5287,0,1,0,0,0,1,4,7,2017,7,16.0,1.0,0,1.0,1,0,3,  ,0,0.0,0,0,1,0,0,0,0,0,0,0,0,0,0,0,0,0,0
22169,2017082146,341.0,341.0,26,26204,39.9952,-79.6098,1,0,0,0,0,0,1,8,2017,6,3.0,2.0,0,1.0,1,0,3,  ,0,0.0,1,1,0,0,0,0,0,0,0,0,0,0,0,1,0,0,0
22170,2017082265,2155.0,2125.0,15,15222,39.8312,-75.7913,0,0,0,0,0,0,4,7,2017,4,21.0,2.0,0,1.0,1,0,3,  ,0,0.0,0,0,1,0,0,0,0,0,0,0,0,0,0,0,0,0,0
22171,2017082331,2030.0,2027.0,46,46413,40.1324,-75.3538,0,0,0,0,0,1,4,8,2017,7,20.0,3.0,0,9.0,3,2,7,  ,3,3.0,0,0,1,0,0,0,0,0,0,0,0,0,0,0,0,0,0
22172,2017082434,1823.0,1822.0,35,35414,41.384,-75.7093,0,0,0,0,0,0,4,8,2017,6,18.0,1.0,0,9.0,3,1,7,  ,2,3.0,0,0,1,0,0,0,0,0,1,0,0,0,0,0,0,0,1
22173,2017082461,1144.0,1144.0,36,36239,40.0855,-76.4397,0,0,0,0,0,0,5,8,2017,2,7.0,1.0,0,9.0,3,0,7,  ,0,0.0,0,0,0,0,0,1,0,0,0,0,0,0,0,0,0,0,0
22174,2017082468,1311.0,1308.0,2,2116,40.5451,-80.016,0,0,0,0,0,0,4,8,2017,1,13.0,1.0,0,1.0,3,0,3,  ,0,0.0,0,0,1,0,0,0,0,0,0,0,0,0,0,0,0,0,1
22175,2017082474,1404.0,1401.0,9,9219,40.4226,-75.0664,0,0,0,0,0,0,5,8,2017,1,14.0,1.0,0,1.0,1,1,3,  ,3,3.0,0,0,0,0,0,0,0,0,0,0,0,0,0,0,0,0,0
22176,2017083100,1200.0,1158.0,40,40301,40.9666,-75.9993,0,0,0,0,0,0,1,7,2017,1,11.0,1.0,0,1.0,2,0,3,  ,0,0.0,0,0,0,0,0,0,0,0,0,0,0,0,0,0,0,1,0
22177,2017083470,1812.0,1810.0,46,46101,40.1328,-75.131,0,0,0,0,0,0,4,8,2017,2,18.0,1.0,0,1.0,3,2,3,  ,3,3.0,0,0,1,0,0,0,0,0,0,0,0,0,0,0,0,1,0
22178,2017083571,1457.0,1447.0,15,15408,39.9623,-75.8012,0,1,0,1,0,1,1,8,2017,3,14.0,1.0,0,1.0,3,2,3,  ,0,0.0,1,0,0,0,1,0,0,0,0,0,1,0,0,0,1,0,1
22179,2017083623,2033.0,2033.0,46,46104,40.0134,-75.2658,0,0,0,0,0,0,6,6,2017,4,20.0,1.0,0,1.0,3,2,3,  ,3,3.0,0,0,0,0,0,0,0,0,0,0,0,0,0,0,0,0,0
22180,2017083806,1842.0,1838.0,23,23108,39.9164,-75.3349,0,0,0,0,0,1,4,8,2017,4,18.0,1.0,0,1.0,3,0,3,  ,0,0.0,0,0,1,0,0,0,0,0,0,0,0,0,0,0,0,0,0
22181,2017083847,151.0,117.0,64,64206,40.1182,-79.5876,0,0,0,0,0,0,5,8,2017,5,0.0,6.0,0,1.0,1,0,3,  ,0,0.0,0,0,0,0,0,0,0,0,0,0,0,0,0,0,0,0,0
22182,2017083999,1400.0,1358.0,67,67301,39.9503,-75.1926,0,0,0,0,0,0,5,8,2017,5,13.0,1.0,0,1.0,3,1,3,  ,2,3.0,1,0,0,0,0,0,0,0,0,0,0,0,0,0,0,0,0
22183,2017084000,1215.0,1207.0,6,6301,40.3386,-75.9356,0,0,0,1,0,0,5,8,2017,5,12.0,1.0,0,1.0,3,1,3,  ,0,0.0,0,0,0,0,1,0,0,0,0,0,0,0,0,0,0,0,0
22184,2017084024,1634.0,1634.0,2,2301,40.4112,-80.0061,0,0,0,0,1,0,4,8,2017,5,16.0,1.0,0,1.0,3,0,3,  ,2,3.0,0,0,1,0,0,0,0,0,0,0,0,0,0,0,0,0,0
22185,2017084028,1657.0,1649.0,9,9101,40.141,-74.8747,0,0,0,0,0,0,4,8,2017,5,16.0,1.0,7,1.0,3,2,3,  ,3,3.0,1,0,1,0,0,0,0,0,0,0,0,0,0,0,0,0,0
22186,2017084385,2009.0,2007.0,66,66413,39.7977,-76.978,0,0,0,0,0,0,4,7,2017,2,20.0,1.0,0,1.0,2,1,3,  ,3,3.0,1,0,1,0,0,0,0,0,0,0,0,0,0,0,0,0,1
22187,2017084437,720.0,715.0,39,39302,40.6224,-75.3881,0,0,0,0,0,0,6,8,2017,5,7.0,1.0,0,1.0,3,1,3,  ,2,3.0,1,0,0,0,0,0,0,0,0,0,0,0,0,0,0,0,0
22188,2017084465,1228.0,1114.0,1,1409,39.8031,-77.0209,0,0,0,0,0,0,4,8,2017,7,11.0,1.0,0,1.0,2,1,3,  ,3,3.0,0,0,1,0,0,0,0,0,0,0,0,0,0,0,0,0,0
22189,2017084500,2015.0,2010.0,25,25302,42.112,-80.1172,0,0,0,0,1,0,4,8,2017,6,20.0,1.0,0,1.0,3,1,3,  ,2,3.0,1,1,1,0,0,0,1,0,0,1,1,1,0,0,0,0,0
22190,2017084518,2320.0,2317.0,22,22301,40.2807,-76.8965,0,0,0,0,0,0,4,8,2017,6,23.0,3.0,0,1.0,3,1,3,  ,0,0.0,0,0,1,0,0,0,0,0,0,0,0,0,0,0,0,0,0
22191,2017084568,1839.0,1820.0,26,26209,40.0779,-79.8095,1,0,0,0,0,1,4,8,2017,5,18.0,1.0,0,9.0,1,3,7,  ,0,0.0,0,0,1,0,0,0,0,0,0,0,0,0,0,0,0,0,0
22192,2017084655,1205.0,1200.0,2,2108,40.6094,-80.0154,0,0,0,0,0,0,4,8,2017,7,12.0,1.0,7,1.0,3,2,3,  ,0,0.0,0,0,1,0,0,0,0,0,0,0,0,0,0,0,0,0,0
22193,2017084821,751.0,747.0,46,46109,40.1791,-75.1818,0,0,0,0,0,1,4,8,2017,1,7.0,1.0,7,1.0,3,0,3,  ,0,0.0,1,0,1,0,0,0,0,0,0,0,0,0,0,0,0,1,0
22194,2017084923,1553.0,1551.0,46,46416,40.2566,-75.6348,0,1,0,0,0,0,4,8,2017,5,15.0,1.0,0,1.0,2,1,3,  ,3,3.0,0,0,1,0,0,1,0,0,0,0,0,0,0,0,0,1,0
22195,2017084952,1423.0,1423.0,46,46417,40.3807,-75.4854,0,0,0,0,0,0,4,8,2017,1,14.0,1.0,0,1.0,1,1,3,  ,3,3.0,0,0,1,0,0,0,0,0,0,0,0,0,0,0,0,0,0
22196,2017085007,1851.0,1848.0,23,23111,39.9609,-75.2762,0,1,0,0,0,0,4,8,2017,1,18.0,1.0,0,1.0,3,2,3,  ,3,3.0,0,0,1,0,0,0,0,0,0,0,0,0,0,0,0,0,0
22197,2017085059,2220.0,2215.0,2,2301,40.4283,-79.973,0,0,1,0,0,0,4,8,2017,1,22.0,3.0,0,1.0,3,1,3,  ,3,3.0,0,1,1,0,1,0,0,0,0,0,0,0,0,0,0,0,0
22198,2017085234,1157.0,1157.0,38,38301,40.3464,-76.4087,0,0,0,0,0,0,4,8,2017,2,11.0,1.0,0,1.0,2,1,3,  ,3,3.0,0,1,1,0,0,1,0,0,0,0,0,0,0,0,0,0,0
22199,2017085274,1611.0,1609.0,46,46216,40.2407,-75.3154,0,0,0,0,0,0,4,8,2017,2,16.0,1.0,7,1.0,1,0,3,  ,0,0.0,0,0,1,0,0,0,0,0,0,0,0,0,0,0,0,0,0
22200,2017085327,1435.0,1412.0,30,30215,39.7272,-80.0613,0,0,0,0,1,0,1,8,2017,7,14.0,1.0,0,1.0,1,0,3,  ,0,0.0,0,0,0,0,0,0,0,0,0,0,0,0,0,0,0,1,0
22201,2017085721,1930.0,1900.0,11,11207,40.6327,-78.6192,0,0,0,0,0,0,5,7,2017,2,18.0,1.0,0,1.0,1,0,3,  ,0,0.0,1,0,0,0,0,0,0,0,0,0,0,0,0,0,0,0,0
22202,2017085789,1745.0,1740.0,25,25213,42.0959,-80.1429,0,0,0,0,0,0,4,8,2017,3,17.0,1.0,0,1.0,3,2,3,  ,3,3.0,1,0,1,0,0,0,0,0,0,0,0,0,0,0,0,0,0
22203,2017085796,1923.0,1919.0,38,38301,40.3381,-76.4143,0,0,0,0,0,0,4,8,2017,1,19.0,1.0,0,1.0,2,1,3,  ,0,0.0,0,0,1,0,0,1,0,0,0,0,0,0,0,0,0,0,0
22204,2017085932,1245.0,1236.0,25,25213,,,0,0,0,0,1,0,5,8,2017,1,12.0,1.0,0,1.0,3,0,3,  ,0,0.0,0,0,0,0,0,0,0,0,0,0,0,0,0,0,0,0,0
22205,2017086043,230.0,226.0,67,67301,39.9444,-75.1654,0,0,0,0,0,0,5,7,2017,1,2.0,3.0,0,1.0,3,0,3,  ,0,0.0,0,1,0,0,0,0,1,0,0,1,0,0,0,0,0,0,0
22206,2017086054,1710.0,1700.0,67,67301,40.0016,-75.1286,0,0,0,0,0,0,4,7,2017,6,16.0,1.0,0,1.0,3,1,3,  ,1,3.0,0,0,1,0,0,0,0,0,0,0,0,0,0,0,0,0,0
22207,2017086056,1745.0,1740.0,67,67301,39.9993,-75.1668,0,0,0,0,0,0,4,7,2017,2,17.0,1.0,0,1.0,3,0,3,  ,0,0.0,0,0,1,0,0,0,0,0,0,0,0,0,0,0,0,0,0
22208,2017086057,900.0,855.0,67,67301,39.9272,-75.1757,0,0,0,0,0,0,5,8,2017,3,8.0,1.0,0,1.0,3,2,3,  ,0,0.0,0,0,0,0,0,0,0,0,0,0,0,0,0,0,0,0,0
22209,2017086064,1912.0,1910.0,67,67301,39.9211,-75.2242,0,0,0,0,0,0,4,7,2017,6,9.0,1.0,0,1.0,3,1,3,  ,2,3.0,0,0,1,0,0,0,0,0,0,0,0,0,0,0,0,0,0
22210,2017086067,246.0,244.0,67,67301,40.0449,-75.1225,0,0,0,0,0,0,5,7,2017,5,2.0,3.0,0,1.0,3,0,3,  ,0,0.0,0,0,0,0,0,0,0,0,0,0,0,0,0,0,0,0,0