,CRN,ARRIVAL_TM,DISPATCH_TM,COUNTY,MUNICIPALITY,DEC_LAT,DEC_LONG,BICYCLE_DEATH_COUNT,BICYCLE_SUSP_SERIOUS_INJ_COUNT,BUS_COUNT,HEAVY_TRUCK_COUNT,SMALL_TRUCK_COUNT,SUV_COUNT,COLLISION_TYPE,CRASH_MONTH,CRASH_YEAR,DAY_OF_WEEK,HOUR_OF_DAY,ILLUMINATION,LOCATION_TYPE,ROAD_CONDITION,URBAN_RURAL,INTERSECT_TYPE,WEATHER1,WEATHER2,TCD_TYPE,TCD_FUNC_CD,AGGRESSIVE_DRIVING,ALCOHOL_RELATED,ANGLE_CRASH,CELL_PHONE,COMM_VEHICLE,DISTRACTED,DRINKING_DRIVER,DRUGGED_DRIVER,FATIGUE_ASLEEP,IMPAIRED_DRIVER,NHTSA_AGG_DRIVING,RUNNING_RED_LT,RUNNING_STOP_SIGN,SPEEDING_RELATED,TAILGATING,MATURE_DRIVER,YOUNG_DRIVER
22211,2017086075,1646.0,1646.0,67,67301,39.9214,-75.1766,0,0,0,0,0,0,5,7,2017,4,14.0,1.0,0,1.0,3,0,3,  ,0,0.0,0,0,0,0,0,0,0,0,0,0,0,0,0,0,0,0,0
22212,2017086077,1358.0,1358.0,67,67301,40.0385,-75.1248,0,1,0,0,0,1,4,7,2017,6,13.0,1.0,0,1.0,3,2,3,  ,0,0.0,0,0,1,0,0,0,0,0,0,0,0,0,0,0,0,0,0
22213,2017086083,1525.0,1523.0,11,11301,40.3199,-78.9177,0,0,0,0,0,0,8,8,2017,5,15.0,1.0,0,1.0,3,1,3,  ,3,9.0,0,0,0,0,0,0,0,0,0,0,0,0,0,0,0,1,0
22214,2017086096,9999.0,9999.0,67,67301,39.9641,-75.2214,0,0,0,0,0,0,4,7,2017,2,99.0,1.0,0,1.0,3,1,3,  ,2,3.0,0,0,1,0,0,0,0,0,0,0,0,0,0,0,0,0,0
22215,2017086127,49.0,49.0,67,67301,39.9864,-75.1698,0,0,0,0,0,0,5,7,2017,4,0.0,3.0,0,1.0,3,0,3,  ,0,0.0,0,0,0,0,0,0,0,0,0,0,0,0,0,0,0,0,0
22216,2017086128,720.0,712.0,67,67301,40.017,-75.1883,0,0,0,0,1,0,4,7,2017,6,7.0,5.0,0,9.0,3,1,7,  ,2,3.0,0,0,1,0,0,0,0,0,0,0,0,0,0,0,0,0,0
22217,2017086134,1142.0,1138.0,67,67301,40.0009,-75.1226,0,0,0,0,0,1,4,7,2017,7,11.0,1.0,0,1.0,3,1,3,  ,3,3.0,1,0,1,0,0,0,0,0,0,0,0,0,0,0,0,0,0
22218,2017086156,1415.0,1414.0,67,67301,39.9685,-75.1651,0,0,0,0,1,0,4,7,2017,5,14.0,1.0,0,1.0,3,1,3,  ,3,3.0,1,0,1,0,0,0,0,0,0,0,0,0,0,0,0,0,0
22219,2017086182,1930.0,1930.0,67,67301,39.9444,-75.2098,0,0,0,0,0,0,3,7,2017,6,8.0,1.0,0,1.0,3,0,3,  ,0,0.0,0,0,0,0,0,0,0,0,0,0,0,0,0,0,0,0,0
22220,2017086223,1853.0,1848.0,67,67301,39.9496,-75.1643,0,0,1,0,0,0,5,7,2017,4,18.0,1.0,0,1.0,3,0,3,  ,0,0.0,0,0,0,0,1,0,0,0,0,0,0,0,0,0,0,0,0
22221,2017086258,1810.0,1736.0,67,67301,39.9447,-75.1719,0,0,0,0,0,0,1,7,2017,7,17.0,1.0,0,1.0,3,0,3,  ,0,0.0,0,0,0,0,0,0,0,0,0,0,0,0,0,0,0,0,0
22222,2017086260,858.0,845.0,67,67301,39.9384,-75.1718,0,0,0,0,0,0,1,7,2017,3,8.0,1.0,0,1.0,3,0,3,  ,0,0.0,1,0,0,0,0,0,0,0,0,0,0,0,0,0,1,0,0
22223,2017086268,1605.0,1600.0,67,67301,39.922,-75.151,0,0,0,0,0,0,4,7,2017,1,16.0,1.0,0,1.0,3,1,3,  ,2,3.0,1,0,1,0,0,0,0,0,0,0,0,0,0,0,0,0,0
22224,2017086282,1546.0,1543.0,67,67301,40.0207,-75.076,0,0,0,0,0,0,4,8,2017,3,15.0,1.0,0,1.0,3,1,3,  ,3,3.0,0,0,1,0,0,0,0,0,0,0,0,0,0,0,0,0,0
22225,2017086302,2055.0,2052.0,67,67301,39.9389,-75.2154,0,0,0,0,0,0,1,7,2017,6,20.0,3.0,0,1.0,3,0,3,  ,0,0.0,0,0,0,0,0,0,0,0,0,0,0,0,0,0,0,0,0
22226,2017086330,1558.0,1554.0,67,67301,40.0948,-75.0507,0,1,0,0,0,1,4,8,2017,3,15.0,1.0,0,1.0,3,1,3,  ,2,3.0,0,0,1,0,0,0,0,0,0,0,0,0,0,0,0,0,0
22227,2017086349,1722.0,1717.0,67,67301,39.9916,-75.1551,0,0,0,0,0,0,1,7,2017,6,17.0,1.0,0,1.0,3,0,3,  ,0,0.0,1,0,0,0,0,0,0,0,0,0,0,0,0,0,0,0,0
22228,2017086360,1215.0,1211.0,67,67301,39.9658,-75.2075,0,0,0,0,0,0,1,7,2017,5,15.0,1.0,0,1.0,3,0,3,  ,0,0.0,0,0,0,0,0,0,0,0,0,0,0,0,0,0,0,0,0
22229,2017086438,1616.0,1615.0,39,39301,40.5954,-75.4964,0,0,0,0,0,0,4,8,2017,1,16.0,1.0,0,1.0,3,1,3,  ,2,3.0,0,0,1,0,0,0,0,0,0,0,0,0,0,0,0,0,0
22230,2017086497,1812.0,1807.0,2,2214,40.4416,-80.2403,0,1,0,0,1,0,8,8,2017,4,18.0,1.0,0,1.0,3,1,3,  ,3,3.0,0,0,0,0,0,0,0,0,0,0,0,0,0,0,0,0,0
22231,2017086633,1521.0,1513.0,67,67301,39.9655,-75.236,0,0,0,0,0,1,4,5,2017,3,15.0,1.0,0,1.0,3,0,3,  ,0,0.0,0,0,1,0,0,0,0,0,0,0,0,0,0,0,0,0,0
22232,2017086636,1723.0,1719.0,67,67301,40.0726,-75.0138,0,0,0,0,0,0,1,7,2017,5,17.0,1.0,0,9.0,3,0,7,  ,0,0.0,0,0,0,0,0,0,0,0,0,0,0,0,0,0,0,0,0
22233,2017086647,505.0,500.0,67,67301,39.9614,-75.1485,0,0,0,0,0,0,5,2,2017,1,0.0,3.0,0,1.0,3,0,3,  ,0,0.0,0,0,0,0,0,0,0,0,0,0,0,0,0,0,0,0,0
22234,2017086706,304.0,303.0,67,67301,39.9424,-75.1474,0,0,0,0,0,0,4,3,2017,7,3.0,3.0,0,1.0,3,1,3,  ,2,3.0,1,0,1,0,0,0,0,0,0,0,0,0,0,0,0,0,0
22235,2017086720,1810.0,1759.0,67,67301,39.9607,-75.1422,0,0,0,0,0,1,4,3,2017,5,17.0,1.0,7,1.0,3,0,3,  ,0,0.0,0,0,1,0,0,0,0,0,0,0,0,0,0,0,0,0,0
22236,2017086728,955.0,946.0,67,67301,39.9635,-75.1428,0,0,0,0,0,1,4,3,2017,4,9.0,1.0,7,1.0,3,0,3,  ,0,0.0,1,0,1,0,0,0,0,0,0,0,0,0,0,0,0,0,0
22237,2017086769,2204.0,2202.0,67,67301,39.9287,-75.2298,0,0,0,0,0,0,2,4,2017,3,21.0,3.0,0,1.0,3,0,3,  ,0,0.0,0,0,0,0,0,0,0,0,0,0,0,0,0,0,0,0,0
22238,2017086784,1735.0,1734.0,67,67301,40.0949,-75.0193,0,0,0,0,0,0,4,4,2017,1,17.0,1.0,0,1.0,3,0,3,  ,0,0.0,0,0,1,0,0,0,0,0,0,0,0,0,0,0,0,0,0
22239,2017086795,2023.0,2017.0,67,67301,39.9339,-75.1944,0,0,0,0,0,0,6,4,2017,2,19.0,3.0,0,1.0,3,0,3,  ,0,0.0,0,0,0,0,0,0,0,0,0,0,0,0,0,0,0,0,0
22240,2017086823,920.0,913.0,67,67301,39.9289,-75.2383,0,0,0,0,0,0,5,4,2017,7,9.0,1.0,0,1.0,3,3,3,  ,2,3.0,0,0,0,0,0,0,0,0,0,0,0,0,0,0,0,0,0
22241,2017086832,745.0,741.0,67,67301,39.9462,-75.2388,0,0,0,0,0,0,4,5,2017,5,99.0,1.0,0,1.0,3,3,3,  ,0,0.0,1,0,1,0,0,0,0,0,0,0,0,0,0,0,0,1,0
22242,2017086837,1340.0,1330.0,67,67301,39.9705,-75.1596,0,0,0,0,0,1,5,5,2017,4,13.0,1.0,0,98.0,3,0,99,  ,0,0.0,0,0,0,0,0,0,0,0,0,0,0,0,0,0,0,0,0
22243,2017086875,830.0,830.0,67,67301,40.0339,-75.0904,0,0,0,0,0,0,4,5,2017,6,7.0,1.0,0,1.0,3,0,3,  ,0,0.0,0,0,1,0,0,0,0,0,0,0,0,0,0,0,0,0,0
22244,2017086912,1638.0,1634.0,67,67301,39.9445,-75.1641,0,0,0,0,0,0,4,6,2017,2,15.0,1.0,0,1.0,3,1,3,  ,3,3.0,0,0,1,0,0,0,0,0,0,0,0,0,0,0,0,0,0
22245,2017087029,1727.0,1716.0,36,36227,40.2091,-76.4217,0,0,0,1,0,0,2,8,2017,4,17.0,1.0,0,1.0,1,0,3,  ,0,0.0,0,0,0,0,1,0,0,0,0,0,0,0,0,0,0,0,0
22246,2017087055,2313.0,2311.0,25,25302,42.1343,-80.0885,0,0,0,0,0,1,4,8,2017,2,23.0,3.0,0,1.0,3,1,3,  ,2,3.0,0,0,1,0,0,0,0,0,0,0,0,0,0,0,0,0,0
22247,2017087096,1914.0,1909.0,14,14221,40.9138,-77.6995,0,0,0,0,0,0,5,8,2017,4,19.0,1.0,0,1.0,1,0,3,  ,0,0.0,0,0,0,0,0,1,0,0,0,0,0,0,0,0,0,0,1
22248,2017087357,1718.0,1710.0,39,39301,40.6097,-75.4914,0,0,0,0,0,0,4,8,2017,5,17.0,1.0,0,1.0,3,2,3,  ,3,3.0,0,0,1,0,0,0,0,0,0,0,0,0,0,0,0,0,0
22249,2017087470,1603.0,1600.0,66,66301,39.9615,-76.731,0,0,0,0,0,1,8,8,2017,6,15.0,1.0,0,1.0,3,0,3,  ,0,0.0,0,0,0,0,0,0,0,0,0,0,0,0,0,0,0,0,1
22250,2017087559,1934.0,1928.0,2,2301,40.4129,-80.01,0,0,0,0,1,0,4,8,2017,6,19.0,1.0,0,1.0,3,2,3,  ,2,3.0,0,0,1,0,0,0,0,0,0,0,0,0,0,0,0,0,0
22251,2017087562,2048.0,2044.0,22,22301,40.2661,-76.8691,0,0,0,0,0,0,4,8,2017,6,20.0,3.0,0,1.0,3,1,3,  ,3,3.0,0,1,1,0,0,0,0,0,0,0,0,0,0,0,0,0,0
22252,2017087715,1831.0,1828.0,9,9218,40.2064,-74.9648,0,0,0,0,0,1,4,8,2017,6,18.0,1.0,0,1.0,3,1,3,  ,3,3.0,0,0,1,0,0,0,0,0,0,0,0,0,0,0,0,0,0
22253,2017087733,1315.0,1311.0,46,46225,40.1575,-75.2297,0,0,0,0,0,1,4,8,2017,7,13.0,1.0,0,1.0,3,0,3,  ,0,0.0,0,0,1,0,0,0,0,0,0,0,0,0,0,0,0,1,0
22254,2017087737,1709.0,1704.0,25,25302,42.1252,-80.0717,0,0,0,0,1,0,4,8,2017,7,17.0,1.0,0,1.0,3,2,3,  ,2,3.0,0,0,1,0,0,0,0,0,0,0,0,0,0,0,0,0,0
22255,2017087912,1402.0,1400.0,46,46411,40.2389,-75.2793,0,0,0,0,0,0,4,8,2017,7,14.0,1.0,0,1.0,3,1,3,  ,2,3.0,0,0,1,0,0,0,0,0,0,0,0,0,0,0,0,0,0
22256,2017087920,1219.0,1210.0,7,7301,40.5018,-78.3938,0,0,0,0,0,0,4,8,2017,4,12.0,1.0,0,1.0,3,1,3,  ,0,0.0,0,1,1,0,0,0,0,0,0,0,0,0,0,0,0,0,0
22257,2017088063,1649.0,1647.0,6,6404,40.2641,-75.8044,0,0,0,0,0,0,4,8,2017,6,16.0,1.0,0,1.0,3,1,3,  ,0,0.0,0,0,1,0,0,0,0,0,0,0,0,0,0,0,0,0,0
22258,2017088194,1440.0,1435.0,64,64305,40.5705,-79.7616,0,0,0,0,0,0,3,8,2017,1,14.0,1.0,0,1.0,3,0,3,  ,0,0.0,0,0,0,0,0,0,0,0,0,0,0,0,0,0,0,0,0
22259,2017088212,2004.0,2000.0,39,39102,40.6612,-75.4963,0,0,0,0,0,0,4,8,2017,6,20.0,4.0,0,1.0,3,2,3,  ,3,3.0,0,0,1,0,0,0,0,0,0,0,0,0,0,0,0,0,0
22260,2017088257,1212.0,1209.0,6,6102,40.3925,-75.9198,0,0,0,0,0,0,4,8,2017,2,12.0,1.0,7,1.0,3,2,3,  ,0,0.0,1,0,1,0,0,0,0,0,0,0,0,0,0,0,0,0,0
22261,2017088504,1136.0,1135.0,9,9226,40.2022,-75.1008,0,0,0,0,0,1,4,8,2017,5,11.0,1.0,7,1.0,3,0,3,  ,3,3.0,1,0,1,0,0,0,0,0,0,0,0,0,1,0,0,0,0
22262,2017088666,2100.0,2100.0,46,46104,39.9818,-75.2745,0,0,0,0,0,0,4,8,2017,1,21.0,1.0,0,1.0,3,1,3,  ,3,3.0,0,0,1,0,0,0,0,0,0,0,0,0,0,0,0,1,0
22263,2017088741,1225.0,1220.0,67,67301,39.9559,-75.1982,0,0,0,0,0,0,4,8,2017,5,12.0,1.0,0,9.0,3,1,3,  ,0,0.0,0,0,1,0,0,1,0,0,0,0,0,0,0,0,0,0,0
22264,2017088743,1608.0,1606.0,67,67301,39.9587,-75.1672,0,0,0,0,0,0,4,8,2017,4,16.0,1.0,3,1.0,3,1,3,  ,2,3.0,0,0,1,0,0,0,0,0,0,0,0,0,0,0,0,0,0
22265,2017088817,1350.0,1350.0,67,67301,39.9459,-75.1563,0,0,0,0,0,0,4,8,2017,6,8.0,1.0,0,1.0,3,1,3,  ,2,3.0,1,0,1,0,0,0,0,0,0,0,0,0,0,0,0,0,0
22266,2017088829,1543.0,1538.0,67,67301,39.9355,-75.1973,0,0,0,0,0,0,5,8,2017,6,15.0,1.0,0,1.0,3,1,3,  ,3,3.0,0,0,0,0,0,0,0,0,0,0,0,0,0,0,0,0,0
22267,2017088837,217.0,15.0,67,67301,39.9859,-75.1235,0,0,0,0,1,0,1,8,2017,3,0.0,3.0,0,1.0,3,0,3,  ,0,0.0,0,0,0,0,0,0,0,0,0,0,0,0,0,0,0,0,0
22268,2017088847,945.0,930.0,67,67301,39.9606,-75.17,0,0,0,0,0,0,4,8,2017,3,9.0,1.0,0,1.0,3,1,3,  ,3,3.0,0,0,1,0,0,0,0,0,0,0,0,0,0,0,0,0,0
22269,2017088858,547.0,542.0,67,67301,39.9539,-75.2103,0,0,0,0,0,1,4,8,2017,5,5.0,1.0,0,1.0,3,1,3,  ,3,3.0,1,0,1,0,0,0,0,0,0,0,0,0,0,0,0,0,0
22270,2017088863,1910.0,1850.0,67,67301,39.9754,-75.19,0,0,0,0,0,0,1,8,2017,4,99.0,1.0,0,1.0,3,3,3,  ,2,3.0,0,0,0,0,0,0,0,0,0,0,0,0,0,0,0,0,0
22271,2017088908,919.0,918.0,67,67301,39.9658,-75.1657,0,0,0,0,0,0,4,8,2017,6,9.0,1.0,0,1.0,3,1,3,  ,3,3.0,0,0,1,0,0,0,0,0,0,0,0,0,0,0,0,0,0
22272,2017088924,1258.0,1256.0,67,67301,40.0132,-75.0704,0,0,0,0,0,1,4,8,2017,7,12.0,1.0,0,1.0,3,1,3,  ,2,3.0,0,0,1,0,0,0,0,0,0,0,0,0,0,0,0,0,0
22273,2017088931,1750.0,1410.0,67,67301,39.9919,-75.1627,0,0,0,0,0,0,4,8,2017,5,14.0,1.0,0,1.0,3,0,3,  ,0,0.0,0,0,1,0,0,0,0,0,0,0,0,0,0,0,0,0,0
22274,2017088948,2313.0,1111.0,67,67301,39.9241,-75.1579,0,0,0,0,0,0,4,7,2017,7,11.0,1.0,0,1.0,3,1,3,  ,3,3.0,0,0,1,0,0,0,0,0,0,0,0,0,0,0,0,0,0
22275,2017088949,2115.0,1923.0,67,67301,39.951,-75.1773,0,0,0,0,0,0,4,8,2017,3,19.0,1.0,0,1.0,3,1,3,  ,2,3.0,0,0,1,0,0,0,0,0,0,0,0,0,0,0,0,0,0
22276,2017088956,2024.0,2019.0,67,67301,39.9202,-75.1572,0,0,0,0,0,0,4,8,2017,5,20.0,3.0,0,1.0,3,1,7,  ,3,3.0,0,0,1,0,0,0,0,0,0,0,0,0,0,0,0,0,0
22277,2017088972,2110.0,2105.0,67,67301,40.0309,-75.1317,0,0,0,0,0,0,1,8,2017,1,21.0,2.0,0,1.0,3,0,3,  ,0,0.0,0,0,0,0,0,0,0,0,0,0,0,0,0,0,0,0,0
22278,2017088995,1513.0,1511.0,23,23111,39.9526,-75.2634,0,0,0,0,0,0,2,8,2017,3,15.0,1.0,0,9.0,3,0,7,  ,0,0.0,0,0,0,0,0,0,0,0,0,0,0,0,0,0,0,0,1
22279,2017089135,1700.0,1656.0,25,25302,42.1224,-80.011,0,0,0,0,0,0,4,8,2017,3,16.0,1.0,0,1.0,3,5,3,  ,2,3.0,0,0,1,0,0,0,0,0,0,0,0,0,0,0,0,0,1
22280,2017089143,1602.0,1558.0,2,2118,40.5442,-79.9723,0,0,0,0,0,0,8,8,2017,7,15.0,1.0,0,1.0,3,0,3,  ,0,0.0,0,0,0,0,0,0,0,0,0,0,0,0,0,0,0,0,0
22281,2017089186,1714.0,1712.0,7,7407,40.6661,-78.245,0,0,0,0,0,0,4,8,2017,5,17.0,1.0,0,1.0,2,1,3,  ,3,3.0,0,0,1,0,0,0,0,0,0,0,0,0,0,0,0,0,0
22282,2017089248,947.0,936.0,2,2301,40.4276,-79.9863,0,0,0,1,0,0,7,8,2017,4,9.0,1.0,0,1.0,3,0,3,  ,0,0.0,0,0,0,0,1,0,0,0,0,0,0,0,0,0,0,0,0
22283,2017089337,1452.0,1450.0,9,9211,40.2214,-74.8198,1,0,0,0,0,0,4,8,2017,3,14.0,1.0,0,1.0,3,1,3,  ,3,3.0,0,0,1,0,0,0,0,0,0,0,0,0,0,0,0,0,1
22284,2017089529,607.0,606.0,40,40301,40.9524,-75.9765,0,0,0,0,1,0,4,8,2017,4,6.0,5.0,0,1.0,2,1,5,  ,3,3.0,1,0,1,0,0,0,0,0,0,0,0,0,0,0,0,1,0
22285,2017089678,1914.0,1910.0,40,40301,40.9653,-75.9767,0,0,0,0,0,0,4,7,2017,7,19.0,1.0,0,1.0,2,1,3,  ,0,0.0,0,0,1,0,0,0,0,0,0,0,0,0,0,0,0,1,0
22286,2017089742,1724.0,1723.0,53,53301,40.679,-76.2099,0,0,0,0,0,0,4,8,2017,7,17.0,1.0,0,1.0,2,0,3,  ,0,0.0,0,0,1,0,0,0,0,0,0,0,0,0,0,0,0,1,0
22287,2017089772,1928.0,1920.0,64,64209,40.278,-79.5079,0,1,0,0,0,0,5,8,2017,7,19.0,1.0,0,1.0,3,0,3,  ,3,3.0,0,1,0,0,0,0,1,0,0,1,0,0,0,0,0,0,0
22288,2017089835,1554.0,1551.0,23,23207,39.918,-75.441,0,0,0,0,0,1,8,7,2017,5,15.0,1.0,0,9.0,3,2,7,  ,3,3.0,0,0,0,0,0,0,0,0,0,0,0,0,0,0,0,0,0
22289,2017089960,2357.0,2351.0,23,23110,39.8288,-75.4329,0,0,0,0,0,1,8,8,2017,6,23.0,2.0,7,9.0,3,0,7,  ,0,0.0,0,0,0,0,0,0,0,0,0,0,0,0,0,0,0,0,0
22290,2017090132,1540.0,1538.0,9,9213,40.1549,-74.8858,0,0,0,0,0,0,4,8,2017,5,15.0,1.0,7,1.0,3,0,3,  ,3,3.0,0,0,1,0,0,1,0,0,0,0,0,0,0,0,0,0,0
22291,2017090185,1517.0,1516.0,39,39301,40.6039,-75.4655,0,0,0,0,1,0,4,8,2017,7,15.0,1.0,0,1.0,3,1,3,  ,2,3.0,0,0,1,0,0,0,0,0,0,0,0,0,0,0,0,0,0
22292,2017090250,2236.0,2232.0,2,2301,40.4615,-79.9249,0,0,0,0,0,0,4,9,2017,6,22.0,3.0,0,1.0,3,1,3,  ,2,3.0,0,0,1,0,0,0,0,0,0,0,0,0,0,0,0,1,0
22293,2017090411,1031.0,1030.0,46,46208,40.1501,-75.3974,0,0,0,0,0,0,4,9,2017,7,10.0,1.0,0,1.0,3,2,3,  ,3,3.0,1,0,1,0,0,0,0,0,0,0,0,0,0,0,0,0,0
22294,2017090620,1603.0,1558.0,62,62302,40.1832,-80.2585,0,1,1,0,0,0,1,9,2017,6,15.0,1.0,0,1.0,3,1,3,  ,0,0.0,0,0,0,0,1,0,0,0,0,0,0,0,0,0,0,1,0
22295,2017090826,1737.0,1735.0,25,25302,42.1343,-80.0721,0,0,0,0,0,0,4,9,2017,1,17.0,1.0,0,1.0,3,1,3,  ,2,3.0,0,0,1,0,0,0,0,1,0,1,0,0,0,0,0,0,1
22296,2017090870,1230.0,1228.0,67,67301,39.9513,-75.1991,0,0,0,0,0,1,4,9,2017,2,12.0,1.0,0,1.0,3,1,3,  ,2,3.0,0,0,1,0,0,0,0,0,0,0,0,0,0,0,0,0,0
22297,2017090959,1915.0,1911.0,22,22301,40.2647,-76.8636,0,0,0,0,0,0,4,9,2017,2,19.0,1.0,0,1.0,3,1,3,  ,0,0.0,0,0,1,0,0,0,0,0,0,0,0,0,0,0,0,0,0
22298,2017091052,750.0,748.0,66,66301,39.9653,-76.708,0,0,0,0,0,0,4,9,2017,3,7.0,1.0,1,1.0,3,0,3,  ,3,3.0,0,0,1,0,0,0,0,0,0,0,0,0,0,0,0,0,0
22299,2017091149,1349.0,1349.0,46,46409,40.2748,-75.3071,0,0,0,0,0,1,5,9,2017,3,13.0,1.0,0,1.0,3,3,3,  ,0,0.0,1,0,0,0,0,0,0,0,0,0,0,0,0,0,0,0,1
22300,2017091402,12.0,11.0,67,67301,39.9552,-75.1983,0,0,0,0,0,1,6,9,2017,4,0.0,3.0,0,1.0,3,1,3,  ,2,3.0,0,0,0,0,0,1,0,0,0,0,0,0,0,0,0,0,0
22301,2017091572,920.0,918.0,2,2301,40.4825,-80.0353,0,0,0,0,0,1,5,9,2017,4,9.0,1.0,0,1.0,3,2,3,  ,0,0.0,0,0,0,0,0,0,0,0,0,0,0,0,0,0,0,0,0
22302,2017091690,1322.0,1315.0,67,67301,39.9475,-75.2336,0,0,0,0,0,0,4,8,2017,6,13.0,1.0,0,1.0,3,0,3,  ,0,0.0,0,0,1,0,0,0,0,0,0,0,0,0,0,0,0,0,0
22303,2017091691,1240.0,1235.0,67,67301,39.9732,-75.2121,0,0,0,0,0,0,4,8,2017,2,12.0,1.0,0,1.0,3,1,3,  ,2,3.0,0,0,1,0,0,0,0,0,0,0,0,0,0,0,0,0,0
22304,2017091760,2215.0,2215.0,67,67301,39.9265,-75.2285,0,0,0,0,0,0,4,8,2017,6,22.0,3.0,0,1.0,3,2,3,  ,0,0.0,0,0,1,0,0,0,0,0,0,0,0,0,0,0,0,0,0
22305,2017091762,1816.0,1813.0,67,67301,39.9507,-75.1502,0,0,1,0,0,0,5,8,2017,2,18.0,1.0,0,1.0,3,0,3,  ,0,0.0,0,0,0,0,1,0,0,0,0,0,0,0,0,0,0,0,0
22306,2017091763,1405.0,1400.0,67,67301,39.9614,-75.1498,0,0,0,0,0,0,5,8,2017,2,14.0,1.0,0,1.0,3,1,3,  ,2,3.0,1,0,0,0,0,0,0,0,0,0,0,0,0,0,0,0,0
22307,2017091801,1755.0,1740.0,67,67301,40.003,-75.1142,0,0,0,0,0,0,5,8,2017,7,17.0,1.0,0,1.0,3,0,3,  ,0,0.0,0,0,0,0,0,0,0,0,0,0,0,0,0,0,0,0,0
22308,2017091809,1108.0,1102.0,67,67301,39.9448,-75.1751,0,0,0,0,1,0,4,8,2017,6,11.0,1.0,0,1.0,3,1,3,  ,2,3.0,0,0,1,0,0,0,0,0,0,0,0,0,0,0,0,0,0
22309,2017091822,2020.0,2018.0,67,67301,40.0188,-75.1153,0,0,0,0,0,0,4,8,2017,2,20.0,3.0,0,1.0,3,0,3,  ,0,0.0,0,0,1,0,0,0,0,0,0,0,0,0,0,0,0,0,0
22310,2017091829,1955.0,1948.0,67,67301,39.9801,-75.1718,0,0,0,0,0,0,1,8,2017,6,19.0,1.0,0,1.0,3,0,3,  ,2,3.0,0,0,0,0,0,0,0,0,0,0,0,0,0,0,0,1,0
22311,2017091844,1932.0,1926.0,67,67301,40.0366,-75.0795,0,0,0,0,0,1,4,8,2017,7,19.0,1.0,0,9.0,3,0,3,  ,0,0.0,0,0,1,0,0,0,0,0,0,0,0,0,0,0,0,0,0
22312,2017091859,848.0,839.0,67,67301,39.9874,-75.1873,0,0,0,0,0,0,5,8,2017,6,8.0,1.0,0,1.0,3,0,3,  ,0,0.0,0,0,0,0,0,0,0,0,0,0,0,0,0,0,0,0,0
22313,2017091922,1715.0,1711.0,2,2301,40.4544,-79.9478,0,0,0,0,0,0,4,9,2017,4,17.0,1.0,0,1.0,3,1,3,  ,2,3.0,0,0,1,0,0,0,0,0,0,0,0,0,0,0,0,0,1
22314,2017092151,1653.0,1649.0,48,48301,40.6662,-75.35,0,0,0,0,0,0,5,9,2017,3,16.0,1.0,0,1.0,3,2,7,  ,0,0.0,0,0,0,0,0,0,0,0,0,0,0,0,0,0,0,0,0
22315,2017092230,839.0,835.0,23,23107,,,0,0,0,0,0,0,4,9,2017,5,8.0,1.0,0,1.0,3,1,3,  ,3,3.0,0,0,1,0,0,0,0,0,0,0,0,0,0,0,0,0,0
22316,2017092355,1754.0,1752.0,67,67301,39.9832,-75.1568,0,0,0,0,0,0,4,9,2017,5,17.0,1.0,0,1.0,3,1,3,  ,2,3.0,0,0,1,0,0,0,0,0,0,0,0,0,0,0,0,0,0
22317,2017092410,1757.0,1730.0,67,67301,39.9547,-75.1946,0,0,0,0,0,1,4,9,2017,5,17.0,1.0,0,1.0,3,0,3,  ,0,0.0,1,0,1,0,0,0,0,0,0,0,0,0,0,0,0,0,0
22318,2017092456,2104.0,2104.0,23,23111,39.9228,-75.3108,0,0,0,0,0,0,4,9,2017,5,21.0,3.0,7,1.0,3,0,3,  ,0,0.0,1,0,1,0,0,0,0,0,0,0,0,0,0,0,0,0,0
22319,2017092468,2003.0,2002.0,46,46208,40.1414,-75.3946,0,0,0,0,0,0,4,9,2017,6,20.0,2.0,0,1.0,3,1,3,  ,3,3.0,1,0,1,0,0,0,0,0,0,0,0,0,1,0,0,1,0
22320,2017092474,2106.0,2055.0,66,66432,39.8557,-76.6213,0,1,0,0,0,1,8,8,2017,7,20.0,2.0,0,1.0,1,0,3,  ,8,3.0,0,0,0,0,0,0,0,0,0,0,0,0,0,0,0,1,0
22321,2017092520,706.0,700.0,40,40304,41.2511,-75.8359,0,0,0,0,0,0,4,9,2017,6,6.0,1.0,2,1.0,3,2,3,  ,2,3.0,0,0,1,0,0,0,0,0,0,0,0,0,0,0,0,0,0
22322,2017092564,1231.0,1229.0,9,9411,40.368,-74.9529,0,1,0,0,0,0,0,8,2017,7,12.0,1.0,0,1.0,1,0,3,  ,0,0.0,0,0,0,0,0,0,0,0,0,0,0,0,0,0,0,0,0
22323,2017092599,1700.0,1654.0,25,25213,42.0977,-80.1495,0,0,0,0,0,1,4,9,2017,4,16.0,1.0,0,1.0,3,0,3,  ,0,0.0,0,0,1,0,0,0,0,0,0,0,0,0,0,0,0,0,0
22324,2017092619,754.0,751.0,46,46202,40.149,-75.3348,0,0,0,0,0,0,4,8,2017,3,7.0,1.0,0,1.0,3,1,3,  ,2,4.0,0,0,1,0,0,0,0,0,0,0,0,0,0,0,0,0,0