,CRN,ARRIVAL_TM,DISPATCH_TM,COUNTY,MUNICIPALITY,DEC_LAT,DEC_LONG,BICYCLE_DEATH_COUNT,BICYCLE_SUSP_SERIOUS_INJ_COUNT,BUS_COUNT,HEAVY_TRUCK_COUNT,SMALL_TRUCK_COUNT,SUV_COUNT,COLLISION_TYPE,CRASH_MONTH,CRASH_YEAR,DAY_OF_WEEK,HOUR_OF_DAY,ILLUMINATION,LOCATION_TYPE,ROAD_CONDITION,URBAN_RURAL,INTERSECT_TYPE,WEATHER1,WEATHER2,TCD_TYPE,TCD_FUNC_CD,AGGRESSIVE_DRIVING,ALCOHOL_RELATED,ANGLE_CRASH,CELL_PHONE,COMM_VEHICLE,DISTRACTED,DRINKING_DRIVER,DRUGGED_DRIVER,FATIGUE_ASLEEP,IMPAIRED_DRIVER,NHTSA_AGG_DRIVING,RUNNING_RED_LT,RUNNING_STOP_SIGN,SPEEDING_RELATED,TAILGATING,MATURE_DRIVER,YOUNG_DRIVER
22325,2017093001,1738.0,1732.0,7,7407,40.6768,-78.238,0,1,0,0,1,0,8,9,2017,7,17.0,1.0,0,1.0,2,2,3,  ,0,0.0,0,0,0,0,0,0,0,0,0,0,0,0,0,0,0,1,0
22326,2017093176,1658.0,1657.0,23,23111,39.9617,-75.2737,0,0,0,0,0,0,4,9,2017,1,16.0,1.0,0,1.0,3,0,3,  ,0,0.0,0,0,1,0,0,0,0,0,0,0,0,0,0,0,0,0,0
22327,2017093228,2006.0,1936.0,55,55407,39.8104,-79.3578,0,0,0,0,1,0,8,9,2017,6,19.0,3.0,0,1.0,1,1,3,  ,0,0.0,0,0,0,0,0,1,0,0,0,0,0,0,0,0,0,0,0
22328,2017093312,1934.0,1932.0,9,9401,40.0969,-74.8626,0,0,0,0,1,0,4,9,2017,1,19.0,3.0,0,1.0,3,2,3,  ,3,3.0,0,0,1,0,0,1,0,0,0,0,0,0,0,0,0,0,0
22329,2017093383,1425.0,1416.0,67,67301,39.9442,-75.1971,0,0,0,0,0,1,4,9,2017,1,14.0,1.0,2,1.0,3,6,3,  ,4,3.0,0,0,1,0,0,0,0,0,0,0,0,0,0,0,0,1,0
22330,2017093487,2124.0,2122.0,40,40304,41.2466,-75.8646,0,0,0,0,0,0,4,9,2017,5,21.0,3.0,0,1.0,3,0,3,  ,0,0.0,0,0,1,0,0,0,0,0,0,0,0,0,0,0,0,0,0
22331,2017093502,705.0,700.0,67,67301,40.0598,-75.166,0,0,0,1,0,0,4,7,2017,4,6.0,1.0,0,1.0,3,2,3,  ,3,3.0,0,0,1,0,1,0,0,0,0,0,0,0,0,0,0,0,0
22332,2017093509,1859.0,1858.0,67,67301,39.9556,-75.2258,0,0,0,0,0,1,5,8,2017,6,18.0,1.0,0,1.0,3,0,3,  ,0,0.0,0,0,0,0,0,0,0,0,0,0,0,0,0,0,0,0,0
22333,2017093522,1807.0,1804.0,67,67301,39.9214,-75.1467,0,0,0,0,0,0,4,8,2017,1,18.0,1.0,0,1.0,3,0,3,  ,0,0.0,1,0,1,0,0,0,0,0,0,0,0,0,0,1,0,0,0
22334,2017093562,1645.0,1642.0,67,67301,39.9554,-75.1711,0,0,0,0,0,1,4,8,2017,4,16.0,1.0,0,1.0,3,1,3,  ,2,3.0,1,0,1,0,0,0,0,0,0,0,0,1,0,0,0,0,0
22335,2017093567,1800.0,1810.0,67,67301,40.113,-75.023,0,0,0,0,0,1,4,8,2017,4,18.0,1.0,0,1.0,3,1,3,  ,2,3.0,0,0,1,0,0,0,0,0,0,0,0,0,0,0,0,0,0
22336,2017093585,2035.0,2033.0,67,67301,39.9159,-75.1645,0,0,0,0,0,0,4,8,2017,1,20.0,3.0,0,1.0,3,1,3,  ,2,3.0,0,0,1,0,0,1,0,0,0,0,0,0,0,0,0,0,0
22337,2017093589,1923.0,1915.0,67,67301,39.9346,-75.2273,0,0,0,0,0,0,4,8,2017,1,19.0,3.0,0,1.0,3,1,3,  ,2,3.0,0,0,1,0,0,0,0,0,0,0,0,0,0,0,0,0,0
22338,2017093591,1846.0,1846.0,67,67301,39.9166,-75.2311,0,0,0,0,0,1,4,8,2017,1,18.0,1.0,0,1.0,3,1,3,  ,3,3.0,0,0,1,0,0,0,0,0,0,0,0,0,0,0,0,0,0
22339,2017093606,1935.0,1930.0,67,67301,40.0308,-75.068,0,0,0,0,0,0,4,8,2017,7,19.0,1.0,0,1.0,3,0,3,  ,0,0.0,0,0,1,0,0,0,0,0,0,0,0,0,0,0,0,0,0
22340,2017093633,1835.0,1829.0,67,67301,39.9724,-75.2533,0,0,0,0,0,1,4,8,2017,4,17.0,1.0,0,1.0,3,1,3,  ,2,3.0,0,0,1,0,0,0,0,0,0,0,0,0,0,0,0,0,0
22341,2017093692,526.0,523.0,23,23207,39.915,-75.4052,0,1,0,0,0,0,0,6,2017,4,5.0,5.0,0,1.0,3,0,3,  ,0,0.0,0,0,0,0,0,0,0,0,0,0,0,0,0,0,0,0,0
22342,2017093739,1709.0,1707.0,39,39301,40.6078,-75.4603,0,0,0,0,0,0,4,9,2017,1,17.0,1.0,0,1.0,3,2,3,  ,3,3.0,0,0,1,0,0,0,0,0,0,0,0,0,0,0,0,0,0
22343,2017093831,1852.0,1848.0,23,23111,39.9546,-75.2568,0,0,0,0,0,0,5,9,2017,2,18.0,1.0,0,1.0,3,2,3,  ,0,0.0,1,0,0,0,0,0,0,0,0,0,0,0,0,0,0,0,0
22344,2017094005,1224.0,1221.0,2,2301,40.4715,-79.9263,0,0,0,0,0,0,4,9,2017,3,12.0,1.0,0,1.0,3,1,3,  ,2,3.0,0,0,1,0,0,0,0,0,0,0,0,0,0,0,0,0,0
22345,2017094050,1510.0,1502.0,66,66207,40.0347,-76.7065,0,0,0,0,1,0,5,9,2017,2,15.0,1.0,0,1.0,1,0,3,  ,0,0.0,1,0,0,0,0,0,0,0,0,0,0,0,0,0,0,0,0
22346,2017094331,751.0,751.0,23,23111,39.9539,-75.2699,0,0,0,0,0,0,4,9,2017,4,7.0,1.0,0,1.0,3,0,3,  ,0,0.0,0,0,1,0,0,0,0,0,0,0,0,0,0,0,0,1,0
22347,2017094406,1537.0,1534.0,64,64302,40.3044,-79.5394,0,0,0,0,0,0,4,9,2017,4,15.0,1.0,0,1.0,3,2,3,  ,0,0.0,0,0,1,0,0,0,0,0,0,0,0,0,0,0,0,0,0
22348,2017094523,1515.0,1515.0,23,23209,39.9309,-75.5294,0,0,0,0,0,0,4,9,2017,4,13.0,1.0,7,9.0,1,2,7,  ,0,0.0,1,0,1,0,0,0,0,0,0,0,0,0,0,0,0,0,0
22349,2017095092,1205.0,1155.0,35,35302,41.4379,-75.657,0,0,0,1,0,0,4,9,2017,6,11.0,1.0,0,1.0,3,1,3,  ,2,3.0,0,0,1,0,1,0,0,0,0,0,0,0,0,0,0,0,0
22350,2017095300,1805.0,1739.0,23,23207,39.926,-75.4443,0,0,0,0,0,0,5,7,2017,4,17.0,1.0,0,1.0,3,0,3,  ,0,0.0,1,0,0,0,0,1,0,0,0,0,0,0,0,0,0,0,0
22351,2017095416,1125.0,1122.0,67,67301,39.9515,-75.2008,0,0,0,0,0,1,4,9,2017,7,11.0,1.0,0,1.0,3,2,3,  ,2,3.0,1,0,1,0,0,0,0,0,0,0,0,1,0,0,0,0,0
22352,2017095687,1645.0,1641.0,23,23111,39.951,-75.2625,0,0,0,0,0,0,4,9,2017,1,16.0,1.0,0,1.0,3,0,3,  ,3,3.0,1,0,1,0,0,0,0,0,0,0,0,0,0,0,0,0,0
22353,2017095798,2330.0,2324.0,28,28402,39.7885,-77.7202,0,0,0,0,0,0,4,7,2017,5,23.0,3.0,0,1.0,1,1,3,  ,3,3.0,1,0,1,0,0,1,0,0,0,0,0,0,0,1,0,0,1
22354,2017095801,2313.0,2312.0,14,14410,40.7901,-77.8541,0,0,0,0,0,0,6,9,2017,1,23.0,6.0,0,1.0,3,1,3,  ,3,3.0,0,1,0,0,0,0,0,0,0,0,0,0,0,0,0,0,0
22355,2017095936,1105.0,1055.0,38,38213,40.2285,-76.5512,0,1,0,0,0,1,2,7,2017,7,10.0,1.0,0,1.0,1,0,3,  ,0,0.0,0,0,0,0,0,0,0,0,0,0,0,0,0,0,0,0,0
22356,2017095937,2055.0,2052.0,40,40103,41.2755,-75.8506,0,0,0,0,0,1,4,9,2017,1,20.0,3.0,0,1.0,3,1,3,  ,2,3.0,0,1,1,0,0,0,0,0,0,0,0,0,0,0,0,0,0
22357,2017095945,1421.0,1414.0,64,64103,40.1865,-79.8494,0,0,0,0,0,0,4,9,2017,1,14.0,1.0,0,1.0,1,2,3,  ,3,3.0,0,0,1,0,0,0,0,0,0,0,0,0,0,0,0,0,0
22358,2017095959,1452.0,1452.0,38,38301,40.3334,-76.4238,0,0,0,0,1,0,4,9,2017,2,14.0,1.0,3,1.0,2,1,3,  ,2,3.0,0,0,1,0,0,0,0,0,0,0,0,0,0,0,0,0,0
22359,2017095986,1425.0,1425.0,23,23103,40.0175,-75.3103,0,0,0,0,0,0,4,9,2017,6,14.0,1.0,0,1.0,3,2,3,  ,3,3.0,0,0,1,0,0,0,0,0,0,0,0,0,0,0,0,0,0
22360,2017096113,1809.0,1807.0,14,14410,40.7891,-77.8687,0,1,0,0,0,1,4,9,2017,2,18.0,1.0,0,1.0,3,1,3,  ,3,3.0,1,0,1,0,0,1,0,0,0,0,0,0,0,0,0,0,0
22361,2017096403,1756.0,1752.0,67,67301,40.0406,-75.1698,0,0,0,0,0,1,4,9,2017,1,17.0,1.0,0,1.0,3,1,3,  ,2,3.0,0,0,1,0,0,0,0,0,0,0,0,0,0,0,0,0,0
22362,2017096433,825.0,825.0,67,67301,39.9909,-75.1551,0,0,0,0,0,1,4,8,2017,5,8.0,1.0,0,1.0,3,1,3,  ,2,3.0,1,0,1,0,0,0,0,0,0,0,0,0,0,0,0,0,0
22363,2017096444,2355.0,2347.0,67,67301,40.0287,-75.1177,1,0,0,0,0,0,4,8,2017,5,23.0,3.0,0,1.0,3,1,3,  ,2,3.0,0,0,1,0,0,0,0,0,0,0,0,0,0,0,0,0,0
22364,2017096464,1757.0,1757.0,67,67301,39.9434,-75.2156,0,0,0,0,0,0,6,9,2017,7,17.0,1.0,3,9.0,3,0,7,  ,0,0.0,0,1,0,0,0,0,0,0,0,0,0,0,0,0,0,0,0
22365,2017096475,910.0,907.0,67,67301,39.9393,-75.161,0,0,0,0,0,1,5,8,2017,5,9.0,1.0,0,1.0,3,0,3,  ,0,0.0,0,0,0,0,0,0,0,0,0,0,0,0,0,0,0,0,1
22366,2017096501,2123.0,2102.0,67,67301,40.0212,-75.152,0,0,0,0,0,1,4,8,2017,3,20.0,3.0,0,9.0,3,1,7,  ,3,3.0,1,0,1,0,0,0,0,0,0,0,0,0,0,0,0,0,0
22367,2017096533,1148.0,1141.0,67,67301,39.9748,-75.139,0,0,0,0,0,1,4,8,2017,5,11.0,1.0,0,1.0,3,1,3,  ,0,0.0,0,0,1,0,0,0,0,0,0,0,0,0,0,0,0,0,0
22368,2017096547,1610.0,1605.0,67,67301,39.9448,-75.1751,0,0,0,0,0,0,4,8,2017,5,15.0,1.0,0,1.0,3,1,3,  ,2,3.0,0,0,1,0,0,0,0,0,0,0,0,0,0,0,0,1,0
22369,2017096552,725.0,716.0,67,67301,39.9452,-75.1613,0,0,0,0,0,0,5,9,2017,6,6.0,1.0,0,1.0,3,0,3,  ,0,0.0,0,0,0,0,0,0,0,0,0,0,0,0,0,0,0,0,0
22370,2017096556,1510.0,1504.0,67,67301,39.9605,-75.1595,0,0,0,0,0,0,5,9,2017,2,13.0,1.0,0,1.0,3,0,3,  ,0,0.0,0,0,0,0,0,0,0,0,0,0,0,0,0,0,0,0,0
22371,2017096561,2056.0,2055.0,67,67301,39.9306,-75.15,0,0,0,0,0,1,2,8,2017,3,20.0,3.0,0,9.0,3,5,7,  ,2,3.0,0,0,0,0,0,0,0,0,0,0,0,0,0,0,0,0,0
22372,2017096628,1109.0,1106.0,66,66227,39.9689,-76.672,0,1,0,0,0,0,8,8,2017,5,11.0,1.0,0,1.0,3,0,3,  ,3,3.0,1,0,0,0,0,0,0,0,0,0,0,0,0,0,0,1,0
22373,2017096761,1537.0,1532.0,26,26218,39.8898,-79.7392,0,0,0,0,0,0,4,9,2017,5,15.0,1.0,7,1.0,1,0,3,  ,0,0.0,0,0,1,0,0,0,0,0,0,0,0,0,0,0,0,0,0
22374,2017096785,1631.0,1629.0,38,38301,40.346,-76.4325,0,0,0,0,0,1,4,9,2017,3,16.0,1.0,0,1.0,2,1,3,  ,3,3.0,0,0,1,0,0,1,0,0,0,0,0,0,0,0,0,0,0
22375,2017097016,1553.0,1551.0,46,46415,40.3973,-75.498,0,0,0,0,0,0,4,9,2017,4,15.0,1.0,0,1.0,1,1,3,  ,0,0.0,0,0,1,0,0,0,0,0,0,0,0,0,0,0,0,1,0
22376,2017097198,1904.0,1847.0,36,36301,40.0346,-76.3072,0,0,0,0,0,1,4,9,2017,3,18.0,1.0,0,1.0,3,1,3,  ,0,0.0,0,0,1,0,0,0,0,0,0,0,0,0,0,0,0,0,0
22377,2017097242,1137.0,1128.0,46,46215,40.2148,-75.4417,0,0,0,0,0,0,4,9,2017,7,11.0,1.0,0,1.0,1,0,3,  ,3,3.0,0,0,1,0,0,0,0,0,0,0,0,0,0,0,0,0,0
22378,2017097372,725.0,715.0,2,2301,40.4703,-79.9318,0,0,0,0,0,0,4,9,2017,4,7.0,1.0,0,1.0,3,2,3,  ,0,0.0,1,0,1,0,0,0,0,0,0,0,0,0,0,0,0,0,0
22379,2017097474,621.0,619.0,36,36204,40.2101,-76.2293,0,0,0,0,1,0,4,9,2017,5,6.0,2.0,7,1.0,1,0,3,  ,0,0.0,1,0,1,0,0,0,0,0,0,0,0,0,0,0,0,0,0
22380,2017097480,1302.0,1300.0,46,46105,40.1291,-75.061,0,0,0,0,0,0,4,9,2017,3,12.0,1.0,7,1.0,3,0,3,  ,3,3.0,0,0,1,0,0,0,0,0,0,0,0,0,0,0,0,0,1
22381,2017097729,822.0,820.0,22,22301,40.2705,-76.8896,0,0,0,0,0,0,4,9,2017,6,8.0,1.0,0,1.0,3,0,3,  ,0,0.0,1,0,1,0,0,0,0,0,0,0,0,0,0,0,0,0,0
22382,2017097794,150.0,141.0,67,67301,39.9746,-75.1995,0,0,0,0,0,0,4,9,2017,3,22.0,3.0,2,9.0,3,1,7,  ,2,3.0,0,0,1,0,0,0,0,0,0,0,0,0,0,0,0,0,0
22383,2017097815,1515.0,1502.0,67,67301,40.0538,-75.1783,0,0,0,0,0,0,4,9,2017,2,14.0,1.0,7,1.0,3,0,3,  ,0,0.0,1,0,1,0,0,0,0,0,0,0,0,0,0,0,0,0,0
22384,2017097828,1008.0,1005.0,67,67301,39.9455,-75.1807,0,0,0,0,0,1,4,9,2017,6,99.0,1.0,0,1.0,3,1,3,  ,2,3.0,1,0,1,0,0,0,0,0,0,0,0,0,0,0,0,0,0
22385,2017097899,1648.0,1646.0,67,67301,39.9623,-75.2008,0,0,0,0,0,1,4,8,2017,5,16.0,1.0,0,1.0,3,1,3,  ,3,3.0,0,0,1,0,0,0,0,0,0,0,0,0,0,0,0,0,0
22386,2017097923,2005.0,2000.0,67,67301,39.9575,-75.1658,0,0,0,0,0,0,4,9,2017,3,17.0,1.0,7,1.0,3,0,3,  ,0,0.0,1,0,1,0,0,0,0,0,0,0,0,0,0,0,0,0,0
22387,2017097927,2303.0,2300.0,67,67301,39.9548,-75.1664,0,0,0,0,0,0,4,8,2017,1,21.0,3.0,0,1.0,3,5,3,  ,2,3.0,1,0,1,0,0,0,0,0,0,0,0,0,0,0,0,0,0
22388,2017097935,802.0,747.0,67,67301,40.0487,-75.0516,0,0,0,0,0,0,4,8,2017,5,7.0,1.0,0,1.0,3,2,3,  ,3,3.0,1,0,1,0,0,0,0,0,0,0,0,0,1,0,0,0,0
22389,2017097965,1606.0,1554.0,67,67301,39.9994,-75.1271,0,0,0,0,0,0,4,9,2017,5,15.0,1.0,0,1.0,3,1,3,  ,0,0.0,0,0,1,0,0,0,0,0,0,0,0,0,0,0,0,0,0
22390,2017097986,1848.0,1846.0,67,67301,39.9392,-75.1782,0,0,0,0,0,0,5,9,2017,6,18.0,1.0,0,1.0,3,0,3,  ,0,0.0,0,0,0,0,0,0,0,0,0,0,0,0,0,0,0,0,0
22391,2017098002,1950.0,1950.0,67,67301,40.0254,-75.0733,0,0,0,0,0,1,4,9,2017,6,19.0,3.0,0,1.0,3,1,3,  ,2,3.0,1,0,1,0,0,0,0,0,0,0,0,0,0,1,0,0,0
22392,2017098081,1600.0,1556.0,39,39301,40.6105,-75.4457,0,0,0,0,0,0,2,9,2017,2,15.0,1.0,0,1.0,3,0,3,  ,0,0.0,0,0,0,0,0,0,0,0,0,0,0,0,0,0,0,1,0
22393,2017098094,1839.0,1830.0,39,39301,40.6132,-75.4715,0,0,0,0,0,0,4,9,2017,5,16.0,1.0,0,1.0,3,1,3,  ,0,0.0,0,0,1,0,0,0,0,0,0,0,0,0,0,0,0,0,0
22394,2017098162,2040.0,2034.0,2,2301,40.4443,-79.9413,0,0,0,0,1,0,4,9,2017,6,20.0,3.0,7,1.0,3,0,3,  ,0,0.0,0,0,1,0,0,0,0,0,0,0,0,0,0,0,0,1,0
22395,2017098263,1029.0,1027.0,21,21104,40.1686,-76.998,0,0,0,0,0,0,1,9,2017,6,10.0,1.0,0,1.0,3,0,3,  ,0,0.0,1,0,0,0,0,0,0,0,0,0,0,0,0,0,0,0,1
22396,2017098268,949.0,944.0,14,14216,40.8083,-77.8989,0,0,0,0,0,0,4,9,2017,7,9.0,1.0,7,1.0,1,0,3,  ,2,3.0,0,0,1,0,0,0,0,0,0,0,0,0,0,0,0,0,0
22397,2017098269,1005.0,1000.0,21,21402,40.2033,-77.1889,0,0,0,0,0,0,0,9,2017,7,10.0,1.0,0,1.0,2,0,3,  ,0,0.0,1,0,0,0,0,1,0,0,0,0,1,0,0,0,0,0,0
22398,2017098313,1225.0,1215.0,9,9207,40.4163,-75.2525,0,0,0,0,0,0,4,9,2017,7,12.0,1.0,0,1.0,1,1,3,  ,3,3.0,1,0,1,0,0,0,0,0,0,0,0,0,0,0,0,1,0
22399,2017098487,735.0,728.0,38,38205,40.3473,-76.3112,0,0,0,0,0,0,4,9,2017,5,7.0,1.0,0,1.0,1,0,3,  ,0,0.0,0,0,1,0,0,0,0,0,0,0,0,0,0,0,0,0,0
22400,2017098695,600.0,559.0,38,38301,40.3377,-76.4282,0,0,0,0,0,0,5,9,2017,1,5.0,2.0,0,1.0,2,0,3,  ,0,0.0,0,0,0,0,0,0,0,0,0,0,0,0,0,0,0,0,0
22401,2017098745,1833.0,1824.0,8,8228,41.7564,-76.4675,0,1,0,0,0,0,5,9,2017,6,18.0,1.0,0,1.0,1,0,3,  ,0,0.0,1,0,0,0,0,0,0,0,0,0,0,0,0,1,0,0,0
22402,2017098825,1005.0,958.0,2,2301,40.4408,-79.9482,0,0,0,0,0,0,4,9,2017,2,9.0,1.0,0,1.0,3,1,3,  ,0,0.0,0,0,1,0,0,0,0,0,0,0,0,0,0,0,0,0,0
22403,2017098866,1836.0,1825.0,6,6233,40.2762,-75.8466,1,0,0,0,0,0,4,9,2017,3,18.0,1.0,0,1.0,1,1,3,  ,3,3.0,0,0,1,0,0,0,0,0,0,0,0,0,0,0,0,0,0
22404,2017098892,1558.0,1557.0,2,2301,40.4462,-80.0098,0,0,0,0,0,0,4,9,2017,2,15.0,1.0,1,1.0,3,2,3,  ,0,0.0,1,0,1,0,0,0,0,0,0,0,0,0,0,0,0,0,0
22405,2017098999,1919.0,1857.0,18,18406,41.3261,-77.7528,0,1,0,0,0,0,4,9,2017,7,18.0,1.0,0,1.0,1,1,3,  ,3,3.0,0,0,1,0,0,0,0,0,0,0,0,0,0,0,0,0,0
22406,2017099055,2037.0,2029.0,36,36410,40.1623,-76.3922,0,0,0,0,0,0,4,9,2017,2,20.0,2.0,0,1.0,2,1,3,  ,3,3.0,0,0,1,0,0,0,0,0,0,0,0,0,0,0,0,0,0
22407,2017099080,1654.0,1654.0,48,48407,40.5802,-75.3428,0,0,0,0,1,0,4,9,2017,4,16.0,1.0,0,1.0,3,2,3,  ,0,0.0,0,0,1,0,0,0,0,0,0,0,0,0,0,0,0,0,0
22408,2017099154,1500.0,1456.0,38,38301,40.3369,-76.4286,0,0,0,0,0,1,4,9,2017,6,14.0,1.0,0,1.0,2,1,3,  ,3,3.0,0,0,1,0,0,1,0,0,0,0,0,0,0,0,0,0,0
22409,2017099184,754.0,754.0,67,67301,39.9847,-75.1565,0,0,0,0,0,0,4,9,2017,3,7.0,1.0,0,1.0,3,1,3,  ,2,3.0,0,0,1,0,0,0,0,0,0,0,0,0,0,0,0,0,1
22410,2017099434,2027.0,2025.0,67,67301,39.9552,-75.1983,0,0,0,0,0,0,4,9,2017,3,20.0,3.0,0,1.0,3,1,3,  ,2,3.0,0,0,1,0,0,0,0,0,0,0,0,0,0,0,0,0,0
22411,2017099440,1800.0,1800.0,23,23110,39.8323,-75.4411,0,0,0,0,0,0,4,9,2017,3,18.0,1.0,0,1.0,3,2,3,  ,3,3.0,0,0,1,0,0,0,0,0,0,0,0,0,0,0,0,0,0
22412,2017099531,1703.0,1701.0,6,6427,,,0,0,0,0,1,0,8,9,2017,1,17.0,1.0,0,1.0,3,5,3,  ,3,3.0,1,0,0,0,0,1,0,0,0,0,0,0,0,0,0,0,0
22413,2017099605,805.0,756.0,35,35302,41.4256,-75.6705,0,0,0,0,0,0,4,9,2017,4,7.0,1.0,0,1.0,3,1,3,  ,2,3.0,0,0,1,0,0,0,0,0,0,0,0,0,0,0,0,0,0
22414,2017099614,720.0,700.0,2,2301,40.3722,-79.9171,0,0,0,0,1,0,4,9,2017,4,7.0,5.0,0,1.0,3,2,3,  ,0,0.0,1,0,1,0,0,0,0,0,0,0,0,0,0,0,0,0,0
22415,2017099658,1126.0,1122.0,67,67301,39.9549,-75.1839,0,0,0,0,0,0,5,9,2017,4,11.0,1.0,0,1.0,3,1,3,  ,2,3.0,0,0,0,0,0,0,0,0,0,0,0,0,0,0,0,0,0
22416,2017099920,1243.0,1239.0,39,39302,40.6402,-75.4117,0,0,0,0,0,0,5,9,2017,5,12.0,1.0,0,1.0,3,0,3,  ,2,3.0,1,0,0,0,0,0,0,0,0,0,0,0,0,0,0,0,0
22417,2017100032,2251.0,2247.0,28,28401,39.9397,-77.6653,0,0,0,0,0,1,4,9,2017,7,22.0,3.0,0,1.0,1,1,3,  ,2,3.0,0,0,1,0,0,0,0,0,0,0,0,0,0,0,0,0,0
22418,2017100126,1149.0,1148.0,2,2401,40.4907,-79.9075,0,1,0,0,0,0,2,9,2017,1,11.0,1.0,0,1.0,3,2,3,  ,2,3.0,0,0,0,0,0,0,0,0,0,0,0,0,0,0,0,1,0
22419,2017100141,1914.0,1911.0,38,38208,40.3344,-76.446,0,0,0,0,0,1,4,9,2017,3,19.0,4.0,0,1.0,1,1,3,  ,0,0.0,0,0,1,0,0,0,0,0,0,0,0,0,0,0,0,0,1
22420,2017100156,2109.0,2108.0,36,36218,40.1953,-76.1714,0,0,0,0,0,0,4,9,2017,4,21.0,3.0,0,1.0,1,1,3,  ,2,3.0,1,0,1,0,0,0,0,0,0,0,0,0,0,0,0,0,1
22421,2017100313,1807.0,1805.0,22,22409,40.1941,-76.7315,0,1,0,0,0,0,4,9,2017,5,18.0,1.0,0,1.0,3,0,3,  ,0,0.0,0,0,1,0,0,0,0,0,0,0,0,0,0,0,0,0,1
22422,2017100346,1425.0,1425.0,2,2301,40.4554,-79.9401,0,0,0,0,0,1,4,9,2017,3,14.0,1.0,0,1.0,3,0,3,  ,0,0.0,0,0,1,0,0,0,0,0,0,0,0,0,0,0,0,0,0
22423,2017100354,1403.0,1347.0,14,14410,40.7952,-77.8605,0,0,0,0,0,0,1,9,2017,6,13.0,1.0,0,1.0,3,0,3,  ,2,3.0,0,0,0,0,0,1,0,0,0,0,0,0,0,0,0,0,0
22424,2017100468,1726.0,1721.0,2,2301,40.449,-79.9519,0,0,0,0,0,1,4,9,2017,6,17.0,1.0,0,1.0,3,1,3,  ,3,3.0,0,0,1,0,0,0,0,0,0,0,0,0,0,0,0,0,0
22425,2017100508,1650.0,1644.0,67,67301,40.0047,-75.1521,0,1,0,0,0,0,4,9,2017,6,16.0,1.0,0,1.0,3,1,3,  ,2,3.0,0,0,1,0,0,0,0,0,0,0,0,0,0,0,0,0,0
22426,2017100740,1839.0,1839.0,53,53301,40.6853,-76.2025,0,1,0,0,0,0,4,9,2017,7,18.0,1.0,0,1.0,2,0,3,  ,0,0.0,0,0,1,0,0,0,0,0,0,0,0,0,0,0,0,0,0
22427,2017100764,1533.0,1500.0,17,17402,40.8199,-78.7879,0,0,0,0,0,0,5,9,2017,1,14.0,1.0,0,1.0,1,0,3,  ,0,0.0,0,0,0,0,0,0,0,0,0,0,0,0,0,0,0,0,0
22428,2017100811,1724.0,1723.0,53,53301,40.6895,-76.1884,0,0,0,0,0,0,4,9,2017,2,17.0,1.0,0,1.0,2,1,3,  ,3,3.0,0,0,1,0,0,0,0,0,0,0,0,0,0,0,0,0,0
22429,2017100886,1658.0,1639.0,1,1210,39.8098,-77.3242,0,0,0,0,0,0,5,9,2017,5,16.0,1.0,0,1.0,1,0,3,  ,0,0.0,0,0,0,0,1,0,0,0,0,0,0,0,0,0,0,0,0
22430,2017100986,1759.0,1757.0,46,46416,40.2523,-75.6696,0,0,0,0,0,1,4,9,2017,7,17.0,1.0,0,1.0,2,2,3,  ,0,0.0,0,0,1,0,0,1,0,0,0,0,0,0,0,0,0,0,0
22431,2017101199,1944.0,1939.0,48,48301,40.643,-75.346,0,0,0,0,0,0,1,9,2017,7,19.0,3.0,0,1.0,3,0,3,  ,0,0.0,0,0,0,0,0,0,0,0,0,0,0,0,0,0,0,0,0
22432,2017101212,1754.0,1741.0,5,5412,40.0498,-78.6456,0,0,0,0,0,1,4,9,2017,4,17.0,1.0,0,1.0,1,0,3,  ,0,0.0,0,0,1,0,0,0,0,0,0,0,0,0,0,0,0,0,0
22433,2017101279,1230.0,1225.0,45,45402,41.0132,-75.1835,0,0,0,0,0,0,4,8,2017,4,12.0,1.0,0,1.0,2,2,3,  ,0,0.0,0,0,1,0,0,0,0,0,0,0,0,0,0,0,0,0,0
22434,2017101352,1815.0,1811.0,15,15301,39.9856,-75.8093,0,0,0,0,0,0,5,9,2017,3,18.0,1.0,7,1.0,3,0,3,  ,0,0.0,1,0,0,0,0,0,0,0,0,0,0,0,0,0,0,0,0
22435,2017101412,2035.0,2035.0,23,23207,39.8816,-75.4269,0,0,0,0,0,0,4,9,2017,6,20.0,2.0,7,1.0,3,0,3,  ,0,0.0,1,0,1,0,0,0,0,0,0,0,0,0,0,1,0,0,0
22436,2017101530,1821.0,1816.0,25,25213,42.084,-80.1867,0,0,0,0,0,0,4,10,2017,2,17.0,1.0,0,1.0,3,2,3,  ,3,3.0,0,0,1,0,0,0,0,0,0,0,0,0,0,0,0,0,1
22437,2017101794,1726.0,1722.0,40,40301,40.9549,-75.971,0,0,0,0,0,1,4,10,2017,2,17.0,1.0,0,1.0,2,2,3,  ,0,0.0,0,0,1,0,0,0,0,0,0,0,0,0,0,0,0,0,0
22438,2017101806,2035.0,2032.0,25,25302,42.1344,-80.0651,0,0,0,0,0,0,4,10,2017,2,20.0,3.0,0,1.0,3,1,3,  ,2,3.0,0,0,1,0,0,0,0,0,0,0,0,0,0,0,0,1,0