,CRN,ARRIVAL_TM,DISPATCH_TM,COUNTY,MUNICIPALITY,DEC_LAT,DEC_LONG,BICYCLE_DEATH_COUNT,BICYCLE_SUSP_SERIOUS_INJ_COUNT,BUS_COUNT,HEAVY_TRUCK_COUNT,SMALL_TRUCK_COUNT,SUV_COUNT,COLLISION_TYPE,CRASH_MONTH,CRASH_YEAR,DAY_OF_WEEK,HOUR_OF_DAY,ILLUMINATION,LOCATION_TYPE,ROAD_CONDITION,URBAN_RURAL,INTERSECT_TYPE,WEATHER1,WEATHER2,TCD_TYPE,TCD_FUNC_CD,AGGRESSIVE_DRIVING,ALCOHOL_RELATED,ANGLE_CRASH,CELL_PHONE,COMM_VEHICLE,DISTRACTED,DRINKING_DRIVER,DRUGGED_DRIVER,FATIGUE_ASLEEP,IMPAIRED_DRIVER,NHTSA_AGG_DRIVING,RUNNING_RED_LT,RUNNING_STOP_SIGN,SPEEDING_RELATED,TAILGATING,MATURE_DRIVER,YOUNG_DRIVER
22439,2017101811,610.0,605.0,67,67301,39.969,-75.2372,0,0,0,0,0,0,4,9,2017,3,6.0,3.0,0,1.0,3,1,99,  ,2,9.0,1,0,1,0,0,0,0,0,0,0,0,1,0,0,0,0,0
22440,2017101815,1230.0,1208.0,67,67301,40.0003,-75.2284,0,0,0,0,0,0,4,9,2017,1,99.0,1.0,0,1.0,3,2,3,  ,3,3.0,1,0,1,0,0,0,0,0,0,0,0,0,0,0,0,0,0
22441,2017101854,1944.0,1938.0,67,67301,39.9416,-75.1725,0,0,0,0,0,0,4,9,2017,6,18.0,1.0,0,1.0,3,1,3,  ,3,3.0,0,0,1,0,0,1,0,0,0,0,0,0,0,0,0,0,0
22442,2017101874,2025.0,2025.0,67,67301,39.9088,-75.2333,0,0,0,0,0,0,1,9,2017,3,20.0,3.0,0,1.0,3,0,3,  ,0,0.0,0,0,0,0,0,0,0,0,0,0,0,0,0,0,0,0,0
22443,2017101879,1157.0,1154.0,67,67301,39.942,-75.1523,0,0,0,0,0,1,4,9,2017,2,11.0,1.0,0,1.0,3,1,3,  ,2,3.0,1,0,1,0,0,0,0,0,0,0,0,1,0,0,0,0,0
22444,2017101882,1711.0,1711.0,67,67301,39.9502,-75.1587,0,0,0,0,0,0,1,9,2017,6,17.0,1.0,0,1.0,3,0,3,  ,0,0.0,1,0,0,0,0,0,0,0,0,0,0,0,0,0,1,0,0
22445,2017101956,1507.0,1500.0,39,39301,40.6159,-75.4451,0,0,0,0,0,0,2,9,2017,4,14.0,1.0,0,1.0,3,1,3,  ,3,3.0,0,0,0,0,0,0,0,0,0,0,0,0,0,0,0,1,0
22446,2017101990,715.0,708.0,10,10228,40.8635,-79.8729,0,1,0,0,0,0,1,9,2017,4,7.0,5.0,0,1.0,1,0,3,  ,0,0.0,0,0,0,0,0,0,0,0,0,0,0,0,0,0,0,0,0
22447,2017102129,2059.0,2052.0,2,2407,40.3443,-80.0501,0,1,0,0,0,1,4,9,2017,2,20.0,3.0,7,1.0,3,0,3,  ,2,3.0,1,0,1,0,0,0,0,0,0,0,0,0,0,0,0,0,0
22448,2017102243,1717.0,1706.0,45,45216,41.0609,-75.4391,0,1,0,0,0,0,2,8,2017,7,17.0,1.0,7,2.0,1,0,3,  ,0,0.0,0,0,0,0,0,0,0,0,0,0,0,0,0,0,0,0,0
22449,2017102381,1618.0,1617.0,66,66301,39.9532,-76.7486,0,0,0,0,0,0,4,10,2017,4,16.0,1.0,0,1.0,3,1,3,  ,0,0.0,0,0,1,0,0,0,0,0,0,0,0,0,0,0,0,1,0
22450,2017102556,1609.0,1607.0,26,26301,40.0188,-79.5895,0,0,0,0,0,0,4,10,2017,4,16.0,1.0,0,1.0,2,1,3,  ,2,3.0,0,0,1,0,0,0,0,0,0,0,0,0,0,0,0,0,0
22451,2017102596,640.0,638.0,66,66208,40.2222,-76.8596,0,0,0,0,0,1,4,9,2017,5,6.0,1.0,7,1.0,1,0,3,  ,0,0.0,1,0,1,0,0,0,0,0,0,0,0,0,0,0,0,0,0
22452,2017102712,1157.0,1156.0,25,25302,42.0875,-80.0867,0,0,0,0,0,0,4,10,2017,4,11.0,1.0,0,1.0,3,1,3,  ,2,3.0,0,0,1,0,0,0,0,0,0,0,0,0,0,0,0,0,0
22453,2017102787,1721.0,1715.0,53,53427,40.8198,-76.2058,1,0,0,0,0,0,4,10,2017,4,17.0,1.0,0,1.0,1,1,3,  ,3,3.0,0,0,1,0,0,0,0,0,0,0,0,0,0,0,0,0,0
22454,2017102815,1915.0,1914.0,46,46112,40.2459,-75.6869,0,0,0,0,0,1,4,8,2017,1,19.0,1.0,0,1.0,2,0,3,  ,0,0.0,0,1,1,0,0,0,0,0,0,0,0,0,0,0,0,0,0
22455,2017102821,1622.0,1618.0,6,6301,40.3462,-75.9398,0,0,0,0,0,1,4,10,2017,5,16.0,1.0,0,1.0,3,1,3,  ,3,3.0,0,0,1,0,0,0,0,0,0,0,0,0,0,0,0,0,0
22456,2017102835,1506.0,1501.0,66,66103,39.7904,-76.9723,0,0,0,0,1,0,5,9,2017,3,15.0,1.0,0,1.0,2,0,3,  ,0,0.0,0,0,0,0,0,1,0,0,0,0,0,0,0,0,0,0,0
22457,2017102913,822.0,813.0,34,34203,40.6552,-77.2246,0,0,0,0,0,0,2,9,2017,6,8.0,1.0,0,1.0,1,0,3,  ,0,0.0,0,0,0,0,0,0,0,0,0,0,0,0,0,0,0,0,0
22458,2017103062,1255.0,1252.0,36,36406,40.1008,-76.3559,0,1,0,0,0,0,4,9,2017,6,12.0,1.0,0,1.0,3,2,3,  ,3,3.0,0,0,1,0,0,0,0,0,0,0,0,0,0,0,0,0,0
22459,2017103119,1915.0,1905.0,36,36225,40.1684,-76.6038,0,0,0,0,0,0,5,10,2017,5,19.0,3.0,0,9.0,2,0,7,  ,0,0.0,0,0,0,0,0,0,0,0,0,0,0,0,0,0,0,0,1
22460,2017103242,1648.0,1644.0,67,67301,39.9505,-75.1929,0,0,0,0,0,1,5,10,2017,6,16.0,1.0,0,1.0,3,0,3,  ,0,0.0,0,0,0,0,0,0,0,0,0,0,0,0,0,0,0,1,0
22461,2017103264,2000.0,1944.0,39,39301,40.579,-75.4671,0,0,0,0,0,0,8,10,2017,5,19.0,3.0,7,9.0,3,0,7,  ,3,3.0,1,0,0,0,0,0,0,0,0,0,0,0,0,0,0,0,0
22462,2017103272,900.0,851.0,39,39302,40.6335,-75.4097,0,0,0,0,1,0,4,10,2017,6,8.0,1.0,0,9.0,3,0,3,  ,0,0.0,1,0,1,0,0,0,0,0,0,0,0,0,0,1,0,0,0
22463,2017103438,1400.0,1358.0,9,9212,40.1464,-74.995,1,0,0,0,0,0,4,9,2017,2,13.0,1.0,0,1.0,3,1,3,  ,2,3.0,1,0,1,0,0,0,0,0,0,0,0,0,0,0,0,0,0
22464,2017103637,1857.0,1853.0,40,40304,41.2438,-75.8998,0,0,0,0,0,0,4,10,2017,7,18.0,4.0,0,1.0,3,0,3,  ,0,0.0,1,0,1,0,0,0,0,0,0,0,0,0,0,1,0,0,1
22465,2017103765,1217.0,1210.0,59,59403,40.9176,-77.0498,0,0,0,0,1,0,4,10,2017,7,11.0,1.0,0,1.0,1,1,3,  ,3,3.0,0,0,1,0,0,0,0,0,0,0,0,0,0,0,0,0,0
22466,2017103839,1522.0,1519.0,43,43407,,,0,0,0,0,1,0,4,10,2017,7,15.0,1.0,0,1.0,1,0,3,  ,0,0.0,0,0,1,0,0,0,0,0,0,0,0,0,0,0,0,0,0
22467,2017104482,741.0,728.0,2,2301,40.3962,-79.9981,0,0,0,0,1,0,2,10,2017,3,7.0,1.0,0,1.0,3,1,3,  ,2,3.0,0,0,0,0,0,0,0,0,0,0,0,0,0,0,0,1,0
22468,2017104510,723.0,720.0,59,59403,40.9235,-77.0307,0,0,0,0,0,0,4,10,2017,3,7.0,1.0,0,1.0,1,1,3,  ,2,3.0,0,0,1,0,0,0,0,0,0,0,0,0,0,0,0,0,0
22469,2017104760,2220.0,2217.0,2,2473,40.3908,-79.8826,0,0,0,0,0,1,4,10,2017,2,22.0,3.0,0,9.0,3,2,7,  ,0,0.0,0,0,1,0,0,0,0,0,0,0,0,0,0,0,0,0,0
22470,2017104905,1633.0,1630.0,41,41301,41.247,-77.008,0,0,0,0,0,1,5,10,2017,3,16.0,1.0,0,1.0,3,0,3,  ,0,0.0,0,0,0,0,0,0,0,0,0,0,0,0,0,0,0,0,0
22471,2017104998,1927.0,1923.0,46,46104,39.9989,-75.2374,0,0,0,0,0,0,4,9,2017,5,19.0,3.0,7,1.0,3,0,3,  ,0,0.0,1,0,1,0,0,0,0,0,0,0,0,0,0,0,0,1,0
22472,2017105002,846.0,843.0,46,46104,40.0177,-75.2521,0,0,0,0,0,1,4,9,2017,7,8.0,1.0,0,1.0,3,1,3,  ,3,3.0,0,0,1,0,0,0,0,0,0,0,0,0,0,0,0,0,0
22473,2017105011,1906.0,1903.0,46,46104,40.0086,-75.2524,0,0,0,0,0,0,1,10,2017,6,19.0,3.0,0,1.0,3,2,3,  ,0,0.0,1,0,0,0,0,0,0,0,0,0,0,0,0,1,0,1,0
22474,2017105082,1621.0,1616.0,6,6301,40.3414,-75.918,0,0,0,0,0,0,4,10,2017,4,16.0,1.0,0,9.0,3,1,7,  ,2,3.0,1,0,1,0,0,0,0,0,0,0,0,0,0,0,0,1,0
22475,2017105289,749.0,745.0,23,23111,39.9535,-75.2596,0,0,0,0,0,0,4,10,2017,5,7.0,1.0,7,9.0,3,0,3,  ,0,0.0,0,0,1,0,0,0,0,0,0,0,0,0,0,0,0,0,0
22476,2017105425,356.0,353.0,66,66413,39.7973,-76.9785,0,0,0,0,0,0,4,8,2017,7,3.0,2.0,0,1.0,2,1,3,  ,0,0.0,0,0,1,0,0,0,0,0,0,0,0,0,0,0,0,0,0
22477,2017105452,726.0,722.0,9,9205,40.3221,-75.1453,0,0,0,0,1,0,4,10,2017,5,7.0,1.0,0,9.0,3,2,7,  ,0,0.0,1,0,1,0,0,0,0,0,0,0,0,0,0,0,0,0,0
22478,2017105600,1759.0,1748.0,36,36301,40.0404,-76.2974,0,0,0,0,0,0,4,9,2017,4,17.0,1.0,0,1.0,3,1,3,  ,2,3.0,0,0,1,0,0,0,0,0,0,0,0,0,0,0,0,0,0
22479,2017105626,1826.0,1824.0,48,48409,40.6905,-75.4979,0,0,0,0,0,0,4,10,2017,2,18.0,4.0,0,1.0,3,1,3,  ,3,3.0,0,0,1,0,0,0,0,0,0,0,0,0,0,0,0,1,0
22480,2017105851,1110.0,1109.0,67,67301,39.9592,-75.2192,0,0,0,0,0,1,4,9,2017,7,11.0,1.0,0,1.0,3,2,3,  ,2,3.0,0,0,1,0,0,0,0,0,0,0,0,0,0,0,0,0,0
22481,2017105865,1035.0,1029.0,67,67301,39.9654,-75.1919,0,0,0,0,0,0,5,9,2017,4,10.0,1.0,0,1.0,3,0,3,  ,0,0.0,0,0,0,0,0,0,0,0,0,0,0,0,0,0,0,0,0
22482,2017105873,1222.0,1222.0,67,67301,40.0349,-75.2349,0,0,0,0,1,0,4,9,2017,7,12.0,1.0,7,1.0,3,2,3,  ,0,0.0,1,0,1,0,0,0,0,0,0,0,0,0,0,0,0,0,1
22483,2017105897,1830.0,1829.0,67,67301,39.9613,-75.2246,0,0,0,0,0,0,4,9,2017,7,18.0,1.0,0,1.0,3,0,3,  ,0,0.0,0,0,1,0,0,0,0,0,0,0,0,0,0,0,0,0,0
22484,2017105909,1735.0,1725.0,67,67301,39.947,-75.1647,0,0,0,0,0,0,1,9,2017,1,17.0,1.0,0,1.0,3,1,3,  ,2,3.0,0,0,0,0,0,0,0,0,0,0,0,0,0,0,0,0,0
22485,2017105920,129.0,128.0,67,67301,39.9726,-75.1445,0,0,0,0,0,0,4,9,2017,6,99.0,1.0,0,1.0,3,1,3,  ,2,3.0,0,0,1,0,0,0,0,0,0,0,0,0,0,0,0,0,0
22486,2017105929,930.0,923.0,67,67301,39.9657,-75.2065,0,0,0,0,0,1,4,9,2017,6,9.0,1.0,0,1.0,3,3,3,  ,3,3.0,1,0,1,0,0,0,0,0,0,0,0,0,0,0,0,0,0
22487,2017105932,515.0,509.0,67,67301,39.9965,-75.114,0,0,0,0,0,0,2,9,2017,7,2.0,3.0,0,1.0,3,0,3,  ,0,0.0,0,0,0,0,0,0,0,0,0,0,0,0,0,0,0,0,0
22488,2017105975,1139.0,1135.0,67,67301,40.114,-75.0247,0,0,0,0,0,0,4,9,2017,1,11.0,1.0,0,1.0,3,2,3,  ,3,3.0,0,0,1,0,0,0,0,0,0,0,0,0,0,0,0,1,0
22489,2017105998,615.0,610.0,67,67301,40.0915,-74.9656,0,0,0,0,0,0,4,9,2017,2,6.0,1.0,7,1.0,3,2,3,  ,2,3.0,0,0,1,0,0,0,0,0,0,0,0,0,0,0,0,0,0
22490,2017105999,1437.0,1435.0,67,67301,39.9793,-75.1388,0,0,0,0,0,1,4,9,2017,3,14.0,1.0,0,1.0,3,1,3,  ,3,3.0,0,0,1,0,0,0,0,0,0,0,0,0,0,0,0,0,0
22491,2017106020,1856.0,1854.0,67,67301,40.0647,-74.9823,0,0,0,0,0,0,4,9,2017,2,18.0,1.0,0,1.0,3,1,3,  ,2,3.0,1,0,1,0,0,0,0,0,0,0,0,1,0,0,0,0,0
22492,2017106054,2140.0,2139.0,67,67301,39.9994,-75.1229,0,0,0,0,0,0,4,9,2017,5,10.0,1.0,0,1.0,3,1,3,  ,3,3.0,1,0,1,0,0,0,0,0,0,0,0,0,0,0,0,0,0
22493,2017106428,1610.0,1607.0,40,40103,41.2735,-75.8492,0,0,0,0,0,1,4,10,2017,7,16.0,1.0,7,1.0,3,2,3,  ,3,3.0,0,0,1,0,0,0,0,0,0,0,0,0,0,0,0,0,0
22494,2017107074,2114.0,2110.0,2,2301,40.4451,-79.9573,0,0,0,0,0,0,4,10,2017,5,21.0,3.0,0,1.0,3,2,3,  ,0,0.0,1,0,1,0,0,0,0,0,0,0,0,0,0,0,0,0,0
22495,2017107431,1010.0,1004.0,15,15414,39.951,-75.5981,0,0,0,0,0,0,5,10,2017,5,8.0,1.0,0,9.0,3,0,7,  ,0,0.0,0,0,0,0,0,0,0,0,0,0,0,0,0,0,0,0,0
22496,2017107494,1615.0,1550.0,67,67301,39.9823,-75.15,0,0,0,0,0,0,4,10,2017,3,15.0,1.0,0,1.0,3,1,3,  ,3,9.0,0,0,1,0,0,0,0,0,0,0,0,0,0,0,0,0,0
22497,2017107577,1527.0,1526.0,39,39301,40.6062,-75.4968,0,0,0,0,0,0,4,8,2017,1,15.0,1.0,0,1.0,3,1,3,  ,2,3.0,0,0,1,0,0,0,0,0,0,0,0,0,0,0,0,0,0
22498,2017107590,2150.0,2149.0,39,39301,40.6031,-75.4742,0,0,0,0,0,0,8,10,2017,1,21.0,3.0,0,1.0,3,1,3,  ,2,3.0,0,0,0,0,0,0,0,0,0,0,0,0,0,0,0,0,1
22499,2017107683,1642.0,1638.0,6,6301,40.3344,-75.9279,0,0,0,0,0,0,4,10,2017,3,16.0,1.0,0,1.0,3,1,3,  ,2,3.0,0,0,1,0,0,0,0,0,0,0,0,0,0,0,0,0,0
22500,2017107718,633.0,625.0,25,25302,42.1361,-80.0457,0,1,0,0,0,0,1,10,2017,3,6.0,3.0,0,1.0,3,2,3,  ,0,0.0,0,1,0,0,0,0,0,0,0,0,0,0,0,0,0,0,0
22501,2017107750,1802.0,1717.0,21,21204,40.2475,-77.3162,0,1,0,0,1,0,2,9,2017,7,17.0,1.0,0,1.0,1,2,3,  ,0,0.0,1,0,0,0,0,0,0,0,0,0,0,0,0,0,0,1,0
22502,2017107918,1110.0,1106.0,67,67301,39.9599,-75.1938,0,0,0,0,0,1,2,10,2017,4,11.0,1.0,0,1.0,3,1,3,  ,2,3.0,0,0,0,0,0,1,0,0,0,0,0,0,0,0,0,0,0
22503,2017107920,1735.0,1718.0,39,39102,40.6247,-75.4675,0,0,0,0,0,0,4,10,2017,3,17.0,1.0,0,1.0,3,1,3,  ,2,3.0,1,0,1,0,0,0,0,0,0,0,0,0,0,0,0,0,0
22504,2017107963,111.0,110.0,67,67301,39.968,-75.2078,0,0,0,0,0,0,4,7,2017,1,0.0,3.0,0,1.0,3,1,3,  ,2,3.0,0,0,1,0,0,0,0,0,0,0,0,0,0,0,0,0,0
22505,2017107965,1855.0,1844.0,67,67301,39.9211,-75.1939,0,0,0,0,0,0,5,8,2017,6,15.0,1.0,0,1.0,3,0,3,  ,0,0.0,0,0,0,0,0,0,0,0,0,0,0,0,0,0,0,0,0
22506,2017108058,1620.0,1604.0,67,67301,39.9484,-75.1678,0,0,0,0,0,0,5,9,2017,1,15.0,1.0,0,1.0,3,0,3,  ,0,0.0,0,0,0,0,0,0,0,0,0,0,0,0,0,0,0,0,0
22507,2017108111,1800.0,1800.0,67,67301,39.9591,-75.1972,0,0,0,0,0,0,4,10,2017,4,15.0,1.0,7,1.0,3,0,3,  ,0,0.0,1,0,1,0,0,0,0,0,0,0,0,0,0,0,0,0,0
22508,2017108112,1552.0,1551.0,67,67301,39.9505,-75.1933,0,0,0,0,0,0,5,10,2017,4,15.0,1.0,0,1.0,3,0,3,  ,0,0.0,0,0,0,0,0,0,0,0,0,0,0,0,0,0,0,0,0
22509,2017108449,1204.0,1204.0,9,9401,40.1005,-74.8528,0,0,0,0,0,0,4,10,2017,2,12.0,1.0,0,1.0,3,0,3,  ,0,0.0,0,0,1,0,0,1,0,0,0,0,0,0,0,0,0,1,0
22510,2017108470,1718.0,1713.0,14,14206,40.7339,-77.8858,0,0,0,0,0,1,4,10,2017,5,17.0,1.0,0,1.0,1,2,98,  ,1,3.0,0,0,1,0,0,0,0,0,0,0,0,0,0,0,0,0,0
22511,2017108772,2120.0,2100.0,2,2301,40.4602,-80.0481,0,0,0,0,1,0,4,10,2017,4,20.0,3.0,0,1.0,3,2,98,  ,3,3.0,0,0,1,0,0,0,0,0,0,0,0,0,0,0,0,0,0
22512,2017108796,1415.0,1415.0,6,6301,40.3152,-75.9413,0,0,0,1,0,0,4,10,2017,6,14.0,1.0,0,1.0,3,1,3,  ,2,3.0,0,0,1,0,1,1,0,0,0,0,0,0,0,0,0,0,0
22513,2017108882,2010.0,2006.0,48,48101,40.6521,-75.3364,1,0,0,0,0,0,4,10,2017,5,20.0,2.0,0,1.0,3,2,3,  ,0,0.0,0,1,1,0,0,0,0,0,0,0,0,0,0,0,0,0,1
22514,2017109210,1910.0,1904.0,25,25302,42.1123,-80.1115,0,0,0,0,0,0,8,10,2017,7,18.0,3.0,0,1.0,3,1,3,  ,2,3.0,1,0,0,0,0,0,0,0,0,0,0,0,0,0,0,0,0
22515,2017109257,1100.0,1057.0,48,48101,40.6567,-75.3325,0,1,1,0,0,0,4,10,2017,7,10.0,1.0,0,1.0,3,0,3,  ,0,0.0,0,0,1,0,1,0,0,0,0,0,0,0,0,0,0,0,0
22516,2017109339,1442.0,1438.0,2,2301,40.4493,-79.9294,0,0,0,0,0,0,2,10,2017,7,14.0,1.0,0,1.0,3,0,3,  ,0,0.0,0,0,0,0,0,0,0,0,0,0,0,0,0,0,0,0,0
22517,2017109552,1740.0,1730.0,40,40216,41.2437,-76.108,0,1,0,0,0,1,4,9,2017,3,17.0,1.0,0,1.0,1,2,3,  ,3,3.0,0,0,1,0,0,1,0,0,0,0,0,0,0,0,0,0,0
22518,2017109756,1755.0,1746.0,67,67301,39.9632,-75.1996,0,0,0,0,0,0,4,9,2017,2,17.0,1.0,0,1.0,3,1,3,  ,2,3.0,1,0,1,0,0,0,0,0,0,0,0,0,0,0,0,0,0
22519,2017109764,520.0,513.0,67,67301,39.9684,-75.2228,0,0,0,0,0,0,4,9,2017,6,5.0,3.0,0,1.0,3,1,3,  ,3,3.0,1,0,1,0,0,1,0,0,0,0,0,0,0,0,0,0,0
22520,2017109768,2136.0,2120.0,67,67301,40.0267,-75.1594,0,0,0,0,0,0,5,10,2017,2,21.0,2.0,0,1.0,3,0,3,  ,0,0.0,0,0,0,0,0,1,0,0,0,0,0,0,0,0,0,0,0
22521,2017109796,1216.0,1215.0,67,67301,39.995,-75.1261,0,0,0,0,0,0,4,9,2017,4,12.0,1.0,0,1.0,3,1,3,  ,3,3.0,0,0,1,0,0,0,0,0,0,0,0,0,0,0,0,0,0
22522,2017109831,1800.0,1756.0,67,67301,40.032,-75.1058,0,0,0,0,0,1,4,9,2017,5,17.0,1.0,0,1.0,3,2,3,  ,0,0.0,1,0,1,0,0,0,0,0,0,0,0,0,0,0,0,0,0
22523,2017109835,1540.0,1537.0,67,67301,40.0427,-75.1179,0,0,0,0,0,0,4,10,2017,1,15.0,1.0,0,1.0,3,10,3,  ,3,3.0,0,0,1,0,0,0,0,0,0,0,0,0,0,0,0,0,0
22524,2017109895,1735.0,1734.0,67,67301,39.9287,-75.165,0,0,0,0,0,0,5,10,2017,2,17.0,1.0,0,9.0,3,0,3,  ,0,0.0,0,0,0,0,0,0,0,0,0,0,0,0,0,0,0,0,0
22525,2017109904,1900.0,1900.0,67,67301,39.917,-75.1517,0,0,0,0,0,0,6,10,2017,4,18.0,3.0,0,1.0,3,0,3,  ,0,0.0,0,0,0,0,0,0,0,0,0,0,0,0,0,0,0,0,0
22526,2017109905,822.0,819.0,67,67301,39.9865,-75.2051,0,0,0,0,0,1,4,10,2017,5,8.0,1.0,0,1.0,3,2,3,  ,2,3.0,1,0,1,0,0,0,0,0,0,0,0,0,0,1,0,0,0
22527,2017109919,1531.0,1529.0,67,67301,40.0528,-75.0509,0,0,0,0,0,1,4,9,2017,6,15.0,1.0,0,1.0,3,3,3,  ,3,3.0,1,0,1,0,0,0,0,0,0,0,0,0,0,0,0,0,0
22528,2017109936,1026.0,1023.0,67,67301,39.9852,-75.1137,0,0,0,0,0,0,5,9,2017,6,10.0,1.0,0,1.0,3,0,3,  ,0,0.0,0,0,0,0,0,0,0,0,0,0,0,0,0,0,0,0,0
22529,2017109939,1850.0,1834.0,67,67301,39.9379,-75.1968,0,0,0,0,0,0,4,9,2017,3,18.0,1.0,0,1.0,3,1,3,  ,3,3.0,0,0,1,0,0,0,0,0,0,0,0,0,0,0,0,0,1
22530,2017109941,9999.0,9999.0,67,67301,39.9984,-75.1033,0,0,0,0,1,0,4,9,2017,6,21.0,3.0,0,1.0,3,1,99,  ,3,3.0,0,0,1,0,0,0,0,0,0,0,0,0,0,0,0,0,0
22531,2017109947,2005.0,2001.0,67,67301,40.0073,-75.1037,0,0,0,0,0,2,4,10,2017,2,8.0,3.0,0,9.0,3,0,3,  ,0,0.0,0,0,1,0,0,0,0,0,0,0,0,0,0,0,0,0,0
22532,2017109967,1320.0,1309.0,67,67301,39.9183,-75.2254,0,0,0,0,0,0,5,9,2017,7,13.0,1.0,0,1.0,3,0,3,  ,0,0.0,0,0,0,0,0,0,0,0,0,0,0,0,0,0,0,0,0
22533,2017109971,1722.0,1720.0,67,67301,39.9699,-75.1314,0,0,0,0,0,0,6,9,2017,7,17.0,1.0,0,1.0,3,0,3,  ,0,0.0,0,0,0,0,0,0,0,0,0,0,0,0,0,0,0,0,0
22534,2017109972,1946.0,1945.0,67,67301,39.9248,-75.1728,0,0,0,0,0,0,4,9,2017,6,19.0,3.0,0,1.0,3,5,3,  ,2,3.0,0,0,1,0,0,0,0,0,0,0,0,0,0,0,0,1,0
22535,2017109973,1425.0,1419.0,67,67301,39.932,-75.2295,0,0,0,0,0,0,5,10,2017,1,14.0,1.0,0,1.0,3,0,3,  ,0,0.0,0,0,0,0,0,0,0,0,0,0,0,0,0,0,0,0,0
22536,2017109981,1610.0,1600.0,67,67301,39.9969,-75.1469,0,0,0,0,0,0,4,10,2017,1,15.0,1.0,0,1.0,3,2,3,  ,3,3.0,0,0,1,0,0,0,0,0,0,0,0,0,0,0,0,0,0
22537,2017110334,911.0,858.0,25,25216,42.0557,-80.0883,0,0,0,0,0,0,4,10,2017,2,8.0,1.0,0,1.0,1,1,3,  ,2,3.0,0,0,1,0,0,0,0,0,0,0,0,0,0,0,0,1,0
22538,2017110346,1427.0,1427.0,2,2426,40.434,-79.8839,0,0,0,0,1,0,4,9,2017,6,14.0,1.0,0,1.0,3,1,3,  ,3,2.0,0,0,1,0,0,0,0,0,0,0,0,0,0,0,0,0,0
22539,2017110732,1942.0,1932.0,36,36228,39.9835,-76.2911,0,1,0,0,0,0,1,10,2017,7,19.0,2.0,0,1.0,1,0,3,  ,0,0.0,0,0,0,0,0,0,0,0,0,0,0,0,0,0,0,0,0
22540,2017110799,2241.0,2233.0,25,25216,42.0549,-80.0847,0,0,0,0,0,1,4,10,2017,2,22.0,3.0,0,1.0,1,1,3,  ,2,3.0,1,0,1,0,0,0,0,0,0,0,0,1,0,0,0,0,0
22541,2017110960,931.0,928.0,66,66301,39.9622,-76.7231,0,0,0,0,0,1,5,10,2017,4,9.0,1.0,0,1.0,3,1,3,  ,2,3.0,0,0,0,0,0,0,0,0,0,0,0,0,0,0,0,0,0
22542,2017110977,1137.0,1134.0,21,21412,40.2498,-76.8913,0,0,0,0,0,0,4,10,2017,3,11.0,1.0,0,1.0,3,2,3,  ,2,3.0,0,0,1,0,0,0,0,0,0,0,0,0,0,0,0,1,0
22543,2017111045,836.0,834.0,67,67301,39.9667,-75.155,0,0,0,0,0,0,4,10,2017,5,8.0,1.0,0,1.0,3,1,3,  ,3,3.0,0,0,1,0,0,0,0,0,0,0,0,0,0,0,0,0,0
22544,2017111143,1423.0,1418.0,48,48209,40.713,-75.3328,0,0,0,0,0,0,4,10,2017,3,14.0,1.0,0,1.0,1,2,3,  ,3,3.0,1,0,1,0,0,0,0,0,0,0,0,0,0,0,0,0,1
22545,2017111198,1324.0,1318.0,23,23205,39.9392,-75.4602,0,0,0,0,0,0,4,10,2017,6,13.0,1.0,0,1.0,3,1,3,  ,3,3.0,0,0,1,0,0,0,0,0,0,0,0,0,0,0,0,1,0
22546,2017111236,1254.0,1251.0,25,25301,41.917,-79.6371,0,1,0,0,0,0,4,10,2017,1,12.0,1.0,0,1.0,2,0,3,  ,0,0.0,1,0,1,0,0,0,0,0,0,0,0,0,0,0,0,0,0
22547,2017111313,1242.0,1240.0,6,6219,40.5348,-75.6687,0,0,0,0,0,1,4,10,2017,1,12.0,1.0,0,1.0,1,0,3,  ,0,0.0,1,0,1,0,0,0,0,0,0,0,0,0,0,0,0,1,0
22548,2017111557,830.0,826.0,67,67301,39.9892,-75.2266,0,0,0,0,0,0,4,10,2017,6,7.0,1.0,0,1.0,3,2,3,  ,2,3.0,1,0,1,0,0,0,0,0,0,0,0,0,0,0,0,0,0
22549,2017111623,1650.0,1645.0,2,2301,40.3873,-79.9839,0,0,0,0,0,0,8,10,2017,5,16.0,1.0,0,1.0,3,1,3,  ,2,3.0,0,0,0,0,0,0,0,0,0,0,0,0,0,0,0,0,0
22550,2017111747,2122.0,2120.0,46,46416,40.2488,-75.6435,0,0,0,0,0,0,8,10,2017,6,21.0,3.0,0,9.0,2,1,3,  ,3,3.0,0,0,0,0,0,0,0,0,0,0,0,0,0,0,0,0,0
22551,2017111878,1517.0,1516.0,39,39301,40.6033,-75.4792,0,0,0,0,0,1,4,10,2017,5,15.0,1.0,0,1.0,3,1,3,  ,2,3.0,0,0,1,0,0,0,0,0,0,0,0,0,0,0,0,0,0
22552,2017111992,1547.0,1544.0,48,48215,40.7555,-75.3085,0,0,0,0,0,1,4,10,2017,6,15.0,1.0,0,1.0,1,1,3,  ,3,3.0,1,0,1,0,0,0,0,0,0,0,0,0,0,0,0,0,0