,CRN,ARRIVAL_TM,DISPATCH_TM,COUNTY,MUNICIPALITY,DEC_LAT,DEC_LONG,BICYCLE_DEATH_COUNT,BICYCLE_SUSP_SERIOUS_INJ_COUNT,BUS_COUNT,HEAVY_TRUCK_COUNT,SMALL_TRUCK_COUNT,SUV_COUNT,COLLISION_TYPE,CRASH_MONTH,CRASH_YEAR,DAY_OF_WEEK,HOUR_OF_DAY,ILLUMINATION,LOCATION_TYPE,ROAD_CONDITION,URBAN_RURAL,INTERSECT_TYPE,WEATHER1,WEATHER2,TCD_TYPE,TCD_FUNC_CD,AGGRESSIVE_DRIVING,ALCOHOL_RELATED,ANGLE_CRASH,CELL_PHONE,COMM_VEHICLE,DISTRACTED,DRINKING_DRIVER,DRUGGED_DRIVER,FATIGUE_ASLEEP,IMPAIRED_DRIVER,NHTSA_AGG_DRIVING,RUNNING_RED_LT,RUNNING_STOP_SIGN,SPEEDING_RELATED,TAILGATING,MATURE_DRIVER,YOUNG_DRIVER
22553,2017112262,1000.0,954.0,35,35217,41.3744,-75.6099,0,0,0,0,1,0,1,10,2017,7,9.0,1.0,0,1.0,1,0,3,  ,0,0.0,0,0,0,0,0,1,0,0,0,0,0,0,0,0,0,0,0
22554,2017112339,1818.0,1758.0,8,8235,41.6549,-76.2093,0,0,0,0,0,0,1,10,2017,6,17.0,1.0,0,1.0,1,0,3,  ,0,0.0,0,0,0,0,0,0,0,0,0,0,0,0,0,0,0,1,0
22555,2017112828,1937.0,1936.0,36,36301,40.0315,-76.3056,0,0,0,0,0,0,4,10,2017,6,19.0,3.0,0,1.0,3,1,3,  ,3,3.0,0,0,1,0,0,0,0,0,0,0,0,0,0,0,0,0,0
22556,2017112951,1507.0,1505.0,15,15414,39.9567,-75.6012,0,1,0,0,0,0,4,10,2017,3,15.0,1.0,0,1.0,3,0,3,  ,0,0.0,0,0,1,0,0,0,0,0,0,0,0,0,0,0,0,0,0
22557,2017113579,1224.0,1221.0,9,9201,40.3945,-75.2288,0,0,0,0,1,0,1,10,2017,3,12.0,1.0,0,1.0,1,0,3,  ,0,0.0,0,0,0,0,0,0,0,0,0,0,0,0,0,0,0,0,0
22558,2017113738,1510.0,1506.0,38,38209,40.3614,-76.3783,0,0,0,0,0,0,4,10,2017,6,15.0,1.0,0,1.0,1,0,3,  ,0,0.0,0,0,1,0,0,0,0,0,0,0,0,0,0,0,0,0,0
22559,2017113876,717.0,714.0,2,2472,40.4039,-79.9152,0,1,0,0,0,0,4,11,2017,4,7.0,2.0,0,9.0,3,1,7,  ,2,3.0,0,0,1,0,0,0,0,0,0,0,0,0,0,0,0,0,0
22560,2017114350,1703.0,1703.0,9,9409,40.2071,-74.7829,0,0,0,0,0,1,8,10,2017,1,17.0,1.0,0,1.0,3,1,3,  ,3,3.0,0,0,0,0,0,0,0,0,0,0,0,0,0,0,0,0,0
22561,2017114365,933.0,933.0,67,67301,39.9788,-75.1591,0,0,0,0,0,0,4,11,2017,5,9.0,1.0,0,1.0,3,0,3,  ,0,0.0,0,0,1,0,0,0,0,0,0,0,0,0,0,0,0,0,0
22562,2017114387,1657.0,1656.0,15,15414,39.9558,-75.6002,0,0,0,0,0,1,5,10,2017,2,16.0,1.0,0,1.0,3,2,3,  ,2,3.0,1,0,0,0,0,0,0,0,0,0,0,0,0,0,0,0,0
22563,2017114404,1458.0,1456.0,46,46220,40.1006,-75.3685,0,0,0,0,0,0,4,10,2017,2,14.0,1.0,0,1.0,3,2,3,  ,0,0.0,0,0,1,0,0,0,0,0,0,0,0,0,0,0,0,0,0
22564,2017114407,814.0,811.0,21,21403,40.2455,-76.8972,0,1,0,0,0,0,2,10,2017,3,8.0,1.0,0,1.0,3,3,3,  ,0,0.0,1,0,0,0,0,0,0,0,0,0,0,0,0,0,0,0,0
22565,2017114421,1856.0,1854.0,41,41409,41.2292,-76.9965,0,0,0,0,0,0,4,10,2017,3,18.0,1.0,0,2.0,3,1,3,  ,0,0.0,0,0,1,0,0,0,0,0,0,0,0,0,0,0,0,0,0
22566,2017114544,2119.0,2108.0,49,49221,40.9687,-76.8768,0,0,0,0,0,1,4,10,2017,5,21.0,2.0,0,1.0,1,2,3,  ,0,0.0,1,0,1,0,0,0,0,0,0,0,0,0,0,0,0,0,0
22567,2017114727,1345.0,1344.0,22,22301,40.2742,-76.868,0,1,0,0,0,0,4,11,2017,5,13.0,1.0,0,1.0,3,1,3,  ,0,0.0,0,0,1,0,0,0,0,0,0,0,0,0,0,0,0,0,1
22568,2017114759,1646.0,1643.0,36,36301,40.0398,-76.3039,0,0,0,0,0,0,4,9,2017,7,16.0,1.0,0,1.0,3,1,3,  ,2,3.0,0,0,1,0,0,0,0,0,0,0,0,0,0,0,0,0,0
22569,2017114829,111.0,108.0,67,67301,39.9298,-75.1729,0,0,0,0,0,0,3,10,2017,3,1.0,3.0,0,1.0,3,1,3,  ,0,0.0,0,0,0,0,0,0,0,0,0,0,0,0,0,0,0,0,0
22570,2017115113,929.0,927.0,46,46102,40.0805,-75.1302,0,0,0,0,0,0,4,11,2017,7,9.0,1.0,0,1.0,3,2,3,  ,0,0.0,1,0,1,0,0,0,0,0,0,0,0,0,0,0,0,0,0
22571,2017115516,1615.0,1613.0,6,6238,40.5523,-75.9946,0,0,0,0,1,0,4,10,2017,3,16.0,1.0,0,1.0,1,2,3,  ,3,3.0,1,0,1,0,0,0,0,0,0,0,0,0,0,0,0,0,0
22572,2017115825,957.0,942.0,2,2301,40.4592,-79.9275,0,0,0,0,0,0,4,11,2017,2,9.0,1.0,0,9.0,3,2,99,  ,2,3.0,1,0,1,0,0,0,0,0,0,0,0,0,0,0,0,0,0
22573,2017115906,2028.0,2028.0,67,67301,39.957,-75.2255,0,0,0,0,0,0,4,10,2017,6,20.0,3.0,0,1.0,3,1,3,  ,2,3.0,1,0,1,0,0,0,0,1,0,1,0,0,0,0,0,0,0
22574,2017115908,1640.0,1637.0,67,67301,39.9941,-75.1916,0,0,0,0,0,0,5,10,2017,1,20.0,6.0,0,98.0,3,0,99,  ,0,0.0,0,0,0,0,0,0,0,0,0,0,0,0,0,0,0,0,0
22575,2017115921,846.0,845.0,67,67301,39.9574,-75.1603,0,0,0,0,0,0,4,10,2017,4,8.0,1.0,0,1.0,3,1,3,  ,2,3.0,0,0,1,0,0,0,0,0,0,0,0,0,0,0,0,0,0
22576,2017115952,1846.0,1845.0,67,67301,39.974,-75.1325,0,0,0,0,0,0,4,10,2017,4,18.0,3.0,0,1.0,3,2,3,  ,0,0.0,0,0,1,0,0,0,0,0,0,0,0,0,0,0,0,0,0
22577,2017115957,1706.0,1058.0,67,67301,40.0167,-75.2111,0,0,0,0,0,0,5,10,2017,6,16.0,1.0,0,1.0,3,0,3,  ,0,0.0,0,0,0,0,0,0,0,0,0,0,0,0,0,0,0,0,0
22578,2017115961,2359.0,2353.0,67,67301,39.9589,-75.16,0,0,0,0,0,0,5,10,2017,3,22.0,3.0,0,1.0,3,0,3,  ,0,0.0,0,0,0,0,0,0,0,0,0,0,0,0,0,0,0,0,0
22579,2017115963,2030.0,2025.0,67,67301,39.9541,-75.1606,0,0,0,0,0,0,5,10,2017,5,20.0,3.0,0,1.0,3,0,3,  ,0,0.0,0,0,0,0,0,0,0,0,0,0,0,0,0,0,0,0,0
22580,2017115968,1550.0,1520.0,67,67301,39.963,-75.1662,0,0,0,0,0,0,5,10,2017,4,14.0,1.0,0,1.0,3,1,3,  ,2,3.0,0,0,0,0,0,0,0,0,0,0,0,0,0,0,0,0,0
22581,2017115982,1655.0,1648.0,67,67301,39.9374,-75.163,0,0,0,0,0,0,4,10,2017,5,16.0,1.0,0,1.0,3,1,3,  ,2,3.0,0,0,1,0,0,0,0,0,0,0,0,0,0,0,0,0,0
22582,2017115983,1648.0,1645.0,67,67301,39.9382,-75.1499,0,0,0,0,0,0,4,10,2017,5,16.0,1.0,0,1.0,3,1,3,  ,3,3.0,0,0,1,0,0,0,0,0,0,0,0,0,0,0,0,0,0
22583,2017116019,2057.0,2056.0,67,67301,39.9361,-75.1753,0,0,0,0,0,0,8,10,2017,2,20.0,3.0,0,1.0,3,1,3,  ,0,0.0,0,0,0,0,0,0,0,0,0,0,0,0,0,0,0,0,0
22584,2017116095,830.0,821.0,67,67301,39.9488,-75.215,0,0,0,0,0,1,8,10,2017,4,7.0,1.0,0,1.0,3,1,3,  ,2,3.0,1,0,0,0,0,0,0,0,0,0,0,0,0,0,0,0,0
22585,2017116098,1527.0,1527.0,67,67301,40.0054,-75.1094,0,0,0,0,0,0,4,10,2017,3,15.0,1.0,0,1.0,3,1,3,  ,2,3.0,1,0,1,0,0,0,0,0,0,0,0,0,0,0,0,0,0
22586,2017116099,1512.0,1507.0,67,67301,39.9987,-75.0946,0,0,0,0,0,1,8,10,2017,7,14.0,1.0,0,1.0,3,1,3,  ,3,3.0,0,0,0,0,0,0,0,0,0,0,0,0,0,0,0,0,0
22587,2017116110,345.0,336.0,67,67301,39.9925,-75.1309,0,0,0,0,0,1,6,10,2017,6,21.0,3.0,0,1.0,3,0,3,  ,0,0.0,0,0,0,0,0,0,0,0,0,0,0,0,0,0,0,0,0
22588,2017116141,1230.0,1225.0,67,67301,40.0008,-75.1714,0,0,0,0,0,0,4,10,2017,2,22.0,3.0,0,1.0,3,2,3,  ,3,3.0,1,0,1,0,0,0,0,0,0,0,0,0,1,0,0,0,0
22589,2017116150,1745.0,1740.0,67,67301,39.9451,-75.1717,0,0,0,0,1,0,3,10,2017,6,17.0,1.0,0,1.0,3,0,3,  ,0,0.0,0,0,0,0,0,0,0,0,0,0,0,0,0,0,0,0,0
22590,2017116183,1613.0,1608.0,67,67301,40.0778,-75.1729,0,0,0,0,0,0,4,10,2017,7,16.0,1.0,0,1.0,3,1,3,  ,0,0.0,0,0,1,0,0,0,0,0,0,0,0,0,0,0,0,0,0
22591,2017116210,2010.0,1959.0,67,67301,39.9527,-75.2447,0,0,0,0,0,0,4,10,2017,3,19.0,3.0,0,1.0,3,1,3,  ,2,3.0,0,0,1,0,0,0,0,0,0,0,0,0,0,0,0,1,0
22592,2017116211,850.0,837.0,67,67301,39.9585,-75.213,0,0,0,0,0,0,4,10,2017,4,8.0,1.0,1,1.0,3,2,3,  ,0,0.0,1,0,1,0,0,0,0,0,0,0,0,0,0,0,0,0,0
22593,2017116213,2200.0,2155.0,67,67301,39.9896,-75.2462,0,0,0,0,0,0,4,10,2017,5,21.0,3.0,0,1.0,3,2,3,  ,3,3.0,1,0,1,0,0,0,0,0,0,0,0,0,0,0,0,0,0
22594,2017116249,847.0,846.0,9,9216,40.2627,-74.9697,0,1,0,0,0,0,4,10,2017,7,8.0,1.0,0,1.0,3,2,3,  ,0,0.0,0,0,1,0,0,0,0,0,0,0,0,0,0,0,0,0,0
22595,2017116865,1404.0,1403.0,46,46107,40.1052,-75.2817,0,1,0,0,1,0,1,11,2017,2,14.0,1.0,0,1.0,3,0,3,  ,0,0.0,0,0,0,0,0,1,0,0,0,0,0,0,0,0,0,0,0
22596,2017116887,1640.0,1638.0,22,22102,40.2592,-76.7962,0,0,0,0,0,1,4,10,2017,2,16.0,1.0,7,1.0,3,0,3,  ,0,0.0,0,0,1,0,0,0,0,0,0,0,0,0,0,0,0,0,0
22597,2017117115,1752.0,1750.0,46,46414,40.2088,-75.2769,0,1,0,0,0,0,8,11,2017,3,17.0,3.0,0,9.0,3,1,7,  ,3,3.0,1,0,0,0,0,0,0,0,0,0,0,0,0,0,0,0,0
22598,2017117159,1355.0,1346.0,45,45404,40.9844,-75.1979,0,0,0,0,0,0,4,11,2017,1,13.0,1.0,0,1.0,2,1,3,  ,2,3.0,0,0,1,0,0,0,0,0,0,0,0,0,0,0,0,0,0
22599,2017117230,9999.0,1158.0,67,67301,39.9314,-75.1854,0,0,0,0,0,0,5,10,2017,6,11.0,1.0,0,1.0,3,0,3,  ,0,0.0,0,0,0,0,0,0,0,0,0,0,0,0,0,0,0,0,0
22600,2017117233,9999.0,1155.0,67,67301,39.997,-75.1538,0,0,0,0,0,0,5,10,2017,6,7.0,3.0,0,1.0,3,0,3,  ,0,0.0,0,0,0,0,0,0,0,0,0,0,0,0,0,0,0,0,0
22601,2017117239,1305.0,1303.0,67,67301,40.0336,-75.0636,0,0,0,0,0,1,4,10,2017,1,13.0,1.0,0,1.0,3,5,3,  ,2,3.0,0,0,1,0,0,0,0,0,0,0,0,0,0,0,0,1,0
22602,2017117335,1531.0,1527.0,39,39301,40.5952,-75.4916,0,0,0,0,0,0,8,11,2017,1,15.0,1.0,0,1.0,3,1,3,  ,2,3.0,0,0,0,0,0,0,0,0,0,0,0,0,0,0,0,0,0
22603,2017117363,1938.0,1924.0,62,62203,40.1524,-80.3132,1,0,0,0,1,0,4,10,2017,5,19.0,2.0,0,1.0,1,0,3,  ,0,0.0,1,0,1,0,0,0,0,0,0,0,0,0,0,1,0,0,0
22604,2017118010,1708.0,1701.0,46,46103,40.271,-75.2855,0,0,0,0,0,0,5,11,2017,3,16.0,3.0,0,9.0,3,0,7,  ,0,0.0,0,0,0,0,0,0,0,0,0,0,0,0,0,0,0,0,0
22605,2017118107,1508.0,1506.0,25,25302,42.1158,-80.1157,0,0,0,0,0,1,4,11,2017,6,15.0,1.0,0,1.0,3,1,3,  ,2,1.0,1,0,1,0,0,0,0,0,0,0,0,0,0,0,0,0,1
22606,2017118724,2003.0,1942.0,66,66426,39.7534,-76.6791,0,0,0,0,1,0,0,10,2017,4,19.0,3.0,7,9.0,1,0,7,  ,3,3.0,1,0,0,0,0,0,0,0,0,0,0,0,0,0,0,1,0
22607,2017118858,1415.0,1414.0,38,38301,40.34,-76.4246,0,0,0,0,0,0,4,11,2017,7,14.0,1.0,0,1.0,2,0,3,  ,0,0.0,0,0,1,0,0,1,0,0,0,0,0,0,0,0,0,0,0
22608,2017118978,1501.0,1445.0,30,30215,39.7724,-80.0981,0,1,0,0,0,1,1,11,2017,1,14.0,1.0,0,1.0,1,0,3,  ,0,0.0,1,0,0,0,0,0,0,0,0,0,0,0,0,0,1,1,0
22609,2017119040,1711.0,1706.0,9,9225,40.1776,-75.0412,0,0,0,0,0,1,5,11,2017,4,17.0,2.0,0,1.0,3,2,3,  ,0,0.0,0,0,0,0,0,0,0,0,0,0,0,0,0,0,0,0,0
22610,2017119305,1802.0,1801.0,23,23301,39.8406,-75.3875,0,1,0,0,0,0,5,11,2017,2,18.0,3.0,0,1.0,3,0,3,  ,0,0.0,0,0,0,0,0,0,0,0,0,0,0,0,0,0,0,0,0
22611,2017119602,1308.0,1259.0,14,14410,40.7923,-77.8634,0,0,0,0,0,0,0,11,2017,3,12.0,1.0,0,1.0,3,1,3,  ,3,3.0,1,0,0,0,0,0,0,0,0,0,0,0,0,0,0,0,0
22612,2017120044,1313.0,1312.0,6,6301,40.3447,-75.9354,0,0,0,1,0,0,4,11,2017,4,13.0,1.0,0,1.0,3,1,3,  ,2,3.0,0,0,1,0,1,0,0,0,0,0,0,0,0,0,0,0,0
22613,2017120491,1220.0,1217.0,67,67301,40.0385,-75.1689,0,0,0,0,0,1,4,10,2017,1,12.0,1.0,0,9.0,3,1,7,  ,3,3.0,0,0,1,0,0,0,0,0,0,0,0,0,0,0,0,0,0
22614,2017120501,1746.0,1746.0,67,67301,39.9507,-75.1947,0,0,0,0,0,0,5,10,2017,3,17.0,1.0,0,1.0,3,0,3,  ,0,0.0,0,0,0,0,0,0,0,0,0,0,0,0,0,0,0,1,0
22615,2017120516,1731.0,1731.0,67,67301,39.9777,-75.2264,0,0,0,0,0,0,4,11,2017,4,17.0,1.0,0,1.0,3,2,3,  ,3,3.0,0,0,1,0,0,0,0,0,0,0,0,0,0,0,0,0,0
22616,2017120522,1151.0,1146.0,67,67301,40.0915,-74.9656,0,0,0,0,0,0,4,10,2017,2,11.0,1.0,7,1.0,3,2,3,  ,2,3.0,0,0,1,0,0,0,0,0,0,0,0,0,0,0,0,0,0
22617,2017120556,1047.0,1042.0,67,67301,39.9734,-75.1854,0,0,0,0,1,0,4,10,2017,7,10.0,1.0,0,1.0,3,1,3,  ,3,3.0,1,0,1,0,0,0,0,0,0,0,0,0,0,0,0,0,0
22618,2017120604,1634.0,1632.0,67,67301,39.9696,-75.1638,0,0,0,0,0,0,4,10,2017,6,16.0,1.0,0,1.0,3,2,3,  ,0,0.0,1,0,1,0,0,0,0,0,0,0,0,0,0,0,0,0,0
22619,2017120647,1330.0,1323.0,67,67301,40.0257,-75.0451,0,0,0,0,0,0,3,10,2017,3,11.0,1.0,0,1.0,3,0,3,  ,0,0.0,0,0,0,0,0,0,0,0,0,0,0,0,0,0,0,0,0
22620,2017120658,1310.0,1308.0,67,67301,39.9644,-75.1764,0,0,0,0,0,0,4,10,2017,5,13.0,1.0,0,1.0,3,5,3,  ,2,3.0,1,0,1,0,0,0,0,0,0,0,0,0,0,0,0,0,0
22621,2017120668,9999.0,742.0,67,67301,39.9745,-75.2602,0,0,0,0,0,0,4,10,2017,2,7.0,1.0,0,1.0,3,2,3,  ,0,0.0,1,0,1,0,0,0,0,0,0,0,0,0,0,0,0,0,0
22622,2017120721,950.0,944.0,67,67301,39.9634,-75.1873,0,0,0,0,0,1,1,10,2017,2,9.0,1.0,0,1.0,3,0,3,  ,0,0.0,0,0,0,0,0,0,0,0,0,0,0,0,0,0,0,0,0
22623,2017120740,2140.0,2140.0,67,67301,39.9339,-75.1493,0,0,0,0,0,0,4,10,2017,7,15.0,1.0,0,1.0,3,1,3,  ,2,3.0,0,0,1,0,0,0,0,0,0,0,0,0,0,0,0,0,0
22624,2017120781,2019.0,2012.0,28,28204,39.9273,-77.6335,0,0,0,0,0,1,8,10,2017,5,20.0,2.0,0,1.0,1,0,3,  ,0,0.0,0,0,0,0,0,0,0,0,0,0,0,0,0,0,0,0,0
22625,2017121788,1154.0,1154.0,2,2102,40.3988,-80.1041,0,0,0,0,1,0,1,11,2017,7,11.0,1.0,0,1.0,3,0,3,  ,0,0.0,0,0,0,1,0,1,0,0,0,0,0,0,0,0,0,0,0
22626,2017121805,1325.0,1319.0,23,23111,39.9543,-75.2547,0,0,0,0,1,0,4,11,2017,1,13.0,1.0,0,1.0,3,1,3,  ,2,3.0,0,0,1,0,0,0,0,0,0,0,0,0,0,0,0,0,0
22627,2017121837,1650.0,1631.0,6,6301,40.3505,-75.9326,0,0,0,0,0,0,1,11,2017,1,16.0,1.0,0,1.0,3,0,3,  ,0,0.0,0,0,0,0,0,0,0,0,0,0,0,0,0,0,0,0,0
22628,2017122080,1540.0,1534.0,21,21207,40.1847,-77.0552,0,0,0,0,0,0,4,11,2017,5,15.0,1.0,0,1.0,1,1,3,  ,3,3.0,1,0,1,0,0,0,0,0,0,0,0,0,0,0,0,0,0
22629,2017122444,1611.0,1609.0,25,25213,42.1033,-80.1362,0,0,0,0,0,0,4,11,2017,2,16.0,1.0,7,1.0,3,0,3,  ,2,3.0,1,0,1,0,0,0,0,0,0,0,0,0,0,0,0,0,0
22630,2017122723,842.0,841.0,9,9213,40.1888,-74.9084,0,0,0,0,0,0,6,11,2017,2,8.0,1.0,0,1.0,3,2,3,  ,3,3.0,0,0,0,0,0,0,0,0,0,0,0,0,0,0,0,1,0
22631,2017122783,1930.0,1930.0,67,67301,40.005,-75.1791,0,0,0,0,0,0,5,10,2017,5,18.0,3.0,0,1.0,3,0,3,  ,0,0.0,0,0,0,0,0,0,0,0,0,0,0,0,0,0,0,0,0
22632,2017122784,1536.0,1533.0,67,67301,39.9463,-75.238,0,0,0,0,0,0,4,10,2017,3,15.0,1.0,7,1.0,3,2,3,  ,2,3.0,0,0,1,0,0,0,0,0,0,0,0,0,0,0,0,0,0
22633,2017122787,1134.0,1131.0,67,67301,39.9455,-75.2204,0,0,0,0,0,0,4,10,2017,2,11.0,1.0,0,1.0,3,1,3,  ,3,3.0,0,0,1,0,0,0,0,0,0,0,0,0,0,0,0,0,0
22634,2017122797,1220.0,1217.0,67,67301,39.9543,-75.1632,0,0,0,0,0,0,1,10,2017,3,12.0,1.0,0,1.0,3,0,3,  ,0,0.0,0,0,0,0,0,0,0,0,0,0,0,0,0,0,0,0,0
22635,2017122858,2032.0,2027.0,66,66101,39.944,-76.7407,0,0,0,0,0,0,4,11,2017,2,20.0,3.0,7,1.0,1,2,3,  ,2,3.0,0,0,1,0,0,0,0,0,0,0,0,0,0,0,0,0,0
22636,2017123278,925.0,925.0,2,2116,40.5379,-80.0502,0,0,0,0,0,0,6,11,2017,5,9.0,1.0,0,1.0,3,2,3,  ,3,3.0,0,0,0,0,0,0,0,0,0,0,0,0,0,0,0,0,0
22637,2017123648,1719.0,1718.0,25,25213,42.0772,-80.1342,0,0,0,0,0,0,5,11,2017,4,17.0,3.0,0,9.0,3,0,3,  ,0,0.0,0,0,0,0,0,0,0,0,0,0,0,0,0,0,0,0,0
22638,2017123743,1714.0,1710.0,66,66217,39.9906,-76.7422,0,0,0,0,0,0,1,11,2017,3,17.0,2.0,0,1.0,3,0,3,  ,0,0.0,0,0,0,0,0,0,0,0,0,0,0,0,0,0,0,0,0
22639,2017123787,1141.0,1125.0,25,25219,41.8951,-80.127,0,0,0,0,0,1,5,9,2017,2,11.0,1.0,0,1.0,2,0,3,  ,0,0.0,1,0,0,0,0,0,0,0,0,0,0,0,0,0,0,0,1
22640,2017123808,759.0,740.0,53,53226,40.8068,-76.042,0,1,0,0,0,0,1,8,2017,6,7.0,1.0,0,1.0,1,0,3,  ,0,0.0,0,0,0,0,0,0,0,0,0,0,0,0,0,0,0,1,0
22641,2017123851,1052.0,1048.0,25,25302,42.1281,-80.089,0,0,0,0,0,0,4,11,2017,6,10.0,1.0,0,1.0,3,1,3,  ,3,3.0,0,0,1,0,0,0,0,0,0,0,0,0,0,0,0,0,0
22642,2017124100,807.0,758.0,36,36301,40.0426,-76.3076,0,0,0,0,0,0,4,11,2017,4,7.0,1.0,0,1.0,3,1,3,  ,0,0.0,0,0,1,0,0,0,0,0,0,0,0,0,0,0,0,0,0
22643,2017124144,1028.0,1022.0,36,36213,40.1049,-76.0314,0,1,0,0,0,0,1,11,2017,6,10.0,1.0,0,1.0,1,0,3,  ,0,0.0,1,0,0,0,0,0,0,0,0,0,0,0,0,1,0,1,0
22644,2017124762,1846.0,1843.0,23,23110,39.8352,-75.4427,0,1,0,0,1,0,2,11,2017,5,18.0,3.0,0,1.0,3,0,3,  ,0,0.0,0,0,0,1,0,1,0,0,0,0,0,0,0,0,0,0,0
22645,2017124998,752.0,751.0,23,23301,39.8379,-75.3793,0,0,0,0,0,0,4,11,2017,3,7.0,1.0,0,1.0,3,1,3,  ,3,3.0,0,0,1,0,0,1,0,0,0,0,0,0,0,0,0,0,0
22646,2017125504,1729.0,1726.0,9,9218,40.1862,-74.9868,0,0,0,0,0,1,4,11,2017,3,17.0,2.0,0,1.0,3,2,3,  ,0,0.0,0,0,1,0,0,0,0,0,0,0,0,0,0,0,0,0,0
22647,2017125592,2249.0,2240.0,39,39301,40.5986,-75.5074,0,0,0,0,0,0,8,11,2017,3,19.0,3.0,0,1.0,3,0,3,  ,0,0.0,0,0,0,0,0,0,0,0,0,0,0,0,0,0,0,0,0
22648,2017125674,1715.0,1707.0,6,6408,40.5533,-75.9824,0,0,0,0,0,0,4,9,2017,6,17.0,1.0,0,1.0,1,1,3,  ,3,3.0,0,0,1,0,0,0,0,0,0,0,0,0,0,0,0,0,0
22649,2017125694,1716.0,1711.0,2,2301,40.4513,-79.941,0,0,0,0,0,0,4,11,2017,4,17.0,3.0,0,1.0,3,1,3,  ,2,3.0,1,0,1,0,0,0,0,0,0,0,0,0,0,0,0,1,0
22650,2017126111,1913.0,1911.0,2,2438,40.4071,-79.9107,0,0,0,0,0,0,8,11,2017,1,19.0,3.0,0,1.0,3,1,3,  ,2,3.0,0,1,0,0,0,0,0,0,0,0,0,0,0,0,0,0,1
22651,2017126373,1825.0,1821.0,9,9216,40.2432,-74.9497,0,0,0,0,0,1,4,11,2017,3,18.0,3.0,0,1.0,3,2,3,  ,0,0.0,0,0,1,0,0,0,0,0,0,0,0,0,0,0,0,0,0
22652,2017126455,1127.0,1121.0,40,40104,41.2348,-75.8625,0,0,0,0,0,0,4,11,2017,5,11.0,1.0,7,1.0,3,0,3,  ,0,0.0,1,0,1,0,0,0,0,0,0,0,1,0,0,0,0,0,0
22653,2017126790,1910.0,1907.0,38,38301,40.3372,-76.4158,0,0,0,0,0,1,4,12,2017,7,19.0,3.0,0,1.0,2,1,3,  ,3,3.0,0,0,1,0,0,0,0,0,0,0,0,0,0,0,0,1,0
22654,2017127203,943.0,943.0,67,67301,39.9536,-75.1986,0,0,0,0,1,0,4,12,2017,2,9.0,1.0,0,1.0,3,1,3,  ,2,3.0,0,0,1,0,0,0,0,0,0,0,0,0,0,0,0,0,0
22655,2017127315,1045.0,1035.0,67,67301,39.9777,-75.2264,0,0,0,0,0,0,4,11,2017,1,10.0,1.0,0,1.0,3,2,3,  ,3,3.0,1,0,1,0,0,0,0,0,0,0,0,0,0,0,0,0,0
22656,2017127342,1530.0,1524.0,67,67301,39.9979,-75.112,0,0,0,0,0,0,4,11,2017,6,15.0,1.0,0,1.0,3,2,3,  ,0,0.0,1,0,1,0,0,0,0,0,0,0,0,0,0,1,0,0,0
22657,2017127400,9999.0,0.0,67,67301,39.9602,-75.2051,0,0,0,0,0,0,5,11,2017,5,15.0,1.0,0,1.0,3,0,3,  ,0,0.0,0,0,0,0,0,0,0,0,0,0,0,0,0,0,0,0,0
22658,2017127415,2240.0,2240.0,67,67301,40.0137,-75.126,0,0,0,0,0,0,1,11,2017,7,22.0,3.0,0,1.0,3,0,3,  ,0,0.0,0,0,0,0,0,0,0,0,0,0,0,0,0,0,0,0,0
22659,2017127417,720.0,712.0,67,67301,40.0189,-75.1471,0,0,0,0,0,0,4,11,2017,7,7.0,8.0,0,1.0,3,1,3,  ,2,3.0,0,0,1,0,0,0,0,0,0,0,0,0,0,0,0,0,0
22660,2017127437,1040.0,1029.0,67,67301,39.9754,-75.1908,0,0,0,0,0,0,4,11,2017,1,10.0,1.0,0,1.0,3,2,3,  ,0,0.0,0,0,1,0,0,0,0,0,0,0,0,0,0,0,0,0,0
22661,2017127440,1435.0,1430.0,67,67301,39.9513,-75.1551,0,0,0,0,0,1,4,11,2017,6,14.0,1.0,0,1.0,3,1,3,  ,2,3.0,0,0,1,0,0,0,0,0,0,0,0,0,0,0,0,0,0
22662,2017127463,200.0,9999.0,67,67301,40.0376,-75.138,0,0,0,0,0,0,4,11,2017,2,99.0,3.0,0,1.0,3,1,3,  ,2,3.0,0,0,1,0,0,0,0,0,0,0,0,0,0,0,0,0,0
22663,2017127470,1213.0,1211.0,67,67301,40.0109,-75.1676,0,0,0,0,0,1,4,11,2017,3,12.0,1.0,0,1.0,3,2,3,  ,3,3.0,0,0,1,0,0,0,0,0,0,0,0,0,0,0,0,0,0
22664,2017127474,1309.0,1305.0,67,67301,40.02,-75.2155,0,0,0,0,0,0,6,11,2017,6,13.0,1.0,0,1.0,3,0,3,  ,0,0.0,0,0,0,0,0,0,0,0,0,0,0,0,0,0,0,0,0
22665,2017127511,2235.0,2227.0,67,67301,39.9447,-75.1652,0,0,0,0,0,1,4,11,2017,7,22.0,3.0,0,1.0,3,1,3,  ,2,3.0,0,0,1,0,0,0,0,0,0,0,0,0,0,0,0,0,0