,CRN,ARRIVAL_TM,DISPATCH_TM,COUNTY,MUNICIPALITY,DEC_LAT,DEC_LONG,BICYCLE_DEATH_COUNT,BICYCLE_SUSP_SERIOUS_INJ_COUNT,BUS_COUNT,HEAVY_TRUCK_COUNT,SMALL_TRUCK_COUNT,SUV_COUNT,COLLISION_TYPE,CRASH_MONTH,CRASH_YEAR,DAY_OF_WEEK,HOUR_OF_DAY,ILLUMINATION,LOCATION_TYPE,ROAD_CONDITION,URBAN_RURAL,INTERSECT_TYPE,WEATHER1,WEATHER2,TCD_TYPE,TCD_FUNC_CD,AGGRESSIVE_DRIVING,ALCOHOL_RELATED,ANGLE_CRASH,CELL_PHONE,COMM_VEHICLE,DISTRACTED,DRINKING_DRIVER,DRUGGED_DRIVER,FATIGUE_ASLEEP,IMPAIRED_DRIVER,NHTSA_AGG_DRIVING,RUNNING_RED_LT,RUNNING_STOP_SIGN,SPEEDING_RELATED,TAILGATING,MATURE_DRIVER,YOUNG_DRIVER
22666,2017127523,1105.0,1105.0,67,67301,39.9867,-75.1351,0,0,0,1,0,0,6,11,2017,2,11.0,1.0,0,1.0,3,0,3,  ,0,0.0,0,0,0,0,1,0,0,0,0,0,0,0,0,0,0,0,0
22667,2017127532,50.0,45.0,67,67301,40.0336,-75.0468,0,0,0,0,0,0,4,11,2017,1,0.0,3.0,0,9.0,3,1,7,  ,2,3.0,0,0,1,0,0,0,0,0,0,0,0,0,0,0,0,0,0
22668,2017127543,1430.0,1430.0,67,67301,39.9669,-75.1921,0,0,0,0,0,0,8,11,2017,3,8.0,1.0,0,1.0,3,1,3,  ,2,3.0,0,0,0,0,0,0,0,0,0,0,0,0,0,0,0,0,0
22669,2017127859,713.0,710.0,67,67301,39.9513,-75.1991,0,0,0,0,0,0,4,12,2017,3,7.0,5.0,0,1.0,3,1,3,  ,2,3.0,1,0,1,0,0,0,0,0,0,0,0,0,0,0,0,0,0
22670,2017127907,800.0,757.0,67,67301,39.9758,-75.1584,0,1,0,0,0,0,4,12,2017,3,7.0,1.0,0,1.0,3,1,3,  ,2,3.0,0,0,1,0,0,0,0,0,0,0,0,0,0,0,0,0,0
22671,2017127929,2028.0,2022.0,46,46104,40.0155,-75.3063,0,0,0,0,0,0,6,11,2017,3,20.0,3.0,0,1.0,3,1,3,  ,0,0.0,1,0,0,0,0,0,0,0,0,0,0,0,0,0,0,0,0
22672,2017127978,1625.0,1619.0,46,46413,40.115,-75.3456,0,0,0,0,0,0,4,12,2017,3,16.0,1.0,0,9.0,3,1,3,  ,2,3.0,0,0,1,0,0,0,0,0,0,0,0,0,0,0,0,0,0
22673,2017128058,105.0,55.0,67,67301,39.9516,-75.1637,0,0,0,0,0,0,4,11,2017,7,21.0,3.0,0,1.0,3,2,3,  ,2,3.0,0,0,1,0,0,0,0,0,0,0,0,0,0,0,0,0,0
22674,2017128103,1815.0,1805.0,67,67301,40.0309,-75.0733,0,0,0,0,0,0,5,11,2017,6,18.0,3.0,0,1.0,3,0,3,  ,0,0.0,0,0,0,0,0,0,0,0,0,0,0,0,0,0,0,0,0
22675,2017128121,1555.0,1555.0,14,14204,40.8208,-77.826,0,0,0,0,0,1,4,12,2017,3,12.0,1.0,0,9.0,3,1,7,  ,3,3.0,0,0,1,0,0,1,0,0,0,0,0,0,0,0,0,0,0
22676,2017128142,1647.0,1646.0,35,35302,41.4124,-75.6722,0,1,0,0,0,0,4,12,2017,3,16.0,3.0,0,9.0,3,1,7,  ,2,3.0,0,0,1,0,0,0,0,0,0,0,0,0,0,0,0,0,0
22677,2017128508,1356.0,1345.0,39,39102,40.6654,-75.5121,0,0,0,0,0,0,4,12,2017,2,13.0,1.0,0,1.0,3,1,3,  ,0,0.0,1,0,1,0,0,0,0,0,0,0,0,0,0,0,0,0,0
22678,2017128737,1037.0,1032.0,15,15211,39.763,-76.0216,0,0,0,0,1,0,1,9,2017,7,10.0,1.0,0,1.0,1,0,3,  ,0,0.0,0,0,0,0,0,0,0,0,0,0,0,0,0,0,0,0,0
22679,2017128868,2129.0,2129.0,9,9421,40.155,-74.8132,0,0,0,0,0,0,1,11,2017,4,21.0,2.0,0,1.0,3,0,3,  ,0,0.0,0,0,0,0,0,0,0,0,0,0,0,0,0,0,0,0,1
22680,2017129163,1537.0,1537.0,38,38301,40.3465,-76.4153,0,0,0,0,0,1,4,11,2017,3,15.0,1.0,4,1.0,2,1,3,  ,0,0.0,0,0,1,0,0,0,0,0,0,0,0,0,0,0,0,0,0
22681,2017129369,950.0,945.0,46,46111,40.1324,-75.3808,0,0,0,0,1,0,4,12,2017,6,9.0,1.0,0,1.0,3,2,3,  ,3,3.0,1,0,1,0,0,0,0,0,0,0,0,0,0,0,0,1,0
22682,2017130547,1055.0,1053.0,40,40304,41.2425,-75.888,0,1,0,0,0,0,4,12,2017,2,10.0,1.0,0,1.0,3,1,3,  ,2,3.0,1,0,1,0,0,0,0,0,0,0,0,1,0,0,0,0,0
22683,2017130594,1554.0,1549.0,67,67301,39.9648,-75.1691,0,0,1,0,0,0,4,10,2017,6,14.0,1.0,0,1.0,3,1,3,  ,3,3.0,0,0,1,0,1,0,0,0,0,0,0,0,0,0,0,1,0
22684,2017130620,1605.0,1605.0,67,67301,40.0,-75.1405,0,0,0,0,0,0,4,11,2017,1,15.0,1.0,0,1.0,3,1,3,  ,2,3.0,0,0,1,0,0,0,0,0,0,0,0,0,0,0,0,0,0
22685,2017130690,1200.0,1200.0,67,67301,39.9585,-75.2252,0,0,0,0,0,1,1,11,2017,2,11.0,1.0,0,1.0,3,1,3,  ,2,3.0,1,0,0,0,0,0,0,0,0,0,0,0,0,0,0,1,0
22686,2017130723,1911.0,1909.0,67,67301,39.9515,-75.2096,0,0,0,0,0,0,4,10,2017,4,8.0,1.0,0,1.0,3,0,3,  ,0,0.0,0,0,1,0,0,0,0,0,0,0,0,0,0,0,0,0,0
22687,2017131839,1826.0,1826.0,45,45215,41.1063,-75.399,1,0,0,0,1,0,4,12,2017,4,18.0,3.0,0,1.0,1,7,3,  ,0,0.0,0,0,1,0,0,0,0,0,0,0,0,0,0,0,0,0,0
22688,2017131899,1606.0,1603.0,15,15101,39.9971,-75.7461,0,0,0,0,0,0,2,12,2017,4,16.0,1.0,0,1.0,3,0,3,  ,0,0.0,0,0,0,0,0,0,0,0,0,0,0,0,0,0,0,0,0
22689,2017132620,235.0,233.0,67,67301,39.9544,-75.1925,0,1,0,0,0,1,5,12,2017,5,22.0,3.0,0,9.0,3,0,3,  ,0,0.0,1,0,0,0,0,0,0,0,0,0,0,0,0,0,0,0,0
22690,2017133968,55.0,53.0,67,67301,39.9446,-75.1735,0,0,0,0,0,1,4,11,2017,3,0.0,3.0,0,1.0,3,1,3,  ,2,3.0,0,0,1,0,0,0,0,0,0,0,0,0,0,0,0,0,0
22691,2017133972,2116.0,2115.0,67,67301,39.9547,-75.1495,0,0,0,0,0,0,4,11,2017,7,21.0,3.0,2,1.0,3,5,3,  ,2,3.0,0,0,1,0,0,0,0,0,0,0,0,0,0,0,0,0,0
22692,2017133991,805.0,753.0,67,67301,39.9643,-75.1762,0,0,0,0,0,1,5,11,2017,2,10.0,1.0,0,1.0,3,5,3,  ,2,3.0,0,0,0,0,0,1,0,0,0,0,0,0,0,0,0,0,0
22693,2017133996,1315.0,1329.0,67,67301,39.938,-75.1678,0,0,0,0,0,0,1,11,2017,2,13.0,1.0,0,1.0,3,0,3,  ,0,0.0,0,0,0,0,0,0,0,0,0,0,0,0,0,0,0,0,0
22694,2017134420,720.0,710.0,2,2301,40.4819,-79.9367,0,0,0,0,0,0,1,12,2017,3,7.0,3.0,0,1.0,3,1,3,  ,3,3.0,0,0,0,0,0,0,0,0,0,0,0,0,0,0,0,0,0
22695,2017134421,1140.0,1130.0,22,22301,40.2798,-76.8928,0,0,0,0,0,0,5,12,2017,3,9.0,1.0,7,1.0,3,2,3,  ,0,0.0,1,0,0,0,0,0,0,0,0,0,0,0,0,0,0,0,0
22696,2017134513,1420.0,1414.0,9,9202,40.0702,-74.9675,0,0,0,0,0,0,4,12,2017,3,14.0,1.0,0,1.0,3,2,3,  ,0,0.0,1,0,1,0,0,0,0,0,0,0,0,0,0,0,0,0,0
22697,2017134594,1759.0,1754.0,46,46107,40.127,-75.2969,0,0,0,0,0,0,1,12,2017,3,17.0,3.0,0,1.0,3,0,3,  ,0,0.0,0,0,0,0,0,0,0,0,0,0,0,0,0,0,0,0,0
22698,2017135019,1345.0,1339.0,67,67301,39.9869,-75.1307,0,1,0,0,0,0,5,11,2017,1,9.0,1.0,1,1.0,3,2,3,  ,0,0.0,0,0,0,0,0,0,0,0,0,0,0,0,0,0,0,0,0
22699,2017135072,1554.0,1545.0,67,67301,40.0624,-75.1886,0,0,0,0,0,0,4,11,2017,6,15.0,1.0,0,1.0,3,1,3,  ,3,3.0,0,0,1,0,0,0,0,0,0,0,0,0,0,0,0,0,0
22700,2017135080,1345.0,1337.0,67,67301,40.053,-75.157,0,0,0,0,1,0,4,11,2017,5,13.0,1.0,0,1.0,3,2,3,  ,3,3.0,0,0,1,0,0,0,0,0,0,0,0,0,0,0,0,0,0
22701,2017135197,1829.0,1823.0,21,21213,40.1955,-77.1688,0,0,0,0,0,0,8,11,2017,3,18.0,3.0,0,1.0,1,1,3,  ,3,3.0,1,1,0,0,0,0,0,0,0,0,0,0,0,0,0,1,0
22702,2017135282,1805.0,1803.0,46,46413,40.1196,-75.3557,0,0,0,0,0,0,8,12,2017,4,18.0,3.0,0,1.0,3,1,3,  ,2,3.0,0,0,0,0,0,0,0,0,0,0,0,0,0,0,0,0,0
22703,2017135323,217.0,213.0,2,2301,40.4641,-79.9531,0,0,0,0,0,1,2,12,2017,1,2.0,3.0,0,1.0,3,0,3,  ,2,3.0,0,0,0,0,0,0,0,0,0,0,0,0,0,0,0,0,0
22704,2017135352,643.0,640.0,39,39405,40.5341,-75.5025,0,0,0,0,0,1,4,12,2017,3,6.0,3.0,0,1.0,3,1,3,  ,3,3.0,1,0,1,0,0,0,0,0,0,0,0,0,0,0,0,1,0
22705,2017135462,1957.0,1955.0,9,9401,40.1057,-74.8595,1,0,0,0,0,0,1,12,2017,3,19.0,3.0,0,1.0,3,0,3,  ,0,0.0,0,1,0,0,0,0,0,0,0,0,0,0,0,0,0,0,0
22706,2017135561,1351.0,1350.0,9,9202,40.092,-74.9238,0,1,0,0,0,0,5,12,2017,5,13.0,1.0,0,1.0,3,0,3,  ,0,0.0,0,0,0,0,0,0,0,0,0,0,0,0,0,0,0,0,0
22707,2017135988,1730.0,1727.0,36,36213,40.1129,-76.0286,0,0,0,0,0,0,4,12,2017,6,17.0,2.0,0,1.0,1,2,3,  ,0,0.0,1,0,1,0,0,0,0,0,0,0,0,0,0,0,0,0,0
22708,2017137448,1557.0,1552.0,35,35404,41.502,-75.7017,0,0,0,0,0,0,4,12,2017,6,15.0,1.0,0,9.0,3,1,7,  ,3,3.0,0,0,1,0,0,0,0,0,0,0,0,0,0,0,0,0,0
22709,2017137568,1830.0,1829.0,67,67301,40.0795,-74.9918,0,0,0,0,0,0,4,12,2017,3,18.0,3.0,0,9.0,3,1,7,  ,3,3.0,0,0,1,0,0,0,0,0,0,0,0,0,0,0,0,0,0
22710,2017137986,842.0,841.0,2,2301,40.4497,-79.9208,0,0,0,0,0,0,1,12,2017,5,8.0,1.0,0,1.0,3,0,3,  ,0,0.0,0,0,0,0,0,0,0,0,0,0,0,0,0,0,0,0,0
22711,2017138058,1650.0,1648.0,38,38301,40.339,-76.428,0,0,0,0,0,0,4,10,2017,1,16.0,1.0,0,1.0,2,1,3,  ,2,3.0,0,0,1,0,0,0,0,0,0,0,0,0,0,0,0,0,0
22712,2017138136,1728.0,1725.0,6,6214,40.3025,-75.8611,0,0,0,0,0,0,4,12,2017,4,17.0,2.0,0,1.0,3,1,3,  ,3,3.0,1,0,1,0,0,0,0,0,0,0,0,0,0,0,0,0,0
22713,2017138206,1820.0,1816.0,21,21402,40.1951,-77.1924,0,1,0,0,0,0,4,12,2017,5,18.0,2.0,0,1.0,2,1,3,  ,3,3.0,0,0,1,0,0,0,0,0,0,0,0,0,0,0,0,0,0
22714,2017138627,1730.0,1713.0,65,65214,41.421,-76.052,0,1,0,0,0,0,1,11,2017,4,17.0,2.0,7,1.0,1,0,3,  ,0,0.0,0,0,0,0,0,0,0,0,0,0,0,0,0,0,0,1,0
22715,2018000360,2059.0,2059.0,36,36210,40.2023,-76.1157,0,1,0,0,0,0,1,12,2017,6,20.0,2.0,0,1.0,1,0,3,  ,0,0.0,0,0,0,0,0,0,0,0,0,0,0,0,0,0,0,0,0
22716,2018001639,1738.0,1737.0,9,9212,40.1561,-74.9843,0,0,0,0,0,0,6,11,2017,1,17.0,3.0,0,1.0,3,2,3,  ,3,3.0,0,0,0,0,0,0,0,0,0,0,0,0,0,0,0,0,0
22717,2018004966,1802.0,1744.0,66,66424,39.8984,-76.6095,0,0,0,0,0,1,2,12,2017,4,17.0,3.0,0,1.0,3,1,3,  ,9,9.0,0,0,0,0,0,0,0,0,0,0,0,0,0,0,0,0,0
22718,2018005424,1724.0,1712.0,67,67301,40.039,-75.15,0,0,0,0,0,0,4,12,2017,1,17.0,3.0,0,1.0,3,1,3,  ,2,3.0,0,0,1,0,0,0,0,0,0,0,0,0,0,0,0,1,0
22719,2018005437,2032.0,2017.0,67,67301,39.9791,-75.1138,0,0,1,0,0,0,5,12,2017,5,20.0,3.0,0,1.0,3,0,3,  ,0,0.0,1,0,0,0,1,0,0,0,0,0,0,0,0,0,0,0,0
22720,2018005455,1647.0,1645.0,67,67301,39.9638,-75.22,0,0,0,0,0,0,4,12,2017,6,14.0,1.0,0,1.0,3,5,3,  ,2,3.0,0,0,1,0,0,0,0,0,0,0,0,0,0,0,0,0,0
22721,2018005467,49.0,20.0,67,67301,39.9443,-75.219,0,0,0,0,0,0,4,11,2017,6,0.0,3.0,0,1.0,3,2,3,  ,0,0.0,0,0,1,0,0,0,0,0,0,0,0,0,0,0,0,0,0
22722,2018005468,1650.0,1649.0,67,67301,39.9309,-75.1622,0,0,0,0,0,0,4,11,2017,7,14.0,1.0,0,1.0,3,1,3,  ,3,3.0,1,0,1,0,0,0,0,1,0,1,1,0,0,1,0,0,0
22723,2018005512,2035.0,2030.0,67,67301,39.9759,-75.1471,0,0,0,0,0,0,8,12,2017,6,20.0,3.0,0,1.0,3,1,3,  ,3,3.0,1,0,0,0,0,0,0,0,0,0,0,0,0,0,0,0,0
22724,2018005549,1605.0,1600.0,67,67301,39.9808,-75.1385,0,0,0,0,0,1,4,12,2017,3,15.0,1.0,0,1.0,3,1,3,  ,3,3.0,0,0,1,0,0,0,0,0,0,0,0,0,0,0,0,0,0
22725,2018008524,1503.0,1448.0,28,28406,39.7529,-77.5728,0,0,0,0,0,0,4,12,2017,6,13.0,1.0,0,1.0,2,2,3,  ,2,9.0,0,0,1,0,0,0,0,0,0,0,0,0,0,0,0,1,0
22726,2018009660,1824.0,1815.0,39,39301,40.6275,-75.4423,0,0,0,0,0,0,4,12,2017,7,18.0,3.0,0,9.0,3,1,3,  ,2,3.0,0,1,1,0,0,0,0,0,0,0,0,0,0,0,0,0,0
22727,2018017400,1611.0,1609.0,37,37403,40.8585,-80.2856,0,0,0,0,0,0,4,8,2017,6,16.0,1.0,0,1.0,3,1,3,  ,2,3.0,0,0,1,0,0,1,0,0,0,0,0,0,0,0,0,1,0
22728,2018020721,1320.0,1320.0,67,67301,40.0202,-75.0755,0,0,0,0,0,1,2,10,2017,3,8.0,6.0,0,1.0,3,0,3,  ,0,0.0,0,0,0,0,0,0,0,0,0,0,0,0,0,0,0,0,0
22729,2018020736,925.0,925.0,67,67301,39.9559,-75.2362,0,0,0,0,0,1,5,10,2017,3,9.0,1.0,0,9.0,3,0,7,  ,0,0.0,0,0,0,0,0,0,0,0,0,0,0,0,0,0,0,0,0
22730,2018020752,9999.0,9999.0,67,67301,40.0109,-75.0887,0,0,0,0,0,0,4,11,2017,5,99.0,3.0,1,1.0,3,1,3,  ,2,3.0,1,0,1,0,0,0,0,0,0,0,0,1,0,0,0,0,0
22731,2018020761,1615.0,1608.0,67,67301,39.9632,-75.1667,0,0,1,0,0,0,5,11,2017,7,12.0,1.0,0,98.0,3,0,99,  ,0,0.0,0,0,0,0,1,0,0,0,0,0,0,0,0,0,0,0,0
22732,2018026739,1231.0,1230.0,67,67301,39.9978,-75.111,0,0,0,0,0,1,4,12,2017,3,12.0,1.0,1,1.0,3,5,3,  ,2,3.0,0,0,1,0,0,0,0,0,0,0,0,0,0,0,0,0,0
22733,2018027428,312.0,310.0,67,67301,39.9855,-75.1239,0,0,0,0,0,0,8,12,2017,7,3.0,3.0,0,1.0,3,0,3,  ,0,0.0,0,0,0,0,0,0,0,0,0,0,0,0,0,0,0,0,0
22734,2018027482,1253.0,1240.0,67,67301,40.0048,-75.1547,0,0,0,0,0,0,3,12,2017,4,14.0,1.0,0,1.0,3,0,3,  ,0,0.0,0,0,0,0,0,0,0,0,0,0,0,0,0,0,0,0,0
22735,2018027524,2301.0,2300.0,67,67301,39.9836,-75.142,0,1,0,0,0,0,8,12,2017,6,15.0,1.0,0,1.0,3,0,3,  ,0,0.0,0,0,0,0,0,0,0,0,0,0,0,0,0,0,0,0,0
22736,2018027556,502.0,502.0,67,67301,39.9952,-75.1158,0,1,0,0,0,0,4,11,2017,2,5.0,3.0,1,1.0,3,5,3,  ,2,3.0,0,0,1,0,0,0,0,0,0,0,0,0,0,0,0,0,0
22737,2018028954,1942.0,1937.0,67,67301,40.0193,-75.0649,0,0,0,0,0,1,6,12,2017,1,18.0,3.0,0,9.0,3,0,3,  ,0,0.0,0,0,0,0,0,0,0,0,0,0,0,0,0,0,0,0,0
22738,2018029781,1511.0,1510.0,67,67301,39.9645,-75.1513,0,0,0,0,0,0,4,12,2017,5,15.0,1.0,0,1.0,3,1,3,  ,3,3.0,0,0,1,0,0,0,0,0,0,0,0,0,0,0,0,0,0
22739,2018029792,1510.0,1502.0,67,67301,39.9442,-75.1616,0,0,0,0,0,0,4,11,2017,5,14.0,1.0,0,1.0,3,1,3,  ,2,3.0,0,0,1,0,0,0,0,0,0,0,0,0,0,0,0,0,0
22740,2018029818,2237.0,2236.0,67,67301,39.9891,-75.1534,0,0,0,0,0,0,4,12,2017,2,11.0,1.0,0,1.0,3,1,99,  ,3,3.0,1,0,1,0,0,0,0,0,0,0,0,0,1,0,0,0,0
22741,2018030141,1002.0,958.0,67,67301,39.9453,-75.1629,0,1,0,1,0,0,4,12,2017,6,9.0,1.0,0,1.0,3,1,3,  ,2,3.0,0,0,1,0,1,0,0,0,0,0,0,0,0,0,0,0,0
22742,2018031027,630.0,626.0,67,67301,40.0359,-75.2177,0,0,0,0,1,0,4,12,2017,2,6.0,1.0,7,1.0,3,0,3,  ,0,0.0,0,0,1,0,0,0,0,0,0,0,0,0,0,0,0,0,0
22743,2018035221,9999.0,9999.0,9,9416,40.4768,-75.3228,0,0,0,0,0,0,4,7,2017,1,18.0,1.0,0,1.0,1,0,3,  ,0,0.0,0,0,1,0,0,0,0,0,0,0,0,0,0,0,0,1,0
22744,2018043501,1330.0,1309.0,48,48301,40.6102,-75.3846,0,0,0,0,0,0,4,11,2017,4,12.0,1.0,0,1.0,3,1,3,  ,2,3.0,0,0,1,0,0,0,0,0,0,0,0,0,0,0,0,0,0
22745,2018063407,1734.0,1732.0,10,10301,40.8637,-79.8952,0,0,0,0,0,0,4,9,2017,2,17.0,1.0,7,1.0,2,0,3,  ,0,0.0,1,0,1,0,0,0,0,0,0,0,0,0,0,0,0,1,0
22746,2018084960,2304.0,2300.0,2,2445,40.4787,-79.971,0,0,0,0,0,0,4,10,2017,5,23.0,3.0,0,1.0,3,1,3,  ,3,3.0,1,0,1,0,0,0,0,0,0,0,0,0,0,0,0,0,0
22747,2018001969,1923.0,1920.0,64,64305,40.5627,-79.7561,0,0,0,0,0,1,1,1,2018,4,19.0,2.0,0,1.0,3,0,3,  ,0,0.0,0,0,0,0,0,0,0,0,0,0,0,0,0,0,0,0,0
22748,2018003266,2000.0,2000.0,22,22412,40.2802,-76.8475,0,0,0,0,0,0,1,1,2018,3,20.0,3.0,0,1.0,3,0,3,  ,0,0.0,1,0,0,0,0,0,0,0,0,0,1,0,0,1,1,0,0
22749,2018003797,1344.0,1343.0,39,39301,40.6111,-75.4737,0,0,0,0,0,1,4,1,2018,6,13.0,1.0,0,1.0,3,1,3,  ,2,3.0,0,0,1,0,0,0,0,0,0,0,0,0,0,0,0,0,0
22750,2018006196,2144.0,2142.0,14,14410,40.8027,-77.8673,0,1,0,0,0,0,1,1,2018,6,21.0,3.0,0,9.0,3,2,7,  ,0,0.0,1,0,0,0,0,0,0,0,0,0,0,0,0,1,0,0,0
22751,2018007156,1947.0,1945.0,2,2111,40.3638,-79.8247,0,1,0,0,0,1,1,1,2018,6,19.0,2.0,0,9.0,3,0,7,  ,0,0.0,0,0,0,0,0,0,0,0,0,0,0,0,0,0,0,0,0
22752,2018008971,1750.0,1747.0,67,67301,39.9622,-75.1913,0,0,0,0,0,0,8,1,2018,5,17.0,3.0,0,1.0,3,1,3,  ,2,3.0,0,0,0,0,0,0,0,0,0,0,0,0,0,0,0,0,0
22753,2018009918,1511.0,1508.0,36,36213,40.1314,-76.0335,0,1,0,1,0,0,5,1,2018,6,15.0,1.0,0,1.0,1,0,3,  ,0,0.0,0,0,0,0,1,0,0,0,0,0,0,0,0,0,0,0,0
22754,2018010687,2013.0,2010.0,9,9208,40.2074,-74.8032,0,0,0,0,0,0,4,1,2018,2,20.0,3.0,0,1.0,3,1,3,  ,2,3.0,0,0,1,0,0,0,0,0,0,0,0,0,0,0,0,0,0
22755,2018011023,1725.0,1725.0,46,46101,40.1275,-75.143,0,0,0,0,0,0,4,1,2018,2,17.0,4.0,0,1.0,3,2,3,  ,0,0.0,0,0,1,0,0,0,0,0,0,0,0,0,0,0,0,0,0
22756,2018011648,1727.0,1727.0,22,22301,40.2663,-76.8865,0,0,0,0,0,0,4,1,2018,5,17.0,4.0,0,1.0,3,1,3,  ,2,3.0,1,0,1,0,0,0,0,0,0,0,0,1,0,0,0,0,0
22757,2018011855,1719.0,1715.0,22,22102,40.2541,-76.8314,0,0,0,0,0,0,4,1,2018,5,17.0,1.0,7,1.0,3,0,3,  ,0,0.0,0,0,1,0,0,1,0,0,0,0,0,0,0,0,0,1,0
22758,2018012198,1936.0,1921.0,6,6408,40.5419,-75.9781,0,0,0,0,0,0,5,1,2018,3,18.0,2.0,0,1.0,1,3,3,  ,2,3.0,0,1,0,0,0,0,0,0,0,0,0,0,0,0,0,0,0
22759,2018012924,820.0,815.0,9,9225,40.1521,-75.0388,0,0,0,0,0,1,4,1,2018,5,8.0,1.0,0,1.0,3,2,3,  ,0,0.0,1,0,1,0,0,0,0,0,0,0,0,0,0,0,0,1,0
22760,2018013780,1401.0,1357.0,36,36237,40.1397,-76.5892,0,1,0,0,0,0,4,1,2018,7,13.0,1.0,0,1.0,1,1,3,  ,2,3.0,0,1,1,0,0,0,0,0,0,0,0,0,0,0,0,0,0
22761,2018015690,2303.0,2301.0,46,46101,40.1442,-75.1341,0,0,0,0,0,1,4,2,2018,1,23.0,3.0,0,9.0,3,1,7,05,2,3.0,0,0,1,0,0,0,0,0,0,0,0,0,0,0,0,0,1
22762,2018015919,1928.0,1925.0,36,36220,40.0264,-76.3285,0,0,0,0,0,0,4,1,2018,5,19.0,3.0,7,1.0,3,0,3,  ,0,0.0,1,0,1,0,0,0,0,0,0,0,0,0,0,0,0,0,0
22763,2018019509,742.0,735.0,2,2301,40.4262,-79.9389,0,0,0,0,0,0,8,2,2018,3,7.0,1.0,0,1.0,3,3,3,  ,0,0.0,0,0,0,0,0,0,0,0,0,0,0,0,0,0,0,0,0
22764,2018020395,915.0,859.0,21,21209,40.1654,-77.4287,0,0,0,0,0,0,1,2,2018,7,8.0,1.0,0,1.0,1,0,3,  ,0,0.0,1,0,0,0,0,0,0,1,0,1,0,0,0,1,0,0,0
22765,2018020636,2338.0,2336.0,9,9403,40.3058,-75.1363,0,0,0,0,0,1,4,2,2018,6,23.0,3.0,0,1.0,3,1,3,  ,3,3.0,0,0,1,0,0,0,0,0,0,0,0,0,0,0,0,0,0
22766,2018021694,1632.0,1627.0,46,46114,40.268,-75.6393,0,0,0,0,0,1,4,2,2018,5,16.0,1.0,0,1.0,2,2,3,  ,3,3.0,0,0,1,0,0,0,0,0,0,0,0,0,0,0,0,1,0
22767,2018021792,1656.0,1654.0,67,67301,39.9832,-75.1568,0,0,0,0,0,0,4,2,2018,2,16.0,1.0,0,1.0,3,1,3,  ,2,3.0,0,0,1,0,0,0,0,0,0,0,0,0,0,0,0,0,0
22768,2018022239,1440.0,1431.0,2,2301,40.3986,-79.9887,0,0,0,0,1,0,8,2,2018,3,14.0,1.0,0,1.0,3,2,3,  ,0,0.0,1,0,0,0,0,0,0,0,0,0,0,0,0,0,0,0,0
22769,2018022261,1538.0,1537.0,9,9414,40.3696,-75.3001,0,0,0,0,0,1,4,2,2018,3,15.0,1.0,0,1.0,2,1,3,  ,3,3.0,0,0,1,0,0,0,0,0,0,0,0,0,0,0,0,0,0
22770,2018022319,1649.0,1646.0,9,9202,40.0998,-74.9426,0,0,0,0,0,0,4,2,2018,3,16.0,1.0,0,1.0,3,2,3,  ,0,0.0,1,0,1,0,0,0,0,0,0,0,0,0,0,0,0,0,0
22771,2018022464,1811.0,1809.0,9,9226,40.2131,-75.111,0,0,0,0,0,0,8,2,2018,2,18.0,2.0,0,9.0,3,2,7,  ,2,3.0,1,0,0,0,0,0,0,0,0,0,0,0,0,0,0,1,0
22772,2018022602,820.0,820.0,2,2301,40.4423,-79.9172,0,0,0,0,0,1,4,2,2018,4,7.0,1.0,0,1.0,3,1,3,  ,2,3.0,0,0,1,0,0,0,0,0,0,0,0,0,0,0,0,0,0
22773,2018022652,850.0,835.0,2,2301,40.4489,-79.8939,0,1,0,0,0,0,4,2,2018,4,8.0,1.0,0,1.0,3,1,3,  ,0,0.0,1,0,1,0,0,0,0,0,0,0,0,0,0,0,0,0,0
22774,2018022667,1810.0,1806.0,9,9101,40.1167,-74.8811,0,0,0,0,0,0,4,2,2018,5,18.0,3.0,0,1.0,3,1,3,  ,2,3.0,1,0,1,0,0,0,0,0,0,0,0,0,0,0,0,0,0
22775,2018022980,1841.0,1840.0,9,9227,40.2255,-75.1325,0,0,0,0,0,0,4,2,2018,4,18.0,3.0,0,1.0,3,1,3,  ,2,3.0,0,0,1,0,0,0,0,0,0,0,0,0,0,0,0,0,0
22776,2018023040,1133.0,1126.0,36,36227,40.1522,-76.3836,0,0,0,0,2,0,2,2,2018,4,11.0,1.0,0,1.0,1,2,3,  ,0,0.0,0,0,0,0,0,0,0,0,0,0,0,0,0,0,0,1,0
22777,2018023214,605.0,552.0,63,63209,41.4753,-75.3377,0,0,0,0,0,0,8,2,2018,5,5.0,2.0,0,1.0,1,0,5,  ,0,0.0,0,0,0,0,0,0,0,0,0,0,0,0,0,0,0,0,0
22778,2018023239,1310.0,1310.0,40,40426,41.2866,-75.8861,0,0,0,0,0,0,5,2,2018,4,14.0,1.0,0,1.0,3,0,3,  ,0,0.0,0,0,0,0,0,0,0,0,0,0,0,0,0,0,0,1,0
22779,2018023262,2301.0,2257.0,7,7301,40.5189,-78.3957,0,0,0,0,0,1,8,2,2018,6,22.0,3.0,0,1.0,3,7,3,  ,2,3.0,1,0,0,0,0,0,0,0,0,0,0,0,0,0,0,0,0