,CRN,ARRIVAL_TM,DISPATCH_TM,COUNTY,MUNICIPALITY,DEC_LAT,DEC_LONG,BICYCLE_DEATH_COUNT,BICYCLE_SUSP_SERIOUS_INJ_COUNT,BUS_COUNT,HEAVY_TRUCK_COUNT,SMALL_TRUCK_COUNT,SUV_COUNT,COLLISION_TYPE,CRASH_MONTH,CRASH_YEAR,DAY_OF_WEEK,HOUR_OF_DAY,ILLUMINATION,LOCATION_TYPE,ROAD_CONDITION,URBAN_RURAL,INTERSECT_TYPE,WEATHER1,WEATHER2,TCD_TYPE,TCD_FUNC_CD,AGGRESSIVE_DRIVING,ALCOHOL_RELATED,ANGLE_CRASH,CELL_PHONE,COMM_VEHICLE,DISTRACTED,DRINKING_DRIVER,DRUGGED_DRIVER,FATIGUE_ASLEEP,IMPAIRED_DRIVER,NHTSA_AGG_DRIVING,RUNNING_RED_LT,RUNNING_STOP_SIGN,SPEEDING_RELATED,TAILGATING,MATURE_DRIVER,YOUNG_DRIVER
22780,2018023620,1629.0,1619.0,1,1216,39.8608,-77.0876,0,0,0,0,0,1,4,2,2018,3,16.0,1.0,0,1.0,1,1,3,  ,3,3.0,1,0,1,0,0,0,0,0,0,0,0,0,0,0,0,0,0
22781,2018024720,1100.0,1033.0,2,2301,40.425,-79.9806,0,1,0,0,0,0,2,2,2018,7,10.0,1.0,0,1.0,3,0,3,  ,0,0.0,0,1,0,0,0,0,0,0,0,0,0,0,0,0,0,0,0
22782,2018024786,1431.0,1426.0,9,9204,40.3473,-75.0667,0,0,0,0,0,0,4,2,2018,5,14.0,1.0,0,1.0,1,1,3,  ,3,3.0,1,0,1,0,0,0,0,0,0,0,0,0,0,0,0,0,0
22783,2018024790,1240.0,1231.0,9,9216,40.2185,-74.9264,0,0,0,0,0,0,4,2,2018,4,12.0,1.0,0,1.0,3,1,3,  ,2,3.0,0,0,1,0,0,0,0,0,0,0,0,0,0,0,0,1,0
22784,2018024875,57.0,44.0,1,1207,39.7328,-77.1137,0,0,0,0,0,0,4,2,2018,5,0.0,3.0,0,9.0,1,1,3,  ,3,3.0,1,0,1,0,0,0,0,0,0,0,0,0,0,0,0,0,0
22785,2018025402,1008.0,1005.0,67,67301,39.9504,-75.1926,0,0,0,0,0,0,4,2,2018,4,10.0,1.0,0,98.0,3,1,99,  ,2,3.0,1,0,1,0,0,0,0,0,0,0,0,0,0,0,0,0,0
22786,2018025668,2320.0,2318.0,15,15411,40.1339,-75.5162,0,0,0,0,0,0,5,3,2018,5,23.0,3.0,0,9.0,3,1,7,  ,2,3.0,1,0,0,0,0,0,0,0,0,0,0,0,0,1,0,0,0
22787,2018026212,1303.0,1257.0,46,46406,40.4063,-75.5024,0,0,0,0,1,0,4,3,2018,7,12.0,1.0,0,1.0,1,0,3,  ,0,0.0,0,0,1,0,0,0,0,0,0,0,0,0,0,0,0,1,0
22788,2018026305,2057.0,2054.0,36,36408,40.1779,-76.1741,0,0,0,0,0,0,4,2,2018,5,20.0,3.0,0,1.0,2,1,3,  ,0,0.0,0,0,1,0,0,0,0,0,0,0,0,0,0,0,0,0,0
22789,2018026546,1911.0,1909.0,46,46101,40.1316,-75.1465,0,0,0,0,0,1,2,3,2018,7,19.0,3.0,0,1.0,3,1,3,  ,3,3.0,0,0,0,0,0,0,0,0,0,0,0,0,0,0,0,0,0
22790,2018026775,1104.0,1103.0,6,6301,40.3369,-75.9229,0,0,0,0,0,1,4,3,2018,2,11.0,1.0,0,1.0,3,2,3,  ,3,3.0,0,0,1,0,0,0,0,0,0,0,0,0,0,0,0,0,1
22791,2018026818,44.0,41.0,67,67301,40.0084,-75.1443,0,1,0,0,0,1,4,1,2018,6,0.0,3.0,0,1.0,3,1,3,  ,2,3.0,0,1,1,0,0,0,1,0,0,1,0,0,0,0,0,1,0
22792,2018026897,1521.0,1521.0,67,67301,39.9548,-75.1664,0,0,0,0,0,1,4,1,2018,5,15.0,1.0,0,1.0,3,5,3,  ,2,3.0,0,0,1,0,0,0,0,0,0,0,0,0,0,0,0,0,0
22793,2018027202,1410.0,1405.0,21,21402,40.2028,-77.1855,0,0,0,0,0,0,5,3,2018,2,14.0,1.0,0,1.0,2,0,3,  ,0,0.0,0,0,0,0,0,0,0,0,0,0,0,0,0,0,0,0,0
22794,2018028420,1528.0,1524.0,25,25213,42.1031,-80.1582,0,0,0,0,0,0,4,3,2018,4,15.0,1.0,0,1.0,3,2,3,  ,3,3.0,1,0,1,0,0,0,0,0,0,0,0,0,0,0,0,0,0
22795,2018028843,2045.0,2043.0,67,67301,40.0316,-75.1551,0,0,0,0,0,0,2,1,2018,5,20.0,4.0,0,1.0,3,0,3,  ,0,0.0,0,0,0,0,0,0,0,0,0,0,0,0,0,0,0,0,0
22796,2018029339,2.0,1.0,40,40422,41.2421,-75.941,0,0,0,0,0,0,4,3,2018,1,0.0,3.0,0,1.0,3,3,3,  ,2,3.0,0,0,1,0,0,0,0,0,0,0,0,0,0,0,0,0,0
22797,2018029882,1020.0,1017.0,67,67301,39.943,-75.1602,0,0,0,0,0,1,4,1,2018,3,9.0,1.0,0,1.0,3,1,3,  ,2,3.0,0,0,1,0,0,0,0,0,0,0,0,0,0,0,0,0,0
22798,2018030011,210.0,210.0,67,67301,40.0287,-75.1177,0,0,1,0,0,0,2,1,2018,4,2.0,3.0,0,1.0,3,1,3,  ,2,3.0,0,0,0,0,1,0,0,0,0,0,0,0,0,0,0,0,0
22799,2018030074,1800.0,1755.0,67,67301,39.9903,-75.1269,0,0,0,0,0,0,5,1,2018,2,17.0,3.0,0,1.0,3,0,3,  ,0,0.0,0,0,0,0,0,0,0,0,0,0,0,0,0,0,0,0,0
22800,2018030173,1943.0,1941.0,67,67301,39.9495,-75.2093,0,0,0,0,0,1,4,1,2018,4,19.0,3.0,0,1.0,3,1,3,  ,2,3.0,1,0,1,0,0,0,0,0,0,0,0,0,0,0,0,0,0
22801,2018030183,1710.0,1710.0,67,67301,40.0001,-75.1167,0,0,0,0,0,1,4,1,2018,7,16.0,1.0,0,1.0,3,1,3,  ,3,3.0,0,0,1,0,0,0,0,0,0,0,0,0,0,0,0,0,0
22802,2018030333,1205.0,1206.0,67,67301,39.9657,-75.1606,0,0,0,0,0,1,4,1,2018,2,12.0,1.0,0,1.0,3,2,3,  ,0,0.0,1,0,1,0,0,0,0,0,0,0,0,0,0,0,0,0,0
22803,2018030334,2022.0,2019.0,67,67301,39.9642,-75.1749,0,0,0,0,0,0,5,1,2018,5,18.0,3.0,0,1.0,3,0,3,  ,0,0.0,0,0,0,0,0,0,0,0,0,0,0,0,0,0,0,0,0
22804,2018030470,1959.0,1955.0,2,2301,40.4463,-79.9803,0,0,0,0,0,0,8,3,2018,2,19.0,3.0,0,1.0,3,1,3,  ,3,3.0,0,0,0,0,0,0,0,0,0,0,0,0,0,0,0,0,0
22805,2018030757,1430.0,1425.0,67,67301,39.9789,-75.1703,0,0,0,0,0,0,4,1,2018,1,14.0,1.0,0,1.0,3,1,3,  ,2,3.0,1,0,1,0,0,0,0,0,0,0,0,1,0,0,0,0,0
22806,2018030774,755.0,745.0,67,67301,39.9269,-75.1897,0,0,0,0,0,0,4,1,2018,2,7.0,1.0,0,1.0,3,1,3,  ,2,3.0,0,0,1,0,0,0,0,0,0,0,0,0,0,0,0,0,0
22807,2018030783,1422.0,1420.0,67,67301,39.9391,-75.19,0,0,0,0,0,0,4,1,2018,7,14.0,1.0,0,1.0,3,2,3,  ,3,3.0,0,0,1,0,0,0,0,0,0,0,0,0,0,0,0,0,0
22808,2018030866,9999.0,9999.0,67,67301,40.0013,-75.1529,0,0,0,0,0,1,5,1,2018,5,13.0,1.0,0,1.0,3,0,3,  ,0,0.0,0,0,0,0,0,0,0,0,0,0,0,0,0,0,0,0,0
22809,2018030981,1718.0,1707.0,67,67301,39.9975,-75.1451,0,0,0,0,0,0,4,2,2018,2,17.0,1.0,0,1.0,3,1,3,  ,3,3.0,0,0,1,0,0,0,0,0,0,0,0,0,0,0,0,1,0
22810,2018031029,1415.0,1407.0,67,67301,39.9354,-75.2178,0,0,0,0,0,1,4,2,2018,7,13.0,1.0,0,1.0,3,1,3,  ,3,3.0,0,0,1,0,0,0,0,0,0,0,0,0,0,0,0,0,0
22811,2018031033,2310.0,2310.0,67,67301,39.9333,-75.1607,0,0,0,0,0,1,4,2,2018,4,23.0,3.0,0,9.0,3,1,7,  ,3,3.0,0,0,1,0,0,0,0,0,0,0,0,0,0,0,0,0,0
22812,2018031144,841.0,841.0,66,66101,39.9473,-76.7151,0,0,0,0,1,0,4,2,2018,2,8.0,1.0,0,9.0,1,3,7,  ,3,3.0,1,0,1,0,0,0,0,0,0,0,0,0,0,0,0,0,0
22813,2018031282,517.0,515.0,2,2426,40.4274,-79.8909,0,0,0,0,0,0,5,3,2018,4,5.0,3.0,1,1.0,3,2,3,  ,0,0.0,1,0,0,0,0,0,0,0,0,0,0,0,0,0,0,0,0
22814,2018031707,824.0,816.0,21,21404,40.2114,-77.0071,0,0,0,0,0,1,4,3,2018,3,7.0,1.0,0,1.0,3,1,3,  ,2,3.0,1,0,1,0,0,0,0,0,0,0,0,0,0,0,0,0,0
22815,2018031741,1413.0,1410.0,36,36301,40.0424,-76.2939,0,0,0,0,0,0,4,3,2018,7,14.0,1.0,0,1.0,3,0,3,  ,0,0.0,0,0,1,0,0,0,0,0,0,0,0,0,0,0,0,0,0
22816,2018031743,1642.0,1642.0,9,9226,40.2211,-75.0982,0,0,0,0,0,0,4,3,2018,2,6.0,1.0,0,1.0,3,2,3,  ,2,3.0,0,1,1,0,0,0,0,0,0,0,0,0,0,0,0,0,0
22817,2018032160,1940.0,1935.0,67,67301,39.9967,-75.1155,0,0,0,0,0,0,4,2,2018,6,19.0,3.0,0,1.0,3,1,3,  ,2,3.0,0,0,1,0,0,0,0,0,0,0,0,0,0,0,0,0,0
22818,2018032222,1443.0,1440.0,67,67301,39.9629,-75.1784,0,0,0,0,0,0,5,2,2018,4,14.0,1.0,2,1.0,3,7,3,  ,0,0.0,1,0,0,0,0,0,0,0,0,0,0,0,0,0,0,0,0
22819,2018032278,2344.0,2342.0,67,67301,40.0386,-75.1837,0,0,0,0,0,1,4,2,2018,5,23.0,3.0,0,9.0,3,1,7,  ,2,3.0,0,0,1,0,0,0,0,0,0,0,0,0,0,0,0,0,0
22820,2018032942,1631.0,1627.0,9,9219,40.4156,-75.1147,0,0,0,0,0,1,4,3,2018,7,16.0,1.0,0,1.0,1,1,3,  ,3,3.0,1,0,1,0,0,0,0,0,0,0,0,0,0,0,0,0,0
22821,2018033358,1635.0,1635.0,21,21402,40.2017,-77.1915,0,0,0,0,0,0,4,3,2018,2,16.0,1.0,0,1.0,2,1,3,  ,2,3.0,0,0,1,0,0,0,0,0,0,0,0,0,0,0,0,0,0
22822,2018033477,1228.0,1221.0,36,36301,40.0423,-76.3113,0,0,0,0,0,1,4,3,2018,4,12.0,1.0,0,1.0,3,1,3,  ,2,3.0,1,0,1,0,0,0,0,0,0,0,0,0,0,0,0,0,0
22823,2018035412,1949.0,1949.0,9,9101,40.1326,-74.83,0,1,0,0,0,0,4,3,2018,6,19.0,3.0,0,1.0,3,1,3,  ,2,3.0,0,0,1,0,0,0,0,0,0,0,0,0,0,0,0,0,0
22824,2018035640,1508.0,1508.0,6,6416,40.352,-76.1352,0,0,0,0,0,1,4,3,2018,7,15.0,1.0,0,1.0,1,0,3,  ,0,0.0,1,0,1,0,0,1,0,0,0,0,0,0,0,0,0,0,1
22825,2018035897,1223.0,1220.0,67,67301,39.9376,-75.1582,0,0,0,0,0,0,5,2,2018,3,12.0,1.0,0,9.0,3,1,3,  ,3,3.0,0,0,0,0,0,0,0,0,0,0,0,0,0,0,0,0,0
22826,2018037243,1715.0,1711.0,67,67301,39.9391,-75.1584,0,0,0,0,0,0,5,2,2018,4,17.0,1.0,0,1.0,3,0,3,  ,0,0.0,0,0,0,0,0,0,0,0,0,0,0,0,0,0,0,0,0
22827,2018037316,2026.0,2026.0,67,67301,40.0075,-75.202,0,0,0,0,0,1,4,3,2018,6,15.0,1.0,0,1.0,3,2,3,  ,3,3.0,1,0,1,0,0,0,0,0,0,0,0,0,0,0,0,0,0
22828,2018037641,1520.0,1520.0,23,23101,39.8656,-75.4394,0,0,0,0,0,1,4,3,2018,2,15.0,1.0,0,1.0,3,2,3,  ,3,3.0,0,0,1,0,0,0,0,0,0,0,0,0,0,0,0,0,0
22829,2018037647,1159.0,1159.0,67,67301,39.9505,-75.1927,0,0,0,0,0,1,1,3,2018,5,11.0,1.0,0,1.0,3,0,3,  ,0,0.0,0,0,0,0,0,1,0,1,0,1,0,0,0,0,0,1,0
22830,2018038081,1439.0,1437.0,22,22301,40.2673,-76.8648,0,0,0,0,0,0,6,3,2018,6,14.0,1.0,0,1.0,3,1,3,  ,2,3.0,0,0,0,0,0,0,0,0,0,0,0,0,0,0,0,0,0
22831,2018038143,1614.0,1610.0,40,40432,41.3253,-75.8077,0,0,0,0,0,0,8,3,2018,6,16.0,1.0,0,1.0,3,0,3,  ,3,2.0,1,0,0,0,0,0,0,0,0,0,0,0,0,0,0,0,0
22832,2018038249,844.0,839.0,6,6301,40.3398,-75.9161,0,0,0,0,0,0,2,3,2018,7,8.0,1.0,0,1.0,3,1,3,  ,3,3.0,0,0,0,0,0,0,0,0,0,0,0,0,0,0,0,0,0
22833,2018038454,1247.0,1246.0,60,60302,41.4326,-79.7026,0,0,0,0,0,0,8,3,2018,5,12.0,1.0,0,9.0,2,1,7,  ,0,0.0,0,0,0,0,0,0,0,0,0,0,0,0,0,0,0,0,0
22834,2018038656,1130.0,1128.0,23,23111,39.961,-75.2886,0,0,0,0,0,0,4,4,2018,2,11.0,1.0,0,9.0,3,2,7,  ,2,3.0,0,0,1,0,0,0,0,0,0,0,0,0,0,0,0,0,0
22835,2018040109,2336.0,2335.0,67,67301,39.9844,-75.1544,0,0,0,0,0,0,4,4,2018,5,23.0,3.0,0,1.0,3,1,3,  ,2,3.0,0,0,1,0,0,0,0,0,0,0,0,0,0,0,0,0,0
22836,2018040111,917.0,915.0,25,25302,42.123,-80.0439,0,0,0,0,0,0,8,3,2018,5,9.0,1.0,0,1.0,3,1,3,  ,2,3.0,0,0,0,0,0,0,0,0,0,0,0,0,0,0,0,0,0
22837,2018040403,2106.0,2104.0,46,46421,40.3102,-75.3224,0,0,0,0,0,0,4,4,2018,5,21.0,3.0,0,1.0,3,1,3,  ,3,3.0,0,0,1,0,0,0,0,0,0,0,0,0,0,0,0,0,1
22838,2018040578,1104.0,1053.0,2,2301,40.4601,-79.946,0,1,0,0,0,0,4,4,2018,7,10.0,1.0,0,1.0,3,1,3,  ,2,3.0,1,0,1,0,0,1,0,0,0,0,0,1,0,0,0,0,0
22839,2018040974,103.0,103.0,23,23111,39.9619,-75.2572,0,0,0,0,0,1,4,4,2018,2,1.0,3.0,0,1.0,3,2,3,  ,3,3.0,0,0,1,0,0,0,0,0,0,0,0,0,0,0,0,0,0
22840,2018041241,1609.0,1601.0,25,25302,42.1223,-80.0698,0,0,0,0,0,1,4,4,2018,2,16.0,1.0,0,1.0,3,0,3,  ,0,0.0,0,0,1,0,0,0,0,0,0,0,0,0,0,0,0,0,0
22841,2018041280,1832.0,1827.0,23,23103,39.9935,-75.3079,0,0,0,0,0,1,4,4,2018,6,18.0,1.0,0,1.0,3,1,3,  ,3,3.0,0,0,1,0,0,0,0,0,0,0,0,0,0,0,0,0,0
22842,2018041686,625.0,617.0,66,66227,39.9752,-76.6803,0,0,0,0,0,0,4,4,2018,5,6.0,2.0,0,1.0,3,0,3,  ,3,3.0,1,0,1,0,0,0,0,0,0,0,0,0,0,0,0,0,0
22843,2018041976,2332.0,2330.0,66,66413,39.808,-76.9805,0,1,0,0,1,0,4,2,2018,2,23.0,3.0,0,1.0,2,1,3,  ,3,3.0,0,0,1,0,0,0,0,0,0,0,0,0,0,0,0,0,0
22844,2018042162,1623.0,1617.0,28,28401,39.939,-77.6599,0,0,0,0,0,1,4,4,2018,7,16.0,1.0,0,1.0,1,1,3,  ,0,0.0,0,0,1,0,0,0,0,0,0,0,0,0,0,0,0,0,0
22845,2018042425,2031.0,2029.0,23,23412,39.9463,-75.2675,0,0,0,0,0,0,4,4,2018,5,20.0,3.0,0,1.0,3,1,3,  ,3,3.0,0,0,1,0,0,1,0,0,0,0,0,0,0,0,0,0,0
22846,2018042466,1803.0,1802.0,38,38301,40.325,-76.4238,0,0,0,0,0,1,4,3,2018,7,18.0,1.0,0,1.0,2,1,3,  ,3,3.0,0,0,1,0,0,0,0,0,0,0,0,0,0,0,0,0,0
22847,2018042477,945.0,939.0,2,2301,40.4625,-79.9593,0,0,0,0,0,0,4,4,2018,6,9.0,1.0,0,1.0,3,2,3,  ,0,0.0,1,0,1,0,0,0,0,0,0,0,0,0,0,0,0,0,0
22848,2018042591,1548.0,1530.0,67,67301,39.9398,-75.1987,0,0,0,0,0,0,5,3,2018,2,18.0,6.0,0,98.0,3,0,99,  ,0,0.0,0,0,0,0,0,0,0,0,0,0,0,0,0,0,0,0,0
22849,2018042598,1119.0,1113.0,67,67301,39.9497,-75.2331,0,0,0,0,0,0,4,3,2018,1,11.0,1.0,0,1.0,3,1,3,05,3,3.0,0,0,1,0,0,0,0,0,0,0,0,0,0,0,0,0,0
22850,2018042661,1647.0,1646.0,39,39302,40.6295,-75.3949,0,0,0,0,0,1,2,4,2018,1,16.0,1.0,2,1.0,3,6,3,  ,2,3.0,0,0,0,0,0,0,0,0,0,0,0,0,0,0,0,0,0
22851,2018043235,1604.0,1604.0,36,36301,40.0441,-76.3089,0,0,0,0,0,0,4,4,2018,5,16.0,1.0,0,1.0,3,1,3,  ,2,3.0,1,0,1,0,0,0,0,0,0,0,0,0,0,0,0,1,0
22852,2018043434,1340.0,1322.0,67,67301,39.9453,-75.1468,0,0,0,0,0,0,4,2,2018,4,12.0,1.0,0,1.0,3,2,3,  ,0,0.0,1,0,1,0,0,0,0,0,0,0,0,0,0,0,0,0,0
22853,2018043450,938.0,934.0,67,67301,39.9169,-75.1721,0,0,0,0,0,1,4,2,2018,6,9.0,1.0,0,9.0,3,1,7,  ,2,3.0,0,0,1,0,0,0,0,0,0,0,0,0,0,0,0,0,0
22854,2018043879,1730.0,1713.0,67,67301,39.9635,-75.1705,0,0,0,0,0,0,4,2,2018,3,17.0,1.0,7,1.0,3,0,3,  ,0,0.0,0,0,1,0,0,0,0,0,0,0,0,0,0,0,0,0,0
22855,2018043904,1711.0,1709.0,67,67301,39.9806,-75.1201,0,0,0,0,0,0,4,3,2018,6,17.0,1.0,0,1.0,3,1,3,  ,3,3.0,0,0,1,0,0,0,0,0,0,0,0,0,0,0,0,0,0
22856,2018043919,2009.0,2005.0,67,67301,40.0294,-75.0627,0,0,0,0,0,0,4,3,2018,2,20.0,3.0,0,1.0,3,5,3,  ,2,3.0,1,0,1,0,0,0,0,0,0,0,0,0,0,0,0,0,0
22857,2018044256,1336.0,1331.0,9,9205,40.3044,-75.1439,0,0,0,0,0,1,4,4,2018,5,13.0,1.0,0,1.0,3,1,3,  ,2,3.0,0,0,1,0,0,0,0,0,0,0,0,0,0,0,0,1,0
22858,2018044414,1315.0,1310.0,39,39211,40.5525,-75.3699,0,0,0,0,1,0,8,4,2018,4,13.0,1.0,7,1.0,1,0,3,  ,0,0.0,0,0,0,0,0,0,0,0,0,0,0,0,0,0,0,0,0
22859,2018044467,1405.0,1402.0,6,6427,40.3299,-75.9468,0,0,0,1,0,0,8,4,2018,4,14.0,1.0,7,1.0,3,0,3,  ,8,3.0,0,0,0,0,1,0,0,0,0,0,0,0,0,0,0,0,0
22860,2018044531,1803.0,1746.0,36,36203,40.1317,-75.9759,0,0,0,0,1,0,4,4,2018,2,17.0,1.0,0,9.0,1,2,10,  ,3,3.0,1,0,1,0,0,0,0,0,0,0,0,0,0,0,0,0,1
22861,2018044656,1818.0,1813.0,7,7301,40.4996,-78.4084,0,0,0,0,1,0,4,4,2018,6,18.0,1.0,0,1.0,3,0,3,  ,0,0.0,0,0,1,0,0,1,0,0,0,0,0,0,0,0,0,0,0
22862,2018044666,2058.0,2057.0,46,46103,40.2651,-75.2528,0,0,0,0,0,0,4,4,2018,5,20.0,3.0,0,1.0,3,2,3,  ,2,3.0,0,0,1,0,0,0,0,0,0,0,0,0,0,0,0,0,0
22863,2018044796,738.0,738.0,23,23301,39.8651,-75.3565,0,0,0,0,0,1,2,4,2018,6,6.0,1.0,0,1.0,3,0,3,  ,0,0.0,0,0,0,0,0,0,0,0,0,0,0,0,0,0,0,0,0
22864,2018045029,1633.0,1632.0,23,23423,39.9065,-75.2775,0,0,1,0,0,0,9,4,2018,6,16.0,1.0,0,1.0,3,2,3,  ,3,3.0,0,0,0,0,0,1,0,0,0,0,0,0,0,0,0,0,0
22865,2018045103,1550.0,1544.0,42,42206,41.9809,-78.5531,0,1,0,0,0,1,4,4,2018,7,15.0,1.0,7,1.0,1,0,3,  ,0,0.0,0,0,1,0,0,0,0,0,0,0,0,0,0,0,0,1,0
22866,2018045623,1830.0,1825.0,6,6232,40.4809,-75.8024,0,0,0,0,0,0,5,4,2018,6,18.0,1.0,0,1.0,1,2,3,  ,3,3.0,1,0,0,0,0,0,0,0,0,0,0,0,0,0,0,0,0
22867,2018045789,2041.0,2034.0,36,36220,40.0388,-76.3303,0,0,0,0,0,1,4,4,2018,7,20.0,3.0,0,1.0,3,2,3,  ,2,3.0,0,0,1,0,0,0,0,0,0,0,0,0,0,0,0,1,0
22868,2018045879,1209.0,1207.0,15,15215,40.0345,-75.4489,0,0,0,0,0,0,8,4,2018,3,12.0,1.0,0,1.0,3,0,3,  ,3,3.0,0,0,0,0,0,0,0,0,0,0,0,0,0,0,0,0,0
22869,2018046270,757.0,753.0,67,67301,39.9617,-75.1569,0,0,0,0,0,0,1,4,2018,5,7.0,1.0,0,1.0,3,0,3,  ,0,0.0,1,0,0,0,0,0,0,0,0,0,0,0,0,0,1,0,0
22870,2018046276,1813.0,1809.0,67,67301,39.955,-75.1527,0,0,0,0,0,1,4,4,2018,5,18.0,1.0,0,1.0,3,1,3,  ,2,3.0,1,0,1,0,0,0,0,0,0,0,0,0,0,0,0,0,0
22871,2018047036,1720.0,1711.0,49,49101,40.7856,-76.5694,0,0,0,0,0,0,4,4,2018,6,17.0,1.0,0,1.0,1,1,3,  ,0,0.0,0,0,1,0,0,0,0,0,0,0,0,0,0,0,0,0,0
22872,2018047519,1730.0,1729.0,9,9218,40.2162,-75.0141,0,0,0,0,0,0,4,4,2018,7,17.0,1.0,0,1.0,3,2,3,  ,0,0.0,0,0,1,0,0,0,0,0,0,0,0,0,0,0,0,0,0
22873,2018047580,1811.0,1811.0,67,67301,39.9395,-75.1798,0,0,0,0,0,1,4,3,2018,2,99.0,1.0,0,1.0,3,1,3,  ,2,3.0,0,0,1,0,0,0,0,0,0,0,0,0,0,0,0,0,0
22874,2018047593,2128.0,2127.0,67,67301,39.9465,-75.2373,0,0,0,0,0,0,4,4,2018,4,21.0,3.0,0,1.0,3,2,3,  ,2,3.0,0,0,1,0,0,0,0,0,0,0,0,0,0,0,0,0,0
22875,2018047626,2202.0,2200.0,67,67301,40.0252,-75.1279,0,0,0,0,0,0,4,3,2018,3,21.0,3.0,0,9.0,3,3,7,  ,3,3.0,1,0,1,0,0,0,0,0,0,0,0,0,1,0,0,0,0
22876,2018047801,1628.0,1624.0,36,36414,40.0392,-76.4285,0,0,0,0,0,0,4,4,2018,5,16.0,1.0,0,1.0,3,1,3,  ,2,3.0,0,0,1,0,0,0,0,0,0,0,0,0,0,0,0,0,0
22877,2018047957,1645.0,1645.0,67,67301,39.9437,-75.1654,0,0,0,0,0,0,4,4,2018,7,16.0,1.0,0,1.0,3,1,3,  ,2,3.0,0,0,1,0,0,0,0,0,0,0,0,0,0,0,0,0,0
22878,2018047977,1520.0,1513.0,40,40304,41.2364,-75.8742,0,0,0,0,0,0,4,4,2018,2,15.0,1.0,0,1.0,3,2,3,  ,0,0.0,0,0,1,0,0,0,0,0,0,0,0,0,0,0,0,0,0
22879,2018047994,1440.0,1440.0,15,15414,39.9522,-75.5963,0,0,0,0,0,0,4,4,2018,5,14.0,1.0,0,1.0,3,1,3,  ,2,3.0,0,0,1,0,0,0,0,0,0,0,0,0,0,0,0,1,0
22880,2018048264,1814.0,1810.0,40,40304,41.2348,-75.9081,0,0,0,0,0,0,8,5,2018,3,18.0,1.0,0,1.0,3,1,3,  ,3,3.0,0,0,0,0,0,0,0,1,0,1,0,0,0,0,0,0,0
22881,2018048444,2221.0,2216.0,25,25302,42.1175,-80.025,0,0,0,0,0,1,4,5,2018,3,22.0,3.0,0,1.0,3,2,3,  ,3,3.0,1,0,1,0,0,0,0,0,0,0,0,0,0,0,0,0,0
22882,2018048509,1733.0,1728.0,21,21401,40.2477,-76.931,0,0,0,0,0,1,8,5,2018,4,17.0,1.0,0,1.0,3,2,3,  ,0,0.0,0,0,0,0,0,0,0,0,0,0,0,0,0,0,0,0,0
22883,2018048514,1132.0,1126.0,36,36239,40.0886,-76.4516,0,1,0,0,0,1,4,4,2018,7,11.0,1.0,0,1.0,3,2,3,  ,3,3.0,0,0,1,0,0,0,0,0,0,0,0,0,0,0,0,0,0
22884,2018048959,1940.0,1940.0,39,39209,40.5517,-75.6181,0,0,0,0,0,1,4,4,2018,2,19.0,1.0,7,1.0,1,0,3,  ,3,3.0,1,0,1,0,0,0,0,0,0,0,0,0,0,0,0,0,0
22885,2018048985,1810.0,1808.0,2,2301,40.4408,-79.9959,0,0,0,0,1,0,4,5,2018,5,18.0,1.0,0,1.0,3,1,3,  ,2,3.0,1,0,1,0,0,0,0,0,0,0,0,0,0,0,0,0,1
22886,2018049451,1207.0,1204.0,2,2219,40.2862,-80.0179,0,0,0,0,0,1,5,5,2018,7,11.0,1.0,0,1.0,3,0,3,  ,0,0.0,0,0,0,0,0,0,0,0,0,0,0,0,0,0,0,0,0
22887,2018049532,1950.0,1947.0,40,40302,41.2044,-75.9949,0,0,0,0,0,1,4,5,2018,6,19.0,1.0,0,1.0,3,1,3,  ,3,3.0,0,0,1,0,0,0,0,0,0,0,0,0,0,0,0,1,0
22888,2018049551,1719.0,1717.0,2,2413,40.3838,-79.9698,0,0,0,0,1,0,4,5,2018,3,17.0,1.0,0,1.0,3,1,3,  ,0,0.0,0,0,1,0,0,0,0,0,0,0,0,0,0,0,0,0,0
22889,2018049623,37.0,33.0,2,2301,40.454,-79.952,0,0,0,0,0,0,4,5,2018,1,0.0,3.0,0,9.0,3,1,7,  ,2,3.0,1,0,1,0,0,0,0,0,0,0,0,0,0,0,0,0,0
22890,2018049666,1045.0,1039.0,46,46102,,,0,0,0,0,0,0,4,5,2018,1,10.0,1.0,7,1.0,3,1,3,  ,3,3.0,1,0,1,0,0,0,0,0,0,0,0,0,0,0,0,1,0
22891,2018049832,1838.0,1835.0,23,23301,39.8488,-75.3717,0,0,0,0,0,1,4,5,2018,7,18.0,1.0,0,1.0,3,0,3,  ,2,3.0,0,0,1,0,0,0,0,0,0,0,0,0,0,0,0,0,0
22892,2018050177,1728.0,1718.0,37,37204,41.0254,-80.4956,0,0,0,0,0,0,4,5,2018,2,17.0,1.0,6,1.0,1,0,3,  ,0,0.0,0,0,1,0,0,0,0,0,0,0,0,0,0,0,0,0,0
22893,2018050402,1605.0,1554.0,13,13408,40.8189,-75.6745,0,0,0,0,0,0,4,4,2018,1,15.0,1.0,0,1.0,1,11,3,  ,0,0.0,0,0,1,0,0,0,0,0,0,0,0,0,0,0,0,0,0