,CRN,ARRIVAL_TM,DISPATCH_TM,COUNTY,MUNICIPALITY,DEC_LAT,DEC_LONG,BICYCLE_DEATH_COUNT,BICYCLE_SUSP_SERIOUS_INJ_COUNT,BUS_COUNT,HEAVY_TRUCK_COUNT,SMALL_TRUCK_COUNT,SUV_COUNT,COLLISION_TYPE,CRASH_MONTH,CRASH_YEAR,DAY_OF_WEEK,HOUR_OF_DAY,ILLUMINATION,LOCATION_TYPE,ROAD_CONDITION,URBAN_RURAL,INTERSECT_TYPE,WEATHER1,WEATHER2,TCD_TYPE,TCD_FUNC_CD,AGGRESSIVE_DRIVING,ALCOHOL_RELATED,ANGLE_CRASH,CELL_PHONE,COMM_VEHICLE,DISTRACTED,DRINKING_DRIVER,DRUGGED_DRIVER,FATIGUE_ASLEEP,IMPAIRED_DRIVER,NHTSA_AGG_DRIVING,RUNNING_RED_LT,RUNNING_STOP_SIGN,SPEEDING_RELATED,TAILGATING,MATURE_DRIVER,YOUNG_DRIVER
22894,2018050569,1914.0,1914.0,23,23111,39.9587,-75.3066,0,0,0,0,0,0,4,5,2018,3,19.0,1.0,0,1.0,3,1,3,  ,3,3.0,1,0,1,0,0,0,0,0,0,0,0,0,0,0,0,0,0
22895,2018050852,1911.0,1907.0,67,67301,40.0816,-74.9991,0,0,0,0,0,1,8,5,2018,3,19.0,1.0,0,1.0,3,0,3,  ,0,0.0,0,0,0,0,0,0,0,0,0,0,0,0,0,0,0,0,0
22896,2018050869,1646.0,1645.0,40,40304,41.2474,-75.8738,0,0,0,0,0,0,4,5,2018,4,16.0,1.0,7,1.0,3,0,3,  ,0,0.0,0,0,1,0,0,0,0,0,0,0,0,0,0,0,0,0,0
22897,2018050872,1623.0,1622.0,40,40414,41.2543,-75.89,0,0,0,0,0,0,4,5,2018,7,16.0,1.0,0,1.0,3,2,3,  ,2,3.0,0,0,1,0,0,0,0,0,0,0,0,0,0,0,0,0,0
22898,2018051005,1457.0,1450.0,7,7301,40.5023,-78.4053,0,0,0,0,0,1,4,5,2018,2,14.0,1.0,0,1.0,3,1,3,  ,3,3.0,0,0,1,0,0,0,0,0,0,0,0,0,0,0,0,0,0
22899,2018051044,1259.0,1255.0,15,15414,39.955,-75.5994,0,0,0,0,1,0,4,5,2018,4,12.0,1.0,0,1.0,3,2,3,  ,3,3.0,0,0,1,0,0,0,0,0,0,0,0,0,0,0,0,1,0
22900,2018051152,1622.0,1619.0,36,36214,40.0501,-76.3502,0,0,0,0,0,1,4,5,2018,5,16.0,1.0,0,1.0,3,0,3,  ,0,0.0,0,0,1,0,0,1,0,0,0,0,0,0,0,0,0,1,0
22901,2018051176,2116.0,2113.0,67,67301,39.9509,-75.1641,0,0,0,0,0,0,1,3,2018,7,21.0,3.0,0,1.0,3,0,3,  ,0,0.0,0,0,0,0,0,0,0,0,0,0,0,0,0,0,0,0,0
22902,2018051185,1130.0,1119.0,67,67301,39.9517,-75.1641,0,0,0,0,0,0,5,3,2018,2,11.0,1.0,0,1.0,3,0,3,  ,0,0.0,1,0,0,0,0,0,0,0,0,0,0,0,0,0,0,0,0
22903,2018051246,2051.0,2049.0,25,25302,42.131,-80.0374,0,0,0,0,0,1,8,5,2018,4,20.0,3.0,0,1.0,3,1,3,  ,2,3.0,1,0,0,0,0,0,0,0,0,0,0,0,0,0,0,0,1
22904,2018051260,2110.0,2046.0,2,2301,40.4434,-80.04,0,0,0,0,0,1,8,5,2018,5,20.0,1.0,0,1.0,3,2,3,  ,0,0.0,0,0,0,0,0,0,0,0,0,0,0,0,0,0,0,0,0
22905,2018051276,2338.0,2335.0,6,6301,40.3342,-75.9459,0,0,0,0,0,0,8,5,2018,5,18.0,4.0,0,1.0,3,0,3,  ,0,0.0,0,0,0,0,0,0,0,0,0,0,0,0,0,0,0,0,0
22906,2018051532,2100.0,2058.0,25,25302,42.1185,-80.0588,0,0,0,0,0,1,4,5,2018,5,20.0,3.0,0,1.0,3,1,3,  ,3,3.0,0,0,1,0,0,0,0,0,0,0,0,0,0,0,0,0,0
22907,2018051954,1712.0,1712.0,67,67301,39.9536,-75.1741,0,0,0,0,0,1,5,5,2018,3,17.0,1.0,0,1.0,3,0,3,  ,0,0.0,0,0,0,0,0,0,0,0,0,0,0,0,0,0,0,0,0
22908,2018052228,1715.0,1652.0,21,21207,40.1814,-77.0217,0,0,0,0,0,1,1,5,2018,6,16.0,1.0,0,1.0,1,0,3,  ,0,0.0,0,0,0,0,0,0,0,0,0,0,0,0,0,0,0,0,0
22909,2018052523,2342.0,2335.0,48,48206,40.672,-75.4299,0,0,0,0,1,0,5,4,2018,4,23.0,2.0,0,9.0,3,3,3,  ,0,0.0,0,0,0,0,0,0,0,0,0,0,0,0,0,0,0,0,0
22910,2018052584,2021.0,2018.0,17,17301,41.1125,-78.7659,0,0,0,0,0,0,5,5,2018,2,20.0,1.0,0,1.0,2,1,3,  ,0,0.0,0,0,0,0,0,0,0,0,0,0,0,0,0,0,0,0,0
22911,2018052722,1240.0,1238.0,22,22301,40.2934,-76.8943,0,1,0,0,0,0,4,5,2018,2,12.0,1.0,0,1.0,3,1,3,  ,3,3.0,0,0,1,0,0,0,0,0,0,0,0,0,0,0,0,0,0
22912,2018052751,647.0,644.0,2,2108,40.582,-80.0381,1,0,0,0,0,0,4,5,2018,2,6.0,1.0,0,1.0,3,1,3,  ,2,3.0,0,0,1,0,0,1,0,0,0,0,0,0,0,0,0,1,0
22913,2018052908,1543.0,1541.0,23,23108,39.9155,-75.3329,0,0,0,0,1,0,4,5,2018,3,15.0,1.0,0,1.0,3,1,3,  ,2,3.0,1,0,1,0,0,0,0,0,0,0,0,0,0,0,0,0,0
22914,2018053351,749.0,748.0,41,41219,41.2498,-76.9371,0,0,0,0,0,0,4,4,2018,6,7.0,1.0,0,9.0,1,1,7,  ,2,3.0,1,0,1,0,0,0,0,0,0,0,0,0,0,0,0,0,0
22915,2018053365,1047.0,1033.0,65,65210,41.4105,-75.997,0,0,0,0,0,0,4,5,2018,7,10.0,1.0,0,1.0,1,0,3,  ,0,0.0,1,0,1,0,0,0,0,0,0,0,0,0,0,0,0,0,1
22916,2018053512,852.0,850.0,10,10101,40.852,-79.9671,0,1,0,0,0,0,4,5,2018,4,8.0,1.0,0,1.0,2,2,3,  ,0,0.0,1,0,1,0,0,0,0,0,0,0,0,0,0,1,0,0,1
22917,2018053645,1541.0,1537.0,41,41301,41.2439,-77.0174,0,0,0,0,0,0,4,5,2018,4,15.0,1.0,0,1.0,3,1,3,  ,2,9.0,0,0,1,0,0,0,0,0,0,0,0,0,0,0,0,0,0
22918,2018053814,1913.0,1912.0,40,40101,41.2354,-75.9268,0,0,0,0,0,0,8,5,2018,5,19.0,1.0,0,1.0,3,1,3,  ,2,3.0,0,0,0,0,0,0,0,0,0,0,0,0,0,0,0,0,0
22919,2018053888,1947.0,1924.0,6,6216,40.3471,-76.1219,0,1,0,0,0,0,1,5,2018,7,19.0,4.0,0,1.0,1,0,3,  ,0,0.0,0,0,0,0,0,0,0,0,0,0,0,0,0,0,0,1,0
22920,2018053924,1331.0,1328.0,25,25302,42.1265,-80.0498,0,0,0,0,0,0,4,5,2018,6,13.0,1.0,0,1.0,3,1,3,  ,2,3.0,1,0,1,0,0,0,0,0,0,0,0,0,0,0,0,0,0
22921,2018053940,1635.0,1635.0,6,6301,40.345,-75.9388,0,1,0,0,0,0,4,5,2018,4,16.0,4.0,0,1.0,3,0,3,  ,0,0.0,0,0,1,0,0,0,0,0,0,0,0,0,0,0,0,0,0
22922,2018053973,1628.0,1624.0,67,67301,40.0864,-74.9723,0,0,0,0,1,0,4,4,2018,5,16.0,1.0,7,1.0,3,0,3,  ,0,0.0,1,0,1,0,0,0,0,0,0,0,0,0,0,0,0,0,0
22923,2018053977,745.0,739.0,67,67301,39.9758,-75.1686,0,0,0,0,1,0,4,4,2018,5,7.0,1.0,0,1.0,3,1,3,  ,2,3.0,0,0,1,0,0,0,0,0,0,0,0,0,0,0,0,0,0
22924,2018054007,1121.0,1117.0,67,67301,39.9229,-75.1836,0,0,0,0,0,0,4,5,2018,5,11.0,1.0,0,1.0,3,1,3,  ,2,3.0,0,0,1,0,0,0,0,0,0,0,0,0,0,0,0,0,0
22925,2018054011,1400.0,1350.0,67,67301,39.9313,-75.166,0,0,0,0,1,0,5,4,2018,5,13.0,1.0,0,9.0,3,0,3,  ,0,0.0,0,0,0,0,0,0,0,0,0,0,0,0,0,0,0,0,0
22926,2018054030,1340.0,1324.0,67,67301,39.9755,-75.1849,0,0,0,0,1,0,4,5,2018,1,13.0,1.0,0,1.0,3,2,3,  ,3,3.0,0,0,1,0,0,1,0,0,0,0,0,0,0,0,0,0,0
22927,2018054035,2004.0,1957.0,67,67301,39.9517,-75.1828,0,0,0,0,0,0,4,5,2018,4,19.0,1.0,2,1.0,3,5,3,  ,2,3.0,0,0,1,0,0,0,0,0,0,0,0,0,0,0,0,1,0
22928,2018054043,1800.0,1745.0,67,67301,40.0554,-75.0786,0,0,0,0,0,0,2,5,2018,5,14.0,1.0,0,1.0,3,0,3,  ,0,0.0,0,0,0,0,0,0,0,0,0,0,0,0,0,0,0,0,0
22929,2018054066,127.0,124.0,67,67301,39.9475,-75.1495,0,0,0,0,0,0,4,5,2018,6,1.0,3.0,0,1.0,3,1,3,  ,2,3.0,0,0,1,0,0,0,0,0,0,0,0,0,0,0,0,0,0
22930,2018054088,1327.0,1327.0,67,67301,39.9517,-75.1582,0,0,0,0,0,1,4,4,2018,2,13.0,1.0,0,1.0,3,1,3,  ,2,3.0,0,0,1,0,0,0,0,0,0,0,0,0,0,0,0,0,0
22931,2018054131,1325.0,1325.0,67,67301,39.9764,-75.2249,0,0,0,0,0,1,4,4,2018,2,13.0,1.0,7,1.0,3,0,3,  ,0,0.0,0,0,1,0,0,0,0,0,0,0,0,0,0,0,0,0,0
22932,2018054204,1340.0,1333.0,67,67301,39.9235,-75.1626,0,0,0,0,0,0,2,4,2018,7,13.0,1.0,0,1.0,3,0,3,  ,0,0.0,0,0,0,0,0,0,0,0,0,0,0,0,0,0,0,0,0
22933,2018054263,1008.0,1007.0,67,67301,39.9254,-75.1445,0,0,0,1,0,0,5,4,2018,5,9.0,1.0,0,9.0,3,0,3,  ,0,0.0,0,0,0,0,1,0,0,0,0,0,0,0,0,0,0,0,0
22934,2018054587,27.0,18.0,2,2301,40.4084,-79.9446,0,0,0,0,1,0,4,5,2018,1,0.0,2.0,0,1.0,3,1,3,  ,3,3.0,0,0,1,0,0,0,0,0,0,0,0,0,0,0,0,0,0
22935,2018054684,1626.0,1625.0,21,21402,40.1996,-77.1894,0,0,0,0,0,0,4,5,2018,2,16.0,1.0,0,1.0,2,0,3,  ,0,0.0,0,0,1,0,0,0,0,0,0,0,0,0,0,0,0,0,0
22936,2018054767,1316.0,1313.0,2,2466,40.504,-79.7287,0,0,0,0,1,0,4,5,2018,7,13.0,1.0,0,1.0,3,0,3,  ,0,0.0,0,0,1,0,0,0,0,0,0,0,0,0,0,0,0,0,0
22937,2018055028,1700.0,1700.0,53,53234,40.6057,-76.2313,0,0,0,0,0,1,4,5,2018,4,16.0,1.0,0,1.0,1,0,3,  ,0,0.0,0,0,1,0,0,0,0,0,0,0,0,0,0,0,0,0,1
22938,2018055077,1442.0,1423.0,11,11418,40.4214,-78.6232,0,0,0,0,0,0,5,5,2018,1,13.0,1.0,0,1.0,1,0,3,  ,0,0.0,1,0,0,0,0,0,0,0,0,0,0,0,0,0,0,0,0
22939,2018055091,1826.0,1826.0,39,39102,40.6364,-75.4701,0,0,0,0,0,0,4,5,2018,6,18.0,1.0,0,1.0,3,1,3,  ,0,0.0,0,0,1,0,0,0,0,0,0,0,0,0,0,0,0,1,0
22940,2018055208,1223.0,1222.0,46,46211,40.2542,-75.2087,0,0,0,0,0,0,4,5,2018,3,12.0,1.0,0,1.0,1,1,3,  ,2,3.0,0,0,1,0,0,0,0,0,0,0,0,0,0,0,0,0,1
22941,2018055340,9999.0,9999.0,67,67301,39.9532,-75.2182,0,0,0,0,0,0,5,4,2018,1,22.0,3.0,0,1.0,3,0,3,  ,0,0.0,0,0,0,0,0,0,0,0,0,0,0,0,0,0,0,0,0
22942,2018055371,1338.0,1329.0,67,67301,39.966,-75.2223,0,0,0,0,0,0,6,5,2018,3,11.0,1.0,0,1.0,3,0,3,  ,0,0.0,0,0,0,0,0,0,0,0,0,0,0,0,0,0,0,0,0
22943,2018055414,1810.0,1807.0,67,67301,39.9722,-75.1276,0,0,0,0,0,0,4,4,2018,7,18.0,1.0,0,1.0,3,2,3,  ,0,0.0,0,0,1,0,0,0,0,0,0,0,0,0,0,0,0,0,0
22944,2018055433,1008.0,1005.0,67,67301,39.9908,-75.1426,0,0,0,0,0,0,5,4,2018,5,10.0,1.0,0,1.0,3,0,3,  ,0,0.0,0,0,0,0,0,0,0,0,0,0,0,0,0,0,0,0,1
22945,2018055525,1023.0,1017.0,64,64217,40.279,-79.479,0,0,0,0,0,1,4,5,2018,2,10.0,1.0,0,1.0,1,2,3,  ,3,3.0,1,0,1,0,0,0,0,0,0,0,0,0,0,0,0,0,0
22946,2018055865,1348.0,1341.0,48,48302,40.6777,-75.2123,0,0,0,0,0,0,4,5,2018,7,13.0,1.0,0,9.0,3,1,7,  ,0,0.0,0,0,1,0,0,0,0,0,0,0,0,0,0,0,0,0,0
22947,2018055963,602.0,559.0,36,36214,40.0827,-76.3872,0,0,0,0,0,0,4,5,2018,4,5.0,5.0,7,9.0,3,0,7,05,0,0.0,1,0,1,0,0,0,0,0,0,0,0,0,0,0,0,0,0
22948,2018056008,1558.0,1554.0,2,2301,40.4577,-79.9064,0,0,0,0,0,0,4,5,2018,4,15.0,1.0,0,1.0,3,1,3,  ,3,3.0,1,0,1,0,0,0,0,0,0,0,0,0,1,0,0,0,0
22949,2018056212,1225.0,1222.0,2,2110,40.5046,-80.109,0,0,0,1,0,0,4,5,2018,5,12.0,1.0,0,1.0,3,0,3,  ,0,0.0,0,0,1,0,1,0,0,0,0,0,0,0,0,0,0,0,0
22950,2018056226,1150.0,1150.0,23,23404,39.9287,-75.296,0,0,0,0,0,0,4,5,2018,5,11.0,1.0,7,1.0,3,0,3,  ,0,0.0,0,0,1,0,0,0,0,0,0,0,0,0,0,0,0,1,0
22951,2018056581,1604.0,1604.0,43,43303,41.2377,-80.3967,0,0,0,0,1,0,5,5,2018,6,15.0,1.0,0,1.0,3,0,3,  ,0,0.0,1,0,0,0,0,0,0,0,0,0,0,0,0,0,0,0,0
22952,2018056597,1849.0,1847.0,46,46104,39.9992,-75.2614,0,0,0,0,0,0,1,5,2018,6,18.0,1.0,0,1.0,3,2,3,  ,0,0.0,1,0,0,0,0,0,0,0,0,0,0,0,0,0,0,0,0
22953,2018056705,1145.0,1140.0,2,2301,40.4566,-80.0134,0,0,0,0,0,0,4,5,2018,7,11.0,1.0,0,1.0,3,1,3,  ,0,0.0,0,0,1,0,0,0,0,0,0,0,0,0,0,0,0,0,0
22954,2018056718,1953.0,1938.0,66,66224,39.7308,-76.3493,0,0,0,0,0,1,5,5,2018,7,16.0,1.0,0,1.0,1,0,3,  ,3,3.0,1,0,0,0,0,0,0,0,0,0,0,0,0,0,0,0,0
22955,2018056752,1146.0,1142.0,40,40411,41.0165,-75.8963,0,0,0,0,0,1,4,5,2018,7,11.0,1.0,0,9.0,1,1,3,  ,3,3.0,1,0,1,0,0,0,0,0,0,0,0,0,0,0,0,0,0
22956,2018056772,942.0,930.0,7,7210,40.5353,-78.3584,0,0,0,0,0,1,2,5,2018,4,9.0,1.0,7,1.0,1,0,3,  ,0,0.0,0,0,0,0,0,0,0,0,0,0,0,0,0,0,0,0,0
22957,2018056855,2108.0,2105.0,9,9202,40.1444,-74.9306,0,0,0,0,0,0,1,5,2018,7,21.0,3.0,0,1.0,3,0,3,  ,0,0.0,0,0,0,0,0,0,0,0,0,0,0,0,0,0,0,0,0
22958,2018056931,1611.0,1610.0,41,41405,41.2565,-76.9185,0,0,0,0,0,1,4,5,2018,7,16.0,1.0,0,1.0,3,1,3,  ,3,3.0,0,0,1,0,0,0,0,0,0,0,0,0,0,0,0,0,0
22959,2018057153,1320.0,1318.0,23,23103,39.9792,-75.2943,0,0,0,0,0,1,3,5,2018,6,13.0,1.0,7,1.0,3,0,3,  ,0,0.0,0,0,0,0,0,0,0,0,0,0,0,0,0,0,0,0,0
22960,2018057271,2221.0,2221.0,6,6301,40.3352,-75.9181,0,0,0,0,0,0,4,5,2018,2,22.0,3.0,0,1.0,3,1,3,  ,2,3.0,0,0,1,0,0,0,0,0,0,0,0,0,0,0,0,0,0
22961,2018057541,1127.0,1126.0,48,48101,40.6447,-75.3363,0,0,0,0,0,1,4,5,2018,2,11.0,1.0,0,1.0,3,1,3,  ,3,3.0,0,0,1,0,0,0,0,0,0,0,0,0,0,0,0,0,0
22962,2018057572,1538.0,1538.0,67,67301,39.9689,-75.1344,0,0,0,0,0,1,5,5,2018,2,15.0,1.0,0,1.0,3,1,3,  ,2,3.0,0,0,0,0,0,0,0,0,0,0,0,0,0,0,0,0,0
22963,2018057580,2100.0,2100.0,67,67301,39.9773,-75.1581,0,0,1,0,0,0,4,5,2018,4,14.0,1.0,0,1.0,3,1,3,  ,2,3.0,0,0,1,0,1,0,0,0,0,0,0,0,0,0,0,0,0
22964,2018057635,1417.0,1417.0,67,67301,40.0026,-75.1244,0,0,0,0,0,1,4,5,2018,1,14.0,1.0,0,1.0,3,1,3,  ,2,3.0,0,0,1,0,0,0,0,0,0,0,0,0,0,0,0,0,0
22965,2018057662,325.0,314.0,67,67301,40.0211,-75.1486,0,0,0,0,0,0,4,5,2018,1,2.0,3.0,7,1.0,3,0,3,  ,0,0.0,0,0,1,0,0,0,0,0,0,0,0,0,0,0,0,0,0
22966,2018057673,2240.0,2222.0,67,67301,40.0187,-75.0493,0,0,0,0,0,1,1,5,2018,6,22.0,3.0,0,1.0,3,0,3,  ,0,0.0,0,0,0,0,0,0,0,0,0,0,0,0,0,0,0,1,0
22967,2018057718,600.0,530.0,2,2301,40.4688,-79.9275,0,0,0,0,1,0,4,5,2018,3,5.0,3.0,0,98.0,3,2,99,  ,2,3.0,1,0,1,0,0,0,0,0,0,0,0,0,0,0,0,0,0
22968,2018057721,1550.0,1540.0,38,38301,40.35,-76.4264,0,0,0,0,0,0,4,5,2018,3,15.0,1.0,0,1.0,2,0,3,  ,0,0.0,0,0,1,0,0,0,0,0,0,0,0,0,0,0,0,1,0
22969,2018057727,1815.0,1813.0,25,25302,42.1241,-80.0429,0,0,0,0,1,0,4,5,2018,3,18.0,1.0,0,1.0,3,2,3,  ,2,3.0,1,0,1,0,0,0,0,0,0,0,0,0,0,0,0,1,0
22970,2018057918,647.0,642.0,46,46203,40.2823,-75.3292,0,0,0,0,1,0,4,5,2018,4,6.0,1.0,0,1.0,1,1,3,  ,3,3.0,1,0,1,0,0,0,0,0,0,0,0,0,0,0,0,0,0
22971,2018057975,1058.0,1050.0,6,6301,40.3416,-75.9297,0,0,0,0,0,0,8,5,2018,4,10.0,1.0,0,1.0,3,1,3,  ,2,3.0,0,0,0,0,0,0,0,0,0,0,0,0,0,0,0,0,0
22972,2018058046,1113.0,1108.0,41,41219,41.2561,-76.97,0,0,0,0,1,0,4,5,2018,4,11.0,1.0,0,1.0,1,2,3,  ,3,3.0,0,0,1,0,0,0,0,0,0,0,0,0,0,0,0,1,0
22973,2018058135,1612.0,1609.0,67,67301,40.008,-75.1411,0,0,0,0,0,1,1,5,2018,3,16.0,1.0,0,1.0,3,2,3,  ,0,0.0,0,0,0,0,0,0,0,0,0,0,0,0,0,0,0,1,0
22974,2018058180,1425.0,1422.0,67,67301,39.9646,-75.1793,0,0,0,0,0,0,5,5,2018,6,14.0,1.0,6,1.0,3,0,3,  ,0,0.0,0,0,0,0,0,0,0,0,0,0,0,0,0,0,0,0,0
22975,2018058189,1554.0,1550.0,67,67301,39.9156,-75.176,0,0,0,0,0,0,4,5,2018,2,15.0,1.0,0,1.0,3,1,3,  ,3,3.0,0,0,1,0,0,0,0,0,0,0,0,0,0,0,0,0,0
22976,2018058220,1810.0,1757.0,9,9101,40.133,-74.8303,0,0,0,0,0,0,6,5,2018,4,17.0,1.0,0,1.0,3,0,3,  ,0,0.0,0,0,0,0,0,0,0,0,0,0,0,0,0,0,0,0,0
22977,2018058252,1726.0,1713.0,21,21401,40.2431,-76.9355,0,0,0,0,0,0,4,5,2018,4,16.0,1.0,0,9.0,3,1,3,  ,0,0.0,1,0,1,0,0,0,0,0,0,0,1,0,0,1,0,0,0
22978,2018058600,830.0,827.0,67,67301,39.9762,-75.2093,0,0,0,0,1,0,4,5,2018,4,8.0,1.0,0,9.0,3,2,7,  ,2,3.0,1,0,1,0,0,0,0,0,0,0,0,0,0,0,0,0,0
22979,2018058667,812.0,804.0,15,15414,39.9621,-75.6028,0,0,0,0,0,1,4,5,2018,4,8.0,1.0,0,1.0,3,0,3,  ,0,0.0,0,0,1,0,0,0,0,0,0,0,0,0,0,0,0,0,0
22980,2018058670,2006.0,2006.0,46,46104,40.0017,-75.2777,0,1,0,0,0,0,4,5,2018,6,20.0,1.0,0,1.0,3,3,3,  ,2,3.0,0,0,1,0,0,0,0,0,0,0,0,0,0,0,0,0,0
22981,2018058696,1825.0,1823.0,6,6301,40.3475,-75.9265,0,0,0,0,0,0,4,5,2018,5,18.0,1.0,0,1.0,3,1,3,  ,3,3.0,0,0,1,0,0,0,0,0,0,0,0,0,0,0,0,0,0
22982,2018058699,2038.0,2032.0,67,67301,40.0471,-75.0048,0,0,0,0,0,1,5,5,2018,2,20.0,3.0,0,1.0,3,1,3,  ,2,3.0,0,0,0,0,0,1,0,0,0,0,0,0,0,0,0,0,0
22983,2018059095,1901.0,1857.0,67,67301,40.0626,-75.061,0,0,0,0,0,0,8,4,2018,2,18.0,1.0,0,1.0,3,1,3,  ,3,3.0,0,0,0,0,0,0,0,0,0,0,0,0,0,0,0,0,0
22984,2018059116,2004.0,2003.0,67,67301,39.9871,-75.1744,0,0,0,0,0,0,4,5,2018,2,20.0,1.0,0,1.0,3,0,3,  ,0,0.0,0,0,1,0,0,0,0,0,0,0,0,0,0,0,0,0,0
22985,2018059123,1605.0,1552.0,67,67301,39.969,-75.217,0,0,0,0,0,0,1,5,2018,7,15.0,1.0,0,9.0,3,0,7,  ,0,0.0,0,0,0,0,0,0,0,0,0,0,0,0,0,0,0,0,0
22986,2018059292,2229.0,2229.0,25,25302,42.1344,-80.0651,0,0,0,0,0,0,7,5,2018,3,22.0,3.0,0,1.0,3,1,3,  ,2,3.0,0,0,0,0,0,0,0,0,0,0,0,0,0,0,0,0,1
22987,2018059401,1605.0,1602.0,2,2433,40.3308,-79.892,0,1,0,0,1,0,4,5,2018,6,16.0,1.0,0,1.0,3,1,3,  ,0,0.0,0,0,1,0,0,0,0,0,0,0,0,0,0,0,0,0,0
22988,2018059545,1202.0,1200.0,26,26411,,,0,0,0,0,1,0,4,5,2018,2,11.0,1.0,7,1.0,1,0,3,  ,0,0.0,1,0,1,0,0,0,0,0,0,0,0,0,0,0,0,0,0
22989,2018059646,1535.0,1531.0,25,25213,42.0778,-80.1937,1,0,0,0,1,0,2,6,2018,1,15.0,1.0,0,1.0,3,0,3,  ,0,0.0,0,0,0,0,0,0,0,0,0,0,0,0,0,0,0,0,0
22990,2018059828,801.0,757.0,66,66217,39.9838,-76.735,0,0,0,0,0,0,4,5,2018,6,7.0,1.0,0,1.0,3,1,3,  ,2,3.0,1,0,1,0,0,0,0,0,0,0,0,1,0,0,0,1,0
22991,2018060049,1553.0,1553.0,2,2303,40.3701,-79.8457,0,0,0,0,0,0,4,6,2018,2,15.0,1.0,0,1.0,3,1,3,  ,3,3.0,0,0,1,0,0,0,0,0,0,0,0,0,0,0,0,0,0
22992,2018060081,2237.0,2235.0,6,6301,40.3383,-75.9346,0,0,0,0,0,1,5,6,2018,2,22.0,3.0,0,1.0,3,0,3,  ,0,0.0,0,0,0,0,0,0,0,0,0,0,0,0,0,0,0,0,0
22993,2018060214,635.0,631.0,46,46406,40.411,-75.5063,0,0,0,0,0,0,4,6,2018,3,6.0,1.0,0,1.0,1,1,3,  ,2,3.0,0,0,1,0,0,0,0,0,0,0,0,0,0,0,0,0,0
22994,2018060661,1741.0,1734.0,66,66420,39.7375,-76.7033,0,0,0,0,0,0,4,5,2018,5,17.0,1.0,0,1.0,1,2,3,  ,3,3.0,0,0,1,0,0,0,0,0,0,0,0,0,0,0,0,0,0
22995,2018060810,1845.0,1841.0,2,2449,40.4023,-79.8417,0,0,1,0,0,0,2,6,2018,4,17.0,1.0,0,1.0,3,2,3,  ,0,0.0,0,0,0,0,1,0,0,0,0,0,0,0,0,0,0,0,0
22996,2018060906,1835.0,1831.0,21,21412,40.2515,-76.8937,0,0,0,0,0,0,4,6,2018,4,18.0,1.0,7,1.0,3,0,3,  ,0,0.0,0,0,1,0,0,0,0,0,0,0,0,0,0,0,0,0,0
22997,2018061057,1354.0,1350.0,46,46225,40.144,-75.2739,0,1,0,0,0,1,5,6,2018,5,13.0,1.0,0,1.0,3,10,3,  ,0,0.0,1,0,0,0,0,0,0,0,0,0,0,0,0,0,0,0,0
22998,2018061282,819.0,814.0,2,2212,40.6676,-80.1097,0,1,0,0,0,0,4,6,2018,5,8.0,1.0,7,1.0,3,0,3,  ,0,0.0,1,0,1,0,0,0,0,0,0,0,0,0,0,0,0,0,0
22999,2018061302,1243.0,1241.0,23,23412,39.9362,-75.2718,0,1,0,0,0,0,4,6,2018,6,12.0,1.0,0,1.0,3,2,3,  ,3,3.0,1,0,1,0,0,0,0,0,0,0,0,0,0,0,0,0,0
23000,2018061374,2100.0,2044.0,39,39302,40.6178,-75.3845,0,0,0,0,0,1,4,6,2018,6,19.0,4.0,0,1.0,3,1,3,  ,3,3.0,1,0,1,0,0,0,0,0,0,0,0,0,0,0,0,0,0
23001,2018061376,1301.0,1254.0,48,48301,40.6105,-75.3771,0,0,0,0,0,0,4,6,2018,4,10.0,1.0,0,1.0,3,1,3,  ,3,3.0,0,0,1,0,0,0,0,0,0,0,0,0,0,0,0,0,0
23002,2018061665,2221.0,2218.0,40,40414,41.27,-75.8805,0,0,0,0,1,0,2,6,2018,5,22.0,3.0,0,1.0,3,2,3,  ,0,0.0,0,0,0,0,0,0,0,0,0,0,0,0,0,0,0,0,0
23003,2018061721,1823.0,1821.0,32,32214,40.7021,-78.9165,0,0,0,0,0,0,5,6,2018,6,16.0,1.0,0,1.0,1,0,3,  ,0,0.0,0,0,0,0,0,0,0,0,0,0,0,0,0,0,0,0,0
23004,2018061736,1551.0,1548.0,20,20402,41.8062,-80.0549,0,0,0,0,0,0,4,6,2018,4,15.0,1.0,0,1.0,1,1,3,  ,2,3.0,1,0,1,0,0,0,0,0,0,0,1,0,0,0,0,1,0
23005,2018061766,1248.0,1247.0,53,53301,40.6863,-76.2045,0,0,0,0,0,0,4,6,2018,3,12.0,1.0,0,1.0,2,1,3,  ,0,0.0,0,0,1,0,0,0,0,0,0,0,0,0,0,0,0,0,0
23006,2018061813,1656.0,1655.0,40,40414,41.2745,-75.8834,0,0,0,0,0,1,4,6,2018,7,16.0,1.0,0,1.0,3,1,3,  ,2,3.0,0,0,1,0,0,0,0,0,0,0,0,0,0,0,0,0,1
23007,2018062236,2245.0,2230.0,2,2301,40.4632,-79.8993,0,0,0,0,0,0,8,6,2018,1,18.0,3.0,0,9.0,3,2,7,  ,3,3.0,0,0,0,0,0,0,0,0,0,0,0,0,0,0,0,0,0