,CRN,ARRIVAL_TM,DISPATCH_TM,COUNTY,MUNICIPALITY,DEC_LAT,DEC_LONG,BICYCLE_DEATH_COUNT,BICYCLE_SUSP_SERIOUS_INJ_COUNT,BUS_COUNT,HEAVY_TRUCK_COUNT,SMALL_TRUCK_COUNT,SUV_COUNT,COLLISION_TYPE,CRASH_MONTH,CRASH_YEAR,DAY_OF_WEEK,HOUR_OF_DAY,ILLUMINATION,LOCATION_TYPE,ROAD_CONDITION,URBAN_RURAL,INTERSECT_TYPE,WEATHER1,WEATHER2,TCD_TYPE,TCD_FUNC_CD,AGGRESSIVE_DRIVING,ALCOHOL_RELATED,ANGLE_CRASH,CELL_PHONE,COMM_VEHICLE,DISTRACTED,DRINKING_DRIVER,DRUGGED_DRIVER,FATIGUE_ASLEEP,IMPAIRED_DRIVER,NHTSA_AGG_DRIVING,RUNNING_RED_LT,RUNNING_STOP_SIGN,SPEEDING_RELATED,TAILGATING,MATURE_DRIVER,YOUNG_DRIVER
23008,2018062487,1434.0,1431.0,39,39404,40.6726,-75.4919,0,0,0,0,0,0,9,6,2018,2,14.0,1.0,0,1.0,3,2,3,  ,0,0.0,0,0,0,0,0,0,0,0,0,0,0,0,0,0,0,1,0
23009,2018062490,2243.0,2239.0,2,2302,40.3097,-79.8915,0,1,0,0,1,0,4,6,2018,5,22.0,2.0,7,1.0,3,0,3,  ,0,0.0,0,1,1,0,0,0,0,0,0,0,0,0,0,0,0,0,0
23010,2018062539,1038.0,1034.0,25,25302,42.1283,-80.068,0,0,0,0,0,1,4,6,2018,3,10.0,1.0,0,1.0,3,1,3,  ,2,3.0,0,0,1,0,0,0,0,0,0,0,0,0,0,0,0,0,0
23011,2018062745,1958.0,1955.0,67,67301,39.9832,-75.1568,0,0,0,0,0,1,4,6,2018,3,19.0,1.0,0,1.0,3,1,3,  ,2,3.0,0,0,1,0,0,0,0,0,0,0,0,0,0,0,0,0,0
23012,2018062757,1917.0,1915.0,15,15408,39.9607,-75.8011,0,0,0,0,0,0,4,6,2018,3,19.0,1.0,0,1.0,3,0,3,  ,0,0.0,0,0,1,0,0,0,0,0,0,0,0,0,0,0,0,0,0
23013,2018062812,1854.0,1843.0,38,38407,40.3623,-76.2608,0,0,0,0,0,1,4,6,2018,7,18.0,1.0,0,1.0,1,0,3,  ,0,0.0,0,0,1,0,0,1,0,0,0,0,0,0,0,0,0,1,0
23014,2018063044,1422.0,1417.0,40,40101,41.2311,-75.9165,0,0,0,0,0,0,4,6,2018,2,14.0,1.0,0,1.0,3,0,3,  ,0,0.0,0,0,1,0,0,0,0,0,0,0,0,0,0,0,0,0,1
23015,2018063401,1013.0,1010.0,15,15238,40.0857,-75.6804,0,1,0,0,0,0,4,6,2018,5,10.0,1.0,0,1.0,1,1,3,  ,3,3.0,0,0,1,0,0,0,0,0,0,0,0,0,0,0,0,0,0
23016,2018063589,1919.0,1917.0,40,40304,41.2339,-75.9064,1,0,0,0,0,0,4,6,2018,5,19.0,1.0,0,1.0,3,1,3,  ,0,0.0,0,0,1,0,0,0,0,0,0,0,0,0,0,0,0,0,0
23017,2018063759,952.0,946.0,2,2301,40.4287,-79.965,0,0,0,0,0,0,4,6,2018,6,9.0,1.0,0,1.0,3,0,3,  ,0,0.0,0,0,1,0,0,0,0,0,0,0,0,0,0,0,0,1,0
23018,2018063842,1123.0,1121.0,14,14410,40.798,-77.8569,0,1,0,0,1,0,4,6,2018,6,11.0,1.0,7,1.0,3,2,3,  ,2,3.0,0,0,1,0,0,0,0,0,0,0,0,0,0,0,0,0,0
23019,2018063905,1927.0,1923.0,67,67301,40.0352,-75.0784,0,0,0,0,0,1,4,5,2018,2,19.0,1.0,0,1.0,3,1,3,  ,0,0.0,1,0,1,0,0,0,0,0,0,0,0,0,0,0,0,0,0
23020,2018063931,2140.0,2130.0,67,67301,40.0235,-75.1334,0,0,0,0,0,0,4,5,2018,5,21.0,3.0,0,1.0,3,1,3,  ,2,3.0,0,0,1,0,0,0,0,0,0,0,0,0,0,0,0,0,0
23021,2018063934,1230.0,1225.0,67,67301,39.9257,-75.1688,0,0,0,0,0,0,4,5,2018,2,12.0,1.0,0,1.0,3,0,3,  ,0,0.0,0,0,1,0,0,0,0,0,0,0,0,0,0,0,0,0,0
23022,2018063945,1747.0,1741.0,67,67301,40.0296,-75.1291,0,0,0,0,0,0,4,5,2018,2,17.0,1.0,0,1.0,3,0,3,  ,0,0.0,1,0,1,0,0,0,0,0,0,0,0,0,0,0,1,0,0
23023,2018063987,2257.0,2257.0,67,67301,40.0124,-75.1316,0,0,0,0,0,0,6,5,2018,6,21.0,3.0,0,1.0,3,0,3,  ,0,0.0,0,0,0,0,0,0,0,0,0,0,0,0,0,0,0,0,0
23024,2018063989,2210.0,2208.0,67,67301,39.9285,-75.1822,0,0,0,0,0,0,4,5,2018,6,20.0,4.0,0,1.0,3,1,3,  ,2,3.0,0,0,1,0,0,0,0,0,0,0,0,0,0,0,0,0,0
23025,2018063992,1940.0,1930.0,67,67301,39.9937,-75.1523,0,0,0,0,0,1,4,5,2018,3,19.0,1.0,0,1.0,3,1,3,  ,2,3.0,0,0,1,0,0,0,0,0,0,0,0,0,0,0,0,0,0
23026,2018064005,1631.0,1624.0,67,67301,39.9447,-75.2367,0,0,0,0,0,0,4,5,2018,1,16.0,1.0,0,1.0,3,1,3,  ,3,3.0,0,0,1,0,0,0,0,0,0,0,0,0,0,0,0,0,0
23027,2018064121,1133.0,1129.0,6,6102,40.404,-75.9278,0,1,0,0,0,0,4,6,2018,6,11.0,1.0,7,1.0,3,0,3,  ,0,0.0,0,0,1,0,0,0,0,0,0,0,0,0,0,0,0,0,0
23028,2018064157,1429.0,1422.0,67,67301,40.0775,-75.0438,0,0,0,0,0,0,4,6,2018,3,14.0,1.0,0,1.0,3,2,3,  ,2,3.0,0,0,1,0,0,0,0,0,0,0,0,0,0,0,0,0,0
23029,2018064264,1417.0,1414.0,9,9415,40.4491,-75.3305,0,0,0,0,0,0,2,6,2018,7,14.0,1.0,0,1.0,2,2,3,  ,3,3.0,0,0,0,0,0,1,0,0,0,0,0,0,0,0,0,0,0
23030,2018064388,1639.0,1635.0,36,36408,40.1784,-76.1769,0,0,0,0,0,0,4,6,2018,6,16.0,1.0,0,1.0,2,0,3,  ,0,0.0,0,0,1,0,0,0,0,0,0,0,0,0,0,0,0,0,0
23031,2018064391,1920.0,1915.0,11,11301,40.2952,-78.9133,0,0,0,0,0,1,1,6,2018,7,19.0,1.0,0,1.0,3,1,3,  ,0,0.0,0,0,0,0,0,0,0,0,0,0,0,0,0,0,0,0,1
23032,2018064842,1526.0,1523.0,49,49221,40.9665,-76.8597,0,0,0,0,1,0,9,6,2018,7,15.0,1.0,0,1.0,1,0,3,  ,0,0.0,0,0,0,0,0,0,0,0,0,0,0,0,0,0,0,0,0
23033,2018065013,1427.0,1419.0,43,43201,41.272,-80.2391,0,0,0,0,1,0,4,6,2018,5,14.0,1.0,0,1.0,1,0,3,  ,0,0.0,0,0,1,0,0,0,0,0,0,0,0,0,0,0,0,0,0
23034,2018065059,2037.0,1949.0,44,44204,40.6928,-77.4244,0,1,0,0,1,0,4,6,2018,7,19.0,1.0,0,1.0,1,3,3,  ,9,9.0,0,0,1,0,0,0,0,0,0,0,0,0,0,0,0,0,0
23035,2018065092,803.0,802.0,48,48301,40.6125,-75.3664,0,0,0,0,0,1,4,6,2018,2,8.0,1.0,0,1.0,3,2,3,  ,2,3.0,0,0,1,0,0,0,0,0,0,0,0,0,0,0,0,0,0
23036,2018065100,1452.0,1448.0,36,36301,40.0484,-76.294,0,0,0,0,0,0,4,6,2018,6,14.0,1.0,0,1.0,3,0,3,  ,0,0.0,0,0,1,0,0,1,0,0,0,0,0,0,0,0,0,0,0
23037,2018065272,1645.0,1629.0,22,22216,40.5467,-76.9597,0,0,0,0,0,0,4,6,2018,1,16.0,1.0,0,1.0,1,1,3,  ,3,3.0,0,0,1,0,0,0,0,0,0,0,0,0,0,0,0,1,0
23038,2018065476,1444.0,1434.0,9,9205,40.3226,-75.1447,0,0,0,0,0,0,5,6,2018,6,13.0,1.0,0,1.0,3,0,3,  ,0,0.0,1,0,0,0,0,0,0,0,0,0,0,0,0,0,0,0,0
23039,2018065529,1406.0,1402.0,7,7301,40.5156,-78.4084,0,0,0,0,1,0,4,6,2018,6,14.0,1.0,0,1.0,3,2,3,  ,3,3.0,0,0,1,0,0,0,0,0,0,0,0,0,0,0,0,0,0
23040,2018065656,1242.0,1238.0,67,67301,39.9542,-75.2026,0,0,0,0,0,0,2,6,2018,4,12.0,1.0,0,1.0,3,0,3,  ,0,0.0,0,0,0,0,0,0,0,0,0,0,0,0,0,0,0,1,0
23041,2018065686,1510.0,1503.0,67,67301,39.9173,-75.1642,1,0,0,0,0,0,4,5,2018,6,15.0,1.0,0,1.0,3,1,3,  ,3,3.0,1,0,1,0,0,0,0,0,0,0,0,0,1,0,0,0,0
23042,2018065739,2030.0,2030.0,67,67301,39.9543,-75.2281,0,0,0,0,0,1,4,5,2018,4,20.0,3.0,0,1.0,3,1,3,  ,3,3.0,0,0,1,0,0,0,0,0,0,0,0,0,0,0,0,0,0
23043,2018065740,2138.0,2137.0,67,67301,39.9876,-75.1419,0,0,0,0,0,0,4,6,2018,6,21.0,3.0,0,1.0,3,1,3,  ,3,3.0,0,0,1,0,0,0,0,0,1,0,0,0,0,0,0,0,0
23044,2018065763,1333.0,1329.0,67,67301,40.0228,-75.0745,0,0,0,0,0,0,4,5,2018,5,13.0,1.0,0,1.0,3,2,3,  ,0,0.0,0,0,1,0,0,0,0,0,0,0,0,0,0,0,0,0,0
23045,2018065779,610.0,604.0,67,67301,39.9634,-75.18,0,0,0,0,0,0,4,5,2018,3,6.0,1.0,0,1.0,3,0,3,  ,0,0.0,0,0,1,0,0,0,0,0,0,0,0,0,0,0,0,0,0
23046,2018065949,1528.0,1521.0,22,22202,40.2675,-76.6478,0,0,0,0,1,0,1,5,2018,4,15.0,1.0,0,1.0,3,0,3,  ,0,0.0,1,0,0,0,0,0,0,0,0,0,0,0,0,0,0,1,0
23047,2018066187,2137.0,2136.0,67,67301,39.9414,-75.1622,0,0,0,0,0,1,4,6,2018,1,21.0,3.0,0,9.0,3,1,7,  ,3,3.0,1,1,1,0,0,0,0,0,0,0,0,0,1,0,0,0,0
23048,2018066202,1815.0,1800.0,67,67301,40.064,-75.0596,0,0,0,0,0,0,4,6,2018,6,14.0,1.0,0,1.0,3,1,3,  ,2,3.0,0,0,1,0,0,0,0,0,0,0,0,0,0,0,0,0,0
23049,2018066207,903.0,857.0,36,36101,40.0707,-76.265,0,0,0,0,1,0,9,6,2018,7,8.0,1.0,0,1.0,3,0,3,  ,0,0.0,0,0,0,0,0,0,0,0,0,0,0,0,0,0,0,0,0
23050,2018066229,850.0,847.0,36,36234,40.0758,-76.1091,0,1,0,0,0,1,4,6,2018,7,8.0,1.0,0,1.0,1,1,3,  ,3,3.0,0,0,1,0,0,0,0,0,0,0,0,0,0,0,0,0,0
23051,2018066365,1922.0,1918.0,39,39302,40.6227,-75.4032,0,0,0,0,0,0,1,6,2018,2,19.0,1.0,0,1.0,3,1,3,  ,0,0.0,1,0,0,0,0,0,0,0,0,0,0,0,0,1,0,0,0
23052,2018066392,1933.0,1933.0,48,48302,40.6911,-75.2112,0,0,0,0,0,0,4,6,2018,7,19.0,1.0,0,1.0,3,1,3,  ,2,3.0,0,0,1,0,0,0,0,0,0,0,0,0,0,0,0,0,0
23053,2018066593,1707.0,1700.0,2,2102,40.3981,-80.1401,0,0,0,0,0,0,5,6,2018,6,16.0,1.0,0,1.0,3,1,3,  ,0,0.0,0,0,0,0,0,0,0,0,0,0,0,0,0,0,0,0,0
23054,2018066804,1856.0,1855.0,66,66227,39.9802,-76.6573,0,0,0,0,1,0,8,6,2018,5,17.0,1.0,7,1.0,3,0,3,  ,0,0.0,1,0,0,0,0,0,0,0,0,0,0,0,0,0,0,0,0
23055,2018066832,1750.0,1747.0,67,67301,39.9416,-75.1793,0,0,0,0,0,1,4,6,2018,4,17.0,1.0,0,1.0,3,1,3,  ,2,3.0,0,0,1,0,0,0,0,0,0,0,0,0,0,0,0,0,0
23056,2018067057,1725.0,1721.0,23,23301,39.843,-75.4019,0,0,0,0,0,0,4,4,2018,2,17.0,1.0,0,1.0,3,0,3,  ,0,0.0,0,0,1,0,0,0,0,0,0,0,0,0,0,0,0,0,0
23057,2018067361,1203.0,1202.0,39,39102,40.6166,-75.4785,0,0,0,0,0,0,4,6,2018,4,12.0,1.0,0,1.0,3,1,3,  ,2,3.0,1,0,1,0,0,0,0,0,0,0,0,0,0,0,0,0,0
23058,2018067414,1728.0,1700.0,67,67301,39.9996,-75.0992,0,0,0,0,0,0,4,5,2018,5,16.0,1.0,0,1.0,3,0,3,  ,0,0.0,0,0,1,0,0,0,0,0,0,0,0,0,0,0,0,0,0
23059,2018067425,327.0,324.0,67,67301,39.9781,-75.1646,0,0,0,0,0,0,4,6,2018,7,3.0,3.0,0,1.0,3,1,3,  ,2,3.0,0,0,1,0,0,0,0,0,0,0,0,0,0,0,0,0,0
23060,2018067455,835.0,834.0,67,67301,40.0203,-75.1715,0,0,0,0,0,1,4,6,2018,4,99.0,1.0,0,1.0,3,2,3,  ,3,3.0,0,0,1,0,0,0,0,0,0,0,0,0,0,0,0,0,0
23061,2018067464,1221.0,1221.0,67,67301,39.9204,-75.1603,0,0,0,0,0,1,8,6,2018,4,12.0,1.0,0,1.0,3,1,3,  ,3,3.0,1,0,0,0,0,0,0,0,0,0,0,0,0,0,0,0,0
23062,2018067473,2155.0,2122.0,67,67301,39.9459,-75.1837,0,0,0,0,0,0,4,6,2018,2,21.0,3.0,0,1.0,3,1,3,  ,0,0.0,0,0,1,0,0,0,0,0,0,0,0,0,0,0,0,0,0
23063,2018067598,1318.0,1316.0,46,46211,40.2354,-75.2335,0,0,0,0,0,0,4,6,2018,7,13.0,1.0,0,1.0,1,1,3,  ,2,3.0,1,0,1,0,0,0,0,0,0,0,0,0,0,0,0,0,0
23064,2018067658,858.0,858.0,67,67301,40.0101,-75.1214,1,0,0,1,0,0,4,6,2018,6,8.0,1.0,0,1.0,3,1,3,  ,2,3.0,0,0,1,0,1,0,0,0,0,0,0,0,0,0,0,0,0
23065,2018067682,1809.0,1806.0,9,9211,40.2092,-74.8655,0,0,0,0,0,0,4,6,2018,3,18.0,1.0,0,1.0,3,2,3,  ,2,3.0,0,0,1,0,0,0,0,0,0,0,0,0,0,0,0,0,0
23066,2018067685,1135.0,1129.0,2,2301,40.4287,-79.9871,0,0,0,0,0,0,9,6,2018,3,11.0,1.0,0,1.0,3,1,3,  ,3,3.0,0,0,0,0,0,0,0,0,0,0,0,0,0,0,0,0,0
23067,2018067809,515.0,506.0,67,67301,39.9544,-75.2047,0,0,0,0,0,0,5,6,2018,7,5.0,3.0,0,1.0,3,0,3,  ,0,0.0,0,0,0,0,0,0,0,0,0,0,0,0,0,0,0,0,0
23068,2018067815,1555.0,1541.0,67,67301,40.0123,-75.1386,0,0,0,0,0,0,4,6,2018,5,15.0,1.0,0,1.0,3,1,3,  ,3,3.0,0,0,1,0,0,0,0,0,0,0,0,0,0,0,0,0,0
23069,2018067818,1833.0,1829.0,67,67301,39.9319,-75.1793,0,0,0,0,0,0,4,6,2018,7,18.0,1.0,0,1.0,3,2,3,  ,0,0.0,0,0,1,0,0,0,0,0,0,0,0,0,0,0,0,0,0
23070,2018068332,1639.0,1634.0,67,67301,39.9244,-75.1696,0,0,0,0,0,1,4,6,2018,3,16.0,1.0,0,1.0,3,1,3,  ,2,3.0,0,0,1,0,0,0,0,0,0,0,0,0,0,0,0,0,1
23071,2018068379,1715.0,1715.0,21,21101,40.2962,-76.9373,0,0,0,0,0,0,4,6,2018,4,17.0,1.0,0,1.0,3,2,3,  ,3,3.0,0,0,1,0,0,0,0,0,0,0,0,0,0,0,0,0,0
23072,2018068383,1251.0,1249.0,40,40101,41.2354,-75.9268,0,0,0,0,0,0,4,6,2018,3,12.0,1.0,0,1.0,3,1,3,  ,2,3.0,0,1,1,0,0,0,0,0,0,0,0,0,0,0,0,0,0
23073,2018068598,2228.0,2222.0,35,35302,41.3963,-75.6695,0,0,0,0,0,0,2,6,2018,5,21.0,3.0,0,1.0,3,1,3,  ,0,0.0,0,0,0,0,0,0,0,0,0,0,0,0,0,0,0,0,0
23074,2018068713,2305.0,2258.0,17,17223,41.0232,-78.4158,0,0,0,0,0,0,4,6,2018,3,22.0,3.0,0,1.0,1,0,3,  ,0,0.0,0,0,1,0,0,1,0,0,0,0,0,0,0,0,0,0,0
23075,2018069155,1624.0,1623.0,61,61301,41.8402,-79.1376,0,0,0,0,0,0,5,5,2018,2,16.0,1.0,0,1.0,2,0,3,  ,0,0.0,0,0,0,0,0,0,0,0,0,0,0,0,0,0,0,0,0
23076,2018069491,1947.0,1945.0,66,66301,39.9575,-76.7431,0,1,0,0,0,0,8,7,2018,1,19.0,1.0,0,1.0,3,0,3,  ,0,0.0,0,0,0,0,0,1,0,0,0,0,0,0,0,0,0,0,0
23077,2018069533,1653.0,1651.0,66,66301,39.9531,-76.7323,1,0,0,0,0,0,7,6,2018,5,16.0,1.0,0,1.0,3,2,3,  ,3,3.0,0,0,0,0,0,0,0,0,0,0,0,0,0,0,0,0,0
23078,2018069601,904.0,858.0,9,9204,40.2934,-75.0905,0,0,0,0,0,0,5,6,2018,7,8.0,1.0,0,1.0,1,0,3,  ,0,0.0,0,0,0,0,0,0,0,0,0,0,0,0,0,0,0,0,0
23079,2018069992,1017.0,1014.0,66,66207,40.0761,-76.7088,0,0,0,0,0,0,4,7,2018,2,10.0,1.0,7,1.0,1,0,3,  ,0,0.0,0,0,1,0,0,0,0,0,0,0,0,0,0,0,0,0,0
23080,2018069997,952.0,952.0,11,11421,40.4716,-78.8331,0,1,0,0,0,1,4,5,2018,4,9.0,1.0,0,1.0,1,2,3,  ,3,3.0,1,0,1,0,0,0,0,0,0,0,0,0,0,1,0,0,0
23081,2018070148,2247.0,2242.0,10,10212,40.6848,-80.1083,0,1,0,0,0,0,1,6,2018,1,22.0,2.0,3,1.0,3,0,3,  ,0,0.0,0,0,0,0,0,0,0,0,0,0,0,0,0,0,0,0,0
23082,2018070192,1926.0,1926.0,39,39301,40.6064,-75.4738,0,0,0,0,0,0,8,2,2018,2,19.0,3.0,0,1.0,3,0,3,  ,0,0.0,0,0,0,0,0,0,0,0,0,0,0,0,0,0,0,0,0
23083,2018070610,838.0,819.0,10,10209,40.7416,-79.8054,0,0,0,0,1,0,4,6,2018,5,8.0,1.0,0,1.0,1,0,3,  ,0,0.0,1,0,1,0,0,0,0,0,0,0,0,0,0,0,0,0,1
23084,2018070658,1855.0,1853.0,39,39102,40.6214,-75.4807,0,0,0,0,0,0,6,7,2018,3,18.0,1.0,0,1.0,3,1,3,  ,2,9.0,0,0,0,0,0,0,0,0,0,0,0,0,0,0,0,0,0
23085,2018070875,1003.0,958.0,2,2301,40.4257,-79.9499,0,0,0,0,0,1,4,7,2018,6,9.0,1.0,0,1.0,3,1,3,  ,0,0.0,0,0,1,0,0,0,0,0,0,0,0,0,0,0,0,0,0
23086,2018070909,1228.0,1223.0,6,6423,40.5002,-75.6999,0,0,0,0,1,0,4,6,2018,6,12.0,1.0,0,1.0,1,1,3,  ,2,3.0,1,0,1,0,0,0,0,1,0,1,0,0,0,0,0,0,1
23087,2018071208,1332.0,1331.0,14,14410,40.8001,-77.8696,0,1,0,0,0,0,4,7,2018,7,13.0,1.0,0,1.0,3,1,3,  ,2,3.0,0,0,1,0,0,0,0,0,0,0,0,0,0,0,0,1,0
23088,2018071291,17.0,13.0,64,64305,40.5569,-79.762,0,0,0,0,0,0,4,7,2018,1,0.0,3.0,0,1.0,3,1,3,  ,3,2.0,0,0,1,0,0,0,0,0,0,0,0,0,0,0,0,0,0
23089,2018071326,1140.0,1138.0,4,4203,40.7776,-80.3863,0,0,0,0,0,0,1,6,2018,2,11.0,1.0,0,1.0,1,0,3,  ,0,0.0,0,0,0,0,0,0,0,0,0,0,0,0,0,0,0,0,0
23090,2018071394,1548.0,1545.0,6,6301,40.337,-75.8939,0,0,0,0,0,1,2,7,2018,1,15.0,1.0,0,1.0,3,3,3,  ,0,0.0,1,0,0,0,0,0,0,0,0,0,0,0,0,0,0,0,0
23091,2018071526,1615.0,1610.0,15,15247,39.9654,-75.5917,0,1,0,0,0,0,8,7,2018,1,16.0,1.0,7,1.0,3,0,3,  ,0,0.0,0,0,0,0,0,0,0,0,0,0,0,0,0,0,0,0,0
23092,2018071535,809.0,807.0,6,6411,40.3882,-75.9178,0,0,0,0,0,0,2,7,2018,2,8.0,1.0,0,1.0,3,1,3,  ,0,0.0,0,0,0,0,0,0,0,0,0,0,0,0,0,0,0,0,0
23093,2018071537,2025.0,2023.0,23,23103,39.975,-75.3192,0,0,0,0,0,0,4,7,2018,1,20.0,1.0,0,1.0,3,1,3,  ,2,3.0,0,0,1,0,0,0,0,0,0,0,0,0,0,0,0,0,0
23094,2018071542,1056.0,1051.0,9,9211,40.2606,-74.8829,0,0,0,0,0,0,5,6,2018,4,10.0,1.0,0,1.0,3,0,3,  ,0,0.0,0,0,0,0,0,0,0,0,0,0,0,0,0,0,0,0,0
23095,2018071548,1115.0,1108.0,25,25302,42.1218,-80.0467,0,0,0,0,0,1,4,7,2018,4,6.0,1.0,0,98.0,3,1,99,  ,2,3.0,0,1,1,0,0,0,0,0,0,0,0,0,0,0,0,0,0
23096,2018071619,1718.0,1706.0,64,64204,40.4011,-79.2684,0,0,0,0,0,1,4,6,2018,5,16.0,1.0,0,1.0,1,2,3,  ,3,3.0,1,0,1,0,0,1,0,0,0,0,0,0,0,0,0,0,0
23097,2018071740,1835.0,1826.0,22,22208,40.2886,-76.7629,0,0,0,0,0,1,4,7,2018,2,18.0,1.0,0,1.0,3,1,3,  ,2,3.0,1,0,1,0,0,0,0,0,0,0,0,0,0,0,0,0,0
23098,2018071745,1428.0,1422.0,36,36215,40.0292,-76.1698,0,1,0,0,0,0,8,7,2018,2,14.0,1.0,0,1.0,1,0,3,  ,0,0.0,0,0,0,0,0,0,0,0,0,0,0,0,0,0,0,1,0
23099,2018071784,733.0,730.0,67,67301,39.9582,-75.1672,0,0,0,0,0,1,1,6,2018,5,7.0,1.0,3,1.0,3,1,3,  ,2,3.0,0,0,0,0,0,0,0,0,0,0,0,0,0,0,0,0,0
23100,2018071793,1620.0,1600.0,67,67301,39.9981,-75.1416,0,0,0,0,0,0,4,6,2018,3,11.0,1.0,0,1.0,3,0,3,  ,0,0.0,0,0,1,0,0,0,0,0,0,0,0,0,0,0,0,0,0
23101,2018071830,1836.0,1831.0,66,66301,39.9605,-76.7155,0,0,0,0,0,0,6,7,2018,2,17.0,1.0,0,1.0,3,0,3,  ,0,0.0,0,1,0,0,0,0,0,0,0,0,0,0,0,0,0,0,0
23102,2018071836,1550.0,1547.0,25,25213,42.0763,-80.2048,0,0,0,0,0,0,5,7,2018,2,15.0,1.0,0,1.0,3,0,3,  ,0,0.0,0,0,0,0,0,0,0,0,0,0,0,0,0,0,0,0,0
23103,2018071887,2126.0,2115.0,15,15248,39.9212,-75.8215,0,0,0,0,0,0,4,5,2018,4,21.0,2.0,0,1.0,1,0,3,  ,0,0.0,0,0,1,0,0,0,0,0,0,0,0,0,0,0,0,1,0
23104,2018072047,1838.0,1833.0,39,39102,40.6622,-75.4882,0,0,0,0,0,0,5,7,2018,7,18.0,1.0,0,1.0,3,1,3,  ,0,0.0,0,0,0,0,0,1,0,0,0,0,0,0,0,0,0,0,0
23105,2018072053,1429.0,1423.0,28,28215,39.7385,-77.5338,0,0,0,0,0,1,4,7,2018,1,14.0,1.0,0,1.0,2,0,3,  ,0,0.0,0,0,1,0,0,0,0,0,0,0,0,0,0,0,0,0,0
23106,2018072379,705.0,659.0,2,2301,40.4326,-79.9275,0,1,0,0,0,1,4,7,2018,4,6.0,5.0,0,1.0,3,1,3,  ,2,3.0,1,0,1,0,0,0,0,0,0,0,0,0,0,0,0,0,0
23107,2018072384,1944.0,1940.0,67,67301,39.9616,-75.1545,1,0,0,0,0,1,4,5,2018,7,19.0,3.0,0,9.0,3,1,7,  ,2,3.0,0,1,1,0,0,0,0,0,0,0,0,0,0,0,0,0,0
23108,2018072393,1715.0,1655.0,67,67301,40.0636,-75.0874,0,0,1,0,0,0,4,5,2018,2,99.0,1.0,0,1.0,3,2,3,  ,3,3.0,0,0,1,0,1,0,0,0,0,0,0,0,0,0,0,0,0
23109,2018072427,1814.0,1812.0,67,67301,39.9632,-75.1996,0,0,0,0,0,0,4,5,2018,1,18.0,1.0,0,9.0,3,1,7,  ,2,3.0,0,0,1,0,0,0,0,0,0,0,0,0,0,0,0,0,0
23110,2018072442,1913.0,1911.0,67,67301,40.0546,-75.125,0,0,0,0,0,0,4,6,2018,6,19.0,1.0,0,1.0,3,1,3,  ,2,3.0,0,0,1,0,0,0,0,0,0,0,0,0,0,0,0,0,0
23111,2018072467,40.0,2240.0,67,67301,39.9863,-75.1802,0,0,0,0,0,0,5,5,2018,5,22.0,3.0,0,1.0,3,1,3,  ,2,3.0,0,0,0,0,0,0,0,0,0,0,0,0,0,0,0,0,0
23112,2018072485,1550.0,1550.0,67,67301,39.9953,-75.1156,0,0,0,0,1,0,6,6,2018,1,15.0,1.0,0,1.0,3,0,3,  ,0,0.0,0,0,0,0,0,0,0,0,0,0,0,0,0,0,0,0,0
23113,2018072602,1246.0,1225.0,28,28213,40.0518,-77.5508,0,0,0,0,0,0,4,6,2018,3,12.0,1.0,0,1.0,1,0,3,  ,0,0.0,0,0,1,0,0,0,0,0,0,0,0,0,0,0,0,0,0
23114,2018072752,940.0,935.0,67,67301,39.9229,-75.1836,0,0,0,0,0,0,4,7,2018,4,9.0,1.0,0,1.0,3,1,3,  ,2,3.0,1,0,1,0,0,0,0,0,0,0,0,0,0,0,0,0,1
23115,2018072836,1735.0,1731.0,9,9205,40.322,-75.1307,0,0,0,0,0,0,4,7,2018,3,17.0,8.0,0,9.0,3,1,7,  ,2,3.0,1,0,1,0,0,0,0,0,0,0,0,0,0,0,0,0,1
23116,2018072938,1925.0,1912.0,15,15232,39.969,-75.8908,0,1,0,0,0,0,4,6,2018,6,19.0,1.0,0,1.0,1,2,3,  ,0,0.0,0,0,1,0,0,0,0,0,0,0,0,0,0,0,0,0,0
23117,2018072976,1555.0,1547.0,21,21219,40.2009,-77.3257,0,0,0,0,1,0,5,7,2018,3,15.0,1.0,0,1.0,1,1,3,  ,0,0.0,0,0,0,0,0,0,0,0,0,0,0,0,0,0,0,0,0
23118,2018072987,1228.0,1218.0,6,6301,40.3496,-75.944,0,0,0,0,0,0,4,7,2018,5,12.0,1.0,0,1.0,3,1,3,  ,3,3.0,0,0,1,0,0,0,0,0,0,0,0,0,0,0,0,0,0
23119,2018073035,1920.0,1913.0,41,41301,41.25,-76.99,0,0,0,0,0,1,4,7,2018,2,19.0,1.0,0,1.0,3,0,3,  ,0,0.0,0,0,1,0,0,0,0,0,0,0,0,0,0,0,0,0,0
23120,2018073075,2008.0,2005.0,25,25302,42.1206,-80.0696,0,0,0,0,0,0,8,7,2018,5,20.0,1.0,0,1.0,3,0,3,  ,0,0.0,0,0,0,0,0,0,0,0,0,0,0,0,0,0,0,0,0
23121,2018073195,1831.0,1830.0,39,39302,40.6354,-75.4232,0,0,0,0,0,0,4,7,2018,2,18.0,1.0,0,1.0,3,2,3,  ,2,3.0,0,0,1,0,0,0,0,0,0,0,0,0,0,0,0,0,0