,CRN,ARRIVAL_TM,DISPATCH_TM,COUNTY,MUNICIPALITY,DEC_LAT,DEC_LONG,BICYCLE_DEATH_COUNT,BICYCLE_SUSP_SERIOUS_INJ_COUNT,BUS_COUNT,HEAVY_TRUCK_COUNT,SMALL_TRUCK_COUNT,SUV_COUNT,COLLISION_TYPE,CRASH_MONTH,CRASH_YEAR,DAY_OF_WEEK,HOUR_OF_DAY,ILLUMINATION,LOCATION_TYPE,ROAD_CONDITION,URBAN_RURAL,INTERSECT_TYPE,WEATHER1,WEATHER2,TCD_TYPE,TCD_FUNC_CD,AGGRESSIVE_DRIVING,ALCOHOL_RELATED,ANGLE_CRASH,CELL_PHONE,COMM_VEHICLE,DISTRACTED,DRINKING_DRIVER,DRUGGED_DRIVER,FATIGUE_ASLEEP,IMPAIRED_DRIVER,NHTSA_AGG_DRIVING,RUNNING_RED_LT,RUNNING_STOP_SIGN,SPEEDING_RELATED,TAILGATING,MATURE_DRIVER,YOUNG_DRIVER
23122,2018073249,843.0,830.0,2,2301,40.4385,-79.9851,0,0,0,0,0,1,4,7,2018,6,8.0,1.0,0,1.0,3,1,3,  ,2,3.0,0,0,1,0,0,0,0,0,0,0,0,0,0,0,0,0,0
23123,2018073260,1046.0,1044.0,66,66301,39.9515,-76.7477,0,0,0,0,0,0,4,7,2018,6,10.0,1.0,0,1.0,3,1,3,  ,2,3.0,0,0,1,0,0,0,0,0,0,0,0,0,0,0,0,0,0
23124,2018073322,2015.0,2003.0,28,28201,39.777,-77.6658,0,1,0,0,1,0,8,6,2018,7,20.0,1.0,0,1.0,1,0,3,  ,0,0.0,0,0,0,0,0,0,0,0,0,0,0,0,0,0,0,0,0
23125,2018073358,1423.0,1416.0,15,15227,39.907,-75.7079,0,0,0,0,0,1,4,7,2018,5,14.0,1.0,0,1.0,1,0,3,  ,0,0.0,0,0,1,0,0,0,0,0,0,0,0,0,0,0,0,0,0
23126,2018073457,2115.0,2112.0,25,25302,42.1368,-80.0677,0,1,0,0,0,0,4,7,2018,6,21.0,3.0,0,1.0,3,0,3,  ,0,0.0,0,0,1,0,0,0,0,0,0,0,0,0,0,0,0,0,1
23127,2018073716,1854.0,1846.0,25,25302,42.1161,-80.0566,0,0,0,0,0,0,1,7,2018,7,18.0,1.0,0,1.0,3,0,3,  ,0,0.0,0,0,0,0,0,0,0,0,0,0,0,0,0,0,0,0,0
23128,2018073785,1737.0,1730.0,54,54210,40.7188,-77.0099,0,1,0,0,0,0,0,7,2018,7,17.0,1.0,0,1.0,1,0,3,  ,0,0.0,0,0,0,0,0,0,0,0,0,0,0,0,0,0,0,0,1
23129,2018073844,1043.0,1043.0,66,66217,39.9868,-76.7395,0,0,0,0,1,0,4,7,2018,2,10.0,1.0,0,1.0,3,1,3,  ,2,3.0,1,0,1,0,0,0,0,0,0,0,0,0,0,0,0,0,0
23130,2018073920,1408.0,1401.0,13,13208,40.8423,-75.7115,0,0,0,0,0,1,4,7,2018,1,14.0,1.0,0,1.0,2,0,3,  ,0,0.0,0,0,1,0,0,0,0,0,0,0,0,0,0,0,0,1,0
23131,2018074299,1230.0,1225.0,15,15411,40.1298,-75.5286,0,0,0,0,0,0,4,7,2018,2,12.0,1.0,0,1.0,3,2,3,  ,0,0.0,0,0,1,0,0,0,0,0,0,0,0,0,0,0,0,0,0
23132,2018074325,2024.0,2021.0,39,39302,40.618,-75.3992,0,0,0,0,0,0,4,7,2018,5,20.0,4.0,0,1.0,3,1,3,  ,3,3.0,0,0,1,0,0,0,0,0,0,0,0,0,0,0,0,0,0
23133,2018074495,1216.0,1211.0,2,2108,40.559,-80.0396,0,0,0,0,0,0,4,7,2018,3,12.0,1.0,0,1.0,3,1,3,  ,3,3.0,0,0,1,0,0,0,0,0,0,0,0,0,0,0,0,1,0
23134,2018074535,1125.0,1111.0,6,6223,40.3668,-76.2271,0,0,0,0,0,1,4,6,2018,6,11.0,1.0,0,1.0,1,0,3,  ,0,0.0,0,0,1,0,0,0,0,0,0,0,0,0,0,0,0,0,0
23135,2018074570,1255.0,1239.0,6,6301,40.3449,-75.9334,0,0,0,0,0,0,4,7,2018,3,12.0,1.0,0,1.0,3,0,3,  ,0,0.0,0,0,1,0,0,0,0,0,0,0,0,0,0,0,0,1,0
23136,2018074591,737.0,729.0,36,36233,39.9468,-76.2263,0,0,0,0,0,1,4,6,2018,5,7.0,1.0,0,9.0,1,2,3,  ,3,3.0,0,0,1,0,0,0,0,0,0,0,0,0,0,0,0,0,0
23137,2018074713,1800.0,1800.0,2,2301,40.4306,-80.0004,0,0,0,0,0,0,4,7,2018,3,18.0,1.0,0,1.0,3,1,3,  ,0,0.0,0,0,1,0,0,0,0,0,0,0,0,0,0,0,0,0,0
23138,2018074776,1003.0,941.0,46,46226,40.1791,-75.3353,0,0,0,0,0,0,4,7,2018,4,9.0,1.0,0,1.0,1,2,3,  ,0,0.0,1,0,1,0,0,0,0,0,0,0,0,0,0,0,0,0,0
23139,2018074871,1713.0,1711.0,9,9220,40.4645,-75.3562,0,0,0,0,1,0,6,7,2018,6,17.0,1.0,0,1.0,1,2,3,  ,3,3.0,0,0,0,0,0,0,0,0,0,0,0,0,0,0,0,1,0
23140,2018075137,2230.0,2221.0,46,46102,40.0575,-75.1257,0,0,0,0,0,1,8,7,2018,3,10.0,1.0,0,1.0,3,2,3,  ,0,0.0,0,0,0,0,0,0,0,0,0,0,0,0,0,0,0,0,0
23141,2018075154,1943.0,1941.0,44,44403,40.5959,-77.5837,0,0,0,0,0,1,4,7,2018,1,19.0,4.0,0,1.0,2,0,3,  ,0,0.0,0,0,1,0,0,0,0,0,0,0,0,0,0,0,0,0,0
23142,2018075347,1312.0,1312.0,53,53215,40.8981,-76.0033,1,0,0,0,0,0,5,7,2018,4,13.0,1.0,0,1.0,1,0,3,  ,0,0.0,0,0,0,0,0,0,0,0,0,0,0,0,0,0,0,0,0
23143,2018075596,1934.0,1924.0,36,36301,40.0247,-76.3202,0,1,0,0,0,0,4,7,2018,1,19.0,1.0,0,1.0,3,1,3,  ,3,3.0,0,0,1,0,0,0,0,0,0,0,0,0,0,0,0,1,0
23144,2018075771,2001.0,1958.0,15,15301,39.9812,-75.8312,0,0,0,0,0,0,4,6,2018,2,19.0,1.0,0,1.0,3,2,3,  ,2,3.0,0,0,1,0,0,0,0,0,0,0,0,0,0,0,0,0,0
23145,2018075780,1455.0,1453.0,36,36301,40.0406,-76.3111,0,0,0,0,0,1,5,7,2018,6,14.0,1.0,0,1.0,3,1,3,  ,2,3.0,1,0,0,0,0,0,0,0,0,0,0,0,0,0,0,0,0
23146,2018075837,1932.0,1929.0,39,39301,40.6016,-75.5136,0,0,0,0,1,0,5,7,2018,6,19.0,1.0,0,1.0,3,0,3,  ,0,0.0,0,0,0,0,0,0,0,0,0,0,0,0,0,0,0,0,0
23147,2018076288,1758.0,1756.0,4,4301,40.753,-80.318,0,1,0,0,0,1,4,7,2018,4,17.0,1.0,0,1.0,3,1,3,  ,3,3.0,0,0,1,0,0,0,0,0,0,0,0,0,0,0,0,0,0
23148,2018076297,1750.0,1745.0,36,36301,40.0505,-76.2934,0,0,0,0,0,0,4,7,2018,5,17.0,1.0,0,1.0,3,1,3,  ,3,3.0,0,0,1,0,0,0,0,0,0,0,0,0,0,0,0,0,0
23149,2018076435,1010.0,1003.0,23,23106,40.0359,-75.3493,0,0,0,0,1,0,5,7,2018,4,10.0,1.0,0,1.0,3,1,3,  ,2,3.0,1,0,0,0,0,0,0,0,0,0,0,0,0,0,0,0,0
23150,2018076440,1527.0,1525.0,20,20302,41.6271,-79.6826,0,0,0,0,0,0,4,7,2018,5,15.0,1.0,0,1.0,2,2,3,  ,0,0.0,0,0,1,0,0,0,0,0,0,0,0,0,0,0,0,0,0
23151,2018076469,1146.0,1141.0,1,1207,39.7292,-77.1458,0,1,0,0,0,1,8,7,2018,4,11.0,1.0,0,1.0,1,1,3,  ,3,3.0,0,0,0,0,0,0,0,0,0,0,0,0,0,0,0,1,0
23152,2018076495,2315.0,2310.0,25,25213,42.104,-80.1482,0,1,0,0,0,0,4,7,2018,1,23.0,3.0,0,1.0,3,1,3,  ,2,3.0,0,0,1,0,0,0,0,0,0,0,0,0,0,0,0,0,0
23153,2018076532,1820.0,1815.0,67,67301,39.9502,-75.1649,0,1,0,0,0,0,5,7,2018,2,13.0,1.0,0,1.0,3,0,3,  ,0,0.0,0,0,0,0,0,0,0,0,0,0,0,0,0,0,0,0,0
23154,2018076599,1836.0,1836.0,67,67301,39.9303,-75.1863,0,0,0,0,0,0,4,7,2018,7,18.0,1.0,0,1.0,3,1,3,  ,0,0.0,0,0,1,0,0,0,0,0,0,0,0,0,0,0,0,0,0
23155,2018076767,2035.0,2021.0,61,61406,41.8497,-79.3093,0,0,0,0,0,1,8,7,2018,2,20.0,1.0,7,9.0,1,0,7,  ,0,0.0,1,0,0,0,0,0,0,0,0,0,0,0,0,0,0,0,0
23156,2018076822,2010.0,2005.0,67,67301,40.0339,-75.1609,0,0,0,0,0,1,4,6,2018,3,20.0,4.0,0,1.0,3,2,3,  ,3,3.0,0,0,1,0,0,0,0,0,0,0,0,0,0,0,0,0,0
23157,2018076832,1734.0,1734.0,67,67301,39.9927,-75.1937,0,0,0,0,0,0,4,6,2018,6,15.0,1.0,7,1.0,3,0,3,  ,0,0.0,1,0,1,0,0,0,0,0,0,0,0,0,0,0,0,0,0
23158,2018076855,2203.0,2203.0,67,67301,39.9787,-75.1696,0,0,0,0,0,0,1,6,2018,7,21.0,3.0,0,1.0,3,1,3,  ,3,3.0,0,0,0,0,0,0,0,0,0,0,0,0,0,0,0,1,0
23159,2018076875,1550.0,1540.0,67,67301,39.9513,-75.1672,0,0,0,0,0,0,4,6,2018,7,1.0,3.0,0,98.0,3,1,99,  ,2,3.0,0,0,1,0,0,0,0,0,0,0,0,0,0,0,0,0,0
23160,2018076903,1205.0,1154.0,67,67301,39.9496,-75.1675,0,0,0,0,0,0,4,6,2018,7,11.0,1.0,0,1.0,3,0,3,  ,0,0.0,0,0,1,0,0,0,0,0,0,0,0,0,0,0,0,0,0
23161,2018076924,1953.0,1951.0,67,67301,39.9402,-75.2164,0,0,0,0,0,1,4,6,2018,3,19.0,1.0,0,1.0,3,1,3,  ,2,3.0,0,0,1,0,0,0,0,0,0,0,0,0,0,0,0,0,0
23162,2018076962,1742.0,1740.0,39,39301,40.6095,-75.4682,0,0,0,0,0,0,5,7,2018,2,17.0,1.0,0,9.0,3,0,7,  ,0,0.0,0,0,0,0,0,0,0,0,0,0,0,0,0,0,0,0,0
23163,2018077183,1808.0,1807.0,46,46104,39.9996,-75.2313,0,0,0,0,0,0,4,7,2018,2,18.0,1.0,7,1.0,3,0,3,  ,0,0.0,1,0,1,0,0,0,0,0,0,0,0,0,0,0,0,0,0
23164,2018077192,1040.0,1037.0,46,46104,40.023,-75.3151,0,0,0,0,0,0,4,7,2018,1,10.0,1.0,0,1.0,3,1,3,  ,2,3.0,1,0,1,0,0,0,0,0,0,0,0,0,0,0,0,0,0
23165,2018077284,1309.0,1307.0,22,22207,40.2273,-76.7194,0,0,0,0,0,1,4,7,2018,4,13.0,1.0,0,1.0,1,1,3,  ,2,3.0,1,0,1,0,0,0,0,0,0,0,0,1,0,0,0,0,0
23166,2018077306,1539.0,1517.0,36,36229,39.8949,-76.2402,0,0,0,0,0,0,4,7,2018,5,15.0,1.0,0,1.0,1,0,3,  ,0,0.0,0,0,1,0,0,0,0,0,0,0,0,0,0,0,0,0,1
23167,2018077398,1530.0,1527.0,67,67301,39.9784,-75.1376,0,0,0,0,0,0,4,6,2018,2,15.0,1.0,0,1.0,3,0,3,  ,0,0.0,0,0,1,0,0,1,0,0,0,0,0,0,0,0,0,1,0
23168,2018077432,1300.0,1300.0,67,67301,39.9711,-75.1573,0,0,0,0,0,0,1,6,2018,7,8.0,1.0,0,9.0,3,0,3,  ,0,0.0,1,0,0,0,0,0,0,0,0,0,0,0,0,0,1,0,0
23169,2018077452,450.0,442.0,67,67301,39.9478,-75.2279,0,0,0,0,0,0,4,6,2018,1,3.0,3.0,0,1.0,3,0,3,  ,2,3.0,0,0,1,0,0,0,0,0,0,0,0,0,0,0,0,0,0
23170,2018077464,1803.0,1800.0,67,67301,39.9893,-75.1666,0,0,0,0,0,0,4,6,2018,6,17.0,1.0,0,1.0,3,1,3,  ,3,3.0,0,0,1,0,0,0,0,0,0,0,0,0,0,0,0,0,0
23171,2018077479,2230.0,2226.0,67,67301,40.0243,-75.1613,0,0,0,0,0,0,4,6,2018,7,22.0,3.0,0,1.0,3,0,3,  ,0,0.0,0,0,1,0,0,0,0,0,0,0,0,0,0,0,0,0,0
23172,2018077488,2043.0,2036.0,67,67301,39.9558,-75.1727,0,0,0,0,0,0,1,6,2018,2,19.0,1.0,0,1.0,3,0,3,  ,0,0.0,0,0,0,0,0,0,0,0,0,0,0,0,0,0,0,0,0
23173,2018077489,2130.0,2129.0,67,67301,39.9728,-75.1807,0,0,0,0,0,0,4,6,2018,7,21.0,3.0,0,1.0,3,1,3,  ,2,3.0,0,0,1,0,0,0,0,0,0,0,0,0,0,0,0,0,0
23174,2018077491,2208.0,2208.0,67,67301,39.9956,-75.119,0,0,0,0,0,1,5,6,2018,5,22.0,3.0,0,1.0,3,0,3,  ,0,0.0,0,0,0,0,0,0,0,0,0,0,0,0,0,0,0,0,0
23175,2018077521,855.0,852.0,67,67301,39.9566,-75.198,0,0,0,0,0,0,5,6,2018,4,8.0,1.0,0,1.0,3,1,3,  ,2,3.0,0,0,0,0,0,0,0,0,0,0,0,0,0,0,0,0,0
23176,2018077524,1909.0,1908.0,67,67301,39.9438,-75.2327,0,0,0,0,0,1,4,6,2018,3,19.0,1.0,0,1.0,3,0,3,  ,0,0.0,0,0,1,0,0,0,0,0,0,0,0,0,0,0,0,0,0
23177,2018077555,1041.0,1040.0,22,22220,40.5719,-76.6894,0,0,0,0,1,0,4,7,2018,7,10.0,1.0,0,1.0,1,1,3,  ,3,3.0,0,0,1,0,0,0,0,0,0,0,0,0,0,0,0,0,0
23178,2018077837,1454.0,1432.0,15,15216,39.7302,-75.8746,0,0,0,0,0,0,1,7,2018,1,14.0,1.0,0,9.0,1,0,7,  ,0,0.0,0,0,0,0,0,0,0,0,0,0,0,0,0,0,0,0,0
23179,2018077919,1625.0,,2,2301,40.45,-79.9955,0,0,0,0,0,0,8,7,2018,4,16.0,1.0,0,1.0,3,2,3,  ,3,3.0,0,0,0,0,0,0,0,0,0,0,0,0,0,0,0,0,0
23180,2018078166,1903.0,1856.0,38,38209,40.3484,-76.3863,0,0,0,0,0,1,4,7,2018,3,18.0,1.0,0,1.0,1,1,3,  ,2,3.0,0,0,1,0,0,0,0,0,0,0,0,0,0,0,0,0,1
23181,2018078212,1241.0,1237.0,25,25213,42.1015,-80.1627,0,0,0,0,0,0,4,7,2018,5,12.0,1.0,0,1.0,3,0,3,  ,0,0.0,0,0,1,0,0,0,0,0,0,0,0,0,0,0,0,0,0
23182,2018078308,2029.0,2029.0,67,67301,39.9274,-75.2387,0,0,0,0,0,0,4,6,2018,4,20.0,4.0,0,1.0,3,2,3,  ,0,0.0,0,0,1,0,0,0,0,0,0,0,0,0,0,0,0,0,0
23183,2018078309,2123.0,2118.0,67,67301,39.9771,-75.2133,0,0,0,0,0,0,1,6,2018,1,21.0,3.0,0,1.0,3,0,3,  ,0,0.0,0,0,0,0,0,0,0,0,0,0,0,0,0,0,0,0,0
23184,2018078322,1837.0,1833.0,67,67301,40.0915,-74.9656,0,0,0,0,0,1,4,6,2018,6,18.0,1.0,7,1.0,3,2,3,  ,2,3.0,1,0,1,0,0,0,0,0,0,0,0,0,0,0,0,0,0
23185,2018078327,2130.0,2118.0,67,67301,40.0527,-75.1468,0,0,0,0,0,0,4,6,2018,6,21.0,3.0,0,1.0,3,0,3,  ,0,0.0,0,0,1,0,0,0,0,0,0,0,0,0,0,0,0,0,0
23186,2018078330,2010.0,2005.0,67,67301,39.9556,-75.1575,0,1,0,0,0,0,4,6,2018,6,20.0,3.0,0,9.0,3,1,7,  ,2,3.0,1,0,1,0,0,0,0,0,0,0,0,0,0,0,0,0,0
23187,2018078332,2032.0,2031.0,67,67301,39.9914,-75.1831,0,0,0,0,0,1,4,6,2018,5,20.0,4.0,0,1.0,3,1,3,  ,2,3.0,0,0,1,0,0,0,0,0,0,0,0,0,0,0,0,0,0
23188,2018078368,1714.0,1704.0,25,25302,42.1364,-80.0763,0,1,0,0,0,0,4,7,2018,5,17.0,1.0,0,1.0,3,1,3,  ,3,3.0,0,0,1,0,0,0,0,0,0,0,0,0,0,0,0,0,0
23189,2018078428,2014.0,2003.0,39,39104,40.5175,-75.6316,0,0,0,0,0,0,5,7,2018,6,20.0,1.0,0,1.0,3,2,3,  ,0,0.0,1,0,0,0,0,0,0,0,0,0,0,0,0,0,0,0,0
23190,2018078566,841.0,839.0,25,25302,42.1125,-80.0663,0,0,0,0,0,0,4,7,2018,6,8.0,1.0,0,1.0,3,1,3,  ,3,3.0,0,0,1,0,0,0,0,0,0,0,0,0,0,0,0,0,0
23191,2018078695,1732.0,1728.0,25,25302,42.1172,-80.0816,0,0,0,0,0,1,4,7,2018,6,17.0,1.0,0,1.0,3,1,3,  ,2,3.0,0,0,1,0,0,0,0,0,0,0,0,0,0,0,0,0,0
23192,2018078702,1707.0,1703.0,25,25213,42.1113,-80.1559,0,0,0,0,1,0,4,7,2018,6,17.0,1.0,0,1.0,3,0,3,  ,0,0.0,1,0,1,0,0,0,0,0,0,0,0,0,0,0,0,0,0
23193,2018078902,1604.0,1601.0,9,9215,40.2779,-75.2151,0,0,0,0,0,1,4,7,2018,1,15.0,1.0,0,1.0,1,0,3,  ,0,0.0,0,0,1,0,0,0,0,0,0,0,0,0,0,0,0,0,0
23194,2018078953,2105.0,2102.0,2,2448,40.3815,-79.9036,0,0,0,0,1,0,4,7,2018,6,21.0,3.0,0,1.0,3,1,3,  ,3,3.0,0,0,1,0,0,0,0,0,0,0,0,0,0,0,0,0,0
23195,2018078959,1704.0,1704.0,66,66413,39.8022,-76.9864,0,0,0,0,1,0,6,5,2018,4,17.0,1.0,0,9.0,2,0,7,  ,0,0.0,0,0,0,0,0,0,0,0,0,0,0,0,0,0,0,0,0
23196,2018078974,1505.0,1501.0,36,36301,40.024,-76.3141,0,0,0,0,0,0,4,7,2018,7,14.0,1.0,0,1.0,3,1,3,  ,3,3.0,0,0,1,0,0,0,0,0,0,0,0,0,0,0,0,1,0
23197,2018079168,1257.0,1255.0,23,23107,39.9031,-75.3217,0,0,0,0,0,1,4,7,2018,1,12.0,1.0,0,1.0,3,2,3,  ,3,3.0,0,0,1,0,0,0,0,0,0,0,0,0,0,0,0,0,0
23198,2018079188,1255.0,1246.0,9,9219,40.4126,-75.0462,0,0,0,0,0,0,2,7,2018,1,12.0,1.0,0,1.0,1,0,3,  ,0,0.0,1,0,0,0,0,0,0,0,0,0,0,0,0,0,0,0,0
23199,2018079407,1229.0,1226.0,9,9413,40.1558,-74.9233,0,0,0,0,0,1,8,7,2018,4,12.0,1.0,0,1.0,3,1,3,  ,2,3.0,0,0,0,0,0,0,0,0,0,0,0,0,0,0,0,0,0
23200,2018079502,1321.0,1318.0,36,36408,40.1694,-76.1978,0,0,0,0,0,0,4,7,2018,2,13.0,1.0,0,1.0,2,1,3,  ,2,3.0,0,0,1,0,0,0,0,0,0,0,0,0,0,0,0,1,0
23201,2018079527,2329.0,2324.0,22,22202,40.3021,-76.6328,1,0,0,0,0,0,1,6,2018,2,23.0,2.0,0,1.0,3,0,3,  ,0,0.0,0,0,0,0,0,0,0,0,0,0,0,0,0,0,0,0,0
23202,2018079804,1610.0,1600.0,9,9214,40.4347,-75.4211,0,0,0,0,0,1,1,6,2018,6,15.0,1.0,2,1.0,1,7,3,  ,0,0.0,1,0,0,0,0,0,0,0,0,0,0,0,0,0,0,0,0
23203,2018079930,1730.0,1720.0,2,2407,40.3506,-80.0511,0,0,0,0,0,1,4,7,2018,6,17.0,1.0,7,1.0,3,0,3,  ,3,3.0,1,0,1,0,0,0,0,0,0,0,1,0,0,0,0,0,0
23204,2018079933,1635.0,1628.0,67,67301,39.9448,-75.2093,0,0,0,0,0,0,6,6,2018,5,14.0,1.0,0,1.0,3,0,3,  ,0,0.0,0,0,0,0,0,0,0,0,0,0,0,0,0,0,0,0,0
23205,2018079968,1720.0,1716.0,23,23111,39.9289,-75.2729,0,0,0,0,0,0,2,7,2018,3,17.0,1.0,0,1.0,3,2,3,  ,3,3.0,0,0,0,0,0,0,0,0,0,0,0,0,0,0,0,0,0
23206,2018079994,2009.0,2008.0,39,39301,40.6068,-75.4612,0,0,0,0,0,0,4,7,2018,3,20.0,1.0,0,1.0,3,0,3,  ,0,0.0,0,0,1,0,0,0,0,0,0,0,0,0,0,0,0,0,0
23207,2018080329,757.0,754.0,46,46203,40.3271,-75.3537,0,0,0,0,0,0,4,8,2018,4,7.0,1.0,0,9.0,1,2,7,  ,0,0.0,0,0,1,0,0,0,0,0,0,0,0,0,0,0,0,0,0
23208,2018080330,1550.0,1546.0,35,35302,41.4142,-75.6611,0,0,0,0,0,0,4,8,2018,4,15.0,1.0,0,1.0,3,1,3,  ,2,3.0,0,0,1,0,0,0,0,0,0,0,0,0,0,0,0,0,0
23209,2018080344,2232.0,2230.0,67,67301,40.0015,-75.1524,0,0,1,0,0,0,5,6,2018,3,22.0,3.0,0,1.0,3,0,3,  ,0,0.0,0,0,0,0,1,0,0,0,0,0,0,0,0,0,0,0,0
23210,2018080360,2210.0,2206.0,67,67301,40.0684,-75.2325,0,0,0,0,0,0,4,6,2018,6,21.0,3.0,0,1.0,3,1,3,  ,3,3.0,0,0,1,0,0,0,0,0,0,0,0,0,0,0,0,0,0
23211,2018080404,1607.0,1607.0,6,6427,40.3376,-75.9459,0,0,0,0,0,0,4,8,2018,4,16.0,1.0,0,1.0,3,2,3,  ,0,0.0,0,0,1,0,0,0,0,0,0,0,0,0,0,0,0,0,0
23212,2018080554,1255.0,1254.0,43,43303,41.2429,-80.4509,0,0,0,0,0,0,4,7,2018,6,12.0,1.0,0,1.0,3,0,3,  ,0,0.0,1,0,1,0,0,0,0,0,0,0,0,0,0,0,0,1,0
23213,2018080671,1330.0,1328.0,41,41219,41.2564,-76.964,0,0,0,0,0,0,4,7,2018,2,13.0,1.0,0,9.0,1,1,7,  ,0,0.0,0,0,1,0,0,0,0,0,0,0,0,0,0,0,0,0,1
23214,2018080717,1326.0,1317.0,10,10212,40.698,-80.1188,0,0,0,0,0,0,1,7,2018,1,12.0,1.0,0,1.0,3,0,3,  ,0,0.0,0,0,0,0,0,0,0,0,0,0,0,0,0,0,0,0,0
23215,2018080734,1629.0,1628.0,21,21402,40.1998,-77.1887,0,0,0,0,0,0,4,8,2018,5,16.0,1.0,0,1.0,2,0,3,  ,0,0.0,0,0,1,0,0,0,0,0,0,0,0,0,0,0,0,0,0
23216,2018080737,1531.0,1526.0,35,35302,41.403,-75.6872,0,0,0,0,0,0,4,8,2018,5,15.0,1.0,0,9.0,3,1,3,  ,0,0.0,0,0,1,0,0,0,0,0,0,0,0,0,0,0,0,0,0
23217,2018081049,1440.0,1438.0,22,22301,40.2626,-76.8653,0,0,0,0,0,0,2,8,2018,6,14.0,1.0,0,1.0,3,0,3,  ,0,0.0,0,1,0,0,0,0,1,0,0,1,0,0,0,0,0,0,0
23218,2018081071,1050.0,1046.0,67,67301,40.0097,-75.0656,0,0,0,0,0,0,4,6,2018,7,17.0,1.0,0,1.0,3,2,3,  ,3,3.0,0,0,1,0,0,0,0,0,0,0,0,0,0,0,0,0,0
23219,2018081079,935.0,932.0,67,67301,39.9875,-75.1559,0,0,0,0,0,0,1,7,2018,5,9.0,1.0,0,1.0,3,0,3,  ,0,0.0,0,0,0,0,0,0,0,0,0,0,0,0,0,0,0,0,0
23220,2018081083,1055.0,1045.0,67,67301,40.0406,-75.0245,0,0,0,0,0,0,4,7,2018,1,10.0,1.0,0,1.0,3,0,3,  ,0,0.0,0,0,1,0,0,0,0,0,0,0,0,0,0,0,0,0,0
23221,2018081092,1657.0,1657.0,67,67301,39.9358,-75.2311,0,0,0,0,0,0,5,6,2018,6,16.0,1.0,0,1.0,3,0,3,  ,0,0.0,0,0,0,0,0,0,0,0,0,0,0,0,0,0,0,0,0
23222,2018081104,2256.0,2253.0,67,67301,39.944,-75.214,0,0,0,0,0,0,4,6,2018,5,22.0,3.0,0,1.0,3,2,3,  ,2,3.0,0,0,1,0,0,0,0,0,0,0,0,0,0,0,0,0,0
23223,2018081175,1757.0,1728.0,67,67301,40.0014,-75.1528,0,0,0,0,0,0,8,7,2018,2,17.0,1.0,7,1.0,3,0,3,  ,0,0.0,0,0,0,0,0,0,0,0,0,0,0,0,0,0,0,0,0
23224,2018081226,1932.0,1930.0,40,40304,41.2269,-75.8933,0,0,0,0,0,0,4,8,2018,6,19.0,4.0,0,9.0,3,1,7,  ,2,3.0,0,0,1,0,0,0,0,0,0,0,0,0,0,0,0,0,0
23225,2018081356,932.0,927.0,36,36101,40.0542,-76.3122,0,0,0,0,1,0,4,7,2018,3,9.0,1.0,0,1.0,3,0,3,  ,0,0.0,0,0,1,0,0,0,0,0,0,0,0,0,0,0,0,0,0
23226,2018081685,1456.0,1452.0,7,7301,40.5008,-78.4027,0,0,0,0,1,0,1,8,2018,7,14.0,1.0,0,1.0,3,0,3,  ,0,0.0,0,0,0,0,0,0,0,0,0,0,0,0,0,0,0,0,0
23227,2018081852,1112.0,1102.0,9,9101,40.1171,-74.8465,0,0,0,0,0,1,4,8,2018,2,11.0,1.0,2,1.0,3,6,3,  ,3,3.0,0,0,1,0,0,0,0,0,0,0,0,0,0,0,0,0,0
23228,2018081998,1921.0,1916.0,2,2301,40.3892,-79.9878,0,0,0,0,0,1,4,8,2018,2,19.0,1.0,0,1.0,3,1,3,  ,3,3.0,0,0,1,0,0,0,0,0,0,0,0,0,0,0,0,0,0
23229,2018082141,1257.0,1257.0,25,25302,42.1294,-80.0887,0,0,0,0,0,0,4,8,2018,2,12.0,1.0,0,1.0,3,0,3,  ,0,0.0,1,0,1,0,0,0,0,0,0,0,0,0,0,0,0,1,0
23230,2018082143,1045.0,1043.0,7,7301,40.5139,-78.4137,0,0,0,0,0,1,4,8,2018,2,10.0,1.0,0,1.0,3,1,3,  ,3,3.0,0,0,1,0,0,0,0,0,0,0,0,0,0,0,0,0,0
23231,2018082211,1532.0,1526.0,46,46216,40.2446,-75.3396,0,0,0,0,0,0,4,8,2018,2,15.0,1.0,0,1.0,1,1,3,  ,2,3.0,0,0,1,0,0,0,0,0,0,0,0,0,0,0,0,1,0
23232,2018082346,1720.0,1709.0,2,2301,40.4621,-79.9498,0,0,0,0,0,0,8,8,2018,3,17.0,1.0,0,1.0,3,2,3,  ,2,3.0,0,0,0,0,0,0,0,0,0,0,0,0,0,0,0,0,0
23233,2018082677,1441.0,1432.0,14,14410,40.7853,-77.8347,0,0,0,0,0,0,2,8,2018,4,14.0,1.0,0,1.0,3,1,3,  ,2,3.0,1,0,0,0,0,0,0,0,0,0,0,0,0,0,0,0,0
23234,2018082904,1406.0,1404.0,25,25213,42.0865,-80.0873,0,0,0,0,1,0,4,8,2018,4,14.0,1.0,0,1.0,3,1,3,  ,3,3.0,0,0,1,0,0,0,0,0,0,0,0,0,0,0,0,0,0
23235,2018082910,827.0,827.0,21,21404,40.2202,-77.0137,0,1,0,0,0,0,4,8,2018,2,8.0,1.0,0,1.0,3,2,3,  ,0,0.0,1,0,1,0,0,0,0,0,0,0,0,0,0,0,0,1,0