,CRN,ARRIVAL_TM,DISPATCH_TM,COUNTY,MUNICIPALITY,DEC_LAT,DEC_LONG,BICYCLE_DEATH_COUNT,BICYCLE_SUSP_SERIOUS_INJ_COUNT,BUS_COUNT,HEAVY_TRUCK_COUNT,SMALL_TRUCK_COUNT,SUV_COUNT,COLLISION_TYPE,CRASH_MONTH,CRASH_YEAR,DAY_OF_WEEK,HOUR_OF_DAY,ILLUMINATION,LOCATION_TYPE,ROAD_CONDITION,URBAN_RURAL,INTERSECT_TYPE,WEATHER1,WEATHER2,TCD_TYPE,TCD_FUNC_CD,AGGRESSIVE_DRIVING,ALCOHOL_RELATED,ANGLE_CRASH,CELL_PHONE,COMM_VEHICLE,DISTRACTED,DRINKING_DRIVER,DRUGGED_DRIVER,FATIGUE_ASLEEP,IMPAIRED_DRIVER,NHTSA_AGG_DRIVING,RUNNING_RED_LT,RUNNING_STOP_SIGN,SPEEDING_RELATED,TAILGATING,MATURE_DRIVER,YOUNG_DRIVER
23236,2018082977,1055.0,1045.0,36,36232,40.0906,-75.9454,0,1,0,1,0,0,4,7,2018,2,9.0,1.0,0,1.0,1,2,3,  ,0,0.0,0,0,1,0,1,0,0,0,0,0,0,0,0,0,0,0,0
23237,2018083068,530.0,527.0,9,9205,40.3016,-75.1513,0,0,0,0,0,1,4,8,2018,5,5.0,3.0,2,1.0,3,1,3,  ,2,3.0,0,0,1,0,0,1,0,0,0,0,0,0,0,0,0,0,0
23238,2018083082,916.0,915.0,67,67301,39.9852,-75.1241,0,0,0,0,0,0,4,7,2018,2,9.0,1.0,0,1.0,3,1,3,  ,2,3.0,0,0,1,0,0,0,0,0,0,0,0,0,0,0,0,0,0
23239,2018083159,1055.0,1035.0,49,49406,40.796,-76.4054,0,0,0,0,0,1,4,8,2018,5,10.0,1.0,0,1.0,2,1,3,  ,3,3.0,0,0,1,0,0,0,0,0,0,0,0,0,0,0,0,1,0
23240,2018083173,2219.0,2214.0,7,7301,40.5104,-78.3993,0,0,0,0,1,0,4,8,2018,2,22.0,3.0,0,1.0,3,0,3,  ,0,0.0,0,0,1,0,0,0,0,0,0,0,0,0,0,0,0,0,0
23241,2018083547,142.0,142.0,2,2461,40.4943,-79.9295,0,0,0,0,0,0,9,8,2018,5,1.0,3.0,0,1.0,3,1,3,  ,3,3.0,0,0,0,0,0,0,0,0,0,0,0,0,0,0,0,0,0
23242,2018083559,2056.0,2054.0,36,36101,40.0848,-76.3075,0,0,0,0,0,0,4,8,2018,2,20.0,3.0,0,1.0,3,2,3,  ,3,3.0,0,0,1,0,0,0,0,0,0,0,0,0,0,0,0,0,0
23243,2018083582,1508.0,1505.0,48,48419,40.8445,-75.2929,0,1,0,0,0,0,4,8,2018,6,15.0,1.0,0,1.0,1,0,3,  ,0,0.0,0,0,1,0,0,0,0,0,0,0,0,0,0,0,0,1,0
23244,2018084001,9.0,2.0,2,2301,40.4543,-79.9336,0,0,0,0,0,0,6,8,2018,2,0.0,3.0,0,1.0,3,2,3,  ,0,0.0,0,0,0,0,0,0,0,0,0,0,0,0,0,0,0,0,0
23245,2018084154,1150.0,1147.0,66,66301,39.9606,-76.7256,0,0,0,0,0,0,8,8,2018,2,11.0,1.0,7,1.0,3,0,3,  ,3,3.0,0,0,0,0,0,0,0,0,0,0,0,0,0,0,0,0,0
23246,2018084474,1136.0,1126.0,38,38213,40.246,-76.5179,0,0,0,0,0,0,1,8,2018,3,11.0,1.0,0,1.0,1,0,3,  ,0,0.0,0,0,0,0,0,0,0,0,0,0,0,0,0,0,0,0,0
23247,2018084475,115.0,110.0,25,25213,42.065,-80.1151,0,0,0,0,0,0,4,8,2018,3,1.0,2.0,0,1.0,3,0,3,  ,0,0.0,0,0,1,0,0,0,0,0,0,0,0,0,0,0,0,0,0
23248,2018084569,553.0,552.0,45,45402,40.9971,-75.1817,0,0,1,0,0,0,4,7,2018,6,5.0,1.0,7,1.0,2,2,3,  ,0,0.0,1,0,1,0,1,0,0,0,0,0,0,0,0,0,0,0,0
23249,2018084606,1225.0,1220.0,38,38301,40.3464,-76.4087,0,0,0,0,0,0,4,8,2018,3,12.0,1.0,0,1.0,2,1,3,  ,0,0.0,1,0,1,0,0,0,0,0,0,0,0,0,0,0,0,0,0
23250,2018084812,1754.0,1754.0,39,39301,40.6222,-75.4431,0,0,0,0,0,0,8,8,2018,3,12.0,1.0,0,1.0,3,1,3,  ,3,3.0,1,0,0,0,0,0,0,0,0,0,0,0,1,0,0,0,0
23251,2018084839,1617.0,1615.0,67,67301,39.9557,-75.1902,0,0,0,0,0,1,4,8,2018,3,16.0,1.0,0,1.0,3,0,3,  ,0,0.0,0,0,1,0,0,0,0,0,0,0,0,0,0,0,0,0,0
23252,2018084849,1235.0,1229.0,6,6207,40.1539,-75.8963,0,0,0,0,0,1,4,8,2018,7,12.0,1.0,0,1.0,1,0,3,  ,0,0.0,0,0,1,0,0,0,0,0,0,0,0,0,0,0,0,1,0
23253,2018084868,2118.0,2116.0,9,9210,40.3305,-75.2898,0,1,0,0,0,0,1,8,2018,3,21.0,2.0,0,9.0,3,0,5,  ,0,0.0,0,0,0,0,0,0,0,0,0,0,0,0,0,0,0,0,0
23254,2018084900,1347.0,1327.0,66,66202,39.8428,-76.4883,0,1,0,0,0,0,4,7,2018,1,13.0,1.0,0,1.0,1,1,3,  ,3,3.0,0,0,1,0,0,0,0,0,0,0,0,0,0,0,0,1,0
23255,2018085173,1339.0,1334.0,67,67301,39.993,-75.2176,0,0,0,0,0,0,4,7,2018,5,13.0,1.0,0,1.0,3,1,3,  ,2,3.0,0,0,1,0,0,0,0,0,0,0,0,0,0,0,0,1,0
23256,2018085225,1105.0,1103.0,67,67301,40.0199,-75.0956,0,0,0,0,0,1,4,7,2018,1,99.0,1.0,0,1.0,3,3,3,  ,0,0.0,0,0,1,0,0,0,0,0,0,0,0,0,0,0,0,0,0
23257,2018085231,2046.0,2045.0,67,67301,39.99,-75.1483,0,0,0,0,0,0,4,7,2018,2,20.0,3.0,0,1.0,3,1,3,  ,2,3.0,0,0,1,0,0,0,0,0,0,0,0,0,0,0,0,0,0
23258,2018085244,1155.0,1153.0,67,67301,39.9931,-75.173,0,0,0,0,0,0,3,7,2018,5,11.0,1.0,0,1.0,3,1,3,  ,3,3.0,0,0,0,0,0,0,0,0,0,0,0,0,0,0,0,0,0
23259,2018085245,9999.0,5.0,67,67301,40.03,-75.1031,0,0,0,0,0,0,4,7,2018,7,23.0,3.0,0,9.0,3,1,7,  ,2,3.0,1,0,1,0,0,0,0,0,0,0,0,0,0,0,0,0,0
23260,2018085246,1610.0,1608.0,67,67301,39.9675,-75.1487,0,0,0,0,0,0,1,7,2018,3,12.0,1.0,0,9.0,3,1,7,  ,3,3.0,0,0,0,0,0,0,0,0,0,0,0,0,0,0,0,0,0
23261,2018085273,1014.0,1010.0,67,67301,39.9614,-75.2358,0,0,0,0,0,0,4,7,2018,6,10.0,1.0,0,1.0,3,0,3,  ,0,0.0,0,0,1,0,0,0,0,0,0,0,0,0,0,0,0,0,0
23262,2018085318,2110.0,2107.0,67,67301,39.9868,-75.1084,0,0,0,0,0,1,4,7,2018,2,21.0,3.0,0,1.0,3,1,3,  ,3,3.0,0,0,1,0,0,0,0,0,0,0,0,0,0,0,0,0,0
23263,2018085322,41.0,41.0,67,67301,39.9914,-75.1831,0,0,0,0,0,0,4,7,2018,5,22.0,3.0,0,1.0,3,1,3,  ,2,3.0,0,0,1,0,0,0,0,0,0,0,0,0,0,0,0,0,0
23264,2018085324,2049.0,2045.0,67,67301,40.0375,-75.0552,0,0,0,0,0,0,4,7,2018,7,20.0,6.0,0,1.0,3,0,3,  ,0,0.0,0,0,1,0,0,0,0,0,0,0,0,0,0,0,0,0,0
23265,2018085331,2127.0,2127.0,67,67301,39.9236,-75.1833,0,0,0,0,0,0,4,7,2018,1,21.0,3.0,0,1.0,3,1,3,  ,3,3.0,0,0,1,0,0,0,0,0,0,0,0,0,0,0,0,0,0
23266,2018085348,1608.0,1605.0,67,67301,39.9517,-75.2246,0,0,0,0,0,0,8,7,2018,7,15.0,1.0,0,1.0,3,1,3,  ,3,3.0,0,0,0,0,0,0,0,0,0,0,0,0,0,0,0,0,0
23267,2018085362,1845.0,1845.0,67,67301,39.9392,-75.1578,0,0,0,0,0,1,5,7,2018,3,18.0,1.0,0,1.0,3,0,3,  ,0,0.0,0,0,0,0,0,0,0,0,0,0,0,0,0,0,0,0,0
23268,2018085383,1618.0,1617.0,67,67301,39.9329,-75.156,0,0,0,0,1,0,5,7,2018,6,15.0,1.0,0,1.0,3,0,3,  ,0,0.0,0,0,0,0,0,0,0,0,0,0,0,0,0,0,0,0,0
23269,2018085402,1612.0,1558.0,67,67301,39.9644,-75.2475,0,0,0,0,0,0,4,7,2018,5,15.0,1.0,0,1.0,3,11,3,  ,0,0.0,0,0,1,0,0,0,0,0,0,0,0,0,0,0,0,0,1
23270,2018085427,1532.0,1532.0,67,67301,40.0035,-75.0946,0,0,0,0,0,0,5,6,2018,4,15.0,1.0,0,1.0,3,0,3,  ,0,0.0,0,0,0,0,0,0,0,0,0,0,0,0,0,0,0,0,0
23271,2018085440,1835.0,1827.0,67,67301,40.0101,-75.1644,0,0,0,0,0,1,1,7,2018,5,18.0,1.0,0,1.0,3,0,3,  ,0,0.0,0,0,0,0,0,0,0,0,0,0,0,0,0,0,0,0,0
23272,2018085458,9999.0,9999.0,67,67301,39.9845,-75.16,0,0,0,0,0,0,8,7,2018,6,19.0,1.0,0,1.0,3,1,3,  ,3,3.0,0,0,0,0,0,0,0,0,0,0,0,0,0,0,0,0,0
23273,2018085470,1739.0,1732.0,2,2301,40.3924,-80.0152,0,0,0,0,0,0,4,8,2018,4,17.0,1.0,0,1.0,3,2,3,  ,0,0.0,0,0,1,0,0,0,0,0,0,0,0,0,0,0,0,0,0
23274,2018085576,129.0,128.0,22,22301,40.2558,-76.8695,0,0,0,0,0,1,4,8,2018,5,1.0,3.0,0,1.0,3,5,3,  ,2,3.0,0,0,1,0,0,0,0,0,0,0,0,0,0,0,0,0,0
23275,2018085629,745.0,736.0,2,2301,40.4559,-79.942,0,0,0,0,0,0,4,8,2018,4,7.0,1.0,0,1.0,3,1,3,  ,2,3.0,1,0,1,0,0,0,0,0,0,0,0,0,0,0,0,1,0
23276,2018085696,1514.0,1505.0,39,39301,40.6265,-75.4264,0,0,0,0,0,0,2,8,2018,4,15.0,1.0,0,1.0,3,1,3,  ,3,3.0,0,0,0,0,0,0,0,0,0,0,0,0,0,0,0,0,0
23277,2018085808,1615.0,1612.0,25,25302,42.1024,-80.0884,0,0,0,0,0,0,8,8,2018,5,16.0,1.0,0,1.0,3,2,3,  ,3,3.0,1,0,0,0,0,0,0,0,0,0,0,0,0,0,0,0,0
23278,2018085822,1612.0,1604.0,67,67301,39.9505,-75.1657,0,0,0,0,0,0,4,7,2018,4,14.0,1.0,7,1.0,3,0,3,  ,0,0.0,1,0,1,0,0,0,0,0,0,0,0,0,0,0,0,0,0
23279,2018085837,1040.0,1030.0,67,67301,40.0101,-75.0893,0,0,0,0,1,0,4,7,2018,1,10.0,1.0,0,1.0,3,1,3,  ,2,3.0,0,0,1,0,0,0,0,0,0,0,0,0,0,0,0,0,0
23280,2018085840,1626.0,1619.0,67,67301,40.0291,-75.1067,0,0,0,0,0,0,4,7,2018,6,16.0,1.0,0,1.0,3,0,3,  ,0,0.0,0,0,1,0,0,0,0,0,0,0,0,0,0,0,0,0,0
23281,2018085842,243.0,223.0,67,67301,39.9965,-75.1745,0,0,0,0,0,0,6,7,2018,4,2.0,3.0,0,1.0,3,0,3,  ,0,0.0,0,0,0,0,0,0,0,0,0,0,0,0,0,0,0,0,0
23282,2018085848,1900.0,1853.0,67,67301,40.0237,-75.1645,0,0,0,0,0,1,4,7,2018,6,18.0,1.0,0,1.0,3,2,3,  ,0,0.0,1,0,1,0,0,0,0,0,0,0,0,0,0,1,0,0,0
23283,2018086099,1206.0,1154.0,46,46217,40.3031,-75.5106,0,0,0,0,0,1,4,8,2018,7,11.0,1.0,7,1.0,1,0,3,  ,0,0.0,1,0,1,0,0,0,0,0,0,0,0,0,0,0,0,0,0
23284,2018086252,1244.0,1228.0,21,21207,40.1503,-77.028,0,0,0,0,0,1,8,7,2018,5,12.0,1.0,0,1.0,1,2,3,  ,0,0.0,1,0,0,0,0,0,0,0,0,0,0,0,0,0,0,0,0
23285,2018086443,1519.0,1506.0,2,2301,40.4046,-80.0485,0,0,0,0,0,0,4,8,2018,7,15.0,1.0,0,1.0,3,1,3,  ,3,3.0,0,0,1,0,0,0,0,0,0,0,0,0,0,0,0,0,0
23286,2018086448,1501.0,1458.0,22,22412,40.2806,-76.8471,0,0,0,0,1,0,2,8,2018,4,14.0,1.0,0,1.0,3,1,3,  ,2,3.0,0,0,0,0,0,0,0,0,0,0,0,0,0,0,0,0,0
23287,2018086755,2019.0,2012.0,25,25302,42.1319,-80.0351,0,0,0,0,1,0,4,8,2018,1,16.0,1.0,0,1.0,3,2,3,  ,3,3.0,1,0,1,0,0,0,0,0,0,0,0,0,1,0,0,0,0
23288,2018087073,1545.0,1545.0,67,67301,39.9907,-75.1419,0,0,0,0,0,0,8,7,2018,4,15.0,1.0,0,1.0,3,1,3,  ,3,3.0,0,0,0,0,0,0,0,0,0,0,0,0,0,0,0,0,0
23289,2018087097,1837.0,1830.0,67,67301,39.9902,-75.1503,0,0,0,0,0,0,1,7,2018,3,2.0,3.0,0,1.0,3,0,3,  ,0,0.0,0,0,0,0,0,0,0,0,0,0,0,0,0,0,0,0,0
23290,2018087103,1245.0,1245.0,67,67301,40.0319,-75.1321,0,0,0,0,0,0,1,7,2018,2,23.0,3.0,0,1.0,3,0,3,  ,0,0.0,0,0,0,0,0,0,0,0,0,0,0,0,0,0,0,0,0
23291,2018087157,1755.0,1750.0,11,11301,40.3445,-78.9475,0,0,0,0,1,0,1,8,2018,2,17.0,1.0,0,1.0,3,0,3,  ,0,0.0,0,0,0,0,0,0,0,0,0,0,0,0,0,0,0,1,0
23292,2018087159,1535.0,1533.0,14,14410,40.8036,-77.8603,0,0,0,0,0,0,6,8,2018,2,15.0,1.0,0,1.0,3,2,3,  ,3,3.0,1,0,0,0,0,0,0,0,0,0,0,0,0,0,0,0,0
23293,2018087498,1541.0,1533.0,7,7301,40.4891,-78.4083,0,1,0,0,0,1,5,8,2018,5,15.0,1.0,0,1.0,3,0,3,  ,0,0.0,0,0,0,0,0,0,0,0,0,0,0,0,0,0,0,0,0
23294,2018087556,1630.0,1619.0,67,67301,40.048,-75.1029,0,0,0,0,0,1,5,7,2018,2,16.0,1.0,0,1.0,3,0,3,  ,0,0.0,0,0,0,0,0,0,0,0,0,0,0,0,0,0,0,0,0
23295,2018087578,1620.0,1609.0,67,67301,40.0776,-75.023,0,0,0,0,0,1,4,7,2018,3,16.0,1.0,7,1.0,3,0,3,  ,0,0.0,0,0,1,0,0,0,0,0,0,0,0,0,0,0,0,0,0
23296,2018087579,1347.0,1340.0,67,67301,39.9486,-75.1678,0,0,0,0,0,0,4,7,2018,7,13.0,1.0,0,1.0,3,1,3,  ,2,3.0,0,0,1,0,0,0,0,0,0,0,0,0,0,0,0,0,0
23297,2018087590,910.0,901.0,67,67301,39.9752,-75.1882,0,0,0,0,0,0,4,7,2018,1,8.0,1.0,0,1.0,3,1,3,  ,2,3.0,1,0,1,0,0,0,0,0,0,0,0,0,0,0,0,0,0
23298,2018087602,1408.0,1408.0,67,67301,39.9291,-75.152,0,0,0,0,0,0,4,7,2018,6,14.0,1.0,0,1.0,3,1,3,  ,0,0.0,0,0,1,0,0,0,0,0,0,0,0,0,0,0,0,1,0
23299,2018087638,935.0,929.0,67,67301,40.012,-75.0591,0,0,0,0,0,0,5,7,2018,5,21.0,3.0,0,1.0,3,0,3,  ,0,0.0,0,0,0,0,0,0,0,0,0,0,0,0,0,0,0,0,0
23300,2018087739,1226.0,1226.0,26,26213,39.7865,-79.9095,0,0,0,0,0,1,4,8,2018,5,11.0,1.0,0,1.0,1,0,3,  ,0,0.0,0,0,1,0,0,0,0,0,0,0,0,0,0,0,0,0,0
23301,2018087793,2028.0,2024.0,36,36101,40.0919,-76.3037,0,0,0,0,0,0,4,8,2018,3,20.0,3.0,0,1.0,3,0,3,  ,0,0.0,0,1,1,0,0,0,0,0,0,0,0,0,0,0,0,0,0
23302,2018087855,1308.0,1302.0,9,9223,40.4749,-75.0999,0,0,0,0,0,0,1,8,2018,1,12.0,1.0,0,1.0,1,0,3,  ,0,0.0,0,0,0,0,0,0,0,0,0,0,0,0,0,0,0,0,0
23303,2018088085,1849.0,1840.0,2,2301,40.4698,-79.9637,0,0,0,0,0,0,4,8,2018,4,18.0,1.0,0,1.0,3,2,3,  ,3,3.0,0,0,1,0,0,0,0,0,0,0,0,0,0,0,0,0,0
23304,2018088195,1730.0,1726.0,46,46207,40.2019,-75.2554,0,0,0,0,0,0,4,8,2018,4,17.0,1.0,0,1.0,3,1,3,  ,2,3.0,1,0,1,0,0,0,0,0,0,0,1,0,0,0,0,0,1
23305,2018088261,1123.0,1122.0,36,36301,40.0357,-76.3143,0,0,0,0,1,0,4,7,2018,6,11.0,1.0,0,1.0,3,1,3,  ,3,3.0,0,0,1,0,0,1,0,0,0,0,0,0,0,0,0,0,0
23306,2018088427,9999.0,9999.0,67,67301,39.9539,-75.1589,0,0,0,0,0,0,5,8,2018,5,13.0,1.0,0,1.0,3,0,3,  ,0,0.0,0,0,0,0,0,0,0,0,0,0,0,0,0,0,0,0,0
23307,2018088447,1504.0,1500.0,67,67301,39.9374,-75.1517,0,0,0,0,0,0,5,8,2018,1,15.0,1.0,0,1.0,3,0,3,  ,0,0.0,0,0,0,0,0,0,0,0,0,0,0,0,0,0,0,0,0
23308,2018088459,1305.0,1247.0,67,67301,40.0092,-75.1511,0,0,0,0,0,0,4,8,2018,7,12.0,1.0,0,1.0,3,1,3,  ,2,3.0,0,0,1,0,0,0,0,0,1,0,0,0,0,0,0,0,0
23309,2018088468,1844.0,1840.0,67,67301,40.0649,-75.0769,0,0,0,0,0,0,5,8,2018,7,18.0,1.0,0,1.0,3,0,3,  ,0,0.0,0,0,0,0,0,0,0,0,0,0,0,0,0,0,0,0,0
23310,2018088488,1625.0,1620.0,67,67301,40.0461,-75.1733,0,0,0,0,0,0,3,8,2018,4,16.0,1.0,0,1.0,3,0,3,  ,0,0.0,0,0,0,0,0,0,0,0,0,0,0,0,0,0,0,0,0
23311,2018088505,9999.0,9999.0,67,67301,39.9757,-75.1203,0,0,0,0,0,1,4,8,2018,4,7.0,1.0,7,1.0,3,0,3,  ,0,0.0,1,0,1,0,0,0,0,0,0,0,0,0,0,0,0,0,0
23312,2018088661,742.0,740.0,6,6301,40.3364,-75.9356,0,0,0,0,0,1,5,8,2018,6,7.0,1.0,0,1.0,3,0,3,  ,0,0.0,0,0,0,0,0,0,0,0,0,0,0,0,0,0,0,0,0
23313,2018088778,1515.0,1510.0,25,25302,42.1168,-80.0604,0,0,0,0,0,1,4,8,2018,6,15.0,1.0,0,1.0,3,1,3,  ,2,3.0,0,0,1,0,0,0,0,0,0,0,0,0,0,0,0,1,0
23314,2018088785,1620.0,1620.0,67,67301,39.9788,-75.1585,0,0,0,0,1,0,5,8,2018,6,16.0,1.0,0,1.0,3,0,3,  ,0,0.0,0,0,0,0,0,0,0,0,0,0,0,0,0,0,0,0,0
23315,2018088811,115.0,110.0,67,67301,39.9383,-75.1532,0,0,0,0,0,0,5,8,2018,2,1.0,3.0,0,1.0,3,1,3,  ,0,0.0,0,0,0,0,0,0,0,0,0,0,0,0,0,0,0,1,0
23316,2018088813,830.0,825.0,67,67301,40.0293,-75.1638,0,0,0,0,0,0,4,8,2018,5,99.0,1.0,0,1.0,3,1,3,  ,2,3.0,0,0,1,0,0,0,0,0,0,0,0,0,0,0,0,0,0
23317,2018088976,1745.0,1739.0,21,21402,40.2064,-77.1873,0,0,0,0,0,0,4,8,2018,3,17.0,1.0,0,9.0,2,5,7,  ,3,3.0,0,0,1,0,0,0,0,0,0,0,0,0,0,0,0,0,0
23318,2018088999,1055.0,1055.0,67,67301,39.9239,-75.1697,0,0,0,0,1,0,5,8,2018,6,10.0,1.0,0,1.0,3,0,3,  ,0,0.0,0,0,0,0,0,0,0,0,0,0,0,0,0,0,0,0,0
23319,2018089005,1655.0,1655.0,22,22102,40.2585,-76.8041,0,1,0,0,0,0,4,8,2018,6,16.0,1.0,0,1.0,3,1,3,  ,0,0.0,0,0,1,0,0,1,0,0,0,0,0,0,0,0,0,0,0
23320,2018089138,2113.0,2107.0,2,2113,40.4598,-79.8738,0,0,0,0,0,0,4,8,2018,7,21.0,3.0,0,1.0,3,2,3,  ,2,3.0,0,0,1,0,0,0,0,0,0,0,0,0,0,0,0,0,0
23321,2018089348,1507.0,1505.0,25,25213,42.0981,-80.15,0,1,0,0,0,1,4,8,2018,1,15.0,1.0,0,1.0,3,0,3,  ,0,0.0,0,0,1,0,0,0,0,0,0,0,0,0,0,0,0,1,0
23322,2018089438,1322.0,1307.0,1,1208,39.87,-77.0303,0,0,0,0,0,0,4,8,2018,1,13.0,1.0,0,1.0,1,0,3,  ,3,3.0,1,0,1,0,0,0,0,0,0,0,0,0,0,0,0,0,0
23323,2018089456,1610.0,1610.0,46,46101,40.1238,-75.1172,0,0,0,0,0,0,4,8,2018,7,16.0,1.0,0,1.0,3,2,3,  ,2,3.0,0,1,1,0,0,0,0,0,0,0,0,0,0,0,0,0,0
23324,2018089512,107.0,34.0,45,45214,41.0166,-75.1827,0,0,0,0,0,0,2,8,2018,4,0.0,2.0,0,9.0,1,0,7,  ,0,0.0,0,0,0,0,0,0,0,0,0,0,0,0,0,0,0,0,0
23325,2018089532,1732.0,1729.0,51,51401,41.3663,-74.7042,0,0,0,0,0,1,4,8,2018,5,17.0,1.0,0,1.0,1,1,3,  ,3,3.0,0,1,1,0,0,1,0,0,0,0,0,0,0,0,0,0,0
23326,2018089697,1920.0,1901.0,67,67301,39.9516,-75.1823,0,0,0,0,0,0,5,7,2018,5,18.0,1.0,3,1.0,3,0,3,  ,0,0.0,0,0,0,0,0,0,0,0,0,0,0,0,0,0,0,0,0
23327,2018089846,703.0,633.0,6,6224,40.4836,-75.7374,0,0,0,0,0,0,1,8,2018,2,6.0,5.0,0,1.0,1,2,3,  ,0,0.0,0,0,0,0,0,0,0,0,0,0,0,0,0,0,0,0,0
23328,2018090104,837.0,835.0,9,9221,40.3503,-75.0152,0,0,0,0,0,1,6,8,2018,3,8.0,1.0,0,1.0,1,1,3,  ,3,3.0,1,0,0,0,0,0,0,0,0,0,0,0,0,0,0,0,0
23329,2018090557,1520.0,1515.0,20,20301,41.635,-80.1444,0,0,0,0,0,1,4,8,2018,7,15.0,1.0,0,1.0,2,1,3,  ,3,3.0,0,0,1,0,0,0,0,0,0,0,0,0,0,0,0,1,0
23330,2018090695,1557.0,1557.0,18,18301,41.1332,-77.4538,0,0,0,0,0,0,4,8,2018,2,15.0,1.0,0,1.0,2,1,3,  ,3,3.0,1,0,1,0,0,0,0,0,0,0,0,0,1,0,0,1,0
23331,2018090746,956.0,948.0,38,38301,40.3337,-76.4118,0,0,0,0,0,0,4,8,2018,6,9.0,1.0,7,1.0,2,0,3,  ,0,0.0,0,0,1,0,0,1,0,0,0,0,0,0,0,0,0,1,0
23332,2018090787,1935.0,1930.0,67,67301,39.9915,-75.0849,0,0,0,0,0,0,8,8,2018,2,19.0,1.0,0,1.0,3,2,3,  ,3,3.0,0,0,0,0,0,0,0,0,0,0,0,0,0,0,0,0,0
23333,2018090800,624.0,605.0,39,39212,40.7705,-75.608,0,1,0,0,0,0,9,8,2018,4,5.0,5.0,0,9.0,1,0,5,  ,0,0.0,0,0,0,0,0,0,0,0,0,0,0,0,0,0,0,0,0
23334,2018090936,1620.0,1620.0,67,67301,39.9762,-75.2267,0,0,0,0,0,0,1,8,2018,6,16.0,1.0,0,1.0,3,5,3,  ,2,3.0,1,0,0,0,0,0,0,0,0,0,0,0,0,0,0,0,0
23335,2018090944,1722.0,1713.0,67,67301,39.9435,-75.2352,0,0,0,0,0,1,4,8,2018,6,15.0,1.0,0,1.0,3,1,3,  ,3,3.0,1,0,1,0,0,0,0,0,0,0,0,0,0,0,0,0,0
23336,2018090952,2135.0,2135.0,67,67301,39.9491,-75.2122,0,0,0,0,0,0,4,8,2018,3,21.0,3.0,0,9.0,3,3,7,  ,0,0.0,0,0,1,0,0,0,0,0,0,0,0,0,0,0,0,0,0
23337,2018090962,2322.0,2318.0,67,67301,40.0643,-75.1535,0,0,0,0,0,1,4,8,2018,4,23.0,3.0,0,1.0,3,5,3,  ,2,3.0,0,0,1,1,0,1,0,0,0,0,0,0,0,0,0,0,0
23338,2018090973,2132.0,2030.0,67,67301,39.9548,-75.2362,0,0,0,0,0,0,4,7,2018,1,19.0,4.0,0,1.0,3,1,3,  ,2,3.0,0,0,1,0,0,0,0,0,0,0,0,0,0,0,0,0,0
23339,2018091000,1730.0,1725.0,67,67301,39.9554,-75.1881,0,0,0,0,0,0,5,8,2018,5,17.0,1.0,0,1.0,3,0,3,  ,0,0.0,0,0,0,0,0,0,0,0,0,0,0,0,0,0,0,0,0
23340,2018091021,1718.0,1715.0,35,35302,41.4136,-75.6746,0,0,0,0,0,0,4,8,2018,5,17.0,1.0,0,1.0,3,1,3,  ,2,3.0,0,0,1,0,0,0,0,0,0,0,0,0,0,0,0,0,0
23341,2018091044,2054.0,2050.0,35,35302,41.4217,-75.6506,0,0,0,0,0,0,4,8,2018,5,20.0,3.0,0,1.0,3,1,3,  ,2,3.0,0,0,1,0,0,0,0,0,0,0,0,0,0,0,0,0,0
23342,2018091054,2114.0,2108.0,11,11301,40.35,-78.9443,0,0,0,0,0,0,4,8,2018,5,21.0,3.0,0,1.0,3,1,3,  ,3,3.0,0,0,1,0,0,0,0,0,0,0,0,0,0,0,0,0,0
23343,2018091079,1351.0,1333.0,60,60215,41.4713,-79.5315,0,0,0,0,0,0,8,8,2018,5,13.0,1.0,0,1.0,1,0,3,  ,0,0.0,1,0,0,0,0,0,0,0,0,0,0,0,0,0,0,1,0
23344,2018091138,1455.0,1449.0,46,46110,40.1557,-75.1409,0,0,0,0,0,1,4,8,2018,5,14.0,1.0,7,1.0,3,0,3,  ,4,3.0,1,0,1,0,0,0,0,0,0,0,0,0,0,0,0,0,0
23345,2018091213,1558.0,1553.0,6,6407,40.4583,-75.8081,0,0,0,0,0,0,4,8,2018,3,15.0,1.0,7,1.0,1,0,3,  ,0,0.0,0,0,1,0,0,0,0,0,0,0,0,0,0,0,0,0,0
23346,2018091284,1537.0,1535.0,67,67301,39.9758,-75.1195,0,0,0,0,0,1,1,8,2018,2,14.0,1.0,0,1.0,3,0,3,  ,0,0.0,1,0,0,0,0,0,0,0,0,0,0,0,0,0,1,0,0
23347,2018091299,1820.0,1817.0,39,39211,40.5182,-75.3753,0,0,0,0,0,0,4,8,2018,5,18.0,1.0,0,1.0,1,2,3,  ,3,3.0,1,0,1,0,0,0,0,0,0,0,0,0,0,0,0,0,0
23348,2018091341,1530.0,1524.0,22,22414,40.2269,-76.8294,0,0,0,0,0,1,6,8,2018,1,13.0,1.0,0,9.0,3,10,7,  ,0,0.0,0,0,0,0,0,0,0,0,0,0,0,0,0,0,0,1,0
23349,2018091490,1234.0,1230.0,36,36213,40.1059,-76.0254,0,0,0,0,0,0,8,8,2018,6,12.0,1.0,0,9.0,1,1,7,  ,3,3.0,1,0,0,0,0,0,0,0,0,0,0,0,0,0,0,0,0