,CRN,ARRIVAL_TM,DISPATCH_TM,COUNTY,MUNICIPALITY,DEC_LAT,DEC_LONG,BICYCLE_DEATH_COUNT,BICYCLE_SUSP_SERIOUS_INJ_COUNT,BUS_COUNT,HEAVY_TRUCK_COUNT,SMALL_TRUCK_COUNT,SUV_COUNT,COLLISION_TYPE,CRASH_MONTH,CRASH_YEAR,DAY_OF_WEEK,HOUR_OF_DAY,ILLUMINATION,LOCATION_TYPE,ROAD_CONDITION,URBAN_RURAL,INTERSECT_TYPE,WEATHER1,WEATHER2,TCD_TYPE,TCD_FUNC_CD,AGGRESSIVE_DRIVING,ALCOHOL_RELATED,ANGLE_CRASH,CELL_PHONE,COMM_VEHICLE,DISTRACTED,DRINKING_DRIVER,DRUGGED_DRIVER,FATIGUE_ASLEEP,IMPAIRED_DRIVER,NHTSA_AGG_DRIVING,RUNNING_RED_LT,RUNNING_STOP_SIGN,SPEEDING_RELATED,TAILGATING,MATURE_DRIVER,YOUNG_DRIVER
23350,2018091590,1815.0,1752.0,33,33213,41.1845,-79.0547,0,0,0,0,0,1,4,8,2018,6,17.0,1.0,0,1.0,1,1,3,  ,3,3.0,0,0,1,0,0,0,0,0,0,0,0,0,0,0,0,0,0
23351,2018091638,1928.0,1928.0,38,38301,40.347,-76.4255,0,0,0,0,1,0,4,8,2018,6,19.0,3.0,0,1.0,2,1,3,  ,3,3.0,0,0,1,0,0,1,0,0,0,0,0,0,0,0,0,0,0
23352,2018091650,422.0,422.0,67,67301,39.9852,-75.1598,0,1,0,0,0,0,9,9,2018,1,4.0,3.0,0,1.0,3,1,3,  ,2,3.0,0,0,0,0,0,0,0,0,0,0,0,0,0,0,0,0,0
23353,2018091662,1131.0,1129.0,42,42301,41.9639,-78.6444,0,1,0,0,0,1,8,9,2018,1,11.0,1.0,0,1.0,2,0,3,  ,0,0.0,0,1,0,0,0,0,1,1,0,1,0,0,0,0,0,0,0
23354,2018091687,1930.0,1925.0,25,25302,42.1159,-80.0686,0,0,0,0,0,0,4,9,2018,7,19.0,4.0,0,1.0,3,1,3,  ,3,3.0,0,0,1,0,0,0,0,0,0,0,0,0,0,0,0,0,0
23355,2018091760,1227.0,1227.0,46,46206,40.261,-75.4646,0,0,0,0,0,1,7,8,2018,2,12.0,1.0,0,1.0,1,0,3,  ,0,0.0,0,1,0,0,0,0,1,1,0,1,0,0,0,0,0,0,0
23356,2018091762,906.0,901.0,40,40209,41.4064,-75.8381,0,0,0,0,0,0,5,8,2018,1,9.0,1.0,0,1.0,1,0,3,  ,0,0.0,0,0,0,0,0,0,0,0,0,0,0,0,0,0,0,1,0
23357,2018091788,606.0,600.0,2,2301,40.4276,-79.9764,0,0,0,0,1,0,4,8,2018,3,6.0,5.0,0,1.0,3,1,3,  ,3,2.0,1,0,1,0,0,0,0,0,0,0,0,0,0,0,0,0,0
23358,2018091946,1914.0,1911.0,64,64302,40.3032,-79.5356,0,0,0,0,0,0,4,9,2018,1,19.0,1.0,0,1.0,3,0,3,  ,0,0.0,0,0,1,0,0,0,0,0,0,0,0,0,0,0,0,1,0
23359,2018092002,1938.0,1938.0,9,9415,40.4419,-75.3431,0,0,0,0,0,0,4,9,2018,2,18.0,1.0,0,1.0,2,2,3,  ,4,3.0,0,0,1,0,0,0,0,0,0,0,0,0,0,0,0,0,0
23360,2018092094,1322.0,1320.0,15,15301,39.9828,-75.8135,0,0,0,0,0,0,4,9,2018,1,13.0,1.0,0,1.0,3,2,3,  ,0,0.0,0,0,1,0,0,0,0,0,0,0,0,0,0,0,0,0,0
23361,2018092267,1633.0,1626.0,35,35410,41.3691,-75.7128,0,0,0,0,0,0,4,9,2018,3,16.0,1.0,7,1.0,3,0,3,  ,0,0.0,0,0,1,0,0,0,0,0,0,0,0,0,0,0,0,0,0
23362,2018092408,1955.0,1941.0,27,27208,41.4948,-79.4383,0,0,0,0,1,0,8,8,2018,5,19.0,1.0,0,1.0,1,0,3,  ,0,0.0,0,0,0,0,0,0,0,0,0,0,0,0,0,0,0,1,0
23363,2018092536,1252.0,1248.0,35,35302,41.4234,-75.6468,0,0,0,0,0,1,4,9,2018,4,12.0,1.0,0,1.0,3,2,3,  ,0,0.0,0,0,1,0,0,0,0,0,0,0,0,0,0,0,0,0,0
23364,2018092689,1558.0,1552.0,46,46203,40.2974,-75.3104,0,0,0,0,0,1,5,8,2018,5,15.0,1.0,0,1.0,1,0,3,  ,0,0.0,0,0,0,0,0,0,0,0,0,0,0,0,0,0,0,0,0
23365,2018092876,902.0,900.0,40,40103,41.2744,-75.8519,0,0,0,0,0,1,8,9,2018,5,9.0,1.0,0,1.0,3,0,3,  ,3,3.0,1,0,0,0,0,0,0,0,0,0,0,0,0,0,0,0,0
23366,2018092890,1715.0,1710.0,46,46104,40.0056,-75.2299,0,0,0,0,0,0,4,8,2018,2,17.0,1.0,0,1.0,3,2,3,  ,3,3.0,1,0,1,0,0,0,0,0,0,0,0,0,0,0,0,0,0
23367,2018092892,1737.0,1735.0,46,46104,40.031,-75.2403,0,0,0,0,0,0,2,8,2018,6,17.0,1.0,0,1.0,3,0,3,  ,0,0.0,0,0,0,0,0,0,0,0,0,0,0,0,0,0,0,0,0
23368,2018092897,758.0,758.0,25,25302,42.1168,-80.0661,0,0,0,0,0,1,4,9,2018,5,7.0,1.0,0,1.0,3,1,3,  ,3,3.0,0,0,1,0,0,0,0,0,0,0,0,0,0,0,0,0,0
23369,2018092912,935.0,933.0,67,67301,39.9562,-75.1941,0,1,0,0,0,1,4,9,2018,5,9.0,1.0,0,1.0,3,1,3,  ,2,3.0,0,0,1,0,0,0,0,0,0,0,0,0,0,0,0,0,0
23370,2018093029,841.0,9999.0,67,67301,39.957,-75.2014,0,0,0,0,0,0,5,8,2018,4,8.0,1.0,0,1.0,3,0,3,  ,0,0.0,0,0,0,0,0,0,0,0,0,0,0,0,0,0,0,0,0
23371,2018093030,1900.0,1849.0,67,67301,39.9702,-75.1596,0,0,0,0,0,0,4,8,2018,2,18.0,1.0,0,1.0,3,1,3,  ,2,3.0,0,0,1,0,0,0,0,0,0,0,0,0,0,0,0,0,0
23372,2018093037,1016.0,1014.0,28,28401,39.9341,-77.6545,0,0,0,0,0,0,4,8,2018,3,7.0,1.0,0,1.0,1,1,3,  ,3,3.0,0,0,1,0,0,0,0,0,0,0,0,0,0,0,0,0,0
23373,2018093075,1033.0,1030.0,67,67301,39.9929,-75.1138,0,0,0,0,0,0,4,8,2018,7,8.0,1.0,0,9.0,3,1,7,  ,0,0.0,0,0,1,0,0,0,0,0,0,0,0,0,0,0,0,0,0
23374,2018093083,1842.0,1839.0,48,48101,40.6414,-75.3269,0,0,0,0,0,0,4,8,2018,4,18.0,1.0,0,1.0,3,1,3,  ,3,3.0,1,0,1,0,0,0,0,0,0,0,1,0,1,0,0,0,0
23375,2018093085,1658.0,1657.0,67,67301,40.033,-75.1313,0,0,0,0,0,0,4,8,2018,2,16.0,1.0,7,1.0,3,0,3,  ,0,0.0,0,0,1,0,0,0,0,0,0,0,0,0,0,0,0,1,0
23376,2018093089,1402.0,1400.0,67,67301,39.9672,-75.1686,0,0,0,0,0,0,4,8,2018,3,11.0,1.0,0,1.0,3,1,3,  ,2,3.0,1,0,1,0,0,0,0,0,0,0,0,0,0,0,0,0,0
23377,2018093136,1538.0,1531.0,67,67301,39.9416,-75.209,0,0,0,0,0,1,5,8,2018,5,15.0,1.0,0,1.0,3,0,3,  ,0,0.0,0,0,0,0,0,0,0,0,0,0,0,0,0,0,0,0,0
23378,2018093237,2247.0,2224.0,64,64206,40.1217,-79.5875,0,0,0,0,0,1,1,8,2018,1,22.0,2.0,0,1.0,1,0,3,  ,0,0.0,0,0,0,0,0,0,0,0,0,0,0,0,0,0,0,0,0
23379,2018093312,1204.0,1202.0,67,67301,39.9592,-75.202,0,1,0,0,0,0,4,9,2018,5,12.0,1.0,0,1.0,3,1,3,  ,2,3.0,0,0,1,0,0,0,0,0,0,0,0,0,0,0,0,0,0
23380,2018093464,1629.0,1621.0,7,7301,40.5171,-78.3925,0,0,0,0,0,1,4,9,2018,5,16.0,1.0,0,1.0,3,0,3,  ,0,0.0,1,0,1,0,0,0,0,0,0,0,0,0,0,0,0,0,0
23381,2018093562,2022.0,2020.0,36,36408,40.1784,-76.1769,0,0,0,0,0,0,4,9,2018,6,20.0,3.0,0,1.0,2,0,3,  ,0,0.0,0,0,1,0,0,0,0,0,0,0,0,0,0,0,0,0,0
23382,2018093989,1705.0,1658.0,25,25302,42.0954,-80.0825,0,0,0,0,0,0,4,8,2018,5,16.0,1.0,7,1.0,3,0,3,  ,0,0.0,0,0,1,0,0,0,0,0,0,0,0,0,0,0,0,0,0
23383,2018094006,1645.0,1642.0,48,48301,40.6093,-75.3844,0,0,0,0,0,1,5,9,2018,5,16.0,1.0,0,1.0,3,0,3,  ,0,0.0,0,0,0,0,0,0,0,0,0,0,0,0,0,0,0,0,0
23384,2018094020,1209.0,1159.0,67,67301,40.0644,-74.9864,0,0,0,0,0,1,6,8,2018,6,11.0,1.0,0,1.0,3,0,3,  ,0,0.0,0,0,0,0,0,0,0,0,0,0,0,0,0,0,0,1,0
23385,2018094062,2215.0,2215.0,38,38301,40.3502,-76.4222,0,0,0,0,0,0,4,9,2018,1,14.0,1.0,0,9.0,2,1,7,  ,0,0.0,0,0,1,0,0,1,0,0,0,0,0,0,0,0,0,0,0
23386,2018094172,2015.0,2013.0,67,67301,39.9217,-75.1907,0,0,0,1,0,0,4,9,2018,5,20.0,3.0,2,9.0,3,3,7,  ,2,3.0,1,0,1,0,1,0,0,0,0,0,0,0,0,1,0,0,0
23387,2018094198,930.0,925.0,43,43404,41.1667,-80.1063,0,1,0,0,0,0,4,9,2018,3,9.0,1.0,0,1.0,2,1,3,  ,2,3.0,1,1,1,0,0,0,0,0,0,0,0,0,0,0,0,0,0
23388,2018094206,1855.0,1850.0,8,8409,41.992,-76.5058,0,0,0,0,0,0,4,9,2018,6,18.0,1.0,7,1.0,2,0,3,  ,0,0.0,0,0,1,0,0,0,0,0,0,0,0,0,0,0,0,0,0
23389,2018094239,835.0,833.0,26,26301,40.0248,-79.5907,0,0,0,0,1,0,4,8,2018,3,8.0,1.0,0,1.0,2,2,3,  ,3,3.0,0,0,1,0,0,0,0,0,0,0,0,0,0,0,0,0,0
23390,2018094252,940.0,937.0,46,46107,40.1202,-75.2873,0,0,0,0,0,1,4,9,2018,2,9.0,1.0,7,9.0,3,2,7,  ,2,3.0,0,0,1,0,0,0,0,0,0,0,0,0,0,0,0,0,0
23391,2018094267,1846.0,1843.0,15,15403,39.9989,-75.7133,0,0,0,0,0,0,1,7,2018,7,18.0,1.0,0,1.0,3,0,3,  ,0,0.0,0,0,0,0,0,1,0,0,0,0,0,0,0,0,0,0,0
23392,2018094354,1652.0,1644.0,9,9214,40.4085,-75.3876,0,0,0,0,0,1,2,8,2018,5,16.0,1.0,0,1.0,1,5,3,  ,0,0.0,1,1,0,0,0,0,1,0,0,1,0,0,0,0,0,0,0
23393,2018094731,1422.0,1420.0,39,39301,40.6009,-75.4822,0,0,0,0,0,0,5,9,2018,2,14.0,1.0,0,9.0,3,0,7,  ,0,0.0,1,0,0,0,0,0,0,0,0,0,0,0,0,0,0,0,0
23394,2018095085,554.0,552.0,40,40414,41.2584,-75.8972,0,0,0,0,0,0,4,9,2018,3,5.0,3.0,0,1.0,3,1,3,  ,3,3.0,0,0,1,0,0,0,0,0,0,0,0,0,0,0,0,0,0
23395,2018095134,906.0,901.0,9,9210,40.3551,-75.195,0,0,0,0,0,1,4,9,2018,4,9.0,1.0,0,9.0,3,1,5,  ,3,3.0,1,0,1,0,0,0,0,0,0,0,0,0,0,0,0,0,0
23396,2018095322,853.0,853.0,67,67301,40.0092,-75.1511,0,0,0,0,0,0,4,8,2018,7,10.0,1.0,0,1.0,3,1,3,  ,2,3.0,0,0,1,0,0,0,0,0,0,0,0,0,0,0,0,0,0
23397,2018095263,1451.0,1450.0,2,2301,40.4555,-80.0066,0,0,0,0,0,0,4,9,2018,3,14.0,1.0,0,9.0,3,1,3,  ,2,3.0,0,0,1,0,0,0,0,0,0,0,0,0,0,0,0,0,0
23398,2018095336,1220.0,1210.0,67,67301,40.0099,-75.0893,0,0,0,0,0,1,4,8,2018,3,12.0,1.0,7,1.0,3,0,3,  ,0,0.0,0,0,1,0,0,0,0,0,0,0,0,0,0,0,0,0,0
23399,2018095525,1104.0,1107.0,15,15224,39.8065,-75.9671,0,0,0,0,0,0,2,8,2018,6,10.0,1.0,2,1.0,1,2,3,  ,3,3.0,0,0,0,0,0,0,0,0,0,0,0,0,0,0,0,0,0
23400,2018095588,740.0,730.0,2,2301,40.4247,-79.9734,0,0,0,0,0,0,8,9,2018,5,7.0,1.0,0,1.0,3,2,3,  ,0,0.0,0,0,0,0,0,1,0,0,0,0,0,0,0,0,0,1,0
23401,2018095594,818.0,814.0,2,2301,40.4257,-79.9499,0,0,0,0,0,1,6,9,2018,5,8.0,1.0,0,1.0,3,2,3,  ,3,3.0,1,0,0,0,0,0,0,0,0,0,0,0,0,0,0,0,0
23402,2018095600,1240.0,1240.0,37,37301,41.0086,-80.3405,0,0,0,0,0,1,4,7,2018,3,12.0,1.0,0,1.0,2,1,3,  ,2,3.0,0,0,1,0,0,0,0,0,0,0,0,0,0,0,0,0,0
23403,2018095806,2305.0,2300.0,67,67301,40.0019,-75.1381,0,1,0,0,0,0,4,8,2018,5,20.0,6.0,0,1.0,3,2,3,  ,3,3.0,0,0,1,0,0,0,0,0,0,0,0,0,0,0,0,0,0
23404,2018095770,1437.0,1426.0,46,46416,40.2605,-75.644,0,0,0,0,1,0,4,9,2018,4,14.0,1.0,0,1.0,2,0,3,  ,0,0.0,1,1,1,0,0,0,1,0,0,1,0,0,0,0,0,0,0
23405,2018095790,1808.0,1805.0,67,67301,40.0479,-75.1606,0,0,0,0,0,0,4,8,2018,7,18.0,1.0,0,1.0,3,1,3,  ,3,3.0,0,0,1,0,0,0,0,0,0,0,0,0,0,0,0,0,0
23406,2018095817,2134.0,2132.0,67,67301,39.9682,-75.2251,0,1,0,0,0,0,4,8,2018,2,21.0,3.0,0,1.0,3,1,3,  ,2,3.0,0,1,1,0,0,0,1,1,0,1,0,0,0,0,0,0,0
23407,2018095846,1639.0,1631.0,67,67301,39.9994,-75.1364,0,0,0,0,0,1,4,8,2018,4,16.0,1.0,7,1.0,3,0,3,  ,0,0.0,1,0,1,0,0,0,0,0,0,0,0,0,0,0,0,0,0
23408,2018095912,1932.0,1929.0,67,67301,39.9816,-75.1803,0,0,0,0,0,0,4,8,2018,7,19.0,1.0,0,1.0,3,1,3,  ,2,3.0,0,1,1,0,0,0,0,0,0,0,0,0,0,0,0,0,0
23409,2018095934,1716.0,1714.0,67,67301,39.9658,-75.197,0,0,0,0,0,0,5,8,2018,6,17.0,1.0,0,1.0,3,0,3,  ,0,0.0,1,0,0,0,0,0,0,0,0,0,0,0,0,0,0,0,0
23410,2018095941,1306.0,1301.0,67,67301,39.9701,-75.2082,0,0,0,0,0,0,4,8,2018,5,13.0,1.0,0,1.0,3,0,3,  ,0,0.0,0,0,1,0,0,0,0,0,0,0,0,0,0,0,0,0,0
23411,2018096166,1240.0,1238.0,67,67301,39.9495,-75.1659,0,0,0,0,0,0,8,8,2018,4,12.0,1.0,0,1.0,3,1,3,  ,2,3.0,0,0,0,0,0,0,0,0,0,0,0,0,0,0,0,0,0
23412,2018096274,1625.0,1625.0,22,22208,40.2988,-76.8208,0,1,0,0,0,1,5,8,2018,7,16.0,1.0,0,1.0,3,1,3,  ,0,0.0,0,0,0,0,0,0,0,0,1,0,0,0,0,0,0,0,0
23413,2018096302,1752.0,1724.0,7,7301,40.5167,-78.3936,0,0,0,0,0,0,1,9,2018,6,17.0,1.0,0,1.0,3,1,3,  ,0,0.0,1,0,0,0,0,0,0,0,0,0,0,0,0,1,0,0,0
23414,2018096483,1948.0,1945.0,26,26301,40.0045,-79.5914,0,0,0,0,0,0,4,9,2018,4,19.0,4.0,0,1.0,2,0,3,  ,0,0.0,0,0,1,0,0,0,0,0,0,0,0,0,0,0,0,0,0
23415,2018096487,1203.0,1158.0,2,2301,40.4218,-79.9942,0,0,0,0,0,1,4,9,2018,7,11.0,1.0,7,1.0,3,0,3,  ,0,0.0,0,0,1,0,0,0,0,0,0,0,0,0,0,0,0,0,0
23416,2018097140,1317.0,1316.0,17,17301,41.1215,-78.7586,0,0,0,0,0,0,4,9,2018,2,13.0,1.0,0,9.0,2,2,7,  ,2,3.0,0,0,1,0,0,0,0,0,0,0,0,0,0,0,0,1,0
23417,2018097184,2005.0,2005.0,67,67301,40.0158,-75.1411,0,0,0,0,0,1,4,8,2018,6,20.0,3.0,0,9.0,3,1,7,  ,2,3.0,0,0,1,0,0,0,0,0,0,0,0,0,0,0,0,0,0
23418,2018097206,2115.0,2110.0,67,67301,39.9326,-75.156,0,0,0,0,0,0,4,8,2018,5,20.0,4.0,0,1.0,3,1,3,  ,3,3.0,0,0,1,0,0,0,0,0,0,0,0,0,0,0,0,0,0
23419,2018097830,1118.0,1115.0,36,36101,40.0569,-76.3112,0,0,0,0,0,1,4,9,2018,3,11.0,1.0,0,1.0,3,1,3,  ,2,3.0,0,0,1,0,0,0,0,0,0,0,0,0,0,0,0,0,0
23420,2018097866,822.0,820.0,46,46413,40.122,-75.3353,0,0,0,0,0,1,4,9,2018,4,8.0,1.0,0,1.0,3,1,3,  ,3,3.0,0,0,1,0,0,0,0,0,0,0,0,0,0,0,0,0,0
23421,2018097891,1620.0,1616.0,46,46208,40.1808,-75.429,0,0,0,0,0,0,6,9,2018,2,16.0,1.0,0,9.0,3,1,7,  ,2,3.0,0,0,0,0,0,0,0,0,0,0,0,0,0,0,0,0,0
23422,2018098077,1626.0,1625.0,23,23405,39.9093,-75.2828,0,0,0,0,0,0,4,9,2018,4,16.0,1.0,7,1.0,3,0,3,  ,0,0.0,1,0,1,0,0,0,0,0,0,0,0,0,0,0,0,1,0
23423,2018098136,2125.0,2121.0,35,35302,41.4111,-75.656,0,0,0,0,0,1,4,9,2018,4,21.0,3.0,0,1.0,3,1,3,  ,2,3.0,0,0,1,0,0,0,0,0,0,0,0,0,0,0,0,0,0
23424,2018098144,1718.0,1714.0,9,9415,40.4391,-75.3612,0,0,0,0,0,0,4,9,2018,4,17.0,1.0,0,1.0,2,0,3,  ,0,0.0,0,0,1,0,0,0,0,0,0,0,0,0,0,0,0,0,1
23425,2018098417,624.0,624.0,55,55403,39.9215,-78.9585,0,0,0,0,1,0,4,9,2018,2,6.0,3.0,0,1.0,1,1,3,  ,8,3.0,0,0,1,0,0,0,0,0,0,0,0,0,0,0,0,0,0
23426,2018098430,9999.0,9999.0,67,67301,39.9877,-75.2311,0,0,0,0,0,1,4,8,2018,5,20.0,3.0,0,1.0,3,1,3,  ,3,3.0,0,0,1,0,0,0,0,0,0,0,0,0,0,0,0,0,1
23427,2018098447,32.0,32.0,67,67301,40.0013,-75.1143,0,0,0,0,0,1,4,8,2018,4,18.0,1.0,0,1.0,3,0,3,  ,0,0.0,0,0,1,0,0,0,0,0,0,0,0,0,0,0,0,0,0
23428,2018098456,2128.0,2122.0,67,67301,40.0408,-75.0392,0,0,0,0,0,0,4,8,2018,6,15.0,1.0,0,98.0,3,1,99,  ,0,0.0,0,0,1,0,0,0,0,0,0,0,0,0,0,0,0,0,0
23429,2018098520,9999.0,,67,67301,39.9552,-75.1446,0,0,1,0,0,0,5,8,2018,4,9.0,1.0,0,1.0,3,0,3,  ,0,0.0,0,0,0,0,1,0,0,0,0,0,0,0,0,0,0,0,0
23430,2018098546,1652.0,1649.0,67,67301,39.9567,-75.2045,0,0,0,0,0,0,5,9,2018,5,16.0,1.0,0,1.0,3,0,3,  ,0,0.0,0,0,0,0,0,0,0,0,0,0,0,0,0,0,0,0,0
23431,2018098559,718.0,714.0,48,48101,40.6544,-75.3344,0,0,0,0,0,0,4,9,2018,5,7.0,1.0,0,1.0,3,2,3,  ,0,0.0,1,0,1,0,0,0,0,0,0,0,1,0,0,0,0,0,1
23432,2018098568,1851.0,1849.0,39,39301,40.5926,-75.4632,0,0,0,0,0,1,4,9,2018,5,18.0,4.0,0,1.0,3,2,3,  ,3,3.0,0,0,1,0,0,0,0,0,0,0,0,0,0,0,0,0,0
23433,2018098593,1935.0,1933.0,25,25302,42.1207,-80.1023,0,0,0,0,0,0,4,9,2018,5,19.0,3.0,0,1.0,3,1,3,  ,3,3.0,0,0,1,0,0,0,0,0,0,0,0,0,0,0,0,1,0
23434,2018098603,1623.0,1622.0,48,48302,40.6896,-75.2282,0,1,0,0,0,0,8,9,2018,5,16.0,1.0,0,1.0,3,1,3,  ,3,3.0,0,0,0,0,0,0,0,0,0,0,0,0,0,0,0,0,0
23435,2018098604,1930.0,1925.0,9,9101,40.1579,-74.8313,0,1,0,0,1,0,6,9,2018,5,19.0,3.0,0,1.0,3,2,3,  ,0,0.0,0,0,0,0,0,0,0,0,0,0,0,0,0,0,0,0,0
23436,2018098707,850.0,845.0,14,14410,40.78,-77.863,0,0,0,0,0,1,4,9,2018,6,8.0,1.0,0,1.0,3,2,3,  ,3,3.0,1,0,1,0,0,0,0,0,0,0,0,0,0,0,0,0,0
23437,2018098816,734.0,730.0,67,67301,39.9423,-75.2338,0,0,0,0,0,1,4,9,2018,4,7.0,1.0,0,1.0,3,1,3,  ,2,3.0,1,0,1,0,0,0,0,0,0,0,0,0,0,0,0,0,0
23438,2018098848,1831.0,1828.0,67,67301,40.0153,-75.1503,0,0,0,0,0,1,4,8,2018,5,18.0,1.0,0,1.0,3,2,3,  ,3,3.0,0,0,1,0,0,0,0,0,0,0,0,0,0,0,0,0,0
23439,2018098856,2035.0,2030.0,67,67301,40.039,-75.15,0,1,0,0,0,0,4,9,2018,5,20.0,3.0,0,9.0,3,1,7,  ,2,3.0,0,0,1,0,0,0,0,0,0,0,0,0,0,0,0,0,0
23440,2018098915,1815.0,1813.0,67,67301,39.9504,-75.1917,0,0,0,0,0,0,5,9,2018,6,18.0,1.0,0,1.0,3,1,3,  ,2,3.0,0,0,0,0,0,0,0,0,0,0,0,0,0,0,0,0,0
23441,2018098931,1648.0,1644.0,6,6238,40.5548,-75.9971,0,0,0,0,0,0,4,9,2018,3,16.0,1.0,7,1.0,1,0,3,  ,0,0.0,0,0,1,0,0,0,0,0,0,0,0,0,0,0,0,0,0
23442,2018099061,1254.0,1250.0,7,7301,40.5128,-78.3919,0,0,0,0,0,0,4,9,2018,6,12.0,1.0,0,1.0,3,2,3,  ,3,3.0,0,0,1,0,0,0,0,0,0,0,0,0,0,0,0,0,0
23443,2018099280,1150.0,1148.0,46,46204,40.1843,-75.1169,0,0,0,0,0,1,4,9,2018,1,11.0,1.0,7,1.0,3,0,3,  ,0,0.0,0,0,1,0,0,0,0,0,0,0,0,0,0,0,0,0,0
23444,2018099590,1500.0,1453.0,67,67301,39.9898,-75.1255,0,0,0,0,0,0,8,9,2018,4,14.0,1.0,0,1.0,3,1,3,  ,2,3.0,0,0,0,0,0,0,0,0,0,0,0,0,0,0,0,0,0
23445,2018099725,1338.0,1336.0,48,48401,40.8627,-75.2048,0,0,0,0,0,0,4,9,2018,2,13.0,1.0,0,1.0,2,0,3,  ,0,0.0,0,0,1,0,0,0,0,0,0,0,0,0,0,0,0,0,0
23446,2018099787,2337.0,2332.0,38,38301,40.3378,-76.4177,0,0,0,0,0,0,5,9,2018,2,23.0,3.0,0,9.0,2,0,7,  ,0,0.0,1,0,0,0,0,0,0,0,0,0,0,0,0,0,0,0,0
23447,2018099985,1940.0,1937.0,67,67301,39.92,-75.1556,0,0,0,0,0,1,2,9,2018,1,19.0,3.0,0,9.0,3,1,7,  ,3,3.0,0,0,0,0,0,0,0,0,0,0,0,0,0,0,0,0,0
23448,2018100153,2131.0,2128.0,67,67301,40.0278,-75.1279,0,0,0,0,0,1,5,9,2018,2,21.0,3.0,0,9.0,3,0,7,  ,0,0.0,1,0,0,0,0,0,0,0,0,0,1,0,0,1,0,0,0
23449,2018100177,1453.0,1445.0,40,40301,40.9613,-75.9877,0,0,0,0,0,1,4,7,2018,5,14.0,1.0,0,1.0,2,1,3,  ,0,0.0,0,0,1,0,0,1,0,0,0,0,0,0,0,0,0,0,0
23450,2018100191,1536.0,1524.0,9,9101,40.1276,-74.8667,0,1,0,0,1,0,6,9,2018,3,15.0,1.0,0,9.0,3,2,7,  ,1,3.0,0,0,0,0,0,0,0,0,0,0,0,0,0,0,0,0,0
23451,2018100227,1807.0,1757.0,2,2301,40.4525,-79.9811,0,0,0,0,1,0,4,9,2018,3,17.0,1.0,0,9.0,3,1,3,  ,0,0.0,0,0,1,0,0,0,0,0,0,0,0,0,0,0,0,0,0
23452,2018100275,1756.0,1756.0,37,37403,40.8616,-80.2786,0,0,0,0,0,1,4,8,2018,5,17.0,1.0,0,1.0,3,1,3,  ,2,3.0,0,0,1,0,0,0,0,0,0,0,0,0,0,0,0,0,0
23453,2018100899,855.0,848.0,9,9210,40.3497,-75.2026,0,0,0,0,0,0,4,9,2018,5,8.0,1.0,0,1.0,3,1,3,  ,0,0.0,0,0,1,0,0,0,0,0,0,0,0,0,0,0,0,0,0
23454,2018100902,955.0,949.0,35,35302,41.3982,-75.6883,0,0,0,0,0,0,4,9,2018,5,9.0,1.0,0,1.0,3,2,3,  ,0,0.0,0,0,1,0,0,0,0,0,0,0,0,0,0,0,0,1,0
23455,2018101057,1803.0,1802.0,67,67301,39.9425,-75.1723,0,0,0,0,1,0,5,9,2018,4,17.0,1.0,0,1.0,3,0,3,  ,0,0.0,0,0,0,0,0,0,0,0,0,0,0,0,0,0,0,1,0
23456,2018101061,1225.0,1222.0,67,67301,39.9748,-75.15,0,0,0,0,0,0,4,9,2018,2,12.0,1.0,0,9.0,3,2,7,  ,3,3.0,0,0,1,0,0,0,0,0,0,0,0,0,0,0,0,0,0
23457,2018101097,1338.0,1339.0,67,67301,39.9287,-75.1687,0,0,0,0,0,0,4,9,2018,6,13.0,1.0,0,1.0,3,1,3,  ,3,3.0,0,0,1,0,0,0,0,0,0,0,0,0,0,0,0,0,0
23458,2018101098,1000.0,9999.0,67,67301,39.9411,-75.1598,0,0,0,0,0,0,4,9,2018,6,7.0,1.0,0,1.0,3,1,3,  ,3,3.0,0,0,1,0,0,0,0,0,0,0,0,0,0,0,0,0,0
23459,2018101101,1355.0,1349.0,67,67301,39.9509,-75.1642,0,0,0,0,0,0,1,9,2018,6,13.0,1.0,0,1.0,3,0,3,  ,0,0.0,0,0,0,0,0,0,0,0,0,0,0,0,0,0,0,0,0
23460,2018101184,1835.0,1832.0,21,21403,40.2466,-76.8941,0,1,0,0,0,0,4,9,2018,5,18.0,1.0,0,9.0,3,1,3,  ,2,3.0,0,1,1,0,0,0,0,0,0,0,0,0,0,0,0,0,0
23461,2018101323,1450.0,1449.0,11,11301,,,0,0,0,0,0,0,8,8,2018,6,14.0,1.0,0,1.0,3,0,3,  ,0,0.0,0,0,0,0,0,0,0,0,0,0,0,0,0,0,0,0,0
23462,2018101492,45.0,43.0,67,67301,39.943,-75.1674,0,0,0,0,0,0,5,9,2018,7,0.0,3.0,0,9.0,3,1,7,  ,3,3.0,0,0,0,0,0,0,0,0,0,0,0,0,0,0,0,0,0
23463,2018101507,1310.0,1305.0,9,9213,40.1418,-74.8746,1,0,0,0,0,0,0,9,2018,5,13.0,1.0,7,1.0,3,0,3,  ,0,0.0,0,0,0,0,0,0,0,0,0,0,0,0,0,0,0,1,0
23464,2018101516,1240.0,1235.0,11,11301,40.3128,-78.908,0,1,0,0,0,1,4,8,2018,3,12.0,1.0,0,1.0,3,1,3,  ,3,9.0,0,0,1,0,0,0,0,0,0,0,0,0,0,0,0,0,0