,CRN,ARRIVAL_TM,DISPATCH_TM,COUNTY,MUNICIPALITY,DEC_LAT,DEC_LONG,BICYCLE_DEATH_COUNT,BICYCLE_SUSP_SERIOUS_INJ_COUNT,BUS_COUNT,HEAVY_TRUCK_COUNT,SMALL_TRUCK_COUNT,SUV_COUNT,COLLISION_TYPE,CRASH_MONTH,CRASH_YEAR,DAY_OF_WEEK,HOUR_OF_DAY,ILLUMINATION,LOCATION_TYPE,ROAD_CONDITION,URBAN_RURAL,INTERSECT_TYPE,WEATHER1,WEATHER2,TCD_TYPE,TCD_FUNC_CD,AGGRESSIVE_DRIVING,ALCOHOL_RELATED,ANGLE_CRASH,CELL_PHONE,COMM_VEHICLE,DISTRACTED,DRINKING_DRIVER,DRUGGED_DRIVER,FATIGUE_ASLEEP,IMPAIRED_DRIVER,NHTSA_AGG_DRIVING,RUNNING_RED_LT,RUNNING_STOP_SIGN,SPEEDING_RELATED,TAILGATING,MATURE_DRIVER,YOUNG_DRIVER
23465,2018101619,1405.0,1403.0,35,35402,41.4785,-75.5998,0,0,0,0,0,1,2,9,2018,4,14.0,1.0,0,1.0,3,2,3,  ,0,0.0,0,0,0,0,0,0,0,0,0,0,0,0,0,0,0,0,0
23466,2018101736,1254.0,1250.0,38,38301,40.3353,-76.424,0,0,0,0,0,1,4,9,2018,7,12.0,1.0,0,1.0,2,0,3,  ,0,0.0,0,0,1,0,0,0,0,0,0,0,0,0,0,0,0,0,0
23467,2018101834,2038.0,2031.0,26,26214,39.9403,-79.6461,0,0,0,0,0,1,4,9,2018,4,20.0,2.0,0,1.0,1,2,3,  ,0,0.0,0,0,1,0,0,0,0,0,0,0,0,0,0,0,0,0,0
23468,2018101892,1803.0,1800.0,21,21402,40.1987,-77.1895,0,1,0,0,0,1,5,9,2018,7,17.0,1.0,0,1.0,2,0,3,  ,0,0.0,0,0,0,0,0,0,0,0,0,0,0,0,0,0,0,0,0
23469,2018102011,1545.0,1541.0,48,48301,40.6117,-75.3663,0,0,0,0,0,1,4,9,2018,4,15.0,1.0,0,1.0,3,1,3,  ,0,0.0,0,0,1,0,0,0,0,0,0,0,0,0,0,0,0,0,0
23470,2018102209,920.0,915.0,67,67301,39.9542,-75.1905,0,0,0,0,0,1,4,10,2018,2,9.0,1.0,0,1.0,3,0,3,  ,0,0.0,0,0,1,0,0,0,0,0,0,0,0,0,0,0,0,0,0
23471,2018102441,1724.0,1718.0,11,11301,40.3097,-78.9087,0,1,1,0,0,0,4,10,2018,2,17.0,1.0,0,1.0,3,1,3,  ,3,3.0,0,0,1,0,1,0,0,0,0,0,0,0,0,0,0,0,0
23472,2018102617,816.0,808.0,22,22208,40.3139,-76.799,0,0,0,0,0,0,4,8,2018,6,8.0,1.0,0,1.0,3,1,3,  ,2,3.0,0,0,1,0,0,0,0,0,0,0,0,0,0,0,0,0,0
23473,2018102660,554.0,553.0,38,38215,40.4322,-76.5692,0,1,0,0,1,0,4,10,2018,3,5.0,3.0,0,1.0,1,2,5,  ,0,0.0,1,0,1,0,0,0,0,0,0,0,0,0,0,0,0,0,0
23474,2018102933,1701.0,1658.0,39,39301,40.6066,-75.45,0,0,0,0,0,1,2,10,2018,3,16.0,1.0,0,1.0,3,1,3,  ,3,3.0,0,0,0,0,0,0,0,0,0,0,0,0,0,0,0,0,0
23475,2018103119,1756.0,1756.0,46,46101,40.1061,-75.1228,0,0,0,0,0,1,4,9,2018,4,17.0,1.0,0,1.0,3,0,3,  ,0,0.0,0,0,1,0,0,0,0,0,0,0,0,0,0,0,0,0,0
23476,2018103153,1313.0,1303.0,37,37214,41.0086,-80.3772,0,0,0,0,0,0,4,9,2018,6,13.0,1.0,7,1.0,1,0,3,  ,0,0.0,0,0,1,0,0,0,0,0,0,0,0,0,0,0,0,0,0
23477,2018103236,1528.0,1506.0,21,21211,40.0568,-77.5275,0,0,0,0,0,0,4,9,2018,3,15.0,1.0,0,9.0,1,0,3,  ,3,3.0,0,0,1,0,0,0,0,0,0,0,0,0,0,0,0,0,0
23478,2018103287,1055.0,1053.0,19,19501,40.9994,-76.4497,0,0,0,0,0,0,8,10,2018,3,10.0,1.0,0,1.0,2,1,3,  ,3,3.0,1,0,0,0,0,0,0,0,0,0,0,0,0,0,0,1,0
23479,2018103577,1044.0,1039.0,22,22301,40.2807,-76.8738,0,0,0,0,0,0,5,10,2018,5,10.0,1.0,0,1.0,3,0,7,  ,0,0.0,1,0,0,0,0,0,0,0,0,0,1,0,0,1,0,0,0
23480,2018103718,1801.0,1739.0,48,48101,40.6462,-75.3328,0,0,0,0,0,0,4,10,2018,4,17.0,1.0,0,1.0,3,2,3,  ,3,3.0,0,0,1,0,0,0,0,0,0,0,0,0,0,0,0,0,0
23481,2018103779,2014.0,2014.0,38,38301,40.342,-76.4,0,0,0,0,0,0,4,9,2018,1,20.0,3.0,7,1.0,2,0,3,  ,0,0.0,1,0,1,0,0,0,0,0,0,0,0,0,0,0,0,1,0
23482,2018104095,1620.0,1616.0,6,6102,40.41,-75.9244,0,0,0,0,0,0,4,9,2018,5,16.0,1.0,0,1.0,3,1,3,  ,3,3.0,0,0,1,0,0,0,0,0,0,0,0,0,0,0,0,0,0
23483,2018104098,1600.0,1550.0,67,67301,40.0744,-75.1661,0,0,0,0,0,0,4,9,2018,7,15.0,1.0,0,1.0,3,1,3,  ,3,3.0,0,0,1,0,0,0,0,0,0,0,0,0,0,0,0,0,0
23484,2018104108,1956.0,1955.0,67,67301,39.943,-75.1602,0,0,0,0,0,0,4,9,2018,2,19.0,3.0,0,9.0,3,1,7,  ,2,3.0,0,0,1,0,0,0,0,0,0,0,0,0,0,0,0,0,0
23485,2018104109,9999.0,1845.0,67,67301,39.9522,-75.1734,0,0,0,0,0,0,1,9,2018,4,12.0,1.0,0,1.0,3,0,98,  ,0,0.0,0,0,0,0,0,0,0,0,0,0,0,0,0,0,0,0,0
23486,2018104110,725.0,716.0,67,67301,39.9724,-75.2174,0,0,0,0,0,0,4,9,2018,4,7.0,1.0,0,9.0,3,2,3,  ,2,3.0,0,0,1,0,0,0,0,0,0,0,0,0,0,0,0,0,0
23487,2018104125,1710.0,1710.0,67,67301,39.9222,-75.1721,0,0,0,0,0,1,5,9,2018,6,17.0,1.0,0,1.0,3,0,3,  ,0,0.0,1,0,0,0,0,0,0,0,0,0,0,0,0,0,0,0,0
23488,2018104134,1840.0,1833.0,67,67301,40.0422,-75.0327,0,0,0,0,0,1,4,9,2018,6,18.0,1.0,0,1.0,3,1,3,  ,0,0.0,0,0,1,0,0,0,0,0,0,0,0,0,0,0,0,0,0
23489,2018104139,1643.0,1643.0,67,67301,39.9631,-75.225,0,0,0,0,0,0,1,9,2018,1,16.0,1.0,0,1.0,3,0,3,  ,0,0.0,0,0,0,0,0,0,0,0,0,0,0,0,0,0,0,0,0
23490,2018104174,1504.0,1458.0,67,67301,39.9519,-75.1598,0,0,0,0,0,0,4,9,2018,5,14.0,1.0,0,1.0,3,1,3,  ,2,3.0,0,0,1,0,0,0,0,0,0,0,0,0,0,0,0,0,0
23491,2018104184,1702.0,1659.0,6,6301,40.3287,-75.9174,0,0,0,0,0,1,4,10,2018,6,16.0,1.0,0,1.0,3,1,3,  ,3,3.0,0,0,1,0,0,0,0,0,0,0,0,0,0,0,0,1,0
23492,2018104449,1640.0,1639.0,46,46416,40.2447,-75.6506,0,0,0,0,0,0,4,10,2018,3,16.0,1.0,0,1.0,2,1,3,  ,2,3.0,0,0,1,0,0,0,0,0,0,0,0,0,0,0,0,1,0
23493,2018104464,1440.0,1437.0,40,40304,41.2414,-75.8867,0,1,0,0,0,0,4,10,2018,7,14.0,1.0,0,1.0,3,1,3,  ,2,3.0,0,1,1,0,0,0,0,0,0,0,0,0,0,0,0,0,0
23494,2018104966,1133.0,1133.0,6,6429,40.344,-75.9577,0,0,0,0,0,0,4,10,2018,4,11.0,1.0,0,1.0,3,1,3,  ,2,3.0,1,0,1,0,0,0,0,0,0,0,0,0,0,0,0,0,0
23495,2018105113,1640.0,1636.0,67,67301,39.99,-75.2194,0,0,0,0,0,1,8,10,2018,1,16.0,1.0,0,1.0,3,1,3,  ,2,3.0,0,0,0,0,0,1,0,0,0,0,0,0,0,0,0,0,0
23496,2018105149,2246.0,2245.0,39,39301,40.6063,-75.4683,0,0,0,0,0,0,4,10,2018,2,22.0,3.0,0,9.0,3,1,7,  ,0,0.0,1,0,1,0,0,0,0,0,0,0,0,0,0,0,0,0,0
23497,2018105158,2241.0,2232.0,2,2301,40.4384,-79.9501,0,0,0,0,0,0,1,10,2018,2,22.0,2.0,0,1.0,3,0,3,  ,0,0.0,0,0,0,0,0,0,0,0,0,0,0,0,0,0,0,0,0
23498,2018105457,1139.0,1119.0,11,11415,40.4811,-78.5518,0,0,0,0,0,1,4,10,2018,7,11.0,1.0,0,9.0,1,1,3,  ,3,3.0,1,0,1,0,0,0,0,0,0,0,0,0,0,0,0,1,0
23499,2018105502,1830.0,1826.0,45,45402,40.9999,-75.1659,0,0,0,0,0,0,4,6,2018,7,18.0,1.0,0,1.0,2,0,3,  ,0,0.0,0,0,1,0,0,0,0,0,0,0,0,0,0,0,0,0,0
23500,2018105522,2147.0,2147.0,67,67301,40.0072,-75.1294,0,0,0,0,0,0,5,9,2018,5,21.0,3.0,0,1.0,3,0,3,  ,0,0.0,0,0,0,0,0,0,0,0,0,0,0,0,0,0,0,0,0
23501,2018105526,2202.0,2200.0,67,67301,40.0176,-75.082,0,0,0,0,0,1,6,9,2018,4,22.0,3.0,0,1.0,3,0,3,  ,0,0.0,0,0,0,0,0,0,0,0,0,0,0,0,0,0,0,0,0
23502,2018105536,2001.0,2001.0,67,67301,39.9584,-75.2113,0,0,0,0,0,0,2,9,2018,6,19.0,3.0,0,1.0,3,0,3,  ,0,0.0,0,1,0,0,0,0,0,0,0,0,0,0,0,0,0,0,0
23503,2018105537,38.0,30.0,67,67301,39.994,-75.1792,0,0,1,0,0,0,1,9,2018,7,0.0,3.0,0,1.0,3,1,3,  ,2,3.0,0,0,0,0,1,0,0,0,0,0,0,0,0,0,0,0,0
23504,2018105716,2318.0,2311.0,54,54205,40.7908,-77.0128,0,0,0,0,0,0,6,10,2018,4,23.0,2.0,0,1.0,1,0,3,  ,0,0.0,0,0,0,0,0,0,0,0,0,0,0,0,0,0,0,0,0
23505,2018105809,618.0,616.0,46,46411,40.2449,-75.2988,0,0,0,0,0,0,4,10,2018,4,6.0,2.0,0,1.0,3,1,3,  ,3,3.0,0,0,1,0,0,0,0,0,0,0,0,0,0,0,0,0,0
23506,2018105955,732.0,730.0,23,23103,39.9819,-75.3036,0,0,0,0,0,0,2,10,2018,3,7.0,1.0,0,9.0,3,2,7,  ,3,3.0,0,0,0,0,0,0,0,0,0,0,0,0,0,0,0,1,0
23507,2018105997,805.0,759.0,67,67301,39.9551,-75.1696,0,0,0,0,0,0,5,9,2018,4,7.0,1.0,0,9.0,3,0,3,  ,0,0.0,0,0,0,0,0,0,0,0,0,0,0,0,0,0,0,0,0
23508,2018106004,1045.0,1042.0,67,67301,39.9962,-75.1721,0,0,0,0,0,1,4,9,2018,7,9.0,1.0,0,1.0,3,0,3,  ,0,0.0,0,0,1,0,0,0,0,0,0,0,0,0,0,0,0,0,0
23509,2018106280,1513.0,1502.0,6,6223,40.3737,-76.2189,0,0,0,0,0,0,1,10,2018,4,15.0,1.0,0,1.0,1,2,3,  ,3,3.0,0,0,0,0,0,0,0,0,0,0,0,0,0,0,0,0,0
23510,2018106614,1848.0,1848.0,46,46104,40.008,-75.2914,0,0,0,0,0,0,5,10,2018,6,18.0,3.0,0,1.0,3,2,3,  ,2,3.0,1,0,0,0,0,0,0,0,0,0,0,0,0,0,0,1,0
23511,2018106646,927.0,925.0,48,48212,40.6879,-75.2534,0,0,0,0,0,0,4,10,2018,4,9.0,1.0,0,1.0,3,1,3,  ,2,3.0,0,0,1,0,0,0,0,0,0,0,0,0,0,0,0,0,0
23512,2018106811,7.0,5.0,67,67301,39.9738,-75.2582,0,1,0,0,0,1,4,9,2018,1,0.0,3.0,0,1.0,3,1,3,  ,2,3.0,0,0,1,0,0,0,0,0,0,0,0,0,0,0,0,0,0
23513,2018106843,1232.0,1230.0,67,67301,40.0442,-75.0888,0,0,0,0,0,1,5,9,2018,1,12.0,1.0,0,1.0,3,0,3,  ,0,0.0,0,0,0,0,0,0,0,0,0,0,0,0,0,0,0,0,0
23514,2018106856,1210.0,1156.0,67,67301,39.9732,-75.159,0,0,0,0,0,0,8,9,2018,5,8.0,1.0,0,1.0,3,1,99,  ,2,3.0,0,0,0,0,0,0,0,0,0,0,0,0,0,0,0,0,0
23515,2018106978,1610.0,1610.0,6,6405,40.3326,-75.6361,0,0,0,0,0,1,2,10,2018,6,16.0,1.0,0,1.0,1,1,3,  ,2,3.0,1,0,0,0,0,0,0,0,0,0,0,0,0,0,0,0,0
23516,2018107264,2123.0,2123.0,9,9227,40.2472,-75.1888,1,0,0,0,0,1,1,10,2018,7,21.0,2.0,0,1.0,3,0,3,  ,0,0.0,0,0,0,0,0,0,0,1,0,1,0,0,0,0,0,0,0
23517,2018107364,1655.0,1646.0,36,36301,40.0265,-76.3046,0,0,0,0,0,0,4,10,2018,7,16.0,1.0,0,1.0,3,1,3,  ,3,3.0,0,0,1,0,0,0,0,0,0,0,0,0,0,0,0,0,0
23518,2018107450,1408.0,1402.0,67,67301,40.1124,-74.991,0,1,0,0,0,0,4,10,2018,1,14.0,1.0,0,1.0,3,1,3,  ,2,3.0,0,0,1,0,0,0,0,0,0,0,0,0,0,0,0,0,0
23519,2018107726,1921.0,1917.0,9,9225,40.1847,-75.0506,0,0,0,0,0,0,4,10,2018,4,19.0,3.0,0,1.0,3,1,3,  ,0,0.0,0,0,1,0,0,0,0,0,0,0,0,0,0,0,0,0,0
23520,2018107774,1116.0,1110.0,25,25302,42.1066,-80.0912,0,0,0,0,0,1,4,10,2018,2,11.0,1.0,7,9.0,3,2,7,  ,0,0.0,1,0,1,0,0,0,0,0,0,0,0,0,0,0,0,0,0
23521,2018107875,1530.0,1510.0,67,67301,39.9454,-75.1565,0,0,0,0,0,0,8,10,2018,4,14.0,1.0,0,1.0,3,2,3,  ,0,0.0,0,0,0,0,0,0,0,0,0,0,0,0,0,0,0,0,0
23522,2018107901,1000.0,936.0,67,67301,39.9715,-75.1645,0,0,1,0,0,0,5,9,2018,5,7.0,3.0,0,9.0,3,0,7,  ,0,0.0,0,0,0,0,1,0,0,0,0,0,0,0,0,0,0,0,0
23523,2018107910,935.0,925.0,67,67301,39.9576,-75.206,0,0,0,0,0,0,4,9,2018,2,8.0,1.0,0,9.0,3,1,7,  ,2,3.0,0,0,1,0,0,0,0,0,0,0,0,0,0,0,0,0,0
23524,2018107927,645.0,630.0,67,67301,40.0592,-75.0091,0,0,0,0,0,0,4,9,2018,5,6.0,1.0,0,1.0,3,0,3,  ,0,0.0,0,0,1,0,0,0,0,0,0,0,0,0,0,0,0,0,0
23525,2018107985,1134.0,1132.0,9,9213,40.1426,-74.8884,0,0,0,0,0,1,4,10,2018,7,11.0,1.0,0,1.0,3,0,3,  ,0,0.0,0,0,1,0,0,1,0,0,0,0,0,0,0,0,0,1,0
23526,2018108961,2215.0,2215.0,22,22301,40.2558,-76.8695,0,1,0,0,0,0,4,10,2018,3,21.0,3.0,0,1.0,3,1,3,  ,2,3.0,0,0,1,0,0,1,0,0,0,0,0,0,0,0,0,0,0
23527,2018109110,834.0,830.0,46,46209,40.2605,-75.3666,0,0,0,0,0,0,4,10,2018,4,8.0,1.0,0,1.0,1,1,3,  ,3,3.0,1,0,1,0,0,0,0,0,0,0,0,0,0,0,0,0,0
23528,2018109112,1930.0,1929.0,46,46104,40.0243,-75.3243,0,0,0,0,0,0,4,10,2018,1,19.0,3.0,0,1.0,3,2,3,  ,0,0.0,0,0,1,0,0,0,0,0,0,0,0,0,0,0,0,0,0
23529,2018109125,808.0,806.0,40,40228,41.0604,-76.2238,0,0,0,0,0,0,4,10,2018,5,8.0,1.0,0,1.0,1,1,3,  ,3,3.0,0,0,1,0,0,0,0,0,0,0,0,0,0,0,0,0,0
23530,2018109282,54.0,54.0,67,67301,40.0233,-75.0768,0,0,0,0,0,0,4,9,2018,4,21.0,3.0,0,98.0,3,1,99,  ,2,3.0,0,0,1,0,0,0,0,0,0,0,0,0,0,0,0,0,0
23531,2018109307,2031.0,2030.0,67,67301,39.9447,-75.1652,0,0,0,0,0,1,4,9,2018,1,20.0,3.0,0,9.0,3,1,7,  ,2,3.0,0,0,1,0,0,0,0,0,0,0,0,0,0,0,0,0,0
23532,2018109327,1705.0,1634.0,67,67301,40.0334,-75.1755,0,0,0,0,0,0,4,10,2018,5,16.0,1.0,0,1.0,3,1,3,  ,3,3.0,0,0,1,0,0,1,0,0,0,0,0,0,0,0,0,0,0
23533,2018109384,2057.0,2052.0,36,36101,40.1004,-76.3296,0,0,0,0,0,0,1,10,2018,3,20.0,2.0,0,1.0,3,0,3,  ,0,0.0,0,0,0,0,0,1,0,0,0,0,0,0,0,0,0,0,0
23534,2018109502,2009.0,2005.0,4,4105,40.716,-80.2999,0,0,0,0,0,1,8,10,2018,7,20.0,3.0,0,1.0,3,1,3,  ,2,3.0,0,0,0,0,0,0,0,0,0,0,0,0,0,0,0,0,0
23535,2018109560,610.0,550.0,46,46107,40.1065,-75.3158,0,0,0,0,1,0,4,10,2018,6,5.0,6.0,0,1.0,3,2,3,  ,0,0.0,1,0,1,0,0,0,0,0,0,0,0,0,0,0,0,1,0
23536,2018109688,642.0,630.0,19,19404,41.0472,-76.2718,0,0,0,0,0,0,4,10,2018,2,6.0,3.0,0,9.0,2,0,7,  ,0,0.0,0,0,1,0,0,0,0,0,0,0,0,0,0,0,0,0,0
23537,2018109795,1921.0,1914.0,2,2301,40.4543,-79.9312,0,0,0,0,0,0,4,10,2018,6,18.0,3.0,0,9.0,3,2,7,  ,0,0.0,0,0,1,0,0,0,0,0,0,0,0,0,0,0,0,0,0
23538,2018109911,1615.0,1609.0,36,36415,40.1026,-76.0971,0,1,0,0,0,1,4,10,2018,3,16.0,1.0,0,1.0,1,1,3,  ,3,2.0,0,0,1,0,0,0,0,0,0,0,0,0,0,0,0,1,0
23539,2018109979,1445.0,1443.0,46,46103,40.2873,-75.3119,0,0,0,0,0,1,5,10,2018,6,14.0,1.0,0,1.0,3,2,3,  ,0,0.0,0,1,0,0,0,0,0,0,0,0,0,0,0,0,0,0,0
23540,2018110096,1507.0,1502.0,46,46202,40.1517,-75.3465,0,0,0,0,0,0,4,10,2018,7,15.0,1.0,99,1.0,3,2,3,  ,2,3.0,0,0,1,0,0,0,0,0,0,0,0,0,0,0,0,0,0
23541,2018110153,2105.0,2058.0,2,2301,40.3932,-79.9945,0,0,0,0,0,1,8,10,2018,7,20.0,3.0,0,1.0,3,1,3,  ,0,0.0,0,0,0,0,0,0,0,0,0,0,0,0,0,0,0,1,0
23542,2018110289,901.0,858.0,23,23301,39.8405,-75.3713,0,0,0,0,0,0,8,10,2018,1,8.0,1.0,0,9.0,3,2,3,  ,3,3.0,0,0,0,0,0,0,0,0,0,0,0,0,0,0,0,0,0
23543,2018110710,1549.0,1530.0,62,62419,40.2523,-80.2108,0,0,0,0,0,0,0,10,2018,6,15.0,1.0,0,1.0,3,1,3,  ,3,3.0,0,0,0,0,0,0,0,0,0,0,0,0,0,0,0,1,0
23544,2018110774,615.0,611.0,6,6203,40.2576,-75.7287,0,0,0,0,0,1,8,10,2018,2,6.0,2.0,0,1.0,1,2,3,  ,3,3.0,1,0,0,0,0,0,0,0,0,0,0,0,0,0,0,0,0
23545,2018110830,2138.0,2133.0,67,67301,39.9981,-75.0976,0,0,0,0,0,0,6,10,2018,3,21.0,3.0,0,1.0,3,0,3,  ,0,0.0,0,0,0,0,0,0,0,0,0,0,0,0,0,0,0,0,1
23546,2018111067,1817.0,1817.0,23,23408,39.9433,-75.2595,0,1,0,0,0,1,2,5,2018,6,18.0,1.0,0,1.0,3,1,3,  ,3,3.0,0,0,0,0,0,0,0,0,0,0,0,0,0,0,0,1,0
23547,2018111314,1512.0,1509.0,40,40414,41.2631,-75.8939,0,0,0,0,0,0,4,10,2018,6,15.0,1.0,0,1.0,3,0,3,  ,0,0.0,0,0,1,0,0,0,0,0,0,0,0,0,0,0,0,0,1
23548,2018111576,1202.0,1146.0,51,51204,41.2445,-75.3319,0,0,0,0,0,0,5,7,2018,1,11.0,1.0,0,1.0,1,0,3,  ,0,0.0,1,0,0,0,0,0,0,0,0,0,0,0,0,0,0,0,0
23549,2018111866,628.0,626.0,21,21103,40.2213,-76.9821,0,0,0,0,0,1,4,10,2018,4,6.0,3.0,0,1.0,3,1,3,  ,2,3.0,1,0,1,0,0,0,0,0,0,0,0,0,0,0,0,0,0
23550,2018111879,1731.0,1728.0,2,2301,40.4531,-79.9197,0,0,0,0,0,1,6,10,2018,4,17.0,1.0,0,1.0,3,2,3,  ,3,3.0,0,0,0,0,0,0,0,0,0,0,0,0,0,0,0,0,0
23551,2018112070,1620.0,1545.0,45,45214,40.9905,-75.1874,0,0,0,0,0,0,1,10,2018,4,15.0,1.0,0,1.0,1,0,3,  ,3,3.0,0,0,0,0,0,0,0,0,0,0,0,0,0,0,0,0,0
23552,2018112119,1037.0,1032.0,17,17301,41.1184,-78.7595,0,1,0,0,0,0,4,10,2018,5,10.0,1.0,0,1.0,2,1,3,  ,0,0.0,0,0,1,0,0,0,0,0,0,0,0,0,0,0,0,0,0
23553,2018112150,1334.0,1245.0,39,39301,40.6241,-75.4433,0,0,0,0,0,0,4,7,2018,5,12.0,1.0,0,1.0,3,1,3,  ,2,3.0,0,0,1,0,0,0,0,0,0,0,0,0,0,0,0,0,0
23554,2018112255,632.0,627.0,67,67301,39.9883,-75.1355,0,0,0,0,0,1,4,10,2018,2,6.0,1.0,0,1.0,3,1,3,  ,2,3.0,0,0,1,0,0,0,0,0,0,0,0,0,0,0,0,0,0
23555,2018112259,2350.0,2323.0,67,67301,39.9185,-75.164,0,0,0,0,0,0,4,10,2018,7,21.0,3.0,0,1.0,3,1,3,  ,3,3.0,1,0,1,0,0,0,0,0,0,0,0,0,1,0,0,0,0
23556,2018112303,1940.0,1930.0,67,67301,40.0123,-75.1135,0,0,0,0,0,1,4,10,2018,6,19.0,3.0,0,1.0,3,0,3,  ,0,0.0,0,0,1,0,0,0,0,0,0,0,0,0,0,0,0,0,0
23557,2018112572,1904.0,1903.0,4,4407,40.6607,-80.2372,0,1,0,0,0,1,4,10,2018,5,19.0,3.0,0,1.0,3,1,3,  ,0,0.0,0,0,1,0,0,0,0,0,0,0,0,0,0,0,0,0,0
23558,2018112906,1512.0,1512.0,66,66208,40.1809,-76.9178,0,0,0,0,0,0,4,10,2018,3,15.0,1.0,0,1.0,1,2,3,  ,0,0.0,1,0,1,0,0,0,0,0,0,0,0,0,0,0,0,0,1
23559,2018113634,2147.0,2145.0,39,39102,40.6441,-75.4698,0,0,0,0,0,0,4,10,2018,6,21.0,3.0,0,1.0,3,2,3,  ,0,0.0,1,0,1,0,0,0,0,0,0,0,0,0,0,0,0,0,0
23560,2018113842,1149.0,1149.0,67,67301,40.0085,-75.0915,0,0,0,0,0,0,4,10,2018,1,11.0,1.0,0,1.0,3,1,3,  ,2,3.0,0,0,1,0,0,0,0,0,0,0,0,0,0,0,0,0,0
23561,2018113870,650.0,644.0,36,36230,40.1855,-76.4093,0,1,0,0,0,0,1,9,2018,6,6.0,2.0,0,1.0,1,0,3,  ,0,0.0,0,1,0,0,0,0,0,0,0,0,0,0,0,0,0,0,0
23562,2018113900,1940.0,1939.0,2,2122,40.4724,-80.0732,0,1,0,0,0,1,2,10,2018,6,19.0,4.0,0,9.0,3,2,7,  ,2,3.0,0,0,0,0,0,0,0,0,0,0,0,0,0,0,0,0,0
23563,2018114043,1029.0,1026.0,6,6237,40.3103,-75.9652,0,1,0,0,0,0,4,10,2018,5,10.0,1.0,0,1.0,3,0,3,  ,0,0.0,0,0,1,0,0,1,0,0,0,0,0,0,0,0,0,0,0
23564,2018114316,1739.0,1732.0,46,46105,40.1189,-75.0559,0,0,0,0,0,1,4,10,2018,2,17.0,4.0,7,1.0,3,0,3,  ,0,0.0,0,0,1,0,0,1,0,0,0,0,0,0,0,0,0,0,0
23565,2018114480,1254.0,1251.0,21,21402,40.2008,-77.1808,0,0,0,1,0,0,4,10,2018,5,12.0,1.0,0,1.0,2,1,3,  ,2,3.0,0,0,1,0,1,0,0,0,0,0,0,0,0,0,0,0,0
23566,2018114525,652.0,641.0,36,36301,40.0369,-76.2985,0,0,0,0,0,1,4,10,2018,4,6.0,3.0,0,1.0,3,1,3,  ,3,2.0,0,0,1,0,0,0,0,0,0,0,0,0,0,0,0,0,0
23567,2018114710,850.0,840.0,14,14410,40.7957,-77.8532,0,0,0,0,0,1,4,10,2018,4,8.0,1.0,0,1.0,3,0,3,  ,0,0.0,1,0,1,0,0,0,0,0,0,0,0,0,0,0,0,0,0
23568,2018114780,1339.0,1339.0,39,39406,40.604,-75.3925,0,1,0,0,0,1,4,10,2018,6,13.0,1.0,0,1.0,3,1,3,  ,3,3.0,0,1,1,0,0,0,0,0,0,0,0,0,0,0,0,0,0
23569,2018114973,1519.0,1515.0,23,23106,40.0386,-75.366,0,0,0,0,0,0,4,10,2018,4,15.0,1.0,0,1.0,3,0,3,  ,0,0.0,0,0,1,0,0,0,0,0,0,0,0,0,0,0,0,0,0
23570,2018115110,2000.0,1957.0,67,67301,39.9252,-75.1863,0,0,0,0,1,0,4,9,2018,2,19.0,3.0,0,1.0,3,1,3,  ,3,3.0,0,0,1,0,0,0,0,0,0,0,0,0,0,0,0,0,0
23571,2018115131,1700.0,1654.0,67,67301,39.9616,-75.1616,0,0,0,0,0,0,4,10,2018,6,16.0,1.0,0,1.0,3,2,3,  ,3,3.0,0,0,1,0,0,0,0,0,0,0,0,0,0,0,0,0,0
23572,2018115136,630.0,630.0,67,67301,39.9573,-75.2479,0,0,0,0,0,1,1,10,2018,2,6.0,5.0,0,9.0,3,1,7,  ,2,3.0,1,0,0,0,0,0,0,0,0,0,0,0,0,0,0,0,0
23573,2018115138,2217.0,2212.0,67,67301,40.005,-75.098,0,0,0,0,0,1,4,10,2018,1,19.0,4.0,0,1.0,3,2,3,  ,3,3.0,0,0,1,0,0,0,0,0,0,0,0,0,0,0,0,0,0
23574,2018115159,2109.0,2056.0,67,67301,39.9438,-75.1584,0,0,0,0,0,0,1,10,2018,2,20.0,1.0,0,9.0,3,1,3,  ,0,0.0,0,0,0,0,0,0,0,0,0,0,0,0,0,0,0,0,0
23575,2018115160,709.0,706.0,67,67301,39.9356,-75.1452,0,0,0,0,0,1,4,10,2018,2,6.0,3.0,0,1.0,3,1,3,  ,3,3.0,0,0,1,0,0,0,0,0,0,0,0,0,0,0,0,0,0
23576,2018115194,1159.0,1148.0,67,67301,39.9666,-75.1604,0,0,0,0,0,0,5,10,2018,3,11.0,1.0,0,1.0,3,1,3,  ,1,3.0,0,0,0,0,0,0,0,0,0,0,0,0,0,0,0,0,0
23577,2018115208,1023.0,1014.0,67,67301,39.9968,-75.1538,0,0,0,0,0,0,4,10,2018,4,7.0,1.0,0,1.0,3,1,3,  ,2,3.0,1,0,1,0,0,0,0,0,0,0,0,0,0,0,0,0,0