,CRN,ARRIVAL_TM,DISPATCH_TM,COUNTY,MUNICIPALITY,DEC_LAT,DEC_LONG,BICYCLE_DEATH_COUNT,BICYCLE_SUSP_SERIOUS_INJ_COUNT,BUS_COUNT,HEAVY_TRUCK_COUNT,SMALL_TRUCK_COUNT,SUV_COUNT,COLLISION_TYPE,CRASH_MONTH,CRASH_YEAR,DAY_OF_WEEK,HOUR_OF_DAY,ILLUMINATION,LOCATION_TYPE,ROAD_CONDITION,URBAN_RURAL,INTERSECT_TYPE,WEATHER1,WEATHER2,TCD_TYPE,TCD_FUNC_CD,AGGRESSIVE_DRIVING,ALCOHOL_RELATED,ANGLE_CRASH,CELL_PHONE,COMM_VEHICLE,DISTRACTED,DRINKING_DRIVER,DRUGGED_DRIVER,FATIGUE_ASLEEP,IMPAIRED_DRIVER,NHTSA_AGG_DRIVING,RUNNING_RED_LT,RUNNING_STOP_SIGN,SPEEDING_RELATED,TAILGATING,MATURE_DRIVER,YOUNG_DRIVER
23578,2018115361,1933.0,1927.0,26,26204,40.0131,-79.6086,0,0,0,0,1,0,4,10,2018,7,19.0,2.0,0,8.0,1,2,7,  ,3,3.0,0,0,1,0,0,0,0,0,0,0,0,0,0,0,0,0,0
23579,2018115575,1056.0,1056.0,67,67301,40.0446,-75.0547,0,0,0,0,0,1,4,10,2018,6,22.0,3.0,0,1.0,3,1,3,  ,2,3.0,0,0,1,0,0,0,0,0,0,0,0,0,0,0,0,0,0
23580,2018115648,705.0,703.0,25,25302,42.1175,-80.0726,0,0,0,0,0,0,4,10,2018,1,7.0,3.0,0,1.0,3,1,3,  ,3,3.0,0,0,1,0,0,0,0,0,0,0,0,0,0,0,0,0,0
23581,2018116277,1217.0,1216.0,67,67301,40.0189,-75.0853,0,0,0,0,0,0,8,11,2018,1,12.0,1.0,0,1.0,3,0,3,  ,0,0.0,0,0,0,0,0,0,0,0,0,0,0,0,0,0,0,1,0
23582,2018116351,2332.0,2331.0,67,67301,39.9847,-75.1565,0,0,0,0,0,0,4,11,2018,6,22.0,3.0,0,1.0,3,1,3,  ,2,3.0,0,0,1,0,0,0,0,0,0,0,0,0,0,0,0,0,0
23583,2018116714,1105.0,1102.0,42,42202,41.9478,-78.6694,0,0,0,0,0,0,4,11,2018,5,11.0,1.0,0,9.0,1,0,3,  ,0,0.0,1,0,1,0,0,0,0,0,0,0,0,0,0,0,0,0,1
23584,2018117091,807.0,806.0,67,67301,39.9504,-75.1926,0,0,0,0,0,0,4,11,2018,3,8.0,1.0,0,9.0,3,1,7,  ,0,0.0,0,0,1,0,0,0,0,0,0,0,0,0,0,0,0,0,0
23585,2018117324,2205.0,2203.0,67,67301,39.9651,-75.1607,0,0,0,0,0,0,4,10,2018,3,22.0,2.0,0,1.0,3,1,3,  ,2,3.0,0,0,1,0,0,0,0,0,0,0,0,0,0,0,0,0,0
23586,2018117340,1512.0,1512.0,18,18301,41.1362,-77.4364,0,0,0,0,0,1,4,10,2018,5,15.0,1.0,0,1.0,2,1,3,  ,2,3.0,0,0,1,0,0,0,0,0,0,0,0,0,0,0,0,0,0
23587,2018117662,1655.0,1655.0,9,9403,40.3149,-75.1306,0,0,0,0,0,0,4,11,2018,7,16.0,1.0,0,1.0,3,1,3,  ,2,3.0,0,0,1,0,0,0,0,0,0,0,0,0,0,0,0,1,0
23588,2018117733,1625.0,1615.0,15,15235,39.9201,-75.5762,0,0,0,0,0,0,4,11,2018,3,16.0,4.0,3,9.0,1,0,7,  ,0,0.0,0,0,1,0,0,0,0,0,0,0,0,0,0,0,0,0,0
23589,2018117866,1720.0,1715.0,23,23110,39.8282,-75.4251,0,0,0,0,0,1,2,10,2018,5,17.0,4.0,7,1.0,3,0,3,  ,0,0.0,0,0,0,0,0,0,0,0,0,0,0,0,0,0,0,0,0
23590,2018117916,2008.0,2002.0,14,14410,40.7974,-77.8563,0,0,0,0,0,0,4,11,2018,4,20.0,3.0,0,1.0,3,1,3,  ,3,3.0,0,0,1,0,0,0,0,0,0,0,0,0,0,0,0,0,0
23591,2018118191,1327.0,124.0,49,49406,40.7948,-76.4058,0,1,0,0,0,1,9,10,2018,4,13.0,1.0,0,1.0,2,1,3,  ,0,0.0,0,0,0,0,0,0,0,0,0,0,0,0,0,0,0,0,0
23592,2018118262,1717.0,1708.0,39,39301,40.6018,-75.4795,0,0,0,0,0,0,4,5,2018,1,17.0,1.0,0,1.0,3,0,3,  ,0,0.0,0,0,1,0,0,0,0,0,0,0,0,0,0,0,0,1,0
23593,2018118347,2012.0,2011.0,67,67301,40.0431,-75.0738,0,0,0,0,0,0,4,10,2018,6,20.0,3.0,0,1.0,3,1,3,  ,2,3.0,0,0,1,0,0,0,0,0,0,0,0,0,0,0,0,0,0
23594,2018118387,1733.0,1729.0,2,2301,40.454,-80.0145,0,0,0,0,0,0,4,11,2018,5,17.0,3.0,0,1.0,3,1,3,  ,2,3.0,0,0,1,0,0,0,0,0,0,0,0,0,0,0,0,1,0
23595,2018118660,1620.0,1614.0,39,39301,40.6095,-75.4595,0,0,0,0,0,0,4,5,2018,5,16.0,1.0,0,1.0,3,1,3,  ,3,3.0,0,0,1,0,0,0,0,0,0,0,0,0,0,0,0,0,0
23596,2018119810,1743.0,1737.0,25,25213,42.0853,-80.1291,0,0,0,0,0,1,4,11,2018,2,17.0,3.0,0,1.0,3,1,3,  ,2,3.0,1,0,1,0,0,0,0,0,0,0,0,0,0,0,0,0,0
23597,2018120336,1928.0,1928.0,45,45404,40.9865,-75.1903,0,0,0,0,0,0,5,7,2018,3,19.0,1.0,0,1.0,2,0,3,  ,0,0.0,0,0,0,0,0,0,0,0,0,0,0,0,0,0,0,0,0
23598,2018120427,1601.0,1543.0,22,22207,40.1865,-76.6784,1,0,0,1,0,0,5,10,2018,7,15.0,1.0,0,1.0,1,0,3,  ,0,0.0,0,0,0,0,1,0,0,0,0,0,0,0,0,0,0,0,0
23599,2018120552,1458.0,1456.0,66,66301,39.9596,-76.7371,0,0,0,0,0,0,1,11,2018,3,14.0,1.0,0,1.0,3,0,3,  ,2,3.0,0,0,0,0,0,0,0,0,0,0,0,0,0,0,0,0,0
23600,2018120675,20.0,8.0,40,40101,41.2313,-75.9319,0,0,0,0,0,0,1,11,2018,4,0.0,2.0,0,1.0,3,0,3,  ,0,0.0,1,0,0,0,0,0,0,0,0,0,0,0,0,0,1,0,0
23601,2018120864,856.0,853.0,2,2301,40.4602,-79.9693,0,0,0,0,1,0,4,11,2018,4,8.0,1.0,0,1.0,3,1,3,  ,0,0.0,1,0,1,0,0,0,0,0,0,0,0,0,0,0,0,0,0
23602,2018120879,708.0,659.0,9,9101,40.1244,-74.8388,0,0,0,0,0,0,4,10,2018,5,6.0,1.0,0,1.0,3,0,3,  ,0,0.0,0,0,1,0,0,0,0,0,0,0,0,0,0,0,0,0,0
23603,2018120884,1724.0,1717.0,66,66204,40.0242,-76.7988,0,0,0,0,0,1,4,11,2018,2,17.0,2.0,0,1.0,1,1,3,  ,0,0.0,0,0,1,0,0,0,0,0,0,0,0,0,0,0,0,0,0
23604,2018120888,1613.0,1613.0,39,39301,40.5742,-75.4623,0,0,0,0,0,0,4,4,2018,2,16.0,1.0,0,1.0,3,0,3,  ,0,0.0,0,0,1,0,0,1,0,0,0,0,0,0,0,0,0,0,0
23605,2018120895,1059.0,1048.0,9,9221,40.3321,-75.0052,0,1,0,0,0,0,8,11,2018,1,10.0,1.0,0,1.0,1,1,3,  ,3,3.0,1,0,0,0,0,1,0,0,0,0,0,0,1,0,0,0,0
23606,2018120935,1603.0,1533.0,36,36202,40.18,-76.0358,0,0,0,0,0,0,8,10,2018,4,15.0,1.0,0,1.0,1,2,3,  ,3,3.0,0,0,0,0,0,0,0,0,0,0,0,0,0,0,0,1,0
23607,2018121466,1630.0,1630.0,6,6405,40.3351,-75.636,0,0,0,0,0,0,4,11,2018,1,16.0,1.0,0,1.0,1,1,3,  ,3,3.0,1,0,1,0,0,0,0,0,0,0,0,0,0,0,0,0,0
23608,2018121931,509.0,507.0,15,15402,39.823,-75.78,0,0,0,0,0,0,4,8,2018,6,5.0,3.0,0,1.0,1,0,3,  ,2,3.0,0,0,1,0,0,0,0,0,0,0,0,0,0,0,0,0,0
23609,2018121990,1720.0,1700.0,67,67301,40.0503,-75.1504,0,0,0,0,0,0,4,10,2018,2,17.0,2.0,0,1.0,3,0,3,  ,0,0.0,0,0,1,0,0,0,0,0,0,0,0,0,0,0,0,0,0
23610,2018121998,1253.0,1251.0,67,67301,39.9577,-75.2004,0,0,0,0,0,0,4,11,2018,6,23.0,3.0,7,9.0,3,0,7,  ,0,0.0,0,0,1,0,0,0,0,0,0,0,0,0,0,0,0,0,0
23611,2018122007,1330.0,1330.0,67,67301,39.9939,-75.1294,0,0,0,0,0,0,5,10,2018,3,11.0,1.0,0,1.0,3,3,3,  ,0,0.0,0,0,0,0,0,0,0,0,0,0,0,0,0,0,0,0,0
23612,2018122017,2210.0,2209.0,67,67301,40.0511,-75.0942,0,0,0,0,0,0,4,10,2018,6,22.0,3.0,0,9.0,3,1,7,  ,2,3.0,0,0,1,0,0,0,0,0,0,0,0,0,0,0,0,0,0
23613,2018122031,519.0,517.0,67,67301,39.957,-75.1572,1,0,0,0,1,0,4,10,2018,6,5.0,3.0,0,1.0,3,1,3,  ,2,1.0,0,0,1,0,0,0,0,0,0,0,0,0,0,0,0,0,0
23614,2018122045,1955.0,1948.0,67,67301,39.9771,-75.2298,0,0,0,0,0,0,4,10,2018,3,19.0,3.0,0,1.0,3,1,3,  ,2,3.0,0,0,1,0,0,0,0,0,0,0,0,0,0,0,0,0,0
23615,2018122051,1618.0,1616.0,67,67301,39.9822,-75.1168,0,1,0,1,0,0,5,10,2018,2,16.0,1.0,0,1.0,3,0,3,  ,0,0.0,0,0,0,0,1,0,0,0,0,0,0,0,0,0,0,1,0
23616,2018122074,9999.0,27.0,67,67301,40.0268,-75.0973,0,0,0,0,1,0,4,11,2018,6,18.0,3.0,0,1.0,3,1,3,  ,2,3.0,0,0,1,0,0,0,0,0,0,0,0,0,0,0,0,0,0
23617,2018122101,1735.0,1732.0,67,67301,39.9351,-75.1539,0,0,0,0,0,0,4,10,2018,4,17.0,1.0,0,1.0,3,1,3,  ,2,3.0,0,0,1,0,0,0,0,0,0,0,0,0,0,0,0,0,0
23618,2018122117,515.0,507.0,67,67301,40.0346,-75.0713,0,0,0,0,0,0,4,10,2018,7,5.0,3.0,0,9.0,3,1,7,  ,2,3.0,0,0,1,0,0,0,0,0,0,0,0,0,0,0,0,0,0
23619,2018122133,1040.0,1032.0,67,67301,39.9875,-75.1296,0,0,0,0,1,0,4,10,2018,6,10.0,1.0,0,1.0,3,5,3,  ,2,3.0,0,0,1,0,0,0,0,0,0,0,0,0,0,0,0,0,0
23620,2018122200,1651.0,1651.0,67,67301,39.9504,-75.1926,0,0,0,0,0,0,5,11,2018,6,16.0,1.0,0,1.0,3,0,3,  ,0,0.0,0,0,0,0,0,0,0,0,0,0,0,0,0,0,0,0,0
23621,2018122931,2139.0,2138.0,67,67301,39.9373,-75.1518,0,0,0,0,1,0,4,11,2018,6,21.0,3.0,0,1.0,3,1,3,  ,3,3.0,0,0,1,0,0,0,0,0,0,0,0,0,0,0,0,0,0
23622,2018123439,1705.0,1700.0,67,67301,39.9804,-75.2341,0,0,0,0,0,0,5,10,2018,6,16.0,1.0,0,1.0,3,0,3,  ,0,0.0,0,0,0,0,0,0,0,0,0,0,0,0,0,0,0,1,0
23623,2018123456,1657.0,1654.0,67,67301,39.9803,-75.1463,0,0,0,0,0,0,4,10,2018,3,16.0,1.0,0,1.0,3,1,3,  ,2,3.0,0,0,1,0,0,0,0,0,0,0,0,0,0,0,0,0,0
23624,2018123482,1445.0,1440.0,67,67301,39.9383,-75.1706,0,0,0,0,0,0,4,10,2018,6,14.0,1.0,7,1.0,3,0,3,  ,0,0.0,0,0,1,0,0,0,0,0,0,0,0,0,0,0,0,0,0
23625,2018123485,900.0,834.0,67,67301,39.9616,-75.175,0,0,0,0,0,0,4,10,2018,5,8.0,1.0,0,1.0,3,1,3,  ,2,3.0,0,0,1,0,0,0,0,0,0,0,0,0,0,0,0,0,0
23626,2018123486,1405.0,1354.0,67,67301,39.9551,-75.1685,0,0,0,0,0,0,5,10,2018,6,13.0,1.0,0,1.0,3,0,3,  ,0,0.0,0,0,0,0,0,0,0,0,0,0,0,0,0,0,0,0,0
23627,2018123534,2010.0,2007.0,67,67301,40.0003,-75.1428,0,0,0,0,0,0,4,10,2018,3,15.0,1.0,0,1.0,3,1,3,  ,3,3.0,0,0,1,0,0,0,0,0,0,0,0,0,0,0,0,0,0
23628,2018123546,2337.0,2322.0,67,67301,39.9497,-75.1671,0,0,0,0,0,0,5,10,2018,5,23.0,3.0,0,1.0,3,0,3,  ,0,0.0,0,0,0,0,0,0,0,0,0,0,0,0,0,0,0,0,0
23629,2018123556,902.0,900.0,67,67301,39.963,-75.1662,0,0,0,0,0,0,8,10,2018,6,8.0,1.0,0,1.0,3,1,3,  ,2,3.0,0,0,0,0,0,0,0,0,0,0,0,0,0,0,0,0,0
23630,2018123569,820.0,811.0,67,67301,39.9542,-75.1395,0,0,0,0,0,1,4,10,2018,5,7.0,5.0,2,9.0,3,2,7,  ,0,0.0,0,0,1,0,0,0,0,0,0,0,0,0,0,0,0,0,0
23631,2018123868,1210.0,1204.0,36,36301,40.036,-76.3082,0,0,0,0,0,1,4,11,2018,2,8.0,1.0,0,9.0,3,1,7,  ,3,3.0,1,0,1,0,0,0,0,0,0,0,0,0,0,0,0,0,0
23632,2018124420,1647.0,1645.0,23,23103,39.9841,-75.2945,0,0,0,0,0,0,4,11,2018,2,16.0,1.0,0,1.0,3,1,3,  ,0,0.0,0,0,1,0,0,0,0,0,0,0,0,0,0,0,0,0,0
23633,2018125028,717.0,712.0,15,15414,39.9667,-75.6001,0,0,0,0,0,0,4,11,2018,4,7.0,1.0,0,9.0,3,1,3,  ,0,0.0,0,0,1,0,0,0,0,0,0,0,0,0,0,0,0,0,0
23634,2018125656,1754.0,1745.0,67,67301,39.914,-75.239,0,0,0,0,0,0,4,11,2018,2,17.0,3.0,0,9.0,3,2,7,  ,0,0.0,1,0,1,0,0,0,0,0,0,0,0,0,0,0,0,0,0
23635,2018126097,1705.0,1700.0,67,67301,39.9167,-75.1596,0,0,0,0,0,0,8,11,2018,2,16.0,4.0,0,9.0,3,1,7,  ,3,9.0,0,0,0,0,0,0,0,0,0,0,0,0,0,0,0,0,0
23636,2018126258,1118.0,1111.0,45,45214,41.0382,-75.2087,0,0,0,0,0,1,8,11,2018,1,11.0,1.0,0,1.0,1,2,3,  ,0,0.0,0,0,0,0,0,0,0,0,0,0,0,0,0,0,0,1,0
23637,2018126613,1156.0,1142.0,36,36234,40.0543,-76.102,0,0,0,0,0,0,8,11,2018,6,11.0,1.0,0,1.0,1,0,3,  ,0,0.0,0,0,0,0,0,0,0,0,0,0,0,0,0,0,0,1,0
23638,2018126764,1021.0,1016.0,46,46104,40.0412,-75.2511,0,0,0,0,0,0,4,11,2018,4,10.0,1.0,0,1.0,3,3,3,  ,0,0.0,1,0,1,0,0,0,0,0,0,0,0,0,0,0,0,1,0
23639,2018126965,1127.0,1127.0,48,48301,40.6329,-75.3569,0,0,0,0,0,0,9,10,2018,3,6.0,5.0,0,1.0,3,1,3,  ,3,3.0,0,0,0,0,0,0,0,0,0,0,0,0,0,0,0,0,0
23640,2018127254,755.0,753.0,9,9228,40.2181,-75.0776,0,1,0,0,0,0,4,11,2018,5,7.0,1.0,0,1.0,1,1,3,  ,2,3.0,1,0,1,0,0,0,0,0,0,0,0,0,0,0,0,0,0
23641,2018127259,1628.0,1626.0,39,39301,40.6039,-75.4655,0,0,0,0,0,1,4,4,2018,1,16.0,1.0,0,1.0,3,1,3,  ,2,3.0,0,0,1,0,0,0,0,0,0,0,0,0,0,0,0,0,0
23642,2018127466,1618.0,1613.0,67,67301,39.9299,-75.15,0,0,0,0,0,0,4,11,2018,1,13.0,1.0,0,1.0,3,1,3,  ,0,0.0,0,0,1,0,0,0,0,0,0,0,0,0,0,0,0,0,0
23643,2018127467,1300.0,1300.0,67,67301,39.9256,-75.1693,0,0,0,0,0,1,4,11,2018,6,12.0,1.0,0,1.0,3,5,3,  ,2,3.0,0,0,1,0,0,0,0,0,0,0,0,0,0,0,0,0,0
23644,2018127489,1610.0,1608.0,22,22101,40.3232,-76.8715,0,0,0,0,0,0,8,11,2018,1,16.0,4.0,0,1.0,3,2,3,  ,0,0.0,1,0,0,0,0,0,0,0,0,0,0,0,0,0,0,0,0
23645,2018127664,1144.0,1144.0,36,36101,40.0771,-76.3088,0,1,0,0,0,0,8,11,2018,4,11.0,1.0,0,1.0,3,1,3,  ,2,3.0,1,0,0,0,0,1,0,0,0,0,0,0,0,0,0,0,0
23646,2018128092,945.0,930.0,67,67301,39.9616,-75.1734,0,0,0,0,0,1,5,11,2018,4,9.0,1.0,0,1.0,3,1,3,  ,3,3.0,1,0,0,0,0,0,0,0,0,0,0,0,0,0,0,0,0
23647,2018128952,1935.0,1931.0,6,6411,40.3882,-75.9178,0,0,0,0,0,0,4,12,2018,2,19.0,3.0,0,1.0,3,1,3,  ,3,9.0,0,0,1,0,0,0,0,0,0,0,0,0,0,0,0,0,0
23648,2018128974,1835.0,1831.0,9,9101,40.1358,-74.8824,0,1,0,0,0,0,5,12,2018,2,18.0,3.0,0,1.0,3,0,3,  ,0,0.0,0,1,0,0,0,0,0,0,0,0,0,0,0,0,0,0,0
23649,2018129443,1307.0,1301.0,67,67301,39.9576,-75.206,0,0,0,0,0,0,8,10,2018,2,12.0,1.0,0,1.0,3,1,3,  ,2,3.0,0,0,0,0,0,0,0,0,0,0,0,0,0,0,0,0,0
23650,2018129636,2010.0,1950.0,2,2301,40.4629,-79.9213,0,1,0,0,0,1,4,12,2018,2,19.0,3.0,0,9.0,3,1,7,  ,2,3.0,0,0,1,0,0,0,0,0,0,0,0,0,0,0,0,1,0
23651,2018129680,935.0,934.0,33,33406,40.9497,-78.9638,0,0,0,0,0,0,4,12,2018,2,9.0,1.0,0,1.0,2,2,3,  ,3,3.0,0,0,1,0,0,0,0,0,0,0,0,0,0,0,0,1,0
23652,2018130023,2206.0,2154.0,21,21215,40.0701,-77.5296,0,1,0,0,0,1,2,11,2018,3,21.0,2.0,0,1.0,1,0,3,  ,0,0.0,1,0,0,0,0,0,0,0,0,0,0,0,0,0,0,0,0
23653,2018130125,1840.0,1834.0,67,67301,40.0282,-75.0848,0,0,0,0,0,1,8,12,2018,3,18.0,3.0,0,1.0,3,1,3,  ,0,0.0,0,0,0,0,0,0,0,0,0,0,0,0,0,0,0,0,0
23654,2018130312,1040.0,1025.0,67,67301,39.9455,-75.1532,0,0,0,0,0,0,4,12,2018,5,10.0,1.0,0,1.0,3,1,3,  ,2,3.0,1,0,1,0,0,0,0,0,0,0,0,0,0,0,0,0,0
23655,2018130350,1030.0,1030.0,67,67301,39.9916,-75.1365,0,0,0,0,0,0,2,11,2018,1,10.0,1.0,0,1.0,3,0,3,  ,0,0.0,0,0,0,0,0,0,0,0,0,0,0,0,0,0,0,0,0
23656,2018130352,1806.0,1802.0,67,67301,39.9954,-75.1055,0,0,0,0,0,0,4,11,2018,1,18.0,3.0,0,1.0,3,1,3,  ,2,2.0,0,0,1,0,0,0,0,0,0,0,0,0,0,0,0,0,0
23657,2018130378,117.0,115.0,67,67301,39.9893,-75.1313,0,0,0,0,0,0,2,11,2018,4,15.0,1.0,0,98.0,3,1,99,  ,3,3.0,0,0,0,0,0,0,0,0,0,0,0,0,0,0,0,0,0
23658,2018130379,1752.0,1750.0,67,67301,39.9472,-75.1561,0,0,0,0,1,0,4,11,2018,6,17.0,3.0,0,9.0,3,1,7,  ,2,3.0,0,0,1,0,0,0,0,0,0,0,0,0,0,0,0,0,0
23659,2018130773,8.0,2359.0,67,67301,39.9388,-75.2103,0,0,0,0,0,0,4,10,2018,6,20.0,3.0,0,1.0,3,3,3,  ,0,0.0,0,0,1,0,0,0,0,0,0,0,0,0,0,0,0,0,0
23660,2018130776,1945.0,1945.0,67,67301,39.9405,-75.2189,0,0,0,0,0,0,4,11,2018,6,19.0,4.0,0,1.0,3,1,99,  ,2,3.0,1,0,1,0,0,0,0,0,0,0,0,1,0,0,0,0,0
23661,2018130829,1931.0,1921.0,67,67301,39.9939,-75.1533,0,0,0,0,0,0,5,11,2018,6,18.0,6.0,0,6.0,3,0,3,  ,0,0.0,0,0,0,0,0,0,0,0,0,0,0,0,0,0,0,0,0
23662,2018130838,1550.0,1641.0,67,67301,39.9972,-75.1802,0,0,0,0,0,1,4,11,2018,4,15.0,1.0,0,1.0,3,1,3,  ,2,3.0,0,0,1,0,0,0,0,0,0,0,0,0,0,0,0,1,0
23663,2018130852,232.0,228.0,67,67301,39.9666,-75.1604,0,0,0,0,0,0,4,11,2018,7,2.0,3.0,0,1.0,3,1,3,  ,2,3.0,0,0,1,0,0,0,0,0,0,0,0,0,0,0,0,0,0
23664,2018131132,2235.0,2230.0,67,67301,39.9944,-75.1301,0,0,0,0,0,1,8,11,2018,2,22.0,6.0,0,9.0,3,1,99,  ,2,9.0,0,0,0,0,0,0,0,0,0,0,0,0,0,0,0,0,0
23665,2018131761,900.0,845.0,67,67301,39.9587,-75.2211,0,0,0,0,0,0,4,11,2018,7,8.0,3.0,0,1.0,3,2,3,  ,3,3.0,0,0,1,0,0,0,0,0,0,0,0,0,0,0,0,0,0
23666,2018131762,1730.0,1723.0,67,67301,39.9627,-75.2243,0,0,1,0,0,0,5,11,2018,3,17.0,3.0,0,1.0,3,0,3,  ,0,0.0,1,0,0,0,1,0,0,0,0,0,0,0,0,1,0,0,0
23667,2018132039,954.0,949.0,65,65216,41.5501,-75.9672,0,0,0,0,0,0,5,12,2018,3,9.0,1.0,0,1.0,1,3,3,  ,0,0.0,1,0,0,0,0,0,0,0,0,0,0,0,0,1,0,1,0
23668,2018132698,1932.0,1857.0,63,63211,41.2456,-75.4464,0,0,0,0,0,0,4,7,2018,2,18.0,1.0,0,1.0,1,0,3,  ,0,0.0,1,0,1,0,0,0,0,0,0,0,0,0,0,0,0,0,0
23669,2018132788,1111.0,1109.0,38,38301,40.3364,-76.4276,0,0,0,0,0,0,4,12,2018,3,11.0,1.0,0,1.0,2,1,3,  ,2,3.0,0,0,1,0,0,0,0,0,0,0,0,0,0,0,0,0,0
23670,2018132835,1000.0,953.0,67,67301,39.9529,-75.1924,0,0,0,0,0,0,5,12,2018,4,9.0,1.0,0,1.0,3,0,3,  ,0,0.0,0,0,0,0,0,0,0,0,0,0,0,0,0,0,0,0,0
23671,2018132840,2342.0,2340.0,39,39104,40.564,-75.5593,1,0,0,0,0,0,1,10,2018,3,23.0,2.0,0,1.0,3,0,3,  ,0,0.0,1,0,0,0,0,0,0,0,0,0,0,0,0,1,0,0,0
23672,2018133403,2223.0,2221.0,39,39301,40.6136,-75.4472,0,0,0,0,0,0,8,12,2018,3,22.0,3.0,0,1.0,3,1,3,  ,3,3.0,0,0,0,0,0,0,0,0,0,0,0,0,0,0,0,0,0
23673,2018133449,1855.0,1848.0,67,67301,39.9758,-75.1584,0,0,0,0,0,0,1,11,2018,5,18.0,3.0,0,1.0,3,1,3,  ,2,3.0,0,0,0,0,0,0,0,0,0,0,0,0,0,0,0,0,0
23674,2018134665,1825.0,1823.0,67,67301,39.9536,-75.1986,0,0,0,0,0,1,2,12,2018,1,18.0,3.0,0,9.0,3,1,7,  ,2,3.0,0,0,0,0,0,0,0,0,0,0,0,0,0,0,0,0,0
23675,2018134912,535.0,530.0,36,36215,40.0165,-76.1628,1,0,0,1,0,0,4,12,2018,2,5.0,3.0,7,1.0,1,0,3,  ,0,0.0,0,0,1,0,1,1,0,0,0,0,0,0,0,0,0,0,0
23676,2018135036,1350.0,1341.0,7,7301,40.5074,-78.3994,0,0,0,0,0,0,4,12,2018,2,13.0,1.0,0,1.0,3,1,3,  ,3,3.0,1,0,1,0,0,0,0,0,0,0,0,0,0,0,0,0,0
23677,2018135086,1725.0,1720.0,36,36410,40.1623,-76.3872,0,0,0,0,0,1,4,12,2018,5,17.0,3.0,0,1.0,2,2,3,  ,3,3.0,1,0,1,0,0,0,0,0,0,0,0,0,1,0,0,0,0
23678,2018135842,804.0,803.0,39,39302,40.6214,-75.395,0,0,0,0,0,0,2,12,2018,4,8.0,1.0,0,1.0,3,1,3,  ,0,0.0,0,0,0,0,0,0,0,0,0,0,0,0,0,0,0,0,0
23679,2018136613,757.0,754.0,39,39302,40.624,-75.4045,0,0,0,0,0,0,4,12,2018,4,7.0,1.0,0,1.0,3,1,3,  ,3,3.0,0,0,1,0,0,0,0,0,0,0,0,0,0,0,0,0,0
23680,2018137537,1247.0,1243.0,35,35302,41.4369,-75.6545,0,0,0,0,0,0,8,12,2018,1,12.0,1.0,0,1.0,3,0,3,  ,0,0.0,0,0,0,0,0,0,0,0,0,0,0,0,0,0,0,0,0
23681,2018137749,1700.0,1656.0,46,46105,40.1256,-75.046,0,0,0,0,0,1,4,12,2018,1,16.0,2.0,0,1.0,3,0,3,  ,0,0.0,0,1,1,0,0,0,1,0,0,1,0,0,0,0,0,0,0
23682,2018137963,1601.0,1555.0,36,36218,40.1712,-76.1256,1,0,0,0,1,0,4,12,2018,6,15.0,1.0,0,1.0,1,0,3,  ,0,0.0,0,0,1,0,0,0,0,0,0,0,0,0,0,0,0,0,1
23683,2018138047,2131.0,2126.0,67,67301,39.9299,-75.1735,0,0,0,0,0,0,5,12,2018,7,21.0,3.0,0,1.0,3,1,3,  ,0,0.0,0,0,0,0,0,1,0,0,0,0,0,0,0,0,0,0,0
23684,2018138160,1937.0,1934.0,9,9202,40.1227,-74.9104,0,0,0,0,0,1,6,12,2018,3,19.0,2.0,0,1.0,3,0,3,  ,0,0.0,0,0,0,0,0,0,0,0,0,0,0,0,0,0,0,0,0
23685,2018138372,1533.0,1533.0,2,2474,40.5223,-80.0344,0,0,0,0,0,0,4,12,2018,4,15.0,1.0,0,1.0,3,1,3,  ,2,3.0,1,0,1,0,0,0,0,0,0,0,0,0,0,0,0,1,0
23686,2018138709,2020.0,2011.0,66,66406,39.9696,-76.5243,0,0,0,0,0,0,4,12,2018,2,20.0,3.0,7,1.0,1,2,3,  ,0,0.0,0,0,1,0,0,0,0,0,0,0,0,0,0,0,0,0,0
23687,2018139133,2005.0,1959.0,67,67301,39.9461,-75.1768,0,0,0,0,0,0,4,12,2018,2,19.0,3.0,0,1.0,3,1,3,  ,2,3.0,0,0,1,0,0,0,0,0,0,0,0,0,0,0,0,0,0
23688,2018139391,2348.0,2348.0,23,23427,39.9421,-75.251,0,0,0,0,0,0,5,12,2018,6,23.0,3.0,0,9.0,3,0,3,  ,0,0.0,0,0,0,0,0,0,0,0,0,0,0,0,0,0,0,0,0
23689,2018139528,1639.0,1636.0,21,21403,40.248,-76.8905,0,0,0,0,0,0,4,12,2018,7,16.0,4.0,0,1.0,3,0,3,  ,0,0.0,0,0,1,0,0,0,0,0,0,0,0,0,0,1,0,0,0
23690,2019000710,2100.0,2100.0,67,67301,39.962,-75.1576,0,0,0,0,0,1,4,11,2018,3,7.0,5.0,0,1.0,3,5,3,  ,2,3.0,0,0,1,0,0,0,0,0,0,0,0,0,0,0,0,0,0
23691,2019000599,1745.0,1741.0,54,54209,40.8121,-76.856,0,0,0,0,0,1,6,12,2018,1,17.0,3.0,0,1.0,1,0,3,  ,2,3.0,0,0,0,0,0,0,0,0,0,0,0,0,0,0,0,0,0