,CRN,ARRIVAL_TM,DISPATCH_TM,COUNTY,MUNICIPALITY,DEC_LAT,DEC_LONG,BICYCLE_DEATH_COUNT,BICYCLE_SUSP_SERIOUS_INJ_COUNT,BUS_COUNT,HEAVY_TRUCK_COUNT,SMALL_TRUCK_COUNT,SUV_COUNT,COLLISION_TYPE,CRASH_MONTH,CRASH_YEAR,DAY_OF_WEEK,HOUR_OF_DAY,ILLUMINATION,LOCATION_TYPE,ROAD_CONDITION,URBAN_RURAL,INTERSECT_TYPE,WEATHER1,WEATHER2,TCD_TYPE,TCD_FUNC_CD,AGGRESSIVE_DRIVING,ALCOHOL_RELATED,ANGLE_CRASH,CELL_PHONE,COMM_VEHICLE,DISTRACTED,DRINKING_DRIVER,DRUGGED_DRIVER,FATIGUE_ASLEEP,IMPAIRED_DRIVER,NHTSA_AGG_DRIVING,RUNNING_RED_LT,RUNNING_STOP_SIGN,SPEEDING_RELATED,TAILGATING,MATURE_DRIVER,YOUNG_DRIVER
23692,2019000615,2321.0,2312.0,53,53233,40.584,-76.2941,0,1,0,0,0,0,1,12,2018,4,23.0,2.0,0,1.0,1,0,3,  ,0,0.0,0,0,0,0,0,0,0,0,0,0,0,0,0,0,0,0,1
23693,2019000718,1919.0,1916.0,67,67301,39.9646,-75.1727,0,0,0,0,0,0,4,11,2018,2,18.0,3.0,0,1.0,3,1,3,  ,3,3.0,0,0,1,0,0,0,0,0,0,0,0,0,0,0,0,0,0
23694,2019000876,1756.0,1744.0,66,66403,39.7272,-76.323,0,1,0,0,1,0,1,12,2018,7,17.0,3.0,0,1.0,1,0,3,  ,0,0.0,0,0,0,0,0,0,0,0,0,0,0,0,0,0,0,0,0
23695,2019001441,1757.0,1757.0,37,37403,40.8585,-80.2856,0,0,0,0,0,0,4,9,2018,2,17.0,1.0,0,1.0,3,1,3,  ,3,3.0,0,0,1,0,0,1,0,0,0,0,0,0,0,0,0,0,0
23696,2019002816,1728.0,1726.0,36,36415,40.1038,-76.0859,0,0,0,0,0,1,5,1,2018,1,17.0,3.0,0,9.0,1,0,3,  ,0,0.0,0,0,0,0,0,0,0,0,0,0,0,0,0,0,0,0,0
23697,2019005429,2342.0,2339.0,10,10212,40.6973,-80.1276,1,0,0,0,0,1,1,12,2018,4,23.0,2.0,0,1.0,3,0,3,  ,0,0.0,1,1,0,0,0,0,1,0,0,1,0,0,0,1,0,0,0
23698,2019006385,1935.0,1930.0,67,67301,40.0275,-75.0629,0,0,0,0,0,0,9,10,2018,6,18.0,4.0,6,1.0,3,0,3,  ,3,3.0,0,0,0,0,0,0,0,0,0,0,0,0,0,0,0,0,0
23699,2019010368,1722.0,1721.0,46,46421,40.3136,-75.323,1,0,0,0,0,1,4,12,2018,2,17.0,2.0,0,9.0,3,1,7,  ,3,3.0,0,1,1,0,0,0,0,0,0,0,0,0,0,0,0,0,0
23700,2019011072,654.0,654.0,66,66231,39.9332,-76.8071,0,1,0,1,0,0,4,12,2018,2,6.0,5.0,7,1.0,1,0,3,  ,0,0.0,0,1,1,0,1,0,0,0,0,0,0,0,0,0,0,0,0
23701,2019012230,1415.0,1403.0,45,45214,41.0382,-75.2087,0,0,0,0,0,0,5,11,2018,7,14.0,1.0,0,1.0,1,2,3,  ,2,3.0,0,0,0,0,0,0,0,0,0,0,0,0,0,0,0,0,0
23702,2019016454,1737.0,1730.0,67,67301,39.9922,-75.1415,0,0,0,0,0,1,4,12,2018,3,99.0,3.0,0,1.0,3,1,3,  ,0,0.0,0,0,1,0,0,0,0,0,0,0,0,0,0,0,0,0,0
23703,2019017095,1520.0,1510.0,67,67301,39.9608,-75.1563,0,0,0,0,1,0,4,12,2018,4,14.0,1.0,0,1.0,3,1,3,  ,3,3.0,1,0,1,0,0,0,0,0,0,0,0,0,1,0,0,0,0
23704,2019017097,1738.0,1732.0,67,67301,39.9348,-75.162,0,0,0,0,0,0,4,12,2018,3,17.0,3.0,0,1.0,3,1,3,  ,2,3.0,0,0,1,0,0,0,0,0,0,0,0,0,0,0,0,0,0
23705,2019017149,1830.0,1825.0,67,67301,39.9664,-75.2076,0,0,0,0,0,0,4,12,2018,5,18.0,3.0,0,1.0,3,1,3,  ,2,3.0,0,0,1,0,0,0,0,0,0,0,0,0,0,0,0,0,0
23706,2019017151,2321.0,2319.0,67,67301,39.9412,-75.1758,0,0,0,0,0,0,4,12,2018,2,23.0,3.0,0,1.0,3,1,3,  ,2,3.0,0,0,1,0,0,0,0,0,0,0,0,0,0,0,0,0,0
23707,2019017160,1715.0,1705.0,67,67301,39.9712,-75.1344,0,0,1,0,0,0,5,12,2018,5,17.0,3.0,0,9.0,3,0,7,  ,0,0.0,0,0,0,0,1,0,0,0,0,0,0,0,0,0,0,0,0
23708,2019017791,1730.0,1725.0,67,67301,39.9712,-75.2258,0,0,1,0,0,0,5,12,2018,2,17.0,3.0,0,1.0,3,0,3,  ,0,0.0,0,0,0,0,1,0,0,0,0,0,0,0,0,0,0,0,0
23709,2019028207,1300.0,1257.0,67,67301,39.9541,-75.2025,0,0,0,0,0,0,5,9,2018,7,12.0,1.0,0,1.0,3,1,3,  ,2,3.0,0,0,0,0,0,0,0,0,0,0,0,0,0,0,0,0,0
23710,2019082180,,,67,67301,39.9467,-75.1625,0,0,0,0,0,0,4,9,2018,4,14.0,1.0,0,1.0,3,0,3,  ,2,3.0,0,0,1,0,0,0,0,0,0,0,0,0,0,0,0,0,0
23711,2019001329,1643.0,1638.0,67,67301,39.9274,-75.1556,0,0,0,0,0,0,4,1,2019,5,16.0,4.0,0,1.0,3,0,3,  ,0,0.0,0,0,1,0,0,0,0,0,0,0,0,0,0,0,0,0,0
23712,2019001925,1037.0,1036.0,46,46101,40.1149,-75.1262,0,0,0,0,0,1,5,1,2019,6,10.0,1.0,0,1.0,3,0,3,  ,0,0.0,0,0,0,0,0,0,0,0,0,0,0,0,0,0,0,0,0
23713,2019002862,50.0,50.0,39,39102,40.6265,-75.4832,0,0,0,0,0,0,4,1,2019,2,0.0,3.0,0,1.0,3,2,3,  ,2,3.0,0,0,1,0,0,0,0,0,0,0,0,0,0,0,0,0,0
23714,2019003564,533.0,530.0,15,15240,39.9843,-75.8527,0,0,0,0,0,1,8,1,2019,6,5.0,3.0,0,1.0,3,1,3,  ,3,3.0,1,0,0,0,0,0,0,0,0,0,0,0,0,0,0,0,0
23715,2019003837,1548.0,1535.0,17,17301,41.1195,-78.76,0,0,0,0,0,0,4,1,2019,5,15.0,1.0,0,1.0,2,1,3,  ,2,3.0,0,0,1,0,0,0,0,0,0,0,0,0,0,0,0,0,0
23716,2019004053,1547.0,1544.0,23,23417,39.8798,-75.2954,0,0,0,0,0,0,4,1,2019,5,15.0,1.0,0,1.0,3,2,3,  ,0,0.0,0,0,1,0,0,0,0,0,0,0,0,0,0,0,0,0,1
23717,2019004415,1616.0,1614.0,14,14410,40.8035,-77.8666,0,0,0,0,0,0,4,1,2019,7,16.0,1.0,0,1.0,3,2,3,  ,2,3.0,0,0,1,0,0,0,0,0,0,0,0,0,0,0,0,0,1
23718,2019004642,1630.0,1620.0,67,67301,40.0274,-75.0627,0,0,0,0,0,0,4,1,2019,6,14.0,1.0,0,1.0,3,5,3,  ,2,3.0,0,0,1,0,0,0,0,0,0,0,0,0,0,0,0,0,0
23719,2019006227,808.0,803.0,2,2301,40.4544,-79.994,0,0,0,0,0,1,4,1,2019,5,7.0,1.0,3,1.0,3,0,3,  ,0,0.0,0,0,1,0,0,0,0,0,0,0,0,0,0,0,0,0,0
23720,2019009108,1739.0,1736.0,37,37301,40.9894,-80.3439,0,0,0,0,1,0,4,1,2019,5,17.0,3.0,0,9.0,2,1,7,  ,3,3.0,0,0,1,0,0,0,0,0,0,0,0,0,0,0,0,0,0
23721,2019009117,2121.0,2111.0,67,67301,39.938,-75.1668,0,0,0,0,0,0,1,1,2019,4,18.0,3.0,0,1.0,3,0,3,  ,0,0.0,1,0,0,0,0,0,0,0,0,0,0,0,0,0,0,0,0
23722,2019009587,2322.0,2321.0,21,21401,40.2411,-76.9349,0,0,0,0,0,0,1,1,2019,6,23.0,3.0,0,1.0,3,0,3,  ,3,3.0,0,0,0,0,0,0,0,0,0,0,0,0,0,0,0,1,0
23723,2019009601,1833.0,1830.0,36,36415,40.1057,-76.0884,0,0,0,0,0,1,4,1,2019,4,18.0,2.0,0,1.0,1,2,3,  ,0,0.0,0,0,1,0,0,0,0,0,0,0,0,0,0,0,0,0,0
23724,2019010184,746.0,743.0,66,66101,39.9503,-76.6933,0,0,0,0,0,1,4,1,2019,6,7.0,1.0,0,1.0,1,1,3,  ,0,0.0,1,0,1,0,0,0,0,0,0,0,0,0,0,0,0,0,0
23725,2019011085,759.0,756.0,36,36101,40.0547,-76.2968,0,0,0,0,0,0,4,1,2019,2,7.0,1.0,0,1.0,3,1,3,  ,3,3.0,1,0,1,0,0,0,0,0,0,0,0,0,0,0,0,0,0
23726,2019012772,1617.0,1615.0,23,23412,39.9441,-75.2874,0,0,0,0,0,0,4,1,2019,2,16.0,1.0,0,1.0,3,2,3,  ,0,0.0,0,0,1,0,0,0,0,0,0,0,0,0,0,0,0,0,0
23727,2019012902,1517.0,1514.0,46,46101,40.1062,-75.1607,0,0,0,0,0,0,4,2,2019,7,15.0,1.0,7,1.0,3,0,3,  ,0,0.0,0,0,1,0,0,1,0,0,0,0,0,0,0,0,0,0,0
23728,2019013358,1302.0,1300.0,37,37301,40.9989,-80.3379,0,0,0,0,0,0,4,2,2019,2,13.0,1.0,0,1.0,2,1,3,  ,3,3.0,0,0,1,0,0,0,0,0,0,0,0,0,0,0,0,0,0
23729,2019014110,2020.0,2017.0,39,39301,40.6176,-75.4772,0,0,0,0,1,0,5,2,2019,3,20.0,2.0,0,1.0,3,0,3,  ,0,0.0,0,0,0,0,0,0,0,0,0,0,0,0,0,0,0,0,0
23730,2019014240,606.0,601.0,2,2301,40.4508,-80.0029,0,0,0,0,0,0,8,2,2019,4,6.0,3.0,0,9.0,3,2,98,  ,0,0.0,1,0,0,0,0,0,0,0,0,0,0,0,0,0,0,0,0
23731,2019014992,1109.0,1107.0,9,9204,40.3112,-75.0507,0,0,0,0,0,0,5,1,2019,1,11.0,1.0,0,1.0,1,0,3,  ,0,0.0,0,0,0,0,0,0,0,0,0,0,0,0,0,0,0,1,0
23732,2019015303,1523.0,1515.0,2,2301,40.4473,-79.9898,0,0,0,0,0,1,4,2,2019,6,15.0,1.0,0,1.0,3,1,3,  ,0,0.0,1,0,1,0,0,0,0,0,0,0,0,0,0,0,0,0,0
23733,2019015525,935.0,930.0,67,67301,39.9797,-75.1538,0,0,0,0,0,0,4,2,2019,7,9.0,1.0,0,1.0,3,1,3,  ,3,3.0,0,0,1,0,0,0,0,0,0,0,0,0,0,0,0,1,0
23734,2019015802,1530.0,1527.0,46,46416,40.2441,-75.6154,0,1,0,0,0,0,4,1,2019,4,15.0,1.0,0,1.0,2,3,3,  ,2,3.0,0,0,1,0,0,0,0,0,0,0,0,0,0,0,0,0,0
23735,2019017929,820.0,810.0,67,67301,40.0004,-75.1147,0,0,0,0,0,0,4,1,2019,6,7.0,1.0,0,1.0,3,2,3,  ,0,0.0,0,0,1,0,0,0,0,0,0,0,0,0,0,0,0,0,0
23736,2019017942,1640.0,1635.0,67,67301,39.9665,-75.1369,0,0,0,0,0,0,4,1,2019,4,16.0,4.0,0,1.0,3,2,3,  ,0,0.0,0,0,1,0,0,0,0,0,0,0,0,0,0,0,0,0,0
23737,2019018360,623.0,608.0,5,5201,40.0341,-78.5055,1,0,0,0,0,0,1,1,2019,3,5.0,2.0,0,1.0,1,0,3,  ,0,0.0,0,0,0,0,0,0,0,0,0,0,0,0,0,0,0,0,0
23738,2019018515,2044.0,2039.0,67,67301,39.9376,-75.1786,0,0,0,0,0,0,4,1,2019,7,20.0,3.0,0,1.0,3,1,3,  ,3,3.0,1,0,1,0,0,0,0,0,0,0,0,0,0,0,1,0,0
23739,2019018563,1005.0,1000.0,67,67301,39.9748,-75.199,0,0,0,0,0,0,4,1,2019,4,9.0,1.0,7,1.0,3,0,3,  ,0,0.0,1,0,1,0,0,0,0,0,0,0,0,0,0,0,0,0,0
23740,2019018577,1552.0,1548.0,67,67301,40.0412,-75.1512,0,0,0,0,0,0,4,1,2019,3,15.0,1.0,0,1.0,3,2,3,  ,0,0.0,0,0,1,0,0,0,0,0,0,0,0,0,0,0,0,0,0
23741,2019019382,1846.0,1844.0,21,21403,40.2391,-76.9062,0,0,0,0,0,0,4,2,2019,7,18.0,3.0,7,1.0,3,0,3,  ,0,0.0,1,0,1,0,0,0,0,0,0,0,0,0,0,0,0,0,0
23742,2019019861,1911.0,1907.0,67,67301,39.9825,-75.1327,0,0,0,0,0,1,2,2,2019,1,19.0,3.0,0,98.0,3,0,7,  ,0,0.0,0,0,0,0,0,0,0,0,0,0,0,0,0,0,0,0,1
23743,2019020010,2038.0,2037.0,25,25213,42.104,-80.134,0,1,0,0,0,0,1,2,2019,6,20.0,3.0,0,9.0,3,0,3,  ,0,0.0,0,0,0,0,0,1,0,0,0,0,0,0,0,0,0,1,0
23744,2019022828,1049.0,1048.0,40,40414,41.2611,-75.8964,0,0,0,0,0,0,4,2,2019,5,10.0,1.0,0,2.0,3,2,3,  ,0,0.0,1,0,1,0,0,0,0,0,0,0,0,0,0,0,0,0,0
23745,2019023105,1946.0,1933.0,2,2301,40.4263,-79.9636,0,0,0,0,0,0,9,2,2019,3,19.0,3.0,0,1.0,3,1,3,  ,2,3.0,0,0,0,0,0,0,0,0,0,0,0,0,0,0,0,0,0
23746,2019023288,1321.0,1314.0,39,39102,40.6244,-75.4671,0,0,0,0,0,0,5,2,2019,3,13.0,1.0,0,1.0,3,0,3,  ,2,3.0,1,0,0,0,0,0,0,0,0,0,0,0,0,0,0,0,0
23747,2019023455,1853.0,1848.0,23,23105,39.9036,-75.3749,0,0,0,0,1,0,1,2,2019,3,18.0,3.0,0,1.0,3,1,3,  ,2,3.0,1,0,0,0,0,0,0,0,0,0,0,0,0,0,0,0,0
23748,2019023831,548.0,541.0,64,64102,40.3891,-79.7256,0,0,0,0,0,0,4,2,2019,5,5.0,2.0,0,1.0,3,0,3,  ,0,0.0,1,0,1,0,0,0,0,0,0,0,0,0,0,0,0,0,0
23749,2019023991,1534.0,1526.0,36,36223,40.0023,-76.4171,0,0,0,0,0,1,4,2,2019,6,15.0,1.0,7,1.0,1,0,3,  ,0,0.0,1,0,1,0,0,0,0,0,0,0,0,0,0,0,0,1,0
23750,2019025082,308.0,307.0,25,25213,42.1015,-80.1467,0,0,0,0,0,0,1,3,2019,7,3.0,3.0,0,1.0,3,0,3,  ,0,0.0,0,0,0,0,0,1,0,0,0,0,0,0,0,0,0,0,0
23751,2019027024,925.0,910.0,67,67301,39.9659,-75.2068,0,0,0,0,0,0,4,2,2019,4,9.0,1.0,0,1.0,3,1,3,  ,3,3.0,0,0,1,0,0,0,0,0,0,0,0,0,0,0,0,0,0
23752,2019027382,1429.0,1418.0,48,48210,40.6312,-75.3256,0,0,0,0,0,0,5,2,2019,5,14.0,1.0,0,1.0,1,2,3,  ,0,0.0,0,0,0,0,0,0,0,0,0,0,0,0,0,0,0,0,1
23753,2019028481,1539.0,1531.0,6,6219,40.5032,-75.627,0,0,0,0,0,1,1,2,2019,6,14.0,1.0,0,1.0,1,1,3,  ,0,0.0,1,0,0,0,0,0,0,0,0,0,0,0,0,0,0,0,0
23754,2019028632,1113.0,1111.0,9,9226,40.1987,-75.0858,0,0,0,0,0,0,4,3,2019,3,11.0,1.0,0,1.0,3,2,3,  ,3,3.0,0,0,1,0,0,0,0,0,0,0,0,0,0,0,0,0,0
23755,2019028717,1445.0,1440.0,2,2301,40.4394,-80.0013,0,0,0,0,0,0,1,3,2019,3,14.0,1.0,0,1.0,3,1,3,  ,2,3.0,0,0,0,0,0,0,0,0,0,0,0,0,0,0,0,1,0
23756,2019028777,1823.0,1818.0,36,36301,40.0304,-76.3063,0,0,0,0,0,1,5,3,2019,3,17.0,1.0,0,1.0,3,0,3,  ,0,0.0,1,0,0,0,0,0,0,0,0,0,0,0,0,0,0,0,0
23757,2019029489,1912.0,1910.0,39,39301,40.601,-75.4896,0,0,0,0,0,0,8,3,2019,5,19.0,1.0,0,1.0,3,1,3,  ,0,0.0,0,0,0,0,0,0,0,0,0,0,0,0,0,0,0,1,0
23758,2019029800,548.0,546.0,67,67301,39.9666,-75.1604,0,0,0,0,0,0,4,2,2019,2,5.0,3.0,0,1.0,3,1,3,  ,2,3.0,0,0,1,0,0,0,0,0,0,0,0,0,0,0,0,0,0
23759,2019029874,1650.0,1642.0,67,67301,40.0215,-75.1398,0,0,0,0,1,0,8,3,2019,6,16.0,1.0,0,1.0,3,1,3,  ,2,3.0,0,0,0,0,0,0,0,0,0,0,0,0,0,0,0,0,0
23760,2019030148,1910.0,1859.0,67,67301,39.9295,-75.2431,0,0,0,0,0,0,5,3,2019,6,16.0,1.0,0,1.0,3,2,3,  ,3,2.0,0,0,0,0,0,0,0,0,0,0,0,0,0,0,0,0,0
23761,2019031265,1426.0,1415.0,66,66430,39.9515,-76.7555,0,0,0,0,0,0,4,3,2019,2,14.0,1.0,0,1.0,3,1,3,  ,3,3.0,0,0,1,0,0,0,0,0,0,0,0,0,0,0,0,0,0
23762,2019031409,1315.0,1305.0,67,67301,39.9337,-75.1639,0,1,0,0,0,1,4,3,2019,7,12.0,1.0,0,1.0,3,1,3,  ,3,3.0,0,0,1,0,0,0,0,0,0,0,0,0,0,0,0,0,0
23763,2019031896,825.0,820.0,67,67301,39.9314,-75.1563,0,0,0,0,0,1,8,3,2019,5,7.0,1.0,0,9.0,3,1,7,  ,3,3.0,1,1,0,0,0,0,0,0,0,0,0,0,0,0,0,0,0
23764,2019032060,1914.0,1908.0,67,67301,40.0382,-75.0368,0,0,0,0,0,0,4,2,2019,7,19.0,3.0,0,1.0,3,2,3,  ,0,0.0,0,0,1,0,0,0,0,0,0,0,0,0,0,0,0,0,0
23765,2019032492,840.0,838.0,67,67301,40.0226,-75.1625,0,0,0,0,0,0,8,3,2019,6,8.0,1.0,0,9.0,3,2,10,  ,0,0.0,1,0,0,0,0,0,0,0,0,0,0,0,0,0,0,0,0
23766,2019032694,2143.0,2139.0,25,25214,42.2047,-79.8649,0,0,0,0,1,0,1,3,2019,5,21.0,2.0,0,9.0,1,0,7,  ,0,0.0,1,0,0,0,0,0,0,0,0,0,0,0,0,1,0,1,0
23767,2019033444,311.0,311.0,48,48302,40.6896,-75.2111,0,0,0,0,0,1,4,1,2019,5,3.0,3.0,0,1.0,3,1,3,  ,2,3.0,0,0,1,0,0,0,0,0,0,0,0,0,0,0,0,0,0
23768,2019035034,1751.0,1743.0,9,9210,40.3231,-75.3094,0,0,0,0,0,1,5,3,2019,3,17.0,1.0,0,1.0,3,0,3,  ,0,0.0,0,0,0,0,0,0,0,0,0,0,0,0,0,0,0,0,0
23769,2019035116,1017.0,1015.0,9,9211,40.2243,-74.8354,0,0,0,0,0,0,4,3,2019,6,10.0,1.0,0,1.0,3,2,3,  ,0,0.0,0,0,1,0,0,1,0,0,0,0,0,0,0,0,0,0,0
23770,2019035229,1604.0,1604.0,15,15220,39.84,-75.6836,0,0,0,0,0,0,5,3,2019,5,16.0,1.0,0,1.0,1,0,3,  ,0,0.0,1,0,0,0,0,0,0,0,0,0,0,0,0,0,0,0,0
23771,2019035299,1524.0,1507.0,28,28212,39.9624,-77.7918,0,0,0,0,1,0,1,3,2019,5,15.0,1.0,0,1.0,1,0,3,  ,0,0.0,0,0,0,0,0,0,0,0,0,0,0,0,0,0,0,0,0
23772,2019035427,1537.0,1535.0,46,46104,40.0403,-75.2522,0,0,0,0,0,0,4,3,2019,6,15.0,1.0,2,1.0,3,3,3,  ,0,0.0,1,0,1,0,0,0,0,0,0,0,0,0,0,0,0,0,0
23773,2019035496,1301.0,1242.0,67,67301,39.9649,-75.2246,0,1,0,0,0,0,8,3,2019,4,12.0,1.0,0,1.0,3,1,3,  ,2,3.0,0,0,0,0,0,0,0,0,0,0,0,0,0,0,0,0,0
23774,2019035527,1700.0,1700.0,67,67301,39.9919,-75.1381,0,0,0,0,0,0,8,3,2019,3,15.0,1.0,0,1.0,3,0,3,  ,0,0.0,0,0,0,0,0,0,0,0,0,0,0,0,0,0,0,0,0
23775,2019035672,1655.0,1648.0,66,66102,39.9062,-76.6783,0,0,0,0,0,1,4,3,2019,5,16.0,1.0,7,1.0,1,0,3,  ,0,0.0,0,0,1,0,0,0,0,0,0,0,0,0,0,0,0,0,0
23776,2019035919,1157.0,1152.0,25,25302,42.119,-80.107,0,0,0,0,0,1,4,4,2019,4,11.0,1.0,0,1.0,3,1,3,  ,2,3.0,0,0,1,0,0,0,0,0,0,0,0,0,0,0,0,1,0
23777,2019035967,1633.0,1628.0,42,42301,41.9607,-78.6471,0,0,0,0,0,1,5,4,2019,3,16.0,1.0,0,1.0,2,0,3,  ,0,0.0,0,0,0,0,0,0,0,0,0,0,0,0,0,0,0,0,0
23778,2019035983,1551.0,1543.0,46,46209,40.2559,-75.3956,0,1,0,0,1,0,4,3,2019,1,15.0,1.0,0,1.0,1,2,3,  ,0,0.0,1,0,1,0,0,0,0,0,0,0,0,0,0,0,0,1,0
23779,2019036230,2128.0,2127.0,67,67301,39.9875,-75.1296,0,0,0,0,0,0,2,4,2019,2,21.0,3.0,0,1.0,3,5,3,  ,2,3.0,0,0,0,0,0,0,0,0,0,0,0,0,0,0,0,1,0
23780,2019036597,1933.0,1905.0,67,67301,39.9924,-75.1651,0,0,0,0,0,0,4,3,2019,6,99.0,3.0,0,1.0,3,2,3,  ,0,0.0,0,0,1,0,0,0,0,0,0,0,0,0,0,0,0,0,0
23781,2019036607,2325.0,2324.0,67,67301,39.9456,-75.165,0,0,0,0,0,1,4,3,2019,1,23.0,3.0,0,1.0,3,1,3,  ,2,3.0,0,0,1,0,0,0,0,0,0,0,0,0,0,0,0,0,0
23782,2019036630,1125.0,1120.0,67,67301,39.9492,-75.2332,0,0,0,0,0,0,4,3,2019,7,11.0,1.0,0,1.0,3,2,3,  ,0,0.0,0,0,1,0,0,0,0,0,0,0,0,0,0,0,0,0,0
23783,2019036850,1201.0,1154.0,2,2301,40.4542,-80.0019,0,0,0,0,0,0,4,4,2019,7,11.0,1.0,0,1.0,3,0,3,  ,0,0.0,0,0,1,0,0,0,0,0,0,0,0,0,0,0,0,0,0
23784,2019037132,1545.0,1529.0,6,6301,40.3288,-75.9024,0,0,0,0,0,1,4,4,2019,1,15.0,1.0,0,1.0,3,1,3,  ,3,3.0,0,0,1,0,0,0,0,0,0,0,0,0,0,0,0,0,0
23785,2019037145,1623.0,1617.0,35,35302,41.4147,-75.6584,0,0,0,0,0,0,4,4,2019,1,16.0,1.0,0,1.0,3,2,3,  ,0,0.0,0,0,1,0,0,1,0,0,0,0,0,0,0,0,0,0,0
23786,2019037371,848.0,644.0,67,67301,39.9495,-75.2093,0,0,0,0,0,0,4,4,2019,4,6.0,1.0,0,1.0,3,1,3,  ,2,3.0,0,0,1,0,0,0,0,0,0,0,0,0,0,0,0,0,0
23787,2019037647,1630.0,1627.0,36,36225,40.1399,-76.5766,1,0,0,0,0,0,1,4,2019,2,16.0,1.0,0,1.0,2,0,3,  ,0,0.0,0,0,0,1,0,1,0,0,0,0,0,0,0,0,0,0,0
23788,2019037711,1730.0,1728.0,14,14216,40.807,-77.9483,0,0,0,0,0,1,4,4,2019,3,17.0,1.0,0,1.0,1,0,3,  ,0,0.0,0,0,1,0,0,0,0,0,0,0,0,0,0,0,0,0,0
23789,2019037714,1330.0,1327.0,21,21402,40.2034,-77.1936,0,1,0,0,0,0,4,4,2019,3,13.0,1.0,0,1.0,2,1,3,  ,3,3.0,0,0,1,0,0,1,0,0,0,0,0,0,0,0,0,1,0
23790,2019038328,2042.0,2038.0,21,21402,40.1908,-77.1906,0,0,0,0,0,1,4,4,2019,4,20.0,3.0,0,1.0,2,1,3,  ,2,3.0,0,0,1,0,0,0,0,0,0,0,0,0,0,0,0,0,0
23791,2019038449,950.0,946.0,67,67301,39.9493,-75.1642,0,0,0,0,0,0,8,4,2019,5,9.0,1.0,0,1.0,3,1,3,  ,2,3.0,0,0,0,0,0,0,0,0,0,0,0,0,0,0,0,0,0
23792,2019038454,1026.0,1023.0,64,64201,40.6177,-79.621,0,0,0,0,0,0,1,4,2019,5,10.0,1.0,0,1.0,1,2,3,  ,2,3.0,0,0,0,0,0,0,0,0,0,0,0,0,0,0,0,0,0
23793,2019038805,2020.0,2017.0,67,67301,39.9378,-75.2257,0,0,0,0,0,0,4,3,2019,5,20.0,3.0,0,9.0,3,1,7,  ,2,3.0,0,0,1,0,0,0,0,0,0,0,0,0,0,0,0,0,0
23794,2019038894,2237.0,2230.0,48,48302,40.6942,-75.2094,0,0,0,0,0,1,4,4,2019,4,22.0,3.0,0,1.0,3,1,3,  ,0,0.0,0,0,1,0,0,0,0,0,0,0,0,0,0,0,0,0,0
23795,2019039143,934.0,934.0,67,67301,39.9494,-75.2414,0,0,0,0,0,0,8,4,2019,6,9.0,1.0,0,1.0,3,0,3,  ,0,0.0,0,0,0,0,0,0,0,0,0,0,0,0,0,0,0,0,0
23796,2019039513,1936.0,1933.0,67,67301,39.9356,-75.1634,0,0,0,0,0,1,4,4,2019,1,19.0,4.0,0,1.0,3,1,3,  ,0,0.0,0,0,1,0,0,0,0,0,0,0,0,0,0,0,0,0,0
23797,2019039818,2130.0,2129.0,14,14216,40.8098,-77.9042,0,1,0,0,0,0,2,4,2019,7,20.0,2.0,7,1.0,1,0,3,  ,0,0.0,0,0,0,0,0,0,0,0,0,0,0,0,0,0,0,1,0
23798,2019039959,1146.0,1144.0,67,67301,39.9539,-75.1882,0,0,0,0,0,0,5,4,2019,3,11.0,1.0,0,1.0,3,0,3,  ,0,0.0,0,0,0,0,0,0,0,0,0,0,0,0,0,0,0,0,0
23799,2019040079,1544.0,1542.0,22,22202,40.2746,-76.6491,0,0,0,0,0,1,4,4,2019,7,15.0,1.0,7,1.0,3,0,3,  ,2,3.0,0,0,1,0,0,0,0,0,0,0,0,0,0,0,0,0,0
23800,2019040100,1710.0,1704.0,35,35302,41.4206,-75.6968,0,0,0,0,0,1,4,4,2019,3,17.0,1.0,0,1.0,3,1,3,  ,3,3.0,0,0,1,0,0,0,0,0,0,0,0,0,0,0,0,0,0
23801,2019040254,1647.0,1640.0,36,36209,40.1292,-76.0717,0,0,0,0,0,0,4,4,2019,2,16.0,1.0,7,1.0,1,0,3,  ,0,0.0,1,0,1,0,0,0,0,0,0,0,0,0,0,0,0,0,0
23802,2019040546,2124.0,2117.0,46,46225,40.1707,-75.2966,0,0,0,0,0,0,4,4,2019,4,20.0,4.0,0,1.0,3,1,3,  ,0,0.0,1,1,1,0,0,0,0,0,0,0,0,0,0,0,0,0,1
23803,2019040561,2309.0,2309.0,67,67301,39.9641,-75.1844,0,0,0,0,0,0,8,4,2019,3,22.0,3.0,3,1.0,3,0,3,  ,2,9.0,0,0,0,0,0,0,0,0,0,0,0,0,0,0,0,0,0
23804,2019040642,1059.0,1058.0,22,22301,40.2909,-76.9057,0,1,0,0,0,0,4,4,2019,5,10.0,1.0,0,1.0,3,2,3,  ,3,3.0,0,0,1,0,0,0,0,0,0,0,0,0,0,0,0,0,0
23805,2019040669,1459.0,1454.0,38,38203,40.4023,-76.5444,0,0,0,0,0,1,1,3,2019,1,14.0,1.0,0,1.0,1,0,3,  ,0,0.0,1,0,0,0,0,0,0,0,0,0,0,0,0,0,0,0,0