,CRN,ARRIVAL_TM,DISPATCH_TM,COUNTY,MUNICIPALITY,DEC_LAT,DEC_LONG,BICYCLE_DEATH_COUNT,BICYCLE_SUSP_SERIOUS_INJ_COUNT,BUS_COUNT,HEAVY_TRUCK_COUNT,SMALL_TRUCK_COUNT,SUV_COUNT,COLLISION_TYPE,CRASH_MONTH,CRASH_YEAR,DAY_OF_WEEK,HOUR_OF_DAY,ILLUMINATION,LOCATION_TYPE,ROAD_CONDITION,URBAN_RURAL,INTERSECT_TYPE,WEATHER1,WEATHER2,TCD_TYPE,TCD_FUNC_CD,AGGRESSIVE_DRIVING,ALCOHOL_RELATED,ANGLE_CRASH,CELL_PHONE,COMM_VEHICLE,DISTRACTED,DRINKING_DRIVER,DRUGGED_DRIVER,FATIGUE_ASLEEP,IMPAIRED_DRIVER,NHTSA_AGG_DRIVING,RUNNING_RED_LT,RUNNING_STOP_SIGN,SPEEDING_RELATED,TAILGATING,MATURE_DRIVER,YOUNG_DRIVER
23806,2019041176,932.0,929.0,2,2301,40.3941,-79.9361,0,0,0,0,0,0,7,4,2019,7,9.0,1.0,1,1.0,3,0,3,  ,0,0.0,1,0,0,0,0,0,0,0,0,0,0,0,0,1,0,0,0
23807,2019041287,1745.0,1734.0,2,2301,40.4742,-79.9316,0,0,0,0,0,0,8,4,2019,7,17.0,1.0,0,9.0,3,2,7,  ,0,0.0,0,0,0,0,0,0,0,0,0,0,0,0,0,0,0,0,0
23808,2019041310,2312.0,2310.0,36,36301,40.0412,-76.2896,0,0,0,0,0,0,4,4,2019,7,23.0,3.0,0,1.0,3,2,3,  ,0,0.0,1,0,1,0,0,0,0,0,0,0,0,0,0,0,0,0,0
23809,2019041353,1338.0,1336.0,23,23108,39.9268,-75.3333,0,0,0,0,0,0,4,4,2019,6,13.0,1.0,0,1.0,3,2,3,  ,2,3.0,0,0,1,0,0,0,0,0,0,0,0,0,0,0,0,0,0
23810,2019041436,1934.0,1846.0,20,20212,41.7133,-80.2508,0,0,0,0,1,0,1,4,2019,5,18.0,1.0,0,1.0,1,0,3,  ,0,0.0,0,0,0,0,0,1,0,0,0,0,0,0,0,0,0,0,0
23811,2019041732,1511.0,1505.0,2,2108,40.6051,-80.0058,0,0,0,0,0,0,4,4,2019,7,15.0,1.0,0,1.0,3,2,3,  ,3,3.0,0,0,1,0,0,0,0,0,0,0,0,0,0,0,0,0,0
23812,2019041809,2155.0,2152.0,40,40101,41.2377,-75.93,0,1,0,0,0,0,1,4,2019,7,21.0,3.0,3,1.0,3,0,3,  ,0,0.0,0,0,0,0,0,0,0,0,0,0,0,0,0,0,0,0,0
23813,2019041934,2001.0,2000.0,46,46411,40.2332,-75.2698,0,0,0,0,0,1,4,4,2019,2,20.0,3.0,0,1.0,3,2,3,  ,2,3.0,0,0,1,0,0,0,0,0,0,0,0,0,0,0,0,0,0
23814,2019042230,1325.0,1322.0,21,21214,40.1011,-77.4098,0,0,0,0,0,0,1,1,2019,4,13.0,1.0,0,7.0,1,0,3,  ,0,0.0,1,0,0,0,0,0,0,0,0,0,0,0,0,1,0,1,0
23815,2019042299,943.0,932.0,64,64422,40.5836,-79.5772,0,0,0,0,0,0,6,4,2019,4,9.0,1.0,0,1.0,3,1,3,  ,0,0.0,0,0,0,0,0,0,0,0,0,0,0,0,0,0,0,1,0
23816,2019042362,1732.0,1731.0,40,40101,41.2306,-75.9146,0,0,0,0,0,0,4,4,2019,2,17.0,1.0,0,1.0,3,1,3,  ,2,3.0,0,0,1,0,0,0,0,0,0,0,0,0,0,0,0,0,0
23817,2019042445,1006.0,1006.0,67,67301,39.9605,-75.188,0,0,0,0,0,0,2,4,2019,4,10.0,1.0,0,1.0,3,2,3,  ,3,3.0,0,0,0,0,0,0,0,0,0,0,0,0,0,0,0,0,0
23818,2019042554,1717.0,1711.0,39,39301,40.611,-75.4828,0,0,0,0,0,0,2,4,2019,3,16.0,1.0,0,1.0,3,1,3,  ,3,3.0,0,0,0,0,0,0,0,0,0,0,0,0,0,0,0,0,0
23819,2019042598,1856.0,1855.0,40,40414,41.2646,-75.8903,0,0,0,0,1,0,4,4,2019,2,18.0,1.0,0,1.0,3,1,3,  ,2,3.0,0,1,1,0,0,0,0,0,0,0,0,0,0,0,0,0,0
23820,2019042683,950.0,941.0,67,67301,39.9548,-75.1631,0,0,0,0,1,0,5,4,2019,4,9.0,1.0,0,1.0,3,0,3,  ,2,3.0,0,0,0,0,0,1,0,0,0,0,0,0,0,0,0,0,0
23821,2019042686,1637.0,1631.0,9,9101,40.1112,-74.879,0,1,0,1,0,0,4,4,2019,4,16.0,1.0,0,1.0,3,2,3,  ,2,3.0,0,0,1,0,1,0,0,0,0,0,0,0,0,0,0,0,0
23822,2019042924,1515.0,1510.0,67,67301,39.9574,-75.1603,0,0,0,0,0,0,8,4,2019,4,14.0,1.0,3,1.0,3,1,3,  ,2,3.0,0,0,0,0,0,0,0,0,0,0,0,0,0,0,0,0,0
23823,2019043039,2048.0,2043.0,25,25302,42.1073,-80.0781,0,0,0,0,0,1,4,4,2019,5,20.0,3.0,0,9.0,3,1,7,  ,3,3.0,0,0,1,0,0,0,0,0,0,0,0,0,0,0,0,0,0
23824,2019043349,915.0,908.0,15,15227,39.9032,-75.7193,0,0,0,0,0,1,5,4,2019,7,8.0,1.0,0,1.0,1,0,3,  ,0,0.0,1,0,0,0,0,0,0,0,0,0,0,0,0,0,0,0,0
23825,2019043683,1150.0,1149.0,6,6426,40.4488,-75.9642,0,0,0,0,0,0,4,4,2019,7,11.0,1.0,0,1.0,3,2,3,  ,2,3.0,0,0,1,0,0,0,0,0,0,0,0,0,0,0,0,0,0
23826,2019043715,1643.0,1640.0,46,46216,40.2413,-75.3024,0,0,0,0,0,1,4,4,2019,6,16.0,1.0,0,1.0,1,1,3,  ,2,3.0,0,0,1,0,0,0,0,0,0,0,0,0,0,0,0,1,0
23827,2019043867,1554.0,1551.0,7,7301,40.519,-78.3978,0,0,0,0,0,0,4,4,2019,2,15.0,1.0,2,1.0,3,1,3,  ,2,3.0,0,0,1,0,0,0,0,0,0,0,0,0,0,0,0,1,0
23828,2019044029,1437.0,1433.0,2,2108,40.6117,-80.0363,0,0,0,0,0,0,2,4,2019,7,14.0,1.0,0,1.0,3,2,3,  ,3,3.0,1,0,0,0,0,0,0,0,0,0,0,0,0,0,0,1,0
23829,2019044202,333.0,322.0,67,67301,39.9421,-75.1527,0,0,0,0,0,0,1,3,2019,7,2.0,3.0,0,1.0,3,0,3,  ,0,0.0,0,0,0,0,0,0,0,0,0,0,0,0,0,0,0,0,0
23830,2019044391,2027.0,2024.0,9,9101,40.1583,-74.8468,0,1,0,0,1,0,4,4,2019,2,19.0,1.0,0,1.0,3,2,3,  ,3,3.0,1,0,1,0,0,0,0,0,0,0,0,0,0,0,0,0,1
23831,2019044405,1602.0,1600.0,46,46416,40.2481,-75.6453,0,0,0,0,0,0,4,4,2019,5,16.0,1.0,0,1.0,2,1,3,  ,3,3.0,0,0,1,0,0,0,0,0,0,0,0,0,0,0,0,0,0
23832,2019044516,1802.0,1750.0,66,66217,39.9832,-76.7405,0,0,0,0,0,0,5,4,2019,4,17.0,1.0,0,1.0,3,0,3,  ,0,0.0,0,0,0,0,0,0,0,0,0,0,0,0,0,0,0,0,0
23833,2019044580,1841.0,1839.0,38,38301,40.347,-76.4255,0,1,0,0,0,0,4,4,2019,3,18.0,1.0,0,9.0,2,1,7,  ,3,3.0,0,0,1,0,0,0,0,0,0,0,0,0,0,0,0,0,1
23834,2019044629,1748.0,1742.0,36,36101,40.1045,-76.2356,0,0,0,0,1,0,1,4,2019,1,17.0,1.0,0,1.0,3,0,3,  ,0,0.0,1,0,0,0,0,0,0,0,0,0,0,0,0,0,0,0,0
23835,2019044729,1923.0,1755.0,47,47401,40.9635,-76.6161,0,0,0,0,0,0,4,4,2019,3,17.0,1.0,0,9.0,2,1,3,  ,3,3.0,0,0,1,0,0,0,0,0,0,0,0,0,0,0,0,0,0
23836,2019044787,920.0,917.0,36,36220,40.0463,-76.3341,0,0,0,0,0,0,4,4,2019,5,9.0,1.0,0,1.0,3,1,3,  ,3,3.0,0,0,1,0,0,0,0,0,0,0,0,0,0,0,0,0,0
23837,2019045050,1811.0,1805.0,2,2108,40.6051,-80.0059,0,0,0,0,0,0,5,5,2019,4,18.0,1.0,7,1.0,3,0,3,  ,0,0.0,0,0,0,0,0,0,0,0,0,0,0,0,0,0,0,0,1
23838,2019045129,639.0,632.0,21,21402,40.1952,-77.1949,0,0,0,0,0,1,4,5,2019,5,6.0,1.0,0,9.0,2,5,3,  ,2,3.0,0,1,1,0,0,0,0,0,0,0,0,0,0,0,0,0,0
23839,2019045487,804.0,751.0,1,1216,39.8763,-77.0981,0,0,0,0,0,0,1,3,2019,5,7.0,1.0,0,1.0,1,0,3,  ,0,0.0,0,0,0,0,0,1,0,0,0,0,0,0,0,0,0,0,0
23840,2019045510,810.0,810.0,22,22410,40.5449,-76.9575,0,0,0,0,0,0,5,4,2019,3,7.0,1.0,0,1.0,1,0,3,  ,3,3.0,0,0,0,0,0,0,0,0,0,0,0,0,0,0,0,1,0
23841,2019045568,2003.0,2001.0,39,39301,40.6091,-75.4696,0,0,0,0,0,0,4,4,2019,3,20.0,4.0,0,1.0,3,1,3,  ,3,3.0,0,0,1,0,0,0,0,0,0,0,0,0,0,0,0,0,0
23842,2019045884,2018.0,2013.0,67,67301,39.9294,-75.1503,0,0,0,0,0,0,5,4,2019,3,20.0,3.0,0,1.0,3,1,3,  ,2,3.0,0,0,0,0,0,0,0,0,0,0,0,0,0,0,0,0,0
23843,2019046003,1338.0,1336.0,14,14410,40.8011,-77.8592,0,0,0,0,0,0,5,5,2019,5,13.0,1.0,0,1.0,3,0,3,  ,0,0.0,1,0,0,0,0,1,0,0,0,0,0,0,0,0,0,0,0
23844,2019046012,1135.0,1132.0,38,38301,40.3271,-76.4263,0,0,0,0,0,1,4,5,2019,4,11.0,1.0,0,1.0,2,1,3,  ,0,0.0,0,0,1,0,0,1,0,0,0,0,0,0,0,0,0,1,0
23845,2019046108,1835.0,1832.0,53,53301,40.6821,-76.2016,0,0,0,0,0,1,4,5,2019,5,18.0,1.0,0,1.0,2,1,3,  ,0,0.0,0,0,1,0,0,1,0,0,0,0,0,0,0,0,0,0,0
23846,2019046125,1515.0,1515.0,2,2301,40.43,-79.9886,0,0,0,0,0,0,4,5,2019,1,15.0,1.0,0,1.0,3,2,3,  ,2,3.0,0,0,1,0,0,0,0,0,0,0,0,0,0,0,0,0,0
23847,2019046441,1106.0,1106.0,67,67301,39.9202,-75.1572,0,0,0,0,0,0,2,5,2019,2,11.0,1.0,0,1.0,3,1,3,  ,3,3.0,0,0,0,0,0,0,0,0,0,0,0,0,0,0,0,0,0
23848,2019046723,2328.0,2309.0,64,64206,40.1802,-79.5833,0,0,0,0,0,0,4,4,2019,2,22.0,2.0,0,1.0,1,2,3,  ,3,3.0,1,0,1,0,0,1,0,0,0,0,0,0,0,0,0,0,0
23849,2019046920,1748.0,1744.0,6,6301,40.3308,-75.9309,0,0,0,0,0,0,4,5,2019,3,17.0,1.0,0,1.0,3,1,3,  ,3,3.0,0,0,1,0,0,0,0,0,0,0,0,0,0,0,0,0,0
23850,2019047074,1637.0,1637.0,67,67301,40.0224,-75.218,0,0,0,0,0,1,8,4,2019,5,16.0,1.0,0,1.0,3,2,3,  ,2,3.0,0,0,0,0,0,0,0,0,0,0,0,0,0,0,0,0,0
23851,2019047075,27.0,25.0,67,67301,40.0183,-75.2113,0,0,0,0,0,1,2,5,2019,1,0.0,3.0,0,1.0,3,0,3,  ,0,0.0,0,0,0,0,0,0,0,0,0,0,0,0,0,0,0,0,0
23852,2019047188,1617.0,1617.0,14,14216,40.8089,-77.9016,0,0,0,0,0,0,4,5,2019,4,16.0,1.0,0,1.0,1,0,3,  ,3,3.0,1,0,1,0,0,0,0,0,0,0,0,0,0,0,0,0,1
23853,2019047241,1608.0,1607.0,2,2122,40.474,-80.0667,0,0,0,0,0,0,6,5,2019,4,16.0,1.0,0,1.0,3,2,3,  ,0,0.0,0,0,0,0,0,0,0,0,0,0,0,0,0,0,0,1,0
23854,2019047715,2142.0,2138.0,67,67301,40.0074,-75.1249,0,0,0,0,0,0,4,5,2019,2,21.0,3.0,7,1.0,3,0,3,  ,3,3.0,0,1,1,0,0,1,0,0,0,0,0,0,0,0,0,0,0
23855,2019047786,1436.0,1435.0,25,25302,42.1105,-80.0445,0,0,0,0,0,0,4,5,2019,5,14.0,1.0,0,1.0,3,2,3,  ,2,3.0,1,0,1,0,0,0,0,0,0,0,0,0,0,0,0,0,0
23856,2019047910,1632.0,1624.0,6,6301,40.3336,-75.9259,0,0,0,0,0,0,4,5,2019,6,16.0,1.0,0,1.0,3,1,3,  ,2,3.0,0,0,1,0,0,0,0,0,0,0,0,0,0,0,0,0,0
23857,2019047944,1844.0,1843.0,40,40304,41.2326,-75.8773,0,0,0,0,0,0,4,5,2019,6,18.0,1.0,0,1.0,3,2,3,  ,0,0.0,0,0,1,0,0,0,0,0,0,0,0,0,0,0,0,0,0
23858,2019048397,1310.0,1309.0,32,32408,40.6236,-79.1482,0,0,0,0,0,0,4,5,2019,6,13.0,1.0,7,1.0,2,10,3,  ,0,0.0,0,0,1,0,0,0,0,0,0,0,0,0,0,0,0,0,0
23859,2019048521,1349.0,1342.0,48,48301,40.6089,-75.3858,0,0,0,0,0,1,4,4,2019,3,13.0,1.0,7,1.0,3,0,3,  ,3,3.0,0,0,1,0,0,0,0,0,0,0,0,0,0,0,0,0,0
23860,2019048692,1323.0,1317.0,39,39209,40.5491,-75.6064,0,0,0,0,0,0,2,5,2019,7,13.0,1.0,0,1.0,1,0,3,  ,0,0.0,1,0,0,0,0,0,0,0,0,0,0,0,0,0,0,0,0
23861,2019049090,1917.0,1915.0,6,6237,40.3149,-76.0158,0,0,0,0,0,0,4,5,2019,1,19.0,1.0,0,9.0,3,10,7,  ,0,0.0,0,0,1,0,0,0,0,0,0,0,0,0,0,0,0,0,0
23862,2019049270,2010.0,2000.0,7,7301,40.5072,-78.4158,0,0,0,0,0,0,4,5,2019,3,17.0,1.0,0,1.0,3,2,3,  ,3,3.0,1,0,1,0,0,0,0,0,0,0,0,0,1,0,0,0,0
23863,2019049271,1546.0,1545.0,40,40101,41.2272,-75.9109,0,0,0,0,0,0,8,5,2019,1,15.0,1.0,0,1.0,3,1,3,  ,3,3.0,0,0,0,0,0,0,0,0,0,0,0,0,0,0,0,0,0
23864,2019049285,1550.0,1547.0,46,46103,40.265,-75.2757,0,0,0,0,0,0,4,5,2019,3,15.0,1.0,0,1.0,3,2,3,  ,0,0.0,0,0,1,0,0,0,0,0,0,0,0,0,0,0,0,0,0
23865,2019049290,1825.0,1820.0,67,67301,39.9652,-75.1554,0,0,0,0,0,1,4,4,2019,6,14.0,1.0,0,1.0,3,0,99,  ,0,0.0,0,0,1,0,0,0,0,0,0,0,0,0,0,0,0,0,0
23866,2019049353,1858.0,1853.0,67,67301,40.0923,-74.9788,0,0,0,0,0,0,4,4,2019,7,18.0,1.0,0,1.0,3,0,3,  ,0,0.0,0,0,1,0,0,0,0,0,0,0,0,0,0,0,0,0,1
23867,2019049520,1735.0,1733.0,4,4423,40.7407,-80.312,0,0,0,0,1,0,4,5,2019,6,17.0,1.0,0,1.0,3,1,3,  ,3,3.0,0,0,1,0,0,1,0,0,0,0,0,0,0,0,0,0,0
23868,2019049744,1444.0,1440.0,15,15247,39.9704,-75.5997,0,0,0,0,0,1,4,5,2019,4,14.0,1.0,0,1.0,3,1,3,  ,3,3.0,0,0,1,0,0,0,0,0,0,0,0,0,0,0,0,1,0
23869,2019049760,750.0,739.0,39,39209,40.5521,-75.6171,0,0,0,0,0,0,4,5,2019,7,7.0,1.0,0,1.0,1,1,3,  ,0,0.0,0,0,1,0,0,0,0,0,0,0,0,0,0,0,0,0,0
23870,2019049792,1759.0,1754.0,25,25213,42.1074,-80.0189,0,0,0,0,0,0,5,5,2019,4,17.0,1.0,0,1.0,3,2,3,  ,0,0.0,0,0,0,0,0,0,0,0,0,0,0,0,0,0,0,0,0
23871,2019049986,1901.0,1900.0,23,23426,39.8573,-75.3742,0,0,0,0,0,0,2,5,2019,7,19.0,1.0,0,1.0,3,0,3,  ,0,0.0,0,0,0,0,0,0,0,0,0,0,0,0,0,0,0,0,0
23872,2019049990,1654.0,1652.0,66,66301,39.9543,-76.7438,0,0,0,0,0,0,8,5,2019,4,16.0,1.0,0,1.0,3,1,3,  ,2,3.0,1,0,0,0,0,0,0,0,0,0,0,0,0,0,0,0,0
23873,2019050040,1706.0,1703.0,23,23103,39.9841,-75.3093,0,1,0,0,1,0,4,5,2019,4,17.0,1.0,0,1.0,3,0,3,  ,0,0.0,0,0,1,0,0,0,0,0,0,0,0,0,0,0,0,0,0
23874,2019050143,1835.0,1832.0,67,67301,40.0005,-75.1565,0,0,0,0,0,0,5,4,2019,4,18.0,1.0,0,1.0,3,0,3,  ,0,0.0,0,0,0,0,0,0,0,0,0,0,0,0,0,0,0,1,0
23875,2019050196,2126.0,2116.0,9,9101,40.1476,-74.839,0,0,0,0,0,0,6,5,2019,4,21.0,3.0,0,1.0,3,0,3,  ,0,0.0,0,0,0,0,0,0,0,0,0,0,0,0,0,0,0,0,0
23876,2019050241,2249.0,2247.0,48,48209,40.6971,-75.3326,0,0,0,0,0,0,2,5,2019,1,22.0,3.0,0,9.0,1,0,7,  ,0,0.0,1,0,0,0,0,0,0,0,0,0,0,0,0,0,0,0,1
23877,2019050374,2251.0,2235.0,39,39301,40.6153,-75.48,0,0,0,0,0,0,2,5,2019,5,20.0,2.0,0,1.0,3,2,3,  ,3,3.0,1,0,0,0,0,0,0,0,0,0,0,0,0,1,0,0,0
23878,2019050575,2123.0,2121.0,2,2415,40.415,-80.0826,0,0,0,0,0,1,2,5,2019,3,19.0,4.0,0,1.0,3,2,3,  ,3,3.0,0,0,0,0,0,0,0,0,0,0,0,0,0,0,0,0,0
23879,2019050620,1840.0,1838.0,67,67301,39.9555,-75.1915,0,0,0,0,0,1,4,5,2019,6,16.0,1.0,0,1.0,3,0,3,  ,0,0.0,0,0,1,0,0,0,0,0,0,0,0,0,0,0,0,0,0
23880,2019050621,1645.0,1644.0,67,67301,39.951,-75.1974,0,0,0,0,0,0,2,5,2019,6,16.0,1.0,0,1.0,3,0,3,  ,0,0.0,0,0,0,0,0,0,0,0,0,0,0,0,0,0,0,0,0
23881,2019050669,1519.0,1515.0,7,7301,40.529,-78.4045,0,0,0,0,0,1,4,5,2019,4,15.0,1.0,0,1.0,3,1,3,  ,3,3.0,0,0,1,0,0,0,0,0,0,0,0,0,0,0,0,0,0
23882,2019050821,1911.0,1910.0,39,39405,40.5352,-75.491,0,0,0,0,0,0,4,5,2019,6,19.0,1.0,0,1.0,3,0,3,  ,0,0.0,0,0,1,0,0,1,0,0,0,0,0,0,0,0,0,0,0
23883,2019050836,1125.0,1122.0,48,48302,40.6788,-75.2212,0,0,0,0,0,1,4,5,2019,7,11.0,1.0,0,1.0,3,1,3,  ,0,0.0,0,0,1,0,0,0,0,0,0,0,0,0,0,0,0,0,0
23884,2019050862,1811.0,1811.0,67,67301,39.9714,-75.1594,0,0,0,0,0,1,4,4,2019,1,18.0,1.0,0,1.0,3,1,3,  ,2,3.0,0,0,1,0,0,0,0,0,0,0,0,0,0,0,0,0,0
23885,2019050998,1944.0,1944.0,67,67301,40.0211,-75.1485,0,0,0,0,0,0,4,5,2019,7,14.0,1.0,0,1.0,3,0,3,  ,0,0.0,0,0,1,0,0,1,0,0,0,0,0,0,0,0,0,0,0
23886,2019051031,1019.0,1010.0,2,2301,40.4373,-80.0172,0,1,0,0,0,1,4,5,2019,1,10.0,1.0,0,1.0,3,2,3,  ,0,0.0,0,0,1,0,0,0,0,0,0,0,0,0,0,0,0,0,0
23887,2019051052,1423.0,1419.0,50,50409,40.4801,-77.1312,0,0,0,0,0,1,4,4,2019,5,14.0,1.0,0,1.0,1,2,3,  ,3,3.0,0,0,1,0,0,0,0,0,0,0,0,0,0,0,0,0,0
23888,2019051106,1711.0,1703.0,41,41301,41.2361,-77.052,0,0,0,0,1,1,4,5,2019,6,17.0,1.0,0,1.0,3,1,3,  ,3,3.0,1,1,1,0,0,0,1,0,0,1,0,0,1,0,0,1,0
23889,2019051112,2037.0,2037.0,48,48301,40.6183,-75.3588,0,1,0,0,0,0,1,5,2019,3,20.0,3.0,3,1.0,3,0,3,  ,0,0.0,0,0,0,0,0,0,0,0,0,0,0,0,0,0,0,0,0
23890,2019051118,1707.0,1551.0,26,26301,40.0158,-79.5889,0,0,0,0,1,0,4,5,2019,5,15.0,1.0,0,1.0,2,3,3,  ,3,3.0,0,0,1,0,0,0,0,0,0,0,0,0,0,0,0,0,0
23891,2019051353,1748.0,1747.0,9,9225,40.1702,-75.0353,0,1,0,0,0,0,4,5,2019,6,17.0,1.0,7,1.0,3,0,3,  ,0,0.0,0,0,1,0,0,0,0,0,0,0,0,0,0,0,0,0,0
23892,2019051423,2022.0,2017.0,39,39301,40.606,-75.4919,0,0,0,0,0,0,4,5,2019,6,20.0,3.0,0,1.0,3,1,3,  ,2,3.0,0,0,1,0,0,0,0,0,0,0,0,0,0,0,0,0,0
23893,2019051455,1918.0,1913.0,9,9201,40.381,-75.207,0,0,0,0,0,0,4,5,2019,5,19.0,1.0,0,1.0,1,1,3,  ,3,3.0,1,0,1,0,0,0,0,0,0,0,0,0,0,1,0,0,0
23894,2019051604,1613.0,1600.0,67,67301,39.9688,-75.2283,0,0,0,0,0,0,6,5,2019,2,15.0,1.0,0,1.0,3,0,3,  ,0,0.0,0,0,0,0,0,0,0,0,0,0,0,0,0,0,0,0,0
23895,2019051660,2018.0,2017.0,18,18301,41.1341,-77.4368,0,0,0,0,0,1,4,4,2019,6,20.0,3.0,0,9.0,2,1,7,  ,3,3.0,1,0,1,0,0,0,0,0,0,0,0,0,1,0,0,1,0
23896,2019051662,1145.0,1144.0,18,18301,41.1252,-77.4616,0,1,0,0,1,0,4,5,2019,7,11.0,1.0,0,1.0,2,2,3,  ,3,3.0,0,0,1,0,0,0,0,0,0,0,0,0,0,0,0,1,0
23897,2019051670,1320.0,1319.0,46,46101,40.1117,-75.0937,0,0,0,0,0,1,4,5,2019,4,13.0,1.0,0,1.0,3,2,3,  ,3,3.0,1,0,1,0,0,0,0,0,0,0,0,0,1,0,0,1,0
23898,2019051844,1000.0,958.0,67,67301,39.9486,-75.2174,0,0,0,0,0,0,1,3,2019,4,8.0,1.0,0,1.0,3,0,3,  ,0,0.0,0,0,0,0,0,0,0,0,0,0,0,0,0,0,0,0,0
23899,2019051883,1705.0,1659.0,40,40304,41.242,-75.8967,0,0,0,0,0,1,4,5,2019,3,16.0,1.0,0,1.0,3,2,3,  ,0,0.0,0,0,1,0,0,0,0,0,0,0,0,0,0,0,0,0,0
23900,2019052125,1553.0,1552.0,9,9227,40.2344,-75.1371,0,0,0,0,0,1,4,5,2019,3,15.0,1.0,0,1.0,3,1,3,  ,2,3.0,0,0,1,0,0,0,0,0,0,0,0,0,0,0,0,0,0
23901,2019052202,935.0,930.0,67,67301,39.9645,-75.1772,0,0,0,0,0,0,5,5,2019,4,9.0,1.0,0,1.0,3,0,3,  ,2,3.0,0,0,0,0,0,1,0,0,0,0,0,0,0,0,0,0,0
23902,2019052315,1807.0,1804.0,46,46102,40.0968,-75.1415,0,0,0,0,0,0,4,5,2019,3,18.0,1.0,0,1.0,3,2,3,  ,3,3.0,0,0,1,0,0,0,0,0,0,0,0,0,0,0,0,0,1
23903,2019052316,1444.0,1438.0,48,48301,40.612,-75.3779,0,0,0,0,0,0,4,5,2019,7,14.0,1.0,0,1.0,3,0,3,  ,0,0.0,0,0,1,0,0,0,0,0,0,0,0,0,0,0,0,0,0
23904,2019052448,1748.0,1746.0,46,46107,40.0997,-75.3025,0,0,0,0,0,1,8,5,2019,4,17.0,1.0,7,1.0,3,0,3,  ,0,0.0,0,0,0,0,0,0,0,0,0,0,0,0,0,0,0,0,0
23905,2019052454,1832.0,1826.0,9,9218,,,0,0,0,0,0,0,4,5,2019,4,18.0,1.0,7,1.0,3,0,3,  ,0,0.0,0,0,1,0,0,0,0,0,0,0,0,0,0,0,0,0,0
23906,2019052463,2320.0,2309.0,2,2301,40.4784,-79.9556,0,0,0,0,0,0,4,5,2019,4,23.0,3.0,0,1.0,3,1,3,  ,2,3.0,0,0,1,0,0,0,0,0,0,0,0,0,0,0,0,0,0
23907,2019052471,2116.0,2115.0,66,66301,39.9544,-76.7298,0,1,0,0,1,0,4,5,2019,4,21.0,2.0,0,1.0,3,1,3,  ,3,3.0,0,0,1,0,0,0,0,0,0,0,0,0,0,0,0,0,0
23908,2019052661,2106.0,2104.0,30,30205,39.8968,-80.1716,0,0,0,0,0,0,4,5,2019,1,21.0,3.0,7,1.0,1,0,3,  ,0,0.0,0,0,1,0,0,0,0,0,0,0,0,0,0,0,0,0,0
23909,2019052724,800.0,745.0,67,67301,39.9541,-75.177,0,0,0,0,0,0,5,5,2019,6,7.0,1.0,0,1.0,3,0,3,  ,2,3.0,0,0,0,0,0,0,0,0,0,0,0,0,0,0,0,0,0
23910,2019052757,1811.0,1809.0,67,67301,40.0553,-75.0566,0,0,0,0,0,0,4,4,2019,6,18.0,1.0,0,9.0,3,5,7,  ,3,3.0,0,0,1,0,0,0,0,0,0,0,0,0,0,0,0,0,0
23911,2019052919,1115.0,1109.0,67,67301,39.9688,-75.1362,0,0,0,0,0,1,4,5,2019,2,11.0,1.0,0,1.0,3,1,3,  ,2,3.0,0,0,1,0,0,0,0,0,0,0,0,0,0,0,0,0,0
23912,2019052940,2204.0,2204.0,67,67301,39.9692,-75.2284,0,0,0,0,0,0,8,5,2019,2,22.0,3.0,0,1.0,3,1,3,  ,0,0.0,0,0,0,0,0,0,0,0,0,0,0,0,0,0,0,0,0
23913,2019053131,1333.0,1333.0,67,67301,39.9504,-75.1926,0,0,0,0,0,1,2,5,2019,6,13.0,1.0,0,1.0,3,1,3,  ,2,3.0,0,0,0,0,0,0,0,0,0,0,0,0,0,0,0,0,0
23914,2019053252,2012.0,2004.0,2,2301,40.4515,-79.9081,0,0,0,0,0,1,4,5,2019,6,20.0,4.0,0,1.0,3,1,3,  ,2,3.0,1,0,1,0,0,0,0,0,0,0,0,0,0,0,0,1,0
23915,2019053285,1631.0,1630.0,46,46224,40.0899,-75.2699,0,1,0,0,0,0,8,5,2019,5,16.0,1.0,0,1.0,3,2,3,  ,0,0.0,0,0,0,0,0,0,0,0,0,0,0,0,0,0,0,0,0
23916,2019053488,1805.0,1805.0,67,67301,39.9458,-75.1668,0,0,0,0,0,1,4,5,2019,6,17.0,1.0,0,1.0,3,1,3,  ,0,0.0,0,0,1,0,0,0,0,0,0,0,0,0,0,0,0,0,0
23917,2019053549,1124.0,1120.0,22,22301,40.274,-76.897,0,0,0,0,0,0,4,5,2019,7,11.0,1.0,7,1.0,3,0,3,  ,0,0.0,1,0,1,0,0,0,0,0,0,0,0,0,0,0,0,0,0
23918,2019053666,1955.0,1950.0,7,7301,40.5115,-78.397,0,0,0,0,0,1,4,5,2019,7,19.0,1.0,0,1.0,3,1,3,  ,0,0.0,1,0,1,0,0,0,0,0,0,0,0,0,0,0,0,0,0
23919,2019053669,1510.0,1509.0,67,67301,39.9608,-75.1969,0,0,0,0,0,0,4,5,2019,1,15.0,1.0,0,1.0,3,1,3,  ,3,3.0,0,0,1,0,0,0,0,0,0,0,0,0,0,0,0,0,0