,CRN,ARRIVAL_TM,DISPATCH_TM,COUNTY,MUNICIPALITY,DEC_LAT,DEC_LONG,BICYCLE_DEATH_COUNT,BICYCLE_SUSP_SERIOUS_INJ_COUNT,BUS_COUNT,HEAVY_TRUCK_COUNT,SMALL_TRUCK_COUNT,SUV_COUNT,COLLISION_TYPE,CRASH_MONTH,CRASH_YEAR,DAY_OF_WEEK,HOUR_OF_DAY,ILLUMINATION,LOCATION_TYPE,ROAD_CONDITION,URBAN_RURAL,INTERSECT_TYPE,WEATHER1,WEATHER2,TCD_TYPE,TCD_FUNC_CD,AGGRESSIVE_DRIVING,ALCOHOL_RELATED,ANGLE_CRASH,CELL_PHONE,COMM_VEHICLE,DISTRACTED,DRINKING_DRIVER,DRUGGED_DRIVER,FATIGUE_ASLEEP,IMPAIRED_DRIVER,NHTSA_AGG_DRIVING,RUNNING_RED_LT,RUNNING_STOP_SIGN,SPEEDING_RELATED,TAILGATING,MATURE_DRIVER,YOUNG_DRIVER
23920,2019053816,1631.0,1627.0,9,9204,40.3478,-75.0309,0,0,0,0,0,0,4,5,2019,7,16.0,1.0,7,1.0,1,0,3,  ,0,0.0,1,0,1,0,0,0,0,0,0,0,0,0,0,0,0,1,0
23921,2019053884,1755.0,1754.0,39,39302,40.6225,-75.395,0,0,0,0,0,1,4,5,2019,3,17.0,1.0,0,1.0,3,1,3,  ,2,3.0,0,0,1,0,0,0,0,0,0,0,0,0,0,0,0,0,0
23922,2019053932,1928.0,1935.0,67,67301,39.9364,-75.1822,0,0,0,0,0,1,4,5,2019,1,19.0,1.0,0,9.0,3,2,3,  ,0,0.0,0,0,1,0,0,0,0,0,0,0,0,0,0,0,0,0,0
23923,2019054047,1835.0,1817.0,46,46104,40.0207,-75.3085,0,0,0,0,0,1,4,4,2019,2,18.0,1.0,0,1.0,3,1,3,  ,0,0.0,0,0,1,0,0,0,0,0,0,0,0,0,0,0,0,0,0
23924,2019054656,1833.0,1822.0,23,23111,39.9306,-75.3085,0,0,0,0,0,0,4,5,2019,4,18.0,4.0,0,9.0,3,1,7,  ,2,3.0,0,0,1,0,0,0,0,0,0,0,0,0,0,0,0,0,0
23925,2019054773,1618.0,1615.0,48,48409,40.6849,-75.4976,0,1,0,0,1,0,4,5,2019,6,16.0,1.0,0,1.0,3,1,3,  ,3,3.0,0,0,1,0,0,0,0,0,0,0,0,0,0,0,0,0,0
23926,2019054941,235.0,230.0,67,67301,40.0392,-75.11,0,0,0,0,0,0,4,3,2019,5,2.0,3.0,0,1.0,3,1,99,  ,2,3.0,0,0,1,0,0,0,0,0,0,0,0,0,0,0,0,0,0
23927,2019054946,427.0,423.0,67,67301,39.9324,-75.1439,0,0,0,0,0,0,5,4,2019,3,4.0,3.0,0,9.0,3,0,7,  ,0,0.0,0,0,0,0,0,0,0,0,0,0,0,0,0,0,0,0,0
23928,2019054950,1655.0,1650.0,67,67301,39.9734,-75.1608,0,0,0,0,0,0,4,4,2019,6,16.0,1.0,0,9.0,3,1,3,  ,2,3.0,0,0,1,0,0,0,0,0,0,0,0,0,0,0,0,0,0
23929,2019054955,1335.0,1328.0,67,67301,39.9767,-75.1895,0,0,0,0,0,0,5,4,2019,7,13.0,1.0,0,9.0,3,0,3,  ,0,0.0,0,0,0,0,0,0,0,0,0,0,0,0,0,0,0,1,0
23930,2019054957,2350.0,2346.0,67,67301,39.9369,-75.1502,0,0,0,0,0,1,4,4,2019,1,23.0,3.0,0,1.0,3,1,3,  ,3,3.0,0,0,1,0,0,0,0,0,0,0,0,0,0,0,0,0,0
23931,2019054960,2341.0,2326.0,67,67301,39.949,-75.2131,0,0,0,0,0,0,4,4,2019,1,22.0,3.0,7,1.0,3,0,3,  ,0,0.0,0,0,1,0,0,0,0,0,0,0,0,0,0,0,0,0,0
23932,2019055027,1724.0,1724.0,67,67301,40.001,-75.1481,0,0,0,0,1,0,4,5,2019,3,17.0,1.0,0,1.0,3,1,3,  ,2,9.0,0,0,1,0,0,0,0,0,0,0,0,0,0,0,0,0,0
23933,2019055296,1650.0,1645.0,66,66232,39.7709,-76.9482,0,0,0,0,0,0,4,5,2019,7,16.0,1.0,0,1.0,1,1,3,  ,2,3.0,0,0,1,0,0,0,0,0,0,0,0,0,0,0,0,0,0
23934,2019055379,716.0,713.0,66,66217,39.9822,-76.7345,0,0,0,0,0,0,4,5,2019,3,7.0,1.0,0,9.0,3,1,3,  ,0,0.0,0,0,1,0,0,0,0,0,0,0,0,0,0,0,0,0,0
23935,2019055768,1825.0,1820.0,6,6301,40.3352,-75.9181,0,0,0,0,0,0,4,6,2019,7,18.0,1.0,0,1.0,3,1,3,  ,2,3.0,0,0,1,0,0,0,0,0,0,0,0,0,0,0,0,0,0
23936,2019055781,2124.0,2115.0,67,67301,39.9451,-75.1685,0,0,0,0,0,0,2,5,2019,6,21.0,3.0,0,1.0,3,1,3,  ,2,3.0,0,0,0,0,0,0,0,0,0,0,0,0,0,0,0,0,0
23937,2019055859,2210.0,2206.0,25,25302,42.128,-80.0826,0,0,0,0,0,1,5,5,2019,5,22.0,3.0,0,1.0,3,1,3,  ,2,3.0,0,0,0,0,0,0,0,0,0,0,0,0,0,0,0,0,0
23938,2019055981,1650.0,1645.0,35,35302,41.4145,-75.6812,0,0,0,0,0,0,4,6,2019,1,15.0,1.0,0,1.0,3,1,3,  ,0,0.0,0,0,1,0,0,0,0,0,0,0,0,0,0,0,0,0,0
23939,2019055983,1550.0,1549.0,23,23412,39.9364,-75.2706,0,0,0,0,0,1,4,6,2019,1,15.0,1.0,0,1.0,3,2,3,  ,3,3.0,0,0,1,0,0,0,0,0,0,0,0,0,0,0,0,0,0
23940,2019056158,1018.0,1018.0,53,53301,40.6801,-76.2127,0,1,0,0,0,0,4,5,2019,5,10.0,1.0,0,1.0,2,2,3,  ,3,3.0,0,0,1,0,0,0,0,0,0,0,0,0,0,0,0,1,0
23941,2019056165,1716.0,1711.0,36,36301,40.038,-76.3128,0,0,0,0,0,1,1,5,2019,5,17.0,1.0,0,1.0,3,1,3,  ,0,0.0,1,0,0,0,0,0,0,0,0,0,0,0,0,0,1,0,0
23942,2019056274,1635.0,1633.0,9,9101,40.125,-74.8765,0,0,0,0,0,0,4,6,2019,2,16.0,1.0,7,1.0,3,0,3,  ,0,0.0,1,0,1,0,0,0,0,0,0,0,0,0,0,0,0,0,0
23943,2019056338,1722.0,1722.0,67,67301,39.9224,-75.1583,0,0,0,0,0,0,4,6,2019,2,17.0,1.0,0,1.0,3,1,3,  ,3,3.0,1,0,1,0,0,0,0,0,0,0,0,0,0,0,0,0,0
23944,2019056415,2221.0,2220.0,23,23423,39.9032,-75.2695,0,0,0,0,0,1,4,6,2019,2,22.0,2.0,0,1.0,3,1,3,  ,3,9.0,0,0,1,0,0,0,0,0,0,0,0,0,0,0,0,0,0
23945,2019056435,1008.0,1004.0,46,46405,40.0724,-75.2989,0,1,0,0,0,1,4,5,2019,7,10.0,1.0,0,1.0,3,0,3,  ,3,3.0,0,0,1,0,0,0,0,0,0,0,0,0,0,0,0,0,0
23946,2019056455,1644.0,1641.0,48,48301,40.6224,-75.382,0,0,0,0,0,1,4,5,2019,1,16.0,1.0,0,1.0,3,1,3,  ,2,3.0,1,1,1,0,0,0,0,0,0,0,0,0,0,0,0,0,1
23947,2019056660,1328.0,1320.0,14,14206,40.7138,-78.0133,0,1,0,0,0,0,5,6,2019,2,13.0,1.0,0,1.0,1,0,3,  ,0,0.0,1,0,0,0,0,0,0,0,0,0,0,0,0,1,0,0,1
23948,2019056765,1519.0,1513.0,39,39301,40.6032,-75.4825,0,0,0,0,0,0,8,6,2019,7,14.0,1.0,0,1.0,3,1,3,  ,3,3.0,0,0,0,0,0,0,0,0,0,0,0,0,0,0,0,0,1
23949,2019056772,1130.0,1130.0,39,39301,40.6029,-75.4806,0,0,0,0,0,0,8,5,2019,2,19.0,4.0,0,1.0,3,2,3,  ,0,0.0,0,0,0,0,0,1,0,0,0,0,0,0,0,0,0,0,0
23950,2019056790,1825.0,1825.0,66,66301,39.9591,-76.7283,0,0,0,0,0,0,4,6,2019,3,18.0,1.0,0,1.0,3,1,3,  ,2,3.0,0,0,1,0,0,0,0,0,0,0,0,0,0,0,0,0,0
23951,2019056902,1910.0,1907.0,23,23111,39.9342,-75.2932,0,0,0,0,0,0,4,6,2019,3,19.0,1.0,0,1.0,3,2,03,  ,3,3.0,0,0,1,0,0,0,0,0,0,0,0,0,0,0,0,0,0
23952,2019056957,2129.0,2126.0,15,15301,39.9853,-75.8103,0,0,0,0,0,0,1,4,2019,6,21.0,3.0,0,1.0,3,2,03,  ,0,0.0,0,0,0,0,0,0,0,0,0,0,0,0,0,0,0,0,1
23953,2019057168,1010.0,1010.0,67,67301,39.9383,-75.17,0,0,0,0,0,0,4,6,2019,3,10.0,1.0,0,1.0,3,1,03,  ,2,3.0,0,0,1,0,0,0,0,0,0,0,0,0,0,0,0,0,0
23954,2019057187,1837.0,1836.0,67,67301,39.9602,-75.1909,0,0,0,0,0,0,4,6,2019,4,18.0,1.0,0,1.0,3,1,03,  ,2,3.0,1,0,1,0,0,0,0,0,0,0,0,0,0,0,0,0,0
23955,2019057356,1338.0,1336.0,39,39301,40.6144,-75.4704,0,0,0,0,0,1,4,5,2019,2,13.0,1.0,0,1.0,3,1,03,  ,0,0.0,0,0,1,0,0,0,0,0,0,0,0,0,0,0,0,0,0
23956,2019057362,655.0,655.0,67,67301,39.9428,-75.1586,0,0,0,0,0,0,1,6,2019,3,6.0,1.0,0,1.0,3,1,03,  ,2,3.0,1,0,0,0,0,0,0,0,0,0,0,0,0,0,1,0,0
23957,2019057532,1310.0,1304.0,36,36210,40.203,-76.1574,0,0,0,0,0,1,5,5,2019,3,13.0,1.0,0,1.0,1,1,03,  ,2,3.0,0,0,0,0,0,0,0,0,0,0,0,0,0,0,0,0,0
23958,2019057566,1000.0,955.0,67,67301,39.9642,-75.1611,0,0,0,0,0,0,5,5,2019,5,9.0,1.0,0,1.0,3,0,03,  ,0,0.0,0,0,0,0,0,0,0,0,0,0,0,0,0,0,0,0,0
23959,2019057571,1716.0,1712.0,35,35302,41.3931,-75.6667,0,0,0,0,0,0,4,6,2019,5,17.0,1.0,0,1.0,3,1,03,  ,0,0.0,0,0,1,0,0,0,0,0,0,0,0,0,0,0,0,0,0
23960,2019057572,514.0,514.0,67,67301,39.9726,-75.1679,0,0,0,0,0,0,5,5,2019,2,5.0,1.0,0,1.0,3,0,03,  ,0,0.0,0,0,0,0,0,0,0,0,0,0,0,0,0,0,0,0,0
23961,2019057574,1633.0,1625.0,67,67301,39.9796,-75.176,0,0,0,0,0,0,4,5,2019,7,16.0,1.0,0,1.0,3,1,03,  ,2,3.0,0,0,1,0,0,0,0,0,0,0,0,0,0,0,0,0,0
23962,2019057598,950.0,945.0,67,67301,39.9953,-75.2271,0,0,0,0,0,0,5,5,2019,6,7.0,1.0,0,1.0,3,0,03,  ,0,0.0,0,0,0,0,0,0,0,0,0,0,0,0,0,0,0,0,0
23963,2019057607,1529.0,1434.0,14,14410,40.7924,-77.8585,0,0,0,0,0,0,4,6,2019,5,14.0,1.0,0,1.0,3,1,03,  ,3,3.0,0,0,1,0,0,0,0,0,0,0,0,0,0,0,0,0,0
23964,2019057781,1835.0,1830.0,67,67301,39.927,-75.1899,0,0,0,0,0,0,8,6,2019,5,18.0,1.0,0,1.0,3,3,03,  ,3,3.0,0,0,0,0,0,0,0,0,0,0,0,0,0,0,0,1,0
23965,2019057797,1104.0,1100.0,67,67301,39.957,-75.1572,0,0,0,0,0,0,4,6,2019,5,11.0,1.0,3,1.0,3,1,03,  ,2,3.0,0,0,1,0,0,0,0,0,0,0,0,0,0,0,0,0,0
23966,2019057965,2034.0,2028.0,67,67301,40.0337,-75.1822,0,0,0,0,0,1,1,5,2019,7,20.0,3.0,0,1.0,3,0,03,  ,0,0.0,0,0,0,0,0,0,0,0,0,0,0,0,0,0,0,0,0
23967,2019057972,1917.0,1915.0,67,67301,39.9832,-75.1805,0,0,0,0,0,0,4,5,2019,7,19.0,1.0,0,9.0,3,1,07,  ,0,0.0,0,0,1,0,0,0,0,0,0,0,0,0,0,0,0,0,0
23968,2019058081,1835.0,1829.0,2,2301,40.4167,-80.074,0,0,0,0,0,0,4,6,2019,6,18.0,1.0,0,1.0,3,1,03,  ,3,3.0,0,0,1,0,0,0,0,0,0,0,0,0,0,0,0,0,0
23969,2019058137,1843.0,1840.0,67,67301,39.9364,-75.1584,0,0,0,0,0,0,1,6,2019,4,18.0,1.0,0,1.0,3,1,03,  ,2,3.0,0,0,0,0,0,0,0,0,0,0,0,0,0,0,0,0,0
23970,2019058186,918.0,909.0,67,67301,40.0736,-75.2001,0,0,0,0,0,1,4,6,2019,7,9.0,1.0,0,1.0,3,0,03,  ,0,0.0,0,0,1,0,0,0,0,0,0,0,0,0,0,0,0,0,0
23971,2019058222,1643.0,1643.0,46,46411,40.2417,-75.2806,0,0,0,0,0,0,4,6,2019,2,16.0,1.0,0,1.0,3,1,03,  ,3,3.0,0,1,1,0,0,0,0,0,0,0,0,0,0,0,0,0,0
23972,2019058245,1955.0,1947.0,67,67301,40.0407,-75.0299,0,0,0,0,0,0,4,6,2019,3,19.0,1.0,0,1.0,3,1,03,  ,3,3.0,1,0,1,0,0,0,0,0,0,0,0,0,0,0,0,0,0
23973,2019058246,2125.0,2120.0,67,67301,40.0221,-75.0623,0,0,0,0,0,1,4,6,2019,3,21.0,2.0,0,1.0,3,0,03,  ,0,0.0,0,0,1,0,0,0,0,0,0,0,0,0,0,0,0,0,0
23974,2019058283,1836.0,1834.0,66,66301,39.9685,-76.7356,0,0,0,0,0,1,1,6,2019,7,18.0,1.0,0,1.0,3,2,03,  ,3,3.0,0,0,0,0,0,0,0,0,0,0,0,0,0,0,0,0,0
23975,2019058476,1521.0,1517.0,40,40410,41.2989,-75.8628,0,0,0,0,0,1,4,6,2019,1,15.0,1.0,0,1.0,3,0,03,  ,0,0.0,0,0,1,0,0,0,0,0,0,0,0,0,0,0,0,0,0
23976,2019058638,1831.0,1810.0,9,9210,40.3283,-75.3178,0,0,0,0,1,0,5,6,2019,3,16.0,1.0,0,1.0,3,2,03,  ,3,3.0,0,0,0,0,0,0,0,0,0,0,0,0,0,0,0,0,0
23977,2019058662,1753.0,1745.0,67,67301,39.9586,-75.214,0,0,0,0,0,0,4,6,2019,7,15.0,1.0,0,1.0,3,1,03,  ,2,3.0,1,0,1,0,0,0,0,0,0,0,0,0,0,0,0,0,0
23978,2019058693,1659.0,1659.0,37,37403,40.8591,-80.2883,0,0,0,0,0,1,4,5,2019,4,16.0,1.0,0,1.0,3,0,03,  ,0,0.0,0,0,1,0,0,1,0,0,0,0,0,0,0,0,0,0,0
23979,2019058903,143.0,138.0,39,39103,40.578,-75.5267,0,1,0,0,1,0,8,6,2019,2,1.0,6.0,0,1.0,1,0,03,  ,0,0.0,0,0,0,0,0,0,0,0,0,0,0,0,0,0,0,0,1
23980,2019058918,1546.0,1542.0,9,9101,40.1188,-74.8643,0,0,0,0,0,0,1,6,2019,2,15.0,1.0,0,1.0,3,1,03,  ,2,3.0,0,0,0,0,0,0,0,0,0,0,0,0,0,0,0,0,0
23981,2019059000,2031.0,1953.0,61,61218,41.6964,-79.0299,0,0,0,0,0,1,4,6,2019,5,19.0,1.0,0,1.0,1,2,03,  ,0,0.0,0,0,1,0,0,0,0,0,0,0,0,0,0,0,0,1,0
23982,2019059433,1956.0,1955.0,39,39104,40.5328,-75.6045,0,0,0,0,0,1,4,5,2019,2,19.0,1.0,0,1.0,3,1,03,  ,2,3.0,0,0,1,0,0,0,0,0,0,0,0,0,0,0,0,1,0
23983,2019059534,1725.0,1717.0,35,35302,41.4257,-75.6651,0,0,0,0,0,1,4,6,2019,3,13.0,1.0,0,1.0,3,0,03,  ,0,0.0,0,0,1,0,0,0,0,0,0,0,0,0,0,0,0,0,0
23984,2019059828,1614.0,1608.0,37,37301,40.9893,-80.3453,0,0,0,0,0,1,4,6,2019,4,16.0,1.0,0,1.0,2,2,03,  ,3,3.0,0,0,1,0,0,0,0,0,0,0,0,0,0,0,0,0,0
23985,2019059836,1119.0,1119.0,46,46416,40.2501,-75.6539,0,0,0,0,0,0,4,6,2019,1,11.0,1.0,0,1.0,2,2,03,  ,3,3.0,0,0,1,0,0,0,0,0,0,0,0,0,0,0,0,0,0
23986,2019059869,1929.0,1924.0,39,39301,40.6052,-75.4916,0,0,0,0,0,0,4,5,2019,5,19.0,1.0,0,1.0,3,1,03,  ,0,0.0,1,0,1,0,0,0,0,0,0,0,0,0,0,0,0,0,0
23987,2019059907,1855.0,1851.0,35,35302,41.4016,-75.6576,0,0,0,0,0,0,4,6,2019,4,18.0,1.0,0,1.0,3,0,03,  ,0,0.0,0,0,1,0,0,0,0,0,0,0,0,0,0,0,0,0,0
23988,2019060112,1241.0,1236.0,9,9201,40.3835,-75.2072,0,0,0,0,0,0,4,6,2019,4,12.0,1.0,0,1.0,1,1,03,  ,3,3.0,1,0,1,0,0,0,0,0,0,0,0,0,0,0,0,0,0
23989,2019060128,1230.0,1228.0,40,40431,41.0611,-75.7792,1,0,0,0,0,0,4,5,2019,6,12.0,1.0,0,1.0,1,1,03,  ,3,3.0,0,0,1,0,0,0,0,0,0,0,0,0,0,0,0,0,0
23990,2019060312,805.0,756.0,15,15230,39.8416,-75.5998,0,3,0,0,0,0,8,4,2019,7,7.0,1.0,0,9.0,1,0,03,  ,0,0.0,1,0,0,0,0,0,0,1,0,1,0,0,0,1,0,0,0
23991,2019060453,1941.0,1941.0,48,48301,40.6209,-75.36,0,0,0,0,0,1,4,6,2019,4,15.0,1.0,0,1.0,3,1,03,  ,2,3.0,1,0,1,0,0,0,0,0,0,0,0,0,0,0,0,0,0
23992,2019060501,1158.0,1151.0,7,7301,40.506,-78.4006,0,0,0,0,0,1,4,6,2019,5,11.0,1.0,0,9.0,3,1,07,  ,3,3.0,0,0,1,0,0,0,0,0,0,0,0,0,0,0,0,1,0
23993,2019060520,920.0,913.0,67,67301,40.0447,-75.0613,0,0,0,0,0,0,4,6,2019,3,9.0,1.0,0,1.0,3,2,03,  ,3,3.0,1,0,1,0,0,0,0,0,0,0,0,0,0,0,0,0,0
23994,2019060544,835.0,828.0,67,67301,39.9225,-75.1865,0,0,0,0,0,0,4,6,2019,5,8.0,1.0,0,9.0,3,1,07,  ,2,3.0,1,0,1,0,0,1,0,0,0,0,0,0,0,0,0,0,0
23995,2019060569,935.0,930.0,10,10101,40.8553,-79.9116,0,1,0,0,1,0,4,6,2019,6,9.0,1.0,0,1.0,2,2,03,  ,3,3.0,0,0,1,0,0,0,0,0,0,0,0,0,0,0,0,0,0
23996,2019060607,1704.0,1659.0,25,25302,42.1241,-80.1012,0,0,0,0,0,0,4,6,2019,6,16.0,1.0,0,1.0,3,2,03,  ,0,0.0,0,0,1,0,0,0,0,0,0,0,0,0,0,0,0,0,0
23997,2019060637,1545.0,1534.0,2,2116,40.5163,-80.0158,0,0,0,0,0,0,4,6,2019,4,14.0,1.0,7,1.0,3,0,03,  ,0,0.0,0,0,1,0,0,0,0,0,0,0,0,0,0,0,0,1,0
23998,2019060731,1903.0,1903.0,46,46103,40.2726,-75.3097,0,0,0,0,0,0,4,6,2019,6,19.0,1.0,0,1.0,3,1,03,  ,2,3.0,0,0,1,0,0,0,0,0,0,0,0,0,0,0,0,0,1
23999,2019060751,1308.0,1303.0,46,46101,40.1162,-75.1663,0,0,0,0,0,1,4,6,2019,6,13.0,1.0,0,1.0,3,1,03,  ,2,3.0,0,0,1,0,0,0,0,0,0,0,0,0,0,0,0,0,0
24000,2019060757,1440.0,1430.0,2,2301,40.4195,-79.9942,0,0,0,0,0,1,4,6,2019,6,14.0,1.0,0,1.0,3,1,03,  ,0,0.0,0,0,1,0,0,0,0,0,0,0,0,0,0,0,0,0,0
24001,2019060987,1910.0,1707.0,67,67301,39.9339,-75.2225,0,0,0,0,0,0,4,6,2019,7,16.0,1.0,0,1.0,3,2,03,  ,0,0.0,0,0,1,0,0,0,0,0,0,0,0,0,0,0,0,0,0
24002,2019061356,1325.0,1322.0,39,39102,40.6592,-75.4912,0,0,0,0,0,0,4,6,2019,6,13.0,1.0,0,1.0,3,0,03,  ,0,0.0,0,0,1,0,0,0,0,0,0,0,0,0,0,0,0,0,0
24003,2019061483,1715.0,1710.0,66,66426,39.783,-76.6829,0,0,0,0,0,0,2,6,2019,1,17.0,1.0,0,1.0,1,2,03,  ,0,0.0,0,0,0,0,0,1,0,0,0,0,0,0,0,0,0,0,0
24004,2019061535,2003.0,1953.0,21,21208,40.2,-77.171,0,0,0,0,0,1,4,6,2019,2,19.0,1.0,7,1.0,1,0,03,  ,0,0.0,1,0,1,0,0,0,0,0,0,0,1,0,0,0,0,0,0
24005,2019061649,2023.0,2018.0,67,67301,39.9509,-75.237,0,0,0,0,0,0,4,6,2019,2,20.0,4.0,0,1.0,3,0,03,  ,0,0.0,0,0,1,0,0,0,0,0,0,0,0,0,0,0,0,0,0
24006,2019061877,1256.0,1255.0,9,9228,40.2419,-75.0927,0,1,0,0,0,0,4,6,2019,3,12.0,1.0,0,1.0,1,2,03,  ,3,3.0,1,0,1,0,0,0,0,0,0,0,0,0,0,0,0,0,0
24007,2019061890,1513.0,1511.0,33,33406,40.9438,-78.9769,0,0,0,0,0,1,4,6,2019,5,15.0,1.0,0,9.0,2,1,07,  ,3,3.0,1,0,1,0,0,0,0,0,0,0,0,0,1,0,0,0,0
24008,2019062338,1724.0,1723.0,39,39301,40.6039,-75.4655,0,0,0,0,0,1,8,6,2019,6,17.0,1.0,0,1.0,3,1,03,  ,2,3.0,0,0,0,0,0,0,0,0,0,0,0,0,0,0,0,0,0
24009,2019062423,1635.0,1630.0,67,67301,39.9762,-75.1682,0,0,0,0,0,0,5,6,2019,5,14.0,1.0,0,1.0,3,2,03,  ,0,0.0,0,0,0,0,0,0,0,0,0,0,0,0,0,0,0,0,0
24010,2019062491,2312.0,2306.0,2,2301,40.4501,-80.0184,0,0,0,0,1,0,8,6,2019,4,23.0,3.0,0,9.0,3,0,07,  ,0,0.0,0,0,0,0,0,0,0,0,0,0,0,0,0,0,0,0,0
24011,2019062598,1135.0,1133.0,40,40303,41.3202,-75.7921,0,0,0,0,0,1,8,6,2019,5,11.0,1.0,7,1.0,3,0,03,  ,0,0.0,0,0,0,0,0,0,0,0,0,0,0,0,0,0,0,0,0
24012,2019062865,913.0,911.0,67,67301,39.9962,-75.1718,0,0,0,0,0,0,4,6,2019,4,9.0,1.0,0,1.0,3,2,03,  ,0,0.0,1,0,1,0,0,0,0,0,0,0,0,0,0,0,0,0,0
24013,2019062922,1516.0,1514.0,40,40418,41.2871,-75.8992,0,0,0,0,0,0,4,6,2019,5,15.0,1.0,0,9.0,3,1,07,  ,0,0.0,0,0,1,0,0,0,0,0,0,0,0,0,0,0,0,0,0
24014,2019063119,1835.0,1833.0,2,2407,40.3311,-80.0224,0,0,0,0,0,1,4,6,2019,4,18.0,1.0,7,1.0,3,0,03,  ,2,3.0,1,0,1,0,0,0,0,0,0,0,0,0,0,0,0,0,1
24015,2019063305,1145.0,1139.0,46,46413,40.1217,-75.3251,0,0,0,0,0,1,2,6,2019,7,11.0,1.0,0,1.0,3,0,03,  ,0,0.0,0,0,0,0,0,1,0,0,0,0,0,0,0,0,0,1,0
24016,2019063387,1158.0,1154.0,46,46216,40.2304,-75.354,0,0,0,0,0,1,4,6,2019,7,11.0,1.0,0,1.0,1,1,03,  ,3,3.0,1,0,1,0,0,1,0,0,0,0,0,0,0,0,0,1,0
24017,2019063435,1407.0,1407.0,67,67301,40.0536,-75.0721,0,1,0,0,0,0,4,6,2019,7,14.0,1.0,0,1.0,3,1,03,  ,3,3.0,0,0,1,0,0,0,0,0,0,0,0,0,0,0,0,0,0
24018,2019063472,1620.0,1616.0,67,67301,39.9572,-75.2254,0,0,0,0,0,0,4,6,2019,7,16.0,1.0,0,1.0,3,0,03,  ,0,0.0,0,0,1,0,0,0,0,0,0,0,0,0,0,0,0,0,0
24019,2019063633,1318.0,1315.0,36,36101,40.094,-76.3031,0,0,0,0,0,1,4,6,2019,7,13.0,1.0,0,1.0,3,0,03,  ,0,0.0,0,0,1,0,0,0,0,0,0,0,0,0,0,0,0,0,0
24020,2019063703,1615.0,1613.0,7,7201,40.4418,-78.4124,0,1,0,0,0,1,4,6,2019,2,16.0,1.0,0,1.0,1,2,03,  ,3,3.0,1,0,1,0,0,0,0,0,0,0,0,0,0,0,0,0,0
24021,2019063706,1455.0,1439.0,67,67301,39.9754,-75.1885,0,0,0,0,0,1,5,6,2019,7,12.0,1.0,0,1.0,3,0,03,  ,0,0.0,0,0,0,0,0,0,0,0,0,0,0,0,0,0,0,0,0
24022,2019063707,854.0,851.0,48,48409,40.6908,-75.4987,0,0,0,0,0,1,4,6,2019,5,8.0,1.0,0,1.0,3,1,03,  ,3,3.0,0,0,1,0,0,0,0,0,0,0,0,0,0,0,0,0,0
24023,2019063732,2117.0,2114.0,37,37301,40.9864,-80.3328,0,1,0,0,0,0,4,6,2019,1,21.0,4.0,0,1.0,2,2,03,  ,0,0.0,0,0,1,1,0,1,0,0,0,0,0,0,0,0,0,0,1
24024,2019063757,1839.0,1830.0,9,9101,40.0982,-74.8733,0,0,0,0,1,0,5,6,2019,1,18.0,1.0,1,1.0,3,0,03,  ,0,0.0,0,0,0,0,0,0,0,0,0,0,0,0,0,0,0,0,0
24025,2019063771,1021.0,1017.0,59,59202,40.9357,-76.8736,0,0,0,0,1,0,8,6,2019,1,10.0,1.0,0,1.0,1,0,03,  ,3,3.0,0,0,0,0,0,0,0,0,0,0,0,0,0,0,0,0,0
24026,2019063979,1716.0,1713.0,40,40414,41.2582,-75.8939,0,0,0,0,0,0,4,6,2019,1,17.0,1.0,0,1.0,3,1,03,  ,2,3.0,0,0,1,0,0,0,0,0,0,0,0,0,0,0,0,0,0
24027,2019064024,1532.0,1442.0,41,41221,41.3601,-77.4118,0,0,0,0,1,0,8,6,2019,5,14.0,1.0,0,1.0,1,2,03,  ,0,0.0,1,0,0,0,0,0,0,0,0,0,0,0,0,0,0,0,0
24028,2019064189,1207.0,1204.0,46,46101,40.1033,-75.1511,0,0,0,0,0,0,4,6,2019,4,12.0,1.0,0,1.0,3,1,03,  ,0,0.0,0,0,1,0,0,0,0,0,0,0,0,0,0,0,0,0,0
24029,2019064226,1637.0,1631.0,66,66101,39.9493,-76.7363,0,0,0,0,0,0,4,6,2019,4,16.0,1.0,0,1.0,1,1,03,  ,2,3.0,0,0,1,0,0,0,0,0,0,0,0,0,0,0,0,0,0
24030,2019064372,1952.0,1947.0,66,66422,39.9728,-76.7314,0,0,0,0,0,0,5,5,2019,3,19.0,1.0,0,1.0,3,0,03,  ,0,0.0,0,0,0,0,0,1,0,0,0,0,0,0,0,0,0,0,0
24031,2019064407,1655.0,1641.0,66,66227,39.9615,-76.6801,0,0,0,0,0,0,4,6,2019,6,16.0,1.0,0,1.0,3,1,03,  ,3,3.0,1,0,1,0,0,0,0,0,0,0,0,0,0,0,0,0,0
24032,2019064449,1009.0,1007.0,46,46226,40.1924,-75.3768,0,0,0,0,0,0,4,6,2019,7,10.0,1.0,0,1.0,1,2,03,  ,0,0.0,1,0,1,0,0,0,0,0,0,0,0,0,0,0,0,1,0