,CRN,ARRIVAL_TM,DISPATCH_TM,COUNTY,MUNICIPALITY,DEC_LAT,DEC_LONG,BICYCLE_DEATH_COUNT,BICYCLE_SUSP_SERIOUS_INJ_COUNT,BUS_COUNT,HEAVY_TRUCK_COUNT,SMALL_TRUCK_COUNT,SUV_COUNT,COLLISION_TYPE,CRASH_MONTH,CRASH_YEAR,DAY_OF_WEEK,HOUR_OF_DAY,ILLUMINATION,LOCATION_TYPE,ROAD_CONDITION,URBAN_RURAL,INTERSECT_TYPE,WEATHER1,WEATHER2,TCD_TYPE,TCD_FUNC_CD,AGGRESSIVE_DRIVING,ALCOHOL_RELATED,ANGLE_CRASH,CELL_PHONE,COMM_VEHICLE,DISTRACTED,DRINKING_DRIVER,DRUGGED_DRIVER,FATIGUE_ASLEEP,IMPAIRED_DRIVER,NHTSA_AGG_DRIVING,RUNNING_RED_LT,RUNNING_STOP_SIGN,SPEEDING_RELATED,TAILGATING,MATURE_DRIVER,YOUNG_DRIVER
24033,2019064521,117.0,115.0,67,67301,39.9459,-75.1837,0,0,0,0,0,1,4,6,2019,2,22.0,3.0,0,1.0,3,2,03,  ,0,0.0,1,0,1,0,0,0,0,0,0,0,0,0,0,0,0,0,0
24034,2019064529,910.0,903.0,46,46105,40.1391,-75.0459,0,0,0,0,0,1,1,6,2019,7,9.0,1.0,0,1.0,3,0,03,  ,0,0.0,0,0,0,0,0,0,0,0,0,0,0,0,0,0,0,0,1
24035,2019064547,1113.0,1110.0,21,21208,40.2335,-77.1777,0,0,0,0,0,0,6,6,2019,1,11.0,1.0,0,1.0,1,2,03,  ,3,3.0,0,0,0,0,0,0,0,0,0,0,0,0,0,0,0,0,0
24036,2019064550,1405.0,1402.0,43,43404,41.1635,-80.0884,0,0,0,0,0,0,4,6,2019,1,14.0,1.0,0,1.0,2,1,03,  ,0,0.0,0,0,1,0,0,0,0,0,0,0,0,0,0,0,0,0,0
24037,2019064698,1605.0,1603.0,2,2301,40.4417,-80.0353,0,0,0,0,0,0,2,6,2019,4,15.0,1.0,0,1.0,3,2,03,  ,0,0.0,0,0,0,0,0,1,0,0,0,0,0,0,0,0,0,0,0
24038,2019064739,1956.0,1955.0,46,46101,40.123,-75.1256,0,0,0,0,0,1,4,6,2019,2,19.0,1.0,0,1.0,3,2,03,  ,0,0.0,0,0,1,0,0,0,0,0,0,0,0,0,0,0,0,0,1
24039,2019064755,1615.0,1610.0,66,66227,39.9736,-76.687,0,0,0,0,0,0,1,6,2019,6,16.0,1.0,0,1.0,3,0,03,  ,0,0.0,0,0,0,0,0,0,0,0,0,0,0,0,0,0,0,0,0
24040,2019064982,1405.0,1400.0,46,46413,40.1254,-75.3305,0,0,0,0,0,1,4,6,2019,4,13.0,1.0,0,1.0,3,2,03,  ,3,3.0,0,0,1,0,0,0,0,0,0,0,0,0,0,0,0,0,0
24041,2019065008,1222.0,1222.0,9,9202,40.1339,-74.9355,0,0,0,0,0,0,5,6,2019,5,11.0,1.0,0,1.0,3,2,03,  ,0,0.0,0,0,0,0,0,0,0,0,0,0,0,0,0,0,0,1,0
24042,2019065141,1516.0,1513.0,67,67301,39.9622,-75.1578,0,0,0,0,0,0,4,5,2019,6,15.0,1.0,0,1.0,3,0,03,  ,0,0.0,0,0,1,0,0,0,0,0,0,0,0,0,0,0,0,0,0
24043,2019065148,1600.0,1600.0,67,67301,39.954,-75.1448,0,0,0,0,0,1,1,6,2019,1,12.0,1.0,0,1.0,3,1,03,  ,2,3.0,0,0,0,0,0,0,0,0,0,0,0,0,0,0,0,0,0
24044,2019065208,1736.0,,64,64412,40.3113,-79.3789,0,0,0,0,0,1,4,6,2019,5,17.0,4.0,0,9.0,2,1,07,  ,3,3.0,1,0,1,0,0,0,0,0,0,0,0,0,0,0,0,0,0
24045,2019065218,1857.0,1854.0,16,16214,41.2524,-79.407,0,1,0,0,1,0,4,4,2019,1,18.0,1.0,0,1.0,1,0,03,  ,0,0.0,0,0,1,0,0,0,0,0,0,0,0,0,0,0,0,0,0
24046,2019065263,2000.0,2000.0,67,67301,39.9385,-75.2218,0,0,0,0,0,0,5,6,2019,4,19.0,1.0,0,1.0,3,0,03,  ,0,0.0,0,0,0,0,0,0,0,0,0,0,0,0,0,0,0,0,0
24047,2019065279,1911.0,1910.0,36,36301,40.0326,-76.3123,0,0,0,0,0,0,4,6,2019,4,19.0,1.0,0,1.0,3,1,03,  ,0,0.0,0,0,1,0,0,0,0,0,0,0,0,0,0,0,0,0,0
24048,2019065535,1742.0,1735.0,25,25302,42.1203,-80.0838,0,0,0,0,0,0,4,6,2019,6,17.0,1.0,1,1.0,3,0,03,  ,0,0.0,0,0,1,0,0,0,0,0,0,0,0,0,0,0,0,0,0
24049,2019065721,2040.0,2033.0,2,2301,40.4382,-79.9759,0,0,0,0,0,0,5,6,2019,6,20.0,1.0,0,1.0,3,2,3,  ,3,3.0,1,0,0,0,0,0,0,0,0,0,0,0,0,0,0,0,0
24050,2019065874,1838.0,1837.0,67,67301,39.9871,-75.1223,0,0,0,0,0,0,4,6,2019,7,18.0,1.0,0,1.0,3,5,3,  ,2,3.0,0,0,1,0,0,0,0,0,0,0,0,0,0,0,0,0,0
24051,2019065949,1751.0,1747.0,23,23108,39.9169,-75.3334,0,0,0,0,1,0,2,6,2019,7,17.0,1.0,7,1.0,3,10,3,  ,0,0.0,0,0,0,0,0,0,0,0,0,0,0,0,0,0,0,0,0
24052,2019065970,1944.0,1939.0,9,9208,40.1608,-74.8197,0,0,0,0,1,0,4,6,2019,6,19.0,1.0,0,1.0,3,2,3,  ,3,3.0,1,0,1,0,0,0,0,0,0,0,0,0,0,0,0,0,0
24053,2019066022,1658.0,1657.0,67,67301,40.0857,-75.0395,0,0,0,0,0,1,4,6,2019,1,16.0,1.0,0,1.0,3,0,3,  ,0,0.0,0,0,1,0,0,0,0,0,0,0,0,0,0,0,0,0,0
24054,2019066467,1604.0,1557.0,9,9212,40.138,-75.0069,0,0,0,0,0,0,4,5,2019,3,15.0,1.0,7,1.0,3,0,3,  ,0,0.0,0,0,1,0,0,0,0,0,0,0,0,0,0,0,0,0,0
24055,2019066489,1817.0,1817.0,67,67301,39.9928,-75.2302,0,0,0,0,0,0,1,7,2019,2,17.0,1.0,0,1.0,3,0,3,  ,0,0.0,1,0,0,0,0,0,0,0,0,0,0,0,0,0,1,0,0
24056,2019066504,1138.0,1129.0,46,46104,40.0198,-75.2385,0,0,0,0,0,0,4,7,2019,2,11.0,1.0,7,1.0,3,0,3,  ,0,0.0,0,0,1,0,0,0,0,0,0,0,0,0,0,0,0,0,0
24057,2019066519,639.0,638.0,48,48212,40.6892,-75.2553,0,0,0,0,0,1,4,7,2019,3,6.0,1.0,0,1.0,3,2,3,  ,3,3.0,1,0,1,0,0,0,0,0,0,0,0,0,0,0,0,0,0
24058,2019066524,1636.0,1634.0,46,46106,40.2541,-75.5667,0,0,0,0,0,1,4,7,2019,2,16.0,1.0,0,1.0,2,1,3,  ,0,0.0,0,0,1,0,0,0,0,0,0,0,0,0,0,0,0,1,0
24059,2019066526,1910.0,1909.0,23,23103,39.9963,-75.3031,0,0,0,0,0,0,4,7,2019,2,19.0,1.0,0,1.0,3,0,3,  ,0,0.0,0,0,1,0,0,1,0,0,0,0,0,0,0,0,0,0,0
24060,2019066555,1230.0,1230.0,67,67301,39.9247,-75.1695,0,0,0,0,0,0,1,6,2019,6,21.0,3.0,0,1.0,3,0,3,  ,0,0.0,1,0,0,0,0,0,0,0,0,0,0,0,0,0,1,0,0
24061,2019066581,1245.0,1238.0,67,67301,39.9406,-75.1478,0,0,0,0,0,1,5,7,2019,2,12.0,1.0,0,1.0,3,0,3,  ,0,0.0,0,0,0,0,0,0,0,0,0,0,0,0,0,0,0,0,0
24062,2019066646,1532.0,1521.0,60,60409,41.4106,-79.7528,0,1,0,0,1,0,8,6,2019,1,15.0,1.0,0,1.0,2,1,3,  ,3,3.0,0,0,0,0,0,0,0,0,0,0,0,0,0,0,0,0,0
24063,2019066751,1922.0,1920.0,39,39301,40.6004,-75.4666,0,0,0,0,0,0,8,7,2019,2,19.0,1.0,0,1.0,3,1,3,  ,2,3.0,0,0,0,0,0,0,0,0,0,0,0,0,0,0,0,0,0
24064,2019066886,1655.0,1650.0,9,9220,40.4339,-75.3311,0,0,0,0,0,0,2,7,2019,3,16.0,1.0,0,1.0,1,1,3,  ,3,3.0,0,0,0,0,0,0,0,0,0,0,0,0,0,0,0,0,0
24065,2019066907,2022.0,2020.0,9,9101,40.1326,-74.83,0,0,0,0,0,0,4,7,2019,3,20.0,4.0,0,9.0,3,1,7,  ,2,3.0,0,0,1,0,0,0,0,0,0,0,0,0,0,0,0,0,0
24066,2019066961,920.0,915.0,67,67301,39.9308,-75.1817,0,0,1,0,0,0,4,7,2019,2,9.0,1.0,0,1.0,3,0,3,  ,0,0.0,0,0,1,0,1,0,0,0,0,0,0,0,0,0,0,0,0
24067,2019067050,1823.0,1821.0,23,23103,39.9945,-75.3223,0,0,0,0,0,0,4,7,2019,3,18.0,1.0,0,1.0,3,1,3,  ,2,3.0,0,0,1,0,0,0,0,0,0,0,0,0,0,0,0,0,0
24068,2019067201,1700.0,1655.0,36,36223,40.0401,-76.3954,0,0,0,0,0,1,4,7,2019,3,12.0,1.0,0,1.0,1,2,3,  ,0,0.0,1,0,1,0,0,0,0,0,0,0,0,0,0,0,0,1,0
24069,2019067353,1402.0,1402.0,2,2113,40.4812,-79.8502,0,1,0,0,1,0,8,7,2019,4,14.0,1.0,7,1.0,3,0,3,  ,0,0.0,1,0,0,0,0,0,0,0,0,0,1,0,0,0,0,1,0
24070,2019067378,53.0,36.0,67,67301,40.0217,-75.1257,0,0,0,0,0,0,4,6,2019,7,21.0,3.0,0,1.0,3,2,3,  ,2,3.0,1,0,1,0,0,0,0,0,0,0,0,1,0,0,0,0,0
24071,2019067393,1817.0,1807.0,22,22202,40.2959,-76.62,0,0,0,0,0,0,4,6,2019,6,16.0,1.0,0,1.0,3,1,3,  ,3,3.0,0,0,1,0,0,0,0,0,0,0,0,0,0,0,0,0,0
24072,2019067621,355.0,348.0,67,67301,39.9244,-75.1696,0,0,0,0,0,0,4,6,2019,7,3.0,3.0,0,1.0,3,1,3,  ,2,3.0,0,0,1,0,0,1,0,0,1,0,0,0,0,0,0,0,0
24073,2019067622,130.0,130.0,67,67301,40.0513,-75.1272,0,0,0,0,0,0,1,7,2019,4,4.0,8.0,0,9.0,3,2,7,  ,0,0.0,1,0,0,0,0,0,0,0,0,0,0,0,0,0,1,0,0
24074,2019067677,1201.0,1146.0,11,11217,40.3204,-78.9558,0,0,0,0,0,0,4,7,2019,5,11.0,1.0,0,2.0,1,2,3,  ,2,3.0,0,0,1,0,0,0,0,0,0,0,0,0,0,0,0,0,0
24075,2019067693,1616.0,1613.0,9,9208,40.1723,-74.8532,0,0,0,0,0,0,4,7,2019,6,16.0,1.0,0,1.0,3,0,3,  ,0,0.0,0,0,1,0,0,0,0,0,0,0,0,0,0,0,0,0,0
24076,2019067698,148.0,146.0,67,67301,39.9937,-75.153,0,1,0,0,0,0,2,7,2019,6,1.0,3.0,0,1.0,3,0,3,  ,0,0.0,0,1,0,0,0,0,1,0,0,1,0,0,0,0,0,0,0
24077,2019067712,2222.0,2222.0,67,67301,39.999,-75.1088,0,1,0,0,0,0,2,6,2019,1,22.0,3.0,0,1.0,3,0,3,  ,0,0.0,0,0,0,0,0,0,0,0,0,0,0,0,0,0,0,0,1
24078,2019068038,1740.0,1734.0,67,67301,39.9343,-75.1793,0,0,0,0,0,0,5,7,2019,2,17.0,1.0,0,1.0,3,0,3,  ,0,0.0,0,0,0,0,0,0,0,0,0,0,0,0,0,0,0,0,0
24079,2019068069,1329.0,1321.0,64,64421,40.3391,-79.7139,0,1,0,0,0,1,4,7,2019,7,13.0,1.0,0,9.0,3,0,3,  ,0,0.0,0,0,1,0,0,0,0,0,0,0,0,0,0,0,0,0,0
24080,2019068147,1508.0,1505.0,48,48302,40.6888,-75.2271,0,0,0,0,0,0,4,7,2019,3,15.0,1.0,0,1.0,3,1,3,  ,3,3.0,0,0,1,0,0,0,0,0,0,0,0,0,0,0,0,0,0
24081,2019068227,1355.0,1349.0,43,43209,41.3919,-80.3298,0,1,0,0,0,0,2,7,2019,1,13.0,1.0,0,1.0,1,0,3,  ,0,0.0,0,0,0,0,0,0,0,0,0,0,0,0,0,0,0,0,0
24082,2019068308,455.0,453.0,6,6404,40.2637,-75.8076,0,0,0,0,1,0,4,7,2019,2,4.0,2.0,0,9.0,3,1,7,  ,2,3.0,0,0,1,0,0,0,0,0,0,0,0,0,0,0,0,0,0
24083,2019068311,1628.0,1625.0,40,40301,40.9648,-75.9835,0,0,0,0,0,0,4,7,2019,1,16.0,1.0,0,1.0,2,1,3,  ,0,0.0,0,0,1,0,0,0,0,0,0,0,0,0,0,0,0,0,0
24084,2019068469,1515.0,1515.0,25,25302,42.1217,-80.0694,0,0,0,0,1,0,4,7,2019,2,15.0,1.0,0,1.0,3,1,3,  ,2,3.0,0,0,1,0,0,0,0,0,0,0,0,0,0,0,0,0,0
24085,2019068478,1715.0,1711.0,35,35302,41.4329,-75.6625,0,0,0,0,0,0,8,7,2019,2,17.0,1.0,0,1.0,3,2,3,  ,3,3.0,1,0,0,0,0,0,0,0,0,0,0,0,0,0,0,1,0
24086,2019068649,206.0,203.0,67,67301,39.9935,-75.1344,0,1,0,0,0,0,5,7,2019,1,2.0,3.0,0,1.0,3,0,3,  ,0,0.0,0,0,0,0,0,0,0,0,0,0,0,0,0,0,0,0,0
24087,2019068741,1320.0,1308.0,67,67301,40.0319,-75.1315,0,0,0,0,0,0,4,7,2019,2,12.0,1.0,0,9.0,3,1,7,  ,2,3.0,1,0,1,0,0,0,0,0,0,0,0,0,0,0,0,0,0
24088,2019068746,1105.0,1100.0,2,2301,40.4608,-79.9698,0,0,0,0,1,0,8,7,2019,3,11.0,1.0,0,1.0,3,1,3,  ,2,3.0,1,0,0,0,0,0,0,0,0,0,0,0,0,0,0,0,0
24089,2019068789,2159.0,2142.0,39,39207,40.6472,-75.5906,0,0,0,0,0,0,5,6,2019,3,21.0,2.0,0,1.0,1,0,3,  ,0,0.0,1,0,0,0,0,0,0,0,0,0,0,0,0,0,0,0,0
24090,2019068908,1904.0,1902.0,2,2490,40.3709,-80.2247,0,1,0,0,0,0,4,6,2019,7,19.0,4.0,0,1.0,3,0,3,  ,0,0.0,0,0,1,0,0,0,0,0,0,0,0,0,0,0,0,0,1
24091,2019069139,1955.0,1952.0,9,9208,40.1568,-74.813,0,0,0,0,0,1,6,7,2019,1,19.0,1.0,0,1.0,3,0,3,  ,0,0.0,0,0,0,0,0,0,0,0,0,0,0,0,0,0,0,0,0
24092,2019069174,650.0,644.0,22,22301,40.2803,-76.8979,0,0,0,0,0,1,4,7,2019,4,6.0,1.0,1,1.0,3,1,3,  ,3,3.0,0,0,1,0,0,0,0,0,0,0,0,0,0,0,0,0,0
24093,2019069344,1746.0,1742.0,6,6301,40.3452,-75.9402,0,0,0,0,0,0,4,7,2019,3,17.0,1.0,7,1.0,3,0,3,  ,0,0.0,0,0,1,0,0,0,0,0,0,0,0,0,0,0,0,0,0
24094,2019069346,1734.0,1729.0,64,64306,40.5517,-79.7456,0,0,0,0,0,1,2,7,2019,2,17.0,1.0,0,1.0,3,2,3,  ,0,0.0,0,0,0,0,0,0,0,0,0,0,0,0,0,0,0,0,0
24095,2019069354,1240.0,1236.0,67,67301,39.9921,-75.1648,0,0,0,0,0,0,4,5,2019,6,11.0,1.0,0,1.0,3,3,3,  ,0,0.0,0,0,1,0,0,0,0,0,0,0,0,0,0,0,0,0,0
24096,2019069630,848.0,644.0,67,67301,39.9495,-75.2093,0,0,0,0,0,0,4,4,2019,4,6.0,1.0,0,1.0,3,1,98,  ,2,3.0,0,0,1,0,0,0,0,0,0,0,0,0,0,0,0,0,0
24097,2019069636,815.0,758.0,23,23111,39.9507,-75.2906,0,0,0,0,0,0,4,7,2019,5,7.0,1.0,0,1.0,3,1,3,  ,3,3.0,1,0,1,0,0,0,0,0,0,0,0,0,1,0,0,0,0
24098,2019069779,1529.0,1528.0,25,25302,42.1163,-80.0841,0,0,0,1,0,0,4,7,2019,5,15.0,1.0,0,1.0,3,1,3,  ,3,3.0,0,0,1,0,1,0,0,0,0,0,0,0,0,0,0,0,0
24099,2019069969,1900.0,1854.0,67,67301,40.0285,-75.1671,0,0,0,0,0,0,4,7,2019,3,17.0,1.0,0,1.0,3,1,3,  ,3,3.0,1,0,1,0,0,0,0,0,0,0,0,0,0,0,0,0,0
24100,2019069977,2007.0,2001.0,41,41301,41.2366,-77.0602,0,0,0,0,0,1,8,7,2019,2,20.0,1.0,0,1.0,3,1,3,  ,3,3.0,1,0,0,0,0,0,0,0,0,0,0,0,1,0,0,0,0
24101,2019070055,1344.0,1344.0,67,67301,39.9688,-75.1362,0,0,0,0,0,0,1,7,2019,3,13.0,1.0,0,1.0,3,1,3,  ,2,3.0,0,0,0,0,0,0,0,0,0,0,0,0,0,0,0,0,0
24102,2019070139,912.0,902.0,7,7215,40.4709,-78.2228,0,1,0,0,0,1,4,6,2019,7,9.0,1.0,7,1.0,1,0,3,  ,0,0.0,0,0,1,0,0,0,0,0,0,0,0,0,0,0,0,0,0
24103,2019070255,1319.0,1318.0,46,46101,40.1387,-75.125,0,0,0,0,0,1,4,7,2019,7,13.0,1.0,0,9.0,3,2,3,  ,2,2.0,0,1,1,0,0,0,0,0,0,0,0,0,0,0,0,0,0
24104,2019070482,1532.0,1525.0,54,54208,40.8576,-76.8091,0,0,0,0,0,1,4,7,2019,1,15.0,1.0,0,1.0,1,0,3,  ,0,0.0,0,0,1,0,0,0,0,0,0,0,0,0,0,0,0,0,0
24105,2019070604,1022.0,1020.0,67,67301,39.9635,-75.1692,0,0,0,0,0,0,5,7,2019,4,10.0,1.0,0,1.0,3,0,3,  ,0,0.0,0,0,0,0,0,0,0,0,0,0,0,0,0,0,0,0,0
24106,2019070605,1145.0,1137.0,67,67301,39.9625,-75.1619,0,0,0,1,0,0,5,7,2019,4,11.0,1.0,0,1.0,3,0,3,  ,2,3.0,1,0,0,0,1,0,0,0,0,0,0,0,0,0,0,0,0
24107,2019070850,1819.0,1816.0,9,9208,40.1706,-74.8358,1,0,0,0,0,0,4,7,2019,4,18.0,1.0,0,1.0,3,0,3,  ,0,0.0,0,0,1,0,0,0,0,0,0,0,0,0,0,0,0,0,0
24108,2019071059,940.0,935.0,67,67301,40.1005,-75.0231,0,0,0,0,0,0,5,6,2019,2,6.0,1.0,0,1.0,3,0,3,  ,0,0.0,0,0,0,0,0,0,0,0,0,0,0,0,0,0,0,0,0
24109,2019071056,2305.0,2304.0,67,67301,39.9657,-75.2223,0,0,0,0,0,0,4,6,2019,3,23.0,3.0,0,1.0,3,1,3,  ,2,3.0,1,1,1,0,0,0,0,0,0,0,0,0,0,0,0,0,0
24110,2019071058,1402.0,1358.0,67,67301,39.9734,-75.185,0,0,0,0,0,0,3,6,2019,5,13.0,1.0,0,9.0,3,0,7,  ,0,0.0,0,0,0,0,0,0,0,0,0,0,0,0,0,0,0,0,0
24111,2019071061,2140.0,2130.0,67,67301,40.0947,-74.9687,0,0,0,0,0,0,4,5,2019,6,21.0,3.0,0,1.0,3,1,3,  ,0,0.0,0,0,1,0,0,0,0,0,0,0,0,0,0,0,0,0,1
24112,2019071064,2118.0,2115.0,67,67301,40.0462,-75.155,0,0,0,0,0,0,4,6,2019,1,21.0,3.0,0,1.0,3,3,3,  ,0,0.0,0,0,1,0,0,0,0,0,0,0,0,0,0,0,0,0,0
24113,2019071124,1300.0,1254.0,48,48301,40.6231,-75.3603,0,0,0,0,0,1,4,7,2019,2,12.0,1.0,0,9.0,3,2,3,  ,3,3.0,0,0,1,0,0,0,0,0,0,0,0,0,0,0,0,0,0
24114,2019071207,1453.0,1448.0,25,25210,42.1664,-80.0048,0,0,0,0,0,0,4,7,2019,6,14.0,1.0,7,1.0,1,0,3,  ,0,0.0,0,0,1,0,0,0,0,0,0,0,0,0,0,0,0,0,0
24115,2019071232,1424.0,1424.0,46,46408,40.1746,-75.1069,0,0,0,0,0,1,4,7,2019,2,14.0,1.0,0,1.0,3,2,3,  ,2,3.0,0,0,1,0,0,0,0,0,0,0,0,0,0,0,0,0,0
24116,2019071253,2110.0,2100.0,67,67301,40.0507,-75.1733,0,0,0,0,0,0,4,7,2019,1,19.0,4.0,0,1.0,3,1,3,  ,2,3.0,0,0,1,0,0,1,0,0,0,0,0,0,0,0,0,1,0
24117,2019071393,2300.0,2300.0,67,67301,39.9266,-75.167,0,0,0,0,0,0,4,7,2019,1,19.0,1.0,0,98.0,3,1,99,  ,2,9.0,1,0,1,0,0,0,0,0,0,0,0,0,0,0,0,0,0
24118,2019071449,1310.0,1308.0,23,23111,39.9625,-75.2635,0,0,0,0,0,0,4,7,2019,3,13.0,1.0,0,1.0,3,2,3,  ,2,3.0,0,0,1,0,0,0,0,0,0,0,0,0,0,0,0,0,0
24119,2019071511,1746.0,1745.0,67,67301,39.969,-75.1369,0,0,0,0,1,0,1,7,2019,4,14.0,1.0,0,1.0,3,0,3,  ,0,0.0,1,0,0,0,0,0,0,0,0,0,0,0,0,0,1,0,0
24120,2019071651,905.0,900.0,67,67301,39.9843,-75.1276,0,0,0,0,0,0,4,7,2019,5,8.0,1.0,0,1.0,3,1,3,  ,3,3.0,1,0,1,0,0,0,0,0,0,0,0,0,0,0,0,0,0
24121,2019071871,1805.0,1804.0,25,25411,42.2112,-79.8466,0,0,0,0,0,1,4,7,2019,1,18.0,1.0,7,1.0,1,0,3,  ,0,0.0,0,0,1,0,0,0,0,0,0,0,0,0,0,0,0,0,0
24122,2019071888,1423.0,1422.0,46,46216,40.2305,-75.3134,0,0,0,0,0,1,4,7,2019,6,14.0,1.0,7,1.0,1,0,3,  ,0,0.0,1,0,1,0,0,0,0,0,0,0,1,0,0,0,0,0,0
24123,2019071975,803.0,803.0,7,7205,40.4433,-78.3929,0,1,0,0,0,1,1,6,2019,7,7.0,1.0,0,1.0,1,0,3,  ,0,0.0,0,0,0,0,0,1,0,0,0,0,0,0,0,0,0,0,0
24124,2019072162,1151.0,1147.0,25,25213,42.0738,-80.1317,0,0,0,0,1,0,4,7,2019,5,11.0,1.0,0,1.0,3,2,3,  ,3,3.0,0,0,1,0,0,0,0,0,0,0,0,0,0,0,0,1,0
24125,2019072363,1559.0,1551.0,2,2301,40.4424,-79.9674,0,0,0,1,0,0,3,7,2019,5,15.0,1.0,0,1.0,3,0,3,  ,0,0.0,0,0,0,0,0,0,0,0,0,0,0,0,0,0,0,0,0
24126,2019072366,1740.0,1737.0,41,41301,41.2457,-77.0102,0,0,0,0,0,1,4,7,2019,5,17.0,1.0,0,1.0,3,1,3,  ,3,3.0,1,0,1,0,0,0,0,0,0,0,0,0,0,0,0,0,0
24127,2019072441,1505.0,1500.0,25,25213,42.054,-80.1479,0,0,0,0,0,0,1,7,2019,5,15.0,1.0,0,1.0,3,0,3,  ,0,0.0,0,0,0,0,0,0,0,0,0,0,0,0,0,0,0,0,0
24128,2019072502,2019.0,2015.0,11,11410,40.3494,-78.8866,0,0,0,0,0,0,4,7,2019,2,20.0,1.0,0,1.0,3,1,3,  ,0,0.0,0,0,1,0,0,0,0,0,0,0,0,0,0,0,0,0,0
24129,2019072666,1550.0,1546.0,2,2108,40.5938,-80.01,0,1,0,0,0,0,4,7,2019,6,15.0,1.0,0,1.0,3,0,3,  ,0,0.0,0,0,1,0,0,0,0,0,0,0,0,0,0,0,0,1,0
24130,2019072826,739.0,735.0,36,36414,40.0381,-76.4233,0,0,0,0,0,0,1,7,2019,7,7.0,1.0,7,1.0,3,0,3,  ,0,0.0,0,0,0,0,0,0,0,0,0,0,0,0,0,0,0,0,0
24131,2019072837,1626.0,1624.0,9,9202,40.132,-74.9241,0,0,0,0,0,0,4,7,2019,6,16.0,1.0,0,1.0,3,2,3,  ,2,3.0,1,0,1,0,0,0,0,0,0,0,0,0,0,0,0,0,0
24132,2019072917,2339.0,2338.0,36,36223,40.04,-76.3682,0,1,0,0,0,0,1,7,2019,2,23.0,2.0,0,1.0,1,0,3,  ,0,0.0,0,0,0,0,0,0,0,0,0,0,0,0,0,0,0,1,0
24133,2019073157,1621.0,1619.0,41,41301,41.2447,-77.0052,0,0,0,0,0,1,2,7,2019,5,16.0,1.0,0,1.0,3,1,3,  ,0,0.0,0,0,0,0,0,0,0,0,0,0,0,0,0,0,0,0,0
24134,2019073152,1215.0,1211.0,44,44401,40.6324,-77.5641,0,1,0,0,0,0,2,7,2019,3,12.0,1.0,0,1.0,2,1,3,  ,2,3.0,0,0,0,0,0,0,0,0,0,0,0,0,0,0,0,0,1
24135,2019073194,1656.0,1655.0,49,49302,40.8638,-76.7915,0,1,0,0,0,1,4,7,2019,4,16.0,1.0,7,1.0,2,0,3,  ,0,0.0,0,0,1,0,0,0,0,0,0,0,0,0,0,0,0,0,0
24136,2019073388,1808.0,1807.0,25,25413,41.8937,-79.8496,0,0,0,0,0,1,4,7,2019,5,18.0,1.0,7,1.0,1,0,3,  ,0,0.0,0,0,1,0,0,0,0,0,0,0,0,0,0,0,0,0,0
24137,2019073402,757.0,750.0,15,15203,39.9278,-75.6549,0,0,0,0,0,0,4,7,2019,7,7.0,1.0,0,1.0,1,2,3,  ,0,0.0,1,0,1,0,0,0,0,0,0,0,1,0,0,1,0,1,0
24138,2019073479,1138.0,1135.0,23,23103,39.9705,-75.305,0,0,0,0,0,0,4,6,2019,1,11.0,1.0,7,1.0,3,0,3,  ,0,0.0,0,0,1,0,0,0,0,0,0,0,0,0,0,0,0,0,0
24139,2019073517,1706.0,1651.0,36,36101,40.0528,-76.3104,0,0,0,0,0,0,4,7,2019,3,16.0,1.0,0,1.0,3,2,3,  ,0,0.0,1,0,1,0,0,0,0,0,0,0,0,0,0,0,0,0,0
24140,2019073682,1020.0,1016.0,18,18405,41.105,-77.4875,0,0,0,0,0,0,4,7,2019,7,10.0,1.0,0,1.0,2,1,3,  ,3,3.0,0,0,1,0,0,0,0,0,0,0,0,0,0,0,0,0,0
24141,2019073781,1027.0,1015.0,4,4205,40.7687,-80.2902,0,1,0,0,0,0,1,7,2019,1,10.0,1.0,0,1.0,1,0,3,  ,0,0.0,0,0,0,0,0,1,0,0,0,0,0,0,0,0,0,0,0
24142,2019073787,558.0,557.0,9,9101,40.1388,-74.8631,0,0,0,0,1,0,2,7,2019,3,5.0,8.0,0,9.0,3,0,7,  ,0,0.0,1,0,0,0,0,0,0,0,0,0,0,0,0,1,0,0,0
24143,2019074033,1729.0,1724.0,22,22202,40.2709,-76.687,0,0,0,0,0,0,4,7,2019,6,17.0,1.0,0,1.0,3,0,3,  ,0,0.0,0,0,1,0,0,0,0,0,0,0,0,0,0,0,0,0,0
24144,2019074054,1939.0,1936.0,48,48301,40.6386,-75.3487,0,0,0,0,0,0,4,7,2019,6,19.0,1.0,0,1.0,3,2,3,  ,2,3.0,1,0,1,0,0,0,0,0,0,0,0,0,0,0,0,0,0
24145,2019074447,316.0,313.0,36,36234,40.0761,-76.2075,0,0,0,0,0,0,5,7,2019,5,3.0,2.0,0,1.0,1,0,3,  ,0,0.0,1,0,0,0,0,0,0,0,0,0,0,0,0,0,0,0,0
24146,2019074463,1650.0,1649.0,9,9101,40.1387,-74.8782,0,0,0,0,0,1,4,7,2019,4,16.0,1.0,7,1.0,3,0,3,  ,0,0.0,0,0,1,0,0,0,0,0,0,0,0,0,0,0,0,0,0