,CRN,ARRIVAL_TM,DISPATCH_TM,COUNTY,MUNICIPALITY,DEC_LAT,DEC_LONG,BICYCLE_DEATH_COUNT,BICYCLE_SUSP_SERIOUS_INJ_COUNT,BUS_COUNT,HEAVY_TRUCK_COUNT,SMALL_TRUCK_COUNT,SUV_COUNT,COLLISION_TYPE,CRASH_MONTH,CRASH_YEAR,DAY_OF_WEEK,HOUR_OF_DAY,ILLUMINATION,LOCATION_TYPE,ROAD_CONDITION,URBAN_RURAL,INTERSECT_TYPE,WEATHER1,WEATHER2,TCD_TYPE,TCD_FUNC_CD,AGGRESSIVE_DRIVING,ALCOHOL_RELATED,ANGLE_CRASH,CELL_PHONE,COMM_VEHICLE,DISTRACTED,DRINKING_DRIVER,DRUGGED_DRIVER,FATIGUE_ASLEEP,IMPAIRED_DRIVER,NHTSA_AGG_DRIVING,RUNNING_RED_LT,RUNNING_STOP_SIGN,SPEEDING_RELATED,TAILGATING,MATURE_DRIVER,YOUNG_DRIVER
24147,2019074523,1549.0,1549.0,10,10412,40.6964,-80.0118,0,0,0,0,0,1,4,7,2019,1,15.0,1.0,0,1.0,2,2,3,  ,3,3.0,0,0,1,0,0,0,0,0,0,0,0,0,0,0,0,0,0
24148,2019074526,1743.0,1731.0,15,15243,39.9687,-75.7606,0,0,0,0,0,1,4,7,2019,2,17.0,1.0,0,1.0,1,2,3,  ,3,3.0,0,0,1,0,0,0,0,0,0,0,0,0,0,0,0,0,0
24149,2019074647,1315.0,1314.0,25,25302,42.0978,-80.084,0,0,0,0,1,0,4,7,2019,4,13.0,1.0,0,1.0,3,1,3,  ,3,3.0,0,0,1,0,0,0,0,0,0,0,0,0,0,0,0,1,0
24150,2019074681,835.0,825.0,2,2301,40.4414,-79.9999,0,0,0,0,0,0,2,7,2019,5,8.0,1.0,0,1.0,3,2,3,  ,2,3.0,1,0,0,0,0,0,0,0,0,0,0,0,0,0,0,0,0
24151,2019074713,1010.0,1001.0,67,67301,39.9856,-75.2132,0,1,0,0,0,0,4,6,2019,3,9.0,1.0,0,1.0,3,1,3,  ,3,3.0,0,0,1,0,0,1,0,0,0,0,0,0,0,0,0,0,0
24152,2019074725,2237.0,2235.0,67,67301,39.914,-75.1499,0,0,0,0,1,0,4,6,2019,6,22.0,3.0,0,1.0,3,1,3,  ,2,3.0,1,0,1,0,0,0,0,0,0,0,0,0,0,0,0,0,0
24153,2019074734,136.0,136.0,67,67301,40.0007,-75.0977,0,0,0,0,0,0,4,6,2019,3,0.0,3.0,0,1.0,3,1,3,  ,2,3.0,0,0,1,0,0,0,0,0,0,0,0,0,0,0,0,0,0
24154,2019074858,1620.0,1615.0,49,49101,40.7873,-76.5412,0,0,0,0,0,0,1,7,2019,4,16.0,1.0,0,1.0,1,3,3,  ,0,0.0,1,0,0,0,0,0,0,0,0,0,0,0,0,0,0,0,0
24155,2019074893,1120.0,1105.0,67,67301,40.0137,-75.0642,0,0,0,0,0,0,4,6,2019,2,10.0,1.0,0,1.0,3,1,3,  ,3,3.0,1,0,1,0,0,0,0,0,0,0,0,0,0,0,0,0,0
24156,2019074910,1430.0,1405.0,67,67301,39.9917,-75.1856,0,0,0,0,0,0,4,6,2019,4,14.0,1.0,0,1.0,3,1,3,  ,2,9.0,1,0,1,0,0,0,0,0,0,0,0,0,0,0,0,0,0
24157,2019074916,1545.0,1544.0,67,67301,40.0215,-75.1768,0,0,0,1,0,0,4,6,2019,5,15.0,1.0,0,1.0,3,2,3,  ,0,0.0,0,0,1,0,1,0,0,0,0,0,0,0,0,0,0,0,0
24158,2019074923,916.0,905.0,67,67301,39.9574,-75.1709,0,1,1,0,0,0,4,6,2019,6,9.0,1.0,0,1.0,3,2,3,  ,2,3.0,0,0,1,0,1,0,0,0,0,0,0,0,0,0,0,0,0
24159,2019074941,1924.0,1929.0,67,67301,40.0036,-75.1015,0,0,0,0,0,0,8,7,2019,4,9.0,1.0,0,1.0,3,0,3,  ,0,0.0,0,0,0,0,0,0,0,0,0,0,0,0,0,0,0,0,0
24160,2019074952,1315.0,1313.0,22,22101,40.274,-76.8587,0,0,0,0,0,0,5,7,2019,6,13.0,1.0,0,1.0,3,0,3,  ,0,0.0,0,0,0,0,0,0,0,0,0,0,0,0,0,0,0,0,0
24161,2019074957,1045.0,1017.0,36,36223,40.0413,-76.3851,0,0,0,0,0,0,4,7,2019,6,10.0,1.0,7,1.0,1,0,3,  ,0,0.0,0,0,1,0,0,0,0,0,0,0,0,0,0,0,0,0,0
24162,2019074974,1743.0,1740.0,35,35302,41.4383,-75.6444,0,0,0,0,0,0,4,7,2019,5,17.0,1.0,0,1.0,3,1,3,  ,0,0.0,0,0,1,0,0,0,0,0,0,0,0,0,0,0,0,0,0
24163,2019075111,715.0,710.0,2,2301,40.4698,-79.9271,0,0,0,0,0,0,4,7,2019,7,7.0,1.0,0,1.0,3,1,3,  ,3,3.0,0,0,1,0,0,0,0,0,0,0,0,0,0,0,0,0,0
24164,2019075272,944.0,943.0,67,67301,40.0325,-75.2326,0,0,0,0,0,0,1,7,2019,2,9.0,1.0,0,1.0,3,0,3,  ,0,0.0,1,0,0,0,0,0,0,0,0,0,0,0,0,0,0,0,0
24165,2019075434,942.0,940.0,2,2301,40.4213,-79.9937,0,0,0,0,0,0,4,7,2019,7,9.0,1.0,0,1.0,3,1,3,  ,0,0.0,0,0,1,0,0,0,0,0,0,0,0,0,0,0,0,0,0
24166,2019075437,1445.0,1443.0,67,67301,39.9467,-75.2287,0,0,0,0,0,0,2,7,2019,3,14.0,1.0,0,1.0,3,0,3,  ,0,0.0,1,0,0,0,0,0,0,0,0,0,0,0,0,0,0,0,0
24167,2019075444,807.0,806.0,9,9218,40.2097,-74.9815,0,0,0,0,0,1,4,7,2019,7,8.0,1.0,0,1.0,3,2,3,  ,2,3.0,0,0,1,0,0,0,0,0,0,0,0,0,0,0,0,0,0
24168,2019075635,2130.0,2125.0,67,67301,39.9205,-75.1692,0,0,0,0,0,1,4,7,2019,3,21.0,3.0,7,1.0,3,0,3,  ,0,0.0,1,0,1,0,0,0,0,1,0,1,0,0,0,0,0,0,0
24169,2019075747,1806.0,1756.0,25,25210,42.1388,-79.9805,0,1,0,0,0,1,2,7,2019,6,17.0,1.0,0,1.0,1,0,3,  ,0,0.0,0,0,0,0,0,0,0,0,0,0,0,0,0,0,0,0,0
24170,2019075974,646.0,644.0,9,9101,40.1145,-74.8639,0,0,0,0,0,0,4,7,2019,2,6.0,1.0,0,1.0,3,2,3,  ,3,3.0,1,0,1,0,0,1,0,0,0,0,0,0,0,0,0,0,0
24171,2019076008,1201.0,1157.0,2,2479,40.3954,-79.8052,0,0,0,0,0,0,2,7,2019,2,11.0,1.0,0,1.0,3,1,3,  ,3,3.0,0,0,0,0,0,0,0,0,0,0,0,0,0,0,0,1,0
24172,2019076090,1111.0,1109.0,67,67301,40.0315,-75.0325,0,0,0,0,0,0,4,7,2019,2,11.0,1.0,0,1.0,3,1,3,  ,2,3.0,0,0,1,0,0,0,0,0,0,0,0,0,0,0,0,0,0
24173,2019076104,1954.0,1954.0,67,67301,39.9302,-75.1855,0,0,0,0,0,0,2,7,2019,7,19.0,1.0,0,1.0,3,0,98,  ,0,0.0,0,0,0,0,0,0,0,0,0,0,0,0,0,0,0,0,0
24174,2019076153,2239.0,2235.0,46,46101,40.1328,-75.1349,0,0,0,0,0,0,8,7,2019,6,22.0,3.0,0,1.0,3,1,3,  ,3,3.0,0,0,0,0,0,0,0,0,0,0,0,0,0,0,0,0,0
24175,2019076186,1755.0,1751.0,2,2467,40.4082,-79.8178,0,0,0,0,0,0,4,7,2019,2,17.0,1.0,0,1.0,3,1,3,  ,0,0.0,0,0,1,0,0,0,0,0,0,0,0,0,0,0,0,0,0
24176,2019076192,1746.0,1745.0,40,40426,41.3012,-75.8749,0,0,0,0,0,0,5,7,2019,2,17.0,1.0,0,1.0,3,1,3,  ,3,3.0,0,0,0,0,0,0,0,0,0,0,0,0,0,0,0,0,0
24177,2019076283,1820.0,1820.0,67,67301,39.9572,-75.237,0,0,0,0,0,0,4,7,2019,2,16.0,1.0,0,1.0,3,1,3,  ,3,3.0,0,0,1,0,0,0,0,0,0,0,0,0,0,0,0,0,0
24178,2019076669,1201.0,1147.0,63,63203,41.5788,-75.4383,0,0,0,0,0,1,1,7,2019,3,11.0,1.0,0,1.0,1,0,3,  ,0,0.0,0,0,0,0,0,1,0,0,0,0,0,0,0,0,0,0,0
24179,2019076707,1745.0,,67,67301,39.9508,-75.1951,0,0,0,0,0,0,1,7,2019,3,17.0,4.0,0,1.0,3,0,3,  ,0,0.0,0,0,0,0,0,0,0,0,0,0,0,0,0,0,0,0,0
24180,2019076721,1713.0,1711.0,46,46413,40.1215,-75.3361,0,0,0,0,0,1,4,7,2019,3,17.0,1.0,0,1.0,3,1,3,  ,3,3.0,1,0,1,0,0,0,0,0,0,0,0,0,0,0,0,0,0
24181,2019076737,1805.0,1803.0,2,2473,40.3622,-79.8693,0,0,0,0,0,0,4,7,2019,2,18.0,1.0,0,1.0,3,2,3,  ,3,3.0,0,0,1,0,0,0,0,0,0,0,0,0,0,0,0,0,0
24182,2019076742,1126.0,1125.0,67,67301,39.9318,-75.1643,0,0,0,0,0,1,5,7,2019,3,11.0,1.0,0,1.0,3,0,3,  ,0,0.0,1,0,0,0,0,0,0,0,0,0,0,0,0,0,0,0,0
24183,2019076850,1302.0,1302.0,39,39301,40.6105,-75.4703,0,0,0,0,0,1,4,7,2019,4,13.0,1.0,0,1.0,3,1,3,  ,3,2.0,0,0,1,0,0,0,0,0,0,0,0,0,0,0,0,0,0
24184,2019076866,1741.0,1740.0,67,67301,40.0524,-75.0559,0,0,0,0,0,0,5,7,2019,7,17.0,1.0,0,1.0,3,0,3,  ,0,0.0,0,0,0,0,0,0,0,0,0,0,0,0,0,0,0,0,0
24185,2019076900,1558.0,1556.0,4,4301,40.756,-80.3229,0,0,0,0,0,0,4,7,2019,4,15.0,1.0,0,1.0,3,2,3,  ,3,3.0,0,0,1,0,0,0,0,0,0,0,0,0,0,0,0,1,0
24186,2019076929,1803.0,1750.0,46,46102,40.0619,-75.1107,0,1,0,0,0,0,4,6,2019,3,17.0,1.0,0,1.0,3,2,3,  ,2,3.0,1,0,1,0,0,0,0,0,0,0,0,0,0,0,0,0,0
24187,2019076949,1920.0,1917.0,67,67301,40.0026,-75.1672,0,0,0,0,0,0,4,7,2019,4,19.0,3.0,0,1.0,3,1,3,  ,0,0.0,0,0,1,0,0,0,0,0,0,0,0,0,0,0,0,0,0
24188,2019077167,1315.0,1312.0,67,67301,40.0145,-75.157,0,0,0,0,0,0,5,7,2019,3,13.0,1.0,0,1.0,3,0,3,  ,0,0.0,0,0,0,0,0,0,0,0,0,0,0,0,0,0,0,0,0
24189,2019077176,1013.0,1012.0,46,46408,40.1862,-75.1008,0,0,0,0,1,0,8,7,2019,7,10.0,1.0,0,1.0,3,0,3,  ,0,0.0,0,0,0,0,0,1,0,0,0,0,0,0,0,0,0,1,0
24190,2019077526,2032.0,2029.0,2,2301,40.4652,-79.9441,0,0,0,0,0,1,1,8,2019,5,20.0,4.0,0,1.0,3,2,3,  ,2,3.0,0,0,0,0,0,0,0,0,0,0,0,0,0,0,0,0,0
24191,2019077550,1533.0,1527.0,67,67301,40.0369,-75.0798,0,0,0,0,1,0,4,8,2019,5,14.0,1.0,0,1.0,3,1,3,  ,2,9.0,1,0,1,0,0,0,0,0,0,0,0,0,0,0,0,0,0
24192,2019077554,2108.0,2108.0,10,10301,40.8621,-79.9055,0,0,0,0,0,0,4,7,2019,2,21.0,2.0,0,1.0,2,2,3,  ,3,3.0,0,0,1,0,0,1,0,0,0,0,0,0,0,0,0,0,0
24193,2019077632,819.0,816.0,67,67301,39.9504,-75.1926,0,0,0,0,0,0,4,8,2019,6,8.0,1.0,0,1.0,3,0,3,  ,0,0.0,0,0,1,0,0,0,0,0,0,0,0,0,0,0,0,0,0
24194,2019077710,1857.0,1854.0,48,48401,40.8676,-75.2174,0,0,0,0,0,0,5,7,2019,1,18.0,1.0,0,1.0,2,1,3,  ,3,3.0,0,0,0,0,0,0,0,0,0,0,0,0,0,0,0,0,0
24195,2019077757,1137.0,1131.0,6,6222,40.4489,-75.9131,0,0,0,0,1,0,4,7,2019,1,11.0,1.0,0,1.0,1,2,3,  ,3,3.0,1,0,1,1,0,1,0,0,0,0,1,0,0,0,0,0,0
24196,2019077775,1735.0,1731.0,48,48301,40.6205,-75.3638,0,0,0,0,0,1,4,7,2019,3,17.0,1.0,0,1.0,3,1,3,  ,3,3.0,1,0,1,0,0,0,0,0,0,0,0,0,0,0,0,1,0
24197,2019077879,2318.0,2315.0,6,6418,40.3023,-75.9708,0,0,0,0,0,0,4,8,2019,6,23.0,3.0,0,1.0,3,1,3,  ,3,3.0,0,0,1,0,0,0,0,0,0,0,0,0,0,0,0,0,0
24198,2019077895,1350.0,1346.0,38,38301,40.3389,-76.4117,0,0,0,0,0,0,4,7,2019,4,13.0,1.0,0,1.0,2,1,3,  ,3,3.0,0,0,1,0,0,0,0,0,0,0,0,0,0,0,0,0,0
24199,2019077911,1230.0,1224.0,25,25302,42.1265,-80.0833,0,0,0,0,0,0,8,7,2019,3,10.0,1.0,0,1.0,3,1,3,  ,2,3.0,0,0,0,0,0,0,0,0,0,0,0,0,0,0,0,0,0
24200,2019077913,752.0,746.0,40,40101,41.2296,-75.9129,0,0,0,0,0,1,8,8,2019,7,7.0,1.0,0,1.0,3,2,3,  ,3,3.0,1,0,0,0,0,0,0,0,0,0,0,0,0,0,0,0,0
24201,2019077916,1828.0,1823.0,39,39101,40.5594,-75.5016,0,0,0,0,0,0,4,8,2019,6,18.0,1.0,0,1.0,1,0,3,  ,0,0.0,0,0,1,0,0,1,0,0,0,0,0,0,0,0,0,0,0
24202,2019077925,1933.0,1926.0,67,67301,40.1131,-75.0169,0,0,0,0,1,0,4,8,2019,6,18.0,1.0,0,1.0,3,1,3,  ,3,3.0,0,0,1,0,0,0,0,0,0,0,0,0,0,0,0,0,0
24203,2019077957,827.0,822.0,66,66413,39.8078,-76.9965,0,0,0,0,0,0,4,7,2019,3,8.0,1.0,0,1.0,2,1,3,  ,3,3.0,1,0,1,0,0,0,0,0,0,0,0,0,0,0,0,0,0
24204,2019078034,1300.0,1255.0,67,67301,39.9962,-75.1723,0,0,0,0,0,0,4,6,2019,4,12.0,1.0,0,1.0,3,1,3,  ,2,3.0,0,0,1,0,0,0,0,0,0,0,0,0,0,0,0,0,0
24205,2019078051,1535.0,1529.0,67,67301,39.9489,-75.1622,0,1,0,0,0,0,5,7,2019,1,12.0,1.0,0,1.0,3,0,3,  ,0,0.0,0,0,0,0,0,0,0,0,0,0,0,0,0,0,0,0,0
24206,2019078052,1509.0,1509.0,67,67301,39.9191,-75.1709,0,0,0,0,0,0,5,7,2019,7,15.0,1.0,0,1.0,3,0,3,  ,0,0.0,0,0,0,0,0,0,0,0,0,0,0,0,0,0,0,0,0
24207,2019078055,1535.0,1530.0,67,67301,39.9848,-75.2372,0,0,0,0,0,0,4,7,2019,6,15.0,1.0,0,1.0,3,5,3,  ,2,3.0,1,0,1,0,0,0,0,0,0,0,0,1,0,0,0,0,0
24208,2019078058,1135.0,1135.0,67,67301,39.9458,-75.165,0,0,0,1,0,0,6,7,2019,6,11.0,1.0,0,1.0,3,0,3,  ,0,0.0,0,0,0,0,0,0,0,0,0,0,0,0,0,0,0,0,0
24209,2019078089,1750.0,1749.0,35,35302,41.4188,-75.6577,0,0,0,0,0,1,5,8,2019,7,17.0,1.0,0,1.0,3,0,3,  ,0,0.0,0,0,0,0,0,0,0,0,0,0,0,0,0,0,0,0,0
24210,2019078096,1217.0,1208.0,62,62203,40.1501,-80.3273,0,1,0,0,1,0,1,8,2019,6,12.0,1.0,0,1.0,1,0,3,  ,0,0.0,0,0,0,0,0,1,0,0,0,0,0,0,0,0,0,0,0
24211,2019078142,1907.0,1900.0,2,2301,40.4698,-79.9637,0,0,0,0,1,0,4,8,2019,7,18.0,1.0,0,1.0,3,2,3,  ,3,3.0,1,0,1,0,0,0,0,0,0,0,1,0,0,0,0,0,0
24212,2019078163,1341.0,1340.0,36,36210,40.2247,-76.0942,0,0,0,0,0,1,4,7,2019,7,13.0,1.0,7,1.0,1,0,3,  ,0,0.0,1,0,1,0,0,0,0,0,0,0,0,0,0,0,0,0,0
24213,2019078331,1705.0,1705.0,67,67301,39.9861,-75.155,0,0,0,0,0,0,4,8,2019,1,17.0,1.0,0,1.0,3,2,3,  ,3,3.0,0,0,1,0,0,0,0,0,0,0,0,0,0,0,0,0,0
24214,2019078435,1629.0,1624.0,2,2403,40.3456,-79.9666,0,0,0,0,0,0,4,8,2019,7,16.0,1.0,0,1.0,3,1,3,  ,3,3.0,0,0,1,0,0,0,0,0,0,0,0,0,0,0,0,1,0
24215,2019078455,2022.0,2015.0,23,23111,39.9602,-75.2731,0,0,0,0,0,0,8,8,2019,6,20.0,4.0,0,1.0,3,0,3,  ,0,0.0,0,0,0,0,0,0,0,0,0,0,0,0,0,0,0,0,0
24216,2019078621,1312.0,1308.0,25,25302,42.1176,-80.0582,0,0,0,0,0,1,4,8,2019,2,13.0,1.0,0,1.0,3,1,3,  ,0,0.0,1,0,1,0,0,0,0,0,0,0,0,0,0,0,0,0,0
24217,2019078800,1354.0,1345.0,9,9214,40.4433,-75.4008,0,0,0,0,0,1,4,7,2019,4,13.0,1.0,7,1.0,1,0,3,  ,0,0.0,0,0,1,0,0,0,0,0,0,0,0,0,0,0,0,1,0
24218,2019078823,1659.0,1652.0,66,66207,40.0199,-76.7019,0,0,0,0,0,0,1,8,2019,2,16.0,1.0,0,1.0,1,0,3,  ,0,0.0,0,0,0,0,0,0,0,0,1,0,0,0,0,0,0,1,0
24219,2019078839,1647.0,1640.0,67,67301,39.9997,-75.099,0,0,0,0,0,0,4,8,2019,2,16.0,1.0,0,1.0,3,1,3,  ,2,3.0,1,0,1,0,0,1,0,0,0,0,0,0,0,1,0,0,0
24220,2019078864,1616.0,1613.0,62,62206,40.3244,-80.2445,0,1,0,0,0,0,4,7,2019,6,16.0,1.0,6,1.0,1,0,3,  ,4,3.0,0,0,1,0,1,0,0,0,0,0,0,0,0,0,0,0,0
24221,2019078885,1116.0,1116.0,67,67301,39.98,-75.2426,0,0,0,0,0,1,4,8,2019,2,11.0,1.0,0,1.0,3,1,3,  ,3,3.0,0,0,1,0,0,1,0,0,0,0,0,0,0,0,0,0,0
24222,2019079089,1557.0,1555.0,46,46110,40.1547,-75.1394,0,0,1,0,0,0,4,7,2019,6,15.0,1.0,3,1.0,3,1,3,  ,2,3.0,0,0,1,0,1,0,0,0,0,0,0,0,0,0,0,0,0
24223,2019079179,1217.0,1142.0,64,64214,40.3829,-79.5521,0,1,0,0,0,1,2,7,2019,2,11.0,1.0,0,1.0,1,0,3,  ,0,0.0,0,0,0,0,0,1,0,0,0,0,0,0,0,0,0,0,0
24224,2019079240,2036.0,2027.0,9,9202,40.0959,-74.9447,0,0,0,0,0,0,4,8,2019,3,20.0,3.0,7,1.0,3,0,3,  ,3,3.0,0,0,1,0,0,0,0,0,0,0,0,0,0,0,0,0,0
24225,2019079266,204.0,203.0,25,25213,42.098,-80.1504,1,0,0,0,0,0,1,8,2019,4,2.0,3.0,0,9.0,3,0,7,  ,0,0.0,0,1,0,0,0,0,1,0,0,1,0,0,0,0,0,0,0
24226,2019079275,2304.0,2255.0,67,67301,40.0122,-75.1505,0,0,0,0,0,0,4,8,2019,3,21.0,3.0,0,1.0,3,1,3,  ,2,3.0,0,0,1,0,0,1,0,0,0,0,0,0,0,0,0,0,0
24227,2019079303,1310.0,1305.0,9,9415,40.4452,-75.339,0,0,0,0,0,0,4,8,2019,3,13.0,1.0,0,1.0,2,2,3,  ,3,3.0,1,0,1,0,0,0,0,0,0,0,0,0,0,0,0,1,0
24228,2019079501,1023.0,1020.0,67,67301,39.9351,-75.1571,0,0,0,0,0,0,4,8,2019,4,10.0,1.0,0,1.0,3,1,3,  ,2,3.0,1,0,1,0,0,0,0,0,0,0,0,1,0,0,0,0,0
24229,2019079664,632.0,632.0,23,23301,39.8503,-75.3728,1,0,0,0,0,0,4,8,2019,5,6.0,1.0,0,1.0,3,1,3,  ,2,3.0,0,0,1,0,0,0,0,0,0,0,0,0,0,0,0,0,0
24230,2019079693,853.0,851.0,2,2304,40.3391,-79.8422,0,0,0,0,0,0,8,8,2019,5,8.0,1.0,0,1.0,3,1,3,  ,0,0.0,0,0,0,0,0,0,0,0,0,0,0,0,0,0,0,0,0
24231,2019079714,1745.0,1740.0,67,67301,40.0311,-75.0321,0,0,0,0,0,0,5,6,2019,6,17.0,1.0,0,1.0,3,0,3,  ,0,0.0,1,0,0,0,0,0,0,0,0,0,0,0,0,0,0,0,0
24232,2019079719,1705.0,1705.0,67,67301,40.016,-75.0843,0,0,0,0,0,0,4,7,2019,4,17.0,1.0,0,1.0,3,1,3,  ,0,0.0,1,0,1,0,0,0,0,0,0,0,0,0,0,0,0,0,0
24233,2019079735,1156.0,1155.0,67,67301,40.0278,-75.0622,0,0,0,0,0,1,4,8,2019,3,11.0,1.0,7,1.0,3,0,3,  ,0,0.0,0,0,1,0,0,0,0,0,0,0,0,0,0,0,0,0,0
24234,2019079822,1429.0,1421.0,40,40304,41.2574,-75.8628,0,0,0,0,0,1,4,8,2019,5,14.0,1.0,0,1.0,3,1,3,  ,0,0.0,0,0,1,0,0,0,0,0,0,0,0,0,0,0,0,0,0
24235,2019079887,2039.0,2035.0,39,39301,40.5946,-75.4889,0,0,0,0,0,0,2,8,2019,7,20.0,2.0,0,1.0,3,1,3,  ,3,3.0,0,0,0,0,0,0,0,0,0,0,0,0,0,0,0,0,1
24236,2019079969,1910.0,1906.0,23,23107,39.9076,-75.3228,0,0,0,0,0,0,8,8,2019,5,19.0,1.0,0,1.0,3,1,3,  ,3,3.0,0,0,0,0,0,0,0,0,0,0,0,0,0,0,0,1,0
24237,2019080083,940.0,936.0,23,23103,40.01,-75.3145,0,0,0,0,0,0,4,8,2019,5,9.0,1.0,0,1.0,3,0,3,  ,0,0.0,0,0,1,0,0,0,0,0,0,0,0,0,0,0,0,0,0
24238,2019080108,1506.0,1502.0,7,7201,40.4309,-78.4526,0,1,0,0,1,0,4,7,2019,1,14.0,1.0,7,1.0,1,0,3,  ,0,0.0,1,1,1,0,0,0,0,0,0,0,0,0,0,0,0,1,0
24239,2019080228,37.0,31.0,67,67301,40.0331,-75.1293,0,0,0,0,0,0,4,7,2019,6,21.0,3.0,0,1.0,3,2,3,  ,3,2.0,0,0,1,0,0,0,0,0,0,0,0,0,0,0,0,0,0
24240,2019080230,1700.0,1655.0,67,67301,39.9773,-75.1581,0,0,0,0,0,0,4,7,2019,1,16.0,1.0,0,1.0,3,1,3,  ,2,3.0,0,0,1,0,0,0,0,0,0,0,0,0,0,0,0,0,0
24241,2019080332,2032.0,2030.0,48,48409,40.6772,-75.4867,0,0,0,0,0,1,4,8,2019,6,20.0,4.0,0,1.0,3,1,3,  ,3,3.0,0,0,1,0,0,0,0,0,0,0,0,0,0,0,0,0,0
24242,2019080409,1555.0,1545.0,67,67301,39.9211,-75.1602,0,0,0,0,0,0,4,8,2019,6,15.0,1.0,0,1.0,3,2,3,  ,0,0.0,0,0,1,0,0,0,0,0,0,0,0,0,0,0,0,0,0
24243,2019080715,1437.0,1436.0,46,46416,40.2442,-75.6277,0,0,0,0,0,0,4,8,2019,3,14.0,1.0,0,1.0,2,1,3,  ,2,2.0,1,0,1,0,0,0,0,0,0,0,0,0,0,0,0,1,0
24244,2019080731,1552.0,1549.0,36,36409,40.1436,-76.3048,0,0,0,0,0,1,4,8,2019,7,15.0,1.0,0,1.0,3,1,3,  ,2,3.0,0,0,1,0,0,0,0,0,0,0,0,0,0,0,0,1,0
24245,2019080745,1559.0,1555.0,35,35302,41.4256,-75.6705,0,0,0,0,0,0,4,8,2019,1,15.0,1.0,2,1.0,3,5,3,  ,2,3.0,1,0,1,0,0,0,0,0,0,0,0,0,0,0,0,1,0
24246,2019080786,1545.0,1535.0,67,67301,39.9989,-75.1751,0,0,0,0,0,0,4,8,2019,6,15.0,1.0,0,1.0,3,0,3,  ,0,0.0,1,0,1,0,0,0,0,0,0,0,0,0,0,1,0,0,0
24247,2019080803,1629.0,1628.0,22,22409,40.1952,-76.732,0,0,0,0,0,0,4,7,2019,2,16.0,1.0,0,1.0,3,1,3,  ,3,3.0,0,0,1,0,0,0,0,0,0,0,0,0,0,0,0,1,0
24248,2019080886,1052.0,1049.0,21,21402,40.1959,-77.1923,0,0,0,0,0,0,4,8,2019,2,10.0,1.0,0,1.0,2,1,3,  ,0,0.0,0,0,1,0,0,0,0,0,0,0,0,0,0,0,0,0,0
24249,2019080958,1954.0,1950.0,21,21407,40.2259,-76.8665,0,0,0,0,0,0,4,8,2019,1,19.0,1.0,0,1.0,3,1,3,  ,0,0.0,0,0,1,0,0,0,0,0,0,0,0,0,0,0,0,0,0
24250,2019081177,1729.0,1729.0,1,1203,39.82,-77.0322,0,0,0,0,0,1,4,8,2019,6,17.0,1.0,7,1.0,1,0,3,  ,0,0.0,0,0,1,0,0,0,0,0,0,0,0,0,0,0,0,0,0
24251,2019081184,2013.0,2011.0,25,25302,42.1113,-80.1167,0,0,0,0,0,1,4,8,2019,2,20.0,3.0,7,1.0,3,0,3,  ,3,3.0,0,0,1,0,0,0,0,0,0,0,0,0,0,0,0,0,0
24252,2019081186,1900.0,1857.0,4,4204,40.8152,-80.458,0,0,0,0,0,1,4,8,2019,2,18.0,1.0,7,1.0,1,2,3,  ,0,0.0,0,0,1,0,0,0,0,0,0,0,0,0,0,0,0,0,0
24253,2019081188,1702.0,1702.0,67,67301,40.0001,-75.1435,0,0,0,0,0,0,6,8,2019,5,9.0,1.0,0,1.0,3,0,3,  ,0,0.0,0,0,0,0,0,0,0,0,0,0,0,0,0,0,0,0,0
24254,2019081199,1635.0,1635.0,67,67301,39.904,-75.2401,0,0,0,0,0,0,4,8,2019,1,14.0,1.0,0,1.0,3,1,3,  ,2,3.0,0,0,1,0,0,0,0,0,0,0,0,0,0,0,0,0,0
24255,2019081215,2103.0,2101.0,14,14210,40.7656,-77.8265,0,1,0,0,0,0,1,8,2019,2,20.0,2.0,0,1.0,1,0,3,  ,0,0.0,0,0,0,0,0,0,0,0,0,0,0,0,0,0,0,0,0
24256,2019081261,755.0,749.0,2,2301,40.4425,-79.9958,0,0,0,0,0,0,5,8,2019,3,7.0,1.0,0,1.0,3,1,98,  ,2,3.0,0,0,0,0,0,0,0,0,0,0,0,0,0,0,0,0,0
24257,2019081405,1138.0,1134.0,46,46216,40.2413,-75.3024,0,0,0,0,0,0,4,8,2019,3,11.0,1.0,0,9.0,1,1,3,  ,2,3.0,1,0,1,0,0,0,0,0,0,0,0,0,0,0,0,1,0
24258,2019081417,1724.0,1724.0,2,2301,40.4249,-79.98,0,0,0,0,0,0,7,8,2019,2,17.0,1.0,0,1.0,3,0,3,  ,0,0.0,0,0,0,0,0,0,0,0,0,0,0,0,0,0,0,0,0
24259,2019081465,1115.0,1112.0,36,36214,40.0887,-76.393,0,1,0,0,0,0,1,8,2019,6,11.0,1.0,0,1.0,3,0,3,  ,0,0.0,0,0,0,0,0,1,0,0,0,0,0,0,0,0,0,0,0
24260,2019081719,914.0,913.0,22,22301,40.3261,-76.8925,0,0,0,0,0,1,4,8,2019,4,9.0,1.0,0,9.0,3,1,7,  ,2,3.0,0,0,1,0,0,0,0,0,0,0,0,0,0,0,0,0,0
24261,2019081841,1848.0,1844.0,2,2108,40.609,-80.0157,0,0,0,0,0,1,5,8,2019,2,18.0,1.0,0,1.0,3,2,3,  ,0,0.0,0,0,0,0,0,0,0,0,0,0,0,0,0,0,0,0,0