,CRN,ARRIVAL_TM,DISPATCH_TM,COUNTY,MUNICIPALITY,DEC_LAT,DEC_LONG,BICYCLE_DEATH_COUNT,BICYCLE_SUSP_SERIOUS_INJ_COUNT,BUS_COUNT,HEAVY_TRUCK_COUNT,SMALL_TRUCK_COUNT,SUV_COUNT,COLLISION_TYPE,CRASH_MONTH,CRASH_YEAR,DAY_OF_WEEK,HOUR_OF_DAY,ILLUMINATION,LOCATION_TYPE,ROAD_CONDITION,URBAN_RURAL,INTERSECT_TYPE,WEATHER1,WEATHER2,TCD_TYPE,TCD_FUNC_CD,AGGRESSIVE_DRIVING,ALCOHOL_RELATED,ANGLE_CRASH,CELL_PHONE,COMM_VEHICLE,DISTRACTED,DRINKING_DRIVER,DRUGGED_DRIVER,FATIGUE_ASLEEP,IMPAIRED_DRIVER,NHTSA_AGG_DRIVING,RUNNING_RED_LT,RUNNING_STOP_SIGN,SPEEDING_RELATED,TAILGATING,MATURE_DRIVER,YOUNG_DRIVER
24262,2019081879,1632.0,1629.0,46,46106,40.2475,-75.6001,0,0,0,0,0,0,4,7,2019,7,16.0,1.0,0,1.0,2,1,3,  ,0,0.0,0,0,1,0,0,0,0,0,0,0,0,0,0,0,0,0,0
24263,2019081898,1645.0,1645.0,28,28212,39.9256,-77.752,1,0,0,0,0,0,4,8,2019,4,16.0,1.0,0,1.0,1,0,3,  ,0,0.0,0,0,1,0,0,0,0,0,0,0,0,0,0,0,0,0,0
24264,2019082277,2136.0,2134.0,2,2433,40.321,-79.8914,0,0,0,0,0,0,7,8,2019,4,21.0,3.0,0,1.0,3,2,3,  ,0,0.0,0,1,0,0,0,0,1,0,0,1,0,0,0,0,0,0,0
24265,2019082325,2011.0,2009.0,66,66301,39.9602,-76.7154,0,0,0,0,0,0,4,8,2019,5,20.0,4.0,0,1.0,3,1,3,  ,3,3.0,0,0,1,0,0,1,0,0,0,0,0,0,0,0,0,0,0
24266,2019082360,1530.0,1525.0,35,35302,41.41,-75.6605,0,0,0,0,0,0,4,8,2019,5,15.0,1.0,0,1.0,3,1,3,  ,0,0.0,0,0,1,0,0,0,0,0,0,0,0,0,0,0,0,1,0
24267,2019082443,1322.0,1320.0,13,13409,40.8239,-75.8692,0,1,0,0,0,1,4,7,2019,1,13.0,1.0,0,1.0,1,1,3,  ,3,3.0,0,0,1,0,0,0,0,0,0,0,0,0,0,0,0,0,0
24268,2019082492,1207.0,1207.0,67,67301,39.9925,-75.1305,0,0,0,0,0,1,4,8,2019,4,12.0,1.0,0,9.0,3,1,7,  ,3,3.0,0,0,1,0,0,0,0,0,0,0,0,0,0,0,0,0,1
24269,2019082555,1549.0,1545.0,23,23111,39.9642,-75.3038,0,0,0,0,0,0,4,8,2019,6,15.0,1.0,0,1.0,3,1,3,  ,2,3.0,0,0,1,0,0,0,0,0,0,0,0,0,0,0,0,0,0
24270,2019082565,850.0,846.0,67,67301,39.9501,-75.1706,0,0,0,0,0,0,5,8,2019,5,8.0,1.0,0,1.0,3,1,99,  ,2,9.0,0,0,0,0,0,0,0,0,0,0,0,0,0,0,0,0,0
24271,2019082580,2142.0,2140.0,36,36214,40.0695,-76.3575,0,0,0,0,0,0,4,8,2019,4,21.0,3.0,0,1.0,3,2,3,  ,2,3.0,0,0,1,0,0,0,0,0,0,0,0,0,0,0,0,0,1
24272,2019082614,1455.0,1453.0,48,48302,40.6882,-75.208,0,0,0,0,0,0,4,8,2019,6,14.0,1.0,7,1.0,3,0,3,  ,0,0.0,1,0,1,0,0,0,0,0,0,0,0,0,0,0,0,0,0
24273,2019082699,1820.0,1815.0,67,67301,39.9876,-75.1127,0,0,0,0,0,0,4,8,2019,1,18.0,1.0,0,1.0,3,0,3,  ,0,0.0,0,0,1,0,0,0,0,0,0,0,0,0,0,0,0,0,0
24274,2019082702,2202.0,2159.0,46,46109,40.1537,-75.1379,0,0,0,0,0,0,4,8,2019,6,21.0,3.0,0,1.0,3,1,3,  ,2,3.0,0,0,1,0,0,0,0,0,0,0,0,0,0,0,0,0,0
24275,2019082706,2256.0,2253.0,36,36301,40.0395,-76.306,0,0,0,0,1,0,4,8,2019,6,22.0,3.0,0,1.0,3,1,3,  ,2,3.0,1,0,1,0,0,0,0,0,0,0,0,0,0,0,0,0,0
24276,2019082765,1525.0,1522.0,66,66205,39.998,-76.8273,0,0,0,0,0,1,8,8,2019,6,15.0,1.0,0,1.0,1,1,3,  ,0,0.0,0,0,0,0,0,0,0,0,0,0,0,0,0,0,0,0,0
24277,2019083004,1816.0,1816.0,46,46416,40.2451,-75.646,0,0,0,0,0,0,4,8,2019,2,18.0,1.0,0,1.0,2,1,3,  ,2,3.0,0,0,1,0,0,0,0,0,0,0,0,0,0,0,0,1,0
24278,2019083029,1246.0,1246.0,67,67301,39.9664,-75.2155,0,0,0,0,1,0,4,8,2019,4,12.0,1.0,0,9.0,3,1,7,  ,3,3.0,0,0,1,0,0,0,0,0,0,0,0,0,0,0,0,0,0
24279,2019083080,2130.0,2129.0,36,36101,40.0679,-76.3034,0,0,0,0,0,0,4,8,2019,6,21.0,3.0,0,1.0,3,1,3,  ,2,3.0,0,0,1,0,0,0,0,0,0,0,0,0,0,0,0,1,0
24280,2019083202,2109.0,2109.0,67,67301,40.0016,-75.1528,0,0,0,0,0,1,4,8,2019,6,21.0,3.0,0,1.0,3,1,3,  ,2,3.0,0,0,1,0,0,0,0,0,0,0,0,0,0,0,0,1,0
24281,2019083272,1053.0,1047.0,44,44205,40.6155,-77.5685,0,1,0,0,0,1,4,8,2019,5,10.0,1.0,7,1.0,1,0,3,  ,0,0.0,1,0,1,0,0,0,0,0,0,0,0,0,0,0,0,0,0
24282,2019083290,839.0,838.0,46,46413,40.1229,-75.3426,0,0,0,0,0,0,8,8,2019,2,8.0,1.0,0,1.0,3,1,3,  ,2,3.0,0,0,0,0,0,0,0,0,0,0,0,0,0,0,0,0,0
24283,2019083325,45.0,40.0,67,67301,39.9993,-75.1357,1,0,0,0,0,0,4,7,2019,6,0.0,3.0,7,1.0,3,2,3,  ,2,3.0,0,0,1,0,0,0,0,0,0,0,0,0,0,0,0,0,0
24284,2019083460,2220.0,2213.0,67,67301,40.0177,-75.1494,0,0,0,0,0,0,4,8,2019,1,21.0,3.0,0,1.0,3,0,3,  ,0,0.0,0,0,1,0,0,0,0,0,0,0,0,0,0,0,0,0,0
24285,2019083502,1057.0,1056.0,48,48209,40.7194,-75.3205,0,0,0,1,0,0,4,8,2019,5,10.0,1.0,0,1.0,1,0,3,  ,0,0.0,0,0,1,0,1,0,0,0,0,0,0,0,0,0,0,0,0
24286,2019083567,820.0,741.0,63,63207,41.2717,-75.3369,0,0,0,0,0,0,8,8,2019,5,7.0,5.0,0,1.0,1,0,5,  ,0,0.0,0,0,0,0,0,0,0,0,0,0,0,0,0,0,0,0,0
24287,2019083644,433.0,429.0,9,9421,40.1482,-74.8102,0,0,0,0,1,0,5,8,2019,2,4.0,3.0,0,1.0,3,0,3,  ,0,0.0,0,0,0,0,0,0,0,0,0,0,0,0,0,0,0,0,0
24288,2019083675,240.0,235.0,67,67301,39.9223,-75.1599,0,0,0,0,0,0,5,8,2019,1,2.0,3.0,0,1.0,3,1,3,  ,0,0.0,0,0,0,0,0,0,0,0,0,0,0,0,0,0,0,0,0
24289,2019083813,1324.0,1321.0,66,66301,39.9681,-76.7021,0,0,0,0,0,0,4,8,2019,3,13.0,1.0,0,1.0,3,1,3,  ,3,3.0,0,0,1,0,0,0,0,0,0,0,0,0,0,0,0,0,0
24290,2019083856,1644.0,1640.0,36,36220,40.0341,-76.3246,0,0,0,0,0,1,5,8,2019,5,16.0,1.0,0,1.0,3,2,3,  ,0,0.0,1,0,0,0,0,0,0,0,0,0,0,0,0,0,0,0,0
24291,2019084059,1625.0,1620.0,40,40405,41.3361,-75.9641,0,0,0,0,1,0,4,8,2019,3,16.0,1.0,0,1.0,3,0,3,  ,0,0.0,1,0,1,0,0,0,0,0,0,0,0,0,0,0,0,0,0
24292,2019084093,700.0,656.0,21,21402,40.1879,-77.2069,0,0,0,0,0,1,4,8,2019,4,6.0,1.0,2,1.0,2,3,3,  ,4,3.0,1,0,1,0,0,0,0,0,0,0,1,0,0,0,0,0,0
24293,2019084160,1223.0,1220.0,23,23111,39.9504,-75.2843,0,0,0,0,0,0,4,8,2019,4,12.0,1.0,0,1.0,3,1,3,  ,3,3.0,0,0,1,0,0,0,0,0,0,0,0,0,0,0,0,0,0
24294,2019084254,1315.0,1308.0,67,67301,39.9686,-75.153,0,0,0,0,0,1,4,8,2019,3,12.0,1.0,0,1.0,3,1,3,  ,2,3.0,0,0,1,0,0,0,0,0,0,0,0,0,0,0,0,0,0
24295,2019084494,110.0,105.0,46,46204,40.1805,-75.1334,0,0,0,0,0,0,4,8,2019,5,1.0,3.0,0,9.0,3,1,7,  ,2,3.0,0,1,1,0,0,0,0,0,0,0,0,0,0,0,0,0,1
24296,2019084486,2143.0,2141.0,36,36301,40.0389,-76.2971,0,0,0,0,0,0,4,8,2019,1,21.0,3.0,0,1.0,3,1,3,  ,3,3.0,0,0,1,0,0,0,0,0,0,0,0,0,0,0,0,0,0
24297,2019084505,415.0,411.0,25,25213,42.091,-80.1396,0,1,0,0,0,1,4,8,2019,5,4.0,2.0,3,9.0,3,0,7,  ,0,0.0,0,0,1,0,0,0,0,0,0,0,0,0,0,0,0,0,0
24298,2019084561,1358.0,1355.0,46,46104,39.9908,-75.2493,0,0,0,0,0,0,5,8,2019,3,13.0,1.0,7,1.0,3,0,7,  ,0,0.0,1,0,0,0,0,0,0,0,0,0,0,0,0,0,0,1,0
24299,2019084611,1720.0,1713.0,9,9215,40.2871,-75.2635,0,1,0,0,0,0,4,7,2019,4,17.0,1.0,7,1.0,1,0,3,  ,0,0.0,1,0,1,0,0,0,0,0,0,0,0,0,0,0,0,0,0
24300,2019084618,1130.0,1124.0,2,2445,40.4751,-79.9694,0,0,0,0,0,0,4,8,2019,5,11.0,1.0,7,1.0,3,0,3,  ,3,3.0,0,0,1,0,0,0,0,0,0,0,0,0,0,0,0,0,0
24301,2019084723,1548.0,1543.0,25,25302,42.0984,-80.0809,0,0,0,0,0,0,4,8,2019,5,15.0,1.0,0,1.0,3,1,3,  ,2,3.0,0,0,1,0,0,0,0,0,0,0,0,0,0,0,0,0,0
24302,2019084798,1740.0,1737.0,39,39301,40.6053,-75.4731,0,0,0,0,0,0,2,8,2019,4,17.0,1.0,0,1.0,3,1,3,  ,2,3.0,0,0,0,0,0,0,0,0,0,0,0,0,0,0,0,0,0
24303,2019084803,1917.0,1912.0,48,48209,40.6934,-75.3346,0,0,0,0,0,0,4,8,2019,7,19.0,1.0,0,1.0,1,2,3,  ,0,0.0,1,0,1,0,0,0,0,0,0,0,0,0,0,0,0,0,0
24304,2019084817,1706.0,1702.0,6,6416,40.352,-76.1371,0,0,0,0,0,1,4,8,2019,5,17.0,1.0,7,1.0,1,0,3,  ,0,0.0,0,0,1,0,0,0,0,0,0,0,0,0,0,1,0,0,0
24305,2019084986,1635.0,1633.0,67,67301,40.0795,-75.0422,0,0,0,0,0,1,4,8,2019,5,16.0,1.0,0,1.0,3,1,3,  ,2,3.0,1,0,1,0,0,0,0,0,0,0,0,0,0,0,0,1,0
24306,2019084989,1141.0,1137.0,2,2301,40.441,-79.986,0,0,0,0,0,0,4,8,2019,6,11.0,1.0,0,1.0,3,1,3,  ,2,3.0,0,0,1,0,0,0,0,0,0,0,0,0,0,0,0,0,0
24307,2019084991,736.0,734.0,25,25302,42.1122,-80.095,0,0,0,0,0,1,4,8,2019,4,7.0,1.0,0,1.0,3,1,3,  ,2,3.0,1,0,1,0,0,0,0,0,0,0,0,0,0,0,0,0,0
24308,2019085099,1543.0,1541.0,41,41301,41.2407,-77.0458,0,0,0,0,0,1,4,8,2019,5,15.0,1.0,7,1.0,3,0,3,  ,3,3.0,0,0,1,0,0,0,0,0,0,0,0,0,0,0,0,0,0
24309,2019085204,1805.0,1805.0,25,25302,42.1169,-80.063,0,0,0,0,0,1,4,8,2019,6,18.0,1.0,0,1.0,3,0,3,  ,0,0.0,0,0,1,0,0,0,0,0,0,0,0,0,0,0,0,0,0
24310,2019085227,1911.0,1911.0,67,67301,39.9825,-75.2307,0,0,0,0,0,1,4,8,2019,3,19.0,1.0,0,1.0,3,1,3,  ,2,3.0,1,0,1,0,0,0,0,0,0,0,0,0,0,0,0,0,0
24311,2019085314,1645.0,1645.0,67,67301,40.0249,-75.0633,0,0,0,0,0,1,4,8,2019,2,16.0,1.0,0,1.0,3,1,3,  ,3,3.0,0,0,1,1,0,1,0,0,0,0,0,0,0,0,0,0,0
24312,2019085409,2205.0,2200.0,22,22301,40.2737,-76.8927,0,0,0,0,0,0,4,8,2019,4,22.0,2.0,0,1.0,3,1,3,  ,3,2.0,0,1,1,0,0,0,0,0,0,0,0,0,0,0,0,0,0
24313,2019085497,1142.0,1140.0,67,67301,40.0146,-75.1317,0,0,0,0,0,0,4,8,2019,7,11.0,1.0,0,1.0,3,2,3,  ,3,3.0,1,0,1,0,0,0,0,0,0,0,0,0,0,0,0,0,0
24314,2019085597,829.0,826.0,10,10301,40.863,-79.8893,0,0,0,0,0,1,4,8,2019,3,8.0,1.0,0,1.0,2,2,3,  ,3,3.0,1,0,1,0,0,0,0,0,0,0,0,0,0,0,0,0,0
24315,2019085698,1701.0,1701.0,36,36101,40.0761,-76.2966,0,0,0,0,0,0,4,8,2019,6,16.0,1.0,7,1.0,3,2,3,  ,0,0.0,1,0,1,0,0,0,0,0,0,0,0,0,0,0,0,0,0
24316,2019085789,2113.0,2107.0,67,67301,39.969,-75.2355,0,0,0,0,0,0,5,8,2019,7,20.0,3.0,0,1.0,3,0,3,  ,0,0.0,0,0,0,0,0,0,0,0,0,0,0,0,0,0,0,0,0
24317,2019085827,914.0,904.0,2,2301,40.4475,-79.9475,0,0,0,0,0,0,4,8,2019,2,9.0,1.0,0,1.0,3,0,3,  ,0,0.0,1,0,1,0,0,0,0,0,0,0,0,0,0,0,0,0,0
24318,2019086192,350.0,300.0,67,67301,39.984,-75.1251,0,1,0,0,0,0,2,8,2019,1,22.0,3.0,0,1.0,3,0,3,  ,2,9.0,0,0,0,0,0,0,0,0,0,0,0,0,0,0,0,0,0
24319,2019086261,1520.0,1513.0,67,67301,39.9501,-75.1706,0,0,0,0,0,0,4,8,2019,2,15.0,1.0,0,1.0,3,2,3,  ,2,3.0,0,0,1,0,0,0,0,0,0,0,0,0,0,0,0,1,0
24320,2019086274,1112.0,1108.0,25,25302,42.1315,-80.0796,0,0,0,0,0,0,4,8,2019,3,11.0,1.0,0,1.0,3,0,3,  ,0,0.0,0,0,1,0,0,0,0,0,0,0,0,0,0,0,0,0,1
24321,2019086283,925.0,923.0,67,67301,40.0196,-75.0734,0,0,0,0,0,0,4,8,2019,3,8.0,1.0,0,1.0,3,1,3,  ,2,3.0,0,0,1,0,0,0,0,0,0,0,0,0,0,0,0,0,0
24322,2019086347,1807.0,1748.0,64,64209,40.3505,-79.4964,0,0,0,0,0,1,4,7,2019,4,17.0,1.0,0,1.0,3,0,3,  ,0,0.0,0,0,1,0,0,0,0,0,0,0,0,0,0,0,0,0,0
24323,2019086361,1325.0,1322.0,25,25302,42.1105,-80.0773,0,0,0,0,0,0,4,8,2019,3,13.0,1.0,0,1.0,3,1,3,  ,2,3.0,0,0,1,0,0,0,0,0,0,0,0,0,0,0,0,0,0
24324,2019086524,1637.0,1636.0,40,40301,40.9621,-75.9688,0,0,0,0,0,0,4,8,2019,7,16.0,1.0,0,1.0,2,1,3,  ,0,0.0,0,0,1,0,0,0,0,0,0,0,0,0,0,0,0,0,0
24325,2019086529,2140.0,2136.0,67,67301,39.9972,-75.1154,0,0,0,0,0,0,4,8,2019,7,21.0,3.0,0,1.0,3,1,3,  ,3,3.0,0,0,1,0,0,0,0,0,0,0,0,0,0,0,0,0,0
24326,2019086583,900.0,845.0,67,67301,39.9397,-75.1884,0,0,0,0,0,0,5,8,2019,3,7.0,1.0,0,1.0,3,0,3,  ,0,0.0,0,0,0,0,0,0,0,0,0,0,0,0,0,0,0,0,0
24327,2019086683,1013.0,1003.0,45,45202,40.9147,-75.4292,0,0,0,0,0,1,8,8,2019,4,9.0,1.0,0,1.0,1,0,3,  ,0,0.0,1,0,0,0,0,0,0,0,0,0,0,0,0,0,0,1,0
24328,2019086838,1622.0,1615.0,2,2301,40.4487,-79.9523,0,0,0,0,0,0,2,8,2019,4,16.0,1.0,7,1.0,3,0,3,  ,0,0.0,0,0,0,0,0,0,0,0,0,0,0,0,0,0,0,0,0
24329,2019086851,1544.0,1540.0,9,9204,40.3512,-75.0971,0,0,0,0,0,0,4,8,2019,1,15.0,1.0,0,1.0,1,0,3,  ,0,0.0,0,0,1,0,0,0,0,0,0,0,0,0,0,0,0,0,0
24330,2019086972,1850.0,1848.0,67,67301,40.0678,-75.0291,0,0,0,0,0,0,4,8,2019,3,18.0,1.0,7,1.0,3,0,3,  ,0,0.0,1,0,1,0,0,0,0,0,0,0,1,0,0,0,0,0,0
24331,2019086995,1622.0,1622.0,67,67301,39.9958,-75.1111,0,0,0,0,0,0,4,8,2019,3,16.0,1.0,0,1.0,3,2,3,  ,3,3.0,0,0,1,0,0,0,0,0,0,0,0,0,0,0,0,1,0
24332,2019087083,1137.0,1131.0,41,41301,41.2308,-77.0192,0,0,0,0,1,0,4,8,2019,5,11.0,1.0,2,1.0,3,1,3,  ,2,3.0,0,0,1,0,0,0,0,0,0,0,0,0,0,0,0,0,0
24333,2019087102,1321.0,1320.0,67,67301,39.9504,-75.1926,0,0,0,0,1,0,2,8,2019,5,13.0,1.0,0,1.0,3,1,3,  ,0,0.0,1,0,0,0,0,0,0,0,0,0,0,0,0,0,0,0,0
24334,2019087166,1225.0,1222.0,61,61204,41.8429,-79.2161,0,1,0,0,1,0,5,8,2019,4,12.0,1.0,0,1.0,1,0,3,  ,0,0.0,0,0,0,0,0,0,0,0,0,0,0,0,0,0,0,0,0
24335,2019087192,1735.0,1726.0,1,1218,39.9897,-77.0357,0,0,0,0,0,1,6,8,2019,3,17.0,1.0,0,1.0,1,2,3,  ,0,0.0,0,0,0,0,0,0,0,0,0,0,0,0,0,0,0,0,0
24336,2019087262,1650.0,1648.0,46,46216,40.2531,-75.3032,0,0,0,0,0,0,4,8,2019,5,16.0,1.0,0,1.0,1,2,3,  ,3,3.0,0,0,1,0,0,0,0,0,0,0,0,0,0,0,0,1,0
24337,2019087385,1610.0,1608.0,40,40302,41.1954,-75.9979,0,0,0,0,0,0,4,7,2019,6,16.0,1.0,0,1.0,3,1,3,  ,0,0.0,0,0,1,0,0,0,0,0,0,0,0,0,0,0,0,0,0
24338,2019087420,1800.0,1756.0,67,67301,39.904,-75.2401,0,0,0,0,0,0,4,8,2019,4,17.0,1.0,0,1.0,3,1,3,  ,2,3.0,0,0,1,0,0,0,0,0,0,0,0,0,0,0,0,0,0
24339,2019087454,1322.0,1320.0,67,67301,40.0257,-75.1756,0,0,0,0,0,1,4,8,2019,5,13.0,1.0,0,1.0,3,0,3,  ,0,0.0,0,0,1,0,0,0,0,0,0,0,0,0,0,0,0,0,1
24340,2019087456,1816.0,1814.0,2,2301,40.4715,-79.929,0,0,0,0,0,0,2,8,2019,4,18.0,1.0,0,1.0,3,2,3,  ,3,3.0,1,0,0,0,0,0,0,0,0,0,0,0,0,0,0,0,0
24341,2019087615,1340.0,1340.0,46,46101,40.1387,-75.125,0,0,0,0,0,1,8,8,2019,2,13.0,1.0,0,1.0,3,1,3,  ,3,3.0,1,0,0,0,0,0,0,0,0,0,0,0,0,0,0,1,0
24342,2019087789,1653.0,1649.0,15,15225,39.8102,-75.7268,0,0,0,0,0,0,4,8,2019,6,16.0,1.0,0,1.0,1,0,3,  ,0,0.0,0,0,1,0,0,0,0,0,0,0,0,0,0,0,0,0,0
24343,2019087841,2126.0,2122.0,38,38406,40.3166,-76.6153,0,0,0,0,0,0,5,8,2019,6,20.0,2.0,0,1.0,3,0,3,  ,0,0.0,1,0,0,0,0,0,0,0,0,0,0,0,0,0,0,0,0
24344,2019087856,1247.0,1247.0,67,67301,40.0105,-75.1612,0,1,0,0,0,0,1,8,2019,7,12.0,1.0,0,1.0,3,0,3,  ,0,0.0,1,0,0,0,0,0,0,0,0,0,0,0,0,0,0,0,0
24345,2019087930,620.0,618.0,2,2208,40.5353,-79.8425,1,0,0,0,0,0,5,8,2019,5,6.0,3.0,0,1.0,3,0,3,  ,0,0.0,0,0,0,0,0,0,0,0,0,0,0,0,0,0,0,1,0
24346,2019087941,1753.0,1747.0,67,67301,40.0159,-75.1538,0,0,0,0,0,1,4,8,2019,7,17.0,1.0,0,1.0,3,1,3,  ,2,3.0,0,0,1,0,0,0,0,0,0,0,0,0,0,0,0,0,0
24347,2019088069,1720.0,1716.0,67,67301,40.0992,-74.9954,0,0,0,0,0,0,4,9,2019,1,17.0,1.0,0,1.0,3,1,3,  ,2,3.0,0,0,1,0,0,0,0,0,0,0,0,0,0,0,0,0,0
24348,2019088085,1754.0,1743.0,67,67301,40.0322,-75.0311,0,0,0,0,0,0,5,8,2019,5,17.0,1.0,0,1.0,3,0,3,  ,0,0.0,0,0,0,0,0,0,0,0,0,0,0,0,0,0,0,0,0
24349,2019088106,2112.0,2109.0,46,46413,40.12,-75.3343,0,0,0,0,0,0,4,9,2019,1,21.0,3.0,0,1.0,3,1,3,  ,3,3.0,0,0,1,0,0,0,0,0,0,0,0,0,0,0,0,0,1
24350,2019088130,2326.0,2324.0,67,67301,40.01,-75.0693,0,0,0,0,0,1,4,8,2019,7,23.0,3.0,0,1.0,3,1,3,  ,3,3.0,1,0,1,0,0,0,0,0,0,0,1,0,0,0,0,0,0
24351,2019088150,1640.0,1634.0,10,10101,40.8468,-79.9042,0,0,0,0,0,0,4,8,2019,6,16.0,1.0,0,1.0,2,2,3,  ,0,0.0,0,0,1,0,0,0,0,0,0,0,0,0,0,0,0,1,0
24352,2019088183,920.0,915.0,67,67301,39.9877,-75.1559,0,0,0,0,1,0,5,9,2019,1,9.0,1.0,0,1.0,3,0,3,  ,0,0.0,0,0,0,0,0,0,0,0,0,0,0,0,0,0,0,0,1
24353,2019088355,1450.0,1442.0,36,36301,40.0332,-76.3104,0,0,0,0,0,1,4,8,2019,1,14.0,1.0,0,1.0,3,1,3,  ,3,3.0,0,0,1,0,0,0,0,0,0,0,0,0,0,0,0,0,0
24354,2019088525,1057.0,1050.0,67,67301,39.9745,-75.1587,0,0,0,0,0,0,4,7,2019,4,10.0,1.0,0,1.0,3,2,3,  ,2,3.0,0,0,1,0,0,0,0,0,0,0,0,0,0,0,0,0,0
24355,2019088550,1938.0,1936.0,67,67301,40.0269,-75.2272,0,0,0,0,0,0,4,8,2019,7,19.0,1.0,0,1.0,3,1,3,  ,2,3.0,1,0,1,0,0,0,0,0,0,0,0,0,0,0,0,0,0
24356,2019088553,1503.0,1500.0,67,67301,39.9465,-75.2373,0,0,0,0,0,0,4,9,2019,2,12.0,1.0,0,1.0,3,2,3,  ,2,3.0,1,0,1,0,0,0,0,0,0,0,1,0,0,0,0,0,0
24357,2019088564,1656.0,1653.0,67,67301,39.9499,-75.1687,0,0,0,0,0,1,5,9,2019,2,16.0,1.0,0,9.0,3,0,7,  ,0,0.0,0,0,0,0,0,0,0,0,0,0,0,0,0,0,0,0,0
24358,2019088582,632.0,627.0,46,46213,40.2331,-75.4534,1,0,0,0,0,0,4,8,2019,3,6.0,1.0,0,1.0,3,0,3,  ,0,0.0,0,0,1,0,0,0,0,0,0,0,0,0,0,0,0,0,0
24359,2019088673,1653.0,1651.0,48,48212,40.6879,-75.2534,0,0,0,0,1,0,4,9,2019,3,16.0,1.0,7,1.0,3,2,3,  ,3,3.0,0,0,1,0,0,0,0,0,0,0,0,0,0,0,0,0,0
24360,2019088685,700.0,651.0,67,67301,39.9623,-75.1713,0,0,0,0,0,1,4,8,2019,2,6.0,1.0,0,1.0,3,1,3,  ,3,3.0,1,0,1,0,0,0,0,0,0,0,0,0,0,0,0,0,0
24361,2019088977,1509.0,1505.0,9,9213,40.137,-74.8808,0,0,0,0,0,1,4,9,2019,3,15.0,1.0,7,1.0,3,0,3,  ,2,3.0,0,0,1,0,0,0,0,0,0,0,0,0,0,0,0,0,0
24362,2019089252,1531.0,1530.0,67,67301,39.9198,-75.1883,0,0,0,0,0,0,4,9,2019,3,15.0,1.0,7,1.0,3,2,3,  ,2,3.0,0,0,1,0,0,0,0,0,0,0,0,0,0,0,0,0,0
24363,2019089263,1530.0,1518.0,67,67301,39.9596,-75.155,0,0,0,0,0,0,4,9,2019,4,11.0,1.0,0,1.0,3,1,3,  ,3,3.0,0,0,1,0,0,0,0,0,0,0,0,0,0,0,0,0,0
24364,2019089363,2131.0,2131.0,48,48405,40.6297,-75.3421,0,0,0,0,0,0,4,8,2019,6,21.0,3.0,0,1.0,3,2,3,  ,2,3.0,0,1,1,0,0,0,0,0,0,0,0,0,0,0,0,0,0
24365,2019089467,1900.0,1900.0,2,2301,40.4756,-79.9993,0,0,0,0,0,0,8,9,2019,4,19.0,1.0,0,1.0,3,0,3,  ,0,0.0,0,0,0,0,0,0,0,0,0,0,0,0,0,0,0,0,1
24366,2019089477,1212.0,1212.0,67,67301,40.0502,-75.0106,0,0,0,0,0,0,4,9,2019,4,11.0,1.0,7,1.0,3,0,3,  ,0,0.0,0,0,1,0,0,0,0,0,0,0,0,0,0,0,0,0,0
24367,2019089502,2301.0,2258.0,39,39209,40.5851,-75.6235,0,1,0,0,0,0,4,8,2019,2,22.0,2.0,0,9.0,1,2,7,  ,2,3.0,1,0,1,0,0,0,0,0,0,0,0,0,0,0,0,0,0
24368,2019089657,1731.0,1727.0,46,46416,40.2578,-75.6394,0,0,0,0,0,0,4,9,2019,1,17.0,1.0,7,1.0,2,0,3,  ,0,0.0,0,0,1,0,0,0,0,0,0,0,0,0,0,0,0,0,0
24369,2019089596,1252.0,1230.0,59,59403,,,0,0,0,0,0,1,4,8,2019,7,11.0,1.0,7,1.0,1,0,3,  ,0,0.0,0,0,1,0,0,0,0,0,0,0,0,0,0,0,0,0,0
24370,2019089639,1420.0,1400.0,67,67301,39.9994,-75.136,0,0,0,0,0,0,5,8,2019,7,16.0,1.0,0,1.0,3,0,99,  ,0,0.0,0,0,0,0,0,0,0,0,0,0,0,0,0,0,0,0,0
24371,2019089654,1511.0,1508.0,46,46202,40.1436,-75.3247,0,0,0,0,0,0,4,8,2019,6,15.0,1.0,0,1.0,3,2,3,  ,3,3.0,1,1,1,0,0,0,1,0,0,1,0,0,0,0,0,1,0
24372,2019089661,353.0,351.0,67,67301,39.9268,-75.179,0,0,0,0,0,1,4,9,2019,1,3.0,3.0,0,1.0,3,1,3,  ,3,3.0,1,0,1,0,0,0,0,0,0,0,0,0,0,0,0,0,0
24373,2019089670,1637.0,1630.0,67,67301,39.9144,-75.2395,0,0,0,0,0,0,4,9,2019,3,16.0,1.0,0,1.0,3,1,3,  ,0,0.0,0,0,1,0,0,0,0,0,0,0,0,0,0,0,0,0,0
24374,2019089708,725.0,717.0,67,67301,40.0385,-75.0318,0,0,0,0,0,1,4,9,2019,5,7.0,1.0,0,1.0,3,1,3,  ,3,3.0,0,0,1,0,0,0,0,0,0,0,0,0,0,0,0,0,0
24375,2019089713,1956.0,1947.0,36,36406,40.106,-76.3518,0,0,0,0,0,0,4,9,2019,4,19.0,4.0,7,1.0,3,2,3,  ,0,0.0,0,0,1,0,0,0,0,0,0,0,0,0,0,0,0,1,0