,CRN,ARRIVAL_TM,DISPATCH_TM,COUNTY,MUNICIPALITY,DEC_LAT,DEC_LONG,BICYCLE_DEATH_COUNT,BICYCLE_SUSP_SERIOUS_INJ_COUNT,BUS_COUNT,HEAVY_TRUCK_COUNT,SMALL_TRUCK_COUNT,SUV_COUNT,COLLISION_TYPE,CRASH_MONTH,CRASH_YEAR,DAY_OF_WEEK,HOUR_OF_DAY,ILLUMINATION,LOCATION_TYPE,ROAD_CONDITION,URBAN_RURAL,INTERSECT_TYPE,WEATHER1,WEATHER2,TCD_TYPE,TCD_FUNC_CD,AGGRESSIVE_DRIVING,ALCOHOL_RELATED,ANGLE_CRASH,CELL_PHONE,COMM_VEHICLE,DISTRACTED,DRINKING_DRIVER,DRUGGED_DRIVER,FATIGUE_ASLEEP,IMPAIRED_DRIVER,NHTSA_AGG_DRIVING,RUNNING_RED_LT,RUNNING_STOP_SIGN,SPEEDING_RELATED,TAILGATING,MATURE_DRIVER,YOUNG_DRIVER
24376,2019089734,745.0,740.0,67,67301,39.9505,-75.1926,0,0,0,0,0,0,8,9,2019,6,7.0,1.0,0,1.0,3,0,3,  ,0,0.0,0,0,0,0,0,0,0,0,0,0,0,0,0,0,0,0,0
24377,2019089746,1729.0,1722.0,67,67301,40.0101,-75.1214,0,0,0,0,0,0,4,9,2019,1,17.0,1.0,0,1.0,3,1,3,  ,2,3.0,0,0,1,0,0,0,0,0,0,0,0,0,0,0,0,0,0
24378,2019089810,2051.0,2041.0,66,66213,39.7808,-76.6287,0,0,0,0,0,0,4,7,2019,2,20.0,1.0,0,1.0,1,0,3,  ,0,0.0,0,0,1,0,0,0,0,0,0,0,0,0,0,0,0,0,1
24379,2019089816,2112.0,2110.0,9,9411,40.3643,-74.9679,0,0,0,0,0,0,4,8,2019,5,21.0,3.0,7,9.0,1,0,7,  ,0,0.0,0,0,1,0,0,0,0,0,0,0,0,0,0,0,0,0,0
24380,2019089965,1937.0,1929.0,53,53213,40.6464,-76.5409,0,1,0,0,1,0,4,9,2019,5,19.0,1.0,0,1.0,1,0,3,  ,0,0.0,0,0,1,0,0,0,0,0,0,0,0,0,0,0,0,0,0
24381,2019090134,1621.0,1616.0,39,39103,40.6124,-75.5328,0,0,0,0,1,0,5,8,2019,5,16.0,1.0,0,1.0,1,0,3,  ,0,0.0,1,0,0,0,0,0,0,0,0,0,0,0,0,0,0,0,0
24382,2019090234,1422.0,1419.0,21,21212,40.247,-77.0284,0,1,0,1,0,0,4,8,2019,4,14.0,1.0,7,1.0,1,0,3,  ,0,0.0,0,0,1,0,1,0,0,0,0,0,0,0,0,0,0,0,0
24383,2019090285,1830.0,1828.0,67,67301,39.9963,-75.1707,0,0,0,0,0,1,4,9,2019,3,18.0,1.0,0,1.0,3,0,3,  ,0,0.0,0,0,1,0,0,0,0,0,0,0,0,0,0,0,0,0,1
24384,2019090345,1340.0,1331.0,6,6233,40.2532,-75.9121,0,0,0,0,0,1,8,9,2019,6,13.0,1.0,0,1.0,1,0,3,  ,3,3.0,1,0,0,0,0,0,0,0,0,0,0,0,0,0,0,1,0
24385,2019090357,1630.0,1629.0,55,55418,40.0085,-79.087,0,0,0,0,0,1,8,8,2019,5,16.0,1.0,7,1.0,2,0,3,  ,0,0.0,1,0,0,0,0,0,0,0,0,0,0,0,0,0,0,0,0
24386,2019090365,1504.0,1502.0,9,9401,40.1021,-74.8633,0,0,0,0,0,1,4,9,2019,6,15.0,1.0,0,1.0,3,1,3,  ,2,3.0,0,0,1,0,0,0,0,0,0,0,0,0,0,0,0,0,0
24387,2019090518,1548.0,1548.0,22,22301,40.262,-76.8797,0,0,0,0,0,1,4,9,2019,5,15.0,1.0,0,1.0,3,1,3,  ,2,3.0,0,0,1,0,0,0,0,0,0,0,0,0,0,0,0,0,0
24388,2019090541,1507.0,1503.0,46,46421,40.317,-75.3298,0,1,0,0,1,0,4,9,2019,5,15.0,1.0,0,1.0,3,0,3,  ,0,0.0,0,0,1,0,0,0,0,0,0,0,0,0,0,0,0,0,0
24389,2019090692,1049.0,1049.0,39,39301,40.6048,-75.4622,0,0,0,0,0,0,4,8,2019,6,10.0,1.0,0,1.0,3,2,3,  ,0,0.0,0,0,1,0,0,0,0,0,0,0,0,0,0,0,0,0,0
24390,2019090801,1509.0,1507.0,25,25302,42.1204,-80.0896,0,0,0,0,0,0,4,9,2019,4,15.0,1.0,0,1.0,3,1,3,  ,2,3.0,0,0,1,0,0,0,0,0,0,0,0,0,0,0,0,0,1
24391,2019090882,643.0,640.0,6,6301,40.3384,-75.9248,0,0,0,0,0,0,2,9,2019,3,6.0,5.0,0,1.0,3,1,3,  ,3,3.0,0,0,0,0,0,0,0,0,0,0,0,0,0,0,0,0,0
24392,2019090915,1647.0,1641.0,39,39102,40.6345,-75.4777,0,0,0,0,1,0,4,9,2019,2,16.0,1.0,0,1.0,3,2,3,  ,0,0.0,0,0,1,0,0,0,0,0,0,0,0,0,0,0,0,0,0
24393,2019090916,722.0,721.0,38,38301,,,0,1,0,0,0,0,4,9,2019,3,7.0,1.0,0,1.0,2,1,3,  ,0,0.0,0,0,1,0,0,0,0,0,0,0,0,0,0,0,0,0,0
24394,2019090927,1520.0,1518.0,28,28406,39.7498,-77.5677,0,0,0,0,0,1,4,9,2019,2,15.0,1.0,7,1.0,2,0,3,  ,0,0.0,0,0,1,0,0,0,0,0,0,0,0,0,0,0,0,0,0
24395,2019091151,1830.0,9999.0,2,2108,40.6051,-80.0059,0,0,0,0,0,0,4,9,2019,3,18.0,1.0,7,1.0,3,0,3,  ,0,0.0,1,0,1,0,0,0,0,0,0,0,0,0,0,0,0,0,0
24396,2019091178,2218.0,2215.0,66,66301,39.9614,-76.7464,0,0,0,0,0,1,4,9,2019,3,22.0,2.0,0,1.0,3,1,3,  ,3,3.0,1,0,1,0,0,0,0,0,0,0,0,0,0,0,0,1,0
24397,2019091252,1353.0,1353.0,46,46104,40.0061,-75.2843,0,0,0,0,0,1,4,8,2019,3,13.0,1.0,0,1.0,3,2,3,  ,0,0.0,0,0,1,0,0,0,0,0,0,0,0,0,0,0,0,0,0
24398,2019091377,1645.0,1642.0,21,21403,40.2442,-76.911,0,0,0,0,0,0,4,9,2019,6,16.0,1.0,0,1.0,3,1,3,  ,3,3.0,1,0,1,0,0,0,0,0,0,0,0,0,0,0,0,0,0
24399,2019091390,1340.0,1339.0,36,36409,40.1502,-76.3069,1,0,0,0,0,0,2,9,2019,7,13.0,1.0,0,9.0,3,1,3,  ,2,3.0,1,0,0,0,0,0,0,0,0,0,0,0,0,0,0,0,0
24400,2019091468,1813.0,1813.0,8,8410,41.9922,-76.5398,0,0,0,0,0,0,4,8,2019,6,18.0,1.0,0,1.0,2,0,3,  ,0,0.0,0,0,1,0,0,1,0,0,0,0,0,0,0,0,0,0,0
24401,2019091572,1730.0,1727.0,2,2301,40.4657,-79.9294,0,0,0,0,0,0,4,9,2019,4,17.0,1.0,7,1.0,3,0,3,  ,0,0.0,1,0,1,0,0,0,0,0,0,0,0,0,0,0,0,0,0
24402,2019091652,2020.0,2014.0,67,67301,40.0343,-75.0386,0,0,0,0,0,0,4,9,2019,3,19.0,1.0,0,1.0,3,1,3,  ,2,3.0,0,0,1,0,0,0,0,0,0,0,0,0,0,0,0,0,0
24403,2019091722,1534.0,1530.0,36,36301,40.0334,-76.3135,0,0,0,0,0,0,4,9,2019,1,15.0,1.0,0,1.0,3,1,3,  ,3,3.0,0,0,1,0,0,0,0,0,0,0,0,0,0,0,0,0,0
24404,2019091844,1048.0,1044.0,48,48207,40.7607,-75.5314,0,0,0,0,0,0,4,8,2019,5,10.0,1.0,0,1.0,1,2,3,  ,3,3.0,1,0,1,0,0,0,0,0,0,0,0,0,0,0,0,1,0
24405,2019092025,745.0,739.0,9,9202,40.0719,-74.9649,0,1,0,0,0,1,4,9,2019,6,7.0,1.0,7,1.0,3,0,3,  ,2,3.0,0,0,1,0,0,0,0,0,0,0,0,0,0,0,0,0,1
24406,2019092198,1740.0,1735.0,2,2301,40.4188,-79.9722,0,0,0,0,0,0,2,9,2019,6,17.0,1.0,0,1.0,3,0,3,  ,0,0.0,0,0,0,0,0,0,0,0,0,0,0,0,0,0,0,0,0
24407,2019092261,1619.0,1613.0,67,67301,40.0092,-75.1511,0,0,0,0,0,0,4,9,2019,4,16.0,1.0,0,1.0,3,1,3,  ,2,3.0,0,0,1,0,0,0,0,0,0,0,0,0,0,0,0,0,0
24408,2019092286,12.0,3.0,2,2301,40.4463,-79.9759,0,0,0,0,0,0,2,9,2019,6,23.0,2.0,0,1.0,3,1,3,  ,3,9.0,0,0,0,0,0,0,0,0,0,0,0,0,0,0,0,1,0
24409,2019092327,1714.0,1709.0,37,37301,40.9933,-80.3417,0,0,0,0,0,0,4,9,2019,6,17.0,1.0,0,1.0,2,1,3,  ,3,3.0,0,0,1,0,0,0,0,0,0,0,0,0,0,0,0,0,0
24410,2019092373,854.0,852.0,67,67301,39.9705,-75.1526,0,0,0,0,0,0,4,9,2019,6,8.0,1.0,0,1.0,3,1,3,  ,2,9.0,0,0,1,0,0,0,0,0,0,0,0,0,0,0,0,0,0
24411,2019092439,1601.0,1559.0,60,60302,41.422,-79.6944,0,0,0,0,0,0,4,9,2019,7,15.0,1.0,0,1.0,2,1,3,  ,3,3.0,0,0,1,0,0,0,0,0,0,0,0,0,0,0,0,0,0
24412,2019092614,1143.0,1152.0,25,25302,42.1085,-80.0497,0,0,0,0,1,0,8,9,2019,1,11.0,1.0,0,1.0,3,1,3,  ,2,3.0,0,0,0,0,0,0,0,0,0,0,0,0,0,0,0,0,0
24413,2019092643,1604.0,1602.0,38,38405,40.3741,-76.3058,0,0,0,0,1,0,4,9,2019,5,15.0,1.0,0,1.0,1,1,3,  ,0,0.0,0,0,1,0,0,0,0,0,0,0,0,0,0,0,0,1,0
24414,2019092809,1834.0,1824.0,28,28406,39.7614,-77.5893,0,0,0,0,0,0,4,9,2019,1,18.0,1.0,0,1.0,2,0,3,  ,0,0.0,0,0,1,0,0,0,0,0,0,0,0,0,0,0,0,0,0
24415,2019092981,1858.0,1858.0,2,2301,40.4636,-79.9306,0,0,0,0,0,0,4,9,2019,5,18.0,1.0,0,1.0,3,1,3,  ,2,3.0,0,0,1,0,0,0,0,0,0,0,0,0,0,0,0,0,0
24416,2019092984,1521.0,1520.0,41,41301,41.2302,-77.0495,0,0,0,0,0,1,4,9,2019,6,15.0,1.0,0,1.0,3,2,3,  ,3,3.0,0,0,1,0,0,0,0,0,0,0,0,0,0,0,0,0,0
24417,2019093008,1608.0,1605.0,39,39301,40.6108,-75.4747,0,0,0,0,0,1,4,8,2019,2,16.0,1.0,0,1.0,3,1,3,  ,0,0.0,0,0,1,0,0,0,0,0,0,0,0,0,0,0,0,0,0
24418,2019093064,743.0,740.0,67,67301,39.9559,-75.2441,0,0,0,0,0,0,4,9,2019,1,7.0,3.0,0,1.0,3,0,3,  ,0,0.0,0,0,1,0,0,0,0,0,0,0,0,0,0,0,0,0,0
24419,2019093078,2218.0,2214.0,67,67301,39.9525,-75.2093,0,0,0,0,0,0,4,9,2019,2,19.0,4.0,0,1.0,3,1,3,  ,2,3.0,0,0,1,0,0,0,0,0,0,0,0,0,0,0,0,1,0
24420,2019093183,1311.0,1308.0,15,15247,39.9695,-75.5634,0,0,0,0,0,1,8,9,2019,1,13.0,1.0,0,1.0,3,1,3,  ,2,3.0,1,0,0,0,0,0,0,0,0,0,0,1,0,0,0,0,0
24421,2019093273,1645.0,1643.0,28,28401,39.9336,-77.6568,0,0,0,0,0,0,4,9,2019,5,16.0,1.0,0,1.0,1,0,3,  ,0,0.0,0,0,1,0,0,0,0,0,0,0,0,0,0,0,0,0,0
24422,2019093338,1339.0,1328.0,53,53427,40.8194,-76.2082,0,0,0,0,1,0,4,8,2019,6,13.0,1.0,0,1.0,1,1,3,  ,2,3.0,0,0,1,0,0,0,0,0,0,0,0,0,0,0,0,0,0
24423,2019093450,1855.0,1855.0,67,67301,39.9929,-75.1188,0,0,0,0,0,0,4,9,2019,3,18.0,1.0,0,1.0,3,0,3,  ,0,0.0,0,0,1,0,0,0,0,0,0,0,0,0,0,0,0,0,0
24424,2019093470,1935.0,1935.0,67,67301,40.0444,-75.1435,0,0,0,0,0,1,4,9,2019,3,19.0,3.0,0,1.0,3,1,3,  ,2,3.0,0,0,1,0,0,0,0,0,0,0,0,0,0,0,0,0,0
24425,2019093553,915.0,836.0,25,25302,42.0988,-80.0814,0,0,0,0,0,1,8,9,2019,2,8.0,1.0,0,1.0,3,2,3,  ,3,3.0,0,0,0,0,0,0,0,0,0,0,0,0,0,0,0,1,0
24426,2019093719,1603.0,1601.0,67,67301,39.9222,-75.153,0,0,0,0,0,0,1,9,2019,3,15.0,1.0,0,1.0,3,2,3,  ,0,0.0,0,0,0,0,0,1,0,0,0,0,0,0,0,0,0,0,0
24427,2019093799,940.0,935.0,67,67301,39.9491,-75.2131,0,0,0,0,0,0,4,9,2019,4,9.0,1.0,7,1.0,3,0,3,  ,0,0.0,1,0,1,0,0,0,0,0,0,0,0,0,0,0,0,0,0
24428,2019093968,1605.0,1555.0,67,67301,39.914,-75.1499,0,0,0,0,0,0,4,9,2019,7,15.0,1.0,0,1.0,3,1,3,  ,2,3.0,0,0,1,0,0,0,0,0,0,0,0,0,0,0,0,0,0
24429,2019094067,1900.0,1856.0,67,67301,39.9227,-75.2384,0,0,0,0,0,1,4,9,2019,3,18.0,4.0,0,1.0,3,1,3,  ,2,3.0,0,0,1,0,0,0,0,0,0,0,0,0,0,0,0,0,0
24430,2019094173,616.0,615.0,29,29201,39.9217,-77.992,0,0,0,0,0,1,4,9,2019,4,6.0,2.0,0,1.0,1,0,3,  ,0,0.0,1,0,1,0,0,0,0,0,0,0,0,0,0,0,0,0,0
24431,2019094243,1246.0,1240.0,67,67301,39.9293,-75.1686,0,0,0,0,0,0,4,8,2019,7,12.0,1.0,0,1.0,3,1,3,  ,2,3.0,0,0,1,0,0,0,0,0,0,0,0,0,0,0,0,0,0
24432,2019094276,1638.0,1637.0,2,2433,40.3277,-79.8914,0,0,0,0,0,0,4,9,2019,5,16.0,1.0,0,1.0,3,1,3,  ,3,3.0,0,0,1,0,0,0,0,0,0,0,0,0,0,0,0,0,0
24433,2019094280,1612.0,1610.0,43,43410,41.2589,-80.4674,0,0,0,0,0,0,5,9,2019,4,16.0,1.0,0,1.0,3,0,3,  ,0,0.0,0,0,0,0,0,1,0,0,0,0,0,0,0,0,0,0,0
24434,2019094284,1710.0,1707.0,2,2301,40.4405,-79.9897,0,0,0,0,0,0,1,9,2019,5,16.0,1.0,0,1.0,3,2,3,  ,2,3.0,0,0,0,0,0,0,0,0,0,0,0,0,0,0,0,0,0
24435,2019094307,1120.0,1114.0,39,39209,40.5308,-75.6303,0,0,0,0,0,0,4,9,2019,1,11.0,1.0,0,1.0,1,1,3,  ,3,3.0,0,0,1,0,0,0,0,0,0,0,0,0,0,0,0,0,0
24436,2019094407,1915.0,1914.0,67,67301,40.0429,-75.1198,0,0,0,0,0,0,4,9,2019,5,19.0,1.0,0,1.0,3,1,3,  ,8,3.0,0,0,1,0,0,0,0,0,0,0,0,0,0,0,0,0,0
24437,2019094439,23.0,21.0,67,67301,39.9808,-75.1283,0,1,0,0,0,0,1,9,2019,6,0.0,3.0,0,1.0,3,0,3,  ,0,0.0,1,0,0,0,0,0,0,0,0,0,0,0,0,0,1,0,0
24438,2019094456,1356.0,1354.0,9,9225,40.1705,-75.0468,0,0,0,0,0,1,2,9,2019,5,13.0,1.0,7,1.0,3,0,3,  ,3,3.0,1,0,0,0,0,0,0,0,0,0,0,0,0,0,0,0,0
24439,2019094491,724.0,721.0,67,67301,39.9542,-75.1907,0,0,0,0,0,1,4,9,2019,6,7.0,1.0,7,1.0,3,0,3,  ,0,0.0,1,0,1,0,0,0,0,0,0,0,0,0,0,0,0,0,0
24440,2019094545,1310.0,1307.0,35,35302,41.3936,-75.6743,0,0,0,0,1,0,5,9,2019,6,13.0,1.0,0,1.0,3,1,3,  ,2,3.0,0,0,0,0,0,0,0,0,0,0,0,0,0,0,0,0,1
24441,2019094554,2107.0,2056.0,61,61203,41.9342,-79.6,0,1,0,1,0,0,8,8,2019,2,20.0,2.0,0,1.0,1,0,3,  ,0,0.0,0,0,0,0,1,0,0,0,0,0,0,0,0,0,0,0,0
24442,2019094631,1038.0,1031.0,21,21103,40.2258,-76.9411,0,0,0,0,0,0,4,9,2019,3,10.0,1.0,7,1.0,3,0,3,  ,0,0.0,1,0,1,0,0,0,0,0,0,0,0,0,0,0,0,0,0
24443,2019094764,22.0,17.0,67,67301,39.9358,-75.1563,0,0,0,0,0,1,2,9,2019,7,0.0,3.0,0,1.0,3,1,3,  ,2,3.0,0,0,0,0,0,0,0,0,0,0,0,0,0,0,0,0,0
24444,2019094799,1453.0,1453.0,21,21102,40.2327,-76.9084,0,0,0,0,0,0,4,9,2019,6,14.0,1.0,0,1.0,3,2,3,  ,0,0.0,0,0,1,0,0,0,0,0,0,0,0,0,0,0,0,0,0
24445,2019094835,1555.0,1552.0,21,21402,40.2019,-77.1938,0,0,0,0,0,0,4,9,2019,6,15.0,1.0,0,1.0,2,1,3,  ,2,3.0,1,0,1,0,0,0,0,0,0,0,0,0,0,0,0,0,0
24446,2019094836,1035.0,1030.0,38,38301,40.3355,-76.4306,0,0,0,0,0,0,4,9,2019,7,10.0,1.0,0,1.0,2,0,3,  ,0,0.0,0,0,1,0,0,0,0,0,0,0,0,0,0,0,0,0,0
24447,2019094841,1926.0,1924.0,66,66413,39.7983,-76.9809,0,0,0,0,0,0,4,8,2019,6,19.0,1.0,0,1.0,2,1,3,  ,0,0.0,0,0,1,0,0,0,0,0,0,0,0,0,0,0,0,1,0
24448,2019094846,1203.0,1200.0,9,9421,40.1443,-74.8204,0,0,0,0,0,0,8,9,2019,7,12.0,1.0,0,1.0,3,1,3,  ,2,3.0,1,0,0,0,0,0,0,0,0,0,0,1,0,0,0,0,0
24449,2019094847,1225.0,1220.0,36,36301,40.0369,-76.3083,0,0,0,0,0,0,4,9,2019,7,12.0,1.0,0,1.0,3,1,3,  ,3,3.0,0,0,1,0,0,0,0,0,0,0,0,0,0,0,0,0,0
24450,2019094862,1050.0,1045.0,36,36213,40.1111,-75.9982,0,0,0,0,0,1,5,9,2019,1,10.0,1.0,0,1.0,1,0,3,  ,0,0.0,0,0,0,0,0,1,0,0,0,0,0,0,0,0,0,0,0
24451,2019094911,1634.0,1621.0,28,28401,39.9379,-77.6639,0,0,0,0,0,1,4,9,2019,4,16.0,1.0,0,1.0,1,2,3,  ,3,3.0,1,0,1,0,0,0,0,0,0,0,0,0,1,0,0,1,0
24452,2019095084,1605.0,1600.0,67,67301,40.039,-75.0563,0,0,0,0,0,1,4,9,2019,3,15.0,1.0,7,1.0,3,2,3,  ,2,3.0,0,0,1,0,0,0,0,0,0,0,0,0,0,0,0,0,0
24453,2019095128,1653.0,1650.0,66,66413,39.7994,-76.988,0,0,0,0,1,0,4,7,2019,1,16.0,1.0,0,1.0,2,2,3,  ,0,0.0,0,0,1,0,0,0,0,0,0,0,0,0,0,0,0,0,0
24454,2019095139,843.0,843.0,67,67301,39.9634,-75.1686,0,0,0,0,0,0,1,9,2019,6,8.0,1.0,0,1.0,3,0,3,  ,0,0.0,0,0,0,0,0,0,0,0,0,0,0,0,0,0,0,0,0
24455,2019095340,1735.0,1735.0,67,67301,39.9703,-75.1462,0,0,0,0,0,0,5,9,2019,1,16.0,1.0,0,1.0,3,0,3,  ,2,3.0,0,0,0,0,0,0,0,0,0,0,0,0,0,0,0,0,0
24456,2019095428,1304.0,1258.0,1,1407,39.8352,-77.2289,0,0,0,0,0,0,5,9,2019,6,12.0,1.0,0,1.0,2,1,3,  ,0,0.0,0,0,0,0,0,0,0,0,0,0,0,0,0,0,0,1,0
24457,2019095593,1312.0,1308.0,22,22208,40.2852,-76.803,0,1,0,0,1,0,4,9,2019,4,13.0,1.0,0,1.0,3,2,3,  ,3,3.0,1,0,1,0,0,0,0,0,0,0,0,0,0,0,0,0,0
24458,2019095604,1029.0,1025.0,36,36215,40.0626,-76.2439,0,0,0,0,0,1,4,9,2019,7,10.0,1.0,7,1.0,1,2,3,  ,3,3.0,1,0,1,0,0,0,0,0,0,0,0,0,0,0,0,1,0
24459,2019095620,1840.0,1839.0,23,23412,39.9372,-75.277,0,0,0,0,0,0,4,9,2019,5,18.0,1.0,0,2.0,3,2,3,  ,3,3.0,0,0,1,0,0,0,0,0,0,0,0,0,0,0,0,0,0
24460,2019095628,1953.0,1950.0,25,25302,42.1185,-80.0615,0,0,0,0,0,0,8,9,2019,1,19.0,3.0,0,1.0,3,1,3,  ,3,3.0,0,1,0,0,0,0,1,0,0,1,0,0,0,0,0,0,0
24461,2019095636,1625.0,1623.0,25,25302,42.1079,-80.0737,0,0,0,0,0,0,4,9,2019,2,16.0,1.0,0,1.0,3,1,3,  ,2,3.0,0,0,1,0,0,0,0,0,0,0,0,0,0,0,0,0,0
24462,2019095726,1515.0,1510.0,38,38301,40.332,-76.4265,0,0,0,0,0,0,4,9,2019,2,15.0,1.0,0,9.0,2,2,7,  ,3,3.0,0,0,1,0,0,0,0,0,0,0,0,0,0,0,0,1,0
24463,2019095802,1036.0,1033.0,22,22414,40.238,-76.8384,0,0,0,0,0,1,4,9,2019,2,10.0,1.0,0,1.0,3,1,3,  ,3,3.0,0,0,1,0,0,0,0,0,0,0,0,0,0,0,0,1,0
24464,2019096147,1650.0,1642.0,67,67301,39.9502,-75.1916,0,0,0,0,0,0,8,9,2019,3,16.0,1.0,0,1.0,3,0,3,  ,2,3.0,0,0,0,0,0,0,0,0,0,0,0,0,0,0,0,1,0
24465,2019096151,2034.0,2016.0,25,25302,42.1186,-80.0944,0,0,0,0,0,0,8,9,2019,3,20.0,6.0,0,1.0,3,1,3,  ,2,3.0,1,0,0,0,0,0,0,0,0,0,0,0,0,0,0,0,0
24466,2019096261,1.0,2357.0,67,67301,39.975,-75.1867,0,0,0,0,0,0,4,9,2019,1,23.0,3.0,0,1.0,3,2,3,  ,0,0.0,0,0,1,0,0,0,0,0,0,0,0,0,0,0,0,1,0
24467,2019096291,1425.0,1400.0,2,2301,40.385,-79.9949,0,1,0,0,1,0,4,9,2019,6,13.0,1.0,0,1.0,3,1,3,  ,2,3.0,0,0,1,0,0,0,0,0,0,0,0,0,0,0,0,0,0
24468,2019096323,640.0,635.0,67,67301,40.02,-75.0505,1,0,0,0,0,0,4,9,2019,4,6.0,1.0,0,1.0,3,1,3,  ,0,0.0,0,0,1,0,0,0,0,0,0,0,0,0,0,0,0,0,1
24469,2019096405,1613.0,1608.0,67,67301,39.9714,-75.1594,0,0,0,0,0,0,4,8,2019,7,16.0,1.0,0,1.0,3,1,3,  ,2,3.0,0,0,1,0,0,0,0,0,0,0,0,0,0,0,0,0,0
24470,2019096419,1720.0,1718.0,67,67301,39.9947,-75.1604,0,0,0,0,0,0,5,9,2019,4,17.0,1.0,0,1.0,3,0,3,  ,0,0.0,1,0,0,0,0,0,0,0,0,0,0,0,0,0,0,0,0
24471,2019096860,1630.0,1530.0,25,25302,42.1361,-80.0239,0,0,0,0,0,1,4,9,2019,5,15.0,1.0,0,1.0,3,0,3,  ,0,0.0,0,0,1,0,0,0,0,0,0,0,0,0,0,0,0,0,0
24472,2019096864,1610.0,1600.0,25,25302,42.1274,-80.0733,0,0,0,0,0,1,4,9,2019,5,16.0,1.0,7,1.0,3,0,3,  ,0,0.0,0,0,1,0,0,0,0,0,0,0,0,0,0,0,0,1,0
24473,2019097080,740.0,735.0,38,38301,40.3456,-76.4224,0,0,0,0,0,0,4,9,2019,6,7.0,1.0,7,1.0,2,0,3,  ,0,0.0,0,0,1,0,0,0,0,0,0,0,0,0,0,0,0,0,0
24474,2019097117,1817.0,1814.0,40,40301,40.9641,-75.9807,0,1,0,0,0,1,7,9,2019,2,18.0,1.0,0,1.0,2,1,3,  ,3,3.0,0,0,0,0,0,0,0,0,0,0,0,0,0,0,0,1,0
24475,2019097375,810.0,804.0,14,14206,,,0,0,0,0,0,0,4,9,2019,7,7.0,1.0,7,1.0,1,0,3,  ,0,0.0,0,0,1,0,0,1,0,0,0,0,0,0,0,0,0,0,0
24476,2019097377,1626.0,1624.0,9,9226,40.2099,-75.1144,0,0,0,0,0,1,4,9,2019,6,16.0,1.0,0,1.0,3,1,3,  ,3,3.0,0,0,1,0,0,0,0,0,0,0,0,0,0,0,0,1,0
24477,2019097509,1945.0,1935.0,6,6237,40.3394,-76.0029,0,0,0,0,0,1,8,9,2019,3,19.0,3.0,0,1.0,3,1,3,  ,2,3.0,0,0,0,0,0,0,0,0,0,0,0,0,0,0,0,0,0
24478,2019097540,1029.0,1024.0,48,48301,40.6026,-75.3408,0,0,0,0,0,0,4,9,2019,2,10.0,1.0,7,1.0,3,0,3,  ,0,0.0,0,0,1,0,0,0,0,0,0,0,0,0,0,0,0,0,0
24479,2019097733,1348.0,1348.0,36,36238,40.1277,-76.1649,0,0,0,0,0,0,4,9,2019,2,13.0,1.0,0,1.0,3,1,3,  ,3,3.0,1,0,1,0,0,0,0,0,0,0,1,0,0,0,0,0,0
24480,2019097807,1945.0,1943.0,25,25302,42.1119,-80.0735,0,0,0,0,0,1,4,9,2019,1,19.0,3.0,0,1.0,3,1,3,  ,2,3.0,0,0,1,0,0,0,0,0,0,0,0,0,0,0,0,0,0
24481,2019097826,1736.0,1733.0,2,2490,40.3709,-80.2247,0,0,0,0,0,0,4,9,2019,7,17.0,1.0,0,1.0,3,0,3,  ,0,0.0,0,0,1,0,0,1,0,0,0,0,0,0,0,0,0,0,0
24482,2019097855,1759.0,1754.0,48,48302,40.7007,-75.2124,0,0,0,0,0,0,4,9,2019,7,17.0,1.0,0,1.0,3,0,3,  ,0,0.0,0,0,1,0,0,0,0,0,0,0,0,0,0,0,0,0,0
24483,2019097941,1250.0,1246.0,35,35302,41.4443,-75.6445,0,0,0,0,1,0,4,9,2019,2,12.0,1.0,0,9.0,3,2,7,  ,0,0.0,0,0,1,0,0,0,0,0,0,0,0,0,0,0,0,1,0
24484,2019097984,1853.0,1851.0,40,40303,41.3282,-75.7805,0,0,0,0,0,0,4,9,2019,2,18.0,1.0,0,1.0,3,1,3,  ,3,3.0,0,0,1,0,0,0,0,0,0,0,0,0,0,0,0,0,0
24485,2019097994,1050.0,1044.0,67,67301,39.9204,-75.1486,0,0,0,0,0,1,4,9,2019,4,10.0,1.0,0,1.0,3,1,3,  ,3,9.0,1,0,1,0,0,0,0,0,0,0,0,0,0,0,0,0,1
24486,2019098091,1737.0,1720.0,48,48301,40.6206,-75.369,0,0,0,0,0,0,4,9,2019,6,15.0,1.0,0,1.0,3,1,3,  ,3,9.0,0,0,1,0,0,0,0,0,0,0,0,0,0,0,0,0,0
24487,2019098092,1840.0,1834.0,48,48301,40.6094,-75.385,0,0,0,0,0,1,4,9,2019,6,18.0,1.0,0,1.0,3,0,3,  ,0,0.0,0,0,1,0,0,0,0,0,0,0,0,0,0,0,0,0,0
24488,2019098270,850.0,845.0,67,67301,39.9387,-75.1612,0,0,0,0,0,1,4,9,2019,4,8.0,1.0,0,1.0,3,0,3,  ,2,3.0,0,0,1,0,0,0,0,0,0,0,0,0,0,0,0,0,0
24489,2019098285,838.0,831.0,25,25302,42.1228,-80.0835,0,0,0,0,0,1,4,10,2019,3,8.0,1.0,7,1.0,3,0,3,  ,0,0.0,1,0,1,0,0,0,0,0,0,0,0,0,0,0,0,0,0