,CRN,ARRIVAL_TM,DISPATCH_TM,COUNTY,MUNICIPALITY,DEC_LAT,DEC_LONG,BICYCLE_DEATH_COUNT,BICYCLE_SUSP_SERIOUS_INJ_COUNT,BUS_COUNT,HEAVY_TRUCK_COUNT,SMALL_TRUCK_COUNT,SUV_COUNT,COLLISION_TYPE,CRASH_MONTH,CRASH_YEAR,DAY_OF_WEEK,HOUR_OF_DAY,ILLUMINATION,LOCATION_TYPE,ROAD_CONDITION,URBAN_RURAL,INTERSECT_TYPE,WEATHER1,WEATHER2,TCD_TYPE,TCD_FUNC_CD,AGGRESSIVE_DRIVING,ALCOHOL_RELATED,ANGLE_CRASH,CELL_PHONE,COMM_VEHICLE,DISTRACTED,DRINKING_DRIVER,DRUGGED_DRIVER,FATIGUE_ASLEEP,IMPAIRED_DRIVER,NHTSA_AGG_DRIVING,RUNNING_RED_LT,RUNNING_STOP_SIGN,SPEEDING_RELATED,TAILGATING,MATURE_DRIVER,YOUNG_DRIVER
24490,2019098311,954.0,950.0,9,9101,40.1334,-74.8379,0,0,0,0,1,0,4,10,2019,3,9.0,1.0,0,1.0,3,2,3,  ,3,3.0,0,0,1,0,0,0,0,0,0,0,0,0,0,0,0,0,0
24491,2019098474,1355.0,1346.0,67,67301,39.9478,-75.2295,0,0,0,1,0,0,4,9,2019,4,13.0,1.0,0,1.0,3,1,3,  ,2,3.0,0,0,1,0,1,0,0,0,0,0,0,0,0,0,0,0,0
24492,2019098441,2130.0,2127.0,10,10101,40.8698,-79.9286,0,1,0,0,0,0,4,9,2019,3,21.0,3.0,7,1.0,2,0,3,  ,0,0.0,1,0,1,0,0,0,0,0,0,0,0,0,0,0,0,1,0
24493,2019098481,1131.0,1124.0,67,67301,39.9743,-75.1677,0,0,0,0,0,0,5,8,2019,5,11.0,1.0,0,1.0,3,3,3,  ,0,0.0,0,0,0,0,0,0,0,0,0,0,0,0,0,0,0,0,0
24494,2019098483,900.0,900.0,67,67301,39.954,-75.1598,0,0,0,0,0,1,5,8,2019,3,9.0,1.0,0,1.0,3,0,3,  ,0,0.0,0,0,0,0,0,0,0,0,0,0,0,0,0,0,0,0,0
24495,2019098485,1900.0,1900.0,67,67301,39.9263,-75.1747,0,0,0,0,0,1,5,9,2019,4,11.0,1.0,0,1.0,3,0,3,  ,0,0.0,0,0,0,0,0,0,0,0,0,0,0,0,0,0,0,0,0
24496,2019098754,1625.0,1620.0,67,67301,39.9408,-75.1727,0,0,0,0,0,0,4,9,2019,2,16.0,1.0,0,1.0,3,1,3,  ,2,3.0,0,0,1,0,0,0,0,0,0,0,0,0,0,0,0,0,0
24497,2019098851,1115.0,1111.0,25,25302,42.1253,-80.0931,0,0,0,0,0,1,4,10,2019,4,11.0,1.0,0,1.0,3,1,3,  ,3,3.0,0,0,1,0,0,0,0,0,0,0,0,0,0,0,0,0,0
24498,2019099117,2011.0,2008.0,46,46204,40.1795,-75.13,0,1,0,0,0,0,4,10,2019,4,20.0,3.0,0,1.0,3,2,3,  ,0,0.0,0,0,1,0,0,0,0,0,0,0,0,0,0,0,0,0,0
24499,2019099123,1923.0,1915.0,2,2301,40.4631,-79.9241,0,0,0,0,0,0,1,10,2019,4,19.0,3.0,0,1.0,3,1,3,  ,0,0.0,0,0,0,0,0,0,0,0,0,0,0,0,0,0,0,0,0
24500,2019099168,2135.0,2113.0,36,36301,40.0345,-76.3079,0,1,0,0,0,0,4,10,2019,4,21.0,3.0,0,1.0,3,1,3,  ,3,3.0,0,0,1,0,0,0,0,0,0,0,0,0,0,0,0,0,0
24501,2019099259,1800.0,1750.0,67,67301,39.9171,-75.173,0,0,0,0,0,1,4,9,2019,2,17.0,4.0,0,1.0,3,1,3,  ,3,3.0,0,0,1,0,0,0,0,0,0,0,0,0,0,0,0,0,0
24502,2019099425,1819.0,1738.0,11,11222,40.2867,-78.8592,0,0,0,0,0,1,4,10,2019,4,17.0,1.0,0,1.0,3,1,3,  ,3,3.0,0,0,1,0,0,0,0,0,0,0,0,0,0,0,0,0,0
24503,2019099586,1100.0,1058.0,67,67301,39.9186,-75.1848,0,0,0,0,0,0,1,9,2019,2,16.0,1.0,7,1.0,3,0,3,  ,0,0.0,0,0,0,0,0,0,0,0,0,0,0,0,0,0,0,0,0
24504,2019099767,920.0,914.0,45,45404,40.9846,-75.1945,0,0,0,0,0,0,2,9,2019,5,9.0,1.0,0,1.0,2,0,3,  ,0,0.0,0,0,0,0,0,0,0,0,0,0,0,0,0,0,0,0,0
24505,2019099870,1544.0,1537.0,41,41219,41.2507,-76.9727,0,0,0,0,0,0,4,9,2019,6,15.0,1.0,0,1.0,1,1,3,  ,2,3.0,0,0,1,0,0,0,0,0,0,0,0,0,0,0,0,0,0
24506,2019099890,1938.0,1937.0,2,2301,40.4446,-79.943,0,0,0,0,0,0,2,10,2019,6,19.0,3.0,0,1.0,3,2,3,  ,2,3.0,0,0,0,0,0,0,0,0,0,0,0,0,0,0,0,0,0
24507,2019099915,1730.0,1727.0,67,67301,39.902,-75.2468,0,0,0,0,0,1,4,10,2019,6,17.0,1.0,0,1.0,3,0,3,  ,0,0.0,0,0,1,0,0,0,0,0,0,0,0,0,0,0,0,1,0
24508,2019100046,1532.0,1527.0,25,25214,42.176,-79.8672,0,1,0,0,0,0,4,10,2019,4,15.0,1.0,0,1.0,1,1,5,  ,3,3.0,0,0,1,0,0,0,0,0,0,0,0,0,0,0,0,0,0
24509,2019100173,1610.0,1552.0,67,67301,39.9595,-75.162,0,0,0,0,0,0,4,10,2019,7,13.0,1.0,0,1.0,3,1,3,  ,2,3.0,0,0,1,0,0,0,0,0,0,0,0,0,0,0,0,0,0
24510,2019100212,1949.0,1949.0,67,67301,39.9723,-75.226,0,0,0,0,0,0,4,10,2019,3,19.0,3.0,0,1.0,3,2,3,  ,0,0.0,0,0,1,0,0,0,0,0,0,0,0,0,0,0,0,0,0
24511,2019100409,2005.0,1959.0,67,67301,40.0403,-75.0585,0,0,0,0,0,1,4,10,2019,7,19.0,3.0,0,1.0,3,1,3,  ,2,3.0,0,0,1,0,0,0,0,0,0,0,0,0,0,0,0,0,0
24512,2019100543,1458.0,1456.0,14,14410,40.8051,-77.8607,0,0,0,0,0,1,4,10,2019,1,14.0,1.0,0,9.0,3,0,7,  ,0,0.0,0,0,1,0,0,0,0,0,0,0,0,0,0,0,0,0,0
24513,2019100684,2013.0,2013.0,67,67301,39.925,-75.1747,0,0,0,0,0,0,4,10,2019,6,6.0,1.0,0,9.0,3,1,7,  ,2,3.0,0,0,1,0,0,0,0,0,0,0,0,0,0,0,0,0,0
24514,2019100769,1038.0,1038.0,67,67301,39.9631,-75.1672,0,0,0,0,0,1,4,10,2019,2,10.0,1.0,0,1.0,3,0,3,  ,9,9.0,0,0,1,0,0,0,0,0,0,0,0,0,0,0,0,0,0
24515,2019100802,1605.0,1605.0,25,25302,42.1305,-80.0859,0,0,0,0,0,0,4,10,2019,2,16.0,1.0,0,1.0,3,1,3,  ,2,3.0,1,0,1,0,0,0,0,0,0,0,0,0,0,0,0,0,0
24516,2019100804,1603.0,1559.0,7,7301,40.5471,-78.3769,0,0,0,0,0,0,4,10,2019,6,15.0,1.0,0,1.0,3,2,3,  ,3,3.0,0,0,1,0,0,0,0,0,0,0,0,0,0,0,0,0,0
24517,2019100810,1627.0,1624.0,9,9401,40.0994,-74.8618,0,1,0,0,0,0,4,10,2019,2,16.0,1.0,0,1.0,3,1,3,  ,2,3.0,0,0,1,0,0,0,0,0,0,0,0,0,0,0,0,0,0
24518,2019100833,1842.0,1838.0,39,39209,40.5422,-75.6165,0,1,0,0,0,0,1,9,2019,2,18.0,1.0,0,1.0,1,0,3,  ,0,0.0,1,0,0,0,0,0,0,0,0,0,0,0,0,0,0,1,0
24519,2019100848,1039.0,1032.0,39,39301,40.5997,-75.4925,0,0,0,0,0,0,4,10,2019,7,10.0,1.0,0,1.0,3,1,3,  ,3,3.0,0,0,1,0,0,0,0,0,0,0,0,0,0,0,0,0,0
24520,2019101092,709.0,705.0,36,36408,40.1967,-76.2005,0,0,0,0,0,0,4,9,2019,4,7.0,1.0,0,1.0,2,1,3,  ,0,0.0,0,0,1,0,0,0,0,0,0,0,0,0,0,0,0,0,0
24521,2019101219,1443.0,1440.0,46,46416,40.2537,-75.6429,0,0,0,0,0,0,4,10,2019,5,14.0,1.0,0,9.0,2,1,7,  ,0,0.0,0,0,1,0,0,1,0,0,0,0,0,0,0,0,0,0,1
24522,2019101273,1545.0,1533.0,2,2301,40.4396,-80.0051,0,0,0,0,0,0,4,10,2019,2,15.0,1.0,0,1.0,3,0,3,  ,0,0.0,0,0,1,0,0,0,0,0,0,0,0,0,0,0,0,0,0
24523,2019101284,1504.0,1500.0,67,67301,39.9521,-75.1612,0,0,0,0,0,0,5,10,2019,2,14.0,1.0,0,1.0,3,0,3,  ,0,0.0,1,0,0,0,0,0,0,0,0,0,0,0,0,0,0,0,0
24524,2019101298,501.0,458.0,67,67301,39.9738,-75.13,0,0,0,0,1,0,4,10,2019,6,4.0,3.0,0,9.0,3,1,7,  ,3,3.0,0,0,1,0,0,0,0,0,0,0,0,0,0,0,0,0,0
24525,2019101364,2036.0,2031.0,67,67301,40.0753,-75.0735,0,1,0,0,0,0,4,10,2019,6,20.0,3.0,0,1.0,3,1,3,  ,2,3.0,0,0,1,0,0,0,0,0,0,0,0,0,0,0,0,0,0
24526,2019101633,1708.0,1706.0,45,45101,41.0427,-75.3077,0,0,0,0,0,1,4,9,2019,3,17.0,1.0,0,1.0,1,0,03,  ,0,0.0,0,0,1,0,0,0,0,0,0,0,0,0,0,0,0,0,0
24527,2019101743,1654.0,1654.0,14,14410,40.8005,-77.8496,0,0,0,0,0,1,4,10,2019,4,16.0,1.0,0,1.0,3,3,03,  ,3,3.0,0,0,1,0,0,0,0,0,0,0,0,0,0,0,0,0,0
24528,2019101815,1900.0,1855.0,67,67301,40.0025,-75.135,0,0,0,0,0,0,4,10,2019,2,17.0,1.0,0,1.0,3,0,03,  ,0,0.0,0,0,1,0,0,0,0,0,0,0,0,0,0,0,0,0,0
24529,2019101847,1241.0,1228.0,28,28205,39.9371,-77.6772,0,1,0,0,1,0,4,9,2019,1,12.0,1.0,0,1.0,2,0,03,  ,0,0.0,1,0,1,0,0,0,0,0,0,0,0,0,0,0,0,0,0
24530,2019101914,1544.0,1541.0,41,41301,41.2459,-77.007,0,0,0,0,0,0,4,10,2019,4,15.0,1.0,0,1.0,3,2,03,  ,3,3.0,0,0,1,0,0,0,0,0,0,0,0,0,0,0,0,0,0
24531,2019101931,2018.0,2014.0,9,9226,,,0,1,0,0,0,0,4,10,2019,4,20.0,2.0,0,9.0,3,2,07,  ,0,0.0,1,1,1,0,0,0,0,0,0,0,0,0,0,0,0,0,0
24532,2019101935,1800.0,1800.0,67,67301,40.0085,-75.0838,0,0,0,0,1,0,4,10,2019,2,7.0,5.0,0,1.0,3,1,99,  ,9,9.0,0,0,1,0,0,0,0,0,0,0,0,0,0,0,0,0,0
24533,2019102030,1801.0,1750.0,11,11301,40.3212,-78.9186,0,0,0,0,0,0,4,9,2019,5,15.0,1.0,0,1.0,3,1,03,  ,2,3.0,0,0,1,0,0,0,0,0,0,0,0,0,0,0,0,0,0
24534,2019102121,1516.0,1513.0,23,23111,39.9507,-75.2598,0,0,0,0,0,0,4,10,2019,5,15.0,1.0,0,1.0,3,1,03,  ,3,3.0,0,0,1,0,0,0,0,0,0,0,0,0,0,0,0,0,0
24535,2019102144,2048.0,2038.0,67,67301,39.9741,-75.2043,0,0,0,0,0,0,4,10,2019,2,19.0,3.0,0,9.0,3,1,07,  ,2,3.0,0,0,1,1,0,1,0,0,0,0,0,0,0,0,0,0,0
24536,2019102355,759.0,755.0,9,9202,40.0744,-74.9604,0,0,0,0,0,0,4,10,2019,6,7.0,1.0,0,1.0,3,0,03,  ,3,2.0,1,0,1,0,0,0,0,0,0,0,0,0,0,0,0,0,0
24537,2019102362,1215.0,1206.0,67,67301,39.9216,-75.1871,0,0,0,0,0,0,5,10,2019,5,12.0,1.0,0,1.0,3,0,03,  ,2,3.0,1,0,0,0,0,0,0,0,0,0,0,0,0,0,0,0,0
24538,2019102438,1729.0,1728.0,14,14206,40.8034,-77.8968,0,0,0,0,0,0,4,10,2019,3,17.0,1.0,7,1.0,1,0,03,  ,0,0.0,0,0,1,0,0,0,0,0,0,0,0,0,0,0,0,0,0
24539,2019102446,2042.0,2037.0,67,67301,40.021,-75.0542,0,0,0,0,0,0,4,10,2019,5,19.0,6.0,0,1.0,3,1,03,  ,9,9.0,0,0,1,0,0,0,0,0,0,0,0,0,0,0,0,0,0
24540,2019102485,1758.0,1758.0,35,35302,41.4083,-75.661,0,0,0,0,0,1,4,10,2019,6,17.0,1.0,0,1.0,3,1,03,  ,2,3.0,0,1,1,0,0,0,0,0,0,0,0,0,0,0,0,0,0
24541,2019102568,1744.0,1742.0,21,21401,40.2377,-76.9086,0,1,0,0,0,0,4,10,2019,6,17.0,1.0,0,1.0,3,2,03,  ,0,0.0,0,0,1,0,0,0,0,0,0,0,0,0,0,0,0,1,0
24542,2019102572,1617.0,1615.0,36,36218,40.1647,-76.2006,0,0,0,0,0,1,4,10,2019,5,16.0,1.0,7,1.0,1,0,03,  ,0,0.0,0,0,1,0,0,0,0,0,0,0,0,0,0,0,0,0,0
24543,2019102742,2050.0,2044.0,67,67301,39.9898,-75.1255,0,0,0,0,0,0,4,10,2019,6,16.0,3.0,1,1.0,3,1,03,  ,9,9.0,0,0,1,0,0,0,0,0,0,0,0,0,0,0,0,0,0
24544,2019102804,1713.0,1713.0,39,39302,40.6169,-75.3833,0,0,0,0,0,0,4,10,2019,6,17.0,1.0,0,1.0,3,1,03,  ,3,3.0,1,0,1,0,0,0,0,0,0,0,0,0,0,0,0,0,0
24545,2019103000,1211.0,1211.0,53,53301,40.6871,-76.1987,0,0,0,0,0,0,4,10,2019,7,12.0,1.0,0,1.0,2,1,03,  ,3,3.0,1,0,1,0,0,0,0,0,0,0,0,0,0,0,0,0,0
24546,2019103066,1706.0,1704.0,49,49411,41.0809,-76.8579,0,0,0,0,0,1,4,10,2019,7,17.0,1.0,0,1.0,1,1,03,  ,3,3.0,0,0,1,0,0,0,0,0,0,0,0,0,0,0,0,0,0
24547,2019103136,1620.0,1608.0,6,6229,40.4291,-76.0969,1,0,0,0,0,0,4,9,2019,6,16.0,1.0,0,1.0,1,2,03,  ,3,3.0,0,0,1,0,0,0,0,0,0,0,0,0,0,0,0,0,1
24548,2019103175,1633.0,1630.0,40,40432,41.3163,-75.8311,0,1,0,0,0,0,5,10,2019,1,16.0,1.0,0,1.0,3,0,03,  ,0,0.0,1,0,0,0,0,0,0,0,0,0,0,0,0,0,0,0,0
24549,2019103265,1406.0,1403.0,25,25302,42.1144,-80.1195,0,0,0,0,0,0,4,10,2019,6,14.0,1.0,0,1.0,3,2,03,  ,3,3.0,1,0,1,0,0,0,0,0,0,0,0,0,0,0,0,1,0
24550,2019103563,1900.0,1858.0,67,67301,39.9506,-75.1936,0,0,0,0,0,0,5,10,2019,2,18.0,2.0,0,1.0,3,0,03,  ,0,0.0,0,0,0,0,0,0,0,0,0,0,0,0,0,0,0,0,0
24551,2019103733,1334.0,1333.0,39,39102,40.642,-75.5035,0,0,0,0,0,0,2,10,2019,2,13.0,1.0,0,1.0,3,0,03,  ,0,0.0,0,0,0,0,0,0,0,0,0,0,0,0,0,0,0,0,0
24552,2019103818,1331.0,1329.0,38,38402,40.2765,-76.4122,0,0,0,0,0,0,4,9,2019,7,13.0,1.0,0,1.0,1,0,03,  ,0,0.0,0,0,1,0,0,0,0,0,0,0,0,0,0,0,0,0,0
24553,2019103823,1714.0,1711.0,21,21101,40.2962,-76.9373,0,0,0,0,0,0,4,10,2019,2,17.0,1.0,0,1.0,3,2,03,  ,3,3.0,0,0,1,0,0,0,0,0,0,0,0,0,0,0,0,0,0
24554,2019103962,810.0,805.0,36,36232,39.9925,-76.0231,0,0,0,0,0,1,2,10,2019,5,7.0,1.0,0,9.0,1,1,07,  ,0,0.0,0,0,0,0,0,0,0,0,0,0,0,0,0,0,0,0,0
24555,2019104097,1943.0,1941.0,4,4426,40.7011,-80.2807,0,0,0,0,0,0,4,10,2019,3,19.0,3.0,0,1.0,3,1,03,  ,3,3.0,0,0,1,0,0,0,0,0,0,0,0,0,0,0,0,0,0
24556,2019104394,1506.0,1501.0,39,39301,40.603,-75.4905,0,0,0,0,0,0,1,10,2019,3,14.0,1.0,0,1.0,3,1,03,  ,0,0.0,0,0,0,0,0,0,0,0,0,0,0,0,0,0,0,0,0
24557,2019104433,1635.0,1632.0,33,33206,40.9202,-78.8546,0,0,0,0,0,0,0,8,2019,6,16.0,1.0,0,1.0,1,0,03,  ,0,0.0,1,1,0,0,0,0,1,0,0,1,0,0,0,1,0,0,0
24558,2019104587,2145.0,2145.0,67,67301,40.0325,-75.0306,0,0,0,0,0,0,4,10,2019,6,21.0,3.0,0,1.0,3,0,03,  ,0,0.0,0,0,1,0,0,0,0,0,0,0,0,0,0,0,0,0,0
24559,2019104594,1318.0,1312.0,36,36405,40.2316,-76.1353,0,0,0,0,0,1,6,10,2019,2,13.0,1.0,0,1.0,1,0,03,  ,0,0.0,1,0,0,0,0,0,0,0,0,0,0,0,0,1,0,0,0
24560,2019104627,2005.0,2000.0,67,67301,39.9373,-75.1623,0,0,0,0,0,1,4,10,2019,5,19.0,1.0,7,1.0,3,0,03,  ,0,0.0,1,0,1,0,0,0,0,0,0,0,0,0,0,0,0,0,0
24561,2019104636,2047.0,2041.0,40,40101,41.1986,-75.9646,0,1,0,0,0,0,1,10,2019,5,20.0,2.0,0,1.0,3,0,03,  ,0,0.0,0,0,0,0,0,0,0,0,0,0,0,0,0,0,0,0,0
24562,2019104640,1735.0,1729.0,19,19203,41.0751,-76.2348,0,1,0,0,1,0,4,10,2019,1,17.0,1.0,0,1.0,1,0,03,  ,0,0.0,0,0,1,0,0,0,0,0,0,0,0,0,0,0,0,0,0
24563,2019104994,2200.0,2155.0,2,2301,40.4544,-79.948,0,0,0,0,0,0,4,10,2019,4,21.0,3.0,7,9.0,3,0,07,  ,0,0.0,0,0,1,0,0,0,0,0,0,0,0,0,0,0,0,0,0
24564,2019105452,1227.0,1214.0,22,22102,40.2511,-76.8127,0,0,0,0,0,0,1,10,2019,1,12.0,1.0,2,1.0,3,7,03,  ,0,0.0,0,0,0,0,0,0,0,0,0,0,0,0,0,0,0,0,0
24565,2019105472,1605.0,1558.0,14,14216,40.798,-77.9286,0,0,0,0,1,0,5,10,2019,5,15.0,1.0,0,9.0,1,0,03,  ,0,0.0,0,0,0,0,0,0,0,0,0,0,0,0,0,0,0,0,0
24566,2019105485,1625.0,1621.0,2,2301,40.4257,-79.9499,0,0,0,0,0,0,4,10,2019,7,16.0,1.0,0,1.0,3,1,03,  ,3,3.0,1,0,1,0,0,0,0,0,0,0,0,0,0,0,0,0,0
24567,2019105504,1446.0,1446.0,22,22101,40.2854,-76.8425,0,0,0,0,0,1,4,10,2019,3,14.0,1.0,0,1.0,3,2,03,  ,3,3.0,1,0,1,0,0,0,0,0,0,0,1,0,0,0,0,0,0
24568,2019105757,1703.0,1701.0,21,21402,40.2052,-77.196,0,1,0,0,0,1,4,10,2019,7,17.0,1.0,0,1.0,2,1,03,  ,2,3.0,0,0,1,0,0,0,0,0,0,0,0,0,0,0,0,0,0
24569,2019105927,1700.0,1700.0,67,67301,40.0324,-75.1693,0,0,0,0,0,0,4,10,2019,1,16.0,1.0,0,9.0,3,2,07,  ,3,3.0,0,0,1,0,0,0,0,0,0,0,0,0,0,0,0,0,0
24570,2019105945,2150.0,2128.0,2,2301,40.3962,-80.0237,1,0,0,0,0,0,4,10,2019,1,21.0,3.0,0,1.0,3,1,03,  ,2,3.0,1,1,1,0,0,0,1,0,0,1,0,0,0,0,0,0,0
24571,2019105988,2359.0,2351.0,67,67301,39.9674,-75.2461,0,0,0,0,0,0,4,10,2019,6,23.0,3.0,7,1.0,3,0,03,  ,0,0.0,0,0,1,0,0,0,0,0,0,0,0,0,0,0,0,0,0
24572,2019106106,1100.0,1100.0,9,9223,40.4873,-75.1436,0,0,0,0,0,1,6,10,2019,4,9.0,1.0,0,1.0,1,0,03,  ,0,0.0,0,0,0,0,0,0,0,0,0,0,0,0,0,0,0,0,0
24573,2019106194,812.0,812.0,48,48301,40.6105,-75.3771,0,0,0,0,0,1,4,10,2019,5,8.0,1.0,0,1.0,3,1,03,  ,3,3.0,1,0,1,0,0,0,0,0,0,0,0,0,0,0,0,1,0
24574,2019106362,610.0,608.0,2,2430,40.4925,-79.9386,0,0,0,0,0,0,1,10,2019,3,6.0,3.0,8,1.0,3,6,03,  ,0,0.0,0,0,0,0,0,0,0,0,0,0,0,0,0,0,0,0,0
24575,2019106367,500.0,459.0,64,64305,40.5677,-79.7697,0,0,0,0,0,0,4,10,2019,2,4.0,3.0,0,1.0,3,2,05,  ,3,3.0,0,0,1,0,0,0,0,0,0,0,0,0,0,0,0,0,0
24576,2019106730,1629.0,1600.0,67,67301,39.952,-75.167,0,0,0,0,0,1,1,10,2019,3,16.0,1.0,0,9.0,3,0,07,  ,0,0.0,0,0,0,0,0,0,0,0,0,0,0,0,0,0,0,0,0
24577,2019107211,1347.0,1340.0,15,15248,39.9291,-75.8226,0,0,0,0,0,1,5,9,2019,1,13.0,1.0,0,1.0,1,2,03,  ,0,0.0,1,0,0,0,0,0,0,0,0,0,0,0,0,0,0,0,0
24578,2019107309,1230.0,1227.0,67,67301,39.9291,-75.1769,0,0,0,0,0,0,4,10,2019,4,8.0,1.0,0,1.0,3,1,03,  ,3,3.0,0,0,1,0,0,0,0,0,0,0,0,0,0,0,0,0,0
24579,2019107310,1645.0,1640.0,67,67301,39.9228,-75.1534,0,1,0,0,0,0,1,10,2019,7,17.0,1.0,0,1.0,3,0,99,  ,0,0.0,0,0,0,0,0,0,0,0,0,0,0,0,0,0,0,0,0
24580,2019107316,25.0,19.0,7,7301,40.5085,-78.4024,0,0,0,0,0,0,8,10,2019,5,0.0,3.0,0,1.0,3,0,03,  ,0,0.0,0,0,0,0,0,0,0,0,0,0,0,0,0,0,0,0,0
24581,2019107382,1950.0,1946.0,21,21403,40.2448,-76.8993,0,0,0,0,0,0,4,10,2019,4,19.0,2.0,0,1.0,3,2,03,  ,3,3.0,1,0,1,0,0,0,0,0,0,0,0,0,1,0,0,1,0
24582,2019107412,937.0,937.0,67,67301,39.9445,-75.1566,0,0,0,0,0,0,4,10,2019,4,9.0,1.0,0,1.0,3,1,03,  ,2,3.0,0,0,1,0,0,0,0,0,0,0,0,0,0,0,0,0,0
24583,2019107565,855.0,852.0,67,67301,39.9892,-75.1542,0,0,0,0,0,1,4,10,2019,3,6.0,1.0,0,1.0,3,1,03,  ,3,3.0,0,0,1,0,0,0,0,0,0,0,0,0,0,0,0,0,0
24584,2019107571,1631.0,1630.0,67,67301,39.9659,-75.1724,0,0,0,0,1,0,4,8,2019,5,16.0,1.0,0,1.0,3,2,03,  ,3,3.0,1,0,1,0,0,0,0,0,0,0,0,0,0,0,0,0,0
24585,2019107573,2150.0,2150.0,67,67301,39.9787,-75.1578,0,0,0,0,0,1,4,9,2019,4,21.0,3.0,0,1.0,3,5,03,  ,2,3.0,1,0,1,0,0,0,0,0,0,0,0,1,0,0,0,0,0
24586,2019107592,1617.0,1615.0,25,25302,42.1193,-80.0785,0,1,0,0,0,1,4,10,2019,5,16.0,1.0,0,1.0,3,2,03,  ,0,0.0,0,0,1,0,0,0,0,0,0,0,0,0,0,0,0,0,0
24587,2019107636,1323.0,1318.0,39,39301,40.6126,-75.4483,0,0,0,0,0,0,5,10,2019,6,13.0,1.0,0,1.0,3,0,03,  ,0,0.0,1,0,0,0,0,0,0,0,0,0,0,0,0,0,0,0,0
24588,2019107839,810.0,906.0,6,6418,40.3066,-75.9743,0,0,0,0,0,0,4,10,2019,4,8.0,1.0,7,9.0,3,2,03,  ,0,0.0,1,0,1,0,0,0,0,0,0,0,0,0,0,0,0,0,0
24589,2019107902,658.0,650.0,15,15231,39.9127,-75.684,0,0,0,0,0,1,2,9,2019,1,6.0,1.0,0,1.0,1,2,03,  ,3,3.0,1,0,0,0,0,0,0,0,0,0,0,0,0,0,0,0,1
24590,2019107994,1241.0,1238.0,36,36101,40.0829,-76.3081,0,0,0,0,0,0,5,10,2019,3,12.0,1.0,0,9.0,3,0,07,  ,0,0.0,0,0,0,0,0,0,0,0,0,0,0,0,0,0,0,0,0
24591,2019108003,1757.0,1748.0,36,36204,40.1876,-76.2411,0,0,0,0,0,0,1,10,2019,4,17.0,1.0,0,1.0,1,0,03,  ,0,0.0,0,0,0,0,0,0,0,0,0,0,0,0,0,0,0,0,0
24592,2019108133,1729.0,1727.0,36,36407,40.1558,-76.6038,0,0,0,0,0,0,4,10,2019,6,17.0,1.0,0,1.0,2,2,03,  ,0,0.0,0,0,1,0,0,0,0,0,0,0,0,0,0,0,0,0,0
24593,2019108781,1655.0,1649.0,40,40407,41.3446,-75.7821,0,0,0,0,0,0,9,10,2019,3,16.0,1.0,0,1.0,3,0,03,  ,0,0.0,0,0,0,0,0,1,0,0,0,0,0,0,0,0,0,0,0
24594,2019108798,2024.0,2021.0,36,36301,40.0377,-76.3085,0,1,0,0,0,0,4,10,2019,1,20.0,3.0,0,1.0,3,1,03,  ,2,3.0,0,0,1,0,0,0,0,0,0,0,0,0,0,0,0,0,0
24595,2019108859,1300.0,1257.0,65,65405,41.5411,-75.9561,0,0,0,0,0,0,4,10,2019,4,12.0,1.0,0,1.0,1,0,03,03,0,0.0,1,0,1,0,0,1,0,1,0,1,0,0,0,1,0,0,0
24596,2019108997,1511.0,1510.0,53,53301,40.6821,-76.2016,0,0,0,0,0,0,4,10,2019,5,15.0,1.0,0,1.0,2,1,03,  ,3,3.0,0,0,1,0,0,0,0,0,0,0,0,0,0,0,0,0,0
24597,2019109067,1545.0,1542.0,46,46110,40.1463,-75.1225,0,0,0,0,1,0,4,10,2019,6,15.0,1.0,0,1.0,3,2,03,  ,3,3.0,1,0,1,0,0,0,0,0,0,0,0,0,1,0,0,1,0
24598,2019109200,1528.0,1527.0,13,13407,40.8023,-75.6066,0,0,0,0,0,0,4,10,2019,2,15.0,1.0,0,1.0,2,0,03,  ,0,0.0,0,0,1,0,0,0,0,0,0,0,0,0,0,0,0,0,0
24599,2019109220,954.0,9999.0,2,2301,40.4435,-80.054,0,0,0,0,0,1,8,10,2019,3,9.0,1.0,0,1.0,3,2,03,  ,3,3.0,0,0,0,0,0,0,0,0,0,0,0,0,0,0,0,0,0
24600,2019109516,1540.0,1540.0,25,25302,42.1114,-80.1142,0,0,0,0,0,1,4,10,2019,3,15.0,1.0,0,1.0,3,2,03,  ,3,3.0,0,0,1,0,0,0,0,0,0,0,0,0,0,0,0,0,0
24601,2019109600,1517.0,1516.0,48,48401,40.8659,-75.208,0,0,0,0,0,0,4,10,2019,5,15.0,1.0,0,1.0,2,0,03,  ,0,0.0,0,0,1,0,0,0,0,0,0,0,0,0,0,0,0,0,0
24602,2019109614,1809.0,1804.0,46,46416,40.2454,-75.6395,0,0,0,0,0,0,4,10,2019,3,18.0,4.0,0,1.0,2,1,03,  ,3,3.0,0,0,1,0,0,0,0,0,0,0,0,0,0,0,0,0,0