,CRN,ARRIVAL_TM,DISPATCH_TM,COUNTY,MUNICIPALITY,DEC_LAT,DEC_LONG,BICYCLE_DEATH_COUNT,BICYCLE_SUSP_SERIOUS_INJ_COUNT,BUS_COUNT,HEAVY_TRUCK_COUNT,SMALL_TRUCK_COUNT,SUV_COUNT,COLLISION_TYPE,CRASH_MONTH,CRASH_YEAR,DAY_OF_WEEK,HOUR_OF_DAY,ILLUMINATION,LOCATION_TYPE,ROAD_CONDITION,URBAN_RURAL,INTERSECT_TYPE,WEATHER1,WEATHER2,TCD_TYPE,TCD_FUNC_CD,AGGRESSIVE_DRIVING,ALCOHOL_RELATED,ANGLE_CRASH,CELL_PHONE,COMM_VEHICLE,DISTRACTED,DRINKING_DRIVER,DRUGGED_DRIVER,FATIGUE_ASLEEP,IMPAIRED_DRIVER,NHTSA_AGG_DRIVING,RUNNING_RED_LT,RUNNING_STOP_SIGN,SPEEDING_RELATED,TAILGATING,MATURE_DRIVER,YOUNG_DRIVER
24830,2020028792,1631.0,1631.0,15,15202,40.0747,-75.5488,0,0,0,0,0,0,5,3,2020,6,16.0,1.0,0,1.0,1,0,03,  ,0,0.0,1,0,0,0,0,0,0,0,0,0,1,0,0,1,0,0,0
24831,2020028824,1745.0,1741.0,67,67301,39.9461,-75.2421,0,0,0,0,0,1,4,3,2020,2,17.0,1.0,0,9.0,3,1,07,  ,2,9.0,1,0,1,0,0,0,0,0,0,0,0,0,0,0,0,0,0
24832,2020028845,826.0,820.0,67,67301,39.9834,-75.2432,0,0,0,0,0,0,4,3,2020,4,7.0,1.0,0,1.0,3,3,03,03,3,9.0,1,0,1,0,0,0,0,0,0,0,0,0,0,0,0,0,0
24833,2020028863,1504.0,1504.0,66,66413,39.8027,-76.9843,0,0,0,0,0,0,4,1,2020,1,15.0,1.0,0,1.0,2,0,03,03,0,0.0,0,0,1,0,0,0,0,0,0,0,0,0,0,0,0,0,0
24834,2020028922,1810.0,1804.0,22,22219,40.3784,-76.7559,0,0,0,0,0,0,5,3,2020,2,18.0,1.0,0,1.0,1,0,03,03,0,0.0,0,0,0,0,0,0,0,0,0,0,0,0,0,0,0,0,1
24835,2020029108,1827.0,1826.0,22,22409,40.1982,-76.7338,0,0,0,0,0,0,4,3,2020,3,18.0,1.0,0,1.0,3,1,03,  ,0,0.0,0,0,1,0,0,0,0,0,0,0,0,0,0,0,0,1,0
24836,2020029127,1918.0,1916.0,48,48302,40.688,-75.228,0,0,0,0,0,1,4,3,2020,3,19.0,1.0,0,1.0,3,1,03,03,0,0.0,1,0,1,0,0,0,0,0,0,0,0,0,0,0,0,0,0
24837,2020029425,1819.0,1819.0,23,23420,39.8749,-75.3241,0,0,0,0,0,0,4,3,2020,6,18.0,1.0,0,1.0,3,1,03,03,2,3.0,0,0,1,0,0,0,0,0,0,0,0,0,0,0,0,0,0
24838,2020029446,710.0,710.0,67,67301,39.9571,-75.1697,0,0,0,0,0,0,5,3,2020,6,7.0,3.0,0,9.0,3,0,07,  ,2,3.0,0,0,0,0,0,0,0,0,0,0,0,0,0,0,0,0,0
24839,2020029537,1348.0,1344.0,66,66227,39.9731,-76.6931,0,0,0,0,0,1,4,3,2020,6,13.0,1.0,2,1.0,3,1,03,  ,2,3.0,0,0,1,0,0,0,0,0,0,0,0,0,0,0,0,0,0
24840,2020029951,1535.0,1531.0,67,67301,40.0323,-75.1351,0,0,0,0,0,0,4,3,2020,4,15.0,1.0,0,9.0,3,0,07,  ,9,9.0,0,0,1,0,0,0,0,0,0,0,0,0,0,0,0,0,0
24841,2020030082,1843.0,1836.0,48,48301,40.6612,-75.3612,0,0,0,0,0,0,4,3,2020,6,18.0,1.0,0,1.0,3,0,03,03,0,0.0,0,0,1,0,0,0,0,0,0,0,0,0,0,0,0,0,1
24842,2020030207,953.0,903.0,51,51206,41.1155,-75.0268,0,0,0,0,0,0,8,3,2020,4,6.0,2.0,0,1.0,1,0,3,  ,0,0.0,0,0,0,0,0,0,0,0,0,0,0,0,0,0,0,0,0
24843,2020030596,1542.0,1532.0,2,2301,40.4487,-79.9616,0,0,0,0,0,0,4,4,2020,4,15.0,1.0,0,9.0,3,2,4,04,0,0.0,0,0,1,0,0,0,0,0,0,0,0,0,0,0,0,0,0
24844,2020030693,1652.0,1647.0,22,22301,40.2738,-76.8605,0,0,0,0,0,0,4,3,2020,3,16.0,1.0,0,1.0,3,2,3,03,2,1.0,1,0,1,0,0,0,0,0,0,0,0,0,0,0,0,0,0
24845,2020030904,1843.0,1842.0,67,67301,39.9702,-75.1451,0,1,0,0,0,0,4,4,2020,5,18.0,4.0,0,1.0,3,1,3,03,2,3.0,0,0,1,0,0,0,0,0,0,0,0,0,0,0,0,0,0
24846,2020030987,1344.0,1341.0,46,46101,40.0734,-75.0966,0,0,0,0,0,0,4,3,2020,3,13.0,1.0,0,1.0,3,2,3,04,0,0.0,0,0,1,0,0,0,0,0,0,0,0,0,0,0,0,0,0
24847,2020031247,1329.0,1326.0,2,2427,40.5451,-80.1874,0,0,0,0,0,1,4,4,2020,1,13.0,1.0,0,1.0,3,1,3,03,2,3.0,0,0,1,0,0,0,0,0,0,0,0,0,0,0,0,0,0
24848,2020031324,1631.0,1629.0,25,25302,42.1084,-80.0548,0,0,0,0,0,0,4,4,2020,2,16.0,1.0,0,1.0,3,1,3,  ,3,3.0,1,0,1,0,0,0,0,0,0,0,0,0,1,0,0,1,0
24849,2020031712,1525.0,1519.0,55,55422,40.2228,-78.8272,0,0,0,0,0,0,4,4,2020,4,15.0,1.0,7,1.0,3,0,3,  ,0,0.0,0,0,1,0,0,0,0,0,0,0,0,0,0,0,0,1,0
24850,2020031823,1506.0,1500.0,48,48204,40.7201,-75.3931,0,0,0,1,0,0,1,4,2020,3,14.0,1.0,0,1.0,1,0,3,03,0,0.0,0,0,0,0,1,0,0,0,0,0,0,0,0,0,0,0,0
24851,2020031922,1122.0,1114.0,5,5221,40.1709,-78.3992,0,0,0,0,0,0,4,4,2020,2,11.0,1.0,7,1.0,1,0,3,  ,0,0.0,0,0,1,0,0,0,0,0,0,0,0,0,0,0,0,0,0
24852,2020032059,1922.0,1919.0,23,23103,39.9915,-75.3091,0,0,0,0,0,0,4,4,2020,4,19.0,4.0,0,1.0,3,2,3,  ,0,0.0,0,0,1,0,0,0,0,0,0,0,0,0,0,0,0,1,0
24853,2020032498,1552.0,1550.0,2,2117,40.3865,-80.0887,0,0,0,0,0,1,8,3,2020,1,15.0,1.0,0,1.0,3,1,3,03,1,3.0,0,0,0,0,0,0,0,0,0,0,0,0,0,0,0,0,0
24854,2020032567,1418.0,1409.0,66,66213,39.7593,-76.6232,0,0,0,0,1,0,5,3,2020,3,14.0,1.0,0,9.0,1,0,7,03,0,0.0,0,0,0,0,0,0,0,0,0,0,0,0,0,0,0,0,0
24855,2020032898,2245.0,2241.0,67,67301,39.9284,-75.1716,0,0,0,0,0,0,4,4,2020,4,22.0,3.0,0,1.0,3,1,3,03,0,0.0,0,0,1,0,0,0,0,0,0,0,0,0,0,0,0,0,0
24856,2020033453,1132.0,1127.0,39,39301,40.5634,-75.5123,0,0,0,0,0,0,4,4,2020,6,11.0,1.0,0,1.0,3,0,3,03,0,0.0,0,0,1,0,0,0,0,0,0,0,0,0,0,0,0,0,0
24857,2020034183,1830.0,1822.0,15,15221,39.7306,-75.7915,0,1,0,0,1,0,5,3,2020,2,18.0,1.0,0,1.0,1,0,3,03,0,0.0,0,0,0,0,0,0,0,0,0,0,0,0,0,0,0,0,0
24858,2020034426,1639.0,1636.0,17,17404,41.0273,-78.4417,0,0,0,0,0,1,8,4,2020,7,16.0,1.0,0,1.0,2,1,3,03,5,1.0,0,0,0,0,0,1,0,0,0,0,0,0,0,0,0,0,0
24859,2020034453,1549.0,1543.0,6,6242,40.485,-76.1306,1,0,0,0,0,0,0,4,2020,5,15.0,1.0,0,1.0,1,0,3,  ,0,0.0,1,0,0,0,0,0,0,0,0,0,0,0,0,1,0,0,0
24860,2020034893,1636.0,1630.0,36,36228,39.9705,-76.2735,0,0,0,0,0,0,4,4,2020,7,16.0,1.0,7,1.0,1,0,3,03,2,2.0,0,0,1,0,0,0,0,0,0,0,0,0,0,0,0,1,0
24861,2020035009,1801.0,1800.0,67,67301,39.9524,-75.1468,0,0,0,0,1,0,4,4,2020,4,17.0,1.0,0,1.0,3,1,3,  ,2,3.0,0,0,1,0,0,0,0,0,0,0,0,0,0,0,0,0,0
24862,2020035118,1820.0,1815.0,64,64419,40.4119,-79.5668,0,0,0,0,0,0,2,4,2020,2,14.0,1.0,0,1.0,3,2,3,03,3,3.0,0,0,0,0,0,0,0,0,0,0,0,0,0,0,0,1,0
24863,2020035121,1730.0,1725.0,23,23108,39.9194,-75.3274,0,0,0,0,0,0,4,4,2020,2,17.0,1.0,7,1.0,3,0,4,  ,0,0.0,0,0,1,0,0,0,0,0,0,0,0,0,0,0,0,0,0
24864,2020035250,1527.0,1525.0,46,46205,40.2231,-75.5392,0,0,0,0,0,0,4,4,2020,2,15.0,1.0,0,1.0,1,1,3,03,2,3.0,1,0,1,0,0,0,0,0,0,0,0,0,0,0,0,0,1
24865,2020035517,1305.0,1302.0,6,6301,40.3287,-75.9164,0,0,0,0,0,0,2,4,2020,4,13.0,1.0,0,1.0,3,1,3,03,3,3.0,0,0,0,0,0,0,0,0,0,0,0,0,0,0,0,0,0
24866,2020035735,1728.0,1722.0,39,39103,40.6191,-75.5806,0,0,0,0,0,0,4,4,2020,4,17.0,1.0,0,1.0,1,1,3,03,2,3.0,1,0,1,0,0,0,0,0,0,0,0,0,0,0,0,1,0
24867,2020036007,1733.0,1732.0,23,23404,39.9335,-75.2874,0,0,0,0,0,0,4,5,2020,6,17.0,1.0,7,9.0,3,0,3,  ,0,0.0,0,0,1,0,0,1,0,0,0,0,0,0,0,0,0,0,0
24868,2020036111,2031.0,2026.0,36,36240,40.0034,-76.2937,0,1,0,0,1,0,4,4,2020,5,20.0,3.0,0,9.0,1,0,7,  ,0,0.0,0,0,1,0,0,0,0,0,0,0,0,0,0,0,0,0,1
24869,2020036160,927.0,922.0,67,67301,40.0391,-75.0343,0,0,0,0,0,1,4,5,2020,7,9.0,1.0,0,1.0,3,2,3,  ,3,3.0,0,0,1,0,0,0,0,0,0,0,0,0,0,0,0,0,1
24870,2020036238,1516.0,1505.0,66,66205,39.9856,-76.8292,0,1,0,0,0,1,4,4,2020,1,15.0,1.0,7,1.0,1,2,3,03,0,0.0,0,0,1,0,0,0,0,0,0,0,0,0,0,0,0,0,0
24871,2020036245,1650.0,1649.0,67,67301,39.9504,-75.1926,0,0,0,0,0,0,4,5,2020,1,16.0,1.0,0,1.0,3,1,3,  ,2,3.0,1,0,1,0,0,0,0,0,0,0,0,0,0,0,0,0,0
24872,2020036300,2020.0,2017.0,67,67301,39.936,-75.1689,0,0,0,0,0,1,4,5,2020,1,20.0,4.0,0,1.0,3,1,3,03,3,3.0,0,0,1,0,0,0,0,0,0,0,0,0,0,0,0,0,0
24873,2020036431,1024.0,1012.0,59,59207,40.8899,-77.0531,0,2,0,0,0,1,5,4,2020,3,10.0,1.0,0,9.0,1,0,7,  ,0,0.0,1,0,0,0,0,0,0,0,0,0,0,0,0,0,0,0,0
24874,2020036438,1638.0,1632.0,10,10216,40.9239,-80.0019,0,0,0,0,0,0,8,4,2020,2,16.0,1.0,0,1.0,2,0,3,  ,0,0.0,0,0,0,0,0,0,0,0,0,0,0,0,0,0,0,0,0
24875,2020036571,843.0,840.0,21,21101,40.2502,-76.9176,0,0,0,0,0,2,2,5,2020,3,8.0,1.0,0,1.0,3,1,3,03,0,0.0,1,0,0,0,0,0,0,0,0,0,0,0,0,0,0,1,0
24876,2020036789,1615.0,1615.0,67,67301,39.9991,-75.115,0,0,0,0,0,0,4,5,2020,3,16.0,1.0,0,1.0,3,0,3,  ,0,0.0,0,0,1,0,0,0,0,0,0,0,0,0,0,0,0,0,0
24877,2020036905,1618.0,1614.0,46,46404,40.1914,-75.4548,0,0,0,0,0,0,4,5,2020,7,16.0,1.0,0,1.0,3,2,3,  ,3,3.0,0,0,1,0,0,0,0,0,0,0,0,0,0,0,0,0,0
24878,2020037017,1702.0,1634.0,67,67301,39.9251,-75.2236,0,1,0,0,0,0,3,5,2020,2,19.0,4.0,0,1.0,3,0,3,03,2,9.0,0,0,0,0,0,0,0,0,0,0,0,0,0,0,0,0,0
24879,2020037040,24.0,20.0,25,25302,42.0938,-80.0893,0,0,0,0,0,1,4,5,2020,5,0.0,3.0,7,1.0,3,0,3,  ,0,0.0,0,0,1,0,0,0,0,0,0,0,0,0,0,0,0,0,0
24880,2020037176,1553.0,1546.0,67,67301,39.9522,-75.2367,0,0,0,0,0,0,4,5,2020,4,15.0,1.0,0,9.0,3,1,7,04,0,0.0,0,0,1,0,0,0,0,0,0,0,0,0,0,0,0,0,0
24881,2020037289,1610.0,1604.0,6,6232,40.494,-75.8164,1,0,0,0,0,0,4,5,2020,7,16.0,1.0,0,1.0,1,0,3,  ,0,0.0,0,0,1,0,0,0,0,0,0,0,0,0,0,0,0,0,0
24882,2020037430,1503.0,1448.0,50,50203,40.3929,-77.2256,1,0,0,0,0,0,4,4,2020,3,14.0,1.0,7,1.0,1,0,3,  ,0,0.0,0,0,1,0,0,0,0,0,0,0,0,0,0,0,0,1,0
24883,2020037857,2035.0,2029.0,38,38301,40.339,-76.4289,0,0,0,0,0,1,4,5,2020,1,20.0,3.0,0,1.0,2,2,3,03,3,3.0,0,0,1,0,0,0,0,0,0,0,0,0,0,0,0,0,0
24884,2020037930,1800.0,1745.0,67,67301,39.9998,-75.1634,0,0,0,0,0,0,1,5,2020,7,17.0,1.0,0,99.0,3,0,3,03,9,9.0,0,0,0,0,0,0,0,0,0,0,0,0,0,0,0,0,0
24885,2020037954,1641.0,1612.0,53,53212,40.6333,-76.4244,0,0,0,0,0,1,4,5,2020,2,16.0,1.0,7,1.0,1,0,3,  ,0,0.0,0,0,1,0,0,0,0,0,0,0,0,0,0,0,0,0,0
24886,2020038091,1534.0,1531.0,15,15253,40.1186,-75.6817,0,0,0,0,0,0,4,5,2020,1,15.0,1.0,0,1.0,1,2,3,  ,3,3.0,1,0,1,0,0,0,0,0,0,0,0,0,0,0,0,0,0
24887,2020038097,1616.0,1612.0,67,67301,40.0039,-75.0999,0,0,0,0,0,0,4,2,2020,3,16.0,1.0,0,1.0,3,0,3,03,0,0.0,0,0,1,0,0,0,0,0,0,0,0,0,0,0,0,0,0
24888,2020038109,1924.0,1922.0,23,23103,39.971,-75.3076,0,0,0,0,0,0,4,5,2020,1,19.0,1.0,0,1.0,3,2,3,  ,0,0.0,0,0,1,0,0,0,0,0,0,0,0,0,0,0,0,0,0
24889,2020038136,1149.0,1139.0,67,67301,40.0443,-74.9973,0,0,1,0,0,0,5,5,2020,2,11.0,1.0,0,1.0,3,0,3,03,0,0.0,0,0,0,0,1,0,0,0,0,0,0,0,0,0,0,0,0
24890,2020038196,1619.0,1619.0,29,29209,40.0043,-77.9622,0,1,0,0,0,0,5,4,2020,6,16.0,1.0,0,1.0,1,0,4,  ,0,0.0,0,0,0,0,0,0,0,0,0,0,0,0,0,0,0,0,0
24891,2020038337,1458.0,1458.0,67,67301,39.9939,-75.1545,0,0,0,0,0,1,1,5,2020,2,14.0,1.0,0,1.0,3,1,3,03,2,3.0,0,0,0,0,0,1,0,0,0,0,0,0,0,0,0,0,0
24892,2020038598,1245.0,1242.0,14,14206,40.7787,-77.8963,0,0,0,1,0,0,4,5,2020,4,12.0,1.0,0,1.0,1,1,3,  ,2,3.0,1,0,1,0,1,0,0,0,0,0,0,0,0,0,0,0,0
24893,2020038671,1512.0,1510.0,21,21402,40.203,-77.1889,0,0,0,0,0,0,4,5,2020,5,15.0,1.0,0,1.0,2,1,4,04,2,3.0,1,0,1,0,0,0,0,0,0,0,0,0,0,0,0,1,0
24894,2020039047,1221.0,1218.0,9,9228,40.2448,-75.096,0,0,0,0,0,1,8,5,2020,7,12.0,1.0,0,1.0,1,0,03,03,0,0.0,0,0,0,0,0,0,0,0,0,0,0,0,0,0,0,0,0
24895,2020039193,1327.0,1322.0,67,67301,40.1165,-75.0366,0,0,0,0,1,0,4,5,2020,7,13.0,1.0,0,1.0,3,2,03,  ,0,0.0,0,0,1,0,0,0,0,0,0,0,0,0,0,0,0,0,0
24896,2020039422,1616.0,1615.0,67,67301,39.9859,-75.1661,0,0,0,0,0,0,4,5,2020,7,16.0,1.0,0,1.0,3,1,03,03,2,3.0,0,0,1,0,0,1,0,0,0,0,0,0,0,0,0,0,0
24897,2020039507,1040.0,1026.0,36,36220,40.0139,-76.3074,0,0,0,0,0,0,5,5,2020,6,10.0,1.0,0,1.0,3,0,03,03,0,0.0,0,0,0,0,0,0,0,0,0,0,0,0,0,0,0,0,0
24898,2020039687,1611.0,1610.0,46,46414,40.2098,-75.2749,0,0,0,0,0,1,8,5,2020,1,16.0,1.0,0,1.0,3,2,04,  ,3,3.0,0,0,0,0,0,0,0,0,0,0,0,0,0,0,0,0,0
24899,2020039954,247.0,244.0,35,35302,41.3984,-75.666,0,0,0,0,0,0,1,5,2020,4,2.0,3.0,0,1.0,3,1,03,03,3,3.0,0,0,0,0,0,0,0,0,0,0,0,0,0,0,0,0,0
24900,2020040013,1104.0,1059.0,15,15236,40.0616,-75.4409,0,1,0,0,0,1,8,5,2020,5,10.0,1.0,0,1.0,1,1,03,  ,3,3.0,1,0,0,0,0,0,0,0,0,0,0,0,0,0,0,1,0
24901,2020040018,1613.0,1515.0,46,46103,40.2542,-75.2995,0,0,0,0,0,0,8,5,2020,1,13.0,1.0,0,1.0,3,2,03,  ,0,0.0,0,0,0,0,0,0,0,0,0,0,0,0,0,0,0,0,0
24902,2020040070,1450.0,1444.0,35,35302,41.4098,-75.6602,0,0,0,0,0,0,5,5,2020,4,14.0,1.0,0,1.0,3,0,03,03,0,0.0,0,0,0,0,0,0,0,0,0,0,0,0,0,0,0,0,0
24903,2020040078,1450.0,1448.0,35,35412,41.3652,-75.7407,0,0,0,0,0,1,4,5,2020,4,14.0,1.0,7,1.0,3,0,03,03,3,3.0,0,0,1,0,0,0,0,0,0,0,0,0,0,0,0,0,0
24904,2020040125,1550.0,1542.0,21,21104,40.1953,-76.9937,0,0,0,0,1,0,4,5,2020,3,15.0,1.0,7,1.0,3,0,03,  ,0,0.0,1,0,1,0,0,0,0,0,0,0,0,0,0,0,0,0,0
24905,2020040213,1707.0,1704.0,46,46408,40.1796,-75.1019,0,0,0,0,0,0,8,5,2020,4,17.0,1.0,0,1.0,3,0,03,  ,0,0.0,0,0,0,0,0,0,0,0,0,0,0,0,0,0,0,0,0
24906,2020040245,1554.0,1552.0,9,9219,40.3704,-75.1653,0,0,0,0,0,1,4,5,2020,4,15.0,1.0,0,1.0,1,0,03,03,0,0.0,0,0,1,0,0,0,0,0,0,0,0,0,0,0,0,0,0
24907,2020040288,1505.0,1459.0,67,67301,39.9697,-75.1416,0,0,0,0,0,0,4,5,2020,6,14.0,1.0,0,1.0,3,1,03,  ,2,3.0,0,0,1,0,0,0,0,0,0,0,0,0,0,0,0,0,0
24908,2020040360,1640.0,1639.0,2,2301,40.4602,-79.9693,0,0,0,0,0,0,4,5,2020,5,16.0,1.0,0,1.0,3,1,03,03,0,0.0,1,0,1,0,0,0,0,0,0,0,0,0,0,0,0,0,0
24909,2020040418,1330.0,1328.0,46,46113,40.225,-75.285,0,0,0,0,0,0,4,5,2020,5,13.0,1.0,0,1.0,3,0,03,  ,0,0.0,1,0,1,0,0,1,0,0,0,0,0,0,0,0,0,0,0
24910,2020040459,1058.0,1054.0,36,36101,40.074,-76.2711,0,0,0,0,0,0,4,5,2020,5,10.0,1.0,0,1.0,3,1,03,03,3,3.0,0,0,1,0,0,0,0,0,0,0,0,0,0,0,0,0,0
24911,2020040658,1726.0,1723.0,67,67301,40.0034,-75.1303,0,0,0,0,0,0,4,5,2020,3,17.0,1.0,0,1.0,3,1,03,03,2,3.0,1,0,1,0,0,0,0,0,0,0,0,1,0,0,0,0,0
24912,2020040724,1116.0,1107.0,2,2108,40.5938,-80.0131,0,0,0,0,1,0,4,5,2020,7,11.0,1.0,0,1.0,3,0,03,03,0,0.0,0,0,1,0,0,0,0,0,0,0,0,0,0,0,0,0,0
24913,2020040792,1642.0,1635.0,41,41237,41.2173,-77.0994,0,1,0,0,0,0,1,5,2020,2,16.0,1.0,0,1.0,1,0,03,  ,0,0.0,1,0,0,0,0,0,0,0,0,0,0,0,0,1,0,0,0
24914,2020040809,1232.0,1230.0,2,2480,40.5907,-80.2013,1,0,0,0,0,1,2,5,2020,7,12.0,1.0,0,1.0,3,0,03,  ,0,0.0,1,0,0,0,0,0,0,1,0,1,0,0,0,1,0,0,0
24915,2020040884,1638.0,1634.0,46,46416,40.2479,-75.6184,0,0,0,0,1,0,8,5,2020,5,16.0,1.0,0,1.0,2,1,03,  ,3,3.0,1,0,0,0,0,0,0,0,0,0,0,0,0,0,0,0,0
24916,2020040948,1832.0,1813.0,34,34212,40.372,-77.6015,0,0,0,0,0,1,4,5,2020,5,18.0,1.0,0,1.0,1,0,03,03,0,0.0,0,0,1,0,0,0,0,0,0,0,0,0,0,0,0,0,0
24917,2020041053,1341.0,1339.0,37,37301,41.0033,-80.3539,0,0,0,0,0,0,4,5,2020,2,13.0,1.0,0,1.0,2,2,03,03,3,3.0,0,0,1,0,0,0,0,0,0,0,0,0,0,0,0,1,0
24918,2020041055,1529.0,1529.0,23,23103,39.9786,-75.2939,0,0,0,0,0,0,4,5,2020,4,15.0,1.0,0,1.0,3,1,03,03,0,0.0,0,0,1,0,0,0,0,0,0,0,0,0,0,0,0,0,0
24919,2020041076,512.0,511.0,36,36209,40.133,-76.1129,0,0,0,0,0,0,4,5,2020,4,5.0,5.0,0,1.0,1,1,03,03,3,3.0,0,0,1,0,0,0,0,0,0,0,0,0,0,0,0,0,0
24920,2020041188,1649.0,1648.0,6,6227,40.3456,-75.7378,0,0,0,0,0,0,2,5,2020,2,16.0,1.0,0,1.0,1,0,03,03,0,0.0,0,0,0,0,0,0,0,0,0,0,0,0,0,0,0,0,1
24921,2020041279,1752.0,1749.0,46,46106,40.2595,-75.6135,0,0,0,0,0,0,5,5,2020,5,17.0,1.0,0,1.0,2,0,03,  ,0,0.0,0,0,0,0,0,0,0,0,0,0,0,0,0,0,0,0,0
24922,2020041498,1711.0,1711.0,46,46109,40.15,-75.2303,0,0,0,0,0,0,1,5,2020,2,17.0,1.0,0,1.0,3,1,03,  ,2,3.0,1,0,0,0,0,0,0,0,0,0,0,0,0,0,0,0,0
24923,2020041707,1819.0,1818.0,64,64209,40.2813,-79.5213,0,0,0,0,0,0,4,5,2020,5,18.0,1.0,0,1.0,3,2,03,  ,0,0.0,1,0,1,0,0,0,0,0,0,0,0,0,0,0,0,0,0
24924,2020041846,1235.0,1230.0,2,2301,40.4294,-79.9947,0,0,0,0,0,0,4,5,2020,4,12.0,1.0,0,1.0,3,1,03,03,3,3.0,0,0,1,0,0,0,0,0,0,0,0,0,0,0,0,0,0
24925,2020042151,1523.0,1523.0,6,6237,40.3159,-76.017,0,1,0,0,0,0,4,5,2020,6,15.0,1.0,0,1.0,3,2,03,  ,3,3.0,0,0,1,0,0,0,0,0,0,0,0,0,0,0,0,0,0
24926,2020042232,710.0,702.0,36,36236,40.2539,-76.184,0,1,0,0,0,0,1,5,2020,3,7.0,1.0,0,1.0,1,0,03,  ,0,0.0,1,0,0,0,0,0,0,0,0,0,0,0,0,0,0,0,0
24927,2020042249,2300.0,2215.0,23,23111,39.9531,-75.2624,0,0,0,0,0,0,2,5,2020,6,22.0,3.0,0,1.0,3,2,03,03,0,0.0,0,0,0,0,0,0,0,0,0,0,0,0,0,0,0,0,0
24928,2020042300,2039.0,2034.0,67,67301,40.0331,-75.1069,0,0,0,0,0,0,4,5,2020,5,20.0,3.0,0,1.0,3,1,03,  ,2,3.0,0,0,1,0,0,0,0,0,0,0,0,0,0,0,0,0,0
24929,2020042316,2003.0,1957.0,67,67301,40.0175,-75.0568,0,0,0,0,1,0,4,5,2020,6,19.0,1.0,0,1.0,3,1,03,03,3,3.0,0,0,1,0,0,0,0,0,0,0,0,0,0,0,0,0,0
24930,2020042325,2349.0,2349.0,67,67301,39.9972,-75.1193,0,1,0,0,0,0,4,5,2020,6,23.0,3.0,0,1.0,3,1,03,03,2,3.0,1,0,1,0,0,0,0,0,0,0,0,0,0,0,0,0,0
24931,2020042593,1931.0,1929.0,9,9101,40.1372,-74.8742,0,0,0,0,0,0,6,5,2020,1,19.0,1.0,0,1.0,3,2,03,  ,0,0.0,1,0,0,0,0,0,0,0,0,0,0,0,0,0,0,0,0
24932,2020042700,1849.0,1839.0,67,67301,40.0273,-75.1273,0,0,0,0,0,0,4,5,2020,5,18.0,1.0,0,1.0,3,0,03,  ,0,0.0,0,0,1,0,0,0,0,0,0,0,0,0,0,0,0,0,0
24933,2020042803,1941.0,1941.0,46,46109,40.1614,-75.1876,0,0,0,0,0,0,4,6,2020,2,19.0,1.0,0,1.0,3,1,03,  ,2,3.0,1,0,1,0,0,0,0,0,0,0,0,0,0,0,0,0,0
24934,2020042807,2224.0,2149.0,35,35302,41.4124,-75.6722,0,0,0,0,0,1,4,6,2020,2,21.0,3.0,0,1.0,3,1,03,03,2,3.0,0,0,1,0,0,0,0,0,0,0,0,0,0,0,0,0,0
24935,2020042886,1913.0,1905.0,26,26202,40.0405,-79.5417,0,0,0,0,0,0,0,5,2020,3,19.0,1.0,0,1.0,1,0,03,  ,0,0.0,0,0,0,0,0,0,0,0,0,0,0,0,0,0,0,0,0
24936,2020043162,1346.0,1344.0,60,60302,41.4207,-79.6918,0,1,0,1,0,0,4,5,2020,2,13.0,1.0,0,1.0,2,1,03,03,3,3.0,0,0,1,0,1,0,0,0,0,0,0,0,0,0,0,0,0
24937,2020043259,1525.0,1525.0,67,67301,39.9809,-75.1888,0,0,0,0,0,0,1,5,2020,1,21.0,3.0,0,1.0,3,0,03,03,0,0.0,0,0,0,0,0,0,0,0,0,0,0,0,0,0,0,0,0
24938,2020043292,1701.0,1636.0,48,48207,40.7496,-75.5237,0,0,0,0,0,1,4,5,2020,4,16.0,1.0,0,1.0,1,2,03,03,3,3.0,0,0,1,0,0,0,0,0,0,0,0,0,0,0,0,1,0
24939,2020043295,1221.0,1219.0,48,48301,40.612,-75.3759,0,0,0,0,0,0,4,5,2020,1,12.0,1.0,0,1.0,3,1,03,03,2,3.0,0,0,1,0,0,0,0,0,0,0,0,0,0,0,0,0,0
24940,2020043391,1659.0,1658.0,2,2451,40.5129,-79.8433,0,0,0,0,0,1,4,6,2020,4,15.0,1.0,7,1.0,3,0,03,  ,8,3.0,0,0,1,0,0,0,0,0,0,0,0,0,0,0,0,0,0
24941,2020043435,1850.0,1850.0,67,67301,39.9445,-75.1722,0,0,0,0,0,0,5,5,2020,1,14.0,1.0,0,1.0,3,0,03,03,2,9.0,0,0,0,0,0,0,0,0,0,0,0,0,0,0,0,0,0
24942,2020043467,1951.0,1948.0,23,23301,39.8393,-75.3991,0,0,0,0,0,0,4,6,2020,4,19.0,3.0,0,9.0,3,2,07,07,3,3.0,0,0,1,0,0,0,0,0,0,0,0,0,0,0,0,0,0