,CRN,ARRIVAL_TM,DISPATCH_TM,COUNTY,MUNICIPALITY,DEC_LAT,DEC_LONG,BICYCLE_DEATH_COUNT,BICYCLE_SUSP_SERIOUS_INJ_COUNT,BUS_COUNT,HEAVY_TRUCK_COUNT,SMALL_TRUCK_COUNT,SUV_COUNT,COLLISION_TYPE,CRASH_MONTH,CRASH_YEAR,DAY_OF_WEEK,HOUR_OF_DAY,ILLUMINATION,LOCATION_TYPE,ROAD_CONDITION,URBAN_RURAL,INTERSECT_TYPE,WEATHER1,WEATHER2,TCD_TYPE,TCD_FUNC_CD,AGGRESSIVE_DRIVING,ALCOHOL_RELATED,ANGLE_CRASH,CELL_PHONE,COMM_VEHICLE,DISTRACTED,DRINKING_DRIVER,DRUGGED_DRIVER,FATIGUE_ASLEEP,IMPAIRED_DRIVER,NHTSA_AGG_DRIVING,RUNNING_RED_LT,RUNNING_STOP_SIGN,SPEEDING_RELATED,TAILGATING,MATURE_DRIVER,YOUNG_DRIVER
24943,2020043496,1315.0,1315.0,11,11229,,,0,0,0,0,1,0,4,5,2020,6,13.0,1.0,0,1.0,1,2,03,03,3,3.0,1,0,1,0,0,0,0,0,0,0,0,0,1,0,0,0,0
24944,2020043653,1510.0,1459.0,36,36232,40.0197,-75.9933,1,0,0,0,0,0,4,5,2020,1,14.0,1.0,0,1.0,1,1,03,03,3,3.0,0,0,1,0,0,0,0,0,0,0,0,0,0,0,0,0,1
24945,2020043731,2045.0,2045.0,67,67301,40.0166,-75.1472,0,0,0,0,0,0,4,6,2020,4,19.0,1.0,0,1.0,3,1,03,  ,2,3.0,0,0,1,0,0,0,0,0,0,0,0,0,0,0,0,0,1
24946,2020044088,1532.0,1529.0,32,32408,40.6198,-79.1432,0,1,0,0,0,0,4,5,2020,7,15.0,1.0,0,1.0,2,1,03,03,3,3.0,0,0,1,0,0,0,0,0,0,0,0,0,0,0,0,0,0
24947,2020044208,1102.0,1102.0,67,67301,39.9573,-75.1912,0,0,0,0,0,0,3,6,2020,1,11.0,1.0,0,1.0,3,3,03,03,2,3.0,0,0,0,0,0,0,0,0,0,0,0,0,0,0,0,0,0
24948,2020044281,1742.0,1740.0,2,2405,40.507,-80.0842,0,0,0,0,1,0,2,5,2020,3,17.0,1.0,0,1.0,3,2,03,03,0,0.0,0,0,0,0,0,0,0,0,0,0,0,0,0,0,0,0,0
24949,2020044298,1841.0,1840.0,23,23415,39.9629,-75.2504,0,0,0,0,0,0,5,6,2020,1,18.0,1.0,0,1.0,3,0,03,03,0,0.0,0,0,0,0,0,0,0,0,0,0,0,0,0,0,0,0,0
24950,2020044347,1852.0,1848.0,9,9226,40.1855,-75.0874,0,0,0,0,0,0,4,6,2020,1,18.0,1.0,0,1.0,3,0,03,03,0,0.0,0,0,1,0,0,0,0,0,0,0,0,0,0,0,0,0,0
24951,2020044363,1639.0,1637.0,2,2446,40.4389,-79.7664,0,0,0,0,0,0,8,6,2020,7,16.0,1.0,0,1.0,3,0,03,03,2,3.0,0,0,0,0,0,0,0,0,0,0,0,0,0,0,0,1,0
24952,2020044464,1743.0,1740.0,43,43404,41.1631,-80.0845,0,0,0,0,0,0,4,6,2020,7,17.0,1.0,0,1.0,2,0,03,  ,0,0.0,0,0,1,0,0,0,0,0,0,0,0,0,0,0,0,0,0
24953,2020044492,1210.0,1205.0,67,67301,39.961,-75.137,0,0,0,0,0,0,4,6,2020,7,12.0,1.0,0,1.0,3,2,03,03,0,0.0,0,0,1,0,0,0,0,0,0,0,0,0,0,0,0,0,0
24954,2020044511,1321.0,1321.0,67,67301,40.0429,-75.1722,0,0,0,0,0,0,4,6,2020,1,13.0,1.0,0,1.0,3,1,03,03,2,3.0,0,0,1,0,0,0,0,0,0,0,0,0,0,0,0,0,0
24955,2020044829,1301.0,1300.0,15,15215,40.0467,-75.4211,0,0,0,0,0,0,4,6,2020,3,12.0,1.0,0,1.0,3,2,03,03,3,3.0,0,0,1,0,0,0,0,0,0,0,0,0,0,0,0,0,0
24956,2020044709,1316.0,1315.0,67,67301,40.0165,-75.0839,0,0,0,0,0,0,4,6,2020,2,15.0,1.0,0,1.0,3,3,03,03,0,0.0,1,0,1,0,0,0,0,0,0,0,0,0,0,0,0,0,0
24957,2020044803,649.0,647.0,46,46113,40.2132,-75.3111,0,0,0,0,0,0,5,6,2020,3,6.0,1.0,0,1.0,3,1,03,  ,2,3.0,0,0,0,0,0,0,0,0,0,0,0,0,0,0,0,0,0
24958,2020044941,1206.0,1202.0,36,36215,40.0239,-76.1935,0,0,0,0,0,0,4,6,2020,7,12.0,1.0,7,1.0,1,0,03,03,0,0.0,0,0,1,0,0,0,0,0,0,0,0,0,0,0,0,1,0
24959,2020045086,1717.0,1715.0,46,46206,40.2687,-75.4695,0,0,0,0,0,0,2,6,2020,3,17.0,1.0,0,1.0,1,0,03,03,2,3.0,0,0,0,0,0,0,0,0,0,0,0,0,0,0,0,0,0
24960,2020045159,1919.0,1914.0,48,48210,40.58,-75.3632,0,0,0,0,0,0,4,6,2020,3,19.0,4.0,0,1.0,1,1,03,  ,2,3.0,0,0,1,0,0,0,0,0,0,0,0,0,0,0,0,0,0
24961,2020045267,2114.0,2108.0,67,67301,40.0773,-75.1792,0,0,0,0,0,0,4,6,2020,3,20.0,3.0,0,1.0,3,0,03,03,0,0.0,0,0,1,0,0,0,0,0,0,0,0,0,0,0,0,0,0
24962,2020045310,1855.0,1852.0,35,35401,41.4959,-75.5404,0,0,0,0,0,0,2,6,2020,4,18.0,1.0,0,1.0,3,1,03,03,0,0.0,0,0,0,0,0,0,0,0,0,0,0,0,0,0,0,0,0
24963,2020045771,1559.0,1558.0,40,40410,41.2792,-75.8784,0,0,0,0,1,0,4,6,2020,5,15.0,1.0,7,1.0,3,0,03,03,0,0.0,1,0,1,0,0,0,0,0,0,0,0,0,0,0,0,0,0
24964,2020046015,1758.0,1740.0,67,67301,39.9335,-75.1509,0,0,0,0,0,0,5,5,2020,1,17.0,1.0,0,1.0,3,0,03,98,0,0.0,1,0,0,0,0,0,0,0,0,0,0,0,0,0,1,0,0
24965,2020046021,2040.0,2037.0,22,22301,40.2852,-76.8912,0,0,0,0,0,0,6,6,2020,6,20.0,1.0,0,1.0,3,1,03,03,0,0.0,0,0,0,0,0,0,0,0,0,0,0,0,0,0,0,0,1
24966,2020046130,1401.0,1400.0,23,23404,39.928,-75.2907,0,0,0,0,1,0,1,6,2020,7,14.0,1.0,0,1.0,3,0,03,03,0,0.0,0,0,0,0,0,0,0,0,0,0,0,0,0,0,0,1,0
24967,2020046146,1547.0,1543.0,9,9226,40.1866,-75.0626,0,0,0,0,0,0,4,6,2020,7,15.0,1.0,7,1.0,3,0,03,03,3,3.0,0,0,1,0,0,0,0,0,0,0,0,0,0,0,0,0,1
24968,2020046174,1752.0,1752.0,23,23405,39.9148,-75.2705,0,0,0,0,0,0,8,6,2020,7,17.0,1.0,0,1.0,3,1,03,03,2,3.0,0,0,0,0,0,0,0,0,0,0,0,0,0,0,0,0,0
24969,2020046217,1947.0,1945.0,40,40304,41.2311,-75.8992,0,0,0,0,0,0,4,6,2020,7,19.0,1.0,0,1.0,3,1,03,03,3,3.0,0,0,1,0,0,0,0,0,0,0,0,0,0,0,0,1,0
24970,2020046266,1043.0,1041.0,38,38402,40.2763,-76.412,0,0,0,0,0,0,4,6,2020,1,10.0,1.0,7,1.0,1,0,03,03,3,3.0,0,0,1,0,0,0,0,0,0,0,0,0,0,0,0,1,0
24971,2020046292,1233.0,1230.0,67,67301,40.0365,-75.0228,0,1,0,0,0,0,5,6,2020,7,12.0,1.0,0,1.0,3,0,03,03,0,0.0,0,0,0,0,0,0,0,0,0,0,0,0,0,0,0,0,0
24972,2020046411,1448.0,1433.0,50,50214,40.4529,-77.3571,0,0,0,0,0,0,4,6,2020,6,14.0,1.0,0,1.0,1,3,03,  ,0,0.0,1,0,1,0,0,0,0,0,0,0,0,0,0,0,0,1,0
24973,2020046524,1520.0,1515.0,67,67301,40.0124,-75.0876,0,0,0,0,0,0,4,6,2020,1,15.0,1.0,1,1.0,3,1,03,  ,2,3.0,0,0,1,0,0,0,0,0,0,0,0,0,0,0,0,0,0
24974,2020046528,1737.0,1737.0,67,67301,39.9872,-75.1052,0,0,0,0,0,1,5,6,2020,7,19.0,4.0,0,1.0,3,0,03,  ,0,0.0,0,0,0,0,0,0,0,0,0,0,0,0,0,0,0,0,0
24975,2020046560,1148.0,1137.0,30,30215,39.7326,-80.0572,0,0,0,0,0,0,2,6,2020,5,11.0,1.0,0,1.0,1,1,03,  ,3,3.0,1,0,0,0,0,0,0,0,0,0,0,0,0,0,0,0,0
24976,2020046752,1229.0,1216.0,15,15231,39.9258,-75.6634,0,0,0,0,0,0,6,6,2020,1,12.0,1.0,0,1.0,1,0,03,  ,0,0.0,0,0,0,0,0,0,0,0,0,0,0,0,0,0,0,0,0
24977,2020046926,829.0,825.0,10,10217,40.7538,-80.1167,0,0,0,0,1,0,8,6,2020,3,8.0,1.0,0,1.0,1,2,03,03,2,3.0,1,0,0,0,0,0,0,0,0,0,0,0,0,0,0,0,0
24978,2020047225,2127.0,2122.0,66,66301,39.964,-76.7459,0,0,0,0,0,1,4,6,2020,3,21.0,3.0,0,1.0,3,1,03,  ,3,3.0,1,0,1,0,0,0,0,0,1,0,0,0,0,0,0,0,0
24979,2020047254,1829.0,1826.0,48,48302,40.6942,-75.2094,0,0,0,0,0,0,2,6,2020,2,18.0,1.0,0,1.0,3,1,03,  ,2,3.0,1,0,0,0,0,0,0,0,0,0,0,0,0,0,0,0,0
24980,2020047263,842.0,836.0,39,39209,40.5452,-75.6724,1,0,0,0,0,0,4,6,2020,1,8.0,1.0,0,1.0,1,1,03,03,3,3.0,1,0,1,0,0,0,0,0,0,0,1,0,1,1,0,0,0
24981,2020047270,640.0,637.0,46,46413,40.1091,-75.3292,0,0,0,1,0,0,4,6,2020,4,6.0,1.0,0,1.0,3,0,03,  ,0,0.0,0,0,1,0,1,1,0,0,0,0,0,0,0,0,0,0,0
24982,2020047322,1801.0,1757.0,66,66420,39.7357,-76.7,0,0,0,0,0,0,2,6,2020,1,17.0,1.0,0,1.0,1,1,03,03,3,3.0,0,0,0,0,0,0,0,0,0,0,0,0,0,0,0,0,0
24983,2020047391,1933.0,1933.0,67,67301,40.0434,-75.1238,0,0,0,0,0,1,4,6,2020,3,19.0,1.0,0,1.0,3,1,03,03,2,3.0,0,0,1,0,0,0,0,0,0,0,0,0,0,0,0,0,0
24984,2020047408,4.0,4.0,39,39102,40.6402,-75.4896,0,0,0,0,0,1,1,6,2020,4,0.0,3.0,0,1.0,3,0,03,03,0,0.0,0,0,0,0,0,0,0,0,0,0,0,0,0,0,0,0,0
24985,2020047422,1151.0,1151.0,48,48301,40.6081,-75.3796,0,0,0,0,0,0,4,6,2020,3,11.0,1.0,0,1.0,3,2,03,03,0,0.0,1,0,1,0,0,0,0,0,0,0,0,0,0,0,0,0,1
24986,2020047427,1719.0,1715.0,48,48212,40.6674,-75.2607,0,0,0,0,0,0,4,6,2020,4,17.0,1.0,0,1.0,3,2,03,03,3,3.0,0,0,1,0,0,0,0,0,0,0,0,0,0,0,0,0,0
24987,2020047468,207.0,150.0,40,40225,41.2339,-75.965,0,0,0,0,0,0,5,6,2020,4,1.0,3.0,0,1.0,1,0,03,  ,0,0.0,0,0,0,0,0,0,0,0,0,0,0,0,0,0,0,0,0
24988,2020047768,927.0,921.0,22,22219,40.3521,-76.7631,0,0,0,0,0,1,2,5,2020,7,9.0,1.0,0,1.0,1,0,03,  ,2,3.0,1,0,0,0,0,0,0,0,0,0,0,1,0,0,0,0,0
24989,2020047856,1929.0,1929.0,67,67301,39.9893,-75.119,0,0,0,0,0,0,4,6,2020,2,19.0,1.0,0,1.0,3,2,03,03,0,0.0,0,0,1,0,0,0,0,0,0,0,0,0,0,0,0,0,0
24990,2020047862,834.0,831.0,25,25213,42.0758,-80.0931,0,0,0,0,0,1,4,6,2020,5,8.0,1.0,0,1.0,3,1,03,03,2,3.0,0,0,1,0,0,1,0,0,0,0,0,0,0,0,0,0,0
24991,2020047930,1438.0,1431.0,15,15247,39.9476,-75.5732,0,0,0,0,0,1,4,6,2020,5,14.0,1.0,0,1.0,3,2,3,  ,0,0.0,0,0,1,0,0,0,0,0,0,0,0,0,0,0,0,0,0
24992,2020047950,1950.0,1943.0,67,67301,39.9492,-75.1505,0,0,1,0,0,0,5,6,2020,7,19.0,1.0,0,1.0,3,0,3,  ,0,0.0,0,0,0,0,1,0,0,0,0,0,0,0,0,0,0,0,0
24993,2020048169,1652.0,1644.0,46,46223,40.2959,-75.4545,0,0,0,0,0,0,4,6,2020,1,16.0,1.0,0,1.0,1,3,3,  ,0,0.0,0,0,1,0,0,0,0,0,0,0,0,0,0,1,0,0,0
24994,2020048216,2011.0,1959.0,67,67301,39.9481,-75.1542,0,0,0,0,0,1,4,6,2020,1,19.0,1.0,0,1.0,3,1,3,03,2,3.0,0,0,1,0,0,0,0,0,0,0,0,0,0,0,0,0,0
24995,2020048223,1336.0,1335.0,67,67301,40.006,-75.1766,0,0,0,0,0,0,4,6,2020,7,12.0,1.0,0,1.0,3,3,3,03,2,3.0,0,0,1,0,0,0,0,0,0,0,0,0,0,0,0,0,0
24996,2020048226,1542.0,1534.0,9,9101,40.1338,-74.8309,0,0,0,0,0,0,4,6,2020,7,14.0,1.0,0,1.0,3,2,3,03,3,3.0,0,0,1,0,0,0,0,0,0,0,0,0,0,0,0,0,1
24997,2020048337,1342.0,1342.0,67,67301,39.9181,-75.171,0,0,0,0,0,0,4,6,2020,4,13.0,1.0,0,1.0,3,1,3,  ,2,3.0,1,0,1,0,0,0,0,0,0,0,0,0,0,0,0,1,0
24998,2020048388,1535.0,1530.0,66,66422,39.9754,-76.73,0,0,0,0,0,1,4,6,2020,1,15.0,1.0,0,1.0,3,0,3,03,3,3.0,1,0,1,0,0,0,0,0,0,0,1,0,1,0,0,0,0
24999,2020048416,1915.0,1911.0,67,67301,40.0431,-75.0295,0,0,0,0,0,0,4,6,2020,4,19.0,1.0,0,1.0,3,0,3,03,0,0.0,0,0,1,0,0,0,0,0,0,0,0,0,0,0,0,0,0
25000,2020048506,1729.0,1722.0,67,67301,40.0296,-75.2292,0,0,0,0,0,0,1,6,2020,7,17.0,1.0,0,9.0,3,2,7,98,2,3.0,0,0,0,0,0,0,0,0,0,0,0,0,0,0,0,0,0
25001,2020048539,1923.0,1917.0,48,48301,40.6292,-75.3539,0,0,0,0,0,0,0,6,2020,1,15.0,1.0,0,1.0,3,0,3,03,0,0.0,0,0,0,0,0,0,0,0,0,0,0,0,0,0,0,0,0
25002,2020048549,1215.0,1215.0,63,63403,41.5776,-75.2583,0,0,0,0,0,0,4,6,2020,1,12.0,1.0,0,1.0,2,2,3,03,0,0.0,1,0,1,0,0,0,0,0,0,0,0,0,0,0,0,1,0
25003,2020048581,1328.0,1325.0,25,25302,42.1324,-80.0736,0,0,0,0,0,1,4,6,2020,1,13.0,1.0,0,1.0,3,1,3,03,3,3.0,0,0,1,0,0,0,0,0,0,0,0,0,0,0,0,0,0
25004,2020048612,1516.0,1515.0,46,46104,40.0118,-75.2988,0,0,0,0,0,0,4,6,2020,6,15.0,1.0,7,1.0,3,0,3,  ,3,3.0,1,0,1,0,0,0,0,0,0,0,0,0,0,0,0,1,0
25005,2020048717,1715.0,1715.0,67,67301,39.9578,-75.1602,0,0,1,0,0,0,4,5,2020,7,17.0,1.0,3,1.0,3,1,3,03,2,3.0,0,0,1,0,0,0,0,0,0,0,0,0,0,0,0,0,0
25006,2020048751,1955.0,1951.0,67,67301,39.9721,-75.2299,0,0,0,0,0,0,4,6,2020,6,16.0,1.0,0,1.0,3,0,3,03,0,0.0,0,0,1,0,0,0,0,0,0,0,0,0,0,0,0,0,0
25007,2020048822,2151.0,2147.0,28,28203,39.9472,-77.6282,1,0,0,0,0,0,4,5,2020,5,21.0,3.0,0,1.0,1,0,3,  ,0,0.0,0,0,1,0,0,0,0,0,0,0,0,0,0,0,0,0,1
25008,2020048944,418.0,415.0,2,2301,40.4789,-80.043,0,0,0,0,0,1,4,6,2020,3,4.0,3.0,0,1.0,3,1,3,03,2,3.0,0,0,1,0,0,0,0,0,0,0,0,0,0,0,0,0,0
25009,2020048991,1709.0,1705.0,36,36301,40.0487,-76.3088,0,0,0,0,0,0,4,6,2020,4,17.0,1.0,0,1.0,3,1,3,  ,3,3.0,0,0,1,0,0,0,0,0,0,0,0,0,0,0,0,0,0
25010,2020049186,1909.0,1904.0,64,64207,40.3936,-79.1575,0,0,0,0,0,0,4,6,2020,6,19.0,1.0,0,1.0,1,1,3,  ,0,0.0,0,0,1,0,0,0,0,0,0,0,0,0,0,0,0,0,1
25011,2020049298,1543.0,1538.0,46,46222,40.1361,-75.5071,0,0,0,0,0,0,4,5,2020,7,15.0,1.0,7,1.0,3,0,3,03,0,0.0,0,0,1,0,0,0,0,0,0,0,0,0,0,0,0,0,0
25012,2020049390,1258.0,1252.0,50,50202,40.3109,-77.1528,0,0,0,0,0,1,4,6,2020,7,12.0,1.0,0,1.0,1,1,3,  ,0,0.0,1,0,1,0,0,0,0,0,0,0,0,0,0,0,0,1,0
25013,2020049460,2045.0,2042.0,48,48302,40.6775,-75.2194,0,0,0,0,0,0,4,6,2020,1,20.0,1.0,0,1.0,3,1,3,  ,0,0.0,0,0,1,0,0,0,0,0,0,0,0,0,0,0,0,0,1
25014,2020049462,1813.0,1804.0,2,2301,40.4517,-79.8835,0,0,0,0,0,1,2,6,2020,4,18.0,1.0,0,1.0,3,0,3,  ,0,0.0,0,0,0,0,0,0,0,0,0,0,0,0,0,0,0,0,0
25015,2020049578,1917.0,1916.0,15,15301,39.9844,-75.8113,0,1,0,0,0,0,4,6,2020,3,19.0,1.0,0,1.0,3,1,3,03,0,0.0,0,0,1,0,0,0,0,0,0,0,0,0,0,0,0,0,0
25016,2020049662,1230.0,1227.0,7,7301,40.5212,-78.4049,0,0,0,0,0,1,4,6,2020,4,12.0,1.0,0,1.0,3,1,3,03,3,3.0,1,0,1,0,0,0,0,0,0,0,0,0,0,0,0,0,0
25017,2020049741,1555.0,1550.0,64,64305,40.5637,-79.768,0,0,0,0,0,0,4,6,2020,4,15.0,1.0,0,1.0,3,0,3,03,0,0.0,0,0,1,0,0,0,0,0,0,0,0,0,0,0,0,0,0
25018,2020049754,1644.0,1642.0,23,23111,39.9495,-75.3072,0,0,0,0,0,0,4,6,2020,5,16.0,1.0,0,1.0,3,5,3,  ,2,3.0,0,0,1,0,0,0,0,0,0,0,0,0,0,0,0,0,0
25019,2020049850,1330.0,1313.0,67,67301,39.9782,-75.2468,0,0,0,0,0,0,2,6,2020,3,9.0,1.0,0,1.0,3,0,4,04,0,0.0,0,0,0,0,0,0,0,0,0,0,0,0,0,0,0,0,0
25020,2020049948,1526.0,1515.0,36,36301,40.0227,-76.3126,0,0,0,0,0,1,4,6,2020,4,15.0,1.0,0,1.0,3,1,4,03,3,3.0,0,0,1,0,0,0,0,0,0,0,0,0,0,0,0,0,0
25021,2020050061,1357.0,1322.0,51,51208,41.3859,-75.2398,0,1,0,1,0,0,4,5,2020,1,13.0,1.0,0,1.0,1,2,3,03,0,0.0,1,0,1,0,0,0,0,0,0,0,0,0,0,0,0,0,1
25022,2020050095,1559.0,1556.0,2,2108,40.6051,-80.0059,0,0,0,0,0,1,4,6,2020,7,15.0,1.0,7,1.0,3,0,3,03,3,3.0,0,0,1,0,0,0,0,0,0,0,0,0,0,0,0,0,1
25023,2020050112,2140.0,2135.0,67,67301,39.9526,-75.19,0,0,0,0,0,0,4,6,2020,6,21.0,3.0,0,1.0,3,1,3,03,2,3.0,0,0,1,0,0,0,0,0,0,0,0,0,0,0,0,0,0
25024,2020050114,1842.0,1839.0,2,2113,40.4797,-79.8422,0,0,0,0,1,0,4,6,2020,6,18.0,1.0,0,1.0,3,2,3,03,3,3.0,1,0,1,0,0,0,0,0,0,0,0,0,0,0,0,0,0
25025,2020050143,2255.0,2245.0,67,67301,39.9544,-75.1631,0,0,0,0,0,0,4,6,2020,7,22.0,3.0,0,1.0,3,1,3,  ,2,3.0,0,0,1,0,0,0,0,0,0,0,0,0,0,0,0,0,0
25026,2020050336,1600.0,1545.0,67,67301,39.9563,-75.2115,0,0,0,0,0,0,6,6,2020,4,12.0,1.0,0,1.0,3,2,3,03,0,0.0,0,0,0,0,0,0,0,0,0,0,0,0,0,0,0,0,0
25027,2020050422,1201.0,1156.0,23,23107,39.8786,-75.3368,0,0,0,0,0,0,5,6,2020,1,11.0,1.0,0,1.0,3,0,3,03,0,0.0,0,0,0,0,0,0,0,0,0,0,0,0,0,0,0,0,0
25028,2020050648,1149.0,1145.0,46,46101,40.1435,-75.1361,0,0,0,0,0,1,4,6,2020,7,11.0,1.0,0,1.0,3,0,3,03,0,0.0,0,0,1,0,0,0,0,0,0,0,0,0,0,0,0,0,0
25029,2020050655,647.0,646.0,35,35302,41.4163,-75.67,0,0,0,0,0,0,4,6,2020,2,6.0,1.0,2,1.0,3,6,3,03,4,3.0,0,0,1,0,0,0,0,0,0,0,0,0,0,0,0,0,0
25030,2020050661,1659.0,1657.0,9,9225,40.1798,-75.0449,0,0,0,0,0,0,4,6,2020,5,16.0,1.0,0,1.0,3,1,3,  ,0,0.0,0,0,1,0,0,0,0,0,0,0,0,0,0,0,0,0,0
25031,2020050730,2002.0,2002.0,53,53401,40.7813,-76.3437,0,1,0,0,0,0,4,6,2020,7,20.0,1.0,0,1.0,1,1,3,  ,0,0.0,0,1,1,0,0,0,0,0,0,0,0,0,0,0,0,1,0
25032,2020050761,1443.0,1443.0,23,23105,39.8936,-75.3705,0,0,0,0,0,1,2,6,2020,4,14.0,1.0,0,1.0,3,2,3,  ,0,0.0,0,0,0,0,0,0,0,0,0,0,0,0,0,0,0,0,0
25033,2020050802,1711.0,1704.0,36,36101,40.1109,-76.2803,0,1,0,0,0,1,4,6,2020,5,17.0,1.0,0,1.0,3,2,3,03,0,0.0,1,0,1,0,0,0,0,0,0,0,0,0,0,0,0,1,0
25034,2020050818,2118.0,2116.0,38,38301,40.3465,-76.4254,0,0,0,0,0,0,4,6,2020,5,21.0,3.0,0,1.0,2,2,3,03,3,3.0,0,0,1,0,0,0,0,0,0,0,0,0,0,0,0,0,0
25035,2020051018,1605.0,1605.0,46,46211,40.2386,-75.2299,0,1,0,0,0,0,4,6,2020,1,16.0,1.0,0,1.0,1,1,3,  ,2,3.0,0,0,1,0,0,1,0,0,0,0,0,0,0,0,0,0,0
25036,2020051067,1305.0,1245.0,10,10201,40.7421,-80.0323,0,1,0,0,0,1,4,6,2020,7,12.0,1.0,0,1.0,1,1,3,  ,3,3.0,1,0,1,0,0,0,0,0,0,0,0,0,0,0,0,0,0
25037,2020051157,1815.0,1813.0,46,46101,40.1288,-75.1466,0,0,0,0,0,0,4,6,2020,4,18.0,1.0,0,1.0,3,2,4,04,2,3.0,1,0,1,0,0,0,0,0,0,0,0,0,0,0,0,1,0
25038,2020051451,1928.0,1925.0,64,64428,40.295,-79.5451,0,0,0,0,0,0,4,6,2020,6,19.0,1.0,0,1.0,3,0,4,04,0,0.0,0,0,1,0,0,0,0,0,0,0,0,0,0,0,0,0,0
25039,2020051472,1744.0,1741.0,67,67301,40.0256,-75.2024,1,0,0,0,0,0,4,6,2020,1,17.0,1.0,0,1.0,3,2,3,  ,0,0.0,0,0,1,0,0,0,0,0,0,0,0,0,0,0,0,0,0
25040,2020051557,1333.0,1333.0,46,46226,40.1688,-75.392,0,0,0,0,0,0,4,6,2020,7,13.0,1.0,0,1.0,1,2,3,  ,2,2.0,1,0,1,0,0,0,0,0,0,0,0,0,0,0,0,0,0
25041,2020051565,1855.0,1855.0,40,40303,41.3444,-75.7343,0,0,0,0,0,0,4,7,2020,4,18.0,1.0,0,1.0,3,0,3,03,0,0.0,0,0,1,0,0,0,0,0,0,0,0,0,0,0,0,0,0
25042,2020051899,1725.0,1722.0,3,3214,40.7837,-79.5218,0,1,0,0,0,1,4,7,2020,4,17.0,1.0,0,3.0,1,0,3,03,3,3.0,0,0,1,0,0,0,0,0,0,0,0,0,0,0,0,0,0
25043,2020051918,1727.0,1724.0,67,67301,39.945,-75.2301,0,0,0,0,0,0,4,6,2020,6,17.0,1.0,0,1.0,3,2,3,03,0,0.0,0,0,1,0,0,0,0,0,0,0,0,0,0,0,0,1,0
25044,2020051987,2045.0,2045.0,67,67301,39.9484,-75.1591,0,0,0,0,0,0,5,6,2020,1,20.0,4.0,0,1.0,3,0,3,03,0,0.0,1,0,0,0,0,0,0,0,0,0,0,0,0,1,0,0,0
25045,2020051992,2102.0,2051.0,67,67301,39.9966,-75.1133,0,0,0,0,0,0,4,6,2020,3,20.0,3.0,1,1.0,3,5,3,03,2,3.0,0,0,1,0,0,1,0,0,0,0,0,0,0,0,0,0,0
25046,2020052135,2131.0,2130.0,67,67301,40.0105,-75.1608,0,0,0,0,0,0,4,7,2020,5,21.0,3.0,0,1.0,3,1,3,03,3,3.0,0,0,1,0,0,0,0,0,0,0,0,0,0,0,0,0,0
25047,2020052188,2118.0,2117.0,30,30406,39.8931,-80.1856,0,0,0,0,0,0,4,7,2020,5,21.0,2.0,0,1.0,1,1,3,  ,3,2.0,0,0,1,0,0,0,0,0,0,0,0,0,0,0,0,0,0
25048,2020052196,1234.0,1231.0,11,11222,40.2876,-78.8549,0,0,0,0,0,1,4,7,2020,6,12.0,1.0,0,1.0,3,2,3,03,3,3.0,0,0,1,0,0,0,0,0,0,0,0,0,0,0,0,0,0
25049,2020052328,1430.0,1427.0,36,36413,40.1092,-76.499,0,0,0,0,0,0,4,7,2020,6,14.0,1.0,0,1.0,2,1,3,  ,2,3.0,1,0,1,0,0,0,0,0,0,0,0,0,0,0,0,0,0
25050,2020052418,1836.0,1834.0,67,67301,39.9441,-75.1535,0,0,0,0,0,0,4,7,2020,6,16.0,1.0,6,1.0,3,1,3,03,2,3.0,1,0,1,0,0,0,0,0,0,0,0,0,0,0,0,0,0
25051,2020052665,1420.0,1415.0,67,67301,39.9558,-75.1913,0,0,0,0,0,0,3,7,2020,2,14.0,1.0,0,9.0,3,0,7,  ,0,0.0,0,0,0,0,0,0,0,0,0,0,0,0,0,0,0,0,0
25052,2020052879,1805.0,1801.0,48,48302,40.6884,-75.2077,0,0,0,0,0,0,4,7,2020,2,18.0,1.0,0,1.0,3,2,4,  ,3,3.0,1,0,1,0,0,0,0,0,0,0,0,0,1,0,0,0,0
25053,2020052897,1745.0,1743.0,2,2109,40.3857,-80.0539,0,0,0,0,1,0,4,7,2020,2,17.0,1.0,0,1.0,3,2,3,  ,3,3.0,1,0,1,0,0,0,0,0,0,0,0,0,0,0,0,0,0
25054,2020052915,1105.0,1100.0,48,48301,40.626,-75.3646,0,0,0,0,0,1,4,6,2020,2,10.0,1.0,0,1.0,3,1,3,03,0,0.0,0,0,1,0,0,0,0,0,0,0,0,0,0,0,0,0,0
25055,2020053365,1452.0,1448.0,23,23103,39.9984,-75.3582,0,0,0,1,0,0,5,6,2020,3,14.0,1.0,0,1.0,3,0,3,  ,0,0.0,0,0,0,0,1,1,0,0,0,0,0,0,0,0,0,0,1
25056,2020053473,1422.0,1419.0,46,46102,40.1001,-75.1771,0,0,0,0,0,0,4,7,2020,5,14.0,1.0,0,1.0,3,1,3,  ,2,3.0,0,0,1,0,0,0,0,0,0,0,0,0,0,0,0,1,0