,CRN,ARRIVAL_TM,DISPATCH_TM,COUNTY,MUNICIPALITY,DEC_LAT,DEC_LONG,BICYCLE_DEATH_COUNT,BICYCLE_SUSP_SERIOUS_INJ_COUNT,BUS_COUNT,HEAVY_TRUCK_COUNT,SMALL_TRUCK_COUNT,SUV_COUNT,COLLISION_TYPE,CRASH_MONTH,CRASH_YEAR,DAY_OF_WEEK,HOUR_OF_DAY,ILLUMINATION,LOCATION_TYPE,ROAD_CONDITION,URBAN_RURAL,INTERSECT_TYPE,WEATHER1,WEATHER2,TCD_TYPE,TCD_FUNC_CD,AGGRESSIVE_DRIVING,ALCOHOL_RELATED,ANGLE_CRASH,CELL_PHONE,COMM_VEHICLE,DISTRACTED,DRINKING_DRIVER,DRUGGED_DRIVER,FATIGUE_ASLEEP,IMPAIRED_DRIVER,NHTSA_AGG_DRIVING,RUNNING_RED_LT,RUNNING_STOP_SIGN,SPEEDING_RELATED,TAILGATING,MATURE_DRIVER,YOUNG_DRIVER
25057,2020053804,946.0,941.0,39,39404,40.6646,-75.5001,0,0,0,0,0,0,4,6,2020,2,9.0,1.0,0,1.0,3,2,3,  ,3,3.0,1,0,1,0,0,0,0,0,0,0,0,0,1,0,0,1,0
25058,2020053916,2308.0,2307.0,23,23423,39.9048,-75.2707,0,0,0,0,0,0,4,7,2020,5,23.0,3.0,0,1.0,3,0,3,03,0,0.0,0,0,1,0,0,0,0,0,0,0,0,0,0,0,0,0,0
25059,2020054000,655.0,655.0,67,67301,39.9563,-75.2399,0,0,0,0,0,0,4,7,2020,5,6.0,1.0,0,1.0,3,1,3,  ,2,3.0,0,0,1,0,0,0,0,0,0,0,0,0,0,0,0,0,1
25060,2020054260,2117.0,2113.0,67,67301,39.969,-75.184,1,0,0,0,0,0,4,7,2020,3,21.0,3.0,0,1.0,3,0,3,  ,0,0.0,0,0,1,0,0,0,0,0,0,0,0,0,0,0,0,0,0
25061,2020054432,954.0,950.0,9,9218,40.2067,-74.975,0,0,0,0,0,1,4,7,2020,7,9.0,1.0,0,1.0,3,2,3,03,3,3.0,0,0,1,0,0,0,0,0,0,0,0,0,0,0,0,0,0
25062,2020054457,1049.0,1048.0,67,67301,39.9333,-75.1902,0,1,0,0,0,0,4,7,2020,7,10.0,1.0,0,1.0,3,1,4,04,3,3.0,0,0,1,0,0,0,0,0,0,0,0,0,0,0,0,1,0
25063,2020054491,1540.0,1536.0,2,2301,40.4554,-80.0537,0,1,0,0,0,0,4,7,2020,7,15.0,1.0,0,1.0,3,1,3,  ,3,3.0,0,0,1,0,0,0,0,0,0,0,0,0,0,0,0,0,1
25064,2020054682,1116.0,1112.0,32,32408,40.6242,-79.1457,0,0,0,0,0,0,4,7,2020,1,11.0,1.0,0,1.0,2,1,4,  ,3,3.0,1,0,1,0,0,0,0,0,0,0,0,0,0,0,0,0,0
25065,2020054732,1653.0,1653.0,9,9101,40.1295,-74.8827,0,0,0,0,0,1,4,7,2020,1,10.0,1.0,0,1.0,3,2,3,03,3,3.0,1,0,1,0,0,0,0,0,0,0,0,0,0,0,0,0,0
25066,2020054733,1814.0,1811.0,46,46413,40.1197,-75.3534,0,0,0,0,0,1,8,7,2020,1,18.0,1.0,0,1.0,3,1,3,  ,2,3.0,1,0,0,0,0,0,0,0,0,0,0,1,0,0,0,0,0
25067,2020054881,554.0,551.0,15,15254,40.032,-75.6111,0,0,0,0,0,0,4,7,2020,5,5.0,5.0,0,1.0,3,0,3,  ,8,9.0,0,0,1,0,0,0,0,0,0,0,0,0,0,0,0,0,0
25068,2020054902,2213.0,2213.0,67,67301,39.99,-75.1172,0,1,0,0,0,0,4,7,2020,7,22.0,3.0,0,1.0,3,1,3,  ,0,0.0,0,0,1,0,0,0,0,0,0,0,0,0,0,0,0,0,0
25069,2020054906,1600.0,1555.0,39,39102,40.6411,-75.4729,0,0,0,0,0,0,4,7,2020,6,15.0,1.0,0,9.0,3,1,7,07,3,3.0,0,0,1,0,0,0,0,0,0,0,0,0,0,0,0,0,0
25070,2020054919,1140.0,1140.0,15,15411,40.1338,-75.5185,0,0,0,0,0,0,4,7,2020,2,11.0,1.0,0,1.0,3,1,3,  ,2,3.0,0,0,1,0,0,0,0,0,0,0,0,0,0,0,0,0,0
25071,2020055008,2046.0,2042.0,67,67301,40.0037,-75.1874,1,0,0,0,0,0,99,7,2020,1,20.0,3.0,0,1.0,3,0,3,  ,0,0.0,0,0,0,0,0,0,0,0,0,0,0,0,0,0,0,0,0
25072,2020055044,1731.0,1729.0,48,48301,40.6402,-75.3757,0,0,0,0,0,0,4,7,2020,3,17.0,1.0,0,1.0,3,1,3,03,2,3.0,0,0,1,0,0,0,0,0,0,0,0,0,0,0,0,0,0
25073,2020055062,1835.0,1826.0,2,2301,40.4376,-79.9135,0,0,0,0,0,0,5,7,2020,2,18.0,1.0,0,1.0,3,0,3,  ,0,0.0,1,0,0,0,0,0,0,0,0,0,0,0,0,0,0,0,0
25074,2020055135,2020.0,2018.0,36,36301,40.0334,-76.3231,0,1,0,0,0,1,4,7,2020,2,20.0,1.0,7,1.0,3,0,3,03,0,0.0,0,0,1,0,0,0,0,0,0,0,0,0,0,0,0,0,0
25075,2020055156,2003.0,2001.0,66,66301,39.9652,-76.7123,0,0,0,0,0,0,4,7,2020,2,20.0,1.0,0,1.0,3,1,3,03,3,3.0,0,0,1,0,0,0,0,0,0,0,0,0,0,0,0,0,0
25076,2020055179,100.0,56.0,67,67301,39.9393,-75.2336,0,0,0,0,0,0,4,7,2020,2,0.0,3.0,0,9.0,3,0,7,  ,0,0.0,0,0,1,0,0,0,0,0,0,0,0,0,0,0,0,0,0
25077,2020055183,1906.0,1904.0,6,6214,40.3362,-75.8735,0,0,0,0,0,0,4,6,2020,2,19.0,1.0,0,1.0,3,0,3,  ,0,0.0,0,0,1,0,0,0,0,0,0,0,0,0,0,0,0,1,0
25078,2020055227,911.0,909.0,40,40418,41.2831,-75.894,0,0,0,0,0,0,4,7,2020,3,9.0,1.0,0,1.0,3,1,3,03,3,3.0,0,0,1,0,0,0,0,0,0,0,0,0,0,0,0,1,0
25079,2020055491,1643.0,1642.0,35,35408,41.5317,-75.5488,0,0,0,0,0,1,4,7,2020,3,16.0,1.0,0,1.0,3,1,3,  ,3,3.0,0,0,1,0,0,0,0,0,0,0,0,0,0,0,0,0,0
25080,2020055501,1655.0,1653.0,67,67301,39.9895,-75.1689,0,0,0,0,0,0,4,7,2020,3,16.0,1.0,0,1.0,3,1,3,03,2,3.0,0,0,1,0,0,0,0,0,0,0,0,0,0,0,0,0,0
25081,2020055523,2159.0,2157.0,40,40304,41.2371,-75.8871,1,0,0,0,0,1,8,7,2020,3,21.0,2.0,0,1.0,3,1,3,03,2,3.0,0,0,0,0,0,0,0,0,0,0,0,0,0,0,0,0,0
25082,2020055540,1228.0,1227.0,67,67301,39.9335,-75.1923,0,0,0,0,0,0,4,7,2020,3,12.0,1.0,0,1.0,3,2,3,03,0,0.0,1,0,1,0,0,0,0,0,0,0,0,0,0,1,0,0,0
25083,2020055545,1452.0,1450.0,6,6227,40.3874,-75.7928,0,0,0,0,0,0,8,6,2020,3,14.0,1.0,7,1.0,1,0,3,03,0,0.0,1,0,0,0,0,0,0,0,0,0,0,0,0,0,0,0,0
25084,2020055564,1316.0,1313.0,6,6102,40.407,-75.9254,0,0,0,0,0,1,4,7,2020,3,13.0,1.0,0,1.0,3,1,3,03,3,3.0,0,0,1,0,0,0,0,0,0,0,0,0,0,0,0,0,0
25085,2020055595,1605.0,1602.0,14,14206,40.7999,-77.886,1,0,0,0,0,1,4,7,2020,1,16.0,1.0,0,1.0,1,0,3,03,0,0.0,0,0,1,0,0,0,0,0,0,0,0,0,0,0,0,0,0
25086,2020055710,847.0,842.0,9,9223,40.4877,-75.069,0,0,0,1,0,0,7,7,2020,4,8.0,1.0,3,1.0,1,0,3,  ,3,3.0,0,0,0,0,1,1,0,0,0,0,0,0,0,0,0,0,0
25087,2020055712,1037.0,1035.0,46,46224,40.1054,-75.2645,0,0,0,0,1,0,1,7,2020,7,10.0,1.0,0,1.0,3,0,3,  ,0,0.0,0,0,0,0,1,0,0,0,0,0,0,0,0,0,0,0,0
25088,2020055740,1025.0,1024.0,36,36101,40.0819,-76.3084,0,0,0,0,0,1,4,7,2020,1,10.0,1.0,7,1.0,3,0,3,  ,0,0.0,0,0,1,0,0,0,0,0,0,0,0,0,0,0,0,1,0
25089,2020055876,623.0,622.0,67,67301,39.9217,-75.1902,0,0,0,0,0,1,4,7,2020,4,6.0,1.0,2,1.0,3,5,3,03,2,3.0,0,0,1,0,0,0,0,0,0,0,0,0,0,0,0,0,0
25090,2020056314,1125.0,1109.0,59,59201,40.9318,-77.0175,0,0,0,0,0,0,8,7,2020,2,11.0,1.0,0,1.0,1,0,3,  ,0,0.0,0,0,0,0,0,0,0,0,0,0,0,0,0,0,0,1,0
25091,2020056351,1832.0,1828.0,67,67301,39.9803,-75.2141,0,0,0,0,0,0,4,7,2020,5,18.0,1.0,0,1.0,3,1,3,03,2,3.0,0,0,1,0,0,1,0,0,0,0,0,0,0,0,0,0,0
25092,2020056385,1706.0,1704.0,22,22301,40.2624,-76.8885,0,0,0,0,0,0,4,7,2020,6,17.0,1.0,0,1.0,3,2,3,  ,3,2.0,0,0,1,0,0,0,0,0,0,0,0,0,0,0,0,0,0
25093,2020056539,1054.0,1053.0,6,6227,40.3872,-75.7572,0,0,0,0,1,0,5,7,2020,3,10.0,1.0,0,1.0,1,1,4,03,3,3.0,0,0,0,0,0,0,0,0,0,0,0,0,0,0,0,1,0
25094,2020056647,1830.0,1822.0,67,67301,39.9184,-75.2093,0,0,0,0,0,0,5,7,2020,5,18.0,4.0,0,1.0,3,0,3,03,0,0.0,0,0,0,0,0,0,0,0,0,0,0,0,0,0,0,0,0
25095,2020056758,817.0,812.0,66,66101,39.9338,-76.7545,0,0,0,0,0,0,1,7,2020,7,7.0,1.0,0,1.0,1,3,3,  ,2,3.0,1,0,0,0,0,0,0,0,0,0,0,0,0,0,0,0,0
25096,2020056908,2001.0,1951.0,15,15256,39.9974,-75.4839,1,0,0,0,0,0,1,7,2020,7,19.0,1.0,0,1.0,1,0,3,  ,0,0.0,0,1,0,0,0,0,1,0,0,1,0,0,0,0,0,0,0
25097,2020056925,1608.0,1558.0,67,67301,40.0396,-75.0632,0,0,0,0,0,1,4,7,2020,7,15.0,1.0,0,1.0,3,0,3,03,0,0.0,0,0,1,0,0,0,0,0,0,0,0,0,0,0,0,0,0
25098,2020056932,1726.0,1724.0,67,67301,39.9688,-75.1362,0,0,0,0,0,0,3,7,2020,7,17.0,1.0,1,1.0,3,1,3,03,2,3.0,0,0,0,0,0,0,0,0,0,0,0,0,0,0,0,0,0
25099,2020057174,2002.0,1941.0,48,48401,40.8668,-75.2046,0,0,0,0,0,0,4,6,2020,7,19.0,1.0,0,1.0,2,2,3,03,0,0.0,1,1,1,0,0,0,1,0,0,1,0,0,0,0,0,1,0
25100,2020057307,1431.0,1430.0,38,38210,40.3187,-76.5695,0,0,0,0,0,0,4,7,2020,7,14.0,1.0,0,1.0,1,1,3,  ,2,3.0,0,0,1,0,0,0,0,0,0,0,0,0,0,0,0,0,0
25101,2020057465,1640.0,1630.0,14,14210,40.7768,-77.7879,0,0,0,0,0,0,4,7,2020,5,16.0,1.0,0,1.0,1,1,7,  ,2,3.0,1,0,1,0,0,0,0,0,0,0,0,1,0,0,0,0,1
25102,2020057486,1829.0,1822.0,36,36101,40.0545,-76.3267,0,0,0,0,0,0,1,7,2020,5,18.0,1.0,0,1.0,3,0,3,  ,0,0.0,1,0,0,0,0,0,0,0,0,0,0,0,0,0,0,0,0
25103,2020057489,1526.0,1522.0,39,39209,40.5806,-75.571,0,0,0,0,0,1,1,6,2020,1,15.0,1.0,0,1.0,1,0,3,  ,0,0.0,0,0,0,0,0,1,0,0,0,0,0,0,0,0,0,0,0
25104,2020057512,1622.0,1620.0,43,43303,41.2333,-80.4597,0,0,1,0,0,0,4,7,2020,3,16.0,1.0,0,1.0,3,2,3,  ,3,3.0,1,0,1,0,0,0,0,0,0,0,0,0,0,0,0,1,0
25105,2020057679,1838.0,1834.0,67,67301,39.9644,-75.1764,0,0,0,0,0,0,4,7,2020,7,18.0,1.0,0,1.0,3,5,3,03,2,3.0,0,0,1,0,0,0,0,0,0,0,0,0,0,0,0,0,0
25106,2020057775,842.0,839.0,9,9211,40.2057,-74.8442,0,0,0,0,0,0,5,7,2020,1,8.0,1.0,0,1.0,3,0,3,  ,0,0.0,0,0,0,0,0,0,0,0,0,0,0,0,0,0,0,0,0
25107,2020057847,1910.0,1908.0,67,67301,39.9183,-75.1624,0,0,0,0,0,1,4,7,2020,3,19.0,1.0,0,1.0,3,1,3,03,3,3.0,0,0,1,0,0,0,0,0,0,0,0,0,0,0,0,0,0
25108,2020057884,1657.0,1649.0,9,9101,40.0961,-74.8767,0,0,0,0,0,0,5,7,2020,6,16.0,1.0,0,1.0,3,3,3,  ,2,3.0,0,0,0,0,0,0,0,0,0,0,0,0,0,0,0,0,0
25109,2020058076,1117.0,1117.0,25,25213,42.0873,-80.1397,0,0,0,0,1,0,4,7,2020,2,11.0,1.0,7,1.0,3,10,3,03,0,0.0,1,0,1,0,0,0,0,0,0,0,0,0,0,0,0,0,0
25110,2020058228,1433.0,1433.0,66,66227,39.9731,-76.6939,0,0,0,0,0,0,5,7,2020,1,14.0,1.0,0,1.0,3,0,3,  ,0,0.0,1,0,0,0,0,0,0,0,0,0,0,0,0,0,0,1,0
25111,2020058485,1418.0,1407.0,2,2113,40.4578,-79.8192,0,0,0,0,0,1,4,7,2020,6,14.0,1.0,0,1.0,3,1,3,  ,3,3.0,1,0,1,0,0,0,0,0,0,0,0,0,1,0,0,0,1
25112,2020058608,2136.0,2128.0,66,66301,39.9551,-76.7401,0,0,0,0,0,1,4,7,2020,6,21.0,3.0,7,1.0,3,0,3,03,3,3.0,0,0,1,0,0,0,0,0,0,0,0,0,0,0,0,0,0
25113,2020058614,819.0,815.0,67,67301,39.9686,-75.153,0,0,0,0,0,0,4,7,2020,3,8.0,1.0,0,1.0,3,1,3,03,2,3.0,0,0,1,0,0,1,0,0,0,0,0,0,0,0,0,0,0
25114,2020058848,1920.0,1915.0,67,67301,39.9825,-75.101,0,0,0,1,0,0,4,7,2020,5,19.0,1.0,2,1.0,3,1,3,03,9,9.0,1,0,1,0,1,0,0,0,0,0,0,0,0,0,0,0,0
25115,2020058920,1407.0,1407.0,21,21402,40.2034,-77.1936,0,0,0,0,1,0,4,7,2020,7,14.0,1.0,0,9.0,2,1,7,  ,3,3.0,0,0,1,0,0,0,0,0,0,0,0,0,0,0,0,0,0
25116,2020058930,1204.0,1201.0,55,55407,39.8104,-79.3578,0,0,0,0,0,0,4,7,2020,3,12.0,1.0,0,1.0,1,1,3,03,3,3.0,0,0,1,0,0,0,0,0,0,0,0,0,0,0,0,0,0
25117,2020059018,1842.0,1842.0,67,67301,39.9305,-75.1498,0,0,0,0,0,0,4,7,2020,7,18.0,1.0,0,1.0,3,5,3,03,2,3.0,1,0,1,0,0,0,0,0,0,0,0,0,0,0,0,0,0
25118,2020059038,1555.0,1545.0,39,39301,40.5876,-75.4548,0,0,0,0,0,0,2,7,2020,7,15.0,1.0,0,1.0,3,0,3,03,0,0.0,0,0,0,0,0,0,0,0,0,0,0,0,0,0,0,0,0
25119,2020059117,2302.0,2302.0,67,67301,40.096,-74.977,0,0,0,0,0,0,1,6,2020,1,21.0,3.0,0,99.0,3,0,99,98,0,0.0,0,0,0,0,0,0,0,0,0,0,0,0,0,0,0,0,0
25120,2020059152,751.0,743.0,36,36223,40.0385,-76.356,0,0,0,0,0,1,4,7,2020,7,7.0,1.0,7,1.0,1,0,4,  ,0,0.0,1,0,1,0,0,0,0,0,0,0,1,0,0,0,0,0,0
25121,2020059201,846.0,837.0,2,2108,40.6051,-80.0059,0,0,0,0,0,0,4,7,2020,2,8.0,1.0,0,1.0,3,2,3,  ,0,0.0,0,0,1,0,0,0,0,0,0,0,0,0,0,0,0,0,0
25122,2020059289,1647.0,1645.0,67,67301,39.9273,-75.1926,0,0,0,0,0,0,4,7,2020,2,16.0,1.0,0,1.0,3,1,3,03,3,3.0,1,0,1,0,0,0,0,0,0,0,0,0,0,0,0,0,0
25123,2020059677,1510.0,1505.0,25,25210,42.1604,-80.013,0,0,0,0,0,0,4,7,2020,3,15.0,1.0,7,1.0,1,2,3,  ,2,3.0,0,0,1,0,0,0,0,0,0,0,0,0,0,0,0,1,0
25124,2020059897,1954.0,1951.0,23,23111,39.9519,-75.2562,0,0,0,0,0,0,8,7,2020,3,19.0,4.0,0,1.0,3,0,3,03,0,0.0,0,0,0,0,0,0,0,0,0,0,0,0,0,0,0,0,0
25125,2020059923,2123.0,2123.0,23,23301,39.8362,-75.3918,0,0,0,0,0,0,8,7,2020,3,21.0,3.0,0,1.0,3,1,3,03,3,3.0,1,0,0,0,0,0,0,0,0,0,0,0,1,0,0,0,0
25126,2020059972,1227.0,1224.0,25,25302,42.1069,-80.0539,0,0,0,0,0,1,4,7,2020,3,12.0,1.0,0,1.0,3,2,3,  ,3,3.0,1,0,1,0,0,0,0,0,0,0,0,0,0,0,0,0,0
25127,2020060060,2133.0,2121.0,18,18401,41.1838,-77.3216,0,0,0,0,0,0,4,7,2020,1,21.0,2.0,0,1.0,1,1,3,03,3,3.0,0,0,1,0,0,0,0,0,0,0,0,0,0,0,0,0,0
25128,2020060307,2307.0,2304.0,46,46103,40.2719,-75.287,0,0,0,0,0,1,4,7,2020,4,23.0,3.0,0,1.0,3,2,3,03,2,3.0,0,0,1,0,0,0,0,0,0,0,0,0,0,0,0,1,0
25129,2020060309,2013.0,2006.0,6,6237,40.3159,-76.0112,0,0,0,0,0,0,4,7,2020,4,20.0,1.0,0,1.0,3,0,3,  ,0,0.0,0,0,1,0,0,0,0,0,0,0,0,0,0,0,0,0,0
25130,2020060355,1447.0,1443.0,67,67301,39.9503,-75.1917,0,0,0,0,0,0,4,7,2020,4,14.0,1.0,0,1.0,3,2,3,03,2,3.0,1,0,1,0,0,0,0,0,0,0,0,0,0,0,0,0,0
25131,2020060686,1715.0,1712.0,4,4301,40.7586,-80.3166,0,0,0,0,0,1,2,7,2020,7,17.0,1.0,0,1.0,3,1,3,03,3,3.0,0,0,0,0,0,0,0,0,0,0,0,0,0,0,0,0,0
25132,2020060751,1247.0,1243.0,66,66201,40.1257,-77.0183,0,0,0,0,0,0,4,7,2020,4,12.0,1.0,0,1.0,1,0,3,  ,0,0.0,0,0,1,0,0,0,0,0,0,0,0,0,0,0,0,0,0
25133,2020060867,1647.0,1644.0,2,2301,40.431,-80.0017,0,0,0,0,0,1,2,7,2020,6,16.0,1.0,7,1.0,3,2,3,  ,9,9.0,0,0,0,0,0,0,0,0,0,0,0,0,0,0,0,0,0
25134,2020060917,1135.0,1135.0,39,39104,40.5509,-75.5878,0,0,0,0,0,0,4,7,2020,3,11.0,1.0,0,1.0,3,2,3,03,0,0.0,0,0,1,0,0,0,0,0,0,0,0,0,0,0,0,0,0
25135,2020060946,729.0,707.0,49,49218,40.7171,-76.6409,1,0,0,0,1,0,4,6,2020,2,7.0,1.0,0,1.0,1,2,3,  ,0,0.0,0,0,1,0,0,0,0,0,0,0,0,0,0,0,0,0,0
25136,2020060962,1605.0,1600.0,22,22301,40.2912,-76.9018,0,0,0,0,0,0,4,7,2020,6,15.0,1.0,0,1.0,3,2,3,03,0,0.0,0,0,1,0,0,0,0,0,0,0,0,0,0,0,0,0,0
25137,2020061080,1945.0,1939.0,21,21213,40.1902,-77.2405,0,0,0,0,1,0,4,6,2020,2,19.0,1.0,7,1.0,1,0,3,  ,0,0.0,1,0,1,0,0,0,0,0,0,0,1,0,0,0,0,1,0
25138,2020061256,852.0,847.0,67,67301,40.0683,-75.0055,0,0,0,0,0,1,4,7,2020,3,8.0,1.0,7,1.0,3,0,3,03,0,0.0,0,0,1,0,0,0,0,0,0,0,0,0,0,0,0,0,0
25139,2020061264,1824.0,1816.0,67,67301,40.0212,-75.1261,0,0,0,0,0,0,4,8,2020,7,17.0,1.0,0,1.0,3,1,3,03,0,0.0,0,0,1,0,0,0,0,0,0,0,0,0,0,0,0,0,1
25140,2020061274,2054.0,2051.0,46,46113,40.2287,-75.2964,0,0,0,0,0,0,2,8,2020,7,20.0,3.0,0,1.0,3,0,3,  ,0,0.0,0,0,0,0,0,0,0,0,0,0,0,0,0,0,0,0,0
25141,2020061336,2335.0,2335.0,67,67301,39.9273,-75.1825,0,0,0,0,0,0,4,8,2020,7,23.0,3.0,0,1.0,3,1,3,03,3,3.0,0,0,1,0,0,0,0,0,0,0,0,0,0,0,0,0,0
25142,2020061437,1300.0,1300.0,4,4301,40.753,-80.3209,0,0,0,0,0,0,4,8,2020,7,13.0,1.0,0,9.0,3,0,7,  ,3,3.0,0,0,1,0,0,0,0,0,0,0,0,0,0,0,0,0,0
25143,2020061627,225.0,219.0,67,67301,39.9738,-75.13,0,0,0,0,0,0,4,8,2020,1,2.0,3.0,0,1.0,3,1,3,03,3,3.0,0,0,1,0,0,0,0,0,0,0,0,0,0,0,0,0,0
25144,2020061648,1448.0,1441.0,21,21213,40.124,-77.2176,0,0,0,0,0,1,4,7,2020,1,14.0,1.0,0,1.0,1,1,3,03,3,3.0,1,0,1,0,0,0,0,0,0,0,0,0,0,0,0,0,0
25145,2020061754,750.0,747.0,35,35403,41.5079,-75.6951,0,0,0,0,0,0,4,7,2020,5,7.0,1.0,0,1.0,3,2,3,03,3,3.0,0,0,1,0,0,0,0,0,0,0,0,0,0,0,0,0,0
25146,2020061851,1600.0,1552.0,66,66231,39.9526,-76.7703,0,0,0,1,0,0,8,7,2020,5,15.0,1.0,0,1.0,1,2,3,03,2,3.0,0,0,0,0,1,0,0,0,0,0,0,0,0,0,0,0,0
25147,2020061930,1340.0,1332.0,67,67301,39.9531,-75.1818,0,0,0,0,0,1,1,8,2020,2,13.0,1.0,0,1.0,3,2,3,03,2,3.0,0,0,0,0,0,0,0,0,0,0,0,0,0,0,0,1,0
25148,2020061972,1035.0,1035.0,67,67301,39.9418,-75.1741,0,0,0,0,0,0,4,7,2020,2,19.0,1.0,0,99.0,3,1,3,  ,3,3.0,0,0,1,0,0,0,0,0,0,0,0,0,0,0,0,0,0
25149,2020062222,1931.0,1931.0,39,39104,40.5624,-75.5515,0,0,0,0,0,0,4,8,2020,1,19.0,1.0,0,1.0,3,0,3,03,3,3.0,0,0,1,0,0,0,0,0,0,0,0,0,0,0,0,0,0
25150,2020062299,1919.0,1917.0,25,25302,42.1452,-80.0381,0,0,0,0,1,0,4,7,2020,6,19.0,1.0,0,1.0,3,0,3,  ,0,0.0,0,0,1,1,0,1,0,0,0,0,0,0,0,0,0,0,0
25151,2020062679,702.0,656.0,67,67301,40.0399,-75.0275,0,0,0,0,0,1,4,8,2020,2,6.0,1.0,0,1.0,3,0,3,03,0,0.0,0,0,1,0,0,0,0,0,0,0,0,0,0,0,0,0,0
25152,2020062690,1725.0,1705.0,67,67301,39.9267,-75.226,0,0,0,0,0,0,4,8,2020,2,16.0,1.0,0,1.0,3,0,3,03,0,0.0,0,0,1,0,0,0,0,0,0,0,0,0,0,0,0,0,0
25153,2020062804,1043.0,1041.0,48,48302,40.7039,-75.2053,0,0,0,0,0,1,4,8,2020,5,10.0,1.0,0,1.0,3,1,3,03,3,3.0,1,0,1,0,0,0,0,0,0,0,0,0,0,0,0,0,0
25154,2020062832,1647.0,1642.0,23,23424,39.9107,-75.3491,0,0,0,0,0,0,2,8,2020,5,16.0,1.0,0,1.0,3,1,3,  ,3,3.0,1,0,0,0,0,0,0,0,0,0,0,0,0,0,0,0,0
25155,2020062857,1910.0,1905.0,48,48101,40.6681,-75.3325,0,1,0,0,0,0,4,8,2020,2,19.0,4.0,0,1.0,3,1,3,04,3,3.0,1,0,1,0,0,0,0,0,0,0,0,0,0,0,0,0,0
25156,2020062867,1805.0,1802.0,23,23108,39.924,-75.3391,0,0,0,0,0,0,8,8,2020,5,18.0,1.0,7,1.0,3,0,3,03,0,0.0,0,0,0,0,0,0,0,0,0,0,0,0,0,0,0,0,0
25157,2020062932,1927.0,1924.0,64,64306,40.5877,-79.7466,0,0,0,0,0,0,8,8,2020,5,19.0,1.0,0,1.0,3,0,3,03,0,0.0,0,0,0,0,0,0,0,0,0,0,0,0,0,0,0,0,0
25158,2020062934,1841.0,1831.0,46,46107,40.0952,-75.3085,0,0,0,0,0,0,4,8,2020,5,18.0,1.0,7,1.0,3,0,3,03,3,3.0,0,0,1,0,0,0,0,0,0,0,0,0,0,0,0,0,0
25159,2020063065,1738.0,1721.0,63,63218,41.3687,-75.3199,0,0,0,0,0,1,4,8,2020,2,17.0,1.0,3,1.0,1,0,3,  ,0,0.0,0,0,1,0,0,0,0,0,0,0,0,0,0,0,0,1,0
25160,2020063139,2314.0,2312.0,46,46101,40.1133,-75.1528,0,0,0,0,0,0,4,7,2020,6,23.0,3.0,0,1.0,3,1,3,  ,2,3.0,1,0,1,0,0,0,0,0,0,0,0,0,0,0,0,1,0
25161,2020063214,1123.0,1117.0,50,50211,40.4879,-77.1382,0,0,0,0,0,1,4,8,2020,7,11.0,1.0,0,1.0,1,0,3,  ,0,0.0,0,0,1,0,0,0,0,0,0,0,0,0,0,0,0,0,0
25162,2020063294,2330.0,2322.0,21,21402,40.2028,-77.2053,0,0,0,0,0,0,4,8,2020,6,23.0,3.0,0,1.0,2,2,3,03,3,3.0,1,0,1,0,0,0,0,0,0,0,0,0,0,0,0,0,0
25163,2020063314,1255.0,1252.0,48,48301,40.6557,-75.3564,0,0,0,0,0,0,4,8,2020,7,12.0,1.0,7,1.0,3,0,3,03,0,0.0,0,0,1,0,0,0,0,0,0,0,0,0,0,0,0,0,0
25164,2020063638,2005.0,2000.0,39,39101,40.556,-75.4893,0,0,0,0,0,0,4,7,2020,3,20.0,1.0,0,1.0,1,0,3,03,0,0.0,0,0,1,0,0,0,0,0,0,0,0,0,0,0,0,1,0
25165,2020063644,1502.0,1457.0,23,23108,39.9361,-75.3082,0,0,0,0,0,1,4,8,2020,1,14.0,1.0,0,1.0,3,2,3,03,0,0.0,1,0,1,0,0,0,0,0,0,0,0,0,0,0,0,0,0
25166,2020063664,1819.0,1817.0,67,67301,39.9434,-75.2323,0,0,0,0,0,0,4,8,2020,7,18.0,1.0,0,1.0,3,1,3,03,2,3.0,0,0,1,0,0,0,0,0,0,0,0,0,0,0,0,0,0
25167,2020063957,1707.0,1703.0,67,67301,40.0673,-75.1467,0,0,0,0,0,1,4,8,2020,1,16.0,1.0,0,1.0,3,2,3,  ,3,3.0,0,0,1,0,0,0,0,0,0,0,0,0,0,0,0,0,0
25168,2020064116,1510.0,1508.0,6,6237,40.3125,-76.0282,0,0,0,0,0,1,4,8,2020,5,15.0,1.0,0,1.0,3,0,3,03,0,0.0,0,0,1,0,0,0,0,0,0,0,0,0,0,0,0,0,0
25169,2020064129,2215.0,2211.0,67,67301,39.957,-75.2013,0,0,0,0,0,0,6,8,2020,2,22.0,3.0,0,1.0,3,0,3,  ,0,0.0,0,0,0,0,0,1,0,0,0,0,0,0,0,0,0,0,0
25170,2020064134,355.0,350.0,67,67301,39.9391,-75.1935,0,0,0,0,0,0,1,8,2020,2,3.0,3.0,0,1.0,3,0,3,03,0,0.0,0,0,0,0,0,0,0,0,0,0,0,0,0,0,0,0,0