,CRN,ARRIVAL_TM,DISPATCH_TM,COUNTY,MUNICIPALITY,DEC_LAT,DEC_LONG,BICYCLE_DEATH_COUNT,BICYCLE_SUSP_SERIOUS_INJ_COUNT,BUS_COUNT,HEAVY_TRUCK_COUNT,SMALL_TRUCK_COUNT,SUV_COUNT,COLLISION_TYPE,CRASH_MONTH,CRASH_YEAR,DAY_OF_WEEK,HOUR_OF_DAY,ILLUMINATION,LOCATION_TYPE,ROAD_CONDITION,URBAN_RURAL,INTERSECT_TYPE,WEATHER1,WEATHER2,TCD_TYPE,TCD_FUNC_CD,AGGRESSIVE_DRIVING,ALCOHOL_RELATED,ANGLE_CRASH,CELL_PHONE,COMM_VEHICLE,DISTRACTED,DRINKING_DRIVER,DRUGGED_DRIVER,FATIGUE_ASLEEP,IMPAIRED_DRIVER,NHTSA_AGG_DRIVING,RUNNING_RED_LT,RUNNING_STOP_SIGN,SPEEDING_RELATED,TAILGATING,MATURE_DRIVER,YOUNG_DRIVER
25171,2020064299,1533.0,1528.0,25,25213,42.1123,-80.1556,0,0,0,0,0,1,4,8,2020,3,15.0,1.0,0,1.0,3,0,3,03,0,0.0,0,0,1,0,0,0,0,0,0,0,0,0,0,0,0,0,0
25172,2020064438,1239.0,1236.0,10,10101,40.8682,-79.9238,0,0,0,0,0,0,4,8,2020,5,12.0,1.0,0,1.0,2,3,3,  ,2,3.0,0,0,1,0,0,0,0,0,0,0,0,0,0,0,0,0,0
25173,2020064488,715.0,705.0,39,39211,40.5634,-75.417,0,0,0,0,1,0,8,8,2020,3,7.0,1.0,0,1.0,1,2,3,03,3,3.0,0,0,0,0,0,0,0,0,0,0,0,0,0,0,0,1,0
25174,2020064493,1545.0,1538.0,39,39302,40.6238,-75.4159,0,0,0,0,0,0,4,8,2020,2,15.0,1.0,0,1.0,3,0,3,  ,0,0.0,0,0,1,0,0,0,0,0,0,0,0,0,0,0,0,1,0
25175,2020064514,1155.0,1151.0,9,9218,40.2078,-74.9651,0,0,0,0,0,0,4,8,2020,3,11.0,1.0,0,1.0,3,0,3,03,0,0.0,0,0,1,0,0,0,0,0,0,0,0,0,0,0,0,1,0
25176,2020064523,1803.0,1800.0,66,66217,39.981,-76.7612,0,0,0,0,0,0,5,8,2020,7,18.0,1.0,7,1.0,3,3,3,03,2,3.0,0,0,0,0,0,1,0,0,0,0,0,0,0,0,0,0,0
25177,2020064545,1127.0,1124.0,23,23410,39.898,-75.2784,0,1,0,0,0,1,4,8,2020,4,11.0,1.0,0,1.0,3,2,3,03,0,0.0,0,0,1,0,0,0,0,0,0,0,0,0,0,0,0,0,0
25178,2020064757,1600.0,1556.0,66,66301,39.9565,-76.7213,0,0,0,0,0,1,4,8,2020,4,15.0,1.0,0,1.0,3,1,3,  ,0,0.0,0,0,1,0,0,0,0,0,0,0,0,0,0,0,0,0,1
25179,2020064758,1539.0,1539.0,67,67301,40.0431,-75.0738,0,0,0,0,0,0,4,8,2020,4,15.0,1.0,0,1.0,3,1,3,03,2,3.0,1,0,1,0,0,0,0,1,0,1,0,1,0,0,0,0,0
25180,2020064759,1800.0,1752.0,67,67301,39.9244,-75.1696,0,0,0,0,0,0,1,8,2020,4,17.0,1.0,0,1.0,3,1,3,  ,2,3.0,0,0,0,0,0,0,0,0,0,0,0,0,0,0,0,0,1
25181,2020064784,2323.0,2321.0,36,36301,40.037,-76.2618,0,0,0,0,0,0,1,7,2020,2,23.0,2.0,0,1.0,3,0,3,03,0,0.0,0,1,0,0,0,0,0,0,0,0,0,0,0,0,0,0,0
25182,2020064835,1917.0,1908.0,35,35302,41.4141,-75.6803,0,0,0,0,0,1,4,8,2020,4,19.0,1.0,0,1.0,3,1,3,  ,3,3.0,0,0,1,0,0,0,0,0,0,0,0,0,0,0,0,0,0
25183,2020065002,917.0,917.0,67,67301,39.9507,-75.1944,0,0,0,0,0,0,5,8,2020,3,7.0,1.0,0,1.0,3,0,99,98,0,0.0,0,0,0,0,0,0,0,0,0,0,0,0,0,0,0,0,0
25184,2020065119,956.0,946.0,67,67301,39.916,-75.1643,0,0,0,0,0,1,1,8,2020,3,20.0,3.0,0,99.0,3,0,99,03,0,0.0,0,0,0,0,0,0,0,0,1,0,0,0,0,0,0,0,0
25185,2020065360,1108.0,1100.0,9,9414,40.3562,-75.294,0,0,0,0,0,1,5,8,2020,6,10.0,1.0,0,1.0,2,2,3,  ,0,0.0,0,0,0,0,0,0,0,0,0,0,0,0,0,0,0,1,0
25186,2020065456,553.0,550.0,46,46110,40.1823,-75.1152,0,1,0,0,0,1,8,8,2020,2,5.0,5.0,0,1.0,3,0,98,05,0,0.0,0,0,0,0,0,0,0,0,0,0,0,0,0,0,0,0,0
25187,2020065542,1013.0,1013.0,10,10201,40.6941,-79.9926,0,0,0,0,0,0,5,7,2020,3,6.0,1.0,0,1.0,1,2,3,  ,3,3.0,1,0,0,0,0,0,0,0,0,0,0,0,0,0,0,1,0
25188,2020065568,1800.0,1759.0,39,39302,40.6214,-75.4075,0,0,0,0,0,0,4,8,2020,5,17.0,1.0,0,1.0,3,2,3,03,0,0.0,0,0,1,0,0,0,0,0,0,0,0,0,0,0,0,0,0
25189,2020065939,1146.0,1140.0,66,66426,39.7788,-76.6797,0,0,0,0,1,0,4,8,2020,7,11.0,1.0,0,1.0,1,0,3,  ,0,0.0,0,0,1,0,0,0,0,0,0,0,0,0,0,0,0,1,0
25190,2020066192,1522.0,1522.0,40,40423,41.2756,-75.8975,0,0,0,0,0,0,8,8,2020,5,15.0,1.0,7,1.0,3,0,3,  ,0,0.0,0,0,0,0,0,0,0,0,0,0,0,0,0,0,0,0,0
25191,2020066569,808.0,805.0,67,67301,39.9377,-75.1533,0,0,0,0,0,1,4,8,2020,5,8.0,1.0,0,1.0,3,1,4,04,3,3.0,0,0,1,0,0,0,0,0,0,0,0,0,0,0,0,1,0
25192,2020066572,934.0,933.0,67,67301,39.9923,-75.12,0,0,0,0,0,0,4,8,2020,2,9.0,1.0,0,1.0,3,1,3,03,3,3.0,0,0,1,0,0,0,0,0,0,0,0,0,0,0,0,0,0
25193,2020066617,953.0,852.0,36,36407,40.1472,-76.6022,0,1,0,0,0,0,4,8,2020,3,8.0,1.0,0,1.0,2,1,3,03,3,3.0,1,0,1,0,0,0,0,0,0,0,0,0,0,0,0,1,0
25194,2020066671,1729.0,1724.0,19,19402,41.0503,-76.2521,0,0,0,0,0,0,4,8,2020,3,17.0,1.0,7,1.0,2,0,3,03,0,0.0,0,0,1,0,0,0,0,0,0,0,0,0,0,0,0,0,0
25195,2020066694,1858.0,1853.0,21,21402,40.1909,-77.1918,0,0,0,0,0,0,4,8,2020,3,18.0,1.0,7,1.0,2,0,3,03,3,3.0,1,0,1,0,0,0,0,0,0,0,0,0,0,0,0,0,0
25196,2020066826,1243.0,1229.0,38,38405,40.3765,-76.3061,0,0,0,1,0,0,4,8,2020,4,12.0,1.0,0,1.0,1,1,3,  ,3,3.0,0,0,1,0,1,0,0,0,0,0,0,0,0,0,0,0,0
25197,2020066857,1358.0,1346.0,40,40408,41.261,-75.9021,0,0,0,0,0,0,4,8,2020,6,13.0,1.0,7,1.0,3,0,3,03,2,3.0,0,0,1,0,0,0,0,0,0,0,0,0,0,0,0,0,0
25198,2020066863,1941.0,1936.0,4,4201,40.6966,-80.3863,0,1,0,0,0,0,4,8,2020,3,19.0,1.0,0,1.0,3,0,3,03,0,0.0,0,0,1,0,0,1,0,0,0,0,0,0,0,0,0,0,0
25199,2020066879,1744.0,1744.0,67,67301,39.9526,-75.1653,0,1,0,0,0,1,4,8,2020,2,17.0,1.0,0,1.0,3,2,3,03,2,3.0,0,0,1,0,0,0,0,0,0,0,0,0,0,0,0,0,0
25200,2020066885,843.0,843.0,67,67301,39.9727,-75.135,0,0,0,0,1,0,6,8,2020,3,8.0,1.0,1,1.0,3,0,3,03,0,0.0,0,0,0,0,0,0,0,0,0,0,0,0,0,0,0,0,0
25201,2020066903,1036.0,1031.0,36,36214,40.0847,-76.3531,0,0,0,1,0,0,4,8,2020,4,10.0,1.0,7,1.0,3,0,3,  ,0,0.0,1,0,1,0,1,0,0,0,0,0,0,0,0,0,0,0,0
25202,2020067021,1010.0,1010.0,67,67301,39.9989,-75.1052,0,0,0,0,0,1,4,8,2020,3,10.0,1.0,0,1.0,3,1,3,03,2,3.0,0,0,1,0,0,0,0,0,0,0,0,0,0,0,0,0,0
25203,2020067150,1403.0,1354.0,54,54205,40.79,-77.0332,0,0,0,0,0,0,4,8,2020,1,13.0,1.0,7,1.0,1,0,3,  ,0,0.0,1,0,1,0,0,0,0,0,0,0,0,0,0,0,0,0,0
25204,2020067186,1544.0,1538.0,35,35302,41.3959,-75.6711,0,0,0,0,0,1,4,8,2020,5,15.0,1.0,0,1.0,3,1,3,03,2,3.0,0,0,1,0,0,0,0,0,0,0,0,0,0,0,0,0,0
25205,2020067197,1443.0,1442.0,67,67301,39.9657,-75.1978,0,0,0,0,0,0,4,8,2020,5,14.0,1.0,0,1.0,3,1,3,  ,3,3.0,0,0,1,0,0,0,0,0,0,0,0,0,0,0,0,0,0
25206,2020067232,1951.0,1949.0,22,22409,40.1925,-76.7321,0,0,0,0,0,1,4,7,2020,2,19.0,1.0,0,9.0,3,1,7,  ,2,3.0,0,0,1,0,0,0,0,0,0,0,0,0,0,0,0,0,1
25207,2020067381,1410.0,1406.0,25,25302,42.1051,-80.1308,0,0,0,0,0,1,8,8,2020,5,14.0,1.0,0,1.0,3,0,3,  ,0,0.0,0,0,0,0,0,1,0,0,0,0,0,0,0,0,0,0,1
25208,2020067406,1500.0,1457.0,67,67301,40.0238,-75.1239,0,1,0,0,0,0,4,8,2020,2,14.0,1.0,0,1.0,3,5,3,03,2,3.0,0,0,1,0,0,0,0,0,0,0,0,0,0,0,0,0,0
25209,2020067516,1830.0,1825.0,35,35219,41.5001,-75.7183,0,0,0,0,0,0,2,8,2020,4,18.0,1.0,0,1.0,1,2,3,03,0,0.0,1,0,0,0,0,0,0,0,0,0,0,0,0,0,0,0,0
25210,2020067531,1547.0,1531.0,45,45203,41.1618,-75.3391,0,1,0,0,0,0,4,8,2020,6,15.0,1.0,0,1.0,1,2,3,03,3,3.0,0,0,1,0,0,0,0,0,0,0,0,0,0,0,0,0,0
25211,2020067720,2000.0,1958.0,63,63403,41.5656,-75.2498,0,0,0,0,0,0,5,8,2020,3,19.0,1.0,7,1.0,2,0,3,03,0,0.0,1,0,0,0,0,0,0,0,0,0,0,0,0,0,0,1,0
25212,2020067746,1636.0,1628.0,36,36301,40.0278,-76.3053,0,0,0,0,0,0,4,8,2020,2,16.0,1.0,7,1.0,3,0,4,  ,0,0.0,0,0,1,0,0,0,0,0,0,0,0,0,0,0,0,0,0
25213,2020067894,1200.0,1200.0,67,67301,39.9952,-75.1395,0,0,0,0,0,1,4,8,2020,7,16.0,1.0,0,1.0,3,1,3,03,2,3.0,1,0,1,0,0,0,0,0,0,0,0,0,0,0,0,0,0
25214,2020067953,1752.0,1742.0,67,67301,39.9373,-75.1702,0,0,1,0,0,0,5,8,2020,5,17.0,1.0,0,1.0,3,1,3,  ,0,0.0,0,0,0,0,1,0,0,0,0,0,0,0,0,0,0,0,0
25215,2020067957,914.0,910.0,9,9204,40.2979,-75.0789,0,0,0,0,0,0,1,8,2020,1,9.0,1.0,0,1.0,1,2,3,  ,0,0.0,0,0,0,0,0,0,0,0,0,0,0,0,0,0,0,1,0
25216,2020067973,1039.0,1035.0,15,15236,40.0721,-75.4371,0,0,0,0,0,0,5,8,2020,1,10.0,1.0,0,1.0,1,0,3,03,0,0.0,1,0,0,0,0,0,0,0,0,0,0,0,0,0,0,0,0
25217,2020068172,1751.0,1746.0,36,36101,40.0586,-76.3336,0,1,0,1,0,0,4,8,2020,7,17.0,1.0,7,1.0,3,0,3,03,2,3.0,0,0,1,0,1,0,0,0,0,0,0,0,0,0,0,0,0
25218,2020068287,1657.0,1640.0,26,26204,39.9968,-79.6434,0,0,0,0,0,0,1,8,2020,2,16.0,1.0,0,1.0,1,2,3,  ,0,0.0,1,0,0,0,0,0,0,0,0,0,0,0,0,0,1,0,0
25219,2020068519,2041.0,2038.0,46,46421,40.314,-75.3198,0,1,0,0,0,0,4,8,2020,4,20.0,3.0,0,1.0,3,2,3,  ,0,0.0,1,0,1,0,0,0,0,0,0,0,0,0,0,0,0,0,0
25220,2020068597,1747.0,1737.0,36,36238,40.1315,-76.1479,0,0,0,0,0,0,4,8,2020,4,17.0,1.0,0,1.0,3,1,4,  ,3,3.0,0,0,1,0,0,0,0,0,0,0,0,0,0,0,0,1,0
25221,2020069026,1843.0,1842.0,67,67301,39.9872,-75.1755,0,0,0,0,0,0,4,8,2020,3,18.0,4.0,0,1.0,3,1,3,  ,0,0.0,1,0,1,0,0,0,0,0,0,0,0,0,0,0,0,0,1
25222,2020069029,2040.0,2033.0,67,67301,40.0097,-75.1546,0,0,0,0,0,0,4,8,2020,2,20.0,3.0,0,1.0,3,3,3,03,0,0.0,0,0,1,0,0,0,0,0,0,0,0,0,0,0,0,0,0
25223,2020069409,1655.0,1653.0,35,35302,41.4149,-75.6699,0,0,0,0,0,0,4,8,2020,4,16.0,1.0,7,1.0,3,1,3,  ,2,9.0,0,0,1,0,0,0,0,0,0,0,0,0,0,0,0,0,0
25224,2020069464,2001.0,2000.0,67,67301,39.9643,-75.2464,0,0,0,0,0,0,4,8,2020,2,19.0,1.0,0,1.0,3,1,3,03,0,0.0,0,0,1,0,0,0,0,0,0,0,0,0,0,0,0,0,0
25225,2020069519,2031.0,2030.0,67,67301,39.9715,-75.2258,1,0,0,0,0,1,4,8,2020,4,20.0,3.0,0,1.0,3,1,3,03,2,3.0,1,1,1,0,0,0,1,0,0,1,1,1,0,1,0,0,0
25226,2020069735,1812.0,1811.0,30,30406,39.8965,-80.1771,0,0,0,0,0,0,4,8,2020,2,18.0,1.0,7,1.0,1,0,3,03,0,0.0,0,0,1,0,0,0,0,0,0,0,0,0,0,0,0,0,0
25227,2020069800,838.0,833.0,14,14410,40.7908,-77.8665,0,0,0,0,0,0,4,8,2020,6,8.0,1.0,0,1.0,3,1,3,03,3,3.0,0,0,1,0,0,0,0,0,0,0,0,0,0,0,0,0,0
25228,2020069806,1217.0,1215.0,40,40304,41.2472,-75.8796,0,0,0,0,0,0,4,8,2020,2,12.0,1.0,7,1.0,3,0,3,03,0,0.0,0,0,1,0,0,0,0,0,0,0,0,0,0,0,0,1,0
25229,2020069890,1518.0,1514.0,67,67301,39.9543,-75.1918,0,0,0,0,0,0,1,8,2020,6,15.0,1.0,0,1.0,3,1,4,  ,2,3.0,1,0,0,0,0,0,0,0,0,0,0,0,0,0,0,0,0
25230,2020069924,1546.0,1546.0,67,67301,39.925,-75.2263,0,0,0,0,1,0,4,8,2020,2,15.0,1.0,0,1.0,3,1,3,  ,2,3.0,0,0,1,0,0,0,0,0,0,0,0,0,0,0,0,0,0
25231,2020069925,1730.0,1725.0,67,67301,39.9172,-75.2374,0,0,0,0,0,0,4,8,2020,2,14.0,1.0,0,1.0,3,1,3,  ,2,3.0,1,0,1,0,0,0,0,0,0,0,0,0,0,0,0,0,0
25232,2020069933,1448.0,1448.0,67,67301,39.9145,-75.2352,0,0,0,0,0,1,4,8,2020,5,14.0,1.0,0,1.0,3,1,3,03,3,3.0,0,0,1,0,0,0,0,0,0,0,0,0,0,0,0,0,0
25233,2020069934,1405.0,1400.0,67,67301,39.9455,-75.2204,0,0,0,0,0,0,4,8,2020,5,14.0,1.0,0,1.0,3,1,3,03,3,3.0,0,0,1,0,0,0,0,0,0,0,0,0,0,0,0,0,0
25234,2020069940,1729.0,1727.0,67,67301,39.9251,-75.236,0,0,0,0,0,0,4,8,2020,6,17.0,1.0,0,98.0,3,2,3,03,3,3.0,0,0,1,0,0,0,0,0,0,0,0,0,0,0,0,0,0
25235,2020069968,1718.0,1714.0,39,39102,40.636,-75.4688,0,0,0,0,0,0,4,8,2020,4,17.0,1.0,0,1.0,3,2,3,03,0,0.0,0,0,1,0,0,0,0,0,0,0,0,0,0,0,0,0,0
25236,2020070126,859.0,851.0,2,2301,40.4511,-79.9358,0,0,0,0,0,1,4,8,2020,4,8.0,1.0,0,1.0,3,2,3,  ,3,3.0,0,0,1,0,0,0,0,0,0,0,0,0,0,0,0,1,0
25237,2020070135,2011.0,2011.0,67,67301,39.9165,-75.1693,0,0,0,0,0,0,4,8,2020,4,20.0,1.0,0,1.0,3,1,3,03,2,3.0,1,0,1,0,0,0,0,0,0,0,0,1,0,0,0,0,0
25238,2020070242,1945.0,1940.0,67,67301,39.9772,-75.2268,0,0,0,0,0,0,1,8,2020,3,19.0,1.0,0,1.0,3,1,3,03,2,3.0,1,0,0,0,0,0,0,0,0,0,0,0,0,0,0,0,0
25239,2020070264,1629.0,1627.0,2,2458,40.5383,-80.1784,0,0,0,0,0,0,4,8,2020,7,16.0,1.0,0,1.0,3,2,3,03,0,0.0,0,0,1,0,0,0,0,0,0,0,0,0,0,0,0,0,1
25240,2020070381,1218.0,1213.0,36,36301,40.0404,-76.2974,0,0,0,0,0,0,4,8,2020,2,12.0,1.0,0,1.0,3,1,3,03,2,3.0,1,0,1,0,0,0,0,0,0,0,0,1,0,0,0,0,1
25241,2020070466,253.0,243.0,67,67301,39.9631,-75.1747,0,0,0,0,0,0,4,8,2020,7,22.0,3.0,0,1.0,3,1,3,  ,2,3.0,1,0,1,0,0,0,0,0,0,0,0,0,0,0,0,0,0
25242,2020070479,1511.0,1507.0,22,22102,40.2546,-76.8519,0,0,0,1,0,0,4,7,2020,2,15.0,1.0,0,1.0,3,0,3,03,0,0.0,0,0,1,0,1,0,0,0,0,0,0,0,0,0,0,0,0
25243,2020070494,1558.0,1554.0,48,48302,40.6797,-75.2126,0,0,0,0,0,1,4,8,2020,7,15.0,1.0,0,1.0,3,1,3,  ,3,3.0,0,0,1,0,0,0,0,0,0,0,0,0,0,0,0,0,0
25244,2020070569,1450.0,1440.0,67,67301,40.0997,-74.9947,0,0,0,0,0,0,4,8,2020,7,14.0,1.0,0,1.0,3,2,3,03,3,3.0,0,0,1,0,0,0,0,0,0,0,0,0,0,0,0,0,0
25245,2020070654,927.0,922.0,25,25302,42.1005,-80.1045,0,0,0,0,0,1,4,8,2020,2,9.0,1.0,0,1.0,3,2,3,03,3,3.0,0,0,1,0,0,0,0,0,0,0,0,0,0,0,0,0,0
25246,2020070796,845.0,828.0,4,4217,40.7917,-80.4475,0,0,0,0,0,0,5,8,2020,1,8.0,1.0,0,1.0,1,0,3,03,0,0.0,1,0,0,0,0,0,0,0,0,0,0,0,0,1,0,1,0
25247,2020070803,943.0,939.0,36,36233,39.9385,-76.2274,0,0,0,0,0,1,1,7,2020,1,17.0,1.0,0,1.0,1,0,3,  ,0,0.0,0,0,0,0,0,0,0,0,0,0,0,0,0,0,0,0,0
25248,2020070948,1548.0,1540.0,67,67301,40.0219,-75.1774,0,0,0,0,0,1,6,8,2020,1,14.0,1.0,0,1.0,3,0,3,03,0,0.0,0,0,0,0,0,0,0,0,0,0,0,0,0,0,0,0,0
25249,2020071046,2108.0,2106.0,22,22301,40.269,-76.8684,0,0,0,0,0,0,8,8,2020,5,21.0,2.0,0,1.0,3,2,3,03,0,0.0,0,0,0,0,0,0,0,0,0,0,0,0,0,0,0,0,0
25250,2020071203,1041.0,1039.0,67,67301,40.0888,-75.0341,0,0,0,0,1,0,4,9,2020,3,10.0,1.0,0,1.0,3,0,4,04,0,0.0,0,0,1,0,0,0,0,0,0,0,0,0,0,0,0,0,0
25251,2020071204,2240.0,2240.0,67,67301,39.9631,-75.1747,0,0,0,0,0,0,4,8,2020,7,22.0,3.0,0,1.0,3,1,3,03,2,3.0,0,0,1,0,0,0,0,0,0,0,0,0,0,0,0,0,0
25252,2020071336,2321.0,2243.0,2,2301,40.4509,-79.9431,0,0,0,0,0,1,4,9,2020,3,22.0,3.0,0,9.0,3,1,7,  ,2,3.0,0,1,1,0,0,0,0,0,0,0,0,0,0,0,0,0,0
25253,2020071571,1903.0,1856.0,22,22208,40.2898,-76.7977,0,0,0,0,0,0,8,8,2020,1,18.0,1.0,0,1.0,3,0,3,  ,0,0.0,0,0,0,0,0,0,0,0,0,0,0,0,0,0,0,0,0
25254,2020071641,2131.0,2121.0,64,64202,40.5177,-79.4767,0,1,0,0,0,0,5,8,2020,6,21.0,3.0,0,1.0,1,0,3,  ,0,0.0,0,0,0,0,0,0,0,0,0,0,0,0,0,0,0,0,0
25255,2020071751,2110.0,2059.0,67,67301,40.0242,-75.1961,0,0,0,0,0,0,5,8,2020,6,15.0,1.0,3,1.0,3,0,4,  ,0,0.0,0,0,0,0,0,0,0,0,0,0,0,0,0,0,0,0,0
25256,2020071945,1627.0,1627.0,23,23103,39.9848,-75.3074,0,0,0,0,0,1,4,9,2020,3,16.0,1.0,0,1.0,3,2,3,  ,0,0.0,1,0,1,0,0,0,0,0,0,0,0,0,1,0,0,0,1
25257,2020071961,1624.0,1619.0,2,2301,40.4366,-79.9555,0,0,0,0,0,0,2,9,2020,5,16.0,1.0,0,1.0,3,1,3,03,0,0.0,1,0,0,0,0,0,0,0,0,0,0,0,0,0,0,0,0
25258,2020071964,1900.0,1853.0,67,67301,39.9349,-75.1573,0,0,0,0,0,0,4,9,2020,4,17.0,1.0,0,1.0,3,3,3,03,0,0.0,0,0,1,0,0,0,0,0,0,0,0,0,0,0,0,0,0
25259,2020072055,2119.0,2118.0,2,2214,40.4424,-80.2115,0,0,0,0,0,1,8,8,2020,1,16.0,1.0,0,1.0,3,2,3,03,0,0.0,0,0,0,0,0,0,0,0,0,0,0,0,0,0,0,0,0
25260,2020072198,1805.0,1753.0,63,63403,41.5746,-75.2569,0,0,0,0,0,1,8,7,2020,5,17.0,1.0,0,99.0,2,2,99,  ,3,3.0,1,0,0,0,0,0,0,0,0,0,0,0,0,0,0,0,0
25261,2020072235,1729.0,1720.0,15,15403,40.0028,-75.7023,0,0,0,0,1,0,7,8,2020,3,17.0,1.0,0,1.0,3,0,3,  ,0,0.0,0,0,0,0,0,0,0,0,0,0,0,0,0,0,0,0,0
25262,2020072485,1404.0,1350.0,67,67301,40.0297,-75.1053,0,0,0,0,0,1,4,9,2020,4,13.0,1.0,0,1.0,3,2,3,03,3,3.0,1,0,1,0,0,0,0,0,0,0,0,0,0,0,0,0,0
25263,2020072307,1914.0,1913.0,7,7301,40.5414,-78.3789,0,1,0,0,0,0,4,9,2020,6,19.0,1.0,0,1.0,3,1,3,  ,3,3.0,0,0,1,0,0,0,0,0,0,0,0,0,0,0,0,0,0
25264,2020072488,1825.0,1813.0,67,67301,40.1033,-74.9999,0,0,0,0,0,1,4,9,2020,4,18.0,1.0,0,1.0,3,2,3,03,3,3.0,0,0,1,0,0,0,0,0,0,0,0,0,0,0,0,0,0
25265,2020072487,1800.0,1756.0,67,67301,40.0515,-75.0824,0,0,0,0,0,0,2,9,2020,6,17.0,1.0,0,1.0,3,0,3,03,0,0.0,1,0,0,0,0,0,0,0,0,0,0,0,0,1,0,0,0
25266,2020072511,1458.0,1457.0,39,39302,40.6259,-75.4091,0,0,0,0,0,0,4,8,2020,1,14.0,1.0,0,1.0,3,2,3,03,0,0.0,0,0,1,0,0,0,0,0,0,0,0,0,0,0,0,1,0
25267,2020072541,1940.0,1932.0,66,66301,39.9607,-76.723,0,0,0,0,0,0,2,9,2020,7,19.0,1.0,0,1.0,3,1,3,03,3,3.0,0,1,0,0,0,0,0,0,0,0,0,0,0,0,0,0,0
25268,2020072544,2028.0,2026.0,67,67301,39.9526,-75.19,0,0,0,0,0,0,5,9,2020,7,20.0,3.0,0,1.0,3,2,3,03,2,3.0,0,0,0,0,0,0,0,0,0,0,0,0,0,0,0,0,0
25269,2020072550,1652.0,1646.0,6,6232,40.4798,-75.833,0,0,0,0,0,1,1,9,2020,4,16.0,1.0,0,1.0,1,0,3,  ,0,0.0,0,0,0,0,0,0,0,0,0,0,0,0,0,0,0,0,0
25270,2020072654,1259.0,1244.0,2,2301,40.4601,-79.946,0,0,0,0,0,0,4,9,2020,1,12.0,1.0,0,1.0,3,1,3,03,2,3.0,1,0,1,0,0,1,0,0,0,0,0,1,0,0,0,0,0
25271,2020072697,1513.0,1500.0,39,39103,40.5846,-75.5355,0,0,0,0,0,0,5,9,2020,7,14.0,1.0,0,1.0,1,1,3,  ,0,0.0,0,0,0,0,0,0,0,0,0,0,0,0,0,0,0,0,0
25272,2020072715,612.0,606.0,46,46111,40.1274,-75.4048,0,0,0,0,0,0,4,9,2020,1,6.0,3.0,0,1.0,3,1,3,03,2,3.0,0,0,1,0,0,0,0,0,0,0,0,0,0,0,0,0,0
25273,2020072714,1635.0,1633.0,42,42206,41.9846,-78.6175,0,0,0,0,0,0,4,9,2020,1,16.0,1.0,7,1.0,1,0,3,  ,0,0.0,0,0,1,0,0,0,0,0,0,0,0,0,0,0,0,0,0
25274,2020072721,1852.0,1848.0,15,15208,39.963,-75.5511,0,1,0,0,0,0,4,9,2020,7,18.0,1.0,7,1.0,3,2,3,03,3,3.0,0,0,1,0,0,0,0,0,0,0,0,0,0,0,0,1,0
25275,2020073076,1732.0,1732.0,6,6214,40.3115,-75.848,0,0,0,0,1,0,4,8,2020,1,17.0,1.0,0,1.0,3,1,3,03,3,3.0,1,0,1,0,0,0,0,0,0,0,0,0,0,0,0,0,0
25276,2020072763,1649.0,1642.0,38,38209,40.3471,-76.3932,0,0,0,0,0,1,4,8,2020,5,16.0,1.0,0,1.0,1,1,3,03,3,3.0,0,0,1,0,0,0,0,0,0,0,0,0,0,0,0,0,0
25277,2020073052,1300.0,1254.0,67,67301,40.0633,-74.9855,0,0,0,0,0,0,4,9,2020,1,12.0,1.0,0,1.0,3,2,3,  ,2,3.0,0,0,1,0,0,0,0,0,0,0,0,0,0,0,0,0,0
25278,2020072791,1819.0,1819.0,35,35402,41.4786,-75.5944,0,0,0,0,0,0,4,9,2020,1,18.0,1.0,0,1.0,3,2,3,  ,3,3.0,1,0,1,0,0,0,0,0,0,0,0,0,0,0,0,0,0
25279,2020072828,1308.0,1303.0,36,36301,40.038,-76.3201,0,0,0,0,0,0,4,8,2020,3,13.0,1.0,0,1.0,3,2,3,  ,0,0.0,0,0,1,0,0,0,0,0,0,0,0,0,0,0,0,0,0
25280,2020073115,1215.0,1215.0,61,61301,41.8441,-79.1428,0,0,0,0,0,0,8,8,2020,6,12.0,1.0,0,9.0,2,0,4,  ,0,0.0,1,0,0,0,0,0,0,0,0,0,0,0,0,0,0,0,0
25281,2020073323,1705.0,1703.0,2,2108,40.6094,-80.0154,0,0,0,0,1,0,2,9,2020,1,17.0,1.0,0,1.0,3,2,3,03,0,0.0,0,0,0,0,0,0,0,0,0,0,0,0,0,0,0,0,0
25282,2020073373,2152.0,2150.0,67,67301,39.9397,-75.2255,0,0,0,0,0,0,4,9,2020,1,21.0,3.0,0,1.0,3,1,3,03,2,3.0,0,0,1,0,0,0,0,0,0,0,0,0,0,0,0,0,0
25283,2020073444,1649.0,1645.0,42,42301,41.956,-78.6451,0,0,0,0,0,0,4,9,2020,3,16.0,1.0,0,1.0,2,1,3,98,2,3.0,1,0,1,0,0,0,0,0,0,0,0,1,0,0,0,0,1
25284,2020073569,2121.0,2121.0,39,39301,40.6062,-75.4861,0,0,0,0,0,0,4,9,2020,7,21.0,3.0,0,1.0,3,1,3,03,0,0.0,0,0,1,0,0,0,0,0,0,0,0,0,0,0,0,0,0