,CRN,ARRIVAL_TM,DISPATCH_TM,COUNTY,MUNICIPALITY,DEC_LAT,DEC_LONG,BICYCLE_DEATH_COUNT,BICYCLE_SUSP_SERIOUS_INJ_COUNT,BUS_COUNT,HEAVY_TRUCK_COUNT,SMALL_TRUCK_COUNT,SUV_COUNT,COLLISION_TYPE,CRASH_MONTH,CRASH_YEAR,DAY_OF_WEEK,HOUR_OF_DAY,ILLUMINATION,LOCATION_TYPE,ROAD_CONDITION,URBAN_RURAL,INTERSECT_TYPE,WEATHER1,WEATHER2,TCD_TYPE,TCD_FUNC_CD,AGGRESSIVE_DRIVING,ALCOHOL_RELATED,ANGLE_CRASH,CELL_PHONE,COMM_VEHICLE,DISTRACTED,DRINKING_DRIVER,DRUGGED_DRIVER,FATIGUE_ASLEEP,IMPAIRED_DRIVER,NHTSA_AGG_DRIVING,RUNNING_RED_LT,RUNNING_STOP_SIGN,SPEEDING_RELATED,TAILGATING,MATURE_DRIVER,YOUNG_DRIVER
25285,2020073930,432.0,412.0,67,67301,40.0102,-75.1509,0,0,0,0,0,0,6,9,2020,2,3.0,3.0,0,1.0,3,0,3,03,0,0.0,0,0,0,0,0,0,0,0,0,0,0,0,0,0,0,0,0
25286,2020073816,1411.0,1357.0,55,55404,40.1605,-79.0287,0,0,0,0,0,1,4,9,2020,7,13.0,1.0,0,1.0,1,1,3,  ,3,3.0,0,0,1,0,0,0,0,0,0,0,0,0,0,0,0,0,0
25287,2020074098,1800.0,1759.0,31,31407,40.4901,-78.0149,0,0,0,0,0,0,1,9,2020,4,17.0,1.0,0,1.0,2,1,3,  ,0,0.0,0,0,0,0,0,0,0,0,0,0,0,0,0,0,0,0,0
25288,2020074283,724.0,724.0,9,9101,40.1324,-74.8577,0,0,0,0,0,0,5,9,2020,5,7.0,1.0,0,9.0,3,0,4,  ,0,0.0,0,0,0,0,0,0,0,0,0,0,0,0,0,0,0,0,0
25289,2020074445,1210.0,1206.0,67,67301,39.9718,-75.1858,0,0,0,0,0,1,4,9,2020,7,12.0,1.0,0,1.0,3,1,3,03,0,0.0,0,0,1,0,0,0,0,0,0,0,0,0,0,0,0,0,0
25290,2020074943,757.0,751.0,66,66227,40.0084,-76.6871,0,0,0,0,0,1,4,9,2020,6,7.0,1.0,0,1.0,3,1,3,  ,3,3.0,1,0,1,0,0,0,0,0,0,0,0,0,0,0,0,0,0
25291,2020074748,1804.0,1802.0,22,22101,40.2854,-76.8425,0,0,0,0,0,1,4,9,2020,3,18.0,1.0,0,1.0,3,2,3,  ,0,0.0,0,0,1,0,0,0,0,0,0,0,0,0,0,0,0,0,1
25292,2020074816,1714.0,1707.0,6,6212,40.2474,-75.6924,0,0,0,0,0,1,4,9,2020,2,17.0,1.0,0,1.0,1,2,3,  ,4,3.0,1,0,1,0,0,0,0,0,0,0,0,0,0,0,0,0,0
25293,2020074844,951.0,950.0,9,9219,40.3885,-75.1468,0,0,0,0,0,1,4,9,2020,1,9.0,1.0,0,1.0,1,2,3,03,3,3.0,1,0,1,0,0,0,0,0,0,0,0,0,0,0,0,0,0
25294,2020074866,1525.0,1523.0,26,26301,40.0187,-79.5996,0,0,0,0,0,0,4,8,2020,3,15.0,1.0,0,1.0,2,2,3,03,3,3.0,1,0,1,0,0,0,0,0,0,0,0,0,0,0,0,1,0
25295,2020075026,2328.0,2324.0,67,67301,40.0279,-75.2073,0,0,0,0,0,1,4,9,2020,6,21.0,3.0,0,1.0,3,1,3,03,3,9.0,0,0,1,0,0,0,0,0,0,0,0,0,0,0,0,0,0
25296,2020075061,306.0,415.0,67,67301,39.9577,-75.1624,0,0,0,0,0,0,4,9,2020,6,3.0,3.0,8,1.0,3,5,3,03,2,3.0,1,0,1,0,0,0,0,0,0,0,0,0,0,0,0,0,0
25297,2020075082,1510.0,1504.0,9,9204,40.2989,-75.0386,0,0,0,0,0,0,4,9,2020,7,15.0,1.0,0,1.0,1,1,3,  ,3,3.0,1,0,1,0,0,0,0,0,0,0,0,0,0,0,0,1,0
25298,2020075144,1835.0,1833.0,39,39406,40.603,-75.3934,0,0,0,0,0,0,4,8,2020,5,18.0,1.0,0,1.0,3,0,3,03,0,0.0,0,0,1,1,0,1,0,0,0,0,0,0,0,0,0,0,0
25299,2020075426,1815.0,1811.0,36,36214,40.0755,-76.4129,0,0,0,0,1,0,4,9,2020,2,18.0,1.0,0,1.0,3,1,3,  ,3,3.0,0,0,1,0,0,0,0,0,0,0,0,0,0,0,0,0,0
25300,2020075733,1644.0,1631.0,55,55212,40.0929,-79.0992,0,0,0,0,0,0,8,8,2020,6,16.0,1.0,0,1.0,1,0,4,  ,0,0.0,0,0,0,0,0,0,0,0,0,0,0,0,0,0,0,0,0
25301,2020075765,2206.0,2204.0,28,28204,39.9261,-77.622,0,0,0,0,0,0,1,9,2020,3,22.0,3.0,0,1.0,1,0,3,03,0,0.0,0,0,0,0,0,0,0,0,0,0,0,0,0,0,0,0,0
25302,2020076012,1547.0,1540.0,67,67301,39.9477,-75.1986,0,0,0,0,0,0,4,9,2020,4,15.0,1.0,0,1.0,3,2,3,03,2,3.0,0,0,1,0,0,0,0,0,0,0,0,0,0,0,0,0,0
25303,2020075968,1541.0,1518.0,38,38204,40.2981,-76.2948,0,0,0,0,0,0,4,9,2020,6,15.0,1.0,0,1.0,1,0,3,03,0,0.0,1,0,1,0,0,0,0,0,0,0,0,0,0,0,0,0,0
25304,2020075984,1340.0,1335.0,67,67301,40.0021,-75.1527,0,0,0,0,1,0,5,9,2020,4,13.0,1.0,0,1.0,3,0,3,  ,0,0.0,0,0,0,0,0,0,0,0,0,0,0,0,0,0,0,0,0
25305,2020076275,1049.0,1037.0,11,11301,40.3372,-78.8966,0,0,0,0,0,0,5,9,2020,4,10.0,1.0,0,1.0,3,0,3,03,0,0.0,0,0,0,0,0,0,0,0,0,0,0,0,0,0,0,0,0
25306,2020076655,1730.0,1730.0,67,67301,40.0018,-75.1527,0,0,0,0,0,0,5,9,2020,4,13.0,1.0,0,1.0,3,0,3,  ,0,0.0,0,0,0,0,0,0,0,0,0,0,0,0,0,0,0,0,0
25307,2020076348,1658.0,1656.0,25,25302,42.1161,-80.0763,0,0,0,0,0,0,4,9,2020,5,16.0,1.0,0,1.0,3,1,3,03,0,0.0,0,0,1,0,0,0,0,0,0,0,0,0,0,0,0,0,0
25308,2020076314,1925.0,1921.0,38,38301,40.3545,-76.4264,0,0,0,0,1,0,4,9,2020,6,19.0,1.0,0,1.0,2,1,3,  ,3,3.0,1,0,1,0,0,0,0,0,0,0,0,0,1,0,0,0,0
25309,2020076370,1552.0,1546.0,21,21402,40.2001,-77.1917,0,0,0,0,0,0,4,9,2020,4,15.0,1.0,0,1.0,2,1,3,03,3,3.0,1,0,1,0,0,0,0,0,0,0,0,0,0,0,0,0,0
25310,2020076515,913.0,911.0,67,67301,39.9463,-75.1971,0,0,0,0,1,0,4,9,2020,6,9.0,1.0,0,1.0,3,2,3,03,2,3.0,1,0,1,0,0,0,0,0,0,0,0,0,0,0,0,0,0
25311,2020077118,835.0,830.0,67,67301,40.0433,-75.167,0,0,0,0,0,1,5,9,2020,7,8.0,1.0,0,1.0,3,0,3,03,0,0.0,0,0,0,0,0,0,0,0,0,0,0,0,0,0,0,0,0
25312,2020076891,1145.0,1141.0,2,2104,40.5824,-79.7784,0,0,0,0,0,0,2,8,2020,6,11.0,1.0,0,1.0,3,2,3,03,2,3.0,0,0,0,0,0,0,0,0,0,0,0,0,0,0,0,0,0
25313,2020076931,1702.0,1647.0,28,28201,39.7224,-77.7242,0,0,0,0,0,1,1,9,2020,2,16.0,1.0,0,1.0,1,0,3,  ,0,0.0,1,0,0,0,0,0,0,0,0,0,0,0,0,0,0,0,1
25314,2020077145,1206.0,1206.0,21,21402,40.2003,-77.1787,0,0,0,0,0,0,5,9,2020,1,12.0,1.0,0,1.0,2,3,3,03,3,3.0,0,0,0,0,0,0,0,0,0,0,0,0,0,0,0,0,0
25315,2020077486,1941.0,1939.0,66,66413,39.7968,-76.9779,0,0,0,0,0,1,6,8,2020,5,19.0,1.0,7,1.0,2,0,3,  ,0,0.0,0,0,0,0,0,0,0,0,0,0,0,0,0,0,0,0,0
25316,2020077244,1218.0,1212.0,9,9204,40.2876,-75.0452,0,0,0,0,0,0,1,9,2020,4,12.0,1.0,0,1.0,1,0,3,  ,0,0.0,1,0,0,0,0,0,0,0,0,0,1,0,0,0,0,0,0
25317,2020077381,1750.0,1742.0,66,66301,39.968,-76.7189,0,0,0,0,0,0,4,9,2020,4,17.0,1.0,0,1.0,3,1,3,03,3,3.0,0,0,1,0,0,0,0,0,0,0,0,0,0,0,0,0,0
25318,2020077520,1031.0,1021.0,36,36238,40.0951,-76.1519,0,0,0,0,0,1,4,8,2020,3,10.0,1.0,0,1.0,3,2,3,  ,3,3.0,0,0,1,0,0,0,0,0,0,0,0,0,0,0,0,0,0
25319,2020077569,1503.0,1456.0,35,35302,41.4351,-75.6461,0,1,0,0,0,0,4,9,2020,2,14.0,1.0,0,1.0,3,2,3,03,3,3.0,1,0,1,0,0,0,0,0,0,0,0,0,1,0,0,1,0
25320,2020077625,1341.0,1322.0,36,36205,39.8414,-76.0613,0,1,0,0,0,1,4,9,2020,1,13.0,1.0,0,1.0,1,1,3,  ,3,3.0,0,0,1,0,0,0,0,0,0,0,0,0,0,0,0,0,0
25321,2020077927,1502.0,1502.0,48,48415,40.7412,-75.2571,0,0,0,0,0,0,4,9,2020,3,15.0,1.0,0,1.0,1,1,3,03,3,3.0,0,0,1,0,0,0,0,0,0,0,0,0,0,0,0,0,0
25322,2020077884,1924.0,1919.0,41,41301,41.2349,-77.0196,0,0,0,0,0,0,4,9,2020,2,19.0,4.0,0,1.0,3,2,3,03,3,3.0,1,0,1,0,0,0,0,0,0,0,0,0,0,0,0,0,1
25323,2020077958,1755.0,1750.0,23,23111,39.9513,-75.3094,0,0,0,0,0,0,4,9,2020,3,18.0,1.0,0,1.0,3,1,3,  ,3,3.0,1,0,1,0,0,0,0,0,0,0,0,0,0,0,0,0,0
25324,2020078076,1619.0,1618.0,67,67301,39.9388,-75.1644,0,0,0,0,0,0,4,9,2020,2,16.0,1.0,0,1.0,3,1,3,  ,3,3.0,1,0,1,0,0,0,0,0,0,0,0,0,1,0,0,0,0
25325,2020078120,1704.0,1659.0,48,48301,40.6606,-75.3802,0,0,0,0,0,1,4,9,2020,2,16.0,1.0,0,1.0,3,1,3,  ,3,3.0,1,0,1,0,0,0,0,0,0,0,0,0,0,0,0,0,0
25326,2020078352,1727.0,1724.0,15,15228,40.2396,-75.6516,0,0,0,0,0,1,1,9,2020,1,17.0,1.0,0,1.0,1,2,3,03,0,0.0,0,0,0,0,0,0,0,0,0,0,0,0,0,0,0,0,0
25327,2020078231,1120.0,1101.0,64,64217,40.2852,-79.4038,0,0,0,0,0,0,4,8,2020,2,10.0,1.0,0,1.0,1,2,4,03,3,3.0,0,0,1,0,0,0,0,0,0,0,0,0,0,0,0,1,0
25328,2020078343,1640.0,1630.0,38,38301,40.3465,-76.4271,0,0,0,0,0,0,4,9,2020,4,16.0,1.0,0,1.0,2,0,3,03,0,0.0,0,0,1,0,0,0,0,0,0,0,0,0,0,0,0,0,0
25329,2020078487,1809.0,1759.0,6,6236,40.3222,-76.0422,0,0,0,0,1,0,2,9,2020,4,17.0,4.0,0,1.0,1,0,3,  ,0,0.0,0,0,0,0,0,0,0,0,0,0,0,0,0,0,0,0,0
25330,2020078531,2324.0,2324.0,6,6301,40.3385,-75.9317,0,0,0,0,0,1,4,9,2020,4,23.0,3.0,0,1.0,3,1,3,  ,3,3.0,0,0,1,0,0,0,0,0,0,0,0,0,0,0,0,0,0
25331,2020078861,1642.0,1627.0,67,67301,39.9173,-75.1746,0,0,0,0,0,0,4,9,2020,3,15.0,1.0,0,1.0,3,1,3,03,2,3.0,0,0,1,0,0,0,0,0,0,0,0,0,0,0,0,0,0
25332,2020078563,1907.0,1858.0,36,36239,40.0888,-76.4208,0,0,0,0,1,0,4,9,2020,3,18.0,1.0,0,1.0,3,1,3,  ,3,3.0,1,0,1,0,0,0,0,0,0,0,0,0,0,0,0,0,0
25333,2020078764,1726.0,1724.0,9,9101,40.1483,-74.8434,0,0,0,0,0,1,4,9,2020,5,17.0,1.0,0,1.0,3,0,3,03,0,0.0,0,0,1,0,0,0,0,0,0,0,0,0,0,0,0,0,0
25334,2020079222,1621.0,1615.0,66,66301,39.9674,-76.7116,0,0,0,0,0,0,8,9,2020,6,16.0,1.0,0,1.0,3,1,3,03,3,3.0,0,0,0,0,0,0,0,0,0,0,0,0,0,0,0,0,0
25335,2020079321,1336.0,1336.0,67,67301,39.9517,-75.1641,0,0,0,0,0,0,1,9,2020,6,13.0,1.0,0,1.0,3,0,3,03,0,0.0,0,0,0,0,0,0,0,0,0,0,0,0,0,0,0,0,0
25336,2020079153,1512.0,1508.0,46,46107,40.098,-75.3058,0,1,0,0,0,0,0,9,2020,6,15.0,1.0,7,1.0,3,0,3,  ,3,3.0,0,0,0,0,0,0,0,0,0,0,0,0,0,0,0,0,0
25337,2020079505,1450.0,1441.0,28,28213,40.0536,-77.5603,0,0,0,0,1,0,4,9,2020,2,14.0,1.0,0,1.0,1,0,3,  ,3,3.0,0,0,1,0,0,0,0,0,0,0,0,0,0,0,0,0,0
25338,2020079588,115.0,112.0,9,9208,40.1952,-74.8338,1,0,0,0,0,0,1,9,2020,5,1.0,2.0,0,1.0,3,0,3,  ,0,0.0,0,1,0,0,0,0,0,0,0,0,0,0,0,0,0,0,0
25339,2020079614,1856.0,1855.0,38,38406,40.3275,-76.5253,0,0,0,0,0,0,4,9,2020,3,18.0,1.0,0,1.0,3,0,3,03,0,0.0,1,0,1,0,0,0,0,0,0,0,1,0,0,0,0,0,0
25340,2020079649,1155.0,1155.0,67,67301,40.0329,-75.0487,0,0,0,0,0,0,4,9,2020,1,11.0,1.0,0,1.0,3,1,3,  ,2,3.0,1,0,1,0,0,0,0,0,0,0,0,0,0,0,0,0,0
25341,2020079833,1629.0,1616.0,1,1402,39.9243,-77.2941,0,0,0,0,0,1,4,9,2020,4,16.0,1.0,0,1.0,1,2,3,  ,3,3.0,1,0,1,0,0,0,0,0,0,0,0,0,0,1,0,0,0
25342,2020079842,1723.0,1700.0,11,11414,40.3451,-78.8798,0,0,0,0,0,1,4,9,2020,6,16.0,1.0,0,1.0,3,1,3,  ,3,3.0,0,0,1,0,0,0,0,0,0,0,0,0,0,0,0,0,0
25343,2020080106,1641.0,1637.0,6,6103,40.2961,-75.8985,0,0,0,0,0,0,4,9,2020,2,16.0,1.0,0,1.0,1,1,3,  ,3,3.0,0,0,1,0,0,0,0,0,0,0,0,0,0,0,0,0,0
25344,2020079938,1903.0,1857.0,39,39301,40.6019,-75.5125,0,1,0,0,0,0,4,9,2020,5,18.0,3.0,0,1.0,3,1,3,03,0,0.0,0,0,1,0,0,0,0,0,0,0,0,0,0,0,0,0,0
25345,2020079943,2016.0,2012.0,39,39301,40.6096,-75.4681,0,0,0,0,0,1,4,9,2020,7,20.0,3.0,0,1.0,3,1,3,03,2,3.0,0,0,1,0,0,0,0,0,0,0,0,0,0,0,0,0,0
25346,2020080198,1204.0,1159.0,25,25301,41.9253,-79.6466,0,0,0,0,0,0,4,9,2020,2,11.0,1.0,0,1.0,2,1,3,03,3,3.0,0,0,1,0,0,0,0,0,0,0,0,0,0,0,0,1,0
25347,2020080201,1456.0,1454.0,15,15403,40.0037,-75.7084,0,0,0,0,0,0,4,9,2020,6,14.0,1.0,0,1.0,3,1,3,  ,2,3.0,0,0,1,0,0,0,0,0,0,0,0,0,0,0,0,0,0
25348,2020080125,1507.0,1504.0,66,66413,39.8156,-76.9968,0,0,0,0,0,1,4,9,2020,7,15.0,1.0,0,1.0,2,0,3,03,0,0.0,0,0,1,0,0,0,0,0,0,0,0,0,0,0,0,0,0
25349,2020080157,2019.0,2009.0,26,26302,39.8998,-79.7148,0,0,0,0,0,1,4,8,2020,3,20.0,3.0,0,9.0,2,0,3,  ,0,0.0,0,0,1,0,0,0,0,0,0,0,0,0,0,0,0,0,0
25350,2020080283,1512.0,1510.0,23,23103,39.972,-75.3,0,0,0,0,0,0,4,9,2020,2,15.0,1.0,0,1.0,3,2,3,  ,2,3.0,0,0,1,0,0,0,0,0,0,0,0,0,0,0,0,0,0
25351,2020080306,2049.0,2049.0,67,67301,39.9447,-75.1582,0,0,0,0,0,1,4,9,2020,2,20.0,3.0,0,1.0,3,1,3,03,2,3.0,1,0,1,0,0,0,0,0,0,0,0,0,0,0,0,0,0
25352,2020080316,1145.0,1143.0,2,2426,40.4279,-79.8849,0,0,0,0,0,1,2,9,2020,7,11.0,1.0,0,1.0,3,2,3,03,0,0.0,0,0,0,0,0,0,0,0,0,0,0,0,0,0,0,0,0
25353,2020080638,1305.0,1250.0,67,67301,39.9503,-75.1658,0,0,0,0,0,0,4,9,2020,3,12.0,1.0,0,9.0,3,1,7,03,2,3.0,0,0,1,0,0,1,0,0,0,0,0,0,0,0,0,1,0
25354,2020080496,1711.0,1709.0,6,6404,40.2639,-75.8063,0,0,0,0,1,0,4,9,2020,3,17.0,1.0,0,1.0,3,1,4,  ,3,3.0,0,0,1,0,0,0,0,0,0,0,0,0,0,0,0,0,0
25355,2020080528,1655.0,1639.0,67,67301,40.005,-75.1793,0,0,0,0,0,0,4,9,2020,2,14.0,1.0,0,1.0,3,0,3,03,0,0.0,0,0,1,0,0,0,0,0,0,0,0,0,0,0,0,0,0
25356,2020080701,2125.0,2125.0,25,25302,42.1267,-80.0727,0,0,0,0,0,1,4,9,2020,3,21.0,3.0,0,1.0,3,1,3,03,2,3.0,0,0,1,0,0,0,0,0,0,0,0,0,0,0,0,0,0
25357,2020080773,1504.0,1456.0,46,46223,40.2731,-75.4495,0,0,0,0,0,1,4,9,2020,5,14.0,1.0,0,1.0,1,0,3,  ,0,0.0,0,0,1,0,0,0,0,0,0,0,0,0,0,0,0,0,0
25358,2020080939,1723.0,1717.0,9,9229,40.342,-75.319,0,0,0,0,0,0,4,9,2020,4,17.0,1.0,0,1.0,1,0,3,03,8,3.0,0,0,1,0,0,0,0,0,0,0,0,0,0,0,0,0,0
25359,2020081082,1826.0,1823.0,39,39405,40.535,-75.4973,0,0,0,0,0,1,4,9,2020,7,18.0,1.0,0,1.0,3,2,98,  ,3,3.0,0,0,1,0,0,0,0,0,0,0,0,0,0,0,0,0,0
25360,2020081301,1613.0,1610.0,46,46101,40.1123,-75.1421,0,0,0,0,0,0,8,10,2020,5,16.0,1.0,0,1.0,3,1,3,03,3,2.0,1,0,0,0,0,0,0,0,0,0,0,0,0,0,0,1,0
25361,2020081293,1031.0,1029.0,36,36214,40.0726,-76.3951,0,0,0,0,0,0,4,9,2020,4,10.0,1.0,0,1.0,3,1,3,  ,3,3.0,1,0,1,0,0,1,0,0,0,0,1,0,1,0,0,1,0
25362,2020081436,1436.0,1433.0,25,25302,42.0966,-80.0819,0,0,0,0,0,1,5,10,2020,6,14.0,1.0,0,1.0,3,1,3,  ,2,3.0,1,0,0,0,0,0,0,0,0,0,0,0,0,0,0,0,0
25363,2020081499,1937.0,1927.0,46,46223,40.2663,-75.4489,0,0,0,0,0,0,4,8,2020,4,19.0,1.0,0,1.0,1,0,3,03,0,0.0,1,0,1,0,0,0,0,0,0,0,0,0,0,0,0,0,0
25364,2020081577,1738.0,1724.0,3,3412,40.5957,-79.5583,0,0,0,0,0,1,4,9,2020,6,17.0,1.0,0,1.0,2,2,3,03,3,3.0,0,0,1,0,0,0,0,0,0,0,0,0,0,0,0,0,0
25365,2020081654,1250.0,1250.0,35,35302,41.4278,-75.6639,0,0,0,0,0,1,2,10,2020,7,12.0,1.0,0,1.0,3,1,3,03,3,3.0,0,0,0,0,0,0,0,0,0,0,0,0,0,0,0,0,0
25366,2020081934,1040.0,1033.0,67,67301,40.0004,-75.1432,0,1,0,0,0,0,4,7,2020,3,10.0,1.0,0,1.0,3,0,3,03,0,0.0,0,0,1,0,0,0,0,0,0,0,0,0,0,0,0,0,0
25367,2020081945,1257.0,1252.0,36,36301,40.0473,-76.3239,0,0,0,0,0,0,4,10,2020,1,12.0,1.0,7,1.0,3,0,3,  ,0,0.0,0,0,1,0,0,0,0,0,0,0,0,0,0,0,0,0,0
25368,2020082218,847.0,844.0,25,25302,42.1299,-80.064,0,0,0,1,0,0,4,10,2020,2,8.0,1.0,0,1.0,3,0,4,  ,0,0.0,0,0,1,0,1,0,0,0,0,0,0,0,0,0,0,0,0
25369,2020082254,1411.0,1408.0,15,15256,40.0136,-75.4811,1,0,0,0,0,1,4,10,2020,7,14.0,1.0,0,1.0,1,2,3,  ,0,0.0,1,0,1,0,0,0,0,0,0,0,0,0,0,0,0,0,0
25370,2020082251,1317.0,1317.0,23,23103,39.9831,-75.3173,0,0,0,0,0,0,4,10,2020,5,13.0,1.0,7,1.0,3,0,3,  ,0,0.0,1,0,1,0,0,0,0,0,0,0,1,0,0,0,0,1,0
25371,2020082330,1845.0,1841.0,67,67301,39.9467,-75.161,0,0,0,0,1,0,5,10,2020,7,18.0,3.0,0,1.0,3,0,3,03,2,3.0,0,0,0,0,0,0,0,0,0,0,0,0,0,0,0,1,0
25372,2020082310,1400.0,1404.0,2,2301,40.4403,-79.9656,0,0,0,0,0,0,4,10,2020,2,14.0,1.0,0,1.0,3,1,3,03,3,3.0,0,0,1,0,0,0,0,0,0,0,0,0,0,0,0,0,0
25373,2020082332,1455.0,1447.0,67,67301,40.0832,-74.9721,0,0,0,0,0,0,4,10,2020,1,14.0,1.0,0,1.0,3,0,3,03,0,0.0,0,0,1,0,0,0,0,0,0,0,0,0,0,0,0,0,0
25374,2020082528,1427.0,1425.0,22,22208,40.3048,-76.8076,0,0,0,0,0,1,4,10,2020,7,14.0,1.0,0,1.0,3,2,3,  ,3,3.0,0,0,1,0,0,0,0,0,0,0,0,0,0,0,0,0,0
25375,2020082596,1122.0,1120.0,67,67301,39.9534,-75.1965,0,0,0,0,0,0,5,10,2020,3,11.0,1.0,0,1.0,3,0,3,  ,0,0.0,0,0,0,0,0,0,0,0,0,0,0,0,0,0,0,0,0
25376,2020083108,1702.0,1700.0,21,21402,40.1951,-77.1925,0,1,0,0,0,0,4,10,2020,1,17.0,1.0,0,1.0,2,1,3,  ,1,3.0,0,0,1,0,0,0,0,0,0,0,0,0,0,0,0,0,0
25377,2020082723,1805.0,1801.0,36,36211,40.0626,-76.5496,0,0,0,0,0,1,8,10,2020,2,18.0,1.0,0,1.0,1,1,3,  ,2,3.0,0,0,0,0,0,0,0,0,0,0,0,0,0,0,0,0,0
25378,2020083025,1735.0,1735.0,67,67301,39.9818,-75.1819,0,0,0,0,0,0,4,10,2020,7,17.0,1.0,0,1.0,3,1,3,03,2,3.0,0,0,1,0,0,0,0,0,0,0,0,0,0,0,0,0,0
25379,2020082943,1612.0,1611.0,48,48301,40.6249,-75.3668,0,0,0,0,0,0,4,9,2020,4,16.0,1.0,0,1.0,3,1,3,03,3,3.0,1,0,1,0,0,0,0,0,0,0,0,0,0,1,0,0,0
25380,2020082962,1151.0,1146.0,40,40301,40.9624,-75.9811,0,0,0,0,0,0,4,7,2020,7,11.0,1.0,0,1.0,2,1,3,03,0,0.0,0,0,1,0,0,0,0,0,0,0,0,0,0,0,0,0,0
25381,2020083133,1932.0,1907.0,67,67301,39.9332,-75.151,0,0,0,0,0,0,4,10,2020,1,19.0,3.0,0,1.0,3,1,3,03,3,3.0,0,0,1,0,0,0,0,0,0,0,0,0,0,0,0,0,0
25382,2020083564,319.0,316.0,67,67301,39.9946,-75.1643,0,0,0,0,0,0,4,10,2020,5,2.0,2.0,3,1.0,3,2,3,03,3,3.0,0,0,1,0,0,0,0,0,0,0,0,0,0,0,0,0,0
25383,2020083605,1610.0,1604.0,9,9101,40.0979,-74.8723,0,0,0,0,0,1,4,10,2020,5,16.0,1.0,2,1.0,3,2,3,03,4,3.0,0,0,1,0,0,0,0,0,0,0,0,0,0,0,0,1,0
25384,2020084052,1835.0,1832.0,67,67301,39.951,-75.1971,0,0,0,0,0,0,4,10,2020,6,18.0,4.0,0,1.0,3,0,3,03,2,3.0,0,0,1,0,0,0,0,0,0,0,0,0,0,0,0,0,0
25385,2020083626,1720.0,1706.0,15,15412,39.9638,-75.8193,0,0,0,0,0,0,4,9,2020,2,17.0,1.0,0,1.0,3,1,3,03,3,3.0,0,0,1,0,0,0,0,0,0,0,0,0,0,0,0,0,0
25386,2020083904,1500.0,1458.0,9,9219,40.3885,-75.1455,0,1,0,0,1,0,5,10,2020,6,14.0,1.0,0,1.0,1,0,3,03,0,0.0,0,0,0,0,0,0,0,0,0,0,0,0,0,0,0,1,0
25387,2020084059,2111.0,2107.0,9,9101,40.1187,-74.8443,0,0,0,0,0,1,4,10,2020,6,21.0,3.0,0,1.0,3,1,3,  ,2,3.0,0,0,1,0,0,0,0,0,0,0,0,0,0,0,0,0,0
25388,2020084077,2115.0,2115.0,23,23405,39.9184,-75.2647,0,1,0,0,0,1,4,10,2020,6,21.0,3.0,0,1.0,3,2,3,03,2,3.0,0,0,1,0,0,0,0,0,0,0,0,0,0,0,0,1,0
25389,2020084147,1707.0,1704.0,2,2415,40.4119,-80.0802,0,0,0,0,1,0,4,10,2020,6,17.0,1.0,0,1.0,3,2,3,  ,0,0.0,1,0,1,0,0,0,0,0,0,0,0,0,0,0,0,0,0
25390,2020084126,1435.0,1433.0,15,15239,40.0519,-75.6338,0,0,0,0,0,1,4,10,2020,6,14.0,1.0,0,1.0,1,1,3,03,3,2.0,0,0,1,0,0,1,0,0,0,0,0,0,0,0,0,0,0
25391,2020084270,1728.0,1717.0,14,14206,40.7459,-78.0138,0,0,0,0,0,1,4,10,2020,7,17.0,1.0,7,1.0,1,0,3,  ,0,0.0,0,0,1,0,0,0,0,0,0,0,0,0,0,0,0,0,0
25392,2020084500,2117.0,2113.0,41,41301,41.2354,-77.0502,0,0,0,0,0,0,2,10,2020,7,21.0,3.0,0,1.0,3,1,3,03,2,3.0,0,0,0,0,0,0,0,0,0,0,0,0,0,0,0,0,0
25393,2020084574,1243.0,1242.0,23,23111,39.9619,-75.2572,0,0,0,0,0,0,4,9,2020,1,12.0,1.0,0,1.0,3,2,3,03,3,3.0,0,0,1,0,0,0,0,0,0,0,0,0,0,0,0,0,0
25394,2020084662,1850.0,1844.0,36,36214,40.0741,-76.3709,0,1,0,0,0,0,4,10,2020,6,18.0,4.0,0,1.0,3,1,3,03,2,3.0,1,0,1,0,0,0,0,0,0,0,1,0,0,0,0,1,0
25395,2020084805,1626.0,1626.0,67,67301,40.012,-75.1358,0,0,0,0,0,0,4,10,2020,7,16.0,1.0,0,1.0,3,1,3,03,2,3.0,0,0,1,0,0,0,0,0,0,0,0,0,0,0,0,0,0
25396,2020084648,1937.0,1930.0,67,67301,40.0892,-74.9651,0,0,0,0,0,0,4,10,2020,7,19.0,3.0,7,1.0,3,0,3,03,0,0.0,1,0,1,0,0,0,0,0,0,0,0,0,0,0,0,1,0
25397,2020084800,1550.0,1505.0,67,67301,40.0571,-75.0716,0,0,0,0,0,1,4,10,2020,1,14.0,1.0,0,1.0,3,2,3,03,3,3.0,0,0,1,0,0,0,0,0,0,0,0,0,0,0,0,0,0