,CRN,ARRIVAL_TM,DISPATCH_TM,COUNTY,MUNICIPALITY,DEC_LAT,DEC_LONG,BICYCLE_DEATH_COUNT,BICYCLE_SUSP_SERIOUS_INJ_COUNT,BUS_COUNT,HEAVY_TRUCK_COUNT,SMALL_TRUCK_COUNT,SUV_COUNT,COLLISION_TYPE,CRASH_MONTH,CRASH_YEAR,DAY_OF_WEEK,HOUR_OF_DAY,ILLUMINATION,LOCATION_TYPE,ROAD_CONDITION,URBAN_RURAL,INTERSECT_TYPE,WEATHER1,WEATHER2,TCD_TYPE,TCD_FUNC_CD,AGGRESSIVE_DRIVING,ALCOHOL_RELATED,ANGLE_CRASH,CELL_PHONE,COMM_VEHICLE,DISTRACTED,DRINKING_DRIVER,DRUGGED_DRIVER,FATIGUE_ASLEEP,IMPAIRED_DRIVER,NHTSA_AGG_DRIVING,RUNNING_RED_LT,RUNNING_STOP_SIGN,SPEEDING_RELATED,TAILGATING,MATURE_DRIVER,YOUNG_DRIVER
25398,2020084708,1928.0,1918.0,67,67301,39.9932,-75.1613,0,0,0,0,0,0,4,10,2020,1,19.0,3.0,0,9.0,3,1,7,07,3,3.0,0,0,1,0,0,0,0,0,0,0,0,0,0,0,0,0,0
25399,2020085051,1622.0,1621.0,46,46104,40.0061,-75.2843,0,0,0,0,0,1,4,9,2020,7,16.0,1.0,0,1.0,3,2,3,  ,0,0.0,1,0,1,0,0,0,0,0,0,0,0,0,0,0,0,1,0
25400,2020085058,1606.0,1606.0,23,23103,39.983,-75.3175,0,0,0,0,0,1,4,10,2020,4,16.0,1.0,0,1.0,3,0,3,  ,0,0.0,0,0,1,0,0,0,0,0,0,0,0,0,0,0,0,0,0
25401,2020085192,1710.0,1706.0,48,48101,40.638,-75.3347,0,1,0,0,0,0,4,4,2020,7,17.0,1.0,0,1.0,3,0,3,03,0,0.0,1,1,1,0,0,0,1,1,0,1,1,0,0,1,0,0,0
25402,2020085493,1901.0,1900.0,46,46104,39.9985,-75.2715,0,0,0,0,0,0,0,9,2020,1,19.0,3.0,0,1.0,3,0,3,  ,0,0.0,0,0,0,0,0,0,0,0,0,0,0,0,0,0,0,0,0
25403,2020085593,1511.0,1508.0,25,25302,42.1057,-80.0906,0,0,0,0,0,0,4,10,2020,4,15.0,1.0,0,1.0,3,1,3,03,2,3.0,0,0,1,0,0,0,0,0,0,0,0,0,0,0,0,0,0
25404,2020085695,1518.0,1458.0,58,58409,41.7629,-77.3017,0,0,0,0,1,0,8,10,2020,3,14.0,1.0,0,1.0,1,0,3,  ,7,3.0,1,0,0,0,0,0,0,0,0,0,1,0,0,0,0,1,0
25405,2020085782,1750.0,1743.0,36,36101,40.0711,-76.2722,0,0,0,0,0,1,4,10,2020,3,17.0,1.0,0,1.0,3,2,3,03,0,0.0,1,0,1,0,0,0,0,0,0,0,0,0,0,0,0,1,0
25406,2020085985,1647.0,1644.0,6,6408,40.5565,-75.9853,0,0,0,0,0,1,2,10,2020,5,16.0,1.0,0,1.0,1,1,3,  ,3,3.0,0,0,0,0,0,0,0,0,0,0,0,0,0,0,0,1,0
25407,2020086392,702.0,657.0,39,39301,40.5884,-75.4739,0,0,0,0,0,1,6,10,2020,3,6.0,3.0,0,9.0,3,0,4,04,0,0.0,0,0,0,0,0,0,0,0,0,0,0,0,0,0,0,1,0
25408,2020086342,1327.0,1321.0,67,67301,39.9228,-75.1843,0,0,0,0,0,0,4,10,2020,5,13.0,1.0,7,1.0,3,0,3,03,0,0.0,0,0,1,0,0,0,0,0,0,0,0,0,0,0,0,0,0
25409,2020086211,1910.0,1900.0,67,67301,39.9992,-75.1474,0,0,0,0,0,1,4,10,2020,6,17.0,1.0,0,1.0,3,1,3,  ,2,3.0,1,0,1,0,0,0,0,0,0,0,0,0,0,0,0,0,0
25410,2020086420,1702.0,1658.0,14,14216,40.8094,-77.9239,0,0,0,0,0,1,4,10,2020,6,16.0,1.0,0,1.0,1,0,3,03,0,0.0,0,0,1,0,0,0,0,0,0,0,0,0,0,0,0,0,0
25411,2020086573,1549.0,1538.0,39,39301,40.6023,-75.4949,0,0,0,0,0,0,4,10,2020,5,15.0,1.0,0,1.0,3,0,3,03,0,0.0,0,0,1,0,0,0,0,0,0,0,0,0,0,0,0,0,0
25412,2020086576,730.0,726.0,47,47401,40.96,-76.615,0,0,0,0,1,0,4,10,2020,6,7.0,5.0,0,9.0,2,1,7,07,3,3.0,0,0,1,0,0,0,0,0,0,0,0,0,0,0,0,0,0
25413,2020086702,1606.0,1601.0,41,41301,41.2489,-76.9874,0,0,0,0,0,0,4,10,2020,7,16.0,1.0,0,1.0,3,1,3,  ,3,3.0,0,0,1,0,0,0,0,0,0,0,0,0,0,0,0,0,0
25414,2020086809,954.0,954.0,67,67301,39.9816,-75.1445,0,0,0,0,0,1,1,10,2020,5,9.0,1.0,0,1.0,3,1,3,  ,2,3.0,0,0,0,0,0,0,0,0,0,0,0,0,0,0,0,0,0
25415,2020086850,2011.0,2009.0,48,48301,40.6117,-75.3663,0,0,0,0,0,1,4,10,2020,2,20.0,6.0,0,1.0,3,1,3,03,3,3.0,0,0,1,0,0,0,0,0,0,0,0,0,0,0,0,0,0
25416,2020086859,1717.0,1711.0,9,9227,40.2344,-75.1546,0,0,0,0,0,1,4,10,2020,7,17.0,1.0,0,1.0,3,1,3,  ,3,3.0,0,0,1,0,0,0,0,0,0,0,0,0,0,0,0,0,0
25417,2020086911,1728.0,1722.0,66,66208,40.1578,-76.8853,0,0,0,0,0,0,4,10,2020,3,17.0,1.0,0,1.0,1,2,3,03,0,0.0,0,0,1,0,0,0,0,0,0,0,0,0,0,0,0,0,0
25418,2020087202,,,25,25411,42.2151,-79.8348,0,0,0,0,0,0,4,8,2020,2,10.0,1.0,7,1.0,1,0,3,  ,0,0.0,0,0,1,0,0,0,0,0,0,0,0,0,0,0,0,0,0
25419,2020087300,1638.0,1638.0,21,21404,40.2058,-77.0131,0,0,0,0,0,0,1,10,2020,6,16.0,1.0,0,1.0,3,0,3,03,0,0.0,1,0,0,0,0,0,0,0,0,0,0,0,0,0,0,0,0
25420,2020087176,2243.0,2241.0,67,67301,39.9426,-75.1571,0,0,0,0,0,1,4,10,2020,1,22.0,3.0,0,1.0,3,1,3,  ,2,3.0,0,0,1,0,0,0,0,0,0,0,0,0,0,0,0,0,0
25421,2020087356,400.0,356.0,36,36223,40.04,-76.3698,0,0,0,0,0,0,1,10,2020,3,3.0,2.0,0,1.0,1,0,3,03,0,0.0,0,0,0,0,0,0,0,0,1,0,0,0,0,0,0,0,1
25422,2020087365,1935.0,1934.0,48,48301,40.6104,-75.3815,0,0,0,0,0,0,5,10,2020,5,19.0,3.0,0,1.0,3,1,3,03,2,3.0,1,0,0,0,0,0,0,0,0,0,0,0,0,0,0,0,0
25423,2020087393,1412.0,1412.0,40,40432,41.303,-75.8487,0,0,0,0,0,1,3,9,2020,7,14.0,1.0,7,1.0,3,0,3,  ,0,0.0,0,0,0,0,0,0,0,0,0,0,0,0,0,0,0,0,0
25424,2020087425,1505.0,1444.0,6,6240,40.2563,-75.7695,0,0,0,0,0,1,4,10,2020,6,14.0,1.0,0,1.0,1,0,3,03,3,3.0,0,0,1,0,0,0,0,0,0,0,0,0,0,0,0,0,0
25425,2020087698,1310.0,1307.0,67,67301,39.9559,-75.1915,0,0,0,0,0,0,4,10,2020,3,13.0,1.0,0,1.0,3,1,3,  ,2,3.0,1,0,1,0,0,0,0,0,0,0,0,0,0,0,0,0,0
25426,2020087553,1817.0,1815.0,67,67301,39.9538,-75.2411,0,0,0,0,0,0,4,10,2020,2,18.0,4.0,0,1.0,3,2,3,03,3,3.0,0,0,1,0,0,0,0,0,0,0,0,0,0,0,0,0,0
25427,2020088284,1558.0,1556.0,25,25207,42.0103,-80.3015,1,0,0,0,0,0,4,9,2020,6,15.0,1.0,0,1.0,1,2,3,03,2,3.0,0,0,1,0,0,0,0,0,0,0,0,0,0,0,0,1,0
25428,2020089256,1514.0,1512.0,25,25207,42.0103,-80.3015,0,0,0,0,0,0,5,10,2020,7,15.0,1.0,0,1.0,1,2,3,  ,0,0.0,0,0,0,0,0,0,0,0,0,0,0,0,0,0,0,0,0
25429,2020089091,1852.0,1849.0,25,25302,42.1287,-80.074,0,0,0,0,0,0,4,10,2020,6,18.0,3.0,0,1.0,3,1,3,03,2,3.0,0,1,1,0,0,0,0,0,0,0,0,0,0,0,0,1,0
25430,2020089913,1920.0,1918.0,36,36415,40.1066,-76.0676,0,0,0,0,0,0,4,10,2020,5,19.0,3.0,0,1.0,1,1,3,03,3,3.0,0,0,1,0,0,0,0,0,0,0,0,0,0,0,0,0,0
25431,2020089543,1325.0,1322.0,46,46211,40.2334,-75.2543,0,0,0,0,0,0,4,10,2020,1,13.0,1.0,0,1.0,1,1,3,  ,2,3.0,1,0,1,0,0,0,0,0,0,0,1,0,0,0,0,0,0
25432,2020089597,1329.0,1326.0,23,23107,39.8744,-75.3538,0,0,0,0,0,0,4,10,2020,7,13.0,1.0,7,1.0,3,2,3,03,3,3.0,1,0,1,0,0,0,0,0,0,0,0,0,0,0,0,0,0
25433,2020089785,1340.0,1332.0,46,46104,40.0383,-75.2982,0,0,0,0,0,0,4,9,2020,1,13.0,1.0,0,1.0,3,1,3,  ,3,3.0,1,0,1,0,0,0,0,0,0,0,0,0,1,0,0,0,0
25434,2020089882,843.0,843.0,67,67301,40.0204,-75.1401,0,0,0,0,0,0,4,10,2020,6,8.0,1.0,0,1.0,3,1,3,03,3,3.0,0,0,1,0,0,0,0,0,0,0,0,0,0,0,0,0,0
25435,2020090037,2017.0,2015.0,46,46202,40.1535,-75.3533,0,0,0,0,0,1,5,9,2020,5,20.0,3.0,0,9.0,3,2,7,  ,2,3.0,1,0,0,0,0,0,0,0,0,0,0,0,0,0,0,0,0
25436,2020090138,1353.0,1349.0,67,67301,40.0224,-75.05,0,0,0,0,0,1,2,10,2020,7,13.0,1.0,7,1.0,3,0,3,  ,0,0.0,0,0,0,0,0,0,0,0,0,0,0,0,0,0,0,0,1
25437,2020090137,1212.0,1203.0,67,67301,40.0242,-75.0465,0,0,0,0,0,1,2,10,2020,7,12.0,1.0,0,1.0,3,1,3,  ,2,3.0,0,0,0,0,0,1,0,0,0,0,0,0,0,0,0,0,0
25438,2020090373,1548.0,1545.0,41,41301,41.2412,-77.029,0,0,0,0,0,0,4,10,2020,6,15.0,1.0,0,1.0,3,1,3,04,0,0.0,0,0,1,0,0,0,0,0,0,0,0,0,0,0,0,1,0
25439,2020090493,856.0,850.0,2,2301,40.4514,-79.9454,0,0,0,0,0,1,4,10,2020,4,8.0,1.0,0,9.0,3,1,7,07,3,3.0,1,0,1,0,0,0,0,0,0,0,0,0,0,0,0,0,0
25440,2020090500,1843.0,1843.0,46,46104,40.0105,-75.2963,0,0,0,0,0,1,5,10,2020,5,18.0,3.0,0,1.0,3,0,3,  ,0,0.0,0,0,0,0,0,0,0,0,0,0,0,0,0,0,0,0,1
25441,2020090619,1515.0,1511.0,36,36301,40.0569,-76.3218,0,0,0,0,1,0,4,10,2020,4,15.0,1.0,0,1.0,3,0,3,03,0,0.0,1,0,1,0,0,0,0,0,0,0,0,0,0,0,0,0,0
25442,2020090669,2235.0,2230.0,39,39301,40.6097,-75.4833,0,0,0,0,0,0,8,10,2020,7,19.0,4.0,0,1.0,3,0,3,03,0,0.0,0,0,0,0,0,0,0,0,0,0,0,0,0,0,0,0,0
25443,2020091349,1909.0,1909.0,67,67301,40.0475,-75.1429,0,1,0,0,0,1,4,10,2020,7,13.0,1.0,0,1.0,3,1,3,03,2,3.0,0,0,1,0,0,0,0,0,0,0,0,0,0,0,0,0,0
25444,2020091357,1925.0,1916.0,15,15240,39.9738,-75.8453,0,0,0,0,0,1,4,10,2020,4,19.0,2.0,0,1.0,3,2,3,03,0,0.0,0,0,1,0,0,1,0,0,0,0,0,0,0,0,0,0,0
25445,2020091566,1626.0,1622.0,39,39301,40.5548,-75.4746,0,0,0,0,0,1,6,10,2020,1,16.0,1.0,7,1.0,3,0,4,04,0,0.0,0,0,0,0,0,0,0,0,0,0,0,0,0,0,0,0,0
25446,2020092545,1616.0,1613.0,46,46413,40.1229,-75.3426,0,0,0,0,0,0,4,11,2020,2,16.0,1.0,0,1.0,3,1,3,03,2,3.0,0,0,1,0,0,0,0,0,0,0,0,0,0,0,0,1,0
25447,2020092959,1551.0,1547.0,7,7301,40.5133,-78.407,0,0,0,0,0,1,4,11,2020,2,15.0,1.0,0,1.0,3,1,3,  ,0,0.0,0,0,1,0,0,0,0,0,0,0,0,0,0,0,0,0,0
25448,2020093709,810.0,801.0,36,36301,40.0463,-76.3187,0,0,0,0,0,0,8,10,2020,3,7.0,1.0,0,1.0,3,0,3,  ,0,0.0,0,0,0,0,0,0,0,0,0,0,0,0,0,0,0,0,0
25449,2020093978,1810.0,1805.0,36,36240,39.9914,-76.2755,0,0,0,0,0,0,5,10,2020,2,18.0,1.0,7,1.0,1,0,3,  ,0,0.0,0,0,0,0,0,0,0,0,0,0,0,0,0,0,0,0,0
25450,2020093891,1902.0,1900.0,2,2301,40.4687,-79.9159,0,0,0,0,0,0,2,10,2020,5,19.0,3.0,0,1.0,3,0,3,03,0,0.0,0,0,0,0,0,0,0,0,0,0,0,0,0,0,0,0,0
25451,2020093957,1906.0,1901.0,39,39102,40.6259,-75.4829,0,0,0,0,0,0,4,11,2020,4,19.0,3.0,2,1.0,3,3,3,03,0,0.0,0,0,1,0,0,0,0,0,0,0,0,0,0,0,0,0,0
25452,2020094129,2255.0,2255.0,48,48301,40.6121,-75.3731,0,0,0,0,0,1,4,10,2020,7,22.0,3.0,0,1.0,3,2,3,03,2,3.0,0,0,1,0,0,0,0,0,0,0,0,0,0,0,0,0,0
25453,2020094287,1418.0,1408.0,2,2301,40.4662,-79.952,0,0,0,0,0,1,1,11,2020,6,14.0,1.0,0,1.0,3,0,3,  ,0,0.0,0,0,0,0,0,0,0,0,0,0,0,0,0,0,0,0,0
25454,2020094310,1616.0,1609.0,36,36101,40.0561,-76.3056,0,0,0,0,0,0,4,10,2020,5,16.0,1.0,0,1.0,3,1,3,  ,2,3.0,0,0,1,0,0,0,0,0,0,0,0,0,0,0,0,0,0
25455,2020094290,925.0,917.0,67,67301,39.9536,-75.1732,0,0,0,0,0,1,4,10,2020,5,8.0,1.0,0,1.0,3,1,4,04,2,3.0,0,0,1,0,0,0,0,0,0,0,0,0,0,0,0,0,0
25456,2020094453,2110.0,2107.0,36,36301,40.0459,-76.3072,0,0,0,0,0,0,5,10,2020,6,21.0,3.0,0,1.0,3,1,3,  ,2,3.0,0,1,0,0,0,0,0,0,0,0,0,0,0,0,0,0,0
25457,2020094520,1926.0,1925.0,67,67301,39.9521,-75.1615,0,0,0,1,0,0,4,11,2020,6,19.0,3.0,0,1.0,3,1,3,03,2,3.0,1,0,1,0,1,0,0,0,0,0,0,1,0,0,0,0,0
25458,2020094633,1405.0,1400.0,66,66231,39.9729,-76.7531,0,1,0,0,0,0,4,11,2020,7,14.0,1.0,0,1.0,1,0,3,  ,0,0.0,1,0,1,0,0,0,0,0,0,0,0,0,0,0,0,0,0
25459,2020095268,916.0,912.0,9,9216,40.2185,-74.9264,0,0,0,0,0,1,4,10,2020,7,9.0,1.0,0,1.0,3,1,3,  ,2,3.0,1,0,1,0,0,0,0,0,0,0,0,0,0,0,0,0,0
25460,2020095345,1615.0,1613.0,26,26301,40.0083,-79.6016,0,0,0,0,0,0,4,11,2020,2,16.0,1.0,0,1.0,2,1,3,03,3,3.0,0,0,1,0,0,0,0,0,0,0,0,0,0,0,0,0,0
25461,2020095475,743.0,738.0,36,36218,40.1581,-76.124,0,1,0,0,0,0,1,10,2020,6,7.0,5.0,0,9.0,1,0,7,  ,0,0.0,0,0,0,0,0,1,0,0,0,0,0,0,0,0,0,0,0
25462,2020095525,1711.0,1708.0,39,39301,40.6182,-75.4612,0,0,0,0,0,0,7,9,2020,4,17.0,1.0,0,1.0,3,1,3,03,2,3.0,0,0,0,0,0,0,0,0,0,0,0,0,0,0,0,0,0
25463,2020095770,928.0,928.0,67,67301,39.9379,-75.1836,0,0,0,0,0,0,8,11,2020,2,9.0,1.0,0,1.0,3,0,3,03,0,0.0,0,0,0,0,0,0,0,0,0,0,0,0,0,0,0,0,0
25464,2020095796,1256.0,1253.0,36,36234,40.0886,-76.1818,0,0,0,0,0,1,4,11,2020,3,12.0,1.0,7,1.0,1,0,3,03,0,0.0,1,0,1,0,0,0,0,0,0,0,0,0,0,0,0,1,0
25465,2020096200,1549.0,1546.0,25,25302,42.1223,-80.0788,0,1,0,0,0,0,4,11,2020,4,15.0,1.0,0,1.0,3,1,3,03,3,3.0,0,0,1,0,0,1,0,0,0,0,0,0,0,0,0,0,0
25466,2020096272,1850.0,1845.0,2,2301,40.4298,-79.9235,0,0,0,0,0,0,4,11,2020,4,18.0,3.0,0,9.0,3,5,7,  ,2,3.0,1,0,1,0,0,0,0,0,0,0,0,0,0,0,0,0,0
25467,2020096259,1340.0,1339.0,46,46101,40.0854,-75.1148,0,0,0,0,0,0,8,11,2020,1,13.0,1.0,0,1.0,3,1,3,03,2,3.0,0,0,0,0,0,0,0,0,0,0,0,0,0,0,0,0,0
25468,2020096214,1745.0,1738.0,36,36239,40.0319,-76.4742,0,0,0,0,0,1,4,10,2020,2,17.0,1.0,7,1.0,3,0,3,  ,3,3.0,1,0,1,0,0,0,0,0,0,0,0,0,0,0,0,1,0
25469,2020096512,1329.0,1309.0,35,35302,41.4037,-75.6548,0,0,0,1,0,0,4,11,2020,5,13.0,1.0,0,1.0,3,2,3,  ,3,3.0,0,0,1,0,1,0,0,0,0,0,0,0,0,0,0,0,0
25470,2020097007,1805.0,1759.0,21,21103,40.2176,-76.9833,0,0,0,0,0,1,4,9,2020,4,17.0,1.0,7,1.0,3,0,3,03,0,0.0,0,0,1,0,0,0,0,0,0,0,0,0,0,0,0,0,0
25471,2020097226,1514.0,1511.0,66,66413,39.8177,-76.9722,0,0,0,0,0,0,4,8,2020,5,15.0,1.0,0,1.0,2,1,3,  ,3,3.0,0,0,1,0,0,0,0,0,0,0,0,0,0,0,0,0,0
25472,2020097548,1654.0,1649.0,9,9202,40.1447,-74.9359,0,0,0,0,0,0,4,11,2020,3,16.0,1.0,0,1.0,3,1,3,03,3,3.0,0,0,1,0,0,0,0,0,0,0,0,0,0,0,0,0,1
25473,2020098285,908.0,908.0,67,67301,39.9377,-75.1903,0,0,0,0,0,0,5,9,2020,2,17.0,1.0,0,1.0,3,0,3,03,0,0.0,0,0,0,0,0,0,0,0,0,0,0,0,0,0,0,0,0
25474,2020098380,1251.0,1246.0,15,15247,39.9811,-75.6281,0,0,0,0,1,0,4,11,2020,7,12.0,1.0,0,1.0,3,0,3,  ,0,0.0,1,0,1,0,0,0,0,0,0,0,0,0,0,0,0,0,0
25475,2020098382,1240.0,1232.0,46,46107,40.0934,-75.2874,0,0,0,0,0,0,4,11,2020,3,12.0,1.0,0,1.0,3,0,3,04,0,0.0,0,0,1,0,0,0,0,0,0,0,0,0,0,0,0,1,0
25476,2020098675,1604.0,1546.0,41,41404,41.1696,-76.8731,0,0,0,0,0,0,8,11,2020,2,15.0,1.0,0,1.0,1,0,3,03,0,0.0,0,0,0,0,0,0,0,0,0,0,0,0,0,0,0,0,0
25477,2020098727,508.0,508.0,35,35414,41.3905,-75.6975,0,0,0,0,0,0,7,11,2020,3,4.0,3.0,0,1.0,3,2,3,03,0,0.0,0,0,0,0,0,1,0,0,0,0,0,0,0,0,0,0,0
25478,2020098816,1859.0,1851.0,46,46113,40.2289,-75.2625,0,0,0,0,0,0,99,11,2020,5,18.0,3.0,0,1.0,3,1,3,  ,2,3.0,0,0,0,0,0,0,0,0,0,0,0,0,0,0,0,0,0
25479,2020098807,1644.0,1634.0,67,67301,39.9392,-75.1909,0,0,0,0,0,0,5,11,2020,7,14.0,1.0,0,99.0,3,0,3,03,0,0.0,0,0,0,0,0,0,0,0,0,0,0,0,0,0,0,0,0
25480,2020099666,1218.0,1214.0,9,9227,40.2804,-75.181,1,0,0,0,0,0,4,11,2020,6,12.0,1.0,0,1.0,3,1,3,  ,2,3.0,0,0,1,0,0,0,0,0,0,0,0,0,0,0,0,0,0
25481,2020099830,1709.0,1703.0,14,14206,40.7796,-77.8802,0,0,0,0,0,0,4,11,2020,6,17.0,4.0,0,1.0,1,1,3,03,0,0.0,0,0,1,0,0,0,0,0,0,0,0,0,0,0,0,0,0
25482,2020100059,1650.0,1647.0,35,35417,41.4652,-75.558,0,0,0,0,0,0,4,11,2020,6,16.0,4.0,2,1.0,3,0,3,  ,2,3.0,0,0,1,0,0,0,0,0,0,0,0,0,0,0,0,0,0
25483,2020100098,1605.0,1600.0,46,46211,40.2149,-75.2228,0,0,0,0,0,0,8,11,2020,6,16.0,1.0,0,1.0,1,0,3,  ,0,0.0,0,0,0,0,0,1,0,0,0,0,0,0,0,0,0,0,0
25484,2020100150,1235.0,1233.0,9,9412,40.2264,-74.9318,0,0,0,0,0,1,4,11,2020,6,12.0,1.0,0,1.0,3,1,3,03,3,3.0,1,0,1,0,0,0,0,0,0,0,0,0,1,0,0,1,0
25485,2020101105,1529.0,1527.0,39,39301,40.606,-75.5009,0,1,0,0,0,0,4,11,2020,6,15.0,1.0,0,1.0,3,1,3,03,0,0.0,0,0,1,0,0,0,0,0,0,0,0,0,0,0,0,0,0
25486,2020101101,1746.0,1745.0,39,39301,40.6049,-75.4619,0,0,0,0,0,0,4,11,2020,5,17.0,3.0,0,1.0,3,1,3,03,2,3.0,0,0,1,0,0,0,0,0,0,0,0,0,0,0,0,0,0
25487,2020101298,1541.0,1539.0,9,9403,40.3024,-75.1286,0,0,0,0,0,0,4,11,2020,2,15.0,1.0,7,1.0,3,0,3,03,0,0.0,1,0,1,0,0,0,0,0,0,0,0,0,0,0,0,1,0
25488,2020101761,835.0,834.0,46,46101,40.1249,-75.133,0,0,0,0,0,0,4,11,2020,6,8.0,1.0,0,1.0,3,2,3,03,3,3.0,1,0,1,0,0,0,0,0,0,0,0,0,0,0,0,1,0
25489,2020101979,2005.0,2000.0,39,39301,40.5726,-75.4809,0,0,0,0,0,0,4,11,2020,3,20.0,3.0,7,1.0,3,0,3,03,0,0.0,1,0,1,0,0,0,0,0,0,0,0,0,0,0,0,0,0
25490,2020102039,1641.0,1640.0,21,21407,40.2253,-76.8655,0,1,0,0,0,0,4,11,2020,4,16.0,1.0,0,1.0,3,1,3,  ,3,3.0,0,0,1,0,1,0,0,0,0,0,0,0,0,0,0,0,0
25491,2020102345,1613.0,1609.0,2,2481,40.5922,-80.0935,0,0,0,0,0,1,3,11,2020,3,99.0,1.0,7,1.0,3,0,3,  ,0,0.0,0,0,0,0,0,0,0,0,0,0,0,0,0,0,0,0,0
25492,2020102395,9999.0,9999.0,24,24402,41.4255,-78.7312,0,1,0,0,0,0,1,11,2020,7,16.0,1.0,0,1.0,2,0,3,98,0,0.0,0,0,0,0,0,0,0,0,0,0,0,0,0,0,0,1,0
25493,2020102440,2340.0,2336.0,2,2304,40.3488,-79.8394,0,0,0,0,0,0,4,11,2020,2,23.0,3.0,0,1.0,3,1,3,03,0,0.0,0,0,1,0,0,0,0,0,0,0,0,0,0,0,0,0,0
25494,2020102797,1340.0,1314.0,58,58223,41.8145,-77.0591,0,0,0,0,0,0,4,11,2020,4,13.0,1.0,0,3.0,1,2,07,04,0,0.0,0,0,1,0,0,0,0,0,0,0,0,0,0,0,0,1,0
25495,2020103335,1532.0,1423.0,6,6231,40.3997,-75.7216,0,0,0,0,0,0,5,11,2020,7,9.0,1.0,0,1.0,1,0,03,  ,0,0.0,0,0,0,0,0,0,0,0,0,0,0,0,0,0,0,0,0
25496,2020103256,1654.0,1650.0,23,23207,39.8935,-75.4436,0,0,0,0,1,0,4,10,2020,3,16.0,1.0,7,1.0,3,0,04,04,4,3.0,0,0,1,0,0,0,0,0,0,0,0,0,0,0,0,0,0
25497,2020103627,2028.0,2025.0,53,53426,40.6237,-76.1757,0,0,0,0,0,0,4,11,2020,6,20.0,3.0,0,1.0,2,1,03,  ,2,3.0,0,0,1,0,0,0,0,0,0,0,0,0,0,0,0,0,0
25498,2020103862,1343.0,1335.0,59,59205,41.0011,-76.8885,0,0,0,0,0,1,5,11,2020,2,13.0,1.0,0,1.0,1,0,03,03,0,0.0,0,0,0,0,0,0,0,0,0,0,0,0,0,0,0,0,0
25499,2020103899,2024.0,2011.0,36,36301,40.038,-76.3128,0,0,0,0,0,0,4,11,2020,2,20.0,3.0,0,1.0,3,1,03,03,3,3.0,0,0,1,0,0,0,0,0,0,0,0,0,0,0,0,0,0
25500,2020103964,1225.0,1219.0,36,36101,40.0861,-76.3323,0,0,0,0,0,1,4,12,2020,4,12.0,1.0,0,1.0,3,1,03,03,3,3.0,0,0,1,0,0,0,0,0,0,0,0,0,0,0,0,0,0
25501,2020104024,1740.0,1733.0,67,67301,39.9409,-75.1477,0,0,0,0,0,0,8,12,2020,3,17.0,6.0,0,1.0,3,0,03,  ,0,0.0,0,0,0,0,0,0,0,0,0,0,0,0,0,0,0,0,0
25502,2020104402,1201.0,1159.0,15,15236,40.0757,-75.4105,0,0,0,0,0,0,5,12,2020,5,11.0,1.0,0,1.0,1,1,03,  ,2,3.0,1,0,0,0,0,0,0,0,0,0,0,0,0,0,0,0,0
25503,2020104861,1352.0,1350.0,15,15411,40.1326,-75.5183,0,0,0,0,0,0,4,12,2020,7,13.0,1.0,0,1.0,3,1,03,03,2,3.0,0,0,1,0,0,0,0,0,0,0,0,0,0,0,0,0,0
25504,2020105237,1409.0,1409.0,23,23414,39.9163,-75.3859,0,1,0,0,0,1,4,11,2020,4,14.0,1.0,0,1.0,3,1,03,03,0,0.0,1,0,1,0,0,0,0,0,0,0,0,0,0,0,0,0,0
25505,2020105312,1727.0,1719.0,45,45214,40.9828,-75.2223,0,1,0,0,0,1,4,11,2020,2,17.0,3.0,0,1.0,1,3,03,03,0,0.0,1,0,1,0,0,0,0,0,0,0,0,0,0,0,0,0,0
25506,2020105435,1459.0,1459.0,36,36415,40.1085,-76.0702,0,0,0,0,0,1,1,11,2020,6,14.0,1.0,0,1.0,1,1,04,  ,0,0.0,0,0,0,0,0,0,0,0,0,0,0,0,0,0,0,1,0
25507,2020105134,1617.0,1615.0,66,66102,39.9124,-76.6795,0,0,0,0,1,0,6,11,2020,6,16.0,4.0,0,1.0,1,0,03,03,0,0.0,0,0,0,0,0,0,0,0,0,0,0,0,0,0,0,0,0
25508,2020105760,1726.0,1726.0,57,57204,41.8368,-75.8248,0,1,0,0,0,1,4,10,2020,1,17.0,1.0,7,1.0,1,0,03,  ,0,0.0,0,0,1,0,0,0,0,0,0,0,0,0,0,0,0,0,0
25509,2020106542,1233.0,1233.0,2,2466,40.523,-79.7682,0,0,0,0,0,0,4,12,2020,5,12.0,1.0,0,1.0,3,2,03,03,0,0.0,1,0,1,0,0,0,0,0,0,0,0,0,0,0,0,0,0
25510,2020106685,1530.0,1512.0,40,40204,41.0635,-75.9637,0,0,0,0,0,0,4,12,2020,5,15.0,1.0,0,1.0,1,0,03,03,0,0.0,0,0,1,0,0,0,0,0,0,0,0,0,0,0,0,0,0