,CRN,ARRIVAL_TM,DISPATCH_TM,COUNTY,MUNICIPALITY,DEC_LAT,DEC_LONG,BICYCLE_DEATH_COUNT,BICYCLE_SUSP_SERIOUS_INJ_COUNT,BUS_COUNT,HEAVY_TRUCK_COUNT,SMALL_TRUCK_COUNT,SUV_COUNT,COLLISION_TYPE,CRASH_MONTH,CRASH_YEAR,DAY_OF_WEEK,HOUR_OF_DAY,ILLUMINATION,LOCATION_TYPE,ROAD_CONDITION,URBAN_RURAL,INTERSECT_TYPE,WEATHER1,WEATHER2,TCD_TYPE,TCD_FUNC_CD,AGGRESSIVE_DRIVING,ALCOHOL_RELATED,ANGLE_CRASH,CELL_PHONE,COMM_VEHICLE,DISTRACTED,DRINKING_DRIVER,DRUGGED_DRIVER,FATIGUE_ASLEEP,IMPAIRED_DRIVER,NHTSA_AGG_DRIVING,RUNNING_RED_LT,RUNNING_STOP_SIGN,SPEEDING_RELATED,TAILGATING,MATURE_DRIVER,YOUNG_DRIVER
25511,2020106959,1621.0,1618.0,46,46109,40.1505,-75.2128,0,0,0,0,0,0,8,12,2020,6,16.0,1.0,0,1.0,3,1,03,  ,2,3.0,1,0,0,0,0,1,0,0,0,0,0,0,0,0,0,0,0
25512,2020107148,755.0,741.0,38,38301,40.3393,-76.4245,0,0,0,0,0,0,4,12,2020,2,7.0,1.0,0,1.0,2,1,03,  ,3,3.0,0,0,1,0,0,0,0,0,0,0,0,0,0,0,0,0,0
25513,2020107492,2117.0,2114.0,11,11301,40.3212,-78.9186,0,0,0,0,0,0,4,12,2020,6,21.0,3.0,0,1.0,3,1,03,  ,2,3.0,0,0,1,0,0,0,0,0,0,0,0,0,0,0,0,0,0
25514,2020108148,315.0,309.0,67,67301,40.0545,-75.0859,1,0,0,0,0,1,4,12,2020,6,2.0,3.0,0,1.0,3,1,03,03,2,3.0,0,1,1,0,0,0,0,0,0,0,0,0,0,0,0,0,0
25515,2020108497,1552.0,1547.0,6,6429,40.3242,-75.9613,0,0,0,0,0,1,4,11,2020,1,15.0,1.0,0,1.0,3,2,03,  ,0,0.0,0,0,1,0,0,1,0,0,0,0,0,0,0,0,0,0,0
25516,2020108905,1543.0,1542.0,20,20302,41.6283,-79.6752,0,0,0,0,0,2,6,12,2020,6,15.0,1.0,0,1.0,2,1,03,  ,2,3.0,0,0,0,0,0,1,0,0,0,0,0,0,0,0,0,1,0
25517,2020109183,1900.0,1853.0,7,7201,40.4498,-78.409,0,0,0,0,1,0,4,12,2020,5,18.0,3.0,0,1.0,1,2,03,03,0,0.0,0,0,1,0,0,0,0,0,0,0,0,0,0,0,0,0,0
25518,2020110735,1445.0,1438.0,36,36223,40.0399,-76.3659,0,1,0,0,1,0,4,12,2020,5,14.0,1.0,0,1.0,1,2,04,  ,0,0.0,1,1,1,0,0,0,1,0,0,1,0,0,0,0,0,0,1
25519,2020111229,651.0,645.0,39,39209,40.5726,-75.5979,0,0,0,0,0,0,4,12,2020,6,6.0,3.0,0,9.0,1,1,03,  ,0,0.0,1,0,1,0,0,0,0,0,0,0,1,0,0,0,0,0,0
25520,2020113937,1134.0,1132.0,9,9211,40.2341,-74.8498,0,0,0,0,0,0,8,12,2020,4,11.0,1.0,0,1.0,3,1,03,  ,3,3.0,0,0,0,0,0,0,0,0,0,0,0,0,0,0,0,1,0
25521,2021000967,1509.0,1504.0,46,46104,40.0108,-75.2424,0,0,0,0,0,1,4,12,2020,6,15.0,1.0,0,1.0,3,0,03,  ,0,0.0,1,0,1,0,0,0,0,0,0,0,0,0,0,0,0,0,0
25522,2021002876,1308.0,1306.0,2,2106,40.6226,-79.7207,0,0,0,0,0,0,2,4,2020,5,13.0,1.0,0,1.0,3,0,03,  ,0,0.0,0,0,0,0,0,0,0,0,0,0,0,0,0,0,0,0,0
25523,2021007482,56.0,56.0,6,6301,40.3322,-75.9299,1,0,0,0,0,0,4,9,2020,5,0.0,3.0,0,99.0,3,1,99,98,2,3.0,0,0,1,0,0,0,0,0,0,0,0,0,0,0,0,0,0
25524,2021019126,1311.0,1311.0,22,22301,40.263,-76.8682,0,0,0,0,1,0,4,12,2020,2,13.0,1.0,7,1.0,3,0,03,  ,0,0.0,1,0,1,0,0,0,0,0,0,0,0,0,0,0,0,0,0
25525,2021009673,1545.0,1540.0,67,67301,39.9955,-75.1305,0,0,0,0,0,0,6,10,2020,6,15.0,1.0,0,1.0,3,1,03,03,0,0.0,0,0,0,0,0,1,0,0,0,0,0,0,0,0,0,0,0
25526,2020089454,1045.0,1039.0,67,67301,40.1097,-74.9823,0,0,0,0,0,1,1,10,2020,7,10.0,1.0,0,1.0,3,0,03,03,0,0.0,0,0,0,0,0,0,0,0,0,0,0,0,0,0,0,0,0
25527,2020090462,1521.0,1521.0,66,66413,39.8006,-76.9809,0,0,0,0,0,0,4,10,2020,3,15.0,1.0,0,1.0,2,1,03,03,3,3.0,0,0,1,0,0,0,0,0,0,0,0,0,0,0,0,0,0
25528,2020099998,1438.0,1438.0,36,36409,40.1421,-76.3042,0,1,0,0,0,1,4,11,2020,6,14.0,1.0,7,1.0,3,0,03,03,0,0.0,1,0,1,0,0,0,0,0,0,0,0,0,0,0,0,1,0
25529,2020098365,1727.0,1723.0,23,23423,39.9085,-75.275,0,0,0,0,0,0,4,11,2020,2,17.0,4.0,0,1.0,3,0,03,  ,0,0.0,0,0,1,0,0,0,0,0,0,0,0,0,0,0,0,0,0
25530,2020101303,1525.0,1523.0,23,23103,39.9824,-75.318,0,0,0,0,1,0,4,11,2020,6,15.0,1.0,0,1.0,3,1,03,  ,2,2.0,0,0,1,0,0,1,0,0,0,0,0,0,0,0,0,0,0
25531,2020094298,1455.0,1450.0,67,67301,39.9707,-75.1229,0,1,0,0,0,0,8,11,2020,5,22.0,2.0,0,1.0,3,0,03,  ,0,0.0,0,0,0,0,0,0,0,0,0,0,0,0,0,0,0,0,0
25532,2020094440,1425.0,1414.0,67,67301,39.9381,-75.1984,0,0,0,0,0,0,4,11,2020,2,12.0,1.0,7,1.0,3,0,03,03,0,0.0,0,0,1,0,0,0,0,0,0,0,0,0,0,0,0,0,0
25533,2020093756,906.0,851.0,67,67301,39.9643,-75.2464,0,0,0,0,0,0,4,11,2020,3,8.0,3.0,0,1.0,3,1,03,  ,0,0.0,0,0,1,0,0,0,0,0,0,0,0,0,0,0,0,0,0
25534,2020102229,1610.0,1610.0,23,23110,39.8289,-75.4331,0,0,0,0,0,0,4,11,2020,6,16.0,1.0,2,1.0,3,1,03,03,3,3.0,1,0,1,0,0,0,0,0,0,0,1,0,0,0,0,0,0
25535,2020093915,955.0,900.0,67,67301,39.9614,-75.1433,0,0,0,0,0,0,4,11,2020,4,15.0,1.0,0,99.0,3,1,03,03,3,3.0,0,0,1,0,0,0,0,0,0,0,0,0,0,0,0,0,0
25536,2020099507,1650.0,1650.0,66,66413,39.8021,-76.9837,0,0,0,0,0,1,4,11,2020,3,16.0,4.0,0,1.0,2,1,03,03,0,0.0,0,0,1,0,0,0,0,0,0,0,0,0,0,0,0,1,0
25537,2020094480,1755.0,1755.0,67,67301,40.0381,-75.1394,0,0,0,0,0,0,6,11,2020,6,16.0,4.0,0,1.0,3,0,03,03,0,0.0,1,0,0,0,0,0,0,0,0,0,0,0,0,0,0,0,0
25538,2020094735,933.0,926.0,67,67301,39.9369,-75.1502,0,0,0,0,0,0,4,11,2020,7,9.0,1.0,0,1.0,3,1,03,03,3,3.0,0,0,1,0,0,0,0,0,0,0,0,0,0,0,0,0,1
25539,2020101359,1550.0,1538.0,67,67301,39.9673,-75.1731,0,0,0,0,0,0,5,11,2020,1,15.0,1.0,0,1.0,3,0,03,  ,0,0.0,0,0,0,0,0,0,0,0,0,0,0,0,0,0,0,0,0
25540,2020099984,840.0,830.0,67,67301,39.9512,-75.2328,0,0,0,0,0,0,5,11,2020,3,17.0,3.0,0,99.0,3,1,99,98,2,3.0,0,0,0,0,0,0,0,0,0,0,0,0,0,0,0,0,0
25541,2020100446,1540.0,1535.0,67,67301,39.9434,-75.1617,0,0,0,0,0,0,5,11,2020,5,15.0,1.0,0,1.0,3,0,03,03,0,0.0,1,0,0,0,0,0,0,0,0,0,0,0,0,0,0,0,0
25542,2020101358,2020.0,2012.0,67,67301,39.9484,-75.1662,0,0,0,0,0,0,1,11,2020,6,20.0,3.0,0,1.0,3,1,03,  ,2,3.0,1,0,0,0,0,0,0,0,0,0,0,0,0,0,1,0,0
25543,2020102590,1231.0,1225.0,67,67301,39.9511,-75.1773,0,0,0,0,0,1,4,11,2020,7,14.0,1.0,7,1.0,3,0,03,03,0,0.0,1,0,1,0,0,0,0,0,0,0,0,0,0,0,0,0,0
25544,2020102417,1620.0,1618.0,67,67301,39.9186,-75.1848,0,0,0,0,0,0,4,11,2020,7,16.0,1.0,7,1.0,3,0,03,03,0,0.0,0,0,1,0,0,0,0,0,0,0,0,0,0,0,0,0,0
25545,2020109973,1141.0,1136.0,66,66233,39.9535,-76.6493,0,0,0,0,0,1,8,12,2020,5,11.0,1.0,0,1.0,1,2,03,  ,3,3.0,1,0,0,0,0,0,0,0,0,0,0,0,0,0,0,0,0
25546,2020112096,1636.0,1636.0,67,67301,39.9738,-75.13,0,0,0,0,0,0,4,12,2020,6,16.0,1.0,0,1.0,3,1,03,03,3,3.0,1,0,1,0,0,0,0,0,0,0,0,0,1,0,0,0,1
25547,2020106631,1821.0,1821.0,67,67301,39.953,-75.1564,0,0,0,0,0,0,4,12,2020,3,21.0,4.0,0,99.0,3,1,99,  ,0,0.0,0,0,1,0,0,0,0,0,0,0,0,0,0,0,0,0,0
25548,2020113361,1725.0,1722.0,49,49406,40.796,-76.4188,0,0,0,0,0,1,4,11,2020,4,17.0,4.0,0,1.0,2,1,03,03,3,3.0,0,0,1,0,0,0,0,0,0,0,0,0,0,0,0,0,0
25549,2021001066,2019.0,2014.0,67,67301,39.9448,-75.1652,0,0,0,0,0,1,5,1,2021,7,20.0,3.0,0,1.0,3,0,,3.0,0,0.0,0,0,0,0,0,0,0,0,0,0,0,0,0,0,0,0,0
25550,2021004714,2023.0,2019.0,48,48212,40.6709,-75.2544,0,0,0,0,0,0,4,1,2021,5,20.0,3.0,0,1.0,3,0,,3.0,0,0.0,0,0,1,0,0,0,0,0,0,0,0,0,0,0,0,0,0
25551,2021004715,504.0,459.0,41,41301,41.2535,-76.9827,0,0,0,0,0,0,4,1,2021,5,4.0,3.0,0,1.0,3,1,,3.0,3,3.0,1,0,1,0,0,0,0,0,0,0,0,0,0,0,0,0,0
25552,2021006052,1801.0,1758.0,67,67301,39.9703,-75.1358,0,0,0,0,0,0,4,1,2021,5,17.0,3.0,0,1.0,3,1,,3.0,3,3.0,1,0,1,0,0,0,0,0,0,0,0,0,1,0,0,0,0
25553,2021006662,1900.0,1856.0,39,39301,40.6034,-75.4905,0,0,0,0,0,1,3,1,2021,3,17.0,2.0,7,1.0,3,0,,3.0,0,0.0,0,0,0,0,0,0,0,0,0,0,0,0,0,0,0,0,0
25554,2021007283,1515.0,1513.0,46,46104,40.019,-75.3177,0,0,0,0,0,1,4,1,2021,5,15.0,1.0,0,1.0,3,1,,3.0,3,3.0,0,0,1,0,0,0,0,0,0,0,0,0,0,0,0,0,0
25555,2021008144,1635.0,1631.0,36,36213,40.1194,-76.0649,0,0,0,0,0,0,1,1,2021,5,16.0,1.0,0,1.0,1,0,,3.0,0,0.0,1,0,0,0,0,0,0,0,0,0,0,0,0,1,0,1,0
25556,2021008562,1550.0,1529.0,10,10221,41.1512,-80.0055,0,0,0,0,1,0,5,1,2021,2,15.0,1.0,0,1.0,1,0,,3.0,0,0.0,0,0,0,0,0,0,0,0,0,0,0,0,0,0,0,0,0
25557,2021009461,1507.0,1506.0,40,40414,41.2665,-75.892,0,0,0,0,0,0,4,1,2021,5,15.0,1.0,0,1.0,3,2,,3.0,2,3.0,1,0,1,0,0,0,0,0,0,0,0,0,0,0,0,0,0
25558,2021010073,1345.0,1345.0,67,67301,39.9392,-75.1917,0,0,0,0,0,0,4,1,2021,7,13.0,1.0,7,1.0,3,2,,3.0,2,3.0,0,0,1,0,0,0,0,0,0,0,0,0,0,0,0,1,0
25559,2021011575,1111.0,1106.0,48,48411,40.8678,-75.2565,0,0,0,0,0,1,4,1,2021,1,11.0,1.0,0,1.0,1,1,,3.0,0,0.0,0,0,1,0,0,0,0,0,0,0,0,0,0,0,0,0,0
25560,2021011793,1540.0,1532.0,67,67301,39.9402,-75.1608,0,1,0,1,0,0,4,2,2021,4,13.0,1.0,0,9.0,3,1,,3.0,2,3.0,0,0,1,0,1,0,0,0,0,0,0,0,0,0,0,0,0
25561,2021012324,1832.0,1832.0,67,67301,40.0354,-75.1227,0,0,0,0,0,1,2,2,2021,6,17.0,3.0,0,1.0,3,0,,3.0,0,0.0,0,0,0,0,0,0,0,0,0,0,0,0,0,0,0,1,0
25562,2021012802,1628.0,1626.0,67,67301,39.957,-75.1572,0,0,0,0,0,0,4,2,2021,1,16.0,8.0,3,9.0,3,1,,10.0,2,3.0,0,0,1,0,0,0,0,0,0,0,0,0,0,0,0,0,0
25563,2021014190,717.0,717.0,15,15254,40.0097,-75.6157,0,0,0,0,0,1,4,2,2021,5,7.0,1.0,0,6.0,3,1,,10.0,2,3.0,0,0,1,0,0,0,0,0,0,0,0,0,0,0,0,0,0
25564,2021014589,1255.0,1252.0,67,67301,39.9379,-75.1674,0,0,0,0,0,1,5,2,2021,4,12.0,1.0,0,1.0,3,0,,3.0,0,0.0,1,0,0,0,0,0,0,0,0,0,0,0,0,0,0,0,0
25565,2021014885,2047.0,2042.0,2,2109,40.368,-80.0388,0,0,0,0,0,0,4,2,2021,4,20.0,3.0,0,9.0,3,0,,3.0,0,0.0,0,0,1,0,0,0,0,0,0,0,0,0,0,0,0,1,0
25566,2021018314,2019.0,2015.0,48,48301,40.6415,-75.347,0,0,0,0,0,0,1,2,2021,1,20.0,3.0,0,1.0,3,0,,3.0,0,0.0,0,0,0,0,0,0,0,0,0,0,0,0,0,0,0,0,0
25567,2021019148,1801.0,1755.0,9,9202,40.1419,-74.9652,0,0,0,0,0,0,4,2,2021,4,17.0,4.0,0,9.0,3,2,,3.0,2,3.0,0,0,1,0,0,0,0,0,0,0,0,0,0,0,0,0,0
25568,2021019340,1815.0,1809.0,2,2301,40.4484,-79.9588,0,0,0,0,0,0,4,2,2021,5,16.0,1.0,0,1.0,3,5,,3.0,2,9.0,1,0,1,0,0,0,0,0,0,0,0,0,0,0,0,0,0
25569,2021020298,1741.0,1739.0,46,46419,40.1858,-75.5365,0,0,0,0,0,0,8,1,2021,2,17.0,3.0,0,1.0,3,1,,4.0,0,0.0,0,0,0,0,0,0,0,0,0,0,0,0,0,0,0,0,0
25570,2021021170,1500.0,1452.0,48,48204,40.6835,-75.4328,0,0,0,0,0,0,4,2,2021,5,14.0,1.0,0,1.0,1,2,,3.0,0,0.0,0,0,1,0,0,0,0,0,0,0,0,0,0,0,0,0,0
25571,2021021497,711.0,650.0,2,2301,40.4634,-79.954,0,0,0,0,0,1,5,3,2021,5,6.0,1.0,99,1.0,3,0,,3.0,0,0.0,0,0,0,0,0,0,0,0,0,0,0,0,0,0,0,0,0
25572,2021021620,1900.0,1852.0,53,53404,40.6365,-76.187,0,0,0,0,0,0,4,2,2021,7,18.0,2.0,0,9.0,1,1,,3.0,3,3.0,1,0,1,0,0,0,0,0,0,0,0,0,1,0,0,0,0
25573,2021021959,2222.0,2218.0,19,19501,41.0038,-76.4551,0,0,0,0,0,1,4,3,2021,6,22.0,3.0,0,1.0,2,1,,3.0,2,3.0,0,0,1,0,0,1,0,0,0,0,0,0,0,0,0,0,0
25574,2021022512,1008.0,1005.0,2,2301,40.4412,-80.004,0,0,0,0,0,1,5,3,2021,2,10.0,1.0,0,1.0,3,2,,4.0,2,3.0,0,0,0,0,0,0,0,0,0,0,0,0,0,0,0,0,0
25575,2021023042,2116.0,2114.0,67,67301,39.9777,-75.1614,0,0,0,0,0,0,4,3,2021,3,21.0,3.0,0,1.0,3,1,,3.0,2,3.0,0,0,1,0,0,0,0,0,0,0,0,0,0,0,0,0,0
25576,2021023239,1340.0,1333.0,66,66301,39.9679,-76.7087,0,0,0,0,0,0,4,3,2021,4,13.0,1.0,0,1.0,3,1,,3.0,3,3.0,0,0,1,0,0,0,0,0,0,0,0,0,0,0,0,0,0
25577,2021023274,147.0,147.0,39,39301,40.6248,-75.4356,0,0,0,0,0,1,4,3,2021,3,1.0,3.0,7,1.0,3,0,,3.0,3,3.0,0,0,1,0,0,0,0,0,0,0,0,0,0,0,0,1,0
25578,2021023300,1714.0,1703.0,25,25302,42.1212,-80.101,0,0,0,0,0,0,4,3,2021,4,17.0,1.0,0,1.0,3,1,,3.0,2,3.0,0,0,1,0,0,0,0,0,0,0,0,0,0,0,0,0,0
25579,2021023478,1414.0,1412.0,67,67301,39.9423,-75.1615,0,0,0,0,0,0,5,3,2021,3,14.0,1.0,0,1.0,3,0,,3.0,0,0.0,1,0,0,0,0,0,0,0,0,0,0,0,0,0,0,0,0
25580,2021023562,1939.0,1934.0,2,2301,40.4498,-79.9508,0,0,0,0,1,0,5,3,2021,4,19.0,3.0,0,1.0,3,1,,3.0,2,3.0,1,0,0,0,0,0,0,0,0,0,0,0,0,0,0,0,0
25581,2021023587,1726.0,1723.0,9,9101,40.1623,-74.853,0,0,0,0,1,0,5,3,2021,5,17.0,1.0,0,1.0,3,2,,3.0,0,0.0,0,0,0,0,0,0,0,0,0,0,0,0,0,0,0,1,0
25582,2021024300,1222.0,1219.0,46,46411,40.2293,-75.2632,0,0,0,0,0,0,4,3,2021,1,12.0,1.0,0,1.0,3,2,,3.0,3,3.0,1,0,1,0,0,0,0,0,0,0,0,0,0,0,0,0,0
25583,2021024380,1826.0,1821.0,46,46106,40.2386,-75.606,0,0,0,0,0,0,5,3,2021,1,18.0,1.0,0,1.0,2,0,,3.0,0,0.0,0,0,0,0,0,1,0,0,0,0,0,0,0,0,0,0,0
25584,2021024508,120.0,112.0,67,67301,39.9317,-75.1493,0,1,0,0,0,0,4,3,2021,7,1.0,3.0,0,1.0,3,1,,3.0,2,3.0,0,0,1,0,0,0,0,0,0,0,0,0,0,0,0,0,0
25585,2021024538,2000.0,1959.0,67,67301,39.9817,-75.2262,0,0,0,0,0,0,2,3,2021,5,18.0,1.0,0,1.0,3,1,,3.0,0,0.0,0,0,0,0,0,0,0,0,0,0,0,0,0,0,0,0,0
25586,2021025009,1943.0,1939.0,67,67301,40.0646,-74.9827,1,0,1,0,0,0,4,2,2021,4,19.0,3.0,0,1.0,3,0,,3.0,0,0.0,0,0,1,0,1,1,0,0,0,0,0,0,0,0,0,0,0
25587,2021025013,1822.0,1820.0,67,67301,39.9771,-75.1453,0,1,0,0,0,0,4,3,2021,2,17.0,1.0,0,1.0,3,1,,3.0,3,3.0,0,0,1,0,0,0,0,0,0,0,0,0,0,0,0,0,0
25588,2021025403,1540.0,1534.0,46,46102,40.0975,-75.1594,0,0,0,0,0,1,4,3,2021,3,15.0,1.0,0,1.0,3,1,,4.0,3,3.0,0,0,1,0,0,0,0,0,0,0,0,0,0,0,0,0,0
25589,2021025521,118.0,118.0,67,67301,40.0092,-75.1511,0,0,0,0,0,0,4,1,2021,3,1.0,3.0,0,1.0,3,1,,3.0,2,3.0,0,0,1,0,0,0,0,0,0,0,0,0,0,0,0,0,0
25590,2021025606,1140.0,1133.0,40,40304,41.2425,-75.888,0,0,0,0,0,1,4,3,2021,5,11.0,1.0,0,9.0,3,1,,7.0,2,3.0,1,0,1,0,0,0,0,0,0,0,0,0,0,0,0,1,0
25591,2021025857,2010.0,2003.0,66,66205,39.9796,-76.8101,0,0,0,0,0,0,1,3,2021,7,20.0,2.0,0,1.0,1,0,,3.0,3,3.0,0,0,0,0,0,0,0,0,0,0,0,0,0,0,0,0,0
25592,2021026027,1546.0,1543.0,67,67301,39.8991,-75.1755,0,0,1,0,0,0,4,3,2021,1,15.0,1.0,2,1.0,3,3,,3.0,2,3.0,0,0,1,0,1,0,0,0,0,0,0,0,0,0,0,0,0
25593,2021026047,1504.0,1501.0,6,6301,40.3445,-75.9256,0,0,0,0,0,0,5,3,2021,6,15.0,1.0,0,1.0,3,1,,3.0,2,3.0,1,0,0,0,0,0,0,0,0,0,1,0,0,0,1,0,0
25594,2021026064,1307.0,1307.0,39,39301,40.6073,-75.4909,0,0,0,0,0,0,4,3,2021,4,13.0,1.0,0,1.0,3,0,,3.0,0,0.0,0,0,1,0,0,0,0,0,0,0,0,0,0,0,0,0,0
25595,2021026604,900.0,858.0,23,23108,39.9293,-75.3338,0,0,0,0,0,0,4,3,2021,5,8.0,1.0,0,1.0,3,3,,3.0,3,3.0,1,0,1,0,0,0,0,0,0,0,0,0,0,0,0,1,0
25596,2021027022,1820.0,1812.0,36,36301,40.0278,-76.3053,0,0,0,0,0,0,4,3,2021,1,18.0,1.0,0,1.0,3,1,,3.0,3,3.0,0,0,1,0,0,0,0,0,0,0,0,0,0,0,0,0,0
25597,2021027267,2045.0,2043.0,46,46416,40.2444,-75.6478,0,0,0,0,0,0,4,3,2021,2,20.0,2.0,0,1.0,2,1,,3.0,3,3.0,0,0,1,0,0,0,0,0,0,0,0,0,0,0,0,0,0
25598,2021027478,1630.0,1624.0,62,62222,40.2767,-80.0866,0,0,0,0,0,0,1,3,2021,2,16.0,1.0,0,1.0,3,2,,3.0,0,0.0,0,0,0,0,0,1,0,0,0,0,0,0,0,0,0,0,0
25599,2021027515,1649.0,1645.0,49,49402,40.792,-76.482,0,0,0,0,0,1,4,3,2021,4,16.0,1.0,0,8.0,1,1,,7.0,3,3.0,0,0,1,0,0,0,0,0,0,0,0,0,0,0,0,0,0
25600,2021027647,1141.0,1130.0,67,67301,40.0185,-75.2139,0,0,0,0,0,0,4,3,2021,7,14.0,1.0,7,1.0,3,0,,3.0,0,0.0,1,0,1,0,0,0,0,0,0,0,0,0,0,0,0,0,0
25601,2021027800,1530.0,1522.0,2,2301,40.4488,-79.9875,0,0,0,0,0,0,4,3,2021,5,15.0,1.0,0,1.0,3,1,,4.0,2,3.0,0,0,1,0,0,0,0,0,0,0,0,0,0,0,0,0,0
25602,2021028037,1600.0,1555.0,67,67301,39.9179,-75.1689,0,0,0,0,0,0,4,3,2021,5,15.0,1.0,0,1.0,3,1,,4.0,3,3.0,0,0,1,0,0,0,0,0,0,0,0,0,0,0,0,0,0
25603,2021028077,1136.0,1129.0,66,66103,39.7937,-76.991,0,0,0,0,0,1,4,3,2021,7,11.0,1.0,0,1.0,2,1,,3.0,0,0.0,0,0,1,0,0,0,0,0,0,0,0,0,0,0,0,0,0
25604,2021028536,1400.0,1359.0,67,67301,40.0215,-75.0518,0,0,0,0,0,0,4,3,2021,6,13.0,1.0,0,1.0,3,1,,3.0,2,3.0,1,0,1,0,0,0,0,0,0,0,0,0,0,1,0,0,0
25605,2021028657,1.0,2353.0,67,67301,39.9873,-75.1713,0,0,0,0,0,0,1,3,2021,7,20.0,3.0,0,1.0,3,0,,3.0,0,0.0,0,0,0,0,0,0,0,0,0,0,0,0,0,0,0,0,0
25606,2021028663,637.0,632.0,38,38212,40.3226,-76.4104,0,0,0,0,0,0,4,3,2021,6,6.0,5.0,0,1.0,1,2,,3.0,3,3.0,1,0,1,0,0,0,0,0,0,0,0,0,0,0,0,0,1
25607,2021029037,1805.0,1800.0,17,17228,41.1416,-78.6837,0,1,0,0,1,0,4,3,2021,2,17.0,1.0,0,1.0,1,1,,3.0,3,3.0,1,0,1,0,0,0,0,0,0,0,0,0,0,0,0,0,0
25608,2021029405,1210.0,1210.0,67,67301,40.0369,-75.1447,0,0,0,0,0,0,4,3,2021,2,14.0,1.0,7,99.0,3,2,,99.0,3,3.0,1,0,1,0,0,0,0,0,0,0,0,0,0,0,0,0,0
25609,2021029435,648.0,643.0,9,9213,40.1512,-74.9009,0,1,0,0,0,1,4,3,2021,4,6.0,3.0,0,9.0,3,2,,7.0,0,0.0,0,0,1,0,0,1,0,0,0,0,0,0,0,0,0,1,0
25610,2021029449,1428.0,1426.0,36,36214,40.0953,-76.4103,0,0,0,0,0,1,5,3,2021,5,14.0,1.0,0,1.0,3,1,,4.0,0,0.0,1,0,0,0,0,0,0,0,0,0,0,0,0,0,0,1,0
25611,2021029468,1613.0,1612.0,46,46101,40.1162,-75.105,0,0,0,0,1,0,4,3,2021,3,16.0,1.0,0,1.0,3,2,,3.0,3,3.0,0,0,1,0,0,0,0,0,0,0,0,0,0,0,0,0,0
25612,2021029538,1916.0,1912.0,4,4422,40.6774,-80.2701,0,0,0,0,0,1,1,3,2021,6,19.0,1.0,0,1.0,3,0,,3.0,0,0.0,0,1,0,0,0,0,1,0,0,1,0,0,0,0,0,0,0
25613,2021029953,1805.0,1752.0,40,40217,41.2152,-76.2743,1,0,0,0,0,0,4,3,2021,6,17.0,1.0,0,1.0,1,0,,3.0,0,0.0,0,0,1,0,0,0,0,0,0,0,0,0,0,0,0,0,0
25614,2021029955,1711.0,1706.0,39,39104,40.5048,-75.5641,1,0,0,0,0,0,1,3,2021,3,17.0,1.0,0,1.0,3,0,,3.0,0,0.0,0,1,0,0,0,0,1,0,0,1,0,0,0,0,0,0,0
25615,2021030244,845.0,832.0,67,67301,39.9766,-75.1132,0,0,0,0,0,0,4,3,2021,4,5.0,6.0,0,1.0,3,2,,99.0,2,3.0,0,0,1,0,0,0,0,0,0,0,0,0,0,0,0,0,1
25616,2021030443,1713.0,1712.0,28,28406,39.7584,-77.5704,0,0,0,0,1,1,5,4,2021,6,17.0,1.0,0,1.0,2,1,,3.0,3,3.0,0,0,0,0,0,0,0,0,0,0,0,0,0,0,0,0,0
25617,2021030710,1456.0,1453.0,21,21402,40.2016,-77.1867,0,0,0,0,0,0,4,4,2021,7,14.0,1.0,0,1.0,2,0,,3.0,2,3.0,0,0,1,0,0,0,0,0,0,0,0,0,0,0,0,0,0
25618,2021030780,1343.0,1341.0,15,15411,40.131,-75.5222,0,0,0,0,0,1,4,4,2021,1,13.0,1.0,0,1.0,3,2,,3.0,0,0.0,0,0,1,0,0,0,0,0,0,0,0,0,0,0,0,1,0
25619,2021030856,1819.0,1817.0,46,46408,40.1892,-75.1033,0,0,0,0,1,0,4,4,2021,1,18.0,1.0,7,1.0,3,0,,3.0,0,0.0,1,0,1,0,0,0,0,0,0,0,0,0,0,0,0,1,0
25620,2021030864,1935.0,1930.0,35,35302,41.4124,-75.6722,0,0,0,0,0,1,4,4,2021,1,19.0,4.0,0,1.0,3,1,,3.0,0,0.0,0,0,1,0,0,0,0,0,0,0,0,0,0,0,0,0,0
25621,2021031062,1307.0,1301.0,48,48101,40.6497,-75.3284,0,0,0,0,0,1,4,4,2021,2,13.0,1.0,0,1.0,3,1,,3.0,3,3.0,0,0,1,0,0,0,0,0,0,0,0,0,0,0,0,1,0
25622,2021031189,1733.0,1733.0,6,6301,40.3401,-75.9287,0,0,0,0,0,0,4,4,2021,2,17.0,1.0,0,1.0,3,1,,3.0,3,3.0,0,0,1,0,0,0,0,0,0,0,0,0,0,0,0,0,0
25623,2021031270,1134.0,1134.0,67,67301,39.9395,-75.1616,0,0,0,0,0,1,5,4,2021,2,11.0,1.0,0,1.0,3,0,,3.0,0,0.0,1,0,0,0,0,0,0,0,0,0,0,0,0,0,0,0,0
25624,2021031373,1802.0,1800.0,38,38406,40.3076,-76.5958,0,0,0,0,0,0,4,4,2021,1,17.0,1.0,0,1.0,3,1,,3.0,2,3.0,0,0,1,0,0,0,0,0,0,0,0,0,0,0,0,0,0