,CRN,ARRIVAL_TM,DISPATCH_TM,COUNTY,MUNICIPALITY,DEC_LAT,DEC_LONG,BICYCLE_DEATH_COUNT,BICYCLE_SUSP_SERIOUS_INJ_COUNT,BUS_COUNT,HEAVY_TRUCK_COUNT,SMALL_TRUCK_COUNT,SUV_COUNT,COLLISION_TYPE,CRASH_MONTH,CRASH_YEAR,DAY_OF_WEEK,HOUR_OF_DAY,ILLUMINATION,LOCATION_TYPE,ROAD_CONDITION,URBAN_RURAL,INTERSECT_TYPE,WEATHER1,WEATHER2,TCD_TYPE,TCD_FUNC_CD,AGGRESSIVE_DRIVING,ALCOHOL_RELATED,ANGLE_CRASH,CELL_PHONE,COMM_VEHICLE,DISTRACTED,DRINKING_DRIVER,DRUGGED_DRIVER,FATIGUE_ASLEEP,IMPAIRED_DRIVER,NHTSA_AGG_DRIVING,RUNNING_RED_LT,RUNNING_STOP_SIGN,SPEEDING_RELATED,TAILGATING,MATURE_DRIVER,YOUNG_DRIVER
25625,2021031406,2026.0,2026.0,67,67301,40.0009,-75.1103,0,0,0,0,0,0,4,4,2021,2,17.0,1.0,0,1.0,3,1,,3.0,2,3.0,0,0,1,0,0,0,0,0,0,0,0,0,0,0,0,0,0
25626,2021031810,1345.0,1339.0,64,64424,40.1055,-79.5856,0,1,0,0,0,0,4,4,2021,4,13.0,1.0,0,1.0,2,1,,3.0,0,0.0,0,0,1,0,0,0,0,0,0,0,0,0,0,0,0,0,0
25627,2021031900,1825.0,1820.0,6,6301,40.3296,-75.9203,0,0,0,0,0,1,4,4,2021,4,18.0,1.0,0,1.0,3,1,,3.0,3,3.0,1,0,1,0,0,0,0,0,0,0,0,0,0,1,0,0,0
25628,2021031924,2126.0,2124.0,67,67301,39.9646,-75.2094,1,0,0,0,0,0,4,4,2021,2,21.0,3.0,0,1.0,3,1,,3.0,3,3.0,0,0,1,0,0,0,0,0,0,0,0,0,0,0,0,0,0
25629,2021031928,2205.0,2205.0,67,67301,39.9803,-75.1721,0,0,0,0,0,0,5,4,2021,3,22.0,3.0,0,1.0,3,0,,3.0,0,0.0,1,0,0,0,0,0,0,0,0,0,0,0,0,0,0,0,0
25630,2021032039,1600.0,1556.0,28,28215,39.7227,-77.5205,0,0,1,0,0,0,6,4,2021,4,15.0,1.0,0,1.0,2,2,,3.0,0,0.0,1,0,0,0,1,0,0,0,0,0,0,0,0,0,0,0,0
25631,2021032396,1706.0,1702.0,36,36228,39.9755,-76.3202,0,1,0,0,0,0,1,4,2021,3,17.0,1.0,0,1.0,1,0,,3.0,0,0.0,1,0,0,0,0,0,0,0,0,0,0,0,0,0,0,0,0
25632,2021032537,1749.0,1746.0,67,67301,40.0027,-75.1742,0,0,0,0,0,0,4,4,2021,6,17.0,1.0,0,1.0,3,1,,3.0,2,3.0,0,0,1,0,0,0,0,0,0,0,0,0,0,0,0,0,0
25633,2021032725,1931.0,1927.0,9,9202,40.1536,-74.9672,0,0,0,0,0,0,5,4,2021,6,19.0,4.0,0,1.0,3,3,,3.0,0,0.0,0,0,0,0,0,0,0,0,0,0,0,0,0,0,0,0,0
25634,2021033113,1553.0,1545.0,46,46209,40.2884,-75.3858,0,0,0,0,0,0,4,4,2021,5,15.0,1.0,0,1.0,1,2,,3.0,3,3.0,1,0,1,0,0,1,0,0,0,0,0,0,0,0,0,1,0
25635,2021033332,746.0,745.0,9,9405,40.1439,-74.9105,0,0,0,0,0,0,5,4,2021,3,7.0,1.0,0,1.0,3,0,,3.0,0,0.0,1,0,0,0,0,0,0,0,0,0,0,0,0,0,0,0,0
25636,2021033680,1537.0,1531.0,21,21412,40.2641,-76.915,0,0,0,0,0,0,4,4,2021,3,15.0,1.0,0,1.0,3,2,,3.0,3,3.0,1,0,1,0,0,0,0,0,0,0,0,0,0,0,0,0,0
25637,2021034073,1227.0,1211.0,54,54202,40.7639,-77.1413,0,0,0,0,0,0,4,4,2021,1,12.0,1.0,0,1.0,1,2,,3.0,0,0.0,0,0,1,0,0,0,0,0,0,0,0,0,0,0,0,0,0
25638,2021034345,1527.0,1521.0,4,4203,40.7668,-80.3566,0,0,0,0,0,1,4,4,2021,4,15.0,1.0,0,1.0,1,2,,3.0,0,0.0,0,0,1,0,0,0,0,0,0,0,0,0,0,0,0,1,0
25639,2021034503,636.0,626.0,38,38209,40.3451,-76.4579,0,0,0,0,0,0,4,4,2021,5,6.0,3.0,7,9.0,1,0,,7.0,0,0.0,0,0,1,0,0,0,0,0,0,0,0,0,0,0,0,0,0
25640,2021034649,2052.0,2050.0,5,5228,40.2563,-78.3301,0,0,0,0,0,0,1,4,2021,1,20.0,2.0,7,9.0,1,0,,7.0,0,0.0,0,0,0,0,0,0,0,0,0,0,0,0,0,0,0,0,1
25641,2021035002,1840.0,1836.0,46,46101,40.1388,-75.1196,0,0,0,0,0,1,4,4,2021,3,18.0,1.0,0,1.0,3,2,,3.0,2,3.0,1,0,1,0,0,0,0,0,0,0,0,0,0,0,0,0,0
25642,2021035037,1900.0,1857.0,41,41301,41.2376,-77.023,0,0,0,0,0,0,4,4,2021,1,18.0,1.0,0,1.0,3,1,,4.0,2,3.0,0,0,1,0,0,0,0,0,0,0,0,0,0,0,0,1,0
25643,2021035104,1556.0,1553.0,39,39302,40.6396,-75.4072,0,0,0,0,0,1,4,4,2021,6,15.0,1.0,0,9.0,3,2,,3.0,2,3.0,0,0,1,0,0,0,0,0,0,0,0,0,0,0,0,0,0
25644,2021035182,810.0,803.0,25,25205,42.0339,-80.2529,0,0,0,0,1,0,4,4,2021,5,7.0,1.0,0,1.0,1,0,,3.0,0,0.0,0,0,1,0,0,0,0,0,0,0,0,0,0,0,0,0,0
25645,2021035259,1303.0,1257.0,39,39301,40.5597,-75.4875,0,0,0,0,0,1,4,3,2021,4,12.0,1.0,0,1.0,3,0,,3.0,0,0.0,1,0,1,0,0,0,0,0,0,0,0,0,0,0,0,0,0
25646,2021035268,1933.0,1930.0,39,39301,40.5926,-75.4915,0,0,0,0,0,1,4,4,2021,7,19.0,3.0,0,1.0,3,1,,3.0,0,0.0,0,0,1,0,0,0,0,0,0,0,0,0,0,0,0,0,0
25647,2021035356,1748.0,1744.0,39,39104,40.5474,-75.5685,0,0,0,0,0,0,4,4,2021,2,17.0,1.0,0,1.0,3,2,,4.0,2,3.0,0,0,1,0,0,0,0,0,0,0,0,0,0,0,0,0,0
25648,2021035729,1346.0,1326.0,67,67301,40.0671,-75.0077,0,0,0,0,0,0,4,4,2021,1,17.0,1.0,0,1.0,3,2,,3.0,0,0.0,0,0,1,0,0,0,0,0,0,0,0,0,0,0,0,0,0
25649,2021036063,1911.0,1911.0,67,67301,39.9478,-75.1712,0,0,0,0,0,0,4,4,2021,3,19.0,1.0,0,1.0,3,1,,3.0,2,3.0,0,0,1,0,0,0,0,0,0,0,0,0,0,0,0,0,0
25650,2021036218,1923.0,1910.0,67,67301,39.9479,-75.1981,0,0,0,1,0,0,1,4,2021,4,19.0,1.0,0,1.0,3,0,,3.0,0,0.0,0,0,0,0,1,1,0,0,0,0,0,0,0,0,0,0,0
25651,2021036254,1421.0,1418.0,53,53428,40.7938,-75.971,0,0,0,0,0,0,4,4,2021,4,14.0,1.0,0,1.0,1,2,,4.0,3,3.0,0,0,1,0,0,0,0,0,0,0,0,0,0,0,0,0,0
25652,2021036783,1725.0,1720.0,67,67301,39.9536,-75.1731,0,0,0,0,0,1,4,4,2021,5,17.0,1.0,0,1.0,3,1,,3.0,2,3.0,0,0,1,0,0,0,0,0,0,0,0,0,0,0,0,0,0
25653,2021036801,1532.0,1529.0,36,36409,40.1591,-76.3031,0,0,0,0,0,1,1,4,2021,7,15.0,1.0,0,1.0,3,0,,3.0,0,0.0,0,0,0,0,0,1,0,0,0,0,0,0,0,0,0,0,0
25654,2021036988,1338.0,1332.0,67,67301,40.0263,-75.0973,0,0,0,0,0,0,4,4,2021,6,13.0,1.0,0,1.0,3,1,,3.0,2,3.0,0,0,1,0,0,0,0,0,0,0,0,0,0,0,0,0,0
25655,2021037005,1210.0,1206.0,46,46103,40.2859,-75.3096,0,0,0,0,0,0,4,4,2021,7,12.0,1.0,0,1.0,3,1,,3.0,2,3.0,1,0,1,0,0,0,0,0,0,0,0,0,0,0,0,0,0
25656,2021037154,1103.0,1101.0,67,67301,39.9644,-75.1777,1,0,0,0,0,1,4,4,2021,7,11.0,1.0,0,1.0,3,1,,3.0,0,0.0,0,0,1,0,0,0,0,0,0,0,0,0,0,0,0,0,0
25657,2021037155,1501.0,1500.0,67,67301,40.0368,-75.0407,0,0,0,0,0,0,4,4,2021,6,21.0,3.0,0,1.0,3,1,,3.0,2,3.0,1,0,1,0,0,0,0,0,0,0,0,0,0,0,0,0,0
25658,2021037416,2030.0,2023.0,48,48301,40.6124,-75.3563,0,0,0,0,0,0,4,4,2021,7,20.0,1.0,7,1.0,3,0,,3.0,0,0.0,0,0,1,0,0,0,0,0,0,0,0,0,0,0,0,0,0
25659,2021037447,1715.0,1712.0,45,45214,40.9981,-75.1949,0,0,0,0,1,0,5,4,2021,4,17.0,1.0,0,1.0,1,2,,3.0,0,0.0,0,0,0,0,0,0,0,0,0,0,0,0,0,0,0,0,0
25660,2021037637,1714.0,1705.0,25,25302,42.0999,-80.1148,0,0,0,0,0,0,4,4,2021,2,17.0,1.0,0,1.0,3,1,,3.0,3,3.0,0,0,1,0,0,0,0,0,0,0,0,0,0,0,0,1,0
25661,2021037834,1825.0,1824.0,46,46104,40.0112,-75.2977,0,0,0,0,0,0,4,4,2021,3,18.0,1.0,0,1.0,3,2,,3.0,2,3.0,1,0,1,0,0,0,0,0,0,0,0,0,0,0,0,0,0
25662,2021037984,1544.0,1539.0,39,39209,40.5802,-75.5726,0,0,0,0,0,0,4,4,2021,3,15.0,1.0,0,1.0,1,1,,3.0,3,3.0,0,0,1,0,0,0,0,0,0,0,0,0,0,0,0,0,0
25663,2021038256,1655.0,1647.0,2,2301,40.4203,-79.9963,0,0,0,0,0,0,4,4,2021,4,16.0,1.0,0,1.0,3,2,,3.0,0,0.0,0,0,1,0,0,0,0,0,0,0,0,0,0,0,0,0,0
25664,2021038488,2025.0,2013.0,67,67301,40.0202,-75.1141,0,0,0,0,0,0,4,4,2021,7,19.0,4.0,0,1.0,3,1,,3.0,2,3.0,1,0,1,0,0,0,0,0,0,0,0,0,0,0,0,0,0
25665,2021038977,1612.0,1611.0,40,40414,41.2683,-75.89,0,0,0,0,0,1,4,4,2021,6,16.0,1.0,0,1.0,3,2,,3.0,0,0.0,0,0,1,0,0,0,0,0,0,0,0,0,0,0,0,0,0
25666,2021039123,1647.0,1643.0,36,36301,40.0292,-76.3051,0,0,0,0,0,0,4,4,2021,6,16.0,1.0,0,1.0,3,0,,3.0,0,0.0,0,0,1,0,0,0,0,0,0,0,0,0,0,0,0,0,0
25667,2021039127,1415.0,1408.0,9,9101,40.0841,-74.9069,0,1,0,0,0,0,1,4,2021,1,14.0,1.0,0,1.0,3,0,,3.0,0,0.0,0,0,0,0,0,0,0,0,0,0,0,0,0,0,0,0,0
25668,2021039306,1652.0,1652.0,67,67301,40.0227,-75.1335,0,1,0,0,0,0,4,4,2021,6,12.0,1.0,0,1.0,3,1,,3.0,2,3.0,1,0,1,0,0,0,0,0,0,0,0,1,0,0,0,0,0
25669,2021039448,1632.0,1629.0,2,2438,40.4081,-79.912,0,0,0,0,0,1,8,5,2021,7,16.0,1.0,0,1.0,3,0,,3.0,0,0.0,0,0,0,0,0,0,0,0,0,0,0,0,0,0,0,0,0
25670,2021039607,1250.0,1247.0,66,66413,39.8114,-76.9747,0,0,0,0,0,0,5,4,2021,6,12.0,1.0,0,1.0,2,0,,3.0,0,0.0,0,0,0,0,0,0,0,0,0,0,0,0,0,0,0,0,0
25671,2021039620,1315.0,1307.0,25,25302,42.1402,-80.0551,0,0,0,0,0,1,4,5,2021,7,13.0,1.0,0,1.0,3,1,,3.0,3,3.0,0,0,1,0,0,0,0,0,0,0,0,0,0,0,0,0,1
25672,2021039645,1118.0,1110.0,67,67301,39.9134,-75.1651,0,0,0,0,0,1,4,5,2021,1,11.0,1.0,0,1.0,3,1,,3.0,2,3.0,0,0,1,0,0,0,0,0,0,0,0,0,0,0,0,0,0
25673,2021040134,1808.0,1808.0,15,15411,40.1346,-75.5107,0,0,0,0,0,1,5,5,2021,2,17.0,1.0,1,9.0,3,2,,4.0,0,0.0,0,0,0,0,0,0,0,0,0,0,0,0,0,0,0,0,0
25674,2021040679,1552.0,1551.0,39,39405,40.5358,-75.4864,0,0,0,0,0,0,4,5,2021,4,15.0,1.0,0,9.0,3,1,,7.0,3,3.0,0,0,1,0,0,0,0,0,0,0,0,0,0,0,0,0,0
25675,2021040692,1712.0,1712.0,67,67301,40.0408,-75.0144,0,0,0,0,0,1,4,5,2021,3,17.0,1.0,0,1.0,3,2,,3.0,3,3.0,0,0,1,0,0,0,0,0,0,0,0,0,0,0,0,0,0
25676,2021040898,1841.0,1838.0,46,46416,40.2441,-75.6423,0,0,0,0,0,0,4,5,2021,5,18.0,1.0,0,1.0,2,0,,3.0,0,0.0,0,0,1,0,0,0,0,0,0,0,0,0,0,0,0,0,0
25677,2021041066,2054.0,2045.0,67,67301,40.0414,-75.0283,0,0,0,0,0,1,4,5,2021,4,20.0,3.0,0,1.0,3,1,,3.0,2,3.0,1,0,1,0,0,0,0,0,0,0,0,0,0,0,0,0,0
25678,2021041091,1726.0,1725.0,67,67301,39.9921,-75.0996,0,0,0,0,0,0,5,5,2021,4,17.0,1.0,0,1.0,3,0,,4.0,0,0.0,1,0,0,0,0,0,0,0,0,0,0,0,0,0,0,0,0
25679,2021041120,1904.0,1904.0,8,8404,41.6557,-76.853,0,0,0,0,0,0,4,5,2021,7,19.0,1.0,0,1.0,1,0,,3.0,0,0.0,0,0,1,0,0,0,0,0,0,0,0,0,0,0,0,0,1
25680,2021041273,2141.0,2141.0,6,6405,40.3292,-75.6294,0,1,0,0,0,0,5,5,2021,6,21.0,3.0,0,9.0,1,1,,7.0,2,3.0,0,1,0,0,0,0,0,0,0,0,0,0,0,0,0,0,0
25681,2021041313,1809.0,1805.0,7,7201,40.4325,-78.451,0,0,0,0,0,0,4,5,2021,1,18.0,1.0,0,1.0,1,3,,3.0,3,3.0,0,0,1,0,0,0,0,0,0,0,0,0,0,0,0,0,0
25682,2021041599,1714.0,1710.0,22,22301,40.3,-76.9039,0,1,0,0,0,0,4,4,2021,7,17.0,1.0,0,1.0,3,2,,3.0,8,9.0,0,0,1,0,0,1,0,0,0,0,0,0,0,0,0,0,0
25683,2021041753,1411.0,1409.0,46,46101,40.1212,-75.1334,0,0,0,0,0,0,4,5,2021,6,14.0,1.0,0,1.0,3,1,,3.0,2,3.0,0,0,1,0,0,0,0,0,0,0,0,0,0,0,0,1,0
25684,2021041841,2117.0,2117.0,25,25302,42.1326,-80.0766,0,0,0,0,0,0,4,5,2021,1,21.0,3.0,0,9.0,3,1,,7.0,2,3.0,0,0,1,0,0,1,0,0,0,0,0,0,0,0,0,1,0
25685,2021042139,2001.0,1957.0,39,39301,40.6037,-75.4837,0,0,0,0,0,0,2,5,2021,2,19.0,3.0,0,9.0,3,1,,7.0,2,3.0,0,0,0,0,0,0,0,0,0,0,0,0,0,0,0,0,0
25686,2021042306,1636.0,1631.0,9,9208,40.2061,-74.805,0,0,0,0,0,1,4,5,2021,2,16.0,1.0,7,1.0,3,0,,3.0,2,3.0,1,0,1,0,0,0,0,0,0,0,0,0,0,0,0,0,0
25687,2021042345,1124.0,1124.0,67,67301,40.0253,-75.1675,0,0,0,1,0,0,5,5,2021,2,11.0,1.0,0,1.0,3,0,,3.0,0,0.0,0,0,0,0,1,0,0,0,0,0,0,0,0,0,0,0,0
25688,2021042437,1205.0,1158.0,21,21402,40.2013,-77.1867,0,0,0,0,1,0,4,5,2021,2,11.0,1.0,0,1.0,2,1,,3.0,2,3.0,1,0,1,0,0,0,0,0,0,0,0,0,0,0,0,1,0
25689,2021042481,1125.0,1112.0,67,67301,40.0723,-75.1992,0,0,0,0,0,0,4,5,2021,2,11.0,1.0,0,1.0,3,1,,3.0,3,3.0,1,0,1,0,0,0,0,0,0,0,0,0,0,0,0,0,0
25690,2021042597,1440.0,1435.0,25,25213,42.1103,-80.1369,0,0,0,0,0,1,4,5,2021,2,14.0,1.0,0,1.0,3,1,,3.0,0,0.0,1,0,1,0,0,0,0,0,0,0,0,0,0,0,0,0,0
25691,2021042636,1045.0,1045.0,7,7403,40.4299,-78.39,0,0,0,0,0,1,4,5,2021,1,10.0,1.0,0,9.0,3,1,,7.0,0,0.0,0,0,1,0,0,0,0,0,0,0,0,0,0,0,0,0,0
25692,2021042844,1910.0,1857.0,67,67301,40.0706,-75.0569,0,0,0,0,0,0,4,5,2021,6,18.0,1.0,0,1.0,3,0,,3.0,0,0.0,0,0,1,0,0,0,0,0,0,0,0,0,0,0,0,0,0
25693,2021042902,1300.0,1255.0,9,9207,40.4009,-75.2496,0,0,0,0,1,0,4,5,2021,4,12.0,1.0,0,1.0,1,1,,3.0,0,0.0,0,0,1,0,0,0,0,0,0,0,0,0,0,0,0,1,0
25694,2021042926,1607.0,1552.0,2,2301,40.4312,-79.9592,0,0,0,0,0,1,4,4,2021,4,15.0,1.0,0,1.0,3,1,,3.0,2,3.0,0,0,1,0,0,0,0,0,0,0,0,0,0,0,0,0,0
25695,2021042927,1655.0,1653.0,46,46413,40.1224,-75.353,0,0,0,0,0,1,4,5,2021,4,16.0,1.0,0,1.0,3,1,,3.0,2,3.0,0,0,1,0,0,0,0,0,0,0,0,0,0,0,0,0,0
25696,2021043300,1334.0,1225.0,2,2301,40.4594,-79.9465,0,1,0,0,0,1,4,5,2021,5,12.0,1.0,0,1.0,3,1,,3.0,3,3.0,0,0,1,0,0,0,0,0,0,0,0,0,0,0,0,0,0
25697,2021043312,1439.0,1432.0,40,40304,41.2449,-75.8679,0,0,0,0,1,0,4,5,2021,5,14.0,1.0,0,1.0,3,0,,3.0,0,0.0,0,0,1,0,0,0,0,0,0,0,0,0,0,0,0,0,0
25698,2021043422,1649.0,1639.0,39,39104,40.5085,-75.5859,0,0,0,0,0,1,4,5,2021,1,16.0,1.0,0,1.0,3,2,,3.0,3,3.0,1,0,1,0,0,0,0,0,0,0,0,0,0,0,0,0,0
25699,2021043691,1718.0,1715.0,15,15236,40.0383,-75.4798,0,0,0,0,0,0,4,5,2021,6,17.0,1.0,0,1.0,1,2,,3.0,0,0.0,0,0,1,0,0,0,0,0,0,0,0,0,0,0,0,0,0
25700,2021043997,1642.0,1638.0,67,67301,39.9378,-75.1516,0,0,0,0,0,0,4,5,2021,6,7.0,1.0,0,1.0,3,1,,3.0,3,3.0,1,0,1,0,0,0,0,0,0,0,0,0,1,0,0,0,0
25701,2021044011,1430.0,1425.0,67,67301,39.9815,-75.2241,0,0,0,0,0,0,4,5,2021,7,14.0,1.0,0,1.0,3,1,,3.0,2,3.0,0,0,1,0,0,0,0,0,0,0,0,0,0,0,0,0,0
25702,2021044133,840.0,834.0,67,67301,40.0297,-75.1857,0,1,0,0,0,0,4,5,2021,6,22.0,3.0,0,1.0,3,0,,3.0,0,0.0,0,0,1,0,0,0,0,0,0,0,0,0,0,0,0,0,0
25703,2021044518,1355.0,1350.0,9,9101,40.0938,-74.9096,0,0,0,0,0,0,4,5,2021,2,13.0,1.0,0,1.0,3,2,,3.0,3,3.0,1,0,1,0,0,0,0,0,0,0,0,0,0,0,0,1,0
25704,2021044524,1512.0,1509.0,46,46109,40.1614,-75.1876,0,0,0,0,0,0,4,5,2021,2,15.0,1.0,0,1.0,3,1,,3.0,2,3.0,1,0,1,0,0,0,0,0,0,0,0,0,0,0,0,1,0
25705,2021044567,1921.0,1912.0,39,39103,40.5772,-75.5279,0,0,0,0,0,1,4,5,2021,1,19.0,4.0,7,1.0,1,0,,4.0,0,0.0,0,0,1,0,0,0,0,0,0,0,0,0,0,0,0,0,0
25706,2021044593,2028.0,2024.0,48,48301,40.6333,-75.3692,0,0,0,0,0,1,4,5,2021,4,20.0,3.0,0,1.0,3,11,,3.0,0,0.0,0,0,1,0,0,0,0,0,0,0,0,0,0,0,0,0,0
25707,2021044611,32.0,28.0,67,67301,40.0243,-75.1597,0,0,0,0,0,1,5,5,2021,4,0.0,3.0,0,1.0,3,0,,3.0,0,0.0,1,0,0,0,0,0,0,0,0,0,0,0,0,0,0,0,0
25708,2021045056,1550.0,1550.0,35,35415,41.4556,-75.6095,0,1,0,0,0,1,4,5,2021,3,15.0,1.0,7,1.0,3,0,,3.0,0,0.0,0,0,1,0,0,0,0,0,0,0,0,0,0,0,0,0,0
25709,2021045202,1745.0,1735.0,67,67301,39.9358,-75.1618,0,0,0,0,0,0,4,5,2021,2,17.0,1.0,0,1.0,3,1,,3.0,2,3.0,1,0,1,0,0,1,0,0,0,0,0,0,0,0,0,0,0
25710,2021045225,1913.0,1909.0,9,9412,40.2264,-74.9333,0,0,0,0,0,0,4,5,2021,3,19.0,1.0,0,1.0,3,1,,3.0,3,3.0,0,0,1,0,0,0,0,0,0,0,0,0,0,0,0,0,0
25711,2021045455,1306.0,1302.0,66,66413,39.8202,-76.9711,0,0,0,0,0,0,4,5,2021,1,13.0,1.0,0,1.0,2,1,,3.0,3,3.0,1,0,1,0,0,0,0,0,0,0,0,0,1,0,0,0,1
25712,2021045814,904.0,901.0,36,36235,40.1686,-76.3082,0,0,0,0,0,1,5,5,2021,2,9.0,1.0,7,1.0,1,0,,3.0,0,0.0,0,0,0,0,0,0,0,0,0,0,0,0,0,0,0,0,0
25713,2021045978,1849.0,1838.0,36,36401,40.2355,-76.0752,0,0,0,0,0,0,4,5,2021,5,18.0,1.0,0,1.0,1,0,,3.0,0,0.0,0,0,1,0,0,0,0,0,0,0,0,0,0,0,0,1,0
25714,2021045986,1151.0,1151.0,6,6214,40.2757,-75.8201,0,0,0,0,0,1,5,5,2021,5,10.0,1.0,0,1.0,3,0,,3.0,0,0.0,0,0,0,0,0,0,0,0,0,0,0,0,0,0,0,0,0
25715,2021046141,1610.0,1542.0,67,67301,39.9427,-75.2364,0,0,0,0,0,1,4,5,2021,5,14.0,1.0,0,1.0,3,1,,3.0,2,3.0,0,0,1,0,0,0,0,0,0,0,0,0,0,0,0,0,0
25716,2021046180,2045.0,2033.0,67,67301,40.0051,-75.1826,0,0,0,0,0,1,4,5,2021,4,20.0,3.0,0,1.0,3,1,,3.0,0,0.0,0,0,1,0,0,0,0,0,0,0,0,0,0,0,0,0,0
25717,2021046269,1823.0,1823.0,2,2477,40.3475,-79.8169,0,0,0,0,0,1,4,5,2021,6,18.0,1.0,0,1.0,3,0,,3.0,0,0.0,0,0,1,0,0,0,0,0,0,0,0,0,0,0,0,0,0
25718,2021046387,118.0,110.0,67,67301,39.973,-75.2261,0,0,0,0,0,1,4,5,2021,1,1.0,3.0,0,1.0,3,1,,3.0,2,3.0,0,0,1,0,0,0,0,0,0,0,0,0,0,0,0,0,0
25719,2021046521,902.0,840.0,22,22207,40.1966,-76.7055,0,1,0,0,0,0,2,5,2021,7,8.0,1.0,0,1.0,1,3,,3.0,0,0.0,1,0,0,0,0,0,0,0,0,0,0,0,0,0,0,0,0
25720,2021046633,952.0,950.0,2,2219,40.3301,-80.0216,0,0,0,0,0,1,4,5,2021,1,9.0,1.0,7,1.0,3,0,,3.0,8,3.0,0,0,1,0,0,0,0,0,0,0,0,0,0,0,0,0,0
25721,2021046668,1146.0,1145.0,23,23404,39.9318,-75.3052,0,0,0,0,0,0,4,5,2021,1,11.0,1.0,0,1.0,3,2,,3.0,3,3.0,0,0,1,0,0,0,0,0,0,0,0,0,0,0,0,0,0
25722,2021046854,713.0,711.0,9,9412,40.229,-74.9314,0,0,0,0,1,0,4,5,2021,5,7.0,1.0,0,1.0,3,1,,3.0,2,3.0,0,0,1,0,0,0,0,0,0,0,0,0,0,0,0,0,0
25723,2021046917,1600.0,1551.0,67,67301,39.9651,-75.1608,0,0,0,0,0,0,4,5,2021,7,1.0,3.0,0,1.0,3,1,,3.0,2,3.0,0,0,1,0,0,0,0,0,0,0,0,0,0,0,0,0,0
25724,2021046935,539.0,536.0,67,67301,39.9663,-75.2029,0,0,0,0,0,0,4,5,2021,7,1.0,3.0,0,1.0,3,1,,3.0,3,3.0,1,0,1,0,0,0,0,0,0,0,0,0,0,0,0,0,0
25725,2021046968,1220.0,1213.0,40,40304,41.2442,-75.8937,0,0,0,0,1,0,4,5,2021,2,12.0,1.0,0,1.0,3,1,,3.0,0,0.0,0,0,1,0,0,0,0,0,0,0,0,0,0,0,0,0,0
25726,2021047048,1909.0,1902.0,45,45203,41.1693,-75.3944,0,0,0,0,0,1,4,5,2021,6,19.0,1.0,0,1.0,1,0,,3.0,0,0.0,0,0,1,0,0,0,0,0,0,0,0,0,0,0,0,0,0
25727,2021047170,1546.0,1532.0,47,47202,40.972,-76.5339,0,0,0,0,0,1,5,5,2021,2,15.0,1.0,0,1.0,1,0,,3.0,0,0.0,1,0,0,0,0,0,0,0,0,0,0,0,0,0,0,1,0
25728,2021047705,2148.0,2150.0,67,67301,40.113,-75.023,0,0,0,0,1,0,4,5,2021,2,21.0,4.0,0,1.0,3,1,,3.0,2,3.0,0,0,1,0,0,0,0,0,0,0,0,0,0,0,0,0,0
25729,2021047709,2055.0,2053.0,67,67301,39.9895,-75.1445,0,0,0,0,0,0,4,5,2021,6,20.0,3.0,0,1.0,3,1,,3.0,2,3.0,0,0,1,0,0,0,0,0,0,0,0,0,0,0,0,0,0
25730,2021047760,1627.0,1618.0,36,36223,40.04,-76.3711,0,0,0,0,0,1,6,5,2021,5,16.0,1.0,0,1.0,1,0,,3.0,0,0.0,1,0,0,0,0,0,0,0,0,0,1,0,0,0,0,0,0
25731,2021047914,1148.0,1147.0,35,35301,41.5687,-75.5042,0,1,0,0,0,0,6,5,2021,3,11.0,1.0,0,1.0,3,0,,3.0,0,0.0,0,0,0,0,0,0,0,0,0,0,0,0,0,0,0,0,0
25732,2021047933,1400.0,1400.0,1,1401,39.8858,-76.9876,0,0,0,0,0,0,4,5,2021,2,20.0,1.0,0,1.0,1,1,,3.0,3,3.0,0,0,1,0,0,0,0,0,0,0,0,0,0,0,0,1,0
25733,2021048107,2055.0,2035.0,67,67301,40.0088,-75.0808,0,0,0,0,0,0,2,5,2021,4,19.0,3.0,0,9.0,3,0,,7.0,0,0.0,0,0,0,0,0,0,0,0,0,0,0,0,0,0,0,0,0
25734,2021048578,2225.0,2225.0,23,23111,39.9506,-75.2548,0,0,0,0,0,0,4,5,2021,5,22.0,3.0,0,1.0,3,2,,3.0,2,3.0,0,1,1,0,0,0,0,0,0,0,0,0,0,0,0,0,0
25735,2021048612,1938.0,1922.0,25,25302,42.1374,-80.0769,0,0,0,0,0,0,4,5,2021,4,19.0,1.0,0,1.0,3,1,,3.0,3,3.0,1,0,1,0,0,0,0,0,0,0,0,0,1,0,0,0,0
25736,2021048618,1532.0,1531.0,6,6415,40.3297,-75.8856,0,1,0,0,0,1,4,5,2021,3,15.0,1.0,0,1.0,3,2,,3.0,3,3.0,0,0,1,0,0,0,0,0,0,0,0,0,0,0,0,0,0
25737,2021048760,2035.0,2023.0,67,67301,40.02,-75.1116,0,0,0,0,0,1,4,5,2021,2,18.0,1.0,0,1.0,3,2,,3.0,3,3.0,0,0,1,0,0,0,0,0,0,0,0,0,0,0,0,0,0
25738,2021048786,1853.0,1853.0,46,46101,40.114,-75.1538,0,0,0,0,0,0,4,5,2021,4,16.0,1.0,7,1.0,3,0,,3.0,0,0.0,1,0,1,0,0,0,0,0,0,0,0,0,0,0,0,0,0