,CRN,ARRIVAL_TM,DISPATCH_TM,COUNTY,MUNICIPALITY,DEC_LAT,DEC_LONG,BICYCLE_DEATH_COUNT,BICYCLE_SUSP_SERIOUS_INJ_COUNT,BUS_COUNT,HEAVY_TRUCK_COUNT,SMALL_TRUCK_COUNT,SUV_COUNT,COLLISION_TYPE,CRASH_MONTH,CRASH_YEAR,DAY_OF_WEEK,HOUR_OF_DAY,ILLUMINATION,LOCATION_TYPE,ROAD_CONDITION,URBAN_RURAL,INTERSECT_TYPE,WEATHER1,WEATHER2,TCD_TYPE,TCD_FUNC_CD,AGGRESSIVE_DRIVING,ALCOHOL_RELATED,ANGLE_CRASH,CELL_PHONE,COMM_VEHICLE,DISTRACTED,DRINKING_DRIVER,DRUGGED_DRIVER,FATIGUE_ASLEEP,IMPAIRED_DRIVER,NHTSA_AGG_DRIVING,RUNNING_RED_LT,RUNNING_STOP_SIGN,SPEEDING_RELATED,TAILGATING,MATURE_DRIVER,YOUNG_DRIVER
25739,2021048873,1817.0,1812.0,67,67301,39.9741,-75.2043,0,0,0,0,0,1,4,5,2021,5,13.0,1.0,0,1.0,3,1,,3.0,2,3.0,1,0,1,0,0,0,0,0,0,0,0,0,0,0,0,0,0
25740,2021048928,1349.0,1342.0,9,9205,40.2899,-75.1535,0,0,0,0,0,1,4,5,2021,2,13.0,1.0,0,1.0,3,1,,3.0,2,3.0,0,0,1,0,0,1,0,0,0,0,0,0,0,0,0,0,1
25741,2021049429,1430.0,1430.0,9,9212,40.1497,-74.9954,0,0,0,0,0,1,5,4,2021,4,14.0,1.0,7,1.0,3,0,,3.0,0,0.0,0,0,0,0,0,0,0,0,0,0,0,0,0,0,0,0,0
25742,2021049754,1700.0,1655.0,67,67301,39.973,-75.2261,0,0,0,0,0,0,4,5,2021,1,16.0,3.0,0,1.0,3,1,,3.0,2,3.0,0,0,1,0,0,0,0,0,0,0,0,0,0,0,0,0,0
25743,2021049870,1818.0,1815.0,9,9211,40.2369,-74.8519,0,1,0,0,0,0,4,5,2021,2,18.0,1.0,0,1.0,3,1,,3.0,2,3.0,0,0,1,0,0,0,0,0,0,0,0,0,0,0,0,0,0
25744,2021050213,1939.0,1939.0,67,67301,40.0276,-75.1471,0,0,0,0,0,0,4,6,2021,3,14.0,1.0,0,1.0,3,1,,3.0,2,3.0,0,0,1,0,0,0,0,0,0,0,0,0,0,0,0,0,1
25745,2021050342,2103.0,2100.0,49,49406,40.7952,-76.4097,0,0,0,0,0,1,4,5,2021,2,19.0,1.0,0,1.0,2,1,,3.0,2,3.0,0,0,1,0,0,1,0,0,0,0,0,0,0,0,0,0,0
25746,2021050349,1329.0,1326.0,20,20405,41.6002,-80.3091,1,0,0,0,1,0,4,5,2021,1,13.0,1.0,0,1.0,1,2,,3.0,3,3.0,1,0,1,0,0,0,0,0,0,0,0,0,1,0,0,0,0
25747,2021050544,1425.0,1425.0,21,21402,40.2046,-77.1886,0,0,0,0,0,0,4,6,2021,4,14.0,1.0,0,1.0,2,1,,3.0,1,3.0,0,0,1,0,0,0,0,0,0,0,0,0,0,0,0,0,0
25748,2021050662,1343.0,1340.0,21,21402,40.2026,-77.2029,0,0,0,0,0,1,4,6,2021,4,13.0,1.0,0,1.0,2,0,,3.0,0,0.0,1,0,1,0,0,0,0,0,0,0,1,0,0,0,0,0,0
25749,2021050969,1824.0,1824.0,7,7404,40.3077,-78.3208,0,1,0,0,0,1,4,6,2021,5,18.0,1.0,7,1.0,1,0,,3.0,0,0.0,0,0,1,0,0,0,0,0,0,0,0,0,0,0,0,0,0
25750,2021051141,1252.0,1248.0,37,37301,40.9996,-80.3603,0,0,0,0,0,0,5,6,2021,6,12.0,1.0,0,1.0,2,0,,3.0,3,3.0,0,0,0,0,0,0,0,0,0,0,0,0,0,0,0,1,0
25751,2021051167,1245.0,1242.0,67,67301,40.0413,-75.0756,0,0,0,0,0,0,5,6,2021,5,12.0,1.0,0,1.0,3,0,,3.0,0,0.0,0,0,0,0,0,0,0,0,0,0,0,0,0,0,0,0,0
25752,2021051315,1800.0,1800.0,49,49406,40.7928,-76.4172,0,0,0,0,1,0,4,5,2021,6,18.0,1.0,0,1.0,2,2,,3.0,0,0.0,0,0,1,0,0,0,0,0,0,0,0,0,0,0,0,0,0
25753,2021051572,2255.0,2250.0,46,46208,40.12,-75.4127,0,0,0,0,0,0,5,6,2021,7,22.0,3.0,0,1.0,3,0,,3.0,0,0.0,0,1,0,0,0,0,0,0,0,0,0,0,0,0,0,0,0
25754,2021051635,1410.0,1400.0,22,22412,40.2788,-76.847,0,0,0,0,0,0,4,6,2021,6,14.0,1.0,0,1.0,3,1,,3.0,0,0.0,0,0,1,0,0,1,0,0,0,0,0,0,0,0,0,0,0
25755,2021051648,955.0,950.0,67,67301,39.9777,-75.2264,0,0,0,0,0,1,4,6,2021,7,9.0,1.0,0,1.0,3,2,,3.0,3,3.0,1,0,1,0,0,0,0,0,0,0,0,0,1,0,0,0,0
25756,2021051669,1421.0,1418.0,66,66208,40.1993,-76.8879,0,1,0,0,0,0,4,6,2021,6,14.0,1.0,0,1.0,1,1,,3.0,3,3.0,0,0,1,0,0,0,0,0,0,0,0,0,0,0,0,0,0
25757,2021051678,1208.0,1205.0,46,46207,40.1673,-75.2203,0,0,0,0,0,0,4,6,2021,1,12.0,1.0,0,1.0,3,2,,3.0,3,3.0,0,0,1,0,0,0,0,0,0,0,0,0,0,0,0,0,0
25758,2021051728,1455.0,1446.0,25,25302,42.1496,-80.0794,0,0,0,0,0,0,4,6,2021,1,14.0,1.0,0,1.0,3,0,,3.0,0,0.0,0,0,1,0,0,0,0,0,0,0,0,0,0,0,0,1,0
25759,2021052142,722.0,721.0,46,46203,40.3138,-75.347,0,1,0,0,0,1,4,6,2021,2,7.0,1.0,0,1.0,1,1,,3.0,3,3.0,1,0,1,0,0,0,0,0,0,0,0,0,0,0,0,0,0
25760,2021052851,1601.0,1601.0,21,21404,40.2112,-77.0083,0,0,0,0,0,0,2,6,2021,3,15.0,1.0,0,1.0,3,2,,3.0,3,3.0,0,0,0,0,0,0,0,0,0,0,0,0,0,0,0,0,0
25761,2021052902,1841.0,1839.0,18,18301,41.1421,-77.4615,0,0,0,0,0,1,4,6,2021,6,18.0,1.0,0,1.0,2,1,,3.0,2,3.0,0,0,1,0,0,1,0,0,0,0,0,0,0,0,0,0,1
25762,2021052968,1802.0,1754.0,21,21208,40.2001,-77.1721,0,0,0,0,0,0,4,6,2021,4,17.0,1.0,7,9.0,1,0,,7.0,2,3.0,0,0,1,0,0,0,0,0,0,0,0,0,0,0,0,0,0
25763,2021053078,1119.0,1108.0,38,38102,40.3382,-76.4395,0,1,0,0,0,0,4,5,2021,3,11.0,1.0,0,1.0,2,1,,3.0,2,3.0,0,0,1,0,0,0,0,0,0,0,0,0,0,0,0,0,1
25764,2021053380,1259.0,1253.0,66,66102,39.9384,-76.6939,0,0,0,0,0,0,4,6,2021,7,12.0,1.0,7,1.0,1,0,,3.0,0,0.0,0,1,1,0,0,0,0,0,0,0,0,0,0,0,0,1,0
25765,2021053383,1950.0,1921.0,10,10201,40.7072,-80.0523,0,0,0,0,0,0,1,6,2021,6,19.0,1.0,0,1.0,1,2,,3.0,0,0.0,0,0,0,0,0,1,0,0,0,0,0,0,0,0,0,0,0
25766,2021053536,859.0,859.0,25,25213,42.1519,-80.1296,0,0,0,0,0,0,4,6,2021,4,8.0,1.0,0,1.0,3,1,,3.0,0,0.0,1,0,1,0,0,0,0,0,0,0,0,0,0,0,0,0,0
25767,2021053566,1951.0,1949.0,67,67301,39.9417,-75.1494,0,0,0,0,0,1,1,6,2021,5,19.0,4.0,0,9.0,3,0,,7.0,0,0.0,0,0,0,0,0,0,0,0,0,0,0,0,0,0,0,0,0
25768,2021053601,908.0,902.0,67,67301,39.9986,-75.071,0,0,0,0,0,0,4,6,2021,7,8.0,1.0,0,1.0,3,1,,3.0,2,3.0,0,0,1,0,0,0,0,0,0,0,0,0,0,0,0,0,1
25769,2021053617,819.0,811.0,67,67301,39.9383,-75.17,0,0,0,0,0,0,4,6,2021,2,7.0,1.0,0,1.0,3,1,,3.0,2,3.0,1,0,1,0,0,0,0,0,0,0,0,0,0,0,0,0,0
25770,2021053661,820.0,815.0,67,67301,39.9754,-75.1326,0,0,0,0,0,0,4,6,2021,2,6.0,1.0,0,1.0,3,1,,3.0,2,3.0,0,0,1,0,0,0,0,0,0,0,0,0,0,0,0,0,0
25771,2021053686,1339.0,1338.0,53,53301,40.6856,-76.1942,0,0,0,0,1,0,4,6,2021,4,13.0,1.0,0,1.0,2,1,,3.0,3,3.0,1,0,1,0,0,0,0,0,0,0,0,0,1,0,0,0,0
25772,2021053875,1927.0,1927.0,39,39201,40.6363,-75.4487,0,0,0,0,0,0,7,6,2021,1,18.0,1.0,0,1.0,3,0,,3.0,0,0.0,0,0,0,0,0,0,0,0,0,0,0,0,0,0,0,0,0
25773,2021053937,2010.0,2000.0,67,67301,39.9502,-75.157,0,0,0,0,0,0,5,6,2021,5,19.0,4.0,0,1.0,3,0,,3.0,0,0.0,1,0,0,0,0,0,0,0,0,0,0,0,0,0,0,0,0
25774,2021054020,928.0,925.0,67,67301,39.9585,-75.1487,0,0,0,0,0,0,4,6,2021,6,9.0,1.0,0,9.0,3,1,,7.0,3,3.0,1,0,1,0,0,0,0,0,0,0,0,0,0,0,0,1,0
25775,2021054301,927.0,919.0,36,36101,40.0536,-76.2958,0,0,0,0,0,0,4,6,2021,2,8.0,1.0,7,1.0,3,0,,3.0,0,0.0,0,0,1,0,0,0,0,0,0,0,0,0,0,0,0,0,0
25776,2021054372,947.0,945.0,67,67301,39.9617,-75.1575,0,0,0,0,0,0,4,6,2021,6,9.0,1.0,0,1.0,3,5,,4.0,2,3.0,1,0,1,0,0,1,0,0,0,0,0,0,0,0,0,0,0
25777,2021054466,59.0,52.0,67,67301,39.9558,-75.1591,0,0,0,0,0,1,4,6,2021,1,0.0,3.0,0,1.0,3,1,,3.0,2,3.0,0,0,1,0,0,0,0,0,0,0,0,0,0,0,0,0,0
25778,2021054518,1819.0,1816.0,48,48301,40.6109,-75.3513,0,0,0,0,0,1,5,6,2021,3,18.0,1.0,0,1.0,3,0,,7.0,0,0.0,0,0,0,0,0,0,0,0,0,0,0,0,0,0,0,0,0
25779,2021054579,1038.0,1034.0,67,67301,40.0414,-75.0283,0,0,0,0,0,0,4,5,2021,7,10.0,1.0,0,1.0,3,1,,3.0,2,3.0,1,0,1,1,0,1,0,0,0,0,0,0,0,0,0,0,0
25780,2021054589,745.0,742.0,46,46207,40.1953,-75.2253,0,0,0,0,0,1,4,6,2021,2,7.0,1.0,0,1.0,3,0,,4.0,0,0.0,0,0,1,0,0,0,0,0,0,0,0,0,0,0,0,0,0
25781,2021054721,2036.0,2035.0,67,67301,39.9939,-75.1545,1,0,0,0,0,1,4,6,2021,4,20.0,3.0,0,1.0,3,1,,3.0,2,3.0,0,0,1,0,0,0,0,0,0,0,0,0,0,0,0,0,0
25782,2021054903,820.0,802.0,25,25219,41.8885,-80.1477,0,0,0,0,1,0,4,6,2021,1,8.0,1.0,0,1.0,2,1,,3.0,3,3.0,0,0,1,0,0,0,0,0,0,0,0,0,0,0,0,1,0
25783,2021054938,819.0,813.0,67,67301,39.9674,-75.1809,0,0,0,0,0,0,4,6,2021,2,6.0,1.0,0,1.0,3,3,,4.0,2,3.0,1,0,1,0,0,0,0,0,0,0,0,0,0,0,0,0,0
25784,2021055259,1045.0,1042.0,22,22301,40.2661,-76.8691,0,0,0,0,0,1,4,6,2021,7,10.0,1.0,0,1.0,3,1,,4.0,3,3.0,1,0,1,0,0,0,0,0,0,0,0,0,0,0,0,0,0
25785,2021055554,1819.0,1812.0,46,46203,40.2979,-75.3803,0,0,0,0,0,0,4,6,2021,7,18.0,1.0,0,1.0,1,2,,3.0,0,0.0,1,0,1,0,0,0,0,0,0,0,0,0,0,0,0,0,1
25786,2021055747,1640.0,1631.0,36,36301,40.0394,-76.3073,0,1,1,0,0,0,1,5,2021,3,16.0,1.0,0,1.0,3,0,,3.0,0,0.0,0,0,0,0,1,0,0,0,0,0,0,0,0,0,0,0,0
25787,2021055893,1531.0,1523.0,66,66217,39.9869,-76.7837,0,0,0,0,0,1,6,6,2021,4,15.0,1.0,0,1.0,3,2,,3.0,3,3.0,0,0,0,0,0,0,0,0,0,0,0,0,0,0,0,0,0
25788,2021056005,1246.0,1242.0,39,39102,40.6508,-75.4801,0,0,0,0,0,0,4,6,2021,3,12.0,1.0,0,1.0,3,1,,3.0,3,3.0,1,0,1,0,0,0,0,0,0,0,0,0,0,0,0,0,0
25789,2021056135,832.0,830.0,48,48409,40.6742,-75.4778,0,0,0,0,0,0,4,6,2021,5,8.0,1.0,0,1.0,3,1,,3.0,3,3.0,0,0,1,0,0,0,0,0,0,0,0,0,0,0,0,0,0
25790,2021056168,1848.0,1843.0,9,9208,40.1963,-74.808,0,1,0,0,0,0,5,6,2021,5,18.0,1.0,0,1.0,3,0,,3.0,0,0.0,0,0,0,0,0,0,0,0,0,0,0,0,0,0,0,0,0
25791,2021056186,1504.0,1504.0,46,46105,40.1435,-75.0343,0,0,0,0,0,0,6,6,2021,4,14.0,1.0,0,1.0,3,0,,3.0,0,0.0,0,0,0,0,0,0,0,0,0,0,0,0,0,0,0,0,1
25792,2021056237,1415.0,1411.0,9,9415,40.4374,-75.3423,0,0,0,0,0,0,4,6,2021,5,14.0,1.0,0,1.0,2,2,,3.0,3,3.0,1,0,1,0,0,0,0,0,0,0,0,0,0,0,0,0,0
25793,2021056358,1643.0,1643.0,9,9218,40.1947,-74.9685,0,0,0,0,0,0,4,6,2021,4,16.0,1.0,7,1.0,3,2,,3.0,0,0.0,0,0,1,0,0,1,0,0,0,0,0,0,0,0,0,0,0
25794,2021056478,1648.0,1642.0,63,63208,41.6048,-75.2597,0,1,0,0,0,1,4,6,2021,4,16.0,1.0,7,1.0,1,0,,3.0,0,0.0,0,0,1,0,0,0,0,0,0,0,0,0,0,0,0,1,0
25795,2021056929,858.0,853.0,48,48209,40.7041,-75.2899,0,0,0,0,0,0,5,6,2021,7,8.0,1.0,3,1.0,1,0,,3.0,0,0.0,0,0,0,0,0,0,0,0,0,0,0,0,0,0,0,0,0
25796,2021057109,1157.0,1154.0,67,67301,39.9613,-75.1752,0,0,0,0,0,1,4,6,2021,6,11.0,1.0,0,1.0,3,1,,3.0,2,3.0,0,0,1,0,0,0,0,0,0,0,0,0,0,0,0,0,0
25797,2021057118,2237.0,2237.0,67,67301,39.9278,-75.237,0,0,0,0,0,0,4,6,2021,6,22.0,3.0,0,1.0,3,1,,3.0,2,3.0,1,0,1,0,0,0,0,0,0,0,0,0,0,0,0,0,0
25798,2021057120,1445.0,1445.0,67,67301,39.925,-75.2263,0,0,0,0,0,0,4,6,2021,7,14.0,1.0,0,1.0,3,1,,3.0,2,3.0,0,0,1,0,0,0,0,0,0,0,0,0,0,0,0,0,0
25799,2021057140,1514.0,1514.0,67,67301,39.965,-75.2246,0,0,0,0,0,0,4,6,2021,1,15.0,1.0,0,1.0,3,1,,3.0,2,3.0,0,0,1,0,0,0,0,0,0,0,0,0,0,0,0,0,0
25800,2021057176,2111.0,2109.0,40,40301,40.9492,-75.9712,1,0,0,0,1,0,4,6,2021,7,21.0,3.0,0,1.0,2,1,,3.0,0,0.0,0,0,1,0,0,0,0,0,0,0,0,0,0,0,0,0,0
25801,2021057253,2000.0,1950.0,67,67301,40.0316,-75.0469,0,0,0,0,0,0,1,6,2021,4,19.0,1.0,0,1.0,3,0,,3.0,0,0.0,0,1,0,0,0,0,0,0,0,0,0,0,0,0,0,0,0
25802,2021057460,1645.0,1645.0,67,67301,39.9453,-75.1629,0,0,0,0,0,0,4,6,2021,2,7.0,1.0,0,1.0,3,1,,3.0,2,3.0,1,0,1,0,0,0,0,0,0,0,0,0,0,0,0,0,0
25803,2021057733,2050.0,2050.0,22,22301,40.2617,-76.8731,0,1,0,0,0,1,4,6,2021,4,20.0,2.0,0,1.0,3,2,,3.0,3,3.0,0,0,1,0,0,0,0,0,0,0,0,0,0,0,0,0,1
25804,2021057739,1443.0,1438.0,22,22301,40.2694,-76.8674,0,0,0,0,0,0,4,6,2021,7,14.0,1.0,0,1.0,3,1,,3.0,3,9.0,0,0,1,0,0,1,0,0,0,0,0,0,0,0,0,0,0
25805,2021057756,2132.0,2132.0,39,39301,40.6066,-75.5017,0,0,0,0,0,0,5,6,2021,7,21.0,3.0,0,9.0,3,1,,7.0,0,0.0,0,0,0,0,0,0,0,0,0,0,0,0,0,0,0,1,0
25806,2021057865,2150.0,2138.0,28,28204,39.8575,-77.7082,0,0,0,0,0,0,8,6,2021,1,21.0,2.0,0,1.0,1,0,,3.0,0,0.0,0,0,0,0,0,0,0,0,0,0,0,0,0,0,0,0,0
25807,2021057905,2016.0,2011.0,66,66231,39.9529,-76.7686,0,0,0,0,0,0,4,6,2021,3,20.0,1.0,0,1.0,1,0,,3.0,0,0.0,0,0,1,0,0,0,0,0,0,0,0,0,0,0,0,0,0
25808,2021057954,1714.0,1708.0,36,36227,40.1411,-76.3511,0,0,0,0,0,1,4,6,2021,5,17.0,1.0,0,1.0,1,2,,3.0,0,0.0,0,0,1,0,0,0,0,0,0,0,0,0,0,0,0,0,0
25809,2021058041,1312.0,1309.0,66,66301,39.9643,-76.7118,0,0,0,0,0,1,4,6,2021,4,13.0,1.0,0,1.0,3,1,,3.0,0,0.0,1,0,1,0,0,0,0,0,0,0,0,0,0,0,0,0,0
25810,2021058295,225.0,220.0,67,67301,39.9714,-75.1594,0,0,0,0,0,1,4,6,2021,4,2.0,3.0,0,1.0,3,1,,3.0,2,3.0,0,0,1,0,0,0,0,0,0,0,0,0,0,0,0,0,0
25811,2021058369,1646.0,1641.0,9,9201,40.4119,-75.1516,0,0,0,0,0,1,4,6,2021,4,16.0,1.0,0,1.0,1,1,,3.0,3,3.0,1,0,1,0,0,0,0,0,0,0,0,0,0,0,0,0,0
25812,2021058391,900.0,857.0,66,66301,39.9597,-76.7262,0,0,0,0,0,0,5,6,2021,5,8.0,1.0,0,1.0,3,1,,3.0,0,0.0,1,0,0,0,0,0,0,0,0,0,0,0,0,0,0,1,0
25813,2021058392,2050.0,2029.0,67,67301,39.9139,-75.159,0,0,0,0,0,1,4,6,2021,4,20.0,3.0,0,1.0,3,0,,3.0,0,0.0,0,0,1,0,0,1,0,0,0,0,0,0,0,0,0,0,0
25814,2021058476,1821.0,1819.0,23,23405,39.9143,-75.2684,0,0,0,0,0,0,4,6,2021,2,18.0,1.0,0,1.0,3,1,,3.0,3,3.0,0,1,1,0,0,1,1,0,0,1,0,0,0,0,0,1,0
25815,2021058652,1534.0,1534.0,67,67301,39.9759,-75.1801,0,0,0,0,0,0,4,6,2021,5,13.0,1.0,0,1.0,3,1,,3.0,3,3.0,0,0,1,0,0,1,0,0,0,0,0,0,0,0,0,0,0
25816,2021058684,1501.0,1459.0,22,22301,40.275,-76.8711,1,0,0,0,0,1,4,6,2021,2,14.0,1.0,0,1.0,3,1,,3.0,3,3.0,0,0,1,0,0,0,0,0,0,0,0,0,0,0,0,1,0
25817,2021058798,1032.0,1027.0,36,36301,40.0473,-76.323,0,0,0,0,0,1,3,6,2021,6,10.0,1.0,0,1.0,3,0,,3.0,0,0.0,0,0,0,0,0,1,0,0,0,0,0,0,0,0,0,0,0
25818,2021058815,1709.0,1705.0,67,67301,39.9406,-75.1711,0,0,0,0,0,0,4,6,2021,2,17.0,1.0,0,1.0,3,1,,3.0,2,3.0,1,0,1,0,0,0,0,0,0,0,0,0,0,0,0,0,0
25819,2021059053,640.0,633.0,67,67301,39.9519,-75.1598,0,0,0,0,0,1,4,6,2021,6,6.0,5.0,0,1.0,3,1,,3.0,2,3.0,0,0,1,0,0,0,0,0,0,0,0,0,0,0,0,0,0
25820,2021059136,815.0,812.0,36,36223,40.0373,-76.4082,0,0,0,0,0,0,4,6,2021,6,8.0,1.0,0,1.0,1,1,,3.0,2,3.0,1,0,1,0,0,0,0,0,0,0,0,0,0,0,0,0,0
25821,2021059261,1840.0,1833.0,46,46202,40.1394,-75.3149,0,0,0,0,0,0,4,6,2021,4,18.0,1.0,7,1.0,3,0,,3.0,3,3.0,1,0,1,0,0,0,0,0,0,0,0,0,0,0,0,0,0
25822,2021059323,1047.0,1042.0,46,46413,40.1139,-75.3356,0,0,0,0,0,0,4,6,2021,1,10.0,1.0,0,1.0,3,1,,99.0,3,3.0,1,0,1,0,0,0,0,0,0,0,0,0,1,0,0,0,0
25823,2021059454,851.0,836.0,45,45202,40.9174,-75.4184,0,1,0,0,1,0,4,6,2021,3,8.0,1.0,0,1.0,1,0,,3.0,0,0.0,1,0,1,0,0,0,0,0,0,0,0,0,0,0,0,0,0
25824,2021059615,735.0,731.0,23,23108,39.9341,-75.3369,0,0,0,0,0,0,4,6,2021,2,7.0,1.0,0,1.0,3,2,,3.0,3,3.0,0,0,1,0,0,0,0,0,0,0,0,0,0,0,0,0,0
25825,2021059882,1653.0,1652.0,39,39104,40.5641,-75.5589,0,0,0,0,0,0,4,6,2021,4,16.0,1.0,7,1.0,3,0,,3.0,0,0.0,0,0,1,0,0,1,0,0,0,0,0,0,0,0,0,0,0
25826,2021060086,1617.0,1613.0,46,46415,40.3909,-75.492,0,0,0,0,0,0,4,6,2021,2,16.0,1.0,0,1.0,1,1,,3.0,2,3.0,0,0,1,0,0,0,0,0,0,0,0,0,0,0,0,0,0
25827,2021060219,1311.0,1310.0,39,39301,40.5924,-75.4855,0,0,0,0,0,1,5,6,2021,1,13.0,1.0,0,1.0,3,3,,3.0,0,0.0,0,0,0,0,0,0,0,0,0,0,0,0,0,0,0,0,0
25828,2021060267,1509.0,1505.0,23,23207,39.9148,-75.4588,0,0,0,0,0,0,4,6,2021,7,15.0,1.0,0,1.0,3,1,,3.0,3,3.0,1,0,1,0,0,0,0,0,0,0,0,0,1,0,0,0,0
25829,2021060409,1215.0,1213.0,21,21103,40.2379,-76.9541,0,0,0,0,0,1,4,6,2021,7,12.0,1.0,7,1.0,3,0,,3.0,0,0.0,1,0,1,0,0,0,0,0,0,0,0,0,0,0,0,0,0
25830,2021060413,1025.0,1020.0,36,36101,40.128,-76.2788,0,0,0,0,0,1,4,6,2021,3,10.0,1.0,0,1.0,3,2,,3.0,0,0.0,1,0,1,0,0,0,0,0,0,0,0,0,0,0,0,1,0
25831,2021060415,2031.0,2028.0,36,36223,40.0228,-76.3671,0,1,0,0,0,1,4,6,2021,3,20.0,4.0,0,1.0,1,1,,3.0,3,3.0,0,0,1,0,0,0,0,0,0,0,0,0,0,0,0,0,0
25832,2021060483,1454.0,1442.0,45,45201,41.1979,-75.2576,0,0,0,0,0,1,4,6,2021,1,14.0,1.0,0,1.0,1,2,,3.0,0,0.0,1,0,1,0,0,0,0,0,0,0,0,0,0,0,0,0,0
25833,2021061033,1604.0,1601.0,39,39301,40.6052,-75.4425,0,0,0,0,1,0,4,6,2021,3,16.0,1.0,0,1.0,3,0,,3.0,0,0.0,0,0,1,0,0,0,0,0,0,0,0,0,0,0,0,1,0
25834,2021061044,1104.0,1102.0,46,46110,40.1575,-75.0725,0,1,0,0,0,0,4,6,2021,4,11.0,1.0,7,1.0,3,0,,3.0,8,3.0,0,0,1,0,0,0,0,0,0,0,0,0,0,0,0,1,0
25835,2021061233,1808.0,1805.0,28,28406,39.7525,-77.5761,0,0,0,0,0,1,4,6,2021,1,18.0,1.0,0,1.0,2,1,,3.0,3,3.0,0,0,1,0,0,0,0,0,0,0,0,0,0,0,0,1,0
25836,2021061240,1700.0,1650.0,67,67301,39.9358,-75.1705,0,0,1,0,0,0,4,6,2021,4,16.0,1.0,0,1.0,3,1,,3.0,3,3.0,0,0,1,0,1,0,0,0,0,0,0,0,0,0,0,0,0
25837,2021061551,1017.0,1014.0,36,36240,39.9876,-76.2766,0,0,0,0,0,0,4,6,2021,4,10.0,1.0,0,1.0,1,1,,3.0,2,3.0,0,0,1,0,0,0,0,0,0,0,0,0,0,0,0,0,0
25838,2021061583,1338.0,1333.0,21,21409,40.0557,-77.51,0,0,0,0,0,1,4,6,2021,4,13.0,1.0,0,1.0,2,1,,3.0,3,3.0,0,0,1,0,0,0,0,0,0,0,0,0,0,0,0,0,0
25839,2021061595,1320.0,1320.0,2,2301,40.4529,-79.9109,0,0,0,0,0,0,2,7,2021,7,13.0,1.0,0,1.0,3,0,,3.0,0,0.0,0,0,0,0,0,0,0,0,0,0,0,0,0,0,0,0,0
25840,2021061617,1624.0,1623.0,28,28401,39.9379,-77.6639,0,1,0,0,0,0,4,7,2021,6,16.0,1.0,0,1.0,1,2,,3.0,3,3.0,0,0,1,0,0,0,0,0,0,0,0,0,0,0,0,0,0
25841,2021062234,1835.0,1830.0,66,66402,39.9026,-76.6465,0,0,0,0,0,0,4,7,2021,5,18.0,1.0,0,1.0,3,1,,3.0,3,3.0,0,0,1,0,0,0,0,0,0,0,0,0,0,0,0,0,0
25842,2021062265,1852.0,1848.0,46,46104,40.0221,-75.2504,0,0,0,0,0,1,4,6,2021,3,18.0,1.0,0,1.0,3,1,,3.0,2,3.0,1,0,1,0,0,0,0,0,0,0,0,0,0,0,0,1,0
25843,2021062596,933.0,933.0,66,66212,40.0154,-76.5742,0,0,0,0,0,0,5,7,2021,3,9.0,1.0,0,1.0,1,0,,3.0,0,0.0,1,0,0,0,0,0,0,0,0,0,0,0,0,0,0,0,0
25844,2021062608,825.0,823.0,35,35402,41.4843,-75.5894,0,0,0,0,0,1,4,7,2021,1,8.0,1.0,7,1.0,3,2,,3.0,0,0.0,0,0,1,0,0,0,0,0,0,0,0,0,0,0,0,0,0
25845,2021063058,1530.0,1518.0,7,7301,40.5202,-78.3819,0,0,0,0,0,0,4,6,2021,6,15.0,1.0,7,1.0,3,0,,3.0,0,0.0,0,0,1,0,0,0,0,0,0,0,0,0,0,0,0,0,0
25846,2021063280,1147.0,1131.0,15,15404,40.1568,-75.8331,0,0,0,0,1,0,4,6,2021,2,11.0,1.0,0,1.0,1,1,,3.0,3,3.0,0,0,1,0,0,0,0,0,0,0,0,0,0,0,0,1,0
25847,2021063537,1546.0,1546.0,9,9202,40.1186,-74.9302,0,0,0,0,0,0,4,7,2021,6,15.0,1.0,0,1.0,3,1,,3.0,0,0.0,0,0,1,0,0,0,0,0,0,0,0,0,0,0,0,0,0
25848,2021063545,1443.0,1442.0,23,23402,39.8756,-75.4026,0,0,0,0,0,0,8,7,2021,6,14.0,1.0,0,1.0,3,0,,3.0,0,0.0,0,0,0,0,0,0,0,0,0,0,0,0,0,0,0,1,0
25849,2021063562,1637.0,1636.0,36,36234,40.0879,-76.1858,0,0,0,0,0,0,4,6,2021,3,16.0,1.0,7,1.0,1,0,,3.0,0,0.0,0,0,1,0,0,0,0,0,0,0,0,0,0,0,0,0,0
25850,2021063630,2104.0,2034.0,43,43215,41.4043,-80.0745,0,0,0,0,1,0,8,7,2021,6,20.0,4.0,0,1.0,1,0,,3.0,0,0.0,0,0,0,0,0,0,0,0,0,0,0,0,0,0,0,0,0
25851,2021063681,1504.0,1501.0,46,46105,40.1235,-75.0434,0,0,0,0,0,1,4,6,2021,6,15.0,1.0,0,1.0,3,0,,3.0,0,0.0,1,0,1,0,0,0,0,0,0,0,0,0,0,0,0,0,0
25852,2021063733,1257.0,1257.0,9,9212,40.1464,-74.995,0,0,0,0,0,0,4,5,2021,6,12.0,1.0,0,1.0,3,1,,3.0,2,3.0,1,0,1,0,0,0,0,0,0,0,0,0,0,0,0,0,0