,CRN,ARRIVAL_TM,DISPATCH_TM,COUNTY,MUNICIPALITY,DEC_LAT,DEC_LONG,BICYCLE_DEATH_COUNT,BICYCLE_SUSP_SERIOUS_INJ_COUNT,BUS_COUNT,HEAVY_TRUCK_COUNT,SMALL_TRUCK_COUNT,SUV_COUNT,COLLISION_TYPE,CRASH_MONTH,CRASH_YEAR,DAY_OF_WEEK,HOUR_OF_DAY,ILLUMINATION,LOCATION_TYPE,ROAD_CONDITION,URBAN_RURAL,INTERSECT_TYPE,WEATHER1,WEATHER2,TCD_TYPE,TCD_FUNC_CD,AGGRESSIVE_DRIVING,ALCOHOL_RELATED,ANGLE_CRASH,CELL_PHONE,COMM_VEHICLE,DISTRACTED,DRINKING_DRIVER,DRUGGED_DRIVER,FATIGUE_ASLEEP,IMPAIRED_DRIVER,NHTSA_AGG_DRIVING,RUNNING_RED_LT,RUNNING_STOP_SIGN,SPEEDING_RELATED,TAILGATING,MATURE_DRIVER,YOUNG_DRIVER
25853,2021063758,1208.0,1206.0,23,23111,39.9537,-75.3043,0,0,0,0,0,1,4,7,2021,7,12.0,1.0,0,1.0,3,0,,3.0,0,0.0,0,0,1,0,0,0,0,0,0,0,0,0,0,0,0,0,0
25854,2021063965,1515.0,1510.0,2,2301,40.4618,-79.9363,0,0,0,0,0,0,4,7,2021,1,15.0,1.0,0,9.0,3,1,,7.0,3,3.0,1,0,1,0,0,0,0,0,0,0,0,0,0,0,0,1,0
25855,2021064201,745.0,739.0,67,67301,39.9621,-75.16,0,0,0,0,0,1,5,7,2021,5,7.0,1.0,0,1.0,3,0,,3.0,0,0.0,1,0,0,0,0,0,0,0,0,0,0,0,0,0,0,0,0
25856,2021064235,1218.0,1212.0,67,67301,39.9121,-75.2402,0,0,0,0,0,0,1,7,2021,5,21.0,3.0,0,1.0,3,0,,3.0,0,0.0,0,0,0,0,0,1,0,0,0,0,0,0,0,0,0,0,0
25857,2021064277,1412.0,1408.0,67,67301,40.0308,-75.0566,0,0,0,0,0,1,4,7,2021,7,14.0,1.0,0,1.0,3,1,,3.0,3,3.0,0,0,1,0,0,0,0,0,0,0,0,0,0,0,0,0,0
25858,2021064319,1852.0,1845.0,67,67301,39.9732,-75.159,0,0,0,0,0,0,4,6,2021,3,18.0,1.0,0,1.0,3,1,,3.0,2,3.0,0,0,1,0,0,1,0,0,0,0,0,0,0,0,0,0,0
25859,2021064401,1625.0,1606.0,67,67301,40.0293,-75.1638,0,0,0,0,0,0,4,6,2021,1,16.0,1.0,0,1.0,3,1,,3.0,2,3.0,0,0,1,0,0,0,0,0,0,0,0,0,0,0,0,0,0
25860,2021064741,1634.0,1634.0,46,46104,40.008,-75.2914,0,0,0,0,0,1,4,6,2021,6,16.0,1.0,0,1.0,3,2,,3.0,2,3.0,0,0,1,0,0,0,0,0,0,0,0,0,0,0,0,1,0
25861,2021064811,1245.0,1241.0,35,35302,41.3967,-75.6588,0,0,0,0,0,1,4,7,2021,3,12.0,1.0,0,1.0,3,1,,4.0,3,3.0,0,0,1,0,0,0,0,0,0,0,0,0,0,0,0,0,0
25862,2021064937,1035.0,1030.0,39,39301,40.5985,-75.4884,0,0,0,0,0,0,4,7,2021,6,10.0,1.0,0,1.0,3,1,,3.0,0,0.0,0,0,1,0,0,0,0,0,0,0,0,0,0,0,0,0,0
25863,2021065116,1324.0,1324.0,23,23106,40.0357,-75.3499,0,0,0,0,0,0,4,6,2021,3,13.0,1.0,0,1.0,3,0,,3.0,0,0.0,0,0,1,0,0,0,0,0,0,0,0,0,0,0,0,0,0
25864,2021065339,1253.0,1252.0,59,59402,40.9619,-76.8923,0,0,0,0,1,0,4,7,2021,5,12.0,1.0,0,1.0,2,0,,4.0,0,0.0,0,0,1,0,0,0,0,0,0,0,0,0,0,0,0,0,0
25865,2021065412,2229.0,2208.0,26,26413,39.7372,-79.8994,0,0,0,0,0,0,4,7,2021,3,22.0,3.0,0,1.0,1,1,,3.0,0,0.0,0,0,1,0,0,0,0,0,0,0,0,0,0,0,0,0,0
25866,2021065672,1505.0,1439.0,9,9208,40.177,-74.8568,0,0,0,0,0,0,4,7,2021,5,14.0,1.0,0,1.0,3,0,,3.0,0,0.0,0,0,1,0,0,0,0,0,0,0,0,0,0,0,0,0,0
25867,2021065840,2116.0,2110.0,38,38209,40.3608,-76.358,0,0,0,0,0,0,4,7,2021,6,21.0,2.0,0,1.0,1,0,,3.0,0,0.0,0,0,1,0,0,0,0,0,0,0,0,0,0,0,0,0,0
25868,2021065882,1836.0,1835.0,61,61301,41.8478,-79.1559,0,0,0,0,0,0,2,7,2021,5,18.0,1.0,0,1.0,2,2,,3.0,0,0.0,0,0,0,0,0,0,0,0,0,0,0,0,0,0,0,0,0
25869,2021065930,1103.0,1055.0,46,46413,40.1099,-75.3348,0,0,0,0,1,0,8,7,2021,6,10.0,1.0,0,1.0,3,0,,3.0,0,0.0,0,0,0,0,0,1,0,0,0,0,0,0,0,0,0,0,0
25870,2021065971,1126.0,1113.0,10,10211,40.8576,-79.9746,0,0,0,0,1,0,1,7,2021,1,11.0,1.0,0,1.0,1,0,,3.0,0,0.0,0,0,0,0,0,0,0,0,0,0,0,0,0,0,0,0,0
25871,2021066095,1449.0,1438.0,15,15221,39.7443,-75.7756,1,0,0,0,0,0,4,6,2021,2,14.0,1.0,0,1.0,1,0,,3.0,8,3.0,0,0,1,0,0,0,0,0,0,0,0,0,0,0,0,0,0
25872,2021066135,1721.0,1716.0,36,36216,39.9265,-76.1641,0,0,0,0,0,1,4,7,2021,3,17.0,1.0,0,1.0,1,0,,3.0,0,0.0,0,0,1,0,0,0,0,0,0,0,0,0,0,0,0,1,0
25873,2021066192,2355.0,2347.0,6,6301,40.3319,-75.9121,0,0,0,0,0,0,4,7,2021,6,23.0,3.0,6,1.0,3,1,,3.0,2,3.0,0,1,1,0,0,0,1,0,0,1,0,0,0,0,0,1,0
25874,2021066216,717.0,716.0,28,28406,39.7539,-77.5746,0,0,0,0,0,1,4,7,2021,6,7.0,1.0,0,1.0,2,1,,99.0,2,3.0,0,0,1,0,0,0,0,0,0,0,0,0,0,0,0,0,0
25875,2021066325,1317.0,1312.0,7,7301,40.5196,-78.3997,0,1,0,0,1,0,4,7,2021,7,13.0,1.0,7,1.0,3,0,,3.0,0,0.0,0,0,1,0,0,0,0,0,0,0,0,0,0,0,0,0,0
25876,2021066496,1613.0,1610.0,46,46404,40.1853,-75.4507,0,0,0,0,0,0,4,7,2021,4,16.0,1.0,0,1.0,3,1,,3.0,2,3.0,0,0,1,0,0,0,0,0,0,0,0,0,0,0,0,0,1
25877,2021066720,2312.0,2312.0,25,25302,42.1216,-80.0613,0,0,0,0,0,0,5,7,2021,1,23.0,3.0,0,1.0,3,0,,3.0,0,0.0,0,0,0,0,0,0,0,0,0,0,0,0,0,0,0,0,0
25878,2021066844,1612.0,1607.0,15,15222,39.8238,-75.8014,0,0,0,0,0,0,1,6,2021,7,16.0,1.0,0,9.0,1,0,,7.0,0,0.0,0,0,0,0,0,0,0,0,0,0,0,0,0,0,0,0,0
25879,2021066928,1644.0,1644.0,25,25302,42.1315,-80.0663,0,0,0,0,0,0,4,7,2021,2,16.0,1.0,0,1.0,3,0,,3.0,0,0.0,0,0,1,0,0,0,0,0,0,0,0,0,0,0,0,0,0
25880,2021067305,1251.0,1249.0,25,25302,42.1196,-80.0952,0,0,0,0,0,1,4,7,2021,3,12.0,1.0,0,1.0,3,1,,3.0,3,3.0,0,0,1,0,0,0,0,0,0,0,0,0,0,0,0,0,0
25881,2021067631,1625.0,1612.0,39,39210,40.4733,-75.5432,0,0,0,0,0,1,4,7,2021,6,16.0,1.0,7,1.0,1,0,,3.0,0,0.0,0,0,1,0,0,0,0,0,0,0,0,0,0,0,0,0,0
25882,2021067687,848.0,846.0,22,22301,40.2628,-76.8812,0,0,0,0,0,0,4,6,2021,2,8.0,1.0,0,1.0,3,1,,3.0,2,3.0,0,0,1,0,0,0,0,0,0,0,0,0,0,0,0,0,0
25883,2021067781,2215.0,2213.0,64,64303,40.3346,-79.609,0,0,0,0,0,0,4,7,2021,4,22.0,3.0,0,1.0,3,1,,3.0,3,3.0,1,0,1,0,0,0,0,0,0,0,0,0,0,0,0,0,0
25884,2021067833,1838.0,1827.0,53,53213,40.6518,-76.4919,0,0,0,0,0,0,4,7,2021,4,18.0,1.0,0,1.0,1,2,,3.0,3,3.0,1,0,1,0,0,0,0,0,0,0,0,0,1,0,0,0,0
25885,2021067971,1300.0,1253.0,21,21407,40.2367,-76.8847,0,0,0,0,0,0,5,7,2021,5,12.0,1.0,0,1.0,3,0,,3.0,0,0.0,0,0,0,0,0,0,0,0,0,0,0,0,0,0,0,0,0
25886,2021068156,1613.0,1604.0,46,46224,40.1313,-75.232,0,1,0,0,0,1,5,7,2021,2,16.0,1.0,0,1.0,3,2,,3.0,3,3.0,0,0,0,0,0,0,0,0,0,0,0,0,0,0,0,1,0
25887,2021068266,1544.0,1542.0,2,2301,40.438,-79.9131,0,0,0,0,0,0,4,7,2021,6,15.0,1.0,0,1.0,3,1,,3.0,2,3.0,1,0,1,0,0,0,0,0,0,0,0,0,0,0,0,0,0
25888,2021068288,1702.0,1700.0,7,7207,40.3001,-78.4522,0,0,0,0,0,0,1,6,2021,5,16.0,1.0,0,1.0,1,0,,3.0,0,0.0,1,0,0,0,0,0,0,0,0,0,0,0,0,0,0,0,0
25889,2021068327,1859.0,1851.0,25,25302,42.1242,-80.0189,0,0,0,0,0,0,1,7,2021,6,18.0,1.0,0,1.0,3,0,,3.0,0,0.0,0,0,0,0,0,0,0,0,0,0,0,0,0,0,0,0,0
25890,2021068420,2116.0,2114.0,41,41230,41.2922,-77.0621,0,1,0,0,0,1,8,7,2021,4,21.0,2.0,0,1.0,1,2,,3.0,0,0.0,0,0,0,0,0,0,0,0,0,0,0,0,0,0,0,0,0
25891,2021068541,914.0,910.0,1,1219,39.879,-77.1487,0,0,0,0,0,0,5,7,2021,4,9.0,1.0,0,1.0,2,0,,3.0,0,0.0,1,0,0,0,0,0,0,0,0,0,0,0,0,0,0,0,0
25892,2021068658,2217.0,2217.0,6,6301,40.3369,-75.922,0,0,0,0,0,0,4,7,2021,7,22.0,3.0,0,1.0,3,1,,3.0,2,3.0,0,0,1,0,0,0,0,0,0,0,0,0,0,0,0,0,0
25893,2021068677,1210.0,1208.0,1,1410,39.8607,-77.0635,0,0,0,0,0,0,4,7,2021,7,12.0,1.0,0,1.0,1,1,,3.0,3,3.0,0,0,1,0,0,0,0,0,0,0,0,0,0,0,0,1,0
25894,2021068802,1622.0,1618.0,40,40304,41.2592,-75.8407,0,1,0,0,0,1,4,7,2021,1,16.0,1.0,0,1.0,3,2,,3.0,0,0.0,0,0,1,0,0,0,0,0,0,0,0,0,0,0,0,0,0
25895,2021068824,1637.0,1634.0,9,9212,40.154,-74.9679,0,0,0,0,0,1,4,6,2021,4,16.0,1.0,0,1.0,3,0,,3.0,0,0.0,0,0,1,0,0,0,0,0,0,0,0,0,0,0,0,0,0
25896,2021068872,403.0,400.0,64,64437,40.4123,-79.6297,1,0,0,0,0,0,1,7,2021,5,4.0,2.0,0,1.0,3,0,,3.0,0,0.0,1,0,0,0,0,0,0,1,0,1,0,0,0,0,0,0,1
25897,2021068908,2158.0,2148.0,48,48302,40.6854,-75.223,0,0,0,0,0,1,4,7,2021,7,21.0,3.0,0,1.0,3,2,,3.0,0,0.0,0,0,1,0,0,1,0,0,0,0,0,0,0,0,0,0,0
25898,2021068950,930.0,925.0,25,25302,42.1234,-80.0918,0,0,0,0,0,0,4,7,2021,2,9.0,1.0,0,1.0,3,1,,3.0,3,3.0,0,0,1,0,0,0,0,0,0,0,0,0,0,0,0,0,0
25899,2021069014,921.0,916.0,29,29201,39.8956,-77.9799,0,0,0,1,0,0,8,7,2021,3,9.0,1.0,7,1.0,1,0,,3.0,0,0.0,0,0,0,0,1,0,0,0,0,0,0,0,0,0,0,0,0
25900,2021069210,1835.0,1829.0,46,46222,40.1358,-75.5076,0,0,0,0,0,0,8,7,2021,2,18.0,1.0,0,1.0,3,2,,3.0,3,3.0,0,0,0,0,0,0,0,0,0,0,0,0,0,0,0,0,0
25901,2021069397,2151.0,2142.0,49,49407,40.8911,-76.8018,0,1,0,1,0,0,4,7,2021,1,21.0,3.0,0,1.0,1,1,,3.0,3,3.0,0,0,1,0,1,0,0,0,0,0,0,0,0,0,0,0,0
25902,2021069526,1142.0,1133.0,21,21207,40.1423,-77.094,1,1,0,0,0,1,1,7,2021,6,11.0,1.0,0,1.0,1,0,,3.0,0,0.0,0,0,0,0,0,1,0,0,0,0,0,0,0,0,0,1,0
25903,2021069559,1835.0,1820.0,16,16211,41.0325,-79.5105,0,0,0,0,1,0,4,7,2021,2,18.0,1.0,0,1.0,1,0,,3.0,0,0.0,0,0,1,0,0,0,0,0,0,0,0,0,0,0,0,1,0
25904,2021069572,1819.0,1759.0,9,9223,40.4235,-75.0664,0,0,0,0,0,0,4,7,2021,3,17.0,1.0,0,1.0,1,0,,3.0,0,0.0,1,0,1,0,0,0,0,0,0,0,0,0,0,0,0,0,0
25905,2021069713,1209.0,1203.0,65,65216,41.562,-75.9658,0,0,0,0,1,0,5,7,2021,7,12.0,1.0,0,1.0,1,0,,3.0,0,0.0,0,0,0,0,0,0,0,0,0,0,0,0,0,0,0,0,0
25906,2021069778,2318.0,2315.0,67,67301,39.9609,-75.145,0,0,0,0,0,0,4,7,2021,7,23.0,3.0,0,9.0,3,1,,7.0,2,3.0,0,0,1,0,0,0,0,0,0,0,0,0,0,0,0,1,0
25907,2021069814,1920.0,1920.0,67,67301,39.9463,-75.1715,0,0,0,0,0,1,4,7,2021,1,10.0,1.0,0,99.0,3,1,,99.0,2,3.0,0,0,1,0,0,0,0,0,0,0,0,0,0,0,0,0,0
25908,2021069915,5.0,2358.0,67,67301,40.0208,-75.1486,0,1,0,0,1,0,4,7,2021,6,18.0,1.0,0,1.0,3,0,,3.0,0,0.0,0,0,1,0,0,0,0,0,0,0,0,0,0,0,0,0,0
25909,2021069951,1406.0,1401.0,43,43303,41.2376,-80.4715,0,0,0,0,0,0,1,7,2021,4,14.0,1.0,0,1.0,3,0,,3.0,0,0.0,1,0,0,0,0,1,0,0,0,0,0,0,0,1,0,0,0
25910,2021070293,1804.0,1800.0,25,25213,42.1129,-80.1552,0,0,0,0,0,0,4,7,2021,3,18.0,1.0,0,1.0,3,0,,3.0,0,0.0,1,0,1,0,0,0,0,0,0,0,0,0,0,0,0,0,0
25911,2021070328,1030.0,1024.0,36,36235,40.1563,-76.279,0,0,0,0,0,0,4,7,2021,4,10.0,1.0,0,1.0,1,0,,3.0,0,0.0,0,0,1,0,0,0,0,0,0,0,0,0,0,0,0,1,0
25912,2021070366,120.0,115.0,67,67301,39.9342,-75.1582,0,0,0,0,0,0,4,7,2021,3,1.0,3.0,0,1.0,3,1,,3.0,3,3.0,0,0,1,0,0,0,0,0,0,0,0,0,0,0,0,0,0
25913,2021070392,1732.0,1724.0,67,67301,39.951,-75.1774,0,0,0,0,0,0,4,7,2021,6,17.0,1.0,0,1.0,3,1,,3.0,2,3.0,0,0,1,0,0,0,0,0,0,0,0,0,0,0,0,0,0
25914,2021070411,1708.0,1657.0,67,67301,40.078,-75.2107,0,0,0,0,0,1,4,7,2021,7,16.0,1.0,0,1.0,3,1,,3.0,2,3.0,0,0,1,0,0,0,0,0,0,0,0,0,0,0,0,1,0
25915,2021070463,1643.0,1644.0,67,67301,39.9403,-75.1796,0,0,0,0,1,0,4,7,2021,2,16.0,1.0,0,1.0,3,2,,3.0,0,0.0,0,0,1,0,0,0,0,0,0,0,0,0,0,0,0,0,0
25916,2021070510,1820.0,1817.0,67,67301,40.0174,-75.1408,0,1,0,0,0,1,4,7,2021,3,14.0,1.0,0,1.0,3,2,,3.0,3,3.0,0,0,1,0,0,0,0,0,0,0,0,0,0,0,0,0,0
25917,2021070552,1710.0,1400.0,67,67301,40.0079,-75.1863,0,0,0,0,0,0,4,7,2021,7,7.0,1.0,0,99.0,3,0,,99.0,0,0.0,0,0,1,0,0,0,0,0,0,0,0,0,0,0,0,0,0
25918,2021070626,1616.0,1601.0,67,67301,39.9939,-75.0802,0,0,0,0,0,1,4,7,2021,5,16.0,1.0,2,9.0,3,2,,7.0,0,0.0,0,0,1,0,0,0,0,0,0,0,0,0,0,0,0,0,0
25919,2021070702,1746.0,1735.0,46,46113,40.2364,-75.292,0,1,0,0,0,1,4,7,2021,5,17.0,1.0,0,9.0,3,1,,7.0,3,2.0,1,0,1,0,0,0,0,0,0,0,0,0,0,0,0,0,0
25920,2021070931,33.0,30.0,40,40304,41.2474,-75.8681,0,1,0,0,0,0,4,7,2021,4,0.0,2.0,0,9.0,3,0,,7.0,0,0.0,0,0,1,0,0,0,0,0,0,0,0,0,0,0,0,0,0
25921,2021070955,1627.0,1622.0,38,38301,40.3502,-76.4231,0,0,0,0,0,0,4,7,2021,6,16.0,1.0,0,1.0,2,1,,3.0,2,3.0,0,0,1,0,0,0,0,0,0,0,0,0,0,0,0,0,0
25922,2021071013,712.0,709.0,46,46203,40.3137,-75.3484,0,0,0,0,0,0,6,7,2021,7,7.0,1.0,0,1.0,1,2,,3.0,0,0.0,1,0,0,0,0,0,0,0,0,0,0,0,0,0,0,1,0
25923,2021071061,1927.0,1927.0,67,67301,39.9658,-75.2339,0,0,0,0,0,0,4,6,2021,2,18.0,1.0,0,1.0,3,1,,3.0,2,3.0,0,0,1,0,0,0,0,0,0,0,0,0,0,0,0,0,0
25924,2021071120,1603.0,1527.0,46,46226,40.1613,-75.379,0,0,0,0,1,0,4,5,2021,4,15.0,1.0,7,1.0,1,0,,3.0,0,0.0,0,0,1,0,0,0,0,0,0,0,0,0,0,0,0,0,0
25925,2021071401,1449.0,1449.0,66,66413,39.8012,-76.9866,0,0,0,0,0,0,4,7,2021,7,14.0,1.0,0,1.0,2,1,,3.0,0,0.0,1,0,1,0,0,0,0,0,0,0,0,0,0,0,0,1,0
25926,2021071441,1306.0,1304.0,25,25302,42.1161,-80.0976,0,0,0,0,0,0,5,7,2021,7,12.0,1.0,1,1.0,3,0,,3.0,0,0.0,0,0,0,0,0,0,0,0,0,0,0,0,0,0,0,0,0
25927,2021071511,1348.0,1345.0,40,40304,41.2441,-75.8985,1,0,0,0,1,0,4,7,2021,7,13.0,1.0,0,1.0,3,2,,3.0,3,3.0,1,0,1,0,0,0,0,1,0,1,0,0,1,0,0,0,0
25928,2021071529,926.0,925.0,67,67301,39.9274,-75.1934,0,0,0,0,0,0,4,7,2021,7,9.0,1.0,0,1.0,3,2,,3.0,3,3.0,0,0,1,0,0,0,0,0,0,0,0,0,0,0,0,0,0
25929,2021071564,1202.0,1200.0,25,25213,42.0795,-80.1629,0,0,0,0,0,0,4,7,2021,6,12.0,1.0,7,1.0,3,0,,3.0,0,0.0,0,0,1,0,0,0,0,0,0,0,0,0,0,0,0,0,0
25930,2021071635,1746.0,1740.0,25,25302,42.1291,-80.0896,0,0,0,0,0,0,4,8,2021,2,17.0,1.0,0,1.0,3,1,,3.0,3,3.0,0,0,1,0,0,0,0,0,0,0,0,0,0,0,0,0,0
25931,2021071751,2013.0,2013.0,49,49301,40.7906,-76.5521,0,0,0,0,0,0,4,8,2021,2,20.0,1.0,0,1.0,2,1,,3.0,3,3.0,0,0,1,0,0,0,0,0,0,0,0,0,0,0,0,0,0
25932,2021072020,1701.0,1701.0,67,67301,39.9511,-75.1785,0,0,0,0,0,0,1,8,2021,2,16.0,1.0,0,1.0,3,1,,3.0,2,3.0,0,0,0,0,0,0,0,0,0,0,0,0,0,0,0,0,0
25933,2021072036,1818.0,1816.0,67,67301,39.9679,-75.1435,0,0,0,0,0,1,1,8,2021,2,18.0,1.0,0,1.0,3,1,,3.0,3,3.0,0,0,0,0,0,0,0,0,0,0,0,0,0,0,0,0,0
25934,2021072046,1815.0,1800.0,67,67301,39.9343,-75.1881,0,0,0,0,0,0,5,8,2021,2,17.0,1.0,0,1.0,3,0,,3.0,0,0.0,0,0,0,0,0,0,0,0,0,0,0,0,0,0,0,0,0
25935,2021072375,805.0,803.0,14,14204,40.8105,-77.8556,0,1,0,0,0,0,4,8,2021,4,8.0,1.0,0,1.0,3,2,,4.0,0,0.0,1,0,1,0,0,0,0,0,0,0,0,0,0,0,0,0,0
25936,2021072394,1642.0,1633.0,41,41219,41.2507,-76.9751,0,0,0,0,0,0,5,7,2021,6,16.0,1.0,0,1.0,1,0,,3.0,0,0.0,0,0,0,0,0,0,0,0,0,0,0,0,0,0,0,1,0
25937,2021072492,1715.0,1703.0,67,67301,39.9362,-75.1617,0,0,0,0,0,1,4,8,2021,3,16.0,1.0,7,1.0,3,0,,3.0,0,0.0,0,0,1,0,0,0,0,0,0,0,0,0,0,0,0,0,0
25938,2021072695,1240.0,1229.0,45,45215,41.107,-75.4007,0,0,0,0,0,1,1,7,2021,7,12.0,1.0,0,1.0,1,2,,3.0,3,3.0,0,0,0,0,0,0,0,0,0,0,0,0,0,0,0,0,0
25939,2021072793,553.0,549.0,23,23416,39.9151,-75.3216,0,0,0,0,0,0,8,8,2021,2,5.0,5.0,0,1.0,3,1,,3.0,3,3.0,0,0,0,0,0,0,0,0,0,0,0,0,0,0,0,0,0
25940,2021072877,2117.0,2115.0,67,67301,39.9263,-75.1845,0,0,0,0,0,0,4,8,2021,2,21.0,3.0,0,1.0,3,1,,3.0,2,3.0,1,0,1,0,0,0,0,0,0,0,0,0,0,0,0,0,0
25941,2021073098,1645.0,1641.0,46,46419,40.1831,-75.5431,0,0,0,0,0,1,1,8,2021,2,16.0,1.0,7,1.0,3,0,,3.0,0,0.0,0,0,0,0,0,0,0,0,0,0,0,0,0,0,0,0,0
25942,2021073225,1916.0,1913.0,39,39209,40.5353,-75.6509,0,0,0,0,0,0,8,7,2021,3,19.0,1.0,0,1.0,1,0,,3.0,0,0.0,1,0,0,0,0,0,0,0,0,0,0,0,0,0,0,1,0
25943,2021073229,2120.0,2117.0,39,39301,40.5828,-75.4639,0,0,0,0,0,0,4,7,2021,4,21.0,3.0,0,1.0,3,2,,3.0,3,3.0,0,0,1,0,0,0,0,0,0,0,0,0,0,0,0,0,0
25944,2021073239,1249.0,1249.0,39,39301,40.625,-75.4584,0,0,0,0,0,0,5,8,2021,6,12.0,1.0,0,1.0,3,0,,3.0,0,0.0,1,0,0,0,0,0,0,0,0,0,0,0,0,0,0,0,0
25945,2021073360,1243.0,1240.0,21,21404,40.2125,-77.0022,0,0,0,0,1,0,4,8,2021,1,12.0,1.0,0,1.0,3,2,,3.0,2,3.0,0,0,1,0,0,0,0,0,0,0,0,0,0,0,0,0,0
25946,2021073410,1842.0,1840.0,66,66220,40.1253,-76.7548,0,1,0,0,1,0,1,7,2021,5,18.0,1.0,0,1.0,1,0,,98.0,0,0.0,1,0,0,0,0,0,0,0,0,0,0,0,0,0,0,0,0
25947,2021073415,1924.0,1923.0,67,67301,39.9834,-75.1191,0,0,0,0,0,0,4,8,2021,6,19.0,1.0,0,1.0,3,1,,3.0,2,3.0,0,0,1,0,0,0,0,0,0,0,0,0,0,0,0,0,0
25948,2021073446,1223.0,1219.0,38,38301,40.3399,-76.4178,0,0,0,0,0,0,4,8,2021,6,12.0,1.0,0,1.0,2,1,,3.0,0,0.0,1,0,1,0,0,0,0,0,0,0,0,0,0,0,0,0,0
25949,2021073733,1827.0,1821.0,67,67301,39.977,-75.156,0,0,0,0,0,1,5,6,2021,3,18.0,1.0,0,1.0,3,1,,3.0,2,3.0,0,0,0,0,0,0,0,0,0,0,0,0,0,0,0,0,0
25950,2021073893,2000.0,1956.0,37,37301,40.986,-80.3361,0,1,0,0,0,0,4,8,2021,7,19.0,1.0,7,1.0,2,0,,3.0,0,0.0,0,0,1,0,0,0,0,0,0,0,0,0,0,0,0,1,0
25951,2021073897,1409.0,1406.0,22,22101,40.2788,-76.8331,0,0,0,0,0,1,4,7,2021,3,14.0,1.0,0,1.0,3,2,,3.0,3,3.0,1,0,1,0,0,0,0,0,0,0,0,0,0,0,0,0,0
25952,2021073900,1700.0,1646.0,36,36220,40.036,-76.3292,0,1,0,0,0,0,4,8,2021,4,16.0,1.0,0,1.0,3,1,,3.0,3,3.0,0,0,1,0,0,0,0,0,0,0,0,0,0,0,0,0,1
25953,2021074098,1706.0,1653.0,39,39301,40.5914,-75.491,0,0,0,0,0,0,4,8,2021,1,16.0,1.0,0,1.0,3,1,,3.0,3,3.0,0,0,1,0,0,0,0,0,0,0,0,0,0,0,0,0,0
25954,2021074438,1806.0,1805.0,40,40302,41.2057,-76.0016,0,1,0,0,0,1,4,8,2021,2,18.0,1.0,0,1.0,3,2,,3.0,3,3.0,0,0,1,0,0,0,0,0,0,0,0,0,0,0,0,0,0
25955,2021074492,1245.0,1242.0,28,28401,39.9402,-77.6586,0,0,0,0,0,0,4,8,2021,2,12.0,1.0,7,1.0,1,0,,3.0,0,0.0,0,0,1,0,0,0,0,0,0,0,0,0,0,0,0,0,0
25956,2021074517,1620.0,1617.0,46,46107,40.1092,-75.2734,0,0,0,0,0,1,4,8,2021,3,16.0,1.0,7,1.0,3,0,,3.0,0,0.0,0,0,1,0,0,0,0,0,0,0,0,0,0,0,0,1,0
25957,2021074612,1509.0,1509.0,67,67301,40.0016,-75.1528,0,0,0,0,0,0,4,8,2021,7,15.0,1.0,0,1.0,3,1,,3.0,2,3.0,0,0,1,0,0,0,0,0,0,0,0,0,0,0,0,0,0
25958,2021074621,1725.0,1708.0,67,67301,39.9422,-75.1539,0,0,0,0,0,0,4,8,2021,3,17.0,1.0,0,1.0,3,1,,3.0,2,3.0,0,0,1,0,0,0,0,0,0,0,0,0,0,0,0,1,0
25959,2021074722,1012.0,1010.0,48,48210,40.5858,-75.3646,0,0,0,0,0,0,1,7,2021,5,10.0,1.0,0,1.0,1,2,,3.0,0,0.0,0,0,0,0,0,0,0,0,0,0,0,0,0,0,0,1,0
25960,2021075199,1642.0,1642.0,6,6423,40.4988,-75.7019,0,0,0,0,0,0,4,8,2021,3,16.0,1.0,0,1.0,1,2,,3.0,0,0.0,0,0,1,0,0,0,0,0,0,0,0,0,0,0,0,1,0
25961,2021075334,1715.0,1715.0,38,38301,40.3271,-76.4263,0,0,0,0,0,1,8,8,2021,5,17.0,1.0,7,1.0,2,0,,3.0,0,0.0,0,0,0,0,0,0,0,0,0,0,0,0,0,0,0,0,0
25962,2021075347,1533.0,1533.0,67,67301,40.0577,-75.1492,0,1,0,0,0,0,5,8,2021,4,12.0,1.0,0,1.0,3,0,,3.0,0,0.0,0,0,0,0,0,0,0,0,0,0,0,0,0,0,0,0,0
25963,2021075398,1244.0,1243.0,25,25302,42.1146,-80.0859,0,0,0,0,1,0,4,8,2021,5,12.0,1.0,0,1.0,3,1,,3.0,3,3.0,1,0,1,0,0,0,0,0,0,0,0,0,1,0,0,0,0
25964,2021075401,2327.0,2325.0,67,67301,39.9247,-75.1737,0,0,0,0,0,0,4,8,2021,7,23.0,3.0,0,1.0,3,2,,3.0,2,3.0,0,1,1,0,0,0,0,0,0,0,0,0,0,0,0,0,0
25965,2021075491,1445.0,1439.0,25,25205,42.0483,-80.224,0,1,0,0,0,0,4,8,2021,5,14.0,1.0,0,1.0,1,0,,3.0,2,3.0,1,0,1,0,0,0,0,0,0,0,0,1,0,0,0,1,0
25966,2021075496,1206.0,1156.0,14,14204,40.8102,-77.8163,0,0,0,0,0,1,4,8,2021,6,11.0,1.0,0,1.0,3,1,,3.0,3,3.0,0,0,1,0,0,0,0,0,0,0,0,0,0,0,0,0,0