,CRN,ARRIVAL_TM,DISPATCH_TM,COUNTY,MUNICIPALITY,DEC_LAT,DEC_LONG,BICYCLE_DEATH_COUNT,BICYCLE_SUSP_SERIOUS_INJ_COUNT,BUS_COUNT,HEAVY_TRUCK_COUNT,SMALL_TRUCK_COUNT,SUV_COUNT,COLLISION_TYPE,CRASH_MONTH,CRASH_YEAR,DAY_OF_WEEK,HOUR_OF_DAY,ILLUMINATION,LOCATION_TYPE,ROAD_CONDITION,URBAN_RURAL,INTERSECT_TYPE,WEATHER1,WEATHER2,TCD_TYPE,TCD_FUNC_CD,AGGRESSIVE_DRIVING,ALCOHOL_RELATED,ANGLE_CRASH,CELL_PHONE,COMM_VEHICLE,DISTRACTED,DRINKING_DRIVER,DRUGGED_DRIVER,FATIGUE_ASLEEP,IMPAIRED_DRIVER,NHTSA_AGG_DRIVING,RUNNING_RED_LT,RUNNING_STOP_SIGN,SPEEDING_RELATED,TAILGATING,MATURE_DRIVER,YOUNG_DRIVER
25967,2021075967,1108.0,1104.0,67,67301,40.0318,-75.2162,0,0,0,0,0,1,4,8,2021,7,11.0,1.0,0,1.0,3,1,,3.0,3,3.0,0,0,1,0,0,0,0,0,0,0,0,0,0,0,0,0,0
25968,2021076020,1505.0,1504.0,46,46416,40.2471,-75.6378,0,0,0,0,1,0,4,8,2021,7,15.0,1.0,0,1.0,2,1,,4.0,3,3.0,0,0,1,0,0,0,0,0,0,0,0,0,0,0,0,0,0
25969,2021076057,1502.0,1501.0,67,67301,39.9428,-75.1656,0,0,0,0,0,0,4,8,2021,3,6.0,1.0,0,1.0,3,1,,3.0,2,3.0,0,0,1,0,0,0,0,0,0,0,0,0,0,0,0,0,0
25970,2021076205,1503.0,1459.0,46,46209,40.2807,-75.3892,0,0,0,0,1,0,8,8,2021,6,14.0,1.0,7,1.0,1,0,,3.0,0,0.0,1,0,0,0,0,0,0,0,0,0,0,0,0,0,0,0,1
25971,2021076223,1130.0,1115.0,25,25213,42.0797,-80.163,0,0,0,0,1,0,1,8,2021,7,10.0,1.0,0,1.0,3,0,,3.0,0,0.0,0,0,0,0,0,0,0,0,0,0,0,0,0,0,0,0,0
25972,2021076619,1854.0,1854.0,2,2429,40.5122,-80.1039,0,0,0,0,0,0,4,7,2021,2,18.0,1.0,0,1.0,3,2,,3.0,2,3.0,1,0,1,0,0,0,0,0,0,0,0,0,0,0,0,0,0
25973,2021076620,906.0,904.0,36,36407,40.1497,-76.5967,0,1,0,0,0,0,4,8,2021,1,8.0,1.0,0,1.0,2,1,,3.0,3,3.0,1,0,1,0,0,0,0,0,0,0,0,0,1,0,0,0,1
25974,2021076818,1656.0,1652.0,25,25302,42.1175,-80.0095,0,0,0,0,0,0,4,8,2021,3,16.0,1.0,0,1.0,3,0,,4.0,0,0.0,0,0,1,0,0,0,0,0,0,0,0,0,0,0,0,1,0
25975,2021076879,1415.0,1411.0,22,22301,40.2629,-76.8701,0,0,0,0,0,0,4,8,2021,7,14.0,1.0,0,1.0,3,1,,3.0,3,3.0,0,0,1,0,0,0,0,0,0,0,0,0,0,0,0,1,0
25976,2021077432,18.0,15.0,46,46416,40.2471,-75.6455,0,1,0,0,0,0,4,8,2021,5,0.0,3.0,0,9.0,2,1,,7.0,0,0.0,0,0,1,0,0,0,0,0,0,0,0,0,0,0,0,0,0
25977,2021077439,2341.0,2341.0,67,67301,39.9972,-75.1316,0,0,0,0,0,0,4,8,2021,6,23.0,3.0,0,1.0,3,1,,3.0,0,0.0,0,0,1,0,0,1,0,0,0,0,0,0,0,1,0,0,0
25978,2021077666,1535.0,1529.0,39,39301,40.586,-75.4598,0,0,0,0,0,0,4,8,2021,4,15.0,1.0,0,1.0,3,1,,3.0,2,3.0,0,0,1,0,0,0,0,0,0,0,0,0,0,0,0,0,0
25979,2021077898,1314.0,1311.0,67,67301,40.0277,-75.2285,0,0,0,0,0,0,5,8,2021,4,13.0,1.0,0,1.0,3,0,,3.0,0,0.0,1,0,0,0,0,0,0,0,0,0,1,0,0,0,0,1,0
25980,2021077994,744.0,742.0,67,67301,39.9532,-75.17,0,0,0,0,0,0,4,8,2021,5,7.0,1.0,0,1.0,3,1,,3.0,2,3.0,1,0,1,0,0,0,0,0,0,0,0,1,0,0,0,0,0
25981,2021078077,1117.0,1116.0,53,53430,40.6327,-76.3913,0,0,0,0,0,0,4,8,2021,1,11.0,1.0,0,1.0,1,1,,3.0,3,3.0,0,0,1,0,0,0,0,0,0,0,0,0,0,0,0,0,0
25982,2021078203,1741.0,1739.0,46,46101,40.1307,-75.1124,0,0,0,0,0,0,4,8,2021,5,17.0,1.0,7,1.0,3,0,,3.0,0,0.0,0,0,1,0,0,0,0,0,0,0,0,0,0,0,0,0,0
25983,2021078326,1534.0,1532.0,9,9213,40.1565,-74.8946,0,1,0,0,0,0,4,7,2021,6,15.0,1.0,7,1.0,3,0,,3.0,0,0.0,0,0,1,0,0,0,0,0,0,0,0,0,0,0,0,0,0
25984,2021078460,1701.0,1700.0,48,48301,40.6078,-75.3865,0,0,0,0,0,0,4,8,2021,6,15.0,1.0,0,1.0,3,2,,3.0,3,3.0,0,0,1,0,0,0,0,0,0,0,0,0,0,0,0,0,0
25985,2021078461,1857.0,1852.0,48,48301,40.6206,-75.3754,0,0,0,0,0,1,4,8,2021,6,18.0,4.0,0,1.0,3,1,,3.0,2,3.0,0,0,1,0,0,0,0,0,0,0,0,0,0,0,0,0,0
25986,2021078720,1755.0,1755.0,36,36404,40.0306,-76.4985,0,0,0,0,0,0,4,8,2021,6,17.0,1.0,0,1.0,3,5,,3.0,3,3.0,0,0,1,0,0,0,0,0,0,0,0,0,0,0,0,0,0
25987,2021078951,1906.0,1901.0,48,48206,40.6617,-75.4037,0,0,0,0,0,0,4,8,2021,4,19.0,1.0,7,1.0,3,0,,4.0,0,0.0,0,0,1,0,0,0,0,0,0,0,0,0,0,0,0,1,0
25988,2021079015,2150.0,2148.0,55,55221,40.0176,-79.0636,0,0,0,0,0,0,4,8,2021,1,21.0,3.0,0,1.0,1,2,,3.0,2,3.0,0,0,1,0,0,0,0,0,0,0,0,0,0,0,0,0,0
25989,2021079366,1341.0,1340.0,37,37301,40.9858,-80.3467,0,0,0,0,0,1,4,8,2021,3,13.0,1.0,0,1.0,2,1,,3.0,3,3.0,0,0,1,0,0,0,0,0,0,0,0,0,0,0,0,0,0
25990,2021079608,1510.0,1507.0,67,67301,39.9843,-75.188,0,0,0,0,0,0,5,8,2021,2,15.0,1.0,0,1.0,3,2,,3.0,2,3.0,0,0,0,0,0,0,0,0,0,0,0,0,0,0,0,0,0
25991,2021079711,338.0,335.0,67,67301,40.0538,-75.1432,0,1,0,0,0,0,4,8,2021,4,3.0,3.0,0,1.0,3,2,,3.0,0,0.0,1,0,1,0,0,0,0,0,0,0,0,0,0,0,0,0,0
25992,2021079859,1544.0,1542.0,40,40304,41.2693,-75.8384,0,0,0,0,0,0,5,8,2021,4,15.0,1.0,0,1.0,3,0,,3.0,3,3.0,0,0,0,0,0,0,0,0,0,0,0,0,0,0,0,0,0
25993,2021079867,1002.0,955.0,32,32408,40.6212,-79.1647,0,0,0,0,0,1,4,8,2021,6,9.0,1.0,0,1.0,2,1,,4.0,0,0.0,0,0,1,0,0,0,0,0,0,0,0,0,0,0,0,0,0
25994,2021080006,1110.0,1101.0,48,48204,40.6884,-75.452,0,0,0,0,0,1,5,8,2021,7,11.0,1.0,0,1.0,1,0,,3.0,0,0.0,1,0,0,0,0,0,0,0,0,0,0,0,0,0,0,1,0
25995,2021080144,1431.0,1430.0,4,4301,40.754,-80.3222,0,1,0,0,1,0,4,8,2021,4,14.0,1.0,0,1.0,3,1,,3.0,3,3.0,1,0,1,0,0,0,0,0,0,0,0,0,1,0,0,0,0
25996,2021080369,1942.0,1942.0,46,46413,40.1265,-75.3435,0,0,0,0,0,0,5,8,2021,5,19.0,4.0,0,1.0,3,3,,3.0,0,0.0,0,0,0,0,0,0,0,0,0,0,0,0,0,0,0,0,0
25997,2021080370,1700.0,1650.0,67,67301,39.9204,-75.1625,0,0,0,0,0,0,3,8,2021,5,12.0,1.0,0,1.0,3,0,,3.0,0,0.0,0,0,0,0,0,0,0,0,0,0,0,0,0,0,0,0,0
25998,2021080606,1202.0,1159.0,36,36220,40.0245,-76.3309,0,1,0,0,0,0,4,8,2021,3,11.0,1.0,0,1.0,3,1,,3.0,2,3.0,1,0,1,0,0,0,0,0,0,0,0,0,0,0,0,0,0
25999,2021080632,1657.0,1655.0,4,4301,40.7588,-80.3186,0,0,0,0,0,1,4,8,2021,6,16.0,1.0,0,98.0,3,0,,3.0,0,0.0,0,0,1,0,0,0,0,0,0,0,0,0,0,0,0,0,0
26000,2021080976,2339.0,2338.0,21,21409,40.0506,-77.5206,0,0,0,0,1,0,4,8,2021,7,23.0,3.0,0,9.0,2,1,,7.0,2,3.0,1,0,1,0,0,0,0,0,0,0,0,0,0,0,0,0,0
26001,2021081456,2021.0,2019.0,46,46107,40.1135,-75.294,0,1,0,0,0,0,4,8,2021,7,20.0,3.0,3,1.0,3,0,,3.0,0,0.0,0,0,1,0,0,0,0,0,0,0,0,0,0,0,0,1,0
26002,2021081553,1256.0,1250.0,21,21212,40.2202,-77.0521,0,1,0,0,1,0,4,8,2021,6,12.0,1.0,0,1.0,1,0,,3.0,0,0.0,0,0,1,0,0,0,0,0,0,0,0,0,0,0,0,0,0
26003,2021081719,1657.0,1657.0,67,67301,39.9356,-75.1706,0,0,0,0,0,0,5,8,2021,7,17.0,1.0,0,1.0,3,0,,3.0,0,0.0,0,0,0,0,0,0,0,0,0,0,0,0,0,0,0,0,0
26004,2021081724,956.0,954.0,23,23412,39.9439,-75.2762,0,1,0,0,1,0,5,8,2021,5,9.0,1.0,0,1.0,3,2,,3.0,0,0.0,0,0,0,0,0,0,0,0,0,0,0,0,0,0,0,0,0
26005,2021081734,1240.0,1238.0,67,67301,39.992,-75.1197,0,0,0,0,0,0,1,8,2021,1,12.0,1.0,0,1.0,3,0,,3.0,0,0.0,0,0,0,0,0,0,0,0,0,0,0,0,0,0,0,0,0
26006,2021081829,2035.0,2029.0,67,67301,39.9627,-75.1748,0,0,0,0,0,0,4,8,2021,1,20.0,3.0,0,1.0,3,1,,3.0,2,3.0,1,0,1,0,0,0,0,0,0,0,0,0,0,0,0,0,0
26007,2021081959,1600.0,1558.0,2,2301,40.4387,-79.9995,0,0,0,0,0,0,4,8,2021,3,15.0,8.0,0,9.0,3,1,,7.0,2,3.0,0,0,1,0,0,0,0,0,0,0,0,0,0,0,0,0,0
26008,2021082154,2310.0,2309.0,25,25302,42.1242,-80.0863,0,1,0,0,0,0,4,8,2021,3,23.0,3.0,0,1.0,3,1,,3.0,2,3.0,1,0,1,0,0,0,0,0,0,0,0,0,0,0,0,1,0
26009,2021082200,844.0,839.0,38,38301,40.3329,-76.4301,0,0,0,0,0,0,2,8,2021,3,8.0,1.0,0,1.0,2,1,,3.0,3,3.0,0,0,0,0,0,0,0,0,0,0,0,0,0,0,0,0,0
26010,2021082203,1016.0,1007.0,15,15240,40.004,-75.821,0,0,0,0,0,0,4,8,2021,3,10.0,1.0,0,1.0,3,1,,3.0,3,3.0,0,0,1,0,0,0,0,0,0,0,0,0,0,0,0,0,0
26011,2021082229,1621.0,1618.0,40,40414,41.2717,-75.8863,0,0,0,0,0,0,4,8,2021,4,16.0,1.0,0,1.0,3,1,,3.0,2,3.0,0,0,1,0,0,1,0,0,0,0,0,0,0,0,0,0,1
26012,2021082658,1452.0,1441.0,34,34213,40.5337,-77.3551,0,0,0,0,0,1,4,8,2021,6,14.0,1.0,0,1.0,1,0,,3.0,8,3.0,0,0,1,0,0,0,0,0,0,0,0,0,0,0,0,1,0
26013,2021082772,1809.0,1805.0,39,39103,40.6033,-75.5616,0,0,0,0,0,0,1,8,2021,3,18.0,1.0,0,1.0,1,0,,3.0,0,0.0,0,0,0,0,0,0,0,0,0,0,0,0,0,0,0,0,0
26014,2021082779,1150.0,1145.0,39,39301,40.5916,-75.4842,0,0,0,0,0,0,5,9,2021,4,11.0,1.0,3,9.0,3,0,,7.0,0,0.0,1,0,0,0,0,0,0,0,0,0,0,0,0,0,0,1,0
26015,2021082994,1704.0,1704.0,9,9411,40.3616,-74.9504,0,0,0,0,0,1,5,8,2021,2,16.0,1.0,0,1.0,1,0,,3.0,0,0.0,0,0,0,0,0,0,0,0,0,0,0,0,0,0,0,0,0
26016,2021083205,1834.0,1831.0,39,39102,40.6843,-75.5213,0,1,0,0,0,0,4,8,2021,6,18.0,1.0,0,1.0,3,1,,3.0,2,3.0,1,0,1,0,0,0,0,0,0,0,0,1,0,0,0,0,0
26017,2021083270,954.0,950.0,2,2437,40.3905,-80.0883,0,0,0,0,0,1,4,9,2021,7,9.0,1.0,0,1.0,3,2,,3.0,3,3.0,1,0,1,0,0,0,0,0,0,0,0,0,0,0,0,0,0
26018,2021083323,1032.0,1030.0,67,67301,39.9579,-75.1623,0,0,0,0,0,0,5,9,2021,7,10.0,1.0,3,1.0,3,1,,3.0,2,3.0,0,0,0,0,0,0,0,0,0,0,0,0,0,0,0,0,0
26019,2021083503,850.0,850.0,67,67301,39.9817,-75.2262,0,0,0,1,0,0,4,7,2021,3,8.0,1.0,0,1.0,3,3,,4.0,0,0.0,1,0,1,0,1,0,0,0,0,0,0,0,0,0,0,0,0
26020,2021083615,1912.0,1912.0,35,35207,41.5861,-75.4913,0,0,0,0,0,0,7,8,2021,2,19.0,1.0,0,1.0,1,0,,3.0,0,0.0,0,0,0,0,0,0,0,0,0,0,0,0,0,0,0,0,1
26021,2021083690,1352.0,1351.0,67,67301,39.9457,-75.2407,0,0,0,0,0,0,98,8,2021,5,13.0,1.0,0,1.0,3,0,,3.0,9,9.0,0,0,0,0,0,0,0,0,0,0,0,0,0,0,0,0,0
26022,2021083758,2316.0,2316.0,67,67301,39.9269,-75.1691,0,0,0,0,0,1,5,9,2021,7,21.0,3.0,0,1.0,3,1,,3.0,2,3.0,1,0,0,0,0,0,0,0,0,0,0,0,0,0,0,0,0
26023,2021083886,1311.0,1311.0,23,23106,40.0506,-75.3888,0,0,0,0,0,1,4,8,2021,6,13.0,1.0,0,1.0,3,2,,3.0,3,3.0,0,0,1,0,0,0,0,0,0,0,0,0,0,0,0,0,0
26024,2021083951,621.0,617.0,15,15101,40.0116,-75.7224,0,0,0,0,1,0,6,9,2021,3,6.0,3.0,0,1.0,3,1,,3.0,2,3.0,1,0,0,0,0,0,0,0,0,0,0,0,0,0,0,1,0
26025,2021084027,1828.0,1828.0,67,67301,39.9338,-75.1939,0,0,0,0,0,0,4,8,2021,3,18.0,1.0,0,1.0,3,2,,3.0,3,3.0,0,0,1,0,0,0,0,0,0,0,0,0,0,0,0,0,0
26026,2021084029,1208.0,1204.0,67,67301,39.9564,-75.1893,0,0,0,0,0,1,4,9,2021,3,12.0,1.0,0,1.0,3,0,,3.0,4,3.0,1,0,1,0,0,0,0,0,0,0,0,0,0,0,0,0,0
26027,2021084036,1352.0,1347.0,15,15212,40.1402,-75.5468,0,0,0,0,0,1,4,9,2021,2,13.0,1.0,0,1.0,3,1,,3.0,2,3.0,0,0,1,0,0,0,0,0,0,0,0,0,0,0,0,0,0
26028,2021084154,2004.0,2002.0,46,46413,40.1137,-75.3423,0,0,0,0,0,0,4,9,2021,2,20.0,3.0,0,1.0,3,1,,3.0,2,3.0,0,0,1,0,0,0,0,0,0,0,0,0,0,0,0,0,0
26029,2021084288,1826.0,1824.0,21,21402,40.1994,-77.201,0,1,0,0,0,1,4,9,2021,3,18.0,1.0,7,1.0,2,0,,3.0,0,0.0,0,0,1,0,0,0,0,0,0,0,0,0,0,0,0,0,1
26030,2021084325,809.0,809.0,14,14410,40.7888,-77.8484,0,0,0,0,0,0,4,9,2021,4,8.0,1.0,7,1.0,3,0,,3.0,0,0.0,0,0,1,0,0,0,0,0,0,0,0,0,0,0,0,0,0
26031,2021084749,1122.0,1114.0,22,22208,40.3111,-76.803,0,0,0,0,0,0,4,8,2021,4,11.0,1.0,7,1.0,3,2,,3.0,0,0.0,0,0,1,0,0,0,0,0,0,0,0,0,0,0,0,0,0
26032,2021084877,1439.0,1423.0,41,41207,41.1943,-76.8251,0,0,0,0,0,1,5,9,2021,6,14.0,1.0,0,1.0,1,0,,3.0,0,0.0,1,0,0,0,0,0,0,0,0,0,0,0,0,0,0,1,0
26033,2021084937,1355.0,1351.0,7,7403,40.4237,-78.3945,0,0,0,0,0,0,4,8,2021,7,13.0,1.0,0,9.0,3,1,,7.0,3,3.0,0,0,1,0,0,0,0,0,0,0,0,0,0,0,0,0,0
26034,2021084938,716.0,711.0,9,9211,40.2557,-74.873,0,0,1,0,0,0,5,9,2021,4,7.0,1.0,0,1.0,3,0,,3.0,8,3.0,0,0,0,0,1,0,0,0,0,0,0,0,0,0,0,0,0
26035,2021084939,734.0,732.0,15,15406,39.8467,-75.7046,0,0,0,0,0,0,5,9,2021,5,7.0,1.0,0,1.0,1,0,,3.0,0,0.0,0,0,0,0,0,0,0,0,0,0,0,0,0,0,0,0,0
26036,2021085153,811.0,809.0,36,36301,40.0384,-76.2949,0,0,0,0,0,0,4,9,2021,5,8.0,1.0,0,1.0,3,1,,3.0,3,3.0,0,0,1,0,0,0,0,0,0,0,0,0,0,0,0,0,0
26037,2021085344,1746.0,1733.0,66,66102,39.9378,-76.6935,0,0,0,0,0,0,5,9,2021,5,17.0,1.0,0,9.0,1,2,,7.0,2,3.0,0,0,0,0,0,0,0,0,0,0,0,0,0,0,0,0,0
26038,2021085718,240.0,227.0,67,67301,40.0363,-75.1295,0,0,0,0,0,0,4,9,2021,6,23.0,3.0,0,1.0,3,1,,3.0,3,3.0,1,0,1,0,0,0,0,0,0,0,0,0,1,0,0,0,0
26039,2021085726,2110.0,2102.0,67,67301,39.9228,-75.1481,0,0,0,0,0,0,4,9,2021,6,11.0,1.0,0,1.0,3,1,,3.0,3,3.0,1,0,1,0,0,0,0,0,0,0,0,0,1,0,0,0,0
26040,2021085733,653.0,648.0,36,36213,40.1153,-76.0412,0,1,0,0,0,0,2,8,2021,7,6.0,1.0,0,1.0,1,2,,3.0,3,3.0,1,0,0,0,0,0,0,0,0,0,0,0,0,0,0,0,0
26041,2021085809,1456.0,1450.0,35,35302,41.3975,-75.667,0,0,0,0,0,1,4,9,2021,1,14.0,1.0,0,1.0,3,1,,3.0,2,3.0,0,0,1,0,0,0,0,0,0,0,0,0,0,0,0,0,0
26042,2021085822,1830.0,1810.0,67,67301,39.9293,-75.1686,0,0,0,0,0,0,4,9,2021,3,17.0,1.0,0,1.0,3,1,,3.0,2,3.0,1,0,1,0,0,0,0,0,0,0,0,0,0,0,0,0,0
26043,2021086080,2154.0,2145.0,28,28212,39.9154,-77.7813,0,0,0,0,0,0,8,8,2021,7,21.0,2.0,0,9.0,1,0,,3.0,0,0.0,0,0,0,0,0,0,0,0,0,0,0,0,0,0,0,0,0
26044,2021086125,1302.0,1259.0,45,45404,40.9839,-75.1993,0,0,0,0,0,0,4,7,2021,6,12.0,1.0,0,1.0,2,2,,3.0,3,3.0,1,0,1,0,0,0,0,0,0,0,0,0,0,0,0,0,1
26045,2021086337,1203.0,1158.0,67,67301,39.9893,-75.1547,0,0,0,0,0,0,2,9,2021,2,11.0,1.0,0,1.0,3,0,,3.0,0,0.0,0,0,0,0,0,0,0,0,0,0,0,0,0,0,0,1,0
26046,2021086506,1700.0,1654.0,35,35302,41.4032,-75.6801,0,0,0,0,0,0,4,9,2021,3,16.0,1.0,0,1.0,3,1,,3.0,0,0.0,0,0,1,0,0,0,0,0,0,0,0,0,0,0,0,1,0
26047,2021086650,2040.0,2030.0,25,25302,42.0923,-80.0841,1,0,0,0,0,2,2,9,2021,3,20.0,2.0,0,1.0,3,2,,3.0,0,0.0,1,0,0,0,0,0,0,0,0,0,0,0,0,0,1,1,0
26048,2021086684,1737.0,1735.0,39,39402,40.6511,-75.4636,0,1,0,0,0,0,4,9,2021,5,17.0,1.0,0,1.0,3,1,,3.0,3,3.0,1,0,1,0,0,0,0,0,0,0,0,0,0,0,0,0,0
26049,2021086701,1040.0,1031.0,67,67301,39.963,-75.1612,0,0,0,0,0,1,5,9,2021,3,10.0,1.0,0,1.0,3,0,,3.0,0,0.0,0,0,0,0,0,0,0,0,0,0,0,0,0,0,0,0,0
26050,2021086750,1023.0,1020.0,67,67301,40.0556,-75.0085,0,0,0,0,0,0,5,9,2021,2,10.0,1.0,0,1.0,3,0,,3.0,0,0.0,0,0,0,0,0,0,0,0,0,0,0,0,0,0,0,0,0
26051,2021086769,1213.0,1209.0,9,9226,40.186,-75.0634,0,0,0,0,0,0,4,9,2021,4,12.0,1.0,7,1.0,3,0,,3.0,0,0.0,0,0,1,0,0,0,0,0,0,0,0,0,0,0,0,0,0
26052,2021086822,1837.0,1831.0,61,61214,41.8461,-79.0566,0,0,0,0,0,0,6,9,2021,1,18.0,1.0,0,1.0,1,0,,3.0,0,0.0,0,0,0,0,0,0,0,0,0,0,0,0,0,0,0,0,0
26053,2021086830,1130.0,1123.0,21,21207,40.1818,-77.1026,0,1,0,0,0,0,4,9,2021,4,11.0,1.0,0,1.0,1,1,,3.0,0,0.0,1,0,1,0,0,0,0,0,0,0,0,0,0,0,0,1,0
26054,2021086917,1655.0,1650.0,39,39102,40.6856,-75.5162,0,1,0,0,0,1,4,9,2021,7,16.0,1.0,0,1.0,3,2,,3.0,0,0.0,1,0,1,0,0,0,0,0,0,0,0,0,0,0,0,0,0
26055,2021086947,1400.0,1358.0,23,23412,39.9449,-75.2752,0,0,0,0,0,0,4,9,2021,4,13.0,1.0,0,1.0,3,1,,3.0,2,3.0,0,0,1,0,0,0,0,0,0,0,0,0,0,0,0,1,0
26056,2021087558,1125.0,1118.0,14,14410,40.7945,-77.8692,0,0,0,0,0,0,4,9,2021,6,11.0,1.0,0,1.0,3,2,,3.0,2,3.0,1,0,1,0,0,0,0,0,0,0,0,1,0,0,0,0,0
26057,2021087577,1705.0,1704.0,67,67301,39.9491,-75.2122,0,0,0,0,0,1,4,9,2021,6,16.0,1.0,0,1.0,3,3,,3.0,0,0.0,1,0,1,0,0,0,0,0,0,0,0,0,0,0,0,0,0
26058,2021087614,2318.0,2309.0,41,41219,41.2624,-76.9469,0,0,0,0,0,1,8,8,2021,7,23.0,3.0,0,1.0,1,2,,3.0,0,0.0,0,0,0,0,0,0,0,0,0,0,0,0,0,0,0,1,0
26059,2021087738,1010.0,1005.0,67,67301,40.0048,-75.1778,0,0,0,0,0,0,4,9,2021,3,8.0,1.0,7,1.0,3,0,,3.0,0,0.0,0,0,1,0,0,0,0,0,0,0,0,0,0,0,0,0,0
26060,2021087834,2015.0,2010.0,67,67301,39.9548,-75.1831,0,0,0,0,0,0,5,9,2021,6,17.0,1.0,0,1.0,3,0,,3.0,0,0.0,1,0,0,0,0,0,0,0,0,0,0,0,0,0,0,0,0
26061,2021088084,1943.0,1940.0,2,2421,40.4283,-80.0755,0,0,0,0,0,1,4,9,2021,7,19.0,3.0,0,1.0,3,1,,3.0,3,3.0,0,0,1,0,0,0,0,0,0,0,0,0,0,0,0,0,0
26062,2021088139,1500.0,1455.0,46,46103,40.2529,-75.2726,0,0,0,0,0,0,4,9,2021,7,14.0,1.0,7,1.0,3,0,,3.0,0,0.0,1,0,1,0,0,1,0,0,0,0,0,0,0,0,0,0,0
26063,2021088199,909.0,851.0,38,38204,40.2996,-76.3052,0,0,0,0,0,0,4,8,2021,4,8.0,1.0,0,1.0,1,0,,3.0,0,0.0,0,0,1,0,0,0,0,0,0,0,0,0,0,0,0,0,0
26064,2021088333,758.0,755.0,10,10301,40.8635,-79.8969,1,0,0,0,0,1,4,9,2021,4,7.0,1.0,0,1.0,2,1,,3.0,0,0.0,1,0,1,0,0,0,0,0,0,0,0,0,1,0,0,0,0
26065,2021088455,647.0,647.0,46,46104,40.023,-75.3151,0,0,0,0,1,0,4,9,2021,4,6.0,5.0,0,9.0,3,1,,7.0,2,3.0,0,0,1,0,0,0,0,0,0,0,0,0,0,0,0,0,0
26066,2021088518,2037.0,2035.0,9,9216,40.2215,-74.94,0,0,0,0,0,1,4,9,2021,1,20.0,4.0,0,1.0,3,2,,3.0,0,0.0,0,0,1,0,0,1,0,0,0,0,0,0,0,0,0,0,0
26067,2021088643,1825.0,1818.0,38,38301,40.3453,-76.4114,0,0,0,0,0,1,4,9,2021,2,18.0,1.0,0,1.0,2,1,,3.0,3,3.0,0,0,1,0,0,0,0,0,0,0,0,0,0,0,0,0,0
26068,2021088754,1624.0,1622.0,46,46216,40.2524,-75.3318,0,0,0,0,0,1,4,9,2021,7,16.0,1.0,0,1.0,1,2,,3.0,3,3.0,1,0,1,0,0,0,0,0,0,0,0,0,0,0,0,0,0
26069,2021088841,846.0,843.0,25,25302,42.1124,-80.1114,0,1,0,0,0,0,4,9,2021,5,8.0,1.0,0,1.0,3,2,,3.0,2,3.0,0,0,1,0,0,0,0,0,0,0,0,0,0,0,0,0,0
26070,2021088874,1652.0,1644.0,7,7406,40.338,-78.3916,0,1,0,0,0,1,2,9,2021,4,16.0,1.0,0,9.0,1,2,,7.0,2,3.0,0,0,0,0,0,0,0,0,0,0,0,0,0,0,0,0,0
26071,2021089007,1630.0,1626.0,25,25302,42.1135,-80.1219,0,0,0,0,0,0,4,9,2021,3,16.0,1.0,0,1.0,3,1,,3.0,2,3.0,1,0,1,0,0,0,0,0,0,0,0,0,0,0,0,1,0
26072,2021089153,532.0,531.0,43,43302,41.2329,-80.5051,0,0,0,1,0,0,2,9,2021,3,5.0,3.0,0,9.0,3,1,,7.0,2,3.0,0,0,0,0,1,0,0,0,0,0,0,0,0,0,0,0,0
26073,2021089176,1049.0,1046.0,9,9403,40.322,-75.1307,0,0,0,0,0,1,4,9,2021,3,10.0,1.0,0,1.0,3,1,,3.0,2,3.0,1,0,1,0,0,0,0,0,0,0,0,0,0,0,0,1,0
26074,2021089261,1037.0,1037.0,14,14410,40.7882,-77.8562,0,0,0,0,0,1,4,9,2021,4,10.0,1.0,0,9.0,3,1,,7.0,3,3.0,0,0,1,0,0,0,0,0,0,0,0,0,0,0,0,0,0
26075,2021089414,1803.0,1751.0,67,67301,40.0417,-75.1062,0,0,0,0,0,1,4,9,2021,4,17.0,1.0,7,1.0,3,0,,3.0,0,0.0,0,0,1,0,0,0,0,0,0,0,0,0,0,0,0,0,0
26076,2021089724,1732.0,1824.0,8,8228,41.7424,-76.4488,0,0,0,0,0,1,4,9,2021,3,15.0,1.0,7,1.0,1,0,,3.0,0,0.0,0,0,1,0,0,0,0,0,0,0,0,0,0,0,0,0,0
26077,2021089783,1700.0,1650.0,2,2301,40.4265,-79.9732,0,0,0,0,0,1,4,9,2021,5,16.0,1.0,0,1.0,3,1,,3.0,3,3.0,1,0,1,0,0,0,0,0,0,0,0,0,1,0,0,0,0
26078,2021090040,648.0,647.0,48,48418,40.6895,-75.2391,0,0,0,0,0,0,4,9,2021,6,6.0,5.0,0,1.0,3,2,,3.0,3,3.0,1,0,1,0,0,0,0,0,0,0,0,0,0,0,0,0,0
26079,2021090079,914.0,913.0,67,67301,40.0412,-75.1578,0,0,0,0,0,1,5,9,2021,4,9.0,1.0,0,1.0,3,0,,3.0,0,0.0,0,0,0,0,0,0,0,0,1,0,0,0,0,0,0,0,0
26080,2021090228,847.0,844.0,67,67301,39.9517,-75.1642,0,0,0,0,0,0,5,9,2021,6,8.0,1.0,0,1.0,3,0,,3.0,0,0.0,0,0,0,0,0,0,0,0,0,0,0,0,0,0,0,0,0