,CRN,ARRIVAL_TM,DISPATCH_TM,COUNTY,MUNICIPALITY,DEC_LAT,DEC_LONG,BICYCLE_DEATH_COUNT,BICYCLE_SUSP_SERIOUS_INJ_COUNT,BUS_COUNT,HEAVY_TRUCK_COUNT,SMALL_TRUCK_COUNT,SUV_COUNT,COLLISION_TYPE,CRASH_MONTH,CRASH_YEAR,DAY_OF_WEEK,HOUR_OF_DAY,ILLUMINATION,LOCATION_TYPE,ROAD_CONDITION,URBAN_RURAL,INTERSECT_TYPE,WEATHER1,WEATHER2,TCD_TYPE,TCD_FUNC_CD,AGGRESSIVE_DRIVING,ALCOHOL_RELATED,ANGLE_CRASH,CELL_PHONE,COMM_VEHICLE,DISTRACTED,DRINKING_DRIVER,DRUGGED_DRIVER,FATIGUE_ASLEEP,IMPAIRED_DRIVER,NHTSA_AGG_DRIVING,RUNNING_RED_LT,RUNNING_STOP_SIGN,SPEEDING_RELATED,TAILGATING,MATURE_DRIVER,YOUNG_DRIVER
26081,2021090525,1531.0,1524.0,36,36101,40.0595,-76.2873,0,0,0,0,0,0,4,9,2021,6,15.0,1.0,0,1.0,3,2,,3.0,3,3.0,0,0,1,0,0,0,0,0,0,0,0,0,0,0,0,0,0
26082,2021090915,1225.0,1218.0,38,38301,40.3454,-76.4199,0,0,0,0,0,0,4,9,2021,7,12.0,1.0,0,1.0,2,1,,3.0,0,0.0,0,0,1,0,0,0,0,0,0,0,0,0,0,0,0,1,0
26083,2021091157,1815.0,1810.0,25,25302,42.1008,-80.0796,0,0,0,0,0,0,4,9,2021,2,16.0,1.0,0,1.0,3,2,,3.0,3,3.0,0,0,1,0,0,0,0,0,0,0,0,0,0,0,0,0,0
26084,2021091506,1845.0,1835.0,67,67301,39.9692,-75.2065,0,0,0,0,0,0,5,9,2021,1,18.0,1.0,0,1.0,3,0,,3.0,0,0.0,0,0,0,0,0,0,0,0,0,0,0,0,0,0,0,0,0
26085,2021091785,1927.0,1926.0,48,48301,40.6265,-75.3668,0,0,0,0,0,1,4,9,2021,4,19.0,3.0,0,1.0,3,1,,3.0,3,3.0,0,0,1,0,0,0,0,0,0,0,0,0,0,0,0,0,0
26086,2021091790,2106.0,2102.0,66,66227,39.9837,-76.7204,0,1,0,0,0,0,1,9,2021,2,21.0,2.0,0,1.0,3,0,,3.0,0,0.0,0,0,0,0,0,0,0,0,0,0,0,0,0,0,0,0,0
26087,2021091824,549.0,535.0,67,67301,40.0595,-75.0805,1,0,0,0,0,0,8,9,2021,5,5.0,3.0,0,9.0,3,1,,7.0,2,3.0,0,0,0,0,0,1,0,0,0,0,0,0,0,0,0,0,1
26088,2021091889,750.0,741.0,67,67301,39.9546,-75.226,0,0,0,0,0,2,4,9,2021,4,7.0,1.0,0,1.0,3,1,,3.0,2,3.0,0,0,1,0,0,0,0,0,0,0,0,0,0,0,0,0,0
26089,2021091987,1151.0,1143.0,2,2119,40.3832,-80.1937,0,0,0,0,0,0,4,9,2021,1,11.0,1.0,99,1.0,1,2,,3.0,0,0.0,0,0,1,0,0,0,0,0,0,0,0,0,0,0,0,0,0
26090,2021091988,1459.0,1455.0,14,14410,40.7901,-77.8541,0,1,0,0,0,1,4,9,2021,4,14.0,1.0,0,1.0,3,1,,3.0,0,0.0,1,0,1,0,0,0,0,0,0,0,0,0,0,0,0,0,0
26091,2021092231,1812.0,1811.0,18,18301,41.1337,-77.4332,0,0,0,0,1,0,4,9,2021,6,18.0,1.0,0,1.0,2,0,,3.0,0,0.0,0,0,1,0,0,0,0,0,0,0,0,0,0,0,0,0,0
26092,2021092252,1113.0,1110.0,40,40414,41.2607,-75.8864,0,0,0,0,0,0,4,9,2021,5,11.0,1.0,0,8.0,3,1,,7.0,2,3.0,0,0,1,0,0,0,0,0,0,0,0,0,0,0,0,0,0
26093,2021092310,1818.0,1816.0,67,67301,39.9693,-75.1846,0,0,0,0,0,0,4,9,2021,4,6.0,5.0,0,1.0,3,1,,3.0,2,3.0,1,0,1,0,0,0,0,0,0,0,0,1,0,0,0,0,0
26094,2021092319,1422.0,1419.0,7,7301,40.5157,-78.4028,0,0,0,0,0,1,8,9,2021,7,14.0,1.0,0,1.0,3,1,,3.0,2,3.0,0,0,0,0,0,0,0,0,0,0,0,0,0,0,0,1,0
26095,2021092321,1654.0,1648.0,9,9204,40.3523,-75.0959,0,0,0,0,0,0,4,9,2021,6,16.0,1.0,0,1.0,1,0,,3.0,0,0.0,0,0,1,0,0,0,0,0,0,0,0,0,0,0,0,0,0
26096,2021092404,1302.0,1258.0,67,67301,39.9553,-75.1871,0,0,0,1,0,0,4,9,2021,5,12.0,1.0,0,1.0,3,2,,3.0,2,3.0,1,0,1,0,1,0,0,0,0,0,0,0,0,0,0,0,0
26097,2021092421,1534.0,1530.0,64,64305,40.5573,-79.7598,0,0,0,0,0,0,4,9,2021,5,15.0,1.0,0,1.0,3,1,,3.0,2,3.0,0,0,1,0,0,0,0,0,0,0,0,0,0,0,0,0,0
26098,2021092474,1128.0,1126.0,46,46103,40.2611,-75.2692,0,0,0,0,0,0,5,9,2021,1,2.0,3.0,0,1.0,3,0,,3.0,0,0.0,1,0,0,0,0,0,0,0,0,0,0,0,0,0,0,0,0
26099,2021092638,1240.0,1240.0,2,2301,40.4376,-79.9137,0,0,0,0,0,0,2,9,2021,5,12.0,1.0,0,1.0,3,2,,3.0,0,0.0,0,0,0,0,0,1,0,0,0,0,0,0,0,0,0,0,0
26100,2021092646,729.0,729.0,23,23411,39.9014,-75.3003,0,0,0,0,1,0,2,10,2021,6,7.0,1.0,0,1.0,3,2,,3.0,3,3.0,0,0,0,0,0,1,0,0,0,0,0,0,0,0,0,0,0
26101,2021092688,854.0,854.0,67,67301,39.9919,-75.1632,0,0,0,0,0,1,4,10,2021,6,8.0,1.0,0,1.0,3,1,,3.0,3,3.0,0,0,1,0,0,0,0,0,0,0,0,0,0,0,0,1,0
26102,2021092837,1000.0,958.0,40,40104,41.2357,-75.8641,0,1,0,0,0,0,2,9,2021,5,9.0,1.0,0,1.0,3,0,,3.0,2,3.0,0,0,0,0,0,0,0,0,0,0,0,0,0,0,0,1,0
26103,2021093015,813.0,812.0,67,67301,39.957,-75.1692,0,0,0,0,0,0,4,9,2021,6,8.0,1.0,0,1.0,3,5,,3.0,2,3.0,0,0,1,0,0,0,0,0,0,0,0,0,0,0,0,0,0
26104,2021093017,905.0,902.0,67,67301,39.9579,-75.1641,0,0,0,0,0,0,5,9,2021,5,9.0,1.0,8,1.0,3,1,,3.0,2,3.0,0,0,0,0,0,0,0,0,0,0,0,0,0,0,0,0,0
26105,2021093205,1400.0,1400.0,67,67301,39.9505,-75.1489,0,0,0,0,0,0,4,9,2021,5,11.0,1.0,0,1.0,3,1,,3.0,2,3.0,0,0,1,0,0,0,0,0,0,0,0,0,0,0,0,0,0
26106,2021093680,1720.0,1720.0,67,67301,40.0779,-75.0235,0,1,0,0,0,0,4,10,2021,7,17.0,1.0,0,1.0,3,0,,3.0,0,0.0,0,0,1,0,0,0,0,0,0,0,0,0,0,0,0,0,0
26107,2021093735,1704.0,1701.0,39,39301,40.6056,-75.4989,0,0,0,0,0,0,4,9,2021,5,17.0,1.0,0,1.0,3,1,,3.0,0,0.0,0,0,1,0,0,0,0,0,0,0,0,0,0,0,0,0,0
26108,2021093758,1558.0,1553.0,48,48301,40.6586,-75.3546,0,0,0,0,0,1,5,9,2021,3,15.0,1.0,0,1.0,3,1,,3.0,2,3.0,1,0,0,0,0,0,0,0,0,0,0,0,0,0,0,1,0
26109,2021093900,1620.0,1617.0,21,21402,40.2046,-77.1886,0,0,0,0,1,0,5,9,2021,4,16.0,1.0,0,1.0,2,1,,3.0,2,3.0,0,0,0,0,0,0,0,0,0,0,0,0,0,0,0,0,0
26110,2021093907,2050.0,2050.0,38,38301,40.3464,-76.4271,0,0,0,0,1,0,4,10,2021,2,20.0,3.0,0,1.0,2,1,,3.0,0,0.0,0,1,1,0,0,1,0,0,0,0,0,0,0,0,0,1,0
26111,2021093968,1722.0,1711.0,9,9208,40.1716,-74.8121,0,0,0,0,1,0,4,10,2021,2,17.0,1.0,2,1.0,3,6,,3.0,3,3.0,1,0,1,0,0,0,0,0,0,0,0,0,0,0,0,0,0
26112,2021094030,1703.0,1700.0,36,36301,40.0414,-76.2876,0,0,0,0,0,1,4,9,2021,4,17.0,1.0,0,1.0,3,1,,3.0,2,3.0,0,0,1,0,0,1,0,0,0,0,0,0,0,0,0,0,0
26113,2021094144,1635.0,1632.0,9,9227,40.2211,-75.1398,0,0,0,0,0,1,5,10,2021,3,16.0,1.0,0,1.0,3,1,,3.0,2,3.0,0,0,0,0,0,0,0,0,0,0,0,0,0,0,0,0,0
26114,2021094212,908.0,908.0,67,67301,39.9504,-75.1926,0,0,0,0,0,0,4,9,2021,6,3.0,3.0,0,1.0,3,1,,3.0,2,3.0,1,0,1,0,0,0,0,0,0,0,0,0,0,0,0,0,0
26115,2021094309,2129.0,2129.0,21,21211,40.0571,-77.5207,0,0,0,0,0,0,4,10,2021,2,21.0,3.0,0,1.0,1,0,,3.0,8,3.0,0,0,1,0,0,1,0,0,0,0,0,0,0,0,0,0,0
26116,2021094535,1835.0,1826.0,21,21203,40.1474,-77.5721,0,1,0,0,0,1,8,9,2021,2,18.0,1.0,0,1.0,1,0,,3.0,3,3.0,0,0,0,0,0,0,0,0,0,0,0,0,0,0,0,0,0
26117,2021094555,1009.0,959.0,53,53218,40.6327,-76.1248,0,0,0,0,0,1,4,9,2021,1,9.0,1.0,0,1.0,1,3,,3.0,0,0.0,1,0,1,0,0,0,0,0,0,0,0,0,0,0,0,0,0
26118,2021094657,1641.0,1639.0,21,21404,40.2058,-77.0131,0,0,0,0,0,0,2,9,2021,4,16.0,1.0,0,1.0,3,1,,3.0,0,0.0,0,0,0,0,0,0,0,0,0,0,0,0,0,0,0,0,0
26119,2021094680,1640.0,1635.0,36,36301,40.044,-76.2941,0,0,0,0,0,0,4,10,2021,7,16.0,1.0,0,1.0,3,1,,3.0,3,3.0,0,0,1,0,0,0,0,0,0,0,0,0,0,0,0,0,0
26120,2021094735,1317.0,1314.0,6,6404,40.2645,-75.8132,0,0,0,0,0,1,4,9,2021,7,12.0,1.0,0,1.0,3,2,,3.0,0,0.0,0,0,1,0,0,0,0,0,0,0,0,0,0,0,0,0,0
26121,2021094850,1120.0,1115.0,25,25302,42.13,-80.0637,0,0,0,0,0,0,4,10,2021,5,11.0,1.0,0,1.0,3,1,,3.0,2,3.0,0,0,1,0,0,1,0,0,0,0,0,0,0,0,0,0,0
26122,2021094865,1416.0,1412.0,46,46210,40.3302,-75.455,0,1,0,0,0,0,4,9,2021,4,14.0,1.0,0,1.0,1,0,,3.0,0,0.0,0,0,1,0,0,0,0,0,0,0,0,0,0,0,0,0,0
26123,2021094981,1803.0,1753.0,66,66211,39.8263,-76.9332,0,0,0,0,0,1,5,8,2021,5,17.0,1.0,0,1.0,1,0,,3.0,0,0.0,1,0,0,0,0,0,0,0,0,0,0,0,0,0,0,0,0
26124,2021095017,1834.0,1829.0,36,36413,40.1091,-76.4933,0,0,0,0,0,0,4,9,2021,7,18.0,1.0,7,1.0,2,1,,3.0,0,0.0,1,0,1,0,0,0,0,0,0,0,0,0,0,0,0,0,1
26125,2021095178,1626.0,1616.0,2,2301,40.4633,-79.9226,0,0,0,0,0,1,5,10,2021,5,16.0,1.0,0,1.0,3,1,,3.0,3,3.0,0,0,0,0,0,0,0,0,0,0,0,0,0,0,0,0,0
26126,2021095447,1628.0,1625.0,67,67301,39.96,-75.2371,0,0,0,0,0,1,4,9,2021,4,16.0,1.0,0,1.0,3,1,,3.0,2,3.0,0,0,1,0,0,1,0,0,0,0,0,0,0,0,0,1,0
26127,2021095579,1708.0,1705.0,46,46413,40.1176,-75.3542,0,0,0,0,0,0,4,10,2021,6,17.0,1.0,0,1.0,3,0,,3.0,0,0.0,0,0,1,0,0,0,0,0,0,0,0,0,0,0,0,0,0
26128,2021095670,1701.0,1630.0,43,43219,41.1603,-80.0366,0,0,0,0,0,0,7,10,2021,1,16.0,1.0,0,9.0,1,0,,7.0,0,0.0,1,0,0,0,0,0,0,0,0,0,0,0,0,1,0,0,1
26129,2021095961,1700.0,1655.0,67,67301,39.9287,-75.23,0,1,0,0,0,0,4,10,2021,6,16.0,1.0,0,1.0,3,0,,3.0,0,0.0,0,0,1,0,0,0,0,0,0,0,0,0,0,0,0,0,0
26130,2021096001,1826.0,1822.0,7,7301,40.5053,-78.411,0,0,0,0,0,1,4,9,2021,3,18.0,1.0,0,1.0,3,1,,3.0,3,3.0,0,0,1,0,0,0,0,0,0,0,0,0,0,0,0,0,0
26131,2021096080,1635.0,1622.0,66,66205,39.9837,-76.8227,0,0,0,0,1,0,4,9,2021,5,16.0,1.0,0,1.0,1,1,,3.0,2,3.0,0,0,1,0,0,0,0,0,0,0,0,0,0,0,0,1,0
26132,2021096343,1912.0,1908.0,67,67301,39.9547,-75.1944,0,1,0,0,0,0,4,10,2021,4,19.0,3.0,0,1.0,3,1,,3.0,2,3.0,0,0,1,0,0,0,0,0,0,0,0,0,0,0,0,0,0
26133,2021096392,1755.0,1746.0,67,67301,40.0723,-75.0765,0,0,0,0,0,0,4,10,2021,6,17.0,1.0,0,1.0,3,2,,3.0,0,0.0,0,0,1,0,0,0,0,0,0,0,0,0,0,0,0,0,0
26134,2021096394,1745.0,1744.0,67,67301,40.0263,-75.0969,1,0,0,0,1,0,4,10,2021,3,17.0,3.0,6,1.0,3,2,,3.0,2,3.0,0,0,1,0,0,0,0,0,0,0,0,0,0,0,0,0,0
26135,2021096408,1910.0,1856.0,64,64408,40.4187,-79.6275,0,1,0,0,0,0,8,8,2021,5,18.0,1.0,0,1.0,3,0,,3.0,0,0.0,0,1,0,0,0,0,1,1,0,1,0,0,0,0,0,0,0
26136,2021096549,2030.0,2017.0,67,67301,40.0504,-75.0515,0,0,0,0,0,1,4,10,2021,5,20.0,4.0,0,1.0,3,2,,3.0,3,3.0,1,0,1,0,0,0,0,0,0,0,0,0,0,0,0,0,0
26137,2021096721,2349.0,2349.0,41,41301,41.2367,-77.0198,0,0,0,0,0,1,4,9,2021,3,23.0,3.0,0,1.0,3,1,,3.0,3,3.0,1,0,1,0,0,0,0,0,0,0,0,0,0,0,0,1,0
26138,2021096959,2132.0,2126.0,5,5226,40.02,-78.3357,1,0,0,0,0,1,1,9,2021,6,21.0,2.0,0,1.0,1,0,,4.0,0,0.0,0,0,0,0,0,0,0,0,0,0,0,0,0,0,0,0,0
26139,2021097159,2308.0,2307.0,67,67301,39.9194,-75.1605,0,1,0,0,0,0,4,10,2021,2,23.0,3.0,0,1.0,3,1,,3.0,3,3.0,1,0,1,0,0,0,0,0,0,0,0,0,1,0,0,0,0
26140,2021097227,1741.0,1737.0,7,7301,40.5079,-78.4002,0,0,0,0,0,0,4,9,2021,3,17.0,1.0,0,1.0,3,1,,3.0,2,3.0,0,0,1,0,0,0,0,0,0,0,0,0,0,0,0,0,0
26141,2021097585,1909.0,1855.0,36,36239,40.0364,-76.4552,0,0,0,0,0,1,4,10,2021,1,18.0,3.0,0,1.0,3,1,,3.0,2,3.0,0,0,1,0,0,1,0,0,0,0,0,0,0,0,0,0,0
26142,2021097750,1207.0,1206.0,67,67301,39.9962,-75.1723,0,0,0,0,0,0,4,10,2021,5,17.0,1.0,0,1.0,3,1,,3.0,2,3.0,1,0,1,0,0,0,0,0,0,0,0,0,0,0,0,0,0
26143,2021097985,1830.0,1828.0,39,39102,40.6594,-75.4858,0,0,0,0,0,1,4,10,2021,7,18.0,4.0,0,1.0,3,2,,3.0,3,3.0,1,0,1,0,0,0,0,0,0,0,0,0,0,0,0,0,0
26144,2021098008,815.0,812.0,67,67301,39.9696,-75.1407,0,0,0,0,0,0,4,10,2021,5,8.0,1.0,0,1.0,3,1,,3.0,0,0.0,1,0,1,0,0,0,0,0,0,0,0,0,0,0,0,0,0
26145,2021098178,1906.0,1904.0,21,21403,40.2418,-76.908,0,0,0,0,0,0,4,10,2021,6,19.0,3.0,0,1.0,3,1,,3.0,2,3.0,1,0,1,0,0,0,0,0,0,0,0,0,0,0,0,0,0
26146,2021098313,1742.0,1742.0,67,67301,39.9861,-75.1422,0,0,0,0,0,0,4,10,2021,6,17.0,1.0,0,1.0,3,1,,3.0,3,3.0,0,0,1,0,0,0,0,0,0,0,0,0,0,0,0,0,0
26147,2021098323,1736.0,1735.0,67,67301,40.0455,-75.1649,0,0,0,0,0,1,4,10,2021,6,17.0,1.0,0,1.0,3,1,,3.0,2,3.0,0,0,1,0,0,0,0,0,0,0,0,0,0,0,0,0,0
26148,2021098340,2100.0,2058.0,15,15411,40.1323,-75.5216,0,0,0,0,0,0,6,10,2021,6,20.0,3.0,0,1.0,3,2,,3.0,2,3.0,0,0,0,0,0,0,0,0,0,0,0,0,0,0,0,0,0
26149,2021098361,1853.0,1849.0,41,41301,41.2474,-76.9951,0,1,0,0,0,0,1,9,2021,1,18.0,1.0,0,1.0,3,0,,98.0,0,0.0,0,0,0,0,0,0,0,0,0,0,0,0,0,0,0,0,0
26150,2021098396,900.0,847.0,67,67301,39.9253,-75.1673,0,0,0,0,0,1,4,10,2021,2,7.0,1.0,0,1.0,3,1,,4.0,3,3.0,1,0,1,0,0,0,0,0,0,0,0,0,0,0,0,0,0
26151,2021098411,1225.0,1219.0,22,22103,40.2024,-76.7715,0,1,0,0,0,0,4,10,2021,6,12.0,1.0,0,1.0,3,1,,3.0,2,3.0,1,1,1,0,1,1,1,1,0,1,0,0,0,0,0,0,0
26152,2021098748,1432.0,1432.0,38,38301,40.3407,-76.429,0,0,0,0,0,0,4,10,2021,1,14.0,1.0,0,1.0,2,0,,4.0,0,0.0,0,0,1,0,0,0,0,0,0,0,0,0,0,0,0,1,0
26153,2021099044,2150.0,2148.0,8,8215,41.7864,-76.4534,0,0,0,0,1,0,4,10,2021,7,21.0,2.0,0,1.0,1,2,,3.0,0,0.0,0,0,1,0,0,1,0,0,0,0,0,0,0,0,0,0,0
26154,2021099122,1656.0,1655.0,67,67301,39.9155,-75.1815,0,0,0,0,0,0,4,10,2021,1,16.0,1.0,0,1.0,3,0,,3.0,0,0.0,0,0,1,0,0,0,0,0,0,0,0,0,0,0,0,0,0
26155,2021099128,901.0,856.0,25,25213,42.0777,-80.1941,0,1,0,0,0,0,4,10,2021,5,8.0,1.0,0,1.0,3,2,,3.0,0,0.0,1,0,1,0,0,0,0,0,0,0,0,0,0,0,0,1,0
26156,2021099346,1337.0,1337.0,66,66413,39.8117,-76.9774,0,0,0,0,1,0,4,10,2021,6,13.0,1.0,0,1.0,2,1,,3.0,3,3.0,0,0,1,0,0,0,0,0,0,0,0,0,0,0,0,0,0
26157,2021099369,1650.0,1644.0,14,14204,40.8102,-77.8621,0,0,0,0,0,0,4,10,2021,2,16.0,1.0,0,1.0,3,1,,3.0,2,3.0,1,0,1,0,0,0,0,0,0,0,1,0,0,1,0,0,1
26158,2021099392,1730.0,1722.0,14,14410,40.7892,-77.8689,0,0,0,0,0,1,5,10,2021,2,17.0,1.0,0,1.0,3,0,,3.0,0,0.0,1,0,0,0,0,0,0,0,0,0,0,0,0,0,0,0,0
26159,2021099430,1748.0,1746.0,46,46104,40.0077,-75.2739,0,1,0,0,0,1,4,10,2021,5,17.0,1.0,0,1.0,3,2,,3.0,0,0.0,0,0,1,0,0,0,0,0,0,0,0,0,0,0,0,0,0
26160,2021099450,1236.0,1220.0,14,14406,40.8977,-78.2228,0,0,0,0,0,0,1,9,2021,3,7.0,2.0,0,1.0,1,0,,3.0,0,0.0,0,0,0,0,0,0,0,1,0,1,0,0,0,0,0,0,0
26161,2021099547,1619.0,1617.0,67,67301,39.9824,-75.1533,0,0,0,0,0,0,2,10,2021,3,15.0,1.0,0,1.0,3,0,,3.0,0,0.0,0,0,0,0,0,0,0,0,0,0,0,0,0,0,0,0,0
26162,2021099549,1357.0,1355.0,23,23412,39.9421,-75.2686,0,0,0,0,0,1,4,10,2021,3,13.0,1.0,0,1.0,3,1,,3.0,2,3.0,1,0,1,0,0,0,0,0,0,0,0,1,0,0,0,0,0
26163,2021099845,656.0,654.0,9,9414,40.3761,-75.3086,0,0,1,0,0,0,5,10,2021,4,6.0,3.0,0,1.0,2,2,,3.0,3,3.0,1,0,0,0,1,0,0,0,0,0,0,0,0,0,0,1,0
26164,2021099880,921.0,912.0,2,2301,40.4697,-79.9211,0,0,0,0,0,0,4,10,2021,4,9.0,1.0,0,1.0,3,1,,3.0,3,3.0,1,0,1,0,0,0,0,0,0,0,0,0,0,0,0,0,0
26165,2021100001,915.0,915.0,25,25213,42.104,-80.1482,0,0,0,0,0,1,4,10,2021,3,9.0,1.0,0,1.0,3,1,,3.0,2,3.0,1,0,1,0,0,0,0,0,0,0,0,0,0,0,0,0,0
26166,2021100218,1225.0,1223.0,39,39103,40.6115,-75.5627,0,0,0,0,0,0,4,10,2021,4,12.0,1.0,0,1.0,1,1,,3.0,2,3.0,1,0,1,0,0,0,0,0,0,0,0,0,0,0,0,0,0
26167,2021100426,2209.0,2203.0,36,36301,40.0377,-76.2948,0,0,0,0,0,0,4,9,2021,7,22.0,3.0,0,1.0,3,1,,3.0,3,3.0,1,0,1,0,0,0,0,0,0,0,0,0,0,0,0,1,0
26168,2021100440,1708.0,1701.0,23,23108,39.9145,-75.3419,0,0,0,0,0,0,4,10,2021,5,17.0,1.0,7,1.0,3,0,,3.0,0,0.0,1,0,1,0,0,0,0,0,0,0,0,0,0,0,0,0,0
26169,2021100470,1656.0,1653.0,46,46101,40.1246,-75.108,0,0,0,0,0,0,4,10,2021,4,16.0,1.0,0,1.0,3,1,,3.0,3,3.0,0,0,1,0,0,0,0,0,0,0,0,0,0,0,0,0,1
26170,2021100571,1815.0,1810.0,67,67301,39.9729,-75.2191,0,0,0,0,0,1,1,10,2021,4,14.0,1.0,0,1.0,3,3,,3.0,0,0.0,0,0,0,0,0,0,0,0,0,0,0,0,0,0,0,0,0
26171,2021100633,2341.0,2338.0,36,36214,40.0637,-76.3498,0,0,0,0,0,0,4,10,2021,5,23.0,3.0,0,1.0,3,2,,3.0,3,3.0,1,0,1,0,0,0,0,0,0,0,0,0,0,0,0,0,0
26172,2021100844,1918.0,1913.0,17,17223,41.0313,-78.4039,0,1,0,0,0,1,4,10,2021,3,19.0,3.0,7,1.0,1,0,,3.0,9,9.0,1,0,1,0,0,0,0,0,0,0,0,0,0,1,0,0,0
26173,2021100864,1923.0,1923.0,48,48405,40.6294,-75.3459,0,0,0,0,0,1,4,10,2021,6,19.0,3.0,0,1.0,3,1,,3.0,0,0.0,0,0,1,0,0,0,0,0,0,0,0,0,0,0,0,0,0
26174,2021101093,135.0,132.0,67,67301,39.9478,-75.2254,0,0,0,0,0,0,4,10,2021,7,1.0,3.0,0,1.0,3,1,,3.0,0,0.0,0,0,1,0,0,0,0,0,0,0,0,0,0,0,0,0,0
26175,2021101367,1635.0,1627.0,22,22102,40.2659,-76.7678,0,0,0,0,0,1,4,10,2021,7,16.0,1.0,0,1.0,3,1,,4.0,3,3.0,0,0,1,0,0,0,0,0,0,0,0,0,0,0,0,0,0
26176,2021101463,1425.0,1425.0,67,67301,39.9651,-75.2055,0,0,0,0,0,0,4,10,2021,7,14.0,1.0,0,1.0,3,1,,3.0,2,3.0,0,0,1,0,0,0,0,0,0,0,0,0,0,0,0,0,0
26177,2021101536,2048.0,2012.0,3,3401,40.5883,-79.5656,0,0,0,0,0,0,1,10,2021,5,19.0,4.0,0,8.0,2,0,,7.0,0,0.0,0,0,0,0,0,0,0,0,0,0,0,0,0,0,0,0,0
26178,2021101682,1000.0,957.0,46,46104,40.0031,-75.2954,0,0,0,0,0,0,4,10,2021,1,20.0,3.0,0,99.0,3,1,,99.0,0,0.0,1,0,1,0,0,0,0,0,0,0,0,0,1,0,0,0,0
26179,2021102095,2009.0,2007.0,2,2301,40.4445,-79.9454,0,0,0,0,0,0,0,10,2021,2,20.0,3.0,0,9.0,3,0,,3.0,0,0.0,0,0,0,0,0,0,0,0,0,0,0,0,0,0,0,0,0
26180,2021102206,1547.0,1543.0,66,66418,40.0534,-76.7225,0,0,1,0,0,0,4,10,2021,3,15.0,1.0,0,1.0,3,2,,3.0,2,3.0,0,0,1,0,1,0,0,0,0,0,0,0,0,0,0,0,0
26181,2021102219,1200.0,1157.0,38,38301,40.3388,-76.4225,0,0,0,0,1,0,4,10,2021,7,11.0,1.0,0,1.0,2,1,,4.0,3,3.0,0,0,1,0,0,0,0,0,0,0,0,0,0,0,0,0,0
26182,2021102252,945.0,945.0,67,67301,40.0014,-75.1241,0,0,0,0,0,0,2,4,2021,6,14.0,1.0,0,99.0,3,0,,99.0,0,0.0,0,0,0,0,0,0,0,0,0,0,0,0,0,0,0,0,0
26183,2021102419,1751.0,1751.0,36,36301,40.0321,-76.3007,0,0,0,0,0,0,4,10,2021,4,17.0,1.0,0,1.0,3,1,,3.0,0,0.0,0,0,1,0,0,0,0,0,0,0,0,0,0,0,0,0,0
26184,2021102663,2215.0,2211.0,36,36301,40.0651,-76.3261,0,0,0,0,1,0,6,10,2021,5,22.0,2.0,0,1.0,3,0,,3.0,0,0.0,0,0,0,0,0,0,0,0,0,0,0,0,0,0,0,0,0
26185,2021102742,1306.0,1252.0,46,46109,40.1516,-75.1344,0,0,0,0,0,0,4,10,2021,1,12.0,1.0,0,1.0,3,2,,3.0,2,3.0,0,0,1,0,0,0,0,0,0,0,0,0,0,0,0,0,0
26186,2021102764,745.0,738.0,35,35302,41.3959,-75.6711,0,1,0,0,0,1,4,10,2021,4,7.0,1.0,0,1.0,3,1,,4.0,2,3.0,0,0,1,0,0,0,0,0,0,0,0,0,0,0,0,0,0
26187,2021102836,1307.0,1150.0,45,45202,40.9291,-75.4191,0,0,0,0,0,0,4,9,2021,5,11.0,1.0,0,1.0,1,2,,3.0,3,3.0,0,0,1,0,0,0,0,0,0,0,0,0,0,0,0,1,0
26188,2021103144,2048.0,2045.0,51,51211,41.3399,-74.7674,0,0,0,0,0,1,4,10,2021,4,20.0,3.0,7,1.0,1,0,,3.0,0,0.0,0,0,1,0,0,0,0,0,0,0,0,0,0,0,0,1,0
26189,2021103286,1746.0,1739.0,67,67301,39.9905,-75.1645,0,0,0,0,0,0,4,10,2021,3,17.0,1.0,0,1.0,3,1,,3.0,0,0.0,0,0,1,0,0,0,0,0,0,0,0,0,0,0,0,0,0
26190,2021103570,1831.0,1829.0,23,23110,39.8329,-75.4394,0,0,0,0,0,0,1,10,2021,5,18.0,3.0,0,1.0,3,2,,3.0,3,3.0,0,0,0,0,0,0,0,0,0,0,0,0,0,0,0,0,0
26191,2021103694,734.0,734.0,23,23103,39.9839,-75.3164,0,0,0,0,0,0,4,10,2021,4,7.0,1.0,7,9.0,3,2,,3.0,2,3.0,0,0,1,0,0,0,0,0,0,0,0,0,0,0,0,0,0
26192,2021103807,1447.0,1442.0,66,66202,40.0033,-76.8526,0,0,0,0,0,0,4,10,2021,6,14.0,1.0,0,9.0,1,2,,7.0,3,3.0,0,0,1,0,0,0,0,0,0,0,0,0,0,0,0,0,0
26193,2021103841,704.0,700.0,36,36101,40.072,-76.334,0,0,0,0,0,1,4,10,2021,3,6.0,3.0,7,9.0,3,0,,7.0,0,0.0,0,0,1,0,0,0,0,0,0,0,0,0,0,0,0,0,0