,CRN,ARRIVAL_TM,DISPATCH_TM,COUNTY,MUNICIPALITY,DEC_LAT,DEC_LONG,BICYCLE_DEATH_COUNT,BICYCLE_SUSP_SERIOUS_INJ_COUNT,BUS_COUNT,HEAVY_TRUCK_COUNT,SMALL_TRUCK_COUNT,SUV_COUNT,COLLISION_TYPE,CRASH_MONTH,CRASH_YEAR,DAY_OF_WEEK,HOUR_OF_DAY,ILLUMINATION,LOCATION_TYPE,ROAD_CONDITION,URBAN_RURAL,INTERSECT_TYPE,WEATHER1,WEATHER2,TCD_TYPE,TCD_FUNC_CD,AGGRESSIVE_DRIVING,ALCOHOL_RELATED,ANGLE_CRASH,CELL_PHONE,COMM_VEHICLE,DISTRACTED,DRINKING_DRIVER,DRUGGED_DRIVER,FATIGUE_ASLEEP,IMPAIRED_DRIVER,NHTSA_AGG_DRIVING,RUNNING_RED_LT,RUNNING_STOP_SIGN,SPEEDING_RELATED,TAILGATING,MATURE_DRIVER,YOUNG_DRIVER
26194,2021103845,750.0,747.0,36,36409,40.1534,-76.3162,0,0,0,0,0,1,4,10,2021,2,7.0,1.0,0,1.0,3,1,,3.0,2,3.0,0,0,1,0,0,0,0,0,0,0,0,0,0,0,0,0,0
26195,2021104029,2236.0,2226.0,14,14206,40.8055,-77.8878,0,1,0,0,0,0,1,10,2021,1,22.0,2.0,0,9.0,1,0,,7.0,0,0.0,0,0,0,0,0,0,0,0,0,0,0,0,0,0,0,0,1
26196,2021104143,2038.0,2038.0,67,67301,40.013,-75.1194,0,0,0,0,0,0,1,8,2021,4,20.0,3.0,0,1.0,3,1,,3.0,2,3.0,0,0,0,0,0,0,0,0,0,0,0,0,0,0,0,0,0
26197,2021104450,938.0,936.0,21,21402,40.2121,-77.1994,0,1,0,0,0,0,4,10,2021,7,9.0,1.0,0,9.0,2,2,,7.0,0,0.0,0,0,1,0,0,0,0,0,0,0,0,0,0,0,0,0,0
26198,2021104573,1655.0,1655.0,23,23411,39.8925,-75.2893,0,1,0,0,0,0,4,10,2021,7,16.0,1.0,0,1.0,3,1,,3.0,3,3.0,0,0,1,0,0,0,0,0,0,0,0,0,0,0,0,0,0
26199,2021104574,1338.0,1338.0,2,2304,40.3359,-79.835,0,0,0,0,0,0,2,10,2021,1,13.0,1.0,0,1.0,3,2,,3.0,0,0.0,0,0,0,0,0,0,0,0,0,0,0,0,0,0,0,0,0
26200,2021104678,1717.0,1716.0,67,67301,39.9112,-75.1771,0,0,0,0,0,0,4,10,2021,7,17.0,1.0,0,1.0,3,2,,3.0,0,0.0,0,0,1,0,0,0,0,0,0,0,0,0,0,0,0,1,0
26201,2021104865,142.0,139.0,9,9101,40.1171,-74.8465,1,0,0,0,0,0,4,11,2021,2,1.0,3.0,2,1.0,3,6,,3.0,0,0.0,1,0,1,0,0,0,0,0,0,0,0,0,0,0,0,0,0
26202,2021105025,1133.0,1130.0,39,39301,40.6182,-75.4612,0,1,0,0,0,0,4,10,2021,1,11.0,1.0,0,1.0,3,1,,7.0,2,3.0,0,0,1,0,0,0,0,0,0,0,0,0,0,0,0,1,0
26203,2021105325,1530.0,1528.0,61,61301,41.8479,-79.1382,0,0,0,0,0,0,4,10,2021,3,15.0,1.0,0,1.0,2,1,,3.0,2,3.0,0,0,1,0,0,0,0,0,0,0,0,0,0,0,0,0,0
26204,2021105698,1220.0,1220.0,4,4301,40.765,-80.3191,0,0,0,0,0,1,5,11,2021,3,12.0,1.0,0,1.0,3,1,,3.0,3,3.0,0,0,0,0,0,1,0,0,0,0,0,0,0,0,0,0,0
26205,2021105939,2041.0,2015.0,6,6224,40.5074,-75.7874,0,0,0,0,0,0,5,9,2021,3,18.0,4.0,0,1.0,1,0,,3.0,0,0.0,0,0,0,0,0,0,0,0,1,0,0,0,0,0,0,0,0
26206,2021106816,1319.0,1319.0,38,38301,40.3348,-76.4257,0,0,0,0,0,1,4,10,2021,3,13.0,1.0,0,9.0,2,1,,7.0,3,3.0,0,0,1,0,0,0,0,0,0,0,0,0,0,0,0,0,0
26207,2021106848,957.0,954.0,14,14410,40.792,-77.863,0,0,0,0,0,0,4,11,2021,6,9.0,1.0,0,1.0,3,1,,3.0,0,0.0,1,0,1,0,0,0,0,0,0,0,0,0,0,0,0,0,0
26208,2021106993,1149.0,1147.0,67,67301,39.9273,-75.1825,0,0,0,0,0,0,4,10,2021,1,11.0,1.0,0,9.0,3,1,,7.0,3,3.0,0,0,1,0,0,0,0,0,0,0,0,0,0,0,0,1,0
26209,2021107424,1951.0,1951.0,67,67301,39.9606,-75.188,0,0,0,0,0,1,4,11,2021,7,19.0,3.0,0,1.0,3,2,,3.0,3,3.0,0,0,1,0,0,0,0,0,0,0,0,0,0,0,0,0,0
26210,2021107775,620.0,613.0,67,67301,40.0556,-75.0898,0,0,0,0,0,0,4,11,2021,5,14.0,1.0,7,99.0,3,0,,99.0,0,0.0,1,0,1,0,0,0,0,0,0,0,0,0,0,0,0,0,0
26211,2021107988,1656.0,1654.0,9,9216,40.2245,-74.962,0,0,0,0,0,0,4,10,2021,5,16.0,1.0,0,1.0,3,1,,3.0,0,0.0,0,0,1,0,0,0,0,0,0,0,0,0,0,0,0,0,0
26212,2021108004,1936.0,1932.0,67,67301,39.9538,-75.1666,0,0,0,0,0,0,4,11,2021,1,19.0,3.0,0,1.0,3,1,,3.0,2,3.0,0,0,1,0,0,0,0,0,0,0,0,0,0,0,0,0,0
26213,2021108106,1908.0,1908.0,59,59205,40.9945,-76.9223,1,0,0,0,0,0,1,10,2021,6,19.0,2.0,0,1.0,1,0,,3.0,0,0.0,0,0,0,0,0,1,0,0,0,0,0,0,0,0,0,0,0
26214,2021108332,1621.0,1619.0,36,36301,40.0435,-76.298,0,0,0,0,0,0,4,11,2021,2,16.0,1.0,0,1.0,3,2,,3.0,2,3.0,0,0,1,0,0,0,0,0,0,0,0,0,0,0,0,0,0
26215,2021108769,2159.0,2156.0,9,9226,40.1965,-75.1139,0,0,0,0,0,0,2,11,2021,2,21.0,2.0,0,1.0,3,0,,3.0,0,0.0,0,0,0,0,0,1,0,0,0,0,0,0,0,0,0,0,1
26216,2021108793,1805.0,1802.0,25,25302,42.1323,-80.0707,0,0,0,0,0,0,4,11,2021,3,18.0,3.0,0,1.0,3,1,,3.0,3,3.0,0,0,1,0,0,0,0,0,0,0,0,0,0,0,0,0,0
26217,2021108877,1445.0,1441.0,21,21402,40.2008,-77.1808,0,0,0,1,0,0,4,11,2021,6,14.0,1.0,0,1.0,2,1,,3.0,2,3.0,0,0,1,0,1,0,0,0,0,0,0,0,0,0,0,1,0
26218,2021109082,812.0,811.0,39,39301,40.6065,-75.4851,0,0,0,0,0,0,8,11,2021,3,8.0,1.0,0,1.0,3,0,,3.0,0,0.0,0,0,0,0,0,0,0,0,0,0,0,0,0,0,0,0,0
26219,2021109142,520.0,505.0,28,28213,40.0269,-77.5591,0,0,0,1,0,0,4,10,2021,5,5.0,2.0,0,1.0,1,0,,3.0,0,0.0,1,0,1,0,1,0,0,0,0,0,0,0,0,0,0,1,0
26220,2021109664,1625.0,1602.0,67,67301,39.9977,-75.1325,0,0,0,0,0,0,5,11,2021,5,15.0,1.0,0,1.0,3,0,,3.0,0,0.0,1,0,0,0,0,0,0,0,0,0,0,0,0,0,0,0,0
26221,2021109666,1818.0,1818.0,14,14410,40.7775,-77.8547,0,0,0,0,1,0,4,11,2021,5,8.0,1.0,7,1.0,3,0,,3.0,0,0.0,0,0,1,0,0,0,0,0,0,0,0,0,0,0,0,0,0
26222,2021109904,1839.0,1839.0,67,67301,40.0643,-75.1535,0,0,0,0,0,0,4,10,2021,5,18.0,1.0,0,1.0,3,5,,3.0,2,3.0,1,0,1,0,0,0,0,0,0,0,0,0,0,0,0,0,0
26223,2021109982,2008.0,1948.0,57,57220,41.985,-75.8071,1,0,0,0,0,1,1,10,2021,2,19.0,2.0,0,1.0,1,0,,4.0,0,0.0,1,0,0,0,0,1,0,1,0,1,0,0,0,1,0,0,0
26224,2021110117,823.0,821.0,6,6214,40.3114,-75.8676,1,0,0,0,0,0,4,9,2021,6,8.0,1.0,7,1.0,3,0,,3.0,3,3.0,1,0,1,0,0,0,0,0,0,0,0,0,0,0,0,0,0
26225,2021110119,1539.0,1537.0,22,22202,40.2778,-76.6636,0,0,0,0,0,1,4,10,2021,4,15.0,1.0,7,1.0,3,0,,3.0,3,3.0,1,0,1,0,0,0,0,0,0,0,1,0,0,0,0,1,0
26226,2021110215,1235.0,1235.0,14,14410,40.7941,-77.8659,0,0,0,0,0,0,4,11,2021,7,12.0,1.0,0,1.0,3,0,,3.0,0,0.0,0,0,1,0,0,0,0,0,0,0,0,0,0,0,0,0,0
26227,2021110217,1210.0,1200.0,67,67301,39.9904,-75.1246,0,0,0,0,0,0,4,9,2021,5,10.0,1.0,0,99.0,3,2,,99.0,3,3.0,0,0,1,0,0,0,0,0,0,0,0,0,0,0,0,0,0
26228,2021110263,1514.0,1510.0,39,39103,40.6042,-75.5299,0,0,0,0,0,1,4,11,2021,6,15.0,1.0,0,1.0,1,1,,3.0,3,3.0,1,0,1,0,0,0,0,0,0,0,0,0,0,0,0,0,1
26229,2021110386,845.0,843.0,67,67301,39.9526,-75.2095,0,0,0,0,0,1,5,11,2021,4,8.0,1.0,0,1.0,3,0,,3.0,0,0.0,1,0,0,0,0,0,0,0,0,0,0,0,0,0,0,0,0
26230,2021110866,1734.0,1732.0,23,23106,40.0364,-75.3522,0,0,0,0,0,0,8,11,2021,5,17.0,3.0,7,1.0,3,0,,3.0,3,3.0,0,0,0,0,0,0,0,0,0,0,0,0,0,0,0,0,0
26231,2021111361,1929.0,1928.0,67,67301,39.9353,-75.1538,0,1,0,1,0,0,5,10,2021,2,13.0,1.0,0,1.0,3,0,,3.0,0,0.0,0,0,0,0,1,0,0,0,0,0,0,0,0,0,0,1,0
26232,2021111526,1550.0,1542.0,22,22208,40.3329,-76.8447,0,1,0,0,0,1,4,11,2021,6,15.0,1.0,0,1.0,3,2,,3.0,0,0.0,1,0,1,0,0,0,0,0,0,0,0,0,0,0,0,0,0
26233,2021111856,959.0,955.0,23,23108,39.938,-75.352,0,0,0,0,0,0,4,11,2021,4,9.0,1.0,2,1.0,3,2,,3.0,0,0.0,1,0,1,0,0,1,0,0,0,0,0,0,0,0,0,0,0
26234,2021112206,1807.0,1804.0,22,22414,40.2221,-76.8243,0,1,0,0,0,1,1,11,2021,4,18.0,2.0,0,1.0,3,0,,3.0,0,0.0,0,0,0,0,0,0,0,0,0,0,0,0,0,0,0,0,0
26235,2021112286,737.0,737.0,35,35407,41.4216,-75.6367,0,0,0,0,0,1,4,11,2021,5,7.0,1.0,0,1.0,3,1,,3.0,0,0.0,1,0,1,0,0,0,0,0,0,0,0,0,0,0,0,0,0
26236,2021112503,2250.0,2244.0,64,64216,40.2051,-79.7535,0,1,0,0,0,0,4,10,2021,3,22.0,2.0,0,1.0,1,2,,3.0,0,0.0,1,0,1,0,0,0,0,1,1,1,0,0,0,0,0,0,0
26237,2021112555,1441.0,1439.0,67,67301,39.9618,-75.1564,0,0,0,0,0,0,4,11,2021,5,14.0,1.0,7,1.0,3,0,,3.0,0,0.0,0,0,1,0,0,0,0,0,0,0,0,0,0,0,0,0,0
26238,2021112633,1115.0,1115.0,36,36227,40.1699,-76.387,0,0,0,0,0,0,4,11,2021,3,11.0,1.0,7,1.0,1,0,,3.0,0,0.0,0,0,1,0,0,0,0,0,0,0,0,0,0,0,0,0,0
26239,2021112825,1858.0,1843.0,36,36221,40.035,-76.0687,0,0,0,0,0,0,1,10,2021,1,18.0,2.0,0,1.0,1,0,,3.0,0,0.0,0,0,0,0,0,0,0,0,0,0,0,0,0,0,0,0,0
26240,2021113024,1921.0,1921.0,48,48301,40.6102,-75.3846,0,1,0,0,0,1,4,11,2021,1,19.0,6.0,0,9.0,3,1,,7.0,2,3.0,0,0,1,0,0,0,0,0,0,0,0,0,0,0,0,0,0
26241,2021113254,1710.0,1700.0,67,67301,39.9232,-75.1871,0,0,0,0,0,1,4,11,2021,2,18.0,3.0,0,1.0,3,1,,3.0,3,3.0,0,0,1,0,0,0,0,0,0,0,0,0,0,0,0,0,0
26242,2021113583,1808.0,1806.0,14,14216,40.8103,-77.9151,0,1,0,0,0,0,1,11,2021,7,18.0,2.0,0,1.0,1,0,,3.0,0,0.0,1,0,0,0,0,1,0,0,0,0,1,0,0,0,0,1,0
26243,2021113632,130.0,105.0,2,2301,40.4707,-79.924,1,0,0,0,0,2,4,11,2021,7,0.0,3.0,0,1.0,3,1,,3.0,3,3.0,0,1,1,0,0,0,0,0,0,0,0,0,0,0,0,0,1
26244,2021113795,1705.0,1700.0,46,46103,40.2726,-75.3097,0,0,0,0,0,0,1,11,2021,2,16.0,3.0,0,1.0,3,1,,3.0,2,3.0,0,0,0,0,0,0,0,0,0,0,0,0,0,0,0,0,0
26245,2021113828,1742.0,1741.0,35,35406,41.4594,-75.6241,0,0,0,0,0,1,4,11,2021,5,17.0,3.0,0,1.0,3,2,,3.0,0,0.0,0,0,1,0,0,0,0,0,0,0,0,0,0,0,0,1,0
26246,2021114057,2125.0,2124.0,4,4423,40.7352,-80.3144,0,1,0,1,0,0,4,11,2021,4,21.0,3.0,0,1.0,3,1,,3.0,2,3.0,0,1,1,0,1,0,0,0,0,0,0,0,0,0,0,0,0
26247,2021114711,2001.0,2000.0,67,67301,39.9709,-75.2149,1,0,0,0,0,1,1,11,2021,2,20.0,3.0,0,1.0,3,0,,3.0,0,0.0,1,0,0,0,0,0,0,0,0,0,0,0,0,1,0,0,0
26248,2021114826,1734.0,1728.0,9,9207,40.3929,-75.2768,0,0,0,0,0,0,5,11,2021,3,17.0,2.0,0,1.0,1,0,,3.0,0,0.0,0,0,0,0,0,0,0,0,0,0,0,0,0,0,0,1,0
26249,2021115558,1250.0,1237.0,67,67301,39.9989,-75.1685,0,0,0,0,0,0,4,11,2021,7,0.0,6.0,0,99.0,3,1,,99.0,2,3.0,0,0,1,0,0,0,0,0,0,0,0,0,0,0,0,0,0
26250,2021115637,650.0,649.0,66,66227,39.979,-76.6795,0,1,0,0,0,0,5,11,2021,2,6.0,5.0,0,1.0,3,0,,4.0,0,0.0,0,0,0,0,0,0,0,0,0,0,0,0,0,0,0,0,0
26251,2021115686,1814.0,1814.0,2,2490,40.3713,-80.225,0,0,0,0,0,1,6,11,2021,5,17.0,3.0,0,1.0,3,1,,3.0,0,0.0,0,0,0,0,0,0,0,0,0,0,0,0,0,0,0,0,0
26252,2021116337,1243.0,1239.0,36,36240,39.9861,-76.2808,0,0,0,0,0,1,4,11,2021,7,12.0,1.0,0,1.0,1,0,,3.0,2,3.0,0,0,1,0,0,0,0,0,0,0,0,0,0,0,0,0,0
26253,2021116342,1050.0,1045.0,38,38301,40.3398,-76.4187,0,0,0,0,0,1,4,11,2021,3,10.0,1.0,0,1.0,2,2,,3.0,0,0.0,1,0,1,0,0,0,0,0,0,0,0,0,0,0,0,0,0
26254,2021116429,1459.0,1458.0,46,46402,40.1035,-75.338,0,1,0,0,1,0,4,11,2021,6,14.0,1.0,0,1.0,3,1,,3.0,3,3.0,1,1,1,0,0,0,0,0,0,0,0,0,0,0,0,0,0
26255,2021116731,914.0,908.0,64,64103,40.1392,-79.8424,0,0,0,1,0,0,6,11,2021,2,9.0,1.0,0,1.0,1,1,,3.0,2,3.0,0,0,0,0,1,0,0,0,0,0,0,0,0,0,0,0,0
26256,2021116811,649.0,644.0,46,46416,,,0,0,0,0,0,0,1,12,2021,4,6.0,5.0,0,1.0,2,2,,3.0,0,0.0,0,0,0,0,0,1,0,0,0,0,0,0,0,0,0,0,0
26257,2021117388,740.0,738.0,66,66301,39.9641,-76.7441,0,0,0,0,0,0,4,12,2021,5,7.0,1.0,0,9.0,3,1,,4.0,3,3.0,1,0,1,0,0,1,0,0,0,0,0,0,0,0,0,0,0
26258,2021117571,1252.0,1250.0,46,46104,40.0133,-75.3018,0,0,0,0,0,0,5,11,2021,4,12.0,1.0,0,1.0,3,0,,3.0,0,0.0,1,0,0,0,0,0,0,0,0,0,0,0,0,0,0,1,0
26259,2021118667,1601.0,1556.0,14,14410,40.789,-77.8662,0,1,0,0,0,0,4,12,2021,1,15.0,1.0,0,1.0,3,1,,3.0,3,3.0,0,0,1,0,0,0,0,0,0,0,0,0,0,0,0,0,1
26260,2021118771,226.0,223.0,67,67301,39.9441,-75.1535,0,0,0,0,0,0,4,12,2021,1,1.0,3.0,0,1.0,3,1,,3.0,2,3.0,0,0,1,0,0,0,0,0,0,0,0,0,0,0,0,0,0
26261,2021118887,1900.0,1900.0,67,67301,39.9426,-75.149,0,0,0,0,0,1,4,12,2021,6,16.0,3.0,0,99.0,3,1,,99.0,2,3.0,0,0,1,1,0,1,0,0,0,0,0,0,0,0,0,0,0
26262,2021119203,2321.0,2318.0,32,32408,40.6231,-79.162,0,0,0,0,0,0,4,12,2021,2,23.0,3.0,0,1.0,2,1,,3.0,8,3.0,0,0,1,0,0,0,0,0,0,0,0,0,0,0,0,0,0
26263,2021119240,1229.0,1212.0,36,36223,40.038,-76.3448,0,0,0,0,0,0,4,12,2021,5,12.0,1.0,7,1.0,1,0,,3.0,0,0.0,0,0,1,0,0,0,0,0,0,0,0,0,0,0,0,1,0
26264,2021119421,2004.0,2000.0,67,67301,39.9503,-75.1994,0,0,0,0,0,0,4,12,2021,1,9.0,1.0,0,1.0,3,0,,3.0,2,3.0,0,0,1,0,0,0,0,0,0,0,0,0,0,0,0,0,0
26265,2021119621,2023.0,2020.0,41,41219,41.2522,-76.9716,0,0,0,0,0,1,4,12,2021,6,20.0,3.0,0,1.0,1,2,,3.0,3,3.0,0,0,1,0,0,0,0,0,0,0,0,0,0,0,0,0,0
26266,2021119737,1600.0,1600.0,39,39102,40.6386,-75.4664,0,1,0,0,0,0,1,10,2021,3,16.0,1.0,0,9.0,3,0,,7.0,0,0.0,0,0,0,0,0,0,0,0,0,0,0,0,0,0,0,0,0
26267,2021120356,1807.0,1805.0,40,40101,41.2239,-75.9189,0,0,0,0,0,0,4,12,2021,2,18.0,3.0,0,9.0,3,2,,7.0,3,3.0,1,0,1,0,0,0,0,0,0,0,0,0,0,0,0,0,0
26268,2021120860,1940.0,1936.0,2,2102,40.3765,-80.0991,0,0,0,0,0,1,4,12,2021,5,19.0,3.0,7,1.0,3,0,,3.0,0,0.0,0,0,1,0,0,0,0,0,0,0,0,0,0,0,0,0,0
26269,2021120885,1436.0,1406.0,36,36229,39.9112,-76.1867,0,0,0,0,0,0,4,11,2021,5,14.0,1.0,7,1.0,1,0,,3.0,0,0.0,1,0,1,0,0,0,0,0,0,0,1,0,0,0,0,0,0
26270,2021121142,652.0,650.0,46,46101,40.1347,-75.115,0,0,0,0,0,1,2,10,2021,3,6.0,3.0,0,1.0,3,1,,3.0,2,3.0,0,0,0,0,0,0,0,0,0,0,0,0,0,0,0,0,0
26271,2021121280,1440.0,1437.0,36,36402,40.1591,-76.2118,0,0,0,0,0,0,4,12,2021,7,14.0,1.0,7,1.0,2,0,,3.0,0,0.0,1,0,1,0,0,0,0,0,0,0,0,0,0,0,0,0,0
26272,2021122604,1453.0,1444.0,2,2216,,,0,0,0,0,0,0,1,12,2021,2,14.0,1.0,0,1.0,3,0,,3.0,0,0.0,0,0,0,0,0,0,0,0,0,0,0,0,0,0,0,1,0
26273,2021122659,1320.0,1318.0,46,46104,40.0375,-75.3294,0,0,0,0,0,0,4,12,2021,1,13.0,1.0,0,1.0,3,2,,3.0,0,0.0,0,0,1,0,0,0,0,0,0,0,0,0,0,0,0,0,0
26274,2021122662,2000.0,1956.0,46,46104,40.0054,-75.2997,0,0,0,0,0,1,4,12,2021,5,19.0,4.0,0,1.0,3,1,,3.0,2,3.0,0,0,1,0,0,0,0,0,0,0,0,0,0,0,0,0,0
26275,2021122663,1642.0,1638.0,46,46104,40.0176,-75.3031,0,0,0,0,0,0,4,11,2021,3,16.0,1.0,0,1.0,3,1,,3.0,3,3.0,1,0,1,0,0,0,0,0,0,0,0,0,0,0,0,0,0
26276,2021122773,1919.0,1903.0,36,36301,40.0425,-76.3093,0,0,0,0,0,0,4,12,2021,2,19.0,3.0,0,1.0,3,1,,3.0,0,0.0,0,0,1,0,0,0,0,0,0,0,0,0,0,0,0,0,0
26277,2021123063,1418.0,1413.0,9,9216,40.2363,-74.9418,0,0,0,0,0,1,5,11,2021,1,14.0,1.0,0,1.0,3,1,,3.0,2,3.0,0,0,0,0,0,0,0,0,0,0,0,0,0,0,0,1,0
26278,2021123298,2144.0,2139.0,67,67301,39.9734,-75.1504,0,0,0,0,0,0,4,12,2021,4,21.0,3.0,1,1.0,3,1,,3.0,3,3.0,0,0,1,0,0,0,0,0,0,0,0,0,0,0,0,0,0
26279,2021123299,1714.0,1714.0,67,67301,40.004,-75.1717,0,0,0,0,0,0,4,12,2021,4,17.0,4.0,0,1.0,3,1,,3.0,3,3.0,0,1,1,0,0,0,0,0,0,0,0,0,0,0,0,0,0
26280,2021123661,608.0,605.0,48,48101,40.6777,-75.372,0,0,0,0,1,0,4,12,2021,2,6.0,3.0,0,1.0,3,1,,3.0,3,3.0,1,0,1,0,0,0,0,0,0,0,1,0,0,0,0,0,0
26281,2021123997,2044.0,2043.0,2,2433,40.326,-79.8914,0,0,0,0,0,0,4,12,2021,6,20.0,3.0,0,9.0,3,1,,7.0,3,3.0,0,0,1,0,0,0,0,0,0,0,0,0,0,0,0,0,0
26282,2021124175,900.0,855.0,38,38211,40.3191,-76.4946,0,0,0,0,0,0,2,12,2021,1,8.0,1.0,0,1.0,1,2,,3.0,3,3.0,1,0,0,0,0,0,0,0,0,0,0,0,0,0,0,0,1
26283,2021124753,1656.0,1649.0,38,38212,40.3135,-76.3917,0,0,0,0,0,0,4,12,2021,2,16.0,4.0,0,1.0,1,2,,3.0,0,0.0,1,0,1,0,0,0,0,0,0,0,0,0,0,0,0,0,1
26284,2021124993,1440.0,1423.0,67,67301,39.9494,-75.1708,0,1,0,1,0,0,5,12,2021,1,14.0,1.0,0,1.0,3,0,,3.0,0,0.0,0,0,0,0,1,0,0,0,0,0,0,0,0,0,0,0,0
26285,2021125516,942.0,940.0,22,22301,40.2629,-76.8627,0,0,0,0,1,0,4,12,2021,7,9.0,1.0,0,9.0,3,2,,4.0,0,0.0,0,0,1,0,0,0,0,0,0,0,0,0,0,0,0,0,0
26286,2021125652,1614.0,1612.0,46,46107,40.1148,-75.2855,0,0,0,0,0,0,4,12,2021,4,16.0,1.0,0,1.0,3,1,,3.0,3,3.0,0,0,1,0,0,0,0,0,0,0,0,0,0,0,0,0,0
26287,2021125719,1357.0,1354.0,36,36234,40.0857,-76.2072,0,1,0,1,0,0,5,12,2021,3,13.0,1.0,0,1.0,1,2,,3.0,2,3.0,0,0,0,0,1,0,0,0,0,0,0,0,0,0,0,0,0
26288,2021125738,1006.0,1002.0,46,46411,40.2318,-75.2673,0,0,0,0,0,0,1,12,2021,6,10.0,1.0,0,1.0,3,0,,98.0,0,0.0,0,0,0,0,0,0,0,0,0,0,0,0,0,0,0,0,0
26289,2021125958,1739.0,1736.0,28,28401,39.9346,-77.6524,0,0,0,0,0,0,8,12,2021,4,17.0,3.0,0,1.0,1,1,,3.0,2,3.0,0,0,0,0,0,0,0,0,0,0,0,0,0,0,0,0,0
26290,2021127187,1131.0,1127.0,23,23107,39.8863,-75.3311,0,0,0,0,0,0,4,12,2021,6,11.0,1.0,0,1.0,3,1,,3.0,2,3.0,0,0,1,0,0,1,0,0,0,0,0,0,0,0,0,1,0
26291,2021127205,119.0,114.0,67,67301,39.9614,-75.1482,0,0,0,0,0,0,4,12,2021,7,0.0,3.0,0,1.0,3,1,,3.0,2,3.0,0,0,1,0,0,0,0,0,0,0,0,0,0,0,0,0,0
26292,2021127448,1824.0,1821.0,40,40304,41.2408,-75.8862,0,0,0,0,0,0,4,12,2021,3,18.0,3.0,0,9.0,3,1,,4.0,2,3.0,0,0,1,0,0,0,0,0,0,0,0,0,0,0,0,0,0
26293,2021127583,550.0,545.0,67,67301,40.0303,-75.2298,0,0,0,0,0,0,2,7,2021,4,5.0,3.0,0,1.0,3,0,,3.0,0,0.0,1,0,0,0,0,0,0,0,0,0,0,0,0,0,0,0,0
26294,2021127606,13.0,4.0,67,67301,40.0405,-75.0591,0,0,0,0,0,1,4,12,2021,1,21.0,3.0,0,1.0,3,1,,3.0,2,3.0,0,0,1,0,0,0,0,0,0,0,0,0,0,0,0,0,0
26295,2021128456,1810.0,1806.0,39,39302,40.6304,-75.4107,0,0,0,0,0,0,7,12,2021,5,18.0,3.0,0,1.0,3,0,,3.0,0,0.0,0,1,0,0,0,0,1,0,0,1,0,0,0,0,0,0,0
26296,2022000327,1052.0,1051.0,66,66217,40.0168,-76.7292,0,1,0,0,0,0,1,12,2021,5,21.0,2.0,0,99.0,3,0,,99.0,0,0.0,0,1,0,0,0,0,0,0,0,0,0,0,0,0,0,0,0
26297,2022001112,1730.0,1720.0,36,36220,40.0418,-76.2835,0,0,0,0,0,0,4,12,2021,5,17.0,3.0,0,9.0,3,1,,4.0,3,3.0,1,0,1,0,0,0,0,0,0,0,0,0,1,0,0,0,0
26298,2022001630,1516.0,1515.0,46,46211,40.2353,-75.2247,0,0,0,0,0,1,4,12,2021,1,15.0,1.0,0,1.0,1,1,,3.0,2,3.0,0,0,1,0,0,0,0,0,0,0,0,0,0,0,0,1,0
26299,2022005012,1758.0,1739.0,64,64204,40.3026,-79.3687,0,1,0,0,1,0,4,12,2021,6,17.0,2.0,6,1.0,1,0,,3.0,0,0.0,0,0,1,0,0,0,0,0,0,0,0,0,0,0,0,0,0
26300,2022005481,1124.0,1124.0,24,24207,41.556,-78.6839,0,0,0,0,0,1,1,12,2021,3,11.0,1.0,0,1.0,1,0,,3.0,0,0.0,0,0,0,0,0,1,0,0,0,0,0,0,0,0,0,0,0
26301,2022007065,1230.0,1207.0,2,2425,40.3966,-79.8413,0,0,0,0,0,0,4,8,2021,6,12.0,1.0,0,1.0,3,1,,3.0,3,3.0,1,0,1,0,0,0,0,0,0,0,0,0,1,0,0,0,0
26302,2022009338,1401.0,1401.0,41,41301,41.2446,-76.9933,0,0,0,0,0,1,4,10,2021,3,14.0,1.0,0,1.0,3,2,,3.0,0,0.0,1,0,1,0,0,0,0,0,0,0,0,0,0,0,0,0,0
26303,2022012932,1655.0,1651.0,2,2301,40.4471,-80.0511,0,1,0,0,0,0,1,11,2021,7,16.0,1.0,0,1.0,3,2,,3.0,3,3.0,0,0,0,0,0,0,0,0,0,0,0,0,0,0,0,0,0
26304,2022020423,2100.0,2058.0,44,44201,40.7226,-77.6024,0,1,0,0,0,0,4,10,2021,4,20.0,2.0,0,1.0,1,0,,3.0,0,0.0,0,1,1,0,0,0,0,0,0,0,0,0,0,0,0,1,0
26305,2022025379,1243.0,1239.0,36,36412,40.0128,-76.3393,0,1,0,0,0,0,4,11,2021,2,12.0,1.0,7,1.0,3,0,,3.0,0,0.0,0,0,1,0,0,1,0,0,0,0,0,0,0,0,0,0,0
26306,2022025578,1905.0,1859.0,2,2301,40.4474,-79.9425,0,0,0,0,0,0,4,9,2021,1,18.0,1.0,0,1.0,3,1,,3.0,2,3.0,1,0,1,0,0,0,0,0,0,0,0,0,0,0,0,0,0
26307,2022041981,734.0,732.0,59,59403,40.9205,-77.0369,0,0,1,0,0,0,4,11,2021,6,7.0,1.0,0,9.0,1,1,,7.0,3,3.0,0,0,1,0,1,0,0,0,0,0,0,0,0,0,0,1,0